8888 통합 관제 대시보드: http://localhost:8888
[DISCORD BOT] Token not found in discord_bot_token.txt or env. Listener waiting for token.
[DISCORD 1MIN] 23:35:41 ok=True Group 1(5): status=204 | Group 2(3): status=204 collect=8.0s post=0.7s
[DISCORD 1MIN] 23:36:41 ok=True Group 1(5): status=204 | Group 2(3): status=204 collect=8.0s post=0.6s
[DISCORD 1MIN] 23:37:41 ok=True Group 1(5): status=204 | Group 2(3): status=204 collect=7.9s post=0.7s
[DISCORD 1MIN] 23:38:41 ok=True Group 1(5): status=204 | Group 2(3): status=204 collect=8.3s post=0.8s
[DISCORD 1MIN] 23:39:41 ok=True Group 1(5): status=204 | Group 2(3): status=204 collect=8.0s post=0.6s
[DISCORD 1MIN] 23:40:41 ok=True Group 1(5): status=204 | Group 2(3): status=204 collect=8.5s post=0.6s
[DISCORD 1MIN] 23:41:41 ok=True Group 1(5): status=204 | Group 2(3): status=204 collect=8.4s post=0.8s
[DISCORD 1MIN] 23:42:41 ok=True Group 1(5): status=204 | Group 2(3): status=204 collect=8.2s post=0.7s
[DISCORD 1MIN] 23:43:42 ok=True Group 1(5): status=204 | Group 2(3): status=204 collect=8.8s post=0.9s
[DISCORD 1MIN] 23:44:41 ok=True Group 1(5): status=204 | Group 2(3): status=204 collect=8.3s post=0.7s
[DISCORD 1MIN] 23:45:41 ok=True Group 1(5): status=204 | Group 2(3): status=204 collect=8.0s post=0.8s
[DISCORD 1MIN] 23:46:41 ok=True Group 1(5): status=204 | Group 2(3): status=204 collect=8.1s post=0.8s
[DISCORD 1MIN] 23:47:41 ok=True Group 1(5): status=204 | Group 2(3): status=204 collect=8.0s post=0.7s
[DISCORD 1MIN] 23:48:41 ok=True Group 1(5): status=204 | Group 2(3): status=204 collect=8.0s post=0.6s
[DISCORD 1MIN] 23:49:41 ok=True Group 1(5): status=204 | Group 2(3): status=204 collect=8.6s post=0.7s
[DISCORD 1MIN] 23:50:41 ok=True Group 1(5): status=204 | Group 2(3): status=204 collect=8.0s post=0.7s
[DISCORD 1MIN] 23:51:41 ok=True Group 1(5): status=204 | Group 2(3): status=204 collect=7.7s post=0.8s
[DISCORD 1MIN] 23:52:41 ok=True Group 1(5): status=204 | Group 2(3): status=204 collect=7.9s post=0.9s
[DISCORD 1MIN] 23:53:41 ok=True Group 1(5): status=204 | Group 2(3): status=204 collect=8.0s post=0.8s
[DISCORD 1MIN] 23:54:41 ok=True Group 1(5): status=204 | Group 2(3): status=204 collect=8.3s post=0.7s
[DISCORD 1MIN] 23:55:41 ok=True Group 1(5): status=204 | Group 2(3): status=204 collect=7.9s post=0.9s
[DISCORD 1MIN] 23:56:41 ok=True Group 1(5): status=204 | Group 2(3): status=204 collect=7.9s post=0.7s
[DISCORD 1MIN] 23:57:40 ok=True Group 1(5): status=204 | Group 2(3): status=204 collect=7.5s post=0.7s
[DISCORD 1MIN] 23:58:40 ok=True Group 1(5): status=204 | Group 2(3): status=204 collect=7.6s post=0.7s
[DISCORD 1MIN] 23:59:41 ok=True Group 1(5): status=204 | Group 2(3): status=204 collect=7.5s post=0.9s
[DISCORD 1MIN] 00:00:41 ok=True Group 1(5): status=204 | Group 2(3): status=204 collect=7.9s post=0.7s
[DISCORD 1MIN] 00:01:41 ok=True Group 1(5): status=204 | Group 2(3): status=204 collect=7.8s post=0.6s
[DISCORD 1MIN] 00:02:41 ok=True Group 1(5): status=204 | Group 2(3): status=204 collect=8.3s post=0.7s
[DISCORD 1MIN] 00:03:41 ok=True Group 1(5): status=204 | Group 2(3): status=204 collect=8.0s post=0.8s
[DISCORD 1MIN] 00:04:41 ok=True Group 1(5): status=204 | Group 2(3): status=204 collect=8.0s post=0.7s
[DISCORD 1MIN] 00:05:41 ok=True Group 1(5): status=204 | Group 2(3): status=204 collect=8.3s post=0.9s
[DISCORD 1MIN] 00:06:41 ok=True Group 1(5): status=204 | Group 2(3): status=204 collect=7.9s post=0.8s
[DISCORD 1MIN] 00:07:41 ok=True Group 1(5): status=204 | Group 2(3): status=204 collect=7.8s post=0.7s
[DISCORD 1MIN] 00:08:41 ok=True Group 1(5): status=204 | Group 2(3): status=204 collect=7.6s post=0.6s
[DISCORD 1MIN] 00:09:41 ok=True Group 1(5): status=204 | Group 2(3): status=204 collect=8.1s post=0.7s
[DISCORD 1MIN] 00:10:41 ok=True Group 1(5): status=204 | Group 2(3): status=204 collect=8.0s post=0.6s
[DISCORD 1MIN] 00:11:41 ok=True Group 1(5): status=204 | Group 2(3): status=204 collect=7.9s post=0.8s
[DISCORD 1MIN] 00:12:41 ok=True Group 1(5): status=204 | Group 2(3): status=204 collect=8.3s post=0.7s
[DISCORD 1MIN] 00:13:41 ok=True Group 1(5): status=204 | Group 2(3): status=204 collect=7.8s post=0.7s
[DISCORD 1MIN] 00:14:41 ok=True Group 1(5): status=204 | Group 2(3): status=204 collect=8.1s post=0.7s
[DISCORD 1MIN] 00:15:41 ok=True Group 1(5): status=204 | Group 2(3): status=204 collect=7.9s post=0.6s
[DISCORD 1MIN] 00:16:41 ok=True Group 1(5): status=204 | Group 2(3): status=204 collect=7.8s post=0.7s
[DISCORD 1MIN] 00:17:40 ok=True Group 1(5): status=204 | Group 2(3): status=204 collect=7.4s post=0.9s
[DISCORD 1MIN] 00:18:41 ok=True Group 1(5): status=204 | Group 2(3): status=204 collect=8.2s post=0.8s
[DISCORD 1MIN] 00:19:41 ok=True Group 1(5): status=204 | Group 2(3): status=204 collect=8.1s post=0.7s
[DISCORD 1MIN] 00:20:41 ok=True Group 1(5): status=204 | Group 2(3): status=204 collect=8.0s post=0.7s
[DISCORD 1MIN] 00:21:41 ok=True Group 1(5): status=204 | Group 2(3): status=204 collect=8.0s post=0.7s
[DISCORD 1MIN] 00:22:41 ok=True Group 1(5): status=204 | Group 2(3): status=204 collect=7.9s post=0.9s
[DISCORD 1MIN] 00:23:41 ok=True Group 1(5): status=204 | Group 2(3): status=204 collect=8.1s post=0.8s
[DISCORD 1MIN] 00:24:41 ok=True Group 1(5): status=204 | Group 2(3): status=204 collect=8.2s post=0.7s
[DISCORD 1MIN] 00:25:41 ok=True Group 1(5): status=204 | Group 2(3): status=204 collect=8.0s post=0.6s
[DISCORD 1MIN] 00:26:41 ok=True Group 1(5): status=204 | Group 2(3): status=204 collect=8.0s post=0.8s
[DISCORD 1MIN] 00:27:41 ok=True Group 1(5): status=204 | Group 2(3): status=204 collect=8.1s post=0.8s
[DISCORD 1MIN] 00:28:41 ok=True Group 1(5): status=204 | Group 2(3): status=204 collect=7.9s post=0.7s
[DISCORD 1MIN] 00:29:40 ok=True Group 1(5): status=204 | Group 2(3): status=204 collect=7.6s post=0.6s
[DISCORD 1MIN] 00:30:40 ok=True Group 1(5): status=204 | Group 2(3): status=204 collect=7.4s post=0.7s
[DISCORD 1MIN] 00:31:42 ok=True Group 1(5): status=204 | Group 2(3): status=204 collect=8.6s post=0.9s
[DISCORD 1MIN] 00:32:41 ok=True Group 1(5): status=204 | Group 2(3): status=204 collect=8.1s post=0.7s
[DISCORD 1MIN] 00:33:41 ok=True Group 1(5): status=204 | Group 2(3): status=204 collect=7.9s post=0.7s
[DISCORD 1MIN] 00:34:41 ok=True Group 1(5): status=204 | Group 2(3): status=204 collect=8.1s post=0.8s
[DISCORD 1MIN] 00:35:41 ok=True Group 1(5): status=204 | Group 2(3): status=204 collect=8.1s post=0.8s
[DISCORD 1MIN] 00:36:42 ok=True Group 1(5): status=204 | Group 2(3): status=204 collect=8.6s post=0.9s
[DISCORD 1MIN] 00:37:41 ok=True Group 1(5): status=204 | Group 2(3): status=204 collect=8.0s post=0.7s
[DISCORD 1MIN] 00:38:41 ok=True Group 1(5): status=204 | Group 2(3): status=204 collect=8.1s post=0.7s
[DISCORD 1MIN] 00:39:41 ok=True Group 1(5): status=204 | Group 2(3): status=204 collect=7.9s post=0.7s
[DISCORD 1MIN] 00:40:41 ok=True Group 1(5): status=204 | Group 2(3): status=204 collect=8.0s post=0.7s
[DISCORD 1MIN] 00:41:41 ok=True Group 1(5): status=204 | Group 2(3): status=204 collect=8.3s post=0.7s
[DISCORD 1MIN] 00:42:41 ok=True Group 1(5): status=204 | Group 2(3): status=204 collect=8.2s post=0.6s
[DISCORD 1MIN] 00:43:42 ok=True Group 1(5): status=204 | Group 2(3): status=204 collect=8.5s post=0.9s
[DISCORD 1MIN] 00:44:41 ok=True Group 1(5): status=204 | Group 2(3): status=204 collect=8.3s post=0.8s
[DISCORD 1MIN] 00:45:41 ok=True Group 1(5): status=204 | Group 2(3): status=204 collect=8.3s post=0.8s
[DISCORD 1MIN] 00:46:41 ok=True Group 1(5): status=204 | Group 2(3): status=204 collect=8.2s post=0.9s
[DISCORD 1MIN] 00:47:41 ok=True Group 1(5): status=204 | Group 2(3): status=204 collect=8.3s post=0.7s
[DISCORD 1MIN] 00:48:41 ok=True Group 1(5): status=204 | Group 2(3): status=204 collect=8.2s post=0.7s
[DISCORD 1MIN] 00:49:41 ok=True Group 1(5): status=204 | Group 2(3): status=204 collect=8.5s post=0.7s
[DISCORD 1MIN] 00:50:41 ok=True Group 1(5): status=204 | Group 2(3): status=204 collect=8.3s post=0.7s
[DISCORD 1MIN] 00:51:41 ok=True Group 1(5): status=204 | Group 2(3): status=204 collect=8.3s post=0.8s
[DISCORD 1MIN] 00:52:41 ok=True Group 1(5): status=204 | Group 2(3): status=204 collect=8.5s post=0.7s
[DISCORD 1MIN] 00:53:41 ok=True Group 1(5): status=204 | Group 2(3): status=204 collect=8.4s post=0.6s
[DISCORD 1MIN] 00:54:41 ok=True Group 1(5): status=204 | Group 2(3): status=204 collect=8.2s post=0.7s
[DISCORD 1MIN] 00:55:41 ok=True Group 1(5): status=204 | Group 2(3): status=204 collect=8.2s post=0.7s
[DISCORD 1MIN] 00:56:41 ok=True Group 1(5): status=204 | Group 2(3): status=204 collect=8.2s post=0.7s
[DISCORD 1MIN] 00:57:41 ok=True Group 1(5): status=204 | Group 2(3): status=204 collect=8.2s post=0.7s
[DISCORD 1MIN] 00:58:41 ok=True Group 1(5): status=204 | Group 2(3): status=204 collect=8.2s post=0.8s
[DISCORD 1MIN] 00:59:41 ok=True Group 1(5): status=204 | Group 2(3): status=204 collect=8.5s post=0.7s
[DISCORD 1MIN] 01:00:42 ok=True Group 1(5): status=204 | Group 2(3): status=204 collect=8.7s post=0.7s
[DISCORD 1MIN] 01:01:42 ok=True Group 1(5): status=204 | Group 2(3): status=204 collect=8.7s post=0.7s
[DISCORD 1MIN] 01:02:42 ok=True Group 1(5): status=204 | Group 2(3): status=204 collect=8.8s post=0.8s
[DISCORD 1MIN] 01:03:41 ok=True Group 1(5): status=204 | Group 2(3): status=204 collect=8.5s post=0.7s
[DISCORD 1MIN] 01:04:41 ok=True Group 1(5): status=204 | Group 2(3): status=204 collect=8.1s post=0.7s
[DISCORD 1MIN] 01:05:41 ok=True Group 1(5): status=204 | Group 2(3): status=204 collect=8.3s post=0.6s
[DISCORD 1MIN] 01:06:42 ok=True Group 1(5): status=204 | Group 2(3): status=204 collect=8.8s post=0.7s
[DISCORD 1MIN] 01:07:41 ok=True Group 1(5): status=204 | Group 2(3): status=204 collect=8.2s post=0.8s
[DISCORD 1MIN] 01:08:42 ok=True Group 1(5): status=204 | Group 2(3): status=204 collect=8.6s post=0.9s
[DISCORD 1MIN] 01:09:41 ok=True Group 1(5): status=204 | Group 2(3): status=204 collect=8.5s post=0.6s
[DISCORD 1MIN] 01:10:41 ok=True Group 1(5): status=204 | Group 2(3): status=204 collect=8.3s post=0.8s
[DISCORD 1MIN] 01:11:41 ok=True Group 1(5): status=204 | Group 2(3): status=204 collect=8.6s post=0.6s
[DISCORD 1MIN] 01:12:41 ok=True Group 1(5): status=204 | Group 2(3): status=204 collect=8.5s post=0.6s
[DISCORD 1MIN] 01:13:41 ok=True Group 1(5): status=204 | Group 2(3): status=204 collect=8.2s post=0.7s
[DISCORD 1MIN] 01:14:41 ok=True Group 1(5): status=204 | Group 2(3): status=204 collect=8.0s post=0.8s
[DISCORD 1MIN] 01:15:41 ok=True Group 1(5): status=204 | Group 2(3): status=204 collect=8.2s post=0.9s
[DISCORD 1MIN] 01:16:41 ok=True Group 1(5): status=204 | Group 2(3): status=204 collect=7.9s post=0.7s
[DISCORD 1MIN] 01:17:41 ok=True Group 1(5): status=204 | Group 2(3): status=204 collect=8.0s post=0.7s
[DISCORD 1MIN] 01:18:41 ok=True Group 1(5): status=204 | Group 2(3): status=204 collect=8.3s post=0.7s
[DISCORD 1MIN] 01:19:43 ok=True Group 1(5): status=204 | Group 2(3): status=204 collect=9.6s post=0.7s
[DISCORD 1MIN] 01:20:41 ok=True Group 1(5): status=204 | Group 2(3): status=204 collect=8.4s post=0.7s
[DISCORD 1MIN] 01:21:41 ok=True Group 1(5): status=204 | Group 2(3): status=204 collect=8.2s post=0.6s
[DISCORD 1MIN] 01:22:42 ok=True Group 1(5): status=204 | Group 2(3): status=204 collect=9.0s post=0.7s
[DISCORD 1MIN] 01:23:42 ok=True Group 1(5): status=204 | Group 2(3): status=204 collect=8.7s post=0.7s
[DISCORD 1MIN] 01:24:41 ok=True Group 1(5): status=204 | Group 2(3): status=204 collect=8.5s post=0.7s
[DISCORD 1MIN] 01:25:41 ok=True Group 1(5): status=204 | Group 2(3): status=204 collect=8.2s post=0.7s
[DISCORD 1MIN] 01:26:41 ok=True Group 1(5): status=204 | Group 2(3): status=204 collect=7.7s post=0.7s
[DISCORD 1MIN] 01:27:40 ok=True Group 1(5): status=204 | Group 2(3): status=204 collect=7.2s post=0.9s
[DISCORD 1MIN] 01:28:40 ok=True Group 1(5): status=204 | Group 2(3): status=204 collect=7.3s post=0.7s
[DISCORD 1MIN] 01:29:41 ok=True Group 1(5): status=204 | Group 2(3): status=204 collect=8.2s post=0.7s
[DISCORD 1MIN] 01:30:42 ok=True Group 1(5): status=204 | Group 2(3): status=204 collect=8.4s post=0.9s
[DISCORD 1MIN] 01:31:41 ok=True Group 1(5): status=204 | Group 2(3): status=204 collect=8.1s post=0.7s
[DISCORD 1MIN] 01:32:41 ok=True Group 1(5): status=204 | Group 2(3): status=204 collect=8.2s post=0.9s
[DISCORD 1MIN] 01:33:41 ok=True Group 1(5): status=204 | Group 2(3): status=204 collect=8.5s post=0.7s
[DISCORD 1MIN] 01:34:41 ok=True Group 1(5): status=204 | Group 2(3): status=204 collect=8.3s post=0.6s
[진입유실 방지 자동보정] SHORT KAITO/USDT:USDT exit=2026-07-27 23:37:02 미매칭수량=9.00000000 orderID=3780263207016538112 tradeID=None
[진입유실 방지 자동보정] LONG KAITO/USDT:USDT exit=2026-07-28 00:17:06 미매칭수량=9.00000000 orderID=3780343864489091072 tradeID=None
[진입유실 방지 자동보정] SHORT KAITO/USDT:USDT exit=2026-07-27 23:37:02 미매칭수량=9.00000000 orderID=3780263207016538112 tradeID=None
[진입유실 방지 자동보정] LONG KAITO/USDT:USDT exit=2026-07-28 00:17:06 미매칭수량=9.00000000 orderID=3780343864489091072 tradeID=None
[진입유실 방지 자동보정] SHORT KAITO/USDT:USDT exit=2026-07-27 23:37:02 미매칭수량=9.00000000 orderID=3780263207016538112 tradeID=None
[진입유실 방지 자동보정] LONG KAITO/USDT:USDT exit=2026-07-28 00:17:06 미매칭수량=9.00000000 orderID=3780343864489091072 tradeID=None
[CATFIX] pnl=0 청산 → 진입 재분류: KAITO/USDT:USDT buy 수량=9.00000000 tradeID=243056081
[진입유실 방지 자동보정] SHORT KAITO/USDT:USDT exit=2026-07-27 23:37:02 미매칭수량=9.00000000 orderID=3780263207016538112 tradeID=None
[진입유실 방지 자동보정] LONG KAITO/USDT:USDT exit=2026-07-28 00:17:06 미매칭수량=9.00000000 orderID=3780343864489091072 tradeID=None
[진입유실 방지 자동보정] SHORT KAITO/USDT:USDT exit=2026-07-27 23:37:02 미매칭수량=9.00000000 orderID=3780263207016538112 tradeID=None
[진입유실 방지 자동보정] LONG KAITO/USDT:USDT exit=2026-07-28 00:17:06 미매칭수량=9.00000000 orderID=3780343864489091072 tradeID=None
[진입유실 방지 자동보정] SHORT KAITO/USDT:USDT exit=2026-07-27 23:37:02 미매칭수량=9.00000000 orderID=3780263207016538112 tradeID=None
[진입유실 방지 자동보정] LONG KAITO/USDT:USDT exit=2026-07-28 00:17:06 미매칭수량=9.00000000 orderID=3780343864489091072 tradeID=None
[진입유실 방지 자동보정] SHORT KAITO/USDT:USDT exit=2026-07-27 23:37:02 미매칭수량=9.00000000 orderID=3780263207016538112 tradeID=None
[진입유실 방지 자동보정] LONG KAITO/USDT:USDT exit=2026-07-28 00:17:06 미매칭수량=9.00000000 orderID=3780343864489091072 tradeID=None
[DISCORD 1MIN] 01:35:41 ok=True Group 1(5): status=204 | Group 2(3): status=204 collect=8.3s post=0.7s
[DISCORD 1MIN] 01:36:42 ok=True Group 1(5): status=204 | Group 2(3): status=204 collect=8.6s post=0.8s
[DISCORD 1MIN] 01:37:41 ok=True Group 1(5): status=204 | Group 2(3): status=204 collect=8.4s post=0.6s
[DISCORD 1MIN] 01:38:42 ok=True Group 1(5): status=204 | Group 2(3): status=204 collect=8.6s post=0.8s
[DISCORD 1MIN] 01:39:41 ok=True Group 1(5): status=204 | Group 2(3): status=204 collect=7.7s post=0.7s
[진입유실 방지 자동보정] SHORT KAITO/USDT:USDT exit=2026-07-27 23:37:02 미매칭수량=9.00000000 orderID=3780263207016538112 tradeID=None
[진입유실 방지 자동보정] LONG KAITO/USDT:USDT exit=2026-07-28 00:17:06 미매칭수량=9.00000000 orderID=3780343864489091072 tradeID=None
[진입유실 방지 자동보정] SHORT KAITO/USDT:USDT exit=2026-07-27 23:37:02 미매칭수량=9.00000000 orderID=3780263207016538112 tradeID=None
[진입유실 방지 자동보정] LONG KAITO/USDT:USDT exit=2026-07-28 00:17:06 미매칭수량=9.00000000 orderID=3780343864489091072 tradeID=None
[진입유실 방지 자동보정] SHORT KAITO/USDT:USDT exit=2026-07-27 23:37:02 미매칭수량=9.00000000 orderID=3780263207016538112 tradeID=None
[진입유실 방지 자동보정] LONG KAITO/USDT:USDT exit=2026-07-28 00:17:06 미매칭수량=9.00000000 orderID=3780343864489091072 tradeID=None
[CATFIX] pnl=0 청산 → 진입 재분류: KAITO/USDT:USDT buy 수량=9.00000000 tradeID=243056081
[진입유실 방지 자동보정] SHORT KAITO/USDT:USDT exit=2026-07-27 23:37:02 미매칭수량=9.00000000 orderID=3780263207016538112 tradeID=None
[진입유실 방지 자동보정] LONG KAITO/USDT:USDT exit=2026-07-28 00:17:06 미매칭수량=9.00000000 orderID=3780343864489091072 tradeID=None
[진입유실 방지 자동보정] SHORT KAITO/USDT:USDT exit=2026-07-27 23:37:02 미매칭수량=9.00000000 orderID=3780263207016538112 tradeID=None
[진입유실 방지 자동보정] LONG KAITO/USDT:USDT exit=2026-07-28 00:17:06 미매칭수량=9.00000000 orderID=3780343864489091072 tradeID=None
[진입유실 방지 자동보정] SHORT KAITO/USDT:USDT exit=2026-07-27 23:37:02 미매칭수량=9.00000000 orderID=3780263207016538112 tradeID=None
[진입유실 방지 자동보정] LONG KAITO/USDT:USDT exit=2026-07-28 00:17:06 미매칭수량=9.00000000 orderID=3780343864489091072 tradeID=None
[진입유실 방지 자동보정] SHORT KAITO/USDT:USDT exit=2026-07-27 23:37:02 미매칭수량=9.00000000 orderID=3780263207016538112 tradeID=None
[진입유실 방지 자동보정] LONG KAITO/USDT:USDT exit=2026-07-28 00:17:06 미매칭수량=9.00000000 orderID=3780343864489091072 tradeID=None
[DISCORD 1MIN] 01:40:42 ok=True Group 1(5): status=204 | Group 2(3): status=204 collect=8.6s post=0.8s
[DISCORD 1MIN] 01:41:41 ok=True Group 1(5): status=204 | Group 2(3): status=204 collect=7.7s post=0.7s
[DISCORD 1MIN] 01:42:41 ok=True Group 1(5): status=204 | Group 2(3): status=204 collect=8.3s post=0.7s
[DISCORD 1MIN] 01:43:41 ok=True Group 1(5): status=204 | Group 2(3): status=204 collect=8.1s post=0.8s
[DISCORD 1MIN] 01:44:41 ok=True Group 1(5): status=204 | Group 2(3): status=204 collect=7.9s post=0.8s
[진입유실 방지 자동보정] SHORT KAITO/USDT:USDT exit=2026-07-27 23:37:02 미매칭수량=9.00000000 orderID=3780263207016538112 tradeID=None
[진입유실 방지 자동보정] LONG KAITO/USDT:USDT exit=2026-07-28 00:17:06 미매칭수량=9.00000000 orderID=3780343864489091072 tradeID=None
[진입유실 방지 자동보정] SHORT KAITO/USDT:USDT exit=2026-07-27 23:37:02 미매칭수량=9.00000000 orderID=3780263207016538112 tradeID=None
[진입유실 방지 자동보정] LONG KAITO/USDT:USDT exit=2026-07-28 00:17:06 미매칭수량=9.00000000 orderID=3780343864489091072 tradeID=None
[진입유실 방지 자동보정] SHORT KAITO/USDT:USDT exit=2026-07-27 23:37:02 미매칭수량=9.00000000 orderID=3780263207016538112 tradeID=None
[진입유실 방지 자동보정] LONG KAITO/USDT:USDT exit=2026-07-28 00:17:06 미매칭수량=9.00000000 orderID=3780343864489091072 tradeID=None
[CATFIX] pnl=0 청산 → 진입 재분류: KAITO/USDT:USDT buy 수량=9.00000000 tradeID=243056081
[진입유실 방지 자동보정] SHORT KAITO/USDT:USDT exit=2026-07-27 23:37:02 미매칭수량=9.00000000 orderID=3780263207016538112 tradeID=None
[진입유실 방지 자동보정] LONG KAITO/USDT:USDT exit=2026-07-28 00:17:06 미매칭수량=9.00000000 orderID=3780343864489091072 tradeID=None
[진입유실 방지 자동보정] SHORT KAITO/USDT:USDT exit=2026-07-27 23:37:02 미매칭수량=9.00000000 orderID=3780263207016538112 tradeID=None
[진입유실 방지 자동보정] LONG KAITO/USDT:USDT exit=2026-07-28 00:17:06 미매칭수량=9.00000000 orderID=3780343864489091072 tradeID=None
[진입유실 방지 자동보정] SHORT KAITO/USDT:USDT exit=2026-07-27 23:37:02 미매칭수량=9.00000000 orderID=3780263207016538112 tradeID=None
[진입유실 방지 자동보정] LONG KAITO/USDT:USDT exit=2026-07-28 00:17:06 미매칭수량=9.00000000 orderID=3780343864489091072 tradeID=None
[진입유실 방지 자동보정] SHORT KAITO/USDT:USDT exit=2026-07-27 23:37:02 미매칭수량=9.00000000 orderID=3780263207016538112 tradeID=None
[진입유실 방지 자동보정] LONG KAITO/USDT:USDT exit=2026-07-28 00:17:06 미매칭수량=9.00000000 orderID=3780343864489091072 tradeID=None
[DISCORD 1MIN] 01:45:42 ok=True Group 1(5): status=204 | Group 2(3): status=204 collect=8.2s post=1.0s
[DISCORD 1MIN] 01:46:42 ok=True Group 1(5): status=204 | Group 2(3): status=204 collect=8.5s post=0.7s
[DISCORD 1MIN] 01:47:42 ok=True Group 1(5): status=204 | Group 2(3): status=204 collect=8.3s post=0.8s
[DISCORD 1MIN] 01:48:41 ok=True Group 1(5): status=204 | Group 2(3): status=204 collect=8.0s post=0.7s
[DISCORD 1MIN] 01:49:44 ok=True Group 1(5): status=204 | Group 2(3): status=204 collect=7.9s post=3.1s
[진입유실 방지 자동보정] SHORT KAITO/USDT:USDT exit=2026-07-27 23:37:02 미매칭수량=9.00000000 orderID=3780263207016538112 tradeID=None
[진입유실 방지 자동보정] LONG KAITO/USDT:USDT exit=2026-07-28 00:17:06 미매칭수량=9.00000000 orderID=3780343864489091072 tradeID=None
[진입유실 방지 자동보정] SHORT KAITO/USDT:USDT exit=2026-07-27 23:37:02 미매칭수량=9.00000000 orderID=3780263207016538112 tradeID=None
[진입유실 방지 자동보정] LONG KAITO/USDT:USDT exit=2026-07-28 00:17:06 미매칭수량=9.00000000 orderID=3780343864489091072 tradeID=None
[진입유실 방지 자동보정] SHORT KAITO/USDT:USDT exit=2026-07-27 23:37:02 미매칭수량=9.00000000 orderID=3780263207016538112 tradeID=None
[진입유실 방지 자동보정] LONG KAITO/USDT:USDT exit=2026-07-28 00:17:06 미매칭수량=9.00000000 orderID=3780343864489091072 tradeID=None
[CATFIX] pnl=0 청산 → 진입 재분류: KAITO/USDT:USDT buy 수량=9.00000000 tradeID=243056081
[진입유실 방지 자동보정] SHORT KAITO/USDT:USDT exit=2026-07-27 23:37:02 미매칭수량=9.00000000 orderID=3780263207016538112 tradeID=None
[진입유실 방지 자동보정] LONG KAITO/USDT:USDT exit=2026-07-28 00:17:06 미매칭수량=9.00000000 orderID=3780343864489091072 tradeID=None
[진입유실 방지 자동보정] SHORT KAITO/USDT:USDT exit=2026-07-27 23:37:02 미매칭수량=9.00000000 orderID=3780263207016538112 tradeID=None
[진입유실 방지 자동보정] LONG KAITO/USDT:USDT exit=2026-07-28 00:17:06 미매칭수량=9.00000000 orderID=3780343864489091072 tradeID=None
[진입유실 방지 자동보정] SHORT KAITO/USDT:USDT exit=2026-07-27 23:37:02 미매칭수량=9.00000000 orderID=3780263207016538112 tradeID=None
[진입유실 방지 자동보정] LONG KAITO/USDT:USDT exit=2026-07-28 00:17:06 미매칭수량=9.00000000 orderID=3780343864489091072 tradeID=None
[진입유실 방지 자동보정] SHORT KAITO/USDT:USDT exit=2026-07-27 23:37:02 미매칭수량=9.00000000 orderID=3780263207016538112 tradeID=None
[진입유실 방지 자동보정] LONG KAITO/USDT:USDT exit=2026-07-28 00:17:06 미매칭수량=9.00000000 orderID=3780343864489091072 tradeID=None
[DISCORD 1MIN] 01:50:41 ok=True Group 1(5): status=204 | Group 2(3): status=204 collect=8.2s post=0.6s
[DISCORD 1MIN] 01:51:42 ok=True Group 1(5): status=204 | Group 2(3): status=204 collect=8.7s post=0.7s
[DISCORD 1MIN] 01:52:41 ok=True Group 1(5): status=204 | Group 2(3): status=204 collect=8.0s post=0.6s
[DISCORD 1MIN] 01:53:42 ok=True Group 1(5): status=204 | Group 2(3): status=204 collect=8.2s post=0.8s
[DISCORD 1MIN] 01:54:42 ok=True Group 1(5): status=204 | Group 2(3): status=204 collect=8.4s post=0.8s
[진입유실 방지 자동보정] SHORT KAITO/USDT:USDT exit=2026-07-27 23:37:02 미매칭수량=9.00000000 orderID=3780263207016538112 tradeID=None
[진입유실 방지 자동보정] LONG KAITO/USDT:USDT exit=2026-07-28 00:17:06 미매칭수량=9.00000000 orderID=3780343864489091072 tradeID=None
[진입유실 방지 자동보정] SHORT KAITO/USDT:USDT exit=2026-07-27 23:37:02 미매칭수량=9.00000000 orderID=3780263207016538112 tradeID=None
[진입유실 방지 자동보정] LONG KAITO/USDT:USDT exit=2026-07-28 00:17:06 미매칭수량=9.00000000 orderID=3780343864489091072 tradeID=None
[진입유실 방지 자동보정] SHORT KAITO/USDT:USDT exit=2026-07-27 23:37:02 미매칭수량=9.00000000 orderID=3780263207016538112 tradeID=None
[진입유실 방지 자동보정] LONG KAITO/USDT:USDT exit=2026-07-28 00:17:06 미매칭수량=9.00000000 orderID=3780343864489091072 tradeID=None
[CATFIX] pnl=0 청산 → 진입 재분류: KAITO/USDT:USDT buy 수량=9.00000000 tradeID=243056081
[진입유실 방지 자동보정] SHORT KAITO/USDT:USDT exit=2026-07-27 23:37:02 미매칭수량=9.00000000 orderID=3780263207016538112 tradeID=None
[진입유실 방지 자동보정] LONG KAITO/USDT:USDT exit=2026-07-28 00:17:06 미매칭수량=9.00000000 orderID=3780343864489091072 tradeID=None
[진입유실 방지 자동보정] SHORT KAITO/USDT:USDT exit=2026-07-27 23:37:02 미매칭수량=9.00000000 orderID=3780263207016538112 tradeID=None
[진입유실 방지 자동보정] LONG KAITO/USDT:USDT exit=2026-07-28 00:17:06 미매칭수량=9.00000000 orderID=3780343864489091072 tradeID=None
[진입유실 방지 자동보정] SHORT KAITO/USDT:USDT exit=2026-07-27 23:37:02 미매칭수량=9.00000000 orderID=3780263207016538112 tradeID=None
[진입유실 방지 자동보정] LONG KAITO/USDT:USDT exit=2026-07-28 00:17:06 미매칭수량=9.00000000 orderID=3780343864489091072 tradeID=None
[진입유실 방지 자동보정] SHORT KAITO/USDT:USDT exit=2026-07-27 23:37:02 미매칭수량=9.00000000 orderID=3780263207016538112 tradeID=None
[진입유실 방지 자동보정] LONG KAITO/USDT:USDT exit=2026-07-28 00:17:06 미매칭수량=9.00000000 orderID=3780343864489091072 tradeID=None
[DISCORD 1MIN] 01:55:42 ok=True Group 1(5): status=204 | Group 2(3): status=204 collect=8.7s post=0.7s
[DISCORD 1MIN] 01:56:42 ok=True Group 1(5): status=204 | Group 2(3): status=204 collect=8.6s post=0.6s
[DISCORD 1MIN] 01:57:42 ok=True Group 1(5): status=204 | Group 2(3): status=204 collect=8.8s post=0.8s
[DISCORD 1MIN] 01:58:42 ok=True Group 1(5): status=204 | Group 2(3): status=204 collect=8.4s post=0.7s
[DISCORD 1MIN] 01:59:42 ok=True Group 1(5): status=204 | Group 2(3): status=204 collect=9.0s post=0.7s
[진입유실 방지 자동보정] SHORT KAITO/USDT:USDT exit=2026-07-27 23:37:02 미매칭수량=9.00000000 orderID=3780263207016538112 tradeID=None
[진입유실 방지 자동보정] LONG KAITO/USDT:USDT exit=2026-07-28 00:17:06 미매칭수량=9.00000000 orderID=3780343864489091072 tradeID=None
[진입유실 방지 자동보정] SHORT KAITO/USDT:USDT exit=2026-07-27 23:37:02 미매칭수량=9.00000000 orderID=3780263207016538112 tradeID=None
[진입유실 방지 자동보정] LONG KAITO/USDT:USDT exit=2026-07-28 00:17:06 미매칭수량=9.00000000 orderID=3780343864489091072 tradeID=None
[진입유실 방지 자동보정] SHORT KAITO/USDT:USDT exit=2026-07-27 23:37:02 미매칭수량=9.00000000 orderID=3780263207016538112 tradeID=None
[진입유실 방지 자동보정] LONG KAITO/USDT:USDT exit=2026-07-28 00:17:06 미매칭수량=9.00000000 orderID=3780343864489091072 tradeID=None
[CATFIX] pnl=0 청산 → 진입 재분류: KAITO/USDT:USDT buy 수량=9.00000000 tradeID=243056081
[진입유실 방지 자동보정] SHORT KAITO/USDT:USDT exit=2026-07-27 23:37:02 미매칭수량=9.00000000 orderID=3780263207016538112 tradeID=None
[진입유실 방지 자동보정] LONG KAITO/USDT:USDT exit=2026-07-28 00:17:06 미매칭수량=9.00000000 orderID=3780343864489091072 tradeID=None
[진입유실 방지 자동보정] SHORT KAITO/USDT:USDT exit=2026-07-27 23:37:02 미매칭수량=9.00000000 orderID=3780263207016538112 tradeID=None
[진입유실 방지 자동보정] LONG KAITO/USDT:USDT exit=2026-07-28 00:17:06 미매칭수량=9.00000000 orderID=3780343864489091072 tradeID=None
[진입유실 방지 자동보정] SHORT KAITO/USDT:USDT exit=2026-07-27 23:37:02 미매칭수량=9.00000000 orderID=3780263207016538112 tradeID=None
[진입유실 방지 자동보정] LONG KAITO/USDT:USDT exit=2026-07-28 00:17:06 미매칭수량=9.00000000 orderID=3780343864489091072 tradeID=None
[진입유실 방지 자동보정] SHORT KAITO/USDT:USDT exit=2026-07-27 23:37:02 미매칭수량=9.00000000 orderID=3780263207016538112 tradeID=None
[진입유실 방지 자동보정] LONG KAITO/USDT:USDT exit=2026-07-28 00:17:06 미매칭수량=9.00000000 orderID=3780343864489091072 tradeID=None
[DISCORD 1MIN] 02:00:42 ok=True Group 1(5): status=204 | Group 2(3): status=204 collect=8.5s post=1.1s
[DISCORD 1MIN] 02:01:42 ok=True Group 1(5): status=204 | Group 2(3): status=204 collect=8.5s post=1.0s
[DISCORD 1MIN] 02:02:42 ok=True Group 1(5): status=204 | Group 2(3): status=204 collect=8.5s post=0.7s
[DISCORD 1MIN] 02:03:42 ok=True Group 1(5): status=204 | Group 2(3): status=204 collect=8.4s post=0.8s
[DISCORD 1MIN] 02:04:42 ok=True Group 1(5): status=204 | Group 2(3): status=204 collect=8.6s post=0.7s
[진입유실 방지 자동보정] SHORT KAITO/USDT:USDT exit=2026-07-27 23:37:02 미매칭수량=9.00000000 orderID=3780263207016538112 tradeID=None
[진입유실 방지 자동보정] LONG KAITO/USDT:USDT exit=2026-07-28 00:17:06 미매칭수량=9.00000000 orderID=3780343864489091072 tradeID=None
[진입유실 방지 자동보정] SHORT KAITO/USDT:USDT exit=2026-07-27 23:37:02 미매칭수량=9.00000000 orderID=3780263207016538112 tradeID=None
[진입유실 방지 자동보정] LONG KAITO/USDT:USDT exit=2026-07-28 00:17:06 미매칭수량=9.00000000 orderID=3780343864489091072 tradeID=None
[진입유실 방지 자동보정] SHORT KAITO/USDT:USDT exit=2026-07-27 23:37:02 미매칭수량=9.00000000 orderID=3780263207016538112 tradeID=None
[진입유실 방지 자동보정] LONG KAITO/USDT:USDT exit=2026-07-28 00:17:06 미매칭수량=9.00000000 orderID=3780343864489091072 tradeID=None
[CATFIX] pnl=0 청산 → 진입 재분류: KAITO/USDT:USDT buy 수량=9.00000000 tradeID=243056081
[진입유실 방지 자동보정] SHORT KAITO/USDT:USDT exit=2026-07-27 23:37:02 미매칭수량=9.00000000 orderID=3780263207016538112 tradeID=None
[진입유실 방지 자동보정] LONG KAITO/USDT:USDT exit=2026-07-28 00:17:06 미매칭수량=9.00000000 orderID=3780343864489091072 tradeID=None
[진입유실 방지 자동보정] SHORT KAITO/USDT:USDT exit=2026-07-27 23:37:02 미매칭수량=9.00000000 orderID=3780263207016538112 tradeID=None
[진입유실 방지 자동보정] LONG KAITO/USDT:USDT exit=2026-07-28 00:17:06 미매칭수량=9.00000000 orderID=3780343864489091072 tradeID=None
[진입유실 방지 자동보정] SHORT KAITO/USDT:USDT exit=2026-07-27 23:37:02 미매칭수량=9.00000000 orderID=3780263207016538112 tradeID=None
[진입유실 방지 자동보정] LONG KAITO/USDT:USDT exit=2026-07-28 00:17:06 미매칭수량=9.00000000 orderID=3780343864489091072 tradeID=None
[진입유실 방지 자동보정] SHORT KAITO/USDT:USDT exit=2026-07-27 23:37:02 미매칭수량=9.00000000 orderID=3780263207016538112 tradeID=None
[진입유실 방지 자동보정] LONG KAITO/USDT:USDT exit=2026-07-28 00:17:06 미매칭수량=9.00000000 orderID=3780343864489091072 tradeID=None
[DISCORD 1MIN] 02:05:42 ok=True Group 1(5): status=204 | Group 2(3): status=204 collect=8.5s post=1.0s
[DISCORD 1MIN] 02:06:43 ok=True Group 1(5): status=204 | Group 2(3): status=204 collect=9.3s post=1.3s
[DISCORD 1MIN] 02:07:42 ok=True Group 1(5): status=204 | Group 2(3): status=204 collect=8.5s post=0.7s
[DISCORD 1MIN] 02:08:42 ok=True Group 1(5): status=204 | Group 2(3): status=204 collect=8.6s post=0.9s
[DISCORD 1MIN] 02:09:42 ok=True Group 1(5): status=204 | Group 2(3): status=204 collect=8.4s post=0.6s
[진입유실 방지 자동보정] SHORT KAITO/USDT:USDT exit=2026-07-27 23:37:02 미매칭수량=9.00000000 orderID=3780263207016538112 tradeID=None
[진입유실 방지 자동보정] LONG KAITO/USDT:USDT exit=2026-07-28 00:17:06 미매칭수량=9.00000000 orderID=3780343864489091072 tradeID=None
[진입유실 방지 자동보정] SHORT KAITO/USDT:USDT exit=2026-07-27 23:37:02 미매칭수량=9.00000000 orderID=3780263207016538112 tradeID=None
[진입유실 방지 자동보정] LONG KAITO/USDT:USDT exit=2026-07-28 00:17:06 미매칭수량=9.00000000 orderID=3780343864489091072 tradeID=None
[진입유실 방지 자동보정] SHORT KAITO/USDT:USDT exit=2026-07-27 23:37:02 미매칭수량=9.00000000 orderID=3780263207016538112 tradeID=None
[진입유실 방지 자동보정] LONG KAITO/USDT:USDT exit=2026-07-28 00:17:06 미매칭수량=9.00000000 orderID=3780343864489091072 tradeID=None
[CATFIX] pnl=0 청산 → 진입 재분류: KAITO/USDT:USDT buy 수량=9.00000000 tradeID=243056081
[진입유실 방지 자동보정] SHORT KAITO/USDT:USDT exit=2026-07-27 23:37:02 미매칭수량=9.00000000 orderID=3780263207016538112 tradeID=None
[진입유실 방지 자동보정] LONG KAITO/USDT:USDT exit=2026-07-28 00:17:06 미매칭수량=9.00000000 orderID=3780343864489091072 tradeID=None
[진입유실 방지 자동보정] SHORT KAITO/USDT:USDT exit=2026-07-27 23:37:02 미매칭수량=9.00000000 orderID=3780263207016538112 tradeID=None
[진입유실 방지 자동보정] LONG KAITO/USDT:USDT exit=2026-07-28 00:17:06 미매칭수량=9.00000000 orderID=3780343864489091072 tradeID=None
[진입유실 방지 자동보정] SHORT KAITO/USDT:USDT exit=2026-07-27 23:37:02 미매칭수량=9.00000000 orderID=3780263207016538112 tradeID=None
[진입유실 방지 자동보정] LONG KAITO/USDT:USDT exit=2026-07-28 00:17:06 미매칭수량=9.00000000 orderID=3780343864489091072 tradeID=None
[진입유실 방지 자동보정] SHORT KAITO/USDT:USDT exit=2026-07-27 23:37:02 미매칭수량=9.00000000 orderID=3780263207016538112 tradeID=None
[진입유실 방지 자동보정] LONG KAITO/USDT:USDT exit=2026-07-28 00:17:06 미매칭수량=9.00000000 orderID=3780343864489091072 tradeID=None
[DISCORD 1MIN] 02:10:42 ok=True Group 1(5): status=204 | Group 2(3): status=204 collect=8.5s post=1.0s
[DISCORD 1MIN] 02:11:42 ok=True Group 1(5): status=204 | Group 2(3): status=204 collect=8.5s post=0.8s
[DISCORD 1MIN] 02:12:42 ok=True Group 1(5): status=204 | Group 2(3): status=204 collect=8.4s post=0.6s
[DISCORD 1MIN] 02:13:42 ok=True Group 1(5): status=204 | Group 2(3): status=204 collect=8.7s post=1.0s
[DISCORD 1MIN] 02:14:42 ok=True Group 1(5): status=204 | Group 2(3): status=204 collect=8.4s post=0.7s
[진입유실 방지 자동보정] SHORT KAITO/USDT:USDT exit=2026-07-27 23:37:02 미매칭수량=9.00000000 orderID=3780263207016538112 tradeID=None
[진입유실 방지 자동보정] LONG KAITO/USDT:USDT exit=2026-07-28 00:17:06 미매칭수량=9.00000000 orderID=3780343864489091072 tradeID=None
[진입유실 방지 자동보정] SHORT KAITO/USDT:USDT exit=2026-07-27 23:37:02 미매칭수량=9.00000000 orderID=3780263207016538112 tradeID=None
[진입유실 방지 자동보정] LONG KAITO/USDT:USDT exit=2026-07-28 00:17:06 미매칭수량=9.00000000 orderID=3780343864489091072 tradeID=None
[진입유실 방지 자동보정] SHORT KAITO/USDT:USDT exit=2026-07-27 23:37:02 미매칭수량=9.00000000 orderID=3780263207016538112 tradeID=None
[진입유실 방지 자동보정] LONG KAITO/USDT:USDT exit=2026-07-28 00:17:06 미매칭수량=9.00000000 orderID=3780343864489091072 tradeID=None
[CATFIX] pnl=0 청산 → 진입 재분류: KAITO/USDT:USDT buy 수량=9.00000000 tradeID=243056081
[진입유실 방지 자동보정] SHORT KAITO/USDT:USDT exit=2026-07-27 23:37:02 미매칭수량=9.00000000 orderID=3780263207016538112 tradeID=None
[진입유실 방지 자동보정] LONG KAITO/USDT:USDT exit=2026-07-28 00:17:06 미매칭수량=9.00000000 orderID=3780343864489091072 tradeID=None
[진입유실 방지 자동보정] SHORT KAITO/USDT:USDT exit=2026-07-27 23:37:02 미매칭수량=9.00000000 orderID=3780263207016538112 tradeID=None
[진입유실 방지 자동보정] LONG KAITO/USDT:USDT exit=2026-07-28 00:17:06 미매칭수량=9.00000000 orderID=3780343864489091072 tradeID=None
[진입유실 방지 자동보정] SHORT KAITO/USDT:USDT exit=2026-07-27 23:37:02 미매칭수량=9.00000000 orderID=3780263207016538112 tradeID=None
[진입유실 방지 자동보정] LONG KAITO/USDT:USDT exit=2026-07-28 00:17:06 미매칭수량=9.00000000 orderID=3780343864489091072 tradeID=None
[진입유실 방지 자동보정] SHORT KAITO/USDT:USDT exit=2026-07-27 23:37:02 미매칭수량=9.00000000 orderID=3780263207016538112 tradeID=None
[진입유실 방지 자동보정] LONG KAITO/USDT:USDT exit=2026-07-28 00:17:06 미매칭수량=9.00000000 orderID=3780343864489091072 tradeID=None
[DISCORD 1MIN] 02:15:42 ok=True Group 1(5): status=204 | Group 2(3): status=204 collect=8.7s post=0.7s
[DISCORD 1MIN] 02:16:42 ok=True Group 1(5): status=204 | Group 2(3): status=204 collect=8.4s post=0.7s
[DISCORD 1MIN] 02:17:42 ok=True Group 1(5): status=204 | Group 2(3): status=204 collect=8.6s post=0.7s
[DISCORD 1MIN] 02:18:42 ok=True Group 1(5): status=204 | Group 2(3): status=204 collect=8.4s post=0.9s
[DISCORD 1MIN] 02:19:42 ok=True Group 1(5): status=204 | Group 2(3): status=204 collect=8.4s post=0.7s
[진입유실 방지 자동보정] SHORT KAITO/USDT:USDT exit=2026-07-27 23:37:02 미매칭수량=9.00000000 orderID=3780263207016538112 tradeID=None
[진입유실 방지 자동보정] LONG KAITO/USDT:USDT exit=2026-07-28 00:17:06 미매칭수량=9.00000000 orderID=3780343864489091072 tradeID=None
[진입유실 방지 자동보정] SHORT KAITO/USDT:USDT exit=2026-07-27 23:37:02 미매칭수량=9.00000000 orderID=3780263207016538112 tradeID=None
[진입유실 방지 자동보정] LONG KAITO/USDT:USDT exit=2026-07-28 00:17:06 미매칭수량=9.00000000 orderID=3780343864489091072 tradeID=None
[진입유실 방지 자동보정] SHORT KAITO/USDT:USDT exit=2026-07-27 23:37:02 미매칭수량=9.00000000 orderID=3780263207016538112 tradeID=None
[진입유실 방지 자동보정] LONG KAITO/USDT:USDT exit=2026-07-28 00:17:06 미매칭수량=9.00000000 orderID=3780343864489091072 tradeID=None
[CATFIX] pnl=0 청산 → 진입 재분류: KAITO/USDT:USDT buy 수량=9.00000000 tradeID=243056081
[진입유실 방지 자동보정] SHORT KAITO/USDT:USDT exit=2026-07-27 23:37:02 미매칭수량=9.00000000 orderID=3780263207016538112 tradeID=None
[진입유실 방지 자동보정] LONG KAITO/USDT:USDT exit=2026-07-28 00:17:06 미매칭수량=9.00000000 orderID=3780343864489091072 tradeID=None
[진입유실 방지 자동보정] SHORT KAITO/USDT:USDT exit=2026-07-27 23:37:02 미매칭수량=9.00000000 orderID=3780263207016538112 tradeID=None
[진입유실 방지 자동보정] LONG KAITO/USDT:USDT exit=2026-07-28 00:17:06 미매칭수량=9.00000000 orderID=3780343864489091072 tradeID=None
[진입유실 방지 자동보정] SHORT KAITO/USDT:USDT exit=2026-07-27 23:37:02 미매칭수량=9.00000000 orderID=3780263207016538112 tradeID=None
[진입유실 방지 자동보정] LONG KAITO/USDT:USDT exit=2026-07-28 00:17:06 미매칭수량=9.00000000 orderID=3780343864489091072 tradeID=None
[진입유실 방지 자동보정] SHORT KAITO/USDT:USDT exit=2026-07-27 23:37:02 미매칭수량=9.00000000 orderID=3780263207016538112 tradeID=None
[진입유실 방지 자동보정] LONG KAITO/USDT:USDT exit=2026-07-28 00:17:06 미매칭수량=9.00000000 orderID=3780343864489091072 tradeID=None
[DISCORD 1MIN] 02:20:42 ok=True Group 1(5): status=204 | Group 2(3): status=204 collect=8.6s post=0.7s
[DISCORD 1MIN] 02:21:42 ok=True Group 1(5): status=204 | Group 2(3): status=204 collect=8.4s post=0.7s
[DISCORD 1MIN] 02:22:42 ok=True Group 1(5): status=204 | Group 2(3): status=204 collect=8.7s post=0.8s
[DISCORD 1MIN] 02:23:44 ok=True Group 1(5): status=204 | Group 2(3): status=204 collect=8.4s post=2.7s
[DISCORD 1MIN] 02:24:42 ok=True Group 1(5): status=204 | Group 2(3): status=204 collect=8.6s post=1.0s
[진입유실 방지 자동보정] SHORT KAITO/USDT:USDT exit=2026-07-27 23:37:02 미매칭수량=9.00000000 orderID=3780263207016538112 tradeID=None
[진입유실 방지 자동보정] LONG KAITO/USDT:USDT exit=2026-07-28 00:17:06 미매칭수량=9.00000000 orderID=3780343864489091072 tradeID=None
[진입유실 방지 자동보정] SHORT KAITO/USDT:USDT exit=2026-07-27 23:37:02 미매칭수량=9.00000000 orderID=3780263207016538112 tradeID=None
[진입유실 방지 자동보정] LONG KAITO/USDT:USDT exit=2026-07-28 00:17:06 미매칭수량=9.00000000 orderID=3780343864489091072 tradeID=None
[진입유실 방지 자동보정] SHORT KAITO/USDT:USDT exit=2026-07-27 23:37:02 미매칭수량=9.00000000 orderID=3780263207016538112 tradeID=None
[진입유실 방지 자동보정] LONG KAITO/USDT:USDT exit=2026-07-28 00:17:06 미매칭수량=9.00000000 orderID=3780343864489091072 tradeID=None
[CATFIX] pnl=0 청산 → 진입 재분류: KAITO/USDT:USDT buy 수량=9.00000000 tradeID=243056081
[진입유실 방지 자동보정] SHORT KAITO/USDT:USDT exit=2026-07-27 23:37:02 미매칭수량=9.00000000 orderID=3780263207016538112 tradeID=None
[진입유실 방지 자동보정] LONG KAITO/USDT:USDT exit=2026-07-28 00:17:06 미매칭수량=9.00000000 orderID=3780343864489091072 tradeID=None
[진입유실 방지 자동보정] SHORT KAITO/USDT:USDT exit=2026-07-27 23:37:02 미매칭수량=9.00000000 orderID=3780263207016538112 tradeID=None
[진입유실 방지 자동보정] LONG KAITO/USDT:USDT exit=2026-07-28 00:17:06 미매칭수량=9.00000000 orderID=3780343864489091072 tradeID=None
[진입유실 방지 자동보정] SHORT KAITO/USDT:USDT exit=2026-07-27 23:37:02 미매칭수량=9.00000000 orderID=3780263207016538112 tradeID=None
[진입유실 방지 자동보정] LONG KAITO/USDT:USDT exit=2026-07-28 00:17:06 미매칭수량=9.00000000 orderID=3780343864489091072 tradeID=None
[진입유실 방지 자동보정] SHORT KAITO/USDT:USDT exit=2026-07-27 23:37:02 미매칭수량=9.00000000 orderID=3780263207016538112 tradeID=None
[진입유실 방지 자동보정] LONG KAITO/USDT:USDT exit=2026-07-28 00:17:06 미매칭수량=9.00000000 orderID=3780343864489091072 tradeID=None
[DISCORD 1MIN] 02:25:42 ok=True Group 1(5): status=204 | Group 2(3): status=204 collect=8.4s post=0.7s
[DISCORD 1MIN] 02:26:42 ok=True Group 1(5): status=204 | Group 2(3): status=204 collect=8.4s post=0.7s
[DISCORD 1MIN] 02:27:42 ok=True Group 1(5): status=204 | Group 2(3): status=204 collect=8.5s post=0.7s
[DISCORD 1MIN] 02:28:42 ok=True Group 1(5): status=204 | Group 2(3): status=204 collect=8.4s post=0.7s
[DISCORD 1MIN] 02:29:42 ok=True Group 1(5): status=204 | Group 2(3): status=204 collect=8.5s post=0.7s
[진입유실 방지 자동보정] SHORT KAITO/USDT:USDT exit=2026-07-27 23:37:02 미매칭수량=9.00000000 orderID=3780263207016538112 tradeID=None
[진입유실 방지 자동보정] LONG KAITO/USDT:USDT exit=2026-07-28 00:17:06 미매칭수량=9.00000000 orderID=3780343864489091072 tradeID=None
[진입유실 방지 자동보정] SHORT KAITO/USDT:USDT exit=2026-07-27 23:37:02 미매칭수량=9.00000000 orderID=3780263207016538112 tradeID=None
[진입유실 방지 자동보정] LONG KAITO/USDT:USDT exit=2026-07-28 00:17:06 미매칭수량=9.00000000 orderID=3780343864489091072 tradeID=None
[진입유실 방지 자동보정] SHORT KAITO/USDT:USDT exit=2026-07-27 23:37:02 미매칭수량=9.00000000 orderID=3780263207016538112 tradeID=None
[진입유실 방지 자동보정] LONG KAITO/USDT:USDT exit=2026-07-28 00:17:06 미매칭수량=9.00000000 orderID=3780343864489091072 tradeID=None
[CATFIX] pnl=0 청산 → 진입 재분류: KAITO/USDT:USDT buy 수량=9.00000000 tradeID=243056081
[진입유실 방지 자동보정] SHORT KAITO/USDT:USDT exit=2026-07-27 23:37:02 미매칭수량=9.00000000 orderID=3780263207016538112 tradeID=None
[진입유실 방지 자동보정] LONG KAITO/USDT:USDT exit=2026-07-28 00:17:06 미매칭수량=9.00000000 orderID=3780343864489091072 tradeID=None
[진입유실 방지 자동보정] SHORT KAITO/USDT:USDT exit=2026-07-27 23:37:02 미매칭수량=9.00000000 orderID=3780263207016538112 tradeID=None
[진입유실 방지 자동보정] LONG KAITO/USDT:USDT exit=2026-07-28 00:17:06 미매칭수량=9.00000000 orderID=3780343864489091072 tradeID=None
[진입유실 방지 자동보정] SHORT KAITO/USDT:USDT exit=2026-07-27 23:37:02 미매칭수량=9.00000000 orderID=3780263207016538112 tradeID=None
[진입유실 방지 자동보정] LONG KAITO/USDT:USDT exit=2026-07-28 00:17:06 미매칭수량=9.00000000 orderID=3780343864489091072 tradeID=None
[진입유실 방지 자동보정] SHORT KAITO/USDT:USDT exit=2026-07-27 23:37:02 미매칭수량=9.00000000 orderID=3780263207016538112 tradeID=None
[진입유실 방지 자동보정] LONG KAITO/USDT:USDT exit=2026-07-28 00:17:06 미매칭수량=9.00000000 orderID=3780343864489091072 tradeID=None
[DISCORD 1MIN] 02:30:42 ok=True Group 1(5): status=204 | Group 2(3): status=204 collect=8.5s post=0.8s
[DISCORD 1MIN] 02:31:42 ok=True Group 1(5): status=204 | Group 2(3): status=204 collect=8.7s post=0.7s
[DISCORD 1MIN] 02:32:42 ok=True Group 1(5): status=204 | Group 2(3): status=204 collect=8.3s post=0.7s
[DISCORD 1MIN] 02:33:42 ok=True Group 1(5): status=204 | Group 2(3): status=204 collect=8.5s post=0.8s
[DISCORD 1MIN] 02:34:42 ok=True Group 1(5): status=204 | Group 2(3): status=204 collect=8.4s post=0.8s
[진입유실 방지 자동보정] SHORT KAITO/USDT:USDT exit=2026-07-27 23:37:02 미매칭수량=9.00000000 orderID=3780263207016538112 tradeID=None
[진입유실 방지 자동보정] LONG KAITO/USDT:USDT exit=2026-07-28 00:17:06 미매칭수량=9.00000000 orderID=3780343864489091072 tradeID=None
[진입유실 방지 자동보정] SHORT KAITO/USDT:USDT exit=2026-07-27 23:37:02 미매칭수량=9.00000000 orderID=3780263207016538112 tradeID=None
[진입유실 방지 자동보정] LONG KAITO/USDT:USDT exit=2026-07-28 00:17:06 미매칭수량=9.00000000 orderID=3780343864489091072 tradeID=None
[진입유실 방지 자동보정] SHORT KAITO/USDT:USDT exit=2026-07-27 23:37:02 미매칭수량=9.00000000 orderID=3780263207016538112 tradeID=None
[진입유실 방지 자동보정] LONG KAITO/USDT:USDT exit=2026-07-28 00:17:06 미매칭수량=9.00000000 orderID=3780343864489091072 tradeID=None
[CATFIX] pnl=0 청산 → 진입 재분류: KAITO/USDT:USDT buy 수량=9.00000000 tradeID=243056081
[진입유실 방지 자동보정] SHORT KAITO/USDT:USDT exit=2026-07-27 23:37:02 미매칭수량=9.00000000 orderID=3780263207016538112 tradeID=None
[진입유실 방지 자동보정] LONG KAITO/USDT:USDT exit=2026-07-28 00:17:06 미매칭수량=9.00000000 orderID=3780343864489091072 tradeID=None
[진입유실 방지 자동보정] SHORT KAITO/USDT:USDT exit=2026-07-27 23:37:02 미매칭수량=9.00000000 orderID=3780263207016538112 tradeID=None
[진입유실 방지 자동보정] LONG KAITO/USDT:USDT exit=2026-07-28 00:17:06 미매칭수량=9.00000000 orderID=3780343864489091072 tradeID=None
[진입유실 방지 자동보정] SHORT KAITO/USDT:USDT exit=2026-07-27 23:37:02 미매칭수량=9.00000000 orderID=3780263207016538112 tradeID=None
[진입유실 방지 자동보정] LONG KAITO/USDT:USDT exit=2026-07-28 00:17:06 미매칭수량=9.00000000 orderID=3780343864489091072 tradeID=None
[진입유실 방지 자동보정] SHORT KAITO/USDT:USDT exit=2026-07-27 23:37:02 미매칭수량=9.00000000 orderID=3780263207016538112 tradeID=None
[진입유실 방지 자동보정] LONG KAITO/USDT:USDT exit=2026-07-28 00:17:06 미매칭수량=9.00000000 orderID=3780343864489091072 tradeID=None
[DISCORD 1MIN] 02:35:42 ok=True Group 1(5): status=204 | Group 2(3): status=204 collect=8.5s post=0.8s
[DISCORD 1MIN] 02:36:42 ok=True Group 1(5): status=204 | Group 2(3): status=204 collect=8.4s post=0.7s
[DISCORD 1MIN] 02:37:42 ok=True Group 1(5): status=204 | Group 2(3): status=204 collect=8.4s post=0.7s
[DISCORD 1MIN] 02:38:42 ok=True Group 1(5): status=204 | Group 2(3): status=204 collect=8.6s post=0.6s
[DISCORD 1MIN] 02:39:42 ok=True Group 1(5): status=204 | Group 2(3): status=204 collect=8.4s post=0.7s
[진입유실 방지 자동보정] SHORT KAITO/USDT:USDT exit=2026-07-27 23:37:02 미매칭수량=9.00000000 orderID=3780263207016538112 tradeID=None
[진입유실 방지 자동보정] LONG KAITO/USDT:USDT exit=2026-07-28 00:17:06 미매칭수량=9.00000000 orderID=3780343864489091072 tradeID=None
[진입유실 방지 자동보정] SHORT KAITO/USDT:USDT exit=2026-07-27 23:37:02 미매칭수량=9.00000000 orderID=3780263207016538112 tradeID=None
[진입유실 방지 자동보정] LONG KAITO/USDT:USDT exit=2026-07-28 00:17:06 미매칭수량=9.00000000 orderID=3780343864489091072 tradeID=None
[진입유실 방지 자동보정] SHORT KAITO/USDT:USDT exit=2026-07-27 23:37:02 미매칭수량=9.00000000 orderID=3780263207016538112 tradeID=None
[진입유실 방지 자동보정] LONG KAITO/USDT:USDT exit=2026-07-28 00:17:06 미매칭수량=9.00000000 orderID=3780343864489091072 tradeID=None
[CATFIX] pnl=0 청산 → 진입 재분류: KAITO/USDT:USDT buy 수량=9.00000000 tradeID=243056081
[진입유실 방지 자동보정] SHORT KAITO/USDT:USDT exit=2026-07-27 23:37:02 미매칭수량=9.00000000 orderID=3780263207016538112 tradeID=None
[진입유실 방지 자동보정] LONG KAITO/USDT:USDT exit=2026-07-28 00:17:06 미매칭수량=9.00000000 orderID=3780343864489091072 tradeID=None
[진입유실 방지 자동보정] SHORT KAITO/USDT:USDT exit=2026-07-27 23:37:02 미매칭수량=9.00000000 orderID=3780263207016538112 tradeID=None
[진입유실 방지 자동보정] LONG KAITO/USDT:USDT exit=2026-07-28 00:17:06 미매칭수량=9.00000000 orderID=3780343864489091072 tradeID=None
[진입유실 방지 자동보정] SHORT KAITO/USDT:USDT exit=2026-07-27 23:37:02 미매칭수량=9.00000000 orderID=3780263207016538112 tradeID=None
[진입유실 방지 자동보정] LONG KAITO/USDT:USDT exit=2026-07-28 00:17:06 미매칭수량=9.00000000 orderID=3780343864489091072 tradeID=None
[진입유실 방지 자동보정] SHORT KAITO/USDT:USDT exit=2026-07-27 23:37:02 미매칭수량=9.00000000 orderID=3780263207016538112 tradeID=None
[진입유실 방지 자동보정] LONG KAITO/USDT:USDT exit=2026-07-28 00:17:06 미매칭수량=9.00000000 orderID=3780343864489091072 tradeID=None
[DISCORD 1MIN] 02:40:42 ok=True Group 1(5): status=204 | Group 2(3): status=204 collect=8.7s post=0.7s
[DISCORD 1MIN] 02:41:42 ok=True Group 1(5): status=204 | Group 2(3): status=204 collect=8.5s post=0.8s
[DISCORD 1MIN] 02:42:42 ok=True Group 1(5): status=204 | Group 2(3): status=204 collect=8.4s post=0.6s
[DISCORD 1MIN] 02:43:42 ok=True Group 1(5): status=204 | Group 2(3): status=204 collect=8.4s post=0.7s
[DISCORD 1MIN] 02:44:42 ok=True Group 1(5): status=204 | Group 2(3): status=204 collect=8.4s post=0.7s
[진입유실 방지 자동보정] SHORT KAITO/USDT:USDT exit=2026-07-27 23:37:02 미매칭수량=9.00000000 orderID=3780263207016538112 tradeID=None
[진입유실 방지 자동보정] LONG KAITO/USDT:USDT exit=2026-07-28 00:17:06 미매칭수량=9.00000000 orderID=3780343864489091072 tradeID=None
[진입유실 방지 자동보정] SHORT KAITO/USDT:USDT exit=2026-07-27 23:37:02 미매칭수량=9.00000000 orderID=3780263207016538112 tradeID=None
[진입유실 방지 자동보정] LONG KAITO/USDT:USDT exit=2026-07-28 00:17:06 미매칭수량=9.00000000 orderID=3780343864489091072 tradeID=None
[진입유실 방지 자동보정] SHORT KAITO/USDT:USDT exit=2026-07-27 23:37:02 미매칭수량=9.00000000 orderID=3780263207016538112 tradeID=None
[진입유실 방지 자동보정] LONG KAITO/USDT:USDT exit=2026-07-28 00:17:06 미매칭수량=9.00000000 orderID=3780343864489091072 tradeID=None
[CATFIX] pnl=0 청산 → 진입 재분류: KAITO/USDT:USDT buy 수량=9.00000000 tradeID=243056081
[진입유실 방지 자동보정] SHORT KAITO/USDT:USDT exit=2026-07-27 23:37:02 미매칭수량=9.00000000 orderID=3780263207016538112 tradeID=None
[진입유실 방지 자동보정] LONG KAITO/USDT:USDT exit=2026-07-28 00:17:06 미매칭수량=9.00000000 orderID=3780343864489091072 tradeID=None
[진입유실 방지 자동보정] SHORT KAITO/USDT:USDT exit=2026-07-27 23:37:02 미매칭수량=9.00000000 orderID=3780263207016538112 tradeID=None
[진입유실 방지 자동보정] LONG KAITO/USDT:USDT exit=2026-07-28 00:17:06 미매칭수량=9.00000000 orderID=3780343864489091072 tradeID=None
[진입유실 방지 자동보정] SHORT KAITO/USDT:USDT exit=2026-07-27 23:37:02 미매칭수량=9.00000000 orderID=3780263207016538112 tradeID=None
[진입유실 방지 자동보정] LONG KAITO/USDT:USDT exit=2026-07-28 00:17:06 미매칭수량=9.00000000 orderID=3780343864489091072 tradeID=None
[진입유실 방지 자동보정] SHORT KAITO/USDT:USDT exit=2026-07-27 23:37:02 미매칭수량=9.00000000 orderID=3780263207016538112 tradeID=None
[진입유실 방지 자동보정] LONG KAITO/USDT:USDT exit=2026-07-28 00:17:06 미매칭수량=9.00000000 orderID=3780343864489091072 tradeID=None
[DISCORD 1MIN] 02:45:42 ok=True Group 1(5): status=204 | Group 2(3): status=204 collect=8.6s post=0.7s
[DISCORD 1MIN] 02:46:42 ok=True Group 1(5): status=204 | Group 2(3): status=204 collect=8.4s post=0.7s
[DISCORD 1MIN] 02:47:42 ok=True Group 1(5): status=204 | Group 2(3): status=204 collect=8.7s post=0.7s
[DISCORD 1MIN] 02:48:42 ok=True Group 1(5): status=204 | Group 2(3): status=204 collect=8.4s post=0.6s
[DISCORD 1MIN] 02:49:42 ok=True Group 1(5): status=204 | Group 2(3): status=204 collect=8.7s post=0.7s
[진입유실 방지 자동보정] SHORT KAITO/USDT:USDT exit=2026-07-27 23:37:02 미매칭수량=9.00000000 orderID=3780263207016538112 tradeID=None
[진입유실 방지 자동보정] LONG KAITO/USDT:USDT exit=2026-07-28 00:17:06 미매칭수량=9.00000000 orderID=3780343864489091072 tradeID=None
[진입유실 방지 자동보정] SHORT KAITO/USDT:USDT exit=2026-07-27 23:37:02 미매칭수량=9.00000000 orderID=3780263207016538112 tradeID=None
[진입유실 방지 자동보정] LONG KAITO/USDT:USDT exit=2026-07-28 00:17:06 미매칭수량=9.00000000 orderID=3780343864489091072 tradeID=None
[진입유실 방지 자동보정] SHORT KAITO/USDT:USDT exit=2026-07-27 23:37:02 미매칭수량=9.00000000 orderID=3780263207016538112 tradeID=None
[진입유실 방지 자동보정] LONG KAITO/USDT:USDT exit=2026-07-28 00:17:06 미매칭수량=9.00000000 orderID=3780343864489091072 tradeID=None
[CATFIX] pnl=0 청산 → 진입 재분류: KAITO/USDT:USDT buy 수량=9.00000000 tradeID=243056081
[진입유실 방지 자동보정] SHORT KAITO/USDT:USDT exit=2026-07-27 23:37:02 미매칭수량=9.00000000 orderID=3780263207016538112 tradeID=None
[진입유실 방지 자동보정] LONG KAITO/USDT:USDT exit=2026-07-28 00:17:06 미매칭수량=9.00000000 orderID=3780343864489091072 tradeID=None
[진입유실 방지 자동보정] SHORT KAITO/USDT:USDT exit=2026-07-27 23:37:02 미매칭수량=9.00000000 orderID=3780263207016538112 tradeID=None
[진입유실 방지 자동보정] LONG KAITO/USDT:USDT exit=2026-07-28 00:17:06 미매칭수량=9.00000000 orderID=3780343864489091072 tradeID=None
[진입유실 방지 자동보정] SHORT KAITO/USDT:USDT exit=2026-07-27 23:37:02 미매칭수량=9.00000000 orderID=3780263207016538112 tradeID=None
[진입유실 방지 자동보정] LONG KAITO/USDT:USDT exit=2026-07-28 00:17:06 미매칭수량=9.00000000 orderID=3780343864489091072 tradeID=None
[진입유실 방지 자동보정] SHORT KAITO/USDT:USDT exit=2026-07-27 23:37:02 미매칭수량=9.00000000 orderID=3780263207016538112 tradeID=None
[진입유실 방지 자동보정] LONG KAITO/USDT:USDT exit=2026-07-28 00:17:06 미매칭수량=9.00000000 orderID=3780343864489091072 tradeID=None
[DISCORD 1MIN] 02:50:42 ok=True Group 1(5): status=204 | Group 2(3): status=204 collect=8.5s post=0.8s
[DISCORD 1MIN] 02:51:42 ok=True Group 1(5): status=204 | Group 2(3): status=204 collect=8.5s post=0.7s
[DISCORD 1MIN] 02:52:43 ok=True Group 1(5): status=204 | Group 2(3): status=204 collect=8.4s post=1.1s
[DISCORD 1MIN] 02:53:42 ok=True Group 1(5): status=204 | Group 2(3): status=204 collect=8.4s post=0.7s
[DISCORD 1MIN] 02:54:42 ok=True Group 1(5): status=204 | Group 2(3): status=204 collect=8.6s post=0.7s
[진입유실 방지 자동보정] SHORT KAITO/USDT:USDT exit=2026-07-27 23:37:02 미매칭수량=9.00000000 orderID=3780263207016538112 tradeID=None
[진입유실 방지 자동보정] LONG KAITO/USDT:USDT exit=2026-07-28 00:17:06 미매칭수량=9.00000000 orderID=3780343864489091072 tradeID=None
[진입유실 방지 자동보정] SHORT KAITO/USDT:USDT exit=2026-07-27 23:37:02 미매칭수량=9.00000000 orderID=3780263207016538112 tradeID=None
[진입유실 방지 자동보정] LONG KAITO/USDT:USDT exit=2026-07-28 00:17:06 미매칭수량=9.00000000 orderID=3780343864489091072 tradeID=None
[진입유실 방지 자동보정] SHORT KAITO/USDT:USDT exit=2026-07-27 23:37:02 미매칭수량=9.00000000 orderID=3780263207016538112 tradeID=None
[진입유실 방지 자동보정] LONG KAITO/USDT:USDT exit=2026-07-28 00:17:06 미매칭수량=9.00000000 orderID=3780343864489091072 tradeID=None
[CATFIX] pnl=0 청산 → 진입 재분류: KAITO/USDT:USDT buy 수량=9.00000000 tradeID=243056081
[진입유실 방지 자동보정] SHORT KAITO/USDT:USDT exit=2026-07-27 23:37:02 미매칭수량=9.00000000 orderID=3780263207016538112 tradeID=None
[진입유실 방지 자동보정] LONG KAITO/USDT:USDT exit=2026-07-28 00:17:06 미매칭수량=9.00000000 orderID=3780343864489091072 tradeID=None
[진입유실 방지 자동보정] SHORT KAITO/USDT:USDT exit=2026-07-27 23:37:02 미매칭수량=9.00000000 orderID=3780263207016538112 tradeID=None
[진입유실 방지 자동보정] LONG KAITO/USDT:USDT exit=2026-07-28 00:17:06 미매칭수량=9.00000000 orderID=3780343864489091072 tradeID=None
[진입유실 방지 자동보정] SHORT KAITO/USDT:USDT exit=2026-07-27 23:37:02 미매칭수량=9.00000000 orderID=3780263207016538112 tradeID=None
[진입유실 방지 자동보정] LONG KAITO/USDT:USDT exit=2026-07-28 00:17:06 미매칭수량=9.00000000 orderID=3780343864489091072 tradeID=None
[진입유실 방지 자동보정] SHORT KAITO/USDT:USDT exit=2026-07-27 23:37:02 미매칭수량=9.00000000 orderID=3780263207016538112 tradeID=None
[진입유실 방지 자동보정] LONG KAITO/USDT:USDT exit=2026-07-28 00:17:06 미매칭수량=9.00000000 orderID=3780343864489091072 tradeID=None
[DISCORD 1MIN] 02:55:42 ok=True Group 1(5): status=204 | Group 2(3): status=204 collect=8.5s post=0.6s
[DISCORD 1MIN] 02:56:42 ok=True Group 1(5): status=204 | Group 2(3): status=204 collect=8.7s post=0.8s
[DISCORD 1MIN] 02:57:42 ok=True Group 1(5): status=204 | Group 2(3): status=204 collect=8.4s post=0.8s
[DISCORD 1MIN] 02:58:42 ok=True Group 1(5): status=204 | Group 2(3): status=204 collect=8.5s post=0.7s
[DISCORD 1MIN] 02:59:42 ok=True Group 1(5): status=204 | Group 2(3): status=204 collect=8.4s post=0.7s
[진입유실 방지 자동보정] SHORT KAITO/USDT:USDT exit=2026-07-27 23:37:02 미매칭수량=9.00000000 orderID=3780263207016538112 tradeID=None
[진입유실 방지 자동보정] LONG KAITO/USDT:USDT exit=2026-07-28 00:17:06 미매칭수량=9.00000000 orderID=3780343864489091072 tradeID=None
[진입유실 방지 자동보정] SHORT KAITO/USDT:USDT exit=2026-07-27 23:37:02 미매칭수량=9.00000000 orderID=3780263207016538112 tradeID=None
[진입유실 방지 자동보정] LONG KAITO/USDT:USDT exit=2026-07-28 00:17:06 미매칭수량=9.00000000 orderID=3780343864489091072 tradeID=None
[진입유실 방지 자동보정] SHORT KAITO/USDT:USDT exit=2026-07-27 23:37:02 미매칭수량=9.00000000 orderID=3780263207016538112 tradeID=None
[진입유실 방지 자동보정] LONG KAITO/USDT:USDT exit=2026-07-28 00:17:06 미매칭수량=9.00000000 orderID=3780343864489091072 tradeID=None
[CATFIX] pnl=0 청산 → 진입 재분류: KAITO/USDT:USDT buy 수량=9.00000000 tradeID=243056081
[진입유실 방지 자동보정] SHORT KAITO/USDT:USDT exit=2026-07-27 23:37:02 미매칭수량=9.00000000 orderID=3780263207016538112 tradeID=None
[진입유실 방지 자동보정] LONG KAITO/USDT:USDT exit=2026-07-28 00:17:06 미매칭수량=9.00000000 orderID=3780343864489091072 tradeID=None
[진입유실 방지 자동보정] SHORT KAITO/USDT:USDT exit=2026-07-27 23:37:02 미매칭수량=9.00000000 orderID=3780263207016538112 tradeID=None
[진입유실 방지 자동보정] LONG KAITO/USDT:USDT exit=2026-07-28 00:17:06 미매칭수량=9.00000000 orderID=3780343864489091072 tradeID=None
[진입유실 방지 자동보정] SHORT KAITO/USDT:USDT exit=2026-07-27 23:37:02 미매칭수량=9.00000000 orderID=3780263207016538112 tradeID=None
[진입유실 방지 자동보정] LONG KAITO/USDT:USDT exit=2026-07-28 00:17:06 미매칭수량=9.00000000 orderID=3780343864489091072 tradeID=None
[진입유실 방지 자동보정] SHORT KAITO/USDT:USDT exit=2026-07-27 23:37:02 미매칭수량=9.00000000 orderID=3780263207016538112 tradeID=None
[진입유실 방지 자동보정] LONG KAITO/USDT:USDT exit=2026-07-28 00:17:06 미매칭수량=9.00000000 orderID=3780343864489091072 tradeID=None
[DISCORD 1MIN] 03:00:42 ok=True Group 1(5): status=204 | Group 2(3): status=204 collect=8.4s post=0.9s
[DISCORD 1MIN] 03:01:42 ok=True Group 1(5): status=204 | Group 2(3): status=204 collect=8.5s post=0.7s
[DISCORD 1MIN] 03:02:42 ok=True Group 1(5): status=204 | Group 2(3): status=204 collect=8.4s post=0.8s
[DISCORD 1MIN] 03:03:42 ok=True Group 1(5): status=204 | Group 2(3): status=204 collect=8.6s post=0.6s
[DISCORD 1MIN] 03:04:42 ok=True Group 1(5): status=204 | Group 2(3): status=204 collect=8.4s post=0.8s
[진입유실 방지 자동보정] SHORT KAITO/USDT:USDT exit=2026-07-27 23:37:02 미매칭수량=9.00000000 orderID=3780263207016538112 tradeID=None
[진입유실 방지 자동보정] LONG KAITO/USDT:USDT exit=2026-07-28 00:17:06 미매칭수량=9.00000000 orderID=3780343864489091072 tradeID=None
[진입유실 방지 자동보정] SHORT KAITO/USDT:USDT exit=2026-07-27 23:37:02 미매칭수량=9.00000000 orderID=3780263207016538112 tradeID=None
[진입유실 방지 자동보정] LONG KAITO/USDT:USDT exit=2026-07-28 00:17:06 미매칭수량=9.00000000 orderID=3780343864489091072 tradeID=None
[진입유실 방지 자동보정] SHORT KAITO/USDT:USDT exit=2026-07-27 23:37:02 미매칭수량=9.00000000 orderID=3780263207016538112 tradeID=None
[진입유실 방지 자동보정] LONG KAITO/USDT:USDT exit=2026-07-28 00:17:06 미매칭수량=9.00000000 orderID=3780343864489091072 tradeID=None
[CATFIX] pnl=0 청산 → 진입 재분류: KAITO/USDT:USDT buy 수량=9.00000000 tradeID=243056081
[진입유실 방지 자동보정] SHORT KAITO/USDT:USDT exit=2026-07-27 23:37:02 미매칭수량=9.00000000 orderID=3780263207016538112 tradeID=None
[진입유실 방지 자동보정] LONG KAITO/USDT:USDT exit=2026-07-28 00:17:06 미매칭수량=9.00000000 orderID=3780343864489091072 tradeID=None
[진입유실 방지 자동보정] SHORT KAITO/USDT:USDT exit=2026-07-27 23:37:02 미매칭수량=9.00000000 orderID=3780263207016538112 tradeID=None
[진입유실 방지 자동보정] LONG KAITO/USDT:USDT exit=2026-07-28 00:17:06 미매칭수량=9.00000000 orderID=3780343864489091072 tradeID=None
[진입유실 방지 자동보정] SHORT KAITO/USDT:USDT exit=2026-07-27 23:37:02 미매칭수량=9.00000000 orderID=3780263207016538112 tradeID=None
[진입유실 방지 자동보정] LONG KAITO/USDT:USDT exit=2026-07-28 00:17:06 미매칭수량=9.00000000 orderID=3780343864489091072 tradeID=None
[진입유실 방지 자동보정] SHORT KAITO/USDT:USDT exit=2026-07-27 23:37:02 미매칭수량=9.00000000 orderID=3780263207016538112 tradeID=None
[진입유실 방지 자동보정] LONG KAITO/USDT:USDT exit=2026-07-28 00:17:06 미매칭수량=9.00000000 orderID=3780343864489091072 tradeID=None
[DISCORD 1MIN] 03:05:43 ok=True Group 1(5): status=204 | Group 2(3): status=204 collect=8.6s post=0.8s
[DISCORD 1MIN] 03:06:42 ok=True Group 1(5): status=204 | Group 2(3): status=204 collect=8.4s post=0.8s
[DISCORD 1MIN] 03:07:42 ok=True Group 1(5): status=204 | Group 2(3): status=204 collect=8.4s post=0.7s
[DISCORD 1MIN] 03:08:42 ok=True Group 1(5): status=204 | Group 2(3): status=204 collect=8.4s post=0.8s
[DISCORD 1MIN] 03:09:42 ok=True Group 1(5): status=204 | Group 2(3): status=204 collect=8.4s post=0.8s
[진입유실 방지 자동보정] SHORT KAITO/USDT:USDT exit=2026-07-27 23:37:02 미매칭수량=9.00000000 orderID=3780263207016538112 tradeID=None
[진입유실 방지 자동보정] LONG KAITO/USDT:USDT exit=2026-07-28 00:17:06 미매칭수량=9.00000000 orderID=3780343864489091072 tradeID=None
[진입유실 방지 자동보정] SHORT KAITO/USDT:USDT exit=2026-07-27 23:37:02 미매칭수량=9.00000000 orderID=3780263207016538112 tradeID=None
[진입유실 방지 자동보정] LONG KAITO/USDT:USDT exit=2026-07-28 00:17:06 미매칭수량=9.00000000 orderID=3780343864489091072 tradeID=None
[진입유실 방지 자동보정] SHORT KAITO/USDT:USDT exit=2026-07-27 23:37:02 미매칭수량=9.00000000 orderID=3780263207016538112 tradeID=None
[진입유실 방지 자동보정] LONG KAITO/USDT:USDT exit=2026-07-28 00:17:06 미매칭수량=9.00000000 orderID=3780343864489091072 tradeID=None
[CATFIX] pnl=0 청산 → 진입 재분류: KAITO/USDT:USDT buy 수량=9.00000000 tradeID=243056081
[진입유실 방지 자동보정] SHORT KAITO/USDT:USDT exit=2026-07-27 23:37:02 미매칭수량=9.00000000 orderID=3780263207016538112 tradeID=None
[진입유실 방지 자동보정] LONG KAITO/USDT:USDT exit=2026-07-28 00:17:06 미매칭수량=9.00000000 orderID=3780343864489091072 tradeID=None
[진입유실 방지 자동보정] SHORT KAITO/USDT:USDT exit=2026-07-27 23:37:02 미매칭수량=9.00000000 orderID=3780263207016538112 tradeID=None
[진입유실 방지 자동보정] LONG KAITO/USDT:USDT exit=2026-07-28 00:17:06 미매칭수량=9.00000000 orderID=3780343864489091072 tradeID=None
[진입유실 방지 자동보정] SHORT KAITO/USDT:USDT exit=2026-07-27 23:37:02 미매칭수량=9.00000000 orderID=3780263207016538112 tradeID=None
[진입유실 방지 자동보정] LONG KAITO/USDT:USDT exit=2026-07-28 00:17:06 미매칭수량=9.00000000 orderID=3780343864489091072 tradeID=None
[진입유실 방지 자동보정] SHORT KAITO/USDT:USDT exit=2026-07-27 23:37:02 미매칭수량=9.00000000 orderID=3780263207016538112 tradeID=None
[진입유실 방지 자동보정] LONG KAITO/USDT:USDT exit=2026-07-28 00:17:06 미매칭수량=9.00000000 orderID=3780343864489091072 tradeID=None
[DISCORD 1MIN] 03:10:43 ok=True Group 1(5): status=204 | Group 2(3): status=204 collect=8.5s post=0.9s
[DISCORD 1MIN] 03:11:42 ok=True Group 1(5): status=204 | Group 2(3): status=204 collect=8.4s post=0.7s
[DISCORD 1MIN] 03:12:43 ok=True Group 1(5): status=204 | Group 2(3): status=204 collect=8.8s post=0.7s
[DISCORD 1MIN] 03:13:42 ok=True Group 1(5): status=204 | Group 2(3): status=204 collect=8.3s post=0.7s
[DISCORD 1MIN] 03:14:42 ok=True Group 1(5): status=204 | Group 2(3): status=204 collect=8.5s post=0.7s
[진입유실 방지 자동보정] SHORT KAITO/USDT:USDT exit=2026-07-27 23:37:02 미매칭수량=9.00000000 orderID=3780263207016538112 tradeID=None
[진입유실 방지 자동보정] LONG KAITO/USDT:USDT exit=2026-07-28 00:17:06 미매칭수량=9.00000000 orderID=3780343864489091072 tradeID=None
[진입유실 방지 자동보정] SHORT KAITO/USDT:USDT exit=2026-07-27 23:37:02 미매칭수량=9.00000000 orderID=3780263207016538112 tradeID=None
[진입유실 방지 자동보정] LONG KAITO/USDT:USDT exit=2026-07-28 00:17:06 미매칭수량=9.00000000 orderID=3780343864489091072 tradeID=None
[진입유실 방지 자동보정] SHORT KAITO/USDT:USDT exit=2026-07-27 23:37:02 미매칭수량=9.00000000 orderID=3780263207016538112 tradeID=None
[진입유실 방지 자동보정] LONG KAITO/USDT:USDT exit=2026-07-28 00:17:06 미매칭수량=9.00000000 orderID=3780343864489091072 tradeID=None
[CATFIX] pnl=0 청산 → 진입 재분류: KAITO/USDT:USDT buy 수량=9.00000000 tradeID=243056081
[진입유실 방지 자동보정] SHORT KAITO/USDT:USDT exit=2026-07-27 23:37:02 미매칭수량=9.00000000 orderID=3780263207016538112 tradeID=None
[진입유실 방지 자동보정] LONG KAITO/USDT:USDT exit=2026-07-28 00:17:06 미매칭수량=9.00000000 orderID=3780343864489091072 tradeID=None
[진입유실 방지 자동보정] SHORT KAITO/USDT:USDT exit=2026-07-27 23:37:02 미매칭수량=9.00000000 orderID=3780263207016538112 tradeID=None
[진입유실 방지 자동보정] LONG KAITO/USDT:USDT exit=2026-07-28 00:17:06 미매칭수량=9.00000000 orderID=3780343864489091072 tradeID=None
[진입유실 방지 자동보정] SHORT KAITO/USDT:USDT exit=2026-07-27 23:37:02 미매칭수량=9.00000000 orderID=3780263207016538112 tradeID=None
[진입유실 방지 자동보정] LONG KAITO/USDT:USDT exit=2026-07-28 00:17:06 미매칭수량=9.00000000 orderID=3780343864489091072 tradeID=None
[진입유실 방지 자동보정] SHORT KAITO/USDT:USDT exit=2026-07-27 23:37:02 미매칭수량=9.00000000 orderID=3780263207016538112 tradeID=None
[진입유실 방지 자동보정] LONG KAITO/USDT:USDT exit=2026-07-28 00:17:06 미매칭수량=9.00000000 orderID=3780343864489091072 tradeID=None
[DISCORD 1MIN] 03:15:42 ok=True Group 1(5): status=204 | Group 2(3): status=204 collect=8.4s post=0.9s
[DISCORD 1MIN] 03:16:42 ok=True Group 1(5): status=204 | Group 2(3): status=204 collect=8.4s post=0.8s
[DISCORD 1MIN] 03:17:42 ok=True Group 1(5): status=204 | Group 2(3): status=204 collect=8.4s post=0.8s
[DISCORD 1MIN] 03:18:42 ok=True Group 1(5): status=204 | Group 2(3): status=204 collect=8.4s post=0.8s
[DISCORD 1MIN] 03:19:42 ok=True Group 1(5): status=204 | Group 2(3): status=204 collect=8.6s post=0.6s
[진입유실 방지 자동보정] SHORT KAITO/USDT:USDT exit=2026-07-27 23:37:02 미매칭수량=9.00000000 orderID=3780263207016538112 tradeID=None
[진입유실 방지 자동보정] LONG KAITO/USDT:USDT exit=2026-07-28 00:17:06 미매칭수량=9.00000000 orderID=3780343864489091072 tradeID=None
[진입유실 방지 자동보정] SHORT KAITO/USDT:USDT exit=2026-07-27 23:37:02 미매칭수량=9.00000000 orderID=3780263207016538112 tradeID=None
[진입유실 방지 자동보정] LONG KAITO/USDT:USDT exit=2026-07-28 00:17:06 미매칭수량=9.00000000 orderID=3780343864489091072 tradeID=None
[진입유실 방지 자동보정] SHORT KAITO/USDT:USDT exit=2026-07-27 23:37:02 미매칭수량=9.00000000 orderID=3780263207016538112 tradeID=None
[진입유실 방지 자동보정] LONG KAITO/USDT:USDT exit=2026-07-28 00:17:06 미매칭수량=9.00000000 orderID=3780343864489091072 tradeID=None
[CATFIX] pnl=0 청산 → 진입 재분류: KAITO/USDT:USDT buy 수량=9.00000000 tradeID=243056081
[진입유실 방지 자동보정] SHORT KAITO/USDT:USDT exit=2026-07-27 23:37:02 미매칭수량=9.00000000 orderID=3780263207016538112 tradeID=None
[진입유실 방지 자동보정] LONG KAITO/USDT:USDT exit=2026-07-28 00:17:06 미매칭수량=9.00000000 orderID=3780343864489091072 tradeID=None
[진입유실 방지 자동보정] SHORT KAITO/USDT:USDT exit=2026-07-27 23:37:02 미매칭수량=9.00000000 orderID=3780263207016538112 tradeID=None
[진입유실 방지 자동보정] LONG KAITO/USDT:USDT exit=2026-07-28 00:17:06 미매칭수량=9.00000000 orderID=3780343864489091072 tradeID=None
[진입유실 방지 자동보정] SHORT KAITO/USDT:USDT exit=2026-07-27 23:37:02 미매칭수량=9.00000000 orderID=3780263207016538112 tradeID=None
[진입유실 방지 자동보정] LONG KAITO/USDT:USDT exit=2026-07-28 00:17:06 미매칭수량=9.00000000 orderID=3780343864489091072 tradeID=None
[진입유실 방지 자동보정] SHORT KAITO/USDT:USDT exit=2026-07-27 23:37:02 미매칭수량=9.00000000 orderID=3780263207016538112 tradeID=None
[진입유실 방지 자동보정] LONG KAITO/USDT:USDT exit=2026-07-28 00:17:06 미매칭수량=9.00000000 orderID=3780343864489091072 tradeID=None
[DISCORD 1MIN] 03:20:42 ok=True Group 1(5): status=204 | Group 2(3): status=204 collect=8.5s post=0.7s
[DISCORD 1MIN] 03:21:43 ok=True Group 1(5): status=204 | Group 2(3): status=204 collect=8.8s post=0.8s
[DISCORD 1MIN] 03:22:42 ok=True Group 1(5): status=204 | Group 2(3): status=204 collect=8.5s post=0.8s
[DISCORD 1MIN] 03:23:42 ok=True Group 1(5): status=204 | Group 2(3): status=204 collect=8.5s post=0.7s
[DISCORD 1MIN] 03:24:42 ok=True Group 1(5): status=204 | Group 2(3): status=204 collect=8.4s post=0.8s
[진입유실 방지 자동보정] LONG KAITO/USDT:USDT exit=2026-05-23 07:44:17 미매칭수량=101.00000000 orderID=3589903302570221568 tradeID=None
[AUTO_REPAIR] 8401 점검 중 예외: cannot access local variable 'entry' where it is not associated with a value
[진입유실 방지 자동보정] LONG KAITO/USDT:USDT exit=2026-05-23 07:44:17 미매칭수량=101.00000000 orderID=3589903302570221568 tradeID=None
[AUTO_REPAIR] 8402 점검 중 예외: cannot access local variable 'entry' where it is not associated with a value
[진입유실 방지 자동보정] LONG KAITO/USDT:USDT exit=2026-05-23 07:44:17 미매칭수량=101.00000000 orderID=3589903302570221568 tradeID=None
[진입유실 방지 자동보정] LONG KAITO/USDT:USDT exit=2026-05-23 09:16:43 미매칭수량=103.00000000 orderID=3590089470679130112 tradeID=None
[진입유실 방지 자동보정] SHORT KAITO/USDT:USDT exit=2026-07-27 23:37:02 미매칭수량=9.00000000 orderID=3780263207016538112 tradeID=None
[진입유실 방지 자동보정] LONG KAITO/USDT:USDT exit=2026-07-28 00:17:06 미매칭수량=9.00000000 orderID=3780343864489091072 tradeID=None
[CATFIX] pnl=0 청산 → 진입 재분류: KAITO/USDT:USDT buy 수량=9.00000000 tradeID=243056081
[진입유실 방지 자동보정] LONG KAITO/USDT:USDT exit=2026-05-23 07:44:17 미매칭수량=101.00000000 orderID=3589903302570221568 tradeID=None
[AUTO_REPAIR] 8404 점검 중 예외: cannot access local variable 'entry' where it is not associated with a value
[진입유실 방지 자동보정] LONG KAITO/USDT:USDT exit=2026-05-23 07:44:17 미매칭수량=101.00000000 orderID=3589903302570221568 tradeID=None
[AUTO_REPAIR] 8405 점검 중 예외: cannot access local variable 'entry' where it is not associated with a value
[진입유실 방지 자동보정] LONG KAITO/USDT:USDT exit=2026-05-23 07:44:17 미매칭수량=101.00000000 orderID=3589903302570221568 tradeID=None
[AUTO_REPAIR] 8407 점검 중 예외: cannot access local variable 'entry' where it is not associated with a value
[진입유실 방지 자동보정] LONG KAITO/USDT:USDT exit=2026-05-23 07:44:17 미매칭수량=101.00000000 orderID=3589903302570221568 tradeID=None
[AUTO_REPAIR] 8408 점검 중 예외: cannot access local variable 'entry' where it is not associated with a value
[진입유실 방지 자동보정] LONG KAITO/USDT:USDT exit=2026-05-23 07:44:17 미매칭수량=101.00000000 orderID=3589903302570221568 tradeID=None
[AUTO_REPAIR] 8409 점검 중 예외: cannot access local variable 'entry' where it is not associated with a value
[DISCORD 1MIN] 03:25:42 ok=True Group 1(5): status=204 | Group 2(3): status=204 collect=8.5s post=0.8s
[DISCORD 1MIN] 03:26:42 ok=True Group 1(5): status=204 | Group 2(3): status=204 collect=8.5s post=0.8s
[DISCORD 1MIN] 03:27:42 ok=True Group 1(5): status=204 | Group 2(3): status=204 collect=8.4s post=0.6s
[DISCORD 1MIN] 03:28:43 ok=True Group 1(5): status=204 | Group 2(3): status=204 collect=8.7s post=0.9s
[DISCORD 1MIN] 03:29:42 ok=True Group 1(5): status=204 | Group 2(3): status=204 collect=8.4s post=0.8s
[진입유실 방지 자동보정] LONG KAITO/USDT:USDT exit=2026-05-23 07:44:17 미매칭수량=101.00000000 orderID=3589903302570221568 tradeID=None
[AUTO_REPAIR] 8401 점검 중 예외: cannot access local variable 'entry' where it is not associated with a value
[진입유실 방지 자동보정] LONG KAITO/USDT:USDT exit=2026-05-23 07:44:17 미매칭수량=101.00000000 orderID=3589903302570221568 tradeID=None
[AUTO_REPAIR] 8402 점검 중 예외: cannot access local variable 'entry' where it is not associated with a value
[진입유실 방지 자동보정] LONG KAITO/USDT:USDT exit=2026-05-23 07:44:17 미매칭수량=101.00000000 orderID=3589903302570221568 tradeID=None
[진입유실 방지 자동보정] LONG KAITO/USDT:USDT exit=2026-05-23 09:16:43 미매칭수량=103.00000000 orderID=3590089470679130112 tradeID=None
[진입유실 방지 자동보정] SHORT KAITO/USDT:USDT exit=2026-07-27 23:37:02 미매칭수량=9.00000000 orderID=3780263207016538112 tradeID=None
[진입유실 방지 자동보정] LONG KAITO/USDT:USDT exit=2026-07-28 00:17:06 미매칭수량=9.00000000 orderID=3780343864489091072 tradeID=None
[CATFIX] pnl=0 청산 → 진입 재분류: KAITO/USDT:USDT buy 수량=9.00000000 tradeID=243056081
[진입유실 방지 자동보정] LONG KAITO/USDT:USDT exit=2026-05-23 07:44:17 미매칭수량=101.00000000 orderID=3589903302570221568 tradeID=None
[AUTO_REPAIR] 8404 점검 중 예외: cannot access local variable 'entry' where it is not associated with a value
[진입유실 방지 자동보정] LONG KAITO/USDT:USDT exit=2026-05-23 07:44:17 미매칭수량=101.00000000 orderID=3589903302570221568 tradeID=None
[AUTO_REPAIR] 8405 점검 중 예외: cannot access local variable 'entry' where it is not associated with a value
[진입유실 방지 자동보정] LONG KAITO/USDT:USDT exit=2026-05-23 07:44:17 미매칭수량=101.00000000 orderID=3589903302570221568 tradeID=None
[AUTO_REPAIR] 8407 점검 중 예외: cannot access local variable 'entry' where it is not associated with a value
[진입유실 방지 자동보정] LONG KAITO/USDT:USDT exit=2026-05-23 07:44:17 미매칭수량=101.00000000 orderID=3589903302570221568 tradeID=None
[AUTO_REPAIR] 8408 점검 중 예외: cannot access local variable 'entry' where it is not associated with a value
[진입유실 방지 자동보정] LONG KAITO/USDT:USDT exit=2026-05-23 07:44:17 미매칭수량=101.00000000 orderID=3589903302570221568 tradeID=None
[AUTO_REPAIR] 8409 점검 중 예외: cannot access local variable 'entry' where it is not associated with a value
[DISCORD 1MIN] 03:30:43 ok=True Group 1(5): status=204 | Group 2(3): status=204 collect=8.6s post=0.8s
[DISCORD 1MIN] 03:31:42 ok=True Group 1(5): status=204 | Group 2(3): status=204 collect=8.4s post=0.7s
[DISCORD 1MIN] 03:32:42 ok=True Group 1(5): status=204 | Group 2(3): status=204 collect=8.5s post=0.7s
[DISCORD 1MIN] 03:33:42 ok=True Group 1(5): status=204 | Group 2(3): status=204 collect=8.4s post=0.6s
[DISCORD 1MIN] 03:34:42 ok=True Group 1(5): status=204 | Group 2(3): status=204 collect=8.5s post=0.7s
[진입유실 방지 자동보정] LONG KAITO/USDT:USDT exit=2026-05-23 07:44:17 미매칭수량=101.00000000 orderID=3589903302570221568 tradeID=None
[AUTO_REPAIR] 8401 점검 중 예외: cannot access local variable 'entry' where it is not associated with a value
[진입유실 방지 자동보정] LONG KAITO/USDT:USDT exit=2026-05-23 07:44:17 미매칭수량=101.00000000 orderID=3589903302570221568 tradeID=None
[AUTO_REPAIR] 8402 점검 중 예외: cannot access local variable 'entry' where it is not associated with a value
[진입유실 방지 자동보정] LONG KAITO/USDT:USDT exit=2026-05-23 07:44:17 미매칭수량=101.00000000 orderID=3589903302570221568 tradeID=None
[진입유실 방지 자동보정] LONG KAITO/USDT:USDT exit=2026-05-23 09:16:43 미매칭수량=103.00000000 orderID=3590089470679130112 tradeID=None
[진입유실 방지 자동보정] SHORT KAITO/USDT:USDT exit=2026-07-27 23:37:02 미매칭수량=9.00000000 orderID=3780263207016538112 tradeID=None
[진입유실 방지 자동보정] LONG KAITO/USDT:USDT exit=2026-07-28 00:17:06 미매칭수량=9.00000000 orderID=3780343864489091072 tradeID=None
[CATFIX] pnl=0 청산 → 진입 재분류: KAITO/USDT:USDT buy 수량=9.00000000 tradeID=243056081
[진입유실 방지 자동보정] LONG KAITO/USDT:USDT exit=2026-05-23 07:44:17 미매칭수량=101.00000000 orderID=3589903302570221568 tradeID=None
[AUTO_REPAIR] 8404 점검 중 예외: cannot access local variable 'entry' where it is not associated with a value
[진입유실 방지 자동보정] LONG KAITO/USDT:USDT exit=2026-05-23 07:44:17 미매칭수량=101.00000000 orderID=3589903302570221568 tradeID=None
[AUTO_REPAIR] 8405 점검 중 예외: cannot access local variable 'entry' where it is not associated with a value
[진입유실 방지 자동보정] LONG KAITO/USDT:USDT exit=2026-05-23 07:44:17 미매칭수량=101.00000000 orderID=3589903302570221568 tradeID=None
[AUTO_REPAIR] 8407 점검 중 예외: cannot access local variable 'entry' where it is not associated with a value
[진입유실 방지 자동보정] LONG KAITO/USDT:USDT exit=2026-05-23 07:44:17 미매칭수량=101.00000000 orderID=3589903302570221568 tradeID=None
[AUTO_REPAIR] 8408 점검 중 예외: cannot access local variable 'entry' where it is not associated with a value
[진입유실 방지 자동보정] LONG KAITO/USDT:USDT exit=2026-05-23 07:44:17 미매칭수량=101.00000000 orderID=3589903302570221568 tradeID=None
[AUTO_REPAIR] 8409 점검 중 예외: cannot access local variable 'entry' where it is not associated with a value
[DISCORD 1MIN] 03:35:43 ok=True Group 1(5): status=204 | Group 2(3): status=204 collect=8.8s post=0.8s
[DISCORD 1MIN] 03:36:42 ok=True Group 1(5): status=204 | Group 2(3): status=204 collect=8.4s post=0.8s
[DISCORD 1MIN] 03:37:43 ok=True Group 1(5): status=204 | Group 2(3): status=204 collect=8.7s post=0.9s
[DISCORD 1MIN] 03:38:42 ok=True Group 1(5): status=204 | Group 2(3): status=204 collect=8.4s post=0.7s
[DISCORD 1MIN] 03:39:43 ok=True Group 1(5): status=204 | Group 2(3): status=204 collect=8.5s post=0.9s
[진입유실 방지 자동보정] LONG KAITO/USDT:USDT exit=2026-05-23 07:44:17 미매칭수량=101.00000000 orderID=3589903302570221568 tradeID=None
[AUTO_REPAIR] 8401 점검 중 예외: cannot access local variable 'entry' where it is not associated with a value
[진입유실 방지 자동보정] LONG KAITO/USDT:USDT exit=2026-05-23 07:44:17 미매칭수량=101.00000000 orderID=3589903302570221568 tradeID=None
[AUTO_REPAIR] 8402 점검 중 예외: cannot access local variable 'entry' where it is not associated with a value
[진입유실 방지 자동보정] LONG KAITO/USDT:USDT exit=2026-05-23 07:44:17 미매칭수량=101.00000000 orderID=3589903302570221568 tradeID=None
[진입유실 방지 자동보정] LONG KAITO/USDT:USDT exit=2026-05-23 09:16:43 미매칭수량=103.00000000 orderID=3590089470679130112 tradeID=None
[진입유실 방지 자동보정] SHORT KAITO/USDT:USDT exit=2026-07-27 23:37:02 미매칭수량=9.00000000 orderID=3780263207016538112 tradeID=None
[진입유실 방지 자동보정] LONG KAITO/USDT:USDT exit=2026-07-28 00:17:06 미매칭수량=9.00000000 orderID=3780343864489091072 tradeID=None
[CATFIX] pnl=0 청산 → 진입 재분류: KAITO/USDT:USDT buy 수량=9.00000000 tradeID=243056081
[진입유실 방지 자동보정] LONG KAITO/USDT:USDT exit=2026-05-23 07:44:17 미매칭수량=101.00000000 orderID=3589903302570221568 tradeID=None
[AUTO_REPAIR] 8404 점검 중 예외: cannot access local variable 'entry' where it is not associated with a value
[진입유실 방지 자동보정] LONG KAITO/USDT:USDT exit=2026-05-23 07:44:17 미매칭수량=101.00000000 orderID=3589903302570221568 tradeID=None
[AUTO_REPAIR] 8405 점검 중 예외: cannot access local variable 'entry' where it is not associated with a value
[진입유실 방지 자동보정] LONG KAITO/USDT:USDT exit=2026-05-23 07:44:17 미매칭수량=101.00000000 orderID=3589903302570221568 tradeID=None
[AUTO_REPAIR] 8407 점검 중 예외: cannot access local variable 'entry' where it is not associated with a value
[진입유실 방지 자동보정] LONG KAITO/USDT:USDT exit=2026-05-23 07:44:17 미매칭수량=101.00000000 orderID=3589903302570221568 tradeID=None
[AUTO_REPAIR] 8408 점검 중 예외: cannot access local variable 'entry' where it is not associated with a value
[진입유실 방지 자동보정] LONG KAITO/USDT:USDT exit=2026-05-23 07:44:17 미매칭수량=101.00000000 orderID=3589903302570221568 tradeID=None
[AUTO_REPAIR] 8409 점검 중 예외: cannot access local variable 'entry' where it is not associated with a value
[DISCORD 1MIN] 03:40:42 ok=True Group 1(5): status=204 | Group 2(3): status=204 collect=8.5s post=0.7s
[DISCORD 1MIN] 03:41:43 ok=True Group 1(5): status=204 | Group 2(3): status=204 collect=8.4s post=0.8s
[DISCORD 1MIN] 03:42:43 ok=True Group 1(5): status=204 | Group 2(3): status=204 collect=8.4s post=0.8s
[DISCORD 1MIN] 03:43:42 ok=True Group 1(5): status=204 | Group 2(3): status=204 collect=8.4s post=0.7s
[DISCORD 1MIN] 03:44:43 ok=True Group 1(5): status=204 | Group 2(3): status=204 collect=8.6s post=0.7s
[진입유실 방지 자동보정] LONG KAITO/USDT:USDT exit=2026-05-23 07:44:17 미매칭수량=101.00000000 orderID=3589903302570221568 tradeID=None
[AUTO_REPAIR] 8401 점검 중 예외: cannot access local variable 'entry' where it is not associated with a value
[진입유실 방지 자동보정] LONG KAITO/USDT:USDT exit=2026-05-23 07:44:17 미매칭수량=101.00000000 orderID=3589903302570221568 tradeID=None
[AUTO_REPAIR] 8402 점검 중 예외: cannot access local variable 'entry' where it is not associated with a value
[진입유실 방지 자동보정] LONG KAITO/USDT:USDT exit=2026-05-23 07:44:17 미매칭수량=101.00000000 orderID=3589903302570221568 tradeID=None
[진입유실 방지 자동보정] LONG KAITO/USDT:USDT exit=2026-05-23 09:16:43 미매칭수량=103.00000000 orderID=3590089470679130112 tradeID=None
[진입유실 방지 자동보정] SHORT KAITO/USDT:USDT exit=2026-07-27 23:37:02 미매칭수량=9.00000000 orderID=3780263207016538112 tradeID=None
[진입유실 방지 자동보정] LONG KAITO/USDT:USDT exit=2026-07-28 00:17:06 미매칭수량=9.00000000 orderID=3780343864489091072 tradeID=None
[CATFIX] pnl=0 청산 → 진입 재분류: KAITO/USDT:USDT buy 수량=9.00000000 tradeID=243056081
[진입유실 방지 자동보정] LONG KAITO/USDT:USDT exit=2026-05-23 07:44:17 미매칭수량=101.00000000 orderID=3589903302570221568 tradeID=None
[AUTO_REPAIR] 8404 점검 중 예외: cannot access local variable 'entry' where it is not associated with a value
[진입유실 방지 자동보정] LONG KAITO/USDT:USDT exit=2026-05-23 07:44:17 미매칭수량=101.00000000 orderID=3589903302570221568 tradeID=None
[AUTO_REPAIR] 8405 점검 중 예외: cannot access local variable 'entry' where it is not associated with a value
[진입유실 방지 자동보정] LONG KAITO/USDT:USDT exit=2026-05-23 07:44:17 미매칭수량=101.00000000 orderID=3589903302570221568 tradeID=None
[AUTO_REPAIR] 8407 점검 중 예외: cannot access local variable 'entry' where it is not associated with a value
[진입유실 방지 자동보정] LONG KAITO/USDT:USDT exit=2026-05-23 07:44:17 미매칭수량=101.00000000 orderID=3589903302570221568 tradeID=None
[AUTO_REPAIR] 8408 점검 중 예외: cannot access local variable 'entry' where it is not associated with a value
[진입유실 방지 자동보정] LONG KAITO/USDT:USDT exit=2026-05-23 07:44:17 미매칭수량=101.00000000 orderID=3589903302570221568 tradeID=None
[AUTO_REPAIR] 8409 점검 중 예외: cannot access local variable 'entry' where it is not associated with a value
[DISCORD 1MIN] 03:45:42 ok=True Group 1(5): status=204 | Group 2(3): status=204 collect=8.5s post=0.6s
[DISCORD 1MIN] 03:46:43 ok=True Group 1(5): status=204 | Group 2(3): status=204 collect=8.7s post=0.6s
[DISCORD 1MIN] 03:47:42 ok=True Group 1(5): status=204 | Group 2(3): status=204 collect=8.4s post=0.7s
[DISCORD 1MIN] 03:48:43 ok=True Group 1(5): status=204 | Group 2(3): status=204 collect=8.5s post=1.1s
[DISCORD 1MIN] 03:49:42 ok=True Group 1(5): status=204 | Group 2(3): status=204 collect=8.4s post=0.7s
[진입유실 방지 자동보정] LONG KAITO/USDT:USDT exit=2026-05-23 07:44:17 미매칭수량=101.00000000 orderID=3589903302570221568 tradeID=None
[AUTO_REPAIR] 8401 점검 중 예외: cannot access local variable 'entry' where it is not associated with a value
[진입유실 방지 자동보정] LONG KAITO/USDT:USDT exit=2026-05-23 07:44:17 미매칭수량=101.00000000 orderID=3589903302570221568 tradeID=None
[AUTO_REPAIR] 8402 점검 중 예외: cannot access local variable 'entry' where it is not associated with a value
[진입유실 방지 자동보정] LONG KAITO/USDT:USDT exit=2026-05-23 07:44:17 미매칭수량=101.00000000 orderID=3589903302570221568 tradeID=None
[진입유실 방지 자동보정] LONG KAITO/USDT:USDT exit=2026-05-23 09:16:43 미매칭수량=103.00000000 orderID=3590089470679130112 tradeID=None
[진입유실 방지 자동보정] SHORT KAITO/USDT:USDT exit=2026-07-27 23:37:02 미매칭수량=9.00000000 orderID=3780263207016538112 tradeID=None
[진입유실 방지 자동보정] LONG KAITO/USDT:USDT exit=2026-07-28 00:17:06 미매칭수량=9.00000000 orderID=3780343864489091072 tradeID=None
[CATFIX] pnl=0 청산 → 진입 재분류: KAITO/USDT:USDT buy 수량=9.00000000 tradeID=243056081
[진입유실 방지 자동보정] LONG KAITO/USDT:USDT exit=2026-05-23 07:44:17 미매칭수량=101.00000000 orderID=3589903302570221568 tradeID=None
[AUTO_REPAIR] 8404 점검 중 예외: cannot access local variable 'entry' where it is not associated with a value
[진입유실 방지 자동보정] LONG KAITO/USDT:USDT exit=2026-05-23 07:44:17 미매칭수량=101.00000000 orderID=3589903302570221568 tradeID=None
[AUTO_REPAIR] 8405 점검 중 예외: cannot access local variable 'entry' where it is not associated with a value
[진입유실 방지 자동보정] LONG KAITO/USDT:USDT exit=2026-05-23 07:44:17 미매칭수량=101.00000000 orderID=3589903302570221568 tradeID=None
[AUTO_REPAIR] 8407 점검 중 예외: cannot access local variable 'entry' where it is not associated with a value
[진입유실 방지 자동보정] LONG KAITO/USDT:USDT exit=2026-05-23 07:44:17 미매칭수량=101.00000000 orderID=3589903302570221568 tradeID=None
[AUTO_REPAIR] 8408 점검 중 예외: cannot access local variable 'entry' where it is not associated with a value
[진입유실 방지 자동보정] LONG KAITO/USDT:USDT exit=2026-05-23 07:44:17 미매칭수량=101.00000000 orderID=3589903302570221568 tradeID=None
[AUTO_REPAIR] 8409 점검 중 예외: cannot access local variable 'entry' where it is not associated with a value
[DISCORD 1MIN] 03:50:43 ok=True Group 1(5): status=204 | Group 2(3): status=204 collect=8.4s post=1.2s
[DISCORD 1MIN] 03:51:43 ok=True Group 1(5): status=204 | Group 2(3): status=204 collect=8.5s post=0.8s
[DISCORD 1MIN] 03:52:42 ok=True Group 1(5): status=204 | Group 2(3): status=204 collect=8.4s post=0.7s
[DISCORD 1MIN] 03:53:43 ok=True Group 1(5): status=204 | Group 2(3): status=204 collect=8.6s post=0.7s
[DISCORD 1MIN] 03:54:43 ok=True Group 1(5): status=204 | Group 2(3): status=204 collect=8.4s post=0.8s
[진입유실 방지 자동보정] LONG KAITO/USDT:USDT exit=2026-05-23 07:44:17 미매칭수량=101.00000000 orderID=3589903302570221568 tradeID=None
[AUTO_REPAIR] 8401 점검 중 예외: cannot access local variable 'entry' where it is not associated with a value
[진입유실 방지 자동보정] LONG KAITO/USDT:USDT exit=2026-05-23 07:44:17 미매칭수량=101.00000000 orderID=3589903302570221568 tradeID=None
[AUTO_REPAIR] 8402 점검 중 예외: cannot access local variable 'entry' where it is not associated with a value
[진입유실 방지 자동보정] LONG KAITO/USDT:USDT exit=2026-05-23 07:44:17 미매칭수량=101.00000000 orderID=3589903302570221568 tradeID=None
[진입유실 방지 자동보정] LONG KAITO/USDT:USDT exit=2026-05-23 09:16:43 미매칭수량=103.00000000 orderID=3590089470679130112 tradeID=None
[진입유실 방지 자동보정] SHORT KAITO/USDT:USDT exit=2026-07-27 23:37:02 미매칭수량=9.00000000 orderID=3780263207016538112 tradeID=None
[진입유실 방지 자동보정] LONG KAITO/USDT:USDT exit=2026-07-28 00:17:06 미매칭수량=9.00000000 orderID=3780343864489091072 tradeID=None
[CATFIX] pnl=0 청산 → 진입 재분류: KAITO/USDT:USDT buy 수량=9.00000000 tradeID=243056081
[진입유실 방지 자동보정] LONG KAITO/USDT:USDT exit=2026-05-23 07:44:17 미매칭수량=101.00000000 orderID=3589903302570221568 tradeID=None
[AUTO_REPAIR] 8404 점검 중 예외: cannot access local variable 'entry' where it is not associated with a value
[진입유실 방지 자동보정] LONG KAITO/USDT:USDT exit=2026-05-23 07:44:17 미매칭수량=101.00000000 orderID=3589903302570221568 tradeID=None
[AUTO_REPAIR] 8405 점검 중 예외: cannot access local variable 'entry' where it is not associated with a value
[진입유실 방지 자동보정] LONG KAITO/USDT:USDT exit=2026-05-23 07:44:17 미매칭수량=101.00000000 orderID=3589903302570221568 tradeID=None
[AUTO_REPAIR] 8407 점검 중 예외: cannot access local variable 'entry' where it is not associated with a value
[진입유실 방지 자동보정] LONG KAITO/USDT:USDT exit=2026-05-23 07:44:17 미매칭수량=101.00000000 orderID=3589903302570221568 tradeID=None
[AUTO_REPAIR] 8408 점검 중 예외: cannot access local variable 'entry' where it is not associated with a value
[진입유실 방지 자동보정] LONG KAITO/USDT:USDT exit=2026-05-23 07:44:17 미매칭수량=101.00000000 orderID=3589903302570221568 tradeID=None
[AUTO_REPAIR] 8409 점검 중 예외: cannot access local variable 'entry' where it is not associated with a value
[DISCORD 1MIN] 03:55:43 ok=True Group 1(5): status=204 | Group 2(3): status=204 collect=8.6s post=0.7s
[DISCORD 1MIN] 03:56:43 ok=True Group 1(5): status=204 | Group 2(3): status=204 collect=8.4s post=0.7s
[DISCORD 1MIN] 03:57:43 ok=True Group 1(5): status=204 | Group 2(3): status=204 collect=8.5s post=0.9s
[DISCORD 1MIN] 03:58:43 ok=True Group 1(5): status=204 | Group 2(3): status=204 collect=8.5s post=0.7s
[DISCORD 1MIN] 03:59:43 ok=True Group 1(5): status=204 | Group 2(3): status=204 collect=8.4s post=0.7s
[진입유실 방지 자동보정] LONG KAITO/USDT:USDT exit=2026-05-23 07:44:17 미매칭수량=101.00000000 orderID=3589903302570221568 tradeID=None
[AUTO_REPAIR] 8401 점검 중 예외: cannot access local variable 'entry' where it is not associated with a value
[진입유실 방지 자동보정] LONG KAITO/USDT:USDT exit=2026-05-23 07:44:17 미매칭수량=101.00000000 orderID=3589903302570221568 tradeID=None
[AUTO_REPAIR] 8402 점검 중 예외: cannot access local variable 'entry' where it is not associated with a value
[진입유실 방지 자동보정] LONG KAITO/USDT:USDT exit=2026-05-23 07:44:17 미매칭수량=101.00000000 orderID=3589903302570221568 tradeID=None
[진입유실 방지 자동보정] LONG KAITO/USDT:USDT exit=2026-05-23 09:16:43 미매칭수량=103.00000000 orderID=3590089470679130112 tradeID=None
[진입유실 방지 자동보정] SHORT KAITO/USDT:USDT exit=2026-07-27 23:37:02 미매칭수량=9.00000000 orderID=3780263207016538112 tradeID=None
[진입유실 방지 자동보정] LONG KAITO/USDT:USDT exit=2026-07-28 00:17:06 미매칭수량=9.00000000 orderID=3780343864489091072 tradeID=None
[CATFIX] pnl=0 청산 → 진입 재분류: KAITO/USDT:USDT buy 수량=9.00000000 tradeID=243056081
[진입유실 방지 자동보정] LONG KAITO/USDT:USDT exit=2026-05-23 07:44:17 미매칭수량=101.00000000 orderID=3589903302570221568 tradeID=None
[AUTO_REPAIR] 8404 점검 중 예외: cannot access local variable 'entry' where it is not associated with a value
[진입유실 방지 자동보정] LONG KAITO/USDT:USDT exit=2026-05-23 07:44:17 미매칭수량=101.00000000 orderID=3589903302570221568 tradeID=None
[AUTO_REPAIR] 8405 점검 중 예외: cannot access local variable 'entry' where it is not associated with a value
[진입유실 방지 자동보정] LONG KAITO/USDT:USDT exit=2026-05-23 07:44:17 미매칭수량=101.00000000 orderID=3589903302570221568 tradeID=None
[AUTO_REPAIR] 8407 점검 중 예외: cannot access local variable 'entry' where it is not associated with a value
[진입유실 방지 자동보정] LONG KAITO/USDT:USDT exit=2026-05-23 07:44:17 미매칭수량=101.00000000 orderID=3589903302570221568 tradeID=None
[AUTO_REPAIR] 8408 점검 중 예외: cannot access local variable 'entry' where it is not associated with a value
[진입유실 방지 자동보정] LONG KAITO/USDT:USDT exit=2026-05-23 07:44:17 미매칭수량=101.00000000 orderID=3589903302570221568 tradeID=None
[AUTO_REPAIR] 8409 점검 중 예외: cannot access local variable 'entry' where it is not associated with a value
[DISCORD 1MIN] 04:00:43 ok=True Group 1(5): status=204 | Group 2(3): status=204 collect=8.6s post=0.6s
[DISCORD 1MIN] 04:01:43 ok=True Group 1(5): status=204 | Group 2(3): status=204 collect=8.6s post=0.8s
[DISCORD 1MIN] 04:02:43 ok=True Group 1(5): status=204 | Group 2(3): status=204 collect=8.7s post=0.7s
[DISCORD 1MIN] 04:03:43 ok=True Group 1(5): status=204 | Group 2(3): status=204 collect=8.4s post=0.7s
[DISCORD 1MIN] 04:04:43 ok=True Group 1(5): status=204 | Group 2(3): status=204 collect=8.5s post=0.7s
[진입유실 방지 자동보정] LONG KAITO/USDT:USDT exit=2026-05-23 07:44:17 미매칭수량=101.00000000 orderID=3589903302570221568 tradeID=None
[AUTO_REPAIR] 8401 점검 중 예외: cannot access local variable 'entry' where it is not associated with a value
[진입유실 방지 자동보정] LONG KAITO/USDT:USDT exit=2026-05-23 07:44:17 미매칭수량=101.00000000 orderID=3589903302570221568 tradeID=None
[AUTO_REPAIR] 8402 점검 중 예외: cannot access local variable 'entry' where it is not associated with a value
[진입유실 방지 자동보정] LONG KAITO/USDT:USDT exit=2026-05-23 07:44:17 미매칭수량=101.00000000 orderID=3589903302570221568 tradeID=None
[진입유실 방지 자동보정] LONG KAITO/USDT:USDT exit=2026-05-23 09:16:43 미매칭수량=103.00000000 orderID=3590089470679130112 tradeID=None
[진입유실 방지 자동보정] SHORT KAITO/USDT:USDT exit=2026-07-27 23:37:02 미매칭수량=9.00000000 orderID=3780263207016538112 tradeID=None
[진입유실 방지 자동보정] LONG KAITO/USDT:USDT exit=2026-07-28 00:17:06 미매칭수량=9.00000000 orderID=3780343864489091072 tradeID=None
[CATFIX] pnl=0 청산 → 진입 재분류: KAITO/USDT:USDT buy 수량=9.00000000 tradeID=243056081
[진입유실 방지 자동보정] LONG KAITO/USDT:USDT exit=2026-05-23 07:44:17 미매칭수량=101.00000000 orderID=3589903302570221568 tradeID=None
[AUTO_REPAIR] 8404 점검 중 예외: cannot access local variable 'entry' where it is not associated with a value
[진입유실 방지 자동보정] LONG KAITO/USDT:USDT exit=2026-05-23 07:44:17 미매칭수량=101.00000000 orderID=3589903302570221568 tradeID=None
[AUTO_REPAIR] 8405 점검 중 예외: cannot access local variable 'entry' where it is not associated with a value
[진입유실 방지 자동보정] LONG KAITO/USDT:USDT exit=2026-05-23 07:44:17 미매칭수량=101.00000000 orderID=3589903302570221568 tradeID=None
[AUTO_REPAIR] 8407 점검 중 예외: cannot access local variable 'entry' where it is not associated with a value
[진입유실 방지 자동보정] LONG KAITO/USDT:USDT exit=2026-05-23 07:44:17 미매칭수량=101.00000000 orderID=3589903302570221568 tradeID=None
[AUTO_REPAIR] 8408 점검 중 예외: cannot access local variable 'entry' where it is not associated with a value
[진입유실 방지 자동보정] LONG KAITO/USDT:USDT exit=2026-05-23 07:44:17 미매칭수량=101.00000000 orderID=3589903302570221568 tradeID=None
[AUTO_REPAIR] 8409 점검 중 예외: cannot access local variable 'entry' where it is not associated with a value
[DISCORD 1MIN] 04:05:43 ok=True Group 1(5): status=204 | Group 2(3): status=204 collect=8.5s post=0.8s
[DISCORD 1MIN] 04:06:43 ok=True Group 1(5): status=204 | Group 2(3): status=204 collect=8.4s post=0.8s
[DISCORD 1MIN] 04:07:43 ok=True Group 1(5): status=204 | Group 2(3): status=204 collect=8.5s post=0.7s
[DISCORD 1MIN] 04:08:43 ok=True Group 1(5): status=204 | Group 2(3): status=204 collect=8.4s post=0.7s
[DISCORD 1MIN] 04:09:43 ok=True Group 1(5): status=204 | Group 2(3): status=204 collect=8.6s post=0.7s
[진입유실 방지 자동보정] LONG KAITO/USDT:USDT exit=2026-05-23 07:44:17 미매칭수량=101.00000000 orderID=3589903302570221568 tradeID=None
[AUTO_REPAIR] 8401 점검 중 예외: cannot access local variable 'entry' where it is not associated with a value
[진입유실 방지 자동보정] LONG KAITO/USDT:USDT exit=2026-05-23 07:44:17 미매칭수량=101.00000000 orderID=3589903302570221568 tradeID=None
[AUTO_REPAIR] 8402 점검 중 예외: cannot access local variable 'entry' where it is not associated with a value
[진입유실 방지 자동보정] LONG KAITO/USDT:USDT exit=2026-05-23 07:44:17 미매칭수량=101.00000000 orderID=3589903302570221568 tradeID=None
[진입유실 방지 자동보정] LONG KAITO/USDT:USDT exit=2026-05-23 09:16:43 미매칭수량=103.00000000 orderID=3590089470679130112 tradeID=None
[진입유실 방지 자동보정] SHORT KAITO/USDT:USDT exit=2026-07-27 23:37:02 미매칭수량=9.00000000 orderID=3780263207016538112 tradeID=None
[진입유실 방지 자동보정] LONG KAITO/USDT:USDT exit=2026-07-28 00:17:06 미매칭수량=9.00000000 orderID=3780343864489091072 tradeID=None
[CATFIX] pnl=0 청산 → 진입 재분류: KAITO/USDT:USDT buy 수량=9.00000000 tradeID=243056081
[진입유실 방지 자동보정] LONG KAITO/USDT:USDT exit=2026-05-23 07:44:17 미매칭수량=101.00000000 orderID=3589903302570221568 tradeID=None
[AUTO_REPAIR] 8404 점검 중 예외: cannot access local variable 'entry' where it is not associated with a value
[진입유실 방지 자동보정] LONG KAITO/USDT:USDT exit=2026-05-23 07:44:17 미매칭수량=101.00000000 orderID=3589903302570221568 tradeID=None
[AUTO_REPAIR] 8405 점검 중 예외: cannot access local variable 'entry' where it is not associated with a value
[진입유실 방지 자동보정] LONG KAITO/USDT:USDT exit=2026-05-23 07:44:17 미매칭수량=101.00000000 orderID=3589903302570221568 tradeID=None
[AUTO_REPAIR] 8407 점검 중 예외: cannot access local variable 'entry' where it is not associated with a value
[진입유실 방지 자동보정] LONG KAITO/USDT:USDT exit=2026-05-23 07:44:17 미매칭수량=101.00000000 orderID=3589903302570221568 tradeID=None
[AUTO_REPAIR] 8408 점검 중 예외: cannot access local variable 'entry' where it is not associated with a value
[진입유실 방지 자동보정] LONG KAITO/USDT:USDT exit=2026-05-23 07:44:17 미매칭수량=101.00000000 orderID=3589903302570221568 tradeID=None
[AUTO_REPAIR] 8409 점검 중 예외: cannot access local variable 'entry' where it is not associated with a value
[DISCORD 1MIN] 04:10:43 ok=True Group 1(5): status=204 | Group 2(3): status=204 collect=8.4s post=0.7s
[DISCORD 1MIN] 04:11:43 ok=True Group 1(5): status=204 | Group 2(3): status=204 collect=8.8s post=0.7s
[DISCORD 1MIN] 04:12:43 ok=True Group 1(5): status=204 | Group 2(3): status=204 collect=8.5s post=0.6s
[DISCORD 1MIN] 04:13:43 ok=True Group 1(5): status=204 | Group 2(3): status=204 collect=8.5s post=0.7s
[DISCORD 1MIN] 04:14:43 ok=True Group 1(5): status=204 | Group 2(3): status=204 collect=8.4s post=0.7s
[진입유실 방지 자동보정] LONG KAITO/USDT:USDT exit=2026-05-23 07:44:17 미매칭수량=101.00000000 orderID=3589903302570221568 tradeID=None
[AUTO_REPAIR] 8401 점검 중 예외: cannot access local variable 'entry' where it is not associated with a value
[진입유실 방지 자동보정] LONG KAITO/USDT:USDT exit=2026-05-23 07:44:17 미매칭수량=101.00000000 orderID=3589903302570221568 tradeID=None
[AUTO_REPAIR] 8402 점검 중 예외: cannot access local variable 'entry' where it is not associated with a value
[진입유실 방지 자동보정] LONG KAITO/USDT:USDT exit=2026-05-23 07:44:17 미매칭수량=101.00000000 orderID=3589903302570221568 tradeID=None
[진입유실 방지 자동보정] LONG KAITO/USDT:USDT exit=2026-05-23 09:16:43 미매칭수량=103.00000000 orderID=3590089470679130112 tradeID=None
[진입유실 방지 자동보정] SHORT KAITO/USDT:USDT exit=2026-07-27 23:37:02 미매칭수량=9.00000000 orderID=3780263207016538112 tradeID=None
[진입유실 방지 자동보정] LONG KAITO/USDT:USDT exit=2026-07-28 00:17:06 미매칭수량=9.00000000 orderID=3780343864489091072 tradeID=None
[CATFIX] pnl=0 청산 → 진입 재분류: KAITO/USDT:USDT buy 수량=9.00000000 tradeID=243056081
[진입유실 방지 자동보정] LONG KAITO/USDT:USDT exit=2026-05-23 07:44:17 미매칭수량=101.00000000 orderID=3589903302570221568 tradeID=None
[AUTO_REPAIR] 8404 점검 중 예외: cannot access local variable 'entry' where it is not associated with a value
[진입유실 방지 자동보정] LONG KAITO/USDT:USDT exit=2026-05-23 07:44:17 미매칭수량=101.00000000 orderID=3589903302570221568 tradeID=None
[AUTO_REPAIR] 8405 점검 중 예외: cannot access local variable 'entry' where it is not associated with a value
[진입유실 방지 자동보정] LONG KAITO/USDT:USDT exit=2026-05-23 07:44:17 미매칭수량=101.00000000 orderID=3589903302570221568 tradeID=None
[AUTO_REPAIR] 8407 점검 중 예외: cannot access local variable 'entry' where it is not associated with a value
[진입유실 방지 자동보정] LONG KAITO/USDT:USDT exit=2026-05-23 07:44:17 미매칭수량=101.00000000 orderID=3589903302570221568 tradeID=None
[AUTO_REPAIR] 8408 점검 중 예외: cannot access local variable 'entry' where it is not associated with a value
[진입유실 방지 자동보정] LONG KAITO/USDT:USDT exit=2026-05-23 07:44:17 미매칭수량=101.00000000 orderID=3589903302570221568 tradeID=None
[AUTO_REPAIR] 8409 점검 중 예외: cannot access local variable 'entry' where it is not associated with a value
[DISCORD 1MIN] 04:15:43 ok=True Group 1(5): status=204 | Group 2(3): status=204 collect=8.5s post=0.7s
[DISCORD 1MIN] 04:16:45 ok=True Group 1(5): status=204 | Group 2(3): status=204 collect=8.5s post=2.8s
[DISCORD 1MIN] 04:17:43 ok=True Group 1(5): status=204 | Group 2(3): status=204 collect=8.5s post=1.4s
[DISCORD 1MIN] 04:18:43 ok=True Group 1(5): status=204 | Group 2(3): status=204 collect=8.7s post=0.7s
[DISCORD 1MIN] 04:19:43 ok=True Group 1(5): status=204 | Group 2(3): status=204 collect=8.4s post=0.7s
[진입유실 방지 자동보정] LONG KAITO/USDT:USDT exit=2026-05-23 07:44:17 미매칭수량=101.00000000 orderID=3589903302570221568 tradeID=None
[AUTO_REPAIR] 8401 점검 중 예외: cannot access local variable 'entry' where it is not associated with a value
[진입유실 방지 자동보정] LONG KAITO/USDT:USDT exit=2026-05-23 07:44:17 미매칭수량=101.00000000 orderID=3589903302570221568 tradeID=None
[AUTO_REPAIR] 8402 점검 중 예외: cannot access local variable 'entry' where it is not associated with a value
[진입유실 방지 자동보정] LONG KAITO/USDT:USDT exit=2026-05-23 07:44:17 미매칭수량=101.00000000 orderID=3589903302570221568 tradeID=None
[진입유실 방지 자동보정] LONG KAITO/USDT:USDT exit=2026-05-23 09:16:43 미매칭수량=103.00000000 orderID=3590089470679130112 tradeID=None
[진입유실 방지 자동보정] SHORT KAITO/USDT:USDT exit=2026-07-27 23:37:02 미매칭수량=9.00000000 orderID=3780263207016538112 tradeID=None
[진입유실 방지 자동보정] LONG KAITO/USDT:USDT exit=2026-07-28 00:17:06 미매칭수량=9.00000000 orderID=3780343864489091072 tradeID=None
[CATFIX] pnl=0 청산 → 진입 재분류: KAITO/USDT:USDT buy 수량=9.00000000 tradeID=243056081
[진입유실 방지 자동보정] LONG KAITO/USDT:USDT exit=2026-05-23 07:44:17 미매칭수량=101.00000000 orderID=3589903302570221568 tradeID=None
[AUTO_REPAIR] 8404 점검 중 예외: cannot access local variable 'entry' where it is not associated with a value
[진입유실 방지 자동보정] LONG KAITO/USDT:USDT exit=2026-05-23 07:44:17 미매칭수량=101.00000000 orderID=3589903302570221568 tradeID=None
[AUTO_REPAIR] 8405 점검 중 예외: cannot access local variable 'entry' where it is not associated with a value
[진입유실 방지 자동보정] LONG KAITO/USDT:USDT exit=2026-05-23 07:44:17 미매칭수량=101.00000000 orderID=3589903302570221568 tradeID=None
[AUTO_REPAIR] 8407 점검 중 예외: cannot access local variable 'entry' where it is not associated with a value
[진입유실 방지 자동보정] LONG KAITO/USDT:USDT exit=2026-05-23 07:44:17 미매칭수량=101.00000000 orderID=3589903302570221568 tradeID=None
[AUTO_REPAIR] 8408 점검 중 예외: cannot access local variable 'entry' where it is not associated with a value
[진입유실 방지 자동보정] LONG KAITO/USDT:USDT exit=2026-05-23 07:44:17 미매칭수량=101.00000000 orderID=3589903302570221568 tradeID=None
[AUTO_REPAIR] 8409 점검 중 예외: cannot access local variable 'entry' where it is not associated with a value
[DISCORD 1MIN] 04:20:43 ok=True Group 1(5): status=204 | Group 2(3): status=204 collect=8.7s post=0.7s
[DISCORD 1MIN] 04:21:43 ok=True Group 1(5): status=204 | Group 2(3): status=204 collect=8.7s post=0.6s
[DISCORD 1MIN] 04:22:44 ok=True Group 1(5): status=204 | Group 2(3): status=204 collect=8.5s post=1.6s
[DISCORD 1MIN] 04:23:43 ok=True Group 1(5): status=204 | Group 2(3): status=204 collect=8.4s post=0.7s
[DISCORD 1MIN] 04:24:43 ok=True Group 1(5): status=204 | Group 2(3): status=204 collect=8.4s post=0.7s
[진입유실 방지 자동보정] LONG KAITO/USDT:USDT exit=2026-05-23 07:44:17 미매칭수량=101.00000000 orderID=3589903302570221568 tradeID=None
[AUTO_REPAIR] 8401 점검 중 예외: cannot access local variable 'entry' where it is not associated with a value
[진입유실 방지 자동보정] LONG KAITO/USDT:USDT exit=2026-05-23 07:44:17 미매칭수량=101.00000000 orderID=3589903302570221568 tradeID=None
[AUTO_REPAIR] 8402 점검 중 예외: cannot access local variable 'entry' where it is not associated with a value
[진입유실 방지 자동보정] LONG KAITO/USDT:USDT exit=2026-05-23 07:44:17 미매칭수량=101.00000000 orderID=3589903302570221568 tradeID=None
[진입유실 방지 자동보정] LONG KAITO/USDT:USDT exit=2026-05-23 09:16:43 미매칭수량=103.00000000 orderID=3590089470679130112 tradeID=None
[진입유실 방지 자동보정] SHORT KAITO/USDT:USDT exit=2026-07-27 23:37:02 미매칭수량=9.00000000 orderID=3780263207016538112 tradeID=None
[진입유실 방지 자동보정] LONG KAITO/USDT:USDT exit=2026-07-28 00:17:06 미매칭수량=9.00000000 orderID=3780343864489091072 tradeID=None
[CATFIX] pnl=0 청산 → 진입 재분류: KAITO/USDT:USDT buy 수량=9.00000000 tradeID=243056081
[진입유실 방지 자동보정] LONG KAITO/USDT:USDT exit=2026-05-23 07:44:17 미매칭수량=101.00000000 orderID=3589903302570221568 tradeID=None
[AUTO_REPAIR] 8404 점검 중 예외: cannot access local variable 'entry' where it is not associated with a value
[진입유실 방지 자동보정] LONG KAITO/USDT:USDT exit=2026-05-23 07:44:17 미매칭수량=101.00000000 orderID=3589903302570221568 tradeID=None
[AUTO_REPAIR] 8405 점검 중 예외: cannot access local variable 'entry' where it is not associated with a value
[진입유실 방지 자동보정] LONG KAITO/USDT:USDT exit=2026-05-23 07:44:17 미매칭수량=101.00000000 orderID=3589903302570221568 tradeID=None
[AUTO_REPAIR] 8407 점검 중 예외: cannot access local variable 'entry' where it is not associated with a value
[진입유실 방지 자동보정] LONG KAITO/USDT:USDT exit=2026-05-23 07:44:17 미매칭수량=101.00000000 orderID=3589903302570221568 tradeID=None
[AUTO_REPAIR] 8408 점검 중 예외: cannot access local variable 'entry' where it is not associated with a value
[진입유실 방지 자동보정] LONG KAITO/USDT:USDT exit=2026-05-23 07:44:17 미매칭수량=101.00000000 orderID=3589903302570221568 tradeID=None
[AUTO_REPAIR] 8409 점검 중 예외: cannot access local variable 'entry' where it is not associated with a value
[DISCORD 1MIN] 04:25:43 ok=True Group 1(5): status=204 | Group 2(3): status=204 collect=8.6s post=1.3s
[DISCORD 1MIN] 04:26:43 ok=True Group 1(5): status=204 | Group 2(3): status=204 collect=8.4s post=0.6s
[DISCORD 1MIN] 04:27:43 ok=True Group 1(5): status=204 | Group 2(3): status=204 collect=8.7s post=0.7s
[DISCORD 1MIN] 04:28:43 ok=True Group 1(5): status=204 | Group 2(3): status=204 collect=8.4s post=0.7s
[DISCORD 1MIN] 04:29:43 ok=True Group 1(5): status=204 | Group 2(3): status=204 collect=8.6s post=0.8s
[진입유실 방지 자동보정] LONG KAITO/USDT:USDT exit=2026-05-23 07:44:17 미매칭수량=101.00000000 orderID=3589903302570221568 tradeID=None
[AUTO_REPAIR] 8401 점검 중 예외: cannot access local variable 'entry' where it is not associated with a value
[진입유실 방지 자동보정] LONG KAITO/USDT:USDT exit=2026-05-23 07:44:17 미매칭수량=101.00000000 orderID=3589903302570221568 tradeID=None
[AUTO_REPAIR] 8402 점검 중 예외: cannot access local variable 'entry' where it is not associated with a value
[진입유실 방지 자동보정] LONG KAITO/USDT:USDT exit=2026-05-23 07:44:17 미매칭수량=101.00000000 orderID=3589903302570221568 tradeID=None
[진입유실 방지 자동보정] LONG KAITO/USDT:USDT exit=2026-05-23 09:16:43 미매칭수량=103.00000000 orderID=3590089470679130112 tradeID=None
[진입유실 방지 자동보정] SHORT KAITO/USDT:USDT exit=2026-07-27 23:37:02 미매칭수량=9.00000000 orderID=3780263207016538112 tradeID=None
[진입유실 방지 자동보정] LONG KAITO/USDT:USDT exit=2026-07-28 00:17:06 미매칭수량=9.00000000 orderID=3780343864489091072 tradeID=None
[CATFIX] pnl=0 청산 → 진입 재분류: KAITO/USDT:USDT buy 수량=9.00000000 tradeID=243056081
[진입유실 방지 자동보정] LONG KAITO/USDT:USDT exit=2026-05-23 07:44:17 미매칭수량=101.00000000 orderID=3589903302570221568 tradeID=None
[AUTO_REPAIR] 8404 점검 중 예외: cannot access local variable 'entry' where it is not associated with a value
[진입유실 방지 자동보정] LONG KAITO/USDT:USDT exit=2026-05-23 07:44:17 미매칭수량=101.00000000 orderID=3589903302570221568 tradeID=None
[AUTO_REPAIR] 8405 점검 중 예외: cannot access local variable 'entry' where it is not associated with a value
[진입유실 방지 자동보정] LONG KAITO/USDT:USDT exit=2026-05-23 07:44:17 미매칭수량=101.00000000 orderID=3589903302570221568 tradeID=None
[AUTO_REPAIR] 8407 점검 중 예외: cannot access local variable 'entry' where it is not associated with a value
[진입유실 방지 자동보정] LONG KAITO/USDT:USDT exit=2026-05-23 07:44:17 미매칭수량=101.00000000 orderID=3589903302570221568 tradeID=None
[AUTO_REPAIR] 8408 점검 중 예외: cannot access local variable 'entry' where it is not associated with a value
[진입유실 방지 자동보정] LONG KAITO/USDT:USDT exit=2026-05-23 07:44:17 미매칭수량=101.00000000 orderID=3589903302570221568 tradeID=None
[AUTO_REPAIR] 8409 점검 중 예외: cannot access local variable 'entry' where it is not associated with a value
[DISCORD 1MIN] 04:30:43 ok=True Group 1(5): status=204 | Group 2(3): status=204 collect=8.4s post=0.8s
[DISCORD 1MIN] 04:31:43 ok=True Group 1(5): status=204 | Group 2(3): status=204 collect=8.4s post=0.6s
[DISCORD 1MIN] 04:32:43 ok=True Group 1(5): status=204 | Group 2(3): status=204 collect=8.4s post=0.7s
[DISCORD 1MIN] 04:33:43 ok=True Group 1(5): status=204 | Group 2(3): status=204 collect=8.4s post=0.7s
[DISCORD 1MIN] 04:34:43 ok=True Group 1(5): status=204 | Group 2(3): status=204 collect=8.6s post=0.7s
[진입유실 방지 자동보정] LONG KAITO/USDT:USDT exit=2026-05-23 07:44:17 미매칭수량=101.00000000 orderID=3589903302570221568 tradeID=None
[AUTO_REPAIR] 8401 점검 중 예외: cannot access local variable 'entry' where it is not associated with a value
[진입유실 방지 자동보정] LONG KAITO/USDT:USDT exit=2026-05-23 07:44:17 미매칭수량=101.00000000 orderID=3589903302570221568 tradeID=None
[AUTO_REPAIR] 8402 점검 중 예외: cannot access local variable 'entry' where it is not associated with a value
[진입유실 방지 자동보정] LONG KAITO/USDT:USDT exit=2026-05-23 07:44:17 미매칭수량=101.00000000 orderID=3589903302570221568 tradeID=None
[진입유실 방지 자동보정] LONG KAITO/USDT:USDT exit=2026-05-23 09:16:43 미매칭수량=103.00000000 orderID=3590089470679130112 tradeID=None
[진입유실 방지 자동보정] SHORT KAITO/USDT:USDT exit=2026-07-27 23:37:02 미매칭수량=9.00000000 orderID=3780263207016538112 tradeID=None
[진입유실 방지 자동보정] LONG KAITO/USDT:USDT exit=2026-07-28 00:17:06 미매칭수량=9.00000000 orderID=3780343864489091072 tradeID=None
[CATFIX] pnl=0 청산 → 진입 재분류: KAITO/USDT:USDT buy 수량=9.00000000 tradeID=243056081
[진입유실 방지 자동보정] LONG KAITO/USDT:USDT exit=2026-05-23 07:44:17 미매칭수량=101.00000000 orderID=3589903302570221568 tradeID=None
[AUTO_REPAIR] 8404 점검 중 예외: cannot access local variable 'entry' where it is not associated with a value
[진입유실 방지 자동보정] LONG KAITO/USDT:USDT exit=2026-05-23 07:44:17 미매칭수량=101.00000000 orderID=3589903302570221568 tradeID=None
[AUTO_REPAIR] 8405 점검 중 예외: cannot access local variable 'entry' where it is not associated with a value
[진입유실 방지 자동보정] LONG KAITO/USDT:USDT exit=2026-05-23 07:44:17 미매칭수량=101.00000000 orderID=3589903302570221568 tradeID=None
[AUTO_REPAIR] 8407 점검 중 예외: cannot access local variable 'entry' where it is not associated with a value
[진입유실 방지 자동보정] LONG KAITO/USDT:USDT exit=2026-05-23 07:44:17 미매칭수량=101.00000000 orderID=3589903302570221568 tradeID=None
[AUTO_REPAIR] 8408 점검 중 예외: cannot access local variable 'entry' where it is not associated with a value
[진입유실 방지 자동보정] LONG KAITO/USDT:USDT exit=2026-05-23 07:44:17 미매칭수량=101.00000000 orderID=3589903302570221568 tradeID=None
[AUTO_REPAIR] 8409 점검 중 예외: cannot access local variable 'entry' where it is not associated with a value
[DISCORD 1MIN] 04:35:43 ok=True Group 1(5): status=204 | Group 2(3): status=204 collect=8.5s post=0.9s
[DISCORD 1MIN] 04:36:43 ok=True Group 1(5): status=204 | Group 2(3): status=204 collect=8.6s post=0.8s
[DISCORD 1MIN] 04:37:43 ok=True Group 1(5): status=204 | Group 2(3): status=204 collect=8.4s post=0.7s
[DISCORD 1MIN] 04:38:43 ok=True Group 1(5): status=204 | Group 2(3): status=204 collect=8.5s post=0.6s
[DISCORD 1MIN] 04:39:43 ok=True Group 1(5): status=204 | Group 2(3): status=204 collect=8.4s post=0.7s
[진입유실 방지 자동보정] LONG KAITO/USDT:USDT exit=2026-05-23 07:44:17 미매칭수량=101.00000000 orderID=3589903302570221568 tradeID=None
[AUTO_REPAIR] 8401 점검 중 예외: cannot access local variable 'entry' where it is not associated with a value
[진입유실 방지 자동보정] LONG KAITO/USDT:USDT exit=2026-05-23 07:44:17 미매칭수량=101.00000000 orderID=3589903302570221568 tradeID=None
[AUTO_REPAIR] 8402 점검 중 예외: cannot access local variable 'entry' where it is not associated with a value
[진입유실 방지 자동보정] LONG KAITO/USDT:USDT exit=2026-05-23 07:44:17 미매칭수량=101.00000000 orderID=3589903302570221568 tradeID=None
[진입유실 방지 자동보정] LONG KAITO/USDT:USDT exit=2026-05-23 09:16:43 미매칭수량=103.00000000 orderID=3590089470679130112 tradeID=None
[진입유실 방지 자동보정] SHORT KAITO/USDT:USDT exit=2026-07-27 23:37:02 미매칭수량=9.00000000 orderID=3780263207016538112 tradeID=None
[진입유실 방지 자동보정] LONG KAITO/USDT:USDT exit=2026-07-28 00:17:06 미매칭수량=9.00000000 orderID=3780343864489091072 tradeID=None
[CATFIX] pnl=0 청산 → 진입 재분류: KAITO/USDT:USDT buy 수량=9.00000000 tradeID=243056081
[진입유실 방지 자동보정] LONG KAITO/USDT:USDT exit=2026-05-23 07:44:17 미매칭수량=101.00000000 orderID=3589903302570221568 tradeID=None
[AUTO_REPAIR] 8404 점검 중 예외: cannot access local variable 'entry' where it is not associated with a value
[진입유실 방지 자동보정] LONG KAITO/USDT:USDT exit=2026-05-23 07:44:17 미매칭수량=101.00000000 orderID=3589903302570221568 tradeID=None
[AUTO_REPAIR] 8405 점검 중 예외: cannot access local variable 'entry' where it is not associated with a value
[진입유실 방지 자동보정] LONG KAITO/USDT:USDT exit=2026-05-23 07:44:17 미매칭수량=101.00000000 orderID=3589903302570221568 tradeID=None
[AUTO_REPAIR] 8407 점검 중 예외: cannot access local variable 'entry' where it is not associated with a value
[진입유실 방지 자동보정] LONG KAITO/USDT:USDT exit=2026-05-23 07:44:17 미매칭수량=101.00000000 orderID=3589903302570221568 tradeID=None
[AUTO_REPAIR] 8408 점검 중 예외: cannot access local variable 'entry' where it is not associated with a value
[진입유실 방지 자동보정] LONG KAITO/USDT:USDT exit=2026-05-23 07:44:17 미매칭수량=101.00000000 orderID=3589903302570221568 tradeID=None
[AUTO_REPAIR] 8409 점검 중 예외: cannot access local variable 'entry' where it is not associated with a value
[DISCORD 1MIN] 04:40:43 ok=True Group 1(5): status=204 | Group 2(3): status=204 collect=8.4s post=0.8s
[DISCORD 1MIN] 04:41:43 ok=True Group 1(5): status=204 | Group 2(3): status=204 collect=8.5s post=0.7s
[DISCORD 1MIN] 04:42:43 ok=True Group 1(5): status=204 | Group 2(3): status=204 collect=8.4s post=0.7s
[DISCORD 1MIN] 04:43:43 ok=True Group 1(5): status=204 | Group 2(3): status=204 collect=8.7s post=0.7s
[DISCORD 1MIN] 04:44:43 ok=True Group 1(5): status=204 | Group 2(3): status=204 collect=8.4s post=0.7s
[진입유실 방지 자동보정] LONG KAITO/USDT:USDT exit=2026-05-23 07:44:17 미매칭수량=101.00000000 orderID=3589903302570221568 tradeID=None
[AUTO_REPAIR] 8401 점검 중 예외: cannot access local variable 'entry' where it is not associated with a value
[진입유실 방지 자동보정] LONG KAITO/USDT:USDT exit=2026-05-23 07:44:17 미매칭수량=101.00000000 orderID=3589903302570221568 tradeID=None
[AUTO_REPAIR] 8402 점검 중 예외: cannot access local variable 'entry' where it is not associated with a value
[진입유실 방지 자동보정] LONG KAITO/USDT:USDT exit=2026-05-23 07:44:17 미매칭수량=101.00000000 orderID=3589903302570221568 tradeID=None
[진입유실 방지 자동보정] LONG KAITO/USDT:USDT exit=2026-05-23 09:16:43 미매칭수량=103.00000000 orderID=3590089470679130112 tradeID=None
[진입유실 방지 자동보정] SHORT KAITO/USDT:USDT exit=2026-07-27 23:37:02 미매칭수량=9.00000000 orderID=3780263207016538112 tradeID=None
[진입유실 방지 자동보정] LONG KAITO/USDT:USDT exit=2026-07-28 00:17:06 미매칭수량=9.00000000 orderID=3780343864489091072 tradeID=None
[CATFIX] pnl=0 청산 → 진입 재분류: KAITO/USDT:USDT buy 수량=9.00000000 tradeID=243056081
[진입유실 방지 자동보정] LONG KAITO/USDT:USDT exit=2026-05-23 07:44:17 미매칭수량=101.00000000 orderID=3589903302570221568 tradeID=None
[AUTO_REPAIR] 8404 점검 중 예외: cannot access local variable 'entry' where it is not associated with a value
[진입유실 방지 자동보정] LONG KAITO/USDT:USDT exit=2026-05-23 07:44:17 미매칭수량=101.00000000 orderID=3589903302570221568 tradeID=None
[AUTO_REPAIR] 8405 점검 중 예외: cannot access local variable 'entry' where it is not associated with a value
[진입유실 방지 자동보정] LONG KAITO/USDT:USDT exit=2026-05-23 07:44:17 미매칭수량=101.00000000 orderID=3589903302570221568 tradeID=None
[AUTO_REPAIR] 8407 점검 중 예외: cannot access local variable 'entry' where it is not associated with a value
[진입유실 방지 자동보정] LONG KAITO/USDT:USDT exit=2026-05-23 07:44:17 미매칭수량=101.00000000 orderID=3589903302570221568 tradeID=None
[AUTO_REPAIR] 8408 점검 중 예외: cannot access local variable 'entry' where it is not associated with a value
[진입유실 방지 자동보정] LONG KAITO/USDT:USDT exit=2026-05-23 07:44:17 미매칭수량=101.00000000 orderID=3589903302570221568 tradeID=None
[AUTO_REPAIR] 8409 점검 중 예외: cannot access local variable 'entry' where it is not associated with a value
[DISCORD 1MIN] 04:45:43 ok=True Group 1(5): status=204 | Group 2(3): status=204 collect=8.8s post=0.7s
[DISCORD 1MIN] 04:46:43 ok=True Group 1(5): status=204 | Group 2(3): status=204 collect=8.5s post=0.7s
[DISCORD 1MIN] 04:47:43 ok=True Group 1(5): status=204 | Group 2(3): status=204 collect=8.4s post=0.6s
[DISCORD 1MIN] 04:48:43 ok=True Group 1(5): status=204 | Group 2(3): status=204 collect=8.4s post=0.7s
[DISCORD 1MIN] 04:49:43 ok=True Group 1(5): status=204 | Group 2(3): status=204 collect=8.4s post=0.6s
[진입유실 방지 자동보정] LONG KAITO/USDT:USDT exit=2026-05-23 07:44:17 미매칭수량=101.00000000 orderID=3589903302570221568 tradeID=None
[AUTO_REPAIR] 8401 점검 중 예외: cannot access local variable 'entry' where it is not associated with a value
[진입유실 방지 자동보정] LONG KAITO/USDT:USDT exit=2026-05-23 07:44:17 미매칭수량=101.00000000 orderID=3589903302570221568 tradeID=None
[AUTO_REPAIR] 8402 점검 중 예외: cannot access local variable 'entry' where it is not associated with a value
[진입유실 방지 자동보정] LONG KAITO/USDT:USDT exit=2026-05-23 07:44:17 미매칭수량=101.00000000 orderID=3589903302570221568 tradeID=None
[진입유실 방지 자동보정] LONG KAITO/USDT:USDT exit=2026-05-23 09:16:43 미매칭수량=103.00000000 orderID=3590089470679130112 tradeID=None
[진입유실 방지 자동보정] SHORT KAITO/USDT:USDT exit=2026-07-27 23:37:02 미매칭수량=9.00000000 orderID=3780263207016538112 tradeID=None
[진입유실 방지 자동보정] LONG KAITO/USDT:USDT exit=2026-07-28 00:17:06 미매칭수량=9.00000000 orderID=3780343864489091072 tradeID=None
[CATFIX] pnl=0 청산 → 진입 재분류: KAITO/USDT:USDT buy 수량=9.00000000 tradeID=243056081
[진입유실 방지 자동보정] LONG KAITO/USDT:USDT exit=2026-05-23 07:44:17 미매칭수량=101.00000000 orderID=3589903302570221568 tradeID=None
[AUTO_REPAIR] 8404 점검 중 예외: cannot access local variable 'entry' where it is not associated with a value
[진입유실 방지 자동보정] LONG KAITO/USDT:USDT exit=2026-05-23 07:44:17 미매칭수량=101.00000000 orderID=3589903302570221568 tradeID=None
[AUTO_REPAIR] 8405 점검 중 예외: cannot access local variable 'entry' where it is not associated with a value
[진입유실 방지 자동보정] LONG KAITO/USDT:USDT exit=2026-05-23 07:44:17 미매칭수량=101.00000000 orderID=3589903302570221568 tradeID=None
[AUTO_REPAIR] 8407 점검 중 예외: cannot access local variable 'entry' where it is not associated with a value
[진입유실 방지 자동보정] LONG KAITO/USDT:USDT exit=2026-05-23 07:44:17 미매칭수량=101.00000000 orderID=3589903302570221568 tradeID=None
[AUTO_REPAIR] 8408 점검 중 예외: cannot access local variable 'entry' where it is not associated with a value
[진입유실 방지 자동보정] LONG KAITO/USDT:USDT exit=2026-05-23 07:44:17 미매칭수량=101.00000000 orderID=3589903302570221568 tradeID=None
[AUTO_REPAIR] 8409 점검 중 예외: cannot access local variable 'entry' where it is not associated with a value
[DISCORD 1MIN] 04:50:43 ok=True Group 1(5): status=204 | Group 2(3): status=204 collect=8.6s post=0.9s
[DISCORD 1MIN] 04:51:43 ok=True Group 1(5): status=204 | Group 2(3): status=204 collect=8.4s post=0.6s
[DISCORD 1MIN] 04:52:43 ok=True Group 1(5): status=204 | Group 2(3): status=204 collect=8.7s post=0.7s
[DISCORD 1MIN] 04:53:43 ok=True Group 1(5): status=204 | Group 2(3): status=204 collect=8.4s post=0.6s
[DISCORD 1MIN] 04:54:43 ok=True Group 1(5): status=204 | Group 2(3): status=204 collect=8.6s post=0.8s
[진입유실 방지 자동보정] LONG KAITO/USDT:USDT exit=2026-05-23 07:44:17 미매칭수량=101.00000000 orderID=3589903302570221568 tradeID=None
[AUTO_REPAIR] 8401 점검 중 예외: cannot access local variable 'entry' where it is not associated with a value
[진입유실 방지 자동보정] LONG KAITO/USDT:USDT exit=2026-05-23 07:44:17 미매칭수량=101.00000000 orderID=3589903302570221568 tradeID=None
[AUTO_REPAIR] 8402 점검 중 예외: cannot access local variable 'entry' where it is not associated with a value
[진입유실 방지 자동보정] LONG KAITO/USDT:USDT exit=2026-05-23 07:44:17 미매칭수량=101.00000000 orderID=3589903302570221568 tradeID=None
[진입유실 방지 자동보정] LONG KAITO/USDT:USDT exit=2026-05-23 09:16:43 미매칭수량=103.00000000 orderID=3590089470679130112 tradeID=None
[진입유실 방지 자동보정] SHORT KAITO/USDT:USDT exit=2026-07-27 23:37:02 미매칭수량=9.00000000 orderID=3780263207016538112 tradeID=None
[진입유실 방지 자동보정] LONG KAITO/USDT:USDT exit=2026-07-28 00:17:06 미매칭수량=9.00000000 orderID=3780343864489091072 tradeID=None
[CATFIX] pnl=0 청산 → 진입 재분류: KAITO/USDT:USDT buy 수량=9.00000000 tradeID=243056081
[진입유실 방지 자동보정] LONG KAITO/USDT:USDT exit=2026-05-23 07:44:17 미매칭수량=101.00000000 orderID=3589903302570221568 tradeID=None
[AUTO_REPAIR] 8404 점검 중 예외: cannot access local variable 'entry' where it is not associated with a value
[진입유실 방지 자동보정] LONG KAITO/USDT:USDT exit=2026-05-23 07:44:17 미매칭수량=101.00000000 orderID=3589903302570221568 tradeID=None
[AUTO_REPAIR] 8405 점검 중 예외: cannot access local variable 'entry' where it is not associated with a value
[진입유실 방지 자동보정] LONG KAITO/USDT:USDT exit=2026-05-23 07:44:17 미매칭수량=101.00000000 orderID=3589903302570221568 tradeID=None
[AUTO_REPAIR] 8407 점검 중 예외: cannot access local variable 'entry' where it is not associated with a value
[진입유실 방지 자동보정] LONG KAITO/USDT:USDT exit=2026-05-23 07:44:17 미매칭수량=101.00000000 orderID=3589903302570221568 tradeID=None
[AUTO_REPAIR] 8408 점검 중 예외: cannot access local variable 'entry' where it is not associated with a value
[진입유실 방지 자동보정] LONG KAITO/USDT:USDT exit=2026-05-23 07:44:17 미매칭수량=101.00000000 orderID=3589903302570221568 tradeID=None
[AUTO_REPAIR] 8409 점검 중 예외: cannot access local variable 'entry' where it is not associated with a value
[DISCORD 1MIN] 04:55:43 ok=True Group 1(5): status=204 | Group 2(3): status=204 collect=8.5s post=1.0s
[DISCORD 1MIN] 04:56:43 ok=True Group 1(5): status=204 | Group 2(3): status=204 collect=8.4s post=0.7s
[DISCORD 1MIN] 04:57:43 ok=True Group 1(5): status=204 | Group 2(3): status=204 collect=8.5s post=0.7s
[DISCORD 1MIN] 04:58:43 ok=True Group 1(5): status=204 | Group 2(3): status=204 collect=8.4s post=0.8s
[DISCORD 1MIN] 04:59:43 ok=True Group 1(5): status=204 | Group 2(3): status=204 collect=8.6s post=0.6s
[진입유실 방지 자동보정] LONG KAITO/USDT:USDT exit=2026-05-23 07:44:17 미매칭수량=101.00000000 orderID=3589903302570221568 tradeID=None
[AUTO_REPAIR] 8401 점검 중 예외: cannot access local variable 'entry' where it is not associated with a value
[진입유실 방지 자동보정] LONG KAITO/USDT:USDT exit=2026-05-23 07:44:17 미매칭수량=101.00000000 orderID=3589903302570221568 tradeID=None
[AUTO_REPAIR] 8402 점검 중 예외: cannot access local variable 'entry' where it is not associated with a value
[진입유실 방지 자동보정] LONG KAITO/USDT:USDT exit=2026-05-23 07:44:17 미매칭수량=101.00000000 orderID=3589903302570221568 tradeID=None
[진입유실 방지 자동보정] LONG KAITO/USDT:USDT exit=2026-05-23 09:16:43 미매칭수량=103.00000000 orderID=3590089470679130112 tradeID=None
[진입유실 방지 자동보정] SHORT KAITO/USDT:USDT exit=2026-07-27 23:37:02 미매칭수량=9.00000000 orderID=3780263207016538112 tradeID=None
[진입유실 방지 자동보정] LONG KAITO/USDT:USDT exit=2026-07-28 00:17:06 미매칭수량=9.00000000 orderID=3780343864489091072 tradeID=None
[CATFIX] pnl=0 청산 → 진입 재분류: KAITO/USDT:USDT buy 수량=9.00000000 tradeID=243056081
[진입유실 방지 자동보정] LONG KAITO/USDT:USDT exit=2026-05-23 07:44:17 미매칭수량=101.00000000 orderID=3589903302570221568 tradeID=None
[AUTO_REPAIR] 8404 점검 중 예외: cannot access local variable 'entry' where it is not associated with a value
[진입유실 방지 자동보정] LONG KAITO/USDT:USDT exit=2026-05-23 07:44:17 미매칭수량=101.00000000 orderID=3589903302570221568 tradeID=None
[AUTO_REPAIR] 8405 점검 중 예외: cannot access local variable 'entry' where it is not associated with a value
[진입유실 방지 자동보정] LONG KAITO/USDT:USDT exit=2026-05-23 07:44:17 미매칭수량=101.00000000 orderID=3589903302570221568 tradeID=None
[AUTO_REPAIR] 8407 점검 중 예외: cannot access local variable 'entry' where it is not associated with a value
[진입유실 방지 자동보정] LONG KAITO/USDT:USDT exit=2026-05-23 07:44:17 미매칭수량=101.00000000 orderID=3589903302570221568 tradeID=None
[AUTO_REPAIR] 8408 점검 중 예외: cannot access local variable 'entry' where it is not associated with a value
[진입유실 방지 자동보정] LONG KAITO/USDT:USDT exit=2026-05-23 07:44:17 미매칭수량=101.00000000 orderID=3589903302570221568 tradeID=None
[AUTO_REPAIR] 8409 점검 중 예외: cannot access local variable 'entry' where it is not associated with a value
[DISCORD 1MIN] 05:00:43 ok=True Group 1(5): status=204 | Group 2(3): status=204 collect=8.5s post=0.8s
[DISCORD 1MIN] 05:01:43 ok=True Group 1(5): status=204 | Group 2(3): status=204 collect=8.7s post=0.7s
[DISCORD 1MIN] 05:02:43 ok=True Group 1(5): status=204 | Group 2(3): status=204 collect=8.4s post=0.8s
[DISCORD 1MIN] 05:03:43 ok=True Group 1(5): status=204 | Group 2(3): status=204 collect=8.5s post=0.8s
[DISCORD 1MIN] 05:04:43 ok=True Group 1(5): status=204 | Group 2(3): status=204 collect=8.4s post=0.7s
[진입유실 방지 자동보정] LONG KAITO/USDT:USDT exit=2026-05-23 07:44:17 미매칭수량=101.00000000 orderID=3589903302570221568 tradeID=None
[AUTO_REPAIR] 8401 점검 중 예외: cannot access local variable 'entry' where it is not associated with a value
[진입유실 방지 자동보정] LONG KAITO/USDT:USDT exit=2026-05-23 07:44:17 미매칭수량=101.00000000 orderID=3589903302570221568 tradeID=None
[AUTO_REPAIR] 8402 점검 중 예외: cannot access local variable 'entry' where it is not associated with a value
[진입유실 방지 자동보정] LONG KAITO/USDT:USDT exit=2026-05-23 07:44:17 미매칭수량=101.00000000 orderID=3589903302570221568 tradeID=None
[진입유실 방지 자동보정] LONG KAITO/USDT:USDT exit=2026-05-23 09:16:43 미매칭수량=103.00000000 orderID=3590089470679130112 tradeID=None
[진입유실 방지 자동보정] SHORT KAITO/USDT:USDT exit=2026-07-27 23:37:02 미매칭수량=9.00000000 orderID=3780263207016538112 tradeID=None
[진입유실 방지 자동보정] LONG KAITO/USDT:USDT exit=2026-07-28 00:17:06 미매칭수량=9.00000000 orderID=3780343864489091072 tradeID=None
[CATFIX] pnl=0 청산 → 진입 재분류: KAITO/USDT:USDT buy 수량=9.00000000 tradeID=243056081
[진입유실 방지 자동보정] LONG KAITO/USDT:USDT exit=2026-05-23 07:44:17 미매칭수량=101.00000000 orderID=3589903302570221568 tradeID=None
[AUTO_REPAIR] 8404 점검 중 예외: cannot access local variable 'entry' where it is not associated with a value
[진입유실 방지 자동보정] LONG KAITO/USDT:USDT exit=2026-05-23 07:44:17 미매칭수량=101.00000000 orderID=3589903302570221568 tradeID=None
[AUTO_REPAIR] 8405 점검 중 예외: cannot access local variable 'entry' where it is not associated with a value
[진입유실 방지 자동보정] LONG KAITO/USDT:USDT exit=2026-05-23 07:44:17 미매칭수량=101.00000000 orderID=3589903302570221568 tradeID=None
[AUTO_REPAIR] 8407 점검 중 예외: cannot access local variable 'entry' where it is not associated with a value
[진입유실 방지 자동보정] LONG KAITO/USDT:USDT exit=2026-05-23 07:44:17 미매칭수량=101.00000000 orderID=3589903302570221568 tradeID=None
[AUTO_REPAIR] 8408 점검 중 예외: cannot access local variable 'entry' where it is not associated with a value
[진입유실 방지 자동보정] LONG KAITO/USDT:USDT exit=2026-05-23 07:44:17 미매칭수량=101.00000000 orderID=3589903302570221568 tradeID=None
[AUTO_REPAIR] 8409 점검 중 예외: cannot access local variable 'entry' where it is not associated with a value
[DISCORD 1MIN] 05:05:43 ok=True Group 1(5): status=204 | Group 2(3): status=204 collect=8.4s post=0.9s
[DISCORD 1MIN] 05:06:43 ok=True Group 1(5): status=204 | Group 2(3): status=204 collect=8.5s post=0.8s
[DISCORD 1MIN] 05:07:43 ok=True Group 1(5): status=204 | Group 2(3): status=204 collect=8.4s post=0.8s
[DISCORD 1MIN] 05:08:43 ok=True Group 1(5): status=204 | Group 2(3): status=204 collect=8.7s post=0.6s
[DISCORD 1MIN] 05:09:43 ok=True Group 1(5): status=204 | Group 2(3): status=204 collect=8.4s post=0.7s
[진입유실 방지 자동보정] LONG KAITO/USDT:USDT exit=2026-05-23 07:44:17 미매칭수량=101.00000000 orderID=3589903302570221568 tradeID=None
[AUTO_REPAIR] 8401 점검 중 예외: cannot access local variable 'entry' where it is not associated with a value
[진입유실 방지 자동보정] LONG KAITO/USDT:USDT exit=2026-05-23 07:44:17 미매칭수량=101.00000000 orderID=3589903302570221568 tradeID=None
[AUTO_REPAIR] 8402 점검 중 예외: cannot access local variable 'entry' where it is not associated with a value
[진입유실 방지 자동보정] LONG KAITO/USDT:USDT exit=2026-05-23 07:44:17 미매칭수량=101.00000000 orderID=3589903302570221568 tradeID=None
[진입유실 방지 자동보정] LONG KAITO/USDT:USDT exit=2026-05-23 09:16:43 미매칭수량=103.00000000 orderID=3590089470679130112 tradeID=None
[진입유실 방지 자동보정] SHORT KAITO/USDT:USDT exit=2026-07-27 23:37:02 미매칭수량=9.00000000 orderID=3780263207016538112 tradeID=None
[진입유실 방지 자동보정] LONG KAITO/USDT:USDT exit=2026-07-28 00:17:06 미매칭수량=9.00000000 orderID=3780343864489091072 tradeID=None
[CATFIX] pnl=0 청산 → 진입 재분류: KAITO/USDT:USDT buy 수량=9.00000000 tradeID=243056081
[진입유실 방지 자동보정] LONG KAITO/USDT:USDT exit=2026-05-23 07:44:17 미매칭수량=101.00000000 orderID=3589903302570221568 tradeID=None
[AUTO_REPAIR] 8404 점검 중 예외: cannot access local variable 'entry' where it is not associated with a value
[진입유실 방지 자동보정] LONG KAITO/USDT:USDT exit=2026-05-23 07:44:17 미매칭수량=101.00000000 orderID=3589903302570221568 tradeID=None
[AUTO_REPAIR] 8405 점검 중 예외: cannot access local variable 'entry' where it is not associated with a value
[진입유실 방지 자동보정] LONG KAITO/USDT:USDT exit=2026-05-23 07:44:17 미매칭수량=101.00000000 orderID=3589903302570221568 tradeID=None
[AUTO_REPAIR] 8407 점검 중 예외: cannot access local variable 'entry' where it is not associated with a value
[진입유실 방지 자동보정] LONG KAITO/USDT:USDT exit=2026-05-23 07:44:17 미매칭수량=101.00000000 orderID=3589903302570221568 tradeID=None
[AUTO_REPAIR] 8408 점검 중 예외: cannot access local variable 'entry' where it is not associated with a value
[진입유실 방지 자동보정] LONG KAITO/USDT:USDT exit=2026-05-23 07:44:17 미매칭수량=101.00000000 orderID=3589903302570221568 tradeID=None
[AUTO_REPAIR] 8409 점검 중 예외: cannot access local variable 'entry' where it is not associated with a value
[DISCORD 1MIN] 05:10:43 ok=True Group 1(5): status=204 | Group 2(3): status=204 collect=8.7s post=0.8s
[DISCORD 1MIN] 05:11:43 ok=True Group 1(5): status=204 | Group 2(3): status=204 collect=8.4s post=0.6s
[DISCORD 1MIN] 05:12:43 ok=True Group 1(5): status=204 | Group 2(3): status=204 collect=8.4s post=0.6s
[DISCORD 1MIN] 05:13:43 ok=True Group 1(5): status=204 | Group 2(3): status=204 collect=8.4s post=0.7s
[DISCORD 1MIN] 05:14:43 ok=True Group 1(5): status=204 | Group 2(3): status=204 collect=8.4s post=0.7s
[진입유실 방지 자동보정] LONG KAITO/USDT:USDT exit=2026-05-23 07:44:17 미매칭수량=101.00000000 orderID=3589903302570221568 tradeID=None
[AUTO_REPAIR] 8401 점검 중 예외: cannot access local variable 'entry' where it is not associated with a value
[진입유실 방지 자동보정] LONG KAITO/USDT:USDT exit=2026-05-23 07:44:17 미매칭수량=101.00000000 orderID=3589903302570221568 tradeID=None
[AUTO_REPAIR] 8402 점검 중 예외: cannot access local variable 'entry' where it is not associated with a value
[진입유실 방지 자동보정] LONG KAITO/USDT:USDT exit=2026-05-23 07:44:17 미매칭수량=101.00000000 orderID=3589903302570221568 tradeID=None
[진입유실 방지 자동보정] LONG KAITO/USDT:USDT exit=2026-05-23 09:16:43 미매칭수량=103.00000000 orderID=3590089470679130112 tradeID=None
[진입유실 방지 자동보정] SHORT KAITO/USDT:USDT exit=2026-07-27 23:37:02 미매칭수량=9.00000000 orderID=3780263207016538112 tradeID=None
[진입유실 방지 자동보정] LONG KAITO/USDT:USDT exit=2026-07-28 00:17:06 미매칭수량=9.00000000 orderID=3780343864489091072 tradeID=None
[CATFIX] pnl=0 청산 → 진입 재분류: KAITO/USDT:USDT buy 수량=9.00000000 tradeID=243056081
[진입유실 방지 자동보정] LONG KAITO/USDT:USDT exit=2026-05-23 07:44:17 미매칭수량=101.00000000 orderID=3589903302570221568 tradeID=None
[AUTO_REPAIR] 8404 점검 중 예외: cannot access local variable 'entry' where it is not associated with a value
[진입유실 방지 자동보정] LONG KAITO/USDT:USDT exit=2026-05-23 07:44:17 미매칭수량=101.00000000 orderID=3589903302570221568 tradeID=None
[AUTO_REPAIR] 8405 점검 중 예외: cannot access local variable 'entry' where it is not associated with a value
[진입유실 방지 자동보정] LONG KAITO/USDT:USDT exit=2026-05-23 07:44:17 미매칭수량=101.00000000 orderID=3589903302570221568 tradeID=None
[AUTO_REPAIR] 8407 점검 중 예외: cannot access local variable 'entry' where it is not associated with a value
[진입유실 방지 자동보정] LONG KAITO/USDT:USDT exit=2026-05-23 07:44:17 미매칭수량=101.00000000 orderID=3589903302570221568 tradeID=None
[AUTO_REPAIR] 8408 점검 중 예외: cannot access local variable 'entry' where it is not associated with a value
[진입유실 방지 자동보정] LONG KAITO/USDT:USDT exit=2026-05-23 07:44:17 미매칭수량=101.00000000 orderID=3589903302570221568 tradeID=None
[AUTO_REPAIR] 8409 점검 중 예외: cannot access local variable 'entry' where it is not associated with a value
[DISCORD 1MIN] 05:15:43 ok=True Group 1(5): status=204 | Group 2(3): status=204 collect=8.6s post=0.7s
[DISCORD 1MIN] 05:16:43 ok=True Group 1(5): status=204 | Group 2(3): status=204 collect=8.5s post=0.7s
[DISCORD 1MIN] 05:17:43 ok=True Group 1(5): status=204 | Group 2(3): status=204 collect=8.8s post=0.7s
[DISCORD 1MIN] 05:18:43 ok=True Group 1(5): status=204 | Group 2(3): status=204 collect=8.4s post=0.7s
[DISCORD 1MIN] 05:19:43 ok=True Group 1(5): status=204 | Group 2(3): status=204 collect=8.5s post=0.8s
[진입유실 방지 자동보정] LONG KAITO/USDT:USDT exit=2026-05-23 07:44:17 미매칭수량=101.00000000 orderID=3589903302570221568 tradeID=None
[AUTO_REPAIR] 8401 점검 중 예외: cannot access local variable 'entry' where it is not associated with a value
[진입유실 방지 자동보정] LONG KAITO/USDT:USDT exit=2026-05-23 07:44:17 미매칭수량=101.00000000 orderID=3589903302570221568 tradeID=None
[AUTO_REPAIR] 8402 점검 중 예외: cannot access local variable 'entry' where it is not associated with a value
[진입유실 방지 자동보정] LONG KAITO/USDT:USDT exit=2026-05-23 07:44:17 미매칭수량=101.00000000 orderID=3589903302570221568 tradeID=None
[진입유실 방지 자동보정] LONG KAITO/USDT:USDT exit=2026-05-23 09:16:43 미매칭수량=103.00000000 orderID=3590089470679130112 tradeID=None
[진입유실 방지 자동보정] SHORT KAITO/USDT:USDT exit=2026-07-27 23:37:02 미매칭수량=9.00000000 orderID=3780263207016538112 tradeID=None
[진입유실 방지 자동보정] LONG KAITO/USDT:USDT exit=2026-07-28 00:17:06 미매칭수량=9.00000000 orderID=3780343864489091072 tradeID=None
[CATFIX] pnl=0 청산 → 진입 재분류: KAITO/USDT:USDT buy 수량=9.00000000 tradeID=243056081
[진입유실 방지 자동보정] LONG KAITO/USDT:USDT exit=2026-05-23 07:44:17 미매칭수량=101.00000000 orderID=3589903302570221568 tradeID=None
[AUTO_REPAIR] 8404 점검 중 예외: cannot access local variable 'entry' where it is not associated with a value
[진입유실 방지 자동보정] LONG KAITO/USDT:USDT exit=2026-05-23 07:44:17 미매칭수량=101.00000000 orderID=3589903302570221568 tradeID=None
[AUTO_REPAIR] 8405 점검 중 예외: cannot access local variable 'entry' where it is not associated with a value
[진입유실 방지 자동보정] LONG KAITO/USDT:USDT exit=2026-05-23 07:44:17 미매칭수량=101.00000000 orderID=3589903302570221568 tradeID=None
[AUTO_REPAIR] 8407 점검 중 예외: cannot access local variable 'entry' where it is not associated with a value
[진입유실 방지 자동보정] LONG KAITO/USDT:USDT exit=2026-05-23 07:44:17 미매칭수량=101.00000000 orderID=3589903302570221568 tradeID=None
[AUTO_REPAIR] 8408 점검 중 예외: cannot access local variable 'entry' where it is not associated with a value
[진입유실 방지 자동보정] LONG KAITO/USDT:USDT exit=2026-05-23 07:44:17 미매칭수량=101.00000000 orderID=3589903302570221568 tradeID=None
[AUTO_REPAIR] 8409 점검 중 예외: cannot access local variable 'entry' where it is not associated with a value
[DISCORD 1MIN] 05:20:43 ok=True Group 1(5): status=204 | Group 2(3): status=204 collect=8.5s post=0.7s
[DISCORD 1MIN] 05:21:43 ok=True Group 1(5): status=204 | Group 2(3): status=204 collect=8.4s post=0.7s
[DISCORD 1MIN] 05:22:43 ok=True Group 1(5): status=204 | Group 2(3): status=204 collect=8.4s post=0.8s
[DISCORD 1MIN] 05:23:43 ok=True Group 1(5): status=204 | Group 2(3): status=204 collect=8.4s post=0.6s
[DISCORD 1MIN] 05:24:43 ok=True Group 1(5): status=204 | Group 2(3): status=204 collect=8.6s post=0.7s
[진입유실 방지 자동보정] LONG KAITO/USDT:USDT exit=2026-05-23 07:44:17 미매칭수량=101.00000000 orderID=3589903302570221568 tradeID=None
[AUTO_REPAIR] 8401 점검 중 예외: cannot access local variable 'entry' where it is not associated with a value
[진입유실 방지 자동보정] LONG KAITO/USDT:USDT exit=2026-05-23 07:44:17 미매칭수량=101.00000000 orderID=3589903302570221568 tradeID=None
[AUTO_REPAIR] 8402 점검 중 예외: cannot access local variable 'entry' where it is not associated with a value
[진입유실 방지 자동보정] LONG KAITO/USDT:USDT exit=2026-05-23 07:44:17 미매칭수량=101.00000000 orderID=3589903302570221568 tradeID=None
[진입유실 방지 자동보정] LONG KAITO/USDT:USDT exit=2026-05-23 09:16:43 미매칭수량=103.00000000 orderID=3590089470679130112 tradeID=None
[진입유실 방지 자동보정] SHORT KAITO/USDT:USDT exit=2026-07-27 23:37:02 미매칭수량=9.00000000 orderID=3780263207016538112 tradeID=None
[진입유실 방지 자동보정] LONG KAITO/USDT:USDT exit=2026-07-28 00:17:06 미매칭수량=9.00000000 orderID=3780343864489091072 tradeID=None
[CATFIX] pnl=0 청산 → 진입 재분류: KAITO/USDT:USDT buy 수량=9.00000000 tradeID=243056081
[진입유실 방지 자동보정] LONG KAITO/USDT:USDT exit=2026-05-23 07:44:17 미매칭수량=101.00000000 orderID=3589903302570221568 tradeID=None
[AUTO_REPAIR] 8404 점검 중 예외: cannot access local variable 'entry' where it is not associated with a value
[진입유실 방지 자동보정] LONG KAITO/USDT:USDT exit=2026-05-23 07:44:17 미매칭수량=101.00000000 orderID=3589903302570221568 tradeID=None
[AUTO_REPAIR] 8405 점검 중 예외: cannot access local variable 'entry' where it is not associated with a value
[진입유실 방지 자동보정] LONG KAITO/USDT:USDT exit=2026-05-23 07:44:17 미매칭수량=101.00000000 orderID=3589903302570221568 tradeID=None
[AUTO_REPAIR] 8407 점검 중 예외: cannot access local variable 'entry' where it is not associated with a value
[진입유실 방지 자동보정] LONG KAITO/USDT:USDT exit=2026-05-23 07:44:17 미매칭수량=101.00000000 orderID=3589903302570221568 tradeID=None
[AUTO_REPAIR] 8408 점검 중 예외: cannot access local variable 'entry' where it is not associated with a value
[진입유실 방지 자동보정] LONG KAITO/USDT:USDT exit=2026-05-23 07:44:17 미매칭수량=101.00000000 orderID=3589903302570221568 tradeID=None
[AUTO_REPAIR] 8409 점검 중 예외: cannot access local variable 'entry' where it is not associated with a value
[DISCORD 1MIN] 05:25:43 ok=True Group 1(5): status=204 | Group 2(3): status=204 collect=8.4s post=0.7s
[DISCORD 1MIN] 05:26:43 ok=True Group 1(5): status=204 | Group 2(3): status=204 collect=8.7s post=0.7s
[DISCORD 1MIN] 05:27:43 ok=True Group 1(5): status=204 | Group 2(3): status=204 collect=8.4s post=0.7s
[DISCORD 1MIN] 05:28:45 ok=True Group 1(5): status=204 | Group 2(3): status=204 collect=8.5s post=2.5s
[DISCORD 1MIN] 05:29:43 ok=True Group 1(5): status=204 | Group 2(3): status=204 collect=8.4s post=0.7s
[진입유실 방지 자동보정] LONG KAITO/USDT:USDT exit=2026-05-23 07:44:17 미매칭수량=101.00000000 orderID=3589903302570221568 tradeID=None
[AUTO_REPAIR] 8401 점검 중 예외: cannot access local variable 'entry' where it is not associated with a value
[진입유실 방지 자동보정] LONG KAITO/USDT:USDT exit=2026-05-23 07:44:17 미매칭수량=101.00000000 orderID=3589903302570221568 tradeID=None
[AUTO_REPAIR] 8402 점검 중 예외: cannot access local variable 'entry' where it is not associated with a value
[진입유실 방지 자동보정] LONG KAITO/USDT:USDT exit=2026-05-23 07:44:17 미매칭수량=101.00000000 orderID=3589903302570221568 tradeID=None
[진입유실 방지 자동보정] LONG KAITO/USDT:USDT exit=2026-05-23 09:16:43 미매칭수량=103.00000000 orderID=3590089470679130112 tradeID=None
[진입유실 방지 자동보정] SHORT KAITO/USDT:USDT exit=2026-07-27 23:37:02 미매칭수량=9.00000000 orderID=3780263207016538112 tradeID=None
[진입유실 방지 자동보정] LONG KAITO/USDT:USDT exit=2026-07-28 00:17:06 미매칭수량=9.00000000 orderID=3780343864489091072 tradeID=None
[CATFIX] pnl=0 청산 → 진입 재분류: KAITO/USDT:USDT buy 수량=9.00000000 tradeID=243056081
[진입유실 방지 자동보정] LONG KAITO/USDT:USDT exit=2026-05-23 07:44:17 미매칭수량=101.00000000 orderID=3589903302570221568 tradeID=None
[AUTO_REPAIR] 8404 점검 중 예외: cannot access local variable 'entry' where it is not associated with a value
[진입유실 방지 자동보정] LONG KAITO/USDT:USDT exit=2026-05-23 07:44:17 미매칭수량=101.00000000 orderID=3589903302570221568 tradeID=None
[AUTO_REPAIR] 8405 점검 중 예외: cannot access local variable 'entry' where it is not associated with a value
[진입유실 방지 자동보정] LONG KAITO/USDT:USDT exit=2026-05-23 07:44:17 미매칭수량=101.00000000 orderID=3589903302570221568 tradeID=None
[AUTO_REPAIR] 8407 점검 중 예외: cannot access local variable 'entry' where it is not associated with a value
[진입유실 방지 자동보정] LONG KAITO/USDT:USDT exit=2026-05-23 07:44:17 미매칭수량=101.00000000 orderID=3589903302570221568 tradeID=None
[AUTO_REPAIR] 8408 점검 중 예외: cannot access local variable 'entry' where it is not associated with a value
[진입유실 방지 자동보정] LONG KAITO/USDT:USDT exit=2026-05-23 07:44:17 미매칭수량=101.00000000 orderID=3589903302570221568 tradeID=None
[AUTO_REPAIR] 8409 점검 중 예외: cannot access local variable 'entry' where it is not associated with a value
[DISCORD 1MIN] 05:30:43 ok=True Group 1(5): status=204 | Group 2(3): status=204 collect=8.5s post=0.8s
[DISCORD 1MIN] 05:31:43 ok=True Group 1(5): status=204 | Group 2(3): status=204 collect=8.5s post=0.7s
[DISCORD 1MIN] 05:32:43 ok=True Group 1(5): status=204 | Group 2(3): status=204 collect=8.4s post=0.8s
[DISCORD 1MIN] 05:33:44 ok=True Group 1(5): status=204 | Group 2(3): status=204 collect=8.7s post=0.8s
[DISCORD 1MIN] 05:34:43 ok=True Group 1(5): status=204 | Group 2(3): status=204 collect=8.4s post=0.7s
[진입유실 방지 자동보정] LONG KAITO/USDT:USDT exit=2026-05-23 07:44:17 미매칭수량=101.00000000 orderID=3589903302570221568 tradeID=None
[AUTO_REPAIR] 8401 점검 중 예외: cannot access local variable 'entry' where it is not associated with a value
[진입유실 방지 자동보정] LONG KAITO/USDT:USDT exit=2026-05-23 07:44:17 미매칭수량=101.00000000 orderID=3589903302570221568 tradeID=None
[AUTO_REPAIR] 8402 점검 중 예외: cannot access local variable 'entry' where it is not associated with a value
[진입유실 방지 자동보정] LONG KAITO/USDT:USDT exit=2026-05-23 07:44:17 미매칭수량=101.00000000 orderID=3589903302570221568 tradeID=None
[진입유실 방지 자동보정] LONG KAITO/USDT:USDT exit=2026-05-23 09:16:43 미매칭수량=103.00000000 orderID=3590089470679130112 tradeID=None
[진입유실 방지 자동보정] SHORT KAITO/USDT:USDT exit=2026-07-27 23:37:02 미매칭수량=9.00000000 orderID=3780263207016538112 tradeID=None
[진입유실 방지 자동보정] LONG KAITO/USDT:USDT exit=2026-07-28 00:17:06 미매칭수량=9.00000000 orderID=3780343864489091072 tradeID=None
[CATFIX] pnl=0 청산 → 진입 재분류: KAITO/USDT:USDT buy 수량=9.00000000 tradeID=243056081
[진입유실 방지 자동보정] LONG KAITO/USDT:USDT exit=2026-05-23 07:44:17 미매칭수량=101.00000000 orderID=3589903302570221568 tradeID=None
[AUTO_REPAIR] 8404 점검 중 예외: cannot access local variable 'entry' where it is not associated with a value
[진입유실 방지 자동보정] LONG KAITO/USDT:USDT exit=2026-05-23 07:44:17 미매칭수량=101.00000000 orderID=3589903302570221568 tradeID=None
[AUTO_REPAIR] 8405 점검 중 예외: cannot access local variable 'entry' where it is not associated with a value
[진입유실 방지 자동보정] LONG KAITO/USDT:USDT exit=2026-05-23 07:44:17 미매칭수량=101.00000000 orderID=3589903302570221568 tradeID=None
[AUTO_REPAIR] 8407 점검 중 예외: cannot access local variable 'entry' where it is not associated with a value
[진입유실 방지 자동보정] LONG KAITO/USDT:USDT exit=2026-05-23 07:44:17 미매칭수량=101.00000000 orderID=3589903302570221568 tradeID=None
[AUTO_REPAIR] 8408 점검 중 예외: cannot access local variable 'entry' where it is not associated with a value
[진입유실 방지 자동보정] LONG KAITO/USDT:USDT exit=2026-05-23 07:44:17 미매칭수량=101.00000000 orderID=3589903302570221568 tradeID=None
[AUTO_REPAIR] 8409 점검 중 예외: cannot access local variable 'entry' where it is not associated with a value
[DISCORD 1MIN] 05:35:44 ok=True Group 1(5): status=204 | Group 2(3): status=204 collect=8.7s post=0.9s
[DISCORD 1MIN] 05:36:43 ok=True Group 1(5): status=204 | Group 2(3): status=204 collect=8.5s post=0.8s
[DISCORD 1MIN] 05:37:43 ok=True Group 1(5): status=204 | Group 2(3): status=204 collect=8.5s post=0.7s
[DISCORD 1MIN] 05:38:43 ok=True Group 1(5): status=204 | Group 2(3): status=204 collect=8.4s post=0.9s
[DISCORD 1MIN] 05:39:43 ok=True Group 1(5): status=204 | Group 2(3): status=204 collect=8.5s post=0.6s
[진입유실 방지 자동보정] LONG KAITO/USDT:USDT exit=2026-05-23 07:44:17 미매칭수량=101.00000000 orderID=3589903302570221568 tradeID=None
[AUTO_REPAIR] 8401 점검 중 예외: cannot access local variable 'entry' where it is not associated with a value
[진입유실 방지 자동보정] LONG KAITO/USDT:USDT exit=2026-05-23 07:44:17 미매칭수량=101.00000000 orderID=3589903302570221568 tradeID=None
[AUTO_REPAIR] 8402 점검 중 예외: cannot access local variable 'entry' where it is not associated with a value
[진입유실 방지 자동보정] LONG KAITO/USDT:USDT exit=2026-05-23 07:44:17 미매칭수량=101.00000000 orderID=3589903302570221568 tradeID=None
[진입유실 방지 자동보정] LONG KAITO/USDT:USDT exit=2026-05-23 09:16:43 미매칭수량=103.00000000 orderID=3590089470679130112 tradeID=None
[진입유실 방지 자동보정] SHORT KAITO/USDT:USDT exit=2026-07-27 23:37:02 미매칭수량=9.00000000 orderID=3780263207016538112 tradeID=None
[진입유실 방지 자동보정] LONG KAITO/USDT:USDT exit=2026-07-28 00:17:06 미매칭수량=9.00000000 orderID=3780343864489091072 tradeID=None
[CATFIX] pnl=0 청산 → 진입 재분류: KAITO/USDT:USDT buy 수량=9.00000000 tradeID=243056081
[진입유실 방지 자동보정] LONG KAITO/USDT:USDT exit=2026-05-23 07:44:17 미매칭수량=101.00000000 orderID=3589903302570221568 tradeID=None
[AUTO_REPAIR] 8404 점검 중 예외: cannot access local variable 'entry' where it is not associated with a value
[진입유실 방지 자동보정] LONG KAITO/USDT:USDT exit=2026-05-23 07:44:17 미매칭수량=101.00000000 orderID=3589903302570221568 tradeID=None
[AUTO_REPAIR] 8405 점검 중 예외: cannot access local variable 'entry' where it is not associated with a value
[진입유실 방지 자동보정] LONG KAITO/USDT:USDT exit=2026-05-23 07:44:17 미매칭수량=101.00000000 orderID=3589903302570221568 tradeID=None
[AUTO_REPAIR] 8407 점검 중 예외: cannot access local variable 'entry' where it is not associated with a value
[진입유실 방지 자동보정] LONG KAITO/USDT:USDT exit=2026-05-23 07:44:17 미매칭수량=101.00000000 orderID=3589903302570221568 tradeID=None
[AUTO_REPAIR] 8408 점검 중 예외: cannot access local variable 'entry' where it is not associated with a value
[진입유실 방지 자동보정] LONG KAITO/USDT:USDT exit=2026-05-23 07:44:17 미매칭수량=101.00000000 orderID=3589903302570221568 tradeID=None
[AUTO_REPAIR] 8409 점검 중 예외: cannot access local variable 'entry' where it is not associated with a value
[DISCORD 1MIN] 05:40:43 ok=True Group 1(5): status=204 | Group 2(3): status=204 collect=8.6s post=0.9s
[DISCORD 1MIN] 05:41:43 ok=True Group 1(5): status=204 | Group 2(3): status=204 collect=8.4s post=0.8s
[DISCORD 1MIN] 05:42:44 ok=True Group 1(5): status=204 | Group 2(3): status=204 collect=8.7s post=0.8s
[DISCORD 1MIN] 05:43:43 ok=True Group 1(5): status=204 | Group 2(3): status=204 collect=8.4s post=0.6s
[DISCORD 1MIN] 05:44:43 ok=True Group 1(5): status=204 | Group 2(3): status=204 collect=8.5s post=0.8s
[진입유실 방지 자동보정] LONG KAITO/USDT:USDT exit=2026-05-23 07:44:17 미매칭수량=101.00000000 orderID=3589903302570221568 tradeID=None
[AUTO_REPAIR] 8401 점검 중 예외: cannot access local variable 'entry' where it is not associated with a value
[진입유실 방지 자동보정] LONG KAITO/USDT:USDT exit=2026-05-23 07:44:17 미매칭수량=101.00000000 orderID=3589903302570221568 tradeID=None
[AUTO_REPAIR] 8402 점검 중 예외: cannot access local variable 'entry' where it is not associated with a value
[진입유실 방지 자동보정] LONG KAITO/USDT:USDT exit=2026-05-23 07:44:17 미매칭수량=101.00000000 orderID=3589903302570221568 tradeID=None
[진입유실 방지 자동보정] LONG KAITO/USDT:USDT exit=2026-05-23 09:16:43 미매칭수량=103.00000000 orderID=3590089470679130112 tradeID=None
[진입유실 방지 자동보정] SHORT KAITO/USDT:USDT exit=2026-07-27 23:37:02 미매칭수량=9.00000000 orderID=3780263207016538112 tradeID=None
[진입유실 방지 자동보정] LONG KAITO/USDT:USDT exit=2026-07-28 00:17:06 미매칭수량=9.00000000 orderID=3780343864489091072 tradeID=None
[CATFIX] pnl=0 청산 → 진입 재분류: KAITO/USDT:USDT buy 수량=9.00000000 tradeID=243056081
[진입유실 방지 자동보정] LONG KAITO/USDT:USDT exit=2026-05-23 07:44:17 미매칭수량=101.00000000 orderID=3589903302570221568 tradeID=None
[AUTO_REPAIR] 8404 점검 중 예외: cannot access local variable 'entry' where it is not associated with a value
[진입유실 방지 자동보정] LONG KAITO/USDT:USDT exit=2026-05-23 07:44:17 미매칭수량=101.00000000 orderID=3589903302570221568 tradeID=None
[AUTO_REPAIR] 8405 점검 중 예외: cannot access local variable 'entry' where it is not associated with a value
[진입유실 방지 자동보정] LONG KAITO/USDT:USDT exit=2026-05-23 07:44:17 미매칭수량=101.00000000 orderID=3589903302570221568 tradeID=None
[AUTO_REPAIR] 8407 점검 중 예외: cannot access local variable 'entry' where it is not associated with a value
[진입유실 방지 자동보정] LONG KAITO/USDT:USDT exit=2026-05-23 07:44:17 미매칭수량=101.00000000 orderID=3589903302570221568 tradeID=None
[AUTO_REPAIR] 8408 점검 중 예외: cannot access local variable 'entry' where it is not associated with a value
[진입유실 방지 자동보정] LONG KAITO/USDT:USDT exit=2026-05-23 07:44:17 미매칭수량=101.00000000 orderID=3589903302570221568 tradeID=None
[AUTO_REPAIR] 8409 점검 중 예외: cannot access local variable 'entry' where it is not associated with a value
[DISCORD 1MIN] 05:45:43 ok=True Group 1(5): status=204 | Group 2(3): status=204 collect=8.5s post=0.8s
[DISCORD 1MIN] 05:46:43 ok=True Group 1(5): status=204 | Group 2(3): status=204 collect=8.5s post=0.7s
[DISCORD 1MIN] 05:47:43 ok=True Group 1(5): status=204 | Group 2(3): status=204 collect=8.5s post=0.8s
[DISCORD 1MIN] 05:48:43 ok=True Group 1(5): status=204 | Group 2(3): status=204 collect=8.4s post=1.0s
[DISCORD 1MIN] 05:49:43 ok=True Group 1(5): status=204 | Group 2(3): status=204 collect=8.6s post=0.8s
[진입유실 방지 자동보정] LONG KAITO/USDT:USDT exit=2026-05-23 07:44:17 미매칭수량=101.00000000 orderID=3589903302570221568 tradeID=None
[AUTO_REPAIR] 8401 점검 중 예외: cannot access local variable 'entry' where it is not associated with a value
[진입유실 방지 자동보정] LONG KAITO/USDT:USDT exit=2026-05-23 07:44:17 미매칭수량=101.00000000 orderID=3589903302570221568 tradeID=None
[AUTO_REPAIR] 8402 점검 중 예외: cannot access local variable 'entry' where it is not associated with a value
[진입유실 방지 자동보정] LONG KAITO/USDT:USDT exit=2026-05-23 07:44:17 미매칭수량=101.00000000 orderID=3589903302570221568 tradeID=None
[진입유실 방지 자동보정] LONG KAITO/USDT:USDT exit=2026-05-23 09:16:43 미매칭수량=103.00000000 orderID=3590089470679130112 tradeID=None
[진입유실 방지 자동보정] SHORT KAITO/USDT:USDT exit=2026-07-27 23:37:02 미매칭수량=9.00000000 orderID=3780263207016538112 tradeID=None
[진입유실 방지 자동보정] LONG KAITO/USDT:USDT exit=2026-07-28 00:17:06 미매칭수량=9.00000000 orderID=3780343864489091072 tradeID=None
[CATFIX] pnl=0 청산 → 진입 재분류: KAITO/USDT:USDT buy 수량=9.00000000 tradeID=243056081
[진입유실 방지 자동보정] LONG KAITO/USDT:USDT exit=2026-05-23 07:44:17 미매칭수량=101.00000000 orderID=3589903302570221568 tradeID=None
[AUTO_REPAIR] 8404 점검 중 예외: cannot access local variable 'entry' where it is not associated with a value
[진입유실 방지 자동보정] LONG KAITO/USDT:USDT exit=2026-05-23 07:44:17 미매칭수량=101.00000000 orderID=3589903302570221568 tradeID=None
[AUTO_REPAIR] 8405 점검 중 예외: cannot access local variable 'entry' where it is not associated with a value
[진입유실 방지 자동보정] LONG KAITO/USDT:USDT exit=2026-05-23 07:44:17 미매칭수량=101.00000000 orderID=3589903302570221568 tradeID=None
[AUTO_REPAIR] 8407 점검 중 예외: cannot access local variable 'entry' where it is not associated with a value
[진입유실 방지 자동보정] LONG KAITO/USDT:USDT exit=2026-05-23 07:44:17 미매칭수량=101.00000000 orderID=3589903302570221568 tradeID=None
[AUTO_REPAIR] 8408 점검 중 예외: cannot access local variable 'entry' where it is not associated with a value
[진입유실 방지 자동보정] LONG KAITO/USDT:USDT exit=2026-05-23 07:44:17 미매칭수량=101.00000000 orderID=3589903302570221568 tradeID=None
[AUTO_REPAIR] 8409 점검 중 예외: cannot access local variable 'entry' where it is not associated with a value
[DISCORD 1MIN] 05:50:43 ok=True Group 1(5): status=204 | Group 2(3): status=204 collect=8.5s post=0.6s
[DISCORD 1MIN] 05:51:44 ok=True Group 1(5): status=204 | Group 2(3): status=204 collect=8.7s post=0.9s
[DISCORD 1MIN] 05:52:43 ok=True Group 1(5): status=204 | Group 2(3): status=204 collect=8.4s post=0.7s
[DISCORD 1MIN] 05:53:43 ok=True Group 1(5): status=204 | Group 2(3): status=204 collect=8.5s post=0.7s
[DISCORD 1MIN] 05:54:43 ok=True Group 1(5): status=204 | Group 2(3): status=204 collect=8.4s post=0.8s
[진입유실 방지 자동보정] LONG KAITO/USDT:USDT exit=2026-05-23 07:44:17 미매칭수량=101.00000000 orderID=3589903302570221568 tradeID=None
[AUTO_REPAIR] 8401 점검 중 예외: cannot access local variable 'entry' where it is not associated with a value
[진입유실 방지 자동보정] LONG KAITO/USDT:USDT exit=2026-05-23 07:44:17 미매칭수량=101.00000000 orderID=3589903302570221568 tradeID=None
[AUTO_REPAIR] 8402 점검 중 예외: cannot access local variable 'entry' where it is not associated with a value
[진입유실 방지 자동보정] LONG KAITO/USDT:USDT exit=2026-05-23 07:44:17 미매칭수량=101.00000000 orderID=3589903302570221568 tradeID=None
[진입유실 방지 자동보정] LONG KAITO/USDT:USDT exit=2026-05-23 09:16:43 미매칭수량=103.00000000 orderID=3590089470679130112 tradeID=None
[진입유실 방지 자동보정] SHORT KAITO/USDT:USDT exit=2026-07-27 23:37:02 미매칭수량=9.00000000 orderID=3780263207016538112 tradeID=None
[진입유실 방지 자동보정] LONG KAITO/USDT:USDT exit=2026-07-28 00:17:06 미매칭수량=9.00000000 orderID=3780343864489091072 tradeID=None
[CATFIX] pnl=0 청산 → 진입 재분류: KAITO/USDT:USDT buy 수량=9.00000000 tradeID=243056081
[진입유실 방지 자동보정] LONG KAITO/USDT:USDT exit=2026-05-23 07:44:17 미매칭수량=101.00000000 orderID=3589903302570221568 tradeID=None
[AUTO_REPAIR] 8404 점검 중 예외: cannot access local variable 'entry' where it is not associated with a value
[진입유실 방지 자동보정] LONG KAITO/USDT:USDT exit=2026-05-23 07:44:17 미매칭수량=101.00000000 orderID=3589903302570221568 tradeID=None
[AUTO_REPAIR] 8405 점검 중 예외: cannot access local variable 'entry' where it is not associated with a value
[진입유실 방지 자동보정] LONG KAITO/USDT:USDT exit=2026-05-23 07:44:17 미매칭수량=101.00000000 orderID=3589903302570221568 tradeID=None
[AUTO_REPAIR] 8407 점검 중 예외: cannot access local variable 'entry' where it is not associated with a value
[진입유실 방지 자동보정] LONG KAITO/USDT:USDT exit=2026-05-23 07:44:17 미매칭수량=101.00000000 orderID=3589903302570221568 tradeID=None
[AUTO_REPAIR] 8408 점검 중 예외: cannot access local variable 'entry' where it is not associated with a value
[진입유실 방지 자동보정] LONG KAITO/USDT:USDT exit=2026-05-23 07:44:17 미매칭수량=101.00000000 orderID=3589903302570221568 tradeID=None
[AUTO_REPAIR] 8409 점검 중 예외: cannot access local variable 'entry' where it is not associated with a value
[DISCORD 1MIN] 05:55:43 ok=True Group 1(5): status=204 | Group 2(3): status=204 collect=8.5s post=0.7s
[DISCORD 1MIN] 05:56:43 ok=True Group 1(5): status=204 | Group 2(3): status=204 collect=8.5s post=0.7s
[DISCORD 1MIN] 05:57:43 ok=True Group 1(5): status=204 | Group 2(3): status=204 collect=8.4s post=0.7s
[DISCORD 1MIN] 05:58:44 ok=True Group 1(5): status=204 | Group 2(3): status=204 collect=8.7s post=0.8s
[DISCORD 1MIN] 05:59:43 ok=True Group 1(5): status=204 | Group 2(3): status=204 collect=8.4s post=0.6s
[진입유실 방지 자동보정] LONG KAITO/USDT:USDT exit=2026-05-23 07:44:17 미매칭수량=101.00000000 orderID=3589903302570221568 tradeID=None
[AUTO_REPAIR] 8401 점검 중 예외: cannot access local variable 'entry' where it is not associated with a value
[진입유실 방지 자동보정] LONG KAITO/USDT:USDT exit=2026-05-23 07:44:17 미매칭수량=101.00000000 orderID=3589903302570221568 tradeID=None
[AUTO_REPAIR] 8402 점검 중 예외: cannot access local variable 'entry' where it is not associated with a value
[진입유실 방지 자동보정] LONG KAITO/USDT:USDT exit=2026-05-23 07:44:17 미매칭수량=101.00000000 orderID=3589903302570221568 tradeID=None
[진입유실 방지 자동보정] LONG KAITO/USDT:USDT exit=2026-05-23 09:16:43 미매칭수량=103.00000000 orderID=3590089470679130112 tradeID=None
[진입유실 방지 자동보정] SHORT KAITO/USDT:USDT exit=2026-07-27 23:37:02 미매칭수량=9.00000000 orderID=3780263207016538112 tradeID=None
[진입유실 방지 자동보정] LONG KAITO/USDT:USDT exit=2026-07-28 00:17:06 미매칭수량=9.00000000 orderID=3780343864489091072 tradeID=None
[CATFIX] pnl=0 청산 → 진입 재분류: KAITO/USDT:USDT buy 수량=9.00000000 tradeID=243056081
[진입유실 방지 자동보정] LONG KAITO/USDT:USDT exit=2026-05-23 07:44:17 미매칭수량=101.00000000 orderID=3589903302570221568 tradeID=None
[AUTO_REPAIR] 8404 점검 중 예외: cannot access local variable 'entry' where it is not associated with a value
[진입유실 방지 자동보정] LONG KAITO/USDT:USDT exit=2026-05-23 07:44:17 미매칭수량=101.00000000 orderID=3589903302570221568 tradeID=None
[AUTO_REPAIR] 8405 점검 중 예외: cannot access local variable 'entry' where it is not associated with a value
[진입유실 방지 자동보정] LONG KAITO/USDT:USDT exit=2026-05-23 07:44:17 미매칭수량=101.00000000 orderID=3589903302570221568 tradeID=None
[AUTO_REPAIR] 8407 점검 중 예외: cannot access local variable 'entry' where it is not associated with a value
[진입유실 방지 자동보정] LONG KAITO/USDT:USDT exit=2026-05-23 07:44:17 미매칭수량=101.00000000 orderID=3589903302570221568 tradeID=None
[AUTO_REPAIR] 8408 점검 중 예외: cannot access local variable 'entry' where it is not associated with a value
[진입유실 방지 자동보정] LONG KAITO/USDT:USDT exit=2026-05-23 07:44:17 미매칭수량=101.00000000 orderID=3589903302570221568 tradeID=None
[AUTO_REPAIR] 8409 점검 중 예외: cannot access local variable 'entry' where it is not associated with a value
[DISCORD 1MIN] 06:00:43 ok=True Group 1(5): status=204 | Group 2(3): status=204 collect=8.7s post=0.6s
[DISCORD 1MIN] 06:01:43 ok=True Group 1(5): status=204 | Group 2(3): status=204 collect=8.4s post=0.8s
[DISCORD 1MIN] 06:02:44 ok=True Group 1(5): status=204 | Group 2(3): status=204 collect=8.6s post=0.9s
[DISCORD 1MIN] 06:03:43 ok=True Group 1(5): status=204 | Group 2(3): status=204 collect=8.4s post=0.8s
[DISCORD 1MIN] 06:04:43 ok=True Group 1(5): status=204 | Group 2(3): status=204 collect=8.4s post=0.8s
[진입유실 방지 자동보정] LONG KAITO/USDT:USDT exit=2026-05-23 07:44:17 미매칭수량=101.00000000 orderID=3589903302570221568 tradeID=None
[AUTO_REPAIR] 8401 점검 중 예외: cannot access local variable 'entry' where it is not associated with a value
[진입유실 방지 자동보정] LONG KAITO/USDT:USDT exit=2026-05-23 07:44:17 미매칭수량=101.00000000 orderID=3589903302570221568 tradeID=None
[AUTO_REPAIR] 8402 점검 중 예외: cannot access local variable 'entry' where it is not associated with a value
[진입유실 방지 자동보정] LONG KAITO/USDT:USDT exit=2026-05-23 07:44:17 미매칭수량=101.00000000 orderID=3589903302570221568 tradeID=None
[진입유실 방지 자동보정] LONG KAITO/USDT:USDT exit=2026-05-23 09:16:43 미매칭수량=103.00000000 orderID=3590089470679130112 tradeID=None
[진입유실 방지 자동보정] SHORT KAITO/USDT:USDT exit=2026-07-27 23:37:02 미매칭수량=9.00000000 orderID=3780263207016538112 tradeID=None
[진입유실 방지 자동보정] LONG KAITO/USDT:USDT exit=2026-07-28 00:17:06 미매칭수량=9.00000000 orderID=3780343864489091072 tradeID=None
[CATFIX] pnl=0 청산 → 진입 재분류: KAITO/USDT:USDT buy 수량=9.00000000 tradeID=243056081
[진입유실 방지 자동보정] LONG KAITO/USDT:USDT exit=2026-05-23 07:44:17 미매칭수량=101.00000000 orderID=3589903302570221568 tradeID=None
[AUTO_REPAIR] 8404 점검 중 예외: cannot access local variable 'entry' where it is not associated with a value
[진입유실 방지 자동보정] LONG KAITO/USDT:USDT exit=2026-05-23 07:44:17 미매칭수량=101.00000000 orderID=3589903302570221568 tradeID=None
[AUTO_REPAIR] 8405 점검 중 예외: cannot access local variable 'entry' where it is not associated with a value
[진입유실 방지 자동보정] LONG KAITO/USDT:USDT exit=2026-05-23 07:44:17 미매칭수량=101.00000000 orderID=3589903302570221568 tradeID=None
[AUTO_REPAIR] 8407 점검 중 예외: cannot access local variable 'entry' where it is not associated with a value
[진입유실 방지 자동보정] LONG KAITO/USDT:USDT exit=2026-05-23 07:44:17 미매칭수량=101.00000000 orderID=3589903302570221568 tradeID=None
[AUTO_REPAIR] 8408 점검 중 예외: cannot access local variable 'entry' where it is not associated with a value
[진입유실 방지 자동보정] LONG KAITO/USDT:USDT exit=2026-05-23 07:44:17 미매칭수량=101.00000000 orderID=3589903302570221568 tradeID=None
[AUTO_REPAIR] 8409 점검 중 예외: cannot access local variable 'entry' where it is not associated with a value
[DISCORD 1MIN] 06:05:43 ok=True Group 1(5): status=204 | Group 2(3): status=204 collect=8.6s post=0.7s
[DISCORD 1MIN] 06:06:43 ok=True Group 1(5): status=204 | Group 2(3): status=204 collect=8.4s post=0.6s
[DISCORD 1MIN] 06:07:43 ok=True Group 1(5): status=204 | Group 2(3): status=204 collect=8.7s post=0.7s
[DISCORD 1MIN] 06:08:44 ok=True Group 1(5): status=204 | Group 2(3): status=204 collect=8.4s post=1.2s
[DISCORD 1MIN] 06:09:43 ok=True Group 1(5): status=204 | Group 2(3): status=204 collect=8.6s post=0.7s
[진입유실 방지 자동보정] LONG KAITO/USDT:USDT exit=2026-05-23 07:44:17 미매칭수량=101.00000000 orderID=3589903302570221568 tradeID=None
[AUTO_REPAIR] 8401 점검 중 예외: cannot access local variable 'entry' where it is not associated with a value
[진입유실 방지 자동보정] LONG KAITO/USDT:USDT exit=2026-05-23 07:44:17 미매칭수량=101.00000000 orderID=3589903302570221568 tradeID=None
[AUTO_REPAIR] 8402 점검 중 예외: cannot access local variable 'entry' where it is not associated with a value
[진입유실 방지 자동보정] LONG KAITO/USDT:USDT exit=2026-05-23 07:44:17 미매칭수량=101.00000000 orderID=3589903302570221568 tradeID=None
[진입유실 방지 자동보정] LONG KAITO/USDT:USDT exit=2026-05-23 09:16:43 미매칭수량=103.00000000 orderID=3590089470679130112 tradeID=None
[진입유실 방지 자동보정] SHORT KAITO/USDT:USDT exit=2026-07-27 23:37:02 미매칭수량=9.00000000 orderID=3780263207016538112 tradeID=None
[진입유실 방지 자동보정] LONG KAITO/USDT:USDT exit=2026-07-28 00:17:06 미매칭수량=9.00000000 orderID=3780343864489091072 tradeID=None
[CATFIX] pnl=0 청산 → 진입 재분류: KAITO/USDT:USDT buy 수량=9.00000000 tradeID=243056081
[진입유실 방지 자동보정] LONG KAITO/USDT:USDT exit=2026-05-23 07:44:17 미매칭수량=101.00000000 orderID=3589903302570221568 tradeID=None
[AUTO_REPAIR] 8404 점검 중 예외: cannot access local variable 'entry' where it is not associated with a value
[진입유실 방지 자동보정] LONG KAITO/USDT:USDT exit=2026-05-23 07:44:17 미매칭수량=101.00000000 orderID=3589903302570221568 tradeID=None
[AUTO_REPAIR] 8405 점검 중 예외: cannot access local variable 'entry' where it is not associated with a value
[진입유실 방지 자동보정] LONG KAITO/USDT:USDT exit=2026-05-23 07:44:17 미매칭수량=101.00000000 orderID=3589903302570221568 tradeID=None
[AUTO_REPAIR] 8407 점검 중 예외: cannot access local variable 'entry' where it is not associated with a value
[진입유실 방지 자동보정] LONG KAITO/USDT:USDT exit=2026-05-23 07:44:17 미매칭수량=101.00000000 orderID=3589903302570221568 tradeID=None
[AUTO_REPAIR] 8408 점검 중 예외: cannot access local variable 'entry' where it is not associated with a value
[진입유실 방지 자동보정] LONG KAITO/USDT:USDT exit=2026-05-23 07:44:17 미매칭수량=101.00000000 orderID=3589903302570221568 tradeID=None
[AUTO_REPAIR] 8409 점검 중 예외: cannot access local variable 'entry' where it is not associated with a value
[DISCORD 1MIN] 06:10:43 ok=True Group 1(5): status=204 | Group 2(3): status=204 collect=8.5s post=0.7s
[DISCORD 1MIN] 06:11:43 ok=True Group 1(5): status=204 | Group 2(3): status=204 collect=8.4s post=0.7s
[DISCORD 1MIN] 06:12:43 ok=True Group 1(5): status=204 | Group 2(3): status=204 collect=8.4s post=0.9s
[DISCORD 1MIN] 06:13:43 ok=True Group 1(5): status=204 | Group 2(3): status=204 collect=8.4s post=0.8s
[DISCORD 1MIN] 06:14:43 ok=True Group 1(5): status=204 | Group 2(3): status=204 collect=8.6s post=0.7s
[진입유실 방지 자동보정] LONG KAITO/USDT:USDT exit=2026-05-23 07:44:17 미매칭수량=101.00000000 orderID=3589903302570221568 tradeID=None
[AUTO_REPAIR] 8401 점검 중 예외: cannot access local variable 'entry' where it is not associated with a value
[진입유실 방지 자동보정] LONG KAITO/USDT:USDT exit=2026-05-23 07:44:17 미매칭수량=101.00000000 orderID=3589903302570221568 tradeID=None
[AUTO_REPAIR] 8402 점검 중 예외: cannot access local variable 'entry' where it is not associated with a value
[진입유실 방지 자동보정] LONG KAITO/USDT:USDT exit=2026-05-23 07:44:17 미매칭수량=101.00000000 orderID=3589903302570221568 tradeID=None
[진입유실 방지 자동보정] LONG KAITO/USDT:USDT exit=2026-05-23 09:16:43 미매칭수량=103.00000000 orderID=3590089470679130112 tradeID=None
[진입유실 방지 자동보정] SHORT KAITO/USDT:USDT exit=2026-07-27 23:37:02 미매칭수량=9.00000000 orderID=3780263207016538112 tradeID=None
[진입유실 방지 자동보정] LONG KAITO/USDT:USDT exit=2026-07-28 00:17:06 미매칭수량=9.00000000 orderID=3780343864489091072 tradeID=None
[CATFIX] pnl=0 청산 → 진입 재분류: KAITO/USDT:USDT buy 수량=9.00000000 tradeID=243056081
[진입유실 방지 자동보정] LONG KAITO/USDT:USDT exit=2026-05-23 07:44:17 미매칭수량=101.00000000 orderID=3589903302570221568 tradeID=None
[AUTO_REPAIR] 8404 점검 중 예외: cannot access local variable 'entry' where it is not associated with a value
[진입유실 방지 자동보정] LONG KAITO/USDT:USDT exit=2026-05-23 07:44:17 미매칭수량=101.00000000 orderID=3589903302570221568 tradeID=None
[AUTO_REPAIR] 8405 점검 중 예외: cannot access local variable 'entry' where it is not associated with a value
[진입유실 방지 자동보정] LONG KAITO/USDT:USDT exit=2026-05-23 07:44:17 미매칭수량=101.00000000 orderID=3589903302570221568 tradeID=None
[AUTO_REPAIR] 8407 점검 중 예외: cannot access local variable 'entry' where it is not associated with a value
[진입유실 방지 자동보정] LONG KAITO/USDT:USDT exit=2026-05-23 07:44:17 미매칭수량=101.00000000 orderID=3589903302570221568 tradeID=None
[AUTO_REPAIR] 8408 점검 중 예외: cannot access local variable 'entry' where it is not associated with a value
[진입유실 방지 자동보정] LONG KAITO/USDT:USDT exit=2026-05-23 07:44:17 미매칭수량=101.00000000 orderID=3589903302570221568 tradeID=None
[AUTO_REPAIR] 8409 점검 중 예외: cannot access local variable 'entry' where it is not associated with a value
[DISCORD 1MIN] 06:15:43 ok=True Group 1(5): status=204 | Group 2(3): status=204 collect=8.4s post=0.7s
[DISCORD 1MIN] 06:16:44 ok=True Group 1(5): status=204 | Group 2(3): status=204 collect=8.8s post=0.7s
[DISCORD 1MIN] 06:17:44 ok=True Group 1(5): status=204 | Group 2(3): status=204 collect=8.4s post=1.1s
[DISCORD 1MIN] 06:18:43 ok=True Group 1(5): status=204 | Group 2(3): status=204 collect=8.5s post=0.6s
[DISCORD 1MIN] 06:19:46 ok=True Group 1(5): status=204 | Group 2(3): status=204 collect=8.7s post=3.5s
[진입유실 방지 자동보정] LONG KAITO/USDT:USDT exit=2026-05-23 07:44:17 미매칭수량=101.00000000 orderID=3589903302570221568 tradeID=None
[AUTO_REPAIR] 8401 점검 중 예외: cannot access local variable 'entry' where it is not associated with a value
[진입유실 방지 자동보정] LONG KAITO/USDT:USDT exit=2026-05-23 07:44:17 미매칭수량=101.00000000 orderID=3589903302570221568 tradeID=None
[AUTO_REPAIR] 8402 점검 중 예외: cannot access local variable 'entry' where it is not associated with a value
[진입유실 방지 자동보정] LONG KAITO/USDT:USDT exit=2026-05-23 07:44:17 미매칭수량=101.00000000 orderID=3589903302570221568 tradeID=None
[진입유실 방지 자동보정] LONG KAITO/USDT:USDT exit=2026-05-23 09:16:43 미매칭수량=103.00000000 orderID=3590089470679130112 tradeID=None
[진입유실 방지 자동보정] SHORT KAITO/USDT:USDT exit=2026-07-27 23:37:02 미매칭수량=9.00000000 orderID=3780263207016538112 tradeID=None
[진입유실 방지 자동보정] LONG KAITO/USDT:USDT exit=2026-07-28 00:17:06 미매칭수량=9.00000000 orderID=3780343864489091072 tradeID=None
[CATFIX] pnl=0 청산 → 진입 재분류: KAITO/USDT:USDT buy 수량=9.00000000 tradeID=243056081
[진입유실 방지 자동보정] LONG KAITO/USDT:USDT exit=2026-05-23 07:44:17 미매칭수량=101.00000000 orderID=3589903302570221568 tradeID=None
[AUTO_REPAIR] 8404 점검 중 예외: cannot access local variable 'entry' where it is not associated with a value
[진입유실 방지 자동보정] LONG KAITO/USDT:USDT exit=2026-05-23 07:44:17 미매칭수량=101.00000000 orderID=3589903302570221568 tradeID=None
[AUTO_REPAIR] 8405 점검 중 예외: cannot access local variable 'entry' where it is not associated with a value
[진입유실 방지 자동보정] LONG KAITO/USDT:USDT exit=2026-05-23 07:44:17 미매칭수량=101.00000000 orderID=3589903302570221568 tradeID=None
[AUTO_REPAIR] 8407 점검 중 예외: cannot access local variable 'entry' where it is not associated with a value
[진입유실 방지 자동보정] LONG KAITO/USDT:USDT exit=2026-05-23 07:44:17 미매칭수량=101.00000000 orderID=3589903302570221568 tradeID=None
[AUTO_REPAIR] 8408 점검 중 예외: cannot access local variable 'entry' where it is not associated with a value
[진입유실 방지 자동보정] LONG KAITO/USDT:USDT exit=2026-05-23 07:44:17 미매칭수량=101.00000000 orderID=3589903302570221568 tradeID=None
[AUTO_REPAIR] 8409 점검 중 예외: cannot access local variable 'entry' where it is not associated with a value
[DISCORD 1MIN] 06:20:43 ok=True Group 1(5): status=204 | Group 2(3): status=204 collect=8.5s post=0.8s
[DISCORD 1MIN] 06:21:43 ok=True Group 1(5): status=204 | Group 2(3): status=204 collect=8.4s post=0.6s
[DISCORD 1MIN] 06:22:44 ok=True Group 1(5): status=204 | Group 2(3): status=204 collect=8.8s post=0.9s
[DISCORD 1MIN] 06:23:44 ok=True Group 1(5): status=204 | Group 2(3): status=204 collect=8.6s post=0.7s
[DISCORD 1MIN] 06:24:43 ok=True Group 1(5): status=204 | Group 2(3): status=204 collect=8.4s post=0.7s
[진입유실 방지 자동보정] LONG KAITO/USDT:USDT exit=2026-05-23 07:44:17 미매칭수량=101.00000000 orderID=3589903302570221568 tradeID=None
[AUTO_REPAIR] 8401 점검 중 예외: cannot access local variable 'entry' where it is not associated with a value
[진입유실 방지 자동보정] LONG KAITO/USDT:USDT exit=2026-05-23 07:44:17 미매칭수량=101.00000000 orderID=3589903302570221568 tradeID=None
[AUTO_REPAIR] 8402 점검 중 예외: cannot access local variable 'entry' where it is not associated with a value
[진입유실 방지 자동보정] LONG KAITO/USDT:USDT exit=2026-05-23 07:44:17 미매칭수량=101.00000000 orderID=3589903302570221568 tradeID=None
[진입유실 방지 자동보정] LONG KAITO/USDT:USDT exit=2026-05-23 09:16:43 미매칭수량=103.00000000 orderID=3590089470679130112 tradeID=None
[진입유실 방지 자동보정] SHORT KAITO/USDT:USDT exit=2026-07-27 23:37:02 미매칭수량=9.00000000 orderID=3780263207016538112 tradeID=None
[진입유실 방지 자동보정] LONG KAITO/USDT:USDT exit=2026-07-28 00:17:06 미매칭수량=9.00000000 orderID=3780343864489091072 tradeID=None
[CATFIX] pnl=0 청산 → 진입 재분류: KAITO/USDT:USDT buy 수량=9.00000000 tradeID=243056081
[진입유실 방지 자동보정] LONG KAITO/USDT:USDT exit=2026-05-23 07:44:17 미매칭수량=101.00000000 orderID=3589903302570221568 tradeID=None
[AUTO_REPAIR] 8404 점검 중 예외: cannot access local variable 'entry' where it is not associated with a value
[진입유실 방지 자동보정] LONG KAITO/USDT:USDT exit=2026-05-23 07:44:17 미매칭수량=101.00000000 orderID=3589903302570221568 tradeID=None
[AUTO_REPAIR] 8405 점검 중 예외: cannot access local variable 'entry' where it is not associated with a value
[진입유실 방지 자동보정] LONG KAITO/USDT:USDT exit=2026-05-23 07:44:17 미매칭수량=101.00000000 orderID=3589903302570221568 tradeID=None
[AUTO_REPAIR] 8407 점검 중 예외: cannot access local variable 'entry' where it is not associated with a value
[진입유실 방지 자동보정] LONG KAITO/USDT:USDT exit=2026-05-23 07:44:17 미매칭수량=101.00000000 orderID=3589903302570221568 tradeID=None
[AUTO_REPAIR] 8408 점검 중 예외: cannot access local variable 'entry' where it is not associated with a value
[진입유실 방지 자동보정] LONG KAITO/USDT:USDT exit=2026-05-23 07:44:17 미매칭수량=101.00000000 orderID=3589903302570221568 tradeID=None
[AUTO_REPAIR] 8409 점검 중 예외: cannot access local variable 'entry' where it is not associated with a value
[DISCORD 1MIN] 06:25:44 ok=True Group 1(5): status=204 | Group 2(3): status=204 collect=8.9s post=0.7s
[DISCORD 1MIN] 06:26:43 ok=True Group 1(5): status=204 | Group 2(3): status=204 collect=8.4s post=0.7s
[DISCORD 1MIN] 06:27:43 ok=True Group 1(5): status=204 | Group 2(3): status=204 collect=8.5s post=0.8s
[DISCORD 1MIN] 06:28:44 ok=True Group 1(5): status=204 | Group 2(3): status=204 collect=8.7s post=0.7s
[DISCORD 1MIN] 06:29:44 ok=True Group 1(5): status=204 | Group 2(3): status=204 collect=8.4s post=1.0s
[진입유실 방지 자동보정] LONG KAITO/USDT:USDT exit=2026-05-23 07:44:17 미매칭수량=101.00000000 orderID=3589903302570221568 tradeID=None
[AUTO_REPAIR] 8401 점검 중 예외: cannot access local variable 'entry' where it is not associated with a value
[진입유실 방지 자동보정] LONG KAITO/USDT:USDT exit=2026-05-23 07:44:17 미매칭수량=101.00000000 orderID=3589903302570221568 tradeID=None
[AUTO_REPAIR] 8402 점검 중 예외: cannot access local variable 'entry' where it is not associated with a value
[진입유실 방지 자동보정] LONG KAITO/USDT:USDT exit=2026-05-23 07:44:17 미매칭수량=101.00000000 orderID=3589903302570221568 tradeID=None
[진입유실 방지 자동보정] LONG KAITO/USDT:USDT exit=2026-05-23 09:16:43 미매칭수량=103.00000000 orderID=3590089470679130112 tradeID=None
[진입유실 방지 자동보정] SHORT KAITO/USDT:USDT exit=2026-07-27 23:37:02 미매칭수량=9.00000000 orderID=3780263207016538112 tradeID=None
[진입유실 방지 자동보정] LONG KAITO/USDT:USDT exit=2026-07-28 00:17:06 미매칭수량=9.00000000 orderID=3780343864489091072 tradeID=None
[CATFIX] pnl=0 청산 → 진입 재분류: KAITO/USDT:USDT buy 수량=9.00000000 tradeID=243056081
[진입유실 방지 자동보정] LONG KAITO/USDT:USDT exit=2026-05-23 07:44:17 미매칭수량=101.00000000 orderID=3589903302570221568 tradeID=None
[AUTO_REPAIR] 8404 점검 중 예외: cannot access local variable 'entry' where it is not associated with a value
[진입유실 방지 자동보정] LONG KAITO/USDT:USDT exit=2026-05-23 07:44:17 미매칭수량=101.00000000 orderID=3589903302570221568 tradeID=None
[AUTO_REPAIR] 8405 점검 중 예외: cannot access local variable 'entry' where it is not associated with a value
[진입유실 방지 자동보정] LONG KAITO/USDT:USDT exit=2026-05-23 07:44:17 미매칭수량=101.00000000 orderID=3589903302570221568 tradeID=None
[AUTO_REPAIR] 8407 점검 중 예외: cannot access local variable 'entry' where it is not associated with a value
[진입유실 방지 자동보정] LONG KAITO/USDT:USDT exit=2026-05-23 07:44:17 미매칭수량=101.00000000 orderID=3589903302570221568 tradeID=None
[AUTO_REPAIR] 8408 점검 중 예외: cannot access local variable 'entry' where it is not associated with a value
[진입유실 방지 자동보정] LONG KAITO/USDT:USDT exit=2026-05-23 07:44:17 미매칭수량=101.00000000 orderID=3589903302570221568 tradeID=None
[AUTO_REPAIR] 8409 점검 중 예외: cannot access local variable 'entry' where it is not associated with a value
[DISCORD 1MIN] 06:30:44 ok=True Group 1(5): status=204 | Group 2(3): status=204 collect=8.9s post=1.1s
[DISCORD 1MIN] 06:31:46 ok=True Group 1(5): status=204 | Group 2(3): status=204 collect=8.5s post=3.2s
[DISCORD 1MIN] 06:32:44 ok=True Group 1(5): status=204 | Group 2(3): status=204 collect=8.8s post=0.6s
[DISCORD 1MIN] 06:33:44 ok=True Group 1(5): status=204 | Group 2(3): status=204 collect=8.4s post=1.3s
[DISCORD 1MIN] 06:34:44 ok=True Group 1(5): status=204 | Group 2(3): status=204 collect=8.7s post=0.6s
[진입유실 방지 자동보정] LONG KAITO/USDT:USDT exit=2026-05-23 07:44:17 미매칭수량=101.00000000 orderID=3589903302570221568 tradeID=None
[AUTO_REPAIR] 8401 점검 중 예외: cannot access local variable 'entry' where it is not associated with a value
[진입유실 방지 자동보정] LONG KAITO/USDT:USDT exit=2026-05-23 07:44:17 미매칭수량=101.00000000 orderID=3589903302570221568 tradeID=None
[AUTO_REPAIR] 8402 점검 중 예외: cannot access local variable 'entry' where it is not associated with a value
[진입유실 방지 자동보정] LONG KAITO/USDT:USDT exit=2026-05-23 07:44:17 미매칭수량=101.00000000 orderID=3589903302570221568 tradeID=None
[진입유실 방지 자동보정] LONG KAITO/USDT:USDT exit=2026-05-23 09:16:43 미매칭수량=103.00000000 orderID=3590089470679130112 tradeID=None
[진입유실 방지 자동보정] SHORT KAITO/USDT:USDT exit=2026-07-27 23:37:02 미매칭수량=9.00000000 orderID=3780263207016538112 tradeID=None
[진입유실 방지 자동보정] LONG KAITO/USDT:USDT exit=2026-07-28 00:17:06 미매칭수량=9.00000000 orderID=3780343864489091072 tradeID=None
[CATFIX] pnl=0 청산 → 진입 재분류: KAITO/USDT:USDT buy 수량=9.00000000 tradeID=243056081
[진입유실 방지 자동보정] LONG KAITO/USDT:USDT exit=2026-05-23 07:44:17 미매칭수량=101.00000000 orderID=3589903302570221568 tradeID=None
[AUTO_REPAIR] 8404 점검 중 예외: cannot access local variable 'entry' where it is not associated with a value
[진입유실 방지 자동보정] LONG KAITO/USDT:USDT exit=2026-05-23 07:44:17 미매칭수량=101.00000000 orderID=3589903302570221568 tradeID=None
[AUTO_REPAIR] 8405 점검 중 예외: cannot access local variable 'entry' where it is not associated with a value
[진입유실 방지 자동보정] LONG KAITO/USDT:USDT exit=2026-05-23 07:44:17 미매칭수량=101.00000000 orderID=3589903302570221568 tradeID=None
[AUTO_REPAIR] 8407 점검 중 예외: cannot access local variable 'entry' where it is not associated with a value
[진입유실 방지 자동보정] LONG KAITO/USDT:USDT exit=2026-05-23 07:44:17 미매칭수량=101.00000000 orderID=3589903302570221568 tradeID=None
[AUTO_REPAIR] 8408 점검 중 예외: cannot access local variable 'entry' where it is not associated with a value
[진입유실 방지 자동보정] LONG KAITO/USDT:USDT exit=2026-05-23 07:44:17 미매칭수량=101.00000000 orderID=3589903302570221568 tradeID=None
[AUTO_REPAIR] 8409 점검 중 예외: cannot access local variable 'entry' where it is not associated with a value
[DISCORD 1MIN] 06:35:43 ok=True Group 1(5): status=204 | Group 2(3): status=204 collect=8.5s post=0.7s
[DISCORD 1MIN] 06:36:43 ok=True Group 1(5): status=204 | Group 2(3): status=204 collect=8.5s post=0.7s
[DISCORD 1MIN] 06:37:43 ok=True Group 1(5): status=204 | Group 2(3): status=204 collect=8.4s post=0.8s
[DISCORD 1MIN] 06:38:44 ok=True Group 1(5): status=204 | Group 2(3): status=204 collect=8.8s post=0.7s
[DISCORD 1MIN] 06:39:44 ok=True Group 1(5): status=204 | Group 2(3): status=204 collect=8.9s post=0.7s
[진입유실 방지 자동보정] LONG KAITO/USDT:USDT exit=2026-05-23 07:44:17 미매칭수량=101.00000000 orderID=3589903302570221568 tradeID=None
[AUTO_REPAIR] 8401 점검 중 예외: cannot access local variable 'entry' where it is not associated with a value
[진입유실 방지 자동보정] LONG KAITO/USDT:USDT exit=2026-05-23 07:44:17 미매칭수량=101.00000000 orderID=3589903302570221568 tradeID=None
[AUTO_REPAIR] 8402 점검 중 예외: cannot access local variable 'entry' where it is not associated with a value
[진입유실 방지 자동보정] LONG KAITO/USDT:USDT exit=2026-05-23 07:44:17 미매칭수량=101.00000000 orderID=3589903302570221568 tradeID=None
[진입유실 방지 자동보정] LONG KAITO/USDT:USDT exit=2026-05-23 09:16:43 미매칭수량=103.00000000 orderID=3590089470679130112 tradeID=None
[진입유실 방지 자동보정] SHORT KAITO/USDT:USDT exit=2026-07-27 23:37:02 미매칭수량=9.00000000 orderID=3780263207016538112 tradeID=None
[진입유실 방지 자동보정] LONG KAITO/USDT:USDT exit=2026-07-28 00:17:06 미매칭수량=9.00000000 orderID=3780343864489091072 tradeID=None
[진입유실 방지 자동보정] SHORT XRP/USDT:USDT exit=2026-07-10 20:56:05 미매칭수량=1.43000000 orderID=3730654412548546560 tradeID=None
[진입유실 방지 자동보정] LONG XRP/USDT:USDT exit=2026-07-11 02:57:26 미매칭수량=0.14000000 orderID=3731381904544571392 tradeID=None
[진입유실 방지 자동보정] LONG XRP/USDT:USDT exit=2026-07-11 07:35:19 미매칭수량=0.14000000 orderID=3731941344905732096 tradeID=None
[진입유실 방지 자동보정] LONG XRP/USDT:USDT exit=2026-07-13 22:19:43 미매칭수량=0.15000000 orderID=3739520111387811840 tradeID=None
[CATFIX] pnl=0 청산 → 진입 재분류: KAITO/USDT:USDT buy 수량=9.00000000 tradeID=243056081
[진입유실 방지 자동보정] LONG KAITO/USDT:USDT exit=2026-05-23 07:44:17 미매칭수량=101.00000000 orderID=3589903302570221568 tradeID=None
[AUTO_REPAIR] 8404 점검 중 예외: cannot access local variable 'entry' where it is not associated with a value
[진입유실 방지 자동보정] LONG KAITO/USDT:USDT exit=2026-05-23 07:44:17 미매칭수량=101.00000000 orderID=3589903302570221568 tradeID=None
[AUTO_REPAIR] 8405 점검 중 예외: cannot access local variable 'entry' where it is not associated with a value
[진입유실 방지 자동보정] LONG KAITO/USDT:USDT exit=2026-05-23 07:44:17 미매칭수량=101.00000000 orderID=3589903302570221568 tradeID=None
[AUTO_REPAIR] 8407 점검 중 예외: cannot access local variable 'entry' where it is not associated with a value
[진입유실 방지 자동보정] LONG KAITO/USDT:USDT exit=2026-05-23 07:44:17 미매칭수량=101.00000000 orderID=3589903302570221568 tradeID=None
[AUTO_REPAIR] 8408 점검 중 예외: cannot access local variable 'entry' where it is not associated with a value
[진입유실 방지 자동보정] LONG KAITO/USDT:USDT exit=2026-05-23 07:44:17 미매칭수량=101.00000000 orderID=3589903302570221568 tradeID=None
[AUTO_REPAIR] 8409 점검 중 예외: cannot access local variable 'entry' where it is not associated with a value
[DISCORD 1MIN] 06:40:44 ok=True Group 1(5): status=204 | Group 2(3): status=204 collect=8.8s post=0.7s
[DISCORD 1MIN] 06:41:44 ok=True Group 1(5): status=204 | Group 2(3): status=204 collect=9.1s post=1.0s
[DISCORD 1MIN] 06:42:43 ok=True Group 1(5): status=204 | Group 2(3): status=204 collect=8.4s post=0.7s
[DISCORD 1MIN] 06:43:45 ok=True Group 1(5): status=204 | Group 2(3): status=204 collect=8.7s post=2.4s
[DISCORD 1MIN] 06:44:43 ok=True Group 1(5): status=204 | Group 2(3): status=204 collect=8.4s post=0.7s
[진입유실 방지 자동보정] LONG KAITO/USDT:USDT exit=2026-05-23 07:44:17 미매칭수량=101.00000000 orderID=3589903302570221568 tradeID=None
[AUTO_REPAIR] 8401 점검 중 예외: cannot access local variable 'entry' where it is not associated with a value
[진입유실 방지 자동보정] LONG KAITO/USDT:USDT exit=2026-05-23 07:44:17 미매칭수량=101.00000000 orderID=3589903302570221568 tradeID=None
[AUTO_REPAIR] 8402 점검 중 예외: cannot access local variable 'entry' where it is not associated with a value
[진입유실 방지 자동보정] LONG KAITO/USDT:USDT exit=2026-05-23 07:44:17 미매칭수량=101.00000000 orderID=3589903302570221568 tradeID=None
[진입유실 방지 자동보정] LONG KAITO/USDT:USDT exit=2026-05-23 09:16:43 미매칭수량=103.00000000 orderID=3590089470679130112 tradeID=None
[진입유실 방지 자동보정] SHORT KAITO/USDT:USDT exit=2026-07-27 23:37:02 미매칭수량=9.00000000 orderID=3780263207016538112 tradeID=None
[진입유실 방지 자동보정] LONG KAITO/USDT:USDT exit=2026-07-28 00:17:06 미매칭수량=9.00000000 orderID=3780343864489091072 tradeID=None
[진입유실 방지 자동보정] SHORT XRP/USDT:USDT exit=2026-07-10 20:56:05 미매칭수량=1.43000000 orderID=3730654412548546560 tradeID=None
[진입유실 방지 자동보정] LONG XRP/USDT:USDT exit=2026-07-11 02:57:26 미매칭수량=0.14000000 orderID=3731381904544571392 tradeID=None
[진입유실 방지 자동보정] LONG XRP/USDT:USDT exit=2026-07-11 07:35:19 미매칭수량=0.14000000 orderID=3731941344905732096 tradeID=None
[진입유실 방지 자동보정] LONG XRP/USDT:USDT exit=2026-07-13 22:19:43 미매칭수량=0.15000000 orderID=3739520111387811840 tradeID=None
[CATFIX] pnl=0 청산 → 진입 재분류: KAITO/USDT:USDT buy 수량=9.00000000 tradeID=243056081
[진입유실 방지 자동보정] LONG KAITO/USDT:USDT exit=2026-05-23 07:44:17 미매칭수량=101.00000000 orderID=3589903302570221568 tradeID=None
[AUTO_REPAIR] 8404 점검 중 예외: cannot access local variable 'entry' where it is not associated with a value
[진입유실 방지 자동보정] LONG KAITO/USDT:USDT exit=2026-05-23 07:44:17 미매칭수량=101.00000000 orderID=3589903302570221568 tradeID=None
[AUTO_REPAIR] 8405 점검 중 예외: cannot access local variable 'entry' where it is not associated with a value
[진입유실 방지 자동보정] LONG KAITO/USDT:USDT exit=2026-05-23 07:44:17 미매칭수량=101.00000000 orderID=3589903302570221568 tradeID=None
[AUTO_REPAIR] 8407 점검 중 예외: cannot access local variable 'entry' where it is not associated with a value
[진입유실 방지 자동보정] LONG KAITO/USDT:USDT exit=2026-05-23 07:44:17 미매칭수량=101.00000000 orderID=3589903302570221568 tradeID=None
[AUTO_REPAIR] 8408 점검 중 예외: cannot access local variable 'entry' where it is not associated with a value
[진입유실 방지 자동보정] LONG KAITO/USDT:USDT exit=2026-05-23 07:44:17 미매칭수량=101.00000000 orderID=3589903302570221568 tradeID=None
[AUTO_REPAIR] 8409 점검 중 예외: cannot access local variable 'entry' where it is not associated with a value
[DISCORD 1MIN] 06:45:44 ok=True Group 1(5): status=204 | Group 2(3): status=204 collect=8.6s post=0.7s
[DISCORD 1MIN] 06:46:44 ok=True Group 1(5): status=204 | Group 2(3): status=204 collect=8.4s post=0.9s
[DISCORD 1MIN] 06:47:44 ok=True Group 1(5): status=204 | Group 2(3): status=204 collect=8.4s post=0.9s
[DISCORD 1MIN] 06:48:43 ok=True Group 1(5): status=204 | Group 2(3): status=204 collect=8.5s post=0.7s
[DISCORD 1MIN] 06:49:43 ok=True Group 1(5): status=204 | Group 2(3): status=204 collect=8.4s post=0.8s
[진입유실 방지 자동보정] LONG KAITO/USDT:USDT exit=2026-05-23 07:44:17 미매칭수량=101.00000000 orderID=3589903302570221568 tradeID=None
[AUTO_REPAIR] 8401 점검 중 예외: cannot access local variable 'entry' where it is not associated with a value
[진입유실 방지 자동보정] LONG KAITO/USDT:USDT exit=2026-05-23 07:44:17 미매칭수량=101.00000000 orderID=3589903302570221568 tradeID=None
[AUTO_REPAIR] 8402 점검 중 예외: cannot access local variable 'entry' where it is not associated with a value
[진입유실 방지 자동보정] LONG KAITO/USDT:USDT exit=2026-05-23 07:44:17 미매칭수량=101.00000000 orderID=3589903302570221568 tradeID=None
[진입유실 방지 자동보정] LONG KAITO/USDT:USDT exit=2026-05-23 09:16:43 미매칭수량=103.00000000 orderID=3590089470679130112 tradeID=None
[진입유실 방지 자동보정] SHORT KAITO/USDT:USDT exit=2026-07-27 23:37:02 미매칭수량=9.00000000 orderID=3780263207016538112 tradeID=None
[진입유실 방지 자동보정] LONG KAITO/USDT:USDT exit=2026-07-28 00:17:06 미매칭수량=9.00000000 orderID=3780343864489091072 tradeID=None
[진입유실 방지 자동보정] SHORT XRP/USDT:USDT exit=2026-07-10 20:56:05 미매칭수량=1.43000000 orderID=3730654412548546560 tradeID=None
[진입유실 방지 자동보정] LONG XRP/USDT:USDT exit=2026-07-11 02:57:26 미매칭수량=0.14000000 orderID=3731381904544571392 tradeID=None
[진입유실 방지 자동보정] LONG XRP/USDT:USDT exit=2026-07-11 07:35:19 미매칭수량=0.14000000 orderID=3731941344905732096 tradeID=None
[진입유실 방지 자동보정] LONG XRP/USDT:USDT exit=2026-07-13 22:19:43 미매칭수량=0.15000000 orderID=3739520111387811840 tradeID=None
[CATFIX] pnl=0 청산 → 진입 재분류: KAITO/USDT:USDT buy 수량=9.00000000 tradeID=243056081
[진입유실 방지 자동보정] LONG KAITO/USDT:USDT exit=2026-05-23 07:44:17 미매칭수량=101.00000000 orderID=3589903302570221568 tradeID=None
[AUTO_REPAIR] 8404 점검 중 예외: cannot access local variable 'entry' where it is not associated with a value
[진입유실 방지 자동보정] LONG KAITO/USDT:USDT exit=2026-05-23 07:44:17 미매칭수량=101.00000000 orderID=3589903302570221568 tradeID=None
[AUTO_REPAIR] 8405 점검 중 예외: cannot access local variable 'entry' where it is not associated with a value
[진입유실 방지 자동보정] LONG KAITO/USDT:USDT exit=2026-05-23 07:44:17 미매칭수량=101.00000000 orderID=3589903302570221568 tradeID=None
[AUTO_REPAIR] 8407 점검 중 예외: cannot access local variable 'entry' where it is not associated with a value
[진입유실 방지 자동보정] LONG KAITO/USDT:USDT exit=2026-05-23 07:44:17 미매칭수량=101.00000000 orderID=3589903302570221568 tradeID=None
[AUTO_REPAIR] 8408 점검 중 예외: cannot access local variable 'entry' where it is not associated with a value
[진입유실 방지 자동보정] LONG KAITO/USDT:USDT exit=2026-05-23 07:44:17 미매칭수량=101.00000000 orderID=3589903302570221568 tradeID=None
[AUTO_REPAIR] 8409 점검 중 예외: cannot access local variable 'entry' where it is not associated with a value
[DISCORD 1MIN] 06:50:44 ok=True Group 1(5): status=204 | Group 2(3): status=204 collect=8.7s post=0.8s
[DISCORD 1MIN] 06:51:44 ok=True Group 1(5): status=204 | Group 2(3): status=204 collect=8.4s post=0.7s
[DISCORD 1MIN] 06:52:44 ok=True Group 1(5): status=204 | Group 2(3): status=204 collect=8.8s post=0.8s
[DISCORD 1MIN] 06:53:44 ok=True Group 1(5): status=204 | Group 2(3): status=204 collect=8.4s post=0.7s
[DISCORD 1MIN] 06:54:44 ok=True Group 1(5): status=204 | Group 2(3): status=204 collect=8.5s post=0.7s
[진입유실 방지 자동보정] LONG KAITO/USDT:USDT exit=2026-05-23 07:44:17 미매칭수량=101.00000000 orderID=3589903302570221568 tradeID=None
[AUTO_REPAIR] 8401 점검 중 예외: cannot access local variable 'entry' where it is not associated with a value
[진입유실 방지 자동보정] LONG KAITO/USDT:USDT exit=2026-05-23 07:44:17 미매칭수량=101.00000000 orderID=3589903302570221568 tradeID=None
[AUTO_REPAIR] 8402 점검 중 예외: cannot access local variable 'entry' where it is not associated with a value
[진입유실 방지 자동보정] LONG KAITO/USDT:USDT exit=2026-05-23 07:44:17 미매칭수량=101.00000000 orderID=3589903302570221568 tradeID=None
[진입유실 방지 자동보정] LONG KAITO/USDT:USDT exit=2026-05-23 09:16:43 미매칭수량=103.00000000 orderID=3590089470679130112 tradeID=None
[진입유실 방지 자동보정] SHORT KAITO/USDT:USDT exit=2026-07-27 23:37:02 미매칭수량=9.00000000 orderID=3780263207016538112 tradeID=None
[진입유실 방지 자동보정] LONG KAITO/USDT:USDT exit=2026-07-28 00:17:06 미매칭수량=9.00000000 orderID=3780343864489091072 tradeID=None
[진입유실 방지 자동보정] SHORT XRP/USDT:USDT exit=2026-07-10 20:56:05 미매칭수량=1.43000000 orderID=3730654412548546560 tradeID=None
[진입유실 방지 자동보정] LONG XRP/USDT:USDT exit=2026-07-11 02:57:26 미매칭수량=0.14000000 orderID=3731381904544571392 tradeID=None
[진입유실 방지 자동보정] LONG XRP/USDT:USDT exit=2026-07-11 07:35:19 미매칭수량=0.14000000 orderID=3731941344905732096 tradeID=None
[진입유실 방지 자동보정] LONG XRP/USDT:USDT exit=2026-07-13 22:19:43 미매칭수량=0.15000000 orderID=3739520111387811840 tradeID=None
[CATFIX] pnl=0 청산 → 진입 재분류: KAITO/USDT:USDT buy 수량=9.00000000 tradeID=243056081
[진입유실 방지 자동보정] LONG KAITO/USDT:USDT exit=2026-05-23 07:44:17 미매칭수량=101.00000000 orderID=3589903302570221568 tradeID=None
[AUTO_REPAIR] 8404 점검 중 예외: cannot access local variable 'entry' where it is not associated with a value
[진입유실 방지 자동보정] LONG KAITO/USDT:USDT exit=2026-05-23 07:44:17 미매칭수량=101.00000000 orderID=3589903302570221568 tradeID=None
[AUTO_REPAIR] 8405 점검 중 예외: cannot access local variable 'entry' where it is not associated with a value
[진입유실 방지 자동보정] LONG KAITO/USDT:USDT exit=2026-05-23 07:44:17 미매칭수량=101.00000000 orderID=3589903302570221568 tradeID=None
[AUTO_REPAIR] 8407 점검 중 예외: cannot access local variable 'entry' where it is not associated with a value
[진입유실 방지 자동보정] LONG KAITO/USDT:USDT exit=2026-05-23 07:44:17 미매칭수량=101.00000000 orderID=3589903302570221568 tradeID=None
[AUTO_REPAIR] 8408 점검 중 예외: cannot access local variable 'entry' where it is not associated with a value
[진입유실 방지 자동보정] LONG KAITO/USDT:USDT exit=2026-05-23 07:44:17 미매칭수량=101.00000000 orderID=3589903302570221568 tradeID=None
[AUTO_REPAIR] 8409 점검 중 예외: cannot access local variable 'entry' where it is not associated with a value
[DISCORD 1MIN] 06:55:44 ok=True Group 1(5): status=204 | Group 2(3): status=204 collect=8.5s post=0.8s
[DISCORD 1MIN] 06:56:43 ok=True Group 1(5): status=204 | Group 2(3): status=204 collect=8.4s post=0.7s
[DISCORD 1MIN] 06:57:44 ok=True Group 1(5): status=204 | Group 2(3): status=204 collect=8.5s post=0.6s
[DISCORD 1MIN] 06:58:44 ok=True Group 1(5): status=204 | Group 2(3): status=204 collect=8.4s post=0.7s
[DISCORD 1MIN] 06:59:44 ok=True Group 1(5): status=204 | Group 2(3): status=204 collect=8.6s post=0.7s
[진입유실 방지 자동보정] LONG KAITO/USDT:USDT exit=2026-05-23 07:44:17 미매칭수량=101.00000000 orderID=3589903302570221568 tradeID=None
[AUTO_REPAIR] 8401 점검 중 예외: cannot access local variable 'entry' where it is not associated with a value
[진입유실 방지 자동보정] LONG KAITO/USDT:USDT exit=2026-05-23 07:44:17 미매칭수량=101.00000000 orderID=3589903302570221568 tradeID=None
[AUTO_REPAIR] 8402 점검 중 예외: cannot access local variable 'entry' where it is not associated with a value
[진입유실 방지 자동보정] LONG KAITO/USDT:USDT exit=2026-05-23 07:44:17 미매칭수량=101.00000000 orderID=3589903302570221568 tradeID=None
[진입유실 방지 자동보정] LONG KAITO/USDT:USDT exit=2026-05-23 09:16:43 미매칭수량=103.00000000 orderID=3590089470679130112 tradeID=None
[진입유실 방지 자동보정] SHORT KAITO/USDT:USDT exit=2026-07-27 23:37:02 미매칭수량=9.00000000 orderID=3780263207016538112 tradeID=None
[진입유실 방지 자동보정] LONG KAITO/USDT:USDT exit=2026-07-28 00:17:06 미매칭수량=9.00000000 orderID=3780343864489091072 tradeID=None
[진입유실 방지 자동보정] SHORT XRP/USDT:USDT exit=2026-07-10 20:56:05 미매칭수량=1.43000000 orderID=3730654412548546560 tradeID=None
[진입유실 방지 자동보정] LONG XRP/USDT:USDT exit=2026-07-11 02:57:26 미매칭수량=0.14000000 orderID=3731381904544571392 tradeID=None
[진입유실 방지 자동보정] LONG XRP/USDT:USDT exit=2026-07-11 07:35:19 미매칭수량=0.14000000 orderID=3731941344905732096 tradeID=None
[진입유실 방지 자동보정] LONG XRP/USDT:USDT exit=2026-07-13 22:19:43 미매칭수량=0.15000000 orderID=3739520111387811840 tradeID=None
[CATFIX] pnl=0 청산 → 진입 재분류: KAITO/USDT:USDT buy 수량=9.00000000 tradeID=243056081
[진입유실 방지 자동보정] LONG KAITO/USDT:USDT exit=2026-05-23 07:44:17 미매칭수량=101.00000000 orderID=3589903302570221568 tradeID=None
[AUTO_REPAIR] 8404 점검 중 예외: cannot access local variable 'entry' where it is not associated with a value
[진입유실 방지 자동보정] LONG KAITO/USDT:USDT exit=2026-05-23 07:44:17 미매칭수량=101.00000000 orderID=3589903302570221568 tradeID=None
[AUTO_REPAIR] 8405 점검 중 예외: cannot access local variable 'entry' where it is not associated with a value
[진입유실 방지 자동보정] LONG KAITO/USDT:USDT exit=2026-05-23 07:44:17 미매칭수량=101.00000000 orderID=3589903302570221568 tradeID=None
[AUTO_REPAIR] 8407 점검 중 예외: cannot access local variable 'entry' where it is not associated with a value
[진입유실 방지 자동보정] LONG KAITO/USDT:USDT exit=2026-05-23 07:44:17 미매칭수량=101.00000000 orderID=3589903302570221568 tradeID=None
[AUTO_REPAIR] 8408 점검 중 예외: cannot access local variable 'entry' where it is not associated with a value
[진입유실 방지 자동보정] LONG KAITO/USDT:USDT exit=2026-05-23 07:44:17 미매칭수량=101.00000000 orderID=3589903302570221568 tradeID=None
[AUTO_REPAIR] 8409 점검 중 예외: cannot access local variable 'entry' where it is not associated with a value
[DISCORD 1MIN] 07:00:44 ok=True Group 1(5): status=204 | Group 2(3): status=204 collect=8.5s post=0.7s
[DISCORD 1MIN] 07:01:44 ok=True Group 1(5): status=204 | Group 2(3): status=204 collect=8.7s post=0.7s
[DISCORD 1MIN] 07:02:44 ok=True Group 1(5): status=204 | Group 2(3): status=204 collect=8.6s post=0.7s
[DISCORD 1MIN] 07:03:44 ok=True Group 1(5): status=204 | Group 2(3): status=204 collect=8.5s post=0.7s
[DISCORD 1MIN] 07:04:44 ok=True Group 1(5): status=204 | Group 2(3): status=204 collect=8.4s post=0.9s
[진입유실 방지 자동보정] LONG KAITO/USDT:USDT exit=2026-05-23 07:44:17 미매칭수량=101.00000000 orderID=3589903302570221568 tradeID=None
[AUTO_REPAIR] 8401 점검 중 예외: cannot access local variable 'entry' where it is not associated with a value
[진입유실 방지 자동보정] LONG KAITO/USDT:USDT exit=2026-05-23 07:44:17 미매칭수량=101.00000000 orderID=3589903302570221568 tradeID=None
[AUTO_REPAIR] 8402 점검 중 예외: cannot access local variable 'entry' where it is not associated with a value
[진입유실 방지 자동보정] LONG KAITO/USDT:USDT exit=2026-05-23 07:44:17 미매칭수량=101.00000000 orderID=3589903302570221568 tradeID=None
[진입유실 방지 자동보정] LONG KAITO/USDT:USDT exit=2026-05-23 09:16:43 미매칭수량=103.00000000 orderID=3590089470679130112 tradeID=None
[진입유실 방지 자동보정] SHORT KAITO/USDT:USDT exit=2026-07-27 23:37:02 미매칭수량=9.00000000 orderID=3780263207016538112 tradeID=None
[진입유실 방지 자동보정] LONG KAITO/USDT:USDT exit=2026-07-28 00:17:06 미매칭수량=9.00000000 orderID=3780343864489091072 tradeID=None
[진입유실 방지 자동보정] SHORT XRP/USDT:USDT exit=2026-07-10 20:56:05 미매칭수량=1.43000000 orderID=3730654412548546560 tradeID=None
[진입유실 방지 자동보정] LONG XRP/USDT:USDT exit=2026-07-11 02:57:26 미매칭수량=0.14000000 orderID=3731381904544571392 tradeID=None
[진입유실 방지 자동보정] LONG XRP/USDT:USDT exit=2026-07-11 07:35:19 미매칭수량=0.14000000 orderID=3731941344905732096 tradeID=None
[진입유실 방지 자동보정] LONG XRP/USDT:USDT exit=2026-07-13 22:19:43 미매칭수량=0.15000000 orderID=3739520111387811840 tradeID=None
[CATFIX] pnl=0 청산 → 진입 재분류: KAITO/USDT:USDT buy 수량=9.00000000 tradeID=243056081
[진입유실 방지 자동보정] LONG KAITO/USDT:USDT exit=2026-05-23 07:44:17 미매칭수량=101.00000000 orderID=3589903302570221568 tradeID=None
[AUTO_REPAIR] 8404 점검 중 예외: cannot access local variable 'entry' where it is not associated with a value
[진입유실 방지 자동보정] LONG KAITO/USDT:USDT exit=2026-05-23 07:44:17 미매칭수량=101.00000000 orderID=3589903302570221568 tradeID=None
[AUTO_REPAIR] 8405 점검 중 예외: cannot access local variable 'entry' where it is not associated with a value
[진입유실 방지 자동보정] LONG KAITO/USDT:USDT exit=2026-05-23 07:44:17 미매칭수량=101.00000000 orderID=3589903302570221568 tradeID=None
[AUTO_REPAIR] 8407 점검 중 예외: cannot access local variable 'entry' where it is not associated with a value
[진입유실 방지 자동보정] LONG KAITO/USDT:USDT exit=2026-05-23 07:44:17 미매칭수량=101.00000000 orderID=3589903302570221568 tradeID=None
[AUTO_REPAIR] 8408 점검 중 예외: cannot access local variable 'entry' where it is not associated with a value
[진입유실 방지 자동보정] LONG KAITO/USDT:USDT exit=2026-05-23 07:44:17 미매칭수량=101.00000000 orderID=3589903302570221568 tradeID=None
[AUTO_REPAIR] 8409 점검 중 예외: cannot access local variable 'entry' where it is not associated with a value
[DISCORD 1MIN] 07:05:44 ok=True Group 1(5): status=204 | Group 2(3): status=204 collect=8.5s post=0.8s
[DISCORD 1MIN] 07:06:44 ok=True Group 1(5): status=204 | Group 2(3): status=204 collect=8.6s post=0.7s
[DISCORD 1MIN] 07:07:44 ok=True Group 1(5): status=204 | Group 2(3): status=204 collect=8.5s post=0.8s
[DISCORD 1MIN] 07:08:44 ok=True Group 1(5): status=204 | Group 2(3): status=204 collect=8.8s post=0.9s
[DISCORD 1MIN] 07:09:45 ok=True Group 1(5): status=204 | Group 2(3): status=204 collect=8.4s post=1.8s
[진입유실 방지 자동보정] LONG KAITO/USDT:USDT exit=2026-05-23 07:44:17 미매칭수량=101.00000000 orderID=3589903302570221568 tradeID=None
[AUTO_REPAIR] 8401 점검 중 예외: cannot access local variable 'entry' where it is not associated with a value
[진입유실 방지 자동보정] LONG KAITO/USDT:USDT exit=2026-05-23 07:44:17 미매칭수량=101.00000000 orderID=3589903302570221568 tradeID=None
[AUTO_REPAIR] 8402 점검 중 예외: cannot access local variable 'entry' where it is not associated with a value
[진입유실 방지 자동보정] LONG KAITO/USDT:USDT exit=2026-05-23 07:44:17 미매칭수량=101.00000000 orderID=3589903302570221568 tradeID=None
[진입유실 방지 자동보정] LONG KAITO/USDT:USDT exit=2026-05-23 09:16:43 미매칭수량=103.00000000 orderID=3590089470679130112 tradeID=None
[진입유실 방지 자동보정] SHORT KAITO/USDT:USDT exit=2026-07-27 23:37:02 미매칭수량=9.00000000 orderID=3780263207016538112 tradeID=None
[진입유실 방지 자동보정] LONG KAITO/USDT:USDT exit=2026-07-28 00:17:06 미매칭수량=9.00000000 orderID=3780343864489091072 tradeID=None
[진입유실 방지 자동보정] SHORT XRP/USDT:USDT exit=2026-07-10 20:56:05 미매칭수량=1.43000000 orderID=3730654412548546560 tradeID=None
[진입유실 방지 자동보정] LONG XRP/USDT:USDT exit=2026-07-11 02:57:26 미매칭수량=0.14000000 orderID=3731381904544571392 tradeID=None
[진입유실 방지 자동보정] LONG XRP/USDT:USDT exit=2026-07-11 07:35:19 미매칭수량=0.14000000 orderID=3731941344905732096 tradeID=None
[진입유실 방지 자동보정] LONG XRP/USDT:USDT exit=2026-07-13 22:19:43 미매칭수량=0.15000000 orderID=3739520111387811840 tradeID=None
[CATFIX] pnl=0 청산 → 진입 재분류: KAITO/USDT:USDT buy 수량=9.00000000 tradeID=243056081
[진입유실 방지 자동보정] LONG KAITO/USDT:USDT exit=2026-05-23 07:44:17 미매칭수량=101.00000000 orderID=3589903302570221568 tradeID=None
[AUTO_REPAIR] 8404 점검 중 예외: cannot access local variable 'entry' where it is not associated with a value
[진입유실 방지 자동보정] LONG KAITO/USDT:USDT exit=2026-05-23 07:44:17 미매칭수량=101.00000000 orderID=3589903302570221568 tradeID=None
[AUTO_REPAIR] 8405 점검 중 예외: cannot access local variable 'entry' where it is not associated with a value
[진입유실 방지 자동보정] LONG KAITO/USDT:USDT exit=2026-05-23 07:44:17 미매칭수량=101.00000000 orderID=3589903302570221568 tradeID=None
[AUTO_REPAIR] 8407 점검 중 예외: cannot access local variable 'entry' where it is not associated with a value
[진입유실 방지 자동보정] LONG KAITO/USDT:USDT exit=2026-05-23 07:44:17 미매칭수량=101.00000000 orderID=3589903302570221568 tradeID=None
[AUTO_REPAIR] 8408 점검 중 예외: cannot access local variable 'entry' where it is not associated with a value
[진입유실 방지 자동보정] LONG KAITO/USDT:USDT exit=2026-05-23 07:44:17 미매칭수량=101.00000000 orderID=3589903302570221568 tradeID=None
[AUTO_REPAIR] 8409 점검 중 예외: cannot access local variable 'entry' where it is not associated with a value
[DISCORD 1MIN] 07:10:44 ok=True Group 1(5): status=204 | Group 2(3): status=204 collect=8.7s post=0.7s
[DISCORD 1MIN] 07:11:44 ok=True Group 1(5): status=204 | Group 2(3): status=204 collect=8.5s post=0.8s
[DISCORD 1MIN] 07:12:44 ok=True Group 1(5): status=204 | Group 2(3): status=204 collect=8.5s post=0.6s
[DISCORD 1MIN] 07:13:44 ok=True Group 1(5): status=204 | Group 2(3): status=204 collect=8.8s post=0.8s
[DISCORD 1MIN] 07:14:44 ok=True Group 1(5): status=204 | Group 2(3): status=204 collect=8.5s post=0.7s
[진입유실 방지 자동보정] LONG KAITO/USDT:USDT exit=2026-05-23 07:44:17 미매칭수량=101.00000000 orderID=3589903302570221568 tradeID=None
[AUTO_REPAIR] 8401 점검 중 예외: cannot access local variable 'entry' where it is not associated with a value
[진입유실 방지 자동보정] LONG KAITO/USDT:USDT exit=2026-05-23 07:44:17 미매칭수량=101.00000000 orderID=3589903302570221568 tradeID=None
[AUTO_REPAIR] 8402 점검 중 예외: cannot access local variable 'entry' where it is not associated with a value
[진입유실 방지 자동보정] LONG KAITO/USDT:USDT exit=2026-05-23 07:44:17 미매칭수량=101.00000000 orderID=3589903302570221568 tradeID=None
[진입유실 방지 자동보정] LONG KAITO/USDT:USDT exit=2026-05-23 09:16:43 미매칭수량=103.00000000 orderID=3590089470679130112 tradeID=None
[진입유실 방지 자동보정] SHORT KAITO/USDT:USDT exit=2026-07-27 23:37:02 미매칭수량=9.00000000 orderID=3780263207016538112 tradeID=None
[진입유실 방지 자동보정] LONG KAITO/USDT:USDT exit=2026-07-28 00:17:06 미매칭수량=9.00000000 orderID=3780343864489091072 tradeID=None
[진입유실 방지 자동보정] SHORT XRP/USDT:USDT exit=2026-07-10 20:56:05 미매칭수량=1.43000000 orderID=3730654412548546560 tradeID=None
[진입유실 방지 자동보정] LONG XRP/USDT:USDT exit=2026-07-11 02:57:26 미매칭수량=0.14000000 orderID=3731381904544571392 tradeID=None
[진입유실 방지 자동보정] LONG XRP/USDT:USDT exit=2026-07-11 07:35:19 미매칭수량=0.14000000 orderID=3731941344905732096 tradeID=None
[진입유실 방지 자동보정] LONG XRP/USDT:USDT exit=2026-07-13 22:19:43 미매칭수량=0.15000000 orderID=3739520111387811840 tradeID=None
[CATFIX] pnl=0 청산 → 진입 재분류: KAITO/USDT:USDT buy 수량=9.00000000 tradeID=243056081
[진입유실 방지 자동보정] LONG KAITO/USDT:USDT exit=2026-05-23 07:44:17 미매칭수량=101.00000000 orderID=3589903302570221568 tradeID=None
[AUTO_REPAIR] 8404 점검 중 예외: cannot access local variable 'entry' where it is not associated with a value
[진입유실 방지 자동보정] LONG KAITO/USDT:USDT exit=2026-05-23 07:44:17 미매칭수량=101.00000000 orderID=3589903302570221568 tradeID=None
[AUTO_REPAIR] 8405 점검 중 예외: cannot access local variable 'entry' where it is not associated with a value
[진입유실 방지 자동보정] LONG KAITO/USDT:USDT exit=2026-05-23 07:44:17 미매칭수량=101.00000000 orderID=3589903302570221568 tradeID=None
[AUTO_REPAIR] 8407 점검 중 예외: cannot access local variable 'entry' where it is not associated with a value
[진입유실 방지 자동보정] LONG KAITO/USDT:USDT exit=2026-05-23 07:44:17 미매칭수량=101.00000000 orderID=3589903302570221568 tradeID=None
[AUTO_REPAIR] 8408 점검 중 예외: cannot access local variable 'entry' where it is not associated with a value
[진입유실 방지 자동보정] LONG KAITO/USDT:USDT exit=2026-05-23 07:44:17 미매칭수량=101.00000000 orderID=3589903302570221568 tradeID=None
[AUTO_REPAIR] 8409 점검 중 예외: cannot access local variable 'entry' where it is not associated with a value
[DISCORD 1MIN] 07:15:44 ok=True Group 1(5): status=204 | Group 2(3): status=204 collect=8.6s post=0.8s
[DISCORD 1MIN] 07:16:44 ok=True Group 1(5): status=204 | Group 2(3): status=204 collect=8.4s post=0.7s
[DISCORD 1MIN] 07:17:44 ok=True Group 1(5): status=204 | Group 2(3): status=204 collect=8.8s post=0.7s
[DISCORD 1MIN] 07:18:44 ok=True Group 1(5): status=204 | Group 2(3): status=204 collect=8.4s post=0.8s
[DISCORD 1MIN] 07:19:44 ok=True Group 1(5): status=204 | Group 2(3): status=204 collect=8.6s post=0.7s
[진입유실 방지 자동보정] LONG KAITO/USDT:USDT exit=2026-05-23 07:44:17 미매칭수량=101.00000000 orderID=3589903302570221568 tradeID=None
[AUTO_REPAIR] 8401 점검 중 예외: cannot access local variable 'entry' where it is not associated with a value
[진입유실 방지 자동보정] LONG KAITO/USDT:USDT exit=2026-05-23 07:44:17 미매칭수량=101.00000000 orderID=3589903302570221568 tradeID=None
[AUTO_REPAIR] 8402 점검 중 예외: cannot access local variable 'entry' where it is not associated with a value
[진입유실 방지 자동보정] LONG KAITO/USDT:USDT exit=2026-05-23 07:44:17 미매칭수량=101.00000000 orderID=3589903302570221568 tradeID=None
[진입유실 방지 자동보정] LONG KAITO/USDT:USDT exit=2026-05-23 09:16:43 미매칭수량=103.00000000 orderID=3590089470679130112 tradeID=None
[진입유실 방지 자동보정] SHORT KAITO/USDT:USDT exit=2026-07-27 23:37:02 미매칭수량=9.00000000 orderID=3780263207016538112 tradeID=None
[진입유실 방지 자동보정] LONG KAITO/USDT:USDT exit=2026-07-28 00:17:06 미매칭수량=9.00000000 orderID=3780343864489091072 tradeID=None
[진입유실 방지 자동보정] SHORT XRP/USDT:USDT exit=2026-07-10 20:56:05 미매칭수량=1.43000000 orderID=3730654412548546560 tradeID=None
[진입유실 방지 자동보정] LONG XRP/USDT:USDT exit=2026-07-11 02:57:26 미매칭수량=0.14000000 orderID=3731381904544571392 tradeID=None
[진입유실 방지 자동보정] LONG XRP/USDT:USDT exit=2026-07-11 07:35:19 미매칭수량=0.14000000 orderID=3731941344905732096 tradeID=None
[진입유실 방지 자동보정] LONG XRP/USDT:USDT exit=2026-07-13 22:19:43 미매칭수량=0.15000000 orderID=3739520111387811840 tradeID=None
[CATFIX] pnl=0 청산 → 진입 재분류: KAITO/USDT:USDT buy 수량=9.00000000 tradeID=243056081
[진입유실 방지 자동보정] LONG KAITO/USDT:USDT exit=2026-05-23 07:44:17 미매칭수량=101.00000000 orderID=3589903302570221568 tradeID=None
[AUTO_REPAIR] 8404 점검 중 예외: cannot access local variable 'entry' where it is not associated with a value
[진입유실 방지 자동보정] LONG KAITO/USDT:USDT exit=2026-05-23 07:44:17 미매칭수량=101.00000000 orderID=3589903302570221568 tradeID=None
[AUTO_REPAIR] 8405 점검 중 예외: cannot access local variable 'entry' where it is not associated with a value
[진입유실 방지 자동보정] LONG KAITO/USDT:USDT exit=2026-05-23 07:44:17 미매칭수량=101.00000000 orderID=3589903302570221568 tradeID=None
[AUTO_REPAIR] 8407 점검 중 예외: cannot access local variable 'entry' where it is not associated with a value
[진입유실 방지 자동보정] LONG KAITO/USDT:USDT exit=2026-05-23 07:44:17 미매칭수량=101.00000000 orderID=3589903302570221568 tradeID=None
[AUTO_REPAIR] 8408 점검 중 예외: cannot access local variable 'entry' where it is not associated with a value
[진입유실 방지 자동보정] LONG KAITO/USDT:USDT exit=2026-05-23 07:44:17 미매칭수량=101.00000000 orderID=3589903302570221568 tradeID=None
[AUTO_REPAIR] 8409 점검 중 예외: cannot access local variable 'entry' where it is not associated with a value
[DISCORD 1MIN] 07:20:44 ok=True Group 1(5): status=204 | Group 2(3): status=204 collect=8.5s post=0.8s
[DISCORD 1MIN] 07:21:44 ok=True Group 1(5): status=204 | Group 2(3): status=204 collect=8.5s post=0.7s
[DISCORD 1MIN] 07:22:44 ok=True Group 1(5): status=204 | Group 2(3): status=204 collect=8.5s post=0.6s
[DISCORD 1MIN] 07:23:44 ok=True Group 1(5): status=204 | Group 2(3): status=204 collect=8.4s post=0.8s
[DISCORD 1MIN] 07:24:44 ok=True Group 1(5): status=204 | Group 2(3): status=204 collect=8.6s post=0.7s
[진입유실 방지 자동보정] LONG KAITO/USDT:USDT exit=2026-05-23 07:44:17 미매칭수량=101.00000000 orderID=3589903302570221568 tradeID=None
[AUTO_REPAIR] 8401 점검 중 예외: cannot access local variable 'entry' where it is not associated with a value
[진입유실 방지 자동보정] LONG KAITO/USDT:USDT exit=2026-05-23 07:44:17 미매칭수량=101.00000000 orderID=3589903302570221568 tradeID=None
[AUTO_REPAIR] 8402 점검 중 예외: cannot access local variable 'entry' where it is not associated with a value
[진입유실 방지 자동보정] LONG KAITO/USDT:USDT exit=2026-05-23 07:44:17 미매칭수량=101.00000000 orderID=3589903302570221568 tradeID=None
[진입유실 방지 자동보정] LONG KAITO/USDT:USDT exit=2026-05-23 09:16:43 미매칭수량=103.00000000 orderID=3590089470679130112 tradeID=None
[진입유실 방지 자동보정] SHORT KAITO/USDT:USDT exit=2026-07-27 23:37:02 미매칭수량=9.00000000 orderID=3780263207016538112 tradeID=None
[진입유실 방지 자동보정] LONG KAITO/USDT:USDT exit=2026-07-28 00:17:06 미매칭수량=9.00000000 orderID=3780343864489091072 tradeID=None
[진입유실 방지 자동보정] SHORT XRP/USDT:USDT exit=2026-07-10 20:56:05 미매칭수량=1.43000000 orderID=3730654412548546560 tradeID=None
[진입유실 방지 자동보정] LONG XRP/USDT:USDT exit=2026-07-11 02:57:26 미매칭수량=0.14000000 orderID=3731381904544571392 tradeID=None
[진입유실 방지 자동보정] LONG XRP/USDT:USDT exit=2026-07-11 07:35:19 미매칭수량=0.14000000 orderID=3731941344905732096 tradeID=None
[진입유실 방지 자동보정] LONG XRP/USDT:USDT exit=2026-07-13 22:19:43 미매칭수량=0.15000000 orderID=3739520111387811840 tradeID=None
[CATFIX] pnl=0 청산 → 진입 재분류: KAITO/USDT:USDT buy 수량=9.00000000 tradeID=243056081
[진입유실 방지 자동보정] LONG KAITO/USDT:USDT exit=2026-05-23 07:44:17 미매칭수량=101.00000000 orderID=3589903302570221568 tradeID=None
[AUTO_REPAIR] 8404 점검 중 예외: cannot access local variable 'entry' where it is not associated with a value
[진입유실 방지 자동보정] LONG KAITO/USDT:USDT exit=2026-05-23 07:44:17 미매칭수량=101.00000000 orderID=3589903302570221568 tradeID=None
[AUTO_REPAIR] 8405 점검 중 예외: cannot access local variable 'entry' where it is not associated with a value
[진입유실 방지 자동보정] LONG KAITO/USDT:USDT exit=2026-05-23 07:44:17 미매칭수량=101.00000000 orderID=3589903302570221568 tradeID=None
[AUTO_REPAIR] 8407 점검 중 예외: cannot access local variable 'entry' where it is not associated with a value
[진입유실 방지 자동보정] LONG KAITO/USDT:USDT exit=2026-05-23 07:44:17 미매칭수량=101.00000000 orderID=3589903302570221568 tradeID=None
[AUTO_REPAIR] 8408 점검 중 예외: cannot access local variable 'entry' where it is not associated with a value
[진입유실 방지 자동보정] LONG KAITO/USDT:USDT exit=2026-05-23 07:44:17 미매칭수량=101.00000000 orderID=3589903302570221568 tradeID=None
[AUTO_REPAIR] 8409 점검 중 예외: cannot access local variable 'entry' where it is not associated with a value
[DISCORD 1MIN] 07:25:44 ok=True Group 1(5): status=204 | Group 2(3): status=204 collect=8.5s post=0.7s
[DISCORD 1MIN] 07:26:46 ok=True Group 1(5): status=204 | Group 2(3): status=204 collect=8.7s post=2.8s
[DISCORD 1MIN] 07:27:44 ok=True Group 1(5): status=204 | Group 2(3): status=204 collect=8.5s post=0.6s
[DISCORD 1MIN] 07:28:44 ok=True Group 1(5): status=204 | Group 2(3): status=204 collect=8.9s post=0.9s
[DISCORD 1MIN] 07:29:44 ok=True Group 1(5): status=204 | Group 2(3): status=204 collect=8.5s post=0.6s
[진입유실 방지 자동보정] LONG KAITO/USDT:USDT exit=2026-05-23 07:44:17 미매칭수량=101.00000000 orderID=3589903302570221568 tradeID=None
[AUTO_REPAIR] 8401 점검 중 예외: cannot access local variable 'entry' where it is not associated with a value
[진입유실 방지 자동보정] LONG KAITO/USDT:USDT exit=2026-05-23 07:44:17 미매칭수량=101.00000000 orderID=3589903302570221568 tradeID=None
[AUTO_REPAIR] 8402 점검 중 예외: cannot access local variable 'entry' where it is not associated with a value
[진입유실 방지 자동보정] LONG KAITO/USDT:USDT exit=2026-05-23 07:44:17 미매칭수량=101.00000000 orderID=3589903302570221568 tradeID=None
[진입유실 방지 자동보정] LONG KAITO/USDT:USDT exit=2026-05-23 09:16:43 미매칭수량=103.00000000 orderID=3590089470679130112 tradeID=None
[진입유실 방지 자동보정] SHORT KAITO/USDT:USDT exit=2026-07-27 23:37:02 미매칭수량=9.00000000 orderID=3780263207016538112 tradeID=None
[진입유실 방지 자동보정] LONG KAITO/USDT:USDT exit=2026-07-28 00:17:06 미매칭수량=9.00000000 orderID=3780343864489091072 tradeID=None
[진입유실 방지 자동보정] SHORT BTC/USDT:USDT exit=2026-07-07 21:35:36 미매칭수량=0.03000000 orderID=3722036669318373376 tradeID=None
[진입유실 방지 자동보정] SHORT BTC/USDT:USDT exit=2026-07-08 00:16:47 미매칭수량=0.04000000 orderID=3722361174263799808 tradeID=None
[진입유실 방지 자동보정] LONG BTC/USDT:USDT exit=2026-07-08 18:05:02 미매칭수량=0.03000000 orderID=3724511840214130688 tradeID=None
[진입유실 방지 자동보정] LONG BTC/USDT:USDT exit=2026-07-08 22:25:16 미매칭수량=0.03000000 orderID=3725035749082603520 tradeID=None
[진입유실 방지 자동보정] LONG BTC/USDT:USDT exit=2026-07-10 12:10:09 미매칭수량=0.25000000 orderID=3729595582481899520 tradeID=None
[진입유실 방지 자동보정] SHORT BTC/USDT:USDT exit=2026-07-10 20:40:19 미매칭수량=0.24000000 orderID=3730622678511591424 tradeID=None
[진입유실 방지 자동보정] SHORT BTC/USDT:USDT exit=2026-07-13 17:06:33 미매칭수량=0.02000000 orderID=3738889605591801856 tradeID=None
[진입유실 방지 자동보정] SHORT BTC/USDT:USDT exit=2026-07-23 01:38:30 미매칭수량=0.02000000 orderID=3766012229442543616 tradeID=None
[진입유실 방지 자동보정] SHORT XRP/USDT:USDT exit=2026-07-10 20:56:05 미매칭수량=1.43000000 orderID=3730654412548546560 tradeID=None
[진입유실 방지 자동보정] LONG XRP/USDT:USDT exit=2026-07-11 02:57:26 미매칭수량=0.14000000 orderID=3731381904544571392 tradeID=None
[진입유실 방지 자동보정] LONG XRP/USDT:USDT exit=2026-07-11 07:35:19 미매칭수량=0.14000000 orderID=3731941344905732096 tradeID=None
[진입유실 방지 자동보정] LONG XRP/USDT:USDT exit=2026-07-13 22:19:43 미매칭수량=0.15000000 orderID=3739520111387811840 tradeID=None
[CATFIX] pnl=0 청산 → 진입 재분류: KAITO/USDT:USDT buy 수량=9.00000000 tradeID=243056081
[진입유실 방지 자동보정] LONG KAITO/USDT:USDT exit=2026-05-23 07:44:17 미매칭수량=101.00000000 orderID=3589903302570221568 tradeID=None
[AUTO_REPAIR] 8404 점검 중 예외: cannot access local variable 'entry' where it is not associated with a value
[진입유실 방지 자동보정] LONG KAITO/USDT:USDT exit=2026-05-23 07:44:17 미매칭수량=101.00000000 orderID=3589903302570221568 tradeID=None
[AUTO_REPAIR] 8405 점검 중 예외: cannot access local variable 'entry' where it is not associated with a value
[진입유실 방지 자동보정] LONG KAITO/USDT:USDT exit=2026-05-23 07:44:17 미매칭수량=101.00000000 orderID=3589903302570221568 tradeID=None
[AUTO_REPAIR] 8407 점검 중 예외: cannot access local variable 'entry' where it is not associated with a value
[진입유실 방지 자동보정] LONG KAITO/USDT:USDT exit=2026-05-23 07:44:17 미매칭수량=101.00000000 orderID=3589903302570221568 tradeID=None
[AUTO_REPAIR] 8408 점검 중 예외: cannot access local variable 'entry' where it is not associated with a value
[진입유실 방지 자동보정] LONG KAITO/USDT:USDT exit=2026-05-23 07:44:17 미매칭수량=101.00000000 orderID=3589903302570221568 tradeID=None
[AUTO_REPAIR] 8409 점검 중 예외: cannot access local variable 'entry' where it is not associated with a value
[DISCORD 1MIN] 07:30:44 ok=True Group 1(5): status=204 | Group 2(3): status=204 collect=8.5s post=0.7s
[DISCORD 1MIN] 07:31:44 ok=True Group 1(5): status=204 | Group 2(3): status=204 collect=8.5s post=0.6s
[DISCORD 1MIN] 07:32:44 ok=True Group 1(5): status=204 | Group 2(3): status=204 collect=8.4s post=0.6s
[DISCORD 1MIN] 07:33:44 ok=True Group 1(5): status=204 | Group 2(3): status=204 collect=9.1s post=0.7s
[DISCORD 1MIN] 07:34:44 ok=True Group 1(5): status=204 | Group 2(3): status=204 collect=8.4s post=1.2s
[진입유실 방지 자동보정] LONG KAITO/USDT:USDT exit=2026-05-23 07:44:17 미매칭수량=101.00000000 orderID=3589903302570221568 tradeID=None
[AUTO_REPAIR] 8401 점검 중 예외: cannot access local variable 'entry' where it is not associated with a value
[진입유실 방지 자동보정] LONG KAITO/USDT:USDT exit=2026-05-23 07:44:17 미매칭수량=101.00000000 orderID=3589903302570221568 tradeID=None
[AUTO_REPAIR] 8402 점검 중 예외: cannot access local variable 'entry' where it is not associated with a value
[진입유실 방지 자동보정] LONG KAITO/USDT:USDT exit=2026-05-23 07:44:17 미매칭수량=101.00000000 orderID=3589903302570221568 tradeID=None
[진입유실 방지 자동보정] LONG KAITO/USDT:USDT exit=2026-05-23 09:16:43 미매칭수량=103.00000000 orderID=3590089470679130112 tradeID=None
[진입유실 방지 자동보정] SHORT KAITO/USDT:USDT exit=2026-07-27 23:37:02 미매칭수량=9.00000000 orderID=3780263207016538112 tradeID=None
[진입유실 방지 자동보정] LONG KAITO/USDT:USDT exit=2026-07-28 00:17:06 미매칭수량=9.00000000 orderID=3780343864489091072 tradeID=None
[진입유실 방지 자동보정] SHORT OKB/USDT:USDT exit=2026-06-21 03:12:28 미매칭수량=22.00000000 orderID=3673430118722904064 tradeID=None
[진입유실 방지 자동보정] SHORT OKB/USDT:USDT exit=2026-06-25 17:43:10 미매칭수량=16.00000000 orderID=3686779476461690880 tradeID=None
[진입유실 방지 자동보정] SHORT OKB/USDT:USDT exit=2026-06-25 20:10:48 미매칭수량=16.00000000 orderID=3687076707525926912 tradeID=None
[진입유실 방지 자동보정] LONG OKB/USDT:USDT exit=2026-06-26 12:38:51 미매칭수량=19.00000000 orderID=3689065905153843200 tradeID=None
[진입유실 방지 자동보정] LONG OKB/USDT:USDT exit=2026-06-26 15:55:46 미매칭수량=10.00000000 orderID=3689462344057036800 tradeID=None
[진입유실 방지 자동보정] LONG OKB/USDT:USDT exit=2026-07-22 11:42:03 미매칭수량=21.00000000 orderID=3764328224573825024 tradeID=None
[진입유실 방지 자동보정] SHORT BTC/USDT:USDT exit=2026-07-07 21:35:36 미매칭수량=0.03000000 orderID=3722036669318373376 tradeID=None
[진입유실 방지 자동보정] SHORT BTC/USDT:USDT exit=2026-07-08 00:16:47 미매칭수량=0.04000000 orderID=3722361174263799808 tradeID=None
[진입유실 방지 자동보정] LONG BTC/USDT:USDT exit=2026-07-08 18:05:02 미매칭수량=0.03000000 orderID=3724511840214130688 tradeID=None
[진입유실 방지 자동보정] LONG BTC/USDT:USDT exit=2026-07-08 22:25:16 미매칭수량=0.03000000 orderID=3725035749082603520 tradeID=None
[진입유실 방지 자동보정] LONG BTC/USDT:USDT exit=2026-07-10 12:10:09 미매칭수량=0.25000000 orderID=3729595582481899520 tradeID=None
[진입유실 방지 자동보정] SHORT BTC/USDT:USDT exit=2026-07-10 20:40:19 미매칭수량=0.24000000 orderID=3730622678511591424 tradeID=None
[진입유실 방지 자동보정] SHORT BTC/USDT:USDT exit=2026-07-13 17:06:33 미매칭수량=0.02000000 orderID=3738889605591801856 tradeID=None
[진입유실 방지 자동보정] SHORT BTC/USDT:USDT exit=2026-07-23 01:38:30 미매칭수량=0.02000000 orderID=3766012229442543616 tradeID=None
[진입유실 방지 자동보정] SHORT XRP/USDT:USDT exit=2026-07-10 20:56:05 미매칭수량=1.43000000 orderID=3730654412548546560 tradeID=None
[진입유실 방지 자동보정] LONG XRP/USDT:USDT exit=2026-07-11 02:57:26 미매칭수량=0.14000000 orderID=3731381904544571392 tradeID=None
[진입유실 방지 자동보정] LONG XRP/USDT:USDT exit=2026-07-11 07:35:19 미매칭수량=0.14000000 orderID=3731941344905732096 tradeID=None
[진입유실 방지 자동보정] LONG XRP/USDT:USDT exit=2026-07-13 22:19:43 미매칭수량=0.15000000 orderID=3739520111387811840 tradeID=None
[CATFIX] pnl=0 청산 → 진입 재분류: KAITO/USDT:USDT buy 수량=9.00000000 tradeID=243056081
[진입유실 방지 자동보정] LONG KAITO/USDT:USDT exit=2026-05-23 07:44:17 미매칭수량=101.00000000 orderID=3589903302570221568 tradeID=None
[AUTO_REPAIR] 8404 점검 중 예외: cannot access local variable 'entry' where it is not associated with a value
[진입유실 방지 자동보정] LONG KAITO/USDT:USDT exit=2026-05-23 07:44:17 미매칭수량=101.00000000 orderID=3589903302570221568 tradeID=None
[AUTO_REPAIR] 8405 점검 중 예외: cannot access local variable 'entry' where it is not associated with a value
[진입유실 방지 자동보정] LONG KAITO/USDT:USDT exit=2026-05-23 07:44:17 미매칭수량=101.00000000 orderID=3589903302570221568 tradeID=None
[AUTO_REPAIR] 8407 점검 중 예외: cannot access local variable 'entry' where it is not associated with a value
[진입유실 방지 자동보정] LONG KAITO/USDT:USDT exit=2026-05-23 07:44:17 미매칭수량=101.00000000 orderID=3589903302570221568 tradeID=None
[AUTO_REPAIR] 8408 점검 중 예외: cannot access local variable 'entry' where it is not associated with a value
[진입유실 방지 자동보정] LONG KAITO/USDT:USDT exit=2026-05-23 07:44:17 미매칭수량=101.00000000 orderID=3589903302570221568 tradeID=None
[AUTO_REPAIR] 8409 점검 중 예외: cannot access local variable 'entry' where it is not associated with a value
[DISCORD 1MIN] 07:35:44 ok=True Group 1(5): status=204 | Group 2(3): status=204 collect=8.8s post=0.8s
[DISCORD 1MIN] 07:36:44 ok=True Group 1(5): status=204 | Group 2(3): status=204 collect=8.4s post=0.7s
[DISCORD 1MIN] 07:37:44 ok=True Group 1(5): status=204 | Group 2(3): status=204 collect=8.6s post=0.8s
[DISCORD 1MIN] 07:38:44 ok=True Group 1(5): status=204 | Group 2(3): status=204 collect=8.5s post=0.7s
[DISCORD 1MIN] 07:39:44 ok=True Group 1(5): status=204 | Group 2(3): status=204 collect=8.7s post=0.7s
[진입유실 방지 자동보정] LONG KAITO/USDT:USDT exit=2026-05-23 07:44:17 미매칭수량=101.00000000 orderID=3589903302570221568 tradeID=None
[AUTO_REPAIR] 8401 점검 중 예외: cannot access local variable 'entry' where it is not associated with a value
[진입유실 방지 자동보정] LONG KAITO/USDT:USDT exit=2026-05-23 07:44:17 미매칭수량=101.00000000 orderID=3589903302570221568 tradeID=None
[AUTO_REPAIR] 8402 점검 중 예외: cannot access local variable 'entry' where it is not associated with a value
[진입유실 방지 자동보정] LONG KAITO/USDT:USDT exit=2026-05-23 07:44:17 미매칭수량=101.00000000 orderID=3589903302570221568 tradeID=None
[진입유실 방지 자동보정] LONG KAITO/USDT:USDT exit=2026-05-23 09:16:43 미매칭수량=103.00000000 orderID=3590089470679130112 tradeID=None
[진입유실 방지 자동보정] SHORT KAITO/USDT:USDT exit=2026-07-27 23:37:02 미매칭수량=9.00000000 orderID=3780263207016538112 tradeID=None
[진입유실 방지 자동보정] LONG KAITO/USDT:USDT exit=2026-07-28 00:17:06 미매칭수량=9.00000000 orderID=3780343864489091072 tradeID=None
[진입유실 방지 자동보정] SHORT OKB/USDT:USDT exit=2026-06-21 03:12:28 미매칭수량=22.00000000 orderID=3673430118722904064 tradeID=None
[진입유실 방지 자동보정] SHORT OKB/USDT:USDT exit=2026-06-25 17:43:10 미매칭수량=16.00000000 orderID=3686779476461690880 tradeID=None
[진입유실 방지 자동보정] SHORT OKB/USDT:USDT exit=2026-06-25 20:10:48 미매칭수량=16.00000000 orderID=3687076707525926912 tradeID=None
[진입유실 방지 자동보정] LONG OKB/USDT:USDT exit=2026-06-26 12:38:51 미매칭수량=19.00000000 orderID=3689065905153843200 tradeID=None
[진입유실 방지 자동보정] LONG OKB/USDT:USDT exit=2026-06-26 15:55:46 미매칭수량=10.00000000 orderID=3689462344057036800 tradeID=None
[진입유실 방지 자동보정] LONG OKB/USDT:USDT exit=2026-07-22 11:42:03 미매칭수량=21.00000000 orderID=3764328224573825024 tradeID=None
[진입유실 방지 자동보정] SHORT BTC/USDT:USDT exit=2026-07-07 21:35:36 미매칭수량=0.03000000 orderID=3722036669318373376 tradeID=None
[진입유실 방지 자동보정] SHORT BTC/USDT:USDT exit=2026-07-08 00:16:47 미매칭수량=0.04000000 orderID=3722361174263799808 tradeID=None
[진입유실 방지 자동보정] LONG BTC/USDT:USDT exit=2026-07-08 18:05:02 미매칭수량=0.03000000 orderID=3724511840214130688 tradeID=None
[진입유실 방지 자동보정] LONG BTC/USDT:USDT exit=2026-07-08 22:25:16 미매칭수량=0.03000000 orderID=3725035749082603520 tradeID=None
[진입유실 방지 자동보정] LONG BTC/USDT:USDT exit=2026-07-10 12:10:09 미매칭수량=0.25000000 orderID=3729595582481899520 tradeID=None
[진입유실 방지 자동보정] SHORT BTC/USDT:USDT exit=2026-07-10 20:40:19 미매칭수량=0.24000000 orderID=3730622678511591424 tradeID=None
[진입유실 방지 자동보정] SHORT BTC/USDT:USDT exit=2026-07-13 17:06:33 미매칭수량=0.02000000 orderID=3738889605591801856 tradeID=None
[진입유실 방지 자동보정] SHORT BTC/USDT:USDT exit=2026-07-23 01:38:30 미매칭수량=0.02000000 orderID=3766012229442543616 tradeID=None
[진입유실 방지 자동보정] SHORT XRP/USDT:USDT exit=2026-07-10 20:56:05 미매칭수량=1.43000000 orderID=3730654412548546560 tradeID=None
[진입유실 방지 자동보정] LONG XRP/USDT:USDT exit=2026-07-11 02:57:26 미매칭수량=0.14000000 orderID=3731381904544571392 tradeID=None
[진입유실 방지 자동보정] LONG XRP/USDT:USDT exit=2026-07-11 07:35:19 미매칭수량=0.14000000 orderID=3731941344905732096 tradeID=None
[진입유실 방지 자동보정] LONG XRP/USDT:USDT exit=2026-07-13 22:19:43 미매칭수량=0.15000000 orderID=3739520111387811840 tradeID=None
[CATFIX] pnl=0 청산 → 진입 재분류: KAITO/USDT:USDT buy 수량=9.00000000 tradeID=243056081
[진입유실 방지 자동보정] LONG KAITO/USDT:USDT exit=2026-05-23 07:44:17 미매칭수량=101.00000000 orderID=3589903302570221568 tradeID=None
[AUTO_REPAIR] 8404 점검 중 예외: cannot access local variable 'entry' where it is not associated with a value
[진입유실 방지 자동보정] LONG KAITO/USDT:USDT exit=2026-05-23 07:44:17 미매칭수량=101.00000000 orderID=3589903302570221568 tradeID=None
[AUTO_REPAIR] 8405 점검 중 예외: cannot access local variable 'entry' where it is not associated with a value
[진입유실 방지 자동보정] LONG KAITO/USDT:USDT exit=2026-05-23 07:44:17 미매칭수량=101.00000000 orderID=3589903302570221568 tradeID=None
[AUTO_REPAIR] 8407 점검 중 예외: cannot access local variable 'entry' where it is not associated with a value
[진입유실 방지 자동보정] LONG KAITO/USDT:USDT exit=2026-05-23 07:44:17 미매칭수량=101.00000000 orderID=3589903302570221568 tradeID=None
[AUTO_REPAIR] 8408 점검 중 예외: cannot access local variable 'entry' where it is not associated with a value
[진입유실 방지 자동보정] LONG KAITO/USDT:USDT exit=2026-05-23 07:44:17 미매칭수량=101.00000000 orderID=3589903302570221568 tradeID=None
[AUTO_REPAIR] 8409 점검 중 예외: cannot access local variable 'entry' where it is not associated with a value
[DISCORD 1MIN] 07:40:44 ok=True Group 1(5): status=204 | Group 2(3): status=204 collect=8.5s post=0.7s
[DISCORD 1MIN] 07:41:44 ok=True Group 1(5): status=204 | Group 2(3): status=204 collect=8.5s post=0.9s
[DISCORD 1MIN] 07:42:44 ok=True Group 1(5): status=204 | Group 2(3): status=204 collect=8.7s post=0.8s
[DISCORD 1MIN] 07:43:44 ok=True Group 1(5): status=204 | Group 2(3): status=204 collect=8.5s post=0.8s
[DISCORD 1MIN] 07:44:44 ok=True Group 1(5): status=204 | Group 2(3): status=204 collect=8.8s post=0.6s
[진입유실 방지 자동보정] LONG KAITO/USDT:USDT exit=2026-05-23 07:44:17 미매칭수량=101.00000000 orderID=3589903302570221568 tradeID=None
[AUTO_REPAIR] 8401 점검 중 예외: cannot access local variable 'entry' where it is not associated with a value
[진입유실 방지 자동보정] LONG KAITO/USDT:USDT exit=2026-05-23 07:44:17 미매칭수량=101.00000000 orderID=3589903302570221568 tradeID=None
[AUTO_REPAIR] 8402 점검 중 예외: cannot access local variable 'entry' where it is not associated with a value
[진입유실 방지 자동보정] LONG KAITO/USDT:USDT exit=2026-05-23 07:44:17 미매칭수량=101.00000000 orderID=3589903302570221568 tradeID=None
[진입유실 방지 자동보정] LONG KAITO/USDT:USDT exit=2026-05-23 09:16:43 미매칭수량=103.00000000 orderID=3590089470679130112 tradeID=None
[진입유실 방지 자동보정] SHORT KAITO/USDT:USDT exit=2026-07-27 23:37:02 미매칭수량=9.00000000 orderID=3780263207016538112 tradeID=None
[진입유실 방지 자동보정] LONG KAITO/USDT:USDT exit=2026-07-28 00:17:06 미매칭수량=9.00000000 orderID=3780343864489091072 tradeID=None
[진입유실 방지 자동보정] SHORT ADA/USDT:USDT exit=2026-06-15 18:07:56 미매칭수량=0.80000000 orderID=3657838324836671488 tradeID=None
[진입유실 방지 자동보정] SHORT ADA/USDT:USDT exit=2026-06-15 19:54:41 미매칭수량=0.80000000 orderID=3658053208425832448 tradeID=None
[진입유실 방지 자동보정] SHORT ADA/USDT:USDT exit=2026-06-15 20:18:33 미매칭수량=0.70000000 orderID=3658101280451272704 tradeID=None
[진입유실 방지 자동보정] SHORT ADA/USDT:USDT exit=2026-06-15 20:19:56 미매칭수량=0.70000000 orderID=3658104046410211328 tradeID=None
[진입유실 방지 자동보정] SHORT ADA/USDT:USDT exit=2026-06-15 20:20:18 미매칭수량=0.70000000 orderID=3658104812894101504 tradeID=None
[진입유실 방지 자동보정] SHORT ADA/USDT:USDT exit=2026-06-15 20:26:32 미매칭수량=0.70000000 orderID=3658117332119789568 tradeID=None
[진입유실 방지 자동보정] SHORT ADA/USDT:USDT exit=2026-06-15 20:44:55 미매칭수량=0.70000000 orderID=3658154361918529536 tradeID=None
[진입유실 방지 자동보정] SHORT ADA/USDT:USDT exit=2026-06-15 21:10:33 미매칭수량=0.70000000 orderID=3658205958837051392 tradeID=None
[진입유실 방지 자동보정] SHORT OKB/USDT:USDT exit=2026-06-21 03:12:28 미매칭수량=22.00000000 orderID=3673430118722904064 tradeID=None
[진입유실 방지 자동보정] SHORT OKB/USDT:USDT exit=2026-06-25 17:43:10 미매칭수량=16.00000000 orderID=3686779476461690880 tradeID=None
[진입유실 방지 자동보정] SHORT OKB/USDT:USDT exit=2026-06-25 20:10:48 미매칭수량=16.00000000 orderID=3687076707525926912 tradeID=None
[진입유실 방지 자동보정] LONG OKB/USDT:USDT exit=2026-06-26 12:38:51 미매칭수량=19.00000000 orderID=3689065905153843200 tradeID=None
[진입유실 방지 자동보정] LONG OKB/USDT:USDT exit=2026-06-26 15:55:46 미매칭수량=10.00000000 orderID=3689462344057036800 tradeID=None
[진입유실 방지 자동보정] LONG OKB/USDT:USDT exit=2026-07-22 11:42:03 미매칭수량=21.00000000 orderID=3764328224573825024 tradeID=None
[진입유실 방지 자동보정] SHORT BTC/USDT:USDT exit=2026-07-07 21:35:36 미매칭수량=0.03000000 orderID=3722036669318373376 tradeID=None
[진입유실 방지 자동보정] SHORT BTC/USDT:USDT exit=2026-07-08 00:16:47 미매칭수량=0.04000000 orderID=3722361174263799808 tradeID=None
[진입유실 방지 자동보정] LONG BTC/USDT:USDT exit=2026-07-08 18:05:02 미매칭수량=0.03000000 orderID=3724511840214130688 tradeID=None
[진입유실 방지 자동보정] LONG BTC/USDT:USDT exit=2026-07-08 22:25:16 미매칭수량=0.03000000 orderID=3725035749082603520 tradeID=None
[진입유실 방지 자동보정] LONG BTC/USDT:USDT exit=2026-07-10 12:10:09 미매칭수량=0.25000000 orderID=3729595582481899520 tradeID=None
[진입유실 방지 자동보정] SHORT BTC/USDT:USDT exit=2026-07-10 20:40:19 미매칭수량=0.24000000 orderID=3730622678511591424 tradeID=None
[진입유실 방지 자동보정] SHORT BTC/USDT:USDT exit=2026-07-13 17:06:33 미매칭수량=0.02000000 orderID=3738889605591801856 tradeID=None
[진입유실 방지 자동보정] SHORT BTC/USDT:USDT exit=2026-07-23 01:38:30 미매칭수량=0.02000000 orderID=3766012229442543616 tradeID=None
[진입유실 방지 자동보정] SHORT XRP/USDT:USDT exit=2026-07-10 20:56:05 미매칭수량=1.43000000 orderID=3730654412548546560 tradeID=None
[진입유실 방지 자동보정] LONG XRP/USDT:USDT exit=2026-07-11 02:57:26 미매칭수량=0.14000000 orderID=3731381904544571392 tradeID=None
[진입유실 방지 자동보정] LONG XRP/USDT:USDT exit=2026-07-11 07:35:19 미매칭수량=0.14000000 orderID=3731941344905732096 tradeID=None
[진입유실 방지 자동보정] LONG XRP/USDT:USDT exit=2026-07-13 22:19:43 미매칭수량=0.15000000 orderID=3739520111387811840 tradeID=None
[CATFIX] pnl=0 청산 → 진입 재분류: KAITO/USDT:USDT buy 수량=9.00000000 tradeID=243056081
[진입유실 방지 자동보정] LONG KAITO/USDT:USDT exit=2026-05-23 07:44:17 미매칭수량=101.00000000 orderID=3589903302570221568 tradeID=None
[AUTO_REPAIR] 8404 점검 중 예외: cannot access local variable 'entry' where it is not associated with a value
[진입유실 방지 자동보정] LONG KAITO/USDT:USDT exit=2026-05-23 07:44:17 미매칭수량=101.00000000 orderID=3589903302570221568 tradeID=None
[AUTO_REPAIR] 8405 점검 중 예외: cannot access local variable 'entry' where it is not associated with a value
[진입유실 방지 자동보정] LONG KAITO/USDT:USDT exit=2026-05-23 07:44:17 미매칭수량=101.00000000 orderID=3589903302570221568 tradeID=None
[AUTO_REPAIR] 8407 점검 중 예외: cannot access local variable 'entry' where it is not associated with a value
[진입유실 방지 자동보정] LONG KAITO/USDT:USDT exit=2026-05-23 07:44:17 미매칭수량=101.00000000 orderID=3589903302570221568 tradeID=None
[AUTO_REPAIR] 8408 점검 중 예외: cannot access local variable 'entry' where it is not associated with a value
[진입유실 방지 자동보정] LONG KAITO/USDT:USDT exit=2026-05-23 07:44:17 미매칭수량=101.00000000 orderID=3589903302570221568 tradeID=None
[AUTO_REPAIR] 8409 점검 중 예외: cannot access local variable 'entry' where it is not associated with a value
[DISCORD 1MIN] 07:45:44 ok=True Group 1(5): status=204 | Group 2(3): status=204 collect=8.5s post=0.8s
[DISCORD 1MIN] 07:46:44 ok=True Group 1(5): status=204 | Group 2(3): status=204 collect=8.7s post=0.7s
[DISCORD 1MIN] 07:47:44 ok=True Group 1(5): status=204 | Group 2(3): status=204 collect=8.5s post=0.8s
[DISCORD 1MIN] 07:48:44 ok=True Group 1(5): status=204 | Group 2(3): status=204 collect=8.4s post=0.7s
[DISCORD 1MIN] 07:49:44 ok=True Group 1(5): status=204 | Group 2(3): status=204 collect=8.5s post=0.7s
[진입유실 방지 자동보정] LONG KAITO/USDT:USDT exit=2026-05-23 07:44:17 미매칭수량=101.00000000 orderID=3589903302570221568 tradeID=None
[AUTO_REPAIR] 8401 점검 중 예외: cannot access local variable 'entry' where it is not associated with a value
[진입유실 방지 자동보정] LONG KAITO/USDT:USDT exit=2026-05-23 07:44:17 미매칭수량=101.00000000 orderID=3589903302570221568 tradeID=None
[AUTO_REPAIR] 8402 점검 중 예외: cannot access local variable 'entry' where it is not associated with a value
[진입유실 방지 자동보정] LONG KAITO/USDT:USDT exit=2026-05-23 07:44:17 미매칭수량=101.00000000 orderID=3589903302570221568 tradeID=None
[진입유실 방지 자동보정] LONG KAITO/USDT:USDT exit=2026-05-23 09:16:43 미매칭수량=103.00000000 orderID=3590089470679130112 tradeID=None
[진입유실 방지 자동보정] SHORT KAITO/USDT:USDT exit=2026-07-27 23:37:02 미매칭수량=9.00000000 orderID=3780263207016538112 tradeID=None
[진입유실 방지 자동보정] LONG KAITO/USDT:USDT exit=2026-07-28 00:17:06 미매칭수량=9.00000000 orderID=3780343864489091072 tradeID=None
[진입유실 방지 자동보정] SHORT ADA/USDT:USDT exit=2026-06-15 18:07:56 미매칭수량=0.80000000 orderID=3657838324836671488 tradeID=None
[진입유실 방지 자동보정] SHORT ADA/USDT:USDT exit=2026-06-15 19:54:41 미매칭수량=0.80000000 orderID=3658053208425832448 tradeID=None
[진입유실 방지 자동보정] SHORT ADA/USDT:USDT exit=2026-06-15 20:18:33 미매칭수량=0.70000000 orderID=3658101280451272704 tradeID=None
[진입유실 방지 자동보정] SHORT ADA/USDT:USDT exit=2026-06-15 20:19:56 미매칭수량=0.70000000 orderID=3658104046410211328 tradeID=None
[진입유실 방지 자동보정] SHORT ADA/USDT:USDT exit=2026-06-15 20:20:18 미매칭수량=0.70000000 orderID=3658104812894101504 tradeID=None
[진입유실 방지 자동보정] SHORT ADA/USDT:USDT exit=2026-06-15 20:26:32 미매칭수량=0.70000000 orderID=3658117332119789568 tradeID=None
[진입유실 방지 자동보정] SHORT ADA/USDT:USDT exit=2026-06-15 20:44:55 미매칭수량=0.70000000 orderID=3658154361918529536 tradeID=None
[진입유실 방지 자동보정] SHORT ADA/USDT:USDT exit=2026-06-15 21:10:33 미매칭수량=0.70000000 orderID=3658205958837051392 tradeID=None
[진입유실 방지 자동보정] SHORT OKB/USDT:USDT exit=2026-06-21 03:12:28 미매칭수량=22.00000000 orderID=3673430118722904064 tradeID=None
[진입유실 방지 자동보정] SHORT OKB/USDT:USDT exit=2026-06-25 17:43:10 미매칭수량=16.00000000 orderID=3686779476461690880 tradeID=None
[진입유실 방지 자동보정] SHORT OKB/USDT:USDT exit=2026-06-25 20:10:48 미매칭수량=16.00000000 orderID=3687076707525926912 tradeID=None
[진입유실 방지 자동보정] LONG OKB/USDT:USDT exit=2026-06-26 12:38:51 미매칭수량=19.00000000 orderID=3689065905153843200 tradeID=None
[진입유실 방지 자동보정] LONG OKB/USDT:USDT exit=2026-06-26 15:55:46 미매칭수량=10.00000000 orderID=3689462344057036800 tradeID=None
[진입유실 방지 자동보정] LONG OKB/USDT:USDT exit=2026-07-22 11:42:03 미매칭수량=21.00000000 orderID=3764328224573825024 tradeID=None
[진입유실 방지 자동보정] LONG HYPE/USDT:USDT exit=2026-07-02 09:33:02 미매칭수량=1.00000000 orderID=3706086441083936768 tradeID=None
[진입유실 방지 자동보정] SHORT HYPE/USDT:USDT exit=2026-07-02 18:46:50 미매칭수량=1.00000000 orderID=3707201387012235264 tradeID=None
[진입유실 방지 자동보정] SHORT HYPE/USDT:USDT exit=2026-07-09 00:25:17 미매칭수량=24.00000000 orderID=3725277377667997696 tradeID=None
[진입유실 방지 자동보정] LONG HYPE/USDT:USDT exit=2026-07-09 06:18:38 미매칭수량=24.00000000 orderID=3725988764811730944 tradeID=None
[진입유실 방지 자동보정] LONG HYPE/USDT:USDT exit=2026-07-09 08:16:14 미매칭수량=23.00000000 orderID=3726225544848809984 tradeID=None
[진입유실 방지 자동보정] LONG HYPE/USDT:USDT exit=2026-07-13 19:30:19 미매칭수량=2.00000000 orderID=3739179042162810880 tradeID=None
[진입유실 방지 자동보정] LONG HYPE/USDT:USDT exit=2026-07-26 15:19:38 미매칭수량=2.00000000 orderID=3776362689651220480 tradeID=None
[진입유실 방지 자동보정] SHORT BTC/USDT:USDT exit=2026-07-07 21:35:36 미매칭수량=0.03000000 orderID=3722036669318373376 tradeID=None
[진입유실 방지 자동보정] SHORT BTC/USDT:USDT exit=2026-07-08 00:16:47 미매칭수량=0.04000000 orderID=3722361174263799808 tradeID=None
[진입유실 방지 자동보정] LONG BTC/USDT:USDT exit=2026-07-08 18:05:02 미매칭수량=0.03000000 orderID=3724511840214130688 tradeID=None
[진입유실 방지 자동보정] LONG BTC/USDT:USDT exit=2026-07-08 22:25:16 미매칭수량=0.03000000 orderID=3725035749082603520 tradeID=None
[진입유실 방지 자동보정] LONG BTC/USDT:USDT exit=2026-07-10 12:10:09 미매칭수량=0.25000000 orderID=3729595582481899520 tradeID=None
[진입유실 방지 자동보정] SHORT BTC/USDT:USDT exit=2026-07-10 20:40:19 미매칭수량=0.24000000 orderID=3730622678511591424 tradeID=None
[진입유실 방지 자동보정] SHORT BTC/USDT:USDT exit=2026-07-13 17:06:33 미매칭수량=0.02000000 orderID=3738889605591801856 tradeID=None
[진입유실 방지 자동보정] SHORT BTC/USDT:USDT exit=2026-07-23 01:38:30 미매칭수량=0.02000000 orderID=3766012229442543616 tradeID=None
[진입유실 방지 자동보정] SHORT XRP/USDT:USDT exit=2026-07-10 20:56:05 미매칭수량=1.43000000 orderID=3730654412548546560 tradeID=None
[진입유실 방지 자동보정] LONG XRP/USDT:USDT exit=2026-07-11 02:57:26 미매칭수량=0.14000000 orderID=3731381904544571392 tradeID=None
[진입유실 방지 자동보정] LONG XRP/USDT:USDT exit=2026-07-11 07:35:19 미매칭수량=0.14000000 orderID=3731941344905732096 tradeID=None
[진입유실 방지 자동보정] LONG XRP/USDT:USDT exit=2026-07-13 22:19:43 미매칭수량=0.15000000 orderID=3739520111387811840 tradeID=None
[CATFIX] pnl=0 청산 → 진입 재분류: KAITO/USDT:USDT buy 수량=9.00000000 tradeID=243056081
[진입유실 방지 자동보정] LONG KAITO/USDT:USDT exit=2026-05-23 07:44:17 미매칭수량=101.00000000 orderID=3589903302570221568 tradeID=None
[AUTO_REPAIR] 8404 점검 중 예외: cannot access local variable 'entry' where it is not associated with a value
[진입유실 방지 자동보정] LONG KAITO/USDT:USDT exit=2026-05-23 07:44:17 미매칭수량=101.00000000 orderID=3589903302570221568 tradeID=None
[AUTO_REPAIR] 8405 점검 중 예외: cannot access local variable 'entry' where it is not associated with a value
[진입유실 방지 자동보정] LONG KAITO/USDT:USDT exit=2026-05-23 07:44:17 미매칭수량=101.00000000 orderID=3589903302570221568 tradeID=None
[AUTO_REPAIR] 8407 점검 중 예외: cannot access local variable 'entry' where it is not associated with a value
[진입유실 방지 자동보정] LONG KAITO/USDT:USDT exit=2026-05-23 07:44:17 미매칭수량=101.00000000 orderID=3589903302570221568 tradeID=None
[AUTO_REPAIR] 8408 점검 중 예외: cannot access local variable 'entry' where it is not associated with a value
[진입유실 방지 자동보정] LONG KAITO/USDT:USDT exit=2026-05-23 07:44:17 미매칭수량=101.00000000 orderID=3589903302570221568 tradeID=None
[AUTO_REPAIR] 8409 점검 중 예외: cannot access local variable 'entry' where it is not associated with a value
[DISCORD 1MIN] 07:50:44 ok=True Group 1(5): status=204 | Group 2(3): status=204 collect=8.5s post=0.7s
[DISCORD 1MIN] 07:51:44 ok=True Group 1(5): status=204 | Group 2(3): status=204 collect=8.8s post=0.9s
[DISCORD 1MIN] 07:52:44 ok=True Group 1(5): status=204 | Group 2(3): status=204 collect=8.5s post=1.1s
[DISCORD 1MIN] 07:53:44 ok=True Group 1(5): status=204 | Group 2(3): status=204 collect=8.9s post=0.7s
[DISCORD 1MIN] 07:54:44 ok=True Group 1(5): status=204 | Group 2(3): status=204 collect=8.5s post=0.7s
[진입유실 방지 자동보정] LONG KAITO/USDT:USDT exit=2026-05-23 07:44:17 미매칭수량=101.00000000 orderID=3589903302570221568 tradeID=None
[AUTO_REPAIR] 8401 점검 중 예외: cannot access local variable 'entry' where it is not associated with a value
[진입유실 방지 자동보정] LONG KAITO/USDT:USDT exit=2026-05-23 07:44:17 미매칭수량=101.00000000 orderID=3589903302570221568 tradeID=None
[AUTO_REPAIR] 8402 점검 중 예외: cannot access local variable 'entry' where it is not associated with a value
[진입유실 방지 자동보정] LONG KAITO/USDT:USDT exit=2026-05-23 07:44:17 미매칭수량=101.00000000 orderID=3589903302570221568 tradeID=None
[진입유실 방지 자동보정] LONG KAITO/USDT:USDT exit=2026-05-23 09:16:43 미매칭수량=103.00000000 orderID=3590089470679130112 tradeID=None
[진입유실 방지 자동보정] SHORT KAITO/USDT:USDT exit=2026-07-27 23:37:02 미매칭수량=9.00000000 orderID=3780263207016538112 tradeID=None
[진입유실 방지 자동보정] LONG KAITO/USDT:USDT exit=2026-07-28 00:17:06 미매칭수량=9.00000000 orderID=3780343864489091072 tradeID=None
[진입유실 방지 자동보정] SHORT ADA/USDT:USDT exit=2026-06-15 18:07:56 미매칭수량=0.80000000 orderID=3657838324836671488 tradeID=None
[진입유실 방지 자동보정] SHORT ADA/USDT:USDT exit=2026-06-15 19:54:41 미매칭수량=0.80000000 orderID=3658053208425832448 tradeID=None
[진입유실 방지 자동보정] SHORT ADA/USDT:USDT exit=2026-06-15 20:18:33 미매칭수량=0.70000000 orderID=3658101280451272704 tradeID=None
[진입유실 방지 자동보정] SHORT ADA/USDT:USDT exit=2026-06-15 20:19:56 미매칭수량=0.70000000 orderID=3658104046410211328 tradeID=None
[진입유실 방지 자동보정] SHORT ADA/USDT:USDT exit=2026-06-15 20:20:18 미매칭수량=0.70000000 orderID=3658104812894101504 tradeID=None
[진입유실 방지 자동보정] SHORT ADA/USDT:USDT exit=2026-06-15 20:26:32 미매칭수량=0.70000000 orderID=3658117332119789568 tradeID=None
[진입유실 방지 자동보정] SHORT ADA/USDT:USDT exit=2026-06-15 20:44:55 미매칭수량=0.70000000 orderID=3658154361918529536 tradeID=None
[진입유실 방지 자동보정] SHORT ADA/USDT:USDT exit=2026-06-15 21:10:33 미매칭수량=0.70000000 orderID=3658205958837051392 tradeID=None
[진입유실 방지 자동보정] SHORT OKB/USDT:USDT exit=2026-06-21 03:12:28 미매칭수량=22.00000000 orderID=3673430118722904064 tradeID=None
[진입유실 방지 자동보정] SHORT OKB/USDT:USDT exit=2026-06-25 17:43:10 미매칭수량=16.00000000 orderID=3686779476461690880 tradeID=None
[진입유실 방지 자동보정] SHORT OKB/USDT:USDT exit=2026-06-25 20:10:48 미매칭수량=16.00000000 orderID=3687076707525926912 tradeID=None
[진입유실 방지 자동보정] LONG OKB/USDT:USDT exit=2026-06-26 12:38:51 미매칭수량=19.00000000 orderID=3689065905153843200 tradeID=None
[진입유실 방지 자동보정] LONG OKB/USDT:USDT exit=2026-06-26 15:55:46 미매칭수량=10.00000000 orderID=3689462344057036800 tradeID=None
[진입유실 방지 자동보정] LONG OKB/USDT:USDT exit=2026-07-22 11:42:03 미매칭수량=21.00000000 orderID=3764328224573825024 tradeID=None
[진입유실 방지 자동보정] LONG HYPE/USDT:USDT exit=2026-07-02 09:33:02 미매칭수량=1.00000000 orderID=3706086441083936768 tradeID=None
[진입유실 방지 자동보정] SHORT HYPE/USDT:USDT exit=2026-07-02 18:46:50 미매칭수량=1.00000000 orderID=3707201387012235264 tradeID=None
[진입유실 방지 자동보정] SHORT HYPE/USDT:USDT exit=2026-07-09 00:25:17 미매칭수량=24.00000000 orderID=3725277377667997696 tradeID=None
[진입유실 방지 자동보정] LONG HYPE/USDT:USDT exit=2026-07-09 06:18:38 미매칭수량=24.00000000 orderID=3725988764811730944 tradeID=None
[진입유실 방지 자동보정] LONG HYPE/USDT:USDT exit=2026-07-09 08:16:14 미매칭수량=23.00000000 orderID=3726225544848809984 tradeID=None
[진입유실 방지 자동보정] LONG HYPE/USDT:USDT exit=2026-07-13 19:30:19 미매칭수량=2.00000000 orderID=3739179042162810880 tradeID=None
[진입유실 방지 자동보정] LONG HYPE/USDT:USDT exit=2026-07-26 15:19:38 미매칭수량=2.00000000 orderID=3776362689651220480 tradeID=None
[진입유실 방지 자동보정] SHORT BTC/USDT:USDT exit=2026-07-07 21:35:36 미매칭수량=0.03000000 orderID=3722036669318373376 tradeID=None
[진입유실 방지 자동보정] SHORT BTC/USDT:USDT exit=2026-07-08 00:16:47 미매칭수량=0.04000000 orderID=3722361174263799808 tradeID=None
[진입유실 방지 자동보정] LONG BTC/USDT:USDT exit=2026-07-08 18:05:02 미매칭수량=0.03000000 orderID=3724511840214130688 tradeID=None
[진입유실 방지 자동보정] LONG BTC/USDT:USDT exit=2026-07-08 22:25:16 미매칭수량=0.03000000 orderID=3725035749082603520 tradeID=None
[진입유실 방지 자동보정] LONG BTC/USDT:USDT exit=2026-07-10 12:10:09 미매칭수량=0.25000000 orderID=3729595582481899520 tradeID=None
[진입유실 방지 자동보정] SHORT BTC/USDT:USDT exit=2026-07-10 20:40:19 미매칭수량=0.24000000 orderID=3730622678511591424 tradeID=None
[진입유실 방지 자동보정] SHORT BTC/USDT:USDT exit=2026-07-13 17:06:33 미매칭수량=0.02000000 orderID=3738889605591801856 tradeID=None
[진입유실 방지 자동보정] SHORT BTC/USDT:USDT exit=2026-07-23 01:38:30 미매칭수량=0.02000000 orderID=3766012229442543616 tradeID=None
[진입유실 방지 자동보정] SHORT XRP/USDT:USDT exit=2026-07-10 20:56:05 미매칭수량=1.43000000 orderID=3730654412548546560 tradeID=None
[진입유실 방지 자동보정] LONG XRP/USDT:USDT exit=2026-07-11 02:57:26 미매칭수량=0.14000000 orderID=3731381904544571392 tradeID=None
[진입유실 방지 자동보정] LONG XRP/USDT:USDT exit=2026-07-11 07:35:19 미매칭수량=0.14000000 orderID=3731941344905732096 tradeID=None
[진입유실 방지 자동보정] LONG XRP/USDT:USDT exit=2026-07-13 22:19:43 미매칭수량=0.15000000 orderID=3739520111387811840 tradeID=None
[CATFIX] pnl=0 청산 → 진입 재분류: KAITO/USDT:USDT buy 수량=9.00000000 tradeID=243056081
[진입유실 방지 자동보정] LONG KAITO/USDT:USDT exit=2026-05-23 07:44:17 미매칭수량=101.00000000 orderID=3589903302570221568 tradeID=None
[AUTO_REPAIR] 8404 점검 중 예외: cannot access local variable 'entry' where it is not associated with a value
[진입유실 방지 자동보정] LONG KAITO/USDT:USDT exit=2026-05-23 07:44:17 미매칭수량=101.00000000 orderID=3589903302570221568 tradeID=None
[AUTO_REPAIR] 8405 점검 중 예외: cannot access local variable 'entry' where it is not associated with a value
[진입유실 방지 자동보정] LONG KAITO/USDT:USDT exit=2026-05-23 07:44:17 미매칭수량=101.00000000 orderID=3589903302570221568 tradeID=None
[AUTO_REPAIR] 8407 점검 중 예외: cannot access local variable 'entry' where it is not associated with a value
[진입유실 방지 자동보정] LONG KAITO/USDT:USDT exit=2026-05-23 07:44:17 미매칭수량=101.00000000 orderID=3589903302570221568 tradeID=None
[AUTO_REPAIR] 8408 점검 중 예외: cannot access local variable 'entry' where it is not associated with a value
[진입유실 방지 자동보정] LONG KAITO/USDT:USDT exit=2026-05-23 07:44:17 미매칭수량=101.00000000 orderID=3589903302570221568 tradeID=None
[AUTO_REPAIR] 8409 점검 중 예외: cannot access local variable 'entry' where it is not associated with a value
[DISCORD 1MIN] 07:55:44 ok=True Group 1(5): status=204 | Group 2(3): status=204 collect=8.7s post=0.6s
[DISCORD 1MIN] 07:56:44 ok=True Group 1(5): status=204 | Group 2(3): status=204 collect=8.4s post=0.7s
[DISCORD 1MIN] 07:57:44 ok=True Group 1(5): status=204 | Group 2(3): status=204 collect=8.5s post=0.6s
[DISCORD 1MIN] 07:58:44 ok=True Group 1(5): status=204 | Group 2(3): status=204 collect=8.5s post=0.8s
[DISCORD 1MIN] 07:59:44 ok=True Group 1(5): status=204 | Group 2(3): status=204 collect=8.4s post=0.7s
[진입유실 방지 자동보정] LONG KAITO/USDT:USDT exit=2026-05-23 07:44:17 미매칭수량=101.00000000 orderID=3589903302570221568 tradeID=None
[AUTO_REPAIR] 8401 점검 중 예외: cannot access local variable 'entry' where it is not associated with a value
[진입유실 방지 자동보정] LONG KAITO/USDT:USDT exit=2026-05-23 07:44:17 미매칭수량=101.00000000 orderID=3589903302570221568 tradeID=None
[AUTO_REPAIR] 8402 점검 중 예외: cannot access local variable 'entry' where it is not associated with a value
[진입유실 방지 자동보정] LONG KAITO/USDT:USDT exit=2026-05-23 07:44:17 미매칭수량=101.00000000 orderID=3589903302570221568 tradeID=None
[진입유실 방지 자동보정] LONG KAITO/USDT:USDT exit=2026-05-23 09:16:43 미매칭수량=103.00000000 orderID=3590089470679130112 tradeID=None
[진입유실 방지 자동보정] SHORT KAITO/USDT:USDT exit=2026-07-27 23:37:02 미매칭수량=9.00000000 orderID=3780263207016538112 tradeID=None
[진입유실 방지 자동보정] LONG KAITO/USDT:USDT exit=2026-07-28 00:17:06 미매칭수량=9.00000000 orderID=3780343864489091072 tradeID=None
[진입유실 방지 자동보정] SHORT ADA/USDT:USDT exit=2026-06-15 18:07:56 미매칭수량=0.80000000 orderID=3657838324836671488 tradeID=None
[진입유실 방지 자동보정] SHORT ADA/USDT:USDT exit=2026-06-15 19:54:41 미매칭수량=0.80000000 orderID=3658053208425832448 tradeID=None
[진입유실 방지 자동보정] SHORT ADA/USDT:USDT exit=2026-06-15 20:18:33 미매칭수량=0.70000000 orderID=3658101280451272704 tradeID=None
[진입유실 방지 자동보정] SHORT ADA/USDT:USDT exit=2026-06-15 20:19:56 미매칭수량=0.70000000 orderID=3658104046410211328 tradeID=None
[진입유실 방지 자동보정] SHORT ADA/USDT:USDT exit=2026-06-15 20:20:18 미매칭수량=0.70000000 orderID=3658104812894101504 tradeID=None
[진입유실 방지 자동보정] SHORT ADA/USDT:USDT exit=2026-06-15 20:26:32 미매칭수량=0.70000000 orderID=3658117332119789568 tradeID=None
[진입유실 방지 자동보정] SHORT ADA/USDT:USDT exit=2026-06-15 20:44:55 미매칭수량=0.70000000 orderID=3658154361918529536 tradeID=None
[진입유실 방지 자동보정] SHORT ADA/USDT:USDT exit=2026-06-15 21:10:33 미매칭수량=0.70000000 orderID=3658205958837051392 tradeID=None
[진입유실 방지 자동보정] SHORT OKB/USDT:USDT exit=2026-06-21 03:12:28 미매칭수량=22.00000000 orderID=3673430118722904064 tradeID=None
[진입유실 방지 자동보정] SHORT OKB/USDT:USDT exit=2026-06-25 17:43:10 미매칭수량=16.00000000 orderID=3686779476461690880 tradeID=None
[진입유실 방지 자동보정] SHORT OKB/USDT:USDT exit=2026-06-25 20:10:48 미매칭수량=16.00000000 orderID=3687076707525926912 tradeID=None
[진입유실 방지 자동보정] LONG OKB/USDT:USDT exit=2026-06-26 12:38:51 미매칭수량=19.00000000 orderID=3689065905153843200 tradeID=None
[진입유실 방지 자동보정] LONG OKB/USDT:USDT exit=2026-06-26 15:55:46 미매칭수량=10.00000000 orderID=3689462344057036800 tradeID=None
[진입유실 방지 자동보정] LONG OKB/USDT:USDT exit=2026-07-22 11:42:03 미매칭수량=21.00000000 orderID=3764328224573825024 tradeID=None
[진입유실 방지 자동보정] LONG HYPE/USDT:USDT exit=2026-07-02 09:33:02 미매칭수량=1.00000000 orderID=3706086441083936768 tradeID=None
[진입유실 방지 자동보정] SHORT HYPE/USDT:USDT exit=2026-07-02 18:46:50 미매칭수량=1.00000000 orderID=3707201387012235264 tradeID=None
[진입유실 방지 자동보정] SHORT HYPE/USDT:USDT exit=2026-07-09 00:25:17 미매칭수량=24.00000000 orderID=3725277377667997696 tradeID=None
[진입유실 방지 자동보정] LONG HYPE/USDT:USDT exit=2026-07-09 06:18:38 미매칭수량=24.00000000 orderID=3725988764811730944 tradeID=None
[진입유실 방지 자동보정] LONG HYPE/USDT:USDT exit=2026-07-09 08:16:14 미매칭수량=23.00000000 orderID=3726225544848809984 tradeID=None
[진입유실 방지 자동보정] LONG HYPE/USDT:USDT exit=2026-07-13 19:30:19 미매칭수량=2.00000000 orderID=3739179042162810880 tradeID=None
[진입유실 방지 자동보정] LONG HYPE/USDT:USDT exit=2026-07-26 15:19:38 미매칭수량=2.00000000 orderID=3776362689651220480 tradeID=None
[진입유실 방지 자동보정] SHORT BTC/USDT:USDT exit=2026-07-07 21:35:36 미매칭수량=0.03000000 orderID=3722036669318373376 tradeID=None
[진입유실 방지 자동보정] SHORT BTC/USDT:USDT exit=2026-07-08 00:16:47 미매칭수량=0.04000000 orderID=3722361174263799808 tradeID=None
[진입유실 방지 자동보정] LONG BTC/USDT:USDT exit=2026-07-08 18:05:02 미매칭수량=0.03000000 orderID=3724511840214130688 tradeID=None
[진입유실 방지 자동보정] LONG BTC/USDT:USDT exit=2026-07-08 22:25:16 미매칭수량=0.03000000 orderID=3725035749082603520 tradeID=None
[진입유실 방지 자동보정] LONG BTC/USDT:USDT exit=2026-07-10 12:10:09 미매칭수량=0.25000000 orderID=3729595582481899520 tradeID=None
[진입유실 방지 자동보정] SHORT BTC/USDT:USDT exit=2026-07-10 20:40:19 미매칭수량=0.24000000 orderID=3730622678511591424 tradeID=None
[진입유실 방지 자동보정] SHORT BTC/USDT:USDT exit=2026-07-13 17:06:33 미매칭수량=0.02000000 orderID=3738889605591801856 tradeID=None
[진입유실 방지 자동보정] SHORT BTC/USDT:USDT exit=2026-07-23 01:38:30 미매칭수량=0.02000000 orderID=3766012229442543616 tradeID=None
[진입유실 방지 자동보정] SHORT XRP/USDT:USDT exit=2026-07-10 20:56:05 미매칭수량=1.43000000 orderID=3730654412548546560 tradeID=None
[진입유실 방지 자동보정] LONG XRP/USDT:USDT exit=2026-07-11 02:57:26 미매칭수량=0.14000000 orderID=3731381904544571392 tradeID=None
[진입유실 방지 자동보정] LONG XRP/USDT:USDT exit=2026-07-11 07:35:19 미매칭수량=0.14000000 orderID=3731941344905732096 tradeID=None
[진입유실 방지 자동보정] LONG XRP/USDT:USDT exit=2026-07-13 22:19:43 미매칭수량=0.15000000 orderID=3739520111387811840 tradeID=None
[CATFIX] pnl=0 청산 → 진입 재분류: KAITO/USDT:USDT buy 수량=9.00000000 tradeID=243056081
[진입유실 방지 자동보정] LONG KAITO/USDT:USDT exit=2026-05-23 07:44:17 미매칭수량=101.00000000 orderID=3589903302570221568 tradeID=None
[AUTO_REPAIR] 8404 점검 중 예외: cannot access local variable 'entry' where it is not associated with a value
[진입유실 방지 자동보정] LONG KAITO/USDT:USDT exit=2026-05-23 07:44:17 미매칭수량=101.00000000 orderID=3589903302570221568 tradeID=None
[AUTO_REPAIR] 8405 점검 중 예외: cannot access local variable 'entry' where it is not associated with a value
[진입유실 방지 자동보정] LONG KAITO/USDT:USDT exit=2026-05-23 07:44:17 미매칭수량=101.00000000 orderID=3589903302570221568 tradeID=None
[AUTO_REPAIR] 8407 점검 중 예외: cannot access local variable 'entry' where it is not associated with a value
[진입유실 방지 자동보정] LONG KAITO/USDT:USDT exit=2026-05-23 07:44:17 미매칭수량=101.00000000 orderID=3589903302570221568 tradeID=None
[AUTO_REPAIR] 8408 점검 중 예외: cannot access local variable 'entry' where it is not associated with a value
[진입유실 방지 자동보정] LONG KAITO/USDT:USDT exit=2026-05-23 07:44:17 미매칭수량=101.00000000 orderID=3589903302570221568 tradeID=None
[AUTO_REPAIR] 8409 점검 중 예외: cannot access local variable 'entry' where it is not associated with a value
[DISCORD 1MIN] 08:00:44 ok=True Group 1(5): status=204 | Group 2(3): status=204 collect=8.8s post=0.7s
[DISCORD 1MIN] 08:01:44 ok=True Group 1(5): status=204 | Group 2(3): status=204 collect=8.5s post=0.7s
[DISCORD 1MIN] 08:02:45 ok=True Group 1(5): status=204 | Group 2(3): status=204 collect=8.8s post=1.4s
[DISCORD 1MIN] 08:03:44 ok=True Group 1(5): status=204 | Group 2(3): status=204 collect=8.5s post=0.7s
[DISCORD 1MIN] 08:04:45 ok=True Group 1(5): status=204 | Group 2(3): status=204 collect=8.6s post=1.3s
[진입유실 방지 자동보정] LONG KAITO/USDT:USDT exit=2026-05-23 07:44:17 미매칭수량=101.00000000 orderID=3589903302570221568 tradeID=None
[AUTO_REPAIR] 8401 점검 중 예외: cannot access local variable 'entry' where it is not associated with a value
[진입유실 방지 자동보정] LONG KAITO/USDT:USDT exit=2026-05-23 07:44:17 미매칭수량=101.00000000 orderID=3589903302570221568 tradeID=None
[AUTO_REPAIR] 8402 점검 중 예외: cannot access local variable 'entry' where it is not associated with a value
[진입유실 방지 자동보정] LONG KAITO/USDT:USDT exit=2026-05-23 07:44:17 미매칭수량=101.00000000 orderID=3589903302570221568 tradeID=None
[진입유실 방지 자동보정] LONG KAITO/USDT:USDT exit=2026-05-23 09:16:43 미매칭수량=103.00000000 orderID=3590089470679130112 tradeID=None
[진입유실 방지 자동보정] SHORT KAITO/USDT:USDT exit=2026-07-27 23:37:02 미매칭수량=9.00000000 orderID=3780263207016538112 tradeID=None
[진입유실 방지 자동보정] LONG KAITO/USDT:USDT exit=2026-07-28 00:17:06 미매칭수량=9.00000000 orderID=3780343864489091072 tradeID=None
[진입유실 방지 자동보정] SHORT ADA/USDT:USDT exit=2026-06-15 18:07:56 미매칭수량=0.80000000 orderID=3657838324836671488 tradeID=None
[진입유실 방지 자동보정] SHORT ADA/USDT:USDT exit=2026-06-15 19:54:41 미매칭수량=0.80000000 orderID=3658053208425832448 tradeID=None
[진입유실 방지 자동보정] SHORT ADA/USDT:USDT exit=2026-06-15 20:18:33 미매칭수량=0.70000000 orderID=3658101280451272704 tradeID=None
[진입유실 방지 자동보정] SHORT ADA/USDT:USDT exit=2026-06-15 20:19:56 미매칭수량=0.70000000 orderID=3658104046410211328 tradeID=None
[진입유실 방지 자동보정] SHORT ADA/USDT:USDT exit=2026-06-15 20:20:18 미매칭수량=0.70000000 orderID=3658104812894101504 tradeID=None
[진입유실 방지 자동보정] SHORT ADA/USDT:USDT exit=2026-06-15 20:26:32 미매칭수량=0.70000000 orderID=3658117332119789568 tradeID=None
[진입유실 방지 자동보정] SHORT ADA/USDT:USDT exit=2026-06-15 20:44:55 미매칭수량=0.70000000 orderID=3658154361918529536 tradeID=None
[진입유실 방지 자동보정] SHORT ADA/USDT:USDT exit=2026-06-15 21:10:33 미매칭수량=0.70000000 orderID=3658205958837051392 tradeID=None
[진입유실 방지 자동보정] SHORT OKB/USDT:USDT exit=2026-06-21 03:12:28 미매칭수량=22.00000000 orderID=3673430118722904064 tradeID=None
[진입유실 방지 자동보정] SHORT OKB/USDT:USDT exit=2026-06-25 17:43:10 미매칭수량=16.00000000 orderID=3686779476461690880 tradeID=None
[진입유실 방지 자동보정] SHORT OKB/USDT:USDT exit=2026-06-25 20:10:48 미매칭수량=16.00000000 orderID=3687076707525926912 tradeID=None
[진입유실 방지 자동보정] LONG OKB/USDT:USDT exit=2026-06-26 12:38:51 미매칭수량=19.00000000 orderID=3689065905153843200 tradeID=None
[진입유실 방지 자동보정] LONG OKB/USDT:USDT exit=2026-06-26 15:55:46 미매칭수량=10.00000000 orderID=3689462344057036800 tradeID=None
[진입유실 방지 자동보정] LONG OKB/USDT:USDT exit=2026-07-22 11:42:03 미매칭수량=21.00000000 orderID=3764328224573825024 tradeID=None
[진입유실 방지 자동보정] LONG HYPE/USDT:USDT exit=2026-07-02 09:33:02 미매칭수량=1.00000000 orderID=3706086441083936768 tradeID=None
[진입유실 방지 자동보정] SHORT HYPE/USDT:USDT exit=2026-07-02 18:46:50 미매칭수량=1.00000000 orderID=3707201387012235264 tradeID=None
[진입유실 방지 자동보정] SHORT HYPE/USDT:USDT exit=2026-07-09 00:25:17 미매칭수량=24.00000000 orderID=3725277377667997696 tradeID=None
[진입유실 방지 자동보정] LONG HYPE/USDT:USDT exit=2026-07-09 06:18:38 미매칭수량=24.00000000 orderID=3725988764811730944 tradeID=None
[진입유실 방지 자동보정] LONG HYPE/USDT:USDT exit=2026-07-09 08:16:14 미매칭수량=23.00000000 orderID=3726225544848809984 tradeID=None
[진입유실 방지 자동보정] LONG HYPE/USDT:USDT exit=2026-07-13 19:30:19 미매칭수량=2.00000000 orderID=3739179042162810880 tradeID=None
[진입유실 방지 자동보정] LONG HYPE/USDT:USDT exit=2026-07-26 15:19:38 미매칭수량=2.00000000 orderID=3776362689651220480 tradeID=None
[진입유실 방지 자동보정] SHORT BTC/USDT:USDT exit=2026-07-07 21:35:36 미매칭수량=0.03000000 orderID=3722036669318373376 tradeID=None
[진입유실 방지 자동보정] SHORT BTC/USDT:USDT exit=2026-07-08 00:16:47 미매칭수량=0.04000000 orderID=3722361174263799808 tradeID=None
[진입유실 방지 자동보정] LONG BTC/USDT:USDT exit=2026-07-08 18:05:02 미매칭수량=0.03000000 orderID=3724511840214130688 tradeID=None
[진입유실 방지 자동보정] LONG BTC/USDT:USDT exit=2026-07-08 22:25:16 미매칭수량=0.03000000 orderID=3725035749082603520 tradeID=None
[진입유실 방지 자동보정] LONG BTC/USDT:USDT exit=2026-07-10 12:10:09 미매칭수량=0.25000000 orderID=3729595582481899520 tradeID=None
[진입유실 방지 자동보정] SHORT BTC/USDT:USDT exit=2026-07-10 20:40:19 미매칭수량=0.24000000 orderID=3730622678511591424 tradeID=None
[진입유실 방지 자동보정] SHORT BTC/USDT:USDT exit=2026-07-13 17:06:33 미매칭수량=0.02000000 orderID=3738889605591801856 tradeID=None
[진입유실 방지 자동보정] SHORT BTC/USDT:USDT exit=2026-07-23 01:38:30 미매칭수량=0.02000000 orderID=3766012229442543616 tradeID=None
[진입유실 방지 자동보정] SHORT XRP/USDT:USDT exit=2026-07-10 20:56:05 미매칭수량=1.43000000 orderID=3730654412548546560 tradeID=None
[진입유실 방지 자동보정] LONG XRP/USDT:USDT exit=2026-07-11 02:57:26 미매칭수량=0.14000000 orderID=3731381904544571392 tradeID=None
[진입유실 방지 자동보정] LONG XRP/USDT:USDT exit=2026-07-11 07:35:19 미매칭수량=0.14000000 orderID=3731941344905732096 tradeID=None
[진입유실 방지 자동보정] LONG XRP/USDT:USDT exit=2026-07-13 22:19:43 미매칭수량=0.15000000 orderID=3739520111387811840 tradeID=None
[CATFIX] pnl=0 청산 → 진입 재분류: KAITO/USDT:USDT buy 수량=9.00000000 tradeID=243056081
[진입유실 방지 자동보정] LONG KAITO/USDT:USDT exit=2026-05-23 07:44:17 미매칭수량=101.00000000 orderID=3589903302570221568 tradeID=None
[AUTO_REPAIR] 8404 점검 중 예외: cannot access local variable 'entry' where it is not associated with a value
[진입유실 방지 자동보정] LONG KAITO/USDT:USDT exit=2026-05-23 07:44:17 미매칭수량=101.00000000 orderID=3589903302570221568 tradeID=None
[AUTO_REPAIR] 8405 점검 중 예외: cannot access local variable 'entry' where it is not associated with a value
[진입유실 방지 자동보정] LONG KAITO/USDT:USDT exit=2026-05-23 07:44:17 미매칭수량=101.00000000 orderID=3589903302570221568 tradeID=None
[AUTO_REPAIR] 8407 점검 중 예외: cannot access local variable 'entry' where it is not associated with a value
[진입유실 방지 자동보정] LONG KAITO/USDT:USDT exit=2026-05-23 07:44:17 미매칭수량=101.00000000 orderID=3589903302570221568 tradeID=None
[AUTO_REPAIR] 8408 점검 중 예외: cannot access local variable 'entry' where it is not associated with a value
[진입유실 방지 자동보정] LONG KAITO/USDT:USDT exit=2026-05-23 07:44:17 미매칭수량=101.00000000 orderID=3589903302570221568 tradeID=None
[AUTO_REPAIR] 8409 점검 중 예외: cannot access local variable 'entry' where it is not associated with a value
[DISCORD 1MIN] 08:05:45 ok=True Group 1(5): status=204 | Group 2(3): status=204 collect=8.5s post=1.5s
[DISCORD 1MIN] 08:06:44 ok=True Group 1(5): status=204 | Group 2(3): status=204 collect=8.5s post=0.7s
[DISCORD 1MIN] 08:07:44 ok=True Group 1(5): status=204 | Group 2(3): status=204 collect=8.6s post=0.6s
[DISCORD 1MIN] 08:08:44 ok=True Group 1(5): status=204 | Group 2(3): status=204 collect=8.4s post=0.7s
[DISCORD 1MIN] 08:09:44 ok=True Group 1(5): status=204 | Group 2(3): status=204 collect=8.8s post=0.6s
[진입유실 방지 자동보정] LONG KAITO/USDT:USDT exit=2026-05-23 07:44:17 미매칭수량=101.00000000 orderID=3589903302570221568 tradeID=None
[AUTO_REPAIR] 8401 점검 중 예외: cannot access local variable 'entry' where it is not associated with a value
[진입유실 방지 자동보정] LONG KAITO/USDT:USDT exit=2026-05-23 07:44:17 미매칭수량=101.00000000 orderID=3589903302570221568 tradeID=None
[AUTO_REPAIR] 8402 점검 중 예외: cannot access local variable 'entry' where it is not associated with a value
[진입유실 방지 자동보정] LONG KAITO/USDT:USDT exit=2026-05-23 07:44:17 미매칭수량=101.00000000 orderID=3589903302570221568 tradeID=None
[진입유실 방지 자동보정] LONG KAITO/USDT:USDT exit=2026-05-23 09:16:43 미매칭수량=103.00000000 orderID=3590089470679130112 tradeID=None
[진입유실 방지 자동보정] SHORT KAITO/USDT:USDT exit=2026-07-27 23:37:02 미매칭수량=9.00000000 orderID=3780263207016538112 tradeID=None
[진입유실 방지 자동보정] LONG KAITO/USDT:USDT exit=2026-07-28 00:17:06 미매칭수량=9.00000000 orderID=3780343864489091072 tradeID=None
[진입유실 방지 자동보정] SHORT ADA/USDT:USDT exit=2026-06-15 18:07:56 미매칭수량=0.80000000 orderID=3657838324836671488 tradeID=None
[진입유실 방지 자동보정] SHORT ADA/USDT:USDT exit=2026-06-15 19:54:41 미매칭수량=0.80000000 orderID=3658053208425832448 tradeID=None
[진입유실 방지 자동보정] SHORT ADA/USDT:USDT exit=2026-06-15 20:18:33 미매칭수량=0.70000000 orderID=3658101280451272704 tradeID=None
[진입유실 방지 자동보정] SHORT ADA/USDT:USDT exit=2026-06-15 20:19:56 미매칭수량=0.70000000 orderID=3658104046410211328 tradeID=None
[진입유실 방지 자동보정] SHORT ADA/USDT:USDT exit=2026-06-15 20:20:18 미매칭수량=0.70000000 orderID=3658104812894101504 tradeID=None
[진입유실 방지 자동보정] SHORT ADA/USDT:USDT exit=2026-06-15 20:26:32 미매칭수량=0.70000000 orderID=3658117332119789568 tradeID=None
[진입유실 방지 자동보정] SHORT ADA/USDT:USDT exit=2026-06-15 20:44:55 미매칭수량=0.70000000 orderID=3658154361918529536 tradeID=None
[진입유실 방지 자동보정] SHORT ADA/USDT:USDT exit=2026-06-15 21:10:33 미매칭수량=0.70000000 orderID=3658205958837051392 tradeID=None
[진입유실 방지 자동보정] SHORT OKB/USDT:USDT exit=2026-06-21 03:12:28 미매칭수량=22.00000000 orderID=3673430118722904064 tradeID=None
[진입유실 방지 자동보정] SHORT OKB/USDT:USDT exit=2026-06-25 17:43:10 미매칭수량=16.00000000 orderID=3686779476461690880 tradeID=None
[진입유실 방지 자동보정] SHORT OKB/USDT:USDT exit=2026-06-25 20:10:48 미매칭수량=16.00000000 orderID=3687076707525926912 tradeID=None
[진입유실 방지 자동보정] LONG OKB/USDT:USDT exit=2026-06-26 12:38:51 미매칭수량=19.00000000 orderID=3689065905153843200 tradeID=None
[진입유실 방지 자동보정] LONG OKB/USDT:USDT exit=2026-06-26 15:55:46 미매칭수량=10.00000000 orderID=3689462344057036800 tradeID=None
[진입유실 방지 자동보정] LONG OKB/USDT:USDT exit=2026-07-22 11:42:03 미매칭수량=21.00000000 orderID=3764328224573825024 tradeID=None
[진입유실 방지 자동보정] LONG HYPE/USDT:USDT exit=2026-07-02 09:33:02 미매칭수량=1.00000000 orderID=3706086441083936768 tradeID=None
[진입유실 방지 자동보정] SHORT HYPE/USDT:USDT exit=2026-07-02 18:46:50 미매칭수량=1.00000000 orderID=3707201387012235264 tradeID=None
[진입유실 방지 자동보정] SHORT HYPE/USDT:USDT exit=2026-07-09 00:25:17 미매칭수량=24.00000000 orderID=3725277377667997696 tradeID=None
[진입유실 방지 자동보정] LONG HYPE/USDT:USDT exit=2026-07-09 06:18:38 미매칭수량=24.00000000 orderID=3725988764811730944 tradeID=None
[진입유실 방지 자동보정] LONG HYPE/USDT:USDT exit=2026-07-09 08:16:14 미매칭수량=23.00000000 orderID=3726225544848809984 tradeID=None
[진입유실 방지 자동보정] LONG HYPE/USDT:USDT exit=2026-07-13 19:30:19 미매칭수량=2.00000000 orderID=3739179042162810880 tradeID=None
[진입유실 방지 자동보정] LONG HYPE/USDT:USDT exit=2026-07-26 15:19:38 미매칭수량=2.00000000 orderID=3776362689651220480 tradeID=None
[진입유실 방지 자동보정] SHORT BTC/USDT:USDT exit=2026-07-07 21:35:36 미매칭수량=0.03000000 orderID=3722036669318373376 tradeID=None
[진입유실 방지 자동보정] SHORT BTC/USDT:USDT exit=2026-07-08 00:16:47 미매칭수량=0.04000000 orderID=3722361174263799808 tradeID=None
[진입유실 방지 자동보정] LONG BTC/USDT:USDT exit=2026-07-08 18:05:02 미매칭수량=0.03000000 orderID=3724511840214130688 tradeID=None
[진입유실 방지 자동보정] LONG BTC/USDT:USDT exit=2026-07-08 22:25:16 미매칭수량=0.03000000 orderID=3725035749082603520 tradeID=None
[진입유실 방지 자동보정] LONG BTC/USDT:USDT exit=2026-07-10 12:10:09 미매칭수량=0.25000000 orderID=3729595582481899520 tradeID=None
[진입유실 방지 자동보정] SHORT BTC/USDT:USDT exit=2026-07-10 20:40:19 미매칭수량=0.24000000 orderID=3730622678511591424 tradeID=None
[진입유실 방지 자동보정] SHORT BTC/USDT:USDT exit=2026-07-13 17:06:33 미매칭수량=0.02000000 orderID=3738889605591801856 tradeID=None
[진입유실 방지 자동보정] SHORT BTC/USDT:USDT exit=2026-07-23 01:38:30 미매칭수량=0.02000000 orderID=3766012229442543616 tradeID=None
[진입유실 방지 자동보정] SHORT XRP/USDT:USDT exit=2026-07-10 20:56:05 미매칭수량=1.43000000 orderID=3730654412548546560 tradeID=None
[진입유실 방지 자동보정] LONG XRP/USDT:USDT exit=2026-07-11 02:57:26 미매칭수량=0.14000000 orderID=3731381904544571392 tradeID=None
[진입유실 방지 자동보정] LONG XRP/USDT:USDT exit=2026-07-11 07:35:19 미매칭수량=0.14000000 orderID=3731941344905732096 tradeID=None
[진입유실 방지 자동보정] LONG XRP/USDT:USDT exit=2026-07-13 22:19:43 미매칭수량=0.15000000 orderID=3739520111387811840 tradeID=None
[CATFIX] pnl=0 청산 → 진입 재분류: KAITO/USDT:USDT buy 수량=9.00000000 tradeID=243056081
[진입유실 방지 자동보정] LONG KAITO/USDT:USDT exit=2026-05-23 07:44:17 미매칭수량=101.00000000 orderID=3589903302570221568 tradeID=None
[AUTO_REPAIR] 8404 점검 중 예외: cannot access local variable 'entry' where it is not associated with a value
[진입유실 방지 자동보정] LONG KAITO/USDT:USDT exit=2026-05-23 07:44:17 미매칭수량=101.00000000 orderID=3589903302570221568 tradeID=None
[AUTO_REPAIR] 8405 점검 중 예외: cannot access local variable 'entry' where it is not associated with a value
[진입유실 방지 자동보정] LONG KAITO/USDT:USDT exit=2026-05-23 07:44:17 미매칭수량=101.00000000 orderID=3589903302570221568 tradeID=None
[AUTO_REPAIR] 8407 점검 중 예외: cannot access local variable 'entry' where it is not associated with a value
[진입유실 방지 자동보정] LONG KAITO/USDT:USDT exit=2026-05-23 07:44:17 미매칭수량=101.00000000 orderID=3589903302570221568 tradeID=None
[AUTO_REPAIR] 8408 점검 중 예외: cannot access local variable 'entry' where it is not associated with a value
[진입유실 방지 자동보정] LONG KAITO/USDT:USDT exit=2026-05-23 07:44:17 미매칭수량=101.00000000 orderID=3589903302570221568 tradeID=None
[AUTO_REPAIR] 8409 점검 중 예외: cannot access local variable 'entry' where it is not associated with a value
[DISCORD 1MIN] 08:10:44 ok=True Group 1(5): status=204 | Group 2(3): status=204 collect=8.6s post=0.7s
[DISCORD 1MIN] 08:11:44 ok=True Group 1(5): status=204 | Group 2(3): status=204 collect=8.7s post=0.6s
[DISCORD 1MIN] 08:12:44 ok=True Group 1(5): status=204 | Group 2(3): status=204 collect=8.4s post=0.8s
[DISCORD 1MIN] 08:13:44 ok=True Group 1(5): status=204 | Group 2(3): status=204 collect=8.5s post=0.6s
[DISCORD 1MIN] 08:14:44 ok=True Group 1(5): status=204 | Group 2(3): status=204 collect=8.4s post=1.0s
[진입유실 방지 자동보정] LONG KAITO/USDT:USDT exit=2026-05-23 07:44:17 미매칭수량=101.00000000 orderID=3589903302570221568 tradeID=None
[AUTO_REPAIR] 8401 점검 중 예외: cannot access local variable 'entry' where it is not associated with a value
[진입유실 방지 자동보정] LONG KAITO/USDT:USDT exit=2026-05-23 07:44:17 미매칭수량=101.00000000 orderID=3589903302570221568 tradeID=None
[AUTO_REPAIR] 8402 점검 중 예외: cannot access local variable 'entry' where it is not associated with a value
[진입유실 방지 자동보정] LONG KAITO/USDT:USDT exit=2026-05-23 07:44:17 미매칭수량=101.00000000 orderID=3589903302570221568 tradeID=None
[진입유실 방지 자동보정] LONG KAITO/USDT:USDT exit=2026-05-23 09:16:43 미매칭수량=103.00000000 orderID=3590089470679130112 tradeID=None
[진입유실 방지 자동보정] SHORT KAITO/USDT:USDT exit=2026-07-27 23:37:02 미매칭수량=9.00000000 orderID=3780263207016538112 tradeID=None
[진입유실 방지 자동보정] LONG KAITO/USDT:USDT exit=2026-07-28 00:17:06 미매칭수량=9.00000000 orderID=3780343864489091072 tradeID=None
[진입유실 방지 자동보정] SHORT ADA/USDT:USDT exit=2026-06-15 18:07:56 미매칭수량=0.80000000 orderID=3657838324836671488 tradeID=None
[진입유실 방지 자동보정] SHORT ADA/USDT:USDT exit=2026-06-15 19:54:41 미매칭수량=0.80000000 orderID=3658053208425832448 tradeID=None
[진입유실 방지 자동보정] SHORT ADA/USDT:USDT exit=2026-06-15 20:18:33 미매칭수량=0.70000000 orderID=3658101280451272704 tradeID=None
[진입유실 방지 자동보정] SHORT ADA/USDT:USDT exit=2026-06-15 20:19:56 미매칭수량=0.70000000 orderID=3658104046410211328 tradeID=None
[진입유실 방지 자동보정] SHORT ADA/USDT:USDT exit=2026-06-15 20:20:18 미매칭수량=0.70000000 orderID=3658104812894101504 tradeID=None
[진입유실 방지 자동보정] SHORT ADA/USDT:USDT exit=2026-06-15 20:26:32 미매칭수량=0.70000000 orderID=3658117332119789568 tradeID=None
[진입유실 방지 자동보정] SHORT ADA/USDT:USDT exit=2026-06-15 20:44:55 미매칭수량=0.70000000 orderID=3658154361918529536 tradeID=None
[진입유실 방지 자동보정] SHORT ADA/USDT:USDT exit=2026-06-15 21:10:33 미매칭수량=0.70000000 orderID=3658205958837051392 tradeID=None
[진입유실 방지 자동보정] SHORT OKB/USDT:USDT exit=2026-06-21 03:12:28 미매칭수량=22.00000000 orderID=3673430118722904064 tradeID=None
[진입유실 방지 자동보정] SHORT OKB/USDT:USDT exit=2026-06-25 17:43:10 미매칭수량=16.00000000 orderID=3686779476461690880 tradeID=None
[진입유실 방지 자동보정] SHORT OKB/USDT:USDT exit=2026-06-25 20:10:48 미매칭수량=16.00000000 orderID=3687076707525926912 tradeID=None
[진입유실 방지 자동보정] LONG OKB/USDT:USDT exit=2026-06-26 12:38:51 미매칭수량=19.00000000 orderID=3689065905153843200 tradeID=None
[진입유실 방지 자동보정] LONG OKB/USDT:USDT exit=2026-06-26 15:55:46 미매칭수량=10.00000000 orderID=3689462344057036800 tradeID=None
[진입유실 방지 자동보정] LONG OKB/USDT:USDT exit=2026-07-22 11:42:03 미매칭수량=21.00000000 orderID=3764328224573825024 tradeID=None
[진입유실 방지 자동보정] LONG HYPE/USDT:USDT exit=2026-07-02 09:33:02 미매칭수량=1.00000000 orderID=3706086441083936768 tradeID=None
[진입유실 방지 자동보정] SHORT HYPE/USDT:USDT exit=2026-07-02 18:46:50 미매칭수량=1.00000000 orderID=3707201387012235264 tradeID=None
[진입유실 방지 자동보정] SHORT HYPE/USDT:USDT exit=2026-07-09 00:25:17 미매칭수량=24.00000000 orderID=3725277377667997696 tradeID=None
[진입유실 방지 자동보정] LONG HYPE/USDT:USDT exit=2026-07-09 06:18:38 미매칭수량=24.00000000 orderID=3725988764811730944 tradeID=None
[진입유실 방지 자동보정] LONG HYPE/USDT:USDT exit=2026-07-09 08:16:14 미매칭수량=23.00000000 orderID=3726225544848809984 tradeID=None
[진입유실 방지 자동보정] LONG HYPE/USDT:USDT exit=2026-07-13 19:30:19 미매칭수량=2.00000000 orderID=3739179042162810880 tradeID=None
[진입유실 방지 자동보정] LONG HYPE/USDT:USDT exit=2026-07-26 15:19:38 미매칭수량=2.00000000 orderID=3776362689651220480 tradeID=None
[진입유실 방지 자동보정] SHORT BTC/USDT:USDT exit=2026-07-07 21:35:36 미매칭수량=0.03000000 orderID=3722036669318373376 tradeID=None
[진입유실 방지 자동보정] SHORT BTC/USDT:USDT exit=2026-07-08 00:16:47 미매칭수량=0.04000000 orderID=3722361174263799808 tradeID=None
[진입유실 방지 자동보정] LONG BTC/USDT:USDT exit=2026-07-08 18:05:02 미매칭수량=0.03000000 orderID=3724511840214130688 tradeID=None
[진입유실 방지 자동보정] LONG BTC/USDT:USDT exit=2026-07-08 22:25:16 미매칭수량=0.03000000 orderID=3725035749082603520 tradeID=None
[진입유실 방지 자동보정] LONG BTC/USDT:USDT exit=2026-07-10 12:10:09 미매칭수량=0.25000000 orderID=3729595582481899520 tradeID=None
[진입유실 방지 자동보정] SHORT BTC/USDT:USDT exit=2026-07-10 20:40:19 미매칭수량=0.24000000 orderID=3730622678511591424 tradeID=None
[진입유실 방지 자동보정] SHORT BTC/USDT:USDT exit=2026-07-13 17:06:33 미매칭수량=0.02000000 orderID=3738889605591801856 tradeID=None
[진입유실 방지 자동보정] SHORT BTC/USDT:USDT exit=2026-07-23 01:38:30 미매칭수량=0.02000000 orderID=3766012229442543616 tradeID=None
[진입유실 방지 자동보정] SHORT XRP/USDT:USDT exit=2026-07-10 20:56:05 미매칭수량=1.43000000 orderID=3730654412548546560 tradeID=None
[진입유실 방지 자동보정] LONG XRP/USDT:USDT exit=2026-07-11 02:57:26 미매칭수량=0.14000000 orderID=3731381904544571392 tradeID=None
[진입유실 방지 자동보정] LONG XRP/USDT:USDT exit=2026-07-11 07:35:19 미매칭수량=0.14000000 orderID=3731941344905732096 tradeID=None
[진입유실 방지 자동보정] LONG XRP/USDT:USDT exit=2026-07-13 22:19:43 미매칭수량=0.15000000 orderID=3739520111387811840 tradeID=None
[CATFIX] pnl=0 청산 → 진입 재분류: KAITO/USDT:USDT buy 수량=9.00000000 tradeID=243056081
[진입유실 방지 자동보정] LONG KAITO/USDT:USDT exit=2026-05-23 07:44:17 미매칭수량=101.00000000 orderID=3589903302570221568 tradeID=None
[AUTO_REPAIR] 8404 점검 중 예외: cannot access local variable 'entry' where it is not associated with a value
[진입유실 방지 자동보정] LONG KAITO/USDT:USDT exit=2026-05-23 07:44:17 미매칭수량=101.00000000 orderID=3589903302570221568 tradeID=None
[AUTO_REPAIR] 8405 점검 중 예외: cannot access local variable 'entry' where it is not associated with a value
[진입유실 방지 자동보정] LONG KAITO/USDT:USDT exit=2026-05-23 07:44:17 미매칭수량=101.00000000 orderID=3589903302570221568 tradeID=None
[AUTO_REPAIR] 8407 점검 중 예외: cannot access local variable 'entry' where it is not associated with a value
[진입유실 방지 자동보정] LONG KAITO/USDT:USDT exit=2026-05-23 07:44:17 미매칭수량=101.00000000 orderID=3589903302570221568 tradeID=None
[AUTO_REPAIR] 8408 점검 중 예외: cannot access local variable 'entry' where it is not associated with a value
[진입유실 방지 자동보정] LONG KAITO/USDT:USDT exit=2026-05-23 07:44:17 미매칭수량=101.00000000 orderID=3589903302570221568 tradeID=None
[AUTO_REPAIR] 8409 점검 중 예외: cannot access local variable 'entry' where it is not associated with a value
[DISCORD 1MIN] 08:15:44 ok=True Group 1(5): status=204 | Group 2(3): status=204 collect=8.5s post=0.7s
[DISCORD 1MIN] 08:16:45 ok=True Group 1(5): status=204 | Group 2(3): status=204 collect=8.7s post=0.9s
[DISCORD 1MIN] 08:17:44 ok=True Group 1(5): status=204 | Group 2(3): status=204 collect=8.4s post=0.8s
[DISCORD 1MIN] 08:18:45 ok=True Group 1(5): status=204 | Group 2(3): status=204 collect=8.8s post=1.0s
[DISCORD 1MIN] 08:19:44 ok=True Group 1(5): status=204 | Group 2(3): status=204 collect=8.4s post=0.7s
[진입유실 방지 자동보정] LONG KAITO/USDT:USDT exit=2026-05-23 07:44:17 미매칭수량=101.00000000 orderID=3589903302570221568 tradeID=None
[AUTO_REPAIR] 8401 점검 중 예외: cannot access local variable 'entry' where it is not associated with a value
[진입유실 방지 자동보정] LONG KAITO/USDT:USDT exit=2026-05-23 07:44:17 미매칭수량=101.00000000 orderID=3589903302570221568 tradeID=None
[AUTO_REPAIR] 8402 점검 중 예외: cannot access local variable 'entry' where it is not associated with a value
[진입유실 방지 자동보정] LONG KAITO/USDT:USDT exit=2026-05-23 07:44:17 미매칭수량=101.00000000 orderID=3589903302570221568 tradeID=None
[진입유실 방지 자동보정] LONG KAITO/USDT:USDT exit=2026-05-23 09:16:43 미매칭수량=103.00000000 orderID=3590089470679130112 tradeID=None
[진입유실 방지 자동보정] SHORT KAITO/USDT:USDT exit=2026-07-27 23:37:02 미매칭수량=9.00000000 orderID=3780263207016538112 tradeID=None
[진입유실 방지 자동보정] LONG KAITO/USDT:USDT exit=2026-07-28 00:17:06 미매칭수량=9.00000000 orderID=3780343864489091072 tradeID=None
[진입유실 방지 자동보정] LONG ONDO/USDT:USDT exit=2026-05-31 12:11:56 미매칭수량=13.00000000 orderID=3613635053565976576 tradeID=None
[진입유실 방지 자동보정] SHORT ONDO/USDT:USDT exit=2026-06-04 19:57:55 미매칭수량=18.00000000 orderID=3626169605609955328 tradeID=None
[진입유실 방지 자동보정] SHORT ONDO/USDT:USDT exit=2026-07-24 12:48:41 미매칭수량=4.00000000 orderID=3770260599027736576 tradeID=None
[진입유실 방지 자동보정] SHORT ADA/USDT:USDT exit=2026-06-15 18:07:56 미매칭수량=0.80000000 orderID=3657838324836671488 tradeID=None
[진입유실 방지 자동보정] SHORT ADA/USDT:USDT exit=2026-06-15 19:54:41 미매칭수량=0.80000000 orderID=3658053208425832448 tradeID=None
[진입유실 방지 자동보정] SHORT ADA/USDT:USDT exit=2026-06-15 20:18:33 미매칭수량=0.70000000 orderID=3658101280451272704 tradeID=None
[진입유실 방지 자동보정] SHORT ADA/USDT:USDT exit=2026-06-15 20:19:56 미매칭수량=0.70000000 orderID=3658104046410211328 tradeID=None
[진입유실 방지 자동보정] SHORT ADA/USDT:USDT exit=2026-06-15 20:20:18 미매칭수량=0.70000000 orderID=3658104812894101504 tradeID=None
[진입유실 방지 자동보정] SHORT ADA/USDT:USDT exit=2026-06-15 20:26:32 미매칭수량=0.70000000 orderID=3658117332119789568 tradeID=None
[진입유실 방지 자동보정] SHORT ADA/USDT:USDT exit=2026-06-15 20:44:55 미매칭수량=0.70000000 orderID=3658154361918529536 tradeID=None
[진입유실 방지 자동보정] SHORT ADA/USDT:USDT exit=2026-06-15 21:10:33 미매칭수량=0.70000000 orderID=3658205958837051392 tradeID=None
[진입유실 방지 자동보정] SHORT OKB/USDT:USDT exit=2026-06-21 03:12:28 미매칭수량=22.00000000 orderID=3673430118722904064 tradeID=None
[진입유실 방지 자동보정] SHORT OKB/USDT:USDT exit=2026-06-25 17:43:10 미매칭수량=16.00000000 orderID=3686779476461690880 tradeID=None
[진입유실 방지 자동보정] SHORT OKB/USDT:USDT exit=2026-06-25 20:10:48 미매칭수량=16.00000000 orderID=3687076707525926912 tradeID=None
[진입유실 방지 자동보정] LONG OKB/USDT:USDT exit=2026-06-26 12:38:51 미매칭수량=19.00000000 orderID=3689065905153843200 tradeID=None
[진입유실 방지 자동보정] LONG OKB/USDT:USDT exit=2026-06-26 15:55:46 미매칭수량=10.00000000 orderID=3689462344057036800 tradeID=None
[진입유실 방지 자동보정] LONG OKB/USDT:USDT exit=2026-07-22 11:42:03 미매칭수량=21.00000000 orderID=3764328224573825024 tradeID=None
[진입유실 방지 자동보정] LONG HYPE/USDT:USDT exit=2026-07-02 09:33:02 미매칭수량=1.00000000 orderID=3706086441083936768 tradeID=None
[진입유실 방지 자동보정] SHORT HYPE/USDT:USDT exit=2026-07-02 18:46:50 미매칭수량=1.00000000 orderID=3707201387012235264 tradeID=None
[진입유실 방지 자동보정] SHORT HYPE/USDT:USDT exit=2026-07-09 00:25:17 미매칭수량=24.00000000 orderID=3725277377667997696 tradeID=None
[진입유실 방지 자동보정] LONG HYPE/USDT:USDT exit=2026-07-09 06:18:38 미매칭수량=24.00000000 orderID=3725988764811730944 tradeID=None
[진입유실 방지 자동보정] LONG HYPE/USDT:USDT exit=2026-07-09 08:16:14 미매칭수량=23.00000000 orderID=3726225544848809984 tradeID=None
[진입유실 방지 자동보정] LONG HYPE/USDT:USDT exit=2026-07-13 19:30:19 미매칭수량=2.00000000 orderID=3739179042162810880 tradeID=None
[진입유실 방지 자동보정] LONG HYPE/USDT:USDT exit=2026-07-26 15:19:38 미매칭수량=2.00000000 orderID=3776362689651220480 tradeID=None
[진입유실 방지 자동보정] SHORT BTC/USDT:USDT exit=2026-07-07 21:35:36 미매칭수량=0.03000000 orderID=3722036669318373376 tradeID=None
[진입유실 방지 자동보정] SHORT BTC/USDT:USDT exit=2026-07-08 00:16:47 미매칭수량=0.04000000 orderID=3722361174263799808 tradeID=None
[진입유실 방지 자동보정] LONG BTC/USDT:USDT exit=2026-07-08 18:05:02 미매칭수량=0.03000000 orderID=3724511840214130688 tradeID=None
[진입유실 방지 자동보정] LONG BTC/USDT:USDT exit=2026-07-08 22:25:16 미매칭수량=0.03000000 orderID=3725035749082603520 tradeID=None
[진입유실 방지 자동보정] LONG BTC/USDT:USDT exit=2026-07-10 12:10:09 미매칭수량=0.25000000 orderID=3729595582481899520 tradeID=None
[진입유실 방지 자동보정] SHORT BTC/USDT:USDT exit=2026-07-10 20:40:19 미매칭수량=0.24000000 orderID=3730622678511591424 tradeID=None
[진입유실 방지 자동보정] SHORT BTC/USDT:USDT exit=2026-07-13 17:06:33 미매칭수량=0.02000000 orderID=3738889605591801856 tradeID=None
[진입유실 방지 자동보정] SHORT BTC/USDT:USDT exit=2026-07-23 01:38:30 미매칭수량=0.02000000 orderID=3766012229442543616 tradeID=None
[진입유실 방지 자동보정] SHORT XRP/USDT:USDT exit=2026-07-10 20:56:05 미매칭수량=1.43000000 orderID=3730654412548546560 tradeID=None
[진입유실 방지 자동보정] LONG XRP/USDT:USDT exit=2026-07-11 02:57:26 미매칭수량=0.14000000 orderID=3731381904544571392 tradeID=None
[진입유실 방지 자동보정] LONG XRP/USDT:USDT exit=2026-07-11 07:35:19 미매칭수량=0.14000000 orderID=3731941344905732096 tradeID=None
[진입유실 방지 자동보정] LONG XRP/USDT:USDT exit=2026-07-13 22:19:43 미매칭수량=0.15000000 orderID=3739520111387811840 tradeID=None
[CATFIX] pnl=0 청산 → 진입 재분류: KAITO/USDT:USDT buy 수량=9.00000000 tradeID=243056081
[진입유실 방지 자동보정] LONG KAITO/USDT:USDT exit=2026-05-23 07:44:17 미매칭수량=101.00000000 orderID=3589903302570221568 tradeID=None
[AUTO_REPAIR] 8404 점검 중 예외: cannot access local variable 'entry' where it is not associated with a value
[진입유실 방지 자동보정] LONG KAITO/USDT:USDT exit=2026-05-23 07:44:17 미매칭수량=101.00000000 orderID=3589903302570221568 tradeID=None
[AUTO_REPAIR] 8405 점검 중 예외: cannot access local variable 'entry' where it is not associated with a value
[진입유실 방지 자동보정] LONG KAITO/USDT:USDT exit=2026-05-23 07:44:17 미매칭수량=101.00000000 orderID=3589903302570221568 tradeID=None
[AUTO_REPAIR] 8407 점검 중 예외: cannot access local variable 'entry' where it is not associated with a value
[진입유실 방지 자동보정] LONG KAITO/USDT:USDT exit=2026-05-23 07:44:17 미매칭수량=101.00000000 orderID=3589903302570221568 tradeID=None
[AUTO_REPAIR] 8408 점검 중 예외: cannot access local variable 'entry' where it is not associated with a value
[진입유실 방지 자동보정] LONG KAITO/USDT:USDT exit=2026-05-23 07:44:17 미매칭수량=101.00000000 orderID=3589903302570221568 tradeID=None
[AUTO_REPAIR] 8409 점검 중 예외: cannot access local variable 'entry' where it is not associated with a value
[DISCORD 1MIN] 08:20:45 ok=True Group 1(5): status=204 | Group 2(3): status=204 collect=8.8s post=1.2s
[DISCORD 1MIN] 08:21:44 ok=True Group 1(5): status=204 | Group 2(3): status=204 collect=8.5s post=0.6s
[DISCORD 1MIN] 08:22:44 ok=True Group 1(5): status=204 | Group 2(3): status=204 collect=8.5s post=0.7s
[DISCORD 1MIN] 08:23:44 ok=True Group 1(5): status=204 | Group 2(3): status=204 collect=8.4s post=1.0s
[DISCORD 1MIN] 08:24:44 ok=True Group 1(5): status=204 | Group 2(3): status=204 collect=8.5s post=0.8s
[진입유실 방지 자동보정] LONG KAITO/USDT:USDT exit=2026-05-23 07:44:17 미매칭수량=101.00000000 orderID=3589903302570221568 tradeID=None
[AUTO_REPAIR] 8401 점검 중 예외: cannot access local variable 'entry' where it is not associated with a value
[진입유실 방지 자동보정] LONG KAITO/USDT:USDT exit=2026-05-23 07:44:17 미매칭수량=101.00000000 orderID=3589903302570221568 tradeID=None
[AUTO_REPAIR] 8402 점검 중 예외: cannot access local variable 'entry' where it is not associated with a value
[진입유실 방지 자동보정] LONG KAITO/USDT:USDT exit=2026-05-23 07:44:17 미매칭수량=101.00000000 orderID=3589903302570221568 tradeID=None
[진입유실 방지 자동보정] LONG KAITO/USDT:USDT exit=2026-05-23 09:16:43 미매칭수량=103.00000000 orderID=3590089470679130112 tradeID=None
[진입유실 방지 자동보정] SHORT KAITO/USDT:USDT exit=2026-07-27 23:37:02 미매칭수량=9.00000000 orderID=3780263207016538112 tradeID=None
[진입유실 방지 자동보정] LONG KAITO/USDT:USDT exit=2026-07-28 00:17:06 미매칭수량=9.00000000 orderID=3780343864489091072 tradeID=None
[진입유실 방지 자동보정] LONG ONDO/USDT:USDT exit=2026-05-31 12:11:56 미매칭수량=13.00000000 orderID=3613635053565976576 tradeID=None
[진입유실 방지 자동보정] SHORT ONDO/USDT:USDT exit=2026-06-04 19:57:55 미매칭수량=18.00000000 orderID=3626169605609955328 tradeID=None
[진입유실 방지 자동보정] SHORT ONDO/USDT:USDT exit=2026-07-24 12:48:41 미매칭수량=4.00000000 orderID=3770260599027736576 tradeID=None
[진입유실 방지 자동보정] SHORT ADA/USDT:USDT exit=2026-06-15 18:07:56 미매칭수량=0.80000000 orderID=3657838324836671488 tradeID=None
[진입유실 방지 자동보정] SHORT ADA/USDT:USDT exit=2026-06-15 19:54:41 미매칭수량=0.80000000 orderID=3658053208425832448 tradeID=None
[진입유실 방지 자동보정] SHORT ADA/USDT:USDT exit=2026-06-15 20:18:33 미매칭수량=0.70000000 orderID=3658101280451272704 tradeID=None
[진입유실 방지 자동보정] SHORT ADA/USDT:USDT exit=2026-06-15 20:19:56 미매칭수량=0.70000000 orderID=3658104046410211328 tradeID=None
[진입유실 방지 자동보정] SHORT ADA/USDT:USDT exit=2026-06-15 20:20:18 미매칭수량=0.70000000 orderID=3658104812894101504 tradeID=None
[진입유실 방지 자동보정] SHORT ADA/USDT:USDT exit=2026-06-15 20:26:32 미매칭수량=0.70000000 orderID=3658117332119789568 tradeID=None
[진입유실 방지 자동보정] SHORT ADA/USDT:USDT exit=2026-06-15 20:44:55 미매칭수량=0.70000000 orderID=3658154361918529536 tradeID=None
[진입유실 방지 자동보정] SHORT ADA/USDT:USDT exit=2026-06-15 21:10:33 미매칭수량=0.70000000 orderID=3658205958837051392 tradeID=None
[진입유실 방지 자동보정] SHORT OKB/USDT:USDT exit=2026-06-21 03:12:28 미매칭수량=22.00000000 orderID=3673430118722904064 tradeID=None
[진입유실 방지 자동보정] SHORT OKB/USDT:USDT exit=2026-06-25 17:43:10 미매칭수량=16.00000000 orderID=3686779476461690880 tradeID=None
[진입유실 방지 자동보정] SHORT OKB/USDT:USDT exit=2026-06-25 20:10:48 미매칭수량=16.00000000 orderID=3687076707525926912 tradeID=None
[진입유실 방지 자동보정] LONG OKB/USDT:USDT exit=2026-06-26 12:38:51 미매칭수량=19.00000000 orderID=3689065905153843200 tradeID=None
[진입유실 방지 자동보정] LONG OKB/USDT:USDT exit=2026-06-26 15:55:46 미매칭수량=10.00000000 orderID=3689462344057036800 tradeID=None
[진입유실 방지 자동보정] LONG OKB/USDT:USDT exit=2026-07-22 11:42:03 미매칭수량=21.00000000 orderID=3764328224573825024 tradeID=None
[진입유실 방지 자동보정] LONG HYPE/USDT:USDT exit=2026-07-02 09:33:02 미매칭수량=1.00000000 orderID=3706086441083936768 tradeID=None
[진입유실 방지 자동보정] SHORT HYPE/USDT:USDT exit=2026-07-02 18:46:50 미매칭수량=1.00000000 orderID=3707201387012235264 tradeID=None
[진입유실 방지 자동보정] SHORT HYPE/USDT:USDT exit=2026-07-09 00:25:17 미매칭수량=24.00000000 orderID=3725277377667997696 tradeID=None
[진입유실 방지 자동보정] LONG HYPE/USDT:USDT exit=2026-07-09 06:18:38 미매칭수량=24.00000000 orderID=3725988764811730944 tradeID=None
[진입유실 방지 자동보정] LONG HYPE/USDT:USDT exit=2026-07-09 08:16:14 미매칭수량=23.00000000 orderID=3726225544848809984 tradeID=None
[진입유실 방지 자동보정] LONG HYPE/USDT:USDT exit=2026-07-13 19:30:19 미매칭수량=2.00000000 orderID=3739179042162810880 tradeID=None
[진입유실 방지 자동보정] LONG HYPE/USDT:USDT exit=2026-07-26 15:19:38 미매칭수량=2.00000000 orderID=3776362689651220480 tradeID=None
[진입유실 방지 자동보정] SHORT BTC/USDT:USDT exit=2026-07-07 21:35:36 미매칭수량=0.03000000 orderID=3722036669318373376 tradeID=None
[진입유실 방지 자동보정] SHORT BTC/USDT:USDT exit=2026-07-08 00:16:47 미매칭수량=0.04000000 orderID=3722361174263799808 tradeID=None
[진입유실 방지 자동보정] LONG BTC/USDT:USDT exit=2026-07-08 18:05:02 미매칭수량=0.03000000 orderID=3724511840214130688 tradeID=None
[진입유실 방지 자동보정] LONG BTC/USDT:USDT exit=2026-07-08 22:25:16 미매칭수량=0.03000000 orderID=3725035749082603520 tradeID=None
[진입유실 방지 자동보정] LONG BTC/USDT:USDT exit=2026-07-10 12:10:09 미매칭수량=0.25000000 orderID=3729595582481899520 tradeID=None
[진입유실 방지 자동보정] SHORT BTC/USDT:USDT exit=2026-07-10 20:40:19 미매칭수량=0.24000000 orderID=3730622678511591424 tradeID=None
[진입유실 방지 자동보정] SHORT BTC/USDT:USDT exit=2026-07-13 17:06:33 미매칭수량=0.02000000 orderID=3738889605591801856 tradeID=None
[진입유실 방지 자동보정] SHORT BTC/USDT:USDT exit=2026-07-23 01:38:30 미매칭수량=0.02000000 orderID=3766012229442543616 tradeID=None
[진입유실 방지 자동보정] SHORT XRP/USDT:USDT exit=2026-07-10 20:56:05 미매칭수량=1.43000000 orderID=3730654412548546560 tradeID=None
[진입유실 방지 자동보정] LONG XRP/USDT:USDT exit=2026-07-11 02:57:26 미매칭수량=0.14000000 orderID=3731381904544571392 tradeID=None
[진입유실 방지 자동보정] LONG XRP/USDT:USDT exit=2026-07-11 07:35:19 미매칭수량=0.14000000 orderID=3731941344905732096 tradeID=None
[진입유실 방지 자동보정] LONG XRP/USDT:USDT exit=2026-07-13 22:19:43 미매칭수량=0.15000000 orderID=3739520111387811840 tradeID=None
[CATFIX] pnl=0 청산 → 진입 재분류: KAITO/USDT:USDT buy 수량=9.00000000 tradeID=243056081
[진입유실 방지 자동보정] LONG KAITO/USDT:USDT exit=2026-05-23 07:44:17 미매칭수량=101.00000000 orderID=3589903302570221568 tradeID=None
[AUTO_REPAIR] 8404 점검 중 예외: cannot access local variable 'entry' where it is not associated with a value
[진입유실 방지 자동보정] LONG KAITO/USDT:USDT exit=2026-05-23 07:44:17 미매칭수량=101.00000000 orderID=3589903302570221568 tradeID=None
[AUTO_REPAIR] 8405 점검 중 예외: cannot access local variable 'entry' where it is not associated with a value
[진입유실 방지 자동보정] LONG KAITO/USDT:USDT exit=2026-05-23 07:44:17 미매칭수량=101.00000000 orderID=3589903302570221568 tradeID=None
[AUTO_REPAIR] 8407 점검 중 예외: cannot access local variable 'entry' where it is not associated with a value
[진입유실 방지 자동보정] LONG KAITO/USDT:USDT exit=2026-05-23 07:44:17 미매칭수량=101.00000000 orderID=3589903302570221568 tradeID=None
[AUTO_REPAIR] 8408 점검 중 예외: cannot access local variable 'entry' where it is not associated with a value
[진입유실 방지 자동보정] LONG KAITO/USDT:USDT exit=2026-05-23 07:44:17 미매칭수량=101.00000000 orderID=3589903302570221568 tradeID=None
[AUTO_REPAIR] 8409 점검 중 예외: cannot access local variable 'entry' where it is not associated with a value
[DISCORD 1MIN] 08:25:44 ok=True Group 1(5): status=204 | Group 2(3): status=204 collect=8.7s post=0.7s
[DISCORD 1MIN] 08:26:44 ok=True Group 1(5): status=204 | Group 2(3): status=204 collect=8.4s post=0.7s
[DISCORD 1MIN] 08:27:43 ok=True Group 1(5): status=204 | Group 2(3): status=204 collect=8.9s post=0.8s
[DISCORD 1MIN] 08:28:42 ok=True Group 1(5): status=204 | Group 2(3): status=204 collect=8.5s post=0.7s
[DISCORD 1MIN] 08:29:42 ok=True Group 1(5): status=204 | Group 2(3): status=204 collect=8.7s post=0.6s
[진입유실 방지 자동보정] LONG KAITO/USDT:USDT exit=2026-05-23 07:44:17 미매칭수량=101.00000000 orderID=3589903302570221568 tradeID=None
[AUTO_REPAIR] 8401 점검 중 예외: cannot access local variable 'entry' where it is not associated with a value
[진입유실 방지 자동보정] LONG KAITO/USDT:USDT exit=2026-05-23 07:44:17 미매칭수량=101.00000000 orderID=3589903302570221568 tradeID=None
[AUTO_REPAIR] 8402 점검 중 예외: cannot access local variable 'entry' where it is not associated with a value
[진입유실 방지 자동보정] LONG KAITO/USDT:USDT exit=2026-05-23 07:44:17 미매칭수량=101.00000000 orderID=3589903302570221568 tradeID=None
[진입유실 방지 자동보정] LONG KAITO/USDT:USDT exit=2026-05-23 09:16:43 미매칭수량=103.00000000 orderID=3590089470679130112 tradeID=None
[진입유실 방지 자동보정] SHORT KAITO/USDT:USDT exit=2026-07-27 23:37:02 미매칭수량=9.00000000 orderID=3780263207016538112 tradeID=None
[진입유실 방지 자동보정] LONG KAITO/USDT:USDT exit=2026-07-28 00:17:06 미매칭수량=9.00000000 orderID=3780343864489091072 tradeID=None
[진입유실 방지 자동보정] LONG ONDO/USDT:USDT exit=2026-05-31 12:11:56 미매칭수량=13.00000000 orderID=3613635053565976576 tradeID=None
[진입유실 방지 자동보정] SHORT ONDO/USDT:USDT exit=2026-06-04 19:57:55 미매칭수량=18.00000000 orderID=3626169605609955328 tradeID=None
[진입유실 방지 자동보정] SHORT ONDO/USDT:USDT exit=2026-07-24 12:48:41 미매칭수량=4.00000000 orderID=3770260599027736576 tradeID=None
[진입유실 방지 자동보정] SHORT ADA/USDT:USDT exit=2026-06-15 18:07:56 미매칭수량=0.80000000 orderID=3657838324836671488 tradeID=None
[진입유실 방지 자동보정] SHORT ADA/USDT:USDT exit=2026-06-15 19:54:41 미매칭수량=0.80000000 orderID=3658053208425832448 tradeID=None
[진입유실 방지 자동보정] SHORT ADA/USDT:USDT exit=2026-06-15 20:18:33 미매칭수량=0.70000000 orderID=3658101280451272704 tradeID=None
[진입유실 방지 자동보정] SHORT ADA/USDT:USDT exit=2026-06-15 20:19:56 미매칭수량=0.70000000 orderID=3658104046410211328 tradeID=None
[진입유실 방지 자동보정] SHORT ADA/USDT:USDT exit=2026-06-15 20:20:18 미매칭수량=0.70000000 orderID=3658104812894101504 tradeID=None
[진입유실 방지 자동보정] SHORT ADA/USDT:USDT exit=2026-06-15 20:26:32 미매칭수량=0.70000000 orderID=3658117332119789568 tradeID=None
[진입유실 방지 자동보정] SHORT ADA/USDT:USDT exit=2026-06-15 20:44:55 미매칭수량=0.70000000 orderID=3658154361918529536 tradeID=None
[진입유실 방지 자동보정] SHORT ADA/USDT:USDT exit=2026-06-15 21:10:33 미매칭수량=0.70000000 orderID=3658205958837051392 tradeID=None
[진입유실 방지 자동보정] SHORT OKB/USDT:USDT exit=2026-06-21 03:12:28 미매칭수량=22.00000000 orderID=3673430118722904064 tradeID=None
[진입유실 방지 자동보정] SHORT OKB/USDT:USDT exit=2026-06-25 17:43:10 미매칭수량=16.00000000 orderID=3686779476461690880 tradeID=None
[진입유실 방지 자동보정] SHORT OKB/USDT:USDT exit=2026-06-25 20:10:48 미매칭수량=16.00000000 orderID=3687076707525926912 tradeID=None
[진입유실 방지 자동보정] LONG OKB/USDT:USDT exit=2026-06-26 12:38:51 미매칭수량=19.00000000 orderID=3689065905153843200 tradeID=None
[진입유실 방지 자동보정] LONG OKB/USDT:USDT exit=2026-06-26 15:55:46 미매칭수량=10.00000000 orderID=3689462344057036800 tradeID=None
[진입유실 방지 자동보정] LONG OKB/USDT:USDT exit=2026-07-22 11:42:03 미매칭수량=21.00000000 orderID=3764328224573825024 tradeID=None
[진입유실 방지 자동보정] LONG HYPE/USDT:USDT exit=2026-07-02 09:33:02 미매칭수량=1.00000000 orderID=3706086441083936768 tradeID=None
[진입유실 방지 자동보정] SHORT HYPE/USDT:USDT exit=2026-07-02 18:46:50 미매칭수량=1.00000000 orderID=3707201387012235264 tradeID=None
[진입유실 방지 자동보정] SHORT HYPE/USDT:USDT exit=2026-07-09 00:25:17 미매칭수량=24.00000000 orderID=3725277377667997696 tradeID=None
[진입유실 방지 자동보정] LONG HYPE/USDT:USDT exit=2026-07-09 06:18:38 미매칭수량=24.00000000 orderID=3725988764811730944 tradeID=None
[진입유실 방지 자동보정] LONG HYPE/USDT:USDT exit=2026-07-09 08:16:14 미매칭수량=23.00000000 orderID=3726225544848809984 tradeID=None
[진입유실 방지 자동보정] LONG HYPE/USDT:USDT exit=2026-07-13 19:30:19 미매칭수량=2.00000000 orderID=3739179042162810880 tradeID=None
[진입유실 방지 자동보정] LONG HYPE/USDT:USDT exit=2026-07-26 15:19:38 미매칭수량=2.00000000 orderID=3776362689651220480 tradeID=None
[진입유실 방지 자동보정] SHORT BTC/USDT:USDT exit=2026-07-07 21:35:36 미매칭수량=0.03000000 orderID=3722036669318373376 tradeID=None
[진입유실 방지 자동보정] SHORT BTC/USDT:USDT exit=2026-07-08 00:16:47 미매칭수량=0.04000000 orderID=3722361174263799808 tradeID=None
[진입유실 방지 자동보정] LONG BTC/USDT:USDT exit=2026-07-08 18:05:02 미매칭수량=0.03000000 orderID=3724511840214130688 tradeID=None
[진입유실 방지 자동보정] LONG BTC/USDT:USDT exit=2026-07-08 22:25:16 미매칭수량=0.03000000 orderID=3725035749082603520 tradeID=None
[진입유실 방지 자동보정] LONG BTC/USDT:USDT exit=2026-07-10 12:10:09 미매칭수량=0.25000000 orderID=3729595582481899520 tradeID=None
[진입유실 방지 자동보정] SHORT BTC/USDT:USDT exit=2026-07-10 20:40:19 미매칭수량=0.24000000 orderID=3730622678511591424 tradeID=None
[진입유실 방지 자동보정] SHORT BTC/USDT:USDT exit=2026-07-13 17:06:33 미매칭수량=0.02000000 orderID=3738889605591801856 tradeID=None
[진입유실 방지 자동보정] SHORT BTC/USDT:USDT exit=2026-07-23 01:38:30 미매칭수량=0.02000000 orderID=3766012229442543616 tradeID=None
[진입유실 방지 자동보정] SHORT XRP/USDT:USDT exit=2026-07-10 20:56:05 미매칭수량=1.43000000 orderID=3730654412548546560 tradeID=None
[진입유실 방지 자동보정] LONG XRP/USDT:USDT exit=2026-07-11 02:57:26 미매칭수량=0.14000000 orderID=3731381904544571392 tradeID=None
[진입유실 방지 자동보정] LONG XRP/USDT:USDT exit=2026-07-11 07:35:19 미매칭수량=0.14000000 orderID=3731941344905732096 tradeID=None
[진입유실 방지 자동보정] LONG XRP/USDT:USDT exit=2026-07-13 22:19:43 미매칭수량=0.15000000 orderID=3739520111387811840 tradeID=None
[CATFIX] pnl=0 청산 → 진입 재분류: KAITO/USDT:USDT buy 수량=9.00000000 tradeID=243056081
[진입유실 방지 자동보정] LONG KAITO/USDT:USDT exit=2026-05-23 07:44:17 미매칭수량=101.00000000 orderID=3589903302570221568 tradeID=None
[AUTO_REPAIR] 8404 점검 중 예외: cannot access local variable 'entry' where it is not associated with a value
[진입유실 방지 자동보정] LONG KAITO/USDT:USDT exit=2026-05-23 07:44:17 미매칭수량=101.00000000 orderID=3589903302570221568 tradeID=None
[AUTO_REPAIR] 8405 점검 중 예외: cannot access local variable 'entry' where it is not associated with a value
[진입유실 방지 자동보정] LONG KAITO/USDT:USDT exit=2026-05-23 07:44:17 미매칭수량=101.00000000 orderID=3589903302570221568 tradeID=None
[AUTO_REPAIR] 8407 점검 중 예외: cannot access local variable 'entry' where it is not associated with a value
[진입유실 방지 자동보정] LONG KAITO/USDT:USDT exit=2026-05-23 07:44:17 미매칭수량=101.00000000 orderID=3589903302570221568 tradeID=None
[AUTO_REPAIR] 8408 점검 중 예외: cannot access local variable 'entry' where it is not associated with a value
[진입유실 방지 자동보정] LONG KAITO/USDT:USDT exit=2026-05-23 07:44:17 미매칭수량=101.00000000 orderID=3589903302570221568 tradeID=None
[AUTO_REPAIR] 8409 점검 중 예외: cannot access local variable 'entry' where it is not associated with a value
[DISCORD 1MIN] 08:30:42 ok=True Group 1(5): status=204 | Group 2(3): status=204 collect=8.5s post=0.7s
[DISCORD 1MIN] 08:31:42 ok=True Group 1(5): status=204 | Group 2(3): status=204 collect=8.5s post=0.7s
[DISCORD 1MIN] 08:32:42 ok=True Group 1(5): status=204 | Group 2(3): status=204 collect=8.4s post=0.6s
[DISCORD 1MIN] 08:33:42 ok=True Group 1(5): status=204 | Group 2(3): status=204 collect=8.5s post=0.6s
[DISCORD 1MIN] 08:34:42 ok=True Group 1(5): status=204 | Group 2(3): status=204 collect=8.6s post=0.7s
[진입유실 방지 자동보정] LONG KAITO/USDT:USDT exit=2026-05-23 07:44:17 미매칭수량=101.00000000 orderID=3589903302570221568 tradeID=None
[AUTO_REPAIR] 8401 점검 중 예외: cannot access local variable 'entry' where it is not associated with a value
[진입유실 방지 자동보정] LONG KAITO/USDT:USDT exit=2026-05-23 07:44:17 미매칭수량=101.00000000 orderID=3589903302570221568 tradeID=None
[AUTO_REPAIR] 8402 점검 중 예외: cannot access local variable 'entry' where it is not associated with a value
[진입유실 방지 자동보정] LONG KAITO/USDT:USDT exit=2026-05-23 07:44:17 미매칭수량=101.00000000 orderID=3589903302570221568 tradeID=None
[진입유실 방지 자동보정] LONG KAITO/USDT:USDT exit=2026-05-23 09:16:43 미매칭수량=103.00000000 orderID=3590089470679130112 tradeID=None
[진입유실 방지 자동보정] SHORT KAITO/USDT:USDT exit=2026-07-27 23:37:02 미매칭수량=9.00000000 orderID=3780263207016538112 tradeID=None
[진입유실 방지 자동보정] LONG KAITO/USDT:USDT exit=2026-07-28 00:17:06 미매칭수량=9.00000000 orderID=3780343864489091072 tradeID=None
[진입유실 방지 자동보정] LONG ONDO/USDT:USDT exit=2026-05-31 12:11:56 미매칭수량=13.00000000 orderID=3613635053565976576 tradeID=None
[진입유실 방지 자동보정] SHORT ONDO/USDT:USDT exit=2026-06-04 19:57:55 미매칭수량=18.00000000 orderID=3626169605609955328 tradeID=None
[진입유실 방지 자동보정] SHORT ONDO/USDT:USDT exit=2026-07-24 12:48:41 미매칭수량=4.00000000 orderID=3770260599027736576 tradeID=None
[진입유실 방지 자동보정] SHORT ADA/USDT:USDT exit=2026-06-15 18:07:56 미매칭수량=0.80000000 orderID=3657838324836671488 tradeID=None
[진입유실 방지 자동보정] SHORT ADA/USDT:USDT exit=2026-06-15 19:54:41 미매칭수량=0.80000000 orderID=3658053208425832448 tradeID=None
[진입유실 방지 자동보정] SHORT ADA/USDT:USDT exit=2026-06-15 20:18:33 미매칭수량=0.70000000 orderID=3658101280451272704 tradeID=None
[진입유실 방지 자동보정] SHORT ADA/USDT:USDT exit=2026-06-15 20:19:56 미매칭수량=0.70000000 orderID=3658104046410211328 tradeID=None
[진입유실 방지 자동보정] SHORT ADA/USDT:USDT exit=2026-06-15 20:20:18 미매칭수량=0.70000000 orderID=3658104812894101504 tradeID=None
[진입유실 방지 자동보정] SHORT ADA/USDT:USDT exit=2026-06-15 20:26:32 미매칭수량=0.70000000 orderID=3658117332119789568 tradeID=None
[진입유실 방지 자동보정] SHORT ADA/USDT:USDT exit=2026-06-15 20:44:55 미매칭수량=0.70000000 orderID=3658154361918529536 tradeID=None
[진입유실 방지 자동보정] SHORT ADA/USDT:USDT exit=2026-06-15 21:10:33 미매칭수량=0.70000000 orderID=3658205958837051392 tradeID=None
[진입유실 방지 자동보정] SHORT OKB/USDT:USDT exit=2026-06-21 03:12:28 미매칭수량=22.00000000 orderID=3673430118722904064 tradeID=None
[진입유실 방지 자동보정] SHORT OKB/USDT:USDT exit=2026-06-25 17:43:10 미매칭수량=16.00000000 orderID=3686779476461690880 tradeID=None
[진입유실 방지 자동보정] SHORT OKB/USDT:USDT exit=2026-06-25 20:10:48 미매칭수량=16.00000000 orderID=3687076707525926912 tradeID=None
[진입유실 방지 자동보정] LONG OKB/USDT:USDT exit=2026-06-26 12:38:51 미매칭수량=19.00000000 orderID=3689065905153843200 tradeID=None
[진입유실 방지 자동보정] LONG OKB/USDT:USDT exit=2026-06-26 15:55:46 미매칭수량=10.00000000 orderID=3689462344057036800 tradeID=None
[진입유실 방지 자동보정] LONG OKB/USDT:USDT exit=2026-07-22 11:42:03 미매칭수량=21.00000000 orderID=3764328224573825024 tradeID=None
[진입유실 방지 자동보정] LONG HYPE/USDT:USDT exit=2026-07-02 09:33:02 미매칭수량=1.00000000 orderID=3706086441083936768 tradeID=None
[진입유실 방지 자동보정] SHORT HYPE/USDT:USDT exit=2026-07-02 18:46:50 미매칭수량=1.00000000 orderID=3707201387012235264 tradeID=None
[진입유실 방지 자동보정] SHORT HYPE/USDT:USDT exit=2026-07-09 00:25:17 미매칭수량=24.00000000 orderID=3725277377667997696 tradeID=None
[진입유실 방지 자동보정] LONG HYPE/USDT:USDT exit=2026-07-09 06:18:38 미매칭수량=24.00000000 orderID=3725988764811730944 tradeID=None
[진입유실 방지 자동보정] LONG HYPE/USDT:USDT exit=2026-07-09 08:16:14 미매칭수량=23.00000000 orderID=3726225544848809984 tradeID=None
[진입유실 방지 자동보정] LONG HYPE/USDT:USDT exit=2026-07-13 19:30:19 미매칭수량=2.00000000 orderID=3739179042162810880 tradeID=None
[진입유실 방지 자동보정] LONG HYPE/USDT:USDT exit=2026-07-26 15:19:38 미매칭수량=2.00000000 orderID=3776362689651220480 tradeID=None
[진입유실 방지 자동보정] SHORT BTC/USDT:USDT exit=2026-07-07 21:35:36 미매칭수량=0.03000000 orderID=3722036669318373376 tradeID=None
[진입유실 방지 자동보정] SHORT BTC/USDT:USDT exit=2026-07-08 00:16:47 미매칭수량=0.04000000 orderID=3722361174263799808 tradeID=None
[진입유실 방지 자동보정] LONG BTC/USDT:USDT exit=2026-07-08 18:05:02 미매칭수량=0.03000000 orderID=3724511840214130688 tradeID=None
[진입유실 방지 자동보정] LONG BTC/USDT:USDT exit=2026-07-08 22:25:16 미매칭수량=0.03000000 orderID=3725035749082603520 tradeID=None
[진입유실 방지 자동보정] LONG BTC/USDT:USDT exit=2026-07-10 12:10:09 미매칭수량=0.25000000 orderID=3729595582481899520 tradeID=None
[진입유실 방지 자동보정] SHORT BTC/USDT:USDT exit=2026-07-10 20:40:19 미매칭수량=0.24000000 orderID=3730622678511591424 tradeID=None
[진입유실 방지 자동보정] SHORT BTC/USDT:USDT exit=2026-07-13 17:06:33 미매칭수량=0.02000000 orderID=3738889605591801856 tradeID=None
[진입유실 방지 자동보정] SHORT BTC/USDT:USDT exit=2026-07-23 01:38:30 미매칭수량=0.02000000 orderID=3766012229442543616 tradeID=None
[진입유실 방지 자동보정] SHORT XRP/USDT:USDT exit=2026-07-10 20:56:05 미매칭수량=1.43000000 orderID=3730654412548546560 tradeID=None
[진입유실 방지 자동보정] LONG XRP/USDT:USDT exit=2026-07-11 02:57:26 미매칭수량=0.14000000 orderID=3731381904544571392 tradeID=None
[진입유실 방지 자동보정] LONG XRP/USDT:USDT exit=2026-07-11 07:35:19 미매칭수량=0.14000000 orderID=3731941344905732096 tradeID=None
[진입유실 방지 자동보정] LONG XRP/USDT:USDT exit=2026-07-13 22:19:43 미매칭수량=0.15000000 orderID=3739520111387811840 tradeID=None
[CATFIX] pnl=0 청산 → 진입 재분류: KAITO/USDT:USDT buy 수량=9.00000000 tradeID=243056081
[진입유실 방지 자동보정] LONG KAITO/USDT:USDT exit=2026-05-23 07:44:17 미매칭수량=101.00000000 orderID=3589903302570221568 tradeID=None
[AUTO_REPAIR] 8404 점검 중 예외: cannot access local variable 'entry' where it is not associated with a value
[진입유실 방지 자동보정] LONG KAITO/USDT:USDT exit=2026-05-23 07:44:17 미매칭수량=101.00000000 orderID=3589903302570221568 tradeID=None
[AUTO_REPAIR] 8405 점검 중 예외: cannot access local variable 'entry' where it is not associated with a value
[진입유실 방지 자동보정] LONG KAITO/USDT:USDT exit=2026-05-23 07:44:17 미매칭수량=101.00000000 orderID=3589903302570221568 tradeID=None
[AUTO_REPAIR] 8407 점검 중 예외: cannot access local variable 'entry' where it is not associated with a value
[진입유실 방지 자동보정] LONG KAITO/USDT:USDT exit=2026-05-23 07:44:17 미매칭수량=101.00000000 orderID=3589903302570221568 tradeID=None
[AUTO_REPAIR] 8408 점검 중 예외: cannot access local variable 'entry' where it is not associated with a value
[진입유실 방지 자동보정] LONG KAITO/USDT:USDT exit=2026-05-23 07:44:17 미매칭수량=101.00000000 orderID=3589903302570221568 tradeID=None
[AUTO_REPAIR] 8409 점검 중 예외: cannot access local variable 'entry' where it is not associated with a value
[DISCORD 1MIN] 08:35:42 ok=True Group 1(5): status=204 | Group 2(3): status=204 collect=8.5s post=0.8s
[DISCORD 1MIN] 08:36:43 ok=True Group 1(5): status=204 | Group 2(3): status=204 collect=8.9s post=0.7s
[DISCORD 1MIN] 08:37:42 ok=True Group 1(5): status=204 | Group 2(3): status=204 collect=8.6s post=0.7s
[DISCORD 1MIN] 08:38:42 ok=True Group 1(5): status=204 | Group 2(3): status=204 collect=8.7s post=0.6s
[DISCORD 1MIN] 08:39:42 ok=True Group 1(5): status=204 | Group 2(3): status=204 collect=8.4s post=0.6s
[진입유실 방지 자동보정] LONG KAITO/USDT:USDT exit=2026-05-23 07:44:17 미매칭수량=101.00000000 orderID=3589903302570221568 tradeID=None
[AUTO_REPAIR] 8401 점검 중 예외: cannot access local variable 'entry' where it is not associated with a value
[진입유실 방지 자동보정] LONG KAITO/USDT:USDT exit=2026-05-23 07:44:17 미매칭수량=101.00000000 orderID=3589903302570221568 tradeID=None
[AUTO_REPAIR] 8402 점검 중 예외: cannot access local variable 'entry' where it is not associated with a value
[진입유실 방지 자동보정] LONG KAITO/USDT:USDT exit=2026-05-23 07:44:17 미매칭수량=101.00000000 orderID=3589903302570221568 tradeID=None
[진입유실 방지 자동보정] LONG KAITO/USDT:USDT exit=2026-05-23 09:16:43 미매칭수량=103.00000000 orderID=3590089470679130112 tradeID=None
[진입유실 방지 자동보정] SHORT KAITO/USDT:USDT exit=2026-07-27 23:37:02 미매칭수량=9.00000000 orderID=3780263207016538112 tradeID=None
[진입유실 방지 자동보정] LONG KAITO/USDT:USDT exit=2026-07-28 00:17:06 미매칭수량=9.00000000 orderID=3780343864489091072 tradeID=None
[진입유실 방지 자동보정] LONG ONDO/USDT:USDT exit=2026-05-31 12:11:56 미매칭수량=13.00000000 orderID=3613635053565976576 tradeID=None
[진입유실 방지 자동보정] SHORT ONDO/USDT:USDT exit=2026-06-04 19:57:55 미매칭수량=18.00000000 orderID=3626169605609955328 tradeID=None
[진입유실 방지 자동보정] SHORT ONDO/USDT:USDT exit=2026-07-24 12:48:41 미매칭수량=4.00000000 orderID=3770260599027736576 tradeID=None
[진입유실 방지 자동보정] SHORT ADA/USDT:USDT exit=2026-06-15 18:07:56 미매칭수량=0.80000000 orderID=3657838324836671488 tradeID=None
[진입유실 방지 자동보정] SHORT ADA/USDT:USDT exit=2026-06-15 19:54:41 미매칭수량=0.80000000 orderID=3658053208425832448 tradeID=None
[진입유실 방지 자동보정] SHORT ADA/USDT:USDT exit=2026-06-15 20:18:33 미매칭수량=0.70000000 orderID=3658101280451272704 tradeID=None
[진입유실 방지 자동보정] SHORT ADA/USDT:USDT exit=2026-06-15 20:19:56 미매칭수량=0.70000000 orderID=3658104046410211328 tradeID=None
[진입유실 방지 자동보정] SHORT ADA/USDT:USDT exit=2026-06-15 20:20:18 미매칭수량=0.70000000 orderID=3658104812894101504 tradeID=None
[진입유실 방지 자동보정] SHORT ADA/USDT:USDT exit=2026-06-15 20:26:32 미매칭수량=0.70000000 orderID=3658117332119789568 tradeID=None
[진입유실 방지 자동보정] SHORT ADA/USDT:USDT exit=2026-06-15 20:44:55 미매칭수량=0.70000000 orderID=3658154361918529536 tradeID=None
[진입유실 방지 자동보정] SHORT ADA/USDT:USDT exit=2026-06-15 21:10:33 미매칭수량=0.70000000 orderID=3658205958837051392 tradeID=None
[진입유실 방지 자동보정] SHORT OKB/USDT:USDT exit=2026-06-21 03:12:28 미매칭수량=22.00000000 orderID=3673430118722904064 tradeID=None
[진입유실 방지 자동보정] SHORT OKB/USDT:USDT exit=2026-06-25 17:43:10 미매칭수량=16.00000000 orderID=3686779476461690880 tradeID=None
[진입유실 방지 자동보정] SHORT OKB/USDT:USDT exit=2026-06-25 20:10:48 미매칭수량=16.00000000 orderID=3687076707525926912 tradeID=None
[진입유실 방지 자동보정] LONG OKB/USDT:USDT exit=2026-06-26 12:38:51 미매칭수량=19.00000000 orderID=3689065905153843200 tradeID=None
[진입유실 방지 자동보정] LONG OKB/USDT:USDT exit=2026-06-26 15:55:46 미매칭수량=10.00000000 orderID=3689462344057036800 tradeID=None
[진입유실 방지 자동보정] LONG OKB/USDT:USDT exit=2026-07-22 11:42:03 미매칭수량=21.00000000 orderID=3764328224573825024 tradeID=None
[진입유실 방지 자동보정] LONG HYPE/USDT:USDT exit=2026-07-02 09:33:02 미매칭수량=1.00000000 orderID=3706086441083936768 tradeID=None
[진입유실 방지 자동보정] SHORT HYPE/USDT:USDT exit=2026-07-02 18:46:50 미매칭수량=1.00000000 orderID=3707201387012235264 tradeID=None
[진입유실 방지 자동보정] SHORT HYPE/USDT:USDT exit=2026-07-09 00:25:17 미매칭수량=24.00000000 orderID=3725277377667997696 tradeID=None
[진입유실 방지 자동보정] LONG HYPE/USDT:USDT exit=2026-07-09 06:18:38 미매칭수량=24.00000000 orderID=3725988764811730944 tradeID=None
[진입유실 방지 자동보정] LONG HYPE/USDT:USDT exit=2026-07-09 08:16:14 미매칭수량=23.00000000 orderID=3726225544848809984 tradeID=None
[진입유실 방지 자동보정] LONG HYPE/USDT:USDT exit=2026-07-13 19:30:19 미매칭수량=2.00000000 orderID=3739179042162810880 tradeID=None
[진입유실 방지 자동보정] LONG HYPE/USDT:USDT exit=2026-07-26 15:19:38 미매칭수량=2.00000000 orderID=3776362689651220480 tradeID=None
[진입유실 방지 자동보정] SHORT BTC/USDT:USDT exit=2026-07-07 21:35:36 미매칭수량=0.03000000 orderID=3722036669318373376 tradeID=None
[진입유실 방지 자동보정] SHORT BTC/USDT:USDT exit=2026-07-08 00:16:47 미매칭수량=0.04000000 orderID=3722361174263799808 tradeID=None
[진입유실 방지 자동보정] LONG BTC/USDT:USDT exit=2026-07-08 18:05:02 미매칭수량=0.03000000 orderID=3724511840214130688 tradeID=None
[진입유실 방지 자동보정] LONG BTC/USDT:USDT exit=2026-07-08 22:25:16 미매칭수량=0.03000000 orderID=3725035749082603520 tradeID=None
[진입유실 방지 자동보정] LONG BTC/USDT:USDT exit=2026-07-10 12:10:09 미매칭수량=0.25000000 orderID=3729595582481899520 tradeID=None
[진입유실 방지 자동보정] SHORT BTC/USDT:USDT exit=2026-07-10 20:40:19 미매칭수량=0.24000000 orderID=3730622678511591424 tradeID=None
[진입유실 방지 자동보정] SHORT BTC/USDT:USDT exit=2026-07-13 17:06:33 미매칭수량=0.02000000 orderID=3738889605591801856 tradeID=None
[진입유실 방지 자동보정] SHORT BTC/USDT:USDT exit=2026-07-23 01:38:30 미매칭수량=0.02000000 orderID=3766012229442543616 tradeID=None
[진입유실 방지 자동보정] SHORT XRP/USDT:USDT exit=2026-07-10 20:56:05 미매칭수량=1.43000000 orderID=3730654412548546560 tradeID=None
[진입유실 방지 자동보정] LONG XRP/USDT:USDT exit=2026-07-11 02:57:26 미매칭수량=0.14000000 orderID=3731381904544571392 tradeID=None
[진입유실 방지 자동보정] LONG XRP/USDT:USDT exit=2026-07-11 07:35:19 미매칭수량=0.14000000 orderID=3731941344905732096 tradeID=None
[진입유실 방지 자동보정] LONG XRP/USDT:USDT exit=2026-07-13 22:19:43 미매칭수량=0.15000000 orderID=3739520111387811840 tradeID=None
[CATFIX] pnl=0 청산 → 진입 재분류: KAITO/USDT:USDT buy 수량=9.00000000 tradeID=243056081
[진입유실 방지 자동보정] LONG KAITO/USDT:USDT exit=2026-05-23 07:44:17 미매칭수량=101.00000000 orderID=3589903302570221568 tradeID=None
[AUTO_REPAIR] 8404 점검 중 예외: cannot access local variable 'entry' where it is not associated with a value
[진입유실 방지 자동보정] LONG KAITO/USDT:USDT exit=2026-05-23 07:44:17 미매칭수량=101.00000000 orderID=3589903302570221568 tradeID=None
[AUTO_REPAIR] 8405 점검 중 예외: cannot access local variable 'entry' where it is not associated with a value
[진입유실 방지 자동보정] LONG KAITO/USDT:USDT exit=2026-05-23 07:44:17 미매칭수량=101.00000000 orderID=3589903302570221568 tradeID=None
[AUTO_REPAIR] 8407 점검 중 예외: cannot access local variable 'entry' where it is not associated with a value
[진입유실 방지 자동보정] LONG KAITO/USDT:USDT exit=2026-05-23 07:44:17 미매칭수량=101.00000000 orderID=3589903302570221568 tradeID=None
[AUTO_REPAIR] 8408 점검 중 예외: cannot access local variable 'entry' where it is not associated with a value
[진입유실 방지 자동보정] LONG KAITO/USDT:USDT exit=2026-05-23 07:44:17 미매칭수량=101.00000000 orderID=3589903302570221568 tradeID=None
[AUTO_REPAIR] 8409 점검 중 예외: cannot access local variable 'entry' where it is not associated with a value
[DISCORD 1MIN] 08:40:42 ok=True Group 1(5): status=204 | Group 2(3): status=204 collect=8.6s post=0.7s
[DISCORD 1MIN] 08:41:42 ok=True Group 1(5): status=204 | Group 2(3): status=204 collect=8.5s post=0.6s
[DISCORD 1MIN] 08:42:42 ok=True Group 1(5): status=204 | Group 2(3): status=204 collect=8.5s post=0.6s
[DISCORD 1MIN] 08:43:43 ok=True Group 1(5): status=204 | Group 2(3): status=204 collect=8.6s post=0.8s
[DISCORD 1MIN] 08:44:42 ok=True Group 1(5): status=204 | Group 2(3): status=204 collect=8.4s post=0.6s
[진입유실 방지 자동보정] LONG KAITO/USDT:USDT exit=2026-05-23 07:44:17 미매칭수량=101.00000000 orderID=3589903302570221568 tradeID=None
[AUTO_REPAIR] 8401 점검 중 예외: cannot access local variable 'entry' where it is not associated with a value
[진입유실 방지 자동보정] LONG KAITO/USDT:USDT exit=2026-05-23 07:44:17 미매칭수량=101.00000000 orderID=3589903302570221568 tradeID=None
[AUTO_REPAIR] 8402 점검 중 예외: cannot access local variable 'entry' where it is not associated with a value
[진입유실 방지 자동보정] LONG KAITO/USDT:USDT exit=2026-05-23 07:44:17 미매칭수량=101.00000000 orderID=3589903302570221568 tradeID=None
[진입유실 방지 자동보정] LONG KAITO/USDT:USDT exit=2026-05-23 09:16:43 미매칭수량=103.00000000 orderID=3590089470679130112 tradeID=None
[진입유실 방지 자동보정] SHORT KAITO/USDT:USDT exit=2026-07-27 23:37:02 미매칭수량=9.00000000 orderID=3780263207016538112 tradeID=None
[진입유실 방지 자동보정] LONG KAITO/USDT:USDT exit=2026-07-28 00:17:06 미매칭수량=9.00000000 orderID=3780343864489091072 tradeID=None
[진입유실 방지 자동보정] LONG ONDO/USDT:USDT exit=2026-05-31 12:11:56 미매칭수량=13.00000000 orderID=3613635053565976576 tradeID=None
[진입유실 방지 자동보정] SHORT ONDO/USDT:USDT exit=2026-06-04 19:57:55 미매칭수량=18.00000000 orderID=3626169605609955328 tradeID=None
[진입유실 방지 자동보정] SHORT ONDO/USDT:USDT exit=2026-07-24 12:48:41 미매칭수량=4.00000000 orderID=3770260599027736576 tradeID=None
[진입유실 방지 자동보정] SHORT ADA/USDT:USDT exit=2026-06-15 18:07:56 미매칭수량=0.80000000 orderID=3657838324836671488 tradeID=None
[진입유실 방지 자동보정] SHORT ADA/USDT:USDT exit=2026-06-15 19:54:41 미매칭수량=0.80000000 orderID=3658053208425832448 tradeID=None
[진입유실 방지 자동보정] SHORT ADA/USDT:USDT exit=2026-06-15 20:18:33 미매칭수량=0.70000000 orderID=3658101280451272704 tradeID=None
[진입유실 방지 자동보정] SHORT ADA/USDT:USDT exit=2026-06-15 20:19:56 미매칭수량=0.70000000 orderID=3658104046410211328 tradeID=None
[진입유실 방지 자동보정] SHORT ADA/USDT:USDT exit=2026-06-15 20:20:18 미매칭수량=0.70000000 orderID=3658104812894101504 tradeID=None
[진입유실 방지 자동보정] SHORT ADA/USDT:USDT exit=2026-06-15 20:26:32 미매칭수량=0.70000000 orderID=3658117332119789568 tradeID=None
[진입유실 방지 자동보정] SHORT ADA/USDT:USDT exit=2026-06-15 20:44:55 미매칭수량=0.70000000 orderID=3658154361918529536 tradeID=None
[진입유실 방지 자동보정] SHORT ADA/USDT:USDT exit=2026-06-15 21:10:33 미매칭수량=0.70000000 orderID=3658205958837051392 tradeID=None
[진입유실 방지 자동보정] SHORT OKB/USDT:USDT exit=2026-06-21 03:12:28 미매칭수량=22.00000000 orderID=3673430118722904064 tradeID=None
[진입유실 방지 자동보정] SHORT OKB/USDT:USDT exit=2026-06-25 17:43:10 미매칭수량=16.00000000 orderID=3686779476461690880 tradeID=None
[진입유실 방지 자동보정] SHORT OKB/USDT:USDT exit=2026-06-25 20:10:48 미매칭수량=16.00000000 orderID=3687076707525926912 tradeID=None
[진입유실 방지 자동보정] LONG OKB/USDT:USDT exit=2026-06-26 12:38:51 미매칭수량=19.00000000 orderID=3689065905153843200 tradeID=None
[진입유실 방지 자동보정] LONG OKB/USDT:USDT exit=2026-06-26 15:55:46 미매칭수량=10.00000000 orderID=3689462344057036800 tradeID=None
[진입유실 방지 자동보정] LONG OKB/USDT:USDT exit=2026-07-22 11:42:03 미매칭수량=21.00000000 orderID=3764328224573825024 tradeID=None
[진입유실 방지 자동보정] LONG HYPE/USDT:USDT exit=2026-07-02 09:33:02 미매칭수량=1.00000000 orderID=3706086441083936768 tradeID=None
[진입유실 방지 자동보정] SHORT HYPE/USDT:USDT exit=2026-07-02 18:46:50 미매칭수량=1.00000000 orderID=3707201387012235264 tradeID=None
[진입유실 방지 자동보정] SHORT HYPE/USDT:USDT exit=2026-07-09 00:25:17 미매칭수량=24.00000000 orderID=3725277377667997696 tradeID=None
[진입유실 방지 자동보정] LONG HYPE/USDT:USDT exit=2026-07-09 06:18:38 미매칭수량=24.00000000 orderID=3725988764811730944 tradeID=None
[진입유실 방지 자동보정] LONG HYPE/USDT:USDT exit=2026-07-09 08:16:14 미매칭수량=23.00000000 orderID=3726225544848809984 tradeID=None
[진입유실 방지 자동보정] LONG HYPE/USDT:USDT exit=2026-07-13 19:30:19 미매칭수량=2.00000000 orderID=3739179042162810880 tradeID=None
[진입유실 방지 자동보정] LONG HYPE/USDT:USDT exit=2026-07-26 15:19:38 미매칭수량=2.00000000 orderID=3776362689651220480 tradeID=None
[진입유실 방지 자동보정] SHORT BTC/USDT:USDT exit=2026-07-07 21:35:36 미매칭수량=0.03000000 orderID=3722036669318373376 tradeID=None
[진입유실 방지 자동보정] SHORT BTC/USDT:USDT exit=2026-07-08 00:16:47 미매칭수량=0.04000000 orderID=3722361174263799808 tradeID=None
[진입유실 방지 자동보정] LONG BTC/USDT:USDT exit=2026-07-08 18:05:02 미매칭수량=0.03000000 orderID=3724511840214130688 tradeID=None
[진입유실 방지 자동보정] LONG BTC/USDT:USDT exit=2026-07-08 22:25:16 미매칭수량=0.03000000 orderID=3725035749082603520 tradeID=None
[진입유실 방지 자동보정] LONG BTC/USDT:USDT exit=2026-07-10 12:10:09 미매칭수량=0.25000000 orderID=3729595582481899520 tradeID=None
[진입유실 방지 자동보정] SHORT BTC/USDT:USDT exit=2026-07-10 20:40:19 미매칭수량=0.24000000 orderID=3730622678511591424 tradeID=None
[진입유실 방지 자동보정] SHORT BTC/USDT:USDT exit=2026-07-13 17:06:33 미매칭수량=0.02000000 orderID=3738889605591801856 tradeID=None
[진입유실 방지 자동보정] SHORT BTC/USDT:USDT exit=2026-07-23 01:38:30 미매칭수량=0.02000000 orderID=3766012229442543616 tradeID=None
[진입유실 방지 자동보정] SHORT XRP/USDT:USDT exit=2026-07-10 20:56:05 미매칭수량=1.43000000 orderID=3730654412548546560 tradeID=None
[진입유실 방지 자동보정] LONG XRP/USDT:USDT exit=2026-07-11 02:57:26 미매칭수량=0.14000000 orderID=3731381904544571392 tradeID=None
[진입유실 방지 자동보정] LONG XRP/USDT:USDT exit=2026-07-11 07:35:19 미매칭수량=0.14000000 orderID=3731941344905732096 tradeID=None
[진입유실 방지 자동보정] LONG XRP/USDT:USDT exit=2026-07-13 22:19:43 미매칭수량=0.15000000 orderID=3739520111387811840 tradeID=None
[CATFIX] pnl=0 청산 → 진입 재분류: KAITO/USDT:USDT buy 수량=9.00000000 tradeID=243056081
[진입유실 방지 자동보정] LONG KAITO/USDT:USDT exit=2026-05-23 07:44:17 미매칭수량=101.00000000 orderID=3589903302570221568 tradeID=None
[AUTO_REPAIR] 8404 점검 중 예외: cannot access local variable 'entry' where it is not associated with a value
[진입유실 방지 자동보정] LONG KAITO/USDT:USDT exit=2026-05-23 07:44:17 미매칭수량=101.00000000 orderID=3589903302570221568 tradeID=None
[AUTO_REPAIR] 8405 점검 중 예외: cannot access local variable 'entry' where it is not associated with a value
[진입유실 방지 자동보정] LONG KAITO/USDT:USDT exit=2026-05-23 07:44:17 미매칭수량=101.00000000 orderID=3589903302570221568 tradeID=None
[AUTO_REPAIR] 8407 점검 중 예외: cannot access local variable 'entry' where it is not associated with a value
[진입유실 방지 자동보정] LONG KAITO/USDT:USDT exit=2026-05-23 07:44:17 미매칭수량=101.00000000 orderID=3589903302570221568 tradeID=None
[AUTO_REPAIR] 8408 점검 중 예외: cannot access local variable 'entry' where it is not associated with a value
[진입유실 방지 자동보정] LONG KAITO/USDT:USDT exit=2026-05-23 07:44:17 미매칭수량=101.00000000 orderID=3589903302570221568 tradeID=None
[AUTO_REPAIR] 8409 점검 중 예외: cannot access local variable 'entry' where it is not associated with a value
[DISCORD 1MIN] 08:45:43 ok=True Group 1(5): status=204 | Group 2(3): status=204 collect=9.0s post=0.9s
[DISCORD 1MIN] 08:46:42 ok=True Group 1(5): status=204 | Group 2(3): status=204 collect=8.4s post=0.6s
[DISCORD 1MIN] 08:47:42 ok=True Group 1(5): status=204 | Group 2(3): status=204 collect=8.7s post=0.6s
[DISCORD 1MIN] 08:48:42 ok=True Group 1(5): status=204 | Group 2(3): status=204 collect=8.5s post=0.8s
[DISCORD 1MIN] 08:49:42 ok=True Group 1(5): status=204 | Group 2(3): status=204 collect=8.4s post=0.6s
[진입유실 방지 자동보정] LONG KAITO/USDT:USDT exit=2026-05-23 07:44:17 미매칭수량=101.00000000 orderID=3589903302570221568 tradeID=None
[AUTO_REPAIR] 8401 점검 중 예외: cannot access local variable 'entry' where it is not associated with a value
[진입유실 방지 자동보정] LONG KAITO/USDT:USDT exit=2026-05-23 07:44:17 미매칭수량=101.00000000 orderID=3589903302570221568 tradeID=None
[AUTO_REPAIR] 8402 점검 중 예외: cannot access local variable 'entry' where it is not associated with a value
[진입유실 방지 자동보정] LONG KAITO/USDT:USDT exit=2026-05-23 07:44:17 미매칭수량=101.00000000 orderID=3589903302570221568 tradeID=None
[진입유실 방지 자동보정] LONG KAITO/USDT:USDT exit=2026-05-23 09:16:43 미매칭수량=103.00000000 orderID=3590089470679130112 tradeID=None
[진입유실 방지 자동보정] SHORT KAITO/USDT:USDT exit=2026-07-27 23:37:02 미매칭수량=9.00000000 orderID=3780263207016538112 tradeID=None
[진입유실 방지 자동보정] LONG KAITO/USDT:USDT exit=2026-07-28 00:17:06 미매칭수량=9.00000000 orderID=3780343864489091072 tradeID=None
[진입유실 방지 자동보정] LONG ONDO/USDT:USDT exit=2026-05-31 12:11:56 미매칭수량=13.00000000 orderID=3613635053565976576 tradeID=None
[진입유실 방지 자동보정] SHORT ONDO/USDT:USDT exit=2026-06-04 19:57:55 미매칭수량=18.00000000 orderID=3626169605609955328 tradeID=None
[진입유실 방지 자동보정] SHORT ONDO/USDT:USDT exit=2026-07-24 12:48:41 미매칭수량=4.00000000 orderID=3770260599027736576 tradeID=None
[진입유실 방지 자동보정] SHORT ADA/USDT:USDT exit=2026-06-15 18:07:56 미매칭수량=0.80000000 orderID=3657838324836671488 tradeID=None
[진입유실 방지 자동보정] SHORT ADA/USDT:USDT exit=2026-06-15 19:54:41 미매칭수량=0.80000000 orderID=3658053208425832448 tradeID=None
[진입유실 방지 자동보정] SHORT ADA/USDT:USDT exit=2026-06-15 20:18:33 미매칭수량=0.70000000 orderID=3658101280451272704 tradeID=None
[진입유실 방지 자동보정] SHORT ADA/USDT:USDT exit=2026-06-15 20:19:56 미매칭수량=0.70000000 orderID=3658104046410211328 tradeID=None
[진입유실 방지 자동보정] SHORT ADA/USDT:USDT exit=2026-06-15 20:20:18 미매칭수량=0.70000000 orderID=3658104812894101504 tradeID=None
[진입유실 방지 자동보정] SHORT ADA/USDT:USDT exit=2026-06-15 20:26:32 미매칭수량=0.70000000 orderID=3658117332119789568 tradeID=None
[진입유실 방지 자동보정] SHORT ADA/USDT:USDT exit=2026-06-15 20:44:55 미매칭수량=0.70000000 orderID=3658154361918529536 tradeID=None
[진입유실 방지 자동보정] SHORT ADA/USDT:USDT exit=2026-06-15 21:10:33 미매칭수량=0.70000000 orderID=3658205958837051392 tradeID=None
[진입유실 방지 자동보정] SHORT OKB/USDT:USDT exit=2026-06-21 03:12:28 미매칭수량=22.00000000 orderID=3673430118722904064 tradeID=None
[진입유실 방지 자동보정] SHORT OKB/USDT:USDT exit=2026-06-25 17:43:10 미매칭수량=16.00000000 orderID=3686779476461690880 tradeID=None
[진입유실 방지 자동보정] SHORT OKB/USDT:USDT exit=2026-06-25 20:10:48 미매칭수량=16.00000000 orderID=3687076707525926912 tradeID=None
[진입유실 방지 자동보정] LONG OKB/USDT:USDT exit=2026-06-26 12:38:51 미매칭수량=19.00000000 orderID=3689065905153843200 tradeID=None
[진입유실 방지 자동보정] LONG OKB/USDT:USDT exit=2026-06-26 15:55:46 미매칭수량=10.00000000 orderID=3689462344057036800 tradeID=None
[진입유실 방지 자동보정] LONG OKB/USDT:USDT exit=2026-07-22 11:42:03 미매칭수량=21.00000000 orderID=3764328224573825024 tradeID=None
[진입유실 방지 자동보정] LONG HYPE/USDT:USDT exit=2026-07-02 09:33:02 미매칭수량=1.00000000 orderID=3706086441083936768 tradeID=None
[진입유실 방지 자동보정] SHORT HYPE/USDT:USDT exit=2026-07-02 18:46:50 미매칭수량=1.00000000 orderID=3707201387012235264 tradeID=None
[진입유실 방지 자동보정] SHORT HYPE/USDT:USDT exit=2026-07-09 00:25:17 미매칭수량=24.00000000 orderID=3725277377667997696 tradeID=None
[진입유실 방지 자동보정] LONG HYPE/USDT:USDT exit=2026-07-09 06:18:38 미매칭수량=24.00000000 orderID=3725988764811730944 tradeID=None
[진입유실 방지 자동보정] LONG HYPE/USDT:USDT exit=2026-07-09 08:16:14 미매칭수량=23.00000000 orderID=3726225544848809984 tradeID=None
[진입유실 방지 자동보정] LONG HYPE/USDT:USDT exit=2026-07-13 19:30:19 미매칭수량=2.00000000 orderID=3739179042162810880 tradeID=None
[진입유실 방지 자동보정] LONG HYPE/USDT:USDT exit=2026-07-26 15:19:38 미매칭수량=2.00000000 orderID=3776362689651220480 tradeID=None
[진입유실 방지 자동보정] SHORT BTC/USDT:USDT exit=2026-07-07 21:35:36 미매칭수량=0.03000000 orderID=3722036669318373376 tradeID=None
[진입유실 방지 자동보정] SHORT BTC/USDT:USDT exit=2026-07-08 00:16:47 미매칭수량=0.04000000 orderID=3722361174263799808 tradeID=None
[진입유실 방지 자동보정] LONG BTC/USDT:USDT exit=2026-07-08 18:05:02 미매칭수량=0.03000000 orderID=3724511840214130688 tradeID=None
[진입유실 방지 자동보정] LONG BTC/USDT:USDT exit=2026-07-08 22:25:16 미매칭수량=0.03000000 orderID=3725035749082603520 tradeID=None
[진입유실 방지 자동보정] LONG BTC/USDT:USDT exit=2026-07-10 12:10:09 미매칭수량=0.25000000 orderID=3729595582481899520 tradeID=None
[진입유실 방지 자동보정] SHORT BTC/USDT:USDT exit=2026-07-10 20:40:19 미매칭수량=0.24000000 orderID=3730622678511591424 tradeID=None
[진입유실 방지 자동보정] SHORT BTC/USDT:USDT exit=2026-07-13 17:06:33 미매칭수량=0.02000000 orderID=3738889605591801856 tradeID=None
[진입유실 방지 자동보정] SHORT BTC/USDT:USDT exit=2026-07-23 01:38:30 미매칭수량=0.02000000 orderID=3766012229442543616 tradeID=None
[진입유실 방지 자동보정] SHORT XRP/USDT:USDT exit=2026-07-10 20:56:05 미매칭수량=1.43000000 orderID=3730654412548546560 tradeID=None
[진입유실 방지 자동보정] LONG XRP/USDT:USDT exit=2026-07-11 02:57:26 미매칭수량=0.14000000 orderID=3731381904544571392 tradeID=None
[진입유실 방지 자동보정] LONG XRP/USDT:USDT exit=2026-07-11 07:35:19 미매칭수량=0.14000000 orderID=3731941344905732096 tradeID=None
[진입유실 방지 자동보정] LONG XRP/USDT:USDT exit=2026-07-13 22:19:43 미매칭수량=0.15000000 orderID=3739520111387811840 tradeID=None
[CATFIX] pnl=0 청산 → 진입 재분류: KAITO/USDT:USDT buy 수량=9.00000000 tradeID=243056081
[진입유실 방지 자동보정] LONG KAITO/USDT:USDT exit=2026-05-23 07:44:17 미매칭수량=101.00000000 orderID=3589903302570221568 tradeID=None
[AUTO_REPAIR] 8404 점검 중 예외: cannot access local variable 'entry' where it is not associated with a value
[진입유실 방지 자동보정] LONG KAITO/USDT:USDT exit=2026-05-23 07:44:17 미매칭수량=101.00000000 orderID=3589903302570221568 tradeID=None
[AUTO_REPAIR] 8405 점검 중 예외: cannot access local variable 'entry' where it is not associated with a value
[진입유실 방지 자동보정] LONG KAITO/USDT:USDT exit=2026-05-23 07:44:17 미매칭수량=101.00000000 orderID=3589903302570221568 tradeID=None
[AUTO_REPAIR] 8407 점검 중 예외: cannot access local variable 'entry' where it is not associated with a value
[진입유실 방지 자동보정] LONG KAITO/USDT:USDT exit=2026-05-23 07:44:17 미매칭수량=101.00000000 orderID=3589903302570221568 tradeID=None
[AUTO_REPAIR] 8408 점검 중 예외: cannot access local variable 'entry' where it is not associated with a value
[진입유실 방지 자동보정] LONG KAITO/USDT:USDT exit=2026-05-23 07:44:17 미매칭수량=101.00000000 orderID=3589903302570221568 tradeID=None
[AUTO_REPAIR] 8409 점검 중 예외: cannot access local variable 'entry' where it is not associated with a value
[DISCORD 1MIN] 08:50:42 ok=True Group 1(5): status=204 | Group 2(3): status=204 collect=8.5s post=0.8s
[DISCORD 1MIN] 08:51:42 ok=True Group 1(5): status=204 | Group 2(3): status=204 collect=8.4s post=0.7s
[DISCORD 1MIN] 08:52:42 ok=True Group 1(5): status=204 | Group 2(3): status=204 collect=8.7s post=0.6s
[DISCORD 1MIN] 08:53:42 ok=True Group 1(5): status=204 | Group 2(3): status=204 collect=8.4s post=0.8s
[DISCORD 1MIN] 08:54:43 ok=True Group 1(5): status=204 | Group 2(3): status=204 collect=8.8s post=0.6s
[진입유실 방지 자동보정] LONG KAITO/USDT:USDT exit=2026-05-23 07:44:17 미매칭수량=101.00000000 orderID=3589903302570221568 tradeID=None
[AUTO_REPAIR] 8401 점검 중 예외: cannot access local variable 'entry' where it is not associated with a value
[진입유실 방지 자동보정] LONG KAITO/USDT:USDT exit=2026-05-23 07:44:17 미매칭수량=101.00000000 orderID=3589903302570221568 tradeID=None
[AUTO_REPAIR] 8402 점검 중 예외: cannot access local variable 'entry' where it is not associated with a value
[진입유실 방지 자동보정] LONG KAITO/USDT:USDT exit=2026-05-23 07:44:17 미매칭수량=101.00000000 orderID=3589903302570221568 tradeID=None
[진입유실 방지 자동보정] LONG KAITO/USDT:USDT exit=2026-05-23 09:16:43 미매칭수량=103.00000000 orderID=3590089470679130112 tradeID=None
[진입유실 방지 자동보정] SHORT KAITO/USDT:USDT exit=2026-07-27 23:37:02 미매칭수량=9.00000000 orderID=3780263207016538112 tradeID=None
[진입유실 방지 자동보정] LONG KAITO/USDT:USDT exit=2026-07-28 00:17:06 미매칭수량=9.00000000 orderID=3780343864489091072 tradeID=None
[진입유실 방지 자동보정] LONG ONDO/USDT:USDT exit=2026-05-31 12:11:56 미매칭수량=13.00000000 orderID=3613635053565976576 tradeID=None
[진입유실 방지 자동보정] SHORT ONDO/USDT:USDT exit=2026-06-04 19:57:55 미매칭수량=18.00000000 orderID=3626169605609955328 tradeID=None
[진입유실 방지 자동보정] SHORT ONDO/USDT:USDT exit=2026-07-24 12:48:41 미매칭수량=4.00000000 orderID=3770260599027736576 tradeID=None
[진입유실 방지 자동보정] SHORT ADA/USDT:USDT exit=2026-06-15 18:07:56 미매칭수량=0.80000000 orderID=3657838324836671488 tradeID=None
[진입유실 방지 자동보정] SHORT ADA/USDT:USDT exit=2026-06-15 19:54:41 미매칭수량=0.80000000 orderID=3658053208425832448 tradeID=None
[진입유실 방지 자동보정] SHORT ADA/USDT:USDT exit=2026-06-15 20:18:33 미매칭수량=0.70000000 orderID=3658101280451272704 tradeID=None
[진입유실 방지 자동보정] SHORT ADA/USDT:USDT exit=2026-06-15 20:19:56 미매칭수량=0.70000000 orderID=3658104046410211328 tradeID=None
[진입유실 방지 자동보정] SHORT ADA/USDT:USDT exit=2026-06-15 20:20:18 미매칭수량=0.70000000 orderID=3658104812894101504 tradeID=None
[진입유실 방지 자동보정] SHORT ADA/USDT:USDT exit=2026-06-15 20:26:32 미매칭수량=0.70000000 orderID=3658117332119789568 tradeID=None
[진입유실 방지 자동보정] SHORT ADA/USDT:USDT exit=2026-06-15 20:44:55 미매칭수량=0.70000000 orderID=3658154361918529536 tradeID=None
[진입유실 방지 자동보정] SHORT ADA/USDT:USDT exit=2026-06-15 21:10:33 미매칭수량=0.70000000 orderID=3658205958837051392 tradeID=None
[진입유실 방지 자동보정] SHORT OKB/USDT:USDT exit=2026-06-21 03:12:28 미매칭수량=22.00000000 orderID=3673430118722904064 tradeID=None
[진입유실 방지 자동보정] SHORT OKB/USDT:USDT exit=2026-06-25 17:43:10 미매칭수량=16.00000000 orderID=3686779476461690880 tradeID=None
[진입유실 방지 자동보정] SHORT OKB/USDT:USDT exit=2026-06-25 20:10:48 미매칭수량=16.00000000 orderID=3687076707525926912 tradeID=None
[진입유실 방지 자동보정] LONG OKB/USDT:USDT exit=2026-06-26 12:38:51 미매칭수량=19.00000000 orderID=3689065905153843200 tradeID=None
[진입유실 방지 자동보정] LONG OKB/USDT:USDT exit=2026-06-26 15:55:46 미매칭수량=10.00000000 orderID=3689462344057036800 tradeID=None
[진입유실 방지 자동보정] LONG OKB/USDT:USDT exit=2026-07-22 11:42:03 미매칭수량=21.00000000 orderID=3764328224573825024 tradeID=None
[진입유실 방지 자동보정] LONG HYPE/USDT:USDT exit=2026-07-02 09:33:02 미매칭수량=1.00000000 orderID=3706086441083936768 tradeID=None
[진입유실 방지 자동보정] SHORT HYPE/USDT:USDT exit=2026-07-02 18:46:50 미매칭수량=1.00000000 orderID=3707201387012235264 tradeID=None
[진입유실 방지 자동보정] SHORT HYPE/USDT:USDT exit=2026-07-09 00:25:17 미매칭수량=24.00000000 orderID=3725277377667997696 tradeID=None
[진입유실 방지 자동보정] LONG HYPE/USDT:USDT exit=2026-07-09 06:18:38 미매칭수량=24.00000000 orderID=3725988764811730944 tradeID=None
[진입유실 방지 자동보정] LONG HYPE/USDT:USDT exit=2026-07-09 08:16:14 미매칭수량=23.00000000 orderID=3726225544848809984 tradeID=None
[진입유실 방지 자동보정] LONG HYPE/USDT:USDT exit=2026-07-13 19:30:19 미매칭수량=2.00000000 orderID=3739179042162810880 tradeID=None
[진입유실 방지 자동보정] LONG HYPE/USDT:USDT exit=2026-07-26 15:19:38 미매칭수량=2.00000000 orderID=3776362689651220480 tradeID=None
[진입유실 방지 자동보정] SHORT BTC/USDT:USDT exit=2026-07-07 21:35:36 미매칭수량=0.03000000 orderID=3722036669318373376 tradeID=None
[진입유실 방지 자동보정] SHORT BTC/USDT:USDT exit=2026-07-08 00:16:47 미매칭수량=0.04000000 orderID=3722361174263799808 tradeID=None
[진입유실 방지 자동보정] LONG BTC/USDT:USDT exit=2026-07-08 18:05:02 미매칭수량=0.03000000 orderID=3724511840214130688 tradeID=None
[진입유실 방지 자동보정] LONG BTC/USDT:USDT exit=2026-07-08 22:25:16 미매칭수량=0.03000000 orderID=3725035749082603520 tradeID=None
[진입유실 방지 자동보정] LONG BTC/USDT:USDT exit=2026-07-10 12:10:09 미매칭수량=0.25000000 orderID=3729595582481899520 tradeID=None
[진입유실 방지 자동보정] SHORT BTC/USDT:USDT exit=2026-07-10 20:40:19 미매칭수량=0.24000000 orderID=3730622678511591424 tradeID=None
[진입유실 방지 자동보정] SHORT BTC/USDT:USDT exit=2026-07-13 17:06:33 미매칭수량=0.02000000 orderID=3738889605591801856 tradeID=None
[진입유실 방지 자동보정] SHORT BTC/USDT:USDT exit=2026-07-23 01:38:30 미매칭수량=0.02000000 orderID=3766012229442543616 tradeID=None
[진입유실 방지 자동보정] SHORT XRP/USDT:USDT exit=2026-07-10 20:56:05 미매칭수량=1.43000000 orderID=3730654412548546560 tradeID=None
[진입유실 방지 자동보정] LONG XRP/USDT:USDT exit=2026-07-11 02:57:26 미매칭수량=0.14000000 orderID=3731381904544571392 tradeID=None
[진입유실 방지 자동보정] LONG XRP/USDT:USDT exit=2026-07-11 07:35:19 미매칭수량=0.14000000 orderID=3731941344905732096 tradeID=None
[진입유실 방지 자동보정] LONG XRP/USDT:USDT exit=2026-07-13 22:19:43 미매칭수량=0.15000000 orderID=3739520111387811840 tradeID=None
[CATFIX] pnl=0 청산 → 진입 재분류: KAITO/USDT:USDT buy 수량=9.00000000 tradeID=243056081
[진입유실 방지 자동보정] LONG KAITO/USDT:USDT exit=2026-05-23 07:44:17 미매칭수량=101.00000000 orderID=3589903302570221568 tradeID=None
[AUTO_REPAIR] 8404 점검 중 예외: cannot access local variable 'entry' where it is not associated with a value
[진입유실 방지 자동보정] LONG KAITO/USDT:USDT exit=2026-05-23 07:44:17 미매칭수량=101.00000000 orderID=3589903302570221568 tradeID=None
[AUTO_REPAIR] 8405 점검 중 예외: cannot access local variable 'entry' where it is not associated with a value
[진입유실 방지 자동보정] LONG KAITO/USDT:USDT exit=2026-05-23 07:44:17 미매칭수량=101.00000000 orderID=3589903302570221568 tradeID=None
[AUTO_REPAIR] 8407 점검 중 예외: cannot access local variable 'entry' where it is not associated with a value
[진입유실 방지 자동보정] LONG KAITO/USDT:USDT exit=2026-05-23 07:44:17 미매칭수량=101.00000000 orderID=3589903302570221568 tradeID=None
[AUTO_REPAIR] 8408 점검 중 예외: cannot access local variable 'entry' where it is not associated with a value
[진입유실 방지 자동보정] LONG KAITO/USDT:USDT exit=2026-05-23 07:44:17 미매칭수량=101.00000000 orderID=3589903302570221568 tradeID=None
[AUTO_REPAIR] 8409 점검 중 예외: cannot access local variable 'entry' where it is not associated with a value
[DISCORD 1MIN] 08:55:42 ok=True Group 1(5): status=204 | Group 2(3): status=204 collect=8.5s post=0.9s
[DISCORD 1MIN] 08:56:43 ok=True Group 1(5): status=204 | Group 2(3): status=204 collect=8.7s post=1.1s
[DISCORD 1MIN] 08:57:42 ok=True Group 1(5): status=204 | Group 2(3): status=204 collect=8.5s post=0.8s
[DISCORD 1MIN] 08:58:42 ok=True Group 1(5): status=204 | Group 2(3): status=204 collect=8.4s post=0.7s
[DISCORD 1MIN] 08:59:44 ok=True Group 1(5): status=204 | Group 2(3): status=204 collect=8.4s post=0.7s
[진입유실 방지 자동보정] LONG KAITO/USDT:USDT exit=2026-05-23 07:44:17 미매칭수량=101.00000000 orderID=3589903302570221568 tradeID=None
[AUTO_REPAIR] 8401 점검 중 예외: cannot access local variable 'entry' where it is not associated with a value
[진입유실 방지 자동보정] LONG KAITO/USDT:USDT exit=2026-05-23 07:44:17 미매칭수량=101.00000000 orderID=3589903302570221568 tradeID=None
[AUTO_REPAIR] 8402 점검 중 예외: cannot access local variable 'entry' where it is not associated with a value
[진입유실 방지 자동보정] LONG KAITO/USDT:USDT exit=2026-05-23 07:44:17 미매칭수량=101.00000000 orderID=3589903302570221568 tradeID=None
[진입유실 방지 자동보정] LONG KAITO/USDT:USDT exit=2026-05-23 09:16:43 미매칭수량=103.00000000 orderID=3590089470679130112 tradeID=None
[진입유실 방지 자동보정] SHORT KAITO/USDT:USDT exit=2026-07-27 23:37:02 미매칭수량=9.00000000 orderID=3780263207016538112 tradeID=None
[진입유실 방지 자동보정] LONG KAITO/USDT:USDT exit=2026-07-28 00:17:06 미매칭수량=9.00000000 orderID=3780343864489091072 tradeID=None
[진입유실 방지 자동보정] LONG ONDO/USDT:USDT exit=2026-05-31 12:11:56 미매칭수량=13.00000000 orderID=3613635053565976576 tradeID=None
[진입유실 방지 자동보정] SHORT ONDO/USDT:USDT exit=2026-06-04 19:57:55 미매칭수량=18.00000000 orderID=3626169605609955328 tradeID=None
[진입유실 방지 자동보정] SHORT ONDO/USDT:USDT exit=2026-07-24 12:48:41 미매칭수량=4.00000000 orderID=3770260599027736576 tradeID=None
[진입유실 방지 자동보정] SHORT ADA/USDT:USDT exit=2026-06-15 18:07:56 미매칭수량=0.80000000 orderID=3657838324836671488 tradeID=None
[진입유실 방지 자동보정] SHORT ADA/USDT:USDT exit=2026-06-15 19:54:41 미매칭수량=0.80000000 orderID=3658053208425832448 tradeID=None
[진입유실 방지 자동보정] SHORT ADA/USDT:USDT exit=2026-06-15 20:18:33 미매칭수량=0.70000000 orderID=3658101280451272704 tradeID=None
[진입유실 방지 자동보정] SHORT ADA/USDT:USDT exit=2026-06-15 20:19:56 미매칭수량=0.70000000 orderID=3658104046410211328 tradeID=None
[진입유실 방지 자동보정] SHORT ADA/USDT:USDT exit=2026-06-15 20:20:18 미매칭수량=0.70000000 orderID=3658104812894101504 tradeID=None
[진입유실 방지 자동보정] SHORT ADA/USDT:USDT exit=2026-06-15 20:26:32 미매칭수량=0.70000000 orderID=3658117332119789568 tradeID=None
[진입유실 방지 자동보정] SHORT ADA/USDT:USDT exit=2026-06-15 20:44:55 미매칭수량=0.70000000 orderID=3658154361918529536 tradeID=None
[진입유실 방지 자동보정] SHORT ADA/USDT:USDT exit=2026-06-15 21:10:33 미매칭수량=0.70000000 orderID=3658205958837051392 tradeID=None
[진입유실 방지 자동보정] SHORT OKB/USDT:USDT exit=2026-06-21 03:12:28 미매칭수량=22.00000000 orderID=3673430118722904064 tradeID=None
[진입유실 방지 자동보정] SHORT OKB/USDT:USDT exit=2026-06-25 17:43:10 미매칭수량=16.00000000 orderID=3686779476461690880 tradeID=None
[진입유실 방지 자동보정] SHORT OKB/USDT:USDT exit=2026-06-25 20:10:48 미매칭수량=16.00000000 orderID=3687076707525926912 tradeID=None
[진입유실 방지 자동보정] LONG OKB/USDT:USDT exit=2026-06-26 12:38:51 미매칭수량=19.00000000 orderID=3689065905153843200 tradeID=None
[진입유실 방지 자동보정] LONG OKB/USDT:USDT exit=2026-06-26 15:55:46 미매칭수량=10.00000000 orderID=3689462344057036800 tradeID=None
[진입유실 방지 자동보정] LONG OKB/USDT:USDT exit=2026-07-22 11:42:03 미매칭수량=21.00000000 orderID=3764328224573825024 tradeID=None
[진입유실 방지 자동보정] LONG HYPE/USDT:USDT exit=2026-07-02 09:33:02 미매칭수량=1.00000000 orderID=3706086441083936768 tradeID=None
[진입유실 방지 자동보정] SHORT HYPE/USDT:USDT exit=2026-07-02 18:46:50 미매칭수량=1.00000000 orderID=3707201387012235264 tradeID=None
[진입유실 방지 자동보정] SHORT HYPE/USDT:USDT exit=2026-07-09 00:25:17 미매칭수량=24.00000000 orderID=3725277377667997696 tradeID=None
[진입유실 방지 자동보정] LONG HYPE/USDT:USDT exit=2026-07-09 06:18:38 미매칭수량=24.00000000 orderID=3725988764811730944 tradeID=None
[진입유실 방지 자동보정] LONG HYPE/USDT:USDT exit=2026-07-09 08:16:14 미매칭수량=23.00000000 orderID=3726225544848809984 tradeID=None
[진입유실 방지 자동보정] LONG HYPE/USDT:USDT exit=2026-07-13 19:30:19 미매칭수량=2.00000000 orderID=3739179042162810880 tradeID=None
[진입유실 방지 자동보정] LONG HYPE/USDT:USDT exit=2026-07-26 15:19:38 미매칭수량=2.00000000 orderID=3776362689651220480 tradeID=None
[진입유실 방지 자동보정] SHORT BTC/USDT:USDT exit=2026-07-07 21:35:36 미매칭수량=0.03000000 orderID=3722036669318373376 tradeID=None
[진입유실 방지 자동보정] SHORT BTC/USDT:USDT exit=2026-07-08 00:16:47 미매칭수량=0.04000000 orderID=3722361174263799808 tradeID=None
[진입유실 방지 자동보정] LONG BTC/USDT:USDT exit=2026-07-08 18:05:02 미매칭수량=0.03000000 orderID=3724511840214130688 tradeID=None
[진입유실 방지 자동보정] LONG BTC/USDT:USDT exit=2026-07-08 22:25:16 미매칭수량=0.03000000 orderID=3725035749082603520 tradeID=None
[진입유실 방지 자동보정] LONG BTC/USDT:USDT exit=2026-07-10 12:10:09 미매칭수량=0.25000000 orderID=3729595582481899520 tradeID=None
[진입유실 방지 자동보정] SHORT BTC/USDT:USDT exit=2026-07-10 20:40:19 미매칭수량=0.24000000 orderID=3730622678511591424 tradeID=None
[진입유실 방지 자동보정] SHORT BTC/USDT:USDT exit=2026-07-13 17:06:33 미매칭수량=0.02000000 orderID=3738889605591801856 tradeID=None
[진입유실 방지 자동보정] SHORT BTC/USDT:USDT exit=2026-07-23 01:38:30 미매칭수량=0.02000000 orderID=3766012229442543616 tradeID=None
[진입유실 방지 자동보정] SHORT XRP/USDT:USDT exit=2026-07-10 20:56:05 미매칭수량=1.43000000 orderID=3730654412548546560 tradeID=None
[진입유실 방지 자동보정] LONG XRP/USDT:USDT exit=2026-07-11 02:57:26 미매칭수량=0.14000000 orderID=3731381904544571392 tradeID=None
[진입유실 방지 자동보정] LONG XRP/USDT:USDT exit=2026-07-11 07:35:19 미매칭수량=0.14000000 orderID=3731941344905732096 tradeID=None
[진입유실 방지 자동보정] LONG XRP/USDT:USDT exit=2026-07-13 22:19:43 미매칭수량=0.15000000 orderID=3739520111387811840 tradeID=None
[CATFIX] pnl=0 청산 → 진입 재분류: KAITO/USDT:USDT buy 수량=9.00000000 tradeID=243056081
[진입유실 방지 자동보정] LONG KAITO/USDT:USDT exit=2026-05-23 07:44:17 미매칭수량=101.00000000 orderID=3589903302570221568 tradeID=None
[AUTO_REPAIR] 8404 점검 중 예외: cannot access local variable 'entry' where it is not associated with a value
[진입유실 방지 자동보정] LONG KAITO/USDT:USDT exit=2026-05-23 07:44:17 미매칭수량=101.00000000 orderID=3589903302570221568 tradeID=None
[AUTO_REPAIR] 8405 점검 중 예외: cannot access local variable 'entry' where it is not associated with a value
[진입유실 방지 자동보정] LONG KAITO/USDT:USDT exit=2026-05-23 07:44:17 미매칭수량=101.00000000 orderID=3589903302570221568 tradeID=None
[AUTO_REPAIR] 8407 점검 중 예외: cannot access local variable 'entry' where it is not associated with a value
[진입유실 방지 자동보정] LONG KAITO/USDT:USDT exit=2026-05-23 07:44:17 미매칭수량=101.00000000 orderID=3589903302570221568 tradeID=None
[AUTO_REPAIR] 8408 점검 중 예외: cannot access local variable 'entry' where it is not associated with a value
[진입유실 방지 자동보정] LONG KAITO/USDT:USDT exit=2026-05-23 07:44:17 미매칭수량=101.00000000 orderID=3589903302570221568 tradeID=None
[AUTO_REPAIR] 8409 점검 중 예외: cannot access local variable 'entry' where it is not associated with a value
[DISCORD 1MIN] 09:00:45 ok=True Group 1(5): status=204 | Group 2(3): status=204 collect=8.4s post=0.9s
[DISCORD 1MIN] 09:01:45 ok=True Group 1(5): status=204 | Group 2(3): status=204 collect=8.7s post=0.7s
[DISCORD 1MIN] 09:02:44 ok=True Group 1(5): status=204 | Group 2(3): status=204 collect=8.5s post=0.7s
[DISCORD 1MIN] 09:03:45 ok=True Group 1(5): status=204 | Group 2(3): status=204 collect=8.8s post=0.8s
[DISCORD 1MIN] 09:04:44 ok=True Group 1(5): status=204 | Group 2(3): status=204 collect=8.4s post=0.7s
[진입유실 방지 자동보정] LONG KAITO/USDT:USDT exit=2026-05-23 07:44:17 미매칭수량=101.00000000 orderID=3589903302570221568 tradeID=None
[AUTO_REPAIR] 8401 점검 중 예외: cannot access local variable 'entry' where it is not associated with a value
[진입유실 방지 자동보정] LONG KAITO/USDT:USDT exit=2026-05-23 07:44:17 미매칭수량=101.00000000 orderID=3589903302570221568 tradeID=None
[AUTO_REPAIR] 8402 점검 중 예외: cannot access local variable 'entry' where it is not associated with a value
[진입유실 방지 자동보정] LONG KAITO/USDT:USDT exit=2026-05-23 07:44:17 미매칭수량=101.00000000 orderID=3589903302570221568 tradeID=None
[진입유실 방지 자동보정] LONG KAITO/USDT:USDT exit=2026-05-23 09:16:43 미매칭수량=103.00000000 orderID=3590089470679130112 tradeID=None
[진입유실 방지 자동보정] SHORT KAITO/USDT:USDT exit=2026-07-27 23:37:02 미매칭수량=9.00000000 orderID=3780263207016538112 tradeID=None
[진입유실 방지 자동보정] LONG KAITO/USDT:USDT exit=2026-07-28 00:17:06 미매칭수량=9.00000000 orderID=3780343864489091072 tradeID=None
[진입유실 방지 자동보정] LONG ONDO/USDT:USDT exit=2026-05-31 12:11:56 미매칭수량=13.00000000 orderID=3613635053565976576 tradeID=None
[진입유실 방지 자동보정] SHORT ONDO/USDT:USDT exit=2026-06-04 19:57:55 미매칭수량=18.00000000 orderID=3626169605609955328 tradeID=None
[진입유실 방지 자동보정] SHORT ONDO/USDT:USDT exit=2026-07-24 12:48:41 미매칭수량=4.00000000 orderID=3770260599027736576 tradeID=None
[진입유실 방지 자동보정] SHORT ADA/USDT:USDT exit=2026-06-15 18:07:56 미매칭수량=0.80000000 orderID=3657838324836671488 tradeID=None
[진입유실 방지 자동보정] SHORT ADA/USDT:USDT exit=2026-06-15 19:54:41 미매칭수량=0.80000000 orderID=3658053208425832448 tradeID=None
[진입유실 방지 자동보정] SHORT ADA/USDT:USDT exit=2026-06-15 20:18:33 미매칭수량=0.70000000 orderID=3658101280451272704 tradeID=None
[진입유실 방지 자동보정] SHORT ADA/USDT:USDT exit=2026-06-15 20:19:56 미매칭수량=0.70000000 orderID=3658104046410211328 tradeID=None
[진입유실 방지 자동보정] SHORT ADA/USDT:USDT exit=2026-06-15 20:20:18 미매칭수량=0.70000000 orderID=3658104812894101504 tradeID=None
[진입유실 방지 자동보정] SHORT ADA/USDT:USDT exit=2026-06-15 20:26:32 미매칭수량=0.70000000 orderID=3658117332119789568 tradeID=None
[진입유실 방지 자동보정] SHORT ADA/USDT:USDT exit=2026-06-15 20:44:55 미매칭수량=0.70000000 orderID=3658154361918529536 tradeID=None
[진입유실 방지 자동보정] SHORT ADA/USDT:USDT exit=2026-06-15 21:10:33 미매칭수량=0.70000000 orderID=3658205958837051392 tradeID=None
[진입유실 방지 자동보정] SHORT OKB/USDT:USDT exit=2026-06-21 03:12:28 미매칭수량=22.00000000 orderID=3673430118722904064 tradeID=None
[진입유실 방지 자동보정] SHORT OKB/USDT:USDT exit=2026-06-25 17:43:10 미매칭수량=16.00000000 orderID=3686779476461690880 tradeID=None
[진입유실 방지 자동보정] SHORT OKB/USDT:USDT exit=2026-06-25 20:10:48 미매칭수량=16.00000000 orderID=3687076707525926912 tradeID=None
[진입유실 방지 자동보정] LONG OKB/USDT:USDT exit=2026-06-26 12:38:51 미매칭수량=19.00000000 orderID=3689065905153843200 tradeID=None
[진입유실 방지 자동보정] LONG OKB/USDT:USDT exit=2026-06-26 15:55:46 미매칭수량=10.00000000 orderID=3689462344057036800 tradeID=None
[진입유실 방지 자동보정] LONG OKB/USDT:USDT exit=2026-07-22 11:42:03 미매칭수량=21.00000000 orderID=3764328224573825024 tradeID=None
[진입유실 방지 자동보정] LONG HYPE/USDT:USDT exit=2026-07-02 09:33:02 미매칭수량=1.00000000 orderID=3706086441083936768 tradeID=None
[진입유실 방지 자동보정] SHORT HYPE/USDT:USDT exit=2026-07-02 18:46:50 미매칭수량=1.00000000 orderID=3707201387012235264 tradeID=None
[진입유실 방지 자동보정] SHORT HYPE/USDT:USDT exit=2026-07-09 00:25:17 미매칭수량=24.00000000 orderID=3725277377667997696 tradeID=None
[진입유실 방지 자동보정] LONG HYPE/USDT:USDT exit=2026-07-09 06:18:38 미매칭수량=24.00000000 orderID=3725988764811730944 tradeID=None
[진입유실 방지 자동보정] LONG HYPE/USDT:USDT exit=2026-07-09 08:16:14 미매칭수량=23.00000000 orderID=3726225544848809984 tradeID=None
[진입유실 방지 자동보정] LONG HYPE/USDT:USDT exit=2026-07-13 19:30:19 미매칭수량=2.00000000 orderID=3739179042162810880 tradeID=None
[진입유실 방지 자동보정] LONG HYPE/USDT:USDT exit=2026-07-26 15:19:38 미매칭수량=2.00000000 orderID=3776362689651220480 tradeID=None
[진입유실 방지 자동보정] SHORT BTC/USDT:USDT exit=2026-07-07 21:35:36 미매칭수량=0.03000000 orderID=3722036669318373376 tradeID=None
[진입유실 방지 자동보정] SHORT BTC/USDT:USDT exit=2026-07-08 00:16:47 미매칭수량=0.04000000 orderID=3722361174263799808 tradeID=None
[진입유실 방지 자동보정] LONG BTC/USDT:USDT exit=2026-07-08 18:05:02 미매칭수량=0.03000000 orderID=3724511840214130688 tradeID=None
[진입유실 방지 자동보정] LONG BTC/USDT:USDT exit=2026-07-08 22:25:16 미매칭수량=0.03000000 orderID=3725035749082603520 tradeID=None
[진입유실 방지 자동보정] LONG BTC/USDT:USDT exit=2026-07-10 12:10:09 미매칭수량=0.25000000 orderID=3729595582481899520 tradeID=None
[진입유실 방지 자동보정] SHORT BTC/USDT:USDT exit=2026-07-10 20:40:19 미매칭수량=0.24000000 orderID=3730622678511591424 tradeID=None
[진입유실 방지 자동보정] SHORT BTC/USDT:USDT exit=2026-07-13 17:06:33 미매칭수량=0.02000000 orderID=3738889605591801856 tradeID=None
[진입유실 방지 자동보정] SHORT BTC/USDT:USDT exit=2026-07-23 01:38:30 미매칭수량=0.02000000 orderID=3766012229442543616 tradeID=None
[진입유실 방지 자동보정] SHORT XRP/USDT:USDT exit=2026-07-10 20:56:05 미매칭수량=1.43000000 orderID=3730654412548546560 tradeID=None
[진입유실 방지 자동보정] LONG XRP/USDT:USDT exit=2026-07-11 02:57:26 미매칭수량=0.14000000 orderID=3731381904544571392 tradeID=None
[진입유실 방지 자동보정] LONG XRP/USDT:USDT exit=2026-07-11 07:35:19 미매칭수량=0.14000000 orderID=3731941344905732096 tradeID=None
[진입유실 방지 자동보정] LONG XRP/USDT:USDT exit=2026-07-13 22:19:43 미매칭수량=0.15000000 orderID=3739520111387811840 tradeID=None
[CATFIX] pnl=0 청산 → 진입 재분류: KAITO/USDT:USDT buy 수량=9.00000000 tradeID=243056081
[진입유실 방지 자동보정] LONG KAITO/USDT:USDT exit=2026-05-23 07:44:17 미매칭수량=101.00000000 orderID=3589903302570221568 tradeID=None
[AUTO_REPAIR] 8404 점검 중 예외: cannot access local variable 'entry' where it is not associated with a value
[진입유실 방지 자동보정] LONG KAITO/USDT:USDT exit=2026-05-23 07:44:17 미매칭수량=101.00000000 orderID=3589903302570221568 tradeID=None
[AUTO_REPAIR] 8405 점검 중 예외: cannot access local variable 'entry' where it is not associated with a value
[진입유실 방지 자동보정] LONG KAITO/USDT:USDT exit=2026-05-23 07:44:17 미매칭수량=101.00000000 orderID=3589903302570221568 tradeID=None
[AUTO_REPAIR] 8407 점검 중 예외: cannot access local variable 'entry' where it is not associated with a value
[진입유실 방지 자동보정] LONG KAITO/USDT:USDT exit=2026-05-23 07:44:17 미매칭수량=101.00000000 orderID=3589903302570221568 tradeID=None
[AUTO_REPAIR] 8408 점검 중 예외: cannot access local variable 'entry' where it is not associated with a value
[진입유실 방지 자동보정] LONG KAITO/USDT:USDT exit=2026-05-23 07:44:17 미매칭수량=101.00000000 orderID=3589903302570221568 tradeID=None
[AUTO_REPAIR] 8409 점검 중 예외: cannot access local variable 'entry' where it is not associated with a value
[DISCORD 1MIN] 09:05:45 ok=True Group 1(5): status=204 | Group 2(3): status=204 collect=8.7s post=0.8s
[DISCORD 1MIN] 09:06:45 ok=True Group 1(5): status=204 | Group 2(3): status=204 collect=8.5s post=0.9s
[DISCORD 1MIN] 09:07:45 ok=True Group 1(5): status=204 | Group 2(3): status=204 collect=8.5s post=0.9s
[DISCORD 1MIN] 09:08:45 ok=True Group 1(5): status=204 | Group 2(3): status=204 collect=8.5s post=0.8s
[DISCORD 1MIN] 09:09:44 ok=True Group 1(5): status=204 | Group 2(3): status=204 collect=8.4s post=0.7s
[진입유실 방지 자동보정] LONG KAITO/USDT:USDT exit=2026-05-23 07:44:17 미매칭수량=101.00000000 orderID=3589903302570221568 tradeID=None
[AUTO_REPAIR] 8401 점검 중 예외: cannot access local variable 'entry' where it is not associated with a value
[진입유실 방지 자동보정] LONG KAITO/USDT:USDT exit=2026-05-23 07:44:17 미매칭수량=101.00000000 orderID=3589903302570221568 tradeID=None
[AUTO_REPAIR] 8402 점검 중 예외: cannot access local variable 'entry' where it is not associated with a value
[진입유실 방지 자동보정] LONG KAITO/USDT:USDT exit=2026-05-23 07:44:17 미매칭수량=101.00000000 orderID=3589903302570221568 tradeID=None
[진입유실 방지 자동보정] LONG KAITO/USDT:USDT exit=2026-05-23 09:16:43 미매칭수량=103.00000000 orderID=3590089470679130112 tradeID=None
[진입유실 방지 자동보정] SHORT KAITO/USDT:USDT exit=2026-07-27 23:37:02 미매칭수량=9.00000000 orderID=3780263207016538112 tradeID=None
[진입유실 방지 자동보정] LONG KAITO/USDT:USDT exit=2026-07-28 00:17:06 미매칭수량=9.00000000 orderID=3780343864489091072 tradeID=None
[진입유실 방지 자동보정] LONG ONDO/USDT:USDT exit=2026-05-31 12:11:56 미매칭수량=13.00000000 orderID=3613635053565976576 tradeID=None
[진입유실 방지 자동보정] SHORT ONDO/USDT:USDT exit=2026-06-04 19:57:55 미매칭수량=18.00000000 orderID=3626169605609955328 tradeID=None
[진입유실 방지 자동보정] SHORT ONDO/USDT:USDT exit=2026-07-24 12:48:41 미매칭수량=4.00000000 orderID=3770260599027736576 tradeID=None
[진입유실 방지 자동보정] SHORT ADA/USDT:USDT exit=2026-06-15 18:07:56 미매칭수량=0.80000000 orderID=3657838324836671488 tradeID=None
[진입유실 방지 자동보정] SHORT ADA/USDT:USDT exit=2026-06-15 19:54:41 미매칭수량=0.80000000 orderID=3658053208425832448 tradeID=None
[진입유실 방지 자동보정] SHORT ADA/USDT:USDT exit=2026-06-15 20:18:33 미매칭수량=0.70000000 orderID=3658101280451272704 tradeID=None
[진입유실 방지 자동보정] SHORT ADA/USDT:USDT exit=2026-06-15 20:19:56 미매칭수량=0.70000000 orderID=3658104046410211328 tradeID=None
[진입유실 방지 자동보정] SHORT ADA/USDT:USDT exit=2026-06-15 20:20:18 미매칭수량=0.70000000 orderID=3658104812894101504 tradeID=None
[진입유실 방지 자동보정] SHORT ADA/USDT:USDT exit=2026-06-15 20:26:32 미매칭수량=0.70000000 orderID=3658117332119789568 tradeID=None
[진입유실 방지 자동보정] SHORT ADA/USDT:USDT exit=2026-06-15 20:44:55 미매칭수량=0.70000000 orderID=3658154361918529536 tradeID=None
[진입유실 방지 자동보정] SHORT ADA/USDT:USDT exit=2026-06-15 21:10:33 미매칭수량=0.70000000 orderID=3658205958837051392 tradeID=None
[진입유실 방지 자동보정] SHORT OKB/USDT:USDT exit=2026-06-21 03:12:28 미매칭수량=22.00000000 orderID=3673430118722904064 tradeID=None
[진입유실 방지 자동보정] SHORT OKB/USDT:USDT exit=2026-06-25 17:43:10 미매칭수량=16.00000000 orderID=3686779476461690880 tradeID=None
[진입유실 방지 자동보정] SHORT OKB/USDT:USDT exit=2026-06-25 20:10:48 미매칭수량=16.00000000 orderID=3687076707525926912 tradeID=None
[진입유실 방지 자동보정] LONG OKB/USDT:USDT exit=2026-06-26 12:38:51 미매칭수량=19.00000000 orderID=3689065905153843200 tradeID=None
[진입유실 방지 자동보정] LONG OKB/USDT:USDT exit=2026-06-26 15:55:46 미매칭수량=10.00000000 orderID=3689462344057036800 tradeID=None
[진입유실 방지 자동보정] LONG OKB/USDT:USDT exit=2026-07-22 11:42:03 미매칭수량=21.00000000 orderID=3764328224573825024 tradeID=None
[진입유실 방지 자동보정] LONG HYPE/USDT:USDT exit=2026-07-02 09:33:02 미매칭수량=1.00000000 orderID=3706086441083936768 tradeID=None
[진입유실 방지 자동보정] SHORT HYPE/USDT:USDT exit=2026-07-02 18:46:50 미매칭수량=1.00000000 orderID=3707201387012235264 tradeID=None
[진입유실 방지 자동보정] SHORT HYPE/USDT:USDT exit=2026-07-09 00:25:17 미매칭수량=24.00000000 orderID=3725277377667997696 tradeID=None
[진입유실 방지 자동보정] LONG HYPE/USDT:USDT exit=2026-07-09 06:18:38 미매칭수량=24.00000000 orderID=3725988764811730944 tradeID=None
[진입유실 방지 자동보정] LONG HYPE/USDT:USDT exit=2026-07-09 08:16:14 미매칭수량=23.00000000 orderID=3726225544848809984 tradeID=None
[진입유실 방지 자동보정] LONG HYPE/USDT:USDT exit=2026-07-13 19:30:19 미매칭수량=2.00000000 orderID=3739179042162810880 tradeID=None
[진입유실 방지 자동보정] LONG HYPE/USDT:USDT exit=2026-07-26 15:19:38 미매칭수량=2.00000000 orderID=3776362689651220480 tradeID=None
[진입유실 방지 자동보정] SHORT BTC/USDT:USDT exit=2026-07-07 21:35:36 미매칭수량=0.03000000 orderID=3722036669318373376 tradeID=None
[진입유실 방지 자동보정] SHORT BTC/USDT:USDT exit=2026-07-08 00:16:47 미매칭수량=0.04000000 orderID=3722361174263799808 tradeID=None
[진입유실 방지 자동보정] LONG BTC/USDT:USDT exit=2026-07-08 18:05:02 미매칭수량=0.03000000 orderID=3724511840214130688 tradeID=None
[진입유실 방지 자동보정] LONG BTC/USDT:USDT exit=2026-07-08 22:25:16 미매칭수량=0.03000000 orderID=3725035749082603520 tradeID=None
[진입유실 방지 자동보정] LONG BTC/USDT:USDT exit=2026-07-10 12:10:09 미매칭수량=0.25000000 orderID=3729595582481899520 tradeID=None
[진입유실 방지 자동보정] SHORT BTC/USDT:USDT exit=2026-07-10 20:40:19 미매칭수량=0.24000000 orderID=3730622678511591424 tradeID=None
[진입유실 방지 자동보정] SHORT BTC/USDT:USDT exit=2026-07-13 17:06:33 미매칭수량=0.02000000 orderID=3738889605591801856 tradeID=None
[진입유실 방지 자동보정] SHORT BTC/USDT:USDT exit=2026-07-23 01:38:30 미매칭수량=0.02000000 orderID=3766012229442543616 tradeID=None
[진입유실 방지 자동보정] SHORT XRP/USDT:USDT exit=2026-07-10 20:56:05 미매칭수량=1.43000000 orderID=3730654412548546560 tradeID=None
[진입유실 방지 자동보정] LONG XRP/USDT:USDT exit=2026-07-11 02:57:26 미매칭수량=0.14000000 orderID=3731381904544571392 tradeID=None
[진입유실 방지 자동보정] LONG XRP/USDT:USDT exit=2026-07-11 07:35:19 미매칭수량=0.14000000 orderID=3731941344905732096 tradeID=None
[진입유실 방지 자동보정] LONG XRP/USDT:USDT exit=2026-07-13 22:19:43 미매칭수량=0.15000000 orderID=3739520111387811840 tradeID=None
[CATFIX] pnl=0 청산 → 진입 재분류: KAITO/USDT:USDT buy 수량=9.00000000 tradeID=243056081
[진입유실 방지 자동보정] LONG KAITO/USDT:USDT exit=2026-05-23 07:44:17 미매칭수량=101.00000000 orderID=3589903302570221568 tradeID=None
[AUTO_REPAIR] 8404 점검 중 예외: cannot access local variable 'entry' where it is not associated with a value
[진입유실 방지 자동보정] LONG KAITO/USDT:USDT exit=2026-05-23 07:44:17 미매칭수량=101.00000000 orderID=3589903302570221568 tradeID=None
[AUTO_REPAIR] 8405 점검 중 예외: cannot access local variable 'entry' where it is not associated with a value
[진입유실 방지 자동보정] LONG KAITO/USDT:USDT exit=2026-05-23 07:44:17 미매칭수량=101.00000000 orderID=3589903302570221568 tradeID=None
[AUTO_REPAIR] 8407 점검 중 예외: cannot access local variable 'entry' where it is not associated with a value
[진입유실 방지 자동보정] LONG KAITO/USDT:USDT exit=2026-05-23 07:44:17 미매칭수량=101.00000000 orderID=3589903302570221568 tradeID=None
[AUTO_REPAIR] 8408 점검 중 예외: cannot access local variable 'entry' where it is not associated with a value
[진입유실 방지 자동보정] LONG KAITO/USDT:USDT exit=2026-05-23 07:44:17 미매칭수량=101.00000000 orderID=3589903302570221568 tradeID=None
[AUTO_REPAIR] 8409 점검 중 예외: cannot access local variable 'entry' where it is not associated with a value
[DISCORD 1MIN] 09:10:45 ok=True Group 1(5): status=204 | Group 2(3): status=204 collect=8.8s post=0.7s
[DISCORD 1MIN] 09:11:44 ok=True Group 1(5): status=204 | Group 2(3): status=204 collect=8.4s post=0.8s
[DISCORD 1MIN] 09:12:45 ok=True Group 1(5): status=204 | Group 2(3): status=204 collect=8.8s post=0.7s
[DISCORD 1MIN] 09:13:44 ok=True Group 1(5): status=204 | Group 2(3): status=204 collect=8.5s post=0.7s
[DISCORD 1MIN] 09:14:45 ok=True Group 1(5): status=204 | Group 2(3): status=204 collect=8.5s post=0.7s
[진입유실 방지 자동보정] LONG KAITO/USDT:USDT exit=2026-05-23 07:44:17 미매칭수량=101.00000000 orderID=3589903302570221568 tradeID=None
[AUTO_REPAIR] 8401 점검 중 예외: cannot access local variable 'entry' where it is not associated with a value
[진입유실 방지 자동보정] LONG KAITO/USDT:USDT exit=2026-05-23 07:44:17 미매칭수량=101.00000000 orderID=3589903302570221568 tradeID=None
[AUTO_REPAIR] 8402 점검 중 예외: cannot access local variable 'entry' where it is not associated with a value
[진입유실 방지 자동보정] LONG KAITO/USDT:USDT exit=2026-05-23 07:44:17 미매칭수량=101.00000000 orderID=3589903302570221568 tradeID=None
[진입유실 방지 자동보정] LONG KAITO/USDT:USDT exit=2026-05-23 09:16:43 미매칭수량=103.00000000 orderID=3590089470679130112 tradeID=None
[진입유실 방지 자동보정] SHORT KAITO/USDT:USDT exit=2026-07-27 23:37:02 미매칭수량=9.00000000 orderID=3780263207016538112 tradeID=None
[진입유실 방지 자동보정] LONG KAITO/USDT:USDT exit=2026-07-28 00:17:06 미매칭수량=9.00000000 orderID=3780343864489091072 tradeID=None
[진입유실 방지 자동보정] LONG ONDO/USDT:USDT exit=2026-05-31 12:11:56 미매칭수량=13.00000000 orderID=3613635053565976576 tradeID=None
[진입유실 방지 자동보정] SHORT ONDO/USDT:USDT exit=2026-06-04 19:57:55 미매칭수량=18.00000000 orderID=3626169605609955328 tradeID=None
[진입유실 방지 자동보정] SHORT ONDO/USDT:USDT exit=2026-07-24 12:48:41 미매칭수량=4.00000000 orderID=3770260599027736576 tradeID=None
[진입유실 방지 자동보정] SHORT ADA/USDT:USDT exit=2026-06-15 18:07:56 미매칭수량=0.80000000 orderID=3657838324836671488 tradeID=None
[진입유실 방지 자동보정] SHORT ADA/USDT:USDT exit=2026-06-15 19:54:41 미매칭수량=0.80000000 orderID=3658053208425832448 tradeID=None
[진입유실 방지 자동보정] SHORT ADA/USDT:USDT exit=2026-06-15 20:18:33 미매칭수량=0.70000000 orderID=3658101280451272704 tradeID=None
[진입유실 방지 자동보정] SHORT ADA/USDT:USDT exit=2026-06-15 20:19:56 미매칭수량=0.70000000 orderID=3658104046410211328 tradeID=None
[진입유실 방지 자동보정] SHORT ADA/USDT:USDT exit=2026-06-15 20:20:18 미매칭수량=0.70000000 orderID=3658104812894101504 tradeID=None
[진입유실 방지 자동보정] SHORT ADA/USDT:USDT exit=2026-06-15 20:26:32 미매칭수량=0.70000000 orderID=3658117332119789568 tradeID=None
[진입유실 방지 자동보정] SHORT ADA/USDT:USDT exit=2026-06-15 20:44:55 미매칭수량=0.70000000 orderID=3658154361918529536 tradeID=None
[진입유실 방지 자동보정] SHORT ADA/USDT:USDT exit=2026-06-15 21:10:33 미매칭수량=0.70000000 orderID=3658205958837051392 tradeID=None
[진입유실 방지 자동보정] SHORT OKB/USDT:USDT exit=2026-06-21 03:12:28 미매칭수량=22.00000000 orderID=3673430118722904064 tradeID=None
[진입유실 방지 자동보정] SHORT OKB/USDT:USDT exit=2026-06-25 17:43:10 미매칭수량=16.00000000 orderID=3686779476461690880 tradeID=None
[진입유실 방지 자동보정] SHORT OKB/USDT:USDT exit=2026-06-25 20:10:48 미매칭수량=16.00000000 orderID=3687076707525926912 tradeID=None
[진입유실 방지 자동보정] LONG OKB/USDT:USDT exit=2026-06-26 12:38:51 미매칭수량=19.00000000 orderID=3689065905153843200 tradeID=None
[진입유실 방지 자동보정] LONG OKB/USDT:USDT exit=2026-06-26 15:55:46 미매칭수량=10.00000000 orderID=3689462344057036800 tradeID=None
[진입유실 방지 자동보정] LONG OKB/USDT:USDT exit=2026-07-22 11:42:03 미매칭수량=21.00000000 orderID=3764328224573825024 tradeID=None
[진입유실 방지 자동보정] LONG HYPE/USDT:USDT exit=2026-07-02 09:33:02 미매칭수량=1.00000000 orderID=3706086441083936768 tradeID=None
[진입유실 방지 자동보정] SHORT HYPE/USDT:USDT exit=2026-07-02 18:46:50 미매칭수량=1.00000000 orderID=3707201387012235264 tradeID=None
[진입유실 방지 자동보정] SHORT HYPE/USDT:USDT exit=2026-07-09 00:25:17 미매칭수량=24.00000000 orderID=3725277377667997696 tradeID=None
[진입유실 방지 자동보정] LONG HYPE/USDT:USDT exit=2026-07-09 06:18:38 미매칭수량=24.00000000 orderID=3725988764811730944 tradeID=None
[진입유실 방지 자동보정] LONG HYPE/USDT:USDT exit=2026-07-09 08:16:14 미매칭수량=23.00000000 orderID=3726225544848809984 tradeID=None
[진입유실 방지 자동보정] LONG HYPE/USDT:USDT exit=2026-07-13 19:30:19 미매칭수량=2.00000000 orderID=3739179042162810880 tradeID=None
[진입유실 방지 자동보정] LONG HYPE/USDT:USDT exit=2026-07-26 15:19:38 미매칭수량=2.00000000 orderID=3776362689651220480 tradeID=None
[진입유실 방지 자동보정] SHORT BTC/USDT:USDT exit=2026-07-07 21:35:36 미매칭수량=0.03000000 orderID=3722036669318373376 tradeID=None
[진입유실 방지 자동보정] SHORT BTC/USDT:USDT exit=2026-07-08 00:16:47 미매칭수량=0.04000000 orderID=3722361174263799808 tradeID=None
[진입유실 방지 자동보정] LONG BTC/USDT:USDT exit=2026-07-08 18:05:02 미매칭수량=0.03000000 orderID=3724511840214130688 tradeID=None
[진입유실 방지 자동보정] LONG BTC/USDT:USDT exit=2026-07-08 22:25:16 미매칭수량=0.03000000 orderID=3725035749082603520 tradeID=None
[진입유실 방지 자동보정] LONG BTC/USDT:USDT exit=2026-07-10 12:10:09 미매칭수량=0.25000000 orderID=3729595582481899520 tradeID=None
[진입유실 방지 자동보정] SHORT BTC/USDT:USDT exit=2026-07-10 20:40:19 미매칭수량=0.24000000 orderID=3730622678511591424 tradeID=None
[진입유실 방지 자동보정] SHORT BTC/USDT:USDT exit=2026-07-13 17:06:33 미매칭수량=0.02000000 orderID=3738889605591801856 tradeID=None
[진입유실 방지 자동보정] SHORT BTC/USDT:USDT exit=2026-07-23 01:38:30 미매칭수량=0.02000000 orderID=3766012229442543616 tradeID=None
[진입유실 방지 자동보정] SHORT XRP/USDT:USDT exit=2026-07-10 20:56:05 미매칭수량=1.43000000 orderID=3730654412548546560 tradeID=None
[진입유실 방지 자동보정] LONG XRP/USDT:USDT exit=2026-07-11 02:57:26 미매칭수량=0.14000000 orderID=3731381904544571392 tradeID=None
[진입유실 방지 자동보정] LONG XRP/USDT:USDT exit=2026-07-11 07:35:19 미매칭수량=0.14000000 orderID=3731941344905732096 tradeID=None
[진입유실 방지 자동보정] LONG XRP/USDT:USDT exit=2026-07-13 22:19:43 미매칭수량=0.15000000 orderID=3739520111387811840 tradeID=None
[CATFIX] pnl=0 청산 → 진입 재분류: KAITO/USDT:USDT buy 수량=9.00000000 tradeID=243056081
[진입유실 방지 자동보정] LONG KAITO/USDT:USDT exit=2026-05-23 07:44:17 미매칭수량=101.00000000 orderID=3589903302570221568 tradeID=None
[AUTO_REPAIR] 8404 점검 중 예외: cannot access local variable 'entry' where it is not associated with a value
[진입유실 방지 자동보정] LONG KAITO/USDT:USDT exit=2026-05-23 07:44:17 미매칭수량=101.00000000 orderID=3589903302570221568 tradeID=None
[AUTO_REPAIR] 8405 점검 중 예외: cannot access local variable 'entry' where it is not associated with a value
[진입유실 방지 자동보정] LONG KAITO/USDT:USDT exit=2026-05-23 07:44:17 미매칭수량=101.00000000 orderID=3589903302570221568 tradeID=None
[AUTO_REPAIR] 8407 점검 중 예외: cannot access local variable 'entry' where it is not associated with a value
[진입유실 방지 자동보정] LONG KAITO/USDT:USDT exit=2026-05-23 07:44:17 미매칭수량=101.00000000 orderID=3589903302570221568 tradeID=None
[AUTO_REPAIR] 8408 점검 중 예외: cannot access local variable 'entry' where it is not associated with a value
[진입유실 방지 자동보정] LONG KAITO/USDT:USDT exit=2026-05-23 07:44:17 미매칭수량=101.00000000 orderID=3589903302570221568 tradeID=None
[AUTO_REPAIR] 8409 점검 중 예외: cannot access local variable 'entry' where it is not associated with a value
[DISCORD 1MIN] 09:15:45 ok=True Group 1(5): status=204 | Group 2(3): status=204 collect=8.5s post=0.7s
[DISCORD 1MIN] 09:16:44 ok=True Group 1(5): status=204 | Group 2(3): status=204 collect=8.4s post=0.6s
[DISCORD 1MIN] 09:17:45 ok=True Group 1(5): status=204 | Group 2(3): status=204 collect=8.6s post=0.7s
[DISCORD 1MIN] 09:18:45 ok=True Group 1(5): status=204 | Group 2(3): status=204 collect=8.5s post=0.7s
[DISCORD 1MIN] 09:19:45 ok=True Group 1(5): status=204 | Group 2(3): status=204 collect=8.8s post=0.7s
[진입유실 방지 자동보정] LONG KAITO/USDT:USDT exit=2026-05-23 07:44:17 미매칭수량=101.00000000 orderID=3589903302570221568 tradeID=None
[AUTO_REPAIR] 8401 점검 중 예외: cannot access local variable 'entry' where it is not associated with a value
[진입유실 방지 자동보정] LONG KAITO/USDT:USDT exit=2026-05-23 07:44:17 미매칭수량=101.00000000 orderID=3589903302570221568 tradeID=None
[AUTO_REPAIR] 8402 점검 중 예외: cannot access local variable 'entry' where it is not associated with a value
[진입유실 방지 자동보정] LONG KAITO/USDT:USDT exit=2026-05-23 07:44:17 미매칭수량=101.00000000 orderID=3589903302570221568 tradeID=None
[진입유실 방지 자동보정] LONG KAITO/USDT:USDT exit=2026-05-23 09:16:43 미매칭수량=103.00000000 orderID=3590089470679130112 tradeID=None
[진입유실 방지 자동보정] SHORT KAITO/USDT:USDT exit=2026-07-27 23:37:02 미매칭수량=9.00000000 orderID=3780263207016538112 tradeID=None
[진입유실 방지 자동보정] LONG KAITO/USDT:USDT exit=2026-07-28 00:17:06 미매칭수량=9.00000000 orderID=3780343864489091072 tradeID=None
[진입유실 방지 자동보정] LONG ONDO/USDT:USDT exit=2026-05-31 12:11:56 미매칭수량=13.00000000 orderID=3613635053565976576 tradeID=None
[진입유실 방지 자동보정] SHORT ONDO/USDT:USDT exit=2026-06-04 19:57:55 미매칭수량=18.00000000 orderID=3626169605609955328 tradeID=None
[진입유실 방지 자동보정] SHORT ONDO/USDT:USDT exit=2026-07-24 12:48:41 미매칭수량=4.00000000 orderID=3770260599027736576 tradeID=None
[진입유실 방지 자동보정] SHORT ADA/USDT:USDT exit=2026-06-15 18:07:56 미매칭수량=0.80000000 orderID=3657838324836671488 tradeID=None
[진입유실 방지 자동보정] SHORT ADA/USDT:USDT exit=2026-06-15 19:54:41 미매칭수량=0.80000000 orderID=3658053208425832448 tradeID=None
[진입유실 방지 자동보정] SHORT ADA/USDT:USDT exit=2026-06-15 20:18:33 미매칭수량=0.70000000 orderID=3658101280451272704 tradeID=None
[진입유실 방지 자동보정] SHORT ADA/USDT:USDT exit=2026-06-15 20:19:56 미매칭수량=0.70000000 orderID=3658104046410211328 tradeID=None
[진입유실 방지 자동보정] SHORT ADA/USDT:USDT exit=2026-06-15 20:20:18 미매칭수량=0.70000000 orderID=3658104812894101504 tradeID=None
[진입유실 방지 자동보정] SHORT ADA/USDT:USDT exit=2026-06-15 20:26:32 미매칭수량=0.70000000 orderID=3658117332119789568 tradeID=None
[진입유실 방지 자동보정] SHORT ADA/USDT:USDT exit=2026-06-15 20:44:55 미매칭수량=0.70000000 orderID=3658154361918529536 tradeID=None
[진입유실 방지 자동보정] SHORT ADA/USDT:USDT exit=2026-06-15 21:10:33 미매칭수량=0.70000000 orderID=3658205958837051392 tradeID=None
[진입유실 방지 자동보정] SHORT OKB/USDT:USDT exit=2026-06-21 03:12:28 미매칭수량=22.00000000 orderID=3673430118722904064 tradeID=None
[진입유실 방지 자동보정] SHORT OKB/USDT:USDT exit=2026-06-25 17:43:10 미매칭수량=16.00000000 orderID=3686779476461690880 tradeID=None
[진입유실 방지 자동보정] SHORT OKB/USDT:USDT exit=2026-06-25 20:10:48 미매칭수량=16.00000000 orderID=3687076707525926912 tradeID=None
[진입유실 방지 자동보정] LONG OKB/USDT:USDT exit=2026-06-26 12:38:51 미매칭수량=19.00000000 orderID=3689065905153843200 tradeID=None
[진입유실 방지 자동보정] LONG OKB/USDT:USDT exit=2026-06-26 15:55:46 미매칭수량=10.00000000 orderID=3689462344057036800 tradeID=None
[진입유실 방지 자동보정] LONG OKB/USDT:USDT exit=2026-07-22 11:42:03 미매칭수량=21.00000000 orderID=3764328224573825024 tradeID=None
[진입유실 방지 자동보정] LONG HYPE/USDT:USDT exit=2026-07-02 09:33:02 미매칭수량=1.00000000 orderID=3706086441083936768 tradeID=None
[진입유실 방지 자동보정] SHORT HYPE/USDT:USDT exit=2026-07-02 18:46:50 미매칭수량=1.00000000 orderID=3707201387012235264 tradeID=None
[진입유실 방지 자동보정] SHORT HYPE/USDT:USDT exit=2026-07-09 00:25:17 미매칭수량=24.00000000 orderID=3725277377667997696 tradeID=None
[진입유실 방지 자동보정] LONG HYPE/USDT:USDT exit=2026-07-09 06:18:38 미매칭수량=24.00000000 orderID=3725988764811730944 tradeID=None
[진입유실 방지 자동보정] LONG HYPE/USDT:USDT exit=2026-07-09 08:16:14 미매칭수량=23.00000000 orderID=3726225544848809984 tradeID=None
[진입유실 방지 자동보정] LONG HYPE/USDT:USDT exit=2026-07-13 19:30:19 미매칭수량=2.00000000 orderID=3739179042162810880 tradeID=None
[진입유실 방지 자동보정] LONG HYPE/USDT:USDT exit=2026-07-26 15:19:38 미매칭수량=2.00000000 orderID=3776362689651220480 tradeID=None
[진입유실 방지 자동보정] SHORT BTC/USDT:USDT exit=2026-07-07 21:35:36 미매칭수량=0.03000000 orderID=3722036669318373376 tradeID=None
[진입유실 방지 자동보정] SHORT BTC/USDT:USDT exit=2026-07-08 00:16:47 미매칭수량=0.04000000 orderID=3722361174263799808 tradeID=None
[진입유실 방지 자동보정] LONG BTC/USDT:USDT exit=2026-07-08 18:05:02 미매칭수량=0.03000000 orderID=3724511840214130688 tradeID=None
[진입유실 방지 자동보정] LONG BTC/USDT:USDT exit=2026-07-08 22:25:16 미매칭수량=0.03000000 orderID=3725035749082603520 tradeID=None
[진입유실 방지 자동보정] LONG BTC/USDT:USDT exit=2026-07-10 12:10:09 미매칭수량=0.25000000 orderID=3729595582481899520 tradeID=None
[진입유실 방지 자동보정] SHORT BTC/USDT:USDT exit=2026-07-10 20:40:19 미매칭수량=0.24000000 orderID=3730622678511591424 tradeID=None
[진입유실 방지 자동보정] SHORT BTC/USDT:USDT exit=2026-07-13 17:06:33 미매칭수량=0.02000000 orderID=3738889605591801856 tradeID=None
[진입유실 방지 자동보정] SHORT BTC/USDT:USDT exit=2026-07-23 01:38:30 미매칭수량=0.02000000 orderID=3766012229442543616 tradeID=None
[진입유실 방지 자동보정] SHORT XRP/USDT:USDT exit=2026-07-10 20:56:05 미매칭수량=1.43000000 orderID=3730654412548546560 tradeID=None
[진입유실 방지 자동보정] LONG XRP/USDT:USDT exit=2026-07-11 02:57:26 미매칭수량=0.14000000 orderID=3731381904544571392 tradeID=None
[진입유실 방지 자동보정] LONG XRP/USDT:USDT exit=2026-07-11 07:35:19 미매칭수량=0.14000000 orderID=3731941344905732096 tradeID=None
[진입유실 방지 자동보정] LONG XRP/USDT:USDT exit=2026-07-13 22:19:43 미매칭수량=0.15000000 orderID=3739520111387811840 tradeID=None
[CATFIX] pnl=0 청산 → 진입 재분류: KAITO/USDT:USDT buy 수량=9.00000000 tradeID=243056081
[진입유실 방지 자동보정] LONG KAITO/USDT:USDT exit=2026-05-23 07:44:17 미매칭수량=101.00000000 orderID=3589903302570221568 tradeID=None
[AUTO_REPAIR] 8404 점검 중 예외: cannot access local variable 'entry' where it is not associated with a value
[진입유실 방지 자동보정] LONG KAITO/USDT:USDT exit=2026-05-23 07:44:17 미매칭수량=101.00000000 orderID=3589903302570221568 tradeID=None
[AUTO_REPAIR] 8405 점검 중 예외: cannot access local variable 'entry' where it is not associated with a value
[진입유실 방지 자동보정] LONG KAITO/USDT:USDT exit=2026-05-23 07:44:17 미매칭수량=101.00000000 orderID=3589903302570221568 tradeID=None
[AUTO_REPAIR] 8407 점검 중 예외: cannot access local variable 'entry' where it is not associated with a value
[진입유실 방지 자동보정] LONG KAITO/USDT:USDT exit=2026-05-23 07:44:17 미매칭수량=101.00000000 orderID=3589903302570221568 tradeID=None
[AUTO_REPAIR] 8408 점검 중 예외: cannot access local variable 'entry' where it is not associated with a value
[진입유실 방지 자동보정] LONG KAITO/USDT:USDT exit=2026-05-23 07:44:17 미매칭수량=101.00000000 orderID=3589903302570221568 tradeID=None
[AUTO_REPAIR] 8409 점검 중 예외: cannot access local variable 'entry' where it is not associated with a value
[DISCORD 1MIN] 09:20:45 ok=True Group 1(5): status=204 | Group 2(3): status=204 collect=8.5s post=0.8s
[DISCORD 1MIN] 09:21:45 ok=True Group 1(5): status=204 | Group 2(3): status=204 collect=8.7s post=0.8s
[DISCORD 1MIN] 09:22:45 ok=True Group 1(5): status=204 | Group 2(3): status=204 collect=8.5s post=0.7s
[DISCORD 1MIN] 09:23:46 ok=True Group 1(5): status=204 | Group 2(3): status=204 collect=8.5s post=1.6s
[DISCORD 1MIN] 09:24:45 ok=True Group 1(5): status=204 | Group 2(3): status=204 collect=8.4s post=0.7s
[진입유실 방지 자동보정] LONG KAITO/USDT:USDT exit=2026-05-23 07:44:17 미매칭수량=101.00000000 orderID=3589903302570221568 tradeID=None
[AUTO_REPAIR] 8401 점검 중 예외: cannot access local variable 'entry' where it is not associated with a value
[진입유실 방지 자동보정] LONG KAITO/USDT:USDT exit=2026-05-23 07:44:17 미매칭수량=101.00000000 orderID=3589903302570221568 tradeID=None
[AUTO_REPAIR] 8402 점검 중 예외: cannot access local variable 'entry' where it is not associated with a value
[진입유실 방지 자동보정] LONG KAITO/USDT:USDT exit=2026-05-23 07:44:17 미매칭수량=101.00000000 orderID=3589903302570221568 tradeID=None
[진입유실 방지 자동보정] LONG KAITO/USDT:USDT exit=2026-05-23 09:16:43 미매칭수량=103.00000000 orderID=3590089470679130112 tradeID=None
[진입유실 방지 자동보정] SHORT KAITO/USDT:USDT exit=2026-07-27 23:37:02 미매칭수량=9.00000000 orderID=3780263207016538112 tradeID=None
[진입유실 방지 자동보정] LONG KAITO/USDT:USDT exit=2026-07-28 00:17:06 미매칭수량=9.00000000 orderID=3780343864489091072 tradeID=None
[진입유실 방지 자동보정] LONG ONDO/USDT:USDT exit=2026-05-31 12:11:56 미매칭수량=13.00000000 orderID=3613635053565976576 tradeID=None
[진입유실 방지 자동보정] SHORT ONDO/USDT:USDT exit=2026-06-04 19:57:55 미매칭수량=18.00000000 orderID=3626169605609955328 tradeID=None
[진입유실 방지 자동보정] SHORT ONDO/USDT:USDT exit=2026-07-24 12:48:41 미매칭수량=4.00000000 orderID=3770260599027736576 tradeID=None
[진입유실 방지 자동보정] SHORT ADA/USDT:USDT exit=2026-06-15 18:07:56 미매칭수량=0.80000000 orderID=3657838324836671488 tradeID=None
[진입유실 방지 자동보정] SHORT ADA/USDT:USDT exit=2026-06-15 19:54:41 미매칭수량=0.80000000 orderID=3658053208425832448 tradeID=None
[진입유실 방지 자동보정] SHORT ADA/USDT:USDT exit=2026-06-15 20:18:33 미매칭수량=0.70000000 orderID=3658101280451272704 tradeID=None
[진입유실 방지 자동보정] SHORT ADA/USDT:USDT exit=2026-06-15 20:19:56 미매칭수량=0.70000000 orderID=3658104046410211328 tradeID=None
[진입유실 방지 자동보정] SHORT ADA/USDT:USDT exit=2026-06-15 20:20:18 미매칭수량=0.70000000 orderID=3658104812894101504 tradeID=None
[진입유실 방지 자동보정] SHORT ADA/USDT:USDT exit=2026-06-15 20:26:32 미매칭수량=0.70000000 orderID=3658117332119789568 tradeID=None
[진입유실 방지 자동보정] SHORT ADA/USDT:USDT exit=2026-06-15 20:44:55 미매칭수량=0.70000000 orderID=3658154361918529536 tradeID=None
[진입유실 방지 자동보정] SHORT ADA/USDT:USDT exit=2026-06-15 21:10:33 미매칭수량=0.70000000 orderID=3658205958837051392 tradeID=None
[진입유실 방지 자동보정] SHORT OKB/USDT:USDT exit=2026-06-21 03:12:28 미매칭수량=22.00000000 orderID=3673430118722904064 tradeID=None
[진입유실 방지 자동보정] SHORT OKB/USDT:USDT exit=2026-06-25 17:43:10 미매칭수량=16.00000000 orderID=3686779476461690880 tradeID=None
[진입유실 방지 자동보정] SHORT OKB/USDT:USDT exit=2026-06-25 20:10:48 미매칭수량=16.00000000 orderID=3687076707525926912 tradeID=None
[진입유실 방지 자동보정] LONG OKB/USDT:USDT exit=2026-06-26 12:38:51 미매칭수량=19.00000000 orderID=3689065905153843200 tradeID=None
[진입유실 방지 자동보정] LONG OKB/USDT:USDT exit=2026-06-26 15:55:46 미매칭수량=10.00000000 orderID=3689462344057036800 tradeID=None
[진입유실 방지 자동보정] LONG OKB/USDT:USDT exit=2026-07-22 11:42:03 미매칭수량=21.00000000 orderID=3764328224573825024 tradeID=None
[진입유실 방지 자동보정] LONG HYPE/USDT:USDT exit=2026-07-02 09:33:02 미매칭수량=1.00000000 orderID=3706086441083936768 tradeID=None
[진입유실 방지 자동보정] SHORT HYPE/USDT:USDT exit=2026-07-02 18:46:50 미매칭수량=1.00000000 orderID=3707201387012235264 tradeID=None
[진입유실 방지 자동보정] SHORT HYPE/USDT:USDT exit=2026-07-09 00:25:17 미매칭수량=24.00000000 orderID=3725277377667997696 tradeID=None
[진입유실 방지 자동보정] LONG HYPE/USDT:USDT exit=2026-07-09 06:18:38 미매칭수량=24.00000000 orderID=3725988764811730944 tradeID=None
[진입유실 방지 자동보정] LONG HYPE/USDT:USDT exit=2026-07-09 08:16:14 미매칭수량=23.00000000 orderID=3726225544848809984 tradeID=None
[진입유실 방지 자동보정] LONG HYPE/USDT:USDT exit=2026-07-13 19:30:19 미매칭수량=2.00000000 orderID=3739179042162810880 tradeID=None
[진입유실 방지 자동보정] LONG HYPE/USDT:USDT exit=2026-07-26 15:19:38 미매칭수량=2.00000000 orderID=3776362689651220480 tradeID=None
[진입유실 방지 자동보정] SHORT BTC/USDT:USDT exit=2026-07-07 21:35:36 미매칭수량=0.03000000 orderID=3722036669318373376 tradeID=None
[진입유실 방지 자동보정] SHORT BTC/USDT:USDT exit=2026-07-08 00:16:47 미매칭수량=0.04000000 orderID=3722361174263799808 tradeID=None
[진입유실 방지 자동보정] LONG BTC/USDT:USDT exit=2026-07-08 18:05:02 미매칭수량=0.03000000 orderID=3724511840214130688 tradeID=None
[진입유실 방지 자동보정] LONG BTC/USDT:USDT exit=2026-07-08 22:25:16 미매칭수량=0.03000000 orderID=3725035749082603520 tradeID=None
[진입유실 방지 자동보정] LONG BTC/USDT:USDT exit=2026-07-10 12:10:09 미매칭수량=0.25000000 orderID=3729595582481899520 tradeID=None
[진입유실 방지 자동보정] SHORT BTC/USDT:USDT exit=2026-07-10 20:40:19 미매칭수량=0.24000000 orderID=3730622678511591424 tradeID=None
[진입유실 방지 자동보정] SHORT BTC/USDT:USDT exit=2026-07-13 17:06:33 미매칭수량=0.02000000 orderID=3738889605591801856 tradeID=None
[진입유실 방지 자동보정] SHORT BTC/USDT:USDT exit=2026-07-23 01:38:30 미매칭수량=0.02000000 orderID=3766012229442543616 tradeID=None
[진입유실 방지 자동보정] SHORT XRP/USDT:USDT exit=2026-07-10 20:56:05 미매칭수량=1.43000000 orderID=3730654412548546560 tradeID=None
[진입유실 방지 자동보정] LONG XRP/USDT:USDT exit=2026-07-11 02:57:26 미매칭수량=0.14000000 orderID=3731381904544571392 tradeID=None
[진입유실 방지 자동보정] LONG XRP/USDT:USDT exit=2026-07-11 07:35:19 미매칭수량=0.14000000 orderID=3731941344905732096 tradeID=None
[진입유실 방지 자동보정] LONG XRP/USDT:USDT exit=2026-07-13 22:19:43 미매칭수량=0.15000000 orderID=3739520111387811840 tradeID=None
[CATFIX] pnl=0 청산 → 진입 재분류: KAITO/USDT:USDT buy 수량=9.00000000 tradeID=243056081
[진입유실 방지 자동보정] LONG KAITO/USDT:USDT exit=2026-05-23 07:44:17 미매칭수량=101.00000000 orderID=3589903302570221568 tradeID=None
[AUTO_REPAIR] 8404 점검 중 예외: cannot access local variable 'entry' where it is not associated with a value
[진입유실 방지 자동보정] LONG KAITO/USDT:USDT exit=2026-05-23 07:44:17 미매칭수량=101.00000000 orderID=3589903302570221568 tradeID=None
[AUTO_REPAIR] 8405 점검 중 예외: cannot access local variable 'entry' where it is not associated with a value
[진입유실 방지 자동보정] LONG KAITO/USDT:USDT exit=2026-05-23 07:44:17 미매칭수량=101.00000000 orderID=3589903302570221568 tradeID=None
[AUTO_REPAIR] 8407 점검 중 예외: cannot access local variable 'entry' where it is not associated with a value
[진입유실 방지 자동보정] LONG KAITO/USDT:USDT exit=2026-05-23 07:44:17 미매칭수량=101.00000000 orderID=3589903302570221568 tradeID=None
[AUTO_REPAIR] 8408 점검 중 예외: cannot access local variable 'entry' where it is not associated with a value
[진입유실 방지 자동보정] LONG KAITO/USDT:USDT exit=2026-05-23 07:44:17 미매칭수량=101.00000000 orderID=3589903302570221568 tradeID=None
[AUTO_REPAIR] 8409 점검 중 예외: cannot access local variable 'entry' where it is not associated with a value
[DISCORD 1MIN] 09:25:45 ok=True Group 1(5): status=204 | Group 2(3): status=204 collect=8.5s post=0.8s
[DISCORD 1MIN] 09:26:45 ok=True Group 1(5): status=204 | Group 2(3): status=204 collect=8.6s post=0.6s
[DISCORD 1MIN] 09:27:45 ok=True Group 1(5): status=204 | Group 2(3): status=204 collect=8.5s post=0.7s
[DISCORD 1MIN] 09:28:45 ok=True Group 1(5): status=204 | Group 2(3): status=204 collect=9.0s post=0.6s
[DISCORD 1MIN] 09:29:45 ok=True Group 1(5): status=204 | Group 2(3): status=204 collect=8.4s post=0.7s
[진입유실 방지 자동보정] LONG KAITO/USDT:USDT exit=2026-05-23 07:44:17 미매칭수량=101.00000000 orderID=3589903302570221568 tradeID=None
[AUTO_REPAIR] 8401 점검 중 예외: cannot access local variable 'entry' where it is not associated with a value
[진입유실 방지 자동보정] LONG KAITO/USDT:USDT exit=2026-05-23 07:44:17 미매칭수량=101.00000000 orderID=3589903302570221568 tradeID=None
[AUTO_REPAIR] 8402 점검 중 예외: cannot access local variable 'entry' where it is not associated with a value
[진입유실 방지 자동보정] LONG KAITO/USDT:USDT exit=2026-05-23 07:44:17 미매칭수량=101.00000000 orderID=3589903302570221568 tradeID=None
[진입유실 방지 자동보정] LONG KAITO/USDT:USDT exit=2026-05-23 09:16:43 미매칭수량=103.00000000 orderID=3590089470679130112 tradeID=None
[진입유실 방지 자동보정] SHORT KAITO/USDT:USDT exit=2026-07-27 23:37:02 미매칭수량=9.00000000 orderID=3780263207016538112 tradeID=None
[진입유실 방지 자동보정] LONG KAITO/USDT:USDT exit=2026-07-28 00:17:06 미매칭수량=9.00000000 orderID=3780343864489091072 tradeID=None
[진입유실 방지 자동보정] LONG ONDO/USDT:USDT exit=2026-05-31 12:11:56 미매칭수량=13.00000000 orderID=3613635053565976576 tradeID=None
[진입유실 방지 자동보정] SHORT ONDO/USDT:USDT exit=2026-06-04 19:57:55 미매칭수량=18.00000000 orderID=3626169605609955328 tradeID=None
[진입유실 방지 자동보정] SHORT ONDO/USDT:USDT exit=2026-07-24 12:48:41 미매칭수량=4.00000000 orderID=3770260599027736576 tradeID=None
[진입유실 방지 자동보정] SHORT ADA/USDT:USDT exit=2026-06-15 18:07:56 미매칭수량=0.80000000 orderID=3657838324836671488 tradeID=None
[진입유실 방지 자동보정] SHORT ADA/USDT:USDT exit=2026-06-15 19:54:41 미매칭수량=0.80000000 orderID=3658053208425832448 tradeID=None
[진입유실 방지 자동보정] SHORT ADA/USDT:USDT exit=2026-06-15 20:18:33 미매칭수량=0.70000000 orderID=3658101280451272704 tradeID=None
[진입유실 방지 자동보정] SHORT ADA/USDT:USDT exit=2026-06-15 20:19:56 미매칭수량=0.70000000 orderID=3658104046410211328 tradeID=None
[진입유실 방지 자동보정] SHORT ADA/USDT:USDT exit=2026-06-15 20:20:18 미매칭수량=0.70000000 orderID=3658104812894101504 tradeID=None
[진입유실 방지 자동보정] SHORT ADA/USDT:USDT exit=2026-06-15 20:26:32 미매칭수량=0.70000000 orderID=3658117332119789568 tradeID=None
[진입유실 방지 자동보정] SHORT ADA/USDT:USDT exit=2026-06-15 20:44:55 미매칭수량=0.70000000 orderID=3658154361918529536 tradeID=None
[진입유실 방지 자동보정] SHORT ADA/USDT:USDT exit=2026-06-15 21:10:33 미매칭수량=0.70000000 orderID=3658205958837051392 tradeID=None
[진입유실 방지 자동보정] SHORT OKB/USDT:USDT exit=2026-06-21 03:12:28 미매칭수량=22.00000000 orderID=3673430118722904064 tradeID=None
[진입유실 방지 자동보정] SHORT OKB/USDT:USDT exit=2026-06-25 17:43:10 미매칭수량=16.00000000 orderID=3686779476461690880 tradeID=None
[진입유실 방지 자동보정] SHORT OKB/USDT:USDT exit=2026-06-25 20:10:48 미매칭수량=16.00000000 orderID=3687076707525926912 tradeID=None
[진입유실 방지 자동보정] LONG OKB/USDT:USDT exit=2026-06-26 12:38:51 미매칭수량=19.00000000 orderID=3689065905153843200 tradeID=None
[진입유실 방지 자동보정] LONG OKB/USDT:USDT exit=2026-06-26 15:55:46 미매칭수량=10.00000000 orderID=3689462344057036800 tradeID=None
[진입유실 방지 자동보정] LONG OKB/USDT:USDT exit=2026-07-22 11:42:03 미매칭수량=21.00000000 orderID=3764328224573825024 tradeID=None
[진입유실 방지 자동보정] LONG HYPE/USDT:USDT exit=2026-07-02 09:33:02 미매칭수량=1.00000000 orderID=3706086441083936768 tradeID=None
[진입유실 방지 자동보정] SHORT HYPE/USDT:USDT exit=2026-07-02 18:46:50 미매칭수량=1.00000000 orderID=3707201387012235264 tradeID=None
[진입유실 방지 자동보정] SHORT HYPE/USDT:USDT exit=2026-07-09 00:25:17 미매칭수량=24.00000000 orderID=3725277377667997696 tradeID=None
[진입유실 방지 자동보정] LONG HYPE/USDT:USDT exit=2026-07-09 06:18:38 미매칭수량=24.00000000 orderID=3725988764811730944 tradeID=None
[진입유실 방지 자동보정] LONG HYPE/USDT:USDT exit=2026-07-09 08:16:14 미매칭수량=23.00000000 orderID=3726225544848809984 tradeID=None
[진입유실 방지 자동보정] LONG HYPE/USDT:USDT exit=2026-07-13 19:30:19 미매칭수량=2.00000000 orderID=3739179042162810880 tradeID=None
[진입유실 방지 자동보정] LONG HYPE/USDT:USDT exit=2026-07-26 15:19:38 미매칭수량=2.00000000 orderID=3776362689651220480 tradeID=None
[진입유실 방지 자동보정] SHORT BTC/USDT:USDT exit=2026-07-07 21:35:36 미매칭수량=0.03000000 orderID=3722036669318373376 tradeID=None
[진입유실 방지 자동보정] SHORT BTC/USDT:USDT exit=2026-07-08 00:16:47 미매칭수량=0.04000000 orderID=3722361174263799808 tradeID=None
[진입유실 방지 자동보정] LONG BTC/USDT:USDT exit=2026-07-08 18:05:02 미매칭수량=0.03000000 orderID=3724511840214130688 tradeID=None
[진입유실 방지 자동보정] LONG BTC/USDT:USDT exit=2026-07-08 22:25:16 미매칭수량=0.03000000 orderID=3725035749082603520 tradeID=None
[진입유실 방지 자동보정] LONG BTC/USDT:USDT exit=2026-07-10 12:10:09 미매칭수량=0.25000000 orderID=3729595582481899520 tradeID=None
[진입유실 방지 자동보정] SHORT BTC/USDT:USDT exit=2026-07-10 20:40:19 미매칭수량=0.24000000 orderID=3730622678511591424 tradeID=None
[진입유실 방지 자동보정] SHORT BTC/USDT:USDT exit=2026-07-13 17:06:33 미매칭수량=0.02000000 orderID=3738889605591801856 tradeID=None
[진입유실 방지 자동보정] SHORT BTC/USDT:USDT exit=2026-07-23 01:38:30 미매칭수량=0.02000000 orderID=3766012229442543616 tradeID=None
[진입유실 방지 자동보정] SHORT XRP/USDT:USDT exit=2026-07-10 20:56:05 미매칭수량=1.43000000 orderID=3730654412548546560 tradeID=None
[진입유실 방지 자동보정] LONG XRP/USDT:USDT exit=2026-07-11 02:57:26 미매칭수량=0.14000000 orderID=3731381904544571392 tradeID=None
[진입유실 방지 자동보정] LONG XRP/USDT:USDT exit=2026-07-11 07:35:19 미매칭수량=0.14000000 orderID=3731941344905732096 tradeID=None
[진입유실 방지 자동보정] LONG XRP/USDT:USDT exit=2026-07-13 22:19:43 미매칭수량=0.15000000 orderID=3739520111387811840 tradeID=None
[CATFIX] pnl=0 청산 → 진입 재분류: KAITO/USDT:USDT buy 수량=9.00000000 tradeID=243056081
[진입유실 방지 자동보정] LONG KAITO/USDT:USDT exit=2026-05-23 07:44:17 미매칭수량=101.00000000 orderID=3589903302570221568 tradeID=None
[AUTO_REPAIR] 8404 점검 중 예외: cannot access local variable 'entry' where it is not associated with a value
[진입유실 방지 자동보정] LONG KAITO/USDT:USDT exit=2026-05-23 07:44:17 미매칭수량=101.00000000 orderID=3589903302570221568 tradeID=None
[AUTO_REPAIR] 8405 점검 중 예외: cannot access local variable 'entry' where it is not associated with a value
[진입유실 방지 자동보정] LONG KAITO/USDT:USDT exit=2026-05-23 07:44:17 미매칭수량=101.00000000 orderID=3589903302570221568 tradeID=None
[AUTO_REPAIR] 8407 점검 중 예외: cannot access local variable 'entry' where it is not associated with a value
[진입유실 방지 자동보정] LONG KAITO/USDT:USDT exit=2026-05-23 07:44:17 미매칭수량=101.00000000 orderID=3589903302570221568 tradeID=None
[AUTO_REPAIR] 8408 점검 중 예외: cannot access local variable 'entry' where it is not associated with a value
[진입유실 방지 자동보정] LONG KAITO/USDT:USDT exit=2026-05-23 07:44:17 미매칭수량=101.00000000 orderID=3589903302570221568 tradeID=None
[AUTO_REPAIR] 8409 점검 중 예외: cannot access local variable 'entry' where it is not associated with a value
[DISCORD 1MIN] 09:30:45 ok=True Group 1(5): status=204 | Group 2(3): status=204 collect=8.8s post=0.7s
[DISCORD 1MIN] 09:31:45 ok=True Group 1(5): status=204 | Group 2(3): status=204 collect=8.5s post=0.7s
[DISCORD 1MIN] 09:32:45 ok=True Group 1(5): status=204 | Group 2(3): status=204 collect=8.5s post=0.7s
[DISCORD 1MIN] 09:33:45 ok=True Group 1(5): status=204 | Group 2(3): status=204 collect=8.4s post=0.9s
[DISCORD 1MIN] 09:34:45 ok=True Group 1(5): status=204 | Group 2(3): status=204 collect=8.4s post=0.8s
[진입유실 방지 자동보정] LONG KAITO/USDT:USDT exit=2026-05-23 07:44:17 미매칭수량=101.00000000 orderID=3589903302570221568 tradeID=None
[AUTO_REPAIR] 8401 점검 중 예외: cannot access local variable 'entry' where it is not associated with a value
[진입유실 방지 자동보정] LONG KAITO/USDT:USDT exit=2026-05-23 07:44:17 미매칭수량=101.00000000 orderID=3589903302570221568 tradeID=None
[AUTO_REPAIR] 8402 점검 중 예외: cannot access local variable 'entry' where it is not associated with a value
[진입유실 방지 자동보정] LONG KAITO/USDT:USDT exit=2026-05-23 07:44:17 미매칭수량=101.00000000 orderID=3589903302570221568 tradeID=None
[진입유실 방지 자동보정] LONG KAITO/USDT:USDT exit=2026-05-23 09:16:43 미매칭수량=103.00000000 orderID=3590089470679130112 tradeID=None
[진입유실 방지 자동보정] SHORT KAITO/USDT:USDT exit=2026-07-27 23:37:02 미매칭수량=9.00000000 orderID=3780263207016538112 tradeID=None
[진입유실 방지 자동보정] LONG KAITO/USDT:USDT exit=2026-07-28 00:17:06 미매칭수량=9.00000000 orderID=3780343864489091072 tradeID=None
[진입유실 방지 자동보정] LONG ONDO/USDT:USDT exit=2026-05-31 12:11:56 미매칭수량=13.00000000 orderID=3613635053565976576 tradeID=None
[진입유실 방지 자동보정] SHORT ONDO/USDT:USDT exit=2026-06-04 19:57:55 미매칭수량=18.00000000 orderID=3626169605609955328 tradeID=None
[진입유실 방지 자동보정] SHORT ONDO/USDT:USDT exit=2026-07-24 12:48:41 미매칭수량=4.00000000 orderID=3770260599027736576 tradeID=None
[진입유실 방지 자동보정] SHORT ADA/USDT:USDT exit=2026-06-15 18:07:56 미매칭수량=0.80000000 orderID=3657838324836671488 tradeID=None
[진입유실 방지 자동보정] SHORT ADA/USDT:USDT exit=2026-06-15 19:54:41 미매칭수량=0.80000000 orderID=3658053208425832448 tradeID=None
[진입유실 방지 자동보정] SHORT ADA/USDT:USDT exit=2026-06-15 20:18:33 미매칭수량=0.70000000 orderID=3658101280451272704 tradeID=None
[진입유실 방지 자동보정] SHORT ADA/USDT:USDT exit=2026-06-15 20:19:56 미매칭수량=0.70000000 orderID=3658104046410211328 tradeID=None
[진입유실 방지 자동보정] SHORT ADA/USDT:USDT exit=2026-06-15 20:20:18 미매칭수량=0.70000000 orderID=3658104812894101504 tradeID=None
[진입유실 방지 자동보정] SHORT ADA/USDT:USDT exit=2026-06-15 20:26:32 미매칭수량=0.70000000 orderID=3658117332119789568 tradeID=None
[진입유실 방지 자동보정] SHORT ADA/USDT:USDT exit=2026-06-15 20:44:55 미매칭수량=0.70000000 orderID=3658154361918529536 tradeID=None
[진입유실 방지 자동보정] SHORT ADA/USDT:USDT exit=2026-06-15 21:10:33 미매칭수량=0.70000000 orderID=3658205958837051392 tradeID=None
[진입유실 방지 자동보정] SHORT OKB/USDT:USDT exit=2026-06-21 03:12:28 미매칭수량=22.00000000 orderID=3673430118722904064 tradeID=None
[진입유실 방지 자동보정] SHORT OKB/USDT:USDT exit=2026-06-25 17:43:10 미매칭수량=16.00000000 orderID=3686779476461690880 tradeID=None
[진입유실 방지 자동보정] SHORT OKB/USDT:USDT exit=2026-06-25 20:10:48 미매칭수량=16.00000000 orderID=3687076707525926912 tradeID=None
[진입유실 방지 자동보정] LONG OKB/USDT:USDT exit=2026-06-26 12:38:51 미매칭수량=19.00000000 orderID=3689065905153843200 tradeID=None
[진입유실 방지 자동보정] LONG OKB/USDT:USDT exit=2026-06-26 15:55:46 미매칭수량=10.00000000 orderID=3689462344057036800 tradeID=None
[진입유실 방지 자동보정] LONG OKB/USDT:USDT exit=2026-07-22 11:42:03 미매칭수량=21.00000000 orderID=3764328224573825024 tradeID=None
[진입유실 방지 자동보정] LONG HYPE/USDT:USDT exit=2026-07-02 09:33:02 미매칭수량=1.00000000 orderID=3706086441083936768 tradeID=None
[진입유실 방지 자동보정] SHORT HYPE/USDT:USDT exit=2026-07-02 18:46:50 미매칭수량=1.00000000 orderID=3707201387012235264 tradeID=None
[진입유실 방지 자동보정] SHORT HYPE/USDT:USDT exit=2026-07-09 00:25:17 미매칭수량=24.00000000 orderID=3725277377667997696 tradeID=None
[진입유실 방지 자동보정] LONG HYPE/USDT:USDT exit=2026-07-09 06:18:38 미매칭수량=24.00000000 orderID=3725988764811730944 tradeID=None
[진입유실 방지 자동보정] LONG HYPE/USDT:USDT exit=2026-07-09 08:16:14 미매칭수량=23.00000000 orderID=3726225544848809984 tradeID=None
[진입유실 방지 자동보정] LONG HYPE/USDT:USDT exit=2026-07-13 19:30:19 미매칭수량=2.00000000 orderID=3739179042162810880 tradeID=None
[진입유실 방지 자동보정] LONG HYPE/USDT:USDT exit=2026-07-26 15:19:38 미매칭수량=2.00000000 orderID=3776362689651220480 tradeID=None
[진입유실 방지 자동보정] SHORT BTC/USDT:USDT exit=2026-07-07 21:35:36 미매칭수량=0.03000000 orderID=3722036669318373376 tradeID=None
[진입유실 방지 자동보정] SHORT BTC/USDT:USDT exit=2026-07-08 00:16:47 미매칭수량=0.04000000 orderID=3722361174263799808 tradeID=None
[진입유실 방지 자동보정] LONG BTC/USDT:USDT exit=2026-07-08 18:05:02 미매칭수량=0.03000000 orderID=3724511840214130688 tradeID=None
[진입유실 방지 자동보정] LONG BTC/USDT:USDT exit=2026-07-08 22:25:16 미매칭수량=0.03000000 orderID=3725035749082603520 tradeID=None
[진입유실 방지 자동보정] LONG BTC/USDT:USDT exit=2026-07-10 12:10:09 미매칭수량=0.25000000 orderID=3729595582481899520 tradeID=None
[진입유실 방지 자동보정] SHORT BTC/USDT:USDT exit=2026-07-10 20:40:19 미매칭수량=0.24000000 orderID=3730622678511591424 tradeID=None
[진입유실 방지 자동보정] SHORT BTC/USDT:USDT exit=2026-07-13 17:06:33 미매칭수량=0.02000000 orderID=3738889605591801856 tradeID=None
[진입유실 방지 자동보정] SHORT BTC/USDT:USDT exit=2026-07-23 01:38:30 미매칭수량=0.02000000 orderID=3766012229442543616 tradeID=None
[진입유실 방지 자동보정] SHORT XRP/USDT:USDT exit=2026-07-10 20:56:05 미매칭수량=1.43000000 orderID=3730654412548546560 tradeID=None
[진입유실 방지 자동보정] LONG XRP/USDT:USDT exit=2026-07-11 02:57:26 미매칭수량=0.14000000 orderID=3731381904544571392 tradeID=None
[진입유실 방지 자동보정] LONG XRP/USDT:USDT exit=2026-07-11 07:35:19 미매칭수량=0.14000000 orderID=3731941344905732096 tradeID=None
[진입유실 방지 자동보정] LONG XRP/USDT:USDT exit=2026-07-13 22:19:43 미매칭수량=0.15000000 orderID=3739520111387811840 tradeID=None
[CATFIX] pnl=0 청산 → 진입 재분류: KAITO/USDT:USDT buy 수량=9.00000000 tradeID=243056081
[진입유실 방지 자동보정] LONG KAITO/USDT:USDT exit=2026-05-23 07:44:17 미매칭수량=101.00000000 orderID=3589903302570221568 tradeID=None
[AUTO_REPAIR] 8404 점검 중 예외: cannot access local variable 'entry' where it is not associated with a value
[진입유실 방지 자동보정] LONG KAITO/USDT:USDT exit=2026-05-23 07:44:17 미매칭수량=101.00000000 orderID=3589903302570221568 tradeID=None
[AUTO_REPAIR] 8405 점검 중 예외: cannot access local variable 'entry' where it is not associated with a value
[진입유실 방지 자동보정] LONG KAITO/USDT:USDT exit=2026-05-23 07:44:17 미매칭수량=101.00000000 orderID=3589903302570221568 tradeID=None
[AUTO_REPAIR] 8407 점검 중 예외: cannot access local variable 'entry' where it is not associated with a value
[진입유실 방지 자동보정] LONG KAITO/USDT:USDT exit=2026-05-23 07:44:17 미매칭수량=101.00000000 orderID=3589903302570221568 tradeID=None
[AUTO_REPAIR] 8408 점검 중 예외: cannot access local variable 'entry' where it is not associated with a value
[진입유실 방지 자동보정] LONG KAITO/USDT:USDT exit=2026-05-23 07:44:17 미매칭수량=101.00000000 orderID=3589903302570221568 tradeID=None
[AUTO_REPAIR] 8409 점검 중 예외: cannot access local variable 'entry' where it is not associated with a value
[DISCORD 1MIN] 09:35:45 ok=True Group 1(5): status=204 | Group 2(3): status=204 collect=8.7s post=0.7s
[DISCORD 1MIN] 09:36:45 ok=True Group 1(5): status=204 | Group 2(3): status=204 collect=8.4s post=0.8s
[DISCORD 1MIN] 09:37:45 ok=True Group 1(5): status=204 | Group 2(3): status=204 collect=9.0s post=0.8s
[DISCORD 1MIN] 09:38:45 ok=True Group 1(5): status=204 | Group 2(3): status=204 collect=8.4s post=0.6s
[DISCORD 1MIN] 09:39:45 ok=True Group 1(5): status=204 | Group 2(3): status=204 collect=8.7s post=0.7s
[진입유실 방지 자동보정] LONG KAITO/USDT:USDT exit=2026-05-23 07:44:17 미매칭수량=101.00000000 orderID=3589903302570221568 tradeID=None
[AUTO_REPAIR] 8401 점검 중 예외: cannot access local variable 'entry' where it is not associated with a value
[진입유실 방지 자동보정] LONG KAITO/USDT:USDT exit=2026-05-23 07:44:17 미매칭수량=101.00000000 orderID=3589903302570221568 tradeID=None
[AUTO_REPAIR] 8402 점검 중 예외: cannot access local variable 'entry' where it is not associated with a value
[진입유실 방지 자동보정] LONG KAITO/USDT:USDT exit=2026-05-23 07:44:17 미매칭수량=101.00000000 orderID=3589903302570221568 tradeID=None
[진입유실 방지 자동보정] LONG KAITO/USDT:USDT exit=2026-05-23 09:16:43 미매칭수량=103.00000000 orderID=3590089470679130112 tradeID=None
[진입유실 방지 자동보정] SHORT KAITO/USDT:USDT exit=2026-07-27 23:37:02 미매칭수량=9.00000000 orderID=3780263207016538112 tradeID=None
[진입유실 방지 자동보정] LONG KAITO/USDT:USDT exit=2026-07-28 00:17:06 미매칭수량=9.00000000 orderID=3780343864489091072 tradeID=None
[진입유실 방지 자동보정] LONG ONDO/USDT:USDT exit=2026-05-31 12:11:56 미매칭수량=13.00000000 orderID=3613635053565976576 tradeID=None
[진입유실 방지 자동보정] SHORT ONDO/USDT:USDT exit=2026-06-04 19:57:55 미매칭수량=18.00000000 orderID=3626169605609955328 tradeID=None
[진입유실 방지 자동보정] SHORT ONDO/USDT:USDT exit=2026-07-24 12:48:41 미매칭수량=4.00000000 orderID=3770260599027736576 tradeID=None
[진입유실 방지 자동보정] SHORT ADA/USDT:USDT exit=2026-06-15 18:07:56 미매칭수량=0.80000000 orderID=3657838324836671488 tradeID=None
[진입유실 방지 자동보정] SHORT ADA/USDT:USDT exit=2026-06-15 19:54:41 미매칭수량=0.80000000 orderID=3658053208425832448 tradeID=None
[진입유실 방지 자동보정] SHORT ADA/USDT:USDT exit=2026-06-15 20:18:33 미매칭수량=0.70000000 orderID=3658101280451272704 tradeID=None
[진입유실 방지 자동보정] SHORT ADA/USDT:USDT exit=2026-06-15 20:19:56 미매칭수량=0.70000000 orderID=3658104046410211328 tradeID=None
[진입유실 방지 자동보정] SHORT ADA/USDT:USDT exit=2026-06-15 20:20:18 미매칭수량=0.70000000 orderID=3658104812894101504 tradeID=None
[진입유실 방지 자동보정] SHORT ADA/USDT:USDT exit=2026-06-15 20:26:32 미매칭수량=0.70000000 orderID=3658117332119789568 tradeID=None
[진입유실 방지 자동보정] SHORT ADA/USDT:USDT exit=2026-06-15 20:44:55 미매칭수량=0.70000000 orderID=3658154361918529536 tradeID=None
[진입유실 방지 자동보정] SHORT ADA/USDT:USDT exit=2026-06-15 21:10:33 미매칭수량=0.70000000 orderID=3658205958837051392 tradeID=None
[진입유실 방지 자동보정] SHORT OKB/USDT:USDT exit=2026-06-21 03:12:28 미매칭수량=22.00000000 orderID=3673430118722904064 tradeID=None
[진입유실 방지 자동보정] SHORT OKB/USDT:USDT exit=2026-06-25 17:43:10 미매칭수량=16.00000000 orderID=3686779476461690880 tradeID=None
[진입유실 방지 자동보정] SHORT OKB/USDT:USDT exit=2026-06-25 20:10:48 미매칭수량=16.00000000 orderID=3687076707525926912 tradeID=None
[진입유실 방지 자동보정] LONG OKB/USDT:USDT exit=2026-06-26 12:38:51 미매칭수량=19.00000000 orderID=3689065905153843200 tradeID=None
[진입유실 방지 자동보정] LONG OKB/USDT:USDT exit=2026-06-26 15:55:46 미매칭수량=10.00000000 orderID=3689462344057036800 tradeID=None
[진입유실 방지 자동보정] LONG OKB/USDT:USDT exit=2026-07-22 11:42:03 미매칭수량=21.00000000 orderID=3764328224573825024 tradeID=None
[진입유실 방지 자동보정] LONG HYPE/USDT:USDT exit=2026-07-02 09:33:02 미매칭수량=1.00000000 orderID=3706086441083936768 tradeID=None
[진입유실 방지 자동보정] SHORT HYPE/USDT:USDT exit=2026-07-02 18:46:50 미매칭수량=1.00000000 orderID=3707201387012235264 tradeID=None
[진입유실 방지 자동보정] SHORT HYPE/USDT:USDT exit=2026-07-09 00:25:17 미매칭수량=24.00000000 orderID=3725277377667997696 tradeID=None
[진입유실 방지 자동보정] LONG HYPE/USDT:USDT exit=2026-07-09 06:18:38 미매칭수량=24.00000000 orderID=3725988764811730944 tradeID=None
[진입유실 방지 자동보정] LONG HYPE/USDT:USDT exit=2026-07-09 08:16:14 미매칭수량=23.00000000 orderID=3726225544848809984 tradeID=None
[진입유실 방지 자동보정] LONG HYPE/USDT:USDT exit=2026-07-13 19:30:19 미매칭수량=2.00000000 orderID=3739179042162810880 tradeID=None
[진입유실 방지 자동보정] LONG HYPE/USDT:USDT exit=2026-07-26 15:19:38 미매칭수량=2.00000000 orderID=3776362689651220480 tradeID=None
[진입유실 방지 자동보정] SHORT BTC/USDT:USDT exit=2026-07-07 21:35:36 미매칭수량=0.03000000 orderID=3722036669318373376 tradeID=None
[진입유실 방지 자동보정] SHORT BTC/USDT:USDT exit=2026-07-08 00:16:47 미매칭수량=0.04000000 orderID=3722361174263799808 tradeID=None
[진입유실 방지 자동보정] LONG BTC/USDT:USDT exit=2026-07-08 18:05:02 미매칭수량=0.03000000 orderID=3724511840214130688 tradeID=None
[진입유실 방지 자동보정] LONG BTC/USDT:USDT exit=2026-07-08 22:25:16 미매칭수량=0.03000000 orderID=3725035749082603520 tradeID=None
[진입유실 방지 자동보정] LONG BTC/USDT:USDT exit=2026-07-10 12:10:09 미매칭수량=0.25000000 orderID=3729595582481899520 tradeID=None
[진입유실 방지 자동보정] SHORT BTC/USDT:USDT exit=2026-07-10 20:40:19 미매칭수량=0.24000000 orderID=3730622678511591424 tradeID=None
[진입유실 방지 자동보정] SHORT BTC/USDT:USDT exit=2026-07-13 17:06:33 미매칭수량=0.02000000 orderID=3738889605591801856 tradeID=None
[진입유실 방지 자동보정] SHORT BTC/USDT:USDT exit=2026-07-23 01:38:30 미매칭수량=0.02000000 orderID=3766012229442543616 tradeID=None
[진입유실 방지 자동보정] SHORT XRP/USDT:USDT exit=2026-07-10 20:56:05 미매칭수량=1.43000000 orderID=3730654412548546560 tradeID=None
[진입유실 방지 자동보정] LONG XRP/USDT:USDT exit=2026-07-11 02:57:26 미매칭수량=0.14000000 orderID=3731381904544571392 tradeID=None
[진입유실 방지 자동보정] LONG XRP/USDT:USDT exit=2026-07-11 07:35:19 미매칭수량=0.14000000 orderID=3731941344905732096 tradeID=None
[진입유실 방지 자동보정] LONG XRP/USDT:USDT exit=2026-07-13 22:19:43 미매칭수량=0.15000000 orderID=3739520111387811840 tradeID=None
[CATFIX] pnl=0 청산 → 진입 재분류: KAITO/USDT:USDT buy 수량=9.00000000 tradeID=243056081
[진입유실 방지 자동보정] LONG KAITO/USDT:USDT exit=2026-05-23 07:44:17 미매칭수량=101.00000000 orderID=3589903302570221568 tradeID=None
[AUTO_REPAIR] 8404 점검 중 예외: cannot access local variable 'entry' where it is not associated with a value
[진입유실 방지 자동보정] LONG KAITO/USDT:USDT exit=2026-05-23 07:44:17 미매칭수량=101.00000000 orderID=3589903302570221568 tradeID=None
[AUTO_REPAIR] 8405 점검 중 예외: cannot access local variable 'entry' where it is not associated with a value
[진입유실 방지 자동보정] LONG KAITO/USDT:USDT exit=2026-05-23 07:44:17 미매칭수량=101.00000000 orderID=3589903302570221568 tradeID=None
[AUTO_REPAIR] 8407 점검 중 예외: cannot access local variable 'entry' where it is not associated with a value
[진입유실 방지 자동보정] LONG KAITO/USDT:USDT exit=2026-05-23 07:44:17 미매칭수량=101.00000000 orderID=3589903302570221568 tradeID=None
[AUTO_REPAIR] 8408 점검 중 예외: cannot access local variable 'entry' where it is not associated with a value
[진입유실 방지 자동보정] LONG KAITO/USDT:USDT exit=2026-05-23 07:44:17 미매칭수량=101.00000000 orderID=3589903302570221568 tradeID=None
[AUTO_REPAIR] 8409 점검 중 예외: cannot access local variable 'entry' where it is not associated with a value
[DISCORD 1MIN] 09:40:46 ok=True Group 1(5): status=204 | Group 2(3): status=204 collect=9.3s post=0.9s
[DISCORD 1MIN] 09:41:45 ok=True Group 1(5): status=204 | Group 2(3): status=204 collect=8.5s post=0.7s
[DISCORD 1MIN] 09:42:45 ok=True Group 1(5): status=204 | Group 2(3): status=204 collect=8.6s post=0.9s
[DISCORD 1MIN] 09:43:45 ok=True Group 1(5): status=204 | Group 2(3): status=204 collect=8.5s post=0.7s
[DISCORD 1MIN] 09:44:45 ok=True Group 1(5): status=204 | Group 2(3): status=204 collect=8.7s post=0.8s
[진입유실 방지 자동보정] LONG KAITO/USDT:USDT exit=2026-05-23 07:44:17 미매칭수량=101.00000000 orderID=3589903302570221568 tradeID=None
[진입유실 방지 자동보정] LONG KAITO/USDT:USDT exit=2026-05-23 09:16:43 미매칭수량=103.00000000 orderID=3590089470679130112 tradeID=None
[진입유실 방지 자동보정] SHORT KAITO/USDT:USDT exit=2026-07-27 23:37:02 미매칭수량=9.00000000 orderID=3780263207016538112 tradeID=None
[진입유실 방지 자동보정] LONG KAITO/USDT:USDT exit=2026-07-28 00:17:06 미매칭수량=9.00000000 orderID=3780343864489091072 tradeID=None
[진입유실 방지 자동보정] LONG ONDO/USDT:USDT exit=2026-05-31 12:11:56 미매칭수량=13.00000000 orderID=3613635053565976576 tradeID=None
[진입유실 방지 자동보정] SHORT ONDO/USDT:USDT exit=2026-06-04 19:57:55 미매칭수량=18.00000000 orderID=3626169605609955328 tradeID=None
[진입유실 방지 자동보정] SHORT ONDO/USDT:USDT exit=2026-07-24 12:48:41 미매칭수량=4.00000000 orderID=3770260599027736576 tradeID=None
[진입유실 방지 자동보정] SHORT ADA/USDT:USDT exit=2026-06-15 18:07:56 미매칭수량=0.80000000 orderID=3657838324836671488 tradeID=None
[진입유실 방지 자동보정] SHORT ADA/USDT:USDT exit=2026-06-15 19:54:41 미매칭수량=0.80000000 orderID=3658053208425832448 tradeID=None
[진입유실 방지 자동보정] SHORT ADA/USDT:USDT exit=2026-06-15 20:18:33 미매칭수량=0.70000000 orderID=3658101280451272704 tradeID=None
[진입유실 방지 자동보정] SHORT ADA/USDT:USDT exit=2026-06-15 20:19:56 미매칭수량=0.70000000 orderID=3658104046410211328 tradeID=None
[진입유실 방지 자동보정] SHORT ADA/USDT:USDT exit=2026-06-15 20:20:18 미매칭수량=0.70000000 orderID=3658104812894101504 tradeID=None
[진입유실 방지 자동보정] SHORT ADA/USDT:USDT exit=2026-06-15 20:26:32 미매칭수량=0.70000000 orderID=3658117332119789568 tradeID=None
[진입유실 방지 자동보정] SHORT ADA/USDT:USDT exit=2026-06-15 20:44:55 미매칭수량=0.70000000 orderID=3658154361918529536 tradeID=None
[진입유실 방지 자동보정] SHORT ADA/USDT:USDT exit=2026-06-15 21:10:33 미매칭수량=0.70000000 orderID=3658205958837051392 tradeID=None
[진입유실 방지 자동보정] SHORT OKB/USDT:USDT exit=2026-06-21 03:12:28 미매칭수량=22.00000000 orderID=3673430118722904064 tradeID=None
[진입유실 방지 자동보정] SHORT OKB/USDT:USDT exit=2026-06-25 17:43:10 미매칭수량=16.00000000 orderID=3686779476461690880 tradeID=None
[진입유실 방지 자동보정] SHORT OKB/USDT:USDT exit=2026-06-25 20:10:48 미매칭수량=16.00000000 orderID=3687076707525926912 tradeID=None
[진입유실 방지 자동보정] LONG OKB/USDT:USDT exit=2026-06-26 12:38:51 미매칭수량=19.00000000 orderID=3689065905153843200 tradeID=None
[진입유실 방지 자동보정] LONG OKB/USDT:USDT exit=2026-06-26 15:55:46 미매칭수량=10.00000000 orderID=3689462344057036800 tradeID=None
[진입유실 방지 자동보정] LONG OKB/USDT:USDT exit=2026-07-22 11:42:03 미매칭수량=21.00000000 orderID=3764328224573825024 tradeID=None
[진입유실 방지 자동보정] LONG HYPE/USDT:USDT exit=2026-07-02 09:33:02 미매칭수량=1.00000000 orderID=3706086441083936768 tradeID=None
[진입유실 방지 자동보정] SHORT HYPE/USDT:USDT exit=2026-07-02 18:46:50 미매칭수량=1.00000000 orderID=3707201387012235264 tradeID=None
[진입유실 방지 자동보정] SHORT HYPE/USDT:USDT exit=2026-07-09 00:25:17 미매칭수량=24.00000000 orderID=3725277377667997696 tradeID=None
[진입유실 방지 자동보정] LONG HYPE/USDT:USDT exit=2026-07-09 06:18:38 미매칭수량=24.00000000 orderID=3725988764811730944 tradeID=None
[진입유실 방지 자동보정] LONG HYPE/USDT:USDT exit=2026-07-09 08:16:14 미매칭수량=23.00000000 orderID=3726225544848809984 tradeID=None
[진입유실 방지 자동보정] LONG HYPE/USDT:USDT exit=2026-07-13 19:30:19 미매칭수량=2.00000000 orderID=3739179042162810880 tradeID=None
[진입유실 방지 자동보정] LONG HYPE/USDT:USDT exit=2026-07-26 15:19:38 미매칭수량=2.00000000 orderID=3776362689651220480 tradeID=None
[진입유실 방지 자동보정] SHORT BTC/USDT:USDT exit=2026-07-07 21:35:36 미매칭수량=0.03000000 orderID=3722036669318373376 tradeID=None
[진입유실 방지 자동보정] SHORT BTC/USDT:USDT exit=2026-07-08 00:16:47 미매칭수량=0.04000000 orderID=3722361174263799808 tradeID=None
[진입유실 방지 자동보정] LONG BTC/USDT:USDT exit=2026-07-08 18:05:02 미매칭수량=0.03000000 orderID=3724511840214130688 tradeID=None
[진입유실 방지 자동보정] LONG BTC/USDT:USDT exit=2026-07-08 22:25:16 미매칭수량=0.03000000 orderID=3725035749082603520 tradeID=None
[진입유실 방지 자동보정] LONG BTC/USDT:USDT exit=2026-07-10 12:10:09 미매칭수량=0.25000000 orderID=3729595582481899520 tradeID=None
[진입유실 방지 자동보정] SHORT BTC/USDT:USDT exit=2026-07-10 20:40:19 미매칭수량=0.24000000 orderID=3730622678511591424 tradeID=None
[진입유실 방지 자동보정] SHORT BTC/USDT:USDT exit=2026-07-13 17:06:33 미매칭수량=0.02000000 orderID=3738889605591801856 tradeID=None
[진입유실 방지 자동보정] SHORT BTC/USDT:USDT exit=2026-07-23 01:38:30 미매칭수량=0.02000000 orderID=3766012229442543616 tradeID=None
[진입유실 방지 자동보정] SHORT XRP/USDT:USDT exit=2026-07-10 20:56:05 미매칭수량=1.43000000 orderID=3730654412548546560 tradeID=None
[진입유실 방지 자동보정] LONG XRP/USDT:USDT exit=2026-07-11 02:57:26 미매칭수량=0.14000000 orderID=3731381904544571392 tradeID=None
[진입유실 방지 자동보정] LONG XRP/USDT:USDT exit=2026-07-11 07:35:19 미매칭수량=0.14000000 orderID=3731941344905732096 tradeID=None
[진입유실 방지 자동보정] LONG XRP/USDT:USDT exit=2026-07-13 22:19:43 미매칭수량=0.15000000 orderID=3739520111387811840 tradeID=None
[진입유실 방지 자동보정] LONG KAITO/USDT:USDT exit=2026-05-23 07:44:17 미매칭수량=101.00000000 orderID=3589903302570221568 tradeID=None
[진입유실 방지 자동보정] LONG KAITO/USDT:USDT exit=2026-05-23 09:16:43 미매칭수량=103.00000000 orderID=3590089470679130112 tradeID=None
[진입유실 방지 자동보정] SHORT KAITO/USDT:USDT exit=2026-07-27 23:37:02 미매칭수량=9.00000000 orderID=3780263207016538112 tradeID=None
[진입유실 방지 자동보정] LONG KAITO/USDT:USDT exit=2026-07-28 00:17:06 미매칭수량=9.00000000 orderID=3780343864489091072 tradeID=None
[진입유실 방지 자동보정] LONG ONDO/USDT:USDT exit=2026-05-31 12:11:56 미매칭수량=13.00000000 orderID=3613635053565976576 tradeID=None
[진입유실 방지 자동보정] SHORT ONDO/USDT:USDT exit=2026-06-04 19:57:55 미매칭수량=18.00000000 orderID=3626169605609955328 tradeID=None
[진입유실 방지 자동보정] SHORT ONDO/USDT:USDT exit=2026-07-24 12:48:41 미매칭수량=4.00000000 orderID=3770260599027736576 tradeID=None
[진입유실 방지 자동보정] SHORT ADA/USDT:USDT exit=2026-06-15 18:07:56 미매칭수량=0.80000000 orderID=3657838324836671488 tradeID=None
[진입유실 방지 자동보정] SHORT ADA/USDT:USDT exit=2026-06-15 19:54:41 미매칭수량=0.80000000 orderID=3658053208425832448 tradeID=None
[진입유실 방지 자동보정] SHORT ADA/USDT:USDT exit=2026-06-15 20:18:33 미매칭수량=0.70000000 orderID=3658101280451272704 tradeID=None
[진입유실 방지 자동보정] SHORT ADA/USDT:USDT exit=2026-06-15 20:19:56 미매칭수량=0.70000000 orderID=3658104046410211328 tradeID=None
[진입유실 방지 자동보정] SHORT ADA/USDT:USDT exit=2026-06-15 20:20:18 미매칭수량=0.70000000 orderID=3658104812894101504 tradeID=None
[진입유실 방지 자동보정] SHORT ADA/USDT:USDT exit=2026-06-15 20:26:32 미매칭수량=0.70000000 orderID=3658117332119789568 tradeID=None
[진입유실 방지 자동보정] SHORT ADA/USDT:USDT exit=2026-06-15 20:44:55 미매칭수량=0.70000000 orderID=3658154361918529536 tradeID=None
[진입유실 방지 자동보정] SHORT ADA/USDT:USDT exit=2026-06-15 21:10:33 미매칭수량=0.70000000 orderID=3658205958837051392 tradeID=None
[진입유실 방지 자동보정] SHORT OKB/USDT:USDT exit=2026-06-21 03:12:28 미매칭수량=22.00000000 orderID=3673430118722904064 tradeID=None
[진입유실 방지 자동보정] SHORT OKB/USDT:USDT exit=2026-06-25 17:43:10 미매칭수량=16.00000000 orderID=3686779476461690880 tradeID=None
[진입유실 방지 자동보정] SHORT OKB/USDT:USDT exit=2026-06-25 20:10:48 미매칭수량=16.00000000 orderID=3687076707525926912 tradeID=None
[진입유실 방지 자동보정] LONG OKB/USDT:USDT exit=2026-06-26 12:38:51 미매칭수량=19.00000000 orderID=3689065905153843200 tradeID=None
[진입유실 방지 자동보정] LONG OKB/USDT:USDT exit=2026-06-26 15:55:46 미매칭수량=10.00000000 orderID=3689462344057036800 tradeID=None
[진입유실 방지 자동보정] LONG OKB/USDT:USDT exit=2026-07-22 11:42:03 미매칭수량=21.00000000 orderID=3764328224573825024 tradeID=None
[진입유실 방지 자동보정] LONG HYPE/USDT:USDT exit=2026-07-02 09:33:02 미매칭수량=1.00000000 orderID=3706086441083936768 tradeID=None
[진입유실 방지 자동보정] SHORT HYPE/USDT:USDT exit=2026-07-02 18:46:50 미매칭수량=1.00000000 orderID=3707201387012235264 tradeID=None
[진입유실 방지 자동보정] SHORT HYPE/USDT:USDT exit=2026-07-09 00:25:17 미매칭수량=24.00000000 orderID=3725277377667997696 tradeID=None
[진입유실 방지 자동보정] LONG HYPE/USDT:USDT exit=2026-07-09 06:18:38 미매칭수량=24.00000000 orderID=3725988764811730944 tradeID=None
[진입유실 방지 자동보정] LONG HYPE/USDT:USDT exit=2026-07-09 08:16:14 미매칭수량=23.00000000 orderID=3726225544848809984 tradeID=None
[진입유실 방지 자동보정] LONG HYPE/USDT:USDT exit=2026-07-13 19:30:19 미매칭수량=2.00000000 orderID=3739179042162810880 tradeID=None
[진입유실 방지 자동보정] LONG HYPE/USDT:USDT exit=2026-07-26 15:19:38 미매칭수량=2.00000000 orderID=3776362689651220480 tradeID=None
[진입유실 방지 자동보정] SHORT BTC/USDT:USDT exit=2026-07-07 21:35:36 미매칭수량=0.03000000 orderID=3722036669318373376 tradeID=None
[진입유실 방지 자동보정] SHORT BTC/USDT:USDT exit=2026-07-08 00:16:47 미매칭수량=0.04000000 orderID=3722361174263799808 tradeID=None
[진입유실 방지 자동보정] LONG BTC/USDT:USDT exit=2026-07-08 18:05:02 미매칭수량=0.03000000 orderID=3724511840214130688 tradeID=None
[진입유실 방지 자동보정] LONG BTC/USDT:USDT exit=2026-07-08 22:25:16 미매칭수량=0.03000000 orderID=3725035749082603520 tradeID=None
[진입유실 방지 자동보정] LONG BTC/USDT:USDT exit=2026-07-10 12:10:09 미매칭수량=0.25000000 orderID=3729595582481899520 tradeID=None
[진입유실 방지 자동보정] SHORT BTC/USDT:USDT exit=2026-07-10 20:40:19 미매칭수량=0.24000000 orderID=3730622678511591424 tradeID=None
[진입유실 방지 자동보정] SHORT BTC/USDT:USDT exit=2026-07-13 17:06:33 미매칭수량=0.02000000 orderID=3738889605591801856 tradeID=None
[진입유실 방지 자동보정] SHORT BTC/USDT:USDT exit=2026-07-23 01:38:30 미매칭수량=0.02000000 orderID=3766012229442543616 tradeID=None
[진입유실 방지 자동보정] SHORT XRP/USDT:USDT exit=2026-07-10 20:56:05 미매칭수량=1.43000000 orderID=3730654412548546560 tradeID=None
[진입유실 방지 자동보정] LONG XRP/USDT:USDT exit=2026-07-11 02:57:26 미매칭수량=0.14000000 orderID=3731381904544571392 tradeID=None
[진입유실 방지 자동보정] LONG XRP/USDT:USDT exit=2026-07-11 07:35:19 미매칭수량=0.14000000 orderID=3731941344905732096 tradeID=None
[진입유실 방지 자동보정] LONG XRP/USDT:USDT exit=2026-07-13 22:19:43 미매칭수량=0.15000000 orderID=3739520111387811840 tradeID=None
[진입유실 방지 자동보정] LONG KAITO/USDT:USDT exit=2026-05-23 07:44:17 미매칭수량=101.00000000 orderID=3589903302570221568 tradeID=None
[진입유실 방지 자동보정] LONG KAITO/USDT:USDT exit=2026-05-23 09:16:43 미매칭수량=103.00000000 orderID=3590089470679130112 tradeID=None
[진입유실 방지 자동보정] SHORT KAITO/USDT:USDT exit=2026-07-27 23:37:02 미매칭수량=9.00000000 orderID=3780263207016538112 tradeID=None
[진입유실 방지 자동보정] LONG KAITO/USDT:USDT exit=2026-07-28 00:17:06 미매칭수량=9.00000000 orderID=3780343864489091072 tradeID=None
[진입유실 방지 자동보정] LONG ONDO/USDT:USDT exit=2026-05-31 12:11:56 미매칭수량=13.00000000 orderID=3613635053565976576 tradeID=None
[진입유실 방지 자동보정] SHORT ONDO/USDT:USDT exit=2026-06-04 19:57:55 미매칭수량=18.00000000 orderID=3626169605609955328 tradeID=None
[진입유실 방지 자동보정] SHORT ONDO/USDT:USDT exit=2026-07-24 12:48:41 미매칭수량=4.00000000 orderID=3770260599027736576 tradeID=None
[진입유실 방지 자동보정] SHORT ADA/USDT:USDT exit=2026-06-15 18:07:56 미매칭수량=0.80000000 orderID=3657838324836671488 tradeID=None
[진입유실 방지 자동보정] SHORT ADA/USDT:USDT exit=2026-06-15 19:54:41 미매칭수량=0.80000000 orderID=3658053208425832448 tradeID=None
[진입유실 방지 자동보정] SHORT ADA/USDT:USDT exit=2026-06-15 20:18:33 미매칭수량=0.70000000 orderID=3658101280451272704 tradeID=None
[진입유실 방지 자동보정] SHORT ADA/USDT:USDT exit=2026-06-15 20:19:56 미매칭수량=0.70000000 orderID=3658104046410211328 tradeID=None
[진입유실 방지 자동보정] SHORT ADA/USDT:USDT exit=2026-06-15 20:20:18 미매칭수량=0.70000000 orderID=3658104812894101504 tradeID=None
[진입유실 방지 자동보정] SHORT ADA/USDT:USDT exit=2026-06-15 20:26:32 미매칭수량=0.70000000 orderID=3658117332119789568 tradeID=None
[진입유실 방지 자동보정] SHORT ADA/USDT:USDT exit=2026-06-15 20:44:55 미매칭수량=0.70000000 orderID=3658154361918529536 tradeID=None
[진입유실 방지 자동보정] SHORT ADA/USDT:USDT exit=2026-06-15 21:10:33 미매칭수량=0.70000000 orderID=3658205958837051392 tradeID=None
[진입유실 방지 자동보정] SHORT OKB/USDT:USDT exit=2026-06-21 03:12:28 미매칭수량=22.00000000 orderID=3673430118722904064 tradeID=None
[진입유실 방지 자동보정] SHORT OKB/USDT:USDT exit=2026-06-25 17:43:10 미매칭수량=16.00000000 orderID=3686779476461690880 tradeID=None
[진입유실 방지 자동보정] SHORT OKB/USDT:USDT exit=2026-06-25 20:10:48 미매칭수량=16.00000000 orderID=3687076707525926912 tradeID=None
[진입유실 방지 자동보정] LONG OKB/USDT:USDT exit=2026-06-26 12:38:51 미매칭수량=19.00000000 orderID=3689065905153843200 tradeID=None
[진입유실 방지 자동보정] LONG OKB/USDT:USDT exit=2026-06-26 15:55:46 미매칭수량=10.00000000 orderID=3689462344057036800 tradeID=None
[진입유실 방지 자동보정] LONG OKB/USDT:USDT exit=2026-07-22 11:42:03 미매칭수량=21.00000000 orderID=3764328224573825024 tradeID=None
[진입유실 방지 자동보정] LONG HYPE/USDT:USDT exit=2026-07-02 09:33:02 미매칭수량=1.00000000 orderID=3706086441083936768 tradeID=None
[진입유실 방지 자동보정] SHORT HYPE/USDT:USDT exit=2026-07-02 18:46:50 미매칭수량=1.00000000 orderID=3707201387012235264 tradeID=None
[진입유실 방지 자동보정] SHORT HYPE/USDT:USDT exit=2026-07-09 00:25:17 미매칭수량=24.00000000 orderID=3725277377667997696 tradeID=None
[진입유실 방지 자동보정] LONG HYPE/USDT:USDT exit=2026-07-09 06:18:38 미매칭수량=24.00000000 orderID=3725988764811730944 tradeID=None
[진입유실 방지 자동보정] LONG HYPE/USDT:USDT exit=2026-07-09 08:16:14 미매칭수량=23.00000000 orderID=3726225544848809984 tradeID=None
[진입유실 방지 자동보정] LONG HYPE/USDT:USDT exit=2026-07-13 19:30:19 미매칭수량=2.00000000 orderID=3739179042162810880 tradeID=None
[진입유실 방지 자동보정] LONG HYPE/USDT:USDT exit=2026-07-26 15:19:38 미매칭수량=2.00000000 orderID=3776362689651220480 tradeID=None
[진입유실 방지 자동보정] SHORT BTC/USDT:USDT exit=2026-07-07 21:35:36 미매칭수량=0.03000000 orderID=3722036669318373376 tradeID=None
[진입유실 방지 자동보정] SHORT BTC/USDT:USDT exit=2026-07-08 00:16:47 미매칭수량=0.04000000 orderID=3722361174263799808 tradeID=None
[진입유실 방지 자동보정] LONG BTC/USDT:USDT exit=2026-07-08 18:05:02 미매칭수량=0.03000000 orderID=3724511840214130688 tradeID=None
[진입유실 방지 자동보정] LONG BTC/USDT:USDT exit=2026-07-08 22:25:16 미매칭수량=0.03000000 orderID=3725035749082603520 tradeID=None
[진입유실 방지 자동보정] LONG BTC/USDT:USDT exit=2026-07-10 12:10:09 미매칭수량=0.25000000 orderID=3729595582481899520 tradeID=None
[진입유실 방지 자동보정] SHORT BTC/USDT:USDT exit=2026-07-10 20:40:19 미매칭수량=0.24000000 orderID=3730622678511591424 tradeID=None
[진입유실 방지 자동보정] SHORT BTC/USDT:USDT exit=2026-07-13 17:06:33 미매칭수량=0.02000000 orderID=3738889605591801856 tradeID=None
[진입유실 방지 자동보정] SHORT BTC/USDT:USDT exit=2026-07-23 01:38:30 미매칭수량=0.02000000 orderID=3766012229442543616 tradeID=None
[진입유실 방지 자동보정] SHORT XRP/USDT:USDT exit=2026-07-10 20:56:05 미매칭수량=1.43000000 orderID=3730654412548546560 tradeID=None
[진입유실 방지 자동보정] LONG XRP/USDT:USDT exit=2026-07-11 02:57:26 미매칭수량=0.14000000 orderID=3731381904544571392 tradeID=None
[진입유실 방지 자동보정] LONG XRP/USDT:USDT exit=2026-07-11 07:35:19 미매칭수량=0.14000000 orderID=3731941344905732096 tradeID=None
[진입유실 방지 자동보정] LONG XRP/USDT:USDT exit=2026-07-13 22:19:43 미매칭수량=0.15000000 orderID=3739520111387811840 tradeID=None
[CATFIX] pnl=0 청산 → 진입 재분류: KAITO/USDT:USDT buy 수량=9.00000000 tradeID=243056081
[진입유실 방지 자동보정] LONG KAITO/USDT:USDT exit=2026-05-23 07:44:17 미매칭수량=101.00000000 orderID=3589903302570221568 tradeID=None
[진입유실 방지 자동보정] LONG KAITO/USDT:USDT exit=2026-05-23 09:16:43 미매칭수량=103.00000000 orderID=3590089470679130112 tradeID=None
[진입유실 방지 자동보정] LONG ONDO/USDT:USDT exit=2026-05-31 12:11:56 미매칭수량=13.00000000 orderID=3613635053565976576 tradeID=None
[진입유실 방지 자동보정] SHORT ONDO/USDT:USDT exit=2026-06-04 19:57:55 미매칭수량=18.00000000 orderID=3626169605609955328 tradeID=None
[진입유실 방지 자동보정] SHORT ONDO/USDT:USDT exit=2026-07-24 12:48:41 미매칭수량=4.00000000 orderID=3770260599027736576 tradeID=None
[진입유실 방지 자동보정] SHORT ADA/USDT:USDT exit=2026-06-15 18:07:56 미매칭수량=0.80000000 orderID=3657838324836671488 tradeID=None
[진입유실 방지 자동보정] SHORT ADA/USDT:USDT exit=2026-06-15 19:54:41 미매칭수량=0.80000000 orderID=3658053208425832448 tradeID=None
[진입유실 방지 자동보정] SHORT ADA/USDT:USDT exit=2026-06-15 20:18:33 미매칭수량=0.70000000 orderID=3658101280451272704 tradeID=None
[진입유실 방지 자동보정] SHORT ADA/USDT:USDT exit=2026-06-15 20:19:56 미매칭수량=0.70000000 orderID=3658104046410211328 tradeID=None
[진입유실 방지 자동보정] SHORT ADA/USDT:USDT exit=2026-06-15 20:20:18 미매칭수량=0.70000000 orderID=3658104812894101504 tradeID=None
[진입유실 방지 자동보정] SHORT ADA/USDT:USDT exit=2026-06-15 20:26:32 미매칭수량=0.70000000 orderID=3658117332119789568 tradeID=None
[진입유실 방지 자동보정] SHORT ADA/USDT:USDT exit=2026-06-15 20:44:55 미매칭수량=0.70000000 orderID=3658154361918529536 tradeID=None
[진입유실 방지 자동보정] SHORT ADA/USDT:USDT exit=2026-06-15 21:10:33 미매칭수량=0.70000000 orderID=3658205958837051392 tradeID=None
[진입유실 방지 자동보정] SHORT OKB/USDT:USDT exit=2026-06-21 03:12:28 미매칭수량=22.00000000 orderID=3673430118722904064 tradeID=None
[진입유실 방지 자동보정] SHORT OKB/USDT:USDT exit=2026-06-25 17:43:10 미매칭수량=16.00000000 orderID=3686779476461690880 tradeID=None
[진입유실 방지 자동보정] SHORT OKB/USDT:USDT exit=2026-06-25 20:10:48 미매칭수량=16.00000000 orderID=3687076707525926912 tradeID=None
[진입유실 방지 자동보정] LONG OKB/USDT:USDT exit=2026-06-26 12:38:51 미매칭수량=19.00000000 orderID=3689065905153843200 tradeID=None
[진입유실 방지 자동보정] LONG OKB/USDT:USDT exit=2026-06-26 15:55:46 미매칭수량=10.00000000 orderID=3689462344057036800 tradeID=None
[진입유실 방지 자동보정] LONG OKB/USDT:USDT exit=2026-07-22 11:42:03 미매칭수량=21.00000000 orderID=3764328224573825024 tradeID=None
[진입유실 방지 자동보정] LONG HYPE/USDT:USDT exit=2026-07-02 09:33:02 미매칭수량=1.00000000 orderID=3706086441083936768 tradeID=None
[진입유실 방지 자동보정] SHORT HYPE/USDT:USDT exit=2026-07-02 18:46:50 미매칭수량=1.00000000 orderID=3707201387012235264 tradeID=None
[진입유실 방지 자동보정] SHORT HYPE/USDT:USDT exit=2026-07-09 00:25:17 미매칭수량=24.00000000 orderID=3725277377667997696 tradeID=None
[진입유실 방지 자동보정] LONG HYPE/USDT:USDT exit=2026-07-09 06:18:38 미매칭수량=24.00000000 orderID=3725988764811730944 tradeID=None
[진입유실 방지 자동보정] LONG HYPE/USDT:USDT exit=2026-07-09 08:16:14 미매칭수량=23.00000000 orderID=3726225544848809984 tradeID=None
[진입유실 방지 자동보정] LONG HYPE/USDT:USDT exit=2026-07-13 19:30:19 미매칭수량=2.00000000 orderID=3739179042162810880 tradeID=None
[진입유실 방지 자동보정] LONG HYPE/USDT:USDT exit=2026-07-26 15:19:38 미매칭수량=2.00000000 orderID=3776362689651220480 tradeID=None
[진입유실 방지 자동보정] SHORT BTC/USDT:USDT exit=2026-07-07 21:35:36 미매칭수량=0.03000000 orderID=3722036669318373376 tradeID=None
[진입유실 방지 자동보정] SHORT BTC/USDT:USDT exit=2026-07-08 00:16:47 미매칭수량=0.04000000 orderID=3722361174263799808 tradeID=None
[진입유실 방지 자동보정] LONG BTC/USDT:USDT exit=2026-07-08 18:05:02 미매칭수량=0.03000000 orderID=3724511840214130688 tradeID=None
[진입유실 방지 자동보정] LONG BTC/USDT:USDT exit=2026-07-08 22:25:16 미매칭수량=0.03000000 orderID=3725035749082603520 tradeID=None
[진입유실 방지 자동보정] LONG BTC/USDT:USDT exit=2026-07-10 12:10:09 미매칭수량=0.25000000 orderID=3729595582481899520 tradeID=None
[진입유실 방지 자동보정] SHORT BTC/USDT:USDT exit=2026-07-10 20:40:19 미매칭수량=0.24000000 orderID=3730622678511591424 tradeID=None
[진입유실 방지 자동보정] SHORT BTC/USDT:USDT exit=2026-07-13 17:06:33 미매칭수량=0.02000000 orderID=3738889605591801856 tradeID=None
[진입유실 방지 자동보정] SHORT BTC/USDT:USDT exit=2026-07-23 01:38:30 미매칭수량=0.02000000 orderID=3766012229442543616 tradeID=None
[진입유실 방지 자동보정] SHORT XRP/USDT:USDT exit=2026-07-10 20:56:05 미매칭수량=1.43000000 orderID=3730654412548546560 tradeID=None
[진입유실 방지 자동보정] LONG XRP/USDT:USDT exit=2026-07-11 02:57:26 미매칭수량=0.14000000 orderID=3731381904544571392 tradeID=None
[진입유실 방지 자동보정] LONG XRP/USDT:USDT exit=2026-07-11 07:35:19 미매칭수량=0.14000000 orderID=3731941344905732096 tradeID=None
[진입유실 방지 자동보정] LONG XRP/USDT:USDT exit=2026-07-13 22:19:43 미매칭수량=0.15000000 orderID=3739520111387811840 tradeID=None
[진입유실 방지 자동보정] LONG KAITO/USDT:USDT exit=2026-05-23 07:44:17 미매칭수량=101.00000000 orderID=3589903302570221568 tradeID=None
[진입유실 방지 자동보정] LONG KAITO/USDT:USDT exit=2026-05-23 09:16:43 미매칭수량=103.00000000 orderID=3590089470679130112 tradeID=None
[진입유실 방지 자동보정] SHORT KAITO/USDT:USDT exit=2026-07-27 23:37:02 미매칭수량=9.00000000 orderID=3780263207016538112 tradeID=None
[진입유실 방지 자동보정] LONG KAITO/USDT:USDT exit=2026-07-28 00:17:06 미매칭수량=9.00000000 orderID=3780343864489091072 tradeID=None
[진입유실 방지 자동보정] LONG ONDO/USDT:USDT exit=2026-05-31 12:11:56 미매칭수량=13.00000000 orderID=3613635053565976576 tradeID=None
[진입유실 방지 자동보정] SHORT ONDO/USDT:USDT exit=2026-06-04 19:57:55 미매칭수량=18.00000000 orderID=3626169605609955328 tradeID=None
[진입유실 방지 자동보정] SHORT ONDO/USDT:USDT exit=2026-07-24 12:48:41 미매칭수량=4.00000000 orderID=3770260599027736576 tradeID=None
[진입유실 방지 자동보정] SHORT ADA/USDT:USDT exit=2026-06-15 18:07:56 미매칭수량=0.80000000 orderID=3657838324836671488 tradeID=None
[진입유실 방지 자동보정] SHORT ADA/USDT:USDT exit=2026-06-15 19:54:41 미매칭수량=0.80000000 orderID=3658053208425832448 tradeID=None
[진입유실 방지 자동보정] SHORT ADA/USDT:USDT exit=2026-06-15 20:18:33 미매칭수량=0.70000000 orderID=3658101280451272704 tradeID=None
[진입유실 방지 자동보정] SHORT ADA/USDT:USDT exit=2026-06-15 20:19:56 미매칭수량=0.70000000 orderID=3658104046410211328 tradeID=None
[진입유실 방지 자동보정] SHORT ADA/USDT:USDT exit=2026-06-15 20:20:18 미매칭수량=0.70000000 orderID=3658104812894101504 tradeID=None
[진입유실 방지 자동보정] SHORT ADA/USDT:USDT exit=2026-06-15 20:26:32 미매칭수량=0.70000000 orderID=3658117332119789568 tradeID=None
[진입유실 방지 자동보정] SHORT ADA/USDT:USDT exit=2026-06-15 20:44:55 미매칭수량=0.70000000 orderID=3658154361918529536 tradeID=None
[진입유실 방지 자동보정] SHORT ADA/USDT:USDT exit=2026-06-15 21:10:33 미매칭수량=0.70000000 orderID=3658205958837051392 tradeID=None
[진입유실 방지 자동보정] SHORT OKB/USDT:USDT exit=2026-06-21 03:12:28 미매칭수량=22.00000000 orderID=3673430118722904064 tradeID=None
[진입유실 방지 자동보정] SHORT OKB/USDT:USDT exit=2026-06-25 17:43:10 미매칭수량=16.00000000 orderID=3686779476461690880 tradeID=None
[진입유실 방지 자동보정] SHORT OKB/USDT:USDT exit=2026-06-25 20:10:48 미매칭수량=16.00000000 orderID=3687076707525926912 tradeID=None
[진입유실 방지 자동보정] LONG OKB/USDT:USDT exit=2026-06-26 12:38:51 미매칭수량=19.00000000 orderID=3689065905153843200 tradeID=None
[진입유실 방지 자동보정] LONG OKB/USDT:USDT exit=2026-06-26 15:55:46 미매칭수량=10.00000000 orderID=3689462344057036800 tradeID=None
[진입유실 방지 자동보정] LONG OKB/USDT:USDT exit=2026-07-22 11:42:03 미매칭수량=21.00000000 orderID=3764328224573825024 tradeID=None
[진입유실 방지 자동보정] LONG HYPE/USDT:USDT exit=2026-07-02 09:33:02 미매칭수량=1.00000000 orderID=3706086441083936768 tradeID=None
[진입유실 방지 자동보정] SHORT HYPE/USDT:USDT exit=2026-07-02 18:46:50 미매칭수량=1.00000000 orderID=3707201387012235264 tradeID=None
[진입유실 방지 자동보정] SHORT HYPE/USDT:USDT exit=2026-07-09 00:25:17 미매칭수량=24.00000000 orderID=3725277377667997696 tradeID=None
[진입유실 방지 자동보정] LONG HYPE/USDT:USDT exit=2026-07-09 06:18:38 미매칭수량=24.00000000 orderID=3725988764811730944 tradeID=None
[진입유실 방지 자동보정] LONG HYPE/USDT:USDT exit=2026-07-09 08:16:14 미매칭수량=23.00000000 orderID=3726225544848809984 tradeID=None
[진입유실 방지 자동보정] LONG HYPE/USDT:USDT exit=2026-07-13 19:30:19 미매칭수량=2.00000000 orderID=3739179042162810880 tradeID=None
[진입유실 방지 자동보정] LONG HYPE/USDT:USDT exit=2026-07-26 15:19:38 미매칭수량=2.00000000 orderID=3776362689651220480 tradeID=None
[진입유실 방지 자동보정] SHORT BTC/USDT:USDT exit=2026-07-07 21:35:36 미매칭수량=0.03000000 orderID=3722036669318373376 tradeID=None
[진입유실 방지 자동보정] SHORT BTC/USDT:USDT exit=2026-07-08 00:16:47 미매칭수량=0.04000000 orderID=3722361174263799808 tradeID=None
[진입유실 방지 자동보정] LONG BTC/USDT:USDT exit=2026-07-08 18:05:02 미매칭수량=0.03000000 orderID=3724511840214130688 tradeID=None
[진입유실 방지 자동보정] LONG BTC/USDT:USDT exit=2026-07-08 22:25:16 미매칭수량=0.03000000 orderID=3725035749082603520 tradeID=None
[진입유실 방지 자동보정] LONG BTC/USDT:USDT exit=2026-07-10 12:10:09 미매칭수량=0.25000000 orderID=3729595582481899520 tradeID=None
[진입유실 방지 자동보정] SHORT BTC/USDT:USDT exit=2026-07-10 20:40:19 미매칭수량=0.24000000 orderID=3730622678511591424 tradeID=None
[진입유실 방지 자동보정] SHORT BTC/USDT:USDT exit=2026-07-13 17:06:33 미매칭수량=0.02000000 orderID=3738889605591801856 tradeID=None
[진입유실 방지 자동보정] SHORT BTC/USDT:USDT exit=2026-07-23 01:38:30 미매칭수량=0.02000000 orderID=3766012229442543616 tradeID=None
[진입유실 방지 자동보정] SHORT XRP/USDT:USDT exit=2026-07-10 20:56:05 미매칭수량=1.43000000 orderID=3730654412548546560 tradeID=None
[진입유실 방지 자동보정] LONG XRP/USDT:USDT exit=2026-07-11 02:57:26 미매칭수량=0.14000000 orderID=3731381904544571392 tradeID=None
[진입유실 방지 자동보정] LONG XRP/USDT:USDT exit=2026-07-11 07:35:19 미매칭수량=0.14000000 orderID=3731941344905732096 tradeID=None
[진입유실 방지 자동보정] LONG XRP/USDT:USDT exit=2026-07-13 22:19:43 미매칭수량=0.15000000 orderID=3739520111387811840 tradeID=None
[진입유실 방지 자동보정] LONG KAITO/USDT:USDT exit=2026-05-23 07:44:17 미매칭수량=101.00000000 orderID=3589903302570221568 tradeID=None
[진입유실 방지 자동보정] LONG KAITO/USDT:USDT exit=2026-05-23 09:16:43 미매칭수량=103.00000000 orderID=3590089470679130112 tradeID=None
[진입유실 방지 자동보정] SHORT KAITO/USDT:USDT exit=2026-07-27 23:37:02 미매칭수량=9.00000000 orderID=3780263207016538112 tradeID=None
[진입유실 방지 자동보정] LONG KAITO/USDT:USDT exit=2026-07-28 00:17:06 미매칭수량=9.00000000 orderID=3780343864489091072 tradeID=None
[진입유실 방지 자동보정] LONG ONDO/USDT:USDT exit=2026-05-31 12:11:56 미매칭수량=13.00000000 orderID=3613635053565976576 tradeID=None
[진입유실 방지 자동보정] SHORT ONDO/USDT:USDT exit=2026-06-04 19:57:55 미매칭수량=18.00000000 orderID=3626169605609955328 tradeID=None
[진입유실 방지 자동보정] SHORT ONDO/USDT:USDT exit=2026-07-24 12:48:41 미매칭수량=4.00000000 orderID=3770260599027736576 tradeID=None
[진입유실 방지 자동보정] SHORT ADA/USDT:USDT exit=2026-06-15 18:07:56 미매칭수량=0.80000000 orderID=3657838324836671488 tradeID=None
[진입유실 방지 자동보정] SHORT ADA/USDT:USDT exit=2026-06-15 19:54:41 미매칭수량=0.80000000 orderID=3658053208425832448 tradeID=None
[진입유실 방지 자동보정] SHORT ADA/USDT:USDT exit=2026-06-15 20:18:33 미매칭수량=0.70000000 orderID=3658101280451272704 tradeID=None
[진입유실 방지 자동보정] SHORT ADA/USDT:USDT exit=2026-06-15 20:19:56 미매칭수량=0.70000000 orderID=3658104046410211328 tradeID=None
[진입유실 방지 자동보정] SHORT ADA/USDT:USDT exit=2026-06-15 20:20:18 미매칭수량=0.70000000 orderID=3658104812894101504 tradeID=None
[진입유실 방지 자동보정] SHORT ADA/USDT:USDT exit=2026-06-15 20:26:32 미매칭수량=0.70000000 orderID=3658117332119789568 tradeID=None
[진입유실 방지 자동보정] SHORT ADA/USDT:USDT exit=2026-06-15 20:44:55 미매칭수량=0.70000000 orderID=3658154361918529536 tradeID=None
[진입유실 방지 자동보정] SHORT ADA/USDT:USDT exit=2026-06-15 21:10:33 미매칭수량=0.70000000 orderID=3658205958837051392 tradeID=None
[진입유실 방지 자동보정] SHORT OKB/USDT:USDT exit=2026-06-21 03:12:28 미매칭수량=22.00000000 orderID=3673430118722904064 tradeID=None
[진입유실 방지 자동보정] SHORT OKB/USDT:USDT exit=2026-06-25 17:43:10 미매칭수량=16.00000000 orderID=3686779476461690880 tradeID=None
[진입유실 방지 자동보정] SHORT OKB/USDT:USDT exit=2026-06-25 20:10:48 미매칭수량=16.00000000 orderID=3687076707525926912 tradeID=None
[진입유실 방지 자동보정] LONG OKB/USDT:USDT exit=2026-06-26 12:38:51 미매칭수량=19.00000000 orderID=3689065905153843200 tradeID=None
[진입유실 방지 자동보정] LONG OKB/USDT:USDT exit=2026-06-26 15:55:46 미매칭수량=10.00000000 orderID=3689462344057036800 tradeID=None
[진입유실 방지 자동보정] LONG OKB/USDT:USDT exit=2026-07-22 11:42:03 미매칭수량=21.00000000 orderID=3764328224573825024 tradeID=None
[진입유실 방지 자동보정] LONG HYPE/USDT:USDT exit=2026-07-02 09:33:02 미매칭수량=1.00000000 orderID=3706086441083936768 tradeID=None
[진입유실 방지 자동보정] SHORT HYPE/USDT:USDT exit=2026-07-02 18:46:50 미매칭수량=1.00000000 orderID=3707201387012235264 tradeID=None
[진입유실 방지 자동보정] SHORT HYPE/USDT:USDT exit=2026-07-09 00:25:17 미매칭수량=24.00000000 orderID=3725277377667997696 tradeID=None
[진입유실 방지 자동보정] LONG HYPE/USDT:USDT exit=2026-07-09 06:18:38 미매칭수량=24.00000000 orderID=3725988764811730944 tradeID=None
[진입유실 방지 자동보정] LONG HYPE/USDT:USDT exit=2026-07-09 08:16:14 미매칭수량=23.00000000 orderID=3726225544848809984 tradeID=None
[진입유실 방지 자동보정] LONG HYPE/USDT:USDT exit=2026-07-13 19:30:19 미매칭수량=2.00000000 orderID=3739179042162810880 tradeID=None
[진입유실 방지 자동보정] LONG HYPE/USDT:USDT exit=2026-07-26 15:19:38 미매칭수량=2.00000000 orderID=3776362689651220480 tradeID=None
[진입유실 방지 자동보정] SHORT BTC/USDT:USDT exit=2026-07-07 21:35:36 미매칭수량=0.03000000 orderID=3722036669318373376 tradeID=None
[진입유실 방지 자동보정] SHORT BTC/USDT:USDT exit=2026-07-08 00:16:47 미매칭수량=0.04000000 orderID=3722361174263799808 tradeID=None
[진입유실 방지 자동보정] LONG BTC/USDT:USDT exit=2026-07-08 18:05:02 미매칭수량=0.03000000 orderID=3724511840214130688 tradeID=None
[진입유실 방지 자동보정] LONG BTC/USDT:USDT exit=2026-07-08 22:25:16 미매칭수량=0.03000000 orderID=3725035749082603520 tradeID=None
[진입유실 방지 자동보정] LONG BTC/USDT:USDT exit=2026-07-10 12:10:09 미매칭수량=0.25000000 orderID=3729595582481899520 tradeID=None
[진입유실 방지 자동보정] SHORT BTC/USDT:USDT exit=2026-07-10 20:40:19 미매칭수량=0.24000000 orderID=3730622678511591424 tradeID=None
[진입유실 방지 자동보정] SHORT BTC/USDT:USDT exit=2026-07-13 17:06:33 미매칭수량=0.02000000 orderID=3738889605591801856 tradeID=None
[진입유실 방지 자동보정] SHORT BTC/USDT:USDT exit=2026-07-23 01:38:30 미매칭수량=0.02000000 orderID=3766012229442543616 tradeID=None
[진입유실 방지 자동보정] SHORT XRP/USDT:USDT exit=2026-07-10 20:56:05 미매칭수량=1.43000000 orderID=3730654412548546560 tradeID=None
[진입유실 방지 자동보정] LONG XRP/USDT:USDT exit=2026-07-11 02:57:26 미매칭수량=0.14000000 orderID=3731381904544571392 tradeID=None
[진입유실 방지 자동보정] LONG XRP/USDT:USDT exit=2026-07-11 07:35:19 미매칭수량=0.14000000 orderID=3731941344905732096 tradeID=None
[진입유실 방지 자동보정] LONG XRP/USDT:USDT exit=2026-07-13 22:19:43 미매칭수량=0.15000000 orderID=3739520111387811840 tradeID=None
[진입유실 방지 자동보정] LONG KAITO/USDT:USDT exit=2026-05-23 07:44:17 미매칭수량=101.00000000 orderID=3589903302570221568 tradeID=None
[진입유실 방지 자동보정] LONG KAITO/USDT:USDT exit=2026-05-23 09:16:43 미매칭수량=103.00000000 orderID=3590089470679130112 tradeID=None
[진입유실 방지 자동보정] SHORT KAITO/USDT:USDT exit=2026-07-27 23:37:02 미매칭수량=9.00000000 orderID=3780263207016538112 tradeID=None
[진입유실 방지 자동보정] LONG KAITO/USDT:USDT exit=2026-07-28 00:17:06 미매칭수량=9.00000000 orderID=3780343864489091072 tradeID=None
[진입유실 방지 자동보정] LONG ONDO/USDT:USDT exit=2026-05-31 12:11:56 미매칭수량=13.00000000 orderID=3613635053565976576 tradeID=None
[진입유실 방지 자동보정] SHORT ONDO/USDT:USDT exit=2026-06-04 19:57:55 미매칭수량=18.00000000 orderID=3626169605609955328 tradeID=None
[진입유실 방지 자동보정] SHORT ONDO/USDT:USDT exit=2026-07-24 12:48:41 미매칭수량=4.00000000 orderID=3770260599027736576 tradeID=None
[진입유실 방지 자동보정] SHORT ADA/USDT:USDT exit=2026-06-15 18:07:56 미매칭수량=0.80000000 orderID=3657838324836671488 tradeID=None
[진입유실 방지 자동보정] SHORT ADA/USDT:USDT exit=2026-06-15 19:54:41 미매칭수량=0.80000000 orderID=3658053208425832448 tradeID=None
[진입유실 방지 자동보정] SHORT ADA/USDT:USDT exit=2026-06-15 20:18:33 미매칭수량=0.70000000 orderID=3658101280451272704 tradeID=None
[진입유실 방지 자동보정] SHORT ADA/USDT:USDT exit=2026-06-15 20:19:56 미매칭수량=0.70000000 orderID=3658104046410211328 tradeID=None
[진입유실 방지 자동보정] SHORT ADA/USDT:USDT exit=2026-06-15 20:20:18 미매칭수량=0.70000000 orderID=3658104812894101504 tradeID=None
[진입유실 방지 자동보정] SHORT ADA/USDT:USDT exit=2026-06-15 20:26:32 미매칭수량=0.70000000 orderID=3658117332119789568 tradeID=None
[진입유실 방지 자동보정] SHORT ADA/USDT:USDT exit=2026-06-15 20:44:55 미매칭수량=0.70000000 orderID=3658154361918529536 tradeID=None
[진입유실 방지 자동보정] SHORT ADA/USDT:USDT exit=2026-06-15 21:10:33 미매칭수량=0.70000000 orderID=3658205958837051392 tradeID=None
[진입유실 방지 자동보정] SHORT OKB/USDT:USDT exit=2026-06-21 03:12:28 미매칭수량=22.00000000 orderID=3673430118722904064 tradeID=None
[진입유실 방지 자동보정] SHORT OKB/USDT:USDT exit=2026-06-25 17:43:10 미매칭수량=16.00000000 orderID=3686779476461690880 tradeID=None
[진입유실 방지 자동보정] SHORT OKB/USDT:USDT exit=2026-06-25 20:10:48 미매칭수량=16.00000000 orderID=3687076707525926912 tradeID=None
[진입유실 방지 자동보정] LONG OKB/USDT:USDT exit=2026-06-26 12:38:51 미매칭수량=19.00000000 orderID=3689065905153843200 tradeID=None
[진입유실 방지 자동보정] LONG OKB/USDT:USDT exit=2026-06-26 15:55:46 미매칭수량=10.00000000 orderID=3689462344057036800 tradeID=None
[진입유실 방지 자동보정] LONG OKB/USDT:USDT exit=2026-07-22 11:42:03 미매칭수량=21.00000000 orderID=3764328224573825024 tradeID=None
[진입유실 방지 자동보정] LONG HYPE/USDT:USDT exit=2026-07-02 09:33:02 미매칭수량=1.00000000 orderID=3706086441083936768 tradeID=None
[진입유실 방지 자동보정] SHORT HYPE/USDT:USDT exit=2026-07-02 18:46:50 미매칭수량=1.00000000 orderID=3707201387012235264 tradeID=None
[진입유실 방지 자동보정] SHORT HYPE/USDT:USDT exit=2026-07-09 00:25:17 미매칭수량=24.00000000 orderID=3725277377667997696 tradeID=None
[진입유실 방지 자동보정] LONG HYPE/USDT:USDT exit=2026-07-09 06:18:38 미매칭수량=24.00000000 orderID=3725988764811730944 tradeID=None
[진입유실 방지 자동보정] LONG HYPE/USDT:USDT exit=2026-07-09 08:16:14 미매칭수량=23.00000000 orderID=3726225544848809984 tradeID=None
[진입유실 방지 자동보정] LONG HYPE/USDT:USDT exit=2026-07-13 19:30:19 미매칭수량=2.00000000 orderID=3739179042162810880 tradeID=None
[진입유실 방지 자동보정] LONG HYPE/USDT:USDT exit=2026-07-26 15:19:38 미매칭수량=2.00000000 orderID=3776362689651220480 tradeID=None
[진입유실 방지 자동보정] SHORT BTC/USDT:USDT exit=2026-07-07 21:35:36 미매칭수량=0.03000000 orderID=3722036669318373376 tradeID=None
[진입유실 방지 자동보정] SHORT BTC/USDT:USDT exit=2026-07-08 00:16:47 미매칭수량=0.04000000 orderID=3722361174263799808 tradeID=None
[진입유실 방지 자동보정] LONG BTC/USDT:USDT exit=2026-07-08 18:05:02 미매칭수량=0.03000000 orderID=3724511840214130688 tradeID=None
[진입유실 방지 자동보정] LONG BTC/USDT:USDT exit=2026-07-08 22:25:16 미매칭수량=0.03000000 orderID=3725035749082603520 tradeID=None
[진입유실 방지 자동보정] LONG BTC/USDT:USDT exit=2026-07-10 12:10:09 미매칭수량=0.25000000 orderID=3729595582481899520 tradeID=None
[진입유실 방지 자동보정] SHORT BTC/USDT:USDT exit=2026-07-10 20:40:19 미매칭수량=0.24000000 orderID=3730622678511591424 tradeID=None
[진입유실 방지 자동보정] SHORT BTC/USDT:USDT exit=2026-07-13 17:06:33 미매칭수량=0.02000000 orderID=3738889605591801856 tradeID=None
[진입유실 방지 자동보정] SHORT BTC/USDT:USDT exit=2026-07-23 01:38:30 미매칭수량=0.02000000 orderID=3766012229442543616 tradeID=None
[진입유실 방지 자동보정] SHORT XRP/USDT:USDT exit=2026-07-10 20:56:05 미매칭수량=1.43000000 orderID=3730654412548546560 tradeID=None
[진입유실 방지 자동보정] LONG XRP/USDT:USDT exit=2026-07-11 02:57:26 미매칭수량=0.14000000 orderID=3731381904544571392 tradeID=None
[진입유실 방지 자동보정] LONG XRP/USDT:USDT exit=2026-07-11 07:35:19 미매칭수량=0.14000000 orderID=3731941344905732096 tradeID=None
[진입유실 방지 자동보정] LONG XRP/USDT:USDT exit=2026-07-13 22:19:43 미매칭수량=0.15000000 orderID=3739520111387811840 tradeID=None
[진입유실 방지 자동보정] LONG KAITO/USDT:USDT exit=2026-05-23 07:44:17 미매칭수량=101.00000000 orderID=3589903302570221568 tradeID=None
[진입유실 방지 자동보정] LONG KAITO/USDT:USDT exit=2026-05-23 09:16:43 미매칭수량=103.00000000 orderID=3590089470679130112 tradeID=None
[진입유실 방지 자동보정] SHORT KAITO/USDT:USDT exit=2026-07-27 23:37:02 미매칭수량=9.00000000 orderID=3780263207016538112 tradeID=None
[진입유실 방지 자동보정] LONG KAITO/USDT:USDT exit=2026-07-28 00:17:06 미매칭수량=9.00000000 orderID=3780343864489091072 tradeID=None
[진입유실 방지 자동보정] LONG ONDO/USDT:USDT exit=2026-05-31 12:11:56 미매칭수량=13.00000000 orderID=3613635053565976576 tradeID=None
[진입유실 방지 자동보정] SHORT ONDO/USDT:USDT exit=2026-06-04 19:57:55 미매칭수량=18.00000000 orderID=3626169605609955328 tradeID=None
[진입유실 방지 자동보정] SHORT ONDO/USDT:USDT exit=2026-07-24 12:48:41 미매칭수량=4.00000000 orderID=3770260599027736576 tradeID=None
[진입유실 방지 자동보정] SHORT ADA/USDT:USDT exit=2026-06-15 18:07:56 미매칭수량=0.80000000 orderID=3657838324836671488 tradeID=None
[진입유실 방지 자동보정] SHORT ADA/USDT:USDT exit=2026-06-15 19:54:41 미매칭수량=0.80000000 orderID=3658053208425832448 tradeID=None
[진입유실 방지 자동보정] SHORT ADA/USDT:USDT exit=2026-06-15 20:18:33 미매칭수량=0.70000000 orderID=3658101280451272704 tradeID=None
[진입유실 방지 자동보정] SHORT ADA/USDT:USDT exit=2026-06-15 20:19:56 미매칭수량=0.70000000 orderID=3658104046410211328 tradeID=None
[진입유실 방지 자동보정] SHORT ADA/USDT:USDT exit=2026-06-15 20:20:18 미매칭수량=0.70000000 orderID=3658104812894101504 tradeID=None
[진입유실 방지 자동보정] SHORT ADA/USDT:USDT exit=2026-06-15 20:26:32 미매칭수량=0.70000000 orderID=3658117332119789568 tradeID=None
[진입유실 방지 자동보정] SHORT ADA/USDT:USDT exit=2026-06-15 20:44:55 미매칭수량=0.70000000 orderID=3658154361918529536 tradeID=None
[진입유실 방지 자동보정] SHORT ADA/USDT:USDT exit=2026-06-15 21:10:33 미매칭수량=0.70000000 orderID=3658205958837051392 tradeID=None
[진입유실 방지 자동보정] SHORT OKB/USDT:USDT exit=2026-06-21 03:12:28 미매칭수량=22.00000000 orderID=3673430118722904064 tradeID=None
[진입유실 방지 자동보정] SHORT OKB/USDT:USDT exit=2026-06-25 17:43:10 미매칭수량=16.00000000 orderID=3686779476461690880 tradeID=None
[진입유실 방지 자동보정] SHORT OKB/USDT:USDT exit=2026-06-25 20:10:48 미매칭수량=16.00000000 orderID=3687076707525926912 tradeID=None
[진입유실 방지 자동보정] LONG OKB/USDT:USDT exit=2026-06-26 12:38:51 미매칭수량=19.00000000 orderID=3689065905153843200 tradeID=None
[진입유실 방지 자동보정] LONG OKB/USDT:USDT exit=2026-06-26 15:55:46 미매칭수량=10.00000000 orderID=3689462344057036800 tradeID=None
[진입유실 방지 자동보정] LONG OKB/USDT:USDT exit=2026-07-22 11:42:03 미매칭수량=21.00000000 orderID=3764328224573825024 tradeID=None
[진입유실 방지 자동보정] LONG HYPE/USDT:USDT exit=2026-07-02 09:33:02 미매칭수량=1.00000000 orderID=3706086441083936768 tradeID=None
[진입유실 방지 자동보정] SHORT HYPE/USDT:USDT exit=2026-07-02 18:46:50 미매칭수량=1.00000000 orderID=3707201387012235264 tradeID=None
[진입유실 방지 자동보정] SHORT HYPE/USDT:USDT exit=2026-07-09 00:25:17 미매칭수량=24.00000000 orderID=3725277377667997696 tradeID=None
[진입유실 방지 자동보정] LONG HYPE/USDT:USDT exit=2026-07-09 06:18:38 미매칭수량=24.00000000 orderID=3725988764811730944 tradeID=None
[진입유실 방지 자동보정] LONG HYPE/USDT:USDT exit=2026-07-09 08:16:14 미매칭수량=23.00000000 orderID=3726225544848809984 tradeID=None
[진입유실 방지 자동보정] LONG HYPE/USDT:USDT exit=2026-07-13 19:30:19 미매칭수량=2.00000000 orderID=3739179042162810880 tradeID=None
[진입유실 방지 자동보정] LONG HYPE/USDT:USDT exit=2026-07-26 15:19:38 미매칭수량=2.00000000 orderID=3776362689651220480 tradeID=None
[진입유실 방지 자동보정] SHORT BTC/USDT:USDT exit=2026-07-07 21:35:36 미매칭수량=0.03000000 orderID=3722036669318373376 tradeID=None
[진입유실 방지 자동보정] SHORT BTC/USDT:USDT exit=2026-07-08 00:16:47 미매칭수량=0.04000000 orderID=3722361174263799808 tradeID=None
[진입유실 방지 자동보정] LONG BTC/USDT:USDT exit=2026-07-08 18:05:02 미매칭수량=0.03000000 orderID=3724511840214130688 tradeID=None
[진입유실 방지 자동보정] LONG BTC/USDT:USDT exit=2026-07-08 22:25:16 미매칭수량=0.03000000 orderID=3725035749082603520 tradeID=None
[진입유실 방지 자동보정] LONG BTC/USDT:USDT exit=2026-07-10 12:10:09 미매칭수량=0.25000000 orderID=3729595582481899520 tradeID=None
[진입유실 방지 자동보정] SHORT BTC/USDT:USDT exit=2026-07-10 20:40:19 미매칭수량=0.24000000 orderID=3730622678511591424 tradeID=None
[진입유실 방지 자동보정] SHORT BTC/USDT:USDT exit=2026-07-13 17:06:33 미매칭수량=0.02000000 orderID=3738889605591801856 tradeID=None
[진입유실 방지 자동보정] SHORT BTC/USDT:USDT exit=2026-07-23 01:38:30 미매칭수량=0.02000000 orderID=3766012229442543616 tradeID=None
[진입유실 방지 자동보정] SHORT XRP/USDT:USDT exit=2026-07-10 20:56:05 미매칭수량=1.43000000 orderID=3730654412548546560 tradeID=None
[진입유실 방지 자동보정] LONG XRP/USDT:USDT exit=2026-07-11 02:57:26 미매칭수량=0.14000000 orderID=3731381904544571392 tradeID=None
[진입유실 방지 자동보정] LONG XRP/USDT:USDT exit=2026-07-11 07:35:19 미매칭수량=0.14000000 orderID=3731941344905732096 tradeID=None
[진입유실 방지 자동보정] LONG XRP/USDT:USDT exit=2026-07-13 22:19:43 미매칭수량=0.15000000 orderID=3739520111387811840 tradeID=None
[DISCORD 1MIN] 09:45:45 ok=True Group 1(5): status=204 | Group 2(3): status=204 collect=8.7s post=0.7s
[DISCORD 1MIN] 09:46:45 ok=True Group 1(5): status=204 | Group 2(3): status=204 collect=9.0s post=0.9s
[DISCORD 1MIN] 09:47:45 ok=True Group 1(5): status=204 | Group 2(3): status=204 collect=8.5s post=0.8s
[DISCORD 1MIN] 09:48:45 ok=True Group 1(5): status=204 | Group 2(3): status=204 collect=8.6s post=0.6s
[DISCORD 1MIN] 09:49:45 ok=True Group 1(5): status=204 | Group 2(3): status=204 collect=8.4s post=0.7s
[진입유실 방지 자동보정] LONG KAITO/USDT:USDT exit=2026-05-23 07:44:17 미매칭수량=101.00000000 orderID=3589903302570221568 tradeID=None
[진입유실 방지 자동보정] LONG KAITO/USDT:USDT exit=2026-05-23 09:16:43 미매칭수량=103.00000000 orderID=3590089470679130112 tradeID=None
[진입유실 방지 자동보정] SHORT KAITO/USDT:USDT exit=2026-07-27 23:37:02 미매칭수량=9.00000000 orderID=3780263207016538112 tradeID=None
[진입유실 방지 자동보정] LONG KAITO/USDT:USDT exit=2026-07-28 00:17:06 미매칭수량=9.00000000 orderID=3780343864489091072 tradeID=None
[진입유실 방지 자동보정] LONG ONDO/USDT:USDT exit=2026-05-31 12:11:56 미매칭수량=13.00000000 orderID=3613635053565976576 tradeID=None
[진입유실 방지 자동보정] SHORT ONDO/USDT:USDT exit=2026-06-04 19:57:55 미매칭수량=18.00000000 orderID=3626169605609955328 tradeID=None
[진입유실 방지 자동보정] SHORT ONDO/USDT:USDT exit=2026-07-24 12:48:41 미매칭수량=4.00000000 orderID=3770260599027736576 tradeID=None
[진입유실 방지 자동보정] SHORT ADA/USDT:USDT exit=2026-06-15 18:07:56 미매칭수량=0.80000000 orderID=3657838324836671488 tradeID=None
[진입유실 방지 자동보정] SHORT ADA/USDT:USDT exit=2026-06-15 19:54:41 미매칭수량=0.80000000 orderID=3658053208425832448 tradeID=None
[진입유실 방지 자동보정] SHORT ADA/USDT:USDT exit=2026-06-15 20:18:33 미매칭수량=0.70000000 orderID=3658101280451272704 tradeID=None
[진입유실 방지 자동보정] SHORT ADA/USDT:USDT exit=2026-06-15 20:19:56 미매칭수량=0.70000000 orderID=3658104046410211328 tradeID=None
[진입유실 방지 자동보정] SHORT ADA/USDT:USDT exit=2026-06-15 20:20:18 미매칭수량=0.70000000 orderID=3658104812894101504 tradeID=None
[진입유실 방지 자동보정] SHORT ADA/USDT:USDT exit=2026-06-15 20:26:32 미매칭수량=0.70000000 orderID=3658117332119789568 tradeID=None
[진입유실 방지 자동보정] SHORT ADA/USDT:USDT exit=2026-06-15 20:44:55 미매칭수량=0.70000000 orderID=3658154361918529536 tradeID=None
[진입유실 방지 자동보정] SHORT ADA/USDT:USDT exit=2026-06-15 21:10:33 미매칭수량=0.70000000 orderID=3658205958837051392 tradeID=None
[진입유실 방지 자동보정] SHORT OKB/USDT:USDT exit=2026-06-21 03:12:28 미매칭수량=22.00000000 orderID=3673430118722904064 tradeID=None
[진입유실 방지 자동보정] SHORT OKB/USDT:USDT exit=2026-06-25 17:43:10 미매칭수량=16.00000000 orderID=3686779476461690880 tradeID=None
[진입유실 방지 자동보정] SHORT OKB/USDT:USDT exit=2026-06-25 20:10:48 미매칭수량=16.00000000 orderID=3687076707525926912 tradeID=None
[진입유실 방지 자동보정] LONG OKB/USDT:USDT exit=2026-06-26 12:38:51 미매칭수량=19.00000000 orderID=3689065905153843200 tradeID=None
[진입유실 방지 자동보정] LONG OKB/USDT:USDT exit=2026-06-26 15:55:46 미매칭수량=10.00000000 orderID=3689462344057036800 tradeID=None
[진입유실 방지 자동보정] LONG OKB/USDT:USDT exit=2026-07-22 11:42:03 미매칭수량=21.00000000 orderID=3764328224573825024 tradeID=None
[진입유실 방지 자동보정] LONG HYPE/USDT:USDT exit=2026-07-02 09:33:02 미매칭수량=1.00000000 orderID=3706086441083936768 tradeID=None
[진입유실 방지 자동보정] SHORT HYPE/USDT:USDT exit=2026-07-02 18:46:50 미매칭수량=1.00000000 orderID=3707201387012235264 tradeID=None
[진입유실 방지 자동보정] SHORT HYPE/USDT:USDT exit=2026-07-09 00:25:17 미매칭수량=24.00000000 orderID=3725277377667997696 tradeID=None
[진입유실 방지 자동보정] LONG HYPE/USDT:USDT exit=2026-07-09 06:18:38 미매칭수량=24.00000000 orderID=3725988764811730944 tradeID=None
[진입유실 방지 자동보정] LONG HYPE/USDT:USDT exit=2026-07-09 08:16:14 미매칭수량=23.00000000 orderID=3726225544848809984 tradeID=None
[진입유실 방지 자동보정] LONG HYPE/USDT:USDT exit=2026-07-13 19:30:19 미매칭수량=2.00000000 orderID=3739179042162810880 tradeID=None
[진입유실 방지 자동보정] LONG HYPE/USDT:USDT exit=2026-07-26 15:19:38 미매칭수량=2.00000000 orderID=3776362689651220480 tradeID=None
[진입유실 방지 자동보정] SHORT BTC/USDT:USDT exit=2026-07-07 21:35:36 미매칭수량=0.03000000 orderID=3722036669318373376 tradeID=None
[진입유실 방지 자동보정] SHORT BTC/USDT:USDT exit=2026-07-08 00:16:47 미매칭수량=0.04000000 orderID=3722361174263799808 tradeID=None
[진입유실 방지 자동보정] LONG BTC/USDT:USDT exit=2026-07-08 18:05:02 미매칭수량=0.03000000 orderID=3724511840214130688 tradeID=None
[진입유실 방지 자동보정] LONG BTC/USDT:USDT exit=2026-07-08 22:25:16 미매칭수량=0.03000000 orderID=3725035749082603520 tradeID=None
[진입유실 방지 자동보정] LONG BTC/USDT:USDT exit=2026-07-10 12:10:09 미매칭수량=0.25000000 orderID=3729595582481899520 tradeID=None
[진입유실 방지 자동보정] SHORT BTC/USDT:USDT exit=2026-07-10 20:40:19 미매칭수량=0.24000000 orderID=3730622678511591424 tradeID=None
[진입유실 방지 자동보정] SHORT BTC/USDT:USDT exit=2026-07-13 17:06:33 미매칭수량=0.02000000 orderID=3738889605591801856 tradeID=None
[진입유실 방지 자동보정] SHORT BTC/USDT:USDT exit=2026-07-23 01:38:30 미매칭수량=0.02000000 orderID=3766012229442543616 tradeID=None
[진입유실 방지 자동보정] SHORT XRP/USDT:USDT exit=2026-07-10 20:56:05 미매칭수량=1.43000000 orderID=3730654412548546560 tradeID=None
[진입유실 방지 자동보정] LONG XRP/USDT:USDT exit=2026-07-11 02:57:26 미매칭수량=0.14000000 orderID=3731381904544571392 tradeID=None
[진입유실 방지 자동보정] LONG XRP/USDT:USDT exit=2026-07-11 07:35:19 미매칭수량=0.14000000 orderID=3731941344905732096 tradeID=None
[진입유실 방지 자동보정] LONG XRP/USDT:USDT exit=2026-07-13 22:19:43 미매칭수량=0.15000000 orderID=3739520111387811840 tradeID=None
[진입유실 방지 자동보정] LONG KAITO/USDT:USDT exit=2026-05-23 07:44:17 미매칭수량=101.00000000 orderID=3589903302570221568 tradeID=None
[진입유실 방지 자동보정] LONG KAITO/USDT:USDT exit=2026-05-23 09:16:43 미매칭수량=103.00000000 orderID=3590089470679130112 tradeID=None
[진입유실 방지 자동보정] SHORT KAITO/USDT:USDT exit=2026-07-27 23:37:02 미매칭수량=9.00000000 orderID=3780263207016538112 tradeID=None
[진입유실 방지 자동보정] LONG KAITO/USDT:USDT exit=2026-07-28 00:17:06 미매칭수량=9.00000000 orderID=3780343864489091072 tradeID=None
[진입유실 방지 자동보정] LONG ONDO/USDT:USDT exit=2026-05-31 12:11:56 미매칭수량=13.00000000 orderID=3613635053565976576 tradeID=None
[진입유실 방지 자동보정] SHORT ONDO/USDT:USDT exit=2026-06-04 19:57:55 미매칭수량=18.00000000 orderID=3626169605609955328 tradeID=None
[진입유실 방지 자동보정] SHORT ONDO/USDT:USDT exit=2026-07-24 12:48:41 미매칭수량=4.00000000 orderID=3770260599027736576 tradeID=None
[진입유실 방지 자동보정] SHORT ADA/USDT:USDT exit=2026-06-15 18:07:56 미매칭수량=0.80000000 orderID=3657838324836671488 tradeID=None
[진입유실 방지 자동보정] SHORT ADA/USDT:USDT exit=2026-06-15 19:54:41 미매칭수량=0.80000000 orderID=3658053208425832448 tradeID=None
[진입유실 방지 자동보정] SHORT ADA/USDT:USDT exit=2026-06-15 20:18:33 미매칭수량=0.70000000 orderID=3658101280451272704 tradeID=None
[진입유실 방지 자동보정] SHORT ADA/USDT:USDT exit=2026-06-15 20:19:56 미매칭수량=0.70000000 orderID=3658104046410211328 tradeID=None
[진입유실 방지 자동보정] SHORT ADA/USDT:USDT exit=2026-06-15 20:20:18 미매칭수량=0.70000000 orderID=3658104812894101504 tradeID=None
[진입유실 방지 자동보정] SHORT ADA/USDT:USDT exit=2026-06-15 20:26:32 미매칭수량=0.70000000 orderID=3658117332119789568 tradeID=None
[진입유실 방지 자동보정] SHORT ADA/USDT:USDT exit=2026-06-15 20:44:55 미매칭수량=0.70000000 orderID=3658154361918529536 tradeID=None
[진입유실 방지 자동보정] SHORT ADA/USDT:USDT exit=2026-06-15 21:10:33 미매칭수량=0.70000000 orderID=3658205958837051392 tradeID=None
[진입유실 방지 자동보정] SHORT OKB/USDT:USDT exit=2026-06-21 03:12:28 미매칭수량=22.00000000 orderID=3673430118722904064 tradeID=None
[진입유실 방지 자동보정] SHORT OKB/USDT:USDT exit=2026-06-25 17:43:10 미매칭수량=16.00000000 orderID=3686779476461690880 tradeID=None
[진입유실 방지 자동보정] SHORT OKB/USDT:USDT exit=2026-06-25 20:10:48 미매칭수량=16.00000000 orderID=3687076707525926912 tradeID=None
[진입유실 방지 자동보정] LONG OKB/USDT:USDT exit=2026-06-26 12:38:51 미매칭수량=19.00000000 orderID=3689065905153843200 tradeID=None
[진입유실 방지 자동보정] LONG OKB/USDT:USDT exit=2026-06-26 15:55:46 미매칭수량=10.00000000 orderID=3689462344057036800 tradeID=None
[진입유실 방지 자동보정] LONG OKB/USDT:USDT exit=2026-07-22 11:42:03 미매칭수량=21.00000000 orderID=3764328224573825024 tradeID=None
[진입유실 방지 자동보정] LONG HYPE/USDT:USDT exit=2026-07-02 09:33:02 미매칭수량=1.00000000 orderID=3706086441083936768 tradeID=None
[진입유실 방지 자동보정] SHORT HYPE/USDT:USDT exit=2026-07-02 18:46:50 미매칭수량=1.00000000 orderID=3707201387012235264 tradeID=None
[진입유실 방지 자동보정] SHORT HYPE/USDT:USDT exit=2026-07-09 00:25:17 미매칭수량=24.00000000 orderID=3725277377667997696 tradeID=None
[진입유실 방지 자동보정] LONG HYPE/USDT:USDT exit=2026-07-09 06:18:38 미매칭수량=24.00000000 orderID=3725988764811730944 tradeID=None
[진입유실 방지 자동보정] LONG HYPE/USDT:USDT exit=2026-07-09 08:16:14 미매칭수량=23.00000000 orderID=3726225544848809984 tradeID=None
[진입유실 방지 자동보정] LONG HYPE/USDT:USDT exit=2026-07-13 19:30:19 미매칭수량=2.00000000 orderID=3739179042162810880 tradeID=None
[진입유실 방지 자동보정] LONG HYPE/USDT:USDT exit=2026-07-26 15:19:38 미매칭수량=2.00000000 orderID=3776362689651220480 tradeID=None
[진입유실 방지 자동보정] SHORT BTC/USDT:USDT exit=2026-07-07 21:35:36 미매칭수량=0.03000000 orderID=3722036669318373376 tradeID=None
[진입유실 방지 자동보정] SHORT BTC/USDT:USDT exit=2026-07-08 00:16:47 미매칭수량=0.04000000 orderID=3722361174263799808 tradeID=None
[진입유실 방지 자동보정] LONG BTC/USDT:USDT exit=2026-07-08 18:05:02 미매칭수량=0.03000000 orderID=3724511840214130688 tradeID=None
[진입유실 방지 자동보정] LONG BTC/USDT:USDT exit=2026-07-08 22:25:16 미매칭수량=0.03000000 orderID=3725035749082603520 tradeID=None
[진입유실 방지 자동보정] LONG BTC/USDT:USDT exit=2026-07-10 12:10:09 미매칭수량=0.25000000 orderID=3729595582481899520 tradeID=None
[진입유실 방지 자동보정] SHORT BTC/USDT:USDT exit=2026-07-10 20:40:19 미매칭수량=0.24000000 orderID=3730622678511591424 tradeID=None
[진입유실 방지 자동보정] SHORT BTC/USDT:USDT exit=2026-07-13 17:06:33 미매칭수량=0.02000000 orderID=3738889605591801856 tradeID=None
[진입유실 방지 자동보정] SHORT BTC/USDT:USDT exit=2026-07-23 01:38:30 미매칭수량=0.02000000 orderID=3766012229442543616 tradeID=None
[진입유실 방지 자동보정] SHORT XRP/USDT:USDT exit=2026-07-10 20:56:05 미매칭수량=1.43000000 orderID=3730654412548546560 tradeID=None
[진입유실 방지 자동보정] LONG XRP/USDT:USDT exit=2026-07-11 02:57:26 미매칭수량=0.14000000 orderID=3731381904544571392 tradeID=None
[진입유실 방지 자동보정] LONG XRP/USDT:USDT exit=2026-07-11 07:35:19 미매칭수량=0.14000000 orderID=3731941344905732096 tradeID=None
[진입유실 방지 자동보정] LONG XRP/USDT:USDT exit=2026-07-13 22:19:43 미매칭수량=0.15000000 orderID=3739520111387811840 tradeID=None
[진입유실 방지 자동보정] LONG KAITO/USDT:USDT exit=2026-05-23 07:44:17 미매칭수량=101.00000000 orderID=3589903302570221568 tradeID=None
[진입유실 방지 자동보정] LONG KAITO/USDT:USDT exit=2026-05-23 09:16:43 미매칭수량=103.00000000 orderID=3590089470679130112 tradeID=None
[진입유실 방지 자동보정] SHORT KAITO/USDT:USDT exit=2026-07-27 23:37:02 미매칭수량=9.00000000 orderID=3780263207016538112 tradeID=None
[진입유실 방지 자동보정] LONG KAITO/USDT:USDT exit=2026-07-28 00:17:06 미매칭수량=9.00000000 orderID=3780343864489091072 tradeID=None
[진입유실 방지 자동보정] LONG ONDO/USDT:USDT exit=2026-05-31 12:11:56 미매칭수량=13.00000000 orderID=3613635053565976576 tradeID=None
[진입유실 방지 자동보정] SHORT ONDO/USDT:USDT exit=2026-06-04 19:57:55 미매칭수량=18.00000000 orderID=3626169605609955328 tradeID=None
[진입유실 방지 자동보정] SHORT ONDO/USDT:USDT exit=2026-07-24 12:48:41 미매칭수량=4.00000000 orderID=3770260599027736576 tradeID=None
[진입유실 방지 자동보정] SHORT ADA/USDT:USDT exit=2026-06-15 18:07:56 미매칭수량=0.80000000 orderID=3657838324836671488 tradeID=None
[진입유실 방지 자동보정] SHORT ADA/USDT:USDT exit=2026-06-15 19:54:41 미매칭수량=0.80000000 orderID=3658053208425832448 tradeID=None
[진입유실 방지 자동보정] SHORT ADA/USDT:USDT exit=2026-06-15 20:18:33 미매칭수량=0.70000000 orderID=3658101280451272704 tradeID=None
[진입유실 방지 자동보정] SHORT ADA/USDT:USDT exit=2026-06-15 20:19:56 미매칭수량=0.70000000 orderID=3658104046410211328 tradeID=None
[진입유실 방지 자동보정] SHORT ADA/USDT:USDT exit=2026-06-15 20:20:18 미매칭수량=0.70000000 orderID=3658104812894101504 tradeID=None
[진입유실 방지 자동보정] SHORT ADA/USDT:USDT exit=2026-06-15 20:26:32 미매칭수량=0.70000000 orderID=3658117332119789568 tradeID=None
[진입유실 방지 자동보정] SHORT ADA/USDT:USDT exit=2026-06-15 20:44:55 미매칭수량=0.70000000 orderID=3658154361918529536 tradeID=None
[진입유실 방지 자동보정] SHORT ADA/USDT:USDT exit=2026-06-15 21:10:33 미매칭수량=0.70000000 orderID=3658205958837051392 tradeID=None
[진입유실 방지 자동보정] SHORT OKB/USDT:USDT exit=2026-06-21 03:12:28 미매칭수량=22.00000000 orderID=3673430118722904064 tradeID=None
[진입유실 방지 자동보정] SHORT OKB/USDT:USDT exit=2026-06-25 17:43:10 미매칭수량=16.00000000 orderID=3686779476461690880 tradeID=None
[진입유실 방지 자동보정] SHORT OKB/USDT:USDT exit=2026-06-25 20:10:48 미매칭수량=16.00000000 orderID=3687076707525926912 tradeID=None
[진입유실 방지 자동보정] LONG OKB/USDT:USDT exit=2026-06-26 12:38:51 미매칭수량=19.00000000 orderID=3689065905153843200 tradeID=None
[진입유실 방지 자동보정] LONG OKB/USDT:USDT exit=2026-06-26 15:55:46 미매칭수량=10.00000000 orderID=3689462344057036800 tradeID=None
[진입유실 방지 자동보정] LONG OKB/USDT:USDT exit=2026-07-22 11:42:03 미매칭수량=21.00000000 orderID=3764328224573825024 tradeID=None
[진입유실 방지 자동보정] LONG HYPE/USDT:USDT exit=2026-07-02 09:33:02 미매칭수량=1.00000000 orderID=3706086441083936768 tradeID=None
[진입유실 방지 자동보정] SHORT HYPE/USDT:USDT exit=2026-07-02 18:46:50 미매칭수량=1.00000000 orderID=3707201387012235264 tradeID=None
[진입유실 방지 자동보정] SHORT HYPE/USDT:USDT exit=2026-07-09 00:25:17 미매칭수량=24.00000000 orderID=3725277377667997696 tradeID=None
[진입유실 방지 자동보정] LONG HYPE/USDT:USDT exit=2026-07-09 06:18:38 미매칭수량=24.00000000 orderID=3725988764811730944 tradeID=None
[진입유실 방지 자동보정] LONG HYPE/USDT:USDT exit=2026-07-09 08:16:14 미매칭수량=23.00000000 orderID=3726225544848809984 tradeID=None
[진입유실 방지 자동보정] LONG HYPE/USDT:USDT exit=2026-07-13 19:30:19 미매칭수량=2.00000000 orderID=3739179042162810880 tradeID=None
[진입유실 방지 자동보정] LONG HYPE/USDT:USDT exit=2026-07-26 15:19:38 미매칭수량=2.00000000 orderID=3776362689651220480 tradeID=None
[진입유실 방지 자동보정] SHORT BTC/USDT:USDT exit=2026-07-07 21:35:36 미매칭수량=0.03000000 orderID=3722036669318373376 tradeID=None
[진입유실 방지 자동보정] SHORT BTC/USDT:USDT exit=2026-07-08 00:16:47 미매칭수량=0.04000000 orderID=3722361174263799808 tradeID=None
[진입유실 방지 자동보정] LONG BTC/USDT:USDT exit=2026-07-08 18:05:02 미매칭수량=0.03000000 orderID=3724511840214130688 tradeID=None
[진입유실 방지 자동보정] LONG BTC/USDT:USDT exit=2026-07-08 22:25:16 미매칭수량=0.03000000 orderID=3725035749082603520 tradeID=None
[진입유실 방지 자동보정] LONG BTC/USDT:USDT exit=2026-07-10 12:10:09 미매칭수량=0.25000000 orderID=3729595582481899520 tradeID=None
[진입유실 방지 자동보정] SHORT BTC/USDT:USDT exit=2026-07-10 20:40:19 미매칭수량=0.24000000 orderID=3730622678511591424 tradeID=None
[진입유실 방지 자동보정] SHORT BTC/USDT:USDT exit=2026-07-13 17:06:33 미매칭수량=0.02000000 orderID=3738889605591801856 tradeID=None
[진입유실 방지 자동보정] SHORT BTC/USDT:USDT exit=2026-07-23 01:38:30 미매칭수량=0.02000000 orderID=3766012229442543616 tradeID=None
[진입유실 방지 자동보정] SHORT XRP/USDT:USDT exit=2026-07-10 20:56:05 미매칭수량=1.43000000 orderID=3730654412548546560 tradeID=None
[진입유실 방지 자동보정] LONG XRP/USDT:USDT exit=2026-07-11 02:57:26 미매칭수량=0.14000000 orderID=3731381904544571392 tradeID=None
[진입유실 방지 자동보정] LONG XRP/USDT:USDT exit=2026-07-11 07:35:19 미매칭수량=0.14000000 orderID=3731941344905732096 tradeID=None
[진입유실 방지 자동보정] LONG XRP/USDT:USDT exit=2026-07-13 22:19:43 미매칭수량=0.15000000 orderID=3739520111387811840 tradeID=None
[CATFIX] pnl=0 청산 → 진입 재분류: KAITO/USDT:USDT buy 수량=9.00000000 tradeID=243056081
[진입유실 방지 자동보정] LONG KAITO/USDT:USDT exit=2026-05-23 07:44:17 미매칭수량=101.00000000 orderID=3589903302570221568 tradeID=None
[진입유실 방지 자동보정] LONG KAITO/USDT:USDT exit=2026-05-23 09:16:43 미매칭수량=103.00000000 orderID=3590089470679130112 tradeID=None
[진입유실 방지 자동보정] LONG ONDO/USDT:USDT exit=2026-05-31 12:11:56 미매칭수량=13.00000000 orderID=3613635053565976576 tradeID=None
[진입유실 방지 자동보정] SHORT ONDO/USDT:USDT exit=2026-06-04 19:57:55 미매칭수량=18.00000000 orderID=3626169605609955328 tradeID=None
[진입유실 방지 자동보정] SHORT ONDO/USDT:USDT exit=2026-07-24 12:48:41 미매칭수량=4.00000000 orderID=3770260599027736576 tradeID=None
[진입유실 방지 자동보정] SHORT ADA/USDT:USDT exit=2026-06-15 18:07:56 미매칭수량=0.80000000 orderID=3657838324836671488 tradeID=None
[진입유실 방지 자동보정] SHORT ADA/USDT:USDT exit=2026-06-15 19:54:41 미매칭수량=0.80000000 orderID=3658053208425832448 tradeID=None
[진입유실 방지 자동보정] SHORT ADA/USDT:USDT exit=2026-06-15 20:18:33 미매칭수량=0.70000000 orderID=3658101280451272704 tradeID=None
[진입유실 방지 자동보정] SHORT ADA/USDT:USDT exit=2026-06-15 20:19:56 미매칭수량=0.70000000 orderID=3658104046410211328 tradeID=None
[진입유실 방지 자동보정] SHORT ADA/USDT:USDT exit=2026-06-15 20:20:18 미매칭수량=0.70000000 orderID=3658104812894101504 tradeID=None
[진입유실 방지 자동보정] SHORT ADA/USDT:USDT exit=2026-06-15 20:26:32 미매칭수량=0.70000000 orderID=3658117332119789568 tradeID=None
[진입유실 방지 자동보정] SHORT ADA/USDT:USDT exit=2026-06-15 20:44:55 미매칭수량=0.70000000 orderID=3658154361918529536 tradeID=None
[진입유실 방지 자동보정] SHORT ADA/USDT:USDT exit=2026-06-15 21:10:33 미매칭수량=0.70000000 orderID=3658205958837051392 tradeID=None
[진입유실 방지 자동보정] SHORT OKB/USDT:USDT exit=2026-06-21 03:12:28 미매칭수량=22.00000000 orderID=3673430118722904064 tradeID=None
[진입유실 방지 자동보정] SHORT OKB/USDT:USDT exit=2026-06-25 17:43:10 미매칭수량=16.00000000 orderID=3686779476461690880 tradeID=None
[진입유실 방지 자동보정] SHORT OKB/USDT:USDT exit=2026-06-25 20:10:48 미매칭수량=16.00000000 orderID=3687076707525926912 tradeID=None
[진입유실 방지 자동보정] LONG OKB/USDT:USDT exit=2026-06-26 12:38:51 미매칭수량=19.00000000 orderID=3689065905153843200 tradeID=None
[진입유실 방지 자동보정] LONG OKB/USDT:USDT exit=2026-06-26 15:55:46 미매칭수량=10.00000000 orderID=3689462344057036800 tradeID=None
[진입유실 방지 자동보정] LONG OKB/USDT:USDT exit=2026-07-22 11:42:03 미매칭수량=21.00000000 orderID=3764328224573825024 tradeID=None
[진입유실 방지 자동보정] LONG HYPE/USDT:USDT exit=2026-07-02 09:33:02 미매칭수량=1.00000000 orderID=3706086441083936768 tradeID=None
[진입유실 방지 자동보정] SHORT HYPE/USDT:USDT exit=2026-07-02 18:46:50 미매칭수량=1.00000000 orderID=3707201387012235264 tradeID=None
[진입유실 방지 자동보정] SHORT HYPE/USDT:USDT exit=2026-07-09 00:25:17 미매칭수량=24.00000000 orderID=3725277377667997696 tradeID=None
[진입유실 방지 자동보정] LONG HYPE/USDT:USDT exit=2026-07-09 06:18:38 미매칭수량=24.00000000 orderID=3725988764811730944 tradeID=None
[진입유실 방지 자동보정] LONG HYPE/USDT:USDT exit=2026-07-09 08:16:14 미매칭수량=23.00000000 orderID=3726225544848809984 tradeID=None
[진입유실 방지 자동보정] LONG HYPE/USDT:USDT exit=2026-07-13 19:30:19 미매칭수량=2.00000000 orderID=3739179042162810880 tradeID=None
[진입유실 방지 자동보정] LONG HYPE/USDT:USDT exit=2026-07-26 15:19:38 미매칭수량=2.00000000 orderID=3776362689651220480 tradeID=None
[진입유실 방지 자동보정] SHORT BTC/USDT:USDT exit=2026-07-07 21:35:36 미매칭수량=0.03000000 orderID=3722036669318373376 tradeID=None
[진입유실 방지 자동보정] SHORT BTC/USDT:USDT exit=2026-07-08 00:16:47 미매칭수량=0.04000000 orderID=3722361174263799808 tradeID=None
[진입유실 방지 자동보정] LONG BTC/USDT:USDT exit=2026-07-08 18:05:02 미매칭수량=0.03000000 orderID=3724511840214130688 tradeID=None
[진입유실 방지 자동보정] LONG BTC/USDT:USDT exit=2026-07-08 22:25:16 미매칭수량=0.03000000 orderID=3725035749082603520 tradeID=None
[진입유실 방지 자동보정] LONG BTC/USDT:USDT exit=2026-07-10 12:10:09 미매칭수량=0.25000000 orderID=3729595582481899520 tradeID=None
[진입유실 방지 자동보정] SHORT BTC/USDT:USDT exit=2026-07-10 20:40:19 미매칭수량=0.24000000 orderID=3730622678511591424 tradeID=None
[진입유실 방지 자동보정] SHORT BTC/USDT:USDT exit=2026-07-13 17:06:33 미매칭수량=0.02000000 orderID=3738889605591801856 tradeID=None
[진입유실 방지 자동보정] SHORT BTC/USDT:USDT exit=2026-07-23 01:38:30 미매칭수량=0.02000000 orderID=3766012229442543616 tradeID=None
[진입유실 방지 자동보정] SHORT XRP/USDT:USDT exit=2026-07-10 20:56:05 미매칭수량=1.43000000 orderID=3730654412548546560 tradeID=None
[진입유실 방지 자동보정] LONG XRP/USDT:USDT exit=2026-07-11 02:57:26 미매칭수량=0.14000000 orderID=3731381904544571392 tradeID=None
[진입유실 방지 자동보정] LONG XRP/USDT:USDT exit=2026-07-11 07:35:19 미매칭수량=0.14000000 orderID=3731941344905732096 tradeID=None
[진입유실 방지 자동보정] LONG XRP/USDT:USDT exit=2026-07-13 22:19:43 미매칭수량=0.15000000 orderID=3739520111387811840 tradeID=None
[진입유실 방지 자동보정] LONG KAITO/USDT:USDT exit=2026-05-23 07:44:17 미매칭수량=101.00000000 orderID=3589903302570221568 tradeID=None
[진입유실 방지 자동보정] LONG KAITO/USDT:USDT exit=2026-05-23 09:16:43 미매칭수량=103.00000000 orderID=3590089470679130112 tradeID=None
[진입유실 방지 자동보정] SHORT KAITO/USDT:USDT exit=2026-07-27 23:37:02 미매칭수량=9.00000000 orderID=3780263207016538112 tradeID=None
[진입유실 방지 자동보정] LONG KAITO/USDT:USDT exit=2026-07-28 00:17:06 미매칭수량=9.00000000 orderID=3780343864489091072 tradeID=None
[진입유실 방지 자동보정] LONG ONDO/USDT:USDT exit=2026-05-31 12:11:56 미매칭수량=13.00000000 orderID=3613635053565976576 tradeID=None
[진입유실 방지 자동보정] SHORT ONDO/USDT:USDT exit=2026-06-04 19:57:55 미매칭수량=18.00000000 orderID=3626169605609955328 tradeID=None
[진입유실 방지 자동보정] SHORT ONDO/USDT:USDT exit=2026-07-24 12:48:41 미매칭수량=4.00000000 orderID=3770260599027736576 tradeID=None
[진입유실 방지 자동보정] SHORT ADA/USDT:USDT exit=2026-06-15 18:07:56 미매칭수량=0.80000000 orderID=3657838324836671488 tradeID=None
[진입유실 방지 자동보정] SHORT ADA/USDT:USDT exit=2026-06-15 19:54:41 미매칭수량=0.80000000 orderID=3658053208425832448 tradeID=None
[진입유실 방지 자동보정] SHORT ADA/USDT:USDT exit=2026-06-15 20:18:33 미매칭수량=0.70000000 orderID=3658101280451272704 tradeID=None
[진입유실 방지 자동보정] SHORT ADA/USDT:USDT exit=2026-06-15 20:19:56 미매칭수량=0.70000000 orderID=3658104046410211328 tradeID=None
[진입유실 방지 자동보정] SHORT ADA/USDT:USDT exit=2026-06-15 20:20:18 미매칭수량=0.70000000 orderID=3658104812894101504 tradeID=None
[진입유실 방지 자동보정] SHORT ADA/USDT:USDT exit=2026-06-15 20:26:32 미매칭수량=0.70000000 orderID=3658117332119789568 tradeID=None
[진입유실 방지 자동보정] SHORT ADA/USDT:USDT exit=2026-06-15 20:44:55 미매칭수량=0.70000000 orderID=3658154361918529536 tradeID=None
[진입유실 방지 자동보정] SHORT ADA/USDT:USDT exit=2026-06-15 21:10:33 미매칭수량=0.70000000 orderID=3658205958837051392 tradeID=None
[진입유실 방지 자동보정] SHORT OKB/USDT:USDT exit=2026-06-21 03:12:28 미매칭수량=22.00000000 orderID=3673430118722904064 tradeID=None
[진입유실 방지 자동보정] SHORT OKB/USDT:USDT exit=2026-06-25 17:43:10 미매칭수량=16.00000000 orderID=3686779476461690880 tradeID=None
[진입유실 방지 자동보정] SHORT OKB/USDT:USDT exit=2026-06-25 20:10:48 미매칭수량=16.00000000 orderID=3687076707525926912 tradeID=None
[진입유실 방지 자동보정] LONG OKB/USDT:USDT exit=2026-06-26 12:38:51 미매칭수량=19.00000000 orderID=3689065905153843200 tradeID=None
[진입유실 방지 자동보정] LONG OKB/USDT:USDT exit=2026-06-26 15:55:46 미매칭수량=10.00000000 orderID=3689462344057036800 tradeID=None
[진입유실 방지 자동보정] LONG OKB/USDT:USDT exit=2026-07-22 11:42:03 미매칭수량=21.00000000 orderID=3764328224573825024 tradeID=None
[진입유실 방지 자동보정] LONG HYPE/USDT:USDT exit=2026-07-02 09:33:02 미매칭수량=1.00000000 orderID=3706086441083936768 tradeID=None
[진입유실 방지 자동보정] SHORT HYPE/USDT:USDT exit=2026-07-02 18:46:50 미매칭수량=1.00000000 orderID=3707201387012235264 tradeID=None
[진입유실 방지 자동보정] SHORT HYPE/USDT:USDT exit=2026-07-09 00:25:17 미매칭수량=24.00000000 orderID=3725277377667997696 tradeID=None
[진입유실 방지 자동보정] LONG HYPE/USDT:USDT exit=2026-07-09 06:18:38 미매칭수량=24.00000000 orderID=3725988764811730944 tradeID=None
[진입유실 방지 자동보정] LONG HYPE/USDT:USDT exit=2026-07-09 08:16:14 미매칭수량=23.00000000 orderID=3726225544848809984 tradeID=None
[진입유실 방지 자동보정] LONG HYPE/USDT:USDT exit=2026-07-13 19:30:19 미매칭수량=2.00000000 orderID=3739179042162810880 tradeID=None
[진입유실 방지 자동보정] LONG HYPE/USDT:USDT exit=2026-07-26 15:19:38 미매칭수량=2.00000000 orderID=3776362689651220480 tradeID=None
[진입유실 방지 자동보정] SHORT BTC/USDT:USDT exit=2026-07-07 21:35:36 미매칭수량=0.03000000 orderID=3722036669318373376 tradeID=None
[진입유실 방지 자동보정] SHORT BTC/USDT:USDT exit=2026-07-08 00:16:47 미매칭수량=0.04000000 orderID=3722361174263799808 tradeID=None
[진입유실 방지 자동보정] LONG BTC/USDT:USDT exit=2026-07-08 18:05:02 미매칭수량=0.03000000 orderID=3724511840214130688 tradeID=None
[진입유실 방지 자동보정] LONG BTC/USDT:USDT exit=2026-07-08 22:25:16 미매칭수량=0.03000000 orderID=3725035749082603520 tradeID=None
[진입유실 방지 자동보정] LONG BTC/USDT:USDT exit=2026-07-10 12:10:09 미매칭수량=0.25000000 orderID=3729595582481899520 tradeID=None
[진입유실 방지 자동보정] SHORT BTC/USDT:USDT exit=2026-07-10 20:40:19 미매칭수량=0.24000000 orderID=3730622678511591424 tradeID=None
[진입유실 방지 자동보정] SHORT BTC/USDT:USDT exit=2026-07-13 17:06:33 미매칭수량=0.02000000 orderID=3738889605591801856 tradeID=None
[진입유실 방지 자동보정] SHORT BTC/USDT:USDT exit=2026-07-23 01:38:30 미매칭수량=0.02000000 orderID=3766012229442543616 tradeID=None
[진입유실 방지 자동보정] SHORT XRP/USDT:USDT exit=2026-07-10 20:56:05 미매칭수량=1.43000000 orderID=3730654412548546560 tradeID=None
[진입유실 방지 자동보정] LONG XRP/USDT:USDT exit=2026-07-11 02:57:26 미매칭수량=0.14000000 orderID=3731381904544571392 tradeID=None
[진입유실 방지 자동보정] LONG XRP/USDT:USDT exit=2026-07-11 07:35:19 미매칭수량=0.14000000 orderID=3731941344905732096 tradeID=None
[진입유실 방지 자동보정] LONG XRP/USDT:USDT exit=2026-07-13 22:19:43 미매칭수량=0.15000000 orderID=3739520111387811840 tradeID=None
[진입유실 방지 자동보정] LONG KAITO/USDT:USDT exit=2026-05-23 07:44:17 미매칭수량=101.00000000 orderID=3589903302570221568 tradeID=None
[진입유실 방지 자동보정] LONG KAITO/USDT:USDT exit=2026-05-23 09:16:43 미매칭수량=103.00000000 orderID=3590089470679130112 tradeID=None
[진입유실 방지 자동보정] SHORT KAITO/USDT:USDT exit=2026-07-27 23:37:02 미매칭수량=9.00000000 orderID=3780263207016538112 tradeID=None
[진입유실 방지 자동보정] LONG KAITO/USDT:USDT exit=2026-07-28 00:17:06 미매칭수량=9.00000000 orderID=3780343864489091072 tradeID=None
[진입유실 방지 자동보정] LONG ONDO/USDT:USDT exit=2026-05-31 12:11:56 미매칭수량=13.00000000 orderID=3613635053565976576 tradeID=None
[진입유실 방지 자동보정] SHORT ONDO/USDT:USDT exit=2026-06-04 19:57:55 미매칭수량=18.00000000 orderID=3626169605609955328 tradeID=None
[진입유실 방지 자동보정] SHORT ONDO/USDT:USDT exit=2026-07-24 12:48:41 미매칭수량=4.00000000 orderID=3770260599027736576 tradeID=None
[진입유실 방지 자동보정] SHORT ADA/USDT:USDT exit=2026-06-15 18:07:56 미매칭수량=0.80000000 orderID=3657838324836671488 tradeID=None
[진입유실 방지 자동보정] SHORT ADA/USDT:USDT exit=2026-06-15 19:54:41 미매칭수량=0.80000000 orderID=3658053208425832448 tradeID=None
[진입유실 방지 자동보정] SHORT ADA/USDT:USDT exit=2026-06-15 20:18:33 미매칭수량=0.70000000 orderID=3658101280451272704 tradeID=None
[진입유실 방지 자동보정] SHORT ADA/USDT:USDT exit=2026-06-15 20:19:56 미매칭수량=0.70000000 orderID=3658104046410211328 tradeID=None
[진입유실 방지 자동보정] SHORT ADA/USDT:USDT exit=2026-06-15 20:20:18 미매칭수량=0.70000000 orderID=3658104812894101504 tradeID=None
[진입유실 방지 자동보정] SHORT ADA/USDT:USDT exit=2026-06-15 20:26:32 미매칭수량=0.70000000 orderID=3658117332119789568 tradeID=None
[진입유실 방지 자동보정] SHORT ADA/USDT:USDT exit=2026-06-15 20:44:55 미매칭수량=0.70000000 orderID=3658154361918529536 tradeID=None
[진입유실 방지 자동보정] SHORT ADA/USDT:USDT exit=2026-06-15 21:10:33 미매칭수량=0.70000000 orderID=3658205958837051392 tradeID=None
[진입유실 방지 자동보정] SHORT OKB/USDT:USDT exit=2026-06-21 03:12:28 미매칭수량=22.00000000 orderID=3673430118722904064 tradeID=None
[진입유실 방지 자동보정] SHORT OKB/USDT:USDT exit=2026-06-25 17:43:10 미매칭수량=16.00000000 orderID=3686779476461690880 tradeID=None
[진입유실 방지 자동보정] SHORT OKB/USDT:USDT exit=2026-06-25 20:10:48 미매칭수량=16.00000000 orderID=3687076707525926912 tradeID=None
[진입유실 방지 자동보정] LONG OKB/USDT:USDT exit=2026-06-26 12:38:51 미매칭수량=19.00000000 orderID=3689065905153843200 tradeID=None
[진입유실 방지 자동보정] LONG OKB/USDT:USDT exit=2026-06-26 15:55:46 미매칭수량=10.00000000 orderID=3689462344057036800 tradeID=None
[진입유실 방지 자동보정] LONG OKB/USDT:USDT exit=2026-07-22 11:42:03 미매칭수량=21.00000000 orderID=3764328224573825024 tradeID=None
[진입유실 방지 자동보정] LONG HYPE/USDT:USDT exit=2026-07-02 09:33:02 미매칭수량=1.00000000 orderID=3706086441083936768 tradeID=None
[진입유실 방지 자동보정] SHORT HYPE/USDT:USDT exit=2026-07-02 18:46:50 미매칭수량=1.00000000 orderID=3707201387012235264 tradeID=None
[진입유실 방지 자동보정] SHORT HYPE/USDT:USDT exit=2026-07-09 00:25:17 미매칭수량=24.00000000 orderID=3725277377667997696 tradeID=None
[진입유실 방지 자동보정] LONG HYPE/USDT:USDT exit=2026-07-09 06:18:38 미매칭수량=24.00000000 orderID=3725988764811730944 tradeID=None
[진입유실 방지 자동보정] LONG HYPE/USDT:USDT exit=2026-07-09 08:16:14 미매칭수량=23.00000000 orderID=3726225544848809984 tradeID=None
[진입유실 방지 자동보정] LONG HYPE/USDT:USDT exit=2026-07-13 19:30:19 미매칭수량=2.00000000 orderID=3739179042162810880 tradeID=None
[진입유실 방지 자동보정] LONG HYPE/USDT:USDT exit=2026-07-26 15:19:38 미매칭수량=2.00000000 orderID=3776362689651220480 tradeID=None
[진입유실 방지 자동보정] SHORT BTC/USDT:USDT exit=2026-07-07 21:35:36 미매칭수량=0.03000000 orderID=3722036669318373376 tradeID=None
[진입유실 방지 자동보정] SHORT BTC/USDT:USDT exit=2026-07-08 00:16:47 미매칭수량=0.04000000 orderID=3722361174263799808 tradeID=None
[진입유실 방지 자동보정] LONG BTC/USDT:USDT exit=2026-07-08 18:05:02 미매칭수량=0.03000000 orderID=3724511840214130688 tradeID=None
[진입유실 방지 자동보정] LONG BTC/USDT:USDT exit=2026-07-08 22:25:16 미매칭수량=0.03000000 orderID=3725035749082603520 tradeID=None
[진입유실 방지 자동보정] LONG BTC/USDT:USDT exit=2026-07-10 12:10:09 미매칭수량=0.25000000 orderID=3729595582481899520 tradeID=None
[진입유실 방지 자동보정] SHORT BTC/USDT:USDT exit=2026-07-10 20:40:19 미매칭수량=0.24000000 orderID=3730622678511591424 tradeID=None
[진입유실 방지 자동보정] SHORT BTC/USDT:USDT exit=2026-07-13 17:06:33 미매칭수량=0.02000000 orderID=3738889605591801856 tradeID=None
[진입유실 방지 자동보정] SHORT BTC/USDT:USDT exit=2026-07-23 01:38:30 미매칭수량=0.02000000 orderID=3766012229442543616 tradeID=None
[진입유실 방지 자동보정] SHORT XRP/USDT:USDT exit=2026-07-10 20:56:05 미매칭수량=1.43000000 orderID=3730654412548546560 tradeID=None
[진입유실 방지 자동보정] LONG XRP/USDT:USDT exit=2026-07-11 02:57:26 미매칭수량=0.14000000 orderID=3731381904544571392 tradeID=None
[진입유실 방지 자동보정] LONG XRP/USDT:USDT exit=2026-07-11 07:35:19 미매칭수량=0.14000000 orderID=3731941344905732096 tradeID=None
[진입유실 방지 자동보정] LONG XRP/USDT:USDT exit=2026-07-13 22:19:43 미매칭수량=0.15000000 orderID=3739520111387811840 tradeID=None
[진입유실 방지 자동보정] LONG KAITO/USDT:USDT exit=2026-05-23 07:44:17 미매칭수량=101.00000000 orderID=3589903302570221568 tradeID=None
[진입유실 방지 자동보정] LONG KAITO/USDT:USDT exit=2026-05-23 09:16:43 미매칭수량=103.00000000 orderID=3590089470679130112 tradeID=None
[진입유실 방지 자동보정] SHORT KAITO/USDT:USDT exit=2026-07-27 23:37:02 미매칭수량=9.00000000 orderID=3780263207016538112 tradeID=None
[진입유실 방지 자동보정] LONG KAITO/USDT:USDT exit=2026-07-28 00:17:06 미매칭수량=9.00000000 orderID=3780343864489091072 tradeID=None
[진입유실 방지 자동보정] LONG ONDO/USDT:USDT exit=2026-05-31 12:11:56 미매칭수량=13.00000000 orderID=3613635053565976576 tradeID=None
[진입유실 방지 자동보정] SHORT ONDO/USDT:USDT exit=2026-06-04 19:57:55 미매칭수량=18.00000000 orderID=3626169605609955328 tradeID=None
[진입유실 방지 자동보정] SHORT ONDO/USDT:USDT exit=2026-07-24 12:48:41 미매칭수량=4.00000000 orderID=3770260599027736576 tradeID=None
[진입유실 방지 자동보정] SHORT ADA/USDT:USDT exit=2026-06-15 18:07:56 미매칭수량=0.80000000 orderID=3657838324836671488 tradeID=None
[진입유실 방지 자동보정] SHORT ADA/USDT:USDT exit=2026-06-15 19:54:41 미매칭수량=0.80000000 orderID=3658053208425832448 tradeID=None
[진입유실 방지 자동보정] SHORT ADA/USDT:USDT exit=2026-06-15 20:18:33 미매칭수량=0.70000000 orderID=3658101280451272704 tradeID=None
[진입유실 방지 자동보정] SHORT ADA/USDT:USDT exit=2026-06-15 20:19:56 미매칭수량=0.70000000 orderID=3658104046410211328 tradeID=None
[진입유실 방지 자동보정] SHORT ADA/USDT:USDT exit=2026-06-15 20:20:18 미매칭수량=0.70000000 orderID=3658104812894101504 tradeID=None
[진입유실 방지 자동보정] SHORT ADA/USDT:USDT exit=2026-06-15 20:26:32 미매칭수량=0.70000000 orderID=3658117332119789568 tradeID=None
[진입유실 방지 자동보정] SHORT ADA/USDT:USDT exit=2026-06-15 20:44:55 미매칭수량=0.70000000 orderID=3658154361918529536 tradeID=None
[진입유실 방지 자동보정] SHORT ADA/USDT:USDT exit=2026-06-15 21:10:33 미매칭수량=0.70000000 orderID=3658205958837051392 tradeID=None
[진입유실 방지 자동보정] SHORT OKB/USDT:USDT exit=2026-06-21 03:12:28 미매칭수량=22.00000000 orderID=3673430118722904064 tradeID=None
[진입유실 방지 자동보정] SHORT OKB/USDT:USDT exit=2026-06-25 17:43:10 미매칭수량=16.00000000 orderID=3686779476461690880 tradeID=None
[진입유실 방지 자동보정] SHORT OKB/USDT:USDT exit=2026-06-25 20:10:48 미매칭수량=16.00000000 orderID=3687076707525926912 tradeID=None
[진입유실 방지 자동보정] LONG OKB/USDT:USDT exit=2026-06-26 12:38:51 미매칭수량=19.00000000 orderID=3689065905153843200 tradeID=None
[진입유실 방지 자동보정] LONG OKB/USDT:USDT exit=2026-06-26 15:55:46 미매칭수량=10.00000000 orderID=3689462344057036800 tradeID=None
[진입유실 방지 자동보정] LONG OKB/USDT:USDT exit=2026-07-22 11:42:03 미매칭수량=21.00000000 orderID=3764328224573825024 tradeID=None
[진입유실 방지 자동보정] LONG HYPE/USDT:USDT exit=2026-07-02 09:33:02 미매칭수량=1.00000000 orderID=3706086441083936768 tradeID=None
[진입유실 방지 자동보정] SHORT HYPE/USDT:USDT exit=2026-07-02 18:46:50 미매칭수량=1.00000000 orderID=3707201387012235264 tradeID=None
[진입유실 방지 자동보정] SHORT HYPE/USDT:USDT exit=2026-07-09 00:25:17 미매칭수량=24.00000000 orderID=3725277377667997696 tradeID=None
[진입유실 방지 자동보정] LONG HYPE/USDT:USDT exit=2026-07-09 06:18:38 미매칭수량=24.00000000 orderID=3725988764811730944 tradeID=None
[진입유실 방지 자동보정] LONG HYPE/USDT:USDT exit=2026-07-09 08:16:14 미매칭수량=23.00000000 orderID=3726225544848809984 tradeID=None
[진입유실 방지 자동보정] LONG HYPE/USDT:USDT exit=2026-07-13 19:30:19 미매칭수량=2.00000000 orderID=3739179042162810880 tradeID=None
[진입유실 방지 자동보정] LONG HYPE/USDT:USDT exit=2026-07-26 15:19:38 미매칭수량=2.00000000 orderID=3776362689651220480 tradeID=None
[진입유실 방지 자동보정] SHORT BTC/USDT:USDT exit=2026-07-07 21:35:36 미매칭수량=0.03000000 orderID=3722036669318373376 tradeID=None
[진입유실 방지 자동보정] SHORT BTC/USDT:USDT exit=2026-07-08 00:16:47 미매칭수량=0.04000000 orderID=3722361174263799808 tradeID=None
[진입유실 방지 자동보정] LONG BTC/USDT:USDT exit=2026-07-08 18:05:02 미매칭수량=0.03000000 orderID=3724511840214130688 tradeID=None
[진입유실 방지 자동보정] LONG BTC/USDT:USDT exit=2026-07-08 22:25:16 미매칭수량=0.03000000 orderID=3725035749082603520 tradeID=None
[진입유실 방지 자동보정] LONG BTC/USDT:USDT exit=2026-07-10 12:10:09 미매칭수량=0.25000000 orderID=3729595582481899520 tradeID=None
[진입유실 방지 자동보정] SHORT BTC/USDT:USDT exit=2026-07-10 20:40:19 미매칭수량=0.24000000 orderID=3730622678511591424 tradeID=None
[진입유실 방지 자동보정] SHORT BTC/USDT:USDT exit=2026-07-13 17:06:33 미매칭수량=0.02000000 orderID=3738889605591801856 tradeID=None
[진입유실 방지 자동보정] SHORT BTC/USDT:USDT exit=2026-07-23 01:38:30 미매칭수량=0.02000000 orderID=3766012229442543616 tradeID=None
[진입유실 방지 자동보정] SHORT XRP/USDT:USDT exit=2026-07-10 20:56:05 미매칭수량=1.43000000 orderID=3730654412548546560 tradeID=None
[진입유실 방지 자동보정] LONG XRP/USDT:USDT exit=2026-07-11 02:57:26 미매칭수량=0.14000000 orderID=3731381904544571392 tradeID=None
[진입유실 방지 자동보정] LONG XRP/USDT:USDT exit=2026-07-11 07:35:19 미매칭수량=0.14000000 orderID=3731941344905732096 tradeID=None
[진입유실 방지 자동보정] LONG XRP/USDT:USDT exit=2026-07-13 22:19:43 미매칭수량=0.15000000 orderID=3739520111387811840 tradeID=None
[진입유실 방지 자동보정] LONG KAITO/USDT:USDT exit=2026-05-23 07:44:17 미매칭수량=101.00000000 orderID=3589903302570221568 tradeID=None
[진입유실 방지 자동보정] LONG KAITO/USDT:USDT exit=2026-05-23 09:16:43 미매칭수량=103.00000000 orderID=3590089470679130112 tradeID=None
[진입유실 방지 자동보정] SHORT KAITO/USDT:USDT exit=2026-07-27 23:37:02 미매칭수량=9.00000000 orderID=3780263207016538112 tradeID=None
[진입유실 방지 자동보정] LONG KAITO/USDT:USDT exit=2026-07-28 00:17:06 미매칭수량=9.00000000 orderID=3780343864489091072 tradeID=None
[진입유실 방지 자동보정] LONG ONDO/USDT:USDT exit=2026-05-31 12:11:56 미매칭수량=13.00000000 orderID=3613635053565976576 tradeID=None
[진입유실 방지 자동보정] SHORT ONDO/USDT:USDT exit=2026-06-04 19:57:55 미매칭수량=18.00000000 orderID=3626169605609955328 tradeID=None
[진입유실 방지 자동보정] SHORT ONDO/USDT:USDT exit=2026-07-24 12:48:41 미매칭수량=4.00000000 orderID=3770260599027736576 tradeID=None
[진입유실 방지 자동보정] SHORT ADA/USDT:USDT exit=2026-06-15 18:07:56 미매칭수량=0.80000000 orderID=3657838324836671488 tradeID=None
[진입유실 방지 자동보정] SHORT ADA/USDT:USDT exit=2026-06-15 19:54:41 미매칭수량=0.80000000 orderID=3658053208425832448 tradeID=None
[진입유실 방지 자동보정] SHORT ADA/USDT:USDT exit=2026-06-15 20:18:33 미매칭수량=0.70000000 orderID=3658101280451272704 tradeID=None
[진입유실 방지 자동보정] SHORT ADA/USDT:USDT exit=2026-06-15 20:19:56 미매칭수량=0.70000000 orderID=3658104046410211328 tradeID=None
[진입유실 방지 자동보정] SHORT ADA/USDT:USDT exit=2026-06-15 20:20:18 미매칭수량=0.70000000 orderID=3658104812894101504 tradeID=None
[진입유실 방지 자동보정] SHORT ADA/USDT:USDT exit=2026-06-15 20:26:32 미매칭수량=0.70000000 orderID=3658117332119789568 tradeID=None
[진입유실 방지 자동보정] SHORT ADA/USDT:USDT exit=2026-06-15 20:44:55 미매칭수량=0.70000000 orderID=3658154361918529536 tradeID=None
[진입유실 방지 자동보정] SHORT ADA/USDT:USDT exit=2026-06-15 21:10:33 미매칭수량=0.70000000 orderID=3658205958837051392 tradeID=None
[진입유실 방지 자동보정] SHORT OKB/USDT:USDT exit=2026-06-21 03:12:28 미매칭수량=22.00000000 orderID=3673430118722904064 tradeID=None
[진입유실 방지 자동보정] SHORT OKB/USDT:USDT exit=2026-06-25 17:43:10 미매칭수량=16.00000000 orderID=3686779476461690880 tradeID=None
[진입유실 방지 자동보정] SHORT OKB/USDT:USDT exit=2026-06-25 20:10:48 미매칭수량=16.00000000 orderID=3687076707525926912 tradeID=None
[진입유실 방지 자동보정] LONG OKB/USDT:USDT exit=2026-06-26 12:38:51 미매칭수량=19.00000000 orderID=3689065905153843200 tradeID=None
[진입유실 방지 자동보정] LONG OKB/USDT:USDT exit=2026-06-26 15:55:46 미매칭수량=10.00000000 orderID=3689462344057036800 tradeID=None
[진입유실 방지 자동보정] LONG OKB/USDT:USDT exit=2026-07-22 11:42:03 미매칭수량=21.00000000 orderID=3764328224573825024 tradeID=None
[진입유실 방지 자동보정] LONG HYPE/USDT:USDT exit=2026-07-02 09:33:02 미매칭수량=1.00000000 orderID=3706086441083936768 tradeID=None
[진입유실 방지 자동보정] SHORT HYPE/USDT:USDT exit=2026-07-02 18:46:50 미매칭수량=1.00000000 orderID=3707201387012235264 tradeID=None
[진입유실 방지 자동보정] SHORT HYPE/USDT:USDT exit=2026-07-09 00:25:17 미매칭수량=24.00000000 orderID=3725277377667997696 tradeID=None
[진입유실 방지 자동보정] LONG HYPE/USDT:USDT exit=2026-07-09 06:18:38 미매칭수량=24.00000000 orderID=3725988764811730944 tradeID=None
[진입유실 방지 자동보정] LONG HYPE/USDT:USDT exit=2026-07-09 08:16:14 미매칭수량=23.00000000 orderID=3726225544848809984 tradeID=None
[진입유실 방지 자동보정] LONG HYPE/USDT:USDT exit=2026-07-13 19:30:19 미매칭수량=2.00000000 orderID=3739179042162810880 tradeID=None
[진입유실 방지 자동보정] LONG HYPE/USDT:USDT exit=2026-07-26 15:19:38 미매칭수량=2.00000000 orderID=3776362689651220480 tradeID=None
[진입유실 방지 자동보정] SHORT BTC/USDT:USDT exit=2026-07-07 21:35:36 미매칭수량=0.03000000 orderID=3722036669318373376 tradeID=None
[진입유실 방지 자동보정] SHORT BTC/USDT:USDT exit=2026-07-08 00:16:47 미매칭수량=0.04000000 orderID=3722361174263799808 tradeID=None
[진입유실 방지 자동보정] LONG BTC/USDT:USDT exit=2026-07-08 18:05:02 미매칭수량=0.03000000 orderID=3724511840214130688 tradeID=None
[진입유실 방지 자동보정] LONG BTC/USDT:USDT exit=2026-07-08 22:25:16 미매칭수량=0.03000000 orderID=3725035749082603520 tradeID=None
[진입유실 방지 자동보정] LONG BTC/USDT:USDT exit=2026-07-10 12:10:09 미매칭수량=0.25000000 orderID=3729595582481899520 tradeID=None
[진입유실 방지 자동보정] SHORT BTC/USDT:USDT exit=2026-07-10 20:40:19 미매칭수량=0.24000000 orderID=3730622678511591424 tradeID=None
[진입유실 방지 자동보정] SHORT BTC/USDT:USDT exit=2026-07-13 17:06:33 미매칭수량=0.02000000 orderID=3738889605591801856 tradeID=None
[진입유실 방지 자동보정] SHORT BTC/USDT:USDT exit=2026-07-23 01:38:30 미매칭수량=0.02000000 orderID=3766012229442543616 tradeID=None
[진입유실 방지 자동보정] SHORT XRP/USDT:USDT exit=2026-07-10 20:56:05 미매칭수량=1.43000000 orderID=3730654412548546560 tradeID=None
[진입유실 방지 자동보정] LONG XRP/USDT:USDT exit=2026-07-11 02:57:26 미매칭수량=0.14000000 orderID=3731381904544571392 tradeID=None
[진입유실 방지 자동보정] LONG XRP/USDT:USDT exit=2026-07-11 07:35:19 미매칭수량=0.14000000 orderID=3731941344905732096 tradeID=None
[진입유실 방지 자동보정] LONG XRP/USDT:USDT exit=2026-07-13 22:19:43 미매칭수량=0.15000000 orderID=3739520111387811840 tradeID=None
[DISCORD 1MIN] 09:50:45 ok=True Group 1(5): status=204 | Group 2(3): status=204 collect=8.4s post=0.7s
[DISCORD 1MIN] 09:51:45 ok=True Group 1(5): status=204 | Group 2(3): status=204 collect=8.5s post=0.7s
[DISCORD 1MIN] 09:52:45 ok=True Group 1(5): status=204 | Group 2(3): status=204 collect=8.4s post=0.8s
[DISCORD 1MIN] 09:53:45 ok=True Group 1(5): status=204 | Group 2(3): status=204 collect=9.2s post=0.6s
[DISCORD 1MIN] 09:54:45 ok=True Group 1(5): status=204 | Group 2(3): status=204 collect=8.7s post=0.6s
[진입유실 방지 자동보정] LONG KAITO/USDT:USDT exit=2026-05-23 07:44:17 미매칭수량=101.00000000 orderID=3589903302570221568 tradeID=None
[진입유실 방지 자동보정] LONG KAITO/USDT:USDT exit=2026-05-23 09:16:43 미매칭수량=103.00000000 orderID=3590089470679130112 tradeID=None
[진입유실 방지 자동보정] SHORT KAITO/USDT:USDT exit=2026-07-27 23:37:02 미매칭수량=9.00000000 orderID=3780263207016538112 tradeID=None
[진입유실 방지 자동보정] LONG KAITO/USDT:USDT exit=2026-07-28 00:17:06 미매칭수량=9.00000000 orderID=3780343864489091072 tradeID=None
[진입유실 방지 자동보정] LONG ONDO/USDT:USDT exit=2026-05-31 12:11:56 미매칭수량=13.00000000 orderID=3613635053565976576 tradeID=None
[진입유실 방지 자동보정] SHORT ONDO/USDT:USDT exit=2026-06-04 19:57:55 미매칭수량=18.00000000 orderID=3626169605609955328 tradeID=None
[진입유실 방지 자동보정] SHORT ONDO/USDT:USDT exit=2026-07-24 12:48:41 미매칭수량=4.00000000 orderID=3770260599027736576 tradeID=None
[진입유실 방지 자동보정] SHORT ADA/USDT:USDT exit=2026-06-15 18:07:56 미매칭수량=0.80000000 orderID=3657838324836671488 tradeID=None
[진입유실 방지 자동보정] SHORT ADA/USDT:USDT exit=2026-06-15 19:54:41 미매칭수량=0.80000000 orderID=3658053208425832448 tradeID=None
[진입유실 방지 자동보정] SHORT ADA/USDT:USDT exit=2026-06-15 20:18:33 미매칭수량=0.70000000 orderID=3658101280451272704 tradeID=None
[진입유실 방지 자동보정] SHORT ADA/USDT:USDT exit=2026-06-15 20:19:56 미매칭수량=0.70000000 orderID=3658104046410211328 tradeID=None
[진입유실 방지 자동보정] SHORT ADA/USDT:USDT exit=2026-06-15 20:20:18 미매칭수량=0.70000000 orderID=3658104812894101504 tradeID=None
[진입유실 방지 자동보정] SHORT ADA/USDT:USDT exit=2026-06-15 20:26:32 미매칭수량=0.70000000 orderID=3658117332119789568 tradeID=None
[진입유실 방지 자동보정] SHORT ADA/USDT:USDT exit=2026-06-15 20:44:55 미매칭수량=0.70000000 orderID=3658154361918529536 tradeID=None
[진입유실 방지 자동보정] SHORT ADA/USDT:USDT exit=2026-06-15 21:10:33 미매칭수량=0.70000000 orderID=3658205958837051392 tradeID=None
[진입유실 방지 자동보정] SHORT OKB/USDT:USDT exit=2026-06-21 03:12:28 미매칭수량=22.00000000 orderID=3673430118722904064 tradeID=None
[진입유실 방지 자동보정] SHORT OKB/USDT:USDT exit=2026-06-25 17:43:10 미매칭수량=16.00000000 orderID=3686779476461690880 tradeID=None
[진입유실 방지 자동보정] SHORT OKB/USDT:USDT exit=2026-06-25 20:10:48 미매칭수량=16.00000000 orderID=3687076707525926912 tradeID=None
[진입유실 방지 자동보정] LONG OKB/USDT:USDT exit=2026-06-26 12:38:51 미매칭수량=19.00000000 orderID=3689065905153843200 tradeID=None
[진입유실 방지 자동보정] LONG OKB/USDT:USDT exit=2026-06-26 15:55:46 미매칭수량=10.00000000 orderID=3689462344057036800 tradeID=None
[진입유실 방지 자동보정] LONG OKB/USDT:USDT exit=2026-07-22 11:42:03 미매칭수량=21.00000000 orderID=3764328224573825024 tradeID=None
[진입유실 방지 자동보정] LONG HYPE/USDT:USDT exit=2026-07-02 09:33:02 미매칭수량=1.00000000 orderID=3706086441083936768 tradeID=None
[진입유실 방지 자동보정] SHORT HYPE/USDT:USDT exit=2026-07-02 18:46:50 미매칭수량=1.00000000 orderID=3707201387012235264 tradeID=None
[진입유실 방지 자동보정] SHORT HYPE/USDT:USDT exit=2026-07-09 00:25:17 미매칭수량=24.00000000 orderID=3725277377667997696 tradeID=None
[진입유실 방지 자동보정] LONG HYPE/USDT:USDT exit=2026-07-09 06:18:38 미매칭수량=24.00000000 orderID=3725988764811730944 tradeID=None
[진입유실 방지 자동보정] LONG HYPE/USDT:USDT exit=2026-07-09 08:16:14 미매칭수량=23.00000000 orderID=3726225544848809984 tradeID=None
[진입유실 방지 자동보정] LONG HYPE/USDT:USDT exit=2026-07-13 19:30:19 미매칭수량=2.00000000 orderID=3739179042162810880 tradeID=None
[진입유실 방지 자동보정] LONG HYPE/USDT:USDT exit=2026-07-26 15:19:38 미매칭수량=2.00000000 orderID=3776362689651220480 tradeID=None
[진입유실 방지 자동보정] SHORT BTC/USDT:USDT exit=2026-07-07 21:35:36 미매칭수량=0.03000000 orderID=3722036669318373376 tradeID=None
[진입유실 방지 자동보정] SHORT BTC/USDT:USDT exit=2026-07-08 00:16:47 미매칭수량=0.04000000 orderID=3722361174263799808 tradeID=None
[진입유실 방지 자동보정] LONG BTC/USDT:USDT exit=2026-07-08 18:05:02 미매칭수량=0.03000000 orderID=3724511840214130688 tradeID=None
[진입유실 방지 자동보정] LONG BTC/USDT:USDT exit=2026-07-08 22:25:16 미매칭수량=0.03000000 orderID=3725035749082603520 tradeID=None
[진입유실 방지 자동보정] LONG BTC/USDT:USDT exit=2026-07-10 12:10:09 미매칭수량=0.25000000 orderID=3729595582481899520 tradeID=None
[진입유실 방지 자동보정] SHORT BTC/USDT:USDT exit=2026-07-10 20:40:19 미매칭수량=0.24000000 orderID=3730622678511591424 tradeID=None
[진입유실 방지 자동보정] SHORT BTC/USDT:USDT exit=2026-07-13 17:06:33 미매칭수량=0.02000000 orderID=3738889605591801856 tradeID=None
[진입유실 방지 자동보정] SHORT BTC/USDT:USDT exit=2026-07-23 01:38:30 미매칭수량=0.02000000 orderID=3766012229442543616 tradeID=None
[진입유실 방지 자동보정] SHORT XRP/USDT:USDT exit=2026-07-10 20:56:05 미매칭수량=1.43000000 orderID=3730654412548546560 tradeID=None
[진입유실 방지 자동보정] LONG XRP/USDT:USDT exit=2026-07-11 02:57:26 미매칭수량=0.14000000 orderID=3731381904544571392 tradeID=None
[진입유실 방지 자동보정] LONG XRP/USDT:USDT exit=2026-07-11 07:35:19 미매칭수량=0.14000000 orderID=3731941344905732096 tradeID=None
[진입유실 방지 자동보정] LONG XRP/USDT:USDT exit=2026-07-13 22:19:43 미매칭수량=0.15000000 orderID=3739520111387811840 tradeID=None
[진입유실 방지 자동보정] LONG KAITO/USDT:USDT exit=2026-05-23 07:44:17 미매칭수량=101.00000000 orderID=3589903302570221568 tradeID=None
[진입유실 방지 자동보정] LONG KAITO/USDT:USDT exit=2026-05-23 09:16:43 미매칭수량=103.00000000 orderID=3590089470679130112 tradeID=None
[진입유실 방지 자동보정] SHORT KAITO/USDT:USDT exit=2026-07-27 23:37:02 미매칭수량=9.00000000 orderID=3780263207016538112 tradeID=None
[진입유실 방지 자동보정] LONG KAITO/USDT:USDT exit=2026-07-28 00:17:06 미매칭수량=9.00000000 orderID=3780343864489091072 tradeID=None
[진입유실 방지 자동보정] LONG ONDO/USDT:USDT exit=2026-05-31 12:11:56 미매칭수량=13.00000000 orderID=3613635053565976576 tradeID=None
[진입유실 방지 자동보정] SHORT ONDO/USDT:USDT exit=2026-06-04 19:57:55 미매칭수량=18.00000000 orderID=3626169605609955328 tradeID=None
[진입유실 방지 자동보정] SHORT ONDO/USDT:USDT exit=2026-07-24 12:48:41 미매칭수량=4.00000000 orderID=3770260599027736576 tradeID=None
[진입유실 방지 자동보정] SHORT ADA/USDT:USDT exit=2026-06-15 18:07:56 미매칭수량=0.80000000 orderID=3657838324836671488 tradeID=None
[진입유실 방지 자동보정] SHORT ADA/USDT:USDT exit=2026-06-15 19:54:41 미매칭수량=0.80000000 orderID=3658053208425832448 tradeID=None
[진입유실 방지 자동보정] SHORT ADA/USDT:USDT exit=2026-06-15 20:18:33 미매칭수량=0.70000000 orderID=3658101280451272704 tradeID=None
[진입유실 방지 자동보정] SHORT ADA/USDT:USDT exit=2026-06-15 20:19:56 미매칭수량=0.70000000 orderID=3658104046410211328 tradeID=None
[진입유실 방지 자동보정] SHORT ADA/USDT:USDT exit=2026-06-15 20:20:18 미매칭수량=0.70000000 orderID=3658104812894101504 tradeID=None
[진입유실 방지 자동보정] SHORT ADA/USDT:USDT exit=2026-06-15 20:26:32 미매칭수량=0.70000000 orderID=3658117332119789568 tradeID=None
[진입유실 방지 자동보정] SHORT ADA/USDT:USDT exit=2026-06-15 20:44:55 미매칭수량=0.70000000 orderID=3658154361918529536 tradeID=None
[진입유실 방지 자동보정] SHORT ADA/USDT:USDT exit=2026-06-15 21:10:33 미매칭수량=0.70000000 orderID=3658205958837051392 tradeID=None
[진입유실 방지 자동보정] SHORT OKB/USDT:USDT exit=2026-06-21 03:12:28 미매칭수량=22.00000000 orderID=3673430118722904064 tradeID=None
[진입유실 방지 자동보정] SHORT OKB/USDT:USDT exit=2026-06-25 17:43:10 미매칭수량=16.00000000 orderID=3686779476461690880 tradeID=None
[진입유실 방지 자동보정] SHORT OKB/USDT:USDT exit=2026-06-25 20:10:48 미매칭수량=16.00000000 orderID=3687076707525926912 tradeID=None
[진입유실 방지 자동보정] LONG OKB/USDT:USDT exit=2026-06-26 12:38:51 미매칭수량=19.00000000 orderID=3689065905153843200 tradeID=None
[진입유실 방지 자동보정] LONG OKB/USDT:USDT exit=2026-06-26 15:55:46 미매칭수량=10.00000000 orderID=3689462344057036800 tradeID=None
[진입유실 방지 자동보정] LONG OKB/USDT:USDT exit=2026-07-22 11:42:03 미매칭수량=21.00000000 orderID=3764328224573825024 tradeID=None
[진입유실 방지 자동보정] LONG HYPE/USDT:USDT exit=2026-07-02 09:33:02 미매칭수량=1.00000000 orderID=3706086441083936768 tradeID=None
[진입유실 방지 자동보정] SHORT HYPE/USDT:USDT exit=2026-07-02 18:46:50 미매칭수량=1.00000000 orderID=3707201387012235264 tradeID=None
[진입유실 방지 자동보정] SHORT HYPE/USDT:USDT exit=2026-07-09 00:25:17 미매칭수량=24.00000000 orderID=3725277377667997696 tradeID=None
[진입유실 방지 자동보정] LONG HYPE/USDT:USDT exit=2026-07-09 06:18:38 미매칭수량=24.00000000 orderID=3725988764811730944 tradeID=None
[진입유실 방지 자동보정] LONG HYPE/USDT:USDT exit=2026-07-09 08:16:14 미매칭수량=23.00000000 orderID=3726225544848809984 tradeID=None
[진입유실 방지 자동보정] LONG HYPE/USDT:USDT exit=2026-07-13 19:30:19 미매칭수량=2.00000000 orderID=3739179042162810880 tradeID=None
[진입유실 방지 자동보정] LONG HYPE/USDT:USDT exit=2026-07-26 15:19:38 미매칭수량=2.00000000 orderID=3776362689651220480 tradeID=None
[진입유실 방지 자동보정] SHORT BTC/USDT:USDT exit=2026-07-07 21:35:36 미매칭수량=0.03000000 orderID=3722036669318373376 tradeID=None
[진입유실 방지 자동보정] SHORT BTC/USDT:USDT exit=2026-07-08 00:16:47 미매칭수량=0.04000000 orderID=3722361174263799808 tradeID=None
[진입유실 방지 자동보정] LONG BTC/USDT:USDT exit=2026-07-08 18:05:02 미매칭수량=0.03000000 orderID=3724511840214130688 tradeID=None
[진입유실 방지 자동보정] LONG BTC/USDT:USDT exit=2026-07-08 22:25:16 미매칭수량=0.03000000 orderID=3725035749082603520 tradeID=None
[진입유실 방지 자동보정] LONG BTC/USDT:USDT exit=2026-07-10 12:10:09 미매칭수량=0.25000000 orderID=3729595582481899520 tradeID=None
[진입유실 방지 자동보정] SHORT BTC/USDT:USDT exit=2026-07-10 20:40:19 미매칭수량=0.24000000 orderID=3730622678511591424 tradeID=None
[진입유실 방지 자동보정] SHORT BTC/USDT:USDT exit=2026-07-13 17:06:33 미매칭수량=0.02000000 orderID=3738889605591801856 tradeID=None
[진입유실 방지 자동보정] SHORT BTC/USDT:USDT exit=2026-07-23 01:38:30 미매칭수량=0.02000000 orderID=3766012229442543616 tradeID=None
[진입유실 방지 자동보정] SHORT XRP/USDT:USDT exit=2026-07-10 20:56:05 미매칭수량=1.43000000 orderID=3730654412548546560 tradeID=None
[진입유실 방지 자동보정] LONG XRP/USDT:USDT exit=2026-07-11 02:57:26 미매칭수량=0.14000000 orderID=3731381904544571392 tradeID=None
[진입유실 방지 자동보정] LONG XRP/USDT:USDT exit=2026-07-11 07:35:19 미매칭수량=0.14000000 orderID=3731941344905732096 tradeID=None
[진입유실 방지 자동보정] LONG XRP/USDT:USDT exit=2026-07-13 22:19:43 미매칭수량=0.15000000 orderID=3739520111387811840 tradeID=None
[진입유실 방지 자동보정] LONG KAITO/USDT:USDT exit=2026-05-23 07:44:17 미매칭수량=101.00000000 orderID=3589903302570221568 tradeID=None
[진입유실 방지 자동보정] LONG KAITO/USDT:USDT exit=2026-05-23 09:16:43 미매칭수량=103.00000000 orderID=3590089470679130112 tradeID=None
[진입유실 방지 자동보정] SHORT KAITO/USDT:USDT exit=2026-07-27 23:37:02 미매칭수량=9.00000000 orderID=3780263207016538112 tradeID=None
[진입유실 방지 자동보정] LONG KAITO/USDT:USDT exit=2026-07-28 00:17:06 미매칭수량=9.00000000 orderID=3780343864489091072 tradeID=None
[진입유실 방지 자동보정] LONG ONDO/USDT:USDT exit=2026-05-31 12:11:56 미매칭수량=13.00000000 orderID=3613635053565976576 tradeID=None
[진입유실 방지 자동보정] SHORT ONDO/USDT:USDT exit=2026-06-04 19:57:55 미매칭수량=18.00000000 orderID=3626169605609955328 tradeID=None
[진입유실 방지 자동보정] SHORT ONDO/USDT:USDT exit=2026-07-24 12:48:41 미매칭수량=4.00000000 orderID=3770260599027736576 tradeID=None
[진입유실 방지 자동보정] SHORT ADA/USDT:USDT exit=2026-06-15 18:07:56 미매칭수량=0.80000000 orderID=3657838324836671488 tradeID=None
[진입유실 방지 자동보정] SHORT ADA/USDT:USDT exit=2026-06-15 19:54:41 미매칭수량=0.80000000 orderID=3658053208425832448 tradeID=None
[진입유실 방지 자동보정] SHORT ADA/USDT:USDT exit=2026-06-15 20:18:33 미매칭수량=0.70000000 orderID=3658101280451272704 tradeID=None
[진입유실 방지 자동보정] SHORT ADA/USDT:USDT exit=2026-06-15 20:19:56 미매칭수량=0.70000000 orderID=3658104046410211328 tradeID=None
[진입유실 방지 자동보정] SHORT ADA/USDT:USDT exit=2026-06-15 20:20:18 미매칭수량=0.70000000 orderID=3658104812894101504 tradeID=None
[진입유실 방지 자동보정] SHORT ADA/USDT:USDT exit=2026-06-15 20:26:32 미매칭수량=0.70000000 orderID=3658117332119789568 tradeID=None
[진입유실 방지 자동보정] SHORT ADA/USDT:USDT exit=2026-06-15 20:44:55 미매칭수량=0.70000000 orderID=3658154361918529536 tradeID=None
[진입유실 방지 자동보정] SHORT ADA/USDT:USDT exit=2026-06-15 21:10:33 미매칭수량=0.70000000 orderID=3658205958837051392 tradeID=None
[진입유실 방지 자동보정] SHORT OKB/USDT:USDT exit=2026-06-21 03:12:28 미매칭수량=22.00000000 orderID=3673430118722904064 tradeID=None
[진입유실 방지 자동보정] SHORT OKB/USDT:USDT exit=2026-06-25 17:43:10 미매칭수량=16.00000000 orderID=3686779476461690880 tradeID=None
[진입유실 방지 자동보정] SHORT OKB/USDT:USDT exit=2026-06-25 20:10:48 미매칭수량=16.00000000 orderID=3687076707525926912 tradeID=None
[진입유실 방지 자동보정] LONG OKB/USDT:USDT exit=2026-06-26 12:38:51 미매칭수량=19.00000000 orderID=3689065905153843200 tradeID=None
[진입유실 방지 자동보정] LONG OKB/USDT:USDT exit=2026-06-26 15:55:46 미매칭수량=10.00000000 orderID=3689462344057036800 tradeID=None
[진입유실 방지 자동보정] LONG OKB/USDT:USDT exit=2026-07-22 11:42:03 미매칭수량=21.00000000 orderID=3764328224573825024 tradeID=None
[진입유실 방지 자동보정] LONG HYPE/USDT:USDT exit=2026-07-02 09:33:02 미매칭수량=1.00000000 orderID=3706086441083936768 tradeID=None
[진입유실 방지 자동보정] SHORT HYPE/USDT:USDT exit=2026-07-02 18:46:50 미매칭수량=1.00000000 orderID=3707201387012235264 tradeID=None
[진입유실 방지 자동보정] SHORT HYPE/USDT:USDT exit=2026-07-09 00:25:17 미매칭수량=24.00000000 orderID=3725277377667997696 tradeID=None
[진입유실 방지 자동보정] LONG HYPE/USDT:USDT exit=2026-07-09 06:18:38 미매칭수량=24.00000000 orderID=3725988764811730944 tradeID=None
[진입유실 방지 자동보정] LONG HYPE/USDT:USDT exit=2026-07-09 08:16:14 미매칭수량=23.00000000 orderID=3726225544848809984 tradeID=None
[진입유실 방지 자동보정] LONG HYPE/USDT:USDT exit=2026-07-13 19:30:19 미매칭수량=2.00000000 orderID=3739179042162810880 tradeID=None
[진입유실 방지 자동보정] LONG HYPE/USDT:USDT exit=2026-07-26 15:19:38 미매칭수량=2.00000000 orderID=3776362689651220480 tradeID=None
[진입유실 방지 자동보정] SHORT BTC/USDT:USDT exit=2026-07-07 21:35:36 미매칭수량=0.03000000 orderID=3722036669318373376 tradeID=None
[진입유실 방지 자동보정] SHORT BTC/USDT:USDT exit=2026-07-08 00:16:47 미매칭수량=0.04000000 orderID=3722361174263799808 tradeID=None
[진입유실 방지 자동보정] LONG BTC/USDT:USDT exit=2026-07-08 18:05:02 미매칭수량=0.03000000 orderID=3724511840214130688 tradeID=None
[진입유실 방지 자동보정] LONG BTC/USDT:USDT exit=2026-07-08 22:25:16 미매칭수량=0.03000000 orderID=3725035749082603520 tradeID=None
[진입유실 방지 자동보정] LONG BTC/USDT:USDT exit=2026-07-10 12:10:09 미매칭수량=0.25000000 orderID=3729595582481899520 tradeID=None
[진입유실 방지 자동보정] SHORT BTC/USDT:USDT exit=2026-07-10 20:40:19 미매칭수량=0.24000000 orderID=3730622678511591424 tradeID=None
[진입유실 방지 자동보정] SHORT BTC/USDT:USDT exit=2026-07-13 17:06:33 미매칭수량=0.02000000 orderID=3738889605591801856 tradeID=None
[진입유실 방지 자동보정] SHORT BTC/USDT:USDT exit=2026-07-23 01:38:30 미매칭수량=0.02000000 orderID=3766012229442543616 tradeID=None
[진입유실 방지 자동보정] SHORT XRP/USDT:USDT exit=2026-07-10 20:56:05 미매칭수량=1.43000000 orderID=3730654412548546560 tradeID=None
[진입유실 방지 자동보정] LONG XRP/USDT:USDT exit=2026-07-11 02:57:26 미매칭수량=0.14000000 orderID=3731381904544571392 tradeID=None
[진입유실 방지 자동보정] LONG XRP/USDT:USDT exit=2026-07-11 07:35:19 미매칭수량=0.14000000 orderID=3731941344905732096 tradeID=None
[진입유실 방지 자동보정] LONG XRP/USDT:USDT exit=2026-07-13 22:19:43 미매칭수량=0.15000000 orderID=3739520111387811840 tradeID=None
[CATFIX] pnl=0 청산 → 진입 재분류: KAITO/USDT:USDT buy 수량=9.00000000 tradeID=243056081
[진입유실 방지 자동보정] LONG KAITO/USDT:USDT exit=2026-05-23 07:44:17 미매칭수량=101.00000000 orderID=3589903302570221568 tradeID=None
[진입유실 방지 자동보정] LONG KAITO/USDT:USDT exit=2026-05-23 09:16:43 미매칭수량=103.00000000 orderID=3590089470679130112 tradeID=None
[진입유실 방지 자동보정] LONG ONDO/USDT:USDT exit=2026-05-31 12:11:56 미매칭수량=13.00000000 orderID=3613635053565976576 tradeID=None
[진입유실 방지 자동보정] SHORT ONDO/USDT:USDT exit=2026-06-04 19:57:55 미매칭수량=18.00000000 orderID=3626169605609955328 tradeID=None
[진입유실 방지 자동보정] SHORT ONDO/USDT:USDT exit=2026-07-24 12:48:41 미매칭수량=4.00000000 orderID=3770260599027736576 tradeID=None
[진입유실 방지 자동보정] SHORT ADA/USDT:USDT exit=2026-06-15 18:07:56 미매칭수량=0.80000000 orderID=3657838324836671488 tradeID=None
[진입유실 방지 자동보정] SHORT ADA/USDT:USDT exit=2026-06-15 19:54:41 미매칭수량=0.80000000 orderID=3658053208425832448 tradeID=None
[진입유실 방지 자동보정] SHORT ADA/USDT:USDT exit=2026-06-15 20:18:33 미매칭수량=0.70000000 orderID=3658101280451272704 tradeID=None
[진입유실 방지 자동보정] SHORT ADA/USDT:USDT exit=2026-06-15 20:19:56 미매칭수량=0.70000000 orderID=3658104046410211328 tradeID=None
[진입유실 방지 자동보정] SHORT ADA/USDT:USDT exit=2026-06-15 20:20:18 미매칭수량=0.70000000 orderID=3658104812894101504 tradeID=None
[진입유실 방지 자동보정] SHORT ADA/USDT:USDT exit=2026-06-15 20:26:32 미매칭수량=0.70000000 orderID=3658117332119789568 tradeID=None
[진입유실 방지 자동보정] SHORT ADA/USDT:USDT exit=2026-06-15 20:44:55 미매칭수량=0.70000000 orderID=3658154361918529536 tradeID=None
[진입유실 방지 자동보정] SHORT ADA/USDT:USDT exit=2026-06-15 21:10:33 미매칭수량=0.70000000 orderID=3658205958837051392 tradeID=None
[진입유실 방지 자동보정] SHORT OKB/USDT:USDT exit=2026-06-21 03:12:28 미매칭수량=22.00000000 orderID=3673430118722904064 tradeID=None
[진입유실 방지 자동보정] SHORT OKB/USDT:USDT exit=2026-06-25 17:43:10 미매칭수량=16.00000000 orderID=3686779476461690880 tradeID=None
[진입유실 방지 자동보정] SHORT OKB/USDT:USDT exit=2026-06-25 20:10:48 미매칭수량=16.00000000 orderID=3687076707525926912 tradeID=None
[진입유실 방지 자동보정] LONG OKB/USDT:USDT exit=2026-06-26 12:38:51 미매칭수량=19.00000000 orderID=3689065905153843200 tradeID=None
[진입유실 방지 자동보정] LONG OKB/USDT:USDT exit=2026-06-26 15:55:46 미매칭수량=10.00000000 orderID=3689462344057036800 tradeID=None
[진입유실 방지 자동보정] LONG OKB/USDT:USDT exit=2026-07-22 11:42:03 미매칭수량=21.00000000 orderID=3764328224573825024 tradeID=None
[진입유실 방지 자동보정] LONG HYPE/USDT:USDT exit=2026-07-02 09:33:02 미매칭수량=1.00000000 orderID=3706086441083936768 tradeID=None
[진입유실 방지 자동보정] SHORT HYPE/USDT:USDT exit=2026-07-02 18:46:50 미매칭수량=1.00000000 orderID=3707201387012235264 tradeID=None
[진입유실 방지 자동보정] SHORT HYPE/USDT:USDT exit=2026-07-09 00:25:17 미매칭수량=24.00000000 orderID=3725277377667997696 tradeID=None
[진입유실 방지 자동보정] LONG HYPE/USDT:USDT exit=2026-07-09 06:18:38 미매칭수량=24.00000000 orderID=3725988764811730944 tradeID=None
[진입유실 방지 자동보정] LONG HYPE/USDT:USDT exit=2026-07-09 08:16:14 미매칭수량=23.00000000 orderID=3726225544848809984 tradeID=None
[진입유실 방지 자동보정] LONG HYPE/USDT:USDT exit=2026-07-13 19:30:19 미매칭수량=2.00000000 orderID=3739179042162810880 tradeID=None
[진입유실 방지 자동보정] LONG HYPE/USDT:USDT exit=2026-07-26 15:19:38 미매칭수량=2.00000000 orderID=3776362689651220480 tradeID=None
[진입유실 방지 자동보정] SHORT BTC/USDT:USDT exit=2026-07-07 21:35:36 미매칭수량=0.03000000 orderID=3722036669318373376 tradeID=None
[진입유실 방지 자동보정] SHORT BTC/USDT:USDT exit=2026-07-08 00:16:47 미매칭수량=0.04000000 orderID=3722361174263799808 tradeID=None
[진입유실 방지 자동보정] LONG BTC/USDT:USDT exit=2026-07-08 18:05:02 미매칭수량=0.03000000 orderID=3724511840214130688 tradeID=None
[진입유실 방지 자동보정] LONG BTC/USDT:USDT exit=2026-07-08 22:25:16 미매칭수량=0.03000000 orderID=3725035749082603520 tradeID=None
[진입유실 방지 자동보정] LONG BTC/USDT:USDT exit=2026-07-10 12:10:09 미매칭수량=0.25000000 orderID=3729595582481899520 tradeID=None
[진입유실 방지 자동보정] SHORT BTC/USDT:USDT exit=2026-07-10 20:40:19 미매칭수량=0.24000000 orderID=3730622678511591424 tradeID=None
[진입유실 방지 자동보정] SHORT BTC/USDT:USDT exit=2026-07-13 17:06:33 미매칭수량=0.02000000 orderID=3738889605591801856 tradeID=None
[진입유실 방지 자동보정] SHORT BTC/USDT:USDT exit=2026-07-23 01:38:30 미매칭수량=0.02000000 orderID=3766012229442543616 tradeID=None
[진입유실 방지 자동보정] SHORT XRP/USDT:USDT exit=2026-07-10 20:56:05 미매칭수량=1.43000000 orderID=3730654412548546560 tradeID=None
[진입유실 방지 자동보정] LONG XRP/USDT:USDT exit=2026-07-11 02:57:26 미매칭수량=0.14000000 orderID=3731381904544571392 tradeID=None
[진입유실 방지 자동보정] LONG XRP/USDT:USDT exit=2026-07-11 07:35:19 미매칭수량=0.14000000 orderID=3731941344905732096 tradeID=None
[진입유실 방지 자동보정] LONG XRP/USDT:USDT exit=2026-07-13 22:19:43 미매칭수량=0.15000000 orderID=3739520111387811840 tradeID=None
[진입유실 방지 자동보정] LONG KAITO/USDT:USDT exit=2026-05-23 07:44:17 미매칭수량=101.00000000 orderID=3589903302570221568 tradeID=None
[진입유실 방지 자동보정] LONG KAITO/USDT:USDT exit=2026-05-23 09:16:43 미매칭수량=103.00000000 orderID=3590089470679130112 tradeID=None
[진입유실 방지 자동보정] SHORT KAITO/USDT:USDT exit=2026-07-27 23:37:02 미매칭수량=9.00000000 orderID=3780263207016538112 tradeID=None
[진입유실 방지 자동보정] LONG KAITO/USDT:USDT exit=2026-07-28 00:17:06 미매칭수량=9.00000000 orderID=3780343864489091072 tradeID=None
[진입유실 방지 자동보정] LONG ONDO/USDT:USDT exit=2026-05-31 12:11:56 미매칭수량=13.00000000 orderID=3613635053565976576 tradeID=None
[진입유실 방지 자동보정] SHORT ONDO/USDT:USDT exit=2026-06-04 19:57:55 미매칭수량=18.00000000 orderID=3626169605609955328 tradeID=None
[진입유실 방지 자동보정] SHORT ONDO/USDT:USDT exit=2026-07-24 12:48:41 미매칭수량=4.00000000 orderID=3770260599027736576 tradeID=None
[진입유실 방지 자동보정] SHORT ADA/USDT:USDT exit=2026-06-15 18:07:56 미매칭수량=0.80000000 orderID=3657838324836671488 tradeID=None
[진입유실 방지 자동보정] SHORT ADA/USDT:USDT exit=2026-06-15 19:54:41 미매칭수량=0.80000000 orderID=3658053208425832448 tradeID=None
[진입유실 방지 자동보정] SHORT ADA/USDT:USDT exit=2026-06-15 20:18:33 미매칭수량=0.70000000 orderID=3658101280451272704 tradeID=None
[진입유실 방지 자동보정] SHORT ADA/USDT:USDT exit=2026-06-15 20:19:56 미매칭수량=0.70000000 orderID=3658104046410211328 tradeID=None
[진입유실 방지 자동보정] SHORT ADA/USDT:USDT exit=2026-06-15 20:20:18 미매칭수량=0.70000000 orderID=3658104812894101504 tradeID=None
[진입유실 방지 자동보정] SHORT ADA/USDT:USDT exit=2026-06-15 20:26:32 미매칭수량=0.70000000 orderID=3658117332119789568 tradeID=None
[진입유실 방지 자동보정] SHORT ADA/USDT:USDT exit=2026-06-15 20:44:55 미매칭수량=0.70000000 orderID=3658154361918529536 tradeID=None
[진입유실 방지 자동보정] SHORT ADA/USDT:USDT exit=2026-06-15 21:10:33 미매칭수량=0.70000000 orderID=3658205958837051392 tradeID=None
[진입유실 방지 자동보정] SHORT OKB/USDT:USDT exit=2026-06-21 03:12:28 미매칭수량=22.00000000 orderID=3673430118722904064 tradeID=None
[진입유실 방지 자동보정] SHORT OKB/USDT:USDT exit=2026-06-25 17:43:10 미매칭수량=16.00000000 orderID=3686779476461690880 tradeID=None
[진입유실 방지 자동보정] SHORT OKB/USDT:USDT exit=2026-06-25 20:10:48 미매칭수량=16.00000000 orderID=3687076707525926912 tradeID=None
[진입유실 방지 자동보정] LONG OKB/USDT:USDT exit=2026-06-26 12:38:51 미매칭수량=19.00000000 orderID=3689065905153843200 tradeID=None
[진입유실 방지 자동보정] LONG OKB/USDT:USDT exit=2026-06-26 15:55:46 미매칭수량=10.00000000 orderID=3689462344057036800 tradeID=None
[진입유실 방지 자동보정] LONG OKB/USDT:USDT exit=2026-07-22 11:42:03 미매칭수량=21.00000000 orderID=3764328224573825024 tradeID=None
[진입유실 방지 자동보정] LONG HYPE/USDT:USDT exit=2026-07-02 09:33:02 미매칭수량=1.00000000 orderID=3706086441083936768 tradeID=None
[진입유실 방지 자동보정] SHORT HYPE/USDT:USDT exit=2026-07-02 18:46:50 미매칭수량=1.00000000 orderID=3707201387012235264 tradeID=None
[진입유실 방지 자동보정] SHORT HYPE/USDT:USDT exit=2026-07-09 00:25:17 미매칭수량=24.00000000 orderID=3725277377667997696 tradeID=None
[진입유실 방지 자동보정] LONG HYPE/USDT:USDT exit=2026-07-09 06:18:38 미매칭수량=24.00000000 orderID=3725988764811730944 tradeID=None
[진입유실 방지 자동보정] LONG HYPE/USDT:USDT exit=2026-07-09 08:16:14 미매칭수량=23.00000000 orderID=3726225544848809984 tradeID=None
[진입유실 방지 자동보정] LONG HYPE/USDT:USDT exit=2026-07-13 19:30:19 미매칭수량=2.00000000 orderID=3739179042162810880 tradeID=None
[진입유실 방지 자동보정] LONG HYPE/USDT:USDT exit=2026-07-26 15:19:38 미매칭수량=2.00000000 orderID=3776362689651220480 tradeID=None
[진입유실 방지 자동보정] SHORT BTC/USDT:USDT exit=2026-07-07 21:35:36 미매칭수량=0.03000000 orderID=3722036669318373376 tradeID=None
[진입유실 방지 자동보정] SHORT BTC/USDT:USDT exit=2026-07-08 00:16:47 미매칭수량=0.04000000 orderID=3722361174263799808 tradeID=None
[진입유실 방지 자동보정] LONG BTC/USDT:USDT exit=2026-07-08 18:05:02 미매칭수량=0.03000000 orderID=3724511840214130688 tradeID=None
[진입유실 방지 자동보정] LONG BTC/USDT:USDT exit=2026-07-08 22:25:16 미매칭수량=0.03000000 orderID=3725035749082603520 tradeID=None
[진입유실 방지 자동보정] LONG BTC/USDT:USDT exit=2026-07-10 12:10:09 미매칭수량=0.25000000 orderID=3729595582481899520 tradeID=None
[진입유실 방지 자동보정] SHORT BTC/USDT:USDT exit=2026-07-10 20:40:19 미매칭수량=0.24000000 orderID=3730622678511591424 tradeID=None
[진입유실 방지 자동보정] SHORT BTC/USDT:USDT exit=2026-07-13 17:06:33 미매칭수량=0.02000000 orderID=3738889605591801856 tradeID=None
[진입유실 방지 자동보정] SHORT BTC/USDT:USDT exit=2026-07-23 01:38:30 미매칭수량=0.02000000 orderID=3766012229442543616 tradeID=None
[진입유실 방지 자동보정] SHORT XRP/USDT:USDT exit=2026-07-10 20:56:05 미매칭수량=1.43000000 orderID=3730654412548546560 tradeID=None
[진입유실 방지 자동보정] LONG XRP/USDT:USDT exit=2026-07-11 02:57:26 미매칭수량=0.14000000 orderID=3731381904544571392 tradeID=None
[진입유실 방지 자동보정] LONG XRP/USDT:USDT exit=2026-07-11 07:35:19 미매칭수량=0.14000000 orderID=3731941344905732096 tradeID=None
[진입유실 방지 자동보정] LONG XRP/USDT:USDT exit=2026-07-13 22:19:43 미매칭수량=0.15000000 orderID=3739520111387811840 tradeID=None
[진입유실 방지 자동보정] LONG KAITO/USDT:USDT exit=2026-05-23 07:44:17 미매칭수량=101.00000000 orderID=3589903302570221568 tradeID=None
[진입유실 방지 자동보정] LONG KAITO/USDT:USDT exit=2026-05-23 09:16:43 미매칭수량=103.00000000 orderID=3590089470679130112 tradeID=None
[진입유실 방지 자동보정] SHORT KAITO/USDT:USDT exit=2026-07-27 23:37:02 미매칭수량=9.00000000 orderID=3780263207016538112 tradeID=None
[진입유실 방지 자동보정] LONG KAITO/USDT:USDT exit=2026-07-28 00:17:06 미매칭수량=9.00000000 orderID=3780343864489091072 tradeID=None
[진입유실 방지 자동보정] LONG ONDO/USDT:USDT exit=2026-05-31 12:11:56 미매칭수량=13.00000000 orderID=3613635053565976576 tradeID=None
[진입유실 방지 자동보정] SHORT ONDO/USDT:USDT exit=2026-06-04 19:57:55 미매칭수량=18.00000000 orderID=3626169605609955328 tradeID=None
[진입유실 방지 자동보정] SHORT ONDO/USDT:USDT exit=2026-07-24 12:48:41 미매칭수량=4.00000000 orderID=3770260599027736576 tradeID=None
[진입유실 방지 자동보정] SHORT ADA/USDT:USDT exit=2026-06-15 18:07:56 미매칭수량=0.80000000 orderID=3657838324836671488 tradeID=None
[진입유실 방지 자동보정] SHORT ADA/USDT:USDT exit=2026-06-15 19:54:41 미매칭수량=0.80000000 orderID=3658053208425832448 tradeID=None
[진입유실 방지 자동보정] SHORT ADA/USDT:USDT exit=2026-06-15 20:18:33 미매칭수량=0.70000000 orderID=3658101280451272704 tradeID=None
[진입유실 방지 자동보정] SHORT ADA/USDT:USDT exit=2026-06-15 20:19:56 미매칭수량=0.70000000 orderID=3658104046410211328 tradeID=None
[진입유실 방지 자동보정] SHORT ADA/USDT:USDT exit=2026-06-15 20:20:18 미매칭수량=0.70000000 orderID=3658104812894101504 tradeID=None
[진입유실 방지 자동보정] SHORT ADA/USDT:USDT exit=2026-06-15 20:26:32 미매칭수량=0.70000000 orderID=3658117332119789568 tradeID=None
[진입유실 방지 자동보정] SHORT ADA/USDT:USDT exit=2026-06-15 20:44:55 미매칭수량=0.70000000 orderID=3658154361918529536 tradeID=None
[진입유실 방지 자동보정] SHORT ADA/USDT:USDT exit=2026-06-15 21:10:33 미매칭수량=0.70000000 orderID=3658205958837051392 tradeID=None
[진입유실 방지 자동보정] SHORT OKB/USDT:USDT exit=2026-06-21 03:12:28 미매칭수량=22.00000000 orderID=3673430118722904064 tradeID=None
[진입유실 방지 자동보정] SHORT OKB/USDT:USDT exit=2026-06-25 17:43:10 미매칭수량=16.00000000 orderID=3686779476461690880 tradeID=None
[진입유실 방지 자동보정] SHORT OKB/USDT:USDT exit=2026-06-25 20:10:48 미매칭수량=16.00000000 orderID=3687076707525926912 tradeID=None
[진입유실 방지 자동보정] LONG OKB/USDT:USDT exit=2026-06-26 12:38:51 미매칭수량=19.00000000 orderID=3689065905153843200 tradeID=None
[진입유실 방지 자동보정] LONG OKB/USDT:USDT exit=2026-06-26 15:55:46 미매칭수량=10.00000000 orderID=3689462344057036800 tradeID=None
[진입유실 방지 자동보정] LONG OKB/USDT:USDT exit=2026-07-22 11:42:03 미매칭수량=21.00000000 orderID=3764328224573825024 tradeID=None
[진입유실 방지 자동보정] LONG HYPE/USDT:USDT exit=2026-07-02 09:33:02 미매칭수량=1.00000000 orderID=3706086441083936768 tradeID=None
[진입유실 방지 자동보정] SHORT HYPE/USDT:USDT exit=2026-07-02 18:46:50 미매칭수량=1.00000000 orderID=3707201387012235264 tradeID=None
[진입유실 방지 자동보정] SHORT HYPE/USDT:USDT exit=2026-07-09 00:25:17 미매칭수량=24.00000000 orderID=3725277377667997696 tradeID=None
[진입유실 방지 자동보정] LONG HYPE/USDT:USDT exit=2026-07-09 06:18:38 미매칭수량=24.00000000 orderID=3725988764811730944 tradeID=None
[진입유실 방지 자동보정] LONG HYPE/USDT:USDT exit=2026-07-09 08:16:14 미매칭수량=23.00000000 orderID=3726225544848809984 tradeID=None
[진입유실 방지 자동보정] LONG HYPE/USDT:USDT exit=2026-07-13 19:30:19 미매칭수량=2.00000000 orderID=3739179042162810880 tradeID=None
[진입유실 방지 자동보정] LONG HYPE/USDT:USDT exit=2026-07-26 15:19:38 미매칭수량=2.00000000 orderID=3776362689651220480 tradeID=None
[진입유실 방지 자동보정] SHORT BTC/USDT:USDT exit=2026-07-07 21:35:36 미매칭수량=0.03000000 orderID=3722036669318373376 tradeID=None
[진입유실 방지 자동보정] SHORT BTC/USDT:USDT exit=2026-07-08 00:16:47 미매칭수량=0.04000000 orderID=3722361174263799808 tradeID=None
[진입유실 방지 자동보정] LONG BTC/USDT:USDT exit=2026-07-08 18:05:02 미매칭수량=0.03000000 orderID=3724511840214130688 tradeID=None
[진입유실 방지 자동보정] LONG BTC/USDT:USDT exit=2026-07-08 22:25:16 미매칭수량=0.03000000 orderID=3725035749082603520 tradeID=None
[진입유실 방지 자동보정] LONG BTC/USDT:USDT exit=2026-07-10 12:10:09 미매칭수량=0.25000000 orderID=3729595582481899520 tradeID=None
[진입유실 방지 자동보정] SHORT BTC/USDT:USDT exit=2026-07-10 20:40:19 미매칭수량=0.24000000 orderID=3730622678511591424 tradeID=None
[진입유실 방지 자동보정] SHORT BTC/USDT:USDT exit=2026-07-13 17:06:33 미매칭수량=0.02000000 orderID=3738889605591801856 tradeID=None
[진입유실 방지 자동보정] SHORT BTC/USDT:USDT exit=2026-07-23 01:38:30 미매칭수량=0.02000000 orderID=3766012229442543616 tradeID=None
[진입유실 방지 자동보정] SHORT XRP/USDT:USDT exit=2026-07-10 20:56:05 미매칭수량=1.43000000 orderID=3730654412548546560 tradeID=None
[진입유실 방지 자동보정] LONG XRP/USDT:USDT exit=2026-07-11 02:57:26 미매칭수량=0.14000000 orderID=3731381904544571392 tradeID=None
[진입유실 방지 자동보정] LONG XRP/USDT:USDT exit=2026-07-11 07:35:19 미매칭수량=0.14000000 orderID=3731941344905732096 tradeID=None
[진입유실 방지 자동보정] LONG XRP/USDT:USDT exit=2026-07-13 22:19:43 미매칭수량=0.15000000 orderID=3739520111387811840 tradeID=None
[진입유실 방지 자동보정] LONG KAITO/USDT:USDT exit=2026-05-23 07:44:17 미매칭수량=101.00000000 orderID=3589903302570221568 tradeID=None
[진입유실 방지 자동보정] LONG KAITO/USDT:USDT exit=2026-05-23 09:16:43 미매칭수량=103.00000000 orderID=3590089470679130112 tradeID=None
[진입유실 방지 자동보정] SHORT KAITO/USDT:USDT exit=2026-07-27 23:37:02 미매칭수량=9.00000000 orderID=3780263207016538112 tradeID=None
[진입유실 방지 자동보정] LONG KAITO/USDT:USDT exit=2026-07-28 00:17:06 미매칭수량=9.00000000 orderID=3780343864489091072 tradeID=None
[진입유실 방지 자동보정] LONG ONDO/USDT:USDT exit=2026-05-31 12:11:56 미매칭수량=13.00000000 orderID=3613635053565976576 tradeID=None
[진입유실 방지 자동보정] SHORT ONDO/USDT:USDT exit=2026-06-04 19:57:55 미매칭수량=18.00000000 orderID=3626169605609955328 tradeID=None
[진입유실 방지 자동보정] SHORT ONDO/USDT:USDT exit=2026-07-24 12:48:41 미매칭수량=4.00000000 orderID=3770260599027736576 tradeID=None
[진입유실 방지 자동보정] SHORT ADA/USDT:USDT exit=2026-06-15 18:07:56 미매칭수량=0.80000000 orderID=3657838324836671488 tradeID=None
[진입유실 방지 자동보정] SHORT ADA/USDT:USDT exit=2026-06-15 19:54:41 미매칭수량=0.80000000 orderID=3658053208425832448 tradeID=None
[진입유실 방지 자동보정] SHORT ADA/USDT:USDT exit=2026-06-15 20:18:33 미매칭수량=0.70000000 orderID=3658101280451272704 tradeID=None
[진입유실 방지 자동보정] SHORT ADA/USDT:USDT exit=2026-06-15 20:19:56 미매칭수량=0.70000000 orderID=3658104046410211328 tradeID=None
[진입유실 방지 자동보정] SHORT ADA/USDT:USDT exit=2026-06-15 20:20:18 미매칭수량=0.70000000 orderID=3658104812894101504 tradeID=None
[진입유실 방지 자동보정] SHORT ADA/USDT:USDT exit=2026-06-15 20:26:32 미매칭수량=0.70000000 orderID=3658117332119789568 tradeID=None
[진입유실 방지 자동보정] SHORT ADA/USDT:USDT exit=2026-06-15 20:44:55 미매칭수량=0.70000000 orderID=3658154361918529536 tradeID=None
[진입유실 방지 자동보정] SHORT ADA/USDT:USDT exit=2026-06-15 21:10:33 미매칭수량=0.70000000 orderID=3658205958837051392 tradeID=None
[진입유실 방지 자동보정] SHORT OKB/USDT:USDT exit=2026-06-21 03:12:28 미매칭수량=22.00000000 orderID=3673430118722904064 tradeID=None
[진입유실 방지 자동보정] SHORT OKB/USDT:USDT exit=2026-06-25 17:43:10 미매칭수량=16.00000000 orderID=3686779476461690880 tradeID=None
[진입유실 방지 자동보정] SHORT OKB/USDT:USDT exit=2026-06-25 20:10:48 미매칭수량=16.00000000 orderID=3687076707525926912 tradeID=None
[진입유실 방지 자동보정] LONG OKB/USDT:USDT exit=2026-06-26 12:38:51 미매칭수량=19.00000000 orderID=3689065905153843200 tradeID=None
[진입유실 방지 자동보정] LONG OKB/USDT:USDT exit=2026-06-26 15:55:46 미매칭수량=10.00000000 orderID=3689462344057036800 tradeID=None
[진입유실 방지 자동보정] LONG OKB/USDT:USDT exit=2026-07-22 11:42:03 미매칭수량=21.00000000 orderID=3764328224573825024 tradeID=None
[진입유실 방지 자동보정] LONG HYPE/USDT:USDT exit=2026-07-02 09:33:02 미매칭수량=1.00000000 orderID=3706086441083936768 tradeID=None
[진입유실 방지 자동보정] SHORT HYPE/USDT:USDT exit=2026-07-02 18:46:50 미매칭수량=1.00000000 orderID=3707201387012235264 tradeID=None
[진입유실 방지 자동보정] SHORT HYPE/USDT:USDT exit=2026-07-09 00:25:17 미매칭수량=24.00000000 orderID=3725277377667997696 tradeID=None
[진입유실 방지 자동보정] LONG HYPE/USDT:USDT exit=2026-07-09 06:18:38 미매칭수량=24.00000000 orderID=3725988764811730944 tradeID=None
[진입유실 방지 자동보정] LONG HYPE/USDT:USDT exit=2026-07-09 08:16:14 미매칭수량=23.00000000 orderID=3726225544848809984 tradeID=None
[진입유실 방지 자동보정] LONG HYPE/USDT:USDT exit=2026-07-13 19:30:19 미매칭수량=2.00000000 orderID=3739179042162810880 tradeID=None
[진입유실 방지 자동보정] LONG HYPE/USDT:USDT exit=2026-07-26 15:19:38 미매칭수량=2.00000000 orderID=3776362689651220480 tradeID=None
[진입유실 방지 자동보정] SHORT BTC/USDT:USDT exit=2026-07-07 21:35:36 미매칭수량=0.03000000 orderID=3722036669318373376 tradeID=None
[진입유실 방지 자동보정] SHORT BTC/USDT:USDT exit=2026-07-08 00:16:47 미매칭수량=0.04000000 orderID=3722361174263799808 tradeID=None
[진입유실 방지 자동보정] LONG BTC/USDT:USDT exit=2026-07-08 18:05:02 미매칭수량=0.03000000 orderID=3724511840214130688 tradeID=None
[진입유실 방지 자동보정] LONG BTC/USDT:USDT exit=2026-07-08 22:25:16 미매칭수량=0.03000000 orderID=3725035749082603520 tradeID=None
[진입유실 방지 자동보정] LONG BTC/USDT:USDT exit=2026-07-10 12:10:09 미매칭수량=0.25000000 orderID=3729595582481899520 tradeID=None
[진입유실 방지 자동보정] SHORT BTC/USDT:USDT exit=2026-07-10 20:40:19 미매칭수량=0.24000000 orderID=3730622678511591424 tradeID=None
[진입유실 방지 자동보정] SHORT BTC/USDT:USDT exit=2026-07-13 17:06:33 미매칭수량=0.02000000 orderID=3738889605591801856 tradeID=None
[진입유실 방지 자동보정] SHORT BTC/USDT:USDT exit=2026-07-23 01:38:30 미매칭수량=0.02000000 orderID=3766012229442543616 tradeID=None
[진입유실 방지 자동보정] SHORT XRP/USDT:USDT exit=2026-07-10 20:56:05 미매칭수량=1.43000000 orderID=3730654412548546560 tradeID=None
[진입유실 방지 자동보정] LONG XRP/USDT:USDT exit=2026-07-11 02:57:26 미매칭수량=0.14000000 orderID=3731381904544571392 tradeID=None
[진입유실 방지 자동보정] LONG XRP/USDT:USDT exit=2026-07-11 07:35:19 미매칭수량=0.14000000 orderID=3731941344905732096 tradeID=None
[진입유실 방지 자동보정] LONG XRP/USDT:USDT exit=2026-07-13 22:19:43 미매칭수량=0.15000000 orderID=3739520111387811840 tradeID=None
[진입유실 방지 자동보정] LONG KAITO/USDT:USDT exit=2026-05-23 07:44:17 미매칭수량=101.00000000 orderID=3589903302570221568 tradeID=None
[진입유실 방지 자동보정] LONG KAITO/USDT:USDT exit=2026-05-23 09:16:43 미매칭수량=103.00000000 orderID=3590089470679130112 tradeID=None
[진입유실 방지 자동보정] SHORT KAITO/USDT:USDT exit=2026-07-27 23:37:02 미매칭수량=9.00000000 orderID=3780263207016538112 tradeID=None
[진입유실 방지 자동보정] LONG KAITO/USDT:USDT exit=2026-07-28 00:17:06 미매칭수량=9.00000000 orderID=3780343864489091072 tradeID=None
[진입유실 방지 자동보정] LONG ONDO/USDT:USDT exit=2026-05-31 12:11:56 미매칭수량=13.00000000 orderID=3613635053565976576 tradeID=None
[진입유실 방지 자동보정] SHORT ONDO/USDT:USDT exit=2026-06-04 19:57:55 미매칭수량=18.00000000 orderID=3626169605609955328 tradeID=None
[진입유실 방지 자동보정] SHORT ONDO/USDT:USDT exit=2026-07-24 12:48:41 미매칭수량=4.00000000 orderID=3770260599027736576 tradeID=None
[진입유실 방지 자동보정] SHORT ADA/USDT:USDT exit=2026-06-15 18:07:56 미매칭수량=0.80000000 orderID=3657838324836671488 tradeID=None
[진입유실 방지 자동보정] SHORT ADA/USDT:USDT exit=2026-06-15 19:54:41 미매칭수량=0.80000000 orderID=3658053208425832448 tradeID=None
[진입유실 방지 자동보정] SHORT ADA/USDT:USDT exit=2026-06-15 20:18:33 미매칭수량=0.70000000 orderID=3658101280451272704 tradeID=None
[진입유실 방지 자동보정] SHORT ADA/USDT:USDT exit=2026-06-15 20:19:56 미매칭수량=0.70000000 orderID=3658104046410211328 tradeID=None
[진입유실 방지 자동보정] SHORT ADA/USDT:USDT exit=2026-06-15 20:20:18 미매칭수량=0.70000000 orderID=3658104812894101504 tradeID=None
[진입유실 방지 자동보정] SHORT ADA/USDT:USDT exit=2026-06-15 20:26:32 미매칭수량=0.70000000 orderID=3658117332119789568 tradeID=None
[진입유실 방지 자동보정] SHORT ADA/USDT:USDT exit=2026-06-15 20:44:55 미매칭수량=0.70000000 orderID=3658154361918529536 tradeID=None
[진입유실 방지 자동보정] SHORT ADA/USDT:USDT exit=2026-06-15 21:10:33 미매칭수량=0.70000000 orderID=3658205958837051392 tradeID=None
[진입유실 방지 자동보정] SHORT OKB/USDT:USDT exit=2026-06-21 03:12:28 미매칭수량=22.00000000 orderID=3673430118722904064 tradeID=None
[진입유실 방지 자동보정] SHORT OKB/USDT:USDT exit=2026-06-25 17:43:10 미매칭수량=16.00000000 orderID=3686779476461690880 tradeID=None
[진입유실 방지 자동보정] SHORT OKB/USDT:USDT exit=2026-06-25 20:10:48 미매칭수량=16.00000000 orderID=3687076707525926912 tradeID=None
[진입유실 방지 자동보정] LONG OKB/USDT:USDT exit=2026-06-26 12:38:51 미매칭수량=19.00000000 orderID=3689065905153843200 tradeID=None
[진입유실 방지 자동보정] LONG OKB/USDT:USDT exit=2026-06-26 15:55:46 미매칭수량=10.00000000 orderID=3689462344057036800 tradeID=None
[진입유실 방지 자동보정] LONG OKB/USDT:USDT exit=2026-07-22 11:42:03 미매칭수량=21.00000000 orderID=3764328224573825024 tradeID=None
[진입유실 방지 자동보정] LONG HYPE/USDT:USDT exit=2026-07-02 09:33:02 미매칭수량=1.00000000 orderID=3706086441083936768 tradeID=None
[진입유실 방지 자동보정] SHORT HYPE/USDT:USDT exit=2026-07-02 18:46:50 미매칭수량=1.00000000 orderID=3707201387012235264 tradeID=None
[진입유실 방지 자동보정] SHORT HYPE/USDT:USDT exit=2026-07-09 00:25:17 미매칭수량=24.00000000 orderID=3725277377667997696 tradeID=None
[진입유실 방지 자동보정] LONG HYPE/USDT:USDT exit=2026-07-09 06:18:38 미매칭수량=24.00000000 orderID=3725988764811730944 tradeID=None
[진입유실 방지 자동보정] LONG HYPE/USDT:USDT exit=2026-07-09 08:16:14 미매칭수량=23.00000000 orderID=3726225544848809984 tradeID=None
[진입유실 방지 자동보정] LONG HYPE/USDT:USDT exit=2026-07-13 19:30:19 미매칭수량=2.00000000 orderID=3739179042162810880 tradeID=None
[진입유실 방지 자동보정] LONG HYPE/USDT:USDT exit=2026-07-26 15:19:38 미매칭수량=2.00000000 orderID=3776362689651220480 tradeID=None
[진입유실 방지 자동보정] SHORT BTC/USDT:USDT exit=2026-07-07 21:35:36 미매칭수량=0.03000000 orderID=3722036669318373376 tradeID=None
[진입유실 방지 자동보정] SHORT BTC/USDT:USDT exit=2026-07-08 00:16:47 미매칭수량=0.04000000 orderID=3722361174263799808 tradeID=None
[진입유실 방지 자동보정] LONG BTC/USDT:USDT exit=2026-07-08 18:05:02 미매칭수량=0.03000000 orderID=3724511840214130688 tradeID=None
[진입유실 방지 자동보정] LONG BTC/USDT:USDT exit=2026-07-08 22:25:16 미매칭수량=0.03000000 orderID=3725035749082603520 tradeID=None
[진입유실 방지 자동보정] LONG BTC/USDT:USDT exit=2026-07-10 12:10:09 미매칭수량=0.25000000 orderID=3729595582481899520 tradeID=None
[진입유실 방지 자동보정] SHORT BTC/USDT:USDT exit=2026-07-10 20:40:19 미매칭수량=0.24000000 orderID=3730622678511591424 tradeID=None
[진입유실 방지 자동보정] SHORT BTC/USDT:USDT exit=2026-07-13 17:06:33 미매칭수량=0.02000000 orderID=3738889605591801856 tradeID=None
[진입유실 방지 자동보정] SHORT BTC/USDT:USDT exit=2026-07-23 01:38:30 미매칭수량=0.02000000 orderID=3766012229442543616 tradeID=None
[진입유실 방지 자동보정] SHORT XRP/USDT:USDT exit=2026-07-10 20:56:05 미매칭수량=1.43000000 orderID=3730654412548546560 tradeID=None
[진입유실 방지 자동보정] LONG XRP/USDT:USDT exit=2026-07-11 02:57:26 미매칭수량=0.14000000 orderID=3731381904544571392 tradeID=None
[진입유실 방지 자동보정] LONG XRP/USDT:USDT exit=2026-07-11 07:35:19 미매칭수량=0.14000000 orderID=3731941344905732096 tradeID=None
[진입유실 방지 자동보정] LONG XRP/USDT:USDT exit=2026-07-13 22:19:43 미매칭수량=0.15000000 orderID=3739520111387811840 tradeID=None
[DISCORD 1MIN] 09:55:46 ok=True Group 1(5): status=204 | Group 2(3): status=204 collect=8.8s post=1.4s
[DISCORD 1MIN] 09:56:45 ok=True Group 1(5): status=204 | Group 2(3): status=204 collect=8.4s post=0.7s
[DISCORD 1MIN] 09:57:45 ok=True Group 1(5): status=204 | Group 2(3): status=204 collect=8.6s post=0.7s
[DISCORD 1MIN] 09:58:45 ok=True Group 1(5): status=204 | Group 2(3): status=204 collect=8.4s post=0.7s
[DISCORD 1MIN] 09:59:45 ok=True Group 1(5): status=204 | Group 2(3): status=204 collect=8.4s post=0.7s
[진입유실 방지 자동보정] LONG KAITO/USDT:USDT exit=2026-05-23 07:44:17 미매칭수량=101.00000000 orderID=3589903302570221568 tradeID=None
[진입유실 방지 자동보정] LONG KAITO/USDT:USDT exit=2026-05-23 09:16:43 미매칭수량=103.00000000 orderID=3590089470679130112 tradeID=None
[진입유실 방지 자동보정] SHORT KAITO/USDT:USDT exit=2026-07-27 23:37:02 미매칭수량=9.00000000 orderID=3780263207016538112 tradeID=None
[진입유실 방지 자동보정] LONG KAITO/USDT:USDT exit=2026-07-28 00:17:06 미매칭수량=9.00000000 orderID=3780343864489091072 tradeID=None
[진입유실 방지 자동보정] LONG ONDO/USDT:USDT exit=2026-05-31 12:11:56 미매칭수량=13.00000000 orderID=3613635053565976576 tradeID=None
[진입유실 방지 자동보정] SHORT ONDO/USDT:USDT exit=2026-06-04 19:57:55 미매칭수량=18.00000000 orderID=3626169605609955328 tradeID=None
[진입유실 방지 자동보정] SHORT ONDO/USDT:USDT exit=2026-07-24 12:48:41 미매칭수량=4.00000000 orderID=3770260599027736576 tradeID=None
[진입유실 방지 자동보정] SHORT ADA/USDT:USDT exit=2026-06-15 18:07:56 미매칭수량=0.80000000 orderID=3657838324836671488 tradeID=None
[진입유실 방지 자동보정] SHORT ADA/USDT:USDT exit=2026-06-15 19:54:41 미매칭수량=0.80000000 orderID=3658053208425832448 tradeID=None
[진입유실 방지 자동보정] SHORT ADA/USDT:USDT exit=2026-06-15 20:18:33 미매칭수량=0.70000000 orderID=3658101280451272704 tradeID=None
[진입유실 방지 자동보정] SHORT ADA/USDT:USDT exit=2026-06-15 20:19:56 미매칭수량=0.70000000 orderID=3658104046410211328 tradeID=None
[진입유실 방지 자동보정] SHORT ADA/USDT:USDT exit=2026-06-15 20:20:18 미매칭수량=0.70000000 orderID=3658104812894101504 tradeID=None
[진입유실 방지 자동보정] SHORT ADA/USDT:USDT exit=2026-06-15 20:26:32 미매칭수량=0.70000000 orderID=3658117332119789568 tradeID=None
[진입유실 방지 자동보정] SHORT ADA/USDT:USDT exit=2026-06-15 20:44:55 미매칭수량=0.70000000 orderID=3658154361918529536 tradeID=None
[진입유실 방지 자동보정] SHORT ADA/USDT:USDT exit=2026-06-15 21:10:33 미매칭수량=0.70000000 orderID=3658205958837051392 tradeID=None
[진입유실 방지 자동보정] SHORT OKB/USDT:USDT exit=2026-06-21 03:12:28 미매칭수량=22.00000000 orderID=3673430118722904064 tradeID=None
[진입유실 방지 자동보정] SHORT OKB/USDT:USDT exit=2026-06-25 17:43:10 미매칭수량=16.00000000 orderID=3686779476461690880 tradeID=None
[진입유실 방지 자동보정] SHORT OKB/USDT:USDT exit=2026-06-25 20:10:48 미매칭수량=16.00000000 orderID=3687076707525926912 tradeID=None
[진입유실 방지 자동보정] LONG OKB/USDT:USDT exit=2026-06-26 12:38:51 미매칭수량=19.00000000 orderID=3689065905153843200 tradeID=None
[진입유실 방지 자동보정] LONG OKB/USDT:USDT exit=2026-06-26 15:55:46 미매칭수량=10.00000000 orderID=3689462344057036800 tradeID=None
[진입유실 방지 자동보정] LONG OKB/USDT:USDT exit=2026-07-22 11:42:03 미매칭수량=21.00000000 orderID=3764328224573825024 tradeID=None
[진입유실 방지 자동보정] LONG HYPE/USDT:USDT exit=2026-07-02 09:33:02 미매칭수량=1.00000000 orderID=3706086441083936768 tradeID=None
[진입유실 방지 자동보정] SHORT HYPE/USDT:USDT exit=2026-07-02 18:46:50 미매칭수량=1.00000000 orderID=3707201387012235264 tradeID=None
[진입유실 방지 자동보정] SHORT HYPE/USDT:USDT exit=2026-07-09 00:25:17 미매칭수량=24.00000000 orderID=3725277377667997696 tradeID=None
[진입유실 방지 자동보정] LONG HYPE/USDT:USDT exit=2026-07-09 06:18:38 미매칭수량=24.00000000 orderID=3725988764811730944 tradeID=None
[진입유실 방지 자동보정] LONG HYPE/USDT:USDT exit=2026-07-09 08:16:14 미매칭수량=23.00000000 orderID=3726225544848809984 tradeID=None
[진입유실 방지 자동보정] LONG HYPE/USDT:USDT exit=2026-07-13 19:30:19 미매칭수량=2.00000000 orderID=3739179042162810880 tradeID=None
[진입유실 방지 자동보정] LONG HYPE/USDT:USDT exit=2026-07-26 15:19:38 미매칭수량=2.00000000 orderID=3776362689651220480 tradeID=None
[진입유실 방지 자동보정] SHORT BTC/USDT:USDT exit=2026-07-07 21:35:36 미매칭수량=0.03000000 orderID=3722036669318373376 tradeID=None
[진입유실 방지 자동보정] SHORT BTC/USDT:USDT exit=2026-07-08 00:16:47 미매칭수량=0.04000000 orderID=3722361174263799808 tradeID=None
[진입유실 방지 자동보정] LONG BTC/USDT:USDT exit=2026-07-08 18:05:02 미매칭수량=0.03000000 orderID=3724511840214130688 tradeID=None
[진입유실 방지 자동보정] LONG BTC/USDT:USDT exit=2026-07-08 22:25:16 미매칭수량=0.03000000 orderID=3725035749082603520 tradeID=None
[진입유실 방지 자동보정] LONG BTC/USDT:USDT exit=2026-07-10 12:10:09 미매칭수량=0.25000000 orderID=3729595582481899520 tradeID=None
[진입유실 방지 자동보정] SHORT BTC/USDT:USDT exit=2026-07-10 20:40:19 미매칭수량=0.24000000 orderID=3730622678511591424 tradeID=None
[진입유실 방지 자동보정] SHORT BTC/USDT:USDT exit=2026-07-13 17:06:33 미매칭수량=0.02000000 orderID=3738889605591801856 tradeID=None
[진입유실 방지 자동보정] SHORT BTC/USDT:USDT exit=2026-07-23 01:38:30 미매칭수량=0.02000000 orderID=3766012229442543616 tradeID=None
[진입유실 방지 자동보정] SHORT XRP/USDT:USDT exit=2026-07-10 20:56:05 미매칭수량=1.43000000 orderID=3730654412548546560 tradeID=None
[진입유실 방지 자동보정] LONG XRP/USDT:USDT exit=2026-07-11 02:57:26 미매칭수량=0.14000000 orderID=3731381904544571392 tradeID=None
[진입유실 방지 자동보정] LONG XRP/USDT:USDT exit=2026-07-11 07:35:19 미매칭수량=0.14000000 orderID=3731941344905732096 tradeID=None
[진입유실 방지 자동보정] LONG XRP/USDT:USDT exit=2026-07-13 22:19:43 미매칭수량=0.15000000 orderID=3739520111387811840 tradeID=None
[진입유실 방지 자동보정] LONG KAITO/USDT:USDT exit=2026-05-23 07:44:17 미매칭수량=101.00000000 orderID=3589903302570221568 tradeID=None
[진입유실 방지 자동보정] LONG KAITO/USDT:USDT exit=2026-05-23 09:16:43 미매칭수량=103.00000000 orderID=3590089470679130112 tradeID=None
[진입유실 방지 자동보정] SHORT KAITO/USDT:USDT exit=2026-07-27 23:37:02 미매칭수량=9.00000000 orderID=3780263207016538112 tradeID=None
[진입유실 방지 자동보정] LONG KAITO/USDT:USDT exit=2026-07-28 00:17:06 미매칭수량=9.00000000 orderID=3780343864489091072 tradeID=None
[진입유실 방지 자동보정] LONG ONDO/USDT:USDT exit=2026-05-31 12:11:56 미매칭수량=13.00000000 orderID=3613635053565976576 tradeID=None
[진입유실 방지 자동보정] SHORT ONDO/USDT:USDT exit=2026-06-04 19:57:55 미매칭수량=18.00000000 orderID=3626169605609955328 tradeID=None
[진입유실 방지 자동보정] SHORT ONDO/USDT:USDT exit=2026-07-24 12:48:41 미매칭수량=4.00000000 orderID=3770260599027736576 tradeID=None
[진입유실 방지 자동보정] SHORT ADA/USDT:USDT exit=2026-06-15 18:07:56 미매칭수량=0.80000000 orderID=3657838324836671488 tradeID=None
[진입유실 방지 자동보정] SHORT ADA/USDT:USDT exit=2026-06-15 19:54:41 미매칭수량=0.80000000 orderID=3658053208425832448 tradeID=None
[진입유실 방지 자동보정] SHORT ADA/USDT:USDT exit=2026-06-15 20:18:33 미매칭수량=0.70000000 orderID=3658101280451272704 tradeID=None
[진입유실 방지 자동보정] SHORT ADA/USDT:USDT exit=2026-06-15 20:19:56 미매칭수량=0.70000000 orderID=3658104046410211328 tradeID=None
[진입유실 방지 자동보정] SHORT ADA/USDT:USDT exit=2026-06-15 20:20:18 미매칭수량=0.70000000 orderID=3658104812894101504 tradeID=None
[진입유실 방지 자동보정] SHORT ADA/USDT:USDT exit=2026-06-15 20:26:32 미매칭수량=0.70000000 orderID=3658117332119789568 tradeID=None
[진입유실 방지 자동보정] SHORT ADA/USDT:USDT exit=2026-06-15 20:44:55 미매칭수량=0.70000000 orderID=3658154361918529536 tradeID=None
[진입유실 방지 자동보정] SHORT ADA/USDT:USDT exit=2026-06-15 21:10:33 미매칭수량=0.70000000 orderID=3658205958837051392 tradeID=None
[진입유실 방지 자동보정] SHORT OKB/USDT:USDT exit=2026-06-21 03:12:28 미매칭수량=22.00000000 orderID=3673430118722904064 tradeID=None
[진입유실 방지 자동보정] SHORT OKB/USDT:USDT exit=2026-06-25 17:43:10 미매칭수량=16.00000000 orderID=3686779476461690880 tradeID=None
[진입유실 방지 자동보정] SHORT OKB/USDT:USDT exit=2026-06-25 20:10:48 미매칭수량=16.00000000 orderID=3687076707525926912 tradeID=None
[진입유실 방지 자동보정] LONG OKB/USDT:USDT exit=2026-06-26 12:38:51 미매칭수량=19.00000000 orderID=3689065905153843200 tradeID=None
[진입유실 방지 자동보정] LONG OKB/USDT:USDT exit=2026-06-26 15:55:46 미매칭수량=10.00000000 orderID=3689462344057036800 tradeID=None
[진입유실 방지 자동보정] LONG OKB/USDT:USDT exit=2026-07-22 11:42:03 미매칭수량=21.00000000 orderID=3764328224573825024 tradeID=None
[진입유실 방지 자동보정] LONG HYPE/USDT:USDT exit=2026-07-02 09:33:02 미매칭수량=1.00000000 orderID=3706086441083936768 tradeID=None
[진입유실 방지 자동보정] SHORT HYPE/USDT:USDT exit=2026-07-02 18:46:50 미매칭수량=1.00000000 orderID=3707201387012235264 tradeID=None
[진입유실 방지 자동보정] SHORT HYPE/USDT:USDT exit=2026-07-09 00:25:17 미매칭수량=24.00000000 orderID=3725277377667997696 tradeID=None
[진입유실 방지 자동보정] LONG HYPE/USDT:USDT exit=2026-07-09 06:18:38 미매칭수량=24.00000000 orderID=3725988764811730944 tradeID=None
[진입유실 방지 자동보정] LONG HYPE/USDT:USDT exit=2026-07-09 08:16:14 미매칭수량=23.00000000 orderID=3726225544848809984 tradeID=None
[진입유실 방지 자동보정] LONG HYPE/USDT:USDT exit=2026-07-13 19:30:19 미매칭수량=2.00000000 orderID=3739179042162810880 tradeID=None
[진입유실 방지 자동보정] LONG HYPE/USDT:USDT exit=2026-07-26 15:19:38 미매칭수량=2.00000000 orderID=3776362689651220480 tradeID=None
[진입유실 방지 자동보정] SHORT BTC/USDT:USDT exit=2026-07-07 21:35:36 미매칭수량=0.03000000 orderID=3722036669318373376 tradeID=None
[진입유실 방지 자동보정] SHORT BTC/USDT:USDT exit=2026-07-08 00:16:47 미매칭수량=0.04000000 orderID=3722361174263799808 tradeID=None
[진입유실 방지 자동보정] LONG BTC/USDT:USDT exit=2026-07-08 18:05:02 미매칭수량=0.03000000 orderID=3724511840214130688 tradeID=None
[진입유실 방지 자동보정] LONG BTC/USDT:USDT exit=2026-07-08 22:25:16 미매칭수량=0.03000000 orderID=3725035749082603520 tradeID=None
[진입유실 방지 자동보정] LONG BTC/USDT:USDT exit=2026-07-10 12:10:09 미매칭수량=0.25000000 orderID=3729595582481899520 tradeID=None
[진입유실 방지 자동보정] SHORT BTC/USDT:USDT exit=2026-07-10 20:40:19 미매칭수량=0.24000000 orderID=3730622678511591424 tradeID=None
[진입유실 방지 자동보정] SHORT BTC/USDT:USDT exit=2026-07-13 17:06:33 미매칭수량=0.02000000 orderID=3738889605591801856 tradeID=None
[진입유실 방지 자동보정] SHORT BTC/USDT:USDT exit=2026-07-23 01:38:30 미매칭수량=0.02000000 orderID=3766012229442543616 tradeID=None
[진입유실 방지 자동보정] SHORT XRP/USDT:USDT exit=2026-07-10 20:56:05 미매칭수량=1.43000000 orderID=3730654412548546560 tradeID=None
[진입유실 방지 자동보정] LONG XRP/USDT:USDT exit=2026-07-11 02:57:26 미매칭수량=0.14000000 orderID=3731381904544571392 tradeID=None
[진입유실 방지 자동보정] LONG XRP/USDT:USDT exit=2026-07-11 07:35:19 미매칭수량=0.14000000 orderID=3731941344905732096 tradeID=None
[진입유실 방지 자동보정] LONG XRP/USDT:USDT exit=2026-07-13 22:19:43 미매칭수량=0.15000000 orderID=3739520111387811840 tradeID=None
[진입유실 방지 자동보정] LONG KAITO/USDT:USDT exit=2026-05-23 07:44:17 미매칭수량=101.00000000 orderID=3589903302570221568 tradeID=None
[진입유실 방지 자동보정] LONG KAITO/USDT:USDT exit=2026-05-23 09:16:43 미매칭수량=103.00000000 orderID=3590089470679130112 tradeID=None
[진입유실 방지 자동보정] SHORT KAITO/USDT:USDT exit=2026-07-27 23:37:02 미매칭수량=9.00000000 orderID=3780263207016538112 tradeID=None
[진입유실 방지 자동보정] LONG KAITO/USDT:USDT exit=2026-07-28 00:17:06 미매칭수량=9.00000000 orderID=3780343864489091072 tradeID=None
[진입유실 방지 자동보정] LONG ONDO/USDT:USDT exit=2026-05-31 12:11:56 미매칭수량=13.00000000 orderID=3613635053565976576 tradeID=None
[진입유실 방지 자동보정] SHORT ONDO/USDT:USDT exit=2026-06-04 19:57:55 미매칭수량=18.00000000 orderID=3626169605609955328 tradeID=None
[진입유실 방지 자동보정] SHORT ONDO/USDT:USDT exit=2026-07-24 12:48:41 미매칭수량=4.00000000 orderID=3770260599027736576 tradeID=None
[진입유실 방지 자동보정] SHORT ADA/USDT:USDT exit=2026-06-15 18:07:56 미매칭수량=0.80000000 orderID=3657838324836671488 tradeID=None
[진입유실 방지 자동보정] SHORT ADA/USDT:USDT exit=2026-06-15 19:54:41 미매칭수량=0.80000000 orderID=3658053208425832448 tradeID=None
[진입유실 방지 자동보정] SHORT ADA/USDT:USDT exit=2026-06-15 20:18:33 미매칭수량=0.70000000 orderID=3658101280451272704 tradeID=None
[진입유실 방지 자동보정] SHORT ADA/USDT:USDT exit=2026-06-15 20:19:56 미매칭수량=0.70000000 orderID=3658104046410211328 tradeID=None
[진입유실 방지 자동보정] SHORT ADA/USDT:USDT exit=2026-06-15 20:20:18 미매칭수량=0.70000000 orderID=3658104812894101504 tradeID=None
[진입유실 방지 자동보정] SHORT ADA/USDT:USDT exit=2026-06-15 20:26:32 미매칭수량=0.70000000 orderID=3658117332119789568 tradeID=None
[진입유실 방지 자동보정] SHORT ADA/USDT:USDT exit=2026-06-15 20:44:55 미매칭수량=0.70000000 orderID=3658154361918529536 tradeID=None
[진입유실 방지 자동보정] SHORT ADA/USDT:USDT exit=2026-06-15 21:10:33 미매칭수량=0.70000000 orderID=3658205958837051392 tradeID=None
[진입유실 방지 자동보정] SHORT OKB/USDT:USDT exit=2026-06-21 03:12:28 미매칭수량=22.00000000 orderID=3673430118722904064 tradeID=None
[진입유실 방지 자동보정] SHORT OKB/USDT:USDT exit=2026-06-25 17:43:10 미매칭수량=16.00000000 orderID=3686779476461690880 tradeID=None
[진입유실 방지 자동보정] SHORT OKB/USDT:USDT exit=2026-06-25 20:10:48 미매칭수량=16.00000000 orderID=3687076707525926912 tradeID=None
[진입유실 방지 자동보정] LONG OKB/USDT:USDT exit=2026-06-26 12:38:51 미매칭수량=19.00000000 orderID=3689065905153843200 tradeID=None
[진입유실 방지 자동보정] LONG OKB/USDT:USDT exit=2026-06-26 15:55:46 미매칭수량=10.00000000 orderID=3689462344057036800 tradeID=None
[진입유실 방지 자동보정] LONG OKB/USDT:USDT exit=2026-07-22 11:42:03 미매칭수량=21.00000000 orderID=3764328224573825024 tradeID=None
[진입유실 방지 자동보정] LONG HYPE/USDT:USDT exit=2026-07-02 09:33:02 미매칭수량=1.00000000 orderID=3706086441083936768 tradeID=None
[진입유실 방지 자동보정] SHORT HYPE/USDT:USDT exit=2026-07-02 18:46:50 미매칭수량=1.00000000 orderID=3707201387012235264 tradeID=None
[진입유실 방지 자동보정] SHORT HYPE/USDT:USDT exit=2026-07-09 00:25:17 미매칭수량=24.00000000 orderID=3725277377667997696 tradeID=None
[진입유실 방지 자동보정] LONG HYPE/USDT:USDT exit=2026-07-09 06:18:38 미매칭수량=24.00000000 orderID=3725988764811730944 tradeID=None
[진입유실 방지 자동보정] LONG HYPE/USDT:USDT exit=2026-07-09 08:16:14 미매칭수량=23.00000000 orderID=3726225544848809984 tradeID=None
[진입유실 방지 자동보정] LONG HYPE/USDT:USDT exit=2026-07-13 19:30:19 미매칭수량=2.00000000 orderID=3739179042162810880 tradeID=None
[진입유실 방지 자동보정] LONG HYPE/USDT:USDT exit=2026-07-26 15:19:38 미매칭수량=2.00000000 orderID=3776362689651220480 tradeID=None
[진입유실 방지 자동보정] SHORT BTC/USDT:USDT exit=2026-07-07 21:35:36 미매칭수량=0.03000000 orderID=3722036669318373376 tradeID=None
[진입유실 방지 자동보정] SHORT BTC/USDT:USDT exit=2026-07-08 00:16:47 미매칭수량=0.04000000 orderID=3722361174263799808 tradeID=None
[진입유실 방지 자동보정] LONG BTC/USDT:USDT exit=2026-07-08 18:05:02 미매칭수량=0.03000000 orderID=3724511840214130688 tradeID=None
[진입유실 방지 자동보정] LONG BTC/USDT:USDT exit=2026-07-08 22:25:16 미매칭수량=0.03000000 orderID=3725035749082603520 tradeID=None
[진입유실 방지 자동보정] LONG BTC/USDT:USDT exit=2026-07-10 12:10:09 미매칭수량=0.25000000 orderID=3729595582481899520 tradeID=None
[진입유실 방지 자동보정] SHORT BTC/USDT:USDT exit=2026-07-10 20:40:19 미매칭수량=0.24000000 orderID=3730622678511591424 tradeID=None
[진입유실 방지 자동보정] SHORT BTC/USDT:USDT exit=2026-07-13 17:06:33 미매칭수량=0.02000000 orderID=3738889605591801856 tradeID=None
[진입유실 방지 자동보정] SHORT BTC/USDT:USDT exit=2026-07-23 01:38:30 미매칭수량=0.02000000 orderID=3766012229442543616 tradeID=None
[진입유실 방지 자동보정] SHORT XRP/USDT:USDT exit=2026-07-10 20:56:05 미매칭수량=1.43000000 orderID=3730654412548546560 tradeID=None
[진입유실 방지 자동보정] LONG XRP/USDT:USDT exit=2026-07-11 02:57:26 미매칭수량=0.14000000 orderID=3731381904544571392 tradeID=None
[진입유실 방지 자동보정] LONG XRP/USDT:USDT exit=2026-07-11 07:35:19 미매칭수량=0.14000000 orderID=3731941344905732096 tradeID=None
[진입유실 방지 자동보정] LONG XRP/USDT:USDT exit=2026-07-13 22:19:43 미매칭수량=0.15000000 orderID=3739520111387811840 tradeID=None
[CATFIX] pnl=0 청산 → 진입 재분류: KAITO/USDT:USDT buy 수량=9.00000000 tradeID=243056081
[진입유실 방지 자동보정] LONG KAITO/USDT:USDT exit=2026-05-23 07:44:17 미매칭수량=101.00000000 orderID=3589903302570221568 tradeID=None
[진입유실 방지 자동보정] LONG KAITO/USDT:USDT exit=2026-05-23 09:16:43 미매칭수량=103.00000000 orderID=3590089470679130112 tradeID=None
[진입유실 방지 자동보정] LONG ONDO/USDT:USDT exit=2026-05-31 12:11:56 미매칭수량=13.00000000 orderID=3613635053565976576 tradeID=None
[진입유실 방지 자동보정] SHORT ONDO/USDT:USDT exit=2026-06-04 19:57:55 미매칭수량=18.00000000 orderID=3626169605609955328 tradeID=None
[진입유실 방지 자동보정] SHORT ONDO/USDT:USDT exit=2026-07-24 12:48:41 미매칭수량=4.00000000 orderID=3770260599027736576 tradeID=None
[진입유실 방지 자동보정] SHORT ADA/USDT:USDT exit=2026-06-15 18:07:56 미매칭수량=0.80000000 orderID=3657838324836671488 tradeID=None
[진입유실 방지 자동보정] SHORT ADA/USDT:USDT exit=2026-06-15 19:54:41 미매칭수량=0.80000000 orderID=3658053208425832448 tradeID=None
[진입유실 방지 자동보정] SHORT ADA/USDT:USDT exit=2026-06-15 20:18:33 미매칭수량=0.70000000 orderID=3658101280451272704 tradeID=None
[진입유실 방지 자동보정] SHORT ADA/USDT:USDT exit=2026-06-15 20:19:56 미매칭수량=0.70000000 orderID=3658104046410211328 tradeID=None
[진입유실 방지 자동보정] SHORT ADA/USDT:USDT exit=2026-06-15 20:20:18 미매칭수량=0.70000000 orderID=3658104812894101504 tradeID=None
[진입유실 방지 자동보정] SHORT ADA/USDT:USDT exit=2026-06-15 20:26:32 미매칭수량=0.70000000 orderID=3658117332119789568 tradeID=None
[진입유실 방지 자동보정] SHORT ADA/USDT:USDT exit=2026-06-15 20:44:55 미매칭수량=0.70000000 orderID=3658154361918529536 tradeID=None
[진입유실 방지 자동보정] SHORT ADA/USDT:USDT exit=2026-06-15 21:10:33 미매칭수량=0.70000000 orderID=3658205958837051392 tradeID=None
[진입유실 방지 자동보정] SHORT OKB/USDT:USDT exit=2026-06-21 03:12:28 미매칭수량=22.00000000 orderID=3673430118722904064 tradeID=None
[진입유실 방지 자동보정] SHORT OKB/USDT:USDT exit=2026-06-25 17:43:10 미매칭수량=16.00000000 orderID=3686779476461690880 tradeID=None
[진입유실 방지 자동보정] SHORT OKB/USDT:USDT exit=2026-06-25 20:10:48 미매칭수량=16.00000000 orderID=3687076707525926912 tradeID=None
[진입유실 방지 자동보정] LONG OKB/USDT:USDT exit=2026-06-26 12:38:51 미매칭수량=19.00000000 orderID=3689065905153843200 tradeID=None
[진입유실 방지 자동보정] LONG OKB/USDT:USDT exit=2026-06-26 15:55:46 미매칭수량=10.00000000 orderID=3689462344057036800 tradeID=None
[진입유실 방지 자동보정] LONG OKB/USDT:USDT exit=2026-07-22 11:42:03 미매칭수량=21.00000000 orderID=3764328224573825024 tradeID=None
[진입유실 방지 자동보정] LONG HYPE/USDT:USDT exit=2026-07-02 09:33:02 미매칭수량=1.00000000 orderID=3706086441083936768 tradeID=None
[진입유실 방지 자동보정] SHORT HYPE/USDT:USDT exit=2026-07-02 18:46:50 미매칭수량=1.00000000 orderID=3707201387012235264 tradeID=None
[진입유실 방지 자동보정] SHORT HYPE/USDT:USDT exit=2026-07-09 00:25:17 미매칭수량=24.00000000 orderID=3725277377667997696 tradeID=None
[진입유실 방지 자동보정] LONG HYPE/USDT:USDT exit=2026-07-09 06:18:38 미매칭수량=24.00000000 orderID=3725988764811730944 tradeID=None
[진입유실 방지 자동보정] LONG HYPE/USDT:USDT exit=2026-07-09 08:16:14 미매칭수량=23.00000000 orderID=3726225544848809984 tradeID=None
[진입유실 방지 자동보정] LONG HYPE/USDT:USDT exit=2026-07-13 19:30:19 미매칭수량=2.00000000 orderID=3739179042162810880 tradeID=None
[진입유실 방지 자동보정] LONG HYPE/USDT:USDT exit=2026-07-26 15:19:38 미매칭수량=2.00000000 orderID=3776362689651220480 tradeID=None
[진입유실 방지 자동보정] SHORT BTC/USDT:USDT exit=2026-07-07 21:35:36 미매칭수량=0.03000000 orderID=3722036669318373376 tradeID=None
[진입유실 방지 자동보정] SHORT BTC/USDT:USDT exit=2026-07-08 00:16:47 미매칭수량=0.04000000 orderID=3722361174263799808 tradeID=None
[진입유실 방지 자동보정] LONG BTC/USDT:USDT exit=2026-07-08 18:05:02 미매칭수량=0.03000000 orderID=3724511840214130688 tradeID=None
[진입유실 방지 자동보정] LONG BTC/USDT:USDT exit=2026-07-08 22:25:16 미매칭수량=0.03000000 orderID=3725035749082603520 tradeID=None
[진입유실 방지 자동보정] LONG BTC/USDT:USDT exit=2026-07-10 12:10:09 미매칭수량=0.25000000 orderID=3729595582481899520 tradeID=None
[진입유실 방지 자동보정] SHORT BTC/USDT:USDT exit=2026-07-10 20:40:19 미매칭수량=0.24000000 orderID=3730622678511591424 tradeID=None
[진입유실 방지 자동보정] SHORT BTC/USDT:USDT exit=2026-07-13 17:06:33 미매칭수량=0.02000000 orderID=3738889605591801856 tradeID=None
[진입유실 방지 자동보정] SHORT BTC/USDT:USDT exit=2026-07-23 01:38:30 미매칭수량=0.02000000 orderID=3766012229442543616 tradeID=None
[진입유실 방지 자동보정] SHORT XRP/USDT:USDT exit=2026-07-10 20:56:05 미매칭수량=1.43000000 orderID=3730654412548546560 tradeID=None
[진입유실 방지 자동보정] LONG XRP/USDT:USDT exit=2026-07-11 02:57:26 미매칭수량=0.14000000 orderID=3731381904544571392 tradeID=None
[진입유실 방지 자동보정] LONG XRP/USDT:USDT exit=2026-07-11 07:35:19 미매칭수량=0.14000000 orderID=3731941344905732096 tradeID=None
[진입유실 방지 자동보정] LONG XRP/USDT:USDT exit=2026-07-13 22:19:43 미매칭수량=0.15000000 orderID=3739520111387811840 tradeID=None
[진입유실 방지 자동보정] LONG KAITO/USDT:USDT exit=2026-05-23 07:44:17 미매칭수량=101.00000000 orderID=3589903302570221568 tradeID=None
[진입유실 방지 자동보정] LONG KAITO/USDT:USDT exit=2026-05-23 09:16:43 미매칭수량=103.00000000 orderID=3590089470679130112 tradeID=None
[진입유실 방지 자동보정] SHORT KAITO/USDT:USDT exit=2026-07-27 23:37:02 미매칭수량=9.00000000 orderID=3780263207016538112 tradeID=None
[진입유실 방지 자동보정] LONG KAITO/USDT:USDT exit=2026-07-28 00:17:06 미매칭수량=9.00000000 orderID=3780343864489091072 tradeID=None
[진입유실 방지 자동보정] LONG ONDO/USDT:USDT exit=2026-05-31 12:11:56 미매칭수량=13.00000000 orderID=3613635053565976576 tradeID=None
[진입유실 방지 자동보정] SHORT ONDO/USDT:USDT exit=2026-06-04 19:57:55 미매칭수량=18.00000000 orderID=3626169605609955328 tradeID=None
[진입유실 방지 자동보정] SHORT ONDO/USDT:USDT exit=2026-07-24 12:48:41 미매칭수량=4.00000000 orderID=3770260599027736576 tradeID=None
[진입유실 방지 자동보정] SHORT ADA/USDT:USDT exit=2026-06-15 18:07:56 미매칭수량=0.80000000 orderID=3657838324836671488 tradeID=None
[진입유실 방지 자동보정] SHORT ADA/USDT:USDT exit=2026-06-15 19:54:41 미매칭수량=0.80000000 orderID=3658053208425832448 tradeID=None
[진입유실 방지 자동보정] SHORT ADA/USDT:USDT exit=2026-06-15 20:18:33 미매칭수량=0.70000000 orderID=3658101280451272704 tradeID=None
[진입유실 방지 자동보정] SHORT ADA/USDT:USDT exit=2026-06-15 20:19:56 미매칭수량=0.70000000 orderID=3658104046410211328 tradeID=None
[진입유실 방지 자동보정] SHORT ADA/USDT:USDT exit=2026-06-15 20:20:18 미매칭수량=0.70000000 orderID=3658104812894101504 tradeID=None
[진입유실 방지 자동보정] SHORT ADA/USDT:USDT exit=2026-06-15 20:26:32 미매칭수량=0.70000000 orderID=3658117332119789568 tradeID=None
[진입유실 방지 자동보정] SHORT ADA/USDT:USDT exit=2026-06-15 20:44:55 미매칭수량=0.70000000 orderID=3658154361918529536 tradeID=None
[진입유실 방지 자동보정] SHORT ADA/USDT:USDT exit=2026-06-15 21:10:33 미매칭수량=0.70000000 orderID=3658205958837051392 tradeID=None
[진입유실 방지 자동보정] SHORT OKB/USDT:USDT exit=2026-06-21 03:12:28 미매칭수량=22.00000000 orderID=3673430118722904064 tradeID=None
[진입유실 방지 자동보정] SHORT OKB/USDT:USDT exit=2026-06-25 17:43:10 미매칭수량=16.00000000 orderID=3686779476461690880 tradeID=None
[진입유실 방지 자동보정] SHORT OKB/USDT:USDT exit=2026-06-25 20:10:48 미매칭수량=16.00000000 orderID=3687076707525926912 tradeID=None
[진입유실 방지 자동보정] LONG OKB/USDT:USDT exit=2026-06-26 12:38:51 미매칭수량=19.00000000 orderID=3689065905153843200 tradeID=None
[진입유실 방지 자동보정] LONG OKB/USDT:USDT exit=2026-06-26 15:55:46 미매칭수량=10.00000000 orderID=3689462344057036800 tradeID=None
[진입유실 방지 자동보정] LONG OKB/USDT:USDT exit=2026-07-22 11:42:03 미매칭수량=21.00000000 orderID=3764328224573825024 tradeID=None
[진입유실 방지 자동보정] LONG HYPE/USDT:USDT exit=2026-07-02 09:33:02 미매칭수량=1.00000000 orderID=3706086441083936768 tradeID=None
[진입유실 방지 자동보정] SHORT HYPE/USDT:USDT exit=2026-07-02 18:46:50 미매칭수량=1.00000000 orderID=3707201387012235264 tradeID=None
[진입유실 방지 자동보정] SHORT HYPE/USDT:USDT exit=2026-07-09 00:25:17 미매칭수량=24.00000000 orderID=3725277377667997696 tradeID=None
[진입유실 방지 자동보정] LONG HYPE/USDT:USDT exit=2026-07-09 06:18:38 미매칭수량=24.00000000 orderID=3725988764811730944 tradeID=None
[진입유실 방지 자동보정] LONG HYPE/USDT:USDT exit=2026-07-09 08:16:14 미매칭수량=23.00000000 orderID=3726225544848809984 tradeID=None
[진입유실 방지 자동보정] LONG HYPE/USDT:USDT exit=2026-07-13 19:30:19 미매칭수량=2.00000000 orderID=3739179042162810880 tradeID=None
[진입유실 방지 자동보정] LONG HYPE/USDT:USDT exit=2026-07-26 15:19:38 미매칭수량=2.00000000 orderID=3776362689651220480 tradeID=None
[진입유실 방지 자동보정] SHORT BTC/USDT:USDT exit=2026-07-07 21:35:36 미매칭수량=0.03000000 orderID=3722036669318373376 tradeID=None
[진입유실 방지 자동보정] SHORT BTC/USDT:USDT exit=2026-07-08 00:16:47 미매칭수량=0.04000000 orderID=3722361174263799808 tradeID=None
[진입유실 방지 자동보정] LONG BTC/USDT:USDT exit=2026-07-08 18:05:02 미매칭수량=0.03000000 orderID=3724511840214130688 tradeID=None
[진입유실 방지 자동보정] LONG BTC/USDT:USDT exit=2026-07-08 22:25:16 미매칭수량=0.03000000 orderID=3725035749082603520 tradeID=None
[진입유실 방지 자동보정] LONG BTC/USDT:USDT exit=2026-07-10 12:10:09 미매칭수량=0.25000000 orderID=3729595582481899520 tradeID=None
[진입유실 방지 자동보정] SHORT BTC/USDT:USDT exit=2026-07-10 20:40:19 미매칭수량=0.24000000 orderID=3730622678511591424 tradeID=None
[진입유실 방지 자동보정] SHORT BTC/USDT:USDT exit=2026-07-13 17:06:33 미매칭수량=0.02000000 orderID=3738889605591801856 tradeID=None
[진입유실 방지 자동보정] SHORT BTC/USDT:USDT exit=2026-07-23 01:38:30 미매칭수량=0.02000000 orderID=3766012229442543616 tradeID=None
[진입유실 방지 자동보정] SHORT XRP/USDT:USDT exit=2026-07-10 20:56:05 미매칭수량=1.43000000 orderID=3730654412548546560 tradeID=None
[진입유실 방지 자동보정] LONG XRP/USDT:USDT exit=2026-07-11 02:57:26 미매칭수량=0.14000000 orderID=3731381904544571392 tradeID=None
[진입유실 방지 자동보정] LONG XRP/USDT:USDT exit=2026-07-11 07:35:19 미매칭수량=0.14000000 orderID=3731941344905732096 tradeID=None
[진입유실 방지 자동보정] LONG XRP/USDT:USDT exit=2026-07-13 22:19:43 미매칭수량=0.15000000 orderID=3739520111387811840 tradeID=None
[진입유실 방지 자동보정] LONG KAITO/USDT:USDT exit=2026-05-23 07:44:17 미매칭수량=101.00000000 orderID=3589903302570221568 tradeID=None
[진입유실 방지 자동보정] LONG KAITO/USDT:USDT exit=2026-05-23 09:16:43 미매칭수량=103.00000000 orderID=3590089470679130112 tradeID=None
[진입유실 방지 자동보정] SHORT KAITO/USDT:USDT exit=2026-07-27 23:37:02 미매칭수량=9.00000000 orderID=3780263207016538112 tradeID=None
[진입유실 방지 자동보정] LONG KAITO/USDT:USDT exit=2026-07-28 00:17:06 미매칭수량=9.00000000 orderID=3780343864489091072 tradeID=None
[진입유실 방지 자동보정] LONG ONDO/USDT:USDT exit=2026-05-31 12:11:56 미매칭수량=13.00000000 orderID=3613635053565976576 tradeID=None
[진입유실 방지 자동보정] SHORT ONDO/USDT:USDT exit=2026-06-04 19:57:55 미매칭수량=18.00000000 orderID=3626169605609955328 tradeID=None
[진입유실 방지 자동보정] SHORT ONDO/USDT:USDT exit=2026-07-24 12:48:41 미매칭수량=4.00000000 orderID=3770260599027736576 tradeID=None
[진입유실 방지 자동보정] SHORT ADA/USDT:USDT exit=2026-06-15 18:07:56 미매칭수량=0.80000000 orderID=3657838324836671488 tradeID=None
[진입유실 방지 자동보정] SHORT ADA/USDT:USDT exit=2026-06-15 19:54:41 미매칭수량=0.80000000 orderID=3658053208425832448 tradeID=None
[진입유실 방지 자동보정] SHORT ADA/USDT:USDT exit=2026-06-15 20:18:33 미매칭수량=0.70000000 orderID=3658101280451272704 tradeID=None
[진입유실 방지 자동보정] SHORT ADA/USDT:USDT exit=2026-06-15 20:19:56 미매칭수량=0.70000000 orderID=3658104046410211328 tradeID=None
[진입유실 방지 자동보정] SHORT ADA/USDT:USDT exit=2026-06-15 20:20:18 미매칭수량=0.70000000 orderID=3658104812894101504 tradeID=None
[진입유실 방지 자동보정] SHORT ADA/USDT:USDT exit=2026-06-15 20:26:32 미매칭수량=0.70000000 orderID=3658117332119789568 tradeID=None
[진입유실 방지 자동보정] SHORT ADA/USDT:USDT exit=2026-06-15 20:44:55 미매칭수량=0.70000000 orderID=3658154361918529536 tradeID=None
[진입유실 방지 자동보정] SHORT ADA/USDT:USDT exit=2026-06-15 21:10:33 미매칭수량=0.70000000 orderID=3658205958837051392 tradeID=None
[진입유실 방지 자동보정] SHORT OKB/USDT:USDT exit=2026-06-21 03:12:28 미매칭수량=22.00000000 orderID=3673430118722904064 tradeID=None
[진입유실 방지 자동보정] SHORT OKB/USDT:USDT exit=2026-06-25 17:43:10 미매칭수량=16.00000000 orderID=3686779476461690880 tradeID=None
[진입유실 방지 자동보정] SHORT OKB/USDT:USDT exit=2026-06-25 20:10:48 미매칭수량=16.00000000 orderID=3687076707525926912 tradeID=None
[진입유실 방지 자동보정] LONG OKB/USDT:USDT exit=2026-06-26 12:38:51 미매칭수량=19.00000000 orderID=3689065905153843200 tradeID=None
[진입유실 방지 자동보정] LONG OKB/USDT:USDT exit=2026-06-26 15:55:46 미매칭수량=10.00000000 orderID=3689462344057036800 tradeID=None
[진입유실 방지 자동보정] LONG OKB/USDT:USDT exit=2026-07-22 11:42:03 미매칭수량=21.00000000 orderID=3764328224573825024 tradeID=None
[진입유실 방지 자동보정] LONG HYPE/USDT:USDT exit=2026-07-02 09:33:02 미매칭수량=1.00000000 orderID=3706086441083936768 tradeID=None
[진입유실 방지 자동보정] SHORT HYPE/USDT:USDT exit=2026-07-02 18:46:50 미매칭수량=1.00000000 orderID=3707201387012235264 tradeID=None
[진입유실 방지 자동보정] SHORT HYPE/USDT:USDT exit=2026-07-09 00:25:17 미매칭수량=24.00000000 orderID=3725277377667997696 tradeID=None
[진입유실 방지 자동보정] LONG HYPE/USDT:USDT exit=2026-07-09 06:18:38 미매칭수량=24.00000000 orderID=3725988764811730944 tradeID=None
[진입유실 방지 자동보정] LONG HYPE/USDT:USDT exit=2026-07-09 08:16:14 미매칭수량=23.00000000 orderID=3726225544848809984 tradeID=None
[진입유실 방지 자동보정] LONG HYPE/USDT:USDT exit=2026-07-13 19:30:19 미매칭수량=2.00000000 orderID=3739179042162810880 tradeID=None
[진입유실 방지 자동보정] LONG HYPE/USDT:USDT exit=2026-07-26 15:19:38 미매칭수량=2.00000000 orderID=3776362689651220480 tradeID=None
[진입유실 방지 자동보정] SHORT BTC/USDT:USDT exit=2026-07-07 21:35:36 미매칭수량=0.03000000 orderID=3722036669318373376 tradeID=None
[진입유실 방지 자동보정] SHORT BTC/USDT:USDT exit=2026-07-08 00:16:47 미매칭수량=0.04000000 orderID=3722361174263799808 tradeID=None
[진입유실 방지 자동보정] LONG BTC/USDT:USDT exit=2026-07-08 18:05:02 미매칭수량=0.03000000 orderID=3724511840214130688 tradeID=None
[진입유실 방지 자동보정] LONG BTC/USDT:USDT exit=2026-07-08 22:25:16 미매칭수량=0.03000000 orderID=3725035749082603520 tradeID=None
[진입유실 방지 자동보정] LONG BTC/USDT:USDT exit=2026-07-10 12:10:09 미매칭수량=0.25000000 orderID=3729595582481899520 tradeID=None
[진입유실 방지 자동보정] SHORT BTC/USDT:USDT exit=2026-07-10 20:40:19 미매칭수량=0.24000000 orderID=3730622678511591424 tradeID=None
[진입유실 방지 자동보정] SHORT BTC/USDT:USDT exit=2026-07-13 17:06:33 미매칭수량=0.02000000 orderID=3738889605591801856 tradeID=None
[진입유실 방지 자동보정] SHORT BTC/USDT:USDT exit=2026-07-23 01:38:30 미매칭수량=0.02000000 orderID=3766012229442543616 tradeID=None
[진입유실 방지 자동보정] SHORT XRP/USDT:USDT exit=2026-07-10 20:56:05 미매칭수량=1.43000000 orderID=3730654412548546560 tradeID=None
[진입유실 방지 자동보정] LONG XRP/USDT:USDT exit=2026-07-11 02:57:26 미매칭수량=0.14000000 orderID=3731381904544571392 tradeID=None
[진입유실 방지 자동보정] LONG XRP/USDT:USDT exit=2026-07-11 07:35:19 미매칭수량=0.14000000 orderID=3731941344905732096 tradeID=None
[진입유실 방지 자동보정] LONG XRP/USDT:USDT exit=2026-07-13 22:19:43 미매칭수량=0.15000000 orderID=3739520111387811840 tradeID=None
[진입유실 방지 자동보정] LONG KAITO/USDT:USDT exit=2026-05-23 07:44:17 미매칭수량=101.00000000 orderID=3589903302570221568 tradeID=None
[진입유실 방지 자동보정] LONG KAITO/USDT:USDT exit=2026-05-23 09:16:43 미매칭수량=103.00000000 orderID=3590089470679130112 tradeID=None
[진입유실 방지 자동보정] SHORT KAITO/USDT:USDT exit=2026-07-27 23:37:02 미매칭수량=9.00000000 orderID=3780263207016538112 tradeID=None
[진입유실 방지 자동보정] LONG KAITO/USDT:USDT exit=2026-07-28 00:17:06 미매칭수량=9.00000000 orderID=3780343864489091072 tradeID=None
[진입유실 방지 자동보정] LONG ONDO/USDT:USDT exit=2026-05-31 12:11:56 미매칭수량=13.00000000 orderID=3613635053565976576 tradeID=None
[진입유실 방지 자동보정] SHORT ONDO/USDT:USDT exit=2026-06-04 19:57:55 미매칭수량=18.00000000 orderID=3626169605609955328 tradeID=None
[진입유실 방지 자동보정] SHORT ONDO/USDT:USDT exit=2026-07-24 12:48:41 미매칭수량=4.00000000 orderID=3770260599027736576 tradeID=None
[진입유실 방지 자동보정] SHORT ADA/USDT:USDT exit=2026-06-15 18:07:56 미매칭수량=0.80000000 orderID=3657838324836671488 tradeID=None
[진입유실 방지 자동보정] SHORT ADA/USDT:USDT exit=2026-06-15 19:54:41 미매칭수량=0.80000000 orderID=3658053208425832448 tradeID=None
[진입유실 방지 자동보정] SHORT ADA/USDT:USDT exit=2026-06-15 20:18:33 미매칭수량=0.70000000 orderID=3658101280451272704 tradeID=None
[진입유실 방지 자동보정] SHORT ADA/USDT:USDT exit=2026-06-15 20:19:56 미매칭수량=0.70000000 orderID=3658104046410211328 tradeID=None
[진입유실 방지 자동보정] SHORT ADA/USDT:USDT exit=2026-06-15 20:20:18 미매칭수량=0.70000000 orderID=3658104812894101504 tradeID=None
[진입유실 방지 자동보정] SHORT ADA/USDT:USDT exit=2026-06-15 20:26:32 미매칭수량=0.70000000 orderID=3658117332119789568 tradeID=None
[진입유실 방지 자동보정] SHORT ADA/USDT:USDT exit=2026-06-15 20:44:55 미매칭수량=0.70000000 orderID=3658154361918529536 tradeID=None
[진입유실 방지 자동보정] SHORT ADA/USDT:USDT exit=2026-06-15 21:10:33 미매칭수량=0.70000000 orderID=3658205958837051392 tradeID=None
[진입유실 방지 자동보정] SHORT OKB/USDT:USDT exit=2026-06-21 03:12:28 미매칭수량=22.00000000 orderID=3673430118722904064 tradeID=None
[진입유실 방지 자동보정] SHORT OKB/USDT:USDT exit=2026-06-25 17:43:10 미매칭수량=16.00000000 orderID=3686779476461690880 tradeID=None
[진입유실 방지 자동보정] SHORT OKB/USDT:USDT exit=2026-06-25 20:10:48 미매칭수량=16.00000000 orderID=3687076707525926912 tradeID=None
[진입유실 방지 자동보정] LONG OKB/USDT:USDT exit=2026-06-26 12:38:51 미매칭수량=19.00000000 orderID=3689065905153843200 tradeID=None
[진입유실 방지 자동보정] LONG OKB/USDT:USDT exit=2026-06-26 15:55:46 미매칭수량=10.00000000 orderID=3689462344057036800 tradeID=None
[진입유실 방지 자동보정] LONG OKB/USDT:USDT exit=2026-07-22 11:42:03 미매칭수량=21.00000000 orderID=3764328224573825024 tradeID=None
[진입유실 방지 자동보정] LONG HYPE/USDT:USDT exit=2026-07-02 09:33:02 미매칭수량=1.00000000 orderID=3706086441083936768 tradeID=None
[진입유실 방지 자동보정] SHORT HYPE/USDT:USDT exit=2026-07-02 18:46:50 미매칭수량=1.00000000 orderID=3707201387012235264 tradeID=None
[진입유실 방지 자동보정] SHORT HYPE/USDT:USDT exit=2026-07-09 00:25:17 미매칭수량=24.00000000 orderID=3725277377667997696 tradeID=None
[진입유실 방지 자동보정] LONG HYPE/USDT:USDT exit=2026-07-09 06:18:38 미매칭수량=24.00000000 orderID=3725988764811730944 tradeID=None
[진입유실 방지 자동보정] LONG HYPE/USDT:USDT exit=2026-07-09 08:16:14 미매칭수량=23.00000000 orderID=3726225544848809984 tradeID=None
[진입유실 방지 자동보정] LONG HYPE/USDT:USDT exit=2026-07-13 19:30:19 미매칭수량=2.00000000 orderID=3739179042162810880 tradeID=None
[진입유실 방지 자동보정] LONG HYPE/USDT:USDT exit=2026-07-26 15:19:38 미매칭수량=2.00000000 orderID=3776362689651220480 tradeID=None
[진입유실 방지 자동보정] SHORT BTC/USDT:USDT exit=2026-07-07 21:35:36 미매칭수량=0.03000000 orderID=3722036669318373376 tradeID=None
[진입유실 방지 자동보정] SHORT BTC/USDT:USDT exit=2026-07-08 00:16:47 미매칭수량=0.04000000 orderID=3722361174263799808 tradeID=None
[진입유실 방지 자동보정] LONG BTC/USDT:USDT exit=2026-07-08 18:05:02 미매칭수량=0.03000000 orderID=3724511840214130688 tradeID=None
[진입유실 방지 자동보정] LONG BTC/USDT:USDT exit=2026-07-08 22:25:16 미매칭수량=0.03000000 orderID=3725035749082603520 tradeID=None
[진입유실 방지 자동보정] LONG BTC/USDT:USDT exit=2026-07-10 12:10:09 미매칭수량=0.25000000 orderID=3729595582481899520 tradeID=None
[진입유실 방지 자동보정] SHORT BTC/USDT:USDT exit=2026-07-10 20:40:19 미매칭수량=0.24000000 orderID=3730622678511591424 tradeID=None
[진입유실 방지 자동보정] SHORT BTC/USDT:USDT exit=2026-07-13 17:06:33 미매칭수량=0.02000000 orderID=3738889605591801856 tradeID=None
[진입유실 방지 자동보정] SHORT BTC/USDT:USDT exit=2026-07-23 01:38:30 미매칭수량=0.02000000 orderID=3766012229442543616 tradeID=None
[진입유실 방지 자동보정] SHORT XRP/USDT:USDT exit=2026-07-10 20:56:05 미매칭수량=1.43000000 orderID=3730654412548546560 tradeID=None
[진입유실 방지 자동보정] LONG XRP/USDT:USDT exit=2026-07-11 02:57:26 미매칭수량=0.14000000 orderID=3731381904544571392 tradeID=None
[진입유실 방지 자동보정] LONG XRP/USDT:USDT exit=2026-07-11 07:35:19 미매칭수량=0.14000000 orderID=3731941344905732096 tradeID=None
[진입유실 방지 자동보정] LONG XRP/USDT:USDT exit=2026-07-13 22:19:43 미매칭수량=0.15000000 orderID=3739520111387811840 tradeID=None
[진입유실 방지 자동보정] LONG KAITO/USDT:USDT exit=2026-05-23 07:44:17 미매칭수량=101.00000000 orderID=3589903302570221568 tradeID=None
[진입유실 방지 자동보정] LONG KAITO/USDT:USDT exit=2026-05-23 09:16:43 미매칭수량=103.00000000 orderID=3590089470679130112 tradeID=None
[진입유실 방지 자동보정] SHORT KAITO/USDT:USDT exit=2026-07-27 23:37:02 미매칭수량=9.00000000 orderID=3780263207016538112 tradeID=None
[진입유실 방지 자동보정] LONG KAITO/USDT:USDT exit=2026-07-28 00:17:06 미매칭수량=9.00000000 orderID=3780343864489091072 tradeID=None
[진입유실 방지 자동보정] LONG ONDO/USDT:USDT exit=2026-05-31 12:11:56 미매칭수량=13.00000000 orderID=3613635053565976576 tradeID=None
[진입유실 방지 자동보정] SHORT ONDO/USDT:USDT exit=2026-06-04 19:57:55 미매칭수량=18.00000000 orderID=3626169605609955328 tradeID=None
[진입유실 방지 자동보정] SHORT ONDO/USDT:USDT exit=2026-07-24 12:48:41 미매칭수량=4.00000000 orderID=3770260599027736576 tradeID=None
[진입유실 방지 자동보정] SHORT ADA/USDT:USDT exit=2026-06-15 18:07:56 미매칭수량=0.80000000 orderID=3657838324836671488 tradeID=None
[진입유실 방지 자동보정] SHORT ADA/USDT:USDT exit=2026-06-15 19:54:41 미매칭수량=0.80000000 orderID=3658053208425832448 tradeID=None
[진입유실 방지 자동보정] SHORT ADA/USDT:USDT exit=2026-06-15 20:18:33 미매칭수량=0.70000000 orderID=3658101280451272704 tradeID=None
[진입유실 방지 자동보정] SHORT ADA/USDT:USDT exit=2026-06-15 20:19:56 미매칭수량=0.70000000 orderID=3658104046410211328 tradeID=None
[진입유실 방지 자동보정] SHORT ADA/USDT:USDT exit=2026-06-15 20:20:18 미매칭수량=0.70000000 orderID=3658104812894101504 tradeID=None
[진입유실 방지 자동보정] SHORT ADA/USDT:USDT exit=2026-06-15 20:26:32 미매칭수량=0.70000000 orderID=3658117332119789568 tradeID=None
[진입유실 방지 자동보정] SHORT ADA/USDT:USDT exit=2026-06-15 20:44:55 미매칭수량=0.70000000 orderID=3658154361918529536 tradeID=None
[진입유실 방지 자동보정] SHORT ADA/USDT:USDT exit=2026-06-15 21:10:33 미매칭수량=0.70000000 orderID=3658205958837051392 tradeID=None
[진입유실 방지 자동보정] SHORT OKB/USDT:USDT exit=2026-06-21 03:12:28 미매칭수량=22.00000000 orderID=3673430118722904064 tradeID=None
[진입유실 방지 자동보정] SHORT OKB/USDT:USDT exit=2026-06-25 17:43:10 미매칭수량=16.00000000 orderID=3686779476461690880 tradeID=None
[진입유실 방지 자동보정] SHORT OKB/USDT:USDT exit=2026-06-25 20:10:48 미매칭수량=16.00000000 orderID=3687076707525926912 tradeID=None
[진입유실 방지 자동보정] LONG OKB/USDT:USDT exit=2026-06-26 12:38:51 미매칭수량=19.00000000 orderID=3689065905153843200 tradeID=None
[진입유실 방지 자동보정] LONG OKB/USDT:USDT exit=2026-06-26 15:55:46 미매칭수량=10.00000000 orderID=3689462344057036800 tradeID=None
[진입유실 방지 자동보정] LONG OKB/USDT:USDT exit=2026-07-22 11:42:03 미매칭수량=21.00000000 orderID=3764328224573825024 tradeID=None
[진입유실 방지 자동보정] LONG HYPE/USDT:USDT exit=2026-07-02 09:33:02 미매칭수량=1.00000000 orderID=3706086441083936768 tradeID=None
[진입유실 방지 자동보정] SHORT HYPE/USDT:USDT exit=2026-07-02 18:46:50 미매칭수량=1.00000000 orderID=3707201387012235264 tradeID=None
[진입유실 방지 자동보정] SHORT HYPE/USDT:USDT exit=2026-07-09 00:25:17 미매칭수량=24.00000000 orderID=3725277377667997696 tradeID=None
[진입유실 방지 자동보정] LONG HYPE/USDT:USDT exit=2026-07-09 06:18:38 미매칭수량=24.00000000 orderID=3725988764811730944 tradeID=None
[진입유실 방지 자동보정] LONG HYPE/USDT:USDT exit=2026-07-09 08:16:14 미매칭수량=23.00000000 orderID=3726225544848809984 tradeID=None
[진입유실 방지 자동보정] LONG HYPE/USDT:USDT exit=2026-07-13 19:30:19 미매칭수량=2.00000000 orderID=3739179042162810880 tradeID=None
[진입유실 방지 자동보정] LONG HYPE/USDT:USDT exit=2026-07-26 15:19:38 미매칭수량=2.00000000 orderID=3776362689651220480 tradeID=None
[진입유실 방지 자동보정] SHORT BTC/USDT:USDT exit=2026-07-07 21:35:36 미매칭수량=0.03000000 orderID=3722036669318373376 tradeID=None
[진입유실 방지 자동보정] SHORT BTC/USDT:USDT exit=2026-07-08 00:16:47 미매칭수량=0.04000000 orderID=3722361174263799808 tradeID=None
[진입유실 방지 자동보정] LONG BTC/USDT:USDT exit=2026-07-08 18:05:02 미매칭수량=0.03000000 orderID=3724511840214130688 tradeID=None
[진입유실 방지 자동보정] LONG BTC/USDT:USDT exit=2026-07-08 22:25:16 미매칭수량=0.03000000 orderID=3725035749082603520 tradeID=None
[진입유실 방지 자동보정] LONG BTC/USDT:USDT exit=2026-07-10 12:10:09 미매칭수량=0.25000000 orderID=3729595582481899520 tradeID=None
[진입유실 방지 자동보정] SHORT BTC/USDT:USDT exit=2026-07-10 20:40:19 미매칭수량=0.24000000 orderID=3730622678511591424 tradeID=None
[진입유실 방지 자동보정] SHORT BTC/USDT:USDT exit=2026-07-13 17:06:33 미매칭수량=0.02000000 orderID=3738889605591801856 tradeID=None
[진입유실 방지 자동보정] SHORT BTC/USDT:USDT exit=2026-07-23 01:38:30 미매칭수량=0.02000000 orderID=3766012229442543616 tradeID=None
[진입유실 방지 자동보정] SHORT XRP/USDT:USDT exit=2026-07-10 20:56:05 미매칭수량=1.43000000 orderID=3730654412548546560 tradeID=None
[진입유실 방지 자동보정] LONG XRP/USDT:USDT exit=2026-07-11 02:57:26 미매칭수량=0.14000000 orderID=3731381904544571392 tradeID=None
[진입유실 방지 자동보정] LONG XRP/USDT:USDT exit=2026-07-11 07:35:19 미매칭수량=0.14000000 orderID=3731941344905732096 tradeID=None
[진입유실 방지 자동보정] LONG XRP/USDT:USDT exit=2026-07-13 22:19:43 미매칭수량=0.15000000 orderID=3739520111387811840 tradeID=None
[DISCORD 1MIN] 10:00:45 ok=True Group 1(5): status=204 | Group 2(3): status=204 collect=8.6s post=0.8s
[DISCORD 1MIN] 10:01:45 ok=True Group 1(5): status=204 | Group 2(3): status=204 collect=8.4s post=0.8s
[DISCORD 1MIN] 10:02:46 ok=True Group 1(5): status=204 | Group 2(3): status=204 collect=8.7s post=1.4s
[DISCORD 1MIN] 10:03:45 ok=True Group 1(5): status=204 | Group 2(3): status=204 collect=8.3s post=0.6s
[DISCORD 1MIN] 10:04:45 ok=True Group 1(5): status=204 | Group 2(3): status=204 collect=8.9s post=0.7s
[진입유실 방지 자동보정] LONG KAITO/USDT:USDT exit=2026-05-23 07:44:17 미매칭수량=101.00000000 orderID=3589903302570221568 tradeID=None
[진입유실 방지 자동보정] LONG KAITO/USDT:USDT exit=2026-05-23 09:16:43 미매칭수량=103.00000000 orderID=3590089470679130112 tradeID=None
[진입유실 방지 자동보정] SHORT KAITO/USDT:USDT exit=2026-07-27 23:37:02 미매칭수량=9.00000000 orderID=3780263207016538112 tradeID=None
[진입유실 방지 자동보정] LONG KAITO/USDT:USDT exit=2026-07-28 00:17:06 미매칭수량=9.00000000 orderID=3780343864489091072 tradeID=None
[진입유실 방지 자동보정] LONG ONDO/USDT:USDT exit=2026-05-31 12:11:56 미매칭수량=13.00000000 orderID=3613635053565976576 tradeID=None
[진입유실 방지 자동보정] SHORT ONDO/USDT:USDT exit=2026-06-04 19:57:55 미매칭수량=18.00000000 orderID=3626169605609955328 tradeID=None
[진입유실 방지 자동보정] SHORT ONDO/USDT:USDT exit=2026-07-24 12:48:41 미매칭수량=4.00000000 orderID=3770260599027736576 tradeID=None
[진입유실 방지 자동보정] SHORT ADA/USDT:USDT exit=2026-06-15 18:07:56 미매칭수량=0.80000000 orderID=3657838324836671488 tradeID=None
[진입유실 방지 자동보정] SHORT ADA/USDT:USDT exit=2026-06-15 19:54:41 미매칭수량=0.80000000 orderID=3658053208425832448 tradeID=None
[진입유실 방지 자동보정] SHORT ADA/USDT:USDT exit=2026-06-15 20:18:33 미매칭수량=0.70000000 orderID=3658101280451272704 tradeID=None
[진입유실 방지 자동보정] SHORT ADA/USDT:USDT exit=2026-06-15 20:19:56 미매칭수량=0.70000000 orderID=3658104046410211328 tradeID=None
[진입유실 방지 자동보정] SHORT ADA/USDT:USDT exit=2026-06-15 20:20:18 미매칭수량=0.70000000 orderID=3658104812894101504 tradeID=None
[진입유실 방지 자동보정] SHORT ADA/USDT:USDT exit=2026-06-15 20:26:32 미매칭수량=0.70000000 orderID=3658117332119789568 tradeID=None
[진입유실 방지 자동보정] SHORT ADA/USDT:USDT exit=2026-06-15 20:44:55 미매칭수량=0.70000000 orderID=3658154361918529536 tradeID=None
[진입유실 방지 자동보정] SHORT ADA/USDT:USDT exit=2026-06-15 21:10:33 미매칭수량=0.70000000 orderID=3658205958837051392 tradeID=None
[진입유실 방지 자동보정] SHORT OKB/USDT:USDT exit=2026-06-21 03:12:28 미매칭수량=22.00000000 orderID=3673430118722904064 tradeID=None
[진입유실 방지 자동보정] SHORT OKB/USDT:USDT exit=2026-06-25 17:43:10 미매칭수량=16.00000000 orderID=3686779476461690880 tradeID=None
[진입유실 방지 자동보정] SHORT OKB/USDT:USDT exit=2026-06-25 20:10:48 미매칭수량=16.00000000 orderID=3687076707525926912 tradeID=None
[진입유실 방지 자동보정] LONG OKB/USDT:USDT exit=2026-06-26 12:38:51 미매칭수량=19.00000000 orderID=3689065905153843200 tradeID=None
[진입유실 방지 자동보정] LONG OKB/USDT:USDT exit=2026-06-26 15:55:46 미매칭수량=10.00000000 orderID=3689462344057036800 tradeID=None
[진입유실 방지 자동보정] LONG OKB/USDT:USDT exit=2026-07-22 11:42:03 미매칭수량=21.00000000 orderID=3764328224573825024 tradeID=None
[진입유실 방지 자동보정] LONG HYPE/USDT:USDT exit=2026-07-02 09:33:02 미매칭수량=1.00000000 orderID=3706086441083936768 tradeID=None
[진입유실 방지 자동보정] SHORT HYPE/USDT:USDT exit=2026-07-02 18:46:50 미매칭수량=1.00000000 orderID=3707201387012235264 tradeID=None
[진입유실 방지 자동보정] SHORT HYPE/USDT:USDT exit=2026-07-09 00:25:17 미매칭수량=24.00000000 orderID=3725277377667997696 tradeID=None
[진입유실 방지 자동보정] LONG HYPE/USDT:USDT exit=2026-07-09 06:18:38 미매칭수량=24.00000000 orderID=3725988764811730944 tradeID=None
[진입유실 방지 자동보정] LONG HYPE/USDT:USDT exit=2026-07-09 08:16:14 미매칭수량=23.00000000 orderID=3726225544848809984 tradeID=None
[진입유실 방지 자동보정] LONG HYPE/USDT:USDT exit=2026-07-13 19:30:19 미매칭수량=2.00000000 orderID=3739179042162810880 tradeID=None
[진입유실 방지 자동보정] LONG HYPE/USDT:USDT exit=2026-07-26 15:19:38 미매칭수량=2.00000000 orderID=3776362689651220480 tradeID=None
[진입유실 방지 자동보정] SHORT BTC/USDT:USDT exit=2026-07-07 21:35:36 미매칭수량=0.03000000 orderID=3722036669318373376 tradeID=None
[진입유실 방지 자동보정] SHORT BTC/USDT:USDT exit=2026-07-08 00:16:47 미매칭수량=0.04000000 orderID=3722361174263799808 tradeID=None
[진입유실 방지 자동보정] LONG BTC/USDT:USDT exit=2026-07-08 18:05:02 미매칭수량=0.03000000 orderID=3724511840214130688 tradeID=None
[진입유실 방지 자동보정] LONG BTC/USDT:USDT exit=2026-07-08 22:25:16 미매칭수량=0.03000000 orderID=3725035749082603520 tradeID=None
[진입유실 방지 자동보정] LONG BTC/USDT:USDT exit=2026-07-10 12:10:09 미매칭수량=0.25000000 orderID=3729595582481899520 tradeID=None
[진입유실 방지 자동보정] SHORT BTC/USDT:USDT exit=2026-07-10 20:40:19 미매칭수량=0.24000000 orderID=3730622678511591424 tradeID=None
[진입유실 방지 자동보정] SHORT BTC/USDT:USDT exit=2026-07-13 17:06:33 미매칭수량=0.02000000 orderID=3738889605591801856 tradeID=None
[진입유실 방지 자동보정] SHORT BTC/USDT:USDT exit=2026-07-23 01:38:30 미매칭수량=0.02000000 orderID=3766012229442543616 tradeID=None
[진입유실 방지 자동보정] SHORT XRP/USDT:USDT exit=2026-07-10 20:56:05 미매칭수량=1.43000000 orderID=3730654412548546560 tradeID=None
[진입유실 방지 자동보정] LONG XRP/USDT:USDT exit=2026-07-11 02:57:26 미매칭수량=0.14000000 orderID=3731381904544571392 tradeID=None
[진입유실 방지 자동보정] LONG XRP/USDT:USDT exit=2026-07-11 07:35:19 미매칭수량=0.14000000 orderID=3731941344905732096 tradeID=None
[진입유실 방지 자동보정] LONG XRP/USDT:USDT exit=2026-07-13 22:19:43 미매칭수량=0.15000000 orderID=3739520111387811840 tradeID=None
[진입유실 방지 자동보정] LONG KAITO/USDT:USDT exit=2026-05-23 07:44:17 미매칭수량=101.00000000 orderID=3589903302570221568 tradeID=None
[진입유실 방지 자동보정] LONG KAITO/USDT:USDT exit=2026-05-23 09:16:43 미매칭수량=103.00000000 orderID=3590089470679130112 tradeID=None
[진입유실 방지 자동보정] SHORT KAITO/USDT:USDT exit=2026-07-27 23:37:02 미매칭수량=9.00000000 orderID=3780263207016538112 tradeID=None
[진입유실 방지 자동보정] LONG KAITO/USDT:USDT exit=2026-07-28 00:17:06 미매칭수량=9.00000000 orderID=3780343864489091072 tradeID=None
[진입유실 방지 자동보정] LONG ONDO/USDT:USDT exit=2026-05-31 12:11:56 미매칭수량=13.00000000 orderID=3613635053565976576 tradeID=None
[진입유실 방지 자동보정] SHORT ONDO/USDT:USDT exit=2026-06-04 19:57:55 미매칭수량=18.00000000 orderID=3626169605609955328 tradeID=None
[진입유실 방지 자동보정] SHORT ONDO/USDT:USDT exit=2026-07-24 12:48:41 미매칭수량=4.00000000 orderID=3770260599027736576 tradeID=None
[진입유실 방지 자동보정] SHORT ADA/USDT:USDT exit=2026-06-15 18:07:56 미매칭수량=0.80000000 orderID=3657838324836671488 tradeID=None
[진입유실 방지 자동보정] SHORT ADA/USDT:USDT exit=2026-06-15 19:54:41 미매칭수량=0.80000000 orderID=3658053208425832448 tradeID=None
[진입유실 방지 자동보정] SHORT ADA/USDT:USDT exit=2026-06-15 20:18:33 미매칭수량=0.70000000 orderID=3658101280451272704 tradeID=None
[진입유실 방지 자동보정] SHORT ADA/USDT:USDT exit=2026-06-15 20:19:56 미매칭수량=0.70000000 orderID=3658104046410211328 tradeID=None
[진입유실 방지 자동보정] SHORT ADA/USDT:USDT exit=2026-06-15 20:20:18 미매칭수량=0.70000000 orderID=3658104812894101504 tradeID=None
[진입유실 방지 자동보정] SHORT ADA/USDT:USDT exit=2026-06-15 20:26:32 미매칭수량=0.70000000 orderID=3658117332119789568 tradeID=None
[진입유실 방지 자동보정] SHORT ADA/USDT:USDT exit=2026-06-15 20:44:55 미매칭수량=0.70000000 orderID=3658154361918529536 tradeID=None
[진입유실 방지 자동보정] SHORT ADA/USDT:USDT exit=2026-06-15 21:10:33 미매칭수량=0.70000000 orderID=3658205958837051392 tradeID=None
[진입유실 방지 자동보정] SHORT OKB/USDT:USDT exit=2026-06-21 03:12:28 미매칭수량=22.00000000 orderID=3673430118722904064 tradeID=None
[진입유실 방지 자동보정] SHORT OKB/USDT:USDT exit=2026-06-25 17:43:10 미매칭수량=16.00000000 orderID=3686779476461690880 tradeID=None
[진입유실 방지 자동보정] SHORT OKB/USDT:USDT exit=2026-06-25 20:10:48 미매칭수량=16.00000000 orderID=3687076707525926912 tradeID=None
[진입유실 방지 자동보정] LONG OKB/USDT:USDT exit=2026-06-26 12:38:51 미매칭수량=19.00000000 orderID=3689065905153843200 tradeID=None
[진입유실 방지 자동보정] LONG OKB/USDT:USDT exit=2026-06-26 15:55:46 미매칭수량=10.00000000 orderID=3689462344057036800 tradeID=None
[진입유실 방지 자동보정] LONG OKB/USDT:USDT exit=2026-07-22 11:42:03 미매칭수량=21.00000000 orderID=3764328224573825024 tradeID=None
[진입유실 방지 자동보정] LONG HYPE/USDT:USDT exit=2026-07-02 09:33:02 미매칭수량=1.00000000 orderID=3706086441083936768 tradeID=None
[진입유실 방지 자동보정] SHORT HYPE/USDT:USDT exit=2026-07-02 18:46:50 미매칭수량=1.00000000 orderID=3707201387012235264 tradeID=None
[진입유실 방지 자동보정] SHORT HYPE/USDT:USDT exit=2026-07-09 00:25:17 미매칭수량=24.00000000 orderID=3725277377667997696 tradeID=None
[진입유실 방지 자동보정] LONG HYPE/USDT:USDT exit=2026-07-09 06:18:38 미매칭수량=24.00000000 orderID=3725988764811730944 tradeID=None
[진입유실 방지 자동보정] LONG HYPE/USDT:USDT exit=2026-07-09 08:16:14 미매칭수량=23.00000000 orderID=3726225544848809984 tradeID=None
[진입유실 방지 자동보정] LONG HYPE/USDT:USDT exit=2026-07-13 19:30:19 미매칭수량=2.00000000 orderID=3739179042162810880 tradeID=None
[진입유실 방지 자동보정] LONG HYPE/USDT:USDT exit=2026-07-26 15:19:38 미매칭수량=2.00000000 orderID=3776362689651220480 tradeID=None
[진입유실 방지 자동보정] SHORT BTC/USDT:USDT exit=2026-07-07 21:35:36 미매칭수량=0.03000000 orderID=3722036669318373376 tradeID=None
[진입유실 방지 자동보정] SHORT BTC/USDT:USDT exit=2026-07-08 00:16:47 미매칭수량=0.04000000 orderID=3722361174263799808 tradeID=None
[진입유실 방지 자동보정] LONG BTC/USDT:USDT exit=2026-07-08 18:05:02 미매칭수량=0.03000000 orderID=3724511840214130688 tradeID=None
[진입유실 방지 자동보정] LONG BTC/USDT:USDT exit=2026-07-08 22:25:16 미매칭수량=0.03000000 orderID=3725035749082603520 tradeID=None
[진입유실 방지 자동보정] LONG BTC/USDT:USDT exit=2026-07-10 12:10:09 미매칭수량=0.25000000 orderID=3729595582481899520 tradeID=None
[진입유실 방지 자동보정] SHORT BTC/USDT:USDT exit=2026-07-10 20:40:19 미매칭수량=0.24000000 orderID=3730622678511591424 tradeID=None
[진입유실 방지 자동보정] SHORT BTC/USDT:USDT exit=2026-07-13 17:06:33 미매칭수량=0.02000000 orderID=3738889605591801856 tradeID=None
[진입유실 방지 자동보정] SHORT BTC/USDT:USDT exit=2026-07-23 01:38:30 미매칭수량=0.02000000 orderID=3766012229442543616 tradeID=None
[진입유실 방지 자동보정] SHORT XRP/USDT:USDT exit=2026-07-10 20:56:05 미매칭수량=1.43000000 orderID=3730654412548546560 tradeID=None
[진입유실 방지 자동보정] LONG XRP/USDT:USDT exit=2026-07-11 02:57:26 미매칭수량=0.14000000 orderID=3731381904544571392 tradeID=None
[진입유실 방지 자동보정] LONG XRP/USDT:USDT exit=2026-07-11 07:35:19 미매칭수량=0.14000000 orderID=3731941344905732096 tradeID=None
[진입유실 방지 자동보정] LONG XRP/USDT:USDT exit=2026-07-13 22:19:43 미매칭수량=0.15000000 orderID=3739520111387811840 tradeID=None
[진입유실 방지 자동보정] LONG KAITO/USDT:USDT exit=2026-05-23 07:44:17 미매칭수량=101.00000000 orderID=3589903302570221568 tradeID=None
[진입유실 방지 자동보정] LONG KAITO/USDT:USDT exit=2026-05-23 09:16:43 미매칭수량=103.00000000 orderID=3590089470679130112 tradeID=None
[진입유실 방지 자동보정] SHORT KAITO/USDT:USDT exit=2026-07-27 23:37:02 미매칭수량=9.00000000 orderID=3780263207016538112 tradeID=None
[진입유실 방지 자동보정] LONG KAITO/USDT:USDT exit=2026-07-28 00:17:06 미매칭수량=9.00000000 orderID=3780343864489091072 tradeID=None
[진입유실 방지 자동보정] LONG ONDO/USDT:USDT exit=2026-05-31 12:11:56 미매칭수량=13.00000000 orderID=3613635053565976576 tradeID=None
[진입유실 방지 자동보정] SHORT ONDO/USDT:USDT exit=2026-06-04 19:57:55 미매칭수량=18.00000000 orderID=3626169605609955328 tradeID=None
[진입유실 방지 자동보정] SHORT ONDO/USDT:USDT exit=2026-07-24 12:48:41 미매칭수량=4.00000000 orderID=3770260599027736576 tradeID=None
[진입유실 방지 자동보정] SHORT ADA/USDT:USDT exit=2026-06-15 18:07:56 미매칭수량=0.80000000 orderID=3657838324836671488 tradeID=None
[진입유실 방지 자동보정] SHORT ADA/USDT:USDT exit=2026-06-15 19:54:41 미매칭수량=0.80000000 orderID=3658053208425832448 tradeID=None
[진입유실 방지 자동보정] SHORT ADA/USDT:USDT exit=2026-06-15 20:18:33 미매칭수량=0.70000000 orderID=3658101280451272704 tradeID=None
[진입유실 방지 자동보정] SHORT ADA/USDT:USDT exit=2026-06-15 20:19:56 미매칭수량=0.70000000 orderID=3658104046410211328 tradeID=None
[진입유실 방지 자동보정] SHORT ADA/USDT:USDT exit=2026-06-15 20:20:18 미매칭수량=0.70000000 orderID=3658104812894101504 tradeID=None
[진입유실 방지 자동보정] SHORT ADA/USDT:USDT exit=2026-06-15 20:26:32 미매칭수량=0.70000000 orderID=3658117332119789568 tradeID=None
[진입유실 방지 자동보정] SHORT ADA/USDT:USDT exit=2026-06-15 20:44:55 미매칭수량=0.70000000 orderID=3658154361918529536 tradeID=None
[진입유실 방지 자동보정] SHORT ADA/USDT:USDT exit=2026-06-15 21:10:33 미매칭수량=0.70000000 orderID=3658205958837051392 tradeID=None
[진입유실 방지 자동보정] SHORT OKB/USDT:USDT exit=2026-06-21 03:12:28 미매칭수량=22.00000000 orderID=3673430118722904064 tradeID=None
[진입유실 방지 자동보정] SHORT OKB/USDT:USDT exit=2026-06-25 17:43:10 미매칭수량=16.00000000 orderID=3686779476461690880 tradeID=None
[진입유실 방지 자동보정] SHORT OKB/USDT:USDT exit=2026-06-25 20:10:48 미매칭수량=16.00000000 orderID=3687076707525926912 tradeID=None
[진입유실 방지 자동보정] LONG OKB/USDT:USDT exit=2026-06-26 12:38:51 미매칭수량=19.00000000 orderID=3689065905153843200 tradeID=None
[진입유실 방지 자동보정] LONG OKB/USDT:USDT exit=2026-06-26 15:55:46 미매칭수량=10.00000000 orderID=3689462344057036800 tradeID=None
[진입유실 방지 자동보정] LONG OKB/USDT:USDT exit=2026-07-22 11:42:03 미매칭수량=21.00000000 orderID=3764328224573825024 tradeID=None
[진입유실 방지 자동보정] LONG HYPE/USDT:USDT exit=2026-07-02 09:33:02 미매칭수량=1.00000000 orderID=3706086441083936768 tradeID=None
[진입유실 방지 자동보정] SHORT HYPE/USDT:USDT exit=2026-07-02 18:46:50 미매칭수량=1.00000000 orderID=3707201387012235264 tradeID=None
[진입유실 방지 자동보정] SHORT HYPE/USDT:USDT exit=2026-07-09 00:25:17 미매칭수량=24.00000000 orderID=3725277377667997696 tradeID=None
[진입유실 방지 자동보정] LONG HYPE/USDT:USDT exit=2026-07-09 06:18:38 미매칭수량=24.00000000 orderID=3725988764811730944 tradeID=None
[진입유실 방지 자동보정] LONG HYPE/USDT:USDT exit=2026-07-09 08:16:14 미매칭수량=23.00000000 orderID=3726225544848809984 tradeID=None
[진입유실 방지 자동보정] LONG HYPE/USDT:USDT exit=2026-07-13 19:30:19 미매칭수량=2.00000000 orderID=3739179042162810880 tradeID=None
[진입유실 방지 자동보정] LONG HYPE/USDT:USDT exit=2026-07-26 15:19:38 미매칭수량=2.00000000 orderID=3776362689651220480 tradeID=None
[진입유실 방지 자동보정] SHORT BTC/USDT:USDT exit=2026-07-07 21:35:36 미매칭수량=0.03000000 orderID=3722036669318373376 tradeID=None
[진입유실 방지 자동보정] SHORT BTC/USDT:USDT exit=2026-07-08 00:16:47 미매칭수량=0.04000000 orderID=3722361174263799808 tradeID=None
[진입유실 방지 자동보정] LONG BTC/USDT:USDT exit=2026-07-08 18:05:02 미매칭수량=0.03000000 orderID=3724511840214130688 tradeID=None
[진입유실 방지 자동보정] LONG BTC/USDT:USDT exit=2026-07-08 22:25:16 미매칭수량=0.03000000 orderID=3725035749082603520 tradeID=None
[진입유실 방지 자동보정] LONG BTC/USDT:USDT exit=2026-07-10 12:10:09 미매칭수량=0.25000000 orderID=3729595582481899520 tradeID=None
[진입유실 방지 자동보정] SHORT BTC/USDT:USDT exit=2026-07-10 20:40:19 미매칭수량=0.24000000 orderID=3730622678511591424 tradeID=None
[진입유실 방지 자동보정] SHORT BTC/USDT:USDT exit=2026-07-13 17:06:33 미매칭수량=0.02000000 orderID=3738889605591801856 tradeID=None
[진입유실 방지 자동보정] SHORT BTC/USDT:USDT exit=2026-07-23 01:38:30 미매칭수량=0.02000000 orderID=3766012229442543616 tradeID=None
[진입유실 방지 자동보정] SHORT XRP/USDT:USDT exit=2026-07-10 20:56:05 미매칭수량=1.43000000 orderID=3730654412548546560 tradeID=None
[진입유실 방지 자동보정] LONG XRP/USDT:USDT exit=2026-07-11 02:57:26 미매칭수량=0.14000000 orderID=3731381904544571392 tradeID=None
[진입유실 방지 자동보정] LONG XRP/USDT:USDT exit=2026-07-11 07:35:19 미매칭수량=0.14000000 orderID=3731941344905732096 tradeID=None
[진입유실 방지 자동보정] LONG XRP/USDT:USDT exit=2026-07-13 22:19:43 미매칭수량=0.15000000 orderID=3739520111387811840 tradeID=None
[CATFIX] pnl=0 청산 → 진입 재분류: KAITO/USDT:USDT buy 수량=9.00000000 tradeID=243056081
[진입유실 방지 자동보정] LONG KAITO/USDT:USDT exit=2026-05-23 07:44:17 미매칭수량=101.00000000 orderID=3589903302570221568 tradeID=None
[진입유실 방지 자동보정] LONG KAITO/USDT:USDT exit=2026-05-23 09:16:43 미매칭수량=103.00000000 orderID=3590089470679130112 tradeID=None
[진입유실 방지 자동보정] LONG ONDO/USDT:USDT exit=2026-05-31 12:11:56 미매칭수량=13.00000000 orderID=3613635053565976576 tradeID=None
[진입유실 방지 자동보정] SHORT ONDO/USDT:USDT exit=2026-06-04 19:57:55 미매칭수량=18.00000000 orderID=3626169605609955328 tradeID=None
[진입유실 방지 자동보정] SHORT ONDO/USDT:USDT exit=2026-07-24 12:48:41 미매칭수량=4.00000000 orderID=3770260599027736576 tradeID=None
[진입유실 방지 자동보정] SHORT ADA/USDT:USDT exit=2026-06-15 18:07:56 미매칭수량=0.80000000 orderID=3657838324836671488 tradeID=None
[진입유실 방지 자동보정] SHORT ADA/USDT:USDT exit=2026-06-15 19:54:41 미매칭수량=0.80000000 orderID=3658053208425832448 tradeID=None
[진입유실 방지 자동보정] SHORT ADA/USDT:USDT exit=2026-06-15 20:18:33 미매칭수량=0.70000000 orderID=3658101280451272704 tradeID=None
[진입유실 방지 자동보정] SHORT ADA/USDT:USDT exit=2026-06-15 20:19:56 미매칭수량=0.70000000 orderID=3658104046410211328 tradeID=None
[진입유실 방지 자동보정] SHORT ADA/USDT:USDT exit=2026-06-15 20:20:18 미매칭수량=0.70000000 orderID=3658104812894101504 tradeID=None
[진입유실 방지 자동보정] SHORT ADA/USDT:USDT exit=2026-06-15 20:26:32 미매칭수량=0.70000000 orderID=3658117332119789568 tradeID=None
[진입유실 방지 자동보정] SHORT ADA/USDT:USDT exit=2026-06-15 20:44:55 미매칭수량=0.70000000 orderID=3658154361918529536 tradeID=None
[진입유실 방지 자동보정] SHORT ADA/USDT:USDT exit=2026-06-15 21:10:33 미매칭수량=0.70000000 orderID=3658205958837051392 tradeID=None
[진입유실 방지 자동보정] SHORT OKB/USDT:USDT exit=2026-06-21 03:12:28 미매칭수량=22.00000000 orderID=3673430118722904064 tradeID=None
[진입유실 방지 자동보정] SHORT OKB/USDT:USDT exit=2026-06-25 17:43:10 미매칭수량=16.00000000 orderID=3686779476461690880 tradeID=None
[진입유실 방지 자동보정] SHORT OKB/USDT:USDT exit=2026-06-25 20:10:48 미매칭수량=16.00000000 orderID=3687076707525926912 tradeID=None
[진입유실 방지 자동보정] LONG OKB/USDT:USDT exit=2026-06-26 12:38:51 미매칭수량=19.00000000 orderID=3689065905153843200 tradeID=None
[진입유실 방지 자동보정] LONG OKB/USDT:USDT exit=2026-06-26 15:55:46 미매칭수량=10.00000000 orderID=3689462344057036800 tradeID=None
[진입유실 방지 자동보정] LONG OKB/USDT:USDT exit=2026-07-22 11:42:03 미매칭수량=21.00000000 orderID=3764328224573825024 tradeID=None
[진입유실 방지 자동보정] LONG HYPE/USDT:USDT exit=2026-07-02 09:33:02 미매칭수량=1.00000000 orderID=3706086441083936768 tradeID=None
[진입유실 방지 자동보정] SHORT HYPE/USDT:USDT exit=2026-07-02 18:46:50 미매칭수량=1.00000000 orderID=3707201387012235264 tradeID=None
[진입유실 방지 자동보정] SHORT HYPE/USDT:USDT exit=2026-07-09 00:25:17 미매칭수량=24.00000000 orderID=3725277377667997696 tradeID=None
[진입유실 방지 자동보정] LONG HYPE/USDT:USDT exit=2026-07-09 06:18:38 미매칭수량=24.00000000 orderID=3725988764811730944 tradeID=None
[진입유실 방지 자동보정] LONG HYPE/USDT:USDT exit=2026-07-09 08:16:14 미매칭수량=23.00000000 orderID=3726225544848809984 tradeID=None
[진입유실 방지 자동보정] LONG HYPE/USDT:USDT exit=2026-07-13 19:30:19 미매칭수량=2.00000000 orderID=3739179042162810880 tradeID=None
[진입유실 방지 자동보정] LONG HYPE/USDT:USDT exit=2026-07-26 15:19:38 미매칭수량=2.00000000 orderID=3776362689651220480 tradeID=None
[진입유실 방지 자동보정] SHORT BTC/USDT:USDT exit=2026-07-07 21:35:36 미매칭수량=0.03000000 orderID=3722036669318373376 tradeID=None
[진입유실 방지 자동보정] SHORT BTC/USDT:USDT exit=2026-07-08 00:16:47 미매칭수량=0.04000000 orderID=3722361174263799808 tradeID=None
[진입유실 방지 자동보정] LONG BTC/USDT:USDT exit=2026-07-08 18:05:02 미매칭수량=0.03000000 orderID=3724511840214130688 tradeID=None
[진입유실 방지 자동보정] LONG BTC/USDT:USDT exit=2026-07-08 22:25:16 미매칭수량=0.03000000 orderID=3725035749082603520 tradeID=None
[진입유실 방지 자동보정] LONG BTC/USDT:USDT exit=2026-07-10 12:10:09 미매칭수량=0.25000000 orderID=3729595582481899520 tradeID=None
[진입유실 방지 자동보정] SHORT BTC/USDT:USDT exit=2026-07-10 20:40:19 미매칭수량=0.24000000 orderID=3730622678511591424 tradeID=None
[진입유실 방지 자동보정] SHORT BTC/USDT:USDT exit=2026-07-13 17:06:33 미매칭수량=0.02000000 orderID=3738889605591801856 tradeID=None
[진입유실 방지 자동보정] SHORT BTC/USDT:USDT exit=2026-07-23 01:38:30 미매칭수량=0.02000000 orderID=3766012229442543616 tradeID=None
[진입유실 방지 자동보정] SHORT XRP/USDT:USDT exit=2026-07-10 20:56:05 미매칭수량=1.43000000 orderID=3730654412548546560 tradeID=None
[진입유실 방지 자동보정] LONG XRP/USDT:USDT exit=2026-07-11 02:57:26 미매칭수량=0.14000000 orderID=3731381904544571392 tradeID=None
[진입유실 방지 자동보정] LONG XRP/USDT:USDT exit=2026-07-11 07:35:19 미매칭수량=0.14000000 orderID=3731941344905732096 tradeID=None
[진입유실 방지 자동보정] LONG XRP/USDT:USDT exit=2026-07-13 22:19:43 미매칭수량=0.15000000 orderID=3739520111387811840 tradeID=None
[진입유실 방지 자동보정] LONG KAITO/USDT:USDT exit=2026-05-23 07:44:17 미매칭수량=101.00000000 orderID=3589903302570221568 tradeID=None
[진입유실 방지 자동보정] LONG KAITO/USDT:USDT exit=2026-05-23 09:16:43 미매칭수량=103.00000000 orderID=3590089470679130112 tradeID=None
[진입유실 방지 자동보정] SHORT KAITO/USDT:USDT exit=2026-07-27 23:37:02 미매칭수량=9.00000000 orderID=3780263207016538112 tradeID=None
[진입유실 방지 자동보정] LONG KAITO/USDT:USDT exit=2026-07-28 00:17:06 미매칭수량=9.00000000 orderID=3780343864489091072 tradeID=None
[진입유실 방지 자동보정] LONG ONDO/USDT:USDT exit=2026-05-31 12:11:56 미매칭수량=13.00000000 orderID=3613635053565976576 tradeID=None
[진입유실 방지 자동보정] SHORT ONDO/USDT:USDT exit=2026-06-04 19:57:55 미매칭수량=18.00000000 orderID=3626169605609955328 tradeID=None
[진입유실 방지 자동보정] SHORT ONDO/USDT:USDT exit=2026-07-24 12:48:41 미매칭수량=4.00000000 orderID=3770260599027736576 tradeID=None
[진입유실 방지 자동보정] SHORT ADA/USDT:USDT exit=2026-06-15 18:07:56 미매칭수량=0.80000000 orderID=3657838324836671488 tradeID=None
[진입유실 방지 자동보정] SHORT ADA/USDT:USDT exit=2026-06-15 19:54:41 미매칭수량=0.80000000 orderID=3658053208425832448 tradeID=None
[진입유실 방지 자동보정] SHORT ADA/USDT:USDT exit=2026-06-15 20:18:33 미매칭수량=0.70000000 orderID=3658101280451272704 tradeID=None
[진입유실 방지 자동보정] SHORT ADA/USDT:USDT exit=2026-06-15 20:19:56 미매칭수량=0.70000000 orderID=3658104046410211328 tradeID=None
[진입유실 방지 자동보정] SHORT ADA/USDT:USDT exit=2026-06-15 20:20:18 미매칭수량=0.70000000 orderID=3658104812894101504 tradeID=None
[진입유실 방지 자동보정] SHORT ADA/USDT:USDT exit=2026-06-15 20:26:32 미매칭수량=0.70000000 orderID=3658117332119789568 tradeID=None
[진입유실 방지 자동보정] SHORT ADA/USDT:USDT exit=2026-06-15 20:44:55 미매칭수량=0.70000000 orderID=3658154361918529536 tradeID=None
[진입유실 방지 자동보정] SHORT ADA/USDT:USDT exit=2026-06-15 21:10:33 미매칭수량=0.70000000 orderID=3658205958837051392 tradeID=None
[진입유실 방지 자동보정] SHORT OKB/USDT:USDT exit=2026-06-21 03:12:28 미매칭수량=22.00000000 orderID=3673430118722904064 tradeID=None
[진입유실 방지 자동보정] SHORT OKB/USDT:USDT exit=2026-06-25 17:43:10 미매칭수량=16.00000000 orderID=3686779476461690880 tradeID=None
[진입유실 방지 자동보정] SHORT OKB/USDT:USDT exit=2026-06-25 20:10:48 미매칭수량=16.00000000 orderID=3687076707525926912 tradeID=None
[진입유실 방지 자동보정] LONG OKB/USDT:USDT exit=2026-06-26 12:38:51 미매칭수량=19.00000000 orderID=3689065905153843200 tradeID=None
[진입유실 방지 자동보정] LONG OKB/USDT:USDT exit=2026-06-26 15:55:46 미매칭수량=10.00000000 orderID=3689462344057036800 tradeID=None
[진입유실 방지 자동보정] LONG OKB/USDT:USDT exit=2026-07-22 11:42:03 미매칭수량=21.00000000 orderID=3764328224573825024 tradeID=None
[진입유실 방지 자동보정] LONG HYPE/USDT:USDT exit=2026-07-02 09:33:02 미매칭수량=1.00000000 orderID=3706086441083936768 tradeID=None
[진입유실 방지 자동보정] SHORT HYPE/USDT:USDT exit=2026-07-02 18:46:50 미매칭수량=1.00000000 orderID=3707201387012235264 tradeID=None
[진입유실 방지 자동보정] SHORT HYPE/USDT:USDT exit=2026-07-09 00:25:17 미매칭수량=24.00000000 orderID=3725277377667997696 tradeID=None
[진입유실 방지 자동보정] LONG HYPE/USDT:USDT exit=2026-07-09 06:18:38 미매칭수량=24.00000000 orderID=3725988764811730944 tradeID=None
[진입유실 방지 자동보정] LONG HYPE/USDT:USDT exit=2026-07-09 08:16:14 미매칭수량=23.00000000 orderID=3726225544848809984 tradeID=None
[진입유실 방지 자동보정] LONG HYPE/USDT:USDT exit=2026-07-13 19:30:19 미매칭수량=2.00000000 orderID=3739179042162810880 tradeID=None
[진입유실 방지 자동보정] LONG HYPE/USDT:USDT exit=2026-07-26 15:19:38 미매칭수량=2.00000000 orderID=3776362689651220480 tradeID=None
[진입유실 방지 자동보정] SHORT BTC/USDT:USDT exit=2026-07-07 21:35:36 미매칭수량=0.03000000 orderID=3722036669318373376 tradeID=None
[진입유실 방지 자동보정] SHORT BTC/USDT:USDT exit=2026-07-08 00:16:47 미매칭수량=0.04000000 orderID=3722361174263799808 tradeID=None
[진입유실 방지 자동보정] LONG BTC/USDT:USDT exit=2026-07-08 18:05:02 미매칭수량=0.03000000 orderID=3724511840214130688 tradeID=None
[진입유실 방지 자동보정] LONG BTC/USDT:USDT exit=2026-07-08 22:25:16 미매칭수량=0.03000000 orderID=3725035749082603520 tradeID=None
[진입유실 방지 자동보정] LONG BTC/USDT:USDT exit=2026-07-10 12:10:09 미매칭수량=0.25000000 orderID=3729595582481899520 tradeID=None
[진입유실 방지 자동보정] SHORT BTC/USDT:USDT exit=2026-07-10 20:40:19 미매칭수량=0.24000000 orderID=3730622678511591424 tradeID=None
[진입유실 방지 자동보정] SHORT BTC/USDT:USDT exit=2026-07-13 17:06:33 미매칭수량=0.02000000 orderID=3738889605591801856 tradeID=None
[진입유실 방지 자동보정] SHORT BTC/USDT:USDT exit=2026-07-23 01:38:30 미매칭수량=0.02000000 orderID=3766012229442543616 tradeID=None
[진입유실 방지 자동보정] SHORT XRP/USDT:USDT exit=2026-07-10 20:56:05 미매칭수량=1.43000000 orderID=3730654412548546560 tradeID=None
[진입유실 방지 자동보정] LONG XRP/USDT:USDT exit=2026-07-11 02:57:26 미매칭수량=0.14000000 orderID=3731381904544571392 tradeID=None
[진입유실 방지 자동보정] LONG XRP/USDT:USDT exit=2026-07-11 07:35:19 미매칭수량=0.14000000 orderID=3731941344905732096 tradeID=None
[진입유실 방지 자동보정] LONG XRP/USDT:USDT exit=2026-07-13 22:19:43 미매칭수량=0.15000000 orderID=3739520111387811840 tradeID=None
[진입유실 방지 자동보정] LONG KAITO/USDT:USDT exit=2026-05-23 07:44:17 미매칭수량=101.00000000 orderID=3589903302570221568 tradeID=None
[진입유실 방지 자동보정] LONG KAITO/USDT:USDT exit=2026-05-23 09:16:43 미매칭수량=103.00000000 orderID=3590089470679130112 tradeID=None
[진입유실 방지 자동보정] SHORT KAITO/USDT:USDT exit=2026-07-27 23:37:02 미매칭수량=9.00000000 orderID=3780263207016538112 tradeID=None
[진입유실 방지 자동보정] LONG KAITO/USDT:USDT exit=2026-07-28 00:17:06 미매칭수량=9.00000000 orderID=3780343864489091072 tradeID=None
[진입유실 방지 자동보정] LONG ONDO/USDT:USDT exit=2026-05-31 12:11:56 미매칭수량=13.00000000 orderID=3613635053565976576 tradeID=None
[진입유실 방지 자동보정] SHORT ONDO/USDT:USDT exit=2026-06-04 19:57:55 미매칭수량=18.00000000 orderID=3626169605609955328 tradeID=None
[진입유실 방지 자동보정] SHORT ONDO/USDT:USDT exit=2026-07-24 12:48:41 미매칭수량=4.00000000 orderID=3770260599027736576 tradeID=None
[진입유실 방지 자동보정] SHORT ADA/USDT:USDT exit=2026-06-15 18:07:56 미매칭수량=0.80000000 orderID=3657838324836671488 tradeID=None
[진입유실 방지 자동보정] SHORT ADA/USDT:USDT exit=2026-06-15 19:54:41 미매칭수량=0.80000000 orderID=3658053208425832448 tradeID=None
[진입유실 방지 자동보정] SHORT ADA/USDT:USDT exit=2026-06-15 20:18:33 미매칭수량=0.70000000 orderID=3658101280451272704 tradeID=None
[진입유실 방지 자동보정] SHORT ADA/USDT:USDT exit=2026-06-15 20:19:56 미매칭수량=0.70000000 orderID=3658104046410211328 tradeID=None
[진입유실 방지 자동보정] SHORT ADA/USDT:USDT exit=2026-06-15 20:20:18 미매칭수량=0.70000000 orderID=3658104812894101504 tradeID=None
[진입유실 방지 자동보정] SHORT ADA/USDT:USDT exit=2026-06-15 20:26:32 미매칭수량=0.70000000 orderID=3658117332119789568 tradeID=None
[진입유실 방지 자동보정] SHORT ADA/USDT:USDT exit=2026-06-15 20:44:55 미매칭수량=0.70000000 orderID=3658154361918529536 tradeID=None
[진입유실 방지 자동보정] SHORT ADA/USDT:USDT exit=2026-06-15 21:10:33 미매칭수량=0.70000000 orderID=3658205958837051392 tradeID=None
[진입유실 방지 자동보정] SHORT OKB/USDT:USDT exit=2026-06-21 03:12:28 미매칭수량=22.00000000 orderID=3673430118722904064 tradeID=None
[진입유실 방지 자동보정] SHORT OKB/USDT:USDT exit=2026-06-25 17:43:10 미매칭수량=16.00000000 orderID=3686779476461690880 tradeID=None
[진입유실 방지 자동보정] SHORT OKB/USDT:USDT exit=2026-06-25 20:10:48 미매칭수량=16.00000000 orderID=3687076707525926912 tradeID=None
[진입유실 방지 자동보정] LONG OKB/USDT:USDT exit=2026-06-26 12:38:51 미매칭수량=19.00000000 orderID=3689065905153843200 tradeID=None
[진입유실 방지 자동보정] LONG OKB/USDT:USDT exit=2026-06-26 15:55:46 미매칭수량=10.00000000 orderID=3689462344057036800 tradeID=None
[진입유실 방지 자동보정] LONG OKB/USDT:USDT exit=2026-07-22 11:42:03 미매칭수량=21.00000000 orderID=3764328224573825024 tradeID=None
[진입유실 방지 자동보정] LONG HYPE/USDT:USDT exit=2026-07-02 09:33:02 미매칭수량=1.00000000 orderID=3706086441083936768 tradeID=None
[진입유실 방지 자동보정] SHORT HYPE/USDT:USDT exit=2026-07-02 18:46:50 미매칭수량=1.00000000 orderID=3707201387012235264 tradeID=None
[진입유실 방지 자동보정] SHORT HYPE/USDT:USDT exit=2026-07-09 00:25:17 미매칭수량=24.00000000 orderID=3725277377667997696 tradeID=None
[진입유실 방지 자동보정] LONG HYPE/USDT:USDT exit=2026-07-09 06:18:38 미매칭수량=24.00000000 orderID=3725988764811730944 tradeID=None
[진입유실 방지 자동보정] LONG HYPE/USDT:USDT exit=2026-07-09 08:16:14 미매칭수량=23.00000000 orderID=3726225544848809984 tradeID=None
[진입유실 방지 자동보정] LONG HYPE/USDT:USDT exit=2026-07-13 19:30:19 미매칭수량=2.00000000 orderID=3739179042162810880 tradeID=None
[진입유실 방지 자동보정] LONG HYPE/USDT:USDT exit=2026-07-26 15:19:38 미매칭수량=2.00000000 orderID=3776362689651220480 tradeID=None
[진입유실 방지 자동보정] SHORT BTC/USDT:USDT exit=2026-07-07 21:35:36 미매칭수량=0.03000000 orderID=3722036669318373376 tradeID=None
[진입유실 방지 자동보정] SHORT BTC/USDT:USDT exit=2026-07-08 00:16:47 미매칭수량=0.04000000 orderID=3722361174263799808 tradeID=None
[진입유실 방지 자동보정] LONG BTC/USDT:USDT exit=2026-07-08 18:05:02 미매칭수량=0.03000000 orderID=3724511840214130688 tradeID=None
[진입유실 방지 자동보정] LONG BTC/USDT:USDT exit=2026-07-08 22:25:16 미매칭수량=0.03000000 orderID=3725035749082603520 tradeID=None
[진입유실 방지 자동보정] LONG BTC/USDT:USDT exit=2026-07-10 12:10:09 미매칭수량=0.25000000 orderID=3729595582481899520 tradeID=None
[진입유실 방지 자동보정] SHORT BTC/USDT:USDT exit=2026-07-10 20:40:19 미매칭수량=0.24000000 orderID=3730622678511591424 tradeID=None
[진입유실 방지 자동보정] SHORT BTC/USDT:USDT exit=2026-07-13 17:06:33 미매칭수량=0.02000000 orderID=3738889605591801856 tradeID=None
[진입유실 방지 자동보정] SHORT BTC/USDT:USDT exit=2026-07-23 01:38:30 미매칭수량=0.02000000 orderID=3766012229442543616 tradeID=None
[진입유실 방지 자동보정] SHORT XRP/USDT:USDT exit=2026-07-10 20:56:05 미매칭수량=1.43000000 orderID=3730654412548546560 tradeID=None
[진입유실 방지 자동보정] LONG XRP/USDT:USDT exit=2026-07-11 02:57:26 미매칭수량=0.14000000 orderID=3731381904544571392 tradeID=None
[진입유실 방지 자동보정] LONG XRP/USDT:USDT exit=2026-07-11 07:35:19 미매칭수량=0.14000000 orderID=3731941344905732096 tradeID=None
[진입유실 방지 자동보정] LONG XRP/USDT:USDT exit=2026-07-13 22:19:43 미매칭수량=0.15000000 orderID=3739520111387811840 tradeID=None
[진입유실 방지 자동보정] LONG KAITO/USDT:USDT exit=2026-05-23 07:44:17 미매칭수량=101.00000000 orderID=3589903302570221568 tradeID=None
[진입유실 방지 자동보정] LONG KAITO/USDT:USDT exit=2026-05-23 09:16:43 미매칭수량=103.00000000 orderID=3590089470679130112 tradeID=None
[진입유실 방지 자동보정] SHORT KAITO/USDT:USDT exit=2026-07-27 23:37:02 미매칭수량=9.00000000 orderID=3780263207016538112 tradeID=None
[진입유실 방지 자동보정] LONG KAITO/USDT:USDT exit=2026-07-28 00:17:06 미매칭수량=9.00000000 orderID=3780343864489091072 tradeID=None
[진입유실 방지 자동보정] LONG ONDO/USDT:USDT exit=2026-05-31 12:11:56 미매칭수량=13.00000000 orderID=3613635053565976576 tradeID=None
[진입유실 방지 자동보정] SHORT ONDO/USDT:USDT exit=2026-06-04 19:57:55 미매칭수량=18.00000000 orderID=3626169605609955328 tradeID=None
[진입유실 방지 자동보정] SHORT ONDO/USDT:USDT exit=2026-07-24 12:48:41 미매칭수량=4.00000000 orderID=3770260599027736576 tradeID=None
[진입유실 방지 자동보정] SHORT ADA/USDT:USDT exit=2026-06-15 18:07:56 미매칭수량=0.80000000 orderID=3657838324836671488 tradeID=None
[진입유실 방지 자동보정] SHORT ADA/USDT:USDT exit=2026-06-15 19:54:41 미매칭수량=0.80000000 orderID=3658053208425832448 tradeID=None
[진입유실 방지 자동보정] SHORT ADA/USDT:USDT exit=2026-06-15 20:18:33 미매칭수량=0.70000000 orderID=3658101280451272704 tradeID=None
[진입유실 방지 자동보정] SHORT ADA/USDT:USDT exit=2026-06-15 20:19:56 미매칭수량=0.70000000 orderID=3658104046410211328 tradeID=None
[진입유실 방지 자동보정] SHORT ADA/USDT:USDT exit=2026-06-15 20:20:18 미매칭수량=0.70000000 orderID=3658104812894101504 tradeID=None
[진입유실 방지 자동보정] SHORT ADA/USDT:USDT exit=2026-06-15 20:26:32 미매칭수량=0.70000000 orderID=3658117332119789568 tradeID=None
[진입유실 방지 자동보정] SHORT ADA/USDT:USDT exit=2026-06-15 20:44:55 미매칭수량=0.70000000 orderID=3658154361918529536 tradeID=None
[진입유실 방지 자동보정] SHORT ADA/USDT:USDT exit=2026-06-15 21:10:33 미매칭수량=0.70000000 orderID=3658205958837051392 tradeID=None
[진입유실 방지 자동보정] SHORT OKB/USDT:USDT exit=2026-06-21 03:12:28 미매칭수량=22.00000000 orderID=3673430118722904064 tradeID=None
[진입유실 방지 자동보정] SHORT OKB/USDT:USDT exit=2026-06-25 17:43:10 미매칭수량=16.00000000 orderID=3686779476461690880 tradeID=None
[진입유실 방지 자동보정] SHORT OKB/USDT:USDT exit=2026-06-25 20:10:48 미매칭수량=16.00000000 orderID=3687076707525926912 tradeID=None
[진입유실 방지 자동보정] LONG OKB/USDT:USDT exit=2026-06-26 12:38:51 미매칭수량=19.00000000 orderID=3689065905153843200 tradeID=None
[진입유실 방지 자동보정] LONG OKB/USDT:USDT exit=2026-06-26 15:55:46 미매칭수량=10.00000000 orderID=3689462344057036800 tradeID=None
[진입유실 방지 자동보정] LONG OKB/USDT:USDT exit=2026-07-22 11:42:03 미매칭수량=21.00000000 orderID=3764328224573825024 tradeID=None
[진입유실 방지 자동보정] LONG HYPE/USDT:USDT exit=2026-07-02 09:33:02 미매칭수량=1.00000000 orderID=3706086441083936768 tradeID=None
[진입유실 방지 자동보정] SHORT HYPE/USDT:USDT exit=2026-07-02 18:46:50 미매칭수량=1.00000000 orderID=3707201387012235264 tradeID=None
[진입유실 방지 자동보정] SHORT HYPE/USDT:USDT exit=2026-07-09 00:25:17 미매칭수량=24.00000000 orderID=3725277377667997696 tradeID=None
[진입유실 방지 자동보정] LONG HYPE/USDT:USDT exit=2026-07-09 06:18:38 미매칭수량=24.00000000 orderID=3725988764811730944 tradeID=None
[진입유실 방지 자동보정] LONG HYPE/USDT:USDT exit=2026-07-09 08:16:14 미매칭수량=23.00000000 orderID=3726225544848809984 tradeID=None
[진입유실 방지 자동보정] LONG HYPE/USDT:USDT exit=2026-07-13 19:30:19 미매칭수량=2.00000000 orderID=3739179042162810880 tradeID=None
[진입유실 방지 자동보정] LONG HYPE/USDT:USDT exit=2026-07-26 15:19:38 미매칭수량=2.00000000 orderID=3776362689651220480 tradeID=None
[진입유실 방지 자동보정] SHORT BTC/USDT:USDT exit=2026-07-07 21:35:36 미매칭수량=0.03000000 orderID=3722036669318373376 tradeID=None
[진입유실 방지 자동보정] SHORT BTC/USDT:USDT exit=2026-07-08 00:16:47 미매칭수량=0.04000000 orderID=3722361174263799808 tradeID=None
[진입유실 방지 자동보정] LONG BTC/USDT:USDT exit=2026-07-08 18:05:02 미매칭수량=0.03000000 orderID=3724511840214130688 tradeID=None
[진입유실 방지 자동보정] LONG BTC/USDT:USDT exit=2026-07-08 22:25:16 미매칭수량=0.03000000 orderID=3725035749082603520 tradeID=None
[진입유실 방지 자동보정] LONG BTC/USDT:USDT exit=2026-07-10 12:10:09 미매칭수량=0.25000000 orderID=3729595582481899520 tradeID=None
[진입유실 방지 자동보정] SHORT BTC/USDT:USDT exit=2026-07-10 20:40:19 미매칭수량=0.24000000 orderID=3730622678511591424 tradeID=None
[진입유실 방지 자동보정] SHORT BTC/USDT:USDT exit=2026-07-13 17:06:33 미매칭수량=0.02000000 orderID=3738889605591801856 tradeID=None
[진입유실 방지 자동보정] SHORT BTC/USDT:USDT exit=2026-07-23 01:38:30 미매칭수량=0.02000000 orderID=3766012229442543616 tradeID=None
[진입유실 방지 자동보정] SHORT XRP/USDT:USDT exit=2026-07-10 20:56:05 미매칭수량=1.43000000 orderID=3730654412548546560 tradeID=None
[진입유실 방지 자동보정] LONG XRP/USDT:USDT exit=2026-07-11 02:57:26 미매칭수량=0.14000000 orderID=3731381904544571392 tradeID=None
[진입유실 방지 자동보정] LONG XRP/USDT:USDT exit=2026-07-11 07:35:19 미매칭수량=0.14000000 orderID=3731941344905732096 tradeID=None
[진입유실 방지 자동보정] LONG XRP/USDT:USDT exit=2026-07-13 22:19:43 미매칭수량=0.15000000 orderID=3739520111387811840 tradeID=None
[진입유실 방지 자동보정] LONG KAITO/USDT:USDT exit=2026-05-23 07:44:17 미매칭수량=101.00000000 orderID=3589903302570221568 tradeID=None
[진입유실 방지 자동보정] LONG KAITO/USDT:USDT exit=2026-05-23 09:16:43 미매칭수량=103.00000000 orderID=3590089470679130112 tradeID=None
[진입유실 방지 자동보정] SHORT KAITO/USDT:USDT exit=2026-07-27 23:37:02 미매칭수량=9.00000000 orderID=3780263207016538112 tradeID=None
[진입유실 방지 자동보정] LONG KAITO/USDT:USDT exit=2026-07-28 00:17:06 미매칭수량=9.00000000 orderID=3780343864489091072 tradeID=None
[진입유실 방지 자동보정] LONG ONDO/USDT:USDT exit=2026-05-31 12:11:56 미매칭수량=13.00000000 orderID=3613635053565976576 tradeID=None
[진입유실 방지 자동보정] SHORT ONDO/USDT:USDT exit=2026-06-04 19:57:55 미매칭수량=18.00000000 orderID=3626169605609955328 tradeID=None
[진입유실 방지 자동보정] SHORT ONDO/USDT:USDT exit=2026-07-24 12:48:41 미매칭수량=4.00000000 orderID=3770260599027736576 tradeID=None
[진입유실 방지 자동보정] SHORT ADA/USDT:USDT exit=2026-06-15 18:07:56 미매칭수량=0.80000000 orderID=3657838324836671488 tradeID=None
[진입유실 방지 자동보정] SHORT ADA/USDT:USDT exit=2026-06-15 19:54:41 미매칭수량=0.80000000 orderID=3658053208425832448 tradeID=None
[진입유실 방지 자동보정] SHORT ADA/USDT:USDT exit=2026-06-15 20:18:33 미매칭수량=0.70000000 orderID=3658101280451272704 tradeID=None
[진입유실 방지 자동보정] SHORT ADA/USDT:USDT exit=2026-06-15 20:19:56 미매칭수량=0.70000000 orderID=3658104046410211328 tradeID=None
[진입유실 방지 자동보정] SHORT ADA/USDT:USDT exit=2026-06-15 20:20:18 미매칭수량=0.70000000 orderID=3658104812894101504 tradeID=None
[진입유실 방지 자동보정] SHORT ADA/USDT:USDT exit=2026-06-15 20:26:32 미매칭수량=0.70000000 orderID=3658117332119789568 tradeID=None
[진입유실 방지 자동보정] SHORT ADA/USDT:USDT exit=2026-06-15 20:44:55 미매칭수량=0.70000000 orderID=3658154361918529536 tradeID=None
[진입유실 방지 자동보정] SHORT ADA/USDT:USDT exit=2026-06-15 21:10:33 미매칭수량=0.70000000 orderID=3658205958837051392 tradeID=None
[진입유실 방지 자동보정] SHORT OKB/USDT:USDT exit=2026-06-21 03:12:28 미매칭수량=22.00000000 orderID=3673430118722904064 tradeID=None
[진입유실 방지 자동보정] SHORT OKB/USDT:USDT exit=2026-06-25 17:43:10 미매칭수량=16.00000000 orderID=3686779476461690880 tradeID=None
[진입유실 방지 자동보정] SHORT OKB/USDT:USDT exit=2026-06-25 20:10:48 미매칭수량=16.00000000 orderID=3687076707525926912 tradeID=None
[진입유실 방지 자동보정] LONG OKB/USDT:USDT exit=2026-06-26 12:38:51 미매칭수량=19.00000000 orderID=3689065905153843200 tradeID=None
[진입유실 방지 자동보정] LONG OKB/USDT:USDT exit=2026-06-26 15:55:46 미매칭수량=10.00000000 orderID=3689462344057036800 tradeID=None
[진입유실 방지 자동보정] LONG OKB/USDT:USDT exit=2026-07-22 11:42:03 미매칭수량=21.00000000 orderID=3764328224573825024 tradeID=None
[진입유실 방지 자동보정] LONG HYPE/USDT:USDT exit=2026-07-02 09:33:02 미매칭수량=1.00000000 orderID=3706086441083936768 tradeID=None
[진입유실 방지 자동보정] SHORT HYPE/USDT:USDT exit=2026-07-02 18:46:50 미매칭수량=1.00000000 orderID=3707201387012235264 tradeID=None
[진입유실 방지 자동보정] SHORT HYPE/USDT:USDT exit=2026-07-09 00:25:17 미매칭수량=24.00000000 orderID=3725277377667997696 tradeID=None
[진입유실 방지 자동보정] LONG HYPE/USDT:USDT exit=2026-07-09 06:18:38 미매칭수량=24.00000000 orderID=3725988764811730944 tradeID=None
[진입유실 방지 자동보정] LONG HYPE/USDT:USDT exit=2026-07-09 08:16:14 미매칭수량=23.00000000 orderID=3726225544848809984 tradeID=None
[진입유실 방지 자동보정] LONG HYPE/USDT:USDT exit=2026-07-13 19:30:19 미매칭수량=2.00000000 orderID=3739179042162810880 tradeID=None
[진입유실 방지 자동보정] LONG HYPE/USDT:USDT exit=2026-07-26 15:19:38 미매칭수량=2.00000000 orderID=3776362689651220480 tradeID=None
[진입유실 방지 자동보정] SHORT BTC/USDT:USDT exit=2026-07-07 21:35:36 미매칭수량=0.03000000 orderID=3722036669318373376 tradeID=None
[진입유실 방지 자동보정] SHORT BTC/USDT:USDT exit=2026-07-08 00:16:47 미매칭수량=0.04000000 orderID=3722361174263799808 tradeID=None
[진입유실 방지 자동보정] LONG BTC/USDT:USDT exit=2026-07-08 18:05:02 미매칭수량=0.03000000 orderID=3724511840214130688 tradeID=None
[진입유실 방지 자동보정] LONG BTC/USDT:USDT exit=2026-07-08 22:25:16 미매칭수량=0.03000000 orderID=3725035749082603520 tradeID=None
[진입유실 방지 자동보정] LONG BTC/USDT:USDT exit=2026-07-10 12:10:09 미매칭수량=0.25000000 orderID=3729595582481899520 tradeID=None
[진입유실 방지 자동보정] SHORT BTC/USDT:USDT exit=2026-07-10 20:40:19 미매칭수량=0.24000000 orderID=3730622678511591424 tradeID=None
[진입유실 방지 자동보정] SHORT BTC/USDT:USDT exit=2026-07-13 17:06:33 미매칭수량=0.02000000 orderID=3738889605591801856 tradeID=None
[진입유실 방지 자동보정] SHORT BTC/USDT:USDT exit=2026-07-23 01:38:30 미매칭수량=0.02000000 orderID=3766012229442543616 tradeID=None
[진입유실 방지 자동보정] SHORT XRP/USDT:USDT exit=2026-07-10 20:56:05 미매칭수량=1.43000000 orderID=3730654412548546560 tradeID=None
[진입유실 방지 자동보정] LONG XRP/USDT:USDT exit=2026-07-11 02:57:26 미매칭수량=0.14000000 orderID=3731381904544571392 tradeID=None
[진입유실 방지 자동보정] LONG XRP/USDT:USDT exit=2026-07-11 07:35:19 미매칭수량=0.14000000 orderID=3731941344905732096 tradeID=None
[진입유실 방지 자동보정] LONG XRP/USDT:USDT exit=2026-07-13 22:19:43 미매칭수량=0.15000000 orderID=3739520111387811840 tradeID=None
[DISCORD 1MIN] 10:05:45 ok=True Group 1(5): status=204 | Group 2(3): status=204 collect=8.5s post=0.7s
[DISCORD 1MIN] 10:06:45 ok=True Group 1(5): status=204 | Group 2(3): status=204 collect=8.6s post=0.6s
[DISCORD 1MIN] 10:07:44 ok=True Group 1(5): status=204 | Group 2(3): status=204 collect=7.7s post=0.8s
[DISCORD 1MIN] 10:08:44 ok=True Group 1(5): status=204 | Group 2(3): status=204 collect=7.7s post=0.7s
[DISCORD 1MIN] 10:09:44 ok=True Group 1(5): status=204 | Group 2(3): status=204 collect=7.9s post=0.7s
[진입유실 방지 자동보정] LONG KAITO/USDT:USDT exit=2026-05-23 07:44:17 미매칭수량=101.00000000 orderID=3589903302570221568 tradeID=None
[진입유실 방지 자동보정] LONG KAITO/USDT:USDT exit=2026-05-23 09:16:43 미매칭수량=103.00000000 orderID=3590089470679130112 tradeID=None
[진입유실 방지 자동보정] SHORT KAITO/USDT:USDT exit=2026-07-27 23:37:02 미매칭수량=9.00000000 orderID=3780263207016538112 tradeID=None
[진입유실 방지 자동보정] LONG KAITO/USDT:USDT exit=2026-07-28 00:17:06 미매칭수량=9.00000000 orderID=3780343864489091072 tradeID=None
[진입유실 방지 자동보정] LONG ONDO/USDT:USDT exit=2026-05-31 12:11:56 미매칭수량=13.00000000 orderID=3613635053565976576 tradeID=None
[진입유실 방지 자동보정] SHORT ONDO/USDT:USDT exit=2026-06-04 19:57:55 미매칭수량=18.00000000 orderID=3626169605609955328 tradeID=None
[진입유실 방지 자동보정] SHORT ONDO/USDT:USDT exit=2026-07-24 12:48:41 미매칭수량=4.00000000 orderID=3770260599027736576 tradeID=None
[진입유실 방지 자동보정] SHORT ADA/USDT:USDT exit=2026-06-15 18:07:56 미매칭수량=0.80000000 orderID=3657838324836671488 tradeID=None
[진입유실 방지 자동보정] SHORT ADA/USDT:USDT exit=2026-06-15 19:54:41 미매칭수량=0.80000000 orderID=3658053208425832448 tradeID=None
[진입유실 방지 자동보정] SHORT ADA/USDT:USDT exit=2026-06-15 20:18:33 미매칭수량=0.70000000 orderID=3658101280451272704 tradeID=None
[진입유실 방지 자동보정] SHORT ADA/USDT:USDT exit=2026-06-15 20:19:56 미매칭수량=0.70000000 orderID=3658104046410211328 tradeID=None
[진입유실 방지 자동보정] SHORT ADA/USDT:USDT exit=2026-06-15 20:20:18 미매칭수량=0.70000000 orderID=3658104812894101504 tradeID=None
[진입유실 방지 자동보정] SHORT ADA/USDT:USDT exit=2026-06-15 20:26:32 미매칭수량=0.70000000 orderID=3658117332119789568 tradeID=None
[진입유실 방지 자동보정] SHORT ADA/USDT:USDT exit=2026-06-15 20:44:55 미매칭수량=0.70000000 orderID=3658154361918529536 tradeID=None
[진입유실 방지 자동보정] SHORT ADA/USDT:USDT exit=2026-06-15 21:10:33 미매칭수량=0.70000000 orderID=3658205958837051392 tradeID=None
[진입유실 방지 자동보정] SHORT OKB/USDT:USDT exit=2026-06-21 03:12:28 미매칭수량=22.00000000 orderID=3673430118722904064 tradeID=None
[진입유실 방지 자동보정] SHORT OKB/USDT:USDT exit=2026-06-25 17:43:10 미매칭수량=16.00000000 orderID=3686779476461690880 tradeID=None
[진입유실 방지 자동보정] SHORT OKB/USDT:USDT exit=2026-06-25 20:10:48 미매칭수량=16.00000000 orderID=3687076707525926912 tradeID=None
[진입유실 방지 자동보정] LONG OKB/USDT:USDT exit=2026-06-26 12:38:51 미매칭수량=19.00000000 orderID=3689065905153843200 tradeID=None
[진입유실 방지 자동보정] LONG OKB/USDT:USDT exit=2026-06-26 15:55:46 미매칭수량=10.00000000 orderID=3689462344057036800 tradeID=None
[진입유실 방지 자동보정] LONG OKB/USDT:USDT exit=2026-07-22 11:42:03 미매칭수량=21.00000000 orderID=3764328224573825024 tradeID=None
[진입유실 방지 자동보정] LONG HYPE/USDT:USDT exit=2026-07-02 09:33:02 미매칭수량=1.00000000 orderID=3706086441083936768 tradeID=None
[진입유실 방지 자동보정] SHORT HYPE/USDT:USDT exit=2026-07-02 18:46:50 미매칭수량=1.00000000 orderID=3707201387012235264 tradeID=None
[진입유실 방지 자동보정] SHORT HYPE/USDT:USDT exit=2026-07-09 00:25:17 미매칭수량=24.00000000 orderID=3725277377667997696 tradeID=None
[진입유실 방지 자동보정] LONG HYPE/USDT:USDT exit=2026-07-09 06:18:38 미매칭수량=24.00000000 orderID=3725988764811730944 tradeID=None
[진입유실 방지 자동보정] LONG HYPE/USDT:USDT exit=2026-07-09 08:16:14 미매칭수량=23.00000000 orderID=3726225544848809984 tradeID=None
[진입유실 방지 자동보정] LONG HYPE/USDT:USDT exit=2026-07-13 19:30:19 미매칭수량=2.00000000 orderID=3739179042162810880 tradeID=None
[진입유실 방지 자동보정] LONG HYPE/USDT:USDT exit=2026-07-26 15:19:38 미매칭수량=2.00000000 orderID=3776362689651220480 tradeID=None
[진입유실 방지 자동보정] SHORT BTC/USDT:USDT exit=2026-07-07 21:35:36 미매칭수량=0.03000000 orderID=3722036669318373376 tradeID=None
[진입유실 방지 자동보정] SHORT BTC/USDT:USDT exit=2026-07-08 00:16:47 미매칭수량=0.04000000 orderID=3722361174263799808 tradeID=None
[진입유실 방지 자동보정] LONG BTC/USDT:USDT exit=2026-07-08 18:05:02 미매칭수량=0.03000000 orderID=3724511840214130688 tradeID=None
[진입유실 방지 자동보정] LONG BTC/USDT:USDT exit=2026-07-08 22:25:16 미매칭수량=0.03000000 orderID=3725035749082603520 tradeID=None
[진입유실 방지 자동보정] LONG BTC/USDT:USDT exit=2026-07-10 12:10:09 미매칭수량=0.25000000 orderID=3729595582481899520 tradeID=None
[진입유실 방지 자동보정] SHORT BTC/USDT:USDT exit=2026-07-10 20:40:19 미매칭수량=0.24000000 orderID=3730622678511591424 tradeID=None
[진입유실 방지 자동보정] SHORT BTC/USDT:USDT exit=2026-07-13 17:06:33 미매칭수량=0.02000000 orderID=3738889605591801856 tradeID=None
[진입유실 방지 자동보정] SHORT BTC/USDT:USDT exit=2026-07-23 01:38:30 미매칭수량=0.02000000 orderID=3766012229442543616 tradeID=None
[진입유실 방지 자동보정] SHORT XRP/USDT:USDT exit=2026-07-10 20:56:05 미매칭수량=1.43000000 orderID=3730654412548546560 tradeID=None
[진입유실 방지 자동보정] LONG XRP/USDT:USDT exit=2026-07-11 02:57:26 미매칭수량=0.14000000 orderID=3731381904544571392 tradeID=None
[진입유실 방지 자동보정] LONG XRP/USDT:USDT exit=2026-07-11 07:35:19 미매칭수량=0.14000000 orderID=3731941344905732096 tradeID=None
[진입유실 방지 자동보정] LONG XRP/USDT:USDT exit=2026-07-13 22:19:43 미매칭수량=0.15000000 orderID=3739520111387811840 tradeID=None
[진입유실 방지 자동보정] LONG KAITO/USDT:USDT exit=2026-05-23 07:44:17 미매칭수량=101.00000000 orderID=3589903302570221568 tradeID=None
[진입유실 방지 자동보정] LONG KAITO/USDT:USDT exit=2026-05-23 09:16:43 미매칭수량=103.00000000 orderID=3590089470679130112 tradeID=None
[진입유실 방지 자동보정] SHORT KAITO/USDT:USDT exit=2026-07-27 23:37:02 미매칭수량=9.00000000 orderID=3780263207016538112 tradeID=None
[진입유실 방지 자동보정] LONG KAITO/USDT:USDT exit=2026-07-28 00:17:06 미매칭수량=9.00000000 orderID=3780343864489091072 tradeID=None
[진입유실 방지 자동보정] LONG ONDO/USDT:USDT exit=2026-05-31 12:11:56 미매칭수량=13.00000000 orderID=3613635053565976576 tradeID=None
[진입유실 방지 자동보정] SHORT ONDO/USDT:USDT exit=2026-06-04 19:57:55 미매칭수량=18.00000000 orderID=3626169605609955328 tradeID=None
[진입유실 방지 자동보정] SHORT ONDO/USDT:USDT exit=2026-07-24 12:48:41 미매칭수량=4.00000000 orderID=3770260599027736576 tradeID=None
[진입유실 방지 자동보정] SHORT ADA/USDT:USDT exit=2026-06-15 18:07:56 미매칭수량=0.80000000 orderID=3657838324836671488 tradeID=None
[진입유실 방지 자동보정] SHORT ADA/USDT:USDT exit=2026-06-15 19:54:41 미매칭수량=0.80000000 orderID=3658053208425832448 tradeID=None
[진입유실 방지 자동보정] SHORT ADA/USDT:USDT exit=2026-06-15 20:18:33 미매칭수량=0.70000000 orderID=3658101280451272704 tradeID=None
[진입유실 방지 자동보정] SHORT ADA/USDT:USDT exit=2026-06-15 20:19:56 미매칭수량=0.70000000 orderID=3658104046410211328 tradeID=None
[진입유실 방지 자동보정] SHORT ADA/USDT:USDT exit=2026-06-15 20:20:18 미매칭수량=0.70000000 orderID=3658104812894101504 tradeID=None
[진입유실 방지 자동보정] SHORT ADA/USDT:USDT exit=2026-06-15 20:26:32 미매칭수량=0.70000000 orderID=3658117332119789568 tradeID=None
[진입유실 방지 자동보정] SHORT ADA/USDT:USDT exit=2026-06-15 20:44:55 미매칭수량=0.70000000 orderID=3658154361918529536 tradeID=None
[진입유실 방지 자동보정] SHORT ADA/USDT:USDT exit=2026-06-15 21:10:33 미매칭수량=0.70000000 orderID=3658205958837051392 tradeID=None
[진입유실 방지 자동보정] SHORT OKB/USDT:USDT exit=2026-06-21 03:12:28 미매칭수량=22.00000000 orderID=3673430118722904064 tradeID=None
[진입유실 방지 자동보정] SHORT OKB/USDT:USDT exit=2026-06-25 17:43:10 미매칭수량=16.00000000 orderID=3686779476461690880 tradeID=None
[진입유실 방지 자동보정] SHORT OKB/USDT:USDT exit=2026-06-25 20:10:48 미매칭수량=16.00000000 orderID=3687076707525926912 tradeID=None
[진입유실 방지 자동보정] LONG OKB/USDT:USDT exit=2026-06-26 12:38:51 미매칭수량=19.00000000 orderID=3689065905153843200 tradeID=None
[진입유실 방지 자동보정] LONG OKB/USDT:USDT exit=2026-06-26 15:55:46 미매칭수량=10.00000000 orderID=3689462344057036800 tradeID=None
[진입유실 방지 자동보정] LONG OKB/USDT:USDT exit=2026-07-22 11:42:03 미매칭수량=21.00000000 orderID=3764328224573825024 tradeID=None
[진입유실 방지 자동보정] LONG HYPE/USDT:USDT exit=2026-07-02 09:33:02 미매칭수량=1.00000000 orderID=3706086441083936768 tradeID=None
[진입유실 방지 자동보정] SHORT HYPE/USDT:USDT exit=2026-07-02 18:46:50 미매칭수량=1.00000000 orderID=3707201387012235264 tradeID=None
[진입유실 방지 자동보정] SHORT HYPE/USDT:USDT exit=2026-07-09 00:25:17 미매칭수량=24.00000000 orderID=3725277377667997696 tradeID=None
[진입유실 방지 자동보정] LONG HYPE/USDT:USDT exit=2026-07-09 06:18:38 미매칭수량=24.00000000 orderID=3725988764811730944 tradeID=None
[진입유실 방지 자동보정] LONG HYPE/USDT:USDT exit=2026-07-09 08:16:14 미매칭수량=23.00000000 orderID=3726225544848809984 tradeID=None
[진입유실 방지 자동보정] LONG HYPE/USDT:USDT exit=2026-07-13 19:30:19 미매칭수량=2.00000000 orderID=3739179042162810880 tradeID=None
[진입유실 방지 자동보정] LONG HYPE/USDT:USDT exit=2026-07-26 15:19:38 미매칭수량=2.00000000 orderID=3776362689651220480 tradeID=None
[진입유실 방지 자동보정] SHORT BTC/USDT:USDT exit=2026-07-07 21:35:36 미매칭수량=0.03000000 orderID=3722036669318373376 tradeID=None
[진입유실 방지 자동보정] SHORT BTC/USDT:USDT exit=2026-07-08 00:16:47 미매칭수량=0.04000000 orderID=3722361174263799808 tradeID=None
[진입유실 방지 자동보정] LONG BTC/USDT:USDT exit=2026-07-08 18:05:02 미매칭수량=0.03000000 orderID=3724511840214130688 tradeID=None
[진입유실 방지 자동보정] LONG BTC/USDT:USDT exit=2026-07-08 22:25:16 미매칭수량=0.03000000 orderID=3725035749082603520 tradeID=None
[진입유실 방지 자동보정] LONG BTC/USDT:USDT exit=2026-07-10 12:10:09 미매칭수량=0.25000000 orderID=3729595582481899520 tradeID=None
[진입유실 방지 자동보정] SHORT BTC/USDT:USDT exit=2026-07-10 20:40:19 미매칭수량=0.24000000 orderID=3730622678511591424 tradeID=None
[진입유실 방지 자동보정] SHORT BTC/USDT:USDT exit=2026-07-13 17:06:33 미매칭수량=0.02000000 orderID=3738889605591801856 tradeID=None
[진입유실 방지 자동보정] SHORT BTC/USDT:USDT exit=2026-07-23 01:38:30 미매칭수량=0.02000000 orderID=3766012229442543616 tradeID=None
[진입유실 방지 자동보정] SHORT XRP/USDT:USDT exit=2026-07-10 20:56:05 미매칭수량=1.43000000 orderID=3730654412548546560 tradeID=None
[진입유실 방지 자동보정] LONG XRP/USDT:USDT exit=2026-07-11 02:57:26 미매칭수량=0.14000000 orderID=3731381904544571392 tradeID=None
[진입유실 방지 자동보정] LONG XRP/USDT:USDT exit=2026-07-11 07:35:19 미매칭수량=0.14000000 orderID=3731941344905732096 tradeID=None
[진입유실 방지 자동보정] LONG XRP/USDT:USDT exit=2026-07-13 22:19:43 미매칭수량=0.15000000 orderID=3739520111387811840 tradeID=None
[진입유실 방지 자동보정] LONG KAITO/USDT:USDT exit=2026-05-23 07:44:17 미매칭수량=101.00000000 orderID=3589903302570221568 tradeID=None
[진입유실 방지 자동보정] LONG KAITO/USDT:USDT exit=2026-05-23 09:16:43 미매칭수량=103.00000000 orderID=3590089470679130112 tradeID=None
[진입유실 방지 자동보정] SHORT KAITO/USDT:USDT exit=2026-07-27 23:37:02 미매칭수량=9.00000000 orderID=3780263207016538112 tradeID=None
[진입유실 방지 자동보정] LONG KAITO/USDT:USDT exit=2026-07-28 00:17:06 미매칭수량=9.00000000 orderID=3780343864489091072 tradeID=None
[진입유실 방지 자동보정] LONG ONDO/USDT:USDT exit=2026-05-31 12:11:56 미매칭수량=13.00000000 orderID=3613635053565976576 tradeID=None
[진입유실 방지 자동보정] SHORT ONDO/USDT:USDT exit=2026-06-04 19:57:55 미매칭수량=18.00000000 orderID=3626169605609955328 tradeID=None
[진입유실 방지 자동보정] SHORT ONDO/USDT:USDT exit=2026-07-24 12:48:41 미매칭수량=4.00000000 orderID=3770260599027736576 tradeID=None
[진입유실 방지 자동보정] SHORT ADA/USDT:USDT exit=2026-06-15 18:07:56 미매칭수량=0.80000000 orderID=3657838324836671488 tradeID=None
[진입유실 방지 자동보정] SHORT ADA/USDT:USDT exit=2026-06-15 19:54:41 미매칭수량=0.80000000 orderID=3658053208425832448 tradeID=None
[진입유실 방지 자동보정] SHORT ADA/USDT:USDT exit=2026-06-15 20:18:33 미매칭수량=0.70000000 orderID=3658101280451272704 tradeID=None
[진입유실 방지 자동보정] SHORT ADA/USDT:USDT exit=2026-06-15 20:19:56 미매칭수량=0.70000000 orderID=3658104046410211328 tradeID=None
[진입유실 방지 자동보정] SHORT ADA/USDT:USDT exit=2026-06-15 20:20:18 미매칭수량=0.70000000 orderID=3658104812894101504 tradeID=None
[진입유실 방지 자동보정] SHORT ADA/USDT:USDT exit=2026-06-15 20:26:32 미매칭수량=0.70000000 orderID=3658117332119789568 tradeID=None
[진입유실 방지 자동보정] SHORT ADA/USDT:USDT exit=2026-06-15 20:44:55 미매칭수량=0.70000000 orderID=3658154361918529536 tradeID=None
[진입유실 방지 자동보정] SHORT ADA/USDT:USDT exit=2026-06-15 21:10:33 미매칭수량=0.70000000 orderID=3658205958837051392 tradeID=None
[진입유실 방지 자동보정] SHORT OKB/USDT:USDT exit=2026-06-21 03:12:28 미매칭수량=22.00000000 orderID=3673430118722904064 tradeID=None
[진입유실 방지 자동보정] SHORT OKB/USDT:USDT exit=2026-06-25 17:43:10 미매칭수량=16.00000000 orderID=3686779476461690880 tradeID=None
[진입유실 방지 자동보정] SHORT OKB/USDT:USDT exit=2026-06-25 20:10:48 미매칭수량=16.00000000 orderID=3687076707525926912 tradeID=None
[진입유실 방지 자동보정] LONG OKB/USDT:USDT exit=2026-06-26 12:38:51 미매칭수량=19.00000000 orderID=3689065905153843200 tradeID=None
[진입유실 방지 자동보정] LONG OKB/USDT:USDT exit=2026-06-26 15:55:46 미매칭수량=10.00000000 orderID=3689462344057036800 tradeID=None
[진입유실 방지 자동보정] LONG OKB/USDT:USDT exit=2026-07-22 11:42:03 미매칭수량=21.00000000 orderID=3764328224573825024 tradeID=None
[진입유실 방지 자동보정] LONG HYPE/USDT:USDT exit=2026-07-02 09:33:02 미매칭수량=1.00000000 orderID=3706086441083936768 tradeID=None
[진입유실 방지 자동보정] SHORT HYPE/USDT:USDT exit=2026-07-02 18:46:50 미매칭수량=1.00000000 orderID=3707201387012235264 tradeID=None
[진입유실 방지 자동보정] SHORT HYPE/USDT:USDT exit=2026-07-09 00:25:17 미매칭수량=24.00000000 orderID=3725277377667997696 tradeID=None
[진입유실 방지 자동보정] LONG HYPE/USDT:USDT exit=2026-07-09 06:18:38 미매칭수량=24.00000000 orderID=3725988764811730944 tradeID=None
[진입유실 방지 자동보정] LONG HYPE/USDT:USDT exit=2026-07-09 08:16:14 미매칭수량=23.00000000 orderID=3726225544848809984 tradeID=None
[진입유실 방지 자동보정] LONG HYPE/USDT:USDT exit=2026-07-13 19:30:19 미매칭수량=2.00000000 orderID=3739179042162810880 tradeID=None
[진입유실 방지 자동보정] LONG HYPE/USDT:USDT exit=2026-07-26 15:19:38 미매칭수량=2.00000000 orderID=3776362689651220480 tradeID=None
[진입유실 방지 자동보정] SHORT BTC/USDT:USDT exit=2026-07-07 21:35:36 미매칭수량=0.03000000 orderID=3722036669318373376 tradeID=None
[진입유실 방지 자동보정] SHORT BTC/USDT:USDT exit=2026-07-08 00:16:47 미매칭수량=0.04000000 orderID=3722361174263799808 tradeID=None
[진입유실 방지 자동보정] LONG BTC/USDT:USDT exit=2026-07-08 18:05:02 미매칭수량=0.03000000 orderID=3724511840214130688 tradeID=None
[진입유실 방지 자동보정] LONG BTC/USDT:USDT exit=2026-07-08 22:25:16 미매칭수량=0.03000000 orderID=3725035749082603520 tradeID=None
[진입유실 방지 자동보정] LONG BTC/USDT:USDT exit=2026-07-10 12:10:09 미매칭수량=0.25000000 orderID=3729595582481899520 tradeID=None
[진입유실 방지 자동보정] SHORT BTC/USDT:USDT exit=2026-07-10 20:40:19 미매칭수량=0.24000000 orderID=3730622678511591424 tradeID=None
[진입유실 방지 자동보정] SHORT BTC/USDT:USDT exit=2026-07-13 17:06:33 미매칭수량=0.02000000 orderID=3738889605591801856 tradeID=None
[진입유실 방지 자동보정] SHORT BTC/USDT:USDT exit=2026-07-23 01:38:30 미매칭수량=0.02000000 orderID=3766012229442543616 tradeID=None
[진입유실 방지 자동보정] SHORT XRP/USDT:USDT exit=2026-07-10 20:56:05 미매칭수량=1.43000000 orderID=3730654412548546560 tradeID=None
[진입유실 방지 자동보정] LONG XRP/USDT:USDT exit=2026-07-11 02:57:26 미매칭수량=0.14000000 orderID=3731381904544571392 tradeID=None
[진입유실 방지 자동보정] LONG XRP/USDT:USDT exit=2026-07-11 07:35:19 미매칭수량=0.14000000 orderID=3731941344905732096 tradeID=None
[진입유실 방지 자동보정] LONG XRP/USDT:USDT exit=2026-07-13 22:19:43 미매칭수량=0.15000000 orderID=3739520111387811840 tradeID=None
[CATFIX] pnl=0 청산 → 진입 재분류: KAITO/USDT:USDT buy 수량=9.00000000 tradeID=243056081
[진입유실 방지 자동보정] LONG KAITO/USDT:USDT exit=2026-05-23 07:44:17 미매칭수량=101.00000000 orderID=3589903302570221568 tradeID=None
[진입유실 방지 자동보정] LONG KAITO/USDT:USDT exit=2026-05-23 09:16:43 미매칭수량=103.00000000 orderID=3590089470679130112 tradeID=None
[진입유실 방지 자동보정] LONG ONDO/USDT:USDT exit=2026-05-31 12:11:56 미매칭수량=13.00000000 orderID=3613635053565976576 tradeID=None
[진입유실 방지 자동보정] SHORT ONDO/USDT:USDT exit=2026-06-04 19:57:55 미매칭수량=18.00000000 orderID=3626169605609955328 tradeID=None
[진입유실 방지 자동보정] SHORT ONDO/USDT:USDT exit=2026-07-24 12:48:41 미매칭수량=4.00000000 orderID=3770260599027736576 tradeID=None
[진입유실 방지 자동보정] SHORT ADA/USDT:USDT exit=2026-06-15 18:07:56 미매칭수량=0.80000000 orderID=3657838324836671488 tradeID=None
[진입유실 방지 자동보정] SHORT ADA/USDT:USDT exit=2026-06-15 19:54:41 미매칭수량=0.80000000 orderID=3658053208425832448 tradeID=None
[진입유실 방지 자동보정] SHORT ADA/USDT:USDT exit=2026-06-15 20:18:33 미매칭수량=0.70000000 orderID=3658101280451272704 tradeID=None
[진입유실 방지 자동보정] SHORT ADA/USDT:USDT exit=2026-06-15 20:19:56 미매칭수량=0.70000000 orderID=3658104046410211328 tradeID=None
[진입유실 방지 자동보정] SHORT ADA/USDT:USDT exit=2026-06-15 20:20:18 미매칭수량=0.70000000 orderID=3658104812894101504 tradeID=None
[진입유실 방지 자동보정] SHORT ADA/USDT:USDT exit=2026-06-15 20:26:32 미매칭수량=0.70000000 orderID=3658117332119789568 tradeID=None
[진입유실 방지 자동보정] SHORT ADA/USDT:USDT exit=2026-06-15 20:44:55 미매칭수량=0.70000000 orderID=3658154361918529536 tradeID=None
[진입유실 방지 자동보정] SHORT ADA/USDT:USDT exit=2026-06-15 21:10:33 미매칭수량=0.70000000 orderID=3658205958837051392 tradeID=None
[진입유실 방지 자동보정] SHORT OKB/USDT:USDT exit=2026-06-21 03:12:28 미매칭수량=22.00000000 orderID=3673430118722904064 tradeID=None
[진입유실 방지 자동보정] SHORT OKB/USDT:USDT exit=2026-06-25 17:43:10 미매칭수량=16.00000000 orderID=3686779476461690880 tradeID=None
[진입유실 방지 자동보정] SHORT OKB/USDT:USDT exit=2026-06-25 20:10:48 미매칭수량=16.00000000 orderID=3687076707525926912 tradeID=None
[진입유실 방지 자동보정] LONG OKB/USDT:USDT exit=2026-06-26 12:38:51 미매칭수량=19.00000000 orderID=3689065905153843200 tradeID=None
[진입유실 방지 자동보정] LONG OKB/USDT:USDT exit=2026-06-26 15:55:46 미매칭수량=10.00000000 orderID=3689462344057036800 tradeID=None
[진입유실 방지 자동보정] LONG OKB/USDT:USDT exit=2026-07-22 11:42:03 미매칭수량=21.00000000 orderID=3764328224573825024 tradeID=None
[진입유실 방지 자동보정] LONG HYPE/USDT:USDT exit=2026-07-02 09:33:02 미매칭수량=1.00000000 orderID=3706086441083936768 tradeID=None
[진입유실 방지 자동보정] SHORT HYPE/USDT:USDT exit=2026-07-02 18:46:50 미매칭수량=1.00000000 orderID=3707201387012235264 tradeID=None
[진입유실 방지 자동보정] SHORT HYPE/USDT:USDT exit=2026-07-09 00:25:17 미매칭수량=24.00000000 orderID=3725277377667997696 tradeID=None
[진입유실 방지 자동보정] LONG HYPE/USDT:USDT exit=2026-07-09 06:18:38 미매칭수량=24.00000000 orderID=3725988764811730944 tradeID=None
[진입유실 방지 자동보정] LONG HYPE/USDT:USDT exit=2026-07-09 08:16:14 미매칭수량=23.00000000 orderID=3726225544848809984 tradeID=None
[진입유실 방지 자동보정] LONG HYPE/USDT:USDT exit=2026-07-13 19:30:19 미매칭수량=2.00000000 orderID=3739179042162810880 tradeID=None
[진입유실 방지 자동보정] LONG HYPE/USDT:USDT exit=2026-07-26 15:19:38 미매칭수량=2.00000000 orderID=3776362689651220480 tradeID=None
[진입유실 방지 자동보정] SHORT BTC/USDT:USDT exit=2026-07-07 21:35:36 미매칭수량=0.03000000 orderID=3722036669318373376 tradeID=None
[진입유실 방지 자동보정] SHORT BTC/USDT:USDT exit=2026-07-08 00:16:47 미매칭수량=0.04000000 orderID=3722361174263799808 tradeID=None
[진입유실 방지 자동보정] LONG BTC/USDT:USDT exit=2026-07-08 18:05:02 미매칭수량=0.03000000 orderID=3724511840214130688 tradeID=None
[진입유실 방지 자동보정] LONG BTC/USDT:USDT exit=2026-07-08 22:25:16 미매칭수량=0.03000000 orderID=3725035749082603520 tradeID=None
[진입유실 방지 자동보정] LONG BTC/USDT:USDT exit=2026-07-10 12:10:09 미매칭수량=0.25000000 orderID=3729595582481899520 tradeID=None
[진입유실 방지 자동보정] SHORT BTC/USDT:USDT exit=2026-07-10 20:40:19 미매칭수량=0.24000000 orderID=3730622678511591424 tradeID=None
[진입유실 방지 자동보정] SHORT BTC/USDT:USDT exit=2026-07-13 17:06:33 미매칭수량=0.02000000 orderID=3738889605591801856 tradeID=None
[진입유실 방지 자동보정] SHORT BTC/USDT:USDT exit=2026-07-23 01:38:30 미매칭수량=0.02000000 orderID=3766012229442543616 tradeID=None
[진입유실 방지 자동보정] SHORT XRP/USDT:USDT exit=2026-07-10 20:56:05 미매칭수량=1.43000000 orderID=3730654412548546560 tradeID=None
[진입유실 방지 자동보정] LONG XRP/USDT:USDT exit=2026-07-11 02:57:26 미매칭수량=0.14000000 orderID=3731381904544571392 tradeID=None
[진입유실 방지 자동보정] LONG XRP/USDT:USDT exit=2026-07-11 07:35:19 미매칭수량=0.14000000 orderID=3731941344905732096 tradeID=None
[진입유실 방지 자동보정] LONG XRP/USDT:USDT exit=2026-07-13 22:19:43 미매칭수량=0.15000000 orderID=3739520111387811840 tradeID=None
[진입유실 방지 자동보정] LONG KAITO/USDT:USDT exit=2026-05-23 07:44:17 미매칭수량=101.00000000 orderID=3589903302570221568 tradeID=None
[진입유실 방지 자동보정] LONG KAITO/USDT:USDT exit=2026-05-23 09:16:43 미매칭수량=103.00000000 orderID=3590089470679130112 tradeID=None
[진입유실 방지 자동보정] SHORT KAITO/USDT:USDT exit=2026-07-27 23:37:02 미매칭수량=9.00000000 orderID=3780263207016538112 tradeID=None
[진입유실 방지 자동보정] LONG KAITO/USDT:USDT exit=2026-07-28 00:17:06 미매칭수량=9.00000000 orderID=3780343864489091072 tradeID=None
[진입유실 방지 자동보정] LONG ONDO/USDT:USDT exit=2026-05-31 12:11:56 미매칭수량=13.00000000 orderID=3613635053565976576 tradeID=None
[진입유실 방지 자동보정] SHORT ONDO/USDT:USDT exit=2026-06-04 19:57:55 미매칭수량=18.00000000 orderID=3626169605609955328 tradeID=None
[진입유실 방지 자동보정] SHORT ONDO/USDT:USDT exit=2026-07-24 12:48:41 미매칭수량=4.00000000 orderID=3770260599027736576 tradeID=None
[진입유실 방지 자동보정] SHORT ADA/USDT:USDT exit=2026-06-15 18:07:56 미매칭수량=0.80000000 orderID=3657838324836671488 tradeID=None
[진입유실 방지 자동보정] SHORT ADA/USDT:USDT exit=2026-06-15 19:54:41 미매칭수량=0.80000000 orderID=3658053208425832448 tradeID=None
[진입유실 방지 자동보정] SHORT ADA/USDT:USDT exit=2026-06-15 20:18:33 미매칭수량=0.70000000 orderID=3658101280451272704 tradeID=None
[진입유실 방지 자동보정] SHORT ADA/USDT:USDT exit=2026-06-15 20:19:56 미매칭수량=0.70000000 orderID=3658104046410211328 tradeID=None
[진입유실 방지 자동보정] SHORT ADA/USDT:USDT exit=2026-06-15 20:20:18 미매칭수량=0.70000000 orderID=3658104812894101504 tradeID=None
[진입유실 방지 자동보정] SHORT ADA/USDT:USDT exit=2026-06-15 20:26:32 미매칭수량=0.70000000 orderID=3658117332119789568 tradeID=None
[진입유실 방지 자동보정] SHORT ADA/USDT:USDT exit=2026-06-15 20:44:55 미매칭수량=0.70000000 orderID=3658154361918529536 tradeID=None
[진입유실 방지 자동보정] SHORT ADA/USDT:USDT exit=2026-06-15 21:10:33 미매칭수량=0.70000000 orderID=3658205958837051392 tradeID=None
[진입유실 방지 자동보정] SHORT OKB/USDT:USDT exit=2026-06-21 03:12:28 미매칭수량=22.00000000 orderID=3673430118722904064 tradeID=None
[진입유실 방지 자동보정] SHORT OKB/USDT:USDT exit=2026-06-25 17:43:10 미매칭수량=16.00000000 orderID=3686779476461690880 tradeID=None
[진입유실 방지 자동보정] SHORT OKB/USDT:USDT exit=2026-06-25 20:10:48 미매칭수량=16.00000000 orderID=3687076707525926912 tradeID=None
[진입유실 방지 자동보정] LONG OKB/USDT:USDT exit=2026-06-26 12:38:51 미매칭수량=19.00000000 orderID=3689065905153843200 tradeID=None
[진입유실 방지 자동보정] LONG OKB/USDT:USDT exit=2026-06-26 15:55:46 미매칭수량=10.00000000 orderID=3689462344057036800 tradeID=None
[진입유실 방지 자동보정] LONG OKB/USDT:USDT exit=2026-07-22 11:42:03 미매칭수량=21.00000000 orderID=3764328224573825024 tradeID=None
[진입유실 방지 자동보정] LONG HYPE/USDT:USDT exit=2026-07-02 09:33:02 미매칭수량=1.00000000 orderID=3706086441083936768 tradeID=None
[진입유실 방지 자동보정] SHORT HYPE/USDT:USDT exit=2026-07-02 18:46:50 미매칭수량=1.00000000 orderID=3707201387012235264 tradeID=None
[진입유실 방지 자동보정] SHORT HYPE/USDT:USDT exit=2026-07-09 00:25:17 미매칭수량=24.00000000 orderID=3725277377667997696 tradeID=None
[진입유실 방지 자동보정] LONG HYPE/USDT:USDT exit=2026-07-09 06:18:38 미매칭수량=24.00000000 orderID=3725988764811730944 tradeID=None
[진입유실 방지 자동보정] LONG HYPE/USDT:USDT exit=2026-07-09 08:16:14 미매칭수량=23.00000000 orderID=3726225544848809984 tradeID=None
[진입유실 방지 자동보정] LONG HYPE/USDT:USDT exit=2026-07-13 19:30:19 미매칭수량=2.00000000 orderID=3739179042162810880 tradeID=None
[진입유실 방지 자동보정] LONG HYPE/USDT:USDT exit=2026-07-26 15:19:38 미매칭수량=2.00000000 orderID=3776362689651220480 tradeID=None
[진입유실 방지 자동보정] SHORT BTC/USDT:USDT exit=2026-07-07 21:35:36 미매칭수량=0.03000000 orderID=3722036669318373376 tradeID=None
[진입유실 방지 자동보정] SHORT BTC/USDT:USDT exit=2026-07-08 00:16:47 미매칭수량=0.04000000 orderID=3722361174263799808 tradeID=None
[진입유실 방지 자동보정] LONG BTC/USDT:USDT exit=2026-07-08 18:05:02 미매칭수량=0.03000000 orderID=3724511840214130688 tradeID=None
[진입유실 방지 자동보정] LONG BTC/USDT:USDT exit=2026-07-08 22:25:16 미매칭수량=0.03000000 orderID=3725035749082603520 tradeID=None
[진입유실 방지 자동보정] LONG BTC/USDT:USDT exit=2026-07-10 12:10:09 미매칭수량=0.25000000 orderID=3729595582481899520 tradeID=None
[진입유실 방지 자동보정] SHORT BTC/USDT:USDT exit=2026-07-10 20:40:19 미매칭수량=0.24000000 orderID=3730622678511591424 tradeID=None
[진입유실 방지 자동보정] SHORT BTC/USDT:USDT exit=2026-07-13 17:06:33 미매칭수량=0.02000000 orderID=3738889605591801856 tradeID=None
[진입유실 방지 자동보정] SHORT BTC/USDT:USDT exit=2026-07-23 01:38:30 미매칭수량=0.02000000 orderID=3766012229442543616 tradeID=None
[진입유실 방지 자동보정] SHORT XRP/USDT:USDT exit=2026-07-10 20:56:05 미매칭수량=1.43000000 orderID=3730654412548546560 tradeID=None
[진입유실 방지 자동보정] LONG XRP/USDT:USDT exit=2026-07-11 02:57:26 미매칭수량=0.14000000 orderID=3731381904544571392 tradeID=None
[진입유실 방지 자동보정] LONG XRP/USDT:USDT exit=2026-07-11 07:35:19 미매칭수량=0.14000000 orderID=3731941344905732096 tradeID=None
[진입유실 방지 자동보정] LONG XRP/USDT:USDT exit=2026-07-13 22:19:43 미매칭수량=0.15000000 orderID=3739520111387811840 tradeID=None
[진입유실 방지 자동보정] LONG KAITO/USDT:USDT exit=2026-05-23 07:44:17 미매칭수량=101.00000000 orderID=3589903302570221568 tradeID=None
[진입유실 방지 자동보정] LONG KAITO/USDT:USDT exit=2026-05-23 09:16:43 미매칭수량=103.00000000 orderID=3590089470679130112 tradeID=None
[진입유실 방지 자동보정] SHORT KAITO/USDT:USDT exit=2026-07-27 23:37:02 미매칭수량=9.00000000 orderID=3780263207016538112 tradeID=None
[진입유실 방지 자동보정] LONG KAITO/USDT:USDT exit=2026-07-28 00:17:06 미매칭수량=9.00000000 orderID=3780343864489091072 tradeID=None
[진입유실 방지 자동보정] LONG ONDO/USDT:USDT exit=2026-05-31 12:11:56 미매칭수량=13.00000000 orderID=3613635053565976576 tradeID=None
[진입유실 방지 자동보정] SHORT ONDO/USDT:USDT exit=2026-06-04 19:57:55 미매칭수량=18.00000000 orderID=3626169605609955328 tradeID=None
[진입유실 방지 자동보정] SHORT ONDO/USDT:USDT exit=2026-07-24 12:48:41 미매칭수량=4.00000000 orderID=3770260599027736576 tradeID=None
[진입유실 방지 자동보정] SHORT ADA/USDT:USDT exit=2026-06-15 18:07:56 미매칭수량=0.80000000 orderID=3657838324836671488 tradeID=None
[진입유실 방지 자동보정] SHORT ADA/USDT:USDT exit=2026-06-15 19:54:41 미매칭수량=0.80000000 orderID=3658053208425832448 tradeID=None
[진입유실 방지 자동보정] SHORT ADA/USDT:USDT exit=2026-06-15 20:18:33 미매칭수량=0.70000000 orderID=3658101280451272704 tradeID=None
[진입유실 방지 자동보정] SHORT ADA/USDT:USDT exit=2026-06-15 20:19:56 미매칭수량=0.70000000 orderID=3658104046410211328 tradeID=None
[진입유실 방지 자동보정] SHORT ADA/USDT:USDT exit=2026-06-15 20:20:18 미매칭수량=0.70000000 orderID=3658104812894101504 tradeID=None
[진입유실 방지 자동보정] SHORT ADA/USDT:USDT exit=2026-06-15 20:26:32 미매칭수량=0.70000000 orderID=3658117332119789568 tradeID=None
[진입유실 방지 자동보정] SHORT ADA/USDT:USDT exit=2026-06-15 20:44:55 미매칭수량=0.70000000 orderID=3658154361918529536 tradeID=None
[진입유실 방지 자동보정] SHORT ADA/USDT:USDT exit=2026-06-15 21:10:33 미매칭수량=0.70000000 orderID=3658205958837051392 tradeID=None
[진입유실 방지 자동보정] SHORT OKB/USDT:USDT exit=2026-06-21 03:12:28 미매칭수량=22.00000000 orderID=3673430118722904064 tradeID=None
[진입유실 방지 자동보정] SHORT OKB/USDT:USDT exit=2026-06-25 17:43:10 미매칭수량=16.00000000 orderID=3686779476461690880 tradeID=None
[진입유실 방지 자동보정] SHORT OKB/USDT:USDT exit=2026-06-25 20:10:48 미매칭수량=16.00000000 orderID=3687076707525926912 tradeID=None
[진입유실 방지 자동보정] LONG OKB/USDT:USDT exit=2026-06-26 12:38:51 미매칭수량=19.00000000 orderID=3689065905153843200 tradeID=None
[진입유실 방지 자동보정] LONG OKB/USDT:USDT exit=2026-06-26 15:55:46 미매칭수량=10.00000000 orderID=3689462344057036800 tradeID=None
[진입유실 방지 자동보정] LONG OKB/USDT:USDT exit=2026-07-22 11:42:03 미매칭수량=21.00000000 orderID=3764328224573825024 tradeID=None
[진입유실 방지 자동보정] LONG HYPE/USDT:USDT exit=2026-07-02 09:33:02 미매칭수량=1.00000000 orderID=3706086441083936768 tradeID=None
[진입유실 방지 자동보정] SHORT HYPE/USDT:USDT exit=2026-07-02 18:46:50 미매칭수량=1.00000000 orderID=3707201387012235264 tradeID=None
[진입유실 방지 자동보정] SHORT HYPE/USDT:USDT exit=2026-07-09 00:25:17 미매칭수량=24.00000000 orderID=3725277377667997696 tradeID=None
[진입유실 방지 자동보정] LONG HYPE/USDT:USDT exit=2026-07-09 06:18:38 미매칭수량=24.00000000 orderID=3725988764811730944 tradeID=None
[진입유실 방지 자동보정] LONG HYPE/USDT:USDT exit=2026-07-09 08:16:14 미매칭수량=23.00000000 orderID=3726225544848809984 tradeID=None
[진입유실 방지 자동보정] LONG HYPE/USDT:USDT exit=2026-07-13 19:30:19 미매칭수량=2.00000000 orderID=3739179042162810880 tradeID=None
[진입유실 방지 자동보정] LONG HYPE/USDT:USDT exit=2026-07-26 15:19:38 미매칭수량=2.00000000 orderID=3776362689651220480 tradeID=None
[진입유실 방지 자동보정] SHORT BTC/USDT:USDT exit=2026-07-07 21:35:36 미매칭수량=0.03000000 orderID=3722036669318373376 tradeID=None
[진입유실 방지 자동보정] SHORT BTC/USDT:USDT exit=2026-07-08 00:16:47 미매칭수량=0.04000000 orderID=3722361174263799808 tradeID=None
[진입유실 방지 자동보정] LONG BTC/USDT:USDT exit=2026-07-08 18:05:02 미매칭수량=0.03000000 orderID=3724511840214130688 tradeID=None
[진입유실 방지 자동보정] LONG BTC/USDT:USDT exit=2026-07-08 22:25:16 미매칭수량=0.03000000 orderID=3725035749082603520 tradeID=None
[진입유실 방지 자동보정] LONG BTC/USDT:USDT exit=2026-07-10 12:10:09 미매칭수량=0.25000000 orderID=3729595582481899520 tradeID=None
[진입유실 방지 자동보정] SHORT BTC/USDT:USDT exit=2026-07-10 20:40:19 미매칭수량=0.24000000 orderID=3730622678511591424 tradeID=None
[진입유실 방지 자동보정] SHORT BTC/USDT:USDT exit=2026-07-13 17:06:33 미매칭수량=0.02000000 orderID=3738889605591801856 tradeID=None
[진입유실 방지 자동보정] SHORT BTC/USDT:USDT exit=2026-07-23 01:38:30 미매칭수량=0.02000000 orderID=3766012229442543616 tradeID=None
[진입유실 방지 자동보정] SHORT XRP/USDT:USDT exit=2026-07-10 20:56:05 미매칭수량=1.43000000 orderID=3730654412548546560 tradeID=None
[진입유실 방지 자동보정] LONG XRP/USDT:USDT exit=2026-07-11 02:57:26 미매칭수량=0.14000000 orderID=3731381904544571392 tradeID=None
[진입유실 방지 자동보정] LONG XRP/USDT:USDT exit=2026-07-11 07:35:19 미매칭수량=0.14000000 orderID=3731941344905732096 tradeID=None
[진입유실 방지 자동보정] LONG XRP/USDT:USDT exit=2026-07-13 22:19:43 미매칭수량=0.15000000 orderID=3739520111387811840 tradeID=None
[진입유실 방지 자동보정] LONG KAITO/USDT:USDT exit=2026-05-23 07:44:17 미매칭수량=101.00000000 orderID=3589903302570221568 tradeID=None
[진입유실 방지 자동보정] LONG KAITO/USDT:USDT exit=2026-05-23 09:16:43 미매칭수량=103.00000000 orderID=3590089470679130112 tradeID=None
[진입유실 방지 자동보정] SHORT KAITO/USDT:USDT exit=2026-07-27 23:37:02 미매칭수량=9.00000000 orderID=3780263207016538112 tradeID=None
[진입유실 방지 자동보정] LONG KAITO/USDT:USDT exit=2026-07-28 00:17:06 미매칭수량=9.00000000 orderID=3780343864489091072 tradeID=None
[진입유실 방지 자동보정] LONG ONDO/USDT:USDT exit=2026-05-31 12:11:56 미매칭수량=13.00000000 orderID=3613635053565976576 tradeID=None
[진입유실 방지 자동보정] SHORT ONDO/USDT:USDT exit=2026-06-04 19:57:55 미매칭수량=18.00000000 orderID=3626169605609955328 tradeID=None
[진입유실 방지 자동보정] SHORT ONDO/USDT:USDT exit=2026-07-24 12:48:41 미매칭수량=4.00000000 orderID=3770260599027736576 tradeID=None
[진입유실 방지 자동보정] SHORT ADA/USDT:USDT exit=2026-06-15 18:07:56 미매칭수량=0.80000000 orderID=3657838324836671488 tradeID=None
[진입유실 방지 자동보정] SHORT ADA/USDT:USDT exit=2026-06-15 19:54:41 미매칭수량=0.80000000 orderID=3658053208425832448 tradeID=None
[진입유실 방지 자동보정] SHORT ADA/USDT:USDT exit=2026-06-15 20:18:33 미매칭수량=0.70000000 orderID=3658101280451272704 tradeID=None
[진입유실 방지 자동보정] SHORT ADA/USDT:USDT exit=2026-06-15 20:19:56 미매칭수량=0.70000000 orderID=3658104046410211328 tradeID=None
[진입유실 방지 자동보정] SHORT ADA/USDT:USDT exit=2026-06-15 20:20:18 미매칭수량=0.70000000 orderID=3658104812894101504 tradeID=None
[진입유실 방지 자동보정] SHORT ADA/USDT:USDT exit=2026-06-15 20:26:32 미매칭수량=0.70000000 orderID=3658117332119789568 tradeID=None
[진입유실 방지 자동보정] SHORT ADA/USDT:USDT exit=2026-06-15 20:44:55 미매칭수량=0.70000000 orderID=3658154361918529536 tradeID=None
[진입유실 방지 자동보정] SHORT ADA/USDT:USDT exit=2026-06-15 21:10:33 미매칭수량=0.70000000 orderID=3658205958837051392 tradeID=None
[진입유실 방지 자동보정] SHORT OKB/USDT:USDT exit=2026-06-21 03:12:28 미매칭수량=22.00000000 orderID=3673430118722904064 tradeID=None
[진입유실 방지 자동보정] SHORT OKB/USDT:USDT exit=2026-06-25 17:43:10 미매칭수량=16.00000000 orderID=3686779476461690880 tradeID=None
[진입유실 방지 자동보정] SHORT OKB/USDT:USDT exit=2026-06-25 20:10:48 미매칭수량=16.00000000 orderID=3687076707525926912 tradeID=None
[진입유실 방지 자동보정] LONG OKB/USDT:USDT exit=2026-06-26 12:38:51 미매칭수량=19.00000000 orderID=3689065905153843200 tradeID=None
[진입유실 방지 자동보정] LONG OKB/USDT:USDT exit=2026-06-26 15:55:46 미매칭수량=10.00000000 orderID=3689462344057036800 tradeID=None
[진입유실 방지 자동보정] LONG OKB/USDT:USDT exit=2026-07-22 11:42:03 미매칭수량=21.00000000 orderID=3764328224573825024 tradeID=None
[진입유실 방지 자동보정] LONG HYPE/USDT:USDT exit=2026-07-02 09:33:02 미매칭수량=1.00000000 orderID=3706086441083936768 tradeID=None
[진입유실 방지 자동보정] SHORT HYPE/USDT:USDT exit=2026-07-02 18:46:50 미매칭수량=1.00000000 orderID=3707201387012235264 tradeID=None
[진입유실 방지 자동보정] SHORT HYPE/USDT:USDT exit=2026-07-09 00:25:17 미매칭수량=24.00000000 orderID=3725277377667997696 tradeID=None
[진입유실 방지 자동보정] LONG HYPE/USDT:USDT exit=2026-07-09 06:18:38 미매칭수량=24.00000000 orderID=3725988764811730944 tradeID=None
[진입유실 방지 자동보정] LONG HYPE/USDT:USDT exit=2026-07-09 08:16:14 미매칭수량=23.00000000 orderID=3726225544848809984 tradeID=None
[진입유실 방지 자동보정] LONG HYPE/USDT:USDT exit=2026-07-13 19:30:19 미매칭수량=2.00000000 orderID=3739179042162810880 tradeID=None
[진입유실 방지 자동보정] LONG HYPE/USDT:USDT exit=2026-07-26 15:19:38 미매칭수량=2.00000000 orderID=3776362689651220480 tradeID=None
[진입유실 방지 자동보정] SHORT BTC/USDT:USDT exit=2026-07-07 21:35:36 미매칭수량=0.03000000 orderID=3722036669318373376 tradeID=None
[진입유실 방지 자동보정] SHORT BTC/USDT:USDT exit=2026-07-08 00:16:47 미매칭수량=0.04000000 orderID=3722361174263799808 tradeID=None
[진입유실 방지 자동보정] LONG BTC/USDT:USDT exit=2026-07-08 18:05:02 미매칭수량=0.03000000 orderID=3724511840214130688 tradeID=None
[진입유실 방지 자동보정] LONG BTC/USDT:USDT exit=2026-07-08 22:25:16 미매칭수량=0.03000000 orderID=3725035749082603520 tradeID=None
[진입유실 방지 자동보정] LONG BTC/USDT:USDT exit=2026-07-10 12:10:09 미매칭수량=0.25000000 orderID=3729595582481899520 tradeID=None
[진입유실 방지 자동보정] SHORT BTC/USDT:USDT exit=2026-07-10 20:40:19 미매칭수량=0.24000000 orderID=3730622678511591424 tradeID=None
[진입유실 방지 자동보정] SHORT BTC/USDT:USDT exit=2026-07-13 17:06:33 미매칭수량=0.02000000 orderID=3738889605591801856 tradeID=None
[진입유실 방지 자동보정] SHORT BTC/USDT:USDT exit=2026-07-23 01:38:30 미매칭수량=0.02000000 orderID=3766012229442543616 tradeID=None
[진입유실 방지 자동보정] SHORT XRP/USDT:USDT exit=2026-07-10 20:56:05 미매칭수량=1.43000000 orderID=3730654412548546560 tradeID=None
[진입유실 방지 자동보정] LONG XRP/USDT:USDT exit=2026-07-11 02:57:26 미매칭수량=0.14000000 orderID=3731381904544571392 tradeID=None
[진입유실 방지 자동보정] LONG XRP/USDT:USDT exit=2026-07-11 07:35:19 미매칭수량=0.14000000 orderID=3731941344905732096 tradeID=None
[진입유실 방지 자동보정] LONG XRP/USDT:USDT exit=2026-07-13 22:19:43 미매칭수량=0.15000000 orderID=3739520111387811840 tradeID=None
[진입유실 방지 자동보정] LONG KAITO/USDT:USDT exit=2026-05-23 07:44:17 미매칭수량=101.00000000 orderID=3589903302570221568 tradeID=None
[진입유실 방지 자동보정] LONG KAITO/USDT:USDT exit=2026-05-23 09:16:43 미매칭수량=103.00000000 orderID=3590089470679130112 tradeID=None
[진입유실 방지 자동보정] SHORT KAITO/USDT:USDT exit=2026-07-27 23:37:02 미매칭수량=9.00000000 orderID=3780263207016538112 tradeID=None
[진입유실 방지 자동보정] LONG KAITO/USDT:USDT exit=2026-07-28 00:17:06 미매칭수량=9.00000000 orderID=3780343864489091072 tradeID=None
[진입유실 방지 자동보정] LONG ONDO/USDT:USDT exit=2026-05-31 12:11:56 미매칭수량=13.00000000 orderID=3613635053565976576 tradeID=None
[진입유실 방지 자동보정] SHORT ONDO/USDT:USDT exit=2026-06-04 19:57:55 미매칭수량=18.00000000 orderID=3626169605609955328 tradeID=None
[진입유실 방지 자동보정] SHORT ONDO/USDT:USDT exit=2026-07-24 12:48:41 미매칭수량=4.00000000 orderID=3770260599027736576 tradeID=None
[진입유실 방지 자동보정] SHORT ADA/USDT:USDT exit=2026-06-15 18:07:56 미매칭수량=0.80000000 orderID=3657838324836671488 tradeID=None
[진입유실 방지 자동보정] SHORT ADA/USDT:USDT exit=2026-06-15 19:54:41 미매칭수량=0.80000000 orderID=3658053208425832448 tradeID=None
[진입유실 방지 자동보정] SHORT ADA/USDT:USDT exit=2026-06-15 20:18:33 미매칭수량=0.70000000 orderID=3658101280451272704 tradeID=None
[진입유실 방지 자동보정] SHORT ADA/USDT:USDT exit=2026-06-15 20:19:56 미매칭수량=0.70000000 orderID=3658104046410211328 tradeID=None
[진입유실 방지 자동보정] SHORT ADA/USDT:USDT exit=2026-06-15 20:20:18 미매칭수량=0.70000000 orderID=3658104812894101504 tradeID=None
[진입유실 방지 자동보정] SHORT ADA/USDT:USDT exit=2026-06-15 20:26:32 미매칭수량=0.70000000 orderID=3658117332119789568 tradeID=None
[진입유실 방지 자동보정] SHORT ADA/USDT:USDT exit=2026-06-15 20:44:55 미매칭수량=0.70000000 orderID=3658154361918529536 tradeID=None
[진입유실 방지 자동보정] SHORT ADA/USDT:USDT exit=2026-06-15 21:10:33 미매칭수량=0.70000000 orderID=3658205958837051392 tradeID=None
[진입유실 방지 자동보정] SHORT OKB/USDT:USDT exit=2026-06-21 03:12:28 미매칭수량=22.00000000 orderID=3673430118722904064 tradeID=None
[진입유실 방지 자동보정] SHORT OKB/USDT:USDT exit=2026-06-25 17:43:10 미매칭수량=16.00000000 orderID=3686779476461690880 tradeID=None
[진입유실 방지 자동보정] SHORT OKB/USDT:USDT exit=2026-06-25 20:10:48 미매칭수량=16.00000000 orderID=3687076707525926912 tradeID=None
[진입유실 방지 자동보정] LONG OKB/USDT:USDT exit=2026-06-26 12:38:51 미매칭수량=19.00000000 orderID=3689065905153843200 tradeID=None
[진입유실 방지 자동보정] LONG OKB/USDT:USDT exit=2026-06-26 15:55:46 미매칭수량=10.00000000 orderID=3689462344057036800 tradeID=None
[진입유실 방지 자동보정] LONG OKB/USDT:USDT exit=2026-07-22 11:42:03 미매칭수량=21.00000000 orderID=3764328224573825024 tradeID=None
[진입유실 방지 자동보정] LONG HYPE/USDT:USDT exit=2026-07-02 09:33:02 미매칭수량=1.00000000 orderID=3706086441083936768 tradeID=None
[진입유실 방지 자동보정] SHORT HYPE/USDT:USDT exit=2026-07-02 18:46:50 미매칭수량=1.00000000 orderID=3707201387012235264 tradeID=None
[진입유실 방지 자동보정] SHORT HYPE/USDT:USDT exit=2026-07-09 00:25:17 미매칭수량=24.00000000 orderID=3725277377667997696 tradeID=None
[진입유실 방지 자동보정] LONG HYPE/USDT:USDT exit=2026-07-09 06:18:38 미매칭수량=24.00000000 orderID=3725988764811730944 tradeID=None
[진입유실 방지 자동보정] LONG HYPE/USDT:USDT exit=2026-07-09 08:16:14 미매칭수량=23.00000000 orderID=3726225544848809984 tradeID=None
[진입유실 방지 자동보정] LONG HYPE/USDT:USDT exit=2026-07-13 19:30:19 미매칭수량=2.00000000 orderID=3739179042162810880 tradeID=None
[진입유실 방지 자동보정] LONG HYPE/USDT:USDT exit=2026-07-26 15:19:38 미매칭수량=2.00000000 orderID=3776362689651220480 tradeID=None
[진입유실 방지 자동보정] SHORT BTC/USDT:USDT exit=2026-07-07 21:35:36 미매칭수량=0.03000000 orderID=3722036669318373376 tradeID=None
[진입유실 방지 자동보정] SHORT BTC/USDT:USDT exit=2026-07-08 00:16:47 미매칭수량=0.04000000 orderID=3722361174263799808 tradeID=None
[진입유실 방지 자동보정] LONG BTC/USDT:USDT exit=2026-07-08 18:05:02 미매칭수량=0.03000000 orderID=3724511840214130688 tradeID=None
[진입유실 방지 자동보정] LONG BTC/USDT:USDT exit=2026-07-08 22:25:16 미매칭수량=0.03000000 orderID=3725035749082603520 tradeID=None
[진입유실 방지 자동보정] LONG BTC/USDT:USDT exit=2026-07-10 12:10:09 미매칭수량=0.25000000 orderID=3729595582481899520 tradeID=None
[진입유실 방지 자동보정] SHORT BTC/USDT:USDT exit=2026-07-10 20:40:19 미매칭수량=0.24000000 orderID=3730622678511591424 tradeID=None
[진입유실 방지 자동보정] SHORT BTC/USDT:USDT exit=2026-07-13 17:06:33 미매칭수량=0.02000000 orderID=3738889605591801856 tradeID=None
[진입유실 방지 자동보정] SHORT BTC/USDT:USDT exit=2026-07-23 01:38:30 미매칭수량=0.02000000 orderID=3766012229442543616 tradeID=None
[진입유실 방지 자동보정] SHORT XRP/USDT:USDT exit=2026-07-10 20:56:05 미매칭수량=1.43000000 orderID=3730654412548546560 tradeID=None
[진입유실 방지 자동보정] LONG XRP/USDT:USDT exit=2026-07-11 02:57:26 미매칭수량=0.14000000 orderID=3731381904544571392 tradeID=None
[진입유실 방지 자동보정] LONG XRP/USDT:USDT exit=2026-07-11 07:35:19 미매칭수량=0.14000000 orderID=3731941344905732096 tradeID=None
[진입유실 방지 자동보정] LONG XRP/USDT:USDT exit=2026-07-13 22:19:43 미매칭수량=0.15000000 orderID=3739520111387811840 tradeID=None
[DISCORD 1MIN] 10:10:44 ok=True Group 1(5): status=204 | Group 2(3): status=204 collect=7.7s post=0.7s
[DISCORD 1MIN] 10:11:44 ok=True Group 1(5): status=204 | Group 2(3): status=204 collect=7.9s post=0.7s
[DISCORD 1MIN] 10:12:44 ok=True Group 1(5): status=204 | Group 2(3): status=204 collect=7.8s post=0.7s
[DISCORD 1MIN] 10:13:44 ok=True Group 1(5): status=204 | Group 2(3): status=204 collect=7.7s post=0.7s
[DISCORD 1MIN] 10:14:44 ok=True Group 1(5): status=204 | Group 2(3): status=204 collect=7.8s post=0.8s
[진입유실 방지 자동보정] LONG KAITO/USDT:USDT exit=2026-05-23 07:44:17 미매칭수량=101.00000000 orderID=3589903302570221568 tradeID=None
[진입유실 방지 자동보정] LONG KAITO/USDT:USDT exit=2026-05-23 09:16:43 미매칭수량=103.00000000 orderID=3590089470679130112 tradeID=None
[진입유실 방지 자동보정] SHORT KAITO/USDT:USDT exit=2026-07-27 23:37:02 미매칭수량=9.00000000 orderID=3780263207016538112 tradeID=None
[진입유실 방지 자동보정] LONG KAITO/USDT:USDT exit=2026-07-28 00:17:06 미매칭수량=9.00000000 orderID=3780343864489091072 tradeID=None
[진입유실 방지 자동보정] LONG ONDO/USDT:USDT exit=2026-05-31 12:11:56 미매칭수량=13.00000000 orderID=3613635053565976576 tradeID=None
[진입유실 방지 자동보정] SHORT ONDO/USDT:USDT exit=2026-06-04 19:57:55 미매칭수량=18.00000000 orderID=3626169605609955328 tradeID=None
[진입유실 방지 자동보정] SHORT ONDO/USDT:USDT exit=2026-07-24 12:48:41 미매칭수량=4.00000000 orderID=3770260599027736576 tradeID=None
[진입유실 방지 자동보정] SHORT ADA/USDT:USDT exit=2026-06-15 18:07:56 미매칭수량=0.80000000 orderID=3657838324836671488 tradeID=None
[진입유실 방지 자동보정] SHORT ADA/USDT:USDT exit=2026-06-15 19:54:41 미매칭수량=0.80000000 orderID=3658053208425832448 tradeID=None
[진입유실 방지 자동보정] SHORT ADA/USDT:USDT exit=2026-06-15 20:18:33 미매칭수량=0.70000000 orderID=3658101280451272704 tradeID=None
[진입유실 방지 자동보정] SHORT ADA/USDT:USDT exit=2026-06-15 20:19:56 미매칭수량=0.70000000 orderID=3658104046410211328 tradeID=None
[진입유실 방지 자동보정] SHORT ADA/USDT:USDT exit=2026-06-15 20:20:18 미매칭수량=0.70000000 orderID=3658104812894101504 tradeID=None
[진입유실 방지 자동보정] SHORT ADA/USDT:USDT exit=2026-06-15 20:26:32 미매칭수량=0.70000000 orderID=3658117332119789568 tradeID=None
[진입유실 방지 자동보정] SHORT ADA/USDT:USDT exit=2026-06-15 20:44:55 미매칭수량=0.70000000 orderID=3658154361918529536 tradeID=None
[진입유실 방지 자동보정] SHORT ADA/USDT:USDT exit=2026-06-15 21:10:33 미매칭수량=0.70000000 orderID=3658205958837051392 tradeID=None
[진입유실 방지 자동보정] SHORT OKB/USDT:USDT exit=2026-06-21 03:12:28 미매칭수량=22.00000000 orderID=3673430118722904064 tradeID=None
[진입유실 방지 자동보정] SHORT OKB/USDT:USDT exit=2026-06-25 17:43:10 미매칭수량=16.00000000 orderID=3686779476461690880 tradeID=None
[진입유실 방지 자동보정] SHORT OKB/USDT:USDT exit=2026-06-25 20:10:48 미매칭수량=16.00000000 orderID=3687076707525926912 tradeID=None
[진입유실 방지 자동보정] LONG OKB/USDT:USDT exit=2026-06-26 12:38:51 미매칭수량=19.00000000 orderID=3689065905153843200 tradeID=None
[진입유실 방지 자동보정] LONG OKB/USDT:USDT exit=2026-06-26 15:55:46 미매칭수량=10.00000000 orderID=3689462344057036800 tradeID=None
[진입유실 방지 자동보정] LONG OKB/USDT:USDT exit=2026-07-22 11:42:03 미매칭수량=21.00000000 orderID=3764328224573825024 tradeID=None
[진입유실 방지 자동보정] LONG HYPE/USDT:USDT exit=2026-07-02 09:33:02 미매칭수량=1.00000000 orderID=3706086441083936768 tradeID=None
[진입유실 방지 자동보정] SHORT HYPE/USDT:USDT exit=2026-07-02 18:46:50 미매칭수량=1.00000000 orderID=3707201387012235264 tradeID=None
[진입유실 방지 자동보정] SHORT HYPE/USDT:USDT exit=2026-07-09 00:25:17 미매칭수량=24.00000000 orderID=3725277377667997696 tradeID=None
[진입유실 방지 자동보정] LONG HYPE/USDT:USDT exit=2026-07-09 06:18:38 미매칭수량=24.00000000 orderID=3725988764811730944 tradeID=None
[진입유실 방지 자동보정] LONG HYPE/USDT:USDT exit=2026-07-09 08:16:14 미매칭수량=23.00000000 orderID=3726225544848809984 tradeID=None
[진입유실 방지 자동보정] LONG HYPE/USDT:USDT exit=2026-07-13 19:30:19 미매칭수량=2.00000000 orderID=3739179042162810880 tradeID=None
[진입유실 방지 자동보정] LONG HYPE/USDT:USDT exit=2026-07-26 15:19:38 미매칭수량=2.00000000 orderID=3776362689651220480 tradeID=None
[진입유실 방지 자동보정] SHORT BTC/USDT:USDT exit=2026-07-07 21:35:36 미매칭수량=0.03000000 orderID=3722036669318373376 tradeID=None
[진입유실 방지 자동보정] SHORT BTC/USDT:USDT exit=2026-07-08 00:16:47 미매칭수량=0.04000000 orderID=3722361174263799808 tradeID=None
[진입유실 방지 자동보정] LONG BTC/USDT:USDT exit=2026-07-08 18:05:02 미매칭수량=0.03000000 orderID=3724511840214130688 tradeID=None
[진입유실 방지 자동보정] LONG BTC/USDT:USDT exit=2026-07-08 22:25:16 미매칭수량=0.03000000 orderID=3725035749082603520 tradeID=None
[진입유실 방지 자동보정] LONG BTC/USDT:USDT exit=2026-07-10 12:10:09 미매칭수량=0.25000000 orderID=3729595582481899520 tradeID=None
[진입유실 방지 자동보정] SHORT BTC/USDT:USDT exit=2026-07-10 20:40:19 미매칭수량=0.24000000 orderID=3730622678511591424 tradeID=None
[진입유실 방지 자동보정] SHORT BTC/USDT:USDT exit=2026-07-13 17:06:33 미매칭수량=0.02000000 orderID=3738889605591801856 tradeID=None
[진입유실 방지 자동보정] SHORT BTC/USDT:USDT exit=2026-07-23 01:38:30 미매칭수량=0.02000000 orderID=3766012229442543616 tradeID=None
[진입유실 방지 자동보정] SHORT XRP/USDT:USDT exit=2026-07-10 20:56:05 미매칭수량=1.43000000 orderID=3730654412548546560 tradeID=None
[진입유실 방지 자동보정] LONG XRP/USDT:USDT exit=2026-07-11 02:57:26 미매칭수량=0.14000000 orderID=3731381904544571392 tradeID=None
[진입유실 방지 자동보정] LONG XRP/USDT:USDT exit=2026-07-11 07:35:19 미매칭수량=0.14000000 orderID=3731941344905732096 tradeID=None
[진입유실 방지 자동보정] LONG XRP/USDT:USDT exit=2026-07-13 22:19:43 미매칭수량=0.15000000 orderID=3739520111387811840 tradeID=None
[진입유실 방지 자동보정] LONG KAITO/USDT:USDT exit=2026-05-23 07:44:17 미매칭수량=101.00000000 orderID=3589903302570221568 tradeID=None
[진입유실 방지 자동보정] LONG KAITO/USDT:USDT exit=2026-05-23 09:16:43 미매칭수량=103.00000000 orderID=3590089470679130112 tradeID=None
[진입유실 방지 자동보정] SHORT KAITO/USDT:USDT exit=2026-07-27 23:37:02 미매칭수량=9.00000000 orderID=3780263207016538112 tradeID=None
[진입유실 방지 자동보정] LONG KAITO/USDT:USDT exit=2026-07-28 00:17:06 미매칭수량=9.00000000 orderID=3780343864489091072 tradeID=None
[진입유실 방지 자동보정] LONG ONDO/USDT:USDT exit=2026-05-31 12:11:56 미매칭수량=13.00000000 orderID=3613635053565976576 tradeID=None
[진입유실 방지 자동보정] SHORT ONDO/USDT:USDT exit=2026-06-04 19:57:55 미매칭수량=18.00000000 orderID=3626169605609955328 tradeID=None
[진입유실 방지 자동보정] SHORT ONDO/USDT:USDT exit=2026-07-24 12:48:41 미매칭수량=4.00000000 orderID=3770260599027736576 tradeID=None
[진입유실 방지 자동보정] SHORT ADA/USDT:USDT exit=2026-06-15 18:07:56 미매칭수량=0.80000000 orderID=3657838324836671488 tradeID=None
[진입유실 방지 자동보정] SHORT ADA/USDT:USDT exit=2026-06-15 19:54:41 미매칭수량=0.80000000 orderID=3658053208425832448 tradeID=None
[진입유실 방지 자동보정] SHORT ADA/USDT:USDT exit=2026-06-15 20:18:33 미매칭수량=0.70000000 orderID=3658101280451272704 tradeID=None
[진입유실 방지 자동보정] SHORT ADA/USDT:USDT exit=2026-06-15 20:19:56 미매칭수량=0.70000000 orderID=3658104046410211328 tradeID=None
[진입유실 방지 자동보정] SHORT ADA/USDT:USDT exit=2026-06-15 20:20:18 미매칭수량=0.70000000 orderID=3658104812894101504 tradeID=None
[진입유실 방지 자동보정] SHORT ADA/USDT:USDT exit=2026-06-15 20:26:32 미매칭수량=0.70000000 orderID=3658117332119789568 tradeID=None
[진입유실 방지 자동보정] SHORT ADA/USDT:USDT exit=2026-06-15 20:44:55 미매칭수량=0.70000000 orderID=3658154361918529536 tradeID=None
[진입유실 방지 자동보정] SHORT ADA/USDT:USDT exit=2026-06-15 21:10:33 미매칭수량=0.70000000 orderID=3658205958837051392 tradeID=None
[진입유실 방지 자동보정] SHORT OKB/USDT:USDT exit=2026-06-21 03:12:28 미매칭수량=22.00000000 orderID=3673430118722904064 tradeID=None
[진입유실 방지 자동보정] SHORT OKB/USDT:USDT exit=2026-06-25 17:43:10 미매칭수량=16.00000000 orderID=3686779476461690880 tradeID=None
[진입유실 방지 자동보정] SHORT OKB/USDT:USDT exit=2026-06-25 20:10:48 미매칭수량=16.00000000 orderID=3687076707525926912 tradeID=None
[진입유실 방지 자동보정] LONG OKB/USDT:USDT exit=2026-06-26 12:38:51 미매칭수량=19.00000000 orderID=3689065905153843200 tradeID=None
[진입유실 방지 자동보정] LONG OKB/USDT:USDT exit=2026-06-26 15:55:46 미매칭수량=10.00000000 orderID=3689462344057036800 tradeID=None
[진입유실 방지 자동보정] LONG OKB/USDT:USDT exit=2026-07-22 11:42:03 미매칭수량=21.00000000 orderID=3764328224573825024 tradeID=None
[진입유실 방지 자동보정] LONG HYPE/USDT:USDT exit=2026-07-02 09:33:02 미매칭수량=1.00000000 orderID=3706086441083936768 tradeID=None
[진입유실 방지 자동보정] SHORT HYPE/USDT:USDT exit=2026-07-02 18:46:50 미매칭수량=1.00000000 orderID=3707201387012235264 tradeID=None
[진입유실 방지 자동보정] SHORT HYPE/USDT:USDT exit=2026-07-09 00:25:17 미매칭수량=24.00000000 orderID=3725277377667997696 tradeID=None
[진입유실 방지 자동보정] LONG HYPE/USDT:USDT exit=2026-07-09 06:18:38 미매칭수량=24.00000000 orderID=3725988764811730944 tradeID=None
[진입유실 방지 자동보정] LONG HYPE/USDT:USDT exit=2026-07-09 08:16:14 미매칭수량=23.00000000 orderID=3726225544848809984 tradeID=None
[진입유실 방지 자동보정] LONG HYPE/USDT:USDT exit=2026-07-13 19:30:19 미매칭수량=2.00000000 orderID=3739179042162810880 tradeID=None
[진입유실 방지 자동보정] LONG HYPE/USDT:USDT exit=2026-07-26 15:19:38 미매칭수량=2.00000000 orderID=3776362689651220480 tradeID=None
[진입유실 방지 자동보정] SHORT BTC/USDT:USDT exit=2026-07-07 21:35:36 미매칭수량=0.03000000 orderID=3722036669318373376 tradeID=None
[진입유실 방지 자동보정] SHORT BTC/USDT:USDT exit=2026-07-08 00:16:47 미매칭수량=0.04000000 orderID=3722361174263799808 tradeID=None
[진입유실 방지 자동보정] LONG BTC/USDT:USDT exit=2026-07-08 18:05:02 미매칭수량=0.03000000 orderID=3724511840214130688 tradeID=None
[진입유실 방지 자동보정] LONG BTC/USDT:USDT exit=2026-07-08 22:25:16 미매칭수량=0.03000000 orderID=3725035749082603520 tradeID=None
[진입유실 방지 자동보정] LONG BTC/USDT:USDT exit=2026-07-10 12:10:09 미매칭수량=0.25000000 orderID=3729595582481899520 tradeID=None
[진입유실 방지 자동보정] SHORT BTC/USDT:USDT exit=2026-07-10 20:40:19 미매칭수량=0.24000000 orderID=3730622678511591424 tradeID=None
[진입유실 방지 자동보정] SHORT BTC/USDT:USDT exit=2026-07-13 17:06:33 미매칭수량=0.02000000 orderID=3738889605591801856 tradeID=None
[진입유실 방지 자동보정] SHORT BTC/USDT:USDT exit=2026-07-23 01:38:30 미매칭수량=0.02000000 orderID=3766012229442543616 tradeID=None
[진입유실 방지 자동보정] SHORT XRP/USDT:USDT exit=2026-07-10 20:56:05 미매칭수량=1.43000000 orderID=3730654412548546560 tradeID=None
[진입유실 방지 자동보정] LONG XRP/USDT:USDT exit=2026-07-11 02:57:26 미매칭수량=0.14000000 orderID=3731381904544571392 tradeID=None
[진입유실 방지 자동보정] LONG XRP/USDT:USDT exit=2026-07-11 07:35:19 미매칭수량=0.14000000 orderID=3731941344905732096 tradeID=None
[진입유실 방지 자동보정] LONG XRP/USDT:USDT exit=2026-07-13 22:19:43 미매칭수량=0.15000000 orderID=3739520111387811840 tradeID=None
[진입유실 방지 자동보정] LONG KAITO/USDT:USDT exit=2026-05-23 07:44:17 미매칭수량=101.00000000 orderID=3589903302570221568 tradeID=None
[진입유실 방지 자동보정] LONG KAITO/USDT:USDT exit=2026-05-23 09:16:43 미매칭수량=103.00000000 orderID=3590089470679130112 tradeID=None
[진입유실 방지 자동보정] SHORT KAITO/USDT:USDT exit=2026-07-27 23:37:02 미매칭수량=9.00000000 orderID=3780263207016538112 tradeID=None
[진입유실 방지 자동보정] LONG KAITO/USDT:USDT exit=2026-07-28 00:17:06 미매칭수량=9.00000000 orderID=3780343864489091072 tradeID=None
[진입유실 방지 자동보정] LONG ONDO/USDT:USDT exit=2026-05-31 12:11:56 미매칭수량=13.00000000 orderID=3613635053565976576 tradeID=None
[진입유실 방지 자동보정] SHORT ONDO/USDT:USDT exit=2026-06-04 19:57:55 미매칭수량=18.00000000 orderID=3626169605609955328 tradeID=None
[진입유실 방지 자동보정] SHORT ONDO/USDT:USDT exit=2026-07-24 12:48:41 미매칭수량=4.00000000 orderID=3770260599027736576 tradeID=None
[진입유실 방지 자동보정] SHORT ADA/USDT:USDT exit=2026-06-15 18:07:56 미매칭수량=0.80000000 orderID=3657838324836671488 tradeID=None
[진입유실 방지 자동보정] SHORT ADA/USDT:USDT exit=2026-06-15 19:54:41 미매칭수량=0.80000000 orderID=3658053208425832448 tradeID=None
[진입유실 방지 자동보정] SHORT ADA/USDT:USDT exit=2026-06-15 20:18:33 미매칭수량=0.70000000 orderID=3658101280451272704 tradeID=None
[진입유실 방지 자동보정] SHORT ADA/USDT:USDT exit=2026-06-15 20:19:56 미매칭수량=0.70000000 orderID=3658104046410211328 tradeID=None
[진입유실 방지 자동보정] SHORT ADA/USDT:USDT exit=2026-06-15 20:20:18 미매칭수량=0.70000000 orderID=3658104812894101504 tradeID=None
[진입유실 방지 자동보정] SHORT ADA/USDT:USDT exit=2026-06-15 20:26:32 미매칭수량=0.70000000 orderID=3658117332119789568 tradeID=None
[진입유실 방지 자동보정] SHORT ADA/USDT:USDT exit=2026-06-15 20:44:55 미매칭수량=0.70000000 orderID=3658154361918529536 tradeID=None
[진입유실 방지 자동보정] SHORT ADA/USDT:USDT exit=2026-06-15 21:10:33 미매칭수량=0.70000000 orderID=3658205958837051392 tradeID=None
[진입유실 방지 자동보정] SHORT OKB/USDT:USDT exit=2026-06-21 03:12:28 미매칭수량=22.00000000 orderID=3673430118722904064 tradeID=None
[진입유실 방지 자동보정] SHORT OKB/USDT:USDT exit=2026-06-25 17:43:10 미매칭수량=16.00000000 orderID=3686779476461690880 tradeID=None
[진입유실 방지 자동보정] SHORT OKB/USDT:USDT exit=2026-06-25 20:10:48 미매칭수량=16.00000000 orderID=3687076707525926912 tradeID=None
[진입유실 방지 자동보정] LONG OKB/USDT:USDT exit=2026-06-26 12:38:51 미매칭수량=19.00000000 orderID=3689065905153843200 tradeID=None
[진입유실 방지 자동보정] LONG OKB/USDT:USDT exit=2026-06-26 15:55:46 미매칭수량=10.00000000 orderID=3689462344057036800 tradeID=None
[진입유실 방지 자동보정] LONG OKB/USDT:USDT exit=2026-07-22 11:42:03 미매칭수량=21.00000000 orderID=3764328224573825024 tradeID=None
[진입유실 방지 자동보정] LONG HYPE/USDT:USDT exit=2026-07-02 09:33:02 미매칭수량=1.00000000 orderID=3706086441083936768 tradeID=None
[진입유실 방지 자동보정] SHORT HYPE/USDT:USDT exit=2026-07-02 18:46:50 미매칭수량=1.00000000 orderID=3707201387012235264 tradeID=None
[진입유실 방지 자동보정] SHORT HYPE/USDT:USDT exit=2026-07-09 00:25:17 미매칭수량=24.00000000 orderID=3725277377667997696 tradeID=None
[진입유실 방지 자동보정] LONG HYPE/USDT:USDT exit=2026-07-09 06:18:38 미매칭수량=24.00000000 orderID=3725988764811730944 tradeID=None
[진입유실 방지 자동보정] LONG HYPE/USDT:USDT exit=2026-07-09 08:16:14 미매칭수량=23.00000000 orderID=3726225544848809984 tradeID=None
[진입유실 방지 자동보정] LONG HYPE/USDT:USDT exit=2026-07-13 19:30:19 미매칭수량=2.00000000 orderID=3739179042162810880 tradeID=None
[진입유실 방지 자동보정] LONG HYPE/USDT:USDT exit=2026-07-26 15:19:38 미매칭수량=2.00000000 orderID=3776362689651220480 tradeID=None
[진입유실 방지 자동보정] SHORT BTC/USDT:USDT exit=2026-07-07 21:35:36 미매칭수량=0.03000000 orderID=3722036669318373376 tradeID=None
[진입유실 방지 자동보정] SHORT BTC/USDT:USDT exit=2026-07-08 00:16:47 미매칭수량=0.04000000 orderID=3722361174263799808 tradeID=None
[진입유실 방지 자동보정] LONG BTC/USDT:USDT exit=2026-07-08 18:05:02 미매칭수량=0.03000000 orderID=3724511840214130688 tradeID=None
[진입유실 방지 자동보정] LONG BTC/USDT:USDT exit=2026-07-08 22:25:16 미매칭수량=0.03000000 orderID=3725035749082603520 tradeID=None
[진입유실 방지 자동보정] LONG BTC/USDT:USDT exit=2026-07-10 12:10:09 미매칭수량=0.25000000 orderID=3729595582481899520 tradeID=None
[진입유실 방지 자동보정] SHORT BTC/USDT:USDT exit=2026-07-10 20:40:19 미매칭수량=0.24000000 orderID=3730622678511591424 tradeID=None
[진입유실 방지 자동보정] SHORT BTC/USDT:USDT exit=2026-07-13 17:06:33 미매칭수량=0.02000000 orderID=3738889605591801856 tradeID=None
[진입유실 방지 자동보정] SHORT BTC/USDT:USDT exit=2026-07-23 01:38:30 미매칭수량=0.02000000 orderID=3766012229442543616 tradeID=None
[진입유실 방지 자동보정] SHORT XRP/USDT:USDT exit=2026-07-10 20:56:05 미매칭수량=1.43000000 orderID=3730654412548546560 tradeID=None
[진입유실 방지 자동보정] LONG XRP/USDT:USDT exit=2026-07-11 02:57:26 미매칭수량=0.14000000 orderID=3731381904544571392 tradeID=None
[진입유실 방지 자동보정] LONG XRP/USDT:USDT exit=2026-07-11 07:35:19 미매칭수량=0.14000000 orderID=3731941344905732096 tradeID=None
[진입유실 방지 자동보정] LONG XRP/USDT:USDT exit=2026-07-13 22:19:43 미매칭수량=0.15000000 orderID=3739520111387811840 tradeID=None
[CATFIX] pnl=0 청산 → 진입 재분류: KAITO/USDT:USDT buy 수량=9.00000000 tradeID=243056081
[진입유실 방지 자동보정] LONG KAITO/USDT:USDT exit=2026-05-23 07:44:17 미매칭수량=101.00000000 orderID=3589903302570221568 tradeID=None
[진입유실 방지 자동보정] LONG KAITO/USDT:USDT exit=2026-05-23 09:16:43 미매칭수량=103.00000000 orderID=3590089470679130112 tradeID=None
[진입유실 방지 자동보정] LONG ONDO/USDT:USDT exit=2026-05-31 12:11:56 미매칭수량=13.00000000 orderID=3613635053565976576 tradeID=None
[진입유실 방지 자동보정] SHORT ONDO/USDT:USDT exit=2026-06-04 19:57:55 미매칭수량=18.00000000 orderID=3626169605609955328 tradeID=None
[진입유실 방지 자동보정] SHORT ONDO/USDT:USDT exit=2026-07-24 12:48:41 미매칭수량=4.00000000 orderID=3770260599027736576 tradeID=None
[진입유실 방지 자동보정] SHORT ADA/USDT:USDT exit=2026-06-15 18:07:56 미매칭수량=0.80000000 orderID=3657838324836671488 tradeID=None
[진입유실 방지 자동보정] SHORT ADA/USDT:USDT exit=2026-06-15 19:54:41 미매칭수량=0.80000000 orderID=3658053208425832448 tradeID=None
[진입유실 방지 자동보정] SHORT ADA/USDT:USDT exit=2026-06-15 20:18:33 미매칭수량=0.70000000 orderID=3658101280451272704 tradeID=None
[진입유실 방지 자동보정] SHORT ADA/USDT:USDT exit=2026-06-15 20:19:56 미매칭수량=0.70000000 orderID=3658104046410211328 tradeID=None
[진입유실 방지 자동보정] SHORT ADA/USDT:USDT exit=2026-06-15 20:20:18 미매칭수량=0.70000000 orderID=3658104812894101504 tradeID=None
[진입유실 방지 자동보정] SHORT ADA/USDT:USDT exit=2026-06-15 20:26:32 미매칭수량=0.70000000 orderID=3658117332119789568 tradeID=None
[진입유실 방지 자동보정] SHORT ADA/USDT:USDT exit=2026-06-15 20:44:55 미매칭수량=0.70000000 orderID=3658154361918529536 tradeID=None
[진입유실 방지 자동보정] SHORT ADA/USDT:USDT exit=2026-06-15 21:10:33 미매칭수량=0.70000000 orderID=3658205958837051392 tradeID=None
[진입유실 방지 자동보정] SHORT OKB/USDT:USDT exit=2026-06-21 03:12:28 미매칭수량=22.00000000 orderID=3673430118722904064 tradeID=None
[진입유실 방지 자동보정] SHORT OKB/USDT:USDT exit=2026-06-25 17:43:10 미매칭수량=16.00000000 orderID=3686779476461690880 tradeID=None
[진입유실 방지 자동보정] SHORT OKB/USDT:USDT exit=2026-06-25 20:10:48 미매칭수량=16.00000000 orderID=3687076707525926912 tradeID=None
[진입유실 방지 자동보정] LONG OKB/USDT:USDT exit=2026-06-26 12:38:51 미매칭수량=19.00000000 orderID=3689065905153843200 tradeID=None
[진입유실 방지 자동보정] LONG OKB/USDT:USDT exit=2026-06-26 15:55:46 미매칭수량=10.00000000 orderID=3689462344057036800 tradeID=None
[진입유실 방지 자동보정] LONG OKB/USDT:USDT exit=2026-07-22 11:42:03 미매칭수량=21.00000000 orderID=3764328224573825024 tradeID=None
[진입유실 방지 자동보정] LONG HYPE/USDT:USDT exit=2026-07-02 09:33:02 미매칭수량=1.00000000 orderID=3706086441083936768 tradeID=None
[진입유실 방지 자동보정] SHORT HYPE/USDT:USDT exit=2026-07-02 18:46:50 미매칭수량=1.00000000 orderID=3707201387012235264 tradeID=None
[진입유실 방지 자동보정] SHORT HYPE/USDT:USDT exit=2026-07-09 00:25:17 미매칭수량=24.00000000 orderID=3725277377667997696 tradeID=None
[진입유실 방지 자동보정] LONG HYPE/USDT:USDT exit=2026-07-09 06:18:38 미매칭수량=24.00000000 orderID=3725988764811730944 tradeID=None
[진입유실 방지 자동보정] LONG HYPE/USDT:USDT exit=2026-07-09 08:16:14 미매칭수량=23.00000000 orderID=3726225544848809984 tradeID=None
[진입유실 방지 자동보정] LONG HYPE/USDT:USDT exit=2026-07-13 19:30:19 미매칭수량=2.00000000 orderID=3739179042162810880 tradeID=None
[진입유실 방지 자동보정] LONG HYPE/USDT:USDT exit=2026-07-26 15:19:38 미매칭수량=2.00000000 orderID=3776362689651220480 tradeID=None
[진입유실 방지 자동보정] SHORT BTC/USDT:USDT exit=2026-07-07 21:35:36 미매칭수량=0.03000000 orderID=3722036669318373376 tradeID=None
[진입유실 방지 자동보정] SHORT BTC/USDT:USDT exit=2026-07-08 00:16:47 미매칭수량=0.04000000 orderID=3722361174263799808 tradeID=None
[진입유실 방지 자동보정] LONG BTC/USDT:USDT exit=2026-07-08 18:05:02 미매칭수량=0.03000000 orderID=3724511840214130688 tradeID=None
[진입유실 방지 자동보정] LONG BTC/USDT:USDT exit=2026-07-08 22:25:16 미매칭수량=0.03000000 orderID=3725035749082603520 tradeID=None
[진입유실 방지 자동보정] LONG BTC/USDT:USDT exit=2026-07-10 12:10:09 미매칭수량=0.25000000 orderID=3729595582481899520 tradeID=None
[진입유실 방지 자동보정] SHORT BTC/USDT:USDT exit=2026-07-10 20:40:19 미매칭수량=0.24000000 orderID=3730622678511591424 tradeID=None
[진입유실 방지 자동보정] SHORT BTC/USDT:USDT exit=2026-07-13 17:06:33 미매칭수량=0.02000000 orderID=3738889605591801856 tradeID=None
[진입유실 방지 자동보정] SHORT BTC/USDT:USDT exit=2026-07-23 01:38:30 미매칭수량=0.02000000 orderID=3766012229442543616 tradeID=None
[진입유실 방지 자동보정] SHORT XRP/USDT:USDT exit=2026-07-10 20:56:05 미매칭수량=1.43000000 orderID=3730654412548546560 tradeID=None
[진입유실 방지 자동보정] LONG XRP/USDT:USDT exit=2026-07-11 02:57:26 미매칭수량=0.14000000 orderID=3731381904544571392 tradeID=None
[진입유실 방지 자동보정] LONG XRP/USDT:USDT exit=2026-07-11 07:35:19 미매칭수량=0.14000000 orderID=3731941344905732096 tradeID=None
[진입유실 방지 자동보정] LONG XRP/USDT:USDT exit=2026-07-13 22:19:43 미매칭수량=0.15000000 orderID=3739520111387811840 tradeID=None
[진입유실 방지 자동보정] LONG KAITO/USDT:USDT exit=2026-05-23 07:44:17 미매칭수량=101.00000000 orderID=3589903302570221568 tradeID=None
[진입유실 방지 자동보정] LONG KAITO/USDT:USDT exit=2026-05-23 09:16:43 미매칭수량=103.00000000 orderID=3590089470679130112 tradeID=None
[진입유실 방지 자동보정] SHORT KAITO/USDT:USDT exit=2026-07-27 23:37:02 미매칭수량=9.00000000 orderID=3780263207016538112 tradeID=None
[진입유실 방지 자동보정] LONG KAITO/USDT:USDT exit=2026-07-28 00:17:06 미매칭수량=9.00000000 orderID=3780343864489091072 tradeID=None
[진입유실 방지 자동보정] LONG ONDO/USDT:USDT exit=2026-05-31 12:11:56 미매칭수량=13.00000000 orderID=3613635053565976576 tradeID=None
[진입유실 방지 자동보정] SHORT ONDO/USDT:USDT exit=2026-06-04 19:57:55 미매칭수량=18.00000000 orderID=3626169605609955328 tradeID=None
[진입유실 방지 자동보정] SHORT ONDO/USDT:USDT exit=2026-07-24 12:48:41 미매칭수량=4.00000000 orderID=3770260599027736576 tradeID=None
[진입유실 방지 자동보정] SHORT ADA/USDT:USDT exit=2026-06-15 18:07:56 미매칭수량=0.80000000 orderID=3657838324836671488 tradeID=None
[진입유실 방지 자동보정] SHORT ADA/USDT:USDT exit=2026-06-15 19:54:41 미매칭수량=0.80000000 orderID=3658053208425832448 tradeID=None
[진입유실 방지 자동보정] SHORT ADA/USDT:USDT exit=2026-06-15 20:18:33 미매칭수량=0.70000000 orderID=3658101280451272704 tradeID=None
[진입유실 방지 자동보정] SHORT ADA/USDT:USDT exit=2026-06-15 20:19:56 미매칭수량=0.70000000 orderID=3658104046410211328 tradeID=None
[진입유실 방지 자동보정] SHORT ADA/USDT:USDT exit=2026-06-15 20:20:18 미매칭수량=0.70000000 orderID=3658104812894101504 tradeID=None
[진입유실 방지 자동보정] SHORT ADA/USDT:USDT exit=2026-06-15 20:26:32 미매칭수량=0.70000000 orderID=3658117332119789568 tradeID=None
[진입유실 방지 자동보정] SHORT ADA/USDT:USDT exit=2026-06-15 20:44:55 미매칭수량=0.70000000 orderID=3658154361918529536 tradeID=None
[진입유실 방지 자동보정] SHORT ADA/USDT:USDT exit=2026-06-15 21:10:33 미매칭수량=0.70000000 orderID=3658205958837051392 tradeID=None
[진입유실 방지 자동보정] SHORT OKB/USDT:USDT exit=2026-06-21 03:12:28 미매칭수량=22.00000000 orderID=3673430118722904064 tradeID=None
[진입유실 방지 자동보정] SHORT OKB/USDT:USDT exit=2026-06-25 17:43:10 미매칭수량=16.00000000 orderID=3686779476461690880 tradeID=None
[진입유실 방지 자동보정] SHORT OKB/USDT:USDT exit=2026-06-25 20:10:48 미매칭수량=16.00000000 orderID=3687076707525926912 tradeID=None
[진입유실 방지 자동보정] LONG OKB/USDT:USDT exit=2026-06-26 12:38:51 미매칭수량=19.00000000 orderID=3689065905153843200 tradeID=None
[진입유실 방지 자동보정] LONG OKB/USDT:USDT exit=2026-06-26 15:55:46 미매칭수량=10.00000000 orderID=3689462344057036800 tradeID=None
[진입유실 방지 자동보정] LONG OKB/USDT:USDT exit=2026-07-22 11:42:03 미매칭수량=21.00000000 orderID=3764328224573825024 tradeID=None
[진입유실 방지 자동보정] LONG HYPE/USDT:USDT exit=2026-07-02 09:33:02 미매칭수량=1.00000000 orderID=3706086441083936768 tradeID=None
[진입유실 방지 자동보정] SHORT HYPE/USDT:USDT exit=2026-07-02 18:46:50 미매칭수량=1.00000000 orderID=3707201387012235264 tradeID=None
[진입유실 방지 자동보정] SHORT HYPE/USDT:USDT exit=2026-07-09 00:25:17 미매칭수량=24.00000000 orderID=3725277377667997696 tradeID=None
[진입유실 방지 자동보정] LONG HYPE/USDT:USDT exit=2026-07-09 06:18:38 미매칭수량=24.00000000 orderID=3725988764811730944 tradeID=None
[진입유실 방지 자동보정] LONG HYPE/USDT:USDT exit=2026-07-09 08:16:14 미매칭수량=23.00000000 orderID=3726225544848809984 tradeID=None
[진입유실 방지 자동보정] LONG HYPE/USDT:USDT exit=2026-07-13 19:30:19 미매칭수량=2.00000000 orderID=3739179042162810880 tradeID=None
[진입유실 방지 자동보정] LONG HYPE/USDT:USDT exit=2026-07-26 15:19:38 미매칭수량=2.00000000 orderID=3776362689651220480 tradeID=None
[진입유실 방지 자동보정] SHORT BTC/USDT:USDT exit=2026-07-07 21:35:36 미매칭수량=0.03000000 orderID=3722036669318373376 tradeID=None
[진입유실 방지 자동보정] SHORT BTC/USDT:USDT exit=2026-07-08 00:16:47 미매칭수량=0.04000000 orderID=3722361174263799808 tradeID=None
[진입유실 방지 자동보정] LONG BTC/USDT:USDT exit=2026-07-08 18:05:02 미매칭수량=0.03000000 orderID=3724511840214130688 tradeID=None
[진입유실 방지 자동보정] LONG BTC/USDT:USDT exit=2026-07-08 22:25:16 미매칭수량=0.03000000 orderID=3725035749082603520 tradeID=None
[진입유실 방지 자동보정] LONG BTC/USDT:USDT exit=2026-07-10 12:10:09 미매칭수량=0.25000000 orderID=3729595582481899520 tradeID=None
[진입유실 방지 자동보정] SHORT BTC/USDT:USDT exit=2026-07-10 20:40:19 미매칭수량=0.24000000 orderID=3730622678511591424 tradeID=None
[진입유실 방지 자동보정] SHORT BTC/USDT:USDT exit=2026-07-13 17:06:33 미매칭수량=0.02000000 orderID=3738889605591801856 tradeID=None
[진입유실 방지 자동보정] SHORT BTC/USDT:USDT exit=2026-07-23 01:38:30 미매칭수량=0.02000000 orderID=3766012229442543616 tradeID=None
[진입유실 방지 자동보정] SHORT XRP/USDT:USDT exit=2026-07-10 20:56:05 미매칭수량=1.43000000 orderID=3730654412548546560 tradeID=None
[진입유실 방지 자동보정] LONG XRP/USDT:USDT exit=2026-07-11 02:57:26 미매칭수량=0.14000000 orderID=3731381904544571392 tradeID=None
[진입유실 방지 자동보정] LONG XRP/USDT:USDT exit=2026-07-11 07:35:19 미매칭수량=0.14000000 orderID=3731941344905732096 tradeID=None
[진입유실 방지 자동보정] LONG XRP/USDT:USDT exit=2026-07-13 22:19:43 미매칭수량=0.15000000 orderID=3739520111387811840 tradeID=None
[진입유실 방지 자동보정] LONG KAITO/USDT:USDT exit=2026-05-23 07:44:17 미매칭수량=101.00000000 orderID=3589903302570221568 tradeID=None
[진입유실 방지 자동보정] LONG KAITO/USDT:USDT exit=2026-05-23 09:16:43 미매칭수량=103.00000000 orderID=3590089470679130112 tradeID=None
[진입유실 방지 자동보정] SHORT KAITO/USDT:USDT exit=2026-07-27 23:37:02 미매칭수량=9.00000000 orderID=3780263207016538112 tradeID=None
[진입유실 방지 자동보정] LONG KAITO/USDT:USDT exit=2026-07-28 00:17:06 미매칭수량=9.00000000 orderID=3780343864489091072 tradeID=None
[진입유실 방지 자동보정] LONG ONDO/USDT:USDT exit=2026-05-31 12:11:56 미매칭수량=13.00000000 orderID=3613635053565976576 tradeID=None
[진입유실 방지 자동보정] SHORT ONDO/USDT:USDT exit=2026-06-04 19:57:55 미매칭수량=18.00000000 orderID=3626169605609955328 tradeID=None
[진입유실 방지 자동보정] SHORT ONDO/USDT:USDT exit=2026-07-24 12:48:41 미매칭수량=4.00000000 orderID=3770260599027736576 tradeID=None
[진입유실 방지 자동보정] SHORT ADA/USDT:USDT exit=2026-06-15 18:07:56 미매칭수량=0.80000000 orderID=3657838324836671488 tradeID=None
[진입유실 방지 자동보정] SHORT ADA/USDT:USDT exit=2026-06-15 19:54:41 미매칭수량=0.80000000 orderID=3658053208425832448 tradeID=None
[진입유실 방지 자동보정] SHORT ADA/USDT:USDT exit=2026-06-15 20:18:33 미매칭수량=0.70000000 orderID=3658101280451272704 tradeID=None
[진입유실 방지 자동보정] SHORT ADA/USDT:USDT exit=2026-06-15 20:19:56 미매칭수량=0.70000000 orderID=3658104046410211328 tradeID=None
[진입유실 방지 자동보정] SHORT ADA/USDT:USDT exit=2026-06-15 20:20:18 미매칭수량=0.70000000 orderID=3658104812894101504 tradeID=None
[진입유실 방지 자동보정] SHORT ADA/USDT:USDT exit=2026-06-15 20:26:32 미매칭수량=0.70000000 orderID=3658117332119789568 tradeID=None
[진입유실 방지 자동보정] SHORT ADA/USDT:USDT exit=2026-06-15 20:44:55 미매칭수량=0.70000000 orderID=3658154361918529536 tradeID=None
[진입유실 방지 자동보정] SHORT ADA/USDT:USDT exit=2026-06-15 21:10:33 미매칭수량=0.70000000 orderID=3658205958837051392 tradeID=None
[진입유실 방지 자동보정] SHORT OKB/USDT:USDT exit=2026-06-21 03:12:28 미매칭수량=22.00000000 orderID=3673430118722904064 tradeID=None
[진입유실 방지 자동보정] SHORT OKB/USDT:USDT exit=2026-06-25 17:43:10 미매칭수량=16.00000000 orderID=3686779476461690880 tradeID=None
[진입유실 방지 자동보정] SHORT OKB/USDT:USDT exit=2026-06-25 20:10:48 미매칭수량=16.00000000 orderID=3687076707525926912 tradeID=None
[진입유실 방지 자동보정] LONG OKB/USDT:USDT exit=2026-06-26 12:38:51 미매칭수량=19.00000000 orderID=3689065905153843200 tradeID=None
[진입유실 방지 자동보정] LONG OKB/USDT:USDT exit=2026-06-26 15:55:46 미매칭수량=10.00000000 orderID=3689462344057036800 tradeID=None
[진입유실 방지 자동보정] LONG OKB/USDT:USDT exit=2026-07-22 11:42:03 미매칭수량=21.00000000 orderID=3764328224573825024 tradeID=None
[진입유실 방지 자동보정] LONG HYPE/USDT:USDT exit=2026-07-02 09:33:02 미매칭수량=1.00000000 orderID=3706086441083936768 tradeID=None
[진입유실 방지 자동보정] SHORT HYPE/USDT:USDT exit=2026-07-02 18:46:50 미매칭수량=1.00000000 orderID=3707201387012235264 tradeID=None
[진입유실 방지 자동보정] SHORT HYPE/USDT:USDT exit=2026-07-09 00:25:17 미매칭수량=24.00000000 orderID=3725277377667997696 tradeID=None
[진입유실 방지 자동보정] LONG HYPE/USDT:USDT exit=2026-07-09 06:18:38 미매칭수량=24.00000000 orderID=3725988764811730944 tradeID=None
[진입유실 방지 자동보정] LONG HYPE/USDT:USDT exit=2026-07-09 08:16:14 미매칭수량=23.00000000 orderID=3726225544848809984 tradeID=None
[진입유실 방지 자동보정] LONG HYPE/USDT:USDT exit=2026-07-13 19:30:19 미매칭수량=2.00000000 orderID=3739179042162810880 tradeID=None
[진입유실 방지 자동보정] LONG HYPE/USDT:USDT exit=2026-07-26 15:19:38 미매칭수량=2.00000000 orderID=3776362689651220480 tradeID=None
[진입유실 방지 자동보정] SHORT BTC/USDT:USDT exit=2026-07-07 21:35:36 미매칭수량=0.03000000 orderID=3722036669318373376 tradeID=None
[진입유실 방지 자동보정] SHORT BTC/USDT:USDT exit=2026-07-08 00:16:47 미매칭수량=0.04000000 orderID=3722361174263799808 tradeID=None
[진입유실 방지 자동보정] LONG BTC/USDT:USDT exit=2026-07-08 18:05:02 미매칭수량=0.03000000 orderID=3724511840214130688 tradeID=None
[진입유실 방지 자동보정] LONG BTC/USDT:USDT exit=2026-07-08 22:25:16 미매칭수량=0.03000000 orderID=3725035749082603520 tradeID=None
[진입유실 방지 자동보정] LONG BTC/USDT:USDT exit=2026-07-10 12:10:09 미매칭수량=0.25000000 orderID=3729595582481899520 tradeID=None
[진입유실 방지 자동보정] SHORT BTC/USDT:USDT exit=2026-07-10 20:40:19 미매칭수량=0.24000000 orderID=3730622678511591424 tradeID=None
[진입유실 방지 자동보정] SHORT BTC/USDT:USDT exit=2026-07-13 17:06:33 미매칭수량=0.02000000 orderID=3738889605591801856 tradeID=None
[진입유실 방지 자동보정] SHORT BTC/USDT:USDT exit=2026-07-23 01:38:30 미매칭수량=0.02000000 orderID=3766012229442543616 tradeID=None
[진입유실 방지 자동보정] SHORT XRP/USDT:USDT exit=2026-07-10 20:56:05 미매칭수량=1.43000000 orderID=3730654412548546560 tradeID=None
[진입유실 방지 자동보정] LONG XRP/USDT:USDT exit=2026-07-11 02:57:26 미매칭수량=0.14000000 orderID=3731381904544571392 tradeID=None
[진입유실 방지 자동보정] LONG XRP/USDT:USDT exit=2026-07-11 07:35:19 미매칭수량=0.14000000 orderID=3731941344905732096 tradeID=None
[진입유실 방지 자동보정] LONG XRP/USDT:USDT exit=2026-07-13 22:19:43 미매칭수량=0.15000000 orderID=3739520111387811840 tradeID=None
[진입유실 방지 자동보정] LONG KAITO/USDT:USDT exit=2026-05-23 07:44:17 미매칭수량=101.00000000 orderID=3589903302570221568 tradeID=None
[진입유실 방지 자동보정] LONG KAITO/USDT:USDT exit=2026-05-23 09:16:43 미매칭수량=103.00000000 orderID=3590089470679130112 tradeID=None
[진입유실 방지 자동보정] SHORT KAITO/USDT:USDT exit=2026-07-27 23:37:02 미매칭수량=9.00000000 orderID=3780263207016538112 tradeID=None
[진입유실 방지 자동보정] LONG KAITO/USDT:USDT exit=2026-07-28 00:17:06 미매칭수량=9.00000000 orderID=3780343864489091072 tradeID=None
[진입유실 방지 자동보정] LONG ONDO/USDT:USDT exit=2026-05-31 12:11:56 미매칭수량=13.00000000 orderID=3613635053565976576 tradeID=None
[진입유실 방지 자동보정] SHORT ONDO/USDT:USDT exit=2026-06-04 19:57:55 미매칭수량=18.00000000 orderID=3626169605609955328 tradeID=None
[진입유실 방지 자동보정] SHORT ONDO/USDT:USDT exit=2026-07-24 12:48:41 미매칭수량=4.00000000 orderID=3770260599027736576 tradeID=None
[진입유실 방지 자동보정] SHORT ADA/USDT:USDT exit=2026-06-15 18:07:56 미매칭수량=0.80000000 orderID=3657838324836671488 tradeID=None
[진입유실 방지 자동보정] SHORT ADA/USDT:USDT exit=2026-06-15 19:54:41 미매칭수량=0.80000000 orderID=3658053208425832448 tradeID=None
[진입유실 방지 자동보정] SHORT ADA/USDT:USDT exit=2026-06-15 20:18:33 미매칭수량=0.70000000 orderID=3658101280451272704 tradeID=None
[진입유실 방지 자동보정] SHORT ADA/USDT:USDT exit=2026-06-15 20:19:56 미매칭수량=0.70000000 orderID=3658104046410211328 tradeID=None
[진입유실 방지 자동보정] SHORT ADA/USDT:USDT exit=2026-06-15 20:20:18 미매칭수량=0.70000000 orderID=3658104812894101504 tradeID=None
[진입유실 방지 자동보정] SHORT ADA/USDT:USDT exit=2026-06-15 20:26:32 미매칭수량=0.70000000 orderID=3658117332119789568 tradeID=None
[진입유실 방지 자동보정] SHORT ADA/USDT:USDT exit=2026-06-15 20:44:55 미매칭수량=0.70000000 orderID=3658154361918529536 tradeID=None
[진입유실 방지 자동보정] SHORT ADA/USDT:USDT exit=2026-06-15 21:10:33 미매칭수량=0.70000000 orderID=3658205958837051392 tradeID=None
[진입유실 방지 자동보정] SHORT OKB/USDT:USDT exit=2026-06-21 03:12:28 미매칭수량=22.00000000 orderID=3673430118722904064 tradeID=None
[진입유실 방지 자동보정] SHORT OKB/USDT:USDT exit=2026-06-25 17:43:10 미매칭수량=16.00000000 orderID=3686779476461690880 tradeID=None
[진입유실 방지 자동보정] SHORT OKB/USDT:USDT exit=2026-06-25 20:10:48 미매칭수량=16.00000000 orderID=3687076707525926912 tradeID=None
[진입유실 방지 자동보정] LONG OKB/USDT:USDT exit=2026-06-26 12:38:51 미매칭수량=19.00000000 orderID=3689065905153843200 tradeID=None
[진입유실 방지 자동보정] LONG OKB/USDT:USDT exit=2026-06-26 15:55:46 미매칭수량=10.00000000 orderID=3689462344057036800 tradeID=None
[진입유실 방지 자동보정] LONG OKB/USDT:USDT exit=2026-07-22 11:42:03 미매칭수량=21.00000000 orderID=3764328224573825024 tradeID=None
[진입유실 방지 자동보정] LONG HYPE/USDT:USDT exit=2026-07-02 09:33:02 미매칭수량=1.00000000 orderID=3706086441083936768 tradeID=None
[진입유실 방지 자동보정] SHORT HYPE/USDT:USDT exit=2026-07-02 18:46:50 미매칭수량=1.00000000 orderID=3707201387012235264 tradeID=None
[진입유실 방지 자동보정] SHORT HYPE/USDT:USDT exit=2026-07-09 00:25:17 미매칭수량=24.00000000 orderID=3725277377667997696 tradeID=None
[진입유실 방지 자동보정] LONG HYPE/USDT:USDT exit=2026-07-09 06:18:38 미매칭수량=24.00000000 orderID=3725988764811730944 tradeID=None
[진입유실 방지 자동보정] LONG HYPE/USDT:USDT exit=2026-07-09 08:16:14 미매칭수량=23.00000000 orderID=3726225544848809984 tradeID=None
[진입유실 방지 자동보정] LONG HYPE/USDT:USDT exit=2026-07-13 19:30:19 미매칭수량=2.00000000 orderID=3739179042162810880 tradeID=None
[진입유실 방지 자동보정] LONG HYPE/USDT:USDT exit=2026-07-26 15:19:38 미매칭수량=2.00000000 orderID=3776362689651220480 tradeID=None
[진입유실 방지 자동보정] SHORT BTC/USDT:USDT exit=2026-07-07 21:35:36 미매칭수량=0.03000000 orderID=3722036669318373376 tradeID=None
[진입유실 방지 자동보정] SHORT BTC/USDT:USDT exit=2026-07-08 00:16:47 미매칭수량=0.04000000 orderID=3722361174263799808 tradeID=None
[진입유실 방지 자동보정] LONG BTC/USDT:USDT exit=2026-07-08 18:05:02 미매칭수량=0.03000000 orderID=3724511840214130688 tradeID=None
[진입유실 방지 자동보정] LONG BTC/USDT:USDT exit=2026-07-08 22:25:16 미매칭수량=0.03000000 orderID=3725035749082603520 tradeID=None
[진입유실 방지 자동보정] LONG BTC/USDT:USDT exit=2026-07-10 12:10:09 미매칭수량=0.25000000 orderID=3729595582481899520 tradeID=None
[진입유실 방지 자동보정] SHORT BTC/USDT:USDT exit=2026-07-10 20:40:19 미매칭수량=0.24000000 orderID=3730622678511591424 tradeID=None
[진입유실 방지 자동보정] SHORT BTC/USDT:USDT exit=2026-07-13 17:06:33 미매칭수량=0.02000000 orderID=3738889605591801856 tradeID=None
[진입유실 방지 자동보정] SHORT BTC/USDT:USDT exit=2026-07-23 01:38:30 미매칭수량=0.02000000 orderID=3766012229442543616 tradeID=None
[진입유실 방지 자동보정] SHORT XRP/USDT:USDT exit=2026-07-10 20:56:05 미매칭수량=1.43000000 orderID=3730654412548546560 tradeID=None
[진입유실 방지 자동보정] LONG XRP/USDT:USDT exit=2026-07-11 02:57:26 미매칭수량=0.14000000 orderID=3731381904544571392 tradeID=None
[진입유실 방지 자동보정] LONG XRP/USDT:USDT exit=2026-07-11 07:35:19 미매칭수량=0.14000000 orderID=3731941344905732096 tradeID=None
[진입유실 방지 자동보정] LONG XRP/USDT:USDT exit=2026-07-13 22:19:43 미매칭수량=0.15000000 orderID=3739520111387811840 tradeID=None
[진입유실 방지 자동보정] LONG KAITO/USDT:USDT exit=2026-05-23 07:44:17 미매칭수량=101.00000000 orderID=3589903302570221568 tradeID=None
[진입유실 방지 자동보정] LONG KAITO/USDT:USDT exit=2026-05-23 09:16:43 미매칭수량=103.00000000 orderID=3590089470679130112 tradeID=None
[진입유실 방지 자동보정] SHORT KAITO/USDT:USDT exit=2026-07-27 23:37:02 미매칭수량=9.00000000 orderID=3780263207016538112 tradeID=None
[진입유실 방지 자동보정] LONG KAITO/USDT:USDT exit=2026-07-28 00:17:06 미매칭수량=9.00000000 orderID=3780343864489091072 tradeID=None
[진입유실 방지 자동보정] LONG ONDO/USDT:USDT exit=2026-05-31 12:11:56 미매칭수량=13.00000000 orderID=3613635053565976576 tradeID=None
[진입유실 방지 자동보정] SHORT ONDO/USDT:USDT exit=2026-06-04 19:57:55 미매칭수량=18.00000000 orderID=3626169605609955328 tradeID=None
[진입유실 방지 자동보정] SHORT ONDO/USDT:USDT exit=2026-07-24 12:48:41 미매칭수량=4.00000000 orderID=3770260599027736576 tradeID=None
[진입유실 방지 자동보정] SHORT ADA/USDT:USDT exit=2026-06-15 18:07:56 미매칭수량=0.80000000 orderID=3657838324836671488 tradeID=None
[진입유실 방지 자동보정] SHORT ADA/USDT:USDT exit=2026-06-15 19:54:41 미매칭수량=0.80000000 orderID=3658053208425832448 tradeID=None
[진입유실 방지 자동보정] SHORT ADA/USDT:USDT exit=2026-06-15 20:18:33 미매칭수량=0.70000000 orderID=3658101280451272704 tradeID=None
[진입유실 방지 자동보정] SHORT ADA/USDT:USDT exit=2026-06-15 20:19:56 미매칭수량=0.70000000 orderID=3658104046410211328 tradeID=None
[진입유실 방지 자동보정] SHORT ADA/USDT:USDT exit=2026-06-15 20:20:18 미매칭수량=0.70000000 orderID=3658104812894101504 tradeID=None
[진입유실 방지 자동보정] SHORT ADA/USDT:USDT exit=2026-06-15 20:26:32 미매칭수량=0.70000000 orderID=3658117332119789568 tradeID=None
[진입유실 방지 자동보정] SHORT ADA/USDT:USDT exit=2026-06-15 20:44:55 미매칭수량=0.70000000 orderID=3658154361918529536 tradeID=None
[진입유실 방지 자동보정] SHORT ADA/USDT:USDT exit=2026-06-15 21:10:33 미매칭수량=0.70000000 orderID=3658205958837051392 tradeID=None
[진입유실 방지 자동보정] SHORT OKB/USDT:USDT exit=2026-06-21 03:12:28 미매칭수량=22.00000000 orderID=3673430118722904064 tradeID=None
[진입유실 방지 자동보정] SHORT OKB/USDT:USDT exit=2026-06-25 17:43:10 미매칭수량=16.00000000 orderID=3686779476461690880 tradeID=None
[진입유실 방지 자동보정] SHORT OKB/USDT:USDT exit=2026-06-25 20:10:48 미매칭수량=16.00000000 orderID=3687076707525926912 tradeID=None
[진입유실 방지 자동보정] LONG OKB/USDT:USDT exit=2026-06-26 12:38:51 미매칭수량=19.00000000 orderID=3689065905153843200 tradeID=None
[진입유실 방지 자동보정] LONG OKB/USDT:USDT exit=2026-06-26 15:55:46 미매칭수량=10.00000000 orderID=3689462344057036800 tradeID=None
[진입유실 방지 자동보정] LONG OKB/USDT:USDT exit=2026-07-22 11:42:03 미매칭수량=21.00000000 orderID=3764328224573825024 tradeID=None
[진입유실 방지 자동보정] LONG HYPE/USDT:USDT exit=2026-07-02 09:33:02 미매칭수량=1.00000000 orderID=3706086441083936768 tradeID=None
[진입유실 방지 자동보정] SHORT HYPE/USDT:USDT exit=2026-07-02 18:46:50 미매칭수량=1.00000000 orderID=3707201387012235264 tradeID=None
[진입유실 방지 자동보정] SHORT HYPE/USDT:USDT exit=2026-07-09 00:25:17 미매칭수량=24.00000000 orderID=3725277377667997696 tradeID=None
[진입유실 방지 자동보정] LONG HYPE/USDT:USDT exit=2026-07-09 06:18:38 미매칭수량=24.00000000 orderID=3725988764811730944 tradeID=None
[진입유실 방지 자동보정] LONG HYPE/USDT:USDT exit=2026-07-09 08:16:14 미매칭수량=23.00000000 orderID=3726225544848809984 tradeID=None
[진입유실 방지 자동보정] LONG HYPE/USDT:USDT exit=2026-07-13 19:30:19 미매칭수량=2.00000000 orderID=3739179042162810880 tradeID=None
[진입유실 방지 자동보정] LONG HYPE/USDT:USDT exit=2026-07-26 15:19:38 미매칭수량=2.00000000 orderID=3776362689651220480 tradeID=None
[진입유실 방지 자동보정] SHORT BTC/USDT:USDT exit=2026-07-07 21:35:36 미매칭수량=0.03000000 orderID=3722036669318373376 tradeID=None
[진입유실 방지 자동보정] SHORT BTC/USDT:USDT exit=2026-07-08 00:16:47 미매칭수량=0.04000000 orderID=3722361174263799808 tradeID=None
[진입유실 방지 자동보정] LONG BTC/USDT:USDT exit=2026-07-08 18:05:02 미매칭수량=0.03000000 orderID=3724511840214130688 tradeID=None
[진입유실 방지 자동보정] LONG BTC/USDT:USDT exit=2026-07-08 22:25:16 미매칭수량=0.03000000 orderID=3725035749082603520 tradeID=None
[진입유실 방지 자동보정] LONG BTC/USDT:USDT exit=2026-07-10 12:10:09 미매칭수량=0.25000000 orderID=3729595582481899520 tradeID=None
[진입유실 방지 자동보정] SHORT BTC/USDT:USDT exit=2026-07-10 20:40:19 미매칭수량=0.24000000 orderID=3730622678511591424 tradeID=None
[진입유실 방지 자동보정] SHORT BTC/USDT:USDT exit=2026-07-13 17:06:33 미매칭수량=0.02000000 orderID=3738889605591801856 tradeID=None
[진입유실 방지 자동보정] SHORT BTC/USDT:USDT exit=2026-07-23 01:38:30 미매칭수량=0.02000000 orderID=3766012229442543616 tradeID=None
[진입유실 방지 자동보정] SHORT XRP/USDT:USDT exit=2026-07-10 20:56:05 미매칭수량=1.43000000 orderID=3730654412548546560 tradeID=None
[진입유실 방지 자동보정] LONG XRP/USDT:USDT exit=2026-07-11 02:57:26 미매칭수량=0.14000000 orderID=3731381904544571392 tradeID=None
[진입유실 방지 자동보정] LONG XRP/USDT:USDT exit=2026-07-11 07:35:19 미매칭수량=0.14000000 orderID=3731941344905732096 tradeID=None
[진입유실 방지 자동보정] LONG XRP/USDT:USDT exit=2026-07-13 22:19:43 미매칭수량=0.15000000 orderID=3739520111387811840 tradeID=None
[DISCORD 1MIN] 10:15:44 ok=True Group 1(5): status=204 | Group 2(3): status=204 collect=7.7s post=0.7s
[DISCORD 1MIN] 10:16:44 ok=True Group 1(5): status=204 | Group 2(3): status=204 collect=8.0s post=0.6s
[DISCORD 1MIN] 10:17:44 ok=True Group 1(5): status=204 | Group 2(3): status=204 collect=7.7s post=0.7s
[DISCORD 1MIN] 10:18:44 ok=True Group 1(5): status=204 | Group 2(3): status=204 collect=7.6s post=0.7s
[DISCORD 1MIN] 10:19:44 ok=True Group 1(5): status=204 | Group 2(3): status=204 collect=7.7s post=0.8s
[진입유실 방지 자동보정] LONG KAITO/USDT:USDT exit=2026-05-23 07:44:17 미매칭수량=101.00000000 orderID=3589903302570221568 tradeID=None
[진입유실 방지 자동보정] LONG KAITO/USDT:USDT exit=2026-05-23 09:16:43 미매칭수량=103.00000000 orderID=3590089470679130112 tradeID=None
[진입유실 방지 자동보정] SHORT KAITO/USDT:USDT exit=2026-07-27 23:37:02 미매칭수량=9.00000000 orderID=3780263207016538112 tradeID=None
[진입유실 방지 자동보정] LONG KAITO/USDT:USDT exit=2026-07-28 00:17:06 미매칭수량=9.00000000 orderID=3780343864489091072 tradeID=None
[진입유실 방지 자동보정] LONG ONDO/USDT:USDT exit=2026-05-31 12:11:56 미매칭수량=13.00000000 orderID=3613635053565976576 tradeID=None
[진입유실 방지 자동보정] SHORT ONDO/USDT:USDT exit=2026-06-04 19:57:55 미매칭수량=18.00000000 orderID=3626169605609955328 tradeID=None
[진입유실 방지 자동보정] SHORT ONDO/USDT:USDT exit=2026-07-24 12:48:41 미매칭수량=4.00000000 orderID=3770260599027736576 tradeID=None
[진입유실 방지 자동보정] SHORT ADA/USDT:USDT exit=2026-06-15 18:07:56 미매칭수량=0.80000000 orderID=3657838324836671488 tradeID=None
[진입유실 방지 자동보정] SHORT ADA/USDT:USDT exit=2026-06-15 19:54:41 미매칭수량=0.80000000 orderID=3658053208425832448 tradeID=None
[진입유실 방지 자동보정] SHORT ADA/USDT:USDT exit=2026-06-15 20:18:33 미매칭수량=0.70000000 orderID=3658101280451272704 tradeID=None
[진입유실 방지 자동보정] SHORT ADA/USDT:USDT exit=2026-06-15 20:19:56 미매칭수량=0.70000000 orderID=3658104046410211328 tradeID=None
[진입유실 방지 자동보정] SHORT ADA/USDT:USDT exit=2026-06-15 20:20:18 미매칭수량=0.70000000 orderID=3658104812894101504 tradeID=None
[진입유실 방지 자동보정] SHORT ADA/USDT:USDT exit=2026-06-15 20:26:32 미매칭수량=0.70000000 orderID=3658117332119789568 tradeID=None
[진입유실 방지 자동보정] SHORT ADA/USDT:USDT exit=2026-06-15 20:44:55 미매칭수량=0.70000000 orderID=3658154361918529536 tradeID=None
[진입유실 방지 자동보정] SHORT ADA/USDT:USDT exit=2026-06-15 21:10:33 미매칭수량=0.70000000 orderID=3658205958837051392 tradeID=None
[진입유실 방지 자동보정] SHORT OKB/USDT:USDT exit=2026-06-21 03:12:28 미매칭수량=22.00000000 orderID=3673430118722904064 tradeID=None
[진입유실 방지 자동보정] SHORT OKB/USDT:USDT exit=2026-06-25 17:43:10 미매칭수량=16.00000000 orderID=3686779476461690880 tradeID=None
[진입유실 방지 자동보정] SHORT OKB/USDT:USDT exit=2026-06-25 20:10:48 미매칭수량=16.00000000 orderID=3687076707525926912 tradeID=None
[진입유실 방지 자동보정] LONG OKB/USDT:USDT exit=2026-06-26 12:38:51 미매칭수량=19.00000000 orderID=3689065905153843200 tradeID=None
[진입유실 방지 자동보정] LONG OKB/USDT:USDT exit=2026-06-26 15:55:46 미매칭수량=10.00000000 orderID=3689462344057036800 tradeID=None
[진입유실 방지 자동보정] LONG OKB/USDT:USDT exit=2026-07-22 11:42:03 미매칭수량=21.00000000 orderID=3764328224573825024 tradeID=None
[진입유실 방지 자동보정] LONG HYPE/USDT:USDT exit=2026-07-02 09:33:02 미매칭수량=1.00000000 orderID=3706086441083936768 tradeID=None
[진입유실 방지 자동보정] SHORT HYPE/USDT:USDT exit=2026-07-02 18:46:50 미매칭수량=1.00000000 orderID=3707201387012235264 tradeID=None
[진입유실 방지 자동보정] SHORT HYPE/USDT:USDT exit=2026-07-09 00:25:17 미매칭수량=24.00000000 orderID=3725277377667997696 tradeID=None
[진입유실 방지 자동보정] LONG HYPE/USDT:USDT exit=2026-07-09 06:18:38 미매칭수량=24.00000000 orderID=3725988764811730944 tradeID=None
[진입유실 방지 자동보정] LONG HYPE/USDT:USDT exit=2026-07-09 08:16:14 미매칭수량=23.00000000 orderID=3726225544848809984 tradeID=None
[진입유실 방지 자동보정] LONG HYPE/USDT:USDT exit=2026-07-13 19:30:19 미매칭수량=2.00000000 orderID=3739179042162810880 tradeID=None
[진입유실 방지 자동보정] LONG HYPE/USDT:USDT exit=2026-07-26 15:19:38 미매칭수량=2.00000000 orderID=3776362689651220480 tradeID=None
[진입유실 방지 자동보정] SHORT BTC/USDT:USDT exit=2026-07-07 21:35:36 미매칭수량=0.03000000 orderID=3722036669318373376 tradeID=None
[진입유실 방지 자동보정] SHORT BTC/USDT:USDT exit=2026-07-08 00:16:47 미매칭수량=0.04000000 orderID=3722361174263799808 tradeID=None
[진입유실 방지 자동보정] LONG BTC/USDT:USDT exit=2026-07-08 18:05:02 미매칭수량=0.03000000 orderID=3724511840214130688 tradeID=None
[진입유실 방지 자동보정] LONG BTC/USDT:USDT exit=2026-07-08 22:25:16 미매칭수량=0.03000000 orderID=3725035749082603520 tradeID=None
[진입유실 방지 자동보정] LONG BTC/USDT:USDT exit=2026-07-10 12:10:09 미매칭수량=0.25000000 orderID=3729595582481899520 tradeID=None
[진입유실 방지 자동보정] SHORT BTC/USDT:USDT exit=2026-07-10 20:40:19 미매칭수량=0.24000000 orderID=3730622678511591424 tradeID=None
[진입유실 방지 자동보정] SHORT BTC/USDT:USDT exit=2026-07-13 17:06:33 미매칭수량=0.02000000 orderID=3738889605591801856 tradeID=None
[진입유실 방지 자동보정] SHORT BTC/USDT:USDT exit=2026-07-23 01:38:30 미매칭수량=0.02000000 orderID=3766012229442543616 tradeID=None
[진입유실 방지 자동보정] SHORT XRP/USDT:USDT exit=2026-07-10 20:56:05 미매칭수량=1.43000000 orderID=3730654412548546560 tradeID=None
[진입유실 방지 자동보정] LONG XRP/USDT:USDT exit=2026-07-11 02:57:26 미매칭수량=0.14000000 orderID=3731381904544571392 tradeID=None
[진입유실 방지 자동보정] LONG XRP/USDT:USDT exit=2026-07-11 07:35:19 미매칭수량=0.14000000 orderID=3731941344905732096 tradeID=None
[진입유실 방지 자동보정] LONG XRP/USDT:USDT exit=2026-07-13 22:19:43 미매칭수량=0.15000000 orderID=3739520111387811840 tradeID=None
[진입유실 방지 자동보정] LONG KAITO/USDT:USDT exit=2026-05-23 07:44:17 미매칭수량=101.00000000 orderID=3589903302570221568 tradeID=None
[진입유실 방지 자동보정] LONG KAITO/USDT:USDT exit=2026-05-23 09:16:43 미매칭수량=103.00000000 orderID=3590089470679130112 tradeID=None
[진입유실 방지 자동보정] SHORT KAITO/USDT:USDT exit=2026-07-27 23:37:02 미매칭수량=9.00000000 orderID=3780263207016538112 tradeID=None
[진입유실 방지 자동보정] LONG KAITO/USDT:USDT exit=2026-07-28 00:17:06 미매칭수량=9.00000000 orderID=3780343864489091072 tradeID=None
[진입유실 방지 자동보정] LONG ONDO/USDT:USDT exit=2026-05-31 12:11:56 미매칭수량=13.00000000 orderID=3613635053565976576 tradeID=None
[진입유실 방지 자동보정] SHORT ONDO/USDT:USDT exit=2026-06-04 19:57:55 미매칭수량=18.00000000 orderID=3626169605609955328 tradeID=None
[진입유실 방지 자동보정] SHORT ONDO/USDT:USDT exit=2026-07-24 12:48:41 미매칭수량=4.00000000 orderID=3770260599027736576 tradeID=None
[진입유실 방지 자동보정] SHORT ADA/USDT:USDT exit=2026-06-15 18:07:56 미매칭수량=0.80000000 orderID=3657838324836671488 tradeID=None
[진입유실 방지 자동보정] SHORT ADA/USDT:USDT exit=2026-06-15 19:54:41 미매칭수량=0.80000000 orderID=3658053208425832448 tradeID=None
[진입유실 방지 자동보정] SHORT ADA/USDT:USDT exit=2026-06-15 20:18:33 미매칭수량=0.70000000 orderID=3658101280451272704 tradeID=None
[진입유실 방지 자동보정] SHORT ADA/USDT:USDT exit=2026-06-15 20:19:56 미매칭수량=0.70000000 orderID=3658104046410211328 tradeID=None
[진입유실 방지 자동보정] SHORT ADA/USDT:USDT exit=2026-06-15 20:20:18 미매칭수량=0.70000000 orderID=3658104812894101504 tradeID=None
[진입유실 방지 자동보정] SHORT ADA/USDT:USDT exit=2026-06-15 20:26:32 미매칭수량=0.70000000 orderID=3658117332119789568 tradeID=None
[진입유실 방지 자동보정] SHORT ADA/USDT:USDT exit=2026-06-15 20:44:55 미매칭수량=0.70000000 orderID=3658154361918529536 tradeID=None
[진입유실 방지 자동보정] SHORT ADA/USDT:USDT exit=2026-06-15 21:10:33 미매칭수량=0.70000000 orderID=3658205958837051392 tradeID=None
[진입유실 방지 자동보정] SHORT OKB/USDT:USDT exit=2026-06-21 03:12:28 미매칭수량=22.00000000 orderID=3673430118722904064 tradeID=None
[진입유실 방지 자동보정] SHORT OKB/USDT:USDT exit=2026-06-25 17:43:10 미매칭수량=16.00000000 orderID=3686779476461690880 tradeID=None
[진입유실 방지 자동보정] SHORT OKB/USDT:USDT exit=2026-06-25 20:10:48 미매칭수량=16.00000000 orderID=3687076707525926912 tradeID=None
[진입유실 방지 자동보정] LONG OKB/USDT:USDT exit=2026-06-26 12:38:51 미매칭수량=19.00000000 orderID=3689065905153843200 tradeID=None
[진입유실 방지 자동보정] LONG OKB/USDT:USDT exit=2026-06-26 15:55:46 미매칭수량=10.00000000 orderID=3689462344057036800 tradeID=None
[진입유실 방지 자동보정] LONG OKB/USDT:USDT exit=2026-07-22 11:42:03 미매칭수량=21.00000000 orderID=3764328224573825024 tradeID=None
[진입유실 방지 자동보정] LONG HYPE/USDT:USDT exit=2026-07-02 09:33:02 미매칭수량=1.00000000 orderID=3706086441083936768 tradeID=None
[진입유실 방지 자동보정] SHORT HYPE/USDT:USDT exit=2026-07-02 18:46:50 미매칭수량=1.00000000 orderID=3707201387012235264 tradeID=None
[진입유실 방지 자동보정] SHORT HYPE/USDT:USDT exit=2026-07-09 00:25:17 미매칭수량=24.00000000 orderID=3725277377667997696 tradeID=None
[진입유실 방지 자동보정] LONG HYPE/USDT:USDT exit=2026-07-09 06:18:38 미매칭수량=24.00000000 orderID=3725988764811730944 tradeID=None
[진입유실 방지 자동보정] LONG HYPE/USDT:USDT exit=2026-07-09 08:16:14 미매칭수량=23.00000000 orderID=3726225544848809984 tradeID=None
[진입유실 방지 자동보정] LONG HYPE/USDT:USDT exit=2026-07-13 19:30:19 미매칭수량=2.00000000 orderID=3739179042162810880 tradeID=None
[진입유실 방지 자동보정] LONG HYPE/USDT:USDT exit=2026-07-26 15:19:38 미매칭수량=2.00000000 orderID=3776362689651220480 tradeID=None
[진입유실 방지 자동보정] SHORT BTC/USDT:USDT exit=2026-07-07 21:35:36 미매칭수량=0.03000000 orderID=3722036669318373376 tradeID=None
[진입유실 방지 자동보정] SHORT BTC/USDT:USDT exit=2026-07-08 00:16:47 미매칭수량=0.04000000 orderID=3722361174263799808 tradeID=None
[진입유실 방지 자동보정] LONG BTC/USDT:USDT exit=2026-07-08 18:05:02 미매칭수량=0.03000000 orderID=3724511840214130688 tradeID=None
[진입유실 방지 자동보정] LONG BTC/USDT:USDT exit=2026-07-08 22:25:16 미매칭수량=0.03000000 orderID=3725035749082603520 tradeID=None
[진입유실 방지 자동보정] LONG BTC/USDT:USDT exit=2026-07-10 12:10:09 미매칭수량=0.25000000 orderID=3729595582481899520 tradeID=None
[진입유실 방지 자동보정] SHORT BTC/USDT:USDT exit=2026-07-10 20:40:19 미매칭수량=0.24000000 orderID=3730622678511591424 tradeID=None
[진입유실 방지 자동보정] SHORT BTC/USDT:USDT exit=2026-07-13 17:06:33 미매칭수량=0.02000000 orderID=3738889605591801856 tradeID=None
[진입유실 방지 자동보정] SHORT BTC/USDT:USDT exit=2026-07-23 01:38:30 미매칭수량=0.02000000 orderID=3766012229442543616 tradeID=None
[진입유실 방지 자동보정] SHORT XRP/USDT:USDT exit=2026-07-10 20:56:05 미매칭수량=1.43000000 orderID=3730654412548546560 tradeID=None
[진입유실 방지 자동보정] LONG XRP/USDT:USDT exit=2026-07-11 02:57:26 미매칭수량=0.14000000 orderID=3731381904544571392 tradeID=None
[진입유실 방지 자동보정] LONG XRP/USDT:USDT exit=2026-07-11 07:35:19 미매칭수량=0.14000000 orderID=3731941344905732096 tradeID=None
[진입유실 방지 자동보정] LONG XRP/USDT:USDT exit=2026-07-13 22:19:43 미매칭수량=0.15000000 orderID=3739520111387811840 tradeID=None
[진입유실 방지 자동보정] LONG KAITO/USDT:USDT exit=2026-05-23 07:44:17 미매칭수량=101.00000000 orderID=3589903302570221568 tradeID=None
[진입유실 방지 자동보정] LONG KAITO/USDT:USDT exit=2026-05-23 09:16:43 미매칭수량=103.00000000 orderID=3590089470679130112 tradeID=None
[진입유실 방지 자동보정] SHORT KAITO/USDT:USDT exit=2026-07-27 23:37:02 미매칭수량=9.00000000 orderID=3780263207016538112 tradeID=None
[진입유실 방지 자동보정] LONG KAITO/USDT:USDT exit=2026-07-28 00:17:06 미매칭수량=9.00000000 orderID=3780343864489091072 tradeID=None
[진입유실 방지 자동보정] LONG ONDO/USDT:USDT exit=2026-05-31 12:11:56 미매칭수량=13.00000000 orderID=3613635053565976576 tradeID=None
[진입유실 방지 자동보정] SHORT ONDO/USDT:USDT exit=2026-06-04 19:57:55 미매칭수량=18.00000000 orderID=3626169605609955328 tradeID=None
[진입유실 방지 자동보정] SHORT ONDO/USDT:USDT exit=2026-07-24 12:48:41 미매칭수량=4.00000000 orderID=3770260599027736576 tradeID=None
[진입유실 방지 자동보정] SHORT ADA/USDT:USDT exit=2026-06-15 18:07:56 미매칭수량=0.80000000 orderID=3657838324836671488 tradeID=None
[진입유실 방지 자동보정] SHORT ADA/USDT:USDT exit=2026-06-15 19:54:41 미매칭수량=0.80000000 orderID=3658053208425832448 tradeID=None
[진입유실 방지 자동보정] SHORT ADA/USDT:USDT exit=2026-06-15 20:18:33 미매칭수량=0.70000000 orderID=3658101280451272704 tradeID=None
[진입유실 방지 자동보정] SHORT ADA/USDT:USDT exit=2026-06-15 20:19:56 미매칭수량=0.70000000 orderID=3658104046410211328 tradeID=None
[진입유실 방지 자동보정] SHORT ADA/USDT:USDT exit=2026-06-15 20:20:18 미매칭수량=0.70000000 orderID=3658104812894101504 tradeID=None
[진입유실 방지 자동보정] SHORT ADA/USDT:USDT exit=2026-06-15 20:26:32 미매칭수량=0.70000000 orderID=3658117332119789568 tradeID=None
[진입유실 방지 자동보정] SHORT ADA/USDT:USDT exit=2026-06-15 20:44:55 미매칭수량=0.70000000 orderID=3658154361918529536 tradeID=None
[진입유실 방지 자동보정] SHORT ADA/USDT:USDT exit=2026-06-15 21:10:33 미매칭수량=0.70000000 orderID=3658205958837051392 tradeID=None
[진입유실 방지 자동보정] SHORT OKB/USDT:USDT exit=2026-06-21 03:12:28 미매칭수량=22.00000000 orderID=3673430118722904064 tradeID=None
[진입유실 방지 자동보정] SHORT OKB/USDT:USDT exit=2026-06-25 17:43:10 미매칭수량=16.00000000 orderID=3686779476461690880 tradeID=None
[진입유실 방지 자동보정] SHORT OKB/USDT:USDT exit=2026-06-25 20:10:48 미매칭수량=16.00000000 orderID=3687076707525926912 tradeID=None
[진입유실 방지 자동보정] LONG OKB/USDT:USDT exit=2026-06-26 12:38:51 미매칭수량=19.00000000 orderID=3689065905153843200 tradeID=None
[진입유실 방지 자동보정] LONG OKB/USDT:USDT exit=2026-06-26 15:55:46 미매칭수량=10.00000000 orderID=3689462344057036800 tradeID=None
[진입유실 방지 자동보정] LONG OKB/USDT:USDT exit=2026-07-22 11:42:03 미매칭수량=21.00000000 orderID=3764328224573825024 tradeID=None
[진입유실 방지 자동보정] LONG HYPE/USDT:USDT exit=2026-07-02 09:33:02 미매칭수량=1.00000000 orderID=3706086441083936768 tradeID=None
[진입유실 방지 자동보정] SHORT HYPE/USDT:USDT exit=2026-07-02 18:46:50 미매칭수량=1.00000000 orderID=3707201387012235264 tradeID=None
[진입유실 방지 자동보정] SHORT HYPE/USDT:USDT exit=2026-07-09 00:25:17 미매칭수량=24.00000000 orderID=3725277377667997696 tradeID=None
[진입유실 방지 자동보정] LONG HYPE/USDT:USDT exit=2026-07-09 06:18:38 미매칭수량=24.00000000 orderID=3725988764811730944 tradeID=None
[진입유실 방지 자동보정] LONG HYPE/USDT:USDT exit=2026-07-09 08:16:14 미매칭수량=23.00000000 orderID=3726225544848809984 tradeID=None
[진입유실 방지 자동보정] LONG HYPE/USDT:USDT exit=2026-07-13 19:30:19 미매칭수량=2.00000000 orderID=3739179042162810880 tradeID=None
[진입유실 방지 자동보정] LONG HYPE/USDT:USDT exit=2026-07-26 15:19:38 미매칭수량=2.00000000 orderID=3776362689651220480 tradeID=None
[진입유실 방지 자동보정] SHORT BTC/USDT:USDT exit=2026-07-07 21:35:36 미매칭수량=0.03000000 orderID=3722036669318373376 tradeID=None
[진입유실 방지 자동보정] SHORT BTC/USDT:USDT exit=2026-07-08 00:16:47 미매칭수량=0.04000000 orderID=3722361174263799808 tradeID=None
[진입유실 방지 자동보정] LONG BTC/USDT:USDT exit=2026-07-08 18:05:02 미매칭수량=0.03000000 orderID=3724511840214130688 tradeID=None
[진입유실 방지 자동보정] LONG BTC/USDT:USDT exit=2026-07-08 22:25:16 미매칭수량=0.03000000 orderID=3725035749082603520 tradeID=None
[진입유실 방지 자동보정] LONG BTC/USDT:USDT exit=2026-07-10 12:10:09 미매칭수량=0.25000000 orderID=3729595582481899520 tradeID=None
[진입유실 방지 자동보정] SHORT BTC/USDT:USDT exit=2026-07-10 20:40:19 미매칭수량=0.24000000 orderID=3730622678511591424 tradeID=None
[진입유실 방지 자동보정] SHORT BTC/USDT:USDT exit=2026-07-13 17:06:33 미매칭수량=0.02000000 orderID=3738889605591801856 tradeID=None
[진입유실 방지 자동보정] SHORT BTC/USDT:USDT exit=2026-07-23 01:38:30 미매칭수량=0.02000000 orderID=3766012229442543616 tradeID=None
[진입유실 방지 자동보정] SHORT XRP/USDT:USDT exit=2026-07-10 20:56:05 미매칭수량=1.43000000 orderID=3730654412548546560 tradeID=None
[진입유실 방지 자동보정] LONG XRP/USDT:USDT exit=2026-07-11 02:57:26 미매칭수량=0.14000000 orderID=3731381904544571392 tradeID=None
[진입유실 방지 자동보정] LONG XRP/USDT:USDT exit=2026-07-11 07:35:19 미매칭수량=0.14000000 orderID=3731941344905732096 tradeID=None
[진입유실 방지 자동보정] LONG XRP/USDT:USDT exit=2026-07-13 22:19:43 미매칭수량=0.15000000 orderID=3739520111387811840 tradeID=None
[CATFIX] pnl=0 청산 → 진입 재분류: KAITO/USDT:USDT buy 수량=9.00000000 tradeID=243056081
[진입유실 방지 자동보정] LONG KAITO/USDT:USDT exit=2026-05-23 07:44:17 미매칭수량=101.00000000 orderID=3589903302570221568 tradeID=None
[진입유실 방지 자동보정] LONG KAITO/USDT:USDT exit=2026-05-23 09:16:43 미매칭수량=103.00000000 orderID=3590089470679130112 tradeID=None
[진입유실 방지 자동보정] LONG ONDO/USDT:USDT exit=2026-05-31 12:11:56 미매칭수량=13.00000000 orderID=3613635053565976576 tradeID=None
[진입유실 방지 자동보정] SHORT ONDO/USDT:USDT exit=2026-06-04 19:57:55 미매칭수량=18.00000000 orderID=3626169605609955328 tradeID=None
[진입유실 방지 자동보정] SHORT ONDO/USDT:USDT exit=2026-07-24 12:48:41 미매칭수량=4.00000000 orderID=3770260599027736576 tradeID=None
[진입유실 방지 자동보정] SHORT ADA/USDT:USDT exit=2026-06-15 18:07:56 미매칭수량=0.80000000 orderID=3657838324836671488 tradeID=None
[진입유실 방지 자동보정] SHORT ADA/USDT:USDT exit=2026-06-15 19:54:41 미매칭수량=0.80000000 orderID=3658053208425832448 tradeID=None
[진입유실 방지 자동보정] SHORT ADA/USDT:USDT exit=2026-06-15 20:18:33 미매칭수량=0.70000000 orderID=3658101280451272704 tradeID=None
[진입유실 방지 자동보정] SHORT ADA/USDT:USDT exit=2026-06-15 20:19:56 미매칭수량=0.70000000 orderID=3658104046410211328 tradeID=None
[진입유실 방지 자동보정] SHORT ADA/USDT:USDT exit=2026-06-15 20:20:18 미매칭수량=0.70000000 orderID=3658104812894101504 tradeID=None
[진입유실 방지 자동보정] SHORT ADA/USDT:USDT exit=2026-06-15 20:26:32 미매칭수량=0.70000000 orderID=3658117332119789568 tradeID=None
[진입유실 방지 자동보정] SHORT ADA/USDT:USDT exit=2026-06-15 20:44:55 미매칭수량=0.70000000 orderID=3658154361918529536 tradeID=None
[진입유실 방지 자동보정] SHORT ADA/USDT:USDT exit=2026-06-15 21:10:33 미매칭수량=0.70000000 orderID=3658205958837051392 tradeID=None
[진입유실 방지 자동보정] SHORT OKB/USDT:USDT exit=2026-06-21 03:12:28 미매칭수량=22.00000000 orderID=3673430118722904064 tradeID=None
[진입유실 방지 자동보정] SHORT OKB/USDT:USDT exit=2026-06-25 17:43:10 미매칭수량=16.00000000 orderID=3686779476461690880 tradeID=None
[진입유실 방지 자동보정] SHORT OKB/USDT:USDT exit=2026-06-25 20:10:48 미매칭수량=16.00000000 orderID=3687076707525926912 tradeID=None
[진입유실 방지 자동보정] LONG OKB/USDT:USDT exit=2026-06-26 12:38:51 미매칭수량=19.00000000 orderID=3689065905153843200 tradeID=None
[진입유실 방지 자동보정] LONG OKB/USDT:USDT exit=2026-06-26 15:55:46 미매칭수량=10.00000000 orderID=3689462344057036800 tradeID=None
[진입유실 방지 자동보정] LONG OKB/USDT:USDT exit=2026-07-22 11:42:03 미매칭수량=21.00000000 orderID=3764328224573825024 tradeID=None
[진입유실 방지 자동보정] LONG HYPE/USDT:USDT exit=2026-07-02 09:33:02 미매칭수량=1.00000000 orderID=3706086441083936768 tradeID=None
[진입유실 방지 자동보정] SHORT HYPE/USDT:USDT exit=2026-07-02 18:46:50 미매칭수량=1.00000000 orderID=3707201387012235264 tradeID=None
[진입유실 방지 자동보정] SHORT HYPE/USDT:USDT exit=2026-07-09 00:25:17 미매칭수량=24.00000000 orderID=3725277377667997696 tradeID=None
[진입유실 방지 자동보정] LONG HYPE/USDT:USDT exit=2026-07-09 06:18:38 미매칭수량=24.00000000 orderID=3725988764811730944 tradeID=None
[진입유실 방지 자동보정] LONG HYPE/USDT:USDT exit=2026-07-09 08:16:14 미매칭수량=23.00000000 orderID=3726225544848809984 tradeID=None
[진입유실 방지 자동보정] LONG HYPE/USDT:USDT exit=2026-07-13 19:30:19 미매칭수량=2.00000000 orderID=3739179042162810880 tradeID=None
[진입유실 방지 자동보정] LONG HYPE/USDT:USDT exit=2026-07-26 15:19:38 미매칭수량=2.00000000 orderID=3776362689651220480 tradeID=None
[진입유실 방지 자동보정] SHORT BTC/USDT:USDT exit=2026-07-07 21:35:36 미매칭수량=0.03000000 orderID=3722036669318373376 tradeID=None
[진입유실 방지 자동보정] SHORT BTC/USDT:USDT exit=2026-07-08 00:16:47 미매칭수량=0.04000000 orderID=3722361174263799808 tradeID=None
[진입유실 방지 자동보정] LONG BTC/USDT:USDT exit=2026-07-08 18:05:02 미매칭수량=0.03000000 orderID=3724511840214130688 tradeID=None
[진입유실 방지 자동보정] LONG BTC/USDT:USDT exit=2026-07-08 22:25:16 미매칭수량=0.03000000 orderID=3725035749082603520 tradeID=None
[진입유실 방지 자동보정] LONG BTC/USDT:USDT exit=2026-07-10 12:10:09 미매칭수량=0.25000000 orderID=3729595582481899520 tradeID=None
[진입유실 방지 자동보정] SHORT BTC/USDT:USDT exit=2026-07-10 20:40:19 미매칭수량=0.24000000 orderID=3730622678511591424 tradeID=None
[진입유실 방지 자동보정] SHORT BTC/USDT:USDT exit=2026-07-13 17:06:33 미매칭수량=0.02000000 orderID=3738889605591801856 tradeID=None
[진입유실 방지 자동보정] SHORT BTC/USDT:USDT exit=2026-07-23 01:38:30 미매칭수량=0.02000000 orderID=3766012229442543616 tradeID=None
[진입유실 방지 자동보정] SHORT XRP/USDT:USDT exit=2026-07-10 20:56:05 미매칭수량=1.43000000 orderID=3730654412548546560 tradeID=None
[진입유실 방지 자동보정] LONG XRP/USDT:USDT exit=2026-07-11 02:57:26 미매칭수량=0.14000000 orderID=3731381904544571392 tradeID=None
[진입유실 방지 자동보정] LONG XRP/USDT:USDT exit=2026-07-11 07:35:19 미매칭수량=0.14000000 orderID=3731941344905732096 tradeID=None
[진입유실 방지 자동보정] LONG XRP/USDT:USDT exit=2026-07-13 22:19:43 미매칭수량=0.15000000 orderID=3739520111387811840 tradeID=None
[진입유실 방지 자동보정] LONG KAITO/USDT:USDT exit=2026-05-23 07:44:17 미매칭수량=101.00000000 orderID=3589903302570221568 tradeID=None
[진입유실 방지 자동보정] LONG KAITO/USDT:USDT exit=2026-05-23 09:16:43 미매칭수량=103.00000000 orderID=3590089470679130112 tradeID=None
[진입유실 방지 자동보정] SHORT KAITO/USDT:USDT exit=2026-07-27 23:37:02 미매칭수량=9.00000000 orderID=3780263207016538112 tradeID=None
[진입유실 방지 자동보정] LONG KAITO/USDT:USDT exit=2026-07-28 00:17:06 미매칭수량=9.00000000 orderID=3780343864489091072 tradeID=None
[진입유실 방지 자동보정] LONG ONDO/USDT:USDT exit=2026-05-31 12:11:56 미매칭수량=13.00000000 orderID=3613635053565976576 tradeID=None
[진입유실 방지 자동보정] SHORT ONDO/USDT:USDT exit=2026-06-04 19:57:55 미매칭수량=18.00000000 orderID=3626169605609955328 tradeID=None
[진입유실 방지 자동보정] SHORT ONDO/USDT:USDT exit=2026-07-24 12:48:41 미매칭수량=4.00000000 orderID=3770260599027736576 tradeID=None
[진입유실 방지 자동보정] SHORT ADA/USDT:USDT exit=2026-06-15 18:07:56 미매칭수량=0.80000000 orderID=3657838324836671488 tradeID=None
[진입유실 방지 자동보정] SHORT ADA/USDT:USDT exit=2026-06-15 19:54:41 미매칭수량=0.80000000 orderID=3658053208425832448 tradeID=None
[진입유실 방지 자동보정] SHORT ADA/USDT:USDT exit=2026-06-15 20:18:33 미매칭수량=0.70000000 orderID=3658101280451272704 tradeID=None
[진입유실 방지 자동보정] SHORT ADA/USDT:USDT exit=2026-06-15 20:19:56 미매칭수량=0.70000000 orderID=3658104046410211328 tradeID=None
[진입유실 방지 자동보정] SHORT ADA/USDT:USDT exit=2026-06-15 20:20:18 미매칭수량=0.70000000 orderID=3658104812894101504 tradeID=None
[진입유실 방지 자동보정] SHORT ADA/USDT:USDT exit=2026-06-15 20:26:32 미매칭수량=0.70000000 orderID=3658117332119789568 tradeID=None
[진입유실 방지 자동보정] SHORT ADA/USDT:USDT exit=2026-06-15 20:44:55 미매칭수량=0.70000000 orderID=3658154361918529536 tradeID=None
[진입유실 방지 자동보정] SHORT ADA/USDT:USDT exit=2026-06-15 21:10:33 미매칭수량=0.70000000 orderID=3658205958837051392 tradeID=None
[진입유실 방지 자동보정] SHORT OKB/USDT:USDT exit=2026-06-21 03:12:28 미매칭수량=22.00000000 orderID=3673430118722904064 tradeID=None
[진입유실 방지 자동보정] SHORT OKB/USDT:USDT exit=2026-06-25 17:43:10 미매칭수량=16.00000000 orderID=3686779476461690880 tradeID=None
[진입유실 방지 자동보정] SHORT OKB/USDT:USDT exit=2026-06-25 20:10:48 미매칭수량=16.00000000 orderID=3687076707525926912 tradeID=None
[진입유실 방지 자동보정] LONG OKB/USDT:USDT exit=2026-06-26 12:38:51 미매칭수량=19.00000000 orderID=3689065905153843200 tradeID=None
[진입유실 방지 자동보정] LONG OKB/USDT:USDT exit=2026-06-26 15:55:46 미매칭수량=10.00000000 orderID=3689462344057036800 tradeID=None
[진입유실 방지 자동보정] LONG OKB/USDT:USDT exit=2026-07-22 11:42:03 미매칭수량=21.00000000 orderID=3764328224573825024 tradeID=None
[진입유실 방지 자동보정] LONG HYPE/USDT:USDT exit=2026-07-02 09:33:02 미매칭수량=1.00000000 orderID=3706086441083936768 tradeID=None
[진입유실 방지 자동보정] SHORT HYPE/USDT:USDT exit=2026-07-02 18:46:50 미매칭수량=1.00000000 orderID=3707201387012235264 tradeID=None
[진입유실 방지 자동보정] SHORT HYPE/USDT:USDT exit=2026-07-09 00:25:17 미매칭수량=24.00000000 orderID=3725277377667997696 tradeID=None
[진입유실 방지 자동보정] LONG HYPE/USDT:USDT exit=2026-07-09 06:18:38 미매칭수량=24.00000000 orderID=3725988764811730944 tradeID=None
[진입유실 방지 자동보정] LONG HYPE/USDT:USDT exit=2026-07-09 08:16:14 미매칭수량=23.00000000 orderID=3726225544848809984 tradeID=None
[진입유실 방지 자동보정] LONG HYPE/USDT:USDT exit=2026-07-13 19:30:19 미매칭수량=2.00000000 orderID=3739179042162810880 tradeID=None
[진입유실 방지 자동보정] LONG HYPE/USDT:USDT exit=2026-07-26 15:19:38 미매칭수량=2.00000000 orderID=3776362689651220480 tradeID=None
[진입유실 방지 자동보정] SHORT BTC/USDT:USDT exit=2026-07-07 21:35:36 미매칭수량=0.03000000 orderID=3722036669318373376 tradeID=None
[진입유실 방지 자동보정] SHORT BTC/USDT:USDT exit=2026-07-08 00:16:47 미매칭수량=0.04000000 orderID=3722361174263799808 tradeID=None
[진입유실 방지 자동보정] LONG BTC/USDT:USDT exit=2026-07-08 18:05:02 미매칭수량=0.03000000 orderID=3724511840214130688 tradeID=None
[진입유실 방지 자동보정] LONG BTC/USDT:USDT exit=2026-07-08 22:25:16 미매칭수량=0.03000000 orderID=3725035749082603520 tradeID=None
[진입유실 방지 자동보정] LONG BTC/USDT:USDT exit=2026-07-10 12:10:09 미매칭수량=0.25000000 orderID=3729595582481899520 tradeID=None
[진입유실 방지 자동보정] SHORT BTC/USDT:USDT exit=2026-07-10 20:40:19 미매칭수량=0.24000000 orderID=3730622678511591424 tradeID=None
[진입유실 방지 자동보정] SHORT BTC/USDT:USDT exit=2026-07-13 17:06:33 미매칭수량=0.02000000 orderID=3738889605591801856 tradeID=None
[진입유실 방지 자동보정] SHORT BTC/USDT:USDT exit=2026-07-23 01:38:30 미매칭수량=0.02000000 orderID=3766012229442543616 tradeID=None
[진입유실 방지 자동보정] SHORT XRP/USDT:USDT exit=2026-07-10 20:56:05 미매칭수량=1.43000000 orderID=3730654412548546560 tradeID=None
[진입유실 방지 자동보정] LONG XRP/USDT:USDT exit=2026-07-11 02:57:26 미매칭수량=0.14000000 orderID=3731381904544571392 tradeID=None
[진입유실 방지 자동보정] LONG XRP/USDT:USDT exit=2026-07-11 07:35:19 미매칭수량=0.14000000 orderID=3731941344905732096 tradeID=None
[진입유실 방지 자동보정] LONG XRP/USDT:USDT exit=2026-07-13 22:19:43 미매칭수량=0.15000000 orderID=3739520111387811840 tradeID=None
[진입유실 방지 자동보정] LONG KAITO/USDT:USDT exit=2026-05-23 07:44:17 미매칭수량=101.00000000 orderID=3589903302570221568 tradeID=None
[진입유실 방지 자동보정] LONG KAITO/USDT:USDT exit=2026-05-23 09:16:43 미매칭수량=103.00000000 orderID=3590089470679130112 tradeID=None
[진입유실 방지 자동보정] SHORT KAITO/USDT:USDT exit=2026-07-27 23:37:02 미매칭수량=9.00000000 orderID=3780263207016538112 tradeID=None
[진입유실 방지 자동보정] LONG KAITO/USDT:USDT exit=2026-07-28 00:17:06 미매칭수량=9.00000000 orderID=3780343864489091072 tradeID=None
[진입유실 방지 자동보정] LONG ONDO/USDT:USDT exit=2026-05-31 12:11:56 미매칭수량=13.00000000 orderID=3613635053565976576 tradeID=None
[진입유실 방지 자동보정] SHORT ONDO/USDT:USDT exit=2026-06-04 19:57:55 미매칭수량=18.00000000 orderID=3626169605609955328 tradeID=None
[진입유실 방지 자동보정] SHORT ONDO/USDT:USDT exit=2026-07-24 12:48:41 미매칭수량=4.00000000 orderID=3770260599027736576 tradeID=None
[진입유실 방지 자동보정] SHORT ADA/USDT:USDT exit=2026-06-15 18:07:56 미매칭수량=0.80000000 orderID=3657838324836671488 tradeID=None
[진입유실 방지 자동보정] SHORT ADA/USDT:USDT exit=2026-06-15 19:54:41 미매칭수량=0.80000000 orderID=3658053208425832448 tradeID=None
[진입유실 방지 자동보정] SHORT ADA/USDT:USDT exit=2026-06-15 20:18:33 미매칭수량=0.70000000 orderID=3658101280451272704 tradeID=None
[진입유실 방지 자동보정] SHORT ADA/USDT:USDT exit=2026-06-15 20:19:56 미매칭수량=0.70000000 orderID=3658104046410211328 tradeID=None
[진입유실 방지 자동보정] SHORT ADA/USDT:USDT exit=2026-06-15 20:20:18 미매칭수량=0.70000000 orderID=3658104812894101504 tradeID=None
[진입유실 방지 자동보정] SHORT ADA/USDT:USDT exit=2026-06-15 20:26:32 미매칭수량=0.70000000 orderID=3658117332119789568 tradeID=None
[진입유실 방지 자동보정] SHORT ADA/USDT:USDT exit=2026-06-15 20:44:55 미매칭수량=0.70000000 orderID=3658154361918529536 tradeID=None
[진입유실 방지 자동보정] SHORT ADA/USDT:USDT exit=2026-06-15 21:10:33 미매칭수량=0.70000000 orderID=3658205958837051392 tradeID=None
[진입유실 방지 자동보정] SHORT OKB/USDT:USDT exit=2026-06-21 03:12:28 미매칭수량=22.00000000 orderID=3673430118722904064 tradeID=None
[진입유실 방지 자동보정] SHORT OKB/USDT:USDT exit=2026-06-25 17:43:10 미매칭수량=16.00000000 orderID=3686779476461690880 tradeID=None
[진입유실 방지 자동보정] SHORT OKB/USDT:USDT exit=2026-06-25 20:10:48 미매칭수량=16.00000000 orderID=3687076707525926912 tradeID=None
[진입유실 방지 자동보정] LONG OKB/USDT:USDT exit=2026-06-26 12:38:51 미매칭수량=19.00000000 orderID=3689065905153843200 tradeID=None
[진입유실 방지 자동보정] LONG OKB/USDT:USDT exit=2026-06-26 15:55:46 미매칭수량=10.00000000 orderID=3689462344057036800 tradeID=None
[진입유실 방지 자동보정] LONG OKB/USDT:USDT exit=2026-07-22 11:42:03 미매칭수량=21.00000000 orderID=3764328224573825024 tradeID=None
[진입유실 방지 자동보정] LONG HYPE/USDT:USDT exit=2026-07-02 09:33:02 미매칭수량=1.00000000 orderID=3706086441083936768 tradeID=None
[진입유실 방지 자동보정] SHORT HYPE/USDT:USDT exit=2026-07-02 18:46:50 미매칭수량=1.00000000 orderID=3707201387012235264 tradeID=None
[진입유실 방지 자동보정] SHORT HYPE/USDT:USDT exit=2026-07-09 00:25:17 미매칭수량=24.00000000 orderID=3725277377667997696 tradeID=None
[진입유실 방지 자동보정] LONG HYPE/USDT:USDT exit=2026-07-09 06:18:38 미매칭수량=24.00000000 orderID=3725988764811730944 tradeID=None
[진입유실 방지 자동보정] LONG HYPE/USDT:USDT exit=2026-07-09 08:16:14 미매칭수량=23.00000000 orderID=3726225544848809984 tradeID=None
[진입유실 방지 자동보정] LONG HYPE/USDT:USDT exit=2026-07-13 19:30:19 미매칭수량=2.00000000 orderID=3739179042162810880 tradeID=None
[진입유실 방지 자동보정] LONG HYPE/USDT:USDT exit=2026-07-26 15:19:38 미매칭수량=2.00000000 orderID=3776362689651220480 tradeID=None
[진입유실 방지 자동보정] SHORT BTC/USDT:USDT exit=2026-07-07 21:35:36 미매칭수량=0.03000000 orderID=3722036669318373376 tradeID=None
[진입유실 방지 자동보정] SHORT BTC/USDT:USDT exit=2026-07-08 00:16:47 미매칭수량=0.04000000 orderID=3722361174263799808 tradeID=None
[진입유실 방지 자동보정] LONG BTC/USDT:USDT exit=2026-07-08 18:05:02 미매칭수량=0.03000000 orderID=3724511840214130688 tradeID=None
[진입유실 방지 자동보정] LONG BTC/USDT:USDT exit=2026-07-08 22:25:16 미매칭수량=0.03000000 orderID=3725035749082603520 tradeID=None
[진입유실 방지 자동보정] LONG BTC/USDT:USDT exit=2026-07-10 12:10:09 미매칭수량=0.25000000 orderID=3729595582481899520 tradeID=None
[진입유실 방지 자동보정] SHORT BTC/USDT:USDT exit=2026-07-10 20:40:19 미매칭수량=0.24000000 orderID=3730622678511591424 tradeID=None
[진입유실 방지 자동보정] SHORT BTC/USDT:USDT exit=2026-07-13 17:06:33 미매칭수량=0.02000000 orderID=3738889605591801856 tradeID=None
[진입유실 방지 자동보정] SHORT BTC/USDT:USDT exit=2026-07-23 01:38:30 미매칭수량=0.02000000 orderID=3766012229442543616 tradeID=None
[진입유실 방지 자동보정] SHORT XRP/USDT:USDT exit=2026-07-10 20:56:05 미매칭수량=1.43000000 orderID=3730654412548546560 tradeID=None
[진입유실 방지 자동보정] LONG XRP/USDT:USDT exit=2026-07-11 02:57:26 미매칭수량=0.14000000 orderID=3731381904544571392 tradeID=None
[진입유실 방지 자동보정] LONG XRP/USDT:USDT exit=2026-07-11 07:35:19 미매칭수량=0.14000000 orderID=3731941344905732096 tradeID=None
[진입유실 방지 자동보정] LONG XRP/USDT:USDT exit=2026-07-13 22:19:43 미매칭수량=0.15000000 orderID=3739520111387811840 tradeID=None
[진입유실 방지 자동보정] LONG KAITO/USDT:USDT exit=2026-05-23 07:44:17 미매칭수량=101.00000000 orderID=3589903302570221568 tradeID=None
[진입유실 방지 자동보정] LONG KAITO/USDT:USDT exit=2026-05-23 09:16:43 미매칭수량=103.00000000 orderID=3590089470679130112 tradeID=None
[진입유실 방지 자동보정] SHORT KAITO/USDT:USDT exit=2026-07-27 23:37:02 미매칭수량=9.00000000 orderID=3780263207016538112 tradeID=None
[진입유실 방지 자동보정] LONG KAITO/USDT:USDT exit=2026-07-28 00:17:06 미매칭수량=9.00000000 orderID=3780343864489091072 tradeID=None
[진입유실 방지 자동보정] LONG ONDO/USDT:USDT exit=2026-05-31 12:11:56 미매칭수량=13.00000000 orderID=3613635053565976576 tradeID=None
[진입유실 방지 자동보정] SHORT ONDO/USDT:USDT exit=2026-06-04 19:57:55 미매칭수량=18.00000000 orderID=3626169605609955328 tradeID=None
[진입유실 방지 자동보정] SHORT ONDO/USDT:USDT exit=2026-07-24 12:48:41 미매칭수량=4.00000000 orderID=3770260599027736576 tradeID=None
[진입유실 방지 자동보정] SHORT ADA/USDT:USDT exit=2026-06-15 18:07:56 미매칭수량=0.80000000 orderID=3657838324836671488 tradeID=None
[진입유실 방지 자동보정] SHORT ADA/USDT:USDT exit=2026-06-15 19:54:41 미매칭수량=0.80000000 orderID=3658053208425832448 tradeID=None
[진입유실 방지 자동보정] SHORT ADA/USDT:USDT exit=2026-06-15 20:18:33 미매칭수량=0.70000000 orderID=3658101280451272704 tradeID=None
[진입유실 방지 자동보정] SHORT ADA/USDT:USDT exit=2026-06-15 20:19:56 미매칭수량=0.70000000 orderID=3658104046410211328 tradeID=None
[진입유실 방지 자동보정] SHORT ADA/USDT:USDT exit=2026-06-15 20:20:18 미매칭수량=0.70000000 orderID=3658104812894101504 tradeID=None
[진입유실 방지 자동보정] SHORT ADA/USDT:USDT exit=2026-06-15 20:26:32 미매칭수량=0.70000000 orderID=3658117332119789568 tradeID=None
[진입유실 방지 자동보정] SHORT ADA/USDT:USDT exit=2026-06-15 20:44:55 미매칭수량=0.70000000 orderID=3658154361918529536 tradeID=None
[진입유실 방지 자동보정] SHORT ADA/USDT:USDT exit=2026-06-15 21:10:33 미매칭수량=0.70000000 orderID=3658205958837051392 tradeID=None
[진입유실 방지 자동보정] SHORT OKB/USDT:USDT exit=2026-06-21 03:12:28 미매칭수량=22.00000000 orderID=3673430118722904064 tradeID=None
[진입유실 방지 자동보정] SHORT OKB/USDT:USDT exit=2026-06-25 17:43:10 미매칭수량=16.00000000 orderID=3686779476461690880 tradeID=None
[진입유실 방지 자동보정] SHORT OKB/USDT:USDT exit=2026-06-25 20:10:48 미매칭수량=16.00000000 orderID=3687076707525926912 tradeID=None
[진입유실 방지 자동보정] LONG OKB/USDT:USDT exit=2026-06-26 12:38:51 미매칭수량=19.00000000 orderID=3689065905153843200 tradeID=None
[진입유실 방지 자동보정] LONG OKB/USDT:USDT exit=2026-06-26 15:55:46 미매칭수량=10.00000000 orderID=3689462344057036800 tradeID=None
[진입유실 방지 자동보정] LONG OKB/USDT:USDT exit=2026-07-22 11:42:03 미매칭수량=21.00000000 orderID=3764328224573825024 tradeID=None
[진입유실 방지 자동보정] LONG HYPE/USDT:USDT exit=2026-07-02 09:33:02 미매칭수량=1.00000000 orderID=3706086441083936768 tradeID=None
[진입유실 방지 자동보정] SHORT HYPE/USDT:USDT exit=2026-07-02 18:46:50 미매칭수량=1.00000000 orderID=3707201387012235264 tradeID=None
[진입유실 방지 자동보정] SHORT HYPE/USDT:USDT exit=2026-07-09 00:25:17 미매칭수량=24.00000000 orderID=3725277377667997696 tradeID=None
[진입유실 방지 자동보정] LONG HYPE/USDT:USDT exit=2026-07-09 06:18:38 미매칭수량=24.00000000 orderID=3725988764811730944 tradeID=None
[진입유실 방지 자동보정] LONG HYPE/USDT:USDT exit=2026-07-09 08:16:14 미매칭수량=23.00000000 orderID=3726225544848809984 tradeID=None
[진입유실 방지 자동보정] LONG HYPE/USDT:USDT exit=2026-07-13 19:30:19 미매칭수량=2.00000000 orderID=3739179042162810880 tradeID=None
[진입유실 방지 자동보정] LONG HYPE/USDT:USDT exit=2026-07-26 15:19:38 미매칭수량=2.00000000 orderID=3776362689651220480 tradeID=None
[진입유실 방지 자동보정] SHORT BTC/USDT:USDT exit=2026-07-07 21:35:36 미매칭수량=0.03000000 orderID=3722036669318373376 tradeID=None
[진입유실 방지 자동보정] SHORT BTC/USDT:USDT exit=2026-07-08 00:16:47 미매칭수량=0.04000000 orderID=3722361174263799808 tradeID=None
[진입유실 방지 자동보정] LONG BTC/USDT:USDT exit=2026-07-08 18:05:02 미매칭수량=0.03000000 orderID=3724511840214130688 tradeID=None
[진입유실 방지 자동보정] LONG BTC/USDT:USDT exit=2026-07-08 22:25:16 미매칭수량=0.03000000 orderID=3725035749082603520 tradeID=None
[진입유실 방지 자동보정] LONG BTC/USDT:USDT exit=2026-07-10 12:10:09 미매칭수량=0.25000000 orderID=3729595582481899520 tradeID=None
[진입유실 방지 자동보정] SHORT BTC/USDT:USDT exit=2026-07-10 20:40:19 미매칭수량=0.24000000 orderID=3730622678511591424 tradeID=None
[진입유실 방지 자동보정] SHORT BTC/USDT:USDT exit=2026-07-13 17:06:33 미매칭수량=0.02000000 orderID=3738889605591801856 tradeID=None
[진입유실 방지 자동보정] SHORT BTC/USDT:USDT exit=2026-07-23 01:38:30 미매칭수량=0.02000000 orderID=3766012229442543616 tradeID=None
[진입유실 방지 자동보정] SHORT XRP/USDT:USDT exit=2026-07-10 20:56:05 미매칭수량=1.43000000 orderID=3730654412548546560 tradeID=None
[진입유실 방지 자동보정] LONG XRP/USDT:USDT exit=2026-07-11 02:57:26 미매칭수량=0.14000000 orderID=3731381904544571392 tradeID=None
[진입유실 방지 자동보정] LONG XRP/USDT:USDT exit=2026-07-11 07:35:19 미매칭수량=0.14000000 orderID=3731941344905732096 tradeID=None
[진입유실 방지 자동보정] LONG XRP/USDT:USDT exit=2026-07-13 22:19:43 미매칭수량=0.15000000 orderID=3739520111387811840 tradeID=None
[진입유실 방지 자동보정] LONG KAITO/USDT:USDT exit=2026-05-23 07:44:17 미매칭수량=101.00000000 orderID=3589903302570221568 tradeID=None
[진입유실 방지 자동보정] LONG KAITO/USDT:USDT exit=2026-05-23 09:16:43 미매칭수량=103.00000000 orderID=3590089470679130112 tradeID=None
[진입유실 방지 자동보정] SHORT KAITO/USDT:USDT exit=2026-07-27 23:37:02 미매칭수량=9.00000000 orderID=3780263207016538112 tradeID=None
[진입유실 방지 자동보정] LONG KAITO/USDT:USDT exit=2026-07-28 00:17:06 미매칭수량=9.00000000 orderID=3780343864489091072 tradeID=None
[진입유실 방지 자동보정] LONG ONDO/USDT:USDT exit=2026-05-31 12:11:56 미매칭수량=13.00000000 orderID=3613635053565976576 tradeID=None
[진입유실 방지 자동보정] SHORT ONDO/USDT:USDT exit=2026-06-04 19:57:55 미매칭수량=18.00000000 orderID=3626169605609955328 tradeID=None
[진입유실 방지 자동보정] SHORT ONDO/USDT:USDT exit=2026-07-24 12:48:41 미매칭수량=4.00000000 orderID=3770260599027736576 tradeID=None
[진입유실 방지 자동보정] SHORT ADA/USDT:USDT exit=2026-06-15 18:07:56 미매칭수량=0.80000000 orderID=3657838324836671488 tradeID=None
[진입유실 방지 자동보정] SHORT ADA/USDT:USDT exit=2026-06-15 19:54:41 미매칭수량=0.80000000 orderID=3658053208425832448 tradeID=None
[진입유실 방지 자동보정] SHORT ADA/USDT:USDT exit=2026-06-15 20:18:33 미매칭수량=0.70000000 orderID=3658101280451272704 tradeID=None
[진입유실 방지 자동보정] SHORT ADA/USDT:USDT exit=2026-06-15 20:19:56 미매칭수량=0.70000000 orderID=3658104046410211328 tradeID=None
[진입유실 방지 자동보정] SHORT ADA/USDT:USDT exit=2026-06-15 20:20:18 미매칭수량=0.70000000 orderID=3658104812894101504 tradeID=None
[진입유실 방지 자동보정] SHORT ADA/USDT:USDT exit=2026-06-15 20:26:32 미매칭수량=0.70000000 orderID=3658117332119789568 tradeID=None
[진입유실 방지 자동보정] SHORT ADA/USDT:USDT exit=2026-06-15 20:44:55 미매칭수량=0.70000000 orderID=3658154361918529536 tradeID=None
[진입유실 방지 자동보정] SHORT ADA/USDT:USDT exit=2026-06-15 21:10:33 미매칭수량=0.70000000 orderID=3658205958837051392 tradeID=None
[진입유실 방지 자동보정] SHORT OKB/USDT:USDT exit=2026-06-21 03:12:28 미매칭수량=22.00000000 orderID=3673430118722904064 tradeID=None
[진입유실 방지 자동보정] SHORT OKB/USDT:USDT exit=2026-06-25 17:43:10 미매칭수량=16.00000000 orderID=3686779476461690880 tradeID=None
[진입유실 방지 자동보정] SHORT OKB/USDT:USDT exit=2026-06-25 20:10:48 미매칭수량=16.00000000 orderID=3687076707525926912 tradeID=None
[진입유실 방지 자동보정] LONG OKB/USDT:USDT exit=2026-06-26 12:38:51 미매칭수량=19.00000000 orderID=3689065905153843200 tradeID=None
[진입유실 방지 자동보정] LONG OKB/USDT:USDT exit=2026-06-26 15:55:46 미매칭수량=10.00000000 orderID=3689462344057036800 tradeID=None
[진입유실 방지 자동보정] LONG OKB/USDT:USDT exit=2026-07-22 11:42:03 미매칭수량=21.00000000 orderID=3764328224573825024 tradeID=None
[진입유실 방지 자동보정] LONG HYPE/USDT:USDT exit=2026-07-02 09:33:02 미매칭수량=1.00000000 orderID=3706086441083936768 tradeID=None
[진입유실 방지 자동보정] SHORT HYPE/USDT:USDT exit=2026-07-02 18:46:50 미매칭수량=1.00000000 orderID=3707201387012235264 tradeID=None
[진입유실 방지 자동보정] SHORT HYPE/USDT:USDT exit=2026-07-09 00:25:17 미매칭수량=24.00000000 orderID=3725277377667997696 tradeID=None
[진입유실 방지 자동보정] LONG HYPE/USDT:USDT exit=2026-07-09 06:18:38 미매칭수량=24.00000000 orderID=3725988764811730944 tradeID=None
[진입유실 방지 자동보정] LONG HYPE/USDT:USDT exit=2026-07-09 08:16:14 미매칭수량=23.00000000 orderID=3726225544848809984 tradeID=None
[진입유실 방지 자동보정] LONG HYPE/USDT:USDT exit=2026-07-13 19:30:19 미매칭수량=2.00000000 orderID=3739179042162810880 tradeID=None
[진입유실 방지 자동보정] LONG HYPE/USDT:USDT exit=2026-07-26 15:19:38 미매칭수량=2.00000000 orderID=3776362689651220480 tradeID=None
[진입유실 방지 자동보정] SHORT BTC/USDT:USDT exit=2026-07-07 21:35:36 미매칭수량=0.03000000 orderID=3722036669318373376 tradeID=None
[진입유실 방지 자동보정] SHORT BTC/USDT:USDT exit=2026-07-08 00:16:47 미매칭수량=0.04000000 orderID=3722361174263799808 tradeID=None
[진입유실 방지 자동보정] LONG BTC/USDT:USDT exit=2026-07-08 18:05:02 미매칭수량=0.03000000 orderID=3724511840214130688 tradeID=None
[진입유실 방지 자동보정] LONG BTC/USDT:USDT exit=2026-07-08 22:25:16 미매칭수량=0.03000000 orderID=3725035749082603520 tradeID=None
[진입유실 방지 자동보정] LONG BTC/USDT:USDT exit=2026-07-10 12:10:09 미매칭수량=0.25000000 orderID=3729595582481899520 tradeID=None
[진입유실 방지 자동보정] SHORT BTC/USDT:USDT exit=2026-07-10 20:40:19 미매칭수량=0.24000000 orderID=3730622678511591424 tradeID=None
[진입유실 방지 자동보정] SHORT BTC/USDT:USDT exit=2026-07-13 17:06:33 미매칭수량=0.02000000 orderID=3738889605591801856 tradeID=None
[진입유실 방지 자동보정] SHORT BTC/USDT:USDT exit=2026-07-23 01:38:30 미매칭수량=0.02000000 orderID=3766012229442543616 tradeID=None
[진입유실 방지 자동보정] SHORT XRP/USDT:USDT exit=2026-07-10 20:56:05 미매칭수량=1.43000000 orderID=3730654412548546560 tradeID=None
[진입유실 방지 자동보정] LONG XRP/USDT:USDT exit=2026-07-11 02:57:26 미매칭수량=0.14000000 orderID=3731381904544571392 tradeID=None
[진입유실 방지 자동보정] LONG XRP/USDT:USDT exit=2026-07-11 07:35:19 미매칭수량=0.14000000 orderID=3731941344905732096 tradeID=None
[진입유실 방지 자동보정] LONG XRP/USDT:USDT exit=2026-07-13 22:19:43 미매칭수량=0.15000000 orderID=3739520111387811840 tradeID=None
[DISCORD 1MIN] 10:20:44 ok=True Group 1(5): status=204 | Group 2(3): status=204 collect=7.7s post=0.9s
[DISCORD 1MIN] 10:21:44 ok=True Group 1(5): status=204 | Group 2(3): status=204 collect=8.1s post=0.7s
[DISCORD 1MIN] 10:22:48 ok=True Group 1(5): status=204 | Group 2(3): status=204 collect=11.6s post=0.7s
[DISCORD 1MIN] 10:25:02 ok=False Group 1(5): <urlopen error [Errno 8] nodename nor servname provided, or not known> | Group 2(3): <urlopen error [Errno 8] nodename nor servname provided, or not known> collect=23.4s post=0.0s
[DISCORD 1MIN] 10:26:20 ok=False Group 1(5): <urlopen error [Errno 8] nodename nor servname provided, or not known> | Group 2(3): <urlopen error [Errno 8] nodename nor servname provided, or not known> collect=21.5s post=0.0s
[진입유실 방지 자동보정] LONG KAITO/USDT:USDT exit=2026-05-23 07:44:17 미매칭수량=101.00000000 orderID=3589903302570221568 tradeID=None
[진입유실 방지 자동보정] LONG KAITO/USDT:USDT exit=2026-05-23 09:16:43 미매칭수량=103.00000000 orderID=3590089470679130112 tradeID=None
[진입유실 방지 자동보정] SHORT KAITO/USDT:USDT exit=2026-07-27 23:37:02 미매칭수량=9.00000000 orderID=3780263207016538112 tradeID=None
[진입유실 방지 자동보정] LONG KAITO/USDT:USDT exit=2026-07-28 00:17:06 미매칭수량=9.00000000 orderID=3780343864489091072 tradeID=None
[진입유실 방지 자동보정] LONG ONDO/USDT:USDT exit=2026-05-31 12:11:56 미매칭수량=13.00000000 orderID=3613635053565976576 tradeID=None
[진입유실 방지 자동보정] SHORT ONDO/USDT:USDT exit=2026-06-04 19:57:55 미매칭수량=18.00000000 orderID=3626169605609955328 tradeID=None
[진입유실 방지 자동보정] SHORT ONDO/USDT:USDT exit=2026-07-24 12:48:41 미매칭수량=4.00000000 orderID=3770260599027736576 tradeID=None
[진입유실 방지 자동보정] SHORT ADA/USDT:USDT exit=2026-06-15 18:07:56 미매칭수량=0.80000000 orderID=3657838324836671488 tradeID=None
[진입유실 방지 자동보정] SHORT ADA/USDT:USDT exit=2026-06-15 19:54:41 미매칭수량=0.80000000 orderID=3658053208425832448 tradeID=None
[진입유실 방지 자동보정] SHORT ADA/USDT:USDT exit=2026-06-15 20:18:33 미매칭수량=0.70000000 orderID=3658101280451272704 tradeID=None
[진입유실 방지 자동보정] SHORT ADA/USDT:USDT exit=2026-06-15 20:19:56 미매칭수량=0.70000000 orderID=3658104046410211328 tradeID=None
[진입유실 방지 자동보정] SHORT ADA/USDT:USDT exit=2026-06-15 20:20:18 미매칭수량=0.70000000 orderID=3658104812894101504 tradeID=None
[진입유실 방지 자동보정] SHORT ADA/USDT:USDT exit=2026-06-15 20:26:32 미매칭수량=0.70000000 orderID=3658117332119789568 tradeID=None
[진입유실 방지 자동보정] SHORT ADA/USDT:USDT exit=2026-06-15 20:44:55 미매칭수량=0.70000000 orderID=3658154361918529536 tradeID=None
[진입유실 방지 자동보정] SHORT ADA/USDT:USDT exit=2026-06-15 21:10:33 미매칭수량=0.70000000 orderID=3658205958837051392 tradeID=None
[진입유실 방지 자동보정] SHORT OKB/USDT:USDT exit=2026-06-21 03:12:28 미매칭수량=22.00000000 orderID=3673430118722904064 tradeID=None
[진입유실 방지 자동보정] SHORT OKB/USDT:USDT exit=2026-06-25 17:43:10 미매칭수량=16.00000000 orderID=3686779476461690880 tradeID=None
[진입유실 방지 자동보정] SHORT OKB/USDT:USDT exit=2026-06-25 20:10:48 미매칭수량=16.00000000 orderID=3687076707525926912 tradeID=None
[진입유실 방지 자동보정] LONG OKB/USDT:USDT exit=2026-06-26 12:38:51 미매칭수량=19.00000000 orderID=3689065905153843200 tradeID=None
[진입유실 방지 자동보정] LONG OKB/USDT:USDT exit=2026-06-26 15:55:46 미매칭수량=10.00000000 orderID=3689462344057036800 tradeID=None
[진입유실 방지 자동보정] LONG OKB/USDT:USDT exit=2026-07-22 11:42:03 미매칭수량=21.00000000 orderID=3764328224573825024 tradeID=None
[진입유실 방지 자동보정] LONG HYPE/USDT:USDT exit=2026-07-02 09:33:02 미매칭수량=1.00000000 orderID=3706086441083936768 tradeID=None
[진입유실 방지 자동보정] SHORT HYPE/USDT:USDT exit=2026-07-02 18:46:50 미매칭수량=1.00000000 orderID=3707201387012235264 tradeID=None
[진입유실 방지 자동보정] SHORT HYPE/USDT:USDT exit=2026-07-09 00:25:17 미매칭수량=24.00000000 orderID=3725277377667997696 tradeID=None
[진입유실 방지 자동보정] LONG HYPE/USDT:USDT exit=2026-07-09 06:18:38 미매칭수량=24.00000000 orderID=3725988764811730944 tradeID=None
[진입유실 방지 자동보정] LONG HYPE/USDT:USDT exit=2026-07-09 08:16:14 미매칭수량=23.00000000 orderID=3726225544848809984 tradeID=None
[진입유실 방지 자동보정] LONG HYPE/USDT:USDT exit=2026-07-13 19:30:19 미매칭수량=2.00000000 orderID=3739179042162810880 tradeID=None
[진입유실 방지 자동보정] LONG HYPE/USDT:USDT exit=2026-07-26 15:19:38 미매칭수량=2.00000000 orderID=3776362689651220480 tradeID=None
[진입유실 방지 자동보정] SHORT BTC/USDT:USDT exit=2026-07-07 21:35:36 미매칭수량=0.03000000 orderID=3722036669318373376 tradeID=None
[진입유실 방지 자동보정] SHORT BTC/USDT:USDT exit=2026-07-08 00:16:47 미매칭수량=0.04000000 orderID=3722361174263799808 tradeID=None
[진입유실 방지 자동보정] LONG BTC/USDT:USDT exit=2026-07-08 18:05:02 미매칭수량=0.03000000 orderID=3724511840214130688 tradeID=None
[진입유실 방지 자동보정] LONG BTC/USDT:USDT exit=2026-07-08 22:25:16 미매칭수량=0.03000000 orderID=3725035749082603520 tradeID=None
[진입유실 방지 자동보정] LONG BTC/USDT:USDT exit=2026-07-10 12:10:09 미매칭수량=0.25000000 orderID=3729595582481899520 tradeID=None
[진입유실 방지 자동보정] SHORT BTC/USDT:USDT exit=2026-07-10 20:40:19 미매칭수량=0.24000000 orderID=3730622678511591424 tradeID=None
[진입유실 방지 자동보정] SHORT BTC/USDT:USDT exit=2026-07-13 17:06:33 미매칭수량=0.02000000 orderID=3738889605591801856 tradeID=None
[진입유실 방지 자동보정] SHORT BTC/USDT:USDT exit=2026-07-23 01:38:30 미매칭수량=0.02000000 orderID=3766012229442543616 tradeID=None
[진입유실 방지 자동보정] SHORT XRP/USDT:USDT exit=2026-07-10 20:56:05 미매칭수량=1.43000000 orderID=3730654412548546560 tradeID=None
[진입유실 방지 자동보정] LONG XRP/USDT:USDT exit=2026-07-11 02:57:26 미매칭수량=0.14000000 orderID=3731381904544571392 tradeID=None
[진입유실 방지 자동보정] LONG XRP/USDT:USDT exit=2026-07-11 07:35:19 미매칭수량=0.14000000 orderID=3731941344905732096 tradeID=None
[진입유실 방지 자동보정] LONG XRP/USDT:USDT exit=2026-07-13 22:19:43 미매칭수량=0.15000000 orderID=3739520111387811840 tradeID=None
[진입유실 방지 자동보정] LONG KAITO/USDT:USDT exit=2026-05-23 07:44:17 미매칭수량=101.00000000 orderID=3589903302570221568 tradeID=None
[진입유실 방지 자동보정] LONG KAITO/USDT:USDT exit=2026-05-23 09:16:43 미매칭수량=103.00000000 orderID=3590089470679130112 tradeID=None
[진입유실 방지 자동보정] SHORT KAITO/USDT:USDT exit=2026-07-27 23:37:02 미매칭수량=9.00000000 orderID=3780263207016538112 tradeID=None
[진입유실 방지 자동보정] LONG KAITO/USDT:USDT exit=2026-07-28 00:17:06 미매칭수량=9.00000000 orderID=3780343864489091072 tradeID=None
[진입유실 방지 자동보정] LONG ONDO/USDT:USDT exit=2026-05-31 12:11:56 미매칭수량=13.00000000 orderID=3613635053565976576 tradeID=None
[진입유실 방지 자동보정] SHORT ONDO/USDT:USDT exit=2026-06-04 19:57:55 미매칭수량=18.00000000 orderID=3626169605609955328 tradeID=None
[진입유실 방지 자동보정] SHORT ONDO/USDT:USDT exit=2026-07-24 12:48:41 미매칭수량=4.00000000 orderID=3770260599027736576 tradeID=None
[진입유실 방지 자동보정] SHORT ADA/USDT:USDT exit=2026-06-15 18:07:56 미매칭수량=0.80000000 orderID=3657838324836671488 tradeID=None
[진입유실 방지 자동보정] SHORT ADA/USDT:USDT exit=2026-06-15 19:54:41 미매칭수량=0.80000000 orderID=3658053208425832448 tradeID=None
[진입유실 방지 자동보정] SHORT ADA/USDT:USDT exit=2026-06-15 20:18:33 미매칭수량=0.70000000 orderID=3658101280451272704 tradeID=None
[진입유실 방지 자동보정] SHORT ADA/USDT:USDT exit=2026-06-15 20:19:56 미매칭수량=0.70000000 orderID=3658104046410211328 tradeID=None
[진입유실 방지 자동보정] SHORT ADA/USDT:USDT exit=2026-06-15 20:20:18 미매칭수량=0.70000000 orderID=3658104812894101504 tradeID=None
[진입유실 방지 자동보정] SHORT ADA/USDT:USDT exit=2026-06-15 20:26:32 미매칭수량=0.70000000 orderID=3658117332119789568 tradeID=None
[진입유실 방지 자동보정] SHORT ADA/USDT:USDT exit=2026-06-15 20:44:55 미매칭수량=0.70000000 orderID=3658154361918529536 tradeID=None
[진입유실 방지 자동보정] SHORT ADA/USDT:USDT exit=2026-06-15 21:10:33 미매칭수량=0.70000000 orderID=3658205958837051392 tradeID=None
[진입유실 방지 자동보정] SHORT OKB/USDT:USDT exit=2026-06-21 03:12:28 미매칭수량=22.00000000 orderID=3673430118722904064 tradeID=None
[진입유실 방지 자동보정] SHORT OKB/USDT:USDT exit=2026-06-25 17:43:10 미매칭수량=16.00000000 orderID=3686779476461690880 tradeID=None
[진입유실 방지 자동보정] SHORT OKB/USDT:USDT exit=2026-06-25 20:10:48 미매칭수량=16.00000000 orderID=3687076707525926912 tradeID=None
[진입유실 방지 자동보정] LONG OKB/USDT:USDT exit=2026-06-26 12:38:51 미매칭수량=19.00000000 orderID=3689065905153843200 tradeID=None
[진입유실 방지 자동보정] LONG OKB/USDT:USDT exit=2026-06-26 15:55:46 미매칭수량=10.00000000 orderID=3689462344057036800 tradeID=None
[진입유실 방지 자동보정] LONG OKB/USDT:USDT exit=2026-07-22 11:42:03 미매칭수량=21.00000000 orderID=3764328224573825024 tradeID=None
[진입유실 방지 자동보정] LONG HYPE/USDT:USDT exit=2026-07-02 09:33:02 미매칭수량=1.00000000 orderID=3706086441083936768 tradeID=None
[진입유실 방지 자동보정] SHORT HYPE/USDT:USDT exit=2026-07-02 18:46:50 미매칭수량=1.00000000 orderID=3707201387012235264 tradeID=None
[진입유실 방지 자동보정] SHORT HYPE/USDT:USDT exit=2026-07-09 00:25:17 미매칭수량=24.00000000 orderID=3725277377667997696 tradeID=None
[진입유실 방지 자동보정] LONG HYPE/USDT:USDT exit=2026-07-09 06:18:38 미매칭수량=24.00000000 orderID=3725988764811730944 tradeID=None
[진입유실 방지 자동보정] LONG HYPE/USDT:USDT exit=2026-07-09 08:16:14 미매칭수량=23.00000000 orderID=3726225544848809984 tradeID=None
[진입유실 방지 자동보정] LONG HYPE/USDT:USDT exit=2026-07-13 19:30:19 미매칭수량=2.00000000 orderID=3739179042162810880 tradeID=None
[진입유실 방지 자동보정] LONG HYPE/USDT:USDT exit=2026-07-26 15:19:38 미매칭수량=2.00000000 orderID=3776362689651220480 tradeID=None
[진입유실 방지 자동보정] SHORT BTC/USDT:USDT exit=2026-07-07 21:35:36 미매칭수량=0.03000000 orderID=3722036669318373376 tradeID=None
[진입유실 방지 자동보정] SHORT BTC/USDT:USDT exit=2026-07-08 00:16:47 미매칭수량=0.04000000 orderID=3722361174263799808 tradeID=None
[진입유실 방지 자동보정] LONG BTC/USDT:USDT exit=2026-07-08 18:05:02 미매칭수량=0.03000000 orderID=3724511840214130688 tradeID=None
[진입유실 방지 자동보정] LONG BTC/USDT:USDT exit=2026-07-08 22:25:16 미매칭수량=0.03000000 orderID=3725035749082603520 tradeID=None
[진입유실 방지 자동보정] LONG BTC/USDT:USDT exit=2026-07-10 12:10:09 미매칭수량=0.25000000 orderID=3729595582481899520 tradeID=None
[진입유실 방지 자동보정] SHORT BTC/USDT:USDT exit=2026-07-10 20:40:19 미매칭수량=0.24000000 orderID=3730622678511591424 tradeID=None
[진입유실 방지 자동보정] SHORT BTC/USDT:USDT exit=2026-07-13 17:06:33 미매칭수량=0.02000000 orderID=3738889605591801856 tradeID=None
[진입유실 방지 자동보정] SHORT BTC/USDT:USDT exit=2026-07-23 01:38:30 미매칭수량=0.02000000 orderID=3766012229442543616 tradeID=None
[진입유실 방지 자동보정] SHORT XRP/USDT:USDT exit=2026-07-10 20:56:05 미매칭수량=1.43000000 orderID=3730654412548546560 tradeID=None
[진입유실 방지 자동보정] LONG XRP/USDT:USDT exit=2026-07-11 02:57:26 미매칭수량=0.14000000 orderID=3731381904544571392 tradeID=None
[진입유실 방지 자동보정] LONG XRP/USDT:USDT exit=2026-07-11 07:35:19 미매칭수량=0.14000000 orderID=3731941344905732096 tradeID=None
[진입유실 방지 자동보정] LONG XRP/USDT:USDT exit=2026-07-13 22:19:43 미매칭수량=0.15000000 orderID=3739520111387811840 tradeID=None
[진입유실 방지 자동보정] LONG KAITO/USDT:USDT exit=2026-05-23 07:44:17 미매칭수량=101.00000000 orderID=3589903302570221568 tradeID=None
[진입유실 방지 자동보정] LONG KAITO/USDT:USDT exit=2026-05-23 09:16:43 미매칭수량=103.00000000 orderID=3590089470679130112 tradeID=None
[진입유실 방지 자동보정] SHORT KAITO/USDT:USDT exit=2026-07-27 23:37:02 미매칭수량=9.00000000 orderID=3780263207016538112 tradeID=None
[진입유실 방지 자동보정] LONG KAITO/USDT:USDT exit=2026-07-28 00:17:06 미매칭수량=9.00000000 orderID=3780343864489091072 tradeID=None
[진입유실 방지 자동보정] LONG ONDO/USDT:USDT exit=2026-05-31 12:11:56 미매칭수량=13.00000000 orderID=3613635053565976576 tradeID=None
[진입유실 방지 자동보정] SHORT ONDO/USDT:USDT exit=2026-06-04 19:57:55 미매칭수량=18.00000000 orderID=3626169605609955328 tradeID=None
[진입유실 방지 자동보정] SHORT ONDO/USDT:USDT exit=2026-07-24 12:48:41 미매칭수량=4.00000000 orderID=3770260599027736576 tradeID=None
[진입유실 방지 자동보정] SHORT ADA/USDT:USDT exit=2026-06-15 18:07:56 미매칭수량=0.80000000 orderID=3657838324836671488 tradeID=None
[진입유실 방지 자동보정] SHORT ADA/USDT:USDT exit=2026-06-15 19:54:41 미매칭수량=0.80000000 orderID=3658053208425832448 tradeID=None
[진입유실 방지 자동보정] SHORT ADA/USDT:USDT exit=2026-06-15 20:18:33 미매칭수량=0.70000000 orderID=3658101280451272704 tradeID=None
[진입유실 방지 자동보정] SHORT ADA/USDT:USDT exit=2026-06-15 20:19:56 미매칭수량=0.70000000 orderID=3658104046410211328 tradeID=None
[진입유실 방지 자동보정] SHORT ADA/USDT:USDT exit=2026-06-15 20:20:18 미매칭수량=0.70000000 orderID=3658104812894101504 tradeID=None
[진입유실 방지 자동보정] SHORT ADA/USDT:USDT exit=2026-06-15 20:26:32 미매칭수량=0.70000000 orderID=3658117332119789568 tradeID=None
[진입유실 방지 자동보정] SHORT ADA/USDT:USDT exit=2026-06-15 20:44:55 미매칭수량=0.70000000 orderID=3658154361918529536 tradeID=None
[진입유실 방지 자동보정] SHORT ADA/USDT:USDT exit=2026-06-15 21:10:33 미매칭수량=0.70000000 orderID=3658205958837051392 tradeID=None
[진입유실 방지 자동보정] SHORT OKB/USDT:USDT exit=2026-06-21 03:12:28 미매칭수량=22.00000000 orderID=3673430118722904064 tradeID=None
[진입유실 방지 자동보정] SHORT OKB/USDT:USDT exit=2026-06-25 17:43:10 미매칭수량=16.00000000 orderID=3686779476461690880 tradeID=None
[진입유실 방지 자동보정] SHORT OKB/USDT:USDT exit=2026-06-25 20:10:48 미매칭수량=16.00000000 orderID=3687076707525926912 tradeID=None
[진입유실 방지 자동보정] LONG OKB/USDT:USDT exit=2026-06-26 12:38:51 미매칭수량=19.00000000 orderID=3689065905153843200 tradeID=None
[진입유실 방지 자동보정] LONG OKB/USDT:USDT exit=2026-06-26 15:55:46 미매칭수량=10.00000000 orderID=3689462344057036800 tradeID=None
[진입유실 방지 자동보정] LONG OKB/USDT:USDT exit=2026-07-22 11:42:03 미매칭수량=21.00000000 orderID=3764328224573825024 tradeID=None
[진입유실 방지 자동보정] LONG HYPE/USDT:USDT exit=2026-07-02 09:33:02 미매칭수량=1.00000000 orderID=3706086441083936768 tradeID=None
[진입유실 방지 자동보정] SHORT HYPE/USDT:USDT exit=2026-07-02 18:46:50 미매칭수량=1.00000000 orderID=3707201387012235264 tradeID=None
[진입유실 방지 자동보정] SHORT HYPE/USDT:USDT exit=2026-07-09 00:25:17 미매칭수량=24.00000000 orderID=3725277377667997696 tradeID=None
[진입유실 방지 자동보정] LONG HYPE/USDT:USDT exit=2026-07-09 06:18:38 미매칭수량=24.00000000 orderID=3725988764811730944 tradeID=None
[진입유실 방지 자동보정] LONG HYPE/USDT:USDT exit=2026-07-09 08:16:14 미매칭수량=23.00000000 orderID=3726225544848809984 tradeID=None
[진입유실 방지 자동보정] LONG HYPE/USDT:USDT exit=2026-07-13 19:30:19 미매칭수량=2.00000000 orderID=3739179042162810880 tradeID=None
[진입유실 방지 자동보정] LONG HYPE/USDT:USDT exit=2026-07-26 15:19:38 미매칭수량=2.00000000 orderID=3776362689651220480 tradeID=None
[진입유실 방지 자동보정] SHORT BTC/USDT:USDT exit=2026-07-07 21:35:36 미매칭수량=0.03000000 orderID=3722036669318373376 tradeID=None
[진입유실 방지 자동보정] SHORT BTC/USDT:USDT exit=2026-07-08 00:16:47 미매칭수량=0.04000000 orderID=3722361174263799808 tradeID=None
[진입유실 방지 자동보정] LONG BTC/USDT:USDT exit=2026-07-08 18:05:02 미매칭수량=0.03000000 orderID=3724511840214130688 tradeID=None
[진입유실 방지 자동보정] LONG BTC/USDT:USDT exit=2026-07-08 22:25:16 미매칭수량=0.03000000 orderID=3725035749082603520 tradeID=None
[진입유실 방지 자동보정] LONG BTC/USDT:USDT exit=2026-07-10 12:10:09 미매칭수량=0.25000000 orderID=3729595582481899520 tradeID=None
[진입유실 방지 자동보정] SHORT BTC/USDT:USDT exit=2026-07-10 20:40:19 미매칭수량=0.24000000 orderID=3730622678511591424 tradeID=None
[진입유실 방지 자동보정] SHORT BTC/USDT:USDT exit=2026-07-13 17:06:33 미매칭수량=0.02000000 orderID=3738889605591801856 tradeID=None
[진입유실 방지 자동보정] SHORT BTC/USDT:USDT exit=2026-07-23 01:38:30 미매칭수량=0.02000000 orderID=3766012229442543616 tradeID=None
[진입유실 방지 자동보정] SHORT XRP/USDT:USDT exit=2026-07-10 20:56:05 미매칭수량=1.43000000 orderID=3730654412548546560 tradeID=None
[진입유실 방지 자동보정] LONG XRP/USDT:USDT exit=2026-07-11 02:57:26 미매칭수량=0.14000000 orderID=3731381904544571392 tradeID=None
[진입유실 방지 자동보정] LONG XRP/USDT:USDT exit=2026-07-11 07:35:19 미매칭수량=0.14000000 orderID=3731941344905732096 tradeID=None
[진입유실 방지 자동보정] LONG XRP/USDT:USDT exit=2026-07-13 22:19:43 미매칭수량=0.15000000 orderID=3739520111387811840 tradeID=None
[CATFIX] pnl=0 청산 → 진입 재분류: KAITO/USDT:USDT buy 수량=9.00000000 tradeID=243056081
[진입유실 방지 자동보정] LONG KAITO/USDT:USDT exit=2026-05-23 07:44:17 미매칭수량=101.00000000 orderID=3589903302570221568 tradeID=None
[진입유실 방지 자동보정] LONG KAITO/USDT:USDT exit=2026-05-23 09:16:43 미매칭수량=103.00000000 orderID=3590089470679130112 tradeID=None
[진입유실 방지 자동보정] LONG ONDO/USDT:USDT exit=2026-05-31 12:11:56 미매칭수량=13.00000000 orderID=3613635053565976576 tradeID=None
[진입유실 방지 자동보정] SHORT ONDO/USDT:USDT exit=2026-06-04 19:57:55 미매칭수량=18.00000000 orderID=3626169605609955328 tradeID=None
[진입유실 방지 자동보정] SHORT ONDO/USDT:USDT exit=2026-07-24 12:48:41 미매칭수량=4.00000000 orderID=3770260599027736576 tradeID=None
[진입유실 방지 자동보정] SHORT ADA/USDT:USDT exit=2026-06-15 18:07:56 미매칭수량=0.80000000 orderID=3657838324836671488 tradeID=None
[진입유실 방지 자동보정] SHORT ADA/USDT:USDT exit=2026-06-15 19:54:41 미매칭수량=0.80000000 orderID=3658053208425832448 tradeID=None
[진입유실 방지 자동보정] SHORT ADA/USDT:USDT exit=2026-06-15 20:18:33 미매칭수량=0.70000000 orderID=3658101280451272704 tradeID=None
[진입유실 방지 자동보정] SHORT ADA/USDT:USDT exit=2026-06-15 20:19:56 미매칭수량=0.70000000 orderID=3658104046410211328 tradeID=None
[진입유실 방지 자동보정] SHORT ADA/USDT:USDT exit=2026-06-15 20:20:18 미매칭수량=0.70000000 orderID=3658104812894101504 tradeID=None
[진입유실 방지 자동보정] SHORT ADA/USDT:USDT exit=2026-06-15 20:26:32 미매칭수량=0.70000000 orderID=3658117332119789568 tradeID=None
[진입유실 방지 자동보정] SHORT ADA/USDT:USDT exit=2026-06-15 20:44:55 미매칭수량=0.70000000 orderID=3658154361918529536 tradeID=None
[진입유실 방지 자동보정] SHORT ADA/USDT:USDT exit=2026-06-15 21:10:33 미매칭수량=0.70000000 orderID=3658205958837051392 tradeID=None
[진입유실 방지 자동보정] SHORT OKB/USDT:USDT exit=2026-06-21 03:12:28 미매칭수량=22.00000000 orderID=3673430118722904064 tradeID=None
[진입유실 방지 자동보정] SHORT OKB/USDT:USDT exit=2026-06-25 17:43:10 미매칭수량=16.00000000 orderID=3686779476461690880 tradeID=None
[진입유실 방지 자동보정] SHORT OKB/USDT:USDT exit=2026-06-25 20:10:48 미매칭수량=16.00000000 orderID=3687076707525926912 tradeID=None
[진입유실 방지 자동보정] LONG OKB/USDT:USDT exit=2026-06-26 12:38:51 미매칭수량=19.00000000 orderID=3689065905153843200 tradeID=None
[진입유실 방지 자동보정] LONG OKB/USDT:USDT exit=2026-06-26 15:55:46 미매칭수량=10.00000000 orderID=3689462344057036800 tradeID=None
[진입유실 방지 자동보정] LONG OKB/USDT:USDT exit=2026-07-22 11:42:03 미매칭수량=21.00000000 orderID=3764328224573825024 tradeID=None
[진입유실 방지 자동보정] LONG HYPE/USDT:USDT exit=2026-07-02 09:33:02 미매칭수량=1.00000000 orderID=3706086441083936768 tradeID=None
[진입유실 방지 자동보정] SHORT HYPE/USDT:USDT exit=2026-07-02 18:46:50 미매칭수량=1.00000000 orderID=3707201387012235264 tradeID=None
[진입유실 방지 자동보정] SHORT HYPE/USDT:USDT exit=2026-07-09 00:25:17 미매칭수량=24.00000000 orderID=3725277377667997696 tradeID=None
[진입유실 방지 자동보정] LONG HYPE/USDT:USDT exit=2026-07-09 06:18:38 미매칭수량=24.00000000 orderID=3725988764811730944 tradeID=None
[진입유실 방지 자동보정] LONG HYPE/USDT:USDT exit=2026-07-09 08:16:14 미매칭수량=23.00000000 orderID=3726225544848809984 tradeID=None
[진입유실 방지 자동보정] LONG HYPE/USDT:USDT exit=2026-07-13 19:30:19 미매칭수량=2.00000000 orderID=3739179042162810880 tradeID=None
[진입유실 방지 자동보정] LONG HYPE/USDT:USDT exit=2026-07-26 15:19:38 미매칭수량=2.00000000 orderID=3776362689651220480 tradeID=None
[진입유실 방지 자동보정] SHORT BTC/USDT:USDT exit=2026-07-07 21:35:36 미매칭수량=0.03000000 orderID=3722036669318373376 tradeID=None
[진입유실 방지 자동보정] SHORT BTC/USDT:USDT exit=2026-07-08 00:16:47 미매칭수량=0.04000000 orderID=3722361174263799808 tradeID=None
[진입유실 방지 자동보정] LONG BTC/USDT:USDT exit=2026-07-08 18:05:02 미매칭수량=0.03000000 orderID=3724511840214130688 tradeID=None
[진입유실 방지 자동보정] LONG BTC/USDT:USDT exit=2026-07-08 22:25:16 미매칭수량=0.03000000 orderID=3725035749082603520 tradeID=None
[진입유실 방지 자동보정] LONG BTC/USDT:USDT exit=2026-07-10 12:10:09 미매칭수량=0.25000000 orderID=3729595582481899520 tradeID=None
[진입유실 방지 자동보정] SHORT BTC/USDT:USDT exit=2026-07-10 20:40:19 미매칭수량=0.24000000 orderID=3730622678511591424 tradeID=None
[진입유실 방지 자동보정] SHORT BTC/USDT:USDT exit=2026-07-13 17:06:33 미매칭수량=0.02000000 orderID=3738889605591801856 tradeID=None
[진입유실 방지 자동보정] SHORT BTC/USDT:USDT exit=2026-07-23 01:38:30 미매칭수량=0.02000000 orderID=3766012229442543616 tradeID=None
[진입유실 방지 자동보정] SHORT XRP/USDT:USDT exit=2026-07-10 20:56:05 미매칭수량=1.43000000 orderID=3730654412548546560 tradeID=None
[진입유실 방지 자동보정] LONG XRP/USDT:USDT exit=2026-07-11 02:57:26 미매칭수량=0.14000000 orderID=3731381904544571392 tradeID=None
[진입유실 방지 자동보정] LONG XRP/USDT:USDT exit=2026-07-11 07:35:19 미매칭수량=0.14000000 orderID=3731941344905732096 tradeID=None
[진입유실 방지 자동보정] LONG XRP/USDT:USDT exit=2026-07-13 22:19:43 미매칭수량=0.15000000 orderID=3739520111387811840 tradeID=None
[진입유실 방지 자동보정] LONG KAITO/USDT:USDT exit=2026-05-23 07:44:17 미매칭수량=101.00000000 orderID=3589903302570221568 tradeID=None
[진입유실 방지 자동보정] LONG KAITO/USDT:USDT exit=2026-05-23 09:16:43 미매칭수량=103.00000000 orderID=3590089470679130112 tradeID=None
[진입유실 방지 자동보정] SHORT KAITO/USDT:USDT exit=2026-07-27 23:37:02 미매칭수량=9.00000000 orderID=3780263207016538112 tradeID=None
[진입유실 방지 자동보정] LONG KAITO/USDT:USDT exit=2026-07-28 00:17:06 미매칭수량=9.00000000 orderID=3780343864489091072 tradeID=None
[진입유실 방지 자동보정] LONG ONDO/USDT:USDT exit=2026-05-31 12:11:56 미매칭수량=13.00000000 orderID=3613635053565976576 tradeID=None
[진입유실 방지 자동보정] SHORT ONDO/USDT:USDT exit=2026-06-04 19:57:55 미매칭수량=18.00000000 orderID=3626169605609955328 tradeID=None
[진입유실 방지 자동보정] SHORT ONDO/USDT:USDT exit=2026-07-24 12:48:41 미매칭수량=4.00000000 orderID=3770260599027736576 tradeID=None
[진입유실 방지 자동보정] SHORT ADA/USDT:USDT exit=2026-06-15 18:07:56 미매칭수량=0.80000000 orderID=3657838324836671488 tradeID=None
[진입유실 방지 자동보정] SHORT ADA/USDT:USDT exit=2026-06-15 19:54:41 미매칭수량=0.80000000 orderID=3658053208425832448 tradeID=None
[진입유실 방지 자동보정] SHORT ADA/USDT:USDT exit=2026-06-15 20:18:33 미매칭수량=0.70000000 orderID=3658101280451272704 tradeID=None
[진입유실 방지 자동보정] SHORT ADA/USDT:USDT exit=2026-06-15 20:19:56 미매칭수량=0.70000000 orderID=3658104046410211328 tradeID=None
[진입유실 방지 자동보정] SHORT ADA/USDT:USDT exit=2026-06-15 20:20:18 미매칭수량=0.70000000 orderID=3658104812894101504 tradeID=None
[진입유실 방지 자동보정] SHORT ADA/USDT:USDT exit=2026-06-15 20:26:32 미매칭수량=0.70000000 orderID=3658117332119789568 tradeID=None
[진입유실 방지 자동보정] SHORT ADA/USDT:USDT exit=2026-06-15 20:44:55 미매칭수량=0.70000000 orderID=3658154361918529536 tradeID=None
[진입유실 방지 자동보정] SHORT ADA/USDT:USDT exit=2026-06-15 21:10:33 미매칭수량=0.70000000 orderID=3658205958837051392 tradeID=None
[진입유실 방지 자동보정] SHORT OKB/USDT:USDT exit=2026-06-21 03:12:28 미매칭수량=22.00000000 orderID=3673430118722904064 tradeID=None
[진입유실 방지 자동보정] SHORT OKB/USDT:USDT exit=2026-06-25 17:43:10 미매칭수량=16.00000000 orderID=3686779476461690880 tradeID=None
[진입유실 방지 자동보정] SHORT OKB/USDT:USDT exit=2026-06-25 20:10:48 미매칭수량=16.00000000 orderID=3687076707525926912 tradeID=None
[진입유실 방지 자동보정] LONG OKB/USDT:USDT exit=2026-06-26 12:38:51 미매칭수량=19.00000000 orderID=3689065905153843200 tradeID=None
[진입유실 방지 자동보정] LONG OKB/USDT:USDT exit=2026-06-26 15:55:46 미매칭수량=10.00000000 orderID=3689462344057036800 tradeID=None
[진입유실 방지 자동보정] LONG OKB/USDT:USDT exit=2026-07-22 11:42:03 미매칭수량=21.00000000 orderID=3764328224573825024 tradeID=None
[진입유실 방지 자동보정] LONG HYPE/USDT:USDT exit=2026-07-02 09:33:02 미매칭수량=1.00000000 orderID=3706086441083936768 tradeID=None
[진입유실 방지 자동보정] SHORT HYPE/USDT:USDT exit=2026-07-02 18:46:50 미매칭수량=1.00000000 orderID=3707201387012235264 tradeID=None
[진입유실 방지 자동보정] SHORT HYPE/USDT:USDT exit=2026-07-09 00:25:17 미매칭수량=24.00000000 orderID=3725277377667997696 tradeID=None
[진입유실 방지 자동보정] LONG HYPE/USDT:USDT exit=2026-07-09 06:18:38 미매칭수량=24.00000000 orderID=3725988764811730944 tradeID=None
[진입유실 방지 자동보정] LONG HYPE/USDT:USDT exit=2026-07-09 08:16:14 미매칭수량=23.00000000 orderID=3726225544848809984 tradeID=None
[진입유실 방지 자동보정] LONG HYPE/USDT:USDT exit=2026-07-13 19:30:19 미매칭수량=2.00000000 orderID=3739179042162810880 tradeID=None
[진입유실 방지 자동보정] LONG HYPE/USDT:USDT exit=2026-07-26 15:19:38 미매칭수량=2.00000000 orderID=3776362689651220480 tradeID=None
[진입유실 방지 자동보정] SHORT BTC/USDT:USDT exit=2026-07-07 21:35:36 미매칭수량=0.03000000 orderID=3722036669318373376 tradeID=None
[진입유실 방지 자동보정] SHORT BTC/USDT:USDT exit=2026-07-08 00:16:47 미매칭수량=0.04000000 orderID=3722361174263799808 tradeID=None
[진입유실 방지 자동보정] LONG BTC/USDT:USDT exit=2026-07-08 18:05:02 미매칭수량=0.03000000 orderID=3724511840214130688 tradeID=None
[진입유실 방지 자동보정] LONG BTC/USDT:USDT exit=2026-07-08 22:25:16 미매칭수량=0.03000000 orderID=3725035749082603520 tradeID=None
[진입유실 방지 자동보정] LONG BTC/USDT:USDT exit=2026-07-10 12:10:09 미매칭수량=0.25000000 orderID=3729595582481899520 tradeID=None
[진입유실 방지 자동보정] SHORT BTC/USDT:USDT exit=2026-07-10 20:40:19 미매칭수량=0.24000000 orderID=3730622678511591424 tradeID=None
[진입유실 방지 자동보정] SHORT BTC/USDT:USDT exit=2026-07-13 17:06:33 미매칭수량=0.02000000 orderID=3738889605591801856 tradeID=None
[진입유실 방지 자동보정] SHORT BTC/USDT:USDT exit=2026-07-23 01:38:30 미매칭수량=0.02000000 orderID=3766012229442543616 tradeID=None
[진입유실 방지 자동보정] SHORT XRP/USDT:USDT exit=2026-07-10 20:56:05 미매칭수량=1.43000000 orderID=3730654412548546560 tradeID=None
[진입유실 방지 자동보정] LONG XRP/USDT:USDT exit=2026-07-11 02:57:26 미매칭수량=0.14000000 orderID=3731381904544571392 tradeID=None
[진입유실 방지 자동보정] LONG XRP/USDT:USDT exit=2026-07-11 07:35:19 미매칭수량=0.14000000 orderID=3731941344905732096 tradeID=None
[진입유실 방지 자동보정] LONG XRP/USDT:USDT exit=2026-07-13 22:19:43 미매칭수량=0.15000000 orderID=3739520111387811840 tradeID=None
[진입유실 방지 자동보정] LONG KAITO/USDT:USDT exit=2026-05-23 07:44:17 미매칭수량=101.00000000 orderID=3589903302570221568 tradeID=None
[진입유실 방지 자동보정] LONG KAITO/USDT:USDT exit=2026-05-23 09:16:43 미매칭수량=103.00000000 orderID=3590089470679130112 tradeID=None
[진입유실 방지 자동보정] SHORT KAITO/USDT:USDT exit=2026-07-27 23:37:02 미매칭수량=9.00000000 orderID=3780263207016538112 tradeID=None
[진입유실 방지 자동보정] LONG KAITO/USDT:USDT exit=2026-07-28 00:17:06 미매칭수량=9.00000000 orderID=3780343864489091072 tradeID=None
[진입유실 방지 자동보정] LONG ONDO/USDT:USDT exit=2026-05-31 12:11:56 미매칭수량=13.00000000 orderID=3613635053565976576 tradeID=None
[진입유실 방지 자동보정] SHORT ONDO/USDT:USDT exit=2026-06-04 19:57:55 미매칭수량=18.00000000 orderID=3626169605609955328 tradeID=None
[진입유실 방지 자동보정] SHORT ONDO/USDT:USDT exit=2026-07-24 12:48:41 미매칭수량=4.00000000 orderID=3770260599027736576 tradeID=None
[진입유실 방지 자동보정] SHORT ADA/USDT:USDT exit=2026-06-15 18:07:56 미매칭수량=0.80000000 orderID=3657838324836671488 tradeID=None
[진입유실 방지 자동보정] SHORT ADA/USDT:USDT exit=2026-06-15 19:54:41 미매칭수량=0.80000000 orderID=3658053208425832448 tradeID=None
[진입유실 방지 자동보정] SHORT ADA/USDT:USDT exit=2026-06-15 20:18:33 미매칭수량=0.70000000 orderID=3658101280451272704 tradeID=None
[진입유실 방지 자동보정] SHORT ADA/USDT:USDT exit=2026-06-15 20:19:56 미매칭수량=0.70000000 orderID=3658104046410211328 tradeID=None
[진입유실 방지 자동보정] SHORT ADA/USDT:USDT exit=2026-06-15 20:20:18 미매칭수량=0.70000000 orderID=3658104812894101504 tradeID=None
[진입유실 방지 자동보정] SHORT ADA/USDT:USDT exit=2026-06-15 20:26:32 미매칭수량=0.70000000 orderID=3658117332119789568 tradeID=None
[진입유실 방지 자동보정] SHORT ADA/USDT:USDT exit=2026-06-15 20:44:55 미매칭수량=0.70000000 orderID=3658154361918529536 tradeID=None
[진입유실 방지 자동보정] SHORT ADA/USDT:USDT exit=2026-06-15 21:10:33 미매칭수량=0.70000000 orderID=3658205958837051392 tradeID=None
[진입유실 방지 자동보정] SHORT OKB/USDT:USDT exit=2026-06-21 03:12:28 미매칭수량=22.00000000 orderID=3673430118722904064 tradeID=None
[진입유실 방지 자동보정] SHORT OKB/USDT:USDT exit=2026-06-25 17:43:10 미매칭수량=16.00000000 orderID=3686779476461690880 tradeID=None
[진입유실 방지 자동보정] SHORT OKB/USDT:USDT exit=2026-06-25 20:10:48 미매칭수량=16.00000000 orderID=3687076707525926912 tradeID=None
[진입유실 방지 자동보정] LONG OKB/USDT:USDT exit=2026-06-26 12:38:51 미매칭수량=19.00000000 orderID=3689065905153843200 tradeID=None
[진입유실 방지 자동보정] LONG OKB/USDT:USDT exit=2026-06-26 15:55:46 미매칭수량=10.00000000 orderID=3689462344057036800 tradeID=None
[진입유실 방지 자동보정] LONG OKB/USDT:USDT exit=2026-07-22 11:42:03 미매칭수량=21.00000000 orderID=3764328224573825024 tradeID=None
[진입유실 방지 자동보정] LONG HYPE/USDT:USDT exit=2026-07-02 09:33:02 미매칭수량=1.00000000 orderID=3706086441083936768 tradeID=None
[진입유실 방지 자동보정] SHORT HYPE/USDT:USDT exit=2026-07-02 18:46:50 미매칭수량=1.00000000 orderID=3707201387012235264 tradeID=None
[진입유실 방지 자동보정] SHORT HYPE/USDT:USDT exit=2026-07-09 00:25:17 미매칭수량=24.00000000 orderID=3725277377667997696 tradeID=None
[진입유실 방지 자동보정] LONG HYPE/USDT:USDT exit=2026-07-09 06:18:38 미매칭수량=24.00000000 orderID=3725988764811730944 tradeID=None
[진입유실 방지 자동보정] LONG HYPE/USDT:USDT exit=2026-07-09 08:16:14 미매칭수량=23.00000000 orderID=3726225544848809984 tradeID=None
[진입유실 방지 자동보정] LONG HYPE/USDT:USDT exit=2026-07-13 19:30:19 미매칭수량=2.00000000 orderID=3739179042162810880 tradeID=None
[진입유실 방지 자동보정] LONG HYPE/USDT:USDT exit=2026-07-26 15:19:38 미매칭수량=2.00000000 orderID=3776362689651220480 tradeID=None
[진입유실 방지 자동보정] SHORT BTC/USDT:USDT exit=2026-07-07 21:35:36 미매칭수량=0.03000000 orderID=3722036669318373376 tradeID=None
[진입유실 방지 자동보정] SHORT BTC/USDT:USDT exit=2026-07-08 00:16:47 미매칭수량=0.04000000 orderID=3722361174263799808 tradeID=None
[진입유실 방지 자동보정] LONG BTC/USDT:USDT exit=2026-07-08 18:05:02 미매칭수량=0.03000000 orderID=3724511840214130688 tradeID=None
[진입유실 방지 자동보정] LONG BTC/USDT:USDT exit=2026-07-08 22:25:16 미매칭수량=0.03000000 orderID=3725035749082603520 tradeID=None
[진입유실 방지 자동보정] LONG BTC/USDT:USDT exit=2026-07-10 12:10:09 미매칭수량=0.25000000 orderID=3729595582481899520 tradeID=None
[진입유실 방지 자동보정] SHORT BTC/USDT:USDT exit=2026-07-10 20:40:19 미매칭수량=0.24000000 orderID=3730622678511591424 tradeID=None
[진입유실 방지 자동보정] SHORT BTC/USDT:USDT exit=2026-07-13 17:06:33 미매칭수량=0.02000000 orderID=3738889605591801856 tradeID=None
[진입유실 방지 자동보정] SHORT BTC/USDT:USDT exit=2026-07-23 01:38:30 미매칭수량=0.02000000 orderID=3766012229442543616 tradeID=None
[진입유실 방지 자동보정] SHORT XRP/USDT:USDT exit=2026-07-10 20:56:05 미매칭수량=1.43000000 orderID=3730654412548546560 tradeID=None
[진입유실 방지 자동보정] LONG XRP/USDT:USDT exit=2026-07-11 02:57:26 미매칭수량=0.14000000 orderID=3731381904544571392 tradeID=None
[진입유실 방지 자동보정] LONG XRP/USDT:USDT exit=2026-07-11 07:35:19 미매칭수량=0.14000000 orderID=3731941344905732096 tradeID=None
[진입유실 방지 자동보정] LONG XRP/USDT:USDT exit=2026-07-13 22:19:43 미매칭수량=0.15000000 orderID=3739520111387811840 tradeID=None
[진입유실 방지 자동보정] LONG KAITO/USDT:USDT exit=2026-05-23 07:44:17 미매칭수량=101.00000000 orderID=3589903302570221568 tradeID=None
[진입유실 방지 자동보정] LONG KAITO/USDT:USDT exit=2026-05-23 09:16:43 미매칭수량=103.00000000 orderID=3590089470679130112 tradeID=None
[진입유실 방지 자동보정] SHORT KAITO/USDT:USDT exit=2026-07-27 23:37:02 미매칭수량=9.00000000 orderID=3780263207016538112 tradeID=None
[진입유실 방지 자동보정] LONG KAITO/USDT:USDT exit=2026-07-28 00:17:06 미매칭수량=9.00000000 orderID=3780343864489091072 tradeID=None
[진입유실 방지 자동보정] LONG ONDO/USDT:USDT exit=2026-05-31 12:11:56 미매칭수량=13.00000000 orderID=3613635053565976576 tradeID=None
[진입유실 방지 자동보정] SHORT ONDO/USDT:USDT exit=2026-06-04 19:57:55 미매칭수량=18.00000000 orderID=3626169605609955328 tradeID=None
[진입유실 방지 자동보정] SHORT ONDO/USDT:USDT exit=2026-07-24 12:48:41 미매칭수량=4.00000000 orderID=3770260599027736576 tradeID=None
[진입유실 방지 자동보정] SHORT ADA/USDT:USDT exit=2026-06-15 18:07:56 미매칭수량=0.80000000 orderID=3657838324836671488 tradeID=None
[진입유실 방지 자동보정] SHORT ADA/USDT:USDT exit=2026-06-15 19:54:41 미매칭수량=0.80000000 orderID=3658053208425832448 tradeID=None
[진입유실 방지 자동보정] SHORT ADA/USDT:USDT exit=2026-06-15 20:18:33 미매칭수량=0.70000000 orderID=3658101280451272704 tradeID=None
[진입유실 방지 자동보정] SHORT ADA/USDT:USDT exit=2026-06-15 20:19:56 미매칭수량=0.70000000 orderID=3658104046410211328 tradeID=None
[진입유실 방지 자동보정] SHORT ADA/USDT:USDT exit=2026-06-15 20:20:18 미매칭수량=0.70000000 orderID=3658104812894101504 tradeID=None
[진입유실 방지 자동보정] SHORT ADA/USDT:USDT exit=2026-06-15 20:26:32 미매칭수량=0.70000000 orderID=3658117332119789568 tradeID=None
[진입유실 방지 자동보정] SHORT ADA/USDT:USDT exit=2026-06-15 20:44:55 미매칭수량=0.70000000 orderID=3658154361918529536 tradeID=None
[진입유실 방지 자동보정] SHORT ADA/USDT:USDT exit=2026-06-15 21:10:33 미매칭수량=0.70000000 orderID=3658205958837051392 tradeID=None
[진입유실 방지 자동보정] SHORT OKB/USDT:USDT exit=2026-06-21 03:12:28 미매칭수량=22.00000000 orderID=3673430118722904064 tradeID=None
[진입유실 방지 자동보정] SHORT OKB/USDT:USDT exit=2026-06-25 17:43:10 미매칭수량=16.00000000 orderID=3686779476461690880 tradeID=None
[진입유실 방지 자동보정] SHORT OKB/USDT:USDT exit=2026-06-25 20:10:48 미매칭수량=16.00000000 orderID=3687076707525926912 tradeID=None
[진입유실 방지 자동보정] LONG OKB/USDT:USDT exit=2026-06-26 12:38:51 미매칭수량=19.00000000 orderID=3689065905153843200 tradeID=None
[진입유실 방지 자동보정] LONG OKB/USDT:USDT exit=2026-06-26 15:55:46 미매칭수량=10.00000000 orderID=3689462344057036800 tradeID=None
[진입유실 방지 자동보정] LONG OKB/USDT:USDT exit=2026-07-22 11:42:03 미매칭수량=21.00000000 orderID=3764328224573825024 tradeID=None
[진입유실 방지 자동보정] LONG HYPE/USDT:USDT exit=2026-07-02 09:33:02 미매칭수량=1.00000000 orderID=3706086441083936768 tradeID=None
[진입유실 방지 자동보정] SHORT HYPE/USDT:USDT exit=2026-07-02 18:46:50 미매칭수량=1.00000000 orderID=3707201387012235264 tradeID=None
[진입유실 방지 자동보정] SHORT HYPE/USDT:USDT exit=2026-07-09 00:25:17 미매칭수량=24.00000000 orderID=3725277377667997696 tradeID=None
[진입유실 방지 자동보정] LONG HYPE/USDT:USDT exit=2026-07-09 06:18:38 미매칭수량=24.00000000 orderID=3725988764811730944 tradeID=None
[진입유실 방지 자동보정] LONG HYPE/USDT:USDT exit=2026-07-09 08:16:14 미매칭수량=23.00000000 orderID=3726225544848809984 tradeID=None
[진입유실 방지 자동보정] LONG HYPE/USDT:USDT exit=2026-07-13 19:30:19 미매칭수량=2.00000000 orderID=3739179042162810880 tradeID=None
[진입유실 방지 자동보정] LONG HYPE/USDT:USDT exit=2026-07-26 15:19:38 미매칭수량=2.00000000 orderID=3776362689651220480 tradeID=None
[진입유실 방지 자동보정] SHORT BTC/USDT:USDT exit=2026-07-07 21:35:36 미매칭수량=0.03000000 orderID=3722036669318373376 tradeID=None
[진입유실 방지 자동보정] SHORT BTC/USDT:USDT exit=2026-07-08 00:16:47 미매칭수량=0.04000000 orderID=3722361174263799808 tradeID=None
[진입유실 방지 자동보정] LONG BTC/USDT:USDT exit=2026-07-08 18:05:02 미매칭수량=0.03000000 orderID=3724511840214130688 tradeID=None
[진입유실 방지 자동보정] LONG BTC/USDT:USDT exit=2026-07-08 22:25:16 미매칭수량=0.03000000 orderID=3725035749082603520 tradeID=None
[진입유실 방지 자동보정] LONG BTC/USDT:USDT exit=2026-07-10 12:10:09 미매칭수량=0.25000000 orderID=3729595582481899520 tradeID=None
[진입유실 방지 자동보정] SHORT BTC/USDT:USDT exit=2026-07-10 20:40:19 미매칭수량=0.24000000 orderID=3730622678511591424 tradeID=None
[진입유실 방지 자동보정] SHORT BTC/USDT:USDT exit=2026-07-13 17:06:33 미매칭수량=0.02000000 orderID=3738889605591801856 tradeID=None
[진입유실 방지 자동보정] SHORT BTC/USDT:USDT exit=2026-07-23 01:38:30 미매칭수량=0.02000000 orderID=3766012229442543616 tradeID=None
[진입유실 방지 자동보정] SHORT XRP/USDT:USDT exit=2026-07-10 20:56:05 미매칭수량=1.43000000 orderID=3730654412548546560 tradeID=None
[진입유실 방지 자동보정] LONG XRP/USDT:USDT exit=2026-07-11 02:57:26 미매칭수량=0.14000000 orderID=3731381904544571392 tradeID=None
[진입유실 방지 자동보정] LONG XRP/USDT:USDT exit=2026-07-11 07:35:19 미매칭수량=0.14000000 orderID=3731941344905732096 tradeID=None
[진입유실 방지 자동보정] LONG XRP/USDT:USDT exit=2026-07-13 22:19:43 미매칭수량=0.15000000 orderID=3739520111387811840 tradeID=None
[진입유실 방지 자동보정] LONG KAITO/USDT:USDT exit=2026-05-23 07:44:17 미매칭수량=101.00000000 orderID=3589903302570221568 tradeID=None
[진입유실 방지 자동보정] LONG KAITO/USDT:USDT exit=2026-05-23 09:16:43 미매칭수량=103.00000000 orderID=3590089470679130112 tradeID=None
[진입유실 방지 자동보정] SHORT KAITO/USDT:USDT exit=2026-07-27 23:37:02 미매칭수량=9.00000000 orderID=3780263207016538112 tradeID=None
[진입유실 방지 자동보정] LONG KAITO/USDT:USDT exit=2026-07-28 00:17:06 미매칭수량=9.00000000 orderID=3780343864489091072 tradeID=None
[진입유실 방지 자동보정] LONG ONDO/USDT:USDT exit=2026-05-31 12:11:56 미매칭수량=13.00000000 orderID=3613635053565976576 tradeID=None
[진입유실 방지 자동보정] SHORT ONDO/USDT:USDT exit=2026-06-04 19:57:55 미매칭수량=18.00000000 orderID=3626169605609955328 tradeID=None
[진입유실 방지 자동보정] SHORT ONDO/USDT:USDT exit=2026-07-24 12:48:41 미매칭수량=4.00000000 orderID=3770260599027736576 tradeID=None
[진입유실 방지 자동보정] SHORT ADA/USDT:USDT exit=2026-06-15 18:07:56 미매칭수량=0.80000000 orderID=3657838324836671488 tradeID=None
[진입유실 방지 자동보정] SHORT ADA/USDT:USDT exit=2026-06-15 19:54:41 미매칭수량=0.80000000 orderID=3658053208425832448 tradeID=None
[진입유실 방지 자동보정] SHORT ADA/USDT:USDT exit=2026-06-15 20:18:33 미매칭수량=0.70000000 orderID=3658101280451272704 tradeID=None
[진입유실 방지 자동보정] SHORT ADA/USDT:USDT exit=2026-06-15 20:19:56 미매칭수량=0.70000000 orderID=3658104046410211328 tradeID=None
[진입유실 방지 자동보정] SHORT ADA/USDT:USDT exit=2026-06-15 20:20:18 미매칭수량=0.70000000 orderID=3658104812894101504 tradeID=None
[진입유실 방지 자동보정] SHORT ADA/USDT:USDT exit=2026-06-15 20:26:32 미매칭수량=0.70000000 orderID=3658117332119789568 tradeID=None
[진입유실 방지 자동보정] SHORT ADA/USDT:USDT exit=2026-06-15 20:44:55 미매칭수량=0.70000000 orderID=3658154361918529536 tradeID=None
[진입유실 방지 자동보정] SHORT ADA/USDT:USDT exit=2026-06-15 21:10:33 미매칭수량=0.70000000 orderID=3658205958837051392 tradeID=None
[진입유실 방지 자동보정] SHORT OKB/USDT:USDT exit=2026-06-21 03:12:28 미매칭수량=22.00000000 orderID=3673430118722904064 tradeID=None
[진입유실 방지 자동보정] SHORT OKB/USDT:USDT exit=2026-06-25 17:43:10 미매칭수량=16.00000000 orderID=3686779476461690880 tradeID=None
[진입유실 방지 자동보정] SHORT OKB/USDT:USDT exit=2026-06-25 20:10:48 미매칭수량=16.00000000 orderID=3687076707525926912 tradeID=None
[진입유실 방지 자동보정] LONG OKB/USDT:USDT exit=2026-06-26 12:38:51 미매칭수량=19.00000000 orderID=3689065905153843200 tradeID=None
[진입유실 방지 자동보정] LONG OKB/USDT:USDT exit=2026-06-26 15:55:46 미매칭수량=10.00000000 orderID=3689462344057036800 tradeID=None
[진입유실 방지 자동보정] LONG OKB/USDT:USDT exit=2026-07-22 11:42:03 미매칭수량=21.00000000 orderID=3764328224573825024 tradeID=None
[진입유실 방지 자동보정] LONG HYPE/USDT:USDT exit=2026-07-02 09:33:02 미매칭수량=1.00000000 orderID=3706086441083936768 tradeID=None
[진입유실 방지 자동보정] SHORT HYPE/USDT:USDT exit=2026-07-02 18:46:50 미매칭수량=1.00000000 orderID=3707201387012235264 tradeID=None
[진입유실 방지 자동보정] SHORT HYPE/USDT:USDT exit=2026-07-09 00:25:17 미매칭수량=24.00000000 orderID=3725277377667997696 tradeID=None
[진입유실 방지 자동보정] LONG HYPE/USDT:USDT exit=2026-07-09 06:18:38 미매칭수량=24.00000000 orderID=3725988764811730944 tradeID=None
[진입유실 방지 자동보정] LONG HYPE/USDT:USDT exit=2026-07-09 08:16:14 미매칭수량=23.00000000 orderID=3726225544848809984 tradeID=None
[진입유실 방지 자동보정] LONG HYPE/USDT:USDT exit=2026-07-13 19:30:19 미매칭수량=2.00000000 orderID=3739179042162810880 tradeID=None
[진입유실 방지 자동보정] LONG HYPE/USDT:USDT exit=2026-07-26 15:19:38 미매칭수량=2.00000000 orderID=3776362689651220480 tradeID=None
[진입유실 방지 자동보정] SHORT BTC/USDT:USDT exit=2026-07-07 21:35:36 미매칭수량=0.03000000 orderID=3722036669318373376 tradeID=None
[진입유실 방지 자동보정] SHORT BTC/USDT:USDT exit=2026-07-08 00:16:47 미매칭수량=0.04000000 orderID=3722361174263799808 tradeID=None
[진입유실 방지 자동보정] LONG BTC/USDT:USDT exit=2026-07-08 18:05:02 미매칭수량=0.03000000 orderID=3724511840214130688 tradeID=None
[진입유실 방지 자동보정] LONG BTC/USDT:USDT exit=2026-07-08 22:25:16 미매칭수량=0.03000000 orderID=3725035749082603520 tradeID=None
[진입유실 방지 자동보정] LONG BTC/USDT:USDT exit=2026-07-10 12:10:09 미매칭수량=0.25000000 orderID=3729595582481899520 tradeID=None
[진입유실 방지 자동보정] SHORT BTC/USDT:USDT exit=2026-07-10 20:40:19 미매칭수량=0.24000000 orderID=3730622678511591424 tradeID=None
[진입유실 방지 자동보정] SHORT BTC/USDT:USDT exit=2026-07-13 17:06:33 미매칭수량=0.02000000 orderID=3738889605591801856 tradeID=None
[진입유실 방지 자동보정] SHORT BTC/USDT:USDT exit=2026-07-23 01:38:30 미매칭수량=0.02000000 orderID=3766012229442543616 tradeID=None
[진입유실 방지 자동보정] SHORT XRP/USDT:USDT exit=2026-07-10 20:56:05 미매칭수량=1.43000000 orderID=3730654412548546560 tradeID=None
[진입유실 방지 자동보정] LONG XRP/USDT:USDT exit=2026-07-11 02:57:26 미매칭수량=0.14000000 orderID=3731381904544571392 tradeID=None
[진입유실 방지 자동보정] LONG XRP/USDT:USDT exit=2026-07-11 07:35:19 미매칭수량=0.14000000 orderID=3731941344905732096 tradeID=None
[진입유실 방지 자동보정] LONG XRP/USDT:USDT exit=2026-07-13 22:19:43 미매칭수량=0.15000000 orderID=3739520111387811840 tradeID=None
[DISCORD 1MIN] 10:27:25 ok=True Group 1(5): status=204 | Group 2(3): status=204 collect=24.2s post=0.7s
[DISCORD 1MIN] 10:28:38 ok=True Group 1(5): status=204 | Group 2(3): status=204 collect=12.6s post=0.7s
[DISCORD 1MIN] 10:30:57 ok=True Group 1(5): status=204 | Group 2(3): status=204 collect=7.9s post=1.0s
[DISCORD 1MIN] 10:31:59 ok=True Group 1(5): status=204 | Group 2(3): status=204 collect=7.7s post=3.1s
[DISCORD 1MIN] 10:32:56 ok=True Group 1(5): status=204 | Group 2(3): status=204 collect=7.7s post=0.7s
[DISCORD 1MIN] 10:33:57 ok=True Group 1(5): status=204 | Group 2(3): status=204 collect=8.3s post=0.7s
[진입유실 방지 자동보정] LONG KAITO/USDT:USDT exit=2026-05-23 07:44:17 미매칭수량=101.00000000 orderID=3589903302570221568 tradeID=None
[진입유실 방지 자동보정] LONG KAITO/USDT:USDT exit=2026-05-23 09:16:43 미매칭수량=103.00000000 orderID=3590089470679130112 tradeID=None
[진입유실 방지 자동보정] SHORT KAITO/USDT:USDT exit=2026-07-27 23:37:02 미매칭수량=9.00000000 orderID=3780263207016538112 tradeID=None
[진입유실 방지 자동보정] LONG KAITO/USDT:USDT exit=2026-07-28 00:17:06 미매칭수량=9.00000000 orderID=3780343864489091072 tradeID=None
[진입유실 방지 자동보정] LONG ONDO/USDT:USDT exit=2026-05-31 12:11:56 미매칭수량=13.00000000 orderID=3613635053565976576 tradeID=None
[진입유실 방지 자동보정] SHORT ONDO/USDT:USDT exit=2026-06-04 19:57:55 미매칭수량=18.00000000 orderID=3626169605609955328 tradeID=None
[진입유실 방지 자동보정] SHORT ONDO/USDT:USDT exit=2026-07-24 12:48:41 미매칭수량=4.00000000 orderID=3770260599027736576 tradeID=None
[진입유실 방지 자동보정] SHORT ADA/USDT:USDT exit=2026-06-15 18:07:56 미매칭수량=0.80000000 orderID=3657838324836671488 tradeID=None
[진입유실 방지 자동보정] SHORT ADA/USDT:USDT exit=2026-06-15 19:54:41 미매칭수량=0.80000000 orderID=3658053208425832448 tradeID=None
[진입유실 방지 자동보정] SHORT ADA/USDT:USDT exit=2026-06-15 20:18:33 미매칭수량=0.70000000 orderID=3658101280451272704 tradeID=None
[진입유실 방지 자동보정] SHORT ADA/USDT:USDT exit=2026-06-15 20:19:56 미매칭수량=0.70000000 orderID=3658104046410211328 tradeID=None
[진입유실 방지 자동보정] SHORT ADA/USDT:USDT exit=2026-06-15 20:20:18 미매칭수량=0.70000000 orderID=3658104812894101504 tradeID=None
[진입유실 방지 자동보정] SHORT ADA/USDT:USDT exit=2026-06-15 20:26:32 미매칭수량=0.70000000 orderID=3658117332119789568 tradeID=None
[진입유실 방지 자동보정] SHORT ADA/USDT:USDT exit=2026-06-15 20:44:55 미매칭수량=0.70000000 orderID=3658154361918529536 tradeID=None
[진입유실 방지 자동보정] SHORT ADA/USDT:USDT exit=2026-06-15 21:10:33 미매칭수량=0.70000000 orderID=3658205958837051392 tradeID=None
[진입유실 방지 자동보정] SHORT OKB/USDT:USDT exit=2026-06-21 03:12:28 미매칭수량=22.00000000 orderID=3673430118722904064 tradeID=None
[진입유실 방지 자동보정] SHORT OKB/USDT:USDT exit=2026-06-25 17:43:10 미매칭수량=16.00000000 orderID=3686779476461690880 tradeID=None
[진입유실 방지 자동보정] SHORT OKB/USDT:USDT exit=2026-06-25 20:10:48 미매칭수량=16.00000000 orderID=3687076707525926912 tradeID=None
[진입유실 방지 자동보정] LONG OKB/USDT:USDT exit=2026-06-26 12:38:51 미매칭수량=19.00000000 orderID=3689065905153843200 tradeID=None
[진입유실 방지 자동보정] LONG OKB/USDT:USDT exit=2026-06-26 15:55:46 미매칭수량=10.00000000 orderID=3689462344057036800 tradeID=None
[진입유실 방지 자동보정] LONG OKB/USDT:USDT exit=2026-07-22 11:42:03 미매칭수량=21.00000000 orderID=3764328224573825024 tradeID=None
[진입유실 방지 자동보정] LONG HYPE/USDT:USDT exit=2026-07-02 09:33:02 미매칭수량=1.00000000 orderID=3706086441083936768 tradeID=None
[진입유실 방지 자동보정] SHORT HYPE/USDT:USDT exit=2026-07-02 18:46:50 미매칭수량=1.00000000 orderID=3707201387012235264 tradeID=None
[진입유실 방지 자동보정] SHORT HYPE/USDT:USDT exit=2026-07-09 00:25:17 미매칭수량=24.00000000 orderID=3725277377667997696 tradeID=None
[진입유실 방지 자동보정] LONG HYPE/USDT:USDT exit=2026-07-09 06:18:38 미매칭수량=24.00000000 orderID=3725988764811730944 tradeID=None
[진입유실 방지 자동보정] LONG HYPE/USDT:USDT exit=2026-07-09 08:16:14 미매칭수량=23.00000000 orderID=3726225544848809984 tradeID=None
[진입유실 방지 자동보정] LONG HYPE/USDT:USDT exit=2026-07-13 19:30:19 미매칭수량=2.00000000 orderID=3739179042162810880 tradeID=None
[진입유실 방지 자동보정] LONG HYPE/USDT:USDT exit=2026-07-26 15:19:38 미매칭수량=2.00000000 orderID=3776362689651220480 tradeID=None
[진입유실 방지 자동보정] SHORT BTC/USDT:USDT exit=2026-07-07 21:35:36 미매칭수량=0.03000000 orderID=3722036669318373376 tradeID=None
[진입유실 방지 자동보정] SHORT BTC/USDT:USDT exit=2026-07-08 00:16:47 미매칭수량=0.04000000 orderID=3722361174263799808 tradeID=None
[진입유실 방지 자동보정] LONG BTC/USDT:USDT exit=2026-07-08 18:05:02 미매칭수량=0.03000000 orderID=3724511840214130688 tradeID=None
[진입유실 방지 자동보정] LONG BTC/USDT:USDT exit=2026-07-08 22:25:16 미매칭수량=0.03000000 orderID=3725035749082603520 tradeID=None
[진입유실 방지 자동보정] LONG BTC/USDT:USDT exit=2026-07-10 12:10:09 미매칭수량=0.25000000 orderID=3729595582481899520 tradeID=None
[진입유실 방지 자동보정] SHORT BTC/USDT:USDT exit=2026-07-10 20:40:19 미매칭수량=0.24000000 orderID=3730622678511591424 tradeID=None
[진입유실 방지 자동보정] SHORT BTC/USDT:USDT exit=2026-07-13 17:06:33 미매칭수량=0.02000000 orderID=3738889605591801856 tradeID=None
[진입유실 방지 자동보정] SHORT BTC/USDT:USDT exit=2026-07-23 01:38:30 미매칭수량=0.02000000 orderID=3766012229442543616 tradeID=None
[진입유실 방지 자동보정] SHORT XRP/USDT:USDT exit=2026-07-10 20:56:05 미매칭수량=1.43000000 orderID=3730654412548546560 tradeID=None
[진입유실 방지 자동보정] LONG XRP/USDT:USDT exit=2026-07-11 02:57:26 미매칭수량=0.14000000 orderID=3731381904544571392 tradeID=None
[진입유실 방지 자동보정] LONG XRP/USDT:USDT exit=2026-07-11 07:35:19 미매칭수량=0.14000000 orderID=3731941344905732096 tradeID=None
[진입유실 방지 자동보정] LONG XRP/USDT:USDT exit=2026-07-13 22:19:43 미매칭수량=0.15000000 orderID=3739520111387811840 tradeID=None
[진입유실 방지 자동보정] LONG KAITO/USDT:USDT exit=2026-05-23 07:44:17 미매칭수량=101.00000000 orderID=3589903302570221568 tradeID=None
[진입유실 방지 자동보정] LONG KAITO/USDT:USDT exit=2026-05-23 09:16:43 미매칭수량=103.00000000 orderID=3590089470679130112 tradeID=None
[진입유실 방지 자동보정] SHORT KAITO/USDT:USDT exit=2026-07-27 23:37:02 미매칭수량=9.00000000 orderID=3780263207016538112 tradeID=None
[진입유실 방지 자동보정] LONG KAITO/USDT:USDT exit=2026-07-28 00:17:06 미매칭수량=9.00000000 orderID=3780343864489091072 tradeID=None
[진입유실 방지 자동보정] LONG ONDO/USDT:USDT exit=2026-05-31 12:11:56 미매칭수량=13.00000000 orderID=3613635053565976576 tradeID=None
[진입유실 방지 자동보정] SHORT ONDO/USDT:USDT exit=2026-06-04 19:57:55 미매칭수량=18.00000000 orderID=3626169605609955328 tradeID=None
[진입유실 방지 자동보정] SHORT ONDO/USDT:USDT exit=2026-07-24 12:48:41 미매칭수량=4.00000000 orderID=3770260599027736576 tradeID=None
[진입유실 방지 자동보정] SHORT ADA/USDT:USDT exit=2026-06-15 18:07:56 미매칭수량=0.80000000 orderID=3657838324836671488 tradeID=None
[진입유실 방지 자동보정] SHORT ADA/USDT:USDT exit=2026-06-15 19:54:41 미매칭수량=0.80000000 orderID=3658053208425832448 tradeID=None
[진입유실 방지 자동보정] SHORT ADA/USDT:USDT exit=2026-06-15 20:18:33 미매칭수량=0.70000000 orderID=3658101280451272704 tradeID=None
[진입유실 방지 자동보정] SHORT ADA/USDT:USDT exit=2026-06-15 20:19:56 미매칭수량=0.70000000 orderID=3658104046410211328 tradeID=None
[진입유실 방지 자동보정] SHORT ADA/USDT:USDT exit=2026-06-15 20:20:18 미매칭수량=0.70000000 orderID=3658104812894101504 tradeID=None
[진입유실 방지 자동보정] SHORT ADA/USDT:USDT exit=2026-06-15 20:26:32 미매칭수량=0.70000000 orderID=3658117332119789568 tradeID=None
[진입유실 방지 자동보정] SHORT ADA/USDT:USDT exit=2026-06-15 20:44:55 미매칭수량=0.70000000 orderID=3658154361918529536 tradeID=None
[진입유실 방지 자동보정] SHORT ADA/USDT:USDT exit=2026-06-15 21:10:33 미매칭수량=0.70000000 orderID=3658205958837051392 tradeID=None
[진입유실 방지 자동보정] SHORT OKB/USDT:USDT exit=2026-06-21 03:12:28 미매칭수량=22.00000000 orderID=3673430118722904064 tradeID=None
[진입유실 방지 자동보정] SHORT OKB/USDT:USDT exit=2026-06-25 17:43:10 미매칭수량=16.00000000 orderID=3686779476461690880 tradeID=None
[진입유실 방지 자동보정] SHORT OKB/USDT:USDT exit=2026-06-25 20:10:48 미매칭수량=16.00000000 orderID=3687076707525926912 tradeID=None
[진입유실 방지 자동보정] LONG OKB/USDT:USDT exit=2026-06-26 12:38:51 미매칭수량=19.00000000 orderID=3689065905153843200 tradeID=None
[진입유실 방지 자동보정] LONG OKB/USDT:USDT exit=2026-06-26 15:55:46 미매칭수량=10.00000000 orderID=3689462344057036800 tradeID=None
[진입유실 방지 자동보정] LONG OKB/USDT:USDT exit=2026-07-22 11:42:03 미매칭수량=21.00000000 orderID=3764328224573825024 tradeID=None
[진입유실 방지 자동보정] LONG HYPE/USDT:USDT exit=2026-07-02 09:33:02 미매칭수량=1.00000000 orderID=3706086441083936768 tradeID=None
[진입유실 방지 자동보정] SHORT HYPE/USDT:USDT exit=2026-07-02 18:46:50 미매칭수량=1.00000000 orderID=3707201387012235264 tradeID=None
[진입유실 방지 자동보정] SHORT HYPE/USDT:USDT exit=2026-07-09 00:25:17 미매칭수량=24.00000000 orderID=3725277377667997696 tradeID=None
[진입유실 방지 자동보정] LONG HYPE/USDT:USDT exit=2026-07-09 06:18:38 미매칭수량=24.00000000 orderID=3725988764811730944 tradeID=None
[진입유실 방지 자동보정] LONG HYPE/USDT:USDT exit=2026-07-09 08:16:14 미매칭수량=23.00000000 orderID=3726225544848809984 tradeID=None
[진입유실 방지 자동보정] LONG HYPE/USDT:USDT exit=2026-07-13 19:30:19 미매칭수량=2.00000000 orderID=3739179042162810880 tradeID=None
[진입유실 방지 자동보정] LONG HYPE/USDT:USDT exit=2026-07-26 15:19:38 미매칭수량=2.00000000 orderID=3776362689651220480 tradeID=None
[진입유실 방지 자동보정] SHORT BTC/USDT:USDT exit=2026-07-07 21:35:36 미매칭수량=0.03000000 orderID=3722036669318373376 tradeID=None
[진입유실 방지 자동보정] SHORT BTC/USDT:USDT exit=2026-07-08 00:16:47 미매칭수량=0.04000000 orderID=3722361174263799808 tradeID=None
[진입유실 방지 자동보정] LONG BTC/USDT:USDT exit=2026-07-08 18:05:02 미매칭수량=0.03000000 orderID=3724511840214130688 tradeID=None
[진입유실 방지 자동보정] LONG BTC/USDT:USDT exit=2026-07-08 22:25:16 미매칭수량=0.03000000 orderID=3725035749082603520 tradeID=None
[진입유실 방지 자동보정] LONG BTC/USDT:USDT exit=2026-07-10 12:10:09 미매칭수량=0.25000000 orderID=3729595582481899520 tradeID=None
[진입유실 방지 자동보정] SHORT BTC/USDT:USDT exit=2026-07-10 20:40:19 미매칭수량=0.24000000 orderID=3730622678511591424 tradeID=None
[진입유실 방지 자동보정] SHORT BTC/USDT:USDT exit=2026-07-13 17:06:33 미매칭수량=0.02000000 orderID=3738889605591801856 tradeID=None
[진입유실 방지 자동보정] SHORT BTC/USDT:USDT exit=2026-07-23 01:38:30 미매칭수량=0.02000000 orderID=3766012229442543616 tradeID=None
[진입유실 방지 자동보정] SHORT XRP/USDT:USDT exit=2026-07-10 20:56:05 미매칭수량=1.43000000 orderID=3730654412548546560 tradeID=None
[진입유실 방지 자동보정] LONG XRP/USDT:USDT exit=2026-07-11 02:57:26 미매칭수량=0.14000000 orderID=3731381904544571392 tradeID=None
[진입유실 방지 자동보정] LONG XRP/USDT:USDT exit=2026-07-11 07:35:19 미매칭수량=0.14000000 orderID=3731941344905732096 tradeID=None
[진입유실 방지 자동보정] LONG XRP/USDT:USDT exit=2026-07-13 22:19:43 미매칭수량=0.15000000 orderID=3739520111387811840 tradeID=None
[진입유실 방지 자동보정] LONG KAITO/USDT:USDT exit=2026-05-23 07:44:17 미매칭수량=101.00000000 orderID=3589903302570221568 tradeID=None
[진입유실 방지 자동보정] LONG KAITO/USDT:USDT exit=2026-05-23 09:16:43 미매칭수량=103.00000000 orderID=3590089470679130112 tradeID=None
[진입유실 방지 자동보정] SHORT KAITO/USDT:USDT exit=2026-07-27 23:37:02 미매칭수량=9.00000000 orderID=3780263207016538112 tradeID=None
[진입유실 방지 자동보정] LONG KAITO/USDT:USDT exit=2026-07-28 00:17:06 미매칭수량=9.00000000 orderID=3780343864489091072 tradeID=None
[진입유실 방지 자동보정] LONG ONDO/USDT:USDT exit=2026-05-31 12:11:56 미매칭수량=13.00000000 orderID=3613635053565976576 tradeID=None
[진입유실 방지 자동보정] SHORT ONDO/USDT:USDT exit=2026-06-04 19:57:55 미매칭수량=18.00000000 orderID=3626169605609955328 tradeID=None
[진입유실 방지 자동보정] SHORT ONDO/USDT:USDT exit=2026-07-24 12:48:41 미매칭수량=4.00000000 orderID=3770260599027736576 tradeID=None
[진입유실 방지 자동보정] SHORT ADA/USDT:USDT exit=2026-06-15 18:07:56 미매칭수량=0.80000000 orderID=3657838324836671488 tradeID=None
[진입유실 방지 자동보정] SHORT ADA/USDT:USDT exit=2026-06-15 19:54:41 미매칭수량=0.80000000 orderID=3658053208425832448 tradeID=None
[진입유실 방지 자동보정] SHORT ADA/USDT:USDT exit=2026-06-15 20:18:33 미매칭수량=0.70000000 orderID=3658101280451272704 tradeID=None
[진입유실 방지 자동보정] SHORT ADA/USDT:USDT exit=2026-06-15 20:19:56 미매칭수량=0.70000000 orderID=3658104046410211328 tradeID=None
[진입유실 방지 자동보정] SHORT ADA/USDT:USDT exit=2026-06-15 20:20:18 미매칭수량=0.70000000 orderID=3658104812894101504 tradeID=None
[진입유실 방지 자동보정] SHORT ADA/USDT:USDT exit=2026-06-15 20:26:32 미매칭수량=0.70000000 orderID=3658117332119789568 tradeID=None
[진입유실 방지 자동보정] SHORT ADA/USDT:USDT exit=2026-06-15 20:44:55 미매칭수량=0.70000000 orderID=3658154361918529536 tradeID=None
[진입유실 방지 자동보정] SHORT ADA/USDT:USDT exit=2026-06-15 21:10:33 미매칭수량=0.70000000 orderID=3658205958837051392 tradeID=None
[진입유실 방지 자동보정] SHORT OKB/USDT:USDT exit=2026-06-21 03:12:28 미매칭수량=22.00000000 orderID=3673430118722904064 tradeID=None
[진입유실 방지 자동보정] SHORT OKB/USDT:USDT exit=2026-06-25 17:43:10 미매칭수량=16.00000000 orderID=3686779476461690880 tradeID=None
[진입유실 방지 자동보정] SHORT OKB/USDT:USDT exit=2026-06-25 20:10:48 미매칭수량=16.00000000 orderID=3687076707525926912 tradeID=None
[진입유실 방지 자동보정] LONG OKB/USDT:USDT exit=2026-06-26 12:38:51 미매칭수량=19.00000000 orderID=3689065905153843200 tradeID=None
[진입유실 방지 자동보정] LONG OKB/USDT:USDT exit=2026-06-26 15:55:46 미매칭수량=10.00000000 orderID=3689462344057036800 tradeID=None
[진입유실 방지 자동보정] LONG OKB/USDT:USDT exit=2026-07-22 11:42:03 미매칭수량=21.00000000 orderID=3764328224573825024 tradeID=None
[진입유실 방지 자동보정] LONG HYPE/USDT:USDT exit=2026-07-02 09:33:02 미매칭수량=1.00000000 orderID=3706086441083936768 tradeID=None
[진입유실 방지 자동보정] SHORT HYPE/USDT:USDT exit=2026-07-02 18:46:50 미매칭수량=1.00000000 orderID=3707201387012235264 tradeID=None
[진입유실 방지 자동보정] SHORT HYPE/USDT:USDT exit=2026-07-09 00:25:17 미매칭수량=24.00000000 orderID=3725277377667997696 tradeID=None
[진입유실 방지 자동보정] LONG HYPE/USDT:USDT exit=2026-07-09 06:18:38 미매칭수량=24.00000000 orderID=3725988764811730944 tradeID=None
[진입유실 방지 자동보정] LONG HYPE/USDT:USDT exit=2026-07-09 08:16:14 미매칭수량=23.00000000 orderID=3726225544848809984 tradeID=None
[진입유실 방지 자동보정] LONG HYPE/USDT:USDT exit=2026-07-13 19:30:19 미매칭수량=2.00000000 orderID=3739179042162810880 tradeID=None
[진입유실 방지 자동보정] LONG HYPE/USDT:USDT exit=2026-07-26 15:19:38 미매칭수량=2.00000000 orderID=3776362689651220480 tradeID=None
[진입유실 방지 자동보정] SHORT BTC/USDT:USDT exit=2026-07-07 21:35:36 미매칭수량=0.03000000 orderID=3722036669318373376 tradeID=None
[진입유실 방지 자동보정] SHORT BTC/USDT:USDT exit=2026-07-08 00:16:47 미매칭수량=0.04000000 orderID=3722361174263799808 tradeID=None
[진입유실 방지 자동보정] LONG BTC/USDT:USDT exit=2026-07-08 18:05:02 미매칭수량=0.03000000 orderID=3724511840214130688 tradeID=None
[진입유실 방지 자동보정] LONG BTC/USDT:USDT exit=2026-07-08 22:25:16 미매칭수량=0.03000000 orderID=3725035749082603520 tradeID=None
[진입유실 방지 자동보정] LONG BTC/USDT:USDT exit=2026-07-10 12:10:09 미매칭수량=0.25000000 orderID=3729595582481899520 tradeID=None
[진입유실 방지 자동보정] SHORT BTC/USDT:USDT exit=2026-07-10 20:40:19 미매칭수량=0.24000000 orderID=3730622678511591424 tradeID=None
[진입유실 방지 자동보정] SHORT BTC/USDT:USDT exit=2026-07-13 17:06:33 미매칭수량=0.02000000 orderID=3738889605591801856 tradeID=None
[진입유실 방지 자동보정] SHORT BTC/USDT:USDT exit=2026-07-23 01:38:30 미매칭수량=0.02000000 orderID=3766012229442543616 tradeID=None
[진입유실 방지 자동보정] SHORT XRP/USDT:USDT exit=2026-07-10 20:56:05 미매칭수량=1.43000000 orderID=3730654412548546560 tradeID=None
[진입유실 방지 자동보정] LONG XRP/USDT:USDT exit=2026-07-11 02:57:26 미매칭수량=0.14000000 orderID=3731381904544571392 tradeID=None
[진입유실 방지 자동보정] LONG XRP/USDT:USDT exit=2026-07-11 07:35:19 미매칭수량=0.14000000 orderID=3731941344905732096 tradeID=None
[진입유실 방지 자동보정] LONG XRP/USDT:USDT exit=2026-07-13 22:19:43 미매칭수량=0.15000000 orderID=3739520111387811840 tradeID=None
[CATFIX] pnl=0 청산 → 진입 재분류: KAITO/USDT:USDT buy 수량=9.00000000 tradeID=243056081
[진입유실 방지 자동보정] LONG KAITO/USDT:USDT exit=2026-05-23 07:44:17 미매칭수량=101.00000000 orderID=3589903302570221568 tradeID=None
[진입유실 방지 자동보정] LONG KAITO/USDT:USDT exit=2026-05-23 09:16:43 미매칭수량=103.00000000 orderID=3590089470679130112 tradeID=None
[진입유실 방지 자동보정] LONG ONDO/USDT:USDT exit=2026-05-31 12:11:56 미매칭수량=13.00000000 orderID=3613635053565976576 tradeID=None
[진입유실 방지 자동보정] SHORT ONDO/USDT:USDT exit=2026-06-04 19:57:55 미매칭수량=18.00000000 orderID=3626169605609955328 tradeID=None
[진입유실 방지 자동보정] SHORT ONDO/USDT:USDT exit=2026-07-24 12:48:41 미매칭수량=4.00000000 orderID=3770260599027736576 tradeID=None
[진입유실 방지 자동보정] SHORT ADA/USDT:USDT exit=2026-06-15 18:07:56 미매칭수량=0.80000000 orderID=3657838324836671488 tradeID=None
[진입유실 방지 자동보정] SHORT ADA/USDT:USDT exit=2026-06-15 19:54:41 미매칭수량=0.80000000 orderID=3658053208425832448 tradeID=None
[진입유실 방지 자동보정] SHORT ADA/USDT:USDT exit=2026-06-15 20:18:33 미매칭수량=0.70000000 orderID=3658101280451272704 tradeID=None
[진입유실 방지 자동보정] SHORT ADA/USDT:USDT exit=2026-06-15 20:19:56 미매칭수량=0.70000000 orderID=3658104046410211328 tradeID=None
[진입유실 방지 자동보정] SHORT ADA/USDT:USDT exit=2026-06-15 20:20:18 미매칭수량=0.70000000 orderID=3658104812894101504 tradeID=None
[진입유실 방지 자동보정] SHORT ADA/USDT:USDT exit=2026-06-15 20:26:32 미매칭수량=0.70000000 orderID=3658117332119789568 tradeID=None
[진입유실 방지 자동보정] SHORT ADA/USDT:USDT exit=2026-06-15 20:44:55 미매칭수량=0.70000000 orderID=3658154361918529536 tradeID=None
[진입유실 방지 자동보정] SHORT ADA/USDT:USDT exit=2026-06-15 21:10:33 미매칭수량=0.70000000 orderID=3658205958837051392 tradeID=None
[진입유실 방지 자동보정] SHORT OKB/USDT:USDT exit=2026-06-21 03:12:28 미매칭수량=22.00000000 orderID=3673430118722904064 tradeID=None
[진입유실 방지 자동보정] SHORT OKB/USDT:USDT exit=2026-06-25 17:43:10 미매칭수량=16.00000000 orderID=3686779476461690880 tradeID=None
[진입유실 방지 자동보정] SHORT OKB/USDT:USDT exit=2026-06-25 20:10:48 미매칭수량=16.00000000 orderID=3687076707525926912 tradeID=None
[진입유실 방지 자동보정] LONG OKB/USDT:USDT exit=2026-06-26 12:38:51 미매칭수량=19.00000000 orderID=3689065905153843200 tradeID=None
[진입유실 방지 자동보정] LONG OKB/USDT:USDT exit=2026-06-26 15:55:46 미매칭수량=10.00000000 orderID=3689462344057036800 tradeID=None
[진입유실 방지 자동보정] LONG OKB/USDT:USDT exit=2026-07-22 11:42:03 미매칭수량=21.00000000 orderID=3764328224573825024 tradeID=None
[진입유실 방지 자동보정] LONG HYPE/USDT:USDT exit=2026-07-02 09:33:02 미매칭수량=1.00000000 orderID=3706086441083936768 tradeID=None
[진입유실 방지 자동보정] SHORT HYPE/USDT:USDT exit=2026-07-02 18:46:50 미매칭수량=1.00000000 orderID=3707201387012235264 tradeID=None
[진입유실 방지 자동보정] SHORT HYPE/USDT:USDT exit=2026-07-09 00:25:17 미매칭수량=24.00000000 orderID=3725277377667997696 tradeID=None
[진입유실 방지 자동보정] LONG HYPE/USDT:USDT exit=2026-07-09 06:18:38 미매칭수량=24.00000000 orderID=3725988764811730944 tradeID=None
[진입유실 방지 자동보정] LONG HYPE/USDT:USDT exit=2026-07-09 08:16:14 미매칭수량=23.00000000 orderID=3726225544848809984 tradeID=None
[진입유실 방지 자동보정] LONG HYPE/USDT:USDT exit=2026-07-13 19:30:19 미매칭수량=2.00000000 orderID=3739179042162810880 tradeID=None
[진입유실 방지 자동보정] LONG HYPE/USDT:USDT exit=2026-07-26 15:19:38 미매칭수량=2.00000000 orderID=3776362689651220480 tradeID=None
[진입유실 방지 자동보정] SHORT BTC/USDT:USDT exit=2026-07-07 21:35:36 미매칭수량=0.03000000 orderID=3722036669318373376 tradeID=None
[진입유실 방지 자동보정] SHORT BTC/USDT:USDT exit=2026-07-08 00:16:47 미매칭수량=0.04000000 orderID=3722361174263799808 tradeID=None
[진입유실 방지 자동보정] LONG BTC/USDT:USDT exit=2026-07-08 18:05:02 미매칭수량=0.03000000 orderID=3724511840214130688 tradeID=None
[진입유실 방지 자동보정] LONG BTC/USDT:USDT exit=2026-07-08 22:25:16 미매칭수량=0.03000000 orderID=3725035749082603520 tradeID=None
[진입유실 방지 자동보정] LONG BTC/USDT:USDT exit=2026-07-10 12:10:09 미매칭수량=0.25000000 orderID=3729595582481899520 tradeID=None
[진입유실 방지 자동보정] SHORT BTC/USDT:USDT exit=2026-07-10 20:40:19 미매칭수량=0.24000000 orderID=3730622678511591424 tradeID=None
[진입유실 방지 자동보정] SHORT BTC/USDT:USDT exit=2026-07-13 17:06:33 미매칭수량=0.02000000 orderID=3738889605591801856 tradeID=None
[진입유실 방지 자동보정] SHORT BTC/USDT:USDT exit=2026-07-23 01:38:30 미매칭수량=0.02000000 orderID=3766012229442543616 tradeID=None
[진입유실 방지 자동보정] SHORT XRP/USDT:USDT exit=2026-07-10 20:56:05 미매칭수량=1.43000000 orderID=3730654412548546560 tradeID=None
[진입유실 방지 자동보정] LONG XRP/USDT:USDT exit=2026-07-11 02:57:26 미매칭수량=0.14000000 orderID=3731381904544571392 tradeID=None
[진입유실 방지 자동보정] LONG XRP/USDT:USDT exit=2026-07-11 07:35:19 미매칭수량=0.14000000 orderID=3731941344905732096 tradeID=None
[진입유실 방지 자동보정] LONG XRP/USDT:USDT exit=2026-07-13 22:19:43 미매칭수량=0.15000000 orderID=3739520111387811840 tradeID=None
[진입유실 방지 자동보정] LONG KAITO/USDT:USDT exit=2026-05-23 07:44:17 미매칭수량=101.00000000 orderID=3589903302570221568 tradeID=None
[진입유실 방지 자동보정] LONG KAITO/USDT:USDT exit=2026-05-23 09:16:43 미매칭수량=103.00000000 orderID=3590089470679130112 tradeID=None
[진입유실 방지 자동보정] SHORT KAITO/USDT:USDT exit=2026-07-27 23:37:02 미매칭수량=9.00000000 orderID=3780263207016538112 tradeID=None
[진입유실 방지 자동보정] LONG KAITO/USDT:USDT exit=2026-07-28 00:17:06 미매칭수량=9.00000000 orderID=3780343864489091072 tradeID=None
[진입유실 방지 자동보정] LONG ONDO/USDT:USDT exit=2026-05-31 12:11:56 미매칭수량=13.00000000 orderID=3613635053565976576 tradeID=None
[진입유실 방지 자동보정] SHORT ONDO/USDT:USDT exit=2026-06-04 19:57:55 미매칭수량=18.00000000 orderID=3626169605609955328 tradeID=None
[진입유실 방지 자동보정] SHORT ONDO/USDT:USDT exit=2026-07-24 12:48:41 미매칭수량=4.00000000 orderID=3770260599027736576 tradeID=None
[진입유실 방지 자동보정] SHORT ADA/USDT:USDT exit=2026-06-15 18:07:56 미매칭수량=0.80000000 orderID=3657838324836671488 tradeID=None
[진입유실 방지 자동보정] SHORT ADA/USDT:USDT exit=2026-06-15 19:54:41 미매칭수량=0.80000000 orderID=3658053208425832448 tradeID=None
[진입유실 방지 자동보정] SHORT ADA/USDT:USDT exit=2026-06-15 20:18:33 미매칭수량=0.70000000 orderID=3658101280451272704 tradeID=None
[진입유실 방지 자동보정] SHORT ADA/USDT:USDT exit=2026-06-15 20:19:56 미매칭수량=0.70000000 orderID=3658104046410211328 tradeID=None
[진입유실 방지 자동보정] SHORT ADA/USDT:USDT exit=2026-06-15 20:20:18 미매칭수량=0.70000000 orderID=3658104812894101504 tradeID=None
[진입유실 방지 자동보정] SHORT ADA/USDT:USDT exit=2026-06-15 20:26:32 미매칭수량=0.70000000 orderID=3658117332119789568 tradeID=None
[진입유실 방지 자동보정] SHORT ADA/USDT:USDT exit=2026-06-15 20:44:55 미매칭수량=0.70000000 orderID=3658154361918529536 tradeID=None
[진입유실 방지 자동보정] SHORT ADA/USDT:USDT exit=2026-06-15 21:10:33 미매칭수량=0.70000000 orderID=3658205958837051392 tradeID=None
[진입유실 방지 자동보정] SHORT OKB/USDT:USDT exit=2026-06-21 03:12:28 미매칭수량=22.00000000 orderID=3673430118722904064 tradeID=None
[진입유실 방지 자동보정] SHORT OKB/USDT:USDT exit=2026-06-25 17:43:10 미매칭수량=16.00000000 orderID=3686779476461690880 tradeID=None
[진입유실 방지 자동보정] SHORT OKB/USDT:USDT exit=2026-06-25 20:10:48 미매칭수량=16.00000000 orderID=3687076707525926912 tradeID=None
[진입유실 방지 자동보정] LONG OKB/USDT:USDT exit=2026-06-26 12:38:51 미매칭수량=19.00000000 orderID=3689065905153843200 tradeID=None
[진입유실 방지 자동보정] LONG OKB/USDT:USDT exit=2026-06-26 15:55:46 미매칭수량=10.00000000 orderID=3689462344057036800 tradeID=None
[진입유실 방지 자동보정] LONG OKB/USDT:USDT exit=2026-07-22 11:42:03 미매칭수량=21.00000000 orderID=3764328224573825024 tradeID=None
[진입유실 방지 자동보정] LONG HYPE/USDT:USDT exit=2026-07-02 09:33:02 미매칭수량=1.00000000 orderID=3706086441083936768 tradeID=None
[진입유실 방지 자동보정] SHORT HYPE/USDT:USDT exit=2026-07-02 18:46:50 미매칭수량=1.00000000 orderID=3707201387012235264 tradeID=None
[진입유실 방지 자동보정] SHORT HYPE/USDT:USDT exit=2026-07-09 00:25:17 미매칭수량=24.00000000 orderID=3725277377667997696 tradeID=None
[진입유실 방지 자동보정] LONG HYPE/USDT:USDT exit=2026-07-09 06:18:38 미매칭수량=24.00000000 orderID=3725988764811730944 tradeID=None
[진입유실 방지 자동보정] LONG HYPE/USDT:USDT exit=2026-07-09 08:16:14 미매칭수량=23.00000000 orderID=3726225544848809984 tradeID=None
[진입유실 방지 자동보정] LONG HYPE/USDT:USDT exit=2026-07-13 19:30:19 미매칭수량=2.00000000 orderID=3739179042162810880 tradeID=None
[진입유실 방지 자동보정] LONG HYPE/USDT:USDT exit=2026-07-26 15:19:38 미매칭수량=2.00000000 orderID=3776362689651220480 tradeID=None
[진입유실 방지 자동보정] SHORT BTC/USDT:USDT exit=2026-07-07 21:35:36 미매칭수량=0.03000000 orderID=3722036669318373376 tradeID=None
[진입유실 방지 자동보정] SHORT BTC/USDT:USDT exit=2026-07-08 00:16:47 미매칭수량=0.04000000 orderID=3722361174263799808 tradeID=None
[진입유실 방지 자동보정] LONG BTC/USDT:USDT exit=2026-07-08 18:05:02 미매칭수량=0.03000000 orderID=3724511840214130688 tradeID=None
[진입유실 방지 자동보정] LONG BTC/USDT:USDT exit=2026-07-08 22:25:16 미매칭수량=0.03000000 orderID=3725035749082603520 tradeID=None
[진입유실 방지 자동보정] LONG BTC/USDT:USDT exit=2026-07-10 12:10:09 미매칭수량=0.25000000 orderID=3729595582481899520 tradeID=None
[진입유실 방지 자동보정] SHORT BTC/USDT:USDT exit=2026-07-10 20:40:19 미매칭수량=0.24000000 orderID=3730622678511591424 tradeID=None
[진입유실 방지 자동보정] SHORT BTC/USDT:USDT exit=2026-07-13 17:06:33 미매칭수량=0.02000000 orderID=3738889605591801856 tradeID=None
[진입유실 방지 자동보정] SHORT BTC/USDT:USDT exit=2026-07-23 01:38:30 미매칭수량=0.02000000 orderID=3766012229442543616 tradeID=None
[진입유실 방지 자동보정] SHORT XRP/USDT:USDT exit=2026-07-10 20:56:05 미매칭수량=1.43000000 orderID=3730654412548546560 tradeID=None
[진입유실 방지 자동보정] LONG XRP/USDT:USDT exit=2026-07-11 02:57:26 미매칭수량=0.14000000 orderID=3731381904544571392 tradeID=None
[진입유실 방지 자동보정] LONG XRP/USDT:USDT exit=2026-07-11 07:35:19 미매칭수량=0.14000000 orderID=3731941344905732096 tradeID=None
[진입유실 방지 자동보정] LONG XRP/USDT:USDT exit=2026-07-13 22:19:43 미매칭수량=0.15000000 orderID=3739520111387811840 tradeID=None
[진입유실 방지 자동보정] LONG KAITO/USDT:USDT exit=2026-05-23 07:44:17 미매칭수량=101.00000000 orderID=3589903302570221568 tradeID=None
[진입유실 방지 자동보정] LONG KAITO/USDT:USDT exit=2026-05-23 09:16:43 미매칭수량=103.00000000 orderID=3590089470679130112 tradeID=None
[진입유실 방지 자동보정] SHORT KAITO/USDT:USDT exit=2026-07-27 23:37:02 미매칭수량=9.00000000 orderID=3780263207016538112 tradeID=None
[진입유실 방지 자동보정] LONG KAITO/USDT:USDT exit=2026-07-28 00:17:06 미매칭수량=9.00000000 orderID=3780343864489091072 tradeID=None
[진입유실 방지 자동보정] LONG ONDO/USDT:USDT exit=2026-05-31 12:11:56 미매칭수량=13.00000000 orderID=3613635053565976576 tradeID=None
[진입유실 방지 자동보정] SHORT ONDO/USDT:USDT exit=2026-06-04 19:57:55 미매칭수량=18.00000000 orderID=3626169605609955328 tradeID=None
[진입유실 방지 자동보정] SHORT ONDO/USDT:USDT exit=2026-07-24 12:48:41 미매칭수량=4.00000000 orderID=3770260599027736576 tradeID=None
[진입유실 방지 자동보정] SHORT ADA/USDT:USDT exit=2026-06-15 18:07:56 미매칭수량=0.80000000 orderID=3657838324836671488 tradeID=None
[진입유실 방지 자동보정] SHORT ADA/USDT:USDT exit=2026-06-15 19:54:41 미매칭수량=0.80000000 orderID=3658053208425832448 tradeID=None
[진입유실 방지 자동보정] SHORT ADA/USDT:USDT exit=2026-06-15 20:18:33 미매칭수량=0.70000000 orderID=3658101280451272704 tradeID=None
[진입유실 방지 자동보정] SHORT ADA/USDT:USDT exit=2026-06-15 20:19:56 미매칭수량=0.70000000 orderID=3658104046410211328 tradeID=None
[진입유실 방지 자동보정] SHORT ADA/USDT:USDT exit=2026-06-15 20:20:18 미매칭수량=0.70000000 orderID=3658104812894101504 tradeID=None
[진입유실 방지 자동보정] SHORT ADA/USDT:USDT exit=2026-06-15 20:26:32 미매칭수량=0.70000000 orderID=3658117332119789568 tradeID=None
[진입유실 방지 자동보정] SHORT ADA/USDT:USDT exit=2026-06-15 20:44:55 미매칭수량=0.70000000 orderID=3658154361918529536 tradeID=None
[진입유실 방지 자동보정] SHORT ADA/USDT:USDT exit=2026-06-15 21:10:33 미매칭수량=0.70000000 orderID=3658205958837051392 tradeID=None
[진입유실 방지 자동보정] SHORT OKB/USDT:USDT exit=2026-06-21 03:12:28 미매칭수량=22.00000000 orderID=3673430118722904064 tradeID=None
[진입유실 방지 자동보정] SHORT OKB/USDT:USDT exit=2026-06-25 17:43:10 미매칭수량=16.00000000 orderID=3686779476461690880 tradeID=None
[진입유실 방지 자동보정] SHORT OKB/USDT:USDT exit=2026-06-25 20:10:48 미매칭수량=16.00000000 orderID=3687076707525926912 tradeID=None
[진입유실 방지 자동보정] LONG OKB/USDT:USDT exit=2026-06-26 12:38:51 미매칭수량=19.00000000 orderID=3689065905153843200 tradeID=None
[진입유실 방지 자동보정] LONG OKB/USDT:USDT exit=2026-06-26 15:55:46 미매칭수량=10.00000000 orderID=3689462344057036800 tradeID=None
[진입유실 방지 자동보정] LONG OKB/USDT:USDT exit=2026-07-22 11:42:03 미매칭수량=21.00000000 orderID=3764328224573825024 tradeID=None
[진입유실 방지 자동보정] LONG HYPE/USDT:USDT exit=2026-07-02 09:33:02 미매칭수량=1.00000000 orderID=3706086441083936768 tradeID=None
[진입유실 방지 자동보정] SHORT HYPE/USDT:USDT exit=2026-07-02 18:46:50 미매칭수량=1.00000000 orderID=3707201387012235264 tradeID=None
[진입유실 방지 자동보정] SHORT HYPE/USDT:USDT exit=2026-07-09 00:25:17 미매칭수량=24.00000000 orderID=3725277377667997696 tradeID=None
[진입유실 방지 자동보정] LONG HYPE/USDT:USDT exit=2026-07-09 06:18:38 미매칭수량=24.00000000 orderID=3725988764811730944 tradeID=None
[진입유실 방지 자동보정] LONG HYPE/USDT:USDT exit=2026-07-09 08:16:14 미매칭수량=23.00000000 orderID=3726225544848809984 tradeID=None
[진입유실 방지 자동보정] LONG HYPE/USDT:USDT exit=2026-07-13 19:30:19 미매칭수량=2.00000000 orderID=3739179042162810880 tradeID=None
[진입유실 방지 자동보정] LONG HYPE/USDT:USDT exit=2026-07-26 15:19:38 미매칭수량=2.00000000 orderID=3776362689651220480 tradeID=None
[진입유실 방지 자동보정] SHORT BTC/USDT:USDT exit=2026-07-07 21:35:36 미매칭수량=0.03000000 orderID=3722036669318373376 tradeID=None
[진입유실 방지 자동보정] SHORT BTC/USDT:USDT exit=2026-07-08 00:16:47 미매칭수량=0.04000000 orderID=3722361174263799808 tradeID=None
[진입유실 방지 자동보정] LONG BTC/USDT:USDT exit=2026-07-08 18:05:02 미매칭수량=0.03000000 orderID=3724511840214130688 tradeID=None
[진입유실 방지 자동보정] LONG BTC/USDT:USDT exit=2026-07-08 22:25:16 미매칭수량=0.03000000 orderID=3725035749082603520 tradeID=None
[진입유실 방지 자동보정] LONG BTC/USDT:USDT exit=2026-07-10 12:10:09 미매칭수량=0.25000000 orderID=3729595582481899520 tradeID=None
[진입유실 방지 자동보정] SHORT BTC/USDT:USDT exit=2026-07-10 20:40:19 미매칭수량=0.24000000 orderID=3730622678511591424 tradeID=None
[진입유실 방지 자동보정] SHORT BTC/USDT:USDT exit=2026-07-13 17:06:33 미매칭수량=0.02000000 orderID=3738889605591801856 tradeID=None
[진입유실 방지 자동보정] SHORT BTC/USDT:USDT exit=2026-07-23 01:38:30 미매칭수량=0.02000000 orderID=3766012229442543616 tradeID=None
[진입유실 방지 자동보정] SHORT XRP/USDT:USDT exit=2026-07-10 20:56:05 미매칭수량=1.43000000 orderID=3730654412548546560 tradeID=None
[진입유실 방지 자동보정] LONG XRP/USDT:USDT exit=2026-07-11 02:57:26 미매칭수량=0.14000000 orderID=3731381904544571392 tradeID=None
[진입유실 방지 자동보정] LONG XRP/USDT:USDT exit=2026-07-11 07:35:19 미매칭수량=0.14000000 orderID=3731941344905732096 tradeID=None
[진입유실 방지 자동보정] LONG XRP/USDT:USDT exit=2026-07-13 22:19:43 미매칭수량=0.15000000 orderID=3739520111387811840 tradeID=None
[진입유실 방지 자동보정] LONG KAITO/USDT:USDT exit=2026-05-23 07:44:17 미매칭수량=101.00000000 orderID=3589903302570221568 tradeID=None
[진입유실 방지 자동보정] LONG KAITO/USDT:USDT exit=2026-05-23 09:16:43 미매칭수량=103.00000000 orderID=3590089470679130112 tradeID=None
[진입유실 방지 자동보정] SHORT KAITO/USDT:USDT exit=2026-07-27 23:37:02 미매칭수량=9.00000000 orderID=3780263207016538112 tradeID=None
[진입유실 방지 자동보정] LONG KAITO/USDT:USDT exit=2026-07-28 00:17:06 미매칭수량=9.00000000 orderID=3780343864489091072 tradeID=None
[진입유실 방지 자동보정] LONG ONDO/USDT:USDT exit=2026-05-31 12:11:56 미매칭수량=13.00000000 orderID=3613635053565976576 tradeID=None
[진입유실 방지 자동보정] SHORT ONDO/USDT:USDT exit=2026-06-04 19:57:55 미매칭수량=18.00000000 orderID=3626169605609955328 tradeID=None
[진입유실 방지 자동보정] SHORT ONDO/USDT:USDT exit=2026-07-24 12:48:41 미매칭수량=4.00000000 orderID=3770260599027736576 tradeID=None
[진입유실 방지 자동보정] SHORT ADA/USDT:USDT exit=2026-06-15 18:07:56 미매칭수량=0.80000000 orderID=3657838324836671488 tradeID=None
[진입유실 방지 자동보정] SHORT ADA/USDT:USDT exit=2026-06-15 19:54:41 미매칭수량=0.80000000 orderID=3658053208425832448 tradeID=None
[진입유실 방지 자동보정] SHORT ADA/USDT:USDT exit=2026-06-15 20:18:33 미매칭수량=0.70000000 orderID=3658101280451272704 tradeID=None
[진입유실 방지 자동보정] SHORT ADA/USDT:USDT exit=2026-06-15 20:19:56 미매칭수량=0.70000000 orderID=3658104046410211328 tradeID=None
[진입유실 방지 자동보정] SHORT ADA/USDT:USDT exit=2026-06-15 20:20:18 미매칭수량=0.70000000 orderID=3658104812894101504 tradeID=None
[진입유실 방지 자동보정] SHORT ADA/USDT:USDT exit=2026-06-15 20:26:32 미매칭수량=0.70000000 orderID=3658117332119789568 tradeID=None
[진입유실 방지 자동보정] SHORT ADA/USDT:USDT exit=2026-06-15 20:44:55 미매칭수량=0.70000000 orderID=3658154361918529536 tradeID=None
[진입유실 방지 자동보정] SHORT ADA/USDT:USDT exit=2026-06-15 21:10:33 미매칭수량=0.70000000 orderID=3658205958837051392 tradeID=None
[진입유실 방지 자동보정] SHORT OKB/USDT:USDT exit=2026-06-21 03:12:28 미매칭수량=22.00000000 orderID=3673430118722904064 tradeID=None
[진입유실 방지 자동보정] SHORT OKB/USDT:USDT exit=2026-06-25 17:43:10 미매칭수량=16.00000000 orderID=3686779476461690880 tradeID=None
[진입유실 방지 자동보정] SHORT OKB/USDT:USDT exit=2026-06-25 20:10:48 미매칭수량=16.00000000 orderID=3687076707525926912 tradeID=None
[진입유실 방지 자동보정] LONG OKB/USDT:USDT exit=2026-06-26 12:38:51 미매칭수량=19.00000000 orderID=3689065905153843200 tradeID=None
[진입유실 방지 자동보정] LONG OKB/USDT:USDT exit=2026-06-26 15:55:46 미매칭수량=10.00000000 orderID=3689462344057036800 tradeID=None
[진입유실 방지 자동보정] LONG OKB/USDT:USDT exit=2026-07-22 11:42:03 미매칭수량=21.00000000 orderID=3764328224573825024 tradeID=None
[진입유실 방지 자동보정] LONG HYPE/USDT:USDT exit=2026-07-02 09:33:02 미매칭수량=1.00000000 orderID=3706086441083936768 tradeID=None
[진입유실 방지 자동보정] SHORT HYPE/USDT:USDT exit=2026-07-02 18:46:50 미매칭수량=1.00000000 orderID=3707201387012235264 tradeID=None
[진입유실 방지 자동보정] SHORT HYPE/USDT:USDT exit=2026-07-09 00:25:17 미매칭수량=24.00000000 orderID=3725277377667997696 tradeID=None
[진입유실 방지 자동보정] LONG HYPE/USDT:USDT exit=2026-07-09 06:18:38 미매칭수량=24.00000000 orderID=3725988764811730944 tradeID=None
[진입유실 방지 자동보정] LONG HYPE/USDT:USDT exit=2026-07-09 08:16:14 미매칭수량=23.00000000 orderID=3726225544848809984 tradeID=None
[진입유실 방지 자동보정] LONG HYPE/USDT:USDT exit=2026-07-13 19:30:19 미매칭수량=2.00000000 orderID=3739179042162810880 tradeID=None
[진입유실 방지 자동보정] LONG HYPE/USDT:USDT exit=2026-07-26 15:19:38 미매칭수량=2.00000000 orderID=3776362689651220480 tradeID=None
[진입유실 방지 자동보정] SHORT BTC/USDT:USDT exit=2026-07-07 21:35:36 미매칭수량=0.03000000 orderID=3722036669318373376 tradeID=None
[진입유실 방지 자동보정] SHORT BTC/USDT:USDT exit=2026-07-08 00:16:47 미매칭수량=0.04000000 orderID=3722361174263799808 tradeID=None
[진입유실 방지 자동보정] LONG BTC/USDT:USDT exit=2026-07-08 18:05:02 미매칭수량=0.03000000 orderID=3724511840214130688 tradeID=None
[진입유실 방지 자동보정] LONG BTC/USDT:USDT exit=2026-07-08 22:25:16 미매칭수량=0.03000000 orderID=3725035749082603520 tradeID=None
[진입유실 방지 자동보정] LONG BTC/USDT:USDT exit=2026-07-10 12:10:09 미매칭수량=0.25000000 orderID=3729595582481899520 tradeID=None
[진입유실 방지 자동보정] SHORT BTC/USDT:USDT exit=2026-07-10 20:40:19 미매칭수량=0.24000000 orderID=3730622678511591424 tradeID=None
[진입유실 방지 자동보정] SHORT BTC/USDT:USDT exit=2026-07-13 17:06:33 미매칭수량=0.02000000 orderID=3738889605591801856 tradeID=None
[진입유실 방지 자동보정] SHORT BTC/USDT:USDT exit=2026-07-23 01:38:30 미매칭수량=0.02000000 orderID=3766012229442543616 tradeID=None
[진입유실 방지 자동보정] SHORT XRP/USDT:USDT exit=2026-07-10 20:56:05 미매칭수량=1.43000000 orderID=3730654412548546560 tradeID=None
[진입유실 방지 자동보정] LONG XRP/USDT:USDT exit=2026-07-11 02:57:26 미매칭수량=0.14000000 orderID=3731381904544571392 tradeID=None
[진입유실 방지 자동보정] LONG XRP/USDT:USDT exit=2026-07-11 07:35:19 미매칭수량=0.14000000 orderID=3731941344905732096 tradeID=None
[진입유실 방지 자동보정] LONG XRP/USDT:USDT exit=2026-07-13 22:19:43 미매칭수량=0.15000000 orderID=3739520111387811840 tradeID=None
[진입유실 방지 자동보정] LONG KAITO/USDT:USDT exit=2026-05-23 07:44:17 미매칭수량=101.00000000 orderID=3589903302570221568 tradeID=None
[진입유실 방지 자동보정] LONG KAITO/USDT:USDT exit=2026-05-23 09:16:43 미매칭수량=103.00000000 orderID=3590089470679130112 tradeID=None
[진입유실 방지 자동보정] SHORT KAITO/USDT:USDT exit=2026-07-27 23:37:02 미매칭수량=9.00000000 orderID=3780263207016538112 tradeID=None
[진입유실 방지 자동보정] LONG KAITO/USDT:USDT exit=2026-07-28 00:17:06 미매칭수량=9.00000000 orderID=3780343864489091072 tradeID=None
[진입유실 방지 자동보정] LONG ONDO/USDT:USDT exit=2026-05-31 12:11:56 미매칭수량=13.00000000 orderID=3613635053565976576 tradeID=None
[진입유실 방지 자동보정] SHORT ONDO/USDT:USDT exit=2026-06-04 19:57:55 미매칭수량=18.00000000 orderID=3626169605609955328 tradeID=None
[진입유실 방지 자동보정] SHORT ONDO/USDT:USDT exit=2026-07-24 12:48:41 미매칭수량=4.00000000 orderID=3770260599027736576 tradeID=None
[진입유실 방지 자동보정] SHORT ADA/USDT:USDT exit=2026-06-15 18:07:56 미매칭수량=0.80000000 orderID=3657838324836671488 tradeID=None
[진입유실 방지 자동보정] SHORT ADA/USDT:USDT exit=2026-06-15 19:54:41 미매칭수량=0.80000000 orderID=3658053208425832448 tradeID=None
[진입유실 방지 자동보정] SHORT ADA/USDT:USDT exit=2026-06-15 20:18:33 미매칭수량=0.70000000 orderID=3658101280451272704 tradeID=None
[진입유실 방지 자동보정] SHORT ADA/USDT:USDT exit=2026-06-15 20:19:56 미매칭수량=0.70000000 orderID=3658104046410211328 tradeID=None
[진입유실 방지 자동보정] SHORT ADA/USDT:USDT exit=2026-06-15 20:20:18 미매칭수량=0.70000000 orderID=3658104812894101504 tradeID=None
[진입유실 방지 자동보정] SHORT ADA/USDT:USDT exit=2026-06-15 20:26:32 미매칭수량=0.70000000 orderID=3658117332119789568 tradeID=None
[진입유실 방지 자동보정] SHORT ADA/USDT:USDT exit=2026-06-15 20:44:55 미매칭수량=0.70000000 orderID=3658154361918529536 tradeID=None
[진입유실 방지 자동보정] SHORT ADA/USDT:USDT exit=2026-06-15 21:10:33 미매칭수량=0.70000000 orderID=3658205958837051392 tradeID=None
[진입유실 방지 자동보정] SHORT OKB/USDT:USDT exit=2026-06-21 03:12:28 미매칭수량=22.00000000 orderID=3673430118722904064 tradeID=None
[진입유실 방지 자동보정] SHORT OKB/USDT:USDT exit=2026-06-25 17:43:10 미매칭수량=16.00000000 orderID=3686779476461690880 tradeID=None
[진입유실 방지 자동보정] SHORT OKB/USDT:USDT exit=2026-06-25 20:10:48 미매칭수량=16.00000000 orderID=3687076707525926912 tradeID=None
[진입유실 방지 자동보정] LONG OKB/USDT:USDT exit=2026-06-26 12:38:51 미매칭수량=19.00000000 orderID=3689065905153843200 tradeID=None
[진입유실 방지 자동보정] LONG OKB/USDT:USDT exit=2026-06-26 15:55:46 미매칭수량=10.00000000 orderID=3689462344057036800 tradeID=None
[진입유실 방지 자동보정] LONG OKB/USDT:USDT exit=2026-07-22 11:42:03 미매칭수량=21.00000000 orderID=3764328224573825024 tradeID=None
[진입유실 방지 자동보정] LONG HYPE/USDT:USDT exit=2026-07-02 09:33:02 미매칭수량=1.00000000 orderID=3706086441083936768 tradeID=None
[진입유실 방지 자동보정] SHORT HYPE/USDT:USDT exit=2026-07-02 18:46:50 미매칭수량=1.00000000 orderID=3707201387012235264 tradeID=None
[진입유실 방지 자동보정] SHORT HYPE/USDT:USDT exit=2026-07-09 00:25:17 미매칭수량=24.00000000 orderID=3725277377667997696 tradeID=None
[진입유실 방지 자동보정] LONG HYPE/USDT:USDT exit=2026-07-09 06:18:38 미매칭수량=24.00000000 orderID=3725988764811730944 tradeID=None
[진입유실 방지 자동보정] LONG HYPE/USDT:USDT exit=2026-07-09 08:16:14 미매칭수량=23.00000000 orderID=3726225544848809984 tradeID=None
[진입유실 방지 자동보정] LONG HYPE/USDT:USDT exit=2026-07-13 19:30:19 미매칭수량=2.00000000 orderID=3739179042162810880 tradeID=None
[진입유실 방지 자동보정] LONG HYPE/USDT:USDT exit=2026-07-26 15:19:38 미매칭수량=2.00000000 orderID=3776362689651220480 tradeID=None
[진입유실 방지 자동보정] SHORT BTC/USDT:USDT exit=2026-07-07 21:35:36 미매칭수량=0.03000000 orderID=3722036669318373376 tradeID=None
[진입유실 방지 자동보정] SHORT BTC/USDT:USDT exit=2026-07-08 00:16:47 미매칭수량=0.04000000 orderID=3722361174263799808 tradeID=None
[진입유실 방지 자동보정] LONG BTC/USDT:USDT exit=2026-07-08 18:05:02 미매칭수량=0.03000000 orderID=3724511840214130688 tradeID=None
[진입유실 방지 자동보정] LONG BTC/USDT:USDT exit=2026-07-08 22:25:16 미매칭수량=0.03000000 orderID=3725035749082603520 tradeID=None
[진입유실 방지 자동보정] LONG BTC/USDT:USDT exit=2026-07-10 12:10:09 미매칭수량=0.25000000 orderID=3729595582481899520 tradeID=None
[진입유실 방지 자동보정] SHORT BTC/USDT:USDT exit=2026-07-10 20:40:19 미매칭수량=0.24000000 orderID=3730622678511591424 tradeID=None
[진입유실 방지 자동보정] SHORT BTC/USDT:USDT exit=2026-07-13 17:06:33 미매칭수량=0.02000000 orderID=3738889605591801856 tradeID=None
[진입유실 방지 자동보정] SHORT BTC/USDT:USDT exit=2026-07-23 01:38:30 미매칭수량=0.02000000 orderID=3766012229442543616 tradeID=None
[진입유실 방지 자동보정] SHORT XRP/USDT:USDT exit=2026-07-10 20:56:05 미매칭수량=1.43000000 orderID=3730654412548546560 tradeID=None
[진입유실 방지 자동보정] LONG XRP/USDT:USDT exit=2026-07-11 02:57:26 미매칭수량=0.14000000 orderID=3731381904544571392 tradeID=None
[진입유실 방지 자동보정] LONG XRP/USDT:USDT exit=2026-07-11 07:35:19 미매칭수량=0.14000000 orderID=3731941344905732096 tradeID=None
[진입유실 방지 자동보정] LONG XRP/USDT:USDT exit=2026-07-13 22:19:43 미매칭수량=0.15000000 orderID=3739520111387811840 tradeID=None
[DISCORD 1MIN] 10:34:58 ok=True Group 1(5): status=204 | Group 2(3): status=204 collect=9.5s post=0.9s
[DISCORD 1MIN] 10:35:58 ok=True Group 1(5): status=204 | Group 2(3): status=204 collect=9.2s post=0.7s
[DISCORD 1MIN] 10:36:58 ok=True Group 1(5): status=204 | Group 2(3): status=204 collect=9.2s post=1.3s
[DISCORD 1MIN] 10:37:57 ok=True Group 1(5): status=204 | Group 2(3): status=204 collect=8.3s post=0.7s
[DISCORD 1MIN] 10:38:57 ok=True Group 1(5): status=204 | Group 2(3): status=204 collect=8.3s post=0.7s
[진입유실 방지 자동보정] SHORT ADA/USDT:USDT exit=2026-06-15 19:54:41 미매칭수량=0.80000000 orderID=3658053208425832448 tradeID=None
[진입유실 방지 자동보정] SHORT ADA/USDT:USDT exit=2026-06-15 20:18:33 미매칭수량=0.70000000 orderID=3658101280451272704 tradeID=None
[진입유실 방지 자동보정] SHORT ADA/USDT:USDT exit=2026-06-15 20:19:56 미매칭수량=0.70000000 orderID=3658104046410211328 tradeID=None
[진입유실 방지 자동보정] SHORT ADA/USDT:USDT exit=2026-06-15 20:20:18 미매칭수량=0.70000000 orderID=3658104812894101504 tradeID=None
[진입유실 방지 자동보정] SHORT ADA/USDT:USDT exit=2026-06-15 20:26:32 미매칭수량=0.70000000 orderID=3658117332119789568 tradeID=None
[진입유실 방지 자동보정] SHORT ADA/USDT:USDT exit=2026-06-15 20:44:55 미매칭수량=0.70000000 orderID=3658154361918529536 tradeID=None
[진입유실 방지 자동보정] SHORT ADA/USDT:USDT exit=2026-06-15 21:10:33 미매칭수량=0.70000000 orderID=3658205958837051392 tradeID=None
[진입유실 방지 자동보정] SHORT ADA/USDT:USDT exit=2026-07-28 07:40:42 미매칭수량=0.90000000 orderID=3781236931433799680 tradeID=None
[진입유실 방지 자동보정] LONG ADA/USDT:USDT exit=2026-07-28 10:35:38 미매칭수량=0.90000000 orderID=3781589119456714752 tradeID=None
[진입유실 방지 자동보정] SHORT ADA/USDT:USDT exit=2026-06-15 19:54:41 미매칭수량=0.80000000 orderID=3658053208425832448 tradeID=None
[진입유실 방지 자동보정] SHORT ADA/USDT:USDT exit=2026-06-15 20:18:33 미매칭수량=0.70000000 orderID=3658101280451272704 tradeID=None
[진입유실 방지 자동보정] SHORT ADA/USDT:USDT exit=2026-06-15 20:19:56 미매칭수량=0.70000000 orderID=3658104046410211328 tradeID=None
[진입유실 방지 자동보정] SHORT ADA/USDT:USDT exit=2026-06-15 20:20:18 미매칭수량=0.70000000 orderID=3658104812894101504 tradeID=None
[진입유실 방지 자동보정] SHORT ADA/USDT:USDT exit=2026-06-15 20:26:32 미매칭수량=0.70000000 orderID=3658117332119789568 tradeID=None
[진입유실 방지 자동보정] SHORT ADA/USDT:USDT exit=2026-06-15 20:44:55 미매칭수량=0.70000000 orderID=3658154361918529536 tradeID=None
[진입유실 방지 자동보정] SHORT ADA/USDT:USDT exit=2026-06-15 21:10:33 미매칭수량=0.70000000 orderID=3658205958837051392 tradeID=None
[진입유실 방지 자동보정] SHORT ADA/USDT:USDT exit=2026-07-28 07:40:42 미매칭수량=0.90000000 orderID=3781236931433799680 tradeID=None
[진입유실 방지 자동보정] LONG ADA/USDT:USDT exit=2026-07-28 10:35:38 미매칭수량=0.90000000 orderID=3781589119456714752 tradeID=None
[진입유실 방지 자동보정] SHORT ADA/USDT:USDT exit=2026-06-15 19:54:41 미매칭수량=0.80000000 orderID=3658053208425832448 tradeID=None
[진입유실 방지 자동보정] SHORT ADA/USDT:USDT exit=2026-06-15 20:18:33 미매칭수량=0.70000000 orderID=3658101280451272704 tradeID=None
[진입유실 방지 자동보정] SHORT ADA/USDT:USDT exit=2026-06-15 20:19:56 미매칭수량=0.70000000 orderID=3658104046410211328 tradeID=None
[진입유실 방지 자동보정] SHORT ADA/USDT:USDT exit=2026-06-15 20:20:18 미매칭수량=0.70000000 orderID=3658104812894101504 tradeID=None
[진입유실 방지 자동보정] SHORT ADA/USDT:USDT exit=2026-06-15 20:26:32 미매칭수량=0.70000000 orderID=3658117332119789568 tradeID=None
[진입유실 방지 자동보정] SHORT ADA/USDT:USDT exit=2026-06-15 20:44:55 미매칭수량=0.70000000 orderID=3658154361918529536 tradeID=None
[진입유실 방지 자동보정] SHORT ADA/USDT:USDT exit=2026-06-15 21:10:33 미매칭수량=0.70000000 orderID=3658205958837051392 tradeID=None
[진입유실 방지 자동보정] SHORT ADA/USDT:USDT exit=2026-07-28 07:40:42 미매칭수량=0.90000000 orderID=3781236931433799680 tradeID=None
[진입유실 방지 자동보정] LONG ADA/USDT:USDT exit=2026-07-28 10:35:38 미매칭수량=0.90000000 orderID=3781589119456714752 tradeID=None
[진입유실 방지 자동보정] SHORT ADA/USDT:USDT exit=2026-06-15 19:54:41 미매칭수량=0.80000000 orderID=3658053208425832448 tradeID=None
[진입유실 방지 자동보정] SHORT ADA/USDT:USDT exit=2026-06-15 20:18:33 미매칭수량=0.70000000 orderID=3658101280451272704 tradeID=None
[진입유실 방지 자동보정] SHORT ADA/USDT:USDT exit=2026-06-15 20:19:56 미매칭수량=0.70000000 orderID=3658104046410211328 tradeID=None
[진입유실 방지 자동보정] SHORT ADA/USDT:USDT exit=2026-06-15 20:20:18 미매칭수량=0.70000000 orderID=3658104812894101504 tradeID=None
[진입유실 방지 자동보정] SHORT ADA/USDT:USDT exit=2026-06-15 20:26:32 미매칭수량=0.70000000 orderID=3658117332119789568 tradeID=None
[진입유실 방지 자동보정] SHORT ADA/USDT:USDT exit=2026-06-15 20:44:55 미매칭수량=0.70000000 orderID=3658154361918529536 tradeID=None
[진입유실 방지 자동보정] SHORT ADA/USDT:USDT exit=2026-06-15 21:10:33 미매칭수량=0.70000000 orderID=3658205958837051392 tradeID=None
[진입유실 방지 자동보정] SHORT ADA/USDT:USDT exit=2026-07-28 07:40:42 미매칭수량=0.90000000 orderID=3781236931433799680 tradeID=None
[진입유실 방지 자동보정] LONG ADA/USDT:USDT exit=2026-07-28 10:35:38 미매칭수량=0.90000000 orderID=3781589119456714752 tradeID=None
[진입유실 방지 자동보정] SHORT ADA/USDT:USDT exit=2026-06-15 19:54:41 미매칭수량=0.80000000 orderID=3658053208425832448 tradeID=None
[진입유실 방지 자동보정] SHORT ADA/USDT:USDT exit=2026-06-15 20:18:33 미매칭수량=0.70000000 orderID=3658101280451272704 tradeID=None
[진입유실 방지 자동보정] SHORT ADA/USDT:USDT exit=2026-06-15 20:19:56 미매칭수량=0.70000000 orderID=3658104046410211328 tradeID=None
[진입유실 방지 자동보정] SHORT ADA/USDT:USDT exit=2026-06-15 20:20:18 미매칭수량=0.70000000 orderID=3658104812894101504 tradeID=None
[진입유실 방지 자동보정] SHORT ADA/USDT:USDT exit=2026-06-15 20:26:32 미매칭수량=0.70000000 orderID=3658117332119789568 tradeID=None
[진입유실 방지 자동보정] SHORT ADA/USDT:USDT exit=2026-06-15 20:44:55 미매칭수량=0.70000000 orderID=3658154361918529536 tradeID=None
[진입유실 방지 자동보정] SHORT ADA/USDT:USDT exit=2026-06-15 21:10:33 미매칭수량=0.70000000 orderID=3658205958837051392 tradeID=None
[진입유실 방지 자동보정] SHORT ADA/USDT:USDT exit=2026-07-28 07:40:42 미매칭수량=0.90000000 orderID=3781236931433799680 tradeID=None
[진입유실 방지 자동보정] LONG ADA/USDT:USDT exit=2026-07-28 10:35:38 미매칭수량=0.90000000 orderID=3781589119456714752 tradeID=None
[진입유실 방지 자동보정] SHORT ADA/USDT:USDT exit=2026-06-15 19:54:41 미매칭수량=0.80000000 orderID=3658053208425832448 tradeID=None
[진입유실 방지 자동보정] SHORT ADA/USDT:USDT exit=2026-06-15 20:18:33 미매칭수량=0.70000000 orderID=3658101280451272704 tradeID=None
[진입유실 방지 자동보정] SHORT ADA/USDT:USDT exit=2026-06-15 20:19:56 미매칭수량=0.70000000 orderID=3658104046410211328 tradeID=None
[진입유실 방지 자동보정] SHORT ADA/USDT:USDT exit=2026-06-15 20:20:18 미매칭수량=0.70000000 orderID=3658104812894101504 tradeID=None
[진입유실 방지 자동보정] SHORT ADA/USDT:USDT exit=2026-06-15 20:26:32 미매칭수량=0.70000000 orderID=3658117332119789568 tradeID=None
[진입유실 방지 자동보정] SHORT ADA/USDT:USDT exit=2026-06-15 20:44:55 미매칭수량=0.70000000 orderID=3658154361918529536 tradeID=None
[진입유실 방지 자동보정] SHORT ADA/USDT:USDT exit=2026-06-15 21:10:33 미매칭수량=0.70000000 orderID=3658205958837051392 tradeID=None
[진입유실 방지 자동보정] SHORT ADA/USDT:USDT exit=2026-07-28 07:40:42 미매칭수량=0.90000000 orderID=3781236931433799680 tradeID=None
[진입유실 방지 자동보정] LONG ADA/USDT:USDT exit=2026-07-28 10:35:38 미매칭수량=0.90000000 orderID=3781589119456714752 tradeID=None
[진입유실 방지 자동보정] SHORT ADA/USDT:USDT exit=2026-06-15 19:54:41 미매칭수량=0.80000000 orderID=3658053208425832448 tradeID=None
[진입유실 방지 자동보정] SHORT ADA/USDT:USDT exit=2026-06-15 20:18:33 미매칭수량=0.70000000 orderID=3658101280451272704 tradeID=None
[진입유실 방지 자동보정] SHORT ADA/USDT:USDT exit=2026-06-15 20:19:56 미매칭수량=0.70000000 orderID=3658104046410211328 tradeID=None
[진입유실 방지 자동보정] SHORT ADA/USDT:USDT exit=2026-06-15 20:20:18 미매칭수량=0.70000000 orderID=3658104812894101504 tradeID=None
[진입유실 방지 자동보정] SHORT ADA/USDT:USDT exit=2026-06-15 20:26:32 미매칭수량=0.70000000 orderID=3658117332119789568 tradeID=None
[진입유실 방지 자동보정] SHORT ADA/USDT:USDT exit=2026-06-15 20:44:55 미매칭수량=0.70000000 orderID=3658154361918529536 tradeID=None
[진입유실 방지 자동보정] SHORT ADA/USDT:USDT exit=2026-06-15 21:10:33 미매칭수량=0.70000000 orderID=3658205958837051392 tradeID=None
[진입유실 방지 자동보정] SHORT ADA/USDT:USDT exit=2026-07-28 07:40:42 미매칭수량=0.90000000 orderID=3781236931433799680 tradeID=None
[진입유실 방지 자동보정] LONG ADA/USDT:USDT exit=2026-07-28 10:35:38 미매칭수량=0.90000000 orderID=3781589119456714752 tradeID=None
[진입유실 방지 자동보정] SHORT ADA/USDT:USDT exit=2026-06-15 19:54:41 미매칭수량=0.80000000 orderID=3658053208425832448 tradeID=None
[진입유실 방지 자동보정] SHORT ADA/USDT:USDT exit=2026-06-15 20:18:33 미매칭수량=0.70000000 orderID=3658101280451272704 tradeID=None
[진입유실 방지 자동보정] SHORT ADA/USDT:USDT exit=2026-06-15 20:19:56 미매칭수량=0.70000000 orderID=3658104046410211328 tradeID=None
[진입유실 방지 자동보정] SHORT ADA/USDT:USDT exit=2026-06-15 20:20:18 미매칭수량=0.70000000 orderID=3658104812894101504 tradeID=None
[진입유실 방지 자동보정] SHORT ADA/USDT:USDT exit=2026-06-15 20:26:32 미매칭수량=0.70000000 orderID=3658117332119789568 tradeID=None
[진입유실 방지 자동보정] SHORT ADA/USDT:USDT exit=2026-06-15 20:44:55 미매칭수량=0.70000000 orderID=3658154361918529536 tradeID=None
[진입유실 방지 자동보정] SHORT ADA/USDT:USDT exit=2026-06-15 21:10:33 미매칭수량=0.70000000 orderID=3658205958837051392 tradeID=None
[진입유실 방지 자동보정] SHORT ADA/USDT:USDT exit=2026-07-28 07:40:42 미매칭수량=0.90000000 orderID=3781236931433799680 tradeID=None
[진입유실 방지 자동보정] LONG ADA/USDT:USDT exit=2026-07-28 10:35:38 미매칭수량=0.90000000 orderID=3781589119456714752 tradeID=None
[DISCORD 1MIN] 10:39:57 ok=True Group 1(5): status=204 | Group 2(3): status=204 collect=8.4s post=0.7s
[DISCORD 1MIN] 10:40:57 ok=True Group 1(5): status=204 | Group 2(3): status=204 collect=8.7s post=0.7s
[DISCORD 1MIN] 10:41:57 ok=True Group 1(5): status=204 | Group 2(3): status=204 collect=8.5s post=0.8s
[DISCORD 1MIN] 10:42:57 ok=True Group 1(5): status=204 | Group 2(3): status=204 collect=8.7s post=0.6s
[DISCORD 1MIN] 10:43:57 ok=True Group 1(5): status=204 | Group 2(3): status=204 collect=8.5s post=0.7s
[DISCORD 1MIN] 10:44:58 ok=True Group 1(5): status=204 | Group 2(3): status=204 collect=8.9s post=0.9s
[DISCORD 1MIN] 10:45:57 ok=True Group 1(5): status=204 | Group 2(3): status=204 collect=8.1s post=0.7s
[DISCORD 1MIN] 10:46:57 ok=True Group 1(5): status=204 | Group 2(3): status=204 collect=8.1s post=0.7s
[DISCORD 1MIN] 10:47:57 ok=True Group 1(5): status=204 | Group 2(3): status=204 collect=8.2s post=0.8s
[DISCORD 1MIN] 10:48:57 ok=True Group 1(5): status=204 | Group 2(3): status=204 collect=8.0s post=0.7s
[DISCORD 1MIN] 10:49:57 ok=True Group 1(5): status=204 | Group 2(3): status=204 collect=8.5s post=0.7s
[DISCORD 1MIN] 10:50:57 ok=True Group 1(5): status=204 | Group 2(3): status=204 collect=7.8s post=0.8s
[DISCORD 1MIN] 10:51:57 ok=True Group 1(5): status=204 | Group 2(3): status=204 collect=8.2s post=0.7s
[DISCORD 1MIN] 10:52:56 ok=True Group 1(5): status=204 | Group 2(3): status=204 collect=7.8s post=0.7s
[DISCORD 1MIN] 10:53:57 ok=True Group 1(5): status=204 | Group 2(3): status=204 collect=7.8s post=0.7s
[DISCORD 1MIN] 10:54:57 ok=True Group 1(5): status=204 | Group 2(3): status=204 collect=8.2s post=0.8s
[DISCORD 1MIN] 10:55:57 ok=True Group 1(5): status=204 | Group 2(3): status=204 collect=8.2s post=0.7s
[DISCORD 1MIN] 10:56:58 ok=True Group 1(5): status=204 | Group 2(3): status=204 collect=8.6s post=0.9s
[DISCORD 1MIN] 10:57:57 ok=True Group 1(5): status=204 | Group 2(3): status=204 collect=8.1s post=0.7s
[DISCORD 1MIN] 10:58:57 ok=True Group 1(5): status=204 | Group 2(3): status=204 collect=8.5s post=0.7s
[DISCORD 1MIN] 10:59:57 ok=True Group 1(5): status=204 | Group 2(3): status=204 collect=8.2s post=0.9s
[DISCORD 1MIN] 11:00:57 ok=True Group 1(5): status=204 | Group 2(3): status=204 collect=8.0s post=1.0s
[DISCORD 1MIN] 11:01:57 ok=True Group 1(5): status=204 | Group 2(3): status=204 collect=7.9s post=0.7s
[DISCORD 1MIN] 11:02:57 ok=True Group 1(5): status=204 | Group 2(3): status=204 collect=7.9s post=0.8s
[DISCORD 1MIN] 11:03:56 ok=True Group 1(5): status=204 | Group 2(3): status=204 collect=7.6s post=0.7s
[DISCORD 1MIN] 11:04:57 ok=True Group 1(5): status=204 | Group 2(3): status=204 collect=7.9s post=0.7s
[DISCORD 1MIN] 11:05:57 ok=True Group 1(5): status=204 | Group 2(3): status=204 collect=8.4s post=0.8s
[DISCORD 1MIN] 11:06:57 ok=True Group 1(5): status=204 | Group 2(3): status=204 collect=8.4s post=0.7s
[DISCORD 1MIN] 11:07:59 ok=True Group 1(5): status=204 | Group 2(3): status=204 collect=8.2s post=2.8s
[DISCORD 1MIN] 11:08:57 ok=True Group 1(5): status=204 | Group 2(3): status=204 collect=8.2s post=0.7s
[DISCORD 1MIN] 11:09:57 ok=True Group 1(5): status=204 | Group 2(3): status=204 collect=8.3s post=0.8s
[DISCORD 1MIN] 11:10:57 ok=True Group 1(5): status=204 | Group 2(3): status=204 collect=7.7s post=0.8s
[DISCORD 1MIN] 11:11:57 ok=True Group 1(5): status=204 | Group 2(3): status=204 collect=8.1s post=0.7s
[DISCORD 1MIN] 11:12:57 ok=True Group 1(5): status=204 | Group 2(3): status=204 collect=8.2s post=0.8s
[DISCORD 1MIN] 11:13:57 ok=True Group 1(5): status=204 | Group 2(3): status=204 collect=7.8s post=0.8s
[DISCORD 1MIN] 11:14:57 ok=True Group 1(5): status=204 | Group 2(3): status=204 collect=7.8s post=0.7s
[DISCORD 1MIN] 11:15:57 ok=True Group 1(5): status=204 | Group 2(3): status=204 collect=8.0s post=0.8s
[DISCORD 1MIN] 11:16:57 ok=True Group 1(5): status=204 | Group 2(3): status=204 collect=8.0s post=0.9s
[DISCORD 1MIN] 11:17:57 ok=True Group 1(5): status=204 | Group 2(3): status=204 collect=8.2s post=0.7s
[DISCORD 1MIN] 11:18:57 ok=True Group 1(5): status=204 | Group 2(3): status=204 collect=8.0s post=0.7s
[DISCORD 1MIN] 11:19:56 ok=True Group 1(5): status=204 | Group 2(3): status=204 collect=7.3s post=0.7s
[DISCORD 1MIN] 11:20:56 ok=True Group 1(5): status=204 | Group 2(3): status=204 collect=7.6s post=0.7s
[DISCORD 1MIN] 11:21:58 ok=True Group 1(5): status=204 | Group 2(3): status=204 collect=8.6s post=0.8s
[DISCORD 1MIN] 11:22:57 ok=True Group 1(5): status=204 | Group 2(3): status=204 collect=8.0s post=1.0s
[DISCORD 1MIN] 11:23:57 ok=True Group 1(5): status=204 | Group 2(3): status=204 collect=7.6s post=1.0s
[DISCORD 1MIN] 11:24:56 ok=True Group 1(5): status=204 | Group 2(3): status=204 collect=7.5s post=0.8s
[DISCORD 1MIN] 11:25:57 ok=True Group 1(5): status=204 | Group 2(3): status=204 collect=7.7s post=0.8s
[DISCORD 1MIN] 11:26:56 ok=True Group 1(5): status=204 | Group 2(3): status=204 collect=7.0s post=0.7s
[DISCORD 1MIN] 11:27:56 ok=True Group 1(5): status=204 | Group 2(3): status=204 collect=7.2s post=0.7s
[DISCORD 1MIN] 11:28:56 ok=True Group 1(5): status=204 | Group 2(3): status=204 collect=7.1s post=0.7s
[DISCORD 1MIN] 11:29:56 ok=True Group 1(5): status=204 | Group 2(3): status=204 collect=7.0s post=0.8s
[DISCORD 1MIN] 11:30:56 ok=True Group 1(5): status=204 | Group 2(3): status=204 collect=7.0s post=0.8s
[DISCORD 1MIN] 11:31:56 ok=True Group 1(5): status=204 | Group 2(3): status=204 collect=7.0s post=0.8s
[DISCORD 1MIN] 11:32:57 ok=True Group 1(5): status=204 | Group 2(3): status=204 collect=7.5s post=0.8s
[DISCORD 1MIN] 11:33:56 ok=True Group 1(5): status=204 | Group 2(3): status=204 collect=7.1s post=0.7s
[DISCORD 1MIN] 11:34:58 ok=True Group 1(5): status=204 | Group 2(3): status=204 collect=7.7s post=1.7s
[DISCORD 1MIN] 11:35:57 ok=True Group 1(5): status=204 | Group 2(3): status=204 collect=7.9s post=0.8s
[DISCORD 1MIN] 11:36:49 ok=True Group 1(5): status=204 | Group 2(3): status=204 collect=0.4s post=0.7s
[DISCORD 1MIN] 11:37:57 ok=True Group 1(5): status=204 | Group 2(3): status=204 collect=8.0s post=0.7s
[DISCORD 1MIN] 11:38:57 ok=True Group 1(5): status=204 | Group 2(3): status=204 collect=8.0s post=0.7s
[DISCORD 1MIN] 11:39:57 ok=True Group 1(5): status=204 | Group 2(3): status=204 collect=8.1s post=0.9s
[DISCORD 1MIN] 11:40:57 ok=True Group 1(5): status=204 | Group 2(3): status=204 collect=8.1s post=0.7s
[DISCORD 1MIN] 11:42:08 ok=True Group 1(5): status=204 | Group 2(3): status=204 collect=7.9s post=12.2s
[DISCORD 1MIN] 11:42:55 ok=True Group 1(5): status=204 | Group 2(3): status=204 collect=7.8s post=1.1s
[DISCORD 1MIN] 11:43:55 ok=True Group 1(5): status=204 | Group 2(3): status=204 collect=8.2s post=0.7s
[DISCORD 1MIN] 11:44:55 ok=True Group 1(5): status=204 | Group 2(3): status=204 collect=8.0s post=0.8s
[DISCORD 1MIN] 11:45:55 ok=True Group 1(5): status=204 | Group 2(3): status=204 collect=8.2s post=0.8s
[DISCORD 1MIN] 11:46:55 ok=True Group 1(5): status=204 | Group 2(3): status=204 collect=8.1s post=0.8s
[DISCORD 1MIN] 11:47:56 ok=True Group 1(5): status=204 | Group 2(3): status=204 collect=8.1s post=1.4s
[DISCORD 1MIN] 11:48:55 ok=True Group 1(5): status=204 | Group 2(3): status=204 collect=8.2s post=0.7s
[DISCORD 1MIN] 11:49:56 ok=True Group 1(5): status=204 | Group 2(3): status=204 collect=8.4s post=0.7s
[DISCORD 1MIN] 11:50:56 ok=True Group 1(5): status=204 | Group 2(3): status=204 collect=8.8s post=0.7s
[DISCORD 1MIN] 11:51:55 ok=True Group 1(5): status=204 | Group 2(3): status=204 collect=8.3s post=0.7s
[DISCORD 1MIN] 11:52:55 ok=True Group 1(5): status=204 | Group 2(3): status=204 collect=8.0s post=0.8s
[DISCORD 1MIN] 11:53:56 ok=True Group 1(5): status=204 | Group 2(3): status=204 collect=8.8s post=0.7s
[DISCORD 1MIN] 11:54:56 ok=True Group 1(5): status=204 | Group 2(3): status=204 collect=8.5s post=0.9s
[DISCORD 1MIN] 11:55:56 ok=True Group 1(5): status=204 | Group 2(3): status=204 collect=8.6s post=0.7s
[DISCORD 1MIN] 11:56:56 ok=True Group 1(5): status=204 | Group 2(3): status=204 collect=8.2s post=0.9s
[DISCORD 1MIN] 11:57:56 ok=True Group 1(5): status=204 | Group 2(3): status=204 collect=8.7s post=0.8s
[DISCORD 1MIN] 11:58:56 ok=True Group 1(5): status=204 | Group 2(3): status=204 collect=8.3s post=0.9s
[DISCORD 1MIN] 11:59:56 ok=True Group 1(5): status=204 | Group 2(3): status=204 collect=8.5s post=0.7s
[DISCORD 1MIN] 12:00:56 ok=True Group 1(5): status=204 | Group 2(3): status=204 collect=8.3s post=0.8s
[DISCORD 1MIN] 12:01:56 ok=True Group 1(5): status=204 | Group 2(3): status=204 collect=8.4s post=0.7s
[DISCORD 1MIN] 12:02:55 ok=True Group 1(5): status=204 | Group 2(3): status=204 collect=8.3s post=0.7s
[DISCORD 1MIN] 12:03:56 ok=True Group 1(5): status=204 | Group 2(3): status=204 collect=8.4s post=0.8s
[AUTO-RELOAD] app.py 소스 변경 감지! (mtime: 1785162832.1069896 -> 1785207850.695823). 프로세스를 자동 재기동합니다...
