timestamp,open,high,low,close,volume
2026-04-03 17:00:00,80.55,80.56,79.89,80.2,69415.87
2026-04-03 18:00:00,80.19,80.45,80.08,80.13,85158.765
2026-04-03 19:00:00,80.13,80.3,79.87,80.21,74087.112
2026-04-03 20:00:00,80.21,80.33,80.16,80.2,44248.261
2026-04-03 21:00:00,80.2,80.73,80.12,80.4,84658.953
2026-04-03 22:00:00,80.41,80.5,79.92,80.15,69753.543
2026-04-03 23:00:00,80.16,80.54,80.13,80.4,65419.233
2026-04-04 00:00:00,80.39,80.42,80.15,80.24,56986.549
2026-04-04 01:00:00,80.23,80.34,80.06,80.14,54973.599
2026-04-04 02:00:00,80.14,80.34,80.07,80.19,65160.808
2026-04-04 03:00:00,80.18,80.29,80.16,80.18,29018.663
2026-04-04 04:00:00,80.18,80.32,80.15,80.26,19975.281
2026-04-04 05:00:00,80.26,80.3,80.11,80.2,57290.303
2026-04-04 06:00:00,80.19,80.54,80.14,80.46,26493.465
2026-04-04 07:00:00,80.47,80.49,80.21,80.32,26720.191
2026-04-04 08:00:00,80.32,80.4,79.93,79.99,21625.421
2026-04-04 09:00:00,79.98,80.1,79.92,80.04,32317.567
2026-04-04 10:00:00,80.04,80.29,80.02,80.24,48628.483
2026-04-04 11:00:00,80.23,80.29,80.04,80.21,43563.575
2026-04-04 12:00:00,80.2,80.25,80.01,80.1,23509.011
2026-04-04 13:00:00,80.11,80.26,79.93,80.03,42115.386
2026-04-04 14:00:00,80.03,80.37,79.57,80.36,79005.693
2026-04-04 15:00:00,80.35,81.61,80.27,81.1,300533.562
2026-04-04 16:00:00,81.1,81.35,80.7,80.74,135478.508
2026-04-04 17:00:00,80.75,81.03,80.61,80.93,59516.434
2026-04-04 18:00:00,80.93,81.13,80.7,80.84,55736.89
2026-04-04 19:00:00,80.84,81.32,80.75,80.85,80586.312
2026-04-04 20:00:00,80.86,80.87,80.62,80.81,42197.014
2026-04-04 21:00:00,80.8,81.04,80.76,80.92,194621.832
2026-04-04 22:00:00,80.93,81.06,80.88,81.0,39947.849
2026-04-04 23:00:00,81.0,81.0,80.7,80.83,26928.371
2026-04-05 00:00:00,80.84,80.85,80.54,80.7,32065.423
2026-04-05 01:00:00,80.7,80.79,80.49,80.51,32829.588
2026-04-05 02:00:00,80.5,80.64,80.37,80.59,42963.308
2026-04-05 03:00:00,80.59,80.62,80.41,80.55,14283.619
2026-04-05 04:00:00,80.55,80.58,80.29,80.33,44259.412
2026-04-05 05:00:00,80.33,80.43,80.14,80.31,49078.887
2026-04-05 06:00:00,80.3,80.38,79.41,79.59,153896.649
2026-04-05 07:00:00,79.59,79.88,79.51,79.6,70495.297
2026-04-05 08:00:00,79.59,79.71,79.54,79.62,52925.655
2026-04-05 09:00:00,79.62,79.88,79.62,79.84,26469.593
2026-04-05 10:00:00,79.83,80.24,79.78,79.84,47152.197
2026-04-05 11:00:00,79.84,79.92,79.75,79.9,31689.336
2026-04-05 12:00:00,79.91,79.95,78.8,79.0,102171.653
2026-04-05 13:00:00,79.01,79.25,78.52,79.21,101430.707
2026-04-05 14:00:00,79.21,79.48,79.13,79.29,39060.526
2026-04-05 15:00:00,79.29,80.33,79.0,79.6,146587.812
2026-04-05 16:00:00,79.59,79.82,79.39,79.46,54565.511
2026-04-05 17:00:00,79.47,79.93,79.37,79.9,45366.939
2026-04-05 18:00:00,79.89,80.14,79.71,79.95,60124.344
2026-04-05 19:00:00,79.96,80.23,79.54,79.83,45422.467
2026-04-05 20:00:00,79.83,80.22,79.81,80.16,42413.324
2026-04-05 21:00:00,80.16,80.19,79.51,79.75,59461.943
2026-04-05 22:00:00,79.74,80.69,79.1,80.58,153206.215
2026-04-05 23:00:00,80.58,82.13,80.46,81.89,284518.153
2026-04-06 00:00:00,81.89,82.97,81.89,82.32,321786.17
2026-04-06 01:00:00,82.33,82.42,81.68,81.69,124398.736
2026-04-06 02:00:00,81.7,82.8,81.66,82.41,126010.624
2026-04-06 03:00:00,82.41,82.48,81.94,82.11,111803.749
2026-04-06 04:00:00,82.11,82.34,81.79,82.0,57686.355
2026-04-06 05:00:00,81.99,82.08,81.84,81.91,44096.808
2026-04-06 06:00:00,81.9,82.14,80.97,81.5,143148.261
2026-04-06 07:00:00,81.5,81.97,81.35,81.82,98203.568
2026-04-06 08:00:00,81.83,82.26,81.71,82.0,84426.12
2026-04-06 09:00:00,81.99,83.2,81.88,82.47,234322.449
2026-04-06 10:00:00,82.47,82.9,82.47,82.68,121346.888
2026-04-06 11:00:00,82.68,82.68,82.31,82.45,57661.294
2026-04-06 12:00:00,82.44,82.53,82.21,82.3,73258.953
2026-04-06 13:00:00,82.3,82.67,82.18,82.46,95528.561
2026-04-06 14:00:00,82.46,82.81,81.73,82.23,156260.225
2026-04-06 15:00:00,82.22,82.46,82.0,82.27,102517.598
2026-04-06 16:00:00,82.28,82.48,81.58,81.59,102812.704
2026-04-06 17:00:00,81.6,81.79,81.19,81.64,107304.443
2026-04-06 18:00:00,81.64,82.22,81.55,81.88,73543.381
2026-04-06 19:00:00,81.87,81.98,81.56,81.9,64721.552
2026-04-06 20:00:00,81.91,82.15,81.81,82.0,51548.968
2026-04-06 21:00:00,82.0,82.0,81.38,81.49,59480.883
2026-04-06 22:00:00,81.48,81.51,80.16,80.17,113072.878
2026-04-06 23:00:00,80.17,80.29,79.6,80.03,205429.396
2026-04-07 00:00:00,80.03,80.23,79.6,79.91,149835.743
2026-04-07 01:00:00,79.91,80.14,79.38,79.53,106294.911
2026-04-07 02:00:00,79.53,79.9,79.47,79.72,55004.435
2026-04-07 03:00:00,79.73,79.91,79.7,79.8,49909.679
2026-04-07 04:00:00,79.8,80.17,79.67,79.92,53054.294
2026-04-07 05:00:00,79.93,79.97,79.46,79.61,82943.275
2026-04-07 06:00:00,79.6,79.65,79.31,79.53,67709.244
2026-04-07 07:00:00,79.54,79.94,79.45,79.87,100102.499
2026-04-07 08:00:00,79.87,80.36,79.82,80.14,109240.9
2026-04-07 09:00:00,80.15,80.59,80.15,80.39,89717.173
2026-04-07 10:00:00,80.38,80.46,79.22,79.37,157809.51
2026-04-07 11:00:00,79.37,79.55,78.95,79.21,140332.818
2026-04-07 12:00:00,79.22,79.39,78.69,79.14,184497.579
2026-04-07 13:00:00,79.14,79.24,78.83,78.87,101290.58
2026-04-07 14:00:00,78.88,79.06,78.4,78.59,126202.778
2026-04-07 15:00:00,78.59,78.99,78.38,78.86,119576.027
2026-04-07 16:00:00,78.86,79.19,78.65,78.89,81371.024
2026-04-07 17:00:00,78.89,81.0,78.83,80.07,304322.388
2026-04-07 18:00:00,80.07,80.23,79.51,79.94,118328.064
2026-04-07 19:00:00,79.93,81.83,79.89,81.63,347574.855
2026-04-07 20:00:00,81.63,82.41,81.63,81.93,257327.643
2026-04-07 21:00:00,81.94,83.24,81.87,82.91,234588.311
2026-04-07 22:00:00,82.92,85.24,82.91,85.24,560183.244
2026-04-07 23:00:00,85.24,87.02,85.1,85.56,715381.546
2026-04-08 00:00:00,85.56,85.9,84.26,84.76,247016.521
2026-04-08 01:00:00,84.77,84.98,84.45,84.69,113515.967
2026-04-08 02:00:00,84.68,84.97,84.4,84.61,104830.334
2026-04-08 03:00:00,84.6,84.68,84.37,84.56,115037.839
2026-04-08 04:00:00,84.56,85.03,84.49,84.49,134212.641
2026-04-08 05:00:00,84.5,84.76,84.16,84.22,91747.558
2026-04-08 06:00:00,84.22,84.71,83.89,84.55,111881.628
2026-04-08 07:00:00,84.55,84.71,84.21,84.5,113837.134
2026-04-08 08:00:00,84.51,84.88,84.43,84.86,85905.278
2026-04-08 09:00:00,84.86,84.98,84.53,84.66,60955.449
2026-04-08 10:00:00,84.66,84.8,84.49,84.5,70221.602
2026-04-08 11:00:00,84.5,84.83,84.11,84.45,176098.964
2026-04-08 12:00:00,84.46,84.69,84.09,84.54,132750.31
2026-04-08 13:00:00,84.54,84.98,83.92,84.05,261365.715
2026-04-08 14:00:00,84.05,84.16,82.51,82.9,311306.469
2026-04-08 15:00:00,82.9,83.46,82.8,83.34,168179.445
2026-04-08 16:00:00,83.33,83.6,83.05,83.48,71291.389
2026-04-08 17:00:00,83.49,84.18,83.3,83.97,91151.921
2026-04-08 18:00:00,83.98,84.03,82.82,82.93,114437.642
2026-04-08 19:00:00,82.93,83.24,82.77,83.19,64469.381
2026-04-08 20:00:00,83.19,83.38,83.02,83.28,49413.962
2026-04-08 21:00:00,83.27,83.61,83.18,83.4,43964.375
2026-04-08 22:00:00,83.4,83.44,82.6,82.63,72635.81
2026-04-08 23:00:00,82.63,83.02,82.24,82.57,146531.214
2026-04-09 00:00:00,82.56,82.67,82.08,82.21,132005.336
2026-04-09 01:00:00,82.21,82.35,81.7,82.22,183222.124
2026-04-09 02:00:00,82.23,82.44,82.06,82.12,64351.478
2026-04-09 03:00:00,82.12,82.18,81.87,82.03,87386.518
2026-04-09 04:00:00,82.02,82.03,81.82,81.84,61470.349
2026-04-09 05:00:00,81.83,82.33,81.74,82.17,73144.19
2026-04-09 06:00:00,82.17,82.37,81.85,82.18,52778.678
2026-04-09 07:00:00,82.18,82.48,82.18,82.29,48643.217
2026-04-09 08:00:00,82.29,82.65,82.16,82.48,45985.479
2026-04-09 09:00:00,82.47,82.69,82.11,82.61,64800.188
2026-04-09 10:00:00,82.6,82.66,82.37,82.58,45852.282
2026-04-09 11:00:00,82.58,82.71,82.03,82.18,71393.516
2026-04-09 12:00:00,82.18,82.39,81.94,82.28,72628.786
2026-04-09 13:00:00,82.28,82.42,81.57,81.87,82373.589
2026-04-09 14:00:00,81.87,82.32,81.4,82.19,92354.179
2026-04-09 15:00:00,82.19,83.94,81.91,83.75,278939.123
2026-04-09 16:00:00,83.75,84.24,82.92,83.68,193520.175
2026-04-09 17:00:00,83.68,84.69,83.66,84.65,217434.93
2026-04-09 18:00:00,84.65,84.7,83.45,83.83,179510.685
2026-04-09 19:00:00,83.83,84.31,83.41,84.17,153751.565
2026-04-09 20:00:00,84.16,84.53,84.09,84.27,80470.024
2026-04-09 21:00:00,84.26,84.72,84.13,84.27,122337.751
2026-04-09 22:00:00,84.27,85.95,83.95,83.99,268929.047
2026-04-09 23:00:00,83.99,84.06,83.15,83.33,102644.42
2026-04-10 00:00:00,83.33,83.39,82.89,83.13,106076.789
2026-04-10 01:00:00,83.12,83.79,82.82,83.16,97896.814
2026-04-10 02:00:00,83.16,83.46,83.03,83.25,58872.216
2026-04-10 03:00:00,83.25,83.27,82.62,82.9,74110.812
2026-04-10 04:00:00,82.89,83.53,82.87,83.36,78773.173
2026-04-10 05:00:00,83.35,83.59,83.12,83.39,54937.26
2026-04-10 06:00:00,83.39,83.47,83.1,83.2,70158.703
2026-04-10 07:00:00,83.2,83.27,82.86,82.95,47465.298
2026-04-10 08:00:00,82.95,83.11,82.7,82.92,133201.202
2026-04-10 09:00:00,82.92,83.59,82.9,83.53,99364.007
2026-04-10 10:00:00,83.52,83.54,83.11,83.31,65271.587
2026-04-10 11:00:00,83.31,83.74,83.3,83.52,134945.208
2026-04-10 12:00:00,83.52,84.42,83.36,84.11,183460.869
2026-04-10 13:00:00,84.11,84.4,83.59,84.27,133036.049
2026-04-10 14:00:00,84.27,85.24,84.19,85.08,216425.387
2026-04-10 15:00:00,85.08,85.58,84.07,84.24,160429.166
2026-04-10 16:00:00,84.25,84.91,84.14,84.84,85238.65
2026-04-10 17:00:00,84.84,84.9,84.45,84.87,52014.464
2026-04-10 18:00:00,84.88,85.27,84.62,85.21,57375.278
2026-04-10 19:00:00,85.21,85.47,85.11,85.44,60754.567
2026-04-10 20:00:00,85.45,85.67,85.05,85.45,69761.568
2026-04-10 21:00:00,85.44,85.45,84.97,85.23,52339.232
2026-04-10 22:00:00,85.24,85.28,84.65,84.87,59124.251
2026-04-10 23:00:00,84.87,84.95,84.75,84.83,35045.793
2026-04-11 00:00:00,84.83,84.85,84.52,84.68,28546.48
2026-04-11 01:00:00,84.68,84.73,84.38,84.67,36725.165
2026-04-11 02:00:00,84.68,84.93,84.59,84.8,39096.639
2026-04-11 03:00:00,84.81,84.9,84.31,84.4,47538.694
2026-04-11 04:00:00,84.4,84.62,84.21,84.38,49222.32
2026-04-11 05:00:00,84.38,84.4,84.05,84.09,63764.293
2026-04-11 06:00:00,84.09,84.19,83.87,84.13,49293.301
2026-04-11 07:00:00,84.13,84.35,84.07,84.28,33463.684
2026-04-11 08:00:00,84.27,84.43,84.17,84.17,34965.904
2026-04-11 09:00:00,84.16,84.8,84.14,84.5,59388.343
2026-04-11 10:00:00,84.49,84.53,83.95,84.05,60670.402
2026-04-11 11:00:00,84.06,84.28,83.8,84.24,51201.767
2026-04-11 12:00:00,84.24,84.57,84.06,84.24,64550.743
2026-04-11 13:00:00,84.23,84.32,83.84,84.11,48225.853
2026-04-11 14:00:00,84.11,84.42,84.02,84.38,82096.424
2026-04-11 15:00:00,84.38,84.88,84.21,84.66,113695.962
2026-04-11 16:00:00,84.67,85.4,84.6,84.98,69762.016
2026-04-11 17:00:00,84.98,85.01,84.68,84.8,44810.654
2026-04-11 18:00:00,84.8,85.8,84.64,85.48,166783.803
2026-04-11 19:00:00,85.48,86.26,85.42,86.01,132164.509
2026-04-11 20:00:00,86.01,86.08,85.12,85.4,79054.72
2026-04-11 21:00:00,85.41,85.54,85.2,85.34,37853.411
2026-04-11 22:00:00,85.33,86.19,85.05,85.28,114525.568
2026-04-11 23:00:00,85.28,85.28,84.52,84.93,63501.228
2026-04-12 00:00:00,84.94,85.0,84.7,84.9,45244.297
2026-04-12 01:00:00,84.89,84.98,82.04,82.31,308493.583
2026-04-12 02:00:00,82.3,83.03,81.84,82.67,184059.696
2026-04-12 03:00:00,82.67,82.79,82.32,82.33,92852.066
2026-04-12 04:00:00,82.32,82.46,82.15,82.21,65456.673
2026-04-12 05:00:00,82.22,82.49,82.06,82.4,73411.845
2026-04-12 06:00:00,82.4,82.5,82.2,82.27,56546.412
2026-04-12 07:00:00,82.27,82.45,82.23,82.27,36842.001
2026-04-12 08:00:00,82.28,82.31,82.15,82.29,46663.041
2026-04-12 09:00:00,82.29,82.41,82.13,82.21,60498.182
2026-04-12 10:00:00,82.21,82.34,81.93,82.04,54315.175
2026-04-12 11:00:00,82.04,82.36,81.92,82.22,98856.386
2026-04-12 12:00:00,82.21,82.56,81.88,82.02,130758.907
2026-04-12 13:00:00,82.01,82.23,81.77,81.89,116659.083
2026-04-12 14:00:00,81.89,82.1,81.29,81.56,184978.182
2026-04-12 15:00:00,81.57,81.82,81.27,81.59,86391.835
2026-04-12 16:00:00,81.59,81.88,81.53,81.88,39104.614
2026-04-12 17:00:00,81.88,82.3,81.75,82.18,55990.852
2026-04-12 18:00:00,82.19,82.32,82.04,82.13,44304.43
2026-04-12 19:00:00,82.14,82.32,81.92,81.99,27307.161
2026-04-12 20:00:00,81.98,82.88,81.94,82.67,82141.459
2026-04-12 21:00:00,82.68,82.88,82.44,82.8,62715.437
2026-04-12 22:00:00,82.79,82.82,81.37,81.98,153139.809
2026-04-12 23:00:00,81.98,81.98,81.27,81.53,68060.74
2026-04-13 00:00:00,81.54,82.22,81.4,82.15,82279.657
2026-04-13 01:00:00,82.15,82.35,81.97,82.33,65671.911
2026-04-13 02:00:00,82.33,82.44,81.89,81.94,56634.826
2026-04-13 03:00:00,81.95,82.07,81.73,81.91,40186.906
2026-04-13 04:00:00,81.9,82.25,81.85,81.9,29772.844
2026-04-13 05:00:00,81.91,81.99,81.54,81.85,37385.636
2026-04-13 06:00:00,81.85,82.6,81.81,82.36,90795.839
2026-04-13 07:00:00,82.36,82.41,81.86,82.17,58374.445
2026-04-13 08:00:00,82.17,82.32,81.74,81.86,95661.88
2026-04-13 09:00:00,81.87,82.22,81.76,81.86,92083.043
2026-04-13 10:00:00,81.86,81.97,81.64,81.73,53558.163
2026-04-13 11:00:00,81.73,82.05,81.69,81.86,50123.555
2026-04-13 12:00:00,81.86,82.79,81.82,82.54,100934.57
2026-04-13 13:00:00,82.54,83.67,82.29,83.6,232735.151
2026-04-13 14:00:00,83.6,83.81,82.76,83.77,203777.822
2026-04-13 15:00:00,83.76,83.82,82.35,82.65,144120.079
2026-04-13 16:00:00,82.66,83.62,82.34,83.35,148206.824
2026-04-13 17:00:00,83.35,83.84,83.01,83.05,82216.637
2026-04-13 18:00:00,83.05,83.27,82.58,83.22,78705.864
2026-04-13 19:00:00,83.21,84.25,83.1,84.09,183354.551
2026-04-13 20:00:00,84.09,84.36,83.81,83.93,148194.596
2026-04-13 21:00:00,83.93,84.14,83.83,83.95,71960.207
2026-04-13 22:00:00,83.95,86.47,83.94,86.22,440130.762
2026-04-13 23:00:00,86.22,86.81,85.91,86.51,363524.647
2026-04-14 00:00:00,86.51,86.75,85.37,85.91,332884.834
2026-04-14 01:00:00,85.9,86.12,85.67,85.95,121817.323
2026-04-14 02:00:00,85.96,86.39,85.8,86.22,156685.606
2026-04-14 03:00:00,86.21,86.27,85.98,86.05,65868.901
2026-04-14 04:00:00,86.05,86.06,85.56,85.89,96691.973
2026-04-14 05:00:00,85.89,85.92,85.43,85.5,56679.203
2026-04-14 06:00:00,85.5,86.09,85.5,85.94,78580.524
2026-04-14 07:00:00,85.95,86.2,85.79,85.88,133553.61
2026-04-14 08:00:00,85.88,86.38,85.72,86.12,100718.988
2026-04-14 09:00:00,86.13,86.26,85.97,86.08,72971.6
2026-04-14 10:00:00,86.08,86.56,86.0,86.01,105853.747
2026-04-14 11:00:00,86.01,86.11,85.6,85.78,174896.812
2026-04-14 12:00:00,85.78,86.0,85.6,85.96,96400.846
2026-04-14 13:00:00,85.96,87.41,85.92,87.29,300261.898
2026-04-14 14:00:00,87.3,87.67,86.01,86.02,365845.854
2026-04-14 15:00:00,86.02,86.32,85.25,85.95,229750.816
2026-04-14 16:00:00,85.95,86.17,84.77,85.04,190450.408
2026-04-14 17:00:00,85.04,85.45,84.7,85.24,98970.165
2026-04-14 18:00:00,85.25,85.42,83.89,84.08,133156.722
2026-04-14 19:00:00,84.08,84.32,83.71,83.95,148166.867
2026-04-14 20:00:00,83.94,84.14,83.41,83.61,125333.732
2026-04-14 21:00:00,83.61,83.95,83.54,83.82,75895.949
2026-04-14 22:00:00,83.81,83.94,83.3,83.51,159541.969
2026-04-14 23:00:00,83.51,84.06,83.46,83.72,112006.345
2026-04-15 00:00:00,83.72,84.06,83.53,83.78,191698.643
2026-04-15 01:00:00,83.78,84.03,83.55,83.91,132604.639
2026-04-15 02:00:00,83.92,84.02,83.13,83.4,129297.803
2026-04-15 03:00:00,83.4,83.52,83.29,83.45,39882.139
2026-04-15 04:00:00,83.45,83.66,83.32,83.61,53482.98
2026-04-15 05:00:00,83.6,83.79,82.95,83.14,129880.496
2026-04-15 06:00:00,83.13,83.14,82.86,83.01,66020.402
2026-04-15 07:00:00,83.01,83.22,82.65,82.92,114464.794
2026-04-15 08:00:00,82.92,83.29,82.71,83.14,81498.952
2026-04-15 09:00:00,83.14,83.24,82.87,83.16,73375.286
2026-04-15 10:00:00,83.16,83.66,82.9,83.15,93362.487
2026-04-15 11:00:00,83.16,83.68,83.06,83.61,98363.239
2026-04-15 12:00:00,83.6,83.89,83.38,83.72,100348.268
2026-04-15 13:00:00,83.71,83.81,83.21,83.63,120686.845
2026-04-15 14:00:00,83.63,84.49,83.41,84.3,157451.702
2026-04-15 15:00:00,84.31,84.47,83.5,84.0,141872.258
2026-04-15 16:00:00,84.0,84.7,83.9,84.54,128392.206
2026-04-15 17:00:00,84.54,85.14,84.44,84.69,129574.96
2026-04-15 18:00:00,84.7,85.06,84.59,85.03,78508.136
2026-04-15 19:00:00,85.03,85.83,84.93,85.51,151069.121
2026-04-15 20:00:00,85.51,85.56,84.63,84.79,135827.107
2026-04-15 21:00:00,84.79,84.89,84.18,84.78,92419.998
2026-04-15 22:00:00,84.78,85.59,84.73,85.02,93709.131
2026-04-15 23:00:00,85.02,85.03,84.62,84.9,68657.001
2026-04-16 00:00:00,84.9,85.06,84.48,84.92,60078.792
2026-04-16 01:00:00,84.93,84.93,84.45,84.85,48658.324
2026-04-16 02:00:00,84.84,85.58,84.71,85.1,87837.026
2026-04-16 03:00:00,85.1,85.5,85.08,85.28,73354.387
2026-04-16 04:00:00,85.29,85.56,84.99,85.24,61129.352
2026-04-16 05:00:00,85.23,85.52,85.06,85.4,46915.043
2026-04-16 06:00:00,85.41,85.54,85.18,85.47,41697.542
2026-04-16 07:00:00,85.48,85.71,85.11,85.21,92560.619
2026-04-16 08:00:00,85.21,85.31,84.9,85.03,101991.841
2026-04-16 09:00:00,85.04,85.51,84.96,85.2,112014.378
2026-04-16 10:00:00,85.2,85.25,84.64,85.04,98249.506
2026-04-16 11:00:00,85.04,85.17,84.94,85.07,45443.987
2026-04-16 12:00:00,85.07,85.5,85.06,85.38,56250.489
2026-04-16 13:00:00,85.38,86.28,83.8,84.79,288961.169
2026-04-16 14:00:00,84.79,85.7,84.06,85.39,274478.216
2026-04-16 15:00:00,85.39,87.13,85.29,86.62,437622.235
2026-04-16 16:00:00,86.62,87.09,85.63,85.94,202425.784
2026-04-16 17:00:00,85.93,86.78,85.69,86.64,161999.536
2026-04-16 18:00:00,86.65,89.09,86.5,89.01,631298.726
2026-04-16 19:00:00,89.01,90.16,88.66,90.1,365517.148
2026-04-16 20:00:00,90.1,90.53,89.24,89.59,267119.39
2026-04-16 21:00:00,89.59,89.77,88.72,88.93,165612.123
2026-04-16 22:00:00,88.94,89.46,88.87,89.0,130240.874
2026-04-16 23:00:00,88.99,89.22,88.81,89.05,88834.854
2026-04-17 00:00:00,89.06,89.19,88.58,88.82,85258.251
2026-04-17 01:00:00,88.81,89.01,87.91,88.24,112178.836
2026-04-17 02:00:00,88.24,88.36,87.55,87.86,107658.676
2026-04-17 03:00:00,87.87,87.97,87.48,87.72,61419.594
2026-04-17 04:00:00,87.73,88.28,87.69,88.0,69680.33
2026-04-17 05:00:00,88.01,88.01,87.41,87.41,111655.176
2026-04-17 06:00:00,87.41,88.1,87.36,88.0,50926.291
2026-04-17 07:00:00,88.01,88.47,87.96,88.12,118752.079
2026-04-17 08:00:00,88.13,89.08,88.11,88.93,175046.303
2026-04-17 09:00:00,88.94,89.53,88.3,88.72,170811.533
2026-04-17 10:00:00,88.71,88.74,87.34,87.67,225418.915
2026-04-17 11:00:00,87.67,88.33,87.62,88.21,80354.03
2026-04-17 12:00:00,88.22,88.92,87.91,88.89,153748.485
2026-04-17 13:00:00,88.89,90.51,88.57,90.12,1359556.702
2026-04-17 14:00:00,90.13,90.73,89.63,90.03,343923.808
2026-04-17 15:00:00,90.03,90.19,89.49,89.95,232735.556
2026-04-17 16:00:00,89.95,90.59,89.89,90.42,159251.06
2026-04-17 17:00:00,90.43,90.43,89.08,89.74,152668.559
2026-04-17 18:00:00,89.74,89.83,88.88,89.17,112300.511
2026-04-17 19:00:00,89.17,89.51,88.92,89.23,65089.358
2026-04-17 20:00:00,89.24,89.37,88.51,89.0,93772.743
2026-04-17 21:00:00,89.0,89.27,88.8,89.13,60853.085
2026-04-17 22:00:00,89.12,89.47,88.94,89.22,58243.112
2026-04-17 23:00:00,89.22,89.22,88.5,88.76,75905.395
2026-04-18 00:00:00,88.77,89.14,88.66,88.96,48970.671
2026-04-18 01:00:00,88.97,89.16,88.69,88.86,44592.735
2026-04-18 02:00:00,88.86,89.1,88.67,88.94,32482.357
2026-04-18 03:00:00,88.93,88.93,88.23,88.33,71580.668
2026-04-18 04:00:00,88.34,88.55,88.24,88.36,72227.132
2026-04-18 05:00:00,88.35,88.64,88.16,88.4,127683.444
2026-04-18 06:00:00,88.4,88.62,88.3,88.5,56816.064
2026-04-18 07:00:00,88.51,88.55,88.3,88.45,50042.388
2026-04-18 08:00:00,88.45,88.5,87.1,87.56,232918.0
2026-04-18 09:00:00,87.55,87.68,87.14,87.62,98947.072
2026-04-18 10:00:00,87.62,87.63,86.77,86.97,151899.767
2026-04-18 11:00:00,86.96,86.97,86.28,86.53,146972.063
2026-04-18 12:00:00,86.54,86.96,86.51,86.91,98586.978
2026-04-18 13:00:00,86.9,86.98,86.41,86.74,80883.184
2026-04-18 14:00:00,86.73,86.86,86.43,86.82,57419.544
2026-04-18 15:00:00,86.83,86.96,86.57,86.75,59070.871
2026-04-18 16:00:00,86.75,86.98,86.43,86.7,74388.825
2026-04-18 17:00:00,86.69,86.84,86.5,86.74,38873.484
2026-04-18 18:00:00,86.74,86.75,85.78,85.95,121979.48
2026-04-18 19:00:00,85.95,86.29,85.93,86.13,43439.191
2026-04-18 20:00:00,86.12,86.3,86.0,86.18,35078.483
2026-04-18 21:00:00,86.18,86.27,86.03,86.23,34183.22
2026-04-18 22:00:00,86.23,86.36,85.92,86.3,75875.502
2026-04-18 23:00:00,86.29,86.46,86.13,86.16,38279.42
2026-04-19 00:00:00,86.15,86.38,85.86,86.01,57223.942
2026-04-19 01:00:00,86.02,86.23,85.6,85.76,48997.978
2026-04-19 02:00:00,85.76,85.86,85.24,85.53,83467.12
2026-04-19 03:00:00,85.53,85.79,85.3,85.6,41129.482
2026-04-19 04:00:00,85.6,85.96,85.14,85.58,82555.978
2026-04-19 05:00:00,85.57,85.8,85.4,85.48,66328.951
2026-04-19 06:00:00,85.49,85.66,85.14,85.45,83883.28
2026-04-19 07:00:00,85.45,85.45,84.43,84.88,197613.905
2026-04-19 08:00:00,84.88,85.14,84.62,84.8,119645.852
2026-04-19 09:00:00,84.8,85.08,84.57,84.59,132055.579
2026-04-19 10:00:00,84.59,84.9,84.44,84.79,62625.263
2026-04-19 11:00:00,84.79,85.71,84.76,85.6,141872.079
2026-04-19 12:00:00,85.61,85.96,85.55,85.79,96077.579
2026-04-19 13:00:00,85.79,86.96,85.76,86.33,152065.711
2026-04-19 14:00:00,86.34,87.12,85.98,86.53,164411.61
2026-04-19 15:00:00,86.53,86.67,85.59,86.36,140416.061
2026-04-19 16:00:00,86.35,86.5,85.72,85.86,73020.466
2026-04-19 17:00:00,85.85,85.99,85.0,85.13,120654.588
2026-04-19 18:00:00,85.14,85.3,84.88,85.11,92210.061
2026-04-19 19:00:00,85.1,85.55,85.1,85.33,63856.716
2026-04-19 20:00:00,85.33,85.35,84.72,84.94,98797.167
2026-04-19 21:00:00,84.95,85.24,84.61,84.7,50887.136
2026-04-19 22:00:00,84.69,84.69,82.94,83.77,315408.322
2026-04-19 23:00:00,83.76,83.77,83.32,83.47,109644.239
2026-04-20 00:00:00,83.47,84.19,83.34,84.0,141045.714
2026-04-20 01:00:00,84.0,84.56,83.96,84.35,86913.604
2026-04-20 02:00:00,84.36,84.39,83.72,84.21,62274.31
2026-04-20 03:00:00,84.21,84.62,84.13,84.59,38416.721
2026-04-20 04:00:00,84.59,84.62,84.26,84.58,45116.899
2026-04-20 05:00:00,84.58,84.59,83.75,83.87,80771.681
2026-04-20 06:00:00,83.88,84.75,83.78,84.46,87312.487
2026-04-20 07:00:00,84.47,85.76,84.44,84.73,172846.754
2026-04-20 08:00:00,84.74,85.14,84.57,84.69,84844.806
2026-04-20 09:00:00,84.68,85.26,84.64,85.08,68420.163
2026-04-20 10:00:00,85.08,85.4,84.82,84.86,71989.163
2026-04-20 11:00:00,84.85,85.37,84.78,85.07,79807.506
2026-04-20 12:00:00,85.06,85.54,84.85,85.32,94827.027
2026-04-20 13:00:00,85.32,85.54,84.87,85.31,126381.106
2026-04-20 14:00:00,85.31,85.81,84.54,84.8,211847.287
2026-04-20 15:00:00,84.8,85.88,84.42,85.86,191197.267
2026-04-20 16:00:00,85.86,85.88,85.26,85.31,71216.643
2026-04-20 17:00:00,85.31,86.12,85.25,85.69,78669.488
2026-04-20 18:00:00,85.7,86.22,85.7,86.07,170230.155
2026-04-20 19:00:00,86.07,86.11,85.77,85.8,54551.552
2026-04-20 20:00:00,85.8,86.17,85.66,85.95,84584.866
2026-04-20 21:00:00,85.95,86.21,85.58,85.79,58847.703
2026-04-20 22:00:00,85.8,86.07,85.6,85.7,46906.985
2026-04-20 23:00:00,85.71,85.71,85.21,85.28,91326.863
2026-04-21 00:00:00,85.29,85.77,85.22,85.66,60105.1
2026-04-21 01:00:00,85.66,85.83,85.35,85.43,34346.207
2026-04-21 02:00:00,85.44,85.46,85.17,85.27,53373.23
2026-04-21 03:00:00,85.26,85.55,85.0,85.17,108159.268
2026-04-21 04:00:00,85.17,85.47,85.02,85.44,69685.661
2026-04-21 05:00:00,85.43,85.83,85.41,85.67,100744.595
2026-04-21 06:00:00,85.68,85.95,85.19,85.67,82830.908
2026-04-21 07:00:00,85.68,85.98,85.41,85.71,65624.687
2026-04-21 08:00:00,85.71,86.38,85.63,85.81,91833.757
2026-04-21 09:00:00,85.8,85.91,85.52,85.89,48774.102
2026-04-21 10:00:00,85.89,86.32,85.84,86.16,55031.485
2026-04-21 11:00:00,86.16,86.17,85.72,85.85,61157.727
2026-04-21 12:00:00,85.85,86.04,85.17,85.52,100889.045
2026-04-21 13:00:00,85.51,85.85,85.3,85.81,74144.263
2026-04-21 14:00:00,85.82,86.89,85.61,85.76,173602.333
2026-04-21 15:00:00,85.77,86.28,85.4,86.05,100946.108
2026-04-21 16:00:00,86.05,86.3,85.66,85.69,98335.232
2026-04-21 17:00:00,85.7,85.8,84.73,85.31,152884.363
2026-04-21 18:00:00,85.32,85.39,84.73,85.25,89556.45
2026-04-21 19:00:00,85.24,85.72,84.31,84.57,100723.14
2026-04-21 20:00:00,84.57,85.75,84.43,85.42,177588.999
2026-04-21 21:00:00,85.42,85.59,85.01,85.16,57815.667
2026-04-21 22:00:00,85.15,85.45,84.99,85.36,60127.15
2026-04-21 23:00:00,85.35,86.13,85.34,86.03,93307.792
2026-04-22 00:00:00,86.04,86.51,86.01,86.48,127542.216
2026-04-22 01:00:00,86.49,86.53,86.09,86.27,72415.9
2026-04-22 02:00:00,86.27,87.57,86.2,87.42,253231.316
2026-04-22 03:00:00,87.42,87.87,87.12,87.24,131610.959
2026-04-22 04:00:00,87.25,87.33,86.97,87.08,58817.761
2026-04-22 05:00:00,87.08,88.33,87.01,88.02,276098.053
2026-04-22 06:00:00,88.02,88.19,87.79,87.96,142534.286
2026-04-22 07:00:00,87.96,88.27,87.7,88.05,138120.081
2026-04-22 08:00:00,88.06,88.29,87.6,88.01,129429.894
2026-04-22 09:00:00,88.0,88.88,87.83,88.3,167123.192
2026-04-22 10:00:00,88.3,88.43,88.13,88.33,59553.373
2026-04-22 11:00:00,88.34,88.5,88.16,88.31,52236.225
2026-04-22 12:00:00,88.31,88.67,88.22,88.58,128408.464
2026-04-22 13:00:00,88.58,89.18,88.44,89.1,226273.151
2026-04-22 14:00:00,89.1,89.32,88.47,88.75,254829.985
2026-04-22 15:00:00,88.74,88.81,87.99,88.18,220060.944
2026-04-22 16:00:00,88.19,88.46,87.53,87.65,177009.728
2026-04-22 17:00:00,87.65,88.02,87.63,87.83,102242.707
2026-04-22 18:00:00,87.83,88.37,87.8,87.81,78895.429
2026-04-22 19:00:00,87.82,87.83,87.09,87.37,142486.93
2026-04-22 20:00:00,87.38,87.49,87.09,87.14,51156.841
2026-04-22 21:00:00,87.14,87.67,87.12,87.6,38391.914
2026-04-22 22:00:00,87.59,87.72,87.3,87.43,42600.277
2026-04-22 23:00:00,87.43,87.47,86.81,86.87,83802.209
2026-04-23 00:00:00,86.86,87.18,85.97,86.86,172699.667
2026-04-23 01:00:00,86.87,86.87,86.12,86.44,91214.741
2026-04-23 02:00:00,86.43,86.44,85.73,85.95,106182.202
2026-04-23 03:00:00,85.94,86.09,85.48,85.79,73218.061
2026-04-23 04:00:00,85.78,86.0,85.65,85.96,64355.955
2026-04-23 05:00:00,85.96,86.13,85.51,85.87,98369.178
2026-04-23 06:00:00,85.87,86.23,85.84,86.18,74788.939
2026-04-23 07:00:00,86.19,86.24,85.86,85.9,70942.293
2026-04-23 08:00:00,85.91,85.94,85.54,85.69,95461.864
2026-04-23 09:00:00,85.68,85.69,85.25,85.51,75732.373
2026-04-23 10:00:00,85.51,85.6,85.2,85.41,73948.867
2026-04-23 11:00:00,85.42,85.9,85.36,85.81,84102.281
2026-04-23 12:00:00,85.82,86.1,85.69,85.97,80870.776
2026-04-23 13:00:00,85.97,86.04,85.57,85.77,122926.006
2026-04-23 14:00:00,85.76,86.19,85.55,86.06,115785.777
2026-04-23 15:00:00,86.05,86.66,85.81,86.35,268215.498
2026-04-23 16:00:00,86.36,86.42,85.78,85.81,162577.292
2026-04-23 17:00:00,85.82,85.88,84.48,85.34,382435.06
2026-04-23 18:00:00,85.35,85.68,85.23,85.26,158433.075
2026-04-23 19:00:00,85.26,85.58,85.15,85.3,188600.339
2026-04-23 20:00:00,85.3,85.85,85.29,85.61,106937.598
2026-04-23 21:00:00,85.61,86.01,85.52,85.79,63174.881
2026-04-23 22:00:00,85.8,86.25,85.8,85.97,100121.322
2026-04-23 23:00:00,85.96,86.2,85.58,86.12,63569.194
2026-04-24 00:00:00,86.12,86.36,86.04,86.19,58919.73
2026-04-24 01:00:00,86.19,86.32,85.82,86.28,43107.554
2026-04-24 02:00:00,86.28,86.36,85.78,85.89,30027.976
2026-04-24 03:00:00,85.89,85.94,85.4,85.69,92613.027
2026-04-24 04:00:00,85.69,85.71,85.14,85.32,53578.907
2026-04-24 05:00:00,85.31,85.82,85.15,85.7,102036.139
2026-04-24 06:00:00,85.7,85.73,85.33,85.44,43334.762
2026-04-24 07:00:00,85.44,85.62,85.34,85.51,88411.579
2026-04-24 08:00:00,85.5,85.73,85.29,85.34,84858.035
2026-04-24 09:00:00,85.35,85.48,84.92,85.48,91687.327
2026-04-24 10:00:00,85.47,85.76,85.18,85.71,71177.265
2026-04-24 11:00:00,85.72,86.28,85.71,86.19,153894.168
2026-04-24 12:00:00,86.2,86.79,86.06,86.33,163867.002
2026-04-24 13:00:00,86.34,86.6,85.86,86.09,109644.856
2026-04-24 14:00:00,86.08,86.23,85.67,86.05,89286.631
2026-04-24 15:00:00,86.05,86.56,85.53,86.52,106778.777
2026-04-24 16:00:00,86.52,86.58,86.09,86.35,74474.282
2026-04-24 17:00:00,86.34,86.56,86.12,86.49,55769.856
2026-04-24 18:00:00,86.49,86.54,85.95,86.36,36132.27
2026-04-24 19:00:00,86.37,86.53,86.25,86.33,43896.721
2026-04-24 20:00:00,86.32,86.9,86.22,86.85,104016.015
2026-04-24 21:00:00,86.85,86.94,86.36,86.46,54955.947
2026-04-24 22:00:00,86.45,86.46,86.1,86.17,43500.124
2026-04-24 23:00:00,86.18,86.3,86.15,86.18,22605.713
2026-04-25 00:00:00,86.18,86.26,86.03,86.23,28986.536
2026-04-25 01:00:00,86.23,86.36,86.13,86.27,24186.905
2026-04-25 02:00:00,86.28,86.4,86.16,86.29,22169.588
2026-04-25 03:00:00,86.28,86.5,86.27,86.46,21495.799
2026-04-25 04:00:00,86.46,86.51,86.29,86.34,20095.541
2026-04-25 05:00:00,86.34,86.34,86.11,86.2,38638.35
2026-04-25 06:00:00,86.2,86.66,86.19,86.45,42154.635
2026-04-25 07:00:00,86.45,86.51,86.25,86.36,58814.025
2026-04-25 08:00:00,86.36,86.8,86.3,86.63,74414.269
2026-04-25 09:00:00,86.62,86.8,86.57,86.58,35097.574
2026-04-25 10:00:00,86.58,86.73,86.57,86.63,23513.249
2026-04-25 11:00:00,86.63,86.64,86.25,86.36,47570.775
2026-04-25 12:00:00,86.36,86.43,86.23,86.39,35887.945
2026-04-25 13:00:00,86.39,86.67,86.38,86.61,33820.926
2026-04-25 14:00:00,86.61,86.66,86.46,86.47,30516.351
2026-04-25 15:00:00,86.46,86.64,86.1,86.22,34293.686
2026-04-25 16:00:00,86.22,86.33,85.61,85.88,90095.578
2026-04-25 17:00:00,85.88,85.88,85.55,85.57,65893.504
2026-04-25 18:00:00,85.56,85.82,85.53,85.7,132658.504
2026-04-25 19:00:00,85.69,85.72,85.55,85.68,47083.529
2026-04-25 20:00:00,85.68,85.92,85.61,85.9,19049.104
2026-04-25 21:00:00,85.9,86.11,85.74,85.91,60195.901
2026-04-25 22:00:00,85.91,86.18,85.86,86.11,26636.799
2026-04-25 23:00:00,86.11,86.2,86.04,86.18,20663.363
2026-04-26 00:00:00,86.19,86.22,85.93,86.03,21382.919
2026-04-26 01:00:00,86.03,86.13,85.97,85.97,20257.17
2026-04-26 02:00:00,85.97,86.4,85.97,86.4,41425.667
2026-04-26 03:00:00,86.4,86.46,85.84,85.99,79527.902
2026-04-26 04:00:00,85.99,86.73,85.92,86.45,94667.561
2026-04-26 05:00:00,86.44,86.7,86.15,86.45,142921.579
2026-04-26 06:00:00,86.44,86.59,86.38,86.5,22622.752
2026-04-26 07:00:00,86.5,86.63,86.44,86.62,22892.858
2026-04-26 08:00:00,86.63,86.76,86.51,86.57,37931.668
2026-04-26 09:00:00,86.57,86.59,86.46,86.55,21834.957
2026-04-26 10:00:00,86.54,86.61,86.42,86.48,33217.87
2026-04-26 11:00:00,86.47,86.64,86.46,86.48,29754.692
2026-04-26 12:00:00,86.49,86.49,85.9,86.09,109065.477
2026-04-26 13:00:00,86.09,86.27,85.97,86.12,97003.615
2026-04-26 14:00:00,86.12,86.5,86.06,86.42,59997.046
2026-04-26 15:00:00,86.42,86.59,86.36,86.56,58213.931
2026-04-26 16:00:00,86.55,86.6,86.38,86.41,36339.705
2026-04-26 17:00:00,86.42,86.59,86.27,86.53,22387.757
2026-04-26 18:00:00,86.53,86.99,86.43,86.82,82390.927
2026-04-26 19:00:00,86.82,87.2,86.68,86.88,64929.569
2026-04-26 20:00:00,86.89,86.94,86.6,86.68,39823.078
2026-04-26 21:00:00,86.69,87.14,86.19,86.83,149837.103
2026-04-26 22:00:00,86.82,87.32,86.33,86.73,105092.204
2026-04-26 23:00:00,86.73,87.17,86.53,86.93,59983.445
2026-04-27 00:00:00,86.93,87.4,86.53,87.35,449528.698
2026-04-27 01:00:00,87.34,87.87,87.25,87.82,173120.482
2026-04-27 02:00:00,87.82,88.08,87.36,87.81,107886.372
2026-04-27 03:00:00,87.81,88.07,87.69,87.72,71272.346
2026-04-27 04:00:00,87.72,87.84,87.41,87.51,50545.411
2026-04-27 05:00:00,87.52,87.54,85.8,85.95,334055.439
2026-04-27 06:00:00,85.95,86.06,85.42,85.72,143088.86
2026-04-27 07:00:00,85.72,85.79,85.26,85.27,131489.492
2026-04-27 08:00:00,85.27,85.53,85.05,85.51,144091.352
2026-04-27 09:00:00,85.51,85.63,85.15,85.49,121837.239
2026-04-27 10:00:00,85.48,85.58,85.15,85.18,137125.637
2026-04-27 11:00:00,85.19,85.28,85.07,85.26,47605.485
2026-04-27 12:00:00,85.26,85.26,84.91,85.09,94824.519
2026-04-27 13:00:00,85.09,85.38,84.72,85.13,107504.866
2026-04-27 14:00:00,85.13,85.83,85.0,85.23,128931.463
2026-04-27 15:00:00,85.23,85.24,83.63,84.17,280239.463
2026-04-27 16:00:00,84.17,84.4,84.04,84.29,87373.324
2026-04-27 17:00:00,84.28,84.69,84.27,84.47,69647.055
2026-04-27 18:00:00,84.47,84.7,84.42,84.57,35052.616
2026-04-27 19:00:00,84.57,84.66,83.83,84.19,103227.317
2026-04-27 20:00:00,84.18,84.35,84.14,84.29,45598.606
2026-04-27 21:00:00,84.28,84.51,84.11,84.27,36976.65
2026-04-27 22:00:00,84.27,84.61,84.19,84.54,43183.23
2026-04-27 23:00:00,84.53,84.9,84.46,84.82,64895.769
2026-04-28 00:00:00,84.82,84.93,84.59,84.83,38462.116
2026-04-28 01:00:00,84.82,84.87,84.39,84.4,33356.184
2026-04-28 02:00:00,84.4,84.64,83.9,84.18,77933.314
2026-04-28 03:00:00,84.17,84.2,84.02,84.17,32325.583
2026-04-28 04:00:00,84.18,84.43,83.79,84.06,309426.202
2026-04-28 05:00:00,84.06,84.43,84.02,84.2,91923.26
2026-04-28 06:00:00,84.21,84.31,83.68,83.95,64058.079
2026-04-28 07:00:00,83.95,84.06,83.65,84.02,62941.48
2026-04-28 08:00:00,84.01,84.19,83.76,83.95,41869.254
2026-04-28 09:00:00,83.95,83.97,83.42,83.64,55070.64
2026-04-28 10:00:00,83.64,83.82,83.63,83.82,27404.109
2026-04-28 11:00:00,83.82,83.85,83.3,83.42,61291.254
2026-04-28 12:00:00,83.42,83.74,83.25,83.69,85949.186
2026-04-28 13:00:00,83.68,84.0,83.2,83.55,86257.387
2026-04-28 14:00:00,83.54,83.54,82.98,83.4,133500.132
2026-04-28 15:00:00,83.41,83.51,83.22,83.46,65377.952
2026-04-28 16:00:00,83.46,83.69,83.32,83.59,57718.7
2026-04-28 17:00:00,83.58,83.81,83.37,83.61,44206.38
2026-04-28 18:00:00,83.61,83.83,83.59,83.81,38978.859
2026-04-28 19:00:00,83.81,84.02,83.7,83.89,34416.77
2026-04-28 20:00:00,83.89,83.99,83.78,83.79,27939.98
2026-04-28 21:00:00,83.78,83.95,83.62,83.73,39232.45
2026-04-28 22:00:00,83.73,83.99,83.58,83.72,67692.395
2026-04-28 23:00:00,83.72,84.15,83.65,84.06,87062.777
2026-04-29 00:00:00,84.06,84.19,83.82,84.07,106617.569
2026-04-29 01:00:00,84.06,84.22,83.81,84.1,33665.298
2026-04-29 02:00:00,84.1,84.22,83.93,84.06,26097.629
2026-04-29 03:00:00,84.05,84.74,84.05,84.59,71307.94
2026-04-29 04:00:00,84.6,85.06,84.45,84.95,79560.488
2026-04-29 05:00:00,84.96,85.0,84.71,84.85,66751.668
2026-04-29 06:00:00,84.84,85.0,84.54,84.63,74304.658
2026-04-29 07:00:00,84.63,84.86,84.6,84.71,55474.771
2026-04-29 08:00:00,84.71,84.75,84.36,84.52,44525.874
2026-04-29 09:00:00,84.51,85.56,83.2,85.29,281886.947
2026-04-29 10:00:00,85.3,85.55,85.13,85.14,123673.971
2026-04-29 11:00:00,85.14,85.16,84.8,84.91,127030.9
2026-04-29 12:00:00,84.91,84.92,83.93,84.24,164587.676
2026-04-29 13:00:00,84.24,84.28,83.65,84.0,109132.317
2026-04-29 14:00:00,84.01,84.05,83.65,83.85,85181.818
2026-04-29 15:00:00,83.85,83.93,83.0,83.26,207594.129
2026-04-29 16:00:00,83.25,83.65,82.97,83.13,110938.654
2026-04-29 17:00:00,83.14,83.37,82.74,83.36,94361.898
2026-04-29 18:00:00,83.36,83.44,81.4,82.3,381086.939
2026-04-29 19:00:00,82.3,82.36,82.0,82.19,98013.991
2026-04-29 20:00:00,82.2,82.81,82.17,82.62,87281.454
2026-04-29 21:00:00,82.62,83.22,82.52,82.91,71149.844
2026-04-29 22:00:00,82.91,83.13,82.81,83.07,38321.764
2026-04-29 23:00:00,83.07,83.11,82.82,83.04,37515.399
2026-04-30 00:00:00,83.05,84.01,83.05,83.81,135602.644
2026-04-30 01:00:00,83.8,84.0,83.66,83.75,60974.874
2026-04-30 02:00:00,83.75,83.96,82.7,82.98,87928.988
2026-04-30 03:00:00,82.98,83.24,82.86,83.06,34343.423
2026-04-30 04:00:00,83.06,83.09,82.37,82.39,65352.698
2026-04-30 05:00:00,82.4,82.79,82.16,82.57,55332.06
2026-04-30 06:00:00,82.57,83.05,82.53,82.94,41984.122
2026-04-30 07:00:00,82.95,83.39,82.9,83.35,95647.335
2026-04-30 08:00:00,83.35,83.43,83.12,83.13,69631.313
2026-04-30 09:00:00,83.12,83.55,83.06,83.15,41720.703
2026-04-30 10:00:00,83.14,83.22,82.92,83.0,39540.488
2026-04-30 11:00:00,83.01,83.39,82.79,83.01,60285.662
2026-04-30 12:00:00,83.01,83.48,82.99,83.22,51331.05
2026-04-30 13:00:00,83.22,83.56,82.88,83.21,61084.358
2026-04-30 14:00:00,83.22,83.42,82.69,83.23,88355.98
2026-04-30 15:00:00,83.23,83.83,83.03,83.36,87142.858
2026-04-30 16:00:00,83.36,83.43,82.94,83.02,36573.768
2026-04-30 17:00:00,83.02,83.14,82.87,83.04,56559.868
2026-04-30 18:00:00,83.03,83.31,82.98,83.07,33383.341
2026-04-30 19:00:00,83.06,83.29,83.0,83.04,45383.691
2026-04-30 20:00:00,83.04,83.19,82.97,83.09,38846.046
2026-04-30 21:00:00,83.1,83.14,82.83,82.85,31868.216
2026-04-30 22:00:00,82.86,83.04,82.78,82.85,32161.667
2026-04-30 23:00:00,82.85,83.09,82.85,83.09,21556.458
2026-05-01 00:00:00,83.09,83.41,83.08,83.2,51546.849
2026-05-01 01:00:00,83.2,83.69,83.19,83.61,59634.38
2026-05-01 02:00:00,83.62,83.84,83.45,83.63,64650.931
2026-05-01 03:00:00,83.62,84.38,83.56,83.89,87729.797
2026-05-01 04:00:00,83.9,84.06,83.69,83.82,47884.731
2026-05-01 05:00:00,83.81,84.23,83.74,84.05,78248.94
2026-05-01 06:00:00,84.06,84.18,83.69,83.85,40771.811
2026-05-01 07:00:00,83.86,83.97,83.67,83.96,122847.45
2026-05-01 08:00:00,83.96,84.3,83.9,84.18,54059.797
2026-05-01 09:00:00,84.18,84.19,83.89,83.97,63899.282
2026-05-01 10:00:00,83.96,84.08,83.69,83.95,60312.684
2026-05-01 11:00:00,83.96,84.22,83.87,84.01,36212.26
2026-05-01 12:00:00,84.01,84.59,83.92,84.27,116975.373
2026-05-01 13:00:00,84.27,84.86,84.24,84.6,145848.957
2026-05-01 14:00:00,84.61,84.73,83.89,84.22,138280.496
2026-05-01 15:00:00,84.21,84.62,84.01,84.47,116591.916
2026-05-01 16:00:00,84.46,84.63,83.98,83.99,115466.218
2026-05-01 17:00:00,83.99,84.28,83.92,84.23,49346.915
2026-05-01 18:00:00,84.23,84.31,83.98,83.99,40359.454
2026-05-01 19:00:00,83.99,84.07,83.79,83.9,60624.482
2026-05-01 20:00:00,83.9,83.93,83.33,83.49,92171.086
2026-05-01 21:00:00,83.48,83.8,83.41,83.72,46962.007
2026-05-01 22:00:00,83.72,83.89,83.57,83.75,32960.377
2026-05-01 23:00:00,83.74,83.9,83.56,83.76,74681.766
2026-05-02 00:00:00,83.76,83.87,83.44,83.82,61212.615
2026-05-02 01:00:00,83.83,84.05,83.77,84.03,25991.794
2026-05-02 02:00:00,84.04,84.18,83.86,83.95,49527.08
2026-05-02 03:00:00,83.94,83.98,83.7,83.82,29877.082
2026-05-02 04:00:00,83.82,83.83,83.56,83.64,37522.792
2026-05-02 05:00:00,83.64,83.75,83.54,83.7,25771.131
2026-05-02 06:00:00,83.71,83.85,83.58,83.82,21004.553
2026-05-02 07:00:00,83.83,83.86,83.72,83.74,26716.019
2026-05-02 08:00:00,83.73,83.89,83.64,83.85,29367.366
2026-05-02 09:00:00,83.85,84.17,83.83,84.0,70287.552
2026-05-02 10:00:00,84.01,84.01,83.87,83.95,21697.186
2026-05-02 11:00:00,83.94,83.94,83.52,83.7,44369.801
2026-05-02 12:00:00,83.7,84.11,83.67,83.86,87564.944
2026-05-02 13:00:00,83.87,84.08,83.86,83.94,40917.139
2026-05-02 14:00:00,83.95,84.1,83.91,83.98,33210.793
2026-05-02 15:00:00,83.98,84.07,83.93,84.04,21754.158
2026-05-02 16:00:00,84.04,84.28,84.02,84.2,50881.054
2026-05-02 17:00:00,84.2,84.21,84.0,84.05,23075.26
2026-05-02 18:00:00,84.04,84.22,83.95,84.19,37581.454
2026-05-02 19:00:00,84.2,84.31,84.17,84.22,18693.443
2026-05-02 20:00:00,84.23,84.23,84.09,84.18,20752.4
2026-05-02 21:00:00,84.19,84.97,84.15,84.55,103689.076
2026-05-02 22:00:00,84.55,84.64,84.07,84.46,67579.887
2026-05-02 23:00:00,84.45,84.51,84.22,84.26,78714.92
2026-05-03 00:00:00,84.26,84.31,83.83,84.08,101338.345
2026-05-03 01:00:00,84.08,84.08,83.72,83.75,58510.077
2026-05-03 02:00:00,83.74,83.81,83.6,83.66,52438.389
2026-05-03 03:00:00,83.66,83.74,83.58,83.67,34615.225
2026-05-03 04:00:00,83.66,83.76,83.58,83.7,32617.709
2026-05-03 05:00:00,83.7,83.86,83.67,83.76,21761.705
2026-05-03 06:00:00,83.75,83.88,83.6,83.76,18777.997
2026-05-03 07:00:00,83.76,84.02,83.75,83.88,64858.189
2026-05-03 08:00:00,83.88,84.03,83.83,83.9,22629.474
2026-05-03 09:00:00,83.89,84.11,83.88,84.06,41813.889
2026-05-03 10:00:00,84.06,84.06,83.82,83.83,29559.325
2026-05-03 11:00:00,83.82,84.2,83.75,83.96,69335.383
2026-05-03 12:00:00,83.96,84.24,83.95,84.11,48345.212
2026-05-03 13:00:00,84.11,84.22,83.99,84.1,31560.695
2026-05-03 14:00:00,84.1,84.45,84.1,84.37,64998.685
2026-05-03 15:00:00,84.37,84.44,84.11,84.16,54564.086
2026-05-03 16:00:00,84.16,84.29,84.01,84.14,31005.07
2026-05-03 17:00:00,84.15,84.33,84.0,84.2,30425.714
2026-05-03 18:00:00,84.2,84.32,84.11,84.26,28205.499
2026-05-03 19:00:00,84.26,84.5,84.24,84.38,30787.892
2026-05-03 20:00:00,84.37,84.73,84.25,84.34,68290.012
2026-05-03 21:00:00,84.34,84.46,83.88,84.14,69229.503
2026-05-03 22:00:00,84.14,84.97,84.14,84.68,158795.948
2026-05-03 23:00:00,84.67,84.79,83.87,83.91,104183.499
2026-05-04 00:00:00,83.91,83.91,83.35,83.78,165599.525
2026-05-04 01:00:00,83.78,84.93,83.43,84.77,191189.929
2026-05-04 02:00:00,84.77,85.67,84.74,85.26,476617.468
2026-05-04 03:00:00,85.26,85.58,85.11,85.41,115290.625
2026-05-04 04:00:00,85.4,85.9,85.38,85.76,160903.883
2026-05-04 05:00:00,85.77,85.8,85.28,85.38,173760.356
2026-05-04 06:00:00,85.39,85.41,84.51,84.88,190382.531
2026-05-04 07:00:00,84.88,85.01,84.68,84.87,46693.478
2026-05-04 08:00:00,84.87,84.91,84.62,84.77,49877.782
2026-05-04 09:00:00,84.77,85.2,84.68,85.03,73486.254
2026-05-04 10:00:00,85.04,85.07,83.23,84.04,445109.106
2026-05-04 11:00:00,84.04,84.15,83.83,83.95,82837.539
2026-05-04 12:00:00,83.96,84.16,83.85,83.9,62536.146
2026-05-04 13:00:00,83.89,84.34,83.59,84.0,109750.127
2026-05-04 14:00:00,84.0,85.32,83.78,84.99,233613.631
2026-05-04 15:00:00,84.99,85.18,83.99,84.47,299820.756
2026-05-04 16:00:00,84.47,84.8,83.98,84.49,139026.599
2026-05-04 17:00:00,84.48,85.19,84.48,84.93,149784.075
2026-05-04 18:00:00,84.94,85.04,84.58,84.74,62608.745
2026-05-04 19:00:00,84.74,84.76,84.36,84.44,43262.994
2026-05-04 20:00:00,84.45,84.47,84.06,84.09,44687.272
2026-05-04 21:00:00,84.09,84.51,84.08,84.43,37653.762
2026-05-04 22:00:00,84.42,84.56,84.18,84.22,69935.771
2026-05-04 23:00:00,84.22,84.23,84.02,84.1,44878.864
2026-05-05 00:00:00,84.11,84.38,84.04,84.33,51790.398
2026-05-05 01:00:00,84.33,84.47,84.14,84.41,49635.65
2026-05-05 02:00:00,84.41,84.8,84.34,84.51,70518.814
2026-05-05 03:00:00,84.51,84.97,84.41,84.78,86025.606
2026-05-05 04:00:00,84.77,84.9,84.59,84.78,102045.589
2026-05-05 05:00:00,84.78,85.12,84.72,84.92,168216.623
2026-05-05 06:00:00,84.93,85.0,84.54,84.98,98845.991
2026-05-05 07:00:00,84.99,85.06,84.78,84.87,96601.692
2026-05-05 08:00:00,84.88,84.91,84.69,84.78,45117.104
2026-05-05 09:00:00,84.79,84.8,84.45,84.53,69999.896
2026-05-05 10:00:00,84.54,84.93,84.43,84.9,58350.434
2026-05-05 11:00:00,84.9,85.01,84.7,84.97,62103.596
2026-05-05 12:00:00,84.97,85.35,84.9,85.31,92374.563
2026-05-05 13:00:00,85.31,86.1,85.31,85.63,352521.907
2026-05-05 14:00:00,85.63,85.75,85.19,85.48,121684.766
2026-05-05 15:00:00,85.47,85.88,85.35,85.5,97097.35
2026-05-05 16:00:00,85.5,85.7,85.0,85.31,122049.347
2026-05-05 17:00:00,85.32,85.53,85.12,85.45,27753.307
2026-05-05 18:00:00,85.46,85.88,85.43,85.87,79396.672
2026-05-05 19:00:00,85.87,86.56,85.8,86.49,187643.313
2026-05-05 20:00:00,86.49,86.9,86.42,86.64,125495.392
2026-05-05 21:00:00,86.65,86.93,86.26,86.72,119579.796
2026-05-05 22:00:00,86.71,86.98,86.2,86.58,132342.519
2026-05-05 23:00:00,86.57,86.67,86.17,86.29,61697.801
2026-05-06 00:00:00,86.29,86.55,86.1,86.38,104611.407
2026-05-06 01:00:00,86.38,87.0,86.31,86.86,75423.278
2026-05-06 02:00:00,86.86,86.93,86.39,86.88,70600.83
2026-05-06 03:00:00,86.89,87.51,86.88,87.33,207414.477
2026-05-06 04:00:00,87.34,87.43,86.67,86.81,97077.211
2026-05-06 05:00:00,86.8,87.46,86.75,87.41,139765.495
2026-05-06 06:00:00,87.4,87.54,87.17,87.49,97202.093
2026-05-06 07:00:00,87.49,87.89,87.46,87.7,95164.615
2026-05-06 08:00:00,87.71,89.22,87.64,89.02,327673.23
2026-05-06 09:00:00,89.02,89.54,88.59,89.48,315441.475
2026-05-06 10:00:00,89.48,89.69,89.21,89.38,200162.046
2026-05-06 11:00:00,89.38,90.03,89.31,89.87,182888.347
2026-05-06 12:00:00,89.87,89.97,89.5,89.66,170431.869
2026-05-06 13:00:00,89.66,89.66,88.07,88.33,368445.253
2026-05-06 14:00:00,88.33,88.85,87.47,88.4,277070.483
2026-05-06 15:00:00,88.4,89.06,88.3,88.97,123948.238
2026-05-06 16:00:00,88.97,89.51,88.59,89.18,132083.21
2026-05-06 17:00:00,89.18,89.44,88.53,88.83,107139.948
2026-05-06 18:00:00,88.83,89.15,88.5,88.99,69118.327
2026-05-06 19:00:00,88.98,89.32,88.9,89.27,57644.028
2026-05-06 20:00:00,89.27,89.62,88.92,89.19,70319.086
2026-05-06 21:00:00,89.19,89.6,89.07,89.47,86317.304
2026-05-06 22:00:00,89.48,89.57,89.01,89.07,49468.004
2026-05-06 23:00:00,89.07,89.18,88.65,89.16,57845.776
2026-05-07 00:00:00,89.16,89.27,88.21,88.32,104627.917
2026-05-07 01:00:00,88.32,88.53,87.9,88.31,88913.852
2026-05-07 02:00:00,88.31,88.37,87.8,88.15,68125.633
2026-05-07 03:00:00,88.14,88.15,87.63,87.75,73538.971
2026-05-07 04:00:00,87.75,88.38,87.69,88.36,68645.444
2026-05-07 05:00:00,88.37,88.91,88.32,88.65,121904.461
2026-05-07 06:00:00,88.66,89.28,88.22,89.27,130700.692
2026-05-07 07:00:00,89.28,90.44,89.14,90.16,257393.823
2026-05-07 08:00:00,90.17,90.27,89.48,89.58,141624.926
2026-05-07 09:00:00,89.59,89.6,89.2,89.46,102478.322
2026-05-07 10:00:00,89.46,89.53,88.76,89.17,113606.736
2026-05-07 11:00:00,89.17,89.69,89.17,89.57,105833.654
2026-05-07 12:00:00,89.56,90.1,89.52,89.77,155489.056
2026-05-07 13:00:00,89.76,89.76,88.38,88.68,276171.168
2026-05-07 14:00:00,88.67,88.91,87.83,88.15,226519.289
2026-05-07 15:00:00,88.15,88.58,87.79,88.32,129699.977
2026-05-07 16:00:00,88.32,88.79,88.08,88.43,148766.934
2026-05-07 17:00:00,88.44,88.86,87.96,88.8,83796.641
2026-05-07 18:00:00,88.8,89.05,88.24,88.58,96654.086
2026-05-07 19:00:00,88.58,88.74,88.22,88.45,59544.974
2026-05-07 20:00:00,88.45,88.88,88.04,88.07,67246.743
2026-05-07 21:00:00,88.07,88.23,87.67,87.97,96637.174
2026-05-07 22:00:00,87.97,88.22,87.68,88.1,142223.352
2026-05-07 23:00:00,88.09,88.48,88.06,88.42,32036.676
2026-05-08 00:00:00,88.43,88.65,88.1,88.27,58894.192
2026-05-08 01:00:00,88.27,88.37,87.92,88.13,41582.039
2026-05-08 02:00:00,88.14,88.35,87.6,88.06,94579.379
2026-05-08 03:00:00,88.06,88.37,87.63,88.22,79053.405
2026-05-08 04:00:00,88.23,88.37,88.01,88.18,51039.65
2026-05-08 05:00:00,88.17,88.42,88.05,88.05,50154.667
2026-05-08 06:00:00,88.05,88.29,87.83,88.05,84278.015
2026-05-08 07:00:00,88.05,88.23,87.65,88.22,154934.557
2026-05-08 08:00:00,88.23,88.63,88.01,88.38,174012.249
2026-05-08 09:00:00,88.38,88.72,88.23,88.44,74514.978
2026-05-08 10:00:00,88.44,89.1,88.28,88.63,95571.514
2026-05-08 11:00:00,88.64,88.74,88.47,88.64,63391.816
2026-05-08 12:00:00,88.64,88.87,88.37,88.46,73483.086
2026-05-08 13:00:00,88.47,88.56,88.01,88.34,89404.778
2026-05-08 14:00:00,88.34,89.38,88.34,89.15,139037.71
2026-05-08 15:00:00,89.16,89.6,88.43,89.59,98944.292
2026-05-08 16:00:00,89.6,89.79,89.34,89.59,95968.23
2026-05-08 17:00:00,89.6,91.95,89.56,91.65,397485.869
2026-05-08 18:00:00,91.66,92.56,91.65,92.32,224383.484
2026-05-08 19:00:00,92.32,92.8,92.04,92.6,169394.778
2026-05-08 20:00:00,92.61,92.67,92.01,92.11,110211.486
2026-05-08 21:00:00,92.12,92.39,91.75,92.3,83725.389
2026-05-08 22:00:00,92.31,92.71,92.25,92.3,70571.616
2026-05-08 23:00:00,92.3,92.3,91.73,92.01,69817.68
2026-05-09 00:00:00,92.02,92.62,91.85,92.48,69972.009
2026-05-09 01:00:00,92.48,93.91,92.42,93.51,317239.389
2026-05-09 02:00:00,93.52,93.8,93.3,93.51,113673.566
2026-05-09 03:00:00,93.51,93.77,93.41,93.64,75542.768
2026-05-09 04:00:00,93.65,94.17,93.12,93.24,150603.327
2026-05-09 05:00:00,93.24,93.78,92.84,93.75,115539.115
2026-05-09 06:00:00,93.75,94.13,93.21,93.54,121346.799
2026-05-09 07:00:00,93.54,94.0,93.34,93.76,108609.121
2026-05-09 08:00:00,93.76,93.95,93.66,93.72,60729.91
2026-05-09 09:00:00,93.71,93.71,93.05,93.29,100947.297
2026-05-09 10:00:00,93.29,93.6,93.09,93.38,62974.354
2026-05-09 11:00:00,93.38,93.69,93.33,93.62,42523.864
2026-05-09 12:00:00,93.61,93.74,93.27,93.45,42377.019
2026-05-09 13:00:00,93.45,93.47,93.01,93.47,54388.128
2026-05-09 14:00:00,93.46,93.47,92.77,92.88,85544.613
2026-05-09 15:00:00,92.88,93.01,92.39,93.01,106211.746
2026-05-09 16:00:00,93.01,93.31,92.69,92.76,108396.571
2026-05-09 17:00:00,92.77,93.48,92.76,93.21,51524.296
2026-05-09 18:00:00,93.21,93.65,93.15,93.37,47121.013
2026-05-09 19:00:00,93.37,93.58,93.22,93.51,27566.931
2026-05-09 20:00:00,93.51,93.51,93.15,93.26,27584.435
2026-05-09 21:00:00,93.25,93.56,93.25,93.49,29250.321
2026-05-09 22:00:00,93.5,93.53,93.22,93.33,28953.096
2026-05-09 23:00:00,93.33,93.49,93.05,93.13,25653.008
2026-05-10 00:00:00,93.12,93.34,92.92,93.03,56620.24
2026-05-10 01:00:00,93.03,93.03,92.6,92.97,50097.764
2026-05-10 02:00:00,92.96,93.11,92.81,93.04,91209.483
2026-05-10 03:00:00,93.05,93.51,92.98,93.42,114076.264
2026-05-10 04:00:00,93.41,93.5,93.24,93.35,47407.397
2026-05-10 05:00:00,93.36,93.5,93.24,93.34,29129.256
2026-05-10 06:00:00,93.34,93.46,93.25,93.41,28480.459
2026-05-10 07:00:00,93.41,93.63,93.37,93.46,43119.115
2026-05-10 08:00:00,93.46,94.09,93.42,94.06,112531.093
2026-05-10 09:00:00,94.06,94.8,94.06,94.3,151172.042
2026-05-10 10:00:00,94.31,94.37,93.59,93.87,111118.1
2026-05-10 11:00:00,93.86,94.02,92.91,93.55,136882.139
2026-05-10 12:00:00,93.56,93.62,93.2,93.32,49753.187
2026-05-10 13:00:00,93.31,93.94,93.24,93.77,82959.77
2026-05-10 14:00:00,93.76,94.13,93.68,93.89,68907.127
2026-05-10 15:00:00,93.89,94.73,93.89,94.53,119230.447
2026-05-10 16:00:00,94.53,94.98,94.18,94.84,124904.232
2026-05-10 17:00:00,94.84,96.5,94.84,96.49,267411.973
2026-05-10 18:00:00,96.49,97.0,96.12,96.44,154698.036
2026-05-10 19:00:00,96.43,96.88,95.75,96.47,108319.488
2026-05-10 20:00:00,96.47,96.6,93.43,94.52,246294.26
2026-05-10 21:00:00,94.51,95.6,94.47,95.08,105506.07
2026-05-10 22:00:00,95.07,96.36,94.89,96.23,117448.138
2026-05-10 23:00:00,96.24,96.86,95.99,96.47,141892.915
2026-05-11 00:00:00,96.46,96.67,95.33,95.79,206743.721
2026-05-11 01:00:00,95.79,96.4,95.32,96.05,151946.806
2026-05-11 02:00:00,96.05,96.14,95.19,95.3,144781.899
2026-05-11 03:00:00,95.3,95.34,94.46,94.76,163954.1
2026-05-11 04:00:00,94.76,95.21,94.43,94.97,66738.2
2026-05-11 05:00:00,94.97,95.88,94.94,95.71,91172.615
2026-05-11 06:00:00,95.71,96.16,95.42,95.49,82022.414
2026-05-11 07:00:00,95.5,95.58,95.17,95.33,77318.179
2026-05-11 08:00:00,95.34,95.37,94.58,94.79,159754.609
2026-05-11 09:00:00,94.78,95.35,94.76,95.3,67519.643
2026-05-11 10:00:00,95.3,95.57,95.05,95.07,79536.026
2026-05-11 11:00:00,95.06,95.49,94.89,95.25,82610.663
2026-05-11 12:00:00,95.26,95.39,94.67,94.81,105823.297
2026-05-11 13:00:00,94.8,95.48,94.56,95.23,162098.562
2026-05-11 14:00:00,95.22,95.87,94.3,95.17,237291.414
2026-05-11 15:00:00,95.18,96.8,94.9,96.8,244438.138
2026-05-11 16:00:00,96.79,98.0,96.5,97.35,322883.753
2026-05-11 17:00:00,97.34,97.97,96.9,97.77,125546.568
2026-05-11 18:00:00,97.77,98.1,97.26,97.29,129225.945
2026-05-11 19:00:00,97.29,98.39,97.01,98.19,116468.545
2026-05-11 20:00:00,98.19,98.41,97.61,97.63,89238.478
2026-05-11 21:00:00,97.64,97.81,97.33,97.41,50776.313
2026-05-11 22:00:00,97.41,97.84,97.36,97.65,38937.034
2026-05-11 23:00:00,97.65,97.65,97.1,97.37,81223.043
2026-05-12 00:00:00,97.37,97.68,97.18,97.54,88583.693
2026-05-12 01:00:00,97.54,97.67,95.54,96.28,247696.104
2026-05-12 02:00:00,96.29,96.72,96.14,96.55,129651.451
2026-05-12 03:00:00,96.55,96.64,96.05,96.14,65094.043
2026-05-12 04:00:00,96.14,96.5,96.07,96.36,46943.555
2026-05-12 05:00:00,96.37,96.77,96.23,96.58,56072.066
2026-05-12 06:00:00,96.58,97.0,96.16,96.21,65063.828
2026-05-12 07:00:00,96.2,96.31,95.82,96.05,90147.906
2026-05-12 08:00:00,96.05,96.15,95.4,95.65,156889.567
2026-05-12 09:00:00,95.65,96.06,95.29,95.78,226069.371
2026-05-12 10:00:00,95.78,95.97,94.94,95.0,132724.234
2026-05-12 11:00:00,95.0,95.05,94.6,94.98,101740.466
2026-05-12 12:00:00,94.97,95.56,94.39,95.22,207135.036
2026-05-12 13:00:00,95.22,95.4,94.55,94.7,145366.437
2026-05-12 14:00:00,94.71,95.24,94.38,94.54,174677.52
2026-05-12 15:00:00,94.55,94.78,93.55,93.85,260980.268
2026-05-12 16:00:00,93.85,94.32,93.6,93.83,172188.7
2026-05-12 17:00:00,93.84,94.68,93.82,94.52,100226.716
2026-05-12 18:00:00,94.51,95.01,94.35,94.56,107060.652
2026-05-12 19:00:00,94.56,95.0,94.56,94.92,73500.816
2026-05-12 20:00:00,94.92,94.98,94.62,94.74,51057.883
2026-05-12 21:00:00,94.75,94.86,94.54,94.67,29436.253
2026-05-12 22:00:00,94.68,95.05,94.64,94.67,29283.975
2026-05-12 23:00:00,94.67,94.75,94.23,94.28,52446.819
2026-05-13 00:00:00,94.28,94.64,94.05,94.48,95898.475
2026-05-13 01:00:00,94.48,95.44,94.48,95.2,126621.348
2026-05-13 02:00:00,95.2,95.57,95.02,95.25,60375.316
2026-05-13 03:00:00,95.24,95.59,95.08,95.56,64600.147
2026-05-13 04:00:00,95.56,95.99,95.43,95.5,109194.512
2026-05-13 05:00:00,95.49,95.51,95.1,95.26,76184.468
2026-05-13 06:00:00,95.26,95.7,95.12,95.14,71587.873
2026-05-13 07:00:00,95.14,95.31,94.88,95.14,50398.863
2026-05-13 08:00:00,95.14,95.77,95.02,95.57,62202.818
2026-05-13 09:00:00,95.57,95.89,95.57,95.73,126947.989
2026-05-13 10:00:00,95.73,95.78,94.74,94.79,97157.99
2026-05-13 11:00:00,94.8,94.83,94.25,94.33,156638.666
2026-05-13 12:00:00,94.33,94.64,92.24,93.16,432095.012
2026-05-13 13:00:00,93.17,93.44,91.95,92.28,259886.257
2026-05-13 14:00:00,92.29,92.33,91.38,91.78,260102.823
2026-05-13 15:00:00,91.77,91.94,90.27,90.43,283600.68
2026-05-13 16:00:00,90.43,91.26,90.41,90.87,205102.942
2026-05-13 17:00:00,90.87,91.16,90.71,90.89,190661.963
2026-05-13 18:00:00,90.9,91.41,90.77,90.93,109640.793
2026-05-13 19:00:00,90.93,91.02,90.49,90.96,81661.469
2026-05-13 20:00:00,90.95,91.35,90.93,91.24,73017.48
2026-05-13 21:00:00,91.25,91.27,90.73,90.89,72808.769
2026-05-13 22:00:00,90.9,91.25,90.64,91.18,64516.576
2026-05-13 23:00:00,91.17,91.33,91.06,91.17,61668.573
2026-05-14 00:00:00,91.17,91.42,91.07,91.21,90373.867
2026-05-14 01:00:00,91.21,91.37,91.0,91.16,58579.846
2026-05-14 02:00:00,91.16,91.26,90.46,90.58,62938.656
2026-05-14 03:00:00,90.58,90.78,89.82,89.93,210116.534
2026-05-14 04:00:00,89.93,90.62,89.86,90.48,68374.598
2026-05-14 05:00:00,90.48,91.47,90.4,91.29,84887.961
2026-05-14 06:00:00,91.29,91.47,91.16,91.41,72664.345
2026-05-14 07:00:00,91.42,92.02,90.69,90.88,211500.959
2026-05-14 08:00:00,90.88,91.3,90.67,91.06,96681.757
2026-05-14 09:00:00,91.07,91.15,90.59,90.86,47510.811
2026-05-14 10:00:00,90.86,91.14,90.66,91.05,49418.133
2026-05-14 11:00:00,91.05,91.1,90.62,90.64,48079.28
2026-05-14 12:00:00,90.64,91.29,90.54,91.22,73211.47
2026-05-14 13:00:00,91.22,91.5,90.74,90.78,141841.955
2026-05-14 14:00:00,90.78,92.35,90.63,92.28,242705.269
2026-05-14 15:00:00,92.29,93.25,91.96,93.16,244882.564
2026-05-14 16:00:00,93.16,93.68,92.34,93.33,237010.993
2026-05-14 17:00:00,93.32,93.59,92.29,93.02,229281.376
2026-05-14 18:00:00,93.01,93.64,92.7,93.43,118079.556
2026-05-14 19:00:00,93.44,93.64,92.8,92.9,98319.965
2026-05-14 20:00:00,92.91,93.0,92.37,92.73,67708.851
2026-05-14 21:00:00,92.73,92.95,92.54,92.7,40972.21
2026-05-14 22:00:00,92.71,92.92,92.57,92.66,47111.979
2026-05-14 23:00:00,92.65,92.67,92.11,92.15,66872.873
2026-05-15 00:00:00,92.16,92.66,92.1,92.43,85253.343
2026-05-15 01:00:00,92.43,92.55,91.69,91.74,86912.919
2026-05-15 02:00:00,91.75,92.44,91.47,92.36,220224.853
2026-05-15 03:00:00,92.36,92.47,91.88,92.06,54006.323
2026-05-15 04:00:00,92.05,92.05,91.27,91.28,58584.874
2026-05-15 05:00:00,91.29,91.54,90.26,90.6,232389.648
2026-05-15 06:00:00,90.6,91.08,90.47,91.02,91725.431
2026-05-15 07:00:00,91.02,91.72,90.94,91.6,136908.567
2026-05-15 08:00:00,91.61,91.65,90.94,91.27,130850.788
2026-05-15 09:00:00,91.27,91.33,90.92,91.17,116923.636
2026-05-15 10:00:00,91.17,91.57,91.01,91.47,60278.857
2026-05-15 11:00:00,91.47,91.54,91.18,91.27,48087.236
2026-05-15 12:00:00,91.26,91.27,90.57,90.66,84522.222
2026-05-15 13:00:00,90.66,90.66,88.69,88.9,328789.024
2026-05-15 14:00:00,88.91,89.55,88.55,89.06,246328.874
2026-05-15 15:00:00,89.05,89.28,88.7,89.04,131510.149
2026-05-15 16:00:00,89.04,89.7,88.81,89.5,136491.806
2026-05-15 17:00:00,89.51,89.9,89.49,89.82,87150.895
2026-05-15 18:00:00,89.81,90.09,89.47,89.8,80704.797
2026-05-15 19:00:00,89.79,89.8,89.35,89.42,77989.582
2026-05-15 20:00:00,89.41,89.5,89.08,89.28,54982.758
2026-05-15 21:00:00,89.28,89.43,89.0,89.05,50534.58
2026-05-15 22:00:00,89.06,89.36,89.05,89.33,35182.51
2026-05-15 23:00:00,89.33,89.39,89.21,89.24,39509.959
2026-05-16 00:00:00,89.23,89.44,89.14,89.22,48371.907
2026-05-16 01:00:00,89.22,89.35,88.95,89.3,70719.094
2026-05-16 02:00:00,89.3,89.39,88.97,89.2,68116.284
2026-05-16 03:00:00,89.2,89.27,89.0,89.05,32064.719
2026-05-16 04:00:00,89.05,89.09,88.19,88.86,107366.17
2026-05-16 05:00:00,88.86,88.93,88.28,88.57,100021.867
2026-05-16 06:00:00,88.58,88.66,87.81,88.01,146511.234
2026-05-16 07:00:00,88.01,88.01,86.72,87.47,278924.591
2026-05-16 08:00:00,87.46,87.62,87.33,87.48,64301.788
2026-05-16 09:00:00,87.48,87.51,85.78,86.05,284751.268
2026-05-16 10:00:00,86.04,86.15,85.52,86.01,150819.398
2026-05-16 11:00:00,86.02,86.33,86.02,86.11,69786.658
2026-05-16 12:00:00,86.12,86.44,86.01,86.26,58569.733
2026-05-16 13:00:00,86.26,86.35,86.11,86.26,46444.649
2026-05-16 14:00:00,86.26,86.71,86.07,86.4,72773.013
2026-05-16 15:00:00,86.39,86.67,86.27,86.5,60692.273
2026-05-16 16:00:00,86.49,86.78,86.37,86.63,68240.945
2026-05-16 17:00:00,86.64,86.96,86.63,86.81,35916.686
2026-05-16 18:00:00,86.81,86.97,86.6,86.81,33878.033
2026-05-16 19:00:00,86.81,86.85,86.65,86.69,46504.274
2026-05-16 20:00:00,86.69,86.88,86.66,86.68,35040.018
2026-05-16 21:00:00,86.67,86.77,86.49,86.59,34761.536
2026-05-16 22:00:00,86.59,86.69,86.45,86.54,19068.773
2026-05-16 23:00:00,86.53,86.7,86.49,86.54,29376.683
2026-05-17 00:00:00,86.53,86.72,85.97,86.13,70464.417
2026-05-17 01:00:00,86.12,86.34,85.59,85.75,87695.572
2026-05-17 02:00:00,85.76,86.27,85.76,86.0,107963.896
2026-05-17 03:00:00,86.01,86.63,85.99,86.53,57966.683
2026-05-17 04:00:00,86.52,86.98,86.47,86.86,55765.015
2026-05-17 05:00:00,86.87,87.29,86.85,86.91,64337.009
2026-05-17 06:00:00,86.9,87.01,86.71,86.85,32049.946
2026-05-17 07:00:00,86.85,87.1,86.78,86.97,37046.314
2026-05-17 08:00:00,86.98,87.03,86.6,86.83,46327.463
2026-05-17 09:00:00,86.82,87.02,86.72,86.89,70587.062
2026-05-17 10:00:00,86.9,87.26,86.81,87.0,128394.8
2026-05-17 11:00:00,86.99,87.02,86.78,86.89,48145.396
2026-05-17 12:00:00,86.89,87.02,86.72,86.76,37497.772
2026-05-17 13:00:00,86.76,86.78,86.3,86.41,71335.876
2026-05-17 14:00:00,86.41,86.46,85.95,86.31,73813.277
2026-05-17 15:00:00,86.31,86.49,86.17,86.46,30575.877
2026-05-17 16:00:00,86.46,86.69,86.11,86.3,47111.045
2026-05-17 17:00:00,86.31,86.36,86.0,86.24,50714.845
2026-05-17 18:00:00,86.24,86.44,86.02,86.43,54578.943
2026-05-17 19:00:00,86.43,86.94,86.43,86.79,45167.927
2026-05-17 20:00:00,86.8,86.85,86.57,86.68,36171.315
2026-05-17 21:00:00,86.68,86.97,86.6,86.94,28382.835
2026-05-17 22:00:00,86.93,86.93,86.0,86.23,100795.122
2026-05-17 23:00:00,86.24,86.25,83.5,85.24,531276.837
2026-05-18 00:00:00,85.23,85.36,84.4,85.36,240723.167
2026-05-18 01:00:00,85.35,85.47,84.54,84.98,138311.036
2026-05-18 02:00:00,84.98,85.35,84.72,84.89,78591.99
2026-05-18 03:00:00,84.88,85.25,84.69,84.85,104448.233
2026-05-18 04:00:00,84.85,85.3,84.58,85.26,67062.113
2026-05-18 05:00:00,85.26,85.36,84.64,84.86,130160.044
2026-05-18 06:00:00,84.86,84.98,84.27,84.74,161330.388
2026-05-18 07:00:00,84.74,85.01,84.41,84.76,65869.729
2026-05-18 08:00:00,84.76,85.01,84.6,84.91,75191.966
2026-05-18 09:00:00,84.9,84.93,84.46,84.49,55052.86
2026-05-18 10:00:00,84.49,84.51,84.21,84.26,91211.556
2026-05-18 11:00:00,84.27,85.32,84.08,84.96,133781.329
2026-05-18 12:00:00,84.97,85.8,84.97,85.57,163342.221
2026-05-18 13:00:00,85.57,85.57,84.33,84.69,192393.685
2026-05-18 14:00:00,84.69,84.69,83.72,83.98,199022.415
2026-05-18 15:00:00,83.98,84.4,83.62,84.2,141820.165
2026-05-18 16:00:00,84.21,84.55,83.99,84.33,110320.191
2026-05-18 17:00:00,84.33,84.7,84.25,84.41,52006.263
2026-05-18 18:00:00,84.41,84.43,83.5,83.53,112939.377
2026-05-18 19:00:00,83.53,85.23,83.51,84.99,184060.997
2026-05-18 20:00:00,85.0,85.41,84.85,84.93,86888.22
2026-05-18 21:00:00,84.93,85.67,84.79,85.57,87841.244
2026-05-18 22:00:00,85.58,85.77,85.27,85.46,66192.682
2026-05-18 23:00:00,85.45,85.64,85.26,85.38,33299.473
2026-05-19 00:00:00,85.38,85.97,85.32,85.58,88823.636
2026-05-19 01:00:00,85.58,85.6,84.9,84.9,71307.326
2026-05-19 02:00:00,84.9,85.3,84.62,84.86,59531.513
2026-05-19 03:00:00,84.85,85.23,84.73,85.07,34528.76
2026-05-19 04:00:00,85.08,85.31,84.79,85.15,48136.676
2026-05-19 05:00:00,85.15,85.28,84.47,85.19,88227.597
2026-05-19 06:00:00,85.18,85.62,85.12,85.26,74932.501
2026-05-19 07:00:00,85.27,85.64,85.13,85.51,46908.746
2026-05-19 08:00:00,85.51,85.59,85.04,85.25,85274.811
2026-05-19 09:00:00,85.24,85.31,84.5,84.77,112785.802
2026-05-19 10:00:00,84.76,84.88,84.31,84.7,61440.928
2026-05-19 11:00:00,84.71,84.83,84.27,84.39,63691.255
2026-05-19 12:00:00,84.39,84.79,84.3,84.78,53888.67
2026-05-19 13:00:00,84.78,85.1,84.39,84.8,101750.351
2026-05-19 14:00:00,84.8,84.94,83.7,84.11,174412.297
2026-05-19 15:00:00,84.12,84.58,84.03,84.37,74509.63
2026-05-19 16:00:00,84.38,84.91,84.15,84.85,55948.635
2026-05-19 17:00:00,84.85,85.04,84.47,84.68,59134.595
2026-05-19 18:00:00,84.68,84.8,84.25,84.37,46123.609
2026-05-19 19:00:00,84.37,84.74,84.22,84.35,55667.355
2026-05-19 20:00:00,84.36,84.58,84.3,84.51,86367.588
2026-05-19 21:00:00,84.52,84.66,84.39,84.44,42830.562
2026-05-19 22:00:00,84.43,84.43,84.0,84.1,49804.435
2026-05-19 23:00:00,84.1,84.59,84.03,84.29,26958.938
2026-05-20 00:00:00,84.3,84.41,83.92,84.23,70096.92
2026-05-20 01:00:00,84.23,84.54,83.85,84.36,62810.811
2026-05-20 02:00:00,84.36,84.49,83.93,83.99,49265.498
2026-05-20 03:00:00,83.99,84.28,83.86,84.1,24835.074
2026-05-20 04:00:00,84.1,84.23,83.88,84.23,30849.568
2026-05-20 05:00:00,84.23,84.95,84.22,84.78,91954.703
2026-05-20 06:00:00,84.77,85.02,84.72,84.99,67399.859
2026-05-20 07:00:00,84.99,85.13,84.7,84.77,52924.592
2026-05-20 08:00:00,84.76,85.19,84.72,84.98,55361.312
2026-05-20 09:00:00,84.99,85.1,84.85,84.9,53412.261
2026-05-20 10:00:00,84.89,85.21,84.88,84.98,49370.74
2026-05-20 11:00:00,84.98,85.06,84.58,84.7,61922.846
2026-05-20 12:00:00,84.7,85.33,84.62,85.1,61199.803
2026-05-20 13:00:00,85.1,85.15,84.19,84.69,97133.828
2026-05-20 14:00:00,84.69,86.16,84.33,85.86,272070.779
2026-05-20 15:00:00,85.85,86.27,85.43,85.92,186074.859
2026-05-20 16:00:00,85.92,86.85,85.54,86.49,357900.742
2026-05-20 17:00:00,86.49,87.09,86.32,86.52,150046.101
2026-05-20 18:00:00,86.52,86.58,85.53,85.83,193504.706
2026-05-20 19:00:00,85.83,86.29,85.61,86.16,65372.471
2026-05-20 20:00:00,86.16,86.24,85.55,86.18,78154.834
2026-05-20 21:00:00,86.17,86.33,85.95,85.99,54832.453
2026-05-20 22:00:00,85.98,86.24,85.64,86.04,130104.192
2026-05-20 23:00:00,86.03,86.18,85.88,86.17,48553.486
2026-05-21 00:00:00,86.17,86.83,86.11,86.64,86420.595
2026-05-21 01:00:00,86.64,87.06,86.39,86.54,91377.068
2026-05-21 02:00:00,86.54,86.88,86.44,86.61,51901.381
2026-05-21 03:00:00,86.61,86.91,86.54,86.85,74417.697
2026-05-21 04:00:00,86.85,87.22,86.76,86.98,147799.558
2026-05-21 05:00:00,86.98,87.11,86.36,86.51,69467.76
2026-05-21 06:00:00,86.51,86.62,86.2,86.31,65105.686
2026-05-21 07:00:00,86.31,86.73,86.26,86.64,48554.085
2026-05-21 08:00:00,86.64,87.27,86.63,86.86,102192.922
2026-05-21 09:00:00,86.86,87.06,86.46,86.5,68490.735
2026-05-21 10:00:00,86.49,86.68,85.71,85.74,159097.608
2026-05-21 11:00:00,85.75,85.94,85.57,85.58,95096.498
2026-05-21 12:00:00,85.58,85.85,85.42,85.75,88240.799
2026-05-21 13:00:00,85.75,86.13,85.32,86.07,162266.673
2026-05-21 14:00:00,86.07,86.47,85.62,86.01,200878.902
2026-05-21 15:00:00,86.01,86.9,85.9,86.46,190666.389
2026-05-21 16:00:00,86.46,86.59,86.04,86.26,84224.896
2026-05-21 17:00:00,86.27,88.0,86.18,87.59,412896.524
2026-05-21 18:00:00,87.59,87.79,86.78,87.07,143367.121
2026-05-21 19:00:00,87.07,87.88,87.07,87.83,101416.649
2026-05-21 20:00:00,87.83,87.92,87.49,87.55,58881.459
2026-05-21 21:00:00,87.56,87.71,87.31,87.35,71672.627
2026-05-21 22:00:00,87.35,87.5,87.13,87.19,39825.505
2026-05-21 23:00:00,87.19,87.38,87.02,87.36,40062.763
2026-05-22 00:00:00,87.35,87.36,86.81,86.85,41758.667
2026-05-22 01:00:00,86.84,87.1,86.59,87.08,73961.854
2026-05-22 02:00:00,87.08,87.26,86.99,87.17,58346.684
2026-05-22 03:00:00,87.17,87.31,86.92,87.03,36429.328
2026-05-22 04:00:00,87.04,87.38,86.93,86.98,38065.164
2026-05-22 05:00:00,86.98,87.15,86.73,86.81,34805.509
2026-05-22 06:00:00,86.81,86.85,86.52,86.71,71982.585
2026-05-22 07:00:00,86.72,87.15,86.53,86.97,95928.814
2026-05-22 08:00:00,86.98,87.53,86.87,87.14,100546.91
2026-05-22 09:00:00,87.15,87.4,87.05,87.27,72260.868
2026-05-22 10:00:00,87.26,87.28,86.89,86.99,41700.794
2026-05-22 11:00:00,87.0,87.33,86.72,87.32,56878.079
2026-05-22 12:00:00,87.33,87.77,87.25,87.76,108340.371
2026-05-22 13:00:00,87.76,87.85,87.1,87.4,113191.591
2026-05-22 14:00:00,87.39,87.39,86.37,86.62,161712.123
2026-05-22 15:00:00,86.61,86.98,86.27,86.77,108409.144
2026-05-22 16:00:00,86.76,87.0,86.66,86.92,59642.479
2026-05-22 17:00:00,86.92,87.19,86.5,86.63,86639.61
2026-05-22 18:00:00,86.63,86.69,84.62,85.46,228881.8
2026-05-22 19:00:00,85.46,85.63,84.0,84.55,282732.807
2026-05-22 20:00:00,84.55,85.07,84.55,85.0,102055.063
2026-05-22 21:00:00,84.99,85.28,84.93,85.17,54697.487
2026-05-22 22:00:00,85.17,85.22,84.78,84.96,56157.437
2026-05-22 23:00:00,84.95,85.15,84.0,84.4,123359.495
2026-05-23 00:00:00,84.4,84.55,84.07,84.44,152682.941
2026-05-23 01:00:00,84.44,84.65,84.32,84.53,52466.491
2026-05-23 02:00:00,84.53,84.86,84.21,84.54,71432.08
2026-05-23 03:00:00,84.53,84.75,84.49,84.68,32887.193
2026-05-23 04:00:00,84.69,84.72,84.35,84.42,42184.357
2026-05-23 05:00:00,84.41,84.47,84.18,84.46,43173.824
2026-05-23 06:00:00,84.45,84.49,84.18,84.27,43696.192
2026-05-23 07:00:00,84.27,84.33,81.5,82.25,551122.284
2026-05-23 08:00:00,82.25,82.36,81.63,82.13,239163.964
2026-05-23 09:00:00,82.13,82.25,81.99,82.01,73864.961
2026-05-23 10:00:00,82.01,82.39,82.01,82.26,53942.834
2026-05-23 11:00:00,82.27,82.49,82.23,82.31,41102.178
2026-05-23 12:00:00,82.3,82.56,82.15,82.49,45766.671
2026-05-23 13:00:00,82.5,83.49,82.49,83.22,144123.581
2026-05-23 14:00:00,83.23,84.47,83.1,84.13,120078.49
2026-05-23 15:00:00,84.14,84.54,83.63,84.1,137355.31
2026-05-23 16:00:00,84.09,84.31,83.93,84.11,72498.943
2026-05-23 17:00:00,84.11,84.35,83.99,84.21,49841.752
2026-05-23 18:00:00,84.22,85.14,84.17,84.71,121230.166
2026-05-23 19:00:00,84.72,85.11,84.62,84.96,80916.44
2026-05-23 20:00:00,84.97,87.09,84.8,87.08,442248.406
2026-05-23 21:00:00,87.08,87.5,86.0,86.28,206245.648
2026-05-23 22:00:00,86.28,86.61,85.52,85.81,92579.804
2026-05-23 23:00:00,85.81,85.94,85.67,85.75,62497.201
2026-05-24 00:00:00,85.76,86.03,85.62,85.89,44726.666
2026-05-24 01:00:00,85.89,86.23,85.87,86.01,49161.072
2026-05-24 02:00:00,86.02,86.11,85.7,85.98,37780.957
2026-05-24 03:00:00,85.99,86.13,85.63,85.81,37495.875
2026-05-24 04:00:00,85.81,86.12,85.78,85.93,42576.619
2026-05-24 05:00:00,85.94,86.18,85.58,86.16,58294.97
2026-05-24 06:00:00,86.16,86.49,85.93,86.45,38412.794
2026-05-24 07:00:00,86.46,86.7,86.0,86.07,63973.862
2026-05-24 08:00:00,86.07,86.54,86.01,86.51,54511.479
2026-05-24 09:00:00,86.51,87.0,86.37,86.55,113084.912
2026-05-24 10:00:00,86.55,86.73,86.24,86.5,102230.961
2026-05-24 11:00:00,86.5,86.92,86.41,86.66,127148.504
2026-05-24 12:00:00,86.67,86.69,86.18,86.35,57436.398
2026-05-24 13:00:00,86.36,86.46,85.73,85.9,93401.757
2026-05-24 14:00:00,85.9,86.01,84.48,85.25,200702.214
2026-05-24 15:00:00,85.25,85.46,85.14,85.31,48240.019
2026-05-24 16:00:00,85.3,85.88,85.11,85.64,116324.475
2026-05-24 17:00:00,85.65,85.79,85.49,85.65,41465.913
2026-05-24 18:00:00,85.64,85.68,85.27,85.4,46432.363
2026-05-24 19:00:00,85.41,85.51,85.23,85.37,43085.316
2026-05-24 20:00:00,85.38,85.43,84.49,84.76,239925.577
2026-05-24 21:00:00,84.76,84.96,83.7,83.97,176347.501
2026-05-24 22:00:00,83.96,85.33,83.94,84.99,182836.569
2026-05-24 23:00:00,85.0,85.52,85.0,85.27,71060.63
2026-05-25 00:00:00,85.27,85.67,85.26,85.5,71590.419
2026-05-25 01:00:00,85.5,85.59,84.83,84.87,57850.484
2026-05-25 02:00:00,84.87,85.85,84.87,85.08,121300.437
2026-05-25 03:00:00,85.08,85.18,84.8,84.95,51799.88
2026-05-25 04:00:00,84.95,85.93,84.93,85.84,65412.611
2026-05-25 05:00:00,85.85,86.18,85.76,85.98,84127.23
2026-05-25 06:00:00,85.99,86.19,85.65,85.99,65553.168
2026-05-25 07:00:00,85.99,86.16,85.48,85.96,80965.728
2026-05-25 08:00:00,85.95,86.08,85.75,86.02,52393.798
2026-05-25 09:00:00,86.03,86.22,85.93,85.94,54718.797
2026-05-25 10:00:00,85.94,86.11,85.9,86.08,38851.696
2026-05-25 11:00:00,86.07,86.14,85.7,85.76,45055.341
2026-05-25 12:00:00,85.77,86.07,85.66,85.87,70282.189
2026-05-25 13:00:00,85.87,86.03,85.77,86.01,39252.367
2026-05-25 14:00:00,86.01,86.45,85.9,86.34,86107.815
2026-05-25 15:00:00,86.34,86.52,86.06,86.26,79417.896
2026-05-25 16:00:00,86.26,86.44,85.98,86.27,69860.988
2026-05-25 17:00:00,86.26,86.38,86.06,86.13,70204.828
2026-05-25 18:00:00,86.12,86.3,85.88,85.91,35848.669
2026-05-25 19:00:00,85.91,85.92,85.52,85.64,78635.933
2026-05-25 20:00:00,85.64,85.87,85.3,85.41,54513.141
2026-05-25 21:00:00,85.4,85.56,85.27,85.38,37888.625
2026-05-25 22:00:00,85.38,85.54,84.71,84.81,97179.48
2026-05-25 23:00:00,84.8,85.21,84.73,85.06,53423.945
2026-05-26 00:00:00,85.06,85.09,83.9,84.4,132643.991
2026-05-26 01:00:00,84.4,84.57,83.85,84.11,96961.397
2026-05-26 02:00:00,84.12,84.23,83.9,84.03,55429.958
2026-05-26 03:00:00,84.03,84.27,83.85,84.22,47752.189
2026-05-26 04:00:00,84.23,84.52,84.01,84.37,53034.445
2026-05-26 05:00:00,84.37,84.97,84.28,84.67,75504.798
2026-05-26 06:00:00,84.66,84.83,84.4,84.6,56970.101
2026-05-26 07:00:00,84.61,84.63,84.1,84.35,80754.154
2026-05-26 08:00:00,84.36,84.57,84.34,84.44,59335.634
2026-05-26 09:00:00,84.44,84.72,84.29,84.48,58415.962
2026-05-26 10:00:00,84.47,85.8,84.36,85.56,183698.566
2026-05-26 11:00:00,85.57,85.66,85.21,85.21,91112.397
2026-05-26 12:00:00,85.22,85.4,84.81,85.32,160039.674
2026-05-26 13:00:00,85.32,85.77,84.69,85.5,146297.629
2026-05-26 14:00:00,85.51,86.13,84.77,85.24,220713.906
2026-05-26 15:00:00,85.23,85.36,84.03,84.49,194932.871
2026-05-26 16:00:00,84.49,84.57,83.95,84.23,143497.998
2026-05-26 17:00:00,84.23,84.39,83.15,83.59,209924.179
2026-05-26 18:00:00,83.59,84.09,83.49,83.63,83062.071
2026-05-26 19:00:00,83.63,84.02,83.36,83.8,74747.88
2026-05-26 20:00:00,83.8,83.98,83.74,83.94,35022.905
2026-05-26 21:00:00,83.94,83.97,83.57,83.7,36418.796
2026-05-26 22:00:00,83.7,83.88,83.54,83.65,25596.949
2026-05-26 23:00:00,83.66,83.85,83.63,83.72,36908.98
2026-05-27 00:00:00,83.73,84.18,83.72,84.14,51872.541
2026-05-27 01:00:00,84.13,84.19,83.8,83.86,39325.588
2026-05-27 02:00:00,83.85,83.96,83.55,83.96,32006.417
2026-05-27 03:00:00,83.96,84.07,83.48,83.63,51996.289
2026-05-27 04:00:00,83.62,83.68,82.86,83.64,98948.351
2026-05-27 05:00:00,83.64,83.93,83.57,83.89,37127.15
2026-05-27 06:00:00,83.89,84.07,83.74,84.06,44875.778
2026-05-27 07:00:00,84.06,84.21,83.89,84.21,46819.8
2026-05-27 08:00:00,84.2,84.42,83.89,83.93,77659.248
2026-05-27 09:00:00,83.93,83.96,83.6,83.78,70110.937
2026-05-27 10:00:00,83.78,84.09,83.67,83.95,40788.979
2026-05-27 11:00:00,83.95,84.23,83.91,83.94,64108.013
2026-05-27 12:00:00,83.95,84.68,83.55,83.95,134139.978
2026-05-27 13:00:00,83.94,84.06,82.98,83.63,139110.853
2026-05-27 14:00:00,83.64,84.12,83.22,83.91,144628.697
2026-05-27 15:00:00,83.91,84.84,83.88,84.44,218419.389
2026-05-27 16:00:00,84.44,84.75,83.87,84.18,108536.454
2026-05-27 17:00:00,84.18,84.2,83.16,83.41,148897.615
2026-05-27 18:00:00,83.4,83.99,83.2,83.94,60867.62
2026-05-27 19:00:00,83.94,84.14,83.87,83.91,62313.648
2026-05-27 20:00:00,83.92,84.14,83.76,83.82,53378.037
2026-05-27 21:00:00,83.82,83.82,82.1,82.49,206098.586
2026-05-27 22:00:00,82.49,83.03,82.22,82.47,115782.572
2026-05-27 23:00:00,82.46,82.7,82.2,82.44,71643.823
2026-05-28 00:00:00,82.43,82.74,82.36,82.71,61588.421
2026-05-28 01:00:00,82.72,82.76,81.93,82.27,152669.651
2026-05-28 02:00:00,82.28,82.44,82.0,82.1,78589.947
2026-05-28 03:00:00,82.11,82.25,80.5,80.7,306109.879
2026-05-28 04:00:00,80.7,80.98,80.0,80.9,222109.557
2026-05-28 05:00:00,80.9,81.0,80.42,80.7,91993.905
2026-05-28 06:00:00,80.7,81.12,80.53,80.97,80847.152
2026-05-28 07:00:00,80.97,81.3,80.86,81.26,97340.967
2026-05-28 08:00:00,81.26,81.3,80.83,80.99,50944.095
2026-05-28 09:00:00,80.99,81.32,80.83,81.22,83999.553
2026-05-28 10:00:00,81.23,81.32,80.72,80.75,64016.774
2026-05-28 11:00:00,80.75,80.93,80.6,80.88,40350.227
2026-05-28 12:00:00,80.88,81.25,80.59,81.13,54576.523
2026-05-28 13:00:00,81.14,81.36,80.53,80.79,100198.153
2026-05-28 14:00:00,80.79,81.66,80.02,81.19,218768.323
2026-05-28 15:00:00,81.2,81.38,80.56,81.14,77614.828
2026-05-28 16:00:00,81.15,82.18,80.91,82.07,119764.688
2026-05-28 17:00:00,82.08,82.64,81.84,82.3,65125.039
2026-05-28 18:00:00,82.3,83.01,82.25,82.9,117421.506
2026-05-28 19:00:00,82.89,82.89,82.17,82.19,50293.02
2026-05-28 20:00:00,82.18,82.6,81.78,82.3,43031.984
2026-05-28 21:00:00,82.3,82.7,82.22,82.44,53388.329
2026-05-28 22:00:00,82.44,82.63,81.91,82.04,43604.141
2026-05-28 23:00:00,82.03,82.28,82.0,82.11,32568.818
2026-05-29 00:00:00,82.12,82.48,82.12,82.33,44227.163
2026-05-29 01:00:00,82.33,82.48,82.06,82.21,44771.64
2026-05-29 02:00:00,82.21,82.32,81.47,81.57,85401.787
2026-05-29 03:00:00,81.57,81.96,81.52,81.61,40129.799
2026-05-29 04:00:00,81.62,81.94,81.36,81.93,58649.542
2026-05-29 05:00:00,81.93,82.2,81.82,82.07,58901.409
2026-05-29 06:00:00,82.06,82.49,82.02,82.31,47792.747
2026-05-29 07:00:00,82.31,82.46,81.92,82.24,122627.972
2026-05-29 08:00:00,82.25,82.49,82.18,82.22,57065.615
2026-05-29 09:00:00,82.23,82.65,82.21,82.44,62077.037
2026-05-29 10:00:00,82.44,82.45,82.09,82.15,55962.432
2026-05-29 11:00:00,82.15,82.21,81.52,81.77,82474.186
2026-05-29 12:00:00,81.76,81.79,81.31,81.48,89507.527
2026-05-29 13:00:00,81.48,81.78,81.1,81.44,87403.486
2026-05-29 14:00:00,81.44,81.58,80.35,81.33,213503.036
2026-05-29 15:00:00,81.33,83.24,81.2,82.59,318976.733
2026-05-29 16:00:00,82.58,83.13,82.2,82.93,111480.069
2026-05-29 17:00:00,82.93,83.22,82.67,82.79,112719.09
2026-05-29 18:00:00,82.8,83.0,81.82,82.07,90897.665
2026-05-29 19:00:00,82.06,82.41,81.6,82.06,57214.482
2026-05-29 20:00:00,82.06,82.39,82.01,82.22,41563.509
2026-05-29 21:00:00,82.23,82.4,81.7,81.71,56705.161
2026-05-29 22:00:00,81.71,82.02,81.62,81.99,71666.376
2026-05-29 23:00:00,81.98,82.11,81.76,82.04,52559.183
2026-05-30 00:00:00,82.04,82.35,81.94,82.29,44417.277
2026-05-30 01:00:00,82.3,83.0,82.22,82.82,59647.896
2026-05-30 02:00:00,82.82,83.03,82.77,82.98,40547.38
2026-05-30 03:00:00,82.97,83.1,82.62,82.67,34396.482
2026-05-30 04:00:00,82.67,82.8,81.86,82.33,78885.714
2026-05-30 05:00:00,82.32,82.77,82.2,82.6,77289.943
2026-05-30 06:00:00,82.59,82.74,82.39,82.47,29474.382
2026-05-30 07:00:00,82.48,82.52,82.26,82.37,32754.46
2026-05-30 08:00:00,82.37,82.41,82.19,82.23,20767.929
2026-05-30 09:00:00,82.23,82.39,82.2,82.34,30260.937
2026-05-30 10:00:00,82.34,82.51,82.3,82.38,25328.398
2026-05-30 11:00:00,82.39,82.55,82.22,82.33,19548.233
2026-05-30 12:00:00,82.33,82.44,82.25,82.43,43052.052
2026-05-30 13:00:00,82.43,82.57,82.25,82.48,35489.486
2026-05-30 14:00:00,82.48,82.79,82.43,82.63,67065.937
2026-05-30 15:00:00,82.63,82.92,82.48,82.69,81051.937
2026-05-30 16:00:00,82.68,82.92,82.63,82.89,36497.145
2026-05-30 17:00:00,82.88,83.06,82.63,83.05,47059.145
2026-05-30 18:00:00,83.05,83.14,82.87,83.03,40910.983
2026-05-30 19:00:00,83.02,83.05,82.78,82.99,38589.163
2026-05-30 20:00:00,82.99,83.08,82.86,82.96,24764.884
2026-05-30 21:00:00,82.96,83.17,82.91,83.02,41466.384
2026-05-30 22:00:00,83.02,83.02,82.45,82.65,44641.477
2026-05-30 23:00:00,82.64,82.89,82.52,82.73,24582.62
2026-05-31 00:00:00,82.74,82.96,82.62,82.93,24737.64
2026-05-31 01:00:00,82.93,83.25,82.92,83.02,51068.124
2026-05-31 02:00:00,83.03,83.42,82.88,83.15,57438.18
2026-05-31 03:00:00,83.16,83.35,83.1,83.25,30533.414
2026-05-31 04:00:00,83.24,83.3,83.09,83.22,22050.49
2026-05-31 05:00:00,83.21,83.22,83.0,83.03,27586.436
2026-05-31 06:00:00,83.03,83.03,82.84,82.95,37499.62
2026-05-31 07:00:00,82.96,82.96,82.52,82.66,40461.406
2026-05-31 08:00:00,82.67,82.86,82.59,82.81,30621.667
2026-05-31 09:00:00,82.8,83.05,82.64,82.75,32322.821
2026-05-31 10:00:00,82.75,82.75,82.49,82.71,38083.093
2026-05-31 11:00:00,82.71,82.85,82.67,82.76,19251.647
2026-05-31 12:00:00,82.76,82.94,82.57,82.82,28099.328
2026-05-31 13:00:00,82.82,83.12,82.66,82.77,29814.806
2026-05-31 14:00:00,82.76,82.77,81.79,81.96,148012.05
2026-05-31 15:00:00,81.96,82.27,81.81,81.88,43985.251
2026-05-31 16:00:00,81.88,82.04,81.42,81.59,78396.656
2026-05-31 17:00:00,81.58,81.9,81.46,81.87,39396.192
2026-05-31 18:00:00,81.87,81.87,81.61,81.76,20947.376
2026-05-31 19:00:00,81.75,81.8,81.33,81.58,27603.547
2026-05-31 20:00:00,81.59,82.01,81.59,81.97,24807.536
2026-05-31 21:00:00,81.97,82.37,81.88,82.3,28166.972
2026-05-31 22:00:00,82.31,82.69,82.04,82.53,55921.078
2026-05-31 23:00:00,82.52,82.92,81.95,82.44,57075.336
2026-06-01 00:00:00,82.45,83.1,82.37,82.83,85074.537
2026-06-01 01:00:00,82.83,82.87,81.75,81.76,74116.465
2026-06-01 02:00:00,81.76,82.9,81.63,82.68,58203.479
2026-06-01 03:00:00,82.68,82.99,82.56,82.63,74313.342
2026-06-01 04:00:00,82.63,82.78,81.77,82.04,63756.645
2026-06-01 05:00:00,82.03,82.11,81.63,81.82,43692.778
2026-06-01 06:00:00,81.82,81.87,81.13,81.45,71844.779
2026-06-01 07:00:00,81.45,81.58,80.63,80.74,69985.216
2026-06-01 08:00:00,80.74,81.05,80.46,80.99,76555.839
2026-06-01 09:00:00,80.99,81.29,80.99,81.08,73646.34
2026-06-01 10:00:00,81.08,81.19,80.83,81.1,61932.621
2026-06-01 11:00:00,81.1,81.26,80.6,80.81,101246.714
2026-06-01 12:00:00,80.82,81.07,80.23,80.82,140019.467
2026-06-01 13:00:00,80.82,80.86,79.28,79.84,314651.976
2026-06-01 14:00:00,79.84,80.11,79.43,79.71,145590.94
2026-06-01 15:00:00,79.71,80.05,79.2,79.6,120002.491
2026-06-01 16:00:00,79.61,80.46,79.11,80.41,119404.2
2026-06-01 17:00:00,80.4,81.21,80.29,80.93,134586.836
2026-06-01 18:00:00,80.92,81.22,80.58,80.86,52921.751
2026-06-01 19:00:00,80.86,81.31,80.6,81.2,52219.795
2026-06-01 20:00:00,81.19,81.24,80.96,81.13,52430.236
2026-06-01 21:00:00,81.14,81.14,80.5,80.68,115156.362
2026-06-01 22:00:00,80.67,81.48,80.32,81.4,94615.138
2026-06-01 23:00:00,81.41,81.65,81.07,81.28,113179.449
2026-06-02 00:00:00,81.28,81.3,80.87,80.89,42277.445
2026-06-02 01:00:00,80.89,81.01,80.04,80.11,75615.542
2026-06-02 02:00:00,80.11,80.78,79.41,80.78,122227.642
2026-06-02 03:00:00,80.78,81.05,80.64,80.92,66363.578
2026-06-02 04:00:00,80.92,81.02,80.38,80.44,61469.761
2026-06-02 05:00:00,80.44,80.59,79.57,79.63,83029.984
2026-06-02 06:00:00,79.63,79.82,79.33,79.59,113130.612
2026-06-02 07:00:00,79.6,79.94,79.16,79.67,75041.988
2026-06-02 08:00:00,79.67,79.8,79.45,79.61,59264.398
2026-06-02 09:00:00,79.62,79.64,78.78,79.1,129401.829
2026-06-02 10:00:00,79.11,79.48,78.97,79.44,59917.175
2026-06-02 11:00:00,79.43,79.45,78.85,78.94,72081.665
2026-06-02 12:00:00,78.93,79.16,78.66,78.98,79062.512
2026-06-02 13:00:00,78.97,79.22,78.8,78.95,83201.925
2026-06-02 14:00:00,78.95,78.99,76.75,77.44,432986.793
2026-06-02 15:00:00,77.44,77.49,75.58,76.38,418914.184
2026-06-02 16:00:00,76.38,77.67,76.15,76.71,228269.734
2026-06-02 17:00:00,76.72,77.19,76.48,76.84,164609.961
2026-06-02 18:00:00,76.84,77.08,75.81,76.15,91384.374
2026-06-02 19:00:00,76.16,76.27,74.5,75.53,344086.413
2026-06-02 20:00:00,75.53,75.95,74.77,75.44,116900.273
2026-06-02 21:00:00,75.44,76.08,75.33,75.67,96795.655
2026-06-02 22:00:00,75.66,75.67,73.37,73.67,290461.886
2026-06-02 23:00:00,73.68,74.32,72.73,74.23,336041.588
2026-06-03 00:00:00,74.23,75.13,74.0,74.85,202547.302
2026-06-03 01:00:00,74.85,75.05,74.15,74.75,111009.176
2026-06-03 02:00:00,74.75,74.81,74.21,74.4,79705.256
2026-06-03 03:00:00,74.41,74.54,72.28,72.71,254498.453
2026-06-03 04:00:00,72.71,74.11,72.69,74.06,143688.804
2026-06-03 05:00:00,74.06,74.92,74.05,74.75,169098.882
2026-06-03 06:00:00,74.75,75.33,74.67,74.86,162671.761
2026-06-03 07:00:00,74.86,75.4,74.76,75.27,93467.022
2026-06-03 08:00:00,75.26,75.33,74.86,75.01,78085.895
2026-06-03 09:00:00,75.0,75.41,74.73,75.01,140506.339
2026-06-03 10:00:00,75.01,75.6,74.97,75.55,111179.566
2026-06-03 11:00:00,75.55,75.71,75.0,75.12,75239.604
2026-06-03 12:00:00,75.12,75.27,74.68,75.18,83437.504
2026-06-03 13:00:00,75.19,75.37,74.39,74.57,127785.018
2026-06-03 14:00:00,74.56,74.61,73.84,74.46,151500.761
2026-06-03 15:00:00,74.46,74.48,73.24,73.31,136205.798
2026-06-03 16:00:00,73.31,73.48,72.02,73.01,253803.687
2026-06-03 17:00:00,73.01,74.1,72.4,73.17,136778.12
2026-06-03 18:00:00,73.17,73.49,72.46,73.09,112565.336
2026-06-03 19:00:00,73.1,73.17,71.71,71.99,243448.336
2026-06-03 20:00:00,71.99,72.43,70.93,71.23,412273.108
2026-06-03 21:00:00,71.22,72.86,71.03,72.82,169893.125
2026-06-03 22:00:00,72.81,73.18,71.94,72.22,100282.043
2026-06-03 23:00:00,72.22,72.28,71.57,71.61,105574.784
2026-06-04 00:00:00,71.61,72.09,70.33,70.75,262808.474
2026-06-04 01:00:00,70.76,70.96,68.42,68.63,532824.55
2026-06-04 02:00:00,68.63,70.47,66.8,70.07,642074.708
2026-06-04 03:00:00,70.07,71.65,70.04,71.48,294832.251
2026-06-04 04:00:00,71.49,71.8,70.8,70.9,142724.495
2026-06-04 05:00:00,70.89,70.89,69.91,70.35,131019.18
2026-06-04 06:00:00,70.34,71.21,70.26,70.35,104601.425
2026-06-04 07:00:00,70.36,70.4,69.14,69.15,145332.526
2026-06-04 08:00:00,69.16,69.44,68.33,69.25,208429.027
2026-06-04 09:00:00,69.24,69.27,67.74,68.86,206826.657
2026-06-04 10:00:00,68.87,68.94,67.51,67.89,211805.825
2026-06-04 11:00:00,67.89,68.71,67.37,68.7,212452.26
2026-06-04 12:00:00,68.69,70.38,68.32,70.12,266361.497
2026-06-04 13:00:00,70.12,70.58,69.02,70.38,185403.263
2026-06-04 14:00:00,70.38,70.64,69.56,69.77,223518.479
2026-06-04 15:00:00,69.76,70.5,69.38,69.64,288475.982
2026-06-04 16:00:00,69.64,69.67,68.98,69.41,104450.235
2026-06-04 17:00:00,69.41,69.74,68.48,69.25,98633.551
2026-06-04 18:00:00,69.25,69.89,68.65,69.5,112317.193
2026-06-04 19:00:00,69.49,69.71,69.03,69.1,109858.18
2026-06-04 20:00:00,69.09,69.15,68.44,68.82,90783.732
2026-06-04 21:00:00,68.81,69.06,67.61,67.8,109794.006
2026-06-04 22:00:00,67.79,68.58,67.57,68.49,162189.322
2026-06-04 23:00:00,68.48,68.93,68.0,68.88,80732.672
2026-06-05 00:00:00,68.87,69.1,68.27,68.31,94482.783
2026-06-05 01:00:00,68.3,68.82,67.58,68.52,170977.826
2026-06-05 02:00:00,68.52,68.62,67.21,67.33,205697.435
2026-06-05 03:00:00,67.33,67.87,66.94,67.09,205341.548
2026-06-05 04:00:00,67.1,68.01,66.52,67.94,279233.158
2026-06-05 05:00:00,67.95,68.1,66.07,66.24,227052.135
2026-06-05 06:00:00,66.24,66.56,63.87,65.05,711566.681
2026-06-05 07:00:00,65.05,66.31,63.93,66.18,404654.712
2026-06-05 08:00:00,66.18,66.2,65.1,65.31,175461.816
2026-06-05 09:00:00,65.32,66.62,65.31,66.55,208083.634
2026-06-05 10:00:00,66.56,66.74,66.16,66.42,110468.156
2026-06-05 11:00:00,66.41,66.8,65.84,66.08,152006.519
2026-06-05 12:00:00,66.08,66.37,65.2,65.83,192608.052
2026-06-05 13:00:00,65.82,66.83,64.3,64.32,372355.711
2026-06-05 14:00:00,64.33,65.85,63.94,65.27,439146.751
2026-06-05 15:00:00,65.27,65.34,63.78,64.24,467507.146
2026-06-05 16:00:00,64.25,65.98,63.18,65.86,605057.033
2026-06-05 17:00:00,65.86,66.06,64.8,65.09,221416.878
2026-06-05 18:00:00,65.1,65.39,62.63,62.91,374915.582
2026-06-05 19:00:00,62.9,63.84,61.48,63.44,543475.913
2026-06-05 20:00:00,63.44,64.82,62.68,64.64,301434.009
2026-06-05 21:00:00,64.63,65.42,64.53,64.89,189844.812
2026-06-05 22:00:00,64.88,64.91,63.78,64.41,208505.233
2026-06-05 23:00:00,64.41,64.79,62.64,63.64,180299.965
2026-06-06 00:00:00,63.64,64.83,63.63,64.68,120881.287
2026-06-06 01:00:00,64.68,64.86,63.78,63.85,108817.371
2026-06-06 02:00:00,63.86,63.96,63.27,63.53,114641.909
2026-06-06 03:00:00,63.52,63.54,62.58,62.84,139553.093
2026-06-06 04:00:00,62.84,63.12,60.35,60.88,419817.254
2026-06-06 05:00:00,60.89,62.72,60.13,62.62,293810.466
2026-06-06 06:00:00,62.62,63.35,62.08,62.22,157531.056
2026-06-06 07:00:00,62.22,63.16,62.06,62.78,123693.397
2026-06-06 08:00:00,62.79,63.6,62.54,63.18,116203.679
2026-06-06 09:00:00,63.17,63.56,62.49,62.71,84549.16
2026-06-06 10:00:00,62.7,62.71,61.2,61.84,226017.518
2026-06-06 11:00:00,61.84,62.69,61.77,62.46,135940.245
2026-06-06 12:00:00,62.46,63.11,62.04,62.92,162475.471
2026-06-06 13:00:00,62.93,63.06,62.17,62.45,88374.736
2026-06-06 14:00:00,62.45,62.93,62.3,62.33,126534.329
2026-06-06 15:00:00,62.33,62.48,61.32,62.03,296337.214
2026-06-06 16:00:00,62.04,62.4,61.38,62.13,240041.71
2026-06-06 17:00:00,62.13,62.28,61.46,61.63,100047.277
2026-06-06 18:00:00,61.62,62.14,61.41,61.73,77417.593
2026-06-06 19:00:00,61.74,62.2,61.62,61.64,77950.681
2026-06-06 20:00:00,61.64,61.94,61.38,61.84,156326.464
2026-06-06 21:00:00,61.85,62.38,61.83,61.91,77443.896
2026-06-06 22:00:00,61.9,61.98,61.47,61.73,74264.556
2026-06-06 23:00:00,61.72,62.3,61.68,62.2,52170.694
2026-06-07 00:00:00,62.21,62.64,61.96,62.11,86470.166
2026-06-07 01:00:00,62.11,63.86,62.04,63.67,203218.882
2026-06-07 02:00:00,63.67,63.79,63.07,63.55,120313.278
2026-06-07 03:00:00,63.55,64.15,63.41,63.84,132638.914
2026-06-07 04:00:00,63.84,64.13,63.31,64.1,102582.666
2026-06-07 05:00:00,64.09,64.5,63.9,64.26,136530.072
2026-06-07 06:00:00,64.27,65.0,64.03,64.85,137142.167
2026-06-07 07:00:00,64.85,65.02,64.61,64.93,138583.045
2026-06-07 08:00:00,64.92,65.97,64.5,65.97,192726.319
2026-06-07 09:00:00,65.96,66.11,64.85,65.02,125152.967
2026-06-07 10:00:00,65.03,65.09,64.46,64.67,105980.139
2026-06-07 11:00:00,64.67,65.25,64.55,65.04,58725.207
2026-06-07 12:00:00,65.05,65.11,63.67,64.33,185560.454
2026-06-07 13:00:00,64.33,64.44,64.09,64.34,77996.253
2026-06-07 14:00:00,64.34,65.35,64.33,64.92,114695.185
2026-06-07 15:00:00,64.92,65.24,64.63,64.99,83149.955
2026-06-07 16:00:00,64.99,65.33,64.75,65.15,66802.943
2026-06-07 17:00:00,65.15,65.62,65.09,65.32,60601.695
2026-06-07 18:00:00,65.33,65.58,64.91,64.95,42035.734
2026-06-07 19:00:00,64.96,64.98,63.64,63.95,151033.83
2026-06-07 20:00:00,63.94,64.8,63.75,64.7,85671.223
2026-06-07 21:00:00,64.69,64.93,64.31,64.63,51099.042
2026-06-07 22:00:00,64.64,67.92,64.53,65.83,318835.326
2026-06-07 23:00:00,65.82,66.67,65.77,66.5,164025.911
2026-06-08 00:00:00,66.5,67.11,66.02,66.71,163104.513
2026-06-08 01:00:00,66.72,66.81,65.4,66.19,160105.885
2026-06-08 02:00:00,66.19,66.65,66.06,66.46,94192.49
2026-06-08 03:00:00,66.46,66.75,66.18,66.37,74821.217
2026-06-08 04:00:00,66.37,66.42,65.37,65.44,84719.446
2026-06-08 05:00:00,65.44,65.65,64.98,65.34,79046.327
2026-06-08 06:00:00,65.33,65.89,65.27,65.68,92447.115
2026-06-08 07:00:00,65.68,66.23,65.38,66.11,82482.841
2026-06-08 08:00:00,66.1,66.11,65.45,65.63,83103.334
2026-06-08 09:00:00,65.63,66.39,65.6,66.38,101754.182
2026-06-08 10:00:00,66.37,66.47,65.81,66.21,104538.124
2026-06-08 11:00:00,66.21,67.06,66.04,66.68,217880.036
2026-06-08 12:00:00,66.69,67.32,65.99,67.26,224854.095
2026-06-08 13:00:00,67.26,67.29,66.42,66.78,151819.844
2026-06-08 14:00:00,66.78,67.31,66.45,67.28,315674.903
2026-06-08 15:00:00,67.28,67.82,67.06,67.18,204380.308
2026-06-08 16:00:00,67.19,67.75,66.9,66.96,139256.473
2026-06-08 17:00:00,66.95,67.39,66.56,67.38,147309.435
2026-06-08 18:00:00,67.38,67.62,67.16,67.43,82951.272
2026-06-08 19:00:00,67.43,67.82,67.28,67.46,121637.193
2026-06-08 20:00:00,67.46,67.53,66.94,67.48,83656.84
2026-06-08 21:00:00,67.48,68.17,67.42,67.48,110338.04
2026-06-08 22:00:00,67.48,67.48,66.84,67.2,68957.83
2026-06-08 23:00:00,67.2,67.42,66.65,66.82,69963.624
2026-06-09 00:00:00,66.82,66.89,65.29,65.42,249065.565
2026-06-09 01:00:00,65.41,66.08,65.39,65.99,99888.075
2026-06-09 02:00:00,65.99,66.08,65.53,65.91,52849.551
2026-06-09 03:00:00,65.92,66.1,65.68,66.01,55204.775
2026-06-09 04:00:00,66.01,67.41,65.83,67.02,181033.509
2026-06-09 05:00:00,67.02,67.39,66.7,67.18,276316.811
2026-06-09 06:00:00,67.19,67.47,66.98,67.05,79074.98
2026-06-09 07:00:00,67.06,67.34,66.62,66.89,99581.162
2026-06-09 08:00:00,66.9,66.94,66.39,66.6,97943.408
2026-06-09 09:00:00,66.6,66.83,66.08,66.18,68747.028
2026-06-09 10:00:00,66.18,66.49,66.0,66.42,69047.846
2026-06-09 11:00:00,66.41,66.47,65.9,66.11,100844.501
2026-06-09 12:00:00,66.11,66.52,65.95,66.21,105180.147
2026-06-09 13:00:00,66.22,66.38,65.6,65.86,168426.568
2026-06-09 14:00:00,65.86,65.99,64.39,65.08,298483.712
2026-06-09 15:00:00,65.08,65.31,64.26,64.33,175354.058
2026-06-09 16:00:00,64.33,64.5,63.54,64.14,231566.578
2026-06-09 17:00:00,64.15,65.17,64.09,64.79,200739.215
2026-06-09 18:00:00,64.8,65.55,64.66,65.3,103269.15
2026-06-09 19:00:00,65.29,65.65,65.05,65.41,118929.084
2026-06-09 20:00:00,65.42,65.7,65.29,65.62,62861.212
2026-06-09 21:00:00,65.63,65.65,64.88,65.02,56854.166
2026-06-09 22:00:00,65.02,65.35,64.82,64.89,64684.189
2026-06-09 23:00:00,64.89,65.18,64.69,64.96,66205.021
2026-06-10 00:00:00,64.97,65.22,64.49,65.19,84233.108
2026-06-10 01:00:00,65.18,65.32,64.81,65.09,76997.122
2026-06-10 02:00:00,65.1,65.25,64.25,64.31,86926.448
2026-06-10 03:00:00,64.31,64.86,64.27,64.51,44123.438
2026-06-10 04:00:00,64.52,64.66,64.12,64.29,55630.869
2026-06-10 05:00:00,64.29,64.38,63.92,64.13,60065.703
2026-06-10 06:00:00,64.13,64.37,63.83,64.2,59606.958
2026-06-10 07:00:00,64.21,64.8,64.14,64.5,67069.833
2026-06-10 08:00:00,64.5,64.52,63.43,63.61,129989.981
2026-06-10 09:00:00,63.62,63.76,63.07,63.64,98659.859
2026-06-10 10:00:00,63.64,63.79,63.27,63.68,106704.681
2026-06-10 11:00:00,63.68,63.77,62.95,63.49,200978.051
2026-06-10 12:00:00,63.5,64.68,63.3,64.13,300376.717
2026-06-10 13:00:00,64.12,65.54,64.01,65.08,250832.181
2026-06-10 14:00:00,65.08,65.28,64.59,65.06,155732.145
2026-06-10 15:00:00,65.07,65.77,64.56,65.44,226554.09
2026-06-10 16:00:00,65.44,65.49,64.24,64.62,149914.241
2026-06-10 17:00:00,64.62,64.97,63.63,64.04,154897.706
2026-06-10 18:00:00,64.05,64.22,63.36,63.84,113822.262
2026-06-10 19:00:00,63.84,63.95,63.39,63.56,106770.879
2026-06-10 20:00:00,63.56,63.66,63.18,63.33,87301.945
2026-06-10 21:00:00,63.32,63.32,62.34,62.59,95072.098
2026-06-10 22:00:00,62.6,63.07,62.37,62.77,122688.629
2026-06-10 23:00:00,62.78,63.31,62.46,63.19,102968.617
2026-06-11 00:00:00,63.19,63.77,63.19,63.67,95512.483
2026-06-11 01:00:00,63.67,65.16,63.67,64.9,203292.891
2026-06-11 02:00:00,64.91,65.0,64.37,64.52,146307.144
2026-06-11 03:00:00,64.53,65.48,64.33,65.27,148001.461
2026-06-11 04:00:00,65.27,65.35,64.95,65.21,64368.101
2026-06-11 05:00:00,65.21,65.26,64.95,64.97,54688.921
2026-06-11 06:00:00,64.97,65.43,64.81,65.12,107378.558
2026-06-11 07:00:00,65.12,65.18,64.77,65.04,102261.304
2026-06-11 08:00:00,65.04,65.53,65.03,65.31,85090.677
2026-06-11 09:00:00,65.31,65.56,65.01,65.38,138166.813
2026-06-11 10:00:00,65.39,65.66,65.28,65.5,80089.375
2026-06-11 11:00:00,65.5,66.15,65.33,65.88,134867.994
2026-06-11 12:00:00,65.89,65.93,64.89,65.26,205429.977
2026-06-11 13:00:00,65.26,65.74,65.06,65.53,131783.232
2026-06-11 14:00:00,65.52,65.78,64.99,65.35,114293.376
2026-06-11 15:00:00,65.35,65.87,65.0,65.55,124959.416
2026-06-11 16:00:00,65.56,65.8,65.31,65.38,85836.555
2026-06-11 17:00:00,65.39,67.19,65.05,67.15,309473.344
2026-06-11 18:00:00,67.15,67.31,66.64,66.8,144330.852
2026-06-11 19:00:00,66.8,67.42,66.6,66.93,176212.973
2026-06-11 20:00:00,66.93,67.04,66.36,66.6,77772.936
2026-06-11 21:00:00,66.6,67.1,66.58,66.91,45124.266
2026-06-11 22:00:00,66.91,67.14,66.87,66.9,50238.15
2026-06-11 23:00:00,66.89,67.13,66.69,66.93,56080.232
2026-06-12 00:00:00,66.93,67.11,66.75,66.87,63689.552
2026-06-12 01:00:00,66.87,66.87,66.42,66.7,75841.953
2026-06-12 02:00:00,66.69,67.3,66.68,67.14,83188.342
2026-06-12 03:00:00,67.15,67.18,66.68,67.04,70505.663
2026-06-12 04:00:00,67.04,67.24,66.85,67.07,69480.827
2026-06-12 05:00:00,67.07,67.08,66.63,66.74,60435.998
2026-06-12 06:00:00,66.75,66.82,65.95,66.11,129304.937
2026-06-12 07:00:00,66.12,66.49,66.12,66.32,79860.665
2026-06-12 08:00:00,66.32,67.05,66.31,66.92,85054.006
2026-06-12 09:00:00,66.92,67.49,66.85,67.17,192148.681
2026-06-12 10:00:00,67.18,67.35,66.59,66.79,85061.882
2026-06-12 11:00:00,66.79,67.1,66.78,66.93,63656.44
2026-06-12 12:00:00,66.92,67.0,66.63,66.77,104701.082
2026-06-12 13:00:00,66.77,67.01,66.37,66.72,179963.915
2026-06-12 14:00:00,66.73,67.99,66.65,67.94,231104.047
2026-06-12 15:00:00,67.93,68.82,67.18,67.25,567877.598
2026-06-12 16:00:00,67.26,68.01,67.09,68.01,158168.031
2026-06-12 17:00:00,68.02,68.22,67.27,67.4,116277.838
2026-06-12 18:00:00,67.4,67.48,67.01,67.07,88739.808
2026-06-12 19:00:00,67.07,67.42,66.68,66.78,104564.611
2026-06-12 20:00:00,66.79,66.83,66.42,66.68,127370.815
2026-06-12 21:00:00,66.69,66.95,66.47,66.57,41557.281
2026-06-12 22:00:00,66.57,66.76,66.43,66.63,37270.483
2026-06-12 23:00:00,66.64,66.83,66.48,66.82,23762.228
2026-06-13 00:00:00,66.83,67.08,66.78,66.99,37463.438
2026-06-13 01:00:00,67.0,67.51,66.98,67.45,46013.37
2026-06-13 02:00:00,67.44,67.51,66.87,66.97,51075.761
2026-06-13 03:00:00,66.97,67.05,66.7,66.88,44163.632
2026-06-13 04:00:00,66.87,66.96,66.64,66.67,46461.185
2026-06-13 05:00:00,66.67,66.88,66.59,66.79,50866.3
2026-06-13 06:00:00,66.79,67.22,66.67,67.16,49209.984
2026-06-13 07:00:00,67.16,67.47,66.96,67.37,82603.06
2026-06-13 08:00:00,67.38,67.57,67.26,67.33,86604.603
2026-06-13 09:00:00,67.32,67.54,67.29,67.37,64167.356
2026-06-13 10:00:00,67.37,67.61,67.34,67.44,37022.35
2026-06-13 11:00:00,67.44,67.96,67.38,67.9,41929.45
2026-06-13 12:00:00,67.91,68.06,67.77,67.99,91464.722
2026-06-13 13:00:00,67.98,68.45,67.83,68.02,118562.924
2026-06-13 14:00:00,68.02,68.43,67.99,68.29,66425.661
2026-06-13 15:00:00,68.29,68.71,68.18,68.6,83882.753
2026-06-13 16:00:00,68.6,68.63,67.83,68.1,104269.086
2026-06-13 17:00:00,68.09,68.28,67.84,68.0,50125.121
2026-06-13 18:00:00,68.0,68.38,67.97,68.13,30809.045
2026-06-13 19:00:00,68.13,68.4,68.03,68.23,26941.068
2026-06-13 20:00:00,68.24,68.29,68.05,68.28,21443.639
2026-06-13 21:00:00,68.28,69.59,68.23,69.27,162134.293
2026-06-13 22:00:00,69.27,69.28,68.88,68.91,82127.308
2026-06-13 23:00:00,68.9,69.18,68.79,68.94,49248.391
2026-06-14 00:00:00,68.94,68.94,68.65,68.75,54693.338
2026-06-14 01:00:00,68.75,69.1,68.64,68.82,52047.76
2026-06-14 02:00:00,68.82,69.11,68.72,68.83,53277.924
2026-06-14 03:00:00,68.83,69.04,68.76,68.94,35018.465
2026-06-14 04:00:00,68.95,69.01,68.44,68.52,70637.384
2026-06-14 05:00:00,68.53,68.6,67.88,68.24,193457.028
2026-06-14 06:00:00,68.25,68.5,68.1,68.19,53542.124
2026-06-14 07:00:00,68.2,68.25,68.04,68.23,43809.063
2026-06-14 08:00:00,68.23,68.37,68.11,68.25,34707.264
2026-06-14 09:00:00,68.25,68.5,67.92,68.47,53948.603
2026-06-14 10:00:00,68.48,68.52,68.15,68.16,38112.983
2026-06-14 11:00:00,68.16,68.35,68.02,68.11,30742.58
2026-06-14 12:00:00,68.11,68.17,67.7,67.78,48284.66
2026-06-14 13:00:00,67.78,67.87,67.51,67.77,72481.767
2026-06-14 14:00:00,67.77,67.83,66.94,67.27,113223.716
2026-06-14 15:00:00,67.27,67.55,67.26,67.43,47871.527
2026-06-14 16:00:00,67.43,67.76,67.41,67.49,34354.22
2026-06-14 17:00:00,67.48,67.74,67.3,67.34,30112.775
2026-06-14 18:00:00,67.34,67.5,67.19,67.43,19753.904
2026-06-14 19:00:00,67.43,67.75,67.35,67.57,24849.35
2026-06-14 20:00:00,67.57,68.07,67.44,67.81,32460.669
2026-06-14 21:00:00,67.8,70.55,67.8,70.16,316562.604
2026-06-14 22:00:00,70.16,70.73,69.68,70.45,201736.797
2026-06-14 23:00:00,70.45,71.29,70.15,71.28,196135.426
2026-06-15 00:00:00,71.29,71.73,70.94,71.12,200381.55
2026-06-15 01:00:00,71.13,71.35,70.66,71.01,90790.504
2026-06-15 02:00:00,71.0,71.59,70.9,70.99,74590.745
2026-06-15 03:00:00,70.98,71.37,70.91,71.24,66407.788
2026-06-15 04:00:00,71.24,71.27,70.88,70.93,45074.674
2026-06-15 05:00:00,70.92,71.31,70.81,71.22,47802.787
2026-06-15 06:00:00,71.22,71.5,71.11,71.36,53592.34
2026-06-15 07:00:00,71.36,71.5,71.12,71.28,88909.944
2026-06-15 08:00:00,71.28,71.62,71.17,71.3,86589.39
2026-06-15 09:00:00,71.3,71.48,70.8,71.23,89511.864
2026-06-15 10:00:00,71.23,72.12,71.19,71.88,147883.696
2026-06-15 11:00:00,71.88,72.82,71.65,72.61,207495.255
2026-06-15 12:00:00,72.61,73.0,72.31,72.86,131794.055
2026-06-15 13:00:00,72.85,74.23,72.72,73.64,313713.491
2026-06-15 14:00:00,73.63,73.98,73.2,73.82,159755.143
2026-06-15 15:00:00,73.81,75.26,73.79,75.25,232845.748
2026-06-15 16:00:00,75.25,76.09,74.97,75.48,251768.114
2026-06-15 17:00:00,75.47,75.48,74.65,75.28,239068.228
2026-06-15 18:00:00,75.28,75.69,75.1,75.3,93095.678
2026-06-15 19:00:00,75.3,75.81,74.58,75.28,108402.237
2026-06-15 20:00:00,75.27,75.46,74.77,74.95,67283.555
2026-06-15 21:00:00,74.95,75.03,74.4,74.45,78485.986
2026-06-15 22:00:00,74.46,74.61,73.62,73.78,152145.124
2026-06-15 23:00:00,73.77,74.07,73.62,73.98,75389.572
2026-06-16 00:00:00,73.99,74.42,73.85,74.04,69224.92
2026-06-16 01:00:00,74.05,74.35,73.85,73.88,65706.464
2026-06-16 02:00:00,73.89,73.89,72.77,73.01,131869.867
2026-06-16 03:00:00,73.02,73.81,72.87,73.74,80569.975
2026-06-16 04:00:00,73.75,73.94,73.19,73.36,54902.773
2026-06-16 05:00:00,73.37,73.84,73.36,73.67,52950.874
2026-06-16 06:00:00,73.67,74.32,73.67,74.19,77618.241
2026-06-16 07:00:00,74.19,74.54,74.13,74.46,84857.21
2026-06-16 08:00:00,74.45,75.65,74.35,75.4,128588.068
2026-06-16 09:00:00,75.39,75.46,74.81,74.85,79909.2
2026-06-16 10:00:00,74.85,75.12,74.69,74.7,58614.181
2026-06-16 11:00:00,74.7,74.9,74.38,74.66,79772.524
2026-06-16 12:00:00,74.67,75.53,74.49,74.94,135358.982
2026-06-16 13:00:00,74.94,74.97,73.87,73.99,182694.61
2026-06-16 14:00:00,73.99,74.3,72.29,72.98,250959.387
2026-06-16 15:00:00,72.97,73.65,72.87,73.29,114396.913
2026-06-16 16:00:00,73.29,73.48,73.01,73.1,77637.565
2026-06-16 17:00:00,73.11,73.84,73.06,73.67,85666.172
2026-06-16 18:00:00,73.68,74.34,73.58,74.0,111996.48
2026-06-16 19:00:00,74.0,74.23,73.48,73.84,84539.564
2026-06-16 20:00:00,73.85,74.26,73.67,74.14,59635.319
2026-06-16 21:00:00,74.14,74.22,73.73,73.94,51301.898
2026-06-16 22:00:00,73.94,74.1,73.62,73.84,37779.45
2026-06-16 23:00:00,73.85,73.97,73.42,73.52,29354.958
2026-06-17 00:00:00,73.53,73.78,73.32,73.37,46997.719
2026-06-17 01:00:00,73.37,74.0,73.17,73.93,60655.128
2026-06-17 02:00:00,73.94,74.47,73.69,74.05,96814.02
2026-06-17 03:00:00,74.05,74.06,73.52,73.68,56261.076
2026-06-17 04:00:00,73.68,74.11,73.6,73.83,46444.709
2026-06-17 05:00:00,73.84,74.01,73.44,73.65,51720.76
2026-06-17 06:00:00,73.65,73.83,73.19,73.41,59659.269
2026-06-17 07:00:00,73.41,73.61,72.99,73.26,87257.349
2026-06-17 08:00:00,73.27,73.3,72.16,72.34,135226.521
2026-06-17 09:00:00,72.34,72.67,72.31,72.54,63506.222
2026-06-17 10:00:00,72.54,72.69,72.12,72.15,48941.844
2026-06-17 11:00:00,72.15,72.24,71.71,72.04,84886.915
2026-06-17 12:00:00,72.04,72.36,71.59,72.33,83612.499
2026-06-17 13:00:00,72.33,72.77,72.16,72.43,98807.369
2026-06-17 14:00:00,72.42,72.67,71.82,72.39,117857.886
2026-06-17 15:00:00,72.39,73.87,72.36,73.81,133738.882
2026-06-17 16:00:00,73.8,74.69,73.71,73.76,153649.037
2026-06-17 17:00:00,73.77,74.35,73.47,74.22,81781.987
2026-06-17 18:00:00,74.21,74.38,72.19,73.5,355750.323
2026-06-17 19:00:00,73.49,73.71,71.43,71.66,292101.821
2026-06-17 20:00:00,71.66,72.25,71.55,72.2,102640.899
2026-06-17 21:00:00,72.19,72.23,71.38,71.62,62582.524
2026-06-17 22:00:00,71.61,71.95,70.83,71.7,78960.944
2026-06-17 23:00:00,71.71,72.13,71.69,72.05,43383.688
2026-06-18 00:00:00,72.05,72.5,72.03,72.22,48547.507
2026-06-18 01:00:00,72.22,72.64,72.09,72.21,37956.591
2026-06-18 02:00:00,72.22,72.68,72.13,72.54,58257.5
2026-06-18 03:00:00,72.53,72.55,71.54,71.65,60126.254
2026-06-18 04:00:00,71.66,71.73,70.91,71.06,81871.729
2026-06-18 05:00:00,71.05,71.14,70.64,71.14,75690.834
2026-06-18 06:00:00,71.13,71.41,70.99,71.34,42452.534
2026-06-18 07:00:00,71.35,71.85,71.16,71.78,53820.989
2026-06-18 08:00:00,71.77,72.08,71.64,71.85,59084.128
2026-06-18 09:00:00,71.86,72.16,71.75,71.85,37654.818
2026-06-18 10:00:00,71.85,71.85,71.08,71.39,104010.109
2026-06-18 11:00:00,71.39,71.56,70.72,70.94,79836.012
2026-06-18 12:00:00,70.94,71.62,70.87,71.57,55981.246
2026-06-18 13:00:00,71.57,71.8,70.73,71.05,93581.469
2026-06-18 14:00:00,71.06,71.72,70.7,71.08,124384.941
2026-06-18 15:00:00,71.08,71.1,68.35,68.44,498784.608
2026-06-18 16:00:00,68.43,69.13,68.38,69.06,181301.529
2026-06-18 17:00:00,69.07,69.15,68.5,68.64,102969.562
2026-06-18 18:00:00,68.64,68.99,68.23,68.66,147840.926
2026-06-18 19:00:00,68.66,69.53,68.57,69.37,89639.557
2026-06-18 20:00:00,69.38,69.96,69.38,69.82,75565.732
2026-06-18 21:00:00,69.81,69.9,69.41,69.57,60363.6
2026-06-18 22:00:00,69.56,69.69,69.26,69.52,53927.783
2026-06-18 23:00:00,69.51,69.79,69.27,69.71,40062.371
2026-06-19 00:00:00,69.72,69.9,69.53,69.81,56062.941
2026-06-19 01:00:00,69.8,70.03,69.54,69.94,48680.144
2026-06-19 02:00:00,69.94,70.09,69.41,69.66,46462.891
2026-06-19 03:00:00,69.65,69.74,68.64,69.05,164081.694
2026-06-19 04:00:00,69.06,69.27,68.1,68.33,133933.868
2026-06-19 05:00:00,68.33,68.75,68.32,68.7,96105.278
2026-06-19 06:00:00,68.69,68.84,68.46,68.75,112846.885
2026-06-19 07:00:00,68.75,68.77,67.98,68.38,94522.845
2026-06-19 08:00:00,68.37,68.75,68.23,68.68,76368.919
2026-06-19 09:00:00,68.69,68.76,68.22,68.33,67278.479
2026-06-19 10:00:00,68.32,68.46,68.05,68.3,82241.402
2026-06-19 11:00:00,68.31,68.47,68.09,68.25,61862.214
2026-06-19 12:00:00,68.25,68.71,67.92,68.62,99976.23
2026-06-19 13:00:00,68.62,69.58,68.4,69.28,149932.402
2026-06-19 14:00:00,69.28,69.48,68.83,69.15,96828.392
2026-06-19 15:00:00,69.14,69.54,68.93,69.33,66234.751
2026-06-19 16:00:00,69.34,69.57,68.69,68.71,82500.095
2026-06-19 17:00:00,68.72,69.52,68.63,69.31,65555.599
2026-06-19 18:00:00,69.32,69.37,68.8,69.06,38052.658
2026-06-19 19:00:00,69.05,69.16,68.78,68.97,44918.231
2026-06-19 20:00:00,68.97,69.31,68.72,69.25,31454.211
2026-06-19 21:00:00,69.25,69.31,68.91,69.02,34582.689
2026-06-19 22:00:00,69.01,69.44,69.0,69.42,61373.262
2026-06-19 23:00:00,69.43,69.87,69.24,69.74,72714.788
2026-06-20 00:00:00,69.73,70.12,69.61,69.63,89692.457
2026-06-20 01:00:00,69.62,69.95,69.54,69.8,32309.702
2026-06-20 02:00:00,69.8,69.86,69.48,69.65,36533.063
2026-06-20 03:00:00,69.66,70.11,69.62,70.0,53423.81
2026-06-20 04:00:00,70.0,71.09,69.89,70.86,103542.958
2026-06-20 05:00:00,70.87,72.46,70.72,71.8,173683.895
2026-06-20 06:00:00,71.8,72.39,71.71,72.12,103980.817
2026-06-20 07:00:00,72.12,72.15,71.45,71.6,75932.218
2026-06-20 08:00:00,71.6,71.65,71.27,71.34,64686.511
2026-06-20 09:00:00,71.34,71.63,71.21,71.57,55197.875
2026-06-20 10:00:00,71.57,71.72,71.41,71.69,38092.521
2026-06-20 11:00:00,71.69,72.1,71.45,71.78,56490.448
2026-06-20 12:00:00,71.78,71.94,71.38,71.56,66486.387
2026-06-20 13:00:00,71.55,71.58,70.75,71.19,85462.161
2026-06-20 14:00:00,71.19,72.18,70.47,71.93,166026.559
2026-06-20 15:00:00,71.94,72.62,71.49,72.02,345082.299
2026-06-20 16:00:00,72.03,72.05,71.32,71.67,128031.775
2026-06-20 17:00:00,71.67,71.68,71.09,71.55,52934.745
2026-06-20 18:00:00,71.56,71.99,71.53,71.75,69624.594
2026-06-20 19:00:00,71.75,71.92,71.6,71.86,53925.99
2026-06-20 20:00:00,71.86,72.07,71.7,72.01,46159.868
2026-06-20 21:00:00,72.02,72.45,71.96,72.41,49010.686
2026-06-20 22:00:00,72.41,74.3,72.36,73.56,255371.48
2026-06-20 23:00:00,73.56,73.65,73.21,73.22,65931.808
2026-06-21 00:00:00,73.22,73.28,73.02,73.2,50783.813
2026-06-21 01:00:00,73.2,73.32,72.88,73.19,55705.138
2026-06-21 02:00:00,73.19,73.39,73.08,73.34,31953.75
2026-06-21 03:00:00,73.34,73.86,73.13,73.63,113803.369
2026-06-21 04:00:00,73.63,73.84,73.39,73.44,45055.876
2026-06-21 05:00:00,73.44,73.52,73.01,73.09,45918.298
2026-06-21 06:00:00,73.09,73.36,73.04,73.24,41475.298
2026-06-21 07:00:00,73.25,73.45,73.07,73.21,166976.776
2026-06-21 08:00:00,73.21,73.25,72.75,73.15,97362.467
2026-06-21 09:00:00,73.16,74.1,73.08,74.05,123475.706
2026-06-21 10:00:00,74.04,74.4,73.87,73.9,106025.042
2026-06-21 11:00:00,73.91,74.04,73.07,73.21,75409.009
2026-06-21 12:00:00,73.21,73.69,72.93,73.65,135448.191
2026-06-21 13:00:00,73.65,73.93,73.47,73.91,116612.678
2026-06-21 14:00:00,73.92,74.15,73.63,74.11,114476.757
2026-06-21 15:00:00,74.11,74.29,73.91,74.14,66306.147
2026-06-21 16:00:00,74.14,74.68,73.8,74.34,91123.039
2026-06-21 17:00:00,74.34,74.64,74.04,74.24,95065.842
2026-06-21 18:00:00,74.25,74.44,73.86,74.22,98577.389
2026-06-21 19:00:00,74.21,74.47,74.11,74.42,37234.342
2026-06-21 20:00:00,74.42,74.55,73.34,73.42,80489.03
2026-06-21 21:00:00,73.43,73.47,72.42,73.15,150999.111
2026-06-21 22:00:00,73.14,73.26,72.63,73.06,73823.856
2026-06-21 23:00:00,73.05,73.1,72.31,72.46,108584.694
2026-06-22 00:00:00,72.47,73.59,72.46,73.36,103710.641
2026-06-22 01:00:00,73.37,74.99,73.27,74.37,191909.013
2026-06-22 02:00:00,74.37,74.46,73.77,73.83,82099.166
2026-06-22 03:00:00,73.84,74.06,73.29,73.52,95274.82
2026-06-22 04:00:00,73.53,73.91,73.36,73.86,88522.178
2026-06-22 05:00:00,73.87,74.15,73.8,73.95,59283.568
2026-06-22 06:00:00,73.96,74.21,73.56,73.71,61212.293
2026-06-22 07:00:00,73.72,74.48,73.67,74.1,84946.447
2026-06-22 08:00:00,74.1,74.33,73.71,73.9,79772.549
2026-06-22 09:00:00,73.89,74.03,73.57,73.8,61836.585
2026-06-22 10:00:00,73.79,74.01,73.6,73.78,50650.13
2026-06-22 11:00:00,73.77,74.44,73.64,74.17,250333.205
2026-06-22 12:00:00,74.18,74.56,74.0,74.41,173681.723
2026-06-22 13:00:00,74.42,74.98,74.24,74.98,191736.843
2026-06-22 14:00:00,74.97,75.0,73.19,73.44,221209.13
2026-06-22 15:00:00,73.45,73.8,72.98,73.14,132069.817
2026-06-22 16:00:00,73.15,73.21,72.55,72.95,126835.764
2026-06-22 17:00:00,72.95,73.34,72.63,73.28,59765.784
2026-06-22 18:00:00,73.28,73.57,72.58,72.64,104171.034
2026-06-22 19:00:00,72.64,72.81,72.45,72.71,86356.895
2026-06-22 20:00:00,72.71,72.97,72.49,72.83,40056.151
2026-06-22 21:00:00,72.82,72.89,72.28,72.73,47245.83
2026-06-22 22:00:00,72.74,72.96,71.37,72.11,134404.111
2026-06-22 23:00:00,72.11,72.17,71.82,71.95,40140.39
2026-06-23 00:00:00,71.95,72.01,71.46,71.88,69273.443
2026-06-23 01:00:00,71.89,72.04,71.31,71.72,66120.409
2026-06-23 02:00:00,71.71,72.06,71.54,72.0,58271.013
2026-06-23 03:00:00,71.99,72.01,71.73,72.0,43972.128
2026-06-23 04:00:00,71.99,72.03,71.37,71.45,50400.276
2026-06-23 05:00:00,71.46,71.6,70.9,71.02,81827.004
2026-06-23 06:00:00,71.03,71.07,69.68,70.33,226879.089
2026-06-23 07:00:00,70.33,70.56,69.97,70.01,147921.654
2026-06-23 08:00:00,70.01,70.11,68.16,68.7,354240.759
2026-06-23 09:00:00,68.71,69.06,68.68,68.93,115063.175
2026-06-23 10:00:00,68.93,69.22,68.61,68.82,66289.858
2026-06-23 11:00:00,68.82,69.38,68.82,69.33,88613.203
2026-06-23 12:00:00,69.33,69.38,68.87,68.98,76392.781
2026-06-23 13:00:00,68.98,69.37,68.64,69.2,147090.516
2026-06-23 14:00:00,69.2,69.68,69.06,69.2,120384.98
2026-06-23 15:00:00,69.2,69.2,68.4,68.92,87673.904
2026-06-23 16:00:00,68.93,69.41,68.81,68.9,97343.659
2026-06-23 17:00:00,68.89,69.19,68.64,68.78,37570.846
2026-06-23 18:00:00,68.78,69.05,68.69,68.91,43917.128
2026-06-23 19:00:00,68.9,69.11,68.73,68.84,48268.352
2026-06-23 20:00:00,68.84,69.06,68.83,69.01,33350.563
2026-06-23 21:00:00,69.02,69.31,68.97,69.27,44272.529
2026-06-23 22:00:00,69.27,69.84,69.26,69.56,58575.578
2026-06-23 23:00:00,69.56,69.82,69.31,69.71,38806.438
2026-06-24 00:00:00,69.7,70.14,69.59,69.99,62322.349
2026-06-24 01:00:00,70.0,70.41,69.67,70.09,80642.47
2026-06-24 02:00:00,70.09,70.15,69.43,69.46,71586.522
2026-06-24 03:00:00,69.46,69.77,69.1,69.56,49187.914
2026-06-24 04:00:00,69.57,69.7,69.0,69.58,52609.006
2026-06-24 05:00:00,69.59,70.22,69.52,69.95,69893.074
2026-06-24 06:00:00,69.95,70.04,69.7,69.75,63506.548
2026-06-24 07:00:00,69.75,69.79,69.28,69.38,65877.757
2026-06-24 08:00:00,69.38,69.63,69.25,69.48,62541.362
2026-06-24 09:00:00,69.48,69.55,69.2,69.31,97596.397
2026-06-24 10:00:00,69.31,69.35,68.96,69.05,63646.967
2026-06-24 11:00:00,69.05,70.44,68.77,69.82,116152.287
2026-06-24 12:00:00,69.82,69.93,69.41,69.46,64524.267
2026-06-24 13:00:00,69.46,69.5,68.37,68.88,250377.265
2026-06-24 14:00:00,68.87,69.43,68.59,68.85,174917.477
2026-06-24 15:00:00,68.86,68.9,67.24,67.33,178449.337
2026-06-24 16:00:00,67.32,68.03,66.28,66.52,568454.036
2026-06-24 17:00:00,66.52,66.92,64.71,64.98,409632.055
2026-06-24 18:00:00,64.98,66.5,64.83,66.03,231997.633
2026-06-24 19:00:00,66.04,66.39,65.54,66.13,128029.456
2026-06-24 20:00:00,66.13,68.01,65.98,67.68,270507.541
2026-06-24 21:00:00,67.69,68.12,67.22,68.09,123508.194
2026-06-24 22:00:00,68.08,68.55,67.69,67.83,69717.518
2026-06-24 23:00:00,67.84,68.2,67.76,68.11,42990.097
2026-06-25 00:00:00,68.12,68.32,67.57,67.72,61805.237
2026-06-25 01:00:00,67.72,68.01,67.4,67.89,75604.252
2026-06-25 02:00:00,67.89,67.94,67.61,67.74,35486.972
2026-06-25 03:00:00,67.75,67.87,67.47,67.7,60280.93
2026-06-25 04:00:00,67.7,68.51,67.5,68.46,83359.396
2026-06-25 05:00:00,68.47,69.31,68.35,69.04,193552.002
2026-06-25 06:00:00,69.03,69.66,69.01,69.47,132524.603
2026-06-25 07:00:00,69.48,69.58,69.24,69.45,90052.657
2026-06-25 08:00:00,69.44,69.45,68.99,69.05,82641.573
2026-06-25 09:00:00,69.06,69.19,68.8,68.83,47562.621
2026-06-25 10:00:00,68.83,68.88,68.13,68.29,97123.555
2026-06-25 11:00:00,68.3,68.44,68.0,68.18,102663.847
2026-06-25 12:00:00,68.18,68.92,67.79,68.29,167650.431
2026-06-25 13:00:00,68.29,68.45,64.04,64.23,570872.698
2026-06-25 14:00:00,64.23,67.24,64.23,66.36,606207.423
2026-06-25 15:00:00,66.37,66.39,65.24,66.32,224938.704
2026-06-25 16:00:00,66.32,67.05,65.65,65.98,183517.994
2026-06-25 17:00:00,65.98,67.35,65.82,67.13,176489.456
2026-06-25 18:00:00,67.12,67.16,65.91,66.18,213512.177
2026-06-25 19:00:00,66.19,66.22,65.65,66.2,103226.32
2026-06-25 20:00:00,66.19,66.8,66.08,66.27,99763.52
2026-06-25 21:00:00,66.28,67.31,66.27,67.28,69774.564
2026-06-25 22:00:00,67.28,67.35,66.94,67.15,71115.209
2026-06-25 23:00:00,67.16,68.81,67.0,67.72,167175.14
2026-06-26 00:00:00,67.72,68.1,67.62,67.74,85692.205
2026-06-26 01:00:00,67.74,67.91,67.14,67.32,113538.5
2026-06-26 02:00:00,67.32,67.36,65.93,66.2,212243.61
2026-06-26 03:00:00,66.21,68.5,65.91,68.21,273214.945
2026-06-26 04:00:00,68.22,68.38,67.96,68.06,114284.508
2026-06-26 05:00:00,68.07,68.47,67.97,68.38,99377.639
2026-06-26 06:00:00,68.37,70.01,68.01,69.99,347176.399
2026-06-26 07:00:00,70.0,70.99,69.93,70.77,326907.501
2026-06-26 08:00:00,70.78,70.88,69.72,69.94,204505.664
2026-06-26 09:00:00,69.95,69.95,68.85,69.01,162342.86
2026-06-26 10:00:00,69.01,69.25,68.64,68.78,68124.134
2026-06-26 11:00:00,68.78,69.1,68.39,68.61,68243.112
2026-06-26 12:00:00,68.61,69.74,68.37,68.87,130724.263
2026-06-26 13:00:00,68.87,70.94,68.19,70.71,269629.655
2026-06-26 14:00:00,70.71,71.99,70.24,70.46,379679.254
2026-06-26 15:00:00,70.47,72.24,70.31,72.07,260548.108
2026-06-26 16:00:00,72.06,73.53,72.01,72.48,332248.046
2026-06-26 17:00:00,72.49,72.88,72.18,72.56,142021.061
2026-06-26 18:00:00,72.57,73.1,72.37,72.6,118672.417
2026-06-26 19:00:00,72.6,73.93,72.48,73.01,219094.456
2026-06-26 20:00:00,73.01,73.68,72.05,72.17,245579.176
2026-06-26 21:00:00,72.18,72.4,71.8,71.99,108722.07
2026-06-26 22:00:00,71.98,72.09,71.41,71.83,95015.562
2026-06-26 23:00:00,71.82,72.02,71.68,71.9,45283.571
2026-06-27 00:00:00,71.9,72.5,71.58,71.82,124374.672
2026-06-27 01:00:00,71.83,71.83,71.36,71.44,58283.45
2026-06-27 02:00:00,71.44,72.26,71.39,72.12,77157.586
2026-06-27 03:00:00,72.11,72.43,71.84,72.27,108184.654
2026-06-27 04:00:00,72.26,72.59,71.9,71.94,79180.17
2026-06-27 05:00:00,71.93,72.03,71.51,71.81,118653.282
2026-06-27 06:00:00,71.81,72.33,71.62,72.13,63569.363
2026-06-27 07:00:00,72.13,72.35,72.01,72.31,55692.988
2026-06-27 08:00:00,72.31,72.33,71.88,72.03,54585.252
2026-06-27 09:00:00,72.03,72.11,71.72,71.86,42418.365
2026-06-27 10:00:00,71.85,72.05,71.83,72.04,32281.48
2026-06-27 11:00:00,72.04,72.09,71.53,71.81,55641.773
2026-06-27 12:00:00,71.81,72.18,71.64,72.17,101149.805
2026-06-27 13:00:00,72.17,72.61,72.13,72.36,85200.466
2026-06-27 14:00:00,72.36,72.9,72.21,72.7,75932.262
2026-06-27 15:00:00,72.71,73.19,72.62,72.84,96009.048
2026-06-27 16:00:00,72.83,73.01,72.63,72.64,61295.872
2026-06-27 17:00:00,72.64,72.65,71.9,72.06,135186.819
2026-06-27 18:00:00,72.05,72.18,71.76,71.92,58373.363
2026-06-27 19:00:00,71.92,72.01,70.94,71.11,141823.113
2026-06-27 20:00:00,71.11,71.35,71.09,71.3,35153.436
2026-06-27 21:00:00,71.31,71.63,70.81,70.98,101719.468
2026-06-27 22:00:00,70.98,71.1,70.25,71.09,96202.616
2026-06-27 23:00:00,71.09,71.16,70.42,70.5,63763.257
2026-06-28 00:00:00,70.49,70.82,70.45,70.72,54279.501
2026-06-28 01:00:00,70.72,70.93,70.44,70.83,37991.598
2026-06-28 02:00:00,70.84,71.01,70.49,70.73,36480.141
2026-06-28 03:00:00,70.72,70.98,70.72,70.87,40983.643
2026-06-28 04:00:00,70.86,70.99,70.55,70.77,36424.954
2026-06-28 05:00:00,70.77,70.77,70.14,70.52,99472.695
2026-06-28 06:00:00,70.52,70.56,70.17,70.45,53833.992
2026-06-28 07:00:00,70.45,71.09,70.44,71.08,55602.276
2026-06-28 08:00:00,71.08,72.2,71.06,71.91,139131.441
2026-06-28 09:00:00,71.91,72.05,71.45,71.54,71324.871
2026-06-28 10:00:00,71.53,71.6,71.11,71.48,52654.536
2026-06-28 11:00:00,71.48,72.03,71.41,71.92,74703.348
2026-06-28 12:00:00,71.92,72.41,71.65,71.88,75592.064
2026-06-28 13:00:00,71.87,72.1,71.33,71.74,59366.621
2026-06-28 14:00:00,71.74,72.2,71.65,71.65,44268.526
2026-06-28 15:00:00,71.66,72.12,71.45,72.09,67077.307
2026-06-28 16:00:00,72.09,72.13,71.16,71.56,106698.406
2026-06-28 17:00:00,71.56,71.98,70.97,71.55,67678.315
2026-06-28 18:00:00,71.55,71.73,71.0,71.18,47572.662
2026-06-28 19:00:00,71.18,71.32,70.25,70.74,72184.536
2026-06-28 20:00:00,70.73,71.29,70.66,70.92,63919.142
2026-06-28 21:00:00,70.92,71.07,70.26,70.46,63791.154
2026-06-28 22:00:00,70.47,71.53,69.74,70.24,172709.212
2026-06-28 23:00:00,70.23,71.82,70.14,71.38,115533.977
2026-06-29 00:00:00,71.39,71.7,70.35,71.66,139706.996
2026-06-29 01:00:00,71.66,71.7,70.95,71.49,90570.163
2026-06-29 02:00:00,71.49,72.21,70.51,72.18,137598.885
2026-06-29 03:00:00,72.19,73.33,72.18,72.68,185308.6
2026-06-29 04:00:00,72.68,72.69,71.64,71.68,78551.207
2026-06-29 05:00:00,71.69,72.35,71.03,72.32,108925.65
2026-06-29 06:00:00,72.33,73.12,72.21,72.39,114185.101
2026-06-29 07:00:00,72.39,72.93,72.08,72.72,66082.435
2026-06-29 08:00:00,72.72,73.02,72.39,72.73,109603.194
2026-06-29 09:00:00,72.72,73.17,72.61,72.94,78271.603
2026-06-29 10:00:00,72.94,73.68,72.94,73.25,122356.997
2026-06-29 11:00:00,73.25,73.28,72.25,72.52,133647.211
2026-06-29 12:00:00,72.53,74.55,72.12,73.52,458704.032
2026-06-29 13:00:00,73.52,74.35,72.72,73.74,392557.495
2026-06-29 14:00:00,73.74,74.01,72.32,73.73,289453.192
2026-06-29 15:00:00,73.74,74.43,72.79,73.92,225421.602
2026-06-29 16:00:00,73.92,74.16,72.89,74.03,155885.544
2026-06-29 17:00:00,74.02,76.49,74.0,75.31,446422.303
2026-06-29 18:00:00,75.31,75.84,75.14,75.59,90882.628
2026-06-29 19:00:00,75.6,76.22,75.41,75.98,129946.07
2026-06-29 20:00:00,75.98,76.0,75.27,75.37,71069.533
2026-06-29 21:00:00,75.38,75.8,75.23,75.53,88468.806
2026-06-29 22:00:00,75.52,75.66,75.05,75.27,64064.357
2026-06-29 23:00:00,75.28,75.44,74.89,75.16,84038.496
2026-06-30 00:00:00,75.17,75.24,74.19,74.42,122255.061
2026-06-30 01:00:00,74.43,74.67,74.05,74.41,94891.258
2026-06-30 02:00:00,74.41,74.84,74.04,74.59,53074.697
2026-06-30 03:00:00,74.6,74.89,74.14,74.19,56471.727
2026-06-30 04:00:00,74.19,74.25,73.69,74.02,106409.917
2026-06-30 05:00:00,74.03,74.23,73.85,74.23,50261.917
2026-06-30 06:00:00,74.23,74.26,73.91,74.17,51848.771
2026-06-30 07:00:00,74.17,74.25,73.86,74.16,56997.356
2026-06-30 08:00:00,74.16,75.8,73.3,73.64,222120.819
2026-06-30 09:00:00,73.63,73.88,73.55,73.8,97800.748
2026-06-30 10:00:00,73.8,73.9,73.48,73.69,57815.212
2026-06-30 11:00:00,73.69,73.78,73.34,73.4,74952.033
2026-06-30 12:00:00,73.41,73.42,72.06,72.08,137868.486
2026-06-30 13:00:00,72.08,72.94,71.9,72.88,459618.178
2026-06-30 14:00:00,72.87,73.91,72.74,72.95,166319.159
2026-06-30 15:00:00,72.96,74.1,72.6,73.13,196377.65
2026-06-30 16:00:00,73.14,73.72,72.73,73.52,141863.663
2026-06-30 17:00:00,73.52,73.93,73.16,73.18,92560.848
2026-06-30 18:00:00,73.17,73.8,72.95,73.6,92931.644
2026-06-30 19:00:00,73.6,73.97,73.35,73.75,78681.44
2026-06-30 20:00:00,73.74,73.94,73.53,73.69,108021.974
2026-06-30 21:00:00,73.69,73.8,73.19,73.49,64472.548
2026-06-30 22:00:00,73.5,73.75,73.27,73.43,49634.252
2026-06-30 23:00:00,73.44,73.71,73.32,73.67,35534.745
2026-07-01 00:00:00,73.67,73.88,73.36,73.65,84635.394
2026-07-01 01:00:00,73.65,74.36,72.25,73.95,178813.083
2026-07-01 02:00:00,73.95,75.03,73.79,74.78,131997.894
2026-07-01 03:00:00,74.78,75.69,74.35,75.48,211277.217
2026-07-01 04:00:00,75.48,75.87,75.25,75.57,129662.044
2026-07-01 05:00:00,75.56,75.79,75.14,75.25,77826.114
2026-07-01 06:00:00,75.24,75.28,73.96,74.31,137912.853
2026-07-01 07:00:00,74.32,74.96,74.1,74.87,117148.126
2026-07-01 08:00:00,74.87,75.52,74.46,75.44,111391.919
2026-07-01 09:00:00,75.44,75.58,75.05,75.45,166959.048
2026-07-01 10:00:00,75.46,75.57,74.97,74.99,78051.014
2026-07-01 11:00:00,74.99,75.32,74.64,74.84,137050.264
2026-07-01 12:00:00,74.84,74.96,74.27,74.62,148280.336
2026-07-01 13:00:00,74.61,76.34,74.61,76.04,314220.09
2026-07-01 14:00:00,76.04,77.27,75.64,76.97,381964.185
2026-07-01 15:00:00,76.97,77.8,76.82,77.43,207929.078
2026-07-01 16:00:00,77.43,78.25,76.91,77.17,227425.268
2026-07-01 17:00:00,77.17,77.98,76.85,77.77,109490.594
2026-07-01 18:00:00,77.77,77.91,77.29,77.42,88106.478
2026-07-01 19:00:00,77.42,77.69,76.8,77.0,78208.059
2026-07-01 20:00:00,77.01,77.51,76.59,77.42,91107.046
2026-07-01 21:00:00,77.43,78.7,77.43,78.42,143842.981
2026-07-01 22:00:00,78.41,78.96,77.77,77.87,152885.592
2026-07-01 23:00:00,77.86,77.9,77.26,77.46,107140.619
2026-07-02 00:00:00,77.46,77.46,76.9,77.26,99982.113
2026-07-02 01:00:00,77.27,78.71,77.23,78.2,88273.789
2026-07-02 02:00:00,78.2,78.6,77.8,78.44,63065.311
2026-07-02 03:00:00,78.44,78.96,77.76,78.72,189947.763
2026-07-02 04:00:00,78.71,78.72,78.06,78.29,74617.907
2026-07-02 05:00:00,78.28,78.36,77.79,78.11,51191.285
2026-07-02 06:00:00,78.11,78.64,77.74,77.9,89241.45
2026-07-02 07:00:00,77.91,78.2,77.59,77.99,78501.177
2026-07-02 08:00:00,78.0,78.52,77.94,78.48,81362.815
2026-07-02 09:00:00,78.48,79.8,78.29,79.5,280892.53
2026-07-02 10:00:00,79.49,82.18,79.43,82.09,546659.945
2026-07-02 11:00:00,82.09,82.78,81.51,82.38,451490.056
2026-07-02 12:00:00,82.37,82.45,81.12,81.41,342925.02
2026-07-02 13:00:00,81.4,81.99,80.72,81.51,271405.637
2026-07-02 14:00:00,81.5,81.53,80.12,80.54,225131.868
2026-07-02 15:00:00,80.54,80.92,80.09,80.86,106735.751
2026-07-02 16:00:00,80.87,81.11,80.15,80.56,130433.907
2026-07-02 17:00:00,80.55,81.24,80.51,80.63,181782.198
2026-07-02 18:00:00,80.64,81.26,80.64,81.04,75834.33
2026-07-02 19:00:00,81.04,81.32,80.8,80.83,72905.776
2026-07-02 20:00:00,80.84,81.11,80.58,81.03,71255.418
2026-07-02 21:00:00,81.03,81.17,80.5,80.8,39918.899
2026-07-02 22:00:00,80.79,80.89,80.41,80.66,89672.337
2026-07-02 23:00:00,80.66,80.78,80.5,80.73,37276.528
2026-07-03 00:00:00,80.72,80.92,80.52,80.75,62314.824
2026-07-03 01:00:00,80.74,81.69,80.71,81.48,80882.381
2026-07-03 02:00:00,81.49,81.68,80.66,80.82,57374.163
2026-07-03 03:00:00,80.81,80.98,80.34,80.73,62469.671
2026-07-03 04:00:00,80.72,80.81,80.44,80.51,54434.024
2026-07-03 05:00:00,80.5,81.26,80.47,81.15,46309.42
2026-07-03 06:00:00,81.16,81.39,80.73,80.96,88714.081
2026-07-03 07:00:00,80.97,81.51,80.83,81.22,55121.274
2026-07-03 08:00:00,81.23,81.53,80.84,80.92,80455.146
2026-07-03 09:00:00,80.91,81.3,80.67,81.02,70838.601
2026-07-03 10:00:00,81.02,81.88,80.87,81.54,121888.584
2026-07-03 11:00:00,81.55,81.71,81.25,81.58,76519.84
2026-07-03 12:00:00,81.57,81.78,81.23,81.53,81760.055
2026-07-03 13:00:00,81.54,81.85,81.43,81.61,70317.395
2026-07-03 14:00:00,81.61,81.84,80.91,81.69,77681.258
2026-07-03 15:00:00,81.69,82.06,81.15,81.21,90757.545
2026-07-03 16:00:00,81.21,81.57,81.08,81.54,45739.966
2026-07-03 17:00:00,81.54,81.98,81.47,81.78,58286.517
2026-07-03 18:00:00,81.79,82.37,81.63,82.12,78448.819
2026-07-03 19:00:00,82.12,83.22,82.08,82.48,161096.194
2026-07-03 20:00:00,82.47,83.0,82.24,82.72,106115.341
2026-07-03 21:00:00,82.72,83.05,82.16,82.66,61940.77
2026-07-03 22:00:00,82.67,82.68,82.25,82.34,39911.665
2026-07-03 23:00:00,82.35,82.51,82.18,82.34,39839.849
2026-07-04 00:00:00,82.35,82.74,82.26,82.39,58520.845
2026-07-04 01:00:00,82.39,82.39,81.8,81.95,69235.892
2026-07-04 02:00:00,81.94,82.4,81.9,82.18,32896.719
2026-07-04 03:00:00,82.18,82.85,82.05,82.74,153657.827
2026-07-04 04:00:00,82.74,83.98,82.66,83.48,162634.455
2026-07-04 05:00:00,83.47,83.49,82.9,83.38,83305.775
2026-07-04 06:00:00,83.38,83.59,82.39,82.55,226691.074
2026-07-04 07:00:00,82.55,82.83,82.26,82.72,68091.524
2026-07-04 08:00:00,82.72,82.78,82.25,82.32,69486.769
2026-07-04 09:00:00,82.31,82.34,81.61,81.74,88799.724
2026-07-04 10:00:00,81.74,81.94,81.42,81.65,62870.639
2026-07-04 11:00:00,81.64,81.93,81.53,81.82,71552.892
2026-07-04 12:00:00,81.82,82.0,81.36,81.59,67204.927
2026-07-04 13:00:00,81.59,81.92,81.39,81.66,45424.281
2026-07-04 14:00:00,81.65,81.87,81.55,81.8,45005.885
2026-07-04 15:00:00,81.8,82.42,81.72,82.23,96810.217
2026-07-04 16:00:00,82.24,82.39,82.0,82.22,52344.217
2026-07-04 17:00:00,82.21,82.83,81.9,82.52,95043.363
2026-07-04 18:00:00,82.53,82.62,82.1,82.27,50845.9
2026-07-04 19:00:00,82.27,82.34,81.71,81.88,61567.928
2026-07-04 20:00:00,81.88,82.29,81.58,81.98,63181.482
2026-07-04 21:00:00,81.99,82.23,81.85,82.0,29808.968
2026-07-04 22:00:00,81.99,82.04,81.79,81.94,18657.325
2026-07-04 23:00:00,81.93,81.94,81.45,81.8,80151.834
2026-07-05 00:00:00,81.8,81.84,81.12,81.3,69479.951
2026-07-05 01:00:00,81.31,81.46,80.54,80.84,134936.558
2026-07-05 02:00:00,80.85,80.89,80.2,80.36,84342.82
2026-07-05 03:00:00,80.37,80.61,80.35,80.56,41507.314
2026-07-05 04:00:00,80.56,80.87,80.41,80.6,42993.241
2026-07-05 05:00:00,80.59,80.59,80.24,80.48,33560.915
2026-07-05 06:00:00,80.48,80.67,80.34,80.6,30317.292
2026-07-05 07:00:00,80.6,80.77,80.37,80.72,34536.572
2026-07-05 08:00:00,80.72,80.87,80.46,80.5,44572.817
2026-07-05 09:00:00,80.5,80.55,79.68,79.9,95986.941
2026-07-05 10:00:00,79.9,80.45,79.75,80.44,61161.69
2026-07-05 11:00:00,80.44,80.66,80.36,80.57,42339.197
2026-07-05 12:00:00,80.57,81.32,80.37,80.76,91543.402
2026-07-05 13:00:00,80.76,81.25,80.69,81.25,56120.094
2026-07-05 14:00:00,81.25,81.6,81.03,81.46,58191.791
2026-07-05 15:00:00,81.45,81.75,81.12,81.36,43155.888
2026-07-05 16:00:00,81.36,81.54,80.91,81.1,53830.87
2026-07-05 17:00:00,81.09,81.38,81.01,81.14,33068.052
2026-07-05 18:00:00,81.14,81.27,81.0,81.01,19898.958
2026-07-05 19:00:00,81.01,81.13,80.81,81.04,43057.027
2026-07-05 20:00:00,81.04,81.18,80.96,81.07,19029.154
2026-07-05 21:00:00,81.08,82.22,80.79,81.8,79328.09
2026-07-05 22:00:00,81.8,82.43,81.65,81.82,129910.541
2026-07-05 23:00:00,81.82,82.08,81.44,81.59,62612.964
2026-07-06 00:00:00,81.59,82.24,81.11,82.2,76464.004
2026-07-06 01:00:00,82.2,82.33,81.48,81.55,57155.669
2026-07-06 02:00:00,81.54,81.68,80.82,81.01,108512.702
2026-07-06 03:00:00,81.01,81.05,80.45,80.8,63018.985
2026-07-06 04:00:00,80.8,81.02,80.7,80.82,62372.524
2026-07-06 05:00:00,80.81,80.82,80.15,80.42,53010.581
2026-07-06 06:00:00,80.42,80.53,80.26,80.35,37071.64
2026-07-06 07:00:00,80.36,81.02,80.27,80.82,70798.673
2026-07-06 08:00:00,80.83,81.08,80.3,80.49,49045.977
2026-07-06 09:00:00,80.49,80.5,80.06,80.08,49014.904
2026-07-06 10:00:00,80.07,80.71,80.06,80.67,66359.703
2026-07-06 11:00:00,80.66,81.0,80.38,80.39,57350.223
2026-07-06 12:00:00,80.39,80.64,79.27,79.46,252460.46
2026-07-06 13:00:00,79.46,80.91,79.23,80.16,199929.197
2026-07-06 14:00:00,80.17,80.79,79.86,80.29,113912.291
2026-07-06 15:00:00,80.3,81.54,80.29,81.5,158256.059
2026-07-06 16:00:00,81.5,82.4,81.29,82.1,225823.934
2026-07-06 17:00:00,82.1,82.19,81.45,81.65,81411.15
2026-07-06 18:00:00,81.64,82.3,81.31,81.99,149312.058
2026-07-06 19:00:00,81.99,82.18,81.81,82.07,69461.116
2026-07-06 20:00:00,82.08,82.25,81.68,82.1,42002.289
2026-07-06 21:00:00,82.1,83.74,82.06,82.82,229534.245
2026-07-06 22:00:00,82.83,82.88,82.25,82.32,69758.17
2026-07-06 23:00:00,82.33,82.43,81.91,81.94,51571.086
2026-07-07 00:00:00,81.94,82.5,81.82,82.36,86146.145
2026-07-07 01:00:00,82.36,82.37,81.81,81.9,48516.335
2026-07-07 02:00:00,81.9,81.99,81.29,81.35,46660.553
2026-07-07 03:00:00,81.36,81.48,80.97,81.05,56727.778
2026-07-07 04:00:00,81.05,81.1,80.65,80.92,57179.65
2026-07-07 05:00:00,80.91,81.22,80.46,81.11,76897.667
2026-07-07 06:00:00,81.11,81.64,80.81,81.54,66490.696
2026-07-07 07:00:00,81.55,81.76,81.35,81.5,70326.792
2026-07-07 08:00:00,81.51,81.6,81.21,81.28,115628.842
2026-07-07 09:00:00,81.28,81.49,81.14,81.31,61966.225
2026-07-07 10:00:00,81.31,81.59,80.93,80.99,77915.607
2026-07-07 11:00:00,80.99,81.4,80.76,81.32,55060.772
2026-07-07 12:00:00,81.32,82.0,81.3,81.45,109334.517
2026-07-07 13:00:00,81.45,81.62,80.66,80.84,124183.564
2026-07-07 14:00:00,80.85,81.92,80.51,81.81,131754.052
2026-07-07 15:00:00,81.81,82.36,81.5,82.11,124871.508
2026-07-07 16:00:00,82.11,82.57,81.82,82.22,81896.252
2026-07-07 17:00:00,82.21,82.79,82.09,82.72,60810.991
2026-07-07 18:00:00,82.73,82.73,81.24,81.3,68631.646
2026-07-07 19:00:00,81.3,81.56,80.78,81.37,101089.133
2026-07-07 20:00:00,81.38,81.49,81.01,81.17,37655.91
2026-07-07 21:00:00,81.17,81.42,80.57,80.84,77130.445
2026-07-07 22:00:00,80.83,81.1,80.34,80.88,71034.461
2026-07-07 23:00:00,80.87,81.15,80.51,80.58,51079.976
2026-07-08 00:00:00,80.58,80.78,80.35,80.37,92383.664
2026-07-08 01:00:00,80.37,80.42,78.82,79.1,168955.668
2026-07-08 02:00:00,79.09,79.18,78.22,79.06,145442.63
2026-07-08 03:00:00,79.07,79.34,78.62,78.73,65768.243
2026-07-08 04:00:00,78.73,78.93,78.35,78.64,47502.726
2026-07-08 05:00:00,78.65,78.82,78.35,78.42,75950.028
2026-07-08 06:00:00,78.43,78.46,77.95,78.23,105746.595
2026-07-08 07:00:00,78.23,78.34,77.8,78.28,174640.783
2026-07-08 08:00:00,78.29,78.43,76.9,77.25,201507.595
2026-07-08 09:00:00,77.26,77.49,77.01,77.19,78732.565
2026-07-08 10:00:00,77.19,77.5,76.94,77.33,66068.265
2026-07-08 11:00:00,77.33,77.71,77.08,77.56,75575.294
2026-07-08 12:00:00,77.56,77.66,77.02,77.03,67212.054
2026-07-08 13:00:00,77.03,77.47,76.64,77.31,196699.757
2026-07-08 14:00:00,77.3,77.42,76.71,77.11,113392.189
2026-07-08 15:00:00,77.11,77.15,76.29,76.75,104437.484
2026-07-08 16:00:00,76.76,77.36,76.76,77.29,75682.973
2026-07-08 17:00:00,77.29,77.68,77.04,77.13,77173.095
2026-07-08 18:00:00,77.13,77.36,76.82,77.14,40185.337
2026-07-08 19:00:00,77.15,77.49,76.95,77.42,49770.505
2026-07-08 20:00:00,77.42,77.57,77.05,77.17,37142.429
2026-07-08 21:00:00,77.18,77.35,76.93,77.26,30357.617
2026-07-08 22:00:00,77.26,77.59,77.18,77.55,43417.443
2026-07-08 23:00:00,77.54,77.95,77.43,77.83,37658.421
2026-07-09 00:00:00,77.83,77.9,77.52,77.71,53552.598
2026-07-09 01:00:00,77.72,78.78,77.25,77.35,116679.781
2026-07-09 02:00:00,77.35,77.84,76.98,77.07,64513.214
2026-07-09 03:00:00,77.06,77.41,76.71,77.38,53488.682
2026-07-09 04:00:00,77.39,78.04,77.22,77.99,49556.853
2026-07-09 05:00:00,77.98,78.4,77.74,78.4,77144.521
2026-07-09 06:00:00,78.4,78.62,78.11,78.49,68073.739
2026-07-09 07:00:00,78.5,78.83,78.14,78.21,90359.847
2026-07-09 08:00:00,78.22,78.41,77.96,78.11,56128.508
2026-07-09 09:00:00,78.11,78.18,77.86,78.14,44117.537
2026-07-09 10:00:00,78.13,78.22,77.52,77.68,83102.414
2026-07-09 11:00:00,77.69,77.78,77.32,77.61,50326.61
2026-07-09 12:00:00,77.61,78.21,77.41,77.64,153550.337
2026-07-09 13:00:00,77.64,78.49,77.35,78.22,87817.541
2026-07-09 14:00:00,78.22,78.35,77.58,77.88,63101.347
2026-07-09 15:00:00,77.88,78.2,77.51,77.63,54848.792
2026-07-09 16:00:00,77.63,77.81,77.26,77.69,53100.1
2026-07-09 17:00:00,77.69,78.16,77.63,78.06,51133.226
2026-07-09 18:00:00,78.06,78.43,78.0,78.19,51711.54
2026-07-09 19:00:00,78.2,78.32,77.91,78.15,29760.19
2026-07-09 20:00:00,78.16,78.32,77.98,78.15,24332.185
2026-07-09 21:00:00,78.16,78.29,77.9,78.04,28433.061
2026-07-09 22:00:00,78.05,78.29,77.99,78.11,25710.488
2026-07-09 23:00:00,78.11,78.21,77.74,78.04,27894.723
2026-07-10 00:00:00,78.05,78.16,77.79,78.12,40025.564
2026-07-10 01:00:00,78.12,79.45,77.94,79.05,103044.321
2026-07-10 02:00:00,79.06,79.16,78.83,79.05,60267.898
2026-07-10 03:00:00,79.05,79.13,78.73,79.07,89571.36
2026-07-10 04:00:00,79.07,79.11,78.84,78.97,35451.251
2026-07-10 05:00:00,78.97,79.37,78.87,79.18,105417.132
2026-07-10 06:00:00,79.18,79.24,78.86,78.92,38219.563
2026-07-10 07:00:00,78.92,79.08,78.75,78.87,39607.521
2026-07-10 08:00:00,78.87,79.42,78.81,79.2,89265.764
2026-07-10 09:00:00,79.19,79.38,78.95,79.22,69921.117
2026-07-10 10:00:00,79.23,79.68,79.15,79.39,65102.536
2026-07-10 11:00:00,79.4,79.52,79.18,79.36,45431.976
2026-07-10 12:00:00,79.37,79.56,78.9,78.92,65434.658
2026-07-10 13:00:00,78.92,79.35,78.77,78.99,83014.2
2026-07-10 14:00:00,78.98,78.98,77.07,77.91,417405.181
2026-07-10 15:00:00,77.9,78.36,77.78,78.14,82710.136
2026-07-10 16:00:00,78.15,78.26,77.66,78.14,61178.963
2026-07-10 17:00:00,78.14,78.17,77.58,77.59,81808.236
2026-07-10 18:00:00,77.58,77.91,77.33,77.53,70765.371
2026-07-10 19:00:00,77.52,78.05,77.45,77.89,43414.329
2026-07-10 20:00:00,77.9,77.99,77.71,77.76,34881.234
2026-07-10 21:00:00,77.75,78.11,77.73,78.0,31525.613
2026-07-10 22:00:00,78.0,78.25,77.94,78.17,62504.207
2026-07-10 23:00:00,78.17,78.18,77.93,78.13,37763.944
2026-07-11 00:00:00,78.14,78.14,77.79,77.85,42959.285
2026-07-11 01:00:00,77.85,78.07,77.47,77.54,57564.122
2026-07-11 02:00:00,77.54,77.83,77.49,77.78,52804.732
2026-07-11 03:00:00,77.78,77.88,77.6,77.79,35187.024
2026-07-11 04:00:00,77.8,77.86,77.65,77.74,28642.927
2026-07-11 05:00:00,77.74,77.98,77.6,77.9,36626.906
2026-07-11 06:00:00,77.91,78.12,77.79,78.06,46872.82
2026-07-11 07:00:00,78.07,78.11,77.93,78.0,45980.877
2026-07-11 08:00:00,77.99,78.18,77.95,78.17,26548.007
2026-07-11 09:00:00,78.16,78.34,77.83,77.84,39556.469
2026-07-11 10:00:00,77.84,78.11,77.75,78.05,51207.442
2026-07-11 11:00:00,78.05,78.15,77.99,78.13,25814.219
2026-07-11 12:00:00,78.13,78.21,77.95,78.08,25724.666
2026-07-11 13:00:00,78.09,78.45,78.03,78.18,32274.229
2026-07-11 14:00:00,78.17,78.74,78.17,78.5,43928.048
2026-07-11 15:00:00,78.5,78.88,77.97,78.38,107261.415
2026-07-11 16:00:00,78.39,78.4,77.63,77.94,289995.388
2026-07-11 17:00:00,77.93,78.19,77.82,78.09,47887.016
2026-07-11 18:00:00,78.08,78.31,78.0,78.08,45323.202
2026-07-11 19:00:00,78.08,78.15,77.88,78.15,40047.642
2026-07-11 20:00:00,78.15,78.28,78.11,78.17,18030.692
2026-07-11 21:00:00,78.17,78.32,78.13,78.23,33181.683
2026-07-11 22:00:00,78.23,78.27,77.75,77.89,42089.598
2026-07-11 23:00:00,77.89,77.93,76.77,76.79,125960.058
2026-07-12 00:00:00,76.79,76.88,75.65,76.11,140521.188
2026-07-12 01:00:00,76.1,76.88,76.04,76.84,68315.62
2026-07-12 02:00:00,76.83,76.92,76.63,76.86,37965.738
2026-07-12 03:00:00,76.86,77.09,76.75,77.04,67755.803
2026-07-12 04:00:00,77.05,77.08,76.61,76.71,36569.952
2026-07-12 05:00:00,76.71,76.83,76.38,76.44,32721.92
2026-07-12 06:00:00,76.44,76.44,75.85,76.37,55318.341
2026-07-12 07:00:00,76.37,76.71,76.31,76.51,36837.449
2026-07-12 08:00:00,76.52,76.83,76.47,76.7,35106.013
2026-07-12 09:00:00,76.71,76.91,76.39,76.75,38331.348
2026-07-12 10:00:00,76.76,76.85,76.66,76.71,17467.216
2026-07-12 11:00:00,76.72,77.28,76.53,76.95,40113.964
2026-07-12 12:00:00,76.94,77.24,76.78,77.19,56862.275
2026-07-12 13:00:00,77.19,77.49,77.13,77.15,46390.15
2026-07-12 14:00:00,77.16,77.71,76.97,77.55,60382.375
2026-07-12 15:00:00,77.55,77.62,77.28,77.46,56923.489
2026-07-12 16:00:00,77.47,77.67,77.38,77.54,49559.074
2026-07-12 17:00:00,77.55,77.61,77.23,77.35,19306.605
2026-07-12 18:00:00,77.35,77.65,77.24,77.57,28119.636
2026-07-12 19:00:00,77.58,77.78,77.44,77.68,18703.973
2026-07-12 20:00:00,77.67,77.71,77.44,77.46,13127.961
2026-07-12 21:00:00,77.46,77.7,76.97,77.1,44216.036
2026-07-12 22:00:00,77.1,77.1,76.46,76.77,72297.142
2026-07-12 23:00:00,76.77,76.95,76.65,76.92,34101.692
2026-07-13 00:00:00,76.92,78.2,76.82,77.52,150612.79
2026-07-13 01:00:00,77.52,77.66,76.29,76.32,92200.466
2026-07-13 02:00:00,76.32,76.67,76.13,76.48,59194.652
2026-07-13 03:00:00,76.48,76.5,75.43,75.86,108422.124
2026-07-13 04:00:00,75.87,76.17,75.72,75.92,75432.494
2026-07-13 05:00:00,75.93,76.47,75.74,76.4,88725.331
2026-07-13 06:00:00,76.4,76.59,76.28,76.34,49233.863
2026-07-13 07:00:00,76.34,76.69,76.23,76.44,50502.849
2026-07-13 08:00:00,76.45,76.9,76.36,76.73,41703.128
2026-07-13 09:00:00,76.74,76.75,76.6,76.62,22876.296
2026-07-13 10:00:00,76.63,76.63,76.1,76.29,49372.317
2026-07-13 11:00:00,76.29,76.59,76.28,76.34,50822.908
2026-07-13 12:00:00,76.35,76.41,75.74,75.85,66390.115
2026-07-13 13:00:00,75.85,75.95,75.11,75.4,95621.728
2026-07-13 14:00:00,75.4,76.18,75.34,76.16,103230.011
2026-07-13 15:00:00,76.16,76.31,75.75,75.81,53539.797
2026-07-13 16:00:00,75.82,76.04,75.2,75.3,43155.532
2026-07-13 17:00:00,75.3,75.47,74.52,74.59,102893.883
2026-07-13 18:00:00,74.6,75.04,74.57,74.86,49735.288
2026-07-13 19:00:00,74.87,75.25,74.75,75.2,47155.212
2026-07-13 20:00:00,75.19,75.35,74.59,74.8,49368.803
2026-07-13 21:00:00,74.81,74.81,74.1,74.42,69663.118
2026-07-13 22:00:00,74.41,74.75,74.4,74.52,39885.173
2026-07-13 23:00:00,74.52,75.02,74.41,75.01,38910.484
2026-07-14 00:00:00,75.02,75.49,74.83,75.45,72029.001
2026-07-14 01:00:00,75.45,75.56,75.22,75.3,41260.909
2026-07-14 02:00:00,75.31,75.33,74.87,75.08,37800.252
2026-07-14 03:00:00,75.08,75.17,74.56,75.15,32083.39
2026-07-14 04:00:00,75.15,75.34,75.04,75.15,33710.009
2026-07-14 05:00:00,75.16,75.48,75.1,75.42,31768.125
2026-07-14 06:00:00,75.41,75.44,75.1,75.16,53315.765
2026-07-14 07:00:00,75.16,75.26,74.91,74.97,40095.745
2026-07-14 08:00:00,74.98,75.39,74.85,75.16,33657.531
2026-07-14 09:00:00,75.16,75.31,74.88,75.08,30784.634
2026-07-14 10:00:00,75.08,75.6,74.96,75.47,51927.463
2026-07-14 11:00:00,75.48,75.62,75.34,75.4,71205.362
2026-07-14 12:00:00,75.4,76.98,75.19,76.86,291221.758
2026-07-14 13:00:00,76.86,77.73,76.5,76.94,254275.169
2026-07-14 14:00:00,76.94,77.5,76.68,77.35,125652.705
2026-07-14 15:00:00,77.35,77.95,77.18,77.38,163057.896
2026-07-14 16:00:00,77.39,77.65,77.12,77.28,63318.691
2026-07-14 17:00:00,77.29,77.3,76.81,77.18,60735.238
2026-07-14 18:00:00,77.18,77.34,77.0,77.29,43864.276
2026-07-14 19:00:00,77.3,77.53,77.11,77.17,50931.222
2026-07-14 20:00:00,77.18,77.22,76.93,77.18,35902.246
2026-07-14 21:00:00,77.18,77.41,77.13,77.21,39432.504
2026-07-14 22:00:00,77.22,77.95,77.1,77.62,89696.171
2026-07-14 23:00:00,77.63,77.92,77.55,77.87,50253.54
2026-07-15 00:00:00,77.87,77.92,77.47,77.66,47671.994
2026-07-15 01:00:00,77.67,77.82,77.28,77.44,61605.767
2026-07-15 02:00:00,77.43,77.59,77.03,77.29,74804.377
2026-07-15 03:00:00,77.3,77.9,77.23,77.78,47465.878
2026-07-15 04:00:00,77.78,78.18,77.54,78.02,55833.135
2026-07-15 05:00:00,78.02,78.33,77.65,78.26,75424.953
2026-07-15 06:00:00,78.26,78.7,77.94,77.94,167363.776
2026-07-15 07:00:00,77.95,78.01,77.4,77.42,54867.198
2026-07-15 08:00:00,77.42,77.62,77.23,77.58,62008.649
2026-07-15 09:00:00,77.57,77.91,77.43,77.49,38046.609
2026-07-15 10:00:00,77.49,77.71,77.23,77.37,49120.592
2026-07-15 11:00:00,77.37,77.53,77.34,77.52,37779.813
2026-07-15 12:00:00,77.53,78.31,77.26,78.28,125652.339
2026-07-15 13:00:00,78.28,79.04,77.71,78.11,253391.641
2026-07-15 14:00:00,78.11,78.39,77.78,78.22,98123.199
2026-07-15 15:00:00,78.22,78.25,77.76,78.07,100345.689
2026-07-15 16:00:00,78.06,78.12,77.07,77.63,115744.444
2026-07-15 17:00:00,77.63,78.05,77.5,77.82,63500.613
2026-07-15 18:00:00,77.82,78.09,77.51,77.58,47315.924
2026-07-15 19:00:00,77.59,77.69,76.94,77.18,82691.575
2026-07-15 20:00:00,77.18,77.54,77.1,77.38,30726.918
2026-07-15 21:00:00,77.38,77.52,77.24,77.41,32917.941
2026-07-15 22:00:00,77.41,77.74,77.3,77.48,36814.471
2026-07-15 23:00:00,77.48,77.61,77.21,77.29,30174.093
2026-07-16 00:00:00,77.28,77.48,76.7,76.95,65093.466
2026-07-16 01:00:00,76.94,77.15,76.7,77.09,64948.074
2026-07-16 02:00:00,77.09,77.15,76.86,77.13,28369.744
2026-07-16 03:00:00,77.13,77.28,76.81,76.95,53232.303
2026-07-16 04:00:00,76.95,77.02,76.59,76.81,56859.375
2026-07-16 05:00:00,76.82,77.52,76.74,77.48,66397.321
2026-07-16 06:00:00,77.49,77.64,77.12,77.35,54368.906
2026-07-16 07:00:00,77.35,77.35,76.14,76.41,156919.38
2026-07-16 08:00:00,76.42,76.48,75.64,76.16,169472.804
2026-07-16 09:00:00,76.16,76.26,75.99,76.02,55355.618
2026-07-16 10:00:00,76.03,76.35,76.01,76.21,26069.46
2026-07-16 11:00:00,76.21,76.29,76.04,76.28,43120.896
2026-07-16 12:00:00,76.27,76.29,75.69,75.93,82239.063
2026-07-16 13:00:00,75.92,76.63,75.91,76.36,86343.708
2026-07-16 14:00:00,76.36,76.8,76.19,76.49,66142.586
2026-07-16 15:00:00,76.5,76.86,76.0,76.63,63718.354
2026-07-16 16:00:00,76.63,76.63,76.1,76.27,41365.783
2026-07-16 17:00:00,76.27,76.27,75.39,75.61,90894.288
2026-07-16 18:00:00,75.62,75.92,75.43,75.74,61014.12
2026-07-16 19:00:00,75.73,75.94,75.62,75.81,40538.518
2026-07-16 20:00:00,75.8,75.9,75.7,75.8,19713.701
2026-07-16 21:00:00,75.79,76.08,75.77,75.94,24126.565
2026-07-16 22:00:00,75.95,76.04,75.24,75.32,38814.838
2026-07-16 23:00:00,75.32,75.42,75.01,75.32,70335.807
2026-07-17 00:00:00,75.33,75.56,74.92,75.55,61959.453
2026-07-17 01:00:00,75.56,75.75,74.98,75.1,53980.094
2026-07-17 02:00:00,75.09,75.28,74.75,75.0,60917.52
2026-07-17 03:00:00,75.0,75.45,74.99,75.23,28547.11
2026-07-17 04:00:00,75.23,75.34,74.75,75.24,57934.7
2026-07-17 05:00:00,75.23,75.23,74.29,74.4,76026.5
2026-07-17 06:00:00,74.39,74.77,74.31,74.6,48343.231
2026-07-17 07:00:00,74.6,74.76,74.42,74.61,53882.316
2026-07-17 08:00:00,74.62,74.69,74.2,74.53,57543.24
2026-07-17 09:00:00,74.53,74.82,74.47,74.65,28292.697
2026-07-17 10:00:00,74.66,74.88,74.63,74.8,38575.961
2026-07-17 11:00:00,74.8,75.0,74.64,74.86,41451.534
2026-07-17 12:00:00,74.86,74.88,74.37,74.4,48894.815
2026-07-17 13:00:00,74.4,74.4,73.39,74.33,211034.554
2026-07-17 14:00:00,74.34,74.81,74.09,74.32,112199.427
2026-07-17 15:00:00,74.32,74.78,73.8,74.77,79182.482
2026-07-17 16:00:00,74.78,75.12,74.61,74.94,68877.711
2026-07-17 17:00:00,74.95,75.6,74.95,75.24,62078.659
2026-07-17 18:00:00,75.24,75.41,74.98,75.32,34049.599
2026-07-17 19:00:00,75.32,75.37,74.86,75.2,38983.106
2026-07-17 20:00:00,75.2,75.21,74.89,75.11,32625.442
2026-07-17 21:00:00,75.11,75.24,74.96,75.01,26405.716
2026-07-17 22:00:00,75.01,75.13,74.84,75.02,19069.92
2026-07-17 23:00:00,75.03,75.14,74.85,75.04,20637.288
2026-07-18 00:00:00,75.04,75.27,74.99,75.09,20031.214
2026-07-18 01:00:00,75.1,75.24,75.04,75.23,21660.396
2026-07-18 02:00:00,75.23,75.45,75.15,75.21,27213.666
2026-07-18 03:00:00,75.21,75.38,75.14,75.38,17634.659
2026-07-18 04:00:00,75.37,75.39,75.05,75.1,18664.413
2026-07-18 05:00:00,75.11,75.12,74.87,74.92,26531.736
2026-07-18 06:00:00,74.93,75.09,74.92,74.98,14717.253
2026-07-18 07:00:00,74.98,75.05,74.9,74.97,25960.219
2026-07-18 08:00:00,74.97,75.04,74.79,74.96,25244.004
2026-07-18 09:00:00,74.96,75.01,74.66,74.85,27390.79
2026-07-18 10:00:00,74.84,74.95,74.8,74.91,18490.987
2026-07-18 11:00:00,74.91,75.02,74.89,74.97,15168.533
2026-07-18 12:00:00,74.96,75.19,74.72,75.01,28522.925
2026-07-18 13:00:00,75.0,75.01,74.5,74.73,47164.348
2026-07-18 14:00:00,74.73,75.01,74.65,74.98,24448.016
2026-07-18 15:00:00,74.99,75.04,74.81,74.97,19994.63
2026-07-18 16:00:00,74.96,75.29,74.84,75.17,50772.559
2026-07-18 17:00:00,75.17,75.41,75.06,75.35,51531.416
2026-07-18 18:00:00,75.36,75.67,75.18,75.29,60282.568
2026-07-18 19:00:00,75.28,75.45,75.23,75.44,15936.112
2026-07-18 20:00:00,75.45,75.58,75.34,75.47,21091.681
2026-07-18 21:00:00,75.47,75.64,75.35,75.49,26048.578
2026-07-18 22:00:00,75.48,75.61,75.39,75.57,30048.334
2026-07-18 23:00:00,75.57,75.6,75.4,75.52,16462.658
2026-07-19 00:00:00,75.53,75.68,75.45,75.63,27362.288
2026-07-19 01:00:00,75.64,75.74,75.51,75.68,78324.542
2026-07-19 02:00:00,75.68,76.57,75.67,76.21,114697.438
2026-07-19 03:00:00,76.2,76.45,75.81,75.96,43953.325
2026-07-19 04:00:00,75.95,76.08,75.74,76.0,29404.94
2026-07-19 05:00:00,76.01,76.1,75.9,75.97,21801.019
2026-07-19 06:00:00,75.98,76.17,75.95,76.11,80281.405
2026-07-19 07:00:00,76.12,76.34,76.01,76.14,72095.721
2026-07-19 08:00:00,76.14,76.38,76.08,76.28,57040.779
2026-07-19 09:00:00,76.28,76.31,75.93,75.99,33880.786
2026-07-19 10:00:00,75.99,76.53,75.9,76.26,35511.587
2026-07-19 11:00:00,76.26,76.41,76.04,76.06,45535.162
2026-07-19 12:00:00,76.07,76.18,75.76,76.01,60224.9
2026-07-19 13:00:00,76.02,76.15,75.88,76.12,34585.477
2026-07-19 14:00:00,76.12,76.7,76.05,76.43,57378.977
2026-07-19 15:00:00,76.43,76.48,76.08,76.21,32607.67
2026-07-19 16:00:00,76.22,76.29,75.87,75.92,31299.014
2026-07-19 17:00:00,75.92,76.23,75.59,75.97,64127.531
2026-07-19 18:00:00,75.96,75.98,75.37,75.75,56509.702
2026-07-19 19:00:00,75.76,75.89,75.63,75.88,25324.55
2026-07-19 20:00:00,75.89,76.15,75.87,76.14,27280.973
2026-07-19 21:00:00,76.14,76.24,75.71,75.78,34537.465
2026-07-19 22:00:00,75.78,76.42,75.63,76.1,60392.259
2026-07-19 23:00:00,76.1,76.57,75.88,76.38,52752.936
2026-07-20 00:00:00,76.38,77.12,76.13,76.57,142220.375
2026-07-20 01:00:00,76.57,77.4,76.29,76.39,94828.463
2026-07-20 02:00:00,76.39,77.2,76.37,76.98,57997.619
2026-07-20 03:00:00,76.98,77.09,76.54,76.76,35865.163
2026-07-20 04:00:00,76.76,76.95,76.3,76.46,41790.909
2026-07-20 05:00:00,76.46,76.5,75.78,75.92,76866.319
2026-07-20 06:00:00,75.93,76.05,75.5,75.64,78138.127
2026-07-20 07:00:00,75.64,76.25,75.54,76.22,57291.587
2026-07-20 08:00:00,76.22,76.44,75.9,76.15,73433.359
2026-07-20 09:00:00,76.16,76.75,76.08,76.47,64685.31
2026-07-20 10:00:00,76.47,76.69,76.34,76.34,32489.468
2026-07-20 11:00:00,76.35,77.24,76.31,77.14,112096.924
2026-07-20 12:00:00,77.14,77.15,76.67,76.75,67140.685
2026-07-20 13:00:00,76.75,77.14,76.14,76.29,91294.785
2026-07-20 14:00:00,76.29,76.47,75.79,76.15,111307.298
2026-07-20 15:00:00,76.16,77.92,76.11,77.76,195124.762
2026-07-20 16:00:00,77.77,77.88,77.45,77.66,94822.624
2026-07-20 17:00:00,77.66,77.91,77.36,77.74,65988.757
2026-07-20 18:00:00,77.75,78.38,77.6,77.67,141524.468
2026-07-20 19:00:00,77.66,77.73,77.29,77.63,87186.553
2026-07-20 20:00:00,77.64,78.05,77.54,77.88,46134.858
2026-07-20 21:00:00,77.88,78.03,77.74,77.74,44662.496
2026-07-20 22:00:00,77.74,77.84,77.44,77.44,31402.732
2026-07-20 23:00:00,77.44,77.89,77.43,77.85,22907.21
2026-07-21 00:00:00,77.85,78.29,77.75,78.12,41708.877
2026-07-21 01:00:00,78.11,78.22,77.83,77.84,36842.283
2026-07-21 02:00:00,77.84,78.25,77.66,78.02,24413.716
2026-07-21 03:00:00,78.03,78.55,78.02,78.19,56817.038
2026-07-21 04:00:00,78.2,78.39,78.02,78.13,59952.528
2026-07-21 05:00:00,78.12,78.67,78.11,78.45,53244.592
2026-07-21 06:00:00,78.46,78.88,78.3,78.67,76914.703
2026-07-21 07:00:00,78.67,78.75,78.48,78.56,63730.428
2026-07-21 08:00:00,78.57,78.75,78.34,78.36,80898.654
2026-07-21 09:00:00,78.37,78.51,78.15,78.43,54285.509
2026-07-21 10:00:00,78.43,78.49,78.07,78.22,53365.371
2026-07-21 11:00:00,78.22,78.43,78.1,78.36,49535.421
2026-07-21 12:00:00,78.36,78.55,78.27,78.52,48335.769
2026-07-21 13:00:00,78.53,78.64,78.21,78.58,66463.229
2026-07-21 14:00:00,78.58,78.64,77.9,78.0,130101.208
2026-07-21 15:00:00,78.01,78.16,77.79,78.14,80428.601
2026-07-21 16:00:00,78.15,78.25,77.97,78.19,38634.786
2026-07-21 17:00:00,78.2,78.24,77.42,77.72,70521.68
2026-07-21 18:00:00,77.72,78.0,77.6,77.85,30551.99
2026-07-21 19:00:00,77.86,78.0,77.71,77.87,46450.926
2026-07-21 20:00:00,77.86,78.11,77.8,77.91,31742.751
2026-07-21 21:00:00,77.9,78.14,77.8,78.05,38934.849
2026-07-21 22:00:00,78.04,78.06,77.85,78.0,23978.2
2026-07-21 23:00:00,77.99,78.2,77.81,78.12,25708.211
2026-07-22 00:00:00,78.13,78.59,78.11,78.46,51416.658
2026-07-22 01:00:00,78.45,78.52,78.15,78.34,40447.471
2026-07-22 02:00:00,78.35,78.51,78.09,78.13,33521.628
2026-07-22 03:00:00,78.12,78.24,77.81,77.87,29868.791
2026-07-22 04:00:00,77.87,78.23,77.83,78.06,78686.964
2026-07-22 05:00:00,78.06,78.08,77.41,77.43,84324.565
2026-07-22 06:00:00,77.43,77.5,77.01,77.29,80790.306
2026-07-22 07:00:00,77.3,77.32,77.0,77.1,49497.98
2026-07-22 08:00:00,77.11,77.52,77.06,77.43,49938.799
2026-07-22 09:00:00,77.43,77.59,77.29,77.55,43825.045
2026-07-22 10:00:00,77.56,77.74,77.45,77.68,53474.894
2026-07-22 11:00:00,77.68,77.82,77.48,77.56,56884.383
2026-07-22 12:00:00,77.56,77.57,77.02,77.24,57718.29
2026-07-22 13:00:00,77.24,77.95,77.14,77.87,96044.938
2026-07-22 14:00:00,77.87,78.47,77.4,77.9,99355.583
2026-07-22 15:00:00,77.9,78.85,77.9,78.47,120444.674
2026-07-22 16:00:00,78.46,78.81,78.1,78.58,76423.852
2026-07-22 17:00:00,78.57,78.65,78.15,78.21,46544.136
2026-07-22 18:00:00,78.22,78.29,77.46,77.74,73601.436
2026-07-22 19:00:00,77.75,77.81,77.31,77.66,50840.721
2026-07-22 20:00:00,77.66,77.96,77.58,77.8,38686.561
2026-07-22 21:00:00,77.8,78.08,77.68,78.02,24815.506
2026-07-22 22:00:00,78.02,78.12,77.7,78.01,57888.023
2026-07-22 23:00:00,78.01,78.03,77.5,77.97,29610.969
2026-07-23 00:00:00,77.97,78.54,77.97,78.27,81695.101
2026-07-23 01:00:00,78.27,78.41,77.87,77.9,36815.184
2026-07-23 02:00:00,77.9,77.9,77.4,77.76,58028.588
2026-07-23 03:00:00,77.76,77.79,77.47,77.6,24067.664
2026-07-23 04:00:00,77.6,77.83,77.38,77.53,50125.411
2026-07-23 05:00:00,77.53,77.72,77.4,77.53,31751.764
2026-07-23 06:00:00,77.53,77.59,77.37,77.57,41875.877
2026-07-23 07:00:00,77.58,77.58,77.04,77.16,80186.86
2026-07-23 08:00:00,77.16,77.5,77.11,77.47,28996.01
2026-07-23 09:00:00,77.47,77.65,77.4,77.49,28715.223
2026-07-23 10:00:00,77.49,77.81,77.43,77.74,27480.233
2026-07-23 11:00:00,77.75,77.87,77.57,77.67,54206.688
2026-07-23 12:00:00,77.67,77.74,76.5,76.94,145824.703
2026-07-23 13:00:00,76.94,77.05,76.57,76.7,106880.049
2026-07-23 14:00:00,76.7,76.89,76.34,76.43,74047.135
2026-07-23 15:00:00,76.44,76.45,75.86,76.39,115003.15
2026-07-23 16:00:00,76.39,76.39,75.83,76.01,53233.212
2026-07-23 17:00:00,76.0,76.17,75.47,75.65,61167.227
2026-07-23 18:00:00,75.65,75.85,75.56,75.81,38326.211
2026-07-23 19:00:00,75.81,75.85,75.43,75.75,46737.961
2026-07-23 20:00:00,75.74,76.18,75.71,76.12,30168.216
2026-07-23 21:00:00,76.12,76.28,75.92,76.05,39843.919
2026-07-23 22:00:00,76.05,76.25,75.86,76.19,36336.122
2026-07-23 23:00:00,76.19,76.26,75.87,75.88,55139.418
2026-07-24 00:00:00,75.88,75.9,75.53,75.82,43222.255
2026-07-24 01:00:00,75.83,76.13,75.66,75.7,42561.101
2026-07-24 02:00:00,75.7,75.92,75.3,75.53,46804.634
2026-07-24 03:00:00,75.54,75.96,75.48,75.83,37385.314
2026-07-24 04:00:00,75.84,75.86,75.6,75.66,24433.568
2026-07-24 05:00:00,75.66,75.92,75.59,75.8,41435.771
2026-07-24 06:00:00,75.8,76.02,75.73,75.85,26210.683
2026-07-24 07:00:00,75.85,76.45,75.78,76.07,63913.676
2026-07-24 08:00:00,76.08,76.11,75.71,75.78,44069.018
2026-07-24 09:00:00,75.78,75.83,75.36,75.62,97113.034
2026-07-24 10:00:00,75.62,75.65,75.38,75.49,43053.332
2026-07-24 11:00:00,75.49,75.51,74.97,75.2,76788.061
2026-07-24 12:00:00,75.2,75.3,74.81,74.86,49301.956
2026-07-24 13:00:00,74.86,74.93,73.99,74.22,176220.183
2026-07-24 14:00:00,74.21,74.27,73.61,74.03,134189.482
2026-07-24 15:00:00,74.03,74.3,73.69,74.04,112269.242
2026-07-24 16:00:00,74.04,74.22,73.71,73.9,78505.929
2026-07-24 17:00:00,73.9,74.15,73.86,74.05,57279.451
2026-07-24 18:00:00,74.04,74.08,73.9,73.98,30109.605
2026-07-24 19:00:00,73.98,74.05,73.79,73.97,44077.873
2026-07-24 20:00:00,73.97,74.03,73.73,73.77,36326.304
2026-07-24 21:00:00,73.77,73.84,73.44,73.63,89226.307
2026-07-24 22:00:00,73.64,73.99,73.63,73.94,21729.795
2026-07-24 23:00:00,73.94,74.03,73.85,73.96,33861.691
2026-07-25 00:00:00,73.97,74.16,73.94,74.13,50874.471
2026-07-25 01:00:00,74.13,74.26,74.0,74.13,20670.283
2026-07-25 02:00:00,74.12,74.22,74.05,74.11,18917.726
2026-07-25 03:00:00,74.12,74.33,74.05,74.14,22548.57
2026-07-25 04:00:00,74.14,74.36,74.13,74.32,64546.747
2026-07-25 05:00:00,74.32,74.36,73.91,73.99,47724.0
2026-07-25 06:00:00,73.98,74.03,73.77,74.03,32739.26
2026-07-25 07:00:00,74.03,74.06,73.79,73.79,29525.989
2026-07-25 08:00:00,73.79,73.87,73.56,73.79,34273.621
2026-07-25 09:00:00,73.8,74.04,73.76,74.0,21826.798
2026-07-25 10:00:00,73.99,74.04,73.91,73.98,18611.844
2026-07-25 11:00:00,73.99,74.05,73.86,73.92,19510.079
2026-07-25 12:00:00,73.92,73.99,73.85,73.97,23754.794
2026-07-25 13:00:00,73.97,74.2,73.94,73.98,25480.938
2026-07-25 14:00:00,73.99,74.08,73.78,74.06,40279.112
2026-07-25 15:00:00,74.06,74.31,74.0,74.18,29684.268
2026-07-25 16:00:00,74.18,74.42,74.09,74.32,25950.996
2026-07-25 17:00:00,74.32,74.67,74.3,74.48,39255.664
2026-07-25 18:00:00,74.47,74.72,74.46,74.66,36606.311
2026-07-25 19:00:00,74.67,74.73,74.53,74.57,23220.245
2026-07-25 20:00:00,74.57,74.58,74.4,74.45,26574.783
2026-07-25 21:00:00,74.45,74.6,74.28,74.46,28244.199
2026-07-25 22:00:00,74.46,74.53,74.3,74.5,27449.99
2026-07-25 23:00:00,74.5,74.55,74.41,74.52,18545.061
2026-07-26 00:00:00,74.53,74.96,74.47,74.79,38912.307
2026-07-26 01:00:00,74.78,74.9,74.67,74.82,23314.0
2026-07-26 02:00:00,74.82,74.93,74.72,74.9,30022.764
2026-07-26 03:00:00,74.9,75.05,74.82,75.03,32424.976
2026-07-26 04:00:00,75.04,75.23,74.95,75.07,30512.275
2026-07-26 05:00:00,75.07,75.18,74.95,75.02,25894.442
2026-07-26 06:00:00,75.02,75.13,74.74,75.12,35996.482
2026-07-26 07:00:00,75.13,75.15,74.85,74.87,16199.981
2026-07-26 08:00:00,74.88,75.06,74.85,74.98,17864.618
2026-07-26 09:00:00,74.99,75.28,74.98,75.07,34008.996
2026-07-26 10:00:00,75.08,75.25,75.03,75.12,23667.698
2026-07-26 11:00:00,75.12,75.17,74.9,74.95,27133.686
2026-07-26 12:00:00,74.95,75.14,74.81,74.89,26167.51
2026-07-26 13:00:00,74.89,74.97,74.75,74.94,31669.564
2026-07-26 14:00:00,74.94,75.23,74.89,75.06,31518.986
2026-07-26 15:00:00,75.05,75.5,74.97,75.49,46310.762
2026-07-26 16:00:00,75.48,75.99,75.31,75.53,66132.354
2026-07-26 17:00:00,75.53,75.6,75.3,75.38,23907.644
2026-07-26 18:00:00,75.38,75.45,75.28,75.39,16053.608
2026-07-26 19:00:00,75.4,75.46,75.25,75.34,19920.972
2026-07-26 20:00:00,75.34,75.4,75.31,75.34,19239.109
2026-07-26 21:00:00,75.33,75.77,75.32,75.65,31601.585
2026-07-26 22:00:00,75.65,76.82,75.65,76.71,153652.009
2026-07-26 23:00:00,76.72,77.1,76.52,76.76,90287.045
2026-07-27 00:00:00,76.77,76.8,76.19,76.35,54768.359
2026-07-27 01:00:00,76.34,76.53,75.98,76.52,50926.377
2026-07-27 02:00:00,76.53,76.68,76.37,76.44,65492.485
2026-07-27 03:00:00,76.44,76.55,76.33,76.4,40759.324
2026-07-27 04:00:00,76.41,76.64,76.26,76.3,54875.624
2026-07-27 05:00:00,76.3,76.64,76.26,76.56,56446.079
2026-07-27 06:00:00,76.56,76.99,76.53,76.73,46646.165
2026-07-27 07:00:00,76.73,76.76,76.4,76.47,55900.837
2026-07-27 08:00:00,76.48,76.51,76.23,76.3,34790.124
2026-07-27 09:00:00,76.29,76.56,76.13,76.49,41205.921
2026-07-27 10:00:00,76.48,76.68,76.41,76.61,28409.919
2026-07-27 11:00:00,76.62,76.69,76.48,76.5,41141.612
2026-07-27 12:00:00,76.51,77.06,76.25,76.86,110176.296
2026-07-27 13:00:00,76.86,77.5,76.46,76.92,150638.318
2026-07-27 14:00:00,76.91,77.0,75.03,75.48,187765.093
2026-07-27 15:00:00,75.48,75.62,75.09,75.28,81593.192
2026-07-27 16:00:00,75.29,75.99,75.15,75.95,62460.751
2026-07-27 17:00:00,75.96,76.25,75.82,75.91,36076.441
2026-07-27 18:00:00,75.91,75.99,75.27,75.62,46253.313
2026-07-27 19:00:00,75.62,76.06,75.5,75.98,42249.341
2026-07-27 20:00:00,75.98,76.14,75.8,75.98,20571.159
2026-07-27 21:00:00,75.98,75.99,75.51,75.6,35178.038
2026-07-27 22:00:00,75.6,75.62,74.02,74.06,143003.219
2026-07-27 23:00:00,74.06,74.41,73.74,74.2,120945.944
2026-07-28 00:00:00,74.21,74.29,73.68,73.73,71875.758
2026-07-28 01:00:00,73.73,73.75,72.86,73.21,177511.821
2026-07-28 02:00:00,73.2,73.47,73.07,73.37,72823.678
2026-07-28 03:00:00,73.38,73.42,73.17,73.28,51756.54
2026-07-28 04:00:00,73.28,73.29,73.0,73.22,49496.144
2026-07-28 05:00:00,73.22,73.55,73.2,73.27,49679.361
2026-07-28 06:00:00,73.27,73.49,73.13,73.44,50948.134
2026-07-28 07:00:00,73.45,73.49,73.14,73.3,45893.663
2026-07-28 08:00:00,73.29,73.44,73.15,73.37,53519.855
2026-07-28 09:00:00,73.37,73.51,73.2,73.26,49240.829
2026-07-28 10:00:00,73.26,73.33,73.13,73.15,38564.22
2026-07-28 11:00:00,73.15,73.35,72.89,73.2,110894.352
2026-07-28 12:00:00,73.2,73.46,73.12,73.39,52809.056
2026-07-28 13:00:00,73.39,73.44,72.36,72.72,159602.308
2026-07-28 14:00:00,72.71,73.5,72.54,73.43,82942.382
2026-07-28 15:00:00,73.43,74.59,73.31,74.35,158600.614
2026-07-28 16:00:00,74.35,74.58,74.05,74.42,55788.792
2026-07-28 17:00:00,74.42,74.44,73.56,73.83,57376.526
2026-07-28 18:00:00,73.83,74.06,73.8,73.88,25472.135
2026-07-28 19:00:00,73.89,74.39,73.83,74.33,44770.633
2026-07-28 20:00:00,74.32,74.37,74.01,74.05,33335.25
2026-07-28 21:00:00,74.05,74.4,74.0,74.15,34007.061
2026-07-28 22:00:00,74.15,74.24,73.43,73.44,49610.913
2026-07-28 23:00:00,73.44,73.86,73.17,73.83,120705.423
2026-07-29 00:00:00,73.83,74.2,73.77,73.78,81989.119
2026-07-29 01:00:00,73.77,73.81,73.22,73.27,33387.326
2026-07-29 02:00:00,73.27,73.98,73.08,73.69,52566.213
2026-07-29 03:00:00,73.7,73.76,73.01,73.09,66739.442
2026-07-29 04:00:00,73.09,73.48,72.73,73.45,97299.098
2026-07-29 05:00:00,73.45,73.8,73.34,73.68,49226.883
2026-07-29 06:00:00,73.67,74.1,73.53,74.08,57200.988
2026-07-29 07:00:00,74.08,74.28,73.99,74.26,36403.037
2026-07-29 08:00:00,74.25,74.33,73.72,73.95,56724.895
2026-07-29 09:00:00,73.95,74.32,73.92,74.14,33088.257
2026-07-29 10:00:00,74.14,74.14,73.79,73.91,35638.691
2026-07-29 11:00:00,73.92,74.1,73.84,73.96,30283.335
2026-07-29 12:00:00,73.96,73.96,73.46,73.52,43719.784
2026-07-29 13:00:00,73.53,73.77,73.34,73.72,49707.534
2026-07-29 14:00:00,73.73,73.92,73.1,73.28,68632.341
2026-07-29 15:00:00,73.28,73.46,72.98,73.12,67070.293
2026-07-29 16:00:00,73.13,73.37,72.91,73.28,53762.107
2026-07-29 17:00:00,73.28,73.95,73.17,73.94,59545.938
2026-07-29 18:00:00,73.94,74.53,73.44,74.23,241665.955
2026-07-29 19:00:00,74.23,74.38,72.73,72.76,97147.11
2026-07-29 20:00:00,72.76,73.21,72.44,72.65,112012.195
2026-07-29 21:00:00,72.65,73.18,72.32,73.18,58959.582
2026-07-29 22:00:00,73.19,73.8,73.19,73.65,73478.181
2026-07-29 23:00:00,73.64,73.75,73.42,73.68,41405.571
2026-07-30 00:00:00,73.69,73.87,73.14,73.3,44772.111
2026-07-30 01:00:00,73.29,74.2,73.27,74.02,49686.138
2026-07-30 02:00:00,74.03,74.14,73.82,73.83,39815.696
2026-07-30 03:00:00,73.84,74.0,73.66,73.71,43543.107
2026-07-30 04:00:00,73.71,73.74,73.5,73.52,32109.184
2026-07-30 05:00:00,73.52,73.86,73.42,73.7,32861.934
2026-07-30 06:00:00,73.7,73.76,73.48,73.53,32408.279
2026-07-30 07:00:00,73.53,73.81,73.39,73.41,50601.426
2026-07-30 08:00:00,73.42,73.83,73.3,73.81,59937.199
2026-07-30 09:00:00,73.81,74.22,73.8,74.05,72266.96
2026-07-30 10:00:00,74.06,74.21,73.83,73.9,42130.759
2026-07-30 11:00:00,73.9,74.33,73.9,74.23,46070.409
2026-07-30 12:00:00,74.22,74.49,74.08,74.41,64699.066
2026-07-30 13:00:00,74.4,74.9,74.12,74.69,87770.992
2026-07-30 14:00:00,74.68,74.78,74.29,74.64,67698.726
2026-07-30 15:00:00,74.64,74.86,74.46,74.65,52816.094
2026-07-30 16:00:00,74.65,74.84,74.45,74.58,69138.779
2026-07-30 17:00:00,74.59,74.89,74.42,74.76,47305.217
2026-07-30 18:00:00,74.77,74.98,74.49,74.52,35899.156
2026-07-30 19:00:00,74.53,74.82,74.52,74.78,41825.39
2026-07-30 20:00:00,74.78,74.92,74.44,74.49,66662.899
2026-07-30 21:00:00,74.48,74.61,74.43,74.49,36240.546
2026-07-30 22:00:00,74.49,74.89,74.4,74.75,49811.388
2026-07-30 23:00:00,74.75,74.99,74.47,74.51,52791.996
2026-07-31 00:00:00,74.52,74.66,74.43,74.49,37646.967
2026-07-31 01:00:00,74.49,75.29,74.28,74.4,115936.686
2026-07-31 02:00:00,74.39,74.56,74.08,74.15,49190.357
2026-07-31 03:00:00,74.16,74.35,73.88,74.14,55166.677
2026-07-31 04:00:00,74.14,74.15,73.72,73.83,78751.997
2026-07-31 05:00:00,73.83,74.32,73.82,74.24,61919.087
2026-07-31 06:00:00,74.25,74.54,74.01,74.11,48082.626
2026-07-31 07:00:00,74.1,74.1,73.51,73.68,83285.545
2026-07-31 08:00:00,73.68,73.8,73.52,73.66,46409.87
2026-07-31 09:00:00,73.66,73.71,73.39,73.48,45192.463
2026-07-31 10:00:00,73.48,73.65,73.29,73.56,75398.103
2026-07-31 11:00:00,73.55,73.71,73.47,73.57,23747.606
2026-07-31 12:00:00,73.57,73.65,73.37,73.63,36926.617
2026-07-31 13:00:00,73.63,73.82,73.17,73.29,65441.37
2026-07-31 14:00:00,73.28,73.69,72.8,73.05,172784.639
2026-07-31 15:00:00,73.05,73.22,72.88,73.1,56660.999
2026-07-31 16:00:00,73.11,73.35,72.98,73.3,41562.259
2026-07-31 17:00:00,73.29,73.44,73.17,73.35,39080.469
2026-07-31 18:00:00,73.35,73.48,72.94,73.12,32090.435
2026-07-31 19:00:00,73.11,73.29,72.92,73.08,33006.058
2026-07-31 20:00:00,73.08,73.23,72.93,72.95,42253.117
2026-07-31 21:00:00,72.96,73.1,72.56,72.73,44612.308
2026-07-31 22:00:00,72.72,72.95,72.67,72.85,34931.125
2026-07-31 23:00:00,72.85,72.96,72.8,72.87,17920.671
2026-08-01 00:00:00,72.87,73.16,72.87,73.01,32431.495
2026-08-01 01:00:00,73.01,73.14,72.97,73.04,50096.636
2026-08-01 02:00:00,73.04,73.15,72.99,73.08,93988.636
2026-08-01 03:00:00,73.07,73.1,72.86,73.03,45651.759
2026-08-01 04:00:00,73.03,73.21,73.02,73.17,20501.076
2026-08-01 05:00:00,73.17,73.2,72.86,72.93,31897.88
2026-08-01 06:00:00,72.94,73.02,72.89,73.0,41221.949
2026-08-01 07:00:00,73.0,73.11,72.92,72.98,24051.575
2026-08-01 08:00:00,72.98,73.08,72.96,73.04,26761.404
2026-08-01 09:00:00,73.04,73.08,72.83,72.85,17379.545
2026-08-01 10:00:00,72.84,72.9,72.67,72.85,24184.639
2026-08-01 11:00:00,72.85,72.91,72.79,72.89,18787.563
2026-08-01 12:00:00,72.89,72.94,72.87,72.93,20656.088
2026-08-01 13:00:00,72.93,72.99,72.91,72.98,13672.275
2026-08-01 14:00:00,72.98,73.05,72.86,73.02,44789.894
2026-08-01 15:00:00,73.02,73.02,72.72,72.8,26711.683
2026-08-01 16:00:00,72.79,72.94,72.47,72.7,43522.094
2026-08-01 17:00:00,72.7,72.79,71.62,71.93,173803.926
2026-08-01 18:00:00,71.92,71.97,70.58,71.09,201067.329
2026-08-01 19:00:00,71.09,71.36,71.05,71.27,32296.921
2026-08-01 20:00:00,71.26,71.56,71.19,71.56,41563.067
2026-08-01 21:00:00,71.56,71.86,71.55,71.86,38175.888
2026-08-01 22:00:00,71.86,72.03,71.86,71.92,23372.055
2026-08-01 23:00:00,71.91,72.09,71.82,71.95,24933.718
2026-08-02 00:00:00,71.95,72.15,71.93,72.12,22226.006
2026-08-02 01:00:00,72.11,72.75,72.11,72.66,44865.514
2026-08-02 02:00:00,72.65,73.4,72.58,73.15,96117.671
2026-08-02 03:00:00,73.15,73.24,73.08,73.2,27486.326
2026-08-02 04:00:00,73.2,73.54,73.2,73.53,52259.254
2026-08-02 05:00:00,73.54,73.66,73.46,73.59,58138.644
2026-08-02 06:00:00,73.59,73.65,73.43,73.45,27917.751
2026-08-02 07:00:00,73.46,73.51,73.4,73.46,32604.975
2026-08-02 08:00:00,73.46,73.53,73.16,73.17,47461.924
2026-08-02 09:00:00,73.18,73.42,73.0,73.38,36581.761
2026-08-02 10:00:00,73.38,73.39,73.15,73.26,22495.421
2026-08-02 11:00:00,73.27,73.31,72.94,72.99,23444.746
2026-08-02 12:00:00,72.99,73.23,72.9,72.9,28860.342
2026-08-02 13:00:00,72.9,73.01,72.69,72.97,29640.535
2026-08-02 14:00:00,72.96,73.23,72.93,73.09,25709.066
2026-08-02 15:00:00,73.09,73.2,73.01,73.03,18788.922
2026-08-02 16:00:00,73.03,73.3,72.92,73.14,29340.51
2026-08-02 17:00:00,73.14,73.4,73.09,73.31,16561.915
2026-08-02 18:00:00,73.31,73.84,73.24,73.57,37752.066
2026-08-02 19:00:00,73.56,73.79,73.53,73.72,21719.864
2026-08-02 20:00:00,73.72,73.74,73.56,73.69,22275.697
2026-08-02 21:00:00,73.69,74.33,73.67,74.0,53455.306
2026-08-02 22:00:00,74.0,74.21,73.64,73.64,41865.31
2026-08-02 23:00:00,73.64,73.66,73.46,73.63,27777.412
2026-08-03 00:00:00,73.64,73.67,73.18,73.22,29059.029
2026-08-03 01:00:00,73.22,73.26,72.94,73.01,29741.446
2026-08-03 02:00:00,73.01,73.16,72.91,73.04,29215.427
2026-08-03 03:00:00,73.03,73.12,72.69,72.9,26814.992
2026-08-03 04:00:00,72.9,73.08,72.84,72.85,27829.066
2026-08-03 05:00:00,72.85,73.05,72.82,72.92,24138.617
2026-08-03 06:00:00,72.92,72.98,72.51,72.59,78632.482
2026-08-03 07:00:00,72.6,72.69,72.43,72.52,40814.094
2026-08-03 08:00:00,72.52,72.57,71.98,72.37,64432.827
2026-08-03 09:00:00,72.37,72.8,72.33,72.74,33862.254
2026-08-03 10:00:00,72.75,72.81,72.52,72.62,62045.419
2026-08-03 11:00:00,72.61,72.65,72.39,72.45,27820.213
2026-08-03 12:00:00,72.45,72.56,72.34,72.43,36600.065
2026-08-03 13:00:00,72.43,73.28,72.32,73.26,72780.949
2026-08-03 14:00:00,73.26,73.81,73.02,73.79,168686.84
2026-08-03 15:00:00,73.79,73.83,73.45,73.62,88908.764
2026-08-03 16:00:00,73.62,73.82,73.23,73.42,58954.92
2026-08-03 17:00:00,73.42,73.86,73.31,73.69,43598.644
2026-08-03 18:00:00,73.7,74.28,73.69,73.98,82772.567
2026-08-03 19:00:00,73.98,74.19,73.96,74.02,58522.907
2026-08-03 20:00:00,74.03,74.14,73.77,73.86,37439.459
2026-08-03 21:00:00,73.85,73.88,73.66,73.71,35994.757
2026-08-03 22:00:00,73.71,73.73,73.37,73.54,44214.44
2026-08-03 23:00:00,73.54,73.56,73.39,73.56,24962.151
2026-08-04 00:00:00,73.56,73.63,73.04,73.08,52603.772
2026-08-04 01:00:00,73.08,73.78,73.05,73.77,36975.059
2026-08-04 02:00:00,73.77,74.13,73.68,73.87,64695.511
2026-08-04 03:00:00,73.88,73.91,73.47,73.7,30292.343
2026-08-04 04:00:00,73.7,74.1,73.59,73.82,44298.363
2026-08-04 05:00:00,73.83,73.88,73.69,73.74,19308.195
2026-08-04 06:00:00,73.74,73.91,73.41,73.42,34803.934
2026-08-04 07:00:00,73.42,73.74,73.2,73.68,74052.108
2026-08-04 08:00:00,73.68,73.76,73.29,73.36,43754.508
2026-08-04 09:00:00,73.35,73.35,73.16,73.29,53966.144
2026-08-04 10:00:00,73.29,73.7,73.1,73.61,52859.936
2026-08-04 11:00:00,73.6,73.98,73.55,73.95,74310.711
2026-08-04 12:00:00,73.95,74.09,73.76,73.82,50577.572
2026-08-04 13:00:00,73.81,74.05,73.59,73.63,57025.693
2026-08-04 14:00:00,73.64,73.93,73.33,73.82,59659.758
2026-08-04 15:00:00,73.83,74.2,73.41,73.99,59295.741
2026-08-04 16:00:00,73.99,74.01,73.61,73.72,52496.518
2026-08-04 17:00:00,73.73,74.24,73.72,73.78,53162.812
2026-08-04 18:00:00,73.77,74.39,73.77,74.15,50354.168
2026-08-04 19:00:00,74.16,74.39,74.12,74.19,47449.273
2026-08-04 20:00:00,74.19,74.45,73.88,74.27,72977.101
2026-08-04 21:00:00,74.27,74.28,74.01,74.13,38628.922
2026-08-04 22:00:00,74.14,74.23,73.98,74.11,24858.636
2026-08-04 23:00:00,74.1,74.3,73.74,73.75,50162.165
2026-08-05 00:00:00,73.76,73.81,73.46,73.5,61529.079
2026-08-05 01:00:00,73.5,74.11,73.39,74.11,54078.431
2026-08-05 02:00:00,74.12,74.49,74.08,74.22,105455.109
2026-08-05 03:00:00,74.21,74.31,73.71,73.78,51310.237
2026-08-05 04:00:00,73.79,73.85,73.62,73.79,57068.676
2026-08-05 05:00:00,73.79,74.3,73.74,74.15,111187.091
2026-08-05 06:00:00,74.14,74.25,73.99,74.01,29908.86
2026-08-05 07:00:00,74.02,74.05,73.68,73.98,60746.897
2026-08-05 08:00:00,73.98,74.16,73.95,74.08,43262.342
2026-08-05 09:00:00,74.08,74.22,74.01,74.01,31656.663
2026-08-05 10:00:00,74.01,74.12,73.8,73.84,53998.601
2026-08-05 11:00:00,73.85,74.0,73.73,73.77,49397.051
2026-08-05 12:00:00,73.77,74.38,73.72,74.08,89005.832
2026-08-05 13:00:00,74.08,74.11,73.27,73.96,126949.101
2026-08-05 14:00:00,73.96,74.15,73.62,73.96,83853.982
2026-08-05 15:00:00,73.96,74.31,73.85,73.96,126613.533
2026-08-05 16:00:00,73.96,74.45,73.94,74.29,75945.2
2026-08-05 17:00:00,74.29,74.66,74.13,74.55,58481.286
2026-08-05 18:00:00,74.56,74.83,74.44,74.54,70705.565
2026-08-05 19:00:00,74.53,74.63,74.42,74.46,35422.212
2026-08-05 20:00:00,74.47,74.59,74.31,74.38,46577.822
2026-08-05 21:00:00,74.37,74.39,74.08,74.12,53908.013
2026-08-05 22:00:00,74.13,74.2,74.0,74.01,29938.937
2026-08-05 23:00:00,74.01,74.11,73.85,74.04,42828.117
2026-08-06 00:00:00,74.04,74.26,74.04,74.07,24788.504
2026-08-06 01:00:00,74.07,74.12,73.73,73.75,63183.636
2026-08-06 02:00:00,73.74,73.78,73.38,73.55,92409.452
2026-08-06 03:00:00,73.54,73.59,73.44,73.5,34056.305
2026-08-06 04:00:00,73.49,73.87,73.4,73.86,30567.377
2026-08-06 05:00:00,73.87,74.35,73.86,74.25,98449.813
2026-08-06 06:00:00,74.25,74.27,73.96,74.06,36797.532
2026-08-06 07:00:00,74.06,74.13,73.87,73.87,60233.659
2026-08-06 08:00:00,73.87,74.12,73.7,73.99,74888.431
2026-08-06 09:00:00,74.0,74.01,73.2,73.3,110506.933
2026-08-06 10:00:00,73.29,73.45,73.17,73.32,47733.118
2026-08-06 11:00:00,73.32,73.58,73.18,73.46,35979.895
2026-08-06 12:00:00,73.46,73.48,73.14,73.16,25020.388
2026-08-06 13:00:00,73.15,73.33,72.85,73.26,92882.875
2026-08-06 14:00:00,73.26,73.59,73.11,73.47,61748.014
2026-08-06 15:00:00,73.47,73.63,73.3,73.3,60188.917
2026-08-06 16:00:00,73.31,73.49,73.1,73.45,41287.447
2026-08-06 17:00:00,73.44,73.55,73.07,73.2,26072.529
2026-08-06 18:00:00,73.19,73.22,72.71,72.83,45578.131
2026-08-06 19:00:00,72.83,72.95,72.55,72.8,38343.08
2026-08-06 20:00:00,72.81,73.0,72.8,72.86,24899.221
2026-08-06 21:00:00,72.85,72.99,72.8,72.86,41377.312
2026-08-06 22:00:00,72.86,72.87,72.65,72.69,41966.531
2026-08-06 23:00:00,72.68,72.73,72.34,72.7,67245.823
2026-08-07 00:00:00,72.7,72.81,72.56,72.65,42530.243
2026-08-07 01:00:00,72.65,72.87,72.58,72.74,39195.724
2026-08-07 02:00:00,72.74,72.93,72.49,72.71,57963.94
2026-08-07 03:00:00,72.71,72.76,72.54,72.62,26042.682
2026-08-07 04:00:00,72.63,72.8,72.51,72.67,20139.329
2026-08-07 05:00:00,72.67,72.95,72.43,72.88,44435.243
2026-08-07 06:00:00,72.87,73.07,72.81,72.83,51505.635
2026-08-07 07:00:00,72.84,73.03,72.75,72.93,39570.282
2026-08-07 08:00:00,72.92,73.33,72.91,73.2,44086.536
2026-08-07 09:00:00,73.19,73.73,73.19,73.63,131093.323
2026-08-07 10:00:00,73.62,73.77,73.49,73.53,71723.79
2026-08-07 11:00:00,73.52,73.78,73.52,73.62,52339.54
2026-08-07 12:00:00,73.63,74.31,73.62,73.9,176077.514
2026-08-07 13:00:00,73.9,74.35,73.79,74.13,122156.986
2026-08-07 14:00:00,74.13,74.24,73.58,73.72,111372.381
2026-08-07 15:00:00,73.72,73.97,73.69,73.88,61325.444
2026-08-07 16:00:00,73.89,74.13,73.57,73.57,53237.665
2026-08-07 17:00:00,73.57,73.58,73.17,73.43,129323.863
2026-08-07 18:00:00,73.43,73.58,73.25,73.41,47516.152
2026-08-07 19:00:00,73.41,74.03,73.4,74.02,72192.151
2026-08-07 20:00:00,74.02,74.1,73.8,73.84,62414.377
2026-08-07 21:00:00,73.84,73.89,73.6,73.65,34397.918
2026-08-07 22:00:00,73.65,73.72,73.58,73.65,47688.802
2026-08-07 23:00:00,73.65,73.78,73.62,73.66,14347.367
2026-08-08 00:00:00,73.67,73.74,73.57,73.71,22489.515
2026-08-08 01:00:00,73.7,73.96,73.68,73.88,32659.928
2026-08-08 02:00:00,73.89,73.97,73.86,73.86,36918.066
2026-08-08 03:00:00,73.87,74.99,73.86,74.83,141741.181
2026-08-08 04:00:00,74.84,75.14,74.58,74.64,108607.9
2026-08-08 05:00:00,74.64,74.75,74.49,74.66,38219.833
2026-08-08 06:00:00,74.66,74.82,74.57,74.7,28467.014
2026-08-08 07:00:00,74.71,74.84,74.65,74.82,30945.59
2026-08-08 08:00:00,74.83,74.93,74.7,74.8,30398.154
2026-08-08 09:00:00,74.81,75.04,74.8,74.87,33722.149
2026-08-08 10:00:00,74.87,75.17,74.87,75.06,34782.569
2026-08-08 11:00:00,75.07,75.71,75.05,75.6,119089.488
2026-08-08 12:00:00,75.61,75.69,75.35,75.43,86502.532
2026-08-08 13:00:00,75.42,75.55,75.41,75.52,44654.679
2026-08-08 14:00:00,75.52,76.62,75.52,76.48,172240.22
2026-08-08 15:00:00,76.49,76.81,76.25,76.4,128746.528
2026-08-08 16:00:00,76.4,76.5,76.16,76.38,62744.44
2026-08-08 17:00:00,76.38,76.5,76.27,76.39,34300.881
2026-08-08 18:00:00,76.38,76.38,76.07,76.14,37718.363
2026-08-08 19:00:00,76.14,76.27,75.97,76.16,38147.911
2026-08-08 20:00:00,76.15,76.28,76.14,76.25,27645.289
2026-08-08 21:00:00,76.25,76.36,76.14,76.2,24076.214
2026-08-08 22:00:00,76.21,76.29,75.86,75.91,31950.179
2026-08-08 23:00:00,75.91,76.1,75.78,76.01,36643.864
2026-08-09 00:00:00,76.02,76.05,75.86,76.02,23617.317
2026-08-09 01:00:00,76.02,76.1,75.73,75.87,25195.97
2026-08-09 02:00:00,75.88,76.0,75.8,75.86,22083.416
2026-08-09 03:00:00,75.86,76.05,75.76,75.99,25404.227
2026-08-09 04:00:00,75.98,76.13,75.95,75.98,14839.504
2026-08-09 05:00:00,75.98,76.03,75.88,76.01,18606.915
2026-08-09 06:00:00,76.0,76.5,75.95,76.41,51322.653
2026-08-09 07:00:00,76.42,76.48,76.23,76.36,36472.522
2026-08-09 08:00:00,76.36,76.58,76.1,76.32,47964.933
2026-08-09 09:00:00,76.32,76.52,76.25,76.44,37837.166
2026-08-09 10:00:00,76.44,76.65,76.37,76.37,30659.293
2026-08-09 11:00:00,76.38,76.53,76.32,76.5,29402.309
2026-08-09 12:00:00,76.5,76.6,76.3,76.37,34091.745
2026-08-09 13:00:00,76.36,76.88,76.34,76.57,52122.618
2026-08-09 14:00:00,76.58,77.08,76.57,77.02,56998.87
2026-08-09 15:00:00,77.01,77.47,76.84,77.43,128466.749
2026-08-09 16:00:00,77.42,77.57,77.09,77.33,85978.575
2026-08-09 17:00:00,77.32,77.34,77.13,77.18,32380.674
2026-08-09 18:00:00,77.17,77.25,77.07,77.21,19608.807
2026-08-09 19:00:00,77.21,77.36,77.14,77.23,25431.822
2026-08-09 20:00:00,77.22,77.28,77.06,77.27,26404.313
2026-08-09 21:00:00,77.26,77.51,77.15,77.36,22689.728
2026-08-09 22:00:00,77.36,77.84,76.66,76.82,67375.973
2026-08-09 23:00:00,76.81,76.91,76.21,76.27,65811.575
2026-08-10 00:00:00,76.26,77.02,76.21,76.54,62300.579
2026-08-10 01:00:00,76.55,77.17,76.4,76.9,41871.019
2026-08-10 02:00:00,76.91,76.94,76.44,76.82,28869.015
2026-08-10 03:00:00,76.82,76.93,76.38,76.64,48104.247
2026-08-10 04:00:00,76.64,76.75,76.43,76.56,34828.565
2026-08-10 05:00:00,76.56,76.97,76.55,76.89,28196.777
2026-08-10 06:00:00,76.89,77.08,76.82,76.98,29294.339
2026-08-10 07:00:00,76.99,77.11,76.83,76.98,29089.868
2026-08-10 08:00:00,76.99,77.16,76.68,76.96,55171.67
2026-08-10 09:00:00,76.96,77.03,76.56,76.57,53522.325
2026-08-10 10:00:00,76.57,76.89,76.53,76.83,69928.229
2026-08-10 11:00:00,76.82,77.05,76.67,77.05,34538.783
2026-08-10 12:00:00,77.05,77.13,76.6,76.64,58238.848
2026-08-10 13:00:00,76.64,76.77,76.14,76.31,117731.839
2026-08-10 14:00:00,76.31,76.69,76.24,76.26,72440.225
2026-08-10 15:00:00,76.26,76.42,75.83,75.96,135319.459
2026-08-10 16:00:00,75.96,76.11,75.58,75.7,125240.177
2026-08-10 17:00:00,75.71,76.11,75.61,75.97,50633.714
2026-08-10 18:00:00,75.97,76.07,75.7,75.82,40342.378
2026-08-10 19:00:00,75.83,76.28,75.8,76.19,26218.49
2026-08-10 20:00:00,76.19,76.49,76.17,76.43,35189.799
2026-08-10 21:00:00,76.43,76.49,76.29,76.3,36110.532
2026-08-10 22:00:00,76.3,76.38,76.04,76.21,37264.708
2026-08-10 23:00:00,76.21,76.22,75.98,75.99,27792.77
2026-08-11 00:00:00,76.0,76.04,75.76,75.9,31762.671
2026-08-11 01:00:00,75.9,76.1,75.71,76.09,28544.754
2026-08-11 02:00:00,76.09,76.15,75.99,76.05,22096.143
2026-08-11 03:00:00,76.04,76.25,76.04,76.08,26406.521
2026-08-11 04:00:00,76.08,76.23,76.07,76.08,21792.759
2026-08-11 05:00:00,76.08,76.09,75.79,75.81,46523.129
2026-08-11 06:00:00,75.81,76.06,75.65,75.82,54417.484
2026-08-11 07:00:00,75.82,75.87,75.42,75.69,57740.418
2026-08-11 08:00:00,75.7,75.99,75.63,75.94,50933.192
2026-08-11 09:00:00,75.95,75.95,75.68,75.9,71384.725
2026-08-11 10:00:00,75.89,76.07,75.77,75.96,52183.506
2026-08-11 11:00:00,75.95,76.37,75.95,76.24,77311.8
2026-08-11 12:00:00,76.24,76.26,75.8,75.87,57206.859
2026-08-11 13:00:00,75.87,76.11,75.72,76.02,83211.817
2026-08-11 14:00:00,76.01,76.16,75.08,75.21,101687.341
2026-08-11 15:00:00,75.2,75.42,74.63,74.93,118672.444
2026-08-11 16:00:00,74.93,75.08,74.79,74.93,42400.621
2026-08-11 17:00:00,74.94,75.22,74.92,75.18,39180.251
2026-08-11 18:00:00,75.17,75.35,75.08,75.27,44777.481
2026-08-11 19:00:00,75.28,75.71,75.06,75.67,41295.998
2026-08-11 20:00:00,75.67,76.26,75.66,76.05,90230.814
2026-08-11 21:00:00,76.05,76.45,76.01,76.45,55615.124
2026-08-11 22:00:00,76.45,76.67,76.25,76.42,67498.45
2026-08-11 23:00:00,76.42,76.42,76.2,76.3,32920.38
2026-08-12 00:00:00,76.3,76.38,76.24,76.37,24911.292
2026-08-12 01:00:00,76.37,76.6,76.31,76.44,35529.683
2026-08-12 02:00:00,76.44,76.6,76.42,76.43,29202.963
2026-08-12 03:00:00,76.43,76.53,76.26,76.42,26244.293
2026-08-12 04:00:00,76.42,76.58,76.28,76.3,26736.375
2026-08-12 05:00:00,76.3,76.38,76.19,76.33,25672.34
2026-08-12 06:00:00,76.33,76.37,75.98,76.05,38068.012
2026-08-12 07:00:00,76.05,76.27,75.94,76.27,36271.82
2026-08-12 08:00:00,76.26,76.46,76.16,76.19,48863.78
2026-08-12 09:00:00,76.18,76.9,76.14,76.75,87197.85
2026-08-12 10:00:00,76.75,76.89,76.69,76.78,61067.673
2026-08-12 11:00:00,76.78,76.88,76.7,76.84,39138.04
2026-08-12 12:00:00,76.83,77.33,76.38,76.65,157212.575
2026-08-12 13:00:00,76.66,76.68,76.05,76.23,94944.73
2026-08-12 14:00:00,76.23,76.26,75.42,75.48,137689.685
2026-08-12 15:00:00,75.47,75.88,75.38,75.75,59434.104
2026-08-12 16:00:00,75.75,75.85,75.57,75.7,33053.708
2026-08-12 17:00:00,75.69,76.07,75.67,75.91,35526.731
2026-08-12 18:00:00,75.91,76.1,75.85,75.89,21721.036
2026-08-12 19:00:00,75.89,76.01,75.6,75.77,23889.948
2026-08-12 20:00:00,75.76,76.02,75.75,75.93,19542.22
2026-08-12 21:00:00,75.94,76.02,75.44,75.5,35260.634
2026-08-12 22:00:00,75.49,75.67,75.35,75.53,32707.088
2026-08-12 23:00:00,75.53,75.66,75.4,75.63,24262.634
2026-08-13 00:00:00,75.64,75.89,75.56,75.63,27404.264
2026-08-13 01:00:00,75.62,75.81,75.48,75.65,23198.791
2026-08-13 02:00:00,75.64,75.99,75.53,75.98,32337.532
2026-08-13 03:00:00,75.99,76.33,75.97,76.26,84780.979
2026-08-13 04:00:00,76.26,76.29,76.03,76.13,30942.643
2026-08-13 05:00:00,76.14,76.62,76.09,76.52,38273.056
2026-08-13 06:00:00,76.52,76.55,76.32,76.53,39915.209
2026-08-13 07:00:00,76.53,76.54,76.4,76.44,28139.015
2026-08-13 08:00:00,76.44,76.49,76.17,76.21,27688.132
2026-08-13 09:00:00,76.2,76.22,75.9,76.16,53218.489
2026-08-13 10:00:00,76.16,76.18,75.7,75.75,59752.117
2026-08-13 11:00:00,75.76,75.76,75.56,75.67,38922.89
2026-08-13 12:00:00,75.66,76.15,75.65,76.14,33765.08
2026-08-13 13:00:00,76.13,76.37,76.06,76.2,70317.313
2026-08-13 14:00:00,76.2,76.59,76.14,76.46,58653.509
2026-08-13 15:00:00,76.46,76.55,75.63,75.64,62963.654
2026-08-13 16:00:00,75.64,75.87,75.1,75.61,147622.9
2026-08-13 17:00:00,75.61,75.94,75.56,75.78,30652.485
2026-08-13 18:00:00,75.77,76.1,75.68,76.01,24137.96
2026-08-13 19:00:00,76.01,76.28,75.98,76.2,42760.841
2026-08-13 20:00:00,76.2,76.34,76.14,76.22,48254.328
2026-08-13 21:00:00,76.23,76.31,76.12,76.21,24805.212
2026-08-13 22:00:00,76.21,76.45,76.2,76.25,45513.351
2026-08-13 23:00:00,76.25,76.3,76.15,76.28,19488.807
2026-08-14 00:00:00,76.28,76.33,75.99,76.08,39546.485
2026-08-14 01:00:00,76.07,76.18,75.91,76.08,41828.826
2026-08-14 02:00:00,76.09,76.2,75.98,76.03,23612.907
2026-08-14 03:00:00,76.02,76.07,75.75,75.76,31920.64
2026-08-14 04:00:00,75.76,76.04,75.75,75.85,33259.548
2026-08-14 05:00:00,75.85,76.0,75.81,75.93,19678.511
2026-08-14 06:00:00,75.92,75.93,75.52,75.54,50473.293
2026-08-14 07:00:00,75.55,75.74,75.5,75.59,38230.989
2026-08-14 08:00:00,75.6,75.88,75.57,75.87,40279.125
2026-08-14 09:00:00,75.87,75.87,75.42,75.49,38555.941
2026-08-14 10:00:00,75.49,75.65,75.36,75.41,46288.248
2026-08-14 11:00:00,75.41,75.61,75.4,75.54,36686.055
2026-08-14 12:00:00,75.54,75.61,75.35,75.47,33452.487
2026-08-14 13:00:00,75.47,75.49,75.24,75.37,70876.517
2026-08-14 14:00:00,75.37,75.42,75.06,75.28,59283.303
2026-08-14 15:00:00,75.28,75.78,75.21,75.65,58791.996
2026-08-14 16:00:00,75.65,75.71,75.45,75.47,39082.405
2026-08-14 17:00:00,75.48,75.68,75.16,75.3,53320.339
2026-08-14 18:00:00,75.3,75.31,74.95,74.97,76786.828
2026-08-14 19:00:00,74.97,75.11,74.69,75.02,97202.039
2026-08-14 20:00:00,75.02,75.25,74.98,75.15,34693.792
2026-08-14 21:00:00,75.16,75.24,75.1,75.19,39275.472
2026-08-14 22:00:00,75.2,75.29,74.97,75.2,31018.351
2026-08-14 23:00:00,75.19,75.41,75.16,75.4,29720.809
2026-08-15 00:00:00,75.4,75.43,75.33,75.36,23069.183
2026-08-15 01:00:00,75.36,75.48,75.29,75.42,20679.289
2026-08-15 02:00:00,75.42,75.68,75.39,75.65,39330.014
2026-08-15 03:00:00,75.66,75.71,75.41,75.42,22171.528
2026-08-15 04:00:00,75.41,75.6,75.17,75.53,46285.436
2026-08-15 05:00:00,75.54,75.6,75.31,75.36,35945.424
2026-08-15 06:00:00,75.35,75.5,75.28,75.44,21225.671
2026-08-15 07:00:00,75.44,75.44,75.21,75.24,18457.12
2026-08-15 08:00:00,75.23,75.31,75.08,75.09,20788.908
2026-08-15 09:00:00,75.09,75.26,75.05,75.23,19618.286
2026-08-15 10:00:00,75.24,75.36,75.21,75.3,15711.999
2026-08-15 11:00:00,75.29,75.31,75.22,75.26,11958.576
2026-08-15 12:00:00,75.25,75.43,75.21,75.43,14771.578
2026-08-15 13:00:00,75.42,75.58,75.4,75.57,38795.996
2026-08-15 14:00:00,75.58,75.59,75.46,75.46,66008.453
2026-08-15 15:00:00,75.46,75.56,75.38,75.53,24231.394
2026-08-15 16:00:00,75.52,75.54,75.41,75.5,17652.322
2026-08-15 17:00:00,75.49,75.69,75.49,75.68,29643.242
2026-08-15 18:00:00,75.68,75.69,75.51,75.56,20059.648
2026-08-15 19:00:00,75.56,75.58,75.52,75.57,10637.09
2026-08-15 20:00:00,75.57,75.59,75.42,75.54,25359.089
2026-08-15 21:00:00,75.54,75.74,75.53,75.64,14886.059
2026-08-15 22:00:00,75.64,75.7,75.56,75.59,20611.084
2026-08-15 23:00:00,75.59,75.59,75.31,75.35,24216.433
2026-08-16 00:00:00,75.35,75.5,75.27,75.48,15960.117
2026-08-16 01:00:00,75.47,75.49,75.3,75.43,24138.656
2026-08-16 02:00:00,75.43,75.66,75.27,75.57,22315.833
2026-08-16 03:00:00,75.57,75.66,75.57,75.58,26311.018
2026-08-16 04:00:00,75.59,75.62,75.43,75.45,13202.02
2026-08-16 05:00:00,75.45,75.52,75.34,75.36,19937.589
2026-08-16 06:00:00,75.36,75.53,75.28,75.38,19879.252
2026-08-16 07:00:00,75.38,75.48,75.35,75.47,9201.99
2026-08-16 08:00:00,75.47,75.49,75.4,75.47,9874.605
2026-08-16 09:00:00,75.48,75.48,75.26,75.32,24163.157
2026-08-16 10:00:00,75.32,75.33,75.17,75.27,23925.54
2026-08-16 11:00:00,75.27,75.32,75.23,75.29,19957.619
2026-08-16 12:00:00,75.29,75.3,75.2,75.22,16268.488
2026-08-16 13:00:00,75.23,75.42,75.22,75.31,14314.506
2026-08-16 14:00:00,75.31,75.42,75.25,75.4,16718.256
2026-08-16 15:00:00,75.4,75.64,75.39,75.58,32612.215
2026-08-16 16:00:00,75.57,75.71,75.5,75.56,84852.608
2026-08-16 17:00:00,75.56,75.6,75.27,75.28,36546.363
2026-08-16 18:00:00,75.27,75.28,75.03,75.19,45819.949
2026-08-16 19:00:00,75.19,75.37,75.18,75.23,17532.495
2026-08-16 20:00:00,75.22,75.33,74.97,75.04,29204.849
2026-08-16 21:00:00,75.03,75.09,74.1,74.34,89658.054
2026-08-16 22:00:00,74.34,74.53,74.18,74.52,47462.073
2026-08-16 23:00:00,74.52,74.66,74.46,74.61,21556.973
2026-08-17 00:00:00,74.62,74.75,74.43,74.62,41586.761
2026-08-17 01:00:00,74.62,75.35,74.58,75.1,64090.088
2026-08-17 02:00:00,75.1,75.6,75.05,75.48,53811.967
2026-08-17 03:00:00,75.49,75.59,75.46,75.51,61348.725
2026-08-17 04:00:00,75.52,75.64,75.5,75.56,31884.391
2026-08-17 05:00:00,75.57,75.63,75.39,75.4,22134.767
2026-08-17 06:00:00,75.4,76.0,75.36,75.84,68202.4
2026-08-17 07:00:00,75.85,75.96,75.74,75.79,51212.14
2026-08-17 08:00:00,75.79,75.81,75.17,75.24,93110.38
2026-08-17 09:00:00,75.24,75.42,75.22,75.35,46626.714
2026-08-17 10:00:00,75.34,75.8,75.3,75.78,54849.602
2026-08-17 11:00:00,75.79,75.95,75.68,75.71,78753.481
2026-08-17 12:00:00,75.7,75.71,75.35,75.43,71415.477
2026-08-17 13:00:00,75.42,75.78,75.28,75.63,67087.014
2026-08-17 14:00:00,75.63,76.02,75.51,75.99,66189.636
2026-08-17 15:00:00,75.99,76.22,75.79,76.11,96657.205
2026-08-17 16:00:00,76.11,76.15,75.94,76.03,54543.691
2026-08-17 17:00:00,76.03,76.12,75.7,75.93,51568.302
2026-08-17 18:00:00,75.92,76.17,75.86,75.9,30368.119
2026-08-17 19:00:00,75.9,75.96,75.75,75.81,31754.156
2026-08-17 20:00:00,75.81,76.1,75.63,75.99,41640.488
2026-08-17 21:00:00,76.0,76.05,75.87,75.95,28486.341
2026-08-17 22:00:00,75.96,76.03,75.71,75.74,28834.394
2026-08-17 23:00:00,75.74,76.12,75.71,76.02,33698.115
2026-08-18 00:00:00,76.02,76.09,75.87,76.04,37197.573
2026-08-18 01:00:00,76.05,76.06,75.55,75.6,37508.769
2026-08-18 02:00:00,75.59,75.64,75.2,75.27,116272.551
2026-08-18 03:00:00,75.27,75.53,75.25,75.5,32736.009
2026-08-18 04:00:00,75.5,75.85,75.41,75.84,75709.199
2026-08-18 05:00:00,75.85,75.97,75.59,75.74,59566.306
2026-08-18 06:00:00,75.73,76.07,75.65,76.01,49542.62
2026-08-18 07:00:00,76.02,76.27,75.95,76.1,74906.871
2026-08-18 08:00:00,76.1,76.2,75.85,76.18,52277.977
2026-08-18 09:00:00,76.17,76.17,75.88,75.94,36705.58
2026-08-18 10:00:00,75.94,75.99,75.8,75.84,37834.686
2026-08-18 11:00:00,75.85,76.45,75.83,76.31,96476.654
2026-08-18 12:00:00,76.32,76.52,76.23,76.25,59789.622
2026-08-18 13:00:00,76.25,76.3,76.05,76.21,49236.302
2026-08-18 14:00:00,76.21,77.33,76.12,76.8,183947.136
2026-08-18 15:00:00,76.8,77.25,76.79,77.19,112136.696
2026-08-18 16:00:00,77.2,77.32,76.85,77.08,53319.132
2026-08-18 17:00:00,77.08,77.1,76.88,76.89,31383.279
2026-08-18 18:00:00,76.89,77.31,76.88,77.27,33859.727
2026-08-18 19:00:00,77.26,77.41,77.08,77.18,44572.797
2026-08-18 20:00:00,77.18,77.22,76.75,76.89,57163.213
2026-08-18 21:00:00,76.89,77.12,76.89,77.0,24598.191
2026-08-18 22:00:00,77.0,77.21,76.88,76.94,60947.798
2026-08-18 23:00:00,76.95,77.23,76.94,77.05,37174.264
2026-08-19 00:00:00,77.05,77.12,76.83,76.91,35601.907
2026-08-19 01:00:00,76.92,77.07,76.64,76.8,68341.669
2026-08-19 02:00:00,76.8,76.93,76.7,76.81,30126.29
2026-08-19 03:00:00,76.81,77.1,76.7,77.0,33229.184
2026-08-19 04:00:00,76.99,77.14,76.8,76.86,34893.31
2026-08-19 05:00:00,76.86,77.07,76.78,76.8,33431.585
2026-08-19 06:00:00,76.81,77.17,76.63,77.07,50558.406
2026-08-19 07:00:00,77.08,77.1,76.94,76.96,37457.562
2026-08-19 08:00:00,76.96,77.65,76.92,77.38,104771.806
2026-08-19 09:00:00,77.39,77.48,77.22,77.32,44006.145
2026-08-19 10:00:00,77.33,77.39,77.23,77.39,24995.834
2026-08-19 11:00:00,77.38,77.62,77.38,77.55,53548.004
2026-08-19 12:00:00,77.54,79.05,77.43,78.41,275387.266
2026-08-19 13:00:00,78.41,78.71,78.18,78.41,169787.495
2026-08-19 14:00:00,78.41,81.01,78.37,80.89,396329.101
2026-08-19 15:00:00,80.9,83.0,80.7,81.83,890278.408
2026-08-19 16:00:00,81.83,82.39,81.55,81.58,177212.821
2026-08-19 17:00:00,81.58,81.72,81.01,81.65,174845.256
2026-08-19 18:00:00,81.65,82.29,81.27,82.27,139302.31
2026-08-19 19:00:00,82.27,82.5,82.0,82.36,96762.478
2026-08-19 20:00:00,82.37,84.3,82.28,83.72,269851.198
2026-08-19 21:00:00,83.72,87.21,83.72,86.64,531143.87
2026-08-19 22:00:00,86.64,86.84,84.93,85.49,247267.879
2026-08-19 23:00:00,85.49,85.78,85.04,85.38,122380.492
2026-08-20 00:00:00,85.39,85.79,84.91,85.0,221883.385
2026-08-20 01:00:00,85.01,85.41,84.65,85.37,154978.991
2026-08-20 02:00:00,85.37,85.45,84.68,84.78,87595.869
2026-08-20 03:00:00,84.77,84.78,84.01,84.48,126428.027
2026-08-20 04:00:00,84.48,84.96,84.42,84.84,70775.433
2026-08-20 05:00:00,84.84,85.08,84.82,84.96,55732.283
2026-08-20 06:00:00,84.96,85.92,84.7,85.92,166326.688
2026-08-20 07:00:00,85.92,86.2,85.78,86.18,117326.447
2026-08-20 08:00:00,86.17,87.98,86.04,87.53,422328.02
2026-08-20 09:00:00,87.52,87.82,87.11,87.36,229835.287
2026-08-20 10:00:00,87.36,87.82,87.01,87.45,109921.408
2026-08-20 11:00:00,87.46,88.1,87.1,87.21,167425.605
2026-08-20 12:00:00,87.22,87.42,86.52,87.07,163565.623
2026-08-20 13:00:00,87.07,87.48,86.21,86.58,254032.338
2026-08-20 14:00:00,86.58,86.88,86.16,86.62,181624.861
2026-08-20 15:00:00,86.61,87.47,86.57,87.37,252300.178
2026-08-20 16:00:00,87.37,87.84,86.87,87.76,215422.142
2026-08-20 17:00:00,87.76,87.93,87.28,87.5,162758.75
2026-08-20 18:00:00,87.5,87.66,86.68,86.87,124152.128
2026-08-20 19:00:00,86.86,87.53,86.85,87.31,103139.837
2026-08-20 20:00:00,87.32,87.68,87.25,87.59,76542.437
2026-08-20 21:00:00,87.59,87.88,87.42,87.5,60966.022
2026-08-20 22:00:00,87.5,87.59,87.19,87.24,66396.668
2026-08-20 23:00:00,87.23,87.99,87.23,87.66,97951.999
2026-08-21 00:00:00,87.65,88.8,87.57,88.23,280118.474
2026-08-21 01:00:00,88.23,89.5,88.12,89.01,266616.435
2026-08-21 02:00:00,89.01,90.2,88.51,89.25,392855.246
2026-08-21 03:00:00,89.26,89.56,88.76,89.1,159013.213
2026-08-21 04:00:00,89.11,89.5,88.88,89.47,141406.127
2026-08-21 05:00:00,89.46,90.74,89.18,90.46,205120.503
2026-08-21 06:00:00,90.45,91.33,89.77,90.24,252509.933
2026-08-21 07:00:00,90.25,91.18,89.94,90.41,290973.878
2026-08-21 08:00:00,90.42,93.39,90.36,93.29,509045.985
2026-08-21 09:00:00,93.28,93.33,90.31,91.68,567334.57
2026-08-21 10:00:00,91.67,91.76,90.86,91.49,185450.533
2026-08-21 11:00:00,91.48,91.62,89.91,90.29,272341.79
2026-08-21 12:00:00,90.3,91.15,90.03,90.88,191761.924
2026-08-21 13:00:00,90.88,91.37,89.78,91.07,232607.11
2026-08-21 14:00:00,91.07,91.95,90.56,91.87,261492.134
2026-08-21 15:00:00,91.88,92.16,91.25,91.37,195372.384
2026-08-21 16:00:00,91.37,91.92,90.75,91.63,144107.995
2026-08-21 17:00:00,91.63,91.98,91.18,91.8,146346.933
2026-08-21 18:00:00,91.8,92.06,91.09,91.56,128955.416
2026-08-21 19:00:00,91.56,91.62,90.78,90.96,109167.793
2026-08-21 20:00:00,90.96,91.97,90.59,91.87,129800.574
2026-08-21 21:00:00,91.86,93.85,91.66,93.74,313034.514
2026-08-21 22:00:00,93.74,94.62,93.3,94.3,258191.985
2026-08-21 23:00:00,94.3,94.99,93.37,93.72,207043.659
2026-08-22 00:00:00,93.72,94.42,92.86,93.89,275622.208
2026-08-22 01:00:00,93.89,94.44,93.49,93.69,132446.534
2026-08-22 02:00:00,93.69,95.79,93.69,95.63,267975.023
2026-08-22 03:00:00,95.64,97.59,95.49,96.79,463948.675
2026-08-22 04:00:00,96.8,102.74,96.18,99.15,966122.681
2026-08-22 05:00:00,99.14,99.98,87.72,94.23,1761166.613
2026-08-22 06:00:00,94.23,95.12,93.08,94.3,387488.272
2026-08-22 07:00:00,94.31,95.52,94.05,94.46,257112.002
2026-08-22 08:00:00,94.46,95.01,93.06,94.1,306557.341
2026-08-22 09:00:00,94.1,94.61,92.99,93.92,260791.933
2026-08-22 10:00:00,93.92,93.99,91.34,92.88,423712.187
2026-08-22 11:00:00,92.88,93.54,92.58,93.3,148916.376
2026-08-22 12:00:00,93.29,94.35,93.14,93.82,128311.642
2026-08-22 13:00:00,93.83,94.23,93.53,94.12,108401.166
2026-08-22 14:00:00,94.12,94.29,92.9,93.25,205345.721
2026-08-22 15:00:00,93.25,93.58,92.82,93.07,130253.309
2026-08-22 16:00:00,93.08,94.67,93.07,94.29,181095.774
2026-08-22 17:00:00,94.28,94.55,93.77,94.27,124590.444
2026-08-22 18:00:00,94.27,94.52,94.03,94.46,69055.865
2026-08-22 19:00:00,94.46,94.8,94.27,94.49,82689.243
2026-08-22 20:00:00,94.49,94.78,94.29,94.39,59618.437
2026-08-22 21:00:00,94.4,94.4,92.73,92.83,147449.197
2026-08-22 22:00:00,92.82,94.01,92.58,93.62,141454.565
2026-08-22 23:00:00,93.62,93.99,93.31,93.82,64492.258
2026-08-23 00:00:00,93.83,97.21,93.59,96.35,370167.118
2026-08-23 01:00:00,96.36,96.58,95.65,96.0,198660.763
2026-08-23 02:00:00,96.0,96.59,93.94,94.89,315375.856
2026-08-23 03:00:00,94.9,95.02,93.43,93.7,193677.794
2026-08-23 04:00:00,93.71,94.1,92.22,92.56,280341.629
2026-08-23 05:00:00,92.55,93.28,91.58,92.3,238903.368
2026-08-23 06:00:00,92.29,92.77,91.77,92.25,177859.856
2026-08-23 07:00:00,92.25,92.97,92.13,92.49,94449.344
2026-08-23 08:00:00,92.48,93.53,92.31,93.2,122035.803
2026-08-23 09:00:00,93.2,93.55,92.9,93.32,72444.101
2026-08-23 10:00:00,93.32,94.12,93.29,93.63,120778.227
2026-08-23 11:00:00,93.64,94.82,93.55,94.63,137477.398
2026-08-23 12:00:00,94.62,94.8,94.04,94.59,150481.481
2026-08-23 13:00:00,94.59,95.81,94.58,95.39,184298.311
2026-08-23 14:00:00,95.38,95.68,93.4,95.07,290157.403
2026-08-23 15:00:00,95.07,95.9,94.67,95.36,182687.117
2026-08-23 16:00:00,95.37,95.72,95.17,95.41,83534.964
2026-08-23 17:00:00,95.42,95.52,94.82,95.11,69153.677
2026-08-23 18:00:00,95.11,95.47,94.94,95.29,54755.482
2026-08-23 19:00:00,95.3,95.47,94.83,95.07,46946.871
2026-08-23 20:00:00,95.08,95.4,94.76,95.07,44650.393
2026-08-23 21:00:00,95.07,96.25,95.07,95.36,147066.735
2026-08-23 22:00:00,95.36,95.75,94.78,95.59,116786.145
2026-08-23 23:00:00,95.59,95.88,95.01,95.43,90166.97
2026-08-24 00:00:00,95.44,95.56,93.87,95.54,207556.44
2026-08-24 01:00:00,95.55,95.56,93.74,93.88,161578.064
2026-08-24 02:00:00,93.87,95.05,93.67,94.59,146410.826
2026-08-24 03:00:00,94.59,94.66,93.47,93.66,105245.553
2026-08-24 04:00:00,93.66,94.35,93.66,94.22,115946.368
2026-08-24 05:00:00,94.21,94.66,93.47,94.28,158490.807
2026-08-24 06:00:00,94.27,94.64,93.8,94.56,159373.733
2026-08-24 07:00:00,94.56,95.45,94.0,94.11,171007.972
2026-08-24 08:00:00,94.11,94.38,93.26,93.94,115536.499
2026-08-24 09:00:00,93.93,94.89,93.89,94.67,99979.682
2026-08-24 10:00:00,94.66,95.11,94.57,94.72,165618.251
2026-08-24 11:00:00,94.71,96.33,94.25,95.84,236307.508
2026-08-24 12:00:00,95.84,96.64,94.18,96.29,336604.735
2026-08-24 13:00:00,96.29,96.53,94.3,95.02,295116.147
2026-08-24 14:00:00,95.02,96.73,94.85,96.1,290504.022
2026-08-24 15:00:00,96.11,97.61,95.99,96.45,327290.582
2026-08-24 16:00:00,96.46,97.58,95.8,96.07,203884.22
2026-08-24 17:00:00,96.07,96.2,94.81,95.4,270081.771
2026-08-24 18:00:00,95.4,96.44,95.4,95.92,201327.343
2026-08-24 19:00:00,95.93,96.65,95.42,96.54,186632.479
2026-08-24 20:00:00,96.54,96.77,95.75,96.55,95753.508
2026-08-24 21:00:00,96.55,97.57,96.55,97.47,122224.439
2026-08-24 22:00:00,97.48,98.71,97.17,97.43,230870.49
2026-08-24 23:00:00,97.44,98.99,97.26,98.97,202452.662
2026-08-25 00:00:00,98.98,102.77,98.56,101.77,897481.109
2026-08-25 01:00:00,101.76,102.55,100.09,100.47,325354.55
2026-08-25 02:00:00,100.48,102.35,100.21,100.92,398335.354
2026-08-25 03:00:00,100.93,102.05,100.85,101.61,196984.86
2026-08-25 04:00:00,101.61,101.73,100.82,101.33,175620.508
2026-08-25 05:00:00,101.33,103.08,101.24,101.89,219172.074
2026-08-25 06:00:00,101.89,102.07,100.42,100.76,170355.337
2026-08-25 07:00:00,100.77,101.95,99.54,100.23,270802.363
2026-08-25 08:00:00,100.24,101.13,99.73,100.41,175675.02
2026-08-25 09:00:00,100.41,100.65,99.29,99.82,156336.659
2026-08-25 10:00:00,99.82,99.9,99.05,99.64,139184.859
2026-08-25 11:00:00,99.64,99.72,98.49,98.6,195657.114
2026-08-25 12:00:00,98.61,98.82,97.48,98.6,187692.175
2026-08-25 13:00:00,98.59,98.82,96.21,97.15,312462.81
2026-08-25 14:00:00,97.16,98.42,96.91,98.21,185594.647
2026-08-25 15:00:00,98.22,98.5,97.61,98.38,126346.86
2026-08-25 16:00:00,98.38,98.66,97.77,98.19,114260.595
2026-08-25 17:00:00,98.2,98.22,97.45,98.2,78495.41
2026-08-25 18:00:00,98.2,98.83,98.07,98.5,113090.459
2026-08-25 19:00:00,98.49,98.64,97.48,97.94,96231.246
2026-08-25 20:00:00,97.95,98.05,96.64,96.68,134116.937
2026-08-25 21:00:00,96.68,97.28,95.32,97.19,177304.414
2026-08-25 22:00:00,97.19,97.77,97.15,97.22,55035.411
2026-08-25 23:00:00,97.21,97.43,96.39,96.6,71341.659
2026-08-26 00:00:00,96.6,96.94,96.17,96.66,119329.493
2026-08-26 01:00:00,96.65,97.28,96.63,97.03,81334.676
2026-08-26 02:00:00,97.04,97.56,96.79,97.28,56436.066
2026-08-26 03:00:00,97.28,97.38,96.82,97.06,57544.723
2026-08-26 04:00:00,97.06,97.32,96.56,96.63,83681.797
2026-08-26 05:00:00,96.62,97.19,96.25,97.09,77510.686
2026-08-26 06:00:00,97.09,97.33,96.52,96.8,58828.286
2026-08-26 07:00:00,96.8,97.17,96.66,96.95,62210.394
2026-08-26 08:00:00,96.95,97.4,96.7,96.81,46763.536
2026-08-26 09:00:00,96.81,97.02,95.78,96.17,94258.553
2026-08-26 10:00:00,96.16,97.88,96.0,97.48,110682.499
2026-08-26 11:00:00,97.48,97.66,96.68,97.03,84420.923
2026-08-26 12:00:00,97.04,97.57,96.05,97.02,137343.29
2026-08-26 13:00:00,97.01,97.23,95.79,96.55,173923.91
2026-08-26 14:00:00,96.55,96.98,95.41,95.48,139569.136
2026-08-26 15:00:00,95.47,96.34,94.95,95.94,133527.904
2026-08-26 16:00:00,95.93,96.19,95.47,95.95,69092.113
2026-08-26 17:00:00,95.95,97.25,95.87,96.97,118134.696
2026-08-26 18:00:00,96.98,97.16,96.63,96.84,72597.255
2026-08-26 19:00:00,96.83,96.93,96.35,96.8,76312.395
2026-08-26 20:00:00,96.79,97.04,96.3,96.93,54437.937
2026-08-26 21:00:00,96.94,98.35,96.89,98.26,112908.418
2026-08-26 22:00:00,98.26,100.92,98.07,99.7,301427.5
2026-08-26 23:00:00,99.69,102.46,99.5,102.07,314646.989
2026-08-27 00:00:00,102.08,102.14,100.59,100.59,169173.763
2026-08-27 01:00:00,100.59,101.93,100.52,101.45,140859.954
2026-08-27 02:00:00,101.44,101.94,100.87,101.17,106476.798
2026-08-27 03:00:00,101.18,101.81,100.89,101.08,115192.505
2026-08-27 04:00:00,101.09,101.55,100.7,101.09,122112.926
2026-08-27 05:00:00,101.08,102.29,100.77,102.04,181960.503
2026-08-27 06:00:00,102.04,102.06,100.88,101.28,160070.433
2026-08-27 07:00:00,101.28,102.1,101.03,101.8,110369.256
2026-08-27 08:00:00,101.81,105.06,101.73,104.66,527218.287
2026-08-27 09:00:00,104.67,105.79,104.0,104.4,274234.757
2026-08-27 10:00:00,104.4,105.03,103.1,104.1,272580.927
2026-08-27 11:00:00,104.1,104.96,103.4,103.95,149666.123
2026-08-27 12:00:00,103.95,104.77,103.93,104.43,113173.08
2026-08-27 13:00:00,104.42,106.32,104.16,106.06,263661.734
2026-08-27 14:00:00,106.06,107.94,105.21,106.8,544617.762
2026-08-27 15:00:00,106.8,108.0,106.5,107.2,338525.921
2026-08-27 16:00:00,107.2,109.49,106.87,108.94,333890.706
2026-08-27 17:00:00,108.94,109.62,107.72,108.18,272471.179
2026-08-27 18:00:00,108.19,108.39,106.69,108.39,207704.934
2026-08-27 19:00:00,108.39,109.92,108.27,109.39,179532.041
2026-08-27 20:00:00,109.39,109.77,108.44,109.03,146860.459
2026-08-27 21:00:00,109.03,109.15,108.21,108.73,107292.572
2026-08-27 22:00:00,108.73,110.6,108.73,109.2,221968.471
2026-08-27 23:00:00,109.19,110.03,108.86,109.14,106376.499
2026-08-28 00:00:00,109.15,110.0,108.67,109.11,218282.215
2026-08-28 01:00:00,109.11,109.75,107.72,107.85,156286.345
2026-08-28 02:00:00,107.84,107.97,106.16,106.52,179579.305
2026-08-28 03:00:00,106.51,107.34,105.86,106.85,125224.855
2026-08-28 04:00:00,106.84,107.66,106.26,106.79,94686.547
2026-08-28 05:00:00,106.78,107.47,106.63,107.2,80746.387
2026-08-28 06:00:00,107.21,107.85,107.19,107.54,92925.7
2026-08-28 07:00:00,107.54,107.55,106.27,106.35,103741.433
2026-08-28 08:00:00,106.35,106.88,105.77,106.04,88857.89
2026-08-28 09:00:00,106.04,106.62,105.52,105.93,107712.34
2026-08-28 10:00:00,105.94,106.22,104.53,106.2,169794.089
2026-08-28 11:00:00,106.19,107.05,105.56,105.84,190058.87
2026-08-28 12:00:00,105.84,106.01,104.55,104.89,247139.169
2026-08-28 13:00:00,104.88,105.61,104.65,105.18,189939.29
2026-08-28 14:00:00,105.17,106.7,103.63,106.31,615367.188
2026-08-28 15:00:00,106.31,107.94,105.21,105.24,365591.73
2026-08-28 16:00:00,105.25,105.72,103.0,105.16,586611.729
2026-08-28 17:00:00,105.16,105.26,104.3,104.67,191449.136
2026-08-28 18:00:00,104.67,104.72,102.28,103.12,236491.444
2026-08-28 19:00:00,103.11,103.88,103.01,103.41,151546.785
2026-08-28 20:00:00,103.4,104.31,102.82,103.86,89759.229
2026-08-28 21:00:00,103.86,104.03,103.27,103.44,57741.634
2026-08-28 22:00:00,103.45,104.21,103.41,104.14,75169.774
2026-08-28 23:00:00,104.13,104.39,103.98,104.15,47355.357
2026-08-29 00:00:00,104.14,104.59,103.86,103.91,50051.928
2026-08-29 01:00:00,103.91,104.37,103.8,104.17,64108.716
2026-08-29 02:00:00,104.17,104.41,103.66,103.95,68283.045
2026-08-29 03:00:00,103.94,104.24,103.82,103.87,60285.896
2026-08-29 04:00:00,103.88,104.05,103.46,103.87,64174.212
2026-08-29 05:00:00,103.88,104.2,103.82,104.02,47055.05
2026-08-29 06:00:00,104.02,104.02,103.32,103.59,44181.919
2026-08-29 07:00:00,103.59,103.98,103.58,103.74,35304.732
2026-08-29 08:00:00,103.73,103.73,103.11,103.46,47755.559
2026-08-29 09:00:00,103.47,103.63,103.3,103.33,55674.403
2026-08-29 10:00:00,103.33,103.6,103.03,103.45,44071.654
2026-08-29 11:00:00,103.44,103.71,103.41,103.5,19678.887
2026-08-29 12:00:00,103.51,104.01,103.38,103.62,43934.773
2026-08-29 13:00:00,103.61,103.97,103.51,103.8,36495.595
2026-08-29 14:00:00,103.8,105.5,103.79,105.38,151794.134
2026-08-29 15:00:00,105.39,105.51,104.65,105.03,92382.648
2026-08-29 16:00:00,105.03,105.39,104.84,104.87,132739.086
2026-08-29 17:00:00,104.87,105.15,104.37,104.87,61198.348
2026-08-29 18:00:00,104.87,105.3,104.75,105.13,76082.809
2026-08-29 19:00:00,105.13,105.88,105.12,105.35,81612.375
2026-08-29 20:00:00,105.36,105.52,105.07,105.23,35687.088
2026-08-29 21:00:00,105.23,105.4,104.76,105.05,54734.274
2026-08-29 22:00:00,105.04,105.56,104.9,105.51,24460.831
2026-08-29 23:00:00,105.52,105.78,105.42,105.61,46744.536
2026-08-30 00:00:00,105.61,105.71,105.23,105.25,48518.091
2026-08-30 01:00:00,105.26,105.39,105.01,105.24,49372.241
2026-08-30 02:00:00,105.24,105.49,105.18,105.22,44830.246
2026-08-30 03:00:00,105.22,105.34,104.96,105.07,31642.027
2026-08-30 04:00:00,105.07,105.13,104.68,105.11,37178.984
2026-08-30 05:00:00,105.12,105.27,104.91,105.08,23861.491
2026-08-30 06:00:00,105.07,105.42,104.89,105.41,25097.341
2026-08-30 07:00:00,105.42,105.44,104.72,104.85,28505.888
2026-08-30 08:00:00,104.84,105.08,104.47,104.75,47694.827
2026-08-30 09:00:00,104.75,104.97,104.47,104.6,43552.099
2026-08-30 10:00:00,104.6,105.24,104.5,105.09,46764.554
2026-08-30 11:00:00,105.1,105.32,104.93,105.12,42799.764
2026-08-30 12:00:00,105.11,106.19,105.08,106.11,113046.112
2026-08-30 13:00:00,106.11,107.48,105.87,107.13,173924.212
2026-08-30 14:00:00,107.12,107.25,106.63,106.73,91819.259
2026-08-30 15:00:00,106.73,106.84,105.98,106.29,108377.103
2026-08-30 16:00:00,106.29,107.15,106.13,106.91,131120.854
2026-08-30 17:00:00,106.9,106.9,105.26,106.42,154916.375
2026-08-30 18:00:00,106.41,106.86,106.03,106.68,72918.283
2026-08-30 19:00:00,106.69,106.82,105.45,105.82,84855.095
2026-08-30 20:00:00,105.82,106.03,104.42,104.77,132243.037
2026-08-30 21:00:00,104.77,104.79,103.38,104.45,129683.486
2026-08-30 22:00:00,104.46,104.75,103.33,103.82,100572.012
2026-08-30 23:00:00,103.82,103.82,100.31,101.75,306193.112
2026-08-31 00:00:00,101.75,102.62,101.12,102.14,116407.851
2026-08-31 01:00:00,102.14,102.26,101.4,101.52,95435.193
2026-08-31 02:00:00,101.51,102.35,101.18,101.45,87015.463
2026-08-31 03:00:00,101.46,102.21,101.29,101.94,72820.862
2026-08-31 04:00:00,101.95,102.0,100.9,101.45,99617.654
2026-08-31 05:00:00,101.44,103.04,101.27,102.63,144212.997
2026-08-31 06:00:00,102.63,102.89,102.34,102.72,95658.268
2026-08-31 07:00:00,102.73,103.18,102.64,102.98,91950.74
2026-08-31 08:00:00,102.99,103.47,102.46,103.24,109099.342
2026-08-31 09:00:00,103.23,103.49,103.0,103.09,79525.002
2026-08-31 10:00:00,103.09,104.07,102.66,103.68,88002.21
2026-08-31 11:00:00,103.68,104.17,103.27,103.4,69407.392
2026-08-31 12:00:00,103.4,103.76,102.5,102.76,99975.541
2026-08-31 13:00:00,102.77,103.08,102.18,102.36,104760.431
2026-08-31 14:00:00,102.36,103.93,102.21,103.53,125855.026
2026-08-31 15:00:00,103.54,103.67,102.77,102.88,92327.846
2026-08-31 16:00:00,102.88,103.33,102.45,102.83,93418.894
2026-08-31 17:00:00,102.84,103.8,102.65,103.64,89651.013
2026-08-31 18:00:00,103.64,105.0,103.38,104.47,125162.8
2026-08-31 19:00:00,104.47,104.76,103.55,103.61,80170.207
2026-08-31 20:00:00,103.6,104.29,103.53,103.75,58310.862
2026-08-31 21:00:00,103.74,103.97,103.24,103.67,76404.825
2026-08-31 22:00:00,103.67,103.79,103.12,103.21,32603.45
2026-08-31 23:00:00,103.2,103.22,102.88,103.06,34078.19
2026-09-01 00:00:00,103.06,103.55,102.94,103.19,76365.638
2026-09-01 01:00:00,103.2,103.53,102.74,103.26,68075.413
2026-09-01 02:00:00,103.25,103.46,102.81,103.4,43510.402
2026-09-01 03:00:00,103.41,104.2,103.29,103.66,61280.026
2026-09-01 04:00:00,103.66,104.09,103.54,103.63,52919.732
2026-09-01 05:00:00,103.64,104.38,103.59,104.31,76106.296
2026-09-01 06:00:00,104.31,104.31,103.36,103.38,98826.023
2026-09-01 07:00:00,103.38,103.57,102.8,103.15,115224.96
2026-09-01 08:00:00,103.15,103.22,101.8,102.07,151894.686
2026-09-01 09:00:00,102.08,102.28,101.87,101.98,81718.61
2026-09-01 10:00:00,101.98,102.74,101.95,102.38,118879.463
2026-09-01 11:00:00,102.38,102.63,102.08,102.29,112124.113
2026-09-01 12:00:00,102.28,102.49,101.41,101.94,95397.275
2026-09-01 13:00:00,101.93,102.49,101.33,101.96,141999.766
2026-09-01 14:00:00,101.96,102.59,101.86,102.03,106378.425
2026-09-01 15:00:00,102.02,102.35,101.01,102.05,133010.821
2026-09-01 16:00:00,102.05,102.07,100.62,100.94,131888.664
2026-09-01 17:00:00,100.93,101.25,100.45,100.6,114887.977
2026-09-01 18:00:00,100.6,100.71,98.33,99.61,288886.511
2026-09-01 19:00:00,99.61,100.33,99.52,100.08,119780.925
2026-09-01 20:00:00,100.09,100.35,99.67,100.11,82704.259
2026-09-01 21:00:00,100.11,100.22,98.94,99.61,98364.21
2026-09-01 22:00:00,99.6,99.95,99.33,99.69,71610.149
2026-09-01 23:00:00,99.69,100.25,99.61,100.0,50839.997
2026-09-02 00:00:00,100.01,100.28,99.62,99.67,81785.254
2026-09-02 01:00:00,99.66,99.94,98.52,99.09,97142.444
2026-09-02 02:00:00,99.09,99.93,98.77,99.93,117245.793
2026-09-02 03:00:00,99.93,100.71,99.84,100.29,79683.034
2026-09-02 04:00:00,100.3,100.31,99.74,100.1,50600.997
2026-09-02 05:00:00,100.1,100.4,99.77,100.27,46063.549
2026-09-02 06:00:00,100.27,100.39,99.68,100.08,50499.187
2026-09-02 07:00:00,100.09,100.43,99.83,99.85,45691.557
2026-09-02 08:00:00,99.85,100.02,98.8,99.01,66760.386
2026-09-02 09:00:00,99.01,99.34,98.2,98.64,93908.288
2026-09-02 10:00:00,98.63,98.67,97.45,98.23,172983.58
2026-09-02 11:00:00,98.22,98.28,97.38,98.12,90589.018
2026-09-02 12:00:00,98.11,98.51,97.65,97.7,64787.101
2026-09-02 13:00:00,97.71,99.67,97.7,99.21,124550.691
2026-09-02 14:00:00,99.21,99.8,98.91,98.92,104427.257
2026-09-02 15:00:00,98.92,99.53,98.47,99.33,112237.806
2026-09-02 16:00:00,99.33,99.81,98.78,98.81,105573.504
2026-09-02 17:00:00,98.81,99.33,98.21,99.33,101359.462
2026-09-02 18:00:00,99.33,99.69,99.17,99.52,66963.483
2026-09-02 19:00:00,99.52,99.64,99.07,99.43,38520.535
2026-09-02 20:00:00,99.43,100.03,99.34,99.71,87983.957
2026-09-02 21:00:00,99.72,99.85,99.44,99.66,38098.611
2026-09-02 22:00:00,99.66,99.77,99.21,99.54,41128.945
2026-09-02 23:00:00,99.54,100.53,99.42,100.43,57709.736
2026-09-03 00:00:00,100.44,100.46,99.5,99.52,76038.817
2026-09-03 01:00:00,99.52,100.62,99.23,100.17,101209.807
2026-09-03 02:00:00,100.16,101.34,99.96,101.11,119833.727
2026-09-03 03:00:00,101.12,101.2,100.2,100.51,98703.378
2026-09-03 04:00:00,100.52,100.99,100.08,100.98,73346.827
2026-09-03 05:00:00,100.99,101.04,99.72,100.87,94308.088
2026-09-03 06:00:00,100.88,101.0,100.59,100.89,57088.876
2026-09-03 07:00:00,100.9,101.39,100.28,100.41,116054.685
2026-09-03 08:00:00,100.41,101.13,100.39,100.63,65233.581
2026-09-03 09:00:00,100.64,100.8,100.12,100.17,63455.4
2026-09-03 10:00:00,100.16,100.49,99.93,100.44,68195.664
2026-09-03 11:00:00,100.44,100.99,100.33,100.81,74362.132
2026-09-03 12:00:00,100.8,101.84,100.63,101.67,133979.258
2026-09-03 13:00:00,101.68,102.02,101.11,101.49,116783.93
2026-09-03 14:00:00,101.49,104.86,101.25,104.81,342577.039
2026-09-03 15:00:00,104.81,105.66,103.78,105.17,396468.639
2026-09-03 16:00:00,105.17,105.19,103.85,104.56,188619.873
2026-09-03 17:00:00,104.57,105.21,104.4,105.1,114106.43
2026-09-03 18:00:00,105.1,105.28,104.63,105.22,79121.558
2026-09-03 19:00:00,105.22,105.91,105.05,105.28,108680.491
2026-09-03 20:00:00,105.29,105.47,104.76,104.91,82867.222
2026-09-03 21:00:00,104.91,105.72,104.77,105.2,103597.554
2026-09-03 22:00:00,105.19,105.32,103.66,104.15,106963.235
2026-09-03 23:00:00,104.15,104.24,103.83,103.94,74076.849
2026-09-04 00:00:00,103.95,104.33,103.44,103.48,141730.461
2026-09-04 01:00:00,103.49,103.87,103.24,103.81,78984.178
2026-09-04 02:00:00,103.81,103.82,103.34,103.79,59957.262
2026-09-04 03:00:00,103.79,104.14,103.71,103.72,38415.002
2026-09-04 04:00:00,103.72,104.37,103.6,103.91,64013.445
2026-09-04 05:00:00,103.9,104.06,103.46,103.71,56802.352
2026-09-04 06:00:00,103.7,104.06,103.34,103.62,48552.648
2026-09-04 07:00:00,103.62,104.05,103.55,103.6,121737.287
2026-09-04 08:00:00,103.61,104.51,103.21,104.39,155736.696
2026-09-04 09:00:00,104.39,104.79,103.97,104.06,122308.138
2026-09-04 10:00:00,104.07,104.15,103.56,104.14,66778.846
2026-09-04 11:00:00,104.14,104.51,103.96,104.09,67812.525
2026-09-04 12:00:00,104.09,104.45,100.21,101.59,462417.009
2026-09-04 13:00:00,101.58,102.28,101.03,101.67,190180.247
2026-09-04 14:00:00,101.67,101.82,100.31,100.81,148398.405
2026-09-04 15:00:00,100.8,101.68,100.67,101.46,100451.625
2026-09-04 16:00:00,101.45,102.09,101.35,101.83,50028.21
2026-09-04 17:00:00,101.83,101.86,101.08,101.24,58038.854
2026-09-04 18:00:00,101.25,101.7,101.22,101.65,37806.9
2026-09-04 19:00:00,101.66,101.96,101.63,101.69,47045.012
2026-09-04 20:00:00,101.7,101.87,101.62,101.76,40053.61
2026-09-04 21:00:00,101.76,101.94,101.47,101.57,43925.27
2026-09-04 22:00:00,101.58,101.87,101.57,101.74,28379.291
2026-09-04 23:00:00,101.74,101.98,101.66,101.93,17269.23
2026-09-05 00:00:00,101.93,102.01,101.72,101.81,42522.401
2026-09-05 01:00:00,101.82,102.2,101.74,101.87,53509.424
2026-09-05 02:00:00,101.86,101.99,101.7,101.98,45310.328
2026-09-05 03:00:00,101.98,102.02,101.76,101.89,27067.526
2026-09-05 04:00:00,101.89,101.94,101.7,101.75,47838.336
2026-09-05 05:00:00,101.76,101.94,101.6,101.86,41749.829
2026-09-05 06:00:00,101.87,102.4,101.82,102.29,43250.33
2026-09-05 07:00:00,102.29,102.62,102.17,102.23,60737.548
2026-09-05 08:00:00,102.22,102.6,102.11,102.59,58928.19
2026-09-05 09:00:00,102.58,102.82,102.52,102.55,39442.007
2026-09-05 10:00:00,102.55,102.71,102.39,102.51,39026.594
2026-09-05 11:00:00,102.52,102.58,102.22,102.35,43905.924
2026-09-05 12:00:00,102.34,103.24,102.29,103.23,86704.395
2026-09-05 13:00:00,103.23,103.43,102.56,102.65,139711.869
2026-09-05 14:00:00,102.65,102.96,102.64,102.87,110661.706
2026-09-05 15:00:00,102.86,102.99,102.64,102.95,71493.776
2026-09-05 16:00:00,102.95,103.53,102.79,103.4,133833.153
2026-09-05 17:00:00,103.4,104.31,103.28,104.22,173418.299
2026-09-05 18:00:00,104.23,104.37,103.74,103.92,52784.423
2026-09-05 19:00:00,103.92,103.97,103.22,103.41,59095.032
2026-09-05 20:00:00,103.4,103.62,103.13,103.23,64766.129
2026-09-05 21:00:00,103.23,103.99,103.22,103.73,39294.28
2026-09-05 22:00:00,103.74,103.87,103.22,103.38,43961.254
2026-09-05 23:00:00,103.38,103.39,102.94,103.18,48762.751
2026-09-06 00:00:00,103.18,103.52,103.17,103.31,44511.726
2026-09-06 01:00:00,103.3,104.21,103.26,104.05,92040.985
2026-09-06 02:00:00,104.05,104.74,103.88,104.36,79559.857
2026-09-06 03:00:00,104.37,107.07,104.35,105.95,275790.096
2026-09-06 04:00:00,105.95,106.36,105.59,105.75,112938.122
2026-09-06 05:00:00,105.74,106.83,105.48,106.44,109315.876
2026-09-06 06:00:00,106.44,106.45,105.32,105.37,96786.358
2026-09-06 07:00:00,105.37,105.57,104.69,105.23,120337.027
2026-09-06 08:00:00,105.24,105.41,105.0,105.2,67404.833
2026-09-06 09:00:00,105.2,107.3,105.18,106.5,287147.836
2026-09-06 10:00:00,106.49,106.94,106.37,106.65,140386.835
2026-09-06 11:00:00,106.66,106.73,106.27,106.47,66755.526
2026-09-06 12:00:00,106.46,107.36,106.37,106.81,138565.378
2026-09-06 13:00:00,106.81,107.17,105.92,107.08,157367.207
2026-09-06 14:00:00,107.09,107.12,105.17,105.74,204032.697
2026-09-06 15:00:00,105.74,105.99,104.93,105.76,126276.024
2026-09-06 16:00:00,105.75,106.38,105.49,106.09,79216.305
2026-09-06 17:00:00,106.09,106.44,105.57,106.19,82219.664
2026-09-06 18:00:00,106.2,106.59,105.85,105.98,61540.745
2026-09-06 19:00:00,105.98,105.99,105.36,105.48,58327.191
2026-09-06 20:00:00,105.49,105.87,105.36,105.73,54695.562
2026-09-06 21:00:00,105.73,106.25,105.73,105.93,53505.66
2026-09-06 22:00:00,105.93,106.04,104.97,105.85,89941.839
2026-09-06 23:00:00,105.86,106.77,105.81,106.55,93587.571
2026-09-07 00:00:00,106.55,106.65,105.89,106.16,107983.365
2026-09-07 01:00:00,106.16,106.35,105.06,105.32,96919.132
2026-09-07 02:00:00,105.33,107.06,104.93,105.8,136671.396
2026-09-07 03:00:00,105.8,105.9,104.93,104.95,120130.817
2026-09-07 04:00:00,104.95,105.3,104.75,105.09,112469.264
2026-09-07 05:00:00,105.09,105.83,105.05,105.12,84038.373
2026-09-07 06:00:00,105.13,105.4,104.87,105.08,83555.899
2026-09-07 07:00:00,105.08,105.54,103.8,104.48,189914.191
2026-09-07 08:00:00,104.48,104.9,104.41,104.71,93508.048
2026-09-07 09:00:00,104.7,105.18,104.6,104.66,102739.606
2026-09-07 10:00:00,104.67,105.15,104.66,105.01,57899.926
2026-09-07 11:00:00,105.01,105.14,104.74,104.92,56852.887
2026-09-07 12:00:00,104.93,105.93,104.9,105.74,80493.064
2026-09-07 13:00:00,105.74,105.84,104.83,105.09,92086.861
2026-09-07 14:00:00,105.08,105.19,104.03,104.66,142432.882
2026-09-07 15:00:00,104.66,104.67,102.96,103.26,171681.869
2026-09-07 16:00:00,103.27,103.88,103.21,103.88,57530.61
2026-09-07 17:00:00,103.87,104.25,103.8,104.0,54107.307
2026-09-07 18:00:00,104.0,104.09,103.58,103.91,70306.466
2026-09-07 19:00:00,103.91,104.43,103.81,104.35,39785.068
2026-09-07 20:00:00,104.36,104.41,103.92,104.1,52995.713
2026-09-07 21:00:00,104.1,104.16,103.8,103.91,39207.065
2026-09-07 22:00:00,103.91,104.07,103.18,103.55,74062.055
2026-09-07 23:00:00,103.54,104.04,103.5,103.8,78949.973
2026-09-08 00:00:00,103.81,104.16,103.45,104.09,72379.6
2026-09-08 01:00:00,104.09,104.43,104.01,104.39,75150.027
2026-09-08 02:00:00,104.4,104.53,103.29,103.3,83035.415
2026-09-08 03:00:00,103.29,103.45,102.74,103.36,116641.988
2026-09-08 04:00:00,103.36,103.46,103.0,103.0,62233.439
2026-09-08 05:00:00,103.01,103.51,102.89,102.96,103270.613
2026-09-08 06:00:00,102.97,103.1,102.44,102.68,125172.149
2026-09-08 07:00:00,102.69,103.14,102.61,102.95,69437.376
2026-09-08 08:00:00,102.95,103.5,102.49,103.05,75495.41
2026-09-08 09:00:00,103.04,103.85,102.93,103.69,73487.897
2026-09-08 10:00:00,103.7,104.09,103.39,103.39,73114.017
2026-09-08 11:00:00,103.4,103.46,102.66,102.87,77338.621
2026-09-08 12:00:00,102.88,103.33,102.5,103.09,68763.198
2026-09-08 13:00:00,103.09,103.17,101.72,102.69,135205.652
2026-09-08 14:00:00,102.68,103.44,102.45,103.33,111004.932
2026-09-08 15:00:00,103.33,104.39,103.24,104.31,106447.859
2026-09-08 16:00:00,104.3,104.83,103.6,104.2,118761.938
2026-09-08 17:00:00,104.2,104.44,103.69,103.7,63750.52
2026-09-08 18:00:00,103.71,104.49,103.19,103.38,82572.782
2026-09-08 19:00:00,103.38,103.61,102.89,103.24,88615.176
2026-09-08 20:00:00,103.24,103.8,103.06,103.09,47274.285
2026-09-08 21:00:00,103.1,103.36,102.82,103.02,52846.493
2026-09-08 22:00:00,103.02,103.46,102.97,103.42,37665.239
2026-09-08 23:00:00,103.42,103.6,103.27,103.37,36720.354
2026-09-09 00:00:00,103.37,103.88,103.35,103.78,47982.088
2026-09-09 01:00:00,103.78,103.94,103.38,103.79,52764.767
2026-09-09 02:00:00,103.79,104.02,103.34,103.47,55126.026
2026-09-09 03:00:00,103.47,103.51,102.92,103.3,68852.001
2026-09-09 04:00:00,103.31,104.43,103.3,104.41,102859.458
2026-09-09 05:00:00,104.42,104.71,103.75,104.1,101876.245
2026-09-09 06:00:00,104.1,104.78,104.0,104.54,44016.446
2026-09-09 07:00:00,104.54,105.2,104.49,104.58,80895.128
2026-09-09 08:00:00,104.58,105.05,104.56,104.82,58960.117
2026-09-09 09:00:00,104.83,104.86,103.46,103.5,95137.092
2026-09-09 10:00:00,103.5,104.08,103.47,103.79,77803.167
2026-09-09 11:00:00,103.79,104.31,103.3,104.25,79886.782
2026-09-09 12:00:00,104.25,104.83,104.11,104.67,104650.287
2026-09-09 13:00:00,104.68,104.7,103.54,103.8,94524.891
2026-09-09 14:00:00,103.81,104.19,103.36,103.49,123337.001
2026-09-09 15:00:00,103.49,104.11,102.07,103.08,241657.539
2026-09-09 16:00:00,103.08,103.52,102.76,103.39,78472.686
2026-09-09 17:00:00,103.4,103.83,103.23,103.54,53304.811
2026-09-09 18:00:00,103.55,103.74,103.22,103.27,64718.265
2026-09-09 19:00:00,103.28,103.39,102.16,102.35,70334.307
2026-09-09 20:00:00,102.34,102.68,101.85,102.58,105954.956
2026-09-09 21:00:00,102.58,102.63,101.84,102.1,99554.084
2026-09-09 22:00:00,102.1,102.2,100.33,100.82,179248.937
2026-09-09 23:00:00,100.82,101.78,100.75,101.57,70522.605
2026-09-10 00:00:00,101.57,101.72,100.95,101.01,76657.47
2026-09-10 01:00:00,101.0,101.75,100.5,101.06,94257.686
2026-09-10 02:00:00,101.07,101.9,101.0,101.9,45232.101
2026-09-10 03:00:00,101.9,102.07,101.66,101.83,76919.943
2026-09-10 04:00:00,101.83,102.19,101.8,101.98,47399.542
2026-09-10 05:00:00,101.97,102.19,101.64,102.11,52373.391
2026-09-10 06:00:00,102.11,102.13,101.4,101.95,33036.69
2026-09-10 07:00:00,101.95,101.95,100.83,101.31,93226.694
2026-09-10 08:00:00,101.3,101.41,101.02,101.17,101598.566
2026-09-10 09:00:00,101.17,101.42,100.81,101.13,71011.29
2026-09-10 10:00:00,101.13,101.39,100.85,101.06,57733.978
2026-09-10 11:00:00,101.06,101.54,100.82,101.01,86145.614
2026-09-10 12:00:00,101.0,101.49,98.5,98.94,369265.553
2026-09-10 13:00:00,98.94,99.85,98.88,99.74,184767.781
2026-09-10 14:00:00,99.75,100.37,99.27,100.21,95709.708
2026-09-10 15:00:00,100.2,100.22,99.44,99.74,77777.118
2026-09-10 16:00:00,99.74,99.91,98.84,99.68,84132.442
2026-09-10 17:00:00,99.69,100.46,99.56,99.97,81329.046
2026-09-10 18:00:00,99.97,99.99,99.23,99.93,61455.776
2026-09-10 19:00:00,99.92,100.12,99.6,99.69,61127.701
2026-09-10 20:00:00,99.69,100.14,99.63,100.05,26756.68
2026-09-10 21:00:00,100.05,100.15,99.78,99.82,24703.582
2026-09-10 22:00:00,99.83,100.11,99.26,99.27,38310.835
2026-09-10 23:00:00,99.27,99.39,98.6,98.67,76979.646
2026-09-11 00:00:00,98.67,99.42,98.6,99.16,83134.338
2026-09-11 01:00:00,99.17,99.51,98.72,99.46,68233.334
2026-09-11 02:00:00,99.45,99.53,99.06,99.31,58363.818
2026-09-11 03:00:00,99.3,99.48,98.95,99.31,62238.93
2026-09-11 04:00:00,99.32,99.97,99.24,99.68,71948.299
2026-09-11 05:00:00,99.69,99.91,99.56,99.9,54072.236
2026-09-11 06:00:00,99.9,100.0,99.54,99.82,48388.289
2026-09-11 07:00:00,99.82,100.13,99.71,99.75,56774.337
2026-09-11 08:00:00,99.75,100.29,99.49,99.93,50981.032
2026-09-11 09:00:00,99.93,99.96,99.01,99.4,52132.088
2026-09-11 10:00:00,99.4,99.74,99.18,99.18,66961.686
2026-09-11 11:00:00,99.18,99.6,98.6,99.49,101447.314
2026-09-11 12:00:00,99.49,101.85,98.0,101.69,453811.033
2026-09-11 13:00:00,101.69,104.92,100.61,104.88,444751.732
2026-09-11 14:00:00,104.88,105.8,102.86,103.28,468908.951
2026-09-11 15:00:00,103.29,103.6,101.25,101.61,221717.727
2026-09-11 16:00:00,101.6,102.4,101.31,102.33,153060.49
2026-09-11 17:00:00,102.33,102.48,101.82,101.96,70654.661
2026-09-11 18:00:00,101.96,102.04,100.38,101.09,199665.011
2026-09-11 19:00:00,101.09,102.15,100.81,102.02,82981.202
2026-09-11 20:00:00,102.02,102.98,102.0,102.47,120223.504
2026-09-11 21:00:00,102.48,103.1,102.05,102.09,64583.667
2026-09-11 22:00:00,102.09,102.48,101.54,101.88,136240.349
2026-09-11 23:00:00,101.87,102.49,101.79,102.46,57121.099
2026-09-12 00:00:00,102.45,102.59,101.79,101.93,57049.556
2026-09-12 01:00:00,101.93,102.24,101.85,102.0,49010.712
2026-09-12 02:00:00,102.0,102.06,101.64,101.86,64300.511
2026-09-12 03:00:00,101.87,101.93,101.44,101.64,48635.096
2026-09-12 04:00:00,101.65,101.9,101.55,101.59,29290.644
2026-09-12 05:00:00,101.59,101.73,101.41,101.65,42423.887
2026-09-12 06:00:00,101.64,101.89,101.48,101.68,43259.782
2026-09-12 07:00:00,101.69,101.94,101.61,101.66,46160.582
2026-09-12 08:00:00,101.66,101.88,101.56,101.83,50017.715
2026-09-12 09:00:00,101.84,102.23,101.76,102.02,64028.712
2026-09-12 10:00:00,102.02,102.26,101.96,102.14,36965.28
2026-09-12 11:00:00,102.14,102.24,101.99,102.13,34483.078
2026-09-12 12:00:00,102.14,102.42,101.95,102.06,63444.858
2026-09-12 13:00:00,102.06,102.23,101.77,101.99,62576.476
2026-09-12 14:00:00,102.0,102.13,101.89,102.0,44942.326
2026-09-12 15:00:00,102.01,102.16,101.88,102.06,56554.354
2026-09-12 16:00:00,102.06,102.12,101.94,102.08,30493.838
2026-09-12 17:00:00,102.08,102.16,101.96,101.97,24250.752
2026-09-12 18:00:00,101.97,101.98,101.56,101.64,53263.28
2026-09-12 19:00:00,101.65,101.71,101.23,101.27,49720.393
2026-09-12 20:00:00,101.28,101.57,101.25,101.37,29754.424
2026-09-12 21:00:00,101.37,101.64,101.35,101.47,30255.413
2026-09-12 22:00:00,101.47,101.8,101.4,101.68,57255.941
2026-09-12 23:00:00,101.68,101.9,101.64,101.76,30514.284
2026-09-13 00:00:00,101.77,101.78,101.55,101.74,27385.926
2026-09-13 01:00:00,101.74,102.33,101.73,102.28,67341.707
2026-09-13 02:00:00,102.29,102.34,101.77,101.89,56987.734
2026-09-13 03:00:00,101.9,102.06,101.55,101.63,41041.657
2026-09-13 04:00:00,101.63,101.81,101.53,101.72,26826.317
2026-09-13 05:00:00,101.72,101.93,101.69,101.82,34946.672
2026-09-13 06:00:00,101.81,101.82,101.09,101.25,31569.748
2026-09-13 07:00:00,101.25,101.4,100.67,100.72,81423.356
2026-09-13 08:00:00,100.72,100.87,99.92,100.01,113497.111
2026-09-13 09:00:00,100.01,100.2,99.42,99.87,87571.539
2026-09-13 10:00:00,99.86,99.91,99.42,99.57,44318.83
2026-09-13 11:00:00,99.57,99.87,99.45,99.83,43013.636
2026-09-13 12:00:00,99.83,99.83,99.54,99.71,47305.66
2026-09-13 13:00:00,99.71,100.21,99.43,100.11,46015.927
2026-09-13 14:00:00,100.11,100.89,100.11,100.67,68353.831
2026-09-13 15:00:00,100.67,100.69,100.18,100.26,44114.167
2026-09-13 16:00:00,100.26,101.0,100.25,100.82,63634.672
2026-09-13 17:00:00,100.82,101.23,100.81,101.01,43575.901
2026-09-13 18:00:00,101.0,101.3,100.96,101.19,43656.034
2026-09-13 19:00:00,101.19,101.33,100.85,100.97,40831.688
2026-09-13 20:00:00,100.97,101.52,100.97,101.48,31248.308
2026-09-13 21:00:00,101.48,101.62,101.2,101.36,63326.085
2026-09-13 22:00:00,101.35,101.35,99.38,99.74,154573.2
2026-09-13 23:00:00,99.75,100.02,99.19,99.3,79442.698
2026-09-14 00:00:00,99.31,99.93,99.0,99.66,67234.129
2026-09-14 01:00:00,99.65,100.22,99.18,100.18,64927.832
2026-09-14 02:00:00,100.17,101.07,99.97,101.01,81196.851
2026-09-14 03:00:00,101.01,101.34,100.79,100.98,77660.869
2026-09-14 04:00:00,100.99,101.38,100.88,101.17,66306.389
2026-09-14 05:00:00,101.18,101.23,100.93,101.12,29346.357
2026-09-14 06:00:00,101.12,102.0,101.09,101.55,92141.05
2026-09-14 07:00:00,101.55,101.74,101.43,101.61,50503.691
2026-09-14 08:00:00,101.61,101.83,101.32,101.49,74020.327
2026-09-14 09:00:00,101.49,102.34,101.24,101.94,109756.188
2026-09-14 10:00:00,101.95,102.02,101.69,101.78,65183.716
2026-09-14 11:00:00,101.79,101.92,101.31,101.38,81049.493
2026-09-14 12:00:00,101.38,101.99,101.21,101.39,68171.732
2026-09-14 13:00:00,101.38,101.91,100.67,101.37,139598.698
2026-09-14 14:00:00,101.36,102.0,101.19,101.63,110276.595
2026-09-14 15:00:00,101.64,102.28,101.35,101.97,128709.026
2026-09-14 16:00:00,101.96,102.87,101.86,102.6,133272.981
2026-09-14 17:00:00,102.6,103.3,102.52,103.06,98374.472
2026-09-14 18:00:00,103.06,103.85,102.92,103.62,147834.419
2026-09-14 19:00:00,103.63,103.63,102.95,103.25,85510.867
2026-09-14 20:00:00,103.26,104.82,103.19,103.98,179652.258
2026-09-14 21:00:00,103.99,104.03,103.07,103.21,126036.335
2026-09-14 22:00:00,103.21,103.58,102.79,102.88,83368.785
2026-09-14 23:00:00,102.88,103.01,102.43,102.53,42545.436
2026-09-15 00:00:00,102.54,102.86,102.37,102.46,63932.946
2026-09-15 01:00:00,102.47,102.6,102.15,102.27,66678.81
2026-09-15 02:00:00,102.27,102.41,101.98,101.98,45823.783
2026-09-15 03:00:00,101.98,101.99,101.19,101.55,79881.473
2026-09-15 04:00:00,101.55,101.72,101.17,101.28,67378.667
2026-09-15 05:00:00,101.28,101.4,100.57,101.33,112365.041
2026-09-15 06:00:00,101.34,101.59,100.74,100.9,62824.447
2026-09-15 07:00:00,100.9,101.05,100.35,100.44,78063.703
2026-09-15 08:00:00,100.44,100.73,100.08,100.65,112436.708
2026-09-15 09:00:00,100.66,101.1,100.52,100.82,58773.051
2026-09-15 10:00:00,100.82,101.11,100.68,100.98,68568.622
2026-09-15 11:00:00,100.98,101.03,100.43,100.86,71378.819
2026-09-15 12:00:00,100.86,101.21,100.82,101.0,121476.932
2026-09-15 13:00:00,101.0,101.39,99.74,100.58,176032.45
2026-09-15 14:00:00,100.57,100.76,98.02,98.87,242297.673
2026-09-15 15:00:00,98.88,99.77,98.56,99.36,144828.004
2026-09-15 16:00:00,99.37,99.46,98.9,99.11,49378.713
2026-09-15 17:00:00,99.1,100.71,98.69,100.21,111119.173
2026-09-15 18:00:00,100.21,100.34,95.82,98.2,468878.942
2026-09-15 19:00:00,98.19,98.67,97.51,97.9,212722.488
2026-09-15 20:00:00,97.9,98.09,96.67,97.45,115496.398
2026-09-15 21:00:00,97.44,97.44,96.54,96.55,78057.401
2026-09-15 22:00:00,96.55,97.31,96.31,97.16,120463.268
2026-09-15 23:00:00,97.16,97.68,96.87,96.88,94648.79
2026-09-16 00:00:00,96.88,97.32,96.84,97.08,86099.601
2026-09-16 01:00:00,97.08,97.31,96.38,96.49,78031.252
2026-09-16 02:00:00,96.5,97.6,96.45,97.25,80381.308
2026-09-16 03:00:00,97.25,97.59,97.04,97.25,64248.578
2026-09-16 04:00:00,97.26,97.73,97.16,97.27,77731.962
2026-09-16 05:00:00,97.27,97.32,96.87,97.23,75660.628
2026-09-16 06:00:00,97.23,97.43,96.89,97.41,42389.451
2026-09-16 07:00:00,97.41,97.54,96.93,96.98,69381.877
2026-09-16 08:00:00,96.97,97.03,96.41,97.02,83352.38
2026-09-16 09:00:00,97.02,97.35,97.02,97.32,70693.565
2026-09-16 10:00:00,97.31,97.38,97.13,97.31,57155.46
2026-09-16 11:00:00,97.31,98.32,97.04,98.02,100944.358
2026-09-16 12:00:00,98.02,98.12,97.19,97.59,76011.51
2026-09-16 13:00:00,97.58,97.65,96.87,97.18,117471.703
2026-09-16 14:00:00,97.18,97.29,96.65,97.04,127250.351
2026-09-16 15:00:00,97.05,97.6,96.85,97.1,69753.914
2026-09-16 16:00:00,97.11,97.52,96.96,97.24,44461.871
2026-09-16 17:00:00,97.23,97.38,96.09,97.03,113485.893
2026-09-16 18:00:00,97.03,98.94,96.28,97.84,429209.546
2026-09-16 19:00:00,97.84,98.74,96.91,98.08,174009.556
2026-09-16 20:00:00,98.08,98.9,98.02,98.71,101498.286
2026-09-16 21:00:00,98.71,98.81,98.12,98.39,39000.73
2026-09-16 22:00:00,98.4,98.44,97.38,97.49,71080.03
2026-09-16 23:00:00,97.49,98.85,97.39,98.66,92969.584
2026-09-17 00:00:00,98.66,99.2,98.47,98.71,67243.876
2026-09-17 01:00:00,98.71,99.64,98.47,99.25,91301.702
2026-09-17 02:00:00,99.26,99.74,98.83,99.37,65637.288
2026-09-17 03:00:00,99.37,100.04,99.37,99.95,83027.504
2026-09-17 04:00:00,99.96,100.0,99.11,99.92,72972.046
2026-09-17 05:00:00,99.91,100.11,99.5,99.56,76420.721
2026-09-17 06:00:00,99.56,99.99,99.48,99.74,52115.018
2026-09-17 07:00:00,99.75,100.36,99.72,100.03,83950.779
2026-09-17 08:00:00,100.03,100.34,99.88,100.33,58896.472
2026-09-17 09:00:00,100.34,100.89,100.17,100.24,99549.171
2026-09-17 10:00:00,100.24,100.26,99.57,99.85,87583.285
2026-09-17 11:00:00,99.86,100.25,99.53,100.13,67977.676
2026-09-17 12:00:00,100.13,101.45,100.07,100.74,152765.629
2026-09-17 13:00:00,100.74,101.0,99.66,100.75,141317.055
2026-09-17 14:00:00,100.75,101.8,100.08,101.07,179479.845
2026-09-17 15:00:00,101.08,101.34,100.25,101.29,107242.011
2026-09-17 16:00:00,101.28,101.51,100.71,101.39,99392.165
2026-09-17 17:00:00,101.4,102.05,101.2,101.52,149635.679
2026-09-17 18:00:00,101.52,101.63,100.84,100.85,53734.433
2026-09-17 19:00:00,100.84,101.1,100.69,100.96,49857.76
2026-09-17 20:00:00,100.97,101.38,100.89,101.29,47014.002
2026-09-17 21:00:00,101.3,101.46,101.09,101.14,65420.186
2026-09-17 22:00:00,101.14,101.53,100.77,101.44,98797.159
2026-09-17 23:00:00,101.44,101.76,101.34,101.64,87820.644
2026-09-18 00:00:00,101.63,101.71,100.9,101.42,92734.963
2026-09-18 01:00:00,101.41,102.88,101.4,102.48,139318.188
2026-09-18 02:00:00,102.49,102.91,102.18,102.76,109355.897
2026-09-18 03:00:00,102.76,105.09,102.67,104.59,313116.126
2026-09-18 04:00:00,104.6,105.92,104.42,105.82,236773.625
2026-09-18 05:00:00,105.82,106.12,105.33,105.37,237016.11
2026-09-18 06:00:00,105.36,105.84,105.32,105.57,135761.465
2026-09-18 07:00:00,105.57,106.1,105.45,105.78,149781.946
2026-09-18 08:00:00,105.78,106.38,105.29,106.31,160609.543
2026-09-18 09:00:00,106.3,106.6,105.93,106.42,127530.265
2026-09-18 10:00:00,106.42,106.67,106.26,106.28,95030.73
2026-09-18 11:00:00,106.27,106.4,105.36,105.74,176497.435
2026-09-18 12:00:00,105.74,106.13,105.36,105.79,113889.562
2026-09-18 13:00:00,105.78,109.39,105.45,108.54,420804.966
2026-09-18 14:00:00,108.53,110.99,108.39,110.76,548120.541
2026-09-18 15:00:00,110.76,111.59,109.28,111.15,412083.926
2026-09-18 16:00:00,111.15,112.3,111.01,111.7,266562.9
2026-09-18 17:00:00,111.7,112.74,111.39,112.62,178975.339
2026-09-18 18:00:00,112.62,112.9,112.04,112.18,127065.528
2026-09-18 19:00:00,112.18,114.32,112.18,114.23,221417.23
2026-09-18 20:00:00,114.22,114.23,113.12,113.5,144188.089
2026-09-18 21:00:00,113.51,113.79,113.06,113.19,85652.919
2026-09-18 22:00:00,113.19,113.6,112.76,113.19,115291.197
2026-09-18 23:00:00,113.18,113.48,112.51,112.72,103415.678
2026-09-19 00:00:00,112.72,113.78,112.33,113.66,118595.588
2026-09-19 01:00:00,113.67,114.09,112.88,113.43,105647.28
2026-09-19 02:00:00,113.43,113.85,113.33,113.62,71953.338
2026-09-19 03:00:00,113.61,113.84,113.12,113.25,49685.719
2026-09-19 04:00:00,113.24,113.44,112.0,112.37,108853.993
2026-09-19 05:00:00,112.36,112.98,111.83,111.92,68716.932
2026-09-19 06:00:00,111.92,112.06,111.18,111.86,96843.98
2026-09-19 07:00:00,111.86,112.24,111.59,111.61,61011.948
2026-09-19 08:00:00,111.61,112.48,111.53,112.26,73634.869
2026-09-19 09:00:00,112.27,112.5,111.47,111.84,64077.29
2026-09-19 10:00:00,111.84,112.14,111.63,111.63,61718.87
2026-09-19 11:00:00,111.64,112.09,111.61,111.9,58324.155
2026-09-19 12:00:00,111.89,112.06,111.63,111.79,82334.032
2026-09-19 13:00:00,111.79,111.85,111.29,111.62,90345.548
2026-09-19 14:00:00,111.63,112.21,111.47,111.79,95084.416
2026-09-19 15:00:00,111.79,112.15,111.5,111.64,97544.662
2026-09-19 16:00:00,111.65,112.02,111.23,112.0,86630.361
2026-09-19 17:00:00,112.0,112.46,111.35,111.4,88422.039
2026-09-19 18:00:00,111.4,111.65,110.68,111.15,129596.316
2026-09-19 19:00:00,111.15,111.61,110.76,111.18,104464.731
2026-09-19 20:00:00,111.17,111.37,110.97,111.12,58867.852
2026-09-19 21:00:00,111.12,111.3,110.16,110.54,105050.769
2026-09-19 22:00:00,110.54,110.78,110.08,110.67,76867.2
2026-09-19 23:00:00,110.67,111.22,110.63,111.06,55286.694
2026-09-20 00:00:00,111.06,111.17,110.62,110.95,50910.085
2026-09-20 01:00:00,110.95,110.98,109.72,110.16,88619.788
2026-09-20 02:00:00,110.17,110.52,107.4,107.67,223837.872
2026-09-20 03:00:00,107.66,109.11,107.4,108.89,139427.803
2026-09-20 04:00:00,108.9,109.23,108.65,109.03,59004.105
2026-09-20 05:00:00,109.04,109.26,108.61,108.77,72292.611
2026-09-20 06:00:00,108.76,108.91,108.1,108.46,84936.083
2026-09-20 07:00:00,108.46,108.82,108.46,108.47,52286.767
2026-09-20 08:00:00,108.47,108.71,107.71,108.08,101464.637
2026-09-20 09:00:00,108.08,108.85,108.06,108.31,50902.567
2026-09-20 10:00:00,108.31,108.43,107.91,108.04,51063.239
2026-09-20 11:00:00,108.03,108.68,107.93,108.48,73240.227
2026-09-20 12:00:00,108.48,108.86,108.14,108.41,64948.83
2026-09-20 13:00:00,108.41,108.6,107.94,108.23,62153.868
2026-09-20 14:00:00,108.22,108.65,107.95,108.14,72790.846
2026-09-20 15:00:00,108.14,108.85,108.06,108.82,152325.573
2026-09-20 16:00:00,108.81,110.69,108.51,110.33,286239.127
2026-09-20 17:00:00,110.33,110.58,109.5,109.92,138605.91
2026-09-20 18:00:00,109.92,110.35,109.14,109.4,108889.6
2026-09-20 19:00:00,109.41,110.85,109.35,110.45,117366.771
2026-09-20 20:00:00,110.45,110.65,110.09,110.13,70426.419
2026-09-20 21:00:00,110.12,110.13,109.01,109.88,110592.018
2026-09-20 22:00:00,109.89,111.06,109.6,111.03,82396.077
2026-09-20 23:00:00,111.02,111.46,110.58,111.17,111118.401
2026-09-21 00:00:00,111.17,112.92,111.16,112.32,210548.762
2026-09-21 01:00:00,112.32,113.42,110.74,110.96,184893.343
2026-09-21 02:00:00,110.96,112.0,110.69,111.22,111506.633
2026-09-21 03:00:00,111.22,111.93,111.18,111.58,70675.171
2026-09-21 04:00:00,111.58,111.83,111.05,111.48,86603.859
2026-09-21 05:00:00,111.47,112.23,111.26,111.76,101411.8
2026-09-21 06:00:00,111.76,112.57,111.52,112.19,128388.499
2026-09-21 07:00:00,112.18,112.4,111.35,112.11,97317.147
2026-09-21 08:00:00,112.11,116.39,112.07,115.32,456256.129
2026-09-21 09:00:00,115.31,116.85,114.95,115.93,360704.867
2026-09-21 10:00:00,115.93,116.12,115.49,116.01,201640.809
2026-09-21 11:00:00,116.01,117.18,115.84,116.8,191478.185
2026-09-21 12:00:00,116.8,117.13,116.2,116.82,187795.764
2026-09-21 13:00:00,116.81,118.41,116.7,118.06,385769.35
2026-09-21 14:00:00,118.05,118.9,117.34,118.05,366548.147
2026-09-21 15:00:00,118.04,119.15,117.36,117.94,346991.73
2026-09-21 16:00:00,117.94,118.33,116.76,117.51,212800.033
2026-09-21 17:00:00,117.52,117.93,116.68,117.2,139840.114
2026-09-21 18:00:00,117.19,117.86,116.86,117.73,88721.798
2026-09-21 19:00:00,117.73,118.48,117.27,118.36,124767.023
2026-09-21 20:00:00,118.37,119.5,118.21,119.19,200124.826
2026-09-21 21:00:00,119.19,119.99,118.67,119.12,154181.715
2026-09-21 22:00:00,119.11,119.84,118.79,119.45,113137.717
2026-09-21 23:00:00,119.45,119.92,118.4,118.9,90516.216
2026-09-22 00:00:00,118.91,119.48,118.04,118.33,143847.01
2026-09-22 01:00:00,118.34,118.45,117.0,117.59,163389.343
2026-09-22 02:00:00,117.59,118.09,116.51,116.9,131906.721
2026-09-22 03:00:00,116.9,117.07,116.3,116.8,146494.624
2026-09-22 04:00:00,116.8,117.11,116.24,116.4,149117.572
2026-09-22 05:00:00,116.4,117.18,115.54,116.86,176216.982
2026-09-22 06:00:00,116.86,117.06,116.39,116.53,77344.794
2026-09-22 07:00:00,116.54,116.84,116.01,116.32,157524.362
2026-09-22 08:00:00,116.32,118.03,115.79,117.52,159779.535
2026-09-22 09:00:00,117.52,117.59,116.67,117.46,127353.209
2026-09-22 10:00:00,117.47,117.49,116.38,116.85,86305.295
2026-09-22 11:00:00,116.85,117.5,116.42,117.34,96916.489
2026-09-22 12:00:00,117.34,117.76,116.87,117.47,116921.751
2026-09-22 13:00:00,117.46,118.0,116.84,117.98,200336.997
2026-09-22 14:00:00,117.98,117.98,115.89,116.89,227181.358
2026-09-22 15:00:00,116.9,117.93,116.8,117.38,130126.354
2026-09-22 16:00:00,117.38,117.82,116.7,117.48,111413.738
2026-09-22 17:00:00,117.47,118.2,117.35,117.97,112441.281
2026-09-22 18:00:00,117.97,118.46,117.62,118.13,95731.411
2026-09-22 19:00:00,118.14,118.72,117.8,118.26,114942.686
2026-09-22 20:00:00,118.25,118.38,117.81,117.98,78239.139
2026-09-22 21:00:00,117.97,118.28,117.7,118.08,75886.637
2026-09-22 22:00:00,118.09,118.78,117.62,118.48,78127.443
2026-09-22 23:00:00,118.48,119.28,118.23,118.57,104146.842
2026-09-23 00:00:00,118.57,119.21,118.3,118.82,81892.041
2026-09-23 01:00:00,118.82,119.39,117.85,118.35,99984.22
2026-09-23 02:00:00,118.36,118.53,117.9,118.49,51403.39
2026-09-23 03:00:00,118.49,119.66,118.27,119.12,114584.336
2026-09-23 04:00:00,119.12,119.77,118.77,119.53,166005.236
2026-09-23 05:00:00,119.52,119.53,118.27,118.42,99993.185
2026-09-23 06:00:00,118.42,119.29,118.37,118.96,116516.401
2026-09-23 07:00:00,118.96,119.1,117.56,117.9,224195.879
2026-09-23 08:00:00,117.9,118.34,117.0,117.39,238725.933
2026-09-23 09:00:00,117.4,117.74,117.08,117.39,163883.444
2026-09-23 10:00:00,117.39,117.63,116.82,117.63,126662.455
2026-09-23 11:00:00,117.63,117.71,116.44,117.1,123805.629
2026-09-23 12:00:00,117.09,117.27,116.58,116.92,137228.3
2026-09-23 13:00:00,116.91,117.19,115.97,116.8,169684.295
2026-09-23 14:00:00,116.81,117.04,113.0,115.15,657454.153
2026-09-23 15:00:00,115.15,115.93,113.8,113.86,249373.856
2026-09-23 16:00:00,113.86,115.27,113.16,114.4,221467.911
2026-09-23 17:00:00,114.41,114.82,113.59,114.56,124139.022
2026-09-23 18:00:00,114.56,114.6,113.98,114.29,85633.798
2026-09-23 19:00:00,114.29,114.9,114.0,114.52,85315.291
2026-09-23 20:00:00,114.53,114.7,114.0,114.04,65353.128
2026-09-23 21:00:00,114.03,114.74,113.88,114.71,75160.685
2026-09-23 22:00:00,114.71,115.63,114.62,115.15,93933.75
2026-09-23 23:00:00,115.15,115.19,114.72,114.99,46517.318
2026-09-24 00:00:00,114.99,115.68,114.87,115.13,69224.44
2026-09-24 01:00:00,115.14,115.5,114.56,114.7,75511.262
2026-09-24 02:00:00,114.71,115.44,114.07,115.29,75772.784
2026-09-24 03:00:00,115.3,115.71,114.54,114.7,73795.706
2026-09-24 04:00:00,114.71,115.49,114.4,115.4,66859.52
2026-09-24 05:00:00,115.39,116.13,114.86,114.87,88904.432
2026-09-24 06:00:00,114.86,115.28,114.74,114.85,51863.351
2026-09-24 07:00:00,114.85,115.67,114.5,115.52,58587.2
2026-09-24 08:00:00,115.52,115.64,113.34,114.14,136763.38
2026-09-24 09:00:00,114.15,114.33,112.52,113.15,173204.649
2026-09-24 10:00:00,113.14,113.58,112.73,113.37,133150.395
2026-09-24 11:00:00,113.36,113.6,113.06,113.35,80261.08
2026-09-24 12:00:00,113.34,113.92,113.11,113.84,76861.882
2026-09-24 13:00:00,113.84,115.42,113.82,114.97,166345.955
2026-09-24 14:00:00,114.98,116.44,114.07,114.6,243731.033
2026-09-24 15:00:00,114.59,116.63,114.36,116.33,119253.427
2026-09-24 16:00:00,116.33,117.79,115.92,117.09,243553.152
2026-09-24 17:00:00,117.09,117.34,116.48,116.77,130356.896
2026-09-24 18:00:00,116.77,117.56,116.25,117.38,107055.766
2026-09-24 19:00:00,117.39,117.7,117.1,117.3,104677.1
2026-09-24 20:00:00,117.29,117.45,116.66,116.83,76178.98
2026-09-24 21:00:00,116.84,117.3,116.64,116.86,77980.011
2026-09-24 22:00:00,116.85,116.96,116.12,116.6,85947.752
2026-09-24 23:00:00,116.61,117.22,116.55,117.04,75561.252
2026-09-25 00:00:00,117.04,117.68,117.04,117.43,78223.77
2026-09-25 01:00:00,117.44,117.94,117.15,117.47,85743.433
2026-09-25 02:00:00,117.48,118.44,116.84,116.91,118128.107
2026-09-25 03:00:00,116.91,117.32,116.5,116.9,77361.125
2026-09-25 04:00:00,116.9,117.34,116.27,116.4,101507.612
2026-09-25 05:00:00,116.4,116.67,116.16,116.44,79803.252
2026-09-25 06:00:00,116.45,116.74,116.09,116.28,65642.132
2026-09-25 07:00:00,116.28,116.62,115.86,116.38,70340.899
2026-09-25 08:00:00,116.38,117.56,116.34,117.32,86910.279
2026-09-25 09:00:00,117.32,118.9,117.3,118.37,224349.942
2026-09-25 10:00:00,118.37,119.57,117.9,119.18,233147.522
2026-09-25 11:00:00,119.18,122.33,119.14,120.82,554974.062
2026-09-25 12:00:00,120.83,121.17,118.62,120.74,335539.514
2026-09-25 13:00:00,120.73,121.1,118.5,119.5,329620.95
2026-09-25 14:00:00,119.51,120.52,118.27,120.44,347913.944
2026-09-25 15:00:00,120.44,121.48,119.03,120.13,230943.826
2026-09-25 16:00:00,120.14,121.89,120.09,120.89,262680.32
2026-09-25 17:00:00,120.89,121.64,120.26,121.0,138556.456
2026-09-25 18:00:00,121.01,122.78,120.95,121.95,195073.576
2026-09-25 19:00:00,121.95,122.19,121.46,121.91,100077.412
2026-09-25 20:00:00,121.92,122.94,121.48,121.59,125542.021
2026-09-25 21:00:00,121.58,121.76,120.82,121.0,79712.928
2026-09-25 22:00:00,121.0,122.44,120.87,122.19,65952.365
2026-09-25 23:00:00,122.19,122.38,121.89,122.15,35123.755
2026-09-26 00:00:00,122.15,122.44,121.22,121.55,61913.378
2026-09-26 01:00:00,121.54,122.28,121.48,122.05,68252.341
2026-09-26 02:00:00,122.05,122.3,121.57,121.59,53936.412
2026-09-26 03:00:00,121.59,121.61,120.53,120.64,103027.472
2026-09-26 04:00:00,120.64,120.97,120.26,120.68,47387.772
2026-09-26 05:00:00,120.68,120.76,120.21,120.52,47862.783
2026-09-26 06:00:00,120.52,120.53,120.14,120.21,66884.097
2026-09-26 07:00:00,120.22,120.82,120.16,120.76,67056.85
2026-09-26 08:00:00,120.76,121.27,120.26,120.69,87998.33
2026-09-26 09:00:00,120.7,120.71,119.82,119.99,138879.726
2026-09-26 10:00:00,119.99,120.74,119.95,120.63,62313.924
2026-09-26 11:00:00,120.62,121.45,120.26,121.28,105779.839
2026-09-26 12:00:00,121.29,121.58,120.93,121.08,68924.395
2026-09-26 13:00:00,121.08,121.33,120.22,120.78,151849.16
2026-09-26 14:00:00,120.77,121.2,120.62,120.95,77276.998
2026-09-26 15:00:00,120.94,122.1,120.8,121.88,126874.641
2026-09-26 16:00:00,121.89,121.9,121.38,121.64,55733.483
2026-09-26 17:00:00,121.64,121.64,120.96,121.5,117475.48
2026-09-26 18:00:00,121.5,121.68,120.81,121.06,61706.395
2026-09-26 19:00:00,121.06,121.31,120.82,121.14,31102.401
2026-09-26 20:00:00,121.15,121.56,120.07,120.35,86363.04
2026-09-26 21:00:00,120.36,121.72,120.29,121.32,61437.902
2026-09-26 22:00:00,121.32,121.83,121.09,121.14,50272.79
2026-09-26 23:00:00,121.14,121.83,121.14,121.41,29403.19
2026-09-27 00:00:00,121.41,121.44,120.72,120.83,41712.051
2026-09-27 01:00:00,120.83,121.59,120.66,121.43,37178.829
2026-09-27 02:00:00,121.43,121.69,121.09,121.15,48800.124
2026-09-27 03:00:00,121.15,121.38,120.56,120.61,90588.499
2026-09-27 04:00:00,120.61,120.86,120.1,120.15,81501.394
2026-09-27 05:00:00,120.15,121.48,120.12,121.1,81983.216
2026-09-27 06:00:00,121.11,121.58,121.1,121.33,52366.385
2026-09-27 07:00:00,121.33,124.4,121.32,124.12,189373.76
2026-09-27 08:00:00,124.13,124.95,123.96,124.12,337168.457
2026-09-27 09:00:00,124.13,124.57,123.37,124.47,201920.651
2026-09-27 10:00:00,124.46,124.82,123.89,124.04,110007.503
2026-09-27 11:00:00,124.03,124.22,123.64,123.94,80735.238
2026-09-27 12:00:00,123.94,124.42,123.36,123.37,44418.919
2026-09-27 13:00:00,123.36,123.69,122.34,123.16,307602.345
2026-09-27 14:00:00,123.16,123.21,121.4,121.7,177802.363
2026-09-27 15:00:00,121.7,121.9,121.28,121.75,138367.042
2026-09-27 16:00:00,121.76,122.35,121.69,121.83,64241.57
2026-09-27 17:00:00,121.82,122.19,121.72,122.07,49162.803
2026-09-27 18:00:00,122.06,123.3,121.94,123.28,79956.997
2026-09-27 19:00:00,123.29,123.43,122.88,123.03,61125.207
2026-09-27 20:00:00,123.04,123.45,122.55,122.71,60214.29
2026-09-27 21:00:00,122.71,123.29,122.19,122.85,55978.798
2026-09-27 22:00:00,122.85,123.0,120.96,121.41,137781.592
2026-09-27 23:00:00,121.42,122.2,121.35,121.99,69067.861
2026-09-28 00:00:00,122.0,122.93,121.44,121.66,84409.12
2026-09-28 01:00:00,121.66,122.25,120.33,120.72,135787.585
2026-09-28 02:00:00,120.71,121.45,119.88,120.05,164781.987
2026-09-28 03:00:00,120.05,120.43,119.45,119.85,83233.416
2026-09-28 04:00:00,119.86,120.23,119.21,119.96,72443.141
2026-09-28 05:00:00,119.96,120.18,118.14,119.16,130854.325
2026-09-28 06:00:00,119.16,119.48,118.21,118.75,74844.977
2026-09-28 07:00:00,118.75,119.15,117.9,118.06,113336.041
2026-09-28 08:00:00,118.05,118.61,118.02,118.36,76025.91
2026-09-28 09:00:00,118.36,118.71,117.58,117.76,117408.932
2026-09-28 10:00:00,117.77,118.78,117.77,118.46,86466.426
2026-09-28 11:00:00,118.47,118.84,118.38,118.73,98639.842
2026-09-28 12:00:00,118.72,120.25,118.52,120.03,165592.122
2026-09-28 13:00:00,120.04,120.39,119.4,119.84,124063.502
2026-09-28 14:00:00,119.84,119.84,117.36,118.07,231770.124
2026-09-28 15:00:00,118.08,118.84,117.47,118.71,113717.02
2026-09-28 16:00:00,118.71,120.37,118.27,119.28,158772.615
2026-09-28 17:00:00,119.29,120.73,118.58,119.74,133739.138
2026-09-28 18:00:00,119.73,120.14,119.36,119.99,43772.425
2026-09-28 19:00:00,119.98,120.01,118.01,118.37,87820.044
2026-09-28 20:00:00,118.37,119.08,118.15,118.84,46798.804
2026-09-28 21:00:00,118.84,119.15,117.69,117.73,83441.501
2026-09-28 22:00:00,117.73,118.63,117.26,118.61,69536.695
2026-09-28 23:00:00,118.6,119.0,118.55,118.89,43487.056
2026-09-29 00:00:00,118.89,119.13,118.06,118.1,50770.899
2026-09-29 01:00:00,118.09,118.44,116.32,117.14,158033.958
2026-09-29 02:00:00,117.14,117.33,116.44,116.95,60555.543
2026-09-29 03:00:00,116.96,118.06,116.92,117.86,56765.432
2026-09-29 04:00:00,117.86,118.1,117.27,117.7,43085.522
2026-09-29 05:00:00,117.69,118.27,117.11,118.27,63507.407
2026-09-29 06:00:00,118.26,119.29,118.23,119.26,99799.783
2026-09-29 07:00:00,119.26,119.92,119.0,119.54,89718.935
2026-09-29 08:00:00,119.55,120.0,118.9,119.18,79489.158
2026-09-29 09:00:00,119.19,120.1,118.88,119.92,76950.382
2026-09-29 10:00:00,119.93,120.04,119.21,119.44,67202.71
2026-09-29 11:00:00,119.44,120.4,119.22,120.14,81077.991
2026-09-29 12:00:00,120.15,121.05,119.95,120.87,260501.913
2026-09-29 13:00:00,120.88,121.69,120.67,121.02,177074.79
2026-09-29 14:00:00,121.02,121.31,120.16,120.21,193755.476
2026-09-29 15:00:00,120.21,120.29,117.95,118.22,328047.116
2026-09-29 16:00:00,118.22,118.72,117.53,118.06,136869.199
2026-09-29 17:00:00,118.05,118.35,117.36,117.71,80274.793
2026-09-29 18:00:00,117.71,119.29,117.71,119.17,79220.1
2026-09-29 19:00:00,119.16,119.53,118.58,118.8,57135.062
2026-09-29 20:00:00,118.81,119.25,118.61,119.05,31062.486
2026-09-29 21:00:00,119.04,119.19,118.52,118.94,49230.517
2026-09-29 22:00:00,118.94,119.6,118.86,119.12,65347.843
2026-09-29 23:00:00,119.11,119.68,118.88,119.15,37654.75
2026-09-30 00:00:00,119.15,119.3,118.51,118.95,39779.176
2026-09-30 01:00:00,118.94,119.67,118.82,119.46,63988.741
2026-09-30 02:00:00,119.46,120.07,119.15,119.7,63337.368
2026-09-30 03:00:00,119.71,119.89,118.94,119.14,52931.071
2026-09-30 04:00:00,119.13,119.69,118.75,118.78,61205.877
2026-09-30 05:00:00,118.77,119.65,118.5,119.09,82525.463
2026-09-30 06:00:00,119.09,119.23,118.07,118.12,76747.808
2026-09-30 07:00:00,118.12,118.93,117.91,118.48,108258.597
2026-09-30 08:00:00,118.47,118.53,117.81,118.22,79608.278
2026-09-30 09:00:00,118.23,119.8,118.19,119.34,100823.581
2026-09-30 10:00:00,119.33,119.92,119.26,119.88,110887.551
2026-09-30 11:00:00,119.87,119.87,119.2,119.5,174500.906
2026-09-30 12:00:00,119.51,122.54,119.38,121.9,386580.102
2026-09-30 13:00:00,121.9,122.83,119.86,121.04,299969.034
2026-09-30 14:00:00,121.04,121.32,118.47,118.82,304190.643
2026-09-30 15:00:00,118.82,119.55,118.02,119.32,119352.204
2026-09-30 16:00:00,119.33,119.72,119.22,119.7,14003.307
