[2026-07-30 18:29:10] 🚀 watchdog 시작 — 감시 대상 총 17개 (8888 + 8개 봇 쌍), 주기 300초 (5분)
[2026-07-30 18:29:11] ❌ [8888_app] DOWN 감지 -> 즉시 단일 기동
[2026-07-30 18:29:11] ⏳ 신규 기동 타겟 안정화 대기 (15초)...
[2026-07-30 18:29:26]   - [8888_app] 상태: PID [3608] / PORT UP
[2026-07-30 18:29:26]   - [8401_ui] 상태: PID [2045] / PORT UP
[2026-07-30 18:29:26]   - [8401_bot] 상태: PID [2043]
[2026-07-30 18:29:26]   - [8402_ui] 상태: PID [2130] / PORT UP
[2026-07-30 18:29:26]   - [8402_bot] 상태: PID [2128]
[2026-07-30 18:29:26]   - [8403_ui] 상태: PID [2270] / PORT UP
[2026-07-30 18:29:26]   - [8403_bot] 상태: PID [2266]
[2026-07-30 18:29:26]   - [8404_ui] 상태: PID [2446] / PORT UP
[2026-07-30 18:29:26]   - [8404_bot] 상태: PID [2444]
[2026-07-30 18:29:26]   - [8405_ui] 상태: PID [2649] / PORT UP
[2026-07-30 18:29:26]   - [8405_bot] 상태: PID [2647]
[2026-07-30 18:29:26]   - [8407_ui] 상태: PID [2878] / PORT UP
[2026-07-30 18:29:26]   - [8407_bot] 상태: PID [2876]
[2026-07-30 18:29:26]   - [8408_ui] 상태: PID [3156] / PORT UP
[2026-07-30 18:29:26]   - [8408_bot] 상태: PID [3154]
[2026-07-30 18:29:26]   - [8409_ui] 상태: PID [3444] / PORT UP
[2026-07-30 18:29:27]   - [8409_bot] 상태: PID [3442]
[2026-07-30 22:14:49] ❌ [8888_app] DOWN 감지 -> 즉시 단일 기동
[2026-07-30 22:14:49] ⏳ 신규 기동 타겟 안정화 대기 (15초)...
[2026-07-30 22:15:04]   - [8888_app] 상태: PID [39028] / PORT UP
[2026-07-30 22:15:04]   - [8401_ui] 상태: PID [2045] / PORT UP
[2026-07-30 22:15:04]   - [8401_bot] 상태: PID [2043]
[2026-07-30 22:15:05]   - [8402_ui] 상태: PID [2130] / PORT UP
[2026-07-30 22:15:05]   - [8402_bot] 상태: PID [2128]
[2026-07-30 22:15:05]   - [8403_ui] 상태: PID [2270] / PORT UP
[2026-07-30 22:15:05]   - [8403_bot] 상태: PID [2266]
[2026-07-30 22:15:05]   - [8404_ui] 상태: PID [2446] / PORT UP
[2026-07-30 22:15:05]   - [8404_bot] 상태: PID [2444]
[2026-07-30 22:15:05]   - [8405_ui] 상태: PID [2649] / PORT UP
[2026-07-30 22:15:05]   - [8405_bot] 상태: PID [2647]
[2026-07-30 22:15:05]   - [8407_ui] 상태: PID [2878] / PORT UP
[2026-07-30 22:15:05]   - [8407_bot] 상태: PID [2876]
[2026-07-30 22:15:05]   - [8408_ui] 상태: PID [3156] / PORT UP
[2026-07-30 22:15:05]   - [8408_bot] 상태: PID [3154]
[2026-07-30 22:15:05]   - [8409_ui] 상태: PID [3444] / PORT UP
[2026-07-30 22:15:05]   - [8409_bot] 상태: PID [3442]
[2026-07-31 00:00:20] ❌ [8401_bot] DOWN 감지 -> 즉시 단일 기동
[2026-07-31 00:00:20] ❌ [8402_bot] DOWN 감지 -> 즉시 단일 기동
[2026-07-31 00:00:20] ❌ [8404_bot] DOWN 감지 -> 즉시 단일 기동
[2026-07-31 00:00:20] ❌ [8405_bot] DOWN 감지 -> 즉시 단일 기동
[2026-07-31 00:00:20] ❌ [8407_bot] DOWN 감지 -> 즉시 단일 기동
[2026-07-31 00:00:20] ❌ [8408_bot] DOWN 감지 -> 즉시 단일 기동
[2026-07-31 00:00:20] ❌ [8409_bot] DOWN 감지 -> 즉시 단일 기동
[2026-07-31 00:00:20] ⏳ 신규 기동 타겟 안정화 대기 (15초)...
[2026-07-31 00:00:35]   - [8888_app] 상태: PID [39028] / PORT UP
[2026-07-31 00:00:35]   - [8401_ui] 상태: PID [2045] / PORT UP
[2026-07-31 00:00:35]   - [8401_bot] 상태: PID [57623]
[2026-07-31 00:00:35]   - [8402_ui] 상태: PID [2130] / PORT UP
[2026-07-31 00:00:35]   - [8402_bot] 상태: PID [57626]
[2026-07-31 00:00:35]   - [8403_ui] 상태: PID [57160] / PORT UP
[2026-07-31 00:00:35]   - [8403_bot] 상태: PID [57158]
[2026-07-31 00:00:35]   - [8404_ui] 상태: PID [2446] / PORT UP
[2026-07-31 00:00:35]   - [8404_bot] 상태: PID [57634]
[2026-07-31 00:00:36]   - [8405_ui] 상태: PID [2649] / PORT UP
[2026-07-31 00:00:36]   - [8405_bot] 상태: DOWN
[2026-07-31 00:00:36]   - [8407_ui] 상태: PID [2878] / PORT UP
[2026-07-31 00:00:36]   - [8407_bot] 상태: DOWN
[2026-07-31 00:00:36]   - [8408_ui] 상태: PID [58046] / PORT UP
[2026-07-31 00:00:36]   - [8408_bot] 상태: PID [58044]
[2026-07-31 00:00:36]   - [8409_ui] 상태: PID [3444] / PORT UP
[2026-07-31 00:00:36]   - [8409_bot] 상태: DOWN
[2026-07-31 00:05:36] ❌ [8404_ui] DOWN 감지 -> 즉시 단일 기동
[2026-07-31 00:05:36] ❌ [8404_bot] DOWN 감지 -> 즉시 단일 기동
[2026-07-31 00:05:36] ❌ [8405_bot] DOWN 감지 -> 즉시 단일 기동
[2026-07-31 00:05:36] ❌ [8407_bot] DOWN 감지 -> 즉시 단일 기동
[2026-07-31 00:05:36] ⏳ 신규 기동 타겟 안정화 대기 (15초)...
[2026-07-31 00:05:51]   - [8888_app] 상태: PID [39028] / PORT UP
[2026-07-31 00:05:51]   - [8401_ui] 상태: PID [59982] / PORT UP
[2026-07-31 00:05:52]   - [8401_bot] 상태: PID [59980]
[2026-07-31 00:05:52]   - [8402_ui] 상태: PID [60421] / PORT UP
[2026-07-31 00:05:52]   - [8402_bot] 상태: PID [60417]
[2026-07-31 00:05:52]   - [8403_ui] 상태: PID [57160] / PORT UP
[2026-07-31 00:05:52]   - [8403_bot] 상태: PID [57158]
[2026-07-31 00:05:52]   - [8404_ui] 상태: PID [60919] / PORT UP
[2026-07-31 00:05:52]   - [8404_bot] 상태: PID [60892, 60917]
[2026-07-31 00:05:52]   - [8405_ui] 상태: PID [2649] / PORT UP
[2026-07-31 00:05:52]   - [8405_bot] 상태: DOWN
[2026-07-31 00:05:52]   - [8407_ui] 상태: PID [2878] / PORT UP
[2026-07-31 00:05:52]   - [8407_bot] 상태: DOWN
[2026-07-31 00:05:52]   - [8408_ui] 상태: PID [58046] / PORT UP
[2026-07-31 00:05:52]   - [8408_bot] 상태: PID [58044]
[2026-07-31 00:05:52]   - [8409_ui] 상태: PID [58553] / PORT UP
[2026-07-31 00:05:52]   - [8409_bot] 상태: PID [58551]
[2026-07-31 00:10:52] ❌ [8405_bot] DOWN 감지 -> 즉시 단일 기동
[2026-07-31 00:10:53] ❌ [8407_bot] DOWN 감지 -> 즉시 단일 기동
[2026-07-31 00:10:53] ⏳ 신규 기동 타겟 안정화 대기 (15초)...
[2026-07-31 00:11:08]   - [8888_app] 상태: PID [39028] / PORT UP
[2026-07-31 00:11:08]   - [8401_ui] 상태: PID [59982] / PORT UP
[2026-07-31 00:11:08]   - [8401_bot] 상태: PID [59980]
[2026-07-31 00:11:08]   - [8402_ui] 상태: PID [60421] / PORT UP
[2026-07-31 00:11:08]   - [8402_bot] 상태: PID [60417]
[2026-07-31 00:11:08]   - [8403_ui] 상태: PID [57160] / PORT UP
[2026-07-31 00:11:08]   - [8403_bot] 상태: PID [57158]
[2026-07-31 00:11:08]   - [8404_ui] 상태: PID [62481] / PORT UP
[2026-07-31 00:11:08]   - [8404_bot] 상태: PID [62479]
[2026-07-31 00:11:08]   - [8405_ui] 상태: PID [2649] / PORT UP
[2026-07-31 00:11:08]   - [8405_bot] 상태: DOWN
[2026-07-31 00:11:08]   - [8407_ui] 상태: PID [2878] / PORT UP
[2026-07-31 00:11:08]   - [8407_bot] 상태: DOWN
[2026-07-31 00:11:08]   - [8408_ui] 상태: PID [58046] / PORT UP
[2026-07-31 00:11:08]   - [8408_bot] 상태: PID [58044]
[2026-07-31 00:11:08]   - [8409_ui] 상태: PID [58553] / PORT UP
[2026-07-31 00:11:08]   - [8409_bot] 상태: PID [58551]
[2026-07-31 00:16:09] ❌ [8405_bot] DOWN 감지 -> 즉시 단일 기동
[2026-07-31 00:16:09] ❌ [8407_bot] DOWN 감지 -> 즉시 단일 기동
[2026-07-31 00:16:09] ⏳ 신규 기동 타겟 안정화 대기 (15초)...
[2026-07-31 00:16:24]   - [8888_app] 상태: PID [39028] / PORT UP
[2026-07-31 00:16:24]   - [8401_ui] 상태: PID [59982] / PORT UP
[2026-07-31 00:16:24]   - [8401_bot] 상태: PID [59980]
[2026-07-31 00:16:24]   - [8402_ui] 상태: PID [60421] / PORT UP
[2026-07-31 00:16:24]   - [8402_bot] 상태: PID [60417]
[2026-07-31 00:16:24]   - [8403_ui] 상태: PID [57160] / PORT UP
[2026-07-31 00:16:24]   - [8403_bot] 상태: PID [57158]
[2026-07-31 00:16:24]   - [8404_ui] 상태: PID [62481] / PORT UP
[2026-07-31 00:16:24]   - [8404_bot] 상태: PID [62479]
[2026-07-31 00:16:24]   - [8405_ui] 상태: PID [2649] / PORT UP
[2026-07-31 00:16:24]   - [8405_bot] 상태: DOWN
[2026-07-31 00:16:24]   - [8407_ui] 상태: PID [2878] / PORT UP
[2026-07-31 00:16:24]   - [8407_bot] 상태: DOWN
[2026-07-31 00:16:24]   - [8408_ui] 상태: PID [58046] / PORT UP
[2026-07-31 00:16:25]   - [8408_bot] 상태: PID [58044]
[2026-07-31 00:16:25]   - [8409_ui] 상태: PID [58553] / PORT UP
[2026-07-31 00:16:25]   - [8409_bot] 상태: PID [58551]
[2026-07-31 00:21:25] ❌ [8405_bot] DOWN 감지 -> 즉시 단일 기동
[2026-07-31 00:21:25] ❌ [8407_bot] DOWN 감지 -> 즉시 단일 기동
[2026-07-31 00:21:25] ⏳ 신규 기동 타겟 안정화 대기 (15초)...
[2026-07-31 00:21:40]   - [8888_app] 상태: PID [39028] / PORT UP
[2026-07-31 00:21:40]   - [8401_ui] 상태: PID [59982] / PORT UP
[2026-07-31 00:21:40]   - [8401_bot] 상태: PID [59980]
[2026-07-31 00:21:40]   - [8402_ui] 상태: PID [60421] / PORT UP
[2026-07-31 00:21:41]   - [8402_bot] 상태: PID [60417]
[2026-07-31 00:21:41]   - [8403_ui] 상태: PID [57160] / PORT UP
[2026-07-31 00:21:41]   - [8403_bot] 상태: PID [57158]
[2026-07-31 00:21:41]   - [8404_ui] 상태: PID [62481] / PORT UP
[2026-07-31 00:21:41]   - [8404_bot] 상태: PID [62479]
[2026-07-31 00:21:41]   - [8405_ui] 상태: PID [2649] / PORT UP
[2026-07-31 00:21:41]   - [8405_bot] 상태: DOWN
[2026-07-31 00:21:41]   - [8407_ui] 상태: PID [2878] / PORT UP
[2026-07-31 00:21:41]   - [8407_bot] 상태: DOWN
[2026-07-31 00:21:41]   - [8408_ui] 상태: PID [58046] / PORT UP
[2026-07-31 00:21:41]   - [8408_bot] 상태: PID [58044]
[2026-07-31 00:21:41]   - [8409_ui] 상태: PID [58553] / PORT UP
[2026-07-31 00:21:41]   - [8409_bot] 상태: PID [58551]
[2026-07-31 00:26:41] ❌ [8405_bot] DOWN 감지 -> 즉시 단일 기동
[2026-07-31 00:26:41] ❌ [8407_bot] DOWN 감지 -> 즉시 단일 기동
[2026-07-31 00:26:42] ⏳ 신규 기동 타겟 안정화 대기 (15초)...
[2026-07-31 00:26:57]   - [8888_app] 상태: PID [39028] / PORT UP
[2026-07-31 00:26:57]   - [8401_ui] 상태: PID [59982] / PORT UP
[2026-07-31 00:26:57]   - [8401_bot] 상태: PID [59980]
[2026-07-31 00:26:57]   - [8402_ui] 상태: PID [60421] / PORT UP
[2026-07-31 00:26:57]   - [8402_bot] 상태: PID [60417]
[2026-07-31 00:26:57]   - [8403_ui] 상태: PID [57160] / PORT UP
[2026-07-31 00:26:57]   - [8403_bot] 상태: PID [57158]
[2026-07-31 00:26:57]   - [8404_ui] 상태: PID [62481] / PORT UP
[2026-07-31 00:26:57]   - [8404_bot] 상태: PID [62479]
[2026-07-31 00:26:57]   - [8405_ui] 상태: PID [2649] / PORT UP
[2026-07-31 00:26:57]   - [8405_bot] 상태: DOWN
[2026-07-31 00:26:57]   - [8407_ui] 상태: PID [2878] / PORT UP
[2026-07-31 00:26:57]   - [8407_bot] 상태: DOWN
[2026-07-31 00:26:57]   - [8408_ui] 상태: PID [58046] / PORT UP
[2026-07-31 00:26:57]   - [8408_bot] 상태: PID [58044]
[2026-07-31 00:26:57]   - [8409_ui] 상태: PID [58553] / PORT UP
[2026-07-31 00:26:57]   - [8409_bot] 상태: PID [58551]
[2026-07-31 00:31:58] ❌ [8405_bot] DOWN 감지 -> 즉시 단일 기동
[2026-07-31 00:31:58] ❌ [8407_bot] DOWN 감지 -> 즉시 단일 기동
[2026-07-31 00:31:58] ⏳ 신규 기동 타겟 안정화 대기 (15초)...
[2026-07-31 00:32:13]   - [8888_app] 상태: PID [39028] / PORT UP
[2026-07-31 00:32:13]   - [8401_ui] 상태: PID [59982] / PORT UP
[2026-07-31 00:32:13]   - [8401_bot] 상태: PID [59980]
[2026-07-31 00:32:13]   - [8402_ui] 상태: PID [60421] / PORT UP
[2026-07-31 00:32:13]   - [8402_bot] 상태: PID [60417]
[2026-07-31 00:32:13]   - [8403_ui] 상태: PID [57160] / PORT UP
[2026-07-31 00:32:13]   - [8403_bot] 상태: PID [57158]
[2026-07-31 00:32:13]   - [8404_ui] 상태: PID [62481] / PORT UP
[2026-07-31 00:32:13]   - [8404_bot] 상태: PID [62479]
[2026-07-31 00:32:13]   - [8405_ui] 상태: PID [2649] / PORT UP
[2026-07-31 00:32:13]   - [8405_bot] 상태: DOWN
[2026-07-31 00:32:13]   - [8407_ui] 상태: PID [2878] / PORT UP
[2026-07-31 00:32:13]   - [8407_bot] 상태: DOWN
[2026-07-31 00:32:13]   - [8408_ui] 상태: PID [58046] / PORT UP
[2026-07-31 00:32:13]   - [8408_bot] 상태: PID [58044]
[2026-07-31 00:32:14]   - [8409_ui] 상태: PID [58553] / PORT UP
[2026-07-31 00:32:14]   - [8409_bot] 상태: PID [58551]
[2026-07-31 00:37:14] ❌ [8405_bot] DOWN 감지 -> 즉시 단일 기동
[2026-07-31 00:37:14] ❌ [8407_bot] DOWN 감지 -> 즉시 단일 기동
[2026-07-31 00:37:14] ⏳ 신규 기동 타겟 안정화 대기 (15초)...
[2026-07-31 00:37:29]   - [8888_app] 상태: PID [39028] / PORT UP
[2026-07-31 00:37:29]   - [8401_ui] 상태: PID [59982] / PORT UP
[2026-07-31 00:37:29]   - [8401_bot] 상태: PID [59980]
[2026-07-31 00:37:29]   - [8402_ui] 상태: PID [60421] / PORT UP
[2026-07-31 00:37:29]   - [8402_bot] 상태: PID [60417]
[2026-07-31 00:37:29]   - [8403_ui] 상태: PID [57160] / PORT UP
[2026-07-31 00:37:30]   - [8403_bot] 상태: PID [57158]
[2026-07-31 00:37:30]   - [8404_ui] 상태: PID [62481] / PORT UP
[2026-07-31 00:37:30]   - [8404_bot] 상태: PID [62479]
[2026-07-31 00:37:30]   - [8405_ui] 상태: PID [2649] / PORT UP
[2026-07-31 00:37:30]   - [8405_bot] 상태: DOWN
[2026-07-31 00:37:30]   - [8407_ui] 상태: PID [2878] / PORT UP
[2026-07-31 00:37:30]   - [8407_bot] 상태: DOWN
[2026-07-31 00:37:30]   - [8408_ui] 상태: PID [58046] / PORT UP
[2026-07-31 00:37:30]   - [8408_bot] 상태: PID [58044]
[2026-07-31 00:37:30]   - [8409_ui] 상태: PID [58553] / PORT UP
[2026-07-31 00:37:30]   - [8409_bot] 상태: PID [58551]
[2026-07-31 00:42:30] ⚠️ [8402_bot] 중복 실행 감지 (2개 PID: [60417, 70858]) -> 전체 종료 후 단일 클린 재기동
[2026-07-31 00:42:30] 🛑 [8402_bot] PID 60417 종료 완료
[2026-07-31 00:42:30] 🛑 [8402_bot] PID 70858 종료 완료
[2026-07-31 00:42:32] ⚠️ [8403_bot] 중복 실행 감지 (2개 PID: [57158, 70866]) -> 전체 종료 후 단일 클린 재기동
[2026-07-31 00:42:32] 🛑 [8403_bot] PID 57158 종료 완료
[2026-07-31 00:42:32] 🛑 [8403_bot] PID 70866 종료 완료
[2026-07-31 00:42:33] ⚠️ [8404_bot] 중복 실행 감지 (2개 PID: [62479, 70875]) -> 전체 종료 후 단일 클린 재기동
[2026-07-31 00:42:33] 🛑 [8404_bot] PID 62479 종료 완료
[2026-07-31 00:42:33] 🛑 [8404_bot] PID 70875 종료 완료
[2026-07-31 00:42:35] ❌ [8405_bot] DOWN 감지 -> 즉시 단일 기동
[2026-07-31 00:42:35] ❌ [8407_bot] DOWN 감지 -> 즉시 단일 기동
[2026-07-31 00:42:35] ⚠️ [8408_bot] 중복 실행 감지 (2개 PID: [58044, 70887]) -> 전체 종료 후 단일 클린 재기동
[2026-07-31 00:42:35] 🛑 [8408_bot] PID 58044 종료 완료
[2026-07-31 00:42:35] 🛑 [8408_bot] PID 70887 종료 완료
[2026-07-31 00:42:37] ⚠️ [8409_bot] 중복 실행 감지 (2개 PID: [58551, 70895]) -> 전체 종료 후 단일 클린 재기동
[2026-07-31 00:42:37] 🛑 [8409_bot] PID 58551 종료 완료
[2026-07-31 00:42:37] 🛑 [8409_bot] PID 70895 종료 완료
[2026-07-31 00:42:38] ⏳ 신규 기동 타겟 안정화 대기 (15초)...
[2026-07-31 00:42:53]   - [8888_app] 상태: PID [39028] / PORT UP
[2026-07-31 00:42:53]   - [8401_ui] 상태: PID [59982] / PORT UP
[2026-07-31 00:42:53]   - [8401_bot] 상태: PID [59980]
[2026-07-31 00:42:53]   - [8402_ui] 상태: PID [60421] / PORT UP
[2026-07-31 00:42:53]   - [8402_bot] 상태: PID [71275]
[2026-07-31 00:42:53]   - [8403_ui] 상태: PID [57160] / PORT UP
[2026-07-31 00:42:53]   - [8403_bot] 상태: PID [71286]
[2026-07-31 00:42:53]   - [8404_ui] 상태: PID [62481] / PORT UP
[2026-07-31 00:42:53]   - [8404_bot] 상태: PID [71299]
[2026-07-31 00:42:54]   - [8405_ui] 상태: PID [2649] / PORT UP
[2026-07-31 00:42:54]   - [8405_bot] 상태: DOWN
[2026-07-31 00:42:54]   - [8407_ui] 상태: PID [2878] / PORT UP
[2026-07-31 00:42:54]   - [8407_bot] 상태: DOWN
[2026-07-31 00:42:54]   - [8408_ui] 상태: PID [58046] / PORT UP
[2026-07-31 00:42:54]   - [8408_bot] 상태: PID [71321]
[2026-07-31 00:42:54]   - [8409_ui] 상태: PID [58553] / PORT UP
[2026-07-31 00:42:54]   - [8409_bot] 상태: PID [71333]
[2026-07-31 00:47:54] ❌ [8405_bot] DOWN 감지 -> 즉시 단일 기동
[2026-07-31 00:47:54] ❌ [8407_bot] DOWN 감지 -> 즉시 단일 기동
[2026-07-31 00:47:54] ⏳ 신규 기동 타겟 안정화 대기 (15초)...
[2026-07-31 00:48:09]   - [8888_app] 상태: PID [39028] / PORT UP
[2026-07-31 00:48:10]   - [8401_ui] 상태: PID [59982] / PORT UP
[2026-07-31 00:48:10]   - [8401_bot] 상태: PID [59980]
[2026-07-31 00:48:10]   - [8402_ui] 상태: PID [60421] / PORT UP
[2026-07-31 00:48:10]   - [8402_bot] 상태: PID [71275]
[2026-07-31 00:48:10]   - [8403_ui] 상태: PID [57160] / PORT UP
[2026-07-31 00:48:10]   - [8403_bot] 상태: PID [71286]
[2026-07-31 00:48:10]   - [8404_ui] 상태: PID [62481] / PORT UP
[2026-07-31 00:48:10]   - [8404_bot] 상태: PID [71299]
[2026-07-31 00:48:10]   - [8405_ui] 상태: PID [2649] / PORT UP
[2026-07-31 00:48:10]   - [8405_bot] 상태: DOWN
[2026-07-31 00:48:10]   - [8407_ui] 상태: PID [2878] / PORT UP
[2026-07-31 00:48:10]   - [8407_bot] 상태: DOWN
[2026-07-31 00:48:10]   - [8408_ui] 상태: PID [58046] / PORT UP
[2026-07-31 00:48:10]   - [8408_bot] 상태: PID [71321]
[2026-07-31 00:48:10]   - [8409_ui] 상태: PID [58553] / PORT UP
[2026-07-31 00:48:10]   - [8409_bot] 상태: PID [71333]
[2026-07-31 00:53:11] ❌ [8405_bot] DOWN 감지 -> 즉시 단일 기동
[2026-07-31 00:53:11] ❌ [8407_bot] DOWN 감지 -> 즉시 단일 기동
[2026-07-31 00:53:11] ⏳ 신규 기동 타겟 안정화 대기 (15초)...
[2026-07-31 00:53:26]   - [8888_app] 상태: PID [39028] / PORT UP
[2026-07-31 00:53:26]   - [8401_ui] 상태: PID [59982] / PORT UP
[2026-07-31 00:53:26]   - [8401_bot] 상태: PID [59980]
[2026-07-31 00:53:26]   - [8402_ui] 상태: PID [60421] / PORT UP
[2026-07-31 00:53:26]   - [8402_bot] 상태: PID [71275]
[2026-07-31 00:53:26]   - [8403_ui] 상태: PID [57160] / PORT UP
[2026-07-31 00:53:26]   - [8403_bot] 상태: PID [71286]
[2026-07-31 00:53:26]   - [8404_ui] 상태: PID [62481] / PORT UP
[2026-07-31 00:53:26]   - [8404_bot] 상태: PID [71299]
[2026-07-31 00:53:26]   - [8405_ui] 상태: PID [2649] / PORT UP
[2026-07-31 00:53:26]   - [8405_bot] 상태: DOWN
[2026-07-31 00:53:26]   - [8407_ui] 상태: PID [2878] / PORT UP
[2026-07-31 00:53:26]   - [8407_bot] 상태: DOWN
[2026-07-31 00:53:26]   - [8408_ui] 상태: PID [58046] / PORT UP
[2026-07-31 00:53:26]   - [8408_bot] 상태: PID [71321]
[2026-07-31 00:53:26]   - [8409_ui] 상태: PID [58553] / PORT UP
[2026-07-31 00:53:26]   - [8409_bot] 상태: PID [71333]
[2026-07-31 00:58:27] ❌ [8405_bot] DOWN 감지 -> 즉시 단일 기동
[2026-07-31 00:58:27] ❌ [8407_bot] DOWN 감지 -> 즉시 단일 기동
[2026-07-31 00:58:27] ⏳ 신규 기동 타겟 안정화 대기 (15초)...
[2026-07-31 00:58:42]   - [8888_app] 상태: PID [39028] / PORT UP
[2026-07-31 00:58:42]   - [8401_ui] 상태: PID [59982] / PORT UP
[2026-07-31 00:58:42]   - [8401_bot] 상태: PID [59980]
[2026-07-31 00:58:42]   - [8402_ui] 상태: PID [60421] / PORT UP
[2026-07-31 00:58:42]   - [8402_bot] 상태: PID [71275]
[2026-07-31 00:58:42]   - [8403_ui] 상태: PID [57160] / PORT UP
[2026-07-31 00:58:42]   - [8403_bot] 상태: PID [71286]
[2026-07-31 00:58:42]   - [8404_ui] 상태: PID [62481] / PORT UP
[2026-07-31 00:58:42]   - [8404_bot] 상태: PID [71299]
[2026-07-31 00:58:42]   - [8405_ui] 상태: PID [2649] / PORT UP
[2026-07-31 00:58:42]   - [8405_bot] 상태: DOWN
[2026-07-31 00:58:43]   - [8407_ui] 상태: PID [2878] / PORT UP
[2026-07-31 00:58:43]   - [8407_bot] 상태: DOWN
[2026-07-31 00:58:43]   - [8408_ui] 상태: PID [58046] / PORT UP
[2026-07-31 00:58:43]   - [8408_bot] 상태: PID [71321]
[2026-07-31 00:58:43]   - [8409_ui] 상태: PID [58553] / PORT UP
[2026-07-31 00:58:43]   - [8409_bot] 상태: PID [71333]
[2026-07-31 01:03:43] ❌ [8405_bot] DOWN 감지 -> 즉시 단일 기동
[2026-07-31 01:03:43] ❌ [8407_bot] DOWN 감지 -> 즉시 단일 기동
[2026-07-31 01:03:43] ⏳ 신규 기동 타겟 안정화 대기 (15초)...
[2026-07-31 01:03:58]   - [8888_app] 상태: PID [39028] / PORT UP
[2026-07-31 01:03:58]   - [8401_ui] 상태: PID [59982] / PORT UP
[2026-07-31 01:03:59]   - [8401_bot] 상태: PID [59980]
[2026-07-31 01:03:59]   - [8402_ui] 상태: PID [60421] / PORT UP
[2026-07-31 01:03:59]   - [8402_bot] 상태: PID [71275]
[2026-07-31 01:03:59]   - [8403_ui] 상태: PID [57160] / PORT UP
[2026-07-31 01:03:59]   - [8403_bot] 상태: PID [71286]
[2026-07-31 01:03:59]   - [8404_ui] 상태: PID [62481] / PORT UP
[2026-07-31 01:03:59]   - [8404_bot] 상태: PID [71299]
[2026-07-31 01:03:59]   - [8405_ui] 상태: PID [2649] / PORT UP
[2026-07-31 01:03:59]   - [8405_bot] 상태: DOWN
[2026-07-31 01:03:59]   - [8407_ui] 상태: PID [2878] / PORT UP
[2026-07-31 01:03:59]   - [8407_bot] 상태: DOWN
[2026-07-31 01:03:59]   - [8408_ui] 상태: PID [58046] / PORT UP
[2026-07-31 01:03:59]   - [8408_bot] 상태: PID [71321]
[2026-07-31 01:03:59]   - [8409_ui] 상태: PID [58553] / PORT UP
[2026-07-31 01:03:59]   - [8409_bot] 상태: PID [71333]
[2026-07-31 01:08:59] ❌ [8405_bot] DOWN 감지 -> 즉시 단일 기동
[2026-07-31 01:09:00] ❌ [8407_bot] DOWN 감지 -> 즉시 단일 기동
[2026-07-31 01:09:00] ⏳ 신규 기동 타겟 안정화 대기 (15초)...
[2026-07-31 01:09:15]   - [8888_app] 상태: PID [39028] / PORT UP
[2026-07-31 01:09:15]   - [8401_ui] 상태: PID [59982] / PORT UP
[2026-07-31 01:09:15]   - [8401_bot] 상태: PID [59980]
[2026-07-31 01:09:15]   - [8402_ui] 상태: PID [60421] / PORT UP
[2026-07-31 01:09:15]   - [8402_bot] 상태: PID [71275]
[2026-07-31 01:09:15]   - [8403_ui] 상태: PID [57160] / PORT UP
[2026-07-31 01:09:15]   - [8403_bot] 상태: PID [71286]
[2026-07-31 01:09:15]   - [8404_ui] 상태: PID [62481] / PORT UP
[2026-07-31 01:09:15]   - [8404_bot] 상태: PID [71299]
[2026-07-31 01:09:15]   - [8405_ui] 상태: PID [2649] / PORT UP
[2026-07-31 01:09:15]   - [8405_bot] 상태: DOWN
[2026-07-31 01:09:15]   - [8407_ui] 상태: PID [2878] / PORT UP
[2026-07-31 01:09:15]   - [8407_bot] 상태: DOWN
[2026-07-31 01:09:15]   - [8408_ui] 상태: PID [58046] / PORT UP
[2026-07-31 01:09:15]   - [8408_bot] 상태: PID [71321]
[2026-07-31 01:09:15]   - [8409_ui] 상태: PID [58553] / PORT UP
[2026-07-31 01:09:15]   - [8409_bot] 상태: PID [71333]
[2026-07-31 01:14:16] ❌ [8405_bot] DOWN 감지 -> 즉시 단일 기동
[2026-07-31 01:14:16] ❌ [8407_bot] DOWN 감지 -> 즉시 단일 기동
[2026-07-31 01:14:16] ⏳ 신규 기동 타겟 안정화 대기 (15초)...
[2026-07-31 01:14:31]   - [8888_app] 상태: PID [39028] / PORT UP
[2026-07-31 01:14:31]   - [8401_ui] 상태: PID [59982] / PORT UP
[2026-07-31 01:14:31]   - [8401_bot] 상태: PID [59980]
[2026-07-31 01:14:31]   - [8402_ui] 상태: PID [60421] / PORT UP
[2026-07-31 01:14:31]   - [8402_bot] 상태: PID [71275]
[2026-07-31 01:14:31]   - [8403_ui] 상태: PID [57160] / PORT UP
[2026-07-31 01:14:31]   - [8403_bot] 상태: PID [71286]
[2026-07-31 01:14:31]   - [8404_ui] 상태: PID [62481] / PORT UP
[2026-07-31 01:14:31]   - [8404_bot] 상태: PID [71299]
[2026-07-31 01:14:31]   - [8405_ui] 상태: PID [2649] / PORT UP
[2026-07-31 01:14:31]   - [8405_bot] 상태: DOWN
[2026-07-31 01:14:31]   - [8407_ui] 상태: PID [2878] / PORT UP
[2026-07-31 01:14:31]   - [8407_bot] 상태: DOWN
[2026-07-31 01:14:32]   - [8408_ui] 상태: PID [58046] / PORT UP
[2026-07-31 01:14:32]   - [8408_bot] 상태: PID [71321]
[2026-07-31 01:14:32]   - [8409_ui] 상태: PID [58553] / PORT UP
[2026-07-31 01:14:32]   - [8409_bot] 상태: PID [71333]
[2026-07-31 01:19:32] ❌ [8405_bot] DOWN 감지 -> 즉시 단일 기동
[2026-07-31 01:19:32] ❌ [8407_bot] DOWN 감지 -> 즉시 단일 기동
[2026-07-31 01:19:32] ⏳ 신규 기동 타겟 안정화 대기 (15초)...
[2026-07-31 01:19:47]   - [8888_app] 상태: PID [39028] / PORT UP
[2026-07-31 01:19:47]   - [8401_ui] 상태: PID [59982] / PORT UP
[2026-07-31 01:19:47]   - [8401_bot] 상태: PID [59980]
[2026-07-31 01:19:48]   - [8402_ui] 상태: PID [60421] / PORT UP
[2026-07-31 01:19:48]   - [8402_bot] 상태: PID [71275]
[2026-07-31 01:19:48]   - [8403_ui] 상태: PID [80489] / PORT UP
[2026-07-31 01:19:48]   - [8403_bot] 상태: PID [80493]
[2026-07-31 01:19:48]   - [8404_ui] 상태: PID [62481] / PORT UP
[2026-07-31 01:19:48]   - [8404_bot] 상태: PID [71299]
[2026-07-31 01:19:48]   - [8405_ui] 상태: PID [2649] / PORT UP
[2026-07-31 01:19:48]   - [8405_bot] 상태: DOWN
[2026-07-31 01:19:48]   - [8407_ui] 상태: PID [2878] / PORT UP
[2026-07-31 01:19:48]   - [8407_bot] 상태: DOWN
[2026-07-31 01:19:48]   - [8408_ui] 상태: PID [80532] / PORT UP
[2026-07-31 01:19:48]   - [8408_bot] 상태: PID [80536]
[2026-07-31 01:19:48]   - [8409_ui] 상태: PID [58553] / PORT UP
[2026-07-31 01:19:48]   - [8409_bot] 상태: PID [71333]
[2026-07-31 01:24:48] ❌ [8405_bot] DOWN 감지 -> 즉시 단일 기동
[2026-07-31 01:24:49] ❌ [8407_bot] DOWN 감지 -> 즉시 단일 기동
[2026-07-31 01:24:49] ⏳ 신규 기동 타겟 안정화 대기 (15초)...
[2026-07-31 01:25:04]   - [8888_app] 상태: PID [39028] / PORT UP
[2026-07-31 01:25:04]   - [8401_ui] 상태: PID [59982] / PORT UP
[2026-07-31 01:25:04]   - [8401_bot] 상태: PID [59980]
[2026-07-31 01:25:04]   - [8402_ui] 상태: PID [60421] / PORT UP
[2026-07-31 01:25:04]   - [8402_bot] 상태: PID [71275]
[2026-07-31 01:25:04]   - [8403_ui] 상태: PID [80489] / PORT UP
[2026-07-31 01:25:04]   - [8403_bot] 상태: PID [80493]
[2026-07-31 01:25:04]   - [8404_ui] 상태: PID [62481] / PORT UP
[2026-07-31 01:25:04]   - [8404_bot] 상태: PID [71299]
[2026-07-31 01:25:04]   - [8405_ui] 상태: PID [2649] / PORT UP
[2026-07-31 01:25:04]   - [8405_bot] 상태: DOWN
[2026-07-31 01:25:04]   - [8407_ui] 상태: PID [2878] / PORT UP
[2026-07-31 01:25:04]   - [8407_bot] 상태: DOWN
[2026-07-31 01:25:04]   - [8408_ui] 상태: PID [80532] / PORT UP
[2026-07-31 01:25:04]   - [8408_bot] 상태: PID [80536]
[2026-07-31 01:25:04]   - [8409_ui] 상태: PID [58553] / PORT UP
[2026-07-31 01:25:04]   - [8409_bot] 상태: PID [71333]
[2026-07-31 01:30:05] ❌ [8405_bot] DOWN 감지 -> 즉시 단일 기동
[2026-07-31 01:30:05] ❌ [8407_bot] DOWN 감지 -> 즉시 단일 기동
[2026-07-31 01:30:05] ⏳ 신규 기동 타겟 안정화 대기 (15초)...
[2026-07-31 01:30:20]   - [8888_app] 상태: PID [39028] / PORT UP
[2026-07-31 01:30:20]   - [8401_ui] 상태: PID [59982] / PORT UP
[2026-07-31 01:30:20]   - [8401_bot] 상태: PID [59980]
[2026-07-31 01:30:20]   - [8402_ui] 상태: PID [60421] / PORT UP
[2026-07-31 01:30:20]   - [8402_bot] 상태: PID [71275]
[2026-07-31 01:30:20]   - [8403_ui] 상태: PID [80489] / PORT UP
[2026-07-31 01:30:20]   - [8403_bot] 상태: PID [80493]
[2026-07-31 01:30:20]   - [8404_ui] 상태: PID [62481] / PORT UP
[2026-07-31 01:30:20]   - [8404_bot] 상태: PID [71299]
[2026-07-31 01:30:21]   - [8405_ui] 상태: PID [2649] / PORT UP
[2026-07-31 01:30:21]   - [8405_bot] 상태: DOWN
[2026-07-31 01:30:21]   - [8407_ui] 상태: PID [2878] / PORT UP
[2026-07-31 01:30:21]   - [8407_bot] 상태: DOWN
[2026-07-31 01:30:21]   - [8408_ui] 상태: PID [80532] / PORT UP
[2026-07-31 01:30:21]   - [8408_bot] 상태: PID [80536]
[2026-07-31 01:30:21]   - [8409_ui] 상태: PID [58553] / PORT UP
[2026-07-31 01:30:21]   - [8409_bot] 상태: PID [71333]
[2026-07-31 01:35:21] ❌ [8405_bot] DOWN 감지 -> 즉시 단일 기동
[2026-07-31 01:35:21] ❌ [8407_bot] DOWN 감지 -> 즉시 단일 기동
[2026-07-31 01:35:21] ⏳ 신규 기동 타겟 안정화 대기 (15초)...
[2026-07-31 01:35:37]   - [8888_app] 상태: PID [39028] / PORT UP
[2026-07-31 01:35:37]   - [8401_ui] 상태: PID [59982] / PORT UP
[2026-07-31 01:35:37]   - [8401_bot] 상태: PID [59980]
[2026-07-31 01:35:37]   - [8402_ui] 상태: PID [60421] / PORT UP
[2026-07-31 01:35:37]   - [8402_bot] 상태: PID [71275]
[2026-07-31 01:35:37]   - [8403_ui] 상태: PID [80489] / PORT UP
[2026-07-31 01:35:37]   - [8403_bot] 상태: PID [80493]
[2026-07-31 01:35:37]   - [8404_ui] 상태: PID [62481] / PORT UP
[2026-07-31 01:35:37]   - [8404_bot] 상태: PID [71299]
[2026-07-31 01:35:37]   - [8405_ui] 상태: PID [2649] / PORT UP
[2026-07-31 01:35:37]   - [8405_bot] 상태: DOWN
[2026-07-31 01:35:37]   - [8407_ui] 상태: PID [2878] / PORT UP
[2026-07-31 01:35:37]   - [8407_bot] 상태: DOWN
[2026-07-31 01:35:37]   - [8408_ui] 상태: PID [80532] / PORT UP
[2026-07-31 01:35:37]   - [8408_bot] 상태: PID [80536]
[2026-07-31 01:35:37]   - [8409_ui] 상태: PID [58553] / PORT UP
[2026-07-31 01:35:37]   - [8409_bot] 상태: PID [71333]
[2026-07-31 01:40:38] ❌ [8405_bot] DOWN 감지 -> 즉시 단일 기동
[2026-07-31 01:40:38] ❌ [8407_bot] DOWN 감지 -> 즉시 단일 기동
[2026-07-31 01:40:38] ⏳ 신규 기동 타겟 안정화 대기 (15초)...
[2026-07-31 01:40:53]   - [8888_app] 상태: PID [39028] / PORT UP
[2026-07-31 01:40:53]   - [8401_ui] 상태: PID [59982] / PORT UP
[2026-07-31 01:40:53]   - [8401_bot] 상태: PID [59980]
[2026-07-31 01:40:53]   - [8402_ui] 상태: PID [60421] / PORT UP
[2026-07-31 01:40:53]   - [8402_bot] 상태: PID [71275]
[2026-07-31 01:40:53]   - [8403_ui] 상태: PID [80489] / PORT UP
[2026-07-31 01:40:53]   - [8403_bot] 상태: PID [80493]
[2026-07-31 01:40:53]   - [8404_ui] 상태: PID [62481] / PORT UP
[2026-07-31 01:40:53]   - [8404_bot] 상태: PID [71299]
[2026-07-31 01:40:53]   - [8405_ui] 상태: PID [2649] / PORT UP
[2026-07-31 01:40:53]   - [8405_bot] 상태: DOWN
[2026-07-31 01:40:53]   - [8407_ui] 상태: PID [2878] / PORT UP
[2026-07-31 01:40:53]   - [8407_bot] 상태: DOWN
[2026-07-31 01:40:53]   - [8408_ui] 상태: PID [80532] / PORT UP
[2026-07-31 01:40:53]   - [8408_bot] 상태: PID [80536]
[2026-07-31 01:40:53]   - [8409_ui] 상태: PID [58553] / PORT UP
[2026-07-31 01:40:54]   - [8409_bot] 상태: PID [71333]
[2026-07-31 01:45:54] ❌ [8405_bot] DOWN 감지 -> 즉시 단일 기동
[2026-07-31 01:45:54] ❌ [8407_bot] DOWN 감지 -> 즉시 단일 기동
[2026-07-31 01:45:54] ⏳ 신규 기동 타겟 안정화 대기 (15초)...
[2026-07-31 01:46:09]   - [8888_app] 상태: PID [39028] / PORT UP
[2026-07-31 01:46:09]   - [8401_ui] 상태: PID [59982] / PORT UP
[2026-07-31 01:46:09]   - [8401_bot] 상태: PID [59980]
[2026-07-31 01:46:09]   - [8402_ui] 상태: PID [60421] / PORT UP
[2026-07-31 01:46:09]   - [8402_bot] 상태: PID [71275]
[2026-07-31 01:46:09]   - [8403_ui] 상태: PID [80489] / PORT UP
[2026-07-31 01:46:10]   - [8403_bot] 상태: PID [80493]
[2026-07-31 01:46:10]   - [8404_ui] 상태: PID [62481] / PORT UP
[2026-07-31 01:46:10]   - [8404_bot] 상태: PID [71299]
[2026-07-31 01:46:10]   - [8405_ui] 상태: PID [2649] / PORT UP
[2026-07-31 01:46:10]   - [8405_bot] 상태: DOWN
[2026-07-31 01:46:10]   - [8407_ui] 상태: PID [2878] / PORT UP
[2026-07-31 01:46:10]   - [8407_bot] 상태: DOWN
[2026-07-31 01:46:10]   - [8408_ui] 상태: PID [80532] / PORT UP
[2026-07-31 01:46:10]   - [8408_bot] 상태: PID [80536]
[2026-07-31 01:46:10]   - [8409_ui] 상태: PID [58553] / PORT UP
[2026-07-31 01:46:10]   - [8409_bot] 상태: PID [71333]
[2026-07-31 01:51:10] ❌ [8405_bot] DOWN 감지 -> 즉시 단일 기동
[2026-07-31 01:51:10] ❌ [8407_bot] DOWN 감지 -> 즉시 단일 기동
[2026-07-31 01:51:11] ⏳ 신규 기동 타겟 안정화 대기 (15초)...
[2026-07-31 01:51:26]   - [8888_app] 상태: PID [39028] / PORT UP
[2026-07-31 01:51:26]   - [8401_ui] 상태: PID [59982] / PORT UP
[2026-07-31 01:51:26]   - [8401_bot] 상태: PID [59980]
[2026-07-31 01:51:26]   - [8402_ui] 상태: PID [60421] / PORT UP
[2026-07-31 01:51:26]   - [8402_bot] 상태: PID [71275]
[2026-07-31 01:51:26]   - [8403_ui] 상태: PID [80489] / PORT UP
[2026-07-31 01:51:26]   - [8403_bot] 상태: PID [80493]
[2026-07-31 01:51:26]   - [8404_ui] 상태: PID [62481] / PORT UP
[2026-07-31 01:51:26]   - [8404_bot] 상태: PID [71299]
[2026-07-31 01:51:26]   - [8405_ui] 상태: PID [2649] / PORT UP
[2026-07-31 01:51:26]   - [8405_bot] 상태: DOWN
[2026-07-31 01:51:26]   - [8407_ui] 상태: PID [2878] / PORT UP
[2026-07-31 01:51:26]   - [8407_bot] 상태: DOWN
[2026-07-31 01:51:26]   - [8408_ui] 상태: PID [80532] / PORT UP
[2026-07-31 01:51:26]   - [8408_bot] 상태: PID [80536]
[2026-07-31 01:51:26]   - [8409_ui] 상태: PID [58553] / PORT UP
[2026-07-31 01:51:26]   - [8409_bot] 상태: PID [71333]
[2026-07-31 01:56:27] ❌ [8405_bot] DOWN 감지 -> 즉시 단일 기동
[2026-07-31 01:56:27] ❌ [8407_bot] DOWN 감지 -> 즉시 단일 기동
[2026-07-31 01:56:27] ⏳ 신규 기동 타겟 안정화 대기 (15초)...
[2026-07-31 01:56:42]   - [8888_app] 상태: PID [39028] / PORT UP
[2026-07-31 01:56:42]   - [8401_ui] 상태: PID [59982] / PORT UP
[2026-07-31 01:56:42]   - [8401_bot] 상태: PID [59980]
[2026-07-31 01:56:42]   - [8402_ui] 상태: PID [60421] / PORT UP
[2026-07-31 01:56:42]   - [8402_bot] 상태: PID [71275]
[2026-07-31 01:56:42]   - [8403_ui] 상태: PID [80489] / PORT UP
[2026-07-31 01:56:42]   - [8403_bot] 상태: PID [80493]
[2026-07-31 01:56:42]   - [8404_ui] 상태: PID [62481] / PORT UP
[2026-07-31 01:56:42]   - [8404_bot] 상태: PID [71299]
[2026-07-31 01:56:42]   - [8405_ui] 상태: PID [2649] / PORT UP
[2026-07-31 01:56:42]   - [8405_bot] 상태: DOWN
[2026-07-31 01:56:43]   - [8407_ui] 상태: PID [2878] / PORT UP
[2026-07-31 01:56:43]   - [8407_bot] 상태: DOWN
[2026-07-31 01:56:43]   - [8408_ui] 상태: PID [80532] / PORT UP
[2026-07-31 01:56:43]   - [8408_bot] 상태: PID [80536]
[2026-07-31 01:56:43]   - [8409_ui] 상태: PID [58553] / PORT UP
[2026-07-31 01:56:43]   - [8409_bot] 상태: PID [71333]
[2026-07-31 02:01:43] ❌ [8405_bot] DOWN 감지 -> 즉시 단일 기동
[2026-07-31 02:01:43] ❌ [8407_bot] DOWN 감지 -> 즉시 단일 기동
[2026-07-31 02:01:43] ⏳ 신규 기동 타겟 안정화 대기 (15초)...
[2026-07-31 02:01:58]   - [8888_app] 상태: PID [39028] / PORT UP
[2026-07-31 02:01:58]   - [8401_ui] 상태: PID [59982] / PORT UP
[2026-07-31 02:01:59]   - [8401_bot] 상태: PID [59980]
[2026-07-31 02:01:59]   - [8402_ui] 상태: PID [60421] / PORT UP
[2026-07-31 02:01:59]   - [8402_bot] 상태: PID [71275]
[2026-07-31 02:01:59]   - [8403_ui] 상태: PID [80489] / PORT UP
[2026-07-31 02:01:59]   - [8403_bot] 상태: PID [80493]
[2026-07-31 02:01:59]   - [8404_ui] 상태: PID [62481] / PORT UP
[2026-07-31 02:01:59]   - [8404_bot] 상태: PID [71299]
[2026-07-31 02:01:59]   - [8405_ui] 상태: PID [2649] / PORT UP
[2026-07-31 02:01:59]   - [8405_bot] 상태: DOWN
[2026-07-31 02:01:59]   - [8407_ui] 상태: PID [2878] / PORT UP
[2026-07-31 02:01:59]   - [8407_bot] 상태: DOWN
[2026-07-31 02:01:59]   - [8408_ui] 상태: PID [80532] / PORT UP
[2026-07-31 02:01:59]   - [8408_bot] 상태: PID [80536]
[2026-07-31 02:01:59]   - [8409_ui] 상태: PID [58553] / PORT UP
[2026-07-31 02:01:59]   - [8409_bot] 상태: PID [71333]
[2026-07-31 02:07:00] ❌ [8405_bot] DOWN 감지 -> 즉시 단일 기동
[2026-07-31 02:07:00] ❌ [8407_bot] DOWN 감지 -> 즉시 단일 기동
[2026-07-31 02:07:00] ⏳ 신규 기동 타겟 안정화 대기 (15초)...
[2026-07-31 02:07:15]   - [8888_app] 상태: PID [39028] / PORT UP
[2026-07-31 02:07:15]   - [8401_ui] 상태: PID [59982] / PORT UP
[2026-07-31 02:07:15]   - [8401_bot] 상태: PID [59980]
[2026-07-31 02:07:15]   - [8402_ui] 상태: PID [60421] / PORT UP
[2026-07-31 02:07:15]   - [8402_bot] 상태: PID [71275]
[2026-07-31 02:07:15]   - [8403_ui] 상태: PID [80489] / PORT UP
[2026-07-31 02:07:15]   - [8403_bot] 상태: PID [80493]
[2026-07-31 02:07:15]   - [8404_ui] 상태: PID [62481] / PORT UP
[2026-07-31 02:07:15]   - [8404_bot] 상태: PID [71299]
[2026-07-31 02:07:15]   - [8405_ui] 상태: PID [2649] / PORT UP
[2026-07-31 02:07:15]   - [8405_bot] 상태: DOWN
[2026-07-31 02:07:15]   - [8407_ui] 상태: PID [2878] / PORT UP
[2026-07-31 02:07:15]   - [8407_bot] 상태: DOWN
[2026-07-31 02:07:15]   - [8408_ui] 상태: PID [80532] / PORT UP
[2026-07-31 02:07:15]   - [8408_bot] 상태: PID [80536]
[2026-07-31 02:07:15]   - [8409_ui] 상태: PID [58553] / PORT UP
[2026-07-31 02:07:15]   - [8409_bot] 상태: PID [71333]
[2026-07-31 02:12:16] ❌ [8405_bot] DOWN 감지 -> 즉시 단일 기동
[2026-07-31 02:12:16] ❌ [8407_bot] DOWN 감지 -> 즉시 단일 기동
[2026-07-31 02:12:16] ⏳ 신규 기동 타겟 안정화 대기 (15초)...
[2026-07-31 02:12:31]   - [8888_app] 상태: PID [39028] / PORT UP
[2026-07-31 02:12:31]   - [8401_ui] 상태: PID [59982] / PORT UP
[2026-07-31 02:12:31]   - [8401_bot] 상태: PID [59980]
[2026-07-31 02:12:31]   - [8402_ui] 상태: PID [60421] / PORT UP
[2026-07-31 02:12:31]   - [8402_bot] 상태: PID [71275]
[2026-07-31 02:12:31]   - [8403_ui] 상태: PID [80489] / PORT UP
[2026-07-31 02:12:31]   - [8403_bot] 상태: PID [80493]
[2026-07-31 02:12:31]   - [8404_ui] 상태: PID [62481] / PORT UP
[2026-07-31 02:12:31]   - [8404_bot] 상태: PID [71299]
[2026-07-31 02:12:31]   - [8405_ui] 상태: PID [2649] / PORT UP
[2026-07-31 02:12:31]   - [8405_bot] 상태: DOWN
[2026-07-31 02:12:31]   - [8407_ui] 상태: PID [2878] / PORT UP
[2026-07-31 02:12:32]   - [8407_bot] 상태: DOWN
[2026-07-31 02:12:32]   - [8408_ui] 상태: PID [80532] / PORT UP
[2026-07-31 02:12:32]   - [8408_bot] 상태: PID [80536]
[2026-07-31 02:12:32]   - [8409_ui] 상태: PID [58553] / PORT UP
[2026-07-31 02:12:32]   - [8409_bot] 상태: PID [71333]
[2026-07-31 02:17:32] ❌ [8405_bot] DOWN 감지 -> 즉시 단일 기동
[2026-07-31 02:17:32] ❌ [8407_bot] DOWN 감지 -> 즉시 단일 기동
[2026-07-31 02:17:32] ⏳ 신규 기동 타겟 안정화 대기 (15초)...
[2026-07-31 02:17:47]   - [8888_app] 상태: PID [39028] / PORT UP
[2026-07-31 02:17:47]   - [8401_ui] 상태: PID [59982] / PORT UP
[2026-07-31 02:17:47]   - [8401_bot] 상태: PID [59980]
[2026-07-31 02:17:47]   - [8402_ui] 상태: PID [60421] / PORT UP
[2026-07-31 02:17:48]   - [8402_bot] 상태: PID [71275]
[2026-07-31 02:17:48]   - [8403_ui] 상태: PID [80489] / PORT UP
[2026-07-31 02:17:48]   - [8403_bot] 상태: PID [80493]
[2026-07-31 02:17:48]   - [8404_ui] 상태: PID [62481] / PORT UP
[2026-07-31 02:17:48]   - [8404_bot] 상태: PID [71299]
[2026-07-31 02:17:48]   - [8405_ui] 상태: PID [2649] / PORT UP
[2026-07-31 02:17:48]   - [8405_bot] 상태: DOWN
[2026-07-31 02:17:48]   - [8407_ui] 상태: PID [2878] / PORT UP
[2026-07-31 02:17:48]   - [8407_bot] 상태: DOWN
[2026-07-31 02:17:48]   - [8408_ui] 상태: PID [80532] / PORT UP
[2026-07-31 02:17:48]   - [8408_bot] 상태: PID [80536]
[2026-07-31 02:17:48]   - [8409_ui] 상태: PID [58553] / PORT UP
[2026-07-31 02:17:48]   - [8409_bot] 상태: PID [71333]
[2026-07-31 02:22:48] ❌ [8405_bot] DOWN 감지 -> 즉시 단일 기동
[2026-07-31 02:22:48] ❌ [8407_bot] DOWN 감지 -> 즉시 단일 기동
[2026-07-31 02:22:49] ⏳ 신규 기동 타겟 안정화 대기 (15초)...
[2026-07-31 02:23:04]   - [8888_app] 상태: PID [39028] / PORT UP
[2026-07-31 02:23:04]   - [8401_ui] 상태: PID [59982] / PORT UP
[2026-07-31 02:23:04]   - [8401_bot] 상태: PID [59980]
[2026-07-31 02:23:04]   - [8402_ui] 상태: PID [60421] / PORT UP
[2026-07-31 02:23:04]   - [8402_bot] 상태: PID [71275]
[2026-07-31 02:23:04]   - [8403_ui] 상태: PID [80489] / PORT UP
[2026-07-31 02:23:04]   - [8403_bot] 상태: PID [80493]
[2026-07-31 02:23:04]   - [8404_ui] 상태: PID [62481] / PORT UP
[2026-07-31 02:23:04]   - [8404_bot] 상태: PID [71299]
[2026-07-31 02:23:04]   - [8405_ui] 상태: PID [2649] / PORT UP
[2026-07-31 02:23:04]   - [8405_bot] 상태: DOWN
[2026-07-31 02:23:04]   - [8407_ui] 상태: PID [2878] / PORT UP
[2026-07-31 02:23:04]   - [8407_bot] 상태: DOWN
[2026-07-31 02:23:04]   - [8408_ui] 상태: PID [80532] / PORT UP
[2026-07-31 02:23:04]   - [8408_bot] 상태: PID [80536]
[2026-07-31 02:23:04]   - [8409_ui] 상태: PID [58553] / PORT UP
[2026-07-31 02:23:04]   - [8409_bot] 상태: PID [71333]
[2026-07-31 02:28:05] ❌ [8405_bot] DOWN 감지 -> 즉시 단일 기동
[2026-07-31 02:28:05] ❌ [8407_bot] DOWN 감지 -> 즉시 단일 기동
[2026-07-31 02:28:05] ⏳ 신규 기동 타겟 안정화 대기 (15초)...
[2026-07-31 02:28:20]   - [8888_app] 상태: PID [39028] / PORT UP
[2026-07-31 02:28:20]   - [8401_ui] 상태: PID [59982] / PORT UP
[2026-07-31 02:28:20]   - [8401_bot] 상태: PID [59980]
[2026-07-31 02:28:20]   - [8402_ui] 상태: PID [60421] / PORT UP
[2026-07-31 02:28:20]   - [8402_bot] 상태: PID [71275]
[2026-07-31 02:28:20]   - [8403_ui] 상태: PID [80489] / PORT UP
[2026-07-31 02:28:20]   - [8403_bot] 상태: PID [80493]
[2026-07-31 02:28:20]   - [8404_ui] 상태: PID [62481] / PORT UP
[2026-07-31 02:28:20]   - [8404_bot] 상태: PID [71299]
[2026-07-31 02:28:20]   - [8405_ui] 상태: PID [2649] / PORT UP
[2026-07-31 02:28:20]   - [8405_bot] 상태: DOWN
[2026-07-31 02:28:20]   - [8407_ui] 상태: PID [2878] / PORT UP
[2026-07-31 02:28:20]   - [8407_bot] 상태: DOWN
[2026-07-31 02:28:20]   - [8408_ui] 상태: PID [80532] / PORT UP
[2026-07-31 02:28:20]   - [8408_bot] 상태: PID [80536]
[2026-07-31 02:28:20]   - [8409_ui] 상태: PID [58553] / PORT UP
[2026-07-31 02:28:21]   - [8409_bot] 상태: PID [71333]
[2026-07-31 02:33:21] ❌ [8405_bot] DOWN 감지 -> 즉시 단일 기동
[2026-07-31 02:33:21] ❌ [8407_bot] DOWN 감지 -> 즉시 단일 기동
[2026-07-31 02:33:21] ⏳ 신규 기동 타겟 안정화 대기 (15초)...
[2026-07-31 02:33:36]   - [8888_app] 상태: PID [39028] / PORT UP
[2026-07-31 02:33:36]   - [8401_ui] 상태: PID [59982] / PORT UP
[2026-07-31 02:33:36]   - [8401_bot] 상태: PID [59980]
[2026-07-31 02:33:36]   - [8402_ui] 상태: PID [60421] / PORT UP
[2026-07-31 02:33:36]   - [8402_bot] 상태: PID [71275]
[2026-07-31 02:33:36]   - [8403_ui] 상태: PID [80489] / PORT UP
[2026-07-31 02:33:36]   - [8403_bot] 상태: PID [80493]
[2026-07-31 02:33:36]   - [8404_ui] 상태: PID [62481] / PORT UP
[2026-07-31 02:33:37]   - [8404_bot] 상태: PID [71299]
[2026-07-31 02:33:37]   - [8405_ui] 상태: PID [2649] / PORT UP
[2026-07-31 02:33:37]   - [8405_bot] 상태: DOWN
[2026-07-31 02:33:37]   - [8407_ui] 상태: PID [2878] / PORT UP
[2026-07-31 02:33:37]   - [8407_bot] 상태: DOWN
[2026-07-31 02:33:37]   - [8408_ui] 상태: PID [80532] / PORT UP
[2026-07-31 02:33:37]   - [8408_bot] 상태: PID [80536]
[2026-07-31 02:33:37]   - [8409_ui] 상태: PID [58553] / PORT UP
[2026-07-31 02:33:37]   - [8409_bot] 상태: PID [71333]
[2026-07-31 02:38:37] ❌ [8405_bot] DOWN 감지 -> 즉시 단일 기동
[2026-07-31 02:38:37] ❌ [8407_bot] DOWN 감지 -> 즉시 단일 기동
[2026-07-31 02:38:37] ⏳ 신규 기동 타겟 안정화 대기 (15초)...
[2026-07-31 02:38:53]   - [8888_app] 상태: PID [39028] / PORT UP
[2026-07-31 02:38:53]   - [8401_ui] 상태: PID [59982] / PORT UP
[2026-07-31 02:38:53]   - [8401_bot] 상태: PID [59980]
[2026-07-31 02:38:53]   - [8402_ui] 상태: PID [60421] / PORT UP
[2026-07-31 02:38:53]   - [8402_bot] 상태: PID [71275]
[2026-07-31 02:38:53]   - [8403_ui] 상태: PID [80489] / PORT UP
[2026-07-31 02:38:53]   - [8403_bot] 상태: PID [80493]
[2026-07-31 02:38:53]   - [8404_ui] 상태: PID [62481] / PORT UP
[2026-07-31 02:38:53]   - [8404_bot] 상태: PID [71299]
[2026-07-31 02:38:53]   - [8405_ui] 상태: PID [2649] / PORT UP
[2026-07-31 02:38:53]   - [8405_bot] 상태: DOWN
[2026-07-31 02:38:53]   - [8407_ui] 상태: PID [2878] / PORT UP
[2026-07-31 02:38:53]   - [8407_bot] 상태: DOWN
[2026-07-31 02:38:53]   - [8408_ui] 상태: PID [80532] / PORT UP
[2026-07-31 02:38:53]   - [8408_bot] 상태: PID [80536]
[2026-07-31 02:38:53]   - [8409_ui] 상태: PID [58553] / PORT UP
[2026-07-31 02:38:53]   - [8409_bot] 상태: PID [71333]
[2026-07-31 02:43:53] ❌ [8405_bot] DOWN 감지 -> 즉시 단일 기동
[2026-07-31 02:43:54] ❌ [8407_bot] DOWN 감지 -> 즉시 단일 기동
[2026-07-31 02:43:54] ⏳ 신규 기동 타겟 안정화 대기 (15초)...
[2026-07-31 02:44:09]   - [8888_app] 상태: PID [39028] / PORT UP
[2026-07-31 02:44:09]   - [8401_ui] 상태: PID [59982] / PORT UP
[2026-07-31 02:44:09]   - [8401_bot] 상태: PID [59980]
[2026-07-31 02:44:09]   - [8402_ui] 상태: PID [60421] / PORT UP
[2026-07-31 02:44:09]   - [8402_bot] 상태: PID [71275]
[2026-07-31 02:44:09]   - [8403_ui] 상태: PID [80489] / PORT UP
[2026-07-31 02:44:09]   - [8403_bot] 상태: PID [80493]
[2026-07-31 02:44:09]   - [8404_ui] 상태: PID [62481] / PORT UP
[2026-07-31 02:44:09]   - [8404_bot] 상태: PID [71299]
[2026-07-31 02:44:09]   - [8405_ui] 상태: PID [2649] / PORT UP
[2026-07-31 02:44:09]   - [8405_bot] 상태: DOWN
[2026-07-31 02:44:09]   - [8407_ui] 상태: PID [2878] / PORT UP
[2026-07-31 02:44:09]   - [8407_bot] 상태: DOWN
[2026-07-31 02:44:09]   - [8408_ui] 상태: PID [80532] / PORT UP
[2026-07-31 02:44:09]   - [8408_bot] 상태: PID [80536]
[2026-07-31 02:44:09]   - [8409_ui] 상태: PID [58553] / PORT UP
[2026-07-31 02:44:09]   - [8409_bot] 상태: PID [71333]
[2026-07-31 02:49:10] ❌ [8405_bot] DOWN 감지 -> 즉시 단일 기동
[2026-07-31 02:49:10] ❌ [8407_bot] DOWN 감지 -> 즉시 단일 기동
[2026-07-31 02:49:10] ⏳ 신규 기동 타겟 안정화 대기 (15초)...
[2026-07-31 02:49:25]   - [8888_app] 상태: PID [39028] / PORT UP
[2026-07-31 02:49:25]   - [8401_ui] 상태: PID [59982] / PORT UP
[2026-07-31 02:49:25]   - [8401_bot] 상태: PID [59980]
[2026-07-31 02:49:25]   - [8402_ui] 상태: PID [60421] / PORT UP
[2026-07-31 02:49:25]   - [8402_bot] 상태: PID [71275]
[2026-07-31 02:49:25]   - [8403_ui] 상태: PID [80489] / PORT UP
[2026-07-31 02:49:25]   - [8403_bot] 상태: PID [80493]
[2026-07-31 02:49:25]   - [8404_ui] 상태: PID [62481] / PORT UP
[2026-07-31 02:49:25]   - [8404_bot] 상태: PID [71299]
[2026-07-31 02:49:25]   - [8405_ui] 상태: PID [2649] / PORT UP
[2026-07-31 02:49:25]   - [8405_bot] 상태: DOWN
[2026-07-31 02:49:25]   - [8407_ui] 상태: PID [2878] / PORT UP
[2026-07-31 02:49:25]   - [8407_bot] 상태: DOWN
[2026-07-31 02:49:25]   - [8408_ui] 상태: PID [80532] / PORT UP
[2026-07-31 02:49:25]   - [8408_bot] 상태: PID [80536]
[2026-07-31 02:49:26]   - [8409_ui] 상태: PID [58553] / PORT UP
[2026-07-31 02:49:26]   - [8409_bot] 상태: PID [71333]
[2026-07-31 02:54:26] ❌ [8405_bot] DOWN 감지 -> 즉시 단일 기동
[2026-07-31 02:54:26] ❌ [8407_bot] DOWN 감지 -> 즉시 단일 기동
[2026-07-31 02:54:26] ⏳ 신규 기동 타겟 안정화 대기 (15초)...
[2026-07-31 02:54:41]   - [8888_app] 상태: PID [39028] / PORT UP
[2026-07-31 02:54:41]   - [8401_ui] 상태: PID [59982] / PORT UP
[2026-07-31 02:54:41]   - [8401_bot] 상태: PID [59980]
[2026-07-31 02:54:41]   - [8402_ui] 상태: PID [60421] / PORT UP
[2026-07-31 02:54:41]   - [8402_bot] 상태: PID [71275]
[2026-07-31 02:54:41]   - [8403_ui] 상태: PID [80489] / PORT UP
[2026-07-31 02:54:41]   - [8403_bot] 상태: PID [80493]
[2026-07-31 02:54:42]   - [8404_ui] 상태: PID [62481] / PORT UP
[2026-07-31 02:54:42]   - [8404_bot] 상태: PID [71299]
[2026-07-31 02:54:42]   - [8405_ui] 상태: PID [2649] / PORT UP
[2026-07-31 02:54:42]   - [8405_bot] 상태: DOWN
[2026-07-31 02:54:42]   - [8407_ui] 상태: PID [2878] / PORT UP
[2026-07-31 02:54:42]   - [8407_bot] 상태: DOWN
[2026-07-31 02:54:42]   - [8408_ui] 상태: PID [80532] / PORT UP
[2026-07-31 02:54:42]   - [8408_bot] 상태: PID [80536]
[2026-07-31 02:54:42]   - [8409_ui] 상태: PID [58553] / PORT UP
[2026-07-31 02:54:42]   - [8409_bot] 상태: PID [71333]
[2026-07-31 02:59:42] ❌ [8405_bot] DOWN 감지 -> 즉시 단일 기동
[2026-07-31 02:59:42] ❌ [8407_bot] DOWN 감지 -> 즉시 단일 기동
[2026-07-31 02:59:42] ⏳ 신규 기동 타겟 안정화 대기 (15초)...
[2026-07-31 02:59:58]   - [8888_app] 상태: PID [39028] / PORT UP
[2026-07-31 02:59:58]   - [8401_ui] 상태: PID [59982] / PORT UP
[2026-07-31 02:59:58]   - [8401_bot] 상태: PID [59980]
[2026-07-31 02:59:58]   - [8402_ui] 상태: PID [60421] / PORT UP
[2026-07-31 02:59:58]   - [8402_bot] 상태: PID [71275]
[2026-07-31 02:59:58]   - [8403_ui] 상태: PID [80489] / PORT UP
[2026-07-31 02:59:58]   - [8403_bot] 상태: PID [80493]
[2026-07-31 02:59:58]   - [8404_ui] 상태: PID [62481] / PORT UP
[2026-07-31 02:59:58]   - [8404_bot] 상태: PID [71299]
[2026-07-31 02:59:58]   - [8405_ui] 상태: PID [2649] / PORT UP
[2026-07-31 02:59:58]   - [8405_bot] 상태: DOWN
[2026-07-31 02:59:58]   - [8407_ui] 상태: PID [2878] / PORT UP
[2026-07-31 02:59:58]   - [8407_bot] 상태: DOWN
[2026-07-31 02:59:58]   - [8408_ui] 상태: PID [80532] / PORT UP
[2026-07-31 02:59:58]   - [8408_bot] 상태: PID [80536]
[2026-07-31 02:59:58]   - [8409_ui] 상태: PID [58553] / PORT UP
[2026-07-31 02:59:58]   - [8409_bot] 상태: PID [71333]
[2026-07-31 03:04:59] ❌ [8405_bot] DOWN 감지 -> 즉시 단일 기동
[2026-07-31 03:04:59] ❌ [8407_bot] DOWN 감지 -> 즉시 단일 기동
[2026-07-31 03:04:59] ⏳ 신규 기동 타겟 안정화 대기 (15초)...
[2026-07-31 03:05:14]   - [8888_app] 상태: PID [39028] / PORT UP
[2026-07-31 03:05:14]   - [8401_ui] 상태: PID [59982] / PORT UP
[2026-07-31 03:05:14]   - [8401_bot] 상태: PID [59980]
[2026-07-31 03:05:14]   - [8402_ui] 상태: PID [60421] / PORT UP
[2026-07-31 03:05:14]   - [8402_bot] 상태: PID [71275]
[2026-07-31 03:05:14]   - [8403_ui] 상태: PID [80489] / PORT UP
[2026-07-31 03:05:14]   - [8403_bot] 상태: PID [80493]
[2026-07-31 03:05:14]   - [8404_ui] 상태: PID [62481] / PORT UP
[2026-07-31 03:05:14]   - [8404_bot] 상태: PID [71299]
[2026-07-31 03:05:14]   - [8405_ui] 상태: PID [2649] / PORT UP
[2026-07-31 03:05:14]   - [8405_bot] 상태: DOWN
[2026-07-31 03:05:14]   - [8407_ui] 상태: PID [2878] / PORT UP
[2026-07-31 03:05:14]   - [8407_bot] 상태: DOWN
[2026-07-31 03:05:14]   - [8408_ui] 상태: PID [80532] / PORT UP
[2026-07-31 03:05:14]   - [8408_bot] 상태: PID [80536]
[2026-07-31 03:05:14]   - [8409_ui] 상태: PID [58553] / PORT UP
[2026-07-31 03:05:14]   - [8409_bot] 상태: PID [71333]
[2026-07-31 03:10:15] ❌ [8405_bot] DOWN 감지 -> 즉시 단일 기동
[2026-07-31 03:10:15] ❌ [8407_bot] DOWN 감지 -> 즉시 단일 기동
[2026-07-31 03:10:15] ⏳ 신규 기동 타겟 안정화 대기 (15초)...
[2026-07-31 03:10:30]   - [8888_app] 상태: PID [39028] / PORT UP
[2026-07-31 03:10:30]   - [8401_ui] 상태: PID [59982] / PORT UP
[2026-07-31 03:10:30]   - [8401_bot] 상태: PID [59980]
[2026-07-31 03:10:30]   - [8402_ui] 상태: PID [60421] / PORT UP
[2026-07-31 03:10:30]   - [8402_bot] 상태: PID [71275]
[2026-07-31 03:10:30]   - [8403_ui] 상태: PID [80489] / PORT UP
[2026-07-31 03:10:30]   - [8403_bot] 상태: PID [80493]
[2026-07-31 03:10:30]   - [8404_ui] 상태: PID [62481] / PORT UP
[2026-07-31 03:10:30]   - [8404_bot] 상태: PID [71299]
[2026-07-31 03:10:30]   - [8405_ui] 상태: PID [2649] / PORT UP
[2026-07-31 03:10:30]   - [8405_bot] 상태: DOWN
[2026-07-31 03:10:31]   - [8407_ui] 상태: PID [2878] / PORT UP
[2026-07-31 03:10:31]   - [8407_bot] 상태: DOWN
[2026-07-31 03:10:31]   - [8408_ui] 상태: PID [80532] / PORT UP
[2026-07-31 03:10:31]   - [8408_bot] 상태: PID [80536]
[2026-07-31 03:10:31]   - [8409_ui] 상태: PID [58553] / PORT UP
[2026-07-31 03:10:31]   - [8409_bot] 상태: PID [71333]
[2026-07-31 03:15:31] ❌ [8405_bot] DOWN 감지 -> 즉시 단일 기동
[2026-07-31 03:15:31] ❌ [8407_bot] DOWN 감지 -> 즉시 단일 기동
[2026-07-31 03:15:31] ⏳ 신규 기동 타겟 안정화 대기 (15초)...
[2026-07-31 03:15:46]   - [8888_app] 상태: PID [39028] / PORT UP
[2026-07-31 03:15:46]   - [8401_ui] 상태: PID [59982] / PORT UP
[2026-07-31 03:15:46]   - [8401_bot] 상태: PID [59980]
[2026-07-31 03:15:47]   - [8402_ui] 상태: PID [60421] / PORT UP
[2026-07-31 03:15:47]   - [8402_bot] 상태: PID [71275]
[2026-07-31 03:15:47]   - [8403_ui] 상태: PID [80489] / PORT UP
[2026-07-31 03:15:47]   - [8403_bot] 상태: PID [80493]
[2026-07-31 03:15:47]   - [8404_ui] 상태: PID [62481] / PORT UP
[2026-07-31 03:15:47]   - [8404_bot] 상태: PID [71299]
[2026-07-31 03:15:47]   - [8405_ui] 상태: PID [2649] / PORT UP
[2026-07-31 03:15:47]   - [8405_bot] 상태: DOWN
[2026-07-31 03:15:47]   - [8407_ui] 상태: PID [2878] / PORT UP
[2026-07-31 03:15:47]   - [8407_bot] 상태: DOWN
[2026-07-31 03:15:47]   - [8408_ui] 상태: PID [80532] / PORT UP
[2026-07-31 03:15:47]   - [8408_bot] 상태: PID [80536]
[2026-07-31 03:15:47]   - [8409_ui] 상태: PID [58553] / PORT UP
[2026-07-31 03:15:47]   - [8409_bot] 상태: PID [71333]
[2026-07-31 03:20:47] ❌ [8405_bot] DOWN 감지 -> 즉시 단일 기동
[2026-07-31 03:20:47] ❌ [8407_bot] DOWN 감지 -> 즉시 단일 기동
[2026-07-31 03:20:48] ⏳ 신규 기동 타겟 안정화 대기 (15초)...
[2026-07-31 03:21:03]   - [8888_app] 상태: PID [39028] / PORT UP
[2026-07-31 03:21:03]   - [8401_ui] 상태: PID [59982] / PORT UP
[2026-07-31 03:21:03]   - [8401_bot] 상태: PID [59980]
[2026-07-31 03:21:03]   - [8402_ui] 상태: PID [60421] / PORT UP
[2026-07-31 03:21:03]   - [8402_bot] 상태: PID [71275]
[2026-07-31 03:21:03]   - [8403_ui] 상태: PID [80489] / PORT UP
[2026-07-31 03:21:03]   - [8403_bot] 상태: PID [80493]
[2026-07-31 03:21:03]   - [8404_ui] 상태: PID [62481] / PORT UP
[2026-07-31 03:21:03]   - [8404_bot] 상태: PID [71299]
[2026-07-31 03:21:03]   - [8405_ui] 상태: PID [2649] / PORT UP
[2026-07-31 03:21:03]   - [8405_bot] 상태: DOWN
[2026-07-31 03:21:03]   - [8407_ui] 상태: PID [2878] / PORT UP
[2026-07-31 03:21:03]   - [8407_bot] 상태: DOWN
[2026-07-31 03:21:03]   - [8408_ui] 상태: PID [80532] / PORT UP
[2026-07-31 03:21:03]   - [8408_bot] 상태: PID [80536]
[2026-07-31 03:21:03]   - [8409_ui] 상태: PID [58553] / PORT UP
[2026-07-31 03:21:03]   - [8409_bot] 상태: PID [71333]
[2026-07-31 03:26:04] ❌ [8405_bot] DOWN 감지 -> 즉시 단일 기동
[2026-07-31 03:26:04] ❌ [8407_bot] DOWN 감지 -> 즉시 단일 기동
[2026-07-31 03:26:04] ⏳ 신규 기동 타겟 안정화 대기 (15초)...
[2026-07-31 03:26:19]   - [8888_app] 상태: PID [39028] / PORT UP
[2026-07-31 03:26:19]   - [8401_ui] 상태: PID [59982] / PORT UP
[2026-07-31 03:26:19]   - [8401_bot] 상태: PID [59980]
[2026-07-31 03:26:19]   - [8402_ui] 상태: PID [60421] / PORT UP
[2026-07-31 03:26:19]   - [8402_bot] 상태: PID [71275]
[2026-07-31 03:26:19]   - [8403_ui] 상태: PID [80489] / PORT UP
[2026-07-31 03:26:19]   - [8403_bot] 상태: PID [80493]
[2026-07-31 03:26:19]   - [8404_ui] 상태: PID [62481] / PORT UP
[2026-07-31 03:26:19]   - [8404_bot] 상태: PID [71299]
[2026-07-31 03:26:19]   - [8405_ui] 상태: PID [2649] / PORT UP
[2026-07-31 03:26:19]   - [8405_bot] 상태: DOWN
[2026-07-31 03:26:19]   - [8407_ui] 상태: PID [2878] / PORT UP
[2026-07-31 03:26:19]   - [8407_bot] 상태: DOWN
[2026-07-31 03:26:19]   - [8408_ui] 상태: PID [80532] / PORT UP
[2026-07-31 03:26:19]   - [8408_bot] 상태: PID [80536]
[2026-07-31 03:26:19]   - [8409_ui] 상태: PID [58553] / PORT UP
[2026-07-31 03:26:19]   - [8409_bot] 상태: PID [71333]
[2026-07-31 03:31:20] ❌ [8405_bot] DOWN 감지 -> 즉시 단일 기동
[2026-07-31 03:31:20] ❌ [8407_bot] DOWN 감지 -> 즉시 단일 기동
[2026-07-31 03:31:20] ⏳ 신규 기동 타겟 안정화 대기 (15초)...
[2026-07-31 03:31:35]   - [8888_app] 상태: PID [39028] / PORT UP
[2026-07-31 03:31:35]   - [8401_ui] 상태: PID [59982] / PORT UP
[2026-07-31 03:31:35]   - [8401_bot] 상태: PID [59980]
[2026-07-31 03:31:35]   - [8402_ui] 상태: PID [60421] / PORT UP
[2026-07-31 03:31:35]   - [8402_bot] 상태: PID [71275]
[2026-07-31 03:31:35]   - [8403_ui] 상태: PID [80489] / PORT UP
[2026-07-31 03:31:35]   - [8403_bot] 상태: PID [80493]
[2026-07-31 03:31:35]   - [8404_ui] 상태: PID [62481] / PORT UP
[2026-07-31 03:31:35]   - [8404_bot] 상태: PID [71299]
[2026-07-31 03:31:35]   - [8405_ui] 상태: PID [2649] / PORT UP
[2026-07-31 03:31:36]   - [8405_bot] 상태: DOWN
[2026-07-31 03:31:36]   - [8407_ui] 상태: PID [2878] / PORT UP
[2026-07-31 03:31:36]   - [8407_bot] 상태: DOWN
[2026-07-31 03:31:36]   - [8408_ui] 상태: PID [80532] / PORT UP
[2026-07-31 03:31:36]   - [8408_bot] 상태: PID [80536]
[2026-07-31 03:31:36]   - [8409_ui] 상태: PID [58553] / PORT UP
[2026-07-31 03:31:36]   - [8409_bot] 상태: PID [71333]
[2026-07-31 03:36:36] ❌ [8405_bot] DOWN 감지 -> 즉시 단일 기동
[2026-07-31 03:36:36] ❌ [8407_bot] DOWN 감지 -> 즉시 단일 기동
[2026-07-31 03:36:36] ⏳ 신규 기동 타겟 안정화 대기 (15초)...
[2026-07-31 03:36:51]   - [8888_app] 상태: PID [39028] / PORT UP
[2026-07-31 03:36:51]   - [8401_ui] 상태: PID [59982] / PORT UP
[2026-07-31 03:36:52]   - [8401_bot] 상태: PID [59980]
[2026-07-31 03:36:52]   - [8402_ui] 상태: PID [60421] / PORT UP
[2026-07-31 03:36:52]   - [8402_bot] 상태: PID [71275]
[2026-07-31 03:36:52]   - [8403_ui] 상태: PID [80489] / PORT UP
[2026-07-31 03:36:52]   - [8403_bot] 상태: PID [80493]
[2026-07-31 03:36:52]   - [8404_ui] 상태: PID [62481] / PORT UP
[2026-07-31 03:36:52]   - [8404_bot] 상태: PID [71299]
[2026-07-31 03:36:52]   - [8405_ui] 상태: PID [2649] / PORT UP
[2026-07-31 03:36:52]   - [8405_bot] 상태: DOWN
[2026-07-31 03:36:52]   - [8407_ui] 상태: PID [2878] / PORT UP
[2026-07-31 03:36:52]   - [8407_bot] 상태: DOWN
[2026-07-31 03:36:52]   - [8408_ui] 상태: PID [80532] / PORT UP
[2026-07-31 03:36:52]   - [8408_bot] 상태: PID [80536]
[2026-07-31 03:36:52]   - [8409_ui] 상태: PID [58553] / PORT UP
[2026-07-31 03:36:52]   - [8409_bot] 상태: PID [71333]
[2026-07-31 03:41:53] ❌ [8405_bot] DOWN 감지 -> 즉시 단일 기동
[2026-07-31 03:41:53] ❌ [8407_bot] DOWN 감지 -> 즉시 단일 기동
[2026-07-31 03:41:53] ⏳ 신규 기동 타겟 안정화 대기 (15초)...
[2026-07-31 03:42:08]   - [8888_app] 상태: PID [39028] / PORT UP
[2026-07-31 03:42:08]   - [8401_ui] 상태: PID [59982] / PORT UP
[2026-07-31 03:42:08]   - [8401_bot] 상태: PID [59980]
[2026-07-31 03:42:08]   - [8402_ui] 상태: PID [60421] / PORT UP
[2026-07-31 03:42:08]   - [8402_bot] 상태: PID [71275]
[2026-07-31 03:42:08]   - [8403_ui] 상태: PID [80489] / PORT UP
[2026-07-31 03:42:08]   - [8403_bot] 상태: PID [80493]
[2026-07-31 03:42:08]   - [8404_ui] 상태: PID [62481] / PORT UP
[2026-07-31 03:42:08]   - [8404_bot] 상태: PID [71299]
[2026-07-31 03:42:08]   - [8405_ui] 상태: PID [2649] / PORT UP
[2026-07-31 03:42:08]   - [8405_bot] 상태: DOWN
[2026-07-31 03:42:08]   - [8407_ui] 상태: PID [2878] / PORT UP
[2026-07-31 03:42:08]   - [8407_bot] 상태: DOWN
[2026-07-31 03:42:08]   - [8408_ui] 상태: PID [80532] / PORT UP
[2026-07-31 03:42:08]   - [8408_bot] 상태: PID [80536]
[2026-07-31 03:42:08]   - [8409_ui] 상태: PID [58553] / PORT UP
[2026-07-31 03:42:08]   - [8409_bot] 상태: PID [71333]
[2026-07-31 03:47:09] ❌ [8405_bot] DOWN 감지 -> 즉시 단일 기동
[2026-07-31 03:47:09] ❌ [8407_bot] DOWN 감지 -> 즉시 단일 기동
[2026-07-31 03:47:09] ⏳ 신규 기동 타겟 안정화 대기 (15초)...
[2026-07-31 03:47:24]   - [8888_app] 상태: PID [39028] / PORT UP
[2026-07-31 03:47:24]   - [8401_ui] 상태: PID [59982] / PORT UP
[2026-07-31 03:47:24]   - [8401_bot] 상태: PID [59980]
[2026-07-31 03:47:24]   - [8402_ui] 상태: PID [60421] / PORT UP
[2026-07-31 03:47:24]   - [8402_bot] 상태: PID [71275]
[2026-07-31 03:47:24]   - [8403_ui] 상태: PID [80489] / PORT UP
[2026-07-31 03:47:24]   - [8403_bot] 상태: PID [80493]
[2026-07-31 03:47:24]   - [8404_ui] 상태: PID [62481] / PORT UP
[2026-07-31 03:47:24]   - [8404_bot] 상태: PID [71299]
[2026-07-31 03:47:24]   - [8405_ui] 상태: PID [2649] / PORT UP
[2026-07-31 03:47:25]   - [8405_bot] 상태: DOWN
[2026-07-31 03:47:25]   - [8407_ui] 상태: PID [2878] / PORT UP
[2026-07-31 03:47:25]   - [8407_bot] 상태: DOWN
[2026-07-31 03:47:25]   - [8408_ui] 상태: PID [80532] / PORT UP
[2026-07-31 03:47:25]   - [8408_bot] 상태: PID [80536]
[2026-07-31 03:47:25]   - [8409_ui] 상태: PID [58553] / PORT UP
[2026-07-31 03:47:25]   - [8409_bot] 상태: PID [71333]
[2026-07-31 03:52:25] ❌ [8405_bot] DOWN 감지 -> 즉시 단일 기동
[2026-07-31 03:52:25] ❌ [8407_bot] DOWN 감지 -> 즉시 단일 기동
[2026-07-31 03:52:25] ⏳ 신규 기동 타겟 안정화 대기 (15초)...
[2026-07-31 03:52:40]   - [8888_app] 상태: PID [39028] / PORT UP
[2026-07-31 03:52:40]   - [8401_ui] 상태: PID [59982] / PORT UP
[2026-07-31 03:52:41]   - [8401_bot] 상태: PID [59980]
[2026-07-31 03:52:41]   - [8402_ui] 상태: PID [60421] / PORT UP
[2026-07-31 03:52:41]   - [8402_bot] 상태: PID [71275]
[2026-07-31 03:52:41]   - [8403_ui] 상태: PID [80489] / PORT UP
[2026-07-31 03:52:41]   - [8403_bot] 상태: PID [80493]
[2026-07-31 03:52:41]   - [8404_ui] 상태: PID [62481] / PORT UP
[2026-07-31 03:52:41]   - [8404_bot] 상태: PID [71299]
[2026-07-31 03:52:41]   - [8405_ui] 상태: PID [2649] / PORT UP
[2026-07-31 03:52:41]   - [8405_bot] 상태: DOWN
[2026-07-31 03:52:41]   - [8407_ui] 상태: PID [2878] / PORT UP
[2026-07-31 03:52:41]   - [8407_bot] 상태: DOWN
[2026-07-31 03:52:41]   - [8408_ui] 상태: PID [80532] / PORT UP
[2026-07-31 03:52:41]   - [8408_bot] 상태: PID [80536]
[2026-07-31 03:52:41]   - [8409_ui] 상태: PID [58553] / PORT UP
[2026-07-31 03:52:41]   - [8409_bot] 상태: PID [71333]
[2026-07-31 03:57:41] ❌ [8405_bot] DOWN 감지 -> 즉시 단일 기동
[2026-07-31 03:57:42] ❌ [8407_bot] DOWN 감지 -> 즉시 단일 기동
[2026-07-31 03:57:42] ⏳ 신규 기동 타겟 안정화 대기 (15초)...
[2026-07-31 03:57:57]   - [8888_app] 상태: PID [39028] / PORT UP
[2026-07-31 03:57:57]   - [8401_ui] 상태: PID [59982] / PORT UP
[2026-07-31 03:57:57]   - [8401_bot] 상태: PID [59980]
[2026-07-31 03:57:57]   - [8402_ui] 상태: PID [60421] / PORT UP
[2026-07-31 03:57:57]   - [8402_bot] 상태: PID [71275]
[2026-07-31 03:57:57]   - [8403_ui] 상태: PID [80489] / PORT UP
[2026-07-31 03:57:57]   - [8403_bot] 상태: PID [80493]
[2026-07-31 03:57:57]   - [8404_ui] 상태: PID [62481] / PORT UP
[2026-07-31 03:57:57]   - [8404_bot] 상태: PID [71299]
[2026-07-31 03:57:57]   - [8405_ui] 상태: PID [2649] / PORT UP
[2026-07-31 03:57:57]   - [8405_bot] 상태: DOWN
[2026-07-31 03:57:57]   - [8407_ui] 상태: PID [2878] / PORT UP
[2026-07-31 03:57:57]   - [8407_bot] 상태: DOWN
[2026-07-31 03:57:57]   - [8408_ui] 상태: PID [80532] / PORT UP
[2026-07-31 03:57:57]   - [8408_bot] 상태: PID [80536]
[2026-07-31 03:57:57]   - [8409_ui] 상태: PID [58553] / PORT UP
[2026-07-31 03:57:57]   - [8409_bot] 상태: PID [71333]
[2026-07-31 04:02:58] ❌ [8405_bot] DOWN 감지 -> 즉시 단일 기동
[2026-07-31 04:02:58] ❌ [8407_bot] DOWN 감지 -> 즉시 단일 기동
[2026-07-31 04:02:58] ⏳ 신규 기동 타겟 안정화 대기 (15초)...
[2026-07-31 04:03:13]   - [8888_app] 상태: PID [39028] / PORT UP
[2026-07-31 04:03:13]   - [8401_ui] 상태: PID [59982] / PORT UP
[2026-07-31 04:03:13]   - [8401_bot] 상태: PID [59980]
[2026-07-31 04:03:13]   - [8402_ui] 상태: PID [60421] / PORT UP
[2026-07-31 04:03:13]   - [8402_bot] 상태: PID [71275]
[2026-07-31 04:03:13]   - [8403_ui] 상태: PID [80489] / PORT UP
[2026-07-31 04:03:13]   - [8403_bot] 상태: PID [80493]
[2026-07-31 04:03:13]   - [8404_ui] 상태: PID [62481] / PORT UP
[2026-07-31 04:03:13]   - [8404_bot] 상태: PID [71299]
[2026-07-31 04:03:13]   - [8405_ui] 상태: PID [2649] / PORT UP
[2026-07-31 04:03:13]   - [8405_bot] 상태: DOWN
[2026-07-31 04:03:13]   - [8407_ui] 상태: PID [2878] / PORT UP
[2026-07-31 04:03:13]   - [8407_bot] 상태: DOWN
[2026-07-31 04:03:14]   - [8408_ui] 상태: PID [80532] / PORT UP
[2026-07-31 04:03:14]   - [8408_bot] 상태: PID [80536]
[2026-07-31 04:03:14]   - [8409_ui] 상태: PID [58553] / PORT UP
[2026-07-31 04:03:14]   - [8409_bot] 상태: PID [71333]
[2026-07-31 04:08:14] ❌ [8405_bot] DOWN 감지 -> 즉시 단일 기동
[2026-07-31 04:08:14] ❌ [8407_bot] DOWN 감지 -> 즉시 단일 기동
[2026-07-31 04:08:14] ⏳ 신규 기동 타겟 안정화 대기 (15초)...
[2026-07-31 04:08:29]   - [8888_app] 상태: PID [39028] / PORT UP
[2026-07-31 04:08:29]   - [8401_ui] 상태: PID [59982] / PORT UP
[2026-07-31 04:08:29]   - [8401_bot] 상태: PID [59980]
[2026-07-31 04:08:29]   - [8402_ui] 상태: PID [60421] / PORT UP
[2026-07-31 04:08:29]   - [8402_bot] 상태: PID [71275]
[2026-07-31 04:08:29]   - [8403_ui] 상태: PID [80489] / PORT UP
[2026-07-31 04:08:30]   - [8403_bot] 상태: PID [80493]
[2026-07-31 04:08:30]   - [8404_ui] 상태: PID [62481] / PORT UP
[2026-07-31 04:08:30]   - [8404_bot] 상태: PID [71299]
[2026-07-31 04:08:30]   - [8405_ui] 상태: PID [2649] / PORT UP
[2026-07-31 04:08:30]   - [8405_bot] 상태: DOWN
[2026-07-31 04:08:30]   - [8407_ui] 상태: PID [2878] / PORT UP
[2026-07-31 04:08:30]   - [8407_bot] 상태: DOWN
[2026-07-31 04:08:30]   - [8408_ui] 상태: PID [80532] / PORT UP
[2026-07-31 04:08:30]   - [8408_bot] 상태: PID [80536]
[2026-07-31 04:08:30]   - [8409_ui] 상태: PID [58553] / PORT UP
[2026-07-31 04:08:30]   - [8409_bot] 상태: PID [71333]
[2026-07-31 04:13:30] ❌ [8405_bot] DOWN 감지 -> 즉시 단일 기동
[2026-07-31 04:13:30] ❌ [8407_bot] DOWN 감지 -> 즉시 단일 기동
[2026-07-31 04:13:31] ⏳ 신규 기동 타겟 안정화 대기 (15초)...
[2026-07-31 04:13:46]   - [8888_app] 상태: PID [39028] / PORT UP
[2026-07-31 04:13:46]   - [8401_ui] 상태: PID [59982] / PORT UP
[2026-07-31 04:13:46]   - [8401_bot] 상태: PID [59980]
[2026-07-31 04:13:46]   - [8402_ui] 상태: PID [60421] / PORT UP
[2026-07-31 04:13:46]   - [8402_bot] 상태: PID [71275]
[2026-07-31 04:13:46]   - [8403_ui] 상태: PID [80489] / PORT UP
[2026-07-31 04:13:46]   - [8403_bot] 상태: PID [80493]
[2026-07-31 04:13:46]   - [8404_ui] 상태: PID [62481] / PORT UP
[2026-07-31 04:13:46]   - [8404_bot] 상태: PID [71299]
[2026-07-31 04:13:46]   - [8405_ui] 상태: PID [2649] / PORT UP
[2026-07-31 04:13:46]   - [8405_bot] 상태: DOWN
[2026-07-31 04:13:46]   - [8407_ui] 상태: PID [2878] / PORT UP
[2026-07-31 04:13:46]   - [8407_bot] 상태: DOWN
[2026-07-31 04:13:46]   - [8408_ui] 상태: PID [80532] / PORT UP
[2026-07-31 04:13:46]   - [8408_bot] 상태: PID [80536]
[2026-07-31 04:13:46]   - [8409_ui] 상태: PID [58553] / PORT UP
[2026-07-31 04:13:46]   - [8409_bot] 상태: PID [71333]
[2026-07-31 04:18:47] ❌ [8405_bot] DOWN 감지 -> 즉시 단일 기동
[2026-07-31 04:18:47] ❌ [8407_bot] DOWN 감지 -> 즉시 단일 기동
[2026-07-31 04:18:47] ⏳ 신규 기동 타겟 안정화 대기 (15초)...
[2026-07-31 04:19:02]   - [8888_app] 상태: PID [39028] / PORT UP
[2026-07-31 04:19:02]   - [8401_ui] 상태: PID [59982] / PORT UP
[2026-07-31 04:19:02]   - [8401_bot] 상태: PID [59980]
[2026-07-31 04:19:02]   - [8402_ui] 상태: PID [60421] / PORT UP
[2026-07-31 04:19:02]   - [8402_bot] 상태: PID [71275]
[2026-07-31 04:19:02]   - [8403_ui] 상태: PID [80489] / PORT UP
[2026-07-31 04:19:02]   - [8403_bot] 상태: PID [80493]
[2026-07-31 04:19:02]   - [8404_ui] 상태: PID [62481] / PORT UP
[2026-07-31 04:19:02]   - [8404_bot] 상태: PID [71299]
[2026-07-31 04:19:02]   - [8405_ui] 상태: PID [2649] / PORT UP
[2026-07-31 04:19:02]   - [8405_bot] 상태: DOWN
[2026-07-31 04:19:02]   - [8407_ui] 상태: PID [2878] / PORT UP
[2026-07-31 04:19:02]   - [8407_bot] 상태: DOWN
[2026-07-31 04:19:02]   - [8408_ui] 상태: PID [80532] / PORT UP
[2026-07-31 04:19:02]   - [8408_bot] 상태: PID [80536]
[2026-07-31 04:19:02]   - [8409_ui] 상태: PID [58553] / PORT UP
[2026-07-31 04:19:02]   - [8409_bot] 상태: PID [71333]
[2026-07-31 04:24:03] ❌ [8405_bot] DOWN 감지 -> 즉시 단일 기동
[2026-07-31 04:24:03] ❌ [8407_bot] DOWN 감지 -> 즉시 단일 기동
[2026-07-31 04:24:03] ⏳ 신규 기동 타겟 안정화 대기 (15초)...
[2026-07-31 04:24:18]   - [8888_app] 상태: PID [39028] / PORT UP
[2026-07-31 04:24:18]   - [8401_ui] 상태: PID [59982] / PORT UP
[2026-07-31 04:24:18]   - [8401_bot] 상태: PID [59980]
[2026-07-31 04:24:18]   - [8402_ui] 상태: PID [60421] / PORT UP
[2026-07-31 04:24:18]   - [8402_bot] 상태: PID [71275]
[2026-07-31 04:24:18]   - [8403_ui] 상태: PID [80489] / PORT UP
[2026-07-31 04:24:18]   - [8403_bot] 상태: PID [80493]
[2026-07-31 04:24:18]   - [8404_ui] 상태: PID [62481] / PORT UP
[2026-07-31 04:24:18]   - [8404_bot] 상태: PID [71299]
[2026-07-31 04:24:19]   - [8405_ui] 상태: PID [2649] / PORT UP
[2026-07-31 04:24:19]   - [8405_bot] 상태: DOWN
[2026-07-31 04:24:19]   - [8407_ui] 상태: PID [2878] / PORT UP
[2026-07-31 04:24:19]   - [8407_bot] 상태: DOWN
[2026-07-31 04:24:19]   - [8408_ui] 상태: PID [80532] / PORT UP
[2026-07-31 04:24:19]   - [8408_bot] 상태: PID [80536]
[2026-07-31 04:24:19]   - [8409_ui] 상태: PID [58553] / PORT UP
[2026-07-31 04:24:19]   - [8409_bot] 상태: PID [71333]
[2026-07-31 04:29:19] ❌ [8405_bot] DOWN 감지 -> 즉시 단일 기동
[2026-07-31 04:29:19] ❌ [8407_bot] DOWN 감지 -> 즉시 단일 기동
[2026-07-31 04:29:19] ⏳ 신규 기동 타겟 안정화 대기 (15초)...
[2026-07-31 04:29:34]   - [8888_app] 상태: PID [39028] / PORT UP
[2026-07-31 04:29:35]   - [8401_ui] 상태: PID [59982] / PORT UP
[2026-07-31 04:29:35]   - [8401_bot] 상태: PID [59980]
[2026-07-31 04:29:35]   - [8402_ui] 상태: PID [60421] / PORT UP
[2026-07-31 04:29:35]   - [8402_bot] 상태: PID [71275]
[2026-07-31 04:29:35]   - [8403_ui] 상태: PID [80489] / PORT UP
[2026-07-31 04:29:35]   - [8403_bot] 상태: PID [80493]
[2026-07-31 04:29:35]   - [8404_ui] 상태: PID [62481] / PORT UP
[2026-07-31 04:29:35]   - [8404_bot] 상태: PID [71299]
[2026-07-31 04:29:35]   - [8405_ui] 상태: PID [2649] / PORT UP
[2026-07-31 04:29:35]   - [8405_bot] 상태: DOWN
[2026-07-31 04:29:35]   - [8407_ui] 상태: PID [2878] / PORT UP
[2026-07-31 04:29:35]   - [8407_bot] 상태: DOWN
[2026-07-31 04:29:35]   - [8408_ui] 상태: PID [80532] / PORT UP
[2026-07-31 04:29:35]   - [8408_bot] 상태: PID [80536]
[2026-07-31 04:29:35]   - [8409_ui] 상태: PID [58553] / PORT UP
[2026-07-31 04:29:35]   - [8409_bot] 상태: PID [71333]
[2026-07-31 04:34:35] ❌ [8405_bot] DOWN 감지 -> 즉시 단일 기동
[2026-07-31 04:34:36] ❌ [8407_bot] DOWN 감지 -> 즉시 단일 기동
[2026-07-31 04:34:36] ⏳ 신규 기동 타겟 안정화 대기 (15초)...
[2026-07-31 04:34:51]   - [8888_app] 상태: PID [39028] / PORT UP
[2026-07-31 04:34:51]   - [8401_ui] 상태: PID [59982] / PORT UP
[2026-07-31 04:34:51]   - [8401_bot] 상태: PID [59980]
[2026-07-31 04:34:51]   - [8402_ui] 상태: PID [60421] / PORT UP
[2026-07-31 04:34:51]   - [8402_bot] 상태: PID [71275]
[2026-07-31 04:34:51]   - [8403_ui] 상태: PID [80489] / PORT UP
[2026-07-31 04:34:51]   - [8403_bot] 상태: PID [80493]
[2026-07-31 04:34:51]   - [8404_ui] 상태: PID [62481] / PORT UP
[2026-07-31 04:34:51]   - [8404_bot] 상태: PID [71299]
[2026-07-31 04:34:51]   - [8405_ui] 상태: PID [2649] / PORT UP
[2026-07-31 04:34:51]   - [8405_bot] 상태: DOWN
[2026-07-31 04:34:51]   - [8407_ui] 상태: PID [2878] / PORT UP
[2026-07-31 04:34:51]   - [8407_bot] 상태: DOWN
[2026-07-31 04:34:51]   - [8408_ui] 상태: PID [80532] / PORT UP
[2026-07-31 04:34:51]   - [8408_bot] 상태: PID [80536]
[2026-07-31 04:34:51]   - [8409_ui] 상태: PID [58553] / PORT UP
[2026-07-31 04:34:51]   - [8409_bot] 상태: PID [71333]
[2026-07-31 04:39:52] ❌ [8405_bot] DOWN 감지 -> 즉시 단일 기동
[2026-07-31 04:39:52] ❌ [8407_bot] DOWN 감지 -> 즉시 단일 기동
[2026-07-31 04:39:52] ⏳ 신규 기동 타겟 안정화 대기 (15초)...
[2026-07-31 04:40:07]   - [8888_app] 상태: PID [39028] / PORT UP
[2026-07-31 04:40:07]   - [8401_ui] 상태: PID [59982] / PORT UP
[2026-07-31 04:40:07]   - [8401_bot] 상태: PID [59980]
[2026-07-31 04:40:07]   - [8402_ui] 상태: PID [60421] / PORT UP
[2026-07-31 04:40:07]   - [8402_bot] 상태: PID [71275]
[2026-07-31 04:40:07]   - [8403_ui] 상태: PID [80489] / PORT UP
[2026-07-31 04:40:07]   - [8403_bot] 상태: PID [80493]
[2026-07-31 04:40:07]   - [8404_ui] 상태: PID [62481] / PORT UP
[2026-07-31 04:40:07]   - [8404_bot] 상태: PID [71299]
[2026-07-31 04:40:07]   - [8405_ui] 상태: PID [2649] / PORT UP
[2026-07-31 04:40:07]   - [8405_bot] 상태: DOWN
[2026-07-31 04:40:07]   - [8407_ui] 상태: PID [2878] / PORT UP
[2026-07-31 04:40:08]   - [8407_bot] 상태: DOWN
[2026-07-31 04:40:08]   - [8408_ui] 상태: PID [80532] / PORT UP
[2026-07-31 04:40:08]   - [8408_bot] 상태: PID [80536]
[2026-07-31 04:40:08]   - [8409_ui] 상태: PID [58553] / PORT UP
[2026-07-31 04:40:08]   - [8409_bot] 상태: PID [71333]
[2026-07-31 04:45:08] ❌ [8405_bot] DOWN 감지 -> 즉시 단일 기동
[2026-07-31 04:45:08] ❌ [8407_bot] DOWN 감지 -> 즉시 단일 기동
[2026-07-31 04:45:08] ⏳ 신규 기동 타겟 안정화 대기 (15초)...
[2026-07-31 04:45:23]   - [8888_app] 상태: PID [39028] / PORT UP
[2026-07-31 04:45:23]   - [8401_ui] 상태: PID [59982] / PORT UP
[2026-07-31 04:45:23]   - [8401_bot] 상태: PID [59980]
[2026-07-31 04:45:23]   - [8402_ui] 상태: PID [60421] / PORT UP
[2026-07-31 04:45:24]   - [8402_bot] 상태: PID [71275]
[2026-07-31 04:45:24]   - [8403_ui] 상태: PID [80489] / PORT UP
[2026-07-31 04:45:24]   - [8403_bot] 상태: PID [80493]
[2026-07-31 04:45:24]   - [8404_ui] 상태: PID [62481] / PORT UP
[2026-07-31 04:45:24]   - [8404_bot] 상태: PID [71299]
[2026-07-31 04:45:24]   - [8405_ui] 상태: PID [2649] / PORT UP
[2026-07-31 04:45:24]   - [8405_bot] 상태: DOWN
[2026-07-31 04:45:24]   - [8407_ui] 상태: PID [2878] / PORT UP
[2026-07-31 04:45:24]   - [8407_bot] 상태: DOWN
[2026-07-31 04:45:24]   - [8408_ui] 상태: PID [80532] / PORT UP
[2026-07-31 04:45:24]   - [8408_bot] 상태: PID [80536]
[2026-07-31 04:45:24]   - [8409_ui] 상태: PID [58553] / PORT UP
[2026-07-31 04:45:24]   - [8409_bot] 상태: PID [71333]
[2026-07-31 04:50:24] ❌ [8405_bot] DOWN 감지 -> 즉시 단일 기동
[2026-07-31 04:50:24] ❌ [8407_bot] DOWN 감지 -> 즉시 단일 기동
[2026-07-31 04:50:25] ⏳ 신규 기동 타겟 안정화 대기 (15초)...
[2026-07-31 04:50:40]   - [8888_app] 상태: PID [39028] / PORT UP
[2026-07-31 04:50:40]   - [8401_ui] 상태: PID [59982] / PORT UP
[2026-07-31 04:50:40]   - [8401_bot] 상태: PID [59980]
[2026-07-31 04:50:40]   - [8402_ui] 상태: PID [60421] / PORT UP
[2026-07-31 04:50:40]   - [8402_bot] 상태: PID [71275]
[2026-07-31 04:50:40]   - [8403_ui] 상태: PID [80489] / PORT UP
[2026-07-31 04:50:40]   - [8403_bot] 상태: PID [80493]
[2026-07-31 04:50:40]   - [8404_ui] 상태: PID [62481] / PORT UP
[2026-07-31 04:50:40]   - [8404_bot] 상태: PID [71299]
[2026-07-31 04:50:40]   - [8405_ui] 상태: PID [2649] / PORT UP
[2026-07-31 04:50:40]   - [8405_bot] 상태: DOWN
[2026-07-31 04:50:40]   - [8407_ui] 상태: PID [2878] / PORT UP
[2026-07-31 04:50:40]   - [8407_bot] 상태: DOWN
[2026-07-31 04:50:40]   - [8408_ui] 상태: PID [80532] / PORT UP
[2026-07-31 04:50:40]   - [8408_bot] 상태: PID [80536]
[2026-07-31 04:50:40]   - [8409_ui] 상태: PID [58553] / PORT UP
[2026-07-31 04:50:40]   - [8409_bot] 상태: PID [71333]
[2026-07-31 04:55:41] ❌ [8405_bot] DOWN 감지 -> 즉시 단일 기동
[2026-07-31 04:55:41] ❌ [8407_bot] DOWN 감지 -> 즉시 단일 기동
[2026-07-31 04:55:41] ⏳ 신규 기동 타겟 안정화 대기 (15초)...
[2026-07-31 04:55:56]   - [8888_app] 상태: PID [39028] / PORT UP
[2026-07-31 04:55:56]   - [8401_ui] 상태: PID [59982] / PORT UP
[2026-07-31 04:55:56]   - [8401_bot] 상태: PID [59980]
[2026-07-31 04:55:56]   - [8402_ui] 상태: PID [60421] / PORT UP
[2026-07-31 04:55:56]   - [8402_bot] 상태: PID [71275]
[2026-07-31 04:55:56]   - [8403_ui] 상태: PID [80489] / PORT UP
[2026-07-31 04:55:56]   - [8403_bot] 상태: PID [80493]
[2026-07-31 04:55:56]   - [8404_ui] 상태: PID [62481] / PORT UP
[2026-07-31 04:55:56]   - [8404_bot] 상태: PID [71299]
[2026-07-31 04:55:56]   - [8405_ui] 상태: PID [2649] / PORT UP
[2026-07-31 04:55:56]   - [8405_bot] 상태: DOWN
[2026-07-31 04:55:56]   - [8407_ui] 상태: PID [2878] / PORT UP
[2026-07-31 04:55:56]   - [8407_bot] 상태: DOWN
[2026-07-31 04:55:56]   - [8408_ui] 상태: PID [80532] / PORT UP
[2026-07-31 04:55:56]   - [8408_bot] 상태: PID [80536]
[2026-07-31 04:55:56]   - [8409_ui] 상태: PID [58553] / PORT UP
[2026-07-31 04:55:57]   - [8409_bot] 상태: PID [71333]
[2026-07-31 05:00:57] ❌ [8405_bot] DOWN 감지 -> 즉시 단일 기동
[2026-07-31 05:00:57] ❌ [8407_bot] DOWN 감지 -> 즉시 단일 기동
[2026-07-31 05:00:57] ⏳ 신규 기동 타겟 안정화 대기 (15초)...
[2026-07-31 05:01:12]   - [8888_app] 상태: PID [39028] / PORT UP
[2026-07-31 05:01:12]   - [8401_ui] 상태: PID [59982] / PORT UP
[2026-07-31 05:01:12]   - [8401_bot] 상태: PID [59980]
[2026-07-31 05:01:12]   - [8402_ui] 상태: PID [60421] / PORT UP
[2026-07-31 05:01:12]   - [8402_bot] 상태: PID [71275]
[2026-07-31 05:01:12]   - [8403_ui] 상태: PID [80489] / PORT UP
[2026-07-31 05:01:12]   - [8403_bot] 상태: PID [80493]
[2026-07-31 05:01:13]   - [8404_ui] 상태: PID [62481] / PORT UP
[2026-07-31 05:01:13]   - [8404_bot] 상태: PID [71299]
[2026-07-31 05:01:13]   - [8405_ui] 상태: PID [2649] / PORT UP
[2026-07-31 05:01:13]   - [8405_bot] 상태: DOWN
[2026-07-31 05:01:13]   - [8407_ui] 상태: PID [2878] / PORT UP
[2026-07-31 05:01:13]   - [8407_bot] 상태: DOWN
[2026-07-31 05:01:13]   - [8408_ui] 상태: PID [80532] / PORT UP
[2026-07-31 05:01:13]   - [8408_bot] 상태: PID [80536]
[2026-07-31 05:01:13]   - [8409_ui] 상태: PID [58553] / PORT UP
[2026-07-31 05:01:13]   - [8409_bot] 상태: PID [71333]
[2026-07-31 05:06:13] ❌ [8405_bot] DOWN 감지 -> 즉시 단일 기동
[2026-07-31 05:06:13] ❌ [8407_bot] DOWN 감지 -> 즉시 단일 기동
[2026-07-31 05:06:13] ⏳ 신규 기동 타겟 안정화 대기 (15초)...
[2026-07-31 05:06:29]   - [8888_app] 상태: PID [39028] / PORT UP
[2026-07-31 05:06:29]   - [8401_ui] 상태: PID [59982] / PORT UP
[2026-07-31 05:06:29]   - [8401_bot] 상태: PID [59980]
[2026-07-31 05:06:29]   - [8402_ui] 상태: PID [60421] / PORT UP
[2026-07-31 05:06:29]   - [8402_bot] 상태: PID [71275]
[2026-07-31 05:06:29]   - [8403_ui] 상태: PID [80489] / PORT UP
[2026-07-31 05:06:29]   - [8403_bot] 상태: PID [80493]
[2026-07-31 05:06:29]   - [8404_ui] 상태: PID [62481] / PORT UP
[2026-07-31 05:06:29]   - [8404_bot] 상태: PID [71299]
[2026-07-31 05:06:29]   - [8405_ui] 상태: PID [2649] / PORT UP
[2026-07-31 05:06:29]   - [8405_bot] 상태: DOWN
[2026-07-31 05:06:29]   - [8407_ui] 상태: PID [2878] / PORT UP
[2026-07-31 05:06:29]   - [8407_bot] 상태: DOWN
[2026-07-31 05:06:29]   - [8408_ui] 상태: PID [80532] / PORT UP
[2026-07-31 05:06:29]   - [8408_bot] 상태: PID [80536]
[2026-07-31 05:06:29]   - [8409_ui] 상태: PID [58553] / PORT UP
[2026-07-31 05:06:29]   - [8409_bot] 상태: PID [71333]
[2026-07-31 05:11:30] ❌ [8405_bot] DOWN 감지 -> 즉시 단일 기동
[2026-07-31 05:11:30] ❌ [8407_bot] DOWN 감지 -> 즉시 단일 기동
[2026-07-31 05:11:30] ⏳ 신규 기동 타겟 안정화 대기 (15초)...
[2026-07-31 05:11:45]   - [8888_app] 상태: PID [39028] / PORT UP
[2026-07-31 05:11:45]   - [8401_ui] 상태: PID [59982] / PORT UP
[2026-07-31 05:11:45]   - [8401_bot] 상태: PID [59980]
[2026-07-31 05:11:45]   - [8402_ui] 상태: PID [60421] / PORT UP
[2026-07-31 05:11:45]   - [8402_bot] 상태: PID [71275]
[2026-07-31 05:11:45]   - [8403_ui] 상태: PID [80489] / PORT UP
[2026-07-31 05:11:45]   - [8403_bot] 상태: PID [80493]
[2026-07-31 05:11:45]   - [8404_ui] 상태: PID [62481] / PORT UP
[2026-07-31 05:11:45]   - [8404_bot] 상태: PID [71299]
[2026-07-31 05:11:45]   - [8405_ui] 상태: PID [2649] / PORT UP
[2026-07-31 05:11:45]   - [8405_bot] 상태: DOWN
[2026-07-31 05:11:45]   - [8407_ui] 상태: PID [2878] / PORT UP
[2026-07-31 05:11:45]   - [8407_bot] 상태: DOWN
[2026-07-31 05:11:45]   - [8408_ui] 상태: PID [80532] / PORT UP
[2026-07-31 05:11:45]   - [8408_bot] 상태: PID [80536]
[2026-07-31 05:11:45]   - [8409_ui] 상태: PID [58553] / PORT UP
[2026-07-31 05:11:45]   - [8409_bot] 상태: PID [71333]
[2026-07-31 05:16:46] ❌ [8405_bot] DOWN 감지 -> 즉시 단일 기동
[2026-07-31 05:16:46] ❌ [8407_bot] DOWN 감지 -> 즉시 단일 기동
[2026-07-31 05:16:46] ⏳ 신규 기동 타겟 안정화 대기 (15초)...
[2026-07-31 05:17:01]   - [8888_app] 상태: PID [39028] / PORT UP
[2026-07-31 05:17:01]   - [8401_ui] 상태: PID [59982] / PORT UP
[2026-07-31 05:17:01]   - [8401_bot] 상태: PID [59980]
[2026-07-31 05:17:01]   - [8402_ui] 상태: PID [60421] / PORT UP
[2026-07-31 05:17:01]   - [8402_bot] 상태: PID [71275]
[2026-07-31 05:17:01]   - [8403_ui] 상태: PID [80489] / PORT UP
[2026-07-31 05:17:01]   - [8403_bot] 상태: PID [80493]
[2026-07-31 05:17:01]   - [8404_ui] 상태: PID [62481] / PORT UP
[2026-07-31 05:17:01]   - [8404_bot] 상태: PID [71299]
[2026-07-31 05:17:01]   - [8405_ui] 상태: PID [2649] / PORT UP
[2026-07-31 05:17:01]   - [8405_bot] 상태: DOWN
[2026-07-31 05:17:02]   - [8407_ui] 상태: PID [2878] / PORT UP
[2026-07-31 05:17:02]   - [8407_bot] 상태: DOWN
[2026-07-31 05:17:02]   - [8408_ui] 상태: PID [80532] / PORT UP
[2026-07-31 05:17:02]   - [8408_bot] 상태: PID [80536]
[2026-07-31 05:17:02]   - [8409_ui] 상태: PID [58553] / PORT UP
[2026-07-31 05:17:02]   - [8409_bot] 상태: PID [71333]
[2026-07-31 05:22:02] ❌ [8405_bot] DOWN 감지 -> 즉시 단일 기동
[2026-07-31 05:22:02] ❌ [8407_bot] DOWN 감지 -> 즉시 단일 기동
[2026-07-31 05:22:02] ⏳ 신규 기동 타겟 안정화 대기 (15초)...
[2026-07-31 05:22:17]   - [8888_app] 상태: PID [39028] / PORT UP
[2026-07-31 05:22:17]   - [8401_ui] 상태: PID [59982] / PORT UP
[2026-07-31 05:22:17]   - [8401_bot] 상태: PID [59980]
[2026-07-31 05:22:17]   - [8402_ui] 상태: PID [60421] / PORT UP
[2026-07-31 05:22:17]   - [8402_bot] 상태: PID [71275]
[2026-07-31 05:22:18]   - [8403_ui] 상태: PID [80489] / PORT UP
[2026-07-31 05:22:18]   - [8403_bot] 상태: PID [80493]
[2026-07-31 05:22:18]   - [8404_ui] 상태: PID [62481] / PORT UP
[2026-07-31 05:22:18]   - [8404_bot] 상태: PID [71299]
[2026-07-31 05:22:18]   - [8405_ui] 상태: PID [2649] / PORT UP
[2026-07-31 05:22:18]   - [8405_bot] 상태: DOWN
[2026-07-31 05:22:18]   - [8407_ui] 상태: PID [2878] / PORT UP
[2026-07-31 05:22:18]   - [8407_bot] 상태: DOWN
[2026-07-31 05:22:18]   - [8408_ui] 상태: PID [80532] / PORT UP
[2026-07-31 05:22:18]   - [8408_bot] 상태: PID [80536]
[2026-07-31 05:22:18]   - [8409_ui] 상태: PID [58553] / PORT UP
[2026-07-31 05:22:18]   - [8409_bot] 상태: PID [71333]
[2026-07-31 05:27:18] ❌ [8405_bot] DOWN 감지 -> 즉시 단일 기동
[2026-07-31 05:27:18] ❌ [8407_bot] DOWN 감지 -> 즉시 단일 기동
[2026-07-31 05:27:19] ⏳ 신규 기동 타겟 안정화 대기 (15초)...
[2026-07-31 05:27:34]   - [8888_app] 상태: PID [39028] / PORT UP
[2026-07-31 05:27:34]   - [8401_ui] 상태: PID [59982] / PORT UP
[2026-07-31 05:27:34]   - [8401_bot] 상태: PID [59980]
[2026-07-31 05:27:34]   - [8402_ui] 상태: PID [60421] / PORT UP
[2026-07-31 05:27:34]   - [8402_bot] 상태: PID [71275]
[2026-07-31 05:27:34]   - [8403_ui] 상태: PID [80489] / PORT UP
[2026-07-31 05:27:34]   - [8403_bot] 상태: PID [80493]
[2026-07-31 05:27:34]   - [8404_ui] 상태: PID [62481] / PORT UP
[2026-07-31 05:27:34]   - [8404_bot] 상태: PID [71299]
[2026-07-31 05:27:34]   - [8405_ui] 상태: PID [2649] / PORT UP
[2026-07-31 05:27:34]   - [8405_bot] 상태: DOWN
[2026-07-31 05:27:34]   - [8407_ui] 상태: PID [2878] / PORT UP
[2026-07-31 05:27:34]   - [8407_bot] 상태: DOWN
[2026-07-31 05:27:34]   - [8408_ui] 상태: PID [80532] / PORT UP
[2026-07-31 05:27:34]   - [8408_bot] 상태: PID [80536]
[2026-07-31 05:27:34]   - [8409_ui] 상태: PID [58553] / PORT UP
[2026-07-31 05:27:34]   - [8409_bot] 상태: PID [71333]
[2026-07-31 05:32:35] ❌ [8405_bot] DOWN 감지 -> 즉시 단일 기동
[2026-07-31 05:32:35] ❌ [8407_bot] DOWN 감지 -> 즉시 단일 기동
[2026-07-31 05:32:35] ⏳ 신규 기동 타겟 안정화 대기 (15초)...
[2026-07-31 05:32:50]   - [8888_app] 상태: PID [39028] / PORT UP
[2026-07-31 05:32:50]   - [8401_ui] 상태: PID [59982] / PORT UP
[2026-07-31 05:32:50]   - [8401_bot] 상태: PID [59980]
[2026-07-31 05:32:50]   - [8402_ui] 상태: PID [60421] / PORT UP
[2026-07-31 05:32:50]   - [8402_bot] 상태: PID [71275]
[2026-07-31 05:32:50]   - [8403_ui] 상태: PID [80489] / PORT UP
[2026-07-31 05:32:50]   - [8403_bot] 상태: PID [80493]
[2026-07-31 05:32:50]   - [8404_ui] 상태: PID [62481] / PORT UP
[2026-07-31 05:32:50]   - [8404_bot] 상태: PID [71299]
[2026-07-31 05:32:50]   - [8405_ui] 상태: PID [2649] / PORT UP
[2026-07-31 05:32:50]   - [8405_bot] 상태: DOWN
[2026-07-31 05:32:50]   - [8407_ui] 상태: PID [2878] / PORT UP
[2026-07-31 05:32:50]   - [8407_bot] 상태: DOWN
[2026-07-31 05:32:50]   - [8408_ui] 상태: PID [80532] / PORT UP
[2026-07-31 05:32:50]   - [8408_bot] 상태: PID [80536]
[2026-07-31 05:32:50]   - [8409_ui] 상태: PID [58553] / PORT UP
[2026-07-31 05:32:50]   - [8409_bot] 상태: PID [71333]
[2026-07-31 05:37:51] ❌ [8405_bot] DOWN 감지 -> 즉시 단일 기동
[2026-07-31 05:37:51] ❌ [8407_bot] DOWN 감지 -> 즉시 단일 기동
[2026-07-31 05:37:51] ⏳ 신규 기동 타겟 안정화 대기 (15초)...
[2026-07-31 05:38:06]   - [8888_app] 상태: PID [39028] / PORT UP
[2026-07-31 05:38:06]   - [8401_ui] 상태: PID [59982] / PORT UP
[2026-07-31 05:38:06]   - [8401_bot] 상태: PID [59980]
[2026-07-31 05:38:06]   - [8402_ui] 상태: PID [60421] / PORT UP
[2026-07-31 05:38:06]   - [8402_bot] 상태: PID [71275]
[2026-07-31 05:38:06]   - [8403_ui] 상태: PID [80489] / PORT UP
[2026-07-31 05:38:06]   - [8403_bot] 상태: PID [80493]
[2026-07-31 05:38:06]   - [8404_ui] 상태: PID [62481] / PORT UP
[2026-07-31 05:38:06]   - [8404_bot] 상태: PID [71299]
[2026-07-31 05:38:06]   - [8405_ui] 상태: PID [2649] / PORT UP
[2026-07-31 05:38:06]   - [8405_bot] 상태: DOWN
[2026-07-31 05:38:07]   - [8407_ui] 상태: PID [2878] / PORT UP
[2026-07-31 05:38:07]   - [8407_bot] 상태: DOWN
[2026-07-31 05:38:07]   - [8408_ui] 상태: PID [80532] / PORT UP
[2026-07-31 05:38:07]   - [8408_bot] 상태: PID [80536]
[2026-07-31 05:38:07]   - [8409_ui] 상태: PID [58553] / PORT UP
[2026-07-31 05:38:07]   - [8409_bot] 상태: PID [71333]
[2026-07-31 05:43:07] ❌ [8405_bot] DOWN 감지 -> 즉시 단일 기동
[2026-07-31 05:43:07] ❌ [8407_bot] DOWN 감지 -> 즉시 단일 기동
[2026-07-31 05:43:07] ⏳ 신규 기동 타겟 안정화 대기 (15초)...
[2026-07-31 05:43:22]   - [8888_app] 상태: PID [39028] / PORT UP
[2026-07-31 05:43:22]   - [8401_ui] 상태: PID [59982] / PORT UP
[2026-07-31 05:43:22]   - [8401_bot] 상태: PID [59980]
[2026-07-31 05:43:23]   - [8402_ui] 상태: PID [60421] / PORT UP
[2026-07-31 05:43:23]   - [8402_bot] 상태: PID [71275]
[2026-07-31 05:43:23]   - [8403_ui] 상태: PID [80489] / PORT UP
[2026-07-31 05:43:23]   - [8403_bot] 상태: PID [80493]
[2026-07-31 05:43:23]   - [8404_ui] 상태: PID [62481] / PORT UP
[2026-07-31 05:43:23]   - [8404_bot] 상태: PID [71299]
[2026-07-31 05:43:23]   - [8405_ui] 상태: PID [2649] / PORT UP
[2026-07-31 05:43:23]   - [8405_bot] 상태: DOWN
[2026-07-31 05:43:23]   - [8407_ui] 상태: PID [2878] / PORT UP
[2026-07-31 05:43:23]   - [8407_bot] 상태: DOWN
[2026-07-31 05:43:23]   - [8408_ui] 상태: PID [80532] / PORT UP
[2026-07-31 05:43:23]   - [8408_bot] 상태: PID [80536]
[2026-07-31 05:43:23]   - [8409_ui] 상태: PID [58553] / PORT UP
[2026-07-31 05:43:23]   - [8409_bot] 상태: PID [71333]
[2026-07-31 05:48:23] ❌ [8405_bot] DOWN 감지 -> 즉시 단일 기동
[2026-07-31 05:48:23] ❌ [8407_bot] DOWN 감지 -> 즉시 단일 기동
[2026-07-31 05:48:24] ⏳ 신규 기동 타겟 안정화 대기 (15초)...
[2026-07-31 05:48:39]   - [8888_app] 상태: PID [39028] / PORT UP
[2026-07-31 05:48:39]   - [8401_ui] 상태: PID [59982] / PORT UP
[2026-07-31 05:48:39]   - [8401_bot] 상태: PID [59980]
[2026-07-31 05:48:39]   - [8402_ui] 상태: PID [60421] / PORT UP
[2026-07-31 05:48:39]   - [8402_bot] 상태: PID [71275]
[2026-07-31 05:48:39]   - [8403_ui] 상태: PID [80489] / PORT UP
[2026-07-31 05:48:39]   - [8403_bot] 상태: PID [80493]
[2026-07-31 05:48:39]   - [8404_ui] 상태: PID [62481] / PORT UP
[2026-07-31 05:48:39]   - [8404_bot] 상태: PID [71299]
[2026-07-31 05:48:39]   - [8405_ui] 상태: PID [2649] / PORT UP
[2026-07-31 05:48:39]   - [8405_bot] 상태: DOWN
[2026-07-31 05:48:39]   - [8407_ui] 상태: PID [2878] / PORT UP
[2026-07-31 05:48:39]   - [8407_bot] 상태: DOWN
[2026-07-31 05:48:39]   - [8408_ui] 상태: PID [80532] / PORT UP
[2026-07-31 05:48:39]   - [8408_bot] 상태: PID [80536]
[2026-07-31 05:48:39]   - [8409_ui] 상태: PID [58553] / PORT UP
[2026-07-31 05:48:39]   - [8409_bot] 상태: PID [71333]
[2026-07-31 05:53:40] ❌ [8405_bot] DOWN 감지 -> 즉시 단일 기동
[2026-07-31 05:53:40] ❌ [8407_bot] DOWN 감지 -> 즉시 단일 기동
[2026-07-31 05:53:40] ⏳ 신규 기동 타겟 안정화 대기 (15초)...
[2026-07-31 05:53:55]   - [8888_app] 상태: PID [39028] / PORT UP
[2026-07-31 05:53:55]   - [8401_ui] 상태: PID [59982] / PORT UP
[2026-07-31 05:53:55]   - [8401_bot] 상태: PID [59980]
[2026-07-31 05:53:55]   - [8402_ui] 상태: PID [60421] / PORT UP
[2026-07-31 05:53:55]   - [8402_bot] 상태: PID [71275]
[2026-07-31 05:53:55]   - [8403_ui] 상태: PID [80489] / PORT UP
[2026-07-31 05:53:55]   - [8403_bot] 상태: PID [80493]
[2026-07-31 05:53:55]   - [8404_ui] 상태: PID [62481] / PORT UP
[2026-07-31 05:53:55]   - [8404_bot] 상태: PID [71299]
[2026-07-31 05:53:55]   - [8405_ui] 상태: PID [2649] / PORT UP
[2026-07-31 05:53:55]   - [8405_bot] 상태: DOWN
[2026-07-31 05:53:55]   - [8407_ui] 상태: PID [2878] / PORT UP
[2026-07-31 05:53:55]   - [8407_bot] 상태: DOWN
[2026-07-31 05:53:55]   - [8408_ui] 상태: PID [80532] / PORT UP
[2026-07-31 05:53:56]   - [8408_bot] 상태: PID [80536]
[2026-07-31 05:53:56]   - [8409_ui] 상태: PID [58553] / PORT UP
[2026-07-31 05:53:56]   - [8409_bot] 상태: PID [71333]
[2026-07-31 05:58:56] ❌ [8405_bot] DOWN 감지 -> 즉시 단일 기동
[2026-07-31 05:58:56] ❌ [8407_bot] DOWN 감지 -> 즉시 단일 기동
[2026-07-31 05:58:56] ⏳ 신규 기동 타겟 안정화 대기 (15초)...
[2026-07-31 05:59:11]   - [8888_app] 상태: PID [39028] / PORT UP
[2026-07-31 05:59:11]   - [8401_ui] 상태: PID [59982] / PORT UP
[2026-07-31 05:59:11]   - [8401_bot] 상태: PID [59980]
[2026-07-31 05:59:11]   - [8402_ui] 상태: PID [60421] / PORT UP
[2026-07-31 05:59:11]   - [8402_bot] 상태: PID [71275]
[2026-07-31 05:59:12]   - [8403_ui] 상태: PID [80489] / PORT UP
[2026-07-31 05:59:12]   - [8403_bot] 상태: PID [80493]
[2026-07-31 05:59:12]   - [8404_ui] 상태: PID [62481] / PORT UP
[2026-07-31 05:59:12]   - [8404_bot] 상태: PID [71299]
[2026-07-31 05:59:12]   - [8405_ui] 상태: PID [2649] / PORT UP
[2026-07-31 05:59:12]   - [8405_bot] 상태: DOWN
[2026-07-31 05:59:12]   - [8407_ui] 상태: PID [2878] / PORT UP
[2026-07-31 05:59:12]   - [8407_bot] 상태: DOWN
[2026-07-31 05:59:12]   - [8408_ui] 상태: PID [80532] / PORT UP
[2026-07-31 05:59:12]   - [8408_bot] 상태: PID [80536]
[2026-07-31 05:59:12]   - [8409_ui] 상태: PID [58553] / PORT UP
[2026-07-31 05:59:12]   - [8409_bot] 상태: PID [71333]
[2026-07-31 06:04:12] ❌ [8405_bot] DOWN 감지 -> 즉시 단일 기동
[2026-07-31 06:04:12] ❌ [8407_bot] DOWN 감지 -> 즉시 단일 기동
[2026-07-31 06:04:13] ⏳ 신규 기동 타겟 안정화 대기 (15초)...
[2026-07-31 06:04:28]   - [8888_app] 상태: PID [39028] / PORT UP
[2026-07-31 06:04:28]   - [8401_ui] 상태: PID [59982] / PORT UP
[2026-07-31 06:04:28]   - [8401_bot] 상태: PID [59980]
[2026-07-31 06:04:28]   - [8402_ui] 상태: PID [60421] / PORT UP
[2026-07-31 06:04:28]   - [8402_bot] 상태: PID [71275]
[2026-07-31 06:04:28]   - [8403_ui] 상태: PID [80489] / PORT UP
[2026-07-31 06:04:28]   - [8403_bot] 상태: PID [80493]
[2026-07-31 06:04:28]   - [8404_ui] 상태: PID [62481] / PORT UP
[2026-07-31 06:04:28]   - [8404_bot] 상태: PID [71299]
[2026-07-31 06:04:28]   - [8405_ui] 상태: PID [2649] / PORT UP
[2026-07-31 06:04:28]   - [8405_bot] 상태: DOWN
[2026-07-31 06:04:28]   - [8407_ui] 상태: PID [2878] / PORT UP
[2026-07-31 06:04:28]   - [8407_bot] 상태: DOWN
[2026-07-31 06:04:28]   - [8408_ui] 상태: PID [80532] / PORT UP
[2026-07-31 06:04:28]   - [8408_bot] 상태: PID [80536]
[2026-07-31 06:04:28]   - [8409_ui] 상태: PID [58553] / PORT UP
[2026-07-31 06:04:28]   - [8409_bot] 상태: PID [71333]
[2026-07-31 06:09:29] ❌ [8405_bot] DOWN 감지 -> 즉시 단일 기동
[2026-07-31 06:09:29] ❌ [8407_bot] DOWN 감지 -> 즉시 단일 기동
[2026-07-31 06:09:29] ⏳ 신규 기동 타겟 안정화 대기 (15초)...
[2026-07-31 06:09:44]   - [8888_app] 상태: PID [39028] / PORT UP
[2026-07-31 06:09:44]   - [8401_ui] 상태: PID [59982] / PORT UP
[2026-07-31 06:09:44]   - [8401_bot] 상태: PID [59980]
[2026-07-31 06:09:44]   - [8402_ui] 상태: PID [60421] / PORT UP
[2026-07-31 06:09:44]   - [8402_bot] 상태: PID [71275]
[2026-07-31 06:09:44]   - [8403_ui] 상태: PID [80489] / PORT UP
[2026-07-31 06:09:44]   - [8403_bot] 상태: PID [80493]
[2026-07-31 06:09:44]   - [8404_ui] 상태: PID [62481] / PORT UP
[2026-07-31 06:09:44]   - [8404_bot] 상태: PID [71299]
[2026-07-31 06:09:44]   - [8405_ui] 상태: PID [2649] / PORT UP
[2026-07-31 06:09:44]   - [8405_bot] 상태: DOWN
[2026-07-31 06:09:44]   - [8407_ui] 상태: PID [2878] / PORT UP
[2026-07-31 06:09:44]   - [8407_bot] 상태: DOWN
[2026-07-31 06:09:44]   - [8408_ui] 상태: PID [80532] / PORT UP
[2026-07-31 06:09:44]   - [8408_bot] 상태: PID [80536]
[2026-07-31 06:09:44]   - [8409_ui] 상태: PID [58553] / PORT UP
[2026-07-31 06:09:45]   - [8409_bot] 상태: PID [71333]
[2026-07-31 06:14:45] ❌ [8405_bot] DOWN 감지 -> 즉시 단일 기동
[2026-07-31 06:14:45] ❌ [8407_bot] DOWN 감지 -> 즉시 단일 기동
[2026-07-31 06:14:45] ⏳ 신규 기동 타겟 안정화 대기 (15초)...
[2026-07-31 06:15:00]   - [8888_app] 상태: PID [39028] / PORT UP
[2026-07-31 06:15:00]   - [8401_ui] 상태: PID [59982] / PORT UP
[2026-07-31 06:15:00]   - [8401_bot] 상태: PID [59980]
[2026-07-31 06:15:00]   - [8402_ui] 상태: PID [60421] / PORT UP
[2026-07-31 06:15:00]   - [8402_bot] 상태: PID [71275]
[2026-07-31 06:15:00]   - [8403_ui] 상태: PID [80489] / PORT UP
[2026-07-31 06:15:00]   - [8403_bot] 상태: PID [80493]
[2026-07-31 06:15:00]   - [8404_ui] 상태: PID [62481] / PORT UP
[2026-07-31 06:15:01]   - [8404_bot] 상태: PID [71299]
[2026-07-31 06:15:01]   - [8405_ui] 상태: PID [2649] / PORT UP
[2026-07-31 06:15:01]   - [8405_bot] 상태: DOWN
[2026-07-31 06:15:01]   - [8407_ui] 상태: PID [2878] / PORT UP
[2026-07-31 06:15:01]   - [8407_bot] 상태: DOWN
[2026-07-31 06:15:01]   - [8408_ui] 상태: PID [80532] / PORT UP
[2026-07-31 06:15:01]   - [8408_bot] 상태: PID [80536]
[2026-07-31 06:15:01]   - [8409_ui] 상태: PID [58553] / PORT UP
[2026-07-31 06:15:01]   - [8409_bot] 상태: PID [71333]
[2026-07-31 06:20:01] ❌ [8405_bot] DOWN 감지 -> 즉시 단일 기동
[2026-07-31 06:20:01] ❌ [8407_bot] DOWN 감지 -> 즉시 단일 기동
[2026-07-31 06:20:02] ⏳ 신규 기동 타겟 안정화 대기 (15초)...
[2026-07-31 06:20:17]   - [8888_app] 상태: PID [39028] / PORT UP
[2026-07-31 06:20:17]   - [8401_ui] 상태: PID [59982] / PORT UP
[2026-07-31 06:20:17]   - [8401_bot] 상태: PID [59980]
[2026-07-31 06:20:17]   - [8402_ui] 상태: PID [60421] / PORT UP
[2026-07-31 06:20:17]   - [8402_bot] 상태: PID [71275]
[2026-07-31 06:20:17]   - [8403_ui] 상태: PID [80489] / PORT UP
[2026-07-31 06:20:17]   - [8403_bot] 상태: PID [80493]
[2026-07-31 06:20:17]   - [8404_ui] 상태: PID [62481] / PORT UP
[2026-07-31 06:20:17]   - [8404_bot] 상태: PID [71299]
[2026-07-31 06:20:17]   - [8405_ui] 상태: PID [2649] / PORT UP
[2026-07-31 06:20:17]   - [8405_bot] 상태: DOWN
[2026-07-31 06:20:17]   - [8407_ui] 상태: PID [2878] / PORT UP
[2026-07-31 06:20:17]   - [8407_bot] 상태: DOWN
[2026-07-31 06:20:17]   - [8408_ui] 상태: PID [80532] / PORT UP
[2026-07-31 06:20:17]   - [8408_bot] 상태: PID [80536]
[2026-07-31 06:20:17]   - [8409_ui] 상태: PID [58553] / PORT UP
[2026-07-31 06:20:17]   - [8409_bot] 상태: PID [71333]
[2026-07-31 06:25:18] ❌ [8405_bot] DOWN 감지 -> 즉시 단일 기동
[2026-07-31 06:25:18] ❌ [8407_bot] DOWN 감지 -> 즉시 단일 기동
[2026-07-31 06:25:18] ⏳ 신규 기동 타겟 안정화 대기 (15초)...
[2026-07-31 06:25:33]   - [8888_app] 상태: PID [39028] / PORT UP
[2026-07-31 06:25:33]   - [8401_ui] 상태: PID [59982] / PORT UP
[2026-07-31 06:25:33]   - [8401_bot] 상태: PID [59980]
[2026-07-31 06:25:33]   - [8402_ui] 상태: PID [60421] / PORT UP
[2026-07-31 06:25:33]   - [8402_bot] 상태: PID [71275]
[2026-07-31 06:25:33]   - [8403_ui] 상태: PID [80489] / PORT UP
[2026-07-31 06:25:33]   - [8403_bot] 상태: PID [80493]
[2026-07-31 06:25:33]   - [8404_ui] 상태: PID [62481] / PORT UP
[2026-07-31 06:25:33]   - [8404_bot] 상태: PID [71299]
[2026-07-31 06:25:33]   - [8405_ui] 상태: PID [2649] / PORT UP
[2026-07-31 06:25:33]   - [8405_bot] 상태: DOWN
[2026-07-31 06:25:33]   - [8407_ui] 상태: PID [2878] / PORT UP
[2026-07-31 06:25:33]   - [8407_bot] 상태: DOWN
[2026-07-31 06:25:33]   - [8408_ui] 상태: PID [80532] / PORT UP
[2026-07-31 06:25:33]   - [8408_bot] 상태: PID [80536]
[2026-07-31 06:25:34]   - [8409_ui] 상태: PID [58553] / PORT UP
[2026-07-31 06:25:34]   - [8409_bot] 상태: PID [71333]
[2026-07-31 06:30:34] ❌ [8405_bot] DOWN 감지 -> 즉시 단일 기동
[2026-07-31 06:30:34] ❌ [8407_bot] DOWN 감지 -> 즉시 단일 기동
[2026-07-31 06:30:34] ⏳ 신규 기동 타겟 안정화 대기 (15초)...
[2026-07-31 06:30:49]   - [8888_app] 상태: PID [39028] / PORT UP
[2026-07-31 06:30:49]   - [8401_ui] 상태: PID [59982] / PORT UP
[2026-07-31 06:30:49]   - [8401_bot] 상태: PID [59980]
[2026-07-31 06:30:49]   - [8402_ui] 상태: PID [60421] / PORT UP
[2026-07-31 06:30:49]   - [8402_bot] 상태: PID [71275]
[2026-07-31 06:30:49]   - [8403_ui] 상태: PID [80489] / PORT UP
[2026-07-31 06:30:50]   - [8403_bot] 상태: PID [80493]
[2026-07-31 06:30:50]   - [8404_ui] 상태: PID [62481] / PORT UP
[2026-07-31 06:30:50]   - [8404_bot] 상태: PID [71299]
[2026-07-31 06:30:50]   - [8405_ui] 상태: PID [2649] / PORT UP
[2026-07-31 06:30:50]   - [8405_bot] 상태: DOWN
[2026-07-31 06:30:50]   - [8407_ui] 상태: PID [2878] / PORT UP
[2026-07-31 06:30:50]   - [8407_bot] 상태: DOWN
[2026-07-31 06:30:50]   - [8408_ui] 상태: PID [80532] / PORT UP
[2026-07-31 06:30:50]   - [8408_bot] 상태: PID [80536]
[2026-07-31 06:30:50]   - [8409_ui] 상태: PID [58553] / PORT UP
[2026-07-31 06:30:50]   - [8409_bot] 상태: PID [71333]
[2026-07-31 06:35:50] ❌ [8405_bot] DOWN 감지 -> 즉시 단일 기동
[2026-07-31 06:35:50] ❌ [8407_bot] DOWN 감지 -> 즉시 단일 기동
[2026-07-31 06:35:50] ⏳ 신규 기동 타겟 안정화 대기 (15초)...
[2026-07-31 06:36:06]   - [8888_app] 상태: PID [39028] / PORT UP
[2026-07-31 06:36:06]   - [8401_ui] 상태: PID [59982] / PORT UP
[2026-07-31 06:36:06]   - [8401_bot] 상태: PID [59980]
[2026-07-31 06:36:06]   - [8402_ui] 상태: PID [60421] / PORT UP
[2026-07-31 06:36:06]   - [8402_bot] 상태: PID [71275]
[2026-07-31 06:36:06]   - [8403_ui] 상태: PID [80489] / PORT UP
[2026-07-31 06:36:06]   - [8403_bot] 상태: PID [80493]
[2026-07-31 06:36:06]   - [8404_ui] 상태: PID [62481] / PORT UP
[2026-07-31 06:36:06]   - [8404_bot] 상태: PID [71299]
[2026-07-31 06:36:06]   - [8405_ui] 상태: PID [2649] / PORT UP
[2026-07-31 06:36:06]   - [8405_bot] 상태: DOWN
[2026-07-31 06:36:06]   - [8407_ui] 상태: PID [2878] / PORT UP
[2026-07-31 06:36:06]   - [8407_bot] 상태: DOWN
[2026-07-31 06:36:06]   - [8408_ui] 상태: PID [80532] / PORT UP
[2026-07-31 06:36:06]   - [8408_bot] 상태: PID [80536]
[2026-07-31 06:36:06]   - [8409_ui] 상태: PID [58553] / PORT UP
[2026-07-31 06:36:06]   - [8409_bot] 상태: PID [71333]
[2026-07-31 06:41:07] ❌ [8405_bot] DOWN 감지 -> 즉시 단일 기동
[2026-07-31 06:41:07] ❌ [8407_bot] DOWN 감지 -> 즉시 단일 기동
[2026-07-31 06:41:07] ⏳ 신규 기동 타겟 안정화 대기 (15초)...
[2026-07-31 06:41:22]   - [8888_app] 상태: PID [39028] / PORT UP
[2026-07-31 06:41:22]   - [8401_ui] 상태: PID [59982] / PORT UP
[2026-07-31 06:41:22]   - [8401_bot] 상태: PID [59980]
[2026-07-31 06:41:22]   - [8402_ui] 상태: PID [60421] / PORT UP
[2026-07-31 06:41:22]   - [8402_bot] 상태: PID [71275]
[2026-07-31 06:41:22]   - [8403_ui] 상태: PID [80489] / PORT UP
[2026-07-31 06:41:22]   - [8403_bot] 상태: PID [80493]
[2026-07-31 06:41:22]   - [8404_ui] 상태: PID [62481] / PORT UP
[2026-07-31 06:41:22]   - [8404_bot] 상태: PID [71299]
[2026-07-31 06:41:22]   - [8405_ui] 상태: PID [2649] / PORT UP
[2026-07-31 06:41:22]   - [8405_bot] 상태: DOWN
[2026-07-31 06:41:22]   - [8407_ui] 상태: PID [2878] / PORT UP
[2026-07-31 06:41:22]   - [8407_bot] 상태: DOWN
[2026-07-31 06:41:22]   - [8408_ui] 상태: PID [80532] / PORT UP
[2026-07-31 06:41:22]   - [8408_bot] 상태: PID [80536]
[2026-07-31 06:41:22]   - [8409_ui] 상태: PID [58553] / PORT UP
[2026-07-31 06:41:23]   - [8409_bot] 상태: PID [71333]
[2026-07-31 06:46:23] ❌ [8405_bot] DOWN 감지 -> 즉시 단일 기동
[2026-07-31 06:46:23] ❌ [8407_bot] DOWN 감지 -> 즉시 단일 기동
[2026-07-31 06:46:23] ⏳ 신규 기동 타겟 안정화 대기 (15초)...
[2026-07-31 06:46:38]   - [8888_app] 상태: PID [39028] / PORT UP
[2026-07-31 06:46:38]   - [8401_ui] 상태: PID [59982] / PORT UP
[2026-07-31 06:46:38]   - [8401_bot] 상태: PID [59980]
[2026-07-31 06:46:38]   - [8402_ui] 상태: PID [60421] / PORT UP
[2026-07-31 06:46:38]   - [8402_bot] 상태: PID [71275]
[2026-07-31 06:46:38]   - [8403_ui] 상태: PID [80489] / PORT UP
[2026-07-31 06:46:38]   - [8403_bot] 상태: PID [80493]
[2026-07-31 06:46:38]   - [8404_ui] 상태: PID [62481] / PORT UP
[2026-07-31 06:46:39]   - [8404_bot] 상태: PID [71299]
[2026-07-31 06:46:39]   - [8405_ui] 상태: PID [2649] / PORT UP
[2026-07-31 06:46:39]   - [8405_bot] 상태: DOWN
[2026-07-31 06:46:39]   - [8407_ui] 상태: PID [2878] / PORT UP
[2026-07-31 06:46:39]   - [8407_bot] 상태: DOWN
[2026-07-31 06:46:39]   - [8408_ui] 상태: PID [80532] / PORT UP
[2026-07-31 06:46:39]   - [8408_bot] 상태: PID [80536]
[2026-07-31 06:46:39]   - [8409_ui] 상태: PID [58553] / PORT UP
[2026-07-31 06:46:39]   - [8409_bot] 상태: PID [71333]
[2026-07-31 06:51:39] ❌ [8405_bot] DOWN 감지 -> 즉시 단일 기동
[2026-07-31 06:51:39] ❌ [8407_bot] DOWN 감지 -> 즉시 단일 기동
[2026-07-31 06:51:39] ⏳ 신규 기동 타겟 안정화 대기 (15초)...
[2026-07-31 06:51:55]   - [8888_app] 상태: PID [39028] / PORT UP
[2026-07-31 06:51:55]   - [8401_ui] 상태: PID [59982] / PORT UP
[2026-07-31 06:51:55]   - [8401_bot] 상태: PID [59980]
[2026-07-31 06:51:55]   - [8402_ui] 상태: PID [60421] / PORT UP
[2026-07-31 06:51:55]   - [8402_bot] 상태: PID [71275]
[2026-07-31 06:51:55]   - [8403_ui] 상태: PID [80489] / PORT UP
[2026-07-31 06:51:55]   - [8403_bot] 상태: PID [80493]
[2026-07-31 06:51:55]   - [8404_ui] 상태: PID [62481] / PORT UP
[2026-07-31 06:51:55]   - [8404_bot] 상태: PID [71299]
[2026-07-31 06:51:55]   - [8405_ui] 상태: PID [2649] / PORT UP
[2026-07-31 06:51:55]   - [8405_bot] 상태: DOWN
[2026-07-31 06:51:55]   - [8407_ui] 상태: PID [2878] / PORT UP
[2026-07-31 06:51:55]   - [8407_bot] 상태: DOWN
[2026-07-31 06:51:55]   - [8408_ui] 상태: PID [80532] / PORT UP
[2026-07-31 06:51:55]   - [8408_bot] 상태: PID [80536]
[2026-07-31 06:51:55]   - [8409_ui] 상태: PID [58553] / PORT UP
[2026-07-31 06:51:55]   - [8409_bot] 상태: PID [71333]
[2026-07-31 06:56:56] ❌ [8405_bot] DOWN 감지 -> 즉시 단일 기동
[2026-07-31 06:56:56] ❌ [8407_bot] DOWN 감지 -> 즉시 단일 기동
[2026-07-31 06:56:56] ⏳ 신규 기동 타겟 안정화 대기 (15초)...
[2026-07-31 06:57:11]   - [8888_app] 상태: PID [39028] / PORT UP
[2026-07-31 06:57:11]   - [8401_ui] 상태: PID [59982] / PORT UP
[2026-07-31 06:57:11]   - [8401_bot] 상태: PID [59980]
[2026-07-31 06:57:11]   - [8402_ui] 상태: PID [60421] / PORT UP
[2026-07-31 06:57:11]   - [8402_bot] 상태: PID [71275]
[2026-07-31 06:57:11]   - [8403_ui] 상태: PID [80489] / PORT UP
[2026-07-31 06:57:11]   - [8403_bot] 상태: PID [80493]
[2026-07-31 06:57:11]   - [8404_ui] 상태: PID [62481] / PORT UP
[2026-07-31 06:57:11]   - [8404_bot] 상태: PID [71299]
[2026-07-31 06:57:11]   - [8405_ui] 상태: PID [2649] / PORT UP
[2026-07-31 06:57:11]   - [8405_bot] 상태: DOWN
[2026-07-31 06:57:11]   - [8407_ui] 상태: PID [2878] / PORT UP
[2026-07-31 06:57:11]   - [8407_bot] 상태: DOWN
[2026-07-31 06:57:11]   - [8408_ui] 상태: PID [80532] / PORT UP
[2026-07-31 06:57:11]   - [8408_bot] 상태: PID [80536]
[2026-07-31 06:57:11]   - [8409_ui] 상태: PID [58553] / PORT UP
[2026-07-31 06:57:11]   - [8409_bot] 상태: PID [71333]
[2026-07-31 07:02:12] ❌ [8405_bot] DOWN 감지 -> 즉시 단일 기동
[2026-07-31 07:02:12] ❌ [8407_bot] DOWN 감지 -> 즉시 단일 기동
[2026-07-31 07:02:12] ⏳ 신규 기동 타겟 안정화 대기 (15초)...
[2026-07-31 07:02:27]   - [8888_app] 상태: PID [39028] / PORT UP
[2026-07-31 07:02:27]   - [8401_ui] 상태: PID [59982] / PORT UP
[2026-07-31 07:02:27]   - [8401_bot] 상태: PID [59980]
[2026-07-31 07:02:27]   - [8402_ui] 상태: PID [60421] / PORT UP
[2026-07-31 07:02:27]   - [8402_bot] 상태: PID [71275]
[2026-07-31 07:02:27]   - [8403_ui] 상태: PID [80489] / PORT UP
[2026-07-31 07:02:27]   - [8403_bot] 상태: PID [80493]
[2026-07-31 07:02:27]   - [8404_ui] 상태: PID [62481] / PORT UP
[2026-07-31 07:02:27]   - [8404_bot] 상태: PID [71299]
[2026-07-31 07:02:27]   - [8405_ui] 상태: PID [2649] / PORT UP
[2026-07-31 07:02:27]   - [8405_bot] 상태: DOWN
[2026-07-31 07:02:28]   - [8407_ui] 상태: PID [2878] / PORT UP
[2026-07-31 07:02:28]   - [8407_bot] 상태: DOWN
[2026-07-31 07:02:28]   - [8408_ui] 상태: PID [80532] / PORT UP
[2026-07-31 07:02:28]   - [8408_bot] 상태: PID [80536]
[2026-07-31 07:02:28]   - [8409_ui] 상태: PID [58553] / PORT UP
[2026-07-31 07:02:28]   - [8409_bot] 상태: PID [71333]
[2026-07-31 07:07:28] ❌ [8405_bot] DOWN 감지 -> 즉시 단일 기동
[2026-07-31 07:07:28] ❌ [8407_bot] DOWN 감지 -> 즉시 단일 기동
[2026-07-31 07:07:28] ⏳ 신규 기동 타겟 안정화 대기 (15초)...
[2026-07-31 07:07:43]   - [8888_app] 상태: PID [39028] / PORT UP
[2026-07-31 07:07:44]   - [8401_ui] 상태: PID [59982] / PORT UP
[2026-07-31 07:07:44]   - [8401_bot] 상태: PID [59980]
[2026-07-31 07:07:44]   - [8402_ui] 상태: PID [60421] / PORT UP
[2026-07-31 07:07:44]   - [8402_bot] 상태: PID [71275]
[2026-07-31 07:07:44]   - [8403_ui] 상태: PID [80489] / PORT UP
[2026-07-31 07:07:44]   - [8403_bot] 상태: PID [80493]
[2026-07-31 07:07:44]   - [8404_ui] 상태: PID [62481] / PORT UP
[2026-07-31 07:07:44]   - [8404_bot] 상태: PID [71299]
[2026-07-31 07:07:44]   - [8405_ui] 상태: PID [2649] / PORT UP
[2026-07-31 07:07:44]   - [8405_bot] 상태: DOWN
[2026-07-31 07:07:44]   - [8407_ui] 상태: PID [2878] / PORT UP
[2026-07-31 07:07:44]   - [8407_bot] 상태: DOWN
[2026-07-31 07:07:44]   - [8408_ui] 상태: PID [80532] / PORT UP
[2026-07-31 07:07:44]   - [8408_bot] 상태: PID [80536]
[2026-07-31 07:07:44]   - [8409_ui] 상태: PID [58553] / PORT UP
[2026-07-31 07:07:44]   - [8409_bot] 상태: PID [71333]
[2026-07-31 07:12:44] ❌ [8405_bot] DOWN 감지 -> 즉시 단일 기동
[2026-07-31 07:12:45] ❌ [8407_bot] DOWN 감지 -> 즉시 단일 기동
[2026-07-31 07:12:45] ⏳ 신규 기동 타겟 안정화 대기 (15초)...
[2026-07-31 07:13:00]   - [8888_app] 상태: PID [39028] / PORT UP
[2026-07-31 07:13:00]   - [8401_ui] 상태: PID [59982] / PORT UP
[2026-07-31 07:13:00]   - [8401_bot] 상태: PID [59980]
[2026-07-31 07:13:00]   - [8402_ui] 상태: PID [60421] / PORT UP
[2026-07-31 07:13:00]   - [8402_bot] 상태: PID [71275]
[2026-07-31 07:13:00]   - [8403_ui] 상태: PID [80489] / PORT UP
[2026-07-31 07:13:00]   - [8403_bot] 상태: PID [80493]
[2026-07-31 07:13:00]   - [8404_ui] 상태: PID [62481] / PORT UP
[2026-07-31 07:13:00]   - [8404_bot] 상태: PID [71299]
[2026-07-31 07:13:00]   - [8405_ui] 상태: PID [2649] / PORT UP
[2026-07-31 07:13:00]   - [8405_bot] 상태: DOWN
[2026-07-31 07:13:00]   - [8407_ui] 상태: PID [2878] / PORT UP
[2026-07-31 07:13:00]   - [8407_bot] 상태: DOWN
[2026-07-31 07:13:00]   - [8408_ui] 상태: PID [80532] / PORT UP
[2026-07-31 07:13:00]   - [8408_bot] 상태: PID [80536]
[2026-07-31 07:13:00]   - [8409_ui] 상태: PID [58553] / PORT UP
[2026-07-31 07:13:00]   - [8409_bot] 상태: PID [71333]
[2026-07-31 07:18:01] ❌ [8405_bot] DOWN 감지 -> 즉시 단일 기동
[2026-07-31 07:18:01] ❌ [8407_bot] DOWN 감지 -> 즉시 단일 기동
[2026-07-31 07:18:01] ⏳ 신규 기동 타겟 안정화 대기 (15초)...
[2026-07-31 07:18:16]   - [8888_app] 상태: PID [39028] / PORT UP
[2026-07-31 07:18:16]   - [8401_ui] 상태: PID [59982] / PORT UP
[2026-07-31 07:18:16]   - [8401_bot] 상태: PID [59980]
[2026-07-31 07:18:16]   - [8402_ui] 상태: PID [60421] / PORT UP
[2026-07-31 07:18:16]   - [8402_bot] 상태: PID [71275]
[2026-07-31 07:18:16]   - [8403_ui] 상태: PID [80489] / PORT UP
[2026-07-31 07:18:16]   - [8403_bot] 상태: PID [80493]
[2026-07-31 07:18:16]   - [8404_ui] 상태: PID [62481] / PORT UP
[2026-07-31 07:18:16]   - [8404_bot] 상태: PID [71299]
[2026-07-31 07:18:16]   - [8405_ui] 상태: PID [2649] / PORT UP
[2026-07-31 07:18:16]   - [8405_bot] 상태: DOWN
[2026-07-31 07:18:16]   - [8407_ui] 상태: PID [2878] / PORT UP
[2026-07-31 07:18:16]   - [8407_bot] 상태: DOWN
[2026-07-31 07:18:17]   - [8408_ui] 상태: PID [80532] / PORT UP
[2026-07-31 07:18:17]   - [8408_bot] 상태: PID [80536]
[2026-07-31 07:18:17]   - [8409_ui] 상태: PID [58553] / PORT UP
[2026-07-31 07:18:17]   - [8409_bot] 상태: PID [71333]
[2026-07-31 07:23:17] ❌ [8405_bot] DOWN 감지 -> 즉시 단일 기동
[2026-07-31 07:23:17] ❌ [8407_bot] DOWN 감지 -> 즉시 단일 기동
[2026-07-31 07:23:17] ⏳ 신규 기동 타겟 안정화 대기 (15초)...
[2026-07-31 07:23:32]   - [8888_app] 상태: PID [39028] / PORT UP
[2026-07-31 07:23:32]   - [8401_ui] 상태: PID [59982] / PORT UP
[2026-07-31 07:23:32]   - [8401_bot] 상태: PID [59980]
[2026-07-31 07:23:32]   - [8402_ui] 상태: PID [60421] / PORT UP
[2026-07-31 07:23:33]   - [8402_bot] 상태: PID [71275]
[2026-07-31 07:23:33]   - [8403_ui] 상태: PID [80489] / PORT UP
[2026-07-31 07:23:33]   - [8403_bot] 상태: PID [80493]
[2026-07-31 07:23:33]   - [8404_ui] 상태: PID [62481] / PORT UP
[2026-07-31 07:23:33]   - [8404_bot] 상태: PID [71299]
[2026-07-31 07:23:33]   - [8405_ui] 상태: PID [2649] / PORT UP
[2026-07-31 07:23:33]   - [8405_bot] 상태: DOWN
[2026-07-31 07:23:33]   - [8407_ui] 상태: PID [2878] / PORT UP
[2026-07-31 07:23:33]   - [8407_bot] 상태: DOWN
[2026-07-31 07:23:33]   - [8408_ui] 상태: PID [80532] / PORT UP
[2026-07-31 07:23:33]   - [8408_bot] 상태: PID [80536]
[2026-07-31 07:23:33]   - [8409_ui] 상태: PID [58553] / PORT UP
[2026-07-31 07:23:33]   - [8409_bot] 상태: PID [71333]
[2026-07-31 07:28:33] ❌ [8405_bot] DOWN 감지 -> 즉시 단일 기동
[2026-07-31 07:28:34] ❌ [8407_bot] DOWN 감지 -> 즉시 단일 기동
[2026-07-31 07:28:34] ⏳ 신규 기동 타겟 안정화 대기 (15초)...
[2026-07-31 07:28:49]   - [8888_app] 상태: PID [39028] / PORT UP
[2026-07-31 07:28:49]   - [8401_ui] 상태: PID [59982] / PORT UP
[2026-07-31 07:28:49]   - [8401_bot] 상태: PID [59980]
[2026-07-31 07:28:49]   - [8402_ui] 상태: PID [60421] / PORT UP
[2026-07-31 07:28:49]   - [8402_bot] 상태: PID [71275]
[2026-07-31 07:28:49]   - [8403_ui] 상태: PID [80489] / PORT UP
[2026-07-31 07:28:49]   - [8403_bot] 상태: PID [80493]
[2026-07-31 07:28:49]   - [8404_ui] 상태: PID [62481] / PORT UP
[2026-07-31 07:28:49]   - [8404_bot] 상태: PID [71299]
[2026-07-31 07:28:49]   - [8405_ui] 상태: PID [2649] / PORT UP
[2026-07-31 07:28:49]   - [8405_bot] 상태: DOWN
[2026-07-31 07:28:49]   - [8407_ui] 상태: PID [2878] / PORT UP
[2026-07-31 07:28:49]   - [8407_bot] 상태: DOWN
[2026-07-31 07:28:49]   - [8408_ui] 상태: PID [80532] / PORT UP
[2026-07-31 07:28:49]   - [8408_bot] 상태: PID [80536]
[2026-07-31 07:28:49]   - [8409_ui] 상태: PID [58553] / PORT UP
[2026-07-31 07:28:49]   - [8409_bot] 상태: PID [71333]
[2026-07-31 07:33:50] ❌ [8405_bot] DOWN 감지 -> 즉시 단일 기동
[2026-07-31 07:33:50] ❌ [8407_bot] DOWN 감지 -> 즉시 단일 기동
[2026-07-31 07:33:50] ⏳ 신규 기동 타겟 안정화 대기 (15초)...
[2026-07-31 07:34:05]   - [8888_app] 상태: PID [39028] / PORT UP
[2026-07-31 07:34:05]   - [8401_ui] 상태: PID [59982] / PORT UP
[2026-07-31 07:34:05]   - [8401_bot] 상태: PID [59980]
[2026-07-31 07:34:05]   - [8402_ui] 상태: PID [60421] / PORT UP
[2026-07-31 07:34:05]   - [8402_bot] 상태: PID [71275]
[2026-07-31 07:34:05]   - [8403_ui] 상태: PID [80489] / PORT UP
[2026-07-31 07:34:05]   - [8403_bot] 상태: PID [80493]
[2026-07-31 07:34:05]   - [8404_ui] 상태: PID [62481] / PORT UP
[2026-07-31 07:34:05]   - [8404_bot] 상태: PID [71299]
[2026-07-31 07:34:05]   - [8405_ui] 상태: PID [2649] / PORT UP
[2026-07-31 07:34:05]   - [8405_bot] 상태: DOWN
[2026-07-31 07:34:05]   - [8407_ui] 상태: PID [2878] / PORT UP
[2026-07-31 07:34:05]   - [8407_bot] 상태: DOWN
[2026-07-31 07:34:05]   - [8408_ui] 상태: PID [80532] / PORT UP
[2026-07-31 07:34:05]   - [8408_bot] 상태: PID [80536]
[2026-07-31 07:34:05]   - [8409_ui] 상태: PID [58553] / PORT UP
[2026-07-31 07:34:06]   - [8409_bot] 상태: PID [71333]
[2026-07-31 07:39:06] ❌ [8405_bot] DOWN 감지 -> 즉시 단일 기동
[2026-07-31 07:39:06] ❌ [8407_bot] DOWN 감지 -> 즉시 단일 기동
[2026-07-31 07:39:06] ⏳ 신규 기동 타겟 안정화 대기 (15초)...
[2026-07-31 07:39:21]   - [8888_app] 상태: PID [39028] / PORT UP
[2026-07-31 07:39:21]   - [8401_ui] 상태: PID [59982] / PORT UP
[2026-07-31 07:39:21]   - [8401_bot] 상태: PID [59980]
[2026-07-31 07:39:21]   - [8402_ui] 상태: PID [60421] / PORT UP
[2026-07-31 07:39:21]   - [8402_bot] 상태: PID [71275]
[2026-07-31 07:39:21]   - [8403_ui] 상태: PID [80489] / PORT UP
[2026-07-31 07:39:21]   - [8403_bot] 상태: PID [80493]
[2026-07-31 07:39:21]   - [8404_ui] 상태: PID [62481] / PORT UP
[2026-07-31 07:39:22]   - [8404_bot] 상태: PID [71299]
[2026-07-31 07:39:22]   - [8405_ui] 상태: PID [2649] / PORT UP
[2026-07-31 07:39:22]   - [8405_bot] 상태: DOWN
[2026-07-31 07:39:22]   - [8407_ui] 상태: PID [2878] / PORT UP
[2026-07-31 07:39:22]   - [8407_bot] 상태: DOWN
[2026-07-31 07:39:22]   - [8408_ui] 상태: PID [80532] / PORT UP
[2026-07-31 07:39:22]   - [8408_bot] 상태: PID [80536]
[2026-07-31 07:39:22]   - [8409_ui] 상태: PID [58553] / PORT UP
[2026-07-31 07:39:22]   - [8409_bot] 상태: PID [71333]
[2026-07-31 07:44:22] ❌ [8405_bot] DOWN 감지 -> 즉시 단일 기동
[2026-07-31 07:44:22] ❌ [8407_bot] DOWN 감지 -> 즉시 단일 기동
[2026-07-31 07:44:22] ⏳ 신규 기동 타겟 안정화 대기 (15초)...
[2026-07-31 07:44:38]   - [8888_app] 상태: PID [39028] / PORT UP
[2026-07-31 07:44:38]   - [8401_ui] 상태: PID [59982] / PORT UP
[2026-07-31 07:44:38]   - [8401_bot] 상태: PID [59980]
[2026-07-31 07:44:38]   - [8402_ui] 상태: PID [60421] / PORT UP
[2026-07-31 07:44:38]   - [8402_bot] 상태: PID [71275]
[2026-07-31 07:44:38]   - [8403_ui] 상태: PID [80489] / PORT UP
[2026-07-31 07:44:38]   - [8403_bot] 상태: PID [80493]
[2026-07-31 07:44:38]   - [8404_ui] 상태: PID [62481] / PORT UP
[2026-07-31 07:44:38]   - [8404_bot] 상태: PID [71299]
[2026-07-31 07:44:38]   - [8405_ui] 상태: PID [2649] / PORT UP
[2026-07-31 07:44:38]   - [8405_bot] 상태: DOWN
[2026-07-31 07:44:38]   - [8407_ui] 상태: PID [2878] / PORT UP
[2026-07-31 07:44:38]   - [8407_bot] 상태: DOWN
[2026-07-31 07:44:38]   - [8408_ui] 상태: PID [80532] / PORT UP
[2026-07-31 07:44:38]   - [8408_bot] 상태: PID [80536]
[2026-07-31 07:44:38]   - [8409_ui] 상태: PID [58553] / PORT UP
[2026-07-31 07:44:38]   - [8409_bot] 상태: PID [71333]
[2026-07-31 07:49:39] ❌ [8405_bot] DOWN 감지 -> 즉시 단일 기동
[2026-07-31 07:49:39] ❌ [8407_bot] DOWN 감지 -> 즉시 단일 기동
[2026-07-31 07:49:39] ⏳ 신규 기동 타겟 안정화 대기 (15초)...
[2026-07-31 07:49:54]   - [8888_app] 상태: PID [39028] / PORT UP
[2026-07-31 07:49:54]   - [8401_ui] 상태: PID [59982] / PORT UP
[2026-07-31 07:49:54]   - [8401_bot] 상태: PID [59980]
[2026-07-31 07:49:54]   - [8402_ui] 상태: PID [60421] / PORT UP
[2026-07-31 07:49:54]   - [8402_bot] 상태: PID [71275]
[2026-07-31 07:49:54]   - [8403_ui] 상태: PID [80489] / PORT UP
[2026-07-31 07:49:54]   - [8403_bot] 상태: PID [80493]
[2026-07-31 07:49:54]   - [8404_ui] 상태: PID [62481] / PORT UP
[2026-07-31 07:49:54]   - [8404_bot] 상태: PID [71299]
[2026-07-31 07:49:54]   - [8405_ui] 상태: PID [2649] / PORT UP
[2026-07-31 07:49:54]   - [8405_bot] 상태: DOWN
[2026-07-31 07:49:54]   - [8407_ui] 상태: PID [2878] / PORT UP
[2026-07-31 07:49:54]   - [8407_bot] 상태: DOWN
[2026-07-31 07:49:54]   - [8408_ui] 상태: PID [80532] / PORT UP
[2026-07-31 07:49:54]   - [8408_bot] 상태: PID [80536]
[2026-07-31 07:49:54]   - [8409_ui] 상태: PID [58553] / PORT UP
[2026-07-31 07:49:54]   - [8409_bot] 상태: PID [71333]
[2026-07-31 07:54:55] ❌ [8405_bot] DOWN 감지 -> 즉시 단일 기동
[2026-07-31 07:54:55] ❌ [8407_bot] DOWN 감지 -> 즉시 단일 기동
[2026-07-31 07:54:55] ⏳ 신규 기동 타겟 안정화 대기 (15초)...
[2026-07-31 07:55:10]   - [8888_app] 상태: PID [39028] / PORT UP
[2026-07-31 07:55:10]   - [8401_ui] 상태: PID [59982] / PORT UP
[2026-07-31 07:55:10]   - [8401_bot] 상태: PID [59980]
[2026-07-31 07:55:10]   - [8402_ui] 상태: PID [60421] / PORT UP
[2026-07-31 07:55:10]   - [8402_bot] 상태: PID [71275]
[2026-07-31 07:55:10]   - [8403_ui] 상태: PID [80489] / PORT UP
[2026-07-31 07:55:10]   - [8403_bot] 상태: PID [80493]
[2026-07-31 07:55:10]   - [8404_ui] 상태: PID [62481] / PORT UP
[2026-07-31 07:55:10]   - [8404_bot] 상태: PID [71299]
[2026-07-31 07:55:11]   - [8405_ui] 상태: PID [2649] / PORT UP
[2026-07-31 07:55:11]   - [8405_bot] 상태: DOWN
[2026-07-31 07:55:11]   - [8407_ui] 상태: PID [2878] / PORT UP
[2026-07-31 07:55:11]   - [8407_bot] 상태: DOWN
[2026-07-31 07:55:11]   - [8408_ui] 상태: PID [80532] / PORT UP
[2026-07-31 07:55:11]   - [8408_bot] 상태: PID [80536]
[2026-07-31 07:55:11]   - [8409_ui] 상태: PID [58553] / PORT UP
[2026-07-31 07:55:11]   - [8409_bot] 상태: PID [71333]
[2026-07-31 08:00:11] ❌ [8405_bot] DOWN 감지 -> 즉시 단일 기동
[2026-07-31 08:00:11] ❌ [8407_bot] DOWN 감지 -> 즉시 단일 기동
[2026-07-31 08:00:11] ⏳ 신규 기동 타겟 안정화 대기 (15초)...
[2026-07-31 08:00:26]   - [8888_app] 상태: PID [39028] / PORT UP
[2026-07-31 08:00:27]   - [8401_ui] 상태: PID [59982] / PORT UP
[2026-07-31 08:00:27]   - [8401_bot] 상태: PID [59980]
[2026-07-31 08:00:27]   - [8402_ui] 상태: PID [60421] / PORT UP
[2026-07-31 08:00:27]   - [8402_bot] 상태: PID [71275]
[2026-07-31 08:00:27]   - [8403_ui] 상태: PID [80489] / PORT UP
[2026-07-31 08:00:27]   - [8403_bot] 상태: PID [80493]
[2026-07-31 08:00:27]   - [8404_ui] 상태: PID [62481] / PORT UP
[2026-07-31 08:00:27]   - [8404_bot] 상태: PID [71299]
[2026-07-31 08:00:27]   - [8405_ui] 상태: PID [2649] / PORT UP
[2026-07-31 08:00:27]   - [8405_bot] 상태: DOWN
[2026-07-31 08:00:27]   - [8407_ui] 상태: PID [2878] / PORT UP
[2026-07-31 08:00:27]   - [8407_bot] 상태: DOWN
[2026-07-31 08:00:27]   - [8408_ui] 상태: PID [80532] / PORT UP
[2026-07-31 08:00:27]   - [8408_bot] 상태: PID [80536]
[2026-07-31 08:00:27]   - [8409_ui] 상태: PID [58553] / PORT UP
[2026-07-31 08:00:27]   - [8409_bot] 상태: PID [71333]
[2026-07-31 08:05:28] ❌ [8405_bot] DOWN 감지 -> 즉시 단일 기동
[2026-07-31 08:05:28] ❌ [8407_bot] DOWN 감지 -> 즉시 단일 기동
[2026-07-31 08:05:28] ⏳ 신규 기동 타겟 안정화 대기 (15초)...
[2026-07-31 08:05:43]   - [8888_app] 상태: PID [39028] / PORT UP
[2026-07-31 08:05:43]   - [8401_ui] 상태: PID [59982] / PORT UP
[2026-07-31 08:05:43]   - [8401_bot] 상태: PID [59980]
[2026-07-31 08:05:43]   - [8402_ui] 상태: PID [60421] / PORT UP
[2026-07-31 08:05:43]   - [8402_bot] 상태: PID [71275]
[2026-07-31 08:05:43]   - [8403_ui] 상태: PID [80489] / PORT UP
[2026-07-31 08:05:43]   - [8403_bot] 상태: PID [80493]
[2026-07-31 08:05:43]   - [8404_ui] 상태: PID [62481] / PORT UP
[2026-07-31 08:05:43]   - [8404_bot] 상태: PID [71299]
[2026-07-31 08:05:43]   - [8405_ui] 상태: PID [2649] / PORT UP
[2026-07-31 08:05:43]   - [8405_bot] 상태: DOWN
[2026-07-31 08:05:43]   - [8407_ui] 상태: PID [2878] / PORT UP
[2026-07-31 08:05:43]   - [8407_bot] 상태: DOWN
[2026-07-31 08:05:43]   - [8408_ui] 상태: PID [80532] / PORT UP
[2026-07-31 08:05:43]   - [8408_bot] 상태: PID [80536]
[2026-07-31 08:05:43]   - [8409_ui] 상태: PID [58553] / PORT UP
[2026-07-31 08:05:43]   - [8409_bot] 상태: PID [71333]
[2026-07-31 08:10:44] ❌ [8405_bot] DOWN 감지 -> 즉시 단일 기동
[2026-07-31 08:10:44] ❌ [8407_bot] DOWN 감지 -> 즉시 단일 기동
[2026-07-31 08:10:44] ⏳ 신규 기동 타겟 안정화 대기 (15초)...
[2026-07-31 08:10:59]   - [8888_app] 상태: PID [39028] / PORT UP
[2026-07-31 08:10:59]   - [8401_ui] 상태: PID [59982] / PORT UP
[2026-07-31 08:10:59]   - [8401_bot] 상태: PID [59980]
[2026-07-31 08:10:59]   - [8402_ui] 상태: PID [60421] / PORT UP
[2026-07-31 08:10:59]   - [8402_bot] 상태: PID [71275]
[2026-07-31 08:10:59]   - [8403_ui] 상태: PID [80489] / PORT UP
[2026-07-31 08:10:59]   - [8403_bot] 상태: PID [80493]
[2026-07-31 08:10:59]   - [8404_ui] 상태: PID [62481] / PORT UP
[2026-07-31 08:10:59]   - [8404_bot] 상태: PID [71299]
[2026-07-31 08:10:59]   - [8405_ui] 상태: PID [2649] / PORT UP
[2026-07-31 08:10:59]   - [8405_bot] 상태: DOWN
[2026-07-31 08:11:00]   - [8407_ui] 상태: PID [2878] / PORT UP
[2026-07-31 08:11:00]   - [8407_bot] 상태: DOWN
[2026-07-31 08:11:00]   - [8408_ui] 상태: PID [80532] / PORT UP
[2026-07-31 08:11:00]   - [8408_bot] 상태: PID [80536]
[2026-07-31 08:11:00]   - [8409_ui] 상태: PID [58553] / PORT UP
[2026-07-31 08:11:00]   - [8409_bot] 상태: PID [71333]
[2026-07-31 08:16:00] ❌ [8405_bot] DOWN 감지 -> 즉시 단일 기동
[2026-07-31 08:16:00] ❌ [8407_bot] DOWN 감지 -> 즉시 단일 기동
[2026-07-31 08:16:00] ⏳ 신규 기동 타겟 안정화 대기 (15초)...
[2026-07-31 08:16:15]   - [8888_app] 상태: PID [39028] / PORT UP
[2026-07-31 08:16:16]   - [8401_ui] 상태: PID [59982] / PORT UP
[2026-07-31 08:16:16]   - [8401_bot] 상태: PID [59980]
[2026-07-31 08:16:16]   - [8402_ui] 상태: PID [60421] / PORT UP
[2026-07-31 08:16:16]   - [8402_bot] 상태: PID [71275]
[2026-07-31 08:16:16]   - [8403_ui] 상태: PID [80489] / PORT UP
[2026-07-31 08:16:16]   - [8403_bot] 상태: PID [80493]
[2026-07-31 08:16:16]   - [8404_ui] 상태: PID [62481] / PORT UP
[2026-07-31 08:16:16]   - [8404_bot] 상태: PID [71299]
[2026-07-31 08:16:16]   - [8405_ui] 상태: PID [2649] / PORT UP
[2026-07-31 08:16:16]   - [8405_bot] 상태: DOWN
[2026-07-31 08:16:16]   - [8407_ui] 상태: PID [2878] / PORT UP
[2026-07-31 08:16:16]   - [8407_bot] 상태: DOWN
[2026-07-31 08:16:16]   - [8408_ui] 상태: PID [80532] / PORT UP
[2026-07-31 08:16:16]   - [8408_bot] 상태: PID [80536]
[2026-07-31 08:16:16]   - [8409_ui] 상태: PID [58553] / PORT UP
[2026-07-31 08:16:16]   - [8409_bot] 상태: PID [71333]
[2026-07-31 08:21:17] ❌ [8405_bot] DOWN 감지 -> 즉시 단일 기동
[2026-07-31 08:21:17] ❌ [8407_bot] DOWN 감지 -> 즉시 단일 기동
[2026-07-31 08:21:17] ⏳ 신규 기동 타겟 안정화 대기 (15초)...
[2026-07-31 08:21:32]   - [8888_app] 상태: PID [39028] / PORT UP
[2026-07-31 08:21:32]   - [8401_ui] 상태: PID [59982] / PORT UP
[2026-07-31 08:21:32]   - [8401_bot] 상태: PID [59980]
[2026-07-31 08:21:32]   - [8402_ui] 상태: PID [60421] / PORT UP
[2026-07-31 08:21:32]   - [8402_bot] 상태: PID [71275]
[2026-07-31 08:21:32]   - [8403_ui] 상태: PID [80489] / PORT UP
[2026-07-31 08:21:32]   - [8403_bot] 상태: PID [80493]
[2026-07-31 08:21:32]   - [8404_ui] 상태: PID [62481] / PORT UP
[2026-07-31 08:21:32]   - [8404_bot] 상태: PID [71299]
[2026-07-31 08:21:32]   - [8405_ui] 상태: PID [2649] / PORT UP
[2026-07-31 08:21:32]   - [8405_bot] 상태: DOWN
[2026-07-31 08:21:32]   - [8407_ui] 상태: PID [2878] / PORT UP
[2026-07-31 08:21:32]   - [8407_bot] 상태: DOWN
[2026-07-31 08:21:32]   - [8408_ui] 상태: PID [80532] / PORT UP
[2026-07-31 08:21:32]   - [8408_bot] 상태: PID [80536]
[2026-07-31 08:21:32]   - [8409_ui] 상태: PID [58553] / PORT UP
[2026-07-31 08:21:33]   - [8409_bot] 상태: PID [71333]
[2026-07-31 08:26:33] ❌ [8405_bot] DOWN 감지 -> 즉시 단일 기동
[2026-07-31 08:26:33] ❌ [8407_bot] DOWN 감지 -> 즉시 단일 기동
[2026-07-31 08:26:33] ⏳ 신규 기동 타겟 안정화 대기 (15초)...
[2026-07-31 08:26:48]   - [8888_app] 상태: PID [39028] / PORT UP
[2026-07-31 08:26:48]   - [8401_ui] 상태: PID [59982] / PORT UP
[2026-07-31 08:26:48]   - [8401_bot] 상태: PID [59980]
[2026-07-31 08:26:48]   - [8402_ui] 상태: PID [60421] / PORT UP
[2026-07-31 08:26:48]   - [8402_bot] 상태: PID [71275]
[2026-07-31 08:26:48]   - [8403_ui] 상태: PID [80489] / PORT UP
[2026-07-31 08:26:49]   - [8403_bot] 상태: PID [80493]
[2026-07-31 08:26:49]   - [8404_ui] 상태: PID [62481] / PORT UP
[2026-07-31 08:26:49]   - [8404_bot] 상태: PID [71299]
[2026-07-31 08:26:49]   - [8405_ui] 상태: PID [2649] / PORT UP
[2026-07-31 08:26:49]   - [8405_bot] 상태: DOWN
[2026-07-31 08:26:49]   - [8407_ui] 상태: PID [2878] / PORT UP
[2026-07-31 08:26:49]   - [8407_bot] 상태: DOWN
[2026-07-31 08:26:49]   - [8408_ui] 상태: PID [80532] / PORT UP
[2026-07-31 08:26:49]   - [8408_bot] 상태: PID [80536]
[2026-07-31 08:26:49]   - [8409_ui] 상태: PID [58553] / PORT UP
[2026-07-31 08:26:49]   - [8409_bot] 상태: PID [71333]
[2026-07-31 08:31:49] ❌ [8405_bot] DOWN 감지 -> 즉시 단일 기동
[2026-07-31 08:31:49] ❌ [8407_bot] DOWN 감지 -> 즉시 단일 기동
[2026-07-31 08:31:50] ⏳ 신규 기동 타겟 안정화 대기 (15초)...
[2026-07-31 08:32:05]   - [8888_app] 상태: PID [39028] / PORT UP
[2026-07-31 08:32:05]   - [8401_ui] 상태: PID [59982] / PORT UP
[2026-07-31 08:32:05]   - [8401_bot] 상태: PID [59980]
[2026-07-31 08:32:05]   - [8402_ui] 상태: PID [60421] / PORT UP
[2026-07-31 08:32:05]   - [8402_bot] 상태: PID [71275]
[2026-07-31 08:32:05]   - [8403_ui] 상태: PID [80489] / PORT UP
[2026-07-31 08:32:05]   - [8403_bot] 상태: PID [80493]
[2026-07-31 08:32:05]   - [8404_ui] 상태: PID [62481] / PORT UP
[2026-07-31 08:32:05]   - [8404_bot] 상태: PID [71299]
[2026-07-31 08:32:05]   - [8405_ui] 상태: PID [2649] / PORT UP
[2026-07-31 08:32:05]   - [8405_bot] 상태: DOWN
[2026-07-31 08:32:05]   - [8407_ui] 상태: PID [2878] / PORT UP
[2026-07-31 08:32:05]   - [8407_bot] 상태: DOWN
[2026-07-31 08:32:05]   - [8408_ui] 상태: PID [80532] / PORT UP
[2026-07-31 08:32:05]   - [8408_bot] 상태: PID [80536]
[2026-07-31 08:32:05]   - [8409_ui] 상태: PID [58553] / PORT UP
[2026-07-31 08:32:05]   - [8409_bot] 상태: PID [71333]
[2026-07-31 08:37:06] ❌ [8405_bot] DOWN 감지 -> 즉시 단일 기동
[2026-07-31 08:37:06] ❌ [8407_bot] DOWN 감지 -> 즉시 단일 기동
[2026-07-31 08:37:06] ⏳ 신규 기동 타겟 안정화 대기 (15초)...
[2026-07-31 08:37:21]   - [8888_app] 상태: PID [39028] / PORT UP
[2026-07-31 08:37:21]   - [8401_ui] 상태: PID [59982] / PORT UP
[2026-07-31 08:37:21]   - [8401_bot] 상태: PID [59980]
[2026-07-31 08:37:21]   - [8402_ui] 상태: PID [60421] / PORT UP
[2026-07-31 08:37:21]   - [8402_bot] 상태: PID [71275]
[2026-07-31 08:37:21]   - [8403_ui] 상태: PID [80489] / PORT UP
[2026-07-31 08:37:21]   - [8403_bot] 상태: PID [80493]
[2026-07-31 08:37:21]   - [8404_ui] 상태: PID [62481] / PORT UP
[2026-07-31 08:37:21]   - [8404_bot] 상태: PID [71299]
[2026-07-31 08:37:21]   - [8405_ui] 상태: PID [2649] / PORT UP
[2026-07-31 08:37:21]   - [8405_bot] 상태: DOWN
[2026-07-31 08:37:22]   - [8407_ui] 상태: PID [2878] / PORT UP
[2026-07-31 08:37:22]   - [8407_bot] 상태: DOWN
[2026-07-31 08:37:22]   - [8408_ui] 상태: PID [80532] / PORT UP
[2026-07-31 08:37:22]   - [8408_bot] 상태: PID [80536]
[2026-07-31 08:37:22]   - [8409_ui] 상태: PID [58553] / PORT UP
[2026-07-31 08:37:22]   - [8409_bot] 상태: PID [71333]
[2026-07-31 08:42:22] ❌ [8405_bot] DOWN 감지 -> 즉시 단일 기동
[2026-07-31 08:42:22] ❌ [8407_bot] DOWN 감지 -> 즉시 단일 기동
[2026-07-31 08:42:22] ⏳ 신규 기동 타겟 안정화 대기 (15초)...
[2026-07-31 08:42:37]   - [8888_app] 상태: PID [39028] / PORT UP
[2026-07-31 08:42:38]   - [8401_ui] 상태: PID [59982] / PORT UP
[2026-07-31 08:42:38]   - [8401_bot] 상태: PID [59980]
[2026-07-31 08:42:38]   - [8402_ui] 상태: PID [60421] / PORT UP
[2026-07-31 08:42:38]   - [8402_bot] 상태: PID [71275]
[2026-07-31 08:42:38]   - [8403_ui] 상태: PID [80489] / PORT UP
[2026-07-31 08:42:38]   - [8403_bot] 상태: PID [80493]
[2026-07-31 08:42:38]   - [8404_ui] 상태: PID [62481] / PORT UP
[2026-07-31 08:42:38]   - [8404_bot] 상태: PID [71299]
[2026-07-31 08:42:38]   - [8405_ui] 상태: PID [2649] / PORT UP
[2026-07-31 08:42:38]   - [8405_bot] 상태: DOWN
[2026-07-31 08:42:38]   - [8407_ui] 상태: PID [2878] / PORT UP
[2026-07-31 08:42:38]   - [8407_bot] 상태: DOWN
[2026-07-31 08:42:38]   - [8408_ui] 상태: PID [80532] / PORT UP
[2026-07-31 08:42:38]   - [8408_bot] 상태: PID [80536]
[2026-07-31 08:42:38]   - [8409_ui] 상태: PID [58553] / PORT UP
[2026-07-31 08:42:38]   - [8409_bot] 상태: PID [71333]
[2026-07-31 08:47:39] ❌ [8405_bot] DOWN 감지 -> 즉시 단일 기동
[2026-07-31 08:47:39] ❌ [8407_bot] DOWN 감지 -> 즉시 단일 기동
[2026-07-31 08:47:39] ⏳ 신규 기동 타겟 안정화 대기 (15초)...
[2026-07-31 08:47:54]   - [8888_app] 상태: PID [39028] / PORT UP
[2026-07-31 08:47:54]   - [8401_ui] 상태: PID [59982] / PORT UP
[2026-07-31 08:47:54]   - [8401_bot] 상태: PID [59980]
[2026-07-31 08:47:54]   - [8402_ui] 상태: PID [60421] / PORT UP
[2026-07-31 08:47:54]   - [8402_bot] 상태: PID [71275]
[2026-07-31 08:47:54]   - [8403_ui] 상태: PID [80489] / PORT UP
[2026-07-31 08:47:54]   - [8403_bot] 상태: PID [80493]
[2026-07-31 08:47:54]   - [8404_ui] 상태: PID [62481] / PORT UP
[2026-07-31 08:47:54]   - [8404_bot] 상태: PID [71299]
[2026-07-31 08:47:54]   - [8405_ui] 상태: PID [2649] / PORT UP
[2026-07-31 08:47:54]   - [8405_bot] 상태: DOWN
[2026-07-31 08:47:54]   - [8407_ui] 상태: PID [2878] / PORT UP
[2026-07-31 08:47:54]   - [8407_bot] 상태: DOWN
[2026-07-31 08:47:54]   - [8408_ui] 상태: PID [80532] / PORT UP
[2026-07-31 08:47:54]   - [8408_bot] 상태: PID [80536]
[2026-07-31 08:47:55]   - [8409_ui] 상태: PID [58553] / PORT UP
[2026-07-31 08:47:55]   - [8409_bot] 상태: PID [71333]
[2026-07-31 08:52:55] ❌ [8405_bot] DOWN 감지 -> 즉시 단일 기동
[2026-07-31 08:52:55] ❌ [8407_bot] DOWN 감지 -> 즉시 단일 기동
[2026-07-31 08:52:55] ⏳ 신규 기동 타겟 안정화 대기 (15초)...
[2026-07-31 08:53:10]   - [8888_app] 상태: PID [39028] / PORT UP
[2026-07-31 08:53:10]   - [8401_ui] 상태: PID [59982] / PORT UP
[2026-07-31 08:53:10]   - [8401_bot] 상태: PID [59980]
[2026-07-31 08:53:10]   - [8402_ui] 상태: PID [60421] / PORT UP
[2026-07-31 08:53:10]   - [8402_bot] 상태: PID [71275]
[2026-07-31 08:53:11]   - [8403_ui] 상태: PID [80489] / PORT UP
[2026-07-31 08:53:11]   - [8403_bot] 상태: PID [80493]
[2026-07-31 08:53:11]   - [8404_ui] 상태: PID [62481] / PORT UP
[2026-07-31 08:53:11]   - [8404_bot] 상태: PID [71299]
[2026-07-31 08:53:11]   - [8405_ui] 상태: PID [2649] / PORT UP
[2026-07-31 08:53:11]   - [8405_bot] 상태: DOWN
[2026-07-31 08:53:11]   - [8407_ui] 상태: PID [2878] / PORT UP
[2026-07-31 08:53:11]   - [8407_bot] 상태: DOWN
[2026-07-31 08:53:11]   - [8408_ui] 상태: PID [80532] / PORT UP
[2026-07-31 08:53:11]   - [8408_bot] 상태: PID [80536]
[2026-07-31 08:53:11]   - [8409_ui] 상태: PID [58553] / PORT UP
[2026-07-31 08:53:11]   - [8409_bot] 상태: PID [71333]
[2026-07-31 08:58:11] ❌ [8405_bot] DOWN 감지 -> 즉시 단일 기동
[2026-07-31 08:58:12] ❌ [8407_bot] DOWN 감지 -> 즉시 단일 기동
[2026-07-31 08:58:12] ⏳ 신규 기동 타겟 안정화 대기 (15초)...
[2026-07-31 08:58:27]   - [8888_app] 상태: PID [39028] / PORT UP
[2026-07-31 08:58:27]   - [8401_ui] 상태: PID [59982] / PORT UP
[2026-07-31 08:58:27]   - [8401_bot] 상태: PID [59980]
[2026-07-31 08:58:27]   - [8402_ui] 상태: PID [60421] / PORT UP
[2026-07-31 08:58:27]   - [8402_bot] 상태: PID [71275]
[2026-07-31 08:58:27]   - [8403_ui] 상태: PID [80489] / PORT UP
[2026-07-31 08:58:27]   - [8403_bot] 상태: PID [80493]
[2026-07-31 08:58:27]   - [8404_ui] 상태: PID [62481] / PORT UP
[2026-07-31 08:58:27]   - [8404_bot] 상태: PID [71299]
[2026-07-31 08:58:27]   - [8405_ui] 상태: PID [2649] / PORT UP
[2026-07-31 08:58:27]   - [8405_bot] 상태: DOWN
[2026-07-31 08:58:27]   - [8407_ui] 상태: PID [2878] / PORT UP
[2026-07-31 08:58:27]   - [8407_bot] 상태: DOWN
[2026-07-31 08:58:27]   - [8408_ui] 상태: PID [80532] / PORT UP
[2026-07-31 08:58:27]   - [8408_bot] 상태: PID [80536]
[2026-07-31 08:58:27]   - [8409_ui] 상태: PID [58553] / PORT UP
[2026-07-31 08:58:27]   - [8409_bot] 상태: PID [71333]
[2026-07-31 09:03:28] ❌ [8405_bot] DOWN 감지 -> 즉시 단일 기동
[2026-07-31 09:03:28] ❌ [8407_bot] DOWN 감지 -> 즉시 단일 기동
[2026-07-31 09:03:28] ⏳ 신규 기동 타겟 안정화 대기 (15초)...
[2026-07-31 09:03:43]   - [8888_app] 상태: PID [39028] / PORT UP
[2026-07-31 09:03:43]   - [8401_ui] 상태: PID [59982] / PORT UP
[2026-07-31 09:03:43]   - [8401_bot] 상태: PID [59980]
[2026-07-31 09:03:43]   - [8402_ui] 상태: PID [60421] / PORT UP
[2026-07-31 09:03:43]   - [8402_bot] 상태: PID [71275]
[2026-07-31 09:03:43]   - [8403_ui] 상태: PID [80489] / PORT UP
[2026-07-31 09:03:43]   - [8403_bot] 상태: PID [80493]
[2026-07-31 09:03:43]   - [8404_ui] 상태: PID [62481] / PORT UP
[2026-07-31 09:03:43]   - [8404_bot] 상태: PID [71299]
[2026-07-31 09:03:44]   - [8405_ui] 상태: PID [2649] / PORT UP
[2026-07-31 09:03:44]   - [8405_bot] 상태: DOWN
[2026-07-31 09:03:44]   - [8407_ui] 상태: PID [2878] / PORT UP
[2026-07-31 09:03:44]   - [8407_bot] 상태: DOWN
[2026-07-31 09:03:44]   - [8408_ui] 상태: PID [80532] / PORT UP
[2026-07-31 09:03:44]   - [8408_bot] 상태: PID [80536]
[2026-07-31 09:03:44]   - [8409_ui] 상태: PID [58553] / PORT UP
[2026-07-31 09:03:44]   - [8409_bot] 상태: PID [71333]
[2026-07-31 09:08:44] ❌ [8405_bot] DOWN 감지 -> 즉시 단일 기동
[2026-07-31 09:08:44] ❌ [8407_bot] DOWN 감지 -> 즉시 단일 기동
[2026-07-31 09:08:45] ⏳ 신규 기동 타겟 안정화 대기 (15초)...
[2026-07-31 09:09:00]   - [8888_app] 상태: PID [39028] / PORT UP
[2026-07-31 09:09:00]   - [8401_ui] 상태: PID [59982] / PORT UP
[2026-07-31 09:09:00]   - [8401_bot] 상태: PID [59980]
[2026-07-31 09:09:00]   - [8402_ui] 상태: PID [60421] / PORT UP
[2026-07-31 09:09:00]   - [8402_bot] 상태: PID [71275]
[2026-07-31 09:09:00]   - [8403_ui] 상태: PID [80489] / PORT UP
[2026-07-31 09:09:00]   - [8403_bot] 상태: PID [80493]
[2026-07-31 09:09:00]   - [8404_ui] 상태: PID [62481] / PORT UP
[2026-07-31 09:09:00]   - [8404_bot] 상태: PID [71299]
[2026-07-31 09:09:00]   - [8405_ui] 상태: PID [2649] / PORT UP
[2026-07-31 09:09:00]   - [8405_bot] 상태: DOWN
[2026-07-31 09:09:00]   - [8407_ui] 상태: PID [2878] / PORT UP
[2026-07-31 09:09:00]   - [8407_bot] 상태: DOWN
[2026-07-31 09:09:00]   - [8408_ui] 상태: PID [80532] / PORT UP
[2026-07-31 09:09:00]   - [8408_bot] 상태: PID [80536]
[2026-07-31 09:09:00]   - [8409_ui] 상태: PID [58553] / PORT UP
[2026-07-31 09:09:00]   - [8409_bot] 상태: PID [71333]
[2026-07-31 09:14:01] ❌ [8405_bot] DOWN 감지 -> 즉시 단일 기동
[2026-07-31 09:14:01] ❌ [8407_bot] DOWN 감지 -> 즉시 단일 기동
[2026-07-31 09:14:01] ⏳ 신규 기동 타겟 안정화 대기 (15초)...
[2026-07-31 09:14:16]   - [8888_app] 상태: PID [39028] / PORT UP
[2026-07-31 09:14:16]   - [8401_ui] 상태: PID [59982] / PORT UP
[2026-07-31 09:14:16]   - [8401_bot] 상태: PID [59980]
[2026-07-31 09:14:16]   - [8402_ui] 상태: PID [60421] / PORT UP
[2026-07-31 09:14:16]   - [8402_bot] 상태: PID [71275]
[2026-07-31 09:14:16]   - [8403_ui] 상태: PID [80489] / PORT UP
[2026-07-31 09:14:16]   - [8403_bot] 상태: PID [80493]
[2026-07-31 09:14:16]   - [8404_ui] 상태: PID [62481] / PORT UP
[2026-07-31 09:14:16]   - [8404_bot] 상태: PID [71299]
[2026-07-31 09:14:16]   - [8405_ui] 상태: PID [2649] / PORT UP
[2026-07-31 09:14:16]   - [8405_bot] 상태: DOWN
[2026-07-31 09:14:16]   - [8407_ui] 상태: PID [2878] / PORT UP
[2026-07-31 09:14:17]   - [8407_bot] 상태: DOWN
[2026-07-31 09:14:17]   - [8408_ui] 상태: PID [80532] / PORT UP
[2026-07-31 09:14:17]   - [8408_bot] 상태: PID [80536]
[2026-07-31 09:14:17]   - [8409_ui] 상태: PID [58553] / PORT UP
[2026-07-31 09:14:17]   - [8409_bot] 상태: PID [71333]
[2026-07-31 09:19:17] ❌ [8405_bot] DOWN 감지 -> 즉시 단일 기동
[2026-07-31 09:19:17] ❌ [8407_bot] DOWN 감지 -> 즉시 단일 기동
[2026-07-31 09:19:17] ⏳ 신규 기동 타겟 안정화 대기 (15초)...
[2026-07-31 09:19:32]   - [8888_app] 상태: PID [39028] / PORT UP
[2026-07-31 09:19:32]   - [8401_ui] 상태: PID [59982] / PORT UP
[2026-07-31 09:19:33]   - [8401_bot] 상태: PID [59980]
[2026-07-31 09:19:33]   - [8402_ui] 상태: PID [60421] / PORT UP
[2026-07-31 09:19:33]   - [8402_bot] 상태: PID [71275]
[2026-07-31 09:19:33]   - [8403_ui] 상태: PID [80489] / PORT UP
[2026-07-31 09:19:33]   - [8403_bot] 상태: PID [80493]
[2026-07-31 09:19:33]   - [8404_ui] 상태: PID [62481] / PORT UP
[2026-07-31 09:19:33]   - [8404_bot] 상태: PID [71299]
[2026-07-31 09:19:33]   - [8405_ui] 상태: PID [2649] / PORT UP
[2026-07-31 09:19:33]   - [8405_bot] 상태: DOWN
[2026-07-31 09:19:33]   - [8407_ui] 상태: PID [2878] / PORT UP
[2026-07-31 09:19:33]   - [8407_bot] 상태: DOWN
[2026-07-31 09:19:33]   - [8408_ui] 상태: PID [80532] / PORT UP
[2026-07-31 09:19:33]   - [8408_bot] 상태: PID [80536]
[2026-07-31 09:19:33]   - [8409_ui] 상태: PID [58553] / PORT UP
[2026-07-31 09:19:33]   - [8409_bot] 상태: PID [71333]
[2026-07-31 09:24:34] ❌ [8405_bot] DOWN 감지 -> 즉시 단일 기동
[2026-07-31 09:24:34] ❌ [8407_bot] DOWN 감지 -> 즉시 단일 기동
[2026-07-31 09:24:34] ⏳ 신규 기동 타겟 안정화 대기 (15초)...
[2026-07-31 09:24:49]   - [8888_app] 상태: PID [39028] / PORT UP
[2026-07-31 09:24:49]   - [8401_ui] 상태: PID [59982] / PORT UP
[2026-07-31 09:24:49]   - [8401_bot] 상태: PID [59980]
[2026-07-31 09:24:49]   - [8402_ui] 상태: PID [60421] / PORT UP
[2026-07-31 09:24:49]   - [8402_bot] 상태: PID [71275]
[2026-07-31 09:24:49]   - [8403_ui] 상태: PID [80489] / PORT UP
[2026-07-31 09:24:49]   - [8403_bot] 상태: PID [80493]
[2026-07-31 09:24:49]   - [8404_ui] 상태: PID [62481] / PORT UP
[2026-07-31 09:24:49]   - [8404_bot] 상태: PID [71299]
[2026-07-31 09:24:49]   - [8405_ui] 상태: PID [2649] / PORT UP
[2026-07-31 09:24:49]   - [8405_bot] 상태: DOWN
[2026-07-31 09:24:49]   - [8407_ui] 상태: PID [2878] / PORT UP
[2026-07-31 09:24:49]   - [8407_bot] 상태: DOWN
[2026-07-31 09:24:49]   - [8408_ui] 상태: PID [80532] / PORT UP
[2026-07-31 09:24:49]   - [8408_bot] 상태: PID [80536]
[2026-07-31 09:24:50]   - [8409_ui] 상태: PID [58553] / PORT UP
[2026-07-31 09:24:50]   - [8409_bot] 상태: PID [71333]
[2026-07-31 09:29:50] ❌ [8405_bot] DOWN 감지 -> 즉시 단일 기동
[2026-07-31 09:29:50] ❌ [8407_bot] DOWN 감지 -> 즉시 단일 기동
[2026-07-31 09:29:50] ⏳ 신규 기동 타겟 안정화 대기 (15초)...
[2026-07-31 09:30:05]   - [8888_app] 상태: PID [39028] / PORT UP
[2026-07-31 09:30:05]   - [8401_ui] 상태: PID [59982] / PORT UP
[2026-07-31 09:30:05]   - [8401_bot] 상태: PID [59980]
[2026-07-31 09:30:05]   - [8402_ui] 상태: PID [60421] / PORT UP
[2026-07-31 09:30:05]   - [8402_bot] 상태: PID [71275]
[2026-07-31 09:30:05]   - [8403_ui] 상태: PID [80489] / PORT UP
[2026-07-31 09:30:06]   - [8403_bot] 상태: PID [80493]
[2026-07-31 09:30:06]   - [8404_ui] 상태: PID [62481] / PORT UP
[2026-07-31 09:30:06]   - [8404_bot] 상태: PID [71299]
[2026-07-31 09:30:06]   - [8405_ui] 상태: PID [2649] / PORT UP
[2026-07-31 09:30:06]   - [8405_bot] 상태: DOWN
[2026-07-31 09:30:06]   - [8407_ui] 상태: PID [2878] / PORT UP
[2026-07-31 09:30:06]   - [8407_bot] 상태: DOWN
[2026-07-31 09:30:06]   - [8408_ui] 상태: PID [80532] / PORT UP
[2026-07-31 09:30:06]   - [8408_bot] 상태: PID [80536]
[2026-07-31 09:30:06]   - [8409_ui] 상태: PID [58553] / PORT UP
[2026-07-31 09:30:06]   - [8409_bot] 상태: PID [71333]
[2026-07-31 09:35:06] ❌ [8405_bot] DOWN 감지 -> 즉시 단일 기동
[2026-07-31 09:35:07] ❌ [8407_bot] DOWN 감지 -> 즉시 단일 기동
[2026-07-31 09:35:07] ⏳ 신규 기동 타겟 안정화 대기 (15초)...
[2026-07-31 09:35:22]   - [8888_app] 상태: PID [39028] / PORT UP
[2026-07-31 09:35:22]   - [8401_ui] 상태: PID [59982] / PORT UP
[2026-07-31 09:35:22]   - [8401_bot] 상태: PID [59980]
[2026-07-31 09:35:22]   - [8402_ui] 상태: PID [60421] / PORT UP
[2026-07-31 09:35:22]   - [8402_bot] 상태: PID [71275]
[2026-07-31 09:35:22]   - [8403_ui] 상태: PID [80489] / PORT UP
[2026-07-31 09:35:22]   - [8403_bot] 상태: PID [80493]
[2026-07-31 09:35:22]   - [8404_ui] 상태: PID [62481] / PORT UP
[2026-07-31 09:35:22]   - [8404_bot] 상태: PID [71299]
[2026-07-31 09:35:22]   - [8405_ui] 상태: PID [2649] / PORT UP
[2026-07-31 09:35:22]   - [8405_bot] 상태: DOWN
[2026-07-31 09:35:22]   - [8407_ui] 상태: PID [2878] / PORT UP
[2026-07-31 09:35:22]   - [8407_bot] 상태: DOWN
[2026-07-31 09:35:22]   - [8408_ui] 상태: PID [80532] / PORT UP
[2026-07-31 09:35:22]   - [8408_bot] 상태: PID [80536]
[2026-07-31 09:35:22]   - [8409_ui] 상태: PID [58553] / PORT UP
[2026-07-31 09:35:22]   - [8409_bot] 상태: PID [71333]
[2026-07-31 09:40:23] ❌ [8405_bot] DOWN 감지 -> 즉시 단일 기동
[2026-07-31 09:40:23] ❌ [8407_bot] DOWN 감지 -> 즉시 단일 기동
[2026-07-31 09:40:23] ⏳ 신규 기동 타겟 안정화 대기 (15초)...
[2026-07-31 09:40:38]   - [8888_app] 상태: PID [39028] / PORT UP
[2026-07-31 09:40:38]   - [8401_ui] 상태: PID [59982] / PORT UP
[2026-07-31 09:40:38]   - [8401_bot] 상태: PID [59980]
[2026-07-31 09:40:38]   - [8402_ui] 상태: PID [60421] / PORT UP
[2026-07-31 09:40:38]   - [8402_bot] 상태: PID [71275]
[2026-07-31 09:40:38]   - [8403_ui] 상태: PID [80489] / PORT UP
[2026-07-31 09:40:38]   - [8403_bot] 상태: PID [80493]
[2026-07-31 09:40:39]   - [8404_ui] 상태: PID [62481] / PORT UP
[2026-07-31 09:40:39]   - [8404_bot] 상태: PID [71299]
[2026-07-31 09:40:39]   - [8405_ui] 상태: PID [2649] / PORT UP
[2026-07-31 09:40:39]   - [8405_bot] 상태: DOWN
[2026-07-31 09:40:39]   - [8407_ui] 상태: PID [2878] / PORT UP
[2026-07-31 09:40:39]   - [8407_bot] 상태: DOWN
[2026-07-31 09:40:39]   - [8408_ui] 상태: PID [80532] / PORT UP
[2026-07-31 09:40:39]   - [8408_bot] 상태: PID [80536]
[2026-07-31 09:40:39]   - [8409_ui] 상태: PID [58553] / PORT UP
[2026-07-31 09:40:39]   - [8409_bot] 상태: PID [71333]
[2026-07-31 09:45:39] ❌ [8405_bot] DOWN 감지 -> 즉시 단일 기동
[2026-07-31 09:45:39] ❌ [8407_bot] DOWN 감지 -> 즉시 단일 기동
[2026-07-31 09:45:40] ⏳ 신규 기동 타겟 안정화 대기 (15초)...
[2026-07-31 09:45:55]   - [8888_app] 상태: PID [39028] / PORT UP
[2026-07-31 09:45:55]   - [8401_ui] 상태: PID [59982] / PORT UP
[2026-07-31 09:45:55]   - [8401_bot] 상태: PID [59980]
[2026-07-31 09:45:55]   - [8402_ui] 상태: PID [60421] / PORT UP
[2026-07-31 09:45:55]   - [8402_bot] 상태: PID [71275]
[2026-07-31 09:45:55]   - [8403_ui] 상태: PID [80489] / PORT UP
[2026-07-31 09:45:55]   - [8403_bot] 상태: PID [80493]
[2026-07-31 09:45:55]   - [8404_ui] 상태: PID [62481] / PORT UP
[2026-07-31 09:45:55]   - [8404_bot] 상태: PID [71299]
[2026-07-31 09:45:55]   - [8405_ui] 상태: PID [2649] / PORT UP
[2026-07-31 09:45:56]   - [8405_bot] 상태: DOWN
[2026-07-31 09:45:56]   - [8407_ui] 상태: PID [2878] / PORT UP
[2026-07-31 09:45:56]   - [8407_bot] 상태: DOWN
[2026-07-31 09:45:56]   - [8408_ui] 상태: PID [80532] / PORT UP
[2026-07-31 09:45:56]   - [8408_bot] 상태: PID [80536]
[2026-07-31 09:45:56]   - [8409_ui] 상태: PID [58553] / PORT UP
[2026-07-31 09:45:56]   - [8409_bot] 상태: PID [71333]
[2026-07-31 10:01:46] ❌ [8407_bot] DOWN 감지 -> 즉시 단일 기동
[2026-07-31 10:01:46] ⏳ 신규 기동 타겟 안정화 대기 (15초)...
[2026-07-31 10:02:01]   - [8888_app] 상태: PID [39028] / PORT UP
[2026-07-31 10:02:01]   - [8401_ui] 상태: PID [59982] / PORT UP
[2026-07-31 10:02:01]   - [8401_bot] 상태: PID [59980]
[2026-07-31 10:02:01]   - [8402_ui] 상태: PID [60421] / PORT UP
[2026-07-31 10:02:01]   - [8402_bot] 상태: PID [71275]
[2026-07-31 10:02:01]   - [8403_ui] 상태: PID [80489] / PORT UP
[2026-07-31 10:02:01]   - [8403_bot] 상태: PID [80493]
[2026-07-31 10:02:02]   - [8404_ui] 상태: PID [62481] / PORT UP
[2026-07-31 10:02:02]   - [8404_bot] 상태: PID [71299]
[2026-07-31 10:02:02]   - [8405_ui] 상태: PID [16516] / PORT UP
[2026-07-31 10:02:02]   - [8405_bot] 상태: PID [16514]
[2026-07-31 10:02:02]   - [8407_ui] 상태: PID [2878] / PORT UP
[2026-07-31 10:02:02]   - [8407_bot] 상태: DOWN
[2026-07-31 10:02:02]   - [8408_ui] 상태: PID [80532] / PORT UP
[2026-07-31 10:02:02]   - [8408_bot] 상태: PID [80536]
[2026-07-31 10:02:02]   - [8409_ui] 상태: PID [58553] / PORT UP
[2026-07-31 10:02:02]   - [8409_bot] 상태: PID [71333]
[2026-07-31 10:07:02] ❌ [8407_bot] DOWN 감지 -> 즉시 단일 기동
[2026-07-31 10:07:03] ⏳ 신규 기동 타겟 안정화 대기 (15초)...
[2026-07-31 10:07:18]   - [8888_app] 상태: PID [39028] / PORT UP
[2026-07-31 10:07:18]   - [8401_ui] 상태: PID [18355] / PORT UP
[2026-07-31 10:07:18]   - [8401_bot] 상태: PID [59980]
[2026-07-31 10:07:18]   - [8402_ui] 상태: PID [18357] / PORT UP
[2026-07-31 10:07:18]   - [8402_bot] 상태: PID [71275]
[2026-07-31 10:07:18]   - [8403_ui] 상태: PID [18359] / PORT UP
[2026-07-31 10:07:18]   - [8403_bot] 상태: PID [80493]
[2026-07-31 10:07:18]   - [8404_ui] 상태: PID [18361] / PORT UP
[2026-07-31 10:07:18]   - [8404_bot] 상태: PID [71299]
[2026-07-31 10:07:18]   - [8405_ui] 상태: PID [18363] / PORT UP
[2026-07-31 10:07:18]   - [8405_bot] 상태: PID [16514]
[2026-07-31 10:07:18]   - [8407_ui] 상태: PID [18365] / PORT UP
[2026-07-31 10:07:18]   - [8407_bot] 상태: DOWN
[2026-07-31 10:07:18]   - [8408_ui] 상태: PID [18367] / PORT UP
[2026-07-31 10:07:18]   - [8408_bot] 상태: PID [80536]
[2026-07-31 10:07:18]   - [8409_ui] 상태: PID [18369] / PORT UP
[2026-07-31 10:07:18]   - [8409_bot] 상태: PID [71333]
[2026-07-31 10:12:19] ❌ [8407_bot] DOWN 감지 -> 즉시 단일 기동
[2026-07-31 10:12:19] ⏳ 신규 기동 타겟 안정화 대기 (15초)...
[2026-07-31 10:12:34]   - [8888_app] 상태: PID [39028] / PORT UP
[2026-07-31 10:12:34]   - [8401_ui] 상태: PID [18355] / PORT UP
[2026-07-31 10:12:34]   - [8401_bot] 상태: PID [59980]
[2026-07-31 10:12:34]   - [8402_ui] 상태: PID [18357] / PORT UP
[2026-07-31 10:12:34]   - [8402_bot] 상태: PID [71275]
[2026-07-31 10:12:34]   - [8403_ui] 상태: PID [18359] / PORT UP
[2026-07-31 10:12:34]   - [8403_bot] 상태: PID [80493]
[2026-07-31 10:12:34]   - [8404_ui] 상태: PID [18361] / PORT UP
[2026-07-31 10:12:35]   - [8404_bot] 상태: PID [71299]
[2026-07-31 10:12:35]   - [8405_ui] 상태: PID [18363] / PORT UP
[2026-07-31 10:12:35]   - [8405_bot] 상태: PID [16514]
[2026-07-31 10:12:35]   - [8407_ui] 상태: PID [18365] / PORT UP
[2026-07-31 10:12:35]   - [8407_bot] 상태: DOWN
[2026-07-31 10:12:35]   - [8408_ui] 상태: PID [18367] / PORT UP
[2026-07-31 10:12:35]   - [8408_bot] 상태: PID [80536]
[2026-07-31 10:12:35]   - [8409_ui] 상태: PID [18369] / PORT UP
[2026-07-31 10:12:35]   - [8409_bot] 상태: PID [71333]
[2026-07-31 10:17:35] ❌ [8407_bot] DOWN 감지 -> 즉시 단일 기동
[2026-07-31 10:17:36] ⏳ 신규 기동 타겟 안정화 대기 (15초)...
[2026-07-31 10:17:51]   - [8888_app] 상태: PID [39028] / PORT UP
[2026-07-31 10:17:51]   - [8401_ui] 상태: PID [18355] / PORT UP
[2026-07-31 10:17:51]   - [8401_bot] 상태: PID [59980]
[2026-07-31 10:17:51]   - [8402_ui] 상태: PID [18357] / PORT UP
[2026-07-31 10:17:51]   - [8402_bot] 상태: PID [71275]
[2026-07-31 10:17:51]   - [8403_ui] 상태: PID [18359] / PORT UP
[2026-07-31 10:17:51]   - [8403_bot] 상태: PID [80493]
[2026-07-31 10:17:51]   - [8404_ui] 상태: PID [18361] / PORT UP
[2026-07-31 10:17:51]   - [8404_bot] 상태: PID [71299]
[2026-07-31 10:17:51]   - [8405_ui] 상태: PID [18363] / PORT UP
[2026-07-31 10:17:51]   - [8405_bot] 상태: PID [16514]
[2026-07-31 10:17:51]   - [8407_ui] 상태: PID [18365] / PORT UP
[2026-07-31 10:17:51]   - [8407_bot] 상태: DOWN
[2026-07-31 10:17:51]   - [8408_ui] 상태: PID [18367] / PORT UP
[2026-07-31 10:17:51]   - [8408_bot] 상태: PID [80536]
[2026-07-31 10:17:51]   - [8409_ui] 상태: PID [18369] / PORT UP
[2026-07-31 10:17:51]   - [8409_bot] 상태: PID [71333]
[2026-07-31 10:22:52] ❌ [8407_bot] DOWN 감지 -> 즉시 단일 기동
[2026-07-31 10:22:52] ⏳ 신규 기동 타겟 안정화 대기 (15초)...
[2026-07-31 10:23:07]   - [8888_app] 상태: PID [39028] / PORT UP
[2026-07-31 10:23:07]   - [8401_ui] 상태: PID [18355] / PORT UP
[2026-07-31 10:23:07]   - [8401_bot] 상태: PID [59980]
[2026-07-31 10:23:07]   - [8402_ui] 상태: PID [18357] / PORT UP
[2026-07-31 10:23:07]   - [8402_bot] 상태: PID [71275]
[2026-07-31 10:23:07]   - [8403_ui] 상태: PID [18359] / PORT UP
[2026-07-31 10:23:07]   - [8403_bot] 상태: PID [80493]
[2026-07-31 10:23:07]   - [8404_ui] 상태: PID [18361] / PORT UP
[2026-07-31 10:23:07]   - [8404_bot] 상태: PID [71299]
[2026-07-31 10:23:08]   - [8405_ui] 상태: PID [18363] / PORT UP
[2026-07-31 10:23:08]   - [8405_bot] 상태: PID [16514]
[2026-07-31 10:23:08]   - [8407_ui] 상태: PID [18365] / PORT UP
[2026-07-31 10:23:08]   - [8407_bot] 상태: DOWN
[2026-07-31 10:23:08]   - [8408_ui] 상태: PID [18367] / PORT UP
[2026-07-31 10:23:08]   - [8408_bot] 상태: PID [80536]
[2026-07-31 10:23:08]   - [8409_ui] 상태: PID [18369] / PORT UP
[2026-07-31 10:23:08]   - [8409_bot] 상태: PID [71333]
[2026-07-31 10:28:08] ❌ [8407_bot] DOWN 감지 -> 즉시 단일 기동
[2026-07-31 10:28:09] ⏳ 신규 기동 타겟 안정화 대기 (15초)...
[2026-07-31 10:28:24]   - [8888_app] 상태: PID [39028] / PORT UP
[2026-07-31 10:28:24]   - [8401_ui] 상태: PID [18355] / PORT UP
[2026-07-31 10:28:24]   - [8401_bot] 상태: PID [59980]
[2026-07-31 10:28:24]   - [8402_ui] 상태: PID [18357] / PORT UP
[2026-07-31 10:28:24]   - [8402_bot] 상태: PID [71275]
[2026-07-31 10:28:24]   - [8403_ui] 상태: PID [18359] / PORT UP
[2026-07-31 10:28:24]   - [8403_bot] 상태: PID [80493]
[2026-07-31 10:28:24]   - [8404_ui] 상태: PID [18361] / PORT UP
[2026-07-31 10:28:24]   - [8404_bot] 상태: PID [71299]
[2026-07-31 10:28:24]   - [8405_ui] 상태: PID [18363] / PORT UP
[2026-07-31 10:28:24]   - [8405_bot] 상태: PID [16514]
[2026-07-31 10:28:24]   - [8407_ui] 상태: PID [18365] / PORT UP
[2026-07-31 10:28:24]   - [8407_bot] 상태: DOWN
[2026-07-31 10:28:24]   - [8408_ui] 상태: PID [18367] / PORT UP
[2026-07-31 10:28:24]   - [8408_bot] 상태: PID [80536]
[2026-07-31 10:28:24]   - [8409_ui] 상태: PID [18369] / PORT UP
[2026-07-31 10:28:24]   - [8409_bot] 상태: PID [71333]
[2026-07-31 10:33:25] ❌ [8407_bot] DOWN 감지 -> 즉시 단일 기동
[2026-07-31 10:33:25] ⏳ 신규 기동 타겟 안정화 대기 (15초)...
[2026-07-31 10:33:40]   - [8888_app] 상태: PID [39028] / PORT UP
[2026-07-31 10:33:40]   - [8401_ui] 상태: PID [18355] / PORT UP
[2026-07-31 10:33:40]   - [8401_bot] 상태: PID [59980]
[2026-07-31 10:33:40]   - [8402_ui] 상태: PID [18357] / PORT UP
[2026-07-31 10:33:40]   - [8402_bot] 상태: PID [71275]
[2026-07-31 10:33:40]   - [8403_ui] 상태: PID [18359] / PORT UP
[2026-07-31 10:33:40]   - [8403_bot] 상태: PID [80493]
[2026-07-31 10:33:40]   - [8404_ui] 상태: PID [18361] / PORT UP
[2026-07-31 10:33:40]   - [8404_bot] 상태: PID [71299]
[2026-07-31 10:33:40]   - [8405_ui] 상태: PID [18363] / PORT UP
[2026-07-31 10:33:40]   - [8405_bot] 상태: PID [16514]
[2026-07-31 10:33:40]   - [8407_ui] 상태: PID [18365] / PORT UP
[2026-07-31 10:33:40]   - [8407_bot] 상태: DOWN
[2026-07-31 10:33:41]   - [8408_ui] 상태: PID [18367] / PORT UP
[2026-07-31 10:33:41]   - [8408_bot] 상태: PID [80536]
[2026-07-31 10:33:41]   - [8409_ui] 상태: PID [18369] / PORT UP
[2026-07-31 10:33:41]   - [8409_bot] 상태: PID [71333]
[2026-07-31 10:38:41] ❌ [8407_bot] DOWN 감지 -> 즉시 단일 기동
[2026-07-31 10:38:41] ⏳ 신규 기동 타겟 안정화 대기 (15초)...
[2026-07-31 10:38:56]   - [8888_app] 상태: PID [39028] / PORT UP
[2026-07-31 10:38:56]   - [8401_ui] 상태: PID [18355] / PORT UP
[2026-07-31 10:38:56]   - [8401_bot] 상태: PID [59980]
[2026-07-31 10:38:56]   - [8402_ui] 상태: PID [18357] / PORT UP
[2026-07-31 10:38:57]   - [8402_bot] 상태: PID [71275]
[2026-07-31 10:38:57]   - [8403_ui] 상태: PID [18359] / PORT UP
[2026-07-31 10:38:57]   - [8403_bot] 상태: PID [80493]
[2026-07-31 10:38:57]   - [8404_ui] 상태: PID [18361] / PORT UP
[2026-07-31 10:38:57]   - [8404_bot] 상태: PID [71299]
[2026-07-31 10:38:57]   - [8405_ui] 상태: PID [18363] / PORT UP
[2026-07-31 10:38:57]   - [8405_bot] 상태: PID [16514]
[2026-07-31 10:38:57]   - [8407_ui] 상태: PID [18365] / PORT UP
[2026-07-31 10:38:57]   - [8407_bot] 상태: DOWN
[2026-07-31 10:38:57]   - [8408_ui] 상태: PID [18367] / PORT UP
[2026-07-31 10:38:57]   - [8408_bot] 상태: PID [80536]
[2026-07-31 10:38:57]   - [8409_ui] 상태: PID [18369] / PORT UP
[2026-07-31 10:38:57]   - [8409_bot] 상태: PID [71333]
[2026-07-31 10:43:58] ❌ [8407_bot] DOWN 감지 -> 즉시 단일 기동
[2026-07-31 10:43:58] ⏳ 신규 기동 타겟 안정화 대기 (15초)...
[2026-07-31 10:44:13]   - [8888_app] 상태: PID [39028] / PORT UP
[2026-07-31 10:44:13]   - [8401_ui] 상태: PID [18355] / PORT UP
[2026-07-31 10:44:13]   - [8401_bot] 상태: PID [59980]
[2026-07-31 10:44:13]   - [8402_ui] 상태: PID [18357] / PORT UP
[2026-07-31 10:44:13]   - [8402_bot] 상태: PID [71275]
[2026-07-31 10:44:13]   - [8403_ui] 상태: PID [18359] / PORT UP
[2026-07-31 10:44:13]   - [8403_bot] 상태: PID [80493]
[2026-07-31 10:44:13]   - [8404_ui] 상태: PID [18361] / PORT UP
[2026-07-31 10:44:13]   - [8404_bot] 상태: PID [71299]
[2026-07-31 10:44:13]   - [8405_ui] 상태: PID [18363] / PORT UP
[2026-07-31 10:44:13]   - [8405_bot] 상태: PID [16514]
[2026-07-31 10:44:13]   - [8407_ui] 상태: PID [18365] / PORT UP
[2026-07-31 10:44:13]   - [8407_bot] 상태: DOWN
[2026-07-31 10:44:13]   - [8408_ui] 상태: PID [18367] / PORT UP
[2026-07-31 10:44:13]   - [8408_bot] 상태: PID [80536]
[2026-07-31 10:44:13]   - [8409_ui] 상태: PID [29665] / PORT UP
[2026-07-31 10:44:13]   - [8409_bot] 상태: PID [29663]
[2026-07-31 10:49:14] ❌ [8407_bot] DOWN 감지 -> 즉시 단일 기동
[2026-07-31 10:49:14] ⏳ 신규 기동 타겟 안정화 대기 (15초)...
[2026-07-31 10:49:29]   - [8888_app] 상태: PID [39028] / PORT UP
[2026-07-31 10:49:29]   - [8401_ui] 상태: PID [18355] / PORT UP
[2026-07-31 10:49:29]   - [8401_bot] 상태: PID [59980]
[2026-07-31 10:49:29]   - [8402_ui] 상태: PID [18357] / PORT UP
[2026-07-31 10:49:29]   - [8402_bot] 상태: PID [71275]
[2026-07-31 10:49:29]   - [8403_ui] 상태: PID [18359] / PORT UP
[2026-07-31 10:49:29]   - [8403_bot] 상태: PID [80493]
[2026-07-31 10:49:29]   - [8404_ui] 상태: PID [18361] / PORT UP
[2026-07-31 10:49:29]   - [8404_bot] 상태: PID [71299]
[2026-07-31 10:49:30]   - [8405_ui] 상태: PID [18363] / PORT UP
[2026-07-31 10:49:30]   - [8405_bot] 상태: PID [16514]
[2026-07-31 10:49:30]   - [8407_ui] 상태: PID [18365] / PORT UP
[2026-07-31 10:49:30]   - [8407_bot] 상태: DOWN
[2026-07-31 10:49:30]   - [8408_ui] 상태: PID [18367] / PORT UP
[2026-07-31 10:49:30]   - [8408_bot] 상태: PID [80536]
[2026-07-31 10:49:30]   - [8409_ui] 상태: PID [29665] / PORT UP
[2026-07-31 10:49:30]   - [8409_bot] 상태: PID [29663]
[2026-07-31 10:54:30] ❌ [8407_bot] DOWN 감지 -> 즉시 단일 기동
[2026-07-31 10:54:31] ⏳ 신규 기동 타겟 안정화 대기 (15초)...
[2026-07-31 10:54:46]   - [8888_app] 상태: PID [39028] / PORT UP
[2026-07-31 10:54:46]   - [8401_ui] 상태: PID [18355] / PORT UP
[2026-07-31 10:54:46]   - [8401_bot] 상태: PID [59980]
[2026-07-31 10:54:46]   - [8402_ui] 상태: PID [18357] / PORT UP
[2026-07-31 10:54:46]   - [8402_bot] 상태: PID [71275]
[2026-07-31 10:54:46]   - [8403_ui] 상태: PID [18359] / PORT UP
[2026-07-31 10:54:46]   - [8403_bot] 상태: PID [80493]
[2026-07-31 10:54:46]   - [8404_ui] 상태: PID [18361] / PORT UP
[2026-07-31 10:54:46]   - [8404_bot] 상태: PID [71299]
[2026-07-31 10:54:46]   - [8405_ui] 상태: PID [18363] / PORT UP
[2026-07-31 10:54:46]   - [8405_bot] 상태: PID [16514]
[2026-07-31 10:54:46]   - [8407_ui] 상태: PID [18365] / PORT UP
[2026-07-31 10:54:46]   - [8407_bot] 상태: DOWN
[2026-07-31 10:54:46]   - [8408_ui] 상태: PID [18367] / PORT UP
[2026-07-31 10:54:46]   - [8408_bot] 상태: PID [80536]
[2026-07-31 10:54:46]   - [8409_ui] 상태: PID [32203] / PORT UP
[2026-07-31 10:54:46]   - [8409_bot] 상태: PID [32201]
[2026-07-31 10:59:47] ❌ [8407_bot] DOWN 감지 -> 즉시 단일 기동
[2026-07-31 10:59:47] ⏳ 신규 기동 타겟 안정화 대기 (15초)...
[2026-07-31 11:00:02]   - [8888_app] 상태: PID [39028] / PORT UP
[2026-07-31 11:00:02]   - [8401_ui] 상태: PID [18355] / PORT UP
[2026-07-31 11:00:02]   - [8401_bot] 상태: PID [59980]
[2026-07-31 11:00:02]   - [8402_ui] 상태: PID [18357] / PORT UP
[2026-07-31 11:00:02]   - [8402_bot] 상태: PID [71275]
[2026-07-31 11:00:02]   - [8403_ui] 상태: PID [18359] / PORT UP
[2026-07-31 11:00:02]   - [8403_bot] 상태: PID [80493]
[2026-07-31 11:00:02]   - [8404_ui] 상태: PID [18361] / PORT UP
[2026-07-31 11:00:02]   - [8404_bot] 상태: PID [71299]
[2026-07-31 11:00:02]   - [8405_ui] 상태: PID [18363] / PORT UP
[2026-07-31 11:00:03]   - [8405_bot] 상태: PID [16514]
[2026-07-31 11:00:03]   - [8407_ui] 상태: PID [18365] / PORT UP
[2026-07-31 11:00:03]   - [8407_bot] 상태: DOWN
[2026-07-31 11:00:03]   - [8408_ui] 상태: PID [18367] / PORT UP
[2026-07-31 11:00:03]   - [8408_bot] 상태: PID [80536]
[2026-07-31 11:00:03]   - [8409_ui] 상태: PID [32203] / PORT UP
[2026-07-31 11:00:03]   - [8409_bot] 상태: PID [32201]
[2026-07-31 11:05:03] ❌ [8407_bot] DOWN 감지 -> 즉시 단일 기동
[2026-07-31 11:05:04] ⏳ 신규 기동 타겟 안정화 대기 (15초)...
[2026-07-31 11:05:19]   - [8888_app] 상태: PID [39028] / PORT UP
[2026-07-31 11:05:19]   - [8401_ui] 상태: PID [18355] / PORT UP
[2026-07-31 11:05:19]   - [8401_bot] 상태: PID [59980]
[2026-07-31 11:05:19]   - [8402_ui] 상태: PID [18357] / PORT UP
[2026-07-31 11:05:19]   - [8402_bot] 상태: PID [71275]
[2026-07-31 11:05:19]   - [8403_ui] 상태: PID [18359] / PORT UP
[2026-07-31 11:05:19]   - [8403_bot] 상태: PID [80493]
[2026-07-31 11:05:19]   - [8404_ui] 상태: PID [18361] / PORT UP
[2026-07-31 11:05:19]   - [8404_bot] 상태: PID [71299]
[2026-07-31 11:05:19]   - [8405_ui] 상태: PID [18363] / PORT UP
[2026-07-31 11:05:19]   - [8405_bot] 상태: PID [16514]
[2026-07-31 11:05:19]   - [8407_ui] 상태: PID [18365] / PORT UP
[2026-07-31 11:05:19]   - [8407_bot] 상태: DOWN
[2026-07-31 11:05:19]   - [8408_ui] 상태: PID [18367] / PORT UP
[2026-07-31 11:05:19]   - [8408_bot] 상태: PID [80536]
[2026-07-31 11:05:19]   - [8409_ui] 상태: PID [32203] / PORT UP
[2026-07-31 11:05:19]   - [8409_bot] 상태: PID [32201]
[2026-07-31 11:10:20] ❌ [8407_bot] DOWN 감지 -> 즉시 단일 기동
[2026-07-31 11:10:20] ⏳ 신규 기동 타겟 안정화 대기 (15초)...
[2026-07-31 11:10:35]   - [8888_app] 상태: PID [39028] / PORT UP
[2026-07-31 11:10:35]   - [8401_ui] 상태: PID [18355] / PORT UP
[2026-07-31 11:10:35]   - [8401_bot] 상태: PID [59980]
[2026-07-31 11:10:35]   - [8402_ui] 상태: PID [18357] / PORT UP
[2026-07-31 11:10:35]   - [8402_bot] 상태: PID [71275]
[2026-07-31 11:10:35]   - [8403_ui] 상태: PID [18359] / PORT UP
[2026-07-31 11:10:35]   - [8403_bot] 상태: PID [80493]
[2026-07-31 11:10:35]   - [8404_ui] 상태: PID [18361] / PORT UP
[2026-07-31 11:10:35]   - [8404_bot] 상태: PID [71299]
[2026-07-31 11:10:35]   - [8405_ui] 상태: PID [18363] / PORT UP
[2026-07-31 11:10:35]   - [8405_bot] 상태: PID [16514]
[2026-07-31 11:10:35]   - [8407_ui] 상태: PID [18365] / PORT UP
[2026-07-31 11:10:36]   - [8407_bot] 상태: DOWN
[2026-07-31 11:10:36]   - [8408_ui] 상태: PID [18367] / PORT UP
[2026-07-31 11:10:36]   - [8408_bot] 상태: PID [80536]
[2026-07-31 11:10:36]   - [8409_ui] 상태: PID [32203] / PORT UP
[2026-07-31 11:10:36]   - [8409_bot] 상태: PID [32201]
[2026-07-31 11:15:36] ❌ [8407_bot] DOWN 감지 -> 즉시 단일 기동
[2026-07-31 11:15:36] ⏳ 신규 기동 타겟 안정화 대기 (15초)...
[2026-07-31 11:15:51]   - [8888_app] 상태: PID [39028] / PORT UP
[2026-07-31 11:15:51]   - [8401_ui] 상태: PID [18355] / PORT UP
[2026-07-31 11:15:51]   - [8401_bot] 상태: PID [59980]
[2026-07-31 11:15:51]   - [8402_ui] 상태: PID [18357] / PORT UP
[2026-07-31 11:15:52]   - [8402_bot] 상태: PID [71275]
[2026-07-31 11:15:52]   - [8403_ui] 상태: PID [18359] / PORT UP
[2026-07-31 11:15:52]   - [8403_bot] 상태: PID [80493]
[2026-07-31 11:15:52]   - [8404_ui] 상태: PID [18361] / PORT UP
[2026-07-31 11:15:52]   - [8404_bot] 상태: PID [71299]
[2026-07-31 11:15:52]   - [8405_ui] 상태: PID [18363] / PORT UP
[2026-07-31 11:15:52]   - [8405_bot] 상태: PID [16514]
[2026-07-31 11:15:52]   - [8407_ui] 상태: PID [18365] / PORT UP
[2026-07-31 11:15:52]   - [8407_bot] 상태: DOWN
[2026-07-31 11:15:52]   - [8408_ui] 상태: PID [18367] / PORT UP
[2026-07-31 11:15:52]   - [8408_bot] 상태: PID [80536]
[2026-07-31 11:15:52]   - [8409_ui] 상태: PID [32203] / PORT UP
[2026-07-31 11:15:52]   - [8409_bot] 상태: PID [32201]
[2026-07-31 11:20:52] ❌ [8407_bot] DOWN 감지 -> 즉시 단일 기동
[2026-07-31 11:20:53] ⏳ 신규 기동 타겟 안정화 대기 (15초)...
[2026-07-31 11:21:08]   - [8888_app] 상태: PID [39028] / PORT UP
[2026-07-31 11:21:08]   - [8401_ui] 상태: PID [18355] / PORT UP
[2026-07-31 11:21:08]   - [8401_bot] 상태: PID [59980]
[2026-07-31 11:21:08]   - [8402_ui] 상태: PID [18357] / PORT UP
[2026-07-31 11:21:08]   - [8402_bot] 상태: PID [71275]
[2026-07-31 11:21:08]   - [8403_ui] 상태: PID [18359] / PORT UP
[2026-07-31 11:21:08]   - [8403_bot] 상태: PID [80493]
[2026-07-31 11:21:08]   - [8404_ui] 상태: PID [18361] / PORT UP
[2026-07-31 11:21:08]   - [8404_bot] 상태: PID [71299]
[2026-07-31 11:21:08]   - [8405_ui] 상태: PID [18363] / PORT UP
[2026-07-31 11:21:08]   - [8405_bot] 상태: PID [16514]
[2026-07-31 11:21:08]   - [8407_ui] 상태: PID [18365] / PORT UP
[2026-07-31 11:21:08]   - [8407_bot] 상태: DOWN
[2026-07-31 11:21:08]   - [8408_ui] 상태: PID [18367] / PORT UP
[2026-07-31 11:21:08]   - [8408_bot] 상태: PID [80536]
[2026-07-31 11:21:08]   - [8409_ui] 상태: PID [32203] / PORT UP
[2026-07-31 11:21:08]   - [8409_bot] 상태: PID [32201]
[2026-07-31 11:26:09] ❌ [8407_bot] DOWN 감지 -> 즉시 단일 기동
[2026-07-31 11:26:09] ⏳ 신규 기동 타겟 안정화 대기 (15초)...
[2026-07-31 11:26:24]   - [8888_app] 상태: PID [39028] / PORT UP
[2026-07-31 11:26:24]   - [8401_ui] 상태: PID [18355] / PORT UP
[2026-07-31 11:26:24]   - [8401_bot] 상태: PID [59980]
[2026-07-31 11:26:24]   - [8402_ui] 상태: PID [18357] / PORT UP
[2026-07-31 11:26:24]   - [8402_bot] 상태: PID [71275]
[2026-07-31 11:26:24]   - [8403_ui] 상태: PID [18359] / PORT UP
[2026-07-31 11:26:24]   - [8403_bot] 상태: PID [80493]
[2026-07-31 11:26:24]   - [8404_ui] 상태: PID [18361] / PORT UP
[2026-07-31 11:26:24]   - [8404_bot] 상태: PID [71299]
[2026-07-31 11:26:24]   - [8405_ui] 상태: PID [18363] / PORT UP
[2026-07-31 11:26:24]   - [8405_bot] 상태: PID [16514]
[2026-07-31 11:26:24]   - [8407_ui] 상태: PID [18365] / PORT UP
[2026-07-31 11:26:24]   - [8407_bot] 상태: DOWN
[2026-07-31 11:26:24]   - [8408_ui] 상태: PID [18367] / PORT UP
[2026-07-31 11:26:24]   - [8408_bot] 상태: PID [80536]
[2026-07-31 11:26:25]   - [8409_ui] 상태: PID [32203] / PORT UP
[2026-07-31 11:26:25]   - [8409_bot] 상태: PID [32201]
[2026-07-31 11:31:25] ❌ [8407_bot] DOWN 감지 -> 즉시 단일 기동
[2026-07-31 11:31:25] ⏳ 신규 기동 타겟 안정화 대기 (15초)...
[2026-07-31 11:31:40]   - [8888_app] 상태: PID [39028] / PORT UP
[2026-07-31 11:31:40]   - [8401_ui] 상태: PID [18355] / PORT UP
[2026-07-31 11:31:40]   - [8401_bot] 상태: PID [59980]
[2026-07-31 11:31:40]   - [8402_ui] 상태: PID [18357] / PORT UP
[2026-07-31 11:31:40]   - [8402_bot] 상태: PID [71275]
[2026-07-31 11:31:40]   - [8403_ui] 상태: PID [18359] / PORT UP
[2026-07-31 11:31:40]   - [8403_bot] 상태: PID [80493]
[2026-07-31 11:31:40]   - [8404_ui] 상태: PID [18361] / PORT UP
[2026-07-31 11:31:41]   - [8404_bot] 상태: PID [71299]
[2026-07-31 11:31:41]   - [8405_ui] 상태: PID [18363] / PORT UP
[2026-07-31 11:31:41]   - [8405_bot] 상태: PID [16514]
[2026-07-31 11:31:41]   - [8407_ui] 상태: PID [18365] / PORT UP
[2026-07-31 11:31:41]   - [8407_bot] 상태: DOWN
[2026-07-31 11:31:41]   - [8408_ui] 상태: PID [18367] / PORT UP
[2026-07-31 11:31:41]   - [8408_bot] 상태: PID [80536]
[2026-07-31 11:31:41]   - [8409_ui] 상태: PID [32203] / PORT UP
[2026-07-31 11:31:41]   - [8409_bot] 상태: PID [32201]
[2026-07-31 11:36:41] ❌ [8407_bot] DOWN 감지 -> 즉시 단일 기동
[2026-07-31 11:36:42] ⏳ 신규 기동 타겟 안정화 대기 (15초)...
[2026-07-31 11:36:57]   - [8888_app] 상태: PID [39028] / PORT UP
[2026-07-31 11:36:57]   - [8401_ui] 상태: PID [18355] / PORT UP
[2026-07-31 11:36:57]   - [8401_bot] 상태: PID [59980]
[2026-07-31 11:36:57]   - [8402_ui] 상태: PID [18357] / PORT UP
[2026-07-31 11:36:57]   - [8402_bot] 상태: PID [71275]
[2026-07-31 11:36:57]   - [8403_ui] 상태: PID [18359] / PORT UP
[2026-07-31 11:36:57]   - [8403_bot] 상태: PID [80493]
[2026-07-31 11:36:57]   - [8404_ui] 상태: PID [18361] / PORT UP
[2026-07-31 11:36:57]   - [8404_bot] 상태: PID [71299]
[2026-07-31 11:36:57]   - [8405_ui] 상태: PID [18363] / PORT UP
[2026-07-31 11:36:57]   - [8405_bot] 상태: PID [16514]
[2026-07-31 11:36:57]   - [8407_ui] 상태: PID [18365] / PORT UP
[2026-07-31 11:36:57]   - [8407_bot] 상태: DOWN
[2026-07-31 11:36:57]   - [8408_ui] 상태: PID [18367] / PORT UP
[2026-07-31 11:36:57]   - [8408_bot] 상태: PID [80536]
[2026-07-31 11:36:57]   - [8409_ui] 상태: PID [32203] / PORT UP
[2026-07-31 11:36:57]   - [8409_bot] 상태: PID [32201]
[2026-07-31 11:41:58] ❌ [8407_bot] DOWN 감지 -> 즉시 단일 기동
[2026-07-31 11:41:58] ⏳ 신규 기동 타겟 안정화 대기 (15초)...
[2026-07-31 11:42:13]   - [8888_app] 상태: PID [39028] / PORT UP
[2026-07-31 11:42:13]   - [8401_ui] 상태: PID [18355] / PORT UP
[2026-07-31 11:42:13]   - [8401_bot] 상태: PID [59980]
[2026-07-31 11:42:13]   - [8402_ui] 상태: PID [18357] / PORT UP
[2026-07-31 11:42:13]   - [8402_bot] 상태: PID [71275]
[2026-07-31 11:42:13]   - [8403_ui] 상태: PID [18359] / PORT UP
[2026-07-31 11:42:13]   - [8403_bot] 상태: PID [80493]
[2026-07-31 11:42:13]   - [8404_ui] 상태: PID [18361] / PORT UP
[2026-07-31 11:42:13]   - [8404_bot] 상태: PID [71299]
[2026-07-31 11:42:13]   - [8405_ui] 상태: PID [18363] / PORT UP
[2026-07-31 11:42:13]   - [8405_bot] 상태: PID [16514]
[2026-07-31 11:42:13]   - [8407_ui] 상태: PID [18365] / PORT UP
[2026-07-31 11:42:13]   - [8407_bot] 상태: DOWN
[2026-07-31 11:42:13]   - [8408_ui] 상태: PID [18367] / PORT UP
[2026-07-31 11:42:13]   - [8408_bot] 상태: PID [80536]
[2026-07-31 11:42:14]   - [8409_ui] 상태: PID [32203] / PORT UP
[2026-07-31 11:42:14]   - [8409_bot] 상태: PID [32201]
[2026-07-31 11:47:14] ❌ [8407_bot] DOWN 감지 -> 즉시 단일 기동
[2026-07-31 11:47:14] ⏳ 신규 기동 타겟 안정화 대기 (15초)...
[2026-07-31 11:47:29]   - [8888_app] 상태: PID [39028] / PORT UP
[2026-07-31 11:47:29]   - [8401_ui] 상태: PID [18355] / PORT UP
[2026-07-31 11:47:29]   - [8401_bot] 상태: PID [59980]
[2026-07-31 11:47:29]   - [8402_ui] 상태: PID [18357] / PORT UP
[2026-07-31 11:47:29]   - [8402_bot] 상태: PID [71275]
[2026-07-31 11:47:29]   - [8403_ui] 상태: PID [18359] / PORT UP
[2026-07-31 11:47:30]   - [8403_bot] 상태: PID [80493]
[2026-07-31 11:47:30]   - [8404_ui] 상태: PID [18361] / PORT UP
[2026-07-31 11:47:30]   - [8404_bot] 상태: PID [71299]
[2026-07-31 11:47:30]   - [8405_ui] 상태: PID [18363] / PORT UP
[2026-07-31 11:47:30]   - [8405_bot] 상태: PID [16514]
[2026-07-31 11:47:30]   - [8407_ui] 상태: PID [18365] / PORT UP
[2026-07-31 11:47:30]   - [8407_bot] 상태: DOWN
[2026-07-31 11:47:30]   - [8408_ui] 상태: PID [18367] / PORT UP
[2026-07-31 11:47:30]   - [8408_bot] 상태: PID [80536]
[2026-07-31 11:47:30]   - [8409_ui] 상태: PID [32203] / PORT UP
[2026-07-31 11:47:30]   - [8409_bot] 상태: PID [32201]
[2026-07-31 11:52:30] ❌ [8407_bot] DOWN 감지 -> 즉시 단일 기동
[2026-07-31 11:52:31] ⏳ 신규 기동 타겟 안정화 대기 (15초)...
[2026-07-31 11:52:46]   - [8888_app] 상태: PID [39028] / PORT UP
[2026-07-31 11:52:46]   - [8401_ui] 상태: PID [18355] / PORT UP
[2026-07-31 11:52:46]   - [8401_bot] 상태: PID [59980]
[2026-07-31 11:52:46]   - [8402_ui] 상태: PID [18357] / PORT UP
[2026-07-31 11:52:46]   - [8402_bot] 상태: PID [71275]
[2026-07-31 11:52:46]   - [8403_ui] 상태: PID [18359] / PORT UP
[2026-07-31 11:52:46]   - [8403_bot] 상태: PID [80493]
[2026-07-31 11:52:46]   - [8404_ui] 상태: PID [18361] / PORT UP
[2026-07-31 11:52:46]   - [8404_bot] 상태: PID [71299]
[2026-07-31 11:52:46]   - [8405_ui] 상태: PID [18363] / PORT UP
[2026-07-31 11:52:46]   - [8405_bot] 상태: PID [16514]
[2026-07-31 11:52:46]   - [8407_ui] 상태: PID [18365] / PORT UP
[2026-07-31 11:52:46]   - [8407_bot] 상태: DOWN
[2026-07-31 11:52:46]   - [8408_ui] 상태: PID [18367] / PORT UP
[2026-07-31 11:52:46]   - [8408_bot] 상태: PID [80536]
[2026-07-31 11:52:46]   - [8409_ui] 상태: PID [32203] / PORT UP
[2026-07-31 11:52:46]   - [8409_bot] 상태: PID [32201]
[2026-07-31 11:57:47] ❌ [8407_bot] DOWN 감지 -> 즉시 단일 기동
[2026-07-31 11:57:47] ⏳ 신규 기동 타겟 안정화 대기 (15초)...
[2026-07-31 11:58:02]   - [8888_app] 상태: PID [39028] / PORT UP
[2026-07-31 11:58:02]   - [8401_ui] 상태: PID [18355] / PORT UP
[2026-07-31 11:58:02]   - [8401_bot] 상태: PID [59980]
[2026-07-31 11:58:02]   - [8402_ui] 상태: PID [18357] / PORT UP
[2026-07-31 11:58:02]   - [8402_bot] 상태: PID [71275]
[2026-07-31 11:58:02]   - [8403_ui] 상태: PID [18359] / PORT UP
[2026-07-31 11:58:02]   - [8403_bot] 상태: PID [80493]
[2026-07-31 11:58:02]   - [8404_ui] 상태: PID [18361] / PORT UP
[2026-07-31 11:58:02]   - [8404_bot] 상태: PID [71299]
[2026-07-31 11:58:03]   - [8405_ui] 상태: PID [18363] / PORT UP
[2026-07-31 11:58:03]   - [8405_bot] 상태: PID [16514]
[2026-07-31 11:58:03]   - [8407_ui] 상태: PID [18365] / PORT UP
[2026-07-31 11:58:03]   - [8407_bot] 상태: DOWN
[2026-07-31 11:58:03]   - [8408_ui] 상태: PID [18367] / PORT UP
[2026-07-31 11:58:03]   - [8408_bot] 상태: PID [80536]
[2026-07-31 11:58:03]   - [8409_ui] 상태: PID [32203] / PORT UP
[2026-07-31 11:58:03]   - [8409_bot] 상태: PID [32201]
[2026-07-31 12:03:03] ❌ [8407_bot] DOWN 감지 -> 즉시 단일 기동
[2026-07-31 12:03:04] ⏳ 신규 기동 타겟 안정화 대기 (15초)...
[2026-07-31 12:03:19]   - [8888_app] 상태: PID [39028] / PORT UP
[2026-07-31 12:03:19]   - [8401_ui] 상태: PID [18355] / PORT UP
[2026-07-31 12:03:19]   - [8401_bot] 상태: PID [59980]
[2026-07-31 12:03:19]   - [8402_ui] 상태: PID [18357] / PORT UP
[2026-07-31 12:03:19]   - [8402_bot] 상태: PID [71275]
[2026-07-31 12:03:19]   - [8403_ui] 상태: PID [18359] / PORT UP
[2026-07-31 12:03:19]   - [8403_bot] 상태: PID [80493]
[2026-07-31 12:03:19]   - [8404_ui] 상태: PID [18361] / PORT UP
[2026-07-31 12:03:19]   - [8404_bot] 상태: PID [71299]
[2026-07-31 12:03:19]   - [8405_ui] 상태: PID [18363] / PORT UP
[2026-07-31 12:03:19]   - [8405_bot] 상태: PID [16514]
[2026-07-31 12:03:19]   - [8407_ui] 상태: PID [18365] / PORT UP
[2026-07-31 12:03:19]   - [8407_bot] 상태: DOWN
[2026-07-31 12:03:19]   - [8408_ui] 상태: PID [18367] / PORT UP
[2026-07-31 12:03:19]   - [8408_bot] 상태: PID [80536]
[2026-07-31 12:03:19]   - [8409_ui] 상태: PID [32203] / PORT UP
[2026-07-31 12:03:19]   - [8409_bot] 상태: PID [32201]
[2026-07-31 12:08:20] ❌ [8407_bot] DOWN 감지 -> 즉시 단일 기동
[2026-07-31 12:08:20] ⏳ 신규 기동 타겟 안정화 대기 (15초)...
[2026-07-31 12:08:35]   - [8888_app] 상태: PID [39028] / PORT UP
[2026-07-31 12:08:35]   - [8401_ui] 상태: PID [18355] / PORT UP
[2026-07-31 12:08:35]   - [8401_bot] 상태: PID [59980]
[2026-07-31 12:08:35]   - [8402_ui] 상태: PID [18357] / PORT UP
[2026-07-31 12:08:35]   - [8402_bot] 상태: PID [71275]
[2026-07-31 12:08:35]   - [8403_ui] 상태: PID [18359] / PORT UP
[2026-07-31 12:08:35]   - [8403_bot] 상태: PID [80493]
[2026-07-31 12:08:35]   - [8404_ui] 상태: PID [18361] / PORT UP
[2026-07-31 12:08:35]   - [8404_bot] 상태: PID [71299]
[2026-07-31 12:08:35]   - [8405_ui] 상태: PID [18363] / PORT UP
[2026-07-31 12:08:35]   - [8405_bot] 상태: PID [16514]
[2026-07-31 12:08:35]   - [8407_ui] 상태: PID [18365] / PORT UP
[2026-07-31 12:08:35]   - [8407_bot] 상태: DOWN
[2026-07-31 12:08:35]   - [8408_ui] 상태: PID [18367] / PORT UP
[2026-07-31 12:08:36]   - [8408_bot] 상태: PID [80536]
[2026-07-31 12:08:36]   - [8409_ui] 상태: PID [32203] / PORT UP
[2026-07-31 12:08:36]   - [8409_bot] 상태: PID [32201]
[2026-07-31 12:13:36] ❌ [8407_bot] DOWN 감지 -> 즉시 단일 기동
[2026-07-31 12:13:36] ⏳ 신규 기동 타겟 안정화 대기 (15초)...
[2026-07-31 12:13:51]   - [8888_app] 상태: PID [39028] / PORT UP
[2026-07-31 12:13:51]   - [8401_ui] 상태: PID [18355] / PORT UP
[2026-07-31 12:13:51]   - [8401_bot] 상태: PID [59980]
[2026-07-31 12:13:51]   - [8402_ui] 상태: PID [18357] / PORT UP
[2026-07-31 12:13:51]   - [8402_bot] 상태: PID [71275]
[2026-07-31 12:13:52]   - [8403_ui] 상태: PID [18359] / PORT UP
[2026-07-31 12:13:52]   - [8403_bot] 상태: PID [80493]
[2026-07-31 12:13:52]   - [8404_ui] 상태: PID [18361] / PORT UP
[2026-07-31 12:13:52]   - [8404_bot] 상태: PID [71299]
[2026-07-31 12:13:52]   - [8405_ui] 상태: PID [18363] / PORT UP
[2026-07-31 12:13:52]   - [8405_bot] 상태: PID [16514]
[2026-07-31 12:13:52]   - [8407_ui] 상태: PID [18365] / PORT UP
[2026-07-31 12:13:52]   - [8407_bot] 상태: DOWN
[2026-07-31 12:13:52]   - [8408_ui] 상태: PID [18367] / PORT UP
[2026-07-31 12:13:52]   - [8408_bot] 상태: PID [80536]
[2026-07-31 12:13:52]   - [8409_ui] 상태: PID [32203] / PORT UP
[2026-07-31 12:13:52]   - [8409_bot] 상태: PID [32201]
[2026-07-31 12:18:52] ❌ [8407_bot] DOWN 감지 -> 즉시 단일 기동
[2026-07-31 12:18:53] ⏳ 신규 기동 타겟 안정화 대기 (15초)...
[2026-07-31 12:19:08]   - [8888_app] 상태: PID [39028] / PORT UP
[2026-07-31 12:19:08]   - [8401_ui] 상태: PID [18355] / PORT UP
[2026-07-31 12:19:08]   - [8401_bot] 상태: PID [59980]
[2026-07-31 12:19:08]   - [8402_ui] 상태: PID [18357] / PORT UP
[2026-07-31 12:19:08]   - [8402_bot] 상태: PID [71275]
[2026-07-31 12:19:08]   - [8403_ui] 상태: PID [18359] / PORT UP
[2026-07-31 12:19:08]   - [8403_bot] 상태: PID [80493]
[2026-07-31 12:19:08]   - [8404_ui] 상태: PID [18361] / PORT UP
[2026-07-31 12:19:08]   - [8404_bot] 상태: PID [71299]
[2026-07-31 12:19:08]   - [8405_ui] 상태: PID [18363] / PORT UP
[2026-07-31 12:19:08]   - [8405_bot] 상태: PID [16514]
[2026-07-31 12:19:08]   - [8407_ui] 상태: PID [18365] / PORT UP
[2026-07-31 12:19:08]   - [8407_bot] 상태: DOWN
[2026-07-31 12:19:08]   - [8408_ui] 상태: PID [18367] / PORT UP
[2026-07-31 12:19:08]   - [8408_bot] 상태: PID [80536]
[2026-07-31 12:19:08]   - [8409_ui] 상태: PID [32203] / PORT UP
[2026-07-31 12:19:08]   - [8409_bot] 상태: PID [32201]
[2026-07-31 12:24:09] ❌ [8407_bot] DOWN 감지 -> 즉시 단일 기동
[2026-07-31 12:24:09] ⏳ 신규 기동 타겟 안정화 대기 (15초)...
[2026-07-31 12:24:24]   - [8888_app] 상태: PID [39028] / PORT UP
[2026-07-31 12:24:24]   - [8401_ui] 상태: PID [18355] / PORT UP
[2026-07-31 12:24:24]   - [8401_bot] 상태: PID [59980]
[2026-07-31 12:24:24]   - [8402_ui] 상태: PID [18357] / PORT UP
[2026-07-31 12:24:24]   - [8402_bot] 상태: PID [71275]
[2026-07-31 12:24:24]   - [8403_ui] 상태: PID [18359] / PORT UP
[2026-07-31 12:24:24]   - [8403_bot] 상태: PID [80493]
[2026-07-31 12:24:24]   - [8404_ui] 상태: PID [18361] / PORT UP
[2026-07-31 12:24:24]   - [8404_bot] 상태: PID [71299]
[2026-07-31 12:24:24]   - [8405_ui] 상태: PID [18363] / PORT UP
[2026-07-31 12:24:24]   - [8405_bot] 상태: PID [16514]
[2026-07-31 12:24:25]   - [8407_ui] 상태: PID [18365] / PORT UP
[2026-07-31 12:24:25]   - [8407_bot] 상태: DOWN
[2026-07-31 12:24:25]   - [8408_ui] 상태: PID [18367] / PORT UP
[2026-07-31 12:24:25]   - [8408_bot] 상태: PID [80536]
[2026-07-31 12:24:25]   - [8409_ui] 상태: PID [32203] / PORT UP
[2026-07-31 12:24:25]   - [8409_bot] 상태: PID [32201]
[2026-07-31 12:29:25] ❌ [8407_bot] DOWN 감지 -> 즉시 단일 기동
[2026-07-31 12:29:25] ⏳ 신규 기동 타겟 안정화 대기 (15초)...
[2026-07-31 12:29:41]   - [8888_app] 상태: PID [39028] / PORT UP
[2026-07-31 12:29:41]   - [8401_ui] 상태: PID [18355] / PORT UP
[2026-07-31 12:29:41]   - [8401_bot] 상태: PID [59980]
[2026-07-31 12:29:41]   - [8402_ui] 상태: PID [18357] / PORT UP
[2026-07-31 12:29:41]   - [8402_bot] 상태: PID [71275]
[2026-07-31 12:29:41]   - [8403_ui] 상태: PID [18359] / PORT UP
[2026-07-31 12:29:41]   - [8403_bot] 상태: PID [80493]
[2026-07-31 12:29:41]   - [8404_ui] 상태: PID [18361] / PORT UP
[2026-07-31 12:29:41]   - [8404_bot] 상태: PID [71299]
[2026-07-31 12:29:41]   - [8405_ui] 상태: PID [18363] / PORT UP
[2026-07-31 12:29:41]   - [8405_bot] 상태: PID [16514]
[2026-07-31 12:29:41]   - [8407_ui] 상태: PID [18365] / PORT UP
[2026-07-31 12:29:41]   - [8407_bot] 상태: DOWN
[2026-07-31 12:29:41]   - [8408_ui] 상태: PID [18367] / PORT UP
[2026-07-31 12:29:41]   - [8408_bot] 상태: PID [80536]
[2026-07-31 12:29:41]   - [8409_ui] 상태: PID [32203] / PORT UP
[2026-07-31 12:29:41]   - [8409_bot] 상태: PID [32201]
[2026-07-31 12:34:42] ❌ [8407_bot] DOWN 감지 -> 즉시 단일 기동
[2026-07-31 12:34:42] ⏳ 신규 기동 타겟 안정화 대기 (15초)...
[2026-07-31 12:34:57]   - [8888_app] 상태: PID [39028] / PORT UP
[2026-07-31 12:34:57]   - [8401_ui] 상태: PID [18355] / PORT UP
[2026-07-31 12:34:57]   - [8401_bot] 상태: PID [59980]
[2026-07-31 12:34:57]   - [8402_ui] 상태: PID [18357] / PORT UP
[2026-07-31 12:34:57]   - [8402_bot] 상태: PID [71275]
[2026-07-31 12:34:57]   - [8403_ui] 상태: PID [18359] / PORT UP
[2026-07-31 12:34:57]   - [8403_bot] 상태: PID [80493]
[2026-07-31 12:34:57]   - [8404_ui] 상태: PID [18361] / PORT UP
[2026-07-31 12:34:57]   - [8404_bot] 상태: PID [71299]
[2026-07-31 12:34:57]   - [8405_ui] 상태: PID [18363] / PORT UP
[2026-07-31 12:34:57]   - [8405_bot] 상태: PID [16514]
[2026-07-31 12:34:57]   - [8407_ui] 상태: PID [18365] / PORT UP
[2026-07-31 12:34:57]   - [8407_bot] 상태: DOWN
[2026-07-31 12:34:57]   - [8408_ui] 상태: PID [18367] / PORT UP
[2026-07-31 12:34:58]   - [8408_bot] 상태: PID [80536]
[2026-07-31 12:34:58]   - [8409_ui] 상태: PID [32203] / PORT UP
[2026-07-31 12:34:58]   - [8409_bot] 상태: PID [32201]
[2026-07-31 12:39:58] ❌ [8407_bot] DOWN 감지 -> 즉시 단일 기동
[2026-07-31 12:39:58] ⏳ 신규 기동 타겟 안정화 대기 (15초)...
[2026-07-31 12:40:13]   - [8888_app] 상태: PID [39028] / PORT UP
[2026-07-31 12:40:13]   - [8401_ui] 상태: PID [18355] / PORT UP
[2026-07-31 12:40:14]   - [8401_bot] 상태: PID [59980]
[2026-07-31 12:40:14]   - [8402_ui] 상태: PID [18357] / PORT UP
[2026-07-31 12:40:14]   - [8402_bot] 상태: PID [71275]
[2026-07-31 12:40:14]   - [8403_ui] 상태: PID [18359] / PORT UP
[2026-07-31 12:40:14]   - [8403_bot] 상태: PID [80493]
[2026-07-31 12:40:14]   - [8404_ui] 상태: PID [18361] / PORT UP
[2026-07-31 12:40:14]   - [8404_bot] 상태: PID [71299]
[2026-07-31 12:40:14]   - [8405_ui] 상태: PID [18363] / PORT UP
[2026-07-31 12:40:14]   - [8405_bot] 상태: PID [16514]
[2026-07-31 12:40:14]   - [8407_ui] 상태: PID [18365] / PORT UP
[2026-07-31 12:40:14]   - [8407_bot] 상태: DOWN
[2026-07-31 12:40:14]   - [8408_ui] 상태: PID [18367] / PORT UP
[2026-07-31 12:40:14]   - [8408_bot] 상태: PID [80536]
[2026-07-31 12:40:14]   - [8409_ui] 상태: PID [32203] / PORT UP
[2026-07-31 12:40:14]   - [8409_bot] 상태: PID [32201]
[2026-07-31 12:45:15] ❌ [8407_bot] DOWN 감지 -> 즉시 단일 기동
[2026-07-31 12:45:15] ⏳ 신규 기동 타겟 안정화 대기 (15초)...
[2026-07-31 12:45:30]   - [8888_app] 상태: PID [39028] / PORT UP
[2026-07-31 12:45:30]   - [8401_ui] 상태: PID [18355] / PORT UP
[2026-07-31 12:45:30]   - [8401_bot] 상태: PID [59980]
[2026-07-31 12:45:30]   - [8402_ui] 상태: PID [18357] / PORT UP
[2026-07-31 12:45:30]   - [8402_bot] 상태: PID [71275]
[2026-07-31 12:45:30]   - [8403_ui] 상태: PID [18359] / PORT UP
[2026-07-31 12:45:30]   - [8403_bot] 상태: PID [80493]
[2026-07-31 12:45:30]   - [8404_ui] 상태: PID [18361] / PORT UP
[2026-07-31 12:45:30]   - [8404_bot] 상태: PID [71299]
[2026-07-31 12:45:30]   - [8405_ui] 상태: PID [18363] / PORT UP
[2026-07-31 12:45:30]   - [8405_bot] 상태: PID [16514]
[2026-07-31 12:45:31]   - [8407_ui] 상태: PID [18365] / PORT UP
[2026-07-31 12:45:31]   - [8407_bot] 상태: DOWN
[2026-07-31 12:45:31]   - [8408_ui] 상태: PID [63975] / PORT UP
[2026-07-31 12:45:31]   - [8408_bot] 상태: PID [63973]
[2026-07-31 12:45:31]   - [8409_ui] 상태: PID [32203] / PORT UP
[2026-07-31 12:45:31]   - [8409_bot] 상태: PID [32201]
[2026-07-31 12:50:31] ❌ [8407_bot] DOWN 감지 -> 즉시 단일 기동
[2026-07-31 12:50:31] ⏳ 신규 기동 타겟 안정화 대기 (15초)...
[2026-07-31 12:50:46]   - [8888_app] 상태: PID [39028] / PORT UP
[2026-07-31 12:50:46]   - [8401_ui] 상태: PID [18355] / PORT UP
[2026-07-31 12:50:47]   - [8401_bot] 상태: PID [59980]
[2026-07-31 12:50:47]   - [8402_ui] 상태: PID [18357] / PORT UP
[2026-07-31 12:50:47]   - [8402_bot] 상태: PID [71275]
[2026-07-31 12:50:47]   - [8403_ui] 상태: PID [18359] / PORT UP
[2026-07-31 12:50:47]   - [8403_bot] 상태: PID [80493]
[2026-07-31 12:50:47]   - [8404_ui] 상태: PID [18361] / PORT UP
[2026-07-31 12:50:47]   - [8404_bot] 상태: PID [71299]
[2026-07-31 12:50:47]   - [8405_ui] 상태: PID [18363] / PORT UP
[2026-07-31 12:50:47]   - [8405_bot] 상태: PID [16514]
[2026-07-31 12:50:47]   - [8407_ui] 상태: PID [18365] / PORT UP
[2026-07-31 12:50:47]   - [8407_bot] 상태: DOWN
[2026-07-31 12:50:47]   - [8408_ui] 상태: PID [63975] / PORT UP
[2026-07-31 12:50:47]   - [8408_bot] 상태: PID [63973]
[2026-07-31 12:50:47]   - [8409_ui] 상태: PID [32203] / PORT UP
[2026-07-31 12:50:47]   - [8409_bot] 상태: PID [32201]
[2026-07-31 12:55:48] ❌ [8407_bot] DOWN 감지 -> 즉시 단일 기동
[2026-07-31 12:55:48] ⏳ 신규 기동 타겟 안정화 대기 (15초)...
[2026-07-31 12:56:03]   - [8888_app] 상태: PID [39028] / PORT UP
[2026-07-31 12:56:03]   - [8401_ui] 상태: PID [18355] / PORT UP
[2026-07-31 12:56:03]   - [8401_bot] 상태: PID [59980]
[2026-07-31 12:56:03]   - [8402_ui] 상태: PID [18357] / PORT UP
[2026-07-31 12:56:03]   - [8402_bot] 상태: PID [71275]
[2026-07-31 12:56:03]   - [8403_ui] 상태: PID [18359] / PORT UP
[2026-07-31 12:56:03]   - [8403_bot] 상태: PID [80493]
[2026-07-31 12:56:03]   - [8404_ui] 상태: PID [18361] / PORT UP
[2026-07-31 12:56:03]   - [8404_bot] 상태: PID [71299]
[2026-07-31 12:56:03]   - [8405_ui] 상태: PID [18363] / PORT UP
[2026-07-31 12:56:03]   - [8405_bot] 상태: PID [16514]
[2026-07-31 12:56:03]   - [8407_ui] 상태: PID [18365] / PORT UP
[2026-07-31 12:56:03]   - [8407_bot] 상태: DOWN
[2026-07-31 12:56:03]   - [8408_ui] 상태: PID [63975] / PORT UP
[2026-07-31 12:56:03]   - [8408_bot] 상태: PID [63973]
[2026-07-31 12:56:03]   - [8409_ui] 상태: PID [32203] / PORT UP
[2026-07-31 12:56:03]   - [8409_bot] 상태: PID [32201]
[2026-07-31 13:01:04] ❌ [8407_bot] DOWN 감지 -> 즉시 단일 기동
[2026-07-31 13:01:04] ⏳ 신규 기동 타겟 안정화 대기 (15초)...
[2026-07-31 13:01:19]   - [8888_app] 상태: PID [39028] / PORT UP
[2026-07-31 13:01:19]   - [8401_ui] 상태: PID [18355] / PORT UP
[2026-07-31 13:01:19]   - [8401_bot] 상태: PID [59980]
[2026-07-31 13:01:19]   - [8402_ui] 상태: PID [18357] / PORT UP
[2026-07-31 13:01:19]   - [8402_bot] 상태: PID [71275]
[2026-07-31 13:01:19]   - [8403_ui] 상태: PID [18359] / PORT UP
[2026-07-31 13:01:19]   - [8403_bot] 상태: PID [80493]
[2026-07-31 13:01:19]   - [8404_ui] 상태: PID [18361] / PORT UP
[2026-07-31 13:01:20]   - [8404_bot] 상태: PID [71299]
[2026-07-31 13:01:20]   - [8405_ui] 상태: PID [18363] / PORT UP
[2026-07-31 13:01:20]   - [8405_bot] 상태: PID [16514]
[2026-07-31 13:01:20]   - [8407_ui] 상태: PID [18365] / PORT UP
[2026-07-31 13:01:20]   - [8407_bot] 상태: DOWN
[2026-07-31 13:01:20]   - [8408_ui] 상태: PID [63975] / PORT UP
[2026-07-31 13:01:20]   - [8408_bot] 상태: PID [63973]
[2026-07-31 13:01:20]   - [8409_ui] 상태: PID [32203] / PORT UP
[2026-07-31 13:01:20]   - [8409_bot] 상태: PID [32201]
[2026-07-31 13:06:20] ❌ [8407_bot] DOWN 감지 -> 즉시 단일 기동
[2026-07-31 13:06:21] ⏳ 신규 기동 타겟 안정화 대기 (15초)...
[2026-07-31 13:06:36]   - [8888_app] 상태: PID [39028] / PORT UP
[2026-07-31 13:06:36]   - [8401_ui] 상태: PID [18355] / PORT UP
[2026-07-31 13:06:36]   - [8401_bot] 상태: PID [59980]
[2026-07-31 13:06:36]   - [8402_ui] 상태: PID [18357] / PORT UP
[2026-07-31 13:06:36]   - [8402_bot] 상태: PID [71275]
[2026-07-31 13:06:36]   - [8403_ui] 상태: PID [18359] / PORT UP
[2026-07-31 13:06:36]   - [8403_bot] 상태: PID [80493]
[2026-07-31 13:06:36]   - [8404_ui] 상태: PID [18361] / PORT UP
[2026-07-31 13:06:36]   - [8404_bot] 상태: PID [71299]
[2026-07-31 13:06:36]   - [8405_ui] 상태: PID [18363] / PORT UP
[2026-07-31 13:06:36]   - [8405_bot] 상태: PID [16514]
[2026-07-31 13:06:36]   - [8407_ui] 상태: PID [18365] / PORT UP
[2026-07-31 13:06:36]   - [8407_bot] 상태: DOWN
[2026-07-31 13:06:36]   - [8408_ui] 상태: PID [63975] / PORT UP
[2026-07-31 13:06:36]   - [8408_bot] 상태: PID [63973]
[2026-07-31 13:06:36]   - [8409_ui] 상태: PID [32203] / PORT UP
[2026-07-31 13:06:36]   - [8409_bot] 상태: PID [32201]
[2026-07-31 13:11:37] ❌ [8407_bot] DOWN 감지 -> 즉시 단일 기동
[2026-07-31 13:11:37] ⏳ 신규 기동 타겟 안정화 대기 (15초)...
[2026-07-31 13:11:52]   - [8888_app] 상태: PID [39028] / PORT UP
[2026-07-31 13:11:52]   - [8401_ui] 상태: PID [18355] / PORT UP
[2026-07-31 13:11:52]   - [8401_bot] 상태: PID [59980]
[2026-07-31 13:11:52]   - [8402_ui] 상태: PID [18357] / PORT UP
[2026-07-31 13:11:52]   - [8402_bot] 상태: PID [71275]
[2026-07-31 13:11:52]   - [8403_ui] 상태: PID [18359] / PORT UP
[2026-07-31 13:11:52]   - [8403_bot] 상태: PID [80493]
[2026-07-31 13:11:52]   - [8404_ui] 상태: PID [18361] / PORT UP
[2026-07-31 13:11:52]   - [8404_bot] 상태: PID [71299]
[2026-07-31 13:11:52]   - [8405_ui] 상태: PID [18363] / PORT UP
[2026-07-31 13:11:52]   - [8405_bot] 상태: PID [16514]
[2026-07-31 13:11:52]   - [8407_ui] 상태: PID [18365] / PORT UP
[2026-07-31 13:11:53]   - [8407_bot] 상태: DOWN
[2026-07-31 13:11:53]   - [8408_ui] 상태: PID [63975] / PORT UP
[2026-07-31 13:11:53]   - [8408_bot] 상태: PID [63973]
[2026-07-31 13:11:53]   - [8409_ui] 상태: PID [32203] / PORT UP
[2026-07-31 13:11:53]   - [8409_bot] 상태: PID [32201]
[2026-07-31 13:16:53] ❌ [8407_bot] DOWN 감지 -> 즉시 단일 기동
[2026-07-31 13:16:53] ⏳ 신규 기동 타겟 안정화 대기 (15초)...
[2026-07-31 13:17:08]   - [8888_app] 상태: PID [39028] / PORT UP
[2026-07-31 13:17:08]   - [8401_ui] 상태: PID [18355] / PORT UP
[2026-07-31 13:17:08]   - [8401_bot] 상태: PID [59980]
[2026-07-31 13:17:09]   - [8402_ui] 상태: PID [18357] / PORT UP
[2026-07-31 13:17:09]   - [8402_bot] 상태: PID [71275]
[2026-07-31 13:17:09]   - [8403_ui] 상태: PID [18359] / PORT UP
[2026-07-31 13:17:09]   - [8403_bot] 상태: PID [80493]
[2026-07-31 13:17:09]   - [8404_ui] 상태: PID [18361] / PORT UP
[2026-07-31 13:17:09]   - [8404_bot] 상태: PID [71299]
[2026-07-31 13:17:09]   - [8405_ui] 상태: PID [18363] / PORT UP
[2026-07-31 13:17:09]   - [8405_bot] 상태: PID [16514]
[2026-07-31 13:17:09]   - [8407_ui] 상태: PID [18365] / PORT UP
[2026-07-31 13:17:09]   - [8407_bot] 상태: DOWN
[2026-07-31 13:17:09]   - [8408_ui] 상태: PID [63975] / PORT UP
[2026-07-31 13:17:09]   - [8408_bot] 상태: PID [63973]
[2026-07-31 13:17:09]   - [8409_ui] 상태: PID [32203] / PORT UP
[2026-07-31 13:17:09]   - [8409_bot] 상태: PID [32201]
[2026-07-31 13:22:10] ❌ [8407_bot] DOWN 감지 -> 즉시 단일 기동
[2026-07-31 13:22:10] ⏳ 신규 기동 타겟 안정화 대기 (15초)...
[2026-07-31 13:22:25]   - [8888_app] 상태: PID [39028] / PORT UP
[2026-07-31 13:22:25]   - [8401_ui] 상태: PID [18355] / PORT UP
[2026-07-31 13:22:25]   - [8401_bot] 상태: PID [59980]
[2026-07-31 13:22:25]   - [8402_ui] 상태: PID [18357] / PORT UP
[2026-07-31 13:22:25]   - [8402_bot] 상태: PID [71275]
[2026-07-31 13:22:25]   - [8403_ui] 상태: PID [18359] / PORT UP
[2026-07-31 13:22:25]   - [8403_bot] 상태: PID [80493]
[2026-07-31 13:22:25]   - [8404_ui] 상태: PID [18361] / PORT UP
[2026-07-31 13:22:25]   - [8404_bot] 상태: PID [71299]
[2026-07-31 13:22:25]   - [8405_ui] 상태: PID [18363] / PORT UP
[2026-07-31 13:22:25]   - [8405_bot] 상태: PID [16514]
[2026-07-31 13:22:25]   - [8407_ui] 상태: PID [18365] / PORT UP
[2026-07-31 13:22:25]   - [8407_bot] 상태: DOWN
[2026-07-31 13:22:25]   - [8408_ui] 상태: PID [63975] / PORT UP
[2026-07-31 13:22:25]   - [8408_bot] 상태: PID [63973]
[2026-07-31 13:22:25]   - [8409_ui] 상태: PID [32203] / PORT UP
[2026-07-31 13:22:25]   - [8409_bot] 상태: PID [32201]
[2026-07-31 13:27:26] ❌ [8407_bot] DOWN 감지 -> 즉시 단일 기동
[2026-07-31 13:27:26] ⏳ 신규 기동 타겟 안정화 대기 (15초)...
[2026-07-31 13:27:41]   - [8888_app] 상태: PID [39028] / PORT UP
[2026-07-31 13:27:41]   - [8401_ui] 상태: PID [18355] / PORT UP
[2026-07-31 13:27:41]   - [8401_bot] 상태: PID [59980]
[2026-07-31 13:27:41]   - [8402_ui] 상태: PID [18357] / PORT UP
[2026-07-31 13:27:41]   - [8402_bot] 상태: PID [71275]
[2026-07-31 13:27:41]   - [8403_ui] 상태: PID [18359] / PORT UP
[2026-07-31 13:27:41]   - [8403_bot] 상태: PID [80493]
[2026-07-31 13:27:41]   - [8404_ui] 상태: PID [18361] / PORT UP
[2026-07-31 13:27:42]   - [8404_bot] 상태: PID [71299]
[2026-07-31 13:27:42]   - [8405_ui] 상태: PID [18363] / PORT UP
[2026-07-31 13:27:42]   - [8405_bot] 상태: PID [16514]
[2026-07-31 13:27:42]   - [8407_ui] 상태: PID [18365] / PORT UP
[2026-07-31 13:27:42]   - [8407_bot] 상태: DOWN
[2026-07-31 13:27:42]   - [8408_ui] 상태: PID [63975] / PORT UP
[2026-07-31 13:27:42]   - [8408_bot] 상태: PID [63973]
[2026-07-31 13:27:42]   - [8409_ui] 상태: PID [32203] / PORT UP
[2026-07-31 13:27:42]   - [8409_bot] 상태: PID [32201]
[2026-07-31 13:32:42] ❌ [8407_bot] DOWN 감지 -> 즉시 단일 기동
[2026-07-31 13:32:42] ⏳ 신규 기동 타겟 안정화 대기 (15초)...
[2026-07-31 13:32:58]   - [8888_app] 상태: PID [39028] / PORT UP
[2026-07-31 13:32:58]   - [8401_ui] 상태: PID [18355] / PORT UP
[2026-07-31 13:32:58]   - [8401_bot] 상태: PID [59980]
[2026-07-31 13:32:58]   - [8402_ui] 상태: PID [18357] / PORT UP
[2026-07-31 13:32:58]   - [8402_bot] 상태: PID [71275]
[2026-07-31 13:32:58]   - [8403_ui] 상태: PID [18359] / PORT UP
[2026-07-31 13:32:58]   - [8403_bot] 상태: PID [80493]
[2026-07-31 13:32:58]   - [8404_ui] 상태: PID [18361] / PORT UP
[2026-07-31 13:32:58]   - [8404_bot] 상태: PID [71299]
[2026-07-31 13:32:58]   - [8405_ui] 상태: PID [18363] / PORT UP
[2026-07-31 13:32:58]   - [8405_bot] 상태: PID [16514]
[2026-07-31 13:32:58]   - [8407_ui] 상태: PID [18365] / PORT UP
[2026-07-31 13:32:58]   - [8407_bot] 상태: DOWN
[2026-07-31 13:32:58]   - [8408_ui] 상태: PID [63975] / PORT UP
[2026-07-31 13:32:58]   - [8408_bot] 상태: PID [63973]
[2026-07-31 13:32:58]   - [8409_ui] 상태: PID [32203] / PORT UP
[2026-07-31 13:32:58]   - [8409_bot] 상태: PID [32201]
[2026-07-31 13:37:59] ❌ [8407_bot] DOWN 감지 -> 즉시 단일 기동
[2026-07-31 13:37:59] ⏳ 신규 기동 타겟 안정화 대기 (15초)...
[2026-07-31 13:38:14]   - [8888_app] 상태: PID [39028] / PORT UP
[2026-07-31 13:38:14]   - [8401_ui] 상태: PID [18355] / PORT UP
[2026-07-31 13:38:14]   - [8401_bot] 상태: PID [59980]
[2026-07-31 13:38:14]   - [8402_ui] 상태: PID [18357] / PORT UP
[2026-07-31 13:38:14]   - [8402_bot] 상태: PID [71275]
[2026-07-31 13:38:14]   - [8403_ui] 상태: PID [18359] / PORT UP
[2026-07-31 13:38:14]   - [8403_bot] 상태: PID [80493]
[2026-07-31 13:38:14]   - [8404_ui] 상태: PID [18361] / PORT UP
[2026-07-31 13:38:14]   - [8404_bot] 상태: PID [71299]
[2026-07-31 13:38:14]   - [8405_ui] 상태: PID [18363] / PORT UP
[2026-07-31 13:38:14]   - [8405_bot] 상태: PID [16514]
[2026-07-31 13:38:14]   - [8407_ui] 상태: PID [18365] / PORT UP
[2026-07-31 13:38:14]   - [8407_bot] 상태: DOWN
[2026-07-31 13:38:14]   - [8408_ui] 상태: PID [63975] / PORT UP
[2026-07-31 13:38:14]   - [8408_bot] 상태: PID [63973]
[2026-07-31 13:38:15]   - [8409_ui] 상태: PID [32203] / PORT UP
[2026-07-31 13:38:15]   - [8409_bot] 상태: PID [32201]
[2026-07-31 13:43:15] ❌ [8407_bot] DOWN 감지 -> 즉시 단일 기동
[2026-07-31 13:43:15] ⏳ 신규 기동 타겟 안정화 대기 (15초)...
[2026-07-31 13:43:30]   - [8888_app] 상태: PID [39028] / PORT UP
[2026-07-31 13:43:30]   - [8401_ui] 상태: PID [18355] / PORT UP
[2026-07-31 13:43:30]   - [8401_bot] 상태: PID [59980]
[2026-07-31 13:43:30]   - [8402_ui] 상태: PID [18357] / PORT UP
[2026-07-31 13:43:30]   - [8402_bot] 상태: PID [71275]
[2026-07-31 13:43:31]   - [8403_ui] 상태: PID [18359] / PORT UP
[2026-07-31 13:43:31]   - [8403_bot] 상태: PID [80493]
[2026-07-31 13:43:31]   - [8404_ui] 상태: PID [18361] / PORT UP
[2026-07-31 13:43:31]   - [8404_bot] 상태: PID [71299]
[2026-07-31 13:43:31]   - [8405_ui] 상태: PID [18363] / PORT UP
[2026-07-31 13:43:31]   - [8405_bot] 상태: PID [16514]
[2026-07-31 13:43:31]   - [8407_ui] 상태: PID [18365] / PORT UP
[2026-07-31 13:43:31]   - [8407_bot] 상태: DOWN
[2026-07-31 13:43:31]   - [8408_ui] 상태: PID [63975] / PORT UP
[2026-07-31 13:43:31]   - [8408_bot] 상태: PID [63973]
[2026-07-31 13:43:31]   - [8409_ui] 상태: PID [32203] / PORT UP
[2026-07-31 13:43:31]   - [8409_bot] 상태: PID [32201]
[2026-07-31 13:48:31] ❌ [8407_bot] DOWN 감지 -> 즉시 단일 기동
[2026-07-31 13:48:32] ⏳ 신규 기동 타겟 안정화 대기 (15초)...
[2026-07-31 13:48:47]   - [8888_app] 상태: PID [39028] / PORT UP
[2026-07-31 13:48:47]   - [8401_ui] 상태: PID [18355] / PORT UP
[2026-07-31 13:48:47]   - [8401_bot] 상태: PID [59980]
[2026-07-31 13:48:47]   - [8402_ui] 상태: PID [18357] / PORT UP
[2026-07-31 13:48:47]   - [8402_bot] 상태: PID [71275]
[2026-07-31 13:48:47]   - [8403_ui] 상태: PID [18359] / PORT UP
[2026-07-31 13:48:47]   - [8403_bot] 상태: PID [80493]
[2026-07-31 13:48:47]   - [8404_ui] 상태: PID [18361] / PORT UP
[2026-07-31 13:48:47]   - [8404_bot] 상태: PID [71299]
[2026-07-31 13:48:47]   - [8405_ui] 상태: PID [18363] / PORT UP
[2026-07-31 13:48:47]   - [8405_bot] 상태: PID [16514]
[2026-07-31 13:48:47]   - [8407_ui] 상태: PID [18365] / PORT UP
[2026-07-31 13:48:47]   - [8407_bot] 상태: DOWN
[2026-07-31 13:48:47]   - [8408_ui] 상태: PID [63975] / PORT UP
[2026-07-31 13:48:47]   - [8408_bot] 상태: PID [63973]
[2026-07-31 13:48:47]   - [8409_ui] 상태: PID [32203] / PORT UP
[2026-07-31 13:48:47]   - [8409_bot] 상태: PID [32201]
[2026-07-31 13:53:48] ❌ [8407_bot] DOWN 감지 -> 즉시 단일 기동
[2026-07-31 13:53:48] ⏳ 신규 기동 타겟 안정화 대기 (15초)...
[2026-07-31 13:54:03]   - [8888_app] 상태: PID [39028] / PORT UP
[2026-07-31 13:54:03]   - [8401_ui] 상태: PID [18355] / PORT UP
[2026-07-31 13:54:03]   - [8401_bot] 상태: PID [59980]
[2026-07-31 13:54:03]   - [8402_ui] 상태: PID [18357] / PORT UP
[2026-07-31 13:54:03]   - [8402_bot] 상태: PID [71275]
[2026-07-31 13:54:03]   - [8403_ui] 상태: PID [18359] / PORT UP
[2026-07-31 13:54:03]   - [8403_bot] 상태: PID [80493]
[2026-07-31 13:54:03]   - [8404_ui] 상태: PID [18361] / PORT UP
[2026-07-31 13:54:03]   - [8404_bot] 상태: PID [71299]
[2026-07-31 13:54:03]   - [8405_ui] 상태: PID [18363] / PORT UP
[2026-07-31 13:54:03]   - [8405_bot] 상태: PID [16514]
[2026-07-31 13:54:03]   - [8407_ui] 상태: PID [18365] / PORT UP
[2026-07-31 13:54:03]   - [8407_bot] 상태: DOWN
[2026-07-31 13:54:04]   - [8408_ui] 상태: PID [63975] / PORT UP
[2026-07-31 13:54:04]   - [8408_bot] 상태: PID [63973]
[2026-07-31 13:54:04]   - [8409_ui] 상태: PID [32203] / PORT UP
[2026-07-31 13:54:04]   - [8409_bot] 상태: PID [32201]
[2026-07-31 13:59:04] ❌ [8407_bot] DOWN 감지 -> 즉시 단일 기동
[2026-07-31 13:59:04] ⏳ 신규 기동 타겟 안정화 대기 (15초)...
[2026-07-31 13:59:19]   - [8888_app] 상태: PID [39028] / PORT UP
[2026-07-31 13:59:19]   - [8401_ui] 상태: PID [18355] / PORT UP
[2026-07-31 13:59:19]   - [8401_bot] 상태: PID [59980]
[2026-07-31 13:59:20]   - [8402_ui] 상태: PID [18357] / PORT UP
[2026-07-31 13:59:20]   - [8402_bot] 상태: PID [71275]
[2026-07-31 13:59:20]   - [8403_ui] 상태: PID [18359] / PORT UP
[2026-07-31 13:59:20]   - [8403_bot] 상태: PID [80493]
[2026-07-31 13:59:20]   - [8404_ui] 상태: PID [18361] / PORT UP
[2026-07-31 13:59:20]   - [8404_bot] 상태: PID [71299]
[2026-07-31 13:59:20]   - [8405_ui] 상태: PID [18363] / PORT UP
[2026-07-31 13:59:20]   - [8405_bot] 상태: PID [16514]
[2026-07-31 13:59:20]   - [8407_ui] 상태: PID [18365] / PORT UP
[2026-07-31 13:59:20]   - [8407_bot] 상태: DOWN
[2026-07-31 13:59:20]   - [8408_ui] 상태: PID [63975] / PORT UP
[2026-07-31 13:59:20]   - [8408_bot] 상태: PID [63973]
[2026-07-31 13:59:20]   - [8409_ui] 상태: PID [32203] / PORT UP
[2026-07-31 13:59:20]   - [8409_bot] 상태: PID [32201]
[2026-07-31 14:04:21] ❌ [8407_bot] DOWN 감지 -> 즉시 단일 기동
[2026-07-31 14:04:21] ⏳ 신규 기동 타겟 안정화 대기 (15초)...
[2026-07-31 14:04:36]   - [8888_app] 상태: PID [39028] / PORT UP
[2026-07-31 14:04:36]   - [8401_ui] 상태: PID [18355] / PORT UP
[2026-07-31 14:04:36]   - [8401_bot] 상태: PID [59980]
[2026-07-31 14:04:36]   - [8402_ui] 상태: PID [18357] / PORT UP
[2026-07-31 14:04:36]   - [8402_bot] 상태: PID [71275]
[2026-07-31 14:04:36]   - [8403_ui] 상태: PID [18359] / PORT UP
[2026-07-31 14:04:36]   - [8403_bot] 상태: PID [80493]
[2026-07-31 14:04:36]   - [8404_ui] 상태: PID [18361] / PORT UP
[2026-07-31 14:04:36]   - [8404_bot] 상태: PID [71299]
[2026-07-31 14:04:36]   - [8405_ui] 상태: PID [18363] / PORT UP
[2026-07-31 14:04:36]   - [8405_bot] 상태: PID [16514]
[2026-07-31 14:04:36]   - [8407_ui] 상태: PID [18365] / PORT UP
[2026-07-31 14:04:36]   - [8407_bot] 상태: DOWN
[2026-07-31 14:04:36]   - [8408_ui] 상태: PID [63975] / PORT UP
[2026-07-31 14:04:36]   - [8408_bot] 상태: PID [63973]
[2026-07-31 14:04:36]   - [8409_ui] 상태: PID [32203] / PORT UP
[2026-07-31 14:04:36]   - [8409_bot] 상태: PID [32201]
[2026-07-31 14:09:37] ❌ [8407_bot] DOWN 감지 -> 즉시 단일 기동
[2026-07-31 14:09:37] ⏳ 신규 기동 타겟 안정화 대기 (15초)...
[2026-07-31 14:09:52]   - [8888_app] 상태: PID [39028] / PORT UP
[2026-07-31 14:09:52]   - [8401_ui] 상태: PID [18355] / PORT UP
[2026-07-31 14:09:52]   - [8401_bot] 상태: PID [59980]
[2026-07-31 14:09:52]   - [8402_ui] 상태: PID [18357] / PORT UP
[2026-07-31 14:09:52]   - [8402_bot] 상태: PID [71275]
[2026-07-31 14:09:52]   - [8403_ui] 상태: PID [18359] / PORT UP
[2026-07-31 14:09:52]   - [8403_bot] 상태: PID [80493]
[2026-07-31 14:09:53]   - [8404_ui] 상태: PID [18361] / PORT UP
[2026-07-31 14:09:53]   - [8404_bot] 상태: PID [71299]
[2026-07-31 14:09:53]   - [8405_ui] 상태: PID [18363] / PORT UP
[2026-07-31 14:09:53]   - [8405_bot] 상태: PID [16514]
[2026-07-31 14:09:53]   - [8407_ui] 상태: PID [18365] / PORT UP
[2026-07-31 14:09:53]   - [8407_bot] 상태: DOWN
[2026-07-31 14:09:53]   - [8408_ui] 상태: PID [63975] / PORT UP
[2026-07-31 14:09:53]   - [8408_bot] 상태: PID [63973]
[2026-07-31 14:09:53]   - [8409_ui] 상태: PID [32203] / PORT UP
[2026-07-31 14:09:53]   - [8409_bot] 상태: PID [32201]
[2026-07-31 14:14:53] ❌ [8407_bot] DOWN 감지 -> 즉시 단일 기동
[2026-07-31 14:14:54] ⏳ 신규 기동 타겟 안정화 대기 (15초)...
[2026-07-31 14:15:09]   - [8888_app] 상태: PID [39028] / PORT UP
[2026-07-31 14:15:09]   - [8401_ui] 상태: PID [18355] / PORT UP
[2026-07-31 14:15:09]   - [8401_bot] 상태: PID [59980]
[2026-07-31 14:15:09]   - [8402_ui] 상태: PID [18357] / PORT UP
[2026-07-31 14:15:09]   - [8402_bot] 상태: PID [71275]
[2026-07-31 14:15:09]   - [8403_ui] 상태: PID [18359] / PORT UP
[2026-07-31 14:15:09]   - [8403_bot] 상태: PID [80493]
[2026-07-31 14:15:09]   - [8404_ui] 상태: PID [18361] / PORT UP
[2026-07-31 14:15:09]   - [8404_bot] 상태: PID [71299]
[2026-07-31 14:15:09]   - [8405_ui] 상태: PID [18363] / PORT UP
[2026-07-31 14:15:09]   - [8405_bot] 상태: PID [16514]
[2026-07-31 14:15:09]   - [8407_ui] 상태: PID [18365] / PORT UP
[2026-07-31 14:15:09]   - [8407_bot] 상태: DOWN
[2026-07-31 14:15:09]   - [8408_ui] 상태: PID [63975] / PORT UP
[2026-07-31 14:15:09]   - [8408_bot] 상태: PID [63973]
[2026-07-31 14:15:09]   - [8409_ui] 상태: PID [32203] / PORT UP
[2026-07-31 14:15:09]   - [8409_bot] 상태: PID [32201]
[2026-07-31 14:20:10] ❌ [8407_bot] DOWN 감지 -> 즉시 단일 기동
[2026-07-31 14:20:10] ⏳ 신규 기동 타겟 안정화 대기 (15초)...
[2026-07-31 14:20:25]   - [8888_app] 상태: PID [39028] / PORT UP
[2026-07-31 14:20:25]   - [8401_ui] 상태: PID [18355] / PORT UP
[2026-07-31 14:20:25]   - [8401_bot] 상태: PID [59980]
[2026-07-31 14:20:25]   - [8402_ui] 상태: PID [18357] / PORT UP
[2026-07-31 14:20:25]   - [8402_bot] 상태: PID [71275]
[2026-07-31 14:20:25]   - [8403_ui] 상태: PID [18359] / PORT UP
[2026-07-31 14:20:25]   - [8403_bot] 상태: PID [80493]
[2026-07-31 14:20:26]   - [8404_ui] 상태: PID [18361] / PORT UP
[2026-07-31 14:20:26]   - [8404_bot] 상태: PID [71299]
[2026-07-31 14:20:26]   - [8405_ui] 상태: PID [18363] / PORT UP
[2026-07-31 14:20:26]   - [8405_bot] 상태: PID [16514]
[2026-07-31 14:20:26]   - [8407_ui] 상태: PID [18365] / PORT UP
[2026-07-31 14:20:26]   - [8407_bot] 상태: DOWN
[2026-07-31 14:20:26]   - [8408_ui] 상태: PID [63975] / PORT UP
[2026-07-31 14:20:26]   - [8408_bot] 상태: PID [63973]
[2026-07-31 14:20:26]   - [8409_ui] 상태: PID [32203] / PORT UP
[2026-07-31 14:20:26]   - [8409_bot] 상태: PID [32201]
[2026-07-31 14:25:26] ❌ [8407_bot] DOWN 감지 -> 즉시 단일 기동
[2026-07-31 14:25:27] ⏳ 신규 기동 타겟 안정화 대기 (15초)...
[2026-07-31 14:25:42]   - [8888_app] 상태: PID [39028] / PORT UP
[2026-07-31 14:25:42]   - [8401_ui] 상태: PID [18355] / PORT UP
[2026-07-31 14:25:42]   - [8401_bot] 상태: PID [59980]
[2026-07-31 14:25:42]   - [8402_ui] 상태: PID [18357] / PORT UP
[2026-07-31 14:25:42]   - [8402_bot] 상태: PID [71275]
[2026-07-31 14:25:42]   - [8403_ui] 상태: PID [18359] / PORT UP
[2026-07-31 14:25:42]   - [8403_bot] 상태: PID [80493]
[2026-07-31 14:25:42]   - [8404_ui] 상태: PID [18361] / PORT UP
[2026-07-31 14:25:42]   - [8404_bot] 상태: PID [71299]
[2026-07-31 14:25:42]   - [8405_ui] 상태: PID [18363] / PORT UP
[2026-07-31 14:25:42]   - [8405_bot] 상태: PID [16514]
[2026-07-31 14:25:42]   - [8407_ui] 상태: PID [18365] / PORT UP
[2026-07-31 14:25:42]   - [8407_bot] 상태: DOWN
[2026-07-31 14:25:42]   - [8408_ui] 상태: PID [63975] / PORT UP
[2026-07-31 14:25:42]   - [8408_bot] 상태: PID [63973]
[2026-07-31 14:25:42]   - [8409_ui] 상태: PID [32203] / PORT UP
[2026-07-31 14:25:42]   - [8409_bot] 상태: PID [32201]
[2026-07-31 14:30:43] ❌ [8407_bot] DOWN 감지 -> 즉시 단일 기동
[2026-07-31 14:30:43] ⏳ 신규 기동 타겟 안정화 대기 (15초)...
[2026-07-31 14:30:58]   - [8888_app] 상태: PID [39028] / PORT UP
[2026-07-31 14:30:58]   - [8401_ui] 상태: PID [18355] / PORT UP
[2026-07-31 14:30:58]   - [8401_bot] 상태: PID [59980]
[2026-07-31 14:30:58]   - [8402_ui] 상태: PID [18357] / PORT UP
[2026-07-31 14:30:58]   - [8402_bot] 상태: PID [71275]
[2026-07-31 14:30:58]   - [8403_ui] 상태: PID [18359] / PORT UP
[2026-07-31 14:30:59]   - [8403_bot] 상태: PID [80493]
[2026-07-31 14:30:59]   - [8404_ui] 상태: PID [92778] / PORT UP
[2026-07-31 14:30:59]   - [8404_bot] 상태: PID [92776]
[2026-07-31 14:30:59]   - [8405_ui] 상태: PID [18363] / PORT UP
[2026-07-31 14:30:59]   - [8405_bot] 상태: PID [16514]
[2026-07-31 14:30:59]   - [8407_ui] 상태: PID [18365] / PORT UP
[2026-07-31 14:30:59]   - [8407_bot] 상태: DOWN
[2026-07-31 14:30:59]   - [8408_ui] 상태: PID [63975] / PORT UP
[2026-07-31 14:30:59]   - [8408_bot] 상태: PID [63973]
[2026-07-31 14:30:59]   - [8409_ui] 상태: PID [32203] / PORT UP
[2026-07-31 14:30:59]   - [8409_bot] 상태: PID [32201]
[2026-07-31 14:36:00] ❌ [8407_bot] DOWN 감지 -> 즉시 단일 기동
[2026-07-31 14:36:00] ⏳ 신규 기동 타겟 안정화 대기 (15초)...
[2026-07-31 14:36:15]   - [8888_app] 상태: PID [39028] / PORT UP
[2026-07-31 14:36:15]   - [8401_ui] 상태: PID [18355] / PORT UP
[2026-07-31 14:36:15]   - [8401_bot] 상태: PID [59980]
[2026-07-31 14:36:15]   - [8402_ui] 상태: PID [18357] / PORT UP
[2026-07-31 14:36:15]   - [8402_bot] 상태: PID [71275]
[2026-07-31 14:36:15]   - [8403_ui] 상태: PID [18359] / PORT UP
[2026-07-31 14:36:15]   - [8403_bot] 상태: PID [80493]
[2026-07-31 14:36:15]   - [8404_ui] 상태: PID [92778] / PORT UP
[2026-07-31 14:36:15]   - [8404_bot] 상태: PID [92776]
[2026-07-31 14:36:15]   - [8405_ui] 상태: PID [18363] / PORT UP
[2026-07-31 14:36:15]   - [8405_bot] 상태: PID [16514]
[2026-07-31 14:36:15]   - [8407_ui] 상태: PID [18365] / PORT UP
[2026-07-31 14:36:15]   - [8407_bot] 상태: DOWN
[2026-07-31 14:36:15]   - [8408_ui] 상태: PID [63975] / PORT UP
[2026-07-31 14:36:15]   - [8408_bot] 상태: PID [63973]
[2026-07-31 14:36:15]   - [8409_ui] 상태: PID [32203] / PORT UP
[2026-07-31 14:36:15]   - [8409_bot] 상태: PID [32201]
[2026-07-31 14:41:16] ❌ [8407_bot] DOWN 감지 -> 즉시 단일 기동
[2026-07-31 14:41:16] ⏳ 신규 기동 타겟 안정화 대기 (15초)...
[2026-07-31 14:41:31]   - [8888_app] 상태: PID [39028] / PORT UP
[2026-07-31 14:41:31]   - [8401_ui] 상태: PID [18355] / PORT UP
[2026-07-31 14:41:31]   - [8401_bot] 상태: PID [59980]
[2026-07-31 14:41:31]   - [8402_ui] 상태: PID [18357] / PORT UP
[2026-07-31 14:41:31]   - [8402_bot] 상태: PID [71275]
[2026-07-31 14:41:31]   - [8403_ui] 상태: PID [18359] / PORT UP
[2026-07-31 14:41:31]   - [8403_bot] 상태: PID [80493]
[2026-07-31 14:41:32]   - [8404_ui] 상태: PID [92778] / PORT UP
[2026-07-31 14:41:32]   - [8404_bot] 상태: PID [92776]
[2026-07-31 14:41:32]   - [8405_ui] 상태: PID [18363] / PORT UP
[2026-07-31 14:41:32]   - [8405_bot] 상태: PID [16514]
[2026-07-31 14:41:32]   - [8407_ui] 상태: PID [18365] / PORT UP
[2026-07-31 14:41:32]   - [8407_bot] 상태: DOWN
[2026-07-31 14:41:32]   - [8408_ui] 상태: PID [63975] / PORT UP
[2026-07-31 14:41:32]   - [8408_bot] 상태: PID [63973]
[2026-07-31 14:41:32]   - [8409_ui] 상태: PID [32203] / PORT UP
[2026-07-31 14:41:32]   - [8409_bot] 상태: PID [32201]
[2026-07-31 14:46:32] ❌ [8407_bot] DOWN 감지 -> 즉시 단일 기동
[2026-07-31 14:46:33] ⏳ 신규 기동 타겟 안정화 대기 (15초)...
[2026-07-31 14:46:48]   - [8888_app] 상태: PID [39028] / PORT UP
[2026-07-31 14:46:48]   - [8401_ui] 상태: PID [18355] / PORT UP
[2026-07-31 14:46:48]   - [8401_bot] 상태: PID [59980]
[2026-07-31 14:46:48]   - [8402_ui] 상태: PID [18357] / PORT UP
[2026-07-31 14:46:48]   - [8402_bot] 상태: PID [71275]
[2026-07-31 14:46:48]   - [8403_ui] 상태: PID [18359] / PORT UP
[2026-07-31 14:46:48]   - [8403_bot] 상태: PID [80493]
[2026-07-31 14:46:48]   - [8404_ui] 상태: PID [92778] / PORT UP
[2026-07-31 14:46:48]   - [8404_bot] 상태: PID [92776]
[2026-07-31 14:46:48]   - [8405_ui] 상태: PID [18363] / PORT UP
[2026-07-31 14:46:48]   - [8405_bot] 상태: PID [16514]
[2026-07-31 14:46:48]   - [8407_ui] 상태: PID [18365] / PORT UP
[2026-07-31 14:46:48]   - [8407_bot] 상태: DOWN
[2026-07-31 14:46:48]   - [8408_ui] 상태: PID [63975] / PORT UP
[2026-07-31 14:46:48]   - [8408_bot] 상태: PID [63973]
[2026-07-31 14:46:48]   - [8409_ui] 상태: PID [32203] / PORT UP
[2026-07-31 14:46:48]   - [8409_bot] 상태: PID [32201]
[2026-07-31 14:51:49] ❌ [8407_bot] DOWN 감지 -> 즉시 단일 기동
[2026-07-31 14:51:49] ⏳ 신규 기동 타겟 안정화 대기 (15초)...
[2026-07-31 14:52:04]   - [8888_app] 상태: PID [39028] / PORT UP
[2026-07-31 14:52:04]   - [8401_ui] 상태: PID [18355] / PORT UP
[2026-07-31 14:52:04]   - [8401_bot] 상태: PID [59980]
[2026-07-31 14:52:04]   - [8402_ui] 상태: PID [18357] / PORT UP
[2026-07-31 14:52:04]   - [8402_bot] 상태: PID [71275]
[2026-07-31 14:52:04]   - [8403_ui] 상태: PID [18359] / PORT UP
[2026-07-31 14:52:04]   - [8403_bot] 상태: PID [80493]
[2026-07-31 14:52:04]   - [8404_ui] 상태: PID [92778] / PORT UP
[2026-07-31 14:52:04]   - [8404_bot] 상태: PID [92776]
[2026-07-31 14:52:05]   - [8405_ui] 상태: PID [18363] / PORT UP
[2026-07-31 14:52:05]   - [8405_bot] 상태: PID [16514]
[2026-07-31 14:52:05]   - [8407_ui] 상태: PID [18365] / PORT UP
[2026-07-31 14:52:05]   - [8407_bot] 상태: DOWN
[2026-07-31 14:52:05]   - [8408_ui] 상태: PID [63975] / PORT UP
[2026-07-31 14:52:05]   - [8408_bot] 상태: PID [63973]
[2026-07-31 14:52:05]   - [8409_ui] 상태: PID [32203] / PORT UP
[2026-07-31 14:52:05]   - [8409_bot] 상태: PID [32201]
[2026-07-31 14:57:05] ❌ [8407_bot] DOWN 감지 -> 즉시 단일 기동
[2026-07-31 14:57:06] ⏳ 신규 기동 타겟 안정화 대기 (15초)...
[2026-07-31 14:57:21]   - [8888_app] 상태: PID [39028] / PORT UP
[2026-07-31 14:57:21]   - [8401_ui] 상태: PID [18355] / PORT UP
[2026-07-31 14:57:21]   - [8401_bot] 상태: PID [59980]
[2026-07-31 14:57:21]   - [8402_ui] 상태: PID [18357] / PORT UP
[2026-07-31 14:57:21]   - [8402_bot] 상태: PID [71275]
[2026-07-31 14:57:21]   - [8403_ui] 상태: PID [18359] / PORT UP
[2026-07-31 14:57:21]   - [8403_bot] 상태: PID [80493]
[2026-07-31 14:57:21]   - [8404_ui] 상태: PID [92778] / PORT UP
[2026-07-31 14:57:21]   - [8404_bot] 상태: PID [92776]
[2026-07-31 14:57:21]   - [8405_ui] 상태: PID [18363] / PORT UP
[2026-07-31 14:57:21]   - [8405_bot] 상태: PID [16514]
[2026-07-31 14:57:21]   - [8407_ui] 상태: PID [18365] / PORT UP
[2026-07-31 14:57:21]   - [8407_bot] 상태: DOWN
[2026-07-31 14:57:21]   - [8408_ui] 상태: PID [63975] / PORT UP
[2026-07-31 14:57:21]   - [8408_bot] 상태: PID [63973]
[2026-07-31 14:57:21]   - [8409_ui] 상태: PID [32203] / PORT UP
[2026-07-31 14:57:21]   - [8409_bot] 상태: PID [32201]
[2026-07-31 15:02:22] ❌ [8407_bot] DOWN 감지 -> 즉시 단일 기동
[2026-07-31 15:02:22] ⏳ 신규 기동 타겟 안정화 대기 (15초)...
[2026-07-31 15:02:37]   - [8888_app] 상태: PID [39028] / PORT UP
[2026-07-31 15:02:37]   - [8401_ui] 상태: PID [18355] / PORT UP
[2026-07-31 15:02:37]   - [8401_bot] 상태: PID [59980]
[2026-07-31 15:02:37]   - [8402_ui] 상태: PID [18357] / PORT UP
[2026-07-31 15:02:37]   - [8402_bot] 상태: PID [71275]
[2026-07-31 15:02:37]   - [8403_ui] 상태: PID [18359] / PORT UP
[2026-07-31 15:02:37]   - [8403_bot] 상태: PID [80493]
[2026-07-31 15:02:37]   - [8404_ui] 상태: PID [92778] / PORT UP
[2026-07-31 15:02:37]   - [8404_bot] 상태: PID [92776]
[2026-07-31 15:02:37]   - [8405_ui] 상태: PID [18363] / PORT UP
[2026-07-31 15:02:37]   - [8405_bot] 상태: PID [16514]
[2026-07-31 15:02:38]   - [8407_ui] 상태: PID [18365] / PORT UP
[2026-07-31 15:02:38]   - [8407_bot] 상태: DOWN
[2026-07-31 15:02:38]   - [8408_ui] 상태: PID [63975] / PORT UP
[2026-07-31 15:02:38]   - [8408_bot] 상태: PID [63973]
[2026-07-31 15:02:38]   - [8409_ui] 상태: PID [32203] / PORT UP
[2026-07-31 15:02:38]   - [8409_bot] 상태: PID [32201]
[2026-07-31 15:07:38] ❌ [8407_bot] DOWN 감지 -> 즉시 단일 기동
[2026-07-31 15:07:38] ⏳ 신규 기동 타겟 안정화 대기 (15초)...
[2026-07-31 15:07:53]   - [8888_app] 상태: PID [39028] / PORT UP
[2026-07-31 15:07:54]   - [8401_ui] 상태: PID [18355] / PORT UP
[2026-07-31 15:07:54]   - [8401_bot] 상태: PID [59980]
[2026-07-31 15:07:54]   - [8402_ui] 상태: PID [18357] / PORT UP
[2026-07-31 15:07:54]   - [8402_bot] 상태: PID [71275]
[2026-07-31 15:07:54]   - [8403_ui] 상태: PID [18359] / PORT UP
[2026-07-31 15:07:54]   - [8403_bot] 상태: PID [80493]
[2026-07-31 15:07:54]   - [8404_ui] 상태: PID [92778] / PORT UP
[2026-07-31 15:07:54]   - [8404_bot] 상태: PID [92776]
[2026-07-31 15:07:54]   - [8405_ui] 상태: PID [18363] / PORT UP
[2026-07-31 15:07:54]   - [8405_bot] 상태: PID [16514]
[2026-07-31 15:07:54]   - [8407_ui] 상태: PID [18365] / PORT UP
[2026-07-31 15:07:54]   - [8407_bot] 상태: DOWN
[2026-07-31 15:07:54]   - [8408_ui] 상태: PID [63975] / PORT UP
[2026-07-31 15:07:54]   - [8408_bot] 상태: PID [63973]
[2026-07-31 15:07:54]   - [8409_ui] 상태: PID [32203] / PORT UP
[2026-07-31 15:07:54]   - [8409_bot] 상태: PID [32201]
[2026-07-31 15:12:55] ❌ [8407_bot] DOWN 감지 -> 즉시 단일 기동
[2026-07-31 15:12:55] ⏳ 신규 기동 타겟 안정화 대기 (15초)...
[2026-07-31 15:13:10]   - [8888_app] 상태: PID [39028] / PORT UP
[2026-07-31 15:13:10]   - [8401_ui] 상태: PID [18355] / PORT UP
[2026-07-31 15:13:10]   - [8401_bot] 상태: PID [59980]
[2026-07-31 15:13:10]   - [8402_ui] 상태: PID [18357] / PORT UP
[2026-07-31 15:13:10]   - [8402_bot] 상태: PID [71275]
[2026-07-31 15:13:10]   - [8403_ui] 상태: PID [18359] / PORT UP
[2026-07-31 15:13:10]   - [8403_bot] 상태: PID [80493]
[2026-07-31 15:13:10]   - [8404_ui] 상태: PID [92778] / PORT UP
[2026-07-31 15:13:10]   - [8404_bot] 상태: PID [92776]
[2026-07-31 15:13:10]   - [8405_ui] 상태: PID [18363] / PORT UP
[2026-07-31 15:13:10]   - [8405_bot] 상태: PID [16514]
[2026-07-31 15:13:10]   - [8407_ui] 상태: PID [18365] / PORT UP
[2026-07-31 15:13:10]   - [8407_bot] 상태: DOWN
[2026-07-31 15:13:10]   - [8408_ui] 상태: PID [63975] / PORT UP
[2026-07-31 15:13:10]   - [8408_bot] 상태: PID [63973]
[2026-07-31 15:13:11]   - [8409_ui] 상태: PID [32203] / PORT UP
[2026-07-31 15:13:11]   - [8409_bot] 상태: PID [32201]
[2026-07-31 15:18:11] ❌ [8407_bot] DOWN 감지 -> 즉시 단일 기동
[2026-07-31 15:18:11] ⏳ 신규 기동 타겟 안정화 대기 (15초)...
[2026-07-31 15:18:26]   - [8888_app] 상태: PID [39028] / PORT UP
[2026-07-31 15:18:26]   - [8401_ui] 상태: PID [18355] / PORT UP
[2026-07-31 15:18:26]   - [8401_bot] 상태: PID [59980]
[2026-07-31 15:18:26]   - [8402_ui] 상태: PID [18357] / PORT UP
[2026-07-31 15:18:27]   - [8402_bot] 상태: PID [71275]
[2026-07-31 15:18:27]   - [8403_ui] 상태: PID [18359] / PORT UP
[2026-07-31 15:18:27]   - [8403_bot] 상태: PID [80493]
[2026-07-31 15:18:27]   - [8404_ui] 상태: PID [92778] / PORT UP
[2026-07-31 15:18:27]   - [8404_bot] 상태: PID [92776]
[2026-07-31 15:18:27]   - [8405_ui] 상태: PID [18363] / PORT UP
[2026-07-31 15:18:27]   - [8405_bot] 상태: PID [16514]
[2026-07-31 15:18:27]   - [8407_ui] 상태: PID [18365] / PORT UP
[2026-07-31 15:18:27]   - [8407_bot] 상태: DOWN
[2026-07-31 15:18:27]   - [8408_ui] 상태: PID [63975] / PORT UP
[2026-07-31 15:18:27]   - [8408_bot] 상태: PID [63973]
[2026-07-31 15:18:27]   - [8409_ui] 상태: PID [32203] / PORT UP
[2026-07-31 15:18:27]   - [8409_bot] 상태: PID [32201]
[2026-07-31 15:23:28] ❌ [8407_bot] DOWN 감지 -> 즉시 단일 기동
[2026-07-31 15:23:28] ⏳ 신규 기동 타겟 안정화 대기 (15초)...
[2026-07-31 15:23:43]   - [8888_app] 상태: PID [39028] / PORT UP
[2026-07-31 15:23:43]   - [8401_ui] 상태: PID [18355] / PORT UP
[2026-07-31 15:23:43]   - [8401_bot] 상태: PID [59980]
[2026-07-31 15:23:43]   - [8402_ui] 상태: PID [18357] / PORT UP
[2026-07-31 15:23:43]   - [8402_bot] 상태: PID [71275]
[2026-07-31 15:23:43]   - [8403_ui] 상태: PID [18359] / PORT UP
[2026-07-31 15:23:43]   - [8403_bot] 상태: PID [80493]
[2026-07-31 15:23:43]   - [8404_ui] 상태: PID [92778] / PORT UP
[2026-07-31 15:23:43]   - [8404_bot] 상태: PID [92776]
[2026-07-31 15:23:43]   - [8405_ui] 상태: PID [18363] / PORT UP
[2026-07-31 15:23:43]   - [8405_bot] 상태: PID [16514]
[2026-07-31 15:23:43]   - [8407_ui] 상태: PID [18365] / PORT UP
[2026-07-31 15:23:43]   - [8407_bot] 상태: DOWN
[2026-07-31 15:23:43]   - [8408_ui] 상태: PID [63975] / PORT UP
[2026-07-31 15:23:43]   - [8408_bot] 상태: PID [63973]
[2026-07-31 15:23:43]   - [8409_ui] 상태: PID [32203] / PORT UP
[2026-07-31 15:23:43]   - [8409_bot] 상태: PID [32201]
[2026-07-31 15:28:44] ❌ [8407_bot] DOWN 감지 -> 즉시 단일 기동
[2026-07-31 15:28:44] ⏳ 신규 기동 타겟 안정화 대기 (15초)...
[2026-07-31 15:28:59]   - [8888_app] 상태: PID [39028] / PORT UP
[2026-07-31 15:28:59]   - [8401_ui] 상태: PID [18355] / PORT UP
[2026-07-31 15:28:59]   - [8401_bot] 상태: PID [59980]
[2026-07-31 15:28:59]   - [8402_ui] 상태: PID [18357] / PORT UP
[2026-07-31 15:28:59]   - [8402_bot] 상태: PID [71275]
[2026-07-31 15:29:00]   - [8403_ui] 상태: PID [18359] / PORT UP
[2026-07-31 15:29:00]   - [8403_bot] 상태: PID [80493]
[2026-07-31 15:29:00]   - [8404_ui] 상태: PID [92778] / PORT UP
[2026-07-31 15:29:00]   - [8404_bot] 상태: PID [92776]
[2026-07-31 15:29:00]   - [8405_ui] 상태: PID [18363] / PORT UP
[2026-07-31 15:29:00]   - [8405_bot] 상태: PID [16514]
[2026-07-31 15:29:00]   - [8407_ui] 상태: PID [18365] / PORT UP
[2026-07-31 15:29:00]   - [8407_bot] 상태: DOWN
[2026-07-31 15:29:00]   - [8408_ui] 상태: PID [9190] / PORT UP
[2026-07-31 15:29:00]   - [8408_bot] 상태: PID [9188]
[2026-07-31 15:29:00]   - [8409_ui] 상태: PID [32203] / PORT UP
[2026-07-31 15:29:00]   - [8409_bot] 상태: PID [32201]
[2026-07-31 15:34:00] ❌ [8407_bot] DOWN 감지 -> 즉시 단일 기동
[2026-07-31 15:34:01] ⏳ 신규 기동 타겟 안정화 대기 (15초)...
[2026-07-31 15:34:16]   - [8888_app] 상태: PID [39028] / PORT UP
[2026-07-31 15:34:16]   - [8401_ui] 상태: PID [18355] / PORT UP
[2026-07-31 15:34:16]   - [8401_bot] 상태: PID [59980]
[2026-07-31 15:34:16]   - [8402_ui] 상태: PID [18357] / PORT UP
[2026-07-31 15:34:16]   - [8402_bot] 상태: PID [71275]
[2026-07-31 15:34:16]   - [8403_ui] 상태: PID [18359] / PORT UP
[2026-07-31 15:34:16]   - [8403_bot] 상태: PID [80493]
[2026-07-31 15:34:16]   - [8404_ui] 상태: PID [92778] / PORT UP
[2026-07-31 15:34:16]   - [8404_bot] 상태: PID [92776]
[2026-07-31 15:34:16]   - [8405_ui] 상태: PID [18363] / PORT UP
[2026-07-31 15:34:16]   - [8405_bot] 상태: PID [16514]
[2026-07-31 15:34:16]   - [8407_ui] 상태: PID [18365] / PORT UP
[2026-07-31 15:34:16]   - [8407_bot] 상태: DOWN
[2026-07-31 15:34:16]   - [8408_ui] 상태: PID [9190] / PORT UP
[2026-07-31 15:34:16]   - [8408_bot] 상태: PID [9188]
[2026-07-31 15:34:16]   - [8409_ui] 상태: PID [32203] / PORT UP
[2026-07-31 15:34:16]   - [8409_bot] 상태: PID [32201]
[2026-07-31 15:39:17] ❌ [8407_bot] DOWN 감지 -> 즉시 단일 기동
[2026-07-31 15:39:17] ⏳ 신규 기동 타겟 안정화 대기 (15초)...
[2026-07-31 15:39:32]   - [8888_app] 상태: PID [39028] / PORT UP
[2026-07-31 15:39:32]   - [8401_ui] 상태: PID [18355] / PORT UP
[2026-07-31 15:39:32]   - [8401_bot] 상태: PID [59980]
[2026-07-31 15:39:32]   - [8402_ui] 상태: PID [18357] / PORT UP
[2026-07-31 15:39:32]   - [8402_bot] 상태: PID [71275]
[2026-07-31 15:39:32]   - [8403_ui] 상태: PID [18359] / PORT UP
[2026-07-31 15:39:32]   - [8403_bot] 상태: PID [80493]
[2026-07-31 15:39:32]   - [8404_ui] 상태: PID [92778] / PORT UP
[2026-07-31 15:39:33]   - [8404_bot] 상태: PID [92776]
[2026-07-31 15:39:33]   - [8405_ui] 상태: PID [18363] / PORT UP
[2026-07-31 15:39:33]   - [8405_bot] 상태: PID [16514]
[2026-07-31 15:39:33]   - [8407_ui] 상태: PID [18365] / PORT UP
[2026-07-31 15:39:33]   - [8407_bot] 상태: DOWN
[2026-07-31 15:39:33]   - [8408_ui] 상태: PID [9190] / PORT UP
[2026-07-31 15:39:33]   - [8408_bot] 상태: PID [9188]
[2026-07-31 15:39:33]   - [8409_ui] 상태: PID [32203] / PORT UP
[2026-07-31 15:39:33]   - [8409_bot] 상태: PID [32201]
[2026-07-31 15:44:33] ❌ [8407_bot] DOWN 감지 -> 즉시 단일 기동
[2026-07-31 15:44:34] ⏳ 신규 기동 타겟 안정화 대기 (15초)...
[2026-07-31 15:44:49]   - [8888_app] 상태: PID [39028] / PORT UP
[2026-07-31 15:44:49]   - [8401_ui] 상태: PID [18355] / PORT UP
[2026-07-31 15:44:49]   - [8401_bot] 상태: PID [59980]
[2026-07-31 15:44:49]   - [8402_ui] 상태: PID [18357] / PORT UP
[2026-07-31 15:44:49]   - [8402_bot] 상태: PID [71275]
[2026-07-31 15:44:49]   - [8403_ui] 상태: PID [18359] / PORT UP
[2026-07-31 15:44:49]   - [8403_bot] 상태: PID [80493]
[2026-07-31 15:44:49]   - [8404_ui] 상태: PID [92778] / PORT UP
[2026-07-31 15:44:49]   - [8404_bot] 상태: PID [92776]
[2026-07-31 15:44:49]   - [8405_ui] 상태: PID [18363] / PORT UP
[2026-07-31 15:44:49]   - [8405_bot] 상태: PID [16514]
[2026-07-31 15:44:49]   - [8407_ui] 상태: PID [18365] / PORT UP
[2026-07-31 15:44:49]   - [8407_bot] 상태: DOWN
[2026-07-31 15:44:49]   - [8408_ui] 상태: PID [9190] / PORT UP
[2026-07-31 15:44:49]   - [8408_bot] 상태: PID [9188]
[2026-07-31 15:44:49]   - [8409_ui] 상태: PID [32203] / PORT UP
[2026-07-31 15:44:49]   - [8409_bot] 상태: PID [32201]
[2026-07-31 15:49:50] ❌ [8407_bot] DOWN 감지 -> 즉시 단일 기동
[2026-07-31 15:49:50] ⏳ 신규 기동 타겟 안정화 대기 (15초)...
[2026-07-31 15:50:05]   - [8888_app] 상태: PID [39028] / PORT UP
[2026-07-31 15:50:05]   - [8401_ui] 상태: PID [18355] / PORT UP
[2026-07-31 15:50:05]   - [8401_bot] 상태: PID [59980]
[2026-07-31 15:50:05]   - [8402_ui] 상태: PID [18357] / PORT UP
[2026-07-31 15:50:05]   - [8402_bot] 상태: PID [71275]
[2026-07-31 15:50:05]   - [8403_ui] 상태: PID [18359] / PORT UP
[2026-07-31 15:50:05]   - [8403_bot] 상태: PID [80493]
[2026-07-31 15:50:05]   - [8404_ui] 상태: PID [92778] / PORT UP
[2026-07-31 15:50:05]   - [8404_bot] 상태: PID [92776]
[2026-07-31 15:50:05]   - [8405_ui] 상태: PID [18363] / PORT UP
[2026-07-31 15:50:06]   - [8405_bot] 상태: PID [16514]
[2026-07-31 15:50:06]   - [8407_ui] 상태: PID [18365] / PORT UP
[2026-07-31 15:50:06]   - [8407_bot] 상태: DOWN
[2026-07-31 15:50:06]   - [8408_ui] 상태: PID [9190] / PORT UP
[2026-07-31 15:50:06]   - [8408_bot] 상태: PID [9188]
[2026-07-31 15:50:06]   - [8409_ui] 상태: PID [32203] / PORT UP
[2026-07-31 15:50:06]   - [8409_bot] 상태: PID [32201]
[2026-07-31 15:55:06] ❌ [8407_bot] DOWN 감지 -> 즉시 단일 기동
[2026-07-31 15:55:06] ⏳ 신규 기동 타겟 안정화 대기 (15초)...
[2026-07-31 15:55:22]   - [8888_app] 상태: PID [39028] / PORT UP
[2026-07-31 15:55:22]   - [8401_ui] 상태: PID [18355] / PORT UP
[2026-07-31 15:55:22]   - [8401_bot] 상태: PID [59980]
[2026-07-31 15:55:22]   - [8402_ui] 상태: PID [18357] / PORT UP
[2026-07-31 15:55:22]   - [8402_bot] 상태: PID [71275]
[2026-07-31 15:55:22]   - [8403_ui] 상태: PID [18359] / PORT UP
[2026-07-31 15:55:22]   - [8403_bot] 상태: PID [80493]
[2026-07-31 15:55:22]   - [8404_ui] 상태: PID [92778] / PORT UP
[2026-07-31 15:55:22]   - [8404_bot] 상태: PID [92776]
[2026-07-31 15:55:22]   - [8405_ui] 상태: PID [18363] / PORT UP
[2026-07-31 15:55:22]   - [8405_bot] 상태: PID [16514]
[2026-07-31 15:55:22]   - [8407_ui] 상태: PID [18365] / PORT UP
[2026-07-31 15:55:22]   - [8407_bot] 상태: DOWN
[2026-07-31 15:55:22]   - [8408_ui] 상태: PID [9190] / PORT UP
[2026-07-31 15:55:22]   - [8408_bot] 상태: PID [9188]
[2026-07-31 15:55:22]   - [8409_ui] 상태: PID [32203] / PORT UP
[2026-07-31 15:55:22]   - [8409_bot] 상태: PID [32201]
[2026-07-31 16:00:23] ❌ [8407_bot] DOWN 감지 -> 즉시 단일 기동
[2026-07-31 16:00:23] ⏳ 신규 기동 타겟 안정화 대기 (15초)...
[2026-07-31 16:00:38]   - [8888_app] 상태: PID [39028] / PORT UP
[2026-07-31 16:00:38]   - [8401_ui] 상태: PID [18355] / PORT UP
[2026-07-31 16:00:38]   - [8401_bot] 상태: PID [59980]
[2026-07-31 16:00:38]   - [8402_ui] 상태: PID [18357] / PORT UP
[2026-07-31 16:00:38]   - [8402_bot] 상태: PID [71275]
[2026-07-31 16:00:38]   - [8403_ui] 상태: PID [18359] / PORT UP
[2026-07-31 16:00:38]   - [8403_bot] 상태: PID [80493]
[2026-07-31 16:00:38]   - [8404_ui] 상태: PID [92778] / PORT UP
[2026-07-31 16:00:38]   - [8404_bot] 상태: PID [92776]
[2026-07-31 16:00:38]   - [8405_ui] 상태: PID [18363] / PORT UP
[2026-07-31 16:00:38]   - [8405_bot] 상태: PID [16514]
[2026-07-31 16:00:39]   - [8407_ui] 상태: PID [18365] / PORT UP
[2026-07-31 16:00:39]   - [8407_bot] 상태: DOWN
[2026-07-31 16:00:39]   - [8408_ui] 상태: PID [9190] / PORT UP
[2026-07-31 16:00:39]   - [8408_bot] 상태: PID [9188]
[2026-07-31 16:00:39]   - [8409_ui] 상태: PID [32203] / PORT UP
[2026-07-31 16:00:39]   - [8409_bot] 상태: PID [32201]
[2026-07-31 16:05:39] ❌ [8407_bot] DOWN 감지 -> 즉시 단일 기동
[2026-07-31 16:05:39] ⏳ 신규 기동 타겟 안정화 대기 (15초)...
[2026-07-31 16:05:55]   - [8888_app] 상태: PID [39028] / PORT UP
[2026-07-31 16:05:55]   - [8401_ui] 상태: PID [18355] / PORT UP
[2026-07-31 16:05:55]   - [8401_bot] 상태: PID [59980]
[2026-07-31 16:05:55]   - [8402_ui] 상태: PID [18357] / PORT UP
[2026-07-31 16:05:55]   - [8402_bot] 상태: PID [71275]
[2026-07-31 16:05:55]   - [8403_ui] 상태: PID [18359] / PORT UP
[2026-07-31 16:05:55]   - [8403_bot] 상태: PID [80493]
[2026-07-31 16:05:55]   - [8404_ui] 상태: PID [92778] / PORT UP
[2026-07-31 16:05:55]   - [8404_bot] 상태: PID [92776]
[2026-07-31 16:05:55]   - [8405_ui] 상태: PID [18363] / PORT UP
[2026-07-31 16:05:55]   - [8405_bot] 상태: PID [16514]
[2026-07-31 16:05:55]   - [8407_ui] 상태: PID [18365] / PORT UP
[2026-07-31 16:05:55]   - [8407_bot] 상태: DOWN
[2026-07-31 16:05:55]   - [8408_ui] 상태: PID [9190] / PORT UP
[2026-07-31 16:05:55]   - [8408_bot] 상태: PID [9188]
[2026-07-31 16:05:55]   - [8409_ui] 상태: PID [32203] / PORT UP
[2026-07-31 16:05:55]   - [8409_bot] 상태: PID [32201]
[2026-07-31 16:10:56] ❌ [8407_bot] DOWN 감지 -> 즉시 단일 기동
[2026-07-31 16:10:56] ⏳ 신규 기동 타겟 안정화 대기 (15초)...
[2026-07-31 16:11:11]   - [8888_app] 상태: PID [39028] / PORT UP
[2026-07-31 16:11:11]   - [8401_ui] 상태: PID [18355] / PORT UP
[2026-07-31 16:11:11]   - [8401_bot] 상태: PID [59980]
[2026-07-31 16:11:11]   - [8402_ui] 상태: PID [18357] / PORT UP
[2026-07-31 16:11:11]   - [8402_bot] 상태: PID [71275]
[2026-07-31 16:11:11]   - [8403_ui] 상태: PID [18359] / PORT UP
[2026-07-31 16:11:11]   - [8403_bot] 상태: PID [80493]
[2026-07-31 16:11:11]   - [8404_ui] 상태: PID [92778] / PORT UP
[2026-07-31 16:11:11]   - [8404_bot] 상태: PID [92776]
[2026-07-31 16:11:11]   - [8405_ui] 상태: PID [18363] / PORT UP
[2026-07-31 16:11:11]   - [8405_bot] 상태: PID [16514]
[2026-07-31 16:11:11]   - [8407_ui] 상태: PID [18365] / PORT UP
[2026-07-31 16:11:12]   - [8407_bot] 상태: DOWN
[2026-07-31 16:11:12]   - [8408_ui] 상태: PID [9190] / PORT UP
[2026-07-31 16:11:12]   - [8408_bot] 상태: PID [9188]
[2026-07-31 16:11:12]   - [8409_ui] 상태: PID [32203] / PORT UP
[2026-07-31 16:11:12]   - [8409_bot] 상태: PID [32201]
[2026-07-31 16:16:12] ❌ [8407_bot] DOWN 감지 -> 즉시 단일 기동
[2026-07-31 16:16:12] ⏳ 신규 기동 타겟 안정화 대기 (15초)...
[2026-07-31 16:16:27]   - [8888_app] 상태: PID [39028] / PORT UP
[2026-07-31 16:16:28]   - [8401_ui] 상태: PID [18355] / PORT UP
[2026-07-31 16:16:28]   - [8401_bot] 상태: PID [59980]
[2026-07-31 16:16:28]   - [8402_ui] 상태: PID [18357] / PORT UP
[2026-07-31 16:16:28]   - [8402_bot] 상태: PID [71275]
[2026-07-31 16:16:28]   - [8403_ui] 상태: PID [18359] / PORT UP
[2026-07-31 16:16:28]   - [8403_bot] 상태: PID [80493]
[2026-07-31 16:16:28]   - [8404_ui] 상태: PID [92778] / PORT UP
[2026-07-31 16:16:28]   - [8404_bot] 상태: PID [92776]
[2026-07-31 16:16:28]   - [8405_ui] 상태: PID [18363] / PORT UP
[2026-07-31 16:16:28]   - [8405_bot] 상태: PID [16514]
[2026-07-31 16:16:28]   - [8407_ui] 상태: PID [18365] / PORT UP
[2026-07-31 16:16:28]   - [8407_bot] 상태: DOWN
[2026-07-31 16:16:28]   - [8408_ui] 상태: PID [9190] / PORT UP
[2026-07-31 16:16:28]   - [8408_bot] 상태: PID [9188]
[2026-07-31 16:16:28]   - [8409_ui] 상태: PID [32203] / PORT UP
[2026-07-31 16:16:28]   - [8409_bot] 상태: PID [32201]
[2026-07-31 16:21:29] ❌ [8407_bot] DOWN 감지 -> 즉시 단일 기동
[2026-07-31 16:21:29] ⏳ 신규 기동 타겟 안정화 대기 (15초)...
[2026-07-31 16:21:44]   - [8888_app] 상태: PID [39028] / PORT UP
[2026-07-31 16:21:44]   - [8401_ui] 상태: PID [18355] / PORT UP
[2026-07-31 16:21:44]   - [8401_bot] 상태: PID [59980]
[2026-07-31 16:21:44]   - [8402_ui] 상태: PID [18357] / PORT UP
[2026-07-31 16:21:44]   - [8402_bot] 상태: PID [71275]
[2026-07-31 16:21:44]   - [8403_ui] 상태: PID [18359] / PORT UP
[2026-07-31 16:21:44]   - [8403_bot] 상태: PID [80493]
[2026-07-31 16:21:44]   - [8404_ui] 상태: PID [92778] / PORT UP
[2026-07-31 16:21:44]   - [8404_bot] 상태: PID [92776]
[2026-07-31 16:21:44]   - [8405_ui] 상태: PID [18363] / PORT UP
[2026-07-31 16:21:44]   - [8405_bot] 상태: PID [16514]
[2026-07-31 16:21:44]   - [8407_ui] 상태: PID [18365] / PORT UP
[2026-07-31 16:21:44]   - [8407_bot] 상태: DOWN
[2026-07-31 16:21:45]   - [8408_ui] 상태: PID [9190] / PORT UP
[2026-07-31 16:21:45]   - [8408_bot] 상태: PID [9188]
[2026-07-31 16:21:45]   - [8409_ui] 상태: PID [32203] / PORT UP
[2026-07-31 16:21:45]   - [8409_bot] 상태: PID [32201]
[2026-07-31 16:26:45] ❌ [8407_bot] DOWN 감지 -> 즉시 단일 기동
[2026-07-31 16:26:45] ⏳ 신규 기동 타겟 안정화 대기 (15초)...
[2026-07-31 16:27:00]   - [8888_app] 상태: PID [39028] / PORT UP
[2026-07-31 16:27:01]   - [8401_ui] 상태: PID [18355] / PORT UP
[2026-07-31 16:27:01]   - [8401_bot] 상태: PID [59980]
[2026-07-31 16:27:01]   - [8402_ui] 상태: PID [18357] / PORT UP
[2026-07-31 16:27:01]   - [8402_bot] 상태: PID [71275]
[2026-07-31 16:27:01]   - [8403_ui] 상태: PID [18359] / PORT UP
[2026-07-31 16:27:01]   - [8403_bot] 상태: PID [80493]
[2026-07-31 16:27:01]   - [8404_ui] 상태: PID [92778] / PORT UP
[2026-07-31 16:27:01]   - [8404_bot] 상태: PID [92776]
[2026-07-31 16:27:01]   - [8405_ui] 상태: PID [18363] / PORT UP
[2026-07-31 16:27:01]   - [8405_bot] 상태: PID [16514]
[2026-07-31 16:27:01]   - [8407_ui] 상태: PID [18365] / PORT UP
[2026-07-31 16:27:01]   - [8407_bot] 상태: DOWN
[2026-07-31 16:27:01]   - [8408_ui] 상태: PID [9190] / PORT UP
[2026-07-31 16:27:01]   - [8408_bot] 상태: PID [9188]
[2026-07-31 16:27:01]   - [8409_ui] 상태: PID [32203] / PORT UP
[2026-07-31 16:27:01]   - [8409_bot] 상태: PID [32201]
[2026-07-31 16:32:02] ❌ [8407_bot] DOWN 감지 -> 즉시 단일 기동
[2026-07-31 16:32:02] ⏳ 신규 기동 타겟 안정화 대기 (15초)...
[2026-07-31 16:32:17]   - [8888_app] 상태: PID [39028] / PORT UP
[2026-07-31 16:32:17]   - [8401_ui] 상태: PID [18355] / PORT UP
[2026-07-31 16:32:17]   - [8401_bot] 상태: PID [59980]
[2026-07-31 16:32:17]   - [8402_ui] 상태: PID [18357] / PORT UP
[2026-07-31 16:32:17]   - [8402_bot] 상태: PID [71275]
[2026-07-31 16:32:17]   - [8403_ui] 상태: PID [18359] / PORT UP
[2026-07-31 16:32:17]   - [8403_bot] 상태: PID [80493]
[2026-07-31 16:32:17]   - [8404_ui] 상태: PID [92778] / PORT UP
[2026-07-31 16:32:17]   - [8404_bot] 상태: PID [92776]
[2026-07-31 16:32:17]   - [8405_ui] 상태: PID [18363] / PORT UP
[2026-07-31 16:32:17]   - [8405_bot] 상태: PID [16514]
[2026-07-31 16:32:17]   - [8407_ui] 상태: PID [18365] / PORT UP
[2026-07-31 16:32:17]   - [8407_bot] 상태: DOWN
[2026-07-31 16:32:17]   - [8408_ui] 상태: PID [26687] / PORT UP
[2026-07-31 16:32:17]   - [8408_bot] 상태: PID [26685]
[2026-07-31 16:32:18]   - [8409_ui] 상태: PID [32203] / PORT UP
[2026-07-31 16:32:18]   - [8409_bot] 상태: PID [32201]
[2026-07-31 16:37:18] ❌ [8407_bot] DOWN 감지 -> 즉시 단일 기동
[2026-07-31 16:37:18] ⏳ 신규 기동 타겟 안정화 대기 (15초)...
[2026-07-31 16:37:33]   - [8888_app] 상태: PID [39028] / PORT UP
[2026-07-31 16:37:33]   - [8401_ui] 상태: PID [18355] / PORT UP
[2026-07-31 16:37:33]   - [8401_bot] 상태: PID [59980]
[2026-07-31 16:37:33]   - [8402_ui] 상태: PID [18357] / PORT UP
[2026-07-31 16:37:34]   - [8402_bot] 상태: PID [71275]
[2026-07-31 16:37:34]   - [8403_ui] 상태: PID [18359] / PORT UP
[2026-07-31 16:37:34]   - [8403_bot] 상태: PID [80493]
[2026-07-31 16:37:34]   - [8404_ui] 상태: PID [92778] / PORT UP
[2026-07-31 16:37:34]   - [8404_bot] 상태: PID [92776]
[2026-07-31 16:37:34]   - [8405_ui] 상태: PID [18363] / PORT UP
[2026-07-31 16:37:34]   - [8405_bot] 상태: PID [16514]
[2026-07-31 16:37:34]   - [8407_ui] 상태: PID [18365] / PORT UP
[2026-07-31 16:37:34]   - [8407_bot] 상태: DOWN
[2026-07-31 16:37:34]   - [8408_ui] 상태: PID [26687] / PORT UP
[2026-07-31 16:37:34]   - [8408_bot] 상태: PID [26685]
[2026-07-31 16:37:34]   - [8409_ui] 상태: PID [32203] / PORT UP
[2026-07-31 16:37:34]   - [8409_bot] 상태: PID [32201]
[2026-07-31 16:42:35] ❌ [8407_bot] DOWN 감지 -> 즉시 단일 기동
[2026-07-31 16:42:35] ⏳ 신규 기동 타겟 안정화 대기 (15초)...
[2026-07-31 16:42:50]   - [8888_app] 상태: PID [39028] / PORT UP
[2026-07-31 16:42:50]   - [8401_ui] 상태: PID [18355] / PORT UP
[2026-07-31 16:42:50]   - [8401_bot] 상태: PID [59980]
[2026-07-31 16:42:50]   - [8402_ui] 상태: PID [18357] / PORT UP
[2026-07-31 16:42:50]   - [8402_bot] 상태: PID [71275]
[2026-07-31 16:42:50]   - [8403_ui] 상태: PID [18359] / PORT UP
[2026-07-31 16:42:50]   - [8403_bot] 상태: PID [80493]
[2026-07-31 16:42:50]   - [8404_ui] 상태: PID [92778] / PORT UP
[2026-07-31 16:42:50]   - [8404_bot] 상태: PID [92776]
[2026-07-31 16:42:50]   - [8405_ui] 상태: PID [18363] / PORT UP
[2026-07-31 16:42:50]   - [8405_bot] 상태: PID [16514]
[2026-07-31 16:42:50]   - [8407_ui] 상태: PID [18365] / PORT UP
[2026-07-31 16:42:50]   - [8407_bot] 상태: DOWN
[2026-07-31 16:42:50]   - [8408_ui] 상태: PID [26687] / PORT UP
[2026-07-31 16:42:50]   - [8408_bot] 상태: PID [26685]
[2026-07-31 16:42:50]   - [8409_ui] 상태: PID [32203] / PORT UP
[2026-07-31 16:42:50]   - [8409_bot] 상태: PID [32201]
[2026-07-31 16:47:51] ❌ [8407_bot] DOWN 감지 -> 즉시 단일 기동
[2026-07-31 16:47:51] ⏳ 신규 기동 타겟 안정화 대기 (15초)...
[2026-07-31 16:48:06]   - [8888_app] 상태: PID [39028] / PORT UP
[2026-07-31 16:48:06]   - [8401_ui] 상태: PID [18355] / PORT UP
[2026-07-31 16:48:06]   - [8401_bot] 상태: PID [59980]
[2026-07-31 16:48:06]   - [8402_ui] 상태: PID [18357] / PORT UP
[2026-07-31 16:48:06]   - [8402_bot] 상태: PID [71275]
[2026-07-31 16:48:06]   - [8403_ui] 상태: PID [18359] / PORT UP
[2026-07-31 16:48:06]   - [8403_bot] 상태: PID [80493]
[2026-07-31 16:48:06]   - [8404_ui] 상태: PID [92778] / PORT UP
[2026-07-31 16:48:06]   - [8404_bot] 상태: PID [92776]
[2026-07-31 16:48:07]   - [8405_ui] 상태: PID [18363] / PORT UP
[2026-07-31 16:48:07]   - [8405_bot] 상태: PID [16514]
[2026-07-31 16:48:07]   - [8407_ui] 상태: PID [18365] / PORT UP
[2026-07-31 16:48:07]   - [8407_bot] 상태: DOWN
[2026-07-31 16:48:07]   - [8408_ui] 상태: PID [26687] / PORT UP
[2026-07-31 16:48:07]   - [8408_bot] 상태: PID [26685]
[2026-07-31 16:48:07]   - [8409_ui] 상태: PID [32203] / PORT UP
[2026-07-31 16:48:07]   - [8409_bot] 상태: PID [32201]
[2026-07-31 16:53:07] ❌ [8407_bot] DOWN 감지 -> 즉시 단일 기동
[2026-07-31 16:53:08] ⏳ 신규 기동 타겟 안정화 대기 (15초)...
[2026-07-31 16:53:23]   - [8888_app] 상태: PID [39028] / PORT UP
[2026-07-31 16:53:23]   - [8401_ui] 상태: PID [18355] / PORT UP
[2026-07-31 16:53:23]   - [8401_bot] 상태: PID [59980]
[2026-07-31 16:53:23]   - [8402_ui] 상태: PID [18357] / PORT UP
[2026-07-31 16:53:23]   - [8402_bot] 상태: PID [71275]
[2026-07-31 16:53:23]   - [8403_ui] 상태: PID [18359] / PORT UP
[2026-07-31 16:53:23]   - [8403_bot] 상태: PID [80493]
[2026-07-31 16:53:23]   - [8404_ui] 상태: PID [92778] / PORT UP
[2026-07-31 16:53:23]   - [8404_bot] 상태: PID [92776]
[2026-07-31 16:53:23]   - [8405_ui] 상태: PID [18363] / PORT UP
[2026-07-31 16:53:23]   - [8405_bot] 상태: PID [16514]
[2026-07-31 16:53:23]   - [8407_ui] 상태: PID [18365] / PORT UP
[2026-07-31 16:53:23]   - [8407_bot] 상태: DOWN
[2026-07-31 16:53:23]   - [8408_ui] 상태: PID [26687] / PORT UP
[2026-07-31 16:53:23]   - [8408_bot] 상태: PID [26685]
[2026-07-31 16:53:23]   - [8409_ui] 상태: PID [32203] / PORT UP
[2026-07-31 16:53:23]   - [8409_bot] 상태: PID [32201]
[2026-07-31 16:58:24] ❌ [8407_bot] DOWN 감지 -> 즉시 단일 기동
[2026-07-31 16:58:24] ⏳ 신규 기동 타겟 안정화 대기 (15초)...
[2026-07-31 16:58:39]   - [8888_app] 상태: PID [39028] / PORT UP
[2026-07-31 16:58:39]   - [8401_ui] 상태: PID [18355] / PORT UP
[2026-07-31 16:58:39]   - [8401_bot] 상태: PID [59980]
[2026-07-31 16:58:39]   - [8402_ui] 상태: PID [18357] / PORT UP
[2026-07-31 16:58:39]   - [8402_bot] 상태: PID [71275]
[2026-07-31 16:58:39]   - [8403_ui] 상태: PID [18359] / PORT UP
[2026-07-31 16:58:39]   - [8403_bot] 상태: PID [80493]
[2026-07-31 16:58:39]   - [8404_ui] 상태: PID [92778] / PORT UP
[2026-07-31 16:58:39]   - [8404_bot] 상태: PID [92776]
[2026-07-31 16:58:40]   - [8405_ui] 상태: PID [18363] / PORT UP
[2026-07-31 16:58:40]   - [8405_bot] 상태: PID [16514]
[2026-07-31 16:58:40]   - [8407_ui] 상태: PID [18365] / PORT UP
[2026-07-31 16:58:40]   - [8407_bot] 상태: DOWN
[2026-07-31 16:58:40]   - [8408_ui] 상태: PID [26687] / PORT UP
[2026-07-31 16:58:40]   - [8408_bot] 상태: PID [26685]
[2026-07-31 16:58:40]   - [8409_ui] 상태: PID [32203] / PORT UP
[2026-07-31 16:58:40]   - [8409_bot] 상태: PID [32201]
[2026-07-31 17:03:40] ❌ [8407_bot] DOWN 감지 -> 즉시 단일 기동
[2026-07-31 17:03:41] ⏳ 신규 기동 타겟 안정화 대기 (15초)...
[2026-07-31 17:03:56]   - [8888_app] 상태: PID [39028] / PORT UP
[2026-07-31 17:03:56]   - [8401_ui] 상태: PID [18355] / PORT UP
[2026-07-31 17:03:56]   - [8401_bot] 상태: PID [59980]
[2026-07-31 17:03:56]   - [8402_ui] 상태: PID [18357] / PORT UP
[2026-07-31 17:03:56]   - [8402_bot] 상태: PID [71275]
[2026-07-31 17:03:56]   - [8403_ui] 상태: PID [18359] / PORT UP
[2026-07-31 17:03:56]   - [8403_bot] 상태: PID [80493]
[2026-07-31 17:03:56]   - [8404_ui] 상태: PID [92778] / PORT UP
[2026-07-31 17:03:56]   - [8404_bot] 상태: PID [92776]
[2026-07-31 17:03:56]   - [8405_ui] 상태: PID [18363] / PORT UP
[2026-07-31 17:03:56]   - [8405_bot] 상태: PID [16514]
[2026-07-31 17:03:56]   - [8407_ui] 상태: PID [18365] / PORT UP
[2026-07-31 17:03:56]   - [8407_bot] 상태: DOWN
[2026-07-31 17:03:56]   - [8408_ui] 상태: PID [26687] / PORT UP
[2026-07-31 17:03:56]   - [8408_bot] 상태: PID [26685]
[2026-07-31 17:03:56]   - [8409_ui] 상태: PID [37271] / PORT UP
[2026-07-31 17:03:56]   - [8409_bot] 상태: PID [37269]
[2026-07-31 17:08:57] ❌ [8407_bot] DOWN 감지 -> 즉시 단일 기동
[2026-07-31 17:08:57] ⏳ 신규 기동 타겟 안정화 대기 (15초)...
[2026-07-31 17:09:12]   - [8888_app] 상태: PID [39028] / PORT UP
[2026-07-31 17:09:12]   - [8401_ui] 상태: PID [18355] / PORT UP
[2026-07-31 17:09:12]   - [8401_bot] 상태: PID [59980]
[2026-07-31 17:09:12]   - [8402_ui] 상태: PID [18357] / PORT UP
[2026-07-31 17:09:12]   - [8402_bot] 상태: PID [71275]
[2026-07-31 17:09:12]   - [8403_ui] 상태: PID [18359] / PORT UP
[2026-07-31 17:09:12]   - [8403_bot] 상태: PID [80493]
[2026-07-31 17:09:12]   - [8404_ui] 상태: PID [92778] / PORT UP
[2026-07-31 17:09:13]   - [8404_bot] 상태: PID [92776]
[2026-07-31 17:09:13]   - [8405_ui] 상태: PID [18363] / PORT UP
[2026-07-31 17:09:13]   - [8405_bot] 상태: PID [16514]
[2026-07-31 17:09:13]   - [8407_ui] 상태: PID [18365] / PORT UP
[2026-07-31 17:09:13]   - [8407_bot] 상태: DOWN
[2026-07-31 17:09:13]   - [8408_ui] 상태: PID [26687] / PORT UP
[2026-07-31 17:09:13]   - [8408_bot] 상태: PID [26685]
[2026-07-31 17:09:13]   - [8409_ui] 상태: PID [39900] / PORT UP
[2026-07-31 17:09:13]   - [8409_bot] 상태: PID [39898]
[2026-07-31 17:14:13] ❌ [8407_bot] DOWN 감지 -> 즉시 단일 기동
[2026-07-31 17:14:14] ⏳ 신규 기동 타겟 안정화 대기 (15초)...
[2026-07-31 17:14:29]   - [8888_app] 상태: PID [39028] / PORT UP
[2026-07-31 17:14:29]   - [8401_ui] 상태: PID [18355] / PORT UP
[2026-07-31 17:14:29]   - [8401_bot] 상태: PID [59980]
[2026-07-31 17:14:29]   - [8402_ui] 상태: PID [18357] / PORT UP
[2026-07-31 17:14:29]   - [8402_bot] 상태: PID [71275]
[2026-07-31 17:14:29]   - [8403_ui] 상태: PID [18359] / PORT UP
[2026-07-31 17:14:29]   - [8403_bot] 상태: PID [80493]
[2026-07-31 17:14:29]   - [8404_ui] 상태: PID [92778] / PORT UP
[2026-07-31 17:14:29]   - [8404_bot] 상태: PID [92776]
[2026-07-31 17:14:29]   - [8405_ui] 상태: PID [18363] / PORT UP
[2026-07-31 17:14:29]   - [8405_bot] 상태: PID [16514]
[2026-07-31 17:14:29]   - [8407_ui] 상태: PID [18365] / PORT UP
[2026-07-31 17:14:29]   - [8407_bot] 상태: DOWN
[2026-07-31 17:14:29]   - [8408_ui] 상태: PID [26687] / PORT UP
[2026-07-31 17:14:29]   - [8408_bot] 상태: PID [26685]
[2026-07-31 17:14:29]   - [8409_ui] 상태: PID [39900] / PORT UP
[2026-07-31 17:14:29]   - [8409_bot] 상태: PID [39898]
[2026-07-31 17:19:30] ❌ [8407_bot] DOWN 감지 -> 즉시 단일 기동
[2026-07-31 17:19:30] ⏳ 신규 기동 타겟 안정화 대기 (15초)...
[2026-07-31 17:19:45]   - [8888_app] 상태: PID [39028] / PORT UP
[2026-07-31 17:19:45]   - [8401_ui] 상태: PID [18355] / PORT UP
[2026-07-31 17:19:45]   - [8401_bot] 상태: PID [59980]
[2026-07-31 17:19:45]   - [8402_ui] 상태: PID [18357] / PORT UP
[2026-07-31 17:19:45]   - [8402_bot] 상태: PID [71275]
[2026-07-31 17:19:45]   - [8403_ui] 상태: PID [18359] / PORT UP
[2026-07-31 17:19:45]   - [8403_bot] 상태: PID [80493]
[2026-07-31 17:19:45]   - [8404_ui] 상태: PID [92778] / PORT UP
[2026-07-31 17:19:45]   - [8404_bot] 상태: PID [92776]
[2026-07-31 17:19:45]   - [8405_ui] 상태: PID [18363] / PORT UP
[2026-07-31 17:19:46]   - [8405_bot] 상태: PID [16514]
[2026-07-31 17:19:46]   - [8407_ui] 상태: PID [18365] / PORT UP
[2026-07-31 17:19:46]   - [8407_bot] 상태: DOWN
[2026-07-31 17:19:46]   - [8408_ui] 상태: PID [26687] / PORT UP
[2026-07-31 17:19:46]   - [8408_bot] 상태: PID [26685]
[2026-07-31 17:19:46]   - [8409_ui] 상태: PID [39900] / PORT UP
[2026-07-31 17:19:46]   - [8409_bot] 상태: PID [39898]
[2026-07-31 17:24:46] ❌ [8407_bot] DOWN 감지 -> 즉시 단일 기동
[2026-07-31 17:24:46] ⏳ 신규 기동 타겟 안정화 대기 (15초)...
[2026-07-31 17:25:02]   - [8888_app] 상태: PID [39028] / PORT UP
[2026-07-31 17:25:02]   - [8401_ui] 상태: PID [18355] / PORT UP
[2026-07-31 17:25:02]   - [8401_bot] 상태: PID [59980]
[2026-07-31 17:25:02]   - [8402_ui] 상태: PID [18357] / PORT UP
[2026-07-31 17:25:02]   - [8402_bot] 상태: PID [71275]
[2026-07-31 17:25:02]   - [8403_ui] 상태: PID [18359] / PORT UP
[2026-07-31 17:25:02]   - [8403_bot] 상태: PID [80493]
[2026-07-31 17:25:02]   - [8404_ui] 상태: PID [92778] / PORT UP
[2026-07-31 17:25:02]   - [8404_bot] 상태: PID [92776]
[2026-07-31 17:25:02]   - [8405_ui] 상태: PID [18363] / PORT UP
[2026-07-31 17:25:02]   - [8405_bot] 상태: PID [16514]
[2026-07-31 17:25:02]   - [8407_ui] 상태: PID [18365] / PORT UP
[2026-07-31 17:25:02]   - [8407_bot] 상태: DOWN
[2026-07-31 17:25:02]   - [8408_ui] 상태: PID [26687] / PORT UP
[2026-07-31 17:25:02]   - [8408_bot] 상태: PID [26685]
[2026-07-31 17:25:02]   - [8409_ui] 상태: PID [39900] / PORT UP
[2026-07-31 17:25:02]   - [8409_bot] 상태: PID [39898]
[2026-07-31 17:30:03] ❌ [8407_bot] DOWN 감지 -> 즉시 단일 기동
[2026-07-31 17:30:03] ⏳ 신규 기동 타겟 안정화 대기 (15초)...
[2026-07-31 17:30:18]   - [8888_app] 상태: PID [39028] / PORT UP
[2026-07-31 17:30:18]   - [8401_ui] 상태: PID [18355] / PORT UP
[2026-07-31 17:30:18]   - [8401_bot] 상태: PID [59980]
[2026-07-31 17:30:18]   - [8402_ui] 상태: PID [18357] / PORT UP
[2026-07-31 17:30:18]   - [8402_bot] 상태: PID [71275]
[2026-07-31 17:30:18]   - [8403_ui] 상태: PID [18359] / PORT UP
[2026-07-31 17:30:18]   - [8403_bot] 상태: PID [80493]
[2026-07-31 17:30:18]   - [8404_ui] 상태: PID [92778] / PORT UP
[2026-07-31 17:30:18]   - [8404_bot] 상태: PID [92776]
[2026-07-31 17:30:18]   - [8405_ui] 상태: PID [18363] / PORT UP
[2026-07-31 17:30:18]   - [8405_bot] 상태: PID [16514]
[2026-07-31 17:30:18]   - [8407_ui] 상태: PID [18365] / PORT UP
[2026-07-31 17:30:19]   - [8407_bot] 상태: DOWN
[2026-07-31 17:30:19]   - [8408_ui] 상태: PID [26687] / PORT UP
[2026-07-31 17:30:19]   - [8408_bot] 상태: PID [26685]
[2026-07-31 17:30:19]   - [8409_ui] 상태: PID [39900] / PORT UP
[2026-07-31 17:30:19]   - [8409_bot] 상태: PID [39898]
[2026-07-31 17:35:19] ❌ [8407_bot] DOWN 감지 -> 즉시 단일 기동
[2026-07-31 17:35:19] ⏳ 신규 기동 타겟 안정화 대기 (15초)...
[2026-07-31 17:35:35]   - [8888_app] 상태: PID [39028] / PORT UP
[2026-07-31 17:35:35]   - [8401_ui] 상태: PID [18355] / PORT UP
[2026-07-31 17:35:35]   - [8401_bot] 상태: PID [59980]
[2026-07-31 17:35:35]   - [8402_ui] 상태: PID [18357] / PORT UP
[2026-07-31 17:35:35]   - [8402_bot] 상태: PID [71275]
[2026-07-31 17:35:35]   - [8403_ui] 상태: PID [18359] / PORT UP
[2026-07-31 17:35:35]   - [8403_bot] 상태: PID [80493]
[2026-07-31 17:35:35]   - [8404_ui] 상태: PID [92778] / PORT UP
[2026-07-31 17:35:35]   - [8404_bot] 상태: PID [92776]
[2026-07-31 17:35:35]   - [8405_ui] 상태: PID [18363] / PORT UP
[2026-07-31 17:35:35]   - [8405_bot] 상태: PID [16514]
[2026-07-31 17:35:35]   - [8407_ui] 상태: PID [18365] / PORT UP
[2026-07-31 17:35:35]   - [8407_bot] 상태: DOWN
[2026-07-31 17:35:35]   - [8408_ui] 상태: PID [26687] / PORT UP
[2026-07-31 17:35:35]   - [8408_bot] 상태: PID [26685]
[2026-07-31 17:35:35]   - [8409_ui] 상태: PID [39900] / PORT UP
[2026-07-31 17:35:35]   - [8409_bot] 상태: PID [39898]
[2026-07-31 17:40:36] ❌ [8407_bot] DOWN 감지 -> 즉시 단일 기동
[2026-07-31 17:40:36] ⏳ 신규 기동 타겟 안정화 대기 (15초)...
[2026-07-31 17:40:51]   - [8888_app] 상태: PID [39028] / PORT UP
[2026-07-31 17:40:51]   - [8401_ui] 상태: PID [18355] / PORT UP
[2026-07-31 17:40:51]   - [8401_bot] 상태: PID [59980]
[2026-07-31 17:40:51]   - [8402_ui] 상태: PID [18357] / PORT UP
[2026-07-31 17:40:51]   - [8402_bot] 상태: PID [71275]
[2026-07-31 17:40:51]   - [8403_ui] 상태: PID [18359] / PORT UP
[2026-07-31 17:40:51]   - [8403_bot] 상태: PID [80493]
[2026-07-31 17:40:51]   - [8404_ui] 상태: PID [92778] / PORT UP
[2026-07-31 17:40:51]   - [8404_bot] 상태: PID [92776]
[2026-07-31 17:40:51]   - [8405_ui] 상태: PID [18363] / PORT UP
[2026-07-31 17:40:51]   - [8405_bot] 상태: PID [16514]
[2026-07-31 17:40:51]   - [8407_ui] 상태: PID [18365] / PORT UP
[2026-07-31 17:40:52]   - [8407_bot] 상태: DOWN
[2026-07-31 17:40:52]   - [8408_ui] 상태: PID [26687] / PORT UP
[2026-07-31 17:40:52]   - [8408_bot] 상태: PID [26685]
[2026-07-31 17:40:52]   - [8409_ui] 상태: PID [39900] / PORT UP
[2026-07-31 17:40:52]   - [8409_bot] 상태: PID [39898]
[2026-07-31 17:45:52] ❌ [8407_bot] DOWN 감지 -> 즉시 단일 기동
[2026-07-31 17:45:52] ⏳ 신규 기동 타겟 안정화 대기 (15초)...
[2026-07-31 17:46:07]   - [8888_app] 상태: PID [39028] / PORT UP
[2026-07-31 17:46:08]   - [8401_ui] 상태: PID [18355] / PORT UP
[2026-07-31 17:46:08]   - [8401_bot] 상태: PID [59980]
[2026-07-31 17:46:08]   - [8402_ui] 상태: PID [18357] / PORT UP
[2026-07-31 17:46:08]   - [8402_bot] 상태: PID [71275]
[2026-07-31 17:46:08]   - [8403_ui] 상태: PID [18359] / PORT UP
[2026-07-31 17:46:08]   - [8403_bot] 상태: PID [80493]
[2026-07-31 17:46:08]   - [8404_ui] 상태: PID [92778] / PORT UP
[2026-07-31 17:46:08]   - [8404_bot] 상태: PID [92776]
[2026-07-31 17:46:08]   - [8405_ui] 상태: PID [18363] / PORT UP
[2026-07-31 17:46:08]   - [8405_bot] 상태: PID [16514]
[2026-07-31 17:46:08]   - [8407_ui] 상태: PID [18365] / PORT UP
[2026-07-31 17:46:08]   - [8407_bot] 상태: DOWN
[2026-07-31 17:46:08]   - [8408_ui] 상태: PID [26687] / PORT UP
[2026-07-31 17:46:08]   - [8408_bot] 상태: PID [26685]
[2026-07-31 17:46:08]   - [8409_ui] 상태: PID [39900] / PORT UP
[2026-07-31 17:46:08]   - [8409_bot] 상태: PID [39898]
[2026-07-31 17:51:09] ❌ [8407_bot] DOWN 감지 -> 즉시 단일 기동
[2026-07-31 17:51:09] ⏳ 신규 기동 타겟 안정화 대기 (15초)...
[2026-07-31 17:51:24]   - [8888_app] 상태: PID [39028] / PORT UP
[2026-07-31 17:51:24]   - [8401_ui] 상태: PID [18355] / PORT UP
[2026-07-31 17:51:24]   - [8401_bot] 상태: PID [59980]
[2026-07-31 17:51:24]   - [8402_ui] 상태: PID [18357] / PORT UP
[2026-07-31 17:51:24]   - [8402_bot] 상태: PID [71275]
[2026-07-31 17:51:24]   - [8403_ui] 상태: PID [18359] / PORT UP
[2026-07-31 17:51:24]   - [8403_bot] 상태: PID [80493]
[2026-07-31 17:51:24]   - [8404_ui] 상태: PID [92778] / PORT UP
[2026-07-31 17:51:24]   - [8404_bot] 상태: PID [92776]
[2026-07-31 17:51:24]   - [8405_ui] 상태: PID [18363] / PORT UP
[2026-07-31 17:51:24]   - [8405_bot] 상태: PID [16514]
[2026-07-31 17:51:24]   - [8407_ui] 상태: PID [18365] / PORT UP
[2026-07-31 17:51:24]   - [8407_bot] 상태: DOWN
[2026-07-31 17:51:24]   - [8408_ui] 상태: PID [26687] / PORT UP
[2026-07-31 17:51:25]   - [8408_bot] 상태: PID [26685]
[2026-07-31 17:51:25]   - [8409_ui] 상태: PID [39900] / PORT UP
[2026-07-31 17:51:25]   - [8409_bot] 상태: PID [39898]
[2026-07-31 17:56:25] ❌ [8407_bot] DOWN 감지 -> 즉시 단일 기동
[2026-07-31 17:56:25] ⏳ 신규 기동 타겟 안정화 대기 (15초)...
[2026-07-31 17:56:40]   - [8888_app] 상태: PID [39028] / PORT UP
[2026-07-31 17:56:40]   - [8401_ui] 상태: PID [18355] / PORT UP
[2026-07-31 17:56:41]   - [8401_bot] 상태: PID [59980]
[2026-07-31 17:56:41]   - [8402_ui] 상태: PID [18357] / PORT UP
[2026-07-31 17:56:41]   - [8402_bot] 상태: PID [71275]
[2026-07-31 17:56:41]   - [8403_ui] 상태: PID [18359] / PORT UP
[2026-07-31 17:56:41]   - [8403_bot] 상태: PID [80493]
[2026-07-31 17:56:41]   - [8404_ui] 상태: PID [92778] / PORT UP
[2026-07-31 17:56:41]   - [8404_bot] 상태: PID [92776]
[2026-07-31 17:56:41]   - [8405_ui] 상태: PID [18363] / PORT UP
[2026-07-31 17:56:41]   - [8405_bot] 상태: PID [16514]
[2026-07-31 17:56:41]   - [8407_ui] 상태: PID [18365] / PORT UP
[2026-07-31 17:56:41]   - [8407_bot] 상태: DOWN
[2026-07-31 17:56:41]   - [8408_ui] 상태: PID [26687] / PORT UP
[2026-07-31 17:56:41]   - [8408_bot] 상태: PID [26685]
[2026-07-31 17:56:41]   - [8409_ui] 상태: PID [39900] / PORT UP
[2026-07-31 17:56:41]   - [8409_bot] 상태: PID [39898]
[2026-07-31 18:01:42] ❌ [8407_bot] DOWN 감지 -> 즉시 단일 기동
[2026-07-31 18:01:42] ⏳ 신규 기동 타겟 안정화 대기 (15초)...
[2026-07-31 18:01:57]   - [8888_app] 상태: PID [39028] / PORT UP
[2026-07-31 18:01:57]   - [8401_ui] 상태: PID [18355] / PORT UP
[2026-07-31 18:01:57]   - [8401_bot] 상태: PID [59980]
[2026-07-31 18:01:57]   - [8402_ui] 상태: PID [18357] / PORT UP
[2026-07-31 18:01:57]   - [8402_bot] 상태: PID [71275]
[2026-07-31 18:01:57]   - [8403_ui] 상태: PID [18359] / PORT UP
[2026-07-31 18:01:57]   - [8403_bot] 상태: PID [80493]
[2026-07-31 18:01:57]   - [8404_ui] 상태: PID [92778] / PORT UP
[2026-07-31 18:01:57]   - [8404_bot] 상태: PID [92776]
[2026-07-31 18:01:57]   - [8405_ui] 상태: PID [18363] / PORT UP
[2026-07-31 18:01:57]   - [8405_bot] 상태: PID [16514]
[2026-07-31 18:01:57]   - [8407_ui] 상태: PID [18365] / PORT UP
[2026-07-31 18:01:57]   - [8407_bot] 상태: DOWN
[2026-07-31 18:01:57]   - [8408_ui] 상태: PID [26687] / PORT UP
[2026-07-31 18:01:57]   - [8408_bot] 상태: PID [26685]
[2026-07-31 18:01:57]   - [8409_ui] 상태: PID [39900] / PORT UP
[2026-07-31 18:01:58]   - [8409_bot] 상태: PID [39898]
[2026-07-31 18:06:58] ❌ [8407_bot] DOWN 감지 -> 즉시 단일 기동
[2026-07-31 18:06:58] ❌ [8409_ui] DOWN 감지 -> 즉시 단일 기동
[2026-07-31 18:06:58] ❌ [8409_bot] DOWN 감지 -> 즉시 단일 기동
[2026-07-31 18:06:58] ⏳ 신규 기동 타겟 안정화 대기 (15초)...
[2026-07-31 18:07:13]   - [8888_app] 상태: PID [39028] / PORT UP
[2026-07-31 18:07:13]   - [8401_ui] 상태: PID [18355] / PORT UP
[2026-07-31 18:07:14]   - [8401_bot] 상태: PID [59980]
[2026-07-31 18:07:14]   - [8402_ui] 상태: PID [18357] / PORT UP
[2026-07-31 18:07:14]   - [8402_bot] 상태: PID [71275]
[2026-07-31 18:07:14]   - [8403_ui] 상태: PID [57627] / PORT UP
[2026-07-31 18:07:14]   - [8403_bot] 상태: PID [57625]
[2026-07-31 18:07:14]   - [8404_ui] 상태: PID [57885] / PORT UP
[2026-07-31 18:07:14]   - [8404_bot] 상태: PID [57883]
[2026-07-31 18:07:14]   - [8405_ui] 상태: PID [18363] / PORT UP
[2026-07-31 18:07:14]   - [8405_bot] 상태: PID [16514]
[2026-07-31 18:07:14]   - [8407_ui] 상태: PID [18365] / PORT UP
[2026-07-31 18:07:14]   - [8407_bot] 상태: DOWN
[2026-07-31 18:07:14]   - [8408_ui] 상태: PID [26687] / PORT UP
[2026-07-31 18:07:14]   - [8408_bot] 상태: PID [26685]
[2026-07-31 18:07:14]   - [8409_ui] 상태: PID [58170] / PORT UP
[2026-07-31 18:07:14]   - [8409_bot] 상태: PID [58142, 58168]
[2026-07-31 18:16:14] ❌ [8407_bot] DOWN 감지 -> 즉시 단일 기동
[2026-07-31 18:16:14] ⏳ 신규 기동 타겟 안정화 대기 (15초)...
[2026-07-31 18:16:29]   - [8888_app] 상태: PID [39028] / PORT UP
[2026-07-31 18:16:29]   - [8401_ui] 상태: PID [18355] / PORT UP
[2026-07-31 18:16:29]   - [8401_bot] 상태: PID [59980]
[2026-07-31 18:16:29]   - [8402_ui] 상태: PID [18357] / PORT UP
[2026-07-31 18:16:29]   - [8402_bot] 상태: PID [71275]
[2026-07-31 18:16:29]   - [8403_ui] 상태: PID [57627] / PORT UP
[2026-07-31 18:16:29]   - [8403_bot] 상태: PID [57625]
[2026-07-31 18:16:29]   - [8404_ui] 상태: PID [57885] / PORT UP
[2026-07-31 18:16:29]   - [8404_bot] 상태: PID [57883]
[2026-07-31 18:16:29]   - [8405_ui] 상태: PID [18363] / PORT UP
[2026-07-31 18:16:29]   - [8405_bot] 상태: PID [16514]
[2026-07-31 18:16:29]   - [8407_ui] 상태: PID [18365] / PORT UP
[2026-07-31 18:16:30]   - [8407_bot] 상태: DOWN
[2026-07-31 18:16:30]   - [8408_ui] 상태: PID [26687] / PORT UP
[2026-07-31 18:16:30]   - [8408_bot] 상태: PID [26685]
[2026-07-31 18:16:30]   - [8409_ui] 상태: PID [59815] / PORT UP
[2026-07-31 18:16:30]   - [8409_bot] 상태: PID [59813]
[2026-07-31 18:21:30] ❌ [8407_bot] DOWN 감지 -> 즉시 단일 기동
[2026-07-31 18:21:30] ⏳ 신규 기동 타겟 안정화 대기 (15초)...
[2026-07-31 18:21:45]   - [8888_app] 상태: PID [39028] / PORT UP
[2026-07-31 18:21:45]   - [8401_ui] 상태: PID [18355] / PORT UP
[2026-07-31 18:21:46]   - [8401_bot] 상태: PID [59980]
[2026-07-31 18:21:46]   - [8402_ui] 상태: PID [18357] / PORT UP
[2026-07-31 18:21:46]   - [8402_bot] 상태: PID [71275]
[2026-07-31 18:21:46]   - [8403_ui] 상태: PID [57627] / PORT UP
[2026-07-31 18:21:46]   - [8403_bot] 상태: PID [57625]
[2026-07-31 18:21:46]   - [8404_ui] 상태: PID [57885] / PORT UP
[2026-07-31 18:21:46]   - [8404_bot] 상태: PID [57883]
[2026-07-31 18:21:46]   - [8405_ui] 상태: PID [18363] / PORT UP
[2026-07-31 18:21:46]   - [8405_bot] 상태: PID [16514]
[2026-07-31 18:21:46]   - [8407_ui] 상태: PID [18365] / PORT UP
[2026-07-31 18:21:46]   - [8407_bot] 상태: DOWN
[2026-07-31 18:21:46]   - [8408_ui] 상태: PID [26687] / PORT UP
[2026-07-31 18:21:46]   - [8408_bot] 상태: PID [26685]
[2026-07-31 18:21:46]   - [8409_ui] 상태: PID [59815] / PORT UP
[2026-07-31 18:21:46]   - [8409_bot] 상태: PID [59813]
[2026-07-31 18:26:47] ❌ [8407_bot] DOWN 감지 -> 즉시 단일 기동
[2026-07-31 18:26:47] ⏳ 신규 기동 타겟 안정화 대기 (15초)...
[2026-07-31 18:27:02]   - [8888_app] 상태: PID [39028] / PORT UP
[2026-07-31 18:27:02]   - [8401_ui] 상태: PID [18355] / PORT UP
[2026-07-31 18:27:02]   - [8401_bot] 상태: PID [59980]
[2026-07-31 18:27:02]   - [8402_ui] 상태: PID [18357] / PORT UP
[2026-07-31 18:27:02]   - [8402_bot] 상태: PID [71275]
[2026-07-31 18:27:02]   - [8403_ui] 상태: PID [57627] / PORT UP
[2026-07-31 18:27:02]   - [8403_bot] 상태: PID [57625]
[2026-07-31 18:27:02]   - [8404_ui] 상태: PID [57885] / PORT UP
[2026-07-31 18:27:02]   - [8404_bot] 상태: PID [57883]
[2026-07-31 18:27:02]   - [8405_ui] 상태: PID [18363] / PORT UP
[2026-07-31 18:27:02]   - [8405_bot] 상태: PID [16514]
[2026-07-31 18:27:02]   - [8407_ui] 상태: PID [18365] / PORT UP
[2026-07-31 18:27:02]   - [8407_bot] 상태: DOWN
[2026-07-31 18:27:02]   - [8408_ui] 상태: PID [26687] / PORT UP
[2026-07-31 18:27:03]   - [8408_bot] 상태: PID [26685]
[2026-07-31 18:27:03]   - [8409_ui] 상태: PID [59815] / PORT UP
[2026-07-31 18:27:03]   - [8409_bot] 상태: PID [59813]
[2026-07-31 18:32:03] ❌ [8407_bot] DOWN 감지 -> 즉시 단일 기동
[2026-07-31 18:32:03] ⏳ 신규 기동 타겟 안정화 대기 (15초)...
[2026-07-31 18:32:18]   - [8888_app] 상태: PID [39028] / PORT UP
[2026-07-31 18:32:18]   - [8401_ui] 상태: PID [18355] / PORT UP
[2026-07-31 18:32:18]   - [8401_bot] 상태: PID [59980]
[2026-07-31 18:32:19]   - [8402_ui] 상태: PID [18357] / PORT UP
[2026-07-31 18:32:19]   - [8402_bot] 상태: PID [71275]
[2026-07-31 18:32:19]   - [8403_ui] 상태: PID [57627] / PORT UP
[2026-07-31 18:32:19]   - [8403_bot] 상태: PID [57625]
[2026-07-31 18:32:19]   - [8404_ui] 상태: PID [57885] / PORT UP
[2026-07-31 18:32:19]   - [8404_bot] 상태: PID [57883]
[2026-07-31 18:32:19]   - [8405_ui] 상태: PID [18363] / PORT UP
[2026-07-31 18:32:19]   - [8405_bot] 상태: PID [16514]
[2026-07-31 18:32:19]   - [8407_ui] 상태: PID [18365] / PORT UP
[2026-07-31 18:32:19]   - [8407_bot] 상태: DOWN
[2026-07-31 18:32:19]   - [8408_ui] 상태: PID [26687] / PORT UP
[2026-07-31 18:32:19]   - [8408_bot] 상태: PID [26685]
[2026-07-31 18:32:19]   - [8409_ui] 상태: PID [59815] / PORT UP
[2026-07-31 18:32:19]   - [8409_bot] 상태: PID [59813]
[2026-07-31 18:37:20] ❌ [8407_bot] DOWN 감지 -> 즉시 단일 기동
[2026-07-31 18:37:20] ⏳ 신규 기동 타겟 안정화 대기 (15초)...
[2026-07-31 18:37:35]   - [8888_app] 상태: PID [39028] / PORT UP
[2026-07-31 18:37:35]   - [8401_ui] 상태: PID [18355] / PORT UP
[2026-07-31 18:37:35]   - [8401_bot] 상태: PID [59980]
[2026-07-31 18:37:35]   - [8402_ui] 상태: PID [18357] / PORT UP
[2026-07-31 18:37:35]   - [8402_bot] 상태: PID [71275]
[2026-07-31 18:37:35]   - [8403_ui] 상태: PID [57627] / PORT UP
[2026-07-31 18:37:35]   - [8403_bot] 상태: PID [57625]
[2026-07-31 18:37:35]   - [8404_ui] 상태: PID [57885] / PORT UP
[2026-07-31 18:37:35]   - [8404_bot] 상태: PID [57883]
[2026-07-31 18:37:35]   - [8405_ui] 상태: PID [18363] / PORT UP
[2026-07-31 18:37:35]   - [8405_bot] 상태: PID [16514]
[2026-07-31 18:37:35]   - [8407_ui] 상태: PID [18365] / PORT UP
[2026-07-31 18:37:35]   - [8407_bot] 상태: DOWN
[2026-07-31 18:37:35]   - [8408_ui] 상태: PID [26687] / PORT UP
[2026-07-31 18:37:35]   - [8408_bot] 상태: PID [26685]
[2026-07-31 18:37:35]   - [8409_ui] 상태: PID [59815] / PORT UP
[2026-07-31 18:37:35]   - [8409_bot] 상태: PID [59813]
[2026-07-31 18:42:36] ❌ [8407_bot] DOWN 감지 -> 즉시 단일 기동
[2026-07-31 18:42:36] ⏳ 신규 기동 타겟 안정화 대기 (15초)...
[2026-07-31 18:42:51]   - [8888_app] 상태: PID [39028] / PORT UP
[2026-07-31 18:42:51]   - [8401_ui] 상태: PID [18355] / PORT UP
[2026-07-31 18:42:51]   - [8401_bot] 상태: PID [59980]
[2026-07-31 18:42:51]   - [8402_ui] 상태: PID [18357] / PORT UP
[2026-07-31 18:42:51]   - [8402_bot] 상태: PID [71275]
[2026-07-31 18:42:51]   - [8403_ui] 상태: PID [57627] / PORT UP
[2026-07-31 18:42:52]   - [8403_bot] 상태: PID [57625]
[2026-07-31 18:42:52]   - [8404_ui] 상태: PID [57885] / PORT UP
[2026-07-31 18:42:52]   - [8404_bot] 상태: PID [57883]
[2026-07-31 18:42:52]   - [8405_ui] 상태: PID [18363] / PORT UP
[2026-07-31 18:42:52]   - [8405_bot] 상태: PID [16514]
[2026-07-31 18:42:52]   - [8407_ui] 상태: PID [18365] / PORT UP
[2026-07-31 18:42:52]   - [8407_bot] 상태: DOWN
[2026-07-31 18:42:52]   - [8408_ui] 상태: PID [26687] / PORT UP
[2026-07-31 18:42:52]   - [8408_bot] 상태: PID [26685]
[2026-07-31 18:42:52]   - [8409_ui] 상태: PID [59815] / PORT UP
[2026-07-31 18:42:52]   - [8409_bot] 상태: PID [59813]
[2026-07-31 18:47:53] ❌ [8407_bot] DOWN 감지 -> 즉시 단일 기동
[2026-07-31 18:47:53] ⏳ 신규 기동 타겟 안정화 대기 (15초)...
[2026-07-31 18:48:08]   - [8888_app] 상태: PID [39028] / PORT UP
[2026-07-31 18:48:08]   - [8401_ui] 상태: PID [18355] / PORT UP
[2026-07-31 18:48:08]   - [8401_bot] 상태: PID [59980]
[2026-07-31 18:48:08]   - [8402_ui] 상태: PID [18357] / PORT UP
[2026-07-31 18:48:08]   - [8402_bot] 상태: PID [71275]
[2026-07-31 18:48:08]   - [8403_ui] 상태: PID [57627] / PORT UP
[2026-07-31 18:48:08]   - [8403_bot] 상태: PID [57625]
[2026-07-31 18:48:08]   - [8404_ui] 상태: PID [57885] / PORT UP
[2026-07-31 18:48:08]   - [8404_bot] 상태: PID [57883]
[2026-07-31 18:48:08]   - [8405_ui] 상태: PID [18363] / PORT UP
[2026-07-31 18:48:08]   - [8405_bot] 상태: PID [16514]
[2026-07-31 18:48:08]   - [8407_ui] 상태: PID [18365] / PORT UP
[2026-07-31 18:48:08]   - [8407_bot] 상태: DOWN
[2026-07-31 18:48:08]   - [8408_ui] 상태: PID [26687] / PORT UP
[2026-07-31 18:48:08]   - [8408_bot] 상태: PID [26685]
[2026-07-31 18:48:08]   - [8409_ui] 상태: PID [59815] / PORT UP
[2026-07-31 18:48:08]   - [8409_bot] 상태: PID [59813]
[2026-07-31 18:53:09] ❌ [8407_bot] DOWN 감지 -> 즉시 단일 기동
[2026-07-31 18:53:09] ⏳ 신규 기동 타겟 안정화 대기 (15초)...
[2026-07-31 18:53:24]   - [8888_app] 상태: PID [39028] / PORT UP
[2026-07-31 18:53:24]   - [8401_ui] 상태: PID [18355] / PORT UP
[2026-07-31 18:53:24]   - [8401_bot] 상태: PID [59980]
[2026-07-31 18:53:24]   - [8402_ui] 상태: PID [18357] / PORT UP
[2026-07-31 18:53:24]   - [8402_bot] 상태: PID [71275]
[2026-07-31 18:53:24]   - [8403_ui] 상태: PID [57627] / PORT UP
[2026-07-31 18:53:24]   - [8403_bot] 상태: PID [57625]
[2026-07-31 18:53:24]   - [8404_ui] 상태: PID [57885] / PORT UP
[2026-07-31 18:53:24]   - [8404_bot] 상태: PID [57883]
[2026-07-31 18:53:25]   - [8405_ui] 상태: PID [18363] / PORT UP
[2026-07-31 18:53:25]   - [8405_bot] 상태: PID [16514]
[2026-07-31 18:53:25]   - [8407_ui] 상태: PID [18365] / PORT UP
[2026-07-31 18:53:25]   - [8407_bot] 상태: DOWN
[2026-07-31 18:53:25]   - [8408_ui] 상태: PID [26687] / PORT UP
[2026-07-31 18:53:25]   - [8408_bot] 상태: PID [26685]
[2026-07-31 18:53:25]   - [8409_ui] 상태: PID [59815] / PORT UP
[2026-07-31 18:53:25]   - [8409_bot] 상태: PID [59813]
[2026-07-31 18:58:25] ❌ [8407_bot] DOWN 감지 -> 즉시 단일 기동
[2026-07-31 18:58:26] ⏳ 신규 기동 타겟 안정화 대기 (15초)...
[2026-07-31 18:58:41]   - [8888_app] 상태: PID [39028] / PORT UP
[2026-07-31 18:58:41]   - [8401_ui] 상태: PID [18355] / PORT UP
[2026-07-31 18:58:41]   - [8401_bot] 상태: PID [59980]
[2026-07-31 18:58:41]   - [8402_ui] 상태: PID [18357] / PORT UP
[2026-07-31 18:58:41]   - [8402_bot] 상태: PID [71275]
[2026-07-31 18:58:41]   - [8403_ui] 상태: PID [57627] / PORT UP
[2026-07-31 18:58:41]   - [8403_bot] 상태: PID [57625]
[2026-07-31 18:58:41]   - [8404_ui] 상태: PID [57885] / PORT UP
[2026-07-31 18:58:41]   - [8404_bot] 상태: PID [57883]
[2026-07-31 18:58:41]   - [8405_ui] 상태: PID [18363] / PORT UP
[2026-07-31 18:58:41]   - [8405_bot] 상태: PID [16514]
[2026-07-31 18:58:41]   - [8407_ui] 상태: PID [18365] / PORT UP
[2026-07-31 18:58:41]   - [8407_bot] 상태: DOWN
[2026-07-31 18:58:41]   - [8408_ui] 상태: PID [26687] / PORT UP
[2026-07-31 18:58:41]   - [8408_bot] 상태: PID [26685]
[2026-07-31 18:58:41]   - [8409_ui] 상태: PID [59815] / PORT UP
[2026-07-31 18:58:41]   - [8409_bot] 상태: PID [59813]
[2026-07-31 19:03:42] ❌ [8407_bot] DOWN 감지 -> 즉시 단일 기동
[2026-07-31 19:03:42] ⏳ 신규 기동 타겟 안정화 대기 (15초)...
[2026-07-31 19:03:57]   - [8888_app] 상태: PID [39028] / PORT UP
[2026-07-31 19:03:57]   - [8401_ui] 상태: PID [18355] / PORT UP
[2026-07-31 19:03:57]   - [8401_bot] 상태: PID [59980]
[2026-07-31 19:03:57]   - [8402_ui] 상태: PID [18357] / PORT UP
[2026-07-31 19:03:57]   - [8402_bot] 상태: PID [71275]
[2026-07-31 19:03:57]   - [8403_ui] 상태: PID [57627] / PORT UP
[2026-07-31 19:03:57]   - [8403_bot] 상태: PID [57625]
[2026-07-31 19:03:57]   - [8404_ui] 상태: PID [57885] / PORT UP
[2026-07-31 19:03:57]   - [8404_bot] 상태: PID [57883]
[2026-07-31 19:03:57]   - [8405_ui] 상태: PID [18363] / PORT UP
[2026-07-31 19:03:57]   - [8405_bot] 상태: PID [16514]
[2026-07-31 19:03:57]   - [8407_ui] 상태: PID [18365] / PORT UP
[2026-07-31 19:03:57]   - [8407_bot] 상태: DOWN
[2026-07-31 19:03:58]   - [8408_ui] 상태: PID [26687] / PORT UP
[2026-07-31 19:03:58]   - [8408_bot] 상태: PID [26685]
[2026-07-31 19:03:58]   - [8409_ui] 상태: PID [59815] / PORT UP
[2026-07-31 19:03:58]   - [8409_bot] 상태: PID [59813]
[2026-07-31 19:08:58] ❌ [8407_bot] DOWN 감지 -> 즉시 단일 기동
[2026-07-31 19:08:58] ⏳ 신규 기동 타겟 안정화 대기 (15초)...
[2026-07-31 19:09:13]   - [8888_app] 상태: PID [39028] / PORT UP
[2026-07-31 19:09:13]   - [8401_ui] 상태: PID [18355] / PORT UP
[2026-07-31 19:09:14]   - [8401_bot] 상태: PID [59980]
[2026-07-31 19:09:14]   - [8402_ui] 상태: PID [18357] / PORT UP
[2026-07-31 19:09:14]   - [8402_bot] 상태: PID [71275]
[2026-07-31 19:09:14]   - [8403_ui] 상태: PID [57627] / PORT UP
[2026-07-31 19:09:14]   - [8403_bot] 상태: PID [57625]
[2026-07-31 19:09:14]   - [8404_ui] 상태: PID [57885] / PORT UP
[2026-07-31 19:09:14]   - [8404_bot] 상태: PID [57883]
[2026-07-31 19:09:14]   - [8405_ui] 상태: PID [18363] / PORT UP
[2026-07-31 19:09:14]   - [8405_bot] 상태: PID [16514]
[2026-07-31 19:09:14]   - [8407_ui] 상태: PID [18365] / PORT UP
[2026-07-31 19:09:14]   - [8407_bot] 상태: DOWN
[2026-07-31 19:09:14]   - [8408_ui] 상태: PID [26687] / PORT UP
[2026-07-31 19:09:14]   - [8408_bot] 상태: PID [26685]
[2026-07-31 19:09:14]   - [8409_ui] 상태: PID [59815] / PORT UP
[2026-07-31 19:09:14]   - [8409_bot] 상태: PID [59813]
[2026-07-31 19:14:15] ❌ [8407_bot] DOWN 감지 -> 즉시 단일 기동
[2026-07-31 19:14:15] ⏳ 신규 기동 타겟 안정화 대기 (15초)...
[2026-07-31 19:14:30]   - [8888_app] 상태: PID [39028] / PORT UP
[2026-07-31 19:14:30]   - [8401_ui] 상태: PID [18355] / PORT UP
[2026-07-31 19:14:30]   - [8401_bot] 상태: PID [59980]
[2026-07-31 19:14:30]   - [8402_ui] 상태: PID [18357] / PORT UP
[2026-07-31 19:14:30]   - [8402_bot] 상태: PID [71275]
[2026-07-31 19:14:30]   - [8403_ui] 상태: PID [57627] / PORT UP
[2026-07-31 19:14:30]   - [8403_bot] 상태: PID [57625]
[2026-07-31 19:14:30]   - [8404_ui] 상태: PID [57885] / PORT UP
[2026-07-31 19:14:30]   - [8404_bot] 상태: PID [57883]
[2026-07-31 19:14:30]   - [8405_ui] 상태: PID [18363] / PORT UP
[2026-07-31 19:14:30]   - [8405_bot] 상태: PID [16514]
[2026-07-31 19:14:30]   - [8407_ui] 상태: PID [18365] / PORT UP
[2026-07-31 19:14:30]   - [8407_bot] 상태: DOWN
[2026-07-31 19:14:30]   - [8408_ui] 상태: PID [26687] / PORT UP
[2026-07-31 19:14:30]   - [8408_bot] 상태: PID [26685]
[2026-07-31 19:14:31]   - [8409_ui] 상태: PID [59815] / PORT UP
[2026-07-31 19:14:31]   - [8409_bot] 상태: PID [59813]
[2026-07-31 19:19:31] ❌ [8407_bot] DOWN 감지 -> 즉시 단일 기동
[2026-07-31 19:19:31] ⏳ 신규 기동 타겟 안정화 대기 (15초)...
[2026-07-31 19:19:46]   - [8888_app] 상태: PID [39028] / PORT UP
[2026-07-31 19:19:46]   - [8401_ui] 상태: PID [18355] / PORT UP
[2026-07-31 19:19:46]   - [8401_bot] 상태: PID [59980]
[2026-07-31 19:19:46]   - [8402_ui] 상태: PID [18357] / PORT UP
[2026-07-31 19:19:46]   - [8402_bot] 상태: PID [71275]
[2026-07-31 19:19:47]   - [8403_ui] 상태: PID [57627] / PORT UP
[2026-07-31 19:19:47]   - [8403_bot] 상태: PID [57625]
[2026-07-31 19:19:47]   - [8404_ui] 상태: PID [57885] / PORT UP
[2026-07-31 19:19:47]   - [8404_bot] 상태: PID [57883]
[2026-07-31 19:19:47]   - [8405_ui] 상태: PID [18363] / PORT UP
[2026-07-31 19:19:47]   - [8405_bot] 상태: PID [16514]
[2026-07-31 19:19:47]   - [8407_ui] 상태: PID [18365] / PORT UP
[2026-07-31 19:19:47]   - [8407_bot] 상태: DOWN
[2026-07-31 19:19:47]   - [8408_ui] 상태: PID [26687] / PORT UP
[2026-07-31 19:19:47]   - [8408_bot] 상태: PID [26685]
[2026-07-31 19:19:47]   - [8409_ui] 상태: PID [59815] / PORT UP
[2026-07-31 19:19:47]   - [8409_bot] 상태: PID [59813]
[2026-07-31 19:24:48] ❌ [8407_bot] DOWN 감지 -> 즉시 단일 기동
[2026-07-31 19:24:48] ⏳ 신규 기동 타겟 안정화 대기 (15초)...
[2026-07-31 19:25:03]   - [8888_app] 상태: PID [39028] / PORT UP
[2026-07-31 19:25:03]   - [8401_ui] 상태: PID [18355] / PORT UP
[2026-07-31 19:25:03]   - [8401_bot] 상태: PID [59980]
[2026-07-31 19:25:03]   - [8402_ui] 상태: PID [18357] / PORT UP
[2026-07-31 19:25:03]   - [8402_bot] 상태: PID [71275]
[2026-07-31 19:25:03]   - [8403_ui] 상태: PID [57627] / PORT UP
[2026-07-31 19:25:03]   - [8403_bot] 상태: PID [57625]
[2026-07-31 19:25:03]   - [8404_ui] 상태: PID [57885] / PORT UP
[2026-07-31 19:25:03]   - [8404_bot] 상태: PID [57883]
[2026-07-31 19:25:03]   - [8405_ui] 상태: PID [18363] / PORT UP
[2026-07-31 19:25:03]   - [8405_bot] 상태: PID [16514]
[2026-07-31 19:25:03]   - [8407_ui] 상태: PID [18365] / PORT UP
[2026-07-31 19:25:03]   - [8407_bot] 상태: DOWN
[2026-07-31 19:25:03]   - [8408_ui] 상태: PID [26687] / PORT UP
[2026-07-31 19:25:03]   - [8408_bot] 상태: PID [26685]
[2026-07-31 19:25:03]   - [8409_ui] 상태: PID [59815] / PORT UP
[2026-07-31 19:25:03]   - [8409_bot] 상태: PID [59813]
[2026-07-31 19:30:04] ❌ [8407_bot] DOWN 감지 -> 즉시 단일 기동
[2026-07-31 19:30:04] ⏳ 신규 기동 타겟 안정화 대기 (15초)...
[2026-07-31 19:30:19]   - [8888_app] 상태: PID [39028] / PORT UP
[2026-07-31 19:30:19]   - [8401_ui] 상태: PID [18355] / PORT UP
[2026-07-31 19:30:19]   - [8401_bot] 상태: PID [59980]
[2026-07-31 19:30:19]   - [8402_ui] 상태: PID [18357] / PORT UP
[2026-07-31 19:30:19]   - [8402_bot] 상태: PID [71275]
[2026-07-31 19:30:19]   - [8403_ui] 상태: PID [57627] / PORT UP
[2026-07-31 19:30:19]   - [8403_bot] 상태: PID [57625]
[2026-07-31 19:30:20]   - [8404_ui] 상태: PID [57885] / PORT UP
[2026-07-31 19:30:20]   - [8404_bot] 상태: PID [57883]
[2026-07-31 19:30:20]   - [8405_ui] 상태: PID [18363] / PORT UP
[2026-07-31 19:30:20]   - [8405_bot] 상태: PID [16514]
[2026-07-31 19:30:20]   - [8407_ui] 상태: PID [18365] / PORT UP
[2026-07-31 19:30:20]   - [8407_bot] 상태: DOWN
[2026-07-31 19:30:20]   - [8408_ui] 상태: PID [26687] / PORT UP
[2026-07-31 19:30:20]   - [8408_bot] 상태: PID [26685]
[2026-07-31 19:30:20]   - [8409_ui] 상태: PID [59815] / PORT UP
[2026-07-31 19:30:20]   - [8409_bot] 상태: PID [59813]
[2026-07-31 19:35:20] ❌ [8407_bot] DOWN 감지 -> 즉시 단일 기동
[2026-07-31 19:35:21] ⏳ 신규 기동 타겟 안정화 대기 (15초)...
[2026-07-31 19:35:36]   - [8888_app] 상태: PID [39028] / PORT UP
[2026-07-31 19:35:36]   - [8401_ui] 상태: PID [18355] / PORT UP
[2026-07-31 19:35:36]   - [8401_bot] 상태: PID [59980]
[2026-07-31 19:35:36]   - [8402_ui] 상태: PID [18357] / PORT UP
[2026-07-31 19:35:36]   - [8402_bot] 상태: PID [71275]
[2026-07-31 19:35:36]   - [8403_ui] 상태: PID [57627] / PORT UP
[2026-07-31 19:35:36]   - [8403_bot] 상태: PID [57625]
[2026-07-31 19:35:36]   - [8404_ui] 상태: PID [57885] / PORT UP
[2026-07-31 19:35:36]   - [8404_bot] 상태: PID [57883]
[2026-07-31 19:35:36]   - [8405_ui] 상태: PID [18363] / PORT UP
[2026-07-31 19:35:36]   - [8405_bot] 상태: PID [16514]
[2026-07-31 19:35:36]   - [8407_ui] 상태: PID [18365] / PORT UP
[2026-07-31 19:35:36]   - [8407_bot] 상태: DOWN
[2026-07-31 19:35:36]   - [8408_ui] 상태: PID [26687] / PORT UP
[2026-07-31 19:35:36]   - [8408_bot] 상태: PID [26685]
[2026-07-31 19:35:36]   - [8409_ui] 상태: PID [59815] / PORT UP
[2026-07-31 19:35:36]   - [8409_bot] 상태: PID [59813]
[2026-07-31 19:40:37] ❌ [8407_bot] DOWN 감지 -> 즉시 단일 기동
[2026-07-31 19:40:37] ⏳ 신규 기동 타겟 안정화 대기 (15초)...
[2026-07-31 19:40:52]   - [8888_app] 상태: PID [39028] / PORT UP
[2026-07-31 19:40:52]   - [8401_ui] 상태: PID [18355] / PORT UP
[2026-07-31 19:40:52]   - [8401_bot] 상태: PID [59980]
[2026-07-31 19:40:52]   - [8402_ui] 상태: PID [18357] / PORT UP
[2026-07-31 19:40:52]   - [8402_bot] 상태: PID [71275]
[2026-07-31 19:40:52]   - [8403_ui] 상태: PID [57627] / PORT UP
[2026-07-31 19:40:52]   - [8403_bot] 상태: PID [57625]
[2026-07-31 19:40:52]   - [8404_ui] 상태: PID [57885] / PORT UP
[2026-07-31 19:40:53]   - [8404_bot] 상태: PID [57883]
[2026-07-31 19:40:53]   - [8405_ui] 상태: PID [18363] / PORT UP
[2026-07-31 19:40:53]   - [8405_bot] 상태: PID [16514]
[2026-07-31 19:40:53]   - [8407_ui] 상태: PID [18365] / PORT UP
[2026-07-31 19:40:53]   - [8407_bot] 상태: DOWN
[2026-07-31 19:40:53]   - [8408_ui] 상태: PID [26687] / PORT UP
[2026-07-31 19:40:53]   - [8408_bot] 상태: PID [26685]
[2026-07-31 19:40:53]   - [8409_ui] 상태: PID [59815] / PORT UP
[2026-07-31 19:40:53]   - [8409_bot] 상태: PID [59813]
[2026-07-31 19:45:53] ❌ [8407_bot] DOWN 감지 -> 즉시 단일 기동
[2026-07-31 19:45:54] ⏳ 신규 기동 타겟 안정화 대기 (15초)...
[2026-07-31 19:46:09]   - [8888_app] 상태: PID [39028] / PORT UP
[2026-07-31 19:46:09]   - [8401_ui] 상태: PID [18355] / PORT UP
[2026-07-31 19:46:09]   - [8401_bot] 상태: PID [59980]
[2026-07-31 19:46:09]   - [8402_ui] 상태: PID [18357] / PORT UP
[2026-07-31 19:46:09]   - [8402_bot] 상태: PID [71275]
[2026-07-31 19:46:09]   - [8403_ui] 상태: PID [57627] / PORT UP
[2026-07-31 19:46:09]   - [8403_bot] 상태: PID [57625]
[2026-07-31 19:46:09]   - [8404_ui] 상태: PID [57885] / PORT UP
[2026-07-31 19:46:09]   - [8404_bot] 상태: PID [57883]
[2026-07-31 19:46:09]   - [8405_ui] 상태: PID [18363] / PORT UP
[2026-07-31 19:46:09]   - [8405_bot] 상태: PID [16514]
[2026-07-31 19:46:09]   - [8407_ui] 상태: PID [18365] / PORT UP
[2026-07-31 19:46:09]   - [8407_bot] 상태: DOWN
[2026-07-31 19:46:09]   - [8408_ui] 상태: PID [26687] / PORT UP
[2026-07-31 19:46:09]   - [8408_bot] 상태: PID [26685]
[2026-07-31 19:46:09]   - [8409_ui] 상태: PID [59815] / PORT UP
[2026-07-31 19:46:09]   - [8409_bot] 상태: PID [59813]
[2026-07-31 19:51:10] ❌ [8407_bot] DOWN 감지 -> 즉시 단일 기동
[2026-07-31 19:51:10] ⏳ 신규 기동 타겟 안정화 대기 (15초)...
[2026-07-31 19:51:25]   - [8888_app] 상태: PID [39028] / PORT UP
[2026-07-31 19:51:25]   - [8401_ui] 상태: PID [18355] / PORT UP
[2026-07-31 19:51:25]   - [8401_bot] 상태: PID [59980]
[2026-07-31 19:51:25]   - [8402_ui] 상태: PID [87263] / PORT UP
[2026-07-31 19:51:25]   - [8402_bot] 상태: PID [87261]
[2026-07-31 19:51:25]   - [8403_ui] 상태: PID [57627] / PORT UP
[2026-07-31 19:51:25]   - [8403_bot] 상태: PID [57625]
[2026-07-31 19:51:25]   - [8404_ui] 상태: PID [57885] / PORT UP
[2026-07-31 19:51:25]   - [8404_bot] 상태: PID [57883]
[2026-07-31 19:51:25]   - [8405_ui] 상태: PID [18363] / PORT UP
[2026-07-31 19:51:25]   - [8405_bot] 상태: PID [16514]
[2026-07-31 19:51:25]   - [8407_ui] 상태: PID [18365] / PORT UP
[2026-07-31 19:51:25]   - [8407_bot] 상태: DOWN
[2026-07-31 19:51:25]   - [8408_ui] 상태: PID [88272] / PORT UP
[2026-07-31 19:51:26]   - [8408_bot] 상태: PID [88270]
[2026-07-31 19:51:26]   - [8409_ui] 상태: PID [59815] / PORT UP
[2026-07-31 19:51:26]   - [8409_bot] 상태: PID [59813]
[2026-07-31 19:56:26] ❌ [8407_bot] DOWN 감지 -> 즉시 단일 기동
[2026-07-31 19:56:26] ⏳ 신규 기동 타겟 안정화 대기 (15초)...
[2026-07-31 19:56:41]   - [8888_app] 상태: PID [39028] / PORT UP
[2026-07-31 19:56:41]   - [8401_ui] 상태: PID [18355] / PORT UP
[2026-07-31 19:56:41]   - [8401_bot] 상태: PID [59980]
[2026-07-31 19:56:41]   - [8402_ui] 상태: PID [87263] / PORT UP
[2026-07-31 19:56:41]   - [8402_bot] 상태: PID [87261]
[2026-07-31 19:56:42]   - [8403_ui] 상태: PID [57627] / PORT UP
[2026-07-31 19:56:42]   - [8403_bot] 상태: PID [57625]
[2026-07-31 19:56:42]   - [8404_ui] 상태: PID [57885] / PORT UP
[2026-07-31 19:56:42]   - [8404_bot] 상태: PID [57883]
[2026-07-31 19:56:42]   - [8405_ui] 상태: PID [18363] / PORT UP
[2026-07-31 19:56:42]   - [8405_bot] 상태: PID [16514]
[2026-07-31 19:56:42]   - [8407_ui] 상태: PID [18365] / PORT UP
[2026-07-31 19:56:42]   - [8407_bot] 상태: DOWN
[2026-07-31 19:56:42]   - [8408_ui] 상태: PID [88272] / PORT UP
[2026-07-31 19:56:42]   - [8408_bot] 상태: PID [88270]
[2026-07-31 19:56:42]   - [8409_ui] 상태: PID [59815] / PORT UP
[2026-07-31 19:56:42]   - [8409_bot] 상태: PID [59813]
[2026-07-31 20:01:42] ❌ [8407_bot] DOWN 감지 -> 즉시 단일 기동
[2026-07-31 20:01:43] ⏳ 신규 기동 타겟 안정화 대기 (15초)...
[2026-07-31 20:01:58]   - [8888_app] 상태: PID [39028] / PORT UP
[2026-07-31 20:01:58]   - [8401_ui] 상태: PID [18355] / PORT UP
[2026-07-31 20:01:58]   - [8401_bot] 상태: PID [59980]
[2026-07-31 20:01:58]   - [8402_ui] 상태: PID [87263] / PORT UP
[2026-07-31 20:01:58]   - [8402_bot] 상태: PID [87261]
[2026-07-31 20:01:58]   - [8403_ui] 상태: PID [57627] / PORT UP
[2026-07-31 20:01:58]   - [8403_bot] 상태: PID [57625]
[2026-07-31 20:01:58]   - [8404_ui] 상태: PID [57885] / PORT UP
[2026-07-31 20:01:58]   - [8404_bot] 상태: PID [57883]
[2026-07-31 20:01:58]   - [8405_ui] 상태: PID [18363] / PORT UP
[2026-07-31 20:01:58]   - [8405_bot] 상태: PID [16514]
[2026-07-31 20:01:58]   - [8407_ui] 상태: PID [18365] / PORT UP
[2026-07-31 20:01:58]   - [8407_bot] 상태: DOWN
[2026-07-31 20:01:58]   - [8408_ui] 상태: PID [88272] / PORT UP
[2026-07-31 20:01:58]   - [8408_bot] 상태: PID [88270]
[2026-07-31 20:01:58]   - [8409_ui] 상태: PID [59815] / PORT UP
[2026-07-31 20:01:58]   - [8409_bot] 상태: PID [59813]
[2026-07-31 20:06:59] ❌ [8407_bot] DOWN 감지 -> 즉시 단일 기동
[2026-07-31 20:06:59] ⏳ 신규 기동 타겟 안정화 대기 (15초)...
[2026-07-31 20:07:14]   - [8888_app] 상태: PID [39028] / PORT UP
[2026-07-31 20:07:14]   - [8401_ui] 상태: PID [18355] / PORT UP
[2026-07-31 20:07:14]   - [8401_bot] 상태: PID [59980]
[2026-07-31 20:07:14]   - [8402_ui] 상태: PID [87263] / PORT UP
[2026-07-31 20:07:14]   - [8402_bot] 상태: PID [87261]
[2026-07-31 20:07:14]   - [8403_ui] 상태: PID [57627] / PORT UP
[2026-07-31 20:07:14]   - [8403_bot] 상태: PID [57625]
[2026-07-31 20:07:14]   - [8404_ui] 상태: PID [57885] / PORT UP
[2026-07-31 20:07:14]   - [8404_bot] 상태: PID [57883]
[2026-07-31 20:07:14]   - [8405_ui] 상태: PID [18363] / PORT UP
[2026-07-31 20:07:14]   - [8405_bot] 상태: PID [16514]
[2026-07-31 20:07:14]   - [8407_ui] 상태: PID [18365] / PORT UP
[2026-07-31 20:07:14]   - [8407_bot] 상태: DOWN
[2026-07-31 20:07:14]   - [8408_ui] 상태: PID [88272] / PORT UP
[2026-07-31 20:07:15]   - [8408_bot] 상태: PID [88270]
[2026-07-31 20:07:15]   - [8409_ui] 상태: PID [59815] / PORT UP
[2026-07-31 20:07:15]   - [8409_bot] 상태: PID [59813]
[2026-07-31 20:12:15] ❌ [8407_bot] DOWN 감지 -> 즉시 단일 기동
[2026-07-31 20:12:15] ⏳ 신규 기동 타겟 안정화 대기 (15초)...
[2026-07-31 20:12:30]   - [8888_app] 상태: PID [39028] / PORT UP
[2026-07-31 20:12:30]   - [8401_ui] 상태: PID [18355] / PORT UP
[2026-07-31 20:12:30]   - [8401_bot] 상태: PID [59980]
[2026-07-31 20:12:30]   - [8402_ui] 상태: PID [87263] / PORT UP
[2026-07-31 20:12:30]   - [8402_bot] 상태: PID [87261]
[2026-07-31 20:12:31]   - [8403_ui] 상태: PID [57627] / PORT UP
[2026-07-31 20:12:31]   - [8403_bot] 상태: PID [57625]
[2026-07-31 20:12:31]   - [8404_ui] 상태: PID [57885] / PORT UP
[2026-07-31 20:12:31]   - [8404_bot] 상태: PID [57883]
[2026-07-31 20:12:31]   - [8405_ui] 상태: PID [18363] / PORT UP
[2026-07-31 20:12:31]   - [8405_bot] 상태: PID [16514]
[2026-07-31 20:12:31]   - [8407_ui] 상태: PID [18365] / PORT UP
[2026-07-31 20:12:31]   - [8407_bot] 상태: DOWN
[2026-07-31 20:12:31]   - [8408_ui] 상태: PID [88272] / PORT UP
[2026-07-31 20:12:31]   - [8408_bot] 상태: PID [88270]
[2026-07-31 20:12:31]   - [8409_ui] 상태: PID [59815] / PORT UP
[2026-07-31 20:12:31]   - [8409_bot] 상태: PID [59813]
[2026-07-31 20:17:31] ❌ [8407_bot] DOWN 감지 -> 즉시 단일 기동
[2026-07-31 20:17:32] ⏳ 신규 기동 타겟 안정화 대기 (15초)...
[2026-07-31 20:17:47]   - [8888_app] 상태: PID [39028] / PORT UP
[2026-07-31 20:17:47]   - [8401_ui] 상태: PID [18355] / PORT UP
[2026-07-31 20:17:47]   - [8401_bot] 상태: PID [59980]
[2026-07-31 20:17:47]   - [8402_ui] 상태: PID [87263] / PORT UP
[2026-07-31 20:17:47]   - [8402_bot] 상태: PID [87261]
[2026-07-31 20:17:47]   - [8403_ui] 상태: PID [57627] / PORT UP
[2026-07-31 20:17:47]   - [8403_bot] 상태: PID [57625]
[2026-07-31 20:17:47]   - [8404_ui] 상태: PID [57885] / PORT UP
[2026-07-31 20:17:47]   - [8404_bot] 상태: PID [57883]
[2026-07-31 20:17:47]   - [8405_ui] 상태: PID [18363] / PORT UP
[2026-07-31 20:17:47]   - [8405_bot] 상태: PID [16514]
[2026-07-31 20:17:47]   - [8407_ui] 상태: PID [18365] / PORT UP
[2026-07-31 20:17:47]   - [8407_bot] 상태: DOWN
[2026-07-31 20:17:47]   - [8408_ui] 상태: PID [88272] / PORT UP
[2026-07-31 20:17:47]   - [8408_bot] 상태: PID [88270]
[2026-07-31 20:17:47]   - [8409_ui] 상태: PID [59815] / PORT UP
[2026-07-31 20:17:47]   - [8409_bot] 상태: PID [59813]
[2026-07-31 20:22:48] ❌ [8407_bot] DOWN 감지 -> 즉시 단일 기동
[2026-07-31 20:22:48] ⏳ 신규 기동 타겟 안정화 대기 (15초)...
[2026-07-31 20:23:03]   - [8888_app] 상태: PID [39028] / PORT UP
[2026-07-31 20:23:03]   - [8401_ui] 상태: PID [18355] / PORT UP
[2026-07-31 20:23:03]   - [8401_bot] 상태: PID [59980]
[2026-07-31 20:23:03]   - [8402_ui] 상태: PID [87263] / PORT UP
[2026-07-31 20:23:03]   - [8402_bot] 상태: PID [87261]
[2026-07-31 20:23:03]   - [8403_ui] 상태: PID [57627] / PORT UP
[2026-07-31 20:23:03]   - [8403_bot] 상태: PID [57625]
[2026-07-31 20:23:03]   - [8404_ui] 상태: PID [57885] / PORT UP
[2026-07-31 20:23:03]   - [8404_bot] 상태: PID [57883]
[2026-07-31 20:23:03]   - [8405_ui] 상태: PID [18363] / PORT UP
[2026-07-31 20:23:03]   - [8405_bot] 상태: PID [16514]
[2026-07-31 20:23:03]   - [8407_ui] 상태: PID [18365] / PORT UP
[2026-07-31 20:23:03]   - [8407_bot] 상태: DOWN
[2026-07-31 20:23:03]   - [8408_ui] 상태: PID [88272] / PORT UP
[2026-07-31 20:23:03]   - [8408_bot] 상태: PID [88270]
[2026-07-31 20:23:04]   - [8409_ui] 상태: PID [59815] / PORT UP
[2026-07-31 20:23:04]   - [8409_bot] 상태: PID [59813]
[2026-07-31 20:28:04] ❌ [8407_bot] DOWN 감지 -> 즉시 단일 기동
[2026-07-31 20:28:04] ⏳ 신규 기동 타겟 안정화 대기 (15초)...
[2026-07-31 20:28:19]   - [8888_app] 상태: PID [39028] / PORT UP
[2026-07-31 20:28:19]   - [8401_ui] 상태: PID [18355] / PORT UP
[2026-07-31 20:28:19]   - [8401_bot] 상태: PID [59980]
[2026-07-31 20:28:19]   - [8402_ui] 상태: PID [87263] / PORT UP
[2026-07-31 20:28:19]   - [8402_bot] 상태: PID [87261]
[2026-07-31 20:28:19]   - [8403_ui] 상태: PID [57627] / PORT UP
[2026-07-31 20:28:20]   - [8403_bot] 상태: PID [57625]
[2026-07-31 20:28:20]   - [8404_ui] 상태: PID [57885] / PORT UP
[2026-07-31 20:28:20]   - [8404_bot] 상태: PID [57883]
[2026-07-31 20:28:20]   - [8405_ui] 상태: PID [18363] / PORT UP
[2026-07-31 20:28:20]   - [8405_bot] 상태: PID [16514]
[2026-07-31 20:28:20]   - [8407_ui] 상태: PID [18365] / PORT UP
[2026-07-31 20:28:20]   - [8407_bot] 상태: DOWN
[2026-07-31 20:28:20]   - [8408_ui] 상태: PID [88272] / PORT UP
[2026-07-31 20:28:20]   - [8408_bot] 상태: PID [88270]
[2026-07-31 20:28:20]   - [8409_ui] 상태: PID [59815] / PORT UP
[2026-07-31 20:28:20]   - [8409_bot] 상태: PID [59813]
[2026-07-31 20:33:20] ❌ [8407_bot] DOWN 감지 -> 즉시 단일 기동
[2026-07-31 20:33:21] ⏳ 신규 기동 타겟 안정화 대기 (15초)...
[2026-07-31 20:33:36]   - [8888_app] 상태: PID [39028] / PORT UP
[2026-07-31 20:33:36]   - [8401_ui] 상태: PID [18355] / PORT UP
[2026-07-31 20:33:36]   - [8401_bot] 상태: PID [59980]
[2026-07-31 20:33:36]   - [8402_ui] 상태: PID [87263] / PORT UP
[2026-07-31 20:33:36]   - [8402_bot] 상태: PID [87261]
[2026-07-31 20:33:36]   - [8403_ui] 상태: PID [57627] / PORT UP
[2026-07-31 20:33:36]   - [8403_bot] 상태: PID [57625]
[2026-07-31 20:33:36]   - [8404_ui] 상태: PID [57885] / PORT UP
[2026-07-31 20:33:36]   - [8404_bot] 상태: PID [57883]
[2026-07-31 20:33:36]   - [8405_ui] 상태: PID [18363] / PORT UP
[2026-07-31 20:33:36]   - [8405_bot] 상태: PID [16514]
[2026-07-31 20:33:36]   - [8407_ui] 상태: PID [18365] / PORT UP
[2026-07-31 20:33:36]   - [8407_bot] 상태: DOWN
[2026-07-31 20:33:36]   - [8408_ui] 상태: PID [88272] / PORT UP
[2026-07-31 20:33:36]   - [8408_bot] 상태: PID [88270]
[2026-07-31 20:33:36]   - [8409_ui] 상태: PID [59815] / PORT UP
[2026-07-31 20:33:36]   - [8409_bot] 상태: PID [59813]
[2026-07-31 20:38:37] ❌ [8407_bot] DOWN 감지 -> 즉시 단일 기동
[2026-07-31 20:38:37] ⏳ 신규 기동 타겟 안정화 대기 (15초)...
[2026-07-31 20:38:52]   - [8888_app] 상태: PID [39028] / PORT UP
[2026-07-31 20:38:52]   - [8401_ui] 상태: PID [18355] / PORT UP
[2026-07-31 20:38:52]   - [8401_bot] 상태: PID [59980]
[2026-07-31 20:38:52]   - [8402_ui] 상태: PID [87263] / PORT UP
[2026-07-31 20:38:52]   - [8402_bot] 상태: PID [87261]
[2026-07-31 20:38:52]   - [8403_ui] 상태: PID [57627] / PORT UP
[2026-07-31 20:38:52]   - [8403_bot] 상태: PID [57625]
[2026-07-31 20:38:52]   - [8404_ui] 상태: PID [57885] / PORT UP
[2026-07-31 20:38:52]   - [8404_bot] 상태: PID [57883]
[2026-07-31 20:38:52]   - [8405_ui] 상태: PID [18363] / PORT UP
[2026-07-31 20:38:52]   - [8405_bot] 상태: PID [16514]
[2026-07-31 20:38:52]   - [8407_ui] 상태: PID [18365] / PORT UP
[2026-07-31 20:38:52]   - [8407_bot] 상태: DOWN
[2026-07-31 20:38:52]   - [8408_ui] 상태: PID [88272] / PORT UP
[2026-07-31 20:38:53]   - [8408_bot] 상태: PID [88270]
[2026-07-31 20:38:53]   - [8409_ui] 상태: PID [59815] / PORT UP
[2026-07-31 20:38:53]   - [8409_bot] 상태: PID [59813]
[2026-07-31 20:43:53] ❌ [8407_bot] DOWN 감지 -> 즉시 단일 기동
[2026-07-31 20:43:53] ⏳ 신규 기동 타겟 안정화 대기 (15초)...
[2026-07-31 20:44:08]   - [8888_app] 상태: PID [39028] / PORT UP
[2026-07-31 20:44:08]   - [8401_ui] 상태: PID [18355] / PORT UP
[2026-07-31 20:44:08]   - [8401_bot] 상태: PID [59980]
[2026-07-31 20:44:08]   - [8402_ui] 상태: PID [87263] / PORT UP
[2026-07-31 20:44:08]   - [8402_bot] 상태: PID [87261]
[2026-07-31 20:44:08]   - [8403_ui] 상태: PID [57627] / PORT UP
[2026-07-31 20:44:09]   - [8403_bot] 상태: PID [57625]
[2026-07-31 20:44:09]   - [8404_ui] 상태: PID [57885] / PORT UP
[2026-07-31 20:44:09]   - [8404_bot] 상태: PID [57883]
[2026-07-31 20:44:09]   - [8405_ui] 상태: PID [18363] / PORT UP
[2026-07-31 20:44:09]   - [8405_bot] 상태: PID [16514]
[2026-07-31 20:44:09]   - [8407_ui] 상태: PID [18365] / PORT UP
[2026-07-31 20:44:09]   - [8407_bot] 상태: DOWN
[2026-07-31 20:44:09]   - [8408_ui] 상태: PID [88272] / PORT UP
[2026-07-31 20:44:09]   - [8408_bot] 상태: PID [88270]
[2026-07-31 20:44:09]   - [8409_ui] 상태: PID [59815] / PORT UP
[2026-07-31 20:44:09]   - [8409_bot] 상태: PID [59813]
[2026-07-31 20:49:09] ❌ [8407_bot] DOWN 감지 -> 즉시 단일 기동
[2026-07-31 20:49:10] ⏳ 신규 기동 타겟 안정화 대기 (15초)...
[2026-07-31 20:49:25]   - [8888_app] 상태: PID [39028] / PORT UP
[2026-07-31 20:49:25]   - [8401_ui] 상태: PID [18355] / PORT UP
[2026-07-31 20:49:25]   - [8401_bot] 상태: PID [59980]
[2026-07-31 20:49:25]   - [8402_ui] 상태: PID [87263] / PORT UP
[2026-07-31 20:49:25]   - [8402_bot] 상태: PID [87261]
[2026-07-31 20:49:25]   - [8403_ui] 상태: PID [57627] / PORT UP
[2026-07-31 20:49:25]   - [8403_bot] 상태: PID [57625]
[2026-07-31 20:49:25]   - [8404_ui] 상태: PID [57885] / PORT UP
[2026-07-31 20:49:25]   - [8404_bot] 상태: PID [57883]
[2026-07-31 20:49:25]   - [8405_ui] 상태: PID [18363] / PORT UP
[2026-07-31 20:49:25]   - [8405_bot] 상태: PID [16514]
[2026-07-31 20:49:25]   - [8407_ui] 상태: PID [18365] / PORT UP
[2026-07-31 20:49:25]   - [8407_bot] 상태: DOWN
[2026-07-31 20:49:25]   - [8408_ui] 상태: PID [88272] / PORT UP
[2026-07-31 20:49:25]   - [8408_bot] 상태: PID [88270]
[2026-07-31 20:49:25]   - [8409_ui] 상태: PID [59815] / PORT UP
[2026-07-31 20:49:25]   - [8409_bot] 상태: PID [59813]
[2026-07-31 20:54:26] ❌ [8407_bot] DOWN 감지 -> 즉시 단일 기동
[2026-07-31 20:54:26] ⏳ 신규 기동 타겟 안정화 대기 (15초)...
[2026-07-31 20:54:41]   - [8888_app] 상태: PID [39028] / PORT UP
[2026-07-31 20:54:41]   - [8401_ui] 상태: PID [18355] / PORT UP
[2026-07-31 20:54:41]   - [8401_bot] 상태: PID [59980]
[2026-07-31 20:54:41]   - [8402_ui] 상태: PID [87263] / PORT UP
[2026-07-31 20:54:41]   - [8402_bot] 상태: PID [87261]
[2026-07-31 20:54:41]   - [8403_ui] 상태: PID [57627] / PORT UP
[2026-07-31 20:54:41]   - [8403_bot] 상태: PID [57625]
[2026-07-31 20:54:41]   - [8404_ui] 상태: PID [57885] / PORT UP
[2026-07-31 20:54:41]   - [8404_bot] 상태: PID [57883]
[2026-07-31 20:54:41]   - [8405_ui] 상태: PID [18363] / PORT UP
[2026-07-31 20:54:41]   - [8405_bot] 상태: PID [16514]
[2026-07-31 20:54:41]   - [8407_ui] 상태: PID [18365] / PORT UP
[2026-07-31 20:54:41]   - [8407_bot] 상태: DOWN
[2026-07-31 20:54:41]   - [8408_ui] 상태: PID [88272] / PORT UP
[2026-07-31 20:54:42]   - [8408_bot] 상태: PID [88270]
[2026-07-31 20:54:42]   - [8409_ui] 상태: PID [59815] / PORT UP
[2026-07-31 20:54:42]   - [8409_bot] 상태: PID [59813]
[2026-07-31 20:59:42] ❌ [8407_bot] DOWN 감지 -> 즉시 단일 기동
[2026-07-31 20:59:42] ⏳ 신규 기동 타겟 안정화 대기 (15초)...
[2026-07-31 20:59:57]   - [8888_app] 상태: PID [39028] / PORT UP
[2026-07-31 20:59:57]   - [8401_ui] 상태: PID [18355] / PORT UP
[2026-07-31 20:59:57]   - [8401_bot] 상태: PID [59980]
[2026-07-31 20:59:57]   - [8402_ui] 상태: PID [87263] / PORT UP
[2026-07-31 20:59:57]   - [8402_bot] 상태: PID [87261]
[2026-07-31 20:59:57]   - [8403_ui] 상태: PID [57627] / PORT UP
[2026-07-31 20:59:58]   - [8403_bot] 상태: PID [57625]
[2026-07-31 20:59:58]   - [8404_ui] 상태: PID [57885] / PORT UP
[2026-07-31 20:59:58]   - [8404_bot] 상태: PID [57883]
[2026-07-31 20:59:58]   - [8405_ui] 상태: PID [18363] / PORT UP
[2026-07-31 20:59:58]   - [8405_bot] 상태: PID [16514]
[2026-07-31 20:59:58]   - [8407_ui] 상태: PID [18365] / PORT UP
[2026-07-31 20:59:58]   - [8407_bot] 상태: DOWN
[2026-07-31 20:59:58]   - [8408_ui] 상태: PID [88272] / PORT UP
[2026-07-31 20:59:58]   - [8408_bot] 상태: PID [88270]
[2026-07-31 20:59:58]   - [8409_ui] 상태: PID [59815] / PORT UP
[2026-07-31 20:59:58]   - [8409_bot] 상태: PID [59813]
[2026-07-31 21:04:58] ❌ [8407_bot] DOWN 감지 -> 즉시 단일 기동
[2026-07-31 21:04:59] ⏳ 신규 기동 타겟 안정화 대기 (15초)...
[2026-07-31 21:05:14]   - [8888_app] 상태: PID [39028] / PORT UP
[2026-07-31 21:05:14]   - [8401_ui] 상태: PID [18355] / PORT UP
[2026-07-31 21:05:14]   - [8401_bot] 상태: PID [59980]
[2026-07-31 21:05:14]   - [8402_ui] 상태: PID [87263] / PORT UP
[2026-07-31 21:05:14]   - [8402_bot] 상태: PID [87261]
[2026-07-31 21:05:14]   - [8403_ui] 상태: PID [57627] / PORT UP
[2026-07-31 21:05:14]   - [8403_bot] 상태: PID [57625]
[2026-07-31 21:05:14]   - [8404_ui] 상태: PID [57885] / PORT UP
[2026-07-31 21:05:14]   - [8404_bot] 상태: PID [57883]
[2026-07-31 21:05:14]   - [8405_ui] 상태: PID [18363] / PORT UP
[2026-07-31 21:05:14]   - [8405_bot] 상태: PID [16514]
[2026-07-31 21:05:14]   - [8407_ui] 상태: PID [18365] / PORT UP
[2026-07-31 21:05:14]   - [8407_bot] 상태: DOWN
[2026-07-31 21:05:14]   - [8408_ui] 상태: PID [88272] / PORT UP
[2026-07-31 21:05:14]   - [8408_bot] 상태: PID [88270]
[2026-07-31 21:05:14]   - [8409_ui] 상태: PID [59815] / PORT UP
[2026-07-31 21:05:14]   - [8409_bot] 상태: PID [59813]
[2026-07-31 21:10:15] ❌ [8407_bot] DOWN 감지 -> 즉시 단일 기동
[2026-07-31 21:10:15] ⏳ 신규 기동 타겟 안정화 대기 (15초)...
[2026-07-31 21:10:30]   - [8888_app] 상태: PID [39028] / PORT UP
[2026-07-31 21:10:30]   - [8401_ui] 상태: PID [18355] / PORT UP
[2026-07-31 21:10:30]   - [8401_bot] 상태: PID [59980]
[2026-07-31 21:10:30]   - [8402_ui] 상태: PID [87263] / PORT UP
[2026-07-31 21:10:30]   - [8402_bot] 상태: PID [87261]
[2026-07-31 21:10:30]   - [8403_ui] 상태: PID [57627] / PORT UP
[2026-07-31 21:10:30]   - [8403_bot] 상태: PID [57625]
[2026-07-31 21:10:30]   - [8404_ui] 상태: PID [57885] / PORT UP
[2026-07-31 21:10:30]   - [8404_bot] 상태: PID [57883]
[2026-07-31 21:10:30]   - [8405_ui] 상태: PID [18363] / PORT UP
[2026-07-31 21:10:30]   - [8405_bot] 상태: PID [16514]
[2026-07-31 21:10:30]   - [8407_ui] 상태: PID [18365] / PORT UP
[2026-07-31 21:10:30]   - [8407_bot] 상태: DOWN
[2026-07-31 21:10:30]   - [8408_ui] 상태: PID [88272] / PORT UP
[2026-07-31 21:10:30]   - [8408_bot] 상태: PID [88270]
[2026-07-31 21:10:30]   - [8409_ui] 상태: PID [59815] / PORT UP
[2026-07-31 21:10:31]   - [8409_bot] 상태: PID [59813]
[2026-07-31 21:15:31] ❌ [8407_bot] DOWN 감지 -> 즉시 단일 기동
[2026-07-31 21:15:31] ⏳ 신규 기동 타겟 안정화 대기 (15초)...
[2026-07-31 21:15:46]   - [8888_app] 상태: PID [39028] / PORT UP
[2026-07-31 21:15:46]   - [8401_ui] 상태: PID [18355] / PORT UP
[2026-07-31 21:15:46]   - [8401_bot] 상태: PID [59980]
[2026-07-31 21:15:46]   - [8402_ui] 상태: PID [87263] / PORT UP
[2026-07-31 21:15:46]   - [8402_bot] 상태: PID [87261]
[2026-07-31 21:15:46]   - [8403_ui] 상태: PID [57627] / PORT UP
[2026-07-31 21:15:46]   - [8403_bot] 상태: PID [57625]
[2026-07-31 21:15:47]   - [8404_ui] 상태: PID [57885] / PORT UP
[2026-07-31 21:15:47]   - [8404_bot] 상태: PID [57883]
[2026-07-31 21:15:47]   - [8405_ui] 상태: PID [18363] / PORT UP
[2026-07-31 21:15:47]   - [8405_bot] 상태: PID [16514]
[2026-07-31 21:15:47]   - [8407_ui] 상태: PID [18365] / PORT UP
[2026-07-31 21:15:47]   - [8407_bot] 상태: DOWN
[2026-07-31 21:15:47]   - [8408_ui] 상태: PID [88272] / PORT UP
[2026-07-31 21:15:47]   - [8408_bot] 상태: PID [88270]
[2026-07-31 21:15:47]   - [8409_ui] 상태: PID [59815] / PORT UP
[2026-07-31 21:15:47]   - [8409_bot] 상태: PID [59813]
[2026-07-31 21:20:47] ❌ [8407_bot] DOWN 감지 -> 즉시 단일 기동
[2026-07-31 21:20:48] ⏳ 신규 기동 타겟 안정화 대기 (15초)...
[2026-07-31 21:21:03]   - [8888_app] 상태: PID [39028] / PORT UP
[2026-07-31 21:21:03]   - [8401_ui] 상태: PID [18355] / PORT UP
[2026-07-31 21:21:03]   - [8401_bot] 상태: PID [59980]
[2026-07-31 21:21:03]   - [8402_ui] 상태: PID [87263] / PORT UP
[2026-07-31 21:21:03]   - [8402_bot] 상태: PID [87261]
[2026-07-31 21:21:03]   - [8403_ui] 상태: PID [57627] / PORT UP
[2026-07-31 21:21:03]   - [8403_bot] 상태: PID [57625]
[2026-07-31 21:21:03]   - [8404_ui] 상태: PID [57885] / PORT UP
[2026-07-31 21:21:03]   - [8404_bot] 상태: PID [57883]
[2026-07-31 21:21:03]   - [8405_ui] 상태: PID [18363] / PORT UP
[2026-07-31 21:21:03]   - [8405_bot] 상태: PID [16514]
[2026-07-31 21:21:03]   - [8407_ui] 상태: PID [18365] / PORT UP
[2026-07-31 21:21:03]   - [8407_bot] 상태: DOWN
[2026-07-31 21:21:03]   - [8408_ui] 상태: PID [88272] / PORT UP
[2026-07-31 21:21:03]   - [8408_bot] 상태: PID [88270]
[2026-07-31 21:21:03]   - [8409_ui] 상태: PID [59815] / PORT UP
[2026-07-31 21:21:03]   - [8409_bot] 상태: PID [59813]
[2026-07-31 21:26:04] ❌ [8407_bot] DOWN 감지 -> 즉시 단일 기동
[2026-07-31 21:26:04] ⏳ 신규 기동 타겟 안정화 대기 (15초)...
[2026-07-31 21:26:19]   - [8888_app] 상태: PID [39028] / PORT UP
[2026-07-31 21:26:19]   - [8401_ui] 상태: PID [18355] / PORT UP
[2026-07-31 21:26:19]   - [8401_bot] 상태: PID [59980]
[2026-07-31 21:26:19]   - [8402_ui] 상태: PID [87263] / PORT UP
[2026-07-31 21:26:19]   - [8402_bot] 상태: PID [87261]
[2026-07-31 21:26:19]   - [8403_ui] 상태: PID [57627] / PORT UP
[2026-07-31 21:26:19]   - [8403_bot] 상태: PID [57625]
[2026-07-31 21:26:19]   - [8404_ui] 상태: PID [57885] / PORT UP
[2026-07-31 21:26:19]   - [8404_bot] 상태: PID [57883]
[2026-07-31 21:26:19]   - [8405_ui] 상태: PID [18363] / PORT UP
[2026-07-31 21:26:19]   - [8405_bot] 상태: PID [16514]
[2026-07-31 21:26:19]   - [8407_ui] 상태: PID [18365] / PORT UP
[2026-07-31 21:26:19]   - [8407_bot] 상태: DOWN
[2026-07-31 21:26:19]   - [8408_ui] 상태: PID [88272] / PORT UP
[2026-07-31 21:26:19]   - [8408_bot] 상태: PID [88270]
[2026-07-31 21:26:19]   - [8409_ui] 상태: PID [59815] / PORT UP
[2026-07-31 21:26:20]   - [8409_bot] 상태: PID [59813]
[2026-07-31 21:31:20] ❌ [8407_bot] DOWN 감지 -> 즉시 단일 기동
[2026-07-31 21:31:20] ⏳ 신규 기동 타겟 안정화 대기 (15초)...
[2026-07-31 21:31:35]   - [8888_app] 상태: PID [39028] / PORT UP
[2026-07-31 21:31:35]   - [8401_ui] 상태: PID [18355] / PORT UP
[2026-07-31 21:31:35]   - [8401_bot] 상태: PID [59980]
[2026-07-31 21:31:35]   - [8402_ui] 상태: PID [87263] / PORT UP
[2026-07-31 21:31:35]   - [8402_bot] 상태: PID [87261]
[2026-07-31 21:31:35]   - [8403_ui] 상태: PID [57627] / PORT UP
[2026-07-31 21:31:36]   - [8403_bot] 상태: PID [57625]
[2026-07-31 21:31:36]   - [8404_ui] 상태: PID [57885] / PORT UP
[2026-07-31 21:31:36]   - [8404_bot] 상태: PID [57883]
[2026-07-31 21:31:36]   - [8405_ui] 상태: PID [18363] / PORT UP
[2026-07-31 21:31:36]   - [8405_bot] 상태: PID [16514]
[2026-07-31 21:31:36]   - [8407_ui] 상태: PID [18365] / PORT UP
[2026-07-31 21:31:36]   - [8407_bot] 상태: DOWN
[2026-07-31 21:31:36]   - [8408_ui] 상태: PID [88272] / PORT UP
[2026-07-31 21:31:36]   - [8408_bot] 상태: PID [88270]
[2026-07-31 21:31:36]   - [8409_ui] 상태: PID [59815] / PORT UP
[2026-07-31 21:31:36]   - [8409_bot] 상태: PID [59813]
[2026-07-31 21:36:36] ❌ [8407_bot] DOWN 감지 -> 즉시 단일 기동
[2026-07-31 21:36:37] ⏳ 신규 기동 타겟 안정화 대기 (15초)...
[2026-07-31 21:36:52]   - [8888_app] 상태: PID [39028] / PORT UP
[2026-07-31 21:36:52]   - [8401_ui] 상태: PID [18355] / PORT UP
[2026-07-31 21:36:52]   - [8401_bot] 상태: PID [59980]
[2026-07-31 21:36:52]   - [8402_ui] 상태: PID [87263] / PORT UP
[2026-07-31 21:36:52]   - [8402_bot] 상태: PID [87261]
[2026-07-31 21:36:52]   - [8403_ui] 상태: PID [57627] / PORT UP
[2026-07-31 21:36:52]   - [8403_bot] 상태: PID [57625]
[2026-07-31 21:36:52]   - [8404_ui] 상태: PID [57885] / PORT UP
[2026-07-31 21:36:52]   - [8404_bot] 상태: PID [57883]
[2026-07-31 21:36:52]   - [8405_ui] 상태: PID [18363] / PORT UP
[2026-07-31 21:36:52]   - [8405_bot] 상태: PID [16514]
[2026-07-31 21:36:52]   - [8407_ui] 상태: PID [18365] / PORT UP
[2026-07-31 21:36:52]   - [8407_bot] 상태: DOWN
[2026-07-31 21:36:52]   - [8408_ui] 상태: PID [88272] / PORT UP
[2026-07-31 21:36:52]   - [8408_bot] 상태: PID [88270]
[2026-07-31 21:36:52]   - [8409_ui] 상태: PID [59815] / PORT UP
[2026-07-31 21:36:52]   - [8409_bot] 상태: PID [59813]
[2026-07-31 21:41:53] ❌ [8407_bot] DOWN 감지 -> 즉시 단일 기동
[2026-07-31 21:41:53] ⏳ 신규 기동 타겟 안정화 대기 (15초)...
[2026-07-31 21:42:08]   - [8888_app] 상태: PID [39028] / PORT UP
[2026-07-31 21:42:08]   - [8401_ui] 상태: PID [18355] / PORT UP
[2026-07-31 21:42:08]   - [8401_bot] 상태: PID [59980]
[2026-07-31 21:42:08]   - [8402_ui] 상태: PID [87263] / PORT UP
[2026-07-31 21:42:08]   - [8402_bot] 상태: PID [87261]
[2026-07-31 21:42:08]   - [8403_ui] 상태: PID [57627] / PORT UP
[2026-07-31 21:42:08]   - [8403_bot] 상태: PID [57625]
[2026-07-31 21:42:08]   - [8404_ui] 상태: PID [57885] / PORT UP
[2026-07-31 21:42:08]   - [8404_bot] 상태: PID [57883]
[2026-07-31 21:42:08]   - [8405_ui] 상태: PID [18363] / PORT UP
[2026-07-31 21:42:08]   - [8405_bot] 상태: PID [16514]
[2026-07-31 21:42:09]   - [8407_ui] 상태: PID [18365] / PORT UP
[2026-07-31 21:42:09]   - [8407_bot] 상태: DOWN
[2026-07-31 21:42:09]   - [8408_ui] 상태: PID [88272] / PORT UP
[2026-07-31 21:42:09]   - [8408_bot] 상태: PID [88270]
[2026-07-31 21:42:09]   - [8409_ui] 상태: PID [59815] / PORT UP
[2026-07-31 21:42:09]   - [8409_bot] 상태: PID [59813]
[2026-07-31 21:47:09] ❌ [8407_bot] DOWN 감지 -> 즉시 단일 기동
[2026-07-31 21:47:09] ⏳ 신규 기동 타겟 안정화 대기 (15초)...
[2026-07-31 21:47:24]   - [8888_app] 상태: PID [39028] / PORT UP
[2026-07-31 21:47:25]   - [8401_ui] 상태: PID [18355] / PORT UP
[2026-07-31 21:47:25]   - [8401_bot] 상태: PID [59980]
[2026-07-31 21:47:25]   - [8402_ui] 상태: PID [87263] / PORT UP
[2026-07-31 21:47:25]   - [8402_bot] 상태: PID [87261]
[2026-07-31 21:47:25]   - [8403_ui] 상태: PID [57627] / PORT UP
[2026-07-31 21:47:25]   - [8403_bot] 상태: PID [57625]
[2026-07-31 21:47:25]   - [8404_ui] 상태: PID [57885] / PORT UP
[2026-07-31 21:47:25]   - [8404_bot] 상태: PID [57883]
[2026-07-31 21:47:25]   - [8405_ui] 상태: PID [18363] / PORT UP
[2026-07-31 21:47:25]   - [8405_bot] 상태: PID [16514]
[2026-07-31 21:47:25]   - [8407_ui] 상태: PID [18365] / PORT UP
[2026-07-31 21:47:25]   - [8407_bot] 상태: DOWN
[2026-07-31 21:47:25]   - [8408_ui] 상태: PID [88272] / PORT UP
[2026-07-31 21:47:25]   - [8408_bot] 상태: PID [88270]
[2026-07-31 21:47:25]   - [8409_ui] 상태: PID [59815] / PORT UP
[2026-07-31 21:47:25]   - [8409_bot] 상태: PID [59813]
[2026-07-31 21:52:26] ❌ [8407_bot] DOWN 감지 -> 즉시 단일 기동
[2026-07-31 21:52:26] ⏳ 신규 기동 타겟 안정화 대기 (15초)...
[2026-07-31 21:52:41]   - [8888_app] 상태: PID [39028] / PORT UP
[2026-07-31 21:52:41]   - [8401_ui] 상태: PID [18355] / PORT UP
[2026-07-31 21:52:41]   - [8401_bot] 상태: PID [59980]
[2026-07-31 21:52:41]   - [8402_ui] 상태: PID [87263] / PORT UP
[2026-07-31 21:52:41]   - [8402_bot] 상태: PID [87261]
[2026-07-31 21:52:41]   - [8403_ui] 상태: PID [57627] / PORT UP
[2026-07-31 21:52:41]   - [8403_bot] 상태: PID [57625]
[2026-07-31 21:52:41]   - [8404_ui] 상태: PID [57885] / PORT UP
[2026-07-31 21:52:41]   - [8404_bot] 상태: PID [57883]
[2026-07-31 21:52:41]   - [8405_ui] 상태: PID [18363] / PORT UP
[2026-07-31 21:52:41]   - [8405_bot] 상태: PID [16514]
[2026-07-31 21:52:41]   - [8407_ui] 상태: PID [18365] / PORT UP
[2026-07-31 21:52:41]   - [8407_bot] 상태: DOWN
[2026-07-31 21:52:41]   - [8408_ui] 상태: PID [88272] / PORT UP
[2026-07-31 21:52:41]   - [8408_bot] 상태: PID [88270]
[2026-07-31 21:52:42]   - [8409_ui] 상태: PID [59815] / PORT UP
[2026-07-31 21:52:42]   - [8409_bot] 상태: PID [59813]
[2026-07-31 21:57:42] ❌ [8407_bot] DOWN 감지 -> 즉시 단일 기동
[2026-07-31 21:57:42] ⏳ 신규 기동 타겟 안정화 대기 (15초)...
[2026-07-31 21:57:57]   - [8888_app] 상태: PID [39028] / PORT UP
[2026-07-31 21:57:57]   - [8401_ui] 상태: PID [18355] / PORT UP
[2026-07-31 21:57:57]   - [8401_bot] 상태: PID [59980]
[2026-07-31 21:57:57]   - [8402_ui] 상태: PID [87263] / PORT UP
[2026-07-31 21:57:57]   - [8402_bot] 상태: PID [87261]
[2026-07-31 21:57:58]   - [8403_ui] 상태: PID [57627] / PORT UP
[2026-07-31 21:57:58]   - [8403_bot] 상태: PID [57625]
[2026-07-31 21:57:58]   - [8404_ui] 상태: PID [57885] / PORT UP
[2026-07-31 21:57:58]   - [8404_bot] 상태: PID [57883]
[2026-07-31 21:57:58]   - [8405_ui] 상태: PID [18363] / PORT UP
[2026-07-31 21:57:58]   - [8405_bot] 상태: PID [16514]
[2026-07-31 21:57:58]   - [8407_ui] 상태: PID [18365] / PORT UP
[2026-07-31 21:57:58]   - [8407_bot] 상태: DOWN
[2026-07-31 21:57:58]   - [8408_ui] 상태: PID [88272] / PORT UP
[2026-07-31 21:57:58]   - [8408_bot] 상태: PID [88270]
[2026-07-31 21:57:58]   - [8409_ui] 상태: PID [59815] / PORT UP
[2026-07-31 21:57:58]   - [8409_bot] 상태: PID [59813]
[2026-07-31 22:02:59] ❌ [8407_bot] DOWN 감지 -> 즉시 단일 기동
[2026-07-31 22:02:59] ⏳ 신규 기동 타겟 안정화 대기 (15초)...
[2026-07-31 22:03:14]   - [8888_app] 상태: PID [39028] / PORT UP
[2026-07-31 22:03:14]   - [8401_ui] 상태: PID [18355] / PORT UP
[2026-07-31 22:03:14]   - [8401_bot] 상태: PID [59980]
[2026-07-31 22:03:14]   - [8402_ui] 상태: PID [87263] / PORT UP
[2026-07-31 22:03:14]   - [8402_bot] 상태: PID [87261]
[2026-07-31 22:03:14]   - [8403_ui] 상태: PID [57627] / PORT UP
[2026-07-31 22:03:14]   - [8403_bot] 상태: PID [57625]
[2026-07-31 22:03:14]   - [8404_ui] 상태: PID [57885] / PORT UP
[2026-07-31 22:03:14]   - [8404_bot] 상태: PID [57883]
[2026-07-31 22:03:14]   - [8405_ui] 상태: PID [18363] / PORT UP
[2026-07-31 22:03:14]   - [8405_bot] 상태: PID [16514]
[2026-07-31 22:03:14]   - [8407_ui] 상태: PID [18365] / PORT UP
[2026-07-31 22:03:14]   - [8407_bot] 상태: DOWN
[2026-07-31 22:03:14]   - [8408_ui] 상태: PID [88272] / PORT UP
[2026-07-31 22:03:14]   - [8408_bot] 상태: PID [88270]
[2026-07-31 22:03:15]   - [8409_ui] 상태: PID [59815] / PORT UP
[2026-07-31 22:03:15]   - [8409_bot] 상태: PID [59813]
[2026-07-31 22:08:15] ❌ [8407_bot] DOWN 감지 -> 즉시 단일 기동
[2026-07-31 22:08:15] ⏳ 신규 기동 타겟 안정화 대기 (15초)...
[2026-07-31 22:08:30]   - [8888_app] 상태: PID [39028] / PORT UP
[2026-07-31 22:08:30]   - [8401_ui] 상태: PID [18355] / PORT UP
[2026-07-31 22:08:30]   - [8401_bot] 상태: PID [59980]
[2026-07-31 22:08:31]   - [8402_ui] 상태: PID [87263] / PORT UP
[2026-07-31 22:08:31]   - [8402_bot] 상태: PID [87261]
[2026-07-31 22:08:31]   - [8403_ui] 상태: PID [57627] / PORT UP
[2026-07-31 22:08:31]   - [8403_bot] 상태: PID [57625]
[2026-07-31 22:08:31]   - [8404_ui] 상태: PID [57885] / PORT UP
[2026-07-31 22:08:31]   - [8404_bot] 상태: PID [57883]
[2026-07-31 22:08:31]   - [8405_ui] 상태: PID [18363] / PORT UP
[2026-07-31 22:08:31]   - [8405_bot] 상태: PID [16514]
[2026-07-31 22:08:31]   - [8407_ui] 상태: PID [18365] / PORT UP
[2026-07-31 22:08:31]   - [8407_bot] 상태: DOWN
[2026-07-31 22:08:31]   - [8408_ui] 상태: PID [88272] / PORT UP
[2026-07-31 22:08:31]   - [8408_bot] 상태: PID [88270]
[2026-07-31 22:08:31]   - [8409_ui] 상태: PID [59815] / PORT UP
[2026-07-31 22:08:31]   - [8409_bot] 상태: PID [59813]
[2026-07-31 22:13:32] ❌ [8407_bot] DOWN 감지 -> 즉시 단일 기동
[2026-07-31 22:13:32] ⏳ 신규 기동 타겟 안정화 대기 (15초)...
[2026-07-31 22:13:47]   - [8888_app] 상태: PID [39028] / PORT UP
[2026-07-31 22:13:47]   - [8401_ui] 상태: PID [18355] / PORT UP
[2026-07-31 22:13:47]   - [8401_bot] 상태: PID [59980]
[2026-07-31 22:13:47]   - [8402_ui] 상태: PID [87263] / PORT UP
[2026-07-31 22:13:47]   - [8402_bot] 상태: PID [87261]
[2026-07-31 22:13:47]   - [8403_ui] 상태: PID [57627] / PORT UP
[2026-07-31 22:13:47]   - [8403_bot] 상태: PID [57625]
[2026-07-31 22:13:47]   - [8404_ui] 상태: PID [57885] / PORT UP
[2026-07-31 22:13:47]   - [8404_bot] 상태: PID [57883]
[2026-07-31 22:13:47]   - [8405_ui] 상태: PID [18363] / PORT UP
[2026-07-31 22:13:47]   - [8405_bot] 상태: PID [16514]
[2026-07-31 22:13:47]   - [8407_ui] 상태: PID [18365] / PORT UP
[2026-07-31 22:13:47]   - [8407_bot] 상태: DOWN
[2026-07-31 22:13:47]   - [8408_ui] 상태: PID [88272] / PORT UP
[2026-07-31 22:13:47]   - [8408_bot] 상태: PID [88270]
[2026-07-31 22:13:47]   - [8409_ui] 상태: PID [59815] / PORT UP
[2026-07-31 22:13:47]   - [8409_bot] 상태: PID [59813]
[2026-07-31 22:18:48] ❌ [8407_bot] DOWN 감지 -> 즉시 단일 기동
[2026-07-31 22:18:48] ⏳ 신규 기동 타겟 안정화 대기 (15초)...
[2026-07-31 22:19:03]   - [8888_app] 상태: PID [39028] / PORT UP
[2026-07-31 22:19:03]   - [8401_ui] 상태: PID [18355] / PORT UP
[2026-07-31 22:19:03]   - [8401_bot] 상태: PID [59980]
[2026-07-31 22:19:03]   - [8402_ui] 상태: PID [87263] / PORT UP
[2026-07-31 22:19:03]   - [8402_bot] 상태: PID [87261]
[2026-07-31 22:19:03]   - [8403_ui] 상태: PID [57627] / PORT UP
[2026-07-31 22:19:04]   - [8403_bot] 상태: PID [57625]
[2026-07-31 22:19:04]   - [8404_ui] 상태: PID [57885] / PORT UP
[2026-07-31 22:19:04]   - [8404_bot] 상태: PID [57883]
[2026-07-31 22:19:04]   - [8405_ui] 상태: PID [18363] / PORT UP
[2026-07-31 22:19:04]   - [8405_bot] 상태: PID [16514]
[2026-07-31 22:19:04]   - [8407_ui] 상태: PID [18365] / PORT UP
[2026-07-31 22:19:04]   - [8407_bot] 상태: DOWN
[2026-07-31 22:19:04]   - [8408_ui] 상태: PID [88272] / PORT UP
[2026-07-31 22:19:04]   - [8408_bot] 상태: PID [88270]
[2026-07-31 22:19:04]   - [8409_ui] 상태: PID [59815] / PORT UP
[2026-07-31 22:19:04]   - [8409_bot] 상태: PID [59813]
[2026-07-31 22:24:04] ❌ [8407_bot] DOWN 감지 -> 즉시 단일 기동
[2026-07-31 22:24:05] ⏳ 신규 기동 타겟 안정화 대기 (15초)...
[2026-07-31 22:24:20]   - [8888_app] 상태: PID [39028] / PORT UP
[2026-07-31 22:24:20]   - [8401_ui] 상태: PID [18355] / PORT UP
[2026-07-31 22:24:20]   - [8401_bot] 상태: PID [59980]
[2026-07-31 22:24:20]   - [8402_ui] 상태: PID [87263] / PORT UP
[2026-07-31 22:24:20]   - [8402_bot] 상태: PID [87261]
[2026-07-31 22:24:20]   - [8403_ui] 상태: PID [57627] / PORT UP
[2026-07-31 22:24:20]   - [8403_bot] 상태: PID [57625]
[2026-07-31 22:24:20]   - [8404_ui] 상태: PID [57885] / PORT UP
[2026-07-31 22:24:20]   - [8404_bot] 상태: PID [57883]
[2026-07-31 22:24:20]   - [8405_ui] 상태: PID [18363] / PORT UP
[2026-07-31 22:24:20]   - [8405_bot] 상태: PID [16514]
[2026-07-31 22:24:20]   - [8407_ui] 상태: PID [18365] / PORT UP
[2026-07-31 22:24:20]   - [8407_bot] 상태: DOWN
[2026-07-31 22:24:20]   - [8408_ui] 상태: PID [88272] / PORT UP
[2026-07-31 22:24:20]   - [8408_bot] 상태: PID [88270]
[2026-07-31 22:24:20]   - [8409_ui] 상태: PID [59815] / PORT UP
[2026-07-31 22:24:20]   - [8409_bot] 상태: PID [59813]
[2026-07-31 22:29:21] ❌ [8407_bot] DOWN 감지 -> 즉시 단일 기동
[2026-07-31 22:29:21] ⏳ 신규 기동 타겟 안정화 대기 (15초)...
[2026-07-31 22:29:36]   - [8888_app] 상태: PID [39028] / PORT UP
[2026-07-31 22:29:36]   - [8401_ui] 상태: PID [18355] / PORT UP
[2026-07-31 22:29:36]   - [8401_bot] 상태: PID [59980]
[2026-07-31 22:29:36]   - [8402_ui] 상태: PID [87263] / PORT UP
[2026-07-31 22:29:36]   - [8402_bot] 상태: PID [87261]
[2026-07-31 22:29:36]   - [8403_ui] 상태: PID [57627] / PORT UP
[2026-07-31 22:29:36]   - [8403_bot] 상태: PID [57625]
[2026-07-31 22:29:36]   - [8404_ui] 상태: PID [57885] / PORT UP
[2026-07-31 22:29:36]   - [8404_bot] 상태: PID [57883]
[2026-07-31 22:29:36]   - [8405_ui] 상태: PID [18363] / PORT UP
[2026-07-31 22:29:36]   - [8405_bot] 상태: PID [16514]
[2026-07-31 22:29:37]   - [8407_ui] 상태: PID [18365] / PORT UP
[2026-07-31 22:29:37]   - [8407_bot] 상태: DOWN
[2026-07-31 22:29:37]   - [8408_ui] 상태: PID [88272] / PORT UP
[2026-07-31 22:29:37]   - [8408_bot] 상태: PID [88270]
[2026-07-31 22:29:37]   - [8409_ui] 상태: PID [59815] / PORT UP
[2026-07-31 22:29:37]   - [8409_bot] 상태: PID [59813]
[2026-07-31 22:34:37] ❌ [8407_bot] DOWN 감지 -> 즉시 단일 기동
[2026-07-31 22:34:37] ⏳ 신규 기동 타겟 안정화 대기 (15초)...
[2026-07-31 22:34:52]   - [8888_app] 상태: PID [39028] / PORT UP
[2026-07-31 22:34:53]   - [8401_ui] 상태: PID [18355] / PORT UP
[2026-07-31 22:34:53]   - [8401_bot] 상태: PID [59980]
[2026-07-31 22:34:53]   - [8402_ui] 상태: PID [87263] / PORT UP
[2026-07-31 22:34:53]   - [8402_bot] 상태: PID [87261]
[2026-07-31 22:34:53]   - [8403_ui] 상태: PID [57627] / PORT UP
[2026-07-31 22:34:53]   - [8403_bot] 상태: PID [57625]
[2026-07-31 22:34:53]   - [8404_ui] 상태: PID [57885] / PORT UP
[2026-07-31 22:34:53]   - [8404_bot] 상태: PID [57883]
[2026-07-31 22:34:53]   - [8405_ui] 상태: PID [18363] / PORT UP
[2026-07-31 22:34:53]   - [8405_bot] 상태: PID [16514]
[2026-07-31 22:34:53]   - [8407_ui] 상태: PID [18365] / PORT UP
[2026-07-31 22:34:53]   - [8407_bot] 상태: DOWN
[2026-07-31 22:34:53]   - [8408_ui] 상태: PID [88272] / PORT UP
[2026-07-31 22:34:53]   - [8408_bot] 상태: PID [88270]
[2026-07-31 22:34:53]   - [8409_ui] 상태: PID [59815] / PORT UP
[2026-07-31 22:34:53]   - [8409_bot] 상태: PID [59813]
[2026-07-31 22:39:54] ❌ [8407_bot] DOWN 감지 -> 즉시 단일 기동
[2026-07-31 22:39:54] ⏳ 신규 기동 타겟 안정화 대기 (15초)...
[2026-07-31 22:40:09]   - [8888_app] 상태: PID [39028] / PORT UP
[2026-07-31 22:40:09]   - [8401_ui] 상태: PID [18355] / PORT UP
[2026-07-31 22:40:09]   - [8401_bot] 상태: PID [59980]
[2026-07-31 22:40:09]   - [8402_ui] 상태: PID [87263] / PORT UP
[2026-07-31 22:40:09]   - [8402_bot] 상태: PID [87261]
[2026-07-31 22:40:09]   - [8403_ui] 상태: PID [57627] / PORT UP
[2026-07-31 22:40:09]   - [8403_bot] 상태: PID [57625]
[2026-07-31 22:40:09]   - [8404_ui] 상태: PID [57885] / PORT UP
[2026-07-31 22:40:09]   - [8404_bot] 상태: PID [57883]
[2026-07-31 22:40:09]   - [8405_ui] 상태: PID [18363] / PORT UP
[2026-07-31 22:40:09]   - [8405_bot] 상태: PID [16514]
[2026-07-31 22:40:09]   - [8407_ui] 상태: PID [18365] / PORT UP
[2026-07-31 22:40:10]   - [8407_bot] 상태: DOWN
[2026-07-31 22:40:10]   - [8408_ui] 상태: PID [88272] / PORT UP
[2026-07-31 22:40:10]   - [8408_bot] 상태: PID [88270]
[2026-07-31 22:40:10]   - [8409_ui] 상태: PID [59815] / PORT UP
[2026-07-31 22:40:10]   - [8409_bot] 상태: PID [59813]
[2026-08-02 21:22:01] ❌ [8402_bot] DOWN 감지 -> 즉시 단일 기동
[2026-08-02 21:22:02] ⏳ 신규 기동 타겟 안정화 대기 (15초)...
[2026-08-02 21:22:17]   - [8888_app] 상태: PID [39028] / PORT UP
[2026-08-02 21:22:17]   - [8401_ui] 상태: PID [67520] / PORT UP
[2026-08-02 21:22:17]   - [8401_bot] 상태: PID [64763]
[2026-08-02 21:22:17]   - [8402_ui] 상태: PID [57246] / PORT UP
[2026-08-02 21:22:17]   - [8402_bot] 상태: PID [64627]
[2026-08-02 21:22:17]   - [8403_ui] 상태: PID [72863] / PORT UP
[2026-08-02 21:22:17]   - [8403_bot] 상태: PID [71062]
[2026-08-02 21:22:17]   - [8404_ui] 상태: PID [63003] / PORT UP
[2026-08-02 21:22:17]   - [8404_bot] 상태: PID [63000]
[2026-08-02 21:22:17]   - [8405_ui] 상태: PID [63015] / PORT UP
[2026-08-02 21:22:17]   - [8405_bot] 상태: PID [63012]
[2026-08-02 21:22:17]   - [8407_ui] 상태: PID [63064] / PORT UP
[2026-08-02 21:22:17]   - [8407_bot] 상태: PID [63062]
[2026-08-02 21:22:17]   - [8408_ui] 상태: PID [62978] / PORT UP
[2026-08-02 21:22:17]   - [8408_bot] 상태: PID [62976]
[2026-08-02 21:22:17]   - [8409_ui] 상태: PID [62987] / PORT UP
[2026-08-02 21:22:17]   - [8409_bot] 상태: PID [62984]
[2026-08-02 21:47:20] ❌ [8401_bot] DOWN 감지 -> 즉시 단일 기동
[2026-08-02 21:47:21] ❌ [8403_bot] DOWN 감지 -> 즉시 단일 기동
[2026-08-02 21:47:21] ❌ [8404_bot] DOWN 감지 -> 즉시 단일 기동
[2026-08-02 21:47:21] ❌ [8405_bot] DOWN 감지 -> 즉시 단일 기동
[2026-08-02 21:47:21] ❌ [8407_bot] DOWN 감지 -> 즉시 단일 기동
[2026-08-02 21:47:21] ❌ [8408_bot] DOWN 감지 -> 즉시 단일 기동
[2026-08-02 21:47:21] ❌ [8409_bot] DOWN 감지 -> 즉시 단일 기동
[2026-08-02 21:47:21] ⏳ 신규 기동 타겟 안정화 대기 (15초)...
[2026-08-02 21:47:36]   - [8888_app] 상태: PID [39028] / PORT UP
[2026-08-02 21:47:36]   - [8401_ui] 상태: PID [67520] / PORT UP
[2026-08-02 21:47:36]   - [8401_bot] 상태: PID [74397]
[2026-08-02 21:47:36]   - [8402_ui] 상태: PID [65765] / PORT UP
[2026-08-02 21:47:36]   - [8402_bot] 상태: PID [65763]
[2026-08-02 21:47:36]   - [8403_ui] 상태: PID [72863] / PORT UP
[2026-08-02 21:47:36]   - [8403_bot] 상태: PID [74402]
[2026-08-02 21:47:36]   - [8404_ui] 상태: PID [63003] / PORT UP
[2026-08-02 21:47:37]   - [8404_bot] 상태: PID [74408]
[2026-08-02 21:47:37]   - [8405_ui] 상태: PID [63015] / PORT UP
[2026-08-02 21:47:37]   - [8405_bot] 상태: DOWN
[2026-08-02 21:47:37]   - [8407_ui] 상태: PID [63064] / PORT UP
[2026-08-02 21:47:37]   - [8407_bot] 상태: DOWN
[2026-08-02 21:47:37]   - [8408_ui] 상태: PID [62978] / PORT UP
[2026-08-02 21:47:37]   - [8408_bot] 상태: PID [74427]
[2026-08-02 21:47:37]   - [8409_ui] 상태: PID [62987] / PORT UP
[2026-08-02 21:47:37]   - [8409_bot] 상태: PID [74441]
[2026-08-02 21:52:37] ❌ [8405_bot] DOWN 감지 -> 즉시 단일 기동
[2026-08-02 21:52:37] ❌ [8407_bot] DOWN 감지 -> 즉시 단일 기동
[2026-08-02 21:52:38] ⏳ 신규 기동 타겟 안정화 대기 (15초)...
[2026-08-02 21:52:53]   - [8888_app] 상태: PID [39028] / PORT UP
[2026-08-02 21:52:53]   - [8401_ui] 상태: PID [75569] / PORT UP
[2026-08-02 21:52:53]   - [8401_bot] 상태: PID [75567]
[2026-08-02 21:52:53]   - [8402_ui] 상태: PID [65765] / PORT UP
[2026-08-02 21:52:53]   - [8402_bot] 상태: PID [65763]
[2026-08-02 21:52:53]   - [8403_ui] 상태: PID [76202] / PORT UP
[2026-08-02 21:52:53]   - [8403_bot] 상태: PID [76200]
[2026-08-02 21:52:53]   - [8404_ui] 상태: PID [76692] / PORT UP
[2026-08-02 21:52:53]   - [8404_bot] 상태: PID [76690]
[2026-08-02 21:52:53]   - [8405_ui] 상태: PID [63015] / PORT UP
[2026-08-02 21:52:53]   - [8405_bot] 상태: DOWN
[2026-08-02 21:52:53]   - [8407_ui] 상태: PID [63064] / PORT UP
[2026-08-02 21:52:53]   - [8407_bot] 상태: DOWN
[2026-08-02 21:52:53]   - [8408_ui] 상태: PID [77345] / PORT UP
[2026-08-02 21:52:53]   - [8408_bot] 상태: PID [77343]
[2026-08-02 21:52:53]   - [8409_ui] 상태: PID [77797] / PORT UP
[2026-08-02 21:52:53]   - [8409_bot] 상태: PID [77795]
[2026-08-02 21:57:54] ❌ [8405_bot] DOWN 감지 -> 즉시 단일 기동
[2026-08-02 21:57:54] ❌ [8407_bot] DOWN 감지 -> 즉시 단일 기동
[2026-08-02 21:57:54] ⏳ 신규 기동 타겟 안정화 대기 (15초)...
[2026-08-02 21:58:09]   - [8888_app] 상태: PID [39028] / PORT UP
[2026-08-02 21:58:09]   - [8401_ui] 상태: PID [75569] / PORT UP
[2026-08-02 21:58:09]   - [8401_bot] 상태: PID [75567]
[2026-08-02 21:58:09]   - [8402_ui] 상태: PID [65765] / PORT UP
[2026-08-02 21:58:10]   - [8402_bot] 상태: PID [65763]
[2026-08-02 21:58:10]   - [8403_ui] 상태: PID [76202] / PORT UP
[2026-08-02 21:58:10]   - [8403_bot] 상태: PID [76200]
[2026-08-02 21:58:10]   - [8404_ui] 상태: PID [76692] / PORT UP
[2026-08-02 21:58:10]   - [8404_bot] 상태: PID [76690]
[2026-08-02 21:58:10]   - [8405_ui] 상태: PID [63015] / PORT UP
[2026-08-02 21:58:10]   - [8405_bot] 상태: DOWN
[2026-08-02 21:58:10]   - [8407_ui] 상태: PID [63064] / PORT UP
[2026-08-02 21:58:10]   - [8407_bot] 상태: DOWN
[2026-08-02 21:58:10]   - [8408_ui] 상태: PID [77345] / PORT UP
[2026-08-02 21:58:10]   - [8408_bot] 상태: PID [77343]
[2026-08-02 21:58:10]   - [8409_ui] 상태: PID [77797] / PORT UP
[2026-08-02 21:58:10]   - [8409_bot] 상태: PID [77795]
[2026-08-02 22:03:11] ❌ [8405_bot] DOWN 감지 -> 즉시 단일 기동
[2026-08-02 22:03:11] ❌ [8407_bot] DOWN 감지 -> 즉시 단일 기동
[2026-08-02 22:03:11] ⏳ 신규 기동 타겟 안정화 대기 (15초)...
[2026-08-02 22:03:26]   - [8888_app] 상태: PID [39028] / PORT UP
[2026-08-02 22:03:26]   - [8401_ui] 상태: PID [75569] / PORT UP
[2026-08-02 22:03:26]   - [8401_bot] 상태: PID [75567]
[2026-08-02 22:03:26]   - [8402_ui] 상태: PID [65765] / PORT UP
[2026-08-02 22:03:26]   - [8402_bot] 상태: PID [65763]
[2026-08-02 22:03:26]   - [8403_ui] 상태: PID [76202] / PORT UP
[2026-08-02 22:03:26]   - [8403_bot] 상태: PID [76200]
[2026-08-02 22:03:26]   - [8404_ui] 상태: PID [76692] / PORT UP
[2026-08-02 22:03:26]   - [8404_bot] 상태: PID [76690]
[2026-08-02 22:03:26]   - [8405_ui] 상태: PID [63015] / PORT UP
[2026-08-02 22:03:26]   - [8405_bot] 상태: DOWN
[2026-08-02 22:03:26]   - [8407_ui] 상태: PID [63064] / PORT UP
[2026-08-02 22:03:26]   - [8407_bot] 상태: DOWN
[2026-08-02 22:03:26]   - [8408_ui] 상태: PID [77345] / PORT UP
[2026-08-02 22:03:26]   - [8408_bot] 상태: PID [77343]
[2026-08-02 22:03:27]   - [8409_ui] 상태: PID [77797] / PORT UP
[2026-08-02 22:03:27]   - [8409_bot] 상태: PID [77795]
[2026-08-02 22:08:27] ❌ [8405_bot] DOWN 감지 -> 즉시 단일 기동
[2026-08-02 22:08:27] ❌ [8407_bot] DOWN 감지 -> 즉시 단일 기동
[2026-08-02 22:08:27] ⏳ 신규 기동 타겟 안정화 대기 (15초)...
[2026-08-02 22:08:42]   - [8888_app] 상태: PID [39028] / PORT UP
[2026-08-02 22:08:42]   - [8401_ui] 상태: PID [75569] / PORT UP
[2026-08-02 22:08:42]   - [8401_bot] 상태: PID [75567]
[2026-08-02 22:08:43]   - [8402_ui] 상태: PID [65765] / PORT UP
[2026-08-02 22:08:43]   - [8402_bot] 상태: PID [65763]
[2026-08-02 22:08:43]   - [8403_ui] 상태: PID [76202] / PORT UP
[2026-08-02 22:08:43]   - [8403_bot] 상태: PID [76200]
[2026-08-02 22:08:43]   - [8404_ui] 상태: PID [76692] / PORT UP
[2026-08-02 22:08:43]   - [8404_bot] 상태: PID [76690]
[2026-08-02 22:08:43]   - [8405_ui] 상태: PID [63015] / PORT UP
[2026-08-02 22:08:43]   - [8405_bot] 상태: DOWN
[2026-08-02 22:08:43]   - [8407_ui] 상태: PID [63064] / PORT UP
[2026-08-02 22:08:43]   - [8407_bot] 상태: DOWN
[2026-08-02 22:08:43]   - [8408_ui] 상태: PID [77345] / PORT UP
[2026-08-02 22:08:43]   - [8408_bot] 상태: PID [77343]
[2026-08-02 22:08:43]   - [8409_ui] 상태: PID [77797] / PORT UP
[2026-08-02 22:08:43]   - [8409_bot] 상태: PID [77795]
[2026-08-02 22:13:44] ❌ [8405_bot] DOWN 감지 -> 즉시 단일 기동
[2026-08-02 22:13:44] ❌ [8407_bot] DOWN 감지 -> 즉시 단일 기동
[2026-08-02 22:13:44] ⏳ 신규 기동 타겟 안정화 대기 (15초)...
[2026-08-02 22:13:59]   - [8888_app] 상태: PID [39028] / PORT UP
[2026-08-02 22:13:59]   - [8401_ui] 상태: PID [75569] / PORT UP
[2026-08-02 22:13:59]   - [8401_bot] 상태: PID [75567]
[2026-08-02 22:13:59]   - [8402_ui] 상태: PID [65765] / PORT UP
[2026-08-02 22:13:59]   - [8402_bot] 상태: PID [65763]
[2026-08-02 22:13:59]   - [8403_ui] 상태: PID [76202] / PORT UP
[2026-08-02 22:13:59]   - [8403_bot] 상태: PID [76200]
[2026-08-02 22:13:59]   - [8404_ui] 상태: PID [76692] / PORT UP
[2026-08-02 22:13:59]   - [8404_bot] 상태: PID [76690]
[2026-08-02 22:13:59]   - [8405_ui] 상태: PID [63015] / PORT UP
[2026-08-02 22:13:59]   - [8405_bot] 상태: DOWN
[2026-08-02 22:13:59]   - [8407_ui] 상태: PID [63064] / PORT UP
[2026-08-02 22:13:59]   - [8407_bot] 상태: DOWN
[2026-08-02 22:13:59]   - [8408_ui] 상태: PID [77345] / PORT UP
[2026-08-02 22:13:59]   - [8408_bot] 상태: PID [77343]
[2026-08-02 22:14:00]   - [8409_ui] 상태: PID [77797] / PORT UP
[2026-08-02 22:14:00]   - [8409_bot] 상태: PID [77795]
[2026-08-02 22:19:00] ❌ [8405_bot] DOWN 감지 -> 즉시 단일 기동
[2026-08-02 22:19:00] ❌ [8407_bot] DOWN 감지 -> 즉시 단일 기동
[2026-08-02 22:19:00] ⏳ 신규 기동 타겟 안정화 대기 (15초)...
[2026-08-02 22:19:16]   - [8888_app] 상태: PID [39028] / PORT UP
[2026-08-02 22:19:16]   - [8401_ui] 상태: PID [75569] / PORT UP
[2026-08-02 22:19:16]   - [8401_bot] 상태: PID [75567]
[2026-08-02 22:19:16]   - [8402_ui] 상태: PID [65765] / PORT UP
[2026-08-02 22:19:16]   - [8402_bot] 상태: PID [65763]
[2026-08-02 22:19:16]   - [8403_ui] 상태: PID [76202] / PORT UP
[2026-08-02 22:19:16]   - [8403_bot] 상태: PID [76200]
[2026-08-02 22:19:16]   - [8404_ui] 상태: PID [76692] / PORT UP
[2026-08-02 22:19:16]   - [8404_bot] 상태: PID [76690]
[2026-08-02 22:19:16]   - [8405_ui] 상태: PID [63015] / PORT UP
[2026-08-02 22:19:16]   - [8405_bot] 상태: DOWN
[2026-08-02 22:19:16]   - [8407_ui] 상태: PID [63064] / PORT UP
[2026-08-02 22:19:16]   - [8407_bot] 상태: DOWN
[2026-08-02 22:19:16]   - [8408_ui] 상태: PID [77345] / PORT UP
[2026-08-02 22:19:16]   - [8408_bot] 상태: PID [77343]
[2026-08-02 22:19:16]   - [8409_ui] 상태: PID [77797] / PORT UP
[2026-08-02 22:19:16]   - [8409_bot] 상태: PID [77795]
[2026-08-02 22:24:17] ❌ [8405_bot] DOWN 감지 -> 즉시 단일 기동
[2026-08-02 22:24:17] ❌ [8407_bot] DOWN 감지 -> 즉시 단일 기동
[2026-08-02 22:24:17] ⏳ 신규 기동 타겟 안정화 대기 (15초)...
[2026-08-02 22:24:32]   - [8888_app] 상태: PID [39028] / PORT UP
[2026-08-02 22:24:32]   - [8401_ui] 상태: PID [75569] / PORT UP
[2026-08-02 22:24:32]   - [8401_bot] 상태: PID [75567]
[2026-08-02 22:24:32]   - [8402_ui] 상태: PID [65765] / PORT UP
[2026-08-02 22:24:32]   - [8402_bot] 상태: PID [65763]
[2026-08-02 22:24:32]   - [8403_ui] 상태: PID [76202] / PORT UP
[2026-08-02 22:24:32]   - [8403_bot] 상태: PID [76200]
[2026-08-02 22:24:32]   - [8404_ui] 상태: PID [76692] / PORT UP
[2026-08-02 22:24:32]   - [8404_bot] 상태: PID [76690]
[2026-08-02 22:24:32]   - [8405_ui] 상태: PID [63015] / PORT UP
[2026-08-02 22:24:33]   - [8405_bot] 상태: DOWN
[2026-08-02 22:24:33]   - [8407_ui] 상태: PID [63064] / PORT UP
[2026-08-02 22:24:33]   - [8407_bot] 상태: DOWN
[2026-08-02 22:24:33]   - [8408_ui] 상태: PID [77345] / PORT UP
[2026-08-02 22:24:33]   - [8408_bot] 상태: PID [77343]
[2026-08-02 22:24:33]   - [8409_ui] 상태: PID [77797] / PORT UP
[2026-08-02 22:24:33]   - [8409_bot] 상태: PID [77795]
[2026-08-02 22:29:33] ❌ [8405_bot] DOWN 감지 -> 즉시 단일 기동
[2026-08-02 22:29:33] ❌ [8407_bot] DOWN 감지 -> 즉시 단일 기동
[2026-08-02 22:29:34] ⏳ 신규 기동 타겟 안정화 대기 (15초)...
[2026-08-02 22:29:49]   - [8888_app] 상태: PID [39028] / PORT UP
[2026-08-02 22:29:49]   - [8401_ui] 상태: PID [75569] / PORT UP
[2026-08-02 22:29:49]   - [8401_bot] 상태: PID [75567]
[2026-08-02 22:29:49]   - [8402_ui] 상태: PID [65765] / PORT UP
[2026-08-02 22:29:49]   - [8402_bot] 상태: PID [65763]
[2026-08-02 22:29:49]   - [8403_ui] 상태: PID [76202] / PORT UP
[2026-08-02 22:29:49]   - [8403_bot] 상태: PID [76200]
[2026-08-02 22:29:49]   - [8404_ui] 상태: PID [76692] / PORT UP
[2026-08-02 22:29:49]   - [8404_bot] 상태: PID [76690]
[2026-08-02 22:29:49]   - [8405_ui] 상태: PID [63015] / PORT UP
[2026-08-02 22:29:49]   - [8405_bot] 상태: DOWN
[2026-08-02 22:29:49]   - [8407_ui] 상태: PID [63064] / PORT UP
[2026-08-02 22:29:49]   - [8407_bot] 상태: DOWN
[2026-08-02 22:29:49]   - [8408_ui] 상태: PID [77345] / PORT UP
[2026-08-02 22:29:49]   - [8408_bot] 상태: PID [77343]
[2026-08-02 22:29:49]   - [8409_ui] 상태: PID [77797] / PORT UP
[2026-08-02 22:29:49]   - [8409_bot] 상태: PID [77795]
[2026-08-02 22:34:50] ❌ [8405_bot] DOWN 감지 -> 즉시 단일 기동
[2026-08-02 22:34:50] ❌ [8407_bot] DOWN 감지 -> 즉시 단일 기동
[2026-08-02 22:34:50] ⏳ 신규 기동 타겟 안정화 대기 (15초)...
[2026-08-02 22:35:05]   - [8888_app] 상태: PID [39028] / PORT UP
[2026-08-02 22:35:05]   - [8401_ui] 상태: PID [75569] / PORT UP
[2026-08-02 22:35:05]   - [8401_bot] 상태: PID [75567]
[2026-08-02 22:35:05]   - [8402_ui] 상태: PID [65765] / PORT UP
[2026-08-02 22:35:05]   - [8402_bot] 상태: PID [65763]
[2026-08-02 22:35:05]   - [8403_ui] 상태: PID [76202] / PORT UP
[2026-08-02 22:35:05]   - [8403_bot] 상태: PID [76200]
[2026-08-02 22:35:06]   - [8404_ui] 상태: PID [76692] / PORT UP
[2026-08-02 22:35:06]   - [8404_bot] 상태: PID [76690]
[2026-08-02 22:35:06]   - [8405_ui] 상태: PID [63015] / PORT UP
[2026-08-02 22:35:06]   - [8405_bot] 상태: DOWN
[2026-08-02 22:35:06]   - [8407_ui] 상태: PID [63064] / PORT UP
[2026-08-02 22:35:06]   - [8407_bot] 상태: DOWN
[2026-08-02 22:35:06]   - [8408_ui] 상태: PID [77345] / PORT UP
[2026-08-02 22:35:06]   - [8408_bot] 상태: PID [77343]
[2026-08-02 22:35:06]   - [8409_ui] 상태: PID [77797] / PORT UP
[2026-08-02 22:35:06]   - [8409_bot] 상태: PID [77795]
[2026-08-02 22:40:06] ❌ [8401_ui] DOWN 감지 -> 즉시 단일 기동
[2026-08-02 22:40:06] ❌ [8401_bot] DOWN 감지 -> 즉시 단일 기동
[2026-08-02 22:40:06] ❌ [8402_ui] DOWN 감지 -> 즉시 단일 기동
[2026-08-02 22:40:06] ❌ [8403_ui] DOWN 감지 -> 즉시 단일 기동
[2026-08-02 22:40:06] ❌ [8404_ui] DOWN 감지 -> 즉시 단일 기동
[2026-08-02 22:40:06] ❌ [8405_ui] DOWN 감지 -> 즉시 단일 기동
[2026-08-02 22:40:06] ❌ [8405_bot] DOWN 감지 -> 즉시 단일 기동
[2026-08-02 22:40:06] ❌ [8407_ui] DOWN 감지 -> 즉시 단일 기동
[2026-08-02 22:40:07] ❌ [8407_bot] DOWN 감지 -> 즉시 단일 기동
[2026-08-02 22:40:07] ❌ [8408_ui] DOWN 감지 -> 즉시 단일 기동
[2026-08-02 22:40:07] ❌ [8409_ui] DOWN 감지 -> 즉시 단일 기동
[2026-08-02 22:40:07] ⏳ 신규 기동 타겟 안정화 대기 (15초)...
[2026-08-02 22:40:22]   - [8888_app] 상태: PID [39028] / PORT UP
[2026-08-02 22:40:22]   - [8401_ui] 상태: PID [95105] / PORT UP
[2026-08-02 22:40:22]   - [8401_bot] 상태: PID [95057, 95103]
[2026-08-02 22:40:22]   - [8402_ui] 상태: PID [95059] / PORT UP
[2026-08-02 22:40:22]   - [8402_bot] 상태: PID [65763]
[2026-08-02 22:40:22]   - [8403_ui] 상태: PID [95070] / PORT UP
[2026-08-02 22:40:22]   - [8403_bot] 상태: PID [76200]
[2026-08-02 22:40:22]   - [8404_ui] 상태: PID [95075] / PORT UP
[2026-08-02 22:40:22]   - [8404_bot] 상태: PID [76690]
[2026-08-02 22:40:22]   - [8405_ui] 상태: PID [95080] / PORT UP
[2026-08-02 22:40:22]   - [8405_bot] 상태: DOWN
[2026-08-02 22:40:22]   - [8407_ui] 상태: PID [95087] / PORT UP
[2026-08-02 22:40:22]   - [8407_bot] 상태: DOWN
[2026-08-02 22:40:22]   - [8408_ui] 상태: PID [95095] / PORT UP
[2026-08-02 22:40:22]   - [8408_bot] 상태: PID [77343]
[2026-08-02 22:40:23]   - [8409_ui] 상태: PID [95098] / PORT UP
[2026-08-02 22:40:23]   - [8409_bot] 상태: PID [77795]
[2026-08-02 22:45:23] ❌ [8405_bot] DOWN 감지 -> 즉시 단일 기동
[2026-08-02 22:45:23] ❌ [8407_bot] DOWN 감지 -> 즉시 단일 기동
[2026-08-02 22:45:23] ⏳ 신규 기동 타겟 안정화 대기 (15초)...
[2026-08-02 22:45:38]   - [8888_app] 상태: PID [39028] / PORT UP
[2026-08-02 22:45:38]   - [8401_ui] 상태: PID [95105] / PORT UP
[2026-08-02 22:45:39]   - [8401_bot] 상태: PID [95103]
[2026-08-02 22:45:39]   - [8402_ui] 상태: PID [95059] / PORT UP
[2026-08-02 22:45:39]   - [8402_bot] 상태: PID [65763]
[2026-08-02 22:45:39]   - [8403_ui] 상태: PID [95070] / PORT UP
[2026-08-02 22:45:39]   - [8403_bot] 상태: PID [76200]
[2026-08-02 22:45:39]   - [8404_ui] 상태: PID [95075] / PORT UP
[2026-08-02 22:45:39]   - [8404_bot] 상태: PID [76690]
[2026-08-02 22:45:39]   - [8405_ui] 상태: PID [95080] / PORT UP
[2026-08-02 22:45:39]   - [8405_bot] 상태: DOWN
[2026-08-02 22:45:39]   - [8407_ui] 상태: PID [95087] / PORT UP
[2026-08-02 22:45:39]   - [8407_bot] 상태: DOWN
[2026-08-02 22:45:39]   - [8408_ui] 상태: PID [95095] / PORT UP
[2026-08-02 22:45:39]   - [8408_bot] 상태: PID [77343]
[2026-08-02 22:45:39]   - [8409_ui] 상태: PID [95098] / PORT UP
[2026-08-02 22:45:39]   - [8409_bot] 상태: PID [77795]
[2026-08-02 22:50:40] ❌ [8405_bot] DOWN 감지 -> 즉시 단일 기동
[2026-08-02 22:50:40] ❌ [8407_bot] DOWN 감지 -> 즉시 단일 기동
[2026-08-02 22:50:40] ⏳ 신규 기동 타겟 안정화 대기 (15초)...
[2026-08-02 22:50:55]   - [8888_app] 상태: PID [39028] / PORT UP
[2026-08-02 22:50:55]   - [8401_ui] 상태: PID [95105] / PORT UP
[2026-08-02 22:50:55]   - [8401_bot] 상태: PID [95103]
[2026-08-02 22:50:55]   - [8402_ui] 상태: PID [95059] / PORT UP
[2026-08-02 22:50:55]   - [8402_bot] 상태: PID [65763]
[2026-08-02 22:50:55]   - [8403_ui] 상태: PID [95070] / PORT UP
[2026-08-02 22:50:55]   - [8403_bot] 상태: PID [76200]
[2026-08-02 22:50:55]   - [8404_ui] 상태: PID [95075] / PORT UP
[2026-08-02 22:50:55]   - [8404_bot] 상태: PID [76690]
[2026-08-02 22:50:55]   - [8405_ui] 상태: PID [95080] / PORT UP
[2026-08-02 22:50:55]   - [8405_bot] 상태: DOWN
[2026-08-02 22:50:55]   - [8407_ui] 상태: PID [95087] / PORT UP
[2026-08-02 22:50:56]   - [8407_bot] 상태: DOWN
[2026-08-02 22:50:56]   - [8408_ui] 상태: PID [95095] / PORT UP
[2026-08-02 22:50:56]   - [8408_bot] 상태: PID [77343]
[2026-08-02 22:50:56]   - [8409_ui] 상태: PID [95098] / PORT UP
[2026-08-02 22:50:56]   - [8409_bot] 상태: PID [77795]
[2026-08-02 22:55:56] ❌ [8405_bot] DOWN 감지 -> 즉시 단일 기동
[2026-08-02 22:55:56] ❌ [8407_bot] DOWN 감지 -> 즉시 단일 기동
[2026-08-02 22:55:56] ⏳ 신규 기동 타겟 안정화 대기 (15초)...
[2026-08-02 22:56:12]   - [8888_app] 상태: PID [39028] / PORT UP
[2026-08-02 22:56:12]   - [8401_ui] 상태: PID [95105] / PORT UP
[2026-08-02 22:56:12]   - [8401_bot] 상태: PID [95103]
[2026-08-02 22:56:12]   - [8402_ui] 상태: PID [95059] / PORT UP
[2026-08-02 22:56:12]   - [8402_bot] 상태: PID [65763]
[2026-08-02 22:56:12]   - [8403_ui] 상태: PID [95070] / PORT UP
[2026-08-02 22:56:12]   - [8403_bot] 상태: PID [76200]
[2026-08-02 22:56:12]   - [8404_ui] 상태: PID [95075] / PORT UP
[2026-08-02 22:56:12]   - [8404_bot] 상태: PID [76690]
[2026-08-02 22:56:12]   - [8405_ui] 상태: PID [95080] / PORT UP
[2026-08-02 22:56:12]   - [8405_bot] 상태: DOWN
[2026-08-02 22:56:12]   - [8407_ui] 상태: PID [95087] / PORT UP
[2026-08-02 22:56:12]   - [8407_bot] 상태: DOWN
[2026-08-02 22:56:12]   - [8408_ui] 상태: PID [95095] / PORT UP
[2026-08-02 22:56:12]   - [8408_bot] 상태: PID [77343]
[2026-08-02 22:56:12]   - [8409_ui] 상태: PID [95098] / PORT UP
[2026-08-02 22:56:12]   - [8409_bot] 상태: PID [77795]
[2026-08-02 23:01:12] ❌ [8401_bot] DOWN 감지 -> 즉시 단일 기동
[2026-08-02 23:01:13] ❌ [8402_bot] DOWN 감지 -> 즉시 단일 기동
[2026-08-02 23:01:13] ❌ [8403_bot] DOWN 감지 -> 즉시 단일 기동
[2026-08-02 23:01:13] ❌ [8404_bot] DOWN 감지 -> 즉시 단일 기동
[2026-08-02 23:01:13] ❌ [8405_bot] DOWN 감지 -> 즉시 단일 기동
[2026-08-02 23:01:13] ❌ [8407_bot] DOWN 감지 -> 즉시 단일 기동
[2026-08-02 23:01:13] ❌ [8408_bot] DOWN 감지 -> 즉시 단일 기동
[2026-08-02 23:01:13] ⏳ 신규 기동 타겟 안정화 대기 (15초)...
[2026-08-02 23:01:28]   - [8888_app] 상태: PID [39028] / PORT UP
[2026-08-02 23:01:28]   - [8401_ui] 상태: PID [95105] / PORT UP
[2026-08-02 23:01:28]   - [8401_bot] 상태: PID [4128]
[2026-08-02 23:01:28]   - [8402_ui] 상태: PID [95059] / PORT UP
[2026-08-02 23:01:29]   - [8402_bot] 상태: PID [4131]
[2026-08-02 23:01:29]   - [8403_ui] 상태: PID [95070] / PORT UP
[2026-08-02 23:01:29]   - [8403_bot] 상태: PID [4134]
[2026-08-02 23:01:29]   - [8404_ui] 상태: PID [95075] / PORT UP
[2026-08-02 23:01:29]   - [8404_bot] 상태: PID [4140]
[2026-08-02 23:01:29]   - [8405_ui] 상태: PID [95080] / PORT UP
[2026-08-02 23:01:29]   - [8405_bot] 상태: DOWN
[2026-08-02 23:01:29]   - [8407_ui] 상태: PID [95087] / PORT UP
[2026-08-02 23:01:29]   - [8407_bot] 상태: DOWN
[2026-08-02 23:01:29]   - [8408_ui] 상태: PID [95095] / PORT UP
[2026-08-02 23:01:29]   - [8408_bot] 상태: PID [4162]
[2026-08-02 23:01:29]   - [8409_ui] 상태: PID [3973] / PORT UP
[2026-08-02 23:01:29]   - [8409_bot] 상태: PID [3971]
[2026-08-02 23:06:29] ❌ [8402_bot] DOWN 감지 -> 즉시 단일 기동
[2026-08-02 23:06:30] ❌ [8405_bot] DOWN 감지 -> 즉시 단일 기동
[2026-08-02 23:06:30] ❌ [8407_bot] DOWN 감지 -> 즉시 단일 기동
[2026-08-02 23:06:30] ⏳ 신규 기동 타겟 안정화 대기 (15초)...
[2026-08-02 23:06:45]   - [8888_app] 상태: PID [39028] / PORT UP
[2026-08-02 23:06:45]   - [8401_ui] 상태: PID [95105] / PORT UP
[2026-08-02 23:06:45]   - [8401_bot] 상태: PID [4128]
[2026-08-02 23:06:45]   - [8402_ui] 상태: PID [5551] / PORT UP
[2026-08-02 23:06:45]   - [8402_bot] 상태: PID [6226]
[2026-08-02 23:06:45]   - [8403_ui] 상태: PID [95070] / PORT UP
[2026-08-02 23:06:45]   - [8403_bot] 상태: PID [4134]
[2026-08-02 23:06:45]   - [8404_ui] 상태: PID [95075] / PORT UP
[2026-08-02 23:06:45]   - [8404_bot] 상태: PID [4140]
[2026-08-02 23:06:45]   - [8405_ui] 상태: PID [95080] / PORT UP
[2026-08-02 23:06:45]   - [8405_bot] 상태: DOWN
[2026-08-02 23:06:46]   - [8407_ui] 상태: PID [95087] / PORT UP
[2026-08-02 23:06:46]   - [8407_bot] 상태: DOWN
[2026-08-02 23:06:46]   - [8408_ui] 상태: PID [95095] / PORT UP
[2026-08-02 23:06:46]   - [8408_bot] 상태: PID [4162]
[2026-08-02 23:06:46]   - [8409_ui] 상태: PID [3973] / PORT UP
[2026-08-02 23:06:46]   - [8409_bot] 상태: PID [3971]
[2026-08-02 23:11:46] ❌ [8405_bot] DOWN 감지 -> 즉시 단일 기동
[2026-08-02 23:11:46] ❌ [8407_bot] DOWN 감지 -> 즉시 단일 기동
[2026-08-02 23:11:47] ⏳ 신규 기동 타겟 안정화 대기 (15초)...
[2026-08-02 23:12:02]   - [8888_app] 상태: PID [39028] / PORT UP
[2026-08-02 23:12:02]   - [8401_ui] 상태: PID [95105] / PORT UP
[2026-08-02 23:12:02]   - [8401_bot] 상태: PID [4128]
[2026-08-02 23:12:02]   - [8402_ui] 상태: PID [7915] / PORT UP
[2026-08-02 23:12:02]   - [8402_bot] 상태: PID [7913]
[2026-08-02 23:12:02]   - [8403_ui] 상태: PID [95070] / PORT UP
[2026-08-02 23:12:02]   - [8403_bot] 상태: PID [4134]
[2026-08-02 23:12:02]   - [8404_ui] 상태: PID [95075] / PORT UP
[2026-08-02 23:12:02]   - [8404_bot] 상태: PID [4140]
[2026-08-02 23:12:02]   - [8405_ui] 상태: PID [95080] / PORT UP
[2026-08-02 23:12:02]   - [8405_bot] 상태: DOWN
[2026-08-02 23:12:02]   - [8407_ui] 상태: PID [95087] / PORT UP
[2026-08-02 23:12:02]   - [8407_bot] 상태: DOWN
[2026-08-02 23:12:02]   - [8408_ui] 상태: PID [95095] / PORT UP
[2026-08-02 23:12:02]   - [8408_bot] 상태: PID [4162]
[2026-08-02 23:12:02]   - [8409_ui] 상태: PID [3973] / PORT UP
[2026-08-02 23:12:02]   - [8409_bot] 상태: PID [3971]
[2026-08-02 23:17:03] ❌ [8405_bot] DOWN 감지 -> 즉시 단일 기동
[2026-08-02 23:17:03] ❌ [8407_bot] DOWN 감지 -> 즉시 단일 기동
[2026-08-02 23:17:03] ⏳ 신규 기동 타겟 안정화 대기 (15초)...
[2026-08-02 23:17:18]   - [8888_app] 상태: PID [39028] / PORT UP
[2026-08-02 23:17:18]   - [8401_ui] 상태: PID [95105] / PORT UP
[2026-08-02 23:17:18]   - [8401_bot] 상태: PID [4128]
[2026-08-02 23:17:18]   - [8402_ui] 상태: PID [7915] / PORT UP
[2026-08-02 23:17:18]   - [8402_bot] 상태: PID [7913]
[2026-08-02 23:17:18]   - [8403_ui] 상태: PID [95070] / PORT UP
[2026-08-02 23:17:18]   - [8403_bot] 상태: PID [4134]
[2026-08-02 23:17:19]   - [8404_ui] 상태: PID [95075] / PORT UP
[2026-08-02 23:17:19]   - [8404_bot] 상태: PID [4140]
[2026-08-02 23:17:19]   - [8405_ui] 상태: PID [95080] / PORT UP
[2026-08-02 23:17:19]   - [8405_bot] 상태: DOWN
[2026-08-02 23:17:19]   - [8407_ui] 상태: PID [95087] / PORT UP
[2026-08-02 23:17:19]   - [8407_bot] 상태: DOWN
[2026-08-02 23:17:19]   - [8408_ui] 상태: PID [95095] / PORT UP
[2026-08-02 23:17:19]   - [8408_bot] 상태: PID [4162]
[2026-08-02 23:17:19]   - [8409_ui] 상태: PID [3973] / PORT UP
[2026-08-02 23:17:19]   - [8409_bot] 상태: PID [3971]
[2026-08-02 23:22:19] ❌ [8405_bot] DOWN 감지 -> 즉시 단일 기동
[2026-08-02 23:22:20] ❌ [8407_bot] DOWN 감지 -> 즉시 단일 기동
[2026-08-02 23:22:20] ⏳ 신규 기동 타겟 안정화 대기 (15초)...
[2026-08-02 23:22:35]   - [8888_app] 상태: PID [39028] / PORT UP
[2026-08-02 23:22:35]   - [8401_ui] 상태: PID [95105] / PORT UP
[2026-08-02 23:22:35]   - [8401_bot] 상태: PID [4128]
[2026-08-02 23:22:35]   - [8402_ui] 상태: PID [7915] / PORT UP
[2026-08-02 23:22:35]   - [8402_bot] 상태: PID [7913]
[2026-08-02 23:22:35]   - [8403_ui] 상태: PID [95070] / PORT UP
[2026-08-02 23:22:35]   - [8403_bot] 상태: PID [4134]
[2026-08-02 23:22:35]   - [8404_ui] 상태: PID [95075] / PORT UP
[2026-08-02 23:22:35]   - [8404_bot] 상태: PID [4140]
[2026-08-02 23:22:35]   - [8405_ui] 상태: PID [95080] / PORT UP
[2026-08-02 23:22:35]   - [8405_bot] 상태: DOWN
[2026-08-02 23:22:35]   - [8407_ui] 상태: PID [95087] / PORT UP
[2026-08-02 23:22:35]   - [8407_bot] 상태: DOWN
[2026-08-02 23:22:35]   - [8408_ui] 상태: PID [95095] / PORT UP
[2026-08-02 23:22:35]   - [8408_bot] 상태: PID [4162]
[2026-08-02 23:22:35]   - [8409_ui] 상태: PID [3973] / PORT UP
[2026-08-02 23:22:35]   - [8409_bot] 상태: PID [3971]
[2026-08-02 23:27:36] ❌ [8403_ui] DOWN 감지 -> 즉시 단일 기동
[2026-08-02 23:27:36] ❌ [8405_ui] DOWN 감지 -> 즉시 단일 기동
[2026-08-02 23:27:36] ❌ [8405_bot] DOWN 감지 -> 즉시 단일 기동
[2026-08-02 23:27:36] ❌ [8407_bot] DOWN 감지 -> 즉시 단일 기동
[2026-08-02 23:27:36] ❌ [8408_ui] DOWN 감지 -> 즉시 단일 기동
[2026-08-02 23:27:36] ⏳ 신규 기동 타겟 안정화 대기 (15초)...
[2026-08-02 23:27:51]   - [8888_app] 상태: PID [39028] / PORT UP
[2026-08-02 23:27:51]   - [8401_ui] 상태: PID [95105] / PORT UP
[2026-08-02 23:27:51]   - [8401_bot] 상태: PID [4128]
[2026-08-02 23:27:51]   - [8402_ui] 상태: PID [7915] / PORT UP
[2026-08-02 23:27:52]   - [8402_bot] 상태: PID [7913]
[2026-08-02 23:27:52]   - [8403_ui] 상태: PID [14083] / PORT UP
[2026-08-02 23:27:52]   - [8403_bot] 상태: PID [4134]
[2026-08-02 23:27:52]   - [8404_ui] 상태: PID [95075] / PORT UP
[2026-08-02 23:27:52]   - [8404_bot] 상태: PID [4140]
[2026-08-02 23:27:52]   - [8405_ui] 상태: PID [14092] / PORT UP
[2026-08-02 23:27:52]   - [8405_bot] 상태: DOWN
[2026-08-02 23:27:52]   - [8407_ui] 상태: PID [95087] / PORT UP
[2026-08-02 23:27:52]   - [8407_bot] 상태: DOWN
[2026-08-02 23:27:52]   - [8408_ui] 상태: PID [14100] / PORT UP
[2026-08-02 23:27:52]   - [8408_bot] 상태: PID [4162]
[2026-08-02 23:27:52]   - [8409_ui] 상태: PID [3973] / PORT UP
[2026-08-02 23:27:52]   - [8409_bot] 상태: PID [3971]
[2026-08-02 23:32:53] ❌ [8405_bot] DOWN 감지 -> 즉시 단일 기동
[2026-08-02 23:32:53] ❌ [8407_bot] DOWN 감지 -> 즉시 단일 기동
[2026-08-02 23:32:53] ⏳ 신규 기동 타겟 안정화 대기 (15초)...
[2026-08-02 23:33:08]   - [8888_app] 상태: PID [39028] / PORT UP
[2026-08-02 23:33:08]   - [8401_ui] 상태: PID [95105] / PORT UP
[2026-08-02 23:33:08]   - [8401_bot] 상태: PID [4128]
[2026-08-02 23:33:08]   - [8402_ui] 상태: PID [7915] / PORT UP
[2026-08-02 23:33:08]   - [8402_bot] 상태: PID [7913]
[2026-08-02 23:33:08]   - [8403_ui] 상태: PID [14083] / PORT UP
[2026-08-02 23:33:08]   - [8403_bot] 상태: PID [4134]
[2026-08-02 23:33:08]   - [8404_ui] 상태: PID [95075] / PORT UP
[2026-08-02 23:33:08]   - [8404_bot] 상태: PID [4140]
[2026-08-02 23:33:08]   - [8405_ui] 상태: PID [14092] / PORT UP
[2026-08-02 23:33:08]   - [8405_bot] 상태: DOWN
[2026-08-02 23:33:09]   - [8407_ui] 상태: PID [95087] / PORT UP
[2026-08-02 23:33:09]   - [8407_bot] 상태: DOWN
[2026-08-02 23:33:09]   - [8408_ui] 상태: PID [14100] / PORT UP
[2026-08-02 23:33:09]   - [8408_bot] 상태: PID [4162]
[2026-08-02 23:33:09]   - [8409_ui] 상태: PID [3973] / PORT UP
[2026-08-02 23:33:09]   - [8409_bot] 상태: PID [3971]
[2026-08-02 23:38:09] ❌ [8405_bot] DOWN 감지 -> 즉시 단일 기동
[2026-08-02 23:38:09] ❌ [8407_bot] DOWN 감지 -> 즉시 단일 기동
[2026-08-02 23:38:10] ⏳ 신규 기동 타겟 안정화 대기 (15초)...
[2026-08-02 23:38:25]   - [8888_app] 상태: PID [39028] / PORT UP
[2026-08-02 23:38:25]   - [8401_ui] 상태: PID [95105] / PORT UP
[2026-08-02 23:38:25]   - [8401_bot] 상태: PID [4128]
[2026-08-02 23:38:25]   - [8402_ui] 상태: PID [7915] / PORT UP
[2026-08-02 23:38:25]   - [8402_bot] 상태: PID [7913]
[2026-08-02 23:38:25]   - [8403_ui] 상태: PID [14083] / PORT UP
[2026-08-02 23:38:25]   - [8403_bot] 상태: PID [4134]
[2026-08-02 23:38:25]   - [8404_ui] 상태: PID [95075] / PORT UP
[2026-08-02 23:38:25]   - [8404_bot] 상태: PID [4140]
[2026-08-02 23:38:25]   - [8405_ui] 상태: PID [14092] / PORT UP
[2026-08-02 23:38:25]   - [8405_bot] 상태: DOWN
[2026-08-02 23:38:25]   - [8407_ui] 상태: PID [95087] / PORT UP
[2026-08-02 23:38:25]   - [8407_bot] 상태: DOWN
[2026-08-02 23:38:25]   - [8408_ui] 상태: PID [14100] / PORT UP
[2026-08-02 23:38:25]   - [8408_bot] 상태: PID [4162]
[2026-08-02 23:38:25]   - [8409_ui] 상태: PID [3973] / PORT UP
[2026-08-02 23:38:25]   - [8409_bot] 상태: PID [3971]
[2026-08-03 14:45:36] ❌ [8404_ui] DOWN 감지 -> 즉시 단일 기동
[2026-08-03 14:45:36] ❌ [8404_bot] DOWN 감지 -> 즉시 단일 기동
[2026-08-03 14:45:36] ⏳ 신규 기동 타겟 안정화 대기 (15초)...
[2026-08-03 14:45:51]   - [8888_app] 상태: PID [25556] / PORT UP
[2026-08-03 14:45:51]   - [8401_ui] 상태: PID [18624] / PORT UP
[2026-08-03 14:45:51]   - [8401_bot] 상태: PID [18622]
[2026-08-03 14:45:51]   - [8402_ui] 상태: PID [18931] / PORT UP
[2026-08-03 14:45:51]   - [8402_bot] 상태: PID [18929]
[2026-08-03 14:45:51]   - [8403_ui] 상태: PID [19251] / PORT UP
[2026-08-03 14:45:51]   - [8403_bot] 상태: PID [19247]
[2026-08-03 14:45:52]   - [8404_ui] 상태: PID [28361] / PORT UP
[2026-08-03 14:45:52]   - [8404_bot] 상태: PID [28363]
[2026-08-03 14:45:52]   - [8405_ui] 상태: PID [19910] / PORT UP
[2026-08-03 14:45:52]   - [8405_bot] 상태: PID [19908]
[2026-08-03 14:45:52]   - [8407_ui] 상태: PID [20251] / PORT UP
[2026-08-03 14:45:52]   - [8407_bot] 상태: PID [20249]
[2026-08-03 14:45:52]   - [8408_ui] 상태: PID [20589] / PORT UP
[2026-08-03 14:45:52]   - [8408_bot] 상태: PID [20587]
[2026-08-03 14:45:52]   - [8409_ui] 상태: PID [20938] / PORT UP
[2026-08-03 14:45:52]   - [8409_bot] 상태: PID [20936]
[2026-08-04 18:34:44] ⚠️ [8407_bot] 중복 실행 감지 (2개 PID: [27067, 30005]) -> 전체 종료 후 단일 클린 재기동
[2026-08-04 18:34:44] 🛑 [8407_bot] PID 27067 종료 완료
[2026-08-04 18:34:44] 🛑 [8407_bot] PID 30005 종료 완료
[2026-08-04 18:34:46] ⏳ 신규 기동 타겟 안정화 대기 (15초)...
[2026-08-04 18:35:01]   - [8888_app] 상태: PID [25556] / PORT UP
[2026-08-04 18:35:01]   - [8401_ui] 상태: PID [18624] / PORT UP
[2026-08-04 18:35:01]   - [8401_bot] 상태: PID [18622]
[2026-08-04 18:35:01]   - [8402_ui] 상태: PID [94527] / PORT UP
[2026-08-04 18:35:01]   - [8402_bot] 상태: PID [94525]
[2026-08-04 18:35:01]   - [8403_ui] 상태: PID [19251] / PORT UP
[2026-08-04 18:35:01]   - [8403_bot] 상태: PID [19247]
[2026-08-04 18:35:01]   - [8404_ui] 상태: PID [28695] / PORT UP
[2026-08-04 18:35:01]   - [8404_bot] 상태: PID [28693]
[2026-08-04 18:35:01]   - [8405_ui] 상태: PID [19910] / PORT UP
[2026-08-04 18:35:01]   - [8405_bot] 상태: PID [29992]
[2026-08-04 18:35:01]   - [8407_ui] 상태: PID [29408] / PORT UP
[2026-08-04 18:35:01]   - [8407_bot] 상태: PID [30593]
[2026-08-04 18:35:01]   - [8408_ui] 상태: PID [20589] / PORT UP
[2026-08-04 18:35:01]   - [8408_bot] 상태: PID [20587]
[2026-08-04 18:35:01]   - [8409_ui] 상태: PID [29571] / PORT UP
[2026-08-04 18:35:01]   - [8409_bot] 상태: PID [29569]
2026-08-04 18:34:44] 🛑 [8407_bot] PID 30005 종료 완료
[2026-08-04 18:34:46] ⏳ 신규 기동 타겟 안정화 대기 (15초)...
[2026-08-04 18:35:01]   - [8888_app] 상태: PID [25556] / PORT UP
[2026-08-04 18:35:01]   - [8401_ui] 상태: PID [18624] / PORT UP
[2026-08-04 18:35:01]   - [8401_bot] 상태: PID [18622]
[2026-08-04 18:35:01]   - [8402_ui] 상태: PID [94527] / PORT UP
[2026-08-04 18:35:01]   - [8402_bot] 상태: PID [94525]
[2026-08-04 18:35:01]   - [8403_ui] 상태: PID [19251] / PORT UP
[2026-08-04 18:35:01]   - [8403_bot] 상태: PID [19247]
[2026-08-04 18:35:01]   - [8404_ui] 상태: PID [28695] / PORT UP
[2026-08-04 18:35:01]   - [8404_bot] 상태: PID [28693]
[2026-08-04 18:35:01]   - [8405_ui] 상태: PID [19910] / PORT UP
[2026-08-04 18:35:01]   - [8405_bot] 상태: PID [29992]
[2026-08-04 18:35:01]   - [8407_ui] 상태: PID [29408] / PORT UP
[2026-08-04 18:35:01]   - [8407_bot] 상태: PID [30593]
[2026-08-04 18:35:01]   - [8408_ui] 상태: PID [20589] / PORT UP
[2026-08-04 18:35:01]   - [8408_bot] 상태: PID [20587]
[2026-08-04 18:35:01]   - [8409_ui] 상태: PID [29571] / PORT UP
[2026-08-04 18:35:01]   - [8409_bot] 상태: PID [29569]
[2026-08-09 14:53:24] 🚀 watchdog 시작 — 감시 대상 총 17개 (8888 + 8개 봇 쌍), 주기 300초 (5분) · 수익성 점검 60분 주기
[2026-08-09 14:53:24] 🚀 watchdog 시작 — 감시 대상 총 17개 (8888 + 8개 봇 쌍), 주기 300초 (5분) · 수익성 점검 60분 주기
[2026-08-09 14:53:24] 🩺 수익성 점검 실행 — [2026-08-09 14:53:24] [8402] 해당 조치 없음 | [2026-08-09 14:53:24] [8402] 진단 리포트 발송 완료 | [2026-08-09 14:53:24] 수익성 점검 종료
[2026-08-09 14:53:24] 🩺 수익성 점검 실행 — [2026-08-09 14:53:24] [8402] 해당 조치 없음 | [2026-08-09 14:53:24] [8402] 진단 리포트 발송 완료 | [2026-08-09 14:53:24] 수익성 점검 종료
[2026-08-09 14:54:06] 🚀 watchdog 시작 — 감시 대상 총 17개 (8888 + 8개 봇 쌍), 주기 300초 (5분) · 수익성 점검 60분 주기
[2026-08-09 14:54:07] 🩺 수익성 점검 실행 — [2026-08-09 14:54:06] [8402] 해당 조치 없음 | [2026-08-09 14:54:07] [8402] 진단 리포트 발송 완료 | [2026-08-09 14:54:07] 수익성 점검 종료
[2026-08-09 15:54:17] 🩺 수익성 점검 실행 — [2026-08-09 15:54:17] [8402] 진단 리포트 발송 완료 | [2026-08-09 15:54:17] [8407] 일평균 -1.68% 이나 표본 미달로 보류 — 설정변경 0.9h 전 < 12.0h | [2026-08-09 15:54:17] 수익성 점검 종료
[2026-08-09 16:54:23] 🩺 수익성 점검 실행 — [2026-08-09 16:54:23] [8402] 진단 리포트 발송 완료 | [2026-08-09 16:54:23] [8407] 일평균 -1.59% 이나 표본 미달로 보류 — 설정변경 0.5h 전 < 12.0h | [2026-08-09 16:54:23] 수익성 점검 종료
[2026-08-09 17:54:37] 🩺 수익성 점검 실행 — [2026-08-09 17:54:37] [8402] 진단 리포트 발송 완료 | [2026-08-09 17:54:37] [8407] 일평균 -1.57% 이나 표본 미달로 보류 — 설정변경 1.5h 전 < 12.0h | [2026-08-09 17:54:37] 수익성 점검 종료
[2026-08-09 18:54:47] 🩺 수익성 점검 실행 — [2026-08-09 18:54:47] [8402] 진단 리포트 발송 완료 | [2026-08-09 18:54:47] [8407] 일평균 -2.97% 이나 표본 미달로 보류 — 설정변경 2.5h 전 < 12.0h | [2026-08-09 18:54:47] 수익성 점검 종료
[2026-08-09 19:54:56] 🩺 수익성 점검 실행 — [2026-08-09 19:54:56] [8402] 진단 리포트 발송 완료 | [2026-08-09 19:54:56] [8407] 일평균 -2.95% 이나 표본 미달로 보류 — 설정변경 3.5h 전 < 12.0h | [2026-08-09 19:54:56] 수익성 점검 종료
[2026-08-09 20:55:15] 🩺 수익성 점검 실행 — [2026-08-09 20:55:15] [8402] 진단 리포트 발송 완료 | [2026-08-09 20:55:15] [8407] 일평균 -2.92% 이나 표본 미달로 보류 — 설정변경 4.5h 전 < 12.0h | [2026-08-09 20:55:15] 수익성 점검 종료
[2026-08-09 21:55:29] 🩺 수익성 점검 실행 — [2026-08-09 21:55:29] [8402] 일평균 -1.25% 이나 표본 미달로 보류 — 설정변경 1.0h 전 < 12.0h | [2026-08-09 21:55:29] [8407] 일평균 -2.89% 이나 표본 미달로 보류 — 설정변경 0.7h 전 < 12.0h | [2026-08-09 21:55:29] 수익성 점검 종료
[2026-08-09 22:55:39] 🩺 수익성 점검 실행 — [2026-08-09 22:55:39] [8402] 일평균 -1.24% 이나 표본 미달로 보류 — 설정변경 2.0h 전 < 12.0h | [2026-08-09 22:55:39] [8407] 일평균 -2.86% 이나 표본 미달로 보류 — 설정변경 1.7h 전 < 12.0h | [2026-08-09 22:55:39] 수익성 점검 종료
[2026-08-09 23:55:50] 🩺 수익성 점검 실행 — [2026-08-09 23:55:50] [8404] 일평균 -1.74% 이나 표본 미달로 보류 — 설정변경 0.8h 전 < 12.0h | [2026-08-09 23:55:50] [8407] 일평균 -2.83% 이나 표본 미달로 보류 — 설정변경 2.7h 전 < 12.0h | [2026-08-09 23:55:50] 수익성 점검 종료
[2026-08-10 00:55:58] 🩺 수익성 점검 실행 — [2026-08-10 00:55:58] [8404] 일평균 -1.73% 이나 표본 미달로 보류 — 설정변경 1.8h 전 < 12.0h | [2026-08-10 00:55:58] [8407] 일평균 -2.81% 이나 표본 미달로 보류 — 설정변경 3.7h 전 < 12.0h | [2026-08-10 00:55:58] 수익성 점검 종료
[2026-08-10 01:56:09] 🩺 수익성 점검 실행 — [2026-08-10 01:56:09] [8404] 일평균 -1.79% 이나 표본 미달로 보류 — 설정변경 0.7h 전 < 12.0h | [2026-08-10 01:56:09] [8407] 일평균 -2.78% 이나 표본 미달로 보류 — 설정변경 4.7h 전 < 12.0h | [2026-08-10 01:56:09] 수익성 점검 종료
[2026-08-10 02:56:18] 🩺 수익성 점검 실행 — [2026-08-10 02:56:18] [8404] 일평균 -1.78% 이나 표본 미달로 보류 — 설정변경 1.7h 전 < 12.0h | [2026-08-10 02:56:18] [8407] 일평균 -2.75% 이나 표본 미달로 보류 — 설정변경 5.7h 전 < 12.0h | [2026-08-10 02:56:18] 수익성 점검 종료
[2026-08-10 03:56:27] 🩺 수익성 점검 실행 — [2026-08-10 03:56:27] [8404] 일평균 -1.77% 이나 표본 미달로 보류 — 설정변경 2.7h 전 < 12.0h | [2026-08-10 03:56:27] [8407] 일평균 -2.73% 이나 표본 미달로 보류 — 설정변경 6.7h 전 < 12.0h | [2026-08-10 03:56:27] 수익성 점검 종료
[2026-08-10 04:56:33] 🩺 수익성 점검 실행 — [2026-08-10 04:56:33] [8404] 일평균 -1.76% 이나 표본 미달로 보류 — 설정변경 3.7h 전 < 12.0h | [2026-08-10 04:56:33] [8407] 일평균 -2.70% 이나 표본 미달로 보류 — 설정변경 7.7h 전 < 12.0h | [2026-08-10 04:56:33] 수익성 점검 종료
[2026-08-10 05:56:44] 🩺 수익성 점검 실행 — [2026-08-10 05:56:44] [8404] 일평균 -1.74% 이나 표본 미달로 보류 — 설정변경 4.7h 전 < 12.0h | [2026-08-10 05:56:44] [8407] 일평균 -2.68% 이나 표본 미달로 보류 — 설정변경 8.7h 전 < 12.0h | [2026-08-10 05:56:44] 수익성 점검 종료
[2026-08-10 06:56:52] 🩺 수익성 점검 실행 — [2026-08-10 06:56:52] [8404] 일평균 -1.73% 이나 표본 미달로 보류 — 설정변경 5.7h 전 < 12.0h | [2026-08-10 06:56:52] [8407] 일평균 -2.66% 이나 표본 미달로 보류 — 설정변경 9.7h 전 < 12.0h | [2026-08-10 06:56:52] 수익성 점검 종료
[2026-08-10 07:57:01] 🩺 수익성 점검 실행 — [2026-08-10 07:57:01] [8404] 일평균 -1.62% 이나 표본 미달로 보류 — 설정변경 6.7h 전 < 12.0h | [2026-08-10 07:57:01] [8407] 일평균 -2.63% 이나 표본 미달로 보류 — 설정변경 10.7h 전 < 12.0h | [2026-08-10 07:57:01] 수익성 점검 종료
[2026-08-10 08:57:11] 🩺 수익성 점검 실행 — [2026-08-10 08:57:11] [8404] 일평균 -1.59% 이나 표본 미달로 보류 — 설정변경 7.7h 전 < 12.0h | [2026-08-10 08:57:11] [8407] 일평균 -2.61% 이나 표본 미달로 보류 — 설정변경 11.7h 전 < 12.0h | [2026-08-10 08:57:11] 수익성 점검 종료
[2026-08-10 09:57:33] 🩺 수익성 점검 실행 — [2026-08-10 09:57:33] [8407] 진단 리포트 발송 완료 | [2026-08-10 09:57:33] [8409] 일평균 -1.23% 이나 표본 미달로 보류 — 경과 1.5일 < 2.0 | [2026-08-10 09:57:33] 수익성 점검 종료
[2026-08-10 10:58:35] 🩺 수익성 점검 실행 — [2026-08-10 10:58:35] [8407] 일평균 -2.56% 이나 표본 미달로 보류 — 설정변경 1.0h 전 < 12.0h | [2026-08-10 10:58:35] [8409] 일평균 -2.18% 이나 표본 미달로 보류 — 경과 1.6일 < 2.0 | [2026-08-10 10:58:35] 수익성 점검 종료
[2026-08-10 11:58:43] 🩺 수익성 점검 실행 — [2026-08-10 11:58:43] [8407] 일평균 -2.18% 이나 표본 미달로 보류 — 설정변경 2.0h 전 < 12.0h | [2026-08-10 11:58:43] [8409] 일평균 -3.03% 이나 표본 미달로 보류 — 경과 1.6일 < 2.0 | [2026-08-10 11:58:43] 수익성 점검 종료
[2026-08-10 12:58:52] 🩺 수익성 점검 실행 — [2026-08-10 12:58:52] [8407] 일평균 -2.17% 이나 표본 미달로 보류 — 설정변경 3.0h 전 < 12.0h | [2026-08-10 12:58:52] [8409] 일평균 -2.11% 이나 표본 미달로 보류 — 경과 1.6일 < 2.0 | [2026-08-10 12:58:52] 수익성 점검 종료
[2026-08-10 13:59:03] 🩺 수익성 점검 실행 — [2026-08-10 13:59:03] [8407] 일평균 -2.15% 이나 표본 미달로 보류 — 설정변경 4.0h 전 < 12.0h | [2026-08-10 13:59:03] [8409] 일평균 -2.06% 이나 표본 미달로 보류 — 경과 1.7일 < 2.0 | [2026-08-10 13:59:03] 수익성 점검 종료
[2026-08-10 14:59:14] 🩺 수익성 점검 실행 — [2026-08-10 14:59:14] [8407] 일평균 -2.13% 이나 표본 미달로 보류 — 설정변경 5.0h 전 < 12.0h | [2026-08-10 14:59:14] [8409] 일평균 -2.01% 이나 표본 미달로 보류 — 경과 1.7일 < 2.0 | [2026-08-10 14:59:14] 수익성 점검 종료
[2026-08-10 16:00:47] 🩺 수익성 점검 실행 — [2026-08-10 16:00:47] [8407] 일평균 -2.11% 이나 표본 미달로 보류 — 설정변경 0.8h 전 < 12.0h | [2026-08-10 16:00:47] [8409] 일평균 -2.88% 이나 표본 미달로 보류 — 경과 1.8일 < 2.0, 설정변경 0.8h 전 < 12.0h | [2026-08-10 16:00:47] 수익성 점검 종료
[2026-08-10 17:00:56] 🩺 수익성 점검 실행 — [2026-08-10 17:00:56] [8407] 일평균 -2.09% 이나 표본 미달로 보류 — 설정변경 1.8h 전 < 12.0h | [2026-08-10 17:00:56] [8409] 일평균 -2.81% 이나 표본 미달로 보류 — 경과 1.8일 < 2.0, 설정변경 1.8h 전 < 12.0h | [2026-08-10 17:00:56] 수익성 점검 종료
[2026-08-10 18:01:05] 🩺 수익성 점검 실행 — [2026-08-10 18:01:05] [8407] 일평균 -2.08% 이나 표본 미달로 보류 — 설정변경 2.8h 전 < 12.0h | [2026-08-10 18:01:05] [8409] 일평균 -2.75% 이나 표본 미달로 보류 — 경과 1.8일 < 2.0, 설정변경 2.8h 전 < 12.0h | [2026-08-10 18:01:05] 수익성 점검 종료
[2026-08-10 19:01:14] 🩺 수익성 점검 실행 — [2026-08-10 19:01:14] [8407] 일평균 -2.06% 이나 표본 미달로 보류 — 설정변경 3.8h 전 < 12.0h | [2026-08-10 19:01:14] [8409] 일평균 -2.69% 이나 표본 미달로 보류 — 경과 1.9일 < 2.0, 설정변경 3.8h 전 < 12.0h | [2026-08-10 19:01:14] 수익성 점검 종료
[2026-08-10 20:01:22] 🩺 수익성 점검 실행 — [2026-08-10 20:01:22] [8407] 일평균 -2.04% 이나 표본 미달로 보류 — 설정변경 4.8h 전 < 12.0h | [2026-08-10 20:01:22] [8409] 일평균 -2.63% 이나 표본 미달로 보류 — 경과 1.9일 < 2.0, 설정변경 4.8h 전 < 12.0h | [2026-08-10 20:01:22] 수익성 점검 종료
[2026-08-10 21:01:31] 🩺 수익성 점검 실행 — [2026-08-10 21:01:31] [8407] 일평균 -2.03% 이나 표본 미달로 보류 — 설정변경 5.8h 전 < 12.0h | [2026-08-10 21:01:31] [8409] 일평균 -2.57% 이나 표본 미달로 보류 — 경과 2.0일 < 2.0, 설정변경 5.8h 전 < 12.0h | [2026-08-10 21:01:31] 수익성 점검 종료
[2026-08-10 22:01:37] 🩺 수익성 점검 실행 — [2026-08-10 22:01:37] [8407] 일평균 -2.01% 이나 표본 미달로 보류 — 설정변경 6.8h 전 < 12.0h | [2026-08-10 22:01:37] [8409] 일평균 -2.52% 이나 표본 미달로 보류 — 설정변경 6.8h 전 < 12.0h | [2026-08-10 22:01:37] 수익성 점검 종료
[2026-08-10 23:01:49] 🩺 수익성 점검 실행 — [2026-08-10 23:01:49] [8407] 일평균 -2.00% 이나 표본 미달로 보류 — 설정변경 7.8h 전 < 12.0h | [2026-08-10 23:01:49] [8409] 일평균 -2.47% 이나 표본 미달로 보류 — 설정변경 7.8h 전 < 12.0h | [2026-08-10 23:01:49] 수익성 점검 종료
[2026-08-11 00:01:58] 🩺 수익성 점검 실행 — [2026-08-11 00:01:58] [8407] 일평균 -1.98% 이나 표본 미달로 보류 — 설정변경 8.8h 전 < 12.0h | [2026-08-11 00:01:58] [8409] 일평균 -2.42% 이나 표본 미달로 보류 — 설정변경 8.8h 전 < 12.0h | [2026-08-11 00:01:58] 수익성 점검 종료
[2026-08-11 01:02:07] 🩺 수익성 점검 실행 — [2026-08-11 01:02:07] [8402] 일평균 -1.18% 이나 표본 미달로 보류 — 설정변경 9.8h 전 < 12.0h | [2026-08-11 01:02:07] [8404] 일평균 -1.56% 이나 표본 미달로 보류 — 설정변경 9.8h 전 < 12.0h | [2026-08-11 01:02:07] 수익성 점검 종료
[2026-08-11 02:02:16] 🩺 수익성 점검 실행 — [2026-08-11 02:02:16] [8402] 일평균 -1.17% 이나 표본 미달로 보류 — 설정변경 10.8h 전 < 12.0h | [2026-08-11 02:02:16] [8404] 일평균 -1.55% 이나 표본 미달로 보류 — 설정변경 10.8h 전 < 12.0h | [2026-08-11 02:02:16] 수익성 점검 종료
[2026-08-11 03:02:25] 🩺 수익성 점검 실행 — [2026-08-11 03:02:25] [8402] 일평균 -1.16% 이나 표본 미달로 보류 — 설정변경 11.8h 전 < 12.0h | [2026-08-11 03:02:25] [8404] 일평균 -1.54% 이나 표본 미달로 보류 — 설정변경 11.8h 전 < 12.0h | [2026-08-11 03:02:25] 수익성 점검 종료
[2026-08-11 04:02:47] 🩺 수익성 점검 실행 —  | [2026-08-11 04:02:47] [8404] 진단 리포트 발송 완료 | [2026-08-11 04:02:47] 수익성 점검 종료
[2026-08-11 05:02:57] 🩺 수익성 점검 실행 — [2026-08-11 05:02:57] [8402] 진단 리포트 발송 완료 | [2026-08-11 05:02:57] [8404] 일평균 -1.52% 이나 표본 미달로 보류 — 설정변경 1.0h 전 < 12.0h | [2026-08-11 05:02:57] 수익성 점검 종료
[2026-08-11 06:03:07] 🩺 수익성 점검 실행 — [2026-08-11 06:03:07] [8402] 진단 리포트 발송 완료 | [2026-08-11 06:03:07] [8404] 일평균 -1.51% 이나 표본 미달로 보류 — 설정변경 2.0h 전 < 12.0h | [2026-08-11 06:03:07] 수익성 점검 종료
[2026-08-11 07:03:16] 🩺 수익성 점검 실행 — [2026-08-11 07:03:16] [8402] 진단 리포트 발송 완료 | [2026-08-11 07:03:16] [8404] 일평균 -1.50% 이나 표본 미달로 보류 — 설정변경 3.0h 전 < 12.0h | [2026-08-11 07:03:16] 수익성 점검 종료
[2026-08-11 08:03:26] 🩺 수익성 점검 실행 — [2026-08-11 08:03:26] [8402] 진단 리포트 발송 완료 | [2026-08-11 08:03:26] [8404] 일평균 -1.50% 이나 표본 미달로 보류 — 설정변경 4.0h 전 < 12.0h | [2026-08-11 08:03:26] 수익성 점검 종료
[2026-08-11 09:03:36] 🩺 수익성 점검 실행 — [2026-08-11 09:03:36] [8402] 진단 리포트 발송 완료 | [2026-08-11 09:03:36] [8404] 일평균 -1.49% 이나 표본 미달로 보류 — 설정변경 5.0h 전 < 12.0h | [2026-08-11 09:03:36] 수익성 점검 종료
[2026-08-11 10:03:58] 🩺 수익성 점검 실행 — [2026-08-11 10:03:57] [8402] 진단 리포트 발송 완료 | [2026-08-11 10:03:57] [8404] 일평균 -1.48% 이나 표본 미달로 보류 — 설정변경 6.0h 전 < 12.0h | [2026-08-11 10:03:57] 수익성 점검 종료
[2026-08-11 11:04:06] 🩺 수익성 점검 실행 — [2026-08-11 11:04:06] [8402] 진단 리포트 발송 완료 | [2026-08-11 11:04:06] [8404] 일평균 -1.47% 이나 표본 미달로 보류 — 설정변경 7.0h 전 < 12.0h | [2026-08-11 11:04:06] 수익성 점검 종료
[2026-08-11 12:04:16] 🩺 수익성 점검 실행 — [2026-08-11 12:04:16] [8402] 진단 리포트 발송 완료 | [2026-08-11 12:04:16] [8404] 일평균 -1.46% 이나 표본 미달로 보류 — 설정변경 8.0h 전 < 12.0h | [2026-08-11 12:04:16] 수익성 점검 종료
[2026-08-11 13:04:27] 🩺 수익성 점검 실행 — [2026-08-11 13:04:27] [8402] 일평균 -1.20% 이나 표본 미달로 보류 — 설정변경 0.0h 전 < 12.0h | [2026-08-11 13:04:27] [8404] 일평균 -1.94% 이나 표본 미달로 보류 — 설정변경 0.0h 전 < 12.0h | [2026-08-11 13:04:27] 수익성 점검 종료
[2026-08-11 13:11:55] 🚀 watchdog 시작 — 감시 대상 총 9개 (8888 + 8개 봇 쌍), 주기 300초 (5분) · 수익성 점검 60분 주기
[2026-08-11 13:11:56] 🩺 수익성 점검 실행 — [2026-08-11 13:11:56] [8409] 설정 변경 감지 4건 → 알림 발송 | [2026-08-11 13:11:56] [8409] 일평균 -1.47% 이나 표본 미달로 보류 — 설정변경 0.1h 전 < 12.0h | [2026-08-11 13:11:56] 수익성 점검 종료
[2026-08-11 13:26:58] ⚠️ [8888_app] 중복 실행 감지 (2개 PID: [4491, 88881]) -> 전체 종료 후 단일 클린 재기동
[2026-08-11 13:26:58] 🛑 [8888_app] PID 4491 종료 완료
[2026-08-11 13:26:58] 🛑 [8888_app] PID 88881 종료 완료
[2026-08-11 13:27:01] ⏳ 신규 기동 타겟 안정화 대기 (15초)...
[2026-08-11 13:27:16]   - [8888_app] 상태: PID [88910] / PORT UP
[2026-08-11 13:27:16]   - [8401_ui] 상태: PID [45090] / PORT UP
[2026-08-11 13:27:16]   - [8401_bot] 상태: PID [45088]
[2026-08-11 13:27:16]   - [8403_ui] 상태: PID [45596] / PORT UP
[2026-08-11 13:27:16]   - [8403_bot] 상태: PID [45594]
[2026-08-11 13:27:16]   - [8408_ui] 상태: PID [46586] / PORT UP
[2026-08-11 13:27:16]   - [8408_bot] 상태: PID [46584]
[2026-08-11 13:27:16]   - [8409_ui] 상태: PID [46855] / PORT UP
[2026-08-11 13:27:16]   - [8409_bot] 상태: PID [46853]
[2026-08-11 14:12:21] 🩺 수익성 점검 실행 — [2026-08-11 14:12:21] [8403] 설정 변경 감지 1건 → 알림 발송 | [2026-08-11 14:12:21] [8408] 설정 변경 감지 1건 → 알림 발송 | [2026-08-11 14:12:21] 수익성 점검 종료
[2026-08-11 15:45:06] 🚀 watchdog 시작 — 감시 대상 총 9개 (8888 + 봇 쌍), 주기 300초 (5분) · 수익성 점검 60분 주기 · 조건 감시 매 주기
[2026-08-11 15:45:08] 🩺 수익성 점검 실행 — [2026-08-11 15:45:08] [8408] 설정 변경 감지 1건 → 알림 발송 | [2026-08-11 15:45:08] [8409] 설정 변경 감지 1건 → 알림 발송 | [2026-08-11 15:45:08] 수익성 점검 종료
[2026-08-11 18:18:50] 🚀 watchdog 시작 — 감시 대상 총 9개 (8888 + 봇 쌍), 주기 300초 (5분) · 수익성 점검 60분 주기 · 조건 감시 매 주기
[2026-08-11 18:18:50] 🩺 수익성 점검 실행 — [2026-08-11 18:18:50] KILL_SWITCH 감지 — 진단·알림만 수행하고 조치는 건너뜁니다 | [2026-08-11 18:18:50] 수익성 점검 시작 (dry_run=False, kill_switch=True) | [2026-08-11 18:18:50] 수익성 점검 종료
[2026-08-11 19:18:56] 🩺 수익성 점검 실행 — [2026-08-11 19:18:56] [8408] 설정 변경 감지 1건 → 알림 발송 | [2026-08-11 19:18:56] [8409] 설정 변경 감지 1건 → 알림 발송 | [2026-08-11 19:18:56] 수익성 점검 종료
[2026-08-11 20:19:01] 🩺 수익성 점검 실행 — [2026-08-11 20:19:00] 수익성 점검 시작 (dry_run=False, kill_switch=True) | [2026-08-11 20:19:01] [8401] 설정 변경 감지 2건 → 알림 발송 | [2026-08-11 20:19:01] 수익성 점검 종료
[2026-08-11 21:19:05] 🩺 수익성 점검 실행 — [2026-08-11 21:19:05] KILL_SWITCH 감지 — 진단·알림만 수행하고 조치는 건너뜁니다 | [2026-08-11 21:19:05] 수익성 점검 시작 (dry_run=False, kill_switch=True) | [2026-08-11 21:19:05] 수익성 점검 종료
[2026-08-11 22:19:09] 🩺 수익성 점검 실행 — [2026-08-11 22:19:09] KILL_SWITCH 감지 — 진단·알림만 수행하고 조치는 건너뜁니다 | [2026-08-11 22:19:09] 수익성 점검 시작 (dry_run=False, kill_switch=True) | [2026-08-11 22:19:09] 수익성 점검 종료
[2026-08-11 23:19:11] 🩺 수익성 점검 실행 — [2026-08-11 23:19:11] KILL_SWITCH 감지 — 진단·알림만 수행하고 조치는 건너뜁니다 | [2026-08-11 23:19:11] 수익성 점검 시작 (dry_run=False, kill_switch=True) | [2026-08-11 23:19:11] 수익성 점검 종료
[2026-08-12 00:19:18] 🩺 수익성 점검 실행 — [2026-08-12 00:19:18] KILL_SWITCH 감지 — 진단·알림만 수행하고 조치는 건너뜁니다 | [2026-08-12 00:19:18] 수익성 점검 시작 (dry_run=False, kill_switch=True) | [2026-08-12 00:19:18] 수익성 점검 종료
[2026-08-12 01:19:20] 🩺 수익성 점검 실행 — [2026-08-12 01:19:20] [8408] 일평균 -2.29% 이나 표본 미달로 보류 — 거래 1건 < 20, 경과 0.3일 < 2.0, 설정변경 0.8h 전 < 12.0h | [2026-08-12 01:19:20] [8409] 일평균 -2.30% 이나 표본 미달로 보류 — 거래 1건 < 20, 경과 0.3일 < 2.0, 설정변경 0.8h 전 < 12.0h | [2026-08-12 01:19:20] 수익성 점검 종료
[2026-08-12 02:19:26] 🩺 수익성 점검 실행 — [2026-08-12 02:19:26] [8408] 일평균 -2.29% 이나 표본 미달로 보류 — 거래 1건 < 20, 경과 0.3일 < 2.0, 설정변경 1.8h 전 < 12.0h | [2026-08-12 02:19:26] [8409] 일평균 -2.30% 이나 표본 미달로 보류 — 거래 1건 < 20, 경과 0.3일 < 2.0, 설정변경 1.8h 전 < 12.0h | [2026-08-12 02:19:26] 수익성 점검 종료
[2026-08-12 03:19:30] 🩺 수익성 점검 실행 — [2026-08-12 03:19:30] [8408] 일평균 -2.29% 이나 표본 미달로 보류 — 거래 1건 < 20, 경과 0.4일 < 2.0, 설정변경 2.8h 전 < 12.0h | [2026-08-12 03:19:30] [8409] 일평균 -2.30% 이나 표본 미달로 보류 — 거래 1건 < 20, 경과 0.4일 < 2.0, 설정변경 2.8h 전 < 12.0h | [2026-08-12 03:19:30] 수익성 점검 종료
[2026-08-12 04:19:34] 🩺 수익성 점검 실행 — [2026-08-12 04:19:34] KILL_SWITCH 감지 — 진단·알림만 수행하고 조치는 건너뜁니다 | [2026-08-12 04:19:34] 수익성 점검 시작 (dry_run=False, kill_switch=True) | [2026-08-12 04:19:34] 수익성 점검 종료
[2026-08-12 05:19:39] 🩺 수익성 점검 실행 — [2026-08-12 05:19:39] KILL_SWITCH 감지 — 진단·알림만 수행하고 조치는 건너뜁니다 | [2026-08-12 05:19:39] 수익성 점검 시작 (dry_run=False, kill_switch=True) | [2026-08-12 05:19:39] 수익성 점검 종료
[2026-08-12 06:19:43] 🩺 수익성 점검 실행 — [2026-08-12 06:19:43] [8401] 일평균 -46.29% 이나 표본 미달로 보류 — 거래 4건 < 20, 경과 0.5일 < 2.0, 설정변경 5.8h 전 < 12.0h | [2026-08-12 06:19:43] [8403] 일평균 -1.21% 이나 표본 미달로 보류 — 거래 9건 < 20, 경과 0.5일 < 2.0, 설정변경 5.8h 전 < 12.0h | [2026-08-12 06:19:43] 수익성 점검 종료
[2026-08-12 07:19:47] 🩺 수익성 점검 실행 — [2026-08-12 07:19:47] 수익성 점검 시작 (dry_run=False, kill_switch=True) | [2026-08-12 07:19:47] [8403] 일평균 -1.21% 이나 표본 미달로 보류 — 거래 9건 < 20, 경과 0.5일 < 2.0, 설정변경 6.8h 전 < 12.0h | [2026-08-12 07:19:47] 수익성 점검 종료
[2026-08-12 08:19:51] 🩺 수익성 점검 실행 — [2026-08-12 08:19:51] 수익성 점검 시작 (dry_run=False, kill_switch=True) | [2026-08-12 08:19:51] [8403] 일평균 -1.70% 이나 표본 미달로 보류 — 거래 10건 < 20, 경과 0.6일 < 2.0, 설정변경 7.8h 전 < 12.0h | [2026-08-12 08:19:51] 수익성 점검 종료
[2026-08-12 09:19:56] 🩺 수익성 점검 실행 — [2026-08-12 09:19:56] 수익성 점검 시작 (dry_run=False, kill_switch=True) | [2026-08-12 09:19:56] [8403] 일평균 -2.24% 이나 표본 미달로 보류 — 거래 11건 < 20, 경과 0.6일 < 2.0, 설정변경 0.2h 전 < 12.0h | [2026-08-12 09:19:56] 수익성 점검 종료
[2026-08-12 10:20:00] 🩺 수익성 점검 실행 — [2026-08-12 10:20:00] 수익성 점검 시작 (dry_run=False, kill_switch=True) | [2026-08-12 10:20:00] [8403] 일평균 -2.68% 이나 표본 미달로 보류 — 거래 12건 < 20, 경과 0.6일 < 2.0, 설정변경 1.2h 전 < 12.0h | [2026-08-12 10:20:00] 수익성 점검 종료
[2026-08-12 11:20:04] 🩺 수익성 점검 실행 — [2026-08-12 11:20:04] 수익성 점검 시작 (dry_run=False, kill_switch=True) | [2026-08-12 11:20:04] [8403] 일평균 -2.68% 이나 표본 미달로 보류 — 거래 12건 < 20, 경과 0.7일 < 2.0, 설정변경 2.2h 전 < 12.0h | [2026-08-12 11:20:04] 수익성 점검 종료
[2026-08-12 12:20:09] 🩺 수익성 점검 실행 — [2026-08-12 12:20:09] 수익성 점검 시작 (dry_run=False, kill_switch=True) | [2026-08-12 12:20:09] [8403] 일평균 -2.68% 이나 표본 미달로 보류 — 거래 12건 < 20, 경과 0.7일 < 2.0, 설정변경 3.2h 전 < 12.0h | [2026-08-12 12:20:09] 수익성 점검 종료
[2026-08-12 13:20:13] 🩺 수익성 점검 실행 — [2026-08-12 13:20:13] 수익성 점검 시작 (dry_run=False, kill_switch=True) | [2026-08-12 13:20:13] [8403] 일평균 -2.68% 이나 표본 미달로 보류 — 거래 12건 < 20, 경과 0.8일 < 2.0, 설정변경 4.2h 전 < 12.0h | [2026-08-12 13:20:13] 수익성 점검 종료
[2026-08-12 14:20:18] 🩺 수익성 점검 실행 — [2026-08-12 14:20:18] KILL_SWITCH 감지 — 진단·알림만 수행하고 조치는 건너뜁니다 | [2026-08-12 14:20:18] 수익성 점검 시작 (dry_run=False, kill_switch=True) | [2026-08-12 14:20:18] 수익성 점검 종료
[2026-08-12 15:20:22] 🩺 수익성 점검 실행 — [2026-08-12 15:20:22] KILL_SWITCH 감지 — 진단·알림만 수행하고 조치는 건너뜁니다 | [2026-08-12 15:20:22] 수익성 점검 시작 (dry_run=False, kill_switch=True) | [2026-08-12 15:20:22] 수익성 점검 종료
[2026-08-12 16:20:25] 🩺 수익성 점검 실행 — [2026-08-12 16:20:25] KILL_SWITCH 감지 — 진단·알림만 수행하고 조치는 건너뜁니다 | [2026-08-12 16:20:25] 수익성 점검 시작 (dry_run=False, kill_switch=True) | [2026-08-12 16:20:25] 수익성 점검 종료
[2026-08-12 17:20:29] 🩺 수익성 점검 실행 — [2026-08-12 17:20:29] KILL_SWITCH 감지 — 진단·알림만 수행하고 조치는 건너뜁니다 | [2026-08-12 17:20:29] 수익성 점검 시작 (dry_run=False, kill_switch=True) | [2026-08-12 17:20:29] 수익성 점검 종료
[2026-08-12 18:20:36] 🩺 수익성 점검 실행 — [2026-08-12 18:20:36] KILL_SWITCH 감지 — 진단·알림만 수행하고 조치는 건너뜁니다 | [2026-08-12 18:20:36] 수익성 점검 시작 (dry_run=False, kill_switch=True) | [2026-08-12 18:20:36] 수익성 점검 종료
[2026-08-12 19:20:41] 🩺 수익성 점검 실행 — [2026-08-12 19:20:41] KILL_SWITCH 감지 — 진단·알림만 수행하고 조치는 건너뜁니다 | [2026-08-12 19:20:41] 수익성 점검 시작 (dry_run=False, kill_switch=True) | [2026-08-12 19:20:41] 수익성 점검 종료
[2026-08-12 20:20:46] 🩺 수익성 점검 실행 — [2026-08-12 20:20:46] KILL_SWITCH 감지 — 진단·알림만 수행하고 조치는 건너뜁니다 | [2026-08-12 20:20:46] 수익성 점검 시작 (dry_run=False, kill_switch=True) | [2026-08-12 20:20:46] 수익성 점검 종료
[2026-08-12 21:20:47] 🩺 수익성 점검 실행 — [2026-08-12 21:20:47] KILL_SWITCH 감지 — 진단·알림만 수행하고 조치는 건너뜁니다 | [2026-08-12 21:20:47] 수익성 점검 시작 (dry_run=False, kill_switch=True) | [2026-08-12 21:20:47] 수익성 점검 종료
[2026-08-12 22:20:54] 🩺 수익성 점검 실행 — [2026-08-12 22:20:54] KILL_SWITCH 감지 — 진단·알림만 수행하고 조치는 건너뜁니다 | [2026-08-12 22:20:54] 수익성 점검 시작 (dry_run=False, kill_switch=True) | [2026-08-12 22:20:54] 수익성 점검 종료
[2026-08-12 23:21:01] 🩺 수익성 점검 실행 — [2026-08-12 23:21:01] KILL_SWITCH 감지 — 진단·알림만 수행하고 조치는 건너뜁니다 | [2026-08-12 23:21:01] 수익성 점검 시작 (dry_run=False, kill_switch=True) | [2026-08-12 23:21:01] 수익성 점검 종료
[2026-08-13 00:21:03] 🩺 수익성 점검 실행 — [2026-08-13 00:21:03] KILL_SWITCH 감지 — 진단·알림만 수행하고 조치는 건너뜁니다 | [2026-08-13 00:21:03] 수익성 점검 시작 (dry_run=False, kill_switch=True) | [2026-08-13 00:21:03] 수익성 점검 종료
[2026-08-13 01:21:10] 🩺 수익성 점검 실행 — [2026-08-13 01:21:10] KILL_SWITCH 감지 — 진단·알림만 수행하고 조치는 건너뜁니다 | [2026-08-13 01:21:10] 수익성 점검 시작 (dry_run=False, kill_switch=True) | [2026-08-13 01:21:10] 수익성 점검 종료
[2026-08-13 02:21:14] 🩺 수익성 점검 실행 — [2026-08-13 02:21:14] KILL_SWITCH 감지 — 진단·알림만 수행하고 조치는 건너뜁니다 | [2026-08-13 02:21:14] 수익성 점검 시작 (dry_run=False, kill_switch=True) | [2026-08-13 02:21:14] 수익성 점검 종료
[2026-08-13 03:21:18] 🩺 수익성 점검 실행 — [2026-08-13 03:21:18] KILL_SWITCH 감지 — 진단·알림만 수행하고 조치는 건너뜁니다 | [2026-08-13 03:21:18] 수익성 점검 시작 (dry_run=False, kill_switch=True) | [2026-08-13 03:21:18] 수익성 점검 종료
[2026-08-13 04:21:21] 🩺 수익성 점검 실행 — [2026-08-13 04:21:21] KILL_SWITCH 감지 — 진단·알림만 수행하고 조치는 건너뜁니다 | [2026-08-13 04:21:21] 수익성 점검 시작 (dry_run=False, kill_switch=True) | [2026-08-13 04:21:21] 수익성 점검 종료
[2026-08-13 05:21:25] 🩺 수익성 점검 실행 — [2026-08-13 05:21:25] KILL_SWITCH 감지 — 진단·알림만 수행하고 조치는 건너뜁니다 | [2026-08-13 05:21:25] 수익성 점검 시작 (dry_run=False, kill_switch=True) | [2026-08-13 05:21:25] 수익성 점검 종료
[2026-08-13 06:21:31] 🩺 수익성 점검 실행 — [2026-08-13 06:21:31] KILL_SWITCH 감지 — 진단·알림만 수행하고 조치는 건너뜁니다 | [2026-08-13 06:21:31] 수익성 점검 시작 (dry_run=False, kill_switch=True) | [2026-08-13 06:21:31] 수익성 점검 종료
[2026-08-13 07:21:36] 🩺 수익성 점검 실행 — [2026-08-13 07:21:36] KILL_SWITCH 감지 — 진단·알림만 수행하고 조치는 건너뜁니다 | [2026-08-13 07:21:36] 수익성 점검 시작 (dry_run=False, kill_switch=True) | [2026-08-13 07:21:36] 수익성 점검 종료
[2026-08-13 08:21:54] 🩺 수익성 점검 실행 — [2026-08-13 08:21:40] 수익성 점검 시작 (dry_run=False, kill_switch=True) | [2026-08-13 08:21:54] [8403] 일평균 -4.10% 이나 표본 미달로 보류 — 경과 1.6일 < 2.0 | [2026-08-13 08:21:54] 수익성 점검 종료
[2026-08-13 09:22:14] 🩺 수익성 점검 실행 — [2026-08-13 09:21:59] 수익성 점검 시작 (dry_run=False, kill_switch=True) | [2026-08-13 09:22:14] [8403] 일평균 -3.84% 이나 표본 미달로 보류 — 경과 1.6일 < 2.0 | [2026-08-13 09:22:14] 수익성 점검 종료
[2026-08-13 10:22:33] 🩺 수익성 점검 실행 — [2026-08-13 10:22:18] 수익성 점검 시작 (dry_run=False, kill_switch=True) | [2026-08-13 10:22:33] [8403] 일평균 -4.11% 이나 표본 미달로 보류 — 경과 1.7일 < 2.0 | [2026-08-13 10:22:33] 수익성 점검 종료
[2026-08-13 11:22:52] 🩺 수익성 점검 실행 — [2026-08-13 11:22:37] 수익성 점검 시작 (dry_run=False, kill_switch=True) | [2026-08-13 11:22:52] [8403] 일평균 -4.00% 이나 표본 미달로 보류 — 경과 1.7일 < 2.0 | [2026-08-13 11:22:52] 수익성 점검 종료
[2026-08-13 12:23:11] 🩺 수익성 점검 실행 — [2026-08-13 12:22:56] 수익성 점검 시작 (dry_run=False, kill_switch=True) | [2026-08-13 12:23:11] [8403] 일평균 -4.13% 이나 표본 미달로 보류 — 경과 1.7일 < 2.0 | [2026-08-13 12:23:11] 수익성 점검 종료
[2026-08-13 13:23:31] 🩺 수익성 점검 실행 — [2026-08-13 13:23:16] 수익성 점검 시작 (dry_run=False, kill_switch=True) | [2026-08-13 13:23:31] [8403] 일평균 -4.20% 이나 표본 미달로 보류 — 경과 1.8일 < 2.0 | [2026-08-13 13:23:31] 수익성 점검 종료
[2026-08-13 14:23:52] 🩺 수익성 점검 실행 — [2026-08-13 14:23:36] 수익성 점검 시작 (dry_run=False, kill_switch=True) | [2026-08-13 14:23:52] [8403] 일평균 -3.72% 이나 표본 미달로 보류 — 경과 1.8일 < 2.0 | [2026-08-13 14:23:52] 수익성 점검 종료
[2026-08-13 15:24:12] 🩺 수익성 점검 실행 — [2026-08-13 15:23:57] 수익성 점검 시작 (dry_run=False, kill_switch=True) | [2026-08-13 15:24:12] [8403] 일평균 -3.64% 이나 표본 미달로 보류 — 경과 1.9일 < 2.0 | [2026-08-13 15:24:12] 수익성 점검 종료
[2026-08-13 16:24:31] 🩺 수익성 점검 실행 — [2026-08-13 16:24:15] 수익성 점검 시작 (dry_run=False, kill_switch=True) | [2026-08-13 16:24:31] [8403] 일평균 -3.80% 이나 표본 미달로 보류 — 경과 1.9일 < 2.0 | [2026-08-13 16:24:31] 수익성 점검 종료
[2026-08-13 17:24:51] 🩺 수익성 점검 실행 — [2026-08-13 17:24:36] 수익성 점검 시작 (dry_run=False, kill_switch=True) | [2026-08-13 17:24:51] [8403] 일평균 -3.72% 이나 표본 미달로 보류 — 경과 1.9일 < 2.0 | [2026-08-13 17:24:51] 수익성 점검 종료
[2026-08-13 18:25:14] 🩺 수익성 점검 실행 — [2026-08-13 18:24:58] 수익성 점검 시작 (dry_run=False, kill_switch=True) | [2026-08-13 18:25:14] [8403] 일평균 -3.36% 이나 표본 미달로 보류 — 경과 2.0일 < 2.0 | [2026-08-13 18:25:14] 수익성 점검 종료
[2026-08-13 19:25:34] 🩺 수익성 점검 실행 — [2026-08-13 19:25:34] [8403] 발동 — 일평균 -3.29% · 청산 33건 · 경과 2.0일 | [2026-08-13 19:25:34] [8403] 진단 리포트 발송 완료 | [2026-08-13 19:25:34] 수익성 점검 종료
[2026-08-13 20:25:55] 🩺 수익성 점검 실행 — [2026-08-13 20:25:54] [8403] 발동 — 일평균 -3.55% · 청산 34건 · 경과 2.1일 | [2026-08-13 20:25:55] [8403] 진단 리포트 발송 완료 | [2026-08-13 20:25:55] 수익성 점검 종료
[2026-08-13 21:26:13] 🩺 수익성 점검 실행 — [2026-08-13 21:26:12] [8403] 발동 — 일평균 -3.16% · 청산 35건 · 경과 2.1일 | [2026-08-13 21:26:13] [8403] 진단 리포트 발송 완료 | [2026-08-13 21:26:13] 수익성 점검 종료
[2026-08-13 22:26:36] 🩺 수익성 점검 실행 — [2026-08-13 22:26:36] [8403] 발동 — 일평균 -2.77% · 청산 36건 · 경과 2.2일 | [2026-08-13 22:26:36] [8403] 진단 리포트 발송 완료 | [2026-08-13 22:26:36] 수익성 점검 종료
[2026-08-13 23:26:57] 🩺 수익성 점검 실행 — [2026-08-13 23:26:56] [8403] 발동 — 일평균 -2.63% · 청산 37건 · 경과 2.2일 | [2026-08-13 23:26:57] [8403] 진단 리포트 발송 완료 | [2026-08-13 23:26:57] 수익성 점검 종료
[2026-08-14 00:27:18] 🩺 수익성 점검 실행 — [2026-08-14 00:27:17] [8403] 발동 — 일평균 -2.94% · 청산 38건 · 경과 2.2일 | [2026-08-14 00:27:18] [8403] 진단 리포트 발송 완료 | [2026-08-14 00:27:18] 수익성 점검 종료
[2026-08-14 01:27:38] 🩺 수익성 점검 실행 — [2026-08-14 01:27:38] [8403] 발동 — 일평균 -2.91% · 청산 39건 · 경과 2.3일 | [2026-08-14 01:27:38] [8403] 진단 리포트 발송 완료 | [2026-08-14 01:27:38] 수익성 점검 종료
[2026-08-14 02:27:59] 🩺 수익성 점검 실행 — [2026-08-14 02:27:58] [8403] 발동 — 일평균 -2.86% · 청산 39건 · 경과 2.3일 | [2026-08-14 02:27:59] [8403] 진단 리포트 발송 완료 | [2026-08-14 02:27:59] 수익성 점검 종료
[2026-08-14 03:28:17] 🩺 수익성 점검 실행 — [2026-08-14 03:28:16] [8403] 발동 — 일평균 -2.30% · 청산 40건 · 경과 2.4일 | [2026-08-14 03:28:17] [8403] 진단 리포트 발송 완료 | [2026-08-14 03:28:17] 수익성 점검 종료
[2026-08-14 04:28:39] 🩺 수익성 점검 실행 — [2026-08-14 04:28:39] [8403] 발동 — 일평균 -1.83% · 청산 41건 · 경과 2.4일 | [2026-08-14 04:28:39] [8403] 진단 리포트 발송 완료 | [2026-08-14 04:28:39] 수익성 점검 종료
[2026-08-14 05:28:59] 🩺 수익성 점검 실행 — [2026-08-14 05:28:59] [8403] 발동 — 일평균 -2.24% · 청산 42건 · 경과 2.4일 | [2026-08-14 05:28:59] [8403] 진단 리포트 발송 완료 | [2026-08-14 05:28:59] 수익성 점검 종료
[2026-08-14 06:29:20] 🩺 수익성 점검 실행 — [2026-08-14 06:29:20] [8403] 발동 — 일평균 -2.20% · 청산 42건 · 경과 2.5일 | [2026-08-14 06:29:20] [8403] 진단 리포트 발송 완료 | [2026-08-14 06:29:20] 수익성 점검 종료
[2026-08-14 07:29:41] 🩺 수익성 점검 실행 — [2026-08-14 07:29:40] [8403] 발동 — 일평균 -2.34% · 청산 43건 · 경과 2.5일 | [2026-08-14 07:29:41] [8403] 진단 리포트 발송 완료 | [2026-08-14 07:29:41] 수익성 점검 종료
[2026-08-14 08:30:02] 🩺 수익성 점검 실행 — [2026-08-14 08:30:01] [8403] 발동 — 일평균 -2.30% · 청산 43건 · 경과 2.6일 | [2026-08-14 08:30:02] [8403] 진단 리포트 발송 완료 | [2026-08-14 08:30:02] 수익성 점검 종료
[2026-08-14 09:30:22] 🩺 수익성 점검 실행 — [2026-08-14 09:30:22] [8403] 발동 — 일평균 -2.27% · 청산 43건 · 경과 2.6일 | [2026-08-14 09:30:22] [8403] 진단 리포트 발송 완료 | [2026-08-14 09:30:22] 수익성 점검 종료
[2026-08-14 10:30:43] 🩺 수익성 점검 실행 — [2026-08-14 10:30:42] [8403] 발동 — 일평균 -2.35% · 청산 44건 · 경과 2.7일 | [2026-08-14 10:30:43] [8403] 진단 리포트 발송 완료 | [2026-08-14 10:30:43] 수익성 점검 종료
[2026-08-14 11:32:31] 🩺 수익성 점검 실행 — [2026-08-14 11:32:30] [8403] 발동 — 일평균 -2.38% · 청산 45건 · 경과 2.7일 | [2026-08-14 11:32:31] [8403] 진단 리포트 발송 완료 | [2026-08-14 11:32:31] 수익성 점검 종료
[2026-08-14 12:32:52] 🩺 수익성 점검 실행 — [2026-08-14 12:32:51] [8403] 발동 — 일평균 -2.43% · 청산 46건 · 경과 2.7일 | [2026-08-14 12:32:52] [8403] 진단 리포트 발송 완료 | [2026-08-14 12:32:52] 수익성 점검 종료
[2026-08-14 13:33:13] 🩺 수익성 점검 실행 — [2026-08-14 13:33:12] [8403] 발동 — 일평균 -2.40% · 청산 46건 · 경과 2.8일 | [2026-08-14 13:33:13] [8403] 진단 리포트 발송 완료 | [2026-08-14 13:33:13] 수익성 점검 종료
[2026-08-14 14:33:29] 🩺 수익성 점검 실행 — [2026-08-14 14:33:29] [8403] 발동 — 일평균 -2.38% · 청산 47건 · 경과 2.8일 | [2026-08-14 14:33:29] [8403] 진단 리포트 발송 완료 | [2026-08-14 14:33:29] 수익성 점검 종료
[2026-08-14 15:33:49] 🩺 수익성 점검 실행 — [2026-08-14 15:33:49] [8403] 발동 — 일평균 -2.35% · 청산 48건 · 경과 2.9일 | [2026-08-14 15:33:49] [8403] 진단 리포트 발송 완료 | [2026-08-14 15:33:49] 수익성 점검 종료
[2026-08-14 16:34:11] 🩺 수익성 점검 실행 — [2026-08-14 16:34:10] [8403] 발동 — 일평균 -2.31% · 청산 48건 · 경과 2.9일 | [2026-08-14 16:34:11] [8403] 진단 리포트 발송 완료 | [2026-08-14 16:34:11] 수익성 점검 종료
[2026-08-14 17:34:54] 🩺 수익성 점검 실행 — [2026-08-14 17:34:53] [8403] 발동 — 일평균 -2.25% · 청산 49건 · 경과 3.0일 | [2026-08-14 17:34:54] [8403] 진단 리포트 발송 완료 | [2026-08-14 17:34:54] 수익성 점검 종료
[2026-08-14 18:35:16] 🩺 수익성 점검 실행 — [2026-08-14 18:35:15] [8403] 발동 — 일평균 -2.30% · 청산 50건 · 경과 3.0일 | [2026-08-14 18:35:16] [8403] 진단 리포트 발송 완료 | [2026-08-14 18:35:16] 수익성 점검 종료
[2026-08-14 19:35:35] 🩺 수익성 점검 실행 — [2026-08-14 19:35:35] [8403] 진단 리포트 발송 완료 | [2026-08-14 19:35:35] [8409] 일평균 -1.17% 이나 표본 미달로 보류 — 거래 17건 < 20, 설정변경 4.0h 전 < 12.0h | [2026-08-14 19:35:35] 수익성 점검 종료
[2026-08-14 20:35:56] 🩺 수익성 점검 실행 — [2026-08-14 20:35:56] [8403] 진단 리포트 발송 완료 | [2026-08-14 20:35:56] [8409] 일평균 -1.15% 이나 표본 미달로 보류 — 거래 17건 < 20, 설정변경 5.0h 전 < 12.0h | [2026-08-14 20:35:56] 수익성 점검 종료
[2026-08-14 21:36:13] 🩺 수익성 점검 실행 — [2026-08-14 21:36:13] [8403] 진단 리포트 발송 완료 | [2026-08-14 21:36:13] [8409] 일평균 -1.14% 이나 표본 미달로 보류 — 거래 17건 < 20, 설정변경 6.0h 전 < 12.0h | [2026-08-14 21:36:13] 수익성 점검 종료
[2026-08-14 22:36:37] 🩺 수익성 점검 실행 — [2026-08-14 22:36:37] [8403] 진단 리포트 발송 완료 | [2026-08-14 22:36:37] [8409] 일평균 -1.12% 이나 표본 미달로 보류 — 거래 17건 < 20, 설정변경 7.0h 전 < 12.0h | [2026-08-14 22:36:37] 수익성 점검 종료
[2026-08-14 23:36:57] 🩺 수익성 점검 실행 — [2026-08-14 23:36:57] [8403] 진단 리포트 발송 완료 | [2026-08-14 23:36:57] [8409] 일평균 -1.11% 이나 표본 미달로 보류 — 거래 17건 < 20, 설정변경 8.0h 전 < 12.0h | [2026-08-14 23:36:57] 수익성 점검 종료
[2026-08-15 00:37:16] 🩺 수익성 점검 실행 — [2026-08-15 00:37:16] [8403] 일평균 -2.63% 이나 표본 미달로 보류 — 설정변경 0.3h 전 < 12.0h | [2026-08-15 00:37:16] [8409] 일평균 -1.09% 이나 표본 미달로 보류 — 거래 17건 < 20, 설정변경 0.3h 전 < 12.0h | [2026-08-15 00:37:16] 수익성 점검 종료
[2026-08-15 01:37:33] 🩺 수익성 점검 실행 — [2026-08-15 01:37:33] [8403] 일평균 -2.96% 이나 표본 미달로 보류 — 설정변경 1.3h 전 < 12.0h | [2026-08-15 01:37:33] [8409] 일평균 -1.08% 이나 표본 미달로 보류 — 거래 17건 < 20, 설정변경 1.3h 전 < 12.0h | [2026-08-15 01:37:33] 수익성 점검 종료
[2026-08-15 02:37:54] 🩺 수익성 점검 실행 — [2026-08-15 02:37:54] [8403] 일평균 -2.93% 이나 표본 미달로 보류 — 설정변경 2.3h 전 < 12.0h | [2026-08-15 02:37:54] [8409] 일평균 -1.06% 이나 표본 미달로 보류 — 거래 17건 < 20, 설정변경 2.3h 전 < 12.0h | [2026-08-15 02:37:54] 수익성 점검 종료
[2026-08-15 03:38:13] 🩺 수익성 점검 실행 — [2026-08-15 03:38:13] [8403] 일평균 -2.89% 이나 표본 미달로 보류 — 설정변경 3.3h 전 < 12.0h | [2026-08-15 03:38:13] [8409] 일평균 -1.05% 이나 표본 미달로 보류 — 거래 17건 < 20, 설정변경 3.3h 전 < 12.0h | [2026-08-15 03:38:13] 수익성 점검 종료
[2026-08-15 04:38:32] 🩺 수익성 점검 실행 — [2026-08-15 04:38:32] [8403] 일평균 -2.85% 이나 표본 미달로 보류 — 설정변경 4.3h 전 < 12.0h | [2026-08-15 04:38:32] [8409] 일평균 -1.04% 이나 표본 미달로 보류 — 거래 17건 < 20, 설정변경 4.3h 전 < 12.0h | [2026-08-15 04:38:32] 수익성 점검 종료
[2026-08-15 05:38:51] 🩺 수익성 점검 실행 — [2026-08-15 05:38:51] [8403] 일평균 -2.82% 이나 표본 미달로 보류 — 설정변경 5.4h 전 < 12.0h | [2026-08-15 05:38:51] [8409] 일평균 -1.03% 이나 표본 미달로 보류 — 거래 17건 < 20, 설정변경 5.4h 전 < 12.0h | [2026-08-15 05:38:51] 수익성 점검 종료
[2026-08-15 06:39:10] 🩺 수익성 점검 실행 — [2026-08-15 06:39:10] [8403] 일평균 -2.78% 이나 표본 미달로 보류 — 설정변경 6.4h 전 < 12.0h | [2026-08-15 06:39:10] [8409] 일평균 -1.01% 이나 표본 미달로 보류 — 거래 17건 < 20, 설정변경 6.4h 전 < 12.0h | [2026-08-15 06:39:10] 수익성 점검 종료
[2026-08-15 07:39:27] 🩺 수익성 점검 실행 — [2026-08-15 07:39:27] [8403] 일평균 -2.75% 이나 표본 미달로 보류 — 설정변경 7.4h 전 < 12.0h | [2026-08-15 07:39:27] [8409] 일평균 -1.00% 이나 표본 미달로 보류 — 거래 17건 < 20, 설정변경 7.4h 전 < 12.0h | [2026-08-15 07:39:27] 수익성 점검 종료
[2026-08-15 08:39:48] 🩺 수익성 점검 실행 — [2026-08-15 08:39:34] 수익성 점검 시작 (dry_run=False, kill_switch=True) | [2026-08-15 08:39:48] [8403] 일평균 -2.72% 이나 표본 미달로 보류 — 설정변경 8.4h 전 < 12.0h | [2026-08-15 08:39:48] 수익성 점검 종료
[2026-08-15 09:40:10] 🩺 수익성 점검 실행 — [2026-08-15 09:39:53] 수익성 점검 시작 (dry_run=False, kill_switch=True) | [2026-08-15 09:40:10] [8403] 일평균 -2.84% 이나 표본 미달로 보류 — 설정변경 9.4h 전 < 12.0h | [2026-08-15 09:40:10] 수익성 점검 종료
[2026-08-15 10:40:30] 🩺 수익성 점검 실행 — [2026-08-15 10:40:15] 수익성 점검 시작 (dry_run=False, kill_switch=True) | [2026-08-15 10:40:30] [8403] 일평균 -2.81% 이나 표본 미달로 보류 — 설정변경 10.4h 전 < 12.0h | [2026-08-15 10:40:30] 수익성 점검 종료
[2026-08-15 11:40:50] 🩺 수익성 점검 실행 — [2026-08-15 11:40:35] 수익성 점검 시작 (dry_run=False, kill_switch=True) | [2026-08-15 11:40:50] [8403] 일평균 -2.78% 이나 표본 미달로 보류 — 설정변경 11.4h 전 < 12.0h | [2026-08-15 11:40:50] 수익성 점검 종료
[2026-08-15 12:41:09] 🩺 수익성 점검 실행 — [2026-08-15 12:41:08] [8403] 발동 — 일평균 -2.74% · 청산 58건 · 경과 3.7일 | [2026-08-15 12:41:08] [8403] 진단 리포트 발송 완료 | [2026-08-15 12:41:08] 수익성 점검 종료
[2026-08-15 13:41:31] 🩺 수익성 점검 실행 — [2026-08-15 13:41:30] [8403] 발동 — 일평균 -2.71% · 청산 58건 · 경과 3.8일 | [2026-08-15 13:41:31] [8403] 진단 리포트 발송 완료 | [2026-08-15 13:41:31] 수익성 점검 종료
[2026-08-15 14:41:51] 🩺 수익성 점검 실행 — [2026-08-15 14:41:51] [8403] 발동 — 일평균 -2.68% · 청산 58건 · 경과 3.8일 | [2026-08-15 14:41:51] [8403] 진단 리포트 발송 완료 | [2026-08-15 14:41:51] 수익성 점검 종료
[2026-08-15 15:42:09] 🩺 수익성 점검 실행 — [2026-08-15 15:42:08] [8403] 발동 — 일평균 -2.66% · 청산 58건 · 경과 3.9일 | [2026-08-15 15:42:09] [8403] 진단 리포트 발송 완료 | [2026-08-15 15:42:09] 수익성 점검 종료
[2026-08-15 16:42:30] 🩺 수익성 점검 실행 — [2026-08-15 16:42:30] [8403] 발동 — 일평균 -2.74% · 청산 59건 · 경과 3.9일 | [2026-08-15 16:42:30] [8403] 진단 리포트 발송 완료 | [2026-08-15 16:42:30] 수익성 점검 종료
[2026-08-15 17:42:49] 🩺 수익성 점검 실행 — [2026-08-15 17:42:35] 수익성 점검 시작 (dry_run=False, kill_switch=True) | [2026-08-15 17:42:49] [8403] 일평균 -2.72% 이나 표본 미달로 보류 — 설정변경 0.7h 전 < 12.0h | [2026-08-15 17:42:49] 수익성 점검 종료
[2026-08-15 18:43:09] 🩺 수익성 점검 실행 — [2026-08-15 18:42:54] 수익성 점검 시작 (dry_run=False, kill_switch=True) | [2026-08-15 18:43:09] [8403] 일평균 -2.69% 이나 표본 미달로 보류 — 설정변경 1.7h 전 < 12.0h | [2026-08-15 18:43:09] 수익성 점검 종료
[2026-08-15 19:43:26] 🩺 수익성 점검 실행 — [2026-08-15 19:43:12] 수익성 점검 시작 (dry_run=False, kill_switch=True) | [2026-08-15 19:43:26] [8403] 일평균 -2.66% 이나 표본 미달로 보류 — 설정변경 2.7h 전 < 12.0h | [2026-08-15 19:43:26] 수익성 점검 종료
[2026-08-15 20:43:47] 🩺 수익성 점검 실행 — [2026-08-15 20:43:33] 수익성 점검 시작 (dry_run=False, kill_switch=True) | [2026-08-15 20:43:47] [8403] 일평균 -2.63% 이나 표본 미달로 보류 — 설정변경 3.7h 전 < 12.0h | [2026-08-15 20:43:47] 수익성 점검 종료
[2026-08-15 21:44:06] 🩺 수익성 점검 실행 — [2026-08-15 21:44:06] [8403] 일평균 -2.60% 이나 표본 미달로 보류 — 설정변경 4.7h 전 < 12.0h | [2026-08-15 21:44:06] [8409] 일평균 -1.06% 이나 표본 미달로 보류 — 거래 18건 < 20, 설정변경 4.7h 전 < 12.0h | [2026-08-15 21:44:06] 수익성 점검 종료
[2026-08-15 22:44:26] 🩺 수익성 점검 실행 — [2026-08-15 22:44:26] [8403] 일평균 -2.58% 이나 표본 미달로 보류 — 설정변경 5.7h 전 < 12.0h | [2026-08-15 22:44:26] [8409] 일평균 -1.05% 이나 표본 미달로 보류 — 거래 18건 < 20, 설정변경 5.7h 전 < 12.0h | [2026-08-15 22:44:26] 수익성 점검 종료
[2026-08-15 23:44:45] 🩺 수익성 점검 실행 — [2026-08-15 23:44:45] [8403] 일평균 -2.39% 이나 표본 미달로 보류 — 설정변경 6.7h 전 < 12.0h | [2026-08-15 23:44:45] [8409] 일평균 -1.04% 이나 표본 미달로 보류 — 거래 18건 < 20, 설정변경 6.8h 전 < 12.0h | [2026-08-15 23:44:45] 수익성 점검 종료
[2026-08-16 00:45:05] 🩺 수익성 점검 실행 — [2026-08-16 00:45:05] [8403] 일평균 -2.37% 이나 표본 미달로 보류 — 설정변경 7.8h 전 < 12.0h | [2026-08-16 00:45:05] [8409] 일평균 -1.03% 이나 표본 미달로 보류 — 거래 18건 < 20, 설정변경 7.8h 전 < 12.0h | [2026-08-16 00:45:05] 수익성 점검 종료
[2026-08-16 01:45:24] 🩺 수익성 점검 실행 — [2026-08-16 01:45:24] [8403] 일평균 -2.34% 이나 표본 미달로 보류 — 설정변경 8.8h 전 < 12.0h | [2026-08-16 01:45:24] [8409] 일평균 -1.02% 이나 표본 미달로 보류 — 거래 18건 < 20, 설정변경 8.8h 전 < 12.0h | [2026-08-16 01:45:24] 수익성 점검 종료
[2026-08-16 02:45:44] 🩺 수익성 점검 실행 — [2026-08-16 02:45:44] [8403] 일평균 -2.43% 이나 표본 미달로 보류 — 설정변경 9.8h 전 < 12.0h | [2026-08-16 02:45:44] [8409] 일평균 -1.01% 이나 표본 미달로 보류 — 거래 18건 < 20, 설정변경 9.8h 전 < 12.0h | [2026-08-16 02:45:44] 수익성 점검 종료
[2026-08-16 03:46:03] 🩺 수익성 점검 실행 — [2026-08-16 03:46:03] [8403] 일평균 -2.41% 이나 표본 미달로 보류 — 설정변경 10.8h 전 < 12.0h | [2026-08-16 03:46:03] [8409] 일평균 -1.00% 이나 표본 미달로 보류 — 거래 18건 < 20, 설정변경 10.8h 전 < 12.0h | [2026-08-16 03:46:03] 수익성 점검 종료
[2026-08-16 04:46:21] 🩺 수익성 점검 실행 — [2026-08-16 04:46:07] 수익성 점검 시작 (dry_run=False, kill_switch=True) | [2026-08-16 04:46:21] [8403] 일평균 -2.38% 이나 표본 미달로 보류 — 설정변경 11.8h 전 < 12.0h | [2026-08-16 04:46:21] 수익성 점검 종료
[2026-08-16 05:46:40] 🩺 수익성 점검 실행 — [2026-08-16 05:46:40] [8403] 발동 — 일평균 -2.36% · 청산 62건 · 경과 4.5일 | [2026-08-16 05:46:40] [8403] 진단 리포트 발송 완료 | [2026-08-16 05:46:40] 수익성 점검 종료
[2026-08-16 06:46:58] 🩺 수익성 점검 실행 — [2026-08-16 06:46:57] [8403] 발동 — 일평균 -2.41% · 청산 63건 · 경과 4.5일 | [2026-08-16 06:46:58] [8403] 진단 리포트 발송 완료 | [2026-08-16 06:46:58] 수익성 점검 종료
[2026-08-16 07:47:19] 🩺 수익성 점검 실행 — [2026-08-16 07:47:19] [8403] 발동 — 일평균 -2.26% · 청산 64건 · 경과 4.5일 | [2026-08-16 07:47:19] [8403] 진단 리포트 발송 완료 | [2026-08-16 07:47:19] 수익성 점검 종료
[2026-08-16 08:47:38] 🩺 수익성 점검 실행 — [2026-08-16 08:47:38] [8403] 발동 — 일평균 -2.24% · 청산 64건 · 경과 4.6일 | [2026-08-16 08:47:38] [8403] 진단 리포트 발송 완료 | [2026-08-16 08:47:38] 수익성 점검 종료
[2026-08-16 09:47:57] 🩺 수익성 점검 실행 — [2026-08-16 09:47:57] [8403] 발동 — 일평균 -2.22% · 청산 64건 · 경과 4.6일 | [2026-08-16 09:47:57] [8403] 진단 리포트 발송 완료 | [2026-08-16 09:47:57] 수익성 점검 종료
[2026-08-16 10:48:16] 🩺 수익성 점검 실행 — [2026-08-16 10:48:16] [8403] 발동 — 일평균 -2.31% · 청산 65건 · 경과 4.7일 | [2026-08-16 10:48:16] [8403] 진단 리포트 발송 완료 | [2026-08-16 10:48:16] 수익성 점검 종료
[2026-08-16 11:48:38] 🩺 수익성 점검 실행 — [2026-08-16 11:48:37] [8403] 발동 — 일평균 -2.29% · 청산 65건 · 경과 4.7일 | [2026-08-16 11:48:38] [8403] 진단 리포트 발송 완료 | [2026-08-16 11:48:38] 수익성 점검 종료
[2026-08-16 12:48:59] 🩺 수익성 점검 실행 — [2026-08-16 12:48:58] [8403] 발동 — 일평균 -2.27% · 청산 65건 · 경과 4.8일 | [2026-08-16 12:48:59] [8403] 진단 리포트 발송 완료 | [2026-08-16 12:48:59] 수익성 점검 종료
[2026-08-16 13:49:19] 🩺 수익성 점검 실행 — [2026-08-16 13:49:19] [8403] 발동 — 일평균 -2.25% · 청산 65건 · 경과 4.8일 | [2026-08-16 13:49:19] [8403] 진단 리포트 발송 완료 | [2026-08-16 13:49:19] 수익성 점검 종료
[2026-08-16 14:49:39] 🩺 수익성 점검 실행 — [2026-08-16 14:49:39] [8403] 발동 — 일평균 -2.00% · 청산 66건 · 경과 4.8일 | [2026-08-16 14:49:39] [8403] 진단 리포트 발송 완료 | [2026-08-16 14:49:39] 수익성 점검 종료
[2026-08-16 15:49:59] 🩺 수익성 점검 실행 — [2026-08-16 15:49:59] [8403] 발동 — 일평균 -1.82% · 청산 67건 · 경과 4.9일 | [2026-08-16 15:49:59] [8403] 진단 리포트 발송 완료 | [2026-08-16 15:49:59] 수익성 점검 종료
[2026-08-16 16:50:19] 🩺 수익성 점검 실행 — [2026-08-16 16:50:19] [8403] 발동 — 일평균 -1.80% · 청산 67건 · 경과 4.9일 | [2026-08-16 16:50:19] [8403] 진단 리포트 발송 완료 | [2026-08-16 16:50:19] 수익성 점검 종료
[2026-08-16 17:50:38] 🩺 수익성 점검 실행 — [2026-08-16 17:50:37] [8403] 발동 — 일평균 -1.79% · 청산 67건 · 경과 5.0일 | [2026-08-16 17:50:38] [8403] 진단 리포트 발송 완료 | [2026-08-16 17:50:38] 수익성 점검 종료
[2026-08-16 18:50:57] 🩺 수익성 점검 실행 — [2026-08-16 18:50:57] [8403] 발동 — 일평균 -1.77% · 청산 67건 · 경과 5.0일 | [2026-08-16 18:50:57] [8403] 진단 리포트 발송 완료 | [2026-08-16 18:50:57] 수익성 점검 종료
[2026-08-16 19:51:20] 🩺 수익성 점검 실행 — [2026-08-16 19:51:19] [8403] 발동 — 일평균 -1.76% · 청산 67건 · 경과 5.0일 | [2026-08-16 19:51:20] [8403] 진단 리포트 발송 완료 | [2026-08-16 19:51:20] 수익성 점검 종료
[2026-08-16 20:51:40] 🩺 수익성 점검 실행 — [2026-08-16 20:51:40] [8403] 발동 — 일평균 -1.74% · 청산 67건 · 경과 5.1일 | [2026-08-16 20:51:40] [8403] 진단 리포트 발송 완료 | [2026-08-16 20:51:40] 수익성 점검 종료
[2026-08-16 21:52:00] 🩺 수익성 점검 실행 — [2026-08-16 21:52:00] [8403] 발동 — 일평균 -1.73% · 청산 67건 · 경과 5.1일 | [2026-08-16 21:52:00] [8403] 진단 리포트 발송 완료 | [2026-08-16 21:52:00] 수익성 점검 종료
[2026-08-16 22:52:21] 🩺 수익성 점검 실행 — [2026-08-16 22:52:20] [8403] 발동 — 일평균 -1.61% · 청산 69건 · 경과 5.2일 | [2026-08-16 22:52:21] [8403] 진단 리포트 발송 완료 | [2026-08-16 22:52:21] 수익성 점검 종료
[2026-08-16 23:52:41] 🩺 수익성 점검 실행 — [2026-08-16 23:52:40] [8403] 발동 — 일평균 -1.59% · 청산 69건 · 경과 5.2일 | [2026-08-16 23:52:41] [8403] 진단 리포트 발송 완료 | [2026-08-16 23:52:41] 수익성 점검 종료
[2026-08-17 00:53:01] 🩺 수익성 점검 실행 — [2026-08-17 00:53:00] [8403] 발동 — 일평균 -1.58% · 청산 69건 · 경과 5.3일 | [2026-08-17 00:53:01] [8403] 진단 리포트 발송 완료 | [2026-08-17 00:53:01] 수익성 점검 종료
[2026-08-17 01:53:21] 🩺 수익성 점검 실행 — [2026-08-17 01:53:21] [8403] 발동 — 일평균 -1.57% · 청산 69건 · 경과 5.3일 | [2026-08-17 01:53:21] [8403] 진단 리포트 발송 완료 | [2026-08-17 01:53:21] 수익성 점검 종료
[2026-08-17 02:53:41] 🩺 수익성 점검 실행 — [2026-08-17 02:53:41] [8403] 발동 — 일평균 -1.56% · 청산 69건 · 경과 5.3일 | [2026-08-17 02:53:41] [8403] 진단 리포트 발송 완료 | [2026-08-17 02:53:41] 수익성 점검 종료
[2026-08-17 03:54:01] 🩺 수익성 점검 실행 — [2026-08-17 03:54:01] [8403] 발동 — 일평균 -1.54% · 청산 69건 · 경과 5.4일 | [2026-08-17 03:54:01] [8403] 진단 리포트 발송 완료 | [2026-08-17 03:54:01] 수익성 점검 종료
[2026-08-17 04:54:21] 🩺 수익성 점검 실행 — [2026-08-17 04:54:20] [8403] 발동 — 일평균 -1.53% · 청산 69건 · 경과 5.4일 | [2026-08-17 04:54:21] [8403] 진단 리포트 발송 완료 | [2026-08-17 04:54:21] 수익성 점검 종료
[2026-08-17 05:54:41] 🩺 수익성 점검 실행 — [2026-08-17 05:54:41] [8403] 발동 — 일평균 -1.52% · 청산 69건 · 경과 5.5일 | [2026-08-17 05:54:41] [8403] 진단 리포트 발송 완료 | [2026-08-17 05:54:41] 수익성 점검 종료
[2026-08-17 06:55:01] 🩺 수익성 점검 실행 — [2026-08-17 06:55:00] [8403] 발동 — 일평균 -1.39% · 청산 70건 · 경과 5.5일 | [2026-08-17 06:55:01] [8403] 진단 리포트 발송 완료 | [2026-08-17 06:55:01] 수익성 점검 종료
[2026-08-17 07:55:21] 🩺 수익성 점검 실행 — [2026-08-17 07:55:21] [8403] 발동 — 일평균 -1.38% · 청산 70건 · 경과 5.5일 | [2026-08-17 07:55:21] [8403] 진단 리포트 발송 완료 | [2026-08-17 07:55:21] 수익성 점검 종료
[2026-08-17 08:55:42] 🩺 수익성 점검 실행 — [2026-08-17 08:55:41] [8403] 발동 — 일평균 -1.37% · 청산 70건 · 경과 5.6일 | [2026-08-17 08:55:42] [8403] 진단 리포트 발송 완료 | [2026-08-17 08:55:42] 수익성 점검 종료
[2026-08-17 09:56:02] 🩺 수익성 점검 실행 — [2026-08-17 09:56:02] [8403] 발동 — 일평균 -1.36% · 청산 70건 · 경과 5.6일 | [2026-08-17 09:56:02] [8403] 진단 리포트 발송 완료 | [2026-08-17 09:56:02] 수익성 점검 종료
[2026-08-17 10:56:22] 🩺 수익성 점검 실행 — [2026-08-17 10:56:22] [8403] 발동 — 일평균 -1.46% · 청산 73건 · 경과 5.7일 | [2026-08-17 10:56:22] [8403] 진단 리포트 발송 완료 | [2026-08-17 10:56:22] 수익성 점검 종료
[2026-08-17 11:56:40] 🩺 수익성 점검 실행 — [2026-08-17 11:56:40] [8403] 발동 — 일평균 -1.45% · 청산 73건 · 경과 5.7일 | [2026-08-17 11:56:40] [8403] 진단 리포트 발송 완료 | [2026-08-17 11:56:40] 수익성 점검 종료
[2026-08-17 12:57:02] 🩺 수익성 점검 실행 — [2026-08-17 12:57:02] [8403] 발동 — 일평균 -1.44% · 청산 73건 · 경과 5.8일 | [2026-08-17 12:57:02] [8403] 진단 리포트 발송 완료 | [2026-08-17 12:57:02] 수익성 점검 종료
[2026-08-17 13:57:23] 🩺 수익성 점검 실행 — [2026-08-17 13:57:23] [8403] 발동 — 일평균 -1.43% · 청산 73건 · 경과 5.8일 | [2026-08-17 13:57:23] [8403] 진단 리포트 발송 완료 | [2026-08-17 13:57:23] 수익성 점검 종료
[2026-08-17 14:57:44] 🩺 수익성 점검 실행 — [2026-08-17 14:57:43] [8403] 발동 — 일평균 -1.26% · 청산 74건 · 경과 5.8일 | [2026-08-17 14:57:44] [8403] 진단 리포트 발송 완료 | [2026-08-17 14:57:44] 수익성 점검 종료
[2026-08-17 15:58:03] 🩺 수익성 점검 실행 — [2026-08-17 15:58:03] [8403] 발동 — 일평균 -1.34% · 청산 75건 · 경과 5.9일 | [2026-08-17 15:58:03] [8403] 진단 리포트 발송 완료 | [2026-08-17 15:58:03] 수익성 점검 종료
[2026-08-17 16:58:23] 🩺 수익성 점검 실행 — [2026-08-17 16:58:22] [8403] 발동 — 일평균 -1.33% · 청산 75건 · 경과 5.9일 | [2026-08-17 16:58:23] [8403] 진단 리포트 발송 완료 | [2026-08-17 16:58:23] 수익성 점검 종료
[2026-08-17 17:58:43] 🩺 수익성 점검 실행 — [2026-08-17 17:58:42] [8403] 발동 — 일평균 -1.25% · 청산 76건 · 경과 6.0일 | [2026-08-17 17:58:43] [8403] 진단 리포트 발송 완료 | [2026-08-17 17:58:43] 수익성 점검 종료
[2026-08-17 18:59:03] 🩺 수익성 점검 실행 — [2026-08-17 18:59:03] [8403] 발동 — 일평균 -1.25% · 청산 76건 · 경과 6.0일 | [2026-08-17 18:59:03] [8403] 진단 리포트 발송 완료 | [2026-08-17 18:59:03] 수익성 점검 종료
[2026-08-17 19:59:23] 🩺 수익성 점검 실행 — [2026-08-17 19:59:23] [8403] 발동 — 일평균 -1.24% · 청산 76건 · 경과 6.1일 | [2026-08-17 19:59:23] [8403] 진단 리포트 발송 완료 | [2026-08-17 19:59:23] 수익성 점검 종료
[2026-08-17 20:59:43] 🩺 수익성 점검 실행 — [2026-08-17 20:59:42] [8403] 발동 — 일평균 -1.23% · 청산 76건 · 경과 6.1일 | [2026-08-17 20:59:43] [8403] 진단 리포트 발송 완료 | [2026-08-17 20:59:43] 수익성 점검 종료
[2026-08-17 22:00:03] 🩺 수익성 점검 실행 — [2026-08-17 22:00:02] [8403] 발동 — 일평균 -1.35% · 청산 79건 · 경과 6.1일 | [2026-08-17 22:00:03] [8403] 진단 리포트 발송 완료 | [2026-08-17 22:00:03] 수익성 점검 종료
[2026-08-17 23:00:23] 🩺 수익성 점검 실행 — [2026-08-17 23:00:22] [8403] 발동 — 일평균 -1.34% · 청산 79건 · 경과 6.2일 | [2026-08-17 23:00:23] [8403] 진단 리포트 발송 완료 | [2026-08-17 23:00:23] 수익성 점검 종료
[2026-08-18 00:00:45] 🩺 수익성 점검 실행 — [2026-08-18 00:00:44] [8403] 발동 — 일평균 -1.33% · 청산 79건 · 경과 6.2일 | [2026-08-18 00:00:45] [8403] 진단 리포트 발송 완료 | [2026-08-18 00:00:45] 수익성 점검 종료
[2026-08-18 01:01:05] 🩺 수익성 점검 실행 — [2026-08-18 01:01:04] [8403] 발동 — 일평균 -1.33% · 청산 79건 · 경과 6.3일 | [2026-08-18 01:01:05] [8403] 진단 리포트 발송 완료 | [2026-08-18 01:01:05] 수익성 점검 종료
[2026-08-18 02:01:24] 🩺 수익성 점검 실행 — [2026-08-18 02:01:24] [8403] 발동 — 일평균 -1.32% · 청산 79건 · 경과 6.3일 | [2026-08-18 02:01:24] [8403] 진단 리포트 발송 완료 | [2026-08-18 02:01:24] 수익성 점검 종료
[2026-08-18 02:05:00] 🚀 watchdog 시작 — 감시 대상 총 1개 (8888 + 봇 쌍), 주기 300초 (5분) · 수익성 점검 60분 주기 · 조건 감시 매 주기
[2026-08-18 02:05:23] 🩺 수익성 점검 실행 — [2026-08-18 02:05:22] [8403] 발동 — 일평균 -1.32% · 청산 79건 · 경과 6.3일 | [2026-08-18 02:05:23] [8403] 진단 리포트 발송 완료 | [2026-08-18 02:05:23] 수익성 점검 종료
[2026-08-18 03:05:47] 🩺 수익성 점검 실행 — [2026-08-18 03:05:47] [8403] 발동 — 일평균 -1.42% · 청산 80건 · 경과 6.3일 | [2026-08-18 03:05:47] [8403] 진단 리포트 발송 완료 | [2026-08-18 03:05:47] 수익성 점검 종료
[2026-08-18 04:06:09] 🩺 수익성 점검 실행 — [2026-08-18 04:06:08] [8403] 발동 — 일평균 -1.47% · 청산 81건 · 경과 6.4일 | [2026-08-18 04:06:09] [8403] 진단 리포트 발송 완료 | [2026-08-18 04:06:09] 수익성 점검 종료
[2026-08-18 05:06:30] 🩺 수익성 점검 실행 — [2026-08-18 05:06:30] [8403] 발동 — 일평균 -1.46% · 청산 81건 · 경과 6.4일 | [2026-08-18 05:06:30] [8403] 진단 리포트 발송 완료 | [2026-08-18 05:06:30] 수익성 점검 종료
[2026-08-18 06:06:57] 🩺 수익성 점검 실행 — [2026-08-18 06:06:57] [8403] 발동 — 일평균 -1.45% · 청산 81건 · 경과 6.5일 | [2026-08-18 06:06:57] [8403] 진단 리포트 발송 완료 | [2026-08-18 06:06:57] 수익성 점검 종료
[2026-08-18 07:07:19] 🩺 수익성 점검 실행 — [2026-08-18 07:07:19] [8403] 발동 — 일평균 -1.44% · 청산 81건 · 경과 6.5일 | [2026-08-18 07:07:19] [8403] 진단 리포트 발송 완료 | [2026-08-18 07:07:19] 수익성 점검 종료
[2026-08-18 08:07:40] 🩺 수익성 점검 실행 — [2026-08-18 08:07:40] [8403] 발동 — 일평균 -1.43% · 청산 81건 · 경과 6.6일 | [2026-08-18 08:07:40] [8403] 진단 리포트 발송 완료 | [2026-08-18 08:07:40] 수익성 점검 종료
[2026-08-18 09:08:05] 🩺 수익성 점검 실행 — [2026-08-18 09:08:05] [8403] 설정 변경 감지 3건 → 알림 발송 | [2026-08-18 09:08:05] [8403] 일평균 -1.42% 이나 표본 미달로 보류 — 설정변경 0.5h 전 < 12.0h | [2026-08-18 09:08:05] 수익성 점검 종료
[2026-08-18 10:08:26] 🩺 수익성 점검 실행 — [2026-08-18 10:08:26] [8403] 설정 변경 감지 1건 → 알림 발송 | [2026-08-18 10:08:26] [8403] 일평균 -1.41% 이나 표본 미달로 보류 — 설정변경 0.9h 전 < 12.0h | [2026-08-18 10:08:26] 수익성 점검 종료
[2026-08-18 11:08:45] 🩺 수익성 점검 실행 — [2026-08-18 11:08:28] 수익성 점검 시작 (dry_run=False, kill_switch=True) | [2026-08-18 11:08:45] [8403] 일평균 -1.40% 이나 표본 미달로 보류 — 설정변경 1.9h 전 < 12.0h | [2026-08-18 11:08:45] 수익성 점검 종료
[2026-08-18 12:09:06] 🩺 수익성 점검 실행 — [2026-08-18 12:08:49] 수익성 점검 시작 (dry_run=False, kill_switch=True) | [2026-08-18 12:09:06] [8403] 일평균 -1.39% 이나 표본 미달로 보류 — 설정변경 2.9h 전 < 12.0h | [2026-08-18 12:09:06] 수익성 점검 종료
[2026-08-18 13:09:25] 🩺 수익성 점검 실행 — [2026-08-18 13:09:08] 수익성 점검 시작 (dry_run=False, kill_switch=True) | [2026-08-18 13:09:25] [8403] 일평균 -1.38% 이나 표본 미달로 보류 — 설정변경 3.9h 전 < 12.0h | [2026-08-18 13:09:25] 수익성 점검 종료
[2026-08-18 14:09:44] 🩺 수익성 점검 실행 — [2026-08-18 14:09:27] 수익성 점검 시작 (dry_run=False, kill_switch=True) | [2026-08-18 14:09:44] [8403] 일평균 -1.37% 이나 표본 미달로 보류 — 설정변경 4.9h 전 < 12.0h | [2026-08-18 14:09:44] 수익성 점검 종료
[2026-08-18 15:10:04] 🩺 수익성 점검 실행 — [2026-08-18 15:09:47] 수익성 점검 시작 (dry_run=False, kill_switch=True) | [2026-08-18 15:10:04] [8403] 일평균 -1.37% 이나 표본 미달로 보류 — 설정변경 5.9h 전 < 12.0h | [2026-08-18 15:10:04] 수익성 점검 종료
[2026-08-18 16:10:23] 🩺 수익성 점검 실행 — [2026-08-18 16:10:06] 수익성 점검 시작 (dry_run=False, kill_switch=True) | [2026-08-18 16:10:23] [8403] 일평균 -1.33% 이나 표본 미달로 보류 — 설정변경 6.9h 전 < 12.0h | [2026-08-18 16:10:23] 수익성 점검 종료
[2026-08-18 17:10:43] 🩺 수익성 점검 실행 — [2026-08-18 17:10:26] KILL_SWITCH 감지 — 진단·알림만 수행하고 조치는 건너뜁니다 | [2026-08-18 17:10:26] 수익성 점검 시작 (dry_run=False, kill_switch=True) | [2026-08-18 17:10:43] 수익성 점검 종료
[2026-08-18 18:08:27] 🚀 watchdog 시작 — 감시 대상 총 9개 (8888 + 봇 쌍), 주기 300초 (5분) · 수익성 점검 60분 주기 · 조건 감시 매 주기
[2026-08-18 18:08:41] 🩺 수익성 점검 실행 — [2026-08-18 18:08:27] KILL_SWITCH 감지 — 진단·알림만 수행하고 조치는 건너뜁니다 | [2026-08-18 18:08:27] 수익성 점검 시작 (dry_run=False, kill_switch=True) | [2026-08-18 18:08:41] 수익성 점검 종료
[2026-08-18 18:08:42] ❌ [8403_bot] DOWN 감지 -> 즉시 단일 기동
[2026-08-18 18:08:42] ❌ [8408_bot] DOWN 감지 -> 즉시 단일 기동
[2026-08-18 18:08:42] ❌ [8409_bot] DOWN 감지 -> 즉시 단일 기동
[2026-08-18 18:08:42] ⏳ 신규 기동 타겟 안정화 대기 (15초)...
[2026-08-18 18:08:57]   - [8888_app] 상태: PID [8113] / PORT UP
[2026-08-18 18:08:57]   - [8401_ui] 상태: PID [38607] / PORT UP
[2026-08-18 18:08:57]   - [8401_bot] 상태: PID [38605]
[2026-08-18 18:08:57]   - [8403_ui] 상태: PID [41239] / PORT UP
[2026-08-18 18:08:57]   - [8403_bot] 상태: DOWN
[2026-08-18 18:08:57]   - [8408_ui] 상태: PID [41722] / PORT UP
[2026-08-18 18:08:57]   - [8408_bot] 상태: DOWN
[2026-08-18 18:08:57]   - [8409_ui] 상태: PID [38780] / PORT UP
[2026-08-18 18:08:57]   - [8409_bot] 상태: PID [38778]
[2026-08-18 19:09:17] 🩺 수익성 점검 실행 — [2026-08-18 19:09:01] KILL_SWITCH 감지 — 진단·알림만 수행하고 조치는 건너뜁니다 | [2026-08-18 19:09:01] 수익성 점검 시작 (dry_run=False, kill_switch=True) | [2026-08-18 19:09:17] 수익성 점검 종료
[2026-08-18 20:09:35] 🩺 수익성 점검 실행 — [2026-08-18 20:09:20] KILL_SWITCH 감지 — 진단·알림만 수행하고 조치는 건너뜁니다 | [2026-08-18 20:09:20] 수익성 점검 시작 (dry_run=False, kill_switch=True) | [2026-08-18 20:09:35] 수익성 점검 종료
[2026-08-18 21:09:57] 🩺 수익성 점검 실행 — [2026-08-18 21:09:42] KILL_SWITCH 감지 — 진단·알림만 수행하고 조치는 건너뜁니다 | [2026-08-18 21:09:42] 수익성 점검 시작 (dry_run=False, kill_switch=True) | [2026-08-18 21:09:57] 수익성 점검 종료
[2026-08-18 22:10:16] 🩺 수익성 점검 실행 — [2026-08-18 22:10:02] KILL_SWITCH 감지 — 진단·알림만 수행하고 조치는 건너뜁니다 | [2026-08-18 22:10:02] 수익성 점검 시작 (dry_run=False, kill_switch=True) | [2026-08-18 22:10:16] 수익성 점검 종료
[2026-08-18 23:10:33] 🩺 수익성 점검 실행 — [2026-08-18 23:10:19] KILL_SWITCH 감지 — 진단·알림만 수행하고 조치는 건너뜁니다 | [2026-08-18 23:10:19] 수익성 점검 시작 (dry_run=False, kill_switch=True) | [2026-08-18 23:10:33] 수익성 점검 종료
[2026-08-19 00:10:54] 🩺 수익성 점검 실행 — [2026-08-19 00:10:40] KILL_SWITCH 감지 — 진단·알림만 수행하고 조치는 건너뜁니다 | [2026-08-19 00:10:40] 수익성 점검 시작 (dry_run=False, kill_switch=True) | [2026-08-19 00:10:54] 수익성 점검 종료
[2026-08-19 01:11:14] 🩺 수익성 점검 실행 — [2026-08-19 01:10:59] KILL_SWITCH 감지 — 진단·알림만 수행하고 조치는 건너뜁니다 | [2026-08-19 01:10:59] 수익성 점검 시작 (dry_run=False, kill_switch=True) | [2026-08-19 01:11:14] 수익성 점검 종료
[2026-08-19 02:11:28] 🩺 수익성 점검 실행 — [2026-08-19 02:11:14] KILL_SWITCH 감지 — 진단·알림만 수행하고 조치는 건너뜁니다 | [2026-08-19 02:11:14] 수익성 점검 시작 (dry_run=False, kill_switch=True) | [2026-08-19 02:11:28] 수익성 점검 종료
[2026-08-19 03:11:51] 🩺 수익성 점검 실행 — [2026-08-19 03:11:37] KILL_SWITCH 감지 — 진단·알림만 수행하고 조치는 건너뜁니다 | [2026-08-19 03:11:37] 수익성 점검 시작 (dry_run=False, kill_switch=True) | [2026-08-19 03:11:51] 수익성 점검 종료
[2026-08-19 04:12:10] 🩺 수익성 점검 실행 — [2026-08-19 04:11:56] KILL_SWITCH 감지 — 진단·알림만 수행하고 조치는 건너뜁니다 | [2026-08-19 04:11:56] 수익성 점검 시작 (dry_run=False, kill_switch=True) | [2026-08-19 04:12:10] 수익성 점검 종료
[2026-08-19 05:12:28] 🩺 수익성 점검 실행 — [2026-08-19 05:12:14] KILL_SWITCH 감지 — 진단·알림만 수행하고 조치는 건너뜁니다 | [2026-08-19 05:12:14] 수익성 점검 시작 (dry_run=False, kill_switch=True) | [2026-08-19 05:12:28] 수익성 점검 종료
[2026-08-19 06:12:48] 🩺 수익성 점검 실행 — [2026-08-19 06:12:33] KILL_SWITCH 감지 — 진단·알림만 수행하고 조치는 건너뜁니다 | [2026-08-19 06:12:33] 수익성 점검 시작 (dry_run=False, kill_switch=True) | [2026-08-19 06:12:48] 수익성 점검 종료
[2026-08-19 07:13:06] 🩺 수익성 점검 실행 — [2026-08-19 07:12:52] KILL_SWITCH 감지 — 진단·알림만 수행하고 조치는 건너뜁니다 | [2026-08-19 07:12:52] 수익성 점검 시작 (dry_run=False, kill_switch=True) | [2026-08-19 07:13:06] 수익성 점검 종료
[2026-08-19 08:13:25] 🩺 수익성 점검 실행 — [2026-08-19 08:13:11] 수익성 점검 시작 (dry_run=False, kill_switch=True) | [2026-08-19 08:13:25] [8408] 일평균 -1.23% 이나 표본 미달로 보류 — 거래 3건 < 20, 경과 0.6일 < 2.0 | [2026-08-19 08:13:25] 수익성 점검 종료
[2026-08-19 09:13:45] 🩺 수익성 점검 실행 — [2026-08-19 09:13:30] 수익성 점검 시작 (dry_run=False, kill_switch=True) | [2026-08-19 09:13:45] [8408] 일평균 -3.44% 이나 표본 미달로 보류 — 거래 4건 < 20, 경과 0.7일 < 2.0 | [2026-08-19 09:13:45] 수익성 점검 종료
[2026-08-19 10:14:04] 🩺 수익성 점검 실행 — [2026-08-19 10:13:50] 수익성 점검 시작 (dry_run=False, kill_switch=True) | [2026-08-19 10:14:04] [8408] 일평균 -3.44% 이나 표본 미달로 보류 — 거래 4건 < 20, 경과 0.7일 < 2.0 | [2026-08-19 10:14:04] 수익성 점검 종료
[2026-08-19 11:14:25] 🩺 수익성 점검 실행 — [2026-08-19 11:14:24] [8408] 설정 변경 감지 2건 → 알림 발송 | [2026-08-19 11:14:25] [8409] 설정 변경 감지 2건 → 알림 발송 | [2026-08-19 11:14:25] 수익성 점검 종료
[2026-08-19 12:14:46] 🩺 수익성 점검 실행 — [2026-08-19 12:14:30] 수익성 점검 시작 (dry_run=False, kill_switch=True) | [2026-08-19 12:14:46] [8409] 설정 변경 감지 1건 → 알림 발송 | [2026-08-19 12:14:46] 수익성 점검 종료
[2026-08-19 13:15:05] 🩺 수익성 점검 실행 — [2026-08-19 13:14:50] 수익성 점검 시작 (dry_run=False, kill_switch=True) | [2026-08-19 13:15:05] [8408] 일평균 -5.09% 이나 표본 미달로 보류 — 거래 3건 < 20, 경과 0.1일 < 2.0, 설정변경 2.5h 전 < 12.0h | [2026-08-19 13:15:05] 수익성 점검 종료
[2026-08-19 14:15:24] 🩺 수익성 점검 실행 — [2026-08-19 14:15:10] 수익성 점검 시작 (dry_run=False, kill_switch=True) | [2026-08-19 14:15:24] [8408] 일평균 -5.13% 이나 표본 미달로 보류 — 거래 3건 < 20, 경과 0.1일 < 2.0, 설정변경 3.5h 전 < 12.0h | [2026-08-19 14:15:24] 수익성 점검 종료
[2026-08-19 15:15:43] 🩺 수익성 점검 실행 — [2026-08-19 15:15:29] 수익성 점검 시작 (dry_run=False, kill_switch=True) | [2026-08-19 15:15:43] [8408] 일평균 -5.13% 이나 표본 미달로 보류 — 거래 3건 < 20, 경과 0.2일 < 2.0, 설정변경 4.5h 전 < 12.0h | [2026-08-19 15:15:43] 수익성 점검 종료
[2026-08-19 16:16:02] 🩺 수익성 점검 실행 — [2026-08-19 16:15:48] 수익성 점검 시작 (dry_run=False, kill_switch=True) | [2026-08-19 16:16:02] [8408] 일평균 -6.74% 이나 표본 미달로 보류 — 거래 4건 < 20, 경과 0.2일 < 2.0, 설정변경 5.5h 전 < 12.0h | [2026-08-19 16:16:02] 수익성 점검 종료
[2026-08-19 17:16:22] 🩺 수익성 점검 실행 — [2026-08-19 17:16:07] 수익성 점검 시작 (dry_run=False, kill_switch=True) | [2026-08-19 17:16:22] [8408] 일평균 -5.05% 이나 표본 미달로 보류 — 거래 5건 < 20, 경과 0.3일 < 2.0, 설정변경 6.5h 전 < 12.0h | [2026-08-19 17:16:22] 수익성 점검 종료
[2026-08-19 18:16:39] 🩺 수익성 점검 실행 — [2026-08-19 18:16:24] 수익성 점검 시작 (dry_run=False, kill_switch=True) | [2026-08-19 18:16:39] [8408] 일평균 -9.36% 이나 표본 미달로 보류 — 거래 7건 < 20, 경과 0.3일 < 2.0, 설정변경 7.5h 전 < 12.0h | [2026-08-19 18:16:39] 수익성 점검 종료
[2026-08-19 19:17:01] 🩺 수익성 점검 실행 — [2026-08-19 19:16:46] 수익성 점검 시작 (dry_run=False, kill_switch=True) | [2026-08-19 19:17:01] [8409] 설정 변경 감지 1건 → 알림 발송 | [2026-08-19 19:17:01] 수익성 점검 종료
[2026-08-19 20:17:21] 🩺 수익성 점검 실행 — [2026-08-19 20:17:06] 수익성 점검 시작 (dry_run=False, kill_switch=True) | [2026-08-19 20:17:21] [8408] 설정 변경 감지 1건 → 알림 발송 | [2026-08-19 20:17:21] 수익성 점검 종료
[2026-08-19 21:17:37] 🩺 수익성 점검 실행 — [2026-08-19 21:17:22] 수익성 점검 시작 (dry_run=False, kill_switch=True) | [2026-08-19 21:17:37] [8409] 일평균 -1.27% 이나 표본 미달로 보류 — 거래 1건 < 20, 경과 0.1일 < 2.0, 설정변경 2.6h 전 < 12.0h | [2026-08-19 21:17:37] 수익성 점검 종료
[2026-08-19 22:18:00] 🩺 수익성 점검 실행 — [2026-08-19 22:17:46] 수익성 점검 시작 (dry_run=False, kill_switch=True) | [2026-08-19 22:18:00] [8409] 일평균 -1.27% 이나 표본 미달로 보류 — 거래 1건 < 20, 경과 0.2일 < 2.0, 설정변경 3.6h 전 < 12.0h | [2026-08-19 22:18:00] 수익성 점검 종료
[2026-08-19 23:18:21] 🩺 수익성 점검 실행 — [2026-08-19 23:18:21] [8409] 설정 변경 감지 4건 → 알림 발송 | [2026-08-19 23:18:21] [8409] 일평균 -1.27% 이나 표본 미달로 보류 — 거래 1건 < 20, 경과 0.2일 < 2.0, 설정변경 0.2h 전 < 12.0h | [2026-08-19 23:18:21] 수익성 점검 종료
[2026-08-20 00:18:41] 🩺 수익성 점검 실행 — [2026-08-20 00:18:25] KILL_SWITCH 감지 — 진단·알림만 수행하고 조치는 건너뜁니다 | [2026-08-20 00:18:25] 수익성 점검 시작 (dry_run=False, kill_switch=True) | [2026-08-20 00:18:41] 수익성 점검 종료
[2026-08-20 01:19:01] 🩺 수익성 점검 실행 — [2026-08-20 01:18:46] KILL_SWITCH 감지 — 진단·알림만 수행하고 조치는 건너뜁니다 | [2026-08-20 01:18:46] 수익성 점검 시작 (dry_run=False, kill_switch=True) | [2026-08-20 01:19:01] 수익성 점검 종료
[2026-08-20 02:19:21] 🩺 수익성 점검 실행 — [2026-08-20 02:19:06] KILL_SWITCH 감지 — 진단·알림만 수행하고 조치는 건너뜁니다 | [2026-08-20 02:19:06] 수익성 점검 시작 (dry_run=False, kill_switch=True) | [2026-08-20 02:19:21] 수익성 점검 종료
[2026-08-20 03:19:40] 🩺 수익성 점검 실행 — [2026-08-20 03:19:25] 수익성 점검 시작 (dry_run=False, kill_switch=True) | [2026-08-20 03:19:40] [8401] 일평균 -1.69% 이나 표본 미달로 보류 — 거래 2건 < 20, 경과 0.3일 < 2.0, 설정변경 8.2h 전 < 12.0h | [2026-08-20 03:19:40] 수익성 점검 종료
[2026-08-20 04:20:00] 🩺 수익성 점검 실행 — [2026-08-20 04:19:45] 수익성 점검 시작 (dry_run=False, kill_switch=True) | [2026-08-20 04:20:00] [8401] 일평균 -1.69% 이나 표본 미달로 보류 — 거래 2건 < 20, 경과 0.4일 < 2.0, 설정변경 9.2h 전 < 12.0h | [2026-08-20 04:20:00] 수익성 점검 종료
[2026-08-20 05:20:19] 🩺 수익성 점검 실행 — [2026-08-20 05:20:05] 수익성 점검 시작 (dry_run=False, kill_switch=True) | [2026-08-20 05:20:19] [8401] 일평균 -1.69% 이나 표본 미달로 보류 — 거래 2건 < 20, 경과 0.4일 < 2.0, 설정변경 10.2h 전 < 12.0h | [2026-08-20 05:20:19] 수익성 점검 종료
[2026-08-20 06:20:39] 🩺 수익성 점검 실행 — [2026-08-20 06:20:24] 수익성 점검 시작 (dry_run=False, kill_switch=True) | [2026-08-20 06:20:39] [8401] 일평균 -1.69% 이나 표본 미달로 보류 — 거래 2건 < 20, 경과 0.5일 < 2.0, 설정변경 11.2h 전 < 12.0h | [2026-08-20 06:20:39] 수익성 점검 종료
[2026-08-20 07:20:58] 🩺 수익성 점검 실행 — [2026-08-20 07:20:44] 수익성 점검 시작 (dry_run=False, kill_switch=True) | [2026-08-20 07:20:58] [8401] 일평균 -1.69% 이나 표본 미달로 보류 — 거래 2건 < 20, 경과 0.5일 < 2.0 | [2026-08-20 07:20:58] 수익성 점검 종료
[2026-08-20 08:21:18] 🩺 수익성 점검 실행 — [2026-08-20 08:21:03] 수익성 점검 시작 (dry_run=False, kill_switch=True) | [2026-08-20 08:21:18] [8401] 일평균 -1.69% 이나 표본 미달로 보류 — 거래 2건 < 20, 경과 0.5일 < 2.0 | [2026-08-20 08:21:18] 수익성 점검 종료
[2026-08-20 09:21:37] 🩺 수익성 점검 실행 — [2026-08-20 09:21:23] 수익성 점검 시작 (dry_run=False, kill_switch=True) | [2026-08-20 09:21:37] [8401] 일평균 -1.69% 이나 표본 미달로 보류 — 거래 2건 < 20, 경과 0.6일 < 2.0 | [2026-08-20 09:21:37] 수익성 점검 종료
[2026-08-20 10:21:57] 🩺 수익성 점검 실행 — [2026-08-20 10:21:42] 수익성 점검 시작 (dry_run=False, kill_switch=True) | [2026-08-20 10:21:57] [8401] 일평균 -1.69% 이나 표본 미달로 보류 — 거래 2건 < 20, 경과 0.6일 < 2.0 | [2026-08-20 10:21:57] 수익성 점검 종료
[2026-08-20 11:26:20] 🩺 수익성 점검 실행 — [2026-08-20 11:26:05] 수익성 점검 시작 (dry_run=False, kill_switch=True) | [2026-08-20 11:26:20] [8401] 일평균 -1.69% 이나 표본 미달로 보류 — 거래 2건 < 20, 경과 0.7일 < 2.0 | [2026-08-20 11:26:20] 수익성 점검 종료
[2026-08-20 12:26:41] 🩺 수익성 점검 실행 — [2026-08-20 12:26:24] 수익성 점검 시작 (dry_run=False, kill_switch=True) | [2026-08-20 12:26:41] [8401] 일평균 -1.69% 이나 표본 미달로 보류 — 거래 2건 < 20, 경과 0.7일 < 2.0 | [2026-08-20 12:26:41] 수익성 점검 종료
[2026-08-20 13:27:00] 🩺 수익성 점검 실행 — [2026-08-20 13:26:44] 수익성 점검 시작 (dry_run=False, kill_switch=True) | [2026-08-20 13:27:00] [8401] 설정 변경 감지 4건 → 알림 발송 | [2026-08-20 13:27:00] 수익성 점검 종료
[2026-08-20 14:27:22] 🩺 수익성 점검 실행 — [2026-08-20 14:27:06] KILL_SWITCH 감지 — 진단·알림만 수행하고 조치는 건너뜁니다 | [2026-08-20 14:27:06] 수익성 점검 시작 (dry_run=False, kill_switch=True) | [2026-08-20 14:27:22] 수익성 점검 종료
[2026-08-20 15:27:44] 🩺 수익성 점검 실행 — [2026-08-20 15:27:29] KILL_SWITCH 감지 — 진단·알림만 수행하고 조치는 건너뜁니다 | [2026-08-20 15:27:29] 수익성 점검 시작 (dry_run=False, kill_switch=True) | [2026-08-20 15:27:44] 수익성 점검 종료
[2026-08-20 16:28:05] 🩺 수익성 점검 실행 — [2026-08-20 16:27:50] KILL_SWITCH 감지 — 진단·알림만 수행하고 조치는 건너뜁니다 | [2026-08-20 16:27:50] 수익성 점검 시작 (dry_run=False, kill_switch=True) | [2026-08-20 16:28:05] 수익성 점검 종료
[2026-08-20 17:29:33] 🩺 수익성 점검 실행 — [2026-08-20 17:29:19] KILL_SWITCH 감지 — 진단·알림만 수행하고 조치는 건너뜁니다 | [2026-08-20 17:29:19] 수익성 점검 시작 (dry_run=False, kill_switch=True) | [2026-08-20 17:29:33] 수익성 점검 종료
[2026-08-20 18:29:54] 🩺 수익성 점검 실행 — [2026-08-20 18:29:39] KILL_SWITCH 감지 — 진단·알림만 수행하고 조치는 건너뜁니다 | [2026-08-20 18:29:39] 수익성 점검 시작 (dry_run=False, kill_switch=True) | [2026-08-20 18:29:54] 수익성 점검 종료
[2026-08-20 19:30:14] 🩺 수익성 점검 실행 — [2026-08-20 19:30:00] KILL_SWITCH 감지 — 진단·알림만 수행하고 조치는 건너뜁니다 | [2026-08-20 19:30:00] 수익성 점검 시작 (dry_run=False, kill_switch=True) | [2026-08-20 19:30:14] 수익성 점검 종료
[2026-08-20 20:30:35] 🩺 수익성 점검 실행 — [2026-08-20 20:30:20] KILL_SWITCH 감지 — 진단·알림만 수행하고 조치는 건너뜁니다 | [2026-08-20 20:30:20] 수익성 점검 시작 (dry_run=False, kill_switch=True) | [2026-08-20 20:30:35] 수익성 점검 종료
[2026-08-20 21:30:55] 🩺 수익성 점검 실행 — [2026-08-20 21:30:40] KILL_SWITCH 감지 — 진단·알림만 수행하고 조치는 건너뜁니다 | [2026-08-20 21:30:40] 수익성 점검 시작 (dry_run=False, kill_switch=True) | [2026-08-20 21:30:55] 수익성 점검 종료
[2026-08-20 22:31:17] 🩺 수익성 점검 실행 — [2026-08-20 22:31:01] KILL_SWITCH 감지 — 진단·알림만 수행하고 조치는 건너뜁니다 | [2026-08-20 22:31:01] 수익성 점검 시작 (dry_run=False, kill_switch=True) | [2026-08-20 22:31:17] 수익성 점검 종료
[2026-08-20 23:31:37] 🩺 수익성 점검 실행 — [2026-08-20 23:31:22] KILL_SWITCH 감지 — 진단·알림만 수행하고 조치는 건너뜁니다 | [2026-08-20 23:31:22] 수익성 점검 시작 (dry_run=False, kill_switch=True) | [2026-08-20 23:31:37] 수익성 점검 종료
[2026-08-21 00:32:01] 🩺 수익성 점검 실행 — [2026-08-21 00:31:45] 수익성 점검 시작 (dry_run=False, kill_switch=True) | [2026-08-21 00:32:01] [8403] 설정 변경 감지 1건 → 알림 발송 | [2026-08-21 00:32:01] 수익성 점검 종료
[2026-08-21 01:32:19] 🩺 수익성 점검 실행 — [2026-08-21 01:32:04] KILL_SWITCH 감지 — 진단·알림만 수행하고 조치는 건너뜁니다 | [2026-08-21 01:32:04] 수익성 점검 시작 (dry_run=False, kill_switch=True) | [2026-08-21 01:32:19] 수익성 점검 종료
[2026-08-21 02:32:39] 🩺 수익성 점검 실행 — [2026-08-21 02:32:24] KILL_SWITCH 감지 — 진단·알림만 수행하고 조치는 건너뜁니다 | [2026-08-21 02:32:24] 수익성 점검 시작 (dry_run=False, kill_switch=True) | [2026-08-21 02:32:39] 수익성 점검 종료
[2026-08-21 03:32:59] 🩺 수익성 점검 실행 — [2026-08-21 03:32:44] KILL_SWITCH 감지 — 진단·알림만 수행하고 조치는 건너뜁니다 | [2026-08-21 03:32:44] 수익성 점검 시작 (dry_run=False, kill_switch=True) | [2026-08-21 03:32:59] 수익성 점검 종료
[2026-08-21 04:33:21] 🩺 수익성 점검 실행 — [2026-08-21 04:33:06] KILL_SWITCH 감지 — 진단·알림만 수행하고 조치는 건너뜁니다 | [2026-08-21 04:33:06] 수익성 점검 시작 (dry_run=False, kill_switch=True) | [2026-08-21 04:33:21] 수익성 점검 종료
[2026-08-21 05:33:41] 🩺 수익성 점검 실행 — [2026-08-21 05:33:26] KILL_SWITCH 감지 — 진단·알림만 수행하고 조치는 건너뜁니다 | [2026-08-21 05:33:26] 수익성 점검 시작 (dry_run=False, kill_switch=True) | [2026-08-21 05:33:41] 수익성 점검 종료
[2026-08-21 06:34:01] 🩺 수익성 점검 실행 — [2026-08-21 06:33:46] KILL_SWITCH 감지 — 진단·알림만 수행하고 조치는 건너뜁니다 | [2026-08-21 06:33:46] 수익성 점검 시작 (dry_run=False, kill_switch=True) | [2026-08-21 06:34:01] 수익성 점검 종료
[2026-08-21 07:34:20] 🩺 수익성 점검 실행 — [2026-08-21 07:34:06] KILL_SWITCH 감지 — 진단·알림만 수행하고 조치는 건너뜁니다 | [2026-08-21 07:34:06] 수익성 점검 시작 (dry_run=False, kill_switch=True) | [2026-08-21 07:34:20] 수익성 점검 종료
[2026-08-21 08:34:40] 🩺 수익성 점검 실행 — [2026-08-21 08:34:25] KILL_SWITCH 감지 — 진단·알림만 수행하고 조치는 건너뜁니다 | [2026-08-21 08:34:25] 수익성 점검 시작 (dry_run=False, kill_switch=True) | [2026-08-21 08:34:40] 수익성 점검 종료
[2026-08-21 09:34:56] 🩺 수익성 점검 실행 — [2026-08-21 09:34:41] KILL_SWITCH 감지 — 진단·알림만 수행하고 조치는 건너뜁니다 | [2026-08-21 09:34:41] 수익성 점검 시작 (dry_run=False, kill_switch=True) | [2026-08-21 09:34:56] 수익성 점검 종료
[2026-08-21 10:35:20] 🩺 수익성 점검 실행 — [2026-08-21 10:35:05] KILL_SWITCH 감지 — 진단·알림만 수행하고 조치는 건너뜁니다 | [2026-08-21 10:35:05] 수익성 점검 시작 (dry_run=False, kill_switch=True) | [2026-08-21 10:35:20] 수익성 점검 종료
[2026-08-21 11:35:38] 🩺 수익성 점검 실행 — [2026-08-21 11:35:24] KILL_SWITCH 감지 — 진단·알림만 수행하고 조치는 건너뜁니다 | [2026-08-21 11:35:24] 수익성 점검 시작 (dry_run=False, kill_switch=True) | [2026-08-21 11:35:38] 수익성 점검 종료
[2026-08-21 12:35:58] 🩺 수익성 점검 실행 — [2026-08-21 12:35:43] KILL_SWITCH 감지 — 진단·알림만 수행하고 조치는 건너뜁니다 | [2026-08-21 12:35:43] 수익성 점검 시작 (dry_run=False, kill_switch=True) | [2026-08-21 12:35:58] 수익성 점검 종료
[2026-08-21 13:36:21] 🩺 수익성 점검 실행 — [2026-08-21 13:36:05] KILL_SWITCH 감지 — 진단·알림만 수행하고 조치는 건너뜁니다 | [2026-08-21 13:36:05] 수익성 점검 시작 (dry_run=False, kill_switch=True) | [2026-08-21 13:36:21] 수익성 점검 종료
[2026-08-21 14:36:40] 🩺 수익성 점검 실행 — [2026-08-21 14:36:25] KILL_SWITCH 감지 — 진단·알림만 수행하고 조치는 건너뜁니다 | [2026-08-21 14:36:25] 수익성 점검 시작 (dry_run=False, kill_switch=True) | [2026-08-21 14:36:40] 수익성 점검 종료
[2026-08-21 15:37:00] 🩺 수익성 점검 실행 — [2026-08-21 15:36:45] KILL_SWITCH 감지 — 진단·알림만 수행하고 조치는 건너뜁니다 | [2026-08-21 15:36:45] 수익성 점검 시작 (dry_run=False, kill_switch=True) | [2026-08-21 15:37:00] 수익성 점검 종료
[2026-08-21 16:37:22] 🩺 수익성 점검 실행 — [2026-08-21 16:37:07] KILL_SWITCH 감지 — 진단·알림만 수행하고 조치는 건너뜁니다 | [2026-08-21 16:37:07] 수익성 점검 시작 (dry_run=False, kill_switch=True) | [2026-08-21 16:37:22] 수익성 점검 종료
[2026-08-21 17:37:43] 🩺 수익성 점검 실행 — [2026-08-21 17:37:28] KILL_SWITCH 감지 — 진단·알림만 수행하고 조치는 건너뜁니다 | [2026-08-21 17:37:28] 수익성 점검 시작 (dry_run=False, kill_switch=True) | [2026-08-21 17:37:43] 수익성 점검 종료
[2026-08-21 18:38:03] 🩺 수익성 점검 실행 — [2026-08-21 18:37:48] KILL_SWITCH 감지 — 진단·알림만 수행하고 조치는 건너뜁니다 | [2026-08-21 18:37:48] 수익성 점검 시작 (dry_run=False, kill_switch=True) | [2026-08-21 18:38:03] 수익성 점검 종료
[2026-08-21 19:38:24] 🩺 수익성 점검 실행 — [2026-08-21 19:38:09] KILL_SWITCH 감지 — 진단·알림만 수행하고 조치는 건너뜁니다 | [2026-08-21 19:38:09] 수익성 점검 시작 (dry_run=False, kill_switch=True) | [2026-08-21 19:38:24] 수익성 점검 종료
[2026-08-21 20:38:44] 🩺 수익성 점검 실행 — [2026-08-21 20:38:29] KILL_SWITCH 감지 — 진단·알림만 수행하고 조치는 건너뜁니다 | [2026-08-21 20:38:29] 수익성 점검 시작 (dry_run=False, kill_switch=True) | [2026-08-21 20:38:44] 수익성 점검 종료
[2026-08-21 21:39:04] 🩺 수익성 점검 실행 — [2026-08-21 21:38:49] KILL_SWITCH 감지 — 진단·알림만 수행하고 조치는 건너뜁니다 | [2026-08-21 21:38:49] 수익성 점검 시작 (dry_run=False, kill_switch=True) | [2026-08-21 21:39:04] 수익성 점검 종료
[2026-08-21 22:39:25] 🩺 수익성 점검 실행 — [2026-08-21 22:39:10] KILL_SWITCH 감지 — 진단·알림만 수행하고 조치는 건너뜁니다 | [2026-08-21 22:39:10] 수익성 점검 시작 (dry_run=False, kill_switch=True) | [2026-08-21 22:39:25] 수익성 점검 종료
