timestamp,open,high,low,close,volume
2026-04-03 17:00:00,1.3245,1.3252,1.3191,1.3212,784939.5
2026-04-03 18:00:00,1.3211,1.3224,1.3176,1.318,1136059.9
2026-04-03 19:00:00,1.318,1.3185,1.3135,1.3178,848707.4
2026-04-03 20:00:00,1.3177,1.3191,1.3165,1.3166,477092.3
2026-04-03 21:00:00,1.3165,1.3196,1.3135,1.3184,1349691.4
2026-04-03 22:00:00,1.3183,1.3223,1.3159,1.3167,1846968.4
2026-04-03 23:00:00,1.3167,1.319,1.3124,1.3184,1789602.7
2026-04-04 00:00:00,1.3183,1.3191,1.3161,1.3163,1367146.7
2026-04-04 01:00:00,1.3163,1.3176,1.3146,1.315,900918.0
2026-04-04 02:00:00,1.3149,1.3151,1.3133,1.3146,843814.6
2026-04-04 03:00:00,1.3147,1.3168,1.3145,1.3159,615449.8
2026-04-04 04:00:00,1.3158,1.3184,1.3154,1.3164,1211115.4
2026-04-04 05:00:00,1.3164,1.3185,1.3155,1.3171,768041.2
2026-04-04 06:00:00,1.3171,1.3208,1.3164,1.3198,1175205.3
2026-04-04 07:00:00,1.3198,1.3201,1.3153,1.3161,586691.6
2026-04-04 08:00:00,1.3161,1.3165,1.3138,1.314,1063080.7
2026-04-04 09:00:00,1.3141,1.3143,1.3126,1.3126,848947.0
2026-04-04 10:00:00,1.3127,1.3148,1.307,1.3143,2936098.8
2026-04-04 11:00:00,1.3143,1.3164,1.311,1.3118,1866743.3
2026-04-04 12:00:00,1.3119,1.312,1.3091,1.3104,1081779.5
2026-04-04 13:00:00,1.3104,1.3117,1.3083,1.3094,1671003.2
2026-04-04 14:00:00,1.3094,1.3128,1.3067,1.3126,1428741.1
2026-04-04 15:00:00,1.3126,1.3169,1.3116,1.3126,1987004.9
2026-04-04 16:00:00,1.3126,1.3158,1.3107,1.3124,1556804.3
2026-04-04 17:00:00,1.3125,1.3161,1.312,1.3146,1766866.1
2026-04-04 18:00:00,1.3145,1.3158,1.3134,1.3134,821502.4
2026-04-04 19:00:00,1.3135,1.3226,1.3134,1.3178,2655558.7
2026-04-04 20:00:00,1.3178,1.3183,1.3158,1.3167,562782.6
2026-04-04 21:00:00,1.3168,1.3189,1.3141,1.317,812908.1
2026-04-04 22:00:00,1.3171,1.3187,1.3162,1.3169,806986.3
2026-04-04 23:00:00,1.3168,1.3168,1.3136,1.3153,639821.3
2026-04-05 00:00:00,1.3154,1.3155,1.3116,1.3127,642246.1
2026-04-05 01:00:00,1.3127,1.3142,1.3117,1.3129,591410.3
2026-04-05 02:00:00,1.3129,1.32,1.3102,1.317,1812044.5
2026-04-05 03:00:00,1.3169,1.3173,1.3132,1.3133,459594.3
2026-04-05 04:00:00,1.3134,1.3154,1.3093,1.3109,3536467.5
2026-04-05 05:00:00,1.3109,1.3123,1.3,1.3006,5127206.7
2026-04-05 06:00:00,1.3007,1.3032,1.2957,1.3015,5444457.4
2026-04-05 07:00:00,1.3016,1.3037,1.2964,1.2979,5306453.9
2026-04-05 08:00:00,1.2978,1.2997,1.2969,1.2993,1631740.3
2026-04-05 09:00:00,1.2992,1.302,1.299,1.3009,1478271.8
2026-04-05 10:00:00,1.3008,1.304,1.2983,1.299,1592225.9
2026-04-05 11:00:00,1.2989,1.3008,1.2976,1.2987,1630983.3
2026-04-05 12:00:00,1.2987,1.2987,1.2787,1.2825,9868375.5
2026-04-05 13:00:00,1.2825,1.2924,1.2801,1.2891,5340588.6
2026-04-05 14:00:00,1.289,1.2906,1.2852,1.2863,1999148.5
2026-04-05 15:00:00,1.2864,1.306,1.2834,1.2967,5507622.1
2026-04-05 16:00:00,1.2967,1.302,1.2967,1.2977,1760049.1
2026-04-05 17:00:00,1.2978,1.3031,1.2968,1.3024,1511827.0
2026-04-05 18:00:00,1.3023,1.3048,1.2988,1.3028,1457152.5
2026-04-05 19:00:00,1.3028,1.3075,1.2994,1.3006,1460536.8
2026-04-05 20:00:00,1.3006,1.3066,1.2997,1.3042,2475268.9
2026-04-05 21:00:00,1.3042,1.3048,1.2986,1.3008,1377067.5
2026-04-05 22:00:00,1.3007,1.313,1.2972,1.3123,3739768.4
2026-04-05 23:00:00,1.3124,1.332,1.3116,1.3263,8563759.9
2026-04-06 00:00:00,1.3264,1.34,1.3264,1.3315,8600355.9
2026-04-06 01:00:00,1.3316,1.3336,1.326,1.3296,6051761.3
2026-04-06 02:00:00,1.3296,1.349,1.3293,1.3404,8629987.3
2026-04-06 03:00:00,1.3404,1.3422,1.3361,1.3381,4507841.4
2026-04-06 04:00:00,1.3382,1.3423,1.3362,1.3397,4167904.6
2026-04-06 05:00:00,1.3398,1.3408,1.3367,1.3402,2894261.7
2026-04-06 06:00:00,1.3403,1.3474,1.3387,1.3414,6156505.0
2026-04-06 07:00:00,1.3415,1.3461,1.3376,1.3443,6838423.8
2026-04-06 08:00:00,1.3444,1.3465,1.3386,1.3389,4333144.4
2026-04-06 09:00:00,1.339,1.3577,1.3377,1.3525,7008254.6
2026-04-06 10:00:00,1.3526,1.3567,1.3516,1.3531,4007674.9
2026-04-06 11:00:00,1.353,1.3532,1.3479,1.3499,4401151.5
2026-04-06 12:00:00,1.3498,1.3508,1.3424,1.3433,4372018.0
2026-04-06 13:00:00,1.3434,1.348,1.3422,1.3469,2521627.5
2026-04-06 14:00:00,1.3469,1.3534,1.3407,1.3478,5048832.8
2026-04-06 15:00:00,1.3478,1.3512,1.3446,1.3504,2894886.6
2026-04-06 16:00:00,1.3505,1.3538,1.3418,1.3434,2518940.4
2026-04-06 17:00:00,1.3435,1.3439,1.335,1.3392,4771372.2
2026-04-06 18:00:00,1.3392,1.343,1.3369,1.3411,2760085.7
2026-04-06 19:00:00,1.341,1.3437,1.3376,1.3415,1961771.3
2026-04-06 20:00:00,1.3416,1.3436,1.34,1.3412,1353518.0
2026-04-06 21:00:00,1.3412,1.3412,1.3349,1.3357,1199912.6
2026-04-06 22:00:00,1.3356,1.3356,1.3185,1.3185,3179260.6
2026-04-06 23:00:00,1.3186,1.3233,1.3122,1.3212,4166298.6
2026-04-07 00:00:00,1.3211,1.326,1.3197,1.3214,2054373.8
2026-04-07 01:00:00,1.3214,1.3247,1.3142,1.3146,2216620.7
2026-04-07 02:00:00,1.3146,1.3195,1.3125,1.3172,1835276.3
2026-04-07 03:00:00,1.3172,1.3186,1.3146,1.317,1457595.4
2026-04-07 04:00:00,1.3169,1.3205,1.3131,1.3183,1552299.0
2026-04-07 05:00:00,1.3183,1.319,1.3095,1.3114,3422974.4
2026-04-07 06:00:00,1.3114,1.3123,1.3056,1.3114,3340138.0
2026-04-07 07:00:00,1.3114,1.3163,1.3108,1.3127,2611608.5
2026-04-07 08:00:00,1.3127,1.3233,1.3111,1.3196,5087013.7
2026-04-07 09:00:00,1.3196,1.3247,1.3181,1.3203,3760202.7
2026-04-07 10:00:00,1.3203,1.3216,1.3062,1.3072,4262692.0
2026-04-07 11:00:00,1.3073,1.3093,1.3034,1.3063,3634642.7
2026-04-07 12:00:00,1.3063,1.3128,1.3011,1.3087,5116190.2
2026-04-07 13:00:00,1.3086,1.3135,1.3048,1.3048,2685832.9
2026-04-07 14:00:00,1.3049,1.3053,1.2966,1.2966,4985118.3
2026-04-07 15:00:00,1.2967,1.3023,1.2949,1.2976,3917539.7
2026-04-07 16:00:00,1.2976,1.3032,1.2954,1.3007,4805879.4
2026-04-07 17:00:00,1.3006,1.3146,1.2993,1.3085,3580231.2
2026-04-07 18:00:00,1.3085,1.3098,1.3001,1.3021,2674056.0
2026-04-07 19:00:00,1.302,1.3164,1.3014,1.3142,6936729.5
2026-04-07 20:00:00,1.3142,1.3223,1.3139,1.318,5537399.6
2026-04-07 21:00:00,1.3181,1.3405,1.3181,1.338,9000432.0
2026-04-07 22:00:00,1.338,1.3739,1.3364,1.3735,23693900.1
2026-04-07 23:00:00,1.3736,1.3962,1.3671,1.3787,22534249.3
2026-04-08 00:00:00,1.3786,1.3841,1.3601,1.3665,12903423.9
2026-04-08 01:00:00,1.3666,1.3733,1.3639,1.3698,6206127.8
2026-04-08 02:00:00,1.3699,1.3761,1.3682,1.3744,4583150.9
2026-04-08 03:00:00,1.3744,1.3775,1.3688,1.37,5922710.8
2026-04-08 04:00:00,1.3701,1.3779,1.3692,1.3761,6632808.8
2026-04-08 05:00:00,1.3761,1.3883,1.3761,1.3845,6697565.3
2026-04-08 06:00:00,1.3846,1.387,1.3797,1.3799,4423962.5
2026-04-08 07:00:00,1.38,1.3849,1.3776,1.3797,4053132.6
2026-04-08 08:00:00,1.3797,1.384,1.3781,1.3812,2907801.7
2026-04-08 09:00:00,1.3813,1.3882,1.3778,1.3809,3941970.7
2026-04-08 10:00:00,1.381,1.3849,1.3787,1.3835,4696052.7
2026-04-08 11:00:00,1.3835,1.3853,1.3717,1.3781,5657923.9
2026-04-08 12:00:00,1.3782,1.3838,1.3744,1.3803,5640040.8
2026-04-08 13:00:00,1.3803,1.3898,1.3737,1.3742,6571261.2
2026-04-08 14:00:00,1.3741,1.375,1.3454,1.3502,14042802.6
2026-04-08 15:00:00,1.3503,1.357,1.3489,1.3549,6291301.8
2026-04-08 16:00:00,1.3548,1.3597,1.3524,1.3572,3758797.3
2026-04-08 17:00:00,1.3572,1.3637,1.3548,1.3621,3114486.5
2026-04-08 18:00:00,1.3621,1.3624,1.3474,1.3481,3148161.7
2026-04-08 19:00:00,1.3481,1.3524,1.3445,1.3519,2604308.3
2026-04-08 20:00:00,1.3518,1.3536,1.3462,1.3486,1857522.1
2026-04-08 21:00:00,1.3486,1.3573,1.3479,1.3528,2390650.5
2026-04-08 22:00:00,1.3529,1.3534,1.3444,1.3446,2963473.8
2026-04-08 23:00:00,1.3446,1.346,1.3389,1.3428,3846295.1
2026-04-09 00:00:00,1.3428,1.3431,1.3343,1.3398,3338316.5
2026-04-09 01:00:00,1.3397,1.3405,1.3266,1.3345,8403365.1
2026-04-09 02:00:00,1.3344,1.3365,1.3318,1.3342,2301676.4
2026-04-09 03:00:00,1.3342,1.337,1.3296,1.3311,5126188.6
2026-04-09 04:00:00,1.3311,1.3325,1.3272,1.3316,6363503.3
2026-04-09 05:00:00,1.3317,1.3357,1.3309,1.3332,7714023.4
2026-04-09 06:00:00,1.3332,1.3356,1.3256,1.3331,4484653.0
2026-04-09 07:00:00,1.3331,1.3341,1.3305,1.332,2473525.3
2026-04-09 08:00:00,1.332,1.3365,1.3306,1.3352,3471787.2
2026-04-09 09:00:00,1.3351,1.339,1.3337,1.3381,3325370.4
2026-04-09 10:00:00,1.3381,1.3385,1.3329,1.3329,4004062.6
2026-04-09 11:00:00,1.3328,1.3356,1.3255,1.3297,7070046.5
2026-04-09 12:00:00,1.3297,1.3327,1.3262,1.3313,4358673.2
2026-04-09 13:00:00,1.3314,1.3328,1.3264,1.3295,3732646.3
2026-04-09 14:00:00,1.3296,1.3338,1.3218,1.3326,4887020.8
2026-04-09 15:00:00,1.3327,1.3553,1.33,1.3523,9390082.4
2026-04-09 16:00:00,1.3523,1.3598,1.3462,1.3524,6676194.0
2026-04-09 17:00:00,1.3523,1.3603,1.3517,1.3585,4502603.0
2026-04-09 18:00:00,1.3586,1.3594,1.3504,1.3553,3569268.3
2026-04-09 19:00:00,1.3553,1.3607,1.352,1.3559,2530761.8
2026-04-09 20:00:00,1.3558,1.3593,1.3534,1.3566,2004824.7
2026-04-09 21:00:00,1.3567,1.3613,1.3511,1.3534,2440287.9
2026-04-09 22:00:00,1.3535,1.3696,1.3517,1.3525,6881110.8
2026-04-09 23:00:00,1.3525,1.3534,1.3418,1.3438,3215622.6
2026-04-10 00:00:00,1.3438,1.3478,1.3407,1.3451,2477857.0
2026-04-10 01:00:00,1.3451,1.3505,1.3403,1.3435,4378003.5
2026-04-10 02:00:00,1.3435,1.3471,1.3417,1.3433,1378425.1
2026-04-10 03:00:00,1.3433,1.3459,1.3408,1.3412,2433875.5
2026-04-10 04:00:00,1.3412,1.3488,1.3412,1.3463,1396876.8
2026-04-10 05:00:00,1.3463,1.3487,1.3427,1.3436,1969184.8
2026-04-10 06:00:00,1.3437,1.3468,1.3393,1.3422,3095190.2
2026-04-10 07:00:00,1.3422,1.3431,1.3356,1.337,2957140.2
2026-04-10 08:00:00,1.337,1.3467,1.3348,1.3395,4346490.5
2026-04-10 09:00:00,1.3394,1.343,1.3359,1.3387,7166572.0
2026-04-10 10:00:00,1.3388,1.3408,1.3359,1.3374,6311749.3
2026-04-10 11:00:00,1.3374,1.3438,1.337,1.3415,2865631.9
2026-04-10 12:00:00,1.3415,1.3473,1.3397,1.3431,6081636.7
2026-04-10 13:00:00,1.3431,1.3454,1.3379,1.3445,2617210.6
2026-04-10 14:00:00,1.3445,1.3581,1.3431,1.358,6093718.5
2026-04-10 15:00:00,1.3579,1.362,1.3461,1.3478,5422662.2
2026-04-10 16:00:00,1.3479,1.354,1.3475,1.3515,3235890.3
2026-04-10 17:00:00,1.3515,1.356,1.3487,1.3553,1271394.2
2026-04-10 18:00:00,1.3554,1.36,1.353,1.3597,2258593.3
2026-04-10 19:00:00,1.3597,1.3633,1.3582,1.3631,3457001.5
2026-04-10 20:00:00,1.363,1.366,1.3597,1.3642,3800214.5
2026-04-10 21:00:00,1.3641,1.3642,1.3575,1.3604,2030249.3
2026-04-10 22:00:00,1.3605,1.3612,1.3547,1.3563,1523172.7
2026-04-10 23:00:00,1.3563,1.3569,1.3543,1.3559,1217256.1
2026-04-11 00:00:00,1.3559,1.3565,1.3532,1.3541,1582377.2
2026-04-11 01:00:00,1.3541,1.3541,1.3488,1.3532,3944196.2
2026-04-11 02:00:00,1.3532,1.357,1.3527,1.355,1603541.2
2026-04-11 03:00:00,1.3549,1.357,1.3502,1.3506,1437049.1
2026-04-11 04:00:00,1.3506,1.352,1.3481,1.3509,1655635.0
2026-04-11 05:00:00,1.3509,1.3514,1.3461,1.3476,1242252.1
2026-04-11 06:00:00,1.3476,1.3476,1.344,1.3464,1212360.6
2026-04-11 07:00:00,1.3464,1.348,1.3457,1.3464,911846.3
2026-04-11 08:00:00,1.3465,1.3486,1.3449,1.3455,1280017.2
2026-04-11 09:00:00,1.3455,1.349,1.3422,1.3479,2365818.4
2026-04-11 10:00:00,1.3479,1.3481,1.3457,1.3472,938826.6
2026-04-11 11:00:00,1.3471,1.3499,1.3441,1.3457,2223219.2
2026-04-11 12:00:00,1.3456,1.3465,1.3425,1.3446,2057497.5
2026-04-11 13:00:00,1.3445,1.345,1.34,1.3449,1996050.5
2026-04-11 14:00:00,1.345,1.349,1.3417,1.3424,2976876.4
2026-04-11 15:00:00,1.3424,1.3467,1.3394,1.346,3974311.9
2026-04-11 16:00:00,1.3461,1.3584,1.3456,1.3548,2393898.5
2026-04-11 17:00:00,1.3547,1.3564,1.3511,1.3531,1834414.9
2026-04-11 18:00:00,1.3532,1.3671,1.3515,1.3642,4599456.7
2026-04-11 19:00:00,1.3642,1.3752,1.3626,1.3712,5234080.4
2026-04-11 20:00:00,1.3712,1.3728,1.3581,1.3616,4459312.7
2026-04-11 21:00:00,1.3615,1.3662,1.3596,1.3623,2126525.1
2026-04-11 22:00:00,1.3622,1.3699,1.36,1.3617,2877722.7
2026-04-11 23:00:00,1.3616,1.3616,1.3513,1.3546,2168069.9
2026-04-12 00:00:00,1.3547,1.3548,1.3514,1.3537,1202161.1
2026-04-12 01:00:00,1.3536,1.3559,1.326,1.3296,12772215.8
2026-04-12 02:00:00,1.3296,1.3378,1.3254,1.3345,4422898.1
2026-04-12 03:00:00,1.3344,1.3364,1.33,1.3302,2991365.9
2026-04-12 04:00:00,1.3302,1.3308,1.3271,1.3279,3345332.3
2026-04-12 05:00:00,1.3279,1.3311,1.3268,1.3305,2809048.6
2026-04-12 06:00:00,1.3305,1.3321,1.3288,1.3295,2173805.2
2026-04-12 07:00:00,1.3295,1.331,1.3274,1.3298,1284355.5
2026-04-12 08:00:00,1.3297,1.3321,1.3278,1.3287,1305068.2
2026-04-12 09:00:00,1.3288,1.3321,1.3266,1.3304,2096131.7
2026-04-12 10:00:00,1.3304,1.3329,1.3295,1.3306,1903841.1
2026-04-12 11:00:00,1.3306,1.3339,1.33,1.333,1802537.0
2026-04-12 12:00:00,1.333,1.3346,1.3277,1.3311,2617938.1
2026-04-12 13:00:00,1.331,1.3328,1.3232,1.3235,5948332.8
2026-04-12 14:00:00,1.3235,1.3275,1.3215,1.3224,7206215.5
2026-04-12 15:00:00,1.3224,1.3253,1.3193,1.3239,1915524.2
2026-04-12 16:00:00,1.3239,1.3283,1.3234,1.3282,1150966.1
2026-04-12 17:00:00,1.3283,1.3341,1.3273,1.3328,1405650.5
2026-04-12 18:00:00,1.3329,1.3341,1.33,1.331,1223982.2
2026-04-12 19:00:00,1.3311,1.3318,1.33,1.3311,1176630.9
2026-04-12 20:00:00,1.331,1.3395,1.3296,1.3367,2884003.4
2026-04-12 21:00:00,1.3368,1.3391,1.3338,1.3365,1896566.5
2026-04-12 22:00:00,1.3365,1.3365,1.3232,1.3283,3212862.3
2026-04-12 23:00:00,1.3282,1.3282,1.3225,1.3247,1498338.1
2026-04-13 00:00:00,1.3246,1.3335,1.3234,1.3317,2286551.7
2026-04-13 01:00:00,1.3316,1.3328,1.3264,1.3322,2636286.3
2026-04-13 02:00:00,1.3322,1.3331,1.3245,1.3255,2311187.9
2026-04-13 03:00:00,1.3254,1.3288,1.3243,1.3254,2188242.4
2026-04-13 04:00:00,1.3254,1.3272,1.3193,1.323,2591488.2
2026-04-13 05:00:00,1.3229,1.3321,1.3219,1.3316,1953390.5
2026-04-13 06:00:00,1.3315,1.3374,1.3311,1.3345,5376624.4
2026-04-13 07:00:00,1.3346,1.3355,1.3254,1.3254,1806769.3
2026-04-13 08:00:00,1.3255,1.3285,1.3226,1.3256,3618319.2
2026-04-13 09:00:00,1.3256,1.3304,1.3247,1.3266,8280288.3
2026-04-13 10:00:00,1.3266,1.3268,1.3235,1.325,1785602.6
2026-04-13 11:00:00,1.325,1.3279,1.3247,1.3255,2206613.0
2026-04-13 12:00:00,1.3256,1.3336,1.3234,1.332,3542167.5
2026-04-13 13:00:00,1.3321,1.3413,1.3277,1.3396,5615941.3
2026-04-13 14:00:00,1.3396,1.3468,1.3319,1.3459,6203539.3
2026-04-13 15:00:00,1.3458,1.3462,1.3313,1.3345,3889159.7
2026-04-13 16:00:00,1.3345,1.3422,1.3294,1.3397,4850100.9
2026-04-13 17:00:00,1.3397,1.3455,1.3372,1.3379,2939453.8
2026-04-13 18:00:00,1.338,1.3406,1.3343,1.3404,3169497.2
2026-04-13 19:00:00,1.3404,1.3557,1.3392,1.3533,6263809.1
2026-04-13 20:00:00,1.3533,1.3556,1.3467,1.347,3628562.5
2026-04-13 21:00:00,1.3469,1.3535,1.3437,1.3508,2308571.8
2026-04-13 22:00:00,1.3508,1.3771,1.3501,1.3747,15371368.5
2026-04-13 23:00:00,1.3747,1.3839,1.3709,1.3756,10627165.8
2026-04-14 00:00:00,1.3757,1.3775,1.3607,1.3621,8418052.9
2026-04-14 01:00:00,1.3621,1.3682,1.3594,1.3667,3590295.1
2026-04-14 02:00:00,1.3667,1.3708,1.3647,1.3682,2916054.7
2026-04-14 03:00:00,1.3681,1.3681,1.3655,1.3672,2024244.6
2026-04-14 04:00:00,1.3672,1.3682,1.3602,1.3635,3830615.9
2026-04-14 05:00:00,1.3636,1.3654,1.3613,1.3623,1988915.2
2026-04-14 06:00:00,1.3623,1.3731,1.3623,1.3716,4218158.0
2026-04-14 07:00:00,1.3715,1.3773,1.3678,1.3682,4860681.9
2026-04-14 08:00:00,1.3683,1.3756,1.3667,1.3735,3653597.4
2026-04-14 09:00:00,1.3735,1.3762,1.3712,1.3733,3288998.1
2026-04-14 10:00:00,1.3734,1.3734,1.3691,1.3702,3447630.8
2026-04-14 11:00:00,1.3701,1.3744,1.368,1.3692,2430070.8
2026-04-14 12:00:00,1.3692,1.3716,1.365,1.3673,4684544.5
2026-04-14 13:00:00,1.3673,1.3936,1.3671,1.3926,11917118.8
2026-04-14 14:00:00,1.3927,1.3955,1.3718,1.3719,11616553.8
2026-04-14 15:00:00,1.3719,1.3792,1.3672,1.3745,6331762.6
2026-04-14 16:00:00,1.3745,1.3809,1.366,1.3684,4128711.3
2026-04-14 17:00:00,1.3684,1.3741,1.3651,1.3688,1802832.6
2026-04-14 18:00:00,1.3688,1.3704,1.3521,1.3546,3591105.2
2026-04-14 19:00:00,1.3545,1.3609,1.3526,1.3607,2126556.9
2026-04-14 20:00:00,1.3608,1.3615,1.3552,1.3569,1556422.2
2026-04-14 21:00:00,1.3569,1.3621,1.3561,1.3601,1514364.9
2026-04-14 22:00:00,1.3601,1.3656,1.3553,1.3584,5122167.0
2026-04-14 23:00:00,1.3584,1.366,1.3572,1.3617,3983144.3
2026-04-15 00:00:00,1.3617,1.3668,1.3576,1.3621,6743561.6
2026-04-15 01:00:00,1.3621,1.3651,1.3589,1.3624,4221411.0
2026-04-15 02:00:00,1.3623,1.364,1.3553,1.3571,3383861.2
2026-04-15 03:00:00,1.3571,1.3583,1.3559,1.3578,1834827.0
2026-04-15 04:00:00,1.3577,1.3606,1.3574,1.3592,1484268.9
2026-04-15 05:00:00,1.3591,1.3614,1.3551,1.3588,1944818.9
2026-04-15 06:00:00,1.3589,1.3589,1.3542,1.3557,1837785.3
2026-04-15 07:00:00,1.3556,1.3568,1.3503,1.352,4287531.9
2026-04-15 08:00:00,1.352,1.3572,1.3509,1.3557,2525841.5
2026-04-15 09:00:00,1.3557,1.3562,1.3507,1.3526,2410408.1
2026-04-15 10:00:00,1.3525,1.3596,1.3517,1.3562,2255718.0
2026-04-15 11:00:00,1.3562,1.3647,1.3562,1.3636,3609495.5
2026-04-15 12:00:00,1.3635,1.369,1.3612,1.3652,4690185.6
2026-04-15 13:00:00,1.3653,1.368,1.3614,1.3673,4496899.3
2026-04-15 14:00:00,1.3672,1.3793,1.3641,1.3764,7650933.2
2026-04-15 15:00:00,1.3765,1.3835,1.3717,1.3733,9723865.2
2026-04-15 16:00:00,1.3733,1.3821,1.3718,1.3782,5719009.6
2026-04-15 17:00:00,1.3783,1.3839,1.3758,1.3801,4525630.5
2026-04-15 18:00:00,1.38,1.3874,1.3789,1.3868,3784929.7
2026-04-15 19:00:00,1.3869,1.4086,1.3846,1.4,14683672.3
2026-04-15 20:00:00,1.4,1.4006,1.3856,1.3883,4328818.4
2026-04-15 21:00:00,1.3884,1.3892,1.3799,1.3887,4113838.7
2026-04-15 22:00:00,1.3886,1.4025,1.3886,1.3942,6272037.0
2026-04-15 23:00:00,1.3941,1.3941,1.3858,1.3922,2964606.0
2026-04-16 00:00:00,1.3922,1.3982,1.3865,1.3971,3516770.9
2026-04-16 01:00:00,1.3971,1.4022,1.3904,1.4002,5790412.8
2026-04-16 02:00:00,1.4002,1.4103,1.3966,1.4067,7024921.5
2026-04-16 03:00:00,1.4067,1.4156,1.4054,1.4063,5963514.4
2026-04-16 04:00:00,1.4063,1.4114,1.4022,1.4038,4525132.4
2026-04-16 05:00:00,1.4038,1.4073,1.4006,1.4057,2675693.7
2026-04-16 06:00:00,1.4058,1.41,1.4044,1.4099,2569794.5
2026-04-16 07:00:00,1.4099,1.4128,1.4044,1.4058,2954686.6
2026-04-16 08:00:00,1.4058,1.4095,1.4026,1.4052,3411962.0
2026-04-16 09:00:00,1.4053,1.4231,1.404,1.4174,11244655.5
2026-04-16 10:00:00,1.4173,1.4178,1.4079,1.4087,5705421.7
2026-04-16 11:00:00,1.4088,1.4095,1.4016,1.4095,5615964.5
2026-04-16 12:00:00,1.4095,1.4234,1.4091,1.414,6671366.3
2026-04-16 13:00:00,1.414,1.4342,1.3992,1.4072,13794029.4
2026-04-16 14:00:00,1.4071,1.4129,1.3928,1.4104,13410026.5
2026-04-16 15:00:00,1.4104,1.4325,1.4074,1.4291,10580763.2
2026-04-16 16:00:00,1.4291,1.442,1.4159,1.4194,11061036.5
2026-04-16 17:00:00,1.4195,1.4298,1.4144,1.4273,4706690.4
2026-04-16 18:00:00,1.4273,1.4486,1.4244,1.4466,6982750.8
2026-04-16 19:00:00,1.4467,1.4664,1.4414,1.4645,10892727.1
2026-04-16 20:00:00,1.4645,1.4663,1.444,1.4524,7841019.8
2026-04-16 21:00:00,1.4525,1.4589,1.4459,1.4467,2760840.4
2026-04-16 22:00:00,1.4467,1.4538,1.4467,1.4513,2592799.1
2026-04-16 23:00:00,1.4513,1.4578,1.448,1.453,3134262.1
2026-04-17 00:00:00,1.453,1.4555,1.4403,1.4404,4887461.8
2026-04-17 01:00:00,1.4404,1.4423,1.4273,1.4302,5288620.8
2026-04-17 02:00:00,1.4302,1.4314,1.4225,1.4296,3554321.2
2026-04-17 03:00:00,1.4296,1.439,1.427,1.4308,5172836.6
2026-04-17 04:00:00,1.4307,1.4342,1.4265,1.4319,2895067.9
2026-04-17 05:00:00,1.432,1.4368,1.4251,1.4253,4377978.9
2026-04-17 06:00:00,1.4253,1.4337,1.4243,1.4325,2286192.9
2026-04-17 07:00:00,1.4324,1.44,1.4324,1.4373,3088302.8
2026-04-17 08:00:00,1.4373,1.4478,1.4355,1.4467,5196423.9
2026-04-17 09:00:00,1.4468,1.4592,1.4427,1.4518,6197504.9
2026-04-17 10:00:00,1.4517,1.4532,1.4326,1.4371,5386238.9
2026-04-17 11:00:00,1.4371,1.4485,1.4368,1.4475,3248041.0
2026-04-17 12:00:00,1.4475,1.4609,1.4442,1.4588,6667545.0
2026-04-17 13:00:00,1.4589,1.4909,1.4553,1.4874,28342636.5
2026-04-17 14:00:00,1.4874,1.51,1.4833,1.4988,16995551.1
2026-04-17 15:00:00,1.4988,1.5022,1.4762,1.4861,12176221.6
2026-04-17 16:00:00,1.4861,1.5006,1.4855,1.4977,10194756.5
2026-04-17 17:00:00,1.4976,1.4979,1.4771,1.4838,7805086.1
2026-04-17 18:00:00,1.4838,1.4847,1.4728,1.4777,4985047.1
2026-04-17 19:00:00,1.4776,1.4923,1.4765,1.4871,4199312.7
2026-04-17 20:00:00,1.4872,1.4896,1.4754,1.4817,2421312.3
2026-04-17 21:00:00,1.4817,1.4873,1.4779,1.4792,2845853.6
2026-04-17 22:00:00,1.4792,1.4883,1.4773,1.4845,3719079.5
2026-04-17 23:00:00,1.4845,1.4845,1.4721,1.4757,3934943.5
2026-04-18 00:00:00,1.4757,1.4803,1.472,1.476,2358297.2
2026-04-18 01:00:00,1.4761,1.4823,1.4731,1.4782,1743494.0
2026-04-18 02:00:00,1.4781,1.4781,1.4696,1.4756,2448544.6
2026-04-18 03:00:00,1.4755,1.4755,1.4669,1.4686,2099910.9
2026-04-18 04:00:00,1.4687,1.4698,1.4627,1.4686,2816722.1
2026-04-18 05:00:00,1.4685,1.4771,1.4679,1.469,1869633.7
2026-04-18 06:00:00,1.469,1.4733,1.464,1.4708,2955472.5
2026-04-18 07:00:00,1.4707,1.4757,1.4689,1.4741,1988098.4
2026-04-18 08:00:00,1.4742,1.4754,1.4454,1.4533,11203525.2
2026-04-18 09:00:00,1.4533,1.4545,1.4461,1.4506,4870891.0
2026-04-18 10:00:00,1.4505,1.4506,1.4356,1.4397,8119348.1
2026-04-18 11:00:00,1.4396,1.44,1.4246,1.4314,7427955.3
2026-04-18 12:00:00,1.4314,1.4379,1.4306,1.4362,4221254.5
2026-04-18 13:00:00,1.4361,1.4386,1.4296,1.4372,2832840.7
2026-04-18 14:00:00,1.4372,1.4384,1.4326,1.435,2840406.4
2026-04-18 15:00:00,1.4349,1.4399,1.4309,1.4362,3112049.7
2026-04-18 16:00:00,1.4361,1.4392,1.431,1.4336,3084614.5
2026-04-18 17:00:00,1.4335,1.4339,1.4276,1.4318,2847749.6
2026-04-18 18:00:00,1.4319,1.4344,1.4235,1.4256,4231239.8
2026-04-18 19:00:00,1.4256,1.4312,1.4249,1.4271,2260164.5
2026-04-18 20:00:00,1.4272,1.4304,1.4239,1.4281,1863161.7
2026-04-18 21:00:00,1.4282,1.4381,1.428,1.4362,2010273.1
2026-04-18 22:00:00,1.4362,1.4362,1.43,1.4344,1774656.6
2026-04-18 23:00:00,1.4343,1.4384,1.432,1.4323,1690178.9
2026-04-19 00:00:00,1.4324,1.4362,1.4294,1.433,1624358.3
2026-04-19 01:00:00,1.433,1.4386,1.4293,1.4318,2123290.9
2026-04-19 02:00:00,1.4318,1.4349,1.4236,1.4301,2889872.6
2026-04-19 03:00:00,1.4302,1.4338,1.4265,1.4294,1825676.2
2026-04-19 04:00:00,1.4295,1.4336,1.4238,1.4304,1960249.4
2026-04-19 05:00:00,1.4305,1.4431,1.4295,1.4302,3230863.3
2026-04-19 06:00:00,1.4303,1.4311,1.4181,1.4286,5208439.7
2026-04-19 07:00:00,1.4287,1.4295,1.4148,1.42,5151066.3
2026-04-19 08:00:00,1.4199,1.4289,1.4154,1.4248,4450990.7
2026-04-19 09:00:00,1.4247,1.4259,1.4131,1.4215,3864089.4
2026-04-19 10:00:00,1.4215,1.428,1.416,1.4231,4498922.0
2026-04-19 11:00:00,1.4231,1.4309,1.4224,1.4297,2229502.2
2026-04-19 12:00:00,1.4298,1.4333,1.4257,1.4316,2763741.1
2026-04-19 13:00:00,1.4315,1.447,1.4311,1.4387,7086345.1
2026-04-19 14:00:00,1.4388,1.4426,1.4328,1.4378,3530244.8
2026-04-19 15:00:00,1.4377,1.4389,1.4206,1.4315,4249773.4
2026-04-19 16:00:00,1.4315,1.4323,1.4201,1.4222,3665717.2
2026-04-19 17:00:00,1.4221,1.4242,1.4116,1.4129,4471849.8
2026-04-19 18:00:00,1.413,1.4181,1.4113,1.4156,3343971.1
2026-04-19 19:00:00,1.4157,1.4214,1.4157,1.4175,1602263.3
2026-04-19 20:00:00,1.4175,1.4175,1.409,1.4105,3956733.8
2026-04-19 21:00:00,1.4105,1.4169,1.4092,1.4095,2505574.9
2026-04-19 22:00:00,1.4095,1.4095,1.3909,1.3991,10466680.7
2026-04-19 23:00:00,1.3991,1.3991,1.3926,1.3942,3713723.7
2026-04-20 00:00:00,1.3943,1.4081,1.3933,1.4056,2868704.8
2026-04-20 01:00:00,1.4055,1.4116,1.4048,1.408,3092845.6
2026-04-20 02:00:00,1.4081,1.4086,1.4041,1.408,5020124.1
2026-04-20 03:00:00,1.408,1.4132,1.4075,1.4111,6572497.1
2026-04-20 04:00:00,1.411,1.4114,1.4058,1.4091,2779970.4
2026-04-20 05:00:00,1.4092,1.4093,1.3954,1.3994,3109070.0
2026-04-20 06:00:00,1.3993,1.4155,1.3993,1.4138,2727758.0
2026-04-20 07:00:00,1.4139,1.4326,1.4114,1.4154,8017538.0
2026-04-20 08:00:00,1.4154,1.4178,1.4075,1.4099,2994391.8
2026-04-20 09:00:00,1.4099,1.4209,1.4082,1.4179,4682770.3
2026-04-20 10:00:00,1.4179,1.4272,1.413,1.4143,4569151.5
2026-04-20 11:00:00,1.4142,1.4195,1.412,1.4155,4571244.9
2026-04-20 12:00:00,1.4155,1.4239,1.413,1.4221,3256234.8
2026-04-20 13:00:00,1.4221,1.4275,1.4177,1.4246,5110416.1
2026-04-20 14:00:00,1.4246,1.4316,1.4144,1.4168,8004189.2
2026-04-20 15:00:00,1.4168,1.435,1.4089,1.4327,12215375.2
2026-04-20 16:00:00,1.4328,1.4335,1.4224,1.4236,3178758.1
2026-04-20 17:00:00,1.4236,1.433,1.4228,1.4274,2776190.3
2026-04-20 18:00:00,1.4274,1.4369,1.4274,1.4324,4422955.3
2026-04-20 19:00:00,1.4325,1.4336,1.4276,1.4303,2481420.1
2026-04-20 20:00:00,1.4302,1.4335,1.4249,1.4317,2486136.7
2026-04-20 21:00:00,1.4316,1.4328,1.4241,1.43,1813750.9
2026-04-20 22:00:00,1.43,1.432,1.425,1.4259,1313060.5
2026-04-20 23:00:00,1.4258,1.4258,1.4213,1.4243,1511257.8
2026-04-21 00:00:00,1.4244,1.4296,1.4243,1.4278,1306626.4
2026-04-21 01:00:00,1.4277,1.4319,1.4252,1.4257,3372093.5
2026-04-21 02:00:00,1.4257,1.4267,1.4223,1.4224,1374498.9
2026-04-21 03:00:00,1.4223,1.4257,1.4195,1.4241,5006543.8
2026-04-21 04:00:00,1.424,1.4287,1.424,1.428,1726690.1
2026-04-21 05:00:00,1.428,1.4333,1.4279,1.4316,2353050.6
2026-04-21 06:00:00,1.4315,1.441,1.4281,1.437,5844309.3
2026-04-21 07:00:00,1.437,1.4425,1.4322,1.4393,4170419.9
2026-04-21 08:00:00,1.4392,1.45,1.4374,1.4426,4473391.2
2026-04-21 09:00:00,1.4426,1.445,1.4376,1.4414,3657199.5
2026-04-21 10:00:00,1.4414,1.447,1.4382,1.4445,4076928.8
2026-04-21 11:00:00,1.4444,1.4448,1.4366,1.4397,3260929.8
2026-04-21 12:00:00,1.4397,1.4411,1.4263,1.4324,5224328.6
2026-04-21 13:00:00,1.4324,1.4357,1.4287,1.4332,3254542.8
2026-04-21 14:00:00,1.4333,1.445,1.4302,1.4316,4205550.8
2026-04-21 15:00:00,1.4316,1.4336,1.4255,1.4324,3578654.9
2026-04-21 16:00:00,1.4325,1.4359,1.4274,1.4285,3083007.2
2026-04-21 17:00:00,1.4284,1.4306,1.4135,1.4241,4467514.2
2026-04-21 18:00:00,1.4242,1.4271,1.42,1.4266,6063500.5
2026-04-21 19:00:00,1.4267,1.4319,1.4116,1.4136,5284605.7
2026-04-21 20:00:00,1.4135,1.429,1.4122,1.4234,4146123.9
2026-04-21 21:00:00,1.4235,1.425,1.4204,1.4226,2355363.5
2026-04-21 22:00:00,1.4225,1.4236,1.4167,1.4222,1264980.3
2026-04-21 23:00:00,1.4222,1.4341,1.422,1.4334,1727326.4
2026-04-22 00:00:00,1.4335,1.4344,1.4302,1.4323,1490370.8
2026-04-22 01:00:00,1.4322,1.4322,1.427,1.4292,1296652.5
2026-04-22 02:00:00,1.4292,1.4492,1.4268,1.4487,5810900.1
2026-04-22 03:00:00,1.4487,1.4506,1.4408,1.4432,4951924.0
2026-04-22 04:00:00,1.4432,1.4472,1.4415,1.4446,1932859.5
2026-04-22 05:00:00,1.4447,1.4606,1.443,1.4545,8070217.9
2026-04-22 06:00:00,1.4544,1.4581,1.4522,1.4565,2050154.0
2026-04-22 07:00:00,1.4566,1.4583,1.4516,1.4544,2499708.1
2026-04-22 08:00:00,1.4545,1.4557,1.4496,1.4525,3367743.0
2026-04-22 09:00:00,1.4524,1.4545,1.4489,1.4515,2560635.7
2026-04-22 10:00:00,1.4515,1.4526,1.4482,1.4505,1655319.5
2026-04-22 11:00:00,1.4506,1.4547,1.449,1.4543,2486509.1
2026-04-22 12:00:00,1.4543,1.4554,1.4473,1.4506,4466535.1
2026-04-22 13:00:00,1.4506,1.461,1.4477,1.459,5544177.8
2026-04-22 14:00:00,1.4589,1.4626,1.4519,1.4576,5322659.8
2026-04-22 15:00:00,1.4576,1.4604,1.45,1.4564,5310297.9
2026-04-22 16:00:00,1.4564,1.4589,1.446,1.4468,3964783.3
2026-04-22 17:00:00,1.4469,1.4524,1.4457,1.4492,2678686.3
2026-04-22 18:00:00,1.4492,1.4529,1.4478,1.448,2480191.6
2026-04-22 19:00:00,1.448,1.4481,1.4374,1.4413,4710380.7
2026-04-22 20:00:00,1.4414,1.4428,1.4341,1.437,3800448.0
2026-04-22 21:00:00,1.437,1.4418,1.4369,1.4418,1410823.3
2026-04-22 22:00:00,1.4418,1.4418,1.4355,1.438,1830773.4
2026-04-22 23:00:00,1.438,1.4382,1.4287,1.4294,3736430.0
2026-04-23 00:00:00,1.4293,1.4316,1.4166,1.4291,5015270.4
2026-04-23 01:00:00,1.4292,1.4299,1.4208,1.4259,2728513.7
2026-04-23 02:00:00,1.426,1.4261,1.4154,1.419,2915774.9
2026-04-23 03:00:00,1.419,1.4219,1.4114,1.4162,3137314.3
2026-04-23 04:00:00,1.4162,1.4192,1.4153,1.4179,1978546.4
2026-04-23 05:00:00,1.4179,1.4205,1.415,1.4196,2095074.0
2026-04-23 06:00:00,1.4197,1.4251,1.4197,1.4237,2419047.9
2026-04-23 07:00:00,1.4237,1.4241,1.4199,1.4208,2164023.7
2026-04-23 08:00:00,1.4208,1.4214,1.4152,1.4184,2251101.6
2026-04-23 09:00:00,1.4183,1.4188,1.4122,1.4151,3071103.8
2026-04-23 10:00:00,1.415,1.416,1.409,1.4107,3371272.5
2026-04-23 11:00:00,1.4108,1.4176,1.4108,1.4165,2244490.2
2026-04-23 12:00:00,1.4164,1.4209,1.4152,1.4186,3174316.2
2026-04-23 13:00:00,1.4186,1.4201,1.4143,1.4162,3332798.6
2026-04-23 14:00:00,1.4162,1.4301,1.414,1.43,4456023.8
2026-04-23 15:00:00,1.4301,1.4368,1.4259,1.4315,5126488.4
2026-04-23 16:00:00,1.4316,1.4342,1.4279,1.4299,8550019.5
2026-04-23 17:00:00,1.4299,1.4378,1.4208,1.4352,21188875.9
2026-04-23 18:00:00,1.4352,1.441,1.4314,1.4314,3489609.5
2026-04-23 19:00:00,1.4313,1.4339,1.4271,1.4295,2070616.0
2026-04-23 20:00:00,1.4295,1.4373,1.4278,1.4332,2175144.8
2026-04-23 21:00:00,1.4332,1.4382,1.4307,1.4334,1595371.6
2026-04-23 22:00:00,1.4334,1.4394,1.4334,1.4361,1888528.3
2026-04-23 23:00:00,1.436,1.44,1.4323,1.4386,1744651.4
2026-04-24 00:00:00,1.4386,1.4407,1.4377,1.4402,2762963.7
2026-04-24 01:00:00,1.4402,1.4445,1.432,1.4442,2919162.2
2026-04-24 02:00:00,1.4442,1.4457,1.4366,1.4373,2408645.1
2026-04-24 03:00:00,1.4373,1.4387,1.4282,1.4307,2527096.0
2026-04-24 04:00:00,1.4306,1.4309,1.4258,1.4292,2138408.6
2026-04-24 05:00:00,1.4293,1.4339,1.4259,1.433,1366627.4
2026-04-24 06:00:00,1.433,1.4333,1.4299,1.43,1642549.4
2026-04-24 07:00:00,1.43,1.4328,1.4285,1.4326,1287942.5
2026-04-24 08:00:00,1.4327,1.4364,1.4297,1.4315,1731434.1
2026-04-24 09:00:00,1.4316,1.4319,1.425,1.4258,2149439.9
2026-04-24 10:00:00,1.4259,1.4326,1.4239,1.4315,1589529.8
2026-04-24 11:00:00,1.4316,1.4401,1.4316,1.4383,4416198.0
2026-04-24 12:00:00,1.4383,1.4412,1.4327,1.4347,3615428.1
2026-04-24 13:00:00,1.4347,1.4443,1.4335,1.4356,4975140.4
2026-04-24 14:00:00,1.4355,1.439,1.4284,1.4338,10633188.7
2026-04-24 15:00:00,1.4338,1.4482,1.429,1.4479,6053501.1
2026-04-24 16:00:00,1.448,1.4503,1.4379,1.4404,3564549.1
2026-04-24 17:00:00,1.4403,1.4426,1.4359,1.441,1837396.8
2026-04-24 18:00:00,1.4411,1.4419,1.4336,1.4387,898702.1
2026-04-24 19:00:00,1.4388,1.442,1.4364,1.4391,1423811.6
2026-04-24 20:00:00,1.4392,1.4419,1.4348,1.4405,1496475.5
2026-04-24 21:00:00,1.4405,1.443,1.4366,1.4376,2537922.7
2026-04-24 22:00:00,1.4376,1.4384,1.4297,1.4314,1505256.6
2026-04-24 23:00:00,1.4315,1.4339,1.4315,1.4334,747759.1
2026-04-25 00:00:00,1.4333,1.4345,1.4316,1.4334,953552.7
2026-04-25 01:00:00,1.4333,1.4369,1.4333,1.436,849127.5
2026-04-25 02:00:00,1.436,1.4377,1.4334,1.4336,1175024.3
2026-04-25 03:00:00,1.4335,1.437,1.4327,1.4366,868723.9
2026-04-25 04:00:00,1.4367,1.437,1.4335,1.4341,621856.3
2026-04-25 05:00:00,1.4341,1.4341,1.4313,1.4325,749218.1
2026-04-25 06:00:00,1.4325,1.435,1.4311,1.4328,594792.5
2026-04-25 07:00:00,1.4327,1.4348,1.4312,1.4335,748979.0
2026-04-25 08:00:00,1.4334,1.4352,1.4322,1.4348,922803.2
2026-04-25 09:00:00,1.4348,1.4371,1.433,1.4354,985645.4
2026-04-25 10:00:00,1.4353,1.4366,1.4347,1.4356,679562.6
2026-04-25 11:00:00,1.4356,1.4356,1.4295,1.4308,1283075.8
2026-04-25 12:00:00,1.4307,1.4317,1.4282,1.4293,1434064.8
2026-04-25 13:00:00,1.4292,1.4324,1.4288,1.4311,812911.7
2026-04-25 14:00:00,1.431,1.4323,1.429,1.4292,1044284.9
2026-04-25 15:00:00,1.4293,1.4312,1.4246,1.4255,1712635.5
2026-04-25 16:00:00,1.4255,1.428,1.4204,1.4242,2107756.2
2026-04-25 17:00:00,1.4242,1.425,1.4193,1.4202,1860930.9
2026-04-25 18:00:00,1.4201,1.4228,1.4197,1.4212,1481457.5
2026-04-25 19:00:00,1.4211,1.4214,1.4192,1.4204,1492728.4
2026-04-25 20:00:00,1.4205,1.4222,1.4187,1.4222,1317693.0
2026-04-25 21:00:00,1.4222,1.4234,1.422,1.4229,1010989.4
2026-04-25 22:00:00,1.4229,1.4256,1.4223,1.4234,814235.9
2026-04-25 23:00:00,1.4234,1.425,1.4223,1.4238,824509.1
2026-04-26 00:00:00,1.4238,1.4239,1.4199,1.4208,808503.0
2026-04-26 01:00:00,1.4209,1.4219,1.4188,1.4193,851137.7
2026-04-26 02:00:00,1.4192,1.4227,1.4192,1.4218,841798.8
2026-04-26 03:00:00,1.4219,1.4241,1.418,1.4186,1125385.9
2026-04-26 04:00:00,1.4187,1.4238,1.4185,1.4221,1192607.3
2026-04-26 05:00:00,1.422,1.4294,1.4213,1.4256,1824932.3
2026-04-26 06:00:00,1.4257,1.4285,1.4257,1.4275,1046116.7
2026-04-26 07:00:00,1.4275,1.4294,1.4264,1.4291,1107012.8
2026-04-26 08:00:00,1.4291,1.4296,1.4257,1.4265,770364.4
2026-04-26 09:00:00,1.4265,1.4285,1.4257,1.4283,813534.8
2026-04-26 10:00:00,1.4283,1.4288,1.4268,1.4276,542045.2
2026-04-26 11:00:00,1.4276,1.4318,1.4276,1.4305,907159.8
2026-04-26 12:00:00,1.4306,1.4315,1.4238,1.4249,1697148.2
2026-04-26 13:00:00,1.425,1.4258,1.4231,1.4243,1495516.7
2026-04-26 14:00:00,1.4243,1.4299,1.4234,1.4272,1298646.9
2026-04-26 15:00:00,1.4272,1.4292,1.4262,1.4292,987768.0
2026-04-26 16:00:00,1.4292,1.4295,1.4252,1.4252,1148003.6
2026-04-26 17:00:00,1.4252,1.4264,1.4227,1.4248,850408.9
2026-04-26 18:00:00,1.4248,1.4302,1.4231,1.429,1077466.7
2026-04-26 19:00:00,1.4291,1.4366,1.4278,1.4304,2184006.7
2026-04-26 20:00:00,1.4304,1.4329,1.4275,1.4276,921883.4
2026-04-26 21:00:00,1.4275,1.4301,1.42,1.4285,3028414.5
2026-04-26 22:00:00,1.4285,1.4357,1.4237,1.4271,2323678.4
2026-04-26 23:00:00,1.427,1.4348,1.4251,1.4307,1180827.0
2026-04-27 00:00:00,1.4308,1.4408,1.4253,1.4393,2614697.6
2026-04-27 01:00:00,1.4394,1.446,1.4348,1.4446,3145939.9
2026-04-27 02:00:00,1.4447,1.4459,1.4401,1.4436,2027510.1
2026-04-27 03:00:00,1.4436,1.4466,1.4415,1.4425,2103734.0
2026-04-27 04:00:00,1.4424,1.4425,1.4383,1.4401,2800548.5
2026-04-27 05:00:00,1.4402,1.4405,1.4168,1.4196,7448463.4
2026-04-27 06:00:00,1.4195,1.4208,1.4129,1.4181,3248518.0
2026-04-27 07:00:00,1.4181,1.4188,1.4139,1.4145,1791171.7
2026-04-27 08:00:00,1.4144,1.4183,1.4129,1.4183,1374355.1
2026-04-27 09:00:00,1.4184,1.4191,1.4151,1.4168,1770279.2
2026-04-27 10:00:00,1.4167,1.417,1.4144,1.4152,1407058.7
2026-04-27 11:00:00,1.4152,1.4153,1.4126,1.4137,2078710.8
2026-04-27 12:00:00,1.4137,1.415,1.41,1.4108,2656965.2
2026-04-27 13:00:00,1.4108,1.4124,1.398,1.4018,7957965.5
2026-04-27 14:00:00,1.4017,1.4108,1.3988,1.404,5883516.7
2026-04-27 15:00:00,1.4041,1.4043,1.3836,1.3882,9385471.7
2026-04-27 16:00:00,1.3882,1.3914,1.3848,1.3888,3062440.3
2026-04-27 17:00:00,1.3888,1.3954,1.3888,1.3933,2771646.5
2026-04-27 18:00:00,1.3933,1.3971,1.3925,1.3954,1532192.9
2026-04-27 19:00:00,1.3954,1.3962,1.387,1.393,1669132.4
2026-04-27 20:00:00,1.3929,1.395,1.3908,1.3927,1155897.2
2026-04-27 21:00:00,1.3926,1.3935,1.3896,1.3898,1566460.3
2026-04-27 22:00:00,1.3899,1.3975,1.3894,1.3969,1887321.9
2026-04-27 23:00:00,1.3968,1.4022,1.3966,1.4007,1815300.5
2026-04-28 00:00:00,1.4008,1.4009,1.3952,1.3979,1718225.1
2026-04-28 01:00:00,1.3978,1.3992,1.3962,1.3975,1274448.1
2026-04-28 02:00:00,1.3976,1.3992,1.3911,1.3934,2121003.8
2026-04-28 03:00:00,1.3933,1.3938,1.3885,1.393,1368854.2
2026-04-28 04:00:00,1.393,1.3947,1.3906,1.3927,1658377.5
2026-04-28 05:00:00,1.3928,1.3973,1.3921,1.3935,1538301.4
2026-04-28 06:00:00,1.3936,1.3971,1.3863,1.3891,1654119.0
2026-04-28 07:00:00,1.389,1.3933,1.3849,1.3929,2012058.4
2026-04-28 08:00:00,1.393,1.3959,1.3908,1.3923,1254431.3
2026-04-28 09:00:00,1.3924,1.3926,1.3861,1.3873,1479566.1
2026-04-28 10:00:00,1.3872,1.3897,1.3865,1.3881,1162442.2
2026-04-28 11:00:00,1.3881,1.3888,1.3794,1.3815,6216182.8
2026-04-28 12:00:00,1.3815,1.3849,1.3788,1.3831,3196064.3
2026-04-28 13:00:00,1.3831,1.3842,1.3745,1.3781,4707274.1
2026-04-28 14:00:00,1.3781,1.3781,1.3677,1.3699,4227507.6
2026-04-28 15:00:00,1.3699,1.3761,1.3692,1.3753,2839883.9
2026-04-28 16:00:00,1.3754,1.3773,1.3705,1.3767,1953479.4
2026-04-28 17:00:00,1.3767,1.381,1.3743,1.3788,2553267.9
2026-04-28 18:00:00,1.3788,1.383,1.3788,1.3825,1753761.0
2026-04-28 19:00:00,1.3825,1.3864,1.3777,1.3826,3275020.1
2026-04-28 20:00:00,1.3826,1.3851,1.3816,1.383,1311204.9
2026-04-28 21:00:00,1.383,1.3841,1.3787,1.3804,1024026.0
2026-04-28 22:00:00,1.3804,1.3842,1.3786,1.3798,2076269.2
2026-04-28 23:00:00,1.3797,1.3817,1.3785,1.3805,858477.1
2026-04-29 00:00:00,1.3806,1.3848,1.3785,1.3832,1804397.9
2026-04-29 01:00:00,1.3833,1.3839,1.377,1.3818,1909369.7
2026-04-29 02:00:00,1.3819,1.3836,1.379,1.3798,1435127.1
2026-04-29 03:00:00,1.3799,1.3902,1.3795,1.3892,2086874.3
2026-04-29 04:00:00,1.3893,1.3973,1.3876,1.3951,5237288.7
2026-04-29 05:00:00,1.3951,1.3973,1.3939,1.396,1279406.1
2026-04-29 06:00:00,1.3961,1.3967,1.3906,1.3922,1473148.0
2026-04-29 07:00:00,1.3923,1.3956,1.3906,1.3919,1428749.9
2026-04-29 08:00:00,1.392,1.3939,1.3891,1.3915,1668402.1
2026-04-29 09:00:00,1.3914,1.4067,1.3905,1.4037,4285033.0
2026-04-29 10:00:00,1.4038,1.4063,1.3975,1.3978,2756020.5
2026-04-29 11:00:00,1.3978,1.398,1.3926,1.3946,2196684.8
2026-04-29 12:00:00,1.3945,1.3947,1.3791,1.3833,4047181.1
2026-04-29 13:00:00,1.3833,1.384,1.3705,1.3758,4623227.8
2026-04-29 14:00:00,1.3758,1.3783,1.37,1.3723,2719076.3
2026-04-29 15:00:00,1.3723,1.3731,1.3589,1.3618,6333667.4
2026-04-29 16:00:00,1.3618,1.3675,1.3591,1.3638,4212855.6
2026-04-29 17:00:00,1.3639,1.3686,1.363,1.3682,2166223.0
2026-04-29 18:00:00,1.3682,1.3702,1.3458,1.3575,10481892.5
2026-04-29 19:00:00,1.3575,1.3585,1.3519,1.3534,2279263.2
2026-04-29 20:00:00,1.3535,1.3654,1.3533,1.3627,4507779.7
2026-04-29 21:00:00,1.3626,1.3725,1.3618,1.369,2541922.9
2026-04-29 22:00:00,1.3689,1.3709,1.3672,1.3699,1415047.6
2026-04-29 23:00:00,1.3699,1.3711,1.3645,1.3691,1306240.6
2026-04-30 00:00:00,1.3692,1.3847,1.3692,1.3829,3054025.1
2026-04-30 01:00:00,1.3828,1.3846,1.3774,1.3795,2075481.0
2026-04-30 02:00:00,1.3794,1.3816,1.3677,1.3731,3995400.3
2026-04-30 03:00:00,1.3731,1.3755,1.371,1.3733,1214744.0
2026-04-30 04:00:00,1.3733,1.3734,1.3609,1.3629,2753685.5
2026-04-30 05:00:00,1.3628,1.3675,1.3591,1.3647,1769899.5
2026-04-30 06:00:00,1.3646,1.3722,1.3609,1.3689,2923758.2
2026-04-30 07:00:00,1.3689,1.3754,1.3674,1.3749,1507175.3
2026-04-30 08:00:00,1.3749,1.3767,1.3725,1.3727,1760409.0
2026-04-30 09:00:00,1.3727,1.3799,1.372,1.3735,1838903.4
2026-04-30 10:00:00,1.3735,1.375,1.3694,1.3704,2075680.7
2026-04-30 11:00:00,1.3704,1.3759,1.3666,1.3697,3029132.8
2026-04-30 12:00:00,1.3696,1.3761,1.369,1.3698,2246261.1
2026-04-30 13:00:00,1.3697,1.3747,1.3651,1.3699,3011740.8
2026-04-30 14:00:00,1.3698,1.3724,1.3623,1.3682,2246695.7
2026-04-30 15:00:00,1.3683,1.3753,1.3651,1.3695,2711196.5
2026-04-30 16:00:00,1.3695,1.3697,1.365,1.3661,2235732.2
2026-04-30 17:00:00,1.366,1.3695,1.3628,1.3681,2163573.5
2026-04-30 18:00:00,1.368,1.3719,1.3667,1.37,1644465.7
2026-04-30 19:00:00,1.37,1.3744,1.3692,1.3707,1761251.9
2026-04-30 20:00:00,1.3706,1.3717,1.368,1.3699,1021619.4
2026-04-30 21:00:00,1.3699,1.3724,1.3659,1.3659,1887493.0
2026-04-30 22:00:00,1.366,1.3682,1.3644,1.365,1219419.6
2026-04-30 23:00:00,1.3651,1.3685,1.3647,1.3679,962644.9
2026-05-01 00:00:00,1.368,1.3732,1.3649,1.3693,4842604.6
2026-05-01 01:00:00,1.3692,1.3738,1.3656,1.3714,5930857.0
2026-05-01 02:00:00,1.3714,1.372,1.3685,1.3701,773558.4
2026-05-01 03:00:00,1.37,1.3804,1.3687,1.3764,4235847.0
2026-05-01 04:00:00,1.3764,1.3787,1.374,1.3759,3390713.2
2026-05-01 05:00:00,1.376,1.3784,1.3749,1.3766,1791380.5
2026-05-01 06:00:00,1.3767,1.3788,1.3722,1.3734,1630819.1
2026-05-01 07:00:00,1.3733,1.3757,1.3718,1.3749,1740788.3
2026-05-01 08:00:00,1.3748,1.3807,1.374,1.3784,1937453.9
2026-05-01 09:00:00,1.3784,1.3787,1.3741,1.3754,925443.7
2026-05-01 10:00:00,1.3754,1.3768,1.3716,1.3766,1186601.5
2026-05-01 11:00:00,1.3766,1.3799,1.3755,1.3779,1149659.8
2026-05-01 12:00:00,1.378,1.3877,1.3774,1.3834,4546009.6
2026-05-01 13:00:00,1.3834,1.3996,1.3834,1.3984,5292266.2
2026-05-01 14:00:00,1.3985,1.3999,1.3896,1.3948,3345712.7
2026-05-01 15:00:00,1.3947,1.3998,1.3911,1.396,3051732.8
2026-05-01 16:00:00,1.396,1.3985,1.3911,1.3915,2821316.3
2026-05-01 17:00:00,1.3914,1.3952,1.3888,1.3949,1903738.9
2026-05-01 18:00:00,1.3949,1.3957,1.3928,1.3936,1635197.0
2026-05-01 19:00:00,1.3936,1.396,1.3921,1.3937,1062685.8
2026-05-01 20:00:00,1.3938,1.3947,1.3828,1.3846,2197261.9
2026-05-01 21:00:00,1.3846,1.389,1.3843,1.3887,887722.3
2026-05-01 22:00:00,1.3887,1.3903,1.3836,1.3836,1549796.5
2026-05-01 23:00:00,1.3836,1.3858,1.3809,1.3858,2359012.0
2026-05-02 00:00:00,1.3858,1.3904,1.3847,1.3863,1904505.6
2026-05-02 01:00:00,1.3864,1.3888,1.3844,1.385,1364261.9
2026-05-02 02:00:00,1.3849,1.3883,1.3812,1.3859,1731908.9
2026-05-02 03:00:00,1.3859,1.3884,1.384,1.386,1131416.7
2026-05-02 04:00:00,1.3859,1.386,1.3828,1.3849,1060397.0
2026-05-02 05:00:00,1.3849,1.3851,1.3826,1.3838,815589.3
2026-05-02 06:00:00,1.3839,1.3877,1.3839,1.3871,529757.9
2026-05-02 07:00:00,1.3871,1.3885,1.3853,1.3853,850938.6
2026-05-02 08:00:00,1.3853,1.3857,1.3838,1.3847,785653.1
2026-05-02 09:00:00,1.3847,1.3878,1.3838,1.3865,1718224.5
2026-05-02 10:00:00,1.3865,1.388,1.3862,1.3878,881720.8
2026-05-02 11:00:00,1.3878,1.3911,1.3852,1.3859,2034411.2
2026-05-02 12:00:00,1.3859,1.388,1.3847,1.387,1746174.4
2026-05-02 13:00:00,1.3871,1.3925,1.3871,1.3922,1635154.1
2026-05-02 14:00:00,1.3922,1.3933,1.3899,1.3918,976256.1
2026-05-02 15:00:00,1.3918,1.3943,1.3912,1.3934,942141.8
2026-05-02 16:00:00,1.3934,1.395,1.3908,1.3929,1251470.6
2026-05-02 17:00:00,1.393,1.3943,1.3913,1.3916,825203.9
2026-05-02 18:00:00,1.3916,1.3938,1.3896,1.3931,658070.6
2026-05-02 19:00:00,1.3931,1.3951,1.393,1.3946,468298.2
2026-05-02 20:00:00,1.3947,1.3948,1.3931,1.3932,609880.3
2026-05-02 21:00:00,1.3933,1.4003,1.3904,1.3935,3706368.6
2026-05-02 22:00:00,1.3934,1.4003,1.3921,1.3961,1798100.8
2026-05-02 23:00:00,1.3962,1.3969,1.3907,1.3937,3604359.2
2026-05-03 00:00:00,1.3936,1.3945,1.3881,1.3892,1039744.3
2026-05-03 01:00:00,1.3892,1.3893,1.3834,1.384,1207874.0
2026-05-03 02:00:00,1.3839,1.3847,1.3814,1.3834,802187.0
2026-05-03 03:00:00,1.3833,1.3843,1.3819,1.384,808501.6
2026-05-03 04:00:00,1.3839,1.3854,1.382,1.3838,1329564.1
2026-05-03 05:00:00,1.3838,1.3859,1.3836,1.385,489394.0
2026-05-03 06:00:00,1.385,1.3857,1.3822,1.3853,1905649.9
2026-05-03 07:00:00,1.3853,1.3885,1.385,1.3861,807762.9
2026-05-03 08:00:00,1.3861,1.3885,1.3857,1.3882,1481453.0
2026-05-03 09:00:00,1.3882,1.3909,1.3875,1.3893,689445.4
2026-05-03 10:00:00,1.3894,1.3901,1.388,1.3882,718290.5
2026-05-03 11:00:00,1.3882,1.3985,1.3872,1.3952,1939544.0
2026-05-03 12:00:00,1.3952,1.3985,1.3952,1.3962,1592182.3
2026-05-03 13:00:00,1.3963,1.399,1.3932,1.3951,1087621.0
2026-05-03 14:00:00,1.3951,1.3975,1.3931,1.3969,949949.4
2026-05-03 15:00:00,1.3968,1.3989,1.3944,1.3958,933764.5
2026-05-03 16:00:00,1.3959,1.3982,1.394,1.3944,577079.1
2026-05-03 17:00:00,1.3944,1.3965,1.3922,1.395,854722.5
2026-05-03 18:00:00,1.395,1.3955,1.3936,1.3943,573860.2
2026-05-03 19:00:00,1.3942,1.398,1.3936,1.3952,671314.4
2026-05-03 20:00:00,1.3952,1.3999,1.3924,1.3931,1292720.5
2026-05-03 21:00:00,1.3931,1.396,1.389,1.3919,2395664.0
2026-05-03 22:00:00,1.3919,1.4042,1.3919,1.3978,3597645.6
2026-05-03 23:00:00,1.3978,1.4011,1.3868,1.388,1500902.6
2026-05-04 00:00:00,1.3879,1.3913,1.3829,1.3884,4381318.4
2026-05-04 01:00:00,1.3884,1.4075,1.3839,1.4049,4899943.8
2026-05-04 02:00:00,1.405,1.415,1.401,1.4104,6873920.7
2026-05-04 03:00:00,1.4105,1.4147,1.4075,1.4129,4763221.7
2026-05-04 04:00:00,1.413,1.4209,1.413,1.4163,3836540.6
2026-05-04 05:00:00,1.4163,1.4175,1.4109,1.4116,2215868.8
2026-05-04 06:00:00,1.4117,1.4125,1.402,1.409,4205376.8
2026-05-04 07:00:00,1.409,1.4144,1.4077,1.4106,1785211.7
2026-05-04 08:00:00,1.4105,1.4129,1.4071,1.4115,1665399.7
2026-05-04 09:00:00,1.4115,1.4196,1.4107,1.4174,2675378.0
2026-05-04 10:00:00,1.4174,1.418,1.3856,1.3953,10480820.7
2026-05-04 11:00:00,1.3952,1.3979,1.3924,1.3941,2292871.8
2026-05-04 12:00:00,1.394,1.3968,1.3927,1.3934,1449702.0
2026-05-04 13:00:00,1.3934,1.3998,1.3886,1.3935,2617815.3
2026-05-04 14:00:00,1.3936,1.4134,1.3889,1.4081,5296231.4
2026-05-04 15:00:00,1.4082,1.4092,1.3929,1.399,6539946.6
2026-05-04 16:00:00,1.3991,1.4054,1.3938,1.4007,3130705.3
2026-05-04 17:00:00,1.4007,1.4123,1.4001,1.4086,2858868.6
2026-05-04 18:00:00,1.4086,1.41,1.402,1.4038,2387628.9
2026-05-04 19:00:00,1.4039,1.4044,1.3979,1.398,1536066.0
2026-05-04 20:00:00,1.3979,1.398,1.3925,1.3931,1595242.2
2026-05-04 21:00:00,1.3931,1.3989,1.393,1.3975,2325885.1
2026-05-04 22:00:00,1.3974,1.4016,1.3945,1.3955,1970044.3
2026-05-04 23:00:00,1.3954,1.3954,1.3901,1.3918,1416656.3
2026-05-05 00:00:00,1.3919,1.396,1.3904,1.3956,1221070.7
2026-05-05 01:00:00,1.3957,1.3984,1.3939,1.3972,1202925.1
2026-05-05 02:00:00,1.3972,1.4049,1.3965,1.4008,2022142.6
2026-05-05 03:00:00,1.4008,1.4099,1.3993,1.4057,2111259.5
2026-05-05 04:00:00,1.4056,1.407,1.4007,1.4016,1521444.3
2026-05-05 05:00:00,1.4017,1.4067,1.3998,1.4018,3607635.8
2026-05-05 06:00:00,1.4018,1.4071,1.4006,1.4071,2663970.0
2026-05-05 07:00:00,1.4071,1.41,1.4021,1.4067,2714281.0
2026-05-05 08:00:00,1.4066,1.4093,1.4059,1.4069,2732605.6
2026-05-05 09:00:00,1.407,1.4072,1.4019,1.4035,1931645.5
2026-05-05 10:00:00,1.4034,1.4074,1.4023,1.4063,1949265.2
2026-05-05 11:00:00,1.4064,1.4085,1.4018,1.4079,2320306.7
2026-05-05 12:00:00,1.4079,1.4139,1.4065,1.4129,3619992.0
2026-05-05 13:00:00,1.4128,1.4206,1.411,1.4134,8335474.2
2026-05-05 14:00:00,1.4134,1.4138,1.4047,1.411,5178348.8
2026-05-05 15:00:00,1.411,1.416,1.4101,1.4116,1903177.3
2026-05-05 16:00:00,1.4117,1.4151,1.4047,1.4081,3109739.1
2026-05-05 17:00:00,1.4081,1.4098,1.405,1.4082,2134302.7
2026-05-05 18:00:00,1.4083,1.4128,1.4081,1.4099,2408538.9
2026-05-05 19:00:00,1.41,1.4134,1.4087,1.413,1244968.5
2026-05-05 20:00:00,1.413,1.4181,1.4124,1.4169,2756749.6
2026-05-05 21:00:00,1.4168,1.4222,1.413,1.4159,4341035.5
2026-05-05 22:00:00,1.4159,1.4214,1.41,1.4156,4408905.5
2026-05-05 23:00:00,1.4156,1.4178,1.4095,1.4126,2136034.1
2026-05-06 00:00:00,1.4126,1.415,1.4073,1.4111,2266338.6
2026-05-06 01:00:00,1.411,1.4196,1.4099,1.4183,1694834.2
2026-05-06 02:00:00,1.4183,1.4185,1.4105,1.4164,1686140.9
2026-05-06 03:00:00,1.4164,1.4244,1.4162,1.4222,3763538.2
2026-05-06 04:00:00,1.4222,1.4249,1.4176,1.4198,4377462.1
2026-05-06 05:00:00,1.4197,1.4232,1.4142,1.4224,4429978.4
2026-05-06 06:00:00,1.4224,1.4274,1.421,1.4261,4181765.9
2026-05-06 07:00:00,1.4261,1.4355,1.4245,1.4311,5906861.8
2026-05-06 08:00:00,1.4311,1.4433,1.4298,1.4429,5230068.8
2026-05-06 09:00:00,1.4429,1.4509,1.438,1.4491,7201881.3
2026-05-06 10:00:00,1.4492,1.454,1.4469,1.4512,4713476.4
2026-05-06 11:00:00,1.4511,1.4573,1.4482,1.451,5967881.4
2026-05-06 12:00:00,1.4509,1.4524,1.4446,1.4451,4943034.8
2026-05-06 13:00:00,1.4451,1.4451,1.4183,1.4226,14382611.3
2026-05-06 14:00:00,1.4226,1.4299,1.4133,1.4233,7123098.9
2026-05-06 15:00:00,1.4233,1.4327,1.4216,1.4301,3110122.0
2026-05-06 16:00:00,1.43,1.4347,1.4241,1.4293,4202795.2
2026-05-06 17:00:00,1.4293,1.431,1.4243,1.4261,2049757.3
2026-05-06 18:00:00,1.4261,1.4273,1.4214,1.4228,1311986.5
2026-05-06 19:00:00,1.4228,1.4291,1.4227,1.4279,2326623.6
2026-05-06 20:00:00,1.428,1.429,1.4215,1.4249,1350647.7
2026-05-06 21:00:00,1.4248,1.4287,1.4221,1.4267,996972.1
2026-05-06 22:00:00,1.4267,1.4272,1.4218,1.422,1835206.9
2026-05-06 23:00:00,1.4221,1.4253,1.4166,1.4249,2142180.6
2026-05-07 00:00:00,1.4249,1.4258,1.4169,1.418,2245313.6
2026-05-07 01:00:00,1.4179,1.4199,1.4128,1.4156,3589037.0
2026-05-07 02:00:00,1.4156,1.4161,1.41,1.4121,3330433.8
2026-05-07 03:00:00,1.412,1.412,1.4035,1.4052,4651604.2
2026-05-07 04:00:00,1.4052,1.41,1.4042,1.4078,3530268.1
2026-05-07 05:00:00,1.4078,1.4145,1.4076,1.411,4693725.1
2026-05-07 06:00:00,1.411,1.4165,1.405,1.416,4890300.8
2026-05-07 07:00:00,1.4159,1.4215,1.4148,1.4199,3374288.1
2026-05-07 08:00:00,1.4198,1.421,1.4157,1.4163,1956887.8
2026-05-07 09:00:00,1.4163,1.4163,1.4105,1.4115,2825046.6
2026-05-07 10:00:00,1.4116,1.4146,1.4068,1.4099,3993220.6
2026-05-07 11:00:00,1.41,1.4134,1.4085,1.4096,1805998.3
2026-05-07 12:00:00,1.4096,1.415,1.4091,1.4148,2757232.2
2026-05-07 13:00:00,1.4147,1.4147,1.397,1.4018,5945227.7
2026-05-07 14:00:00,1.4018,1.4038,1.3912,1.3934,5813489.6
2026-05-07 15:00:00,1.3934,1.3948,1.3831,1.3907,6698428.9
2026-05-07 16:00:00,1.3906,1.3928,1.3868,1.3889,4056590.5
2026-05-07 17:00:00,1.3889,1.3933,1.3843,1.3919,3205174.0
2026-05-07 18:00:00,1.3918,1.3963,1.389,1.3925,2407898.0
2026-05-07 19:00:00,1.3925,1.3925,1.3856,1.3861,2634699.1
2026-05-07 20:00:00,1.3862,1.3932,1.3819,1.3826,2781581.1
2026-05-07 21:00:00,1.3826,1.3871,1.3802,1.3838,2185769.9
2026-05-07 22:00:00,1.3838,1.3869,1.3804,1.3849,2187178.0
2026-05-07 23:00:00,1.3848,1.3879,1.3843,1.3869,1270993.5
2026-05-08 00:00:00,1.3869,1.3898,1.3842,1.3855,1592737.2
2026-05-08 01:00:00,1.3856,1.3869,1.3824,1.3858,1243536.2
2026-05-08 02:00:00,1.3858,1.3861,1.3797,1.3834,2287527.0
2026-05-08 03:00:00,1.3834,1.3875,1.3795,1.3853,1572946.5
2026-05-08 04:00:00,1.3853,1.387,1.3837,1.3861,1210424.2
2026-05-08 05:00:00,1.3861,1.3877,1.3834,1.3834,1417637.9
2026-05-08 06:00:00,1.3834,1.3835,1.3778,1.3817,3932618.7
2026-05-08 07:00:00,1.3818,1.3849,1.3787,1.384,1878732.3
2026-05-08 08:00:00,1.384,1.3903,1.382,1.3881,2822003.0
2026-05-08 09:00:00,1.3881,1.3914,1.3857,1.3871,2085189.8
2026-05-08 10:00:00,1.387,1.3919,1.3849,1.3896,2253121.5
2026-05-08 11:00:00,1.3896,1.3925,1.389,1.3913,1966560.4
2026-05-08 12:00:00,1.3913,1.394,1.3864,1.3878,3318618.0
2026-05-08 13:00:00,1.3878,1.3885,1.3836,1.387,2600479.6
2026-05-08 14:00:00,1.3871,1.3967,1.3871,1.3931,3737095.8
2026-05-08 15:00:00,1.3931,1.3983,1.3855,1.3973,3255684.3
2026-05-08 16:00:00,1.3973,1.3977,1.3927,1.3944,2596945.3
2026-05-08 17:00:00,1.3945,1.4106,1.3941,1.4087,5132518.1
2026-05-08 18:00:00,1.4088,1.4244,1.4088,1.4191,6159830.1
2026-05-08 19:00:00,1.4191,1.427,1.4165,1.4188,4426797.0
2026-05-08 20:00:00,1.4188,1.419,1.4111,1.4121,3468951.5
2026-05-08 21:00:00,1.4122,1.4219,1.412,1.4217,2304041.5
2026-05-08 22:00:00,1.4217,1.4238,1.417,1.4185,3807679.9
2026-05-08 23:00:00,1.4185,1.4192,1.4155,1.4182,1449527.6
2026-05-09 00:00:00,1.4182,1.4252,1.418,1.4248,2309945.7
2026-05-09 01:00:00,1.4248,1.435,1.4245,1.4324,7811545.3
2026-05-09 02:00:00,1.4325,1.4342,1.4276,1.431,3390215.4
2026-05-09 03:00:00,1.431,1.4326,1.4267,1.4289,2031556.7
2026-05-09 04:00:00,1.4288,1.4345,1.4272,1.428,2998279.9
2026-05-09 05:00:00,1.428,1.4314,1.4251,1.4266,3020039.8
2026-05-09 06:00:00,1.4266,1.4275,1.4228,1.4257,2532662.3
2026-05-09 07:00:00,1.4257,1.428,1.4223,1.4238,5925204.7
2026-05-09 08:00:00,1.4238,1.4256,1.4233,1.4244,1894561.5
2026-05-09 09:00:00,1.4243,1.4255,1.418,1.4193,2718409.9
2026-05-09 10:00:00,1.4194,1.4227,1.4173,1.4211,1199933.1
2026-05-09 11:00:00,1.4211,1.4228,1.4204,1.422,906033.7
2026-05-09 12:00:00,1.422,1.4228,1.4194,1.4206,1572440.0
2026-05-09 13:00:00,1.4206,1.4206,1.4164,1.4199,1186877.6
2026-05-09 14:00:00,1.4199,1.4211,1.4151,1.4156,4549729.9
2026-05-09 15:00:00,1.4155,1.4162,1.4118,1.4144,2530048.9
2026-05-09 16:00:00,1.4145,1.42,1.4113,1.4173,3321130.9
2026-05-09 17:00:00,1.4172,1.4239,1.4172,1.4211,1998464.7
2026-05-09 18:00:00,1.421,1.425,1.4202,1.4222,1291736.9
2026-05-09 19:00:00,1.4223,1.4243,1.4211,1.424,991039.1
2026-05-09 20:00:00,1.4241,1.4242,1.4203,1.4214,1212614.1
2026-05-09 21:00:00,1.4215,1.4236,1.4209,1.4223,917927.3
2026-05-09 22:00:00,1.4224,1.425,1.4212,1.4232,722904.3
2026-05-09 23:00:00,1.4233,1.4252,1.4192,1.4205,759259.6
2026-05-10 00:00:00,1.4205,1.4225,1.4158,1.4166,1596134.7
2026-05-10 01:00:00,1.4167,1.4169,1.4119,1.4147,1299754.4
2026-05-10 02:00:00,1.4147,1.4224,1.4131,1.4173,4743429.8
2026-05-10 03:00:00,1.4173,1.4205,1.4144,1.4172,3464382.0
2026-05-10 04:00:00,1.4172,1.4192,1.4155,1.4179,747797.9
2026-05-10 05:00:00,1.418,1.42,1.4163,1.418,1007620.1
2026-05-10 06:00:00,1.418,1.4188,1.4157,1.4187,1016744.4
2026-05-10 07:00:00,1.4187,1.4217,1.4173,1.4202,1080531.2
2026-05-10 08:00:00,1.4201,1.4278,1.4194,1.4272,2601614.7
2026-05-10 09:00:00,1.4271,1.4288,1.4236,1.4283,3577014.4
2026-05-10 10:00:00,1.4284,1.4309,1.4244,1.4274,4198844.5
2026-05-10 11:00:00,1.4274,1.4275,1.4184,1.4232,3589582.6
2026-05-10 12:00:00,1.4232,1.4242,1.4211,1.4242,1065591.8
2026-05-10 13:00:00,1.4241,1.4339,1.4232,1.4323,3767050.2
2026-05-10 14:00:00,1.4322,1.4373,1.4292,1.4352,4129816.3
2026-05-10 15:00:00,1.4351,1.445,1.4335,1.4442,5602526.6
2026-05-10 16:00:00,1.4443,1.479,1.4429,1.4721,22566699.2
2026-05-10 17:00:00,1.472,1.5082,1.472,1.5045,24277652.9
2026-05-10 18:00:00,1.5045,1.5063,1.4849,1.4863,15288036.3
2026-05-10 19:00:00,1.4863,1.4911,1.4755,1.4867,9505198.8
2026-05-10 20:00:00,1.4868,1.4897,1.4371,1.45,19202440.2
2026-05-10 21:00:00,1.45,1.464,1.444,1.455,7270411.1
2026-05-10 22:00:00,1.455,1.475,1.4528,1.4736,8961401.4
2026-05-10 23:00:00,1.4737,1.4772,1.4696,1.4734,5535036.7
2026-05-11 00:00:00,1.4735,1.478,1.4526,1.4579,8124126.1
2026-05-11 01:00:00,1.4579,1.4688,1.4523,1.4606,5964692.5
2026-05-11 02:00:00,1.4606,1.4625,1.4494,1.4537,5462908.6
2026-05-11 03:00:00,1.4538,1.4541,1.4399,1.4487,9877697.0
2026-05-11 04:00:00,1.4486,1.4566,1.445,1.4481,6416068.6
2026-05-11 05:00:00,1.4481,1.4567,1.4478,1.4553,3669938.6
2026-05-11 06:00:00,1.4552,1.4591,1.4506,1.4535,2428376.1
2026-05-11 07:00:00,1.4535,1.4539,1.4424,1.4494,6028249.5
2026-05-11 08:00:00,1.4494,1.451,1.4418,1.4457,5208413.6
2026-05-11 09:00:00,1.4456,1.4543,1.4456,1.4515,2559680.3
2026-05-11 10:00:00,1.4515,1.4545,1.4494,1.4509,3192246.4
2026-05-11 11:00:00,1.4509,1.4581,1.4476,1.4579,2579255.5
2026-05-11 12:00:00,1.4578,1.4638,1.4543,1.4582,4894175.7
2026-05-11 13:00:00,1.4583,1.4652,1.4525,1.46,4103483.2
2026-05-11 14:00:00,1.46,1.4727,1.4557,1.4714,7002954.1
2026-05-11 15:00:00,1.4715,1.4886,1.4669,1.4848,8777524.4
2026-05-11 16:00:00,1.4849,1.4875,1.4716,1.474,5910199.9
2026-05-11 17:00:00,1.4741,1.4811,1.4662,1.4799,4790837.7
2026-05-11 18:00:00,1.4798,1.4813,1.4702,1.4704,4356617.7
2026-05-11 19:00:00,1.4703,1.4809,1.4673,1.4796,4130542.0
2026-05-11 20:00:00,1.4795,1.4828,1.4725,1.4731,4319594.8
2026-05-11 21:00:00,1.4731,1.4751,1.4695,1.47,2546655.1
2026-05-11 22:00:00,1.47,1.4774,1.4685,1.4753,2528965.5
2026-05-11 23:00:00,1.4753,1.4806,1.4712,1.4776,3550073.6
2026-05-12 00:00:00,1.4777,1.4848,1.476,1.4799,3563898.5
2026-05-12 01:00:00,1.4799,1.482,1.4566,1.4671,6367266.9
2026-05-12 02:00:00,1.4671,1.4709,1.4606,1.4646,3024211.8
2026-05-12 03:00:00,1.4646,1.4655,1.4584,1.4597,2941575.3
2026-05-12 04:00:00,1.4598,1.4663,1.457,1.4628,3405886.4
2026-05-12 05:00:00,1.4627,1.4693,1.46,1.462,4899411.9
2026-05-12 06:00:00,1.462,1.4671,1.4556,1.4587,4203641.1
2026-05-12 07:00:00,1.4586,1.4653,1.4544,1.4628,3275605.0
2026-05-12 08:00:00,1.4629,1.4714,1.4598,1.4651,5802166.9
2026-05-12 09:00:00,1.4651,1.4651,1.4548,1.4556,4629368.3
2026-05-12 10:00:00,1.4557,1.4582,1.4472,1.4496,5088127.0
2026-05-12 11:00:00,1.4497,1.4519,1.444,1.449,4451373.2
2026-05-12 12:00:00,1.4491,1.4557,1.4463,1.4506,4979686.8
2026-05-12 13:00:00,1.4507,1.4526,1.4331,1.4345,7173190.0
2026-05-12 14:00:00,1.4345,1.4407,1.4245,1.4281,7788320.5
2026-05-12 15:00:00,1.428,1.4318,1.4183,1.424,7922784.3
2026-05-12 16:00:00,1.424,1.4292,1.4195,1.4225,4475508.8
2026-05-12 17:00:00,1.4225,1.435,1.4224,1.4339,4271445.4
2026-05-12 18:00:00,1.434,1.4384,1.4317,1.4362,2492443.2
2026-05-12 19:00:00,1.4363,1.4429,1.4362,1.4411,3600178.7
2026-05-12 20:00:00,1.441,1.4431,1.4388,1.441,2339349.5
2026-05-12 21:00:00,1.441,1.4414,1.4381,1.4407,2625495.4
2026-05-12 22:00:00,1.4407,1.4444,1.4396,1.4397,3455533.2
2026-05-12 23:00:00,1.4397,1.4407,1.4333,1.437,2777545.4
2026-05-13 00:00:00,1.437,1.4403,1.4349,1.4393,3956613.7
2026-05-13 01:00:00,1.4394,1.4517,1.4385,1.4489,5232583.8
2026-05-13 02:00:00,1.4488,1.4536,1.4471,1.4484,3107591.3
2026-05-13 03:00:00,1.4484,1.4529,1.4471,1.4522,2516226.9
2026-05-13 04:00:00,1.4521,1.4636,1.45,1.4624,5979612.6
2026-05-13 05:00:00,1.4624,1.4649,1.4543,1.4545,4687244.0
2026-05-13 06:00:00,1.4545,1.4611,1.4527,1.4543,6253651.5
2026-05-13 07:00:00,1.4542,1.4642,1.4542,1.4622,4885452.5
2026-05-13 08:00:00,1.4623,1.4658,1.4585,1.4629,4538685.2
2026-05-13 09:00:00,1.4629,1.4693,1.4622,1.4683,5071620.4
2026-05-13 10:00:00,1.4683,1.4693,1.4564,1.458,3672459.7
2026-05-13 11:00:00,1.4579,1.4597,1.4471,1.4484,5532836.1
2026-05-13 12:00:00,1.4483,1.4496,1.4256,1.4337,9633223.9
2026-05-13 13:00:00,1.4336,1.4392,1.423,1.427,8565142.7
2026-05-13 14:00:00,1.427,1.4312,1.4213,1.4288,6814493.9
2026-05-13 15:00:00,1.4287,1.4324,1.4112,1.4131,9794964.6
2026-05-13 16:00:00,1.4132,1.4246,1.4122,1.4233,7746136.3
2026-05-13 17:00:00,1.4233,1.4307,1.4233,1.4293,4440461.5
2026-05-13 18:00:00,1.4293,1.434,1.4264,1.4266,4331727.5
2026-05-13 19:00:00,1.4266,1.427,1.4172,1.419,3476337.3
2026-05-13 20:00:00,1.4191,1.4261,1.4189,1.4253,2862759.9
2026-05-13 21:00:00,1.4254,1.4257,1.4172,1.4185,3743545.6
2026-05-13 22:00:00,1.4186,1.4241,1.4155,1.4231,5227490.4
2026-05-13 23:00:00,1.4232,1.4278,1.421,1.4273,3646505.8
2026-05-14 00:00:00,1.4272,1.4335,1.4264,1.4319,5231408.8
2026-05-14 01:00:00,1.4318,1.4352,1.4265,1.4325,5400807.7
2026-05-14 02:00:00,1.4326,1.4342,1.4233,1.4259,2469746.8
2026-05-14 03:00:00,1.4259,1.4304,1.4208,1.4222,3215658.2
2026-05-14 04:00:00,1.4222,1.432,1.4209,1.4306,2725523.8
2026-05-14 05:00:00,1.4305,1.4397,1.4294,1.4358,2404769.3
2026-05-14 06:00:00,1.4358,1.4367,1.4271,1.4347,3519657.3
2026-05-14 07:00:00,1.4347,1.4372,1.4305,1.4324,4752686.8
2026-05-14 08:00:00,1.4325,1.4369,1.4296,1.4346,1997484.7
2026-05-14 09:00:00,1.4347,1.436,1.4273,1.4296,2397534.7
2026-05-14 10:00:00,1.4296,1.4375,1.4281,1.4366,2381789.7
2026-05-14 11:00:00,1.4366,1.4392,1.4319,1.4325,2299800.9
2026-05-14 12:00:00,1.4325,1.452,1.4317,1.4482,5659865.5
2026-05-14 13:00:00,1.4483,1.46,1.4413,1.4423,8612167.6
2026-05-14 14:00:00,1.4422,1.4745,1.4388,1.471,14517018.4
2026-05-14 15:00:00,1.471,1.4744,1.4609,1.4727,11290915.2
2026-05-14 16:00:00,1.4726,1.481,1.4645,1.4803,11824322.0
2026-05-14 17:00:00,1.4803,1.5005,1.4722,1.4918,17945176.2
2026-05-14 18:00:00,1.4918,1.5452,1.4861,1.5362,33897782.2
2026-05-14 19:00:00,1.5362,1.5496,1.5111,1.517,26753246.8
2026-05-14 20:00:00,1.5171,1.5178,1.4973,1.508,16556538.1
2026-05-14 21:00:00,1.508,1.5114,1.4933,1.4978,7731255.7
2026-05-14 22:00:00,1.4978,1.5057,1.4938,1.5007,5682197.8
2026-05-14 23:00:00,1.5007,1.5007,1.4828,1.4852,4011557.7
2026-05-15 00:00:00,1.4851,1.5002,1.4848,1.4952,4061516.5
2026-05-15 01:00:00,1.4951,1.4993,1.484,1.4846,5563136.7
2026-05-15 02:00:00,1.4845,1.4924,1.476,1.4907,5455479.7
2026-05-15 03:00:00,1.4906,1.4924,1.4833,1.489,3512555.2
2026-05-15 04:00:00,1.489,1.4902,1.473,1.4734,3832702.8
2026-05-15 05:00:00,1.4734,1.4752,1.4534,1.4604,13183940.4
2026-05-15 06:00:00,1.4603,1.4729,1.4585,1.4686,6648349.1
2026-05-15 07:00:00,1.4686,1.473,1.4657,1.4696,3963007.3
2026-05-15 08:00:00,1.4696,1.4721,1.4613,1.4711,6399217.9
2026-05-15 09:00:00,1.4712,1.473,1.4615,1.4646,4823657.2
2026-05-15 10:00:00,1.4646,1.4769,1.4633,1.4749,3319587.3
2026-05-15 11:00:00,1.4748,1.4757,1.4667,1.4681,2443476.9
2026-05-15 12:00:00,1.4681,1.4692,1.4586,1.4597,4896145.9
2026-05-15 13:00:00,1.4597,1.4597,1.429,1.4322,18669416.9
2026-05-15 14:00:00,1.4323,1.4411,1.4275,1.4394,10532809.4
2026-05-15 15:00:00,1.4393,1.4409,1.43,1.4352,4705305.0
2026-05-15 16:00:00,1.4351,1.4476,1.434,1.4467,5898476.4
2026-05-15 17:00:00,1.4467,1.4509,1.4458,1.4469,2989754.3
2026-05-15 18:00:00,1.4469,1.4493,1.4397,1.4408,3130768.3
2026-05-15 19:00:00,1.4407,1.4408,1.4321,1.4345,3793055.7
2026-05-15 20:00:00,1.4346,1.4375,1.4319,1.435,1861646.9
2026-05-15 21:00:00,1.4351,1.4371,1.4301,1.4304,1529972.9
2026-05-15 22:00:00,1.4304,1.4346,1.4301,1.4337,1308762.1
2026-05-15 23:00:00,1.4336,1.4357,1.4325,1.434,1028465.3
2026-05-16 00:00:00,1.434,1.4387,1.4326,1.4343,1725968.2
2026-05-16 01:00:00,1.4343,1.4386,1.4311,1.4371,1962258.7
2026-05-16 02:00:00,1.437,1.4396,1.4351,1.4367,1201085.6
2026-05-16 03:00:00,1.4367,1.4388,1.4335,1.4356,1202213.6
2026-05-16 04:00:00,1.4355,1.4366,1.418,1.4257,6893323.2
2026-05-16 05:00:00,1.4257,1.4298,1.4216,1.4251,4445122.9
2026-05-16 06:00:00,1.425,1.4265,1.4138,1.4196,4027268.9
2026-05-16 07:00:00,1.4197,1.4198,1.4046,1.4168,6995610.5
2026-05-16 08:00:00,1.4167,1.4181,1.4146,1.415,2148340.4
2026-05-16 09:00:00,1.4149,1.4159,1.4015,1.4022,5602990.2
2026-05-16 10:00:00,1.4023,1.4089,1.394,1.4073,9057803.5
2026-05-16 11:00:00,1.4073,1.4139,1.4068,1.4109,2888467.4
2026-05-16 12:00:00,1.4108,1.4133,1.408,1.4104,1895321.2
2026-05-16 13:00:00,1.4103,1.4155,1.4077,1.4116,3079082.9
2026-05-16 14:00:00,1.4117,1.4131,1.406,1.4096,5126974.4
2026-05-16 15:00:00,1.4095,1.415,1.4093,1.4147,2320478.4
2026-05-16 16:00:00,1.4147,1.4227,1.4135,1.4167,3838982.8
2026-05-16 17:00:00,1.4167,1.419,1.4152,1.417,1273712.2
2026-05-16 18:00:00,1.417,1.4179,1.4137,1.4157,1427411.7
2026-05-16 19:00:00,1.4157,1.4177,1.4149,1.4162,953476.8
2026-05-16 20:00:00,1.4163,1.4191,1.415,1.4158,898308.9
2026-05-16 21:00:00,1.4157,1.4166,1.4136,1.4151,1145107.3
2026-05-16 22:00:00,1.4151,1.4156,1.412,1.4139,674561.8
2026-05-16 23:00:00,1.4139,1.4159,1.4132,1.4136,759406.4
2026-05-17 00:00:00,1.4136,1.4176,1.4092,1.4114,1969875.9
2026-05-17 01:00:00,1.4115,1.4142,1.4038,1.4038,3830687.3
2026-05-17 02:00:00,1.4038,1.4113,1.4021,1.407,4796421.7
2026-05-17 03:00:00,1.407,1.4142,1.4068,1.4121,1043064.6
2026-05-17 04:00:00,1.4121,1.4174,1.4118,1.4157,1554518.0
2026-05-17 05:00:00,1.4156,1.4219,1.4155,1.4164,2102125.4
2026-05-17 06:00:00,1.4165,1.4191,1.4157,1.4175,1146998.8
2026-05-17 07:00:00,1.4175,1.4209,1.4166,1.4183,1189184.0
2026-05-17 08:00:00,1.4183,1.4202,1.4142,1.4145,1439418.4
2026-05-17 09:00:00,1.4146,1.4214,1.4129,1.4208,2699577.7
2026-05-17 10:00:00,1.4209,1.4291,1.4209,1.4244,4816869.4
2026-05-17 11:00:00,1.4244,1.4249,1.4209,1.4226,1282121.2
2026-05-17 12:00:00,1.4227,1.4267,1.4223,1.4234,1451029.5
2026-05-17 13:00:00,1.4234,1.4236,1.4165,1.4186,1762145.6
2026-05-17 14:00:00,1.4186,1.419,1.4105,1.4133,2409222.7
2026-05-17 15:00:00,1.4133,1.4149,1.41,1.4132,1586746.0
2026-05-17 16:00:00,1.4132,1.4162,1.4102,1.4116,1030781.3
2026-05-17 17:00:00,1.4117,1.4129,1.4085,1.411,1821978.6
2026-05-17 18:00:00,1.411,1.4143,1.4066,1.4143,2304527.8
2026-05-17 19:00:00,1.4143,1.4233,1.414,1.4225,2944672.7
2026-05-17 20:00:00,1.4224,1.4234,1.4176,1.4195,1218074.9
2026-05-17 21:00:00,1.4194,1.4263,1.4179,1.4232,1725953.7
2026-05-17 22:00:00,1.4232,1.4232,1.4091,1.4122,3413330.5
2026-05-17 23:00:00,1.4122,1.4147,1.3715,1.4016,18436260.5
2026-05-18 00:00:00,1.4017,1.4018,1.3885,1.3963,9713668.5
2026-05-18 01:00:00,1.3963,1.3973,1.3848,1.3941,4968370.3
2026-05-18 02:00:00,1.3941,1.4027,1.3903,1.3925,4507675.3
2026-05-18 03:00:00,1.3924,1.4004,1.3897,1.3932,3776824.4
2026-05-18 04:00:00,1.3932,1.3996,1.3873,1.395,3489541.4
2026-05-18 05:00:00,1.3949,1.3961,1.3878,1.3894,3543286.8
2026-05-18 06:00:00,1.3893,1.392,1.3764,1.3884,6575065.5
2026-05-18 07:00:00,1.3885,1.3912,1.3803,1.3867,3719230.2
2026-05-18 08:00:00,1.3867,1.3897,1.382,1.3879,1746510.0
2026-05-18 09:00:00,1.3879,1.388,1.3825,1.3829,2761044.1
2026-05-18 10:00:00,1.3829,1.3837,1.3775,1.3783,3688275.4
2026-05-18 11:00:00,1.3783,1.3966,1.3761,1.3904,4335005.8
2026-05-18 12:00:00,1.3904,1.4024,1.3903,1.399,4309184.3
2026-05-18 13:00:00,1.3991,1.3991,1.3764,1.3862,8488961.6
2026-05-18 14:00:00,1.3862,1.3862,1.3726,1.3775,6279172.6
2026-05-18 15:00:00,1.3776,1.3791,1.369,1.3766,5486501.2
2026-05-18 16:00:00,1.3767,1.3813,1.3708,1.3789,3622568.1
2026-05-18 17:00:00,1.3788,1.3837,1.3767,1.3811,2190508.5
2026-05-18 18:00:00,1.381,1.381,1.3638,1.3678,5016745.9
2026-05-18 19:00:00,1.3678,1.3912,1.3674,1.388,5680442.0
2026-05-18 20:00:00,1.3881,1.3924,1.3834,1.3848,2205722.2
2026-05-18 21:00:00,1.3848,1.396,1.3823,1.3931,1935840.4
2026-05-18 22:00:00,1.3931,1.3964,1.3886,1.3925,3373981.3
2026-05-18 23:00:00,1.3925,1.3946,1.3888,1.39,1883126.0
2026-05-19 00:00:00,1.3901,1.3977,1.3892,1.393,1869250.3
2026-05-19 01:00:00,1.393,1.393,1.3844,1.3844,2671748.3
2026-05-19 02:00:00,1.3844,1.3883,1.378,1.3794,3775095.2
2026-05-19 03:00:00,1.3794,1.3849,1.3782,1.3834,1928151.6
2026-05-19 04:00:00,1.3834,1.3876,1.3791,1.3869,2960942.2
2026-05-19 05:00:00,1.387,1.3883,1.3786,1.3832,3485549.1
2026-05-19 06:00:00,1.3832,1.3881,1.382,1.3855,1808153.6
2026-05-19 07:00:00,1.3854,1.391,1.3833,1.3887,3989093.4
2026-05-19 08:00:00,1.3887,1.3888,1.3802,1.3827,3505145.5
2026-05-19 09:00:00,1.3828,1.384,1.3706,1.3748,4967737.7
2026-05-19 10:00:00,1.3748,1.3767,1.3685,1.3744,3386336.1
2026-05-19 11:00:00,1.3745,1.377,1.3685,1.3722,3379188.9
2026-05-19 12:00:00,1.3722,1.3786,1.3706,1.3776,2831855.3
2026-05-19 13:00:00,1.3776,1.382,1.371,1.3768,4100875.9
2026-05-19 14:00:00,1.3767,1.3798,1.3607,1.3668,6083455.2
2026-05-19 15:00:00,1.3667,1.3731,1.3653,1.3672,4670106.1
2026-05-19 16:00:00,1.3672,1.3736,1.3628,1.3723,7686715.2
2026-05-19 17:00:00,1.3724,1.374,1.3622,1.3639,6887165.9
2026-05-19 18:00:00,1.3639,1.368,1.3612,1.3625,6017065.1
2026-05-19 19:00:00,1.3625,1.3664,1.3561,1.3573,8271759.9
2026-05-19 20:00:00,1.3572,1.3604,1.3558,1.3585,5718298.1
2026-05-19 21:00:00,1.3585,1.363,1.3573,1.3597,5026639.9
2026-05-19 22:00:00,1.3596,1.3596,1.3531,1.3581,2565186.9
2026-05-19 23:00:00,1.3581,1.3653,1.357,1.3616,1007408.1
2026-05-20 00:00:00,1.3616,1.3639,1.3519,1.3557,3290097.9
2026-05-20 01:00:00,1.3557,1.358,1.3477,1.3551,5416810.5
2026-05-20 02:00:00,1.3551,1.3563,1.3506,1.3521,2035865.4
2026-05-20 03:00:00,1.352,1.3585,1.3498,1.3562,1475294.2
2026-05-20 04:00:00,1.3562,1.3599,1.3535,1.3599,1328004.5
2026-05-20 05:00:00,1.3599,1.3699,1.3599,1.3681,2366542.1
2026-05-20 06:00:00,1.3681,1.3709,1.3666,1.3707,2754422.4
2026-05-20 07:00:00,1.3707,1.3736,1.3673,1.3682,2197064.1
2026-05-20 08:00:00,1.3683,1.3724,1.3657,1.3699,3179472.6
2026-05-20 09:00:00,1.3699,1.3728,1.3685,1.37,2166067.7
2026-05-20 10:00:00,1.3699,1.3754,1.3694,1.3704,2050899.1
2026-05-20 11:00:00,1.3704,1.3713,1.3641,1.3655,1927626.4
2026-05-20 12:00:00,1.3654,1.3755,1.364,1.3734,1951883.1
2026-05-20 13:00:00,1.3734,1.3743,1.3592,1.3643,4014813.9
2026-05-20 14:00:00,1.3643,1.376,1.3585,1.3732,5076247.5
2026-05-20 15:00:00,1.3732,1.3807,1.3682,1.3747,5925680.5
2026-05-20 16:00:00,1.3748,1.3776,1.3661,1.3751,4499224.2
2026-05-20 17:00:00,1.3751,1.3803,1.371,1.3753,4394762.3
2026-05-20 18:00:00,1.3753,1.376,1.365,1.3675,4213856.0
2026-05-20 19:00:00,1.3674,1.373,1.3653,1.3726,2162442.3
2026-05-20 20:00:00,1.3726,1.3728,1.3641,1.3702,2373305.1
2026-05-20 21:00:00,1.3702,1.3718,1.3667,1.3668,1047773.6
2026-05-20 22:00:00,1.3667,1.3681,1.3604,1.366,2078746.8
2026-05-20 23:00:00,1.3659,1.3675,1.3629,1.3672,982512.5
2026-05-21 00:00:00,1.3672,1.378,1.3665,1.3762,2802134.5
2026-05-21 01:00:00,1.3762,1.3814,1.3756,1.3784,2089821.3
2026-05-21 02:00:00,1.3785,1.386,1.3777,1.3813,2547746.7
2026-05-21 03:00:00,1.3814,1.3847,1.3802,1.3842,1907905.6
2026-05-21 04:00:00,1.3843,1.3856,1.3812,1.3819,2477315.1
2026-05-21 05:00:00,1.382,1.3835,1.372,1.3746,4241882.1
2026-05-21 06:00:00,1.3746,1.3763,1.3693,1.3708,3370084.8
2026-05-21 07:00:00,1.3708,1.3772,1.3696,1.376,1952340.5
2026-05-21 08:00:00,1.376,1.3858,1.376,1.3803,5074018.3
2026-05-21 09:00:00,1.3803,1.3821,1.3739,1.3742,1944406.2
2026-05-21 10:00:00,1.3742,1.3749,1.3638,1.3663,6347917.8
2026-05-21 11:00:00,1.3663,1.3695,1.3635,1.3636,2985739.8
2026-05-21 12:00:00,1.3637,1.3667,1.3617,1.3651,2548353.5
2026-05-21 13:00:00,1.3651,1.3687,1.3547,1.3618,6033302.7
2026-05-21 14:00:00,1.3618,1.364,1.3512,1.357,4714218.8
2026-05-21 15:00:00,1.357,1.3658,1.3558,1.3615,3204398.6
2026-05-21 16:00:00,1.3615,1.365,1.3571,1.3613,2228208.6
2026-05-21 17:00:00,1.3614,1.3862,1.3614,1.3812,9115430.4
2026-05-21 18:00:00,1.3812,1.3826,1.3667,1.3713,4625550.7
2026-05-21 19:00:00,1.3713,1.3816,1.3708,1.3796,2551953.4
2026-05-21 20:00:00,1.3797,1.3811,1.3763,1.3772,1187740.4
2026-05-21 21:00:00,1.3773,1.3789,1.3755,1.376,1157688.5
2026-05-21 22:00:00,1.376,1.3767,1.371,1.3727,1172305.3
2026-05-21 23:00:00,1.3726,1.3751,1.3693,1.3739,1640283.9
2026-05-22 00:00:00,1.3739,1.3744,1.3672,1.3681,1805194.1
2026-05-22 01:00:00,1.3681,1.3719,1.3651,1.371,2141200.3
2026-05-22 02:00:00,1.371,1.3755,1.3697,1.3731,3167121.8
2026-05-22 03:00:00,1.3732,1.3747,1.3709,1.3721,2450692.0
2026-05-22 04:00:00,1.3722,1.376,1.3682,1.3704,2809600.6
2026-05-22 05:00:00,1.3703,1.3731,1.3675,1.3682,3970418.8
2026-05-22 06:00:00,1.3682,1.3699,1.3603,1.3606,5624316.9
2026-05-22 07:00:00,1.3607,1.3681,1.3567,1.3652,4258544.2
2026-05-22 08:00:00,1.3652,1.3685,1.3611,1.3628,3010426.6
2026-05-22 09:00:00,1.3628,1.3654,1.3591,1.3601,2179001.5
2026-05-22 10:00:00,1.36,1.3621,1.3575,1.3598,2961481.4
2026-05-22 11:00:00,1.3599,1.3619,1.3551,1.3616,3911953.4
2026-05-22 12:00:00,1.3616,1.3661,1.3604,1.366,3865201.6
2026-05-22 13:00:00,1.3661,1.3705,1.3577,1.3626,5358435.3
2026-05-22 14:00:00,1.3626,1.3626,1.35,1.3521,6609038.9
2026-05-22 15:00:00,1.3521,1.3579,1.3477,1.3534,4325133.9
2026-05-22 16:00:00,1.3534,1.3559,1.3507,1.3547,2856117.1
2026-05-22 17:00:00,1.3547,1.3595,1.351,1.3535,2551226.8
2026-05-22 18:00:00,1.3534,1.3558,1.3344,1.35,9745304.9
2026-05-22 19:00:00,1.35,1.3524,1.3348,1.3386,6599427.5
2026-05-22 20:00:00,1.3387,1.3429,1.3356,1.342,3564937.2
2026-05-22 21:00:00,1.3419,1.344,1.3403,1.3426,1574917.7
2026-05-22 22:00:00,1.3427,1.3442,1.338,1.3405,1427927.0
2026-05-22 23:00:00,1.3405,1.343,1.33,1.3345,5079682.7
2026-05-23 00:00:00,1.3346,1.3361,1.3272,1.3346,5438261.1
2026-05-23 01:00:00,1.3347,1.3391,1.3337,1.3375,1528688.2
2026-05-23 02:00:00,1.3375,1.3405,1.3366,1.3399,1353713.0
2026-05-23 03:00:00,1.3398,1.3424,1.3396,1.3411,1021543.5
2026-05-23 04:00:00,1.3411,1.3412,1.335,1.3363,1463494.5
2026-05-23 05:00:00,1.3364,1.3367,1.3294,1.3313,1936465.3
2026-05-23 06:00:00,1.3313,1.3357,1.3286,1.3331,2339593.4
2026-05-23 07:00:00,1.3331,1.3338,1.3019,1.3122,17071733.0
2026-05-23 08:00:00,1.3123,1.3186,1.3071,1.3107,11235869.0
2026-05-23 09:00:00,1.3107,1.3182,1.31,1.3173,5031848.2
2026-05-23 10:00:00,1.3173,1.3242,1.3171,1.3225,3111796.3
2026-05-23 11:00:00,1.3226,1.3264,1.3212,1.3247,2350112.9
2026-05-23 12:00:00,1.3246,1.3277,1.3241,1.3265,1892744.0
2026-05-23 13:00:00,1.3265,1.337,1.3265,1.3332,5180029.8
2026-05-23 14:00:00,1.3332,1.3412,1.3315,1.3399,5745554.7
2026-05-23 15:00:00,1.3399,1.3421,1.3353,1.3359,5052189.7
2026-05-23 16:00:00,1.3359,1.3392,1.3342,1.3379,4177016.0
2026-05-23 17:00:00,1.3379,1.3394,1.3357,1.3385,1096860.4
2026-05-23 18:00:00,1.3386,1.3506,1.3385,1.3453,4221463.0
2026-05-23 19:00:00,1.3454,1.3474,1.3427,1.347,1392473.4
2026-05-23 20:00:00,1.347,1.372,1.3451,1.3719,8042373.5
2026-05-23 21:00:00,1.372,1.3762,1.3537,1.3598,6391694.5
2026-05-23 22:00:00,1.3599,1.3637,1.3529,1.3588,3535051.7
2026-05-23 23:00:00,1.3587,1.3616,1.3571,1.3583,2349721.4
2026-05-24 00:00:00,1.3584,1.3639,1.3571,1.3619,1643750.1
2026-05-24 01:00:00,1.3619,1.3633,1.3593,1.3605,1594442.7
2026-05-24 02:00:00,1.3606,1.3625,1.3584,1.3612,1892562.5
2026-05-24 03:00:00,1.3611,1.3634,1.3596,1.3607,1216210.1
2026-05-24 04:00:00,1.3608,1.3618,1.3592,1.361,1014532.7
2026-05-24 05:00:00,1.3611,1.3613,1.355,1.3595,1546230.5
2026-05-24 06:00:00,1.3595,1.3632,1.3573,1.3628,1378137.4
2026-05-24 07:00:00,1.3628,1.3648,1.3589,1.3595,1389008.8
2026-05-24 08:00:00,1.3596,1.3612,1.3575,1.361,1151575.4
2026-05-24 09:00:00,1.361,1.3666,1.3605,1.3648,3355837.5
2026-05-24 10:00:00,1.3648,1.371,1.3628,1.3635,3952757.3
2026-05-24 11:00:00,1.3635,1.3698,1.3621,1.3651,6120067.7
2026-05-24 12:00:00,1.3652,1.3655,1.3608,1.3627,2225147.8
2026-05-24 13:00:00,1.3628,1.3638,1.3567,1.3589,2098783.0
2026-05-24 14:00:00,1.359,1.3596,1.339,1.3498,5651019.0
2026-05-24 15:00:00,1.3499,1.3513,1.3482,1.3484,1338463.1
2026-05-24 16:00:00,1.3484,1.3527,1.3472,1.3509,1568462.5
2026-05-24 17:00:00,1.3509,1.3546,1.3506,1.3532,1016962.8
2026-05-24 18:00:00,1.3533,1.3535,1.3476,1.3486,1498032.6
2026-05-24 19:00:00,1.3486,1.3506,1.3461,1.3493,713593.7
2026-05-24 20:00:00,1.3493,1.3497,1.3432,1.3448,2034625.9
2026-05-24 21:00:00,1.3448,1.3472,1.3326,1.3358,2961016.3
2026-05-24 22:00:00,1.3359,1.3514,1.3359,1.3478,3821801.6
2026-05-24 23:00:00,1.3479,1.3541,1.3479,1.351,1452095.0
2026-05-25 00:00:00,1.351,1.3558,1.351,1.352,2227749.7
2026-05-25 01:00:00,1.3521,1.3556,1.3471,1.3473,1848720.6
2026-05-25 02:00:00,1.3474,1.3567,1.3469,1.3473,2489100.0
2026-05-25 03:00:00,1.3473,1.3487,1.3435,1.3468,2433870.9
2026-05-25 04:00:00,1.3468,1.3566,1.345,1.3553,3657225.1
2026-05-25 05:00:00,1.3553,1.3611,1.354,1.3582,4069233.5
2026-05-25 06:00:00,1.3582,1.3609,1.3541,1.3582,2508094.4
2026-05-25 07:00:00,1.3583,1.361,1.3526,1.3589,4010925.0
2026-05-25 08:00:00,1.3589,1.3656,1.3567,1.3592,7061195.2
2026-05-25 09:00:00,1.3592,1.3632,1.3569,1.361,3737735.6
2026-05-25 10:00:00,1.361,1.3617,1.3592,1.3606,2151204.2
2026-05-25 11:00:00,1.3606,1.3614,1.3573,1.3577,2094347.4
2026-05-25 12:00:00,1.3577,1.3595,1.3564,1.3574,1913233.5
2026-05-25 13:00:00,1.3573,1.359,1.3556,1.3583,1575619.2
2026-05-25 14:00:00,1.3582,1.3627,1.3577,1.3615,2931942.5
2026-05-25 15:00:00,1.3614,1.3657,1.3576,1.3588,2205576.7
2026-05-25 16:00:00,1.3589,1.3639,1.3574,1.3627,1432055.0
2026-05-25 17:00:00,1.3627,1.364,1.3602,1.3613,1046052.8
2026-05-25 18:00:00,1.3613,1.3633,1.3587,1.3587,506766.7
2026-05-25 19:00:00,1.3588,1.3588,1.3545,1.3571,1276170.3
2026-05-25 20:00:00,1.357,1.3596,1.3523,1.3546,1397482.2
2026-05-25 21:00:00,1.3546,1.3568,1.354,1.3547,794913.8
2026-05-25 22:00:00,1.3547,1.356,1.3466,1.3489,2613001.3
2026-05-25 23:00:00,1.3489,1.3519,1.3472,1.3503,1661351.2
2026-05-26 00:00:00,1.3503,1.3512,1.3352,1.3422,3251496.2
2026-05-26 01:00:00,1.3421,1.3448,1.3374,1.3396,3316195.9
2026-05-26 02:00:00,1.3396,1.3404,1.3357,1.3372,3036455.2
2026-05-26 03:00:00,1.3372,1.3408,1.3342,1.3402,3116859.2
2026-05-26 04:00:00,1.3402,1.3464,1.3399,1.3454,1793359.6
2026-05-26 05:00:00,1.3454,1.3507,1.3445,1.3479,1934538.2
2026-05-26 06:00:00,1.3479,1.3498,1.3448,1.3485,1831093.2
2026-05-26 07:00:00,1.3486,1.349,1.3393,1.3405,2484972.5
2026-05-26 08:00:00,1.3405,1.3439,1.3397,1.3408,2106312.4
2026-05-26 09:00:00,1.3408,1.3435,1.3395,1.3419,2128872.9
2026-05-26 10:00:00,1.3419,1.3595,1.3402,1.3566,4230145.7
2026-05-26 11:00:00,1.3567,1.3577,1.3514,1.3521,3303638.5
2026-05-26 12:00:00,1.352,1.3559,1.3477,1.3552,1922641.6
2026-05-26 13:00:00,1.3553,1.3604,1.3482,1.3558,2814071.6
2026-05-26 14:00:00,1.3559,1.3656,1.3475,1.3524,5263115.2
2026-05-26 15:00:00,1.3524,1.3538,1.3396,1.3451,4086863.9
2026-05-26 16:00:00,1.3452,1.3458,1.3383,1.3411,3209231.4
2026-05-26 17:00:00,1.3411,1.3436,1.3273,1.3332,6790305.6
2026-05-26 18:00:00,1.3332,1.3389,1.3289,1.3301,1947622.9
2026-05-26 19:00:00,1.3301,1.3349,1.3273,1.3325,2666649.7
2026-05-26 20:00:00,1.3325,1.3343,1.3311,1.3335,1195300.3
2026-05-26 21:00:00,1.3335,1.3347,1.3286,1.3316,1636456.0
2026-05-26 22:00:00,1.3317,1.3339,1.3288,1.33,1975375.2
2026-05-26 23:00:00,1.33,1.3318,1.329,1.3292,1311385.0
2026-05-27 00:00:00,1.3293,1.3328,1.3288,1.3325,2309813.0
2026-05-27 01:00:00,1.3324,1.3331,1.3294,1.3306,1185236.1
2026-05-27 02:00:00,1.3307,1.3312,1.3264,1.3311,2395404.3
2026-05-27 03:00:00,1.3311,1.3331,1.3265,1.3276,2576556.4
2026-05-27 04:00:00,1.3276,1.3315,1.3216,1.331,3045304.4
2026-05-27 05:00:00,1.331,1.3328,1.3298,1.3313,2002483.7
2026-05-27 06:00:00,1.3313,1.337,1.3304,1.3359,1546378.2
2026-05-27 07:00:00,1.3359,1.3371,1.3302,1.3319,1798823.3
2026-05-27 08:00:00,1.3319,1.3379,1.33,1.3355,4071379.8
2026-05-27 09:00:00,1.3354,1.3373,1.3282,1.3293,6584096.7
2026-05-27 10:00:00,1.3292,1.3347,1.3292,1.3304,3610009.1
2026-05-27 11:00:00,1.3304,1.3343,1.3289,1.3297,1223568.6
2026-05-27 12:00:00,1.3298,1.3408,1.325,1.3319,3015891.2
2026-05-27 13:00:00,1.332,1.3333,1.3187,1.3241,4775901.7
2026-05-27 14:00:00,1.3242,1.3309,1.3189,1.3305,4445462.8
2026-05-27 15:00:00,1.3304,1.3437,1.3299,1.3363,4153610.4
2026-05-27 16:00:00,1.3364,1.3389,1.3281,1.332,2980660.8
2026-05-27 17:00:00,1.3321,1.3324,1.3175,1.3205,4353940.1
2026-05-27 18:00:00,1.3204,1.3272,1.3176,1.3267,2054304.7
2026-05-27 19:00:00,1.3267,1.3341,1.3267,1.3307,3195121.8
2026-05-27 20:00:00,1.3307,1.3348,1.3273,1.3307,1977957.8
2026-05-27 21:00:00,1.3308,1.3327,1.3114,1.3161,4986889.9
2026-05-27 22:00:00,1.3161,1.3208,1.3102,1.3109,4076561.5
2026-05-27 23:00:00,1.3108,1.3123,1.3033,1.3076,5379012.8
2026-05-28 00:00:00,1.3076,1.3114,1.306,1.3098,2636008.8
2026-05-28 01:00:00,1.3097,1.3104,1.2979,1.3031,5402454.6
2026-05-28 02:00:00,1.3032,1.306,1.3004,1.3014,3502183.7
2026-05-28 03:00:00,1.3015,1.3036,1.2752,1.279,14356816.9
2026-05-28 04:00:00,1.279,1.2844,1.2677,1.2843,13323232.2
2026-05-28 05:00:00,1.2844,1.2862,1.278,1.2838,3641444.3
2026-05-28 06:00:00,1.2838,1.2898,1.2808,1.2876,5053175.9
2026-05-28 07:00:00,1.2875,1.2936,1.2872,1.2934,3576312.9
2026-05-28 08:00:00,1.2934,1.2937,1.2868,1.2889,2059195.6
2026-05-28 09:00:00,1.2889,1.2938,1.2875,1.293,1464894.2
2026-05-28 10:00:00,1.2929,1.2963,1.2881,1.2886,2813892.9
2026-05-28 11:00:00,1.2886,1.2907,1.2861,1.2877,2655134.7
2026-05-28 12:00:00,1.2876,1.295,1.2838,1.2947,3697894.6
2026-05-28 13:00:00,1.2948,1.2997,1.2895,1.2966,7471003.2
2026-05-28 14:00:00,1.2965,1.3107,1.2864,1.302,9664683.0
2026-05-28 15:00:00,1.3021,1.3148,1.2945,1.3124,5129796.5
2026-05-28 16:00:00,1.3124,1.3295,1.307,1.3238,7258427.0
2026-05-28 17:00:00,1.3238,1.33,1.319,1.3262,4159896.4
2026-05-28 18:00:00,1.3261,1.3385,1.3256,1.3344,5362216.8
2026-05-28 19:00:00,1.3345,1.3345,1.3157,1.3161,2995148.2
2026-05-28 20:00:00,1.316,1.3249,1.3104,1.3205,2871975.8
2026-05-28 21:00:00,1.3205,1.3234,1.3169,1.32,2186952.0
2026-05-28 22:00:00,1.32,1.3219,1.3125,1.3144,2029096.7
2026-05-28 23:00:00,1.3144,1.3187,1.3138,1.3156,1724985.3
2026-05-29 00:00:00,1.3156,1.3205,1.3143,1.3152,1642579.8
2026-05-29 01:00:00,1.3151,1.3175,1.3082,1.3103,3331562.1
2026-05-29 02:00:00,1.3103,1.3116,1.3038,1.3042,3046044.6
2026-05-29 03:00:00,1.3042,1.3151,1.3042,1.3124,3297289.5
2026-05-29 04:00:00,1.3124,1.313,1.3039,1.3108,2181719.2
2026-05-29 05:00:00,1.3108,1.3155,1.3088,1.3152,2337155.2
2026-05-29 06:00:00,1.3153,1.321,1.3143,1.3162,3423683.9
2026-05-29 07:00:00,1.3162,1.3193,1.3101,1.3169,4266056.9
2026-05-29 08:00:00,1.3168,1.3235,1.3165,1.3212,4834039.5
2026-05-29 09:00:00,1.3213,1.3275,1.3202,1.3235,3595326.0
2026-05-29 10:00:00,1.3235,1.3237,1.3174,1.3187,2917899.9
2026-05-29 11:00:00,1.3187,1.3189,1.3069,1.3113,4880577.1
2026-05-29 12:00:00,1.3114,1.3123,1.3029,1.3047,5016033.1
2026-05-29 13:00:00,1.3047,1.3063,1.2978,1.3027,5997686.2
2026-05-29 14:00:00,1.3028,1.3089,1.2947,1.3079,10228345.1
2026-05-29 15:00:00,1.3079,1.3339,1.3052,1.3227,10022467.9
2026-05-29 16:00:00,1.3228,1.3311,1.3164,1.3272,6826474.7
2026-05-29 17:00:00,1.3272,1.333,1.3237,1.3249,5035674.5
2026-05-29 18:00:00,1.3249,1.3304,1.3165,1.3188,3789341.7
2026-05-29 19:00:00,1.3187,1.3235,1.3109,1.321,3841827.5
2026-05-29 20:00:00,1.321,1.3253,1.3202,1.3225,2723270.3
2026-05-29 21:00:00,1.3226,1.3269,1.3161,1.3162,2267083.8
2026-05-29 22:00:00,1.3161,1.3213,1.3144,1.3208,1902720.0
2026-05-29 23:00:00,1.3208,1.3312,1.3199,1.33,2790883.4
2026-05-30 00:00:00,1.33,1.35,1.3281,1.3489,6751983.9
2026-05-30 01:00:00,1.3489,1.3661,1.3442,1.3567,12319863.3
2026-05-30 02:00:00,1.3567,1.3638,1.3548,1.3603,5742109.9
2026-05-30 03:00:00,1.3603,1.3626,1.3502,1.3504,4125306.1
2026-05-30 04:00:00,1.3504,1.3529,1.337,1.344,7296142.2
2026-05-30 05:00:00,1.3441,1.351,1.3424,1.3487,4354216.6
2026-05-30 06:00:00,1.3488,1.3495,1.3432,1.3455,2149023.6
2026-05-30 07:00:00,1.3456,1.3459,1.3403,1.3428,1804090.4
2026-05-30 08:00:00,1.3429,1.3429,1.3401,1.3406,1061355.3
2026-05-30 09:00:00,1.3407,1.3463,1.3397,1.3446,2494567.4
2026-05-30 10:00:00,1.3447,1.3447,1.3405,1.3423,2017038.8
2026-05-30 11:00:00,1.3424,1.3441,1.3371,1.3404,3330222.0
2026-05-30 12:00:00,1.3405,1.3424,1.3374,1.3397,2023409.0
2026-05-30 13:00:00,1.3398,1.3416,1.3374,1.341,2973986.2
2026-05-30 14:00:00,1.3411,1.347,1.3396,1.3428,2963568.3
2026-05-30 15:00:00,1.3429,1.3456,1.3401,1.3424,2324437.4
2026-05-30 16:00:00,1.3425,1.3497,1.3413,1.3479,3788635.0
2026-05-30 17:00:00,1.348,1.3533,1.3446,1.3527,2295333.4
2026-05-30 18:00:00,1.3527,1.354,1.3491,1.3521,1264593.3
2026-05-30 19:00:00,1.352,1.3521,1.3439,1.3478,3262771.6
2026-05-30 20:00:00,1.3478,1.35,1.3467,1.3481,853889.7
2026-05-30 21:00:00,1.3482,1.3519,1.347,1.3502,1633173.3
2026-05-30 22:00:00,1.3501,1.3501,1.3377,1.3425,3085249.8
2026-05-30 23:00:00,1.3426,1.3439,1.3386,1.3408,982946.6
2026-05-31 00:00:00,1.3409,1.342,1.3379,1.3405,1396682.9
2026-05-31 01:00:00,1.3404,1.3442,1.3402,1.3417,947911.4
2026-05-31 02:00:00,1.3418,1.3462,1.3363,1.3424,2594612.7
2026-05-31 03:00:00,1.3424,1.3454,1.3414,1.3448,1261639.9
2026-05-31 04:00:00,1.3449,1.3468,1.343,1.3462,863417.9
2026-05-31 05:00:00,1.3462,1.3463,1.3426,1.3433,885349.3
2026-05-31 06:00:00,1.3433,1.3433,1.34,1.3401,1145583.4
2026-05-31 07:00:00,1.34,1.34,1.333,1.3356,2156126.7
2026-05-31 08:00:00,1.3356,1.3398,1.3354,1.3385,1250873.5
2026-05-31 09:00:00,1.3385,1.3429,1.3366,1.3391,2298868.9
2026-05-31 10:00:00,1.3391,1.3394,1.3342,1.3369,1376084.1
2026-05-31 11:00:00,1.3369,1.3432,1.3369,1.3419,1667230.6
2026-05-31 12:00:00,1.3418,1.3438,1.3388,1.3424,1632170.5
2026-05-31 13:00:00,1.3424,1.3484,1.3415,1.3424,1949870.5
2026-05-31 14:00:00,1.3424,1.3439,1.328,1.3304,5113457.0
2026-05-31 15:00:00,1.3303,1.3351,1.3283,1.3307,1365641.0
2026-05-31 16:00:00,1.3307,1.3326,1.3219,1.3278,5824305.6
2026-05-31 17:00:00,1.3278,1.3323,1.3277,1.3313,1189397.7
2026-05-31 18:00:00,1.3313,1.3314,1.3261,1.3277,857454.3
2026-05-31 19:00:00,1.3277,1.3283,1.321,1.3266,1083609.1
2026-05-31 20:00:00,1.3266,1.3314,1.3266,1.3308,1319807.9
2026-05-31 21:00:00,1.3309,1.3351,1.3293,1.3344,1297168.4
2026-05-31 22:00:00,1.3344,1.3402,1.3316,1.3373,1808179.5
2026-05-31 23:00:00,1.3374,1.3425,1.3278,1.333,2791057.5
2026-06-01 00:00:00,1.333,1.3412,1.3309,1.3377,3957352.2
2026-06-01 01:00:00,1.3377,1.3389,1.3217,1.3217,2496248.4
2026-06-01 02:00:00,1.3216,1.3349,1.3193,1.3308,3814248.0
2026-06-01 03:00:00,1.3308,1.3358,1.3298,1.3308,2506321.9
2026-06-01 04:00:00,1.3309,1.3333,1.3174,1.3224,3229430.4
2026-06-01 05:00:00,1.3223,1.323,1.3156,1.3165,2442931.5
2026-06-01 06:00:00,1.3166,1.3169,1.3095,1.3139,5310125.4
2026-06-01 07:00:00,1.3139,1.3147,1.3032,1.3036,3943585.7
2026-06-01 08:00:00,1.3036,1.3078,1.2987,1.303,4688973.1
2026-06-01 09:00:00,1.303,1.3098,1.303,1.3044,2914938.8
2026-06-01 10:00:00,1.3044,1.3074,1.3016,1.3059,2166329.2
2026-06-01 11:00:00,1.3059,1.3078,1.301,1.3036,2691030.8
2026-06-01 12:00:00,1.3035,1.3065,1.296,1.3027,3214167.1
2026-06-01 13:00:00,1.3027,1.3031,1.2861,1.2907,9085349.6
2026-06-01 14:00:00,1.2906,1.2928,1.2819,1.286,8071007.1
2026-06-01 15:00:00,1.286,1.2904,1.2797,1.2822,7667428.3
2026-06-01 16:00:00,1.2822,1.2941,1.2794,1.2941,4976822.3
2026-06-01 17:00:00,1.294,1.3053,1.2934,1.3007,3937919.9
2026-06-01 18:00:00,1.3006,1.3033,1.2953,1.2965,1550104.1
2026-06-01 19:00:00,1.2965,1.3015,1.2945,1.3,2062354.1
2026-06-01 20:00:00,1.2999,1.3007,1.295,1.2991,2473668.3
2026-06-01 21:00:00,1.299,1.2991,1.2913,1.2918,2154821.8
2026-06-01 22:00:00,1.2918,1.3013,1.2868,1.3005,3726164.1
2026-06-01 23:00:00,1.3005,1.301,1.2931,1.2972,1817014.7
2026-06-02 00:00:00,1.2972,1.2972,1.2881,1.2891,2511154.0
2026-06-02 01:00:00,1.2892,1.2906,1.2794,1.2798,4933662.3
2026-06-02 02:00:00,1.2797,1.2851,1.2682,1.2844,6418432.1
2026-06-02 03:00:00,1.2844,1.2889,1.282,1.2881,3837605.7
2026-06-02 04:00:00,1.288,1.2898,1.2801,1.2802,3031368.9
2026-06-02 05:00:00,1.2803,1.2811,1.2665,1.2679,4637561.1
2026-06-02 06:00:00,1.2679,1.2723,1.2631,1.2657,6000757.8
2026-06-02 07:00:00,1.2657,1.272,1.2587,1.268,5865599.7
2026-06-02 08:00:00,1.2681,1.2694,1.2623,1.2648,3510153.3
2026-06-02 09:00:00,1.2648,1.2654,1.2572,1.2596,4953628.2
2026-06-02 10:00:00,1.2597,1.2679,1.2576,1.2671,2626806.8
2026-06-02 11:00:00,1.267,1.267,1.2592,1.261,2794274.2
2026-06-02 12:00:00,1.2611,1.2659,1.2591,1.2639,2871822.2
2026-06-02 13:00:00,1.2639,1.2686,1.26,1.2615,3847826.9
2026-06-02 14:00:00,1.2616,1.2619,1.2278,1.2352,23671398.0
2026-06-02 15:00:00,1.2352,1.2373,1.2171,1.222,17791907.8
2026-06-02 16:00:00,1.222,1.2436,1.2198,1.2328,8260672.4
2026-06-02 17:00:00,1.2328,1.2438,1.2317,1.2365,3967984.2
2026-06-02 18:00:00,1.2365,1.2405,1.2181,1.2242,5325168.1
2026-06-02 19:00:00,1.2242,1.2308,1.207,1.2217,9818882.8
2026-06-02 20:00:00,1.2217,1.2277,1.2131,1.2233,5288577.7
2026-06-02 21:00:00,1.2233,1.2324,1.2201,1.2265,3845345.9
2026-06-02 22:00:00,1.2264,1.2264,1.1948,1.2009,14584815.4
2026-06-02 23:00:00,1.201,1.2126,1.1973,1.2117,11939244.0
2026-06-03 00:00:00,1.2118,1.2258,1.2118,1.2246,8298461.2
2026-06-03 01:00:00,1.2246,1.2319,1.2183,1.2236,4236802.1
2026-06-03 02:00:00,1.2235,1.2243,1.2174,1.2205,2802059.2
2026-06-03 03:00:00,1.2205,1.2231,1.1898,1.1979,11132265.2
2026-06-03 04:00:00,1.198,1.2189,1.1977,1.2184,7001207.2
2026-06-03 05:00:00,1.2184,1.2349,1.2184,1.2324,8408258.2
2026-06-03 06:00:00,1.2324,1.2465,1.2317,1.2389,6715177.3
2026-06-03 07:00:00,1.239,1.2491,1.2376,1.2433,3907611.8
2026-06-03 08:00:00,1.2432,1.2457,1.2386,1.2428,3281813.6
2026-06-03 09:00:00,1.2428,1.2452,1.2353,1.2384,6247290.7
2026-06-03 10:00:00,1.2385,1.2449,1.2379,1.2418,2918215.9
2026-06-03 11:00:00,1.2419,1.2449,1.2337,1.2369,2568995.9
2026-06-03 12:00:00,1.2369,1.2378,1.2296,1.2357,4118777.0
2026-06-03 13:00:00,1.2357,1.2378,1.2262,1.2312,4149948.9
2026-06-03 14:00:00,1.2312,1.2339,1.2221,1.231,4198476.8
2026-06-03 15:00:00,1.231,1.2319,1.2207,1.2251,4510244.1
2026-06-03 16:00:00,1.2252,1.2286,1.2089,1.2228,7201953.9
2026-06-03 17:00:00,1.2229,1.2287,1.2134,1.2214,3446409.3
2026-06-03 18:00:00,1.2214,1.2248,1.213,1.2185,2548478.7
2026-06-03 19:00:00,1.2185,1.2196,1.202,1.2043,6019912.9
2026-06-03 20:00:00,1.2042,1.2081,1.1868,1.1939,8062628.1
2026-06-03 21:00:00,1.1939,1.2203,1.1917,1.2185,5573774.4
2026-06-03 22:00:00,1.2185,1.2205,1.2041,1.2063,3918747.9
2026-06-03 23:00:00,1.2063,1.2075,1.1981,1.2012,2876411.5
2026-06-04 00:00:00,1.2012,1.208,1.1868,1.1936,8804769.1
2026-06-04 01:00:00,1.1937,1.1966,1.1565,1.1615,19893001.4
2026-06-04 02:00:00,1.1615,1.1872,1.1407,1.1815,25954203.5
2026-06-04 03:00:00,1.1816,1.2112,1.1814,1.209,9441967.7
2026-06-04 04:00:00,1.2091,1.212,1.2004,1.2018,7103054.7
2026-06-04 05:00:00,1.2017,1.2018,1.1842,1.1879,6171084.7
2026-06-04 06:00:00,1.188,1.2,1.1865,1.1892,4856871.5
2026-06-04 07:00:00,1.1892,1.19,1.1676,1.1678,6634826.6
2026-06-04 08:00:00,1.1677,1.1722,1.1611,1.1678,7595771.9
2026-06-04 09:00:00,1.1679,1.1684,1.1453,1.162,11493588.3
2026-06-04 10:00:00,1.1621,1.1626,1.1431,1.1485,10609994.0
2026-06-04 11:00:00,1.1485,1.1599,1.1418,1.1558,7031556.9
2026-06-04 12:00:00,1.1559,1.1824,1.1504,1.1801,11024683.5
2026-06-04 13:00:00,1.18,1.1836,1.1631,1.1795,8751096.1
2026-06-04 14:00:00,1.1796,1.1831,1.168,1.173,5371162.1
2026-06-04 15:00:00,1.173,1.1827,1.166,1.1689,4842604.6
2026-06-04 16:00:00,1.1689,1.1735,1.1608,1.1702,3758023.9
2026-06-04 17:00:00,1.1701,1.1755,1.1592,1.1698,4727789.7
2026-06-04 18:00:00,1.1698,1.1832,1.1632,1.1794,3686102.3
2026-06-04 19:00:00,1.1793,1.185,1.1729,1.1752,2974102.8
2026-06-04 20:00:00,1.1751,1.1779,1.1667,1.1759,2121540.5
2026-06-04 21:00:00,1.1759,1.1789,1.156,1.159,3649494.1
2026-06-04 22:00:00,1.1589,1.1702,1.1548,1.1695,6473659.2
2026-06-04 23:00:00,1.1694,1.1722,1.1585,1.1688,3120431.2
2026-06-05 00:00:00,1.1687,1.1751,1.1609,1.1617,3428770.8
2026-06-05 01:00:00,1.1616,1.1621,1.1513,1.1573,5322300.5
2026-06-05 02:00:00,1.1574,1.1584,1.1348,1.1352,8979647.2
2026-06-05 03:00:00,1.1353,1.1478,1.133,1.1347,7262393.3
2026-06-05 04:00:00,1.1348,1.1488,1.1305,1.1479,9995026.3
2026-06-05 05:00:00,1.1479,1.1492,1.1204,1.1208,10939394.5
2026-06-05 06:00:00,1.1208,1.1266,1.09,1.1188,27704079.0
2026-06-05 07:00:00,1.1188,1.1384,1.1049,1.1364,13944317.8
2026-06-05 08:00:00,1.1363,1.1364,1.1168,1.1194,5968404.6
2026-06-05 09:00:00,1.1195,1.1407,1.1191,1.1403,9585264.9
2026-06-05 10:00:00,1.1403,1.1461,1.1309,1.1362,6196931.7
2026-06-05 11:00:00,1.1361,1.1361,1.1184,1.1189,8592604.9
2026-06-05 12:00:00,1.1189,1.1269,1.1101,1.1201,9151212.0
2026-06-05 13:00:00,1.12,1.1379,1.1015,1.1022,16956220.6
2026-06-05 14:00:00,1.1023,1.1182,1.0977,1.1068,17287970.5
2026-06-05 15:00:00,1.1069,1.1097,1.0917,1.0998,21850550.8
2026-06-05 16:00:00,1.0998,1.1234,1.0843,1.1203,19711247.3
2026-06-05 17:00:00,1.1203,1.122,1.1005,1.109,5835042.2
2026-06-05 18:00:00,1.109,1.1135,1.0804,1.0835,16042725.4
2026-06-05 19:00:00,1.0835,1.1042,1.0692,1.0988,21287856.2
2026-06-05 20:00:00,1.0987,1.1185,1.0856,1.1154,12263597.6
2026-06-05 21:00:00,1.1154,1.1204,1.1114,1.1117,8592973.5
2026-06-05 22:00:00,1.1117,1.1117,1.0964,1.1062,7857770.3
2026-06-05 23:00:00,1.1062,1.1157,1.0873,1.0978,7013277.8
2026-06-06 00:00:00,1.0978,1.1128,1.0978,1.111,5143128.6
2026-06-06 01:00:00,1.111,1.1144,1.1003,1.1012,3226401.3
2026-06-06 02:00:00,1.1011,1.1033,1.0917,1.0957,3604652.3
2026-06-06 03:00:00,1.0957,1.0958,1.0835,1.086,6181399.1
2026-06-06 04:00:00,1.0859,1.0904,1.0518,1.0582,18488478.1
2026-06-06 05:00:00,1.0582,1.0912,1.0501,1.0894,17090257.5
2026-06-06 06:00:00,1.0895,1.1009,1.081,1.0826,7774992.2
2026-06-06 07:00:00,1.0827,1.0997,1.0815,1.0921,5894295.7
2026-06-06 08:00:00,1.0922,1.1044,1.0899,1.0991,6938659.3
2026-06-06 09:00:00,1.099,1.1032,1.0888,1.0916,4055381.1
2026-06-06 10:00:00,1.0916,1.0916,1.0727,1.0804,8739193.7
2026-06-06 11:00:00,1.0803,1.0895,1.0795,1.0876,3204315.8
2026-06-06 12:00:00,1.0877,1.0988,1.0807,1.0964,8135546.0
2026-06-06 13:00:00,1.0964,1.1026,1.0919,1.0983,3342346.1
2026-06-06 14:00:00,1.0983,1.1099,1.0977,1.1031,7781348.4
2026-06-06 15:00:00,1.1031,1.1042,1.0867,1.0962,7232955.7
2026-06-06 16:00:00,1.0963,1.1019,1.0877,1.0955,5896438.1
2026-06-06 17:00:00,1.0955,1.098,1.081,1.0827,4720336.9
2026-06-06 18:00:00,1.0826,1.0886,1.0791,1.0849,3467168.4
2026-06-06 19:00:00,1.0849,1.0899,1.0805,1.0808,1711655.9
2026-06-06 20:00:00,1.0807,1.0858,1.0776,1.085,2580130.3
2026-06-06 21:00:00,1.085,1.0943,1.0847,1.088,3063079.0
2026-06-06 22:00:00,1.0879,1.0898,1.0816,1.0866,1663534.3
2026-06-06 23:00:00,1.0865,1.095,1.086,1.0934,1424025.3
2026-06-07 00:00:00,1.0935,1.0976,1.0892,1.0892,1780409.8
2026-06-07 01:00:00,1.0892,1.1203,1.0886,1.1163,8596785.8
2026-06-07 02:00:00,1.1163,1.1235,1.1072,1.1192,3690950.0
2026-06-07 03:00:00,1.1192,1.1246,1.115,1.1185,3590975.3
2026-06-07 04:00:00,1.1184,1.1222,1.1104,1.1214,2696014.8
2026-06-07 05:00:00,1.1215,1.127,1.1191,1.1201,3783382.8
2026-06-07 06:00:00,1.1201,1.1295,1.116,1.1258,4178033.5
2026-06-07 07:00:00,1.1257,1.1373,1.122,1.1371,6663121.8
2026-06-07 08:00:00,1.1371,1.1562,1.1304,1.1555,8526619.6
2026-06-07 09:00:00,1.1556,1.1702,1.1456,1.1461,11883789.7
2026-06-07 10:00:00,1.1462,1.1473,1.1326,1.1352,4295947.0
2026-06-07 11:00:00,1.1352,1.141,1.1329,1.1403,3195589.6
2026-06-07 12:00:00,1.1403,1.1406,1.1185,1.1237,7082820.7
2026-06-07 13:00:00,1.1236,1.125,1.1208,1.1222,2264844.2
2026-06-07 14:00:00,1.1222,1.1373,1.1221,1.1333,4094061.2
2026-06-07 15:00:00,1.1334,1.1369,1.1285,1.1339,2827913.9
2026-06-07 16:00:00,1.1339,1.1395,1.1307,1.138,1978223.2
2026-06-07 17:00:00,1.138,1.1462,1.1365,1.1444,2627873.5
2026-06-07 18:00:00,1.1443,1.1512,1.1409,1.1412,2222358.5
2026-06-07 19:00:00,1.1413,1.1415,1.1197,1.1247,7382346.6
2026-06-07 20:00:00,1.1246,1.1365,1.1217,1.1325,2708859.2
2026-06-07 21:00:00,1.1324,1.1341,1.1257,1.1304,1894974.8
2026-06-07 22:00:00,1.1305,1.1719,1.1283,1.1535,10496666.6
2026-06-07 23:00:00,1.1534,1.1604,1.1507,1.1556,3925055.0
2026-06-08 00:00:00,1.1556,1.1677,1.1487,1.1633,5793097.8
2026-06-08 01:00:00,1.1634,1.1651,1.1425,1.1573,5836496.1
2026-06-08 02:00:00,1.1573,1.1618,1.1523,1.1567,4118590.7
2026-06-08 03:00:00,1.1566,1.1613,1.1492,1.1517,2744213.2
2026-06-08 04:00:00,1.1518,1.1528,1.1394,1.1402,5506898.3
2026-06-08 05:00:00,1.1403,1.1435,1.1319,1.1365,4731167.7
2026-06-08 06:00:00,1.1365,1.1434,1.1361,1.1411,2593175.3
2026-06-08 07:00:00,1.141,1.1509,1.1379,1.1479,2593624.2
2026-06-08 08:00:00,1.1478,1.1479,1.1362,1.1397,2590268.3
2026-06-08 09:00:00,1.1398,1.1502,1.1397,1.1501,3390793.7
2026-06-08 10:00:00,1.1501,1.1525,1.1432,1.145,5024364.3
2026-06-08 11:00:00,1.1451,1.1653,1.1432,1.1578,7554905.3
2026-06-08 12:00:00,1.1578,1.1703,1.1465,1.1701,8668121.1
2026-06-08 13:00:00,1.1701,1.1709,1.1559,1.1625,6476981.8
2026-06-08 14:00:00,1.1624,1.1752,1.1572,1.1728,6458754.8
2026-06-08 15:00:00,1.1728,1.1851,1.1691,1.1711,8360091.4
2026-06-08 16:00:00,1.171,1.1774,1.1641,1.1648,4057101.0
2026-06-08 17:00:00,1.1648,1.1728,1.1581,1.1728,4417517.3
2026-06-08 18:00:00,1.1729,1.1799,1.1714,1.1746,3753712.4
2026-06-08 19:00:00,1.1745,1.1866,1.1735,1.1798,5539401.1
2026-06-08 20:00:00,1.1799,1.1816,1.1689,1.1773,4480164.0
2026-06-08 21:00:00,1.1774,1.1865,1.1774,1.1808,4204393.3
2026-06-08 22:00:00,1.1807,1.1807,1.1719,1.1777,2627379.2
2026-06-08 23:00:00,1.1778,1.1817,1.1664,1.1683,3123579.9
2026-06-09 00:00:00,1.1683,1.1714,1.152,1.1528,7720093.3
2026-06-09 01:00:00,1.1528,1.1574,1.1496,1.151,4358969.4
2026-06-09 02:00:00,1.151,1.1546,1.1433,1.1527,4610406.9
2026-06-09 03:00:00,1.1526,1.1563,1.1506,1.1548,2119165.2
2026-06-09 04:00:00,1.1548,1.1728,1.1509,1.1666,5778208.2
2026-06-09 05:00:00,1.1665,1.1763,1.1624,1.173,4661493.4
2026-06-09 06:00:00,1.173,1.1769,1.1712,1.1726,3204564.4
2026-06-09 07:00:00,1.1727,1.1765,1.1664,1.1714,4018584.4
2026-06-09 08:00:00,1.1714,1.1724,1.1646,1.1675,2989452.0
2026-06-09 09:00:00,1.1676,1.1702,1.1585,1.1596,3539758.9
2026-06-09 10:00:00,1.1596,1.1612,1.1551,1.1592,2745263.4
2026-06-09 11:00:00,1.1592,1.1594,1.1528,1.1554,2806146.3
2026-06-09 12:00:00,1.1554,1.1641,1.1547,1.1631,4313649.7
2026-06-09 13:00:00,1.1631,1.1666,1.1543,1.1578,4817300.4
2026-06-09 14:00:00,1.1577,1.1602,1.1307,1.1373,11002483.7
2026-06-09 15:00:00,1.1373,1.1423,1.127,1.1277,7856890.9
2026-06-09 16:00:00,1.1276,1.1318,1.1187,1.128,6438356.3
2026-06-09 17:00:00,1.1281,1.1474,1.1281,1.1384,7708536.3
2026-06-09 18:00:00,1.1384,1.1464,1.1358,1.139,3054545.8
2026-06-09 19:00:00,1.1389,1.1452,1.1361,1.1402,3585051.0
2026-06-09 20:00:00,1.1403,1.1457,1.139,1.1439,2633481.9
2026-06-09 21:00:00,1.1439,1.1446,1.1349,1.1371,2603047.3
2026-06-09 22:00:00,1.137,1.1414,1.134,1.1356,2171395.6
2026-06-09 23:00:00,1.1356,1.1396,1.1338,1.1375,2209888.6
2026-06-10 00:00:00,1.1376,1.1412,1.1272,1.137,3767722.5
2026-06-10 01:00:00,1.1371,1.1374,1.1274,1.1291,4886711.6
2026-06-10 02:00:00,1.1292,1.1311,1.1155,1.1174,5144671.6
2026-06-10 03:00:00,1.1173,1.1238,1.1166,1.1191,4076387.6
2026-06-10 04:00:00,1.1192,1.1225,1.1134,1.116,2259550.9
2026-06-10 05:00:00,1.1161,1.1175,1.1096,1.1119,4307383.2
2026-06-10 06:00:00,1.112,1.1148,1.1066,1.1118,4937603.7
2026-06-10 07:00:00,1.1117,1.1198,1.1117,1.1166,4436899.6
2026-06-10 08:00:00,1.1167,1.1169,1.1051,1.1076,4601397.1
2026-06-10 09:00:00,1.1077,1.1105,1.0994,1.1098,4488190.8
2026-06-10 10:00:00,1.1099,1.1115,1.1054,1.111,2482056.9
2026-06-10 11:00:00,1.1111,1.1114,1.1017,1.1043,4687400.1
2026-06-10 12:00:00,1.1043,1.1247,1.1022,1.1179,8531801.6
2026-06-10 13:00:00,1.1178,1.1376,1.1158,1.1302,9305845.6
2026-06-10 14:00:00,1.1303,1.1305,1.1181,1.1248,5561467.0
2026-06-10 15:00:00,1.1248,1.1335,1.1185,1.1287,6534902.8
2026-06-10 16:00:00,1.1287,1.13,1.1083,1.114,5938590.3
2026-06-10 17:00:00,1.1141,1.1185,1.1038,1.1102,5085665.8
2026-06-10 18:00:00,1.1103,1.1114,1.099,1.1073,5261928.0
2026-06-10 19:00:00,1.1073,1.1075,1.0958,1.0981,4952281.6
2026-06-10 20:00:00,1.0981,1.1038,1.0941,1.0993,2661944.6
2026-06-10 21:00:00,1.0992,1.0993,1.0884,1.0927,4540264.7
2026-06-10 22:00:00,1.0927,1.0998,1.0903,1.095,3379749.0
2026-06-10 23:00:00,1.0949,1.1001,1.0896,1.097,4849228.0
2026-06-11 00:00:00,1.0971,1.1042,1.0965,1.1019,2973017.9
2026-06-11 01:00:00,1.102,1.1199,1.102,1.1158,6767250.5
2026-06-11 02:00:00,1.1158,1.1179,1.1051,1.1093,2503669.9
2026-06-11 03:00:00,1.1093,1.1236,1.1058,1.12,4831016.8
2026-06-11 04:00:00,1.1201,1.1217,1.1146,1.1198,3718029.8
2026-06-11 05:00:00,1.1197,1.1199,1.1145,1.1146,2058658.1
2026-06-11 06:00:00,1.1146,1.121,1.1121,1.1148,3947459.1
2026-06-11 07:00:00,1.1148,1.1174,1.1118,1.1151,2503055.0
2026-06-11 08:00:00,1.1151,1.1237,1.115,1.1211,3300629.2
2026-06-11 09:00:00,1.1212,1.1218,1.1166,1.1172,1979637.8
2026-06-11 10:00:00,1.1172,1.1254,1.1148,1.1216,3962767.0
2026-06-11 11:00:00,1.1216,1.1257,1.1189,1.1223,2705027.1
2026-06-11 12:00:00,1.1224,1.1224,1.1089,1.1139,5887442.6
2026-06-11 13:00:00,1.1138,1.1205,1.108,1.1165,3558802.5
2026-06-11 14:00:00,1.1166,1.1187,1.1107,1.113,2335118.3
2026-06-11 15:00:00,1.113,1.1182,1.1073,1.1128,4610625.7
2026-06-11 16:00:00,1.1129,1.1154,1.1065,1.1079,2751404.4
2026-06-11 17:00:00,1.108,1.1445,1.1042,1.1394,13070010.2
2026-06-11 18:00:00,1.1394,1.1464,1.1339,1.138,5205779.7
2026-06-11 19:00:00,1.1379,1.15,1.1342,1.1434,4842183.5
2026-06-11 20:00:00,1.1435,1.1443,1.1321,1.1359,4043573.1
2026-06-11 21:00:00,1.1359,1.143,1.1353,1.1412,1991704.4
2026-06-11 22:00:00,1.1413,1.1467,1.1402,1.1432,2590323.8
2026-06-11 23:00:00,1.1432,1.1445,1.1388,1.1428,2087095.8
2026-06-12 00:00:00,1.1427,1.1454,1.139,1.1424,2421267.6
2026-06-12 01:00:00,1.1423,1.1423,1.1359,1.1399,1815363.8
2026-06-12 02:00:00,1.1399,1.15,1.1398,1.1461,1993586.7
2026-06-12 03:00:00,1.1461,1.1467,1.1408,1.1442,2461021.4
2026-06-12 04:00:00,1.1442,1.1509,1.1421,1.1465,2111425.7
2026-06-12 05:00:00,1.1466,1.1467,1.1388,1.14,2530312.4
2026-06-12 06:00:00,1.1399,1.1415,1.1275,1.1299,2645356.5
2026-06-12 07:00:00,1.13,1.1363,1.13,1.1336,1889480.4
2026-06-12 08:00:00,1.1337,1.1449,1.1337,1.1426,2224628.8
2026-06-12 09:00:00,1.1426,1.1519,1.1393,1.1466,4087514.0
2026-06-12 10:00:00,1.1467,1.149,1.1403,1.1432,2798239.6
2026-06-12 11:00:00,1.1432,1.1454,1.1407,1.1413,2416504.5
2026-06-12 12:00:00,1.1414,1.1423,1.1345,1.1358,3244090.6
2026-06-12 13:00:00,1.1359,1.1374,1.1261,1.1302,4427609.2
2026-06-12 14:00:00,1.1302,1.1509,1.1292,1.1487,6823786.5
2026-06-12 15:00:00,1.1487,1.1577,1.1274,1.1288,9690964.4
2026-06-12 16:00:00,1.1287,1.1371,1.1261,1.1358,5236936.1
2026-06-12 17:00:00,1.1357,1.139,1.1305,1.1321,2377023.8
2026-06-12 18:00:00,1.1322,1.1348,1.128,1.1303,2695712.5
2026-06-12 19:00:00,1.1303,1.1369,1.1302,1.1314,2788141.7
2026-06-12 20:00:00,1.1314,1.1351,1.13,1.133,1757566.1
2026-06-12 21:00:00,1.133,1.1351,1.13,1.13,1385802.6
2026-06-12 22:00:00,1.1299,1.1324,1.1283,1.1309,1317341.7
2026-06-12 23:00:00,1.1309,1.1331,1.1285,1.1325,1443237.3
2026-06-13 00:00:00,1.1325,1.1356,1.1314,1.1346,1017792.4
2026-06-13 01:00:00,1.1346,1.1409,1.1345,1.14,1950686.8
2026-06-13 02:00:00,1.1399,1.14,1.1331,1.1344,1353977.6
2026-06-13 03:00:00,1.1345,1.1369,1.1308,1.1337,1045644.0
2026-06-13 04:00:00,1.1337,1.1369,1.1329,1.1333,683745.5
2026-06-13 05:00:00,1.1334,1.134,1.1299,1.1326,1138444.9
2026-06-13 06:00:00,1.1325,1.1384,1.1311,1.1373,780586.1
2026-06-13 07:00:00,1.1374,1.1448,1.135,1.1415,4689294.0
2026-06-13 08:00:00,1.1415,1.1465,1.1405,1.1431,2656932.3
2026-06-13 09:00:00,1.1432,1.1453,1.1419,1.143,1197763.1
2026-06-13 10:00:00,1.1431,1.1464,1.1422,1.1445,1612639.0
2026-06-13 11:00:00,1.1446,1.1496,1.1443,1.1485,1786707.4
2026-06-13 12:00:00,1.1486,1.1559,1.147,1.1541,2221155.8
2026-06-13 13:00:00,1.1541,1.1548,1.1501,1.1512,2738237.5
2026-06-13 14:00:00,1.1511,1.1575,1.1511,1.1551,1816628.7
2026-06-13 15:00:00,1.1551,1.161,1.1522,1.1567,3387769.0
2026-06-13 16:00:00,1.1567,1.157,1.144,1.1472,4470419.6
2026-06-13 17:00:00,1.1471,1.1493,1.1428,1.1442,1931689.4
2026-06-13 18:00:00,1.1441,1.1482,1.1438,1.146,1481897.3
2026-06-13 19:00:00,1.146,1.1491,1.1445,1.1476,1528943.9
2026-06-13 20:00:00,1.1476,1.1477,1.1451,1.1468,1172219.0
2026-06-13 21:00:00,1.1469,1.1568,1.1451,1.1528,2151183.9
2026-06-13 22:00:00,1.1528,1.1532,1.1493,1.1501,1362115.2
2026-06-13 23:00:00,1.1502,1.1531,1.149,1.1507,833534.8
2026-06-14 00:00:00,1.1507,1.151,1.1483,1.1494,757861.2
2026-06-14 01:00:00,1.1493,1.1565,1.1486,1.1521,1350514.7
2026-06-14 02:00:00,1.1522,1.156,1.1512,1.1519,852306.4
2026-06-14 03:00:00,1.1518,1.1545,1.1507,1.1536,1165196.8
2026-06-14 04:00:00,1.1537,1.1544,1.1468,1.1484,1269941.0
2026-06-14 05:00:00,1.1484,1.1507,1.1445,1.1481,1368270.7
2026-06-14 06:00:00,1.1482,1.1537,1.1459,1.1468,1749099.1
2026-06-14 07:00:00,1.1468,1.1469,1.1427,1.1463,2171268.9
2026-06-14 08:00:00,1.1464,1.1482,1.1443,1.1454,1043269.3
2026-06-14 09:00:00,1.1455,1.1491,1.1412,1.1487,1641252.6
2026-06-14 10:00:00,1.1486,1.1489,1.143,1.143,1294568.5
2026-06-14 11:00:00,1.1431,1.1457,1.1418,1.1439,953681.4
2026-06-14 12:00:00,1.144,1.1445,1.1374,1.1377,1857261.5
2026-06-14 13:00:00,1.1377,1.1397,1.1334,1.135,3204642.9
2026-06-14 14:00:00,1.1351,1.1369,1.1268,1.1319,2816904.7
2026-06-14 15:00:00,1.1318,1.1359,1.1318,1.135,1576723.0
2026-06-14 16:00:00,1.135,1.1393,1.1346,1.1368,1135028.3
2026-06-14 17:00:00,1.1369,1.1389,1.1327,1.1331,1368256.5
2026-06-14 18:00:00,1.133,1.1355,1.1307,1.1326,793471.4
2026-06-14 19:00:00,1.1326,1.1355,1.1307,1.1331,665487.3
2026-06-14 20:00:00,1.1332,1.1405,1.1317,1.1382,1041529.9
2026-06-14 21:00:00,1.1383,1.1757,1.138,1.1682,11529250.6
2026-06-14 22:00:00,1.1682,1.1777,1.1626,1.1738,8434070.1
2026-06-14 23:00:00,1.1738,1.1878,1.1687,1.1861,6379130.8
2026-06-15 00:00:00,1.186,1.1888,1.181,1.1848,5455254.0
2026-06-15 01:00:00,1.1849,1.1916,1.1778,1.1825,5735390.8
2026-06-15 02:00:00,1.1825,1.1936,1.1805,1.1825,4116377.0
2026-06-15 03:00:00,1.1825,1.1912,1.1812,1.187,3745508.8
2026-06-15 04:00:00,1.1869,1.1887,1.1826,1.184,2076246.3
2026-06-15 05:00:00,1.1841,1.1883,1.1817,1.1842,2652581.3
2026-06-15 06:00:00,1.1843,1.1873,1.1813,1.1829,2746378.8
2026-06-15 07:00:00,1.183,1.1869,1.1801,1.1815,3741351.3
2026-06-15 08:00:00,1.1814,1.1836,1.1791,1.1811,2147375.6
2026-06-15 09:00:00,1.1811,1.1877,1.1791,1.1855,3643175.5
2026-06-15 10:00:00,1.1855,1.2001,1.1841,1.1995,6566099.2
2026-06-15 11:00:00,1.1995,1.2333,1.1956,1.2324,20993576.7
2026-06-15 12:00:00,1.2325,1.2486,1.2263,1.239,14470455.2
2026-06-15 13:00:00,1.2391,1.2496,1.2338,1.24,14587084.5
2026-06-15 14:00:00,1.2399,1.2475,1.2344,1.2445,6978071.5
2026-06-15 15:00:00,1.2444,1.2706,1.2444,1.2688,16133340.6
2026-06-15 16:00:00,1.2687,1.2935,1.19,1.28,21979250.7
2026-06-15 17:00:00,1.2801,1.2876,1.2692,1.282,13905349.6
2026-06-15 18:00:00,1.282,1.2887,1.2744,1.2817,6805534.1
2026-06-15 19:00:00,1.2817,1.2916,1.267,1.2757,10060563.4
2026-06-15 20:00:00,1.2757,1.2785,1.263,1.2642,6836870.2
2026-06-15 21:00:00,1.2642,1.265,1.2487,1.25,8792817.4
2026-06-15 22:00:00,1.25,1.2555,1.2379,1.2402,7458507.5
2026-06-15 23:00:00,1.2402,1.2424,1.2333,1.2382,4218856.2
2026-06-16 00:00:00,1.2382,1.243,1.233,1.2347,4092427.0
2026-06-16 01:00:00,1.2347,1.2384,1.2282,1.2285,3081251.5
2026-06-16 02:00:00,1.2286,1.229,1.2141,1.2178,5641543.6
2026-06-16 03:00:00,1.2177,1.2277,1.2163,1.2273,4270496.2
2026-06-16 04:00:00,1.2273,1.2317,1.2205,1.2224,3076841.2
2026-06-16 05:00:00,1.2225,1.228,1.2225,1.2255,2719272.4
2026-06-16 06:00:00,1.2254,1.2368,1.2254,1.2356,4437072.4
2026-06-16 07:00:00,1.2357,1.239,1.2302,1.2353,4185603.4
2026-06-16 08:00:00,1.2353,1.2522,1.2331,1.248,7000933.3
2026-06-16 09:00:00,1.2479,1.248,1.2369,1.2389,3777487.5
2026-06-16 10:00:00,1.2389,1.2434,1.2368,1.2397,3822861.5
2026-06-16 11:00:00,1.2397,1.2425,1.2339,1.238,3023451.1
2026-06-16 12:00:00,1.2381,1.256,1.2368,1.2446,5200264.0
2026-06-16 13:00:00,1.2447,1.2459,1.2246,1.2257,6757619.3
2026-06-16 14:00:00,1.2257,1.2303,1.2053,1.2095,8558073.1
2026-06-16 15:00:00,1.2095,1.2176,1.2072,1.2098,4473255.6
2026-06-16 16:00:00,1.2098,1.2145,1.2086,1.2129,3073122.1
2026-06-16 17:00:00,1.213,1.2223,1.2118,1.2211,2834032.3
2026-06-16 18:00:00,1.2211,1.2311,1.2206,1.2266,3225934.0
2026-06-16 19:00:00,1.2266,1.2266,1.2172,1.2205,3059052.7
2026-06-16 20:00:00,1.2205,1.2245,1.2163,1.2231,2136370.2
2026-06-16 21:00:00,1.2231,1.2259,1.2156,1.2198,2423555.0
2026-06-16 22:00:00,1.2199,1.2221,1.2168,1.2219,1810684.7
2026-06-16 23:00:00,1.222,1.2241,1.216,1.2173,1648005.6
2026-06-17 00:00:00,1.2174,1.2201,1.2136,1.2151,2985048.3
2026-06-17 01:00:00,1.2151,1.2228,1.2083,1.2217,3761670.9
2026-06-17 02:00:00,1.2216,1.2283,1.2157,1.2192,3975334.6
2026-06-17 03:00:00,1.2192,1.2192,1.2126,1.2161,2784471.6
2026-06-17 04:00:00,1.2162,1.2213,1.2142,1.2172,3014827.2
2026-06-17 05:00:00,1.2172,1.2227,1.2144,1.2181,2476823.7
2026-06-17 06:00:00,1.2181,1.2205,1.2095,1.2119,5041977.6
2026-06-17 07:00:00,1.2118,1.216,1.2054,1.2095,5585180.1
2026-06-17 08:00:00,1.2095,1.2107,1.1951,1.1962,5253662.7
2026-06-17 09:00:00,1.1962,1.1993,1.1944,1.1977,3298573.9
2026-06-17 10:00:00,1.1978,1.1989,1.1945,1.1961,2705641.5
2026-06-17 11:00:00,1.1961,1.1976,1.1883,1.1928,4228094.2
2026-06-17 12:00:00,1.1929,1.1984,1.1892,1.1977,3788726.9
2026-06-17 13:00:00,1.1976,1.2072,1.1966,1.201,4697724.6
2026-06-17 14:00:00,1.2009,1.2041,1.1889,1.195,5656688.5
2026-06-17 15:00:00,1.1951,1.2137,1.1934,1.2136,3517170.1
2026-06-17 16:00:00,1.2136,1.2251,1.2117,1.2126,4259174.4
2026-06-17 17:00:00,1.2127,1.2192,1.2086,1.2184,2755451.0
2026-06-17 18:00:00,1.2183,1.2196,1.1934,1.2089,10484646.8
2026-06-17 19:00:00,1.2089,1.213,1.1774,1.1808,12952710.2
2026-06-17 20:00:00,1.1807,1.1911,1.1782,1.1903,4446208.0
2026-06-17 21:00:00,1.1904,1.1908,1.1791,1.1823,2789055.7
2026-06-17 22:00:00,1.1822,1.1888,1.1715,1.184,4776170.6
2026-06-17 23:00:00,1.1839,1.1888,1.1839,1.1868,2287082.2
2026-06-18 00:00:00,1.1868,1.1915,1.186,1.1871,1668872.0
2026-06-18 01:00:00,1.1871,1.1923,1.1854,1.1889,3163079.7
2026-06-18 02:00:00,1.189,1.1914,1.1887,1.1897,1846080.5
2026-06-18 03:00:00,1.1897,1.1898,1.1782,1.1788,3383286.5
2026-06-18 04:00:00,1.1788,1.1791,1.1672,1.1695,5567842.3
2026-06-18 05:00:00,1.1694,1.1694,1.1628,1.1677,4687380.0
2026-06-18 06:00:00,1.1677,1.1716,1.1639,1.1708,2658472.5
2026-06-18 07:00:00,1.1708,1.1815,1.1686,1.1787,3866071.9
2026-06-18 08:00:00,1.1788,1.1819,1.1766,1.1784,3791924.3
2026-06-18 09:00:00,1.1784,1.1825,1.1765,1.1786,3335166.1
2026-06-18 10:00:00,1.1787,1.1787,1.1674,1.1691,5306146.4
2026-06-18 11:00:00,1.1691,1.1712,1.1615,1.1645,4152556.9
2026-06-18 12:00:00,1.1645,1.1709,1.1635,1.1689,4157491.9
2026-06-18 13:00:00,1.1689,1.1726,1.1557,1.1611,7559306.3
2026-06-18 14:00:00,1.1611,1.17,1.1556,1.16,4655170.8
2026-06-18 15:00:00,1.16,1.1605,1.1329,1.1379,16284366.3
2026-06-18 16:00:00,1.1379,1.1484,1.1369,1.1476,6823490.3
2026-06-18 17:00:00,1.1477,1.149,1.1379,1.1433,3927377.7
2026-06-18 18:00:00,1.1434,1.1469,1.1367,1.1384,4071970.2
2026-06-18 19:00:00,1.1384,1.1466,1.1352,1.1436,5176234.4
2026-06-18 20:00:00,1.1437,1.1548,1.1437,1.1522,5853407.9
2026-06-18 21:00:00,1.1523,1.1523,1.1423,1.145,4035619.2
2026-06-18 22:00:00,1.1449,1.1484,1.1419,1.1472,5037574.7
2026-06-18 23:00:00,1.1471,1.1477,1.1426,1.1465,3169427.0
2026-06-19 00:00:00,1.1466,1.1502,1.1433,1.149,2606223.2
2026-06-19 01:00:00,1.1491,1.1522,1.1446,1.1513,3119964.7
2026-06-19 02:00:00,1.1512,1.153,1.1453,1.1483,2856185.0
2026-06-19 03:00:00,1.1484,1.1499,1.1366,1.1391,6604981.4
2026-06-19 04:00:00,1.139,1.1404,1.1256,1.1275,6470975.5
2026-06-19 05:00:00,1.1275,1.1336,1.1273,1.1335,2298217.3
2026-06-19 06:00:00,1.1334,1.1362,1.1282,1.1341,3967843.0
2026-06-19 07:00:00,1.134,1.134,1.1214,1.1254,5102022.3
2026-06-19 08:00:00,1.1255,1.1311,1.1245,1.1268,2872301.3
2026-06-19 09:00:00,1.1268,1.1284,1.1223,1.1249,2407789.8
2026-06-19 10:00:00,1.1248,1.127,1.1211,1.1252,2580174.6
2026-06-19 11:00:00,1.1252,1.1291,1.1223,1.1274,2862503.5
2026-06-19 12:00:00,1.1274,1.1322,1.1187,1.1314,4454463.9
2026-06-19 13:00:00,1.1315,1.144,1.129,1.1397,5277498.6
2026-06-19 14:00:00,1.1397,1.142,1.1344,1.1366,3446927.1
2026-06-19 15:00:00,1.1365,1.1383,1.1328,1.137,1904076.8
2026-06-19 16:00:00,1.1371,1.1391,1.1292,1.1304,2441024.1
2026-06-19 17:00:00,1.1304,1.1389,1.1287,1.1362,2236308.9
2026-06-19 18:00:00,1.1362,1.1362,1.1296,1.1327,2046104.7
2026-06-19 19:00:00,1.1327,1.1341,1.1284,1.1315,1425387.6
2026-06-19 20:00:00,1.1316,1.1355,1.1275,1.1348,1339312.0
2026-06-19 21:00:00,1.1348,1.1348,1.1291,1.1301,1268977.5
2026-06-19 22:00:00,1.13,1.136,1.1296,1.1342,1206989.3
2026-06-19 23:00:00,1.1342,1.1387,1.1328,1.1359,1868163.8
2026-06-20 00:00:00,1.1358,1.1428,1.1354,1.1373,2400387.1
2026-06-20 01:00:00,1.1374,1.1423,1.1365,1.1419,1570704.3
2026-06-20 02:00:00,1.1418,1.1421,1.1361,1.1391,1711895.1
2026-06-20 03:00:00,1.1391,1.1409,1.1375,1.14,1222429.4
2026-06-20 04:00:00,1.1399,1.1457,1.1389,1.1444,3163625.3
2026-06-20 05:00:00,1.1444,1.1551,1.1429,1.1479,3058363.4
2026-06-20 06:00:00,1.1479,1.1515,1.1475,1.1497,1849870.7
2026-06-20 07:00:00,1.1497,1.1501,1.145,1.1473,1537393.8
2026-06-20 08:00:00,1.1474,1.1478,1.1446,1.1469,1585670.2
2026-06-20 09:00:00,1.1469,1.153,1.1469,1.1522,1124392.3
2026-06-20 10:00:00,1.1523,1.1523,1.1476,1.1494,1315147.4
2026-06-20 11:00:00,1.1495,1.1501,1.1464,1.1472,1362251.9
2026-06-20 12:00:00,1.1473,1.1498,1.1451,1.1462,1181445.1
2026-06-20 13:00:00,1.1461,1.1472,1.1382,1.1411,2690682.5
2026-06-20 14:00:00,1.141,1.1519,1.1342,1.1463,3599392.0
2026-06-20 15:00:00,1.1464,1.156,1.1446,1.1508,4162608.1
2026-06-20 16:00:00,1.1509,1.151,1.1442,1.1489,1820762.5
2026-06-20 17:00:00,1.1489,1.1489,1.139,1.1435,1851730.0
2026-06-20 18:00:00,1.1435,1.1464,1.1412,1.1419,983134.2
2026-06-20 19:00:00,1.1418,1.1445,1.1397,1.1441,951609.0
2026-06-20 20:00:00,1.1441,1.1466,1.1436,1.1453,538988.0
2026-06-20 21:00:00,1.1454,1.1497,1.1447,1.1473,980546.9
2026-06-20 22:00:00,1.1473,1.1555,1.1468,1.1526,3438390.9
2026-06-20 23:00:00,1.1527,1.154,1.1495,1.1499,1184247.9
2026-06-21 00:00:00,1.15,1.1506,1.1484,1.1493,938273.1
2026-06-21 01:00:00,1.1494,1.15,1.1469,1.1497,853256.3
2026-06-21 02:00:00,1.1497,1.1501,1.147,1.1474,721027.9
2026-06-21 03:00:00,1.1475,1.1516,1.1463,1.1495,843486.1
2026-06-21 04:00:00,1.1495,1.1524,1.145,1.1454,904259.5
2026-06-21 05:00:00,1.1454,1.1464,1.1431,1.1445,1666387.1
2026-06-21 06:00:00,1.1444,1.1476,1.1439,1.147,606912.2
2026-06-21 07:00:00,1.1471,1.1504,1.1462,1.1474,837425.4
2026-06-21 08:00:00,1.1473,1.148,1.1413,1.1446,951826.0
2026-06-21 09:00:00,1.1447,1.1504,1.144,1.1491,1113802.7
2026-06-21 10:00:00,1.1491,1.1535,1.1482,1.1485,2376911.3
2026-06-21 11:00:00,1.1484,1.1508,1.1418,1.1427,2597181.4
2026-06-21 12:00:00,1.1428,1.1449,1.14,1.1445,1919171.7
2026-06-21 13:00:00,1.1445,1.1469,1.1416,1.1451,1573886.5
2026-06-21 14:00:00,1.1451,1.1476,1.1419,1.1476,1060839.4
2026-06-21 15:00:00,1.1475,1.1516,1.147,1.1497,1724156.6
2026-06-21 16:00:00,1.1497,1.1497,1.1422,1.145,2132198.1
2026-06-21 17:00:00,1.1451,1.1472,1.1411,1.1424,2251176.5
2026-06-21 18:00:00,1.1425,1.1467,1.1389,1.1456,1564799.2
2026-06-21 19:00:00,1.1457,1.1482,1.1445,1.1456,1217219.3
2026-06-21 20:00:00,1.1455,1.1473,1.1364,1.1396,1849093.6
2026-06-21 21:00:00,1.1396,1.1399,1.1225,1.1349,11387257.6
2026-06-21 22:00:00,1.1348,1.1373,1.1275,1.1319,2844757.9
2026-06-21 23:00:00,1.1318,1.1318,1.1235,1.1248,3658748.9
2026-06-22 00:00:00,1.1249,1.1407,1.1249,1.1391,2886320.4
2026-06-22 01:00:00,1.1392,1.1522,1.1342,1.1454,6368368.4
2026-06-22 02:00:00,1.1454,1.1463,1.1362,1.1363,3140796.2
2026-06-22 03:00:00,1.1363,1.1385,1.1283,1.1301,3698164.7
2026-06-22 04:00:00,1.1301,1.1345,1.1292,1.1342,2472138.7
2026-06-22 05:00:00,1.1342,1.1387,1.1338,1.1353,2177938.3
2026-06-22 06:00:00,1.1353,1.1378,1.1294,1.131,2972514.9
2026-06-22 07:00:00,1.131,1.14,1.1304,1.1374,5835258.3
2026-06-22 08:00:00,1.1374,1.1381,1.1322,1.135,2889348.3
2026-06-22 09:00:00,1.135,1.1375,1.1328,1.1348,2643093.6
2026-06-22 10:00:00,1.1348,1.1389,1.1345,1.1373,1683859.4
2026-06-22 11:00:00,1.1374,1.1502,1.1364,1.1479,4072749.9
2026-06-22 12:00:00,1.148,1.1593,1.1464,1.1577,3801030.1
2026-06-22 13:00:00,1.1578,1.1638,1.1523,1.1637,6226168.2
2026-06-22 14:00:00,1.1638,1.1639,1.1406,1.143,5285841.3
2026-06-22 15:00:00,1.1431,1.148,1.1379,1.1401,4310247.4
2026-06-22 16:00:00,1.1401,1.1432,1.1353,1.1387,3049959.0
2026-06-22 17:00:00,1.1387,1.1405,1.1328,1.1395,2485735.3
2026-06-22 18:00:00,1.1395,1.1438,1.1318,1.1331,2699751.7
2026-06-22 19:00:00,1.133,1.1353,1.13,1.1344,3429764.3
2026-06-22 20:00:00,1.1344,1.1375,1.1296,1.1318,2150757.0
2026-06-22 21:00:00,1.1318,1.1332,1.1258,1.1316,2885289.5
2026-06-22 22:00:00,1.1316,1.1344,1.1216,1.1276,4929752.8
2026-06-22 23:00:00,1.1275,1.1308,1.1264,1.1295,1226644.6
2026-06-23 00:00:00,1.1296,1.1322,1.1265,1.1314,1640430.2
2026-06-23 01:00:00,1.1314,1.1339,1.1224,1.1289,2985072.5
2026-06-23 02:00:00,1.1289,1.1306,1.1252,1.1296,2311470.0
2026-06-23 03:00:00,1.1297,1.1297,1.1258,1.1274,2759872.5
2026-06-23 04:00:00,1.1274,1.1281,1.1167,1.1175,4587459.2
2026-06-23 05:00:00,1.1175,1.1194,1.1139,1.1158,3706293.9
2026-06-23 06:00:00,1.1158,1.1164,1.1076,1.1132,7407458.8
2026-06-23 07:00:00,1.1132,1.1174,1.1126,1.1129,1544797.5
2026-06-23 08:00:00,1.1129,1.1155,1.0946,1.1003,9571409.7
2026-06-23 09:00:00,1.1004,1.1056,1.1004,1.1037,2117042.4
2026-06-23 10:00:00,1.1037,1.1075,1.1014,1.1043,3132481.1
2026-06-23 11:00:00,1.1044,1.1106,1.1041,1.1093,2979077.2
2026-06-23 12:00:00,1.1094,1.1098,1.0997,1.1012,2716187.0
2026-06-23 13:00:00,1.1012,1.1061,1.0963,1.1029,4832893.8
2026-06-23 14:00:00,1.1029,1.1086,1.1004,1.1016,3940474.4
2026-06-23 15:00:00,1.1016,1.1017,1.092,1.0993,4652265.1
2026-06-23 16:00:00,1.0993,1.1044,1.0971,1.101,3211428.4
2026-06-23 17:00:00,1.101,1.1048,1.0964,1.098,1576756.7
2026-06-23 18:00:00,1.098,1.1018,1.0959,1.0987,1820798.6
2026-06-23 19:00:00,1.0986,1.1051,1.0971,1.102,1643212.1
2026-06-23 20:00:00,1.102,1.1053,1.1019,1.1044,1887918.8
2026-06-23 21:00:00,1.1044,1.1068,1.1033,1.1049,1080490.3
2026-06-23 22:00:00,1.1049,1.1127,1.1047,1.109,1978100.1
2026-06-23 23:00:00,1.1091,1.1121,1.1058,1.1103,1508636.5
2026-06-24 00:00:00,1.1102,1.1132,1.1088,1.1112,3930142.6
2026-06-24 01:00:00,1.1113,1.1139,1.1072,1.1088,2447586.5
2026-06-24 02:00:00,1.1088,1.1096,1.1048,1.1055,3105320.9
2026-06-24 03:00:00,1.1055,1.1061,1.0991,1.104,2367719.8
2026-06-24 04:00:00,1.104,1.1042,1.0945,1.1017,3584632.3
2026-06-24 05:00:00,1.1017,1.107,1.1014,1.1052,1827257.4
2026-06-24 06:00:00,1.1052,1.1068,1.1024,1.1026,1197058.0
2026-06-24 07:00:00,1.1026,1.103,1.0972,1.0987,1604779.8
2026-06-24 08:00:00,1.0987,1.1036,1.0978,1.1024,1937168.9
2026-06-24 09:00:00,1.1023,1.1023,1.0973,1.0986,1749206.3
2026-06-24 10:00:00,1.0985,1.0988,1.0842,1.0867,10446863.8
2026-06-24 11:00:00,1.0867,1.1026,1.0823,1.0958,4615223.5
2026-06-24 12:00:00,1.0958,1.0959,1.0901,1.0902,2735017.0
2026-06-24 13:00:00,1.0903,1.0909,1.0752,1.0762,11297156.8
2026-06-24 14:00:00,1.0761,1.0824,1.0734,1.0754,7032120.1
2026-06-24 15:00:00,1.0754,1.0757,1.0566,1.0585,10175435.8
2026-06-24 16:00:00,1.0584,1.0678,1.0519,1.0569,11343021.0
2026-06-24 17:00:00,1.0569,1.0612,1.0462,1.0513,9820950.9
2026-06-24 18:00:00,1.0514,1.0708,1.0496,1.0603,7174775.2
2026-06-24 19:00:00,1.0604,1.0622,1.0529,1.0575,5732406.8
2026-06-24 20:00:00,1.0575,1.0787,1.0545,1.0748,6373140.5
2026-06-24 21:00:00,1.0749,1.0775,1.0671,1.0766,3527239.9
2026-06-24 22:00:00,1.0765,1.081,1.0702,1.0715,2273497.1
2026-06-24 23:00:00,1.0715,1.0761,1.0699,1.0736,2071651.2
2026-06-25 00:00:00,1.0736,1.0773,1.0721,1.0742,2984342.5
2026-06-25 01:00:00,1.0741,1.0781,1.0728,1.0755,4269581.5
2026-06-25 02:00:00,1.0755,1.0775,1.0694,1.0716,4493230.9
2026-06-25 03:00:00,1.0716,1.0737,1.0689,1.0719,2873094.0
2026-06-25 04:00:00,1.072,1.0827,1.07,1.0804,3600088.2
2026-06-25 05:00:00,1.0804,1.0883,1.0788,1.0847,3957825.9
2026-06-25 06:00:00,1.0846,1.0899,1.084,1.0882,3395884.5
2026-06-25 07:00:00,1.0883,1.0886,1.0847,1.087,2189050.7
2026-06-25 08:00:00,1.0869,1.087,1.0823,1.083,2009598.3
2026-06-25 09:00:00,1.0831,1.0839,1.0803,1.0814,1663311.1
2026-06-25 10:00:00,1.0815,1.0819,1.0731,1.0737,3097343.3
2026-06-25 11:00:00,1.0738,1.0744,1.068,1.0721,2725017.3
2026-06-25 12:00:00,1.0721,1.0799,1.0672,1.0749,4678575.2
2026-06-25 13:00:00,1.075,1.0766,1.0122,1.0156,27596103.1
2026-06-25 14:00:00,1.0156,1.0494,1.0154,1.0334,24521635.6
2026-06-25 15:00:00,1.0335,1.0381,1.0236,1.0351,7955889.5
2026-06-25 16:00:00,1.0352,1.0447,1.0266,1.0309,8963029.5
2026-06-25 17:00:00,1.0308,1.0462,1.0302,1.0461,5494051.9
2026-06-25 18:00:00,1.0462,1.048,1.0337,1.0346,4530848.8
2026-06-25 19:00:00,1.0347,1.0349,1.0282,1.0344,3262403.6
2026-06-25 20:00:00,1.0344,1.0403,1.0315,1.0334,2369095.4
2026-06-25 21:00:00,1.0334,1.044,1.0329,1.0438,2944826.3
2026-06-25 22:00:00,1.0437,1.0444,1.0386,1.0409,2657386.6
2026-06-25 23:00:00,1.041,1.0486,1.0373,1.0435,3965486.2
2026-06-26 00:00:00,1.0436,1.0463,1.0407,1.0411,4082696.9
2026-06-26 01:00:00,1.0411,1.043,1.029,1.032,3181136.4
2026-06-26 02:00:00,1.0321,1.0325,1.0116,1.0146,15005765.3
2026-06-26 03:00:00,1.0147,1.0359,1.0092,1.0345,9884036.1
2026-06-26 04:00:00,1.0345,1.0357,1.0271,1.0283,4002752.7
2026-06-26 05:00:00,1.0284,1.0355,1.0269,1.0334,4229586.0
2026-06-26 06:00:00,1.0333,1.046,1.0297,1.0447,4667922.4
2026-06-26 07:00:00,1.0446,1.0529,1.0442,1.0499,6300976.7
2026-06-26 08:00:00,1.0498,1.0508,1.0374,1.0394,5029993.5
2026-06-26 09:00:00,1.0394,1.0396,1.029,1.0317,3555097.7
2026-06-26 10:00:00,1.0318,1.0342,1.0259,1.0275,3136228.9
2026-06-26 11:00:00,1.0276,1.0313,1.0199,1.0227,3381922.0
2026-06-26 12:00:00,1.0227,1.0339,1.0164,1.0198,7210040.3
2026-06-26 13:00:00,1.0199,1.0391,1.0113,1.039,9146342.3
2026-06-26 14:00:00,1.039,1.0484,1.0348,1.037,23935605.6
2026-06-26 15:00:00,1.037,1.0496,1.0349,1.0451,8086999.5
2026-06-26 16:00:00,1.0452,1.0537,1.0401,1.0448,7636123.5
2026-06-26 17:00:00,1.0448,1.0513,1.0444,1.0475,4300894.5
2026-06-26 18:00:00,1.0476,1.0501,1.0396,1.0408,2349939.1
2026-06-26 19:00:00,1.0408,1.0537,1.0393,1.0478,4946180.5
2026-06-26 20:00:00,1.0479,1.0558,1.0433,1.0447,5094480.6
2026-06-26 21:00:00,1.0447,1.0471,1.0407,1.0425,2253898.2
2026-06-26 22:00:00,1.0425,1.0483,1.0382,1.0483,2029120.6
2026-06-26 23:00:00,1.0483,1.0499,1.0456,1.049,1708841.1
2026-06-27 00:00:00,1.049,1.0523,1.0441,1.0479,2146454.5
2026-06-27 01:00:00,1.0479,1.0527,1.046,1.0521,1449792.7
2026-06-27 02:00:00,1.0522,1.0671,1.0511,1.0618,6360960.9
2026-06-27 03:00:00,1.0618,1.0627,1.0566,1.0591,2961383.1
2026-06-27 04:00:00,1.0591,1.0641,1.059,1.0601,1860370.0
2026-06-27 05:00:00,1.0602,1.0607,1.053,1.058,2900262.6
2026-06-27 06:00:00,1.058,1.0614,1.0541,1.0599,2477264.1
2026-06-27 07:00:00,1.0599,1.0635,1.0578,1.0602,2344584.0
2026-06-27 08:00:00,1.0603,1.0603,1.0553,1.0573,1306984.3
2026-06-27 09:00:00,1.0574,1.0586,1.0543,1.0584,1586147.2
2026-06-27 10:00:00,1.0584,1.0597,1.0568,1.0594,1140656.5
2026-06-27 11:00:00,1.0594,1.0605,1.0545,1.0594,1516842.3
2026-06-27 12:00:00,1.0593,1.0618,1.0576,1.061,1307164.6
2026-06-27 13:00:00,1.0609,1.0653,1.06,1.0648,2734415.2
2026-06-27 14:00:00,1.0648,1.069,1.0631,1.0689,3054263.5
2026-06-27 15:00:00,1.0689,1.0763,1.0683,1.0752,5173940.6
2026-06-27 16:00:00,1.0753,1.0777,1.0693,1.0702,3417912.7
2026-06-27 17:00:00,1.0702,1.0708,1.0604,1.0605,3650039.6
2026-06-27 18:00:00,1.0606,1.0609,1.0572,1.059,1867020.3
2026-06-27 19:00:00,1.059,1.0601,1.0525,1.0544,3485811.2
2026-06-27 20:00:00,1.0545,1.0568,1.0541,1.0552,1497895.5
2026-06-27 21:00:00,1.0552,1.0579,1.0516,1.0531,2175265.0
2026-06-27 22:00:00,1.0531,1.054,1.0455,1.0536,2343211.2
2026-06-27 23:00:00,1.0537,1.0555,1.047,1.0475,2344074.8
2026-06-28 00:00:00,1.0474,1.0513,1.0469,1.0499,1595105.6
2026-06-28 01:00:00,1.05,1.0514,1.0459,1.0513,1172836.4
2026-06-28 02:00:00,1.0513,1.0535,1.0455,1.0466,2018026.3
2026-06-28 03:00:00,1.0467,1.0509,1.0467,1.0499,879897.1
2026-06-28 04:00:00,1.05,1.0506,1.0463,1.0486,828858.0
2026-06-28 05:00:00,1.0487,1.0487,1.0427,1.0478,1567226.9
2026-06-28 06:00:00,1.0478,1.0488,1.0419,1.0449,1233035.4
2026-06-28 07:00:00,1.0449,1.0515,1.0448,1.0512,1510424.9
2026-06-28 08:00:00,1.0512,1.0591,1.0503,1.0547,2469110.3
2026-06-28 09:00:00,1.0547,1.0555,1.0488,1.0501,2300006.1
2026-06-28 10:00:00,1.05,1.0513,1.046,1.0487,1075947.3
2026-06-28 11:00:00,1.0487,1.0536,1.0468,1.0527,1218399.7
2026-06-28 12:00:00,1.0528,1.0561,1.0491,1.052,1551114.5
2026-06-28 13:00:00,1.052,1.0527,1.0462,1.0496,1522766.1
2026-06-28 14:00:00,1.0496,1.0574,1.0487,1.0525,2132302.2
2026-06-28 15:00:00,1.0525,1.0576,1.0498,1.0526,2059232.0
2026-06-28 16:00:00,1.0526,1.0535,1.044,1.0473,2042350.9
2026-06-28 17:00:00,1.0474,1.0498,1.0413,1.0474,1764793.9
2026-06-28 18:00:00,1.0473,1.0486,1.0434,1.0468,1119892.1
2026-06-28 19:00:00,1.0468,1.0494,1.0391,1.0446,2166900.0
2026-06-28 20:00:00,1.0445,1.0501,1.0439,1.0468,2235152.0
2026-06-28 21:00:00,1.0468,1.0468,1.0383,1.041,1889334.1
2026-06-28 22:00:00,1.041,1.0524,1.0333,1.0382,5960970.7
2026-06-28 23:00:00,1.0381,1.0523,1.0372,1.0485,3230153.2
2026-06-29 00:00:00,1.0485,1.0495,1.0338,1.0476,5002227.5
2026-06-29 01:00:00,1.0476,1.0485,1.0394,1.0434,3143096.1
2026-06-29 02:00:00,1.0433,1.0485,1.0322,1.0464,5681216.3
2026-06-29 03:00:00,1.0464,1.056,1.0463,1.0508,5025290.4
2026-06-29 04:00:00,1.0509,1.0509,1.0421,1.0434,2969601.4
2026-06-29 05:00:00,1.0435,1.0487,1.0361,1.0486,3067827.6
2026-06-29 06:00:00,1.0487,1.0549,1.0475,1.0495,4189886.8
2026-06-29 07:00:00,1.0495,1.0525,1.0457,1.0493,1728974.3
2026-06-29 08:00:00,1.0492,1.0511,1.0421,1.0439,2266455.1
2026-06-29 09:00:00,1.0439,1.0504,1.0433,1.0494,2304521.9
2026-06-29 10:00:00,1.0495,1.0555,1.0495,1.052,3287474.3
2026-06-29 11:00:00,1.0519,1.0612,1.048,1.0536,4775550.9
2026-06-29 12:00:00,1.0535,1.0663,1.0484,1.0554,7853177.3
2026-06-29 13:00:00,1.0554,1.0625,1.0446,1.0506,7011075.8
2026-06-29 14:00:00,1.0506,1.0515,1.0402,1.0496,5816655.0
2026-06-29 15:00:00,1.0497,1.0522,1.0411,1.0494,4219110.9
2026-06-29 16:00:00,1.0495,1.0537,1.0431,1.051,2611279.5
2026-06-29 17:00:00,1.0509,1.069,1.0507,1.0657,7647359.5
2026-06-29 18:00:00,1.0657,1.0695,1.0628,1.0649,2369192.2
2026-06-29 19:00:00,1.065,1.0768,1.0638,1.0753,5081856.6
2026-06-29 20:00:00,1.0753,1.0755,1.063,1.0638,2295260.7
2026-06-29 21:00:00,1.0638,1.066,1.0601,1.0648,3097182.9
2026-06-29 22:00:00,1.0649,1.0656,1.0594,1.0595,1393051.1
2026-06-29 23:00:00,1.0595,1.06,1.0556,1.059,1922091.5
2026-06-30 00:00:00,1.0589,1.0595,1.0486,1.0489,3092934.9
2026-06-30 01:00:00,1.0489,1.0522,1.0475,1.0501,1816678.3
2026-06-30 02:00:00,1.0502,1.0525,1.0463,1.0507,1768893.6
2026-06-30 03:00:00,1.0506,1.0529,1.0441,1.0455,4662079.7
2026-06-30 04:00:00,1.0455,1.048,1.0428,1.0465,1650753.4
2026-06-30 05:00:00,1.0465,1.0495,1.0454,1.0494,1458444.8
2026-06-30 06:00:00,1.0495,1.0514,1.0477,1.0498,1364985.3
2026-06-30 07:00:00,1.0498,1.0507,1.0467,1.0474,1933977.2
2026-06-30 08:00:00,1.0474,1.0483,1.041,1.045,4063526.5
2026-06-30 09:00:00,1.0449,1.0462,1.0422,1.044,1399508.2
2026-06-30 10:00:00,1.0441,1.0444,1.0415,1.0421,1999755.5
2026-06-30 11:00:00,1.0421,1.0438,1.0371,1.0389,2931081.0
2026-06-30 12:00:00,1.0389,1.0389,1.0274,1.0278,5109353.7
2026-06-30 13:00:00,1.0279,1.0361,1.0275,1.0354,5734146.7
2026-06-30 14:00:00,1.0354,1.0453,1.033,1.0346,6013217.4
2026-06-30 15:00:00,1.0346,1.0411,1.0297,1.034,3951743.2
2026-06-30 16:00:00,1.034,1.044,1.0318,1.0414,3714636.7
2026-06-30 17:00:00,1.0414,1.0445,1.038,1.0386,2065095.9
2026-06-30 18:00:00,1.0387,1.0478,1.0376,1.0434,1906953.6
2026-06-30 19:00:00,1.0433,1.05,1.0387,1.0449,2867352.4
2026-06-30 20:00:00,1.0448,1.0468,1.0411,1.0418,1591364.4
2026-06-30 21:00:00,1.0419,1.0428,1.0387,1.0415,1870487.6
2026-06-30 22:00:00,1.0415,1.0445,1.0389,1.0406,1956378.2
2026-06-30 23:00:00,1.0407,1.0409,1.0382,1.0401,1429437.7
2026-07-01 00:00:00,1.0401,1.0412,1.0352,1.0373,3323620.1
2026-07-01 01:00:00,1.0373,1.0435,1.022,1.0414,9085744.9
2026-07-01 02:00:00,1.0414,1.0479,1.0383,1.046,4117602.4
2026-07-01 03:00:00,1.0461,1.0531,1.0424,1.0509,4480794.2
2026-07-01 04:00:00,1.051,1.0544,1.0488,1.0516,2731770.0
2026-07-01 05:00:00,1.0517,1.0534,1.0485,1.0508,2025790.0
2026-07-01 06:00:00,1.0509,1.051,1.0394,1.0423,4482772.7
2026-07-01 07:00:00,1.0424,1.0444,1.0392,1.0441,2015739.8
2026-07-01 08:00:00,1.044,1.048,1.0382,1.0475,2584330.9
2026-07-01 09:00:00,1.0476,1.0492,1.0445,1.046,2590109.6
2026-07-01 10:00:00,1.046,1.0467,1.0394,1.0403,2107988.0
2026-07-01 11:00:00,1.0403,1.0428,1.0367,1.0386,3369697.4
2026-07-01 12:00:00,1.0386,1.0399,1.0345,1.0373,3370729.4
2026-07-01 13:00:00,1.0374,1.0496,1.0367,1.0494,5616179.9
2026-07-01 14:00:00,1.0494,1.0606,1.0466,1.0522,6459722.8
2026-07-01 15:00:00,1.0521,1.0654,1.0516,1.0606,5777128.1
2026-07-01 16:00:00,1.0606,1.0648,1.0556,1.0572,3252858.8
2026-07-01 17:00:00,1.0572,1.0629,1.0547,1.0619,1840579.1
2026-07-01 18:00:00,1.062,1.0642,1.0581,1.0603,1893481.3
2026-07-01 19:00:00,1.0602,1.0656,1.059,1.0614,2751031.6
2026-07-01 20:00:00,1.0614,1.0617,1.0561,1.0583,1817864.7
2026-07-01 21:00:00,1.0583,1.0692,1.058,1.0665,3862814.8
2026-07-01 22:00:00,1.0664,1.0738,1.0601,1.0616,5178996.5
2026-07-01 23:00:00,1.0615,1.0615,1.0521,1.053,3231328.1
2026-07-02 00:00:00,1.0531,1.0531,1.0451,1.0478,3133005.5
2026-07-02 01:00:00,1.0479,1.06,1.0469,1.0574,1866902.8
2026-07-02 02:00:00,1.0574,1.0614,1.055,1.0601,1499807.2
2026-07-02 03:00:00,1.0602,1.0703,1.0564,1.0678,4286526.5
2026-07-02 04:00:00,1.0679,1.0682,1.0616,1.0648,2377823.7
2026-07-02 05:00:00,1.0647,1.0665,1.0587,1.0599,1599476.2
2026-07-02 06:00:00,1.0598,1.062,1.0557,1.0565,1821350.2
2026-07-02 07:00:00,1.0564,1.06,1.0557,1.0587,1565229.5
2026-07-02 08:00:00,1.0587,1.065,1.0585,1.0642,1703588.6
2026-07-02 09:00:00,1.0643,1.0816,1.0622,1.0735,10724923.8
2026-07-02 10:00:00,1.0735,1.0824,1.0727,1.0814,5719799.6
2026-07-02 11:00:00,1.0815,1.0862,1.0772,1.0841,5871761.7
2026-07-02 12:00:00,1.084,1.0972,1.0834,1.0929,8872333.1
2026-07-02 13:00:00,1.0929,1.1125,1.0919,1.1041,10266642.9
2026-07-02 14:00:00,1.1042,1.1077,1.0881,1.0921,7711104.1
2026-07-02 15:00:00,1.0921,1.0967,1.0863,1.0938,3930920.9
2026-07-02 16:00:00,1.0939,1.0965,1.0866,1.091,3332589.4
2026-07-02 17:00:00,1.0909,1.0942,1.0881,1.0884,2371261.7
2026-07-02 18:00:00,1.0885,1.0917,1.0872,1.0893,1233801.2
2026-07-02 19:00:00,1.0894,1.0897,1.0837,1.0854,2437940.8
2026-07-02 20:00:00,1.0854,1.0858,1.0814,1.0834,1912783.6
2026-07-02 21:00:00,1.0833,1.0845,1.0791,1.0816,1919202.6
2026-07-02 22:00:00,1.0815,1.085,1.0789,1.0839,2196935.9
2026-07-02 23:00:00,1.0839,1.0883,1.0824,1.0881,1540598.2
2026-07-03 00:00:00,1.0882,1.0887,1.0828,1.0841,1664263.9
2026-07-03 01:00:00,1.084,1.0959,1.0836,1.0941,1519505.7
2026-07-03 02:00:00,1.0942,1.0954,1.0871,1.0914,2290450.7
2026-07-03 03:00:00,1.0913,1.0927,1.0865,1.0907,1446267.4
2026-07-03 04:00:00,1.0907,1.0942,1.0887,1.0926,1546028.1
2026-07-03 05:00:00,1.0926,1.1017,1.0916,1.1001,2457671.5
2026-07-03 06:00:00,1.1,1.1068,1.0992,1.101,3078313.5
2026-07-03 07:00:00,1.101,1.1051,1.0978,1.1025,2792889.7
2026-07-03 08:00:00,1.1026,1.1075,1.0991,1.1001,2113892.7
2026-07-03 09:00:00,1.1001,1.1044,1.0981,1.1012,2221597.0
2026-07-03 10:00:00,1.1012,1.1129,1.0993,1.1092,4539779.3
2026-07-03 11:00:00,1.1093,1.1124,1.1066,1.11,3681837.7
2026-07-03 12:00:00,1.1101,1.114,1.1037,1.1077,3057478.9
2026-07-03 13:00:00,1.1078,1.1155,1.1078,1.1113,3165637.5
2026-07-03 14:00:00,1.1112,1.1139,1.1056,1.1122,5143346.2
2026-07-03 15:00:00,1.1122,1.1238,1.112,1.1201,7150014.5
2026-07-03 16:00:00,1.1201,1.1216,1.114,1.1151,6039986.1
2026-07-03 17:00:00,1.1152,1.1244,1.1144,1.1235,3576737.7
2026-07-03 18:00:00,1.1235,1.1294,1.1204,1.1269,3529808.2
2026-07-03 19:00:00,1.1269,1.1453,1.1262,1.1319,8858494.4
2026-07-03 20:00:00,1.1319,1.1441,1.1278,1.1395,6643394.5
2026-07-03 21:00:00,1.1395,1.1415,1.1274,1.1335,3424909.2
2026-07-03 22:00:00,1.1335,1.1355,1.1277,1.1302,1403630.7
2026-07-03 23:00:00,1.1303,1.1384,1.1287,1.1348,2761440.1
2026-07-04 00:00:00,1.1348,1.1434,1.1336,1.1417,3431012.8
2026-07-04 01:00:00,1.1418,1.1418,1.1315,1.1333,3227874.7
2026-07-04 02:00:00,1.1333,1.139,1.1321,1.1357,1597840.7
2026-07-04 03:00:00,1.1356,1.1414,1.1321,1.138,1731460.5
2026-07-04 04:00:00,1.138,1.1496,1.1366,1.148,3904970.1
2026-07-04 05:00:00,1.148,1.148,1.1377,1.1393,3449170.6
2026-07-04 06:00:00,1.1393,1.1468,1.1339,1.1378,3748392.6
2026-07-04 07:00:00,1.1379,1.1431,1.1332,1.1396,2325846.9
2026-07-04 08:00:00,1.1395,1.149,1.1395,1.1418,3598998.7
2026-07-04 09:00:00,1.1418,1.1441,1.135,1.1371,3157438.5
2026-07-04 10:00:00,1.137,1.1426,1.1355,1.1417,2412281.1
2026-07-04 11:00:00,1.1416,1.1446,1.1383,1.1401,2564659.0
2026-07-04 12:00:00,1.1401,1.1546,1.1401,1.1479,4122327.5
2026-07-04 13:00:00,1.1479,1.1613,1.1475,1.1531,5458134.6
2026-07-04 14:00:00,1.1531,1.1746,1.1528,1.1735,11460616.3
2026-07-04 15:00:00,1.1736,1.1804,1.1672,1.1724,7421049.6
2026-07-04 16:00:00,1.1724,1.1773,1.1637,1.174,4581183.9
2026-07-04 17:00:00,1.174,1.1843,1.168,1.1814,5202930.7
2026-07-04 18:00:00,1.1814,1.1826,1.1736,1.175,3081613.4
2026-07-04 19:00:00,1.1749,1.1784,1.1668,1.1684,3801796.3
2026-07-04 20:00:00,1.1684,1.1698,1.1597,1.1628,3480895.6
2026-07-04 21:00:00,1.1628,1.1684,1.1616,1.1661,1717810.2
2026-07-04 22:00:00,1.1661,1.1669,1.1603,1.1622,1994452.4
2026-07-04 23:00:00,1.1623,1.1625,1.1541,1.1574,3249331.9
2026-07-05 00:00:00,1.1573,1.1574,1.147,1.1495,3976514.2
2026-07-05 01:00:00,1.1495,1.1512,1.1425,1.1454,3367277.3
2026-07-05 02:00:00,1.1454,1.1455,1.1335,1.1374,3920547.7
2026-07-05 03:00:00,1.1373,1.1409,1.1357,1.1384,2299774.5
2026-07-05 04:00:00,1.1385,1.1424,1.1366,1.1382,2058063.6
2026-07-05 05:00:00,1.1381,1.1381,1.1329,1.1364,1598312.4
2026-07-05 06:00:00,1.1364,1.1395,1.134,1.1385,1215825.8
2026-07-05 07:00:00,1.1385,1.1414,1.1356,1.1404,1376330.7
2026-07-05 08:00:00,1.1403,1.1417,1.1375,1.1388,1545852.9
2026-07-05 09:00:00,1.1388,1.1395,1.1262,1.1278,3929501.9
2026-07-05 10:00:00,1.1277,1.13,1.1248,1.1294,2120371.2
2026-07-05 11:00:00,1.1295,1.1334,1.1281,1.132,1522153.5
2026-07-05 12:00:00,1.132,1.1368,1.1288,1.1357,1951343.3
2026-07-05 13:00:00,1.1357,1.137,1.1308,1.1355,1217176.8
2026-07-05 14:00:00,1.1356,1.138,1.1336,1.1372,803020.6
2026-07-05 15:00:00,1.1372,1.1414,1.1347,1.137,2079528.9
2026-07-05 16:00:00,1.1371,1.139,1.134,1.1349,1659998.0
2026-07-05 17:00:00,1.1349,1.139,1.1319,1.1347,1419930.0
2026-07-05 18:00:00,1.1346,1.1403,1.1345,1.1361,958392.8
2026-07-05 19:00:00,1.136,1.1381,1.1336,1.1352,1389940.9
2026-07-05 20:00:00,1.1352,1.1381,1.1346,1.1373,1201165.8
2026-07-05 21:00:00,1.1374,1.1484,1.1351,1.1446,2461171.6
2026-07-05 22:00:00,1.1446,1.1625,1.1425,1.158,6625889.6
2026-07-05 23:00:00,1.158,1.1696,1.1555,1.1572,5358019.3
2026-07-06 00:00:00,1.1572,1.1589,1.1457,1.1561,2671939.5
2026-07-06 01:00:00,1.156,1.1614,1.1523,1.1527,2302062.3
2026-07-06 02:00:00,1.1527,1.1544,1.1461,1.1487,1750425.7
2026-07-06 03:00:00,1.1486,1.1508,1.1416,1.1475,1815699.6
2026-07-06 04:00:00,1.1474,1.149,1.1444,1.1461,1223836.0
2026-07-06 05:00:00,1.146,1.1461,1.1367,1.1409,2210787.2
2026-07-06 06:00:00,1.1409,1.1415,1.1366,1.138,1220567.3
2026-07-06 07:00:00,1.1379,1.1471,1.1366,1.146,1485862.6
2026-07-06 08:00:00,1.1461,1.1514,1.14,1.1425,1934196.6
2026-07-06 09:00:00,1.1425,1.1427,1.1342,1.1361,1883991.5
2026-07-06 10:00:00,1.1362,1.1449,1.136,1.1427,1371695.1
2026-07-06 11:00:00,1.1427,1.1438,1.135,1.1352,1620740.3
2026-07-06 12:00:00,1.1352,1.1354,1.114,1.1153,9368780.8
2026-07-06 13:00:00,1.1152,1.1227,1.1095,1.116,7572134.4
2026-07-06 14:00:00,1.116,1.127,1.1138,1.1236,3239981.8
2026-07-06 15:00:00,1.1236,1.1454,1.1234,1.1446,6570074.1
2026-07-06 16:00:00,1.1447,1.1544,1.1397,1.1534,6644024.0
2026-07-06 17:00:00,1.1535,1.1593,1.1445,1.1467,7171278.9
2026-07-06 18:00:00,1.1467,1.1504,1.1412,1.1482,3489114.4
2026-07-06 19:00:00,1.1481,1.1528,1.1451,1.149,3901295.2
2026-07-06 20:00:00,1.1489,1.149,1.1422,1.1441,3087681.6
2026-07-06 21:00:00,1.144,1.165,1.1437,1.1537,7007821.9
2026-07-06 22:00:00,1.1537,1.1547,1.1469,1.1477,2506117.8
2026-07-06 23:00:00,1.1478,1.1502,1.144,1.145,1680325.9
2026-07-07 00:00:00,1.145,1.1514,1.1446,1.1487,2770263.5
2026-07-07 01:00:00,1.1486,1.1486,1.1395,1.1412,2495241.6
2026-07-07 02:00:00,1.1412,1.1422,1.1298,1.1308,3216790.5
2026-07-07 03:00:00,1.1309,1.1343,1.1274,1.1294,3615656.4
2026-07-07 04:00:00,1.1293,1.1296,1.1233,1.1253,3425991.7
2026-07-07 05:00:00,1.1253,1.1297,1.1212,1.1276,2761807.8
2026-07-07 06:00:00,1.1276,1.1333,1.125,1.1326,2094089.6
2026-07-07 07:00:00,1.1325,1.1353,1.1267,1.1267,1649009.7
2026-07-07 08:00:00,1.1268,1.1282,1.1242,1.125,1203554.5
2026-07-07 09:00:00,1.125,1.1276,1.1242,1.1271,1551921.1
2026-07-07 10:00:00,1.1271,1.1303,1.123,1.1238,2028688.0
2026-07-07 11:00:00,1.1238,1.1257,1.12,1.1251,2783768.3
2026-07-07 12:00:00,1.1252,1.1324,1.1248,1.1267,3076438.8
2026-07-07 13:00:00,1.1267,1.1278,1.1191,1.1208,2431259.3
2026-07-07 14:00:00,1.1209,1.126,1.1084,1.1252,5555238.9
2026-07-07 15:00:00,1.1251,1.133,1.1207,1.1305,5298962.1
2026-07-07 16:00:00,1.1304,1.1354,1.1249,1.1293,4776209.3
2026-07-07 17:00:00,1.1294,1.1326,1.1264,1.1326,1959581.7
2026-07-07 18:00:00,1.1326,1.1326,1.1192,1.1194,2356906.2
2026-07-07 19:00:00,1.1193,1.1259,1.1134,1.1228,3468905.8
2026-07-07 20:00:00,1.1229,1.1232,1.1172,1.1187,1449425.2
2026-07-07 21:00:00,1.1187,1.1217,1.1121,1.1136,1574031.8
2026-07-07 22:00:00,1.1135,1.1171,1.1065,1.1154,3458179.8
2026-07-07 23:00:00,1.1154,1.1206,1.111,1.112,4213449.2
2026-07-08 00:00:00,1.112,1.1165,1.1101,1.1139,2658887.5
2026-07-08 01:00:00,1.114,1.1157,1.0978,1.099,5395930.2
2026-07-08 02:00:00,1.099,1.1018,1.0887,1.1005,8185152.9
2026-07-08 03:00:00,1.1005,1.1042,1.0943,1.0955,3360820.0
2026-07-08 04:00:00,1.0955,1.0975,1.0919,1.0947,1953987.8
2026-07-08 05:00:00,1.0948,1.0962,1.0892,1.0914,1972823.4
2026-07-08 06:00:00,1.0914,1.0926,1.0866,1.0914,3451623.1
2026-07-08 07:00:00,1.0914,1.0954,1.0882,1.094,2848519.6
2026-07-08 08:00:00,1.094,1.0953,1.0751,1.0802,9444216.7
2026-07-08 09:00:00,1.0801,1.0822,1.0757,1.0793,3800729.8
2026-07-08 10:00:00,1.0794,1.0841,1.0765,1.0836,2272295.5
2026-07-08 11:00:00,1.0836,1.089,1.0803,1.0867,2934948.2
2026-07-08 12:00:00,1.0867,1.0887,1.082,1.082,2008631.9
2026-07-08 13:00:00,1.082,1.0877,1.0776,1.0814,8178298.4
2026-07-08 14:00:00,1.0814,1.0848,1.0745,1.078,4880936.2
2026-07-08 15:00:00,1.0781,1.0785,1.0694,1.0736,4378026.2
2026-07-08 16:00:00,1.0736,1.0844,1.0732,1.0843,4482422.3
2026-07-08 17:00:00,1.0843,1.0952,1.0839,1.0863,5582019.9
2026-07-08 18:00:00,1.0862,1.0909,1.0832,1.0879,2158812.3
2026-07-08 19:00:00,1.0879,1.096,1.0849,1.0912,2817020.2
2026-07-08 20:00:00,1.0913,1.0929,1.0876,1.089,2080651.5
2026-07-08 21:00:00,1.0889,1.0915,1.0842,1.0909,1518424.3
2026-07-08 22:00:00,1.091,1.0931,1.0896,1.0929,812383.0
2026-07-08 23:00:00,1.0929,1.0929,1.0877,1.0908,1364189.5
2026-07-09 00:00:00,1.0907,1.0917,1.087,1.0881,1094072.2
2026-07-09 01:00:00,1.0881,1.0988,1.0828,1.0834,3145757.8
2026-07-09 02:00:00,1.0835,1.0903,1.0826,1.0845,1880333.0
2026-07-09 03:00:00,1.0845,1.0896,1.0829,1.0876,1374099.9
2026-07-09 04:00:00,1.0877,1.0947,1.0848,1.0943,2033770.7
2026-07-09 05:00:00,1.0942,1.1002,1.0913,1.0992,2555119.3
2026-07-09 06:00:00,1.0993,1.1027,1.0966,1.1002,2179119.9
2026-07-09 07:00:00,1.1002,1.1029,1.0951,1.0982,2279717.1
2026-07-09 08:00:00,1.0981,1.0993,1.095,1.0954,1621440.0
2026-07-09 09:00:00,1.0955,1.0956,1.0916,1.0944,1234989.4
2026-07-09 10:00:00,1.0944,1.0967,1.0902,1.0921,1782517.7
2026-07-09 11:00:00,1.0922,1.0941,1.0905,1.0936,1994702.4
2026-07-09 12:00:00,1.0935,1.0971,1.0908,1.0939,5424108.3
2026-07-09 13:00:00,1.094,1.1018,1.093,1.0991,2489814.5
2026-07-09 14:00:00,1.0991,1.101,1.0911,1.0937,2583432.3
2026-07-09 15:00:00,1.0937,1.0969,1.0893,1.0899,2416238.3
2026-07-09 16:00:00,1.09,1.0921,1.0864,1.0887,1988751.8
2026-07-09 17:00:00,1.0886,1.0981,1.0886,1.0962,1475635.2
2026-07-09 18:00:00,1.0963,1.1005,1.0931,1.0949,1907945.2
2026-07-09 19:00:00,1.095,1.0987,1.0921,1.0976,1271186.4
2026-07-09 20:00:00,1.0976,1.0998,1.0955,1.0974,487665.4
2026-07-09 21:00:00,1.0974,1.0985,1.0968,1.0979,485867.1
2026-07-09 22:00:00,1.0979,1.0986,1.0958,1.0961,581743.6
2026-07-09 23:00:00,1.0961,1.0964,1.0924,1.0932,1114538.0
2026-07-10 00:00:00,1.0933,1.0936,1.0891,1.0922,1180584.5
2026-07-10 01:00:00,1.0922,1.109,1.0902,1.1049,3560582.9
2026-07-10 02:00:00,1.1049,1.1097,1.1026,1.1078,2189219.3
2026-07-10 03:00:00,1.1078,1.1094,1.1039,1.107,1226072.6
2026-07-10 04:00:00,1.107,1.1123,1.106,1.1094,1502618.7
2026-07-10 05:00:00,1.1095,1.1107,1.1073,1.1097,1683606.3
2026-07-10 06:00:00,1.1096,1.1107,1.1048,1.1056,1686794.4
2026-07-10 07:00:00,1.1057,1.1078,1.1035,1.1055,1160599.6
2026-07-10 08:00:00,1.1056,1.1157,1.1046,1.1121,2873521.2
2026-07-10 09:00:00,1.112,1.1183,1.1098,1.1156,2694366.8
2026-07-10 10:00:00,1.1155,1.1179,1.1127,1.1141,3135968.2
2026-07-10 11:00:00,1.1141,1.1157,1.1091,1.1125,2695207.3
2026-07-10 12:00:00,1.1125,1.1146,1.1072,1.1073,4016314.1
2026-07-10 13:00:00,1.1073,1.113,1.1062,1.1102,2962405.1
2026-07-10 14:00:00,1.1102,1.1103,1.0964,1.1009,7432918.9
2026-07-10 15:00:00,1.101,1.1059,1.1001,1.1037,3995869.0
2026-07-10 16:00:00,1.1037,1.1061,1.0994,1.1051,3265851.3
2026-07-10 17:00:00,1.105,1.1061,1.1006,1.1008,3098814.0
2026-07-10 18:00:00,1.1009,1.1049,1.0972,1.0996,1839830.3
2026-07-10 19:00:00,1.0996,1.1067,1.0983,1.1051,2122671.0
2026-07-10 20:00:00,1.1052,1.1065,1.103,1.1041,1083845.4
2026-07-10 21:00:00,1.1041,1.1067,1.1026,1.1049,1082505.5
2026-07-10 22:00:00,1.1048,1.1062,1.1035,1.1055,849429.7
2026-07-10 23:00:00,1.1055,1.1056,1.1031,1.1046,686456.5
2026-07-11 00:00:00,1.1047,1.1057,1.1016,1.1053,776554.3
2026-07-11 01:00:00,1.1053,1.1083,1.1028,1.103,791418.3
2026-07-11 02:00:00,1.103,1.1068,1.1025,1.1063,654718.4
2026-07-11 03:00:00,1.1063,1.1097,1.1055,1.1077,1213119.5
2026-07-11 04:00:00,1.1076,1.1079,1.1039,1.1047,880050.5
2026-07-11 05:00:00,1.1047,1.1078,1.1037,1.1065,670863.1
2026-07-11 06:00:00,1.1065,1.1093,1.1052,1.1076,1065697.2
2026-07-11 07:00:00,1.1076,1.1093,1.1072,1.1077,739388.0
2026-07-11 08:00:00,1.1076,1.1089,1.1058,1.1086,997998.1
2026-07-11 09:00:00,1.1085,1.111,1.1064,1.1065,769807.6
2026-07-11 10:00:00,1.1065,1.1092,1.1061,1.109,1062789.0
2026-07-11 11:00:00,1.1091,1.1104,1.1077,1.1086,1073019.8
2026-07-11 12:00:00,1.1085,1.1096,1.1077,1.1088,648219.5
2026-07-11 13:00:00,1.1088,1.112,1.1082,1.1088,640936.3
2026-07-11 14:00:00,1.1088,1.1156,1.1088,1.1137,2248890.5
2026-07-11 15:00:00,1.1138,1.1184,1.1093,1.1133,5063706.0
2026-07-11 16:00:00,1.1133,1.1163,1.111,1.1128,1823012.0
2026-07-11 17:00:00,1.1128,1.1172,1.1115,1.1148,881428.9
2026-07-11 18:00:00,1.1149,1.1182,1.1139,1.1171,846480.3
2026-07-11 19:00:00,1.1171,1.1193,1.114,1.1155,1251325.8
2026-07-11 20:00:00,1.1155,1.1162,1.1138,1.1144,629443.9
2026-07-11 21:00:00,1.1144,1.1168,1.1138,1.1148,931495.5
2026-07-11 22:00:00,1.1148,1.1151,1.1078,1.1091,2127794.8
2026-07-11 23:00:00,1.1092,1.1095,1.0961,1.0967,4919166.1
2026-07-12 00:00:00,1.0967,1.0986,1.0894,1.0932,4340864.3
2026-07-12 01:00:00,1.0932,1.0989,1.0926,1.0989,2946152.5
2026-07-12 02:00:00,1.0989,1.0989,1.0951,1.0961,917270.6
2026-07-12 03:00:00,1.0961,1.0998,1.0955,1.0998,2144656.4
2026-07-12 04:00:00,1.0998,1.1001,1.0945,1.0956,1619609.8
2026-07-12 05:00:00,1.0956,1.0964,1.0938,1.0946,543135.1
2026-07-12 06:00:00,1.0945,1.0945,1.0868,1.0916,3246318.7
2026-07-12 07:00:00,1.0916,1.0936,1.0902,1.0913,1112804.7
2026-07-12 08:00:00,1.0914,1.095,1.091,1.0937,1244195.1
2026-07-12 09:00:00,1.0938,1.097,1.0906,1.0948,1501935.7
2026-07-12 10:00:00,1.0949,1.0962,1.0936,1.0949,545429.8
2026-07-12 11:00:00,1.0949,1.0985,1.0928,1.0964,667825.1
2026-07-12 12:00:00,1.0963,1.1,1.0958,1.0991,1024758.0
2026-07-12 13:00:00,1.0991,1.1013,1.0971,1.0983,1413156.0
2026-07-12 14:00:00,1.0983,1.1043,1.0963,1.1017,1144616.1
2026-07-12 15:00:00,1.1018,1.1035,1.1,1.102,1148601.2
2026-07-12 16:00:00,1.1021,1.104,1.1,1.1018,1007460.3
2026-07-12 17:00:00,1.1018,1.1026,1.0973,1.0984,999229.8
2026-07-12 18:00:00,1.0984,1.1015,1.0973,1.1008,622522.5
2026-07-12 19:00:00,1.1009,1.1018,1.098,1.1004,671363.9
2026-07-12 20:00:00,1.1004,1.101,1.0988,1.0994,771220.7
2026-07-12 21:00:00,1.0995,1.1012,1.0934,1.0943,1676137.3
2026-07-12 22:00:00,1.0943,1.0943,1.0811,1.0864,5046828.2
2026-07-12 23:00:00,1.0864,1.0877,1.0838,1.0858,2022400.2
2026-07-13 00:00:00,1.0859,1.103,1.0837,1.0931,4301747.5
2026-07-13 01:00:00,1.093,1.094,1.0795,1.0808,4879254.7
2026-07-13 02:00:00,1.0809,1.0835,1.0765,1.0799,5770747.7
2026-07-13 03:00:00,1.0799,1.0799,1.0674,1.0723,5513374.6
2026-07-13 04:00:00,1.0724,1.0757,1.0707,1.0727,1810262.9
2026-07-13 05:00:00,1.0728,1.079,1.0702,1.076,2537028.9
2026-07-13 06:00:00,1.0761,1.0781,1.075,1.078,1584608.4
2026-07-13 07:00:00,1.078,1.0817,1.0768,1.0796,1961785.2
2026-07-13 08:00:00,1.0797,1.0832,1.0785,1.0798,1791966.3
2026-07-13 09:00:00,1.0798,1.0808,1.0786,1.0787,1293454.4
2026-07-13 10:00:00,1.0787,1.0796,1.076,1.0771,1603442.6
2026-07-13 11:00:00,1.0772,1.0813,1.0772,1.0774,1407894.8
2026-07-13 12:00:00,1.0774,1.0786,1.0674,1.0737,4468961.0
2026-07-13 13:00:00,1.0737,1.0738,1.0656,1.0688,3948639.4
2026-07-13 14:00:00,1.0687,1.0782,1.0671,1.0775,4218877.2
2026-07-13 15:00:00,1.0774,1.0803,1.072,1.0725,2116151.6
2026-07-13 16:00:00,1.0725,1.0745,1.0665,1.0687,1952429.1
2026-07-13 17:00:00,1.0686,1.0707,1.0589,1.0591,3916395.0
2026-07-13 18:00:00,1.0591,1.0631,1.0567,1.0615,4689784.1
2026-07-13 19:00:00,1.0615,1.0708,1.0607,1.0674,3040225.5
2026-07-13 20:00:00,1.0674,1.0683,1.0591,1.0624,1469758.2
2026-07-13 21:00:00,1.0624,1.0625,1.0535,1.0596,2384222.7
2026-07-13 22:00:00,1.0596,1.0631,1.0587,1.0587,1969098.1
2026-07-13 23:00:00,1.0588,1.0675,1.0577,1.0675,2611735.3
2026-07-14 00:00:00,1.0675,1.0706,1.0646,1.0693,1641328.8
2026-07-14 01:00:00,1.0693,1.071,1.0651,1.0652,1404048.7
2026-07-14 02:00:00,1.0652,1.0675,1.0627,1.0659,1477129.4
2026-07-14 03:00:00,1.066,1.0673,1.061,1.0662,2050746.2
2026-07-14 04:00:00,1.0661,1.0691,1.0643,1.0682,2046138.7
2026-07-14 05:00:00,1.0681,1.0732,1.0675,1.0715,3021658.7
2026-07-14 06:00:00,1.0715,1.0716,1.0692,1.0699,1021372.1
2026-07-14 07:00:00,1.0699,1.0716,1.0675,1.0689,1184701.1
2026-07-14 08:00:00,1.0689,1.0715,1.0674,1.0689,1030609.2
2026-07-14 09:00:00,1.0689,1.0707,1.0677,1.0684,948913.2
2026-07-14 10:00:00,1.0684,1.0723,1.0677,1.071,2350566.7
2026-07-14 11:00:00,1.0711,1.073,1.0693,1.0725,2063399.6
2026-07-14 12:00:00,1.0726,1.0913,1.0705,1.0893,10391533.9
2026-07-14 13:00:00,1.0894,1.105,1.0854,1.0991,10966738.3
2026-07-14 14:00:00,1.0992,1.105,1.095,1.103,5422055.8
2026-07-14 15:00:00,1.103,1.1108,1.101,1.1047,5677834.6
2026-07-14 16:00:00,1.1047,1.1086,1.1028,1.1048,2357320.5
2026-07-14 17:00:00,1.1047,1.1052,1.0981,1.1044,3715512.1
2026-07-14 18:00:00,1.1044,1.1133,1.1033,1.1122,2963007.4
2026-07-14 19:00:00,1.1123,1.121,1.1109,1.1153,7712567.6
2026-07-14 20:00:00,1.1152,1.1158,1.1096,1.1104,2395169.8
2026-07-14 21:00:00,1.1104,1.1112,1.1069,1.108,1801167.6
2026-07-14 22:00:00,1.1081,1.1139,1.105,1.1102,3279474.3
2026-07-14 23:00:00,1.1103,1.1127,1.109,1.1117,1401917.3
2026-07-15 00:00:00,1.1118,1.1123,1.1066,1.1082,2680522.1
2026-07-15 01:00:00,1.1083,1.1085,1.1022,1.1033,2255574.2
2026-07-15 02:00:00,1.1033,1.1042,1.099,1.0996,1261096.9
2026-07-15 03:00:00,1.0995,1.1052,1.0994,1.1042,2331554.4
2026-07-15 04:00:00,1.1042,1.1065,1.1013,1.1033,1539023.8
2026-07-15 05:00:00,1.1034,1.1071,1.0997,1.1066,999095.6
2026-07-15 06:00:00,1.1067,1.1139,1.1058,1.1074,3389080.0
2026-07-15 07:00:00,1.1074,1.1081,1.1018,1.1038,1831323.7
2026-07-15 08:00:00,1.1039,1.109,1.1032,1.1079,1439883.6
2026-07-15 09:00:00,1.108,1.1125,1.1077,1.1088,1833320.6
2026-07-15 10:00:00,1.1087,1.11,1.1061,1.1084,1598090.4
2026-07-15 11:00:00,1.1083,1.1094,1.1069,1.1083,1324583.9
2026-07-15 12:00:00,1.1084,1.1217,1.1055,1.1211,6090850.0
2026-07-15 13:00:00,1.121,1.1293,1.1178,1.1218,7321804.7
2026-07-15 14:00:00,1.1219,1.1302,1.1183,1.1258,5806995.2
2026-07-15 15:00:00,1.1258,1.1287,1.1207,1.1263,4782448.9
2026-07-15 16:00:00,1.1263,1.1272,1.1079,1.114,4761349.9
2026-07-15 17:00:00,1.114,1.1196,1.1112,1.1176,2862212.3
2026-07-15 18:00:00,1.1176,1.1214,1.1117,1.1125,2502343.5
2026-07-15 19:00:00,1.1125,1.1148,1.1088,1.1099,2314380.0
2026-07-15 20:00:00,1.1099,1.114,1.1082,1.1114,1394927.6
2026-07-15 21:00:00,1.1114,1.1161,1.1106,1.1157,2100365.6
2026-07-15 22:00:00,1.1157,1.1192,1.1147,1.1161,1842796.0
2026-07-15 23:00:00,1.1162,1.117,1.1121,1.1133,1215461.7
2026-07-16 00:00:00,1.1132,1.1164,1.1084,1.1107,2258465.7
2026-07-16 01:00:00,1.1107,1.115,1.1058,1.1139,1551222.3
2026-07-16 02:00:00,1.1139,1.1173,1.1115,1.117,1090862.7
2026-07-16 03:00:00,1.117,1.1178,1.1119,1.1129,2383485.7
2026-07-16 04:00:00,1.1129,1.114,1.1109,1.1139,1499053.6
2026-07-16 05:00:00,1.114,1.118,1.1134,1.116,1219068.4
2026-07-16 06:00:00,1.116,1.1182,1.112,1.1143,2031925.0
2026-07-16 07:00:00,1.1144,1.1156,1.1036,1.1062,4438449.6
2026-07-16 08:00:00,1.1063,1.1101,1.0996,1.1069,5109978.4
2026-07-16 09:00:00,1.1068,1.108,1.1047,1.105,1843184.1
2026-07-16 10:00:00,1.1051,1.1094,1.1042,1.1085,1660850.1
2026-07-16 11:00:00,1.1085,1.109,1.1053,1.1085,1852650.1
2026-07-16 12:00:00,1.1085,1.1105,1.1,1.1016,4350239.8
2026-07-16 13:00:00,1.1015,1.1123,1.1013,1.11,3476226.5
2026-07-16 14:00:00,1.11,1.1164,1.1083,1.1118,3698662.9
2026-07-16 15:00:00,1.1118,1.1182,1.1061,1.1148,3001943.0
2026-07-16 16:00:00,1.1148,1.1151,1.1076,1.1091,2043583.4
2026-07-16 17:00:00,1.1091,1.1091,1.0888,1.0946,6957072.0
2026-07-16 18:00:00,1.0946,1.0959,1.0882,1.0934,2742979.1
2026-07-16 19:00:00,1.0934,1.0993,1.0931,1.0973,2308785.2
2026-07-16 20:00:00,1.0972,1.0985,1.0952,1.0976,1073715.9
2026-07-16 21:00:00,1.0975,1.0989,1.0956,1.098,1219904.2
2026-07-16 22:00:00,1.0981,1.0991,1.0897,1.0903,2664248.5
2026-07-16 23:00:00,1.0903,1.0912,1.0853,1.0871,2471232.1
2026-07-17 00:00:00,1.087,1.0919,1.0829,1.0919,4021081.7
2026-07-17 01:00:00,1.0919,1.0956,1.0858,1.0878,2364922.5
2026-07-17 02:00:00,1.0878,1.0911,1.0856,1.088,1855746.0
2026-07-17 03:00:00,1.0881,1.0949,1.088,1.0925,1361175.9
2026-07-17 04:00:00,1.0924,1.0927,1.0876,1.0903,1156601.5
2026-07-17 05:00:00,1.0902,1.0906,1.0796,1.0805,2480963.0
2026-07-17 06:00:00,1.0805,1.0878,1.0793,1.0872,2377963.7
2026-07-17 07:00:00,1.0872,1.0873,1.0825,1.0837,1166012.5
2026-07-17 08:00:00,1.0838,1.0861,1.0793,1.0848,1546283.4
2026-07-17 09:00:00,1.0849,1.0885,1.0846,1.0851,2182400.1
2026-07-17 10:00:00,1.0852,1.0882,1.085,1.0865,2456925.3
2026-07-17 11:00:00,1.0864,1.0871,1.0836,1.0847,2435257.7
2026-07-17 12:00:00,1.0846,1.0848,1.078,1.0782,2780275.0
2026-07-17 13:00:00,1.0781,1.0807,1.0698,1.0803,6094029.2
2026-07-17 14:00:00,1.0804,1.0867,1.0803,1.0825,4109607.7
2026-07-17 15:00:00,1.0825,1.0835,1.0743,1.0831,4577838.8
2026-07-17 16:00:00,1.0832,1.0901,1.0811,1.0863,3722630.1
2026-07-17 17:00:00,1.0864,1.0958,1.0864,1.0919,2131748.8
2026-07-17 18:00:00,1.0919,1.0942,1.0877,1.0923,1516945.5
2026-07-17 19:00:00,1.0923,1.0933,1.0858,1.0913,1494319.7
2026-07-17 20:00:00,1.0913,1.0914,1.0867,1.0885,1103361.2
2026-07-17 21:00:00,1.0886,1.0913,1.088,1.0885,860855.1
2026-07-17 22:00:00,1.0886,1.0891,1.087,1.0884,676352.2
2026-07-17 23:00:00,1.0883,1.0904,1.0868,1.089,877846.6
2026-07-18 00:00:00,1.0891,1.091,1.088,1.0882,737346.4
2026-07-18 01:00:00,1.0882,1.09,1.0872,1.0884,460848.2
2026-07-18 02:00:00,1.0885,1.0915,1.088,1.0902,670914.1
2026-07-18 03:00:00,1.0902,1.0915,1.089,1.0901,500460.5
2026-07-18 04:00:00,1.0902,1.0903,1.0878,1.088,683504.8
2026-07-18 05:00:00,1.088,1.0897,1.0869,1.0881,557179.6
2026-07-18 06:00:00,1.088,1.0899,1.087,1.0892,496946.9
2026-07-18 07:00:00,1.0893,1.0907,1.088,1.0889,634720.7
2026-07-18 08:00:00,1.0889,1.0918,1.0878,1.0895,958293.6
2026-07-18 09:00:00,1.0894,1.0898,1.0838,1.0861,1357233.9
2026-07-18 10:00:00,1.0861,1.088,1.0861,1.087,610401.7
2026-07-18 11:00:00,1.0871,1.0896,1.0863,1.0888,763984.3
2026-07-18 12:00:00,1.0888,1.0911,1.0859,1.0893,1088887.2
2026-07-18 13:00:00,1.0893,1.0893,1.0836,1.0859,1423054.7
2026-07-18 14:00:00,1.086,1.0894,1.085,1.0889,687802.9
2026-07-18 15:00:00,1.0889,1.0895,1.0858,1.0864,660000.7
2026-07-18 16:00:00,1.0865,1.0909,1.0865,1.0898,858877.8
2026-07-18 17:00:00,1.0899,1.0944,1.0877,1.0935,1365449.1
2026-07-18 18:00:00,1.0936,1.0961,1.09,1.0908,1698067.8
2026-07-18 19:00:00,1.0909,1.094,1.0905,1.0935,1603863.8
2026-07-18 20:00:00,1.0936,1.0968,1.0927,1.0934,1139324.9
2026-07-18 21:00:00,1.0935,1.0984,1.0921,1.0938,1229748.8
2026-07-18 22:00:00,1.0938,1.0957,1.0917,1.0933,1072726.7
2026-07-18 23:00:00,1.0933,1.0939,1.0914,1.0929,674276.7
2026-07-19 00:00:00,1.0929,1.0945,1.0919,1.0945,731201.0
2026-07-19 01:00:00,1.0946,1.0946,1.0926,1.0938,1217322.8
2026-07-19 02:00:00,1.0939,1.0999,1.0939,1.097,1152551.3
2026-07-19 03:00:00,1.0971,1.0977,1.0928,1.095,772648.9
2026-07-19 04:00:00,1.095,1.0984,1.0933,1.0966,832758.6
2026-07-19 05:00:00,1.0967,1.0979,1.0956,1.0965,1159265.2
2026-07-19 06:00:00,1.0965,1.0983,1.0957,1.0963,1086937.4
2026-07-19 07:00:00,1.0964,1.0975,1.095,1.0954,1622768.0
2026-07-19 08:00:00,1.0955,1.0985,1.095,1.0983,1544481.2
2026-07-19 09:00:00,1.0982,1.0993,1.0948,1.0954,721586.4
2026-07-19 10:00:00,1.0955,1.0997,1.094,1.0979,656010.8
2026-07-19 11:00:00,1.098,1.0995,1.0964,1.097,743539.1
2026-07-19 12:00:00,1.0971,1.0971,1.0909,1.0956,1223092.3
2026-07-19 13:00:00,1.0956,1.0959,1.0924,1.0943,771238.4
2026-07-19 14:00:00,1.0943,1.1018,1.0926,1.0987,1815199.8
2026-07-19 15:00:00,1.0987,1.0995,1.097,1.0978,1208090.2
2026-07-19 16:00:00,1.0979,1.0983,1.0942,1.0942,1122610.7
2026-07-19 17:00:00,1.0942,1.0966,1.0893,1.0944,1757022.9
2026-07-19 18:00:00,1.0945,1.0945,1.0897,1.0925,1281108.5
2026-07-19 19:00:00,1.0926,1.0952,1.0917,1.0949,762121.3
2026-07-19 20:00:00,1.0949,1.0981,1.0949,1.097,675651.8
2026-07-19 21:00:00,1.097,1.0973,1.0918,1.0931,732708.8
2026-07-19 22:00:00,1.0931,1.1017,1.0922,1.0975,2336496.1
2026-07-19 23:00:00,1.0976,1.0983,1.0937,1.0978,923782.4
2026-07-20 00:00:00,1.0978,1.1065,1.0933,1.0961,4633341.8
2026-07-20 01:00:00,1.0962,1.1083,1.0946,1.0967,2633724.3
2026-07-20 02:00:00,1.0967,1.1036,1.0962,1.1012,1397548.8
2026-07-20 03:00:00,1.1012,1.1021,1.097,1.0999,753896.6
2026-07-20 04:00:00,1.1,1.1004,1.0951,1.096,919252.4
2026-07-20 05:00:00,1.0959,1.0961,1.0865,1.088,2344801.7
2026-07-20 06:00:00,1.088,1.0897,1.0835,1.0855,2212185.8
2026-07-20 07:00:00,1.0856,1.0909,1.0831,1.0902,1191821.1
2026-07-20 08:00:00,1.0903,1.0919,1.0862,1.0882,1417135.6
2026-07-20 09:00:00,1.0882,1.0932,1.0871,1.09,1185316.0
2026-07-20 10:00:00,1.09,1.095,1.0897,1.0929,1363717.4
2026-07-20 11:00:00,1.0928,1.107,1.092,1.1059,4503247.0
2026-07-20 12:00:00,1.1058,1.106,1.0981,1.0997,2818831.4
2026-07-20 13:00:00,1.0997,1.1012,1.0895,1.0911,3937540.1
2026-07-20 14:00:00,1.0911,1.0951,1.0864,1.0934,2537876.6
2026-07-20 15:00:00,1.0935,1.1141,1.0933,1.1126,6540012.5
2026-07-20 16:00:00,1.1126,1.115,1.1101,1.1142,4905134.8
2026-07-20 17:00:00,1.1142,1.1173,1.1106,1.1151,3852712.8
2026-07-20 18:00:00,1.1151,1.1207,1.1135,1.1143,3671982.5
2026-07-20 19:00:00,1.1142,1.1184,1.1113,1.1167,4576039.2
2026-07-20 20:00:00,1.1168,1.1172,1.1128,1.1147,1698554.2
2026-07-20 21:00:00,1.1147,1.1186,1.1145,1.1152,1696218.3
2026-07-20 22:00:00,1.1152,1.1152,1.1083,1.1098,2892507.0
2026-07-20 23:00:00,1.1098,1.1145,1.1095,1.1124,865421.3
2026-07-21 00:00:00,1.1124,1.1178,1.1111,1.1163,1396349.9
2026-07-21 01:00:00,1.1162,1.1203,1.1136,1.114,1641967.4
2026-07-21 02:00:00,1.114,1.1213,1.112,1.1191,1342341.5
2026-07-21 03:00:00,1.1191,1.1258,1.1191,1.1244,2388017.1
2026-07-21 04:00:00,1.1244,1.1284,1.1216,1.1265,3832124.9
2026-07-21 05:00:00,1.1265,1.1385,1.1257,1.1313,6925867.6
2026-07-21 06:00:00,1.1312,1.1369,1.1291,1.1342,3124981.0
2026-07-21 07:00:00,1.1342,1.1366,1.1316,1.1362,2573767.6
2026-07-21 08:00:00,1.1362,1.1379,1.1329,1.1333,2379761.4
2026-07-21 09:00:00,1.1332,1.1365,1.131,1.1347,2335005.7
2026-07-21 10:00:00,1.1348,1.1356,1.1297,1.1314,3425413.8
2026-07-21 11:00:00,1.1313,1.1372,1.1296,1.1363,2334239.0
2026-07-21 12:00:00,1.1364,1.1418,1.1345,1.1418,2776499.4
2026-07-21 13:00:00,1.1417,1.145,1.1384,1.1408,6054463.4
2026-07-21 14:00:00,1.1409,1.1518,1.1398,1.1488,6525589.3
2026-07-21 15:00:00,1.1487,1.1569,1.145,1.1548,4383091.6
2026-07-21 16:00:00,1.1548,1.1583,1.1484,1.1507,4964617.4
2026-07-21 17:00:00,1.1507,1.1618,1.1482,1.1578,7104360.9
2026-07-21 18:00:00,1.1578,1.1642,1.153,1.158,4685225.9
2026-07-21 19:00:00,1.1581,1.1646,1.1531,1.157,3548613.7
2026-07-21 20:00:00,1.1571,1.1577,1.1486,1.1489,2438030.4
2026-07-21 21:00:00,1.1489,1.1489,1.1453,1.1468,2429483.2
2026-07-21 22:00:00,1.1468,1.1469,1.1397,1.1421,3925332.5
2026-07-21 23:00:00,1.1422,1.1438,1.1383,1.1436,1896743.4
2026-07-22 00:00:00,1.1437,1.1478,1.1422,1.1458,3176971.6
2026-07-22 01:00:00,1.1458,1.1463,1.1422,1.1442,1218700.0
2026-07-22 02:00:00,1.1443,1.1462,1.1407,1.1412,1453391.5
2026-07-22 03:00:00,1.1412,1.1417,1.1384,1.1391,1589996.7
2026-07-22 04:00:00,1.139,1.1423,1.1385,1.142,1249889.9
2026-07-22 05:00:00,1.142,1.1423,1.1332,1.1335,1972787.3
2026-07-22 06:00:00,1.1334,1.1343,1.1295,1.1321,1858891.8
2026-07-22 07:00:00,1.1322,1.1339,1.1288,1.1309,1585586.5
2026-07-22 08:00:00,1.1309,1.136,1.1308,1.1348,2205516.7
2026-07-22 09:00:00,1.1347,1.1366,1.1325,1.135,1915841.6
2026-07-22 10:00:00,1.1351,1.1397,1.1343,1.1389,1712931.7
2026-07-22 11:00:00,1.1389,1.1405,1.1371,1.1387,2459525.9
2026-07-22 12:00:00,1.1387,1.1388,1.1334,1.1368,3211982.5
2026-07-22 13:00:00,1.1368,1.1439,1.1354,1.1428,3067948.5
2026-07-22 14:00:00,1.1428,1.1497,1.1362,1.1422,4495026.2
2026-07-22 15:00:00,1.1423,1.156,1.1423,1.1513,4279351.8
2026-07-22 16:00:00,1.1514,1.1574,1.1467,1.1534,3117365.2
2026-07-22 17:00:00,1.1534,1.1538,1.1442,1.1477,2036515.2
2026-07-22 18:00:00,1.1477,1.1486,1.1387,1.1416,1934421.0
2026-07-22 19:00:00,1.1416,1.1427,1.1361,1.1373,1685989.8
2026-07-22 20:00:00,1.1373,1.1393,1.1342,1.1381,1715653.4
2026-07-22 21:00:00,1.1381,1.1426,1.138,1.1426,882622.6
2026-07-22 22:00:00,1.1426,1.143,1.1388,1.1425,1175707.4
2026-07-22 23:00:00,1.1426,1.143,1.1362,1.1421,1078786.4
2026-07-23 00:00:00,1.1422,1.1452,1.1401,1.1411,1061941.5
2026-07-23 01:00:00,1.141,1.1429,1.138,1.1397,1049323.0
2026-07-23 02:00:00,1.1396,1.1396,1.134,1.1382,1607680.9
2026-07-23 03:00:00,1.1382,1.1384,1.1334,1.1338,1151571.0
2026-07-23 04:00:00,1.1337,1.1377,1.1325,1.1361,1125115.0
2026-07-23 05:00:00,1.1361,1.1379,1.1334,1.1345,957952.9
2026-07-23 06:00:00,1.1345,1.1371,1.1334,1.1368,834047.8
2026-07-23 07:00:00,1.1368,1.1369,1.1296,1.1338,1777556.8
2026-07-23 08:00:00,1.1337,1.1368,1.1326,1.1359,930768.3
2026-07-23 09:00:00,1.1358,1.1373,1.1328,1.1329,1133921.0
2026-07-23 10:00:00,1.1329,1.1366,1.1316,1.1349,995575.0
2026-07-23 11:00:00,1.135,1.1363,1.1315,1.1324,1259398.1
2026-07-23 12:00:00,1.1324,1.1338,1.1193,1.122,4873980.2
2026-07-23 13:00:00,1.122,1.122,1.1111,1.1116,8362886.1
2026-07-23 14:00:00,1.1116,1.116,1.1085,1.11,4515585.2
2026-07-23 15:00:00,1.1101,1.1145,1.1038,1.1128,4579586.1
2026-07-23 16:00:00,1.1128,1.1128,1.1076,1.1086,1999695.0
2026-07-23 17:00:00,1.1085,1.1104,1.1006,1.1032,3777569.9
2026-07-23 18:00:00,1.1032,1.1066,1.1026,1.1054,1934860.0
2026-07-23 19:00:00,1.1055,1.1071,1.1025,1.1046,1961845.7
2026-07-23 20:00:00,1.1045,1.1131,1.1045,1.113,2306660.0
2026-07-23 21:00:00,1.113,1.1145,1.1093,1.1104,1726863.8
2026-07-23 22:00:00,1.1105,1.1134,1.1078,1.1124,837695.6
2026-07-23 23:00:00,1.1124,1.1129,1.1067,1.1077,1515077.1
2026-07-24 00:00:00,1.1078,1.1086,1.1038,1.1075,1660440.9
2026-07-24 01:00:00,1.1076,1.1108,1.1069,1.1093,1336225.5
2026-07-24 02:00:00,1.1094,1.11,1.1048,1.1065,903797.7
2026-07-24 03:00:00,1.1065,1.1124,1.1057,1.1113,1175493.3
2026-07-24 04:00:00,1.1113,1.1116,1.1062,1.1071,705323.2
2026-07-24 05:00:00,1.1071,1.1106,1.1061,1.1101,700200.3
2026-07-24 06:00:00,1.1101,1.115,1.1098,1.1137,1152766.3
2026-07-24 07:00:00,1.1138,1.1215,1.1107,1.1139,3029244.2
2026-07-24 08:00:00,1.114,1.1148,1.1115,1.1118,1074657.6
2026-07-24 09:00:00,1.1118,1.1123,1.108,1.1085,1959418.3
2026-07-24 10:00:00,1.1085,1.1088,1.1048,1.1072,2514502.5
2026-07-24 11:00:00,1.1072,1.1074,1.1017,1.104,3356885.8
2026-07-24 12:00:00,1.1039,1.1053,1.0999,1.0999,3691481.6
2026-07-24 13:00:00,1.0998,1.1003,1.0888,1.0928,6709235.5
2026-07-24 14:00:00,1.0929,1.0936,1.0868,1.093,4591348.0
2026-07-24 15:00:00,1.0929,1.0945,1.0885,1.0911,3266025.9
2026-07-24 16:00:00,1.0912,1.0921,1.0854,1.0868,3504690.6
2026-07-24 17:00:00,1.0867,1.0908,1.0855,1.0891,2129282.0
2026-07-24 18:00:00,1.089,1.0891,1.085,1.0873,1340317.0
2026-07-24 19:00:00,1.0874,1.091,1.0853,1.0894,2051487.3
2026-07-24 20:00:00,1.0894,1.0922,1.0891,1.0909,836888.3
2026-07-24 21:00:00,1.0909,1.0916,1.0886,1.089,1004186.9
2026-07-24 22:00:00,1.0889,1.0928,1.0885,1.0919,897632.2
2026-07-24 23:00:00,1.0919,1.0935,1.0908,1.0919,957827.6
2026-07-25 00:00:00,1.0919,1.0965,1.0914,1.0937,2265724.1
2026-07-25 01:00:00,1.0938,1.0951,1.0925,1.0937,806187.8
2026-07-25 02:00:00,1.0936,1.0949,1.0915,1.0937,1265363.4
2026-07-25 03:00:00,1.0937,1.0943,1.0909,1.0916,1232605.7
2026-07-25 04:00:00,1.0915,1.0944,1.0911,1.0934,725650.4
2026-07-25 05:00:00,1.0935,1.094,1.0902,1.0914,745424.5
2026-07-25 06:00:00,1.0913,1.0924,1.0858,1.0897,2165198.1
2026-07-25 07:00:00,1.0897,1.0898,1.0871,1.088,849936.4
2026-07-25 08:00:00,1.088,1.0889,1.0855,1.0868,1758384.6
2026-07-25 09:00:00,1.0869,1.0898,1.0862,1.0886,721992.4
2026-07-25 10:00:00,1.0887,1.0909,1.0887,1.0909,547734.8
2026-07-25 11:00:00,1.0909,1.0917,1.0892,1.09,703194.0
2026-07-25 12:00:00,1.09,1.0912,1.0892,1.0911,781562.8
2026-07-25 13:00:00,1.0912,1.0935,1.0909,1.0915,1504399.3
2026-07-25 14:00:00,1.0914,1.0939,1.0905,1.0936,1159503.7
2026-07-25 15:00:00,1.0936,1.1006,1.0935,1.0985,2210700.4
2026-07-25 16:00:00,1.0986,1.1035,1.0973,1.1029,1384959.3
2026-07-25 17:00:00,1.103,1.108,1.1013,1.1035,1569242.1
2026-07-25 18:00:00,1.1036,1.1061,1.1018,1.103,693241.8
2026-07-25 19:00:00,1.1031,1.1034,1.0991,1.1007,1215983.7
2026-07-25 20:00:00,1.1006,1.1011,1.0982,1.0984,599608.6
2026-07-25 21:00:00,1.0984,1.1008,1.0973,1.0994,968361.3
2026-07-25 22:00:00,1.0994,1.1012,1.0985,1.1005,1011838.7
2026-07-25 23:00:00,1.1005,1.1011,1.0976,1.0977,690764.8
2026-07-26 00:00:00,1.0977,1.1004,1.0971,1.0999,799775.6
2026-07-26 01:00:00,1.0999,1.1008,1.099,1.0999,615828.0
2026-07-26 02:00:00,1.0999,1.1011,1.0986,1.1006,589817.1
2026-07-26 03:00:00,1.1006,1.1023,1.0995,1.1016,629488.2
2026-07-26 04:00:00,1.1016,1.1045,1.0994,1.102,984824.9
2026-07-26 05:00:00,1.102,1.102,1.0989,1.0994,866250.6
2026-07-26 06:00:00,1.0994,1.1007,1.0955,1.1003,993658.0
2026-07-26 07:00:00,1.1004,1.1011,1.098,1.0989,798286.2
2026-07-26 08:00:00,1.0988,1.0998,1.0985,1.0997,663062.0
2026-07-26 09:00:00,1.0997,1.1013,1.0991,1.0998,553382.4
2026-07-26 10:00:00,1.0999,1.1016,1.099,1.1007,798391.4
2026-07-26 11:00:00,1.1007,1.1012,1.1,1.1005,526856.6
2026-07-26 12:00:00,1.1004,1.1029,1.0985,1.0987,1281421.5
2026-07-26 13:00:00,1.0987,1.0988,1.0962,1.0977,1091648.3
2026-07-26 14:00:00,1.0977,1.1016,1.0961,1.0998,1603112.2
2026-07-26 15:00:00,1.0999,1.1053,1.0992,1.1047,1286432.8
2026-07-26 16:00:00,1.1047,1.1069,1.1019,1.1031,1064579.9
2026-07-26 17:00:00,1.1031,1.1033,1.101,1.102,709525.4
2026-07-26 18:00:00,1.1021,1.1032,1.1008,1.103,838027.6
2026-07-26 19:00:00,1.1031,1.1033,1.1014,1.1023,329920.9
2026-07-26 20:00:00,1.1024,1.1026,1.1008,1.1009,248795.8
2026-07-26 21:00:00,1.1009,1.1057,1.1001,1.1039,734997.3
2026-07-26 22:00:00,1.104,1.114,1.104,1.1126,4162638.7
2026-07-26 23:00:00,1.1126,1.1167,1.1102,1.1131,2166528.1
2026-07-27 00:00:00,1.1131,1.1134,1.107,1.1088,1802988.6
2026-07-27 01:00:00,1.1088,1.1103,1.1025,1.1079,1272648.5
2026-07-27 02:00:00,1.108,1.1088,1.1051,1.1057,882099.0
2026-07-27 03:00:00,1.1057,1.1082,1.1041,1.1074,1167971.8
2026-07-27 04:00:00,1.1074,1.1099,1.1057,1.1064,1231776.8
2026-07-27 05:00:00,1.1065,1.1107,1.1061,1.1104,1234579.1
2026-07-27 06:00:00,1.1103,1.1153,1.11,1.111,1931938.8
2026-07-27 07:00:00,1.1109,1.1117,1.1066,1.1077,1389636.5
2026-07-27 08:00:00,1.1077,1.1081,1.1055,1.1066,1339573.0
2026-07-27 09:00:00,1.1065,1.1092,1.1039,1.108,1733593.6
2026-07-27 10:00:00,1.108,1.1095,1.1068,1.1078,1436231.8
2026-07-27 11:00:00,1.1079,1.11,1.1041,1.1053,1594815.8
2026-07-27 12:00:00,1.1052,1.1072,1.0992,1.105,2280406.7
2026-07-27 13:00:00,1.105,1.1141,1.1024,1.1076,3505039.8
2026-07-27 14:00:00,1.1076,1.1083,1.0856,1.0907,6833655.6
2026-07-27 15:00:00,1.0906,1.0919,1.0862,1.0865,3020997.6
2026-07-27 16:00:00,1.0865,1.0956,1.0858,1.0936,2645193.7
2026-07-27 17:00:00,1.0936,1.096,1.0861,1.094,3006940.1
2026-07-27 18:00:00,1.094,1.0949,1.0867,1.0902,2772641.0
2026-07-27 19:00:00,1.0902,1.0955,1.0885,1.0924,2375361.7
2026-07-27 20:00:00,1.0924,1.0939,1.0891,1.0912,993070.0
2026-07-27 21:00:00,1.0912,1.0919,1.0864,1.0869,1427285.1
2026-07-27 22:00:00,1.0868,1.0869,1.0662,1.067,9072856.9
2026-07-27 23:00:00,1.067,1.0688,1.0628,1.0661,5259081.9
2026-07-28 00:00:00,1.0661,1.0664,1.0584,1.0592,2668119.4
2026-07-28 01:00:00,1.0592,1.0624,1.0548,1.0579,3557090.6
2026-07-28 02:00:00,1.0578,1.0598,1.0558,1.0576,2427973.0
2026-07-28 03:00:00,1.0575,1.0604,1.057,1.0585,1513645.0
2026-07-28 04:00:00,1.0585,1.0586,1.0558,1.0566,1840228.7
2026-07-28 05:00:00,1.0566,1.061,1.0565,1.058,1653795.2
2026-07-28 06:00:00,1.058,1.0607,1.056,1.06,1829184.7
2026-07-28 07:00:00,1.0601,1.0605,1.0545,1.0562,1954750.6
2026-07-28 08:00:00,1.0561,1.0576,1.0545,1.0566,1816643.4
2026-07-28 09:00:00,1.0567,1.0602,1.0554,1.0566,1570722.4
2026-07-28 10:00:00,1.0566,1.0577,1.0535,1.0556,2489704.4
2026-07-28 11:00:00,1.0556,1.0559,1.0486,1.0494,5262314.4
2026-07-28 12:00:00,1.0493,1.0546,1.0486,1.0542,3159926.6
2026-07-28 13:00:00,1.0542,1.0559,1.045,1.0508,5168620.2
2026-07-28 14:00:00,1.0507,1.0557,1.0465,1.0542,2639181.4
2026-07-28 15:00:00,1.0542,1.0679,1.0521,1.0652,4620198.5
2026-07-28 16:00:00,1.0653,1.0666,1.062,1.064,1176934.5
2026-07-28 17:00:00,1.0639,1.064,1.0554,1.0581,2246218.4
2026-07-28 18:00:00,1.0582,1.0606,1.0556,1.058,1061623.5
2026-07-28 19:00:00,1.058,1.0633,1.0573,1.0612,1719839.4
2026-07-28 20:00:00,1.0613,1.0639,1.0602,1.0637,1849758.5
2026-07-28 21:00:00,1.0638,1.0697,1.0637,1.069,1713436.5
2026-07-28 22:00:00,1.0691,1.0706,1.063,1.0634,1556023.6
2026-07-28 23:00:00,1.0633,1.0699,1.0592,1.069,2867577.6
2026-07-29 00:00:00,1.0691,1.0805,1.0691,1.0794,6207871.5
2026-07-29 01:00:00,1.0794,1.0811,1.0716,1.0719,3698972.4
2026-07-29 02:00:00,1.0719,1.0825,1.0701,1.0794,4527928.1
2026-07-29 03:00:00,1.0794,1.081,1.0709,1.0714,4869958.3
2026-07-29 04:00:00,1.0714,1.081,1.068,1.0806,5593445.7
2026-07-29 05:00:00,1.0805,1.0911,1.0805,1.0858,4866314.4
2026-07-29 06:00:00,1.0859,1.0899,1.0829,1.0877,1917237.1
2026-07-29 07:00:00,1.0878,1.0905,1.0866,1.0903,2236506.8
2026-07-29 08:00:00,1.0903,1.0914,1.085,1.0871,2923387.2
2026-07-29 09:00:00,1.0872,1.0937,1.0871,1.0885,2113453.4
2026-07-29 10:00:00,1.0885,1.09,1.0862,1.0873,2460149.1
2026-07-29 11:00:00,1.0873,1.089,1.084,1.0841,2592129.7
2026-07-29 12:00:00,1.0841,1.0843,1.0752,1.078,3247201.2
2026-07-29 13:00:00,1.0781,1.0785,1.0709,1.0756,3628563.6
2026-07-29 14:00:00,1.0756,1.0765,1.0695,1.0724,2282660.4
2026-07-29 15:00:00,1.0724,1.0737,1.0669,1.0683,2609204.8
2026-07-29 16:00:00,1.0683,1.0725,1.0662,1.0698,2892461.0
2026-07-29 17:00:00,1.0699,1.0807,1.0699,1.0805,1964409.2
2026-07-29 18:00:00,1.0805,1.0912,1.0762,1.0869,7953637.5
2026-07-29 19:00:00,1.087,1.0898,1.0678,1.0696,4811803.6
2026-07-29 20:00:00,1.0696,1.0708,1.0622,1.066,3529254.3
2026-07-29 21:00:00,1.0661,1.0788,1.0639,1.0747,3404484.7
2026-07-29 22:00:00,1.0748,1.0795,1.0735,1.0742,2052974.1
2026-07-29 23:00:00,1.0742,1.0754,1.0708,1.0737,1536508.7
2026-07-30 00:00:00,1.0737,1.0771,1.0685,1.0704,2508849.4
2026-07-30 01:00:00,1.0705,1.0811,1.07,1.0783,3569549.0
2026-07-30 02:00:00,1.0783,1.0805,1.0753,1.0755,1690987.3
2026-07-30 03:00:00,1.0755,1.0781,1.0745,1.0753,1308288.6
2026-07-30 04:00:00,1.0753,1.0764,1.0729,1.0742,893569.4
2026-07-30 05:00:00,1.0742,1.078,1.0724,1.0764,1034610.2
2026-07-30 06:00:00,1.0764,1.0777,1.0722,1.0737,1249307.4
2026-07-30 07:00:00,1.0737,1.08,1.0736,1.0769,2850417.0
2026-07-30 08:00:00,1.0769,1.0807,1.0751,1.0784,1295184.5
2026-07-30 09:00:00,1.0785,1.0831,1.0784,1.081,1626501.0
2026-07-30 10:00:00,1.081,1.0827,1.078,1.079,1812822.9
2026-07-30 11:00:00,1.0791,1.085,1.0785,1.0838,2091412.8
2026-07-30 12:00:00,1.0839,1.0859,1.0816,1.0834,3473662.4
2026-07-30 13:00:00,1.0835,1.089,1.0795,1.0854,4404679.8
2026-07-30 14:00:00,1.0855,1.0906,1.0816,1.0873,3759307.7
2026-07-30 15:00:00,1.0874,1.095,1.0856,1.0922,3765267.0
2026-07-30 16:00:00,1.0923,1.094,1.0885,1.09,2655707.0
2026-07-30 17:00:00,1.09,1.093,1.0872,1.0911,1916002.7
2026-07-30 18:00:00,1.0911,1.0925,1.0848,1.0854,1463075.8
2026-07-30 19:00:00,1.0854,1.091,1.0848,1.0898,2165173.2
2026-07-30 20:00:00,1.0898,1.0922,1.0852,1.0854,2039058.2
2026-07-30 21:00:00,1.0853,1.087,1.084,1.0845,836440.5
2026-07-30 22:00:00,1.0844,1.0891,1.0836,1.0859,1026940.9
2026-07-30 23:00:00,1.0859,1.0898,1.0824,1.0829,1728820.6
2026-07-31 00:00:00,1.083,1.0853,1.0809,1.0819,1464823.6
2026-07-31 01:00:00,1.082,1.09,1.0792,1.0808,3026957.1
2026-07-31 02:00:00,1.0808,1.0826,1.079,1.0807,1113805.2
2026-07-31 03:00:00,1.0808,1.083,1.0782,1.0817,1489100.5
2026-07-31 04:00:00,1.0817,1.0829,1.0809,1.0817,1350080.1
2026-07-31 05:00:00,1.0817,1.0833,1.0791,1.0803,1208704.4
2026-07-31 06:00:00,1.0804,1.0843,1.0794,1.0803,1378550.9
2026-07-31 07:00:00,1.0803,1.0803,1.074,1.0797,2028050.8
2026-07-31 08:00:00,1.0796,1.0803,1.0756,1.0774,1442539.9
2026-07-31 09:00:00,1.0774,1.0777,1.0711,1.0719,1828372.7
2026-07-31 10:00:00,1.0719,1.0751,1.0709,1.0737,2100912.9
2026-07-31 11:00:00,1.0737,1.0758,1.0711,1.0724,1853519.7
2026-07-31 12:00:00,1.0725,1.0729,1.07,1.0721,2369521.7
2026-07-31 13:00:00,1.0721,1.0742,1.0658,1.0662,3473328.5
2026-07-31 14:00:00,1.0661,1.0678,1.0571,1.0632,9308703.2
2026-07-31 15:00:00,1.0632,1.0653,1.0584,1.0606,4109300.8
2026-07-31 16:00:00,1.0606,1.064,1.0601,1.0637,3307949.5
2026-07-31 17:00:00,1.0636,1.0712,1.0634,1.0697,2877970.3
2026-07-31 18:00:00,1.0697,1.0706,1.0636,1.0653,1482923.1
2026-07-31 19:00:00,1.0653,1.0664,1.061,1.0618,1956398.2
2026-07-31 20:00:00,1.0618,1.0651,1.0616,1.0621,1381855.5
2026-07-31 21:00:00,1.0621,1.0653,1.0594,1.0609,1659909.3
2026-07-31 22:00:00,1.0609,1.0644,1.0597,1.062,1018420.6
2026-07-31 23:00:00,1.0621,1.0638,1.061,1.0619,916987.7
2026-08-01 00:00:00,1.0619,1.0639,1.0619,1.0631,800367.0
2026-08-01 01:00:00,1.063,1.0654,1.063,1.0651,879461.6
2026-08-01 02:00:00,1.0651,1.0668,1.065,1.0658,573863.1
2026-08-01 03:00:00,1.0658,1.0666,1.0645,1.066,604795.5
2026-08-01 04:00:00,1.0661,1.0674,1.0655,1.067,404710.8
2026-08-01 05:00:00,1.067,1.067,1.0627,1.0641,748233.9
2026-08-01 06:00:00,1.0641,1.0653,1.0632,1.0641,734109.0
2026-08-01 07:00:00,1.0641,1.0642,1.0615,1.062,2151497.9
2026-08-01 08:00:00,1.062,1.0629,1.0615,1.0626,769523.8
2026-08-01 09:00:00,1.0626,1.0633,1.0612,1.0613,606137.7
2026-08-01 10:00:00,1.0613,1.0639,1.06,1.0626,1015143.4
2026-08-01 11:00:00,1.0627,1.0638,1.0619,1.0638,452551.7
2026-08-01 12:00:00,1.0638,1.0649,1.0634,1.0644,549600.4
2026-08-01 13:00:00,1.0644,1.0649,1.0632,1.0635,671312.0
2026-08-01 14:00:00,1.0635,1.0663,1.0635,1.0662,700600.6
2026-08-01 15:00:00,1.0663,1.0663,1.0629,1.0629,751243.2
2026-08-01 16:00:00,1.0628,1.0646,1.0599,1.0612,1080884.2
2026-08-01 17:00:00,1.0612,1.0621,1.057,1.0593,1410635.4
2026-08-01 18:00:00,1.0592,1.06,1.0473,1.0533,4115872.6
2026-08-01 19:00:00,1.0533,1.0545,1.0515,1.0525,981343.6
2026-08-01 20:00:00,1.0525,1.0564,1.0517,1.0555,1599347.4
2026-08-01 21:00:00,1.0556,1.061,1.0555,1.0606,1944337.5
2026-08-01 22:00:00,1.0606,1.0622,1.0597,1.0607,499493.8
2026-08-01 23:00:00,1.0608,1.062,1.0595,1.0604,876549.1
2026-08-02 00:00:00,1.0605,1.0627,1.0605,1.0625,969419.7
2026-08-02 01:00:00,1.0625,1.0685,1.0625,1.0663,2049870.7
2026-08-02 02:00:00,1.0664,1.0763,1.0663,1.0763,2122981.7
2026-08-02 03:00:00,1.0764,1.0804,1.075,1.0774,1207858.5
2026-08-02 04:00:00,1.0775,1.084,1.077,1.0819,1652080.5
2026-08-02 05:00:00,1.0819,1.0843,1.0805,1.0831,1879958.8
2026-08-02 06:00:00,1.0831,1.0859,1.0815,1.0826,1514576.4
2026-08-02 07:00:00,1.0826,1.0853,1.082,1.0836,1614374.4
2026-08-02 08:00:00,1.0837,1.0846,1.0787,1.0799,2503890.1
2026-08-02 09:00:00,1.0799,1.0838,1.0765,1.0828,2282977.5
2026-08-02 10:00:00,1.0828,1.0828,1.0794,1.0809,952791.5
2026-08-02 11:00:00,1.0809,1.0826,1.0783,1.0794,1484544.8
2026-08-02 12:00:00,1.0795,1.0818,1.0773,1.0775,1635826.8
2026-08-02 13:00:00,1.0774,1.0814,1.0773,1.0808,1188906.1
2026-08-02 14:00:00,1.0809,1.0832,1.0798,1.0817,836764.2
2026-08-02 15:00:00,1.0817,1.0828,1.0798,1.0801,674677.4
2026-08-02 16:00:00,1.0802,1.0819,1.0776,1.0808,763643.6
2026-08-02 17:00:00,1.0809,1.0832,1.0802,1.0821,511199.6
2026-08-02 18:00:00,1.082,1.087,1.0808,1.0814,1567309.2
2026-08-02 19:00:00,1.0813,1.0827,1.08,1.082,831650.0
2026-08-02 20:00:00,1.082,1.0823,1.0802,1.0814,465368.2
2026-08-02 21:00:00,1.0815,1.09,1.0814,1.0868,1756593.2
2026-08-02 22:00:00,1.0868,1.0933,1.0855,1.0855,1872651.5
2026-08-02 23:00:00,1.0854,1.087,1.0826,1.0869,1203241.4
2026-08-03 00:00:00,1.0869,1.0878,1.0802,1.0811,1570287.1
2026-08-03 01:00:00,1.081,1.0815,1.0747,1.0755,1718459.5
2026-08-03 02:00:00,1.0755,1.0772,1.0731,1.0741,1536851.2
2026-08-03 03:00:00,1.074,1.0743,1.0684,1.0713,1569374.9
2026-08-03 04:00:00,1.0712,1.0736,1.0701,1.0702,1148809.8
2026-08-03 05:00:00,1.0703,1.0729,1.0701,1.0723,1376517.8
2026-08-03 06:00:00,1.0724,1.0731,1.0681,1.0683,1885377.6
2026-08-03 07:00:00,1.0683,1.0699,1.0663,1.0682,2420745.6
2026-08-03 08:00:00,1.0682,1.0688,1.0628,1.0676,2128814.4
2026-08-03 09:00:00,1.0675,1.0722,1.0666,1.0716,1351943.4
2026-08-03 10:00:00,1.0715,1.0724,1.0683,1.0702,1656965.1
2026-08-03 11:00:00,1.0703,1.0705,1.0637,1.0644,5246874.2
2026-08-03 12:00:00,1.0645,1.0665,1.0642,1.0661,1611484.9
2026-08-03 13:00:00,1.066,1.0765,1.0654,1.0761,2909573.3
2026-08-03 14:00:00,1.076,1.0836,1.0728,1.083,4610599.5
2026-08-03 15:00:00,1.0829,1.0873,1.0783,1.0839,2900986.4
2026-08-03 16:00:00,1.0839,1.0852,1.0791,1.0819,1783647.5
2026-08-03 17:00:00,1.082,1.085,1.08,1.0813,2084795.9
2026-08-03 18:00:00,1.0812,1.0843,1.0807,1.082,1141773.6
2026-08-03 19:00:00,1.0821,1.0832,1.0791,1.0801,894421.2
2026-08-03 20:00:00,1.0802,1.084,1.0791,1.0839,823608.6
2026-08-03 21:00:00,1.0839,1.0842,1.08,1.0802,1111884.5
2026-08-03 22:00:00,1.0802,1.0803,1.0743,1.076,2128335.5
2026-08-03 23:00:00,1.0759,1.076,1.0732,1.0758,1249762.3
2026-08-04 00:00:00,1.0758,1.0765,1.07,1.0705,1819649.5
2026-08-04 01:00:00,1.0706,1.0793,1.07,1.0783,2395926.5
2026-08-04 02:00:00,1.0784,1.0809,1.075,1.0779,1469562.1
2026-08-04 03:00:00,1.0779,1.0788,1.0743,1.0774,1318293.3
2026-08-04 04:00:00,1.0774,1.082,1.0762,1.0792,1947879.8
2026-08-04 05:00:00,1.0792,1.08,1.0762,1.0763,776610.9
2026-08-04 06:00:00,1.0764,1.0773,1.0728,1.0739,1339459.8
2026-08-04 07:00:00,1.0738,1.0796,1.0718,1.0788,1406941.0
2026-08-04 08:00:00,1.0788,1.0797,1.074,1.0749,947259.5
2026-08-04 09:00:00,1.075,1.075,1.0724,1.0729,1073933.7
2026-08-04 10:00:00,1.073,1.0772,1.0703,1.0752,2091257.5
2026-08-04 11:00:00,1.0752,1.0793,1.074,1.0793,1777598.4
2026-08-04 12:00:00,1.0792,1.0792,1.0755,1.0765,1817468.4
2026-08-04 13:00:00,1.0765,1.0789,1.0716,1.0721,3216673.5
2026-08-04 14:00:00,1.0722,1.0771,1.071,1.0762,2500864.6
2026-08-04 15:00:00,1.0762,1.0805,1.0723,1.0775,2039456.8
2026-08-04 16:00:00,1.0774,1.0776,1.0734,1.0744,1380115.7
2026-08-04 17:00:00,1.0744,1.0783,1.0727,1.0738,1574485.5
2026-08-04 18:00:00,1.0738,1.0799,1.0738,1.077,1451537.3
2026-08-04 19:00:00,1.077,1.0828,1.0762,1.0802,2397008.7
2026-08-04 20:00:00,1.0801,1.0803,1.0744,1.078,1673114.6
2026-08-04 21:00:00,1.0781,1.0784,1.076,1.0764,767344.5
2026-08-04 22:00:00,1.0764,1.0774,1.0744,1.0761,820859.7
2026-08-04 23:00:00,1.0762,1.079,1.0735,1.0739,1739480.7
2026-08-05 00:00:00,1.0738,1.0743,1.0692,1.0703,2487513.6
2026-08-05 01:00:00,1.0702,1.0736,1.0684,1.0732,2019550.3
2026-08-05 02:00:00,1.0733,1.077,1.0728,1.0741,2028430.5
2026-08-05 03:00:00,1.0742,1.075,1.066,1.0677,2953021.7
2026-08-05 04:00:00,1.0677,1.068,1.0664,1.0673,1380429.5
2026-08-05 05:00:00,1.0672,1.073,1.0669,1.0697,922286.1
2026-08-05 06:00:00,1.0697,1.0709,1.0684,1.0689,1104234.3
2026-08-05 07:00:00,1.0689,1.0692,1.0641,1.0673,1690210.0
2026-08-05 08:00:00,1.0673,1.068,1.0653,1.0658,1172717.1
2026-08-05 09:00:00,1.0657,1.067,1.0647,1.0648,1432364.7
2026-08-05 10:00:00,1.0647,1.0648,1.0612,1.0617,3176034.9
2026-08-05 11:00:00,1.0617,1.0627,1.0603,1.061,2407947.5
2026-08-05 12:00:00,1.061,1.0688,1.0608,1.0637,3175673.6
2026-08-05 13:00:00,1.0638,1.0641,1.055,1.0619,5343515.6
2026-08-05 14:00:00,1.0618,1.0657,1.0597,1.0653,3665216.4
2026-08-05 15:00:00,1.0653,1.0674,1.0605,1.0607,2868864.9
2026-08-05 16:00:00,1.0608,1.0694,1.0607,1.0673,2734537.4
2026-08-05 17:00:00,1.0674,1.0719,1.0668,1.0705,2467605.0
2026-08-05 18:00:00,1.0705,1.0733,1.0687,1.0695,1948461.1
2026-08-05 19:00:00,1.0694,1.0721,1.0685,1.07,2015407.2
2026-08-05 20:00:00,1.07,1.0727,1.0677,1.0697,1379671.2
2026-08-05 21:00:00,1.0698,1.0698,1.0642,1.0651,1670360.0
2026-08-05 22:00:00,1.0652,1.0657,1.0623,1.0623,1482289.3
2026-08-05 23:00:00,1.0623,1.0635,1.0607,1.0623,1793647.8
2026-08-06 00:00:00,1.0623,1.0638,1.0613,1.0627,860650.1
2026-08-06 01:00:00,1.0628,1.0628,1.0533,1.054,3692229.5
2026-08-06 02:00:00,1.0539,1.0549,1.0416,1.0472,10213147.4
2026-08-06 03:00:00,1.0473,1.0479,1.0415,1.0435,3474099.5
2026-08-06 04:00:00,1.0434,1.0485,1.04,1.048,4142841.0
2026-08-06 05:00:00,1.048,1.0524,1.048,1.0523,4117443.5
2026-08-06 06:00:00,1.0524,1.0524,1.0498,1.0517,1981762.8
2026-08-06 07:00:00,1.0518,1.052,1.0483,1.0493,2321619.1
2026-08-06 08:00:00,1.0492,1.0584,1.0483,1.0559,3991612.6
2026-08-06 09:00:00,1.056,1.0569,1.0418,1.0452,5401253.2
2026-08-06 10:00:00,1.0452,1.0476,1.0425,1.0476,1698640.9
2026-08-06 11:00:00,1.0477,1.0516,1.0457,1.0504,1476572.6
2026-08-06 12:00:00,1.0504,1.0505,1.046,1.0467,1780491.3
2026-08-06 13:00:00,1.0467,1.0475,1.0426,1.0458,2442768.6
2026-08-06 14:00:00,1.0458,1.0483,1.0425,1.0479,4225715.5
2026-08-06 15:00:00,1.0478,1.0543,1.0475,1.0492,2549477.5
2026-08-06 16:00:00,1.0493,1.0509,1.0432,1.0461,3352905.8
2026-08-06 17:00:00,1.0461,1.0493,1.0405,1.0417,2727734.2
2026-08-06 18:00:00,1.0417,1.0431,1.0343,1.036,5412418.5
2026-08-06 19:00:00,1.036,1.0391,1.0327,1.0352,4052031.4
2026-08-06 20:00:00,1.0352,1.0376,1.0327,1.0335,2381414.1
2026-08-06 21:00:00,1.0335,1.0367,1.033,1.0362,2382398.4
2026-08-06 22:00:00,1.0362,1.0376,1.035,1.0373,1452850.3
2026-08-06 23:00:00,1.0372,1.0373,1.03,1.0351,2448484.3
2026-08-07 00:00:00,1.035,1.0369,1.0314,1.0364,1875811.2
2026-08-07 01:00:00,1.0365,1.0394,1.0355,1.038,1654576.5
2026-08-07 02:00:00,1.0379,1.0381,1.0277,1.0305,4412601.4
2026-08-07 03:00:00,1.0304,1.0313,1.0194,1.021,7596076.8
2026-08-07 04:00:00,1.021,1.0235,1.0179,1.0204,5537404.6
2026-08-07 05:00:00,1.0204,1.0227,1.015,1.0213,6497571.5
2026-08-07 06:00:00,1.0212,1.0289,1.0207,1.0262,2834744.7
2026-08-07 07:00:00,1.0262,1.0297,1.0249,1.0287,2323718.8
2026-08-07 08:00:00,1.0286,1.032,1.0272,1.0313,2145396.0
2026-08-07 09:00:00,1.0312,1.0375,1.0312,1.0361,3827984.7
2026-08-07 10:00:00,1.0361,1.0376,1.0344,1.0347,2842425.7
2026-08-07 11:00:00,1.0347,1.037,1.032,1.0338,2759489.0
2026-08-07 12:00:00,1.0339,1.0432,1.0337,1.038,6489035.8
2026-08-07 13:00:00,1.038,1.0413,1.0356,1.0361,2854569.0
2026-08-07 14:00:00,1.0361,1.0364,1.0257,1.027,5040565.4
2026-08-07 15:00:00,1.0271,1.0304,1.0262,1.0279,2367708.7
2026-08-07 16:00:00,1.0279,1.0306,1.0155,1.0155,5594521.8
2026-08-07 17:00:00,1.0155,1.0189,1.0128,1.0165,5075378.9
2026-08-07 18:00:00,1.0166,1.0218,1.0144,1.0183,2328922.2
2026-08-07 19:00:00,1.0183,1.0256,1.0183,1.0237,2731973.9
2026-08-07 20:00:00,1.0236,1.0267,1.0233,1.0256,1343311.5
2026-08-07 21:00:00,1.0256,1.0278,1.022,1.0233,1732535.5
2026-08-07 22:00:00,1.0232,1.0237,1.0188,1.0206,1291512.0
2026-08-07 23:00:00,1.0206,1.0238,1.0205,1.021,844150.9
2026-08-08 00:00:00,1.021,1.0258,1.0202,1.025,985505.2
2026-08-08 01:00:00,1.025,1.0315,1.0249,1.0301,1146409.9
2026-08-08 02:00:00,1.0301,1.0318,1.0296,1.031,1164890.4
2026-08-08 03:00:00,1.0309,1.0388,1.0308,1.0373,2408632.6
2026-08-08 04:00:00,1.0373,1.0395,1.034,1.0348,2245154.5
2026-08-08 05:00:00,1.0349,1.0358,1.0317,1.0333,1372521.1
2026-08-08 06:00:00,1.0333,1.0359,1.0328,1.0348,1035177.9
2026-08-08 07:00:00,1.0348,1.0351,1.0325,1.0347,1488088.1
2026-08-08 08:00:00,1.0347,1.0361,1.0334,1.0359,1486137.2
2026-08-08 09:00:00,1.036,1.038,1.0353,1.0358,1459166.5
2026-08-08 10:00:00,1.0358,1.0403,1.0355,1.0392,1404603.3
2026-08-08 11:00:00,1.0392,1.0402,1.0367,1.0378,1425529.4
2026-08-08 12:00:00,1.0379,1.0432,1.0371,1.0411,1502002.2
2026-08-08 13:00:00,1.0411,1.0431,1.0403,1.0415,1578427.0
2026-08-08 14:00:00,1.0416,1.0458,1.0416,1.0447,2136269.9
2026-08-08 15:00:00,1.0448,1.0468,1.0423,1.0453,2330589.2
2026-08-08 16:00:00,1.0453,1.0488,1.0453,1.0473,1885162.6
2026-08-08 17:00:00,1.0474,1.0479,1.0454,1.0459,897805.8
2026-08-08 18:00:00,1.0459,1.046,1.0417,1.0422,2042971.5
2026-08-08 19:00:00,1.0422,1.0437,1.0402,1.0426,1075737.0
2026-08-08 20:00:00,1.0425,1.0437,1.0421,1.0425,583156.9
2026-08-08 21:00:00,1.0426,1.0439,1.0423,1.043,883700.7
2026-08-08 22:00:00,1.043,1.0438,1.0387,1.0388,843168.8
2026-08-08 23:00:00,1.0388,1.0398,1.0372,1.0397,871905.9
2026-08-09 00:00:00,1.0396,1.0408,1.0377,1.0397,752406.0
2026-08-09 01:00:00,1.0396,1.0408,1.0355,1.036,1261762.8
2026-08-09 02:00:00,1.036,1.0369,1.0342,1.0352,819979.7
2026-08-09 03:00:00,1.0352,1.0384,1.0342,1.037,787552.8
2026-08-09 04:00:00,1.037,1.0393,1.0369,1.0376,639120.5
2026-08-09 05:00:00,1.0377,1.0384,1.0345,1.0364,685851.7
2026-08-09 06:00:00,1.0365,1.0414,1.0361,1.0411,824258.2
2026-08-09 07:00:00,1.0411,1.0416,1.0363,1.0372,3074493.9
2026-08-09 08:00:00,1.0371,1.0391,1.031,1.0337,2370686.9
2026-08-09 09:00:00,1.0336,1.0358,1.0325,1.0357,831550.2
2026-08-09 10:00:00,1.0356,1.0379,1.0356,1.0369,752888.8
2026-08-09 11:00:00,1.0369,1.0371,1.0353,1.0369,646873.6
2026-08-09 12:00:00,1.0368,1.0377,1.0352,1.037,627246.0
2026-08-09 13:00:00,1.037,1.0407,1.0369,1.0386,848660.3
2026-08-09 14:00:00,1.0385,1.0431,1.0382,1.0424,1118988.9
2026-08-09 15:00:00,1.0425,1.044,1.0414,1.0432,1277240.2
2026-08-09 16:00:00,1.0432,1.0458,1.0419,1.044,1168864.6
2026-08-09 17:00:00,1.044,1.0444,1.0413,1.0413,809948.1
2026-08-09 18:00:00,1.0414,1.0425,1.0392,1.04,1631473.1
2026-08-09 19:00:00,1.04,1.0421,1.0398,1.0419,726901.4
2026-08-09 20:00:00,1.0419,1.0423,1.0396,1.042,722237.7
2026-08-09 21:00:00,1.0421,1.045,1.0412,1.043,1267994.9
2026-08-09 22:00:00,1.043,1.0478,1.0354,1.0373,2567497.8
2026-08-09 23:00:00,1.0372,1.0384,1.0279,1.0299,3570004.4
2026-08-10 00:00:00,1.0299,1.0376,1.0279,1.0312,2437232.2
2026-08-10 01:00:00,1.0313,1.041,1.0283,1.0377,2612737.2
2026-08-10 02:00:00,1.0378,1.0382,1.0286,1.0348,2022813.9
2026-08-10 03:00:00,1.0347,1.0363,1.0284,1.0314,2031453.6
2026-08-10 04:00:00,1.0314,1.0344,1.0293,1.0316,992144.3
2026-08-10 05:00:00,1.0317,1.0365,1.0313,1.0353,1089882.9
2026-08-10 06:00:00,1.0354,1.0386,1.0351,1.0385,995505.0
2026-08-10 07:00:00,1.0386,1.0403,1.0368,1.0374,1439441.6
2026-08-10 08:00:00,1.0374,1.0387,1.0315,1.034,3293250.9
2026-08-10 09:00:00,1.034,1.0348,1.03,1.0305,3170713.3
2026-08-10 10:00:00,1.0305,1.0328,1.03,1.0323,2335169.8
2026-08-10 11:00:00,1.0323,1.0345,1.0311,1.0345,1345453.9
2026-08-10 12:00:00,1.0345,1.0357,1.0281,1.0289,2556782.3
2026-08-10 13:00:00,1.0289,1.0296,1.0234,1.0259,4464556.4
2026-08-10 14:00:00,1.0259,1.0323,1.0258,1.027,2924933.2
2026-08-10 15:00:00,1.0269,1.0272,1.0211,1.0232,3822140.3
2026-08-10 16:00:00,1.0232,1.0254,1.0168,1.0187,6987766.0
2026-08-10 17:00:00,1.0187,1.0223,1.0177,1.0199,1875072.3
2026-08-10 18:00:00,1.02,1.0209,1.016,1.0178,1434848.5
2026-08-10 19:00:00,1.0178,1.0237,1.0174,1.0205,1406265.2
2026-08-10 20:00:00,1.0206,1.0213,1.0192,1.0197,1215721.8
2026-08-10 21:00:00,1.0197,1.0219,1.0165,1.0172,1382971.0
2026-08-10 22:00:00,1.0173,1.0177,1.0051,1.0119,7778174.8
2026-08-10 23:00:00,1.0118,1.0137,1.0106,1.0123,2422119.1
2026-08-11 00:00:00,1.0123,1.0137,1.0101,1.0132,3031816.9
2026-08-11 01:00:00,1.0131,1.0164,1.0113,1.0159,2086811.7
2026-08-11 02:00:00,1.0158,1.0168,1.0132,1.0134,1083470.6
2026-08-11 03:00:00,1.0134,1.0151,1.0131,1.0147,1458694.4
2026-08-11 04:00:00,1.0147,1.0155,1.0131,1.0131,796849.9
2026-08-11 05:00:00,1.0131,1.0139,1.01,1.01,1621361.0
2026-08-11 06:00:00,1.0101,1.0119,1.0021,1.0063,4951982.5
2026-08-11 07:00:00,1.0064,1.0074,1.0031,1.0048,3292765.5
2026-08-11 08:00:00,1.0049,1.0066,1.0025,1.006,2145616.1
2026-08-11 09:00:00,1.006,1.0077,1.0046,1.0072,1737895.9
2026-08-11 10:00:00,1.0071,1.0072,1.0017,1.0056,2325826.5
2026-08-11 11:00:00,1.0057,1.0101,1.0056,1.0081,2706410.5
2026-08-11 12:00:00,1.0082,1.0095,1.0042,1.0044,2194870.2
2026-08-11 13:00:00,1.0044,1.0101,1.0032,1.0088,2930732.3
2026-08-11 14:00:00,1.0087,1.0112,0.9915,0.9945,11923285.3
2026-08-11 15:00:00,0.9945,1.0082,0.9938,1.0039,8558174.1
2026-08-11 16:00:00,1.0039,1.0109,1.0023,1.0097,3931058.2
2026-08-11 17:00:00,1.0097,1.0163,1.0093,1.0144,4886053.5
2026-08-11 18:00:00,1.0144,1.0193,1.0083,1.013,3256549.3
2026-08-11 19:00:00,1.0129,1.0161,1.0093,1.0154,2964831.1
2026-08-11 20:00:00,1.0154,1.0246,1.0154,1.0176,4314436.0
2026-08-11 21:00:00,1.0175,1.0267,1.0174,1.0243,3919480.8
2026-08-11 22:00:00,1.0244,1.0259,1.0203,1.0213,1531217.3
2026-08-11 23:00:00,1.0213,1.0236,1.0187,1.0229,2235324.5
2026-08-12 00:00:00,1.0228,1.0233,1.0212,1.0223,1953870.8
2026-08-12 01:00:00,1.0223,1.0248,1.0223,1.0229,2208524.1
2026-08-12 02:00:00,1.023,1.0253,1.0195,1.0211,2661651.7
2026-08-12 03:00:00,1.0212,1.0219,1.0194,1.0202,1351606.4
2026-08-12 04:00:00,1.0201,1.0217,1.0193,1.0204,1570897.7
2026-08-12 05:00:00,1.0204,1.0232,1.0192,1.0218,2261176.1
2026-08-12 06:00:00,1.0217,1.0218,1.0178,1.0198,1998475.8
2026-08-12 07:00:00,1.0198,1.0223,1.0181,1.0208,2083490.9
2026-08-12 08:00:00,1.0207,1.0213,1.0172,1.0172,2064002.3
2026-08-12 09:00:00,1.0172,1.0257,1.017,1.024,3185542.6
2026-08-12 10:00:00,1.0241,1.0257,1.0207,1.0213,2512312.6
2026-08-12 11:00:00,1.0213,1.0227,1.0203,1.0227,1722067.0
2026-08-12 12:00:00,1.0227,1.0262,1.0159,1.0174,6611634.6
2026-08-12 13:00:00,1.0174,1.0186,1.0134,1.0149,3051142.0
2026-08-12 14:00:00,1.0148,1.0163,1.0081,1.0091,3880006.8
2026-08-12 15:00:00,1.0091,1.0128,1.0082,1.0127,2126223.2
2026-08-12 16:00:00,1.0127,1.0131,1.0082,1.0088,2879024.8
2026-08-12 17:00:00,1.0088,1.0112,1.0066,1.0104,2665064.3
2026-08-12 18:00:00,1.0104,1.0127,1.009,1.0093,1012867.6
2026-08-12 19:00:00,1.0092,1.0098,1.0068,1.0073,1293988.1
2026-08-12 20:00:00,1.0073,1.0107,1.007,1.0092,857032.9
2026-08-12 21:00:00,1.0093,1.0104,1.0029,1.0048,2797148.1
2026-08-12 22:00:00,1.0047,1.0079,1.0029,1.0044,1186428.2
2026-08-12 23:00:00,1.0043,1.006,1.0009,1.0055,2189540.6
2026-08-13 00:00:00,1.0055,1.0077,1.0028,1.0043,1570577.9
2026-08-13 01:00:00,1.0043,1.006,1.0019,1.0047,1254190.8
2026-08-13 02:00:00,1.0046,1.0073,1.0027,1.0071,3037962.1
2026-08-13 03:00:00,1.0071,1.0128,1.007,1.0108,2654798.3
2026-08-13 04:00:00,1.0109,1.0124,1.0105,1.0108,1217556.3
2026-08-13 05:00:00,1.0109,1.0153,1.0094,1.0135,2032417.2
2026-08-13 06:00:00,1.0135,1.015,1.0118,1.0146,1243837.4
2026-08-13 07:00:00,1.0147,1.0154,1.0131,1.0131,771137.1
2026-08-13 08:00:00,1.0132,1.0135,1.0117,1.0126,597425.2
2026-08-13 09:00:00,1.0126,1.0131,1.0098,1.0126,1981808.3
2026-08-13 10:00:00,1.0126,1.013,1.0063,1.008,2597702.5
2026-08-13 11:00:00,1.008,1.0084,1.0031,1.0042,2359078.2
2026-08-13 12:00:00,1.0042,1.0076,1.0035,1.0058,1921589.7
2026-08-13 13:00:00,1.0059,1.0096,1.0057,1.0065,1494530.8
2026-08-13 14:00:00,1.0066,1.0108,1.0041,1.01,3457251.7
2026-08-13 15:00:00,1.0101,1.0117,1.003,1.0031,2920619.4
2026-08-13 16:00:00,1.0031,1.0076,0.9982,1.005,5095195.4
2026-08-13 17:00:00,1.0051,1.0085,1.0044,1.0067,1164143.1
2026-08-13 18:00:00,1.0067,1.0106,1.0047,1.009,1354971.3
2026-08-13 19:00:00,1.009,1.0106,1.008,1.0104,1793107.7
2026-08-13 20:00:00,1.0103,1.0117,1.0089,1.009,1087684.3
2026-08-13 21:00:00,1.009,1.0102,1.0077,1.0083,687323.1
2026-08-13 22:00:00,1.0084,1.0121,1.0083,1.0092,913471.2
2026-08-13 23:00:00,1.0091,1.0096,1.008,1.0094,732868.8
2026-08-14 00:00:00,1.0095,1.0122,1.0091,1.0121,838864.5
2026-08-14 01:00:00,1.0122,1.0129,1.0103,1.0116,1244687.0
2026-08-14 02:00:00,1.0116,1.0142,1.0114,1.0115,1052296.6
2026-08-14 03:00:00,1.0115,1.0121,1.0094,1.0098,716377.3
2026-08-14 04:00:00,1.0098,1.0128,1.0091,1.0091,1031472.0
2026-08-14 05:00:00,1.0091,1.01,1.0082,1.0097,1011054.2
2026-08-14 06:00:00,1.0097,1.0097,1.0055,1.0056,1492001.6
2026-08-14 07:00:00,1.0055,1.0056,1.0035,1.0045,2000672.2
2026-08-14 08:00:00,1.0045,1.0071,1.0041,1.0069,1509096.8
2026-08-14 09:00:00,1.0069,1.007,1.0011,1.0037,3927536.0
2026-08-14 10:00:00,1.0037,1.0041,1.0022,1.0024,2188575.5
2026-08-14 11:00:00,1.0025,1.0044,1.0013,1.0024,3028122.9
2026-08-14 12:00:00,1.0025,1.0031,1.0,1.001,3771869.1
2026-08-14 13:00:00,1.001,1.0054,1.0005,1.0027,3154586.5
2026-08-14 14:00:00,1.0028,1.0048,1.0006,1.0013,3284627.5
2026-08-14 15:00:00,1.0013,1.0093,1.0009,1.0066,4040010.6
2026-08-14 16:00:00,1.0066,1.0074,1.001,1.0021,3636643.6
2026-08-14 17:00:00,1.0022,1.0047,0.999,1.001,3696446.0
2026-08-14 18:00:00,1.001,1.0034,0.9985,0.9997,3105566.1
2026-08-14 19:00:00,0.9997,1.0009,0.9985,0.9989,3772296.7
2026-08-14 20:00:00,0.999,1.0,0.9968,0.9988,3514976.1
2026-08-14 21:00:00,0.9987,1.0,0.9957,0.9981,3041148.6
2026-08-14 22:00:00,0.9981,0.999,0.9862,0.9928,9222827.8
2026-08-14 23:00:00,0.9927,0.9996,0.9924,0.9996,1645000.4
2026-08-15 00:00:00,0.9996,1.0013,0.9982,1.0006,1601361.2
2026-08-15 01:00:00,1.0007,1.0019,0.9997,1.0017,1563633.5
2026-08-15 02:00:00,1.0018,1.0062,1.0018,1.0057,1786259.2
2026-08-15 03:00:00,1.0057,1.0079,1.0038,1.0046,1325026.3
2026-08-15 04:00:00,1.0047,1.0067,1.0042,1.005,735848.9
2026-08-15 05:00:00,1.0051,1.0066,1.0024,1.0044,1234301.0
2026-08-15 06:00:00,1.0045,1.0064,1.0036,1.0056,593011.1
2026-08-15 07:00:00,1.0057,1.0059,1.0026,1.0028,1017328.6
2026-08-15 08:00:00,1.0028,1.0038,1.001,1.0015,807830.3
2026-08-15 09:00:00,1.0016,1.0029,1.0008,1.0028,690984.1
2026-08-15 10:00:00,1.0029,1.0037,1.002,1.003,770203.3
2026-08-15 11:00:00,1.003,1.0041,1.0021,1.0024,582677.7
2026-08-15 12:00:00,1.0025,1.0028,1.0009,1.0027,845674.0
2026-08-15 13:00:00,1.0028,1.003,1.0016,1.0017,648903.4
2026-08-15 14:00:00,1.0017,1.0027,0.9999,1.0019,769266.7
2026-08-15 15:00:00,1.0018,1.0025,1.0014,1.0022,598822.7
2026-08-15 16:00:00,1.0022,1.0033,1.0015,1.0025,546941.5
2026-08-15 17:00:00,1.0026,1.0036,1.0022,1.0026,452099.3
2026-08-15 18:00:00,1.0025,1.0029,1.0004,1.0023,892016.7
2026-08-15 19:00:00,1.0023,1.0041,1.0023,1.004,397672.9
2026-08-15 20:00:00,1.004,1.0044,1.0032,1.004,538047.7
2026-08-15 21:00:00,1.004,1.0052,1.0036,1.0042,535607.4
2026-08-15 22:00:00,1.0043,1.0068,1.0042,1.0044,894832.7
2026-08-15 23:00:00,1.0043,1.0045,1.0012,1.0028,1041461.8
2026-08-16 00:00:00,1.0028,1.0029,1.0014,1.0018,560795.6
2026-08-16 01:00:00,1.0017,1.0022,1.0,1.0013,524722.7
2026-08-16 02:00:00,1.0012,1.0035,1.0,1.0025,649336.6
2026-08-16 03:00:00,1.0024,1.0031,1.0017,1.0021,285121.6
2026-08-16 04:00:00,1.0021,1.0022,1.0006,1.0009,343203.7
2026-08-16 05:00:00,1.0008,1.0011,0.9995,1.0002,897424.7
2026-08-16 06:00:00,1.0003,1.002,0.9995,1.0004,717091.4
2026-08-16 07:00:00,1.0004,1.0027,1.0004,1.0024,469720.1
2026-08-16 08:00:00,1.0024,1.0025,1.0015,1.0016,639762.8
2026-08-16 09:00:00,1.0016,1.0027,1.0,1.0004,997889.6
2026-08-16 10:00:00,1.0003,1.0007,0.9972,1.0002,1604641.2
2026-08-16 11:00:00,1.0003,1.0008,0.9993,0.9999,593968.5
2026-08-16 12:00:00,0.9999,1.0012,0.9993,1.0001,574400.4
2026-08-16 13:00:00,1.0001,1.001,1.0,1.0001,463701.7
2026-08-16 14:00:00,1.0,1.0011,1.0,1.0011,655167.2
2026-08-16 15:00:00,1.0011,1.0025,1.001,1.0019,905453.6
2026-08-16 16:00:00,1.002,1.0037,1.0015,1.0028,1094705.5
2026-08-16 17:00:00,1.0029,1.0034,1.0006,1.001,1950053.1
2026-08-16 18:00:00,1.001,1.001,0.9979,0.9994,3125412.7
2026-08-16 19:00:00,0.9993,1.0025,0.999,1.001,756705.5
2026-08-16 20:00:00,1.001,1.0018,0.9983,0.9994,1474752.3
2026-08-16 21:00:00,0.9994,1.0001,0.9902,0.9956,3342371.0
2026-08-16 22:00:00,0.9956,0.997,0.9915,0.9941,1506697.2
2026-08-16 23:00:00,0.994,0.995,0.9914,0.9936,1118271.7
2026-08-17 00:00:00,0.9935,0.9943,0.9882,0.9936,3378646.1
2026-08-17 01:00:00,0.9935,1.0016,0.9929,0.9989,2877817.6
2026-08-17 02:00:00,0.9989,1.0049,0.9978,1.0024,2493518.7
2026-08-17 03:00:00,1.0025,1.0034,1.001,1.0026,1404927.9
2026-08-17 04:00:00,1.0026,1.004,1.0015,1.0021,1447972.3
2026-08-17 05:00:00,1.0021,1.0042,1.001,1.0011,1776069.0
2026-08-17 06:00:00,1.0011,1.0074,1.0009,1.006,4019794.5
2026-08-17 07:00:00,1.006,1.0067,1.0029,1.0031,1736515.7
2026-08-17 08:00:00,1.0031,1.0034,0.9973,0.9982,3003745.6
2026-08-17 09:00:00,0.9982,0.9992,0.9966,0.9969,1382996.1
2026-08-17 10:00:00,0.9968,1.0025,0.9965,1.0021,1149453.6
2026-08-17 11:00:00,1.0021,1.0026,0.9999,1.0004,1259634.6
2026-08-17 12:00:00,1.0004,1.0016,0.9971,0.9979,1603650.6
2026-08-17 13:00:00,0.9979,1.0039,0.9969,1.0008,2020714.3
2026-08-17 14:00:00,1.0009,1.005,0.9982,1.0045,4014666.9
2026-08-17 15:00:00,1.0045,1.0086,1.0021,1.0068,3912624.1
2026-08-17 16:00:00,1.0068,1.007,1.0028,1.0029,2153248.0
2026-08-17 17:00:00,1.003,1.005,1.0002,1.0015,1407878.0
2026-08-17 18:00:00,1.0015,1.0033,1.0006,1.0017,1501108.8
2026-08-17 19:00:00,1.0016,1.0018,0.9994,1.0015,1702161.8
2026-08-17 20:00:00,1.0014,1.005,0.9997,1.0037,1518709.8
2026-08-17 21:00:00,1.0038,1.0042,1.0019,1.0021,790360.9
2026-08-17 22:00:00,1.0021,1.0034,1.0,1.0004,732532.6
2026-08-17 23:00:00,1.0004,1.0046,1.0001,1.003,948720.9
2026-08-18 00:00:00,1.0031,1.0048,1.0005,1.0027,1936510.1
2026-08-18 01:00:00,1.0027,1.003,0.995,0.9964,2115297.7
2026-08-18 02:00:00,0.9964,0.9972,0.9888,0.9907,6054094.1
2026-08-18 03:00:00,0.9907,0.9924,0.9893,0.9911,2157155.0
2026-08-18 04:00:00,0.9911,0.996,0.99,0.9948,1953960.8
2026-08-18 05:00:00,0.9949,0.9973,0.993,0.9952,2450930.5
2026-08-18 06:00:00,0.9952,1.0006,0.9941,0.9984,2152680.7
2026-08-18 07:00:00,0.9984,0.9991,0.995,0.9965,1660643.8
2026-08-18 08:00:00,0.9964,0.9982,0.9923,0.997,1772963.0
2026-08-18 09:00:00,0.997,0.9973,0.9947,0.9959,1046682.9
2026-08-18 10:00:00,0.996,0.9964,0.9949,0.9962,865789.7
2026-08-18 11:00:00,0.9962,1.0022,0.996,0.9987,2111384.5
2026-08-18 12:00:00,0.9987,0.9993,0.9976,0.9978,930843.5
2026-08-18 13:00:00,0.9978,0.9993,0.9959,0.9982,1664217.2
2026-08-18 14:00:00,0.9983,1.0067,0.997,1.0011,3740178.4
2026-08-18 15:00:00,1.0011,1.0049,1.0005,1.0039,2408726.7
2026-08-18 16:00:00,1.004,1.0044,1.0007,1.0024,1235785.2
2026-08-18 17:00:00,1.0024,1.0024,1.0003,1.0005,1054883.2
2026-08-18 18:00:00,1.0005,1.0027,1.0005,1.0013,567717.5
2026-08-18 19:00:00,1.0013,1.003,1.001,1.0028,914760.8
2026-08-18 20:00:00,1.0027,1.0036,0.9988,1.0002,2721407.4
2026-08-18 21:00:00,1.0002,1.0025,1.0002,1.0006,756739.2
2026-08-18 22:00:00,1.0005,1.0024,0.9992,1.0006,1947380.2
2026-08-18 23:00:00,1.0006,1.0036,1.0004,1.0019,1020253.9
2026-08-19 00:00:00,1.0019,1.0021,0.9963,0.9964,4124880.8
2026-08-19 01:00:00,0.9963,1.0003,0.9959,0.9988,2128966.8
2026-08-19 02:00:00,0.9988,0.999,0.9977,0.9985,1406896.1
2026-08-19 03:00:00,0.9984,1.0014,0.9975,1.0002,1523303.2
2026-08-19 04:00:00,1.0001,1.001,0.9995,1.0,1086683.4
2026-08-19 05:00:00,1.0,1.0018,0.9992,1.0001,1664985.8
2026-08-19 06:00:00,1.0001,1.0053,0.9991,1.0044,3081617.5
2026-08-19 07:00:00,1.0044,1.0063,1.0031,1.0035,1358893.4
2026-08-19 08:00:00,1.0036,1.0095,1.0032,1.0064,3581192.1
2026-08-19 09:00:00,1.0064,1.008,1.0037,1.0041,1834884.4
2026-08-19 10:00:00,1.0042,1.0056,1.0033,1.0053,1220741.6
2026-08-19 11:00:00,1.0054,1.0067,1.0045,1.0057,1409922.9
2026-08-19 12:00:00,1.0058,1.0124,1.0057,1.0112,4130723.4
2026-08-19 13:00:00,1.0113,1.0238,1.0102,1.0171,7836290.1
2026-08-19 14:00:00,1.0171,1.0348,1.0155,1.0332,5666014.9
2026-08-19 15:00:00,1.0332,1.0745,1.0308,1.0678,35672935.1
2026-08-19 16:00:00,1.0678,1.0709,1.0639,1.0643,12807464.3
2026-08-19 17:00:00,1.0643,1.0649,1.052,1.0618,9538259.0
2026-08-19 18:00:00,1.0618,1.07,1.0557,1.0692,4097156.4
2026-08-19 19:00:00,1.0693,1.071,1.0643,1.0676,6646333.6
2026-08-19 20:00:00,1.0677,1.1043,1.0675,1.0993,20549170.7
2026-08-19 21:00:00,1.0993,1.1332,1.0959,1.1325,23409675.6
2026-08-19 22:00:00,1.1324,1.1363,1.0997,1.1025,22176318.1
2026-08-19 23:00:00,1.1025,1.1062,1.0947,1.106,8063531.6
2026-08-20 00:00:00,1.1059,1.1134,1.1044,1.1079,5780025.8
2026-08-20 01:00:00,1.108,1.1158,1.1066,1.1118,4047299.8
2026-08-20 02:00:00,1.1118,1.1141,1.0989,1.0992,4260758.3
2026-08-20 03:00:00,1.0992,1.1004,1.0879,1.0938,6447760.6
2026-08-20 04:00:00,1.0939,1.1021,1.0932,1.1,2706762.8
2026-08-20 05:00:00,1.1001,1.1102,1.0999,1.1045,2567808.5
2026-08-20 06:00:00,1.1045,1.1122,1.1003,1.1115,4442936.4
2026-08-20 07:00:00,1.1115,1.1135,1.1077,1.1122,2986621.0
2026-08-20 08:00:00,1.1121,1.1561,1.1113,1.1533,19574073.1
2026-08-20 09:00:00,1.1533,1.1637,1.1458,1.1495,12947130.0
2026-08-20 10:00:00,1.1495,1.1669,1.1474,1.1606,8565565.3
2026-08-20 11:00:00,1.1606,1.1962,1.157,1.1907,17881006.9
2026-08-20 12:00:00,1.1908,1.1973,1.1776,1.1928,15923501.3
2026-08-20 13:00:00,1.1928,1.2233,1.1887,1.2209,25478460.1
2026-08-20 14:00:00,1.2208,1.2467,1.215,1.2276,32059525.4
2026-08-20 15:00:00,1.2276,1.2647,1.2257,1.2613,31395141.0
2026-08-20 16:00:00,1.2612,1.317,1.2521,1.315,32938053.4
2026-08-20 17:00:00,1.3149,1.3441,1.3054,1.3103,37974535.5
2026-08-20 18:00:00,1.3102,1.3184,1.2287,1.2294,43199752.8
2026-08-20 19:00:00,1.2294,1.2398,1.2202,1.2324,21173376.9
2026-08-20 20:00:00,1.2324,1.2476,1.2303,1.2437,11679369.9
2026-08-20 21:00:00,1.2436,1.2714,1.2427,1.2579,15143426.4
2026-08-20 22:00:00,1.2579,1.2659,1.2536,1.2562,11007490.1
2026-08-20 23:00:00,1.2562,1.2753,1.2547,1.2681,10371335.2
2026-08-21 00:00:00,1.2681,1.2741,1.2588,1.2655,9617438.4
2026-08-21 01:00:00,1.2654,1.3027,1.264,1.2963,17017957.6
2026-08-21 02:00:00,1.2963,1.3008,1.2817,1.2895,12457793.2
2026-08-21 03:00:00,1.2895,1.3194,1.2844,1.3088,15496979.2
2026-08-21 04:00:00,1.3088,1.3212,1.2965,1.3147,11833985.4
2026-08-21 05:00:00,1.3148,1.3148,1.304,1.3102,7960452.6
2026-08-21 06:00:00,1.3102,1.3211,1.2969,1.299,9576745.8
2026-08-21 07:00:00,1.2989,1.3219,1.2981,1.3143,12574956.3
2026-08-21 08:00:00,1.3143,1.3999,1.3128,1.3997,36543579.3
2026-08-21 09:00:00,1.3996,1.43,1.3382,1.4198,43857191.1
2026-08-21 10:00:00,1.4197,1.4256,1.3671,1.385,26703972.3
2026-08-21 11:00:00,1.3849,1.4043,1.354,1.3573,19005334.3
2026-08-21 12:00:00,1.3573,1.3876,1.3471,1.3814,16977177.2
2026-08-21 13:00:00,1.3814,1.4245,1.3669,1.4169,24945399.1
2026-08-21 14:00:00,1.4169,1.4186,1.3889,1.3999,18633564.2
2026-08-21 15:00:00,1.3999,1.4197,1.3955,1.4036,17829811.8
2026-08-21 16:00:00,1.4037,1.4077,1.3863,1.3998,17715625.8
2026-08-21 17:00:00,1.3998,1.4138,1.375,1.3868,16091091.3
2026-08-21 18:00:00,1.3869,1.4,1.3689,1.3782,13695216.6
2026-08-21 19:00:00,1.3781,1.3881,1.3622,1.3725,12771335.1
2026-08-21 20:00:00,1.3726,1.383,1.3666,1.3748,7133181.2
2026-08-21 21:00:00,1.3748,1.4099,1.3715,1.4065,15189496.4
2026-08-21 22:00:00,1.4064,1.4518,1.3992,1.445,32653633.6
2026-08-21 23:00:00,1.4451,1.4756,1.435,1.4544,25931680.4
2026-08-22 00:00:00,1.4543,1.4822,1.4229,1.4599,25041288.7
2026-08-22 01:00:00,1.4599,1.5106,1.4567,1.4757,31307197.3
2026-08-22 02:00:00,1.4756,1.5562,1.4747,1.5494,27605443.9
2026-08-22 03:00:00,1.5495,1.5985,1.5424,1.5637,32193975.3
2026-08-22 04:00:00,1.5638,1.6737,1.5532,1.6628,48388261.9
2026-08-22 05:00:00,1.6628,1.6999,1.378,1.528,118288840.3
2026-08-22 06:00:00,1.528,1.5943,1.5151,1.5787,35475359.9
2026-08-22 07:00:00,1.5787,1.6274,1.558,1.5638,33776284.9
2026-08-22 08:00:00,1.5638,1.5675,1.4855,1.5287,30599280.3
2026-08-22 09:00:00,1.5287,1.5314,1.4898,1.5021,17499439.0
2026-08-22 10:00:00,1.5021,1.504,1.4224,1.4843,33804072.4
2026-08-22 11:00:00,1.4842,1.5,1.4745,1.4884,11133259.3
2026-08-22 12:00:00,1.4884,1.5297,1.4843,1.5025,13000745.9
2026-08-22 13:00:00,1.5024,1.5106,1.4888,1.5004,10001744.4
2026-08-22 14:00:00,1.5004,1.502,1.4354,1.4519,21975364.4
2026-08-22 15:00:00,1.4519,1.4557,1.42,1.4391,22945103.7
2026-08-22 16:00:00,1.4392,1.4897,1.4343,1.4809,14487214.9
2026-08-22 17:00:00,1.4809,1.4864,1.4651,1.4806,8860734.5
2026-08-22 18:00:00,1.4806,1.4986,1.478,1.4893,8983423.0
2026-08-22 19:00:00,1.4893,1.5061,1.4833,1.5011,9683077.8
2026-08-22 20:00:00,1.5012,1.516,1.4947,1.5019,8394214.4
2026-08-22 21:00:00,1.5018,1.5018,1.4518,1.4548,12548194.2
2026-08-22 22:00:00,1.4547,1.4757,1.4463,1.4683,7264356.4
2026-08-22 23:00:00,1.4684,1.4702,1.4508,1.4619,5046629.7
2026-08-23 00:00:00,1.4619,1.5196,1.4618,1.5137,14719984.4
2026-08-23 01:00:00,1.5137,1.5142,1.4854,1.4914,10750973.2
2026-08-23 02:00:00,1.4913,1.495,1.4716,1.4847,9104467.5
2026-08-23 03:00:00,1.4847,1.4938,1.4622,1.4749,9563360.0
2026-08-23 04:00:00,1.4749,1.4897,1.4455,1.4548,14295263.5
2026-08-23 05:00:00,1.4547,1.4783,1.4392,1.4469,15305099.7
2026-08-23 06:00:00,1.447,1.4626,1.4342,1.4445,9014310.3
2026-08-23 07:00:00,1.4446,1.4735,1.4397,1.4618,8790578.0
2026-08-23 08:00:00,1.4617,1.4849,1.4575,1.4754,10903924.9
2026-08-23 09:00:00,1.4754,1.4862,1.4674,1.4774,7302189.2
2026-08-23 10:00:00,1.4773,1.5024,1.4752,1.4756,10202544.6
2026-08-23 11:00:00,1.4756,1.5035,1.4756,1.4945,7829244.2
2026-08-23 12:00:00,1.4944,1.499,1.4834,1.4943,6061932.6
2026-08-23 13:00:00,1.4943,1.525,1.4933,1.5205,15048157.2
2026-08-23 14:00:00,1.5205,1.5507,1.4573,1.5159,29809750.7
2026-08-23 15:00:00,1.5158,1.5177,1.4874,1.4968,12111800.6
2026-08-23 16:00:00,1.4969,1.5115,1.4943,1.5075,7106139.0
2026-08-23 17:00:00,1.5075,1.5244,1.4994,1.5051,9440557.3
2026-08-23 18:00:00,1.505,1.5201,1.5025,1.5088,5096301.9
2026-08-23 19:00:00,1.5089,1.5115,1.4885,1.4979,6207808.1
2026-08-23 20:00:00,1.498,1.5084,1.4911,1.5013,5065393.2
2026-08-23 21:00:00,1.5012,1.5466,1.501,1.5257,13297833.3
2026-08-23 22:00:00,1.5258,1.5322,1.5111,1.517,9357278.1
2026-08-23 23:00:00,1.517,1.5307,1.5091,1.5204,8167976.4
2026-08-24 00:00:00,1.5205,1.5238,1.4817,1.5058,10965743.1
2026-08-24 01:00:00,1.5057,1.5066,1.4656,1.4665,11164589.0
2026-08-24 02:00:00,1.4664,1.4945,1.4624,1.487,9245301.4
2026-08-24 03:00:00,1.487,1.49,1.464,1.4652,10818999.3
2026-08-24 04:00:00,1.4651,1.484,1.4649,1.4793,7391442.5
2026-08-24 05:00:00,1.4792,1.4879,1.4642,1.4803,9457514.3
2026-08-24 06:00:00,1.4802,1.4909,1.4682,1.484,10237351.3
2026-08-24 07:00:00,1.4839,1.5033,1.4745,1.4758,14237509.5
2026-08-24 08:00:00,1.4759,1.4786,1.4532,1.4603,17253142.2
2026-08-24 09:00:00,1.4602,1.4852,1.4594,1.4797,8183528.3
2026-08-24 10:00:00,1.4796,1.49,1.4772,1.4839,6999207.7
2026-08-24 11:00:00,1.484,1.509,1.4716,1.4974,12726825.2
2026-08-24 12:00:00,1.4973,1.5187,1.481,1.5172,12957607.7
2026-08-24 13:00:00,1.5173,1.5242,1.4781,1.4907,17595565.4
2026-08-24 14:00:00,1.4906,1.5304,1.4886,1.5102,17501731.1
2026-08-24 15:00:00,1.5102,1.5292,1.4947,1.5013,14049135.9
2026-08-24 16:00:00,1.5013,1.5238,1.4978,1.4995,10082422.5
2026-08-24 17:00:00,1.4996,1.5018,1.4629,1.4765,19727321.5
2026-08-24 18:00:00,1.4766,1.4905,1.4677,1.4726,9055471.1
2026-08-24 19:00:00,1.4727,1.486,1.4661,1.4831,11133406.5
2026-08-24 20:00:00,1.483,1.4846,1.4696,1.4795,7452135.7
2026-08-24 21:00:00,1.4794,1.4892,1.4763,1.4818,5252468.0
2026-08-24 22:00:00,1.482,1.4852,1.4765,1.4782,4585640.4
2026-08-24 23:00:00,1.4783,1.4849,1.4669,1.4817,5974772.2
2026-08-25 00:00:00,1.4818,1.5163,1.4749,1.5073,13378503.7
2026-08-25 01:00:00,1.5073,1.5161,1.4961,1.5097,8596877.2
2026-08-25 02:00:00,1.5097,1.5505,1.5042,1.5218,23105074.4
2026-08-25 03:00:00,1.5218,1.5328,1.5073,1.5135,12667017.3
2026-08-25 04:00:00,1.5134,1.5177,1.5037,1.5139,8648908.2
2026-08-25 05:00:00,1.5138,1.5275,1.5116,1.5191,5741608.9
2026-08-25 06:00:00,1.5192,1.5207,1.4963,1.5032,8815617.7
2026-08-25 07:00:00,1.5031,1.5124,1.474,1.4861,12084257.3
2026-08-25 08:00:00,1.486,1.4976,1.4846,1.4904,6351414.0
2026-08-25 09:00:00,1.4905,1.4964,1.47,1.4802,8205864.4
2026-08-25 10:00:00,1.4802,1.4867,1.4765,1.4847,5737401.9
2026-08-25 11:00:00,1.4847,1.4872,1.4775,1.4808,4845685.4
2026-08-25 12:00:00,1.4808,1.4834,1.4611,1.4743,12511358.1
2026-08-25 13:00:00,1.4743,1.4766,1.4438,1.4577,21285268.6
2026-08-25 14:00:00,1.4577,1.479,1.454,1.4731,11306936.7
2026-08-25 15:00:00,1.4732,1.4801,1.4644,1.4788,5556951.2
2026-08-25 16:00:00,1.4787,1.4836,1.4666,1.4717,3841805.6
2026-08-25 17:00:00,1.4718,1.4778,1.4615,1.4762,4734512.4
2026-08-25 18:00:00,1.4763,1.4824,1.4721,1.4761,2832264.2
2026-08-25 19:00:00,1.4761,1.4783,1.4648,1.4719,4083567.1
2026-08-25 20:00:00,1.472,1.4737,1.4418,1.4438,10425689.0
2026-08-25 21:00:00,1.4437,1.4498,1.4043,1.4383,22529162.4
2026-08-25 22:00:00,1.4383,1.453,1.4378,1.4473,4604480.8
2026-08-25 23:00:00,1.4473,1.45,1.4278,1.4343,4587566.6
2026-08-26 00:00:00,1.4344,1.4372,1.4235,1.4331,6701425.4
2026-08-26 01:00:00,1.433,1.447,1.4321,1.442,5358963.0
2026-08-26 02:00:00,1.442,1.4509,1.4373,1.4433,2993315.5
2026-08-26 03:00:00,1.4433,1.4457,1.4351,1.4395,2834735.8
2026-08-26 04:00:00,1.4395,1.4513,1.4328,1.435,6516616.2
2026-08-26 05:00:00,1.435,1.4465,1.425,1.4427,4471313.8
2026-08-26 06:00:00,1.4428,1.4472,1.4317,1.4374,5553367.1
2026-08-26 07:00:00,1.4373,1.4432,1.4323,1.4328,4384307.2
2026-08-26 08:00:00,1.4329,1.4408,1.424,1.4291,3650267.4
2026-08-26 09:00:00,1.4291,1.4329,1.4077,1.4096,9548426.6
2026-08-26 10:00:00,1.4096,1.435,1.4039,1.4307,7793414.1
2026-08-26 11:00:00,1.4308,1.4322,1.4076,1.4119,7245346.5
2026-08-26 12:00:00,1.4119,1.4243,1.3955,1.4101,9035689.6
2026-08-26 13:00:00,1.41,1.4124,1.3766,1.3944,18797234.2
2026-08-26 14:00:00,1.3943,1.3995,1.3697,1.3714,10377121.0
2026-08-26 15:00:00,1.3714,1.3807,1.3574,1.3729,15710494.6
2026-08-26 16:00:00,1.3729,1.3808,1.3674,1.3749,6121033.1
2026-08-26 17:00:00,1.375,1.3967,1.3735,1.3863,7331356.3
2026-08-26 18:00:00,1.3864,1.39,1.3779,1.3843,5855785.3
2026-08-26 19:00:00,1.3842,1.3882,1.3771,1.3781,4067097.7
2026-08-26 20:00:00,1.3781,1.3801,1.3645,1.3794,4700275.2
2026-08-26 21:00:00,1.3793,1.4014,1.378,1.4012,7028998.7
2026-08-26 22:00:00,1.4011,1.4157,1.3984,1.4032,6687506.9
2026-08-26 23:00:00,1.4032,1.4273,1.4002,1.4229,7031519.7
2026-08-27 00:00:00,1.4228,1.4228,1.4033,1.404,5049510.7
2026-08-27 01:00:00,1.404,1.4169,1.3972,1.4091,4389931.5
2026-08-27 02:00:00,1.4092,1.4171,1.4019,1.4054,3349672.2
2026-08-27 03:00:00,1.4054,1.413,1.4004,1.407,3750388.8
2026-08-27 04:00:00,1.407,1.4103,1.398,1.4031,2122799.1
2026-08-27 05:00:00,1.4031,1.4108,1.3926,1.4103,4692132.7
2026-08-27 06:00:00,1.4102,1.4103,1.3981,1.4058,2445668.7
2026-08-27 07:00:00,1.4057,1.4139,1.4028,1.412,2857290.3
2026-08-27 08:00:00,1.4121,1.4417,1.4103,1.4351,18054735.7
2026-08-27 09:00:00,1.4352,1.4541,1.4316,1.4359,14023921.8
2026-08-27 10:00:00,1.4359,1.444,1.4172,1.4236,7375595.6
2026-08-27 11:00:00,1.4235,1.433,1.4199,1.4255,4188303.7
2026-08-27 12:00:00,1.4255,1.4346,1.4203,1.4213,3947556.1
2026-08-27 13:00:00,1.4214,1.4418,1.4195,1.4384,5727137.0
2026-08-27 14:00:00,1.4384,1.4707,1.4358,1.4609,18459124.3
2026-08-27 15:00:00,1.461,1.4705,1.4515,1.4659,10784031.7
2026-08-27 16:00:00,1.4659,1.474,1.4607,1.4656,8783200.8
2026-08-27 17:00:00,1.4656,1.4713,1.4547,1.4584,5768884.2
2026-08-27 18:00:00,1.4585,1.4587,1.4355,1.4519,6970430.6
2026-08-27 19:00:00,1.4518,1.4575,1.4458,1.4571,7983289.1
2026-08-27 20:00:00,1.4571,1.4616,1.4488,1.4547,6172697.8
2026-08-27 21:00:00,1.4548,1.4559,1.4453,1.4501,3180740.8
2026-08-27 22:00:00,1.4502,1.459,1.4491,1.4537,3358846.8
2026-08-27 23:00:00,1.4536,1.4586,1.4504,1.4534,3556920.9
2026-08-28 00:00:00,1.4534,1.4547,1.4421,1.4474,5497571.0
2026-08-28 01:00:00,1.4474,1.4726,1.4471,1.4504,6796939.4
2026-08-28 02:00:00,1.4504,1.4504,1.4247,1.4329,10817890.5
2026-08-28 03:00:00,1.4329,1.4362,1.4257,1.4309,4415062.7
2026-08-28 04:00:00,1.4309,1.4338,1.42,1.4214,5166166.3
2026-08-28 05:00:00,1.4214,1.427,1.4182,1.422,2673855.7
2026-08-28 06:00:00,1.422,1.4282,1.422,1.4256,2238688.1
2026-08-28 07:00:00,1.4257,1.4259,1.4169,1.4204,4072351.2
2026-08-28 08:00:00,1.4204,1.427,1.4184,1.4201,3039191.2
2026-08-28 09:00:00,1.4202,1.4207,1.4085,1.4104,4850996.9
2026-08-28 10:00:00,1.4104,1.4217,1.4017,1.4216,4979040.8
2026-08-28 11:00:00,1.4215,1.4316,1.4193,1.4195,4123212.9
2026-08-28 12:00:00,1.4196,1.4238,1.4134,1.4235,4738196.2
2026-08-28 13:00:00,1.4235,1.4262,1.4145,1.4188,4322094.3
2026-08-28 14:00:00,1.4188,1.442,1.3866,1.4314,31808487.0
2026-08-28 15:00:00,1.4314,1.4379,1.4025,1.4034,10384191.1
2026-08-28 16:00:00,1.4034,1.4125,1.3729,1.3929,15238319.8
2026-08-28 17:00:00,1.3929,1.394,1.3813,1.3884,5564445.6
2026-08-28 18:00:00,1.3884,1.3891,1.3633,1.374,9143259.2
2026-08-28 19:00:00,1.3741,1.384,1.3733,1.3785,4129922.1
2026-08-28 20:00:00,1.3786,1.3868,1.3754,1.3804,3723452.8
2026-08-28 21:00:00,1.3805,1.3844,1.3698,1.3723,3442500.2
2026-08-28 22:00:00,1.3723,1.3841,1.3708,1.383,2836865.1
2026-08-28 23:00:00,1.383,1.3843,1.3805,1.3838,1913955.0
2026-08-29 00:00:00,1.3838,1.3894,1.3812,1.3832,2150416.9
2026-08-29 01:00:00,1.3832,1.3878,1.3768,1.385,2561815.6
2026-08-29 02:00:00,1.3851,1.3873,1.3796,1.3827,1985227.9
2026-08-29 03:00:00,1.3827,1.3851,1.3783,1.3795,2364896.7
2026-08-29 04:00:00,1.3795,1.3863,1.3788,1.3863,2434141.1
2026-08-29 05:00:00,1.3862,1.3928,1.3851,1.3891,2074942.4
2026-08-29 06:00:00,1.3892,1.3895,1.377,1.3806,1415515.9
2026-08-29 07:00:00,1.3806,1.3866,1.38,1.3828,1919371.5
2026-08-29 08:00:00,1.3827,1.3841,1.3785,1.3831,1479975.5
2026-08-29 09:00:00,1.383,1.3863,1.3816,1.3839,1438066.8
2026-08-29 10:00:00,1.3838,1.3893,1.3793,1.3853,1764396.9
2026-08-29 11:00:00,1.3852,1.3869,1.3819,1.3833,1035315.8
2026-08-29 12:00:00,1.3833,1.3868,1.381,1.3847,934884.7
2026-08-29 13:00:00,1.3846,1.3877,1.3829,1.3869,1011093.1
2026-08-29 14:00:00,1.387,1.4032,1.3859,1.4007,3660951.9
2026-08-29 15:00:00,1.4007,1.4012,1.3903,1.3932,2957753.0
2026-08-29 16:00:00,1.3932,1.3977,1.3895,1.3919,3147000.4
2026-08-29 17:00:00,1.392,1.3949,1.3853,1.3924,2665067.1
2026-08-29 18:00:00,1.3923,1.3971,1.3903,1.3942,2743106.2
2026-08-29 19:00:00,1.3941,1.4002,1.3932,1.3978,3334834.3
2026-08-29 20:00:00,1.3978,1.402,1.3947,1.3976,1839630.7
2026-08-29 21:00:00,1.3976,1.4002,1.3913,1.3923,1762071.3
2026-08-29 22:00:00,1.3923,1.3955,1.3907,1.3933,1265464.9
2026-08-29 23:00:00,1.3932,1.3975,1.3928,1.3964,2433242.5
2026-08-30 00:00:00,1.3964,1.3994,1.3928,1.3955,2554110.8
2026-08-30 01:00:00,1.3955,1.3956,1.3891,1.3916,2346053.8
2026-08-30 02:00:00,1.3916,1.3965,1.3907,1.3936,2377115.5
2026-08-30 03:00:00,1.3936,1.3955,1.3911,1.3925,1393049.6
2026-08-30 04:00:00,1.3926,1.3946,1.3873,1.3926,2214587.9
2026-08-30 05:00:00,1.3925,1.3974,1.3921,1.396,1573805.1
2026-08-30 06:00:00,1.396,1.4039,1.3936,1.4015,2502642.6
2026-08-30 07:00:00,1.4016,1.4018,1.3913,1.3917,1836112.8
2026-08-30 08:00:00,1.3917,1.3944,1.3888,1.3921,1376234.4
2026-08-30 09:00:00,1.3921,1.3927,1.3817,1.3864,3490888.7
2026-08-30 10:00:00,1.3863,1.3914,1.3846,1.3893,2630234.9
2026-08-30 11:00:00,1.3893,1.3929,1.389,1.3924,1568210.0
2026-08-30 12:00:00,1.3923,1.4034,1.3916,1.4027,4175950.4
2026-08-30 13:00:00,1.4027,1.4109,1.3964,1.4088,4204572.1
2026-08-30 14:00:00,1.4087,1.4088,1.4023,1.4037,2443187.4
2026-08-30 15:00:00,1.4038,1.4057,1.3946,1.3983,3303969.0
2026-08-30 16:00:00,1.3983,1.4258,1.3964,1.4226,6736970.0
2026-08-30 17:00:00,1.4225,1.4242,1.4081,1.4192,6272479.9
2026-08-30 18:00:00,1.4191,1.4335,1.412,1.4244,4976405.8
2026-08-30 19:00:00,1.4244,1.4244,1.4082,1.4112,2900890.4
2026-08-30 20:00:00,1.4113,1.4143,1.387,1.3957,5560390.1
2026-08-30 21:00:00,1.3958,1.3991,1.3832,1.3954,6138428.2
2026-08-30 22:00:00,1.3953,1.4037,1.3817,1.3862,4311768.7
2026-08-30 23:00:00,1.3862,1.3875,1.3352,1.3575,18109960.5
2026-08-31 00:00:00,1.3575,1.3707,1.3527,1.3652,5468034.4
2026-08-31 01:00:00,1.3651,1.3662,1.3429,1.3434,7263744.6
2026-08-31 02:00:00,1.3434,1.3575,1.3394,1.3449,5672218.2
2026-08-31 03:00:00,1.345,1.3575,1.343,1.3546,3781393.1
2026-08-31 04:00:00,1.3546,1.3552,1.3453,1.3515,3467168.3
2026-08-31 05:00:00,1.3515,1.3681,1.3496,1.3636,4772836.5
2026-08-31 06:00:00,1.3637,1.3679,1.3599,1.3645,4451548.5
2026-08-31 07:00:00,1.3644,1.3734,1.3635,1.373,5295493.5
2026-08-31 08:00:00,1.3729,1.3788,1.3655,1.3735,4179148.0
2026-08-31 09:00:00,1.3734,1.3799,1.3699,1.3726,4104620.3
2026-08-31 10:00:00,1.3727,1.3838,1.3678,1.3814,3939314.9
2026-08-31 11:00:00,1.3813,1.3819,1.3707,1.3713,2263519.6
2026-08-31 12:00:00,1.3713,1.3788,1.3574,1.3622,4653799.6
2026-08-31 13:00:00,1.3622,1.3739,1.3599,1.3623,4896940.3
2026-08-31 14:00:00,1.3624,1.3814,1.3594,1.3767,6488125.5
2026-08-31 15:00:00,1.3768,1.3792,1.3651,1.3727,3104555.9
2026-08-31 16:00:00,1.3728,1.3833,1.3681,1.3761,2559926.1
2026-08-31 17:00:00,1.3762,1.3873,1.3719,1.3851,3589501.9
2026-08-31 18:00:00,1.3851,1.3963,1.3805,1.3861,3872659.8
2026-08-31 19:00:00,1.3861,1.3924,1.3843,1.3875,2672999.5
2026-08-31 20:00:00,1.3876,1.3949,1.3848,1.387,2567749.7
2026-08-31 21:00:00,1.387,1.3915,1.3802,1.3865,3157308.0
2026-08-31 22:00:00,1.3865,1.388,1.3794,1.3809,1865050.9
2026-08-31 23:00:00,1.3808,1.3808,1.3754,1.3798,1664537.7
2026-09-01 00:00:00,1.3798,1.3887,1.3787,1.3842,2809163.0
2026-09-01 01:00:00,1.3842,1.3874,1.3744,1.3768,3412503.6
2026-09-01 02:00:00,1.3767,1.3767,1.3694,1.3755,3310124.5
2026-09-01 03:00:00,1.3755,1.3918,1.3748,1.3868,3878035.2
2026-09-01 04:00:00,1.3867,1.3888,1.3791,1.381,2434870.1
2026-09-01 05:00:00,1.3809,1.3967,1.3801,1.3947,5212967.6
2026-09-01 06:00:00,1.3947,1.3951,1.3839,1.384,4304607.1
2026-09-01 07:00:00,1.384,1.3862,1.3777,1.3799,3143840.3
2026-09-01 08:00:00,1.38,1.3803,1.3617,1.363,6823466.4
2026-09-01 09:00:00,1.363,1.3682,1.3616,1.3674,3515849.2
2026-09-01 10:00:00,1.3673,1.3839,1.3654,1.3775,4707549.4
2026-09-01 11:00:00,1.3775,1.3875,1.3743,1.3821,4039001.8
2026-09-01 12:00:00,1.3821,1.3837,1.3691,1.3697,4396490.0
2026-09-01 13:00:00,1.3697,1.3777,1.3571,1.3757,9655394.1
2026-09-01 14:00:00,1.3757,1.3839,1.3742,1.3785,3674800.2
2026-09-01 15:00:00,1.3785,1.3822,1.3668,1.3782,3178899.4
2026-09-01 16:00:00,1.3783,1.379,1.3582,1.3655,5234977.4
2026-09-01 17:00:00,1.3656,1.3735,1.361,1.3626,3934957.1
2026-09-01 18:00:00,1.3627,1.3652,1.3387,1.3562,10965105.0
2026-09-01 19:00:00,1.3561,1.365,1.3535,1.3547,4721593.3
2026-09-01 20:00:00,1.3548,1.3568,1.3471,1.3545,3975583.1
2026-09-01 21:00:00,1.3546,1.3559,1.3382,1.3495,4954831.4
2026-09-01 22:00:00,1.3495,1.3533,1.34,1.3452,4566709.1
2026-09-01 23:00:00,1.3451,1.3562,1.3439,1.3518,2912563.8
2026-09-02 00:00:00,1.3519,1.3535,1.3407,1.3412,3530220.2
2026-09-02 01:00:00,1.3412,1.3447,1.3272,1.3347,7572367.5
2026-09-02 02:00:00,1.3346,1.3472,1.3315,1.3448,4820889.2
2026-09-02 03:00:00,1.3448,1.3578,1.3436,1.3517,5410489.1
2026-09-02 04:00:00,1.3518,1.352,1.3425,1.3481,3611653.0
2026-09-02 05:00:00,1.3481,1.3538,1.3435,1.3513,4040850.3
2026-09-02 06:00:00,1.3514,1.3524,1.3418,1.3465,4885258.6
2026-09-02 07:00:00,1.3466,1.3526,1.3451,1.3452,2390737.1
2026-09-02 08:00:00,1.3452,1.3484,1.3258,1.3309,8892114.0
2026-09-02 09:00:00,1.3309,1.3369,1.3223,1.3275,7090472.4
2026-09-02 10:00:00,1.3274,1.3277,1.3098,1.3199,9061381.8
2026-09-02 11:00:00,1.3198,1.3256,1.315,1.3253,4521591.3
2026-09-02 12:00:00,1.3252,1.3319,1.3178,1.3181,4970654.9
2026-09-02 13:00:00,1.318,1.3459,1.318,1.3415,6356165.3
2026-09-02 14:00:00,1.3416,1.3465,1.3319,1.3323,5673370.5
2026-09-02 15:00:00,1.3324,1.3402,1.3256,1.3368,4888320.7
2026-09-02 16:00:00,1.3369,1.3427,1.3317,1.3323,4435299.5
2026-09-02 17:00:00,1.3323,1.3385,1.327,1.3384,2732145.0
2026-09-02 18:00:00,1.3384,1.3444,1.3372,1.3423,3992733.3
2026-09-02 19:00:00,1.3422,1.3487,1.3401,1.3441,3306004.5
2026-09-02 20:00:00,1.3442,1.3558,1.3435,1.3516,8028207.9
2026-09-02 21:00:00,1.3515,1.3531,1.3461,1.3481,1978635.1
2026-09-02 22:00:00,1.3482,1.3487,1.342,1.3446,1917156.0
2026-09-02 23:00:00,1.3445,1.3521,1.3425,1.3511,2407969.0
2026-09-03 00:00:00,1.3512,1.3548,1.3436,1.3442,5191833.7
2026-09-03 01:00:00,1.3441,1.3663,1.3401,1.356,8305405.2
2026-09-03 02:00:00,1.3559,1.373,1.3535,1.3696,7012139.3
2026-09-03 03:00:00,1.3696,1.3745,1.3636,1.3668,5295573.9
2026-09-03 04:00:00,1.3669,1.37,1.3614,1.3696,4073323.6
2026-09-03 05:00:00,1.3695,1.3708,1.3515,1.369,6458311.1
2026-09-03 06:00:00,1.3689,1.3699,1.3628,1.3647,3542215.4
2026-09-03 07:00:00,1.3646,1.3763,1.3626,1.3658,8415926.2
2026-09-03 08:00:00,1.3659,1.3795,1.3659,1.3691,4103772.7
2026-09-03 09:00:00,1.3692,1.3725,1.3616,1.3616,4409629.3
2026-09-03 10:00:00,1.3615,1.3668,1.3589,1.3649,3759453.9
2026-09-03 11:00:00,1.3649,1.3748,1.3637,1.3733,6358240.4
2026-09-03 12:00:00,1.3733,1.3912,1.3691,1.3867,9506930.4
2026-09-03 13:00:00,1.3866,1.4017,1.383,1.3939,11538686.0
2026-09-03 14:00:00,1.3938,1.4509,1.388,1.4505,21048854.3
2026-09-03 15:00:00,1.4505,1.4678,1.4388,1.4646,30034689.5
2026-09-03 16:00:00,1.4647,1.4665,1.4419,1.4532,18040545.9
2026-09-03 17:00:00,1.4531,1.4643,1.4488,1.462,6940862.5
2026-09-03 18:00:00,1.4619,1.4692,1.4549,1.4629,6617043.4
2026-09-03 19:00:00,1.4628,1.4757,1.4603,1.4714,8532805.1
2026-09-03 20:00:00,1.4714,1.4835,1.461,1.4713,8996648.9
2026-09-03 21:00:00,1.4714,1.4781,1.4641,1.466,9320760.8
2026-09-03 22:00:00,1.466,1.468,1.4415,1.4555,9278494.6
2026-09-03 23:00:00,1.4555,1.46,1.4482,1.4512,6015200.1
2026-09-04 00:00:00,1.4512,1.459,1.4409,1.4414,6884323.4
2026-09-04 01:00:00,1.4414,1.4477,1.4342,1.4442,5435645.3
2026-09-04 02:00:00,1.4442,1.4473,1.4378,1.4465,3352858.7
2026-09-04 03:00:00,1.4466,1.4531,1.4457,1.4467,3478994.6
2026-09-04 04:00:00,1.4468,1.4569,1.4438,1.4507,3899228.1
2026-09-04 05:00:00,1.4507,1.4539,1.442,1.4471,4771372.5
2026-09-04 06:00:00,1.447,1.4534,1.4391,1.4464,5182648.4
2026-09-04 07:00:00,1.4465,1.4535,1.4425,1.4439,6567782.5
2026-09-04 08:00:00,1.4439,1.4577,1.4384,1.4573,6357000.0
2026-09-04 09:00:00,1.4574,1.4625,1.4476,1.4522,8572374.8
2026-09-04 10:00:00,1.4522,1.4537,1.4435,1.4493,5504461.7
2026-09-04 11:00:00,1.4494,1.4552,1.4464,1.4507,5560199.1
2026-09-04 12:00:00,1.4508,1.4564,1.3925,1.4093,37016677.4
2026-09-04 13:00:00,1.4092,1.4227,1.4022,1.4135,12200477.8
2026-09-04 14:00:00,1.4135,1.4158,1.3836,1.3895,13518008.7
2026-09-04 15:00:00,1.3895,1.4019,1.3871,1.3989,7573542.7
2026-09-04 16:00:00,1.3989,1.4086,1.3974,1.4028,4557574.0
2026-09-04 17:00:00,1.4027,1.403,1.3907,1.394,3970305.8
2026-09-04 18:00:00,1.394,1.4006,1.3939,1.3991,1953263.8
2026-09-04 19:00:00,1.3992,1.4051,1.399,1.3991,4572204.4
2026-09-04 20:00:00,1.3992,1.402,1.3965,1.4001,3131523.6
2026-09-04 21:00:00,1.4,1.4026,1.3942,1.3961,3646429.0
2026-09-04 22:00:00,1.396,1.3989,1.3932,1.3955,1865606.5
2026-09-04 23:00:00,1.3954,1.3998,1.3945,1.3985,1401353.6
2026-09-05 00:00:00,1.3986,1.4003,1.395,1.3954,2349401.4
2026-09-05 01:00:00,1.3955,1.4024,1.3941,1.3965,2600389.2
2026-09-05 02:00:00,1.3966,1.3989,1.394,1.3985,2165439.4
2026-09-05 03:00:00,1.3984,1.4012,1.3968,1.3975,1713810.6
2026-09-05 04:00:00,1.3974,1.3995,1.3954,1.3981,2593805.7
2026-09-05 05:00:00,1.3981,1.4005,1.3954,1.3991,2245963.3
2026-09-05 06:00:00,1.3991,1.4042,1.3988,1.4033,1982441.8
2026-09-05 07:00:00,1.4033,1.406,1.402,1.4047,2416828.6
2026-09-05 08:00:00,1.4047,1.4071,1.4002,1.4063,2904098.9
2026-09-05 09:00:00,1.4062,1.4119,1.4053,1.4074,3018984.5
2026-09-05 10:00:00,1.4073,1.4076,1.4033,1.4052,3230381.0
2026-09-05 11:00:00,1.4052,1.4074,1.4019,1.4042,2332673.4
2026-09-05 12:00:00,1.4042,1.4171,1.4038,1.4149,4592349.5
2026-09-05 13:00:00,1.4149,1.4187,1.409,1.4123,5098501.5
2026-09-05 14:00:00,1.4122,1.4205,1.4118,1.4144,3922121.6
2026-09-05 15:00:00,1.4143,1.416,1.4106,1.4124,2668525.2
2026-09-05 16:00:00,1.4125,1.4189,1.4115,1.4155,3830187.1
2026-09-05 17:00:00,1.4156,1.4279,1.4148,1.4264,4271110.7
2026-09-05 18:00:00,1.4264,1.4275,1.4174,1.418,4127109.9
2026-09-05 19:00:00,1.418,1.4209,1.4134,1.4162,3272861.3
2026-09-05 20:00:00,1.4161,1.4189,1.4126,1.4148,3923325.5
2026-09-05 21:00:00,1.4147,1.4226,1.4144,1.4203,1667344.8
2026-09-05 22:00:00,1.4204,1.4227,1.4128,1.4144,2506678.2
2026-09-05 23:00:00,1.4144,1.4165,1.4012,1.4124,4685914.8
2026-09-06 00:00:00,1.4123,1.4179,1.4112,1.4143,2896716.9
2026-09-06 01:00:00,1.4144,1.4207,1.4129,1.4178,4261166.0
2026-09-06 02:00:00,1.4178,1.4206,1.4157,1.4185,1532429.7
2026-09-06 03:00:00,1.4185,1.4327,1.4178,1.4243,3450028.5
2026-09-06 04:00:00,1.4243,1.4246,1.4171,1.4203,2643327.7
2026-09-06 05:00:00,1.4204,1.4291,1.418,1.4247,2800712.5
2026-09-06 06:00:00,1.4248,1.4265,1.4172,1.4185,2368522.9
2026-09-06 07:00:00,1.4184,1.4203,1.4083,1.4167,4220033.4
2026-09-06 08:00:00,1.4166,1.4188,1.4138,1.4157,2010926.9
2026-09-06 09:00:00,1.4156,1.425,1.4141,1.4192,3746791.5
2026-09-06 10:00:00,1.4192,1.4228,1.4175,1.4214,1693135.0
2026-09-06 11:00:00,1.4214,1.4227,1.418,1.4208,2863586.7
2026-09-06 12:00:00,1.4207,1.4269,1.4178,1.4185,3681452.5
2026-09-06 13:00:00,1.4184,1.4222,1.4128,1.4166,3687124.4
2026-09-06 14:00:00,1.4166,1.4172,1.398,1.4105,6399749.2
2026-09-06 15:00:00,1.4104,1.4125,1.4014,1.4113,2572563.2
2026-09-06 16:00:00,1.4112,1.415,1.4086,1.4123,1605321.9
2026-09-06 17:00:00,1.4123,1.4141,1.4023,1.4091,2979222.5
2026-09-06 18:00:00,1.4091,1.4156,1.4091,1.4127,1612202.7
2026-09-06 19:00:00,1.4128,1.4128,1.4081,1.41,814602.5
2026-09-06 20:00:00,1.41,1.424,1.4093,1.4222,2733010.1
2026-09-06 21:00:00,1.4223,1.4271,1.4201,1.4251,2599665.2
2026-09-06 22:00:00,1.4252,1.4252,1.4091,1.4187,3863144.8
2026-09-06 23:00:00,1.4187,1.4264,1.4184,1.4235,3738244.3
2026-09-07 00:00:00,1.4235,1.4257,1.4156,1.4184,4584059.9
2026-09-07 01:00:00,1.4183,1.42,1.4033,1.4067,6910801.7
2026-09-07 02:00:00,1.4067,1.4316,1.4007,1.4139,9090824.3
2026-09-07 03:00:00,1.414,1.4171,1.4034,1.4065,5632321.0
2026-09-07 04:00:00,1.4065,1.4102,1.4033,1.4065,4633673.9
2026-09-07 05:00:00,1.4065,1.4171,1.4057,1.408,4151056.4
2026-09-07 06:00:00,1.408,1.4128,1.406,1.4089,2990485.1
2026-09-07 07:00:00,1.4089,1.413,1.388,1.399,9101057.4
2026-09-07 08:00:00,1.399,1.4083,1.3982,1.4035,4672688.5
2026-09-07 09:00:00,1.4036,1.4077,1.3964,1.3971,4577027.1
2026-09-07 10:00:00,1.3971,1.4029,1.3948,1.3988,4162012.2
2026-09-07 11:00:00,1.3987,1.4015,1.397,1.3991,3828028.4
2026-09-07 12:00:00,1.399,1.4133,1.3987,1.412,5633251.2
2026-09-07 13:00:00,1.412,1.4138,1.4016,1.4031,6166018.0
2026-09-07 14:00:00,1.403,1.4045,1.3911,1.3988,7223302.8
2026-09-07 15:00:00,1.3987,1.3992,1.3781,1.3837,9718905.4
2026-09-07 16:00:00,1.3838,1.3961,1.3832,1.3955,3189357.3
2026-09-07 17:00:00,1.3956,1.4001,1.3951,1.3984,2472753.8
2026-09-07 18:00:00,1.3985,1.3999,1.393,1.395,2227562.8
2026-09-07 19:00:00,1.395,1.4032,1.3938,1.4021,2102031.7
2026-09-07 20:00:00,1.4021,1.403,1.3959,1.399,3160628.2
2026-09-07 21:00:00,1.399,1.4011,1.3954,1.397,2120671.8
2026-09-07 22:00:00,1.3971,1.3981,1.3828,1.3885,4732266.5
2026-09-07 23:00:00,1.3884,1.399,1.3881,1.3967,3454589.5
2026-09-08 00:00:00,1.3967,1.4019,1.3927,1.4018,4231238.8
2026-09-08 01:00:00,1.4017,1.4064,1.3989,1.404,4148160.7
2026-09-08 02:00:00,1.4041,1.4068,1.3919,1.3919,3476101.7
2026-09-08 03:00:00,1.3918,1.3981,1.3889,1.3949,3500139.7
2026-09-08 04:00:00,1.3949,1.397,1.3909,1.391,2798761.3
2026-09-08 05:00:00,1.391,1.3971,1.3872,1.3874,5451364.4
2026-09-08 06:00:00,1.3874,1.3895,1.3812,1.3831,5118625.3
2026-09-08 07:00:00,1.3832,1.394,1.3828,1.3881,2931476.7
2026-09-08 08:00:00,1.388,1.3929,1.3838,1.3899,2459186.3
2026-09-08 09:00:00,1.39,1.4015,1.389,1.399,4433954.3
2026-09-08 10:00:00,1.399,1.4034,1.3972,1.3979,4063384.7
2026-09-08 11:00:00,1.3979,1.399,1.3903,1.3946,4122242.8
2026-09-08 12:00:00,1.3946,1.4005,1.3882,1.3989,3731114.4
2026-09-08 13:00:00,1.3989,1.4085,1.3835,1.4037,10088990.3
2026-09-08 14:00:00,1.4037,1.4189,1.4,1.4176,9215978.2
2026-09-08 15:00:00,1.4175,1.4349,1.4118,1.4347,9881120.4
2026-09-08 16:00:00,1.4348,1.4507,1.4257,1.436,12870409.7
2026-09-08 17:00:00,1.4359,1.4392,1.4244,1.427,6849749.2
2026-09-08 18:00:00,1.4271,1.4464,1.4248,1.4309,7184273.5
2026-09-08 19:00:00,1.4309,1.4345,1.4168,1.4235,8792073.8
2026-09-08 20:00:00,1.4234,1.4274,1.4136,1.4147,5869252.1
2026-09-08 21:00:00,1.4147,1.4239,1.4142,1.4172,3791978.4
2026-09-08 22:00:00,1.4171,1.4236,1.4168,1.4184,3552429.7
2026-09-08 23:00:00,1.4185,1.4213,1.4154,1.4171,3628447.8
2026-09-09 00:00:00,1.4172,1.4252,1.4172,1.4205,4147117.7
2026-09-09 01:00:00,1.4205,1.4226,1.411,1.4176,5244490.1
2026-09-09 02:00:00,1.4176,1.4213,1.4118,1.4162,4792525.1
2026-09-09 03:00:00,1.4162,1.4188,1.4105,1.4168,4028065.1
2026-09-09 04:00:00,1.4169,1.4375,1.4168,1.4364,8223851.5
2026-09-09 05:00:00,1.4365,1.437,1.4226,1.4276,5027174.5
2026-09-09 06:00:00,1.4277,1.4408,1.4269,1.4337,3861317.0
2026-09-09 07:00:00,1.4338,1.4428,1.4334,1.4412,5250100.4
2026-09-09 08:00:00,1.4412,1.4458,1.4359,1.4384,4922190.8
2026-09-09 09:00:00,1.4384,1.4384,1.4196,1.4204,4829072.4
2026-09-09 10:00:00,1.4204,1.4255,1.4191,1.4229,6499986.0
2026-09-09 11:00:00,1.423,1.4291,1.4168,1.4272,5931057.1
2026-09-09 12:00:00,1.4273,1.4397,1.4259,1.4368,6415355.5
2026-09-09 13:00:00,1.4369,1.4391,1.4226,1.4291,6846623.9
2026-09-09 14:00:00,1.4291,1.433,1.4216,1.4254,7261242.9
2026-09-09 15:00:00,1.4255,1.4335,1.4056,1.4173,12658840.5
2026-09-09 16:00:00,1.4174,1.4233,1.4109,1.4227,5360582.3
2026-09-09 17:00:00,1.4228,1.4247,1.4185,1.4223,4360161.8
2026-09-09 18:00:00,1.4223,1.4234,1.4169,1.4177,3140443.4
2026-09-09 19:00:00,1.4176,1.4199,1.3994,1.4019,6926852.8
2026-09-09 20:00:00,1.4019,1.4073,1.395,1.4039,7854528.2
2026-09-09 21:00:00,1.4039,1.404,1.392,1.3965,4722459.9
2026-09-09 22:00:00,1.3965,1.3977,1.3781,1.3843,9145951.0
2026-09-09 23:00:00,1.3843,1.3956,1.3843,1.395,4050474.4
2026-09-10 00:00:00,1.3951,1.3966,1.386,1.3874,4916224.0
2026-09-10 01:00:00,1.3875,1.3957,1.377,1.3834,8152125.7
2026-09-10 02:00:00,1.3834,1.3928,1.3804,1.3923,3986824.7
2026-09-10 03:00:00,1.3923,1.3952,1.3891,1.3907,4684308.9
2026-09-10 04:00:00,1.3907,1.3937,1.3872,1.3887,3807023.7
2026-09-10 05:00:00,1.3887,1.3933,1.3857,1.3919,4595261.0
2026-09-10 06:00:00,1.392,1.392,1.3823,1.389,3606895.8
2026-09-10 07:00:00,1.389,1.389,1.377,1.3827,4936192.0
2026-09-10 08:00:00,1.3826,1.3845,1.3797,1.382,6285333.9
2026-09-10 09:00:00,1.3821,1.3846,1.3746,1.3782,5502925.9
2026-09-10 10:00:00,1.3782,1.3809,1.3709,1.3753,5874203.3
2026-09-10 11:00:00,1.3752,1.3827,1.3725,1.3765,6314079.0
2026-09-10 12:00:00,1.3765,1.382,1.3421,1.3585,19005181.1
2026-09-10 13:00:00,1.3585,1.3669,1.35,1.3643,9883628.2
2026-09-10 14:00:00,1.3644,1.3692,1.3581,1.3604,6789024.0
2026-09-10 15:00:00,1.3603,1.3609,1.3519,1.3569,6291497.7
2026-09-10 16:00:00,1.3569,1.3592,1.3425,1.3543,7849848.9
2026-09-10 17:00:00,1.3543,1.3649,1.3522,1.3605,7257446.5
2026-09-10 18:00:00,1.3604,1.3607,1.3474,1.356,5063946.5
2026-09-10 19:00:00,1.3561,1.3591,1.3497,1.3508,4948396.6
2026-09-10 20:00:00,1.3508,1.3576,1.3503,1.354,2204035.9
2026-09-10 21:00:00,1.354,1.3569,1.3499,1.3519,1575378.5
2026-09-10 22:00:00,1.3519,1.3552,1.3429,1.3429,2578855.9
2026-09-10 23:00:00,1.3429,1.3444,1.3294,1.3346,6365742.7
2026-09-11 00:00:00,1.3346,1.3442,1.3337,1.3419,3765046.9
2026-09-11 01:00:00,1.3418,1.3465,1.3368,1.3464,4532871.9
2026-09-11 02:00:00,1.3464,1.3466,1.3383,1.3425,3135432.6
2026-09-11 03:00:00,1.3425,1.3439,1.3378,1.3429,3591491.5
2026-09-11 04:00:00,1.343,1.3502,1.3417,1.3483,3348302.7
2026-09-11 05:00:00,1.3484,1.3504,1.3465,1.3494,4024536.5
2026-09-11 06:00:00,1.3494,1.3534,1.3486,1.3534,4031302.5
2026-09-11 07:00:00,1.3533,1.3599,1.3509,1.3515,3740625.9
2026-09-11 08:00:00,1.3514,1.357,1.3482,1.3534,2745296.8
2026-09-11 09:00:00,1.3535,1.3543,1.3372,1.3413,4964160.4
2026-09-11 10:00:00,1.3413,1.345,1.3328,1.3328,5546121.0
2026-09-11 11:00:00,1.3329,1.3332,1.3206,1.3289,10280355.9
2026-09-11 12:00:00,1.3289,1.3715,1.315,1.3667,24659867.6
2026-09-11 13:00:00,1.3668,1.4177,1.354,1.4159,20451215.5
2026-09-11 14:00:00,1.4159,1.4336,1.386,1.395,23637768.6
2026-09-11 15:00:00,1.3951,1.4058,1.3666,1.3745,13685354.1
2026-09-11 16:00:00,1.3746,1.3845,1.3685,1.3766,6859100.8
2026-09-11 17:00:00,1.3767,1.3783,1.3658,1.3678,3692182.9
2026-09-11 18:00:00,1.3677,1.369,1.3476,1.3525,9295231.5
2026-09-11 19:00:00,1.3524,1.363,1.3467,1.3615,4836451.1
2026-09-11 20:00:00,1.3615,1.3683,1.3573,1.3622,4981647.5
2026-09-11 21:00:00,1.3623,1.3669,1.352,1.3528,1640287.3
2026-09-11 22:00:00,1.3529,1.3583,1.3463,1.35,5174972.1
2026-09-11 23:00:00,1.35,1.3571,1.3489,1.3564,1567081.1
2026-09-12 00:00:00,1.3563,1.3594,1.3544,1.3569,1874324.8
2026-09-12 01:00:00,1.3569,1.3639,1.356,1.361,2459333.3
2026-09-12 02:00:00,1.361,1.3642,1.36,1.3637,2059701.7
2026-09-12 03:00:00,1.3637,1.3661,1.3622,1.3641,1965518.7
2026-09-12 04:00:00,1.3641,1.3661,1.3616,1.3633,1774254.3
2026-09-12 05:00:00,1.3633,1.3656,1.3614,1.364,2188016.9
2026-09-12 06:00:00,1.364,1.3659,1.3621,1.3629,3904613.5
2026-09-12 07:00:00,1.363,1.3701,1.3629,1.3692,1533396.7
2026-09-12 08:00:00,1.3692,1.3706,1.3649,1.3669,2416501.1
2026-09-12 09:00:00,1.3669,1.371,1.3663,1.3698,2366791.9
2026-09-12 10:00:00,1.3699,1.3747,1.3697,1.3735,3292958.6
2026-09-12 11:00:00,1.3736,1.3744,1.3708,1.3723,1600567.7
2026-09-12 12:00:00,1.3723,1.3732,1.3685,1.3703,1682144.4
2026-09-12 13:00:00,1.3704,1.371,1.366,1.3682,2925313.2
2026-09-12 14:00:00,1.3681,1.3714,1.3677,1.3699,1427357.5
2026-09-12 15:00:00,1.37,1.3745,1.3686,1.3726,2987075.1
2026-09-12 16:00:00,1.3726,1.3731,1.3688,1.3699,1361862.0
2026-09-12 17:00:00,1.3698,1.3706,1.3662,1.3668,2026142.6
2026-09-12 18:00:00,1.3667,1.3667,1.363,1.3634,2243294.1
2026-09-12 19:00:00,1.3634,1.3651,1.3611,1.3628,1797443.1
2026-09-12 20:00:00,1.3628,1.367,1.3627,1.3644,1025675.5
2026-09-12 21:00:00,1.3644,1.3667,1.3626,1.3631,1116371.4
2026-09-12 22:00:00,1.3631,1.366,1.3616,1.3633,1619207.8
2026-09-12 23:00:00,1.3633,1.3673,1.363,1.3663,897800.1
2026-09-13 00:00:00,1.3664,1.3683,1.3653,1.3675,834091.0
2026-09-13 01:00:00,1.3674,1.3687,1.364,1.3678,2266551.0
2026-09-13 02:00:00,1.3677,1.3701,1.3654,1.3679,1567045.1
2026-09-13 03:00:00,1.368,1.3697,1.3624,1.3635,2099676.9
2026-09-13 04:00:00,1.3635,1.3656,1.3633,1.3641,1426906.7
2026-09-13 05:00:00,1.3642,1.3685,1.364,1.368,803967.0
2026-09-13 06:00:00,1.3681,1.3681,1.3576,1.3609,1304777.0
2026-09-13 07:00:00,1.3608,1.3624,1.3573,1.3577,2042765.5
2026-09-13 08:00:00,1.3576,1.3595,1.3458,1.3481,3322294.6
2026-09-13 09:00:00,1.348,1.3513,1.3387,1.3443,5662640.5
2026-09-13 10:00:00,1.3444,1.3452,1.3379,1.3407,2872427.3
2026-09-13 11:00:00,1.3407,1.344,1.3387,1.3434,1766489.0
2026-09-13 12:00:00,1.3435,1.344,1.3369,1.3405,2141082.3
2026-09-13 13:00:00,1.3405,1.3434,1.3325,1.3424,3120902.7
2026-09-13 14:00:00,1.3424,1.3544,1.3422,1.3505,3794708.3
2026-09-13 15:00:00,1.3506,1.3508,1.3434,1.3435,1591934.0
2026-09-13 16:00:00,1.3436,1.3516,1.3434,1.3513,1529353.0
2026-09-13 17:00:00,1.3512,1.3574,1.3512,1.3556,1689962.0
2026-09-13 18:00:00,1.3557,1.3604,1.3541,1.3582,1711051.3
2026-09-13 19:00:00,1.3582,1.36,1.3523,1.3549,1965559.7
2026-09-13 20:00:00,1.355,1.362,1.355,1.3612,1469340.6
2026-09-13 21:00:00,1.3612,1.3654,1.3567,1.3575,3129812.2
2026-09-13 22:00:00,1.3574,1.3574,1.334,1.3376,7615175.2
2026-09-13 23:00:00,1.3376,1.3446,1.3373,1.3412,3850355.8
2026-09-14 00:00:00,1.3413,1.3503,1.335,1.3474,4432075.5
2026-09-14 01:00:00,1.3473,1.3533,1.3383,1.3518,4804641.2
2026-09-14 02:00:00,1.3517,1.3737,1.3498,1.3702,6930066.0
2026-09-14 03:00:00,1.3702,1.3809,1.3683,1.3727,6772185.7
2026-09-14 04:00:00,1.3726,1.3801,1.3712,1.3773,6633665.1
2026-09-14 05:00:00,1.3773,1.3812,1.374,1.3804,4503181.5
2026-09-14 06:00:00,1.3805,1.3887,1.3746,1.3866,7727650.3
2026-09-14 07:00:00,1.3867,1.3909,1.3846,1.3908,6765456.6
2026-09-14 08:00:00,1.3908,1.3937,1.3844,1.3853,8226907.1
2026-09-14 09:00:00,1.3854,1.4096,1.3808,1.4028,11871250.2
2026-09-14 10:00:00,1.4027,1.4085,1.3942,1.3968,8527560.9
2026-09-14 11:00:00,1.3969,1.4064,1.3943,1.3987,7793157.4
2026-09-14 12:00:00,1.3987,1.4045,1.3924,1.3951,6304540.2
2026-09-14 13:00:00,1.395,1.4034,1.3826,1.3945,11284663.4
2026-09-14 14:00:00,1.3946,1.4056,1.3941,1.3999,8894558.4
2026-09-14 15:00:00,1.3999,1.4075,1.3924,1.4033,8748758.6
2026-09-14 16:00:00,1.4033,1.4225,1.4015,1.4191,9656909.0
2026-09-14 17:00:00,1.4191,1.4402,1.4167,1.4346,11550804.6
2026-09-14 18:00:00,1.4346,1.4805,1.43,1.4772,25784326.0
2026-09-14 19:00:00,1.4771,1.4779,1.454,1.464,19377475.3
2026-09-14 20:00:00,1.464,1.4961,1.4628,1.4634,19382808.8
2026-09-14 21:00:00,1.4634,1.4641,1.4418,1.4429,14638627.6
2026-09-14 22:00:00,1.4429,1.4522,1.4346,1.4353,6869051.5
2026-09-14 23:00:00,1.4354,1.4377,1.4185,1.4231,7880713.5
2026-09-15 00:00:00,1.4231,1.4272,1.4158,1.4194,4846832.2
2026-09-15 01:00:00,1.4193,1.4259,1.4151,1.4223,5139875.4
2026-09-15 02:00:00,1.4223,1.4303,1.4222,1.4233,6618296.1
2026-09-15 03:00:00,1.4232,1.4233,1.4117,1.4159,6035533.9
2026-09-15 04:00:00,1.4158,1.4184,1.4088,1.4135,6807020.5
2026-09-15 05:00:00,1.4135,1.4138,1.4001,1.4083,6122459.0
2026-09-15 06:00:00,1.4083,1.4104,1.3961,1.3997,5467134.0
2026-09-15 07:00:00,1.3997,1.404,1.3916,1.394,6153967.2
2026-09-15 08:00:00,1.3939,1.398,1.386,1.398,6544418.4
2026-09-15 09:00:00,1.3979,1.407,1.3956,1.4023,5810453.8
2026-09-15 10:00:00,1.4023,1.4045,1.3976,1.4025,4841985.3
2026-09-15 11:00:00,1.4024,1.4036,1.3935,1.4012,4414573.6
2026-09-15 12:00:00,1.4011,1.4223,1.3992,1.4169,9840836.7
2026-09-15 13:00:00,1.4169,1.4598,1.3955,1.415,30883546.6
2026-09-15 14:00:00,1.4149,1.4171,1.3722,1.3849,17724597.5
2026-09-15 15:00:00,1.3848,1.3977,1.3803,1.3896,10727102.2
2026-09-15 16:00:00,1.3897,1.393,1.382,1.3877,6437806.0
2026-09-15 17:00:00,1.3877,1.4135,1.3796,1.4052,12106147.5
2026-09-15 18:00:00,1.4052,1.4076,1.2889,1.3252,68809419.7
2026-09-15 19:00:00,1.3252,1.3299,1.2942,1.2961,34292569.1
2026-09-15 20:00:00,1.2962,1.3027,1.2651,1.2939,23866942.9
2026-09-15 21:00:00,1.2938,1.2982,1.277,1.2781,9804600.2
2026-09-15 22:00:00,1.278,1.2909,1.2757,1.289,6497095.8
2026-09-15 23:00:00,1.289,1.2983,1.2822,1.2833,9353485.0
2026-09-16 00:00:00,1.2833,1.2907,1.2811,1.2869,8908560.5
2026-09-16 01:00:00,1.2868,1.2905,1.2747,1.2757,8436791.8
2026-09-16 02:00:00,1.2758,1.2994,1.2751,1.2894,6210174.7
2026-09-16 03:00:00,1.2894,1.3003,1.2888,1.2974,7261849.1
2026-09-16 04:00:00,1.2974,1.3128,1.2962,1.301,7954236.3
2026-09-16 05:00:00,1.3009,1.3016,1.2923,1.2967,4762299.3
2026-09-16 06:00:00,1.2967,1.2997,1.2867,1.2977,4433439.4
2026-09-16 07:00:00,1.2978,1.3016,1.2844,1.2853,5871720.5
2026-09-16 08:00:00,1.2852,1.2855,1.276,1.2849,6793550.4
2026-09-16 09:00:00,1.2849,1.2937,1.2831,1.2916,4006067.0
2026-09-16 10:00:00,1.2916,1.2928,1.2859,1.2895,3389734.1
2026-09-16 11:00:00,1.2895,1.2985,1.2863,1.2961,4988031.0
2026-09-16 12:00:00,1.2961,1.297,1.2792,1.283,5153711.6
2026-09-16 13:00:00,1.2829,1.2834,1.2708,1.2754,7407389.0
2026-09-16 14:00:00,1.2754,1.2762,1.2613,1.2669,10428202.5
2026-09-16 15:00:00,1.2668,1.2747,1.2601,1.2662,7699780.5
2026-09-16 16:00:00,1.2663,1.2722,1.2623,1.2683,5332189.7
2026-09-16 17:00:00,1.2682,1.271,1.2513,1.2618,13436248.2
2026-09-16 18:00:00,1.2617,1.298,1.2468,1.2788,32289981.9
2026-09-16 19:00:00,1.2788,1.305,1.2751,1.3008,11259787.5
2026-09-16 20:00:00,1.3009,1.3184,1.2972,1.3026,11267806.9
2026-09-16 21:00:00,1.3027,1.3029,1.2874,1.2928,5037494.3
2026-09-16 22:00:00,1.2928,1.2937,1.2801,1.2865,5255365.0
2026-09-16 23:00:00,1.2865,1.3033,1.285,1.2995,7370974.8
2026-09-17 00:00:00,1.2996,1.3033,1.2949,1.2949,4719933.8
2026-09-17 01:00:00,1.295,1.3104,1.2911,1.3005,7495284.1
2026-09-17 02:00:00,1.3006,1.3058,1.2934,1.3,5903070.3
2026-09-17 03:00:00,1.2999,1.3076,1.2996,1.303,4397779.3
2026-09-17 04:00:00,1.303,1.303,1.2934,1.3001,4317908.6
2026-09-17 05:00:00,1.3001,1.3025,1.2944,1.2959,5093686.9
2026-09-17 06:00:00,1.2958,1.3038,1.2941,1.3014,4076027.2
2026-09-17 07:00:00,1.3015,1.3069,1.2999,1.3023,6909235.8
2026-09-17 08:00:00,1.3023,1.3044,1.2987,1.3041,4944156.2
2026-09-17 09:00:00,1.3041,1.3094,1.2991,1.2999,6304351.1
2026-09-17 10:00:00,1.2999,1.3003,1.2923,1.2958,4490107.3
2026-09-17 11:00:00,1.2958,1.3001,1.2919,1.2993,4137634.4
2026-09-17 12:00:00,1.2993,1.3151,1.2987,1.3051,7893198.6
2026-09-17 13:00:00,1.3051,1.3093,1.29,1.3038,6405180.7
2026-09-17 14:00:00,1.3037,1.3201,1.2973,1.3006,9679818.6
2026-09-17 15:00:00,1.3006,1.3105,1.2948,1.3078,4807430.9
2026-09-17 16:00:00,1.3079,1.3091,1.299,1.3048,5281990.3
2026-09-17 17:00:00,1.3049,1.3094,1.3001,1.3009,3070389.4
2026-09-17 18:00:00,1.3009,1.301,1.2943,1.2955,3208268.2
2026-09-17 19:00:00,1.2954,1.2991,1.2926,1.2956,4187701.9
2026-09-17 20:00:00,1.2956,1.3008,1.2946,1.2986,2092991.8
2026-09-17 21:00:00,1.2986,1.3007,1.2918,1.2919,2633097.6
2026-09-17 22:00:00,1.2918,1.2965,1.2877,1.296,5833212.5
2026-09-17 23:00:00,1.296,1.2989,1.2931,1.2964,3136537.7
2026-09-18 00:00:00,1.2964,1.3016,1.2919,1.3009,1987347.0
2026-09-18 01:00:00,1.3009,1.3069,1.299,1.3049,3508513.6
2026-09-18 02:00:00,1.305,1.3117,1.3006,1.3064,5187062.9
2026-09-18 03:00:00,1.3063,1.3292,1.3052,1.3266,9937318.8
2026-09-18 04:00:00,1.3266,1.3275,1.3142,1.3259,7154835.3
2026-09-18 05:00:00,1.3259,1.3268,1.3164,1.3182,6513138.3
2026-09-18 06:00:00,1.3181,1.3261,1.3181,1.3225,5507361.8
2026-09-18 07:00:00,1.3224,1.331,1.3209,1.3289,10243695.4
2026-09-18 08:00:00,1.329,1.3379,1.3219,1.3372,8507177.4
2026-09-18 09:00:00,1.3371,1.3413,1.3301,1.3349,6999718.8
2026-09-18 10:00:00,1.3349,1.3383,1.3313,1.3317,4913788.5
2026-09-18 11:00:00,1.3317,1.3332,1.3163,1.3238,8245885.8
2026-09-18 12:00:00,1.3238,1.328,1.3189,1.3241,5075266.4
2026-09-18 13:00:00,1.324,1.3746,1.3197,1.3612,19335187.1
2026-09-18 14:00:00,1.3612,1.4028,1.3611,1.4002,24869714.3
2026-09-18 15:00:00,1.4003,1.402,1.3713,1.3853,20115969.7
2026-09-18 16:00:00,1.3853,1.3938,1.3774,1.3806,9336143.2
2026-09-18 17:00:00,1.3806,1.3918,1.3742,1.3918,8476978.8
2026-09-18 18:00:00,1.3917,1.3933,1.385,1.3865,6277699.5
2026-09-18 19:00:00,1.3866,1.413,1.3862,1.4121,11240293.9
2026-09-18 20:00:00,1.412,1.4147,1.3955,1.4031,11453757.8
2026-09-18 21:00:00,1.4031,1.4082,1.3977,1.401,6263764.4
2026-09-18 22:00:00,1.4011,1.4057,1.3928,1.3984,5707538.4
2026-09-18 23:00:00,1.3984,1.402,1.3938,1.3963,4905497.3
2026-09-19 00:00:00,1.3964,1.4208,1.3946,1.4089,10923925.9
2026-09-19 01:00:00,1.409,1.4144,1.3932,1.4125,6478862.3
2026-09-19 02:00:00,1.4125,1.4273,1.4112,1.4134,8788455.0
2026-09-19 03:00:00,1.4133,1.4212,1.4034,1.4181,7468794.3
2026-09-19 04:00:00,1.418,1.4269,1.408,1.4149,6871284.4
2026-09-19 05:00:00,1.4148,1.4391,1.4139,1.4269,11769791.7
2026-09-19 06:00:00,1.4269,1.4297,1.4159,1.4218,5659913.6
2026-09-19 07:00:00,1.4218,1.4241,1.41,1.4107,5969953.1
2026-09-19 08:00:00,1.4107,1.4222,1.4088,1.415,5495825.8
2026-09-19 09:00:00,1.415,1.4179,1.409,1.4128,4008956.4
2026-09-19 10:00:00,1.4128,1.4235,1.4115,1.4178,4711457.1
2026-09-19 11:00:00,1.4178,1.4384,1.4177,1.4343,10026944.4
2026-09-19 12:00:00,1.4343,1.4386,1.4263,1.4341,8278162.0
2026-09-19 13:00:00,1.4341,1.4499,1.4317,1.4374,13876870.5
2026-09-19 14:00:00,1.4374,1.4538,1.4356,1.4381,13065536.5
2026-09-19 15:00:00,1.4381,1.4417,1.4284,1.4308,8203630.4
2026-09-19 16:00:00,1.4309,1.4377,1.425,1.4342,7338165.1
2026-09-19 17:00:00,1.4342,1.4454,1.4228,1.4277,6998914.2
2026-09-19 18:00:00,1.4276,1.4328,1.4211,1.4301,5314072.7
2026-09-19 19:00:00,1.4302,1.4333,1.4255,1.4278,6156314.5
2026-09-19 20:00:00,1.4278,1.4354,1.4258,1.4289,4049302.6
2026-09-19 21:00:00,1.429,1.4323,1.4028,1.4096,9849328.0
2026-09-19 22:00:00,1.4097,1.4183,1.397,1.4166,7161765.4
2026-09-19 23:00:00,1.4167,1.4173,1.4096,1.4104,4471166.9
2026-09-20 00:00:00,1.4104,1.4109,1.4041,1.4061,4185365.9
2026-09-20 01:00:00,1.4061,1.4068,1.3959,1.4003,5419841.5
2026-09-20 02:00:00,1.4004,1.4066,1.368,1.3707,11866480.6
2026-09-20 03:00:00,1.3706,1.3857,1.368,1.3823,6489933.7
2026-09-20 04:00:00,1.3823,1.3854,1.3773,1.3812,3464844.2
2026-09-20 05:00:00,1.3812,1.3856,1.3786,1.3827,3618184.0
2026-09-20 06:00:00,1.3826,1.3853,1.3779,1.3806,4642258.6
2026-09-20 07:00:00,1.3806,1.385,1.3793,1.3798,4363210.0
2026-09-20 08:00:00,1.3798,1.3836,1.3739,1.3771,3906185.8
2026-09-20 09:00:00,1.377,1.3902,1.3768,1.3829,5532003.2
2026-09-20 10:00:00,1.383,1.3845,1.3741,1.3765,3823988.0
2026-09-20 11:00:00,1.3765,1.3812,1.3743,1.3804,4247547.6
2026-09-20 12:00:00,1.3804,1.3838,1.3735,1.3799,4140311.9
2026-09-20 13:00:00,1.38,1.3825,1.3742,1.3775,3510836.9
2026-09-20 14:00:00,1.3775,1.3839,1.3739,1.3793,4761961.9
2026-09-20 15:00:00,1.3792,1.3915,1.3792,1.391,8801502.7
2026-09-20 16:00:00,1.3911,1.4174,1.3876,1.4105,10252508.3
2026-09-20 17:00:00,1.4104,1.4145,1.3987,1.4029,4665500.8
2026-09-20 18:00:00,1.4028,1.4127,1.3984,1.4038,4346507.7
2026-09-20 19:00:00,1.4039,1.4139,1.4006,1.4093,3623123.7
2026-09-20 20:00:00,1.4092,1.4127,1.4057,1.4063,4210403.9
2026-09-20 21:00:00,1.4063,1.4063,1.392,1.4021,5887358.4
2026-09-20 22:00:00,1.4022,1.4126,1.3973,1.4097,4960325.7
2026-09-20 23:00:00,1.4097,1.4161,1.4075,1.4105,5218407.2
2026-09-21 00:00:00,1.4104,1.4353,1.41,1.4257,12643505.2
2026-09-21 01:00:00,1.4256,1.4388,1.4035,1.408,10503365.9
2026-09-21 02:00:00,1.4081,1.4216,1.405,1.4159,5589806.4
2026-09-21 03:00:00,1.4158,1.4261,1.4154,1.4229,3648228.2
2026-09-21 04:00:00,1.4229,1.424,1.4142,1.419,5530165.5
2026-09-21 05:00:00,1.4191,1.437,1.4155,1.43,8180028.1
2026-09-21 06:00:00,1.4301,1.4418,1.4252,1.4365,9430853.0
2026-09-21 07:00:00,1.4365,1.4454,1.4307,1.4387,11061075.5
2026-09-21 08:00:00,1.4386,1.4869,1.438,1.4761,28665590.2
2026-09-21 09:00:00,1.4761,1.4867,1.4704,1.4744,18927996.2
2026-09-21 10:00:00,1.4745,1.4944,1.469,1.4906,19561395.4
2026-09-21 11:00:00,1.4906,1.4982,1.4843,1.4856,15309839.7
2026-09-21 12:00:00,1.4856,1.4963,1.4837,1.4877,10725405.5
2026-09-21 13:00:00,1.4876,1.4975,1.4716,1.4901,18769492.5
2026-09-21 14:00:00,1.4901,1.5068,1.4755,1.497,16738505.9
2026-09-21 15:00:00,1.4969,1.5094,1.4849,1.495,14745165.3
2026-09-21 16:00:00,1.4951,1.5036,1.4804,1.489,12703718.0
2026-09-21 17:00:00,1.489,1.4998,1.4876,1.4956,9788455.5
2026-09-21 18:00:00,1.4956,1.5148,1.4916,1.5093,12641738.0
2026-09-21 19:00:00,1.5094,1.5098,1.4968,1.5074,11037224.6
2026-09-21 20:00:00,1.5075,1.5377,1.5032,1.5331,22928585.1
2026-09-21 21:00:00,1.5331,1.555,1.5176,1.5497,19340613.8
2026-09-21 22:00:00,1.5497,1.5743,1.5451,1.5559,21468647.4
2026-09-21 23:00:00,1.5559,1.5693,1.5255,1.5363,14005714.8
2026-09-22 00:00:00,1.5363,1.5407,1.5183,1.5214,10948895.0
2026-09-22 01:00:00,1.5215,1.5231,1.5035,1.5121,12686199.5
2026-09-22 02:00:00,1.512,1.5269,1.5074,1.5152,9877600.8
2026-09-22 03:00:00,1.5153,1.5219,1.51,1.5156,9464263.5
2026-09-22 04:00:00,1.5157,1.5263,1.5085,1.512,14590346.8
2026-09-22 05:00:00,1.5121,1.5182,1.4934,1.5138,12912698.9
2026-09-22 06:00:00,1.5137,1.5262,1.5115,1.5194,7393890.6
2026-09-22 07:00:00,1.5194,1.5258,1.5105,1.5186,9690155.6
2026-09-22 08:00:00,1.5187,1.5545,1.514,1.5466,13827880.2
2026-09-22 09:00:00,1.5467,1.5477,1.5264,1.5417,15935272.2
2026-09-22 10:00:00,1.5417,1.5417,1.52,1.5319,8025702.7
2026-09-22 11:00:00,1.5319,1.5459,1.5219,1.5378,9026486.8
2026-09-22 12:00:00,1.5378,1.5466,1.5297,1.5429,11596897.1
2026-09-22 13:00:00,1.543,1.5958,1.5384,1.5885,22131482.4
2026-09-22 14:00:00,1.5884,1.59,1.5331,1.5647,26108410.7
2026-09-22 15:00:00,1.5646,1.5865,1.5634,1.5722,18925901.7
2026-09-22 16:00:00,1.5722,1.5777,1.5475,1.5639,11812910.7
2026-09-22 17:00:00,1.564,1.576,1.5621,1.5719,10756947.1
2026-09-22 18:00:00,1.5719,1.5874,1.5677,1.5816,11183018.6
2026-09-22 19:00:00,1.5817,1.6094,1.5709,1.5877,24087991.7
2026-09-22 20:00:00,1.5876,1.5921,1.5675,1.5718,10990311.4
2026-09-22 21:00:00,1.5719,1.5835,1.5667,1.5684,7195501.9
2026-09-22 22:00:00,1.5684,1.5801,1.5552,1.5721,9132423.9
2026-09-22 23:00:00,1.5721,1.5845,1.5688,1.5727,10059555.3
2026-09-23 00:00:00,1.5727,1.5914,1.5694,1.5859,5701864.1
2026-09-23 01:00:00,1.5859,1.601,1.5761,1.5865,11215353.4
2026-09-23 02:00:00,1.5864,1.6013,1.5745,1.599,9882923.6
2026-09-23 03:00:00,1.599,1.6246,1.5872,1.6182,18264213.3
2026-09-23 04:00:00,1.6183,1.6581,1.61,1.6381,29135456.7
2026-09-23 05:00:00,1.6382,1.64,1.5977,1.6088,16954837.5
2026-09-23 06:00:00,1.6087,1.6371,1.6071,1.6266,10661831.7
2026-09-23 07:00:00,1.6265,1.6283,1.6125,1.6168,14003817.5
2026-09-23 08:00:00,1.6168,1.6217,1.585,1.5972,17061470.7
2026-09-23 09:00:00,1.5973,1.6039,1.5906,1.5939,16307762.6
2026-09-23 10:00:00,1.594,1.5999,1.5776,1.5946,13498284.1
2026-09-23 11:00:00,1.5946,1.5971,1.5682,1.5733,11278384.9
2026-09-23 12:00:00,1.5733,1.5741,1.5559,1.5671,10502820.1
2026-09-23 13:00:00,1.567,1.5824,1.5538,1.5755,13479055.5
2026-09-23 14:00:00,1.5756,1.5832,1.507,1.5284,41980588.4
2026-09-23 15:00:00,1.5284,1.5351,1.5033,1.5062,13411573.4
2026-09-23 16:00:00,1.5061,1.5187,1.4835,1.5004,17676923.5
2026-09-23 17:00:00,1.5005,1.5081,1.4855,1.5033,9080051.5
2026-09-23 18:00:00,1.5034,1.5037,1.4864,1.4962,7283629.8
2026-09-23 19:00:00,1.4962,1.5039,1.4902,1.4938,6854433.4
2026-09-23 20:00:00,1.4939,1.4995,1.4791,1.4835,7344942.7
2026-09-23 21:00:00,1.4834,1.5041,1.481,1.4993,6318642.5
2026-09-23 22:00:00,1.4993,1.5117,1.4966,1.5018,7012613.6
2026-09-23 23:00:00,1.5017,1.5034,1.4957,1.501,3551540.7
2026-09-24 00:00:00,1.501,1.5088,1.4975,1.5012,5194603.0
2026-09-24 01:00:00,1.5012,1.5045,1.4873,1.4896,8903680.9
2026-09-24 02:00:00,1.4896,1.5084,1.4823,1.504,5686674.0
2026-09-24 03:00:00,1.5041,1.5103,1.4912,1.4942,5401426.2
2026-09-24 04:00:00,1.4943,1.5011,1.4877,1.5008,6379171.6
2026-09-24 05:00:00,1.5007,1.5194,1.5002,1.5044,8161009.9
2026-09-24 06:00:00,1.5045,1.5099,1.5,1.5023,4355680.4
2026-09-24 07:00:00,1.5022,1.5107,1.495,1.5065,4996260.1
2026-09-24 08:00:00,1.5066,1.5085,1.4726,1.4839,9754448.5
2026-09-24 09:00:00,1.4839,1.4864,1.4547,1.4582,12813944.4
2026-09-24 10:00:00,1.4581,1.47,1.4517,1.4674,7518350.3
2026-09-24 11:00:00,1.4674,1.4741,1.4665,1.4696,7131586.0
2026-09-24 12:00:00,1.4697,1.4818,1.4663,1.4795,5563910.2
2026-09-24 13:00:00,1.4795,1.5093,1.4791,1.5026,13449880.7
2026-09-24 14:00:00,1.5025,1.5273,1.4883,1.499,21263255.3
2026-09-24 15:00:00,1.499,1.5178,1.493,1.515,9897430.5
2026-09-24 16:00:00,1.515,1.5369,1.5037,1.5329,11897399.4
2026-09-24 17:00:00,1.5329,1.5435,1.5224,1.528,12727071.5
2026-09-24 18:00:00,1.5281,1.5405,1.5167,1.537,7503698.0
2026-09-24 19:00:00,1.5371,1.5379,1.5253,1.5283,5011251.2
2026-09-24 20:00:00,1.5282,1.5346,1.5229,1.5308,5846561.2
2026-09-24 21:00:00,1.5309,1.5481,1.5298,1.5385,5839543.8
2026-09-24 22:00:00,1.5385,1.543,1.5283,1.533,6911732.5
2026-09-24 23:00:00,1.533,1.5399,1.53,1.5348,4663953.7
2026-09-25 00:00:00,1.5347,1.5612,1.5343,1.5444,13535335.6
2026-09-25 01:00:00,1.5444,1.5555,1.5353,1.5411,6328968.4
2026-09-25 02:00:00,1.5411,1.5538,1.5262,1.5286,11389839.3
2026-09-25 03:00:00,1.5286,1.5345,1.5234,1.5305,7212998.3
2026-09-25 04:00:00,1.5304,1.5417,1.5273,1.5324,4811677.7
2026-09-25 05:00:00,1.5323,1.5373,1.5268,1.5281,5384829.0
2026-09-25 06:00:00,1.5282,1.5358,1.521,1.53,4674614.0
2026-09-25 07:00:00,1.53,1.54,1.5191,1.5345,4519068.2
2026-09-25 08:00:00,1.5344,1.5493,1.531,1.5428,6291214.9
2026-09-25 09:00:00,1.5429,1.562,1.5422,1.5536,10043235.7
2026-09-25 10:00:00,1.5536,1.5618,1.545,1.5567,8935051.3
2026-09-25 11:00:00,1.5568,1.6,1.5563,1.5947,46739558.8
2026-09-25 12:00:00,1.5948,1.63,1.5789,1.6009,64802090.2
2026-09-25 13:00:00,1.6009,1.6055,1.575,1.5837,29441821.4
2026-09-25 14:00:00,1.5837,1.5995,1.563,1.589,37097321.7
2026-09-25 15:00:00,1.5891,1.5939,1.5582,1.5766,19084381.1
2026-09-25 16:00:00,1.5765,1.5863,1.5444,1.5625,15736560.1
2026-09-25 17:00:00,1.5626,1.573,1.5507,1.5643,11237203.4
2026-09-25 18:00:00,1.5643,1.5793,1.5629,1.5685,7806112.7
2026-09-25 19:00:00,1.5686,1.5751,1.5652,1.572,6071215.2
2026-09-25 20:00:00,1.572,1.5747,1.5604,1.5611,5658833.2
2026-09-25 21:00:00,1.561,1.5626,1.5516,1.5519,5514378.3
2026-09-25 22:00:00,1.5519,1.572,1.5492,1.5686,5727597.9
2026-09-25 23:00:00,1.5687,1.5788,1.5667,1.5685,3928604.6
2026-09-26 00:00:00,1.5684,1.569,1.555,1.5638,3674100.4
2026-09-26 01:00:00,1.5638,1.581,1.5631,1.5761,5661424.9
2026-09-26 02:00:00,1.5761,1.5771,1.5643,1.5648,4628074.7
2026-09-26 03:00:00,1.5648,1.5651,1.5567,1.5584,3840361.7
2026-09-26 04:00:00,1.5585,1.5624,1.5518,1.5568,4764906.7
2026-09-26 05:00:00,1.5567,1.5581,1.5481,1.55,5206838.9
2026-09-26 06:00:00,1.55,1.5518,1.5459,1.5486,4169154.3
2026-09-26 07:00:00,1.5487,1.555,1.5481,1.5527,3825804.3
2026-09-26 08:00:00,1.5527,1.557,1.5444,1.5493,4106515.9
2026-09-26 09:00:00,1.5492,1.5508,1.5367,1.5412,6584155.6
2026-09-26 10:00:00,1.5413,1.552,1.5409,1.5516,4576873.0
2026-09-26 11:00:00,1.5516,1.5524,1.5465,1.5467,3404125.3
2026-09-26 12:00:00,1.5468,1.5488,1.5387,1.5428,4907935.4
2026-09-26 13:00:00,1.5427,1.5485,1.5371,1.5414,4484928.8
2026-09-26 14:00:00,1.5414,1.5468,1.54,1.546,3106630.4
2026-09-26 15:00:00,1.546,1.5541,1.5445,1.5525,4878089.9
2026-09-26 16:00:00,1.5526,1.5528,1.5446,1.5464,3282538.5
2026-09-26 17:00:00,1.5464,1.5466,1.5337,1.5364,5905274.8
2026-09-26 18:00:00,1.5364,1.5373,1.5184,1.5211,8236149.5
2026-09-26 19:00:00,1.5211,1.527,1.5192,1.523,4263874.0
2026-09-26 20:00:00,1.523,1.5254,1.5015,1.5118,9347459.9
2026-09-26 21:00:00,1.5118,1.5281,1.511,1.5244,5672972.1
2026-09-26 22:00:00,1.5243,1.5279,1.5204,1.5221,3097836.1
2026-09-26 23:00:00,1.522,1.5303,1.522,1.5274,5798907.0
2026-09-27 00:00:00,1.5274,1.5282,1.5158,1.5175,3345530.1
2026-09-27 01:00:00,1.5175,1.526,1.5145,1.5233,4287112.8
2026-09-27 02:00:00,1.5233,1.5299,1.5195,1.5203,4195429.0
2026-09-27 03:00:00,1.5203,1.5218,1.515,1.5155,3456252.1
2026-09-27 04:00:00,1.5155,1.5186,1.506,1.5072,4009820.4
2026-09-27 05:00:00,1.5071,1.524,1.5069,1.5193,4147989.2
2026-09-27 06:00:00,1.5193,1.5252,1.5179,1.5214,5605696.3
2026-09-27 07:00:00,1.5214,1.5398,1.52,1.5389,5676119.4
2026-09-27 08:00:00,1.5388,1.5428,1.5341,1.5347,6442040.3
2026-09-27 09:00:00,1.5348,1.5391,1.527,1.5387,3978066.0
2026-09-27 10:00:00,1.5387,1.543,1.5354,1.5383,6204415.9
2026-09-27 11:00:00,1.5383,1.5403,1.5331,1.538,2602462.4
2026-09-27 12:00:00,1.538,1.5464,1.5352,1.5352,3882860.5
2026-09-27 13:00:00,1.5352,1.5375,1.5206,1.5332,7162791.1
2026-09-27 14:00:00,1.5332,1.5343,1.5126,1.5168,7440084.4
2026-09-27 15:00:00,1.5167,1.5197,1.509,1.5167,5501935.6
2026-09-27 16:00:00,1.5167,1.5247,1.5147,1.5189,2821215.8
2026-09-27 17:00:00,1.5188,1.5257,1.5183,1.5246,2400114.6
2026-09-27 18:00:00,1.5246,1.5416,1.524,1.539,4079107.9
2026-09-27 19:00:00,1.539,1.5394,1.5287,1.5317,2686213.1
2026-09-27 20:00:00,1.5317,1.5355,1.5225,1.5235,3193855.8
2026-09-27 21:00:00,1.5235,1.5299,1.5144,1.5224,4954677.7
2026-09-27 22:00:00,1.5224,1.5246,1.5035,1.5079,9391399.7
2026-09-27 23:00:00,1.5079,1.52,1.5067,1.5167,6360100.8
2026-09-28 00:00:00,1.5167,1.5368,1.5107,1.5145,7965225.8
2026-09-28 01:00:00,1.5145,1.5212,1.4952,1.505,11258099.8
2026-09-28 02:00:00,1.5049,1.516,1.4934,1.4966,8972340.6
2026-09-28 03:00:00,1.4966,1.5033,1.4833,1.4924,7447266.0
2026-09-28 04:00:00,1.4924,1.4995,1.4843,1.4962,5492181.3
2026-09-28 05:00:00,1.4962,1.5,1.4704,1.484,9350456.6
2026-09-28 06:00:00,1.4839,1.4907,1.4775,1.4798,5142806.4
2026-09-28 07:00:00,1.4799,1.4882,1.4703,1.4714,5920625.1
2026-09-28 08:00:00,1.4715,1.4849,1.4706,1.4813,7455263.0
2026-09-28 09:00:00,1.4814,1.4871,1.4706,1.4794,6784909.6
2026-09-28 10:00:00,1.4795,1.4943,1.4794,1.4893,7335701.6
2026-09-28 11:00:00,1.4893,1.4958,1.4852,1.4935,6150508.3
2026-09-28 12:00:00,1.4934,1.5265,1.4897,1.5239,17842808.5
2026-09-28 13:00:00,1.524,1.5324,1.515,1.5211,13174507.4
2026-09-28 14:00:00,1.5211,1.5211,1.474,1.4857,17294055.9
2026-09-28 15:00:00,1.4857,1.4979,1.475,1.4948,7042264.0
2026-09-28 16:00:00,1.4947,1.5215,1.4905,1.4999,10759908.4
2026-09-28 17:00:00,1.4999,1.52,1.4905,1.5072,6793769.4
2026-09-28 18:00:00,1.5072,1.5169,1.504,1.5123,3931818.2
2026-09-28 19:00:00,1.5123,1.5126,1.48,1.4841,6801235.0
2026-09-28 20:00:00,1.4841,1.496,1.4767,1.4951,3549711.5
2026-09-28 21:00:00,1.4952,1.5009,1.4844,1.486,6467980.6
2026-09-28 22:00:00,1.4861,1.4941,1.4775,1.493,4103749.6
2026-09-28 23:00:00,1.4929,1.5006,1.4917,1.4968,1956212.4
2026-09-29 00:00:00,1.4968,1.5038,1.4882,1.4882,3001206.0
2026-09-29 01:00:00,1.4882,1.4948,1.4663,1.4774,11423768.1
2026-09-29 02:00:00,1.4774,1.4818,1.4675,1.4762,4063877.2
2026-09-29 03:00:00,1.4762,1.4921,1.475,1.489,4208726.4
2026-09-29 04:00:00,1.4891,1.492,1.4795,1.4856,3017887.8
2026-09-29 05:00:00,1.4856,1.494,1.4745,1.494,3905537.3
2026-09-29 06:00:00,1.4939,1.5085,1.4938,1.5059,5302493.0
2026-09-29 07:00:00,1.5058,1.5119,1.5026,1.5079,4310707.8
2026-09-29 08:00:00,1.5079,1.5142,1.498,1.5008,4508128.8
2026-09-29 09:00:00,1.5008,1.5146,1.4977,1.511,2879386.6
2026-09-29 10:00:00,1.511,1.5126,1.5025,1.5081,2894226.8
2026-09-29 11:00:00,1.5081,1.5206,1.505,1.5172,4647209.5
2026-09-29 12:00:00,1.5173,1.5562,1.5122,1.5474,31525163.0
2026-09-29 13:00:00,1.5474,1.5563,1.5395,1.5483,14627903.5
2026-09-29 14:00:00,1.5483,1.5617,1.5417,1.5456,14057526.7
2026-09-29 15:00:00,1.5456,1.5457,1.5078,1.5179,15710624.7
2026-09-29 16:00:00,1.5179,1.5241,1.4805,1.4859,17488831.2
2026-09-29 17:00:00,1.486,1.4903,1.4764,1.4822,9671189.1
2026-09-29 18:00:00,1.4822,1.5015,1.4822,1.5,6528370.9
2026-09-29 19:00:00,1.4999,1.5039,1.4917,1.4938,4615633.6
2026-09-29 20:00:00,1.4938,1.5011,1.4902,1.4968,2377984.9
2026-09-29 21:00:00,1.4968,1.4988,1.4901,1.4958,4246150.9
2026-09-29 22:00:00,1.4958,1.5002,1.4917,1.4936,9661489.0
2026-09-29 23:00:00,1.4936,1.499,1.4881,1.4906,4341604.3
2026-09-30 00:00:00,1.4907,1.4927,1.4858,1.4924,4629820.0
2026-09-30 01:00:00,1.4923,1.5007,1.4912,1.4973,5058400.2
2026-09-30 02:00:00,1.4973,1.5047,1.4962,1.5013,4577157.3
2026-09-30 03:00:00,1.5013,1.5022,1.4905,1.4934,3068623.3
2026-09-30 04:00:00,1.4933,1.4995,1.4927,1.4935,3115232.7
2026-09-30 05:00:00,1.4936,1.5057,1.4935,1.5036,5566289.5
2026-09-30 06:00:00,1.5035,1.507,1.4921,1.4931,5973505.4
2026-09-30 07:00:00,1.4931,1.5042,1.4897,1.5005,5895317.6
2026-09-30 08:00:00,1.5004,1.5014,1.4922,1.4974,5054550.2
2026-09-30 09:00:00,1.4974,1.5161,1.4968,1.5103,8054019.8
2026-09-30 10:00:00,1.5103,1.5154,1.5068,1.5127,4915616.6
2026-09-30 11:00:00,1.5127,1.5205,1.507,1.5159,5235982.0
2026-09-30 12:00:00,1.5158,1.5407,1.5066,1.5344,16717482.3
2026-09-30 13:00:00,1.5345,1.5443,1.5081,1.5199,21216330.0
2026-09-30 14:00:00,1.5199,1.5222,1.492,1.4974,14114065.8
2026-09-30 15:00:00,1.4973,1.5095,1.4897,1.5054,6134615.8
2026-09-30 16:00:00,1.5054,1.5149,1.505,1.5121,1143710.3
