ts,open,high,low,close,volume,date
1580428800000,0.0545,0.05559,0.05209,0.05387,244632854.0,2020-01-31
1580515200000,0.05383,0.05745,0.05304,0.0562,372594843.0,2020-02-01
1580601600000,0.05616,0.0596,0.05484,0.05583,481355438.0,2020-02-02
1580688000000,0.05577,0.05808,0.05526,0.05718,337457383.0,2020-02-03
1580774400000,0.05718,0.05789,0.05406,0.05601,267287553.0,2020-02-04
1580860800000,0.05605,0.06028,0.05572,0.05949,293624089.0,2020-02-05
1580947200000,0.05947,0.06115,0.0572,0.06014,285964483.0,2020-02-06
1581033600000,0.06016,0.06306,0.05966,0.06014,301494128.0,2020-02-07
1581120000000,0.06015,0.06147,0.0569,0.06018,258763669.0,2020-02-08
1581206400000,0.06014,0.06261,0.0601,0.06194,219182975.0,2020-02-09
1581292800000,0.06194,0.06246,0.05818,0.06029,246284094.0,2020-02-10
1581379200000,0.0603,0.06364,0.05901,0.06357,316957344.0,2020-02-11
1581465600000,0.06352,0.0709,0.06351,0.06825,552763234.0,2020-02-12
1581552000000,0.06829,0.07256,0.06476,0.06882,688219788.0,2020-02-13
1581638400000,0.06883,0.0715,0.06709,0.07082,491638895.0,2020-02-14
1581724800000,0.07082,0.0715,0.06189,0.06433,493739507.0,2020-02-15
1581811200000,0.0643,0.06717,0.05635,0.06159,519254402.0,2020-02-16
1581897600000,0.06156,0.06286,0.05567,0.06024,480135119.0,2020-02-17
1581984000000,0.06024,0.06377,0.05748,0.06283,408675432.0,2020-02-18
1582070400000,0.06282,0.06306,0.05654,0.05737,360991315.0,2020-02-19
1582156800000,0.05734,0.05908,0.05545,0.05818,323424931.0,2020-02-20
1582243200000,0.05818,0.06006,0.05739,0.05847,324430721.0,2020-02-21
1582329600000,0.05856,0.05912,0.05701,0.0583,275321494.0,2020-02-22
1582416000000,0.0583,0.06211,0.05823,0.06151,346239333.0,2020-02-23
1582502400000,0.0615,0.06191,0.0574,0.05907,387317026.0,2020-02-24
1582588800000,0.05907,0.05925,0.05577,0.05606,364172176.0,2020-02-25
1582675200000,0.05607,0.05674,0.04625,0.04914,577235373.0,2020-02-26
1582761600000,0.04918,0.05212,0.04614,0.04989,338999152.0,2020-02-27
1582848000000,0.04987,0.05134,0.02286,0.0489,313933720.0,2020-02-28
1582934400000,0.04886,0.05001,0.04709,0.0471,255284363.0,2020-02-29
1583020800000,0.04709,0.04835,0.04505,0.04563,319589360.0,2020-03-01
1583107200000,0.04564,0.04987,0.04545,0.04933,318808647.0,2020-03-02
1583193600000,0.04928,0.04944,0.04742,0.04869,304649550.0,2020-03-03
1583280000000,0.04871,0.05043,0.04786,0.04903,255736293.0,2020-03-04
1583366400000,0.04902,0.05242,0.04901,0.05102,359660890.0,2020-03-05
1583452800000,0.05105,0.0518,0.04985,0.0518,280916982.0,2020-03-06
1583539200000,0.0518,0.05197,0.04816,0.04882,308561489.0,2020-03-07
1583625600000,0.04888,0.04888,0.0422,0.04296,260615130.0,2020-03-08
1583712000000,0.04295,0.04398,0.03894,0.04157,469918638.0,2020-03-09
1583798400000,0.04154,0.04303,0.04035,0.04147,402798939.0,2020-03-10
1583884800000,0.04147,0.04182,0.03732,0.03967,351085079.0,2020-03-11
1583971200000,0.0397,0.03986,0.02193,0.02329,782726207.0,2020-03-12
1584057600000,0.02321,0.02936,0.01752,0.02844,744073334.0,2020-03-13
1584144000000,0.02844,0.02893,0.02519,0.02574,395308078.0,2020-03-14
1584230400000,0.02572,0.02908,0.02539,0.02689,392917004.0,2020-03-15
1584316800000,0.02688,0.02694,0.02149,0.02412,926923271.0,2020-03-16
1584403200000,0.02412,0.02643,0.02374,0.02569,319351210.0,2020-03-17
1584489600000,0.02566,0.02646,0.02425,0.02605,275449039.0,2020-03-18
1584576000000,0.02605,0.032,0.02572,0.03031,297681223.0,2020-03-19
1584662400000,0.03032,0.03396,0.02644,0.02946,324104722.0,2020-03-20
1584748800000,0.02945,0.03067,0.02782,0.02946,224723280.0,2020-03-21
1584835200000,0.02945,0.03041,0.02674,0.027,149598449.0,2020-03-22
1584921600000,0.02702,0.03009,0.02642,0.02925,144861169.0,2020-03-23
1585008000000,0.02923,0.03041,0.02872,0.0302,119897727.0,2020-03-24
1585094400000,0.0302,0.03042,0.02869,0.02944,129869775.0,2020-03-25
1585180800000,0.02943,0.031,0.02921,0.03083,83919632.0,2020-03-26
1585267200000,0.03083,0.03145,0.02802,0.02878,104845673.0,2020-03-27
1585353600000,0.02876,0.02995,0.02775,0.02975,131218141.0,2020-03-28
1585440000000,0.02972,0.02996,0.02802,0.02805,83410576.0,2020-03-29
1585526400000,0.02805,0.0304,0.028,0.02964,87270621.0,2020-03-30
1585612800000,0.02965,0.03063,0.02948,0.0304,72147001.0,2020-03-31
1585699200000,0.0304,0.03092,0.0294,0.03091,99728949.0,2020-04-01
1585785600000,0.0309,0.03359,0.03071,0.03192,170345665.0,2020-04-02
1585872000000,0.0319,0.03271,0.03163,0.03234,104901191.0,2020-04-03
1585958400000,0.03232,0.03275,0.03174,0.03244,86496615.0,2020-04-04
1586044800000,0.03242,0.03258,0.03163,0.03189,72159874.0,2020-04-05
1586131200000,0.0319,0.0362,0.0319,0.03593,157363695.0,2020-04-06
1586217600000,0.03593,0.03699,0.03454,0.03532,153122029.0,2020-04-07
1586304000000,0.03533,0.03686,0.03529,0.03645,126437756.0,2020-04-08
1586390400000,0.03647,0.03664,0.03512,0.03611,115631144.0,2020-04-09
1586476800000,0.0361,0.03624,0.03216,0.03325,165941900.0,2020-04-10
1586563200000,0.03325,0.03413,0.03263,0.03342,109714215.0,2020-04-11
1586649600000,0.03344,0.03489,0.03292,0.03347,112184843.0,2020-04-12
1586736000000,0.03345,0.0337,0.03188,0.03307,162597342.0,2020-04-13
1586822400000,0.03307,0.0338,0.03266,0.03309,86677469.0,2020-04-14
1586908800000,0.03308,0.03366,0.03177,0.03184,103146762.0,2020-04-15
1586995200000,0.03184,0.03499,0.03095,0.03443,184387325.0,2020-04-16
1587081600000,0.03443,0.0349,0.03406,0.0343,78149857.0,2020-04-17
1587168000000,0.03429,0.03704,0.03427,0.03654,127751304.0,2020-04-18
1587254400000,0.03654,0.03673,0.03506,0.03549,143730775.0,2020-04-19
1587340800000,0.03549,0.03658,0.03386,0.03395,194973736.0,2020-04-20
1587427200000,0.03395,0.03501,0.03372,0.03454,128300016.0,2020-04-21
1587513600000,0.03454,0.03668,0.03435,0.03665,103418316.0,2020-04-22
1587600000000,0.03666,0.0426,0.03648,0.04092,540010247.0,2020-04-23
1587686400000,0.04093,0.04397,0.0409,0.04171,659495152.0,2020-04-24
1587772800000,0.04171,0.0436,0.04106,0.04227,309146036.0,2020-04-25
1587859200000,0.04229,0.04614,0.04185,0.04598,525903507.0,2020-04-26
1587945600000,0.04596,0.04771,0.04421,0.04645,718090673.0,2020-04-27
1588032000000,0.04649,0.04823,0.04595,0.04681,501335108.0,2020-04-28
1588118400000,0.04681,0.05218,0.04676,0.05152,596353001.0,2020-04-29
1588204800000,0.05152,0.0544,0.0472,0.04757,841579683.0,2020-04-30
1588291200000,0.04766,0.05193,0.04756,0.05103,581626021.0,2020-05-01
1588377600000,0.05104,0.0516,0.04943,0.05106,353444813.0,2020-05-02
1588464000000,0.05104,0.05183,0.0475,0.04893,423660911.0,2020-05-03
1588550400000,0.04893,0.0508,0.04613,0.04946,771797143.0,2020-05-04
1588636800000,0.04945,0.05065,0.04862,0.04947,427880928.0,2020-05-05
1588723200000,0.04946,0.0512,0.0486,0.04895,288348638.0,2020-05-06
1588809600000,0.04895,0.05173,0.04822,0.05127,325750688.0,2020-05-07
1588896000000,0.05128,0.05377,0.05089,0.05204,340641012.0,2020-05-08
1588982400000,0.05206,0.0532,0.05126,0.05152,334548824.0,2020-05-09
1589068800000,0.05156,0.05164,0.0419,0.04762,689358114.0,2020-05-10
1589155200000,0.04762,0.05015,0.04467,0.04781,711196387.0,2020-05-11
1589241600000,0.04783,0.05125,0.04777,0.05043,509797456.0,2020-05-12
1589328000000,0.05043,0.05227,0.04955,0.05145,272214709.0,2020-05-13
1589414400000,0.05142,0.05197,0.05033,0.05097,247018020.0,2020-05-14
1589500800000,0.05096,0.05206,0.04953,0.05033,238741060.0,2020-05-15
1589587200000,0.05033,0.05145,0.04992,0.05103,188831957.0,2020-05-16
1589673600000,0.05103,0.05223,0.05091,0.05128,130513152.0,2020-05-17
1589760000000,0.05128,0.05526,0.05111,0.05436,324435643.0,2020-05-18
1589846400000,0.05435,0.057,0.05269,0.0568,324863530.0,2020-05-19
1589932800000,0.0568,0.0577,0.05404,0.05692,375748511.0,2020-05-20
1590019200000,0.05693,0.05763,0.05018,0.05213,489790682.0,2020-05-21
1590105600000,0.05214,0.05701,0.05124,0.05576,385629223.0,2020-05-22
1590192000000,0.05576,0.05658,0.05414,0.05494,275302384.0,2020-05-23
1590278400000,0.05494,0.05623,0.05089,0.05106,317160239.0,2020-05-24
1590364800000,0.05108,0.0543,0.05039,0.0539,415388659.0,2020-05-25
1590451200000,0.0539,0.05414,0.05183,0.05356,260851574.0,2020-05-26
1590537600000,0.05353,0.05591,0.05294,0.05507,348872765.0,2020-05-27
1590624000000,0.05507,0.06774,0.05481,0.06489,991190075.0,2020-05-28
1590710400000,0.06486,0.06673,0.06244,0.06463,982966663.0,2020-05-29
1590796800000,0.06463,0.07749,0.06371,0.07678,1726833297.0,2020-05-30
1590883200000,0.07675,0.087,0.07213,0.07385,3093438854.0,2020-05-31
1590969600000,0.07391,0.0832,0.07347,0.08112,1998876334.0,2020-06-01
1591056000000,0.08114,0.08268,0.0704,0.07876,1493758188.0,2020-06-02
1591142400000,0.07879,0.08618,0.07703,0.08561,1417487150.0,2020-06-03
1591228800000,0.08561,0.09041,0.0828,0.08878,1821863959.0,2020-06-04
1591315200000,0.08879,0.08925,0.08383,0.08516,970493489.0,2020-06-05
1591401600000,0.08519,0.08741,0.08478,0.08611,648545731.0,2020-06-06
1591488000000,0.08616,0.08856,0.08212,0.08658,1082740051.0,2020-06-07
1591574400000,0.08658,0.08703,0.08461,0.08652,388351586.0,2020-06-08
1591660800000,0.08651,0.0868,0.08286,0.08293,453739747.0,2020-06-09
1591747200000,0.08293,0.08398,0.07932,0.08364,925305817.0,2020-06-10
1591833600000,0.08365,0.08508,0.07393,0.0753,1000249804.0,2020-06-11
1591920000000,0.07529,0.081,0.07501,0.07949,707636884.0,2020-06-12
1592006400000,0.07947,0.07953,0.07722,0.07906,344865485.0,2020-06-13
1592092800000,0.07906,0.07925,0.07566,0.07646,349139865.0,2020-06-14
1592179200000,0.07646,0.0798,0.06931,0.07823,1176929529.0,2020-06-15
1592265600000,0.07822,0.08,0.07653,0.07919,710802864.0,2020-06-16
1592352000000,0.07919,0.0838,0.07718,0.08341,1123534556.0,2020-06-17
1592438400000,0.08342,0.08449,0.08,0.08173,811368432.0,2020-06-18
1592524800000,0.08173,0.08186,0.07843,0.07989,661514085.0,2020-06-19
1592611200000,0.0799,0.08019,0.07665,0.07942,461888137.0,2020-06-20
1592697600000,0.07941,0.08099,0.078,0.07829,372622762.0,2020-06-21
1592784000000,0.07827,0.08388,0.07805,0.0835,502901917.0,2020-06-22
1592870400000,0.08349,0.08444,0.0815,0.08274,433628876.0,2020-06-23
1592956800000,0.08273,0.0872,0.07998,0.08252,1079579059.0,2020-06-24
1593043200000,0.08245,0.0835,0.07848,0.08156,465740213.0,2020-06-25
1593129600000,0.08156,0.08178,0.07943,0.08055,395885329.0,2020-06-26
1593216000000,0.08055,0.08096,0.074,0.07728,441161754.0,2020-06-27
1593302400000,0.07728,0.081,0.07594,0.0802,544496505.0,2020-06-28
1593388800000,0.0802,0.08433,0.08013,0.08377,1090292522.0,2020-06-29
1593475200000,0.08378,0.08454,0.08174,0.0829,655352534.0,2020-06-30
1593561600000,0.08289,0.097,0.08223,0.09661,1727965982.0,2020-07-01
1593648000000,0.09664,0.09675,0.08724,0.09287,2084379572.0,2020-07-02
1593734400000,0.09282,0.10214,0.09208,0.09634,1777431289.0,2020-07-03
1593820800000,0.09633,0.10108,0.0957,0.10005,1457291997.0,2020-07-04
1593907200000,0.10005,0.10006,0.094,0.09806,992868260.0,2020-07-05
1593993600000,0.09806,0.10711,0.09717,0.10505,1066465774.0,2020-07-06
1594080000000,0.1051,0.11923,0.10282,0.11741,1910341965.0,2020-07-07
1594166400000,0.11743,0.13955,0.11445,0.13008,3092296678.0,2020-07-08
1594252800000,0.13008,0.1301,0.11764,0.12415,1647847419.0,2020-07-09
1594339200000,0.1241,0.12445,0.1103,0.11842,1531316806.0,2020-07-10
1594425600000,0.11838,0.12733,0.11757,0.12528,894693642.0,2020-07-11
1594512000000,0.12525,0.12868,0.1203,0.12694,883925607.0,2020-07-12
1594598400000,0.12684,0.1367,0.12,0.12407,1387214090.0,2020-07-13
1594684800000,0.12407,0.13626,0.12031,0.13268,1241616310.0,2020-07-14
1594771200000,0.13264,0.13306,0.12731,0.13077,730126576.0,2020-07-15
1594857600000,0.13074,0.13386,0.11801,0.12586,1247095769.0,2020-07-16
1594944000000,0.1259,0.12669,0.12121,0.12213,561627474.0,2020-07-17
1595030400000,0.12212,0.12466,0.11817,0.12255,600136749.0,2020-07-18
1595116800000,0.12257,0.12476,0.12107,0.12393,360484437.0,2020-07-19
1595203200000,0.12395,0.12424,0.115,0.11766,508912976.0,2020-07-20
1595289600000,0.11766,0.12487,0.11657,0.12321,590976326.0,2020-07-21
1595376000000,0.12319,0.12474,0.12025,0.12393,348962242.0,2020-07-22
1595462400000,0.1239,0.12684,0.12346,0.1243,495111780.0,2020-07-23
1595548800000,0.1243,0.12443,0.12055,0.12204,343510485.0,2020-07-24
1595635200000,0.12209,0.146,0.12204,0.14361,1755756007.0,2020-07-25
1595721600000,0.14366,0.15523,0.14115,0.14849,1997132332.0,2020-07-26
1595808000000,0.14855,0.15006,0.1296,0.13873,1638504539.0,2020-07-27
1595894400000,0.13873,0.15162,0.13294,0.14918,1085853428.0,2020-07-28
1595980800000,0.14918,0.15021,0.13805,0.13985,759331118.0,2020-07-29
1596067200000,0.13985,0.14275,0.13688,0.14076,484851793.0,2020-07-30
1596153600000,0.14071,0.14171,0.13555,0.13905,425559107.0,2020-07-31
1596240000000,0.13903,0.14765,0.13821,0.14428,747272615.0,2020-08-01
1596326400000,0.14436,0.14941,0.1257,0.13393,960483218.0,2020-08-02
1596412800000,0.13394,0.1396,0.13201,0.1376,399044269.0,2020-08-03
1596499200000,0.1376,0.14833,0.1361,0.14348,681720850.0,2020-08-04
1596585600000,0.1435,0.1456,0.13854,0.14245,484287290.0,2020-08-05
1596672000000,0.14244,0.14615,0.14,0.14461,460009489.0,2020-08-06
1596758400000,0.14462,0.14778,0.13201,0.13911,502030069.0,2020-08-07
1596844800000,0.13912,0.14887,0.13731,0.14741,491413501.0,2020-08-08
1596931200000,0.14741,0.15307,0.14147,0.14532,712975579.0,2020-08-09
1597017600000,0.14536,0.1468,0.142,0.14406,396471221.0,2020-08-10
1597104000000,0.14406,0.14477,0.13135,0.13699,477844579.0,2020-08-11
1597190400000,0.13702,0.13802,0.12287,0.13677,632381708.0,2020-08-12
1597276800000,0.13684,0.14242,0.13159,0.13955,611473581.0,2020-08-13
1597363200000,0.13958,0.14155,0.1375,0.13847,368231853.0,2020-08-14
1597449600000,0.1385,0.14214,0.13636,0.13862,402317062.0,2020-08-15
1597536000000,0.13862,0.13988,0.135,0.13893,285889585.0,2020-08-16
1597622400000,0.13898,0.14529,0.13753,0.14069,581967760.0,2020-08-17
1597708800000,0.14056,0.14435,0.13367,0.13706,407177790.0,2020-08-18
1597795200000,0.13707,0.13867,0.12606,0.12986,565975856.0,2020-08-19
1597881600000,0.12986,0.13473,0.12632,0.13435,407540709.0,2020-08-20
1597968000000,0.1343,0.13451,0.12152,0.12316,568494570.0,2020-08-21
1598054400000,0.12326,0.12646,0.11829,0.12525,370964758.0,2020-08-22
1598140800000,0.12526,0.12609,0.1195,0.12154,280670644.0,2020-08-23
1598227200000,0.1216,0.1273,0.12009,0.12375,328710771.0,2020-08-24
1598313600000,0.1238,0.12415,0.1053,0.11248,716242492.0,2020-08-25
1598400000000,0.11248,0.11844,0.11025,0.1144,546462847.0,2020-08-26
1598486400000,0.1144,0.11602,0.10222,0.10734,676954084.0,2020-08-27
1598572800000,0.10732,0.11168,0.10608,0.10938,398849109.0,2020-08-28
1598659200000,0.10937,0.11797,0.10813,0.1163,391387875.0,2020-08-29
1598745600000,0.11631,0.1188,0.11375,0.1175,372861397.0,2020-08-30
1598832000000,0.11749,0.12702,0.11305,0.12264,692460787.0,2020-08-31
1598918400000,0.12264,0.12834,0.11915,0.12465,514857732.0,2020-09-01
1599004800000,0.12465,0.12669,0.11027,0.11504,604238809.0,2020-09-02
1599091200000,0.11506,0.11711,0.09168,0.09436,862535926.0,2020-09-03
1599177600000,0.09437,0.10388,0.09204,0.10154,911396442.0,2020-09-04
1599264000000,0.10153,0.10392,0.08599,0.08996,771246845.0,2020-09-05
1599350400000,0.08996,0.09631,0.08515,0.09266,613492196.0,2020-09-06
1599436800000,0.09265,0.09431,0.086,0.09362,542709293.0,2020-09-07
1599523200000,0.09363,0.09702,0.08822,0.09105,471325562.0,2020-09-08
1599609600000,0.09108,0.09585,0.08921,0.09331,286791624.0,2020-09-09
1599696000000,0.0933,0.09953,0.09315,0.0971,450788921.0,2020-09-10
1599782400000,0.09704,0.09761,0.0931,0.09702,323274933.0,2020-09-11
1599868800000,0.09702,0.09856,0.09445,0.09766,263623977.0,2020-09-12
1599955200000,0.09765,0.09982,0.09238,0.09507,310307220.0,2020-09-13
1600041600000,0.0951,0.09777,0.09284,0.09664,252390830.0,2020-09-14
1600128000000,0.09662,0.09805,0.09285,0.09312,253241066.0,2020-09-15
1600214400000,0.0931,0.09332,0.08951,0.09148,291607839.0,2020-09-16
1600300800000,0.09148,0.09481,0.09069,0.09411,252684967.0,2020-09-17
1600387200000,0.09409,0.09415,0.08967,0.09099,197529690.0,2020-09-18
1600473600000,0.09099,0.09332,0.09048,0.09143,150197808.0,2020-09-19
1600560000000,0.09143,0.09231,0.08752,0.0894,249673935.0,2020-09-20
1600646400000,0.08943,0.0902,0.07685,0.07984,462484243.0,2020-09-21
1600732800000,0.07988,0.08335,0.07904,0.08148,314308648.0,2020-09-22
1600819200000,0.08149,0.08281,0.07552,0.07668,362706271.0,2020-09-23
1600905600000,0.07669,0.0838,0.07549,0.08261,417583569.0,2020-09-24
1600992000000,0.08259,0.09862,0.08237,0.09686,1212535350.0,2020-09-25
1601078400000,0.09687,0.1,0.09224,0.09548,609005850.0,2020-09-26
1601164800000,0.09545,0.1028,0.09425,0.1013,680859374.0,2020-09-27
1601251200000,0.10135,0.10678,0.09955,0.10023,656279754.0,2020-09-28
1601337600000,0.10029,0.10358,0.09734,0.10109,439022075.0,2020-09-29
1601424000000,0.10111,0.10173,0.09661,0.10138,366248580.0,2020-09-30
1601510400000,0.10138,0.10469,0.0944,0.09803,435981342.0,2020-10-01
1601596800000,0.09804,0.10039,0.08959,0.09288,495917304.0,2020-10-02
1601683200000,0.09289,0.09532,0.0921,0.09327,231753965.0,2020-10-03
1601769600000,0.09329,0.09802,0.09203,0.09688,243828799.0,2020-10-04
1601856000000,0.09687,0.09959,0.09585,0.09735,254833269.0,2020-10-05
1601942400000,0.09736,0.0986,0.09119,0.0929,377832755.0,2020-10-06
1602028800000,0.09286,0.09449,0.08933,0.09371,232536288.0,2020-10-07
1602115200000,0.09371,0.09728,0.08965,0.09627,363752727.0,2020-10-08
1602201600000,0.09627,0.10256,0.09482,0.1013,368354994.0,2020-10-09
1602288000000,0.1013,0.11135,0.10129,0.10495,741162735.0,2020-10-10
1602374400000,0.10492,0.10906,0.10415,0.10643,479141516.0,2020-10-11
1602460800000,0.10649,0.11381,0.10221,0.10948,530244000.0,2020-10-12
1602547200000,0.10956,0.11439,0.10749,0.10931,630523914.0,2020-10-13
1602633600000,0.1093,0.11246,0.10525,0.10714,466186740.0,2020-10-14
1602720000000,0.10711,0.10785,0.1044,0.10673,316295229.0,2020-10-15
1602806400000,0.10672,0.10742,0.1023,0.10422,314532163.0,2020-10-16
1602892800000,0.10424,0.10763,0.10321,0.10593,253793480.0,2020-10-17
1602979200000,0.10593,0.10771,0.1051,0.10742,172268035.0,2020-10-18
1603065600000,0.10745,0.11134,0.10609,0.10868,378875511.0,2020-10-19
1603152000000,0.10868,0.10893,0.10039,0.10238,448740733.0,2020-10-20
1603238400000,0.10237,0.10875,0.10131,0.10597,457541286.0,2020-10-21
1603324800000,0.10591,0.113,0.1053,0.11089,485211197.0,2020-10-22
1603411200000,0.11085,0.11249,0.10521,0.10814,456747054.0,2020-10-23
1603497600000,0.10811,0.11009,0.1074,0.10813,235916885.0,2020-10-24
1603584000000,0.10812,0.10888,0.1061,0.1065,212341434.0,2020-10-25
1603670400000,0.10649,0.10766,0.09868,0.10303,431096041.0,2020-10-26
1603756800000,0.10304,0.10578,0.10181,0.10256,333987695.0,2020-10-27
1603843200000,0.10256,0.1033,0.09484,0.09872,525633399.0,2020-10-28
1603929600000,0.09872,0.10091,0.09487,0.09536,470867105.0,2020-10-29
1604016000000,0.09537,0.0957,0.08911,0.09333,503529603.0,2020-10-30
1604102400000,0.09332,0.09549,0.09204,0.09291,272150091.0,2020-10-31
1604188800000,0.09291,0.09866,0.09237,0.09822,295960126.0,2020-11-01
1604275200000,0.09822,0.09999,0.09134,0.09225,467479008.0,2020-11-02
1604361600000,0.09223,0.09417,0.0879,0.09354,433644516.0,2020-11-03
1604448000000,0.09355,0.09633,0.09157,0.09549,477315439.0,2020-11-04
1604534400000,0.0955,0.09818,0.09212,0.09758,483732244.0,2020-11-05
1604620800000,0.09759,0.11025,0.09707,0.10917,717542859.0,2020-11-06
1604707200000,0.1092,0.1142,0.09877,0.1014,838995800.0,2020-11-07
1604793600000,0.10144,0.10849,0.09984,0.10667,390086217.0,2020-11-08
1604880000000,0.10667,0.10814,0.10135,0.10567,441474144.0,2020-11-09
1604966400000,0.10567,0.10927,0.10363,0.10594,408360657.0,2020-11-10
1605052800000,0.10595,0.10904,0.10552,0.10603,364263544.0,2020-11-11
1605139200000,0.10603,0.10668,0.10257,0.10461,310191660.0,2020-11-12
1605225600000,0.10461,0.10813,0.10405,0.10647,357427001.0,2020-11-13
1605312000000,0.1064,0.10753,0.1015,0.10416,286289126.0,2020-11-14
1605398400000,0.1042,0.10541,0.09857,0.10053,278085101.0,2020-11-15
1605484800000,0.10053,0.10516,0.09955,0.1039,312455787.0,2020-11-16
1605571200000,0.10392,0.11298,0.10362,0.10966,596937092.0,2020-11-17
1605657600000,0.10971,0.11188,0.10137,0.10679,639498635.0,2020-11-18
1605744000000,0.10678,0.1084,0.1045,0.10597,351840828.0,2020-11-19
1605830400000,0.10595,0.11944,0.10563,0.11852,647998293.0,2020-11-20
1605916800000,0.11853,0.13509,0.116,0.13354,1360464139.0,2020-11-21
1606003200000,0.1336,0.15399,0.1201,0.14626,2563077726.0,2020-11-22
1606089600000,0.14625,0.15967,0.14108,0.15494,1861335778.0,2020-11-23
1606176000000,0.15493,0.18434,0.15168,0.16758,2315445528.0,2020-11-24
1606262400000,0.16758,0.17655,0.1471,0.1551,1588486067.0,2020-11-25
1606348800000,0.15503,0.16144,0.11698,0.13872,2290233686.0,2020-11-26
1606435200000,0.13878,0.14574,0.13075,0.14174,967788192.0,2020-11-27
1606521600000,0.14174,0.17356,0.13851,0.16503,1746679209.0,2020-11-28
1606608000000,0.16501,0.17174,0.15722,0.1669,1218806194.0,2020-11-29
1606694400000,0.16692,0.1742,0.16017,0.17231,1340343480.0,2020-11-30
1606780800000,0.17235,0.17504,0.14115,0.15567,1558114609.0,2020-12-01
1606867200000,0.15564,0.16021,0.15071,0.15857,596699947.0,2020-12-02
1606953600000,0.15857,0.16873,0.15526,0.16424,586213421.0,2020-12-03
1607040000000,0.16422,0.16495,0.14601,0.14793,633594574.0,2020-12-04
1607126400000,0.14793,0.16218,0.14611,0.16008,516225244.0,2020-12-05
1607212800000,0.1601,0.16313,0.15302,0.15888,395065835.0,2020-12-06
1607299200000,0.15887,0.15925,0.1515,0.15411,259993303.0,2020-12-07
1607385600000,0.15413,0.15537,0.137,0.14115,609821212.0,2020-12-08
1607472000000,0.14114,0.15032,0.13001,0.14808,754054173.0,2020-12-09
1607558400000,0.14796,0.14877,0.13895,0.14188,377810528.0,2020-12-10
1607644800000,0.14189,0.1429,0.13483,0.13933,425074398.0,2020-12-11
1607731200000,0.13936,0.14744,0.13879,0.14443,353010529.0,2020-12-12
1607817600000,0.14442,0.1567,0.14292,0.15423,460031021.0,2020-12-13
1607904000000,0.15422,0.15897,0.14972,0.15887,386395679.0,2020-12-14
1607990400000,0.15888,0.16024,0.15288,0.15395,362460274.0,2020-12-15
1608076800000,0.15396,0.1688,0.14908,0.1685,682347721.0,2020-12-16
1608163200000,0.1685,0.17721,0.16066,0.16361,998525626.0,2020-12-17
1608249600000,0.16361,0.16991,0.1585,0.16521,468575604.0,2020-12-18
1608336000000,0.16521,0.17112,0.16308,0.16454,389870608.0,2020-12-19
1608422400000,0.16447,0.16937,0.15546,0.16206,435474760.0,2020-12-20
1608508800000,0.16205,0.16656,0.147,0.15285,544287319.0,2020-12-21
1608595200000,0.15285,0.16139,0.14899,0.15659,515789159.0,2020-12-22
1608681600000,0.15657,0.15802,0.12582,0.13634,794258925.0,2020-12-23
1608768000000,0.1363,0.15466,0.13124,0.15309,703063824.0,2020-12-24
1608854400000,0.15312,0.16743,0.15014,0.15773,698593257.0,2020-12-25
1608940800000,0.15784,0.16262,0.14863,0.15856,627478315.0,2020-12-26
1609027200000,0.15859,0.1668,0.14958,0.15481,926045408.0,2020-12-27
1609113600000,0.15484,0.1808,0.15285,0.17663,1089482938.0,2020-12-28
1609200000000,0.17656,0.19771,0.17326,0.191,2076062748.0,2020-12-29
1609286400000,0.19097,0.19411,0.1753,0.18411,859626775.0,2020-12-30
1609372800000,0.18405,0.18675,0.17395,0.18153,599868781.0,2020-12-31
1609459200000,0.18158,0.1851,0.16999,0.17517,654388233.0,2021-01-01
1609545600000,0.17526,0.18516,0.16828,0.17759,781281611.0,2021-01-02
1609632000000,0.17758,0.21059,0.1727,0.2067,1533085381.0,2021-01-03
1609718400000,0.20674,0.241,0.19127,0.22524,1986736544.0,2021-01-04
1609804800000,0.22524,0.26438,0.20699,0.2585,1706453485.0,2021-01-05
1609891200000,0.2586,0.34757,0.25305,0.3331,2235795095.0,2021-01-06
1609977600000,0.33317,0.356,0.27802,0.29961,1598362034.0,2021-01-07
1610064000000,0.29971,0.32357,0.26395,0.30429,1536358960.0,2021-01-08
1610150400000,0.30431,0.33898,0.29614,0.3312,853182433.0,2021-01-09
1610236800000,0.3312,0.3423,0.28,0.30187,1054957535.0,2021-01-10
1610323200000,0.30185,0.30427,0.22938,0.27584,1675029700.0,2021-01-11
1610409600000,0.27584,0.31559,0.26295,0.28929,1231461927.0,2021-01-12
1610496000000,0.28919,0.316,0.27125,0.31246,822559877.0,2021-01-13
1610582400000,0.31256,0.32559,0.2965,0.3124,700999375.0,2021-01-14
1610668800000,0.3125,0.33294,0.27731,0.30207,958099123.0,2021-01-15
1610755200000,0.30213,0.36936,0.3021,0.35125,1310375588.0,2021-01-16
1610841600000,0.35128,0.39849,0.3408,0.38074,1674206543.0,2021-01-17
1610928000000,0.38082,0.3981,0.36426,0.37169,798240774.0,2021-01-18
1611014400000,0.37185,0.38539,0.36206,0.36782,728911877.0,2021-01-19
1611100800000,0.3678,0.3773,0.3307,0.37571,887167304.0,2021-01-20
1611187200000,0.37576,0.37993,0.3,0.3081,1008064817.0,2021-01-21
1611273600000,0.30804,0.36,0.27925,0.34874,1244348018.0,2021-01-22
1611360000000,0.34873,0.35805,0.33578,0.34612,618875414.0,2021-01-23
1611446400000,0.34598,0.36985,0.33636,0.35398,619971472.0,2021-01-24
1611532800000,0.35396,0.36485,0.34057,0.34325,554772519.0,2021-01-25
1611619200000,0.34309,0.35131,0.3227,0.34387,507580338.0,2021-01-26
1611705600000,0.34386,0.34441,0.30432,0.31143,590215642.0,2021-01-27
1611792000000,0.31141,0.356,0.30435,0.3443,627324686.0,2021-01-28
1611878400000,0.34424,0.36972,0.3305,0.34787,756048185.0,2021-01-29
1611964800000,0.34788,0.3782,0.33715,0.36452,546617361.0,2021-01-30
1612051200000,0.36451,0.37798,0.33847,0.34505,384050709.0,2021-01-31
1612137600000,0.34519,0.4262,0.33127,0.40983,910677165.0,2021-02-01
1612224000000,0.40984,0.45588,0.38926,0.42559,1782563060.0,2021-02-02
1612310400000,0.42571,0.45065,0.41562,0.44273,652811955.0,2021-02-03
1612396800000,0.44273,0.45165,0.4099,0.44037,601882858.0,2021-02-04
1612483200000,0.44037,0.56117,0.43737,0.53929,1648562583.0,2021-02-05
1612569600000,0.53905,0.66801,0.52006,0.63596,1805637804.0,2021-02-06
1612656000000,0.63599,0.71043,0.579,0.66126,2628953923.0,2021-02-07
1612742400000,0.66088,0.72735,0.63147,0.67672,1469923063.0,2021-02-08
1612828800000,0.67708,0.71467,0.65773,0.70682,790524423.0,2021-02-09
1612915200000,0.70673,0.96,0.70673,0.943,2659772365.0,2021-02-10
1613001600000,0.943,0.99398,0.86569,0.93026,1529772510.0,2021-02-11
1613088000000,0.93021,0.95103,0.868,0.92426,945893680.0,2021-02-12
1613174400000,0.92462,0.9563,0.79888,0.91496,1034676608.0,2021-02-13
1613260800000,0.91496,0.92276,0.80781,0.84508,902811805.0,2021-02-14
1613347200000,0.84499,0.91198,0.68222,0.86003,1656643517.0,2021-02-15
1613433600000,0.86056,0.90676,0.83276,0.87,867811836.0,2021-02-16
1613520000000,0.87012,0.90248,0.82112,0.89407,698155101.0,2021-02-17
1613606400000,0.89407,0.96222,0.89388,0.9158,880522897.0,2021-02-18
1613692800000,0.91578,0.9505,0.8777,0.92743,741224685.0,2021-02-19
1613779200000,0.92743,1.2025,0.9155,1.11542,2116558333.0,2021-02-20
1613865600000,1.11541,1.15399,1.06665,1.10047,912175720.0,2021-02-21
1613952000000,1.10075,1.14621,0.80566,1.09729,1911239830.0,2021-02-22
1614038400000,1.09732,1.145,0.80364,0.96177,2284558109.0,2021-02-23
1614124800000,0.96144,1.07717,0.89722,1.04891,1139129917.0,2021-02-24
1614211200000,1.0487,1.1799,1.01118,1.07694,1271954847.0,2021-02-25
1614297600000,1.07638,1.3006,0.98678,1.24484,2252967740.0,2021-02-26
1614384000000,1.24483,1.486,1.228,1.31376,2485085084.0,2021-02-27
1614470400000,1.31406,1.36312,1.15415,1.3132,2384198651.0,2021-02-28
1614556800000,1.31367,1.35,1.23151,1.298,1225796991.0,2021-03-01
1614643200000,1.29823,1.30159,1.1801,1.22294,936646068.0,2021-03-02
1614729600000,1.22288,1.26997,1.20786,1.21399,597127511.0,2021-03-03
1614816000000,1.21411,1.23255,1.067,1.11288,1088302958.0,2021-03-04
1614902400000,1.1129,1.19663,1.03237,1.15845,1270747720.0,2021-03-05
1614988800000,1.15842,1.18225,1.08475,1.12936,613067006.0,2021-03-06
1615075200000,1.12927,1.14619,1.10499,1.13081,433234617.0,2021-03-07
1615161600000,1.13111,1.17994,1.10468,1.1204,526132243.0,2021-03-08
1615248000000,1.12029,1.222,1.11268,1.19879,855618292.0,2021-03-09
1615334400000,1.19886,1.21161,1.11065,1.13289,703303334.0,2021-03-10
1615420800000,1.13293,1.14079,1.11,1.12587,453426365.0,2021-03-11
1615507200000,1.12587,1.13094,1.01823,1.03356,712506107.0,2021-03-12
1615593600000,1.03371,1.19321,0.98427,1.10128,1001372775.0,2021-03-13
1615680000000,1.10127,1.10509,1.05305,1.05358,548767352.0,2021-03-14
1615766400000,1.05358,1.07405,1.0,1.03161,670574518.0,2021-03-15
1615852800000,1.0315,1.28,1.001,1.25166,1887446399.0,2021-03-16
1615939200000,1.25197,1.43928,1.2057,1.3803,1827768944.0,2021-03-17
1616025600000,1.3803,1.48098,1.161,1.23068,2742098114.0,2021-03-18
1616112000000,1.23016,1.3439,1.18,1.29577,1476338182.0,2021-03-19
1616198400000,1.29584,1.31155,1.20032,1.20201,650625869.0,2021-03-20
1616284800000,1.2022,1.24287,1.16131,1.18788,604178588.0,2021-03-21
1616371200000,1.18786,1.21007,1.058,1.10267,842029018.0,2021-03-22
1616457600000,1.10266,1.17444,1.08205,1.11709,800526432.0,2021-03-23
1616544000000,1.11697,1.16623,1.02807,1.06886,696411248.0,2021-03-24
1616630400000,1.0689,1.15514,1.04549,1.09694,1083561726.0,2021-03-25
1616716800000,1.09669,1.28948,1.096,1.21608,1247966645.0,2021-03-26
1616803200000,1.21608,1.24119,1.158,1.17727,560350731.0,2021-03-27
1616889600000,1.17725,1.22077,1.16771,1.19102,389076755.0,2021-03-28
1616976000000,1.19111,1.23135,1.18005,1.20366,397911295.0,2021-03-29
1617062400000,1.20366,1.23964,1.191,1.21415,425002752.0,2021-03-30
1617148800000,1.21422,1.21607,1.14534,1.19364,569586297.0,2021-03-31
1617235200000,1.19365,1.21153,1.17318,1.18623,396027883.0,2021-04-01
1617321600000,1.18625,1.2472,1.183,1.19283,529168873.0,2021-04-02
1617408000000,1.19292,1.24576,1.16008,1.16378,638844266.0,2021-04-03
1617494400000,1.16379,1.19593,1.15114,1.18403,326478741.0,2021-04-04
1617580800000,1.18404,1.23084,1.164,1.214,548869739.0,2021-04-05
1617667200000,1.21422,1.3461,1.19092,1.25529,1513820825.0,2021-04-06
1617753600000,1.25529,1.29326,1.15858,1.17391,870923868.0,2021-04-07
1617840000000,1.17414,1.22774,1.17148,1.2203,392826243.0,2021-04-08
1617926400000,1.2203,1.2314,1.1922,1.20364,305953279.0,2021-04-09
1618012800000,1.20362,1.25456,1.19619,1.21892,436985297.0,2021-04-10
1618099200000,1.21899,1.29319,1.20106,1.26757,752747575.0,2021-04-11
1618185600000,1.26757,1.35201,1.26363,1.31676,921180555.0,2021-04-12
1618272000000,1.31698,1.44532,1.285,1.41587,1099545874.0,2021-04-13
1618358400000,1.41588,1.5669,1.33383,1.45412,1921020338.0,2021-04-14
1618444800000,1.45443,1.50173,1.41224,1.48103,822545456.0,2021-04-15
1618531200000,1.48077,1.526,1.32515,1.41272,1016022210.0,2021-04-16
1618617600000,1.41283,1.462,1.35853,1.3704,609587507.0,2021-04-17
1618704000000,1.37042,1.38554,1.04066,1.27744,1615721644.0,2021-04-18
1618790400000,1.27744,1.32539,1.17041,1.1949,861736571.0,2021-04-19
1618876800000,1.19494,1.28359,1.12,1.26764,776519508.0,2021-04-20
1618963200000,1.26748,1.28792,1.19772,1.20426,581295940.0,2021-04-21
1619049600000,1.20441,1.28336,1.11403,1.14487,762698008.0,2021-04-22
1619136000000,1.14485,1.16894,0.90494,1.15866,1602152834.0,2021-04-23
1619222400000,1.15898,1.19828,1.09395,1.10326,762926079.0,2021-04-24
1619308800000,1.1033,1.14767,1.02005,1.09093,569545555.0,2021-04-25
1619395200000,1.09086,1.25313,1.07916,1.23816,776895778.0,2021-04-26
1619481600000,1.23814,1.33592,1.22438,1.30745,657930273.0,2021-04-27
1619568000000,1.30744,1.35101,1.23456,1.33871,695122919.0,2021-04-28
1619654400000,1.33871,1.41392,1.26743,1.30785,961133404.0,2021-04-29
1619740800000,1.30785,1.37113,1.288,1.35455,507075540.0,2021-04-30
1619827200000,1.35455,1.36996,1.31385,1.35357,389287021.0,2021-05-01
1619913600000,1.35357,1.3575,1.295,1.32811,428596936.0,2021-05-02
1620000000000,1.32816,1.38351,1.32217,1.36372,467997341.0,2021-05-03
1620086400000,1.36373,1.36959,1.25526,1.27048,753700515.0,2021-05-04
1620172800000,1.27055,1.498,1.25941,1.48206,906992031.0,2021-05-05
1620259200000,1.48234,1.70441,1.43114,1.6518,2039647790.0,2021-05-06
1620345600000,1.65181,1.7522,1.52537,1.65339,1254756353.0,2021-05-07
1620432000000,1.65343,1.65565,1.56243,1.62207,596115304.0,2021-05-08
1620518400000,1.62207,1.8365,1.57353,1.76859,1411267753.0,2021-05-09
1620604800000,1.76836,1.82646,1.51077,1.6419,1102083130.0,2021-05-10
1620691200000,1.64248,1.7812,1.59509,1.7631,794999414.0,2021-05-11
1620777600000,1.7633,1.823,1.54,1.5664,893512829.0,2021-05-12
1620864000000,1.5666,1.9731,1.4937,1.9292,2059322169.0,2021-05-13
1620950400000,1.9297,2.0452,1.8135,2.0101,930367448.0,2021-05-14
1621036800000,2.0101,2.381,1.965,2.1756,2036602362.0,2021-05-15
1621123200000,2.1754,2.4705,2.0141,2.301,1800555517.0,2021-05-16
1621209600000,2.301,2.33,1.92,2.0316,1714291334.0,2021-05-17
1621296000000,2.0309,2.1493,1.9735,2.0046,911302625.0,2021-05-18
1621382400000,2.0045,2.0303,1.0,1.4655,2972865064.0,2021-05-19
1621468800000,1.4665,1.9453,1.3142,1.7998,1925615389.0,2021-05-20
1621555200000,1.7999,1.8698,1.3197,1.5474,1596844188.0,2021-05-21
1621641600000,1.5473,1.6025,1.3656,1.4625,1259250303.0,2021-05-22
1621728000000,1.4629,1.5399,1.05,1.3145,2127371804.0,2021-05-23
1621814400000,1.3136,1.5963,1.257,1.5483,1375036858.0,2021-05-24
1621900800000,1.5481,1.6503,1.4346,1.5528,1137251177.0,2021-05-25
1621987200000,1.5529,1.8316,1.552,1.778,1172870161.0,2021-05-26
1622073600000,1.778,1.7889,1.6075,1.6549,768490110.0,2021-05-27
1622160000000,1.6547,1.6764,1.45,1.5144,1024846342.0,2021-05-28
1622246400000,1.5143,1.5639,1.3341,1.401,943437720.0,2021-05-29
1622332800000,1.401,1.6993,1.3447,1.5754,1320296898.0,2021-05-30
1622419200000,1.5755,1.75,1.525,1.7369,1007911491.0,2021-05-31
1622505600000,1.7369,1.7796,1.6527,1.7366,846909077.0,2021-06-01
1622592000000,1.7367,1.8048,1.7171,1.7532,691792701.0,2021-06-02
1622678400000,1.7532,1.8907,1.7123,1.8456,646213062.0,2021-06-03
1622764800000,1.8455,1.8496,1.6088,1.7085,970116819.0,2021-06-04
1622851200000,1.7086,1.782,1.6097,1.6556,622135499.0,2021-06-05
1622937600000,1.6556,1.7081,1.645,1.6765,377573055.0,2021-06-06
1623024000000,1.6765,1.7409,1.5487,1.5658,584487914.0,2021-06-07
1623110400000,1.5658,1.5957,1.4,1.5811,998082102.0,2021-06-08
1623196800000,1.5809,1.6358,1.4824,1.628,739617209.0,2021-06-09
1623283200000,1.628,1.6374,1.5063,1.5331,479933425.0,2021-06-10
1623369600000,1.533,1.5479,1.4172,1.4363,493513595.0,2021-06-11
1623456000000,1.4366,1.492,1.356,1.4783,626011966.0,2021-06-12
1623542400000,1.4781,1.5791,1.3995,1.5561,644605323.0,2021-06-13
1623628800000,1.5562,1.5943,1.5052,1.5758,495878853.0,2021-06-14
1623715200000,1.5757,1.6105,1.5435,1.5548,444113479.0,2021-06-15
1623801600000,1.5548,1.5759,1.4734,1.4845,456293927.0,2021-06-16
1623888000000,1.4844,1.5385,1.4554,1.481,359356700.0,2021-06-17
1623974400000,1.481,1.4928,1.373,1.4154,469641185.0,2021-06-18
1624060800000,1.4152,1.4406,1.3821,1.3829,352294689.0,2021-06-19
1624147200000,1.3829,1.4595,1.3052,1.4264,629768763.0,2021-06-20
1624233600000,1.4264,1.4371,1.1661,1.1731,1102087131.0,2021-06-21
1624320000000,1.1733,1.2626,1.0,1.1562,1738715142.0,2021-06-22
1624406400000,1.1563,1.3089,1.107,1.25,898820039.0,2021-06-23
1624492800000,1.25,1.3987,1.199,1.3598,919252624.0,2021-06-24
1624579200000,1.3598,1.3963,1.2426,1.251,1115099105.0,2021-06-25
1624665600000,1.2509,1.2915,1.196,1.2504,723521602.0,2021-06-26
1624752000000,1.2503,1.3498,1.2405,1.3371,556720365.0,2021-06-27
1624838400000,1.3373,1.35,1.3033,1.3256,488979621.0,2021-06-28
1624924800000,1.3255,1.4198,1.318,1.3729,687541491.0,2021-06-29
1625011200000,1.373,1.398,1.2795,1.3851,606668549.0,2021-06-30
1625097600000,1.3852,1.3861,1.3015,1.3307,483812287.0,2021-07-01
1625184000000,1.3306,1.3954,1.2836,1.3941,659411383.0,2021-07-02
1625270400000,1.3941,1.4445,1.3568,1.4037,482493562.0,2021-07-03
1625356800000,1.4036,1.495,1.3802,1.4609,457987724.0,2021-07-04
1625443200000,1.4609,1.4609,1.3746,1.4024,518271322.0,2021-07-05
1625529600000,1.4027,1.4575,1.3871,1.4145,395905727.0,2021-07-06
1625616000000,1.4145,1.4407,1.3982,1.403,299969739.0,2021-07-07
1625702400000,1.4031,1.4055,1.3184,1.3266,444468212.0,2021-07-08
1625788800000,1.3267,1.3742,1.285,1.3501,401053364.0,2021-07-09
1625875200000,1.3501,1.3657,1.3165,1.3356,263658055.0,2021-07-10
1625961600000,1.3356,1.3666,1.3224,1.3475,210485359.0,2021-07-11
1626048000000,1.3475,1.3735,1.291,1.3116,285495428.0,2021-07-12
1626134400000,1.3115,1.3216,1.2486,1.2644,330577585.0,2021-07-13
1626220800000,1.2644,1.2887,1.1968,1.263,468886621.0,2021-07-14
1626307200000,1.263,1.29,1.205,1.2253,328441574.0,2021-07-15
1626393600000,1.2254,1.2447,1.1647,1.1703,381033264.0,2021-07-16
1626480000000,1.1701,1.1944,1.1486,1.1713,305716668.0,2021-07-17
1626566400000,1.1714,1.2178,1.166,1.1808,275642829.0,2021-07-18
1626652800000,1.1808,1.1919,1.115,1.1214,322573125.0,2021-07-19
1626739200000,1.1214,1.1355,1.02,1.0534,624696915.0,2021-07-20
1626825600000,1.0532,1.2217,1.0356,1.1705,674733362.0,2021-07-21
1626912000000,1.1705,1.2077,1.1481,1.1851,356031278.0,2021-07-22
1626998400000,1.1852,1.2084,1.1458,1.2077,311228187.0,2021-07-23
1627084800000,1.2076,1.2489,1.1957,1.2324,344805903.0,2021-07-24
1627171200000,1.2325,1.2387,1.1901,1.2274,277873446.0,2021-07-25
1627257600000,1.2273,1.3995,1.2211,1.2547,949132922.0,2021-07-26
1627344000000,1.2548,1.315,1.2123,1.279,527338572.0,2021-07-27
1627430400000,1.279,1.3174,1.256,1.2871,433486943.0,2021-07-28
1627516800000,1.2872,1.2986,1.2545,1.2849,322688234.0,2021-07-29
1627603200000,1.2849,1.3173,1.2455,1.3101,386869233.0,2021-07-30
1627689600000,1.3099,1.3324,1.2862,1.3189,275255726.0,2021-07-31
1627776000000,1.3187,1.3878,1.297,1.314,451896410.0,2021-08-01
1627862400000,1.3141,1.35,1.292,1.3084,308397718.0,2021-08-02
1627948800000,1.3084,1.3829,1.2602,1.3696,577700036.0,2021-08-03
1628035200000,1.3696,1.3939,1.3218,1.3764,427468082.0,2021-08-04
1628121600000,1.3764,1.398,1.3367,1.3867,376164216.0,2021-08-05
1628208000000,1.3867,1.426,1.3614,1.4024,388871087.0,2021-08-06
1628294400000,1.4025,1.487,1.395,1.4736,523117210.0,2021-08-07
1628380800000,1.4735,1.4971,1.4076,1.4264,433161032.0,2021-08-08
1628467200000,1.4264,1.5008,1.3931,1.4758,431221124.0,2021-08-09
1628553600000,1.4758,1.7038,1.4581,1.6796,808623922.0,2021-08-10
1628640000000,1.6795,1.8973,1.6711,1.7955,1195568067.0,2021-08-11
1628726400000,1.7955,1.8731,1.6804,1.8341,1041488426.0,2021-08-12
1628812800000,1.8346,2.1525,1.8241,2.1411,1831993666.0,2021-08-13
1628899200000,2.1411,2.253,2.083,2.1901,1620962973.0,2021-08-14
1628985600000,2.1902,2.257,2.03,2.1691,1008182636.0,2021-08-15
1629072000000,2.1691,2.1988,2.0454,2.073,687087079.0,2021-08-16
1629158400000,2.0731,2.144,1.906,1.925,871572015.0,2021-08-17
1629244800000,1.9251,2.1657,1.8673,2.1057,1122014771.0,2021-08-18
1629331200000,2.1055,2.4588,2.0461,2.4459,1632925276.0,2021-08-19
1629417600000,2.446,2.5842,2.3738,2.458,1692880724.0,2021-08-20
1629504000000,2.4579,2.5339,2.379,2.4371,855037601.0,2021-08-21
1629590400000,2.4371,2.7226,2.4335,2.7064,1242275901.0,2021-08-22
1629676800000,2.7067,2.9787,2.6851,2.9195,1708628999.0,2021-08-23
1629763200000,2.9193,2.9515,2.5883,2.7211,1683830463.0,2021-08-24
1629849600000,2.721,2.7989,2.6032,2.7402,1153462484.0,2021-08-25
1629936000000,2.74,2.7894,2.4704,2.5309,1185853605.0,2021-08-26
1630022400000,2.5312,2.95,2.4967,2.9495,1398428284.0,2021-08-27
1630108800000,2.9494,2.9555,2.7761,2.8498,721351253.0,2021-08-28
1630195200000,2.85,2.938,2.7208,2.8523,799082488.0,2021-08-29
1630281600000,2.8524,2.8876,2.722,2.7355,655290313.0,2021-08-30
1630368000000,2.7358,2.8849,2.7038,2.7697,711562182.0,2021-08-31
1630454400000,2.7696,2.9077,2.7203,2.8737,553913769.0,2021-09-01
1630540800000,2.8735,3.1052,2.8364,2.9632,1027497049.0,2021-09-02
1630627200000,2.9633,3.0363,2.9018,2.967,536473107.0,2021-09-03
1630713600000,2.9672,2.9712,2.802,2.8355,487360020.0,2021-09-04
1630800000000,2.8355,2.9626,2.8261,2.9148,442825738.0,2021-09-05
1630886400000,2.9148,2.9319,2.8,2.8355,443515213.0,2021-09-06
1630972800000,2.8354,2.879,1.8333,2.5115,1779419444.0,2021-09-07
1631059200000,2.5115,2.5637,2.2,2.47,1019815043.0,2021-09-08
1631145600000,2.47,2.6231,2.39,2.5183,701751588.0,2021-09-09
1631232000000,2.5184,2.5868,2.2725,2.3831,672811331.0,2021-09-10
1631318400000,2.3832,2.7993,2.3676,2.6367,1209350360.0,2021-09-11
1631404800000,2.6367,2.79,2.5006,2.5812,1032750133.0,2021-09-12
1631491200000,2.5812,2.5944,2.31,2.4004,844052437.0,2021-09-13
1631577600000,2.4004,2.4392,2.32,2.3975,438087417.0,2021-09-14
1631664000000,2.3976,2.5821,2.357,2.5059,624460081.0,2021-09-15
1631750400000,2.5055,2.52,2.3814,2.4185,443881213.0,2021-09-16
1631836800000,2.4185,2.4428,2.3117,2.3524,329287550.0,2021-09-17
1631923200000,2.3525,2.4417,2.3101,2.3722,276813490.0,2021-09-18
1632009600000,2.3722,2.398,2.259,2.2834,336241522.0,2021-09-19
1632096000000,2.2834,2.2935,1.9679,2.08,997046822.0,2021-09-20
1632182400000,2.08,2.2266,1.9073,1.986,1003852590.0,2021-09-21
1632268800000,1.9859,2.2673,1.9652,2.2556,601248439.0,2021-09-22
1632355200000,2.2557,2.3447,2.1783,2.3256,453276198.0,2021-09-23
1632441600000,2.3256,2.3435,2.061,2.2777,924059145.0,2021-09-24
1632528000000,2.2777,2.4589,2.2351,2.298,760930744.0,2021-09-25
1632614400000,2.2979,2.3,2.1461,2.2051,520808079.0,2021-09-26
1632700800000,2.2051,2.2769,2.1262,2.127,360869205.0,2021-09-27
1632787200000,2.1273,2.1728,2.0281,2.0353,390116563.0,2021-09-28
1632873600000,2.0353,2.142,2.0177,2.0646,345392775.0,2021-09-29
1632960000000,2.0646,2.136,2.05,2.115,303148112.0,2021-09-30
1633046400000,2.115,2.2743,2.0901,2.2555,441595185.0,2021-10-01
1633132800000,2.2557,2.3238,2.1929,2.2485,350148471.0,2021-10-02
1633219200000,2.2487,2.3115,2.2204,2.2536,341118372.0,2021-10-03
1633305600000,2.2535,2.2549,2.1503,2.1925,388906311.0,2021-10-04
1633392000000,2.1925,2.26,2.176,2.235,311506959.0,2021-10-05
1633478400000,2.2353,2.2543,2.1116,2.2119,432734570.0,2021-10-06
1633564800000,2.2119,2.3769,2.152,2.2803,570491850.0,2021-10-07
1633651200000,2.2804,2.3157,2.2123,2.2384,307634701.0,2021-10-08
1633737600000,2.2385,2.3033,2.2208,2.271,237744194.0,2021-10-09
1633824000000,2.271,2.28,2.155,2.1883,262436051.0,2021-10-10
1633910400000,2.1883,2.2524,2.084,2.1705,294625433.0,2021-10-11
1633996800000,2.1706,2.1725,2.07,2.1197,363424765.0,2021-10-12
1634083200000,2.1193,2.2035,2.0791,2.1913,321466835.0,2021-10-13
1634169600000,2.1913,2.2269,2.1568,2.1748,290475991.0,2021-10-14
1634256000000,2.1748,2.2462,2.1353,2.2199,475673797.0,2021-10-15
1634342400000,2.2197,2.2537,2.1705,2.1808,261827352.0,2021-10-16
1634428800000,2.1807,2.1917,2.09,2.1612,254593935.0,2021-10-17
1634515200000,2.1612,2.1781,2.1071,2.1302,216449331.0,2021-10-18
1634601600000,2.1301,2.1594,2.0941,2.1121,215719676.0,2021-10-19
1634688000000,2.1121,2.2102,2.0939,2.1924,358032674.0,2021-10-20
1634774400000,2.1924,2.3018,2.1243,2.1376,645105347.0,2021-10-21
1634860800000,2.1377,2.211,2.125,2.1589,324677002.0,2021-10-22
1634947200000,2.1587,2.1774,2.1338,2.1691,189049017.0,2021-10-23
1635033600000,2.1691,2.1718,2.0913,2.1219,231533837.0,2021-10-24
1635120000000,2.1218,2.1812,2.1164,2.1465,249857792.0,2021-10-25
1635206400000,2.1465,2.207,2.1215,2.1403,391197910.0,2021-10-26
1635292800000,2.1403,2.1596,1.7831,1.9128,890913218.0,2021-10-27
1635379200000,1.913,2.0599,1.9051,1.9878,462974055.0,2021-10-28
1635465600000,1.988,2.0491,1.9804,2.0178,281408058.0,2021-10-29
1635552000000,2.018,2.0206,1.925,1.9579,226887951.0,2021-10-30
1635638400000,1.958,2.0315,1.9186,1.9675,257834703.0,2021-10-31
1635724800000,1.9676,2.0216,1.9127,1.9496,292395245.0,2021-11-01
1635811200000,1.9496,1.9984,1.9361,1.9725,273425878.0,2021-11-02
1635897600000,1.9726,2.1464,1.9511,2.065,767275327.0,2021-11-03
1635984000000,2.0651,2.1062,1.931,1.9837,381582737.0,2021-11-04
1636070400000,1.9838,2.0187,1.96,1.983,224980499.0,2021-11-05
1636156800000,1.983,2.0432,1.942,2.0058,234402421.0,2021-11-06
1636243200000,2.0059,2.0367,1.9762,2.0229,194188232.0,2021-11-07
1636329600000,2.0228,2.1429,2.0106,2.1277,426661527.0,2021-11-08
1636416000000,2.1278,2.3786,2.1075,2.2716,1263234984.0,2021-11-09
1636502400000,2.2716,2.3344,1.9178,2.097,981918198.0,2021-11-10
1636588800000,2.0969,2.1537,2.0579,2.0796,439865971.0,2021-11-11
1636675200000,2.0795,2.0999,1.99,2.0471,454834255.0,2021-11-12
1636761600000,2.0471,2.0808,2.0228,2.051,234519001.0,2021-11-13
1636848000000,2.0512,2.0717,2.0106,2.0411,189700720.0,2021-11-14
1636934400000,2.0413,2.096,2.012,2.0203,246839043.0,2021-11-15
1637020800000,2.0203,2.0207,1.72,1.8737,684844457.0,2021-11-16
1637107200000,1.8742,1.8929,1.7946,1.8762,371678827.0,2021-11-17
1637193600000,1.8764,1.9064,1.7004,1.7869,431837558.0,2021-11-18
1637280000000,1.7874,1.8923,1.7536,1.8631,306397836.0,2021-11-19
1637366400000,1.8631,1.9556,1.8606,1.922,293136607.0,2021-11-20
1637452800000,1.922,1.9239,1.8333,1.836,185925925.0,2021-11-21
1637539200000,1.8362,1.84,1.7578,1.7779,299438178.0,2021-11-22
1637625600000,1.7779,1.8163,1.7354,1.7519,278466007.0,2021-11-23
1637712000000,1.7518,1.7549,1.585,1.6652,633183430.0,2021-11-24
1637798400000,1.6653,1.7499,1.6211,1.677,441090344.0,2021-11-25
1637884800000,1.677,1.6869,1.469,1.5326,713988510.0,2021-11-26
1637971200000,1.5326,1.5849,1.5313,1.5441,262644412.0,2021-11-27
1638057600000,1.5441,1.5988,1.4139,1.5935,538113596.0,2021-11-28
1638144000000,1.5935,1.6353,1.5577,1.6021,376904334.0,2021-11-29
1638230400000,1.6022,1.6294,1.5446,1.5544,404326278.0,2021-11-30
1638316800000,1.5546,1.6239,1.532,1.5473,342585339.0,2021-12-01
1638403200000,1.5474,1.7596,1.5176,1.7212,1021667583.0,2021-12-02
1638489600000,1.7211,1.7299,1.501,1.5562,598614762.0,2021-12-03
1638576000000,1.5562,1.5586,1.1766,1.4187,1241227092.0,2021-12-04
1638662400000,1.4187,1.4349,1.2822,1.378,544001369.0,2021-12-05
1638748800000,1.3781,1.44,1.2546,1.4184,584816923.0,2021-12-06
1638835200000,1.4184,1.4782,1.3639,1.3785,413279780.0,2021-12-07
1638921600000,1.3783,1.4221,1.3364,1.3959,376556282.0,2021-12-08
1639008000000,1.3962,1.4082,1.2854,1.2875,404260975.0,2021-12-09
1639094400000,1.2874,1.3329,1.2056,1.2097,429168182.0,2021-12-10
1639180800000,1.2095,1.3609,1.1907,1.3534,458054242.0,2021-12-11
1639267200000,1.3533,1.413,1.3176,1.3454,410245416.0,2021-12-12
1639353600000,1.3454,1.3563,1.1982,1.2234,470874857.0,2021-12-13
1639440000000,1.2233,1.283,1.1973,1.2652,413663179.0,2021-12-14
1639526400000,1.2653,1.33,1.203,1.3104,450604680.0,2021-12-15
1639612800000,1.3104,1.3304,1.235,1.2391,305521670.0,2021-12-16
1639699200000,1.2391,1.2576,1.1811,1.217,382962199.0,2021-12-17
1639785600000,1.217,1.266,1.198,1.2417,236604132.0,2021-12-18
1639872000000,1.242,1.3111,1.2401,1.2437,355643883.0,2021-12-19
1639958400000,1.2437,1.2604,1.2002,1.2373,339353228.0,2021-12-20
1640044800000,1.2373,1.2894,1.227,1.2796,322335698.0,2021-12-21
1640131200000,1.2796,1.369,1.2757,1.3273,372151772.0,2021-12-22
1640217600000,1.3273,1.4898,1.3062,1.473,557349761.0,2021-12-23
1640304000000,1.473,1.4892,1.3801,1.3929,318043236.0,2021-12-24
1640390400000,1.3931,1.4593,1.38,1.4528,246969754.0,2021-12-25
1640476800000,1.453,1.4663,1.4063,1.4547,270982127.0,2021-12-26
1640563200000,1.4548,1.5919,1.4503,1.5159,504719555.0,2021-12-27
1640649600000,1.5158,1.5386,1.375,1.3985,680091126.0,2021-12-28
1640736000000,1.3986,1.4368,1.3217,1.3316,487929204.0,2021-12-29
1640822400000,1.3316,1.3775,1.295,1.3576,387984438.0,2021-12-30
1640908800000,1.3575,1.3825,1.2801,1.3076,379559856.0,2021-12-31
1640995200000,1.3077,1.3789,1.3054,1.3781,244489059.0,2022-01-01
1641081600000,1.3781,1.3911,1.342,1.3769,257741244.0,2022-01-02
1641168000000,1.3767,1.3772,1.3101,1.3196,275619026.0,2022-01-03
1641254400000,1.3196,1.3517,1.295,1.3093,312624584.0,2022-01-04
1641340800000,1.3093,1.3538,1.1911,1.2297,471045166.0,2022-01-05
1641427200000,1.2297,1.2955,1.185,1.2788,491210900.0,2022-01-06
1641513600000,1.2788,1.2843,1.1882,1.209,582187798.0,2022-01-07
1641600000000,1.2091,1.2537,1.1223,1.1814,558929616.0,2022-01-08
1641686400000,1.1814,1.2053,1.1469,1.17,366939524.0,2022-01-09
1641772800000,1.17,1.181,1.0644,1.1224,602719574.0,2022-01-10
1641859200000,1.1224,1.195,1.1208,1.1867,379967743.0,2022-01-11
1641945600000,1.1867,1.3153,1.1856,1.3122,458097132.0,2022-01-12
1642032000000,1.3123,1.3536,1.2257,1.2313,562607582.0,2022-01-13
1642118400000,1.2313,1.3086,1.2192,1.2917,475393449.0,2022-01-14
1642204800000,1.2916,1.3188,1.2504,1.2914,284569750.0,2022-01-15
1642291200000,1.2914,1.4228,1.2856,1.4105,794152908.0,2022-01-16
1642377600000,1.4106,1.6062,1.3863,1.5999,2027251965.0,2022-01-17
1642464000000,1.6004,1.6363,1.4121,1.4577,1710645521.0,2022-01-18
1642550400000,1.4578,1.5325,1.3253,1.3353,1455211099.0,2022-01-19
1642636800000,1.3353,1.4254,1.2501,1.2575,1154574077.0,2022-01-20
1642723200000,1.2575,1.2809,1.1,1.1202,1448933473.0,2022-01-21
1642809600000,1.1199,1.1543,0.9134,1.0705,2382897119.0,2022-01-22
1642896000000,1.0706,1.1687,1.0498,1.1238,1018143962.0,2022-01-23
1642982400000,1.1238,1.1247,0.9503,1.0653,1445363459.0,2022-01-24
1643068800000,1.0653,1.0726,0.9914,1.0415,815940637.0,2022-01-25
1643155200000,1.0414,1.1552,1.0213,1.0767,1234682477.0,2022-01-26
1643241600000,1.0767,1.0792,1.003,1.0416,851772005.0,2022-01-27
1643328000000,1.0414,1.059,1.0075,1.0478,632356960.0,2022-01-28
1643414400000,1.0479,1.0828,1.0369,1.0587,463425067.0,2022-01-29
1643500800000,1.0587,1.077,1.0231,1.0343,390309307.0,2022-01-30
1643587200000,1.0342,1.0583,1.0066,1.051,466168181.0,2022-01-31
1643673600000,1.0511,1.0953,1.0343,1.0946,492512967.0,2022-02-01
1643760000000,1.0948,1.1018,1.02,1.0259,531992617.0,2022-02-02
1643846400000,1.0261,1.0611,1.0154,1.06,492809420.0,2022-02-03
1643932800000,1.0599,1.1387,1.0445,1.1383,553327121.0,2022-02-04
1644019200000,1.1383,1.1803,1.0966,1.1245,660926830.0,2022-02-05
1644105600000,1.1245,1.1495,1.0957,1.1423,487631306.0,2022-02-06
1644192000000,1.1423,1.2083,1.1251,1.1979,738500976.0,2022-02-07
1644278400000,1.1982,1.2624,1.1323,1.1741,872416877.0,2022-02-08
1644364800000,1.1744,1.2143,1.151,1.194,456279946.0,2022-02-09
1644451200000,1.194,1.2235,1.1422,1.1498,577463243.0,2022-02-10
1644537600000,1.1498,1.1633,1.0666,1.0792,454032058.0,2022-02-11
1644624000000,1.0791,1.0914,1.028,1.0579,496201343.0,2022-02-12
1644710400000,1.058,1.0789,1.0317,1.0415,347561280.0,2022-02-13
1644796800000,1.0415,1.0543,1.0168,1.0487,427660199.0,2022-02-14
1644883200000,1.0488,1.114,1.0488,1.1074,451370339.0,2022-02-15
1644969600000,1.1074,1.111,1.0654,1.0826,383246511.0,2022-02-16
1645056000000,1.0826,1.093,1.0076,1.0193,432262084.0,2022-02-17
1645142400000,1.0193,1.0421,0.9823,0.9949,511079888.0,2022-02-18
1645228800000,0.9949,1.018,0.9724,0.9959,395539785.0,2022-02-19
1645315200000,0.9958,0.9972,0.917,0.9308,623402427.0,2022-02-20
1645401600000,0.9308,0.9918,0.851,0.8563,1059776206.0,2022-02-21
1645488000000,0.8563,0.8955,0.812,0.887,1036260170.0,2022-02-22
1645574400000,0.8871,0.9602,0.8622,0.8655,972672410.0,2022-02-23
1645660800000,0.8657,0.8998,0.7456,0.8523,2023818709.0,2022-02-24
1645747200000,0.8523,0.9106,0.8231,0.8981,823108210.0,2022-02-25
1645833600000,0.8981,0.9298,0.881,0.8866,555618568.0,2022-02-26
1645920000000,0.8866,0.9147,0.8309,0.856,705517731.0,2022-02-27
1646006400000,0.8561,0.9696,0.8411,0.9617,906266661.0,2022-02-28
1646092800000,0.9617,1.0098,0.9397,0.9632,765838195.0,2022-03-01
1646179200000,0.9633,0.9762,0.9263,0.9383,595595599.0,2022-03-02
1646265600000,0.9383,0.945,0.8823,0.9014,495072312.0,2022-03-03
1646352000000,0.9013,0.9024,0.8258,0.8438,613558216.0,2022-03-04
1646438400000,0.8438,0.8815,0.817,0.8645,434256518.0,2022-03-05
1646524800000,0.8644,0.8711,0.8181,0.8222,403531834.0,2022-03-06
1646611200000,0.8222,0.8461,0.7762,0.7925,619363426.0,2022-03-07
1646697600000,0.7925,0.8208,0.7872,0.8012,605092753.0,2022-03-08
1646784000000,0.8012,0.8627,0.7986,0.8487,523374012.0,2022-03-09
1646870400000,0.8486,0.8536,0.785,0.8062,501424124.0,2022-03-10
1646956800000,0.8063,0.8185,0.782,0.7881,430638376.0,2022-03-11
1647043200000,0.7881,0.8013,0.7858,0.7891,228557215.0,2022-03-12
1647129600000,0.7891,0.8199,0.7798,0.7865,431676907.0,2022-03-13
1647216000000,0.7864,0.8125,0.7755,0.8024,467040705.0,2022-03-14
1647302400000,0.8023,0.8169,0.7815,0.7988,424967871.0,2022-03-15
1647388800000,0.7989,0.8399,0.7933,0.8384,610369483.0,2022-03-16
1647475200000,0.8383,0.8573,0.8273,0.8354,336752883.0,2022-03-17
1647561600000,0.8355,0.8593,0.8206,0.8512,320184335.0,2022-03-18
1647648000000,0.8512,0.9158,0.8503,0.9024,444981238.0,2022-03-19
1647734400000,0.9025,0.915,0.8635,0.878,358722268.0,2022-03-20
1647820800000,0.878,0.93,0.8625,0.9166,489271748.0,2022-03-21
1647907200000,0.9166,0.9876,0.9067,0.9744,696600952.0,2022-03-22
1647993600000,0.9744,1.1087,0.9564,1.1064,1433210457.0,2022-03-23
1648080000000,1.1064,1.1892,1.0774,1.1306,1596781161.0,2022-03-24
1648166400000,1.1307,1.1664,1.0722,1.096,1044081878.0,2022-03-25
1648252800000,1.0959,1.1588,1.0784,1.1515,655844903.0,2022-03-26
1648339200000,1.1513,1.1864,1.1041,1.1831,521525689.0,2022-03-27
1648425600000,1.1831,1.2449,1.1566,1.1694,835282115.0,2022-03-28
1648512000000,1.1693,1.2428,1.1665,1.1902,637038089.0,2022-03-29
1648598400000,1.1902,1.2181,1.161,1.1903,481309278.0,2022-03-30
1648684800000,1.1902,1.2287,1.1314,1.1415,634744011.0,2022-03-31
1648771200000,1.1414,1.1753,1.1032,1.1657,606755411.0,2022-04-01
1648857600000,1.1658,1.195,1.1455,1.1556,428563331.0,2022-04-02
1648944000000,1.1555,1.2001,1.142,1.1862,339848281.0,2022-04-03
1649030400000,1.1862,1.2468,1.1603,1.2118,925648259.0,2022-04-04
1649116800000,1.2118,1.2185,1.1626,1.17,426036842.0,2022-04-05
1649203200000,1.1699,1.1728,1.0465,1.0519,779884837.0,2022-04-06
1649289600000,1.0518,1.1011,1.0376,1.088,488928575.0,2022-04-07
1649376000000,1.0881,1.0994,1.0185,1.0245,402683093.0,2022-04-08
1649462400000,1.0244,1.0463,1.0207,1.044,245574469.0,2022-04-09
1649548800000,1.044,1.0687,1.0219,1.026,288951657.0,2022-04-10
1649635200000,1.0261,1.0317,0.9163,0.9199,819904038.0,2022-04-11
1649721600000,0.9199,0.9809,0.9151,0.9538,570506074.0,2022-04-12
1649808000000,0.9538,0.979,0.9334,0.9739,430823982.0,2022-04-13
1649894400000,0.9739,0.9847,0.922,0.9317,409438647.0,2022-04-14
1649980800000,0.9317,0.9584,0.9284,0.955,280133605.0,2022-04-15
1650067200000,0.955,0.9619,0.936,0.9505,219594238.0,2022-04-16
1650153600000,0.9505,0.9623,0.9114,0.9139,268068244.0,2022-04-17
1650240000000,0.9138,0.9377,0.873,0.936,590455286.0,2022-04-18
1650326400000,0.936,0.9564,0.9263,0.9522,360982140.0,2022-04-19
1650412800000,0.9522,0.9745,0.9301,0.9361,447863105.0,2022-04-20
1650499200000,0.936,0.9705,0.89,0.9088,515536126.0,2022-04-21
1650585600000,0.9088,0.9236,0.8912,0.9053,415144416.0,2022-04-22
1650672000000,0.9053,0.9121,0.8809,0.8865,215720872.0,2022-04-23
1650758400000,0.8864,0.8979,0.876,0.8851,281346475.0,2022-04-24
1650844800000,0.8851,0.9035,0.826,0.897,671566665.0,2022-04-25
1650931200000,0.8971,0.9028,0.8153,0.8253,604383148.0,2022-04-26
1651017600000,0.8253,0.8558,0.818,0.8399,480711563.0,2022-04-27
1651104000000,0.84,0.8522,0.8252,0.8429,446406715.0,2022-04-28
1651190400000,0.843,0.8493,0.7882,0.8046,435182400.0,2022-04-29
1651276800000,0.8046,0.8176,0.7338,0.7548,489688145.0,2022-04-30
1651363200000,0.7548,0.7996,0.7441,0.7887,504802656.0,2022-05-01
1651449600000,0.7888,0.7963,0.7627,0.7804,445932176.0,2022-05-02
1651536000000,0.7804,0.7992,0.7598,0.7706,368895044.0,2022-05-03
1651622400000,0.7705,0.8991,0.767,0.8983,945451068.0,2022-05-04
1651708800000,0.8984,0.9056,0.7705,0.7877,1097368267.0,2022-05-05
1651795200000,0.7876,0.7995,0.7614,0.7829,757117644.0,2022-05-06
1651881600000,0.7828,0.7855,0.7456,0.7599,423401066.0,2022-05-07
1651968000000,0.7598,0.766,0.7246,0.7399,617956997.0,2022-05-08
1652054400000,0.74,0.754,0.595,0.6012,1702795997.0,2022-05-09
1652140800000,0.6011,0.7,0.582,0.6281,1678563366.0,2022-05-10
1652227200000,0.6281,0.6635,0.4721,0.5176,2166068595.0,2022-05-11
1652313600000,0.5177,0.5499,0.4009,0.473,2057510228.0,2022-05-12
1652400000000,0.4731,0.6086,0.4683,0.5286,1400771020.0,2022-05-13
1652486400000,0.5285,0.5568,0.4882,0.537,790654808.0,2022-05-14
1652572800000,0.5371,0.5995,0.5142,0.5977,752717127.0,2022-05-15
1652659200000,0.5977,0.6141,0.5434,0.5566,989595558.0,2022-05-16
1652745600000,0.5566,0.5999,0.5503,0.5772,687615111.0,2022-05-17
1652832000000,0.5771,0.586,0.5023,0.5059,768225227.0,2022-05-18
1652918400000,0.5059,0.5464,0.4911,0.5331,879207912.0,2022-05-19
1653004800000,0.5331,0.5445,0.5011,0.5158,748216549.0,2022-05-20
1653091200000,0.5159,0.5384,0.508,0.5283,494756907.0,2022-05-21
1653177600000,0.5282,0.549,0.5213,0.5413,517542464.0,2022-05-22
1653264000000,0.5413,0.5594,0.5035,0.5129,801327196.0,2022-05-23
1653350400000,0.5128,0.525,0.4919,0.5217,745556346.0,2022-05-24
1653436800000,0.5216,0.5324,0.5067,0.5142,649137194.0,2022-05-25
1653523200000,0.5141,0.5208,0.4611,0.4785,942826549.0,2022-05-26
1653609600000,0.4785,0.4835,0.445,0.4563,1186177554.0,2022-05-27
1653696000000,0.4563,0.469,0.4475,0.4641,535116617.0,2022-05-28
1653782400000,0.4641,0.4824,0.4553,0.4816,517007158.0,2022-05-29
1653868800000,0.4817,0.5773,0.4768,0.5697,1145299829.0,2022-05-30
1653955200000,0.5698,0.6892,0.5675,0.6264,3124546183.0,2022-05-31
1654041600000,0.6263,0.6311,0.5355,0.5512,1629498119.0,2022-06-01
1654128000000,0.5513,0.5975,0.5483,0.5867,1466161481.0,2022-06-02
1654214400000,0.5866,0.6052,0.538,0.5596,1163679098.0,2022-06-03
1654300800000,0.5596,0.5715,0.5442,0.5662,768390809.0,2022-06-04
1654387200000,0.5663,0.5805,0.5531,0.5671,660535663.0,2022-06-05
1654473600000,0.567,0.6457,0.5645,0.6087,1630438288.0,2022-06-06
1654560000000,0.6088,0.6451,0.571,0.6138,1915672231.0,2022-06-07
1654646400000,0.6138,0.6693,0.6081,0.6404,1763655292.0,2022-06-08
1654732800000,0.6403,0.658,0.6254,0.6319,1031902122.0,2022-06-09
1654819200000,0.632,0.6358,0.568,0.5738,1337782024.0,2022-06-10
1654905600000,0.5738,0.6172,0.5427,0.5537,1612689531.0,2022-06-11
1654992000000,0.5537,0.5605,0.4885,0.4896,1914763137.0,2022-06-12
1655078400000,0.4895,0.4979,0.4357,0.4638,3811599121.0,2022-06-13
1655164800000,0.4639,0.5195,0.4362,0.4828,2780360634.0,2022-06-14
1655251200000,0.4829,0.5392,0.4475,0.5345,2703566826.0,2022-06-15
1655337600000,0.5344,0.5468,0.4668,0.4757,1527215260.0,2022-06-16
1655424000000,0.4757,0.5038,0.4714,0.4869,1081299930.0,2022-06-17
1655510400000,0.4869,0.495,0.42,0.4545,1768862762.0,2022-06-18
1655596800000,0.4544,0.4898,0.4356,0.4847,1338274704.0,2022-06-19
1655683200000,0.4848,0.5088,0.4609,0.4914,1336725917.0,2022-06-20
1655769600000,0.4915,0.5114,0.4742,0.481,1157263564.0,2022-06-21
1655856000000,0.481,0.4813,0.4552,0.4589,1043652325.0,2022-06-22
1655942400000,0.4589,0.4829,0.4556,0.4796,793304870.0,2022-06-23
1656028800000,0.4796,0.5097,0.4756,0.498,1034591136.0,2022-06-24
1656115200000,0.4979,0.5077,0.478,0.4982,723803871.0,2022-06-25
1656201600000,0.4983,0.526,0.4881,0.4895,999813516.0,2022-06-26
1656288000000,0.4895,0.5086,0.475,0.4852,813382182.0,2022-06-27
1656374400000,0.4852,0.4974,0.4664,0.469,864371067.0,2022-06-28
1656460800000,0.4689,0.4768,0.4582,0.4657,875459149.0,2022-06-29
1656547200000,0.4657,0.4674,0.433,0.4594,1161074780.0,2022-06-30
1656633600000,0.4594,0.4749,0.4422,0.4485,1022773081.0,2022-07-01
1656720000000,0.4485,0.4617,0.44,0.4555,620933954.0,2022-07-02
1656806400000,0.4556,0.4598,0.4431,0.4559,547024838.0,2022-07-03
1656892800000,0.4559,0.4763,0.444,0.4693,994814152.0,2022-07-04
1656979200000,0.4693,0.4723,0.4439,0.4568,916317976.0,2022-07-05
1657065600000,0.4568,0.4652,0.4464,0.462,709414300.0,2022-07-06
1657152000000,0.4619,0.4824,0.4605,0.4773,689495539.0,2022-07-07
1657238400000,0.4773,0.4934,0.46,0.4656,824345006.0,2022-07-08
1657324800000,0.4656,0.4846,0.4649,0.4777,565839185.0,2022-07-09
1657411200000,0.4777,0.4795,0.4545,0.4621,598413386.0,2022-07-10
1657497600000,0.4622,0.4625,0.4308,0.4344,803593897.0,2022-07-11
1657584000000,0.4344,0.4423,0.4151,0.4167,906265922.0,2022-07-12
1657670400000,0.4168,0.4423,0.4013,0.4379,1386469760.0,2022-07-13
1657756800000,0.4379,0.4469,0.4162,0.4414,996697151.0,2022-07-14
1657843200000,0.4413,0.4537,0.432,0.4417,850978870.0,2022-07-15
1657929600000,0.4416,0.4588,0.4312,0.4577,711209579.0,2022-07-16
1658016000000,0.4577,0.4658,0.4412,0.4475,676287736.0,2022-07-17
1658102400000,0.4476,0.4998,0.4453,0.49,1347898628.0,2022-07-18
1658188800000,0.4901,0.5261,0.473,0.5149,1390074294.0,2022-07-19
1658275200000,0.515,0.5485,0.486,0.4907,1475731091.0,2022-07-20
1658361600000,0.4906,0.5022,0.4753,0.4992,1013479474.0,2022-07-21
1658448000000,0.4991,0.5112,0.4768,0.4825,816273073.0,2022-07-22
1658534400000,0.4826,0.5184,0.4726,0.5168,957551536.0,2022-07-23
1658620800000,0.5169,0.5367,0.5096,0.5119,1084474624.0,2022-07-24
1658707200000,0.5119,0.5155,0.4736,0.4747,904321076.0,2022-07-25
1658793600000,0.4747,0.4771,0.4505,0.4674,828373359.0,2022-07-26
1658880000000,0.4674,0.5121,0.4584,0.511,1055581483.0,2022-07-27
1658966400000,0.5111,0.5245,0.4881,0.5128,1052284013.0,2022-07-28
1659052800000,0.5129,0.5456,0.506,0.5217,1314293479.0,2022-07-29
1659139200000,0.5217,0.5567,0.5082,0.5263,1083996951.0,2022-07-30
1659225600000,0.5263,0.5443,0.5124,0.5158,703420593.0,2022-07-31
1659312000000,0.5158,0.526,0.5003,0.5122,628744619.0,2022-08-01
1659398400000,0.5122,0.5155,0.4881,0.4959,751006654.0,2022-08-02
1659484800000,0.496,0.5167,0.4885,0.5001,572694003.0,2022-08-03
1659571200000,0.5001,0.5109,0.4932,0.4993,494508241.0,2022-08-04
1659657600000,0.4993,0.5194,0.4989,0.5173,528451881.0,2022-08-05
1659744000000,0.5174,0.5237,0.5095,0.5111,366007425.0,2022-08-06
1659830400000,0.5112,0.538,0.5058,0.5272,489114422.0,2022-08-07
1659916800000,0.5272,0.5493,0.5228,0.5366,716449988.0,2022-08-08
1660003200000,0.5367,0.537,0.5051,0.5124,621509769.0,2022-08-09
1660089600000,0.5124,0.539,0.5015,0.5372,756049392.0,2022-08-10
1660176000000,0.5373,0.5476,0.5283,0.5303,784356264.0,2022-08-11
1660262400000,0.5302,0.542,0.52,0.54,586008609.0,2022-08-12
1660348800000,0.5401,0.5676,0.5376,0.5591,952019653.0,2022-08-13
1660435200000,0.5591,0.5948,0.5565,0.5693,1331755099.0,2022-08-14
1660521600000,0.5693,0.5818,0.5422,0.5497,992294302.0,2022-08-15
1660608000000,0.5497,0.5703,0.547,0.5565,859807999.0,2022-08-16
1660694400000,0.5566,0.5821,0.53,0.5382,1233631112.0,2022-08-17
1660780800000,0.5383,0.5439,0.5044,0.5115,778685156.0,2022-08-18
1660867200000,0.5115,0.5118,0.4454,0.4496,1586664270.0,2022-08-19
1660953600000,0.4496,0.463,0.4342,0.4502,986297366.0,2022-08-20
1661040000000,0.4502,0.4723,0.4461,0.4622,855066084.0,2022-08-21
1661126400000,0.4622,0.4629,0.4369,0.4612,969345524.0,2022-08-22
1661212800000,0.4613,0.4696,0.4451,0.4653,682568109.0,2022-08-23
1661299200000,0.4654,0.4691,0.4531,0.4574,655734653.0,2022-08-24
1661385600000,0.4573,0.474,0.4569,0.4642,655061070.0,2022-08-25
1661472000000,0.4641,0.482,0.425,0.4311,1907952988.0,2022-08-26
1661558400000,0.431,0.4513,0.4253,0.4495,969132007.0,2022-08-27
1661644800000,0.4495,0.4543,0.427,0.4288,748414321.0,2022-08-28
1661731200000,0.4289,0.4529,0.423,0.45,775217944.0,2022-08-29
1661817600000,0.4501,0.4628,0.438,0.4528,998848659.0,2022-08-30
1661904000000,0.4528,0.4632,0.4442,0.4457,823582795.0,2022-08-31
1661990400000,0.4457,0.4625,0.4402,0.4572,824578210.0,2022-09-01
1662076800000,0.4572,0.4663,0.4482,0.454,730285314.0,2022-09-02
1662163200000,0.4541,0.4857,0.4533,0.4799,1221877749.0,2022-09-03
1662249600000,0.4799,0.5099,0.4755,0.5033,1709708306.0,2022-09-04
1662336000000,0.5033,0.5074,0.4822,0.4983,1113118559.0,2022-09-05
1662422400000,0.4983,0.5122,0.4589,0.4624,1588515305.0,2022-09-06
1662508800000,0.4623,0.482,0.4535,0.4784,1025570243.0,2022-09-07
1662595200000,0.4784,0.483,0.4624,0.479,868847482.0,2022-09-08
1662681600000,0.479,0.5048,0.4781,0.502,1036535831.0,2022-09-09
1662768000000,0.502,0.5241,0.4943,0.5117,1153655154.0,2022-09-10
1662854400000,0.5117,0.5196,0.4991,0.5095,776999853.0,2022-09-11
1662940800000,0.5094,0.5194,0.4956,0.5013,953413702.0,2022-09-12
1663027200000,0.5012,0.509,0.4607,0.4632,1172596873.0,2022-09-13
1663113600000,0.4633,0.4868,0.4615,0.4805,853086413.0,2022-09-14
1663200000000,0.4804,0.4817,0.4614,0.4658,826753891.0,2022-09-15
1663286400000,0.4657,0.4744,0.4531,0.4743,635763151.0,2022-09-16
1663372800000,0.4742,0.4882,0.4719,0.4854,512696833.0,2022-09-17
1663459200000,0.4855,0.4903,0.4373,0.4475,764389674.0,2022-09-18
1663545600000,0.4476,0.4568,0.4321,0.4522,798203687.0,2022-09-19
1663632000000,0.4522,0.4543,0.4367,0.4418,633512557.0,2022-09-20
1663718400000,0.4419,0.4647,0.4137,0.4381,1501331966.0,2022-09-21
1663804800000,0.4381,0.4664,0.4336,0.4581,918491634.0,2022-09-22
1663891200000,0.458,0.4824,0.4454,0.4617,1262628648.0,2022-09-23
1663977600000,0.4618,0.4692,0.45,0.4507,678678607.0,2022-09-24
1664064000000,0.4507,0.4625,0.4378,0.4461,624865276.0,2022-09-25
1664150400000,0.446,0.4503,0.4361,0.447,725367802.0,2022-09-26
1664236800000,0.4469,0.4631,0.4369,0.4409,810408724.0,2022-09-27
1664323200000,0.4409,0.4429,0.4245,0.4359,777662307.0,2022-09-28
1664409600000,0.4359,0.439,0.4274,0.4379,612265971.0,2022-09-29
1664496000000,0.4379,0.4414,0.4287,0.4346,622385289.0,2022-09-30
1664582400000,0.4346,0.4362,0.4271,0.4298,335990815.0,2022-10-01
1664668800000,0.4298,0.4327,0.4166,0.4192,489745038.0,2022-10-02
1664755200000,0.4193,0.4287,0.415,0.4274,555471638.0,2022-10-03
1664841600000,0.4274,0.4374,0.425,0.4352,513914126.0,2022-10-04
1664928000000,0.4352,0.4365,0.4232,0.4307,497180098.0,2022-10-05
1665014400000,0.4307,0.4369,0.4251,0.4285,495468133.0,2022-10-06
1665100800000,0.4285,0.4301,0.42,0.4238,420219035.0,2022-10-07
1665187200000,0.4238,0.4269,0.418,0.4217,267211517.0,2022-10-08
1665273600000,0.4218,0.424,0.4185,0.4228,243276557.0,2022-10-09
1665360000000,0.4227,0.4267,0.3948,0.4007,715127288.0,2022-10-10
1665446400000,0.4006,0.4015,0.3818,0.3905,866840040.0,2022-10-11
1665532800000,0.3905,0.3952,0.3753,0.3809,687660624.0,2022-10-12
1665619200000,0.3809,0.3822,0.3471,0.3764,1678293268.0,2022-10-13
1665705600000,0.3764,0.389,0.3605,0.3663,867850299.0,2022-10-14
1665792000000,0.3663,0.3697,0.3608,0.3637,453877419.0,2022-10-15
1665878400000,0.3637,0.3746,0.3635,0.3701,459525050.0,2022-10-16
1665964800000,0.3701,0.3756,0.3658,0.3721,475683807.0,2022-10-17
1666051200000,0.3721,0.3741,0.3565,0.3621,809777089.0,2022-10-18
1666137600000,0.3621,0.3621,0.3462,0.3495,670411969.0,2022-10-19
1666224000000,0.3494,0.3556,0.336,0.3399,851096166.0,2022-10-20
1666310400000,0.3399,0.3496,0.3293,0.3489,983490717.0,2022-10-21
1666396800000,0.3488,0.3542,0.3426,0.3511,536510259.0,2022-10-22
1666483200000,0.351,0.3635,0.3456,0.3617,642619632.0,2022-10-23
1666569600000,0.3618,0.3648,0.3529,0.3571,735796573.0,2022-10-24
1666656000000,0.3571,0.4168,0.3565,0.3999,2528936690.0,2022-10-25
1666742400000,0.3999,0.412,0.3944,0.4026,1661469452.0,2022-10-26
1666828800000,0.4026,0.4192,0.3859,0.388,1374507019.0,2022-10-27
1666915200000,0.3881,0.4114,0.3759,0.4042,1100149540.0,2022-10-28
1667001600000,0.4043,0.4399,0.4007,0.4199,1136392554.0,2022-10-29
1667088000000,0.4198,0.4214,0.3979,0.4054,681746074.0,2022-10-30
1667174400000,0.4054,0.4161,0.3973,0.4053,786896907.0,2022-10-31
1667260800000,0.4053,0.4152,0.398,0.4009,563416115.0,2022-11-01
1667347200000,0.4009,0.4092,0.3799,0.3854,1096543146.0,2022-11-02
1667433600000,0.3853,0.399,0.3839,0.389,623929675.0,2022-11-03
1667520000000,0.3891,0.4262,0.3876,0.4212,1106152367.0,2022-11-04
1667606400000,0.4213,0.4377,0.4198,0.4262,763114464.0,2022-11-05
1667692800000,0.4261,0.4309,0.4009,0.4018,624036405.0,2022-11-06
1667779200000,0.4018,0.4158,0.3971,0.4039,780092073.0,2022-11-07
1667865600000,0.4038,0.4152,0.3388,0.372,2121618705.0,2022-11-08
1667952000000,0.3719,0.3764,0.3094,0.3171,2212545432.0,2022-11-09
1668038400000,0.3171,0.3788,0.3114,0.3686,1661138379.0,2022-11-10
1668124800000,0.3686,0.3741,0.3418,0.3555,786457454.0,2022-11-11
1668211200000,0.3556,0.3568,0.3359,0.3396,442033895.0,2022-11-12
1668297600000,0.3395,0.3452,0.3247,0.3296,502404102.0,2022-11-13
1668384000000,0.3297,0.3418,0.3139,0.3321,833164380.0,2022-11-14
1668470400000,0.3321,0.3448,0.3289,0.3371,567401295.0,2022-11-15
1668556800000,0.3371,0.3442,0.3236,0.3317,566933069.0,2022-11-16
1668643200000,0.3317,0.3344,0.3182,0.3249,499300397.0,2022-11-17
1668729600000,0.3249,0.3325,0.3204,0.3256,535553951.0,2022-11-18
1668816000000,0.3256,0.3322,0.3209,0.3279,371711629.0,2022-11-19
1668902400000,0.3279,0.3311,0.3094,0.3119,614213592.0,2022-11-20
1668988800000,0.3119,0.3131,0.2948,0.3044,1107773178.0,2022-11-21
1669075200000,0.3044,0.3169,0.2979,0.3124,802711491.0,2022-11-22
1669161600000,0.3125,0.3205,0.309,0.3183,687065404.0,2022-11-23
1669248000000,0.3182,0.3212,0.3113,0.3162,507778926.0,2022-11-24
1669334400000,0.3161,0.3174,0.3071,0.3145,499778791.0,2022-11-25
1669420800000,0.3145,0.3233,0.3106,0.3136,441879763.0,2022-11-26
1669507200000,0.3135,0.3195,0.3112,0.3125,347936142.0,2022-11-27
1669593600000,0.3124,0.3138,0.299,0.3064,657665254.0,2022-11-28
1669680000000,0.3065,0.3127,0.3039,0.309,466154738.0,2022-11-29
1669766400000,0.3091,0.3209,0.308,0.3186,693546736.0,2022-11-30
1669852800000,0.3186,0.3205,0.3121,0.3143,450700115.0,2022-12-01
1669939200000,0.3144,0.32,0.3103,0.319,423092016.0,2022-12-02
1670025600000,0.319,0.3264,0.3159,0.3194,568626686.0,2022-12-03
1670112000000,0.3194,0.324,0.3179,0.322,385383265.0,2022-12-04
1670198400000,0.322,0.3289,0.316,0.3192,521209143.0,2022-12-05
1670284800000,0.3191,0.3209,0.3132,0.3179,341533628.0,2022-12-06
1670371200000,0.3179,0.3199,0.3063,0.31,488719628.0,2022-12-07
1670457600000,0.3099,0.3156,0.3069,0.3143,458689736.0,2022-12-08
1670544000000,0.3143,0.3166,0.3085,0.3116,398224160.0,2022-12-09
1670630400000,0.3117,0.3147,0.3103,0.3123,202562035.0,2022-12-10
1670716800000,0.3123,0.315,0.3035,0.3071,316269560.0,2022-12-11
1670803200000,0.3071,0.3077,0.3001,0.3067,407750481.0,2022-12-12
1670889600000,0.3067,0.3187,0.2987,0.3141,681976096.0,2022-12-13
1670976000000,0.3141,0.3156,0.3051,0.3078,521295709.0,2022-12-14
1671062400000,0.3079,0.3085,0.2953,0.3001,462951395.0,2022-12-15
1671148800000,0.3,0.3012,0.2543,0.2631,937701152.0,2022-12-16
1671235200000,0.2632,0.2677,0.2586,0.2669,523070557.0,2022-12-17
1671321600000,0.2669,0.2713,0.2625,0.2658,393993096.0,2022-12-18
1671408000000,0.2659,0.2692,0.2482,0.2528,679970740.0,2022-12-19
1671494400000,0.2527,0.2618,0.251,0.2585,434366386.0,2022-12-20
1671580800000,0.2586,0.2591,0.2475,0.2533,574275186.0,2022-12-21
1671667200000,0.2532,0.2569,0.2462,0.2566,539242582.0,2022-12-22
1671753600000,0.2566,0.264,0.2553,0.2594,557378301.0,2022-12-23
1671840000000,0.2594,0.2603,0.2564,0.2589,223340588.0,2022-12-24
1671926400000,0.2589,0.2598,0.2542,0.2589,318655556.0,2022-12-25
1672012800000,0.2589,0.2656,0.2574,0.2652,403547978.0,2022-12-26
1672099200000,0.2652,0.2664,0.256,0.2602,449216792.0,2022-12-27
1672185600000,0.2602,0.2609,0.2463,0.248,698923820.0,2022-12-28
1672272000000,0.2481,0.2482,0.2389,0.2436,709331413.0,2022-12-29
1672358400000,0.2436,0.246,0.2389,0.2457,535671862.0,2022-12-30
1672444800000,0.2456,0.252,0.2438,0.2456,457098881.0,2022-12-31
1672531200000,0.2457,0.2499,0.2431,0.2498,370864237.0,2023-01-01
1672617600000,0.2498,0.2566,0.2464,0.2535,508893524.0,2023-01-02
1672704000000,0.2536,0.2553,0.25,0.2526,447189214.0,2023-01-03
1672790400000,0.2525,0.2708,0.2516,0.2675,1024979473.0,2023-01-04
1672876800000,0.2675,0.2715,0.263,0.2691,689649566.0,2023-01-05
1672963200000,0.2691,0.2798,0.267,0.2784,1503479068.0,2023-01-06
1673049600000,0.2783,0.2808,0.272,0.2766,518900498.0,2023-01-07
1673136000000,0.2767,0.3085,0.274,0.2975,1515064293.0,2023-01-08
1673222400000,0.2975,0.3467,0.2954,0.3168,2740636621.0,2023-01-09
1673308800000,0.3168,0.3254,0.306,0.3223,1261298457.0,2023-01-10
1673395200000,0.3223,0.3235,0.3075,0.323,1008913032.0,2023-01-11
1673481600000,0.3231,0.3352,0.3142,0.3293,1391534713.0,2023-01-12
1673568000000,0.3293,0.3511,0.3235,0.3455,1059740700.0,2023-01-13
1673654400000,0.3456,0.3706,0.3315,0.3525,1467767450.0,2023-01-14
1673740800000,0.3525,0.3539,0.3386,0.351,690223786.0,2023-01-15
1673827200000,0.351,0.3641,0.3372,0.3503,934427622.0,2023-01-16
1673913600000,0.3503,0.3577,0.3429,0.3455,660267003.0,2023-01-17
1674000000000,0.3454,0.3556,0.3218,0.3265,1055476461.0,2023-01-18
1674086400000,0.3264,0.343,0.3255,0.338,657159246.0,2023-01-19
1674172800000,0.338,0.3657,0.3334,0.365,839095555.0,2023-01-20
1674259200000,0.3649,0.3809,0.357,0.3687,971360899.0,2023-01-21
1674345600000,0.3687,0.3875,0.3628,0.3764,990837206.0,2023-01-22
1674432000000,0.3765,0.3839,0.3687,0.375,826352716.0,2023-01-23
1674518400000,0.375,0.3832,0.3551,0.3587,646073774.0,2023-01-24
1674604800000,0.3588,0.3798,0.3467,0.3733,856708233.0,2023-01-25
1674691200000,0.3734,0.3894,0.3711,0.3796,813080062.0,2023-01-26
1674777600000,0.3796,0.3915,0.3676,0.39,665400537.0,2023-01-27
1674864000000,0.3899,0.3981,0.3781,0.3818,654541318.0,2023-01-28
1674950400000,0.3818,0.3992,0.3766,0.3977,591615938.0,2023-01-29
1675036800000,0.3977,0.3984,0.3647,0.3723,830497227.0,2023-01-30
1675123200000,0.3723,0.3999,0.3682,0.3901,987301576.0,2023-01-31
1675209600000,0.3902,0.4019,0.3705,0.397,973119365.0,2023-02-01
1675296000000,0.3971,0.4139,0.3918,0.3983,1027613404.0,2023-02-02
1675382400000,0.3982,0.4076,0.3944,0.404,636353878.0,2023-02-03
1675468800000,0.4041,0.4059,0.3974,0.3993,409872842.0,2023-02-04
1675555200000,0.3994,0.402,0.382,0.3922,624255698.0,2023-02-05
1675641600000,0.3922,0.4035,0.3792,0.382,794928183.0,2023-02-06
1675728000000,0.382,0.4,0.3813,0.3989,805317090.0,2023-02-07
1675814400000,0.399,0.4037,0.3853,0.3944,693499207.0,2023-02-08
1675900800000,0.3944,0.3959,0.3536,0.362,1059500144.0,2023-02-09
1675987200000,0.362,0.3656,0.3536,0.3577,819481319.0,2023-02-10
1676073600000,0.3577,0.3701,0.3564,0.3683,400581677.0,2023-02-11
1676160000000,0.3683,0.3737,0.3591,0.3641,450056177.0,2023-02-12
1676246400000,0.3641,0.3655,0.3445,0.3589,840745491.0,2023-02-13
1676332800000,0.359,0.393,0.3542,0.3867,1103754323.0,2023-02-14
1676419200000,0.3867,0.4207,0.3816,0.4193,1054724783.0,2023-02-15
1676505600000,0.4193,0.422,0.3865,0.3875,1139609274.0,2023-02-16
1676592000000,0.3876,0.4099,0.3855,0.4033,849504269.0,2023-02-17
1676678400000,0.4033,0.4189,0.3976,0.4061,588234940.0,2023-02-18
1676764800000,0.4062,0.4123,0.3965,0.3994,688370102.0,2023-02-19
1676851200000,0.3994,0.4097,0.3891,0.404,725605170.0,2023-02-20
1676937600000,0.4039,0.4062,0.3848,0.3925,767233523.0,2023-02-21
1677024000000,0.3926,0.393,0.3766,0.3889,837425451.0,2023-02-22
1677110400000,0.3889,0.3949,0.3792,0.3822,614359829.0,2023-02-23
1677196800000,0.3821,0.3852,0.3576,0.3656,846834787.0,2023-02-24
1677283200000,0.3656,0.3674,0.3507,0.3617,534249482.0,2023-02-25
1677369600000,0.3617,0.3702,0.3575,0.3688,391368289.0,2023-02-26
1677456000000,0.3688,0.3698,0.3571,0.3646,528219149.0,2023-02-27
1677542400000,0.3646,0.3679,0.3481,0.3516,524327973.0,2023-02-28
1677628800000,0.3515,0.3644,0.349,0.3599,485648531.0,2023-03-01
1677715200000,0.36,0.3613,0.3442,0.3502,582059526.0,2023-03-02
1677801600000,0.3503,0.3508,0.317,0.3428,950263624.0,2023-03-03
1677888000000,0.3427,0.3446,0.33,0.3364,407424614.0,2023-03-04
1677974400000,0.3363,0.3429,0.3341,0.3367,402948885.0,2023-03-05
1678060800000,0.3367,0.3386,0.3288,0.3302,537379882.0,2023-03-06
1678147200000,0.3303,0.3347,0.3204,0.3303,779312817.0,2023-03-07
1678233600000,0.3303,0.3327,0.3128,0.3175,854946154.0,2023-03-08
1678320000000,0.3174,0.322,0.3002,0.3097,1156980906.0,2023-03-09
1678406400000,0.3097,0.318,0.297,0.3146,1300763592.0,2023-03-10
1678492800000,0.3146,0.3227,0.301,0.3049,933716536.0,2023-03-11
1678579200000,0.3049,0.3311,0.3011,0.33,951387217.0,2023-03-12
1678665600000,0.33,0.351,0.3272,0.3433,1345519674.0,2023-03-13
1678752000000,0.3433,0.3681,0.3364,0.3431,1345372967.0,2023-03-14
1678838400000,0.3431,0.3466,0.3158,0.324,1352510133.0,2023-03-15
1678924800000,0.3239,0.3288,0.3168,0.3246,941405609.0,2023-03-16
1679011200000,0.3246,0.3502,0.3209,0.3494,1057270976.0,2023-03-17
1679097600000,0.3493,0.3575,0.335,0.3371,948728791.0,2023-03-18
1679184000000,0.337,0.3527,0.3367,0.3447,722770799.0,2023-03-19
1679270400000,0.3448,0.346,0.3302,0.332,967114988.0,2023-03-20
1679356800000,0.3319,0.3871,0.3287,0.3694,1885610841.0,2023-03-21
1679443200000,0.3694,0.3868,0.3488,0.3595,2191600605.0,2023-03-22
1679529600000,0.3594,0.3853,0.3533,0.3715,1067990293.0,2023-03-23
1679616000000,0.3716,0.3724,0.355,0.3596,789146235.0,2023-03-24
1679702400000,0.3595,0.3627,0.3483,0.351,467961672.0,2023-03-25
1679788800000,0.3511,0.3612,0.3485,0.3555,423411891.0,2023-03-26
1679875200000,0.3555,0.357,0.3358,0.3452,723286784.0,2023-03-27
1679961600000,0.3452,0.37,0.3425,0.3679,851190971.0,2023-03-28
1680048000000,0.3679,0.3899,0.3666,0.3809,912625702.0,2023-03-29
1680134400000,0.381,0.3874,0.3696,0.3758,791127332.0,2023-03-30
1680220800000,0.3758,0.4091,0.374,0.399,1360271672.0,2023-03-31
1680307200000,0.3989,0.4028,0.3876,0.3919,641602367.0,2023-04-01
1680393600000,0.392,0.3926,0.375,0.3813,553176881.0,2023-04-02
1680480000000,0.3812,0.4048,0.3702,0.387,1402608227.0,2023-04-03
1680566400000,0.3871,0.4004,0.384,0.3892,642448787.0,2023-04-04
1680652800000,0.3892,0.4,0.3865,0.3921,547484941.0,2023-04-05
1680739200000,0.3921,0.3922,0.3759,0.3829,526729042.0,2023-04-06
1680825600000,0.3828,0.3849,0.3753,0.3832,352192159.0,2023-04-07
1680912000000,0.3832,0.39,0.3802,0.385,371597406.0,2023-04-08
1680998400000,0.385,0.3932,0.3839,0.3891,417653102.0,2023-04-09
1681084800000,0.3891,0.3977,0.3843,0.397,512537101.0,2023-04-10
1681171200000,0.3971,0.4134,0.3956,0.4012,812373316.0,2023-04-11
1681257600000,0.4012,0.4069,0.3883,0.4047,827178243.0,2023-04-12
1681344000000,0.4047,0.4287,0.3984,0.4251,1045928831.0,2023-04-13
1681430400000,0.4252,0.4441,0.4226,0.4378,1234403198.0,2023-04-14
1681516800000,0.4379,0.4624,0.4312,0.4525,1036690794.0,2023-04-15
1681603200000,0.4525,0.4579,0.4425,0.4514,632784766.0,2023-04-16
1681689600000,0.4513,0.4517,0.4309,0.4345,757652163.0,2023-04-17
1681776000000,0.4345,0.4479,0.4275,0.4434,592872538.0,2023-04-18
1681862400000,0.4435,0.4435,0.402,0.4162,947547799.0,2023-04-19
1681948800000,0.4162,0.422,0.3931,0.4005,874503395.0,2023-04-20
1682035200000,0.4004,0.4071,0.378,0.382,907453405.0,2023-04-21
1682121600000,0.382,0.3988,0.3808,0.3954,497015172.0,2023-04-22
1682208000000,0.3954,0.3956,0.379,0.3885,518233502.0,2023-04-23
1682294400000,0.3886,0.3975,0.3791,0.3832,660981779.0,2023-04-24
1682380800000,0.3832,0.395,0.3753,0.3942,672691443.0,2023-04-25
1682467200000,0.3942,0.417,0.3771,0.401,1176172807.0,2023-04-26
1682553600000,0.401,0.4186,0.4005,0.4096,955112863.0,2023-04-27
1682640000000,0.4097,0.4114,0.3964,0.4042,519396668.0,2023-04-28
1682726400000,0.4041,0.4074,0.3984,0.4022,281431662.0,2023-04-29
1682812800000,0.4022,0.4149,0.394,0.3953,560810399.0,2023-04-30
1682899200000,0.3953,0.3977,0.38,0.3864,574156523.0,2023-05-01
1682985600000,0.3865,0.3945,0.3811,0.3914,442569060.0,2023-05-02
1683072000000,0.3915,0.3965,0.3779,0.3939,691683967.0,2023-05-03
1683158400000,0.394,0.3964,0.3846,0.387,448413692.0,2023-05-04
1683244800000,0.3871,0.3969,0.381,0.3938,509587097.0,2023-05-05
1683331200000,0.3939,0.3968,0.3729,0.3785,504469287.0,2023-05-06
1683417600000,0.3786,0.3832,0.3733,0.3759,345145356.0,2023-05-07
1683504000000,0.3759,0.3794,0.3518,0.3651,847354803.0,2023-05-08
1683590400000,0.3652,0.3706,0.3592,0.3629,457717548.0,2023-05-09
1683676800000,0.363,0.3728,0.3541,0.3689,897861122.0,2023-05-10
1683763200000,0.369,0.3694,0.3478,0.3596,714639396.0,2023-05-11
1683849600000,0.3597,0.3706,0.3527,0.3701,796433119.0,2023-05-12
1683936000000,0.3702,0.3709,0.362,0.3644,318156483.0,2023-05-13
1684022400000,0.3645,0.3729,0.3623,0.3707,315020681.0,2023-05-14
1684108800000,0.3707,0.3758,0.3651,0.3667,501843067.0,2023-05-15
1684195200000,0.3667,0.3703,0.361,0.3682,472273681.0,2023-05-16
1684281600000,0.3682,0.3804,0.3642,0.3755,674331884.0,2023-05-17
1684368000000,0.3755,0.3801,0.3655,0.3712,628220235.0,2023-05-18
1684454400000,0.3713,0.373,0.3656,0.3678,418803026.0,2023-05-19
1684540800000,0.3679,0.3682,0.3629,0.366,275858599.0,2023-05-20
1684627200000,0.3661,0.3675,0.3561,0.3601,307834609.0,2023-05-21
1684713600000,0.3601,0.3742,0.3559,0.3677,611742515.0,2023-05-22
1684800000000,0.3677,0.3754,0.3656,0.3702,344588623.0,2023-05-23
1684886400000,0.3702,0.3704,0.36,0.3637,523665021.0,2023-05-24
1684972800000,0.3638,0.3647,0.3546,0.3579,506764077.0,2023-05-25
1685059200000,0.3579,0.3669,0.3533,0.3625,459575863.0,2023-05-26
1685145600000,0.3624,0.3674,0.3602,0.3666,240638532.0,2023-05-27
1685232000000,0.3666,0.3856,0.3659,0.3827,586274275.0,2023-05-28
1685318400000,0.3827,0.3863,0.3755,0.3788,428675730.0,2023-05-29
1685404800000,0.3788,0.3833,0.3746,0.3776,357560808.0,2023-05-30
1685491200000,0.3777,0.3807,0.3701,0.3743,369712515.0,2023-05-31
1685577600000,0.3743,0.3757,0.3605,0.3641,509265213.0,2023-06-01
1685664000000,0.364,0.3794,0.3615,0.3781,544206712.0,2023-06-02
1685750400000,0.3781,0.3782,0.3727,0.3761,218440319.0,2023-06-03
1685836800000,0.3761,0.382,0.3746,0.3773,284479476.0,2023-06-04
1685923200000,0.3773,0.3791,0.3465,0.3511,793793763.0,2023-06-05
1686009600000,0.3512,0.3568,0.3362,0.3528,799690981.0,2023-06-06
1686096000000,0.3529,0.3529,0.3174,0.322,1129257273.0,2023-06-07
1686182400000,0.322,0.3308,0.3197,0.3227,728160633.0,2023-06-08
1686268800000,0.3226,0.3238,0.2899,0.2948,1779903376.0,2023-06-09
1686355200000,0.2949,0.2952,0.2167,0.2744,5439192805.0,2023-06-10
1686441600000,0.2745,0.2796,0.2586,0.2717,2531293284.0,2023-06-11
1686528000000,0.2717,0.2863,0.2644,0.2745,2078370114.0,2023-06-12
1686614400000,0.2745,0.2896,0.2681,0.275,1505355895.0,2023-06-13
1686700800000,0.275,0.2773,0.256,0.2632,1311080618.0,2023-06-14
1686787200000,0.2631,0.2658,0.2521,0.2619,1336681013.0,2023-06-15
1686873600000,0.2619,0.2675,0.2522,0.263,943931007.0,2023-06-16
1686960000000,0.263,0.2745,0.2604,0.2665,766832110.0,2023-06-17
1687046400000,0.2665,0.269,0.2583,0.2607,666949100.0,2023-06-18
1687132800000,0.2607,0.2637,0.2566,0.2631,754369447.0,2023-06-19
1687219200000,0.2631,0.2705,0.2519,0.2703,1107679997.0,2023-06-20
1687305600000,0.2704,0.2888,0.2685,0.286,1475797276.0,2023-06-21
1687392000000,0.2859,0.3048,0.2853,0.2897,1514039757.0,2023-06-22
1687478400000,0.2896,0.3027,0.2865,0.2965,1074382908.0,2023-06-23
1687564800000,0.2965,0.2972,0.2838,0.2892,825817689.0,2023-06-24
1687651200000,0.2891,0.305,0.2881,0.2918,862575336.0,2023-06-25
1687737600000,0.2918,0.2921,0.2715,0.2802,959173561.0,2023-06-26
1687824000000,0.2802,0.2897,0.2782,0.2865,854418716.0,2023-06-27
1687910400000,0.2866,0.2868,0.258,0.2667,1199723922.0,2023-06-28
1687996800000,0.2667,0.2781,0.2661,0.275,786129983.0,2023-06-29
1688083200000,0.275,0.2996,0.2666,0.2868,1882916777.0,2023-06-30
1688169600000,0.2869,0.2934,0.2808,0.2922,747184934.0,2023-07-01
1688256000000,0.2923,0.2939,0.2848,0.2915,754129845.0,2023-07-02
1688342400000,0.2915,0.2993,0.2901,0.2966,773706300.0,2023-07-03
1688428800000,0.2967,0.3018,0.2883,0.2923,859453299.0,2023-07-04
1688515200000,0.2922,0.2961,0.279,0.2837,824978473.0,2023-07-05
1688601600000,0.2837,0.2937,0.2756,0.2783,1088771357.0,2023-07-06
1688688000000,0.2782,0.2853,0.2753,0.2843,640364362.0,2023-07-07
1688774400000,0.2844,0.2929,0.2813,0.2904,589904341.0,2023-07-08
1688860800000,0.2905,0.2916,0.2827,0.2842,466120129.0,2023-07-09
1688947200000,0.2842,0.2926,0.2776,0.2876,869082419.0,2023-07-10
1689033600000,0.2876,0.2939,0.2873,0.2927,587600083.0,2023-07-11
1689120000000,0.2927,0.2954,0.2845,0.2888,578782069.0,2023-07-12
1689206400000,0.2888,0.3681,0.2855,0.3565,2611460028.0,2023-07-13
1689292800000,0.3566,0.3795,0.3159,0.3279,2369120838.0,2023-07-14
1689379200000,0.3279,0.3374,0.3239,0.3257,760414071.0,2023-07-15
1689465600000,0.3258,0.3276,0.3113,0.3141,868093285.0,2023-07-16
1689552000000,0.3141,0.3196,0.3051,0.3118,811759669.0,2023-07-17
1689638400000,0.3118,0.3141,0.2985,0.3092,850796507.0,2023-07-18
1689724800000,0.3093,0.326,0.3066,0.3224,1365100558.0,2023-07-19
1689811200000,0.3224,0.332,0.3128,0.3159,1163108230.0,2023-07-20
1689897600000,0.3159,0.3183,0.3102,0.3125,507329752.0,2023-07-21
1689984000000,0.3126,0.3149,0.3058,0.3099,386015252.0,2023-07-22
1690070400000,0.3098,0.319,0.3069,0.3169,370635242.0,2023-07-23
1690156800000,0.3169,0.3188,0.2997,0.305,716909607.0,2023-07-24
1690243200000,0.305,0.3078,0.3012,0.3036,514388389.0,2023-07-25
1690329600000,0.3036,0.3107,0.3,0.3065,643632589.0,2023-07-26
1690416000000,0.3065,0.3133,0.3051,0.3076,398621034.0,2023-07-27
1690502400000,0.3076,0.3134,0.306,0.3097,363308828.0,2023-07-28
1690588800000,0.3098,0.3144,0.3086,0.3129,278329754.0,2023-07-29
1690675200000,0.3129,0.3181,0.3048,0.3156,490407310.0,2023-07-30
1690761600000,0.3156,0.319,0.3061,0.3069,536763278.0,2023-07-31
1690848000000,0.3069,0.3105,0.2928,0.3102,635357762.0,2023-08-01
1690934400000,0.3101,0.312,0.2963,0.2992,538416084.0,2023-08-02
1691020800000,0.2991,0.3013,0.2885,0.292,640935963.0,2023-08-03
1691107200000,0.2921,0.2971,0.2899,0.2933,423369522.0,2023-08-04
1691193600000,0.2933,0.294,0.2899,0.2937,283472386.0,2023-08-05
1691280000000,0.2936,0.2957,0.2903,0.2921,258524830.0,2023-08-06
1691366400000,0.292,0.2961,0.281,0.2909,614180256.0,2023-08-07
1691452800000,0.2909,0.3025,0.2893,0.2973,656168674.0,2023-08-08
1691539200000,0.2973,0.3023,0.2957,0.3013,392256762.0,2023-08-09
1691625600000,0.3013,0.3017,0.2958,0.2962,387453793.0,2023-08-10
1691712000000,0.2963,0.2975,0.2922,0.2931,247630334.0,2023-08-11
1691798400000,0.2932,0.2945,0.2904,0.2917,211307759.0,2023-08-12
1691884800000,0.2918,0.2935,0.2863,0.2893,305262794.0,2023-08-13
1691971200000,0.2892,0.2926,0.2869,0.2904,318212582.0,2023-08-14
1692057600000,0.2904,0.291,0.2728,0.2818,503992190.0,2023-08-15
1692144000000,0.2817,0.2828,0.2643,0.2746,823386991.0,2023-08-16
1692230400000,0.2746,0.2783,0.2319,0.2549,1234374463.0,2023-08-17
1692316800000,0.2549,0.2673,0.2543,0.2636,908406744.0,2023-08-18
1692403200000,0.2636,0.2698,0.26,0.2686,436320302.0,2023-08-19
1692489600000,0.2686,0.273,0.2645,0.2701,406122417.0,2023-08-20
1692576000000,0.2702,0.2725,0.258,0.2627,554991041.0,2023-08-21
1692662400000,0.2627,0.2632,0.2493,0.2583,721439280.0,2023-08-22
1692748800000,0.2583,0.2698,0.2578,0.2679,504542694.0,2023-08-23
1692835200000,0.2679,0.2713,0.2621,0.2656,432546667.0,2023-08-24
1692921600000,0.2656,0.2705,0.2588,0.261,685187408.0,2023-08-25
1693008000000,0.2609,0.2616,0.2575,0.2607,257097394.0,2023-08-26
1693094400000,0.2608,0.2651,0.2598,0.2631,268810808.0,2023-08-27
1693180800000,0.2631,0.2678,0.2573,0.2674,401754904.0,2023-08-28
1693267200000,0.2675,0.2803,0.2599,0.2724,970847259.0,2023-08-29
1693353600000,0.2725,0.2729,0.26,0.2652,600621784.0,2023-08-30
1693440000000,0.2653,0.2666,0.2484,0.2553,725642496.0,2023-08-31
1693526400000,0.2553,0.2586,0.2511,0.2548,502194620.0,2023-09-01
1693612800000,0.2548,0.2572,0.2533,0.256,210725217.0,2023-09-02
1693699200000,0.2559,0.2568,0.2528,0.2557,243507067.0,2023-09-03
1693785600000,0.2556,0.2599,0.253,0.2561,304236568.0,2023-09-04
1693872000000,0.2561,0.2588,0.2534,0.2577,302376618.0,2023-09-05
1693958400000,0.2577,0.2614,0.2518,0.2576,384790210.0,2023-09-06
1694044800000,0.2576,0.2596,0.2529,0.2578,328472735.0,2023-09-07
1694131200000,0.2579,0.2597,0.2524,0.2542,346707733.0,2023-09-08
1694217600000,0.2542,0.2557,0.2529,0.253,157774140.0,2023-09-09
1694304000000,0.2531,0.2531,0.241,0.2488,522648332.0,2023-09-10
1694390400000,0.2488,0.2495,0.2365,0.2419,651940269.0,2023-09-11
1694476800000,0.2418,0.2528,0.2406,0.2454,559505739.0,2023-09-12
1694563200000,0.2453,0.25,0.2433,0.2485,433204765.0,2023-09-13
1694649600000,0.2484,0.2526,0.2449,0.2512,427620667.0,2023-09-14
1694736000000,0.2511,0.2551,0.245,0.2504,419361269.0,2023-09-15
1694822400000,0.2504,0.2538,0.2479,0.2501,338788641.0,2023-09-16
1694908800000,0.2502,0.2511,0.2438,0.2468,340303424.0,2023-09-17
1694995200000,0.2468,0.2559,0.2437,0.2514,566041759.0,2023-09-18
1695081600000,0.2513,0.2579,0.2505,0.2546,414268424.0,2023-09-19
1695168000000,0.2545,0.2565,0.2498,0.2514,517389589.0,2023-09-20
1695254400000,0.2515,0.253,0.2446,0.2448,453585069.0,2023-09-21
1695340800000,0.2448,0.2464,0.2425,0.2448,351505426.0,2023-09-22
1695427200000,0.2449,0.2468,0.2435,0.2459,199728210.0,2023-09-23
1695513600000,0.2459,0.2462,0.2413,0.2425,242449410.0,2023-09-24
1695600000000,0.2425,0.2461,0.2401,0.2457,301727162.0,2023-09-25
1695686400000,0.2458,0.2478,0.2428,0.2453,274129347.0,2023-09-26
1695772800000,0.2453,0.2484,0.2422,0.2446,382024920.0,2023-09-27
1695859200000,0.2446,0.2507,0.2431,0.2489,426522384.0,2023-09-28
1695945600000,0.2488,0.2558,0.2474,0.2492,521659427.0,2023-09-29
1696032000000,0.2491,0.2547,0.2487,0.2538,320576963.0,2023-09-30
1696118400000,0.2539,0.268,0.2535,0.2658,628261546.0,2023-10-01
1696204800000,0.2658,0.2694,0.2571,0.2589,739277256.0,2023-10-02
1696291200000,0.259,0.2645,0.2571,0.2608,585511941.0,2023-10-03
1696377600000,0.2609,0.2613,0.2518,0.2588,559592590.0,2023-10-04
1696464000000,0.2587,0.2638,0.2563,0.2601,553556314.0,2023-10-05
1696550400000,0.26,0.2671,0.26,0.2645,476170353.0,2023-10-06
1696636800000,0.2645,0.2656,0.2562,0.2585,337376681.0,2023-10-07
1696723200000,0.2585,0.259,0.2551,0.2561,261595619.0,2023-10-08
1696809600000,0.2561,0.2585,0.248,0.2511,581012464.0,2023-10-09
1696896000000,0.2511,0.2531,0.2463,0.2489,428279517.0,2023-10-10
1696982400000,0.249,0.2494,0.2438,0.2479,402718331.0,2023-10-11
1697068800000,0.2479,0.248,0.2417,0.2458,358462672.0,2023-10-12
1697155200000,0.2459,0.2496,0.2447,0.2457,286216658.0,2023-10-13
1697241600000,0.2457,0.2477,0.2446,0.2467,168014693.0,2023-10-14
1697328000000,0.2468,0.2484,0.2451,0.2471,216373997.0,2023-10-15
1697414400000,0.2472,0.2603,0.2469,0.2511,652194103.0,2023-10-16
1697500800000,0.2512,0.2517,0.2441,0.2462,341344799.0,2023-10-17
1697587200000,0.2462,0.2483,0.242,0.2427,313912394.0,2023-10-18
1697673600000,0.2427,0.2469,0.2382,0.2469,411069746.0,2023-10-19
1697760000000,0.2469,0.2532,0.2452,0.2511,482558352.0,2023-10-20
1697846400000,0.2511,0.2628,0.2492,0.2585,482157033.0,2023-10-21
1697932800000,0.2586,0.2643,0.2549,0.2639,451331065.0,2023-10-22
1698019200000,0.2639,0.2823,0.2614,0.2809,1029987973.0,2023-10-23
1698105600000,0.2809,0.2938,0.2729,0.2791,1114857668.0,2023-10-24
1698192000000,0.2791,0.2899,0.276,0.2808,702193529.0,2023-10-25
1698278400000,0.2808,0.2975,0.2799,0.2872,880291581.0,2023-10-26
1698364800000,0.2871,0.2925,0.2804,0.2893,555824280.0,2023-10-27
1698451200000,0.2893,0.2977,0.2887,0.2907,326116498.0,2023-10-28
1698537600000,0.2908,0.2989,0.2879,0.2955,329334285.0,2023-10-29
1698624000000,0.2955,0.3034,0.2919,0.3031,563779185.0,2023-10-30
1698710400000,0.3031,0.3051,0.2839,0.293,750876625.0,2023-10-31
1698796800000,0.2929,0.3092,0.2844,0.3075,739747428.0,2023-11-01
1698883200000,0.3075,0.3296,0.2982,0.3233,1438714065.0,2023-11-02
1698969600000,0.3233,0.3299,0.3115,0.3292,911125682.0,2023-11-03
1699056000000,0.3292,0.3308,0.3208,0.3279,339143453.0,2023-11-04
1699142400000,0.3279,0.3504,0.3261,0.342,627042095.0,2023-11-05
1699228800000,0.342,0.376,0.337,0.3628,946252359.0,2023-11-06
1699315200000,0.3628,0.366,0.3337,0.3514,1036160252.0,2023-11-07
1699401600000,0.3513,0.3605,0.3486,0.3579,540298823.0,2023-11-08
1699488000000,0.3578,0.3872,0.3384,0.3685,1334520322.0,2023-11-09
1699574400000,0.3685,0.3888,0.3627,0.3863,887791333.0,2023-11-10
1699660800000,0.3864,0.3959,0.3694,0.3849,819849538.0,2023-11-11
1699747200000,0.3849,0.3919,0.3706,0.3838,616409011.0,2023-11-12
1699833600000,0.3839,0.3892,0.3528,0.357,868242255.0,2023-11-13
1699920000000,0.3569,0.3721,0.337,0.358,897537037.0,2023-11-14
1700006400000,0.3579,0.3796,0.3538,0.3789,648446039.0,2023-11-15
1700092800000,0.3788,0.41,0.3587,0.3707,1581318228.0,2023-11-16
1700179200000,0.3707,0.3784,0.3528,0.3671,856949837.0,2023-11-17
1700265600000,0.3671,0.3778,0.3484,0.3773,594527662.0,2023-11-18
1700352000000,0.3773,0.3858,0.3689,0.3841,587187114.0,2023-11-19
1700438400000,0.3841,0.3996,0.3781,0.3806,709833026.0,2023-11-20
1700524800000,0.3805,0.39,0.3553,0.3567,792466249.0,2023-11-21
1700611200000,0.3568,0.3876,0.3556,0.3804,514004390.0,2023-11-22
1700697600000,0.3805,0.3875,0.3761,0.3874,375806843.0,2023-11-23
1700784000000,0.3874,0.398,0.3834,0.3861,579174007.0,2023-11-24
1700870400000,0.3861,0.3961,0.3845,0.3942,318400833.0,2023-11-25
1700956800000,0.3942,0.3958,0.3779,0.3873,443725401.0,2023-11-26
1701043200000,0.3873,0.3922,0.3712,0.3777,425122865.0,2023-11-27
1701129600000,0.3777,0.3885,0.3694,0.3859,468351904.0,2023-11-28
1701216000000,0.386,0.3894,0.3775,0.3818,406877854.0,2023-11-29
1701302400000,0.3818,0.3831,0.3716,0.3759,344194184.0,2023-11-30
1701388800000,0.3759,0.3858,0.3735,0.3845,342160724.0,2023-12-01
1701475200000,0.3845,0.3986,0.3828,0.3982,376459808.0,2023-12-02
1701561600000,0.3981,0.4035,0.3881,0.3952,423028508.0,2023-12-03
1701648000000,0.3952,0.4155,0.39,0.4071,840252797.0,2023-12-04
1701734400000,0.4072,0.4265,0.397,0.4261,754196554.0,2023-12-05
1701820800000,0.4262,0.4554,0.4164,0.4433,1279713384.0,2023-12-06
1701907200000,0.4433,0.4597,0.4314,0.4558,889800944.0,2023-12-07
1701993600000,0.4558,0.5723,0.4524,0.546,2595691226.0,2023-12-08
1702080000000,0.5461,0.6485,0.5445,0.5796,3746685626.0,2023-12-09
1702166400000,0.5796,0.6153,0.57,0.595,1833580270.0,2023-12-10
1702252800000,0.5949,0.5991,0.5077,0.5512,1843104755.0,2023-12-11
1702339200000,0.5513,0.6069,0.5512,0.579,1722831118.0,2023-12-12
1702425600000,0.5789,0.6799,0.5419,0.6683,2415045610.0,2023-12-13
1702512000000,0.6683,0.6815,0.608,0.6436,1716693370.0,2023-12-14
1702598400000,0.6435,0.6543,0.5997,0.6008,992020136.0,2023-12-15
1702684800000,0.6008,0.626,0.5863,0.6081,688958947.0,2023-12-16
1702771200000,0.6081,0.6189,0.5773,0.5809,725346897.0,2023-12-17
1702857600000,0.5809,0.6033,0.5439,0.602,923263444.0,2023-12-18
1702944000000,0.6021,0.6176,0.5666,0.576,860430734.0,2023-12-19
1703030400000,0.576,0.6106,0.5685,0.5899,861017986.0,2023-12-20
1703116800000,0.59,0.6403,0.5821,0.6359,881739830.0,2023-12-21
1703203200000,0.6359,0.6522,0.6059,0.6229,896889964.0,2023-12-22
1703289600000,0.623,0.6236,0.5966,0.6135,468332568.0,2023-12-23
1703376000000,0.6135,0.6293,0.5832,0.5923,719347081.0,2023-12-24
1703462400000,0.5922,0.6362,0.5893,0.6248,581801332.0,2023-12-25
1703548800000,0.6248,0.6287,0.557,0.6092,984619210.0,2023-12-26
1703635200000,0.6093,0.6436,0.5842,0.6342,763443022.0,2023-12-27
1703721600000,0.6343,0.6792,0.6103,0.6164,1235786106.0,2023-12-28
1703808000000,0.6164,0.6266,0.5907,0.6085,705235214.0,2023-12-29
1703894400000,0.6085,0.6137,0.5934,0.6014,363440185.0,2023-12-30
1703980800000,0.6015,0.6107,0.579,0.5941,361855723.0,2023-12-31
1704067200000,0.5941,0.625,0.5904,0.6241,363044691.0,2024-01-01
1704153600000,0.6241,0.638,0.6019,0.6058,547655721.0,2024-01-02
1704240000000,0.6057,0.6193,0.4826,0.5568,1057485902.0,2024-01-03
1704326400000,0.5569,0.579,0.5486,0.5697,550758550.0,2024-01-04
1704412800000,0.5698,0.5727,0.5203,0.541,715703126.0,2024-01-05
1704499200000,0.5411,0.5429,0.5067,0.523,497513287.0,2024-01-06
1704585600000,0.5229,0.5304,0.4873,0.4944,561300397.0,2024-01-07
1704672000000,0.4944,0.5443,0.4639,0.541,1028585971.0,2024-01-08
1704758400000,0.541,0.5436,0.4961,0.5123,840433336.0,2024-01-09
1704844800000,0.5123,0.5895,0.487,0.5662,1033645278.0,2024-01-10
1704931200000,0.5662,0.6175,0.5604,0.5821,1054998774.0,2024-01-11
1705017600000,0.582,0.5891,0.5259,0.5479,732407494.0,2024-01-12
1705104000000,0.5478,0.5541,0.531,0.5491,334247462.0,2024-01-13
1705190400000,0.5491,0.5504,0.5235,0.5251,349422037.0,2024-01-14
1705276800000,0.5251,0.5419,0.5216,0.5276,308801288.0,2024-01-15
1705363200000,0.5276,0.5485,0.5251,0.5355,395376389.0,2024-01-16
1705449600000,0.5356,0.5397,0.5211,0.5283,322548594.0,2024-01-17
1705536000000,0.5283,0.5285,0.4952,0.5026,500572023.0,2024-01-18
1705622400000,0.5026,0.5053,0.471,0.504,544267468.0,2024-01-19
1705708800000,0.5041,0.5177,0.4986,0.5161,420016519.0,2024-01-20
1705795200000,0.5161,0.5206,0.5024,0.5034,250064715.0,2024-01-21
1705881600000,0.5033,0.5065,0.4766,0.4788,578346304.0,2024-01-22
1705968000000,0.4788,0.4863,0.4474,0.477,723602494.0,2024-01-23
1706054400000,0.4771,0.4804,0.4642,0.4766,476674654.0,2024-01-24
1706140800000,0.4766,0.4839,0.4584,0.4666,444442634.0,2024-01-25
1706227200000,0.4667,0.4903,0.4628,0.4848,384772614.0,2024-01-26
1706313600000,0.4849,0.49,0.4752,0.486,262531310.0,2024-01-27
1706400000000,0.4861,0.5006,0.4833,0.4902,403012603.0,2024-01-28
1706486400000,0.4902,0.5283,0.4835,0.5261,547071529.0,2024-01-29
1706572800000,0.5261,0.5368,0.5122,0.5137,551381372.0,2024-01-30
1706659200000,0.5137,0.5202,0.4933,0.4974,527895839.0,2024-01-31
1706745600000,0.4975,0.5084,0.4856,0.5076,414426099.0,2024-02-01
1706832000000,0.5075,0.5245,0.5042,0.5143,446455760.0,2024-02-02
1706918400000,0.5144,0.5257,0.5115,0.5125,313968786.0,2024-02-03
1707004800000,0.5124,0.5126,0.4931,0.4933,255851168.0,2024-02-04
1707091200000,0.4933,0.5059,0.4869,0.494,367152376.0,2024-02-05
1707177600000,0.494,0.5039,0.4884,0.4983,325080559.0,2024-02-06
1707264000000,0.4982,0.5023,0.4738,0.5022,610407386.0,2024-02-07
1707350400000,0.5021,0.5361,0.5017,0.5302,822966710.0,2024-02-08
1707436800000,0.5302,0.5486,0.5277,0.5408,596207820.0,2024-02-09
1707523200000,0.5408,0.5586,0.5281,0.5516,428984073.0,2024-02-10
1707609600000,0.5517,0.5655,0.5353,0.5414,590313523.0,2024-02-11
1707696000000,0.5414,0.5662,0.5307,0.5596,611528647.0,2024-02-12
1707782400000,0.5596,0.565,0.5332,0.5451,515294146.0,2024-02-13
1707868800000,0.545,0.5839,0.5397,0.5774,594906445.0,2024-02-14
1707955200000,0.5774,0.6134,0.5709,0.6093,870000361.0,2024-02-15
1708041600000,0.6093,0.6147,0.5825,0.5991,596220013.0,2024-02-16
1708128000000,0.5992,0.6119,0.5684,0.6103,472166392.0,2024-02-17
1708214400000,0.6103,0.6397,0.6101,0.6197,716446306.0,2024-02-18
1708300800000,0.6198,0.6399,0.6153,0.6315,612323757.0,2024-02-19
1708387200000,0.6316,0.6423,0.589,0.6222,961576652.0,2024-02-20
1708473600000,0.6222,0.6242,0.5748,0.599,656429054.0,2024-02-21
1708560000000,0.599,0.6087,0.5811,0.5863,510380462.0,2024-02-22
1708646400000,0.5862,0.5959,0.5681,0.5829,478360067.0,2024-02-23
1708732800000,0.5829,0.6008,0.5702,0.5973,373713741.0,2024-02-24
1708819200000,0.5973,0.6015,0.581,0.592,307621728.0,2024-02-25
1708905600000,0.5921,0.6228,0.5734,0.6199,614261154.0,2024-02-26
1708992000000,0.6199,0.6321,0.6077,0.6245,712110157.0,2024-02-27
1709078400000,0.6244,0.6629,0.5952,0.6294,1178988955.0,2024-02-28
1709164800000,0.6294,0.7107,0.6231,0.6554,1391952750.0,2024-02-29
1709251200000,0.6555,0.7212,0.6535,0.7205,715694736.0,2024-03-01
1709337600000,0.7206,0.765,0.718,0.7424,900245953.0,2024-03-02
1709424000000,0.7424,0.7434,0.68,0.7288,717316478.0,2024-03-03
1709510400000,0.7288,0.8,0.7241,0.7707,1103329770.0,2024-03-04
1709596800000,0.7707,0.7849,0.5501,0.692,1656147728.0,2024-03-05
1709683200000,0.692,0.7581,0.6657,0.7357,929773482.0,2024-03-06
1709769600000,0.7357,0.7562,0.719,0.7437,722785800.0,2024-03-07
1709856000000,0.7437,0.7558,0.6991,0.7235,706941710.0,2024-03-08
1709942400000,0.7236,0.7471,0.7208,0.7424,384597065.0,2024-03-09
1710028800000,0.7425,0.7454,0.7003,0.7173,438732892.0,2024-03-10
1710115200000,0.7172,0.7893,0.6837,0.7766,970857034.0,2024-03-11
1710201600000,0.7767,0.7777,0.7034,0.7488,855233084.0,2024-03-12
1710288000000,0.7487,0.7744,0.7365,0.7646,519162316.0,2024-03-13
1710374400000,0.7646,0.8117,0.714,0.7515,1294074208.0,2024-03-14
1710460800000,0.7516,0.7655,0.6681,0.7282,1292005413.0,2024-03-15
1710547200000,0.7281,0.7359,0.6507,0.6597,841872597.0,2024-03-16
1710633600000,0.6598,0.6887,0.6292,0.6818,654874864.0,2024-03-17
1710720000000,0.6817,0.6996,0.6427,0.661,714964346.0,2024-03-18
1710806400000,0.661,0.6668,0.58,0.5866,1328853913.0,2024-03-19
1710892800000,0.5866,0.6445,0.5691,0.6399,1041305015.0,2024-03-20
1710979200000,0.6398,0.649,0.6182,0.6323,662890839.0,2024-03-21
1711065600000,0.6324,0.6431,0.5989,0.6152,603431051.0,2024-03-22
1711152000000,0.6151,0.6398,0.6106,0.6235,340021771.0,2024-03-23
1711238400000,0.6236,0.649,0.6227,0.6474,342472749.0,2024-03-24
1711324800000,0.6473,0.6688,0.638,0.6573,417639776.0,2024-03-25
1711411200000,0.6573,0.6842,0.6523,0.6656,483365279.0,2024-03-26
1711497600000,0.6657,0.6718,0.6307,0.6486,600274454.0,2024-03-27
1711584000000,0.6485,0.6588,0.6359,0.6517,304268310.0,2024-03-28
1711670400000,0.6517,0.6688,0.6354,0.665,473752675.0,2024-03-29
1711756800000,0.665,0.67,0.6419,0.6441,301565694.0,2024-03-30
1711843200000,0.6442,0.6543,0.6423,0.6506,207099096.0,2024-03-31
1711929600000,0.6507,0.6522,0.6053,0.6217,565552100.0,2024-04-01
1712016000000,0.6218,0.622,0.5732,0.5809,716661880.0,2024-04-02
1712102400000,0.581,0.5951,0.5624,0.5697,464274368.0,2024-04-03
1712188800000,0.5697,0.5973,0.5593,0.5834,441920850.0,2024-04-04
1712275200000,0.5835,0.5854,0.5595,0.5745,399135512.0,2024-04-05
1712361600000,0.5746,0.59,0.5717,0.5841,207164449.0,2024-04-06
1712448000000,0.5842,0.5978,0.582,0.5898,238971652.0,2024-04-07
1712534400000,0.5898,0.6172,0.5795,0.6143,350706424.0,2024-04-08
1712620800000,0.6142,0.6247,0.5905,0.5915,520950359.0,2024-04-09
1712707200000,0.5916,0.5945,0.5567,0.5865,541201900.0,2024-04-10
1712793600000,0.5866,0.595,0.576,0.5864,360907319.0,2024-04-11
1712880000000,0.5863,0.5929,0.4364,0.5026,1266246076.0,2024-04-12
1712966400000,0.5027,0.5164,0.3953,0.4448,1794291933.0,2024-04-13
1713052800000,0.4448,0.4776,0.4321,0.4671,1318599389.0,2024-04-14
1713139200000,0.4671,0.4949,0.4385,0.4606,998025045.0,2024-04-15
1713225600000,0.4606,0.4776,0.439,0.4581,798598444.0,2024-04-16
1713312000000,0.4582,0.4648,0.4269,0.4438,811729527.0,2024-04-17
1713398400000,0.4439,0.4606,0.4341,0.4577,634039728.0,2024-04-18
1713484800000,0.4577,0.4756,0.4223,0.4679,832502634.0,2024-04-19
1713571200000,0.4679,0.508,0.464,0.5068,657660289.0,2024-04-20
1713657600000,0.5067,0.5124,0.4872,0.499,464947259.0,2024-04-21
1713744000000,0.4991,0.5223,0.4945,0.5163,484570576.0,2024-04-22
1713830400000,0.5162,0.5214,0.4966,0.4997,455419713.0,2024-04-23
1713916800000,0.4997,0.5106,0.468,0.4743,676848968.0,2024-04-24
1714003200000,0.4744,0.4796,0.4621,0.4702,449453052.0,2024-04-25
1714089600000,0.4702,0.4787,0.4603,0.4628,445773693.0,2024-04-26
1714176000000,0.4629,0.4698,0.4427,0.4672,473199729.0,2024-04-27
1714262400000,0.4673,0.4779,0.458,0.4601,303827217.0,2024-04-28
1714348800000,0.46,0.4637,0.446,0.4568,406003805.0,2024-04-29
1714435200000,0.4568,0.4631,0.425,0.4409,702523076.0,2024-04-30
1714521600000,0.441,0.4576,0.4181,0.4499,797288724.0,2024-05-01
1714608000000,0.4499,0.462,0.4384,0.4575,440154492.0,2024-05-02
1714694400000,0.4575,0.4733,0.446,0.4669,396583330.0,2024-05-03
1714780800000,0.4669,0.4758,0.4621,0.463,272551799.0,2024-05-04
1714867200000,0.4629,0.466,0.4519,0.4577,324899266.0,2024-05-05
1714953600000,0.4578,0.4761,0.4509,0.4537,503207611.0,2024-05-06
1715040000000,0.4537,0.4563,0.4404,0.4411,358904709.0,2024-05-07
1715126400000,0.4412,0.4688,0.4358,0.4516,665644055.0,2024-05-08
1715212800000,0.4516,0.4644,0.4466,0.4633,401849697.0,2024-05-09
1715299200000,0.4633,0.4687,0.4428,0.4476,438691814.0,2024-05-10
1715385600000,0.4476,0.4509,0.4375,0.4388,246584346.0,2024-05-11
1715472000000,0.4387,0.4434,0.4324,0.4374,217164739.0,2024-05-12
1715558400000,0.4374,0.4529,0.4246,0.4363,556592736.0,2024-05-13
1715644800000,0.4363,0.4383,0.4256,0.4281,440504453.0,2024-05-14
1715731200000,0.4282,0.4549,0.4251,0.4524,431671575.0,2024-05-15
1715817600000,0.4524,0.4626,0.4483,0.4596,370032594.0,2024-05-16
1715904000000,0.4596,0.4906,0.4549,0.482,487244158.0,2024-05-17
1715990400000,0.482,0.4857,0.4754,0.4819,240679737.0,2024-05-18
1716076800000,0.4819,0.4838,0.4644,0.4671,285242622.0,2024-05-19
1716163200000,0.4671,0.5032,0.4602,0.5021,598748406.0,2024-05-20
1716249600000,0.5021,0.5108,0.491,0.4949,548988558.0,2024-05-21
1716336000000,0.4949,0.4957,0.4746,0.4837,437999971.0,2024-05-22
1716422400000,0.4837,0.489,0.4416,0.4658,725353979.0,2024-05-23
1716508800000,0.4658,0.4698,0.4542,0.4601,357676821.0,2024-05-24
1716595200000,0.46,0.4648,0.4572,0.4622,213020964.0,2024-05-25
1716681600000,0.4623,0.4631,0.4548,0.4581,245952573.0,2024-05-26
1716768000000,0.4581,0.4754,0.4566,0.4687,345942761.0,2024-05-27
1716854400000,0.4688,0.4698,0.4522,0.4579,468376542.0,2024-05-28
1716940800000,0.4578,0.4647,0.4506,0.4513,368933931.0,2024-05-29
1717027200000,0.4512,0.4561,0.4432,0.4468,376778891.0,2024-05-30
1717113600000,0.4467,0.4562,0.4437,0.4473,287325753.0,2024-05-31
1717200000000,0.4474,0.4536,0.4453,0.4503,136271862.0,2024-06-01
1717286400000,0.4503,0.4546,0.4406,0.4466,262736121.0,2024-06-02
1717372800000,0.4466,0.4635,0.4434,0.4577,362292555.0,2024-06-03
1717459200000,0.4576,0.4659,0.4528,0.4617,396960443.0,2024-06-04
1717545600000,0.4617,0.4658,0.4572,0.4616,278743864.0,2024-06-05
1717632000000,0.4616,0.4629,0.4506,0.4585,264504892.0,2024-06-06
1717718400000,0.4585,0.4906,0.4218,0.4493,941026720.0,2024-06-07
1717804800000,0.4494,0.4494,0.432,0.4366,364792943.0,2024-06-08
1717891200000,0.4365,0.4461,0.4316,0.4441,203047302.0,2024-06-09
1717977600000,0.4442,0.4513,0.4349,0.4408,368924192.0,2024-06-10
1718064000000,0.4407,0.4421,0.4113,0.4216,552816135.0,2024-06-11
1718150400000,0.4216,0.4445,0.4142,0.438,481553774.0,2024-06-12
1718236800000,0.438,0.4393,0.4188,0.421,382499942.0,2024-06-13
1718323200000,0.4209,0.4247,0.3967,0.4119,439951610.0,2024-06-14
1718409600000,0.4118,0.4156,0.408,0.4138,198868462.0,2024-06-15
1718496000000,0.4138,0.4192,0.4088,0.4166,180907018.0,2024-06-16
1718582400000,0.4167,0.421,0.3891,0.4011,589836119.0,2024-06-17
1718668800000,0.4011,0.4026,0.3526,0.3833,934340816.0,2024-06-18
1718755200000,0.3834,0.3976,0.3801,0.3843,413096721.0,2024-06-19
1718841600000,0.3843,0.3972,0.3768,0.384,380509333.0,2024-06-20
1718928000000,0.3841,0.3907,0.3734,0.3758,373935762.0,2024-06-21
1719014400000,0.3757,0.3905,0.3711,0.3845,324839416.0,2024-06-22
1719100800000,0.3845,0.3932,0.3767,0.3798,318512063.0,2024-06-23
1719187200000,0.3799,0.3816,0.3588,0.3776,619922106.0,2024-06-24
1719273600000,0.3776,0.3973,0.3766,0.3917,342134363.0,2024-06-25
1719360000000,0.3917,0.3962,0.3816,0.3848,368418755.0,2024-06-26
1719446400000,0.3848,0.394,0.3774,0.3913,335767406.0,2024-06-27
1719532800000,0.3913,0.3969,0.3849,0.3856,417849007.0,2024-06-28
1719619200000,0.3857,0.4037,0.3829,0.3838,366351517.0,2024-06-29
1719705600000,0.3838,0.3942,0.3782,0.3923,269410157.0,2024-06-30
1719792000000,0.3923,0.4085,0.3913,0.4032,341197483.0,2024-07-01
1719878400000,0.4032,0.4198,0.4025,0.4183,330426585.0,2024-07-02
1719964800000,0.4183,0.4235,0.4001,0.4068,486944752.0,2024-07-03
1720051200000,0.4069,0.4139,0.3611,0.3621,728952059.0,2024-07-04
1720137600000,0.362,0.3622,0.3158,0.3497,1386454534.0,2024-07-05
1720224000000,0.3497,0.3732,0.3462,0.3706,447689206.0,2024-07-06
1720310400000,0.3706,0.3712,0.3443,0.3465,444814227.0,2024-07-07
1720396800000,0.3466,0.38,0.3296,0.3688,906309239.0,2024-07-08
1720483200000,0.3689,0.3807,0.3623,0.3752,372897467.0,2024-07-09
1720569600000,0.3752,0.3898,0.3715,0.3882,300353008.0,2024-07-10
1720656000000,0.3882,0.4049,0.3842,0.3958,407163586.0,2024-07-11
1720742400000,0.3958,0.4179,0.393,0.4163,448870794.0,2024-07-12
1720828800000,0.4162,0.4464,0.4112,0.4414,534305783.0,2024-07-13
1720915200000,0.4414,0.4449,0.4245,0.4316,431100492.0,2024-07-14
1721001600000,0.4315,0.4456,0.4308,0.4447,598551084.0,2024-07-15
1721088000000,0.4448,0.4523,0.4262,0.4379,609728976.0,2024-07-16
1721174400000,0.4378,0.4564,0.435,0.4357,429600679.0,2024-07-17
1721260800000,0.4357,0.4495,0.4197,0.4231,422349725.0,2024-07-18
1721347200000,0.4232,0.4427,0.4141,0.4388,384808888.0,2024-07-19
1721433600000,0.4388,0.4418,0.4271,0.437,257053051.0,2024-07-20
1721520000000,0.437,0.4485,0.4162,0.4467,389508896.0,2024-07-21
1721606400000,0.4466,0.4502,0.4232,0.4258,381162132.0,2024-07-22
1721692800000,0.4259,0.4294,0.4024,0.4097,422795200.0,2024-07-23
1721779200000,0.4097,0.4213,0.4035,0.406,368869234.0,2024-07-24
1721865600000,0.4059,0.4083,0.3812,0.3946,482764868.0,2024-07-25
1721952000000,0.3946,0.4196,0.3941,0.417,279592335.0,2024-07-26
1722038400000,0.4171,0.4291,0.4124,0.4173,353771088.0,2024-07-27
1722124800000,0.4173,0.4205,0.404,0.407,228419468.0,2024-07-28
1722211200000,0.4069,0.427,0.4028,0.4029,380915304.0,2024-07-29
1722297600000,0.4029,0.4074,0.3937,0.401,336163712.0,2024-07-30
1722384000000,0.401,0.4075,0.3868,0.3878,363118278.0,2024-07-31
1722470400000,0.3879,0.3955,0.3677,0.3924,519423404.0,2024-08-01
1722556800000,0.3924,0.395,0.3574,0.3635,535691720.0,2024-08-02
1722643200000,0.3635,0.3728,0.3487,0.3645,445893986.0,2024-08-03
1722729600000,0.3645,0.3676,0.3333,0.344,490002552.0,2024-08-04
1722816000000,0.344,0.3458,0.275,0.3117,1904372860.0,2024-08-05
1722902400000,0.3117,0.3368,0.3113,0.3309,578020145.0,2024-08-06
1722988800000,0.3309,0.3409,0.316,0.3238,546595021.0,2024-08-07
1723075200000,0.3239,0.3534,0.3184,0.3513,440127214.0,2024-08-08
1723161600000,0.3513,0.3543,0.3362,0.3482,348573863.0,2024-08-09
1723248000000,0.3482,0.3522,0.344,0.3455,145890822.0,2024-08-10
1723334400000,0.3454,0.3563,0.3268,0.3274,260698162.0,2024-08-11
1723420800000,0.3274,0.3447,0.3262,0.3387,408716759.0,2024-08-12
1723507200000,0.3387,0.3449,0.3302,0.3397,252353523.0,2024-08-13
1723593600000,0.3397,0.3455,0.3305,0.3351,289432427.0,2024-08-14
1723680000000,0.335,0.3417,0.3202,0.3246,385214210.0,2024-08-15
1723766400000,0.3247,0.3452,0.3201,0.3298,583421038.0,2024-08-16
1723852800000,0.3299,0.3386,0.327,0.3371,225932104.0,2024-08-17
1723939200000,0.3371,0.3399,0.3325,0.3341,178667192.0,2024-08-18
1724025600000,0.334,0.3376,0.3274,0.3364,283839168.0,2024-08-19
1724112000000,0.3364,0.3482,0.335,0.3433,310726355.0,2024-08-20
1724198400000,0.3432,0.3773,0.3419,0.3686,577668107.0,2024-08-21
1724284800000,0.3687,0.3772,0.364,0.3761,321541478.0,2024-08-22
1724371200000,0.3761,0.3924,0.3734,0.3911,485276682.0,2024-08-23
1724457600000,0.391,0.4012,0.3875,0.3933,304972366.0,2024-08-24
1724544000000,0.3934,0.3942,0.3771,0.3846,310448258.0,2024-08-25
1724630400000,0.3845,0.3878,0.3656,0.366,356560328.0,2024-08-26
1724716800000,0.3659,0.3726,0.3415,0.35,442039830.0,2024-08-27
1724803200000,0.3501,0.3604,0.3404,0.3498,456763243.0,2024-08-28
1724889600000,0.3498,0.3674,0.3489,0.3577,349037025.0,2024-08-29
1724976000000,0.3577,0.3619,0.337,0.3468,416547337.0,2024-08-30
1725062400000,0.3467,0.3501,0.3442,0.3449,145484785.0,2024-08-31
1725148800000,0.3448,0.3457,0.3265,0.3308,327095470.0,2024-09-01
1725235200000,0.3307,0.3372,0.3247,0.3359,348266369.0,2024-09-02
1725321600000,0.336,0.3395,0.3172,0.3182,374594271.0,2024-09-03
1725408000000,0.3182,0.329,0.3045,0.323,575395889.0,2024-09-04
1725494400000,0.3229,0.3397,0.3192,0.3249,608645635.0,2024-09-05
1725580800000,0.325,0.3317,0.3031,0.3144,768931472.0,2024-09-06
1725667200000,0.3144,0.3277,0.3142,0.3252,254662202.0,2024-09-07
1725753600000,0.3252,0.3408,0.3235,0.3388,358086450.0,2024-09-08
1725840000000,0.3388,0.3487,0.3373,0.3433,376116353.0,2024-09-09
1725926400000,0.3433,0.3456,0.3372,0.3428,269920662.0,2024-09-10
1726012800000,0.3428,0.3571,0.3297,0.353,472635272.0,2024-09-11
1726099200000,0.353,0.3615,0.3517,0.3561,359362505.0,2024-09-12
1726185600000,0.3562,0.3649,0.35,0.3603,282393122.0,2024-09-13
1726272000000,0.3603,0.3615,0.3508,0.3537,213234171.0,2024-09-14
1726358400000,0.3537,0.356,0.3338,0.3382,312969034.0,2024-09-15
1726444800000,0.3382,0.3383,0.3261,0.33,360768994.0,2024-09-16
1726531200000,0.33,0.3429,0.3281,0.3336,296773364.0,2024-09-17
1726617600000,0.3335,0.3441,0.3269,0.344,372072921.0,2024-09-18
1726704000000,0.344,0.3563,0.3439,0.3509,365191179.0,2024-09-19
1726790400000,0.3508,0.3611,0.3486,0.352,320824852.0,2024-09-20
1726876800000,0.352,0.3597,0.3502,0.3582,190910201.0,2024-09-21
1726963200000,0.3581,0.3593,0.3425,0.3515,294349586.0,2024-09-22
1727049600000,0.3515,0.3656,0.345,0.3636,404212979.0,2024-09-23
1727136000000,0.3636,0.3914,0.3583,0.3876,546631401.0,2024-09-24
1727222400000,0.3877,0.3937,0.3787,0.3808,341433704.0,2024-09-25
1727308800000,0.3808,0.4041,0.3778,0.4013,416785072.0,2024-09-26
1727395200000,0.4013,0.4156,0.3991,0.4017,388047348.0,2024-09-27
1727481600000,0.4018,0.4058,0.3919,0.4005,269197082.0,2024-09-28
1727568000000,0.4004,0.404,0.3924,0.3972,235511049.0,2024-09-29
1727654400000,0.3973,0.3975,0.3704,0.3732,433162490.0,2024-09-30
1727740800000,0.3731,0.3859,0.3421,0.3518,729738694.0,2024-10-01
1727827200000,0.3519,0.3622,0.3355,0.3429,539326428.0,2024-10-02
1727913600000,0.343,0.3494,0.3314,0.3451,566395445.0,2024-10-03
1728000000000,0.345,0.356,0.3427,0.3514,312371205.0,2024-10-04
1728086400000,0.3515,0.3556,0.3452,0.3507,223726976.0,2024-10-05
1728172800000,0.3507,0.3584,0.3475,0.3573,219965100.0,2024-10-06
1728259200000,0.3573,0.3683,0.35,0.3508,524281931.0,2024-10-07
1728345600000,0.3509,0.3569,0.3406,0.3444,346967709.0,2024-10-08
1728432000000,0.3444,0.3478,0.3336,0.3395,331271218.0,2024-10-09
1728518400000,0.3395,0.3417,0.3311,0.3393,327271430.0,2024-10-10
1728604800000,0.3394,0.3547,0.338,0.3516,261579054.0,2024-10-11
1728691200000,0.3516,0.3567,0.3507,0.3529,167450178.0,2024-10-12
1728777600000,0.3528,0.3595,0.3441,0.3483,273811365.0,2024-10-13
1728864000000,0.3483,0.3654,0.342,0.3642,387684425.0,2024-10-14
1728950400000,0.3643,0.3712,0.3474,0.359,624273638.0,2024-10-15
1729036800000,0.359,0.3611,0.3507,0.3521,352062772.0,2024-10-16
1729123200000,0.3521,0.355,0.3391,0.3431,441963939.0,2024-10-17
1729209600000,0.343,0.3529,0.3424,0.3506,268182734.0,2024-10-18
1729296000000,0.3505,0.3569,0.3488,0.3512,205337094.0,2024-10-19
1729382400000,0.3513,0.3658,0.348,0.3648,256633540.0,2024-10-20
1729468800000,0.3649,0.373,0.3531,0.3609,368353773.0,2024-10-21
1729555200000,0.3609,0.3682,0.3549,0.3644,423050180.0,2024-10-22
1729641600000,0.3644,0.3693,0.342,0.3495,516417259.0,2024-10-23
1729728000000,0.3495,0.355,0.3393,0.3464,387385629.0,2024-10-24
1729814400000,0.3463,0.3472,0.312,0.3257,668078243.0,2024-10-25
1729900800000,0.3257,0.3348,0.3203,0.3334,283391235.0,2024-10-26
1729987200000,0.3335,0.3423,0.3307,0.3397,167721579.0,2024-10-27
1730073600000,0.3396,0.348,0.3301,0.3435,358447936.0,2024-10-28
1730160000000,0.3435,0.357,0.3426,0.3562,318935047.0,2024-10-29
1730246400000,0.3563,0.3641,0.3507,0.355,334676351.0,2024-10-30
1730332800000,0.3551,0.3615,0.3402,0.3416,403273134.0,2024-10-31
1730419200000,0.3416,0.362,0.3337,0.3575,561463354.0,2024-11-01
1730505600000,0.3575,0.364,0.3451,0.3482,386097514.0,2024-11-02
1730592000000,0.3481,0.3482,0.3271,0.3339,464774410.0,2024-11-03
1730678400000,0.3338,0.3366,0.32,0.3261,383963902.0,2024-11-04
1730764800000,0.3262,0.3381,0.3258,0.3335,329771237.0,2024-11-05
1730851200000,0.3334,0.3661,0.3334,0.3632,670516616.0,2024-11-06
1730937600000,0.3631,0.4071,0.3614,0.4068,710557400.0,2024-11-07
1731024000000,0.4068,0.459,0.404,0.4448,1915690521.0,2024-11-08
1731110400000,0.4447,0.4988,0.4274,0.497,889634116.0,2024-11-09
1731196800000,0.497,0.66,0.4882,0.5907,4356271384.0,2024-11-10
1731283200000,0.5907,0.6252,0.5651,0.6139,1950641137.0,2024-11-11
1731369600000,0.6139,0.6555,0.5557,0.5714,1984239733.0,2024-11-12
1731456000000,0.5715,0.6106,0.5191,0.5788,1822266053.0,2024-11-13
1731542400000,0.5787,0.6009,0.5418,0.5795,1166672679.0,2024-11-14
1731628800000,0.5794,0.708,0.5751,0.7076,2826026345.0,2024-11-15
1731715200000,0.7077,0.8199,0.7029,0.742,2930396306.0,2024-11-16
1731801600000,0.742,0.7738,0.6904,0.703,1255456395.0,2024-11-17
1731888000000,0.703,0.7856,0.7006,0.7333,1228248592.0,2024-11-18
1731974400000,0.7333,0.7658,0.7203,0.7389,877151857.0,2024-11-19
1732060800000,0.739,0.8488,0.7388,0.8003,2386447325.0,2024-11-20
1732147200000,0.8004,0.825,0.766,0.8226,1295859818.0,2024-11-21
1732233600000,0.8227,1.044,0.813,1.0177,2743128072.0,2024-11-22
1732320000000,1.0178,1.1575,1.0161,1.0665,2453169979.0,2024-11-23
1732406400000,1.0666,1.0989,0.9412,1.0233,1622565173.0,2024-11-24
1732492800000,1.0234,1.0794,0.9303,0.9445,1468645126.0,2024-11-25
1732579200000,0.9445,0.9907,0.8753,0.9607,1352451029.0,2024-11-26
1732665600000,0.9608,1.0426,0.932,1.0123,1126967814.0,2024-11-27
1732752000000,1.0122,1.05,0.9708,1.0328,748607814.0,2024-11-28
1732838400000,1.0328,1.1008,1.0283,1.0762,1047878356.0,2024-11-29
1732924800000,1.0763,1.1516,1.0509,1.08,1010378287.0,2024-11-30
1733011200000,1.0798,1.165,1.0381,1.1512,1017219197.0,2024-12-01
1733097600000,1.1511,1.2444,1.0574,1.2036,2230897355.0,2024-12-02
1733184000000,1.2036,1.329,1.14,1.1924,1965307798.0,2024-12-03
1733270400000,1.1925,1.2435,1.141,1.1881,1130583720.0,2024-12-04
1733356800000,1.1882,1.2467,1.1164,1.1605,1384438507.0,2024-12-05
1733443200000,1.1605,1.2392,1.1347,1.2288,898510154.0,2024-12-06
1733529600000,1.2288,1.2385,1.1883,1.2116,539093287.0,2024-12-07
1733616000000,1.2116,1.226,1.1733,1.1947,756413437.0,2024-12-08
1733702400000,1.1946,1.1948,0.8952,1.0033,1634769904.0,2024-12-09
1733788800000,1.0034,1.038,0.9098,1.0214,1701101597.0,2024-12-10
1733875200000,1.0215,1.1143,0.9717,1.0867,917904077.0,2024-12-11
1733961600000,1.0866,1.1817,1.0726,1.1229,874557244.0,2024-12-12
1734048000000,1.123,1.1312,1.0752,1.1212,639185294.0,2024-12-13
1734134400000,1.1212,1.1335,1.0427,1.0603,562230174.0,2024-12-14
1734220800000,1.0603,1.1125,1.0384,1.0997,562921587.0,2024-12-15
1734307200000,1.0997,1.1215,1.0471,1.0774,730730071.0,2024-12-16
1734393600000,1.0774,1.112,1.0412,1.0518,743919108.0,2024-12-17
1734480000000,1.0518,1.0598,0.9494,0.968,1029666836.0,2024-12-18
1734566400000,0.9679,0.9887,0.8466,0.8802,1316944515.0,2024-12-19
1734652800000,0.8802,0.9581,0.7616,0.9492,1573781290.0,2024-12-20
1734739200000,0.9492,0.9975,0.8863,0.9048,948365995.0,2024-12-21
1734825600000,0.9048,0.9245,0.8584,0.883,714996914.0,2024-12-22
1734912000000,0.883,0.9423,0.8616,0.9261,804102737.0,2024-12-23
1734998400000,0.9262,0.9499,0.8911,0.9355,532377590.0,2024-12-24
1735084800000,0.9354,0.9399,0.899,0.9172,382052226.0,2024-12-25
1735171200000,0.9172,0.9277,0.8503,0.8604,473288249.0,2024-12-26
1735257600000,0.8603,0.9146,0.8544,0.8768,524603390.0,2024-12-27
1735344000000,0.8768,0.8997,0.8656,0.8892,289897659.0,2024-12-28
1735430400000,0.8891,0.9122,0.8506,0.8582,374332544.0,2024-12-29
1735516800000,0.8583,0.9045,0.829,0.8613,620217588.0,2024-12-30
1735603200000,0.8613,0.8789,0.839,0.8447,377610056.0,2024-12-31
1735689600000,0.8448,0.9354,0.8377,0.9223,556240493.0,2025-01-01
1735776000000,0.9223,0.9821,0.9221,0.9613,588369465.0,2025-01-02
1735862400000,0.9613,1.1193,0.9567,1.0895,1267441420.0,2025-01-03
1735948800000,1.0894,1.1147,1.0565,1.0707,565513855.0,2025-01-04
1736035200000,1.0707,1.1132,1.0522,1.0909,678898486.0,2025-01-05
1736121600000,1.0909,1.1164,1.0611,1.0932,618800275.0,2025-01-06
1736208000000,1.0932,1.152,0.9861,0.9888,1266738256.0,2025-01-07
1736294400000,0.9888,1.0236,0.9081,0.9462,1137338733.0,2025-01-08
1736380800000,0.9462,0.9594,0.8792,0.9038,823873686.0,2025-01-09
1736467200000,0.9038,0.9736,0.9033,0.9297,836837427.0,2025-01-10
1736553600000,0.9297,1.0168,0.913,0.9952,525361248.0,2025-01-11
1736640000000,0.9951,1.036,0.9612,0.9671,818120692.0,2025-01-12
1736726400000,0.9671,0.9935,0.8733,0.9439,1132913601.0,2025-01-13
1736812800000,0.9438,1.0106,0.9374,0.9969,675117788.0,2025-01-14
1736899200000,0.9968,1.0893,0.9877,1.0753,1278815206.0,2025-01-15
1736985600000,1.0754,1.1449,1.027,1.0889,1313310235.0,2025-01-16
1737072000000,1.0889,1.1663,1.0848,1.1328,898224668.0,2025-01-17
1737158400000,1.1327,1.1461,1.048,1.1042,850718949.0,2025-01-18
1737244800000,1.1041,1.1522,0.9624,0.9924,1374270589.0,2025-01-19
1737331200000,0.9923,1.1013,0.9601,1.0092,1322039810.0,2025-01-20
1737417600000,1.0093,1.0284,0.9511,1.0056,741125606.0,2025-01-21
1737504000000,1.0056,1.0197,0.9754,0.9824,475180718.0,2025-01-22
1737590400000,0.9824,1.0119,0.951,0.9865,670629681.0,2025-01-23
1737676800000,0.9865,1.01,0.9628,0.9706,446676559.0,2025-01-24
1737763200000,0.9706,0.9916,0.9635,0.9762,262501097.0,2025-01-25
1737849600000,0.9761,1.0002,0.9505,0.9523,312407609.0,2025-01-26
1737936000000,0.9523,0.9581,0.856,0.934,907877883.0,2025-01-27
1738022400000,0.934,0.9679,0.9028,0.9161,525074428.0,2025-01-28
1738108800000,0.916,0.96,0.9013,0.9391,536398231.0,2025-01-29
1738195200000,0.9391,0.9882,0.9356,0.9591,376104492.0,2025-01-30
1738281600000,0.9592,0.9834,0.9342,0.9422,493506602.0,2025-01-31
1738368000000,0.9422,0.957,0.8868,0.8941,382994172.0,2025-02-01
1738454400000,0.8941,0.9108,0.7501,0.8042,1137054898.0,2025-02-02
1738540800000,0.8042,0.8239,0.5092,0.8116,2998093082.0,2025-02-03
1738627200000,0.8115,0.8194,0.7147,0.7434,1376080948.0,2025-02-04
1738713600000,0.7435,0.776,0.7243,0.7319,707113822.0,2025-02-05
1738800000000,0.7319,0.7656,0.6972,0.7047,769593190.0,2025-02-06
1738886400000,0.7046,0.7527,0.6897,0.7066,720919799.0,2025-02-07
1738972800000,0.7067,0.7164,0.6811,0.7001,417055390.0,2025-02-08
1739059200000,0.7001,0.7155,0.65,0.681,544282379.0,2025-02-09
1739145600000,0.681,0.724,0.6626,0.7114,618212969.0,2025-02-10
1739232000000,0.7115,0.8208,0.7095,0.7776,1372204424.0,2025-02-11
1739318400000,0.7775,0.8074,0.7463,0.7991,979754368.0,2025-02-12
1739404800000,0.7991,0.8307,0.7689,0.8101,727805663.0,2025-02-13
1739491200000,0.8102,0.8289,0.7884,0.7992,680393747.0,2025-02-14
1739577600000,0.7992,0.8138,0.7744,0.7803,364376671.0,2025-02-15
1739664000000,0.7804,0.7893,0.7609,0.7707,391230215.0,2025-02-16
1739750400000,0.7709,0.8287,0.77,0.8084,925836265.0,2025-02-17
1739836800000,0.8084,0.8136,0.7346,0.7536,856757273.0,2025-02-18
1739923200000,0.7535,0.7757,0.7321,0.7731,634261096.0,2025-02-19
1740009600000,0.7732,0.8109,0.7697,0.8034,492337073.0,2025-02-20
1740096000000,0.8034,0.8182,0.7494,0.7614,736360029.0,2025-02-21
1740182400000,0.7615,0.784,0.7566,0.773,317539881.0,2025-02-22
1740268800000,0.773,0.7879,0.7591,0.7692,325681598.0,2025-02-23
1740355200000,0.7692,0.7769,0.6683,0.6811,767578226.0,2025-02-24
1740441600000,0.6811,0.6947,0.6299,0.6829,1172672825.0,2025-02-25
1740528000000,0.6829,0.695,0.6307,0.6469,740478008.0,2025-02-26
1740614400000,0.647,0.6794,0.6257,0.6448,592722959.0,2025-02-27
1740700800000,0.6448,0.6462,0.5797,0.6326,942488827.0,2025-02-28
1740787200000,0.6327,0.6765,0.625,0.6589,530538942.0,2025-03-01
1740873600000,0.6589,1.1508,0.6445,1.1336,5565260681.0,2025-03-02
1740960000000,1.1336,1.1753,0.822,0.857,6086879488.0,2025-03-03
1741046400000,0.857,0.9555,0.7565,0.9404,5014228759.0,2025-03-04
1741132800000,0.9403,1.0274,0.9123,0.9736,2999914052.0,2025-03-05
1741219200000,0.9736,0.988,0.8852,0.9058,1932917518.0,2025-03-06
1741305600000,0.9058,0.9199,0.805,0.8174,3119698733.0,2025-03-07
1741392000000,0.8174,0.8386,0.7924,0.8045,1120128227.0,2025-03-08
1741478400000,0.8046,0.8173,0.7083,0.7208,1634201691.0,2025-03-09
1741564800000,0.7207,0.7781,0.6578,0.6707,2010661131.0,2025-03-10
1741651200000,0.6707,0.7446,0.6461,0.7233,1855511962.0,2025-03-11
1741737600000,0.7234,0.7689,0.7105,0.7354,1296941126.0,2025-03-12
1741824000000,0.7353,0.7417,0.6902,0.7023,1108676527.0,2025-03-13
1741910400000,0.7023,0.7509,0.696,0.737,824877609.0,2025-03-14
1741996800000,0.737,0.7592,0.7304,0.7461,541832963.0,2025-03-15
1742083200000,0.7461,0.7468,0.6917,0.7042,857850039.0,2025-03-16
1742169600000,0.7043,0.7298,0.702,0.7169,648930936.0,2025-03-17
1742256000000,0.717,0.7182,0.6808,0.701,640981594.0,2025-03-18
1742342400000,0.701,0.7466,0.6997,0.7433,883980255.0,2025-03-19
1742428800000,0.7433,0.755,0.7115,0.7174,714524411.0,2025-03-20
1742515200000,0.7174,0.7274,0.7,0.7044,475329370.0,2025-03-21
1742601600000,0.7044,0.7157,0.6964,0.7009,327340397.0,2025-03-22
1742688000000,0.7009,0.7158,0.691,0.7103,415106794.0,2025-03-23
1742774400000,0.7104,0.745,0.7051,0.7317,660654188.0,2025-03-24
1742860800000,0.7317,0.7681,0.7205,0.7441,835504179.0,2025-03-25
1742947200000,0.7441,0.7741,0.7191,0.7282,775428335.0,2025-03-26
1743033600000,0.7283,0.744,0.7202,0.7379,497630705.0,2025-03-27
1743120000000,0.7379,0.7464,0.6885,0.7057,748469051.0,2025-03-28
1743206400000,0.7057,0.7117,0.6582,0.6726,655472272.0,2025-03-29
1743292800000,0.6727,0.687,0.6505,0.6607,557633348.0,2025-03-30
1743379200000,0.6607,0.6654,0.6292,0.6613,834072439.0,2025-03-31
1743465600000,0.6614,0.6943,0.6571,0.6769,689154927.0,2025-04-01
1743552000000,0.6768,0.7099,0.6342,0.6395,884494828.0,2025-04-02
1743638400000,0.6395,0.6571,0.6124,0.6504,716236376.0,2025-04-03
1743724800000,0.6504,0.6713,0.6272,0.6601,838807778.0,2025-04-04
1743811200000,0.6601,0.6673,0.6443,0.6544,343185251.0,2025-04-05
1743897600000,0.6544,0.655,0.5593,0.5731,908849071.0,2025-04-06
1743984000000,0.5732,0.6053,0.5108,0.586,2085198326.0,2025-04-07
1744070400000,0.586,0.62,0.5525,0.558,1349595417.0,2025-04-08
1744156800000,0.558,0.6459,0.5364,0.6314,1586153000.0,2025-04-09
1744243200000,0.6314,0.6335,0.5852,0.6091,862593021.0,2025-04-10
1744329600000,0.609,0.6448,0.6052,0.6235,705893272.0,2025-04-11
1744416000000,0.6235,0.6671,0.6166,0.6593,591374695.0,2025-04-12
1744502400000,0.6593,0.6683,0.629,0.638,591517678.0,2025-04-13
1744588800000,0.638,0.6573,0.6269,0.6347,668214669.0,2025-04-14
1744675200000,0.6348,0.6484,0.6067,0.6085,658410267.0,2025-04-15
1744761600000,0.6085,0.6243,0.5937,0.6102,627130341.0,2025-04-16
1744848000000,0.6103,0.6296,0.6084,0.6165,438287095.0,2025-04-17
1744934400000,0.6165,0.6318,0.6098,0.6274,368742484.0,2025-04-18
1745020800000,0.6274,0.6348,0.6184,0.6277,295774645.0,2025-04-19
1745107200000,0.6278,0.6346,0.6092,0.6199,376809413.0,2025-04-20
1745193600000,0.62,0.6507,0.6154,0.6237,678923292.0,2025-04-21
1745280000000,0.6236,0.6848,0.6148,0.6793,869309818.0,2025-04-22
1745366400000,0.6794,0.718,0.6772,0.6974,913299898.0,2025-04-23
1745452800000,0.6974,0.7457,0.6699,0.7215,921300615.0,2025-04-24
1745539200000,0.7216,0.733,0.7015,0.7131,835176339.0,2025-04-25
1745625600000,0.7131,0.7343,0.6989,0.7065,531982512.0,2025-04-26
1745712000000,0.7065,0.7175,0.6903,0.703,501902339.0,2025-04-27
1745798400000,0.7029,0.7288,0.6816,0.7052,776080024.0,2025-04-28
1745884800000,0.7052,0.7179,0.6882,0.6951,539548634.0,2025-04-29
1745971200000,0.6952,0.7033,0.664,0.6811,532391381.0,2025-04-30
1746057600000,0.6811,0.7143,0.681,0.7047,528108729.0,2025-05-01
1746144000000,0.7047,0.7254,0.688,0.6979,583587224.0,2025-05-02
1746230400000,0.6978,0.7294,0.6912,0.6991,675488559.0,2025-05-03
1746316800000,0.699,0.7144,0.671,0.6756,611173221.0,2025-05-04
1746403200000,0.6755,0.6916,0.6534,0.6617,647611072.0,2025-05-05
1746489600000,0.6618,0.6805,0.6421,0.6785,630444638.0,2025-05-06
1746576000000,0.6785,0.6888,0.6544,0.6713,609168336.0,2025-05-07
1746662400000,0.6713,0.7713,0.6697,0.7693,1123301390.0,2025-05-08
1746748800000,0.7692,0.8181,0.7526,0.7771,1033189769.0,2025-05-09
1746835200000,0.7771,0.8434,0.77,0.8406,880538278.0,2025-05-10
1746921600000,0.8405,0.8467,0.781,0.8049,739915309.0,2025-05-11
1747008000000,0.8049,0.8641,0.7796,0.8166,1165851068.0,2025-05-12
1747094400000,0.8166,0.8418,0.771,0.8297,784979387.0,2025-05-13
1747180800000,0.8297,0.8336,0.7882,0.7981,736235395.0,2025-05-14
1747267200000,0.7982,0.8099,0.7441,0.762,940463942.0,2025-05-15
1747353600000,0.762,0.7855,0.75,0.7584,480021782.0,2025-05-16
1747440000000,0.7583,0.7812,0.726,0.7424,666482196.0,2025-05-17
1747526400000,0.7424,0.7763,0.7154,0.7595,655080982.0,2025-05-18
1747612800000,0.7595,0.7648,0.7091,0.7424,610875603.0,2025-05-19
1747699200000,0.7424,0.7536,0.722,0.7458,533743172.0,2025-05-20
1747785600000,0.7458,0.7837,0.7364,0.7691,741456778.0,2025-05-21
1747872000000,0.7691,0.8107,0.7685,0.8092,513715337.0,2025-05-22
1747958400000,0.8093,0.8414,0.7425,0.7468,910042125.0,2025-05-23
1748044800000,0.7468,0.7664,0.7405,0.7463,368787630.0,2025-05-24
1748131200000,0.7463,0.76,0.7273,0.7593,492837433.0,2025-05-25
1748217600000,0.7594,0.7768,0.7505,0.7598,411382219.0,2025-05-26
1748304000000,0.7598,0.7753,0.7425,0.758,438636691.0,2025-05-27
1748390400000,0.758,0.7612,0.732,0.7473,432664178.0,2025-05-28
1748476800000,0.7472,0.765,0.7188,0.7217,516926534.0,2025-05-29
1748563200000,0.7216,0.7274,0.6815,0.6884,751957382.0,2025-05-30
1748649600000,0.6884,0.6948,0.6557,0.6856,635721132.0,2025-05-31
1748736000000,0.6856,0.6878,0.6534,0.6853,536146834.0,2025-06-01
1748822400000,0.6853,0.6919,0.6632,0.6895,505274990.0,2025-06-02
1748908800000,0.6894,0.7069,0.6733,0.6834,508315690.0,2025-06-03
1748995200000,0.6834,0.7025,0.6615,0.6652,475342063.0,2025-06-04
1749081600000,0.6652,0.6898,0.6182,0.6251,849008421.0,2025-06-05
1749168000000,0.6251,0.6721,0.6204,0.6551,605116081.0,2025-06-06
1749254400000,0.655,0.6707,0.649,0.664,346335925.0,2025-06-07
1749340800000,0.6641,0.6793,0.6512,0.67,479353559.0,2025-06-08
1749427200000,0.67,0.7078,0.656,0.7046,563240622.0,2025-06-09
1749513600000,0.7046,0.7208,0.6855,0.7166,738211529.0,2025-06-10
1749600000000,0.7166,0.7313,0.6907,0.6976,660772916.0,2025-06-11
1749686400000,0.6976,0.6999,0.6564,0.6609,571773263.0,2025-06-12
1749772800000,0.6609,0.6612,0.6168,0.6418,821533299.0,2025-06-13
1749859200000,0.6417,0.6425,0.6127,0.6242,361698658.0,2025-06-14
1749945600000,0.6241,0.6356,0.6202,0.6331,298538946.0,2025-06-15
1750032000000,0.633,0.6573,0.6243,0.63,527913516.0,2025-06-16
1750118400000,0.63,0.6423,0.5992,0.6087,673224435.0,2025-06-17
1750204800000,0.6087,0.6214,0.5875,0.6038,581651364.0,2025-06-18
1750291200000,0.6037,0.6114,0.5894,0.6018,357341585.0,2025-06-19
1750377600000,0.6018,0.6068,0.5609,0.5771,630596674.0,2025-06-20
1750464000000,0.5771,0.5879,0.5424,0.5559,503834808.0,2025-06-21
1750550400000,0.556,0.5637,0.5093,0.5415,1054952594.0,2025-06-22
1750636800000,0.5415,0.5858,0.5284,0.5817,898280908.0,2025-06-23
1750723200000,0.5817,0.5932,0.5758,0.5872,525933525.0,2025-06-24
1750809600000,0.5872,0.5904,0.5628,0.5668,455516012.0,2025-06-25
1750896000000,0.5668,0.5814,0.5495,0.554,492999709.0,2025-06-26
1750982400000,0.5539,0.565,0.5446,0.5584,438247617.0,2025-06-27
1751068800000,0.5584,0.5684,0.555,0.5652,261746009.0,2025-06-28
1751155200000,0.5652,0.5856,0.5546,0.577,416587266.0,2025-06-29
1751241600000,0.5771,0.5904,0.5558,0.5719,746138505.0,2025-06-30
1751328000000,0.5718,0.5764,0.5361,0.5416,697785718.0,2025-07-01
1751414400000,0.5416,0.5996,0.5383,0.584,837198804.0,2025-07-02
1751500800000,0.5839,0.6111,0.5825,0.599,702546726.0,2025-07-03
1751587200000,0.599,0.6032,0.5626,0.572,549203115.0,2025-07-04
1751673600000,0.5721,0.5832,0.5682,0.5752,308382061.0,2025-07-05
1751760000000,0.5752,0.5936,0.5703,0.5854,371096703.0,2025-07-06
1751846400000,0.5853,0.5945,0.573,0.5802,505990583.0,2025-07-07
1751932800000,0.5802,0.5919,0.5717,0.5881,461861259.0,2025-07-08
1752019200000,0.5881,0.6274,0.5836,0.6223,834887876.0,2025-07-09
1752105600000,0.6224,0.6803,0.6172,0.6774,899429444.0,2025-07-10
1752192000000,0.6775,0.7773,0.6679,0.7093,1825806976.0,2025-07-11
1752278400000,0.7092,0.7371,0.6882,0.7087,854689208.0,2025-07-12
1752364800000,0.7087,0.7561,0.7048,0.7364,881849757.0,2025-07-13
1752451200000,0.7365,0.7684,0.7211,0.7349,1057597125.0,2025-07-14
1752537600000,0.7349,0.7496,0.7103,0.7468,993921495.0,2025-07-15
1752624000000,0.7467,0.7848,0.7326,0.7644,864245214.0,2025-07-16
1752710400000,0.7644,0.8387,0.7401,0.8217,1733201216.0,2025-07-17
1752796800000,0.8217,0.8957,0.7961,0.8158,1877937772.0,2025-07-18
1752883200000,0.8158,0.8372,0.8011,0.8296,633659198.0,2025-07-19
1752969600000,0.8295,0.8788,0.8226,0.858,971129338.0,2025-07-20
1753056000000,0.858,0.9344,0.8415,0.8891,1388263683.0,2025-07-21
1753142400000,0.8892,0.9099,0.8529,0.904,1234028082.0,2025-07-22
1753228800000,0.9039,0.9041,0.7853,0.8157,1316648284.0,2025-07-23
1753315200000,0.8157,0.8379,0.7611,0.8057,1446532447.0,2025-07-24
1753401600000,0.8058,0.8186,0.7743,0.8157,986752765.0,2025-07-25
1753488000000,0.8157,0.8386,0.8119,0.8197,450280388.0,2025-07-26
1753574400000,0.8196,0.8394,0.8139,0.8317,516615979.0,2025-07-27
1753660800000,0.8317,0.856,0.7852,0.7927,796460962.0,2025-07-28
1753747200000,0.7928,0.8095,0.7689,0.7824,624432910.0,2025-07-29
1753833600000,0.7823,0.7894,0.7285,0.7629,690920518.0,2025-07-30
1753920000000,0.7629,0.7896,0.7352,0.7386,568865828.0,2025-07-31
1754006400000,0.7386,0.7408,0.6939,0.7139,983724481.0,2025-08-01
1754092800000,0.7138,0.7275,0.6838,0.697,584686441.0,2025-08-02
1754179200000,0.6971,0.7308,0.6863,0.7266,413193336.0,2025-08-03
1754265600000,0.7267,0.7586,0.7247,0.7544,483918483.0,2025-08-04
1754352000000,0.7545,0.7598,0.713,0.7254,575536175.0,2025-08-05
1754438400000,0.7254,0.7478,0.7102,0.7409,433027395.0,2025-08-06
1754524800000,0.741,0.7882,0.7337,0.7871,723464867.0,2025-08-07
1754611200000,0.7871,0.8067,0.7755,0.791,845688611.0,2025-08-08
1754697600000,0.7909,0.821,0.7893,0.8025,601185604.0,2025-08-09
1754784000000,0.8026,0.8343,0.7839,0.8011,674768071.0,2025-08-10
1754870400000,0.8012,0.8337,0.7656,0.7723,876947963.0,2025-08-11
1754956800000,0.7723,0.8581,0.765,0.8411,937947763.0,2025-08-12
1755043200000,0.841,0.9223,0.8333,0.9044,1095243334.0,2025-08-13
1755129600000,0.9043,1.0199,0.8722,0.9251,3469361652.0,2025-08-14
1755216000000,0.9251,0.9642,0.9103,0.9447,1954093413.0,2025-08-15
1755302400000,0.9446,0.9773,0.9004,0.9205,1312100195.0,2025-08-16
1755388800000,0.9205,0.9872,0.9042,0.9607,1357254511.0,2025-08-17
1755475200000,0.9606,0.9683,0.8911,0.9229,1432587616.0,2025-08-18
1755561600000,0.9229,0.9536,0.8433,0.8459,1817084766.0,2025-08-19
1755648000000,0.8459,0.8921,0.8364,0.8805,1383708179.0,2025-08-20
1755734400000,0.8805,0.8922,0.846,0.8514,897754810.0,2025-08-21
1755820800000,0.8513,0.942,0.8213,0.9315,1763674474.0,2025-08-22
1755907200000,0.9315,0.9386,0.8911,0.914,933859465.0,2025-08-23
1755993600000,0.9141,0.9639,0.8877,0.9083,1414555281.0,2025-08-24
1756080000000,0.9083,0.928,0.8287,0.8366,1535358839.0,2025-08-25
1756166400000,0.8366,0.8743,0.8259,0.8661,811367694.0,2025-08-26
1756252800000,0.866,0.8781,0.8461,0.8504,741368487.0,2025-08-27
1756339200000,0.8505,0.8797,0.8408,0.8571,645109014.0,2025-08-28
1756425600000,0.8571,0.8661,0.8093,0.8265,974610840.0,2025-08-29
1756512000000,0.8265,0.844,0.8048,0.8219,478112833.0,2025-08-30
1756598400000,0.8219,0.8377,0.8087,0.8107,402606550.0,2025-08-31
1756684800000,0.8106,0.8449,0.7809,0.8009,1049825184.0,2025-09-01
1756771200000,0.801,0.8355,0.7975,0.8348,741374522.0,2025-09-02
1756857600000,0.8349,0.8433,0.8257,0.8364,394395847.0,2025-09-03
1756944000000,0.8364,0.8416,0.8022,0.8088,480304649.0,2025-09-04
1757030400000,0.8088,0.8495,0.8042,0.8304,708731987.0,2025-09-05
1757116800000,0.8303,0.8358,0.8138,0.8179,268827118.0,2025-09-06
1757203200000,0.8179,0.8416,0.8176,0.8349,336056284.0,2025-09-07
1757289600000,0.8348,0.8693,0.8296,0.8651,597867702.0,2025-09-08
1757376000000,0.8651,0.8947,0.8521,0.8648,771643784.0,2025-09-09
1757462400000,0.8648,0.8965,0.8591,0.8853,509378268.0,2025-09-10
1757548800000,0.8852,0.898,0.8647,0.8937,554223799.0,2025-09-11
1757635200000,0.8937,0.918,0.882,0.9169,586837544.0,2025-09-12
1757721600000,0.9169,0.9542,0.914,0.9294,785092405.0,2025-09-13
1757808000000,0.9293,0.9311,0.8786,0.8873,541777070.0,2025-09-14
1757894400000,0.8872,0.9021,0.8518,0.8627,658794461.0,2025-09-15
1757980800000,0.8627,0.8838,0.8524,0.8798,449612240.0,2025-09-16
1758067200000,0.8798,0.9193,0.855,0.9134,733917156.0,2025-09-17
1758153600000,0.9134,0.9384,0.8994,0.9241,697027637.0,2025-09-18
1758240000000,0.9242,0.9377,0.8847,0.8899,666585177.0,2025-09-19
1758326400000,0.8898,0.906,0.8866,0.8926,308656577.0,2025-09-20
1758412800000,0.8925,0.9023,0.8743,0.8835,330149092.0,2025-09-21
1758499200000,0.8835,0.8873,0.7782,0.8252,913821321.0,2025-09-22
1758585600000,0.8252,0.829,0.8026,0.8056,483074197.0,2025-09-23
1758672000000,0.8055,0.8299,0.7895,0.8124,393713420.0,2025-09-24
1758758400000,0.8123,0.8141,0.7537,0.7633,928181289.0,2025-09-25
1758844800000,0.7634,0.7959,0.7572,0.7915,571484404.0,2025-09-26
1758931200000,0.7915,0.7938,0.7761,0.7807,225971120.0,2025-09-27
1759017600000,0.7806,0.8117,0.7642,0.8083,324961802.0,2025-09-28
1759104000000,0.8083,0.8158,0.7874,0.8056,413961961.0,2025-09-29
1759190400000,0.8056,0.813,0.7775,0.807,457296403.0,2025-09-30
1759276800000,0.8071,0.851,0.7966,0.8505,493225035.0,2025-10-01
1759363200000,0.8504,0.8773,0.8358,0.8703,535272702.0,2025-10-02
1759449600000,0.8703,0.8921,0.8478,0.8653,566634679.0,2025-10-03
1759536000000,0.8654,0.8687,0.8327,0.8391,354524674.0,2025-10-04
1759622400000,0.8391,0.8825,0.8263,0.8366,725660593.0,2025-10-05
1759708800000,0.8365,0.881,0.8311,0.8716,680948956.0,2025-10-06
1759795200000,0.8716,0.878,0.8167,0.8195,770320855.0,2025-10-07
1759881600000,0.8195,0.8516,0.8073,0.8385,582401613.0,2025-10-08
1759968000000,0.8384,0.8393,0.7939,0.815,581240609.0,2025-10-09
1760054400000,0.815,0.8239,0.2743,0.6347,2569499077.0,2025-10-10
1760140800000,0.6348,0.6823,0.6085,0.631,1374271383.0,2025-10-11
1760227200000,0.631,0.7088,0.6172,0.6995,921986686.0,2025-10-12
1760313600000,0.6995,0.7356,0.69,0.7282,874587662.0,2025-10-13
1760400000000,0.7281,0.733,0.6614,0.6983,1015340424.0,2025-10-14
1760486400000,0.6984,0.7158,0.6567,0.668,602590271.0,2025-10-15
1760572800000,0.6681,0.6843,0.6326,0.6447,733836111.0,2025-10-16
1760659200000,0.6448,0.6556,0.5917,0.6243,899496549.0,2025-10-17
1760745600000,0.6243,0.6405,0.6227,0.634,277301419.0,2025-10-18
1760832000000,0.6339,0.6648,0.6221,0.6524,470437522.0,2025-10-19
1760918400000,0.6524,0.6755,0.6389,0.6622,517060773.0,2025-10-20
1761004800000,0.6622,0.6852,0.6365,0.6423,661952436.0,2025-10-21
1761091200000,0.6424,0.6464,0.6045,0.6234,658399160.0,2025-10-22
1761177600000,0.6235,0.6537,0.6223,0.6426,377647261.0,2025-10-23
1761264000000,0.6426,0.6667,0.6384,0.6556,418000894.0,2025-10-24
1761350400000,0.6556,0.6592,0.6476,0.654,223770392.0,2025-10-25
1761436800000,0.6539,0.6882,0.6462,0.6809,366151239.0,2025-10-26
1761523200000,0.6808,0.6933,0.663,0.6667,485684217.0,2025-10-27
1761609600000,0.6666,0.6752,0.635,0.6454,638808409.0,2025-10-28
1761696000000,0.6454,0.6599,0.6228,0.6397,675686400.0,2025-10-29
1761782400000,0.6398,0.6483,0.5859,0.6013,765715087.0,2025-10-30
1761868800000,0.6013,0.6199,0.5974,0.6087,495260382.0,2025-10-31
1761955200000,0.6087,0.6174,0.603,0.6124,240830603.0,2025-11-01
1762041600000,0.6125,0.6186,0.5917,0.6103,333538354.0,2025-11-02
1762128000000,0.6103,0.612,0.5244,0.5526,1031559914.0,2025-11-03
1762214400000,0.5526,0.563,0.4894,0.5206,1350991643.0,2025-11-04
1762300800000,0.5206,0.55,0.4943,0.5449,749302590.0,2025-11-05
1762387200000,0.5449,0.5455,0.5164,0.5316,583125530.0,2025-11-06
1762473600000,0.5315,0.586,0.5192,0.576,799258054.0,2025-11-07
1762560000000,0.5759,0.5928,0.5535,0.5682,501165957.0,2025-11-08
1762646400000,0.5683,0.584,0.5476,0.5785,435381260.0,2025-11-09
1762732800000,0.5786,0.6028,0.5733,0.5924,427934004.0,2025-11-10
1762819200000,0.5924,0.6068,0.553,0.556,497168370.0,2025-11-11
1762905600000,0.5561,0.5805,0.5389,0.5454,528021782.0,2025-11-12
1762992000000,0.5455,0.5715,0.5139,0.5294,698358618.0,2025-11-13
1763078400000,0.5295,0.5333,0.4897,0.4981,806103757.0,2025-11-14
1763164800000,0.4981,0.515,0.4975,0.5032,350197353.0,2025-11-15
1763251200000,0.5033,0.509,0.4728,0.4844,665711870.0,2025-11-16
1763337600000,0.4843,0.4998,0.4573,0.4659,900053291.0,2025-11-17
1763424000000,0.466,0.4822,0.4557,0.4751,776881728.0,2025-11-18
1763510400000,0.4751,0.4773,0.4378,0.4637,806271138.0,2025-11-19
1763596800000,0.4636,0.4722,0.4285,0.4322,850893454.0,2025-11-20
1763683200000,0.4321,0.4395,0.3875,0.4089,1737055538.0,2025-11-21
1763769600000,0.409,0.413,0.3905,0.4043,558775161.0,2025-11-22
1763856000000,0.4043,0.4183,0.4012,0.4083,536877607.0,2025-11-23
1763942400000,0.4083,0.4339,0.4017,0.4274,662177902.0,2025-11-24
1764028800000,0.4274,0.4288,0.4044,0.4217,637019502.0,2025-11-25
1764115200000,0.4218,0.4372,0.4101,0.4355,544039168.0,2025-11-26
1764201600000,0.4355,0.4389,0.4262,0.4329,449688625.0,2025-11-27
1764288000000,0.4329,0.4369,0.4143,0.4197,626323277.0,2025-11-28
1764374400000,0.4198,0.4218,0.4111,0.4144,400925608.0,2025-11-29
1764460800000,0.4143,0.4273,0.4131,0.4139,434287355.0,2025-11-30
1764547200000,0.4139,0.4154,0.3705,0.3853,1116804289.0,2025-12-01
1764633600000,0.3852,0.4389,0.3845,0.4334,873312838.0,2025-12-02
1764720000000,0.4333,0.454,0.4261,0.4498,783053893.0,2025-12-03
1764806400000,0.4498,0.4557,0.4342,0.439,551856790.0,2025-12-04
1764892800000,0.4391,0.4426,0.4088,0.4155,570485525.0,2025-12-05
1764979200000,0.4154,0.4211,0.4095,0.4135,290394512.0,2025-12-06
1765065600000,0.4135,0.4349,0.4052,0.4171,618756741.0,2025-12-07
1765152000000,0.4171,0.4413,0.414,0.4326,584645332.0,2025-12-08
1765238400000,0.4326,0.4837,0.4233,0.4694,1044690670.0,2025-12-09
1765324800000,0.4695,0.4757,0.4521,0.4534,806140575.0,2025-12-10
1765411200000,0.4533,0.4548,0.4087,0.4251,1040648536.0,2025-12-11
1765497600000,0.4251,0.4291,0.4034,0.4089,754571721.0,2025-12-12
1765584000000,0.4089,0.4154,0.4056,0.4103,337057311.0,2025-12-13
1765670400000,0.4103,0.4114,0.3911,0.396,517016355.0,2025-12-14
1765756800000,0.396,0.4075,0.377,0.3879,735161501.0,2025-12-15
1765843200000,0.3879,0.3915,0.3772,0.3857,562561198.0,2025-12-16
1765929600000,0.3857,0.4,0.3637,0.3672,867443609.0,2025-12-17
1766016000000,0.3672,0.3794,0.3464,0.3512,897503266.0,2025-12-18
1766102400000,0.3513,0.3809,0.3463,0.3766,680254764.0,2025-12-19
1766188800000,0.3766,0.3802,0.3719,0.3728,278134952.0,2025-12-20
1766275200000,0.3728,0.3744,0.3573,0.3659,489068720.0,2025-12-21
1766361600000,0.3659,0.3822,0.3614,0.371,727208399.0,2025-12-22
1766448000000,0.371,0.3742,0.3548,0.3627,488280363.0,2025-12-23
1766534400000,0.3627,0.3651,0.3519,0.3565,466759219.0,2025-12-24
1766620800000,0.3564,0.3612,0.3389,0.3433,620786747.0,2025-12-25
1766707200000,0.3432,0.3584,0.3415,0.3494,625102475.0,2025-12-26
1766793600000,0.3494,0.3711,0.3485,0.3699,427566324.0,2025-12-27
1766880000000,0.3698,0.3773,0.361,0.3684,490914188.0,2025-12-28
1766966400000,0.3684,0.3846,0.3502,0.3528,782336625.0,2025-12-29
1767052800000,0.3528,0.3567,0.3479,0.351,549536402.0,2025-12-30
1767139200000,0.351,0.3535,0.3276,0.3332,749805435.0,2025-12-31
1767225600000,0.3333,0.3607,0.3318,0.3564,639212842.0,2026-01-01
1767312000000,0.3563,0.3963,0.3544,0.3948,1021451166.0,2026-01-02
1767398400000,0.3948,0.3991,0.3826,0.3893,538277931.0,2026-01-03
1767484800000,0.3893,0.4054,0.3886,0.4004,639595004.0,2026-01-04
1767571200000,0.4004,0.4249,0.3936,0.4209,959866201.0,2026-01-05
1767657600000,0.4208,0.4373,0.401,0.4193,1059430708.0,2026-01-06
1767744000000,0.4193,0.4229,0.3971,0.402,670427110.0,2026-01-07
1767830400000,0.402,0.4047,0.3845,0.3955,883106748.0,2026-01-08
1767916800000,0.3954,0.4052,0.3872,0.3912,661888539.0,2026-01-09
1768003200000,0.3913,0.3923,0.3842,0.3882,267576865.0,2026-01-10
1768089600000,0.3882,0.3972,0.3835,0.3907,432011988.0,2026-01-11
1768176000000,0.3908,0.4035,0.3812,0.3859,800462302.0,2026-01-12
1768262400000,0.386,0.4266,0.3848,0.4219,844861111.0,2026-01-13
1768348800000,0.4219,0.4271,0.4094,0.4141,778136764.0,2026-01-14
1768435200000,0.414,0.4143,0.3888,0.3934,752602174.0,2026-01-15
1768521600000,0.3933,0.3985,0.3782,0.3954,576617783.0,2026-01-16
1768608000000,0.3953,0.4042,0.3933,0.3972,368215359.0,2026-01-17
1768694400000,0.3972,0.3987,0.3743,0.3754,496273889.0,2026-01-18
1768780800000,0.3753,0.3753,0.3411,0.3701,956317245.0,2026-01-19
1768867200000,0.3701,0.3704,0.3463,0.3505,898635743.0,2026-01-20
1768953600000,0.3505,0.374,0.3462,0.3659,898811489.0,2026-01-21
1769040000000,0.3659,0.3689,0.3552,0.3592,556883443.0,2026-01-22
1769126400000,0.3592,0.3708,0.3522,0.3601,592325656.0,2026-01-23
1769212800000,0.36,0.3624,0.356,0.3582,226510904.0,2026-01-24
1769299200000,0.3582,0.3602,0.3325,0.3388,684683093.0,2026-01-25
1769385600000,0.3389,0.3585,0.3385,0.352,595813197.0,2026-01-26
1769472000000,0.352,0.3634,0.3475,0.3605,581576639.0,2026-01-27
1769558400000,0.3606,0.3649,0.3543,0.3581,529561869.0,2026-01-28
1769644800000,0.3582,0.359,0.3269,0.3344,917887462.0,2026-01-29
1769731200000,0.3344,0.3357,0.3157,0.3206,1004195510.0,2026-01-30
1769817600000,0.3207,0.3221,0.2688,0.2934,1617777946.0,2026-01-31
1769904000000,0.2933,0.2991,0.2787,0.2856,987252698.0,2026-02-01
1769990400000,0.2855,0.3032,0.2754,0.2989,1140707507.0,2026-02-02
1770076800000,0.299,0.3049,0.2816,0.2915,1178495911.0,2026-02-03
1770163200000,0.2916,0.3026,0.2799,0.2862,1023541846.0,2026-02-04
1770249600000,0.2862,0.2898,0.2434,0.2451,2139804960.0,2026-02-05
1770336000000,0.2451,0.2841,0.2204,0.2759,2280121895.0,2026-02-06
1770422400000,0.2759,0.2796,0.2654,0.2719,986688353.0,2026-02-07
1770508800000,0.2719,0.2764,0.2667,0.2698,504142488.0,2026-02-08
1770595200000,0.2699,0.2737,0.2594,0.2697,645857448.0,2026-02-09
1770681600000,0.2698,0.2703,0.2595,0.2617,569361934.0,2026-02-10
1770768000000,0.2618,0.2646,0.2502,0.2557,724922802.0,2026-02-11
1770854400000,0.2557,0.2694,0.2557,0.2643,668474997.0,2026-02-12
1770940800000,0.2642,0.2747,0.2581,0.2727,533120009.0,2026-02-13
1771027200000,0.2727,0.3006,0.2725,0.2949,667004072.0,2026-02-14
1771113600000,0.2949,0.3017,0.2772,0.2816,819491052.0,2026-02-15
1771200000000,0.2816,0.289,0.2766,0.2857,541035204.0,2026-02-16
1771286400000,0.2857,0.2895,0.2771,0.2809,534336952.0,2026-02-17
1771372800000,0.2809,0.2874,0.2711,0.2734,506754616.0,2026-02-18
1771459200000,0.2734,0.2772,0.2669,0.2728,492611446.0,2026-02-19
1771545600000,0.2728,0.2937,0.2696,0.2847,761899936.0,2026-02-20
1771632000000,0.2847,0.2864,0.2786,0.2797,382397355.0,2026-02-21
1771718400000,0.2798,0.28,0.2685,0.2715,393600016.0,2026-02-22
1771804800000,0.2716,0.2753,0.2569,0.2622,802290359.0,2026-02-23
1771891200000,0.2622,0.2645,0.2534,0.2584,568237086.0,2026-02-24
1771977600000,0.2585,0.3134,0.2577,0.2971,1501055751.0,2026-02-25
1772064000000,0.2971,0.3009,0.2818,0.2868,895510094.0,2026-02-26
1772150400000,0.2869,0.2962,0.2722,0.2774,699399313.0,2026-02-27
1772236800000,0.2775,0.2843,0.2591,0.2808,1081174923.0,2026-02-28
1772323200000,0.2808,0.2922,0.2689,0.2734,835095968.0,2026-03-01
1772409600000,0.2734,0.2885,0.2682,0.2768,828996148.0,2026-03-02
1772496000000,0.2768,0.277,0.2601,0.2623,916423160.0,2026-03-03
1772582400000,0.2623,0.285,0.2582,0.2762,1268221206.0,2026-03-04
1772668800000,0.2762,0.2779,0.2649,0.2689,794685639.0,2026-03-05
1772755200000,0.2689,0.2718,0.2552,0.2589,687258047.0,2026-03-06
1772841600000,0.2588,0.2609,0.2511,0.2543,571025802.0,2026-03-07
1772928000000,0.2543,0.2572,0.2456,0.249,734976114.0,2026-03-08
1773014400000,0.249,0.2628,0.2487,0.255,805121254.0,2026-03-09
1773100800000,0.2549,0.2743,0.2548,0.2619,890927660.0,2026-03-10
1773187200000,0.2619,0.2677,0.2564,0.2624,660541271.0,2026-03-11
1773273600000,0.2625,0.2657,0.2577,0.2634,557466618.0,2026-03-12
1773360000000,0.2633,0.2814,0.2627,0.2654,836268680.0,2026-03-13
1773446400000,0.2654,0.2664,0.258,0.2632,432414040.0,2026-03-14
1773532800000,0.2632,0.2719,0.261,0.2701,524866597.0,2026-03-15
1773619200000,0.2701,0.2936,0.2687,0.2903,1216022002.0,2026-03-16
1773705600000,0.2902,0.2931,0.2816,0.2888,792873490.0,2026-03-17
1773792000000,0.2889,0.2955,0.2694,0.2741,861368927.0,2026-03-18
1773878400000,0.2741,0.2766,0.2623,0.2674,589569440.0,2026-03-19
1773964800000,0.2674,0.2729,0.2615,0.2659,530358723.0,2026-03-20
1774051200000,0.2658,0.2672,0.2551,0.2571,391220963.0,2026-03-21
1774137600000,0.2571,0.2601,0.2477,0.2504,658156336.0,2026-03-22
1774224000000,0.2504,0.267,0.2475,0.2615,1046700289.0,2026-03-23
1774310400000,0.2615,0.2683,0.2578,0.2663,583836614.0,2026-03-24
1774396800000,0.2663,0.2768,0.2655,0.2704,650760418.0,2026-03-25
1774483200000,0.2703,0.2707,0.2524,0.2545,658004393.0,2026-03-26
1774569600000,0.2545,0.256,0.244,0.2458,645777090.0,2026-03-27
1774656000000,0.2459,0.2528,0.2439,0.2458,521858099.0,2026-03-28
1774742400000,0.2457,0.2472,0.2324,0.2398,690831865.0,2026-03-29
1774828800000,0.2397,0.2528,0.2392,0.2433,766710964.0,2026-03-30
1774915200000,0.2434,0.2495,0.2342,0.2416,887462513.0,2026-03-31
1775001600000,0.2415,0.2547,0.2411,0.2484,842026514.0,2026-04-01
1775088000000,0.2484,0.2506,0.2346,0.2392,1018977609.0,2026-04-02
1775174400000,0.2393,0.2513,0.2386,0.2462,653451540.0,2026-04-03
1775260800000,0.2463,0.2499,0.2428,0.2477,397724978.0,2026-04-04
1775347200000,0.2478,0.2509,0.2395,0.2507,544560470.0,2026-04-05
1775433600000,0.2508,0.26,0.2445,0.2458,805079059.0,2026-04-06
1775520000000,0.2458,0.2663,0.2397,0.2627,961619726.0,2026-04-07
1775606400000,0.2628,0.2644,0.2495,0.2505,713048301.0,2026-04-08
1775692800000,0.2506,0.2611,0.2473,0.2541,577241801.0,2026-04-09
1775779200000,0.2541,0.2588,0.2496,0.2541,554488731.0,2026-04-10
1775865600000,0.254,0.2559,0.2463,0.2494,677953742.0,2026-04-11
1775952000000,0.2493,0.2503,0.2351,0.2359,808277796.0,2026-04-12
1776038400000,0.2359,0.249,0.2357,0.2486,884330301.0,2026-04-13
1776124800000,0.2485,0.2495,0.2382,0.2393,778870726.0,2026-04-14
1776211200000,0.2393,0.2505,0.238,0.246,697936314.0,2026-04-15
1776297600000,0.246,0.2615,0.2435,0.259,1129285391.0,2026-04-16
1776384000000,0.259,0.2679,0.2519,0.2585,881263181.0,2026-04-17
1776470400000,0.2585,0.2595,0.2472,0.249,575371591.0,2026-04-18
1776556800000,0.249,0.2509,0.2407,0.2423,684175263.0,2026-04-19
1776643200000,0.2423,0.2514,0.2417,0.2478,608366936.0,2026-04-20
1776729600000,0.2478,0.2523,0.2438,0.2497,617384492.0,2026-04-21
1776816000000,0.2498,0.2575,0.2479,0.2482,633289341.0,2026-04-22
1776902400000,0.2482,0.2508,0.2444,0.2496,672734450.0,2026-04-23
1776988800000,0.2497,0.2529,0.247,0.2502,474804608.0,2026-04-24
1777075200000,0.2502,0.2538,0.2479,0.2501,492405371.0,2026-04-25
1777161600000,0.2501,0.2543,0.2483,0.252,472656110.0,2026-04-26
1777248000000,0.2519,0.2561,0.2428,0.2479,739161493.0,2026-04-27
1777334400000,0.248,0.2487,0.244,0.2466,504982466.0,2026-04-28
1777420800000,0.2466,0.254,0.2381,0.2444,905389977.0,2026-04-29
1777507200000,0.2445,0.2483,0.2443,0.2461,491512234.0,2026-04-30
1777593600000,0.2461,0.2513,0.2458,0.248,528802373.0,2026-05-01
1777680000000,0.2481,0.2528,0.2467,0.2501,368331674.0,2026-05-02
1777766400000,0.25,0.2517,0.2472,0.2494,449770740.0,2026-05-03
1777852800000,0.2493,0.255,0.2467,0.2497,941475447.0,2026-05-04
1777939200000,0.2497,0.2657,0.2496,0.2619,814068673.0,2026-05-05
1778025600000,0.2619,0.2737,0.2598,0.2669,833495520.0,2026-05-06
1778112000000,0.2668,0.2702,0.2594,0.2625,587596517.0,2026-05-07
1778198400000,0.2626,0.2787,0.2599,0.2734,551004446.0,2026-05-08
1778284800000,0.2735,0.2783,0.2692,0.2707,397908669.0,2026-05-09
1778371200000,0.2707,0.2886,0.2682,0.2822,852421956.0,2026-05-10
1778457600000,0.2823,0.2835,0.2739,0.2801,664476863.0,2026-05-11
1778544000000,0.2801,0.2817,0.2666,0.2709,676692443.0,2026-05-12
1778630400000,0.271,0.2777,0.261,0.2646,706602035.0,2026-05-13
1778716800000,0.2646,0.2803,0.2621,0.2704,706660338.0,2026-05-14
1778803200000,0.2704,0.2727,0.2566,0.2613,655313086.0,2026-05-15
1778889600000,0.2614,0.2623,0.2519,0.2549,466096196.0,2026-05-16
1778976000000,0.2549,0.2581,0.245,0.252,556966359.0,2026-05-17
1779062400000,0.252,0.2531,0.246,0.2515,709378069.0,2026-05-18
1779148800000,0.2515,0.2534,0.2469,0.248,421597056.0,2026-05-19
1779235200000,0.248,0.2514,0.2467,0.249,469898306.0,2026-05-20
1779321600000,0.2491,0.2538,0.2454,0.2505,733575080.0,2026-05-21
1779408000000,0.2506,0.2545,0.2407,0.2422,775246113.0,2026-05-22
1779494400000,0.2423,0.2508,0.2357,0.2459,783373200.0,2026-05-23
1779580800000,0.246,0.2468,0.2383,0.242,417841063.0,2026-05-24
1779667200000,0.2421,0.2477,0.2402,0.2435,498333595.0,2026-05-25
1779753600000,0.2436,0.2473,0.2378,0.2399,666452882.0,2026-05-26
1779840000000,0.24,0.2434,0.2355,0.2371,695440236.0,2026-05-27
1779926400000,0.237,0.2383,0.2278,0.2348,951742877.0,2026-05-28
1780012800000,0.2348,0.238,0.2296,0.2328,699262139.0,2026-05-29
1780099200000,0.2328,0.2394,0.2324,0.2358,474828087.0,2026-05-30
1780185600000,0.2359,0.2386,0.2317,0.2355,496245879.0,2026-05-31
1780272000000,0.2355,0.2375,0.2252,0.2309,908575938.0,2026-06-01
1780358400000,0.231,0.2312,0.2093,0.2128,1385538478.0,2026-06-02
1780444800000,0.2128,0.2183,0.1998,0.2002,1192144554.0,2026-06-03
1780531200000,0.2002,0.2017,0.1785,0.1796,2330491554.0,2026-06-04
1780617600000,0.1796,0.1797,0.1543,0.1565,3534661760.0,2026-06-05
1780704000000,0.1566,0.1624,0.1485,0.1572,1871155243.0,2026-06-06
1780790400000,0.1572,0.1688,0.1567,0.1652,1444703105.0,2026-06-07
1780876800000,0.1651,0.1744,0.1598,0.1702,1161367426.0,2026-06-08
1780963200000,0.1703,0.1709,0.1607,0.1652,1095529298.0,2026-06-09
1781049600000,0.1651,0.1669,0.1581,0.1605,1367835862.0,2026-06-10
1781136000000,0.1605,0.1719,0.1604,0.1706,1055502580.0,2026-06-11
1781222400000,0.1705,0.1744,0.1674,0.1696,1011878430.0,2026-06-12
1781308800000,0.1696,0.1757,0.1689,0.1716,710538166.0,2026-06-13
1781395200000,0.1717,0.1838,0.1652,0.1829,1030563114.0,2026-06-14
1781481600000,0.183,0.1899,0.1767,0.1783,1420834548.0,2026-06-15
1781568000000,0.1783,0.1814,0.1715,0.1723,1043902344.0,2026-06-16
1781654400000,0.1722,0.175,0.1635,0.1667,1279621539.0,2026-06-17
1781740800000,0.1668,0.1687,0.1596,0.1636,887777976.0,2026-06-18
1781827200000,0.1635,0.165,0.1584,0.1619,705596648.0,2026-06-19
1781913600000,0.1619,0.165,0.1598,0.1631,536439707.0,2026-06-20
1782000000000,0.1631,0.1635,0.1561,0.1564,688172043.0,2026-06-21
1782086400000,0.1565,0.1631,0.1564,0.1584,823425123.0,2026-06-22
1782172800000,0.1583,0.16,0.1492,0.1514,1053299352.0,2026-06-23
1782259200000,0.1514,0.1543,0.1394,0.1476,1650865650.0,2026-06-24
1782345600000,0.1475,0.1507,0.1381,0.1438,1170977850.0,2026-06-25
1782432000000,0.1438,0.1499,0.1383,0.1484,1118875583.0,2026-06-26
1782518400000,0.1484,0.1496,0.1435,0.1452,524332791.0,2026-06-27
1782604800000,0.1452,0.1465,0.141,0.1437,498080448.0,2026-06-28
1782691200000,0.1437,0.1488,0.1417,0.1457,717532633.0,2026-06-29
1782777600000,0.1457,0.1464,0.142,0.1442,640706496.0,2026-06-30
1782864000000,0.1442,0.158,0.1418,0.1539,1507387608.0,2026-07-01
1782950400000,0.1538,0.1629,0.1525,0.1614,1004035938.0,2026-07-02
1783036800000,0.1615,0.1831,0.1605,0.1798,1581750462.0,2026-07-03
1783123200000,0.1798,0.1999,0.175,0.192,1729991690.0,2026-07-04
1783209600000,0.1921,0.195,0.1851,0.1895,1268011715.0,2026-07-05
1783296000000,0.1894,0.1906,0.1779,0.184,1382196138.0,2026-07-06
1783382400000,0.184,0.185,0.1732,0.1745,956469585.0,2026-07-07
1783468800000,0.1745,0.1761,0.1647,0.1669,936432319.0,2026-07-08
1783555200000,0.167,0.17,0.1649,0.1665,740777365.0,2026-07-09
1783641600000,0.1665,0.1698,0.1649,0.1665,734326639.0,2026-07-10
1783728000000,0.1666,0.1744,0.1654,0.1657,758803064.0,2026-07-11
1783814400000,0.1656,0.1664,0.1608,0.1618,693579502.0,2026-07-12
1783900800000,0.1619,0.1644,0.1553,0.1573,831262982.0,2026-07-13
1783987200000,0.1574,0.1681,0.156,0.1654,973084340.0,2026-07-14
1784073600000,0.1654,0.1693,0.1619,0.165,882114282.0,2026-07-15
1784160000000,0.1649,0.1664,0.1597,0.1607,608349215.0,2026-07-16
1784246400000,0.1607,0.1675,0.1576,0.1666,974696875.0,2026-07-17
1784332800000,0.1666,0.1692,0.1633,0.1667,537188684.0,2026-07-18
1784419200000,0.1667,0.1687,0.1636,0.166,451620411.0,2026-07-19
1784505600000,0.166,0.1719,0.1605,0.1697,1005045815.0,2026-07-20
1784592000000,0.1696,0.1775,0.1693,0.1736,912920650.0,2026-07-21
1784678400000,0.1736,0.1808,0.1703,0.1742,944963798.0,2026-07-22
1784764800000,0.1743,0.1766,0.1679,0.1683,731528268.0,2026-07-23
1784851200000,0.1683,0.1685,0.1626,0.1638,549194286.0,2026-07-24
1784937600000,0.1638,0.1669,0.1613,0.1646,395288290.0,2026-07-25
1785024000000,0.1647,0.1666,0.1639,0.1658,334742093.0,2026-07-26
1785110400000,0.1658,0.1672,0.1535,0.1554,894514718.0,2026-07-27
1785196800000,0.1553,0.1634,0.1532,0.1619,839343829.0,2026-07-28
1785283200000,0.1619,0.1691,0.1604,0.1621,992222261.0,2026-07-29
1785369600000,0.1621,0.1762,0.1614,0.1697,917494215.0,2026-07-30
1785456000000,0.1697,0.1728,0.1665,0.1681,756835483.0,2026-07-31
1785542400000,0.1682,0.1769,0.1681,0.1743,741963908.0,2026-08-01
1785628800000,0.1744,0.1921,0.1727,0.1895,1329625212.0,2026-08-02
1785715200000,0.1895,0.1964,0.1816,0.1936,1355878599.0,2026-08-03
1785801600000,0.1936,0.1995,0.1909,0.1929,1001181834.0,2026-08-04
1785888000000,0.1929,0.1992,0.1885,0.1911,904153520.0,2026-08-05
1785974400000,0.191,0.2117,0.1856,0.2011,1600599414.0,2026-08-06
1786060800000,0.201,0.2039,0.1964,0.2007,889213549.0,2026-08-07
1786147200000,0.2007,0.2023,0.1976,0.1994,373339074.0,2026-08-08
1786233600000,0.1993,0.1997,0.1927,0.1943,505422652.0,2026-08-09
1786320000000,0.1943,0.1993,0.1906,0.1908,539386910.0,2026-08-10
1786406400000,0.1908,0.1915,0.1835,0.187,674128855.0,2026-08-11
1786492800000,0.187,0.1883,0.1804,0.1825,508521364.0,2026-08-12
1786579200000,0.1824,0.1865,0.18,0.1822,444105290.0,2026-08-13
1786665600000,0.1822,0.1835,0.1779,0.18,422306073.0,2026-08-14
1786752000000,0.18,0.1817,0.1756,0.1764,291184045.0,2026-08-15
1786838400000,0.1763,0.1791,0.1744,0.1748,386831460.0,2026-08-16
1786924800000,0.1747,0.1777,0.172,0.174,497499603.0,2026-08-17
1787011200000,0.1741,0.1769,0.1711,0.1745,509566049.0,2026-08-18
1787097600000,0.1744,0.1922,0.1732,0.1871,1041908392.0,2026-08-19
1787184000000,0.187,0.2035,0.1817,0.199,1361318277.0,2026-08-20
1787270400000,0.1989,0.2335,0.1985,0.2292,1948772433.0,2026-08-21
1787356800000,0.2291,0.2588,0.2063,0.2261,1838076885.0,2026-08-22
1787443200000,0.2261,0.2306,0.2133,0.227,948198600.0,2026-08-23
1787529600000,0.227,0.2276,0.2166,0.2214,869251189.0,2026-08-24
1787616000000,0.2213,0.229,0.206,0.209,838090140.0,2026-08-25
1787702400000,0.209,0.2131,0.2022,0.2122,652183722.0,2026-08-26
1787788800000,0.2122,0.2174,0.2073,0.2136,724830664.0,2026-08-27
1787875200000,0.2135,0.218,0.1986,0.203,856461830.0,2026-08-28
1787961600000,0.2029,0.2035,0.1987,0.2016,285918887.0,2026-08-29
1788048000000,0.2015,0.2061,0.1892,0.1925,671448487.0,2026-08-30
1788134400000,0.1925,0.2007,0.1913,0.1978,647346634.0,2026-08-31
1788220800000,0.1977,0.2029,0.1934,0.1965,619860691.0,2026-09-01
1788307200000,0.1965,0.2011,0.1918,0.201,534067822.0,2026-09-02
1788393600000,0.2009,0.2076,0.199,0.206,318805895.0,2026-09-03
