ts,open,high,low,close,volume,date
1600819200000,3.93,4.6092,3.3778,3.5136,14289266.0,2020-09-23
1600905600000,3.5123,4.86,3.4171,4.6133,12968822.0,2020-09-24
1600992000000,4.6129,5.0295,4.189,4.6867,11945245.0,2020-09-25
1601078400000,4.6892,4.8025,4.3459,4.5203,6912586.0,2020-09-26
1601164800000,4.5244,4.7,4.0976,4.6391,5967454.0,2020-09-27
1601251200000,4.6383,4.687,4.15,4.1955,5522693.0,2020-09-28
1601337600000,4.195,4.2786,3.95,4.1314,5153781.0,2020-09-29
1601424000000,4.1334,4.3976,3.99,4.321,5638476.0,2020-09-30
1601510400000,4.3246,4.5269,4.0,4.1477,6333875.0,2020-10-01
1601596800000,4.1471,4.2137,3.6414,3.8972,8854778.0,2020-10-02
1601683200000,3.8952,4.1864,3.8554,4.0169,5275795.0,2020-10-03
1601769600000,4.0102,4.0691,3.8143,3.9608,5280970.0,2020-10-04
1601856000000,3.956,4.0456,3.8675,3.976,4681565.0,2020-10-05
1601942400000,3.978,3.9928,3.48,3.5338,6161670.0,2020-10-06
1602028800000,3.536,3.5397,3.1893,3.4413,6660381.0,2020-10-07
1602115200000,3.4445,3.9534,3.3088,3.9034,7083340.0,2020-10-08
1602201600000,3.9024,4.3209,3.7964,4.2356,5565602.0,2020-10-09
1602288000000,4.2327,4.2689,3.9765,4.0142,4994696.0,2020-10-10
1602374400000,4.0143,4.1896,3.9279,4.0924,4784523.0,2020-10-11
1602460800000,4.0917,4.6939,4.0503,4.4123,6133208.0,2020-10-12
1602547200000,4.4137,4.5481,4.3252,4.4774,4270352.0,2020-10-13
1602633600000,4.4785,4.4879,4.0105,4.1513,4583035.0,2020-10-14
1602720000000,4.1517,4.2283,3.9922,4.1266,3671854.0,2020-10-15
1602806400000,4.1262,4.1368,3.8578,4.0281,4534013.0,2020-10-16
1602892800000,4.0324,4.2024,3.9559,4.189,3906457.0,2020-10-17
1602979200000,4.1927,4.2464,4.072,4.1186,3384876.0,2020-10-18
1603065600000,4.1197,4.1689,3.982,4.0401,3674582.0,2020-10-19
1603152000000,4.0397,4.0787,3.6789,3.7938,4524236.0,2020-10-20
1603238400000,3.7909,4.0958,3.7724,3.9601,4517279.0,2020-10-21
1603324800000,3.9612,4.4853,3.9608,4.3346,4726770.0,2020-10-22
1603411200000,4.3336,4.4724,4.1338,4.2541,4002237.0,2020-10-23
1603497600000,4.2538,4.36,4.1586,4.1815,3340426.0,2020-10-24
1603584000000,4.1802,4.2548,4.1021,4.1429,3524740.0,2020-10-25
1603670400000,4.1422,4.4907,4.026,4.142,5336452.0,2020-10-26
1603756800000,4.1419,4.3497,4.0302,4.1245,4321120.0,2020-10-27
1603843200000,4.1229,4.182,3.9213,4.0505,4225272.0,2020-10-28
1603929600000,4.0504,4.1074,3.7272,3.7776,4530018.0,2020-10-29
1604016000000,3.7767,3.826,3.5757,3.716,5180838.0,2020-10-30
1604102400000,3.7215,3.7619,3.5811,3.6403,4148313.0,2020-10-31
1604188800000,3.64,3.7118,3.5433,3.6866,3720879.0,2020-11-01
1604275200000,3.6891,3.8747,3.6026,3.6079,4418875.0,2020-11-02
1604361600000,3.607,3.649,3.2485,3.3318,4703649.0,2020-11-03
1604448000000,3.3335,3.3802,2.996,3.1748,5138307.0,2020-11-04
1604534400000,3.1757,3.3925,3.0121,3.337,5743350.0,2020-11-05
1604620800000,3.3389,3.6757,3.3213,3.5966,6965505.0,2020-11-06
1604707200000,3.5998,3.92,3.3534,3.4209,7202237.0,2020-11-07
1604793600000,3.4226,3.676,3.3615,3.475,5555038.0,2020-11-08
1604880000000,3.4731,3.5424,3.2632,3.4189,6014179.0,2020-11-09
1604966400000,3.421,3.6396,3.3735,3.5736,5284862.0,2020-11-10
1605052800000,3.5754,3.8193,3.4575,3.4865,5184683.0,2020-11-11
1605139200000,3.4865,3.5746,3.3142,3.4219,5292738.0,2020-11-12
1605225600000,3.4255,3.7041,3.3894,3.6781,5685942.0,2020-11-13
1605312000000,3.6836,3.7026,3.3926,3.4863,5525176.0,2020-11-14
1605398400000,3.4887,3.6441,3.4035,3.5424,5191152.0,2020-11-15
1605484800000,3.5411,3.8212,3.4547,3.7074,6156423.0,2020-11-16
1605571200000,3.7029,3.935,3.6916,3.8463,5836863.0,2020-11-17
1605657600000,3.8482,3.8736,3.5046,3.7491,6347052.0,2020-11-18
1605744000000,3.7518,3.8324,3.5531,3.6398,5720573.0,2020-11-19
1605830400000,3.6431,4.0179,3.6224,3.7217,6292681.0,2020-11-20
1605916800000,3.7184,4.1135,3.6717,4.0412,6692111.0,2020-11-21
1606003200000,4.0444,4.0776,3.7102,3.9028,6649688.0,2020-11-22
1606089600000,3.9061,4.2633,3.8561,4.0805,6337519.0,2020-11-23
1606176000000,4.0833,4.348,3.8576,4.2712,7061758.0,2020-11-24
1606262400000,4.2666,4.4149,3.9042,4.0444,6388167.0,2020-11-25
1606348800000,4.0422,4.0898,3.2859,3.5386,8697199.0,2020-11-26
1606435200000,3.541,3.7621,3.4235,3.5851,5908307.0,2020-11-27
1606521600000,3.5855,3.702,3.4684,3.6317,4500372.0,2020-11-28
1606608000000,3.63,3.7665,3.5342,3.7037,4227643.0,2020-11-29
1606694400000,3.7047,3.8265,3.6418,3.7075,4404799.0,2020-11-30
1606780800000,3.7082,3.8241,3.4515,3.5574,6035180.0,2020-12-01
1606867200000,3.553,3.8533,3.5005,3.7354,5137882.0,2020-12-02
1606953600000,3.7344,3.901,3.7116,3.8171,4415791.0,2020-12-03
1607040000000,3.8144,3.866,3.5071,3.5359,4468269.0,2020-12-04
1607126400000,3.5331,3.718,3.4992,3.6408,4063238.0,2020-12-05
1607212800000,3.6408,3.6772,3.4997,3.5984,3884122.0,2020-12-06
1607299200000,3.5998,3.6074,3.3198,3.3765,4488009.0,2020-12-07
1607385600000,3.375,3.378,3.0701,3.1113,7236928.0,2020-12-08
1607472000000,3.1096,3.4039,2.7881,3.2588,8734253.0,2020-12-09
1607558400000,3.2566,3.3538,3.066,3.1474,8009625.0,2020-12-10
1607644800000,3.148,3.3078,3.0102,3.2383,6610199.0,2020-12-11
1607731200000,3.2392,3.45,3.238,3.3375,5943831.0,2020-12-12
1607817600000,3.3356,3.4201,3.2849,3.3445,5203782.0,2020-12-13
1607904000000,3.3432,3.3455,3.1396,3.1491,5336037.0,2020-12-14
1607990400000,3.1515,3.3749,3.0648,3.3012,4904741.0,2020-12-15
1608076800000,3.3012,3.3758,3.1501,3.3461,4992952.0,2020-12-16
1608163200000,3.3482,3.3797,3.1866,3.2177,6060521.0,2020-12-17
1608249600000,3.2168,3.48,3.1463,3.4123,5122515.0,2020-12-18
1608336000000,3.4147,3.6127,3.3846,3.466,4329142.0,2020-12-19
1608422400000,3.4663,3.4991,3.2801,3.3144,4048350.0,2020-12-20
1608508800000,3.3114,3.3608,3.0266,3.0923,5480209.0,2020-12-21
1608595200000,3.0909,3.136,2.923,3.0735,4744017.0,2020-12-22
1608681600000,3.0726,3.6024,2.7583,2.9529,10020865.0,2020-12-23
1608768000000,2.9535,3.1186,2.7843,3.1062,6766338.0,2020-12-24
1608854400000,3.1064,3.135,2.8469,2.9534,5466761.0,2020-12-25
1608940800000,2.9522,3.0024,2.8475,2.9265,4255409.0,2020-12-26
1609027200000,2.9236,3.0809,2.842,2.91,5303471.0,2020-12-27
1609113600000,2.9115,3.05,2.8721,2.9646,5509291.0,2020-12-28
1609200000000,2.964,3.0212,2.8356,2.9253,5695232.0,2020-12-29
1609286400000,2.9261,2.9519,2.8356,2.9166,4484867.0,2020-12-30
1609372800000,2.9172,3.2901,2.78,3.1926,5319432.0,2020-12-31
1609459200000,3.1894,3.8455,3.0479,3.6541,15285985.0,2021-01-01
1609545600000,3.6565,3.945,3.2954,3.505,9313951.0,2021-01-02
1609632000000,3.5046,3.8508,3.4002,3.4907,8124433.0,2021-01-03
1609718400000,3.4927,3.8861,3.2,3.6036,9918202.0,2021-01-04
1609804800000,3.6034,4.3703,3.4648,4.2626,12610791.0,2021-01-05
1609891200000,4.2632,4.9949,4.1491,4.5808,9356697.0,2021-01-06
1609977600000,4.5808,4.8294,4.1735,4.4722,6930303.0,2021-01-07
1610064000000,4.4765,5.8591,4.03,5.7084,12980609.0,2021-01-08
1610150400000,5.6965,7.4707,5.5763,7.1895,13126244.0,2021-01-09
1610236800000,7.1915,7.509,6.151,6.5449,7858043.0,2021-01-10
1610323200000,6.5428,6.9974,5.6944,6.4571,9132710.0,2021-01-11
1610409600000,6.4587,8.2125,6.3814,7.7118,10952556.0,2021-01-12
1610496000000,7.7083,8.4953,7.1157,8.4617,7971177.0,2021-01-13
1610582400000,8.4608,9.6014,8.202,9.3204,8801902.0,2021-01-14
1610668800000,9.3284,9.9147,8.5623,9.3586,7746718.0,2021-01-15
1610755200000,9.3597,13.6592,9.1269,12.7952,11311763.0,2021-01-16
1610841600000,12.7817,14.71,12.3,13.1289,11329178.0,2021-01-17
1610928000000,13.1177,13.8446,12.5001,12.6751,5699519.0,2021-01-18
1611014400000,12.6709,13.3783,11.5493,11.7022,5833508.0,2021-01-19
1611100800000,11.7,13.0461,11.0001,12.3692,5805590.0,2021-01-20
1611187200000,12.3723,12.9712,11.03,11.2759,5857361.0,2021-01-21
1611273600000,11.2633,13.3849,10.6259,12.7114,7382684.0,2021-01-22
1611360000000,12.7217,13.4883,12.499,12.8923,6075166.0,2021-01-23
1611446400000,12.8864,13.1916,12.1253,12.4682,4876524.0,2021-01-24
1611532800000,12.4683,12.9238,12.023,12.1388,4088131.0,2021-01-25
1611619200000,12.132,12.6994,11.3217,12.1862,4796646.0,2021-01-26
1611705600000,12.1784,12.1888,10.7487,11.1092,4713927.0,2021-01-27
1611792000000,11.0982,12.7494,10.7474,11.9178,5206881.0,2021-01-28
1611878400000,11.915,12.6302,11.2054,11.5976,5527690.0,2021-01-29
1611964800000,11.5878,12.6498,11.2229,12.0375,4852804.0,2021-01-30
1612051200000,12.0268,15.3716,11.8195,13.4644,8791829.0,2021-01-31
1612137600000,13.477,13.5681,12.5,13.2448,5309099.0,2021-02-01
1612224000000,13.2359,13.7104,12.75,13.4628,4411499.0,2021-02-02
1612310400000,13.4573,14.9704,13.19,14.8534,5119081.0,2021-02-03
1612396800000,14.8589,15.9105,13.8453,15.29,5788645.0,2021-02-04
1612483200000,15.29,18.0348,15.1286,17.8632,5349453.0,2021-02-05
1612569600000,17.8663,18.6521,15.6618,18.119,5430834.0,2021-02-06
1612656000000,18.1152,24.4766,17.9201,23.7402,9294335.0,2021-02-07
1612742400000,23.7402,33.8769,23.5208,30.1671,9744405.0,2021-02-08
1612828800000,30.1757,33.2586,27.51,31.9082,6257202.0,2021-02-09
1612915200000,31.9082,60.6595,31.4158,54.9172,13086334.0,2021-02-10
1613001600000,54.8184,56.8888,42.5849,47.5001,8229067.0,2021-02-11
1613088000000,47.5001,54.7,43.6699,48.4247,6795565.0,2021-02-12
1613174400000,48.4208,52.26,43.4426,44.2039,5572822.0,2021-02-13
1613260800000,44.2771,45.9415,38.0,39.2,6974700.0,2021-02-14
1613347200000,39.1981,44.2897,32.0,38.1642,7917358.0,2021-02-15
1613433600000,38.1642,39.5483,35.0,36.6762,6309298.0,2021-02-16
1613520000000,36.678,41.8866,34.1,37.1984,6702587.0,2021-02-17
1613606400000,37.1821,44.0619,36.2223,41.1329,6820750.0,2021-02-18
1613692800000,41.1293,41.4999,37.5182,38.8859,5555606.0,2021-02-19
1613779200000,38.9146,43.1,31.4357,36.0081,7078919.0,2021-02-20
1613865600000,35.9943,38.1507,34.8851,36.2344,5202783.0,2021-02-21
1613952000000,36.2392,36.34,24.3366,32.2924,6749782.0,2021-02-22
1614038400000,32.1916,32.4821,22.4171,27.5483,6954447.0,2021-02-23
1614124800000,27.5565,31.98,25.1929,29.6555,6643391.0,2021-02-24
1614211200000,29.6534,32.1873,26.3417,26.7276,5966767.0,2021-02-25
1614297600000,26.685,27.993,24.8608,25.9372,5341277.0,2021-02-26
1614384000000,25.9721,27.3941,24.8742,25.677,4979058.0,2021-02-27
1614470400000,25.6585,25.8503,22.1,23.925,5169128.0,2021-02-28
1614556800000,23.9361,27.8482,23.5273,27.4816,5502307.0,2021-03-01
1614643200000,27.4891,31.856,25.866,27.1118,7963814.0,2021-03-02
1614729600000,27.1369,29.5608,26.5439,27.2227,6222627.0,2021-03-03
1614816000000,27.2197,28.8871,24.238,25.7677,6013102.0,2021-03-04
1614902400000,25.764,25.7909,23.5,24.2636,5054788.0,2021-03-05
1614988800000,24.2808,25.535,23.8451,24.9377,4506263.0,2021-03-06
1615075200000,24.9483,28.045,24.9483,26.7401,6162470.0,2021-03-07
1615161600000,26.7374,27.1676,25.168,25.63,5979402.0,2021-03-08
1615248000000,25.6374,34.85,23.8401,34.3501,13987997.0,2021-03-09
1615334400000,34.35,35.8785,28.5695,29.6156,12317101.0,2021-03-10
1615420800000,29.6292,32.9715,28.4502,30.8663,9168762.0,2021-03-11
1615507200000,30.8642,31.6879,26.73,28.0242,8288599.0,2021-03-12
1615593600000,28.0307,33.2922,26.85,30.9576,8339709.0,2021-03-13
1615680000000,30.9704,32.4159,28.8123,28.8123,7069839.0,2021-03-14
1615766400000,28.8147,30.6783,26.92,28.9611,7740086.0,2021-03-15
1615852800000,28.9484,33.3001,27.5613,33.0058,8587393.0,2021-03-16
1615939200000,33.0308,34.1075,30.684,32.7399,8022195.0,2021-03-17
1616025600000,32.7263,35.7727,31.8932,33.2432,8555360.0,2021-03-18
1616112000000,33.2499,38.5075,31.2757,37.3661,10215337.0,2021-03-19
1616198400000,37.3501,39.4065,34.2,34.231,6856902.0,2021-03-20
1616284800000,34.2453,35.4897,32.0208,32.8665,7128394.0,2021-03-21
1616371200000,32.8668,33.6978,28.2,29.193,7263467.0,2021-03-22
1616457600000,29.1945,30.9656,28.1,28.4859,6897491.0,2021-03-23
1616544000000,28.4885,30.5649,24.45,25.8228,8070606.0,2021-03-24
1616630400000,25.8078,27.5561,24.3,25.8246,7493878.0,2021-03-25
1616716800000,25.8219,28.9184,25.8074,28.2868,6606000.0,2021-03-26
1616803200000,28.2826,28.68,26.8549,27.6364,6096887.0,2021-03-27
1616889600000,27.6376,29.6279,27.25,28.7914,6298693.0,2021-03-28
1616976000000,28.7961,30.4297,28.2746,29.6,6175481.0,2021-03-29
1617062400000,29.6053,30.9199,29.045,29.6998,5593888.0,2021-03-30
1617148800000,29.6949,30.0669,25.7487,28.8004,6193299.0,2021-03-31
1617235200000,28.8117,29.4582,27.8124,28.3045,4440778.0,2021-04-01
1617321600000,28.3112,29.6847,28.0,29.1181,4511658.0,2021-04-02
1617408000000,29.1313,32.9799,27.8,28.177,9319921.0,2021-04-03
1617494400000,28.177,29.9709,27.4438,29.2138,4863746.0,2021-04-04
1617580800000,29.2263,33.1386,28.573,31.355,9313719.0,2021-04-05
1617667200000,31.355,34.6674,29.8842,31.5321,9359730.0,2021-04-06
1617753600000,31.54,32.8016,28.6,29.5754,7697716.0,2021-04-07
1617840000000,29.5689,31.7489,29.2607,30.7944,5055482.0,2021-04-08
1617926400000,30.7943,32.4921,30.3659,31.5737,5880722.0,2021-04-09
1618012800000,31.57,34.0,30.88,31.8805,8328309.0,2021-04-10
1618099200000,31.8967,32.4474,31.0168,31.6214,5405946.0,2021-04-11
1618185600000,31.6352,35.7,31.338,33.9088,9256496.0,2021-04-12
1618272000000,33.9117,35.0,31.8645,33.7292,8698978.0,2021-04-13
1618358400000,33.7431,39.4511,33.1,38.489,14743193.0,2021-04-14
1618444800000,38.4891,40.9226,36.3,37.0683,9656758.0,2021-04-15
1618531200000,37.0818,37.5902,33.0,35.5202,8541963.0,2021-04-16
1618617600000,35.5359,37.1,33.5639,33.9586,6584734.0,2021-04-17
1618704000000,33.9725,34.3897,19.6974,29.3351,13948447.0,2021-04-18
1618790400000,29.3381,30.6744,25.5276,26.1768,9588844.0,2021-04-19
1618876800000,26.1784,28.35,23.7501,27.4302,8597987.0,2021-04-20
1618963200000,27.4385,28.5385,25.7711,25.8407,7039609.0,2021-04-21
1619049600000,25.8408,27.8164,22.8922,23.97,7594666.0,2021-04-22
1619136000000,23.9752,24.7163,19.3141,23.5679,10043281.0,2021-04-23
1619222400000,23.5701,23.9365,21.4168,21.8333,6072872.0,2021-04-24
1619308800000,21.8346,23.7375,20.4168,21.6154,5432867.0,2021-04-25
1619395200000,21.6128,26.4936,21.3753,26.408,6860482.0,2021-04-26
1619481600000,26.4081,28.0106,25.7069,28.0003,5968716.0,2021-04-27
1619568000000,27.9921,29.1573,25.8558,28.2819,6238186.0,2021-04-28
1619654400000,28.2835,29.8,26.6236,27.9664,5792452.0,2021-04-29
1619740800000,27.9667,33.0517,27.51,32.8467,7196347.0,2021-04-30
1619827200000,32.845,35.7724,31.7484,31.853,7537884.0,2021-05-01
1619913600000,31.8531,32.7692,30.4231,31.2878,6214076.0,2021-05-02
1620000000000,31.2941,37.4899,31.153,35.9222,9942552.0,2021-05-03
1620086400000,35.9229,36.2525,29.8253,30.3941,9200486.0,2021-05-04
1620172800000,30.3626,35.722,29.8,35.3226,7653032.0,2021-05-05
1620259200000,35.3327,39.4696,34.51,38.103,11471931.0,2021-05-06
1620345600000,38.1073,44.0967,36.0017,37.8974,11672440.0,2021-05-07
1620432000000,37.887,39.8998,37.1307,38.4214,6948474.0,2021-05-08
1620518400000,38.429,39.4488,35.1365,39.025,6555891.0,2021-05-09
1620604800000,39.0246,41.9082,29.3968,34.6661,9552672.0,2021-05-10
1620691200000,34.6758,37.2753,32.6049,36.78,6453535.0,2021-05-11
1620777600000,36.781,41.56,31.494,32.992,9411317.0,2021-05-12
1620864000000,33.013,37.256,30.244,35.008,9262819.0,2021-05-13
1620950400000,34.996,38.058,33.264,37.017,5969040.0,2021-05-14
1621036800000,37.022,39.99,34.101,34.528,8462888.0,2021-05-15
1621123200000,34.53,39.711,32.5,36.652,8539681.0,2021-05-16
1621209600000,36.647,38.077,31.8,33.679,9263957.0,2021-05-17
1621296000000,33.655,37.731,33.262,36.966,7969948.0,2021-05-18
1621382400000,36.982,38.566,17.0,22.958,12921349.0,2021-05-19
1621468800000,22.99,28.132,20.697,25.022,10128658.0,2021-05-20
1621555200000,25.019,26.725,18.293,21.775,8176275.0,2021-05-21
1621641600000,21.775,22.129,18.211,18.746,7024210.0,2021-05-22
1621728000000,18.749,19.671,12.099,15.583,11889754.0,2021-05-23
1621814400000,15.585,20.574,15.031,19.422,9384011.0,2021-05-24
1621900800000,19.428,20.27,17.037,19.453,7023072.0,2021-05-25
1621987200000,19.46,21.442,18.925,20.816,6786259.0,2021-05-26
1622073600000,20.822,21.227,18.745,19.119,5592493.0,2021-05-27
1622160000000,19.126,19.569,16.002,16.716,6509507.0,2021-05-28
1622246400000,16.737,17.589,15.138,16.152,5562172.0,2021-05-29
1622332800000,16.16,17.437,15.068,16.497,4876360.0,2021-05-30
1622419200000,16.502,18.172,15.642,18.124,4870750.0,2021-05-31
1622505600000,18.121,18.565,17.054,17.751,4695255.0,2021-06-01
1622592000000,17.751,19.423,17.123,18.686,5264214.0,2021-06-02
1622678400000,18.686,20.697,18.22,20.262,5400006.0,2021-06-03
1622764800000,20.267,20.557,17.406,18.224,5321907.0,2021-06-04
1622851200000,18.231,19.129,16.838,17.202,5561113.0,2021-06-05
1622937600000,17.2,17.979,17.043,17.375,4187272.0,2021-06-06
1623024000000,17.372,18.052,15.276,15.52,6540528.0,2021-06-07
1623110400000,15.518,16.043,13.6,14.771,7904921.0,2021-06-08
1623196800000,14.772,15.75,13.616,15.392,7763085.0,2021-06-09
1623283200000,15.393,15.552,13.698,14.178,5946456.0,2021-06-10
1623369600000,14.181,14.599,13.117,13.405,5659381.0,2021-06-11
1623456000000,13.404,13.912,12.611,13.529,5660378.0,2021-06-12
1623542400000,13.531,14.975,13.228,14.734,6128278.0,2021-06-13
1623628800000,14.735,15.396,14.36,15.107,5056696.0,2021-06-14
1623715200000,15.107,15.572,14.59,14.716,4054737.0,2021-06-15
1623801600000,14.716,14.918,13.9,14.072,4137306.0,2021-06-16
1623888000000,14.074,15.486,14.009,14.846,5270072.0,2021-06-17
1623974400000,14.851,15.291,13.088,13.636,4614733.0,2021-06-18
1624060800000,13.633,14.037,13.191,13.365,3093684.0,2021-06-19
1624147200000,13.363,14.188,12.765,13.911,3555323.0,2021-06-20
1624233600000,13.91,14.059,11.041,11.168,6278267.0,2021-06-21
1624320000000,11.168,11.759,9.32,10.573,8320244.0,2021-06-22
1624406400000,10.573,11.795,10.117,11.449,5935411.0,2021-06-23
1624492800000,11.452,11.748,10.802,11.491,3974302.0,2021-06-24
1624579200000,11.493,11.76,10.172,10.227,4620374.0,2021-06-25
1624665600000,10.226,10.599,9.772,10.307,4169573.0,2021-06-26
1624752000000,10.306,10.978,10.07,10.949,2917659.0,2021-06-27
1624838400000,10.948,11.467,10.719,11.33,3249931.0,2021-06-28
1624924800000,11.334,12.333,11.078,11.92,4010926.0,2021-06-29
1625011200000,11.92,12.102,11.03,11.942,4300615.0,2021-06-30
1625097600000,11.943,12.083,10.961,11.184,3180876.0,2021-07-01
1625184000000,11.177,11.354,10.555,11.1,3451937.0,2021-07-02
1625270400000,11.099,11.672,10.859,11.491,2119828.0,2021-07-03
1625356800000,11.495,12.89,11.192,12.348,3495660.0,2021-07-04
1625443200000,12.349,12.436,11.51,12.028,4231827.0,2021-07-05
1625529600000,12.029,14.227,12.011,13.375,6720203.0,2021-07-06
1625616000000,13.37,14.195,13.027,13.087,5402067.0,2021-07-07
1625702400000,13.091,13.111,11.823,12.098,5145477.0,2021-07-08
1625788800000,12.098,12.865,11.613,12.556,4828743.0,2021-07-09
1625875200000,12.548,12.844,11.817,12.023,3197506.0,2021-07-10
1625961600000,12.023,12.482,11.906,12.428,2263363.0,2021-07-11
1626048000000,12.431,12.839,11.7,12.148,3615522.0,2021-07-12
1626134400000,12.145,12.435,11.737,11.907,3486683.0,2021-07-13
1626220800000,11.902,12.105,11.08,11.78,3893708.0,2021-07-14
1626307200000,11.78,12.096,11.119,11.392,3184718.0,2021-07-15
1626393600000,11.389,11.817,10.784,10.8,3504143.0,2021-07-16
1626480000000,10.799,11.133,10.697,10.954,2705455.0,2021-07-17
1626566400000,10.952,11.265,10.629,10.686,2397768.0,2021-07-18
1626652800000,10.686,10.752,10.014,10.179,2307441.0,2021-07-19
1626739200000,10.184,10.365,9.306,9.616,3153588.0,2021-07-20
1626825600000,9.619,10.746,9.454,10.436,3855871.0,2021-07-21
1626912000000,10.435,10.948,10.226,10.831,2894061.0,2021-07-22
1626998400000,10.832,11.171,10.522,11.085,2308842.0,2021-07-23
1627084800000,11.085,11.449,10.95,11.142,2594276.0,2021-07-24
1627171200000,11.144,11.331,10.755,11.242,2257979.0,2021-07-25
1627257600000,11.238,12.715,11.202,11.455,6792926.0,2021-07-26
1627344000000,11.453,12.36,11.172,11.921,3952398.0,2021-07-27
1627430400000,11.922,12.49,11.683,12.319,5003849.0,2021-07-28
1627516800000,12.329,12.653,11.961,12.432,4348093.0,2021-07-29
1627603200000,12.437,13.006,11.927,12.982,4182589.0,2021-07-30
1627689600000,12.982,13.645,12.583,13.554,3747649.0,2021-07-31
1627776000000,13.553,14.093,12.615,12.849,5104886.0,2021-08-01
1627862400000,12.846,13.381,12.624,12.995,3773287.0,2021-08-02
1627948800000,12.998,13.528,12.322,12.575,3937958.0,2021-08-03
1628035200000,12.575,13.791,12.411,13.707,3117705.0,2021-08-04
1628121600000,13.712,13.983,12.871,13.841,3954827.0,2021-08-05
1628208000000,13.841,15.078,13.403,14.784,4815812.0,2021-08-06
1628294400000,14.784,15.975,14.578,15.859,5756308.0,2021-08-07
1628380800000,15.862,16.13,14.574,14.837,4475457.0,2021-08-08
1628467200000,14.837,16.741,14.424,16.178,6806473.0,2021-08-09
1628553600000,16.183,17.204,15.812,16.449,5599526.0,2021-08-10
1628640000000,16.449,17.583,16.398,16.699,5421740.0,2021-08-11
1628726400000,16.696,17.572,15.465,16.606,5167884.0,2021-08-12
1628812800000,16.601,18.312,16.402,18.051,5170690.0,2021-08-13
1628899200000,18.052,18.46,17.188,18.116,4831822.0,2021-08-14
1628985600000,18.112,18.876,17.056,18.791,4177404.0,2021-08-15
1629072000000,18.791,21.159,18.47,19.109,8366609.0,2021-08-16
1629158400000,19.103,25.488,18.436,23.491,24242459.0,2021-08-17
1629244800000,23.502,30.902,21.45,30.034,37119073.0,2021-08-18
1629331200000,30.037,33.8,28.796,30.699,36018283.0,2021-08-19
1629417600000,30.695,39.38,30.0,39.2,26326434.0,2021-08-20
1629504000000,39.203,50.604,37.721,43.748,39107482.0,2021-08-21
1629590400000,43.768,45.11,40.559,43.788,22282892.0,2021-08-22
1629676800000,43.79,53.526,43.712,46.458,25981451.0,2021-08-23
1629763200000,46.444,59.0,44.184,55.592,36381766.0,2021-08-24
1629849600000,55.594,57.626,45.638,46.314,26608600.0,2021-08-25
1629936000000,46.301,48.519,41.008,41.35,24937492.0,2021-08-26
1630022400000,41.343,50.499,40.311,50.178,25901105.0,2021-08-27
1630108800000,50.191,51.888,46.13,50.296,17813049.0,2021-08-28
1630195200000,50.3,52.63,46.7,47.451,13386324.0,2021-08-29
1630281600000,47.453,48.415,40.989,41.476,15325174.0,2021-08-30
1630368000000,41.471,44.277,37.88,39.545,17521797.0,2021-08-31
1630454400000,39.549,45.682,38.6,42.565,19318954.0,2021-09-01
1630540800000,42.562,48.0,41.1,47.604,16712871.0,2021-09-02
1630627200000,47.616,51.841,44.5,45.96,26721522.0,2021-09-03
1630713600000,45.953,49.967,44.114,47.259,19285064.0,2021-09-04
1630800000000,47.259,49.52,45.5,48.195,16525099.0,2021-09-05
1630886400000,48.194,51.48,39.046,47.137,22375847.0,2021-09-06
1630972800000,47.136,47.26,28.872,37.976,26605478.0,2021-09-07
1631059200000,37.987,39.548,32.874,37.053,16381634.0,2021-09-08
1631145600000,37.053,44.715,36.212,40.782,21646846.0,2021-09-09
1631232000000,40.782,49.799,40.447,49.376,38583601.0,2021-09-10
1631318400000,49.374,59.175,48.147,57.108,38868669.0,2021-09-11
1631404800000,57.113,64.857,53.347,59.295,38519061.0,2021-09-12
1631491200000,59.3,60.93,47.991,53.142,39462196.0,2021-09-13
1631577600000,53.136,57.437,48.755,51.496,18661710.0,2021-09-14
1631664000000,51.491,58.209,50.283,57.903,15344885.0,2021-09-15
1631750400000,57.899,68.4,57.25,67.594,39057583.0,2021-09-16
1631836800000,67.593,70.937,60.419,70.166,28782754.0,2021-09-17
1631923200000,70.182,75.642,67.234,69.087,26155271.0,2021-09-18
1632009600000,69.085,76.333,66.537,70.076,25720225.0,2021-09-19
1632096000000,70.061,70.439,54.838,57.34,41595920.0,2021-09-20
1632182400000,57.33,66.279,52.53,59.048,44004882.0,2021-09-21
1632268800000,59.037,74.628,57.672,74.001,36682687.0,2021-09-22
1632355200000,74.001,79.6,72.807,76.446,32313709.0,2021-09-23
1632441600000,76.448,78.493,66.5,72.292,28003340.0,2021-09-24
1632528000000,72.298,72.618,67.454,68.246,13141529.0,2021-09-25
1632614400000,68.248,71.4,61.55,66.761,15757365.0,2021-09-26
1632700800000,66.756,72.78,65.337,66.323,16129878.0,2021-09-27
1632787200000,66.323,69.447,61.071,61.492,12863894.0,2021-09-28
1632873600000,61.486,69.661,61.273,65.474,18938673.0,2021-09-29
1632960000000,65.467,68.84,64.156,66.659,12539279.0,2021-09-30
1633046400000,66.661,69.59,63.1,67.687,14373509.0,2021-10-01
1633132800000,67.695,73.49,65.704,69.168,13216926.0,2021-10-02
1633219200000,69.149,71.729,67.547,68.774,10910827.0,2021-10-03
1633305600000,68.774,68.847,63.123,65.273,10768178.0,2021-10-04
1633392000000,65.275,66.857,62.637,64.674,7585804.0,2021-10-05
1633478400000,64.677,65.808,58.1,60.084,10780067.0,2021-10-06
1633564800000,60.086,62.32,57.415,61.596,11482986.0,2021-10-07
1633651200000,61.595,65.0,59.738,60.546,9520995.0,2021-10-08
1633737600000,60.556,62.109,59.702,60.715,4630538.0,2021-10-09
1633824000000,60.725,61.098,55.087,56.512,5709928.0,2021-10-10
1633910400000,56.511,59.273,53.704,55.344,7639480.0,2021-10-11
1633996800000,55.342,55.361,51.03,54.368,11337739.0,2021-10-12
1634083200000,54.361,57.12,53.237,55.035,9313262.0,2021-10-13
1634169600000,55.039,58.526,54.956,56.229,7463545.0,2021-10-14
1634256000000,56.224,57.257,54.5,56.417,7619015.0,2021-10-15
1634342400000,56.401,62.183,55.737,57.683,10801451.0,2021-10-16
1634428800000,57.671,58.599,53.2,56.116,6014299.0,2021-10-17
1634515200000,56.112,56.531,54.151,55.538,4056085.0,2021-10-18
1634601600000,55.524,58.159,55.188,56.87,5390634.0,2021-10-19
1634688000000,56.877,61.711,56.76,59.686,7037362.0,2021-10-20
1634774400000,59.684,64.464,58.789,61.518,13013798.0,2021-10-21
1634860800000,61.526,68.87,61.404,65.578,16339674.0,2021-10-22
1634947200000,65.578,69.23,64.525,65.525,8595610.0,2021-10-23
1635033600000,65.515,67.666,62.0,64.585,6024494.0,2021-10-24
1635120000000,64.585,69.95,64.4,69.793,6258663.0,2021-10-25
1635206400000,69.78,73.077,67.65,68.699,10149004.0,2021-10-26
1635292800000,68.697,69.831,56.0,61.585,11073071.0,2021-10-27
1635379200000,61.591,64.99,61.468,64.306,5358483.0,2021-10-28
1635465600000,64.316,66.242,63.441,64.924,3733289.0,2021-10-29
1635552000000,64.928,65.039,61.0,62.407,3109363.0,2021-10-30
1635638400000,62.399,64.531,60.093,64.519,3422756.0,2021-10-31
1635724800000,64.531,66.906,62.213,64.961,5498135.0,2021-11-01
1635811200000,64.978,68.088,64.351,67.826,3839197.0,2021-11-02
1635897600000,67.824,75.652,67.156,75.652,10420367.0,2021-11-03
1635984000000,75.652,81.128,74.0,78.978,11201948.0,2021-11-04
1636070400000,78.982,81.112,72.126,74.246,4915593.0,2021-11-05
1636156800000,74.244,78.799,72.381,78.791,4017506.0,2021-11-06
1636243200000,78.796,88.978,78.04,87.609,11671815.0,2021-11-07
1636329600000,87.605,97.0,83.676,91.241,15125864.0,2021-11-08
1636416000000,91.232,91.606,87.088,88.405,5451029.0,2021-11-09
1636502400000,88.421,94.206,78.07,85.189,9450691.0,2021-11-10
1636588800000,85.15,89.604,83.69,87.916,4322542.0,2021-11-11
1636675200000,87.919,89.989,81.2,84.855,4632380.0,2021-11-12
1636761600000,84.822,98.7,84.803,97.675,7291270.0,2021-11-13
1636848000000,97.677,99.967,91.765,95.406,7964799.0,2021-11-14
1636934400000,95.425,101.8,92.0,93.922,8643222.0,2021-11-15
1637020800000,93.909,101.911,82.8,97.898,14848248.0,2021-11-16
1637107200000,97.897,109.955,91.584,107.614,17121948.0,2021-11-17
1637193600000,107.626,110.42,92.0,100.605,12810228.0,2021-11-18
1637280000000,100.691,112.383,95.869,111.947,8903981.0,2021-11-19
1637366400000,111.944,129.89,111.526,125.937,11948637.0,2021-11-20
1637452800000,125.94,148.0,123.288,128.67,16692746.0,2021-11-21
1637539200000,128.686,145.1,125.911,134.884,15258876.0,2021-11-22
1637625600000,134.884,136.528,122.0,123.937,8314428.0,2021-11-23
1637712000000,123.937,124.818,112.883,115.357,9021990.0,2021-11-24
1637798400000,115.402,130.014,114.266,119.292,9591075.0,2021-11-25
1637884800000,119.283,119.964,101.32,104.376,10510205.0,2021-11-26
1637971200000,104.399,118.0,103.289,113.52,6108899.0,2021-11-27
1638057600000,113.541,113.948,100.5,110.506,7426610.0,2021-11-28
1638144000000,110.525,120.594,109.15,120.483,5900363.0,2021-11-29
1638230400000,120.489,124.95,114.002,120.421,8820315.0,2021-11-30
1638316800000,120.422,127.402,117.257,119.64,6028891.0,2021-12-01
1638403200000,119.67,119.76,107.055,107.875,5299090.0,2021-12-02
1638489600000,107.857,113.129,98.5,108.279,7660478.0,2021-12-03
1638576000000,108.276,108.75,75.0,92.986,13697207.0,2021-12-04
1638662400000,92.995,95.42,82.5,86.315,7823026.0,2021-12-05
1638748800000,86.329,94.863,77.0,92.883,12236879.0,2021-12-06
1638835200000,92.873,96.615,87.97,89.543,7043243.0,2021-12-07
1638921600000,89.539,93.193,86.118,93.188,4618995.0,2021-12-08
1639008000000,93.188,94.588,83.274,85.406,5683170.0,2021-12-09
1639094400000,85.353,91.808,80.247,80.542,7142975.0,2021-12-10
1639180800000,80.551,86.984,78.669,86.511,4966317.0,2021-12-11
1639267200000,86.511,88.886,82.908,87.914,3589389.0,2021-12-12
1639353600000,87.945,89.9,75.511,79.008,8670863.0,2021-12-13
1639440000000,78.987,87.438,76.269,87.136,6864557.0,2021-12-14
1639526400000,87.126,105.938,86.001,101.156,22881252.0,2021-12-15
1639612800000,101.146,110.024,98.074,98.318,16021863.0,2021-12-16
1639699200000,98.315,115.991,98.141,110.747,19999750.0,2021-12-17
1639785600000,110.757,117.422,105.459,115.896,10725784.0,2021-12-18
1639872000000,115.901,116.718,106.758,107.529,6777227.0,2021-12-19
1639958400000,107.556,116.368,100.957,113.515,13145775.0,2021-12-20
1640044800000,113.515,123.97,110.619,123.154,11138196.0,2021-12-21
1640131200000,123.152,127.282,115.5,116.657,7978796.0,2021-12-22
1640217600000,116.64,125.144,116.188,121.437,6714348.0,2021-12-23
1640304000000,121.446,124.581,113.082,114.877,6358427.0,2021-12-24
1640390400000,114.903,116.982,112.0,114.985,4863117.0,2021-12-25
1640476800000,115.008,117.935,109.186,115.068,5317336.0,2021-12-26
1640563200000,115.09,120.988,112.986,113.828,5272041.0,2021-12-27
1640649600000,113.813,116.789,104.27,107.002,9217470.0,2021-12-28
1640736000000,107.005,110.568,102.269,103.074,5876117.0,2021-12-29
1640822400000,103.072,105.453,98.234,101.732,5824588.0,2021-12-30
1640908800000,101.758,111.999,100.286,109.46,7191976.0,2021-12-31
1640995200000,109.441,114.533,108.475,114.107,4493438.0,2022-01-01
1641081600000,114.079,117.545,112.053,113.064,4592416.0,2022-01-02
1641168000000,113.06,114.197,105.963,108.099,5143414.0,2022-01-03
1641254400000,108.105,109.276,102.742,103.327,4895678.0,2022-01-04
1641340800000,103.351,106.624,90.0,97.358,6934786.0,2022-01-05
1641427200000,97.36,97.955,91.001,95.068,5334907.0,2022-01-06
1641513600000,95.067,95.456,84.945,86.685,7175983.0,2022-01-07
1641600000000,86.723,89.684,79.134,83.845,7215317.0,2022-01-08
1641686400000,83.835,91.765,82.39,89.32,6459154.0,2022-01-09
1641772800000,89.313,90.929,79.89,84.368,8630792.0,2022-01-10
1641859200000,84.351,90.887,83.145,89.525,4958404.0,2022-01-11
1641945600000,89.514,96.841,88.75,95.9,5749134.0,2022-01-12
1642032000000,95.902,97.25,89.063,89.686,4799998.0,2022-01-13
1642118400000,89.666,91.756,87.078,90.346,3576526.0,2022-01-14
1642204800000,90.353,94.408,89.385,92.994,2927393.0,2022-01-15
1642291200000,92.989,94.876,91.778,92.237,2782940.0,2022-01-16
1642377600000,92.25,92.525,85.247,86.653,3714396.0,2022-01-17
1642464000000,86.662,87.38,83.646,85.985,3117368.0,2022-01-18
1642550400000,85.988,86.369,81.0,82.543,3445408.0,2022-01-19
1642636800000,82.551,87.73,78.566,79.213,3783910.0,2022-01-20
1642723200000,79.213,80.342,63.821,66.027,10039322.0,2022-01-21
1642809600000,66.022,67.523,52.775,59.771,14057973.0,2022-01-22
1642896000000,59.79,66.766,58.992,64.76,9045585.0,2022-01-23
1642982400000,64.777,64.787,55.137,62.967,9578305.0,2022-01-24
1643068800000,62.946,70.49,61.544,67.94,7215697.0,2022-01-25
1643155200000,67.94,73.45,64.35,65.83,8723127.0,2022-01-26
1643241600000,65.83,67.87,61.05,64.66,7463999.0,2022-01-27
1643328000000,64.63,67.47,61.67,66.93,5282744.0,2022-01-28
1643414400000,66.93,73.69,66.79,71.87,5727988.0,2022-01-29
1643500800000,71.84,72.33,66.79,67.91,4425759.0,2022-01-30
1643587200000,67.9,70.61,64.21,69.82,5340056.0,2022-01-31
1643673600000,69.82,73.84,68.45,73.29,5488064.0,2022-02-01
1643760000000,73.31,74.85,67.38,67.78,7323277.0,2022-02-02
1643846400000,67.78,69.19,64.85,68.41,6371820.0,2022-02-03
1643932800000,68.4,78.09,67.38,77.75,7551597.0,2022-02-04
1644019200000,77.75,80.95,74.86,76.98,5340553.0,2022-02-05
1644105600000,76.98,79.21,74.06,78.9,3228651.0,2022-02-06
1644192000000,78.91,85.34,77.38,83.17,5399373.0,2022-02-07
1644278400000,83.17,95.71,81.53,86.31,15621945.0,2022-02-08
1644364800000,86.31,91.99,84.34,89.96,7081297.0,2022-02-09
1644451200000,89.98,94.99,85.04,91.15,9115014.0,2022-02-10
1644537600000,91.15,92.68,79.91,81.71,8379224.0,2022-02-11
1644624000000,81.72,84.73,78.52,81.26,7360679.0,2022-02-12
1644710400000,81.26,83.24,77.46,77.87,4452924.0,2022-02-13
1644796800000,77.88,82.52,76.03,81.81,6750960.0,2022-02-14
1644883200000,81.8,93.68,81.31,92.96,7824408.0,2022-02-15
1644969600000,92.96,97.37,91.5,95.25,13124528.0,2022-02-16
1645056000000,95.25,98.68,86.28,88.17,13456645.0,2022-02-17
1645142400000,88.21,89.94,82.25,83.62,9325218.0,2022-02-18
1645228800000,83.62,86.29,80.77,84.97,6531845.0,2022-02-19
1645315200000,84.97,85.72,76.51,77.27,8717797.0,2022-02-20
1645401600000,77.27,82.67,69.33,69.98,14696999.0,2022-02-21
1645488000000,69.97,74.92,67.11,74.36,10791512.0,2022-02-22
1645574400000,74.36,82.44,73.21,73.41,14510836.0,2022-02-23
1645660800000,73.43,79.97,64.36,76.36,24416800.0,2022-02-24
1645747200000,76.35,81.94,72.65,80.93,11398790.0,2022-02-25
1645833600000,80.94,84.92,78.0,81.77,8745565.0,2022-02-26
1645920000000,81.76,82.29,72.97,74.99,10767047.0,2022-02-27
1646006400000,75.0,85.88,71.68,84.49,11805342.0,2022-02-28
1646092800000,84.52,90.86,83.5,86.86,12681316.0,2022-03-01
1646179200000,86.86,89.98,82.21,83.29,9208805.0,2022-03-02
1646265600000,83.3,84.3,77.0,78.42,8875451.0,2022-03-03
1646352000000,78.42,82.24,74.81,75.74,12596833.0,2022-03-04
1646438400000,75.73,78.72,73.22,76.63,6602753.0,2022-03-05
1646524800000,76.63,77.08,72.02,72.45,5530697.0,2022-03-06
1646611200000,72.48,76.49,70.28,71.64,8364347.0,2022-03-07
1646697600000,71.65,76.63,71.14,72.94,9824286.0,2022-03-08
1646784000000,72.95,80.41,72.31,77.58,9223490.0,2022-03-09
1646870400000,77.57,79.02,71.34,73.89,7560257.0,2022-03-10
1646956800000,73.89,76.9,70.72,71.18,9763695.0,2022-03-11
1647043200000,71.17,73.54,70.64,70.87,3677051.0,2022-03-12
1647129600000,70.88,71.98,67.11,67.9,4420735.0,2022-03-13
1647216000000,67.88,71.48,65.48,68.92,9855309.0,2022-03-14
1647302400000,68.93,72.29,66.0,69.8,8434272.0,2022-03-15
1647388800000,69.79,74.75,68.01,74.06,8353425.0,2022-03-16
1647475200000,74.05,81.7,73.15,79.38,11278845.0,2022-03-17
1647561600000,79.37,86.94,76.45,85.72,12252638.0,2022-03-18
1647648000000,85.72,92.39,85.56,89.53,9839888.0,2022-03-19
1647734400000,89.52,90.0,84.31,84.82,7483039.0,2022-03-20
1647820800000,84.82,92.53,83.0,86.21,11860724.0,2022-03-21
1647907200000,86.2,89.82,83.57,83.89,8914347.0,2022-03-22
1647993600000,83.89,87.09,82.0,85.94,8282180.0,2022-03-23
1648080000000,85.94,88.28,83.56,87.55,8361900.0,2022-03-24
1648166400000,87.56,87.79,82.25,83.48,7023416.0,2022-03-25
1648252800000,83.49,86.75,82.37,85.85,4597794.0,2022-03-26
1648339200000,85.86,90.05,84.32,89.89,5100834.0,2022-03-27
1648425600000,89.9,96.18,88.58,89.56,10993147.0,2022-03-28
1648512000000,89.56,96.5,89.27,92.74,9995186.0,2022-03-29
1648598400000,92.76,100.59,89.4,95.57,12021267.0,2022-03-30
1648684800000,95.6,102.0,93.71,97.46,13515249.0,2022-03-31
1648771200000,97.46,99.78,90.22,96.82,10906107.0,2022-04-01
1648857600000,96.81,103.66,95.68,96.22,9663024.0,2022-04-02
1648944000000,96.23,100.11,94.38,98.05,7615805.0,2022-04-03
1649030400000,98.03,98.11,90.65,96.13,7635277.0,2022-04-04
1649116800000,96.13,97.68,90.57,90.98,6499483.0,2022-04-05
1649203200000,91.01,91.04,82.52,82.89,10690659.0,2022-04-06
1649289600000,82.88,88.57,81.15,87.53,9371877.0,2022-04-07
1649376000000,87.53,90.61,82.66,83.62,10483952.0,2022-04-08
1649462400000,83.61,85.53,82.03,84.49,4277124.0,2022-04-09
1649548800000,84.5,85.63,80.55,80.94,3877070.0,2022-04-10
1649635200000,80.94,81.48,72.62,74.28,10247073.0,2022-04-11
1649721600000,74.28,79.45,73.79,76.27,7979310.0,2022-04-12
1649808000000,76.27,80.64,75.72,80.15,7002629.0,2022-04-13
1649894400000,80.16,81.85,76.09,76.79,6885591.0,2022-04-14
1649980800000,76.8,78.49,74.69,77.38,4840663.0,2022-04-15
1650067200000,77.39,78.24,76.44,77.73,2827076.0,2022-04-16
1650153600000,77.73,78.69,75.04,75.37,3197180.0,2022-04-17
1650240000000,75.36,77.93,71.52,77.7,6586289.0,2022-04-18
1650326400000,77.7,81.05,76.75,80.26,5248902.0,2022-04-19
1650412800000,80.26,81.31,77.34,78.18,5433671.0,2022-04-20
1650499200000,78.18,80.14,74.01,74.95,5822480.0,2022-04-21
1650585600000,74.95,77.16,73.26,73.98,4773165.0,2022-04-22
1650672000000,73.98,74.38,72.33,72.78,2797471.0,2022-04-23
1650758400000,72.79,73.45,70.89,71.44,2968640.0,2022-04-24
1650844800000,71.45,72.97,67.29,72.85,7477964.0,2022-04-25
1650931200000,72.85,73.15,67.45,68.65,5961194.0,2022-04-26
1651017600000,68.64,71.96,68.24,69.81,5882438.0,2022-04-27
1651104000000,69.81,70.72,66.52,67.2,6082530.0,2022-04-28
1651190400000,67.21,67.96,62.09,63.36,6178302.0,2022-04-29
1651276800000,63.36,64.64,54.88,56.91,8144552.0,2022-04-30
1651363200000,56.9,61.11,56.21,58.7,9309303.0,2022-05-01
1651449600000,58.69,62.41,56.68,60.32,12364685.0,2022-05-02
1651536000000,60.31,62.5,58.07,59.58,7346588.0,2022-05-03
1651622400000,59.58,67.63,59.24,67.24,9506059.0,2022-05-04
1651708800000,67.24,69.45,56.4,58.99,13440037.0,2022-05-05
1651795200000,58.98,59.35,55.03,56.95,11057498.0,2022-05-06
1651881600000,56.95,57.49,53.06,55.02,7380042.0,2022-05-07
1651968000000,55.02,55.47,50.57,51.59,10972576.0,2022-05-08
1652054400000,51.59,53.05,41.01,41.17,21693058.0,2022-05-09
1652140800000,41.17,50.32,39.9,44.53,23712550.0,2022-05-10
1652227200000,44.53,46.24,26.0,31.1,55600793.0,2022-05-11
1652313600000,31.11,33.95,23.35,30.3,44175287.0,2022-05-12
1652400000000,30.3,37.98,29.5,32.18,24331889.0,2022-05-13
1652486400000,32.18,34.33,29.25,33.91,13791527.0,2022-05-14
1652572800000,33.92,37.1,31.84,36.52,13277122.0,2022-05-15
1652659200000,36.51,36.53,31.37,32.52,18107439.0,2022-05-16
1652745600000,32.53,35.78,32.16,34.37,13834768.0,2022-05-17
1652832000000,34.37,35.15,29.33,29.57,16518378.0,2022-05-18
1652918400000,29.57,31.92,27.45,30.36,28102383.0,2022-05-19
1653004800000,30.36,31.95,27.77,28.76,26085871.0,2022-05-20
1653091200000,28.75,30.59,28.14,29.87,12509985.0,2022-05-21
1653177600000,29.87,32.72,28.94,31.69,18744750.0,2022-05-22
1653264000000,31.69,33.08,28.5,29.04,24921900.0,2022-05-23
1653350400000,29.04,29.64,26.83,29.05,21248315.0,2022-05-24
1653436800000,29.04,29.71,27.08,27.22,19579147.0,2022-05-25
1653523200000,27.22,28.0,22.72,23.4,37499990.0,2022-05-26
1653609600000,23.4,23.86,21.33,22.55,48838732.0,2022-05-27
1653696000000,22.55,25.7,22.16,24.74,34139376.0,2022-05-28
1653782400000,24.74,27.0,23.7,26.14,39203552.0,2022-05-29
1653868800000,26.15,28.47,25.3,27.68,38842914.0,2022-05-30
1653955200000,27.68,29.11,25.52,26.41,35630986.0,2022-05-31
1654041600000,26.41,27.04,23.16,23.68,34101263.0,2022-06-01
1654128000000,23.67,24.88,22.65,24.62,27960530.0,2022-06-02
1654214400000,24.63,24.68,22.45,22.98,23351098.0,2022-06-03
1654300800000,22.98,24.66,22.1,24.56,19268635.0,2022-06-04
1654387200000,24.55,25.2,23.91,24.16,25045512.0,2022-06-05
1654473600000,24.17,27.77,24.02,25.97,35419793.0,2022-06-06
1654560000000,25.98,26.19,23.09,24.58,44421419.0,2022-06-07
1654646400000,24.58,25.44,23.71,24.49,19562401.0,2022-06-08
1654732800000,24.5,25.38,23.7,24.41,15879885.0,2022-06-09
1654819200000,24.41,24.85,21.88,22.06,20278284.0,2022-06-10
1654905600000,22.06,23.0,19.62,19.89,26960534.0,2022-06-11
1654992000000,19.89,20.14,17.21,17.27,42739823.0,2022-06-12
1655078400000,17.26,17.49,14.56,16.1,76732476.0,2022-06-13
1655164800000,16.09,17.28,14.64,16.53,54923056.0,2022-06-14
1655251200000,16.54,18.47,14.52,18.28,59837886.0,2022-06-15
1655337600000,18.28,18.7,15.49,15.78,35625646.0,2022-06-16
1655424000000,15.78,16.72,15.46,15.97,23815610.0,2022-06-17
1655510400000,15.97,16.3,13.76,14.81,32217501.0,2022-06-18
1655596800000,14.81,16.42,13.71,16.16,30773238.0,2022-06-19
1655683200000,16.16,17.86,15.31,17.09,32887131.0,2022-06-20
1655769600000,17.09,18.49,16.61,16.89,25691993.0,2022-06-21
1655856000000,16.9,17.4,15.95,16.07,24408833.0,2022-06-22
1655942400000,16.06,18.4,16.01,18.27,28747696.0,2022-06-23
1656028800000,18.27,20.94,17.96,20.48,32440058.0,2022-06-24
1656115200000,20.47,21.68,19.85,21.35,24896644.0,2022-06-25
1656201600000,21.35,22.07,19.58,19.72,23896761.0,2022-06-26
1656288000000,19.72,21.39,19.15,19.33,24768911.0,2022-06-27
1656374400000,19.33,20.52,17.96,18.1,30703565.0,2022-06-28
1656460800000,18.1,18.67,17.15,17.78,29903633.0,2022-06-29
1656547200000,17.79,17.8,15.74,16.97,36000221.0,2022-06-30
1656633600000,16.97,17.65,15.77,16.11,35023693.0,2022-07-01
1656720000000,16.11,16.61,15.93,16.31,18476640.0,2022-07-02
1656806400000,16.31,16.91,15.81,16.63,16727587.0,2022-07-03
1656892800000,16.62,18.06,16.28,17.91,26119840.0,2022-07-04
1656979200000,17.91,18.65,16.64,18.01,30228899.0,2022-07-05
1657065600000,18.02,19.48,17.76,19.16,32381248.0,2022-07-06
1657152000000,19.17,20.61,18.81,20.18,26979301.0,2022-07-07
1657238400000,20.17,21.15,19.4,19.69,28475086.0,2022-07-08
1657324800000,19.69,20.26,19.55,19.87,12075489.0,2022-07-09
1657411200000,19.87,19.97,18.72,19.14,13632081.0,2022-07-10
1657497600000,19.14,19.16,17.3,17.32,17428775.0,2022-07-11
1657584000000,17.33,18.05,16.69,16.74,21508844.0,2022-07-12
1657670400000,16.73,18.94,16.32,18.82,33871100.0,2022-07-13
1657756800000,18.81,19.98,17.77,19.75,26278717.0,2022-07-14
1657843200000,19.76,20.31,19.07,19.35,21602750.0,2022-07-15
1657929600000,19.34,21.5,18.68,21.25,23117679.0,2022-07-16
1658016000000,21.24,22.1,20.55,20.61,21953194.0,2022-07-17
1658102400000,20.62,24.37,20.57,23.96,36270755.0,2022-07-18
1658188800000,23.95,26.3,23.03,24.71,34627636.0,2022-07-19
1658275200000,24.7,26.38,23.38,23.59,28390426.0,2022-07-20
1658361600000,23.58,25.45,22.63,24.99,25555452.0,2022-07-21
1658448000000,24.99,25.55,23.57,23.61,18681924.0,2022-07-22
1658534400000,23.61,24.65,22.81,23.58,14344468.0,2022-07-23
1658620800000,23.58,24.48,23.21,23.77,11496921.0,2022-07-24
1658707200000,23.78,23.84,20.86,20.9,19223954.0,2022-07-25
1658793600000,20.9,20.97,19.53,20.69,17320396.0,2022-07-26
1658880000000,20.68,23.49,20.19,23.39,23378768.0,2022-07-27
1658966400000,23.38,24.7,22.4,24.19,24423044.0,2022-07-28
1659052800000,24.18,25.38,23.45,24.47,23335675.0,2022-07-29
1659139200000,24.48,25.83,23.88,24.22,16930173.0,2022-07-30
1659225600000,24.23,25.24,23.51,23.69,12511259.0,2022-07-31
1659312000000,23.68,24.32,22.94,23.57,12638153.0,2022-08-01
1659398400000,23.56,23.97,22.21,22.81,15096241.0,2022-08-02
1659484800000,22.82,24.19,22.25,23.02,12313154.0,2022-08-03
1659571200000,23.03,24.01,22.85,23.35,11803152.0,2022-08-04
1659657600000,23.36,24.99,23.08,24.95,13225341.0,2022-08-05
1659744000000,24.96,26.98,24.71,26.64,18880754.0,2022-08-06
1659830400000,26.64,28.5,25.81,27.87,24293768.0,2022-08-07
1659916800000,27.88,30.89,27.56,27.91,29861307.0,2022-08-08
1660003200000,27.92,28.79,26.9,27.39,24615010.0,2022-08-09
1660089600000,27.4,30.29,26.58,29.16,28743547.0,2022-08-10
1660176000000,29.16,30.1,28.22,28.51,19942879.0,2022-08-11
1660262400000,28.52,29.44,28.04,29.32,13602229.0,2022-08-12
1660348800000,29.33,30.37,28.84,29.15,12795862.0,2022-08-13
1660435200000,29.16,29.84,27.81,28.17,11757636.0,2022-08-14
1660521600000,28.17,29.28,27.03,27.87,15505829.0,2022-08-15
1660608000000,27.87,28.41,26.9,27.09,12726948.0,2022-08-16
1660694400000,27.1,28.21,25.23,25.54,16951543.0,2022-08-17
1660780800000,25.55,26.27,23.74,24.18,14281074.0,2022-08-18
1660867200000,24.18,24.41,21.0,22.42,27604264.0,2022-08-19
1660953600000,22.43,23.07,21.6,22.28,16633291.0,2022-08-20
1661040000000,22.28,23.57,22.12,22.95,13949758.0,2022-08-21
1661126400000,22.96,22.99,21.61,22.55,15368084.0,2022-08-22
1661212800000,22.54,23.74,21.8,23.5,16826927.0,2022-08-23
1661299200000,23.51,23.63,22.78,22.99,12200863.0,2022-08-24
1661385600000,22.98,23.65,22.63,22.97,10425613.0,2022-08-25
1661472000000,22.98,23.22,20.3,20.64,24382459.0,2022-08-26
1661558400000,20.63,20.87,19.76,20.03,16918309.0,2022-08-27
1661644800000,20.03,20.45,18.04,18.51,23043273.0,2022-08-28
1661731200000,18.51,19.46,17.46,19.3,43178165.0,2022-08-29
1661817600000,19.3,20.64,18.85,19.39,42062036.0,2022-08-30
1661904000000,19.39,20.07,18.96,19.12,25222196.0,2022-08-31
1661990400000,19.12,19.46,18.31,19.31,17947035.0,2022-09-01
1662076800000,19.3,19.65,18.65,18.83,15980709.0,2022-09-02
1662163200000,18.84,18.99,18.54,18.87,8288770.0,2022-09-03
1662249600000,18.87,19.15,18.7,19.0,10369557.0,2022-09-04
1662336000000,19.0,19.49,18.39,19.44,12580908.0,2022-09-05
1662422400000,19.43,20.49,18.11,18.19,29720397.0,2022-09-06
1662508800000,18.19,19.29,17.8,18.99,17849852.0,2022-09-07
1662595200000,18.98,19.16,18.38,19.13,16072233.0,2022-09-08
1662681600000,19.12,20.83,19.09,20.38,17717511.0,2022-09-09
1662768000000,20.38,21.18,20.02,20.43,14537659.0,2022-09-10
1662854400000,20.43,20.95,19.93,20.67,11665778.0,2022-09-11
1662940800000,20.67,21.89,20.04,21.36,27407501.0,2022-09-12
1663027200000,21.35,21.79,18.73,18.83,24877004.0,2022-09-13
1663113600000,18.84,19.3,18.42,19.1,14299065.0,2022-09-14
1663200000000,19.1,19.36,18.06,18.18,17142579.0,2022-09-15
1663286400000,18.19,18.3,17.54,18.04,14414608.0,2022-09-16
1663372800000,18.03,18.57,18.03,18.46,7567860.0,2022-09-17
1663459200000,18.46,18.74,16.05,16.69,17437712.0,2022-09-18
1663545600000,16.69,17.36,16.36,17.26,14436079.0,2022-09-19
1663632000000,17.25,17.4,16.55,16.65,12254629.0,2022-09-20
1663718400000,16.65,17.93,16.16,16.51,17824638.0,2022-09-21
1663804800000,16.51,17.87,16.37,17.66,14242931.0,2022-09-22
1663891200000,17.66,18.23,17.12,17.96,15847746.0,2022-09-23
1663977600000,17.95,18.19,17.53,17.59,7589632.0,2022-09-24
1664064000000,17.59,17.87,17.11,17.31,6498087.0,2022-09-25
1664150400000,17.31,17.58,16.95,17.56,10367210.0,2022-09-26
1664236800000,17.56,18.47,17.02,17.29,14922234.0,2022-09-27
1664323200000,17.29,17.44,16.72,17.25,11377069.0,2022-09-28
1664409600000,17.26,17.39,16.86,17.33,9396144.0,2022-09-29
1664496000000,17.33,17.73,17.0,17.18,11916652.0,2022-09-30
1664582400000,17.19,17.3,16.85,16.95,5067033.0,2022-10-01
1664668800000,16.95,17.16,16.42,16.52,7545935.0,2022-10-02
1664755200000,16.52,17.3,16.31,17.14,9940807.0,2022-10-03
1664841600000,17.14,17.54,17.05,17.43,7555966.0,2022-10-04
1664928000000,17.43,17.47,16.93,17.37,7248333.0,2022-10-05
1665014400000,17.37,17.67,16.96,17.02,7439717.0,2022-10-06
1665100800000,17.02,17.15,16.7,16.89,5705028.0,2022-10-07
1665187200000,16.88,16.99,16.6,16.76,2786587.0,2022-10-08
1665273600000,16.76,16.99,16.69,16.88,3130043.0,2022-10-09
1665360000000,16.88,17.24,16.12,16.19,7040563.0,2022-10-10
1665446400000,16.2,16.31,15.54,15.94,8918422.0,2022-10-11
1665532800000,15.94,16.15,15.8,15.94,4651136.0,2022-10-12
1665619200000,15.94,15.98,14.31,15.64,17650411.0,2022-10-13
1665705600000,15.64,16.4,15.53,15.66,10602602.0,2022-10-14
1665792000000,15.66,15.76,15.34,15.42,4340742.0,2022-10-15
1665878400000,15.42,15.87,15.39,15.73,4887079.0,2022-10-16
1665964800000,15.74,16.27,15.63,16.16,7999575.0,2022-10-17
1666051200000,16.17,16.35,15.56,15.86,9526721.0,2022-10-18
1666137600000,15.86,15.92,14.98,15.04,9906623.0,2022-10-19
1666224000000,15.05,15.44,14.85,15.13,11100067.0,2022-10-20
1666310400000,15.13,15.74,14.55,15.67,15057806.0,2022-10-21
1666396800000,15.67,15.93,15.5,15.66,6145205.0,2022-10-22
1666483200000,15.67,16.42,15.58,16.31,8793172.0,2022-10-23
1666569600000,16.3,16.49,15.62,15.74,8997621.0,2022-10-24
1666656000000,15.74,17.1,15.57,16.621,17354847.0,2022-10-25
1666742400000,16.621,17.349,16.62,16.992,19109883.0,2022-10-26
1666828800000,16.992,17.5,16.81,16.878,15911910.0,2022-10-27
1666915200000,16.88,18.39,16.708,18.32,19297432.0,2022-10-28
1667001600000,18.32,18.888,18.151,18.28,13323988.0,2022-10-29
1667088000000,18.28,18.824,17.906,18.241,10500702.0,2022-10-30
1667174400000,18.241,19.798,18.17,19.266,18183891.0,2022-10-31
1667260800000,19.263,19.528,18.563,18.614,11315151.0,2022-11-01
1667347200000,18.614,18.758,17.406,17.902,15628660.0,2022-11-02
1667433600000,17.902,18.867,17.788,18.022,9628523.0,2022-11-03
1667520000000,18.023,19.689,17.863,19.375,13878226.0,2022-11-04
1667606400000,19.372,20.6,19.18,19.593,13049016.0,2022-11-05
1667692800000,19.595,19.747,18.181,18.219,8190842.0,2022-11-06
1667779200000,18.219,18.847,17.646,18.065,11665576.0,2022-11-07
1667865600000,18.064,18.142,14.639,15.994,30566195.0,2022-11-08
1667952000000,15.995,16.14,11.916,12.858,30964288.0,2022-11-09
1668038400000,12.859,15.941,12.611,15.403,21110706.0,2022-11-10
1668124800000,15.407,15.45,13.56,14.12,14073079.0,2022-11-11
1668211200000,14.123,14.138,12.872,13.086,8524335.0,2022-11-12
1668297600000,13.085,13.35,12.612,13.011,8580820.0,2022-11-13
1668384000000,13.01,13.594,12.028,13.127,15466655.0,2022-11-14
1668470400000,13.126,13.996,12.994,13.505,12013627.0,2022-11-15
1668556800000,13.505,13.712,12.78,13.04,10231276.0,2022-11-16
1668643200000,13.041,13.34,12.645,12.859,11775785.0,2022-11-17
1668729600000,12.858,13.284,12.845,12.986,9252730.0,2022-11-18
1668816000000,12.987,12.988,12.477,12.88,6870343.0,2022-11-19
1668902400000,12.88,13.133,12.039,12.177,9448486.0,2022-11-20
1668988800000,12.177,12.188,11.53,11.806,16414181.0,2022-11-21
1669075200000,11.806,12.386,11.417,12.341,14803290.0,2022-11-22
1669161600000,12.343,13.053,12.331,13.049,11971433.0,2022-11-23
1669248000000,13.049,13.392,12.75,12.939,8769377.0,2022-11-24
1669334400000,12.94,13.027,12.51,12.813,6940344.0,2022-11-25
1669420800000,12.815,13.23,12.605,12.762,6700629.0,2022-11-26
1669507200000,12.763,13.25,12.677,12.855,6400430.0,2022-11-27
1669593600000,12.856,12.981,11.93,12.441,12625163.0,2022-11-28
1669680000000,12.44,12.723,12.266,12.456,9130689.0,2022-11-29
1669766400000,12.457,13.189,12.452,13.131,11929834.0,2022-11-30
1669852800000,13.133,13.312,12.779,12.896,8320546.0,2022-12-01
1669939200000,12.896,13.657,12.772,13.574,13112620.0,2022-12-02
1670025600000,13.575,13.9,13.276,13.403,12166958.0,2022-12-03
1670112000000,13.403,13.94,13.39,13.919,8673906.0,2022-12-04
1670198400000,13.918,14.347,13.4,13.599,12712608.0,2022-12-05
1670284800000,13.595,13.687,13.426,13.662,6656691.0,2022-12-06
1670371200000,13.661,13.693,12.979,13.259,8474060.0,2022-12-07
1670457600000,13.258,13.514,13.045,13.405,7117950.0,2022-12-08
1670544000000,13.405,13.616,13.346,13.451,6096527.0,2022-12-09
1670630400000,13.452,13.6,13.33,13.478,3720961.0,2022-12-10
1670716800000,13.479,13.496,12.9,12.972,4639128.0,2022-12-11
1670803200000,12.97,13.052,12.442,12.996,7127081.0,2022-12-12
1670889600000,12.997,14.434,12.548,13.75,14885231.0,2022-12-13
1670976000000,13.75,14.185,13.542,13.71,11595636.0,2022-12-14
1671062400000,13.711,13.895,13.061,13.17,8992973.0,2022-12-15
1671148800000,13.17,13.29,11.57,11.828,11331395.0,2022-12-16
1671235200000,11.829,11.99,11.509,11.943,7046832.0,2022-12-17
1671321600000,11.942,12.024,11.775,11.92,4382410.0,2022-12-18
1671408000000,11.92,12.093,11.106,11.383,8574856.0,2022-12-19
1671494400000,11.381,12.046,11.318,11.939,7167359.0,2022-12-20
1671580800000,11.939,11.985,11.613,11.698,4945043.0,2022-12-21
1671667200000,11.697,11.872,11.44,11.847,6262988.0,2022-12-22
1671753600000,11.848,11.883,11.615,11.775,4680491.0,2022-12-23
1671840000000,11.776,11.826,11.631,11.67,2797499.0,2022-12-24
1671926400000,11.67,11.728,11.495,11.673,4919982.0,2022-12-25
1672012800000,11.674,11.77,11.558,11.707,5173285.0,2022-12-26
1672099200000,11.709,11.798,11.522,11.641,5656282.0,2022-12-27
1672185600000,11.642,11.672,11.07,11.204,8326516.0,2022-12-28
1672272000000,11.205,11.222,10.591,10.967,8972066.0,2022-12-29
1672358400000,10.967,10.975,10.533,10.869,8744838.0,2022-12-30
1672444800000,10.869,11.074,10.833,10.903,3842406.0,2022-12-31
1672531200000,10.903,10.931,10.64,10.86,5018608.0,2023-01-01
1672617600000,10.86,11.301,10.695,11.162,7273047.0,2023-01-02
1672704000000,11.162,11.551,11.058,11.377,9414472.0,2023-01-03
1672790400000,11.377,12.286,11.34,12.072,13388138.0,2023-01-04
1672876800000,12.073,12.173,11.645,11.743,7667661.0,2023-01-05
1672963200000,11.743,11.818,11.305,11.772,8712708.0,2023-01-06
1673049600000,11.773,11.866,11.644,11.74,3627746.0,2023-01-07
1673136000000,11.74,12.15,11.577,12.086,6077837.0,2023-01-08
1673222400000,12.087,12.651,12.07,12.178,16270797.0,2023-01-09
1673308800000,12.179,12.95,12.006,12.73,13233505.0,2023-01-10
1673395200000,12.729,16.056,12.239,15.838,65331543.0,2023-01-11
1673481600000,15.841,16.534,14.444,15.446,90427380.0,2023-01-12
1673568000000,15.446,16.6,14.947,15.956,39796025.0,2023-01-13
1673654400000,15.956,18.58,15.71,16.941,44385276.0,2023-01-14
1673740800000,16.945,17.1,16.02,16.817,21824230.0,2023-01-15
1673827200000,16.817,17.372,16.0,16.762,18232649.0,2023-01-16
1673913600000,16.762,18.23,16.521,17.131,24743800.0,2023-01-17
1674000000000,17.132,17.42,15.373,15.823,21772695.0,2023-01-18
1674086400000,15.819,16.314,15.708,16.179,12314993.0,2023-01-19
1674172800000,16.178,17.579,15.854,17.496,15871739.0,2023-01-20
1674259200000,17.496,17.769,16.7,16.887,15285839.0,2023-01-21
1674345600000,16.886,18.49,16.799,17.35,19034747.0,2023-01-22
1674432000000,17.35,18.35,17.21,17.998,16535461.0,2023-01-23
1674518400000,17.999,18.994,16.73,16.995,17220827.0,2023-01-24
1674604800000,16.996,18.28,16.504,17.8,15364321.0,2023-01-25
1674691200000,17.803,18.81,17.765,18.1,16458951.0,2023-01-26
1674777600000,18.101,21.691,17.45,21.221,25724624.0,2023-01-27
1674864000000,21.221,21.83,20.035,20.539,31232587.0,2023-01-28
1674950400000,20.54,21.177,20.135,20.99,14907717.0,2023-01-29
1675036800000,20.996,21.326,19.298,19.75,25246533.0,2023-01-30
1675123200000,19.748,20.206,19.31,19.807,12896507.0,2023-01-31
1675209600000,19.807,21.062,18.7,20.966,18525766.0,2023-02-01
1675296000000,20.968,22.799,20.806,21.218,30988408.0,2023-02-02
1675382400000,21.219,21.947,20.68,21.375,14695535.0,2023-02-03
1675468800000,21.377,21.7,20.812,21.032,8183414.0,2023-02-04
1675555200000,21.031,21.155,19.702,20.089,9974481.0,2023-02-05
1675641600000,20.087,20.437,19.4,19.574,9092228.0,2023-02-06
1675728000000,19.576,20.99,19.516,20.851,12143723.0,2023-02-07
1675814400000,20.851,21.046,19.623,20.11,10308852.0,2023-02-08
1675900800000,20.107,20.252,17.367,17.891,17543601.0,2023-02-09
1675987200000,17.892,18.237,17.452,17.769,11707194.0,2023-02-10
1676073600000,17.769,18.101,17.639,17.995,5906383.0,2023-02-11
1676160000000,17.995,18.475,17.5,17.766,9658550.0,2023-02-12
1676246400000,17.768,17.848,16.821,17.616,15043555.0,2023-02-13
1676332800000,17.615,18.29,17.09,18.141,14466469.0,2023-02-14
1676419200000,18.141,19.964,17.9,19.957,13717544.0,2023-02-15
1676505600000,19.957,20.4,18.552,18.595,19292003.0,2023-02-16
1676592000000,18.594,19.64,18.475,19.456,13272133.0,2023-02-17
1676678400000,19.456,20.108,19.3,19.56,9524716.0,2023-02-18
1676764800000,19.56,20.434,19.241,19.83,13658641.0,2023-02-19
1676851200000,19.829,21.387,19.0,20.847,21663923.0,2023-02-20
1676937600000,20.848,21.689,19.901,20.995,24028843.0,2023-02-21
1677024000000,20.996,21.59,19.572,20.311,29041328.0,2023-02-22
1677110400000,20.312,20.749,19.514,19.718,12442768.0,2023-02-23
1677196800000,19.718,19.837,18.017,18.38,13663831.0,2023-02-24
1677283200000,18.38,18.594,17.409,17.931,10704339.0,2023-02-25
1677369600000,17.93,18.564,17.808,18.421,6612132.0,2023-02-26
1677456000000,18.421,18.642,17.7,17.917,9437737.0,2023-02-27
1677542400000,17.918,17.939,16.9,17.08,11979915.0,2023-02-28
1677628800000,17.081,17.829,16.964,17.765,9418222.0,2023-03-01
1677715200000,17.766,17.858,17.102,17.464,7901360.0,2023-03-02
1677801600000,17.464,17.478,15.625,16.655,11759856.0,2023-03-03
1677888000000,16.656,16.9,15.718,16.134,9000238.0,2023-03-04
1677974400000,16.133,16.511,16.05,16.138,6960992.0,2023-03-05
1678060800000,16.137,16.711,15.807,16.505,11270767.0,2023-03-06
1678147200000,16.505,16.74,15.84,16.165,11635312.0,2023-03-07
1678233600000,16.162,16.252,14.957,15.102,14035874.0,2023-03-08
1678320000000,15.101,15.684,14.166,14.401,17274620.0,2023-03-09
1678406400000,14.402,15.18,13.864,14.782,22608989.0,2023-03-10
1678492800000,14.783,15.173,13.901,14.509,16676055.0,2023-03-11
1678579200000,14.508,16.4,14.191,16.176,15918244.0,2023-03-12
1678665600000,16.175,16.776,15.446,16.461,18965766.0,2023-03-13
1678752000000,16.462,17.932,16.08,17.148,23559727.0,2023-03-14
1678838400000,17.147,17.44,15.311,15.55,22822017.0,2023-03-15
1678924800000,15.551,16.081,15.224,15.819,16257337.0,2023-03-16
1679011200000,15.818,17.78,15.617,17.648,18962761.0,2023-03-17
1679097600000,17.647,18.303,16.825,16.99,16002001.0,2023-03-18
1679184000000,16.988,18.084,16.97,17.533,13159099.0,2023-03-19
1679270400000,17.535,17.789,16.518,16.631,15017065.0,2023-03-20
1679356800000,16.63,17.555,16.32,17.434,13074272.0,2023-03-21
1679443200000,17.436,17.927,16.252,16.735,17175203.0,2023-03-22
1679529600000,16.736,17.868,16.555,17.536,11642162.0,2023-03-23
1679616000000,17.536,17.648,16.65,16.952,9078153.0,2023-03-24
1679702400000,16.952,17.149,16.37,16.882,6305424.0,2023-03-25
1679788800000,16.883,17.279,16.851,17.101,6495999.0,2023-03-26
1679875200000,17.1,17.143,16.035,16.479,8789146.0,2023-03-27
1679961600000,16.478,16.843,16.28,16.708,8776034.0,2023-03-28
1680048000000,16.708,17.412,16.651,17.31,8478188.0,2023-03-29
1680134400000,17.31,17.561,16.863,17.228,11392143.0,2023-03-30
1680220800000,17.228,17.834,17.058,17.7,10525687.0,2023-03-31
1680307200000,17.7,17.891,17.53,17.788,4814362.0,2023-04-01
1680393600000,17.788,17.849,17.05,17.239,5521429.0,2023-04-02
1680480000000,17.239,17.45,16.614,17.095,9202421.0,2023-04-03
1680566400000,17.094,17.669,16.958,17.652,6444264.0,2023-04-04
1680652800000,17.652,18.387,17.601,17.99,11224595.0,2023-04-05
1680739200000,17.99,18.33,17.625,17.958,8452766.0,2023-04-06
1680825600000,17.959,18.135,17.4,17.594,5464778.0,2023-04-07
1680912000000,17.593,17.734,17.311,17.445,3351598.0,2023-04-08
1680998400000,17.446,17.639,17.234,17.527,3807670.0,2023-04-09
1681084800000,17.526,17.97,17.329,17.934,5396047.0,2023-04-10
1681171200000,17.935,18.625,17.865,18.135,8422116.0,2023-04-11
1681257600000,18.135,18.714,17.663,18.256,13902118.0,2023-04-12
1681344000000,18.256,19.088,18.109,18.835,10983244.0,2023-04-13
1681430400000,18.835,19.343,18.45,19.226,11087955.0,2023-04-14
1681516800000,19.228,19.55,19.0,19.102,7681404.0,2023-04-15
1681603200000,19.102,20.5,18.842,20.188,12135537.0,2023-04-16
1681689600000,20.187,21.313,19.93,20.54,24955516.0,2023-04-17
1681776000000,20.541,21.589,20.25,21.211,14515245.0,2023-04-18
1681862400000,21.211,21.217,18.316,18.98,17915229.0,2023-04-19
1681948800000,18.978,19.435,18.0,18.3,13874411.0,2023-04-20
1682035200000,18.299,18.511,16.5,16.922,14775037.0,2023-04-21
1682121600000,16.92,17.347,16.806,17.206,7580253.0,2023-04-22
1682208000000,17.207,17.249,16.422,16.832,7496818.0,2023-04-23
1682294400000,16.832,17.245,16.528,16.913,9334793.0,2023-04-24
1682380800000,16.913,17.765,16.729,17.619,11753312.0,2023-04-25
1682467200000,17.619,18.235,16.18,17.167,14881319.0,2023-04-26
1682553600000,17.168,17.919,17.096,17.712,11061058.0,2023-04-27
1682640000000,17.71,17.805,17.201,17.54,6688849.0,2023-04-28
1682726400000,17.54,17.72,17.27,17.48,4603194.0,2023-04-29
1682812800000,17.48,17.844,17.041,17.083,6558284.0,2023-04-30
1682899200000,17.083,17.213,16.505,16.638,7481359.0,2023-05-01
1682985600000,16.638,16.964,16.47,16.839,6428506.0,2023-05-02
1683072000000,16.84,17.374,16.383,17.208,11139587.0,2023-05-03
1683158400000,17.208,17.262,16.765,16.91,7167309.0,2023-05-04
1683244800000,16.91,17.413,16.703,17.368,9879487.0,2023-05-05
1683331200000,17.368,17.5,16.42,16.572,8629324.0,2023-05-06
1683417600000,16.572,16.717,16.237,16.402,5761724.0,2023-05-07
1683504000000,16.404,16.494,14.866,15.396,13605472.0,2023-05-08
1683590400000,15.396,15.563,15.207,15.305,6187145.0,2023-05-09
1683676800000,15.306,15.722,14.639,15.505,12146157.0,2023-05-10
1683763200000,15.505,15.524,14.75,14.946,9872856.0,2023-05-11
1683849600000,14.946,15.208,14.496,15.18,9218559.0,2023-05-12
1683936000000,15.18,15.2,14.886,14.909,4182915.0,2023-05-13
1684022400000,14.909,15.139,14.776,15.015,4223795.0,2023-05-14
1684108800000,15.014,15.349,14.79,15.076,8040464.0,2023-05-15
1684195200000,15.078,15.151,14.722,14.896,7199892.0,2023-05-16
1684281600000,14.897,15.293,14.607,15.169,9951312.0,2023-05-17
1684368000000,15.169,15.188,14.36,14.678,9320621.0,2023-05-18
1684454400000,14.678,14.85,14.546,14.672,6312088.0,2023-05-19
1684540800000,14.672,14.696,14.519,14.619,3658695.0,2023-05-20
1684627200000,14.62,14.69,14.106,14.305,5251428.0,2023-05-21
1684713600000,14.305,14.8,14.063,14.671,9017300.0,2023-05-22
1684800000000,14.672,14.963,14.592,14.715,6948523.0,2023-05-23
1684886400000,14.715,14.718,13.981,14.132,8967640.0,2023-05-24
1684972800000,14.132,14.263,13.644,14.078,8642765.0,2023-05-25
1685059200000,14.078,14.392,13.953,14.326,7483405.0,2023-05-26
1685145600000,14.326,14.62,14.258,14.558,4978387.0,2023-05-27
1685232000000,14.556,15.056,14.221,14.901,10880879.0,2023-05-28
1685318400000,14.901,14.98,14.352,14.467,7026982.0,2023-05-29
1685404800000,14.467,14.728,14.355,14.436,6295652.0,2023-05-30
1685491200000,14.436,14.461,13.938,14.099,7309833.0,2023-05-31
1685577600000,14.099,14.297,13.807,14.081,5916439.0,2023-06-01
1685664000000,14.081,14.566,13.956,14.488,6373263.0,2023-06-02
1685750400000,14.488,14.592,14.386,14.575,3221738.0,2023-06-03
1685836800000,14.575,14.935,14.514,14.782,4704496.0,2023-06-04
1685923200000,14.782,14.902,13.38,13.864,12769552.0,2023-06-05
1686009600000,13.864,14.675,13.804,14.621,9308224.0,2023-06-06
1686096000000,14.62,14.704,13.944,14.014,8182156.0,2023-06-07
1686182400000,14.015,14.1,13.774,13.916,5785901.0,2023-06-08
1686268800000,13.916,14.252,13.699,13.75,7980610.0,2023-06-09
1686355200000,13.75,13.76,9.658,11.634,31601631.0,2023-06-10
1686441600000,11.635,11.8,11.407,11.565,9065330.0,2023-06-11
1686528000000,11.566,11.603,11.154,11.507,9995468.0,2023-06-12
1686614400000,11.507,12.07,11.418,11.786,10679034.0,2023-06-13
1686700800000,11.786,11.954,11.155,11.37,10165541.0,2023-06-14
1686787200000,11.371,11.56,11.018,11.395,10876528.0,2023-06-15
1686873600000,11.396,11.725,11.18,11.54,7259344.0,2023-06-16
1686960000000,11.54,11.838,11.459,11.616,5622151.0,2023-06-17
1687046400000,11.616,11.622,11.225,11.328,7103407.0,2023-06-18
1687132800000,11.328,11.515,11.127,11.466,7111566.0,2023-06-19
1687219200000,11.465,12.123,11.164,12.116,9880939.0,2023-06-20
1687305600000,12.117,13.037,12.058,12.89,14171075.0,2023-06-21
1687392000000,12.89,13.229,12.557,12.65,11108883.0,2023-06-22
1687478400000,12.651,13.514,12.613,13.28,10213999.0,2023-06-23
1687564800000,13.282,13.394,12.703,13.01,7571041.0,2023-06-24
1687651200000,13.01,13.678,12.959,13.429,7818328.0,2023-06-25
1687737600000,13.429,13.69,12.908,13.149,10563829.0,2023-06-26
1687824000000,13.148,13.469,13.085,13.191,7262099.0,2023-06-27
1687910400000,13.191,13.211,12.056,12.337,11381954.0,2023-06-28
1687996800000,12.336,12.955,12.256,12.664,9730710.0,2023-06-29
1688083200000,12.666,13.33,12.1,13.024,14407210.0,2023-06-30
1688169600000,13.025,13.158,12.826,12.993,6420089.0,2023-07-01
1688256000000,12.994,13.216,12.7,13.12,8768782.0,2023-07-02
1688342400000,13.12,13.591,13.062,13.248,10309866.0,2023-07-03
1688428800000,13.248,13.413,12.993,13.036,10283375.0,2023-07-04
1688515200000,13.037,13.154,12.436,12.658,9689863.0,2023-07-05
1688601600000,12.659,13.114,12.223,12.349,12511207.0,2023-07-06
1688688000000,12.348,12.749,12.18,12.729,8173479.0,2023-07-07
1688774400000,12.73,13.886,12.717,13.633,27810593.0,2023-07-08
1688860800000,13.633,14.2,13.561,13.583,22996540.0,2023-07-09
1688947200000,13.582,13.843,13.156,13.378,17313166.0,2023-07-10
1689033600000,13.377,13.683,13.146,13.257,10665685.0,2023-07-11
1689120000000,13.257,13.371,12.839,13.008,10556167.0,2023-07-12
1689206400000,13.008,14.205,12.881,14.116,21068020.0,2023-07-13
1689292800000,14.117,15.999,14.0,14.64,45179174.0,2023-07-14
1689379200000,14.64,15.349,14.409,14.847,15420972.0,2023-07-15
1689465600000,14.846,14.932,14.146,14.28,11686119.0,2023-07-16
1689552000000,14.281,14.618,13.783,14.392,13914855.0,2023-07-17
1689638400000,14.392,14.579,13.52,13.801,12446514.0,2023-07-18
1689724800000,13.801,14.271,13.751,13.988,11045666.0,2023-07-19
1689811200000,13.988,14.42,13.628,13.86,11822858.0,2023-07-20
1689897600000,13.861,14.065,13.716,13.975,8083707.0,2023-07-21
1689984000000,13.975,14.055,13.25,13.513,6976474.0,2023-07-22
1690070400000,13.513,13.747,13.383,13.533,5588289.0,2023-07-23
1690156800000,13.531,13.594,12.644,13.099,11296474.0,2023-07-24
1690243200000,13.099,13.6,13.029,13.329,11862932.0,2023-07-25
1690329600000,13.329,13.461,13.071,13.255,10321892.0,2023-07-26
1690416000000,13.256,13.421,13.011,13.147,6981578.0,2023-07-27
1690502400000,13.148,13.291,13.002,13.219,5122563.0,2023-07-28
1690588800000,13.22,13.291,13.141,13.229,2899319.0,2023-07-29
1690675200000,13.228,13.405,12.88,13.122,7106796.0,2023-07-30
1690761600000,13.121,13.277,12.67,12.806,8444046.0,2023-07-31
1690848000000,12.807,12.902,12.32,12.882,10330132.0,2023-08-01
1690934400000,12.881,12.957,12.4,12.536,7943923.0,2023-08-02
1691020800000,12.535,12.637,12.351,12.436,7520478.0,2023-08-03
1691107200000,12.435,12.608,12.227,12.399,6330298.0,2023-08-04
1691193600000,12.4,12.452,12.273,12.44,3473904.0,2023-08-05
1691280000000,12.441,12.664,12.413,12.593,4392245.0,2023-08-06
1691366400000,12.592,12.759,12.175,12.465,7925370.0,2023-08-07
1691452800000,12.464,12.85,12.375,12.684,7681887.0,2023-08-08
1691539200000,12.684,12.8,12.484,12.627,5764552.0,2023-08-09
1691625600000,12.626,12.663,12.463,12.48,5348876.0,2023-08-10
1691712000000,12.479,12.547,12.346,12.442,4139292.0,2023-08-11
1691798400000,12.441,12.486,12.342,12.387,2547765.0,2023-08-12
1691884800000,12.387,12.422,12.181,12.266,3848177.0,2023-08-13
1691971200000,12.265,12.456,12.152,12.365,5498285.0,2023-08-14
1692057600000,12.366,12.376,11.24,11.822,8013762.0,2023-08-15
1692144000000,11.823,11.859,11.03,11.376,10146329.0,2023-08-16
1692230400000,11.376,11.5,9.6,10.569,14256808.0,2023-08-17
1692316800000,10.568,10.996,10.525,10.799,10395534.0,2023-08-18
1692403200000,10.798,10.888,10.556,10.809,5332745.0,2023-08-19
1692489600000,10.809,10.918,10.729,10.855,3555567.0,2023-08-20
1692576000000,10.856,10.87,10.123,10.346,9377777.0,2023-08-21
1692662400000,10.347,10.374,9.69,10.136,15139960.0,2023-08-22
1692748800000,10.135,10.473,10.047,10.325,10771942.0,2023-08-23
1692835200000,10.324,10.35,9.961,10.11,9706706.0,2023-08-24
1692921600000,10.11,10.128,9.871,10.043,10300142.0,2023-08-25
1693008000000,10.042,10.127,10.001,10.087,3921927.0,2023-08-26
1693094400000,10.087,10.272,10.062,10.196,5662733.0,2023-08-27
1693180800000,10.195,10.442,9.906,10.366,12086627.0,2023-08-28
1693267200000,10.365,11.215,10.316,10.804,23277976.0,2023-08-29
1693353600000,10.805,10.823,10.326,10.399,8955239.0,2023-08-30
1693440000000,10.4,10.546,9.776,9.979,12258904.0,2023-08-31
1693526400000,9.979,10.058,9.739,9.919,7708245.0,2023-09-01
1693612800000,9.919,9.962,9.75,9.905,4424589.0,2023-09-02
1693699200000,9.906,9.988,9.815,9.868,3660626.0,2023-09-03
1693785600000,9.869,10.043,9.669,9.805,6519665.0,2023-09-04
1693872000000,9.805,9.963,9.629,9.907,5835187.0,2023-09-05
1693958400000,9.908,10.054,9.741,9.94,6051444.0,2023-09-06
1694044800000,9.939,10.137,9.827,10.089,5182303.0,2023-09-07
1694131200000,10.088,10.153,9.82,9.919,5029264.0,2023-09-08
1694217600000,9.919,9.919,9.824,9.83,2188739.0,2023-09-09
1694304000000,9.829,9.833,9.159,9.457,11766509.0,2023-09-10
1694390400000,9.457,9.507,8.986,9.227,11341307.0,2023-09-11
1694476800000,9.228,9.602,9.183,9.206,9821148.0,2023-09-12
1694563200000,9.206,9.451,9.096,9.283,9236855.0,2023-09-13
1694649600000,9.283,9.472,9.246,9.394,6577955.0,2023-09-14
1694736000000,9.394,9.525,9.166,9.422,7216461.0,2023-09-15
1694822400000,9.422,9.611,9.352,9.373,6625770.0,2023-09-16
1694908800000,9.374,9.376,8.978,9.091,7731421.0,2023-09-17
1694995200000,9.091,9.31,8.801,9.099,12284238.0,2023-09-18
1695081600000,9.098,9.306,9.031,9.205,8866181.0,2023-09-19
1695168000000,9.205,9.23,8.818,9.04,11067096.0,2023-09-20
1695254400000,9.041,9.105,8.754,8.818,10787514.0,2023-09-21
1695340800000,8.818,8.922,8.7,8.857,6695661.0,2023-09-22
1695427200000,8.857,8.98,8.817,8.899,5587172.0,2023-09-23
1695513600000,8.899,9.04,8.71,8.775,7991010.0,2023-09-24
1695600000000,8.774,8.958,8.606,8.944,8810840.0,2023-09-25
1695686400000,8.944,9.067,8.843,9.039,7558344.0,2023-09-26
1695772800000,9.039,9.188,8.81,8.926,10707205.0,2023-09-27
1695859200000,8.925,9.348,8.904,9.262,10083877.0,2023-09-28
1695945600000,9.263,9.365,9.066,9.167,8878187.0,2023-09-29
1696032000000,9.168,9.292,9.111,9.236,5284715.0,2023-09-30
1696118400000,9.237,9.827,9.209,9.75,12085199.0,2023-10-01
1696204800000,9.749,9.832,9.145,9.312,12464863.0,2023-10-02
1696291200000,9.313,9.481,9.22,9.409,9347305.0,2023-10-03
1696377600000,9.409,10.32,9.06,10.092,44754377.0,2023-10-04
1696464000000,10.093,10.344,9.812,10.126,40209555.0,2023-10-05
1696550400000,10.126,10.835,10.116,10.649,37838858.0,2023-10-06
1696636800000,10.649,11.882,10.24,10.342,70233571.0,2023-10-07
1696723200000,10.343,10.527,9.946,10.079,23773529.0,2023-10-08
1696809600000,10.079,10.081,9.246,9.535,25775476.0,2023-10-09
1696896000000,9.534,9.845,9.411,9.518,20219753.0,2023-10-10
1696982400000,9.518,9.568,9.195,9.296,17913284.0,2023-10-11
1697068800000,9.297,9.316,8.875,9.108,15784727.0,2023-10-12
1697155200000,9.107,9.342,9.022,9.146,11631583.0,2023-10-13
1697241600000,9.146,9.247,9.105,9.141,5581023.0,2023-10-14
1697328000000,9.14,9.262,9.065,9.173,8162808.0,2023-10-15
1697414400000,9.173,9.824,9.156,9.391,20095705.0,2023-10-16
1697500800000,9.391,9.399,8.981,9.101,11831380.0,2023-10-17
1697587200000,9.101,9.204,8.831,8.901,10507026.0,2023-10-18
1697673600000,8.902,9.112,8.633,9.059,12029068.0,2023-10-19
1697760000000,9.06,9.384,9.0,9.213,12833281.0,2023-10-20
1697846400000,9.212,9.806,9.165,9.63,16194578.0,2023-10-21
1697932800000,9.63,10.08,9.528,10.079,20685405.0,2023-10-22
1698019200000,10.079,10.684,9.852,10.588,27960368.0,2023-10-23
1698105600000,10.587,10.808,9.976,10.323,26452141.0,2023-10-24
1698192000000,10.322,10.642,10.163,10.528,17843019.0,2023-10-25
1698278400000,10.528,11.469,10.273,11.051,35918995.0,2023-10-26
1698364800000,11.052,11.067,10.259,10.596,18013652.0,2023-10-27
1698451200000,10.596,11.088,10.555,10.975,13451928.0,2023-10-28
1698537600000,10.975,11.44,10.79,11.38,14058101.0,2023-10-29
1698624000000,11.38,11.705,11.064,11.469,16116830.0,2023-10-30
1698710400000,11.47,11.768,10.977,11.328,18976975.0,2023-10-31
1698796800000,11.327,12.364,10.876,12.239,27065841.0,2023-11-01
1698883200000,12.238,12.556,11.43,11.884,25021999.0,2023-11-02
1698969600000,11.887,12.199,11.417,12.121,15111512.0,2023-11-03
1699056000000,12.12,12.336,11.924,12.227,9658678.0,2023-11-04
1699142400000,12.227,12.693,12.077,12.36,13627960.0,2023-11-05
1699228800000,12.36,13.177,12.211,13.085,16139636.0,2023-11-06
1699315200000,13.086,13.115,12.291,12.813,15550561.0,2023-11-07
1699401600000,12.814,13.169,12.661,12.994,10599733.0,2023-11-08
1699488000000,12.993,13.987,11.627,12.972,27466152.0,2023-11-09
1699574400000,12.972,14.873,12.869,14.76,31421393.0,2023-11-10
1699660800000,14.761,17.026,14.002,16.808,40882851.0,2023-11-11
1699747200000,16.808,19.775,15.89,18.98,59530121.0,2023-11-12
1699833600000,18.984,19.778,16.109,16.122,40376851.0,2023-11-13
1699920000000,16.121,18.11,15.555,17.053,45628510.0,2023-11-14
1700006400000,17.054,20.97,17.01,20.708,57429154.0,2023-11-15
1700092800000,20.704,24.12,20.263,21.719,94664586.0,2023-11-16
1700179200000,21.717,24.68,20.001,21.928,81777427.0,2023-11-17
1700265600000,21.928,22.7,20.174,21.999,41250312.0,2023-11-18
1700352000000,21.999,23.05,20.763,22.862,32192114.0,2023-11-19
1700438400000,22.861,23.277,20.709,20.851,33839279.0,2023-11-20
1700524800000,20.851,22.309,18.93,19.032,57825291.0,2023-11-21
1700611200000,19.027,21.251,18.977,20.788,29129923.0,2023-11-22
1700697600000,20.788,21.489,20.42,20.644,19933657.0,2023-11-23
1700784000000,20.645,21.88,20.457,20.887,23327408.0,2023-11-24
1700870400000,20.887,21.495,20.63,21.378,12371801.0,2023-11-25
1700956800000,21.378,21.546,20.041,21.081,17793630.0,2023-11-26
1701043200000,21.082,21.315,19.8,20.361,17445244.0,2023-11-27
1701129600000,20.362,20.87,19.498,20.699,19234826.0,2023-11-28
1701216000000,20.699,21.576,20.558,21.125,20237984.0,2023-11-29
1701302400000,21.126,21.525,20.818,21.409,14842584.0,2023-11-30
1701388800000,21.409,22.646,21.114,21.875,21389489.0,2023-12-01
1701475200000,21.874,22.472,21.758,22.252,11262769.0,2023-12-02
1701561600000,22.252,22.77,21.551,21.957,11788335.0,2023-12-03
1701648000000,21.958,23.231,20.253,22.709,26349820.0,2023-12-04
1701734400000,22.703,24.86,21.813,24.557,28659775.0,2023-12-05
1701820800000,24.557,27.74,24.472,26.238,43538730.0,2023-12-06
1701907200000,26.237,27.954,25.747,26.28,34151461.0,2023-12-07
1701993600000,26.28,30.825,26.035,30.466,33404387.0,2023-12-08
1702080000000,30.467,34.324,30.458,31.94,48787215.0,2023-12-09
1702166400000,31.94,38.061,31.55,37.199,43131764.0,2023-12-10
1702252800000,37.198,39.465,31.626,38.055,80046023.0,2023-12-11
1702339200000,38.056,42.939,36.045,37.518,53358416.0,2023-12-12
1702425600000,37.518,41.5,34.07,39.021,55610384.0,2023-12-13
1702512000000,39.022,40.346,36.1,39.295,31258433.0,2023-12-14
1702598400000,39.292,42.353,38.509,39.749,37563005.0,2023-12-15
1702684800000,39.749,45.418,38.475,42.22,37652218.0,2023-12-16
1702771200000,42.217,44.061,40.28,40.627,24198238.0,2023-12-17
1702857600000,40.63,41.437,36.53,41.13,32225904.0,2023-12-18
1702944000000,41.132,42.217,38.751,39.74,23348506.0,2023-12-19
1703030400000,39.744,44.556,39.067,43.473,26597982.0,2023-12-20
1703116800000,43.474,47.545,43.11,46.02,27128188.0,2023-12-21
1703203200000,46.023,48.988,43.716,45.363,24083886.0,2023-12-22
1703289600000,45.363,48.356,43.334,48.106,17701762.0,2023-12-23
1703376000000,48.106,50.04,46.28,47.723,23147043.0,2023-12-24
1703462400000,47.721,49.0,46.0,48.231,15995806.0,2023-12-25
1703548800000,48.234,48.42,40.387,44.415,19537028.0,2023-12-26
1703635200000,44.413,44.97,41.931,42.457,14711864.0,2023-12-27
1703721600000,42.459,43.461,39.3,39.841,16597868.0,2023-12-28
1703808000000,39.842,42.187,38.515,40.204,17179373.0,2023-12-29
1703894400000,40.203,40.412,38.189,39.379,9905727.0,2023-12-30
1703980800000,39.379,40.6,37.461,38.589,9416286.0,2023-12-31
1704067200000,38.59,42.063,38.076,41.979,10053059.0,2024-01-01
1704153600000,41.979,43.499,40.306,40.654,13770212.0,2024-01-02
1704240000000,40.655,41.471,32.0,36.768,23253678.0,2024-01-03
1704326400000,36.771,39.451,36.051,38.705,13261499.0,2024-01-04
1704412800000,38.705,38.918,34.883,36.459,14275518.0,2024-01-05
1704499200000,36.458,36.507,33.432,34.616,10713602.0,2024-01-06
1704585600000,34.616,35.773,33.032,33.633,11628274.0,2024-01-07
1704672000000,33.635,36.439,31.145,36.07,22044838.0,2024-01-08
1704758400000,36.073,37.597,33.768,34.64,19931770.0,2024-01-09
1704844800000,34.638,39.532,33.282,38.547,17377159.0,2024-01-10
1704931200000,38.547,41.752,37.518,39.31,19331237.0,2024-01-11
1705017600000,39.31,39.597,34.1,35.929,14784011.0,2024-01-12
1705104000000,35.931,36.636,34.714,36.476,7865260.0,2024-01-13
1705190400000,36.478,37.874,35.27,35.283,11352420.0,2024-01-14
1705276800000,35.287,36.823,35.132,35.602,8170648.0,2024-01-15
1705363200000,35.602,36.559,34.77,35.567,9198700.0,2024-01-16
1705449600000,35.568,36.531,35.241,36.063,11299435.0,2024-01-17
1705536000000,36.064,36.202,32.714,33.587,11339379.0,2024-01-18
1705622400000,33.587,33.752,31.189,32.723,12045007.0,2024-01-19
1705708800000,32.723,32.999,32.027,32.882,6889041.0,2024-01-20
1705795200000,32.881,33.5,32.444,32.534,6446611.0,2024-01-21
1705881600000,32.535,32.741,29.311,29.535,16320108.0,2024-01-22
1705968000000,29.535,30.703,27.205,30.608,21774772.0,2024-01-23
1706054400000,30.609,31.89,29.492,31.179,16966478.0,2024-01-24
1706140800000,31.18,31.346,29.604,30.51,11259704.0,2024-01-25
1706227200000,30.511,33.095,30.111,32.249,12514512.0,2024-01-26
1706313600000,32.249,33.306,31.848,33.256,7064118.0,2024-01-27
1706400000000,33.256,36.709,33.184,34.82,21624313.0,2024-01-28
1706486400000,34.815,36.55,34.323,36.042,14988116.0,2024-01-29
1706572800000,36.041,37.141,35.0,35.214,12880825.0,2024-01-30
1706659200000,35.214,35.489,33.131,33.172,12343294.0,2024-01-31
1706745600000,33.173,33.957,32.221,33.841,9900201.0,2024-02-01
1706832000000,33.842,36.953,33.734,36.761,14323394.0,2024-02-02
1706918400000,36.76,37.618,35.396,35.952,8552399.0,2024-02-03
1707004800000,35.95,36.549,34.636,34.853,7002890.0,2024-02-04
1707091200000,34.854,35.896,34.103,34.53,8309539.0,2024-02-05
1707177600000,34.529,34.737,33.698,34.146,6601210.0,2024-02-06
1707264000000,34.145,35.52,33.616,35.295,8083022.0,2024-02-07
1707350400000,35.294,36.144,35.074,35.422,7358490.0,2024-02-08
1707436800000,35.421,38.618,35.396,38.009,12375414.0,2024-02-09
1707523200000,38.009,41.23,38.007,40.199,12999933.0,2024-02-10
1707609600000,40.199,41.201,39.365,39.73,8721765.0,2024-02-11
1707696000000,39.73,41.242,38.36,41.002,13196017.0,2024-02-12
1707782400000,41.002,41.728,38.864,39.756,11988360.0,2024-02-13
1707868800000,39.755,42.464,39.144,42.253,13215979.0,2024-02-14
1707955200000,42.254,43.7,40.901,41.575,14212706.0,2024-02-15
1708041600000,41.575,41.831,39.391,40.276,9961786.0,2024-02-16
1708128000000,40.276,40.51,38.395,39.782,7347438.0,2024-02-17
1708214400000,39.781,40.793,38.98,40.318,7189759.0,2024-02-18
1708300800000,40.318,40.676,39.095,39.54,9719316.0,2024-02-19
1708387200000,39.541,39.757,36.626,38.523,12478147.0,2024-02-20
1708473600000,38.528,38.577,35.903,37.622,9619153.0,2024-02-21
1708560000000,37.622,38.24,36.531,36.801,8516121.0,2024-02-22
1708646400000,36.8,36.988,35.151,35.943,9909784.0,2024-02-23
1708732800000,35.944,36.984,35.22,36.783,6095658.0,2024-02-24
1708819200000,36.783,37.525,36.438,37.495,6309179.0,2024-02-25
1708905600000,37.495,39.402,36.301,39.338,10611512.0,2024-02-26
1708992000000,39.338,40.02,38.34,39.288,8843062.0,2024-02-27
1709078400000,39.291,41.454,35.346,40.373,18578801.0,2024-02-28
1709164800000,40.373,44.752,39.645,40.997,19326706.0,2024-02-29
1709251200000,40.998,43.432,40.998,42.727,11737935.0,2024-03-01
1709337600000,42.727,44.723,42.02,44.436,10465590.0,2024-03-02
1709424000000,44.43,44.965,40.02,42.647,10951180.0,2024-03-03
1709510400000,42.647,44.096,41.444,43.121,13945661.0,2024-03-04
1709596800000,43.119,45.364,33.793,39.437,28661475.0,2024-03-05
1709683200000,39.436,42.196,37.93,41.598,13968526.0,2024-03-06
1709769600000,41.597,44.6,41.596,43.26,14724823.0,2024-03-07
1709856000000,43.261,44.046,41.107,42.666,10774258.0,2024-03-08
1709942400000,42.665,43.61,42.379,42.973,6133807.0,2024-03-09
1710028800000,42.975,43.994,40.869,42.084,7800623.0,2024-03-10
1710115200000,42.084,49.65,40.0,49.194,24446435.0,2024-03-11
1710201600000,49.179,57.434,46.441,55.555,38413484.0,2024-03-12
1710288000000,55.559,55.609,52.241,54.854,17834681.0,2024-03-13
1710374400000,54.853,59.369,50.522,54.016,24229074.0,2024-03-14
1710460800000,54.019,59.0,48.33,58.457,37817150.0,2024-03-15
1710547200000,58.456,61.515,52.002,53.478,29138568.0,2024-03-16
1710633600000,53.479,58.59,50.107,58.494,20097251.0,2024-03-17
1710720000000,58.49,65.48,55.31,60.696,34473149.0,2024-03-18
1710806400000,60.693,62.0,53.224,53.664,38485866.0,2024-03-19
1710892800000,53.664,58.199,50.445,57.077,28981515.0,2024-03-20
1710979200000,57.077,57.934,52.811,53.86,17504650.0,2024-03-21
1711065600000,53.86,57.804,51.638,53.456,18519604.0,2024-03-22
1711152000000,53.456,56.048,52.65,53.482,9826291.0,2024-03-23
1711238400000,53.483,55.871,52.45,55.733,8117121.0,2024-03-24
1711324800000,55.734,59.249,55.0,57.809,11079739.0,2024-03-25
1711411200000,57.807,59.341,55.402,55.826,9908722.0,2024-03-26
1711497600000,55.827,56.791,53.012,54.146,9740581.0,2024-03-27
1711584000000,54.146,55.112,53.219,54.684,5445014.0,2024-03-28
1711670400000,54.683,54.731,52.57,53.385,5844174.0,2024-03-29
1711756800000,53.391,54.703,52.801,52.98,5034048.0,2024-03-30
1711843200000,52.98,54.361,52.923,54.134,4217732.0,2024-03-31
1711929600000,54.135,54.209,50.239,51.434,10803726.0,2024-04-01
1712016000000,51.435,51.44,46.0,46.904,12741616.0,2024-04-02
1712102400000,46.902,48.342,44.997,45.914,9555335.0,2024-04-03
1712188800000,45.913,48.219,45.454,46.534,7306905.0,2024-04-04
1712275200000,46.534,46.627,44.0,45.337,7165951.0,2024-04-05
1712361600000,45.338,48.88,45.074,48.209,7113150.0,2024-04-06
1712448000000,48.21,49.523,47.906,49.347,4931918.0,2024-04-07
1712534400000,49.348,50.85,48.264,49.906,6814799.0,2024-04-08
1712620800000,49.906,50.013,46.373,46.5,7184694.0,2024-04-09
1712707200000,46.5,48.05,45.1,47.334,9125992.0,2024-04-10
1712793600000,47.334,47.547,45.618,46.064,5634743.0,2024-04-11
1712880000000,46.061,46.919,32.53,39.331,14664868.0,2024-04-12
1712966400000,39.331,39.343,28.53,33.89,26421034.0,2024-04-13
1713052800000,33.89,37.905,32.632,37.248,19885293.0,2024-04-14
1713139200000,37.248,38.582,34.079,35.136,15884104.0,2024-04-15
1713225600000,35.137,35.882,32.666,34.734,13997638.0,2024-04-16
1713312000000,34.733,35.35,32.209,33.55,13016128.0,2024-04-17
1713398400000,33.55,35.595,32.754,34.831,10801955.0,2024-04-18
1713484800000,34.831,36.134,31.887,34.651,12139430.0,2024-04-19
1713571200000,34.651,38.469,34.1,38.289,7409099.0,2024-04-20
1713657600000,38.289,38.75,36.33,37.114,6342142.0,2024-04-21
1713744000000,37.115,39.701,36.736,39.155,7992547.0,2024-04-22
1713830400000,39.155,39.89,37.95,38.284,5961552.0,2024-04-23
1713916800000,38.284,39.827,36.0,36.352,8794222.0,2024-04-24
1714003200000,36.352,36.733,34.686,35.56,7860584.0,2024-04-25
1714089600000,35.56,35.855,34.242,34.41,6550424.0,2024-04-26
1714176000000,34.41,35.12,33.0,34.449,6547061.0,2024-04-27
1714262400000,34.449,35.376,33.773,33.941,4942436.0,2024-04-28
1714348800000,33.941,35.879,32.809,35.271,9691190.0,2024-04-29
1714435200000,35.271,35.708,31.82,32.68,11191592.0,2024-04-30
1714521600000,32.68,33.936,30.561,33.308,11338381.0,2024-05-01
1714608000000,33.308,34.111,32.277,33.562,6605101.0,2024-05-02
1714694400000,33.562,35.917,33.274,35.529,5756198.0,2024-05-03
1714780800000,35.528,37.666,35.159,37.329,6268726.0,2024-05-04
1714867200000,37.329,37.985,36.642,37.33,6709532.0,2024-05-05
1714953600000,37.33,39.864,36.754,37.1,9249023.0,2024-05-06
1715040000000,37.099,37.594,35.24,35.295,6534550.0,2024-05-07
1715126400000,35.294,35.486,33.615,33.994,7251177.0,2024-05-08
1715212800000,33.994,35.364,33.711,35.043,5419782.0,2024-05-09
1715299200000,35.043,36.099,33.209,33.698,7432293.0,2024-05-10
1715385600000,33.699,34.041,33.026,33.482,4147716.0,2024-05-11
1715472000000,33.482,34.008,32.763,33.114,3285242.0,2024-05-12
1715558400000,33.114,33.805,31.9,32.443,7348389.0,2024-05-13
1715644800000,32.443,33.335,31.463,31.572,6989136.0,2024-05-14
1715731200000,31.572,34.787,31.333,34.658,7417778.0,2024-05-15
1715817600000,34.657,35.011,33.722,34.449,5430937.0,2024-05-16
1715904000000,34.449,37.59,34.248,36.41,7783872.0,2024-05-17
1715990400000,36.41,37.64,36.324,37.222,5149697.0,2024-05-18
1716076800000,37.222,37.741,35.347,35.58,5064740.0,2024-05-19
1716163200000,35.578,40.29,35.121,40.12,9647127.0,2024-05-20
1716249600000,40.119,41.435,39.639,41.224,10083277.0,2024-05-21
1716336000000,41.223,41.843,39.2,40.037,7644166.0,2024-05-22
1716422400000,40.037,40.504,36.0,38.524,10581808.0,2024-05-23
1716508800000,38.523,39.012,36.873,38.014,5416627.0,2024-05-24
1716595200000,38.013,38.725,37.709,38.289,2960160.0,2024-05-25
1716681600000,38.289,38.314,36.465,36.76,3760719.0,2024-05-26
1716768000000,36.76,38.988,36.657,38.286,4962501.0,2024-05-27
1716854400000,38.286,38.442,36.541,37.047,6228532.0,2024-05-28
1716940800000,37.046,37.529,36.15,36.208,5427007.0,2024-05-29
1717027200000,36.211,37.12,35.315,35.995,6040357.0,2024-05-30
1717113600000,35.995,36.819,35.219,36.05,4607773.0,2024-05-31
1717200000000,36.049,36.261,35.71,35.781,2361592.0,2024-06-01
1717286400000,35.781,36.22,34.778,34.937,4434608.0,2024-06-02
1717372800000,34.936,36.303,34.575,35.048,5835065.0,2024-06-03
1717459200000,35.049,36.31,34.45,36.095,5418668.0,2024-06-04
1717545600000,36.096,36.937,35.95,36.597,4542001.0,2024-06-05
1717632000000,36.597,37.237,35.725,35.917,4229936.0,2024-06-06
1717718400000,35.917,36.928,30.7,33.515,10876771.0,2024-06-07
1717804800000,33.515,33.73,31.916,32.262,4715828.0,2024-06-08
1717891200000,32.263,33.01,32.023,32.977,2827194.0,2024-06-09
1717977600000,32.977,33.467,32.01,32.279,5212925.0,2024-06-10
1718064000000,32.279,32.389,30.586,31.546,7818513.0,2024-06-11
1718150400000,31.546,34.0,30.787,33.279,7892074.0,2024-06-12
1718236800000,33.278,33.451,30.902,30.994,6682441.0,2024-06-13
1718323200000,30.995,32.238,29.272,30.275,8978331.0,2024-06-14
1718409600000,30.275,30.635,29.893,29.994,3453794.0,2024-06-15
1718496000000,29.994,30.467,29.654,30.06,4657598.0,2024-06-16
1718582400000,30.061,30.335,27.127,28.45,9975875.0,2024-06-17
1718668800000,28.45,28.541,24.5,26.582,14359986.0,2024-06-18
1718755200000,26.585,27.654,26.375,26.927,6113880.0,2024-06-19
1718841600000,26.928,28.87,26.66,27.57,8645667.0,2024-06-20
1718928000000,27.571,28.016,26.915,27.47,6948550.0,2024-06-21
1719014400000,27.47,27.498,24.509,25.603,14956809.0,2024-06-22
1719100800000,25.603,26.0,24.1,25.069,13529628.0,2024-06-23
1719187200000,25.069,25.241,23.436,24.768,15163288.0,2024-06-24
1719273600000,24.778,25.775,24.594,25.391,6966005.0,2024-06-25
1719360000000,25.39,26.643,25.267,25.807,10785697.0,2024-06-26
1719446400000,25.808,28.363,25.339,27.904,11539547.0,2024-06-27
1719532800000,27.905,29.09,27.655,27.957,10852495.0,2024-06-28
1719619200000,27.956,28.662,27.558,27.758,5557324.0,2024-06-29
1719705600000,27.759,29.568,27.39,29.356,7878374.0,2024-06-30
1719792000000,29.357,30.124,28.809,28.825,8915298.0,2024-07-01
1719878400000,28.825,28.908,28.076,28.699,7426904.0,2024-07-02
1719964800000,28.699,28.965,26.418,26.494,10236799.0,2024-07-03
1720051200000,26.495,26.685,24.267,24.431,10395998.0,2024-07-04
1720137600000,24.43,25.422,21.768,25.118,20060732.0,2024-07-05
1720224000000,25.12,27.602,24.846,27.388,7673807.0,2024-07-06
1720310400000,27.388,27.479,25.446,25.736,6471568.0,2024-07-07
1720396800000,25.736,27.206,24.523,25.188,11127297.0,2024-07-08
1720483200000,25.189,26.494,24.677,26.425,9012896.0,2024-07-09
1720569600000,26.425,27.416,25.608,25.74,6681376.0,2024-07-10
1720656000000,25.74,26.358,24.99,25.184,8058822.0,2024-07-11
1720742400000,25.185,26.08,24.801,25.954,6467400.0,2024-07-12
1720828800000,25.955,26.327,25.508,25.833,6430188.0,2024-07-13
1720915200000,25.837,26.662,25.567,26.332,6911221.0,2024-07-14
1721001600000,26.331,27.873,26.247,27.819,9096458.0,2024-07-15
1721088000000,27.819,29.241,26.436,27.995,12726735.0,2024-07-16
1721174400000,27.994,29.006,27.197,27.223,8806497.0,2024-07-17
1721260800000,27.225,27.924,26.548,27.118,6450138.0,2024-07-18
1721347200000,27.119,28.403,26.605,28.148,7507793.0,2024-07-19
1721433600000,28.148,29.173,27.735,29.093,5677693.0,2024-07-20
1721520000000,29.094,32.999,28.526,32.628,18295916.0,2024-07-21
1721606400000,32.628,32.95,31.3,31.859,12716733.0,2024-07-22
1721692800000,31.859,32.635,29.413,29.797,12124163.0,2024-07-23
1721779200000,29.795,30.535,28.242,28.356,13378758.0,2024-07-24
1721865600000,28.357,28.576,26.223,27.222,12163212.0,2024-07-25
1721952000000,27.222,28.834,27.158,28.693,8128800.0,2024-07-26
1722038400000,28.694,29.5,27.555,28.033,8146741.0,2024-07-27
1722124800000,28.032,28.157,27.048,27.377,5137358.0,2024-07-28
1722211200000,27.376,28.838,26.892,26.978,9434132.0,2024-07-29
1722297600000,26.977,27.294,26.002,26.303,7448375.0,2024-07-30
1722384000000,26.303,26.853,25.408,25.69,8049798.0,2024-07-31
1722470400000,25.691,25.921,23.982,25.688,9627764.0,2024-08-01
1722556800000,25.687,25.888,23.333,23.585,10189447.0,2024-08-02
1722643200000,23.584,24.1,22.167,22.656,9257681.0,2024-08-03
1722729600000,22.656,22.944,20.566,21.246,9860835.0,2024-08-04
1722816000000,21.246,21.372,17.252,19.527,39745016.0,2024-08-05
1722902400000,19.527,21.435,19.498,20.875,11528530.0,2024-08-06
1722988800000,20.875,21.677,19.681,19.842,10171756.0,2024-08-07
1723075200000,19.842,22.782,19.508,22.724,10324640.0,2024-08-08
1723161600000,22.724,22.788,21.265,21.735,7176712.0,2024-08-09
1723248000000,21.734,22.042,21.384,21.564,3512050.0,2024-08-10
1723334400000,21.564,22.374,20.358,20.386,7019613.0,2024-08-11
1723420800000,20.386,21.707,20.276,21.247,8725600.0,2024-08-12
1723507200000,21.246,21.612,20.578,21.367,6078765.0,2024-08-13
1723593600000,21.367,21.857,20.741,20.944,6472938.0,2024-08-14
1723680000000,20.943,21.139,19.8,20.108,9596324.0,2024-08-15
1723766400000,20.108,20.665,19.755,20.359,7280337.0,2024-08-16
1723852800000,20.359,20.694,20.215,20.688,3043394.0,2024-08-17
1723939200000,20.688,21.508,20.524,20.803,5557312.0,2024-08-18
1724025600000,20.804,21.233,20.364,21.196,6230242.0,2024-08-19
1724112000000,21.195,22.777,21.145,22.247,9703031.0,2024-08-20
1724198400000,22.246,23.785,22.228,23.518,11119387.0,2024-08-21
1724284800000,23.519,25.293,23.026,25.196,12101027.0,2024-08-22
1724371200000,25.197,27.011,25.189,26.483,17253432.0,2024-08-23
1724457600000,26.483,27.985,26.173,27.101,10116532.0,2024-08-24
1724544000000,27.098,27.663,26.118,26.898,8196217.0,2024-08-25
1724630400000,26.898,27.175,25.876,25.929,8747848.0,2024-08-26
1724716800000,25.928,26.793,23.652,24.067,10754158.0,2024-08-27
1724803200000,24.067,24.82,23.17,23.432,10562316.0,2024-08-28
1724889600000,23.43,24.664,22.763,22.879,8088271.0,2024-08-29
1724976000000,22.879,23.623,22.172,23.274,8089275.0,2024-08-30
1725062400000,23.275,23.389,22.454,22.786,3490416.0,2024-08-31
1725148800000,22.787,22.821,21.105,21.397,8770962.0,2024-09-01
1725235200000,21.396,22.561,21.349,22.351,6852574.0,2024-09-02
1725321600000,22.351,22.713,21.33,21.374,6539087.0,2024-09-03
1725408000000,21.373,22.301,20.449,21.893,8535225.0,2024-09-04
1725494400000,21.893,22.165,21.206,21.356,6822999.0,2024-09-05
1725580800000,21.356,22.183,20.455,21.143,12371388.0,2024-09-06
1725667200000,21.144,21.997,21.042,21.784,4641912.0,2024-09-07
1725753600000,21.784,23.492,21.703,23.231,9837145.0,2024-09-08
1725840000000,23.23,24.42,23.116,23.829,10764799.0,2024-09-09
1725926400000,23.829,24.609,23.552,24.336,7172084.0,2024-09-10
1726012800000,24.336,24.508,22.861,23.264,8665147.0,2024-09-11
1726099200000,23.261,24.101,23.25,24.005,7113069.0,2024-09-12
1726185600000,24.005,25.086,23.652,24.898,8468311.0,2024-09-13
1726272000000,24.897,25.65,24.604,25.317,5613070.0,2024-09-14
1726358400000,25.32,25.372,23.619,23.779,7038527.0,2024-09-15
1726444800000,23.779,24.219,23.204,23.496,7439929.0,2024-09-16
1726531200000,23.496,24.482,23.136,23.762,7011091.0,2024-09-17
1726617600000,23.762,24.726,22.756,24.697,8167908.0,2024-09-18
1726704000000,24.697,26.786,24.695,26.651,12050805.0,2024-09-19
1726790400000,26.651,28.816,26.451,27.655,13478453.0,2024-09-20
1726876800000,27.654,28.117,26.983,27.764,5713957.0,2024-09-21
1726963200000,27.765,27.782,26.422,27.287,6075989.0,2024-09-22
1727049600000,27.287,28.158,26.54,27.379,7924496.0,2024-09-23
1727136000000,27.379,28.549,26.822,28.462,7854948.0,2024-09-24
1727222400000,28.462,28.493,27.13,27.27,7262067.0,2024-09-25
1727308800000,27.272,29.425,26.946,29.155,9104785.0,2024-09-26
1727395200000,29.153,30.847,28.92,30.424,7890953.0,2024-09-27
1727481600000,30.425,30.744,29.019,29.277,5160683.0,2024-09-28
1727568000000,29.277,29.457,28.226,29.02,5795526.0,2024-09-29
1727654400000,29.022,29.104,27.533,27.698,8207137.0,2024-09-30
1727740800000,27.697,28.87,25.004,25.801,13297723.0,2024-10-01
1727827200000,25.8,26.766,25.006,25.317,9176112.0,2024-10-02
1727913600000,25.316,25.651,23.866,24.633,10203961.0,2024-10-03
1728000000000,24.63,26.472,24.411,26.248,6860173.0,2024-10-04
1728086400000,26.249,26.43,25.08,25.65,4149968.0,2024-10-05
1728172800000,25.65,27.067,25.479,26.916,5400366.0,2024-10-06
1728259200000,26.915,27.728,26.501,26.546,7540796.0,2024-10-07
1728345600000,26.547,27.171,26.01,26.335,6005179.0,2024-10-08
1728432000000,26.335,26.68,25.66,25.758,6023721.0,2024-10-09
1728518400000,25.759,26.354,25.05,25.842,6496336.0,2024-10-10
1728604800000,25.842,27.589,25.735,27.451,5530718.0,2024-10-11
1728691200000,27.451,29.364,27.389,28.624,7630787.0,2024-10-12
1728777600000,28.624,29.349,28.269,29.048,6238945.0,2024-10-13
1728864000000,29.049,29.858,28.637,29.047,8152277.0,2024-10-14
1728950400000,29.047,29.615,27.506,28.195,12121148.0,2024-10-15
1729036800000,28.193,28.207,27.236,28.007,6843127.0,2024-10-16
1729123200000,28.007,28.257,26.786,27.286,6326061.0,2024-10-17
1729209600000,27.286,28.148,27.083,28.077,4448273.0,2024-10-18
1729296000000,28.077,28.446,27.701,28.089,2956243.0,2024-10-19
1729382400000,28.088,29.0,27.744,28.97,4025631.0,2024-10-20
1729468800000,28.968,29.333,27.363,27.738,6576262.0,2024-10-21
1729555200000,27.737,28.217,27.191,27.629,5661225.0,2024-10-22
1729641600000,27.63,27.69,25.86,26.733,7181976.0,2024-10-23
1729728000000,26.736,27.233,26.366,26.819,4694882.0,2024-10-24
1729814400000,26.818,26.871,23.901,24.907,8786848.0,2024-10-25
1729900800000,24.908,25.663,24.528,25.388,4067120.0,2024-10-26
1729987200000,25.388,25.928,25.225,25.744,2428364.0,2024-10-27
1730073600000,25.744,26.522,25.033,26.252,5980239.0,2024-10-28
1730160000000,26.252,27.153,26.167,26.869,5664103.0,2024-10-29
1730246400000,26.869,26.898,25.979,26.161,5614366.0,2024-10-30
1730332800000,26.161,26.212,24.657,24.999,5846338.0,2024-10-31
1730419200000,25.0,25.7,24.371,24.773,6126937.0,2024-11-01
1730505600000,24.772,25.002,23.935,24.101,3190017.0,2024-11-02
1730592000000,24.101,24.191,22.589,23.517,7109219.0,2024-11-03
1730678400000,23.517,23.915,22.322,22.717,7022332.0,2024-11-04
1730764800000,22.718,24.47,22.583,23.973,6223957.0,2024-11-05
1730851200000,23.972,27.329,23.972,27.007,11594766.0,2024-11-06
1730937600000,27.007,28.02,26.52,27.395,8529341.0,2024-11-07
1731024000000,27.395,28.801,27.113,28.788,8948376.0,2024-11-08
1731110400000,28.789,30.51,28.48,30.389,9789343.0,2024-11-09
1731196800000,30.386,33.324,29.691,31.904,16852303.0,2024-11-10
1731283200000,31.905,35.838,30.727,35.748,17223715.0,2024-11-11
1731369600000,35.75,37.736,32.686,33.971,24726013.0,2024-11-12
1731456000000,33.972,35.078,31.226,33.13,20430353.0,2024-11-13
1731542400000,33.135,34.748,30.676,31.207,12278492.0,2024-11-14
1731628800000,31.206,33.316,30.578,33.132,10410609.0,2024-11-15
1731715200000,33.132,35.76,32.778,35.172,10245777.0,2024-11-16
1731801600000,35.175,37.304,33.101,34.738,15122883.0,2024-11-17
1731888000000,34.742,36.185,34.021,35.509,11465514.0,2024-11-18
1731974400000,35.509,35.669,33.522,34.224,8936433.0,2024-11-19
1732060800000,34.227,35.78,32.773,33.598,11082130.0,2024-11-20
1732147200000,33.6,36.244,32.312,35.873,11817383.0,2024-11-21
1732233600000,35.876,43.701,35.215,43.208,22478877.0,2024-11-22
1732320000000,43.208,45.318,40.719,41.463,21299339.0,2024-11-23
1732406400000,41.464,43.192,38.264,42.083,16297661.0,2024-11-24
1732492800000,42.091,47.954,40.056,41.335,24945608.0,2024-11-25
1732579200000,41.333,43.4,38.51,42.752,17941520.0,2024-11-26
1732665600000,42.75,44.494,41.95,43.819,14364088.0,2024-11-27
1732752000000,43.813,44.303,41.509,42.806,9055684.0,2024-11-28
1732838400000,42.805,45.098,42.565,44.886,8510698.0,2024-11-29
1732924800000,44.886,46.306,43.672,44.845,8909634.0,2024-11-30
1733011200000,44.845,45.85,43.619,45.145,8607501.0,2024-12-01
1733097600000,45.143,52.53,45.044,52.312,33893038.0,2024-12-02
1733184000000,52.313,53.99,47.866,50.931,23825496.0,2024-12-03
1733270400000,50.932,55.86,50.872,52.815,19474592.0,2024-12-04
1733356800000,52.813,53.699,48.35,50.314,16349392.0,2024-12-05
1733443200000,50.32,53.632,49.64,52.517,11451581.0,2024-12-06
1733529600000,52.518,53.14,51.241,51.632,6735169.0,2024-12-07
1733616000000,51.633,54.46,50.384,54.024,9425040.0,2024-12-08
1733702400000,54.025,54.266,39.6,44.98,24260330.0,2024-12-09
1733788800000,44.981,46.466,41.3,44.589,19357347.0,2024-12-10
1733875200000,44.588,48.45,42.806,48.446,10144649.0,2024-12-11
1733961600000,48.446,55.407,48.179,53.124,19705763.0,2024-12-12
1734048000000,53.129,54.005,50.614,52.781,11677374.0,2024-12-13
1734134400000,52.782,53.837,49.348,49.83,9079190.0,2024-12-14
1734220800000,49.83,51.385,48.064,50.765,9835859.0,2024-12-15
1734307200000,50.763,52.045,48.284,48.979,11078598.0,2024-12-16
1734393600000,48.979,50.864,47.51,47.898,11138959.0,2024-12-17
1734480000000,47.898,48.178,42.0,42.75,14786223.0,2024-12-18
1734566400000,42.753,43.585,37.416,38.807,19170664.0,2024-12-19
1734652800000,38.808,40.355,33.578,39.835,20051069.0,2024-12-20
1734739200000,39.834,42.33,36.902,37.408,13079236.0,2024-12-21
1734825600000,37.409,38.526,35.521,36.557,11429998.0,2024-12-22
1734912000000,36.556,39.722,35.6,39.083,13508064.0,2024-12-23
1734998400000,39.083,42.036,37.684,41.217,10454073.0,2024-12-24
1735084800000,41.217,41.866,39.8,40.236,6443785.0,2024-12-25
1735171200000,40.236,40.709,36.944,37.309,8508964.0,2024-12-26
1735257600000,37.308,39.028,36.274,36.552,8677603.0,2024-12-27
1735344000000,36.553,38.139,36.265,37.731,4508190.0,2024-12-28
1735430400000,37.731,37.791,35.51,35.818,4718538.0,2024-12-29
1735516800000,35.818,37.172,34.862,35.966,9050255.0,2024-12-30
1735603200000,35.965,37.292,34.909,35.688,6908014.0,2024-12-31
1735689600000,35.689,37.991,34.935,37.771,6011399.0,2025-01-01
1735776000000,37.771,40.597,37.77,39.276,7623278.0,2025-01-02
1735862400000,39.276,42.2,38.9,41.955,8097393.0,2025-01-03
1735948800000,41.954,42.843,40.869,42.624,5663717.0,2025-01-04
1736035200000,42.624,43.216,41.24,43.112,5091903.0,2025-01-05
1736121600000,43.113,45.062,42.025,44.048,7840134.0,2025-01-06
1736208000000,44.048,44.58,39.092,39.187,9839327.0,2025-01-07
1736294400000,39.189,39.909,36.166,37.4,11190389.0,2025-01-08
1736380800000,37.399,37.925,35.479,36.177,8612100.0,2025-01-09
1736467200000,36.178,37.915,35.934,36.646,7347781.0,2025-01-10
1736553600000,36.645,37.772,36.0,37.114,3950319.0,2025-01-11
1736640000000,37.114,37.626,36.08,36.54,4033055.0,2025-01-12
1736726400000,36.539,37.351,32.602,35.27,13223340.0,2025-01-13
1736812800000,35.27,36.709,34.978,36.552,5566490.0,2025-01-14
1736899200000,36.553,40.026,36.179,39.811,9865433.0,2025-01-15
1736985600000,39.811,40.521,38.316,40.054,9337204.0,2025-01-16
1737072000000,40.055,41.821,40.055,41.359,7450714.0,2025-01-17
1737158400000,41.359,41.671,38.269,39.221,9659918.0,2025-01-18
1737244800000,39.222,40.562,34.907,35.659,15418424.0,2025-01-19
1737331200000,35.659,40.5,34.434,36.008,18399749.0,2025-01-20
1737417600000,36.009,37.579,34.478,36.947,9340635.0,2025-01-21
1737504000000,36.946,37.778,36.483,36.798,5631807.0,2025-01-22
1737590400000,36.798,36.952,34.614,35.545,9207514.0,2025-01-23
1737676800000,35.548,36.782,34.524,35.324,6294368.0,2025-01-24
1737763200000,35.324,37.257,34.873,36.609,5738362.0,2025-01-25
1737849600000,36.603,38.16,35.683,35.724,6417322.0,2025-01-26
1737936000000,35.724,36.031,32.845,34.17,13271092.0,2025-01-27
1738022400000,34.172,34.509,31.8,32.048,8370200.0,2025-01-28
1738108800000,32.049,33.83,31.86,32.779,8159176.0,2025-01-29
1738195200000,32.778,34.688,32.411,34.278,5237851.0,2025-01-30
1738281600000,34.278,36.159,33.795,34.421,7174012.0,2025-01-31
1738368000000,34.422,35.096,31.848,32.089,5803985.0,2025-02-01
1738454400000,32.09,32.565,25.805,27.614,17299340.0,2025-02-02
1738540800000,27.614,28.763,21.219,28.382,31084751.0,2025-02-03
1738627200000,28.382,28.623,25.518,26.448,14251341.0,2025-02-04
1738713600000,26.45,27.408,25.593,25.836,9047803.0,2025-02-05
1738800000000,25.836,26.804,24.241,24.488,10000909.0,2025-02-06
1738886400000,24.488,26.211,23.686,24.447,11607125.0,2025-02-07
1738972800000,24.448,24.813,23.9,24.569,6159615.0,2025-02-08
1739059200000,24.569,25.521,23.631,24.86,8455569.0,2025-02-09
1739145600000,24.859,25.989,23.838,25.658,8609298.0,2025-02-10
1739232000000,25.657,27.016,24.87,25.376,8663855.0,2025-02-11
1739318400000,25.376,27.087,24.257,26.491,10116871.0,2025-02-12
1739404800000,26.491,26.606,25.068,25.382,6986798.0,2025-02-13
1739491200000,25.383,27.219,25.281,26.371,8111235.0,2025-02-14
1739577600000,26.371,26.95,25.35,25.468,5060669.0,2025-02-15
1739664000000,25.467,25.57,24.706,24.842,4977628.0,2025-02-16
1739750400000,24.842,25.944,24.399,25.017,7813915.0,2025-02-17
1739836800000,25.019,25.112,22.92,23.513,11016725.0,2025-02-18
1739923200000,23.513,24.008,22.963,23.715,7784269.0,2025-02-19
1740009600000,23.715,25.344,23.697,25.142,9223605.0,2025-02-20
1740096000000,25.142,26.535,23.747,24.531,13774305.0,2025-02-21
1740182400000,24.531,26.37,24.421,25.823,7763685.0,2025-02-22
1740268800000,25.822,25.973,24.396,24.833,6440690.0,2025-02-23
1740355200000,24.833,25.163,21.417,21.866,13875628.0,2025-02-24
1740441600000,21.867,22.324,20.285,21.936,17813282.0,2025-02-25
1740528000000,21.938,22.582,20.976,21.859,13560654.0,2025-02-26
1740614400000,21.859,23.383,21.631,22.519,10209216.0,2025-02-27
1740700800000,22.519,22.6,20.201,22.368,16886466.0,2025-02-28
1740787200000,22.368,22.499,21.04,21.853,7853940.0,2025-03-01
1740873600000,21.854,24.986,21.538,24.941,14572008.0,2025-03-02
1740960000000,24.941,25.099,20.558,20.931,18791016.0,2025-03-03
1741046400000,20.932,21.098,18.828,19.982,21528894.0,2025-03-04
1741132800000,19.983,22.454,19.67,21.713,16541114.0,2025-03-05
1741219200000,21.713,22.566,20.876,20.988,13905254.0,2025-03-06
1741305600000,20.987,21.309,19.663,20.13,16815637.0,2025-03-07
1741392000000,20.129,21.075,19.4,20.488,11099582.0,2025-03-08
1741478400000,20.488,20.672,17.733,17.959,14853484.0,2025-03-09
1741564800000,17.958,19.056,16.14,16.253,21393826.0,2025-03-10
1741651200000,16.254,17.902,15.264,17.498,24919314.0,2025-03-11
1741737600000,17.498,18.963,16.93,18.904,17177857.0,2025-03-12
1741824000000,18.903,19.32,17.721,18.496,15556580.0,2025-03-13
1741910400000,18.495,19.295,18.452,18.557,13846578.0,2025-03-14
1741996800000,18.556,19.469,18.359,19.385,17342600.0,2025-03-15
1742083200000,19.385,19.84,18.1,18.245,14613366.0,2025-03-16
1742169600000,18.245,19.077,18.171,18.809,11602370.0,2025-03-17
1742256000000,18.809,19.266,18.31,18.972,14194347.0,2025-03-18
1742342400000,18.972,20.093,18.829,19.721,15394630.0,2025-03-19
1742428800000,19.722,19.855,18.382,18.736,10958422.0,2025-03-20
1742515200000,18.735,19.486,18.336,19.17,9745895.0,2025-03-21
1742601600000,19.171,19.734,19.062,19.417,6460216.0,2025-03-22
1742688000000,19.417,19.837,19.294,19.807,6195618.0,2025-03-23
1742774400000,19.808,22.13,19.766,21.471,16578600.0,2025-03-24
1742860800000,21.471,23.447,21.273,22.89,15511985.0,2025-03-25
1742947200000,22.891,23.23,21.815,22.041,12013702.0,2025-03-26
1743033600000,22.041,22.371,21.617,22.003,8470057.0,2025-03-27
1743120000000,22.004,22.179,19.755,20.351,15409165.0,2025-03-28
1743206400000,20.352,20.52,19.437,19.589,12059504.0,2025-03-29
1743292800000,19.59,19.894,18.669,18.855,10811205.0,2025-03-30
1743379200000,18.856,19.107,18.164,18.762,11626693.0,2025-03-31
1743465600000,18.761,19.933,18.704,19.809,11577838.0,2025-04-01
1743552000000,19.81,19.916,17.751,17.968,18626825.0,2025-04-02
1743638400000,17.969,18.98,17.563,18.144,14061410.0,2025-04-03
1743724800000,18.145,18.761,17.597,18.178,15550908.0,2025-04-04
1743811200000,18.177,18.368,17.663,17.869,6327338.0,2025-04-05
1743897600000,17.87,17.912,15.612,16.032,18529427.0,2025-04-06
1743984000000,16.034,17.26,14.652,16.677,34190368.0,2025-04-07
1744070400000,16.678,17.726,15.916,16.137,20586269.0,2025-04-08
1744156800000,16.137,18.903,15.575,18.431,24301550.0,2025-04-09
1744243200000,18.431,18.443,17.556,18.303,14045888.0,2025-04-10
1744329600000,18.301,19.557,18.297,19.112,12995333.0,2025-04-11
1744416000000,19.111,21.008,18.832,20.48,13579677.0,2025-04-12
1744502400000,20.483,20.656,19.255,19.574,11237128.0,2025-04-13
1744588800000,19.573,20.677,19.533,20.105,12920712.0,2025-04-14
1744675200000,20.105,20.272,18.952,19.002,10630878.0,2025-04-15
1744761600000,19.002,19.274,18.453,18.742,10661692.0,2025-04-16
1744848000000,18.742,19.553,18.678,19.037,8328594.0,2025-04-17
1744934400000,19.037,19.334,18.83,19.058,5289432.0,2025-04-18
1745020800000,19.058,20.36,19.014,19.886,7327654.0,2025-04-19
1745107200000,19.885,20.03,19.214,19.491,6538795.0,2025-04-20
1745193600000,19.492,20.955,19.492,19.908,13463137.0,2025-04-21
1745280000000,19.908,22.301,19.403,22.103,15739051.0,2025-04-22
1745366400000,22.104,23.075,21.876,22.326,15215741.0,2025-04-23
1745452800000,22.326,22.637,21.601,22.369,9813531.0,2025-04-24
1745539200000,22.368,22.859,21.75,22.152,11158681.0,2025-04-25
1745625600000,22.152,22.985,21.686,22.398,8990768.0,2025-04-26
1745712000000,22.398,22.785,21.637,21.699,9216899.0,2025-04-27
1745798400000,21.699,22.422,21.001,21.83,13019059.0,2025-04-28
1745884800000,21.83,22.288,21.248,21.547,9591878.0,2025-04-29
1745971200000,21.548,21.938,20.332,20.899,10327728.0,2025-04-30
1746057600000,20.898,21.859,20.8,21.626,10358909.0,2025-05-01
1746144000000,21.626,22.176,20.944,21.241,10463853.0,2025-05-02
1746230400000,21.241,21.267,20.46,20.509,6303492.0,2025-05-03
1746316800000,20.508,20.622,19.745,19.886,7926874.0,2025-05-04
1746403200000,19.886,20.23,19.269,19.672,10257109.0,2025-05-05
1746489600000,19.672,20.117,19.254,20.005,11175598.0,2025-05-06
1746576000000,20.005,20.245,19.064,19.537,11136804.0,2025-05-07
1746662400000,19.536,22.162,19.479,22.15,17649741.0,2025-05-08
1746748800000,22.149,24.0,21.955,23.266,19829772.0,2025-05-09
1746835200000,23.266,25.975,23.007,25.81,15819155.0,2025-05-10
1746921600000,25.809,26.026,24.14,24.776,12847638.0,2025-05-11
1747008000000,24.777,26.834,23.72,24.824,18711495.0,2025-05-12
1747094400000,24.823,26.248,23.449,25.71,13669978.0,2025-05-13
1747180800000,25.709,26.536,24.728,24.947,13913431.0,2025-05-14
1747267200000,24.948,25.131,22.921,23.495,17916065.0,2025-05-15
1747353600000,23.496,24.042,22.653,23.047,10294598.0,2025-05-16
1747440000000,23.047,23.127,21.957,22.165,9986673.0,2025-05-17
1747526400000,22.164,23.856,21.464,23.041,14102716.0,2025-05-18
1747612800000,23.041,23.184,21.248,22.244,11674392.0,2025-05-19
1747699200000,22.245,22.81,21.747,22.597,10791597.0,2025-05-20
1747785600000,22.597,23.809,22.145,23.164,15097177.0,2025-05-21
1747872000000,23.168,25.464,23.122,25.25,15820450.0,2025-05-22
1747958400000,25.25,25.97,22.901,23.063,18746512.0,2025-05-23
1748044800000,23.062,23.455,22.716,22.937,8570693.0,2025-05-24
1748131200000,22.938,23.459,22.018,23.43,9670956.0,2025-05-25
1748217600000,23.432,23.993,22.862,23.047,9912860.0,2025-05-26
1748304000000,23.049,23.871,22.492,23.361,10711402.0,2025-05-27
1748390400000,23.361,23.763,22.752,23.599,9418815.0,2025-05-28
1748476800000,23.599,24.34,22.14,22.236,13909887.0,2025-05-29
1748563200000,22.236,22.337,20.385,20.535,16388624.0,2025-05-30
1748649600000,20.532,21.116,19.759,20.786,10449184.0,2025-05-31
1748736000000,20.785,20.961,20.151,20.869,6777336.0,2025-06-01
1748822400000,20.869,21.306,20.203,21.143,8640059.0,2025-06-02
1748908800000,21.143,21.69,20.86,21.129,8619794.0,2025-06-03
1748995200000,21.13,21.636,20.045,20.076,8953441.0,2025-06-04
1749081600000,20.076,20.528,18.414,18.73,16025295.0,2025-06-05
1749168000000,18.731,19.943,18.612,19.637,10022843.0,2025-06-06
1749254400000,19.637,21.118,19.549,20.646,10695705.0,2025-06-07
1749340800000,20.645,21.482,20.13,21.038,11138328.0,2025-06-08
1749427200000,21.039,22.036,20.2,21.941,14490811.0,2025-06-09
1749513600000,21.94,22.59,21.507,22.567,15523010.0,2025-06-10
1749600000000,22.567,22.771,21.31,21.56,14641452.0,2025-06-11
1749686400000,21.56,21.626,20.139,20.27,13454312.0,2025-06-12
1749772800000,20.273,20.292,18.448,19.403,19994718.0,2025-06-13
1749859200000,19.403,19.429,18.697,18.926,7481247.0,2025-06-14
1749945600000,18.926,19.274,18.714,19.099,8543556.0,2025-06-15
1750032000000,19.099,19.991,18.889,19.049,12488797.0,2025-06-16
1750118400000,19.049,19.487,18.116,18.574,14270624.0,2025-06-17
1750204800000,18.574,18.895,18.045,18.155,12629511.0,2025-06-18
1750291200000,18.156,18.388,17.622,18.045,12833676.0,2025-06-19
1750377600000,18.045,18.41,16.934,17.357,14237353.0,2025-06-20
1750464000000,17.358,17.63,16.25,16.811,13919397.0,2025-06-21
1750550400000,16.812,17.098,15.6,16.513,20148121.0,2025-06-22
1750636800000,16.513,18.188,16.254,18.051,20507155.0,2025-06-23
1750723200000,18.052,18.476,17.881,18.224,13638927.0,2025-06-24
1750809600000,18.225,18.361,17.403,17.567,11161941.0,2025-06-25
1750896000000,17.568,18.006,17.088,17.222,11273407.0,2025-06-26
1750982400000,17.221,17.776,16.997,17.569,10607064.0,2025-06-27
1751068800000,17.57,18.066,17.47,17.965,6385867.0,2025-06-28
1751155200000,17.966,18.893,17.792,18.728,9256448.0,2025-06-29
1751241600000,18.73,18.875,17.692,17.958,11803710.0,2025-06-30
1751328000000,17.96,18.05,16.933,17.093,10263215.0,2025-07-01
1751414400000,17.092,18.826,16.947,18.519,16820435.0,2025-07-02
1751500800000,18.519,19.173,18.333,18.535,12246607.0,2025-07-03
1751587200000,18.536,18.871,17.493,17.782,12949622.0,2025-07-04
1751673600000,17.781,17.981,17.61,17.904,5836333.0,2025-07-05
1751760000000,17.904,18.617,17.725,18.281,8051479.0,2025-07-06
1751846400000,18.281,18.593,17.786,17.985,9158611.0,2025-07-07
1751932800000,17.985,18.473,17.681,18.359,10058834.0,2025-07-08
1752019200000,18.359,19.617,18.086,19.5,14490248.0,2025-07-09
1752105600000,19.5,20.782,19.335,20.702,15806321.0,2025-07-10
1752192000000,20.702,21.528,20.324,20.672,18630803.0,2025-07-11
1752278400000,20.674,21.075,20.16,20.684,11112959.0,2025-07-12
1752364800000,20.684,21.776,20.654,21.184,12698369.0,2025-07-13
1752451200000,21.184,22.075,20.999,21.255,13464155.0,2025-07-14
1752537600000,21.254,22.571,20.382,22.504,19838580.0,2025-07-15
1752624000000,22.505,23.031,21.616,22.651,16066147.0,2025-07-16
1752710400000,22.653,24.345,22.015,23.905,20750098.0,2025-07-17
1752796800000,23.905,25.038,23.05,23.515,23117182.0,2025-07-18
1752883200000,23.517,25.236,22.992,24.496,14839509.0,2025-07-19
1752969600000,24.496,25.55,24.297,25.039,16551419.0,2025-07-20
1753056000000,25.041,26.435,24.628,25.435,18017202.0,2025-07-21
1753142400000,25.436,26.1,24.7,25.9,29296134.0,2025-07-22
1753228800000,25.9,26.125,23.137,23.941,22816377.0,2025-07-23
1753315200000,23.941,24.438,22.511,23.656,18638348.0,2025-07-24
1753401600000,23.658,24.038,22.846,24.003,14296629.0,2025-07-25
1753488000000,24.003,25.786,23.847,24.929,12887616.0,2025-07-26
1753574400000,24.928,26.479,24.744,26.056,12526278.0,2025-07-27
1753660800000,26.057,27.415,24.966,25.196,23449842.0,2025-07-28
1753747200000,25.196,25.504,23.855,24.358,20176038.0,2025-07-29
1753833600000,24.36,24.496,22.343,23.301,15537683.0,2025-07-30
1753920000000,23.301,24.104,22.38,22.45,15121139.0,2025-07-31
1754006400000,22.45,22.566,21.011,21.509,20029736.0,2025-08-01
1754092800000,21.508,21.812,20.651,20.851,11312876.0,2025-08-02
1754179200000,20.851,21.525,20.566,21.359,8019834.0,2025-08-03
1754265600000,21.358,23.103,21.327,23.096,13422638.0,2025-08-04
1754352000000,23.096,23.122,21.418,21.896,13804638.0,2025-08-05
1754438400000,21.896,22.39,21.556,22.22,10456494.0,2025-08-06
1754524800000,22.219,23.357,21.938,23.351,12257483.0,2025-08-07
1754611200000,23.35,23.869,23.002,23.797,14548078.0,2025-08-08
1754697600000,23.798,24.813,23.733,24.241,12874590.0,2025-08-09
1754784000000,24.242,24.552,23.256,23.83,12415364.0,2025-08-10
1754870400000,23.831,24.619,22.633,22.775,18362443.0,2025-08-11
1754956800000,22.774,24.919,22.725,24.684,16956350.0,2025-08-12
1755043200000,24.684,25.688,24.383,25.482,19371620.0,2025-08-13
1755129600000,25.483,26.006,23.0,23.644,28909137.0,2025-08-14
1755216000000,23.647,25.656,23.444,23.751,29725650.0,2025-08-15
1755302400000,23.75,24.367,23.555,24.29,11973577.0,2025-08-16
1755388800000,24.291,25.68,24.008,25.063,16391966.0,2025-08-17
1755475200000,25.063,25.319,23.339,23.682,24082749.0,2025-08-18
1755561600000,23.682,24.054,22.296,22.35,21685878.0,2025-08-19
1755648000000,22.35,23.545,22.221,23.447,17907884.0,2025-08-20
1755734400000,23.447,23.62,22.706,22.769,15061811.0,2025-08-21
1755820800000,22.768,25.412,22.183,25.265,33003985.0,2025-08-22
1755907200000,25.265,26.779,24.48,26.263,29768212.0,2025-08-23
1755993600000,26.263,26.573,24.931,25.823,27856732.0,2025-08-24
1756080000000,25.821,25.988,23.022,23.339,29167299.0,2025-08-25
1756166400000,23.339,24.344,23.076,24.172,21010806.0,2025-08-26
1756252800000,24.17,25.323,23.86,24.42,23659243.0,2025-08-27
1756339200000,24.42,25.073,24.12,24.928,20738435.0,2025-08-28
1756425600000,24.927,25.197,23.185,23.536,27141992.0,2025-08-29
1756512000000,23.537,23.934,23.094,23.77,11163703.0,2025-08-30
1756598400000,23.769,24.197,23.361,23.381,11463536.0,2025-08-31
1756684800000,23.382,24.338,22.651,23.205,27102167.0,2025-09-01
1756771200000,23.204,24.501,23.015,24.467,24603272.0,2025-09-02
1756857600000,24.467,25.783,24.267,25.197,23140289.0,2025-09-03
1756944000000,25.197,25.268,24.164,24.202,16226739.0,2025-09-04
1757030400000,24.202,25.099,23.846,24.465,21013017.0,2025-09-05
1757116800000,24.465,24.612,24.076,24.369,7457057.0,2025-09-06
1757203200000,24.369,24.94,24.25,24.683,9651693.0,2025-09-07
1757289600000,24.683,25.801,24.532,25.282,15938229.0,2025-09-08
1757376000000,25.282,26.361,24.903,25.931,19649526.0,2025-09-09
1757462400000,25.931,29.522,25.737,29.474,35232804.0,2025-09-10
1757548800000,29.473,30.008,28.177,29.133,25244548.0,2025-09-11
1757635200000,29.132,29.394,28.215,28.968,17976795.0,2025-09-12
1757721600000,28.968,31.235,28.726,30.069,28024551.0,2025-09-13
1757808000000,30.069,30.616,28.938,29.431,23145465.0,2025-09-14
1757894400000,29.43,30.439,28.228,29.794,28150047.0,2025-09-15
1757980800000,29.793,30.973,29.166,30.055,24445256.0,2025-09-16
1758067200000,30.055,32.002,29.363,31.825,25110733.0,2025-09-17
1758153600000,31.827,35.434,31.631,35.193,37528871.0,2025-09-18
1758240000000,35.193,35.808,33.289,33.719,29827276.0,2025-09-19
1758326400000,33.72,34.093,32.833,33.154,15166758.0,2025-09-20
1758412800000,33.153,33.594,32.57,33.02,13661235.0,2025-09-21
1758499200000,33.023,33.976,26.788,33.861,39580382.0,2025-09-22
1758585600000,33.863,36.16,32.742,33.586,45824933.0,2025-09-23
1758672000000,33.587,34.932,32.253,32.298,28668774.0,2025-09-24
1758758400000,32.297,32.79,28.525,28.629,37927620.0,2025-09-25
1758844800000,28.628,29.58,27.039,29.081,36777719.0,2025-09-26
1758931200000,29.081,29.086,28.221,28.736,11880019.0,2025-09-27
1759017600000,28.735,30.178,27.919,29.979,15891119.0,2025-09-28
1759104000000,29.98,30.816,29.128,30.394,23480312.0,2025-09-29
1759190400000,30.393,30.691,28.808,30.012,18246030.0,2025-09-30
1759276800000,30.012,31.087,29.611,30.72,16989184.0,2025-10-01
1759363200000,30.721,31.373,29.492,30.965,26241549.0,2025-10-02
1759449600000,30.964,31.558,29.97,31.317,21504057.0,2025-10-03
1759536000000,31.316,31.439,29.838,30.093,12286017.0,2025-10-04
1759622400000,30.092,31.201,29.612,30.051,16193590.0,2025-10-05
1759708800000,30.051,31.027,29.919,30.609,16847120.0,2025-10-06
1759795200000,30.608,30.724,27.8,27.911,23967459.0,2025-10-07
1759881600000,27.911,29.63,27.82,28.804,17672378.0,2025-10-08
1759968000000,28.804,28.898,27.537,28.374,13644983.0,2025-10-09
1760054400000,28.375,28.613,8.433,20.608,53926520.0,2025-10-10
1760140800000,20.613,23.357,20.33,21.438,32515441.0,2025-10-11
1760227200000,21.437,23.309,20.646,22.477,33241099.0,2025-10-12
1760313600000,22.477,24.043,21.676,23.798,33931996.0,2025-10-13
1760400000000,23.799,23.883,21.792,22.723,29585905.0,2025-10-14
1760486400000,22.724,23.269,21.537,21.886,20984925.0,2025-10-15
1760572800000,21.885,22.381,20.554,20.959,23343815.0,2025-10-16
1760659200000,20.96,21.253,19.01,19.944,28810466.0,2025-10-17
1760745600000,19.944,20.409,19.816,20.205,10060409.0,2025-10-18
1760832000000,20.205,20.832,19.737,20.582,13230440.0,2025-10-19
1760918400000,20.582,21.2,20.151,20.332,15606168.0,2025-10-20
1761004800000,20.332,20.843,19.457,19.53,22554264.0,2025-10-21
1761091200000,19.53,19.714,18.387,19.007,21387883.0,2025-10-22
1761177600000,19.008,19.74,18.958,19.12,12692579.0,2025-10-23
1761264000000,19.12,19.971,19.01,19.492,13775150.0,2025-10-24
1761350400000,19.493,19.825,19.229,19.711,7591283.0,2025-10-25
1761436800000,19.711,20.944,19.333,20.812,15086434.0,2025-10-26
1761523200000,20.812,21.083,20.154,20.316,15248055.0,2025-10-27
1761609600000,20.317,20.515,19.112,19.461,20689854.0,2025-10-28
1761696000000,19.46,20.19,19.3,19.652,17863968.0,2025-10-29
1761782400000,19.653,19.959,17.516,18.103,24120454.0,2025-10-30
1761868800000,18.104,18.568,17.776,18.184,14740967.0,2025-10-31
1761955200000,18.184,18.733,18.075,18.711,8274671.0,2025-11-01
1762041600000,18.712,19.0,18.079,18.801,10516637.0,2025-11-02
1762128000000,18.802,18.907,15.866,16.645,34186974.0,2025-11-03
1762214400000,16.645,17.0,14.974,15.98,42488858.0,2025-11-04
1762300800000,15.98,16.988,15.279,16.6,22359180.0,2025-11-05
1762387200000,16.6,16.721,15.588,16.118,19320642.0,2025-11-06
1762473600000,16.119,18.038,16.043,17.74,29559075.0,2025-11-07
1762560000000,17.739,18.403,17.008,17.488,19112279.0,2025-11-08
1762646400000,17.488,17.907,16.79,17.764,15432587.0,2025-11-09
1762732800000,17.764,18.351,17.635,18.169,18285603.0,2025-11-10
1762819200000,18.17,18.599,16.961,16.996,18776476.0,2025-11-11
1762905600000,16.997,17.76,16.619,16.805,15973097.0,2025-11-12
1762992000000,16.804,17.685,15.744,16.087,25923001.0,2025-11-13
1763078400000,16.087,16.17,14.822,15.111,30985851.0,2025-11-14
1763164800000,15.111,15.78,15.089,15.52,11514587.0,2025-11-15
1763251200000,15.52,15.87,14.605,15.132,21275624.0,2025-11-16
1763337600000,15.133,15.965,14.253,14.512,31554527.0,2025-11-17
1763424000000,14.512,14.915,14.027,14.58,27088886.0,2025-11-18
1763510400000,14.581,14.688,13.688,14.282,25387060.0,2025-11-19
1763596800000,14.282,14.528,13.484,13.8,25442775.0,2025-11-20
1763683200000,13.8,13.984,12.25,13.278,41227977.0,2025-11-21
1763769600000,13.278,13.396,13.011,13.23,15939970.0,2025-11-22
1763856000000,13.231,13.465,13.201,13.267,11970451.0,2025-11-23
1763942400000,13.266,14.037,13.146,13.889,21047758.0,2025-11-24
1764028800000,13.888,14.373,13.691,14.172,17396567.0,2025-11-25
1764115200000,14.172,14.945,13.895,14.945,16575933.0,2025-11-26
1764201600000,14.944,15.154,14.851,15.011,14057072.0,2025-11-27
1764288000000,15.01,15.257,14.756,14.837,14487642.0,2025-11-28
1764374400000,14.837,14.901,14.166,14.239,10372753.0,2025-11-29
1764460800000,14.239,14.322,13.642,13.705,13076926.0,2025-11-30
1764547200000,13.706,13.725,12.544,12.745,22576854.0,2025-12-01
1764633600000,12.745,13.757,12.698,13.622,21321438.0,2025-12-02
1764720000000,13.622,15.076,13.569,14.776,22194818.0,2025-12-03
1764806400000,14.775,14.877,14.192,14.391,15120729.0,2025-12-04
1764892800000,14.392,14.518,13.102,13.201,19549575.0,2025-12-05
1764979200000,13.202,13.474,13.139,13.394,9922755.0,2025-12-06
1765065600000,13.393,13.848,12.9,13.473,16267979.0,2025-12-07
1765152000000,13.473,13.945,13.362,13.637,14528483.0,2025-12-08
1765238400000,13.637,14.731,13.49,14.599,19518832.0,2025-12-09
1765324800000,14.6,14.821,14.045,14.107,18534105.0,2025-12-10
1765411200000,14.106,14.106,12.87,13.407,22346085.0,2025-12-11
1765497600000,13.408,13.785,12.791,13.103,16627559.0,2025-12-12
1765584000000,13.102,13.46,13.077,13.363,8133696.0,2025-12-13
1765670400000,13.363,13.387,12.7,12.869,10033919.0,2025-12-14
1765756800000,12.868,13.354,12.18,12.34,19747058.0,2025-12-15
1765843200000,12.339,12.397,11.903,12.338,17131842.0,2025-12-16
1765929600000,12.338,12.652,11.691,11.857,19256722.0,2025-12-17
1766016000000,11.858,12.313,11.263,11.435,21321165.0,2025-12-18
1766102400000,11.434,12.459,11.261,12.251,21001628.0,2025-12-19
1766188800000,12.251,12.372,12.117,12.201,7411706.0,2025-12-20
1766275200000,12.202,12.329,11.944,12.14,11496225.0,2025-12-21
1766361600000,12.141,12.442,11.993,12.411,17685034.0,2025-12-22
1766448000000,12.412,12.543,11.8,12.174,18244271.0,2025-12-23
1766534400000,12.175,12.223,11.876,12.1,11510488.0,2025-12-24
1766620800000,12.1,12.55,12.032,12.071,12068244.0,2025-12-25
1766707200000,12.071,12.613,12.016,12.336,15124476.0,2025-12-26
1766793600000,12.337,12.8,12.328,12.691,7650202.0,2025-12-27
1766880000000,12.691,12.9,12.516,12.635,9109510.0,2025-12-28
1766966400000,12.636,13.198,12.334,12.364,18734577.0,2025-12-29
1767052800000,12.364,12.64,12.317,12.575,11044070.0,2025-12-30
1767139200000,12.575,12.716,12.189,12.309,10955747.0,2025-12-31
1767225600000,12.309,13.696,12.219,13.584,17411217.0,2026-01-01
1767312000000,13.584,13.973,13.085,13.805,20533540.0,2026-01-02
1767398400000,13.805,14.391,13.657,13.977,15125143.0,2026-01-03
1767484800000,13.977,14.5,13.894,14.237,12779324.0,2026-01-04
1767571200000,14.236,14.709,13.89,14.446,19280764.0,2026-01-05
1767657600000,14.446,14.833,14.229,14.592,19078063.0,2026-01-06
1767744000000,14.592,14.592,13.863,14.113,13851891.0,2026-01-07
1767830400000,14.113,14.238,13.58,13.879,13086934.0,2026-01-08
1767916800000,13.878,14.22,13.592,13.782,12308960.0,2026-01-09
1768003200000,13.783,13.938,13.636,13.729,5107777.0,2026-01-10
1768089600000,13.728,13.978,13.469,13.689,7581401.0,2026-01-11
1768176000000,13.689,14.215,13.363,13.507,14795617.0,2026-01-12
1768262400000,13.506,14.855,13.463,14.757,16754479.0,2026-01-13
1768348800000,14.756,14.945,14.394,14.604,13166156.0,2026-01-14
1768435200000,14.604,14.622,13.613,13.818,12718000.0,2026-01-15
1768521600000,13.818,13.86,13.173,13.575,11242546.0,2026-01-16
1768608000000,13.575,13.966,13.523,13.735,6391977.0,2026-01-17
1768694400000,13.735,13.818,12.939,12.975,8952828.0,2026-01-18
1768780800000,12.976,12.976,12.032,12.728,13910962.0,2026-01-19
1768867200000,12.728,12.756,11.94,12.087,14163627.0,2026-01-20
1768953600000,12.087,12.718,11.862,12.406,15703883.0,2026-01-21
1769040000000,12.407,12.616,12.029,12.188,8629231.0,2026-01-22
1769126400000,12.188,12.488,11.98,12.12,11274371.0,2026-01-23
1769212800000,12.12,12.176,11.959,12.039,4319457.0,2026-01-24
1769299200000,12.04,12.074,11.223,11.49,13896401.0,2026-01-25
1769385600000,11.491,11.913,11.46,11.713,11258837.0,2026-01-26
1769472000000,11.714,12.202,11.573,12.128,12231215.0,2026-01-27
1769558400000,12.128,12.283,11.916,12.068,10214129.0,2026-01-28
1769644800000,12.068,12.093,10.791,11.034,22891032.0,2026-01-29
1769731200000,11.034,11.084,10.617,10.872,22002156.0,2026-01-30
1769817600000,10.872,10.892,9.138,10.114,32601949.0,2026-01-31
1769904000000,10.113,10.254,9.663,9.909,19273458.0,2026-02-01
1769990400000,9.909,10.317,9.521,10.14,21861139.0,2026-02-02
1770076800000,10.141,10.355,9.526,9.923,22617463.0,2026-02-03
1770163200000,9.924,10.158,9.537,9.711,21148514.0,2026-02-04
1770249600000,9.711,9.846,8.238,8.305,47221194.0,2026-02-05
1770336000000,8.304,9.464,7.534,9.268,40856305.0,2026-02-06
1770422400000,9.268,9.384,8.902,9.219,19229501.0,2026-02-07
1770508800000,9.22,9.286,8.994,9.074,11031550.0,2026-02-08
1770595200000,9.074,9.2,8.716,9.046,14280211.0,2026-02-09
1770681600000,9.046,9.109,8.653,8.744,12848584.0,2026-02-10
1770768000000,8.744,8.96,8.429,8.629,18710229.0,2026-02-11
1770854400000,8.63,8.975,8.61,8.902,17239789.0,2026-02-12
1770940800000,8.901,9.247,8.731,9.139,15901663.0,2026-02-13
1771027200000,9.139,9.713,9.117,9.59,11505079.0,2026-02-14
1771113600000,9.59,9.745,9.131,9.278,16081732.0,2026-02-15
1771200000000,9.278,9.415,9.037,9.255,14685612.0,2026-02-16
1771286400000,9.255,9.295,8.998,9.136,13412780.0,2026-02-17
1771372800000,9.136,9.206,8.794,8.852,14516484.0,2026-02-18
1771459200000,8.853,8.937,8.653,8.896,13281615.0,2026-02-19
1771545600000,8.895,9.361,8.876,9.165,19832749.0,2026-02-20
1771632000000,9.164,9.449,9.102,9.11,10979517.0,2026-02-21
1771718400000,9.111,9.111,8.784,8.874,10885347.0,2026-02-22
1771804800000,8.875,8.89,8.264,8.359,23247510.0,2026-02-23
1771891200000,8.36,8.437,8.173,8.279,14318143.0,2026-02-24
1771977600000,8.28,9.841,8.258,9.515,33310667.0,2026-02-25
1772064000000,9.516,9.632,9.087,9.302,20051689.0,2026-02-26
1772150400000,9.302,9.481,8.776,8.945,15754332.0,2026-02-27
1772236800000,8.946,9.268,8.426,9.162,21006225.0,2026-02-28
1772323200000,9.161,9.427,8.838,9.029,17960302.0,2026-03-01
1772409600000,9.029,9.477,8.859,9.171,19666583.0,2026-03-02
1772496000000,9.17,9.332,8.891,9.175,16782547.0,2026-03-03
1772582400000,9.175,9.781,9.004,9.496,21418964.0,2026-03-04
1772668800000,9.496,9.577,9.25,9.375,14443112.0,2026-03-05
1772755200000,9.376,9.469,8.873,9.012,16606215.0,2026-03-06
1772841600000,9.013,9.073,8.86,8.902,6674488.0,2026-03-07
1772928000000,8.902,9.02,8.673,8.809,12628944.0,2026-03-08
1773014400000,8.81,9.53,8.805,9.26,23075576.0,2026-03-09
1773100800000,9.26,9.955,9.246,9.528,22714678.0,2026-03-10
1773187200000,9.528,9.858,9.466,9.547,14599699.0,2026-03-11
1773273600000,9.548,9.738,9.428,9.673,12842505.0,2026-03-12
1773360000000,9.673,10.28,9.648,9.715,21045698.0,2026-03-13
1773446400000,9.714,9.774,9.513,9.724,8233362.0,2026-03-14
1773532800000,9.724,10.042,9.651,9.945,11264182.0,2026-03-15
1773619200000,9.945,10.517,9.875,10.482,22214137.0,2026-03-16
1773705600000,10.481,10.543,10.167,10.189,13391808.0,2026-03-17
1773792000000,10.19,10.357,9.477,9.678,17542852.0,2026-03-18
1773878400000,9.678,9.743,9.326,9.466,11628297.0,2026-03-19
1773964800000,9.466,9.644,9.408,9.568,9474388.0,2026-03-20
1774051200000,9.567,9.632,9.148,9.208,7170511.0,2026-03-21
1774137600000,9.208,9.358,8.867,9.019,11974490.0,2026-03-22
1774224000000,9.019,9.754,8.914,9.561,22089569.0,2026-03-23
1774310400000,9.561,9.641,9.35,9.62,12708401.0,2026-03-24
1774396800000,9.619,9.792,9.554,9.676,9264859.0,2026-03-25
1774483200000,9.675,9.689,8.981,9.095,12976548.0,2026-03-26
1774569600000,9.095,9.143,8.658,8.785,12488496.0,2026-03-27
1774656000000,8.785,8.996,8.698,8.752,6818449.0,2026-03-28
1774742400000,8.752,8.815,8.365,8.594,8666760.0,2026-03-29
1774828800000,8.595,9.079,8.557,8.806,13117587.0,2026-03-30
1774915200000,8.807,9.069,8.688,8.907,12864768.0,2026-03-31
1775001600000,8.907,9.48,8.862,9.123,15499217.0,2026-04-01
1775088000000,9.123,9.186,8.612,8.746,16089064.0,2026-04-02
1775174400000,8.747,9.144,8.732,8.91,10530730.0,2026-04-03
1775260800000,8.91,9.108,8.831,8.985,7797040.0,2026-04-04
1775347200000,8.986,9.083,8.741,9.065,9677919.0,2026-04-05
1775433600000,9.065,9.663,8.794,8.892,24993743.0,2026-04-06
1775520000000,8.892,9.619,8.46,9.428,33116541.0,2026-04-07
1775606400000,9.429,9.561,9.033,9.049,19242166.0,2026-04-08
1775692800000,9.05,9.7,8.908,9.361,18549089.0,2026-04-09
1775779200000,9.361,9.56,9.24,9.39,14050488.0,2026-04-10
1775865600000,9.39,9.61,9.184,9.371,11532044.0,2026-04-11
1775952000000,9.372,9.386,8.924,9.025,14021473.0,2026-04-12
1776038400000,9.026,9.716,8.961,9.659,20113775.0,2026-04-13
1776124800000,9.659,9.705,9.206,9.296,16539577.0,2026-04-14
1776211200000,9.296,9.567,9.254,9.43,12869994.0,2026-04-15
1776297600000,9.431,9.883,9.257,9.723,23192019.0,2026-04-16
1776384000000,9.724,10.006,9.441,9.715,17871083.0,2026-04-17
1776470400000,9.715,9.779,9.291,9.328,12277346.0,2026-04-18
1776556800000,9.328,9.354,8.961,8.999,13754972.0,2026-04-19
1776643200000,9.0,9.432,8.979,9.269,13241335.0,2026-04-20
1776729600000,9.269,9.532,9.163,9.388,14091723.0,2026-04-21
1776816000000,9.389,9.673,9.322,9.33,11736156.0,2026-04-22
1776902400000,9.331,9.446,9.142,9.376,12700780.0,2026-04-23
1776988800000,9.377,9.476,9.277,9.396,8822758.0,2026-04-24
1777075200000,9.396,9.498,9.278,9.358,6823358.0,2026-04-25
1777161600000,9.359,9.541,9.309,9.45,9374966.0,2026-04-26
1777248000000,9.451,9.56,9.076,9.262,12491225.0,2026-04-27
1777334400000,9.263,9.27,9.103,9.171,9346250.0,2026-04-28
1777420800000,9.172,9.442,8.908,9.119,16271612.0,2026-04-29
1777507200000,9.119,9.224,9.044,9.09,9412493.0,2026-04-30
1777593600000,9.09,9.267,9.054,9.082,9347232.0,2026-05-01
1777680000000,9.083,9.245,9.06,9.182,7270084.0,2026-05-02
1777766400000,9.182,9.195,8.963,9.079,10594207.0,2026-05-03
1777852800000,9.08,9.377,8.987,9.168,21184395.0,2026-05-04
1777939200000,9.169,9.527,9.169,9.399,12792564.0,2026-05-05
1778025600000,9.399,9.774,9.358,9.609,14672018.0,2026-05-06
1778112000000,9.61,9.698,9.364,9.498,12892111.0,2026-05-07
1778198400000,9.499,10.018,9.423,9.903,13253220.0,2026-05-08
1778284800000,9.903,10.118,9.792,9.957,9138917.0,2026-05-09
1778371200000,9.957,10.483,9.846,10.222,17245340.0,2026-05-10
1778457600000,10.222,10.268,9.966,10.128,13692720.0,2026-05-11
1778544000000,10.128,10.163,9.669,9.83,14749456.0,2026-05-12
1778630400000,9.83,10.152,9.613,9.75,14162368.0,2026-05-13
1778716800000,9.75,10.133,9.626,9.901,14013307.0,2026-05-14
1778803200000,9.901,9.958,9.401,9.532,13967334.0,2026-05-15
1778889600000,9.533,9.567,9.185,9.285,9282418.0,2026-05-16
1778976000000,9.285,9.413,8.932,9.19,10056205.0,2026-05-17
1779062400000,9.19,9.265,9.006,9.245,12972329.0,2026-05-18
1779148800000,9.245,9.314,9.015,9.1,8193128.0,2026-05-19
1779235200000,9.101,9.396,9.058,9.292,10215197.0,2026-05-20
1779321600000,9.292,9.514,9.242,9.448,12550370.0,2026-05-21
1779408000000,9.448,9.599,9.09,9.148,12862921.0,2026-05-22
1779494400000,9.148,9.59,8.833,9.385,15820511.0,2026-05-23
1779580800000,9.386,9.426,9.061,9.208,8610834.0,2026-05-24
1779667200000,9.208,9.505,9.148,9.304,9576727.0,2026-05-25
1779753600000,9.304,9.488,9.112,9.135,12308889.0,2026-05-26
1779840000000,9.136,9.288,8.988,9.035,10633455.0,2026-05-27
1779926400000,9.034,9.071,8.705,8.922,14168847.0,2026-05-28
1780012800000,8.922,9.0,8.648,8.822,11817239.0,2026-05-29
1780099200000,8.823,9.045,8.808,8.942,6696524.0,2026-05-30
1780185600000,8.942,9.081,8.791,8.98,8892314.0,2026-05-31
1780272000000,8.981,9.071,8.671,8.932,14869055.0,2026-06-01
1780358400000,8.932,8.941,8.02,8.176,19999936.0,2026-06-02
1780444800000,8.177,8.368,7.9,8.044,16169429.0,2026-06-03
1780531200000,8.044,8.114,7.505,7.701,20127885.0,2026-06-04
1780617600000,7.7,7.721,6.578,6.723,41859421.0,2026-06-05
1780704000000,6.724,6.93,6.218,6.659,25738467.0,2026-06-06
1780790400000,6.66,6.967,6.503,6.814,18766595.0,2026-06-07
1780876800000,6.814,6.88,6.528,6.762,15417698.0,2026-06-08
1780963200000,6.762,6.789,6.436,6.634,14848698.0,2026-06-09
1781049600000,6.635,6.675,6.292,6.376,16308833.0,2026-06-10
1781136000000,6.377,6.705,6.376,6.645,13442407.0,2026-06-11
1781222400000,6.645,6.695,6.514,6.567,9696410.0,2026-06-12
1781308800000,6.567,6.772,6.553,6.714,7521323.0,2026-06-13
1781395200000,6.715,6.788,6.371,6.787,11611280.0,2026-06-14
1781481600000,6.786,7.076,6.695,6.834,16522610.0,2026-06-15
1781568000000,6.835,7.047,6.707,6.877,12442907.0,2026-06-16
1781654400000,6.876,7.018,6.644,6.762,15979546.0,2026-06-17
1781740800000,6.762,6.799,6.206,6.312,17803286.0,2026-06-18
1781827200000,6.313,6.32,5.673,5.89,33756549.0,2026-06-19
1781913600000,5.89,6.258,5.824,6.234,23343378.0,2026-06-20
1782000000000,6.234,6.37,6.091,6.109,12168860.0,2026-06-21
1782086400000,6.108,6.468,6.108,6.236,13819768.0,2026-06-22
1782172800000,6.237,6.525,6.003,6.48,21114578.0,2026-06-23
1782259200000,6.479,6.54,5.989,6.442,19759162.0,2026-06-24
1782345600000,6.442,6.635,5.946,6.231,19600161.0,2026-06-25
1782432000000,6.232,6.629,5.957,6.629,18876234.0,2026-06-26
1782518400000,6.629,6.67,6.33,6.427,11971912.0,2026-06-27
1782604800000,6.428,6.485,6.266,6.443,8225668.0,2026-06-28
1782691200000,6.443,6.818,6.359,6.674,15688240.0,2026-06-29
1782777600000,6.675,6.677,6.381,6.534,10684775.0,2026-06-30
1782864000000,6.534,6.81,6.421,6.662,12593917.0,2026-07-01
1782950400000,6.662,6.877,6.607,6.798,11258707.0,2026-07-02
1783036800000,6.798,7.041,6.779,6.944,10937168.0,2026-07-03
1783123200000,6.943,7.112,6.812,6.962,8528402.0,2026-07-04
1783209600000,6.962,7.006,6.745,6.922,9951085.0,2026-07-05
1783296000000,6.922,7.088,6.706,6.927,13600270.0,2026-07-06
1783382400000,6.928,6.948,6.644,6.686,12063729.0,2026-07-07
1783468800000,6.687,6.695,6.311,6.471,13018075.0,2026-07-08
1783555200000,6.471,6.809,6.423,6.675,11805590.0,2026-07-09
1783641600000,6.676,6.833,6.648,6.735,8241083.0,2026-07-10
1783728000000,6.735,6.788,6.537,6.546,5807118.0,2026-07-11
1783814400000,6.546,6.546,6.272,6.403,12094998.0,2026-07-12
1783900800000,6.403,6.682,6.331,6.447,16318330.0,2026-07-13
1783987200000,6.447,6.71,6.415,6.709,10274602.0,2026-07-14
1784073600000,6.71,6.771,6.603,6.698,10108880.0,2026-07-15
1784160000000,6.697,6.737,6.476,6.511,8902880.0,2026-07-16
1784246400000,6.512,6.648,6.365,6.585,9534545.0,2026-07-17
1784332800000,6.585,6.66,6.508,6.57,5230399.0,2026-07-18
1784419200000,6.571,6.634,6.385,6.462,7393871.0,2026-07-19
1784505600000,6.462,6.65,6.438,6.577,11476695.0,2026-07-20
1784592000000,6.577,6.685,6.519,6.567,8053699.0,2026-07-21
1784678400000,6.567,6.662,6.457,6.623,7999163.0,2026-07-22
1784764800000,6.622,6.652,6.19,6.262,12465523.0,2026-07-23
1784851200000,6.262,6.316,6.131,6.301,8966310.0,2026-07-24
1784937600000,6.301,6.844,6.227,6.776,16631733.0,2026-07-25
1785024000000,6.776,6.831,6.641,6.742,9701074.0,2026-07-26
1785110400000,6.743,6.743,6.37,6.402,11809758.0,2026-07-27
1785196800000,6.402,6.626,6.353,6.574,8005611.0,2026-07-28
1785283200000,6.574,6.638,6.304,6.428,9229801.0,2026-07-29
1785369600000,6.427,6.525,6.387,6.43,5760747.0,2026-07-30
1785456000000,6.43,6.542,6.325,6.383,8463045.0,2026-07-31
1785542400000,6.384,6.45,6.033,6.185,8984656.0,2026-08-01
1785628800000,6.185,6.686,6.178,6.55,13422970.0,2026-08-02
1785715200000,6.551,6.596,6.364,6.572,7834366.0,2026-08-03
1785801600000,6.572,6.986,6.558,6.685,13533462.0,2026-08-04
1785888000000,6.684,6.72,6.524,6.657,8731779.0,2026-08-05
1785974400000,6.657,6.699,6.338,6.437,11941778.0,2026-08-06
1786060800000,6.436,6.527,6.355,6.428,6912306.0,2026-08-07
1786147200000,6.428,6.592,6.415,6.475,5242255.0,2026-08-08
1786233600000,6.475,6.589,6.358,6.415,5428375.0,2026-08-09
1786320000000,6.416,6.58,6.369,6.432,7420262.0,2026-08-10
1786406400000,6.431,6.556,6.102,6.317,12142174.0,2026-08-11
1786492800000,6.318,6.55,6.206,6.316,13141594.0,2026-08-12
1786579200000,6.315,6.549,6.312,6.453,9794433.0,2026-08-13
1786665600000,6.453,6.492,6.344,6.474,6190779.0,2026-08-14
1786752000000,6.474,6.879,6.296,6.328,15384128.0,2026-08-15
1786838400000,6.328,6.435,6.216,6.326,8230420.0,2026-08-16
1786924800000,6.326,6.4,6.288,6.347,8247096.0,2026-08-17
1787011200000,6.346,6.451,6.231,6.331,8428403.0,2026-08-18
1787097600000,6.332,6.886,6.278,6.778,21443796.0,2026-08-19
1787184000000,6.778,7.324,6.692,7.293,24322998.0,2026-08-20
1787270400000,7.293,7.899,7.218,7.841,28943463.0,2026-08-21
1787356800000,7.841,8.331,6.962,7.495,25476662.0,2026-08-22
1787443200000,7.494,7.678,7.274,7.61,11929048.0,2026-08-23
1787529600000,7.609,7.647,7.39,7.543,13894792.0,2026-08-24
1787616000000,7.543,7.733,7.225,7.323,12870487.0,2026-08-25
1787702400000,7.323,7.457,7.148,7.439,9508724.0,2026-08-26
1787788800000,7.439,7.579,7.289,7.523,11393370.0,2026-08-27
1787875200000,7.522,7.594,7.2,7.305,11366228.0,2026-08-28
1787961600000,7.304,7.367,7.219,7.326,4200615.0,2026-08-29
1788048000000,7.327,7.468,7.0,7.109,9441757.0,2026-08-30
1788134400000,7.108,7.263,7.075,7.229,8034759.0,2026-08-31
1788220800000,7.229,7.359,7.137,7.214,9438049.0,2026-09-01
1788307200000,7.215,7.254,7.035,7.19,8784192.0,2026-09-02
1788393600000,7.19,7.347,7.128,7.321,3222307.0,2026-09-03
