ts,open,high,low,close,volume,date
1594339200000,0.003989,0.003989,0.00334,0.003535,7578204800.0,2020-07-10
1594425600000,0.003535,0.00396,0.003411,0.003812,6154154959.0,2020-07-11
1594512000000,0.00381,0.003861,0.003573,0.003648,2832682740.0,2020-07-12
1594598400000,0.003647,0.00366,0.002942,0.003159,7754495522.0,2020-07-13
1594684800000,0.003159,0.003401,0.003014,0.003293,4978543051.0,2020-07-14
1594771200000,0.003293,0.003293,0.003046,0.003088,3104188124.0,2020-07-15
1594857600000,0.003089,0.003093,0.00287,0.002985,3211986224.0,2020-07-16
1594944000000,0.002985,0.003095,0.002912,0.003057,3227239839.0,2020-07-17
1595030400000,0.003058,0.003678,0.003013,0.003436,13483791081.0,2020-07-18
1595116800000,0.003437,0.003779,0.003301,0.003385,7212773014.0,2020-07-19
1595203200000,0.003386,0.003432,0.003125,0.003216,3363031243.0,2020-07-20
1595289600000,0.003215,0.003321,0.00318,0.003302,2619443411.0,2020-07-21
1595376000000,0.003303,0.003314,0.003203,0.003292,1421543633.0,2020-07-22
1595462400000,0.003294,0.003349,0.003265,0.003307,1674318643.0,2020-07-23
1595548800000,0.003307,0.003314,0.003131,0.003213,1958265733.0,2020-07-24
1595635200000,0.003213,0.00333,0.00318,0.003261,1830671869.0,2020-07-25
1595721600000,0.00326,0.003297,0.003186,0.003239,1706816092.0,2020-07-26
1595808000000,0.00324,0.003253,0.002999,0.003162,2747068881.0,2020-07-27
1595894400000,0.003163,0.003233,0.003125,0.003189,1303272965.0,2020-07-28
1595980800000,0.00319,0.003306,0.003165,0.003173,1909850957.0,2020-07-29
1596067200000,0.003172,0.003245,0.003135,0.003228,1390413974.0,2020-07-30
1596153600000,0.003228,0.003242,0.003175,0.00323,1099731013.0,2020-07-31
1596240000000,0.00323,0.003872,0.003207,0.003715,10216943773.0,2020-08-01
1596326400000,0.003717,0.003798,0.003061,0.00334,5243937296.0,2020-08-02
1596412800000,0.00334,0.003446,0.003311,0.003384,2209764359.0,2020-08-03
1596499200000,0.003384,0.003581,0.003363,0.003552,4816227415.0,2020-08-04
1596585600000,0.003553,0.003595,0.003443,0.003506,2312327069.0,2020-08-05
1596672000000,0.003506,0.003656,0.00345,0.003562,2805190546.0,2020-08-06
1596758400000,0.003562,0.003621,0.003347,0.003496,2178416173.0,2020-08-07
1596844800000,0.003495,0.003524,0.003392,0.003524,1076365750.0,2020-08-08
1596931200000,0.003523,0.003538,0.003411,0.003471,1056863867.0,2020-08-09
1597017600000,0.003471,0.003565,0.003382,0.003505,1971519264.0,2020-08-10
1597104000000,0.003503,0.003588,0.003318,0.003397,2194380541.0,2020-08-11
1597190400000,0.003396,0.003506,0.003311,0.003468,1532632558.0,2020-08-12
1597276800000,0.003467,0.003526,0.003333,0.003491,1887102282.0,2020-08-13
1597363200000,0.003492,0.003606,0.003434,0.003579,1981401261.0,2020-08-14
1597449600000,0.003576,0.003637,0.003478,0.003541,2457133321.0,2020-08-15
1597536000000,0.00354,0.003567,0.003437,0.003535,1278782845.0,2020-08-16
1597622400000,0.003534,0.00374,0.0035,0.003589,2841739942.0,2020-08-17
1597708800000,0.00359,0.00373,0.003442,0.003476,2074922672.0,2020-08-18
1597795200000,0.003474,0.003543,0.003325,0.003418,1997968591.0,2020-08-19
1597881600000,0.003419,0.003509,0.00337,0.003447,948698816.0,2020-08-20
1597968000000,0.003447,0.003577,0.003346,0.003379,2132572606.0,2020-08-21
1598054400000,0.00338,0.003457,0.003319,0.003434,1228543980.0,2020-08-22
1598140800000,0.003433,0.003462,0.003362,0.003398,1169334775.0,2020-08-23
1598227200000,0.003398,0.003478,0.003372,0.00341,1546024218.0,2020-08-24
1598313600000,0.00341,0.003423,0.003206,0.003289,2064895290.0,2020-08-25
1598400000000,0.003289,0.00338,0.003225,0.003285,1669395394.0,2020-08-26
1598486400000,0.003285,0.003306,0.003127,0.003195,1276766420.0,2020-08-27
1598572800000,0.003196,0.003266,0.003163,0.003255,413077106.0,2020-08-28
1598659200000,0.003258,0.003291,0.003228,0.003273,423529652.0,2020-08-29
1598745600000,0.003272,0.003348,0.003262,0.003298,730114289.0,2020-08-30
1598832000000,0.003298,0.003306,0.003184,0.00321,798332941.0,2020-08-31
1598918400000,0.00321,0.00328,0.003166,0.003242,1007053845.0,2020-09-01
1599004800000,0.003242,0.003267,0.002978,0.003117,1203122794.0,2020-09-02
1599091200000,0.003117,0.003126,0.002693,0.00276,1769023124.0,2020-09-03
1599177600000,0.002757,0.00296,0.002691,0.002877,1899751423.0,2020-09-04
1599264000000,0.002877,0.002921,0.002682,0.00276,1936238165.0,2020-09-05
1599350400000,0.00276,0.002804,0.00267,0.002779,1527135103.0,2020-09-06
1599436800000,0.002779,0.002835,0.002685,0.002816,1362343584.0,2020-09-07
1599523200000,0.002816,0.002838,0.002662,0.002745,1184173492.0,2020-09-08
1599609600000,0.002745,0.002805,0.002687,0.002778,610998890.0,2020-09-09
1599696000000,0.002779,0.002845,0.00275,0.002802,854280172.0,2020-09-10
1599782400000,0.002804,0.002814,0.002731,0.002796,940669101.0,2020-09-11
1599868800000,0.002795,0.00283,0.002755,0.002815,652617518.0,2020-09-12
1599955200000,0.002815,0.002818,0.002733,0.002787,841981215.0,2020-09-13
1600041600000,0.002788,0.002811,0.002732,0.002788,874423681.0,2020-09-14
1600128000000,0.002787,0.002872,0.002756,0.002829,1339001858.0,2020-09-15
1600214400000,0.002828,0.002854,0.002766,0.002809,1180482418.0,2020-09-16
1600300800000,0.002808,0.002859,0.002762,0.002805,898176923.0,2020-09-17
1600387200000,0.002804,0.002819,0.002744,0.002788,608368739.0,2020-09-18
1600473600000,0.002788,0.002808,0.002765,0.002793,602365810.0,2020-09-19
1600560000000,0.002791,0.002803,0.00272,0.002775,760394514.0,2020-09-20
1600646400000,0.002776,0.0028,0.002554,0.002593,1939239104.0,2020-09-21
1600732800000,0.002592,0.00266,0.002575,0.002641,710107241.0,2020-09-22
1600819200000,0.002639,0.002646,0.002526,0.00254,974296157.0,2020-09-23
1600905600000,0.002539,0.002659,0.00252,0.00263,1225171183.0,2020-09-24
1600992000000,0.002629,0.002709,0.002611,0.002689,1341974713.0,2020-09-25
1601078400000,0.002692,0.002761,0.002665,0.002696,608018941.0,2020-09-26
1601164800000,0.002695,0.00273,0.002654,0.002696,509560487.0,2020-09-27
1601251200000,0.002696,0.002737,0.002609,0.002645,648574910.0,2020-09-28
1601337600000,0.002644,0.002706,0.002628,0.002673,704060178.0,2020-09-29
1601424000000,0.002674,0.002678,0.002613,0.002633,580234140.0,2020-09-30
1601510400000,0.002633,0.002683,0.00255,0.002627,871273702.0,2020-10-01
1601596800000,0.002626,0.002627,0.002525,0.002589,1182999535.0,2020-10-02
1601683200000,0.00259,0.002629,0.002574,0.002589,378187650.0,2020-10-03
1601769600000,0.002588,0.002678,0.002583,0.002635,534497872.0,2020-10-04
1601856000000,0.002635,0.002656,0.002597,0.002611,380915695.0,2020-10-05
1601942400000,0.002612,0.00263,0.00256,0.002598,849199720.0,2020-10-06
1602028800000,0.002597,0.002609,0.002551,0.00259,1143917575.0,2020-10-07
1602115200000,0.00259,0.002633,0.002538,0.002603,1557792922.0,2020-10-08
1602201600000,0.002603,0.002672,0.002585,0.002651,1047459720.0,2020-10-09
1602288000000,0.002651,0.00272,0.002645,0.002662,1065993494.0,2020-10-10
1602374400000,0.00266,0.002707,0.002647,0.002671,943145140.0,2020-10-11
1602460800000,0.002672,0.002711,0.002626,0.002665,929857146.0,2020-10-12
1602547200000,0.002664,0.002675,0.00263,0.00264,946985509.0,2020-10-13
1602633600000,0.00264,0.002657,0.002612,0.002636,671409683.0,2020-10-14
1602720000000,0.002636,0.002639,0.002566,0.002593,690276286.0,2020-10-15
1602806400000,0.002593,0.002618,0.00255,0.002603,1111594391.0,2020-10-16
1602892800000,0.002603,0.002605,0.00257,0.002587,645765705.0,2020-10-17
1602979200000,0.002587,0.002607,0.002581,0.002588,1903692683.0,2020-10-18
1603065600000,0.002588,0.002621,0.00257,0.002593,2415786425.0,2020-10-19
1603152000000,0.002593,0.002622,0.00258,0.002594,791270865.0,2020-10-20
1603238400000,0.002594,0.002665,0.002594,0.002627,1112437851.0,2020-10-21
1603324800000,0.002626,0.002698,0.002624,0.002649,776563916.0,2020-10-22
1603411200000,0.002649,0.002691,0.002623,0.002645,776781230.0,2020-10-23
1603497600000,0.002645,0.002645,0.002609,0.002638,412487585.0,2020-10-24
1603584000000,0.002639,0.002674,0.002619,0.002653,661190723.0,2020-10-25
1603670400000,0.002653,0.002912,0.002629,0.002669,4454836618.0,2020-10-26
1603756800000,0.002669,0.002708,0.002612,0.002671,1130296817.0,2020-10-27
1603843200000,0.002671,0.002695,0.002561,0.002582,1513797468.0,2020-10-28
1603929600000,0.002582,0.002613,0.002506,0.002576,815101818.0,2020-10-29
1604016000000,0.002576,0.002596,0.002503,0.002583,1430931398.0,2020-10-30
1604102400000,0.002584,0.002602,0.002551,0.002568,718914518.0,2020-10-31
1604188800000,0.002568,0.002588,0.002552,0.002575,818024138.0,2020-11-01
1604275200000,0.002574,0.00259,0.002508,0.002514,1292758511.0,2020-11-02
1604361600000,0.002513,0.002526,0.002455,0.002519,755393101.0,2020-11-03
1604448000000,0.002518,0.002559,0.002484,0.002541,1331130484.0,2020-11-04
1604534400000,0.002541,0.002673,0.002541,0.002635,1097362967.0,2020-11-05
1604620800000,0.002635,0.002821,0.00263,0.002759,2816120885.0,2020-11-06
1604707200000,0.002759,0.002833,0.002601,0.002666,2968056353.0,2020-11-07
1604793600000,0.002667,0.002742,0.002645,0.002705,992715002.0,2020-11-08
1604880000000,0.002705,0.002792,0.002661,0.002674,1183853398.0,2020-11-09
1604966400000,0.002674,0.002894,0.002656,0.002761,1855574887.0,2020-11-10
1605052800000,0.002762,0.002871,0.00274,0.002757,1306325787.0,2020-11-11
1605139200000,0.002756,0.002806,0.002718,0.002779,615593489.0,2020-11-12
1605225600000,0.002779,0.002854,0.002769,0.002817,939887251.0,2020-11-13
1605312000000,0.002818,0.002828,0.002708,0.002776,898263080.0,2020-11-14
1605398400000,0.002776,0.002821,0.002723,0.002776,1038738954.0,2020-11-15
1605484800000,0.002775,0.00305,0.002756,0.002897,4169009009.0,2020-11-16
1605571200000,0.002898,0.003023,0.002887,0.002947,2716080517.0,2020-11-17
1605657600000,0.002948,0.003029,0.002813,0.002911,2999996640.0,2020-11-18
1605744000000,0.002911,0.002982,0.002858,0.002916,1916570314.0,2020-11-19
1605830400000,0.002915,0.003032,0.002906,0.002998,2342929512.0,2020-11-20
1605916800000,0.002998,0.00362,0.002988,0.003522,9536649180.0,2020-11-21
1606003200000,0.003523,0.003715,0.003147,0.003344,6592100020.0,2020-11-22
1606089600000,0.003344,0.003706,0.003228,0.00369,5030942545.0,2020-11-23
1606176000000,0.003689,0.004304,0.003533,0.004273,13561264187.0,2020-11-24
1606262400000,0.004271,0.004319,0.003579,0.003722,7061733413.0,2020-11-25
1606348800000,0.003723,0.003808,0.002943,0.003254,8265542377.0,2020-11-26
1606435200000,0.003255,0.003362,0.00308,0.003278,2314045441.0,2020-11-27
1606521600000,0.003277,0.003488,0.003235,0.003395,1936345289.0,2020-11-28
1606608000000,0.003395,0.00353,0.003339,0.003443,1010505181.0,2020-11-29
1606694400000,0.003444,0.0036,0.003387,0.003568,1826957026.0,2020-11-30
1606780800000,0.003566,0.003593,0.003247,0.003325,2126879184.0,2020-12-01
1606867200000,0.003324,0.003439,0.003267,0.003363,1183106222.0,2020-12-02
1606953600000,0.003362,0.003523,0.003339,0.003424,1556133132.0,2020-12-03
1607040000000,0.003423,0.003444,0.003265,0.003287,1288605108.0,2020-12-04
1607126400000,0.003286,0.003417,0.003245,0.003398,797785234.0,2020-12-05
1607212800000,0.003398,0.003448,0.003343,0.003391,564809646.0,2020-12-06
1607299200000,0.003391,0.003406,0.003303,0.003341,427527036.0,2020-12-07
1607385600000,0.00334,0.003364,0.003107,0.003176,1076869765.0,2020-12-08
1607472000000,0.003176,0.003185,0.003003,0.00315,1020299434.0,2020-12-09
1607558400000,0.003151,0.003171,0.003057,0.003096,525283399.0,2020-12-10
1607644800000,0.0031,0.003107,0.003,0.003069,949285980.0,2020-12-11
1607731200000,0.00307,0.003189,0.003066,0.003153,760549836.0,2020-12-12
1607817600000,0.003154,0.003275,0.003142,0.00326,999837337.0,2020-12-13
1607904000000,0.00326,0.003283,0.00319,0.003224,675069936.0,2020-12-14
1607990400000,0.003225,0.003256,0.003166,0.003206,684980304.0,2020-12-15
1608076800000,0.003207,0.003434,0.003175,0.003422,1908833423.0,2020-12-16
1608163200000,0.003422,0.004139,0.003403,0.003732,7844233058.0,2020-12-17
1608249600000,0.003728,0.004006,0.0036,0.003866,3390531520.0,2020-12-18
1608336000000,0.003867,0.00405,0.003798,0.00393,2551219594.0,2020-12-19
1608422400000,0.003927,0.004756,0.003817,0.004642,16279135613.0,2020-12-20
1608508800000,0.004641,0.005445,0.0043,0.004778,18755209024.0,2020-12-21
1608595200000,0.004777,0.004846,0.004329,0.004521,6379411827.0,2020-12-22
1608681600000,0.004525,0.004775,0.003581,0.003755,5772921591.0,2020-12-23
1608768000000,0.003756,0.004599,0.003658,0.004575,4472929810.0,2020-12-24
1608854400000,0.004579,0.004642,0.004367,0.004565,3819609004.0,2020-12-25
1608940800000,0.004565,0.004673,0.004401,0.004519,3090781583.0,2020-12-26
1609027200000,0.004519,0.004841,0.004387,0.004554,4044523113.0,2020-12-27
1609113600000,0.004551,0.004744,0.004495,0.004609,2313272273.0,2020-12-28
1609200000000,0.004608,0.004644,0.00424,0.004498,2431306696.0,2020-12-29
1609286400000,0.004502,0.004752,0.004438,0.004635,2061932177.0,2020-12-30
1609372800000,0.004638,0.004775,0.004522,0.004678,1791408661.0,2020-12-31
1609459200000,0.004679,0.00569,0.004617,0.00568,4582399306.0,2021-01-01
1609545600000,0.00568,0.014076,0.00555,0.010542,98909809915.0,2021-01-02
1609632000000,0.010543,0.014,0.009331,0.009877,58969892265.0,2021-01-03
1609718400000,0.009878,0.011554,0.0077,0.009796,26513693076.0,2021-01-04
1609804800000,0.009796,0.010345,0.008848,0.01,9898853432.0,2021-01-05
1609891200000,0.009994,0.011077,0.009533,0.010468,9302684365.0,2021-01-06
1609977600000,0.010468,0.010634,0.008908,0.009767,5072262793.0,2021-01-07
1610064000000,0.009775,0.010353,0.008767,0.009755,4745569525.0,2021-01-08
1610150400000,0.009758,0.010809,0.00966,0.010202,4922822551.0,2021-01-09
1610236800000,0.010205,0.010981,0.009,0.009841,5116967631.0,2021-01-10
1610323200000,0.009842,0.00989,0.00666,0.008801,8037098845.0,2021-01-11
1610409600000,0.0088,0.009154,0.007825,0.008067,3816093963.0,2021-01-12
1610496000000,0.008063,0.008686,0.007729,0.008675,2595745235.0,2021-01-13
1610582400000,0.008671,0.010109,0.008328,0.009419,5379574575.0,2021-01-14
1610668800000,0.009421,0.009899,0.008308,0.00937,4811000772.0,2021-01-15
1610755200000,0.00937,0.0096,0.009069,0.009245,2330401038.0,2021-01-16
1610841600000,0.009241,0.009438,0.008764,0.00912,2475254242.0,2021-01-17
1610928000000,0.009116,0.009366,0.00893,0.009197,1877829693.0,2021-01-18
1611014400000,0.009196,0.009688,0.008926,0.009048,2680863591.0,2021-01-19
1611100800000,0.009055,0.009179,0.008501,0.00907,2147914094.0,2021-01-20
1611187200000,0.009079,0.009124,0.008,0.008148,2241925996.0,2021-01-21
1611273600000,0.008149,0.008765,0.007527,0.00852,2396122981.0,2021-01-22
1611360000000,0.008511,0.00881,0.008351,0.008586,1547384028.0,2021-01-23
1611446400000,0.008587,0.008982,0.008485,0.008724,1714852689.0,2021-01-24
1611532800000,0.008722,0.008901,0.008178,0.008355,1784604947.0,2021-01-25
1611619200000,0.008354,0.008472,0.007933,0.008234,1353054515.0,2021-01-26
1611705600000,0.008228,0.008237,0.007235,0.007416,2291399287.0,2021-01-27
1611792000000,0.007414,0.038,0.00727,0.036324,171184215324.0,2021-01-28
1611878400000,0.036367,0.0887,0.0315,0.045883,118303297172.0,2021-01-29
1611964800000,0.045873,0.050646,0.022147,0.02799,62852216868.0,2021-01-30
1612051200000,0.02799,0.047891,0.026516,0.036885,41815094949.0,2021-01-31
1612137600000,0.036868,0.043949,0.03265,0.034835,22740530552.0,2021-02-01
1612224000000,0.034837,0.035382,0.028768,0.031357,11457707755.0,2021-02-02
1612310400000,0.031366,0.039878,0.031065,0.03736,12354356352.0,2021-02-03
1612396800000,0.03736,0.061316,0.035955,0.052782,52499797204.0,2021-02-04
1612483200000,0.052781,0.054279,0.0432,0.04683,15972015450.0,2021-02-05
1612569600000,0.046857,0.059119,0.043959,0.057716,17119105089.0,2021-02-06
1612656000000,0.057716,0.08781,0.05274,0.07803,39258351272.0,2021-02-07
1612742400000,0.07803,0.086134,0.063154,0.079054,28236424803.0,2021-02-08
1612828800000,0.079053,0.084614,0.063647,0.070186,16841386224.0,2021-02-09
1612915200000,0.070194,0.082722,0.065,0.072645,14042973932.0,2021-02-10
1613001600000,0.072645,0.0759,0.068133,0.069763,6060839531.0,2021-02-11
1613088000000,0.06974,0.073498,0.061374,0.069928,7224823899.0,2021-02-12
1613174400000,0.069935,0.072183,0.065748,0.066373,3817971230.0,2021-02-13
1613260800000,0.066363,0.066764,0.0556,0.062711,9205733242.0,2021-02-14
1613347200000,0.062711,0.0644,0.046005,0.056511,12758593350.0,2021-02-15
1613433600000,0.056514,0.059981,0.050653,0.053591,6549110308.0,2021-02-16
1613520000000,0.053598,0.05528,0.047825,0.049527,5461403619.0,2021-02-17
1613606400000,0.049527,0.064735,0.049046,0.058838,12738875400.0,2021-02-18
1613692800000,0.058828,0.059839,0.054,0.05519,5525192213.0,2021-02-19
1613779200000,0.055172,0.061578,0.050264,0.054153,7603284797.0,2021-02-20
1613865600000,0.054154,0.05985,0.05325,0.056063,5256189523.0,2021-02-21
1613952000000,0.05609,0.061123,0.045,0.053657,7875401899.0,2021-02-22
1614038400000,0.053635,0.053913,0.04139,0.04768,6429794100.0,2021-02-23
1614124800000,0.04768,0.060384,0.045925,0.056731,9787125409.0,2021-02-24
1614211200000,0.056747,0.058097,0.049294,0.049879,4729276638.0,2021-02-25
1614297600000,0.04988,0.05255,0.048416,0.050426,3493416615.0,2021-02-26
1614384000000,0.050444,0.052263,0.049067,0.050115,2262252639.0,2021-02-27
1614470400000,0.050099,0.050286,0.0446,0.048171,2600455626.0,2021-02-28
1614556800000,0.048147,0.052958,0.047883,0.050613,2657735387.0,2021-03-01
1614643200000,0.050615,0.052463,0.049104,0.050227,1925846828.0,2021-03-02
1614729600000,0.050225,0.052298,0.049778,0.050425,1764127924.0,2021-03-03
1614816000000,0.050429,0.051227,0.04752,0.049999,1800644009.0,2021-03-04
1614902400000,0.049999,0.051122,0.048,0.04953,1708055244.0,2021-03-05
1614988800000,0.049524,0.052759,0.049037,0.05093,2964704101.0,2021-03-06
1615075200000,0.050949,0.052735,0.0504,0.052056,1432549398.0,2021-03-07
1615161600000,0.05208,0.06324,0.05165,0.063076,6914041457.0,2021-03-08
1615248000000,0.063041,0.06317,0.05604,0.058013,3368967810.0,2021-03-09
1615334400000,0.058013,0.058889,0.054396,0.055951,2276952348.0,2021-03-10
1615420800000,0.05594,0.057093,0.054328,0.056056,1771955457.0,2021-03-11
1615507200000,0.056051,0.057162,0.054103,0.055367,1635930605.0,2021-03-12
1615593600000,0.055363,0.063079,0.054768,0.062816,3601684088.0,2021-03-13
1615680000000,0.062822,0.064,0.058168,0.058168,4508165067.0,2021-03-14
1615766400000,0.058168,0.059973,0.054975,0.05708,2566102773.0,2021-03-15
1615852800000,0.057047,0.059211,0.05535,0.058765,1823934734.0,2021-03-16
1615939200000,0.058766,0.059111,0.056585,0.05799,1142594487.0,2021-03-17
1616025600000,0.058003,0.059443,0.05703,0.057427,1424752061.0,2021-03-18
1616112000000,0.057416,0.05998,0.05641,0.058323,1788564460.0,2021-03-19
1616198400000,0.058343,0.060729,0.058045,0.058961,1771895240.0,2021-03-20
1616284800000,0.058961,0.059693,0.056718,0.05758,1271568676.0,2021-03-21
1616371200000,0.05758,0.058079,0.05431,0.054912,1385118576.0,2021-03-22
1616457600000,0.054919,0.056203,0.052489,0.053431,1578771408.0,2021-03-23
1616544000000,0.053452,0.056737,0.050628,0.051532,2089166201.0,2021-03-24
1616630400000,0.051503,0.052505,0.049594,0.051311,1748593813.0,2021-03-25
1616716800000,0.05131,0.054088,0.05128,0.053992,910230175.0,2021-03-26
1616803200000,0.053969,0.055532,0.053462,0.054474,1169958460.0,2021-03-27
1616889600000,0.054471,0.054983,0.053041,0.053726,783748307.0,2021-03-28
1616976000000,0.053726,0.054772,0.05328,0.054191,941670981.0,2021-03-29
1617062400000,0.05418,0.055751,0.053801,0.054096,1479637008.0,2021-03-30
1617148800000,0.054107,0.054633,0.051495,0.053814,1314302348.0,2021-03-31
1617235200000,0.053828,0.07045,0.053716,0.062151,20004335658.0,2021-04-01
1617321600000,0.062155,0.062937,0.057322,0.057769,3088848497.0,2021-04-02
1617408000000,0.057772,0.059745,0.055539,0.055574,2118809097.0,2021-04-03
1617494400000,0.05556,0.058308,0.0551,0.057457,1491605437.0,2021-04-04
1617580800000,0.057473,0.060916,0.056309,0.060085,2976420990.0,2021-04-05
1617667200000,0.060082,0.065591,0.058023,0.06445,5427022749.0,2021-04-06
1617753600000,0.064448,0.067555,0.057037,0.058838,5106092931.0,2021-04-07
1617840000000,0.058833,0.062408,0.058694,0.06188,1840507953.0,2021-04-08
1617926400000,0.061881,0.064371,0.060594,0.0617,2719276628.0,2021-04-09
1618012800000,0.061704,0.065454,0.061078,0.06379,3090900169.0,2021-04-10
1618099200000,0.06382,0.080221,0.063541,0.074548,16828625597.0,2021-04-11
1618185600000,0.074551,0.075672,0.068847,0.070802,4483273664.0,2021-04-12
1618272000000,0.070801,0.096607,0.070792,0.094752,15820107379.0,2021-04-13
1618358400000,0.094744,0.145678,0.092521,0.121712,46244474443.0,2021-04-14
1618444800000,0.121715,0.191163,0.1201,0.181654,29608716241.0,2021-04-15
1618531200000,0.181646,0.459535,0.178591,0.365462,66578827757.0,2021-04-16
1618617600000,0.365462,0.381853,0.234656,0.282716,29483321129.0,2021-04-17
1618704000000,0.282732,0.352159,0.231307,0.322905,22268639112.0,2021-04-18
1618790400000,0.322945,0.437976,0.308473,0.409251,25093775445.0,2021-04-19
1618876800000,0.409191,0.426976,0.2708,0.317516,26986008868.0,2021-04-20
1618963200000,0.317475,0.346854,0.295935,0.305983,13058132421.0,2021-04-21
1619049600000,0.305983,0.309534,0.252715,0.260918,16036450485.0,2021-04-22
1619136000000,0.260779,0.269667,0.161,0.249846,24935047702.0,2021-04-23
1619222400000,0.249827,0.29,0.227573,0.270031,13388704351.0,2021-04-24
1619308800000,0.270045,0.288744,0.224,0.251418,8794483595.0,2021-04-25
1619395200000,0.251418,0.280951,0.246797,0.271959,5842284969.0,2021-04-26
1619481600000,0.271924,0.28049,0.264522,0.272527,3566438620.0,2021-04-27
1619568000000,0.272541,0.34567,0.255153,0.323484,16073481138.0,2021-04-28
1619654400000,0.323483,0.325,0.295378,0.305181,4554167366.0,2021-04-29
1619740800000,0.3052,0.340487,0.302308,0.337754,4414201679.0,2021-04-30
1619827200000,0.337806,0.3982,0.328041,0.391209,7644087358.0,2021-05-01
1619913600000,0.391282,0.401118,0.360444,0.374584,5795718650.0,2021-05-02
1620000000000,0.374575,0.44979,0.374332,0.441713,7401785182.0,2021-05-03
1620086400000,0.441641,0.61359,0.390692,0.53873,27116343562.0,2021-05-04
1620172800000,0.538729,0.697237,0.527432,0.654868,21713961754.0,2021-05-05
1620259200000,0.654821,0.667527,0.541234,0.581771,9441247424.0,2021-05-06
1620345600000,0.58179,0.735,0.518629,0.691522,13720257353.0,2021-05-07
1620432000000,0.691311,0.744178,0.6,0.637855,13752224545.0,2021-05-08
1620518400000,0.637878,0.703155,0.423,0.570961,31017630718.0,2021-05-09
1620604800000,0.570871,0.572255,0.417818,0.450736,12040368003.0,2021-05-10
1620691200000,0.450793,0.5475,0.4427,0.49374,9013439094.0,2021-05-11
1620777600000,0.49374,0.52334,0.3771,0.39081,6236459310.0,2021-05-12
1620864000000,0.39082,0.5197,0.348553,0.48959,12722331880.0,2021-05-13
1620950400000,0.4895,0.59092,0.464,0.55993,10763233974.0,2021-05-14
1621036800000,0.55993,0.56418,0.49,0.50849,5254525687.0,2021-05-15
1621123200000,0.50841,0.55,0.44938,0.51351,4924406217.0,2021-05-16
1621209600000,0.5134,0.51636,0.4559,0.48789,4188606628.0,2021-05-17
1621296000000,0.48786,0.51594,0.46859,0.47601,2860038597.0,2021-05-18
1621382400000,0.4761,0.47968,0.1958,0.32949,9876730352.0,2021-05-19
1621468800000,0.32946,0.43502,0.29406,0.39736,9913741424.0,2021-05-20
1621555200000,0.39735,0.41193,0.31287,0.35774,6078425496.0,2021-05-21
1621641600000,0.35757,0.364,0.31628,0.342,5005830923.0,2021-05-22
1621728000000,0.34198,0.35079,0.24691,0.3062,7612111774.0,2021-05-23
1621814400000,0.30618,0.37681,0.29482,0.36535,6437227744.0,2021-05-24
1621900800000,0.36549,0.3799,0.3214,0.34578,4828804122.0,2021-05-25
1621987200000,0.34578,0.36678,0.33592,0.35248,3011446776.0,2021-05-26
1622073600000,0.35258,0.3528,0.32642,0.33393,2315618217.0,2021-05-27
1622160000000,0.33389,0.34774,0.30016,0.31128,4174310985.0,2021-05-28
1622246400000,0.31128,0.31796,0.2791,0.30281,3109893772.0,2021-05-29
1622332800000,0.30283,0.3108,0.28645,0.30181,2457410538.0,2021-05-30
1622419200000,0.30189,0.33008,0.2937,0.32556,2895309962.0,2021-05-31
1622505600000,0.32557,0.38488,0.31114,0.37047,6990631875.0,2021-06-01
1622592000000,0.37044,0.447,0.35115,0.42375,18180508273.0,2021-06-02
1622678400000,0.42373,0.44203,0.3771,0.40083,11541216581.0,2021-06-03
1622764800000,0.40083,0.40256,0.35,0.37621,10170257472.0,2021-06-04
1622851200000,0.37625,0.39504,0.35946,0.37113,6037389520.0,2021-06-05
1622937600000,0.37113,0.3769,0.36636,0.37146,2600118107.0,2021-06-06
1623024000000,0.37146,0.38,0.32707,0.33133,4371538268.0,2021-06-07
1623110400000,0.33133,0.34136,0.295,0.32572,6926460846.0,2021-06-08
1623196800000,0.32572,0.355,0.31202,0.34321,5366473764.0,2021-06-09
1623283200000,0.34323,0.345,0.32234,0.32619,3336899619.0,2021-06-10
1623369600000,0.3262,0.33351,0.31046,0.31865,2866430049.0,2021-06-11
1623456000000,0.31866,0.31928,0.30002,0.3121,2932743869.0,2021-06-12
1623542400000,0.31208,0.33023,0.3073,0.32401,2137839434.0,2021-06-13
1623628800000,0.32396,0.33796,0.31979,0.32769,2390370111.0,2021-06-14
1623715200000,0.3277,0.3306,0.31623,0.32021,1862675091.0,2021-06-15
1623801600000,0.32021,0.32148,0.30491,0.3079,1863007022.0,2021-06-16
1623888000000,0.30786,0.31417,0.3026,0.30629,1415148619.0,2021-06-17
1623974400000,0.30629,0.30774,0.27943,0.29319,2679105318.0,2021-06-18
1624060800000,0.29315,0.29797,0.28552,0.28561,1610372801.0,2021-06-19
1624147200000,0.28559,0.28959,0.25488,0.28021,3493202871.0,2021-06-20
1624233600000,0.28022,0.28105,0.165,0.17835,16150707490.0,2021-06-21
1624320000000,0.17832,0.2165,0.16275,0.19061,23802952080.0,2021-06-22
1624406400000,0.19068,0.24846,0.18,0.23472,15240751168.0,2021-06-23
1624492800000,0.23474,0.269,0.22162,0.26346,10464102628.0,2021-06-24
1624579200000,0.26351,0.28941,0.22867,0.23728,18154832879.0,2021-06-25
1624665600000,0.23722,0.25532,0.23057,0.2458,9464698093.0,2021-06-26
1624752000000,0.24578,0.26756,0.24005,0.26462,6091206138.0,2021-06-27
1624838400000,0.26463,0.26722,0.25,0.25681,4799314000.0,2021-06-28
1624924800000,0.25681,0.27576,0.25201,0.26339,5097317319.0,2021-06-29
1625011200000,0.2634,0.2639,0.23741,0.25379,4843117059.0,2021-06-30
1625097600000,0.25376,0.2749,0.23784,0.24369,6905804832.0,2021-07-01
1625184000000,0.24369,0.2493,0.23827,0.24501,3281545712.0,2021-07-02
1625270400000,0.24501,0.25048,0.242,0.24624,2051189024.0,2021-07-03
1625356800000,0.24626,0.25325,0.2432,0.24634,2077071243.0,2021-07-04
1625443200000,0.24635,0.24635,0.22509,0.23089,3258964610.0,2021-07-05
1625529600000,0.23089,0.242,0.22912,0.23408,2666777480.0,2021-07-06
1625616000000,0.23409,0.23867,0.22043,0.22374,2051755760.0,2021-07-07
1625702400000,0.22378,0.22468,0.20118,0.20694,3634035636.0,2021-07-08
1625788800000,0.20694,0.2295,0.195,0.21956,8011611491.0,2021-07-09
1625875200000,0.21956,0.22817,0.20955,0.21373,2929111698.0,2021-07-10
1625961600000,0.21374,0.21927,0.21052,0.216,1736919889.0,2021-07-11
1626048000000,0.21599,0.219,0.20377,0.2077,2445687037.0,2021-07-12
1626134400000,0.20766,0.20888,0.1974,0.19991,2379489572.0,2021-07-13
1626220800000,0.19992,0.20455,0.18725,0.19759,3612784914.0,2021-07-14
1626307200000,0.19757,0.20089,0.18041,0.18532,3075177465.0,2021-07-15
1626393600000,0.18531,0.18831,0.17102,0.17193,3930502480.0,2021-07-16
1626480000000,0.17188,0.20514,0.16865,0.18739,9246046828.0,2021-07-17
1626566400000,0.18742,0.196,0.18004,0.18144,5454605572.0,2021-07-18
1626652800000,0.18144,0.18427,0.17029,0.17357,4307078433.0,2021-07-19
1626739200000,0.17357,0.17995,0.15933,0.17037,7788975282.0,2021-07-20
1626825600000,0.17037,0.21437,0.16822,0.19039,17467075533.0,2021-07-21
1626912000000,0.19043,0.19648,0.18621,0.19119,5488885598.0,2021-07-22
1626998400000,0.1912,0.19979,0.1828,0.19491,4460520562.0,2021-07-23
1627084800000,0.19493,0.20447,0.19114,0.19687,4150491901.0,2021-07-24
1627171200000,0.19688,0.20083,0.1909,0.19792,3448081939.0,2021-07-25
1627257600000,0.19789,0.23329,0.19676,0.20371,11040499063.0,2021-07-26
1627344000000,0.2037,0.2095,0.195,0.20574,4531170516.0,2021-07-27
1627430400000,0.20574,0.21388,0.20154,0.20571,4011486851.0,2021-07-28
1627516800000,0.2057,0.20667,0.2003,0.20499,2120473480.0,2021-07-29
1627603200000,0.20499,0.21083,0.19569,0.20876,3107052568.0,2021-07-30
1627689600000,0.20876,0.21465,0.20478,0.20771,2802684489.0,2021-07-31
1627776000000,0.20771,0.218,0.20032,0.20409,3757863524.0,2021-08-01
1627862400000,0.20412,0.21,0.20164,0.20335,2063079883.0,2021-08-02
1627948800000,0.20335,0.20521,0.19311,0.19631,2426008063.0,2021-08-03
1628035200000,0.19629,0.2034,0.19422,0.20161,2089904052.0,2021-08-04
1628121600000,0.20161,0.2026,0.19441,0.20108,2257756279.0,2021-08-05
1628208000000,0.20108,0.21225,0.19851,0.20499,2696144941.0,2021-08-06
1628294400000,0.20499,0.26333,0.20367,0.26194,13677185425.0,2021-08-07
1628380800000,0.26195,0.28489,0.23504,0.24008,16279599832.0,2021-08-08
1628467200000,0.24005,0.26671,0.2306,0.25614,11525063990.0,2021-08-09
1628553600000,0.25618,0.2638,0.24528,0.25769,7332490917.0,2021-08-10
1628640000000,0.25767,0.2835,0.25647,0.26455,9737498847.0,2021-08-11
1628726400000,0.26456,0.2955,0.25171,0.26427,10589631123.0,2021-08-12
1628812800000,0.26429,0.28793,0.2617,0.2869,6355721317.0,2021-08-13
1628899200000,0.28689,0.29936,0.27586,0.29446,8231893860.0,2021-08-14
1628985600000,0.29446,0.34978,0.28611,0.34036,13541906478.0,2021-08-15
1629072000000,0.34036,0.35222,0.31,0.31975,11757932178.0,2021-08-16
1629158400000,0.31973,0.34078,0.294,0.29945,9785864187.0,2021-08-17
1629244800000,0.29953,0.32543,0.276,0.30337,11259741253.0,2021-08-18
1629331200000,0.3034,0.31978,0.29391,0.31811,6489981438.0,2021-08-19
1629417600000,0.31811,0.33433,0.31405,0.32742,5603075351.0,2021-08-20
1629504000000,0.32741,0.32986,0.31369,0.31698,4459087289.0,2021-08-21
1629590400000,0.31698,0.32199,0.30501,0.31492,3449293346.0,2021-08-22
1629676800000,0.31491,0.32865,0.313,0.31824,4332198009.0,2021-08-23
1629763200000,0.31821,0.32005,0.2721,0.28884,5522396939.0,2021-08-24
1629849600000,0.28883,0.29701,0.2796,0.2928,3979670900.0,2021-08-25
1629936000000,0.2928,0.29655,0.2641,0.26834,4625915700.0,2021-08-26
1630022400000,0.26837,0.29527,0.2651,0.29463,3753562684.0,2021-08-27
1630108800000,0.29462,0.29979,0.28309,0.28623,2552071310.0,2021-08-28
1630195200000,0.28623,0.29198,0.27656,0.28126,2556707740.0,2021-08-29
1630281600000,0.28126,0.29091,0.26984,0.27206,3104820005.0,2021-08-30
1630368000000,0.27211,0.28622,0.26979,0.27849,3070536086.0,2021-08-31
1630454400000,0.27848,0.29537,0.27312,0.2947,3022181637.0,2021-09-01
1630540800000,0.2947,0.31019,0.29201,0.29486,6116652987.0,2021-09-02
1630627200000,0.29486,0.30522,0.2866,0.29646,3885158616.0,2021-09-03
1630713600000,0.29646,0.30956,0.29337,0.29979,4166191096.0,2021-09-04
1630800000000,0.29978,0.316,0.29616,0.31476,4179329574.0,2021-09-05
1630886400000,0.31474,0.32095,0.29956,0.30928,4597137236.0,2021-09-06
1630972800000,0.30924,0.31176,0.20225,0.25547,10170690643.0,2021-09-07
1631059200000,0.25547,0.26365,0.23345,0.25669,4920907061.0,2021-09-08
1631145600000,0.25667,0.25987,0.24858,0.2527,2716228777.0,2021-09-09
1631232000000,0.25269,0.26226,0.23529,0.23975,3199729256.0,2021-09-10
1631318400000,0.23977,0.24797,0.2376,0.241,1659109679.0,2021-09-11
1631404800000,0.24101,0.25536,0.2388,0.25042,2158166708.0,2021-09-12
1631491200000,0.25046,0.25246,0.22803,0.23586,3289295429.0,2021-09-13
1631577600000,0.23584,0.24172,0.23346,0.24065,1446632651.0,2021-09-14
1631664000000,0.24063,0.24839,0.23885,0.24784,1396768503.0,2021-09-15
1631750400000,0.24784,0.24803,0.233,0.24212,1709047580.0,2021-09-16
1631836800000,0.24212,0.26012,0.23738,0.24021,3648955690.0,2021-09-17
1631923200000,0.24022,0.2475,0.238,0.24146,1371181046.0,2021-09-18
1632009600000,0.24146,0.24156,0.23064,0.23308,1224940177.0,2021-09-19
1632096000000,0.23308,0.23349,0.1988,0.20862,4153691239.0,2021-09-20
1632182400000,0.20862,0.21851,0.19739,0.20069,3429757550.0,2021-09-21
1632268800000,0.20071,0.2306,0.19978,0.22444,3638167343.0,2021-09-22
1632355200000,0.22444,0.2273,0.21739,0.22442,1814088040.0,2021-09-23
1632441600000,0.22444,0.22928,0.19632,0.20902,2963575696.0,2021-09-24
1632528000000,0.20901,0.21256,0.20419,0.20827,1615995093.0,2021-09-25
1632614400000,0.20828,0.20882,0.19396,0.20477,2015660855.0,2021-09-26
1632700800000,0.20479,0.2093,0.19934,0.19955,1362517377.0,2021-09-27
1632787200000,0.19953,0.20269,0.19586,0.1964,1570567635.0,2021-09-28
1632873600000,0.19638,0.2042,0.19451,0.19853,1589617461.0,2021-09-29
1632960000000,0.19854,0.20596,0.1975,0.20424,1476173272.0,2021-09-30
1633046400000,0.20425,0.22535,0.20171,0.22277,2394918560.0,2021-10-01
1633132800000,0.22277,0.2252,0.21504,0.2186,1865768745.0,2021-10-02
1633219200000,0.21859,0.22693,0.21533,0.2219,1797621402.0,2021-10-03
1633305600000,0.22191,0.24906,0.21212,0.24175,6605228773.0,2021-10-04
1633392000000,0.24173,0.2682,0.2326,0.25197,7941805618.0,2021-10-05
1633478400000,0.25202,0.27199,0.24228,0.2543,7958695746.0,2021-10-06
1633564800000,0.25429,0.25725,0.2352,0.24311,4513665102.0,2021-10-07
1633651200000,0.24311,0.25534,0.2415,0.24429,2940592804.0,2021-10-08
1633737600000,0.2443,0.2529,0.24071,0.24697,2057026915.0,2021-10-09
1633824000000,0.24697,0.2491,0.225,0.22881,2181504389.0,2021-10-10
1633910400000,0.22881,0.23955,0.22467,0.23128,2036097876.0,2021-10-11
1633996800000,0.23128,0.2318,0.21559,0.22623,2510893057.0,2021-10-12
1634083200000,0.22619,0.23435,0.2205,0.23272,2071886116.0,2021-10-13
1634169600000,0.23275,0.24041,0.23083,0.2329,2141776478.0,2021-10-14
1634256000000,0.23291,0.24383,0.22403,0.23437,2731411337.0,2021-10-15
1634342400000,0.23436,0.24596,0.23405,0.23747,2535637017.0,2021-10-16
1634428800000,0.23747,0.24235,0.22484,0.23802,2319195038.0,2021-10-17
1634515200000,0.23803,0.27359,0.23715,0.24749,10769292446.0,2021-10-18
1634601600000,0.24749,0.25514,0.24,0.24565,3311564714.0,2021-10-19
1634688000000,0.24565,0.26223,0.24224,0.25501,3425659292.0,2021-10-20
1634774400000,0.255,0.25897,0.24,0.2426,3277084891.0,2021-10-21
1634860800000,0.24265,0.25318,0.235,0.24494,3470389627.0,2021-10-22
1634947200000,0.24494,0.25445,0.24108,0.25144,2767089009.0,2021-10-23
1635033600000,0.25144,0.28333,0.24604,0.27603,10152098499.0,2021-10-24
1635120000000,0.27603,0.28109,0.2575,0.26548,6120789257.0,2021-10-25
1635206400000,0.26548,0.27472,0.25,0.25603,4926201038.0,2021-10-26
1635292800000,0.25602,0.26394,0.21,0.23804,10365708653.0,2021-10-27
1635379200000,0.23802,0.341,0.23239,0.3,35836799655.0,2021-10-28
1635465600000,0.30004,0.30734,0.2737,0.28847,10268961833.0,2021-10-29
1635552000000,0.28844,0.2953,0.25719,0.26918,5963350609.0,2021-10-30
1635638400000,0.26918,0.28532,0.252,0.28021,6870137331.0,2021-10-31
1635724800000,0.28023,0.28707,0.26329,0.27185,4493605114.0,2021-11-01
1635811200000,0.27186,0.28143,0.267,0.27439,3466139464.0,2021-11-02
1635897600000,0.27439,0.2779,0.261,0.26919,3417882950.0,2021-11-03
1635984000000,0.26919,0.27134,0.2537,0.26311,2902164083.0,2021-11-04
1636070400000,0.26311,0.27124,0.25667,0.26106,2426959333.0,2021-11-05
1636156800000,0.26107,0.26777,0.24952,0.26207,2195891297.0,2021-11-06
1636243200000,0.26208,0.27034,0.2585,0.26679,2110247137.0,2021-11-07
1636329600000,0.26679,0.29754,0.26467,0.28215,8032591288.0,2021-11-08
1636416000000,0.28215,0.291,0.2701,0.27396,4035961882.0,2021-11-09
1636502400000,0.27396,0.27777,0.23,0.25532,5389304432.0,2021-11-10
1636588800000,0.25531,0.2719,0.2532,0.26071,3170655843.0,2021-11-11
1636675200000,0.26068,0.26894,0.24813,0.25945,2986481221.0,2021-11-12
1636761600000,0.2595,0.26252,0.25438,0.26132,1444234207.0,2021-11-13
1636848000000,0.26137,0.27255,0.25975,0.26304,2181960070.0,2021-11-14
1636934400000,0.26305,0.26541,0.25531,0.25698,1834588263.0,2021-11-15
1637020800000,0.25697,0.25698,0.22122,0.23665,4151991568.0,2021-11-16
1637107200000,0.23667,0.24143,0.22911,0.23756,2016887417.0,2021-11-17
1637193600000,0.23755,0.24155,0.215,0.22115,2964060889.0,2021-11-18
1637280000000,0.22122,0.23707,0.21575,0.23296,2118512659.0,2021-11-19
1637366400000,0.23298,0.23585,0.22515,0.23327,1445215186.0,2021-11-20
1637452800000,0.23328,0.2336,0.22525,0.22582,1237139210.0,2021-11-21
1637539200000,0.22584,0.22747,0.21638,0.21957,1690487786.0,2021-11-22
1637625600000,0.21958,0.23728,0.21309,0.2269,3799586388.0,2021-11-23
1637712000000,0.22688,0.23069,0.2107,0.21722,2163420847.0,2021-11-24
1637798400000,0.21722,0.22945,0.21414,0.22145,2201278407.0,2021-11-25
1637884800000,0.22141,0.22209,0.18221,0.20192,4670908496.0,2021-11-26
1637971200000,0.20194,0.2094,0.2008,0.20496,1439281082.0,2021-11-27
1638057600000,0.20496,0.20754,0.19044,0.20727,1975057505.0,2021-11-28
1638144000000,0.20727,0.22539,0.2025,0.21504,4383615642.0,2021-11-29
1638230400000,0.21505,0.22761,0.2125,0.21467,4022103949.0,2021-11-30
1638316800000,0.2147,0.2189,0.2058,0.20929,1916132471.0,2021-12-01
1638403200000,0.2093,0.22346,0.20112,0.20966,4226236455.0,2021-12-02
1638489600000,0.20965,0.21239,0.18788,0.19985,2522795882.0,2021-12-03
1638576000000,0.19985,0.2005,0.1257,0.17816,9540039903.0,2021-12-04
1638662400000,0.17814,0.18099,0.1616,0.17123,2955442188.0,2021-12-05
1638748800000,0.17123,0.18038,0.15864,0.17745,3675651275.0,2021-12-06
1638835200000,0.17746,0.184,0.17436,0.17622,1974275336.0,2021-12-07
1638921600000,0.17621,0.18203,0.17193,0.17905,1816338034.0,2021-12-08
1639008000000,0.17905,0.1829,0.1683,0.16886,2300820655.0,2021-12-09
1639094400000,0.16886,0.17467,0.16305,0.16394,1906174839.0,2021-12-10
1639180800000,0.16394,0.16995,0.16101,0.16886,1349053213.0,2021-12-11
1639267200000,0.16887,0.17387,0.16546,0.16954,1404855988.0,2021-12-12
1639353600000,0.16954,0.17038,0.15121,0.1572,2308147569.0,2021-12-13
1639440000000,0.1572,0.21975,0.15471,0.19075,26058006832.0,2021-12-14
1639526400000,0.19075,0.19118,0.17029,0.18092,8645268671.0,2021-12-15
1639612800000,0.18087,0.18534,0.17216,0.17309,3185718281.0,2021-12-16
1639699200000,0.1731,0.17661,0.16128,0.1684,3134444029.0,2021-12-17
1639785600000,0.1684,0.17573,0.16584,0.17227,1640641024.0,2021-12-18
1639872000000,0.17229,0.17467,0.16897,0.16935,1400328050.0,2021-12-19
1639958400000,0.16935,0.17071,0.161,0.16714,2123638440.0,2021-12-20
1640044800000,0.16715,0.17238,0.16557,0.17073,1709990612.0,2021-12-21
1640131200000,0.17074,0.18,0.16961,0.17297,2367771369.0,2021-12-22
1640217600000,0.17298,0.1851,0.17111,0.18504,2676015864.0,2021-12-23
1640304000000,0.18505,0.19568,0.17912,0.18623,3499099435.0,2021-12-24
1640390400000,0.18624,0.1965,0.18479,0.19081,2524079513.0,2021-12-25
1640476800000,0.19082,0.19247,0.18491,0.18976,1602630413.0,2021-12-26
1640563200000,0.18979,0.19287,0.186,0.18785,1718081633.0,2021-12-27
1640649600000,0.18786,0.18791,0.17155,0.17373,2771005162.0,2021-12-28
1640736000000,0.17374,0.17736,0.1654,0.16789,2004348001.0,2021-12-29
1640822400000,0.16788,0.1757,0.16475,0.17101,1487554376.0,2021-12-30
1640908800000,0.17103,0.17581,0.166,0.17028,1671065389.0,2021-12-31
1640995200000,0.17028,0.1737,0.16959,0.17316,946904749.0,2022-01-01
1641081600000,0.17315,0.17633,0.1704,0.17439,1071421835.0,2022-01-02
1641168000000,0.1744,0.17442,0.16726,0.17022,1504965567.0,2022-01-03
1641254400000,0.17021,0.1726,0.1665,0.16835,1553879850.0,2022-01-04
1641340800000,0.16836,0.17099,0.14685,0.15887,2826806450.0,2022-01-05
1641427200000,0.15887,0.162,0.15372,0.15988,1957531907.0,2022-01-06
1641513600000,0.15986,0.16025,0.14886,0.15506,2733370783.0,2022-01-07
1641600000000,0.15505,0.1578,0.14501,0.15094,1750682059.0,2022-01-08
1641686400000,0.15089,0.15372,0.14843,0.15042,1282988101.0,2022-01-09
1641772800000,0.15042,0.15205,0.13589,0.14295,2488981041.0,2022-01-10
1641859200000,0.14295,0.1666,0.14163,0.1537,7579322444.0,2022-01-11
1641945600000,0.15368,0.16355,0.151,0.16269,3008655769.0,2022-01-12
1642032000000,0.16268,0.17776,0.1612,0.17168,8202932755.0,2022-01-13
1642118400000,0.17163,0.215,0.17023,0.18318,20763564190.0,2022-01-14
1642204800000,0.18318,0.1948,0.18145,0.18442,6317054426.0,2022-01-15
1642291200000,0.18443,0.18467,0.17323,0.17659,4102921568.0,2022-01-16
1642377600000,0.1766,0.17835,0.16536,0.17087,4881994844.0,2022-01-17
1642464000000,0.17087,0.17439,0.16155,0.16498,3909792778.0,2022-01-18
1642550400000,0.16497,0.16954,0.1587,0.16152,3702935072.0,2022-01-19
1642636800000,0.16155,0.16922,0.15317,0.15522,2897674493.0,2022-01-20
1642723200000,0.1552,0.15748,0.13941,0.14189,5274095798.0,2022-01-21
1642809600000,0.14189,0.14523,0.11952,0.13314,6930515524.0,2022-01-22
1642896000000,0.13314,0.14448,0.1319,0.14169,4013924837.0,2022-01-23
1642982400000,0.14171,0.14175,0.12524,0.13718,4832645513.0,2022-01-24
1643068800000,0.13718,0.15091,0.13242,0.14265,5191738832.0,2022-01-25
1643155200000,0.14266,0.1534,0.1407,0.14309,3997740007.0,2022-01-26
1643241600000,0.1431,0.14593,0.13606,0.14141,2528359925.0,2022-01-27
1643328000000,0.14141,0.14261,0.1377,0.14135,2070623354.0,2022-01-28
1643414400000,0.14135,0.14416,0.14002,0.14289,1561641864.0,2022-01-29
1643500800000,0.14288,0.14366,0.13791,0.13904,1578071660.0,2022-01-30
1643587200000,0.13904,0.14246,0.13617,0.14148,1855543641.0,2022-01-31
1643673600000,0.14148,0.14434,0.14068,0.14223,1604828775.0,2022-02-01
1643760000000,0.14223,0.14652,0.13544,0.13688,2072943461.0,2022-02-02
1643846400000,0.13689,0.13877,0.13459,0.13784,1674306660.0,2022-02-03
1643932800000,0.13781,0.14803,0.1368,0.14776,2211026521.0,2022-02-04
1644019200000,0.14775,0.15068,0.14471,0.14686,1946700437.0,2022-02-05
1644105600000,0.14685,0.15573,0.14432,0.15394,2340341743.0,2022-02-06
1644192000000,0.15394,0.17304,0.1512,0.16532,4828046115.0,2022-02-07
1644278400000,0.16533,0.16973,0.15286,0.15811,3388624917.0,2022-02-08
1644364800000,0.15812,0.1624,0.1541,0.15923,2112039265.0,2022-02-09
1644451200000,0.15924,0.16066,0.14976,0.15138,2779677279.0,2022-02-10
1644537600000,0.15138,0.15415,0.14154,0.1445,2135876771.0,2022-02-11
1644624000000,0.14448,0.14744,0.14,0.14427,1691846426.0,2022-02-12
1644710400000,0.14424,0.15777,0.14356,0.14799,6682889789.0,2022-02-13
1644796800000,0.14799,0.15099,0.14245,0.14572,3426323795.0,2022-02-14
1644883200000,0.14573,0.15235,0.14474,0.1516,2102577819.0,2022-02-15
1644969600000,0.15161,0.15164,0.14615,0.14865,1744747043.0,2022-02-16
1645056000000,0.14866,0.14999,0.13661,0.13831,2237004404.0,2022-02-17
1645142400000,0.13832,0.14212,0.13584,0.13845,1720597230.0,2022-02-18
1645228800000,0.13845,0.14642,0.13828,0.14077,2798186206.0,2022-02-19
1645315200000,0.1408,0.14098,0.13455,0.13659,1860639469.0,2022-02-20
1645401600000,0.13659,0.14195,0.127,0.12814,3218165449.0,2022-02-21
1645488000000,0.12815,0.13177,0.12349,0.1312,2279336304.0,2022-02-22
1645574400000,0.1312,0.1355,0.12707,0.12725,1885632914.0,2022-02-23
1645660800000,0.12726,0.12759,0.10624,0.12394,5893625654.0,2022-02-24
1645747200000,0.12392,0.12822,0.1204,0.12749,2695294791.0,2022-02-25
1645833600000,0.1275,0.13047,0.12557,0.1276,1537110979.0,2022-02-26
1645920000000,0.1276,0.12833,0.12099,0.12282,2030819523.0,2022-02-27
1646006400000,0.12283,0.13884,0.12121,0.13343,2349018476.0,2022-02-28
1646092800000,0.13342,0.13891,0.12958,0.13406,2291677537.0,2022-03-01
1646179200000,0.13406,0.13725,0.13053,0.13302,1999601805.0,2022-03-02
1646265600000,0.13301,0.13379,0.12701,0.12955,1456627428.0,2022-03-03
1646352000000,0.12957,0.13008,0.11985,0.12249,1899663220.0,2022-03-04
1646438400000,0.12249,0.12553,0.12073,0.12491,988165049.0,2022-03-05
1646524800000,0.12491,0.12553,0.119,0.12055,1222588500.0,2022-03-06
1646611200000,0.12055,0.12258,0.11304,0.11664,1754507880.0,2022-03-07
1646697600000,0.11662,0.11992,0.1152,0.11693,1524857191.0,2022-03-08
1646784000000,0.11693,0.12444,0.11635,0.12145,1635998912.0,2022-03-09
1646870400000,0.12145,0.12193,0.11431,0.11677,1718882599.0,2022-03-10
1646956800000,0.11678,0.11854,0.11356,0.11542,1334675033.0,2022-03-11
1647043200000,0.11542,0.11728,0.1145,0.11473,819892312.0,2022-03-12
1647129600000,0.11473,0.11628,0.10977,0.11133,1413909633.0,2022-03-13
1647216000000,0.11133,0.12212,0.11013,0.11379,3219438458.0,2022-03-14
1647302400000,0.11378,0.11421,0.11,0.11256,1425202794.0,2022-03-15
1647388800000,0.11255,0.11705,0.11202,0.11697,1969292053.0,2022-03-16
1647475200000,0.11698,0.1193,0.11571,0.11634,1253062310.0,2022-03-17
1647561600000,0.11633,0.11953,0.11415,0.11909,1330852617.0,2022-03-18
1647648000000,0.1191,0.12498,0.11825,0.12351,1920358906.0,2022-03-19
1647734400000,0.1235,0.12402,0.1174,0.11913,1214574555.0,2022-03-20
1647820800000,0.11913,0.12166,0.11755,0.11916,1466587272.0,2022-03-21
1647907200000,0.11916,0.12575,0.11853,0.12236,1913687786.0,2022-03-22
1647993600000,0.12236,0.13133,0.12093,0.12981,3138630549.0,2022-03-23
1648080000000,0.12981,0.14434,0.12757,0.13673,6388543351.0,2022-03-24
1648166400000,0.13674,0.13775,0.1271,0.13084,3141743234.0,2022-03-25
1648252800000,0.13085,0.13683,0.12882,0.13601,2132973446.0,2022-03-26
1648339200000,0.13601,0.14565,0.13539,0.14471,5011160317.0,2022-03-27
1648425600000,0.1447,0.15388,0.14038,0.14242,4742575106.0,2022-03-28
1648512000000,0.14243,0.1489,0.1403,0.1444,2888521363.0,2022-03-29
1648598400000,0.14441,0.14564,0.1378,0.14316,2594693052.0,2022-03-30
1648684800000,0.14316,0.14811,0.13591,0.13816,3121042529.0,2022-03-31
1648771200000,0.13814,0.14309,0.132,0.14138,2537753276.0,2022-04-01
1648857600000,0.14141,0.14458,0.138,0.13878,2136365963.0,2022-04-02
1648944000000,0.1388,0.14969,0.13613,0.14661,3312513411.0,2022-04-03
1649030400000,0.14661,0.15687,0.14115,0.14853,7865464102.0,2022-04-04
1649116800000,0.14853,0.1795,0.14717,0.17266,17923489898.0,2022-04-05
1649203200000,0.17266,0.17488,0.1405,0.14324,13248834268.0,2022-04-06
1649289600000,0.14322,0.14827,0.14,0.14582,4844992620.0,2022-04-07
1649376000000,0.14582,0.15332,0.14021,0.14232,6181202092.0,2022-04-08
1649462400000,0.1423,0.14459,0.14042,0.14413,1856652214.0,2022-04-09
1649548800000,0.14414,0.15761,0.14352,0.14821,9235762953.0,2022-04-10
1649635200000,0.1482,0.15138,0.13275,0.13406,6408990944.0,2022-04-11
1649721600000,0.13405,0.1444,0.13309,0.13792,4609281226.0,2022-04-12
1649808000000,0.13793,0.14342,0.13617,0.13991,3427972930.0,2022-04-13
1649894400000,0.13991,0.14777,0.1365,0.14409,7737517180.0,2022-04-14
1649980800000,0.14409,0.14968,0.1416,0.14581,5326019939.0,2022-04-15
1650067200000,0.14584,0.14791,0.14108,0.14343,2318837050.0,2022-04-16
1650153600000,0.14342,0.14492,0.13815,0.1391,2568118169.0,2022-04-17
1650240000000,0.13909,0.14043,0.13151,0.14013,3605188969.0,2022-04-18
1650326400000,0.14012,0.14459,0.13902,0.14254,2603072709.0,2022-04-19
1650412800000,0.14254,0.1467,0.13887,0.14068,4254733832.0,2022-04-20
1650499200000,0.14068,0.14295,0.13375,0.1362,2954364803.0,2022-04-21
1650585600000,0.1362,0.13817,0.13456,0.13627,1998085810.0,2022-04-22
1650672000000,0.13627,0.13674,0.133,0.13383,1217925811.0,2022-04-23
1650758400000,0.13382,0.13472,0.13073,0.13171,1684632487.0,2022-04-24
1650844800000,0.1317,0.17109,0.12222,0.15811,28810277383.0,2022-04-25
1650931200000,0.15811,0.16688,0.13504,0.13758,28718261903.0,2022-04-26
1651017600000,0.13757,0.14553,0.13489,0.13986,10865080450.0,2022-04-27
1651104000000,0.13985,0.14324,0.135,0.13739,5665859087.0,2022-04-28
1651190400000,0.1374,0.14498,0.13242,0.13488,7597763528.0,2022-04-29
1651276800000,0.13489,0.13679,0.12357,0.12724,3630059976.0,2022-04-30
1651363200000,0.12723,0.13656,0.12577,0.13257,3934722188.0,2022-05-01
1651449600000,0.13256,0.13385,0.12746,0.13066,2703313830.0,2022-05-02
1651536000000,0.13067,0.13197,0.12619,0.12939,2225226857.0,2022-05-03
1651622400000,0.12939,0.1362,0.12892,0.13591,3176244212.0,2022-05-04
1651708800000,0.1359,0.13769,0.12418,0.12804,4946191370.0,2022-05-05
1651795200000,0.12805,0.12986,0.12316,0.1277,3504338724.0,2022-05-06
1651881600000,0.12771,0.13233,0.12423,0.1274,3258699145.0,2022-05-07
1651968000000,0.12739,0.1282,0.122,0.12405,2692221327.0,2022-05-08
1652054400000,0.12406,0.12527,0.09969,0.10168,6638237104.0,2022-05-09
1652140800000,0.10164,0.11831,0.09888,0.10798,6767986443.0,2022-05-10
1652227200000,0.10797,0.1109,0.07038,0.08513,11121846388.0,2022-05-11
1652313600000,0.08513,0.08985,0.0684,0.0826,12445253996.0,2022-05-12
1652400000000,0.08256,0.09666,0.08196,0.08806,7337047339.0,2022-05-13
1652486400000,0.08805,0.09195,0.08345,0.0894,3782950077.0,2022-05-14
1652572800000,0.0894,0.09323,0.08629,0.09308,2495806330.0,2022-05-15
1652659200000,0.09309,0.09311,0.0857,0.08792,2648162470.0,2022-05-16
1652745600000,0.08792,0.09135,0.08675,0.09012,2437487548.0,2022-05-17
1652832000000,0.09011,0.09096,0.08302,0.08333,2033183136.0,2022-05-18
1652918400000,0.08333,0.08762,0.08124,0.08658,2531965133.0,2022-05-19
1653004800000,0.08659,0.088,0.08243,0.08384,1810774007.0,2022-05-20
1653091200000,0.08383,0.08538,0.08231,0.08434,1158891076.0,2022-05-21
1653177600000,0.08434,0.08667,0.08371,0.08582,1311683302.0,2022-05-22
1653264000000,0.08582,0.08845,0.08196,0.08329,2380264029.0,2022-05-23
1653350400000,0.08326,0.08433,0.08,0.08362,1883025056.0,2022-05-24
1653436800000,0.0836,0.08451,0.08201,0.08291,1586845032.0,2022-05-25
1653523200000,0.08291,0.08369,0.07489,0.07778,3232703360.0,2022-05-26
1653609600000,0.07779,0.09017,0.07599,0.0815,10288646332.0,2022-05-27
1653696000000,0.0815,0.08333,0.08075,0.08179,2855488543.0,2022-05-28
1653782400000,0.08179,0.08329,0.07971,0.08267,1835158746.0,2022-05-29
1653868800000,0.08267,0.0885,0.08206,0.08795,3612937746.0,2022-05-30
1653955200000,0.08795,0.08848,0.08306,0.08588,3187118372.0,2022-05-31
1654041600000,0.08587,0.0895,0.07865,0.081,3293286378.0,2022-06-01
1654128000000,0.081,0.08309,0.07995,0.08272,1763117833.0,2022-06-02
1654214400000,0.08274,0.08293,0.07931,0.08026,1601264528.0,2022-06-03
1654300800000,0.08026,0.0825,0.07925,0.08184,1198612395.0,2022-06-04
1654387200000,0.08182,0.08222,0.08052,0.081,895501848.0,2022-06-05
1654473600000,0.08101,0.08472,0.0808,0.08245,2066919117.0,2022-06-06
1654560000000,0.08245,0.08255,0.0775,0.08031,2393042438.0,2022-06-07
1654646400000,0.08031,0.08165,0.07866,0.07923,1388464012.0,2022-06-08
1654732800000,0.07924,0.08103,0.07884,0.07931,1058390827.0,2022-06-09
1654819200000,0.07932,0.0797,0.07415,0.07533,1780300910.0,2022-06-10
1654905600000,0.07532,0.07651,0.06782,0.06986,2160338537.0,2022-06-11
1654992000000,0.06988,0.07031,0.06331,0.06344,3461122026.0,2022-06-12
1655078400000,0.06344,0.06621,0.05224,0.05415,9480188760.0,2022-06-13
1655164800000,0.05415,0.05875,0.04962,0.05553,5936500471.0,2022-06-14
1655251200000,0.05553,0.06392,0.05036,0.06283,6634922886.0,2022-06-15
1655337600000,0.06283,0.06284,0.05417,0.05519,5395709497.0,2022-06-16
1655424000000,0.05519,0.05814,0.05456,0.05688,2305409636.0,2022-06-17
1655510400000,0.05688,0.05787,0.04901,0.05287,4993484080.0,2022-06-18
1655596800000,0.05286,0.06298,0.05109,0.06043,12197932167.0,2022-06-19
1655683200000,0.06042,0.06163,0.05739,0.06,4352279871.0,2022-06-20
1655769600000,0.06001,0.0699,0.05889,0.06577,8049915357.0,2022-06-21
1655856000000,0.06578,0.06582,0.0607,0.06164,4841911927.0,2022-06-22
1655942400000,0.06166,0.0647,0.0615,0.06394,2951748814.0,2022-06-23
1656028800000,0.06394,0.06859,0.06386,0.0669,3296660612.0,2022-06-24
1656115200000,0.0669,0.06936,0.06501,0.06849,2643689069.0,2022-06-25
1656201600000,0.06848,0.07758,0.0671,0.07292,8192026928.0,2022-06-26
1656288000000,0.07293,0.0788,0.07047,0.07212,11974528454.0,2022-06-27
1656374400000,0.07213,0.07342,0.06535,0.06604,5776231528.0,2022-06-28
1656460800000,0.06604,0.07159,0.064,0.06952,5793462332.0,2022-06-29
1656547200000,0.06953,0.06971,0.06214,0.06636,5768397540.0,2022-06-30
1656633600000,0.06635,0.06846,0.06381,0.06642,4092147973.0,2022-07-01
1656720000000,0.06643,0.068,0.0654,0.06661,2910792450.0,2022-07-02
1656806400000,0.06662,0.06748,0.06474,0.06716,2129157744.0,2022-07-03
1656892800000,0.06717,0.06978,0.06548,0.06935,3101062606.0,2022-07-04
1656979200000,0.06934,0.07,0.06547,0.06711,3186886348.0,2022-07-05
1657065600000,0.06711,0.06931,0.0661,0.06838,2904136594.0,2022-07-06
1657152000000,0.06839,0.07119,0.06784,0.07051,2529303812.0,2022-07-07
1657238400000,0.07052,0.07355,0.06816,0.06902,3184731442.0,2022-07-08
1657324800000,0.06903,0.07015,0.06875,0.06943,1425326260.0,2022-07-09
1657411200000,0.06942,0.06946,0.0662,0.06723,1627532884.0,2022-07-10
1657497600000,0.06724,0.06725,0.06112,0.0617,2222493501.0,2022-07-11
1657584000000,0.0617,0.0631,0.05964,0.05974,2195929385.0,2022-07-12
1657670400000,0.05974,0.06235,0.05733,0.06188,3381302241.0,2022-07-13
1657756800000,0.06186,0.0628,0.0594,0.06242,2483754708.0,2022-07-14
1657843200000,0.06242,0.06443,0.06156,0.06288,2496965459.0,2022-07-15
1657929600000,0.06287,0.06482,0.06168,0.06436,1753708047.0,2022-07-16
1658016000000,0.06436,0.06551,0.06281,0.06303,1743655927.0,2022-07-17
1658102400000,0.06302,0.06894,0.06294,0.06753,3890160847.0,2022-07-18
1658188800000,0.06752,0.07026,0.06534,0.06899,3726125649.0,2022-07-19
1658275200000,0.069,0.07698,0.06764,0.07012,9405090828.0,2022-07-20
1658361600000,0.07012,0.0709,0.06688,0.06995,4084688408.0,2022-07-21
1658448000000,0.06994,0.07137,0.06661,0.06739,2882044088.0,2022-07-22
1658534400000,0.06739,0.06949,0.06583,0.06798,2267580858.0,2022-07-23
1658620800000,0.06798,0.06892,0.0671,0.06752,1786321152.0,2022-07-24
1658707200000,0.06751,0.06798,0.06166,0.06187,2654484825.0,2022-07-25
1658793600000,0.06187,0.06265,0.06,0.06246,2194110106.0,2022-07-26
1658880000000,0.06248,0.06718,0.06173,0.06716,2694286788.0,2022-07-27
1658966400000,0.06717,0.07086,0.06514,0.0691,3195453670.0,2022-07-28
1659052800000,0.06911,0.07249,0.0672,0.0688,3634625702.0,2022-07-29
1659139200000,0.06879,0.07455,0.06786,0.06962,4078105176.0,2022-07-30
1659225600000,0.06963,0.07225,0.06775,0.06805,2446186015.0,2022-07-31
1659312000000,0.06804,0.0713,0.06671,0.06842,2797750022.0,2022-08-01
1659398400000,0.06845,0.06917,0.06539,0.06646,2264874329.0,2022-08-02
1659484800000,0.06647,0.0684,0.06503,0.06616,1752080603.0,2022-08-03
1659571200000,0.06616,0.06764,0.06566,0.06723,1778266689.0,2022-08-04
1659657600000,0.06723,0.07032,0.06714,0.0698,2514485499.0,2022-08-05
1659744000000,0.06981,0.07133,0.06835,0.06863,1968237646.0,2022-08-06
1659830400000,0.06862,0.07,0.06728,0.0689,1327048901.0,2022-08-07
1659916800000,0.0689,0.07259,0.06876,0.07008,2786116589.0,2022-08-08
1660003200000,0.07008,0.0743,0.0675,0.06899,5245734578.0,2022-08-09
1660089600000,0.06899,0.07148,0.06655,0.07126,3167603796.0,2022-08-10
1660176000000,0.07126,0.07565,0.07036,0.07082,4003587723.0,2022-08-11
1660262400000,0.07082,0.07274,0.06957,0.0723,2272859831.0,2022-08-12
1660348800000,0.0723,0.07519,0.07178,0.0729,3394502927.0,2022-08-13
1660435200000,0.07291,0.08468,0.07259,0.08163,14737129841.0,2022-08-14
1660521600000,0.08164,0.08204,0.07463,0.0766,7781109077.0,2022-08-15
1660608000000,0.07659,0.08955,0.0761,0.08672,23463812635.0,2022-08-16
1660694400000,0.08671,0.08891,0.07929,0.08019,12105605095.0,2022-08-17
1660780800000,0.08019,0.08225,0.07325,0.07469,6772792174.0,2022-08-18
1660867200000,0.0747,0.07526,0.06694,0.06771,10110690605.0,2022-08-19
1660953600000,0.06773,0.07114,0.06756,0.06929,5282787370.0,2022-08-20
1661040000000,0.0693,0.07076,0.06727,0.06926,4185068796.0,2022-08-21
1661126400000,0.06926,0.06938,0.06513,0.06838,5598559527.0,2022-08-22
1661212800000,0.06838,0.06921,0.06683,0.06881,3144768440.0,2022-08-23
1661299200000,0.06881,0.06964,0.06697,0.06786,3035522529.0,2022-08-24
1661385600000,0.06787,0.07181,0.06752,0.06892,4381055784.0,2022-08-25
1661472000000,0.06891,0.06952,0.06265,0.06346,5701484874.0,2022-08-26
1661558400000,0.06346,0.06409,0.06217,0.06347,2997147585.0,2022-08-27
1661644800000,0.06346,0.0643,0.06123,0.06172,2543876442.0,2022-08-28
1661731200000,0.06172,0.0641,0.06082,0.0638,2941545650.0,2022-08-29
1661817600000,0.0638,0.06446,0.06,0.06149,3042805545.0,2022-08-30
1661904000000,0.06151,0.06342,0.06067,0.06129,2962717578.0,2022-08-31
1661990400000,0.06129,0.06261,0.05981,0.06236,3093425465.0,2022-09-01
1662076800000,0.06236,0.06285,0.06063,0.0616,2481944751.0,2022-09-02
1662163200000,0.06161,0.064,0.06107,0.06268,2656681520.0,2022-09-03
1662249600000,0.06269,0.06388,0.06181,0.0632,2505634552.0,2022-09-04
1662336000000,0.06319,0.06373,0.06087,0.06272,2275135453.0,2022-09-05
1662422400000,0.06272,0.0653,0.05785,0.05885,4576431427.0,2022-09-06
1662508800000,0.05884,0.0615,0.0573,0.06094,2898304560.0,2022-09-07
1662595200000,0.06094,0.0614,0.0596,0.06094,2263720778.0,2022-09-08
1662681600000,0.06095,0.06485,0.06086,0.06383,3881471927.0,2022-09-09
1662768000000,0.06384,0.06555,0.06311,0.06466,2675337849.0,2022-09-10
1662854400000,0.06465,0.06528,0.06252,0.06366,2090735389.0,2022-09-11
1662940800000,0.06366,0.06545,0.06256,0.06392,3013041873.0,2022-09-12
1663027200000,0.06392,0.06415,0.05915,0.0596,3818432420.0,2022-09-13
1663113600000,0.0596,0.06146,0.05909,0.06113,2704812318.0,2022-09-14
1663200000000,0.06113,0.06118,0.05842,0.05856,2675158279.0,2022-09-15
1663286400000,0.05856,0.06046,0.05803,0.0604,1875505237.0,2022-09-16
1663372800000,0.06041,0.06238,0.06015,0.06215,1614657567.0,2022-09-17
1663459200000,0.06216,0.06223,0.0559,0.0574,2412719937.0,2022-09-18
1663545600000,0.0574,0.05878,0.05576,0.0585,2373470519.0,2022-09-19
1663632000000,0.0585,0.0606,0.05755,0.05835,2558268657.0,2022-09-20
1663718400000,0.05835,0.0609,0.056,0.05711,3598066676.0,2022-09-21
1663804800000,0.0571,0.06004,0.05676,0.05956,2329380014.0,2022-09-22
1663891200000,0.05956,0.0643,0.05906,0.06334,6750243245.0,2022-09-23
1663977600000,0.06334,0.06828,0.06203,0.06304,10753035948.0,2022-09-24
1664064000000,0.06305,0.06385,0.06,0.06113,3959239611.0,2022-09-25
1664150400000,0.06112,0.06185,0.0597,0.0611,3131963285.0,2022-09-26
1664236800000,0.06109,0.06304,0.05969,0.06044,3202446744.0,2022-09-27
1664323200000,0.06045,0.0611,0.05845,0.06047,2648799238.0,2022-09-28
1664409600000,0.06047,0.06107,0.05923,0.06085,2031847425.0,2022-09-29
1664496000000,0.06085,0.06224,0.05952,0.06165,3472963080.0,2022-09-30
1664582400000,0.06165,0.06341,0.06018,0.06056,3265022982.0,2022-10-01
1664668800000,0.06055,0.06095,0.05871,0.05923,1901541557.0,2022-10-02
1664755200000,0.05923,0.06056,0.05874,0.06028,1870907820.0,2022-10-03
1664841600000,0.06028,0.06644,0.05991,0.06581,9882177301.0,2022-10-04
1664928000000,0.0658,0.06687,0.06255,0.06473,9573870293.0,2022-10-05
1665014400000,0.06473,0.06683,0.06269,0.06343,5051416360.0,2022-10-06
1665100800000,0.06342,0.06383,0.06118,0.06233,2810072250.0,2022-10-07
1665187200000,0.06232,0.06265,0.0611,0.06159,1324118012.0,2022-10-08
1665273600000,0.06159,0.06239,0.06111,0.06209,1325302683.0,2022-10-09
1665360000000,0.06208,0.06248,0.05899,0.05934,2553405388.0,2022-10-10
1665446400000,0.05934,0.06084,0.05738,0.06021,2957558071.0,2022-10-11
1665532800000,0.06022,0.06098,0.05906,0.05978,2156782284.0,2022-10-12
1665619200000,0.05978,0.06022,0.05491,0.05958,4697623525.0,2022-10-13
1665705600000,0.05958,0.06104,0.05804,0.0586,2385508820.0,2022-10-14
1665792000000,0.05861,0.05974,0.05789,0.05853,1525077901.0,2022-10-15
1665878400000,0.05854,0.05944,0.05842,0.05886,1194305125.0,2022-10-16
1665964800000,0.05885,0.06017,0.05849,0.05994,1518317250.0,2022-10-17
1666051200000,0.05994,0.06118,0.05849,0.05973,3043480735.0,2022-10-18
1666137600000,0.05972,0.06075,0.05812,0.05862,3756521445.0,2022-10-19
1666224000000,0.05863,0.06035,0.05812,0.05939,2593643903.0,2022-10-20
1666310400000,0.0594,0.05947,0.05701,0.05931,2322458711.0,2022-10-21
1666396800000,0.05931,0.05992,0.05906,0.05966,1113772999.0,2022-10-22
1666483200000,0.05966,0.06048,0.05857,0.06035,1463779444.0,2022-10-23
1666569600000,0.06036,0.0609,0.0586,0.0594,2469345520.0,2022-10-24
1666656000000,0.05941,0.06428,0.05909,0.06299,5912369320.0,2022-10-25
1666742400000,0.06298,0.07359,0.06256,0.07262,20252743873.0,2022-10-26
1666828800000,0.07262,0.08549,0.07168,0.07684,50410293476.0,2022-10-27
1666915200000,0.07684,0.0885,0.07248,0.08381,60843514903.0,2022-10-28
1667001600000,0.08381,0.15187,0.08276,0.12171,113648118617.0,2022-10-29
1667088000000,0.12169,0.1435,0.1109,0.11768,63518615275.0,2022-10-30
1667174400000,0.11768,0.13186,0.11367,0.12676,56301081618.0,2022-10-31
1667260800000,0.12677,0.15888,0.12429,0.142,73195767344.0,2022-11-01
1667347200000,0.14201,0.14805,0.1216,0.1276,49627883204.0,2022-11-02
1667433600000,0.1276,0.13697,0.11952,0.1225,24024437593.0,2022-11-03
1667520000000,0.12251,0.12909,0.11545,0.12603,27188504702.0,2022-11-04
1667606400000,0.12602,0.13587,0.11936,0.12438,16705113601.0,2022-11-05
1667692800000,0.12437,0.12775,0.1116,0.11466,12730668265.0,2022-11-06
1667779200000,0.11464,0.11909,0.10711,0.11116,15812332628.0,2022-11-07
1667865600000,0.11116,0.1131,0.07636,0.08819,42560956324.0,2022-11-08
1667952000000,0.08819,0.09219,0.07024,0.07445,36689385191.0,2022-11-09
1668038400000,0.07445,0.09426,0.07295,0.08972,24753301058.0,2022-11-10
1668124800000,0.08972,0.09395,0.08,0.08504,14625309112.0,2022-11-11
1668211200000,0.08506,0.09529,0.07836,0.08809,26530581854.0,2022-11-12
1668297600000,0.08809,0.09156,0.08254,0.08492,13911895023.0,2022-11-13
1668384000000,0.08492,0.09145,0.07908,0.08591,17183608829.0,2022-11-14
1668470400000,0.0859,0.08999,0.0847,0.08702,9116389717.0,2022-11-15
1668556800000,0.08702,0.09122,0.08325,0.08543,10828874856.0,2022-11-16
1668643200000,0.08543,0.08724,0.08232,0.08461,7921998382.0,2022-11-17
1668729600000,0.08462,0.08674,0.08355,0.08469,5333846645.0,2022-11-18
1668816000000,0.08469,0.08499,0.08297,0.08449,3670344063.0,2022-11-19
1668902400000,0.08449,0.0858,0.07611,0.07701,7848463753.0,2022-11-20
1668988800000,0.077,0.07736,0.0712,0.07464,13268068385.0,2022-11-21
1669075200000,0.07464,0.07981,0.07302,0.07872,9967607740.0,2022-11-22
1669161600000,0.07872,0.08352,0.07776,0.08193,8423214476.0,2022-11-23
1669248000000,0.08192,0.08436,0.08037,0.08141,4948349127.0,2022-11-24
1669334400000,0.08141,0.09192,0.08041,0.08943,17551265118.0,2022-11-25
1669420800000,0.08943,0.09566,0.0869,0.08886,15120368174.0,2022-11-26
1669507200000,0.08888,0.108,0.08874,0.09864,31368803031.0,2022-11-27
1669593600000,0.09864,0.09978,0.09051,0.09507,23557475314.0,2022-11-28
1669680000000,0.09506,0.10525,0.09355,0.10141,23175044924.0,2022-11-29
1669766400000,0.10141,0.11045,0.09924,0.10671,20960648530.0,2022-11-30
1669852800000,0.1067,0.10778,0.10015,0.10168,14318467005.0,2022-12-01
1669939200000,0.10167,0.10353,0.09617,0.10202,12955646962.0,2022-12-02
1670025600000,0.10203,0.10309,0.097,0.09965,10524130056.0,2022-12-03
1670112000000,0.09964,0.10575,0.09948,0.10398,12520170150.0,2022-12-04
1670198400000,0.10398,0.1118,0.099,0.10143,14522285189.0,2022-12-05
1670284800000,0.10143,0.10272,0.09757,0.10012,7893116875.0,2022-12-06
1670371200000,0.10012,0.10118,0.0922,0.0957,8378205557.0,2022-12-07
1670457600000,0.0957,0.09917,0.0945,0.09843,7371608281.0,2022-12-08
1670544000000,0.09843,0.0994,0.09444,0.09666,5330104508.0,2022-12-09
1670630400000,0.09665,0.09741,0.096,0.09627,2985322761.0,2022-12-10
1670716800000,0.09627,0.09714,0.09133,0.09262,3803591118.0,2022-12-11
1670803200000,0.09261,0.09297,0.0802,0.09022,10124911419.0,2022-12-12
1670889600000,0.09021,0.09579,0.08678,0.091,11567203348.0,2022-12-13
1670976000000,0.091,0.09244,0.08633,0.08821,7887387254.0,2022-12-14
1671062400000,0.0882,0.08878,0.08399,0.0848,6277536731.0,2022-12-15
1671148800000,0.08479,0.08684,0.07371,0.07565,11676881225.0,2022-12-16
1671235200000,0.07564,0.07945,0.07545,0.07913,7868555432.0,2022-12-17
1671321600000,0.07913,0.08,0.07754,0.07843,5223755178.0,2022-12-18
1671408000000,0.07843,0.07949,0.06952,0.0713,11915868603.0,2022-12-19
1671494400000,0.0713,0.07564,0.07098,0.07478,9910826852.0,2022-12-20
1671580800000,0.07479,0.07501,0.07129,0.07366,7085302615.0,2022-12-21
1671667200000,0.07367,0.07776,0.07323,0.07682,12012817849.0,2022-12-22
1671753600000,0.07683,0.07901,0.07582,0.07715,8931897065.0,2022-12-23
1671840000000,0.07715,0.07813,0.07656,0.07747,3182319656.0,2022-12-24
1671926400000,0.07747,0.07762,0.07277,0.07595,7555905210.0,2022-12-25
1672012800000,0.07595,0.07662,0.07398,0.07566,4370313881.0,2022-12-26
1672099200000,0.07566,0.07614,0.0725,0.07368,5516711829.0,2022-12-27
1672185600000,0.07368,0.07389,0.06906,0.07034,10275461736.0,2022-12-28
1672272000000,0.07035,0.0716,0.0692,0.07089,6522649920.0,2022-12-29
1672358400000,0.0709,0.07144,0.06552,0.06837,9232848005.0,2022-12-30
1672444800000,0.06836,0.07135,0.06791,0.07021,6773928283.0,2022-12-31
1672531200000,0.07022,0.07085,0.06901,0.0702,4429240490.0,2023-01-01
1672617600000,0.0702,0.07389,0.06901,0.07135,7103856603.0,2023-01-02
1672704000000,0.07136,0.07229,0.06913,0.07046,5858035676.0,2023-01-03
1672790400000,0.07046,0.0736,0.07016,0.07308,7985356853.0,2023-01-04
1672876800000,0.07309,0.0753,0.07,0.07148,8069141753.0,2023-01-05
1672963200000,0.07148,0.07278,0.06926,0.07238,7005327575.0,2023-01-06
1673049600000,0.07239,0.07306,0.07166,0.07218,2941624732.0,2023-01-07
1673136000000,0.07218,0.074,0.07117,0.07361,4526860098.0,2023-01-08
1673222400000,0.07361,0.07964,0.07293,0.07566,14278338658.0,2023-01-09
1673308800000,0.07566,0.07791,0.0735,0.07785,8441179338.0,2023-01-10
1673395200000,0.07784,0.07862,0.07461,0.07814,7025782295.0,2023-01-11
1673481600000,0.07813,0.08135,0.0737,0.08026,12121494002.0,2023-01-12
1673568000000,0.08026,0.08528,0.07833,0.08453,9262958605.0,2023-01-13
1673654400000,0.08453,0.0929,0.0821,0.08732,14490796666.0,2023-01-14
1673740800000,0.08733,0.08802,0.08276,0.08615,7127200083.0,2023-01-15
1673827200000,0.08615,0.08843,0.08142,0.08372,7846787418.0,2023-01-16
1673913600000,0.08373,0.08513,0.08171,0.08284,5553628018.0,2023-01-17
1674000000000,0.08284,0.08979,0.07648,0.07998,16104492349.0,2023-01-18
1674086400000,0.07998,0.08215,0.07971,0.0816,5473488805.0,2023-01-19
1674172800000,0.0816,0.08727,0.08058,0.08623,7113390798.0,2023-01-20
1674259200000,0.08624,0.08928,0.0835,0.08472,8870272396.0,2023-01-21
1674345600000,0.08471,0.09347,0.08434,0.08828,10811220423.0,2023-01-22
1674432000000,0.08828,0.09164,0.08619,0.0886,8773413991.0,2023-01-23
1674518400000,0.0886,0.09094,0.082,0.0839,7440172919.0,2023-01-24
1674604800000,0.08391,0.08824,0.08152,0.08659,7747990195.0,2023-01-25
1674691200000,0.0866,0.08781,0.08438,0.08638,5498920310.0,2023-01-26
1674777600000,0.08639,0.08809,0.0835,0.08729,4834546097.0,2023-01-27
1674864000000,0.08728,0.09396,0.08665,0.08774,8074143618.0,2023-01-28
1674950400000,0.08773,0.09104,0.08725,0.09017,5908158832.0,2023-01-29
1675036800000,0.09017,0.09298,0.08426,0.08831,11137923390.0,2023-01-30
1675123200000,0.0883,0.09791,0.08824,0.09617,22518974942.0,2023-01-31
1675209600000,0.09617,0.09725,0.0878,0.09412,14188229421.0,2023-02-01
1675296000000,0.09412,0.09621,0.09001,0.09102,8782770801.0,2023-02-02
1675382400000,0.09101,0.09344,0.09031,0.09301,6280078012.0,2023-02-03
1675468800000,0.09301,0.09985,0.09255,0.09574,12712651925.0,2023-02-04
1675555200000,0.09574,0.09702,0.0901,0.09204,8799314852.0,2023-02-05
1675641600000,0.09204,0.09329,0.0884,0.08954,5294706785.0,2023-02-06
1675728000000,0.08954,0.09276,0.08938,0.09253,4947598635.0,2023-02-07
1675814400000,0.09252,0.09348,0.08846,0.09017,5331606585.0,2023-02-08
1675900800000,0.09017,0.09096,0.07861,0.08144,10271665711.0,2023-02-09
1675987200000,0.08143,0.08304,0.0791,0.0808,6520339626.0,2023-02-10
1676073600000,0.08081,0.08256,0.08059,0.08222,2792875472.0,2023-02-11
1676160000000,0.08222,0.0858,0.08109,0.08211,6162385021.0,2023-02-12
1676246400000,0.08211,0.08644,0.07923,0.08202,10226975861.0,2023-02-13
1676332800000,0.08202,0.08372,0.07986,0.08358,5891764432.0,2023-02-14
1676419200000,0.08357,0.08961,0.08261,0.08925,11279651910.0,2023-02-15
1676505600000,0.08925,0.09204,0.08442,0.0849,10986388915.0,2023-02-16
1676592000000,0.08491,0.08855,0.08426,0.08777,5800828804.0,2023-02-17
1676678400000,0.08777,0.09051,0.08679,0.08888,4847456047.0,2023-02-18
1676764800000,0.08889,0.09013,0.08548,0.08704,5797448442.0,2023-02-19
1676851200000,0.08703,0.08883,0.0851,0.08835,4321929394.0,2023-02-20
1676937600000,0.08835,0.08896,0.08416,0.08546,5601915650.0,2023-02-21
1677024000000,0.08545,0.09076,0.08281,0.0855,9909026155.0,2023-02-22
1677110400000,0.0855,0.08644,0.08348,0.08423,4388038714.0,2023-02-23
1677196800000,0.08423,0.085,0.07907,0.08088,5685991780.0,2023-02-24
1677283200000,0.08088,0.08215,0.07822,0.08071,3536039634.0,2023-02-25
1677369600000,0.0807,0.08264,0.08036,0.08213,2293351133.0,2023-02-26
1677456000000,0.08213,0.08231,0.07988,0.08134,3840695510.0,2023-02-27
1677542400000,0.08133,0.08313,0.07984,0.08083,4926800056.0,2023-02-28
1677628800000,0.08083,0.08285,0.08018,0.0819,3019689602.0,2023-03-01
1677715200000,0.08191,0.08228,0.07957,0.08056,2775181013.0,2023-03-02
1677801600000,0.08057,0.08063,0.07185,0.07682,6207038925.0,2023-03-03
1677888000000,0.07682,0.07724,0.0725,0.07458,3324296758.0,2023-03-04
1677974400000,0.07458,0.07603,0.07424,0.07471,2753934097.0,2023-03-05
1678060800000,0.07472,0.07511,0.07313,0.07476,3041120958.0,2023-03-06
1678147200000,0.07475,0.07595,0.07219,0.07404,4256800204.0,2023-03-07
1678233600000,0.07405,0.0743,0.06976,0.07108,4757198955.0,2023-03-08
1678320000000,0.07108,0.07227,0.0638,0.0659,7553644401.0,2023-03-09
1678406400000,0.0659,0.06614,0.06244,0.06567,7148858832.0,2023-03-10
1678492800000,0.06567,0.06816,0.06305,0.06601,6217322828.0,2023-03-11
1678579200000,0.06602,0.07085,0.06512,0.0705,5133532853.0,2023-03-12
1678665600000,0.0705,0.07349,0.0681,0.07276,7228522821.0,2023-03-13
1678752000000,0.07276,0.07768,0.07106,0.07461,8965152280.0,2023-03-14
1678838400000,0.0746,0.07596,0.0673,0.0696,8381687718.0,2023-03-15
1678924800000,0.0696,0.07406,0.06869,0.07253,6349053612.0,2023-03-16
1679011200000,0.07254,0.07726,0.07142,0.07642,7340967900.0,2023-03-17
1679097600000,0.07642,0.07895,0.07203,0.07294,8344469258.0,2023-03-18
1679184000000,0.07294,0.07654,0.07293,0.0745,5416970567.0,2023-03-19
1679270400000,0.07451,0.07559,0.07022,0.07133,6901186517.0,2023-03-20
1679356800000,0.07133,0.0779,0.07025,0.0766,9030734451.0,2023-03-21
1679443200000,0.07659,0.07813,0.07123,0.07382,9082823636.0,2023-03-22
1679529600000,0.07382,0.07955,0.07289,0.07733,8420693418.0,2023-03-23
1679616000000,0.07733,0.07747,0.07266,0.07448,5369743847.0,2023-03-24
1679702400000,0.07448,0.07594,0.07234,0.07398,3372132911.0,2023-03-25
1679788800000,0.07398,0.07544,0.07328,0.07431,2819641614.0,2023-03-26
1679875200000,0.0743,0.07615,0.07116,0.07284,5496361868.0,2023-03-27
1679961600000,0.07284,0.07401,0.07159,0.07378,3569163664.0,2023-03-28
1680048000000,0.07378,0.07682,0.07346,0.07553,4437686272.0,2023-03-29
1680134400000,0.07553,0.07684,0.07292,0.07417,4268069538.0,2023-03-30
1680220800000,0.07416,0.07789,0.07331,0.0769,4354658692.0,2023-03-31
1680307200000,0.07691,0.08337,0.07582,0.08183,9567261977.0,2023-04-01
1680393600000,0.08182,0.08559,0.07706,0.079,13451451564.0,2023-04-02
1680480000000,0.07899,0.10523,0.07552,0.09596,51762383502.0,2023-04-03
1680566400000,0.09597,0.10357,0.09202,0.09514,43309996742.0,2023-04-04
1680652800000,0.09514,0.09921,0.09029,0.09269,21202647713.0,2023-04-05
1680739200000,0.09268,0.09276,0.084,0.08539,21203556421.0,2023-04-06
1680825600000,0.08538,0.0862,0.081,0.08217,13961609854.0,2023-04-07
1680912000000,0.08217,0.0838,0.08,0.0813,7415225567.0,2023-04-08
1680998400000,0.08129,0.08393,0.08102,0.08313,6611563644.0,2023-04-09
1681084800000,0.08314,0.08538,0.08216,0.08471,5798113535.0,2023-04-10
1681171200000,0.0847,0.08574,0.08352,0.08406,5724203273.0,2023-04-11
1681257600000,0.08406,0.08478,0.07998,0.08343,8416610726.0,2023-04-12
1681344000000,0.08343,0.08888,0.08281,0.08731,10123612330.0,2023-04-13
1681430400000,0.0873,0.0915,0.08507,0.08869,13028877160.0,2023-04-14
1681516800000,0.08868,0.09064,0.0871,0.08891,5170366696.0,2023-04-15
1681603200000,0.0889,0.09196,0.08762,0.09045,6825496362.0,2023-04-16
1681689600000,0.09045,0.095,0.08803,0.09141,18793225323.0,2023-04-17
1681776000000,0.09141,0.09538,0.08974,0.09415,11262756051.0,2023-04-18
1681862400000,0.09414,0.09415,0.0835,0.08782,15155930667.0,2023-04-19
1681948800000,0.08782,0.09353,0.08238,0.08386,29227525253.0,2023-04-20
1682035200000,0.08386,0.08467,0.07589,0.07837,12023332484.0,2023-04-21
1682121600000,0.07837,0.08096,0.07811,0.08025,4973725909.0,2023-04-22
1682208000000,0.08025,0.08082,0.07626,0.07873,5377274872.0,2023-04-23
1682294400000,0.07873,0.08004,0.07708,0.07869,5451359205.0,2023-04-24
1682380800000,0.0787,0.07994,0.07743,0.07974,4661078930.0,2023-04-25
1682467200000,0.07974,0.08357,0.07452,0.07853,10271556317.0,2023-04-26
1682553600000,0.07853,0.08097,0.07832,0.0801,6324202345.0,2023-04-27
1682640000000,0.08009,0.08072,0.07893,0.08029,3358142946.0,2023-04-28
1682726400000,0.08029,0.08192,0.08013,0.08153,3121725737.0,2023-04-29
1682812800000,0.08153,0.08173,0.07918,0.07947,3278448990.0,2023-04-30
1682899200000,0.07946,0.07999,0.07722,0.07875,4172486903.0,2023-05-01
1682985600000,0.07875,0.07907,0.07746,0.07871,2862973989.0,2023-05-02
1683072000000,0.07872,0.0807,0.07703,0.07958,4904741675.0,2023-05-03
1683158400000,0.07959,0.07968,0.07787,0.07833,3308204753.0,2023-05-04
1683244800000,0.07833,0.08148,0.07669,0.08016,5092144787.0,2023-05-05
1683331200000,0.08015,0.08048,0.07545,0.07668,4360392150.0,2023-05-06
1683417600000,0.07668,0.07746,0.0761,0.07648,2503924288.0,2023-05-07
1683504000000,0.07648,0.07712,0.06928,0.07234,6490445723.0,2023-05-08
1683590400000,0.07233,0.07328,0.072,0.07304,3375169353.0,2023-05-09
1683676800000,0.07304,0.07467,0.0702,0.07308,5666649050.0,2023-05-10
1683763200000,0.07309,0.07314,0.06882,0.0719,6140336232.0,2023-05-11
1683849600000,0.07191,0.07273,0.06928,0.07229,6406274007.0,2023-05-12
1683936000000,0.0723,0.07236,0.07126,0.07164,2120340195.0,2023-05-13
1684022400000,0.07165,0.07263,0.071,0.07191,1937641594.0,2023-05-14
1684108800000,0.07191,0.07365,0.0708,0.07186,3210362404.0,2023-05-15
1684195200000,0.07186,0.07323,0.07082,0.07271,2940915041.0,2023-05-16
1684281600000,0.0727,0.07545,0.07224,0.07479,6111695836.0,2023-05-17
1684368000000,0.0748,0.0749,0.07154,0.07339,6079765063.0,2023-05-18
1684454400000,0.0734,0.07403,0.07292,0.07346,2870636172.0,2023-05-19
1684540800000,0.07345,0.07387,0.07301,0.07357,1471195397.0,2023-05-20
1684627200000,0.07357,0.07398,0.07184,0.07207,2223653197.0,2023-05-21
1684713600000,0.07206,0.074,0.07063,0.07287,3878480437.0,2023-05-22
1684800000000,0.07288,0.07395,0.07239,0.07284,2178696147.0,2023-05-23
1684886400000,0.07284,0.07286,0.06901,0.07059,4141639183.0,2023-05-24
1684972800000,0.07059,0.07123,0.06828,0.07085,2917046040.0,2023-05-25
1685059200000,0.07084,0.07135,0.07032,0.07092,2256693315.0,2023-05-26
1685145600000,0.07091,0.07345,0.07062,0.07254,2704957379.0,2023-05-27
1685232000000,0.07254,0.07398,0.07179,0.07351,3010308928.0,2023-05-28
1685318400000,0.0735,0.07401,0.07259,0.0731,2286541760.0,2023-05-29
1685404800000,0.0731,0.07345,0.07194,0.07227,2450940055.0,2023-05-30
1685491200000,0.07227,0.07264,0.0704,0.07161,2410989542.0,2023-05-31
1685577600000,0.0716,0.07218,0.07063,0.07139,2285473286.0,2023-06-01
1685664000000,0.07139,0.07332,0.07077,0.07257,2469262463.0,2023-06-02
1685750400000,0.07256,0.07297,0.07209,0.07268,1333209641.0,2023-06-03
1685836800000,0.07268,0.07335,0.07227,0.07246,1583569053.0,2023-06-04
1685923200000,0.07246,0.0727,0.06272,0.06635,6239838401.0,2023-06-05
1686009600000,0.06636,0.07199,0.06574,0.07021,7532640388.0,2023-06-06
1686096000000,0.07021,0.07029,0.06661,0.06723,4519594506.0,2023-06-07
1686182400000,0.06723,0.06852,0.06693,0.06791,2252452872.0,2023-06-08
1686268800000,0.06791,0.07116,0.06724,0.06943,4995528868.0,2023-06-09
1686355200000,0.06943,0.07217,0.05258,0.06168,14615673655.0,2023-06-10
1686441600000,0.06169,0.06287,0.06079,0.06147,4099654413.0,2023-06-11
1686528000000,0.06147,0.06167,0.05962,0.06139,3423742773.0,2023-06-12
1686614400000,0.06138,0.06288,0.06034,0.0617,3711109387.0,2023-06-13
1686700800000,0.06171,0.06216,0.05803,0.06032,4041467411.0,2023-06-14
1686787200000,0.06032,0.06195,0.05971,0.0615,4256952929.0,2023-06-15
1686873600000,0.0615,0.06285,0.06066,0.06215,3452559525.0,2023-06-16
1686960000000,0.06214,0.06298,0.06168,0.06214,2101567461.0,2023-06-17
1687046400000,0.06215,0.06395,0.06095,0.06205,4640434033.0,2023-06-18
1687132800000,0.06205,0.06284,0.06144,0.0624,2388421155.0,2023-06-19
1687219200000,0.0624,0.0631,0.06066,0.0631,3106385932.0,2023-06-20
1687305600000,0.06309,0.06676,0.06277,0.06555,6201226741.0,2023-06-21
1687392000000,0.06555,0.06935,0.06476,0.06553,6240599821.0,2023-06-22
1687478400000,0.06552,0.07013,0.06511,0.06822,4616076098.0,2023-06-23
1687564800000,0.06823,0.0684,0.06476,0.06665,3677989768.0,2023-06-24
1687651200000,0.06665,0.068,0.06629,0.06669,2674220599.0,2023-06-25
1687737600000,0.06669,0.06678,0.06303,0.06467,3722673346.0,2023-06-26
1687824000000,0.06467,0.06578,0.06416,0.06553,3102506251.0,2023-06-27
1687910400000,0.06553,0.06593,0.05969,0.06251,4532773917.0,2023-06-28
1687996800000,0.0625,0.06405,0.06233,0.06338,2515240432.0,2023-06-29
1688083200000,0.06337,0.06694,0.06058,0.06642,7024042271.0,2023-06-30
1688169600000,0.06642,0.07138,0.06634,0.0685,7288708532.0,2023-07-01
1688256000000,0.06849,0.06919,0.06577,0.06802,5258336534.0,2023-07-02
1688342400000,0.06801,0.06878,0.06722,0.06843,3395149417.0,2023-07-03
1688428800000,0.06842,0.07188,0.06762,0.06888,7987836495.0,2023-07-04
1688515200000,0.06889,0.06951,0.0653,0.06695,4362911877.0,2023-07-05
1688601600000,0.06696,0.06856,0.06456,0.06479,4639576041.0,2023-07-06
1688688000000,0.06479,0.06584,0.064,0.06534,2996966107.0,2023-07-07
1688774400000,0.06533,0.06605,0.06466,0.06568,2082666920.0,2023-07-08
1688860800000,0.06568,0.06633,0.06503,0.06531,1975007383.0,2023-07-09
1688947200000,0.06531,0.06617,0.063,0.0652,4444421031.0,2023-07-10
1689033600000,0.0652,0.06545,0.06432,0.06524,2274814673.0,2023-07-11
1689120000000,0.06524,0.06568,0.06355,0.06498,2928525696.0,2023-07-12
1689206400000,0.06499,0.07173,0.0645,0.07042,10042112595.0,2023-07-13
1689292800000,0.07042,0.07319,0.06581,0.06845,10340671767.0,2023-07-14
1689379200000,0.06846,0.07525,0.06763,0.07193,14954595409.0,2023-07-15
1689465600000,0.07193,0.0722,0.06875,0.06948,6657392637.0,2023-07-16
1689552000000,0.06948,0.07324,0.06719,0.0698,7962692038.0,2023-07-17
1689638400000,0.06979,0.07029,0.06679,0.06862,4258912628.0,2023-07-18
1689724800000,0.06861,0.0725,0.0682,0.07,7657799220.0,2023-07-19
1689811200000,0.06999,0.07388,0.06919,0.07056,9798156507.0,2023-07-20
1689897600000,0.07056,0.07685,0.07022,0.07318,13836416347.0,2023-07-21
1689984000000,0.07318,0.07328,0.069,0.07044,5527048401.0,2023-07-22
1690070400000,0.07043,0.07295,0.06991,0.07176,4673411329.0,2023-07-23
1690156800000,0.07176,0.07823,0.07011,0.07417,31773805028.0,2023-07-24
1690243200000,0.07417,0.08387,0.07356,0.08183,39897720601.0,2023-07-25
1690329600000,0.08182,0.08227,0.0764,0.0779,22650353397.0,2023-07-26
1690416000000,0.07789,0.07994,0.07658,0.07758,11034358724.0,2023-07-27
1690502400000,0.07757,0.07787,0.07567,0.07714,7248223751.0,2023-07-28
1690588800000,0.07714,0.08275,0.07676,0.0802,9686410681.0,2023-07-29
1690675200000,0.0802,0.0805,0.07576,0.07798,9284031148.0,2023-07-30
1690761600000,0.07797,0.07979,0.0765,0.0778,7661614114.0,2023-07-31
1690848000000,0.07779,0.0793,0.0748,0.07811,7289059674.0,2023-08-01
1690934400000,0.07812,0.07832,0.07366,0.07418,7637937453.0,2023-08-02
1691020800000,0.07418,0.07498,0.07229,0.07355,6908434588.0,2023-08-03
1691107200000,0.07354,0.0749,0.0724,0.07342,5681547372.0,2023-08-04
1691193600000,0.07341,0.0771,0.07286,0.07569,9230774525.0,2023-08-05
1691280000000,0.07568,0.07647,0.07401,0.07425,5279275995.0,2023-08-06
1691366400000,0.07425,0.07569,0.07132,0.07352,6328647644.0,2023-08-07
1691452800000,0.07351,0.07549,0.07316,0.07494,5039641866.0,2023-08-08
1691539200000,0.07494,0.07619,0.07415,0.07539,4476799206.0,2023-08-09
1691625600000,0.07539,0.07693,0.07511,0.07584,6069813199.0,2023-08-10
1691712000000,0.07584,0.07608,0.0747,0.07569,3288015280.0,2023-08-11
1691798400000,0.07569,0.07746,0.07557,0.07667,4597725145.0,2023-08-12
1691884800000,0.07666,0.07685,0.07411,0.07473,3689125275.0,2023-08-13
1691971200000,0.07473,0.07713,0.07355,0.07466,6679770684.0,2023-08-14
1692057600000,0.07466,0.07494,0.0676,0.07085,6562499964.0,2023-08-15
1692144000000,0.07086,0.07121,0.0659,0.06715,6780441934.0,2023-08-16
1692230400000,0.06714,0.06839,0.055,0.06098,11698126662.0,2023-08-17
1692316800000,0.06098,0.06381,0.05982,0.0632,8387125654.0,2023-08-18
1692403200000,0.0632,0.06447,0.06302,0.06375,3551022255.0,2023-08-19
1692489600000,0.06376,0.06476,0.06331,0.06379,2820786932.0,2023-08-20
1692576000000,0.0638,0.06409,0.06022,0.06248,4982310799.0,2023-08-21
1692662400000,0.06248,0.0635,0.0601,0.06255,5610772277.0,2023-08-22
1692748800000,0.06255,0.0661,0.0624,0.06373,5235456307.0,2023-08-23
1692835200000,0.06374,0.064,0.0617,0.06303,3376985675.0,2023-08-24
1692921600000,0.06303,0.06313,0.0616,0.06308,3208034313.0,2023-08-25
1693008000000,0.06308,0.06337,0.06255,0.06284,1196623632.0,2023-08-26
1693094400000,0.06284,0.06376,0.06265,0.06313,1693488491.0,2023-08-27
1693180800000,0.06313,0.06366,0.06182,0.06342,2873742789.0,2023-08-28
1693267200000,0.06341,0.0686,0.06236,0.06636,9208998557.0,2023-08-29
1693353600000,0.06637,0.06645,0.0642,0.06583,3926345713.0,2023-08-30
1693440000000,0.06583,0.067,0.06253,0.06376,6618561392.0,2023-08-31
1693526400000,0.06375,0.06427,0.06221,0.06384,4032190622.0,2023-09-01
1693612800000,0.06383,0.06499,0.06251,0.06345,3169097014.0,2023-09-02
1693699200000,0.06345,0.06372,0.0627,0.06313,1604413311.0,2023-09-03
1693785600000,0.06313,0.06381,0.06198,0.06323,2471763349.0,2023-09-04
1693872000000,0.06323,0.06433,0.06282,0.064,3619157778.0,2023-09-05
1693958400000,0.064,0.06461,0.06238,0.0636,3481530466.0,2023-09-06
1694044800000,0.06361,0.06381,0.06273,0.06363,2351430545.0,2023-09-07
1694131200000,0.06363,0.06399,0.06231,0.06369,2395819678.0,2023-09-08
1694217600000,0.06368,0.06389,0.06312,0.06335,1332475684.0,2023-09-09
1694304000000,0.06336,0.06337,0.0592,0.06126,4001969188.0,2023-09-10
1694390400000,0.06127,0.06198,0.0591,0.06044,5311288359.0,2023-09-11
1694476800000,0.06044,0.06243,0.06038,0.06086,4564835057.0,2023-09-12
1694563200000,0.06085,0.06178,0.06044,0.06121,3343718978.0,2023-09-13
1694649600000,0.06121,0.0625,0.06104,0.06203,3656887793.0,2023-09-14
1694736000000,0.06203,0.06293,0.06132,0.06246,2624456422.0,2023-09-15
1694822400000,0.06247,0.06296,0.0617,0.06209,2418043674.0,2023-09-16
1694908800000,0.0621,0.06252,0.06085,0.06141,2858039704.0,2023-09-17
1694995200000,0.06142,0.0628,0.0609,0.06195,4082775639.0,2023-09-18
1695081600000,0.06195,0.06321,0.06176,0.06264,3428301095.0,2023-09-19
1695168000000,0.06264,0.063,0.06123,0.06259,3401880434.0,2023-09-20
1695254400000,0.06259,0.06346,0.06097,0.06125,4366883710.0,2023-09-21
1695340800000,0.06126,0.06184,0.06053,0.06148,2389453816.0,2023-09-22
1695427200000,0.06149,0.06198,0.06121,0.06147,1819692850.0,2023-09-23
1695513600000,0.06148,0.06171,0.06018,0.06064,1741542147.0,2023-09-24
1695600000000,0.06064,0.06121,0.06003,0.0609,1778129431.0,2023-09-25
1695686400000,0.0609,0.06112,0.05894,0.06059,2740199116.0,2023-09-26
1695772800000,0.06059,0.06144,0.06011,0.06048,3000069586.0,2023-09-27
1695859200000,0.06048,0.06166,0.06033,0.06148,3806853377.0,2023-09-28
1695945600000,0.06147,0.06248,0.06126,0.06208,3801603498.0,2023-09-29
1696032000000,0.06209,0.06271,0.06168,0.06203,2745958988.0,2023-09-30
1696118400000,0.06203,0.06356,0.06162,0.06317,3538844584.0,2023-10-01
1696204800000,0.06318,0.06418,0.06033,0.06196,6094902316.0,2023-10-02
1696291200000,0.06196,0.06227,0.06103,0.06132,3066714445.0,2023-10-03
1696377600000,0.06133,0.06153,0.05994,0.06141,3282662360.0,2023-10-04
1696464000000,0.0614,0.06162,0.06053,0.06083,2638894614.0,2023-10-05
1696550400000,0.06083,0.06155,0.06065,0.06132,2369300062.0,2023-10-06
1696636800000,0.06133,0.06164,0.06101,0.0614,1237445147.0,2023-10-07
1696723200000,0.0614,0.06158,0.0606,0.0609,1391189546.0,2023-10-08
1696809600000,0.0609,0.06098,0.05638,0.05869,5338629770.0,2023-10-09
1696896000000,0.05869,0.05918,0.05841,0.05907,2478924460.0,2023-10-10
1696982400000,0.05907,0.05945,0.05749,0.05847,3255092179.0,2023-10-11
1697068800000,0.05848,0.05849,0.05678,0.05785,2366651254.0,2023-10-12
1697155200000,0.05786,0.05945,0.05775,0.05836,2703290225.0,2023-10-13
1697241600000,0.05837,0.05997,0.05831,0.05983,1925541039.0,2023-10-14
1697328000000,0.05983,0.05984,0.05895,0.05929,1594608076.0,2023-10-15
1697414400000,0.0593,0.0618,0.05903,0.05995,5211022799.0,2023-10-16
1697500800000,0.05995,0.06013,0.058,0.05899,2736901072.0,2023-10-17
1697587200000,0.059,0.05931,0.05822,0.05854,2478121356.0,2023-10-18
1697673600000,0.05854,0.05896,0.05721,0.05881,2688454352.0,2023-10-19
1697760000000,0.05882,0.06046,0.05859,0.05987,3626230626.0,2023-10-20
1697846400000,0.05988,0.06144,0.05937,0.06117,3094269062.0,2023-10-21
1697932800000,0.06117,0.06173,0.05961,0.06167,3246461310.0,2023-10-22
1698019200000,0.06166,0.06796,0.06127,0.06745,12987455118.0,2023-10-23
1698105600000,0.06745,0.07013,0.0638,0.06661,12361432802.0,2023-10-24
1698192000000,0.06661,0.06985,0.06459,0.06836,10177841021.0,2023-10-25
1698278400000,0.06835,0.07523,0.06782,0.07189,16925877846.0,2023-10-26
1698364800000,0.07188,0.07248,0.06703,0.06779,7039732439.0,2023-10-27
1698451200000,0.06778,0.06988,0.06752,0.06903,4004358577.0,2023-10-28
1698537600000,0.06903,0.07028,0.06719,0.06939,3180978273.0,2023-10-29
1698624000000,0.0694,0.07049,0.06752,0.06963,4697400907.0,2023-10-30
1698710400000,0.06964,0.07093,0.06549,0.06826,6907880187.0,2023-10-31
1698796800000,0.06827,0.06977,0.06555,0.06897,6365505310.0,2023-11-01
1698883200000,0.06898,0.07099,0.06661,0.06793,6770783058.0,2023-11-02
1698969600000,0.06793,0.06829,0.06619,0.06813,2955901670.0,2023-11-03
1699056000000,0.06812,0.06935,0.06789,0.06914,2281103204.0,2023-11-04
1699142400000,0.06914,0.07179,0.06886,0.07111,5730141303.0,2023-11-05
1699228800000,0.07112,0.07658,0.07027,0.07643,9651570256.0,2023-11-06
1699315200000,0.07643,0.07654,0.0715,0.07341,9500737115.0,2023-11-07
1699401600000,0.07341,0.07738,0.0728,0.0754,6002919845.0,2023-11-08
1699488000000,0.0754,0.07804,0.06414,0.07358,12164955665.0,2023-11-09
1699574400000,0.07358,0.07565,0.0724,0.07547,5768626843.0,2023-11-10
1699660800000,0.07547,0.08198,0.07443,0.0785,13782374008.0,2023-11-11
1699747200000,0.07851,0.08046,0.075,0.07801,6678066754.0,2023-11-12
1699833600000,0.07802,0.07963,0.07335,0.07455,8406785025.0,2023-11-13
1699920000000,0.07456,0.07567,0.06835,0.07247,7897403636.0,2023-11-14
1700006400000,0.07247,0.0766,0.07228,0.07629,5395542225.0,2023-11-15
1700092800000,0.07628,0.08354,0.07597,0.07949,19673722903.0,2023-11-16
1700179200000,0.07949,0.08763,0.07911,0.08645,27106973456.0,2023-11-17
1700265600000,0.08645,0.08667,0.0792,0.08032,19089788028.0,2023-11-18
1700352000000,0.08032,0.08069,0.07739,0.0805,8944157677.0,2023-11-19
1700438400000,0.0805,0.0823,0.07642,0.07774,9234204350.0,2023-11-20
1700524800000,0.07774,0.0788,0.0705,0.07176,10323890972.0,2023-11-21
1700611200000,0.07176,0.07661,0.07153,0.07574,5181648168.0,2023-11-22
1700697600000,0.07574,0.0764,0.07492,0.0762,3283667043.0,2023-11-23
1700784000000,0.07621,0.07866,0.07602,0.07816,4957419600.0,2023-11-24
1700870400000,0.07816,0.07917,0.07754,0.07895,3137491513.0,2023-11-25
1700956800000,0.07894,0.07901,0.07524,0.07865,4315584537.0,2023-11-26
1701043200000,0.07865,0.08159,0.07675,0.07883,9198079108.0,2023-11-27
1701129600000,0.07883,0.08125,0.07667,0.08087,7763001899.0,2023-11-28
1701216000000,0.08086,0.08318,0.07958,0.08047,7752801361.0,2023-11-29
1701302400000,0.08046,0.08444,0.0804,0.08347,7445642421.0,2023-11-30
1701388800000,0.08347,0.08511,0.0823,0.08385,6435976512.0,2023-12-01
1701475200000,0.08385,0.08668,0.08325,0.08623,4696519979.0,2023-12-02
1701561600000,0.08623,0.0875,0.08359,0.08574,5668386635.0,2023-12-03
1701648000000,0.08575,0.09271,0.08462,0.09197,12953854744.0,2023-12-04
1701734400000,0.09198,0.09594,0.08726,0.09439,11050426241.0,2023-12-05
1701820800000,0.0944,0.10659,0.09344,0.095,23534663791.0,2023-12-06
1701907200000,0.09501,0.09838,0.093,0.09595,10998117425.0,2023-12-07
1701993600000,0.09595,0.10399,0.09563,0.10174,8220681428.0,2023-12-08
1702080000000,0.10173,0.10498,0.09727,0.09856,8771065928.0,2023-12-09
1702166400000,0.09856,0.10284,0.09669,0.10197,5461680820.0,2023-12-10
1702252800000,0.10197,0.10758,0.08902,0.09413,17190996617.0,2023-12-11
1702339200000,0.09413,0.09809,0.0913,0.09385,7873840029.0,2023-12-12
1702425600000,0.09384,0.09759,0.08973,0.09647,6986462141.0,2023-12-13
1702512000000,0.09647,0.09881,0.0929,0.09837,5957415737.0,2023-12-14
1702598400000,0.09837,0.09887,0.0921,0.09305,4525268735.0,2023-12-15
1702684800000,0.09305,0.0973,0.09162,0.09715,4625374285.0,2023-12-16
1702771200000,0.09715,0.0979,0.0924,0.09299,4609273114.0,2023-12-17
1702857600000,0.093,0.09384,0.08637,0.09215,6821762451.0,2023-12-18
1702944000000,0.09214,0.09355,0.0893,0.09025,4524255587.0,2023-12-19
1703030400000,0.09026,0.09343,0.08949,0.09158,5525937000.0,2023-12-20
1703116800000,0.09158,0.0981,0.09071,0.09509,7943436478.0,2023-12-21
1703203200000,0.09509,0.0957,0.092,0.09505,5494735558.0,2023-12-22
1703289600000,0.09505,0.09512,0.09207,0.09353,2845472809.0,2023-12-23
1703376000000,0.09352,0.09498,0.09022,0.09176,4998056245.0,2023-12-24
1703462400000,0.09176,0.09564,0.09127,0.09445,3926448209.0,2023-12-25
1703548800000,0.09445,0.09456,0.0855,0.09143,5501263775.0,2023-12-26
1703635200000,0.09144,0.09397,0.08959,0.09378,4150345188.0,2023-12-27
1703721600000,0.09378,0.0951,0.09108,0.0918,4851369692.0,2023-12-28
1703808000000,0.09181,0.0931,0.08754,0.09103,4540789859.0,2023-12-29
1703894400000,0.09102,0.09151,0.08925,0.09007,2227692781.0,2023-12-30
1703980800000,0.09007,0.091,0.088,0.08957,2026378830.0,2023-12-31
1704067200000,0.08958,0.0922,0.08852,0.09209,2204894963.0,2024-01-01
1704153600000,0.09208,0.0945,0.0904,0.09115,4800668323.0,2024-01-02
1704240000000,0.09116,0.09222,0.07358,0.08197,10115305028.0,2024-01-03
1704326400000,0.08198,0.08466,0.08091,0.084,4608012237.0,2024-01-04
1704412800000,0.084,0.08482,0.07855,0.08266,6287285750.0,2024-01-05
1704499200000,0.08267,0.08268,0.0783,0.08058,4244037881.0,2024-01-06
1704585600000,0.08057,0.08151,0.07695,0.07821,4024559416.0,2024-01-07
1704672000000,0.0782,0.08176,0.07408,0.08134,6753393531.0,2024-01-08
1704758400000,0.08133,0.08405,0.07608,0.07923,11769930740.0,2024-01-09
1704844800000,0.07922,0.08498,0.07617,0.08309,7270889910.0,2024-01-10
1704931200000,0.0831,0.08795,0.08202,0.08457,7701675815.0,2024-01-11
1705017600000,0.08457,0.08552,0.07678,0.08008,5964677695.0,2024-01-12
1705104000000,0.08008,0.08139,0.07858,0.08093,2674845188.0,2024-01-13
1705190400000,0.08093,0.08394,0.07965,0.08003,4719538142.0,2024-01-14
1705276800000,0.08002,0.0818,0.07986,0.08108,2776968668.0,2024-01-15
1705363200000,0.08108,0.0826,0.07984,0.08136,3288378303.0,2024-01-16
1705449600000,0.08136,0.08162,0.0793,0.0806,2514072706.0,2024-01-17
1705536000000,0.08059,0.08083,0.07683,0.07809,3566373592.0,2024-01-18
1705622400000,0.07808,0.07886,0.07479,0.07858,4106915950.0,2024-01-19
1705708800000,0.07858,0.09056,0.07821,0.08776,8060976711.0,2024-01-20
1705795200000,0.08776,0.09048,0.08469,0.08547,11209520628.0,2024-01-21
1705881600000,0.08548,0.08563,0.08004,0.08055,8141427172.0,2024-01-22
1705968000000,0.08056,0.08188,0.07587,0.07817,6054194423.0,2024-01-23
1706054400000,0.07816,0.08063,0.0776,0.07904,4066029304.0,2024-01-24
1706140800000,0.07904,0.07926,0.07708,0.07793,2976225392.0,2024-01-25
1706227200000,0.07794,0.08032,0.07751,0.07984,2877949165.0,2024-01-26
1706313600000,0.07985,0.0807,0.07899,0.0801,1840476624.0,2024-01-27
1706400000000,0.0801,0.08148,0.07813,0.07879,2714136897.0,2024-01-28
1706486400000,0.0788,0.08305,0.07814,0.08135,5962009215.0,2024-01-29
1706572800000,0.08135,0.08216,0.07934,0.0797,3102449120.0,2024-01-30
1706659200000,0.0797,0.08026,0.0779,0.0787,2895502307.0,2024-01-31
1706745600000,0.0787,0.07983,0.0772,0.07933,2167583426.0,2024-02-01
1706832000000,0.07933,0.07994,0.07854,0.07925,1832345463.0,2024-02-02
1706918400000,0.07925,0.0795,0.0785,0.07872,1097150939.0,2024-02-03
1707004800000,0.07871,0.07996,0.0775,0.07828,1789108578.0,2024-02-04
1707091200000,0.07827,0.08031,0.07726,0.07831,2754734561.0,2024-02-05
1707177600000,0.07831,0.07922,0.07768,0.07849,1651633433.0,2024-02-06
1707264000000,0.07848,0.08032,0.07812,0.08013,1954698270.0,2024-02-07
1707350400000,0.08012,0.08086,0.07952,0.07986,2418711887.0,2024-02-08
1707436800000,0.07986,0.08223,0.07985,0.08157,3407289704.0,2024-02-09
1707523200000,0.08156,0.08217,0.08028,0.08141,1839753310.0,2024-02-10
1707609600000,0.0814,0.0838,0.08071,0.08123,3298852255.0,2024-02-11
1707696000000,0.08122,0.08292,0.0794,0.08229,3833729763.0,2024-02-12
1707782400000,0.08228,0.08309,0.07962,0.0811,3830245546.0,2024-02-13
1707868800000,0.08111,0.08709,0.08052,0.08558,7362154140.0,2024-02-14
1707955200000,0.08557,0.08831,0.08394,0.08534,6379066669.0,2024-02-15
1708041600000,0.08534,0.08811,0.08391,0.08595,4599397820.0,2024-02-16
1708128000000,0.08596,0.08613,0.08188,0.08361,3364046488.0,2024-02-17
1708214400000,0.08362,0.0858,0.08284,0.08523,3084963577.0,2024-02-18
1708300800000,0.08523,0.09091,0.08508,0.08949,6031555707.0,2024-02-19
1708387200000,0.08949,0.09171,0.08181,0.08618,7109568834.0,2024-02-20
1708473600000,0.08619,0.08633,0.08196,0.08462,4118268183.0,2024-02-21
1708560000000,0.08462,0.0856,0.08306,0.08417,2980537917.0,2024-02-22
1708646400000,0.08417,0.08562,0.0829,0.08457,3687383085.0,2024-02-23
1708732800000,0.08457,0.08645,0.0839,0.08622,2621303702.0,2024-02-24
1708819200000,0.08622,0.08689,0.08527,0.08618,2470389581.0,2024-02-25
1708905600000,0.08619,0.09015,0.08421,0.08933,4517097057.0,2024-02-26
1708992000000,0.08933,0.10071,0.08856,0.09768,15438395355.0,2024-02-27
1709078400000,0.09769,0.12369,0.0941,0.11596,27263889469.0,2024-02-28
1709164800000,0.11597,0.13523,0.11133,0.11743,24836989582.0,2024-02-29
1709251200000,0.11743,0.1458,0.11702,0.13953,19044188254.0,2024-03-01
1709337600000,0.13952,0.15147,0.13601,0.14219,15111767967.0,2024-03-02
1709424000000,0.14218,0.15655,0.1199,0.15365,15876559147.0,2024-03-03
1709510400000,0.15366,0.18586,0.14451,0.18218,23483076976.0,2024-03-04
1709596800000,0.18216,0.20711,0.12035,0.15302,34530407634.0,2024-03-05
1709683200000,0.15306,0.17997,0.14607,0.15797,16763292268.0,2024-03-06
1709769600000,0.15797,0.16245,0.1466,0.15781,12556498716.0,2024-03-07
1709856000000,0.15783,0.17631,0.15467,0.16467,15279281290.0,2024-03-08
1709942400000,0.16466,0.18511,0.16311,0.17901,11296684050.0,2024-03-09
1710028800000,0.17901,0.1799,0.16542,0.17007,7929279016.0,2024-03-10
1710115200000,0.17008,0.18349,0.15958,0.18236,9413349360.0,2024-03-11
1710201600000,0.18236,0.18389,0.15115,0.16827,9287035245.0,2024-03-12
1710288000000,0.16827,0.17475,0.16488,0.16911,6410675531.0,2024-03-13
1710374400000,0.16911,0.19394,0.16392,0.17742,22814109179.0,2024-03-14
1710460800000,0.17741,0.18165,0.15072,0.1637,15258341767.0,2024-03-15
1710547200000,0.16371,0.16547,0.13802,0.14261,11894028124.0,2024-03-16
1710633600000,0.14262,0.15939,0.13673,0.15439,10672546679.0,2024-03-17
1710720000000,0.15439,0.15443,0.1401,0.14362,8189696925.0,2024-03-18
1710806400000,0.14362,0.14528,0.12531,0.12887,15296758458.0,2024-03-19
1710892800000,0.12887,0.15345,0.12252,0.15223,15288846221.0,2024-03-20
1710979200000,0.15222,0.16038,0.14675,0.15549,11260948202.0,2024-03-21
1711065600000,0.15549,0.16519,0.14533,0.15304,11836950298.0,2024-03-22
1711152000000,0.15305,0.17511,0.15174,0.16202,12109268521.0,2024-03-23
1711238400000,0.16202,0.18036,0.16128,0.1766,12234824720.0,2024-03-24
1711324800000,0.1766,0.1873,0.17011,0.17539,10515387262.0,2024-03-25
1711411200000,0.17539,0.1875,0.1738,0.18245,10748721232.0,2024-03-26
1711497600000,0.18244,0.19229,0.17823,0.1907,16070494043.0,2024-03-27
1711584000000,0.19071,0.2293,0.1894,0.22022,22509933466.0,2024-03-28
1711670400000,0.22022,0.22506,0.20804,0.21319,12291094076.0,2024-03-29
1711756800000,0.21318,0.21717,0.19618,0.19929,8120251970.0,2024-03-30
1711843200000,0.19929,0.22478,0.19926,0.22024,7696864873.0,2024-03-31
1711929600000,0.22023,0.22032,0.1964,0.20513,11400935843.0,2024-04-01
1712016000000,0.20513,0.20544,0.18003,0.1826,13675860469.0,2024-04-02
1712102400000,0.18259,0.18765,0.17019,0.17535,11343293149.0,2024-04-03
1712188800000,0.17533,0.18846,0.172,0.18006,8574368842.0,2024-04-04
1712275200000,0.18006,0.18096,0.16749,0.17733,7112183944.0,2024-04-05
1712361600000,0.17733,0.188,0.17653,0.18585,5646664855.0,2024-04-06
1712448000000,0.18586,0.20536,0.18556,0.19902,9587595451.0,2024-04-07
1712534400000,0.19902,0.20927,0.1956,0.20277,7687361187.0,2024-04-08
1712620800000,0.20276,0.20364,0.186,0.18927,7829366427.0,2024-04-09
1712707200000,0.18926,0.20245,0.1802,0.1999,9951528941.0,2024-04-10
1712793600000,0.1999,0.20378,0.18977,0.19393,8207686608.0,2024-04-11
1712880000000,0.19393,0.20151,0.15305,0.17406,14469183350.0,2024-04-12
1712966400000,0.17407,0.17595,0.124,0.15256,20182665249.0,2024-04-13
1713052800000,0.15257,0.165,0.14366,0.16197,13617487056.0,2024-04-14
1713139200000,0.16197,0.16893,0.1502,0.16115,14028761674.0,2024-04-15
1713225600000,0.16116,0.16245,0.14617,0.15594,11138242201.0,2024-04-16
1713312000000,0.15595,0.15866,0.14415,0.14747,8686238358.0,2024-04-17
1713398400000,0.14747,0.15366,0.14079,0.15215,8976329715.0,2024-04-18
1713484800000,0.15215,0.15715,0.13874,0.15627,10135487854.0,2024-04-19
1713571200000,0.15626,0.1651,0.15054,0.16251,7060624214.0,2024-04-20
1713657600000,0.16252,0.16578,0.15501,0.15815,5771562589.0,2024-04-21
1713744000000,0.15814,0.16332,0.15631,0.16115,5420672851.0,2024-04-22
1713830400000,0.16115,0.16297,0.1567,0.15972,4239473770.0,2024-04-23
1713916800000,0.15972,0.1645,0.14923,0.1513,7492860623.0,2024-04-24
1714003200000,0.15131,0.15432,0.14733,0.15123,4904010757.0,2024-04-25
1714089600000,0.15124,0.15171,0.14674,0.14792,3867778223.0,2024-04-26
1714176000000,0.14791,0.14965,0.14145,0.14767,4145421485.0,2024-04-27
1714262400000,0.14767,0.15106,0.14588,0.14659,2886931954.0,2024-04-28
1714348800000,0.14659,0.14803,0.13943,0.14334,5254723100.0,2024-04-29
1714435200000,0.14334,0.14593,0.12901,0.13329,7405703381.0,2024-04-30
1714521600000,0.13329,0.13387,0.12002,0.13014,11430095089.0,2024-05-01
1714608000000,0.13013,0.13436,0.12397,0.13188,6974741361.0,2024-05-02
1714694400000,0.13187,0.148,0.13104,0.14597,6216414768.0,2024-05-03
1714780800000,0.14597,0.17025,0.14565,0.16005,13633191396.0,2024-05-04
1714867200000,0.16005,0.16348,0.15445,0.16089,7666446427.0,2024-05-05
1714953600000,0.1609,0.1691,0.15406,0.15642,9423091018.0,2024-05-06
1715040000000,0.15642,0.1599,0.14925,0.14997,6061883296.0,2024-05-07
1715126400000,0.14997,0.15191,0.142,0.14311,5796618873.0,2024-05-08
1715212800000,0.14311,0.15412,0.143,0.15211,5630678588.0,2024-05-09
1715299200000,0.15211,0.15385,0.14216,0.14381,5453074798.0,2024-05-10
1715385600000,0.1438,0.14623,0.14242,0.143,2641063839.0,2024-05-11
1715472000000,0.14299,0.1444,0.1389,0.14111,3553281432.0,2024-05-12
1715558400000,0.14111,0.15728,0.13574,0.14856,10554278897.0,2024-05-13
1715644800000,0.14856,0.1551,0.14422,0.14543,8650010265.0,2024-05-14
1715731200000,0.14543,0.15696,0.1452,0.15527,6670066230.0,2024-05-15
1715817600000,0.15527,0.15931,0.14857,0.14963,4644310466.0,2024-05-16
1715904000000,0.14962,0.15664,0.1491,0.15549,3439604819.0,2024-05-17
1715990400000,0.1555,0.15688,0.15112,0.15295,2838591770.0,2024-05-18
1716076800000,0.15295,0.156,0.1473,0.14899,3354546838.0,2024-05-19
1716163200000,0.14899,0.16637,0.14755,0.16572,6097543108.0,2024-05-20
1716249600000,0.16573,0.17346,0.16076,0.17035,8184220395.0,2024-05-21
1716336000000,0.17034,0.1748,0.16175,0.16637,6535839724.0,2024-05-22
1716422400000,0.16638,0.16954,0.15004,0.15973,7753757267.0,2024-05-23
1716508800000,0.15973,0.17337,0.15502,0.16388,10252076342.0,2024-05-24
1716595200000,0.16387,0.17442,0.16271,0.1741,4606831145.0,2024-05-25
1716681600000,0.1741,0.17497,0.16557,0.16625,4704514017.0,2024-05-26
1716768000000,0.16625,0.1737,0.1642,0.16919,4325363068.0,2024-05-27
1716854400000,0.1692,0.16999,0.1616,0.16511,5264752542.0,2024-05-28
1716940800000,0.1651,0.17114,0.16224,0.16397,5622828087.0,2024-05-29
1717027200000,0.16397,0.16588,0.15642,0.15954,5938930519.0,2024-05-30
1717113600000,0.15953,0.16309,0.15432,0.15909,3731739918.0,2024-05-31
1717200000000,0.15909,0.16196,0.15851,0.16043,1664390815.0,2024-06-01
1717286400000,0.16044,0.16149,0.15471,0.15718,2356520612.0,2024-06-02
1717372800000,0.15719,0.16363,0.15588,0.15841,3619931729.0,2024-06-03
1717459200000,0.15841,0.16199,0.15716,0.16148,2542408881.0,2024-06-04
1717545600000,0.16149,0.16499,0.16129,0.16341,2915667143.0,2024-06-05
1717632000000,0.16342,0.16595,0.15836,0.16026,3026363245.0,2024-06-06
1717718400000,0.16025,0.16223,0.13628,0.14821,6178365718.0,2024-06-07
1717804800000,0.14821,0.14876,0.14354,0.14589,2533901653.0,2024-06-08
1717891200000,0.14588,0.14916,0.14491,0.14676,1870823986.0,2024-06-09
1717977600000,0.14676,0.14794,0.14315,0.14476,2245095301.0,2024-06-10
1718064000000,0.14477,0.1452,0.1335,0.13801,4618301671.0,2024-06-11
1718150400000,0.13801,0.1508,0.13453,0.14624,5694327587.0,2024-06-12
1718236800000,0.14623,0.14652,0.14011,0.14111,3514894245.0,2024-06-13
1718323200000,0.14111,0.14341,0.131,0.13488,4175649478.0,2024-06-14
1718409600000,0.13488,0.13742,0.13391,0.1367,1723144676.0,2024-06-15
1718496000000,0.1367,0.13764,0.13458,0.13705,1445336792.0,2024-06-16
1718582400000,0.13704,0.13819,0.126,0.12869,5085898045.0,2024-06-17
1718668800000,0.12869,0.12922,0.11309,0.12216,7645064625.0,2024-06-18
1718755200000,0.12216,0.1267,0.12133,0.12242,3453097200.0,2024-06-19
1718841600000,0.12242,0.12872,0.12127,0.12447,3492150940.0,2024-06-20
1718928000000,0.12447,0.12565,0.12129,0.12411,3187486826.0,2024-06-21
1719014400000,0.1241,0.12551,0.1228,0.12368,1534998077.0,2024-06-22
1719100800000,0.12368,0.12635,0.12079,0.12214,2809094606.0,2024-06-23
1719187200000,0.12214,0.12389,0.11355,0.11894,5104000416.0,2024-06-24
1719273600000,0.11894,0.12856,0.11873,0.12611,3928342660.0,2024-06-25
1719360000000,0.1261,0.12863,0.12177,0.12274,2612291878.0,2024-06-26
1719446400000,0.12274,0.12843,0.12059,0.12707,3145774628.0,2024-06-27
1719532800000,0.12707,0.12849,0.12211,0.12301,3156165713.0,2024-06-28
1719619200000,0.12301,0.12436,0.12133,0.1218,1188228955.0,2024-06-29
1719705600000,0.1218,0.1256,0.12043,0.12445,1678608985.0,2024-06-30
1719792000000,0.12445,0.12748,0.12316,0.12345,2194980351.0,2024-07-01
1719878400000,0.12344,0.12541,0.12235,0.12529,1819120240.0,2024-07-02
1719964800000,0.12528,0.12554,0.11668,0.11842,3309115914.0,2024-07-03
1720051200000,0.11842,0.11906,0.10374,0.10497,7169067410.0,2024-07-04
1720137600000,0.10497,0.10642,0.09099,0.10537,10276862410.0,2024-07-05
1720224000000,0.10537,0.11413,0.10464,0.11337,4596291191.0,2024-07-06
1720310400000,0.11338,0.11345,0.10353,0.10409,3509386559.0,2024-07-07
1720396800000,0.10409,0.11133,0.09867,0.10752,5790274694.0,2024-07-08
1720483200000,0.10752,0.10948,0.10571,0.10751,2530010202.0,2024-07-09
1720569600000,0.1075,0.11049,0.10564,0.10794,2466464037.0,2024-07-10
1720656000000,0.10794,0.11238,0.10607,0.10656,2485411091.0,2024-07-11
1720742400000,0.10656,0.10827,0.1047,0.10759,1844398177.0,2024-07-12
1720828800000,0.10759,0.11298,0.10721,0.11227,2180745260.0,2024-07-13
1720915200000,0.11226,0.11696,0.11105,0.11526,2398395100.0,2024-07-14
1721001600000,0.11527,0.12549,0.11451,0.12482,3830490137.0,2024-07-15
1721088000000,0.12481,0.1278,0.11888,0.12474,4267220054.0,2024-07-16
1721174400000,0.12474,0.12765,0.12025,0.12172,3084565832.0,2024-07-17
1721260800000,0.12172,0.1239,0.11703,0.11948,2765873894.0,2024-07-18
1721347200000,0.11948,0.126,0.11735,0.12541,2820787346.0,2024-07-19
1721433600000,0.12541,0.13578,0.12423,0.1342,4930329532.0,2024-07-20
1721520000000,0.13421,0.14372,0.12564,0.14025,6312618809.0,2024-07-21
1721606400000,0.14025,0.14265,0.1355,0.1377,5954680579.0,2024-07-22
1721692800000,0.1377,0.13918,0.128,0.13024,4799695039.0,2024-07-23
1721779200000,0.13023,0.13477,0.12678,0.12786,2982994327.0,2024-07-24
1721865600000,0.12785,0.12869,0.12,0.12516,4384880174.0,2024-07-25
1721952000000,0.12517,0.13493,0.12498,0.13416,3118303755.0,2024-07-26
1722038400000,0.13416,0.13878,0.13001,0.13141,6415282593.0,2024-07-27
1722124800000,0.13141,0.13179,0.12805,0.12996,2305829237.0,2024-07-28
1722211200000,0.12995,0.13505,0.12744,0.12837,3834267846.0,2024-07-29
1722297600000,0.12837,0.13058,0.12308,0.12542,2869025828.0,2024-07-30
1722384000000,0.12543,0.1273,0.12107,0.12187,2741415670.0,2024-07-31
1722470400000,0.12186,0.12308,0.112,0.11895,4532064697.0,2024-08-01
1722556800000,0.11894,0.11969,0.11012,0.11149,4150663024.0,2024-08-02
1722643200000,0.11148,0.11468,0.10517,0.10807,4124443331.0,2024-08-03
1722729600000,0.10806,0.10937,0.0989,0.10371,4523981980.0,2024-08-04
1722816000000,0.1037,0.10425,0.08041,0.0943,18262623411.0,2024-08-05
1722902400000,0.09431,0.10142,0.0939,0.09638,5777298183.0,2024-08-06
1722988800000,0.09639,0.10201,0.09421,0.09555,5776931527.0,2024-08-07
1723075200000,0.09554,0.10797,0.09348,0.10741,5088807324.0,2024-08-08
1723161600000,0.10741,0.10778,0.10153,0.10378,2863195804.0,2024-08-09
1723248000000,0.10379,0.10587,0.10282,0.10511,1421538826.0,2024-08-10
1723334400000,0.10512,0.11094,0.10001,0.10053,4077520553.0,2024-08-11
1723420800000,0.10054,0.10864,0.10005,0.10784,4666506712.0,2024-08-12
1723507200000,0.10783,0.10899,0.10324,0.1063,2991455218.0,2024-08-13
1723593600000,0.1063,0.10686,0.1013,0.10235,2502066841.0,2024-08-14
1723680000000,0.10235,0.10491,0.09782,0.10013,3310867931.0,2024-08-15
1723766400000,0.10013,0.102,0.09736,0.10028,2751993532.0,2024-08-16
1723852800000,0.10028,0.10366,0.09992,0.10271,1360331438.0,2024-08-17
1723939200000,0.10271,0.10456,0.09989,0.09998,1793703263.0,2024-08-18
1724025600000,0.09999,0.1019,0.09853,0.10127,2113793420.0,2024-08-19
1724112000000,0.10128,0.10624,0.10102,0.10286,4307884729.0,2024-08-20
1724198400000,0.10285,0.10792,0.10203,0.10612,2413234780.0,2024-08-21
1724284800000,0.10613,0.10686,0.10392,0.10522,1651361717.0,2024-08-22
1724371200000,0.10521,0.1154,0.10518,0.11288,4778174844.0,2024-08-23
1724457600000,0.11288,0.11496,0.11067,0.1125,3077571960.0,2024-08-24
1724544000000,0.11251,0.11279,0.10772,0.10954,2746210501.0,2024-08-25
1724630400000,0.10954,0.11027,0.10431,0.10513,2785624205.0,2024-08-26
1724716800000,0.10513,0.10648,0.09622,0.09884,3408398507.0,2024-08-27
1724803200000,0.09884,0.10186,0.09676,0.09956,3196152119.0,2024-08-28
1724889600000,0.09956,0.10257,0.09821,0.10031,2088230383.0,2024-08-29
1724976000000,0.10031,0.10325,0.09689,0.10175,3349261533.0,2024-08-30
1725062400000,0.10175,0.10235,0.1003,0.10124,1524266387.0,2024-08-31
1725148800000,0.10124,0.10148,0.09382,0.09502,2621199930.0,2024-09-01
1725235200000,0.09502,0.09994,0.09403,0.09907,2609384402.0,2024-09-02
1725321600000,0.09907,0.10074,0.09634,0.09674,2382009998.0,2024-09-03
1725408000000,0.09673,0.09951,0.09186,0.09797,3924708420.0,2024-09-04
1725494400000,0.09797,0.09914,0.09595,0.09837,2775734395.0,2024-09-05
1725580800000,0.09837,0.0994,0.08886,0.09244,5711171883.0,2024-09-06
1725667200000,0.09244,0.09565,0.0917,0.09534,2235988037.0,2024-09-07
1725753600000,0.09534,0.09698,0.09376,0.09609,2154311260.0,2024-09-08
1725840000000,0.09609,0.10492,0.09564,0.10375,4504784462.0,2024-09-09
1725926400000,0.10375,0.10456,0.1015,0.10274,2557462968.0,2024-09-10
1726012800000,0.10275,0.10303,0.09779,0.10125,3154514008.0,2024-09-11
1726099200000,0.10125,0.1033,0.10037,0.10267,2258207181.0,2024-09-12
1726185600000,0.10268,0.10842,0.10172,0.1069,3900951511.0,2024-09-13
1726272000000,0.10691,0.1077,0.10426,0.10534,2120382700.0,2024-09-14
1726358400000,0.10534,0.10639,0.10207,0.10275,2170298032.0,2024-09-15
1726444800000,0.10275,0.10318,0.09829,0.0996,2798011451.0,2024-09-16
1726531200000,0.0996,0.1026,0.09865,0.10105,2565314259.0,2024-09-17
1726617600000,0.10106,0.10385,0.09928,0.10381,2959110882.0,2024-09-18
1726704000000,0.10382,0.1071,0.10342,0.10497,3024021157.0,2024-09-19
1726790400000,0.10496,0.10747,0.10355,0.10548,2962541717.0,2024-09-20
1726876800000,0.10548,0.11048,0.104,0.1099,2485978629.0,2024-09-21
1726963200000,0.10991,0.10996,0.10369,0.10627,2462777222.0,2024-09-22
1727049600000,0.10627,0.10917,0.10402,0.108,2897759294.0,2024-09-23
1727136000000,0.108,0.11066,0.10676,0.10973,3346638326.0,2024-09-24
1727222400000,0.10973,0.11116,0.1079,0.10843,3173541095.0,2024-09-25
1727308800000,0.10843,0.12071,0.1069,0.11813,7103424140.0,2024-09-26
1727395200000,0.11813,0.12872,0.11697,0.12348,6839260599.0,2024-09-27
1727481600000,0.12347,0.1322,0.12004,0.12805,7672173889.0,2024-09-28
1727568000000,0.12805,0.13038,0.12432,0.12435,4435548682.0,2024-09-29
1727654400000,0.12435,0.12461,0.1132,0.11415,5472160239.0,2024-09-30
1727740800000,0.11415,0.11931,0.10249,0.10679,7502123982.0,2024-10-01
1727827200000,0.10679,0.10947,0.10216,0.10459,4780875659.0,2024-10-02
1727913600000,0.10458,0.10677,0.101,0.10502,4635752484.0,2024-10-03
1728000000000,0.10501,0.11056,0.10466,0.10918,3457875181.0,2024-10-04
1728086400000,0.10918,0.1102,0.10741,0.10937,2107081262.0,2024-10-05
1728172800000,0.10938,0.11284,0.10834,0.11153,2187853770.0,2024-10-06
1728259200000,0.11154,0.11545,0.1082,0.10837,4229437471.0,2024-10-07
1728345600000,0.10837,0.10982,0.10517,0.10704,2957533673.0,2024-10-08
1728432000000,0.10705,0.11149,0.10604,0.10788,3608233235.0,2024-10-09
1728518400000,0.10788,0.10868,0.10307,0.10596,3371089297.0,2024-10-10
1728604800000,0.10595,0.11137,0.10552,0.11075,2808017484.0,2024-10-11
1728691200000,0.11075,0.11216,0.1093,0.11132,1909804747.0,2024-10-12
1728777600000,0.11133,0.11207,0.1086,0.11136,2452635154.0,2024-10-13
1728864000000,0.11135,0.11768,0.10926,0.11664,4352808292.0,2024-10-14
1728950400000,0.11664,0.1193,0.11008,0.11747,6463124007.0,2024-10-15
1729036800000,0.11747,0.13006,0.11575,0.12571,11742170233.0,2024-10-16
1729123200000,0.12572,0.13099,0.12043,0.1296,8652395624.0,2024-10-17
1729209600000,0.12961,0.14081,0.12946,0.13717,11441015396.0,2024-10-18
1729296000000,0.13717,0.14697,0.13692,0.14402,10298221307.0,2024-10-19
1729382400000,0.14401,0.14574,0.13718,0.1421,7007768235.0,2024-10-20
1729468800000,0.1421,0.14979,0.13812,0.14363,9677731411.0,2024-10-21
1729555200000,0.14363,0.14853,0.13642,0.13964,8304614992.0,2024-10-22
1729641600000,0.13964,0.14091,0.1331,0.13998,7735170574.0,2024-10-23
1729728000000,0.13998,0.14385,0.13627,0.14188,6535913646.0,2024-10-24
1729814400000,0.14187,0.14275,0.12771,0.13154,7629481742.0,2024-10-25
1729900800000,0.13155,0.13816,0.13062,0.13739,4129633501.0,2024-10-26
1729987200000,0.13739,0.1463,0.13602,0.14425,4784468617.0,2024-10-27
1730073600000,0.14424,0.16263,0.14107,0.1614,14712004160.0,2024-10-28
1730160000000,0.16141,0.17974,0.16048,0.17587,17244903434.0,2024-10-29
1730246400000,0.17586,0.17802,0.1644,0.16829,10096685100.0,2024-10-30
1730332800000,0.1683,0.17368,0.15634,0.16162,11046754688.0,2024-10-31
1730419200000,0.16163,0.16894,0.15417,0.15913,12237495579.0,2024-11-01
1730505600000,0.15912,0.16357,0.15531,0.15952,6031761734.0,2024-11-02
1730592000000,0.15952,0.15987,0.14217,0.15129,13461840033.0,2024-11-03
1730678400000,0.15129,0.16024,0.14815,0.15817,14222940162.0,2024-11-04
1730764800000,0.15817,0.17943,0.15785,0.16991,22211098900.0,2024-11-05
1730851200000,0.16991,0.22,0.1689,0.19646,49836353070.0,2024-11-06
1730937600000,0.19646,0.2046,0.1852,0.19334,15703024645.0,2024-11-07
1731024000000,0.19334,0.20713,0.19051,0.20203,14756808931.0,2024-11-08
1731110400000,0.20203,0.22025,0.19722,0.219,13474218262.0,2024-11-09
1731196800000,0.219,0.298,0.21664,0.27794,37655735486.0,2024-11-10
1731283200000,0.27794,0.352,0.27285,0.35184,42313431159.0,2024-11-11
1731369600000,0.35185,0.43995,0.32699,0.3802,68030807893.0,2024-11-12
1731456000000,0.3802,0.43439,0.35173,0.39903,41468781321.0,2024-11-13
1731542400000,0.39903,0.4175,0.35276,0.36261,23167824117.0,2024-11-14
1731628800000,0.36261,0.3854,0.35214,0.38203,18585590224.0,2024-11-15
1731715200000,0.38202,0.39181,0.3599,0.36435,11052523011.0,2024-11-16
1731801600000,0.36436,0.37611,0.3401,0.36737,12317752549.0,2024-11-17
1731888000000,0.36737,0.38164,0.35737,0.37144,13471585767.0,2024-11-18
1731974400000,0.37145,0.421,0.3664,0.3908,19812364412.0,2024-11-19
1732060800000,0.3908,0.39734,0.364,0.37791,13028232807.0,2024-11-20
1732147200000,0.3779,0.396,0.3687,0.387,11868458943.0,2024-11-21
1732233600000,0.387,0.4211,0.381,0.41301,18881411245.0,2024-11-22
1732320000000,0.41301,0.481,0.40428,0.43049,24931781727.0,2024-11-23
1732406400000,0.4305,0.45356,0.3992,0.43046,16490410094.0,2024-11-24
1732492800000,0.43045,0.43794,0.38111,0.39284,13663278128.0,2024-11-25
1732579200000,0.39282,0.4091,0.36482,0.38733,14104618400.0,2024-11-26
1732665600000,0.38733,0.408,0.38035,0.4013,9197976677.0,2024-11-27
1732752000000,0.40129,0.42927,0.39122,0.40192,8414764733.0,2024-11-28
1732838400000,0.40193,0.43791,0.39965,0.42664,8715077778.0,2024-11-29
1732924800000,0.42663,0.43626,0.41402,0.42179,6730035127.0,2024-11-30
1733011200000,0.42179,0.4502,0.41648,0.44092,10069733150.0,2024-12-01
1733097600000,0.44091,0.4643,0.4,0.42497,16702204342.0,2024-12-02
1733184000000,0.42496,0.42997,0.38799,0.4067,10554666398.0,2024-12-03
1733270400000,0.40671,0.43714,0.40017,0.43318,9918162070.0,2024-12-04
1733356800000,0.43318,0.46747,0.40644,0.42718,19477972726.0,2024-12-05
1733443200000,0.42719,0.44199,0.42,0.43505,7839094661.0,2024-12-06
1733529600000,0.43506,0.4669,0.4309,0.45332,9474120242.0,2024-12-07
1733616000000,0.45333,0.485,0.44637,0.46673,10796141059.0,2024-12-08
1733702400000,0.46674,0.4677,0.36867,0.41393,17715676636.0,2024-12-09
1733788800000,0.41395,0.42298,0.365,0.39372,16805633901.0,2024-12-10
1733875200000,0.39372,0.41895,0.37497,0.41404,9506250538.0,2024-12-11
1733961600000,0.41403,0.42423,0.40114,0.406,7793318848.0,2024-12-12
1734048000000,0.406,0.41218,0.3989,0.40901,5109704454.0,2024-12-13
1734134400000,0.409,0.41416,0.38704,0.39805,5149000018.0,2024-12-14
1734220800000,0.39806,0.4113,0.39225,0.40642,4291400562.0,2024-12-15
1734307200000,0.40643,0.41492,0.39226,0.40185,6075500275.0,2024-12-16
1734393600000,0.40185,0.41028,0.39103,0.39393,5648930713.0,2024-12-17
1734480000000,0.39393,0.39625,0.3486,0.35808,9609337574.0,2024-12-18
1734566400000,0.35809,0.3672,0.3,0.31416,17307078882.0,2024-12-19
1734652800000,0.31417,0.32893,0.2623,0.31779,20961349763.0,2024-12-20
1734739200000,0.31778,0.34987,0.3139,0.32027,12945414601.0,2024-12-21
1734825600000,0.32028,0.32435,0.30482,0.31246,9412072255.0,2024-12-22
1734912000000,0.31247,0.32868,0.30273,0.32481,8653345550.0,2024-12-23
1734998400000,0.32482,0.34032,0.31596,0.33696,5562997800.0,2024-12-24
1735084800000,0.33695,0.34212,0.32644,0.3342,4222677458.0,2024-12-25
1735171200000,0.3342,0.33788,0.3083,0.31252,5009855121.0,2024-12-26
1735257600000,0.31252,0.32482,0.30855,0.31176,4873658557.0,2024-12-27
1735344000000,0.31176,0.32745,0.31111,0.32429,2781784082.0,2024-12-28
1735430400000,0.32429,0.32955,0.31169,0.31419,3302567231.0,2024-12-29
1735516800000,0.31418,0.32319,0.30654,0.31382,5335910096.0,2024-12-30
1735603200000,0.31382,0.3289,0.30909,0.31582,4538134421.0,2024-12-31
1735689600000,0.31582,0.32741,0.3118,0.32504,3054929290.0,2025-01-01
1735776000000,0.32505,0.34483,0.3245,0.33879,5569548837.0,2025-01-02
1735862400000,0.3388,0.3894,0.33552,0.37981,8541064051.0,2025-01-03
1735948800000,0.37981,0.39864,0.37632,0.39467,7616689597.0,2025-01-04
1736035200000,0.39466,0.39773,0.37512,0.38219,4469246852.0,2025-01-05
1736121600000,0.3822,0.39556,0.3758,0.38767,5611238595.0,2025-01-06
1736208000000,0.38768,0.3983,0.34649,0.3478,10651473300.0,2025-01-07
1736294400000,0.3478,0.3555,0.32434,0.34206,9768793029.0,2025-01-08
1736380800000,0.34206,0.34669,0.31406,0.32071,8007185265.0,2025-01-09
1736467200000,0.3207,0.33955,0.32063,0.33364,6459958044.0,2025-01-10
1736553600000,0.33365,0.34792,0.32941,0.341,3132864344.0,2025-01-11
1736640000000,0.341,0.34331,0.3315,0.33573,2969567200.0,2025-01-12
1736726400000,0.33574,0.34606,0.30834,0.33791,8251183853.0,2025-01-13
1736812800000,0.3379,0.36209,0.33567,0.35579,6006712493.0,2025-01-14
1736899200000,0.35579,0.38762,0.34817,0.38509,7687932758.0,2025-01-15
1736985600000,0.38509,0.39021,0.36743,0.37632,7456344927.0,2025-01-16
1737072000000,0.37632,0.4219,0.37534,0.41512,9249394465.0,2025-01-17
1737158400000,0.41512,0.434,0.383,0.39625,11675096149.0,2025-01-18
1737244800000,0.39626,0.40978,0.34641,0.35822,14041119415.0,2025-01-19
1737331200000,0.35823,0.38633,0.3449,0.3544,13089522240.0,2025-01-20
1737417600000,0.3544,0.40157,0.33552,0.37166,16095975119.0,2025-01-21
1737504000000,0.37165,0.37366,0.35507,0.36272,5593190678.0,2025-01-22
1737590400000,0.36271,0.36434,0.34081,0.35193,6294063198.0,2025-01-23
1737676800000,0.35193,0.36453,0.34252,0.35065,3915556955.0,2025-01-24
1737763200000,0.35065,0.36204,0.34521,0.35335,3113578622.0,2025-01-25
1737849600000,0.35335,0.3572,0.33459,0.33579,2518120028.0,2025-01-26
1737936000000,0.33579,0.33689,0.30441,0.33377,8595803696.0,2025-01-27
1738022400000,0.33377,0.33889,0.315,0.31853,4453288783.0,2025-01-28
1738108800000,0.31852,0.33469,0.31635,0.32388,4361680421.0,2025-01-29
1738195200000,0.32389,0.3387,0.32183,0.33137,2593042137.0,2025-01-30
1738281600000,0.33137,0.34181,0.32329,0.32872,4048510552.0,2025-01-31
1738368000000,0.32873,0.33217,0.30298,0.30771,3390680323.0,2025-02-01
1738454400000,0.3077,0.31459,0.24946,0.26793,12875330840.0,2025-02-02
1738540800000,0.26794,0.29275,0.202,0.28469,21402235138.0,2025-02-03
1738627200000,0.28468,0.28883,0.25517,0.26331,10198718650.0,2025-02-04
1738713600000,0.26332,0.26899,0.25309,0.25604,4523231177.0,2025-02-05
1738800000000,0.25603,0.26588,0.24248,0.24773,4789533543.0,2025-02-06
1738886400000,0.24773,0.26143,0.23842,0.24637,4908091011.0,2025-02-07
1738972800000,0.24636,0.25407,0.24438,0.25274,2510655352.0,2025-02-08
1739059200000,0.25274,0.25994,0.2395,0.24873,3172949731.0,2025-02-09
1739145600000,0.24873,0.25637,0.24142,0.25528,3684396768.0,2025-02-10
1739232000000,0.25528,0.2699,0.24824,0.25292,4942502826.0,2025-02-11
1739318400000,0.25291,0.26721,0.24642,0.26411,5340363859.0,2025-02-12
1739404800000,0.26412,0.26704,0.25321,0.2623,3907400793.0,2025-02-13
1739491200000,0.26231,0.28662,0.26062,0.27164,6072955419.0,2025-02-14
1739577600000,0.27164,0.28316,0.26802,0.27161,3886120745.0,2025-02-15
1739664000000,0.2716,0.27409,0.26334,0.26545,2715468055.0,2025-02-16
1739750400000,0.26546,0.26874,0.25358,0.25807,4030782431.0,2025-02-17
1739836800000,0.25807,0.25977,0.24198,0.25119,4218012256.0,2025-02-18
1739923200000,0.25118,0.2553,0.24876,0.25467,2823455319.0,2025-02-19
1740009600000,0.25466,0.25747,0.24973,0.25458,2902390141.0,2025-02-20
1740096000000,0.25458,0.2612,0.23421,0.23941,5257353690.0,2025-02-21
1740182400000,0.23942,0.24769,0.23785,0.24643,2344431593.0,2025-02-22
1740268800000,0.24643,0.24743,0.24022,0.24269,1964900297.0,2025-02-23
1740355200000,0.24268,0.24383,0.20571,0.21037,7484820638.0,2025-02-24
1740441600000,0.21037,0.21448,0.19545,0.21147,11387890913.0,2025-02-25
1740528000000,0.21147,0.21398,0.196,0.20347,7201493642.0,2025-02-26
1740614400000,0.20348,0.21146,0.20088,0.20678,4687928948.0,2025-02-27
1740700800000,0.20677,0.20716,0.1814,0.20176,10265356013.0,2025-02-28
1740787200000,0.20176,0.20889,0.19926,0.20663,4146001791.0,2025-03-01
1740873600000,0.20663,0.24203,0.20158,0.23918,9233261324.0,2025-03-02
1740960000000,0.23918,0.24046,0.19312,0.19903,9170892329.0,2025-03-03
1741046400000,0.19903,0.20225,0.1826,0.19898,7944282112.0,2025-03-04
1741132800000,0.19897,0.20656,0.19622,0.20463,4396493338.0,2025-03-05
1741219200000,0.20462,0.21989,0.19886,0.2014,6183188236.0,2025-03-06
1741305600000,0.20139,0.20859,0.19011,0.19829,6316164592.0,2025-03-07
1741392000000,0.1983,0.2008,0.19103,0.1922,2878888083.0,2025-03-08
1741478400000,0.1922,0.19414,0.16524,0.16799,7379430106.0,2025-03-09
1741564800000,0.168,0.1809,0.15039,0.15401,9347952888.0,2025-03-10
1741651200000,0.15402,0.16853,0.14269,0.1645,10635684894.0,2025-03-11
1741737600000,0.1645,0.17406,0.15948,0.17231,6950985084.0,2025-03-12
1741824000000,0.17231,0.1729,0.1616,0.16513,5847873929.0,2025-03-13
1741910400000,0.16514,0.17621,0.16454,0.17185,3993709724.0,2025-03-14
1741996800000,0.17186,0.17777,0.17109,0.17586,2651889481.0,2025-03-15
1742083200000,0.17585,0.17676,0.16558,0.1681,4404507185.0,2025-03-16
1742169600000,0.1681,0.17617,0.16792,0.17325,4218784901.0,2025-03-17
1742256000000,0.17325,0.17343,0.16258,0.16794,4045539660.0,2025-03-18
1742342400000,0.16794,0.17871,0.16671,0.1779,4456370347.0,2025-03-19
1742428800000,0.17791,0.17909,0.16652,0.16938,3795930462.0,2025-03-20
1742515200000,0.16938,0.17148,0.16457,0.16718,2817158452.0,2025-03-21
1742601600000,0.16718,0.16972,0.16648,0.16729,1667443549.0,2025-03-22
1742688000000,0.16728,0.17255,0.16693,0.17255,2343835736.0,2025-03-23
1742774400000,0.17254,0.18899,0.17058,0.1829,5375018456.0,2025-03-24
1742860800000,0.1829,0.1939,0.1807,0.19056,6366603812.0,2025-03-25
1742947200000,0.19056,0.20574,0.18928,0.19481,8710740426.0,2025-03-26
1743033600000,0.1948,0.20049,0.18756,0.19039,5658743507.0,2025-03-27
1743120000000,0.19039,0.1928,0.1771,0.18013,5927068027.0,2025-03-28
1743206400000,0.18013,0.1825,0.16564,0.16946,5404211186.0,2025-03-29
1743292800000,0.16946,0.1723,0.16434,0.16645,3882619104.0,2025-03-30
1743379200000,0.16646,0.16829,0.16,0.16658,6141841304.0,2025-03-31
1743465600000,0.16657,0.17572,0.16592,0.17391,4872325763.0,2025-04-01
1743552000000,0.1739,0.18005,0.16185,0.16376,8169238135.0,2025-04-02
1743638400000,0.16376,0.1674,0.15527,0.16222,5502513890.0,2025-04-03
1743724800000,0.16222,0.17279,0.15991,0.1712,7815952065.0,2025-04-04
1743811200000,0.17119,0.17165,0.16603,0.16887,2711431570.0,2025-04-05
1743897600000,0.16887,0.16992,0.14574,0.14915,7449815585.0,2025-04-06
1743984000000,0.14914,0.15396,0.12983,0.14951,17516212198.0,2025-04-07
1744070400000,0.1495,0.15699,0.14102,0.1422,8904300702.0,2025-04-08
1744156800000,0.1422,0.16416,0.13646,0.16028,12198139708.0,2025-04-09
1744243200000,0.16027,0.16043,0.14872,0.15349,6762664801.0,2025-04-10
1744329600000,0.15348,0.16245,0.1532,0.15996,4156924846.0,2025-04-11
1744416000000,0.15996,0.1694,0.15755,0.16757,4263177506.0,2025-04-12
1744502400000,0.16757,0.16859,0.16092,0.16252,4750347219.0,2025-04-13
1744588800000,0.16252,0.16957,0.15717,0.15845,4963326534.0,2025-04-14
1744675200000,0.15845,0.16127,0.15302,0.15349,4108702089.0,2025-04-15
1744761600000,0.15349,0.15729,0.1501,0.15464,4864244213.0,2025-04-16
1744848000000,0.15463,0.15939,0.15288,0.15579,3347817448.0,2025-04-17
1744934400000,0.15578,0.1589,0.15344,0.15753,2410606413.0,2025-04-18
1745020800000,0.15753,0.16086,0.1562,0.15726,2470652170.0,2025-04-19
1745107200000,0.15726,0.1595,0.15235,0.15519,3488120250.0,2025-04-20
1745193600000,0.15519,0.16352,0.15493,0.15931,5475501366.0,2025-04-21
1745280000000,0.15931,0.18,0.15711,0.17857,7595213689.0,2025-04-22
1745366400000,0.17858,0.18538,0.17483,0.17858,7455268044.0,2025-04-23
1745452800000,0.17857,0.18322,0.16974,0.18246,6315324787.0,2025-04-24
1745539200000,0.18245,0.18615,0.17741,0.18154,6267047031.0,2025-04-25
1745625600000,0.18153,0.19298,0.18002,0.18182,5056885810.0,2025-04-26
1745712000000,0.18183,0.18345,0.17638,0.17924,4125429018.0,2025-04-27
1745798400000,0.17923,0.18269,0.17364,0.17898,5436693036.0,2025-04-28
1745884800000,0.17897,0.18066,0.17229,0.17453,4424186632.0,2025-04-29
1745971200000,0.17454,0.17658,0.16654,0.17217,4601613981.0,2025-04-30
1746057600000,0.17217,0.18329,0.17199,0.18057,4175836455.0,2025-05-01
1746144000000,0.18057,0.1844,0.17907,0.18142,3841623010.0,2025-05-02
1746230400000,0.18143,0.18212,0.17514,0.17555,2703515903.0,2025-05-03
1746316800000,0.17555,0.17734,0.16963,0.1704,3260026250.0,2025-05-04
1746403200000,0.17039,0.17456,0.168,0.1705,3749774225.0,2025-05-05
1746489600000,0.1705,0.1725,0.16416,0.17211,4830257137.0,2025-05-06
1746576000000,0.1721,0.17437,0.16884,0.17193,3998119522.0,2025-05-07
1746662400000,0.17193,0.19837,0.17161,0.19807,7854479953.0,2025-05-08
1746748800000,0.19808,0.2145,0.19294,0.20521,9021310289.0,2025-05-09
1746835200000,0.20521,0.2512,0.20328,0.25057,11463382678.0,2025-05-10
1746921600000,0.25058,0.25973,0.22204,0.23172,11999244202.0,2025-05-11
1747008000000,0.23173,0.25341,0.22039,0.2309,13932966181.0,2025-05-12
1747094400000,0.2309,0.24303,0.21717,0.24068,8842018007.0,2025-05-13
1747180800000,0.24069,0.24751,0.22806,0.23267,7448238095.0,2025-05-14
1747267200000,0.23268,0.23667,0.21353,0.21926,8693279090.0,2025-05-15
1747353600000,0.21926,0.23085,0.2178,0.221,5803910877.0,2025-05-16
1747440000000,0.22098,0.22214,0.2106,0.21449,4904499518.0,2025-05-17
1747526400000,0.2145,0.23793,0.21388,0.23296,7634228117.0,2025-05-18
1747612800000,0.23297,0.23576,0.21368,0.22437,6979525275.0,2025-05-19
1747699200000,0.22437,0.23077,0.21751,0.22617,6327687888.0,2025-05-20
1747785600000,0.22617,0.23799,0.22244,0.23398,8689961966.0,2025-05-21
1747872000000,0.23398,0.24573,0.23375,0.24547,7064219670.0,2025-05-22
1747958400000,0.24548,0.25439,0.22294,0.22505,10169053300.0,2025-05-23
1748044800000,0.22505,0.2303,0.22346,0.22501,3293715975.0,2025-05-24
1748131200000,0.22501,0.22633,0.21552,0.22478,4165513839.0,2025-05-25
1748217600000,0.22477,0.23025,0.22239,0.22585,3948675779.0,2025-05-26
1748304000000,0.22584,0.23206,0.21956,0.22589,4946108615.0,2025-05-27
1748390400000,0.22589,0.22776,0.21672,0.22086,3797907241.0,2025-05-28
1748476800000,0.22085,0.22787,0.21389,0.21477,5375912535.0,2025-05-29
1748563200000,0.21477,0.21637,0.19036,0.19348,7999296946.0,2025-05-30
1748649600000,0.19348,0.19543,0.18539,0.19241,6431949132.0,2025-05-31
1748736000000,0.19242,0.19483,0.18628,0.19353,4186488318.0,2025-06-01
1748822400000,0.19352,0.19633,0.18841,0.19498,4553664266.0,2025-06-02
1748908800000,0.19498,0.2004,0.1911,0.19302,4635639187.0,2025-06-03
1748995200000,0.19301,0.19701,0.18679,0.188,3727186524.0,2025-06-04
1749081600000,0.188,0.19239,0.16778,0.17095,8930264157.0,2025-06-05
1749168000000,0.17096,0.1844,0.16929,0.17869,6200555866.0,2025-06-06
1749254400000,0.1787,0.18861,0.17766,0.18502,4523918396.0,2025-06-07
1749340800000,0.18502,0.18694,0.18026,0.18409,3485275600.0,2025-06-08
1749427200000,0.18409,0.19619,0.18009,0.19482,5934756281.0,2025-06-09
1749513600000,0.19481,0.19848,0.18847,0.19838,6259681794.0,2025-06-10
1749600000000,0.19838,0.2067,0.19117,0.19284,7352175160.0,2025-06-11
1749686400000,0.19284,0.19358,0.1798,0.18103,6089265071.0,2025-06-12
1749772800000,0.18103,0.1814,0.16961,0.18032,8246311446.0,2025-06-13
1749859200000,0.18031,0.18036,0.17451,0.17817,3444081136.0,2025-06-14
1749945600000,0.17818,0.17862,0.17126,0.17543,4021488839.0,2025-06-15
1750032000000,0.17543,0.18112,0.172,0.17261,5407434418.0,2025-06-16
1750118400000,0.1726,0.17602,0.16381,0.16926,6336138478.0,2025-06-17
1750204800000,0.16927,0.17216,0.16398,0.17057,4982676926.0,2025-06-18
1750291200000,0.17058,0.17195,0.16762,0.17085,3164828956.0,2025-06-19
1750377600000,0.17084,0.1719,0.1582,0.16227,5880267286.0,2025-06-20
1750464000000,0.16227,0.1643,0.15,0.1544,4305431020.0,2025-06-21
1750550400000,0.1544,0.15763,0.14258,0.15118,9572054231.0,2025-06-22
1750636800000,0.15119,0.16533,0.14854,0.16371,8449244920.0,2025-06-23
1750723200000,0.16371,0.16763,0.1616,0.16564,5191556743.0,2025-06-24
1750809600000,0.16563,0.16764,0.16247,0.16451,4529742372.0,2025-06-25
1750896000000,0.1645,0.16809,0.15782,0.15993,5291063045.0,2025-06-26
1750982400000,0.15994,0.16335,0.15693,0.16097,4087265811.0,2025-06-27
1751068800000,0.16098,0.16495,0.16032,0.16357,2371292210.0,2025-06-28
1751155200000,0.16357,0.16999,0.16251,0.16938,3267296076.0,2025-06-29
1751241600000,0.16937,0.16986,0.16215,0.16509,4798259755.0,2025-06-30
1751328000000,0.16509,0.16622,0.15667,0.15769,4511431772.0,2025-07-01
1751414400000,0.15769,0.17263,0.15645,0.16866,7002370135.0,2025-07-02
1751500800000,0.16866,0.17538,0.1673,0.17194,6182848854.0,2025-07-03
1751587200000,0.17195,0.1729,0.16115,0.16279,5960060221.0,2025-07-04
1751673600000,0.1628,0.16499,0.16187,0.16413,2502803865.0,2025-07-05
1751760000000,0.16414,0.1752,0.16303,0.17188,5673082839.0,2025-07-06
1751846400000,0.17188,0.17715,0.16558,0.16782,6244155468.0,2025-07-07
1751932800000,0.16783,0.17196,0.16581,0.17085,4389767212.0,2025-07-08
1752019200000,0.17084,0.18667,0.16981,0.18051,7063636646.0,2025-07-09
1752105600000,0.18052,0.19635,0.17872,0.195,6602519643.0,2025-07-10
1752192000000,0.19501,0.21373,0.19115,0.20103,13189413430.0,2025-07-11
1752278400000,0.20103,0.20654,0.19184,0.19732,6783276786.0,2025-07-12
1752364800000,0.19731,0.20406,0.19565,0.19843,5734445978.0,2025-07-13
1752451200000,0.19844,0.21094,0.19441,0.19736,8899634239.0,2025-07-14
1752537600000,0.19737,0.19936,0.18843,0.19916,9027979880.0,2025-07-15
1752624000000,0.19915,0.22083,0.1955,0.2127,9437254176.0,2025-07-16
1752710400000,0.21271,0.2224,0.20657,0.21826,12015388826.0,2025-07-17
1752796800000,0.21827,0.25439,0.21617,0.23576,20009385749.0,2025-07-18
1752883200000,0.23577,0.25806,0.23553,0.24136,14006015918.0,2025-07-19
1752969600000,0.24136,0.27837,0.23992,0.27379,16759435010.0,2025-07-20
1753056000000,0.27378,0.28767,0.26426,0.2714,18296456576.0,2025-07-21
1753142400000,0.2714,0.27494,0.25729,0.27107,12954914256.0,2025-07-22
1753228800000,0.27108,0.27125,0.23011,0.24072,14149928142.0,2025-07-23
1753315200000,0.24072,0.24663,0.22164,0.23208,13585248175.0,2025-07-24
1753401600000,0.23208,0.23691,0.22082,0.23662,10017830761.0,2025-07-25
1753488000000,0.23662,0.24025,0.23289,0.23537,4849133887.0,2025-07-26
1753574400000,0.23537,0.24369,0.23414,0.24059,6884637873.0,2025-07-27
1753660800000,0.24059,0.2485,0.22411,0.22606,9043368993.0,2025-07-28
1753747200000,0.22607,0.23268,0.21728,0.22381,8231434225.0,2025-07-29
1753833600000,0.22381,0.22645,0.20871,0.21988,9169322506.0,2025-07-30
1753920000000,0.21987,0.22558,0.208,0.20966,7307589049.0,2025-07-31
1754006400000,0.20967,0.2125,0.19511,0.20085,11938604743.0,2025-08-01
1754092800000,0.20085,0.2034,0.18932,0.19093,8331630684.0,2025-08-02
1754179200000,0.19094,0.2004,0.18851,0.19866,5048523579.0,2025-08-03
1754265600000,0.19866,0.21119,0.19837,0.21031,6786560440.0,2025-08-04
1754352000000,0.21031,0.21097,0.19591,0.19971,7209566339.0,2025-08-05
1754438400000,0.19971,0.20709,0.19551,0.20519,5406211272.0,2025-08-06
1754524800000,0.20518,0.22294,0.20323,0.22216,6984961962.0,2025-08-07
1754611200000,0.22217,0.23245,0.21945,0.23032,8537041052.0,2025-08-08
1754697600000,0.23033,0.24673,0.22962,0.23989,8889712981.0,2025-08-09
1754784000000,0.2399,0.24346,0.22937,0.23377,7207239913.0,2025-08-10
1754870400000,0.23378,0.24168,0.22111,0.22198,10238415854.0,2025-08-11
1754956800000,0.22198,0.23829,0.21854,0.23571,8398654784.0,2025-08-12
1755043200000,0.23572,0.25056,0.23131,0.24478,11859929667.0,2025-08-13
1755129600000,0.24478,0.25578,0.2173,0.22368,14951015622.0,2025-08-14
1755216000000,0.22369,0.23302,0.22004,0.22875,9976265832.0,2025-08-15
1755302400000,0.22874,0.23615,0.22514,0.23103,5959204395.0,2025-08-16
1755388800000,0.23104,0.24248,0.2283,0.23447,7127783296.0,2025-08-17
1755475200000,0.23446,0.23546,0.21978,0.22253,7713721348.0,2025-08-18
1755561600000,0.22253,0.22566,0.2086,0.20933,8503790744.0,2025-08-19
1755648000000,0.20932,0.22278,0.20744,0.2216,7941005375.0,2025-08-20
1755734400000,0.2216,0.22442,0.21376,0.21465,5819975807.0,2025-08-21
1755820800000,0.21465,0.24218,0.20812,0.2405,11573827364.0,2025-08-22
1755907200000,0.24051,0.24084,0.22895,0.23625,6632281047.0,2025-08-23
1755993600000,0.23626,0.24492,0.22737,0.23175,8279073853.0,2025-08-24
1756080000000,0.23174,0.2345,0.20571,0.20953,9911045272.0,2025-08-25
1756166400000,0.20953,0.21996,0.20699,0.21833,5937144821.0,2025-08-26
1756252800000,0.21832,0.22382,0.216,0.21883,6158787060.0,2025-08-27
1756339200000,0.21884,0.22601,0.21661,0.2243,4745270737.0,2025-08-28
1756425600000,0.2243,0.22538,0.20966,0.2138,7661378356.0,2025-08-29
1756512000000,0.2138,0.21881,0.21119,0.21585,3120025393.0,2025-08-30
1756598400000,0.21586,0.2213,0.21314,0.21359,3372517128.0,2025-08-31
1756684800000,0.21358,0.21982,0.20459,0.21063,8071949824.0,2025-09-01
1756771200000,0.21063,0.21549,0.20648,0.21481,6500556504.0,2025-09-02
1756857600000,0.2148,0.22347,0.21241,0.22022,4697199188.0,2025-09-03
1756944000000,0.22022,0.221,0.21036,0.2123,4761566486.0,2025-09-04
1757030400000,0.21229,0.22093,0.21171,0.21778,6692556979.0,2025-09-05
1757116800000,0.21778,0.2188,0.21213,0.21583,2835868031.0,2025-09-06
1757203200000,0.21583,0.22918,0.21559,0.22868,4724015777.0,2025-09-07
1757289600000,0.22867,0.2441,0.2264,0.24157,8760238369.0,2025-09-08
1757376000000,0.24156,0.24948,0.23351,0.24051,10784712971.0,2025-09-09
1757462400000,0.24052,0.24862,0.23607,0.24525,6886227080.0,2025-09-10
1757548800000,0.24524,0.25691,0.24168,0.25591,8211432779.0,2025-09-11
1757635200000,0.25592,0.27856,0.25469,0.27545,9716439309.0,2025-09-12
1757721600000,0.27545,0.30679,0.27261,0.28933,17866967966.0,2025-09-13
1757808000000,0.28932,0.29505,0.27263,0.27785,12091079955.0,2025-09-14
1757894400000,0.27784,0.282,0.25854,0.26818,11744012571.0,2025-09-15
1757980800000,0.26818,0.27188,0.25653,0.26984,9455139357.0,2025-09-16
1758067200000,0.26984,0.28368,0.26005,0.28241,11099108492.0,2025-09-17
1758153600000,0.28242,0.2887,0.2754,0.27838,9740918633.0,2025-09-18
1758240000000,0.27838,0.28485,0.263,0.26513,7934243306.0,2025-09-19
1758326400000,0.26513,0.2693,0.26277,0.26747,3787276250.0,2025-09-20
1758412800000,0.26746,0.2696,0.26016,0.2606,4099115209.0,2025-09-21
1758499200000,0.26059,0.26219,0.22775,0.24109,12354861541.0,2025-09-22
1758585600000,0.2411,0.24384,0.23401,0.23698,7421330916.0,2025-09-23
1758672000000,0.23698,0.25053,0.23087,0.24097,8446351612.0,2025-09-24
1758758400000,0.24097,0.24185,0.22042,0.22281,11930562035.0,2025-09-25
1758844800000,0.22281,0.2332,0.22123,0.23232,7262068092.0,2025-09-26
1758931200000,0.23232,0.2342,0.22765,0.23067,3275598660.0,2025-09-27
1759017600000,0.23066,0.23758,0.22487,0.23722,4226786257.0,2025-09-28
1759104000000,0.23722,0.23888,0.2285,0.23469,6657111216.0,2025-09-29
1759190400000,0.23468,0.23581,0.22623,0.23282,5545688942.0,2025-09-30
1759276800000,0.23282,0.24909,0.23023,0.24894,6550163636.0,2025-10-01
1759363200000,0.24893,0.264,0.2466,0.26191,8356127092.0,2025-10-02
1759449600000,0.2619,0.26529,0.2526,0.25811,7925468925.0,2025-10-03
1759536000000,0.25812,0.25972,0.24662,0.2507,5274043843.0,2025-10-04
1759622400000,0.2507,0.26516,0.24941,0.25268,8621048357.0,2025-10-05
1759708800000,0.25268,0.27039,0.2504,0.26601,9245925853.0,2025-10-06
1759795200000,0.26601,0.26833,0.24592,0.24671,10718903592.0,2025-10-07
1759881600000,0.24672,0.26107,0.2428,0.25557,8429553003.0,2025-10-08
1759968000000,0.25557,0.25587,0.24097,0.24843,9086872900.0,2025-10-09
1760054400000,0.24843,0.25398,0.08385,0.19312,25781970004.0,2025-10-10
1760140800000,0.19312,0.2003,0.17807,0.18516,18854052342.0,2025-10-11
1760227200000,0.18517,0.21406,0.18059,0.20704,22272897002.0,2025-10-12
1760313600000,0.20704,0.21823,0.20181,0.2137,28544931227.0,2025-10-13
1760400000000,0.21371,0.21553,0.19319,0.20426,26137068919.0,2025-10-14
1760486400000,0.20427,0.20845,0.19404,0.19611,9386805413.0,2025-10-15
1760572800000,0.19611,0.20142,0.18455,0.18838,11687689381.0,2025-10-16
1760659200000,0.18838,0.19106,0.17538,0.18463,10802246738.0,2025-10-17
1760745600000,0.18464,0.19052,0.18418,0.18951,4053641928.0,2025-10-18
1760832000000,0.18951,0.19861,0.18595,0.19526,6398204482.0,2025-10-19
1760918400000,0.19526,0.20241,0.1916,0.19991,7034681166.0,2025-10-20
1761004800000,0.19991,0.20556,0.19199,0.19418,8419215120.0,2025-10-21
1761091200000,0.19417,0.19532,0.18447,0.18982,8380575066.0,2025-10-22
1761177600000,0.18983,0.19736,0.18947,0.19484,4953254849.0,2025-10-23
1761264000000,0.19484,0.20113,0.19396,0.19766,4797422157.0,2025-10-24
1761350400000,0.19766,0.19983,0.19582,0.1964,2974081659.0,2025-10-25
1761436800000,0.19639,0.20745,0.19449,0.2057,4836317549.0,2025-10-26
1761523200000,0.2057,0.20945,0.199,0.2003,6141899606.0,2025-10-27
1761609600000,0.2003,0.20301,0.19,0.19351,7033367860.0,2025-10-28
1761696000000,0.19352,0.19721,0.18703,0.19228,7326090315.0,2025-10-29
1761782400000,0.19228,0.19452,0.17631,0.18256,8285032090.0,2025-10-30
1761868800000,0.18257,0.18801,0.18215,0.18635,4309903284.0,2025-10-31
1761955200000,0.18635,0.18831,0.185,0.18726,1901778856.0,2025-11-01
1762041600000,0.18727,0.18877,0.18157,0.18629,2979853560.0,2025-11-02
1762128000000,0.18629,0.18659,0.15942,0.1673,11233206011.0,2025-11-03
1762214400000,0.16731,0.17103,0.15146,0.16217,14734261286.0,2025-11-04
1762300800000,0.16216,0.16878,0.15443,0.16709,6542844958.0,2025-11-05
1762387200000,0.1671,0.16773,0.15691,0.16155,5141047069.0,2025-11-06
1762473600000,0.16155,0.18159,0.15953,0.17873,7212740885.0,2025-11-07
1762560000000,0.17872,0.18329,0.17287,0.17597,5234806563.0,2025-11-08
1762646400000,0.17596,0.18152,0.17112,0.17922,4460661041.0,2025-11-09
1762732800000,0.17922,0.18569,0.17711,0.1817,5389268923.0,2025-11-10
1762819200000,0.18171,0.18636,0.17146,0.17197,5950135563.0,2025-11-11
1762905600000,0.17198,0.17848,0.1671,0.17008,5601639805.0,2025-11-12
1762992000000,0.17007,0.17764,0.15981,0.16374,7269511398.0,2025-11-13
1763078400000,0.16373,0.16618,0.15458,0.15756,8450053141.0,2025-11-14
1763164800000,0.15756,0.16476,0.15709,0.16309,3242135083.0,2025-11-15
1763251200000,0.16309,0.16559,0.15345,0.15851,5731889134.0,2025-11-16
1763337600000,0.1585,0.16506,0.15054,0.15205,8290933001.0,2025-11-17
1763424000000,0.15206,0.1629,0.14928,0.16168,7155766892.0,2025-11-18
1763510400000,0.16168,0.16247,0.14705,0.15453,7703580456.0,2025-11-19
1763596800000,0.15453,0.15974,0.14607,0.14886,8446349859.0,2025-11-20
1763683200000,0.14886,0.15102,0.13316,0.14022,13913519489.0,2025-11-21
1763769600000,0.14023,0.14238,0.13538,0.14019,6681919269.0,2025-11-22
1763856000000,0.1402,0.1477,0.13959,0.14494,4620699709.0,2025-11-23
1763942400000,0.14495,0.15392,0.14268,0.15173,6715985205.0,2025-11-24
1764028800000,0.15174,0.15497,0.14576,0.15295,5040142390.0,2025-11-25
1764115200000,0.15295,0.15673,0.14856,0.15467,5068870797.0,2025-11-26
1764201600000,0.15466,0.15554,0.15212,0.15256,2992111713.0,2025-11-27
1764288000000,0.15257,0.15548,0.14815,0.15011,5053480852.0,2025-11-28
1764374400000,0.15011,0.15089,0.14715,0.14829,2407111409.0,2025-11-29
1764460800000,0.1483,0.15054,0.14577,0.1459,2855990351.0,2025-11-30
1764547200000,0.1459,0.14629,0.13165,0.13536,7290726978.0,2025-12-01
1764633600000,0.13536,0.14781,0.13436,0.1457,5502108193.0,2025-12-02
1764720000000,0.14569,0.15337,0.14513,0.15159,4807714715.0,2025-12-03
1764806400000,0.1516,0.15313,0.14551,0.14734,3937550982.0,2025-12-04
1764892800000,0.14735,0.1483,0.13712,0.13947,4547978469.0,2025-12-05
1764979200000,0.13948,0.14068,0.13827,0.1397,2053958158.0,2025-12-06
1765065600000,0.13969,0.14282,0.13478,0.13862,4077401821.0,2025-12-07
1765152000000,0.13861,0.14499,0.1379,0.14253,4056123174.0,2025-12-08
1765238400000,0.14254,0.15313,0.13935,0.1479,5470511064.0,2025-12-09
1765324800000,0.14789,0.15029,0.14223,0.14324,5071814737.0,2025-12-10
1765411200000,0.14324,0.14352,0.13615,0.14028,4888984464.0,2025-12-11
1765497600000,0.14027,0.14147,0.13416,0.13684,3822178981.0,2025-12-12
1765584000000,0.13684,0.13997,0.13682,0.13897,1843237168.0,2025-12-13
1765670400000,0.13898,0.13919,0.1325,0.134,2835765658.0,2025-12-14
1765756800000,0.13399,0.13839,0.12654,0.12968,5686439557.0,2025-12-15
1765843200000,0.12967,0.133,0.12713,0.13171,4076993722.0,2025-12-16
1765929600000,0.13171,0.13628,0.12469,0.12626,5841109173.0,2025-12-17
1766016000000,0.12627,0.13068,0.11985,0.12203,7077589167.0,2025-12-18
1766102400000,0.12203,0.13349,0.12049,0.13215,5461698363.0,2025-12-19
1766188800000,0.13216,0.13252,0.13061,0.13188,1836371109.0,2025-12-20
1766275200000,0.13188,0.1334,0.12864,0.13105,2689390845.0,2025-12-21
1766361600000,0.13106,0.13534,0.12937,0.13249,4186824115.0,2025-12-22
1766448000000,0.1325,0.13363,0.12782,0.12923,3587177778.0,2025-12-23
1766534400000,0.12922,0.1303,0.12643,0.12849,2712612550.0,2025-12-24
1766620800000,0.12849,0.12904,0.12292,0.12356,2808246959.0,2025-12-25
1766707200000,0.12356,0.12748,0.12052,0.12205,4495416909.0,2025-12-26
1766793600000,0.12206,0.12491,0.12186,0.1243,2228035735.0,2025-12-27
1766880000000,0.12431,0.12483,0.12268,0.12388,1858263410.0,2025-12-28
1766966400000,0.12389,0.128,0.12218,0.1228,4886439817.0,2025-12-29
1767052800000,0.12279,0.12541,0.12233,0.12326,3281239167.0,2025-12-30
1767139200000,0.12326,0.12377,0.11534,0.11741,4512552632.0,2025-12-31
1767225600000,0.11741,0.1275,0.11736,0.12679,5532414844.0,2026-01-01
1767312000000,0.12679,0.145,0.12588,0.14181,10640033413.0,2026-01-02
1767398400000,0.14182,0.14448,0.13897,0.14307,5015719661.0,2026-01-03
1767484800000,0.14307,0.15417,0.14271,0.14944,8454921859.0,2026-01-04
1767571200000,0.14944,0.15439,0.14558,0.15165,8259824872.0,2026-01-05
1767657600000,0.15164,0.15656,0.1424,0.15048,8864039330.0,2026-01-06
1767744000000,0.15048,0.15404,0.14472,0.14634,6139991226.0,2026-01-07
1767830400000,0.14633,0.14772,0.13784,0.14189,6406404945.0,2026-01-08
1767916800000,0.14189,0.14455,0.13813,0.14065,4576840733.0,2026-01-09
1768003200000,0.14066,0.14069,0.139,0.13958,1460421865.0,2026-01-10
1768089600000,0.13959,0.14116,0.13579,0.13794,3063370051.0,2026-01-11
1768176000000,0.13795,0.14229,0.13484,0.13653,5060703576.0,2026-01-12
1768262400000,0.13653,0.15089,0.13618,0.14821,5532398675.0,2026-01-13
1768348800000,0.14821,0.15127,0.14553,0.14712,4916266000.0,2026-01-14
1768435200000,0.14713,0.14716,0.13871,0.13997,4530860569.0,2026-01-15
1768521600000,0.13998,0.14037,0.13501,0.13804,3744615156.0,2026-01-16
1768608000000,0.13804,0.13996,0.13673,0.13781,1893943792.0,2026-01-17
1768694400000,0.13781,0.13829,0.1312,0.13156,2944663545.0,2026-01-18
1768780800000,0.13156,0.13156,0.11928,0.12909,6440990382.0,2026-01-19
1768867200000,0.1291,0.12929,0.12168,0.12329,5273629434.0,2026-01-20
1768953600000,0.12329,0.12876,0.12022,0.12644,6642609274.0,2026-01-21
1769040000000,0.12645,0.12786,0.12312,0.12431,3345078083.0,2026-01-22
1769126400000,0.1243,0.12783,0.12194,0.1247,3776153105.0,2026-01-23
1769212800000,0.1247,0.12487,0.12284,0.12415,1262695846.0,2026-01-24
1769299200000,0.12416,0.1243,0.11754,0.11938,4050038773.0,2026-01-25
1769385600000,0.11938,0.12378,0.11915,0.12228,4088247424.0,2026-01-26
1769472000000,0.12228,0.1266,0.12131,0.12615,4008761874.0,2026-01-27
1769558400000,0.12614,0.12768,0.12363,0.12495,3707596958.0,2026-01-28
1769644800000,0.12496,0.12521,0.11427,0.1172,6340531272.0,2026-01-29
1769731200000,0.11721,0.11866,0.11139,0.11577,6654987843.0,2026-01-30
1769817600000,0.11576,0.11588,0.09459,0.10417,10433061295.0,2026-01-31
1769904000000,0.10417,0.10679,0.101,0.10421,6896215994.0,2026-02-01
1769990400000,0.10421,0.11048,0.09945,0.10785,8369936841.0,2026-02-02
1770076800000,0.10785,0.11054,0.1022,0.10595,8283967696.0,2026-02-03
1770163200000,0.10595,0.10946,0.10119,0.10377,6620409935.0,2026-02-04
1770249600000,0.10377,0.10475,0.08667,0.08841,16371318184.0,2026-02-05
1770336000000,0.08841,0.10219,0.07991,0.09842,13849241083.0,2026-02-06
1770422400000,0.09843,0.09943,0.09458,0.09819,6228921481.0,2026-02-07
1770508800000,0.09819,0.09898,0.09504,0.09657,4057159646.0,2026-02-08
1770595200000,0.09656,0.0975,0.09239,0.09605,4439038991.0,2026-02-09
1770681600000,0.09606,0.09653,0.09162,0.09271,3686116484.0,2026-02-10
1770768000000,0.09271,0.09357,0.08783,0.09107,5428695764.0,2026-02-11
1770854400000,0.09106,0.09454,0.09063,0.09296,4439840390.0,2026-02-12
1770940800000,0.09296,0.09771,0.09174,0.09663,4215846416.0,2026-02-13
1771027200000,0.09662,0.11369,0.09625,0.11099,7253494768.0,2026-02-14
1771113600000,0.11098,0.11759,0.10147,0.10261,11396171647.0,2026-02-15
1771200000000,0.10261,0.10355,0.09844,0.10097,6858442563.0,2026-02-16
1771286400000,0.10097,0.10353,0.09823,0.10061,5645272924.0,2026-02-17
1771372800000,0.10062,0.10227,0.09741,0.09849,4629214070.0,2026-02-18
1771459200000,0.0985,0.09923,0.09545,0.09831,4717214076.0,2026-02-19
1771545600000,0.09831,0.10236,0.09556,0.10004,6292660173.0,2026-02-20
1771632000000,0.10004,0.10094,0.09834,0.09836,2849547906.0,2026-02-21
1771718400000,0.09836,0.09849,0.09452,0.09552,3303526479.0,2026-02-22
1771804800000,0.09552,0.09757,0.09136,0.09263,7247201150.0,2026-02-23
1771891200000,0.09263,0.09357,0.08987,0.09133,5153372797.0,2026-02-24
1771977600000,0.09132,0.10617,0.09083,0.10091,9468418440.0,2026-02-25
1772064000000,0.10091,0.10165,0.09535,0.09694,5980444937.0,2026-02-26
1772150400000,0.09695,0.09907,0.09183,0.09331,5683715154.0,2026-02-27
1772236800000,0.09331,0.09497,0.08759,0.094,8394352041.0,2026-02-28
1772323200000,0.09399,0.09786,0.09049,0.09186,7080825138.0,2026-03-01
1772409600000,0.09186,0.09774,0.09072,0.09351,6872512098.0,2026-03-02
1772496000000,0.09352,0.0938,0.08825,0.08991,7529768206.0,2026-03-03
1772582400000,0.08991,0.10427,0.08852,0.0989,12301390033.0,2026-03-04
1772668800000,0.09889,0.0992,0.09268,0.09353,7843657707.0,2026-03-05
1772755200000,0.09353,0.0943,0.08991,0.09123,6033057289.0,2026-03-06
1772841600000,0.09122,0.09208,0.08911,0.08987,3277382634.0,2026-03-07
1772928000000,0.08988,0.09127,0.08653,0.08907,5612359569.0,2026-03-08
1773014400000,0.08908,0.09282,0.08894,0.09042,6560929203.0,2026-03-09
1773100800000,0.09042,0.10043,0.09027,0.09446,11711288856.0,2026-03-10
1773187200000,0.09446,0.09481,0.09105,0.09283,7615697244.0,2026-03-11
1773273600000,0.09283,0.0958,0.09172,0.09469,6440457827.0,2026-03-12
1773360000000,0.09469,0.10199,0.09449,0.09591,9796495469.0,2026-03-13
1773446400000,0.09591,0.09639,0.09394,0.09599,3867546407.0,2026-03-14
1773532800000,0.09599,0.09807,0.0944,0.09734,4552637889.0,2026-03-15
1773619200000,0.09734,0.1037,0.09701,0.10299,10429896362.0,2026-03-16
1773705600000,0.10298,0.10445,0.09826,0.10012,6696235793.0,2026-03-17
1773792000000,0.10012,0.10183,0.0932,0.0952,6943708404.0,2026-03-18
1773878400000,0.0952,0.09606,0.09171,0.09349,4966144580.0,2026-03-19
1773964800000,0.09348,0.09538,0.09274,0.09413,4372569888.0,2026-03-20
1774051200000,0.09412,0.09494,0.0905,0.09129,3145081041.0,2026-03-21
1774137600000,0.09129,0.09286,0.08907,0.09008,4713849825.0,2026-03-22
1774224000000,0.09008,0.09577,0.08918,0.09408,8079276969.0,2026-03-23
1774310400000,0.09408,0.09559,0.09236,0.09506,4846109299.0,2026-03-24
1774396800000,0.09506,0.09795,0.09433,0.09613,5239354633.0,2026-03-25
1774483200000,0.09613,0.09622,0.09038,0.09201,5649692522.0,2026-03-26
1774569600000,0.092,0.09267,0.08918,0.09005,4281367986.0,2026-03-27
1774656000000,0.09004,0.09532,0.08962,0.09092,4998341150.0,2026-03-28
1774742400000,0.09092,0.09162,0.08786,0.0904,3985772543.0,2026-03-29
1774828800000,0.09041,0.09391,0.0902,0.09078,5809539930.0,2026-03-30
1774915200000,0.09079,0.09281,0.08929,0.09228,6072268776.0,2026-03-31
1775001600000,0.09227,0.0945,0.09155,0.09214,4883394823.0,2026-04-01
1775088000000,0.09214,0.09266,0.08891,0.09035,5581268783.0,2026-04-02
1775174400000,0.09034,0.09256,0.08986,0.0915,3787233096.0,2026-04-03
1775260800000,0.09151,0.0931,0.09068,0.09202,2796169992.0,2026-04-04
1775347200000,0.09203,0.0924,0.08962,0.09235,4672104229.0,2026-04-05
1775433600000,0.09234,0.0936,0.08984,0.09053,5805282368.0,2026-04-06
1775520000000,0.09053,0.09602,0.09,0.09491,6164957814.0,2026-04-07
1775606400000,0.0949,0.09558,0.09207,0.09235,5745634725.0,2026-04-08
1775692800000,0.09236,0.09497,0.09086,0.09255,5696225630.0,2026-04-09
1775779200000,0.09256,0.09527,0.09186,0.09365,5078967961.0,2026-04-10
1775865600000,0.09364,0.09487,0.09218,0.09303,4060499739.0,2026-04-11
1775952000000,0.09303,0.09321,0.09023,0.09078,4742763547.0,2026-04-12
1776038400000,0.09079,0.09434,0.09066,0.09409,5760136347.0,2026-04-13
1776124800000,0.0941,0.09804,0.09233,0.0929,8672341004.0,2026-04-14
1776211200000,0.0929,0.09676,0.09256,0.09485,4922637464.0,2026-04-15
1776297600000,0.09486,0.09984,0.09432,0.09917,9939313897.0,2026-04-16
1776384000000,0.09918,0.10216,0.09666,0.09936,9249575920.0,2026-04-17
1776470400000,0.09936,0.09973,0.09403,0.09473,5730956483.0,2026-04-18
1776556800000,0.09473,0.09706,0.09246,0.09298,6507710335.0,2026-04-19
1776643200000,0.09299,0.09605,0.09285,0.09515,4216068753.0,2026-04-20
1776729600000,0.09515,0.09588,0.0935,0.09513,3640944925.0,2026-04-21
1776816000000,0.09513,0.09858,0.09482,0.09557,5943502467.0,2026-04-22
1776902400000,0.09558,0.09799,0.09505,0.09709,5934169876.0,2026-04-23
1776988800000,0.09709,0.09951,0.09678,0.09839,4856623496.0,2026-04-24
1777075200000,0.09839,0.09905,0.09733,0.09796,2683746162.0,2026-04-25
1777161600000,0.09796,0.09989,0.09741,0.09916,3320735731.0,2026-04-26
1777248000000,0.09916,0.10084,0.09686,0.09889,5625632742.0,2026-04-27
1777334400000,0.0989,0.10099,0.09801,0.09928,5823220984.0,2026-04-28
1777420800000,0.09929,0.112,0.09919,0.10402,17330704809.0,2026-04-29
1777507200000,0.10402,0.10835,0.1039,0.10645,9578993017.0,2026-04-30
1777593600000,0.10646,0.1105,0.10636,0.10845,7930865324.0,2026-05-01
1777680000000,0.10846,0.10931,0.10711,0.10844,3792632531.0,2026-05-02
1777766400000,0.10845,0.10963,0.10705,0.10822,3557841301.0,2026-05-03
1777852800000,0.10823,0.11383,0.10753,0.11005,9635696318.0,2026-05-04
1777939200000,0.11004,0.1165,0.10991,0.11478,5689583360.0,2026-05-05
1778025600000,0.11477,0.11723,0.11118,0.11239,8120633682.0,2026-05-06
1778112000000,0.11239,0.11245,0.10652,0.10778,6373255509.0,2026-05-07
1778198400000,0.10779,0.10963,0.10552,0.10947,4529365958.0,2026-05-08
1778284800000,0.10948,0.11129,0.10801,0.10869,3560876055.0,2026-05-09
1778371200000,0.10869,0.11283,0.1062,0.11242,7199831693.0,2026-05-10
1778457600000,0.11243,0.11273,0.10834,0.11127,7435143887.0,2026-05-11
1778544000000,0.11128,0.11157,0.10743,0.11012,5628658620.0,2026-05-12
1778630400000,0.11011,0.11468,0.10955,0.11261,7094302663.0,2026-05-13
1778716800000,0.1126,0.11859,0.11184,0.1154,11338507847.0,2026-05-14
1778803200000,0.1154,0.11746,0.11068,0.1133,7059175979.0,2026-05-15
1778889600000,0.1133,0.11343,0.10764,0.10933,4301045311.0,2026-05-16
1778976000000,0.10933,0.11278,0.10501,0.10891,4797703346.0,2026-05-17
1779062400000,0.10891,0.10902,0.10244,0.10472,7521931403.0,2026-05-18
1779148800000,0.10472,0.10547,0.10258,0.10293,3613949000.0,2026-05-19
1779235200000,0.10293,0.10492,0.10181,0.10365,3548185283.0,2026-05-20
1779321600000,0.10365,0.10649,0.1036,0.10562,4447658878.0,2026-05-21
1779408000000,0.10561,0.10674,0.1015,0.10228,4064203798.0,2026-05-22
1779494400000,0.10229,0.10502,0.09715,0.10303,5623157277.0,2026-05-23
1779580800000,0.10303,0.10388,0.1005,0.10222,2842468338.0,2026-05-24
1779667200000,0.10222,0.10376,0.10158,0.10208,2594072324.0,2026-05-25
1779753600000,0.10209,0.10382,0.1002,0.10099,3549055877.0,2026-05-26
1779840000000,0.10099,0.10337,0.0992,0.10043,3899037289.0,2026-05-27
1779926400000,0.10043,0.1008,0.0964,0.09951,4676230163.0,2026-05-28
1780012800000,0.09951,0.10116,0.09737,0.09965,3413111574.0,2026-05-29
1780099200000,0.09965,0.10177,0.09943,0.10056,2424315157.0,2026-05-30
1780185600000,0.10056,0.10138,0.09895,0.10038,2517454475.0,2026-05-31
1780272000000,0.10039,0.10154,0.09775,0.10105,5028201224.0,2026-06-01
1780358400000,0.10106,0.1012,0.09112,0.09272,7797664024.0,2026-06-02
1780444800000,0.09272,0.0945,0.0905,0.09136,5514841964.0,2026-06-03
1780531200000,0.09136,0.09185,0.08573,0.08851,8061461665.0,2026-06-04
1780617600000,0.08851,0.08875,0.07893,0.08143,10410167839.0,2026-06-05
1780704000000,0.08143,0.08299,0.07761,0.08186,6286888569.0,2026-06-06
1780790400000,0.08186,0.08754,0.08158,0.08622,4853780164.0,2026-06-07
1780876800000,0.08623,0.08749,0.08431,0.08629,3707874672.0,2026-06-08
1780963200000,0.0863,0.08672,0.08313,0.08476,4761587492.0,2026-06-09
1781049600000,0.08476,0.08544,0.08177,0.0829,4605804210.0,2026-06-10
1781136000000,0.0829,0.08706,0.0829,0.08603,3686578302.0,2026-06-11
1781222400000,0.08603,0.09246,0.08472,0.08594,8950259698.0,2026-06-12
1781308800000,0.08594,0.08879,0.08574,0.08783,3430492397.0,2026-06-13
1781395200000,0.08782,0.08908,0.08563,0.08886,3225302260.0,2026-06-14
1781481600000,0.08886,0.09088,0.08768,0.08808,4835133220.0,2026-06-15
1781568000000,0.08808,0.08905,0.08617,0.08712,4117272672.0,2026-06-16
1781654400000,0.08712,0.08807,0.08456,0.08588,4033822637.0,2026-06-17
1781740800000,0.08588,0.08654,0.08178,0.08348,3306414066.0,2026-06-18
1781827200000,0.08348,0.08393,0.08181,0.0835,2226816732.0,2026-06-19
1781913600000,0.08351,0.08428,0.08256,0.08366,2188286851.0,2026-06-20
1782000000000,0.08367,0.08382,0.08208,0.08221,1968301346.0,2026-06-21
1782086400000,0.08221,0.08504,0.0818,0.08241,2864466423.0,2026-06-22
1782172800000,0.08241,0.08267,0.07821,0.07882,4112186087.0,2026-06-23
1782259200000,0.07883,0.07979,0.07276,0.07609,5836612936.0,2026-06-24
1782345600000,0.07609,0.07748,0.0714,0.07488,5273217812.0,2026-06-25
1782432000000,0.07488,0.07611,0.07202,0.07574,4526983534.0,2026-06-26
1782518400000,0.07575,0.07641,0.07404,0.07445,2305189708.0,2026-06-27
1782604800000,0.07445,0.07465,0.0721,0.07316,2635849419.0,2026-06-28
1782691200000,0.07316,0.07425,0.0719,0.07339,4732004293.0,2026-06-29
1782777600000,0.07339,0.07353,0.06946,0.07204,5206144382.0,2026-06-30
1782864000000,0.07204,0.07394,0.07045,0.07218,4121941413.0,2026-07-01
1782950400000,0.07219,0.07555,0.07163,0.07415,4103528924.0,2026-07-02
1783036800000,0.07415,0.07847,0.07391,0.07751,3704769021.0,2026-07-03
1783123200000,0.07751,0.07936,0.07658,0.07762,3694328879.0,2026-07-04
1783209600000,0.07762,0.0788,0.07527,0.07785,3627681938.0,2026-07-05
1783296000000,0.07785,0.07833,0.07432,0.07663,4599883499.0,2026-07-06
1783382400000,0.07662,0.07699,0.07355,0.07414,3760499510.0,2026-07-07
1783468800000,0.07415,0.07443,0.07095,0.07238,3813913281.0,2026-07-08
1783555200000,0.07238,0.07354,0.07193,0.07287,2460400571.0,2026-07-09
1783641600000,0.07287,0.07466,0.07261,0.07408,2693917308.0,2026-07-10
1783728000000,0.07408,0.07558,0.07312,0.07316,2671529170.0,2026-07-11
1783814400000,0.07315,0.07387,0.07223,0.07269,2425954108.0,2026-07-12
1783900800000,0.07269,0.07417,0.07086,0.07194,3490701970.0,2026-07-13
1783987200000,0.07194,0.07536,0.0714,0.07442,3881749403.0,2026-07-14
1784073600000,0.07442,0.07524,0.07329,0.07405,3612017394.0,2026-07-15
1784160000000,0.07405,0.07448,0.07207,0.07231,3056044942.0,2026-07-16
1784246400000,0.07232,0.07295,0.0709,0.07252,3035754007.0,2026-07-17
1784332800000,0.07252,0.07278,0.07188,0.07249,1278620181.0,2026-07-18
1784419200000,0.07249,0.07282,0.07157,0.07237,1743055778.0,2026-07-19
1784505600000,0.07237,0.07358,0.07102,0.07214,4622865061.0,2026-07-20
1784592000000,0.07214,0.07382,0.07186,0.07335,3126410092.0,2026-07-21
1784678400000,0.07335,0.07387,0.07205,0.07296,3374998733.0,2026-07-22
1784764800000,0.07297,0.07319,0.06833,0.06916,5486733070.0,2026-07-23
1784851200000,0.06916,0.07013,0.06805,0.06953,4587104376.0,2026-07-24
1784937600000,0.06953,0.07366,0.06911,0.0717,4531819853.0,2026-07-25
1785024000000,0.0717,0.07406,0.07156,0.07336,4532980402.0,2026-07-26
1785110400000,0.07336,0.07352,0.07005,0.07031,4297809769.0,2026-07-27
1785196800000,0.07032,0.0714,0.06919,0.07084,4209403032.0,2026-07-28
1785283200000,0.07084,0.07122,0.06876,0.07012,3700667584.0,2026-07-29
1785369600000,0.07012,0.07102,0.06957,0.07055,2694205857.0,2026-07-30
1785456000000,0.07055,0.07098,0.0684,0.06956,3881671642.0,2026-07-31
1785542400000,0.06957,0.07029,0.0676,0.0691,3249377469.0,2026-08-01
1785628800000,0.06911,0.07145,0.06909,0.07078,3050363993.0,2026-08-02
1785715200000,0.07079,0.07093,0.06892,0.0702,3307573053.0,2026-08-03
1785801600000,0.0702,0.07068,0.06974,0.07003,2376211550.0,2026-08-04
1785888000000,0.07003,0.07054,0.06923,0.07001,2914211253.0,2026-08-05
1785974400000,0.07001,0.07014,0.06817,0.06906,3275270530.0,2026-08-06
1786060800000,0.06905,0.0703,0.06878,0.06961,2826172228.0,2026-08-07
1786147200000,0.06961,0.07158,0.06952,0.0704,2594596338.0,2026-08-08
1786233600000,0.07041,0.07095,0.06917,0.06928,2571586617.0,2026-08-09
1786320000000,0.06929,0.07021,0.06902,0.06966,2769390634.0,2026-08-10
1786406400000,0.06967,0.07316,0.06958,0.07187,4648369822.0,2026-08-11
1786492800000,0.07187,0.07251,0.06879,0.06965,5045134397.0,2026-08-12
1786579200000,0.06966,0.0708,0.06946,0.07014,3163467706.0,2026-08-13
1786665600000,0.07015,0.07034,0.06916,0.07005,2126956152.0,2026-08-14
1786752000000,0.07005,0.07051,0.06947,0.06958,1393287411.0,2026-08-15
1786838400000,0.06957,0.07016,0.0689,0.06956,1490197405.0,2026-08-16
1786924800000,0.06955,0.07057,0.06943,0.07037,2272528509.0,2026-08-17
1787011200000,0.07037,0.07051,0.06955,0.07023,2519102769.0,2026-08-18
1787097600000,0.07024,0.07639,0.06982,0.07503,7306420630.0,2026-08-19
1787184000000,0.07503,0.08355,0.0744,0.08044,9594923412.0,2026-08-20
1787270400000,0.08045,0.09475,0.08028,0.09157,12719977258.0,2026-08-21
1787356800000,0.09156,0.10105,0.08236,0.09188,15156356273.0,2026-08-22
1787443200000,0.09188,0.09454,0.08874,0.09343,7862014953.0,2026-08-23
1787529600000,0.09344,0.09365,0.08792,0.0901,7927458351.0,2026-08-24
1787616000000,0.0901,0.09309,0.08473,0.08568,6667132916.0,2026-08-25
1787702400000,0.08568,0.08781,0.08369,0.08764,4799227611.0,2026-08-26
1787788800000,0.08764,0.09003,0.08616,0.0891,5050759272.0,2026-08-27
1787875200000,0.08909,0.09028,0.08375,0.08522,5635034228.0,2026-08-28
1787961600000,0.08521,0.08566,0.08411,0.08524,2169721958.0,2026-08-29
1788048000000,0.08524,0.08644,0.08075,0.08198,4570882799.0,2026-08-30
1788134400000,0.08198,0.08395,0.0814,0.08281,3775524212.0,2026-08-31
1788220800000,0.08281,0.0839,0.08064,0.08164,4100601348.0,2026-09-01
1788307200000,0.08163,0.08207,0.08009,0.08172,4194443093.0,2026-09-02
1788393600000,0.08172,0.08366,0.08107,0.08342,1506387371.0,2026-09-03
