ts,open,high,low,close,volume,date
1579219200000,2.669,2.896,2.592,2.696,8174258.39,2020-01-17
1579305600000,2.696,2.799,2.56,2.774,7920982.41,2020-01-18
1579392000000,2.777,2.854,2.519,2.623,9414962.4,2020-01-19
1579478400000,2.623,2.745,2.544,2.695,7244721.52,2020-01-20
1579564800000,2.694,2.745,2.561,2.673,5857502.02,2020-01-21
1579651200000,2.675,2.694,2.626,2.654,3308776.35,2020-01-22
1579737600000,2.656,2.659,2.43,2.471,5259106.64,2020-01-23
1579824000000,2.47,2.542,2.35,2.504,3786409.71,2020-01-24
1579910400000,2.506,2.515,2.436,2.448,2024211.4,2020-01-25
1579996800000,2.449,2.582,2.429,2.575,1798455.47,2020-01-26
1580083200000,2.579,2.683,2.561,2.608,3819200.89,2020-01-27
1580169600000,2.61,2.678,2.588,2.656,3230957.43,2020-01-28
1580256000000,2.659,2.839,2.644,2.781,5033997.71,2020-01-29
1580342400000,2.781,2.95,2.706,2.914,6791645.62,2020-01-30
1580428800000,2.917,2.929,2.762,2.825,3932003.6,2020-01-31
1580515200000,2.83,2.888,2.737,2.841,2911735.11,2020-02-01
1580601600000,2.84,2.894,2.737,2.832,3802570.97,2020-02-02
1580688000000,2.832,2.884,2.747,2.782,3581271.52,2020-02-03
1580774400000,2.78,2.806,2.676,2.741,4986574.63,2020-02-04
1580860800000,2.743,2.891,2.732,2.843,6672109.53,2020-02-05
1580947200000,2.843,2.97,2.794,2.902,6810869.82,2020-02-06
1581033600000,2.902,3.365,2.9,3.311,21498629.65,2020-02-07
1581120000000,3.31,3.48,3.11,3.42,13960201.73,2020-02-08
1581206400000,3.419,3.525,3.232,3.504,10618619.75,2020-02-09
1581292800000,3.503,3.511,3.272,3.388,12794908.32,2020-02-10
1581379200000,3.389,3.999,3.353,3.989,20242362.25,2020-02-11
1581465600000,3.992,4.2,3.861,3.988,21463540.02,2020-02-12
1581552000000,3.996,4.141,3.669,3.878,15384991.48,2020-02-13
1581638400000,3.877,4.494,3.797,4.43,16408846.63,2020-02-14
1581724800000,4.434,4.632,4.05,4.328,25198236.75,2020-02-15
1581811200000,4.327,4.884,4.0,4.454,36234506.95,2020-02-16
1581897600000,4.45,4.567,3.854,4.302,29599801.05,2020-02-17
1581984000000,4.308,4.656,4.139,4.564,22201270.68,2020-02-18
1582070400000,4.56,4.869,4.172,4.386,22940583.81,2020-02-19
1582156800000,4.386,4.481,4.066,4.267,17990206.45,2020-02-20
1582243200000,4.268,4.51,4.18,4.275,14439042.63,2020-02-21
1582329600000,4.276,4.348,4.052,4.105,13391901.76,2020-02-22
1582416000000,4.105,4.378,4.072,4.236,12543473.13,2020-02-23
1582502400000,4.239,4.295,3.801,3.923,17653202.98,2020-02-24
1582588800000,3.923,3.964,3.478,3.491,21775940.01,2020-02-25
1582675200000,3.49,3.85,3.312,3.564,33762852.07,2020-02-26
1582761600000,3.564,4.116,3.41,3.956,28829556.63,2020-02-27
1582848000000,3.956,4.246,3.736,4.161,29404884.64,2020-02-28
1582934400000,4.161,4.347,4.052,4.062,24864103.87,2020-02-29
1583020800000,4.056,4.24,3.756,3.858,27557121.23,2020-03-01
1583107200000,3.862,4.327,3.816,4.242,25221263.83,2020-03-02
1583193600000,4.242,4.68,4.131,4.591,31643156.84,2020-03-03
1583280000000,4.591,4.953,4.535,4.635,41814186.91,2020-03-04
1583366400000,4.634,4.9,4.617,4.707,27195074.19,2020-03-05
1583452800000,4.71,4.748,4.538,4.683,22760436.87,2020-03-06
1583539200000,4.683,4.688,4.31,4.342,23882647.15,2020-03-07
1583625600000,4.342,4.398,3.834,4.059,48713759.73,2020-03-08
1583712000000,4.059,4.371,3.6,4.12,62199105.65,2020-03-09
1583798400000,4.12,4.2,3.913,4.08,36483260.51,2020-03-10
1583884800000,4.079,4.109,3.55,3.815,36061699.63,2020-03-11
1583971200000,3.811,3.85,1.75,1.993,98883403.15,2020-03-12
1584057600000,1.99,2.747,1.364,2.426,74680139.44,2020-03-13
1584144000000,2.427,2.514,2.051,2.129,32328472.46,2020-03-14
1584230400000,2.128,2.401,2.005,2.086,29040023.13,2020-03-15
1584316800000,2.086,2.086,1.53,1.785,63189586.38,2020-03-16
1584403200000,1.783,2.071,1.728,1.861,39254830.14,2020-03-17
1584489600000,1.861,1.96,1.756,1.948,29145064.61,2020-03-18
1584576000000,1.949,2.385,1.885,2.241,38627307.2,2020-03-19
1584662400000,2.241,2.629,2.01,2.26,46646667.19,2020-03-20
1584748800000,2.26,2.376,2.1,2.28,21055692.28,2020-03-21
1584835200000,2.281,2.33,1.925,1.981,20421362.33,2020-03-22
1584921600000,1.984,2.283,1.926,2.245,24657741.05,2020-03-23
1585008000000,2.246,2.373,2.19,2.311,19501709.49,2020-03-24
1585094400000,2.31,2.352,2.179,2.254,14112900.81,2020-03-25
1585180800000,2.256,2.313,2.202,2.313,8489670.5,2020-03-26
1585267200000,2.311,2.362,2.1,2.131,8416287.77,2020-03-27
1585353600000,2.131,2.151,2.038,2.131,13925185.4,2020-03-28
1585440000000,2.13,2.147,2.002,2.006,8981680.13,2020-03-29
1585526400000,2.006,2.197,2.002,2.134,11279154.93,2020-03-30
1585612800000,2.133,2.3,2.108,2.259,10171831.55,2020-03-31
1585699200000,2.261,2.31,2.142,2.276,18447514.13,2020-04-01
1585785600000,2.276,2.456,2.256,2.294,19283942.92,2020-04-02
1585872000000,2.293,2.384,2.267,2.301,9692728.91,2020-04-03
1585958400000,2.3,2.342,2.253,2.315,7908413.24,2020-04-04
1586044800000,2.316,2.323,2.242,2.264,4956710.65,2020-04-05
1586131200000,2.264,2.564,2.264,2.55,13785765.67,2020-04-06
1586217600000,2.55,2.911,2.547,2.729,43008269.8,2020-04-07
1586304000000,2.73,3.27,2.709,3.171,42479244.47,2020-04-08
1586390400000,3.17,3.48,3.122,3.313,61252280.71,2020-04-09
1586476800000,3.312,3.324,2.941,3.22,70479253.59,2020-04-10
1586563200000,3.218,3.434,3.06,3.286,64624324.33,2020-04-11
1586649600000,3.286,3.638,3.165,3.414,67755148.33,2020-04-12
1586736000000,3.411,3.459,3.185,3.365,58635180.47,2020-04-13
1586822400000,3.366,3.443,3.201,3.249,36392064.67,2020-04-14
1586908800000,3.248,3.3,3.1,3.119,39078370.35,2020-04-15
1586995200000,3.12,3.58,2.96,3.486,47935169.47,2020-04-16
1587081600000,3.487,3.535,3.38,3.454,22860047.76,2020-04-17
1587168000000,3.453,3.837,3.443,3.782,32676418.3,2020-04-18
1587254400000,3.782,3.809,3.512,3.588,34528134.86,2020-04-19
1587340800000,3.588,3.795,3.368,3.431,48349742.38,2020-04-20
1587427200000,3.431,3.57,3.379,3.457,33405925.84,2020-04-21
1587513600000,3.457,3.688,3.429,3.676,27240240.28,2020-04-22
1587600000000,3.676,3.937,3.594,3.761,30922748.15,2020-04-23
1587686400000,3.762,3.895,3.74,3.78,19719107.28,2020-04-24
1587772800000,3.78,3.913,3.747,3.79,15847102.51,2020-04-25
1587859200000,3.79,3.819,3.617,3.723,22172119.89,2020-04-26
1587945600000,3.723,3.743,3.461,3.636,27008173.19,2020-04-27
1588032000000,3.637,3.74,3.557,3.648,19153846.14,2020-04-28
1588118400000,3.646,4.019,3.633,3.895,36067115.78,2020-04-29
1588204800000,3.896,3.987,3.628,3.709,31525918.43,2020-04-30
1588291200000,3.708,3.921,3.705,3.764,18680066.8,2020-05-01
1588377600000,3.764,3.872,3.731,3.819,11706080.24,2020-05-02
1588464000000,3.818,3.874,3.639,3.716,11792615.23,2020-05-03
1588550400000,3.715,3.834,3.506,3.753,24149955.31,2020-05-04
1588636800000,3.753,3.827,3.658,3.685,12489562.59,2020-05-05
1588723200000,3.685,3.769,3.572,3.595,12100688.06,2020-05-06
1588809600000,3.595,3.858,3.566,3.764,18291026.07,2020-05-07
1588896000000,3.765,3.864,3.693,3.801,15134803.39,2020-05-08
1588982400000,3.803,4.225,3.766,4.023,35215660.19,2020-05-09
1589068800000,4.022,4.029,3.409,3.761,34059847.35,2020-05-10
1589155200000,3.762,3.838,3.288,3.587,22303488.36,2020-05-11
1589241600000,3.588,3.799,3.544,3.698,14666352.6,2020-05-12
1589328000000,3.698,3.822,3.633,3.768,10319592.34,2020-05-13
1589414400000,3.768,3.865,3.695,3.81,11696927.96,2020-05-14
1589500800000,3.811,3.837,3.62,3.665,8560581.47,2020-05-15
1589587200000,3.664,3.79,3.62,3.763,6629632.65,2020-05-16
1589673600000,3.763,3.855,3.755,3.783,6464190.09,2020-05-17
1589760000000,3.781,3.957,3.78,3.891,10230574.44,2020-05-18
1589846400000,3.891,3.954,3.777,3.947,8353172.85,2020-05-19
1589932800000,3.946,4.14,3.894,4.086,20728883.42,2020-05-20
1590019200000,4.086,4.175,3.74,3.831,23594129.48,2020-05-21
1590105600000,3.83,4.146,3.8,4.061,16513237.66,2020-05-22
1590192000000,4.061,4.107,3.91,3.929,12252734.3,2020-05-23
1590278400000,3.929,4.03,3.786,3.79,13064110.88,2020-05-24
1590364800000,3.794,3.909,3.77,3.865,8056320.29,2020-05-25
1590451200000,3.867,3.886,3.772,3.846,7193089.12,2020-05-26
1590537600000,3.847,3.917,3.807,3.857,6535533.79,2020-05-27
1590624000000,3.856,4.063,3.83,4.044,7532220.62,2020-05-28
1590710400000,4.045,4.132,3.951,3.981,9286608.08,2020-05-29
1590796800000,3.981,4.187,3.943,4.183,8840742.11,2020-05-30
1590883200000,4.183,4.289,4.041,4.133,12796267.47,2020-05-31
1590969600000,4.132,4.484,4.123,4.393,20163348.45,2020-06-01
1591056000000,4.392,4.625,4.1,4.4,18992993.74,2020-06-02
1591142400000,4.4,4.536,4.289,4.494,9758675.62,2020-06-03
1591228800000,4.492,4.513,4.287,4.434,10267558.92,2020-06-04
1591315200000,4.43,4.49,4.343,4.363,6815261.19,2020-06-05
1591401600000,4.362,4.4,4.308,4.355,3780546.45,2020-06-06
1591488000000,4.356,4.41,4.211,4.353,5722980.16,2020-06-07
1591574400000,4.353,4.48,4.329,4.478,5651074.21,2020-06-08
1591660800000,4.478,4.515,4.367,4.442,6592083.07,2020-06-09
1591747200000,4.443,4.446,4.352,4.425,5449053.31,2020-06-10
1591833600000,4.427,4.458,3.89,3.962,14317863.64,2020-06-11
1591920000000,3.962,4.191,3.858,4.087,8040478.12,2020-06-12
1592006400000,4.087,4.132,4.007,4.112,3047404.22,2020-06-13
1592092800000,4.112,4.116,3.918,3.942,3813824.62,2020-06-14
1592179200000,3.944,3.989,3.657,3.929,14035947.23,2020-06-15
1592265600000,3.93,4.09,3.893,4.048,12237956.25,2020-06-16
1592352000000,4.048,4.189,3.961,4.163,11307298.16,2020-06-17
1592438400000,4.163,4.245,4.092,4.136,9663118.86,2020-06-18
1592524800000,4.139,4.187,4.052,4.096,8115452.43,2020-06-19
1592611200000,4.096,4.207,4.064,4.179,8618121.63,2020-06-20
1592697600000,4.178,4.207,4.14,4.184,4543384.51,2020-06-21
1592784000000,4.183,4.486,4.178,4.48,11954634.78,2020-06-22
1592870400000,4.48,4.94,4.426,4.805,28619709.7,2020-06-23
1592956800000,4.805,4.941,4.5,4.71,25690670.79,2020-06-24
1593043200000,4.71,4.838,4.5,4.804,20793900.68,2020-06-25
1593129600000,4.806,4.859,4.643,4.68,14732769.59,2020-06-26
1593216000000,4.681,4.693,4.3,4.408,13770640.43,2020-06-27
1593302400000,4.406,4.615,4.334,4.568,10969156.02,2020-06-28
1593388800000,4.568,4.649,4.423,4.618,10291801.62,2020-06-29
1593475200000,4.619,4.664,4.539,4.564,7283213.44,2020-06-30
1593561600000,4.564,4.73,4.52,4.705,8757356.59,2020-07-01
1593648000000,4.706,4.92,4.596,4.796,17978082.76,2020-07-02
1593734400000,4.796,4.895,4.702,4.731,9450202.22,2020-07-03
1593820800000,4.73,4.858,4.72,4.817,5472867.27,2020-07-04
1593907200000,4.817,4.836,4.622,4.749,7702041.57,2020-07-05
1593993600000,4.748,5.517,4.737,5.367,25673370.36,2020-07-06
1594080000000,5.367,5.898,5.336,5.734,39442255.08,2020-07-07
1594166400000,5.734,6.61,5.6,6.502,44434386.17,2020-07-08
1594252800000,6.502,6.505,5.679,6.09,34032722.75,2020-07-09
1594339200000,6.09,6.21,5.7,6.151,24825833.65,2020-07-10
1594425600000,6.149,6.276,5.962,6.109,13419694.03,2020-07-11
1594512000000,6.109,7.39,6.105,7.328,56742858.96,2020-07-12
1594598400000,7.326,8.58,6.859,7.157,83840725.3,2020-07-13
1594684800000,7.157,8.359,6.95,8.113,66580036.61,2020-07-14
1594771200000,8.113,8.979,7.818,8.64,65989670.25,2020-07-15
1594857600000,8.64,8.887,7.911,8.341,62870582.6,2020-07-16
1594944000000,8.344,8.63,8.188,8.264,27425086.67,2020-07-17
1595030400000,8.263,8.264,7.643,7.968,29718954.99,2020-07-18
1595116800000,7.968,8.197,7.777,8.082,19949522.19,2020-07-19
1595203200000,8.085,8.143,7.116,7.241,35642424.67,2020-07-20
1595289600000,7.238,7.676,6.9,7.306,36127431.48,2020-07-21
1595376000000,7.309,7.62,7.084,7.479,31441097.61,2020-07-22
1595462400000,7.479,8.08,7.406,7.887,34014746.18,2020-07-23
1595548800000,7.891,7.915,7.381,7.425,23622137.29,2020-07-24
1595635200000,7.425,7.798,7.368,7.678,18163061.68,2020-07-25
1595721600000,7.68,7.95,7.064,7.499,28180679.46,2020-07-26
1595808000000,7.499,7.499,6.444,7.091,43502286.05,2020-07-27
1595894400000,7.092,7.422,6.902,7.232,20335821.96,2020-07-28
1595980800000,7.235,7.465,6.979,7.083,18090614.31,2020-07-29
1596067200000,7.084,7.57,7.016,7.405,19724654.06,2020-07-30
1596153600000,7.402,7.847,7.402,7.793,21185421.92,2020-07-31
1596240000000,7.793,8.481,7.623,8.32,21918189.47,2020-08-01
1596326400000,8.319,8.8,6.609,8.276,56743927.93,2020-08-02
1596412800000,8.277,9.268,8.132,9.234,33847377.57,2020-08-03
1596499200000,9.234,9.93,9.058,9.839,45267886.95,2020-08-04
1596585600000,9.839,9.845,9.3,9.516,22406955.08,2020-08-05
1596672000000,9.516,10.29,9.427,10.217,23518847.72,2020-08-06
1596758400000,10.22,10.24,8.984,10.116,30373774.1,2020-08-07
1596844800000,10.123,14.7,9.92,12.713,64489589.89,2020-08-08
1596931200000,12.717,14.48,12.0,13.805,63537773.2,2020-08-09
1597017600000,13.809,14.4,12.356,13.493,38424580.89,2020-08-10
1597104000000,13.494,13.555,12.092,13.013,38342035.66,2020-08-11
1597190400000,13.005,16.83,12.6,16.463,59153442.58,2020-08-12
1597276800000,16.468,18.385,15.8,17.196,76351620.31,2020-08-13
1597363200000,17.193,17.646,16.3,16.965,32979168.81,2020-08-14
1597449600000,16.966,19.968,16.564,19.228,48896679.82,2020-08-15
1597536000000,19.228,20.296,18.508,18.848,32510418.45,2020-08-16
1597622400000,18.847,19.8,15.62,16.812,37262381.78,2020-08-17
1597708800000,16.812,17.698,14.65,16.202,62666686.24,2020-08-18
1597795200000,16.202,17.274,14.866,16.209,49298553.33,2020-08-19
1597881600000,16.217,16.82,15.727,16.091,26172496.37,2020-08-20
1597968000000,16.09,16.192,12.897,13.85,58818372.55,2020-08-21
1598054400000,13.853,16.347,13.667,15.823,40220876.2,2020-08-22
1598140800000,15.817,16.017,14.666,15.172,24963800.28,2020-08-23
1598227200000,15.174,15.899,14.7,15.165,20815127.36,2020-08-24
1598313600000,15.165,15.4,13.455,14.131,32835548.57,2020-08-25
1598400000000,14.124,15.69,14.065,15.228,28368424.11,2020-08-26
1598486400000,15.225,15.56,13.988,14.531,28233193.18,2020-08-27
1598572800000,14.531,15.521,14.247,15.135,16290629.9,2020-08-28
1598659200000,15.135,17.059,14.982,16.367,27169740.23,2020-08-29
1598745600000,16.371,17.798,16.361,16.498,28119135.61,2020-08-30
1598832000000,16.5,16.968,15.505,15.586,22823001.45,2020-08-31
1598918400000,15.585,16.525,15.066,16.058,22436022.19,2020-09-01
1599004800000,16.052,16.397,13.92,14.799,26495212.37,2020-09-02
1599091200000,14.803,15.0,10.9,11.861,44366671.89,2020-09-03
1599177600000,11.857,12.923,10.981,12.372,48990137.85,2020-09-04
1599264000000,12.377,12.773,8.955,10.6,60737926.72,2020-09-05
1599350400000,10.6,13.25,9.7,12.8,47258475.6,2020-09-06
1599436800000,12.802,13.175,11.158,12.462,46024604.81,2020-09-07
1599523200000,12.462,12.735,11.026,11.737,32937123.03,2020-09-08
1599609600000,11.738,12.667,11.433,12.343,21959891.07,2020-09-09
1599696000000,12.344,13.281,12.11,12.506,26198088.59,2020-09-10
1599782400000,12.501,12.695,12.015,12.435,17891482.36,2020-09-11
1599868800000,12.44,12.75,12.089,12.729,13818410.0,2020-09-12
1599955200000,12.722,13.238,11.738,12.064,23674965.73,2020-09-13
1600041600000,12.068,12.398,11.63,12.137,18472733.96,2020-09-14
1600128000000,12.136,12.249,10.728,10.921,22823211.87,2020-09-15
1600214400000,10.921,11.28,10.475,10.735,22958478.09,2020-09-16
1600300800000,10.736,11.68,10.495,11.016,24904266.69,2020-09-17
1600387200000,11.016,11.139,9.782,10.094,18302072.8,2020-09-18
1600473600000,10.093,10.501,9.877,10.124,13045683.23,2020-09-19
1600560000000,10.124,10.63,9.454,9.74,18592209.46,2020-09-20
1600646400000,9.736,9.929,8.451,8.706,42532350.62,2020-09-21
1600732800000,8.708,9.073,8.52,8.733,23028768.9,2020-09-22
1600819200000,8.732,8.791,7.309,7.64,44512055.74,2020-09-23
1600905600000,7.642,10.4,7.464,9.865,69839000.3,2020-09-24
1600992000000,9.867,11.184,9.363,10.714,53364822.59,2020-09-25
1601078400000,10.714,11.094,9.964,10.306,34529204.51,2020-09-26
1601164800000,10.306,10.985,9.88,10.788,29923709.78,2020-09-27
1601251200000,10.789,11.07,10.135,10.278,24536583.92,2020-09-28
1601337600000,10.279,10.382,9.43,10.129,32843995.82,2020-09-29
1601424000000,10.13,10.237,9.563,9.859,21520365.32,2020-09-30
1601510400000,9.859,10.41,9.27,9.632,30126992.37,2020-10-01
1601596800000,9.631,9.84,8.794,9.202,36069781.61,2020-10-02
1601683200000,9.202,9.533,9.088,9.26,16553541.83,2020-10-03
1601769600000,9.26,9.45,9.102,9.383,14406808.83,2020-10-04
1601856000000,9.379,9.731,9.256,9.605,18648729.91,2020-10-05
1601942400000,9.605,9.652,8.55,8.765,24695613.36,2020-10-06
1602028800000,8.767,9.013,8.377,8.963,23601163.19,2020-10-07
1602115200000,8.964,9.676,8.422,9.544,29266373.29,2020-10-08
1602201600000,9.547,10.51,9.356,10.386,33083861.61,2020-10-09
1602288000000,10.386,10.92,10.36,10.514,28957533.13,2020-10-10
1602374400000,10.513,11.026,10.147,10.834,27341343.75,2020-10-11
1602460800000,10.833,11.793,10.67,11.418,40756788.84,2020-10-12
1602547200000,11.418,11.573,10.516,10.998,32870784.8,2020-10-13
1602633600000,10.998,11.332,10.611,10.888,27901241.39,2020-10-14
1602720000000,10.887,10.933,10.47,10.752,26314780.71,2020-10-15
1602806400000,10.752,10.89,10.261,10.58,22661944.59,2020-10-16
1602892800000,10.58,10.71,10.41,10.616,12613371.43,2020-10-17
1602979200000,10.616,10.98,10.588,10.936,12611068.83,2020-10-18
1603065600000,10.935,11.227,10.651,10.92,20335335.94,2020-10-19
1603152000000,10.92,10.937,9.756,9.852,27648638.38,2020-10-20
1603238400000,9.852,11.14,9.781,10.78,33429384.18,2020-10-21
1603324800000,10.781,12.426,10.711,11.948,38880465.04,2020-10-22
1603411200000,11.949,12.274,11.58,12.156,32217748.85,2020-10-23
1603497600000,12.153,12.95,11.979,12.691,28357758.3,2020-10-24
1603584000000,12.692,12.85,11.9,12.148,23604517.94,2020-10-25
1603670400000,12.146,12.45,11.256,11.701,31578187.37,2020-10-26
1603756800000,11.701,12.465,11.487,11.912,28666562.26,2020-10-27
1603843200000,11.911,12.158,11.14,11.434,27746823.8,2020-10-28
1603929600000,11.433,11.803,11.068,11.269,25675225.34,2020-10-29
1604016000000,11.269,11.476,10.75,11.091,26922783.1,2020-10-30
1604102400000,11.092,11.396,10.906,11.222,17396073.25,2020-10-31
1604188800000,11.222,11.59,11.015,11.57,14207461.0,2020-11-01
1604275200000,11.569,11.69,10.707,10.779,27027561.19,2020-11-02
1604361600000,10.779,10.782,9.953,10.394,31587442.06,2020-11-03
1604448000000,10.392,10.666,9.741,10.469,33576738.1,2020-11-04
1604534400000,10.469,11.271,10.077,10.971,36879942.16,2020-11-05
1604620800000,10.971,12.294,10.916,12.171,37423777.89,2020-11-06
1604707200000,12.172,13.741,11.45,11.766,77770982.99,2020-11-07
1604793600000,11.765,13.1,11.475,12.71,35995976.3,2020-11-08
1604880000000,12.71,13.013,12.044,12.508,42897592.85,2020-11-09
1604966400000,12.508,13.3,12.306,13.018,40236421.05,2020-11-10
1605052800000,13.017,13.438,12.745,12.757,30859101.61,2020-11-11
1605139200000,12.758,13.097,12.262,12.405,27372203.02,2020-11-12
1605225600000,12.405,13.012,12.299,12.867,26716326.22,2020-11-13
1605312000000,12.867,12.938,12.316,12.565,16818505.51,2020-11-14
1605398400000,12.566,12.662,11.815,12.121,18833935.23,2020-11-15
1605484800000,12.123,12.825,11.991,12.628,21690526.14,2020-11-16
1605571200000,12.629,13.473,12.556,13.427,32835123.79,2020-11-17
1605657600000,13.426,14.394,12.51,13.573,54462879.99,2020-11-18
1605744000000,13.575,14.03,13.017,13.62,30165360.11,2020-11-19
1605830400000,13.62,14.517,13.471,14.106,32701563.92,2020-11-20
1605916800000,14.106,15.56,13.68,15.477,44234287.94,2020-11-21
1606003200000,15.48,15.75,13.8,14.528,42454919.12,2020-11-22
1606089600000,14.526,15.448,14.279,15.279,35992453.25,2020-11-23
1606176000000,15.278,16.413,14.96,15.694,49938508.96,2020-11-24
1606262400000,15.693,15.918,13.795,14.226,30426675.6,2020-11-25
1606348800000,14.226,14.484,11.14,12.6,74641921.48,2020-11-26
1606435200000,12.6,12.947,11.952,12.51,27988751.21,2020-11-27
1606521600000,12.511,13.433,12.36,13.09,20781408.66,2020-11-28
1606608000000,13.087,13.488,12.848,13.395,18889787.0,2020-11-29
1606694400000,13.396,14.467,13.394,14.284,30242914.8,2020-11-30
1606780800000,14.287,14.885,13.061,13.358,36355839.36,2020-12-01
1606867200000,13.359,14.171,13.055,13.995,19765625.25,2020-12-02
1606953600000,13.995,14.244,13.668,13.985,15606882.53,2020-12-03
1607040000000,13.986,14.053,12.5,12.689,17842591.82,2020-12-04
1607126400000,12.685,13.357,12.53,13.177,13746693.91,2020-12-05
1607212800000,13.177,13.55,12.771,13.519,13001058.02,2020-12-06
1607299200000,13.52,13.574,12.88,13.082,10074465.96,2020-12-07
1607385600000,13.083,13.207,11.994,12.135,15423214.84,2020-12-08
1607472000000,12.14,12.832,11.568,12.617,21962464.29,2020-12-09
1607558400000,12.616,12.671,11.855,11.916,11104064.24,2020-12-10
1607644800000,11.916,11.994,11.423,11.644,16134782.51,2020-12-11
1607731200000,11.645,12.358,11.603,12.228,12897473.52,2020-12-12
1607817600000,12.229,13.277,12.026,12.941,17512226.03,2020-12-13
1607904000000,12.942,12.991,12.322,12.858,15682282.1,2020-12-14
1607990400000,12.858,13.034,12.47,12.692,10675359.81,2020-12-15
1608076800000,12.693,13.519,12.313,13.498,19839160.1,2020-12-16
1608163200000,13.497,14.547,13.1,13.457,37795134.7,2020-12-17
1608249600000,13.457,14.038,13.187,13.517,18652767.65,2020-12-18
1608336000000,13.518,14.007,13.311,13.486,14656408.42,2020-12-19
1608422400000,13.487,13.819,12.65,13.064,17512162.52,2020-12-20
1608508800000,13.064,13.287,12.082,12.317,19505156.54,2020-12-21
1608595200000,12.314,12.848,11.809,12.788,18929126.96,2020-12-22
1608681600000,12.788,12.87,8.022,10.972,47463792.21,2020-12-23
1608768000000,10.971,11.683,9.849,11.563,40364233.42,2020-12-24
1608854400000,11.562,11.915,11.05,11.56,23552756.6,2020-12-25
1608940800000,11.561,11.816,10.62,10.98,25207042.05,2020-12-26
1609027200000,10.98,13.274,10.478,12.169,49945357.04,2020-12-27
1609113600000,12.172,12.974,11.979,12.62,33021138.05,2020-12-28
1609200000000,12.619,13.057,10.806,11.781,33522575.32,2020-12-29
1609286400000,11.779,11.99,11.071,11.248,21085878.86,2020-12-30
1609372800000,11.248,11.756,10.944,11.244,18778512.86,2020-12-31
1609459200000,11.244,12.485,11.071,11.869,23199628.14,2021-01-01
1609545600000,11.868,12.455,11.456,12.226,25747352.18,2021-01-02
1609632000000,12.228,14.069,11.85,13.719,44451096.87,2021-01-03
1609718400000,13.724,15.86,12.333,13.611,66724684.51,2021-01-04
1609804800000,13.61,14.931,13.113,14.531,40608542.36,2021-01-05
1609891200000,14.537,17.366,14.158,17.29,49259450.11,2021-01-06
1609977600000,17.295,17.52,15.078,15.989,41306461.24,2021-01-07
1610064000000,15.99,16.262,14.13,15.251,41229302.63,2021-01-08
1610150400000,15.253,17.936,15.004,17.589,33525639.35,2021-01-09
1610236800000,17.595,18.498,15.488,16.228,38916176.03,2021-01-10
1610323200000,16.221,16.281,12.5,14.657,55281912.66,2021-01-11
1610409600000,14.655,15.495,13.684,13.982,30519127.87,2021-01-12
1610496000000,13.978,16.254,13.376,15.952,26764681.9,2021-01-13
1610582400000,15.956,18.047,15.35,18.023,27785906.34,2021-01-14
1610668800000,18.027,21.682,17.562,20.766,88211876.93,2021-01-15
1610755200000,20.768,23.067,19.655,20.13,60270706.38,2021-01-16
1610841600000,20.134,23.78,19.388,23.286,47435718.56,2021-01-17
1610928000000,23.279,23.75,21.085,22.069,29969769.86,2021-01-18
1611014400000,22.067,22.93,20.398,20.585,26192768.9,2021-01-19
1611100800000,20.564,21.991,19.055,21.867,31757963.44,2021-01-20
1611187200000,21.861,22.086,18.06,18.441,37677979.27,2021-01-21
1611273600000,18.437,22.548,17.111,21.578,41249960.45,2021-01-22
1611360000000,21.58,25.56,21.163,24.824,48751117.46,2021-01-23
1611446400000,24.827,24.988,23.1,24.831,30307266.89,2021-01-24
1611532800000,24.835,25.845,22.613,23.367,30125870.31,2021-01-25
1611619200000,23.367,23.993,21.669,23.132,24465211.72,2021-01-26
1611705600000,23.128,23.272,20.282,20.989,25834468.1,2021-01-27
1611792000000,20.986,24.516,20.521,23.02,26582152.09,2021-01-28
1611878400000,23.031,24.324,22.085,22.781,23877037.88,2021-01-29
1611964800000,22.779,24.033,22.188,23.699,14836039.42,2021-01-30
1612051200000,23.694,24.797,22.1,22.609,16761323.56,2021-01-31
1612137600000,22.601,23.236,21.65,22.928,11858578.09,2021-02-01
1612224000000,22.92,24.234,22.77,23.725,13803273.96,2021-02-02
1612310400000,23.734,25.659,23.62,25.131,19642921.65,2021-02-03
1612396800000,25.139,26.278,22.687,24.519,25315599.35,2021-02-04
1612483200000,24.516,27.133,24.45,26.352,25252177.41,2021-02-05
1612569600000,26.353,26.893,24.207,25.102,17791985.51,2021-02-06
1612656000000,25.102,25.354,22.781,24.777,16162844.99,2021-02-07
1612742400000,24.774,26.08,24.002,25.465,17094624.41,2021-02-08
1612828800000,25.47,28.079,25.043,27.667,21181577.63,2021-02-09
1612915200000,27.659,28.744,24.65,26.853,30207935.11,2021-02-10
1613001600000,26.848,28.662,26.225,27.895,16107859.39,2021-02-11
1613088000000,27.894,31.55,26.713,30.713,21176420.47,2021-02-12
1613174400000,30.713,35.0,29.135,34.316,26919047.02,2021-02-13
1613260800000,34.313,35.8,32.306,33.215,21213347.53,2021-02-14
1613347200000,33.215,35.0,27.07,32.683,27873371.81,2021-02-15
1613433600000,32.681,33.498,30.807,32.004,17318155.55,2021-02-16
1613520000000,32.013,32.796,30.033,32.289,12714169.79,2021-02-17
1613606400000,32.288,33.718,31.835,32.524,11374610.58,2021-02-18
1613692800000,32.524,35.695,31.404,34.766,17905953.39,2021-02-19
1613779200000,34.771,37.075,31.912,33.977,23005394.74,2021-02-20
1613865600000,33.977,35.36,33.3,34.13,10980165.51,2021-02-21
1613952000000,34.133,34.264,24.84,31.486,32969976.28,2021-02-22
1614038400000,31.494,31.716,20.671,25.986,46453168.52,2021-02-23
1614124800000,25.987,29.357,24.53,28.101,24493231.56,2021-02-24
1614211200000,28.104,28.73,24.389,24.721,17698203.13,2021-02-25
1614297600000,24.726,27.03,23.662,25.196,19285007.3,2021-02-26
1614384000000,25.202,27.433,24.868,26.193,14360003.9,2021-02-27
1614470400000,26.191,26.766,22.873,24.714,17362192.5,2021-02-28
1614556800000,24.719,27.77,24.602,27.735,12363338.92,2021-03-01
1614643200000,27.739,30.569,27.299,28.51,18476504.01,2021-03-02
1614729600000,28.511,31.498,28.16,29.854,13482513.18,2021-03-03
1614816000000,29.848,30.61,27.23,27.721,14937028.95,2021-03-04
1614902400000,27.722,28.26,25.7,27.862,12958399.59,2021-03-05
1614988800000,27.857,28.414,26.317,28.166,8069283.74,2021-03-06
1615075200000,28.166,29.15,27.39,28.603,8615063.49,2021-03-07
1615161600000,28.603,31.894,28.276,31.892,16035105.16,2021-03-08
1615248000000,31.881,32.07,30.4,31.539,10415385.51,2021-03-09
1615334400000,31.547,31.862,29.3,29.919,12469116.78,2021-03-10
1615420800000,29.92,30.519,28.538,30.175,12944949.94,2021-03-11
1615507200000,30.172,30.489,27.673,28.393,13438138.42,2021-03-12
1615593600000,28.396,30.63,26.908,29.8,14088994.14,2021-03-13
1615680000000,29.813,30.264,28.542,28.57,9545989.23,2021-03-14
1615766400000,28.561,29.496,26.8,27.525,14876201.55,2021-03-15
1615852800000,27.513,28.196,26.38,27.947,10097400.06,2021-03-16
1615939200000,27.945,31.274,27.312,31.095,20277449.06,2021-03-17
1616025600000,31.096,31.411,29.009,29.444,12141739.22,2021-03-18
1616112000000,29.435,30.598,28.696,29.806,8601231.44,2021-03-19
1616198400000,29.807,31.5,29.6,29.687,8901419.39,2021-03-20
1616284800000,29.691,30.12,28.605,29.25,7093741.23,2021-03-21
1616371200000,29.249,29.485,27.069,27.286,8800684.56,2021-03-22
1616457600000,27.283,27.961,26.66,26.802,7717688.8,2021-03-23
1616544000000,26.803,27.919,23.465,24.872,13681099.51,2021-03-24
1616630400000,24.876,26.668,24.441,25.561,15043764.97,2021-03-25
1616716800000,25.561,27.435,25.4,27.422,8471453.39,2021-03-26
1616803200000,27.419,27.52,26.032,26.913,6106158.74,2021-03-27
1616889600000,26.909,27.71,26.115,26.687,6591966.78,2021-03-28
1616976000000,26.686,28.67,26.417,28.06,8988557.46,2021-03-29
1617062400000,28.06,28.639,27.459,27.865,6669709.33,2021-03-30
1617148800000,27.86,29.482,26.186,29.479,13508899.38,2021-03-31
1617235200000,29.475,31.2,29.362,30.107,13934635.26,2021-04-01
1617321600000,30.113,32.612,29.566,32.552,13258143.45,2021-04-02
1617408000000,32.546,33.299,29.189,29.322,17330426.38,2021-04-03
1617494400000,29.329,31.515,28.7,30.791,9891081.87,2021-04-04
1617580800000,30.789,32.713,29.654,32.459,13313324.55,2021-04-05
1617667200000,32.457,34.981,31.35,34.775,26296696.94,2021-04-06
1617753600000,34.777,35.242,30.246,31.149,25012023.39,2021-04-07
1617840000000,31.151,32.955,30.959,32.821,9779426.77,2021-04-08
1617926400000,32.819,33.336,31.25,31.639,7912442.84,2021-04-09
1618012800000,31.64,33.143,30.985,31.95,9318598.42,2021-04-10
1618099200000,31.949,34.573,31.787,33.964,12824342.83,2021-04-11
1618185600000,33.961,34.261,31.9,33.168,10338863.09,2021-04-12
1618272000000,33.163,36.061,32.45,35.592,16752739.15,2021-04-13
1618358400000,35.593,42.078,34.88,41.434,41009085.88,2021-04-14
1618444800000,41.436,44.5,39.77,42.625,32562898.67,2021-04-15
1618531200000,42.633,43.405,38.5,41.993,29767547.46,2021-04-16
1618617600000,41.995,44.18,39.899,39.977,19613252.21,2021-04-17
1618704000000,39.978,40.427,29.453,39.103,53812603.13,2021-04-18
1618790400000,39.103,42.046,34.839,35.771,37136303.0,2021-04-19
1618876800000,35.778,39.426,33.223,39.0,30852438.65,2021-04-20
1618963200000,38.993,39.509,35.9,36.281,19124888.71,2021-04-21
1619049600000,36.281,40.919,33.799,35.162,30895363.11,2021-04-22
1619136000000,35.164,35.983,30.0,35.217,39289196.73,2021-04-23
1619222400000,35.226,35.345,31.017,31.254,16217105.74,2021-04-24
1619308800000,31.256,33.454,29.824,31.697,14853159.13,2021-04-25
1619395200000,31.697,35.319,31.382,35.151,15079275.62,2021-04-26
1619481600000,35.151,37.699,34.514,36.805,14114942.26,2021-04-27
1619568000000,36.805,37.85,34.972,36.275,14061488.45,2021-04-28
1619654400000,36.286,37.5,35.04,36.513,14163071.36,2021-04-29
1619740800000,36.512,38.853,35.856,38.142,12259374.16,2021-04-30
1619827200000,38.142,41.298,37.5,41.298,11757024.98,2021-05-01
1619913600000,41.298,41.5,38.739,39.502,13594505.11,2021-05-02
1620000000000,39.501,42.783,39.095,42.12,15455169.85,2021-05-03
1620086400000,42.127,48.646,38.5,45.544,44132347.81,2021-05-04
1620172800000,45.574,51.267,44.881,49.664,30775126.85,2021-05-05
1620259200000,49.664,50.108,45.31,47.184,23548618.05,2021-05-06
1620345600000,47.192,52.06,45.737,49.175,22360409.27,2021-05-07
1620432000000,49.179,50.325,46.52,48.666,13185544.23,2021-05-08
1620518400000,48.666,52.501,45.81,52.311,20277347.29,2021-05-09
1620604800000,52.312,53.07,40.16,46.341,24843584.24,2021-05-10
1620691200000,46.361,48.922,44.608,48.831,14420311.8,2021-05-11
1620777600000,48.828,49.916,40.83,41.609,19792073.19,2021-05-12
1620864000000,41.633,45.0,39.158,43.309,22274225.4,2021-05-13
1620950400000,43.309,47.91,42.936,46.619,11883486.73,2021-05-14
1621036800000,46.618,47.867,41.021,41.53,15235392.21,2021-05-15
1621123200000,41.531,44.703,37.989,40.696,17326913.75,2021-05-16
1621209600000,40.693,40.716,35.08,37.203,22441073.04,2021-05-17
1621296000000,37.198,44.698,36.677,42.6,22650164.44,2021-05-18
1621382400000,42.604,43.549,19.541,26.249,53720729.37,2021-05-19
1621468800000,26.222,33.019,22.366,30.631,38770360.75,2021-05-20
1621555200000,30.645,31.969,22.047,25.552,27649538.76,2021-05-21
1621641600000,25.549,26.206,22.218,23.3,21454739.41,2021-05-22
1621728000000,23.302,24.363,14.98,19.836,43279753.13,2021-05-23
1621814400000,19.839,26.42,19.655,26.404,29457902.52,2021-05-24
1621900800000,26.404,27.646,23.662,27.517,24673923.86,2021-05-25
1621987200000,27.514,34.293,26.831,34.004,29338106.41,2021-05-26
1622073600000,34.011,35.343,30.052,31.722,27842710.37,2021-05-27
1622160000000,31.732,32.168,26.808,27.866,31791079.47,2021-05-28
1622246400000,27.866,29.738,24.107,25.361,23285184.33,2021-05-29
1622332800000,25.356,29.162,23.624,26.805,22348463.1,2021-05-30
1622419200000,26.808,32.15,25.562,32.098,21617431.44,2021-05-31
1622505600000,32.097,32.654,29.048,30.715,18597933.08,2021-06-01
1622592000000,30.724,32.23,29.655,30.67,12854623.58,2021-06-02
1622678400000,30.671,32.855,30.01,32.208,13117370.16,2021-06-03
1622764800000,32.209,32.282,27.155,28.83,20317441.24,2021-06-04
1622851200000,28.833,30.209,26.05,27.124,15918636.5,2021-06-05
1622937600000,27.119,28.196,26.816,27.537,9001714.67,2021-06-06
1623024000000,27.534,28.696,24.229,24.581,17770947.48,2021-06-07
1623110400000,24.576,25.103,21.329,24.079,30326554.33,2021-06-08
1623196800000,24.077,25.626,22.42,25.587,24009967.96,2021-06-09
1623283200000,25.578,25.78,22.714,23.119,15876199.44,2021-06-10
1623369600000,23.125,23.383,20.957,21.467,15950194.78,2021-06-11
1623456000000,21.458,22.283,19.974,21.65,21310659.17,2021-06-12
1623542400000,21.651,23.869,20.39,23.304,21537342.94,2021-06-13
1623628800000,23.309,25.268,22.827,24.954,19496478.6,2021-06-14
1623715200000,24.952,26.45,24.393,24.49,20559667.16,2021-06-15
1623801600000,24.49,24.641,22.911,23.035,20202079.27,2021-06-16
1623888000000,23.034,24.444,22.792,23.4,15169245.76,2021-06-17
1623974400000,23.4,23.428,20.514,21.232,20808470.37,2021-06-18
1624060800000,21.231,21.953,20.164,20.256,14719736.25,2021-06-19
1624147200000,20.255,22.064,19.06,21.644,21211242.24,2021-06-20
1624233600000,21.637,21.875,16.983,17.352,47142677.59,2021-06-21
1624320000000,17.352,18.784,14.964,16.849,52749553.87,2021-06-22
1624406400000,16.843,19.197,16.141,18.379,27317912.25,2021-06-23
1624492800000,18.382,19.525,17.344,19.055,19539021.2,2021-06-24
1624579200000,19.054,19.498,16.801,16.859,24842840.37,2021-06-25
1624665600000,16.86,17.49,15.913,16.938,22403952.33,2021-06-26
1624752000000,16.935,18.4,16.58,18.389,18679897.73,2021-06-27
1624838400000,18.391,19.428,17.909,18.832,18497207.5,2021-06-28
1624924800000,18.832,20.548,18.736,19.533,21430064.72,2021-06-29
1625011200000,19.535,19.776,18.136,19.519,21329071.72,2021-06-30
1625097600000,19.52,19.527,17.593,18.169,18816306.71,2021-07-01
1625184000000,18.169,18.525,17.256,18.269,16596038.42,2021-07-02
1625270400000,18.264,18.892,17.85,18.543,10876147.48,2021-07-03
1625356800000,18.542,19.91,17.983,19.237,14136271.56,2021-07-04
1625443200000,19.239,19.245,17.763,18.353,17973633.21,2021-07-05
1625529600000,18.353,20.272,18.302,20.067,23226088.67,2021-07-06
1625616000000,20.066,21.27,19.614,19.783,22789911.93,2021-07-07
1625702400000,19.784,19.871,18.126,18.362,21891688.31,2021-07-08
1625788800000,18.362,18.858,17.62,18.648,18317596.08,2021-07-09
1625875200000,18.648,18.98,17.72,18.2,12497408.81,2021-07-10
1625961600000,18.201,18.576,17.858,18.381,10368851.74,2021-07-11
1626048000000,18.38,18.6,17.123,17.506,13307368.67,2021-07-12
1626134400000,17.506,17.764,16.656,16.869,13673178.8,2021-07-13
1626220800000,16.87,17.402,16.0,16.935,16390673.32,2021-07-14
1626307200000,16.935,17.229,15.514,15.76,17176590.9,2021-07-15
1626393600000,15.764,16.33,15.129,15.234,16405715.16,2021-07-16
1626480000000,15.233,15.692,15.01,15.342,17211416.09,2021-07-17
1626566400000,15.343,16.076,15.13,15.469,14585268.54,2021-07-18
1626652800000,15.471,15.642,14.392,14.521,21041880.89,2021-07-19
1626739200000,14.521,14.78,13.363,13.73,27803769.35,2021-07-20
1626825600000,13.731,15.791,13.45,15.295,25444647.71,2021-07-21
1626912000000,15.294,16.167,14.952,16.064,17590024.73,2021-07-22
1626998400000,16.064,16.567,15.227,16.497,15329864.72,2021-07-23
1627084800000,16.496,17.129,16.3,16.671,14271641.92,2021-07-24
1627171200000,16.677,17.054,16.139,16.728,13038298.22,2021-07-25
1627257600000,16.726,19.955,16.64,18.025,37471266.41,2021-07-26
1627344000000,18.019,19.573,17.595,19.477,23071403.58,2021-07-27
1627430400000,19.475,19.99,18.6,19.108,22191886.14,2021-07-28
1627516800000,19.106,19.464,18.579,19.364,13287900.27,2021-07-29
1627603200000,19.364,22.698,18.813,22.262,48896212.36,2021-07-30
1627689600000,22.255,23.381,21.26,22.721,28379395.06,2021-07-31
1627776000000,22.72,23.933,21.771,22.067,29394033.04,2021-08-01
1627862400000,22.066,23.995,21.4,23.482,27093161.52,2021-08-02
1627948800000,23.482,24.452,22.091,23.945,37523155.22,2021-08-03
1628035200000,23.95,25.0,22.863,24.204,30313775.29,2021-08-04
1628121600000,24.198,24.345,22.455,24.064,24978830.67,2021-08-05
1628208000000,24.063,24.41,23.07,23.899,21852429.38,2021-08-06
1628294400000,23.898,25.186,23.626,24.708,21810454.34,2021-08-07
1628380800000,24.708,24.956,22.559,23.034,19124343.71,2021-08-08
1628467200000,23.034,24.7,22.076,24.205,20075120.94,2021-08-09
1628553600000,24.201,25.55,23.736,24.556,21536705.46,2021-08-10
1628640000000,24.562,27.344,24.474,25.92,24160107.01,2021-08-11
1628726400000,25.923,26.953,24.12,24.948,20652509.07,2021-08-12
1628812800000,24.95,27.796,24.724,27.769,17155840.82,2021-08-13
1628899200000,27.778,28.0,26.409,27.17,17271467.32,2021-08-14
1628985600000,27.17,28.016,25.931,27.94,14296557.21,2021-08-15
1629072000000,27.936,30.568,27.662,27.961,28011189.61,2021-08-16
1629158400000,27.96,30.338,25.9,26.156,31014425.39,2021-08-17
1629244800000,26.159,26.94,24.856,25.354,24654568.68,2021-08-18
1629331200000,25.349,27.151,24.51,27.12,20677931.61,2021-08-19
1629417600000,27.112,29.088,26.645,28.708,18819350.51,2021-08-20
1629504000000,28.716,29.205,27.663,27.867,17899999.38,2021-08-21
1629590400000,27.86,28.698,26.8,28.007,14272803.08,2021-08-22
1629676800000,28.007,29.367,27.8,28.6,16327776.31,2021-08-23
1629763200000,28.594,28.957,25.727,25.741,17649607.21,2021-08-24
1629849600000,25.741,26.909,25.277,26.63,16114546.19,2021-08-25
1629936000000,26.633,26.965,23.881,24.4,18542292.2,2021-08-26
1630022400000,24.4,26.176,24.01,26.068,15469055.33,2021-08-27
1630108800000,26.073,26.221,25.371,25.765,8967688.5,2021-08-28
1630195200000,25.766,26.609,25.149,25.791,12181694.1,2021-08-29
1630281600000,25.786,26.515,24.294,25.059,14589150.83,2021-08-30
1630368000000,25.058,27.575,24.706,26.719,22696368.44,2021-08-31
1630454400000,26.72,29.87,26.11,29.756,26024602.28,2021-09-01
1630540800000,29.752,30.919,28.8,29.984,21441727.97,2021-09-02
1630627200000,29.983,31.8,29.094,30.793,22435294.12,2021-09-03
1630713600000,30.794,31.215,29.453,29.914,14402212.8,2021-09-04
1630800000000,29.92,33.684,29.565,33.63,19583615.79,2021-09-05
1630886400000,33.623,36.386,32.477,34.842,34794877.73,2021-09-06
1630972800000,34.836,35.393,22.046,28.254,55129260.41,2021-09-07
1631059200000,28.254,29.21,25.191,27.175,28789753.97,2021-09-08
1631145600000,27.175,30.205,26.5,28.017,24095492.93,2021-09-09
1631232000000,28.021,29.587,25.633,26.399,25627222.79,2021-09-10
1631318400000,26.397,27.707,26.257,27.024,13295373.29,2021-09-11
1631404800000,27.017,29.8,26.364,29.446,16627073.82,2021-09-12
1631491200000,29.446,29.976,25.086,26.97,28253462.14,2021-09-13
1631577600000,26.965,30.874,26.734,30.813,24483854.61,2021-09-14
1631664000000,30.815,31.479,29.6,30.692,23976921.13,2021-09-15
1631750400000,30.692,32.141,29.057,29.824,22342337.24,2021-09-16
1631836800000,29.824,30.148,27.385,27.76,17983244.78,2021-09-17
1631923200000,27.761,29.463,27.402,28.415,10969450.53,2021-09-18
1632009600000,28.411,28.821,26.921,27.389,9916863.13,2021-09-19
1632096000000,27.387,27.444,22.969,23.572,27453333.02,2021-09-20
1632182400000,23.568,24.379,20.802,21.433,25485235.11,2021-09-21
1632268800000,21.429,24.506,21.012,24.443,16431579.61,2021-09-22
1632355200000,24.443,25.475,23.401,25.414,15260122.74,2021-09-23
1632441600000,25.411,25.499,21.334,23.257,22558434.39,2021-09-24
1632528000000,23.256,24.689,22.029,24.485,16302762.14,2021-09-25
1632614400000,24.486,25.363,22.336,24.588,28349018.41,2021-09-26
1632700800000,24.591,25.465,22.945,23.004,15441266.27,2021-09-27
1632787200000,23.004,23.736,21.977,22.076,16758362.77,2021-09-28
1632873600000,22.077,23.921,22.0,22.843,14326954.97,2021-09-29
1632960000000,22.845,24.382,22.704,23.987,14088364.97,2021-09-30
1633046400000,23.988,26.717,23.571,26.318,16521365.32,2021-10-01
1633132800000,26.325,27.813,25.822,26.884,12292347.5,2021-10-02
1633219200000,26.883,28.186,26.502,27.584,11797690.3,2021-10-03
1633305600000,27.585,27.677,25.568,26.626,14460884.33,2021-10-04
1633392000000,26.627,27.526,26.181,27.265,13388192.14,2021-10-05
1633478400000,27.266,28.228,25.207,26.817,19230728.31,2021-10-06
1633564800000,26.821,27.766,25.912,26.865,16591059.97,2021-10-07
1633651200000,26.866,27.5,26.048,26.41,14155528.0,2021-10-08
1633737600000,26.417,27.958,26.043,27.474,13949460.53,2021-10-09
1633824000000,27.474,27.519,25.445,25.553,12614528.93,2021-10-10
1633910400000,25.549,26.8,24.634,25.227,13656149.84,2021-10-11
1633996800000,25.228,25.26,23.518,24.661,16337652.02,2021-10-12
1634083200000,24.65,25.694,24.161,25.694,15314746.33,2021-10-13
1634169600000,25.695,27.911,25.401,26.75,20559605.25,2021-10-14
1634256000000,26.748,27.424,26.027,27.035,17871679.07,2021-10-15
1634342400000,27.037,28.755,26.968,27.246,19737947.97,2021-10-16
1634428800000,27.245,27.662,25.551,26.568,13290033.72,2021-10-17
1634515200000,26.568,26.762,25.27,25.732,12611938.14,2021-10-18
1634601600000,25.731,26.316,25.371,25.936,11498215.66,2021-10-19
1634688000000,25.934,27.685,25.871,27.514,14827205.95,2021-10-20
1634774400000,27.511,29.372,27.2,28.314,32859227.29,2021-10-21
1634860800000,28.312,30.064,28.038,28.69,25601336.84,2021-10-22
1634947200000,28.691,31.498,28.324,31.39,27118581.77,2021-10-23
1635033600000,31.39,31.548,28.743,29.716,18755835.52,2021-10-24
1635120000000,29.715,32.961,29.551,32.402,24155990.98,2021-10-25
1635206400000,32.407,33.861,31.33,32.552,21568125.66,2021-10-26
1635292800000,32.556,33.958,27.348,28.887,36158863.37,2021-10-27
1635379200000,28.887,30.876,28.614,30.2,21010372.02,2021-10-28
1635465600000,30.2,31.985,29.958,30.995,16020286.22,2021-10-29
1635552000000,30.995,31.144,29.161,29.823,10792725.49,2021-10-30
1635638400000,29.815,30.722,28.65,30.019,11733976.21,2021-10-31
1635724800000,30.024,31.912,29.188,31.706,15589553.15,2021-11-01
1635811200000,31.707,32.535,31.035,32.298,11726916.41,2021-11-02
1635897600000,32.298,32.834,30.572,31.983,13118971.57,2021-11-03
1635984000000,31.983,32.148,30.216,31.004,9897984.78,2021-11-04
1636070400000,31.003,33.75,30.672,32.89,18738266.09,2021-11-05
1636156800000,32.891,33.249,30.729,32.044,11251614.11,2021-11-06
1636243200000,32.048,32.63,31.707,32.37,7601975.33,2021-11-07
1636329600000,32.369,34.863,32.213,34.509,16978807.97,2021-11-08
1636416000000,34.52,35.66,33.346,33.855,16316490.68,2021-11-09
1636502400000,33.856,38.376,31.5,34.234,37688003.13,2021-11-10
1636588800000,34.234,36.969,33.371,34.69,24274420.28,2021-11-11
1636675200000,34.688,35.517,32.67,34.272,19036048.7,2021-11-12
1636761600000,34.272,34.616,33.198,34.01,9529663.25,2021-11-13
1636848000000,34.01,34.442,32.522,33.77,8749502.35,2021-11-14
1636934400000,33.77,34.538,32.003,32.09,11261366.19,2021-11-15
1637020800000,32.081,32.091,27.52,29.164,25178345.49,2021-11-16
1637107200000,29.164,29.743,28.028,29.215,12192547.35,2021-11-17
1637193600000,29.214,29.722,25.8,26.547,20133282.7,2021-11-18
1637280000000,26.555,28.849,26.083,28.278,13801057.43,2021-11-19
1637366400000,28.279,28.737,27.28,28.383,10455310.89,2021-11-20
1637452800000,28.383,29.259,27.708,29.004,10114767.89,2021-11-21
1637539200000,29.005,29.095,26.3,26.767,13114148.64,2021-11-22
1637625600000,26.766,27.591,26.141,26.963,11212884.45,2021-11-23
1637712000000,26.964,27.178,25.177,25.601,10874584.08,2021-11-24
1637798400000,25.601,27.625,25.4,26.439,11890527.98,2021-11-25
1637884800000,26.439,26.617,22.8,23.965,23755916.89,2021-11-26
1637971200000,23.962,25.002,23.778,24.103,10149531.11,2021-11-27
1638057600000,24.1,25.0,22.603,24.769,12117771.05,2021-11-28
1638144000000,24.772,25.606,24.511,25.004,10686245.96,2021-11-29
1638230400000,25.003,26.525,24.152,25.342,15123815.84,2021-11-30
1638316800000,25.343,26.916,24.966,25.347,12440958.24,2021-12-01
1638403200000,25.348,25.363,24.167,24.551,10136715.6,2021-12-02
1638489600000,24.552,25.85,22.192,23.302,16065651.92,2021-12-03
1638576000000,23.299,23.366,15.033,20.637,46232129.23,2021-12-04
1638662400000,20.637,20.953,18.438,19.481,18037462.69,2021-12-05
1638748800000,19.485,19.912,17.215,19.782,21634338.14,2021-12-06
1638835200000,19.778,21.175,19.686,21.08,19705124.02,2021-12-07
1638921600000,21.079,23.2,20.736,22.909,32135911.91,2021-12-08
1639008000000,22.913,23.049,20.233,20.257,22705776.74,2021-12-09
1639094400000,20.255,20.88,18.448,18.532,22512953.92,2021-12-10
1639180800000,18.536,20.199,18.147,19.967,14381055.09,2021-12-11
1639267200000,19.962,20.778,19.209,20.402,11350996.56,2021-12-12
1639353600000,20.404,20.556,17.289,17.764,23301561.76,2021-12-13
1639440000000,17.764,18.606,17.419,18.421,18827418.92,2021-12-14
1639526400000,18.419,19.981,17.25,19.679,22052120.42,2021-12-15
1639612800000,19.681,20.338,18.683,18.758,13959493.48,2021-12-16
1639699200000,18.762,19.218,17.728,18.25,17229062.28,2021-12-17
1639785600000,18.25,19.988,17.795,19.532,17062799.55,2021-12-18
1639872000000,19.533,20.39,18.795,18.864,16216689.32,2021-12-19
1639958400000,18.864,19.194,18.02,18.779,14873594.93,2021-12-20
1640044800000,18.779,19.66,18.362,19.415,12330881.7,2021-12-21
1640131200000,19.418,20.829,19.194,19.922,14997054.05,2021-12-22
1640217600000,19.923,22.214,19.557,22.166,21196405.07,2021-12-23
1640304000000,22.166,22.664,21.2,21.48,15999994.57,2021-12-24
1640390400000,21.483,22.389,21.284,22.117,10474758.51,2021-12-25
1640476800000,22.117,23.588,21.111,22.986,20024483.64,2021-12-26
1640563200000,22.986,24.493,22.745,23.016,20016982.93,2021-12-27
1640649600000,23.017,23.022,20.295,20.379,26026658.65,2021-12-28
1640736000000,20.377,20.96,19.504,19.734,21143141.4,2021-12-29
1640822400000,19.736,20.43,19.148,19.93,16336983.19,2021-12-30
1640908800000,19.926,20.632,19.021,19.514,15609114.76,2021-12-31
1640995200000,19.514,20.791,19.508,20.736,11482289.23,2022-01-01
1641081600000,20.738,22.193,20.559,21.854,18489195.04,2022-01-02
1641168000000,21.852,23.745,21.237,23.697,28814987.84,2022-01-03
1641254400000,23.699,24.472,22.773,23.426,30650136.06,2022-01-04
1641340800000,23.426,27.457,22.336,25.222,82277030.54,2022-01-05
1641427200000,25.218,25.963,23.323,25.379,63469542.01,2022-01-06
1641513600000,25.379,27.328,22.626,25.975,74402194.02,2022-01-07
1641600000000,25.979,27.33,23.5,25.306,54144096.39,2022-01-08
1641686400000,25.312,28.691,25.088,27.538,63636184.46,2022-01-09
1641772800000,27.536,28.5,25.071,27.974,68015065.29,2022-01-10
1641859200000,27.975,28.688,25.837,26.582,44243110.5,2022-01-11
1641945600000,26.578,27.231,25.571,26.751,32769036.61,2022-01-12
1642032000000,26.745,26.758,24.426,24.852,28565845.62,2022-01-13
1642118400000,24.858,25.862,23.9,25.706,21555282.22,2022-01-14
1642204800000,25.704,26.198,25.097,25.167,17828346.97,2022-01-15
1642291200000,25.166,26.341,24.629,25.498,17274445.36,2022-01-16
1642377600000,25.5,25.621,23.258,23.771,18101130.09,2022-01-17
1642464000000,23.773,24.328,22.041,22.951,21384482.12,2022-01-18
1642550400000,22.951,23.14,21.204,21.541,23074592.52,2022-01-19
1642636800000,21.535,22.964,20.031,20.164,22514847.42,2022-01-20
1642723200000,20.164,20.496,17.1,17.414,44261036.74,2022-01-21
1642809600000,17.411,17.813,14.23,15.844,51409821.45,2022-01-22
1642896000000,15.85,16.878,15.146,16.622,27742530.74,2022-01-23
1642982400000,16.621,16.63,13.481,15.568,45572498.43,2022-01-24
1643068800000,15.567,16.016,14.583,15.487,26263860.83,2022-01-25
1643155200000,15.489,16.8,14.664,15.224,31013456.67,2022-01-26
1643241600000,15.222,15.7,14.281,15.209,27929913.57,2022-01-27
1643328000000,15.208,16.275,14.719,16.133,23779706.04,2022-01-28
1643414400000,16.132,16.75,15.948,16.217,17766920.18,2022-01-29
1643500800000,16.217,18.121,16.004,17.754,31526832.92,2022-01-30
1643587200000,17.752,17.875,16.429,17.143,31583852.16,2022-01-31
1643673600000,17.145,17.877,16.81,16.974,22856487.87,2022-02-01
1643760000000,16.974,17.369,15.51,15.772,21649917.63,2022-02-02
1643846400000,15.773,16.324,15.245,16.29,21176619.68,2022-02-03
1643932800000,16.285,17.54,15.996,17.5,22294380.42,2022-02-04
1644019200000,17.497,18.317,17.403,17.747,21454198.76,2022-02-05
1644105600000,17.746,18.167,17.151,18.064,15603877.99,2022-02-06
1644192000000,18.064,19.393,17.633,18.874,22370240.04,2022-02-07
1644278400000,18.875,19.533,17.675,18.367,24321021.11,2022-02-08
1644364800000,18.372,18.739,17.73,18.664,14089502.89,2022-02-09
1644451200000,18.664,18.749,17.319,17.486,24412949.91,2022-02-10
1644537600000,17.486,17.799,15.899,16.189,18567755.18,2022-02-11
1644624000000,16.189,16.371,15.556,15.949,17519346.65,2022-02-12
1644710400000,15.952,16.32,15.51,15.601,12272496.3,2022-02-13
1644796800000,15.601,16.116,15.188,15.896,17098271.07,2022-02-14
1644883200000,15.896,17.451,15.805,17.339,17699103.02,2022-02-15
1644969600000,17.336,17.399,16.503,17.11,16260763.93,2022-02-16
1645056000000,17.108,17.44,15.424,15.582,19464079.31,2022-02-17
1645142400000,15.581,16.04,15.015,15.174,16718015.23,2022-02-18
1645228800000,15.173,15.68,14.819,15.507,13100282.48,2022-02-19
1645315200000,15.508,15.523,14.389,14.601,16954193.93,2022-02-20
1645401600000,14.603,15.303,13.356,13.492,32191730.47,2022-02-21
1645488000000,13.492,14.175,12.988,13.983,23837202.07,2022-02-22
1645574400000,13.984,14.654,13.288,13.34,19582197.63,2022-02-23
1645660800000,13.34,14.105,11.388,13.261,54862507.39,2022-02-24
1645747200000,13.261,14.482,13.063,14.359,22944990.44,2022-02-25
1645833600000,14.358,15.358,14.069,14.706,17571247.36,2022-02-26
1645920000000,14.706,14.847,13.452,13.635,21729707.3,2022-02-27
1646006400000,13.636,15.152,13.3,15.117,23467919.52,2022-02-28
1646092800000,15.117,15.726,14.693,15.343,20263401.54,2022-03-01
1646179200000,15.346,15.865,14.901,15.276,19938674.36,2022-03-02
1646265600000,15.276,15.368,14.439,14.881,13873105.14,2022-03-03
1646352000000,14.881,14.966,13.533,13.727,18080387.77,2022-03-04
1646438400000,13.727,14.273,13.4,14.017,9972509.7,2022-03-05
1646524800000,14.014,14.115,13.234,13.315,12227951.06,2022-03-06
1646611200000,13.315,13.662,12.413,12.664,22403617.96,2022-03-07
1646697600000,12.664,13.545,12.561,13.085,18484106.05,2022-03-08
1646784000000,13.085,14.447,13.048,14.0,19226646.4,2022-03-09
1646870400000,14.001,14.109,12.939,13.173,16927292.15,2022-03-10
1646956800000,13.174,13.646,12.793,13.038,14637797.07,2022-03-11
1647043200000,13.038,13.45,13.008,13.138,9468539.48,2022-03-12
1647129600000,13.136,13.431,12.565,12.696,12275325.07,2022-03-13
1647216000000,12.695,13.439,12.587,13.398,17079683.23,2022-03-14
1647302400000,13.398,13.798,12.865,13.694,16924601.39,2022-03-15
1647388800000,13.693,14.78,13.654,14.661,22932832.33,2022-03-16
1647475200000,14.662,14.926,14.215,14.404,15539404.52,2022-03-17
1647561600000,14.404,15.273,14.115,15.005,17241762.56,2022-03-18
1647648000000,15.005,15.401,14.82,14.994,12735422.93,2022-03-19
1647734400000,14.995,15.135,14.423,14.546,10533712.47,2022-03-20
1647820800000,14.545,15.273,14.28,14.986,13421193.1,2022-03-21
1647907200000,14.987,15.852,14.978,15.427,14905455.16,2022-03-22
1647993600000,15.427,15.952,15.118,15.828,13463640.21,2022-03-23
1648080000000,15.828,16.439,15.596,16.157,17770744.04,2022-03-24
1648166400000,16.16,16.454,15.449,15.585,17240876.83,2022-03-25
1648252800000,15.584,15.953,15.472,15.831,10339742.2,2022-03-26
1648339200000,15.83,16.9,15.612,16.855,16625105.69,2022-03-27
1648425600000,16.854,17.365,16.324,16.496,18669930.02,2022-03-28
1648512000000,16.495,17.527,16.46,16.971,18002153.69,2022-03-29
1648598400000,16.97,17.58,16.516,17.214,17869554.77,2022-03-30
1648684800000,17.214,18.058,16.645,16.92,19755940.86,2022-03-31
1648771200000,16.922,17.376,16.151,17.352,14092236.0,2022-04-01
1648857600000,17.353,17.865,17.091,17.407,13908991.13,2022-04-02
1648944000000,17.41,18.324,17.15,18.082,14848019.15,2022-04-03
1649030400000,18.081,18.086,16.81,17.506,15144990.88,2022-04-04
1649116800000,17.506,17.662,16.65,16.736,11173985.36,2022-04-05
1649203200000,16.737,16.777,15.26,15.399,17726767.72,2022-04-06
1649289600000,15.397,15.872,15.086,15.733,11870425.81,2022-04-07
1649376000000,15.731,15.903,15.006,15.115,10904588.55,2022-04-08
1649462400000,15.115,15.464,15.107,15.422,6915143.28,2022-04-09
1649548800000,15.422,15.921,15.139,15.226,9814828.26,2022-04-10
1649635200000,15.226,15.267,13.5,13.755,18271256.48,2022-04-11
1649721600000,13.754,14.32,13.627,13.97,12664225.23,2022-04-12
1649808000000,13.97,14.217,13.673,14.187,11915318.82,2022-04-13
1649894400000,14.187,14.325,13.318,13.636,13476544.64,2022-04-14
1649980800000,13.636,14.193,13.617,14.099,10092664.79,2022-04-15
1650067200000,14.099,14.267,13.823,14.146,10645166.39,2022-04-16
1650153600000,14.145,14.619,13.635,13.714,21338852.59,2022-04-17
1650240000000,13.713,14.059,13.135,14.047,16539236.63,2022-04-18
1650326400000,14.046,14.405,13.828,14.239,11739002.15,2022-04-19
1650412800000,14.239,14.488,13.698,14.021,14427204.92,2022-04-20
1650499200000,14.022,14.373,13.346,13.568,14138004.88,2022-04-21
1650585600000,13.567,13.879,13.461,13.577,10794074.23,2022-04-22
1650672000000,13.577,13.684,13.202,13.31,7799467.05,2022-04-23
1650758400000,13.308,13.638,13.2,13.257,8815282.68,2022-04-24
1650844800000,13.257,13.504,12.52,13.427,17816334.91,2022-04-25
1650931200000,13.428,13.498,12.127,12.359,13973569.91,2022-04-26
1651017600000,12.359,12.797,12.292,12.731,12059087.82,2022-04-27
1651104000000,12.732,12.984,12.392,12.652,14738236.54,2022-04-28
1651190400000,12.653,12.729,11.824,11.968,10760360.86,2022-04-29
1651276800000,11.97,12.239,10.633,10.951,14069793.21,2022-04-30
1651363200000,10.951,11.476,10.802,11.293,14173333.23,2022-05-01
1651449600000,11.292,11.435,10.75,11.168,13974043.05,2022-05-02
1651536000000,11.168,11.495,10.785,11.117,12722341.9,2022-05-03
1651622400000,11.117,12.208,11.078,12.193,17353367.82,2022-05-04
1651708800000,12.193,12.288,10.559,10.907,22112229.53,2022-05-05
1651795200000,10.906,11.019,10.384,10.781,17290908.25,2022-05-06
1651881600000,10.781,10.842,9.971,10.205,15299422.85,2022-05-07
1651968000000,10.205,10.371,9.83,9.99,18033089.81,2022-05-08
1652054400000,9.99,10.16,7.983,8.081,47369223.58,2022-05-09
1652140800000,8.081,9.318,7.875,8.577,51843817.94,2022-05-10
1652227200000,8.576,8.844,6.528,6.936,67212488.61,2022-05-11
1652313600000,6.936,7.414,5.519,6.562,66902457.09,2022-05-12
1652400000000,6.562,7.702,6.471,7.146,31553195.42,2022-05-13
1652486400000,7.145,7.44,6.624,7.246,19372660.1,2022-05-14
1652572800000,7.248,7.985,7.006,7.96,17773023.85,2022-05-15
1652659200000,7.959,7.963,7.152,7.418,22434482.88,2022-05-16
1652745600000,7.418,7.969,7.288,7.71,17704223.42,2022-05-17
1652832000000,7.707,7.808,6.774,6.798,19572096.4,2022-05-18
1652918400000,6.803,7.257,6.637,7.218,19585619.43,2022-05-19
1653004800000,7.218,7.363,6.743,6.864,21639087.88,2022-05-20
1653091200000,6.864,7.118,6.76,7.05,11407202.37,2022-05-21
1653177600000,7.051,7.403,6.908,7.319,17201508.65,2022-05-22
1653264000000,7.317,7.675,6.97,7.022,22141992.3,2022-05-23
1653350400000,7.021,7.3,6.708,7.23,24836847.64,2022-05-24
1653436800000,7.23,7.394,6.936,6.951,19553395.64,2022-05-25
1653523200000,6.951,7.089,6.204,6.565,28701749.39,2022-05-26
1653609600000,6.563,6.702,6.207,6.283,31895442.02,2022-05-27
1653696000000,6.284,6.651,6.203,6.564,19052023.24,2022-05-28
1653782400000,6.564,6.743,6.329,6.709,15595601.54,2022-05-29
1653868800000,6.708,7.516,6.645,7.452,24071935.97,2022-05-30
1653955200000,7.452,7.728,7.168,7.587,23928819.91,2022-05-31
1654041600000,7.588,7.764,6.743,6.926,25542860.86,2022-06-01
1654128000000,6.926,7.241,6.807,7.192,16037977.58,2022-06-02
1654214400000,7.192,7.215,6.682,6.85,17942579.38,2022-06-03
1654300800000,6.849,7.438,6.675,7.406,18671616.4,2022-06-04
1654387200000,7.405,7.894,7.242,7.642,53422050.96,2022-06-05
1654473600000,7.643,8.199,7.619,7.972,43668738.95,2022-06-06
1654560000000,7.972,8.994,7.305,8.704,57978880.26,2022-06-07
1654646400000,8.708,8.98,8.223,8.7,51602192.62,2022-06-08
1654732800000,8.701,9.672,8.485,9.265,78034175.42,2022-06-09
1654819200000,9.266,9.539,7.986,8.033,74019786.82,2022-06-10
1654905600000,8.033,8.419,6.928,7.04,73156454.4,2022-06-11
1654992000000,7.041,7.138,6.25,6.264,70791519.19,2022-06-12
1655078400000,6.261,6.336,5.288,5.922,141244489.81,2022-06-13
1655164800000,5.922,6.876,5.385,6.726,110674494.38,2022-06-14
1655251200000,6.728,7.369,5.828,7.319,127007544.21,2022-06-15
1655337600000,7.319,7.502,6.202,6.355,69362741.77,2022-06-16
1655424000000,6.354,6.734,6.252,6.357,47033058.12,2022-06-17
1655510400000,6.358,6.464,5.391,5.921,70748773.4,2022-06-18
1655596800000,5.92,6.812,5.822,6.601,61264340.98,2022-06-19
1655683200000,6.598,7.285,6.307,6.98,52021246.21,2022-06-20
1655769600000,6.98,7.565,6.746,6.854,49743384.52,2022-06-21
1655856000000,6.856,7.029,6.455,6.62,44270636.4,2022-06-22
1655942400000,6.619,7.092,6.599,6.985,37809695.8,2022-06-23
1656028800000,6.986,7.436,6.944,7.259,32890315.43,2022-06-24
1656115200000,7.26,7.374,6.789,7.259,29245618.82,2022-06-25
1656201600000,7.257,7.495,6.681,6.693,30583120.07,2022-06-26
1656288000000,6.693,6.992,6.392,6.553,32690397.25,2022-06-27
1656374400000,6.553,7.26,6.264,6.314,66422031.8,2022-06-28
1656460800000,6.314,6.487,6.126,6.233,45725365.88,2022-06-29
1656547200000,6.231,6.318,5.87,6.27,49378205.44,2022-06-30
1656633600000,6.27,6.427,5.927,6.075,40695031.07,2022-07-01
1656720000000,6.076,6.284,5.974,6.22,25465758.13,2022-07-02
1656806400000,6.221,6.246,6.008,6.216,22521592.8,2022-07-03
1656892800000,6.217,6.456,6.011,6.429,30136129.3,2022-07-04
1656979200000,6.428,6.556,6.047,6.305,37586445.85,2022-07-05
1657065600000,6.305,6.42,6.164,6.335,27523033.16,2022-07-06
1657152000000,6.334,6.75,6.304,6.635,29493612.96,2022-07-07
1657238400000,6.635,6.838,6.327,6.349,37033263.18,2022-07-08
1657324800000,6.348,6.58,6.342,6.481,17904462.36,2022-07-09
1657411200000,6.482,6.487,6.096,6.19,21427388.77,2022-07-10
1657497600000,6.191,6.435,5.977,6.039,40896884.66,2022-07-11
1657584000000,6.038,6.237,5.916,5.945,30846161.6,2022-07-12
1657670400000,5.943,6.2,5.677,6.17,39850015.12,2022-07-13
1657756800000,6.169,6.39,5.987,6.271,31823151.19,2022-07-14
1657843200000,6.271,6.457,6.112,6.321,31549040.43,2022-07-15
1657929600000,6.321,6.614,6.138,6.594,25637890.96,2022-07-16
1658016000000,6.593,6.711,6.308,6.345,21191699.09,2022-07-17
1658102400000,6.345,7.146,6.325,7.033,41261000.0,2022-07-18
1658188800000,7.034,7.384,6.73,7.249,41924802.6,2022-07-19
1658275200000,7.251,7.58,6.819,6.862,39282391.39,2022-07-20
1658361600000,6.861,7.05,6.636,6.989,28301025.29,2022-07-21
1658448000000,6.989,7.284,6.737,6.78,26209053.3,2022-07-22
1658534400000,6.78,7.025,6.603,6.841,18460219.44,2022-07-23
1658620800000,6.841,7.249,6.835,7.091,21642614.35,2022-07-24
1658707200000,7.091,7.143,6.393,6.425,26534630.0,2022-07-25
1658793600000,6.425,6.444,6.071,6.337,24079978.23,2022-07-26
1658880000000,6.338,6.864,6.182,6.853,24472032.26,2022-07-27
1658966400000,6.853,7.296,6.669,7.216,26808698.18,2022-07-28
1659052800000,7.218,8.122,7.106,7.882,51664066.1,2022-07-29
1659139200000,7.884,8.209,7.67,7.819,33202237.31,2022-07-30
1659225600000,7.819,8.087,7.573,7.65,26261268.7,2022-07-31
1659312000000,7.649,7.882,7.406,7.567,21868432.03,2022-08-01
1659398400000,7.568,7.665,7.014,7.173,25515163.64,2022-08-02
1659484800000,7.174,7.636,7.043,7.277,21302039.56,2022-08-03
1659571200000,7.278,7.538,7.165,7.359,19864920.98,2022-08-04
1659657600000,7.358,7.896,7.343,7.874,25602081.81,2022-08-05
1659744000000,7.875,8.113,7.732,7.788,16748981.51,2022-08-06
1659830400000,7.789,8.38,7.651,8.341,22529735.66,2022-08-07
1659916800000,8.342,8.79,8.22,8.604,44996802.21,2022-08-08
1660003200000,8.604,8.955,8.266,8.738,45547323.78,2022-08-09
1660089600000,8.738,9.299,8.29,9.05,48404294.81,2022-08-10
1660176000000,9.049,9.224,8.81,8.957,32164841.19,2022-08-11
1660262400000,8.956,9.503,8.793,9.317,43093747.87,2022-08-12
1660348800000,9.319,9.48,9.05,9.141,20582349.81,2022-08-13
1660435200000,9.14,9.365,8.66,8.764,24003082.35,2022-08-14
1660521600000,8.764,9.054,8.485,8.641,29477121.06,2022-08-15
1660608000000,8.64,8.819,8.366,8.444,23929211.77,2022-08-16
1660694400000,8.444,8.739,7.981,8.057,25041745.93,2022-08-17
1660780800000,8.058,8.235,7.596,7.644,24344935.25,2022-08-18
1660867200000,7.643,7.695,6.81,6.894,47318497.34,2022-08-19
1660953600000,6.893,7.202,6.658,6.893,31243734.2,2022-08-20
1661040000000,6.892,7.163,6.871,7.076,21060145.58,2022-08-21
1661126400000,7.075,7.083,6.67,7.036,23953544.86,2022-08-22
1661212800000,7.036,7.35,6.767,7.236,25247123.16,2022-08-23
1661299200000,7.236,7.376,7.009,7.119,19477135.05,2022-08-24
1661385600000,7.118,7.369,7.0,7.12,19168214.67,2022-08-25
1661472000000,7.119,7.183,6.393,6.497,32573123.61,2022-08-26
1661558400000,6.497,6.613,6.404,6.526,19547438.05,2022-08-27
1661644800000,6.525,6.628,6.218,6.25,19808535.35,2022-08-28
1661731200000,6.25,6.726,6.185,6.693,21207022.62,2022-08-29
1661817600000,6.692,6.824,6.361,6.555,22529369.41,2022-08-30
1661904000000,6.555,6.896,6.54,6.62,22435631.39,2022-08-31
1661990400000,6.62,6.955,6.441,6.92,23519943.01,2022-09-01
1662076800000,6.92,7.248,6.783,6.922,29260330.26,2022-09-02
1662163200000,6.921,6.963,6.714,6.852,11863557.89,2022-09-03
1662249600000,6.853,7.28,6.783,7.149,32028522.45,2022-09-04
1662336000000,7.148,7.43,7.088,7.371,35778613.39,2022-09-05
1662422400000,7.372,7.583,6.567,6.652,35884768.73,2022-09-06
1662508800000,6.652,7.143,6.57,7.081,24243765.6,2022-09-07
1662595200000,7.083,7.504,7.0,7.401,30052185.55,2022-09-08
1662681600000,7.403,8.099,7.386,7.736,39624013.7,2022-09-09
1662768000000,7.737,8.027,7.61,7.898,24006268.11,2022-09-10
1662854400000,7.899,8.173,7.723,8.022,22719732.12,2022-09-11
1662940800000,8.023,8.306,7.6,7.751,33182680.97,2022-09-12
1663027200000,7.752,7.954,7.012,7.017,28776270.76,2022-09-13
1663113600000,7.017,7.539,6.971,7.451,27743840.23,2022-09-14
1663200000000,7.45,7.599,7.01,7.56,34893543.42,2022-09-15
1663286400000,7.561,7.8,7.414,7.653,38291250.01,2022-09-16
1663372800000,7.653,8.139,7.635,8.085,28075400.03,2022-09-17
1663459200000,8.085,8.134,7.384,7.518,32287043.84,2022-09-18
1663545600000,7.519,7.675,7.002,7.296,35742748.74,2022-09-19
1663632000000,7.295,7.333,6.8,6.882,29591323.98,2022-09-20
1663718400000,6.881,7.314,6.512,6.673,37888363.15,2022-09-21
1663804800000,6.672,7.174,6.631,7.118,21097761.64,2022-09-22
1663891200000,7.118,7.49,6.955,7.445,37936026.95,2022-09-23
1663977600000,7.444,7.87,7.363,7.625,44369223.07,2022-09-24
1664064000000,7.624,8.076,7.56,7.86,62196428.26,2022-09-25
1664150400000,7.861,7.955,7.458,7.936,50250470.82,2022-09-26
1664236800000,7.936,8.397,7.65,8.053,63963198.5,2022-09-27
1664323200000,8.053,8.537,7.72,7.787,113518260.27,2022-09-28
1664409600000,7.788,7.938,7.567,7.895,58725620.88,2022-09-29
1664496000000,7.896,7.913,7.5,7.581,37254127.48,2022-09-30
1664582400000,7.581,7.645,7.307,7.389,24419764.59,2022-10-01
1664668800000,7.389,7.54,7.08,7.106,28854920.7,2022-10-02
1664755200000,7.106,7.349,7.009,7.322,32710754.37,2022-10-03
1664841600000,7.323,7.829,7.315,7.716,48662345.54,2022-10-04
1664928000000,7.717,7.938,7.582,7.87,45938394.75,2022-10-05
1665014400000,7.869,7.934,7.587,7.627,31547822.99,2022-10-06
1665100800000,7.628,7.795,7.465,7.6,27598518.53,2022-10-07
1665187200000,7.6,7.654,7.332,7.452,15017018.38,2022-10-08
1665273600000,7.452,7.653,7.411,7.624,17903817.35,2022-10-09
1665360000000,7.624,7.732,7.317,7.328,33049469.13,2022-10-10
1665446400000,7.328,7.382,7.061,7.129,34720926.42,2022-10-11
1665532800000,7.129,7.27,7.081,7.142,21887205.86,2022-10-12
1665619200000,7.141,7.155,6.288,7.021,52795030.45,2022-10-13
1665705600000,7.019,7.248,6.79,6.883,29775923.42,2022-10-14
1665792000000,6.882,6.983,6.812,6.879,16237887.15,2022-10-15
1665878400000,6.879,7.235,6.869,7.164,25005636.83,2022-10-16
1665964800000,7.164,7.371,7.062,7.325,28582327.41,2022-10-17
1666051200000,7.325,7.368,6.956,7.123,27952468.25,2022-10-18
1666137600000,7.122,7.132,6.7,6.768,25152385.01,2022-10-19
1666224000000,6.769,6.909,6.596,6.655,28115846.19,2022-10-20
1666310400000,6.655,6.845,6.435,6.806,31657200.47,2022-10-21
1666396800000,6.805,6.927,6.719,6.866,14363590.92,2022-10-22
1666483200000,6.866,7.086,6.801,7.064,20052022.8,2022-10-23
1666569600000,7.064,7.084,6.784,6.902,21690814.73,2022-10-24
1666656000000,6.903,7.279,6.809,7.057,33960957.88,2022-10-25
1666742400000,7.058,7.291,7.024,7.153,30056180.76,2022-10-26
1666828800000,7.153,7.364,6.85,6.888,31068632.68,2022-10-27
1666915200000,6.888,7.199,6.82,7.105,25525699.3,2022-10-28
1667001600000,7.105,7.655,7.076,7.633,38158044.33,2022-10-29
1667088000000,7.632,7.925,7.487,7.777,43114075.19,2022-10-30
1667174400000,7.776,8.325,7.657,7.848,71598320.72,2022-10-31
1667260800000,7.848,7.919,7.622,7.68,27132746.71,2022-11-01
1667347200000,7.679,7.993,7.332,7.428,57402809.05,2022-11-02
1667433600000,7.428,8.029,7.382,7.716,48216650.35,2022-11-03
1667520000000,7.717,8.895,7.654,8.712,68242924.44,2022-11-04
1667606400000,8.712,9.0,8.564,8.661,37432318.9,2022-11-05
1667692800000,8.661,8.768,8.085,8.096,31573146.47,2022-11-06
1667779200000,8.096,9.244,7.89,8.948,69542518.98,2022-11-07
1667865600000,8.95,9.48,6.47,7.702,224381002.88,2022-11-08
1667952000000,7.702,7.89,5.753,6.228,142227113.8,2022-11-09
1668038400000,6.227,7.514,6.083,7.204,86764535.76,2022-11-10
1668124800000,7.204,7.334,6.505,7.039,49025560.85,2022-11-11
1668211200000,7.041,7.055,6.171,6.278,60643649.46,2022-11-12
1668297600000,6.278,6.541,5.93,6.073,38048677.85,2022-11-13
1668384000000,6.074,6.433,5.683,6.285,63376640.81,2022-11-14
1668470400000,6.285,6.666,6.202,6.417,49143793.43,2022-11-15
1668556800000,6.418,6.56,6.071,6.174,38270050.9,2022-11-16
1668643200000,6.174,6.34,6.024,6.223,35818133.41,2022-11-17
1668729600000,6.222,6.412,6.064,6.178,33628199.65,2022-11-18
1668816000000,6.179,6.219,5.979,6.141,21392841.61,2022-11-19
1668902400000,6.142,6.247,5.7,5.76,35122128.17,2022-11-20
1668988800000,5.76,5.894,5.522,5.87,56748766.91,2022-11-21
1669075200000,5.871,6.481,5.833,6.419,94298409.11,2022-11-22
1669161600000,6.419,6.81,6.337,6.701,65587177.55,2022-11-23
1669248000000,6.701,6.978,6.581,6.825,53655263.99,2022-11-24
1669334400000,6.824,6.994,6.654,6.843,46821167.52,2022-11-25
1669420800000,6.844,7.293,6.818,7.152,60370369.66,2022-11-26
1669507200000,7.152,7.273,6.856,6.9,39573538.25,2022-11-27
1669593600000,6.899,7.347,6.524,7.19,89777836.01,2022-11-28
1669680000000,7.19,7.51,7.121,7.313,67984693.3,2022-11-29
1669766400000,7.313,7.754,7.263,7.666,69424047.28,2022-11-30
1669852800000,7.666,7.809,7.429,7.678,60074298.25,2022-12-01
1669939200000,7.679,7.724,7.45,7.604,43621176.28,2022-12-02
1670025600000,7.604,7.63,7.201,7.233,31507001.45,2022-12-03
1670112000000,7.233,7.466,7.173,7.439,31726364.55,2022-12-04
1670198400000,7.437,7.593,7.155,7.27,40877489.84,2022-12-05
1670284800000,7.27,7.331,6.951,7.126,41208834.38,2022-12-06
1670371200000,7.127,7.156,6.73,6.877,41630221.29,2022-12-07
1670457600000,6.877,7.063,6.77,6.997,32804433.14,2022-12-08
1670544000000,6.997,7.048,6.791,6.859,26846265.53,2022-12-09
1670630400000,6.859,6.917,6.687,6.852,21820100.81,2022-12-10
1670716800000,6.852,6.957,6.627,6.694,21999721.07,2022-12-11
1670803200000,6.694,6.724,6.433,6.696,31112726.43,2022-12-12
1670889600000,6.696,7.044,6.461,6.924,50650057.35,2022-12-13
1670976000000,6.925,6.964,6.681,6.716,31394400.71,2022-12-14
1671062400000,6.716,6.73,6.378,6.451,30606210.88,2022-12-15
1671148800000,6.451,6.538,5.771,5.889,49885834.12,2022-12-16
1671235200000,5.889,6.062,5.783,6.025,32879431.79,2022-12-17
1671321600000,6.027,6.061,5.91,5.948,22190161.77,2022-12-18
1671408000000,5.948,6.066,5.658,5.786,44578858.28,2022-12-19
1671494400000,5.785,6.119,5.748,6.01,38690376.97,2022-12-20
1671580800000,6.011,6.042,5.879,5.984,27201335.32,2022-12-21
1671667200000,5.984,6.039,5.852,6.003,28529502.45,2022-12-22
1671753600000,6.003,6.052,5.918,5.936,23350963.63,2022-12-23
1671840000000,5.936,5.96,5.875,5.913,11258901.57,2022-12-24
1671926400000,5.913,5.994,5.88,5.984,17381883.09,2022-12-25
1672012800000,5.985,6.045,5.934,6.045,17955858.42,2022-12-26
1672099200000,6.044,6.067,5.843,5.9,22573806.24,2022-12-27
1672185600000,5.899,5.911,5.62,5.673,39835880.01,2022-12-28
1672272000000,5.672,5.732,5.49,5.597,37335369.02,2022-12-29
1672358400000,5.596,5.64,5.408,5.474,34928975.76,2022-12-30
1672444800000,5.473,5.627,5.38,5.573,26566139.88,2022-12-31
1672531200000,5.574,5.638,5.501,5.626,18490442.46,2023-01-01
1672617600000,5.627,5.761,5.546,5.689,31744075.95,2023-01-02
1672704000000,5.688,5.721,5.563,5.618,28087323.31,2023-01-03
1672790400000,5.619,5.861,5.607,5.805,40789325.28,2023-01-04
1672876800000,5.806,5.817,5.602,5.657,30918366.06,2023-01-05
1672963200000,5.657,5.728,5.5,5.71,36695057.17,2023-01-06
1673049600000,5.71,5.845,5.687,5.827,22644923.51,2023-01-07
1673136000000,5.827,5.981,5.751,5.962,32044211.23,2023-01-08
1673222400000,5.962,6.254,5.929,6.063,61385303.66,2023-01-09
1673308800000,6.063,6.304,5.964,6.165,37223704.34,2023-01-10
1673395200000,6.164,6.301,6.01,6.281,37079817.72,2023-01-11
1673481600000,6.281,6.413,6.0,6.384,60029947.6,2023-01-12
1673568000000,6.384,6.62,6.256,6.606,44112256.15,2023-01-13
1673654400000,6.605,7.12,6.421,6.86,77489942.78,2023-01-14
1673740800000,6.859,6.937,6.596,6.701,38847061.97,2023-01-15
1673827200000,6.701,6.958,6.404,6.672,56947989.78,2023-01-16
1673913600000,6.673,7.0,6.54,6.811,51076975.38,2023-01-17
1674000000000,6.811,6.99,6.224,6.331,62028800.85,2023-01-18
1674086400000,6.332,6.545,6.312,6.508,28839233.78,2023-01-19
1674172800000,6.507,6.978,6.415,6.947,32597649.17,2023-01-20
1674259200000,6.947,7.122,6.798,6.858,41097421.04,2023-01-21
1674345600000,6.858,7.283,6.772,6.986,44002722.97,2023-01-22
1674432000000,6.986,7.243,6.81,7.019,45045712.43,2023-01-23
1674518400000,7.018,7.206,6.508,6.658,41013535.78,2023-01-24
1674604800000,6.658,7.1,6.506,6.957,38376507.99,2023-01-25
1674691200000,6.958,7.321,6.822,7.173,44779906.3,2023-01-26
1674777600000,7.175,7.505,6.918,7.386,51323907.36,2023-01-27
1674864000000,7.386,7.521,7.115,7.213,26653128.12,2023-01-28
1674950400000,7.212,7.538,7.146,7.375,31496468.13,2023-01-29
1675036800000,7.376,7.446,6.689,6.916,40096677.9,2023-01-30
1675123200000,6.915,7.075,6.84,6.95,23853375.57,2023-01-31
1675209600000,6.949,7.283,6.662,7.221,40955335.52,2023-02-01
1675296000000,7.221,7.495,7.033,7.106,37718656.97,2023-02-02
1675382400000,7.107,7.345,7.014,7.298,30119017.35,2023-02-03
1675468800000,7.299,7.369,7.13,7.242,20250746.53,2023-02-04
1675555200000,7.243,7.257,6.822,6.984,24652715.88,2023-02-05
1675641600000,6.984,7.064,6.761,6.831,24770128.97,2023-02-06
1675728000000,6.831,7.217,6.811,7.199,30357456.72,2023-02-07
1675814400000,7.2,7.308,6.95,7.137,35194305.05,2023-02-08
1675900800000,7.137,7.823,6.812,6.982,159682790.36,2023-02-09
1675987200000,6.981,7.12,6.754,6.886,65143745.92,2023-02-10
1676073600000,6.886,7.032,6.851,6.997,22239313.5,2023-02-11
1676160000000,6.997,7.085,6.675,6.806,25597611.83,2023-02-12
1676246400000,6.805,6.843,6.411,6.665,45985347.91,2023-02-13
1676332800000,6.664,6.827,6.508,6.805,34474922.94,2023-02-14
1676419200000,6.804,7.308,6.722,7.281,35640786.58,2023-02-15
1676505600000,7.281,7.491,6.996,7.013,57017901.68,2023-02-16
1676592000000,7.013,7.717,6.969,7.652,52761010.29,2023-02-17
1676678400000,7.651,8.259,7.501,7.995,71836538.69,2023-02-18
1676764800000,7.996,8.296,7.823,8.017,65773922.78,2023-02-19
1676851200000,8.017,8.408,7.716,8.018,54063609.35,2023-02-20
1676937600000,8.019,8.08,7.5,7.642,44753497.09,2023-02-21
1677024000000,7.642,7.738,7.291,7.716,48478198.7,2023-02-22
1677110400000,7.716,8.213,7.672,7.94,70425505.38,2023-02-23
1677196800000,7.939,8.149,7.1,7.462,65138816.93,2023-02-24
1677283200000,7.462,7.489,7.162,7.368,32258968.08,2023-02-25
1677369600000,7.369,7.54,7.288,7.489,18737930.41,2023-02-26
1677456000000,7.488,7.504,7.119,7.27,31029648.08,2023-02-27
1677542400000,7.271,7.419,7.086,7.192,32348750.56,2023-02-28
1677628800000,7.193,7.545,7.142,7.533,26838414.87,2023-03-01
1677715200000,7.533,7.583,7.158,7.272,25809696.49,2023-03-02
1677801600000,7.272,7.273,6.595,6.954,33289952.16,2023-03-03
1677888000000,6.954,7.006,6.702,6.855,19985073.83,2023-03-04
1677974400000,6.854,7.013,6.803,6.943,16118813.08,2023-03-05
1678060800000,6.942,6.978,6.815,6.853,20828912.19,2023-03-06
1678147200000,6.852,6.973,6.663,6.881,27117824.44,2023-03-07
1678233600000,6.881,6.948,6.48,6.574,34611725.36,2023-03-08
1678320000000,6.573,6.689,6.0,6.155,43213238.19,2023-03-09
1678406400000,6.155,6.261,5.887,6.209,45020787.99,2023-03-10
1678492800000,6.209,6.383,5.913,6.158,33245743.07,2023-03-11
1678579200000,6.158,6.573,6.064,6.552,30962639.7,2023-03-12
1678665600000,6.552,6.882,6.393,6.76,43064068.45,2023-03-13
1678752000000,6.761,7.202,6.605,6.962,56754808.69,2023-03-14
1678838400000,6.962,7.116,6.374,6.543,53225317.26,2023-03-15
1678924800000,6.543,6.676,6.44,6.652,27733678.07,2023-03-16
1679011200000,6.652,7.256,6.594,7.206,41113858.15,2023-03-17
1679097600000,7.205,7.299,6.84,6.922,36868809.43,2023-03-18
1679184000000,6.921,7.284,6.916,7.081,29965181.93,2023-03-19
1679270400000,7.082,7.438,6.907,7.047,59174771.97,2023-03-20
1679356800000,7.046,7.472,6.833,7.373,46071449.18,2023-03-21
1679443200000,7.372,7.716,6.992,7.17,70626795.91,2023-03-22
1679529600000,7.169,7.63,7.083,7.603,37263509.8,2023-03-23
1679616000000,7.604,7.653,7.107,7.189,31435061.62,2023-03-24
1679702400000,7.188,7.252,6.964,7.072,20711640.95,2023-03-25
1679788800000,7.071,7.286,7.044,7.256,16485956.71,2023-03-26
1679875200000,7.256,7.272,6.731,6.864,26645666.01,2023-03-27
1679961600000,6.864,7.04,6.745,6.945,25589173.49,2023-03-28
1680048000000,6.944,7.497,6.922,7.381,33238559.45,2023-03-29
1680134400000,7.381,7.556,7.125,7.225,34408196.35,2023-03-30
1680220800000,7.226,7.674,7.219,7.584,38550348.33,2023-03-31
1680307200000,7.585,7.633,7.418,7.545,17305254.57,2023-04-01
1680393600000,7.545,7.545,7.185,7.248,21301364.41,2023-04-02
1680480000000,7.249,7.437,7.015,7.239,32100136.41,2023-04-03
1680566400000,7.239,7.479,7.193,7.367,22480326.21,2023-04-04
1680652800000,7.368,7.604,7.212,7.316,29030708.57,2023-04-05
1680739200000,7.316,7.33,7.106,7.195,20107350.53,2023-04-06
1680825600000,7.195,7.306,7.1,7.262,15232364.01,2023-04-07
1680912000000,7.263,7.294,7.07,7.124,11868035.53,2023-04-08
1680998400000,7.125,7.251,7.042,7.198,11966260.8,2023-04-09
1681084800000,7.198,7.363,7.126,7.34,18070201.25,2023-04-10
1681171200000,7.34,7.45,7.27,7.297,18747148.85,2023-04-11
1681257600000,7.297,7.369,7.086,7.229,25245215.92,2023-04-12
1681344000000,7.228,7.55,7.167,7.457,21514059.62,2023-04-13
1681430400000,7.458,7.907,7.455,7.745,39938022.92,2023-04-14
1681516800000,7.745,8.099,7.611,8.013,28080821.06,2023-04-15
1681603200000,8.013,8.198,7.9,8.142,26752608.92,2023-04-16
1681689600000,8.141,8.307,7.856,8.166,46314388.6,2023-04-17
1681776000000,8.167,8.804,8.024,8.584,53032958.11,2023-04-18
1681862400000,8.584,8.607,7.612,7.749,54483761.3,2023-04-19
1681948800000,7.749,7.969,7.451,7.51,40533184.97,2023-04-20
1682035200000,7.509,7.606,7.004,7.108,37533748.28,2023-04-21
1682121600000,7.108,7.236,7.075,7.169,17608976.59,2023-04-22
1682208000000,7.169,7.169,6.85,7.08,25055538.9,2023-04-23
1682294400000,7.08,7.267,6.985,7.065,29369639.35,2023-04-24
1682380800000,7.065,7.298,6.942,7.271,24048424.94,2023-04-25
1682467200000,7.272,7.5,6.691,6.998,37264213.72,2023-04-26
1682553600000,6.999,7.229,6.974,7.166,29248538.6,2023-04-27
1682640000000,7.167,7.185,6.927,7.036,17148102.89,2023-04-28
1682726400000,7.036,7.217,6.987,7.181,14415696.12,2023-04-29
1682812800000,7.182,7.303,7.008,7.019,21799162.88,2023-04-30
1682899200000,7.019,7.078,6.784,6.891,23155026.01,2023-05-01
1682985600000,6.891,7.011,6.794,6.983,17503356.38,2023-05-02
1683072000000,6.983,7.148,6.813,7.128,28356058.75,2023-05-03
1683158400000,7.127,7.16,6.953,6.993,14281031.87,2023-05-04
1683244800000,6.993,7.276,6.855,7.223,21495108.55,2023-05-05
1683331200000,7.224,7.278,6.85,6.916,19856289.37,2023-05-06
1683417600000,6.917,6.988,6.857,6.907,13721087.24,2023-05-07
1683504000000,6.906,6.91,6.35,6.579,31999277.81,2023-05-08
1683590400000,6.58,6.629,6.447,6.518,15066502.06,2023-05-09
1683676800000,6.518,6.693,6.264,6.584,25428831.72,2023-05-10
1683763200000,6.584,6.588,6.205,6.354,25280414.42,2023-05-11
1683849600000,6.355,6.637,6.217,6.62,23290981.12,2023-05-12
1683936000000,6.621,6.632,6.468,6.488,11499459.46,2023-05-13
1684022400000,6.489,6.611,6.433,6.543,11356032.47,2023-05-14
1684108800000,6.543,6.708,6.448,6.63,19229956.19,2023-05-15
1684195200000,6.63,6.725,6.545,6.656,19237781.03,2023-05-16
1684281600000,6.657,6.803,6.546,6.754,24281032.75,2023-05-17
1684368000000,6.754,6.764,6.423,6.527,23013540.08,2023-05-18
1684454400000,6.528,6.555,6.45,6.508,14584126.22,2023-05-19
1684540800000,6.508,6.541,6.464,6.499,7835473.53,2023-05-20
1684627200000,6.5,6.542,6.344,6.425,11282459.47,2023-05-21
1684713600000,6.426,6.606,6.328,6.529,21785644.57,2023-05-22
1684800000000,6.53,6.632,6.468,6.502,15540204.39,2023-05-23
1684886400000,6.503,6.509,6.189,6.317,24303174.54,2023-05-24
1684972800000,6.317,6.345,6.15,6.275,15842804.3,2023-05-25
1685059200000,6.276,6.381,6.23,6.342,13793022.25,2023-05-26
1685145600000,6.342,6.44,6.319,6.436,9547503.29,2023-05-27
1685232000000,6.435,6.661,6.415,6.634,16785320.62,2023-05-28
1685318400000,6.633,6.678,6.522,6.637,14244462.97,2023-05-29
1685404800000,6.637,6.673,6.532,6.612,14247696.76,2023-05-30
1685491200000,6.611,6.636,6.38,6.475,16952346.02,2023-05-31
1685577600000,6.475,6.517,6.31,6.342,14964931.62,2023-06-01
1685664000000,6.342,6.479,6.299,6.446,14050993.26,2023-06-02
1685750400000,6.446,6.457,6.355,6.418,7441248.03,2023-06-03
1685836800000,6.419,6.53,6.39,6.446,9822772.59,2023-06-04
1685923200000,6.446,6.491,5.924,6.05,27628609.39,2023-06-05
1686009600000,6.05,6.312,5.999,6.259,20047931.15,2023-06-06
1686096000000,6.259,6.268,5.822,5.914,23960235.4,2023-06-07
1686182400000,5.913,6.034,5.878,5.991,14508884.26,2023-06-08
1686268800000,5.992,6.08,5.916,5.989,14542272.4,2023-06-09
1686355200000,5.989,6.006,4.689,5.229,64130477.85,2023-06-10
1686441600000,5.23,5.249,5.086,5.171,21057294.9,2023-06-11
1686528000000,5.171,5.194,4.994,5.156,23510629.28,2023-06-12
1686614400000,5.157,5.416,5.106,5.295,27932642.94,2023-06-13
1686700800000,5.295,5.505,5.136,5.247,42278988.57,2023-06-14
1686787200000,5.246,5.417,5.156,5.307,33684556.84,2023-06-15
1686873600000,5.307,5.396,5.118,5.321,25144938.56,2023-06-16
1686960000000,5.322,5.393,5.217,5.277,21100165.65,2023-06-17
1687046400000,5.277,5.299,5.062,5.152,21839487.99,2023-06-18
1687132800000,5.153,5.191,4.97,5.129,28796852.57,2023-06-19
1687219200000,5.13,5.279,4.993,5.265,36402604.37,2023-06-20
1687305600000,5.265,5.586,5.241,5.552,36601521.41,2023-06-21
1687392000000,5.551,5.82,5.497,5.554,38939609.97,2023-06-22
1687478400000,5.554,6.153,5.549,6.068,59005220.2,2023-06-23
1687564800000,6.069,6.196,5.895,6.129,33235810.09,2023-06-24
1687651200000,6.129,6.376,6.055,6.153,29047173.93,2023-06-25
1687737600000,6.153,6.261,6.0,6.054,32734352.17,2023-06-26
1687824000000,6.055,6.256,6.041,6.197,28439521.7,2023-06-27
1687910400000,6.196,6.205,5.689,5.81,34209408.45,2023-06-28
1687996800000,5.81,6.181,5.783,5.888,30748134.28,2023-06-29
1688083200000,5.889,6.449,5.699,6.311,63148648.05,2023-06-30
1688169600000,6.31,6.525,6.117,6.502,33588361.55,2023-07-01
1688256000000,6.503,6.56,6.33,6.538,35417376.75,2023-07-02
1688342400000,6.539,6.691,6.465,6.626,29412650.3,2023-07-03
1688428800000,6.627,6.628,6.381,6.521,23862372.01,2023-07-04
1688515200000,6.521,6.571,6.207,6.297,27312945.68,2023-07-05
1688601600000,6.297,6.508,6.071,6.074,32949190.07,2023-07-06
1688688000000,6.074,6.221,6.007,6.153,19684892.2,2023-07-07
1688774400000,6.154,6.219,6.087,6.194,14254418.71,2023-07-08
1688860800000,6.194,6.237,6.118,6.146,12793637.83,2023-07-09
1688947200000,6.147,6.302,6.012,6.164,24415331.87,2023-07-10
1689033600000,6.164,6.237,6.116,6.201,15220938.89,2023-07-11
1689120000000,6.202,6.342,6.189,6.248,21641262.07,2023-07-12
1689206400000,6.248,7.176,6.206,7.128,55981275.28,2023-07-13
1689292800000,7.128,7.348,6.66,6.954,58438070.23,2023-07-14
1689379200000,6.954,7.02,6.83,6.914,18076732.76,2023-07-15
1689465600000,6.914,6.917,6.557,6.603,21225782.71,2023-07-16
1689552000000,6.602,7.265,6.43,7.185,66600287.94,2023-07-17
1689638400000,7.185,7.3,6.774,6.911,76545809.24,2023-07-18
1689724800000,6.912,7.046,6.771,6.911,36677937.27,2023-07-19
1689811200000,6.911,8.48,6.879,8.355,277822999.3,2023-07-20
1689897600000,8.354,8.448,8.032,8.127,147634367.33,2023-07-21
1689984000000,8.127,8.388,7.7,7.878,86821549.96,2023-07-22
1690070400000,7.877,8.099,7.811,7.884,41973507.57,2023-07-23
1690156800000,7.884,7.885,7.372,7.581,51568498.71,2023-07-24
1690243200000,7.581,7.639,7.335,7.386,35681256.29,2023-07-25
1690329600000,7.387,7.831,7.27,7.737,58469782.25,2023-07-26
1690416000000,7.736,8.132,7.678,7.983,70380064.6,2023-07-27
1690502400000,7.983,8.089,7.756,7.767,36756948.32,2023-07-28
1690588800000,7.767,7.895,7.721,7.839,19578621.4,2023-07-29
1690675200000,7.839,7.861,7.341,7.55,31379887.66,2023-07-30
1690761600000,7.551,7.712,7.424,7.546,30259178.14,2023-07-31
1690848000000,7.545,7.646,7.241,7.638,38503515.02,2023-08-01
1690934400000,7.638,7.714,7.328,7.348,40710287.55,2023-08-02
1691020800000,7.348,7.407,7.058,7.121,35158238.09,2023-08-03
1691107200000,7.122,7.261,7.0,7.14,33692235.77,2023-08-04
1691193600000,7.139,7.243,7.098,7.226,17592985.19,2023-08-05
1691280000000,7.226,7.271,7.073,7.098,16503760.19,2023-08-06
1691366400000,7.097,7.396,6.926,7.326,38174120.15,2023-08-07
1691452800000,7.325,7.538,7.285,7.453,48276502.02,2023-08-08
1691539200000,7.454,7.916,7.376,7.677,55946119.67,2023-08-09
1691625600000,7.677,7.735,7.555,7.614,30222189.64,2023-08-10
1691712000000,7.614,7.641,7.403,7.488,19669842.67,2023-08-11
1691798400000,7.488,7.537,7.379,7.441,12985067.79,2023-08-12
1691884800000,7.442,7.556,7.311,7.363,20299792.94,2023-08-13
1691971200000,7.363,7.632,7.302,7.409,31122229.59,2023-08-14
1692057600000,7.409,7.43,6.737,7.037,37538205.82,2023-08-15
1692144000000,7.037,7.068,6.59,6.761,36625676.61,2023-08-16
1692230400000,6.762,6.867,5.551,6.183,52104581.33,2023-08-17
1692316800000,6.183,6.281,6.058,6.172,31948583.14,2023-08-18
1692403200000,6.172,6.261,6.108,6.176,14532688.56,2023-08-19
1692489600000,6.175,6.233,6.112,6.216,10469400.56,2023-08-20
1692576000000,6.216,6.254,6.0,6.172,24279532.52,2023-08-21
1692662400000,6.172,6.253,5.837,6.111,32159539.24,2023-08-22
1692748800000,6.112,6.438,6.099,6.348,29052074.6,2023-08-23
1692835200000,6.347,6.364,5.979,6.08,24741185.73,2023-08-24
1692921600000,6.08,6.082,5.907,6.01,26202519.52,2023-08-25
1693008000000,6.009,6.039,5.952,6.002,11068517.28,2023-08-26
1693094400000,6.001,6.043,5.951,6.025,10549341.27,2023-08-27
1693180800000,6.025,6.05,5.846,5.98,23243407.79,2023-08-28
1693267200000,5.98,6.319,5.834,6.19,37173608.26,2023-08-29
1693353600000,6.189,6.197,5.864,5.92,22241496.35,2023-08-30
1693440000000,5.92,6.063,5.716,5.873,29510239.52,2023-08-31
1693526400000,5.874,6.029,5.811,5.937,30527491.99,2023-09-01
1693612800000,5.937,5.996,5.883,5.967,11621804.94,2023-09-02
1693699200000,5.967,6.061,5.944,6.025,14991743.1,2023-09-03
1693785600000,6.025,6.164,5.939,6.009,20266130.46,2023-09-04
1693872000000,6.008,6.15,5.901,6.133,18804013.28,2023-09-05
1693958400000,6.133,6.368,6.088,6.297,31547776.99,2023-09-06
1694044800000,6.298,6.468,6.196,6.382,24054142.15,2023-09-07
1694131200000,6.382,6.402,6.136,6.275,15945598.71,2023-09-08
1694217600000,6.275,6.29,6.152,6.161,8744947.26,2023-09-09
1694304000000,6.161,6.161,5.931,6.012,20890388.95,2023-09-10
1694390400000,6.011,6.033,5.731,5.824,29118451.94,2023-09-11
1694476800000,5.823,6.08,5.803,5.954,24499536.43,2023-09-12
1694563200000,5.955,6.094,5.923,6.014,18143992.32,2023-09-13
1694649600000,6.015,6.21,6.001,6.149,18066684.15,2023-09-14
1694736000000,6.149,6.373,6.096,6.36,15976462.27,2023-09-15
1694822400000,6.361,6.42,6.181,6.275,14319374.5,2023-09-16
1694908800000,6.275,6.277,6.042,6.142,13518456.89,2023-09-17
1694995200000,6.143,6.839,6.091,6.56,82878446.91,2023-09-18
1695081600000,6.56,6.967,6.512,6.841,51767805.96,2023-09-19
1695168000000,6.84,7.043,6.738,6.902,47096586.32,2023-09-20
1695254400000,6.903,6.945,6.603,6.662,31028765.12,2023-09-21
1695340800000,6.663,6.97,6.585,6.953,27052838.51,2023-09-22
1695427200000,6.954,7.229,6.912,7.183,48733249.39,2023-09-23
1695513600000,7.183,7.249,6.941,6.969,35325526.52,2023-09-24
1695600000000,6.968,7.512,6.903,7.486,62646908.24,2023-09-25
1695686400000,7.486,7.574,7.243,7.353,51437624.86,2023-09-26
1695772800000,7.354,7.876,7.266,7.638,68797700.62,2023-09-27
1695859200000,7.637,8.068,7.565,7.805,65191498.3,2023-09-28
1695945600000,7.804,8.078,7.667,7.941,44942164.43,2023-09-29
1696032000000,7.941,8.267,7.931,8.185,55103584.24,2023-09-30
1696118400000,8.184,8.256,7.772,8.049,59996019.98,2023-10-01
1696204800000,8.049,8.099,7.345,7.464,80712178.35,2023-10-02
1696291200000,7.465,7.741,7.355,7.404,60137158.52,2023-10-03
1696377600000,7.403,7.779,7.158,7.667,65584033.55,2023-10-04
1696464000000,7.667,7.788,7.448,7.463,42957186.39,2023-10-05
1696550400000,7.464,7.76,7.426,7.635,32181943.38,2023-10-06
1696636800000,7.635,7.679,7.466,7.521,18541792.3,2023-10-07
1696723200000,7.522,7.946,7.497,7.669,37943163.83,2023-10-08
1696809600000,7.668,7.694,7.123,7.274,49301400.53,2023-10-09
1696896000000,7.274,7.389,7.168,7.257,32945014.47,2023-10-10
1696982400000,7.258,7.43,7.1,7.387,36345721.87,2023-10-11
1697068800000,7.387,7.412,7.108,7.194,29143532.27,2023-10-12
1697155200000,7.194,7.402,7.105,7.252,28044819.22,2023-10-13
1697241600000,7.253,7.369,7.212,7.325,12754037.99,2023-10-14
1697328000000,7.325,7.57,7.281,7.42,21746526.41,2023-10-15
1697414400000,7.419,7.83,7.406,7.519,42261152.44,2023-10-16
1697500800000,7.52,7.556,7.244,7.318,23118249.6,2023-10-17
1697587200000,7.317,7.477,7.274,7.354,22669086.39,2023-10-18
1697673600000,7.354,7.433,7.206,7.301,22467874.89,2023-10-19
1697760000000,7.301,7.71,7.256,7.567,31431166.52,2023-10-20
1697846400000,7.567,9.175,7.516,8.91,119489508.83,2023-10-21
1697932800000,8.911,10.236,8.835,10.182,195376553.58,2023-10-22
1698019200000,10.183,11.08,9.783,10.577,221521486.42,2023-10-23
1698105600000,10.578,11.156,9.616,10.372,129245614.04,2023-10-24
1698192000000,10.371,11.794,10.333,11.057,140112936.49,2023-10-25
1698278400000,11.057,11.395,10.35,10.93,85440921.12,2023-10-26
1698364800000,10.93,11.449,10.608,11.185,92410716.64,2023-10-27
1698451200000,11.186,11.675,10.815,10.922,58848317.37,2023-10-28
1698537600000,10.922,11.3,10.745,11.088,44781827.72,2023-10-29
1698624000000,11.089,11.877,10.887,11.223,64424587.86,2023-10-30
1698710400000,11.224,12.033,10.91,11.359,79575788.46,2023-10-31
1698796800000,11.358,11.789,10.646,11.652,66861854.37,2023-11-01
1698883200000,11.653,11.762,10.805,11.013,54587892.74,2023-11-02
1698969600000,11.013,11.611,10.498,11.472,50153080.31,2023-11-03
1699056000000,11.473,11.637,11.154,11.508,30442058.87,2023-11-04
1699142400000,11.508,12.58,11.374,12.238,67572508.09,2023-11-05
1699228800000,12.236,13.275,12.125,12.997,64461395.79,2023-11-06
1699315200000,12.997,13.352,12.529,13.053,66542869.94,2023-11-07
1699401600000,13.053,14.993,12.817,14.918,71097429.31,2023-11-08
1699488000000,14.92,15.999,13.17,14.609,93518984.76,2023-11-09
1699574400000,14.61,15.653,14.124,15.512,59129194.41,2023-11-10
1699660800000,15.513,16.68,14.7,16.484,59252185.62,2023-11-11
1699747200000,16.484,16.556,15.36,16.031,40891107.44,2023-11-12
1699833600000,16.031,16.325,14.311,14.37,49569256.67,2023-11-13
1699920000000,14.371,14.923,13.322,13.96,56202922.39,2023-11-14
1700006400000,13.959,15.412,13.94,15.034,42112767.99,2023-11-15
1700092800000,15.034,15.236,13.545,13.871,53416326.64,2023-11-16
1700179200000,13.87,14.27,12.85,13.704,47170871.01,2023-11-17
1700265600000,13.704,13.813,12.92,13.751,29077591.87,2023-11-18
1700352000000,13.75,15.058,13.371,14.911,39836895.35,2023-11-19
1700438400000,14.912,15.402,14.371,14.488,43550705.94,2023-11-20
1700524800000,14.488,14.677,13.28,13.361,47180851.85,2023-11-21
1700611200000,13.36,14.628,13.22,14.213,34548383.95,2023-11-22
1700697600000,14.212,14.915,14.124,14.402,29847226.79,2023-11-23
1700784000000,14.402,14.859,14.215,14.479,20702585.92,2023-11-24
1700870400000,14.48,14.978,14.372,14.766,18326450.36,2023-11-25
1700956800000,14.766,15.333,14.333,14.763,30348944.31,2023-11-26
1701043200000,14.764,15.305,13.867,14.181,32605836.82,2023-11-27
1701129600000,14.181,14.718,13.762,14.525,25930963.22,2023-11-28
1701216000000,14.525,14.996,14.392,14.513,24612540.03,2023-11-29
1701302400000,14.513,14.839,14.257,14.407,22610491.0,2023-11-30
1701388800000,14.407,15.05,14.268,14.991,22762455.28,2023-12-01
1701475200000,14.99,16.21,14.917,15.999,34837756.62,2023-12-02
1701561600000,15.998,16.306,15.669,15.721,23454975.77,2023-12-03
1701648000000,15.721,16.421,15.07,15.825,39879459.92,2023-12-04
1701734400000,15.825,16.1,15.18,15.73,34798641.9,2023-12-05
1701820800000,15.73,16.183,15.232,15.274,39224492.49,2023-12-06
1701907200000,15.272,15.824,14.66,15.71,40519950.64,2023-12-07
1701993600000,15.709,17.36,15.561,16.945,50835178.45,2023-12-08
1702080000000,16.944,17.333,16.03,16.209,37002252.91,2023-12-09
1702166400000,16.209,16.468,15.798,16.38,20575642.26,2023-12-10
1702252800000,16.38,16.477,13.666,14.769,60294620.66,2023-12-11
1702339200000,14.769,15.146,14.165,14.533,32144869.54,2023-12-12
1702425600000,14.532,14.959,13.856,14.775,35378176.51,2023-12-13
1702512000000,14.775,15.59,14.034,15.381,39619750.41,2023-12-14
1702598400000,15.381,15.403,14.26,14.288,25364320.97,2023-12-15
1702684800000,14.289,14.808,14.087,14.33,19537011.59,2023-12-16
1702771200000,14.33,14.386,13.91,14.031,20048378.69,2023-12-17
1702857600000,14.03,14.688,13.64,14.672,43564630.36,2023-12-18
1702944000000,14.672,14.815,13.921,14.104,22320613.66,2023-12-19
1703030400000,14.105,14.819,13.978,14.262,22386368.91,2023-12-20
1703116800000,14.263,15.328,14.188,15.318,29225397.67,2023-12-21
1703203200000,15.319,15.751,15.076,15.496,27932744.1,2023-12-22
1703289600000,15.495,15.923,14.911,15.695,26274313.21,2023-12-23
1703376000000,15.695,15.989,15.1,15.279,25552436.16,2023-12-24
1703462400000,15.279,15.752,15.134,15.601,21413656.69,2023-12-25
1703548800000,15.601,15.929,14.21,15.108,28482279.36,2023-12-26
1703635200000,15.108,16.759,14.657,16.728,37743626.88,2023-12-27
1703721600000,16.728,17.687,15.995,16.022,48993712.97,2023-12-28
1703808000000,16.023,16.246,15.124,15.552,28756424.8,2023-12-29
1703894400000,15.552,15.64,15.026,15.18,12408540.24,2023-12-30
1703980800000,15.181,15.538,14.75,14.952,14293385.39,2023-12-31
1704067200000,14.951,15.594,14.812,15.563,11926832.4,2024-01-01
1704153600000,15.563,16.087,15.059,15.18,20763373.29,2024-01-02
1704240000000,15.18,15.593,12.066,14.147,36909813.68,2024-01-03
1704326400000,14.146,14.78,13.972,14.526,17746357.85,2024-01-04
1704412800000,14.527,14.659,13.675,14.091,27548010.9,2024-01-05
1704499200000,14.091,14.1,13.161,13.432,16180910.38,2024-01-06
1704585600000,13.432,13.74,12.959,13.15,15649303.06,2024-01-07
1704672000000,13.149,14.398,12.517,14.14,29549690.87,2024-01-08
1704758400000,14.14,14.25,13.152,13.712,27061576.06,2024-01-09
1704844800000,13.711,15.364,13.562,15.077,26835800.79,2024-01-10
1704931200000,15.077,15.696,14.593,15.02,24018687.21,2024-01-11
1705017600000,15.02,15.306,13.563,14.157,23402855.21,2024-01-12
1705104000000,14.156,14.435,13.784,14.35,10292961.05,2024-01-13
1705190400000,14.345,15.443,14.266,14.765,29585031.07,2024-01-14
1705276800000,14.765,16.027,14.756,15.185,32632489.41,2024-01-15
1705363200000,15.185,15.365,14.733,15.269,16803119.47,2024-01-16
1705449600000,15.269,16.396,15.269,15.761,40740226.84,2024-01-17
1705536000000,15.761,15.777,14.183,14.653,29203664.18,2024-01-18
1705622400000,14.654,16.425,14.455,16.121,42011333.99,2024-01-19
1705708800000,16.122,16.567,15.628,15.782,34532967.98,2024-01-20
1705795200000,15.781,15.915,15.373,15.396,15564636.59,2024-01-21
1705881600000,15.397,15.979,14.5,14.593,37908265.48,2024-01-22
1705968000000,14.593,14.886,13.554,14.292,29767755.88,2024-01-23
1706054400000,14.292,14.437,13.905,14.237,21271430.8,2024-01-24
1706140800000,14.238,14.262,13.5,13.741,15309328.05,2024-01-25
1706227200000,13.742,14.306,13.633,14.184,16353865.13,2024-01-26
1706313600000,14.182,14.398,14.083,14.338,9330500.24,2024-01-27
1706400000000,14.337,14.695,14.19,14.475,15471301.62,2024-01-28
1706486400000,14.476,15.081,14.257,15.001,21009522.96,2024-01-29
1706572800000,15.001,15.805,14.892,15.476,22010061.39,2024-01-30
1706659200000,15.476,16.061,15.08,15.424,35024367.72,2024-01-31
1706745600000,15.423,17.388,15.146,17.191,60473572.42,2024-02-01
1706832000000,17.191,18.887,17.129,17.822,86479623.86,2024-02-02
1706918400000,17.825,18.15,17.505,17.66,32040349.11,2024-02-03
1707004800000,17.661,18.72,17.526,18.15,35244772.4,2024-02-04
1707091200000,18.151,19.8,17.8,19.156,59401199.9,2024-02-05
1707177600000,19.154,19.33,18.215,18.289,34704339.44,2024-02-06
1707264000000,18.289,19.073,18.052,18.809,27285865.71,2024-02-07
1707350400000,18.81,19.261,17.956,18.2,30957581.83,2024-02-08
1707436800000,18.2,18.62,18.0,18.469,24815626.57,2024-02-09
1707523200000,18.47,19.13,17.974,19.08,19718280.35,2024-02-10
1707609600000,19.079,20.69,18.85,20.153,41383796.08,2024-02-11
1707696000000,20.153,20.86,19.756,20.472,36818725.9,2024-02-12
1707782400000,20.474,20.6,19.365,19.879,25257462.68,2024-02-13
1707868800000,19.88,20.45,19.713,20.26,22364970.26,2024-02-14
1707955200000,20.261,20.55,19.656,19.952,22452702.18,2024-02-15
1708041600000,19.952,20.337,19.115,19.566,21397200.53,2024-02-16
1708128000000,19.567,20.297,19.226,20.046,18222863.12,2024-02-17
1708214400000,20.049,20.401,19.761,20.137,14400057.45,2024-02-18
1708300800000,20.135,20.269,19.656,19.848,19596326.23,2024-02-19
1708387200000,19.848,19.904,18.264,19.296,25408262.39,2024-02-20
1708473600000,19.297,19.307,18.005,18.598,18690939.48,2024-02-21
1708560000000,18.599,19.034,18.088,18.14,16717460.71,2024-02-22
1708646400000,18.14,18.306,17.597,17.954,19636257.0,2024-02-23
1708732800000,17.954,18.585,17.77,18.549,11020121.13,2024-02-24
1708819200000,18.549,18.889,18.384,18.741,9420212.36,2024-02-25
1708905600000,18.741,19.288,18.15,19.106,16675855.47,2024-02-26
1708992000000,19.106,19.388,18.682,19.047,16777358.6,2024-02-27
1709078400000,19.05,20.931,17.911,19.454,43128880.4,2024-02-28
1709164800000,19.454,20.491,18.809,19.297,28660868.5,2024-02-29
1709251200000,19.296,20.128,19.293,20.081,14561620.92,2024-03-01
1709337600000,20.081,21.724,19.986,21.427,25744508.92,2024-03-02
1709424000000,21.426,21.576,19.265,20.53,19197856.2,2024-03-03
1709510400000,20.53,20.933,19.832,20.44,21703256.92,2024-03-04
1709596800000,20.44,21.101,16.351,18.978,43850889.01,2024-03-05
1709683200000,18.978,20.176,18.4,20.107,21257001.02,2024-03-06
1709769600000,20.107,20.431,19.608,20.117,15171903.15,2024-03-07
1709856000000,20.117,20.418,19.11,19.721,18825537.17,2024-03-08
1709942400000,19.721,20.36,19.679,19.997,11737525.0,2024-03-09
1710028800000,19.999,21.988,19.383,21.703,21695045.84,2024-03-10
1710115200000,21.703,22.9,20.634,21.316,34396451.16,2024-03-11
1710201600000,21.317,21.38,19.502,20.724,27928776.92,2024-03-12
1710288000000,20.724,20.994,20.222,20.77,15978209.39,2024-03-13
1710374400000,20.771,21.98,19.88,20.909,38243482.93,2024-03-14
1710460800000,20.91,21.037,18.438,19.648,34442827.89,2024-03-15
1710547200000,19.649,19.851,17.815,18.13,22962508.45,2024-03-16
1710633600000,18.132,18.841,17.382,18.68,18853789.8,2024-03-17
1710720000000,18.68,19.509,18.062,18.319,26541515.99,2024-03-18
1710806400000,18.318,18.483,16.504,16.816,38498293.25,2024-03-19
1710892800000,16.816,18.51,16.267,18.425,32001044.98,2024-03-20
1710979200000,18.424,18.93,17.895,18.468,20906309.66,2024-03-21
1711065600000,18.467,18.599,17.334,18.38,21588768.6,2024-03-22
1711152000000,18.38,18.489,17.904,18.078,12982053.79,2024-03-23
1711238400000,18.078,18.644,17.984,18.538,9784784.68,2024-03-24
1711324800000,18.538,19.511,18.389,19.396,14692157.1,2024-03-25
1711411200000,19.396,20.765,19.351,20.023,20002803.97,2024-03-26
1711497600000,20.024,20.207,19.026,19.315,18130280.83,2024-03-27
1711584000000,19.315,19.833,19.062,19.172,11593058.15,2024-03-28
1711670400000,19.172,19.312,18.718,18.989,11249212.66,2024-03-29
1711756800000,18.989,19.317,18.803,18.953,8475688.15,2024-03-30
1711843200000,18.953,19.376,18.891,19.193,6726850.86,2024-03-31
1711929600000,19.193,19.3,17.868,18.377,16345829.48,2024-04-01
1712016000000,18.378,18.496,17.337,17.97,27012990.95,2024-04-02
1712102400000,17.97,18.355,17.384,17.699,13792729.17,2024-04-03
1712188800000,17.697,18.276,17.404,17.799,13389823.16,2024-04-04
1712275200000,17.8,17.801,16.868,17.34,12437066.55,2024-04-05
1712361600000,17.341,17.692,17.27,17.572,6327997.54,2024-04-06
1712448000000,17.573,17.986,17.51,17.922,7578247.85,2024-04-07
1712534400000,17.923,18.693,17.551,18.116,13232966.8,2024-04-08
1712620800000,18.117,18.196,17.245,17.372,14446752.41,2024-04-09
1712707200000,17.373,17.595,16.784,17.431,14311061.85,2024-04-10
1712793600000,17.432,17.633,17.016,17.566,10899460.77,2024-04-11
1712880000000,17.566,17.885,12.736,15.151,36232056.6,2024-04-12
1712966400000,15.151,15.396,11.711,13.28,48144169.85,2024-04-13
1713052800000,13.279,14.242,12.71,14.084,31230157.62,2024-04-14
1713139200000,14.085,14.66,13.217,13.573,23562093.58,2024-04-15
1713225600000,13.573,13.805,12.812,13.456,19335917.26,2024-04-16
1713312000000,13.456,13.599,12.704,13.124,17809714.84,2024-04-17
1713398400000,13.123,13.973,12.805,13.879,15427136.16,2024-04-18
1713484800000,13.879,14.115,12.732,13.936,21782981.1,2024-04-19
1713571200000,13.935,15.025,13.736,14.947,11622681.25,2024-04-20
1713657600000,14.947,15.162,14.521,15.091,9785595.74,2024-04-21
1713744000000,15.091,16.03,14.995,15.434,18335179.2,2024-04-22
1713830400000,15.434,15.564,15.088,15.169,9572019.77,2024-04-23
1713916800000,15.169,15.626,14.348,14.526,14641952.32,2024-04-24
1714003200000,14.525,14.891,14.35,14.58,12870023.98,2024-04-25
1714089600000,14.58,14.926,14.335,14.483,10745586.72,2024-04-26
1714176000000,14.483,14.519,13.857,14.258,12746931.82,2024-04-27
1714262400000,14.256,14.434,13.718,13.797,7705044.17,2024-04-28
1714348800000,13.798,14.177,13.7,14.066,12633999.45,2024-04-29
1714435200000,14.067,14.206,12.765,13.123,17104479.95,2024-04-30
1714521600000,13.123,13.511,12.393,13.34,20448446.84,2024-05-01
1714608000000,13.34,13.771,12.918,13.584,10749322.69,2024-05-02
1714694400000,13.584,14.191,13.452,14.084,9718082.57,2024-05-03
1714780800000,14.083,14.476,13.962,14.307,8475770.58,2024-05-04
1714867200000,14.307,14.655,14.099,14.362,7507800.77,2024-05-05
1714953600000,14.362,15.162,14.262,14.478,14005609.42,2024-05-06
1715040000000,14.478,14.72,13.955,13.992,11129225.82,2024-05-07
1715126400000,13.992,14.118,13.658,13.892,12343416.54,2024-05-08
1715212800000,13.892,14.358,13.834,14.226,10442950.61,2024-05-09
1715299200000,14.227,14.366,13.479,13.552,11241934.56,2024-05-10
1715385600000,13.552,13.805,13.27,13.299,6386941.06,2024-05-11
1715472000000,13.299,13.586,13.27,13.551,6443648.65,2024-05-12
1715558400000,13.551,13.669,13.064,13.383,12761076.07,2024-05-13
1715644800000,13.383,13.593,12.92,12.975,11078727.92,2024-05-14
1715731200000,12.975,13.935,12.834,13.861,12034821.94,2024-05-15
1715817600000,13.861,15.861,13.528,15.503,35131907.19,2024-05-16
1715904000000,15.504,16.76,15.46,16.222,58568325.64,2024-05-17
1715990400000,16.222,16.565,16.033,16.32,20718157.99,2024-05-18
1716076800000,16.321,17.112,16.28,16.551,33495991.93,2024-05-19
1716163200000,16.551,17.46,16.347,17.259,37673801.57,2024-05-20
1716249600000,17.259,17.443,16.51,16.748,21148745.79,2024-05-21
1716336000000,16.749,16.939,16.161,16.362,18873214.06,2024-05-22
1716422400000,16.362,17.1,15.4,16.606,23161328.84,2024-05-23
1716508800000,16.606,17.79,16.572,17.259,29407067.91,2024-05-24
1716595200000,17.26,17.476,16.913,17.445,10311691.62,2024-05-25
1716681600000,17.446,17.926,17.003,17.046,13532375.09,2024-05-26
1716768000000,17.046,18.884,16.877,18.801,21057366.47,2024-05-27
1716854400000,18.801,18.854,17.867,18.545,20072349.01,2024-05-28
1716940800000,18.546,19.241,18.046,18.464,17786218.83,2024-05-29
1717027200000,18.464,19.224,17.78,17.948,16564924.49,2024-05-30
1717113600000,17.949,18.758,17.464,18.422,12971587.03,2024-05-31
1717200000000,18.421,18.695,18.274,18.455,7066706.11,2024-06-01
1717286400000,18.455,18.578,18.078,18.153,7064647.87,2024-06-02
1717372800000,18.153,18.372,17.546,17.635,11600246.75,2024-06-03
1717459200000,17.636,17.865,17.475,17.73,7741290.07,2024-06-04
1717545600000,17.728,18.093,17.631,17.762,8183403.64,2024-06-05
1717632000000,17.761,17.801,17.111,17.267,10308223.73,2024-06-06
1717718400000,17.267,17.741,15.198,16.32,19563795.02,2024-06-07
1717804800000,16.321,16.428,15.679,15.926,7747162.09,2024-06-08
1717891200000,15.926,16.379,15.904,16.368,5811637.49,2024-06-09
1717977600000,16.368,16.385,15.763,15.907,8571467.94,2024-06-10
1718064000000,15.908,15.915,14.664,14.982,15136971.72,2024-06-11
1718150400000,14.982,16.233,14.723,16.009,14884681.83,2024-06-12
1718236800000,16.009,16.052,15.05,15.139,10616252.73,2024-06-13
1718323200000,15.139,15.46,14.46,14.736,12507523.72,2024-06-14
1718409600000,14.735,15.106,14.694,14.852,6468717.12,2024-06-15
1718496000000,14.852,15.217,14.561,15.134,7046336.74,2024-06-16
1718582400000,15.133,15.209,14.0,14.512,14510082.72,2024-06-17
1718668800000,14.513,14.612,12.875,13.972,23279106.1,2024-06-18
1718755200000,13.971,14.495,13.9,14.336,10043774.56,2024-06-19
1718841600000,14.336,14.848,14.181,14.25,9737440.27,2024-06-20
1718928000000,14.251,14.587,13.837,13.841,13486462.3,2024-06-21
1719014400000,13.842,13.903,13.457,13.472,7521883.11,2024-06-22
1719100800000,13.472,13.676,13.116,13.187,7729904.87,2024-06-23
1719187200000,13.188,13.678,12.577,13.609,17337994.73,2024-06-24
1719273600000,13.608,14.28,13.565,14.186,9199470.98,2024-06-25
1719360000000,14.186,14.287,13.85,13.911,7544919.18,2024-06-26
1719446400000,13.911,14.551,13.58,14.426,10398074.54,2024-06-27
1719532800000,14.426,14.596,13.755,13.771,10238433.8,2024-06-28
1719619200000,13.772,14.161,13.476,13.536,7501017.9,2024-06-29
1719705600000,13.537,14.348,13.44,14.278,8894102.56,2024-06-30
1719792000000,14.276,14.581,14.212,14.332,9282112.98,2024-07-01
1719878400000,14.333,14.75,14.243,14.412,9054185.26,2024-07-02
1719964800000,14.411,14.594,13.549,13.584,17917894.2,2024-07-03
1720051200000,13.584,13.729,12.502,12.529,21425774.45,2024-07-04
1720137600000,12.528,12.539,11.007,12.303,34001468.0,2024-07-05
1720224000000,12.303,13.276,12.178,13.173,11076010.27,2024-07-06
1720310400000,13.173,13.185,12.276,12.348,10097851.2,2024-07-07
1720396800000,12.348,13.523,11.769,13.111,21513577.9,2024-07-08
1720483200000,13.11,13.311,12.719,12.831,13783364.59,2024-07-09
1720569600000,12.831,13.162,12.682,12.782,10804885.95,2024-07-10
1720656000000,12.782,13.16,12.278,12.336,13089144.52,2024-07-11
1720742400000,12.337,12.823,12.222,12.735,9834970.46,2024-07-12
1720828800000,12.736,13.13,12.696,13.011,8789946.1,2024-07-13
1720915200000,13.009,13.518,12.882,13.442,10687557.18,2024-07-14
1721001600000,13.441,14.502,13.395,14.382,12861381.08,2024-07-15
1721088000000,14.381,14.617,13.805,14.199,14049909.53,2024-07-16
1721174400000,14.201,14.494,13.721,13.73,10015786.25,2024-07-17
1721260800000,13.73,13.999,13.406,13.589,9539977.04,2024-07-18
1721347200000,13.589,14.135,13.334,14.071,9563652.08,2024-07-19
1721433600000,14.07,14.326,13.838,14.24,6774979.98,2024-07-20
1721520000000,14.241,15.006,13.932,14.81,15060679.37,2024-07-21
1721606400000,14.81,14.873,13.768,13.926,12589669.82,2024-07-22
1721692800000,13.926,14.157,13.479,13.899,13193809.24,2024-07-23
1721779200000,13.9,13.955,13.242,13.394,9579505.01,2024-07-24
1721865600000,13.394,13.441,12.462,12.932,14407326.25,2024-07-25
1721952000000,12.932,13.636,12.912,13.52,8349923.81,2024-07-26
1722038400000,13.521,13.87,13.254,13.541,8421667.05,2024-07-27
1722124800000,13.541,13.639,13.186,13.3,5405109.41,2024-07-28
1722211200000,13.299,13.894,13.294,13.527,10899181.61,2024-07-29
1722297600000,13.527,13.79,12.972,13.129,10066979.23,2024-07-30
1722384000000,13.129,13.409,12.762,12.824,10812566.68,2024-07-31
1722470400000,12.822,13.093,12.113,12.877,16000844.96,2024-08-01
1722556800000,12.877,12.948,11.765,11.914,17918939.32,2024-08-02
1722643200000,11.914,12.127,11.335,11.681,14194681.11,2024-08-03
1722729600000,11.681,11.781,10.478,10.881,18735258.61,2024-08-04
1722816000000,10.881,10.973,7.864,9.477,90389163.19,2024-08-05
1722902400000,9.478,10.448,9.464,10.058,24814368.51,2024-08-06
1722988800000,10.058,10.476,9.415,9.488,21607149.56,2024-08-07
1723075200000,9.487,10.829,9.338,10.745,19225538.11,2024-08-08
1723161600000,10.746,10.746,10.15,10.528,12902587.13,2024-08-09
1723248000000,10.529,10.697,10.461,10.548,7291813.06,2024-08-10
1723334400000,10.548,10.836,9.936,9.995,10626432.2,2024-08-11
1723420800000,9.995,10.748,9.937,10.548,17693747.52,2024-08-12
1723507200000,10.547,10.687,10.086,10.567,12533970.58,2024-08-13
1723593600000,10.566,10.736,10.196,10.388,11673173.59,2024-08-14
1723680000000,10.387,10.692,9.975,10.166,14254841.94,2024-08-15
1723766400000,10.166,10.397,9.904,10.121,13267920.44,2024-08-16
1723852800000,10.122,10.172,10.019,10.152,5999650.16,2024-08-17
1723939200000,10.152,10.468,10.049,10.078,8821740.06,2024-08-18
1724025600000,10.079,10.194,9.934,10.177,10177009.13,2024-08-19
1724112000000,10.177,10.544,10.03,10.231,11365560.66,2024-08-20
1724198400000,10.231,11.403,10.134,11.209,16708852.86,2024-08-21
1724284800000,11.209,11.61,11.126,11.467,15268445.14,2024-08-22
1724371200000,11.468,12.206,11.448,12.047,16207207.31,2024-08-23
1724457600000,12.046,12.553,11.895,12.335,10574884.76,2024-08-24
1724544000000,12.335,12.375,11.935,12.097,9979812.95,2024-08-25
1724630400000,12.095,12.685,11.831,11.833,17549872.61,2024-08-26
1724716800000,11.831,12.047,10.88,11.147,15887116.8,2024-08-27
1724803200000,11.146,11.699,10.931,11.17,15917344.85,2024-08-28
1724889600000,11.169,11.461,10.803,10.937,9411683.88,2024-08-29
1724976000000,10.936,11.195,10.497,11.114,11356496.22,2024-08-30
1725062400000,11.113,11.202,10.927,11.009,5292366.31,2024-08-31
1725148800000,11.009,11.016,10.222,10.359,9825867.34,2024-09-01
1725235200000,10.358,10.828,10.316,10.756,9345391.91,2024-09-02
1725321600000,10.755,10.875,10.209,10.311,10772046.51,2024-09-03
1725408000000,10.311,10.494,9.812,10.331,13435647.43,2024-09-04
1725494400000,10.331,10.394,9.904,10.021,8283528.94,2024-09-05
1725580800000,10.021,10.175,9.276,9.568,18339297.29,2024-09-06
1725667200000,9.568,10.156,9.554,10.023,9262079.47,2024-09-07
1725753600000,10.024,10.449,9.962,10.346,8623115.35,2024-09-08
1725840000000,10.346,10.82,10.267,10.532,14678161.41,2024-09-09
1725926400000,10.533,10.737,10.323,10.584,10067702.87,2024-09-10
1726012800000,10.585,10.593,10.159,10.393,11879368.89,2024-09-11
1726099200000,10.393,10.801,10.384,10.78,9395262.75,2024-09-12
1726185600000,10.78,11.553,10.637,11.441,16007885.33,2024-09-13
1726272000000,11.441,11.467,11.201,11.29,6777545.47,2024-09-14
1726358400000,11.29,11.355,10.781,10.799,7275892.85,2024-09-15
1726444800000,10.799,10.827,10.408,10.537,11438859.35,2024-09-16
1726531200000,10.536,10.912,10.432,10.616,9926008.61,2024-09-17
1726617600000,10.616,10.894,10.279,10.891,11871673.27,2024-09-18
1726704000000,10.892,11.394,10.892,11.199,11668474.99,2024-09-19
1726790400000,11.198,11.734,11.117,11.43,11711585.0,2024-09-20
1726876800000,11.429,11.541,11.203,11.486,6398746.75,2024-09-21
1726963200000,11.485,11.542,10.839,11.122,9575211.32,2024-09-22
1727049600000,11.121,11.604,10.901,11.389,12264827.93,2024-09-23
1727136000000,11.388,12.227,11.194,12.149,14507710.04,2024-09-24
1727222400000,12.149,12.554,12.062,12.107,13381260.35,2024-09-25
1727308800000,12.109,12.744,11.874,12.557,14869911.35,2024-09-26
1727395200000,12.557,12.88,12.447,12.667,10958822.65,2024-09-27
1727481600000,12.668,12.974,12.358,12.942,10039660.91,2024-09-28
1727568000000,12.942,12.976,12.43,12.458,7453795.16,2024-09-29
1727654400000,12.459,12.474,11.743,11.843,12318742.47,2024-09-30
1727740800000,11.843,12.248,10.833,11.008,19648028.07,2024-10-01
1727827200000,11.008,11.309,10.446,10.647,15455223.67,2024-10-02
1727913600000,10.646,10.862,10.332,10.651,14733284.97,2024-10-03
1728000000000,10.651,11.246,10.589,11.069,9658049.7,2024-10-04
1728086400000,11.07,11.376,10.979,11.26,6641501.27,2024-10-05
1728172800000,11.261,11.399,11.152,11.274,7136319.72,2024-10-06
1728259200000,11.273,11.759,11.114,11.152,12708929.01,2024-10-07
1728345600000,11.152,11.289,10.785,10.828,9703484.39,2024-10-08
1728432000000,10.828,10.97,10.406,10.53,10288107.18,2024-10-09
1728518400000,10.53,10.735,10.243,10.553,11056195.12,2024-10-10
1728604800000,10.552,11.023,10.492,10.901,8752299.04,2024-10-11
1728691200000,10.902,11.144,10.829,10.999,6499861.87,2024-10-12
1728777600000,10.998,11.079,10.621,10.746,7431756.98,2024-10-13
1728864000000,10.746,11.345,10.6,11.28,12335839.05,2024-10-14
1728950400000,11.281,11.699,10.933,11.458,20682940.74,2024-10-15
1729036800000,11.459,11.535,11.066,11.242,11738314.94,2024-10-16
1729123200000,11.242,11.35,10.844,11.027,10021643.97,2024-10-17
1729209600000,11.027,11.508,10.978,11.482,9738973.18,2024-10-18
1729296000000,11.481,11.605,11.293,11.418,5428033.42,2024-10-19
1729382400000,11.417,12.042,11.277,11.977,10327855.8,2024-10-20
1729468800000,11.976,12.036,11.545,11.711,9813125.52,2024-10-21
1729555200000,11.71,12.341,11.589,11.976,18531873.95,2024-10-22
1729641600000,11.976,12.004,10.995,11.321,14364070.16,2024-10-23
1729728000000,11.321,11.642,11.218,11.615,9316731.03,2024-10-24
1729814400000,11.616,12.093,10.793,11.128,24283749.35,2024-10-25
1729900800000,11.127,11.392,10.812,11.002,15033932.12,2024-10-26
1729987200000,11.001,11.175,10.837,10.977,8688960.72,2024-10-27
1730073600000,10.976,11.258,10.701,11.179,14077410.44,2024-10-28
1730160000000,11.178,11.81,11.143,11.798,12345172.22,2024-10-29
1730246400000,11.798,12.459,11.651,12.396,18027227.1,2024-10-30
1730332800000,12.396,12.468,11.319,11.419,17255717.95,2024-10-31
1730419200000,11.419,11.722,11.133,11.248,18777719.9,2024-11-01
1730505600000,11.248,11.398,11.067,11.185,9039812.97,2024-11-02
1730592000000,11.184,11.227,10.502,10.752,13576680.84,2024-11-03
1730678400000,10.752,10.904,10.06,10.248,15790748.46,2024-11-04
1730764800000,10.249,10.936,10.172,10.829,12836003.1,2024-11-05
1730851200000,10.829,12.319,10.792,12.175,23043322.35,2024-11-06
1730937600000,12.174,12.716,12.07,12.595,16717429.44,2024-11-07
1731024000000,12.595,13.757,12.527,13.696,23212957.42,2024-11-08
1731110400000,13.696,13.855,13.281,13.782,15705522.97,2024-11-09
1731196800000,13.781,14.877,13.657,14.271,29348736.25,2024-11-10
1731283200000,14.271,14.953,13.618,14.93,25825706.64,2024-11-11
1731369600000,14.93,15.366,13.68,13.96,32971293.37,2024-11-12
1731456000000,13.96,14.391,13.058,13.491,30323503.13,2024-11-13
1731542400000,13.491,13.838,12.802,13.005,22340643.78,2024-11-14
1731628800000,13.005,13.908,12.71,13.849,18446869.74,2024-11-15
1731715200000,13.85,14.807,13.74,14.539,18012581.82,2024-11-16
1731801600000,14.54,14.906,13.564,13.792,18858688.24,2024-11-17
1731888000000,13.793,16.023,13.756,15.281,29176324.41,2024-11-18
1731974400000,15.281,15.439,14.33,14.631,19632841.31,2024-11-19
1732060800000,14.631,15.338,14.036,14.241,21501237.64,2024-11-20
1732147200000,14.242,15.387,13.838,14.909,22610617.59,2024-11-21
1732233600000,14.909,16.61,14.729,16.582,31565770.55,2024-11-22
1732320000000,16.582,18.411,16.323,17.4,37783271.2,2024-11-23
1732406400000,17.4,18.359,16.113,17.921,30612066.17,2024-11-24
1732492800000,17.922,19.069,17.154,17.355,33572981.59,2024-11-25
1732579200000,17.352,17.852,16.185,17.349,27566242.85,2024-11-26
1732665600000,17.349,19.013,16.974,18.672,24991832.02,2024-11-27
1732752000000,18.671,18.714,17.501,17.948,14852406.33,2024-11-28
1732838400000,17.949,18.42,17.531,18.26,13750687.08,2024-11-29
1732924800000,18.261,19.471,17.948,19.016,17839963.41,2024-11-30
1733011200000,19.017,19.132,18.443,18.935,16569348.19,2024-12-01
1733097600000,18.938,26.918,18.591,25.241,93810547.08,2024-12-02
1733184000000,25.242,26.277,22.569,24.127,66342412.6,2024-12-03
1733270400000,24.127,26.534,23.625,24.092,40851002.19,2024-12-04
1733356800000,24.09,24.832,22.275,23.172,31893912.76,2024-12-05
1733443200000,23.173,25.961,22.759,25.893,25721293.41,2024-12-06
1733529600000,25.893,26.884,24.46,24.808,21447191.67,2024-12-07
1733616000000,24.808,27.425,24.706,26.12,31279249.29,2024-12-08
1733702400000,26.121,27.379,19.279,22.241,64579625.76,2024-12-09
1733788800000,22.243,23.774,20.267,22.115,50365160.17,2024-12-10
1733875200000,22.116,24.316,21.14,24.064,25622113.8,2024-12-11
1733961600000,24.064,29.454,23.866,29.128,69090718.6,2024-12-12
1734048000000,29.13,30.947,27.526,28.983,51962400.7,2024-12-13
1734134400000,28.983,30.774,28.72,29.117,50661423.69,2024-12-14
1734220800000,29.118,29.88,28.014,29.257,33800422.57,2024-12-15
1734307200000,29.257,30.845,28.404,28.73,47703536.87,2024-12-16
1734393600000,28.729,29.049,27.344,27.858,29415286.87,2024-12-17
1734480000000,27.86,28.409,24.595,24.855,41562526.1,2024-12-18
1734566400000,24.855,25.592,21.706,22.806,49583213.36,2024-12-19
1734652800000,22.803,23.711,20.011,23.38,46519858.34,2024-12-20
1734739200000,23.38,24.92,21.774,22.123,32253930.58,2024-12-21
1734825600000,22.124,22.775,21.296,22.084,21161871.33,2024-12-22
1734912000000,22.083,24.95,21.485,24.539,34049481.48,2024-12-23
1734998400000,24.54,25.98,23.546,25.418,26140000.17,2024-12-24
1735084800000,25.417,25.574,24.133,24.428,16498215.97,2024-12-25
1735171200000,24.431,24.697,22.414,22.665,18616946.7,2024-12-26
1735257600000,22.665,23.664,21.352,21.558,22350077.65,2024-12-27
1735344000000,21.558,22.37,21.054,21.974,17172387.58,2024-12-28
1735430400000,21.974,22.006,20.768,20.946,11938297.45,2024-12-29
1735516800000,20.946,21.821,20.083,20.569,22374660.9,2024-12-30
1735603200000,20.568,21.184,19.809,20.003,17166926.58,2024-12-31
1735689600000,20.002,21.846,19.687,21.721,18453742.14,2025-01-01
1735776000000,21.722,22.894,21.711,22.064,19924435.25,2025-01-02
1735862400000,22.066,23.903,21.641,23.48,19476886.63,2025-01-03
1735948800000,23.48,24.045,22.872,23.591,14424276.43,2025-01-04
1736035200000,23.592,23.834,22.851,23.574,11640990.31,2025-01-05
1736121600000,23.575,24.793,23.004,23.816,21691705.74,2025-01-06
1736208000000,23.817,23.835,21.157,21.377,22214639.36,2025-01-07
1736294400000,21.377,21.716,19.557,20.426,25139662.75,2025-01-08
1736380800000,20.425,20.715,19.124,19.635,19801755.45,2025-01-09
1736467200000,19.635,20.526,19.53,20.234,18677749.5,2025-01-10
1736553600000,20.235,20.679,19.8,20.204,9120399.67,2025-01-11
1736640000000,20.204,20.323,19.575,19.833,9183455.43,2025-01-12
1736726400000,19.833,20.439,17.737,19.349,32576753.64,2025-01-13
1736812800000,19.348,20.486,19.241,20.323,14104180.67,2025-01-14
1736899200000,20.323,22.138,20.089,22.075,22520568.4,2025-01-15
1736985600000,22.074,23.783,21.284,23.015,29103373.38,2025-01-16
1737072000000,23.017,25.22,23.016,25.089,21574409.59,2025-01-17
1737158400000,25.087,25.656,23.368,24.098,27651687.93,2025-01-18
1737244800000,24.098,26.696,22.185,24.339,49918983.74,2025-01-19
1737331200000,24.338,26.952,23.391,25.069,65705902.0,2025-01-20
1737417600000,25.071,27.089,23.679,26.651,36072701.81,2025-01-21
1737504000000,26.653,27.2,25.11,25.293,17497394.06,2025-01-22
1737590400000,25.29,26.232,23.976,25.65,26673563.6,2025-01-23
1737676800000,25.649,26.421,24.851,25.17,16569096.37,2025-01-24
1737763200000,25.171,25.431,24.677,24.911,11590998.36,2025-01-25
1737849600000,24.911,26.389,24.839,24.867,14155569.06,2025-01-26
1737936000000,24.867,25.112,22.164,24.196,33248996.37,2025-01-27
1738022400000,24.197,24.643,22.335,22.599,15562609.94,2025-01-28
1738108800000,22.598,24.438,22.31,23.649,21337355.16,2025-01-29
1738195200000,23.649,25.192,23.393,24.449,15121002.78,2025-01-30
1738281600000,24.449,26.433,24.121,25.15,20164399.69,2025-01-31
1738368000000,25.15,25.952,22.75,22.961,18363109.29,2025-02-01
1738454400000,22.957,23.311,19.258,20.45,37026313.44,2025-02-02
1738540800000,20.45,22.016,15.429,21.636,73909837.4,2025-02-03
1738627200000,21.636,21.702,19.323,19.965,36771655.11,2025-02-04
1738713600000,19.966,20.264,18.95,19.181,23176392.27,2025-02-05
1738800000000,19.181,19.921,18.394,18.574,20909957.15,2025-02-06
1738886400000,18.574,19.828,17.786,18.368,23895992.87,2025-02-07
1738972800000,18.368,18.614,17.863,18.428,11777262.73,2025-02-08
1739059200000,18.428,18.998,17.424,18.255,16833853.6,2025-02-09
1739145600000,18.254,19.115,17.652,18.791,19363301.64,2025-02-10
1739232000000,18.792,19.787,18.209,18.635,19005974.03,2025-02-11
1739318400000,18.635,19.5,17.629,19.19,22875376.16,2025-02-12
1739404800000,19.192,19.324,18.165,18.54,15608846.17,2025-02-13
1739491200000,18.541,19.84,18.434,19.371,17025298.5,2025-02-14
1739577600000,19.373,19.65,18.717,18.987,10722003.64,2025-02-15
1739664000000,18.988,19.253,18.533,18.69,11097788.88,2025-02-16
1739750400000,18.69,19.783,18.351,19.097,18574892.95,2025-02-17
1739836800000,19.097,19.188,17.273,17.856,21450498.24,2025-02-18
1739923200000,17.855,18.198,17.422,17.963,14729961.11,2025-02-19
1740009600000,17.964,18.465,17.82,18.278,15538140.18,2025-02-20
1740096000000,18.278,19.052,17.118,17.412,22960536.67,2025-02-21
1740182400000,17.412,18.019,17.295,17.745,9827226.24,2025-02-22
1740268800000,17.745,18.125,17.417,17.604,9638926.2,2025-02-23
1740355200000,17.603,17.736,14.94,15.249,27099143.39,2025-02-24
1740441600000,15.248,15.573,14.019,15.306,41928156.53,2025-02-25
1740528000000,15.306,15.77,14.662,15.249,27079037.11,2025-02-26
1740614400000,15.249,15.767,14.767,15.103,18145776.78,2025-02-27
1740700800000,15.103,15.186,13.449,14.81,32580337.83,2025-02-28
1740787200000,14.81,15.135,14.217,14.751,15534406.59,2025-03-01
1740873600000,14.751,17.532,14.402,17.407,30770743.73,2025-03-02
1740960000000,17.407,17.483,14.361,14.445,34714210.93,2025-03-03
1741046400000,14.445,15.345,13.063,14.855,47486235.47,2025-03-04
1741132800000,14.855,16.581,14.624,16.411,32110138.73,2025-03-05
1741219200000,16.413,17.66,16.369,17.046,35607935.25,2025-03-06
1741305600000,17.045,17.528,15.722,15.928,43847655.1,2025-03-07
1741392000000,15.929,16.024,15.106,15.253,17292711.76,2025-03-08
1741478400000,15.253,15.356,13.587,13.795,23273741.59,2025-03-09
1741564800000,13.795,14.56,12.409,12.653,35771047.63,2025-03-10
1741651200000,12.652,13.644,11.839,13.132,39575043.25,2025-03-11
1741737600000,13.131,13.804,12.641,13.479,28540428.03,2025-03-12
1741824000000,13.478,13.594,12.71,13.035,22337175.09,2025-03-13
1741910400000,13.034,14.682,12.983,13.656,57374473.13,2025-03-14
1741996800000,13.655,14.242,13.624,14.006,17962135.19,2025-03-15
1742083200000,14.007,14.183,13.201,13.358,18366060.23,2025-03-16
1742169600000,13.358,14.235,13.329,14.021,17628197.47,2025-03-17
1742256000000,14.021,14.268,13.445,13.909,18062308.85,2025-03-18
1742342400000,13.909,15.036,13.763,15.013,21664305.17,2025-03-19
1742428800000,15.013,15.164,14.072,14.211,15479483.96,2025-03-20
1742515200000,14.21,14.377,13.81,13.949,12168597.0,2025-03-21
1742601600000,13.949,14.492,13.921,14.242,8948377.83,2025-03-22
1742688000000,14.242,14.485,14.199,14.461,10314590.82,2025-03-23
1742774400000,14.461,15.406,14.139,15.121,19070384.1,2025-03-24
1742860800000,15.122,15.608,14.861,15.428,13427169.34,2025-03-25
1742947200000,15.428,15.994,14.936,15.241,15563866.73,2025-03-26
1743033600000,15.24,15.793,15.16,15.513,14233712.89,2025-03-27
1743120000000,15.513,15.582,13.991,14.244,19758250.13,2025-03-28
1743206400000,14.245,14.403,13.364,13.544,14213881.38,2025-03-29
1743292800000,13.545,13.856,13.183,13.408,13768212.68,2025-03-30
1743379200000,13.409,13.703,12.949,13.501,18061892.93,2025-03-31
1743465600000,13.501,14.391,13.482,14.038,15807571.03,2025-04-01
1743552000000,14.037,14.398,12.8,12.894,33568389.75,2025-04-02
1743638400000,12.893,13.296,12.293,12.891,22473071.3,2025-04-03
1743724800000,12.892,13.183,12.345,12.938,25375817.91,2025-04-04
1743811200000,12.938,13.047,12.566,12.838,10004488.53,2025-04-05
1743897600000,12.838,12.946,10.998,11.279,28725331.06,2025-04-06
1743984000000,11.279,11.871,10.1,11.448,60052679.97,2025-04-07
1744070400000,11.447,11.884,10.774,10.918,33891230.03,2025-04-08
1744156800000,10.917,12.819,10.437,12.652,43006821.52,2025-04-09
1744243200000,12.651,12.664,11.667,12.067,23557805.38,2025-04-10
1744329600000,12.066,12.899,12.02,12.639,17772089.5,2025-04-11
1744416000000,12.639,13.279,12.464,13.142,14730535.53,2025-04-12
1744502400000,13.142,13.224,12.417,12.616,18915811.07,2025-04-13
1744588800000,12.617,13.238,12.562,12.632,21226166.0,2025-04-14
1744675200000,12.631,12.823,12.205,12.229,19241161.23,2025-04-15
1744761600000,12.23,12.52,11.892,12.349,20695653.22,2025-04-16
1744848000000,12.349,12.697,12.193,12.53,15611067.02,2025-04-17
1744934400000,12.53,12.717,12.395,12.555,10167607.99,2025-04-18
1745020800000,12.555,13.05,12.529,12.931,10249058.47,2025-04-19
1745107200000,12.93,13.595,12.869,13.277,14530527.58,2025-04-20
1745193600000,13.278,13.687,12.956,13.093,16690978.82,2025-04-21
1745280000000,13.092,14.185,12.851,14.129,19966027.51,2025-04-22
1745366400000,14.129,15.275,14.013,15.01,23703104.37,2025-04-23
1745452800000,15.011,15.146,14.153,15.053,20541623.28,2025-04-24
1745539200000,15.053,15.349,14.701,14.912,20835956.47,2025-04-25
1745625600000,14.913,15.277,14.664,14.858,12432851.44,2025-04-26
1745712000000,14.858,15.086,14.346,14.548,13587214.01,2025-04-27
1745798400000,14.548,15.102,14.232,15.018,18942551.16,2025-04-28
1745884800000,15.018,15.233,14.466,14.589,15244459.6,2025-04-29
1745971200000,14.588,14.746,13.813,14.284,13861899.45,2025-04-30
1746057600000,14.284,15.034,14.283,14.739,12807623.47,2025-05-01
1746144000000,14.739,15.025,14.482,14.65,12999582.93,2025-05-02
1746230400000,14.65,14.662,14.144,14.241,9342484.64,2025-05-03
1746316800000,14.24,14.36,13.8,13.848,10447610.94,2025-05-04
1746403200000,13.849,14.193,13.47,13.632,15927210.26,2025-05-05
1746489600000,13.633,13.881,13.198,13.816,15690768.79,2025-05-06
1746576000000,13.816,14.077,13.454,13.81,16966941.2,2025-05-07
1746662400000,13.81,15.99,13.8,15.883,29600053.88,2025-05-08
1746748800000,15.882,16.777,15.581,16.009,30856087.61,2025-05-09
1746835200000,16.01,17.465,15.853,17.332,25475814.32,2025-05-10
1746921600000,17.332,17.434,16.292,17.104,23124297.01,2025-05-11
1747008000000,17.104,17.976,16.004,16.722,31890517.31,2025-05-12
1747094400000,16.723,17.805,16.022,17.385,25996389.6,2025-05-13
1747180800000,17.385,17.528,16.666,17.005,22162568.45,2025-05-14
1747267200000,17.005,17.2,15.678,16.033,24498186.42,2025-05-15
1747353600000,16.033,16.535,15.599,15.748,17231438.09,2025-05-16
1747440000000,15.749,15.789,15.063,15.316,16221084.6,2025-05-17
1747526400000,15.316,16.393,14.864,15.863,23211740.23,2025-05-18
1747612800000,15.864,15.996,14.832,15.779,21973425.34,2025-05-19
1747699200000,15.779,16.413,15.228,15.695,20965036.2,2025-05-20
1747785600000,15.695,16.481,15.5,16.094,30721260.81,2025-05-21
1747872000000,16.095,16.906,16.023,16.733,20068242.97,2025-05-22
1747958400000,16.734,17.154,15.41,15.528,30512133.78,2025-05-23
1748044800000,15.528,15.896,15.236,15.329,11382852.16,2025-05-24
1748131200000,15.329,15.548,14.853,15.523,13486861.66,2025-05-25
1748217600000,15.524,15.95,15.373,15.524,13325001.65,2025-05-26
1748304000000,15.524,16.122,15.144,15.901,15384946.81,2025-05-27
1748390400000,15.901,16.144,15.299,15.682,15136319.21,2025-05-28
1748476800000,15.682,16.186,14.962,15.034,20288852.45,2025-05-29
1748563200000,15.034,15.11,13.75,13.878,25495049.99,2025-05-30
1748649600000,13.879,14.18,13.387,13.96,17163902.39,2025-05-31
1748736000000,13.96,14.115,13.571,14.054,12700455.52,2025-06-01
1748822400000,14.054,14.114,13.58,14.071,13882119.84,2025-06-02
1748908800000,14.072,14.437,13.952,14.103,15232053.02,2025-06-03
1748995200000,14.103,14.469,13.707,13.826,14602012.11,2025-06-04
1749081600000,13.826,14.03,12.633,12.876,24659762.07,2025-06-05
1749168000000,12.876,13.67,12.812,13.562,15326601.91,2025-06-06
1749254400000,13.562,14.075,13.47,13.814,12090298.25,2025-06-07
1749340800000,13.814,13.969,13.531,13.712,9824320.38,2025-06-08
1749427200000,13.713,14.403,13.53,14.346,15123742.56,2025-06-09
1749513600000,14.346,15.529,14.318,15.445,32730072.06,2025-06-10
1749600000000,15.445,15.651,14.764,14.886,25281333.48,2025-06-11
1749686400000,14.886,14.919,13.825,13.965,27373616.14,2025-06-12
1749772800000,13.965,13.979,12.754,13.432,30167611.66,2025-06-13
1749859200000,13.433,13.453,12.823,13.141,12727967.85,2025-06-14
1749945600000,13.142,13.318,12.982,13.289,12038285.49,2025-06-15
1750032000000,13.289,14.156,13.163,13.558,18820104.52,2025-06-16
1750118400000,13.559,13.776,12.796,12.98,22379410.49,2025-06-17
1750204800000,12.981,13.217,12.623,13.106,18615725.07,2025-06-18
1750291200000,13.107,13.369,12.904,13.063,14422394.39,2025-06-19
1750377600000,13.064,13.274,12.289,12.499,19583466.3,2025-06-20
1750464000000,12.499,12.739,11.645,12.014,17912879.17,2025-06-21
1750550400000,12.017,12.19,10.923,11.648,33809266.59,2025-06-22
1750636800000,11.648,12.936,11.395,12.818,30485539.62,2025-06-23
1750723200000,12.819,13.726,12.774,13.405,29623207.08,2025-06-24
1750809600000,13.405,13.503,12.983,13.133,18526846.97,2025-06-25
1750896000000,13.134,13.554,12.869,12.93,16953971.29,2025-06-26
1750982400000,12.93,13.228,12.719,13.044,15457377.61,2025-06-27
1751068800000,13.045,13.44,12.991,13.39,8616603.38,2025-06-28
1751155200000,13.39,13.87,13.236,13.701,11519563.82,2025-06-29
1751241600000,13.702,13.772,13.116,13.367,18230863.92,2025-06-30
1751328000000,13.367,13.426,12.777,12.887,13233220.18,2025-07-01
1751414400000,12.888,13.852,12.716,13.552,18355180.41,2025-07-02
1751500800000,13.552,14.073,13.437,13.66,19667996.04,2025-07-03
1751587200000,13.66,13.779,12.927,13.16,17474076.9,2025-07-04
1751673600000,13.159,13.264,12.987,13.222,7612624.68,2025-07-05
1751760000000,13.223,13.694,13.09,13.477,10011879.98,2025-07-06
1751846400000,13.478,13.723,13.24,13.426,18313141.73,2025-07-07
1751932800000,13.426,13.991,13.191,13.964,15776661.15,2025-07-08
1752019200000,13.964,14.374,13.806,14.243,24350143.56,2025-07-09
1752105600000,14.243,15.339,14.145,15.24,25101549.52,2025-07-10
1752192000000,15.241,15.878,15.019,15.287,27832691.91,2025-07-11
1752278400000,15.286,15.48,14.7,15.101,15159316.2,2025-07-12
1752364800000,15.101,15.95,15.041,15.649,16566021.39,2025-07-13
1752451200000,15.649,16.47,15.568,15.753,26187980.97,2025-07-14
1752537600000,15.754,16.195,15.141,16.106,25739896.38,2025-07-15
1752624000000,16.105,17.039,15.824,16.671,24994389.14,2025-07-16
1752710400000,16.671,18.125,16.327,17.997,32957804.75,2025-07-17
1752796800000,17.998,19.294,17.319,17.828,40685145.13,2025-07-18
1752883200000,17.827,18.548,17.536,18.391,17805190.01,2025-07-19
1752969600000,18.391,19.975,18.319,19.284,29081270.75,2025-07-20
1753056000000,19.285,20.287,18.991,19.502,30453882.72,2025-07-21
1753142400000,19.502,19.998,18.628,19.669,33210269.9,2025-07-22
1753228800000,19.67,19.775,17.531,18.173,30880235.14,2025-07-23
1753315200000,18.174,18.679,17.149,17.904,30842076.26,2025-07-24
1753401600000,17.903,18.488,17.25,18.284,27576836.32,2025-07-25
1753488000000,18.283,18.636,18.165,18.402,13511373.55,2025-07-26
1753574400000,18.402,19.287,18.347,19.228,17478784.24,2025-07-27
1753660800000,19.229,19.555,17.96,18.115,28682875.01,2025-07-28
1753747200000,18.115,18.633,17.468,17.823,22805826.82,2025-07-29
1753833600000,17.824,17.95,16.749,17.698,20650973.75,2025-07-30
1753920000000,17.699,18.222,16.839,16.921,17869883.71,2025-07-31
1754006400000,16.922,17.024,15.656,16.06,32771806.68,2025-08-01
1754092800000,16.061,16.245,15.428,15.635,16144832.97,2025-08-02
1754179200000,15.635,16.392,15.432,16.288,10922310.96,2025-08-03
1754265600000,16.288,17.192,16.262,17.107,15719147.76,2025-08-04
1754352000000,17.106,17.116,16.069,16.374,16583812.08,2025-08-05
1754438400000,16.375,16.898,16.023,16.666,12988939.36,2025-08-06
1754524800000,16.666,18.495,16.575,18.46,32311570.3,2025-08-07
1754611200000,18.461,19.968,18.082,19.887,43769572.37,2025-08-08
1754697600000,19.887,21.991,19.782,21.939,42879260.03,2025-08-09
1754784000000,21.939,22.699,21.155,22.059,44394386.78,2025-08-10
1754870400000,22.06,22.598,20.835,21.062,37874606.68,2025-08-11
1754956800000,21.062,24.191,20.995,23.592,50543582.24,2025-08-12
1755043200000,23.591,24.719,23.228,23.966,49240230.32,2025-08-13
1755129600000,23.966,24.32,21.442,22.447,48947276.0,2025-08-14
1755216000000,22.447,23.034,21.356,21.737,28838062.97,2025-08-15
1755302400000,21.736,22.958,21.39,22.627,20382888.91,2025-08-16
1755388800000,22.628,26.338,22.358,25.639,59178379.89,2025-08-17
1755475200000,25.638,26.72,24.277,25.765,84883231.07,2025-08-18
1755561600000,25.766,25.802,23.432,23.553,63227415.82,2025-08-19
1755648000000,23.553,26.885,23.362,26.446,72709543.48,2025-08-20
1755734400000,26.446,26.591,24.628,24.804,54201473.35,2025-08-21
1755820800000,24.803,27.863,24.113,26.8,67193169.89,2025-08-22
1755907200000,26.799,26.834,25.517,26.276,32583968.69,2025-08-23
1755993600000,26.276,26.609,25.223,25.817,40405047.66,2025-08-24
1756080000000,25.817,26.471,23.074,23.373,50162654.27,2025-08-25
1756166400000,23.374,24.738,22.865,24.369,39547218.83,2025-08-26
1756252800000,24.369,24.68,23.571,23.773,33012875.09,2025-08-27
1756339200000,23.773,26.032,23.558,25.171,59452157.61,2025-08-28
1756425600000,25.17,25.22,23.101,23.413,40147022.1,2025-08-29
1756512000000,23.414,23.513,22.814,23.493,16693075.54,2025-08-30
1756598400000,23.494,24.057,23.175,23.195,17722234.7,2025-08-31
1756684800000,23.194,23.854,22.074,22.505,31909921.29,2025-09-01
1756771200000,22.506,23.595,22.336,23.49,28317456.72,2025-09-02
1756857600000,23.49,23.9,23.209,23.686,17284087.62,2025-09-03
1756944000000,23.687,23.955,22.177,22.301,22353234.4,2025-09-04
1757030400000,22.3,23.235,22.03,22.284,32095696.41,2025-09-05
1757116800000,22.284,22.51,21.855,22.191,12600677.97,2025-09-06
1757203200000,22.192,22.607,22.108,22.452,13679226.49,2025-09-07
1757289600000,22.452,23.295,22.224,23.035,24117456.18,2025-09-08
1757376000000,23.034,23.822,22.822,23.041,28221586.5,2025-09-09
1757462400000,23.04,23.929,22.873,23.566,21877308.86,2025-09-10
1757548800000,23.566,24.486,23.28,24.452,24236690.11,2025-09-11
1757635200000,24.452,25.327,24.156,25.122,25215842.04,2025-09-12
1757721600000,25.122,25.638,24.433,24.876,21349202.57,2025-09-13
1757808000000,24.876,25.011,23.825,24.083,15036235.07,2025-09-14
1757894400000,24.083,24.418,22.965,23.55,22290282.56,2025-09-15
1757980800000,23.549,23.743,23.082,23.472,15812019.72,2025-09-16
1758067200000,23.473,24.239,22.727,23.988,26238394.01,2025-09-17
1758153600000,23.989,24.745,23.681,24.624,20103416.94,2025-09-18
1758240000000,24.624,24.889,23.251,23.462,26392357.46,2025-09-19
1758326400000,23.461,23.638,23.073,23.318,10884806.99,2025-09-20
1758412800000,23.318,23.479,22.881,22.941,9735643.42,2025-09-21
1758499200000,22.94,23.038,20.032,21.642,35329674.3,2025-09-22
1758585600000,21.642,22.036,21.172,21.508,20419097.63,2025-09-23
1758672000000,21.509,21.954,20.942,21.594,18301338.22,2025-09-24
1758758400000,21.595,21.648,19.82,20.139,34569190.92,2025-09-25
1758844800000,20.138,21.23,19.924,21.06,22383005.74,2025-09-26
1758931200000,21.06,21.143,20.721,20.906,8725567.96,2025-09-27
1759017600000,20.907,21.714,20.419,21.668,13930336.22,2025-09-28
1759104000000,21.668,21.889,20.891,21.72,17919413.6,2025-09-29
1759190400000,21.721,21.867,20.95,21.304,19691037.42,2025-09-30
1759276800000,21.304,22.624,21.053,22.568,20835367.86,2025-10-01
1759363200000,22.568,23.115,21.926,22.764,21742872.96,2025-10-02
1759449600000,22.764,23.082,22.079,22.499,21549716.64,2025-10-03
1759536000000,22.499,22.612,21.754,22.009,14277228.2,2025-10-04
1759622400000,22.01,22.939,21.861,21.984,20577830.16,2025-10-05
1759708800000,21.984,23.598,21.469,23.368,28831664.99,2025-10-06
1759795200000,23.369,23.735,21.75,21.791,34585699.96,2025-10-07
1759881600000,21.791,22.661,21.614,22.625,19064064.55,2025-10-08
1759968000000,22.625,22.672,21.314,21.986,21045578.96,2025-10-09
1760054400000,21.986,22.777,8.164,17.275,80841059.31,2025-10-10
1760140800000,17.279,18.51,16.598,17.19,42234341.65,2025-10-11
1760227200000,17.19,19.417,16.669,18.983,31823959.73,2025-10-12
1760313600000,18.983,20.189,18.72,19.838,32001329.83,2025-10-13
1760400000000,19.839,20.058,18.058,19.093,36021049.11,2025-10-14
1760486400000,19.093,19.244,17.709,18.044,23272491.27,2025-10-15
1760572800000,18.043,18.616,17.093,17.417,26183906.28,2025-10-16
1760659200000,17.418,17.689,15.683,16.594,34295687.35,2025-10-17
1760745600000,16.594,16.997,16.563,16.804,11586293.8,2025-10-18
1760832000000,16.804,17.651,16.519,17.274,16055714.15,2025-10-19
1760918400000,17.274,19.18,16.921,18.647,31628663.86,2025-10-20
1761004800000,18.646,18.959,17.528,17.597,37692249.21,2025-10-21
1761091200000,17.598,17.825,16.691,17.195,27018923.83,2025-10-22
1761177600000,17.196,17.785,17.088,17.423,17752184.72,2025-10-23
1761264000000,17.423,18.1,17.281,17.888,15849654.28,2025-10-24
1761350400000,17.888,18.244,17.781,18.007,7924254.79,2025-10-25
1761436800000,18.007,18.679,17.682,18.535,15055023.81,2025-10-26
1761523200000,18.535,19.056,18.078,18.205,20912237.4,2025-10-27
1761609600000,18.206,18.814,17.408,17.814,23673461.58,2025-10-28
1761696000000,17.815,18.667,17.522,18.128,25577107.7,2025-10-29
1761782400000,18.129,18.424,16.311,16.787,30803125.71,2025-10-30
1761868800000,16.788,17.451,16.724,17.233,21774113.27,2025-10-31
1761955200000,17.233,17.435,17.026,17.135,10254863.86,2025-11-01
1762041600000,17.136,17.636,16.98,17.581,14430872.91,2025-11-02
1762128000000,17.581,17.659,14.427,15.237,41653589.75,2025-11-03
1762214400000,15.239,15.5,13.686,14.674,47767331.7,2025-11-04
1762300800000,14.675,15.393,13.979,15.083,25483796.27,2025-11-05
1762387200000,15.084,15.229,14.234,14.733,22119509.27,2025-11-06
1762473600000,14.734,16.213,14.3,15.79,26395938.2,2025-11-07
1762560000000,15.791,16.028,15.109,15.508,16620135.68,2025-11-08
1762646400000,15.509,16.123,15.012,15.919,15037323.92,2025-11-09
1762732800000,15.92,16.662,15.776,16.358,18594509.89,2025-11-10
1762819200000,16.359,16.789,15.23,15.275,19888104.4,2025-11-11
1762905600000,15.276,16.244,14.907,15.142,24710033.08,2025-11-12
1762992000000,15.142,16.014,14.138,14.537,28774400.27,2025-11-13
1763078400000,14.537,14.599,13.571,13.802,31722881.66,2025-11-14
1763164800000,13.801,14.33,13.787,14.128,14284537.52,2025-11-15
1763251200000,14.127,14.518,13.385,13.727,21899481.48,2025-11-16
1763337600000,13.727,14.28,13.074,13.323,25639856.5,2025-11-17
1763424000000,13.322,13.99,13.05,13.797,23338331.45,2025-11-18
1763510400000,13.796,13.835,12.757,13.52,28588256.72,2025-11-19
1763596800000,13.521,14.0,12.759,12.932,28329972.14,2025-11-20
1763683200000,12.931,13.206,11.602,12.11,49193256.94,2025-11-21
1763769600000,12.11,12.299,11.731,12.166,17890185.72,2025-11-22
1763856000000,12.166,12.742,12.105,12.511,16090662.36,2025-11-23
1763942400000,12.512,13.198,12.295,12.962,21535561.99,2025-11-24
1764028800000,12.962,13.216,12.541,13.077,18862014.65,2025-11-25
1764115200000,13.078,13.503,12.74,13.449,14627886.58,2025-11-26
1764201600000,13.448,13.568,13.221,13.329,9623035.04,2025-11-27
1764288000000,13.329,13.543,13.034,13.114,14021904.31,2025-11-28
1764374400000,13.115,13.214,12.904,12.976,8848417.44,2025-11-29
1764460800000,12.976,13.413,12.928,12.945,10244691.19,2025-11-30
1764547200000,12.944,12.973,11.739,12.067,27448461.8,2025-12-01
1764633600000,12.067,13.586,11.968,13.462,21882409.67,2025-12-02
1764720000000,13.462,14.738,13.431,14.631,29797070.77,2025-12-03
1764806400000,14.631,14.921,13.957,14.248,20673152.81,2025-12-04
1764892800000,14.248,14.393,13.355,13.581,19833376.47,2025-12-05
1764979200000,13.581,14.071,13.486,13.912,11911741.66,2025-12-06
1765065600000,13.912,14.168,13.168,13.641,18132211.65,2025-12-07
1765152000000,13.642,14.285,13.551,13.754,16128485.52,2025-12-08
1765238400000,13.754,15.006,13.532,14.399,20642008.09,2025-12-09
1765324800000,14.399,14.884,13.931,14.088,22524064.65,2025-12-10
1765411200000,14.088,14.207,13.382,14.06,19391457.75,2025-12-11
1765497600000,14.059,14.339,13.266,13.627,16997563.14,2025-12-12
1765584000000,13.627,13.965,13.591,13.725,7270432.24,2025-12-13
1765670400000,13.725,13.787,13.084,13.267,9258772.61,2025-12-14
1765756800000,13.267,13.731,12.46,12.851,18155418.6,2025-12-15
1765843200000,12.85,13.128,12.539,12.92,14381298.31,2025-12-16
1765929600000,12.921,13.176,12.113,12.261,21181324.52,2025-12-17
1766016000000,12.261,12.872,11.728,11.929,23032566.68,2025-12-18
1766102400000,11.93,12.752,11.835,12.533,15610596.63,2025-12-19
1766188800000,12.534,12.712,12.472,12.547,6448052.0,2025-12-20
1766275200000,12.547,12.706,12.214,12.43,10330074.74,2025-12-21
1766361600000,12.43,12.955,12.313,12.58,15756779.68,2025-12-22
1766448000000,12.579,12.694,12.064,12.389,12792464.5,2025-12-23
1766534400000,12.39,12.431,11.991,12.269,10824545.19,2025-12-24
1766620800000,12.269,12.421,11.976,12.055,8555583.19,2025-12-25
1766707200000,12.054,12.539,12.014,12.179,13280702.85,2025-12-26
1766793600000,12.179,12.549,12.155,12.515,7219777.76,2025-12-27
1766880000000,12.516,12.595,12.313,12.49,8619367.27,2025-12-28
1766966400000,12.49,13.035,12.237,12.297,18771792.06,2025-12-29
1767052800000,12.296,12.598,12.254,12.409,11316531.11,2025-12-30
1767139200000,12.409,12.55,12.18,12.202,11915394.06,2025-12-31
1767225600000,12.201,12.638,12.142,12.605,10518533.17,2026-01-01
1767312000000,12.606,13.44,12.584,13.273,23632278.55,2026-01-02
1767398400000,13.273,13.37,12.962,13.225,11206705.94,2026-01-03
1767484800000,13.226,13.575,13.202,13.415,12545920.91,2026-01-04
1767571200000,13.416,14.128,13.385,13.907,21236182.98,2026-01-05
1767657600000,13.907,14.231,13.46,14.029,24075758.77,2026-01-06
1767744000000,14.03,14.037,13.277,13.44,15081064.52,2026-01-07
1767830400000,13.441,13.554,13.018,13.209,13750343.24,2026-01-08
1767916800000,13.209,13.443,13.026,13.135,14229673.11,2026-01-09
1768003200000,13.136,13.245,13.056,13.132,5778489.83,2026-01-10
1768089600000,13.132,13.372,13.039,13.201,8725957.6,2026-01-11
1768176000000,13.2,13.517,12.9,13.068,15743727.8,2026-01-12
1768262400000,13.068,14.187,13.046,14.058,17612407.02,2026-01-13
1768348800000,14.058,14.404,13.85,14.106,15744986.91,2026-01-14
1768435200000,14.106,14.207,13.55,13.782,14337655.98,2026-01-15
1768521600000,13.783,13.862,13.418,13.722,10528854.1,2026-01-16
1768608000000,13.721,13.89,13.625,13.733,6769510.67,2026-01-17
1768694400000,13.734,13.874,13.284,13.3,9247509.51,2026-01-18
1768780800000,13.301,13.301,12.3,12.877,15700640.33,2026-01-19
1768867200000,12.878,12.9,12.02,12.12,16737023.6,2026-01-20
1768953600000,12.121,12.667,11.884,12.395,18965891.06,2026-01-21
1769040000000,12.395,12.575,12.115,12.252,9453136.73,2026-01-22
1769126400000,12.251,12.495,12.034,12.21,10811835.46,2026-01-23
1769212800000,12.21,12.278,12.125,12.197,4891419.04,2026-01-24
1769299200000,12.198,12.216,11.355,11.517,15536158.12,2026-01-25
1769385600000,11.517,12.126,11.501,11.941,12916976.46,2026-01-26
1769472000000,11.942,12.185,11.831,12.036,11503882.17,2026-01-27
1769558400000,12.036,12.06,11.686,11.835,12227908.91,2026-01-28
1769644800000,11.836,11.864,10.822,11.115,20548772.91,2026-01-29
1769731200000,11.116,11.158,10.499,10.784,22590309.51,2026-01-30
1769817600000,10.785,10.832,8.957,9.983,35849797.69,2026-01-31
1769904000000,9.982,10.075,9.208,9.401,23060828.36,2026-02-01
1769990400000,9.401,10.024,9.013,9.801,30512574.76,2026-02-02
1770076800000,9.801,9.889,9.083,9.484,28141135.29,2026-02-03
1770163200000,9.484,9.768,9.016,9.247,26697624.88,2026-02-04
1770249600000,9.247,9.348,7.845,7.906,53790851.99,2026-02-05
1770336000000,7.907,9.0,7.117,8.879,46934017.43,2026-02-06
1770422400000,8.878,9.04,8.575,8.903,22293635.63,2026-02-07
1770508800000,8.904,9.047,8.715,8.818,13640937.22,2026-02-08
1770595200000,8.818,9.014,8.458,8.832,16485864.27,2026-02-09
1770681600000,8.833,8.882,8.467,8.57,13942768.07,2026-02-10
1770768000000,8.569,8.608,8.122,8.319,22629446.5,2026-02-11
1770854400000,8.319,8.593,8.168,8.41,16373951.95,2026-02-12
1770940800000,8.411,8.911,8.296,8.764,14566254.26,2026-02-13
1771027200000,8.763,9.212,8.752,9.085,12747600.58,2026-02-14
1771113600000,9.085,9.239,8.595,8.779,18139571.88,2026-02-15
1771200000000,8.779,8.987,8.641,8.929,13456782.71,2026-02-16
1771286400000,8.93,8.99,8.658,8.825,12469758.33,2026-02-17
1771372800000,8.825,8.995,8.511,8.598,12273421.08,2026-02-18
1771459200000,8.599,8.748,8.338,8.572,11498515.57,2026-02-19
1771545600000,8.572,9.011,8.45,8.937,17353941.84,2026-02-20
1771632000000,8.938,9.057,8.841,8.868,9430457.34,2026-02-21
1771718400000,8.867,8.896,8.599,8.677,9117425.09,2026-02-22
1771804800000,8.677,8.692,8.165,8.262,19535775.64,2026-02-23
1771891200000,8.262,8.335,8.05,8.191,13409006.7,2026-02-24
1771977600000,8.192,9.589,8.177,9.266,26586398.82,2026-02-25
1772064000000,9.266,9.338,8.853,9.093,16669153.55,2026-02-26
1772150400000,9.093,9.293,8.543,8.705,15504498.95,2026-02-27
1772236800000,8.705,8.94,8.203,8.84,19973647.34,2026-02-28
1772323200000,8.839,9.206,8.532,8.669,17446190.24,2026-03-01
1772409600000,8.669,9.268,8.581,8.945,17182906.31,2026-03-02
1772496000000,8.946,9.007,8.552,8.805,15573895.2,2026-03-03
1772582400000,8.804,9.628,8.681,9.343,18614359.1,2026-03-04
1772668800000,9.344,9.482,9.063,9.199,15099483.26,2026-03-05
1772755200000,9.199,9.295,8.663,8.791,13347102.93,2026-03-06
1772841600000,8.792,8.852,8.635,8.692,6966515.31,2026-03-07
1772928000000,8.693,8.773,8.386,8.507,10443262.15,2026-03-08
1773014400000,8.508,9.099,8.5,8.863,14395474.11,2026-03-09
1773100800000,8.862,9.18,8.846,8.979,14169777.53,2026-03-10
1773187200000,8.98,9.168,8.862,8.993,13108266.68,2026-03-11
1773273600000,8.993,9.103,8.826,9.052,12749636.41,2026-03-12
1773360000000,9.052,9.594,9.014,9.081,18841805.06,2026-03-13
1773446400000,9.08,9.168,8.912,9.162,9592687.02,2026-03-14
1773532800000,9.162,9.557,9.108,9.489,12369671.63,2026-03-15
1773619200000,9.49,10.077,9.405,9.918,21320040.01,2026-03-16
1773705600000,9.918,10.017,9.677,9.786,12613594.07,2026-03-17
1773792000000,9.787,9.922,9.076,9.222,16908239.0,2026-03-18
1773878400000,9.223,9.335,8.887,9.041,14016330.86,2026-03-19
1773964800000,9.041,9.209,8.952,9.107,10256847.61,2026-03-20
1774051200000,9.108,9.173,8.758,8.819,7959611.27,2026-03-21
1774137600000,8.819,8.968,8.569,8.685,10720576.48,2026-03-22
1774224000000,8.684,9.286,8.571,9.103,23357918.78,2026-03-23
1774310400000,9.103,9.267,8.989,9.246,14425216.73,2026-03-24
1774396800000,9.247,9.493,9.172,9.372,12046514.07,2026-03-25
1774483200000,9.373,9.387,8.805,8.906,13133990.66,2026-03-26
1774569600000,8.907,8.978,8.477,8.564,13196801.15,2026-03-27
1774656000000,8.564,8.693,8.364,8.428,10562229.15,2026-03-28
1774742400000,8.429,8.594,8.184,8.409,11404365.27,2026-03-29
1774828800000,8.41,8.927,8.394,8.622,16023830.67,2026-03-30
1774915200000,8.621,8.888,8.498,8.777,13160016.4,2026-03-31
1775001600000,8.778,9.193,8.735,8.939,13356744.48,2026-04-01
1775088000000,8.939,9.006,8.416,8.627,16377330.07,2026-04-02
1775174400000,8.628,8.807,8.585,8.654,8668099.52,2026-04-03
1775260800000,8.654,8.778,8.605,8.689,5375134.41,2026-04-04
1775347200000,8.69,8.872,8.471,8.82,9062943.89,2026-04-05
1775433600000,8.82,9.153,8.718,8.794,15846686.82,2026-04-06
1775520000000,8.794,9.417,8.566,9.285,18030272.24,2026-04-07
1775606400000,9.284,9.337,8.83,8.851,13243329.06,2026-04-08
1775692800000,8.852,9.183,8.683,8.943,13729403.99,2026-04-09
1775779200000,8.942,9.173,8.875,9.08,10451483.31,2026-04-10
1775865600000,9.081,9.286,8.944,9.065,8172833.74,2026-04-11
1775952000000,9.066,9.077,8.679,8.729,10899670.84,2026-04-12
1776038400000,8.73,9.435,8.678,9.359,16187083.89,2026-04-13
1776124800000,9.359,9.386,8.922,9.014,13584047.36,2026-04-14
1776211200000,9.014,9.37,8.988,9.258,9948327.16,2026-04-15
1776297600000,9.259,9.677,9.122,9.596,16462866.45,2026-04-16
1776384000000,9.595,9.865,9.334,9.607,13864603.84,2026-04-17
1776470400000,9.607,9.647,9.25,9.277,10686587.72,2026-04-18
1776556800000,9.277,9.37,8.993,9.058,11479106.07,2026-04-19
1776643200000,9.059,9.402,9.045,9.282,12271863.39,2026-04-20
1776729600000,9.281,9.487,9.232,9.392,11012165.54,2026-04-21
1776816000000,9.392,9.556,9.268,9.284,10824133.85,2026-04-22
1776902400000,9.285,9.385,9.139,9.344,11284674.92,2026-04-23
1776988800000,9.345,9.442,9.24,9.371,8580526.66,2026-04-24
1777075200000,9.37,9.443,9.282,9.342,5327621.63,2026-04-25
1777161600000,9.342,9.535,9.294,9.479,6802892.3,2026-04-26
1777248000000,9.48,9.588,9.146,9.316,10737823.0,2026-04-27
1777334400000,9.317,9.325,9.14,9.237,6789997.25,2026-04-28
1777420800000,9.237,9.414,8.904,9.107,13160822.3,2026-04-29
1777507200000,9.107,9.185,9.014,9.1,6474619.61,2026-04-30
1777593600000,9.101,9.276,9.061,9.09,8209036.89,2026-05-01
1777680000000,9.09,9.254,9.06,9.174,5859466.14,2026-05-02
1777766400000,9.174,9.222,9.063,9.122,7995973.57,2026-05-03
1777852800000,9.122,9.653,9.083,9.355,19193214.33,2026-05-04
1777939200000,9.354,9.844,9.349,9.763,12940286.32,2026-05-05
1778025600000,9.763,10.247,9.755,9.993,15841435.18,2026-05-06
1778112000000,9.994,10.129,9.794,9.846,11098549.63,2026-05-07
1778198400000,9.845,10.491,9.761,10.34,14905763.61,2026-05-08
1778284800000,10.34,10.606,10.274,10.368,10394110.48,2026-05-09
1778371200000,10.369,10.87,10.277,10.716,14267551.04,2026-05-10
1778457600000,10.716,10.755,10.386,10.591,11708820.83,2026-05-11
1778544000000,10.591,10.591,10.088,10.284,13241170.83,2026-05-12
1778630400000,10.283,10.802,10.031,10.213,15719739.11,2026-05-13
1778716800000,10.213,10.769,10.087,10.48,14303414.63,2026-05-14
1778803200000,10.481,10.559,9.954,10.064,13708626.74,2026-05-15
1778889600000,10.065,10.092,9.609,9.713,10822463.01,2026-05-16
1778976000000,9.712,9.848,9.319,9.561,11074526.6,2026-05-17
1779062400000,9.56,9.615,9.298,9.602,13330778.07,2026-05-18
1779148800000,9.603,9.821,9.428,9.443,12167753.85,2026-05-19
1779235200000,9.444,9.685,9.372,9.631,10335385.77,2026-05-20
1779321600000,9.631,9.853,9.512,9.75,13119898.24,2026-05-21
1779408000000,9.751,10.031,9.352,9.414,16365992.23,2026-05-22
1779494400000,9.414,9.78,9.034,9.559,16272138.96,2026-05-23
1779580800000,9.559,9.646,9.242,9.426,9506821.12,2026-05-24
1779667200000,9.427,9.668,9.362,9.499,8148286.19,2026-05-25
1779753600000,9.499,9.682,9.335,9.38,13674316.02,2026-05-26
1779840000000,9.381,9.48,9.1,9.13,13130849.08,2026-05-27
1779926400000,9.13,9.151,8.745,8.998,16748409.31,2026-05-28
1780012800000,8.997,9.133,8.785,9.017,11581439.47,2026-05-29
1780099200000,9.017,9.31,9.013,9.187,10176873.8,2026-05-30
1780185600000,9.187,9.298,8.984,9.143,8659034.7,2026-05-31
1780272000000,9.142,9.212,8.841,9.053,11851174.49,2026-06-01
1780358400000,9.053,9.069,8.238,8.37,21343379.75,2026-06-02
1780444800000,8.37,8.616,8.1,8.329,21136019.58,2026-06-03
1780531200000,8.329,8.395,7.79,8.012,22581433.03,2026-06-04
1780617600000,8.012,8.038,7.112,7.36,33379531.75,2026-06-05
1780704000000,7.361,7.468,6.987,7.39,16327833.84,2026-06-06
1780790400000,7.389,8.04,7.369,7.913,15616021.65,2026-06-07
1780876800000,7.913,8.123,7.716,7.995,13321747.9,2026-06-08
1780963200000,7.994,8.022,7.645,7.835,13170167.45,2026-06-09
1781049600000,7.836,7.898,7.476,7.556,13143809.16,2026-06-10
1781136000000,7.557,7.98,7.556,7.882,11263374.27,2026-06-11
1781222400000,7.882,8.009,7.746,7.863,7155813.1,2026-06-12
1781308800000,7.862,8.057,7.851,7.981,5893032.12,2026-06-13
1781395200000,7.98,8.181,7.779,8.177,7281589.28,2026-06-14
1781481600000,8.177,8.618,8.099,8.294,14392439.78,2026-06-15
1781568000000,8.294,8.476,8.086,8.272,10978802.19,2026-06-16
1781654400000,8.271,8.413,7.931,8.087,14560649.71,2026-06-17
1781740800000,8.087,8.132,7.763,8.013,11804492.11,2026-06-18
1781827200000,8.013,8.04,7.761,7.946,9151413.35,2026-06-19
1781913600000,7.945,8.013,7.818,7.983,6940092.88,2026-06-20
1782000000000,7.984,8.009,7.762,7.778,5941224.16,2026-06-21
1782086400000,7.777,8.153,7.775,7.868,10488624.18,2026-06-22
1782172800000,7.867,7.912,7.474,7.629,14638531.55,2026-06-23
1782259200000,7.63,7.698,7.116,7.422,15118050.43,2026-06-24
1782345600000,7.422,7.548,7.001,7.244,13993220.26,2026-06-25
1782432000000,7.245,7.399,7.009,7.349,13323001.21,2026-06-26
1782518400000,7.349,7.473,7.242,7.291,6195385.36,2026-06-27
1782604800000,7.291,7.355,7.152,7.266,7254535.38,2026-06-28
1782691200000,7.265,7.499,7.172,7.377,11649605.88,2026-06-29
1782777600000,7.376,7.393,7.116,7.196,9498372.26,2026-06-30
1782864000000,7.197,7.533,7.07,7.355,13470162.09,2026-07-01
1782950400000,7.355,7.942,7.301,7.745,15772908.04,2026-07-02
1783036800000,7.744,8.037,7.717,7.971,9458332.53,2026-07-03
1783123200000,7.97,8.174,7.874,8.001,8477694.91,2026-07-04
1783209600000,8.001,8.149,7.834,8.06,7580768.28,2026-07-05
1783296000000,8.06,8.172,7.756,8.018,12946934.2,2026-07-06
1783382400000,8.018,8.065,7.793,7.857,8876385.19,2026-07-07
1783468800000,7.858,7.893,7.517,7.637,10869304.62,2026-07-08
1783555200000,7.636,7.809,7.566,7.728,7852199.88,2026-07-09
1783641600000,7.729,8.016,7.703,7.966,7861194.91,2026-07-10
1783728000000,7.966,8.117,7.902,7.908,5950099.25,2026-07-11
1783814400000,7.908,8.101,7.854,7.992,7085807.15,2026-07-12
1783900800000,7.991,8.134,7.788,7.886,11079510.27,2026-07-13
1783987200000,7.886,8.408,7.86,8.342,10928725.54,2026-07-14
1784073600000,8.343,8.632,8.264,8.535,10717008.85,2026-07-15
1784160000000,8.535,8.564,8.305,8.338,10108754.6,2026-07-16
1784246400000,8.337,8.364,8.001,8.25,10289518.1,2026-07-17
1784332800000,8.251,8.374,8.206,8.343,4905624.99,2026-07-18
1784419200000,8.343,8.408,8.279,8.381,4285075.5,2026-07-19
1784505600000,8.381,8.644,8.283,8.587,11174379.44,2026-07-20
1784592000000,8.588,8.756,8.562,8.655,8616901.79,2026-07-21
1784678400000,8.655,8.76,8.563,8.628,8689030.09,2026-07-22
1784764800000,8.628,8.68,8.41,8.466,8332942.27,2026-07-23
1784851200000,8.465,8.579,8.286,8.336,7116243.59,2026-07-24
1784937600000,8.337,8.434,8.262,8.379,4491074.54,2026-07-25
1785024000000,8.38,8.841,8.374,8.823,8977551.8,2026-07-26
1785110400000,8.823,8.92,8.341,8.377,12432932.32,2026-07-27
1785196800000,8.376,8.451,8.188,8.442,9403217.98,2026-07-28
1785283200000,8.442,8.512,8.158,8.33,10425241.81,2026-07-29
1785369600000,8.33,8.538,8.257,8.447,7656693.02,2026-07-30
1785456000000,8.448,8.513,8.015,8.167,10981032.32,2026-07-31
1785542400000,8.167,8.244,7.882,8.064,8002323.33,2026-08-01
1785628800000,8.064,8.453,8.051,8.379,9300670.11,2026-08-02
1785715200000,8.38,8.388,8.157,8.184,7330731.8,2026-08-03
1785801600000,8.185,8.262,8.112,8.144,9225117.7,2026-08-04
1785888000000,8.144,8.253,8.062,8.156,8129027.59,2026-08-05
1785974400000,8.155,8.339,8.062,8.192,11514596.5,2026-08-06
1786060800000,8.192,8.315,8.101,8.185,9004480.77,2026-08-07
1786147200000,8.184,8.397,8.162,8.301,5862183.36,2026-08-08
1786233600000,8.301,8.388,8.168,8.181,6203832.97,2026-08-09
1786320000000,8.182,8.37,8.16,8.297,10880894.02,2026-08-10
1786406400000,8.296,8.809,8.287,8.777,20648668.51,2026-08-11
1786492800000,8.777,8.895,8.593,8.67,15057630.17,2026-08-12
1786579200000,8.67,8.904,8.615,8.884,13563104.11,2026-08-13
1786665600000,8.884,9.017,8.721,8.966,12812008.58,2026-08-14
1786752000000,8.967,9.759,8.964,9.465,29465369.54,2026-08-15
1786838400000,9.466,9.507,9.289,9.385,13916724.6,2026-08-16
1786924800000,9.385,9.57,9.354,9.538,12057256.03,2026-08-17
1787011200000,9.538,9.559,9.318,9.533,11478350.14,2026-08-18
1787097600000,9.533,10.894,9.482,10.549,34749055.38,2026-08-19
1787184000000,10.549,10.871,10.36,10.687,20525656.22,2026-08-20
1787270400000,10.688,12.401,10.68,11.992,38284599.66,2026-08-21
1787356800000,11.992,12.625,10.05,11.65,30151737.22,2026-08-22
1787443200000,11.651,11.755,11.038,11.543,19009970.42,2026-08-23
1787529600000,11.543,11.784,11.287,11.629,16307743.89,2026-08-24
1787616000000,11.629,12.02,11.131,11.287,14218957.74,2026-08-25
1787702400000,11.286,11.624,11.054,11.617,10320185.97,2026-08-26
1787788800000,11.617,12.006,11.447,11.911,12879614.21,2026-08-27
1787875200000,11.911,12.051,11.236,11.426,13226951.56,2026-08-28
1787961600000,11.426,11.489,11.265,11.451,5191370.9,2026-08-29
1788048000000,11.451,11.797,10.974,11.137,10945150.49,2026-08-30
1788134400000,11.137,11.497,11.021,11.316,10281808.38,2026-08-31
1788220800000,11.315,11.525,11.049,11.227,10495118.18,2026-09-01
1788307200000,11.227,11.3,10.894,11.113,9364909.39,2026-09-02
1788393600000,11.112,11.275,10.994,11.268,3657249.57,2026-09-03
