ts,open,high,low,close,volume,date
1600041600000,3.2002,4.91,3.2002,3.2661,4788171.0,2020-09-14
1600128000000,3.2629,3.3258,2.9001,2.9332,4318305.0,2020-09-15
1600214400000,2.9299,2.9299,2.4316,2.5395,5698128.0,2020-09-16
1600300800000,2.54,2.936,2.3569,2.8855,6499338.0,2020-09-17
1600387200000,2.8821,3.15,2.724,3.108,6310796.0,2020-09-18
1600473600000,3.108,3.2509,2.955,3.0193,5004414.0,2020-09-19
1600560000000,3.0159,3.0173,2.6876,2.8635,4430783.0,2020-09-20
1600646400000,2.8567,3.03,2.4576,2.7539,6299704.0,2020-09-21
1600732800000,2.7544,3.01,2.6094,2.9183,8942906.0,2020-09-22
1600819200000,2.9196,3.0935,2.6863,2.8313,7291781.0,2020-09-23
1600905600000,2.835,3.2538,2.7607,3.1392,6564611.0,2020-09-24
1600992000000,3.1314,3.2698,2.898,3.1821,5925744.0,2020-09-25
1601078400000,3.1871,3.249,3.017,3.1262,5033808.0,2020-09-26
1601164800000,3.1275,3.1883,2.977,3.1617,4684139.0,2020-09-27
1601251200000,3.1596,3.2116,2.8909,2.9564,4954686.0,2020-09-28
1601337600000,2.956,3.0207,2.874,2.9517,4430934.0,2020-09-29
1601424000000,2.95,2.989,2.8285,2.9004,3951833.0,2020-09-30
1601510400000,2.9008,2.9968,2.6546,2.8701,4852685.0,2020-10-01
1601596800000,2.8694,2.8851,2.4224,2.6236,5582857.0,2020-10-02
1601683200000,2.6271,2.6689,2.5326,2.5454,4150340.0,2020-10-03
1601769600000,2.5447,2.5909,2.4266,2.5236,4641666.0,2020-10-04
1601856000000,2.5244,2.677,2.4561,2.6495,4421463.0,2020-10-05
1601942400000,2.6517,2.661,2.1346,2.1732,5435007.0,2020-10-06
1602028800000,2.1725,2.4,2.0854,2.3027,6627417.0,2020-10-07
1602115200000,2.3036,2.4629,2.0117,2.3716,8385420.0,2020-10-08
1602201600000,2.3717,2.6289,2.3101,2.5363,6662396.0,2020-10-09
1602288000000,2.5356,2.611,2.3907,2.407,5487486.0,2020-10-10
1602374400000,2.4065,2.4609,2.3378,2.4257,4904544.0,2020-10-11
1602460800000,2.4269,2.7096,2.4171,2.5825,6382872.0,2020-10-12
1602547200000,2.582,2.5889,2.3355,2.4048,6883812.0,2020-10-13
1602633600000,2.4053,2.4464,2.2337,2.3087,4990767.0,2020-10-14
1602720000000,2.3102,2.3443,2.1928,2.267,4524474.0,2020-10-15
1602806400000,2.2668,2.2708,2.103,2.1404,5792357.0,2020-10-16
1602892800000,2.1401,2.2425,2.11,2.2062,4136722.0,2020-10-17
1602979200000,2.2069,2.2649,2.1804,2.2186,3907591.0,2020-10-18
1603065600000,2.2167,2.2206,2.051,2.0578,4834438.0,2020-10-19
1603152000000,2.0576,2.1083,1.8457,1.8905,6052367.0,2020-10-20
1603238400000,1.8885,2.1098,1.8474,1.8933,10108189.0,2020-10-21
1603324800000,1.8933,2.0905,1.8629,1.9619,6143069.0,2020-10-22
1603411200000,1.962,1.9938,1.8502,1.9645,5454719.0,2020-10-23
1603497600000,1.9666,1.9734,1.88,1.9196,4059055.0,2020-10-24
1603584000000,1.9179,1.9281,1.7628,1.7937,5740317.0,2020-10-25
1603670400000,1.7946,1.8723,1.6162,1.6786,6534261.0,2020-10-26
1603756800000,1.6777,1.7542,1.5928,1.7135,7047936.0,2020-10-27
1603843200000,1.7131,1.7287,1.4555,1.5196,10242140.0,2020-10-28
1603929600000,1.5195,1.5773,1.4146,1.4325,6341465.0,2020-10-29
1604016000000,1.4321,1.4677,1.3379,1.4378,7038014.0,2020-10-30
1604102400000,1.4367,1.5501,1.4269,1.5472,5962596.0,2020-10-31
1604188800000,1.5474,1.6465,1.5132,1.6076,5514776.0,2020-11-01
1604275200000,1.6062,1.6426,1.4644,1.4741,5293427.0,2020-11-02
1604361600000,1.4729,1.4857,1.4109,1.4131,5470217.0,2020-11-03
1604448000000,1.4149,1.4166,1.2737,1.391,7471679.0,2020-11-04
1604534400000,1.3912,1.489,1.302,1.4011,7267156.0,2020-11-05
1604620800000,1.4015,1.9474,1.3954,1.8998,15848200.0,2020-11-06
1604707200000,1.8978,2.5,1.8324,2.0283,36707735.0,2020-11-07
1604793600000,2.0304,2.2868,1.965,2.1571,16913035.0,2020-11-08
1604880000000,2.1571,2.2024,1.9517,2.0393,13460103.0,2020-11-09
1604966400000,2.0417,2.3306,2.0088,2.2652,8961990.0,2020-11-10
1605052800000,2.2659,2.3041,1.9674,2.003,7201587.0,2020-11-11
1605139200000,2.0012,2.0618,1.8265,1.9083,6848757.0,2020-11-12
1605225600000,1.9082,2.0821,1.9,2.0191,6925383.0,2020-11-13
1605312000000,2.0182,2.0381,1.8749,1.92,6352416.0,2020-11-14
1605398400000,1.9206,2.2252,1.9131,2.0431,11659509.0,2020-11-15
1605484800000,2.0421,2.372,1.9859,2.268,11366459.0,2020-11-16
1605571200000,2.2681,2.3431,2.1263,2.207,10271223.0,2020-11-17
1605657600000,2.2041,2.2246,1.9977,2.1166,9500906.0,2020-11-18
1605744000000,2.1151,2.1883,2.0125,2.0797,8017468.0,2020-11-19
1605830400000,2.0802,2.2445,2.0515,2.1052,8621112.0,2020-11-20
1605916800000,2.1079,2.5204,2.0313,2.3991,14596123.0,2020-11-21
1606003200000,2.4013,2.4287,2.0302,2.1502,11135646.0,2020-11-22
1606089600000,2.1488,2.3611,2.1045,2.2826,10403310.0,2020-11-23
1606176000000,2.2839,2.484,2.1323,2.2894,15447405.0,2020-11-24
1606262400000,2.2896,2.4856,2.1686,2.2673,16621443.0,2020-11-25
1606348800000,2.2651,2.3097,1.712,1.9032,16134733.0,2020-11-26
1606435200000,1.902,1.9621,1.7643,1.8558,8008055.0,2020-11-27
1606521600000,1.8551,1.9382,1.7912,1.8821,6099812.0,2020-11-28
1606608000000,1.8813,1.9418,1.8439,1.9093,5200776.0,2020-11-29
1606694400000,1.9101,2.015,1.8979,1.959,6712193.0,2020-11-30
1606780800000,1.9594,2.1334,1.9032,1.9695,9480633.0,2020-12-01
1606867200000,1.9681,2.2047,1.9252,2.116,8791836.0,2020-12-02
1606953600000,2.1152,2.2223,2.0705,2.0989,8707406.0,2020-12-03
1607040000000,2.0985,2.1129,1.8256,1.8463,7048518.0,2020-12-04
1607126400000,1.8449,1.9816,1.8158,1.9776,5294952.0,2020-12-05
1607212800000,1.9776,1.9899,1.8097,1.8515,5088610.0,2020-12-06
1607299200000,1.8517,1.9006,1.81,1.8299,4623318.0,2020-12-07
1607385600000,1.8287,1.8322,1.6271,1.6617,7473779.0,2020-12-08
1607472000000,1.6617,1.6724,1.4969,1.6553,7017013.0,2020-12-09
1607558400000,1.6552,1.6644,1.5409,1.5686,6532250.0,2020-12-10
1607644800000,1.5686,1.5778,1.4316,1.4406,6597970.0,2020-12-11
1607731200000,1.4394,1.5337,1.4362,1.4886,6893494.0,2020-12-12
1607817600000,1.4879,1.65,1.454,1.5636,9298357.0,2020-12-13
1607904000000,1.564,1.6244,1.5198,1.5936,7690894.0,2020-12-14
1607990400000,1.5927,1.8012,1.5858,1.7534,15330195.0,2020-12-15
1608076800000,1.7534,1.7986,1.6,1.7869,13742356.0,2020-12-16
1608163200000,1.7865,1.8167,1.6382,1.6808,11618488.0,2020-12-17
1608249600000,1.68,1.7104,1.6317,1.7003,6732255.0,2020-12-18
1608336000000,1.701,1.7695,1.6562,1.6683,7757307.0,2020-12-19
1608422400000,1.6673,1.6888,1.5178,1.5638,5851925.0,2020-12-20
1608508800000,1.565,1.6198,1.4916,1.5347,5739528.0,2020-12-21
1608595200000,1.5353,1.5722,1.4696,1.4905,7486927.0,2020-12-22
1608681600000,1.4903,1.5133,1.069,1.1975,14168317.0,2020-12-23
1608768000000,1.1975,1.3859,1.1574,1.3638,11726008.0,2020-12-24
1608854400000,1.3654,1.4514,1.3444,1.4448,8592846.0,2020-12-25
1608940800000,1.4447,1.4463,1.3069,1.3215,6201784.0,2020-12-26
1609027200000,1.3209,1.4148,1.2544,1.3023,11065395.0,2020-12-27
1609113600000,1.3027,1.5222,1.2857,1.5169,10974507.0,2020-12-28
1609200000000,1.5165,1.7293,1.4321,1.666,24077341.0,2020-12-29
1609286400000,1.6661,1.686,1.5152,1.5304,10523673.0,2020-12-30
1609372800000,1.5319,1.5445,1.412,1.504,10697724.0,2020-12-31
1609459200000,1.5043,1.8498,1.489,1.8382,18813441.0,2021-01-01
1609545600000,1.8377,1.9951,1.7091,1.7976,22401546.0,2021-01-02
1609632000000,1.7978,2.3589,1.7956,2.1767,37747051.0,2021-01-03
1609718400000,2.1783,2.49,1.8182,2.4832,35966844.0,2021-01-04
1609804800000,2.4803,2.5012,2.0527,2.1355,32981577.0,2021-01-05
1609891200000,2.1385,2.1578,1.6734,1.8753,52219666.0,2021-01-06
1609977600000,1.8722,2.733,1.8123,2.3651,105584282.0,2021-01-07
1610064000000,2.365,3.848,2.18,3.222,70113587.0,2021-01-08
1610150400000,3.222,3.7,2.91,3.3776,33590496.0,2021-01-09
1610236800000,3.3757,3.764,3.15,3.446,21972369.0,2021-01-10
1610323200000,3.4453,3.5257,2.5833,3.0988,24846781.0,2021-01-11
1610409600000,3.0962,3.904,3.0477,3.6276,22851398.0,2021-01-12
1610496000000,3.629,3.6398,3.2472,3.5291,16335568.0,2021-01-13
1610582400000,3.5281,3.5674,3.1741,3.2949,16853114.0,2021-01-14
1610668800000,3.2949,3.4438,2.9739,3.2464,12931161.0,2021-01-15
1610755200000,3.2456,3.7157,3.1236,3.4259,20722357.0,2021-01-16
1610841600000,3.4249,4.02,3.3001,3.8328,24880543.0,2021-01-17
1610928000000,3.8344,4.1747,3.5942,3.7933,19257223.0,2021-01-18
1611014400000,3.7944,4.0443,3.5953,3.6276,12280022.0,2021-01-19
1611100800000,3.6279,3.7353,3.324,3.7133,12201173.0,2021-01-20
1611187200000,3.7153,3.7397,2.9451,2.9793,13284877.0,2021-01-21
1611273600000,2.9813,3.4972,2.5122,3.3286,20353781.0,2021-01-22
1611360000000,3.3282,3.6038,3.3,3.5094,9414060.0,2021-01-23
1611446400000,3.5082,3.7928,3.4802,3.6369,8471238.0,2021-01-24
1611532800000,3.6353,3.9867,3.44,3.7044,14159404.0,2021-01-25
1611619200000,3.7024,4.1073,3.6623,4.0447,19930228.0,2021-01-26
1611705600000,4.043,4.0447,3.5183,3.6727,9791075.0,2021-01-27
1611792000000,3.6726,3.9681,3.593,3.8139,7597138.0,2021-01-28
1611878400000,3.8115,3.9314,3.634,3.8409,7962280.0,2021-01-29
1611964800000,3.8429,4.3318,3.7673,4.2462,10740707.0,2021-01-30
1612051200000,4.244,4.8252,4.162,4.2628,12918581.0,2021-01-31
1612137600000,4.2644,4.6234,4.0986,4.6234,7266915.0,2021-02-01
1612224000000,4.62,5.4668,4.4649,5.2529,13922582.0,2021-02-02
1612310400000,5.2539,5.8225,5.0671,5.7373,9346987.0,2021-02-03
1612396800000,5.7373,6.575,5.5813,6.4358,10586958.0,2021-02-04
1612483200000,6.436,7.18,6.4272,6.7101,10453016.0,2021-02-05
1612569600000,6.7116,6.836,5.7099,6.1325,10613182.0,2021-02-06
1612656000000,6.132,6.8786,5.75,6.7037,11675131.0,2021-02-07
1612742400000,6.7028,8.1208,6.4777,7.8917,12187065.0,2021-02-08
1612828800000,7.8934,8.5344,7.5675,7.8335,9061306.0,2021-02-09
1612915200000,7.8412,9.1231,7.2879,9.1102,11384565.0,2021-02-10
1613001600000,9.1098,9.7175,8.7443,9.2215,10532781.0,2021-02-11
1613088000000,9.2197,9.9378,9.0606,9.2344,8241627.0,2021-02-12
1613174400000,9.2368,9.5429,8.6801,8.7627,8675628.0,2021-02-13
1613260800000,8.7649,9.2621,8.5616,8.7306,7992002.0,2021-02-14
1613347200000,8.7303,9.3467,7.587,8.8695,9052035.0,2021-02-15
1613433600000,8.8762,9.0065,7.9613,8.3036,7326365.0,2021-02-16
1613520000000,8.305,8.4721,7.5269,8.2533,8141648.0,2021-02-17
1613606400000,8.2552,9.3339,8.2552,8.9956,7757334.0,2021-02-18
1613692800000,8.9976,11.8291,8.5499,11.5096,14030591.0,2021-02-19
1613779200000,11.514,11.794,9.8169,9.9965,10415260.0,2021-02-20
1613865600000,9.9957,11.6436,9.8439,11.0851,9997068.0,2021-02-21
1613952000000,11.0805,14.555,8.88,14.3413,23095577.0,2021-02-22
1614038400000,14.3421,15.8026,11.3999,15.2413,35375505.0,2021-02-23
1614124800000,15.2513,18.1794,14.8462,17.2227,17533006.0,2021-02-24
1614211200000,17.2343,17.7942,13.718,13.8484,13553123.0,2021-02-25
1614297600000,13.8489,15.5453,13.1035,13.5941,14325250.0,2021-02-26
1614384000000,13.599,14.8596,12.9893,13.19,11015216.0,2021-02-27
1614470400000,13.1862,13.78,11.4245,13.1072,13172276.0,2021-02-28
1614556800000,13.0973,15.5512,13.0287,15.0036,10624143.0,2021-03-01
1614643200000,15.0005,15.2846,13.42,13.9565,8405922.0,2021-03-02
1614729600000,13.9628,14.7641,13.7627,14.0941,8283702.0,2021-03-03
1614816000000,14.0915,14.2854,12.7583,13.0784,7098703.0,2021-03-04
1614902400000,13.0804,13.1057,12.1419,12.5659,6246948.0,2021-03-05
1614988800000,12.5576,13.3026,11.8944,13.0512,6367349.0,2021-03-06
1615075200000,13.0586,14.0407,12.73,13.845,6983603.0,2021-03-07
1615161600000,13.8493,13.9463,13.1,13.6344,6024217.0,2021-03-08
1615248000000,13.6346,15.0332,13.3359,14.9102,7237374.0,2021-03-09
1615334400000,14.9155,15.249,14.055,14.2333,7702664.0,2021-03-10
1615420800000,14.2371,16.3334,13.6708,16.0763,10042978.0,2021-03-11
1615507200000,16.0798,16.5288,14.0713,14.5742,9227235.0,2021-03-12
1615593600000,14.5796,15.4449,13.9093,15.3216,7560873.0,2021-03-13
1615680000000,15.3267,15.4014,14.3662,14.4642,6264959.0,2021-03-14
1615766400000,14.468,14.8548,13.6121,14.184,6842673.0,2021-03-15
1615852800000,14.1823,14.3216,13.2504,13.6639,6764146.0,2021-03-16
1615939200000,13.6656,14.3129,13.0263,14.2288,6940124.0,2021-03-17
1616025600000,14.2327,14.78,13.9803,14.2183,6142480.0,2021-03-18
1616112000000,14.2142,14.4937,13.84,14.1535,5306402.0,2021-03-19
1616198400000,14.1579,14.9722,14.0978,14.1892,5604771.0,2021-03-20
1616284800000,14.1859,14.3876,13.634,14.3395,5895698.0,2021-03-21
1616371200000,14.3346,16.612,14.1739,14.7957,13944627.0,2021-03-22
1616457600000,14.8014,15.2136,14.0464,14.142,7638553.0,2021-03-23
1616544000000,14.1468,15.3607,13.5712,13.5875,7704282.0,2021-03-24
1616630400000,13.5827,13.7016,12.5356,12.9776,8414030.0,2021-03-25
1616716800000,12.9801,14.7999,12.35,14.7725,9559593.0,2021-03-26
1616803200000,14.7724,16.8346,14.7201,16.4803,11072721.0,2021-03-27
1616889600000,16.4774,19.413,16.3408,18.1022,15997022.0,2021-03-28
1616976000000,18.1022,19.047,17.6614,18.9811,9607545.0,2021-03-29
1617062400000,18.9847,20.9191,18.9662,19.0933,10133956.0,2021-03-30
1617148800000,19.0923,19.8747,18.0105,19.4044,8685490.0,2021-03-31
1617235200000,19.4048,20.4105,18.7493,19.0497,5780647.0,2021-04-01
1617321600000,19.0497,19.8812,18.5557,19.8353,4648128.0,2021-04-02
1617408000000,19.8292,23.866,19.8025,22.4904,13481119.0,2021-04-03
1617494400000,22.4916,25.5801,21.9685,23.7879,10647138.0,2021-04-04
1617580800000,23.7908,24.7662,22.8012,23.018,7207157.0,2021-04-05
1617667200000,23.0191,25.359,21.6509,25.0987,8941838.0,2021-04-06
1617753600000,25.1125,27.5648,22.8753,26.5699,16231781.0,2021-04-07
1617840000000,26.5629,28.0273,25.6202,26.9589,9886841.0,2021-04-08
1617926400000,26.9531,29.1026,26.7555,27.6623,8043738.0,2021-04-09
1618012800000,27.662,28.2954,26.0016,26.8349,6482835.0,2021-04-10
1618099200000,26.8371,28.6872,25.5402,27.9493,6392971.0,2021-04-11
1618185600000,27.9538,29.9394,26.851,28.585,7548934.0,2021-04-12
1618272000000,28.5847,28.8639,26.4022,27.5083,6326847.0,2021-04-13
1618358400000,27.5073,27.6151,24.5888,26.4194,8359229.0,2021-04-14
1618444800000,26.4313,28.2938,25.5516,27.7857,6805634.0,2021-04-15
1618531200000,27.7881,28.2903,24.9098,25.3449,7217962.0,2021-04-16
1618617600000,25.344,26.8387,24.8,24.8423,6771477.0,2021-04-17
1618704000000,24.859,32.9957,18.8868,32.3492,22782222.0,2021-04-18
1618790400000,32.3739,36.0711,29.9007,31.5856,19779493.0,2021-04-19
1618876800000,31.6106,32.7206,28.8,31.7022,13350389.0,2021-04-20
1618963200000,31.7328,35.1789,30.1356,32.6637,12459087.0,2021-04-21
1619049600000,32.6453,40.8878,31.554,38.9341,21522070.0,2021-04-22
1619136000000,38.9302,41.5553,31.4618,37.3702,22844271.0,2021-04-23
1619222400000,37.3417,43.64,34.6447,40.8663,16754195.0,2021-04-24
1619308800000,40.8604,48.56,40.4248,47.3823,19686960.0,2021-04-25
1619395200000,47.374,48.542,43.3079,43.9698,13833593.0,2021-04-26
1619481600000,43.9778,46.6309,42.567,43.2296,10375537.0,2021-04-27
1619568000000,43.2311,46.988,40.65,44.8884,12220284.0,2021-04-28
1619654400000,44.9065,46.1999,40.89,42.4925,9494837.0,2021-04-29
1619740800000,42.4925,44.337,41.2731,42.8771,6450482.0,2021-04-30
1619827200000,42.8771,50.0,42.1103,49.7035,10657005.0,2021-05-01
1619913600000,49.7126,50.1542,46.0047,46.9593,8864773.0,2021-05-02
1620000000000,46.9537,49.1178,44.8,46.0232,7884670.0,2021-05-03
1620086400000,46.0226,47.8893,42.2502,42.6551,9323174.0,2021-05-04
1620172800000,42.6666,46.0824,42.3507,45.0381,6524530.0,2021-05-05
1620259200000,45.0381,45.0731,42.5475,43.5641,5484122.0,2021-05-06
1620345600000,43.5628,46.2986,41.465,43.2345,7708426.0,2021-05-07
1620432000000,43.2335,46.7,42.3702,45.7022,6582638.0,2021-05-08
1620518400000,45.7108,47.1986,42.6106,44.3591,6989241.0,2021-05-09
1620604800000,44.3585,45.9866,38.2509,42.8909,6748573.0,2021-05-10
1620691200000,42.8901,45.184,39.732,44.624,6247896.0,2021-05-11
1620777600000,44.616,49.201,42.0,43.484,12350550.0,2021-05-12
1620864000000,43.564,45.49,37.431,41.052,11761987.0,2021-05-13
1620950400000,41.053,44.969,39.856,42.741,6663570.0,2021-05-14
1621036800000,42.735,45.589,39.398,43.53,6765236.0,2021-05-15
1621123200000,43.517,52.583,41.859,46.866,17511515.0,2021-05-16
1621209600000,46.87,52.026,43.1,46.74,19506277.0,2021-05-17
1621296000000,46.752,58.583,46.041,55.95,16401065.0,2021-05-18
1621382400000,55.968,57.615,25.228,34.952,22469448.0,2021-05-19
1621468800000,34.959,52.216,32.159,44.431,20738815.0,2021-05-20
1621555200000,44.426,47.755,33.691,38.921,15997951.0,2021-05-21
1621641600000,38.931,40.0,31.123,31.225,12345674.0,2021-05-22
1621728000000,31.223,32.393,19.127,24.517,39076209.0,2021-05-23
1621814400000,24.5,32.199,24.499,31.417,20445803.0,2021-05-24
1621900800000,31.433,33.2,25.939,30.007,16986371.0,2021-05-25
1621987200000,30.003,37.29,28.787,35.42,13273303.0,2021-05-26
1622073600000,35.419,35.628,31.01,33.779,9777355.0,2021-05-27
1622160000000,33.779,34.561,27.965,28.993,10942059.0,2021-05-28
1622246400000,29.002,30.065,25.704,27.38,8798092.0,2021-05-29
1622332800000,27.368,29.759,25.618,28.59,8808295.0,2021-05-30
1622419200000,28.582,33.017,27.513,32.749,11211492.0,2021-05-31
1622505600000,32.749,33.33,29.8,30.955,10103008.0,2021-06-01
1622592000000,30.942,35.0,30.4,33.994,8588698.0,2021-06-02
1622678400000,33.988,41.356,33.713,39.627,15939033.0,2021-06-03
1622764800000,39.646,39.746,34.225,37.37,16417194.0,2021-06-04
1622851200000,37.365,42.786,36.995,39.658,19822425.0,2021-06-05
1622937600000,39.649,43.47,38.932,42.199,15554422.0,2021-06-06
1623024000000,42.201,44.193,37.926,38.247,18770255.0,2021-06-07
1623110400000,38.248,42.558,33.55,41.229,30746611.0,2021-06-08
1623196800000,41.252,44.018,39.26,42.024,25497367.0,2021-06-09
1623283200000,42.034,43.0,39.434,41.09,14043018.0,2021-06-10
1623369600000,41.09,41.361,35.11,36.162,13452433.0,2021-06-11
1623456000000,36.157,37.615,34.18,36.474,14599558.0,2021-06-12
1623542400000,36.459,39.422,34.708,38.708,11508188.0,2021-06-13
1623628800000,38.706,40.553,36.6,39.672,11444909.0,2021-06-14
1623715200000,39.678,41.74,39.119,39.54,10788223.0,2021-06-15
1623801600000,39.539,41.7,37.48,39.677,14215947.0,2021-06-16
1623888000000,39.684,41.225,38.25,39.269,10190182.0,2021-06-17
1623974400000,39.278,39.471,34.874,36.8,10236028.0,2021-06-18
1624060800000,36.8,37.299,34.861,35.151,7697710.0,2021-06-19
1624147200000,35.16,35.95,31.241,35.228,13018662.0,2021-06-20
1624233600000,35.234,35.5,25.9,26.578,22475785.0,2021-06-21
1624320000000,26.568,28.771,20.098,26.956,42293952.0,2021-06-22
1624406400000,26.956,32.945,25.615,30.774,31364848.0,2021-06-23
1624492800000,30.785,32.963,28.46,31.151,19258869.0,2021-06-24
1624579200000,31.154,32.99,27.957,28.591,21386154.0,2021-06-25
1624665600000,28.598,30.162,26.635,29.639,19994948.0,2021-06-26
1624752000000,29.649,31.935,29.146,31.853,16826501.0,2021-06-27
1624838400000,31.848,34.307,30.953,33.013,13279927.0,2021-06-28
1624924800000,33.018,35.81,32.632,33.949,12069225.0,2021-06-29
1625011200000,33.945,36.0,31.543,35.493,14891212.0,2021-06-30
1625097600000,35.493,35.541,32.141,33.254,14438042.0,2021-07-01
1625184000000,33.26,34.117,31.348,33.97,11828100.0,2021-07-02
1625270400000,33.972,35.398,33.224,34.5,8285696.0,2021-07-03
1625356800000,34.504,35.55,33.536,34.29,6059510.0,2021-07-04
1625443200000,34.287,34.454,32.358,32.887,6970400.0,2021-07-05
1625529600000,32.9,35.033,32.87,34.206,7112648.0,2021-07-06
1625616000000,34.207,38.117,33.8,36.659,10841144.0,2021-07-07
1625702400000,36.664,36.948,32.623,33.128,11909931.0,2021-07-08
1625788800000,33.131,34.445,31.95,33.325,7852045.0,2021-07-09
1625875200000,33.325,34.21,31.0,31.688,7153836.0,2021-07-10
1625961600000,31.699,32.57,31.338,32.173,5708189.0,2021-07-11
1626048000000,32.17,32.682,30.007,30.751,6675676.0,2021-07-12
1626134400000,30.75,31.087,28.8,29.147,6650903.0,2021-07-13
1626220800000,29.148,31.45,27.383,31.355,9782573.0,2021-07-14
1626307200000,31.35,31.49,27.952,28.572,8428275.0,2021-07-15
1626393600000,28.573,29.483,26.171,26.259,9279001.0,2021-07-16
1626480000000,26.255,27.825,25.937,26.79,8098091.0,2021-07-17
1626566400000,26.789,27.746,26.204,26.662,5133490.0,2021-07-18
1626652800000,26.666,26.706,23.95,24.511,9595070.0,2021-07-19
1626739200000,24.512,24.976,22.051,23.466,11783885.0,2021-07-20
1626825600000,23.47,27.457,22.78,26.675,13030178.0,2021-07-21
1626912000000,26.681,28.172,25.896,27.679,7384995.0,2021-07-22
1626998400000,27.684,28.7,26.381,28.519,7427433.0,2021-07-23
1627084800000,28.522,29.496,28.0,28.621,6707757.0,2021-07-24
1627171200000,28.629,28.884,26.526,28.232,6479946.0,2021-07-25
1627257600000,28.234,31.125,27.82,28.18,13044034.0,2021-07-26
1627344000000,28.185,28.962,26.871,28.102,8021952.0,2021-07-27
1627430400000,28.099,28.747,27.337,27.875,6293239.0,2021-07-28
1627516800000,27.873,31.868,27.3,31.25,9210120.0,2021-07-29
1627603200000,31.252,33.092,29.88,32.35,14694306.0,2021-07-30
1627689600000,32.346,37.0,31.633,36.721,11892337.0,2021-07-31
1627776000000,36.747,36.831,33.134,34.164,9845464.0,2021-08-01
1627862400000,34.175,35.958,33.0,33.194,6904527.0,2021-08-02
1627948800000,33.2,35.85,32.33,34.136,9665341.0,2021-08-03
1628035200000,34.131,36.67,33.217,35.771,7299107.0,2021-08-04
1628121600000,35.775,38.299,35.507,37.399,11329765.0,2021-08-05
1628208000000,37.396,40.446,35.675,39.546,9333338.0,2021-08-06
1628294400000,39.523,40.557,37.535,39.489,8383915.0,2021-08-07
1628380800000,39.487,39.585,36.91,37.688,5740959.0,2021-08-08
1628467200000,37.682,40.059,36.322,38.68,7074324.0,2021-08-09
1628553600000,38.674,41.722,38.212,40.676,8004715.0,2021-08-10
1628640000000,40.684,43.779,40.634,41.65,6438913.0,2021-08-11
1628726400000,41.65,43.482,39.363,41.122,6579907.0,2021-08-12
1628812800000,41.136,44.977,40.702,44.9,5976998.0,2021-08-13
1628899200000,44.896,44.93,42.773,44.141,4135315.0,2021-08-14
1628985600000,44.149,54.789,43.385,53.565,16443136.0,2021-08-15
1629072000000,53.576,69.448,52.343,62.128,61525860.0,2021-08-16
1629158400000,62.124,75.25,58.672,64.218,58334195.0,2021-08-17
1629244800000,64.211,80.5,59.594,72.787,59575245.0,2021-08-18
1629331200000,72.771,75.452,68.285,72.873,29161146.0,2021-08-19
1629417600000,72.861,80.116,71.0,78.771,18951871.0,2021-08-20
1629504000000,78.779,82.1,72.592,73.904,16600056.0,2021-08-21
1629590400000,73.892,77.666,71.2,72.806,10656314.0,2021-08-22
1629676800000,72.808,76.858,71.6,75.702,11547402.0,2021-08-23
1629763200000,75.702,79.55,68.584,70.511,21125770.0,2021-08-24
1629849600000,70.506,72.88,66.065,72.028,13847596.0,2021-08-25
1629936000000,72.026,78.18,66.207,74.875,26381412.0,2021-08-26
1630022400000,74.89,88.888,72.509,87.954,29597717.0,2021-08-27
1630108800000,87.954,97.88,85.539,96.225,22576596.0,2021-08-28
1630195200000,96.232,97.907,90.36,94.239,14586510.0,2021-08-29
1630281600000,94.242,116.6,93.623,110.318,36849853.0,2021-08-30
1630368000000,110.323,130.44,103.232,108.341,55980003.0,2021-08-31
1630454400000,108.349,119.78,106.1,110.894,27088669.0,2021-09-01
1630540800000,110.894,132.3,109.3,128.329,34037597.0,2021-09-02
1630627200000,128.301,149.246,128.149,146.403,47135103.0,2021-09-03
1630713600000,146.418,151.182,136.038,139.155,24913602.0,2021-09-04
1630800000000,139.167,145.208,135.0,142.14,16348825.0,2021-09-05
1630886400000,142.14,166.274,135.721,164.272,30920025.0,2021-09-06
1630972800000,164.272,195.522,130.0,173.644,97823014.0,2021-09-07
1631059200000,173.651,198.094,146.717,191.215,55091661.0,2021-09-08
1631145600000,191.207,216.39,180.8,188.127,45072725.0,2021-09-09
1631232000000,188.091,198.0,168.12,179.756,33750655.0,2021-09-10
1631318400000,179.782,193.544,175.218,179.243,23818238.0,2021-09-11
1631404800000,179.252,181.777,169.939,174.507,13396200.0,2021-09-12
1631491200000,174.507,175.0,150.2,169.656,30783504.0,2021-09-13
1631577600000,169.639,171.965,142.31,158.806,28665295.0,2021-09-14
1631664000000,158.807,166.625,153.806,158.991,22575532.0,2021-09-15
1631750400000,158.997,163.386,147.51,152.365,18045021.0,2021-09-16
1631836800000,152.366,153.798,134.0,147.626,29958684.0,2021-09-17
1631923200000,147.64,171.48,144.22,169.228,28468398.0,2021-09-18
1632009600000,169.248,170.978,150.582,152.973,19231360.0,2021-09-19
1632096000000,152.965,153.577,130.05,132.834,38102606.0,2021-09-20
1632182400000,132.831,144.695,115.576,124.248,40874281.0,2021-09-21
1632268800000,124.221,151.455,122.099,147.952,32161808.0,2021-09-22
1632355200000,147.979,152.401,143.01,149.897,22462789.0,2021-09-23
1632441600000,149.896,151.36,128.1,139.147,25738781.0,2021-09-24
1632528000000,139.158,144.199,133.316,136.079,12790601.0,2021-09-25
1632614400000,136.066,140.778,124.602,135.619,17706370.0,2021-09-26
1632700800000,135.631,149.0,133.643,136.308,19093401.0,2021-09-27
1632787200000,136.303,139.333,128.06,132.158,15091810.0,2021-09-28
1632873600000,132.118,140.176,131.074,135.265,13427558.0,2021-09-29
1632960000000,135.27,142.878,133.995,141.358,12301395.0,2021-09-30
1633046400000,141.375,164.922,138.05,161.597,21101520.0,2021-10-01
1633132800000,161.599,175.0,156.128,168.889,17040604.0,2021-10-02
1633219200000,168.936,178.0,165.528,173.045,15838264.0,2021-10-03
1633305600000,173.046,173.12,162.1,167.244,15014407.0,2021-10-04
1633392000000,167.244,170.251,160.15,164.745,10503029.0,2021-10-05
1633478400000,164.748,165.625,150.105,154.005,14090893.0,2021-10-06
1633564800000,154.007,161.595,150.495,154.38,11531787.0,2021-10-07
1633651200000,154.378,169.0,152.408,158.932,12295622.0,2021-10-08
1633737600000,158.917,161.618,154.115,156.943,6273299.0,2021-10-09
1633824000000,156.939,158.705,145.3,147.62,7684346.0,2021-10-10
1633910400000,147.606,154.28,140.274,144.888,9430022.0,2021-10-11
1633996800000,144.883,153.428,137.696,152.328,14130548.0,2021-10-12
1634083200000,152.327,155.6,144.283,148.08,8492150.0,2021-10-13
1634169600000,148.105,155.929,147.361,150.164,7588306.0,2021-10-14
1634256000000,150.158,165.4,146.659,163.236,16777010.0,2021-10-15
1634342400000,163.236,164.989,156.238,157.686,6178819.0,2021-10-16
1634428800000,157.68,167.716,153.0,160.291,10181095.0,2021-10-17
1634515200000,160.29,163.087,155.1,157.263,6130371.0,2021-10-18
1634601600000,157.262,159.639,153.231,155.941,4884889.0,2021-10-19
1634688000000,155.941,177.0,155.193,176.821,13674451.0,2021-10-20
1634774400000,176.841,194.719,176.804,190.647,32490713.0,2021-10-21
1634860800000,190.602,215.781,188.153,196.446,33878141.0,2021-10-22
1634947200000,196.453,206.0,192.2,197.88,13632571.0,2021-10-23
1635033600000,197.856,204.958,185.5,202.386,12794444.0,2021-10-24
1635120000000,202.386,219.156,198.135,209.949,16854354.0,2021-10-25
1635206400000,209.95,214.442,195.7,199.998,10557212.0,2021-10-26
1635292800000,199.998,205.841,174.0,184.468,16500274.0,2021-10-27
1635379200000,184.473,201.55,181.658,195.5,9781386.0,2021-10-28
1635465600000,195.5,205.3,194.569,200.529,6452764.0,2021-10-29
1635552000000,200.51,200.724,187.288,195.85,4417692.0,2021-10-30
1635638400000,195.864,205.335,185.47,202.668,6547663.0,2021-10-31
1635724800000,202.681,211.814,197.556,204.144,8583667.0,2021-11-01
1635811200000,204.145,222.61,201.182,221.044,7410949.0,2021-11-02
1635897600000,221.027,246.29,215.871,243.25,14817905.0,2021-11-03
1635984000000,243.25,250.52,233.854,246.995,10908397.0,2021-11-04
1636070400000,247.006,248.34,230.61,236.231,6067762.0,2021-11-05
1636156800000,236.199,260.064,234.937,258.336,8564814.0,2021-11-06
1636243200000,258.336,258.674,245.95,249.746,5111500.0,2021-11-07
1636329600000,249.74,253.668,241.09,248.42,6143234.0,2021-11-08
1636416000000,248.466,253.473,237.333,239.301,4426065.0,2021-11-09
1636502400000,239.305,248.18,215.027,233.233,8205361.0,2021-11-10
1636588800000,233.25,246.651,229.571,233.469,5830031.0,2021-11-11
1636675200000,233.486,239.41,221.115,228.572,6496969.0,2021-11-12
1636761600000,228.543,241.998,225.081,241.568,4558176.0,2021-11-13
1636848000000,241.569,241.979,230.364,238.737,3444723.0,2021-11-14
1636934400000,238.772,246.495,234.507,238.282,5124880.0,2021-11-15
1637020800000,238.283,238.341,212.67,219.043,8013201.0,2021-11-16
1637107200000,219.045,222.33,209.565,219.073,6549297.0,2021-11-17
1637193600000,219.064,222.805,186.388,195.18,10150395.0,2021-11-18
1637280000000,195.204,219.481,189.13,215.369,8191835.0,2021-11-19
1637366400000,215.368,221.243,206.056,217.695,4917871.0,2021-11-20
1637452800000,217.696,235.499,210.622,230.788,5496283.0,2021-11-21
1637539200000,230.732,232.12,211.61,215.61,9256523.0,2021-11-22
1637625600000,215.613,226.168,210.692,221.918,5068442.0,2021-11-23
1637712000000,221.917,222.56,200.341,205.779,5491484.0,2021-11-24
1637798400000,205.844,216.554,202.012,210.181,5209052.0,2021-11-25
1637884800000,210.2,210.76,182.49,192.423,9086141.0,2021-11-26
1637971200000,192.392,199.43,190.626,192.775,3797991.0,2021-11-27
1638057600000,192.737,202.008,180.782,200.713,5452766.0,2021-11-28
1638144000000,200.708,212.7,199.646,204.275,4971235.0,2021-11-29
1638230400000,204.278,218.4,199.595,208.617,7489004.0,2021-11-30
1638316800000,208.617,232.637,207.977,229.812,8292978.0,2021-12-01
1638403200000,229.812,243.161,220.085,233.677,10528719.0,2021-12-02
1638489600000,233.677,239.473,202.705,211.607,11931101.0,2021-12-03
1638576000000,211.572,212.658,166.0,200.583,17096704.0,2021-12-04
1638662400000,200.586,204.39,181.205,196.317,8812597.0,2021-12-05
1638748800000,196.318,197.486,176.2,193.518,10091002.0,2021-12-06
1638835200000,193.526,204.0,187.746,190.155,5315891.0,2021-12-07
1638921600000,190.155,196.243,183.289,194.539,5026706.0,2021-12-08
1639008000000,194.566,196.6,178.413,181.04,4992774.0,2021-12-09
1639094400000,181.036,184.604,167.098,167.229,5926116.0,2021-12-10
1639180800000,167.265,173.7,161.211,172.09,5043651.0,2021-12-11
1639267200000,172.076,176.797,167.658,172.799,3285964.0,2021-12-12
1639353600000,172.809,172.848,147.9,155.19,7184799.0,2021-12-13
1639440000000,155.2,163.35,149.48,161.16,6496404.0,2021-12-14
1639526400000,161.16,182.58,156.7,178.43,9459699.0,2021-12-15
1639612800000,178.44,188.96,174.33,176.92,7320275.0,2021-12-16
1639699200000,176.93,182.48,168.04,175.51,7274360.0,2021-12-17
1639785600000,175.5,184.18,171.01,182.68,3735718.0,2021-12-18
1639872000000,182.66,189.4,178.0,179.86,4250865.0,2021-12-19
1639958400000,179.86,181.15,168.41,173.91,4745455.0,2021-12-20
1640044800000,173.9,182.41,170.2,179.56,4191339.0,2021-12-21
1640131200000,179.58,187.48,177.01,178.37,4253630.0,2021-12-22
1640217600000,178.36,193.51,175.58,190.11,5238315.0,2021-12-23
1640304000000,190.14,197.59,183.0,190.36,5470451.0,2021-12-24
1640390400000,190.38,195.26,189.2,193.0,2968173.0,2021-12-25
1640476800000,193.02,200.65,190.1,197.8,4201822.0,2021-12-26
1640563200000,197.82,204.81,194.66,195.71,3894081.0,2021-12-27
1640649600000,195.7,195.71,176.15,177.2,6545712.0,2021-12-28
1640736000000,177.21,180.59,170.0,170.66,4932124.0,2021-12-29
1640822400000,170.66,175.69,168.01,172.48,3353923.0,2021-12-30
1640908800000,172.49,177.69,167.57,169.98,3344135.0,2021-12-31
1640995200000,170.01,179.19,169.9,179.05,2350921.0,2022-01-01
1641081600000,179.06,179.65,174.31,176.29,2140956.0,2022-01-02
1641168000000,176.27,176.44,166.66,170.18,3004706.0,2022-01-03
1641254400000,170.2,173.9,166.38,167.83,3584257.0,2022-01-04
1641340800000,167.87,171.4,144.5,154.38,5614227.0,2022-01-05
1641427200000,154.41,154.76,146.22,150.26,4758356.0,2022-01-06
1641513600000,150.28,150.74,132.98,136.43,9351795.0,2022-01-07
1641600000000,136.43,147.98,132.89,142.15,9777575.0,2022-01-08
1641686400000,142.12,145.67,137.8,140.77,5673791.0,2022-01-09
1641772800000,140.74,143.75,129.45,135.73,7333769.0,2022-01-10
1641859200000,135.74,143.4,133.57,140.13,4524325.0,2022-01-11
1641945600000,140.14,153.3,138.17,151.48,6439328.0,2022-01-12
1642032000000,151.48,157.75,145.47,146.1,7015263.0,2022-01-13
1642118400000,146.09,150.57,141.91,146.13,5014028.0,2022-01-14
1642204800000,146.13,149.48,143.8,147.57,2945950.0,2022-01-15
1642291200000,147.57,151.93,146.03,147.92,3500835.0,2022-01-16
1642377600000,147.93,148.22,137.0,139.74,4260608.0,2022-01-17
1642464000000,139.74,142.62,134.24,141.19,3927335.0,2022-01-18
1642550400000,141.21,142.66,132.7,135.21,4343040.0,2022-01-19
1642636800000,135.2,143.78,125.78,127.45,5509213.0,2022-01-20
1642723200000,127.45,128.7,106.02,112.2,15977832.0,2022-01-21
1642809600000,112.21,114.13,87.47,94.46,21844520.0,2022-01-22
1642896000000,94.48,104.62,93.15,99.67,12475823.0,2022-01-23
1642982400000,99.66,99.81,80.7,91.85,26854930.0,2022-01-24
1643068800000,91.85,99.85,87.39,94.54,13422811.0,2022-01-25
1643155200000,94.57,104.45,89.11,92.06,15616966.0,2022-01-26
1643241600000,92.04,94.63,85.6,89.43,15044776.0,2022-01-27
1643328000000,89.43,93.48,87.1,91.29,11397177.0,2022-01-28
1643414400000,91.29,98.88,90.4,96.11,8792459.0,2022-01-29
1643500800000,96.08,97.64,91.31,93.15,5528616.0,2022-01-30
1643587200000,93.16,101.29,89.15,99.48,9829327.0,2022-01-31
1643673600000,99.47,113.61,98.99,109.97,19495966.0,2022-02-01
1643760000000,109.95,112.39,96.96,101.84,22052102.0,2022-02-02
1643846400000,101.83,103.09,93.9,101.76,18935284.0,2022-02-03
1643932800000,101.74,112.81,100.17,112.57,17172692.0,2022-02-04
1644019200000,112.56,118.54,110.14,113.66,10160083.0,2022-02-05
1644105600000,113.66,116.06,111.11,115.18,6064084.0,2022-02-06
1644192000000,115.2,121.88,112.62,117.46,9622532.0,2022-02-07
1644278400000,117.48,120.23,109.51,113.37,9758813.0,2022-02-08
1644364800000,113.36,117.0,109.25,113.9,6993432.0,2022-02-09
1644451200000,113.9,114.85,105.55,106.09,10191733.0,2022-02-10
1644537600000,106.1,108.09,95.0,96.44,10026342.0,2022-02-11
1644624000000,96.45,99.74,92.52,95.88,7912380.0,2022-02-12
1644710400000,95.88,97.32,91.24,92.8,4953187.0,2022-02-13
1644796800000,92.79,97.92,90.49,96.37,9107385.0,2022-02-14
1644883200000,96.36,105.77,96.32,105.44,8726286.0,2022-02-15
1644969600000,105.46,105.56,98.11,101.78,8084251.0,2022-02-16
1645056000000,101.81,102.78,92.25,93.46,8221293.0,2022-02-17
1645142400000,93.49,96.33,89.24,89.82,7250331.0,2022-02-18
1645228800000,89.82,92.7,88.51,91.25,5417520.0,2022-02-19
1645315200000,91.25,93.92,85.39,90.63,12851703.0,2022-02-20
1645401600000,90.63,96.13,82.61,82.89,19858064.0,2022-02-21
1645488000000,82.89,87.6,80.96,86.34,12205064.0,2022-02-22
1645574400000,86.34,93.35,84.3,84.53,13646371.0,2022-02-23
1645660800000,84.53,95.27,75.25,89.35,29679152.0,2022-02-24
1645747200000,89.34,95.0,86.8,92.69,14249813.0,2022-02-25
1645833600000,92.69,95.15,89.12,90.21,7951389.0,2022-02-26
1645920000000,90.21,92.42,84.0,85.58,9791044.0,2022-02-27
1646006400000,85.57,102.89,84.1,99.62,16640184.0,2022-02-28
1646092800000,99.62,102.02,94.14,98.61,13421455.0,2022-03-01
1646179200000,98.61,106.43,96.68,100.69,15156169.0,2022-03-02
1646265600000,100.68,101.71,93.99,95.58,9515942.0,2022-03-03
1646352000000,95.57,95.91,86.87,88.26,10531964.0,2022-03-04
1646438400000,88.27,91.2,85.82,89.59,5581271.0,2022-03-05
1646524800000,89.58,89.93,84.02,84.53,6179199.0,2022-03-06
1646611200000,84.53,86.68,79.77,81.62,10221834.0,2022-03-07
1646697600000,81.61,85.06,81.23,82.25,9063016.0,2022-03-08
1646784000000,82.25,89.92,81.87,88.04,10676883.0,2022-03-09
1646870400000,88.05,88.58,80.56,82.81,9014111.0,2022-03-10
1646956800000,82.82,84.33,80.0,80.64,8563858.0,2022-03-11
1647043200000,80.64,82.71,80.51,81.38,4052394.0,2022-03-12
1647129600000,81.37,83.36,77.54,78.69,6611188.0,2022-03-13
1647216000000,78.68,82.27,77.93,81.2,7688576.0,2022-03-14
1647302400000,81.18,86.0,78.7,82.83,8055738.0,2022-03-15
1647388800000,82.83,87.97,81.47,87.73,10365638.0,2022-03-16
1647475200000,87.73,91.04,86.54,87.83,8455717.0,2022-03-17
1647561600000,87.83,92.31,84.35,89.77,9735754.0,2022-03-18
1647648000000,89.77,94.59,89.25,92.31,8081727.0,2022-03-19
1647734400000,92.32,92.57,87.77,88.58,5885870.0,2022-03-20
1647820800000,88.58,91.23,86.62,88.55,6892088.0,2022-03-21
1647907200000,88.55,93.95,87.9,90.44,8424636.0,2022-03-22
1647993600000,90.44,96.35,89.12,94.83,9602339.0,2022-03-23
1648080000000,94.83,103.73,93.35,102.33,16825792.0,2022-03-24
1648166400000,102.32,104.9,97.06,98.55,12559624.0,2022-03-25
1648252800000,98.55,103.4,97.56,101.68,7816675.0,2022-03-26
1648339200000,101.68,107.44,98.68,106.94,8450934.0,2022-03-27
1648425600000,106.94,113.9,105.14,105.73,14660240.0,2022-03-28
1648512000000,105.73,115.67,105.43,111.56,14281594.0,2022-03-29
1648598400000,111.56,125.38,107.05,120.85,17470065.0,2022-03-30
1648684800000,120.86,129.66,119.96,122.85,18324290.0,2022-03-31
1648771200000,122.85,138.44,117.45,134.53,18008176.0,2022-04-01
1648857600000,134.53,143.57,131.31,132.48,13621808.0,2022-04-02
1648944000000,132.47,141.21,130.5,136.85,10552980.0,2022-04-03
1649030400000,136.87,138.39,125.69,132.09,11182063.0,2022-04-04
1649116800000,132.11,136.68,126.0,126.84,9678943.0,2022-04-05
1649203200000,126.84,127.37,112.02,112.87,17201228.0,2022-04-06
1649289600000,112.86,119.95,110.78,118.41,11490698.0,2022-04-07
1649376000000,118.41,122.34,108.01,109.83,13211686.0,2022-04-08
1649462400000,109.82,113.69,108.18,112.89,5902477.0,2022-04-09
1649548800000,112.89,116.0,109.61,111.04,7295683.0,2022-04-10
1649635200000,111.03,111.86,97.98,99.62,14793289.0,2022-04-11
1649721600000,99.61,109.26,98.23,103.17,15291714.0,2022-04-12
1649808000000,103.16,105.97,100.02,104.89,11418170.0,2022-04-13
1649894400000,104.9,107.72,98.71,100.72,10852684.0,2022-04-14
1649980800000,100.71,102.89,99.5,101.33,6751197.0,2022-04-15
1650067200000,101.35,103.46,100.62,102.02,5001743.0,2022-04-16
1650153600000,102.01,105.45,99.52,100.08,8059001.0,2022-04-17
1650240000000,100.09,102.64,94.6,102.35,12777531.0,2022-04-18
1650326400000,102.34,108.77,101.01,108.45,10332680.0,2022-04-19
1650412800000,108.45,110.92,104.17,105.52,10567360.0,2022-04-20
1650499200000,105.51,109.96,99.76,101.69,10894912.0,2022-04-21
1650585600000,101.7,103.53,99.17,100.5,8603985.0,2022-04-22
1650672000000,100.52,102.87,98.25,100.61,5619164.0,2022-04-23
1650758400000,100.6,102.24,98.5,99.13,5752342.0,2022-04-24
1650844800000,99.15,101.59,94.1,100.94,11992200.0,2022-04-25
1650931200000,100.95,102.0,94.5,95.65,9883811.0,2022-04-26
1651017600000,95.66,100.72,94.82,98.3,9300153.0,2022-04-27
1651104000000,98.3,100.54,96.23,98.18,8849393.0,2022-04-28
1651190400000,98.18,98.66,92.26,93.94,7536732.0,2022-04-29
1651276800000,93.94,94.95,81.67,84.5,8575614.0,2022-04-30
1651363200000,84.51,93.16,84.0,89.61,10483398.0,2022-05-01
1651449600000,89.61,90.85,85.02,87.44,8842773.0,2022-05-02
1651536000000,87.44,88.79,84.58,85.81,5748943.0,2022-05-03
1651622400000,85.82,93.1,85.42,92.7,9386594.0,2022-05-04
1651708800000,92.7,95.22,81.05,84.48,13780385.0,2022-05-05
1651795200000,84.47,84.78,79.79,81.63,11726372.0,2022-05-06
1651881600000,81.64,82.29,77.0,78.8,7750477.0,2022-05-07
1651968000000,78.8,79.36,73.58,75.34,11858880.0,2022-05-08
1652054400000,75.34,77.19,61.61,62.08,27684716.0,2022-05-09
1652140800000,62.07,73.99,60.0,66.83,31795763.0,2022-05-10
1652227200000,66.83,68.44,43.06,50.84,48303489.0,2022-05-11
1652313600000,50.85,54.33,37.1,44.63,56691055.0,2022-05-12
1652400000000,44.64,56.37,43.81,48.88,32943655.0,2022-05-13
1652486400000,48.88,53.94,45.75,52.4,20221240.0,2022-05-14
1652572800000,52.4,59.29,49.57,58.8,17821126.0,2022-05-15
1652659200000,58.8,58.8,51.8,53.77,22140006.0,2022-05-16
1652745600000,53.78,58.2,53.0,57.0,19937437.0,2022-05-17
1652832000000,57.01,57.83,49.34,49.92,19348761.0,2022-05-18
1652918400000,49.91,54.06,48.07,52.18,24662199.0,2022-05-19
1653004800000,52.18,53.62,47.76,49.41,25283753.0,2022-05-20
1653091200000,49.4,51.2,48.36,50.27,12313932.0,2022-05-21
1653177600000,50.27,53.16,49.64,52.44,12729438.0,2022-05-22
1653264000000,52.44,54.66,48.56,49.14,19904405.0,2022-05-23
1653350400000,49.13,50.83,47.04,49.66,17662688.0,2022-05-24
1653436800000,49.65,50.54,47.53,47.95,15918475.0,2022-05-25
1653523200000,47.95,48.65,41.56,43.41,31944688.0,2022-05-26
1653609600000,43.41,43.92,39.91,41.15,37585417.0,2022-05-27
1653696000000,41.15,45.1,40.3,44.22,18317303.0,2022-05-28
1653782400000,44.22,45.66,41.77,44.95,20540692.0,2022-05-29
1653868800000,44.95,48.58,44.24,47.21,24302104.0,2022-05-30
1653955200000,47.21,48.23,44.52,45.76,20880840.0,2022-05-31
1654041600000,45.75,46.12,39.49,40.09,25819704.0,2022-06-01
1654128000000,40.09,41.7,38.1,40.84,32212216.0,2022-06-02
1654214400000,40.84,41.52,37.55,38.24,27140271.0,2022-06-03
1654300800000,38.25,39.55,35.65,38.99,27617082.0,2022-06-04
1654387200000,38.99,40.22,37.81,38.51,26334769.0,2022-06-05
1654473600000,38.5,44.99,38.31,42.35,44719001.0,2022-06-06
1654560000000,42.36,42.77,37.06,39.28,51749410.0,2022-06-07
1654646400000,39.29,40.94,38.24,38.8,25924339.0,2022-06-08
1654732800000,38.81,41.96,38.4,39.95,25905188.0,2022-06-09
1654819200000,39.94,40.9,36.73,37.12,28065208.0,2022-06-10
1654905600000,37.13,37.91,33.13,33.91,32583858.0,2022-06-11
1654992000000,33.92,34.5,30.53,30.56,45670821.0,2022-06-12
1655078400000,30.56,31.09,26.0,28.58,102202032.0,2022-06-13
1655164800000,28.58,32.21,25.81,29.56,76559650.0,2022-06-14
1655251200000,29.57,34.87,26.75,34.72,78806086.0,2022-06-15
1655337600000,34.72,36.26,29.52,30.1,64037750.0,2022-06-16
1655424000000,30.09,32.11,29.21,30.7,41934041.0,2022-06-17
1655510400000,30.71,32.0,27.09,31.98,61563165.0,2022-06-18
1655596800000,31.98,35.43,28.67,34.16,64172010.0,2022-06-19
1655683200000,34.17,36.9,31.7,35.22,57195766.0,2022-06-20
1655769600000,35.23,39.25,34.18,36.39,55239261.0,2022-06-21
1655856000000,36.39,36.86,33.62,34.11,46199415.0,2022-06-22
1655942400000,34.11,38.69,33.88,38.15,47466482.0,2022-06-23
1656028800000,38.14,42.91,37.64,41.89,42221178.0,2022-06-24
1656115200000,41.89,42.61,39.72,42.21,31102600.0,2022-06-25
1656201600000,42.2,42.49,39.1,39.36,28379658.0,2022-06-26
1656288000000,39.36,41.28,37.8,38.5,29487738.0,2022-06-27
1656374400000,38.5,39.88,35.05,35.32,37783221.0,2022-06-28
1656460800000,35.31,36.1,33.09,34.02,40638255.0,2022-06-29
1656547200000,34.02,34.19,30.79,33.73,44784872.0,2022-06-30
1656633600000,33.73,35.39,31.79,32.83,44965929.0,2022-07-01
1656720000000,32.83,34.15,31.83,33.34,23178184.0,2022-07-02
1656806400000,33.35,33.71,32.12,33.37,19106717.0,2022-07-03
1656892800000,33.37,36.95,32.41,36.71,29675528.0,2022-07-04
1656979200000,36.71,36.97,33.06,35.37,37977932.0,2022-07-05
1657065600000,35.37,37.65,34.77,37.01,36312383.0,2022-07-06
1657152000000,37.02,39.26,36.36,38.44,28461790.0,2022-07-07
1657238400000,38.44,39.7,36.42,38.1,36439992.0,2022-07-08
1657324800000,38.1,38.99,37.74,38.02,17024013.0,2022-07-09
1657411200000,38.02,38.12,36.24,36.7,17373581.0,2022-07-10
1657497600000,36.69,36.72,33.22,33.39,24553003.0,2022-07-11
1657584000000,33.38,34.6,32.56,32.65,26443855.0,2022-07-12
1657670400000,32.65,35.08,31.7,34.93,33316937.0,2022-07-13
1657756800000,34.92,37.31,33.52,37.12,26697987.0,2022-07-14
1657843200000,37.11,39.09,36.51,37.35,26111584.0,2022-07-15
1657929600000,37.35,40.41,36.33,39.57,23932775.0,2022-07-16
1658016000000,39.57,41.09,38.26,38.58,22619821.0,2022-07-17
1658102400000,38.58,44.1,38.53,43.53,33149985.0,2022-07-18
1658188800000,43.53,47.4,42.54,44.86,41838827.0,2022-07-19
1658275200000,44.85,46.32,41.21,42.02,34238745.0,2022-07-20
1658361600000,42.02,44.06,39.61,43.11,35494480.0,2022-07-21
1658448000000,43.11,44.34,40.01,40.49,26611172.0,2022-07-22
1658534400000,40.49,41.91,38.59,39.95,21126177.0,2022-07-23
1658620800000,39.95,42.08,39.44,40.91,18745458.0,2022-07-24
1658707200000,40.91,41.09,36.53,36.64,26561982.0,2022-07-25
1658793600000,36.63,36.82,34.64,36.22,26574196.0,2022-07-26
1658880000000,36.22,40.56,35.64,40.21,28543829.0,2022-07-27
1658966400000,40.2,44.16,39.01,42.9,32095274.0,2022-07-28
1659052800000,42.91,44.42,41.09,41.9,27577032.0,2022-07-29
1659139200000,41.9,46.64,41.41,43.83,25178431.0,2022-07-30
1659225600000,43.84,45.18,42.18,42.32,18965991.0,2022-07-31
1659312000000,42.31,43.23,40.52,41.61,20280148.0,2022-08-01
1659398400000,41.62,42.43,39.42,39.73,22955028.0,2022-08-02
1659484800000,39.73,41.0,37.39,38.52,48398769.0,2022-08-03
1659571200000,38.52,39.83,37.9,38.81,23717637.0,2022-08-04
1659657600000,38.81,41.32,38.65,40.55,21226093.0,2022-08-05
1659744000000,40.55,40.9,39.83,40.04,11318037.0,2022-08-06
1659830400000,40.03,41.59,39.15,40.59,11959783.0,2022-08-07
1659916800000,40.6,43.72,40.53,42.15,21401541.0,2022-08-08
1660003200000,42.14,42.76,39.68,40.3,19698484.0,2022-08-09
1660089600000,40.3,42.85,39.11,42.45,25436194.0,2022-08-10
1660176000000,42.45,45.32,42.32,42.75,31721354.0,2022-08-11
1660262400000,42.75,45.49,42.1,45.46,22504477.0,2022-08-12
1660348800000,45.45,48.38,45.23,46.57,32325766.0,2022-08-13
1660435200000,46.58,48.05,44.43,44.86,24816330.0,2022-08-14
1660521600000,44.85,47.24,42.71,43.7,26402675.0,2022-08-15
1660608000000,43.69,44.3,42.5,43.06,22628772.0,2022-08-16
1660694400000,43.05,44.74,40.13,40.51,28858267.0,2022-08-17
1660780800000,40.52,41.63,39.25,39.48,21599618.0,2022-08-18
1660867200000,39.48,39.56,34.38,35.79,39089747.0,2022-08-19
1660953600000,35.79,37.23,34.15,35.25,26034812.0,2022-08-20
1661040000000,35.25,37.04,34.26,36.45,20928069.0,2022-08-21
1661126400000,36.45,36.54,33.7,35.39,26701372.0,2022-08-22
1661212800000,35.39,36.09,34.22,35.66,19414878.0,2022-08-23
1661299200000,35.66,36.39,34.27,34.85,19471591.0,2022-08-24
1661385600000,34.85,36.51,34.84,35.22,17592172.0,2022-08-25
1661472000000,35.23,35.77,31.31,31.68,32190703.0,2022-08-26
1661558400000,31.68,32.22,30.82,31.5,18665019.0,2022-08-27
1661644800000,31.49,32.18,30.14,30.38,15488187.0,2022-08-28
1661731200000,30.38,32.62,29.9,32.39,23624146.0,2022-08-29
1661817600000,32.4,33.17,30.61,31.47,24118771.0,2022-08-30
1661904000000,31.46,32.95,31.16,31.46,22674978.0,2022-08-31
1661990400000,31.47,31.78,30.37,31.59,18578932.0,2022-09-01
1662076800000,31.59,32.37,30.72,31.21,18274973.0,2022-09-02
1662163200000,31.2,31.26,30.77,31.1,8579138.0,2022-09-03
1662249600000,31.1,32.22,31.0,32.15,11554165.0,2022-09-04
1662336000000,32.14,32.5,31.12,32.15,14345553.0,2022-09-05
1662422400000,32.15,33.88,30.39,30.87,32132354.0,2022-09-06
1662508800000,30.87,32.95,30.27,32.68,20199001.0,2022-09-07
1662595200000,32.69,33.98,31.99,33.6,22292605.0,2022-09-08
1662681600000,33.59,35.96,33.57,34.66,24386705.0,2022-09-09
1662768000000,34.66,35.4,34.24,35.03,13993028.0,2022-09-10
1662854400000,35.02,36.02,34.02,34.97,14068818.0,2022-09-11
1662940800000,34.97,38.44,34.37,37.43,35664193.0,2022-09-12
1663027200000,37.42,38.93,32.9,32.96,40367039.0,2022-09-13
1663113600000,32.96,34.33,32.63,34.09,20507377.0,2022-09-14
1663200000000,34.09,34.83,32.36,33.05,25177753.0,2022-09-15
1663286400000,33.06,33.24,31.48,32.24,17108873.0,2022-09-16
1663372800000,32.24,33.88,32.21,33.66,10354775.0,2022-09-17
1663459200000,33.67,33.98,30.78,31.07,16393651.0,2022-09-18
1663545600000,31.07,33.08,30.44,32.62,20916872.0,2022-09-19
1663632000000,32.62,32.87,31.26,31.4,18245776.0,2022-09-20
1663718400000,31.41,33.48,29.98,30.63,28550681.0,2022-09-21
1663804800000,30.62,32.86,30.56,32.41,19848606.0,2022-09-22
1663891200000,32.41,33.95,31.17,33.66,24333195.0,2022-09-23
1663977600000,33.66,34.78,33.11,33.36,22124642.0,2022-09-24
1664064000000,33.37,34.05,31.82,32.31,15474926.0,2022-09-25
1664150400000,32.31,33.93,31.84,33.86,23119343.0,2022-09-26
1664236800000,33.86,35.4,32.05,32.66,28110937.0,2022-09-27
1664323200000,32.66,33.79,31.62,33.22,24511989.0,2022-09-28
1664409600000,33.22,34.41,32.62,33.92,25334901.0,2022-09-29
1664496000000,33.92,35.19,32.6,33.22,27326331.0,2022-09-30
1664582400000,33.22,33.22,32.31,32.42,13401426.0,2022-10-01
1664668800000,32.42,32.99,31.84,32.04,12384841.0,2022-10-02
1664755200000,32.04,33.24,31.69,32.89,16238346.0,2022-10-03
1664841600000,32.88,34.38,32.82,34.08,16133930.0,2022-10-04
1664928000000,34.07,34.36,33.15,34.02,15865963.0,2022-10-05
1665014400000,34.01,34.48,33.18,33.33,14457846.0,2022-10-06
1665100800000,33.33,33.74,32.38,32.96,12534495.0,2022-10-07
1665187200000,32.96,33.06,32.31,32.56,5054488.0,2022-10-08
1665273600000,32.56,33.11,32.42,32.9,6113563.0,2022-10-09
1665360000000,32.9,33.47,31.82,31.93,12830317.0,2022-10-10
1665446400000,31.93,31.93,30.36,30.78,13938956.0,2022-10-11
1665532800000,30.77,31.53,30.66,31.14,9427142.0,2022-10-12
1665619200000,31.15,31.19,27.12,30.47,29958449.0,2022-10-13
1665705600000,30.46,31.96,29.61,29.97,18270783.0,2022-10-14
1665792000000,29.96,30.19,29.39,29.58,8047257.0,2022-10-15
1665878400000,29.57,30.51,29.54,30.14,7278669.0,2022-10-16
1665964800000,30.14,31.28,29.82,31.18,12338376.0,2022-10-17
1666051200000,31.18,31.47,29.69,30.13,16477163.0,2022-10-18
1666137600000,30.13,30.25,28.55,28.84,13711673.0,2022-10-19
1666224000000,28.84,29.45,27.93,28.0,18317942.0,2022-10-20
1666310400000,28.0,28.25,26.82,28.08,25982889.0,2022-10-21
1666396800000,28.09,28.21,27.45,27.98,10229233.0,2022-10-22
1666483200000,27.98,29.53,27.68,29.25,16751705.0,2022-10-23
1666569600000,29.26,29.51,28.14,28.28,18675469.0,2022-10-24
1666656000000,28.28,32.29,28.03,30.85,39495842.0,2022-10-25
1666742400000,30.85,32.19,30.59,31.27,28994283.0,2022-10-26
1666828800000,31.27,32.35,30.44,30.57,27391970.0,2022-10-27
1666915200000,30.57,32.54,30.06,32.06,23168444.0,2022-10-28
1667001600000,32.05,33.85,31.84,32.86,21527044.0,2022-10-29
1667088000000,32.85,33.54,31.9,32.91,13514157.0,2022-10-30
1667174400000,32.92,34.39,32.17,32.54,23100208.0,2022-10-31
1667260800000,32.53,33.38,32.13,32.18,12560985.0,2022-11-01
1667347200000,32.18,32.92,30.2,30.79,24566803.0,2022-11-02
1667433600000,30.78,32.23,30.58,30.83,17139494.0,2022-11-03
1667520000000,30.82,34.2,30.63,33.72,26151429.0,2022-11-04
1667606400000,33.73,38.79,33.64,36.89,50089252.0,2022-11-05
1667692800000,36.89,37.07,32.26,32.6,35260996.0,2022-11-06
1667779200000,32.61,33.11,28.0,29.59,70668114.0,2022-11-07
1667865600000,29.58,31.89,18.4,23.82,242522353.0,2022-11-08
1667952000000,23.82,23.82,9.423,11.7,590659791.0,2022-11-09
1668038400000,11.69,18.787,10.61,17.615,353922445.0,2022-11-10
1668124800000,17.612,18.318,14.0,16.426,135750868.0,2022-11-11
1668211200000,16.426,16.505,14.44,14.56,53425107.0,2022-11-12
1668297600000,14.559,14.738,12.806,13.126,58304909.0,2022-11-13
1668384000000,13.125,15.36,12.0,13.999,102534104.0,2022-11-14
1668470400000,13.998,15.12,13.811,14.303,54474973.0,2022-11-15
1668556800000,14.304,14.601,13.624,14.257,32937136.0,2022-11-16
1668643200000,14.259,14.5,12.832,13.62,63752460.0,2022-11-17
1668729600000,13.623,13.883,12.967,13.257,31943477.0,2022-11-18
1668816000000,13.257,13.26,12.564,12.837,26787739.0,2022-11-19
1668902400000,12.836,13.585,12.085,12.251,34898380.0,2022-11-20
1668988800000,12.252,12.277,11.253,11.825,49440318.0,2022-11-21
1669075200000,11.827,12.5,10.901,12.427,45203704.0,2022-11-22
1669161600000,12.429,14.723,12.4,14.331,61960092.0,2022-11-23
1669248000000,14.331,14.948,13.826,14.591,50230193.0,2022-11-24
1669334400000,14.591,14.599,13.89,14.015,27152366.0,2022-11-25
1669420800000,14.014,14.964,13.926,14.133,24560019.0,2022-11-26
1669507200000,14.135,14.428,14.02,14.099,14874919.0,2022-11-27
1669593600000,14.097,14.148,12.743,13.313,45299967.0,2022-11-28
1669680000000,13.313,13.95,13.115,13.336,21645702.0,2022-11-29
1669766400000,13.336,14.3,13.172,14.162,26361757.0,2022-11-30
1669852800000,14.163,14.18,13.372,13.489,16582560.0,2022-12-01
1669939200000,13.489,13.834,13.28,13.703,17198822.0,2022-12-02
1670025600000,13.704,13.767,13.2,13.289,9401869.0,2022-12-03
1670112000000,13.29,13.749,13.258,13.7,7847958.0,2022-12-04
1670198400000,13.7,14.16,13.578,13.81,17912273.0,2022-12-05
1670284800000,13.81,14.373,13.808,14.281,15902230.0,2022-12-06
1670371200000,14.279,14.334,13.38,13.487,13093328.0,2022-12-07
1670457600000,13.487,13.764,13.258,13.67,10937958.0,2022-12-08
1670544000000,13.671,14.019,13.5,13.579,14076006.0,2022-12-09
1670630400000,13.579,13.731,13.532,13.56,4636762.0,2022-12-10
1670716800000,13.559,13.785,13.37,13.406,6175513.0,2022-12-11
1670803200000,13.407,13.488,12.753,13.304,12834367.0,2022-12-12
1670889600000,13.308,14.149,12.753,13.894,23549901.0,2022-12-13
1670976000000,13.894,14.96,13.809,14.12,26819296.0,2022-12-14
1671062400000,14.12,14.515,13.87,14.044,18368914.0,2022-12-15
1671148800000,14.043,14.169,11.965,12.239,30186738.0,2022-12-16
1671235200000,12.239,12.56,11.895,12.489,14388279.0,2022-12-17
1671321600000,12.489,12.599,12.25,12.369,6923437.0,2022-12-18
1671408000000,12.37,12.573,11.651,11.93,16473134.0,2022-12-19
1671494400000,11.93,12.475,11.818,12.247,12448746.0,2022-12-20
1671580800000,12.248,12.274,11.879,12.127,10212917.0,2022-12-21
1671667200000,12.127,12.176,11.668,11.814,12135907.0,2022-12-22
1671753600000,11.815,12.106,11.708,11.772,11031497.0,2022-12-23
1671840000000,11.772,11.782,11.03,11.423,20144597.0,2022-12-24
1671926400000,11.423,11.545,11.224,11.373,10203291.0,2022-12-25
1672012800000,11.372,11.488,11.05,11.325,12308275.0,2022-12-26
1672099200000,11.325,11.435,10.7,11.087,25583208.0,2022-12-27
1672185600000,11.087,11.128,9.37,9.749,59675748.0,2022-12-28
1672272000000,9.749,10.89,7.777,9.614,148761380.0,2022-12-29
1672358400000,9.614,10.3,8.97,9.877,165974098.0,2022-12-30
1672444800000,9.875,10.2,9.64,9.968,56131816.0,2022-12-31
1672531200000,9.968,10.074,9.678,9.977,33989325.0,2023-01-01
1672617600000,9.977,12.067,9.796,11.259,79455204.0,2023-01-02
1672704000000,11.259,13.879,11.0,13.326,172413417.0,2023-01-03
1672790400000,13.326,14.2,12.813,13.405,157681435.0,2023-01-04
1672876800000,13.404,13.781,12.927,13.418,69424055.0,2023-01-05
1672963200000,13.417,13.585,12.644,13.483,66949448.0,2023-01-06
1673049600000,13.484,13.49,13.01,13.087,19679392.0,2023-01-07
1673136000000,13.086,15.489,12.834,14.465,62122677.0,2023-01-08
1673222400000,14.464,17.5,14.256,16.253,132229880.0,2023-01-09
1673308800000,16.253,16.718,15.567,16.191,67695006.0,2023-01-10
1673395200000,16.191,16.597,15.27,16.355,51227004.0,2023-01-11
1673481600000,16.354,17.0,15.4,16.584,68851485.0,2023-01-12
1673568000000,16.584,18.658,16.237,18.289,66433667.0,2023-01-13
1673654400000,18.289,24.848,18.191,24.283,170942988.0,2023-01-14
1673740800000,24.284,25.2,22.0,22.903,81091714.0,2023-01-15
1673827200000,22.903,25.18,22.23,23.601,79865802.0,2023-01-16
1673913600000,23.6,24.0,22.66,22.855,53504946.0,2023-01-17
1674000000000,22.858,23.674,20.31,20.804,86133366.0,2023-01-18
1674086400000,20.804,21.879,20.4,21.408,50010159.0,2023-01-19
1674172800000,21.408,25.875,20.913,25.513,68902615.0,2023-01-20
1674259200000,25.513,26.687,24.264,24.564,74218424.0,2023-01-21
1674345600000,24.564,25.47,23.5,24.195,43837467.0,2023-01-22
1674432000000,24.196,24.943,23.7,24.347,38229814.0,2023-01-23
1674518400000,24.346,25.3,22.11,22.77,40160667.0,2023-01-24
1674604800000,22.77,25.452,22.187,24.534,56957881.0,2023-01-25
1674691200000,24.535,25.251,23.7,24.345,36947938.0,2023-01-26
1674777600000,24.345,24.994,23.242,24.441,31719064.0,2023-01-27
1674864000000,24.441,25.3,23.7,24.002,23656201.0,2023-01-28
1674950400000,24.002,26.869,23.71,26.09,48584074.0,2023-01-29
1675036800000,26.09,26.334,22.91,23.957,49995022.0,2023-01-30
1675123200000,23.957,24.494,23.481,23.913,30834013.0,2023-01-31
1675209600000,23.912,25.248,22.45,25.011,46828526.0,2023-02-01
1675296000000,25.014,26.173,24.005,24.315,43750124.0,2023-02-02
1675382400000,24.32,25.072,23.97,24.683,29817400.0,2023-02-03
1675468800000,24.683,24.943,24.144,24.318,13815432.0,2023-02-04
1675555200000,24.318,24.46,23.0,23.464,24775099.0,2023-02-05
1675641600000,23.465,23.717,22.471,22.635,24425581.0,2023-02-06
1675728000000,22.637,23.953,22.526,23.817,28364849.0,2023-02-07
1675814400000,23.817,24.24,22.781,23.21,26132339.0,2023-02-08
1675900800000,23.209,23.345,19.99,20.482,43873804.0,2023-02-09
1675987200000,20.482,21.171,19.66,20.088,37272262.0,2023-02-10
1676073600000,20.087,20.888,20.078,20.782,14500615.0,2023-02-11
1676160000000,20.783,22.529,20.604,21.483,28094281.0,2023-02-12
1676246400000,21.484,21.595,19.72,20.748,40746850.0,2023-02-13
1676332800000,20.748,22.373,20.639,21.836,47549012.0,2023-02-14
1676419200000,21.836,23.996,21.443,23.862,36721891.0,2023-02-15
1676505600000,23.862,24.16,22.203,22.257,38567693.0,2023-02-16
1676592000000,22.257,23.558,22.024,23.146,27049577.0,2023-02-17
1676678400000,23.147,23.942,22.931,23.464,16391363.0,2023-02-18
1676764800000,23.464,25.68,23.207,24.853,42196884.0,2023-02-19
1676851200000,24.851,27.15,24.1,26.291,58980060.0,2023-02-20
1676937600000,26.29,26.648,24.5,24.983,39633801.0,2023-02-21
1677024000000,24.983,25.266,23.2,24.145,39972526.0,2023-02-22
1677110400000,24.144,24.685,23.59,23.909,25536944.0,2023-02-23
1677196800000,23.909,24.123,22.436,23.06,27461929.0,2023-02-24
1677283200000,23.058,23.327,21.4,22.359,23679643.0,2023-02-25
1677369600000,22.36,23.52,22.201,23.238,17225068.0,2023-02-26
1677456000000,23.238,23.4,22.309,22.665,21735815.0,2023-02-27
1677542400000,22.665,22.74,21.733,21.875,18086846.0,2023-02-28
1677628800000,21.877,22.904,21.639,22.499,18165243.0,2023-03-01
1677715200000,22.502,22.656,21.654,21.991,15947599.0,2023-03-02
1677801600000,21.991,22.003,20.291,21.404,23067626.0,2023-03-03
1677888000000,21.405,21.62,20.175,20.977,13027430.0,2023-03-04
1677974400000,20.976,21.727,20.821,20.96,15735280.0,2023-03-05
1678060800000,20.96,21.18,20.436,20.622,16633661.0,2023-03-06
1678147200000,20.621,20.958,19.682,20.233,24640344.0,2023-03-07
1678233600000,20.233,20.385,18.1,18.413,40679810.0,2023-03-08
1678320000000,18.412,18.773,16.628,17.318,48509426.0,2023-03-09
1678406400000,17.317,18.344,15.993,18.15,66399108.0,2023-03-10
1678492800000,18.151,18.859,16.927,18.061,45339193.0,2023-03-11
1678579200000,18.059,20.7,17.7,20.193,38551465.0,2023-03-12
1678665600000,20.193,21.418,18.872,20.399,49138900.0,2023-03-13
1678752000000,20.403,22.152,19.758,20.87,48954816.0,2023-03-14
1678838400000,20.869,21.473,18.633,19.24,45723600.0,2023-03-15
1678924800000,19.239,19.91,18.869,19.662,28052958.0,2023-03-16
1679011200000,19.662,21.696,19.405,21.598,33843261.0,2023-03-17
1679097600000,21.598,23.0,21.054,21.213,36076747.0,2023-03-18
1679184000000,21.212,22.439,21.209,21.864,25316113.0,2023-03-19
1679270400000,21.864,23.91,21.334,22.121,59603180.0,2023-03-20
1679356800000,22.121,23.333,21.516,22.526,38608173.0,2023-03-21
1679443200000,22.523,23.094,20.918,21.404,35497116.0,2023-03-22
1679529600000,21.403,22.75,21.08,22.157,24252890.0,2023-03-23
1679616000000,22.158,22.268,20.26,20.649,22809165.0,2023-03-24
1679702400000,20.649,20.966,20.074,20.394,12321219.0,2023-03-25
1679788800000,20.395,21.127,20.27,20.931,10967346.0,2023-03-26
1679875200000,20.929,20.978,19.297,19.887,18606757.0,2023-03-27
1679961600000,19.887,20.898,19.595,20.439,19176313.0,2023-03-28
1680048000000,20.44,21.55,20.412,21.086,17183738.0,2023-03-29
1680134400000,21.087,21.661,20.129,20.543,20884805.0,2023-03-30
1680220800000,20.542,21.486,20.01,21.161,15988378.0,2023-03-31
1680307200000,21.16,21.344,20.73,21.079,9427898.0,2023-04-01
1680393600000,21.079,21.306,20.201,20.509,10121176.0,2023-04-02
1680480000000,20.509,20.989,19.937,20.444,18021745.0,2023-04-03
1680566400000,20.445,21.269,20.273,20.905,12350855.0,2023-04-04
1680652800000,20.904,21.34,20.532,20.957,13247501.0,2023-04-05
1680739200000,20.957,20.987,20.345,20.608,9474912.0,2023-04-06
1680825600000,20.609,20.771,20.195,20.433,7491162.0,2023-04-07
1680912000000,20.434,20.726,19.821,20.025,6978247.0,2023-04-08
1680998400000,20.024,20.439,19.847,20.278,7294133.0,2023-04-09
1681084800000,20.277,20.95,20.063,20.893,9485159.0,2023-04-10
1681171200000,20.892,23.7,20.819,22.999,62547800.0,2023-04-11
1681257600000,22.999,24.492,22.311,23.798,92018384.0,2023-04-12
1681344000000,23.798,25.29,23.635,24.424,47668506.0,2023-04-13
1681430400000,24.423,25.5,23.725,24.721,43015095.0,2023-04-14
1681516800000,24.72,24.809,23.811,24.057,16322630.0,2023-04-15
1681603200000,24.057,25.538,23.824,25.352,21337344.0,2023-04-16
1681689600000,25.352,26.067,24.303,24.59,37707763.0,2023-04-17
1681776000000,24.59,25.46,24.0,24.829,23638577.0,2023-04-18
1681862400000,24.829,24.995,21.517,22.655,36346604.0,2023-04-19
1681948800000,22.654,23.18,21.6,22.184,31198819.0,2023-04-20
1682035200000,22.185,22.4,20.809,21.247,24671466.0,2023-04-21
1682121600000,21.246,21.99,21.033,21.782,11255626.0,2023-04-22
1682208000000,21.783,22.245,20.9,21.461,18321683.0,2023-04-23
1682294400000,21.461,22.0,20.974,21.373,20160519.0,2023-04-24
1682380800000,21.377,21.959,20.714,21.924,21620145.0,2023-04-25
1682467200000,21.923,22.977,20.291,21.256,34306233.0,2023-04-26
1682553600000,21.256,22.541,21.155,22.326,26364203.0,2023-04-27
1682640000000,22.325,23.498,22.135,23.331,30014479.0,2023-04-28
1682726400000,23.33,23.901,22.83,23.175,20170814.0,2023-04-29
1682812800000,23.175,24.0,22.65,22.729,22259641.0,2023-04-30
1682899200000,22.728,22.88,21.506,21.939,24319403.0,2023-05-01
1682985600000,21.939,22.37,21.726,22.244,15028223.0,2023-05-02
1683072000000,22.243,22.297,21.22,22.227,26639545.0,2023-05-03
1683158400000,22.227,22.473,21.61,21.726,19665254.0,2023-05-04
1683244800000,21.726,23.073,21.5,22.813,26338827.0,2023-05-05
1683331200000,22.813,23.233,21.51,21.908,22947313.0,2023-05-06
1683417600000,21.909,22.778,21.643,21.659,18994993.0,2023-05-07
1683504000000,21.659,21.816,19.838,20.615,32169380.0,2023-05-08
1683590400000,20.616,20.981,20.399,20.648,17171093.0,2023-05-09
1683676800000,20.649,21.294,19.626,20.909,26766904.0,2023-05-10
1683763200000,20.909,20.922,19.65,20.163,23317958.0,2023-05-11
1683849600000,20.164,20.938,19.79,20.898,22564392.0,2023-05-12
1683936000000,20.898,21.29,20.759,20.832,13604369.0,2023-05-13
1684022400000,20.832,21.29,20.611,20.917,11719142.0,2023-05-14
1684108800000,20.915,21.518,20.589,20.971,18178687.0,2023-05-15
1684195200000,20.971,21.121,20.427,20.669,15031826.0,2023-05-16
1684281600000,20.669,21.2,20.412,21.047,19023396.0,2023-05-17
1684368000000,21.048,21.085,20.053,20.329,16605296.0,2023-05-18
1684454400000,20.329,20.586,20.202,20.343,9320281.0,2023-05-19
1684540800000,20.343,20.358,20.058,20.264,6611123.0,2023-05-20
1684627200000,20.265,20.389,19.3,19.605,12597240.0,2023-05-21
1684713600000,19.604,20.026,19.266,19.514,15206818.0,2023-05-22
1684800000000,19.514,20.17,19.402,20.024,17462447.0,2023-05-23
1684886400000,20.024,20.068,18.53,19.201,25178102.0,2023-05-24
1684972800000,19.202,19.615,18.755,19.243,14063561.0,2023-05-25
1685059200000,19.244,19.552,19.075,19.349,10719673.0,2023-05-26
1685145600000,19.35,20.535,19.324,20.415,13466105.0,2023-05-27
1685232000000,20.415,21.187,20.279,20.797,19929404.0,2023-05-28
1685318400000,20.798,20.971,20.265,20.575,14337590.0,2023-05-29
1685404800000,20.575,21.39,20.455,21.244,21912962.0,2023-05-30
1685491200000,21.245,21.329,20.32,20.809,14853305.0,2023-05-31
1685577600000,20.81,20.971,20.392,20.486,12617749.0,2023-06-01
1685664000000,20.486,21.378,20.289,21.247,14015369.0,2023-06-02
1685750400000,21.246,21.34,20.95,21.183,7281983.0,2023-06-03
1685836800000,21.184,22.297,21.026,21.814,17395573.0,2023-06-04
1685923200000,21.814,22.047,19.114,19.997,31641718.0,2023-06-05
1686009600000,19.997,20.698,19.229,20.379,24451434.0,2023-06-06
1686096000000,20.38,20.523,18.499,18.627,25918025.0,2023-06-07
1686182400000,18.627,19.112,18.212,18.873,19402118.0,2023-06-08
1686268800000,18.873,19.378,17.095,17.384,40567556.0,2023-06-09
1686355200000,17.385,17.418,12.6,15.605,138711365.0,2023-06-10
1686441600000,15.606,16.18,15.101,15.534,47606751.0,2023-06-11
1686528000000,15.535,15.703,14.708,15.183,46695534.0,2023-06-12
1686614400000,15.183,16.0,14.751,15.025,45186127.0,2023-06-13
1686700800000,15.026,15.372,13.97,14.476,38991478.0,2023-06-14
1686787200000,14.476,15.089,14.161,14.766,43310113.0,2023-06-15
1686873600000,14.767,15.475,14.315,15.306,31087776.0,2023-06-16
1686960000000,15.307,16.211,15.154,15.633,23696764.0,2023-06-17
1687046400000,15.633,15.842,15.25,15.43,17055510.0,2023-06-18
1687132800000,15.429,16.154,15.32,16.1,22693231.0,2023-06-19
1687219200000,16.1,16.682,15.715,16.632,30317499.0,2023-06-20
1687305600000,16.632,17.395,16.511,17.22,35280796.0,2023-06-21
1687392000000,17.221,17.737,16.538,16.62,27449030.0,2023-06-22
1687478400000,16.619,17.526,16.129,17.129,33350114.0,2023-06-23
1687564800000,17.129,17.535,16.32,16.634,23297568.0,2023-06-24
1687651200000,16.633,17.376,16.555,16.947,22922844.0,2023-06-25
1687737600000,16.949,17.115,15.888,16.264,26130622.0,2023-06-26
1687824000000,16.265,16.938,16.121,16.621,22566923.0,2023-06-27
1687910400000,16.624,16.649,15.473,15.967,30394269.0,2023-06-28
1687996800000,15.968,18.283,15.857,17.988,68517446.0,2023-06-29
1688083200000,17.988,20.038,16.991,18.858,94035375.0,2023-06-30
1688169600000,18.858,19.008,17.9,18.677,28671141.0,2023-07-01
1688256000000,18.676,19.75,18.434,19.453,44007609.0,2023-07-02
1688342400000,19.454,19.658,18.85,19.251,26756614.0,2023-07-03
1688428800000,19.252,19.95,19.05,19.13,28737640.0,2023-07-04
1688515200000,19.13,19.375,18.151,18.981,23500997.0,2023-07-05
1688601600000,18.982,20.98,18.803,19.592,81649408.0,2023-07-06
1688688000000,19.592,21.982,19.259,21.484,93134662.0,2023-07-07
1688774400000,21.485,22.468,21.315,21.807,69899997.0,2023-07-08
1688860800000,21.807,22.392,21.0,21.314,41490413.0,2023-07-09
1688947200000,21.315,21.788,20.434,21.286,50763248.0,2023-07-10
1689033600000,21.286,22.38,21.187,22.05,48596964.0,2023-07-11
1689120000000,22.049,23.059,21.738,21.928,46746819.0,2023-07-12
1689206400000,21.928,26.887,21.349,26.018,98440251.0,2023-07-13
1689292800000,26.018,33.579,25.22,26.671,113270586.0,2023-07-14
1689379200000,26.67,29.111,26.424,27.459,71330112.0,2023-07-15
1689465600000,27.46,28.708,26.379,27.404,47019721.0,2023-07-16
1689552000000,27.403,28.488,25.5,26.79,59543632.0,2023-07-17
1689638400000,26.79,27.098,24.751,25.544,53170948.0,2023-07-18
1689724800000,25.543,26.984,25.34,26.298,46260988.0,2023-07-19
1689811200000,26.3,27.386,25.0,25.365,41224879.0,2023-07-20
1689897600000,25.365,25.996,25.029,25.493,31628377.0,2023-07-21
1689984000000,25.494,25.965,23.95,24.512,22403777.0,2023-07-22
1690070400000,24.512,25.249,24.128,24.752,20529015.0,2023-07-23
1690156800000,24.752,24.832,22.76,23.354,33135170.0,2023-07-24
1690243200000,23.353,23.58,22.7,23.264,24859160.0,2023-07-25
1690329600000,23.264,25.722,23.158,25.163,52072448.0,2023-07-26
1690416000000,25.164,25.654,24.65,25.08,40162043.0,2023-07-27
1690502400000,25.079,25.555,24.518,24.798,27261834.0,2023-07-28
1690588800000,24.799,25.378,24.724,25.159,16205230.0,2023-07-29
1690675200000,25.159,25.2,23.396,24.236,23078472.0,2023-07-30
1690761600000,24.236,24.769,23.5,23.716,25697469.0,2023-07-31
1690848000000,23.717,24.07,22.6,24.045,30176764.0,2023-08-01
1690934400000,24.045,24.276,22.743,23.135,28724668.0,2023-08-02
1691020800000,23.135,23.386,22.402,22.634,29253560.0,2023-08-03
1691107200000,22.634,23.55,22.432,22.792,32929242.0,2023-08-04
1691193600000,22.791,22.934,22.17,22.641,18328186.0,2023-08-05
1691280000000,22.642,23.47,22.57,23.182,20946976.0,2023-08-06
1691366400000,23.183,23.671,22.25,23.108,26407905.0,2023-08-07
1691452800000,23.107,24.787,23.007,24.205,38218031.0,2023-08-08
1691539200000,24.205,24.99,24.092,24.375,31577270.0,2023-08-09
1691625600000,24.374,24.885,24.121,24.614,22457919.0,2023-08-10
1691712000000,24.615,24.932,24.34,24.613,20806501.0,2023-08-11
1691798400000,24.613,25.3,24.383,24.902,14310516.0,2023-08-12
1691884800000,24.903,24.944,24.207,24.216,15293337.0,2023-08-13
1691971200000,24.217,25.29,24.044,25.175,25166315.0,2023-08-14
1692057600000,25.176,25.5,23.477,23.889,30969713.0,2023-08-15
1692144000000,23.888,24.012,22.3,22.811,35746455.0,2023-08-16
1692230400000,22.812,23.426,19.63,21.661,51183716.0,2023-08-17
1692316800000,21.664,22.188,20.811,21.336,34373493.0,2023-08-18
1692403200000,21.335,22.17,21.276,21.88,17552902.0,2023-08-19
1692489600000,21.88,22.016,21.512,21.76,13065079.0,2023-08-20
1692576000000,21.762,21.767,20.2,21.187,28352827.0,2023-08-21
1692662400000,21.186,21.263,19.2,20.572,33450153.0,2023-08-22
1692748800000,20.571,21.821,20.283,21.717,30818080.0,2023-08-23
1692835200000,21.718,21.999,20.652,21.039,26892913.0,2023-08-24
1692921600000,21.039,21.043,20.077,20.409,26177798.0,2023-08-25
1693008000000,20.408,20.434,20.173,20.272,10279045.0,2023-08-26
1693094400000,20.273,20.916,20.232,20.779,14307976.0,2023-08-27
1693180800000,20.778,20.785,20.005,20.549,21062628.0,2023-08-28
1693267200000,20.549,22.063,20.1,21.772,41350423.0,2023-08-29
1693353600000,21.772,21.988,20.578,20.807,24341151.0,2023-08-30
1693440000000,20.807,21.092,19.356,19.72,29702728.0,2023-08-31
1693526400000,19.721,19.925,19.009,19.315,25540447.0,2023-09-01
1693612800000,19.316,19.7,19.114,19.48,14319110.0,2023-09-02
1693699200000,19.481,19.65,19.21,19.555,10800734.0,2023-09-03
1693785600000,19.554,20.035,19.138,19.514,19281445.0,2023-09-04
1693872000000,19.514,20.6,19.018,20.257,37150533.0,2023-09-05
1693958400000,20.257,20.38,19.1,19.62,32343010.0,2023-09-06
1694044800000,19.619,19.992,19.312,19.9,22487074.0,2023-09-07
1694131200000,19.901,20.28,19.341,19.596,20282172.0,2023-09-08
1694217600000,19.597,19.599,19.352,19.425,8326344.0,2023-09-09
1694304000000,19.425,19.426,17.733,18.219,51853103.0,2023-09-10
1694390400000,18.22,18.444,17.32,17.715,60716240.0,2023-09-11
1694476800000,17.716,18.84,17.554,17.904,57573091.0,2023-09-12
1694563200000,17.903,18.599,17.676,18.389,57221737.0,2023-09-13
1694649600000,18.39,19.335,18.372,18.835,49070641.0,2023-09-14
1694736000000,18.835,19.495,18.543,19.136,29725596.0,2023-09-15
1694822400000,19.137,19.459,18.846,19.112,19285849.0,2023-09-16
1694908800000,19.111,19.126,18.6,18.798,15725521.0,2023-09-17
1694995200000,18.799,20.15,18.56,19.628,42760004.0,2023-09-18
1695081600000,19.627,20.444,19.553,20.019,29645789.0,2023-09-19
1695168000000,20.018,20.547,19.776,20.278,30805255.0,2023-09-20
1695254400000,20.277,20.288,19.273,19.442,26396483.0,2023-09-21
1695340800000,19.443,19.804,19.13,19.417,20352103.0,2023-09-22
1695427200000,19.416,19.576,19.274,19.472,10660145.0,2023-09-23
1695513600000,19.472,19.671,19.17,19.351,13664134.0,2023-09-24
1695600000000,19.35,19.73,19.058,19.381,18576003.0,2023-09-25
1695686400000,19.38,19.521,18.812,19.016,17600640.0,2023-09-26
1695772800000,19.016,19.474,18.716,19.12,23641492.0,2023-09-27
1695859200000,19.12,19.982,19.085,19.948,21507958.0,2023-09-28
1695945600000,19.948,20.457,19.831,20.26,23548560.0,2023-09-29
1696032000000,20.259,21.797,20.055,21.348,33519444.0,2023-09-30
1696118400000,21.347,24.506,21.118,23.873,59267947.0,2023-10-01
1696204800000,23.873,24.83,22.826,23.366,67458697.0,2023-10-02
1696291200000,23.366,24.777,23.165,23.594,61010682.0,2023-10-03
1696377600000,23.595,23.85,22.543,23.106,50019138.0,2023-10-04
1696464000000,23.106,23.75,22.483,22.682,41702522.0,2023-10-05
1696550400000,22.681,23.78,22.648,23.391,41404412.0,2023-10-06
1696636800000,23.391,24.208,23.064,23.279,25241378.0,2023-10-07
1696723200000,23.279,23.642,23.046,23.204,21066172.0,2023-10-08
1696809600000,23.204,23.364,21.5,22.077,36992649.0,2023-10-09
1696896000000,22.078,22.477,21.676,22.107,26416053.0,2023-10-10
1696982400000,22.106,22.4,21.612,21.998,30822295.0,2023-10-11
1697068800000,21.998,22.045,20.82,21.274,29413394.0,2023-10-12
1697155200000,21.274,22.196,21.103,21.829,23713665.0,2023-10-13
1697241600000,21.828,22.368,21.78,21.983,15722742.0,2023-10-14
1697328000000,21.982,22.171,21.64,21.918,15610468.0,2023-10-15
1697414400000,21.918,25.048,21.876,23.939,57886017.0,2023-10-16
1697500800000,23.939,24.566,23.38,23.93,44618234.0,2023-10-17
1697587200000,23.93,24.433,23.345,23.408,28370163.0,2023-10-18
1697673600000,23.408,25.963,23.068,24.91,49595775.0,2023-10-19
1697760000000,24.909,27.52,24.712,27.01,69752205.0,2023-10-20
1697846400000,27.01,30.368,26.628,29.312,72105466.0,2023-10-21
1697932800000,29.312,29.995,27.91,29.031,44413942.0,2023-10-22
1698019200000,29.03,32.929,28.72,31.902,92027939.0,2023-10-23
1698105600000,31.902,32.622,29.454,30.157,75311731.0,2023-10-24
1698192000000,30.157,33.96,29.972,32.446,63044534.0,2023-10-25
1698278400000,32.445,33.288,30.712,32.77,46693851.0,2023-10-26
1698364800000,32.771,33.422,31.05,31.739,41526306.0,2023-10-27
1698451200000,31.739,32.532,31.298,31.614,18714282.0,2023-10-28
1698537600000,31.615,33.2,31.238,32.826,21937285.0,2023-10-29
1698624000000,32.828,35.409,32.256,34.958,39343996.0,2023-10-30
1698710400000,34.958,38.619,34.832,38.372,51827939.0,2023-10-31
1698796800000,38.373,46.8,37.759,41.204,128999836.0,2023-11-01
1698883200000,41.203,44.559,38.646,40.251,93896013.0,2023-11-02
1698969600000,40.248,40.315,37.917,39.497,60242220.0,2023-11-03
1699056000000,39.497,42.785,39.035,42.422,41620866.0,2023-11-04
1699142400000,42.422,42.896,40.0,41.167,27154611.0,2023-11-05
1699228800000,41.167,42.241,39.656,42.181,30320575.0,2023-11-06
1699315200000,42.18,45.0,40.087,42.976,53089394.0,2023-11-07
1699401600000,42.976,43.913,42.27,43.142,29049408.0,2023-11-08
1699488000000,43.138,49.0,40.912,45.305,78924104.0,2023-11-09
1699574400000,45.305,57.573,45.055,56.679,79240437.0,2023-11-10
1699660800000,56.679,64.036,53.538,56.409,92327880.0,2023-11-11
1699747200000,56.409,61.943,54.48,56.315,60960749.0,2023-11-12
1699833600000,56.315,59.959,51.554,51.662,68959890.0,2023-11-13
1699920000000,51.661,58.191,51.166,56.849,67282542.0,2023-11-14
1700006400000,56.842,67.228,56.16,65.506,64787365.0,2023-11-15
1700092800000,65.506,68.356,56.4,57.842,66625919.0,2023-11-16
1700179200000,57.842,60.618,54.093,58.49,57680465.0,2023-11-17
1700265600000,58.498,59.4,54.7,58.581,35164566.0,2023-11-18
1700352000000,58.581,62.151,56.576,61.099,35510319.0,2023-11-19
1700438400000,61.099,61.358,55.961,56.603,42246854.0,2023-11-20
1700524800000,56.603,57.411,51.2,51.682,54102492.0,2023-11-21
1700611200000,51.684,58.923,51.479,57.579,36385358.0,2023-11-22
1700697600000,57.575,59.688,56.121,56.537,28977898.0,2023-11-23
1700784000000,56.539,58.84,56.196,56.869,23562196.0,2023-11-24
1700870400000,56.869,59.869,55.63,58.83,21994291.0,2023-11-25
1700956800000,58.83,59.064,56.1,57.593,19194071.0,2023-11-26
1701043200000,57.593,58.11,53.412,55.03,28787690.0,2023-11-27
1701129600000,55.03,58.67,53.923,58.183,28476261.0,2023-11-28
1701216000000,58.184,61.799,57.744,59.324,34572769.0,2023-11-29
1701302400000,59.324,61.762,58.738,59.309,26126998.0,2023-11-30
1701388800000,59.309,61.937,58.585,59.75,28582330.0,2023-12-01
1701475200000,59.749,63.954,59.67,63.684,25070948.0,2023-12-02
1701561600000,63.684,65.622,62.234,63.015,24796411.0,2023-12-03
1701648000000,63.02,65.34,59.0,61.671,36503268.0,2023-12-04
1701734400000,61.671,62.661,59.104,61.061,29147610.0,2023-12-05
1701820800000,61.058,66.797,61.048,61.878,46533462.0,2023-12-06
1701907200000,61.878,69.546,61.657,67.806,42616421.0,2023-12-07
1701993600000,67.807,75.46,67.806,74.98,43934782.0,2023-12-08
1702080000000,74.979,77.879,71.472,72.368,35549685.0,2023-12-09
1702166400000,72.37,74.961,70.728,74.907,23789917.0,2023-12-10
1702252800000,74.904,75.024,63.501,70.286,49937701.0,2023-12-11
1702339200000,70.282,72.479,65.789,68.644,31474825.0,2023-12-12
1702425600000,68.635,72.666,63.64,70.668,31564908.0,2023-12-13
1702512000000,70.669,76.315,67.0,75.751,32617464.0,2023-12-14
1702598400000,75.751,79.679,72.166,72.552,35683703.0,2023-12-15
1702684800000,72.558,77.24,71.22,73.737,21559021.0,2023-12-16
1702771200000,73.736,75.149,70.551,70.902,21020260.0,2023-12-17
1702857600000,70.902,75.515,66.851,74.429,30396194.0,2023-12-18
1702944000000,74.428,76.384,71.8,73.04,24638427.0,2023-12-19
1703030400000,73.03,84.19,72.982,82.243,42091362.0,2023-12-20
1703116800000,82.243,95.817,81.05,93.927,46777766.0,2023-12-21
1703203200000,93.929,99.733,90.512,97.962,47249988.0,2023-12-22
1703289600000,97.962,110.388,92.88,107.965,37733610.0,2023-12-23
1703376000000,107.966,118.7,107.35,112.571,55154913.0,2023-12-24
1703462400000,112.572,126.938,108.0,120.942,48279195.0,2023-12-25
1703548800000,120.947,121.457,102.33,112.543,52112269.0,2023-12-26
1703635200000,112.533,115.5,104.832,107.095,39570935.0,2023-12-27
1703721600000,107.089,109.826,97.32,101.913,44966162.0,2023-12-28
1703808000000,101.914,110.198,99.514,106.225,41688164.0,2023-12-29
1703894400000,106.235,107.651,100.698,101.971,20780463.0,2023-12-30
1703980800000,101.974,105.338,99.635,101.778,18960751.0,2023-12-31
1704067200000,101.775,110.078,101.53,110.047,18991982.0,2024-01-01
1704153600000,110.054,117.1,106.1,106.83,35086492.0,2024-01-02
1704240000000,106.828,109.95,83.51,98.519,54004295.0,2024-01-03
1704326400000,98.519,108.3,96.588,104.975,29071370.0,2024-01-04
1704412800000,104.961,105.546,95.0,99.874,29424332.0,2024-01-05
1704499200000,99.874,100.277,91.398,93.799,24620579.0,2024-01-06
1704585600000,93.798,96.764,87.5,89.414,25163821.0,2024-01-07
1704672000000,89.414,99.915,85.1,97.901,40881349.0,2024-01-08
1704758400000,97.9,108.0,95.257,99.347,45818730.0,2024-01-09
1704844800000,99.347,105.58,92.122,102.063,39490104.0,2024-01-10
1704931200000,102.067,107.341,97.6,99.928,38090107.0,2024-01-11
1705017600000,99.927,100.534,85.8,92.153,30999486.0,2024-01-12
1705104000000,92.148,97.068,89.5,95.836,18417475.0,2024-01-13
1705190400000,95.836,102.949,93.599,93.83,26381615.0,2024-01-14
1705276800000,93.829,97.0,93.0,94.359,16538422.0,2024-01-15
1705363200000,94.36,98.805,94.187,97.637,18098694.0,2024-01-16
1705449600000,97.637,102.864,96.63,102.155,32985152.0,2024-01-17
1705536000000,102.155,103.635,91.359,94.389,30810082.0,2024-01-18
1705622400000,94.389,95.5,87.005,93.596,31636549.0,2024-01-19
1705708800000,93.596,94.294,90.176,92.9,14290066.0,2024-01-20
1705795200000,92.901,93.967,90.8,91.105,9997300.0,2024-01-21
1705881600000,91.111,91.948,82.1,83.883,37607145.0,2024-01-22
1705968000000,83.883,85.967,78.96,84.325,39506666.0,2024-01-23
1706054400000,84.325,89.396,83.294,88.744,29644028.0,2024-01-24
1706140800000,88.745,89.625,85.1,86.886,23132645.0,2024-01-25
1706227200000,86.885,93.72,85.955,92.261,25577002.0,2024-01-26
1706313600000,92.26,94.48,90.636,94.238,14747490.0,2024-01-27
1706400000000,94.237,99.428,93.155,95.948,28824658.0,2024-01-28
1706486400000,95.948,102.035,95.005,101.623,26434409.0,2024-01-29
1706572800000,101.622,106.5,100.893,101.371,30149576.0,2024-01-30
1706659200000,101.372,102.719,95.837,96.912,36561334.0,2024-01-31
1706745600000,96.91,98.13,93.1,97.775,27380523.0,2024-02-01
1706832000000,97.776,102.573,97.335,100.559,25403611.0,2024-02-02
1706918400000,100.548,101.2,96.602,97.915,12932890.0,2024-02-03
1707004800000,97.914,98.555,95.0,95.451,14378621.0,2024-02-04
1707091200000,95.452,98.659,94.102,95.605,20080020.0,2024-02-05
1707177600000,95.6,97.869,93.116,96.856,21016865.0,2024-02-06
1707264000000,96.856,101.622,94.56,101.135,19550319.0,2024-02-07
1707350400000,101.136,104.974,100.5,102.742,22978451.0,2024-02-08
1707436800000,102.742,109.23,102.728,106.921,26650167.0,2024-02-09
1707523200000,106.92,110.839,106.86,108.976,18329718.0,2024-02-10
1707609600000,108.976,110.757,107.202,107.471,15028326.0,2024-02-11
1707696000000,107.471,112.333,103.382,111.737,29003122.0,2024-02-12
1707782400000,111.737,115.333,108.301,112.539,28488321.0,2024-02-13
1707868800000,112.539,118.837,110.713,117.092,22722714.0,2024-02-14
1707955200000,117.092,118.49,111.6,113.598,24792744.0,2024-02-15
1708041600000,113.597,114.362,108.0,110.392,20969017.0,2024-02-16
1708128000000,110.393,111.163,105.551,109.008,16650647.0,2024-02-17
1708214400000,109.009,114.177,107.502,112.345,16186248.0,2024-02-18
1708300800000,112.344,115.022,110.785,111.658,20165574.0,2024-02-19
1708387200000,111.657,112.242,102.625,108.418,26511474.0,2024-02-20
1708473600000,108.417,108.5,100.255,105.113,23820780.0,2024-02-21
1708560000000,105.117,107.164,101.555,101.805,19514784.0,2024-02-22
1708646400000,101.804,103.2,98.674,99.973,19098514.0,2024-02-23
1708732800000,99.973,104.93,98.5,104.114,13661777.0,2024-02-24
1708819200000,104.113,104.554,102.033,103.569,12334897.0,2024-02-25
1708905600000,103.57,110.969,100.35,110.034,28990706.0,2024-02-26
1708992000000,110.033,112.51,105.36,108.45,27904505.0,2024-02-27
1709078400000,108.451,119.497,104.6,119.425,50030857.0,2024-02-28
1709164800000,119.421,134.835,117.378,125.769,50987060.0,2024-02-29
1709251200000,125.77,137.996,125.64,129.456,32349389.0,2024-03-01
1709337600000,129.467,131.936,127.2,130.184,20407930.0,2024-03-02
1709424000000,130.184,132.386,123.053,130.304,23298629.0,2024-03-03
1709510400000,130.304,135.219,127.3,133.45,29856218.0,2024-03-04
1709596800000,133.445,143.143,103.99,125.358,62284980.0,2024-03-05
1709683200000,125.359,135.121,120.09,130.916,30571774.0,2024-03-06
1709769600000,130.916,149.631,130.606,143.997,38004489.0,2024-03-07
1709856000000,143.999,152.9,141.5,144.879,28171739.0,2024-03-08
1709942400000,144.88,149.308,143.503,144.424,11688254.0,2024-03-09
1710028800000,144.43,148.7,140.5,144.497,15908571.0,2024-03-10
1710115200000,144.501,150.612,136.371,149.062,25577374.0,2024-03-11
1710201600000,149.062,155.3,141.6,151.201,34711507.0,2024-03-12
1710288000000,151.202,166.967,148.889,164.055,27237415.0,2024-03-13
1710374400000,164.055,178.7,159.288,176.851,42616134.0,2024-03-14
1710460800000,176.852,189.25,164.675,184.155,69094817.0,2024-03-15
1710547200000,184.156,198.269,176.923,182.184,46854401.0,2024-03-16
1710633600000,182.182,205.0,178.65,201.962,35993655.0,2024-03-17
1710720000000,201.96,210.425,194.029,196.143,38804988.0,2024-03-18
1710806400000,196.143,198.875,166.18,169.917,58583474.0,2024-03-19
1710892800000,169.916,193.39,162.453,191.916,44075337.0,2024-03-20
1710979200000,191.907,195.933,176.0,179.535,28916421.0,2024-03-21
1711065600000,179.535,182.052,167.7,175.257,24379418.0,2024-03-22
1711152000000,175.257,179.263,170.555,172.725,16018367.0,2024-03-23
1711238400000,172.726,186.887,171.394,184.019,15548952.0,2024-03-24
1711324800000,184.018,194.699,181.133,189.181,21056249.0,2024-03-25
1711411200000,189.165,196.808,186.3,190.623,18543450.0,2024-03-26
1711497600000,190.621,193.0,180.29,186.448,19973608.0,2024-03-27
1711584000000,186.447,191.18,181.025,189.852,15469932.0,2024-03-28
1711670400000,189.856,193.246,183.547,192.2,15273845.0,2024-03-29
1711756800000,192.2,200.4,190.861,194.351,15200451.0,2024-03-30
1711843200000,194.351,203.459,193.834,202.678,11636563.0,2024-03-31
1711929600000,202.685,204.755,186.711,192.355,21467500.0,2024-04-01
1712016000000,192.355,192.415,176.011,181.679,25288312.0,2024-04-02
1712102400000,181.671,191.976,177.012,185.173,21048096.0,2024-04-03
1712188800000,185.179,190.295,180.33,184.123,15182723.0,2024-04-04
1712275200000,184.124,185.324,168.1,174.45,21718053.0,2024-04-05
1712361600000,174.451,180.0,173.6,178.768,15224983.0,2024-04-06
1712448000000,178.769,182.789,176.958,179.615,13222268.0,2024-04-07
1712534400000,179.615,184.799,175.401,180.822,15077524.0,2024-04-08
1712620800000,180.821,181.084,169.08,172.558,16750977.0,2024-04-09
1712707200000,172.558,175.611,162.29,173.438,20510524.0,2024-04-10
1712793600000,173.438,176.48,170.171,172.497,16183442.0,2024-04-11
1712880000000,172.496,176.12,140.0,153.162,27967843.0,2024-04-12
1712966400000,153.157,154.987,112.917,138.467,53895344.0,2024-04-13
1713052800000,138.467,152.862,130.445,151.187,37605050.0,2024-04-14
1713139200000,151.186,156.048,133.55,138.442,30409525.0,2024-04-15
1713225600000,138.442,140.512,126.392,136.183,31626915.0,2024-04-16
1713312000000,136.184,142.622,126.812,131.781,35688047.0,2024-04-17
1713398400000,131.782,143.88,127.514,141.957,31116890.0,2024-04-18
1713484800000,141.958,147.491,128.401,142.444,34094940.0,2024-04-19
1713571200000,142.445,152.398,139.601,151.155,15826378.0,2024-04-20
1713657600000,151.154,153.452,146.7,148.734,13065047.0,2024-04-21
1713744000000,148.733,158.431,146.544,156.881,17566999.0,2024-04-22
1713830400000,156.881,159.987,152.976,154.723,15174317.0,2024-04-23
1713916800000,154.722,159.7,145.52,147.701,21716307.0,2024-04-24
1714003200000,147.7,149.525,142.041,144.786,18960162.0,2024-04-25
1714089600000,144.786,146.12,138.456,139.202,15417365.0,2024-04-26
1714176000000,139.202,142.965,132.385,141.242,14741854.0,2024-04-27
1714262400000,141.245,144.679,136.956,137.922,9824061.0,2024-04-28
1714348800000,137.922,138.885,133.212,137.725,16684748.0,2024-04-29
1714435200000,137.726,139.721,121.049,126.685,27253855.0,2024-04-30
1714521600000,126.685,135.943,118.265,134.541,30566407.0,2024-05-01
1714608000000,134.542,140.952,128.227,137.538,23951565.0,2024-05-02
1714694400000,137.537,144.968,135.84,143.607,19334499.0,2024-05-03
1714780800000,143.607,149.08,142.148,146.007,11900841.0,2024-05-04
1714867200000,146.008,147.976,143.15,145.673,9597836.0,2024-05-05
1714953600000,145.673,156.85,145.316,152.784,21027652.0,2024-05-06
1715040000000,152.779,159.194,147.525,148.011,18614768.0,2024-05-07
1715126400000,148.012,149.885,139.892,142.118,17661222.0,2024-05-08
1715212800000,142.119,153.36,140.535,152.459,15634073.0,2024-05-09
1715299200000,152.46,155.7,144.177,145.966,17624510.0,2024-05-10
1715385600000,145.966,147.657,143.068,145.355,8905712.0,2024-05-11
1715472000000,145.355,147.755,142.198,143.364,7947326.0,2024-05-12
1715558400000,143.364,150.78,137.78,147.496,19482360.0,2024-05-13
1715644800000,147.495,149.036,141.762,141.963,14921505.0,2024-05-14
1715731200000,141.964,158.741,141.1,158.423,19297035.0,2024-05-15
1715817600000,158.424,164.769,156.4,159.303,18036440.0,2024-05-16
1715904000000,159.302,172.0,159.251,169.351,16620884.0,2024-05-17
1715990400000,169.352,175.9,168.534,172.299,11739015.0,2024-05-18
1716076800000,172.298,175.495,165.968,169.853,13260648.0,2024-05-19
1716163200000,169.852,188.587,167.555,186.701,24253078.0,2024-05-20
1716249600000,186.701,188.955,174.338,178.15,16797193.0,2024-05-21
1716336000000,178.15,183.649,175.05,177.03,16850198.0,2024-05-22
1716422400000,177.02,181.365,164.6,176.182,20134858.0,2024-05-23
1716508800000,176.181,176.181,162.432,167.657,16087396.0,2024-05-24
1716595200000,167.657,170.561,165.845,168.356,7364804.0,2024-05-25
1716681600000,168.356,168.408,161.002,163.505,10445038.0,2024-05-26
1716768000000,163.506,172.412,163.407,170.249,12121179.0,2024-05-27
1716854400000,170.248,173.364,165.009,168.807,15155077.0,2024-05-28
1716940800000,168.807,174.06,167.259,168.418,12874234.0,2024-05-29
1717027200000,168.419,172.735,163.64,166.986,12344245.0,2024-05-30
1717113600000,166.985,171.074,164.0,165.762,10084573.0,2024-05-31
1717200000000,165.761,168.0,165.761,166.281,4545003.0,2024-06-01
1717286400000,166.28,167.245,161.357,163.251,7236488.0,2024-06-02
1717372800000,163.252,167.405,161.904,164.995,10551414.0,2024-06-03
1717459200000,164.995,172.038,164.348,171.888,8733013.0,2024-06-04
1717545600000,171.889,175.784,171.2,173.668,10071690.0,2024-06-05
1717632000000,173.667,174.49,167.495,170.271,7351462.0,2024-06-06
1717718400000,170.272,173.0,152.22,162.524,15312749.0,2024-06-07
1717804800000,162.525,163.819,157.4,157.838,7344457.0,2024-06-08
1717891200000,157.841,163.078,156.504,162.116,6250852.0,2024-06-09
1717977600000,162.117,163.2,157.466,159.096,8782933.0,2024-06-10
1718064000000,159.096,159.772,145.121,149.245,16437240.0,2024-06-11
1718150400000,149.245,161.749,145.4,155.173,17450255.0,2024-06-12
1718236800000,155.173,155.186,146.0,147.209,11851796.0,2024-06-13
1718323200000,147.216,149.711,139.5,142.974,14118980.0,2024-06-14
1718409600000,142.973,145.74,142.854,145.45,5510166.0,2024-06-15
1718496000000,145.45,151.347,143.02,151.245,7365593.0,2024-06-16
1718582400000,151.244,151.747,139.765,143.197,14392716.0,2024-06-17
1718668800000,143.197,143.749,127.0,137.359,25248935.0,2024-06-18
1718755200000,137.359,141.876,134.402,135.557,13715932.0,2024-06-19
1718841600000,135.557,141.255,131.8,133.5,16594411.0,2024-06-20
1718928000000,133.5,135.35,128.639,134.534,16176738.0,2024-06-21
1719014400000,134.534,136.679,132.937,133.627,6224921.0,2024-06-22
1719100800000,133.628,135.064,128.164,128.661,8055127.0,2024-06-23
1719187200000,128.66,132.579,121.4,132.237,25054282.0,2024-06-24
1719273600000,132.237,139.857,131.143,136.544,14786394.0,2024-06-25
1719360000000,136.543,140.38,134.8,136.808,10896154.0,2024-06-26
1719446400000,136.815,151.25,135.179,149.651,20723615.0,2024-06-27
1719532800000,149.65,150.899,138.937,139.98,18609062.0,2024-06-28
1719619200000,139.979,143.17,139.626,140.234,6631098.0,2024-06-29
1719705600000,140.236,147.574,137.1,146.582,10829526.0,2024-06-30
1719792000000,146.582,149.396,145.802,146.625,10805989.0,2024-07-01
1719878400000,146.627,154.915,146.096,153.97,13748808.0,2024-07-02
1719964800000,153.97,154.417,139.107,140.737,20126236.0,2024-07-03
1720051200000,140.737,142.685,127.0,127.76,25092154.0,2024-07-04
1720137600000,127.751,136.388,120.069,134.23,35956212.0,2024-07-05
1720224000000,134.215,144.5,132.261,142.996,14619563.0,2024-07-06
1720310400000,142.995,143.29,131.178,131.599,14123300.0,2024-07-07
1720396800000,131.6,141.955,127.669,139.74,27229363.0,2024-07-08
1720483200000,139.741,144.291,136.387,141.391,16105160.0,2024-07-09
1720569600000,141.391,146.148,138.51,141.927,12280654.0,2024-07-10
1720656000000,141.927,146.071,135.602,135.702,15722280.0,2024-07-11
1720742400000,135.702,140.5,133.78,139.379,14021378.0,2024-07-12
1720828800000,139.378,143.571,137.87,141.811,7714575.0,2024-07-13
1720915200000,141.803,148.5,141.788,147.575,12315793.0,2024-07-14
1721001600000,147.572,159.85,146.914,159.294,14546372.0,2024-07-15
1721088000000,159.294,162.447,152.502,160.592,17454051.0,2024-07-16
1721174400000,160.592,163.722,154.576,155.467,13041719.0,2024-07-17
1721260800000,155.466,161.576,155.07,159.146,11362566.0,2024-07-18
1721347200000,159.147,172.585,156.068,169.064,20024666.0,2024-07-19
1721433600000,169.064,175.497,167.187,173.532,9571521.0,2024-07-20
1721520000000,173.546,185.32,170.458,184.473,16588618.0,2024-07-21
1721606400000,184.473,185.015,176.667,178.823,13687634.0,2024-07-22
1721692800000,178.82,180.5,170.35,172.912,17102920.0,2024-07-23
1721779200000,172.925,182.5,170.878,177.983,16378948.0,2024-07-24
1721865600000,177.983,179.5,165.304,171.759,22892041.0,2024-07-25
1721952000000,171.76,184.0,171.582,182.991,13808338.0,2024-07-26
1722038400000,182.991,188.34,178.027,183.903,18171014.0,2024-07-27
1722124800000,183.902,186.647,181.11,184.808,9761734.0,2024-07-28
1722211200000,184.808,193.893,181.444,182.509,19724191.0,2024-07-29
1722297600000,182.509,184.773,175.213,179.072,15455106.0,2024-07-30
1722384000000,179.072,184.572,171.53,171.632,16063041.0,2024-07-31
1722470400000,171.632,172.859,157.828,167.294,23771384.0,2024-08-01
1722556800000,167.3,169.357,149.735,152.711,28106046.0,2024-08-02
1722643200000,152.711,153.996,139.412,142.456,24954485.0,2024-08-03
1722729600000,142.455,145.984,131.0,138.291,30829181.0,2024-08-04
1722816000000,138.291,139.343,109.162,129.768,98466350.0,2024-08-05
1722902400000,129.775,149.5,129.352,144.328,37557874.0,2024-08-06
1722988800000,144.329,154.888,142.1,144.736,37476853.0,2024-08-07
1723075200000,144.732,163.712,141.315,163.069,35064445.0,2024-08-08
1723161600000,163.069,163.496,150.632,156.188,21351603.0,2024-08-09
1723248000000,156.188,158.705,152.54,153.932,10678048.0,2024-08-10
1723334400000,153.933,157.95,141.038,141.492,17584671.0,2024-08-11
1723420800000,141.493,150.727,141.128,146.241,27375858.0,2024-08-12
1723507200000,146.241,149.776,142.853,146.565,17458825.0,2024-08-13
1723593600000,146.566,152.13,142.215,143.644,20074373.0,2024-08-14
1723680000000,143.643,147.66,137.65,142.538,24397330.0,2024-08-15
1723766400000,142.538,144.863,136.05,138.986,21779123.0,2024-08-16
1723852800000,138.985,141.9,137.519,141.83,9517976.0,2024-08-17
1723939200000,141.831,147.445,140.462,142.354,13843849.0,2024-08-18
1724025600000,142.348,146.2,140.252,144.201,15326013.0,2024-08-19
1724112000000,144.2,148.778,140.885,142.21,15660164.0,2024-08-20
1724198400000,142.209,144.3,138.689,142.726,15097189.0,2024-08-21
1724284800000,142.726,144.828,140.51,143.159,9285903.0,2024-08-22
1724371200000,143.158,153.999,142.589,153.228,18256918.0,2024-08-23
1724457600000,153.228,162.325,151.894,160.558,16233019.0,2024-08-24
1724544000000,160.559,161.89,155.21,158.88,13066082.0,2024-08-25
1724630400000,158.881,162.0,155.451,157.052,18723561.0,2024-08-26
1724716800000,157.053,159.622,145.0,146.727,20282988.0,2024-08-27
1724803200000,146.733,148.846,140.422,143.892,22501759.0,2024-08-28
1724889600000,143.892,147.332,137.952,139.948,17072476.0,2024-08-29
1724976000000,139.948,141.046,132.002,137.921,20160806.0,2024-08-30
1725062400000,137.921,139.16,134.402,135.266,7138678.0,2024-08-31
1725148800000,135.266,136.133,127.6,128.411,19102177.0,2024-09-01
1725235200000,128.411,135.343,126.756,134.865,19348197.0,2024-09-02
1725321600000,134.865,137.5,127.082,127.506,16066132.0,2024-09-03
1725408000000,127.505,134.91,122.0,133.564,23042637.0,2024-09-04
1725494400000,133.564,135.511,127.777,129.337,19016366.0,2024-09-05
1725580800000,129.337,134.22,120.479,124.959,30806692.0,2024-09-06
1725667200000,124.959,129.4,124.1,127.656,11109001.0,2024-09-07
1725753600000,127.657,131.673,126.542,130.073,12918741.0,2024-09-08
1725840000000,130.074,137.064,126.847,135.014,20851228.0,2024-09-09
1725926400000,135.014,137.983,132.434,135.563,13946338.0,2024-09-10
1726012800000,135.564,135.815,128.113,132.346,18955051.0,2024-09-11
1726099200000,132.345,136.712,132.298,135.997,13160438.0,2024-09-12
1726185600000,135.997,139.828,131.605,138.916,14962558.0,2024-09-13
1726272000000,138.916,139.747,135.4,137.068,7913634.0,2024-09-14
1726358400000,137.062,137.873,130.322,131.319,10475376.0,2024-09-15
1726444800000,131.32,132.345,128.84,131.412,13155012.0,2024-09-16
1726531200000,131.411,135.5,129.84,131.467,14957622.0,2024-09-17
1726617600000,131.468,134.387,126.96,134.299,18785364.0,2024-09-18
1726704000000,134.3,144.0,134.13,142.82,20174958.0,2024-09-19
1726790400000,142.819,152.5,141.131,146.627,24866257.0,2024-09-20
1726876800000,146.626,149.775,144.54,149.372,9408301.0,2024-09-21
1726963200000,149.372,149.871,140.935,144.587,14191308.0,2024-09-22
1727049600000,144.588,149.0,142.024,144.691,16621499.0,2024-09-23
1727136000000,144.691,154.074,143.006,152.712,21084703.0,2024-09-24
1727222400000,152.712,153.868,147.21,147.88,13991016.0,2024-09-25
1727308800000,147.895,158.265,146.505,155.48,20117810.0,2024-09-26
1727395200000,155.48,161.288,153.756,157.591,17361301.0,2024-09-27
1727481600000,157.591,159.376,154.831,156.682,8554944.0,2024-09-28
1727568000000,156.683,161.761,155.0,158.385,12159574.0,2024-09-29
1727654400000,158.386,159.744,151.658,152.428,17629415.0,2024-09-30
1727740800000,152.428,157.288,142.2,145.071,26101046.0,2024-10-01
1727827200000,145.069,148.883,138.5,140.082,20839652.0,2024-10-02
1727913600000,140.083,142.875,133.002,136.733,23033357.0,2024-10-03
1728000000000,136.727,144.498,135.864,143.159,15891285.0,2024-10-04
1728086400000,143.158,144.893,141.004,142.538,8053999.0,2024-10-05
1728172800000,142.541,146.744,141.929,146.412,8026746.0,2024-10-06
1728259200000,146.399,152.28,143.353,143.909,18804649.0,2024-10-07
1728345600000,143.909,145.521,141.04,143.417,12284389.0,2024-10-08
1728432000000,143.417,145.285,138.611,139.266,12317012.0,2024-10-09
1728518400000,139.265,140.9,135.427,138.963,13983053.0,2024-10-10
1728604800000,138.962,146.448,138.648,145.47,12233330.0,2024-10-11
1728691200000,145.469,147.2,144.639,146.318,6661172.0,2024-10-12
1728777600000,146.318,148.829,144.382,147.645,9517737.0,2024-10-13
1728864000000,147.646,159.0,146.705,157.52,15172697.0,2024-10-14
1728950400000,157.52,159.98,150.19,154.69,19392566.0,2024-10-15
1729036800000,154.68,158.36,152.9,154.19,12541791.0,2024-10-16
1729123200000,154.19,155.7,147.62,150.45,12040071.0,2024-10-17
1729209600000,150.44,156.64,149.55,154.86,9493576.0,2024-10-18
1729296000000,154.86,159.78,153.51,159.7,6686991.0,2024-10-19
1729382400000,159.7,167.95,157.54,167.42,14492089.0,2024-10-20
1729468800000,167.42,171.93,161.35,166.13,20572950.0,2024-10-21
1729555200000,166.12,170.95,162.96,167.56,18550830.0,2024-10-22
1729641600000,167.56,174.32,164.1,170.81,19911966.0,2024-10-23
1729728000000,170.82,179.3,170.46,177.1,17059255.0,2024-10-24
1729814400000,177.1,177.56,159.12,164.8,28141641.0,2024-10-25
1729900800000,164.81,173.2,162.41,170.81,13318207.0,2024-10-26
1729987200000,170.81,178.22,170.2,176.58,12344381.0,2024-10-27
1730073600000,176.58,179.8,172.31,178.2,18412953.0,2024-10-28
1730160000000,178.2,183.34,176.31,179.4,19203560.0,2024-10-29
1730246400000,179.4,181.39,171.7,174.83,14492159.0,2024-10-30
1730332800000,174.82,176.55,167.46,168.62,14262476.0,2024-10-31
1730419200000,168.62,173.99,163.0,166.01,18238325.0,2024-11-01
1730505600000,166.01,168.57,162.1,166.09,8133835.0,2024-11-02
1730592000000,166.09,166.54,157.77,162.44,16503155.0,2024-11-03
1730678400000,162.45,164.953,155.03,157.87,14406627.0,2024-11-04
1730764800000,157.86,169.2,156.81,166.55,16511091.0,2024-11-05
1730851200000,166.55,190.18,166.27,186.61,42154037.0,2024-11-06
1730937600000,186.6,197.94,185.8,196.47,22390734.0,2024-11-07
1731024000000,196.46,205.33,195.69,199.92,23316688.0,2024-11-08
1731110400000,199.93,203.56,195.02,199.94,13720399.0,2024-11-09
1731196800000,199.95,215.64,198.74,210.29,30355200.0,2024-11-10
1731283200000,210.29,224.35,204.26,222.33,30106240.0,2024-11-11
1731369600000,222.33,225.69,205.01,211.77,32526464.0,2024-11-12
1731456000000,211.77,220.77,200.85,215.28,34913126.0,2024-11-13
1731542400000,215.29,223.04,206.85,209.65,22654965.0,2024-11-14
1731628800000,209.64,221.05,204.51,218.68,18069731.0,2024-11-15
1731715200000,218.69,222.16,213.45,215.87,13541855.0,2024-11-16
1731801600000,215.86,242.49,212.18,237.61,28728747.0,2024-11-17
1731888000000,237.62,248.66,234.12,239.96,24598580.0,2024-11-18
1731974400000,239.97,247.82,233.47,237.69,18794078.0,2024-11-19
1732060800000,237.68,242.58,230.56,235.47,18243726.0,2024-11-20
1732147200000,235.46,260.28,229.35,256.59,30928754.0,2024-11-21
1732233600000,256.59,264.64,251.51,257.1,17569079.0,2024-11-22
1732320000000,257.11,264.4,252.84,255.07,16673556.0,2024-11-23
1732406400000,255.07,260.09,241.1,252.94,12955392.0,2024-11-24
1732492800000,252.95,257.04,231.28,234.29,17798373.0,2024-11-25
1732579200000,234.28,239.74,221.71,230.73,18134654.0,2024-11-26
1732665600000,230.72,243.42,227.45,242.05,12947790.0,2024-11-27
1732752000000,242.04,245.38,232.78,237.6,10245490.0,2024-11-28
1732838400000,237.6,246.88,236.52,243.44,10695408.0,2024-11-29
1732924800000,243.44,245.59,237.55,237.73,8022661.0,2024-11-30
1733011200000,237.73,240.06,234.18,237.06,8458821.0,2024-12-01
1733097600000,237.06,238.59,220.11,225.88,20045465.0,2024-12-02
1733184000000,225.87,239.81,215.11,234.1,22553903.0,2024-12-03
1733270400000,234.12,241.07,224.82,229.32,18388506.0,2024-12-04
1733356800000,229.32,245.12,223.11,236.05,27143374.0,2024-12-05
1733443200000,236.05,247.32,231.03,237.08,17443224.0,2024-12-06
1733529600000,237.08,243.89,234.21,238.3,10193295.0,2024-12-07
1733616000000,238.29,241.76,233.33,237.24,8610479.0,2024-12-08
1733702400000,237.23,237.5,200.0,216.65,28754867.0,2024-12-09
1733788800000,216.66,221.02,203.17,213.58,25334366.0,2024-12-10
1733875200000,213.58,230.65,211.43,227.29,14804632.0,2024-12-11
1733961600000,227.29,234.66,225.65,226.88,13569576.0,2024-12-12
1734048000000,226.88,228.4,220.5,224.71,10894005.0,2024-12-13
1734134400000,224.71,227.4,215.04,219.84,8996298.0,2024-12-14
1734220800000,219.85,225.51,215.55,224.21,9172478.0,2024-12-15
1734307200000,224.21,227.41,213.12,216.08,14612870.0,2024-12-16
1734393600000,216.09,228.9,211.15,223.16,20082370.0,2024-12-17
1734480000000,223.17,225.99,204.61,206.46,23104778.0,2024-12-18
1734566400000,206.46,211.99,187.0,193.71,31013628.0,2024-12-19
1734652800000,193.71,199.61,175.2,194.28,37082041.0,2024-12-20
1734739200000,194.28,201.94,178.31,181.37,22071597.0,2024-12-21
1734825600000,181.36,187.77,176.77,180.44,17366764.0,2024-12-22
1734912000000,180.43,193.38,176.36,190.06,20626605.0,2024-12-23
1734998400000,190.06,198.9,186.05,196.99,13181443.0,2024-12-24
1735084800000,196.98,201.77,194.95,197.35,9243424.0,2024-12-25
1735171200000,197.36,199.63,186.53,188.37,12013169.0,2024-12-26
1735257600000,188.37,194.29,182.66,184.18,11933455.0,2024-12-27
1735344000000,184.18,195.98,183.71,195.39,7418865.0,2024-12-28
1735430400000,195.39,197.68,188.5,189.85,9006037.0,2024-12-29
1735516800000,189.85,196.4,185.81,191.26,12920378.0,2024-12-30
1735603200000,191.26,199.16,187.91,189.22,11023732.0,2024-12-31
1735689600000,189.22,195.29,187.82,194.22,7977746.0,2025-01-01
1735776000000,194.22,210.47,193.34,208.17,15488351.0,2025-01-02
1735862400000,208.17,219.69,205.51,217.91,13641745.0,2025-01-03
1735948800000,217.92,218.08,213.45,216.56,7095808.0,2025-01-04
1736035200000,216.57,218.98,211.27,213.3,7443139.0,2025-01-05
1736121600000,213.31,223.14,211.41,218.11,11758842.0,2025-01-06
1736208000000,218.1,219.04,201.36,202.07,16172122.0,2025-01-07
1736294400000,202.06,203.2,188.23,197.37,21459230.0,2025-01-08
1736380800000,197.37,198.98,181.85,184.88,16441467.0,2025-01-09
1736467200000,184.87,192.93,183.38,187.59,14664976.0,2025-01-10
1736553600000,187.59,191.82,184.01,187.99,7318839.0,2025-01-11
1736640000000,187.99,190.98,185.04,188.43,6414635.0,2025-01-12
1736726400000,188.43,191.94,167.71,182.78,24909157.0,2025-01-13
1736812800000,182.77,190.08,181.77,187.46,11207604.0,2025-01-14
1736899200000,187.45,205.94,185.76,205.76,16281403.0,2025-01-15
1736985600000,205.76,217.14,198.42,211.02,22599445.0,2025-01-16
1737072000000,211.03,222.09,209.71,219.46,18335847.0,2025-01-17
1737158400000,219.46,270.7,217.18,261.9,64476581.0,2025-01-18
1737244800000,261.91,295.6,237.69,252.52,73470822.0,2025-01-19
1737331200000,252.49,273.0,229.27,241.89,51782047.0,2025-01-20
1737417600000,241.88,259.89,230.3,250.26,27837731.0,2025-01-21
1737504000000,250.25,272.05,248.24,257.3,25551650.0,2025-01-22
1737590400000,257.31,258.38,242.01,253.01,26797640.0,2025-01-23
1737676800000,253.01,270.11,247.09,253.22,20558642.0,2025-01-24
1737763200000,253.22,260.76,246.09,256.32,14384756.0,2025-01-25
1737849600000,256.32,259.99,240.16,240.32,12427133.0,2025-01-26
1737936000000,240.32,242.53,220.76,234.77,34871094.0,2025-01-27
1738022400000,234.79,243.77,225.0,226.91,17754677.0,2025-01-28
1738108800000,226.92,238.59,222.45,228.04,19766679.0,2025-01-29
1738195200000,228.04,244.59,226.71,238.15,14062399.0,2025-01-30
1738281600000,238.15,241.8,228.1,231.59,13247461.0,2025-01-31
1738368000000,231.6,234.02,212.58,212.89,12487995.0,2025-02-01
1738454400000,212.88,218.71,191.85,203.42,32839924.0,2025-02-02
1738540800000,203.42,218.42,173.33,216.2,48288452.0,2025-02-03
1738627200000,216.19,219.89,201.756,206.48,27239923.0,2025-02-04
1738713600000,206.49,209.26,195.05,196.03,15772491.0,2025-02-05
1738800000000,196.03,203.86,187.16,189.45,17548603.0,2025-02-06
1738886400000,189.45,203.31,188.0,191.84,19668969.0,2025-02-07
1738972800000,191.84,200.75,189.67,199.21,9516816.0,2025-02-08
1739059200000,199.22,207.26,193.22,200.32,14085475.0,2025-02-09
1739145600000,200.31,208.9,195.71,200.32,15332965.0,2025-02-10
1739232000000,200.32,206.07,194.94,197.87,14219966.0,2025-02-11
1739318400000,197.86,198.49,188.3,196.71,16639131.0,2025-02-12
1739404800000,196.71,198.4,188.7,194.12,11143522.0,2025-02-13
1739491200000,194.12,205.3,194.02,199.31,13253377.0,2025-02-14
1739577600000,199.31,200.21,192.3,194.35,7532129.0,2025-02-15
1739664000000,194.35,196.18,186.0,188.14,10972253.0,2025-02-16
1739750400000,188.15,189.61,174.55,177.47,21533353.0,2025-02-17
1739836800000,177.47,178.99,160.77,169.21,34977765.0,2025-02-18
1739923200000,169.22,174.24,163.64,168.85,21567609.0,2025-02-19
1740009600000,168.86,176.59,167.52,175.9,15676873.0,2025-02-20
1740096000000,175.9,180.48,167.1,168.83,23614218.0,2025-02-21
1740182400000,168.84,174.67,167.98,171.98,9539412.0,2025-02-22
1740268800000,171.99,172.99,166.32,167.84,8522631.0,2025-02-23
1740355200000,167.84,169.58,137.16,141.73,40738410.0,2025-02-24
1740441600000,141.73,147.0,131.72,144.24,58424968.0,2025-02-25
1740528000000,144.25,145.16,130.54,135.27,35461521.0,2025-02-26
1740614400000,135.28,142.8,134.61,137.6,25190372.0,2025-02-27
1740700800000,137.6,148.69,125.52,148.1,50846289.0,2025-02-28
1740787200000,148.1,151.15,138.5,143.58,22723905.0,2025-03-01
1740873600000,143.57,180.0,139.96,178.64,56906128.0,2025-03-02
1740960000000,178.64,179.44,139.19,142.05,54165734.0,2025-03-03
1741046400000,142.05,146.8,130.52,144.7,50888782.0,2025-03-04
1741132800000,144.69,149.66,140.12,146.16,25732247.0,2025-03-05
1741219200000,146.17,152.85,142.32,143.22,23968768.0,2025-03-06
1741305600000,143.22,150.86,135.0,139.31,36719254.0,2025-03-07
1741392000000,139.31,140.99,135.19,136.92,12033588.0,2025-03-08
1741478400000,136.93,139.79,125.37,126.42,22039157.0,2025-03-09
1741564800000,126.42,131.5,115.43,118.26,38703346.0,2025-03-10
1741651200000,118.27,128.36,111.83,125.28,37472663.0,2025-03-11
1741737600000,125.27,131.26,121.16,126.55,28491735.0,2025-03-12
1741824000000,126.54,128.79,120.66,123.32,21642285.0,2025-03-13
1741910400000,123.32,136.07,122.89,133.49,21467520.0,2025-03-14
1741996800000,133.48,136.47,132.36,135.79,11738984.0,2025-03-15
1742083200000,135.8,136.68,125.11,126.05,20105042.0,2025-03-16
1742169600000,126.05,130.56,125.44,127.93,18702871.0,2025-03-17
1742256000000,127.92,128.1,121.66,125.25,17764133.0,2025-03-18
1742342400000,125.25,136.06,124.14,135.3,24365586.0,2025-03-19
1742428800000,135.3,136.08,126.56,127.53,16400296.0,2025-03-20
1742515200000,127.53,130.38,124.74,128.38,16153936.0,2025-03-21
1742601600000,128.39,131.77,127.71,128.44,9696405.0,2025-03-22
1742688000000,128.43,133.99,128.12,132.77,11218657.0,2025-03-23
1742774400000,132.77,144.9,131.95,140.95,25856117.0,2025-03-24
1742860800000,140.95,147.41,138.09,143.59,23211915.0,2025-03-25
1742947200000,143.6,145.41,135.78,137.26,20546321.0,2025-03-26
1743033600000,137.27,140.14,135.5,138.37,16038347.0,2025-03-27
1743120000000,138.36,138.98,127.48,129.39,22555136.0,2025-03-28
1743206400000,129.39,130.45,122.52,124.5,18346484.0,2025-03-29
1743292800000,124.49,127.01,122.81,124.73,13928820.0,2025-03-30
1743379200000,124.74,127.81,122.58,124.48,22378735.0,2025-03-31
1743465600000,124.47,130.39,123.65,126.6,21006831.0,2025-04-01
1743552000000,126.6,136.2,117.02,117.34,34002918.0,2025-04-02
1743638400000,117.36,120.89,112.17,117.08,29903708.0,2025-04-03
1743724800000,117.09,123.96,113.19,122.72,36088746.0,2025-04-04
1743811200000,122.72,122.8,117.08,120.24,13027534.0,2025-04-05
1743897600000,120.25,121.08,103.76,105.84,35535972.0,2025-04-06
1743984000000,105.84,113.18,95.19,106.91,75490750.0,2025-04-07
1744070400000,106.91,112.5,102.87,105.32,38525999.0,2025-04-08
1744156800000,105.32,120.69,101.23,119.01,55935969.67,2025-04-09
1744243200000,119.0,119.29,108.21,112.73,28127517.86,2025-04-10
1744329600000,112.73,122.65,112.09,121.33,27279629.32,2025-04-11
1744416000000,121.33,134.0,119.29,132.17,28569981.02,2025-04-12
1744502400000,132.16,133.94,125.28,128.3,27394711.92,2025-04-13
1744588800000,128.3,136.09,127.9,129.34,29949323.07,2025-04-14
1744675200000,129.33,134.41,125.73,126.05,23439427.56,2025-04-15
1744761600000,126.05,133.88,123.41,131.3,33465149.25,2025-04-16
1744848000000,131.29,136.26,129.4,134.76,25846477.73,2025-04-17
1744934400000,134.77,135.95,132.36,133.97,14526323.09,2025-04-18
1745020800000,133.97,140.71,133.5,139.77,17774304.83,2025-04-19
1745107200000,139.77,141.87,135.5,137.76,18365965.07,2025-04-20
1745193600000,137.77,143.25,133.75,136.44,28218108.99,2025-04-21
1745280000000,136.44,150.29,134.4,148.71,29965103.05,2025-04-22
1745366400000,148.72,154.14,147.0,151.05,27343533.75,2025-04-23
1745452800000,151.05,152.96,145.06,152.48,22251059.18,2025-04-24
1745539200000,152.48,157.24,149.75,150.76,24478171.33,2025-04-25
1745625600000,150.75,153.15,147.66,149.14,12075945.42,2025-04-26
1745712000000,149.15,150.37,145.39,147.91,12993152.23,2025-04-27
1745798400000,147.9,153.35,144.53,147.76,23903006.42,2025-04-28
1745884800000,147.76,150.37,144.79,146.18,16872983.15,2025-04-29
1745971200000,146.19,148.64,140.25,147.47,21901577.94,2025-04-30
1746057600000,147.47,153.88,147.47,150.73,18745811.77,2025-05-01
1746144000000,150.73,151.86,147.2,147.93,15209536.57,2025-05-02
1746230400000,147.93,149.0,145.74,146.62,10168422.72,2025-05-03
1746316800000,146.62,147.79,143.55,143.87,12173978.16,2025-05-04
1746403200000,143.86,147.67,142.42,146.66,16486753.69,2025-05-05
1746489600000,146.66,147.17,141.3,146.83,17113484.1,2025-05-06
1746576000000,146.83,149.47,144.59,147.27,18771685.63,2025-05-07
1746662400000,147.27,164.61,147.01,164.42,31298406.83,2025-05-08
1746748800000,164.41,176.16,161.02,172.74,34425684.55,2025-05-09
1746835200000,172.74,178.93,168.68,177.86,19265992.83,2025-05-10
1746921600000,177.85,180.29,169.13,173.11,22311448.47,2025-05-11
1747008000000,173.1,181.44,168.27,174.14,33710598.96,2025-05-12
1747094400000,174.15,184.8,166.12,183.7,26894880.87,2025-05-13
1747180800000,183.7,184.87,173.15,176.51,22610580.37,2025-05-14
1747267200000,176.51,178.23,166.55,169.06,25491932.66,2025-05-15
1747353600000,169.06,174.16,166.22,167.33,18061064.71,2025-05-16
1747440000000,167.33,169.95,163.91,165.87,16744002.36,2025-05-17
1747526400000,165.87,176.73,164.5,173.24,22124057.51,2025-05-18
1747612800000,173.25,173.87,159.28,166.76,27244529.53,2025-05-19
1747699200000,166.76,173.06,164.4,168.51,21947126.47,2025-05-20
1747785600000,168.51,175.92,165.34,173.5,33065481.41,2025-05-21
1747872000000,173.5,180.82,172.4,179.6,23205120.54,2025-05-22
1747958400000,179.61,187.67,173.18,173.92,37351156.03,2025-05-23
1748044800000,173.92,178.22,172.52,175.81,14265329.48,2025-05-24
1748131200000,175.82,176.82,169.05,175.65,18127420.56,2025-05-25
1748217600000,175.64,178.96,173.37,174.8,14813072.89,2025-05-26
1748304000000,174.8,179.37,171.06,176.64,18734251.84,2025-05-27
1748390400000,176.64,177.38,168.8,172.11,16915674.2,2025-05-28
1748476800000,172.12,175.28,165.87,166.62,18527620.84,2025-05-29
1748563200000,166.61,167.41,155.01,156.12,25265495.15,2025-05-30
1748649600000,156.11,157.92,152.06,156.35,16603647.07,2025-05-31
1748736000000,156.36,157.85,150.48,157.62,15529303.58,2025-06-01
1748822400000,157.61,158.84,151.52,156.74,19012258.2,2025-06-02
1748908800000,156.75,163.57,154.0,155.08,21721022.99,2025-06-03
1748995200000,155.08,157.93,152.78,153.18,15709766.86,2025-06-04
1749081600000,153.18,154.59,141.43,144.21,28298589.49,2025-06-05
1749168000000,144.2,152.56,144.02,147.76,18358705.23,2025-06-06
1749254400000,147.77,152.8,146.84,149.98,11344603.37,2025-06-07
1749340800000,149.97,155.3,147.59,152.37,12551487.59,2025-06-08
1749427200000,152.37,161.7,149.5,161.09,20936187.4,2025-06-09
1749513600000,161.09,165.62,156.23,165.06,28358983.76,2025-06-10
1749600000000,165.06,168.3,159.14,160.88,26429145.95,2025-06-11
1749686400000,160.88,161.24,151.92,152.23,22581557.08,2025-06-12
1749772800000,152.24,152.55,140.73,148.54,35569510.74,2025-06-13
1749859200000,148.54,148.65,141.87,144.55,11962875.31,2025-06-14
1749945600000,144.55,153.66,144.15,152.89,21690910.2,2025-06-15
1750032000000,152.88,158.68,150.24,150.67,24626504.09,2025-06-16
1750118400000,150.67,154.29,145.55,147.49,27895774.66,2025-06-17
1750204800000,147.5,149.2,143.58,146.28,20087338.81,2025-06-18
1750291200000,146.29,147.83,142.83,146.96,14582386.71,2025-06-19
1750377600000,146.96,148.75,135.57,140.02,28044691.88,2025-06-20
1750464000000,140.01,142.53,130.46,135.32,22467235.87,2025-06-21
1750550400000,135.32,137.52,125.83,131.64,34962126.62,2025-06-22
1750636800000,131.64,146.88,130.6,144.41,36063182.9,2025-06-23
1750723200000,144.41,146.66,142.21,145.83,19374914.19,2025-06-24
1750809600000,145.83,147.93,142.12,143.48,17755994.86,2025-06-25
1750896000000,143.49,147.99,138.54,138.98,20832109.46,2025-06-26
1750982400000,138.98,145.0,137.0,142.05,19109197.1,2025-06-27
1751068800000,142.05,152.68,141.07,150.67,17720768.26,2025-06-28
1751155200000,150.67,154.77,149.3,153.21,14170474.54,2025-06-29
1751241600000,153.22,160.0,149.36,154.73,28552469.25,2025-06-30
1751328000000,154.74,155.58,144.67,146.79,21960463.41,2025-07-01
1751414400000,146.78,154.44,145.64,152.21,22774588.15,2025-07-02
1751500800000,152.21,156.33,149.59,152.29,19994063.02,2025-07-03
1751587200000,152.29,153.84,145.11,147.6,17734643.73,2025-07-04
1751673600000,147.6,148.63,145.79,147.5,8746155.2,2025-07-05
1751760000000,147.5,154.0,146.66,151.8,15591227.48,2025-07-06
1751846400000,151.8,153.55,147.6,148.82,18352449.44,2025-07-07
1751932800000,148.82,152.83,147.75,151.59,16236679.16,2025-07-08
1752019200000,151.59,157.9,150.44,156.99,20926187.98,2025-07-09
1752105600000,157.0,165.36,155.5,164.29,23247094.55,2025-07-10
1752192000000,164.3,168.18,159.49,162.87,28976307.23,2025-07-11
1752278400000,162.87,163.87,157.66,160.63,14093423.02,2025-07-12
1752364800000,160.64,164.12,159.55,161.04,12288736.96,2025-07-13
1752451200000,161.05,169.76,160.53,162.13,24484678.37,2025-07-14
1752537600000,162.12,164.26,157.11,163.99,23089869.29,2025-07-15
1752624000000,163.99,176.0,161.5,173.64,30652081.8,2025-07-16
1752710400000,173.65,178.17,168.71,175.82,32107258.56,2025-07-17
1752796800000,175.81,185.0,173.136,177.21,33907533.2,2025-07-18
1752883200000,177.22,178.62,173.94,176.93,14737476.22,2025-07-19
1752969600000,176.93,183.67,176.3,181.42,28723496.6,2025-07-20
1753056000000,181.42,199.48,178.18,195.75,40118132.49,2025-07-21
1753142400000,195.75,206.44,193.74,205.78,51605026.55,2025-07-22
1753228800000,205.79,205.86,184.0,189.4,37333738.64,2025-07-23
1753315200000,189.4,191.87,179.2,182.8,35960020.47,2025-07-24
1753401600000,182.81,186.79,175.5,186.69,30691791.63,2025-07-25
1753488000000,186.69,189.75,184.19,184.82,12820253.74,2025-07-26
1753574400000,184.82,190.67,184.47,188.55,14496844.03,2025-07-27
1753660800000,188.56,195.32,182.06,183.03,25940458.88,2025-07-28
1753747200000,183.03,186.5,178.18,181.39,21000820.28,2025-07-29
1753833600000,181.38,182.48,170.0,177.68,23708179.11,2025-07-30
1753920000000,177.67,182.66,171.36,172.15,20801269.36,2025-07-31
1754006400000,172.15,172.19,159.02,162.61,34960240.73,2025-08-01
1754092800000,162.61,165.19,155.72,158.4,20285340.89,2025-08-02
1754179200000,158.4,163.07,156.17,161.84,12791815.46,2025-08-03
1754265600000,161.85,169.73,161.16,169.46,20821616.66,2025-08-04
1754352000000,169.47,171.66,161.17,163.99,22666447.82,2025-08-05
1754438400000,163.99,169.88,161.04,168.03,17077862.42,2025-08-06
1754524800000,168.04,175.45,166.61,175.26,20589923.32,2025-08-07
1754611200000,175.27,179.61,173.36,176.7,22243511.03,2025-08-08
1754697600000,176.69,183.49,176.53,179.85,18788175.58,2025-08-09
1754784000000,179.86,186.13,177.42,182.59,22851229.45,2025-08-10
1754870400000,182.58,186.76,173.34,174.75,28729395.19,2025-08-11
1754956800000,174.74,193.79,173.49,191.76,31885550.21,2025-08-12
1755043200000,191.77,205.07,191.47,201.58,47586539.63,2025-08-13
1755129600000,201.57,210.1,186.47,192.39,59620138.44,2025-08-14
1755216000000,192.4,197.98,183.23,185.62,33158668.97,2025-08-15
1755302400000,185.61,190.0,185.09,189.52,15638444.07,2025-08-16
1755388800000,189.53,195.75,187.26,190.92,19287111.8,2025-08-17
1755475200000,190.92,191.26,179.84,182.84,28158445.86,2025-08-18
1755561600000,182.84,185.79,175.57,176.13,27235774.29,2025-08-19
1755648000000,176.12,187.91,175.92,187.9,28076091.31,2025-08-20
1755734400000,187.89,190.08,179.33,180.25,26678119.38,2025-08-21
1755820800000,180.24,202.5,177.14,200.68,44122419.78,2025-08-22
1755907200000,200.68,208.82,195.31,204.21,28329595.01,2025-08-23
1755993600000,204.22,212.22,201.01,206.09,42845981.22,2025-08-24
1756080000000,206.09,213.66,185.12,187.09,53210905.5,2025-08-25
1756166400000,187.08,198.07,185.44,195.77,30037349.95,2025-08-26
1756252800000,195.78,212.11,193.71,202.94,47299095.42,2025-08-27
1756339200000,202.94,216.87,201.66,214.29,45914420.73,2025-08-28
1756425600000,214.3,217.95,199.74,204.98,55052712.36,2025-08-29
1756512000000,204.97,206.99,197.43,202.59,23448345.56,2025-08-30
1756598400000,202.59,206.64,200.2,200.57,19520228.89,2025-08-31
1756684800000,200.57,204.45,194.06,197.22,30974374.07,2025-09-01
1756771200000,197.21,209.59,196.67,209.54,36474394.47,2025-09-02
1756857600000,209.54,212.95,207.29,210.65,25379855.36,2025-09-03
1756944000000,210.65,211.87,201.7,202.23,22223029.91,2025-09-04
1757030400000,202.22,209.95,200.8,203.3,29707954.66,2025-09-05
1757116800000,203.29,204.6,199.13,200.06,10695588.16,2025-09-06
1757203200000,200.06,207.93,200.0,206.29,14475445.08,2025-09-07
1757289600000,206.28,216.97,205.53,214.02,29106097.14,2025-09-08
1757376000000,214.02,219.74,210.8,217.11,28765250.02,2025-09-09
1757462400000,217.11,225.95,215.02,223.94,29447276.75,2025-09-10
1757548800000,223.94,229.0,221.59,228.62,27753781.1,2025-09-11
1757635200000,228.61,244.0,228.0,242.07,35260659.79,2025-09-12
1757721600000,242.07,244.0,235.54,242.25,20094434.75,2025-09-13
1757808000000,242.24,249.55,239.07,239.63,25598571.09,2025-09-14
1757894400000,239.62,243.92,230.02,234.18,30288245.64,2025-09-15
1757980800000,234.19,240.87,231.18,236.86,21437574.53,2025-09-16
1758067200000,236.86,246.55,231.53,244.75,30359492.9,2025-09-17
1758153600000,244.74,253.49,242.48,247.34,24679081.67,2025-09-18
1758240000000,247.35,248.42,234.97,238.4,21918177.66,2025-09-19
1758326400000,238.39,241.13,236.72,239.38,9544307.63,2025-09-20
1758412800000,239.37,241.73,235.22,236.05,10023635.31,2025-09-21
1758499200000,236.04,236.87,212.29,220.28,37000069.78,2025-09-22
1758585600000,220.28,221.66,212.28,213.18,24189411.9,2025-09-23
1758672000000,213.18,216.35,204.73,211.45,26850918.06,2025-09-24
1758758400000,211.44,212.33,191.12,192.6,45553346.51,2025-09-25
1758844800000,192.6,205.34,190.72,205.01,31879000.73,2025-09-26
1758931200000,205.0,205.3,199.77,203.32,12461940.82,2025-09-27
1759017600000,203.33,210.88,197.85,210.7,15935348.05,2025-09-28
1759104000000,210.7,214.68,204.46,212.59,23187328.95,2025-09-29
1759190400000,212.59,213.52,204.17,208.6,22016808.03,2025-09-30
1759276800000,208.61,222.69,206.26,221.91,24943731.13,2025-10-01
1759363200000,221.92,234.91,219.38,234.6,26162976.53,2025-10-02
1759449600000,234.61,236.88,227.0,232.74,27208282.69,2025-10-03
1759536000000,232.74,233.98,224.0,227.72,14985651.73,2025-10-04
1759622400000,227.72,237.24,226.38,228.45,22296510.23,2025-10-05
1759708800000,228.45,237.74,227.4,232.27,22274358.57,2025-10-06
1759795200000,232.27,235.17,219.57,219.84,28149857.27,2025-10-07
1759881600000,219.84,229.69,217.2,228.95,21254576.03,2025-10-08
1759968000000,228.96,229.61,216.17,220.8,26624843.48,2025-10-09
1760054400000,220.81,224.35,141.28,187.65,62336461.14,2025-10-10
1760140800000,187.66,190.64,172.32,177.22,38039410.71,2025-10-11
1760227200000,177.23,198.83,172.6,196.88,50813259.67,2025-10-12
1760313600000,196.88,209.22,190.0,208.57,54073828.43,2025-10-13
1760400000000,208.58,211.29,190.95,202.34,53686484.62,2025-10-14
1760486400000,202.35,208.85,191.91,193.73,30102572.1,2025-10-15
1760572800000,193.73,198.34,181.93,184.76,34621319.5,2025-10-16
1760659200000,184.76,187.43,174.0,181.89,38196984.95,2025-10-17
1760745600000,181.89,188.21,181.66,187.47,13274325.61,2025-10-18
1760832000000,187.47,192.15,183.06,187.78,17127757.92,2025-10-19
1760918400000,187.78,194.44,183.68,189.63,22216680.75,2025-10-20
1761004800000,189.63,197.69,182.65,185.54,29938193.03,2025-10-21
1761091200000,185.53,187.36,176.85,180.01,28119471.47,2025-10-22
1761177600000,180.0,193.44,179.54,191.27,22737992.46,2025-10-23
1761264000000,191.27,196.8,188.66,193.5,19084590.84,2025-10-24
1761350400000,193.49,195.18,191.0,193.72,9215896.77,2025-10-25
1761436800000,193.71,202.55,191.75,199.93,14854142.62,2025-10-26
1761523200000,199.92,205.3,197.23,198.61,19527028.0,2025-10-27
1761609600000,198.6,203.89,190.02,194.05,29046736.44,2025-10-28
1761696000000,194.04,201.66,188.88,193.81,29993304.44,2025-10-29
1761782400000,193.8,198.1,178.5,184.55,36585925.49,2025-10-30
1761868800000,184.55,190.26,183.57,187.13,21420651.75,2025-10-31
1761955200000,187.12,187.47,183.58,186.29,9412110.23,2025-11-01
1762041600000,186.28,188.27,181.91,187.65,13483417.68,2025-11-02
1762128000000,187.64,189.1,163.12,165.95,40979733.21,2025-11-03
1762214400000,165.96,168.28,145.67,154.94,55237537.53,2025-11-04
1762300800000,154.95,163.88,147.2,162.28,29789109.35,2025-11-05
1762387200000,162.29,162.87,153.34,155.2,22993872.09,2025-11-06
1762473600000,155.2,164.4,149.69,161.72,26963858.08,2025-11-07
1762560000000,161.72,164.82,155.7,157.94,13874222.2,2025-11-08
1762646400000,157.94,166.55,155.01,164.45,17594695.08,2025-11-09
1762732800000,164.46,170.4,163.35,167.24,19287060.62,2025-11-10
1762819200000,167.24,171.87,153.8,154.5,25451769.98,2025-11-11
1762905600000,154.51,161.0,151.06,153.32,26217394.64,2025-11-12
1762992000000,153.32,157.159,140.94,144.62,35834364.93,2025-11-13
1763078400000,144.63,145.6,135.67,138.83,37964240.3,2025-11-14
1763164800000,138.84,144.64,138.51,139.55,13777975.62,2025-11-15
1763251200000,139.54,143.33,134.3,137.12,22672655.34,2025-11-16
1763337600000,137.12,143.3,128.7,130.9,36054320.46,2025-11-17
1763424000000,130.9,142.08,128.9,140.61,35169369.14,2025-11-18
1763510400000,140.61,142.75,130.44,136.96,29945113.97,2025-11-19
1763596800000,136.95,144.78,131.03,133.6,42924312.7,2025-11-20
1763683200000,133.61,134.99,121.02,128.61,58671644.89,2025-11-21
1763769600000,128.6,129.87,125.0,127.5,19031212.43,2025-11-22
1763856000000,127.5,133.5,127.48,130.51,19845230.25,2025-11-23
1763942400000,130.52,139.78,128.34,138.38,31355300.56,2025-11-24
1764028800000,138.38,140.45,133.0,138.9,23639157.49,2025-11-25
1764115200000,138.9,144.7,135.42,142.95,29192728.21,2025-11-26
1764201600000,142.95,144.22,140.34,140.77,14235428.36,2025-11-27
1764288000000,140.77,143.56,135.87,137.28,21255045.28,2025-11-28
1764374400000,137.28,137.99,134.61,135.84,9457379.03,2025-11-29
1764460800000,135.85,140.15,133.16,133.38,13710387.69,2025-11-30
1764547200000,133.37,133.66,123.05,126.57,31356540.0,2025-12-01
1764633600000,126.57,141.5,125.89,138.65,30153674.05,2025-12-02
1764720000000,138.65,146.04,137.71,144.62,26453181.1,2025-12-03
1764806400000,144.62,146.87,137.7,138.96,19939520.8,2025-12-04
1764892800000,138.95,140.72,130.5,133.22,23260809.49,2025-12-05
1764979200000,133.22,134.07,131.22,132.14,9334955.67,2025-12-06
1765065600000,132.13,136.33,127.55,132.16,20157230.13,2025-12-07
1765152000000,132.17,139.3,131.41,133.19,23665592.87,2025-12-08
1765238400000,133.18,144.9,131.52,137.82,28664186.12,2025-12-09
1765324800000,137.82,142.57,135.26,136.18,28095233.12,2025-12-10
1765411200000,136.18,137.76,128.91,136.36,27188703.48,2025-12-11
1765497600000,136.36,140.09,130.24,132.19,26053146.16,2025-12-12
1765584000000,132.19,134.2,131.51,133.04,8014495.61,2025-12-13
1765670400000,133.04,133.58,127.73,129.31,13324585.56,2025-12-14
1765756800000,129.31,135.4,123.53,127.73,29944265.81,2025-12-15
1765843200000,127.72,130.1,124.76,129.09,22562266.65,2025-12-16
1765929600000,129.09,133.96,121.24,123.17,35167019.64,2025-12-17
1766016000000,123.17,129.0,116.71,119.54,38587376.45,2025-12-18
1766102400000,119.55,127.86,117.55,126.22,29042876.51,2025-12-19
1766188800000,126.23,126.87,125.2,125.74,6796459.77,2025-12-20
1766275200000,125.75,126.56,123.3,125.96,13063473.81,2025-12-21
1766361600000,125.97,128.74,124.11,125.87,22891146.89,2025-12-22
1766448000000,125.87,126.87,122.04,123.95,18801089.17,2025-12-23
1766534400000,123.96,124.25,120.51,122.49,13942243.54,2025-12-24
1766620800000,122.49,124.42,119.58,119.95,13394099.27,2025-12-25
1766707200000,119.95,125.12,119.15,122.22,24088439.34,2025-12-26
1766793600000,122.22,125.04,121.82,124.67,9787039.16,2025-12-27
1766880000000,124.68,125.6,123.01,125.21,9904936.63,2025-12-28
1766966400000,125.22,130.21,122.15,123.19,27918922.79,2025-12-29
1767052800000,123.19,126.49,122.5,124.92,18466336.61,2025-12-30
1767139200000,124.93,127.4,123.42,124.59,16861222.82,2025-12-31
1767225600000,124.58,127.21,124.08,126.83,9537708.35,2026-01-01
1767312000000,126.84,133.29,125.81,132.24,23180194.85,2026-01-02
1767398400000,132.24,133.99,129.52,133.31,11134344.61,2026-01-03
1767484800000,133.3,135.5,133.03,134.04,13698787.04,2026-01-04
1767571200000,134.05,139.83,133.09,137.84,27191960.54,2026-01-05
1767657600000,137.84,143.45,136.12,141.03,31762717.37,2026-01-06
1767744000000,141.04,141.35,134.33,136.32,22279277.89,2026-01-07
1767830400000,136.31,140.0,132.5,138.3,29014007.47,2026-01-08
1767916800000,138.29,141.14,134.86,135.88,26753260.16,2026-01-09
1768003200000,135.89,136.99,135.3,135.78,7013692.72,2026-01-10
1768089600000,135.79,141.65,135.68,139.65,15627431.7,2026-01-11
1768176000000,139.65,144.4,138.23,139.13,30727029.47,2026-01-12
1768262400000,139.13,148.8,137.75,145.48,32551390.81,2026-01-13
1768348800000,145.47,148.4,143.3,146.61,24206696.97,2026-01-14
1768435200000,146.62,146.65,140.77,142.32,20599539.32,2026-01-15
1768521600000,142.33,145.5,140.17,144.85,16095566.65,2026-01-16
1768608000000,144.84,144.95,143.18,143.64,7029870.45,2026-01-17
1768694400000,143.65,143.92,137.65,137.79,12647080.99,2026-01-18
1768780800000,137.79,137.79,129.82,133.38,21689225.82,2026-01-19
1768867200000,133.38,134.6,124.25,125.72,28211798.87,2026-01-20
1768953600000,125.72,132.09,125.17,129.48,27146050.66,2026-01-21
1769040000000,129.48,130.89,126.66,128.41,14481287.98,2026-01-22
1769126400000,128.42,130.15,125.22,127.36,16284851.9,2026-01-23
1769212800000,127.37,128.05,126.56,127.13,4518719.07,2026-01-24
1769299200000,127.13,127.39,117.0,118.76,23144692.26,2026-01-25
1769385600000,118.77,125.54,118.45,124.18,19815759.45,2026-01-26
1769472000000,124.17,127.8,123.06,127.12,16856395.69,2026-01-27
1769558400000,127.12,128.3,124.69,125.28,15489103.36,2026-01-28
1769644800000,125.29,125.44,115.29,117.72,29009009.29,2026-01-29
1769731200000,117.72,119.09,111.75,117.54,35545825.54,2026-01-30
1769817600000,117.54,118.77,95.5,105.45,50416522.81,2026-01-31
1769904000000,105.44,106.67,97.95,100.73,34254257.24,2026-02-01
1769990400000,100.73,106.06,95.83,104.48,38568620.93,2026-02-02
1770076800000,104.47,105.06,96.6,97.81,35582013.31,2026-02-03
1770163200000,97.82,99.6,89.19,92.07,54752850.7,2026-02-04
1770249600000,92.07,93.4,77.49,78.29,85387648.91,2026-02-05
1770336000000,78.29,89.74,67.29,87.42,83977192.05,2026-02-06
1770422400000,87.41,89.15,84.15,87.51,34017223.04,2026-02-07
1770508800000,87.52,89.09,85.68,86.92,21722935.17,2026-02-08
1770595200000,86.91,88.66,82.82,86.71,29495666.17,2026-02-09
1770681600000,86.71,87.44,81.84,82.95,23653778.15,2026-02-10
1770768000000,82.96,84.34,77.92,79.25,33628612.71,2026-02-11
1770854400000,79.24,82.19,76.54,78.37,28527676.74,2026-02-12
1770940800000,78.37,85.59,77.49,84.29,26584820.68,2026-02-13
1771027200000,84.28,88.85,84.17,88.02,18308138.88,2026-02-14
1771113600000,88.01,91.19,84.83,86.09,28398385.68,2026-02-15
1771200000000,86.09,86.88,82.51,86.39,24929295.95,2026-02-16
1771286400000,86.39,87.66,82.86,85.02,23141722.32,2026-02-17
1771372800000,85.02,86.04,80.37,81.55,22241727.3,2026-02-18
1771459200000,81.54,82.63,79.57,82.46,19384889.72,2026-02-19
1771545600000,82.46,85.44,81.71,84.62,26449679.26,2026-02-20
1771632000000,84.62,86.68,83.91,85.12,12468554.98,2026-02-21
1771718400000,85.12,85.56,82.43,82.75,13507040.24,2026-02-22
1771804800000,82.75,82.81,77.06,77.87,38536325.54,2026-02-23
1771891200000,77.86,79.56,75.57,78.91,25533391.3,2026-02-24
1771977600000,78.92,92.09,78.66,88.01,42439286.58,2026-02-25
1772064000000,88.01,89.22,84.25,85.86,26110766.32,2026-02-26
1772150400000,85.86,88.26,80.26,81.8,28597717.29,2026-02-27
1772236800000,81.8,85.63,77.06,84.29,35617548.53,2026-02-28
1772323200000,84.29,88.88,81.64,83.55,33348153.13,2026-03-01
1772409600000,83.55,90.32,82.3,86.59,36230161.63,2026-03-02
1772496000000,86.59,87.43,82.4,86.92,33633237.91,2026-03-03
1772582400000,86.91,94.15,84.75,90.82,41748565.65,2026-03-04
1772668800000,90.81,92.91,87.84,88.74,28198116.6,2026-03-05
1772755200000,88.74,89.26,83.52,84.64,26096005.4,2026-03-06
1772841600000,84.65,85.03,82.22,83.17,12235233.61,2026-03-07
1772928000000,83.17,84.07,80.18,81.56,20713843.67,2026-03-08
1773014400000,81.57,87.0,81.5,84.91,28445090.11,2026-03-09
1773100800000,84.91,88.78,84.79,85.83,27985193.59,2026-03-10
1773187200000,85.82,88.06,84.3,86.52,25916199.69,2026-03-11
1773273600000,86.52,87.66,84.63,86.8,23944803.99,2026-03-12
1773360000000,86.79,93.38,86.66,88.12,34715168.58,2026-03-13
1773446400000,88.11,88.66,86.41,87.99,10472668.65,2026-03-14
1773532800000,88.0,93.23,87.31,92.28,17745595.16,2026-03-15
1773619200000,92.28,97.65,91.15,96.14,31834094.78,2026-03-16
1773705600000,96.14,96.91,93.1,94.57,21493282.04,2026-03-17
1773792000000,94.57,95.63,88.51,90.02,25639260.35,2026-03-18
1773878400000,90.02,91.37,86.79,88.84,24056304.69,2026-03-19
1773964800000,88.84,90.43,88.07,89.8,16923208.32,2026-03-20
1774051200000,89.81,90.78,87.0,87.5,10134898.14,2026-03-21
1774137600000,87.5,89.14,85.04,86.15,18384969.28,2026-03-22
1774224000000,86.15,92.24,85.0,91.4,35092085.94,2026-03-23
1774310400000,91.4,92.2,88.35,90.75,25831048.45,2026-03-24
1774396800000,90.76,93.46,90.67,91.65,20014283.56,2026-03-25
1774483200000,91.65,91.92,85.37,86.47,26485543.59,2026-03-26
1774569600000,86.47,86.99,81.76,83.03,24219059.17,2026-03-27
1774656000000,83.03,84.35,81.6,82.0,14838077.08,2026-03-28
1774742400000,82.01,83.19,78.77,81.34,16717920.46,2026-03-29
1774828800000,81.34,84.98,81.06,82.51,25472851.18,2026-03-30
1774915200000,82.51,84.6,79.89,83.15,31417948.7,2026-03-31
1775001600000,83.16,86.59,80.72,81.14,30399581.82,2026-04-01
1775088000000,81.14,81.72,76.63,78.91,31583464.5,2026-04-02
1775174400000,78.91,80.9,78.8,80.35,15581098.58,2026-04-03
1775260800000,80.35,81.64,79.53,80.79,11374527.25,2026-04-04
1775347200000,80.79,82.11,78.45,81.85,16739434.66,2026-04-05
1775433600000,81.86,83.18,79.52,79.96,21251721.2,2026-04-06
1775520000000,79.96,87.19,78.3,85.54,35723204.98,2026-04-07
1775606400000,85.53,85.89,82.17,82.52,21627658.15,2026-04-08
1775692800000,82.52,85.93,81.36,83.29,23354949.1,2026-04-09
1775779200000,83.29,85.66,82.63,84.78,18357336.37,2026-04-10
1775865600000,84.78,86.23,83.75,84.89,13261458.18,2026-04-11
1775952000000,84.89,84.97,81.23,81.49,18669267.1,2026-04-12
1776038400000,81.48,86.8,81.35,86.5,26359437.2,2026-04-13
1776124800000,86.49,87.64,83.26,83.66,24478880.13,2026-04-14
1776211200000,83.66,85.81,82.6,84.85,20457124.11,2026-04-15
1776297600000,84.86,90.58,83.7,89.03,29852458.48,2026-04-16
1776384000000,89.02,90.71,87.26,88.71,28352477.45,2026-04-17
1776470400000,88.71,89.11,85.71,86.11,14302873.32,2026-04-18
1776556800000,86.1,87.08,82.77,83.41,21028754.4,2026-04-19
1776643200000,83.42,86.19,83.27,85.24,19331162.18,2026-04-20
1776729600000,85.25,86.87,84.26,86.0,18688026.07,2026-04-21
1776816000000,86.01,89.29,85.97,86.83,21901019.81,2026-04-22
1776902400000,86.83,87.11,84.42,86.08,20874447.83,2026-04-23
1776988800000,86.08,86.92,84.79,86.13,15430513.2,2026-04-24
1777075200000,86.13,86.77,85.48,86.13,7398951.09,2026-04-25
1777161600000,86.13,87.42,85.78,86.87,11134295.62,2026-04-26
1777248000000,86.88,88.08,83.56,84.78,22847021.48,2026-04-27
1777334400000,84.78,84.89,82.91,84.02,13201906.57,2026-04-28
1777420800000,84.02,85.53,81.31,83.01,24379916.39,2026-04-29
1777507200000,83.02,83.99,82.1,83.04,12662855.54,2026-04-30
1777593600000,83.04,84.82,83.02,83.7,14137274.61,2026-05-01
1777680000000,83.7,84.96,83.39,84.23,8328014.53,2026-05-02
1777766400000,84.23,84.95,83.52,83.87,9603998.66,2026-05-03
1777852800000,83.86,85.88,83.18,84.05,27856742.46,2026-05-04
1777939200000,84.05,86.96,83.98,86.24,19355847.11,2026-05-05
1778025600000,86.24,90.13,86.06,89.1,25392916.75,2026-05-06
1778112000000,89.11,90.4,87.47,88.4,24805815.66,2026-05-07
1778198400000,88.4,92.78,87.56,91.97,22101159.25,2026-05-08
1778284800000,91.96,94.16,91.8,93.07,16432966.85,2026-05-09
1778371200000,93.06,96.88,92.54,96.42,25281113.17,2026-05-10
1778457600000,96.42,98.36,94.25,97.31,28231359.08,2026-05-11
1778544000000,97.32,97.63,93.55,94.25,22616406.99,2026-05-12
1778630400000,94.25,95.97,90.2,91.11,30612351.06,2026-05-13
1778716800000,91.11,93.64,89.73,92.11,26901123.31,2026-05-14
1778803200000,92.11,92.62,88.47,89.2,21483200.39,2026-05-15
1778889600000,89.19,89.42,85.44,86.48,15824066.32,2026-05-16
1778976000000,86.48,87.25,83.31,85.17,14867453.54,2026-05-17
1779062400000,85.18,85.75,83.43,85.34,20976628.88,2026-05-18
1779148800000,85.34,85.94,83.62,84.24,12309005.13,2026-05-19
1779235200000,84.25,87.05,83.79,86.11,17687283.9,2026-05-20
1779321600000,86.11,88.02,85.26,87.32,19559938.96,2026-05-21
1779408000000,87.31,87.82,83.91,84.36,17877672.72,2026-05-22
1779494400000,84.36,87.51,81.36,85.71,25014138.05,2026-05-23
1779580800000,85.72,87.23,83.62,85.23,15898574.86,2026-05-24
1779667200000,85.22,86.49,84.64,85.01,10759117.13,2026-05-25
1779753600000,85.01,86.1,83.08,83.66,18578374.75,2026-05-26
1779840000000,83.67,84.82,82.05,82.38,18213476.66,2026-05-27
1779926400000,82.37,82.98,79.91,82.07,21325654.96,2026-05-28
1780012800000,82.07,83.23,80.3,81.98,17281087.51,2026-05-29
1780099200000,81.98,83.13,81.79,82.69,8073035.57,2026-05-30
1780185600000,82.69,83.37,81.28,82.39,9969313.0,2026-05-31
1780272000000,82.4,83.08,79.06,81.25,22141295.39,2026-06-01
1780358400000,81.25,81.27,72.67,74.18,31414254.69,2026-06-02
1780444800000,74.18,75.67,70.84,71.58,29454113.35,2026-06-03
1780531200000,71.57,72.06,66.59,68.82,43283490.75,2026-06-04
1780617600000,68.81,69.06,61.4,63.6,58090554.94,2026-06-05
1780704000000,63.6,64.82,60.03,62.16,31213262.69,2026-06-06
1780790400000,62.16,67.9,61.91,66.45,32163581.01,2026-06-07
1780876800000,66.46,68.16,64.92,66.79,23252493.2,2026-06-08
1780963200000,66.78,67.45,63.5,64.92,28744978.17,2026-06-09
1781049600000,64.93,65.74,62.29,63.16,26444947.0,2026-06-10
1781136000000,63.16,67.36,63.15,66.88,24893264.53,2026-06-11
1781222400000,66.87,68.78,65.88,66.79,21365740.89,2026-06-12
1781308800000,66.79,69.55,66.55,68.88,13554381.68,2026-06-13
1781395200000,68.88,71.25,66.89,71.24,17574707.09,2026-06-14
1781481600000,71.24,76.06,70.62,73.93,27744650.36,2026-06-15
1781568000000,73.94,75.63,72.29,73.49,20634310.52,2026-06-16
1781654400000,73.49,74.66,70.76,72.0,26259957.77,2026-06-17
1781740800000,72.01,72.64,68.2,69.69,24353973.97,2026-06-18
1781827200000,69.68,70.06,67.86,69.69,16593524.32,2026-06-19
1781913600000,69.69,74.27,69.44,73.19,23475580.24,2026-06-20
1782000000000,73.19,74.8,72.26,72.42,19851109.55,2026-06-21
1782086400000,72.42,74.97,71.27,71.91,25138972.81,2026-06-22
1782172800000,71.9,72.01,68.07,69.65,23423690.44,2026-06-23
1782259200000,69.66,70.45,64.66,68.07,33137722.71,2026-06-24
1782345600000,68.08,69.64,64.0,67.69,31122197.48,2026-06-25
1782432000000,67.69,73.91,65.86,71.87,40601464.48,2026-06-26
1782518400000,71.88,73.16,70.21,70.47,15706202.68,2026-06-27
1782604800000,70.47,72.38,69.64,71.35,17885933.07,2026-06-28
1782691200000,71.36,76.49,70.31,75.13,36653617.69,2026-06-29
1782777600000,75.13,75.19,71.85,73.63,22044128.63,2026-06-30
1782864000000,73.62,78.93,72.22,77.42,34737565.07,2026-07-01
1782950400000,77.42,82.79,76.85,80.68,35260336.76,2026-07-02
1783036800000,80.68,83.23,80.28,82.3,18001427.45,2026-07-03
1783123200000,82.3,83.96,81.28,81.74,16331715.47,2026-07-04
1783209600000,81.75,82.4,79.62,81.55,16271442.98,2026-07-05
1783296000000,81.54,83.75,79.19,81.91,24276627.02,2026-07-06
1783382400000,81.92,82.76,80.27,80.54,17561083.91,2026-07-07
1783468800000,80.54,80.74,76.24,77.79,22671220.34,2026-07-08
1783555200000,77.78,78.82,76.66,78.0,14102747.57,2026-07-09
1783641600000,78.0,79.64,77.03,78.08,16174361.22,2026-07-10
1783728000000,78.07,78.86,76.71,76.74,9748338.91,2026-07-11
1783814400000,76.73,77.76,75.6,76.86,12118523.33,2026-07-12
1783900800000,76.86,78.19,74.06,74.96,19091592.49,2026-07-13
1783987200000,74.96,78.0,74.51,77.82,17105682.92,2026-07-14
1784073600000,77.83,79.01,76.86,77.23,17818825.73,2026-07-15
1784160000000,77.23,77.59,74.95,75.27,16138555.6,2026-07-16
1784246400000,75.27,75.71,73.32,75.0,14877997.54,2026-07-17
1784332800000,74.99,75.6,74.46,75.46,5779531.38,2026-07-18
1784419200000,75.47,76.67,75.31,76.34,8742998.14,2026-07-19
1784505600000,76.34,78.37,75.45,77.8,18345881.67,2026-07-20
1784592000000,77.81,78.87,77.39,78.1,11300692.03,2026-07-21
1784678400000,78.1,78.85,76.94,77.93,14142298.89,2026-07-22
1784764800000,77.93,78.5,75.37,75.83,14402882.07,2026-07-23
1784851200000,75.84,76.42,73.36,73.93,14567646.39,2026-07-24
1784937600000,73.92,74.69,73.5,74.49,7468860.18,2026-07-25
1785024000000,74.48,77.08,74.44,76.74,10130667.12,2026-07-26
1785110400000,76.75,77.48,73.68,74.16,16868545.97,2026-07-27
1785196800000,74.16,74.55,72.3,73.77,17914274.76,2026-07-28
1785283200000,73.77,74.5,72.26,73.65,18049520.01,2026-07-29
1785369600000,73.65,74.96,73.1,74.46,12189962.86,2026-07-30
1785456000000,74.46,75.28,72.52,72.83,15509398.88,2026-07-31
1785542400000,72.83,73.18,70.51,71.91,11665379.62,2026-08-01
1785628800000,71.91,74.32,71.89,73.61,11234661.03,2026-08-02
1785715200000,73.61,74.27,71.87,73.54,14345579.26,2026-08-03
1785801600000,73.53,74.44,73.02,73.72,13110637.94,2026-08-04
1785888000000,73.72,74.82,73.21,74.0,15432669.05,2026-08-05
1785974400000,74.0,74.33,72.29,72.65,13645804.07,2026-08-06
1786060800000,72.65,74.33,72.39,73.62,14242194.46,2026-08-07
1786147200000,73.63,76.82,73.53,76.0,12576255.39,2026-08-08
1786233600000,76.0,77.88,75.71,76.23,11398867.34,2026-08-09
1786320000000,76.23,77.14,75.54,75.95,13946158.72,2026-08-10
1786406400000,75.96,76.64,74.57,76.27,15790599.62,2026-08-11
1786492800000,76.27,77.33,75.27,75.59,13074255.55,2026-08-12
1786579200000,75.59,76.6,75.04,76.23,12183641.3,2026-08-13
1786665600000,76.23,76.29,74.61,75.37,10115694.16,2026-08-14
1786752000000,75.37,75.7,75.0,75.3,5208572.48,2026-08-15
1786838400000,75.31,75.69,74.0,74.57,7834444.92,2026-08-16
1786924800000,74.58,76.2,74.38,75.99,12849126.32,2026-08-17
1787011200000,75.98,77.39,75.16,77.03,13281109.31,2026-08-18
1787097600000,77.03,87.3,76.59,85.37,33988894.43,2026-08-19
1787184000000,85.37,88.12,83.97,87.63,24622310.01,2026-08-20
1787270400000,87.64,95.04,87.55,93.72,37327151.54,2026-08-21
1787356800000,93.73,102.84,87.0,93.83,38123092.49,2026-08-22
1787443200000,93.84,100.54,91.57,95.44,25473160.26,2026-08-23
1787529600000,95.45,98.99,93.22,98.96,29453789.47,2026-08-24
1787616000000,98.95,103.26,95.21,96.56,35232699.41,2026-08-25
1787702400000,96.56,102.43,94.82,102.05,20785675.2,2026-08-26
1787788800000,102.04,110.6,100.47,109.08,39956590.93,2026-08-27
1787875200000,109.08,110.04,102.18,104.1,36570387.47,2026-08-28
1787961600000,104.1,105.82,102.95,105.56,11756856.45,2026-08-29
1788048000000,105.56,107.44,100.26,101.69,19261712.06,2026-08-30
1788134400000,101.7,104.98,100.81,103.0,19631323.37,2026-08-31
1788220800000,102.99,104.35,98.26,99.93,20846858.11,2026-09-01
1788307200000,99.93,100.67,97.34,100.38,18433925.51,2026-09-02
1788393600000,100.39,101.33,99.14,101.1,5106468.19,2026-09-03
