ts,open,high,low,close,volume,date
1658966400000,22950.0,24200.0,22590.0,23843.6,172782.65,2022-07-28
1659052800000,23843.6,24468.8,23432.9,23770.9,154173.26,2022-07-29
1659139200000,23770.9,24695.5,23499.6,23642.6,114717.78,2022-07-30
1659225600000,23642.6,24200.0,23228.0,23299.9,88521.52,2022-07-31
1659312000000,23300.0,23513.0,22834.0,23266.1,111817.61,2022-08-01
1659398400000,23266.0,23485.2,22650.2,22982.0,124502.87,2022-08-02
1659484800000,22983.0,23650.0,22690.0,22815.0,118111.71,2022-08-03
1659571200000,22815.0,23220.0,22365.8,22619.6,108925.2,2022-08-04
1659657600000,22619.6,23480.1,22583.1,23306.3,122298.08,2022-08-05
1659744000000,23306.3,23350.0,22886.1,22953.5,46045.75,2022-08-06
1659830400000,22952.2,23413.5,22848.0,23178.3,52174.85,2022-08-07
1659916800000,23178.3,24249.5,23159.1,23815.0,118504.1,2022-08-08
1660003200000,23814.1,23923.0,22851.7,23151.4,95680.49,2022-08-09
1660089600000,23149.6,24228.0,22650.0,23953.2,158681.95,2022-08-10
1660176000000,23952.5,24925.0,23853.8,23934.2,167695.22,2022-08-11
1660262400000,23934.3,24450.0,23582.5,24400.1,94643.26,2022-08-12
1660348800000,24401.1,24883.4,24286.2,24440.4,98027.09,2022-08-13
1660435200000,24440.5,25038.0,24139.0,24305.7,102898.3,2022-08-14
1660521600000,24305.7,25212.0,23777.0,24093.7,172303.53,2022-08-15
1660608000000,24094.5,24250.0,23672.0,23858.9,105692.37,2022-08-16
1660694400000,23858.9,24450.0,23177.0,23338.8,135398.99,2022-08-17
1660780800000,23338.8,23597.5,23109.5,23200.0,76884.46,2022-08-18
1660867200000,23195.1,23213.0,20788.0,20835.2,187991.39,2022-08-19
1660953600000,20835.2,21366.1,20762.0,21141.2,110628.81,2022-08-20
1661040000000,21141.3,21788.1,21069.1,21515.4,89269.63,2022-08-21
1661126400000,21515.5,21554.0,20900.0,21399.5,109726.37,2022-08-22
1661212800000,21399.5,21680.0,20871.9,21522.8,112182.38,2022-08-23
1661299200000,21525.4,21900.0,21139.4,21366.4,93695.06,2022-08-24
1661385600000,21366.4,21816.0,21310.1,21562.1,70193.71,2022-08-25
1661472000000,21562.0,21900.0,20083.6,20236.4,183928.49,2022-08-26
1661558400000,20236.5,20378.7,19777.0,20038.5,98702.64,2022-08-27
1661644800000,20038.5,20168.0,19520.0,19558.0,77086.97,2022-08-28
1661731200000,19557.9,20425.0,19552.4,20290.0,115762.38,2022-08-29
1661817600000,20286.9,20573.5,19500.2,19812.4,140556.89,2022-08-30
1661904000000,19813.5,20494.0,19800.3,20052.6,121007.29,2022-08-31
1661990400000,20052.5,20206.1,19553.2,20133.6,123819.9,2022-09-01
1662076800000,20132.3,20438.1,19755.0,19948.6,134694.15,2022-09-02
1662163200000,19948.6,20055.8,19650.3,19831.6,52834.86,2022-09-03
1662249600000,19831.5,20032.0,19584.1,20003.6,84215.31,2022-09-04
1662336000000,20000.7,20063.5,19634.5,19790.9,84274.44,2022-09-05
1662422400000,19791.0,20183.5,18635.5,18788.4,207728.88,2022-09-06
1662508800000,18788.4,19461.6,18506.7,19296.0,115734.05,2022-09-07
1662595200000,19295.9,19459.9,19011.4,19317.9,127243.69,2022-09-08
1662681600000,19317.9,21664.5,19290.9,21358.6,276818.32,2022-09-09
1662768000000,21358.7,21814.8,21122.0,21644.2,119020.47,2022-09-10
1662854400000,21645.3,21880.0,21350.2,21830.5,111377.08,2022-09-11
1662940800000,21830.5,22499.1,21546.8,22396.4,220812.27,2022-09-12
1663027200000,22394.8,22800.0,19841.4,20166.5,323491.04,2022-09-13
1663113600000,20167.7,20534.1,19605.0,20229.9,156135.52,2022-09-14
1663200000000,20227.4,20324.9,19470.0,19701.3,153711.61,2022-09-15
1663286400000,19701.4,19888.0,19319.3,19799.3,117060.1,2022-09-16
1663372800000,19799.1,20187.8,19750.0,20111.5,75836.11,2022-09-17
1663459200000,20111.6,20115.5,19335.4,19417.3,100363.12,2022-09-18
1663545600000,19416.8,19687.2,18216.0,19539.6,219603.92,2022-09-19
1663632000000,19539.5,19633.0,18702.1,18877.6,163431.67,2022-09-20
1663718400000,18877.5,20040.0,18106.3,18458.5,302579.33,2022-09-21
1663804800000,18456.0,19523.0,18352.2,19402.9,195829.83,2022-09-22
1663891200000,19401.4,19498.9,18528.5,19286.9,178429.04,2022-09-23
1663977600000,19287.0,19312.0,18804.0,18920.3,89483.45,2022-09-24
1664064000000,18920.2,19200.0,18625.8,18812.0,90589.49,2022-09-25
1664150400000,18808.9,19321.1,18683.1,19226.7,165143.46,2022-09-26
1664236800000,19226.6,20385.7,18810.0,19082.0,272066.71,2022-09-27
1664323200000,19082.1,19787.8,18433.0,19415.0,241609.43,2022-09-28
1664409600000,19414.4,19650.0,18842.8,19588.1,204073.5,2022-09-29
1664496000000,19588.1,20178.6,19152.2,19424.4,237096.65,2022-09-30
1664582400000,19424.5,19483.3,19156.0,19311.2,63209.58,2022-10-01
1664668800000,19311.2,19399.0,18905.0,19056.2,90461.63,2022-10-02
1664755200000,19056.1,19745.8,18960.0,19626.1,131622.21,2022-10-03
1664841600000,19628.4,20479.3,19491.6,20332.1,174369.43,2022-10-04
1664928000000,20332.0,20360.2,19720.0,20160.1,148179.78,2022-10-05
1665014400000,20160.1,20449.1,19855.0,19961.4,153000.37,2022-10-06
1665100800000,19961.4,20070.2,19320.0,19531.4,141870.51,2022-10-07
1665187200000,19531.4,19624.6,19222.0,19415.5,49066.82,2022-10-08
1665273600000,19415.6,19557.1,19320.0,19442.4,54526.62,2022-10-09
1665360000000,19442.4,19524.7,19010.0,19132.2,106759.75,2022-10-10
1665446400000,19134.4,19266.2,18850.3,19063.6,122475.16,2022-10-11
1665532800000,19063.6,19236.5,18946.2,19155.4,73038.68,2022-10-12
1665619200000,19155.4,19516.9,18100.0,19376.0,232561.35,2022-10-13
1665705600000,19376.0,19950.0,19068.4,19180.0,170165.31,2022-10-14
1665792000000,19179.2,19225.0,18961.6,19070.1,47360.85,2022-10-15
1665878400000,19070.1,19425.5,19068.2,19261.3,51475.62,2022-10-16
1665964800000,19261.2,19679.1,19160.0,19550.0,99715.25,2022-10-17
1666051200000,19550.0,19706.0,19089.0,19328.9,113376.39,2022-10-18
1666137600000,19328.9,19358.2,19061.2,19125.1,69243.23,2022-10-19
1666224000000,19125.0,19349.0,18892.0,19044.4,105711.11,2022-10-20
1666310400000,19044.5,19250.0,18636.0,19162.1,111712.82,2022-10-21
1666396800000,19162.1,19261.0,19111.6,19202.5,30908.42,2022-10-22
1666483200000,19202.5,19697.0,19060.0,19571.3,60341.77,2022-10-23
1666569600000,19569.2,19601.5,19150.3,19328.5,91058.58,2022-10-24
1666656000000,19328.4,20416.9,19234.1,20077.6,154736.8,2022-10-25
1666742400000,20077.6,21023.8,20050.1,20763.5,172620.18,2022-10-26
1666828800000,20765.2,20872.5,20192.9,20292.6,120899.08,2022-10-27
1666915200000,20293.5,20749.0,19930.2,20594.2,126435.16,2022-10-28
1667001600000,20594.3,21096.5,20558.0,20807.1,108552.08,2022-10-29
1667088000000,20807.2,20932.9,20510.0,20625.5,65481.56,2022-10-30
1667174400000,20625.4,20848.9,20239.1,20489.8,103956.45,2022-10-31
1667260800000,20489.8,20696.2,20330.1,20483.5,63324.76,2022-11-01
1667347200000,20484.0,20804.6,20056.1,20151.1,126896.16,2022-11-02
1667433600000,20151.1,20396.6,20028.1,20209.5,69371.21,2022-11-03
1667520000000,20209.6,21320.1,20185.0,21146.4,152058.26,2022-11-04
1667606400000,21146.4,21489.0,21080.8,21298.8,65478.95,2022-11-05
1667692800000,21298.8,21366.5,20871.0,20910.3,57265.83,2022-11-06
1667779200000,20910.3,21068.3,20370.6,20588.0,95504.27,2022-11-07
1667865600000,20588.5,20695.9,16824.9,18545.0,421334.93,2022-11-08
1667952000000,18545.1,18594.1,15480.0,15905.0,368549.65,2022-11-09
1668038400000,15905.0,18185.3,15739.1,17604.7,286034.75,2022-11-10
1668124800000,17602.6,17696.5,16350.0,17070.7,196819.38,2022-11-11
1668211200000,17072.3,17118.2,16633.1,16814.0,68890.37,2022-11-12
1668297600000,16814.0,16954.2,16231.7,16334.7,78914.19,2022-11-13
1668384000000,16334.8,17200.0,15805.6,16619.8,188114.5,2022-11-14
1668470400000,16620.0,17123.5,16530.1,16898.0,114209.07,2022-11-15
1668556800000,16898.1,17017.8,16375.3,16662.5,88132.21,2022-11-16
1668643200000,16663.5,16760.5,16420.0,16689.8,75851.02,2022-11-17
1668729600000,16690.0,16988.8,16555.0,16705.1,71473.91,2022-11-18
1668816000000,16705.0,16824.9,16560.2,16705.8,30861.98,2022-11-19
1668902400000,16705.5,16754.1,16182.1,16289.3,66635.13,2022-11-20
1668988800000,16289.3,16332.3,15438.8,15782.0,135282.36,2022-11-21
1669075200000,15784.0,16326.9,15629.8,16229.3,105053.23,2022-11-22
1669161600000,16233.3,16743.7,16168.8,16606.0,108589.39,2022-11-23
1669248000000,16605.9,16813.3,16462.3,16607.0,75255.18,2022-11-24
1669334400000,16607.1,16632.2,16350.0,16523.9,59541.96,2022-11-25
1669420800000,16524.3,16707.6,16377.0,16454.7,52360.28,2022-11-26
1669507200000,16455.4,16600.0,16401.5,16427.0,39396.02,2022-11-27
1669593600000,16429.8,16486.1,16000.0,16217.6,97619.21,2022-11-28
1669680000000,16217.9,16551.0,16103.4,16442.0,83871.84,2022-11-29
1669766400000,16442.0,17265.0,16429.9,17163.0,122987.72,2022-11-30
1669852800000,17162.9,17362.1,16865.4,16981.4,74713.5,2022-12-01
1669939200000,16981.4,17102.0,16770.0,17098.0,68474.55,2022-12-02
1670025600000,17098.1,17164.0,16858.0,16884.8,32554.42,2022-12-03
1670112000000,16884.8,17209.0,16883.0,17105.4,50700.84,2022-12-04
1670198400000,17105.4,17433.3,16869.6,16967.3,93018.61,2022-12-05
1670284800000,16967.4,17116.0,16904.0,17090.7,62121.29,2022-12-06
1670371200000,17090.7,17142.0,16675.0,16838.5,62617.23,2022-12-07
1670457600000,16839.1,17300.0,16720.2,17225.0,73859.86,2022-12-08
1670544000000,17225.0,17360.0,17060.0,17127.9,62006.72,2022-12-09
1670630400000,17128.0,17235.0,17095.0,17128.4,29468.91,2022-12-10
1670716800000,17128.5,17275.0,17073.1,17086.9,29349.34,2022-12-11
1670803200000,17085.3,17240.2,16868.0,17208.3,66982.72,2022-12-12
1670889600000,17208.3,18003.5,17080.5,17783.2,134493.2,2022-12-13
1670976000000,17783.9,18385.9,17663.1,17812.8,147505.25,2022-12-14
1671062400000,17812.7,17855.7,17265.1,17362.4,91678.5,2022-12-15
1671148800000,17362.4,17530.0,16533.0,16634.1,142550.56,2022-12-16
1671235200000,16634.2,16798.6,16581.4,16778.6,49906.44,2022-12-17
1671321600000,16778.6,16880.0,16702.7,16735.0,16330.6,2022-12-18
1671408000000,16735.0,16811.7,16222.0,16441.1,71007.9,2022-12-19
1671494400000,16440.0,17072.2,16398.1,16893.6,99196.64,2022-12-20
1671580800000,16893.7,16924.0,16724.3,16830.0,44050.0,2022-12-21
1671667200000,16828.3,16871.2,16565.0,16827.6,62205.05,2022-12-22
1671753600000,16827.7,16988.0,16700.0,16787.6,56595.98,2022-12-23
1671840000000,16787.5,16866.9,16785.5,16837.8,13813.35,2022-12-24
1671926400000,16837.9,16860.0,16706.4,16834.8,25297.98,2022-12-25
1672012800000,16834.9,16947.6,16793.7,16923.9,26331.32,2022-12-26
1672099200000,16924.0,16966.0,16594.1,16706.3,51302.65,2022-12-27
1672185600000,16706.3,16787.7,16467.7,16550.2,66666.55,2022-12-28
1672272000000,16550.2,16668.9,16494.0,16640.1,36124.38,2022-12-29
1672358400000,16640.1,16689.0,16337.0,16612.3,48503.67,2022-12-30
1672444800000,16612.4,16648.9,16470.1,16544.8,22731.84,2022-12-31
1672531200000,16545.9,16626.9,16503.5,16614.9,18046.05,2023-01-01
1672617600000,16614.8,16805.0,16545.9,16673.1,39206.7,2023-01-02
1672704000000,16673.2,16777.0,16611.4,16678.2,36248.23,2023-01-03
1672790400000,16678.3,16988.9,16656.0,16850.6,67640.65,2023-01-04
1672876800000,16850.7,16881.0,16755.9,16834.4,35524.77,2023-01-05
1672963200000,16834.3,17036.0,16675.3,16944.6,56351.4,2023-01-06
1673049600000,16944.6,16981.2,16910.7,16946.8,15480.78,2023-01-07
1673136000000,16946.8,17189.5,16911.0,17129.9,33039.16,2023-01-08
1673222400000,17129.9,17399.7,17105.1,17180.9,77153.44,2023-01-09
1673308800000,17180.5,17487.9,17151.8,17437.0,55058.9,2023-01-10
1673395200000,17437.0,18005.3,17319.9,17943.0,74082.79,2023-01-11
1673481600000,17943.0,19126.2,17906.0,18842.5,204383.37,2023-01-12
1673568000000,18842.4,20035.9,18713.9,19928.8,177653.21,2023-01-13
1673654400000,19928.9,21555.0,19890.3,20955.8,244135.14,2023-01-14
1673740800000,20955.8,21062.5,20555.0,20873.5,92692.3,2023-01-15
1673827200000,20873.4,21490.0,20593.0,21187.2,146646.97,2023-01-16
1673913600000,21187.1,21650.0,20830.0,21127.4,131164.49,2023-01-17
1674000000000,21127.3,21666.0,20400.0,20679.1,192291.21,2023-01-18
1674086400000,20679.1,21188.0,20659.5,21071.4,62787.94,2023-01-19
1674172800000,21071.0,22793.4,20863.1,22667.0,128878.3,2023-01-20
1674259200000,22667.0,23388.0,22425.3,22788.0,164030.15,2023-01-21
1674345600000,22788.1,23079.6,22300.0,22713.3,92242.95,2023-01-22
1674432000000,22713.3,23186.6,22491.5,22917.1,108702.18,2023-01-23
1674518400000,22916.1,23170.1,22450.0,22633.0,107836.38,2023-01-24
1674604800000,22633.0,23833.0,22335.0,23061.4,138014.69,2023-01-25
1674691200000,23061.3,23280.0,22850.0,23008.9,91792.76,2023-01-26
1674777600000,23007.7,23524.2,22520.2,23075.1,111550.27,2023-01-27
1674864000000,23075.0,23187.9,22880.0,23026.6,39462.4,2023-01-28
1674950400000,23026.5,23977.3,22971.4,23742.0,121354.47,2023-01-29
1675036800000,23742.1,23800.0,22460.0,22826.0,115756.66,2023-01-30
1675123200000,22826.1,23360.0,22720.0,23135.7,76111.51,2023-01-31
1675209600000,23133.6,23873.1,22750.9,23734.2,105752.48,2023-02-01
1675296000000,23734.2,24280.0,23352.3,23488.0,131779.71,2023-02-02
1675382400000,23488.0,23723.3,23204.1,23429.8,89639.52,2023-02-03
1675468800000,23429.8,23590.0,23254.0,23324.0,42591.56,2023-02-04
1675555200000,23323.9,23437.0,22750.0,22936.0,72726.53,2023-02-05
1675641600000,22936.1,23165.6,22612.0,22759.6,81192.51,2023-02-06
1675728000000,22759.9,23357.1,22739.9,23240.7,92347.42,2023-02-07
1675814400000,23240.7,23470.1,22670.2,22966.0,76865.72,2023-02-08
1675900800000,22966.0,23016.6,21698.0,21802.1,164818.2,2023-02-09
1675987200000,21802.1,21940.0,21400.0,21624.2,96313.15,2023-02-10
1676073600000,21624.1,21899.0,21602.8,21860.2,35559.21,2023-02-11
1676160000000,21860.3,22088.0,21631.4,21784.7,60366.59,2023-02-12
1676246400000,21785.9,21898.0,21345.9,21779.3,111400.58,2023-02-13
1676332800000,21778.3,22322.6,21544.0,22196.8,127822.24,2023-02-14
1676419200000,22195.5,24400.0,22045.0,24335.7,184493.14,2023-02-15
1676505600000,24335.7,25251.2,23490.0,23499.0,221008.54,2023-02-16
1676592000000,23499.0,25039.0,23333.0,24579.2,226096.42,2023-02-17
1676678400000,24574.5,24887.1,24422.2,24632.7,65922.97,2023-02-18
1676764800000,24632.7,25200.0,24177.6,24276.5,134362.01,2023-02-19
1676851200000,24275.4,25149.9,23832.5,24845.0,161324.94,2023-02-20
1676937600000,24845.0,25333.0,24142.8,24455.0,179799.03,2023-02-21
1677024000000,24454.4,24475.7,23573.0,24187.5,157604.09,2023-02-22
1677110400000,24187.5,24598.0,23602.3,23940.8,177944.41,2023-02-23
1677196800000,23940.8,24135.7,22828.0,23192.1,159164.76,2023-02-24
1677283200000,23192.1,23220.0,22722.6,23156.0,73519.65,2023-02-25
1677369600000,23155.3,23695.0,23057.6,23555.1,85863.67,2023-02-26
1677456000000,23556.8,23900.0,23096.5,23489.0,125053.92,2023-02-27
1677542400000,23489.0,23599.8,23027.0,23146.5,101921.97,2023-02-28
1677628800000,23145.4,24022.6,23022.7,23633.9,138128.69,2023-03-01
1677715200000,23633.8,23800.0,23189.1,23466.4,103296.74,2023-03-02
1677801600000,23466.3,23479.7,21877.0,22353.7,155663.74,2023-03-03
1677888000000,22353.7,22408.0,22168.1,22351.8,36397.6,2023-03-04
1677974400000,22351.8,22669.6,22178.5,22433.7,65169.89,2023-03-05
1678060800000,22433.6,22599.0,22250.0,22407.4,72654.39,2023-03-06
1678147200000,22407.4,22555.0,21927.0,22200.5,138740.84,2023-03-07
1678233600000,22200.5,22290.4,21566.3,21712.7,147715.39,2023-03-08
1678320000000,21712.6,21828.0,20028.7,20360.8,255883.46,2023-03-09
1678406400000,20360.6,20363.5,19525.0,20155.8,307311.59,2023-03-10
1678492800000,20155.8,20686.5,19766.4,20455.0,189898.63,2023-03-11
1678579200000,20455.0,22200.0,20268.3,21994.9,191014.31,2023-03-12
1678665600000,21995.0,24537.3,21811.3,24106.7,378501.12,2023-03-13
1678752000000,24110.1,26489.7,23953.4,24667.1,406377.1,2023-03-14
1678838400000,24667.2,25221.0,23850.0,24289.7,292658.32,2023-03-15
1678924800000,24283.9,25199.8,24126.3,25002.9,197121.05,2023-03-16
1679011200000,25000.4,27778.3,24900.0,27394.8,369082.35,2023-03-17
1679097600000,27394.8,27727.1,26560.0,26906.7,191887.82,2023-03-18
1679184000000,26910.0,28400.0,26830.9,27964.9,214193.4,2023-03-19
1679270400000,27964.9,28498.0,27132.7,27710.0,246752.1,2023-03-20
1679356800000,27709.9,28460.0,27300.0,28102.4,176071.06,2023-03-21
1679443200000,28102.3,28910.1,26602.6,27247.4,295425.5,2023-03-22
1679529600000,27247.3,28784.8,27113.6,28300.1,224059.89,2023-03-23
1679616000000,28301.9,28378.1,26960.3,27455.2,185120.71,2023-03-24
1679702400000,27455.2,27800.6,27150.1,27466.1,80968.81,2023-03-25
1679788800000,27466.1,28221.7,27415.2,27964.4,105761.37,2023-03-26
1679875200000,27964.4,28027.9,26501.0,27125.3,173438.91,2023-03-27
1679961600000,27125.3,27525.0,26620.5,27265.2,151604.24,2023-03-28
1680048000000,27265.2,28650.0,27243.4,28350.3,182980.81,2023-03-29
1680134400000,28349.0,29189.8,27678.0,28029.8,214859.79,2023-03-30
1680220800000,28029.7,28682.8,27500.0,28460.8,165660.73,2023-03-31
1680307200000,28460.8,28845.2,28211.1,28456.4,69948.32,2023-04-01
1680393600000,28455.5,28530.0,27848.0,28171.5,88124.17,2023-04-02
1680480000000,28171.5,28583.2,27192.6,27800.9,214314.33,2023-04-03
1680566400000,27800.8,28448.0,27661.5,28169.6,124430.43,2023-04-04
1680652800000,28169.6,28796.9,27800.0,28172.0,161818.57,2023-04-05
1680739200000,28172.0,28187.0,27688.0,28034.8,102956.09,2023-04-06
1680825600000,28034.8,28109.4,27768.0,27910.7,62120.97,2023-04-07
1680912000000,27910.8,28160.0,27860.0,27940.4,46646.46,2023-04-08
1680998400000,27940.4,28540.0,27783.8,28325.5,82994.8,2023-04-09
1681084800000,28325.6,29850.0,28160.4,29640.0,177070.22,2023-04-10
1681171200000,29640.0,30587.4,29592.7,30196.1,201516.82,2023-04-11
1681257600000,30196.0,30475.0,29640.0,29895.1,182682.75,2023-04-12
1681344000000,29895.1,30599.8,29859.4,30378.3,137482.0,2023-04-13
1681430400000,30378.4,31068.2,29969.0,30466.1,182793.54,2023-04-14
1681516800000,30466.0,30608.7,30211.0,30293.8,45114.27,2023-04-15
1681603200000,30293.7,30574.5,30120.0,30307.8,56302.07,2023-04-16
1681689600000,30303.0,30318.6,29232.0,29425.0,131603.36,2023-04-17
1681776000000,29425.0,30498.9,29091.5,30383.8,167435.51,2023-04-18
1681862400000,30383.8,30413.1,28551.3,28810.0,209418.99,2023-04-19
1681948800000,28810.0,29084.0,27996.0,28252.8,178605.73,2023-04-20
1682035200000,28253.5,28379.0,27110.0,27265.0,182018.16,2023-04-21
1682121600000,27265.0,27889.0,27145.0,27810.0,85786.89,2023-04-22
1682208000000,27813.0,27813.0,27305.0,27591.3,90527.95,2023-04-23
1682294400000,27591.2,27999.0,26910.0,27515.8,169469.88,2023-04-24
1682380800000,27515.8,28388.0,27184.3,28295.4,141628.27,2023-04-25
1682467200000,28295.5,30084.7,27199.9,28417.1,385073.01,2023-04-26
1682553600000,28417.4,29909.0,28383.1,29480.3,256703.24,2023-04-27
1682640000000,29480.4,29598.0,28880.0,29307.2,157297.66,2023-04-28
1682726400000,29307.2,29444.4,29014.1,29231.4,65869.22,2023-04-29
1682812800000,29231.3,29972.1,29091.0,29245.9,129343.45,2023-04-30
1682899200000,29242.4,29344.0,27666.0,28077.2,194105.32,2023-05-01
1682985600000,28077.2,28886.0,27867.1,28669.5,146547.87,2023-05-02
1683072000000,28669.5,29283.1,28101.1,29036.4,183317.33,2023-05-03
1683158400000,29038.9,29393.8,28669.4,28840.0,117894.02,2023-05-04
1683244800000,28840.0,29698.0,28700.0,29501.0,171344.61,2023-05-05
1683331200000,29501.0,29845.7,28333.0,28845.9,135876.25,2023-05-06
1683417600000,28846.0,29149.0,28388.1,28431.9,93274.29,2023-05-07
1683504000000,28431.9,28629.0,27260.5,27670.9,185642.29,2023-05-08
1683590400000,27672.1,27821.3,27350.0,27632.1,104301.6,2023-05-09
1683676800000,27632.2,28315.5,26710.1,27599.6,232830.32,2023-05-10
1683763200000,27601.9,27630.0,26700.0,26971.6,156574.18,2023-05-11
1683849600000,26971.7,27099.9,25797.1,26794.9,193023.63,2023-05-12
1683936000000,26795.0,27055.0,26690.0,26768.1,68179.3,2023-05-13
1684022400000,26768.1,27200.0,26552.6,26915.9,69810.91,2023-05-14
1684108800000,26914.1,27666.0,26721.0,27167.2,134173.31,2023-05-15
1684195200000,27167.2,27309.3,26850.0,27037.6,122041.37,2023-05-16
1684281600000,27037.5,27550.0,26522.0,27404.1,149601.46,2023-05-17
1684368000000,27404.1,27483.8,26355.5,26820.0,160105.9,2023-05-18
1684454400000,26819.9,27191.5,26619.0,26884.8,92749.98,2023-05-19
1684540800000,26884.4,27148.2,26831.3,27105.2,33702.29,2023-05-20
1684627200000,27105.2,27299.6,26650.4,26747.7,71149.91,2023-05-21
1684713600000,26747.7,27121.0,26527.3,26850.0,104592.24,2023-05-22
1684800000000,26849.9,27500.0,26800.0,27227.9,114698.18,2023-05-23
1684886400000,27227.9,27227.9,26070.2,26327.7,173988.61,2023-05-24
1684972800000,26327.5,26649.0,25860.4,26470.5,114826.4,2023-05-25
1685059200000,26470.5,26945.0,26329.5,26703.4,89832.15,2023-05-26
1685145600000,26703.4,26896.7,26545.5,26849.3,39897.31,2023-05-27
1685232000000,26849.4,28300.0,26766.4,28075.8,148610.57,2023-05-28
1685318400000,28075.9,28456.0,27525.0,27730.2,125647.21,2023-05-29
1685404800000,27730.2,28049.6,27555.0,27695.1,96406.13,2023-05-30
1685491200000,27695.1,27845.6,26811.0,27206.5,151525.27,2023-05-31
1685577600000,27206.5,27357.2,26608.3,26812.6,131402.59,2023-06-01
1685664000000,26812.6,27309.8,26480.5,27238.0,129927.16,2023-06-02
1685750400000,27237.9,27350.0,26913.4,27070.6,51788.47,2023-06-03
1685836800000,27070.6,27478.8,26950.0,27116.5,63956.56,2023-06-04
1685923200000,27116.5,27129.0,25371.0,25723.8,237072.37,2023-06-05
1686009600000,25725.8,27373.0,25343.7,27232.9,255744.67,2023-06-06
1686096000000,27232.9,27402.1,26118.2,26343.2,225187.14,2023-06-07
1686182400000,26343.2,26860.0,26208.8,26502.4,111549.03,2023-06-08
1686268800000,26502.4,26788.0,26279.0,26488.0,89640.44,2023-06-09
1686355200000,26488.0,26541.6,25344.6,25837.9,222585.45,2023-06-10
1686441600000,25837.9,26208.4,25640.0,25924.1,88612.91,2023-06-11
1686528000000,25924.0,26105.0,25605.0,25902.1,105828.6,2023-06-12
1686614400000,25902.2,26440.0,25722.0,25936.8,159943.02,2023-06-13
1686700800000,25936.8,26108.6,24783.3,25127.2,149298.38,2023-06-14
1686787200000,25127.2,25769.5,24781.3,25595.0,152295.37,2023-06-15
1686873600000,25595.0,26518.9,25158.0,26341.1,175955.64,2023-06-16
1686960000000,26341.1,26888.8,26182.5,26513.3,97874.81,2023-06-17
1687046400000,26513.4,26720.1,26250.0,26351.0,82796.91,2023-06-18
1687132800000,26351.0,27087.5,26255.3,26847.0,138448.5,2023-06-19
1687219200000,26847.0,28400.0,26651.9,28294.8,269618.27,2023-06-20
1687305600000,28294.8,30836.5,28252.8,30010.4,395477.58,2023-06-21
1687392000000,30010.3,30510.2,29525.4,29890.0,178393.6,2023-06-22
1687478400000,29889.1,31471.9,29794.0,30693.2,229496.46,2023-06-23
1687564800000,30693.2,30799.0,30240.6,30538.1,98533.51,2023-06-24
1687651200000,30538.0,31049.0,30275.6,30476.3,109596.67,2023-06-25
1687737600000,30476.9,30668.9,29902.2,30273.9,161749.79,2023-06-26
1687824000000,30274.0,31000.0,30230.1,30690.1,145305.66,2023-06-27
1687910400000,30690.0,30706.7,29833.2,30081.7,153937.6,2023-06-28
1687996800000,30081.7,30847.5,30050.0,30458.3,124252.14,2023-06-29
1688083200000,30458.3,31309.9,29431.5,30475.1,299081.72,2023-06-30
1688169600000,30475.1,30672.7,30320.5,30593.9,44679.07,2023-07-01
1688256000000,30594.0,30816.9,30152.3,30620.9,79972.19,2023-07-02
1688342400000,30620.1,31396.3,30572.0,31157.2,128515.66,2023-07-03
1688428800000,31157.3,31333.0,30622.7,30767.4,104516.63,2023-07-04
1688515200000,30767.3,30879.8,30200.0,30497.4,108672.05,2023-07-05
1688601600000,30497.4,31557.3,29844.8,29892.8,245560.28,2023-07-06
1688688000000,29892.8,30459.0,29700.4,30348.1,117695.04,2023-07-07
1688774400000,30348.1,30386.8,30038.4,30284.7,38672.49,2023-07-08
1688860800000,30286.0,30460.0,30062.6,30163.7,52004.76,2023-07-09
1688947200000,30163.7,31058.8,29950.0,30413.8,137878.96,2023-07-10
1689033600000,30413.9,30820.0,30283.8,30620.8,97711.7,2023-07-11
1689120000000,30620.9,30983.8,30190.4,30384.3,136170.58,2023-07-12
1689206400000,30384.3,31855.4,30258.0,31457.5,224120.46,2023-07-13
1689292800000,31457.5,31650.0,29888.0,30303.2,183861.51,2023-07-14
1689379200000,30303.2,30390.8,30231.4,30297.3,34597.49,2023-07-15
1689465600000,30297.2,30444.6,30053.1,30230.8,58746.11,2023-07-16
1689552000000,30230.7,30332.5,29645.0,30141.0,115151.72,2023-07-17
1689638400000,30141.3,30247.3,29490.8,29857.4,117029.42,2023-07-18
1689724800000,29857.4,30195.0,29760.0,29914.0,106621.71,2023-07-19
1689811200000,29914.0,30418.4,29550.0,29807.8,147903.57,2023-07-20
1689897600000,29807.9,30067.5,29721.0,29897.1,73713.52,2023-07-21
1689984000000,29897.1,30010.2,29618.6,29795.3,48063.68,2023-07-22
1690070400000,29794.5,30356.0,29727.8,30081.8,77490.27,2023-07-23
1690156800000,30081.8,30100.0,28854.5,29176.8,166400.64,2023-07-24
1690243200000,29176.7,29379.8,29050.0,29224.8,72063.56,2023-07-25
1690329600000,29224.8,29681.0,29100.0,29351.3,118343.11,2023-07-26
1690416000000,29351.3,29569.0,29078.0,29226.4,82611.36,2023-07-27
1690502400000,29226.4,29544.8,29129.6,29311.5,87778.82,2023-07-28
1690588800000,29311.5,29409.0,29254.7,29349.4,30872.94,2023-07-29
1690675200000,29349.4,29449.5,29028.0,29283.6,63610.22,2023-07-30
1690761600000,29283.6,29540.0,29116.0,29234.1,87501.33,2023-07-31
1690848000000,29234.2,29743.5,28566.0,29708.4,185323.58,2023-08-01
1690934400000,29708.5,30050.0,28920.0,29180.6,198524.59,2023-08-02
1691020800000,29180.5,29433.7,28966.7,29196.6,99091.39,2023-08-03
1691107200000,29196.6,29336.4,28800.0,29120.8,90558.62,2023-08-04
1691193600000,29120.9,29166.0,28988.0,29071.8,30385.63,2023-08-05
1691280000000,29071.9,29209.9,28992.1,29088.8,40436.08,2023-08-06
1691366400000,29088.8,29282.0,28700.0,29211.5,126018.99,2023-08-07
1691452800000,29211.2,30258.0,29140.0,29773.4,187270.16,2023-08-08
1691539200000,29773.4,30138.0,29380.0,29584.4,135583.24,2023-08-09
1691625600000,29584.5,29740.8,29323.0,29459.6,84324.88,2023-08-10
1691712000000,29459.6,29569.0,29242.4,29435.0,69338.6,2023-08-11
1691798400000,29435.0,29489.0,29375.5,29431.9,22604.86,2023-08-12
1691884800000,29431.9,29480.0,29275.0,29308.0,37219.14,2023-08-13
1691971200000,29308.0,29697.5,29093.1,29431.9,133040.54,2023-08-14
1692057600000,29431.9,29508.4,29080.0,29205.8,71371.35,2023-08-15
1692144000000,29205.8,29267.0,28731.0,28737.1,120633.46,2023-08-16
1692230400000,28737.2,28795.0,24098.6,26614.1,391190.86,2023-08-17
1692316800000,26614.1,26830.0,25588.0,26060.2,202829.63,2023-08-18
1692403200000,26060.2,26273.2,25800.0,26102.6,76254.44,2023-08-19
1692489600000,26102.6,26300.0,25960.5,26188.4,53024.88,2023-08-20
1692576000000,26188.4,26266.0,25801.0,26125.9,98538.96,2023-08-21
1692662400000,26125.9,26139.5,25300.0,26055.4,124138.74,2023-08-22
1692748800000,26055.4,26825.0,25813.3,26430.7,170855.41,2023-08-23
1692835200000,26430.1,26579.5,25851.0,26176.3,111099.44,2023-08-24
1692921600000,26176.1,26319.1,25780.0,26060.9,102440.37,2023-08-25
1693008000000,26061.0,26130.0,25981.2,26020.6,22961.95,2023-08-26
1693094400000,26020.5,26185.0,25964.3,26102.3,36237.01,2023-08-27
1693180800000,26102.2,26255.7,25859.6,26116.3,92618.17,2023-08-28
1693267200000,26116.0,28176.1,25921.6,27720.4,299127.45,2023-08-29
1693353600000,27720.3,27772.6,26996.0,27297.0,118548.84,2023-08-30
1693440000000,27297.0,27600.0,25640.4,25942.1,209203.7,2023-08-31
1693526400000,25942.0,26155.8,25325.0,25807.9,139719.38,2023-09-01
1693612800000,25807.9,25985.0,25754.5,25875.1,40189.19,2023-09-02
1693699200000,25875.1,26140.0,25787.8,25971.9,58364.54,2023-09-03
1693785600000,25971.9,26108.2,25622.2,25825.2,78204.32,2023-09-04
1693872000000,25825.3,25909.9,25550.0,25791.0,77046.23,2023-09-05
1693958400000,25791.0,26059.9,25355.0,25761.4,101461.97,2023-09-06
1694044800000,25761.5,26449.6,25616.4,26252.1,108168.34,2023-09-07
1694131200000,26252.1,26443.2,25638.6,25912.9,95914.99,2023-09-08
1694217600000,25913.0,25950.0,25787.3,25904.1,24232.75,2023-09-09
1694304000000,25904.2,26050.0,25540.0,25838.1,63943.3,2023-09-10
1694390400000,25838.2,25910.0,24881.0,25166.1,193638.62,2023-09-11
1694476800000,25166.2,26600.0,25131.0,25844.2,248562.63,2023-09-12
1694563200000,25844.1,26421.5,25759.5,26223.0,131638.87,2023-09-13
1694649600000,26223.0,26882.4,26115.2,26526.6,155155.08,2023-09-14
1694736000000,26526.6,26899.0,26222.2,26600.7,101966.19,2023-09-15
1694822400000,26600.7,26794.5,26441.1,26560.6,54405.71,2023-09-16
1694908800000,26560.5,26622.0,26400.0,26528.0,42605.75,2023-09-17
1694995200000,26528.0,27415.0,26367.7,26760.2,193158.35,2023-09-18
1695081600000,26760.3,27498.0,26668.7,27207.1,171589.52,2023-09-19
1695168000000,27207.1,27388.0,26767.8,27120.0,129752.9,2023-09-20
1695254400000,27120.0,27165.0,26375.0,26563.6,124174.49,2023-09-21
1695340800000,26563.7,26745.9,26460.1,26580.7,67973.71,2023-09-22
1695427200000,26580.7,26636.0,26515.0,26577.3,21410.97,2023-09-23
1695513600000,26577.3,26741.1,26099.7,26241.5,58665.37,2023-09-24
1695600000000,26242.0,26445.5,25980.5,26300.3,110151.76,2023-09-25
1695686400000,26300.2,26397.0,26083.5,26225.3,71520.13,2023-09-26
1695772800000,26225.2,26849.0,26106.0,26373.3,144337.85,2023-09-27
1695859200000,26373.2,27327.4,26336.9,27021.7,172773.59,2023-09-28
1695945600000,27022.2,27247.7,26650.0,26909.7,112068.0,2023-09-29
1696032000000,26909.8,27093.8,26884.5,26963.1,32398.97,2023-09-30
1696118400000,26963.0,28521.6,26954.0,28005.1,97574.89,2023-10-01
1696204800000,28005.2,28607.8,27273.5,27496.7,218534.67,2023-10-02
1696291200000,27496.7,27668.0,27150.9,27425.4,98244.94,2023-10-03
1696377600000,27425.4,27844.5,27200.0,27773.8,107855.28,2023-10-04
1696464000000,27773.9,28131.9,27350.0,27411.9,145332.93,2023-10-05
1696550400000,27411.9,28333.0,27169.1,27927.0,175604.98,2023-10-06
1696636800000,27927.1,28027.4,27841.8,27956.7,37968.64,2023-10-07
1696723200000,27956.7,28096.8,27676.0,27916.0,77569.75,2023-10-08
1696809600000,27916.0,27995.0,27260.0,27590.9,125427.84,2023-10-09
1696896000000,27590.5,27737.8,27294.1,27390.0,98382.05,2023-10-10
1696982400000,27389.9,27483.8,26531.1,26876.0,169402.48,2023-10-11
1697068800000,26876.0,26948.0,26545.5,26760.1,90058.86,2023-10-12
1697155200000,26760.1,27130.0,26681.0,26866.6,97920.72,2023-10-13
1697241600000,26866.6,26990.0,26774.1,26852.1,29601.05,2023-10-14
1697328000000,26852.0,27294.3,26808.0,27150.9,61884.25,2023-10-15
1697414400000,27151.0,30680.0,27106.5,28493.5,365790.08,2023-10-16
1697500800000,28493.6,28618.7,28068.0,28397.1,126278.2,2023-10-17
1697587200000,28397.2,29000.0,28132.0,28324.6,135979.06,2023-10-18
1697673600000,28324.6,28975.7,28092.4,28709.9,149425.56,2023-10-19
1697760000000,28710.0,30279.8,28571.3,29661.0,243720.51,2023-10-20
1697846400000,29661.0,30399.5,29465.5,29912.5,103257.09,2023-10-21
1697932800000,29912.4,30323.7,29626.5,29999.8,84840.44,2023-10-22
1698019200000,29999.7,35998.0,29880.8,33098.3,440602.54,2023-10-23
1698105600000,33098.3,35300.0,32857.1,33926.0,386639.87,2023-10-24
1698192000000,33926.1,35160.0,33677.7,34502.9,187639.3,2023-10-25
1698278400000,34503.0,34841.7,33746.2,34156.1,135148.21,2023-10-26
1698364800000,34156.1,34254.0,33350.0,33891.2,108138.15,2023-10-27
1698451200000,33891.3,34557.7,33866.2,34085.3,61023.85,2023-10-28
1698537600000,34085.2,34776.6,33929.2,34524.6,70571.33,2023-10-29
1698624000000,34524.5,34882.2,34004.7,34476.7,120514.77,2023-10-30
1698710400000,34476.6,34750.0,34020.0,34642.2,104464.92,2023-10-31
1698796800000,34642.2,35735.6,34051.0,35418.3,175982.38,2023-11-01
1698883200000,35418.4,35996.4,34283.1,34943.1,174653.3,2023-11-02
1698969600000,34943.2,34949.1,34123.0,34714.0,137732.25,2023-11-03
1699056000000,34714.0,35273.2,34588.9,35067.9,59100.84,2023-11-04
1699142400000,35068.0,35432.8,34388.0,35019.9,100206.43,2023-11-05
1699228800000,35018.1,35283.3,34730.1,35051.3,85328.21,2023-11-06
1699315200000,35051.4,35915.0,34516.5,35403.9,135895.28,2023-11-07
1699401600000,35404.0,36130.0,35078.6,35620.7,128081.65,2023-11-08
1699488000000,35620.7,38129.5,35518.8,36709.0,344581.54,2023-11-09
1699574400000,36708.9,37572.3,36331.6,37307.3,122131.45,2023-11-10
1699660800000,37307.4,37399.5,36613.0,37141.3,61496.89,2023-11-11
1699747200000,37141.3,37232.2,36734.1,37070.9,42928.5,2023-11-12
1699833600000,37070.8,37455.5,36333.3,36466.1,106620.01,2023-11-13
1699920000000,36466.0,36754.7,34455.0,35542.4,165253.63,2023-11-14
1700006400000,35538.5,37983.2,35356.7,37869.8,178838.24,2023-11-15
1700092800000,37869.9,37942.0,35490.0,36162.0,172850.92,2023-11-16
1700179200000,36161.8,36940.0,35862.2,36611.0,128612.58,2023-11-17
1700265600000,36611.1,36859.1,36184.0,36578.3,45354.54,2023-11-18
1700352000000,36578.3,37516.7,36384.1,37371.7,62529.81,2023-11-19
1700438400000,37371.7,37770.0,36567.4,37446.9,135225.48,2023-11-20
1700524800000,37446.9,37661.5,35722.0,35736.0,201577.43,2023-11-21
1700611200000,35735.2,37878.0,35603.8,37416.5,138631.37,2023-11-22
1700697600000,37416.4,37650.6,36862.0,37300.3,77898.08,2023-11-23
1700784000000,37300.4,38437.2,37256.7,37712.9,156018.31,2023-11-24
1700870400000,37712.9,37890.0,37585.0,37779.4,32467.71,2023-11-25
1700956800000,37779.3,37826.3,37124.8,37450.0,73090.95,2023-11-26
1701043200000,37449.9,37565.6,36711.7,37245.9,105920.47,2023-11-27
1701129600000,37246.0,38400.0,36872.0,37821.5,140549.83,2023-11-28
1701216000000,37821.5,38504.0,37555.0,37855.2,121021.15,2023-11-29
1701302400000,37855.2,38139.7,37411.0,37729.7,87939.7,2023-11-30
1701388800000,37729.7,39000.0,37615.7,38680.0,152968.39,2023-12-01
1701475200000,38680.0,39900.0,38640.0,39453.0,92577.38,2023-12-02
1701561600000,39453.0,40417.2,39276.0,39988.4,93304.5,2023-12-03
1701648000000,39988.4,42449.5,39984.9,41993.4,262391.07,2023-12-04
1701734400000,41993.3,44547.4,41392.5,44091.9,245305.79,2023-12-05
1701820800000,44092.0,44329.4,43350.8,43761.4,167418.78,2023-12-06
1701907200000,43763.6,44064.3,42850.0,43296.2,153312.08,2023-12-07
1701993600000,43290.3,44747.0,43081.0,44182.8,129994.33,2023-12-08
1702080000000,44182.8,44378.0,43500.0,43719.0,76219.23,2023-12-09
1702166400000,43719.1,44075.4,43502.0,43788.1,56857.08,2023-12-10
1702252800000,43788.0,43819.0,40200.0,41246.7,292902.4,2023-12-11
1702339200000,41246.6,42116.0,40682.8,41504.0,153875.21,2023-12-12
1702425600000,41503.9,43525.5,40518.8,42874.1,173801.04,2023-12-13
1702512000000,42874.0,43445.5,41216.1,43025.9,169703.8,2023-12-14
1702598400000,43025.8,43093.0,41652.0,41946.6,118364.35,2023-12-15
1702684800000,41946.7,42729.0,41600.0,42283.3,68427.12,2023-12-16
1702771200000,42283.3,42446.4,41245.6,41379.9,97876.94,2023-12-17
1702857600000,41380.0,42774.7,40555.0,42647.4,158114.34,2023-12-18
1702944000000,42645.7,43500.0,41813.0,42284.0,136258.9,2023-12-19
1703030400000,42283.9,44341.5,42201.2,43682.6,180347.28,2023-12-20
1703116800000,43682.7,44267.2,43305.1,43877.0,122836.92,2023-12-21
1703203200000,43877.0,44444.0,43405.0,43984.8,105558.25,2023-12-22
1703289600000,43984.9,44005.7,43268.9,43705.8,47607.74,2023-12-23
1703376000000,43705.9,43968.0,42506.0,42987.6,71724.03,2023-12-24
1703462400000,42987.6,43835.0,42723.2,43589.6,76517.86,2023-12-25
1703548800000,43589.6,43610.0,41625.0,42522.5,125121.27,2023-12-26
1703635200000,42522.6,43670.0,42120.3,43412.7,107120.65,2023-12-27
1703721600000,43412.8,43826.5,42260.0,42580.0,110472.28,2023-12-28
1703808000000,42580.1,43141.2,41234.6,42071.0,147417.18,2023-12-29
1703894400000,42071.1,42638.0,41533.0,42158.0,78665.57,2023-12-30
1703980800000,42157.9,42918.0,41967.2,42297.7,76650.29,2023-12-31
1704067200000,42297.7,44254.9,42182.0,44220.0,86439.84,2024-01-01
1704153600000,44220.1,45900.0,44191.4,44956.9,199198.61,2024-01-02
1704240000000,44956.9,45535.5,40183.9,42851.0,272087.69,2024-01-03
1704326400000,42851.0,45063.2,42603.9,44147.4,150092.17,2024-01-04
1704412800000,44147.4,44434.5,42249.4,44154.9,156036.28,2024-01-05
1704499200000,44154.9,44214.6,43390.0,43971.5,49555.64,2024-01-06
1704585600000,43971.5,44489.3,43577.0,43935.2,70133.32,2024-01-07
1704672000000,43935.1,47358.0,43173.9,46970.0,223307.03,2024-01-08
1704758400000,46969.9,48515.9,44634.6,46120.9,209480.98,2024-01-09
1704844800000,46119.0,47700.0,44289.0,46653.2,278021.92,2024-01-10
1704931200000,46653.2,49000.0,45562.1,46335.8,242629.86,2024-01-11
1705017600000,46335.8,46522.7,41275.9,42774.2,227928.79,2024-01-12
1705104000000,42775.9,43250.0,42430.1,42846.3,84308.75,2024-01-13
1705190400000,42846.3,43095.8,41718.0,41740.8,71895.21,2024-01-14
1705276800000,41738.3,43388.0,41721.9,42521.0,89525.13,2024-01-15
1705363200000,42521.0,43604.1,42042.1,43139.9,111824.07,2024-01-16
1705449600000,43139.9,43204.8,42207.0,42780.1,82239.19,2024-01-17
1705536000000,42780.1,42928.0,40676.0,41324.8,130684.44,2024-01-18
1705622400000,41325.1,42195.0,40244.0,41665.0,152461.15,2024-01-19
1705708800000,41665.1,41888.0,41458.0,41694.5,38277.89,2024-01-20
1705795200000,41694.4,41880.0,41495.6,41586.3,33653.57,2024-01-21
1705881600000,41586.2,41694.0,39283.5,39576.1,210160.77,2024-01-22
1705968000000,39576.1,40195.2,38550.6,39903.0,167036.69,2024-01-23
1706054400000,39903.1,40572.6,39510.0,40093.9,112195.7,2024-01-24
1706140800000,40093.9,40321.9,39555.0,39963.9,85353.75,2024-01-25
1706227200000,39964.0,42245.0,39818.3,41822.0,153722.16,2024-01-26
1706313600000,41822.0,42200.0,41376.0,42118.5,46270.31,2024-01-27
1706400000000,42118.6,42849.6,41615.0,42036.6,89746.33,2024-01-28
1706486400000,42037.0,43377.0,41788.3,43305.5,104823.83,2024-01-29
1706572800000,43305.5,43908.5,42684.4,42942.3,110819.47,2024-01-30
1706659200000,42942.2,43767.3,42288.0,42575.3,132768.63,2024-01-31
1706745600000,42575.2,43306.1,41880.0,43086.1,119673.99,2024-02-01
1706832000000,43086.1,43494.4,42551.0,43200.0,91076.87,2024-02-02
1706918400000,43199.9,43389.6,42867.8,43018.8,37750.97,2024-02-03
1707004800000,43018.8,43126.2,42150.0,42590.2,57112.06,2024-02-04
1707091200000,42590.2,43575.0,42259.9,42713.5,110152.19,2024-02-05
1707177600000,42713.6,43399.5,42574.9,43107.1,83443.22,2024-02-06
1707264000000,43107.0,44457.4,42788.0,44353.5,104949.27,2024-02-07
1707350400000,44353.6,45637.2,44333.6,45286.0,121374.96,2024-02-08
1707436800000,45286.0,48244.4,45240.0,47147.9,209125.68,2024-02-09
1707523200000,47147.9,48195.5,46842.6,47760.0,64213.03,2024-02-10
1707609600000,47760.0,48628.0,47569.9,48313.8,84981.74,2024-02-11
1707696000000,48313.9,50407.9,47707.0,49946.9,180176.18,2024-02-12
1707782400000,49946.9,50438.8,48282.0,49687.9,150925.15,2024-02-13
1707868800000,49688.0,52099.1,49221.1,51793.6,174179.61,2024-02-14
1707955200000,51793.7,52881.3,51323.1,51896.5,162173.34,2024-02-15
1708041600000,51896.6,52598.4,51576.6,52129.9,106365.5,2024-02-16
1708128000000,52130.0,52177.0,50621.0,51654.2,96149.92,2024-02-17
1708214400000,51654.2,52433.0,51155.0,52164.5,75328.15,2024-02-18
1708300800000,52164.5,52498.5,51680.1,51784.3,79055.48,2024-02-19
1708387200000,51784.4,53080.0,50750.3,52277.2,167318.09,2024-02-20
1708473600000,52277.3,52379.5,50470.0,51855.7,127960.34,2024-02-21
1708560000000,51855.8,52108.3,50934.1,51285.0,102678.18,2024-02-22
1708646400000,51285.0,51560.0,50533.0,50755.7,98015.83,2024-02-23
1708732800000,50755.7,51725.2,50590.2,51574.0,45672.07,2024-02-24
1708819200000,51574.0,51989.6,51280.0,51742.7,49472.6,2024-02-25
1708905600000,51742.7,54964.9,50907.0,54490.0,149550.56,2024-02-26
1708992000000,54490.1,57679.1,54465.2,57047.3,231792.76,2024-02-27
1709078400000,57047.3,64480.3,56700.0,62433.9,400253.85,2024-02-28
1709164800000,62434.0,63733.3,60414.1,61176.6,218610.92,2024-02-29
1709251200000,61176.7,63150.0,60811.2,62391.7,115014.24,2024-03-01
1709337600000,62396.6,62493.0,61568.0,62010.0,59005.05,2024-03-02
1709424000000,62009.9,63331.7,61333.0,63145.8,80619.86,2024-03-03
1709510400000,63148.9,68599.0,62259.9,68306.2,239150.8,2024-03-04
1709596800000,68306.3,69333.0,58900.0,63708.5,379481.8,2024-03-05
1709683200000,63708.6,67688.9,62782.8,66081.9,214408.1,2024-03-06
1709769600000,66081.7,68064.6,65556.9,66839.9,126613.39,2024-03-07
1709856000000,66840.0,70286.2,66066.0,68131.9,184621.88,2024-03-08
1709942400000,68132.0,68592.0,67871.0,68328.2,34749.92,2024-03-09
1710028800000,68328.2,69974.0,68033.3,68947.7,99176.21,2024-03-10
1710115200000,68947.8,72855.9,66900.0,72116.6,191336.18,2024-03-11
1710201600000,72116.7,73389.9,68580.0,71464.4,201001.32,2024-03-12
1710288000000,71464.5,73672.0,71343.5,73092.7,125523.71,2024-03-13
1710374400000,73092.7,73856.0,68564.2,71404.5,223321.53,2024-03-14
1710460800000,71404.6,72442.3,65588.7,69517.0,302172.59,2024-03-15
1710547200000,69517.8,70080.0,64717.0,65324.5,147093.11,2024-03-16
1710633600000,65324.5,68931.5,64555.0,68408.4,141713.28,2024-03-17
1710720000000,68408.4,69006.9,66544.6,67627.9,173384.89,2024-03-18
1710806400000,67627.8,68144.5,61557.2,61939.0,315026.72,2024-03-19
1710892800000,61936.2,68134.1,60766.1,67853.2,289315.62,2024-03-20
1710979200000,67855.1,68264.4,64502.0,65510.0,156276.64,2024-03-21
1711065600000,65510.0,66653.7,62171.2,63806.2,180078.29,2024-03-22
1711152000000,63806.1,66026.4,63004.0,63985.9,102383.46,2024-03-23
1711238400000,63985.8,67666.0,63777.0,67225.2,106978.2,2024-03-24
1711324800000,67225.2,71196.0,66397.2,69890.1,171653.25,2024-03-25
1711411200000,69890.2,71606.5,69282.0,70008.0,130886.61,2024-03-26
1711497600000,70008.7,71842.0,68389.0,69492.7,152272.08,2024-03-27
1711584000000,69492.7,71587.3,68927.2,70795.9,111065.4,2024-03-28
1711670400000,70796.0,70938.9,69016.5,69870.0,83555.6,2024-03-29
1711756800000,69870.0,70347.1,69560.4,69609.9,43986.83,2024-03-30
1711843200000,69609.9,71444.0,69581.4,71330.1,62634.63,2024-03-31
1711929600000,71330.0,71361.9,68044.0,69677.7,134124.58,2024-04-01
1712016000000,69677.6,69700.0,64555.6,65482.2,223489.01,2024-04-02
1712102400000,65475.5,66931.4,64425.0,65964.5,120497.59,2024-04-03
1712188800000,65967.1,69353.2,65070.6,68498.9,131982.31,2024-04-04
1712275200000,68499.0,68772.0,65931.4,67832.3,127727.35,2024-04-05
1712361600000,67832.3,69739.1,67458.2,68913.7,56831.91,2024-04-06
1712448000000,68913.8,70345.0,68832.1,69362.7,73935.68,2024-04-07
1712534400000,69358.7,72846.2,69054.7,71654.0,141044.72,2024-04-08
1712620800000,71654.0,71786.0,68168.8,69152.1,146512.47,2024-04-09
1712707200000,69151.3,71221.9,67507.5,70654.9,151883.24,2024-04-10
1712793600000,70655.0,71323.7,69550.4,70010.1,114931.12,2024-04-11
1712880000000,70010.1,71255.2,64800.1,67125.1,181419.04,2024-04-12
1712966400000,67125.0,67953.3,59666.0,63945.0,234775.96,2024-04-13
1713052800000,63945.0,65881.1,62150.2,65661.4,172666.96,2024-04-14
1713139200000,65661.5,66865.8,62268.0,63433.2,170870.45,2024-04-15
1713225600000,63433.6,64364.8,61555.0,63792.8,193931.43,2024-04-16
1713312000000,63792.8,64540.7,59602.2,61280.4,226567.11,2024-04-17
1713398400000,61280.3,64155.0,60794.7,63486.4,171980.15,2024-04-18
1713484800000,63486.3,65442.1,59568.0,63814.3,271663.67,2024-04-19
1713571200000,63814.3,65421.7,63066.7,64928.5,83979.39,2024-04-20
1713657600000,64928.5,65717.3,64223.1,64937.9,79288.34,2024-04-21
1713744000000,64937.9,67258.6,64513.0,66817.6,123253.59,2024-04-22
1713830400000,66817.6,67180.0,65810.0,66418.9,89127.38,2024-04-23
1713916800000,66418.9,67089.0,63608.0,64288.5,125325.98,2024-04-24
1714003200000,64288.2,65321.4,62762.6,64502.5,127839.573,2024-04-25
1714089600000,64502.5,64823.0,63320.3,63774.6,93257.995,2024-04-26
1714176000000,63774.5,63931.0,62355.8,63451.6,76684.314,2024-04-27
1714262400000,63451.5,64400.0,62760.0,63125.0,59247.095,2024-04-28
1714348800000,63125.0,64239.1,61787.6,63879.9,113065.934,2024-04-29
1714435200000,63881.1,64746.1,59170.0,60684.8,195318.555,2024-04-30
1714521600000,60684.8,60858.0,56528.8,58332.0,269331.339,2024-05-01
1714608000000,58332.1,59667.0,56919.2,59057.4,138318.927,2024-05-02
1714694400000,59057.5,63347.8,58820.0,62862.9,166469.739,2024-05-03
1714780800000,62863.0,64539.1,62510.9,63896.1,95692.15,2024-05-04
1714867200000,63896.0,64666.0,62863.6,64010.0,81397.573,2024-05-05
1714953600000,64010.1,65534.9,62685.0,63167.2,145028.781,2024-05-06
1715040000000,63167.1,64418.8,62254.6,62330.6,117664.137,2024-05-07
1715126400000,62330.5,63040.9,60892.4,61200.2,113699.228,2024-05-08
1715212800000,61200.1,63444.0,60630.6,63065.4,107139.426,2024-05-09
1715299200000,63065.4,63475.0,60161.2,60811.3,133436.808,2024-05-10
1715385600000,60811.3,61535.8,60469.8,60821.3,47415.446,2024-05-11
1715472000000,60821.3,61874.3,60601.0,61471.9,47325.543,2024-05-12
1715558400000,61471.9,63470.0,60756.0,62935.5,129035.224,2024-05-13
1715644800000,62932.6,63120.0,61103.8,61564.9,124016.594,2024-05-14
1715731200000,61564.9,66490.0,61334.0,66222.3,159314.322,2024-05-15
1715817600000,66222.1,66799.0,64600.0,65241.7,107064.866,2024-05-16
1715904000000,65241.7,67460.0,65101.2,67007.3,92718.215,2024-05-17
1715990400000,67007.3,67398.3,66563.3,66910.1,45957.515,2024-05-18
1716076800000,66910.0,67794.0,65887.0,66272.2,68663.914,2024-05-19
1716163200000,66272.3,71711.0,66065.7,71481.8,169547.454,2024-05-20
1716249600000,71481.8,72086.0,69180.0,70140.5,112946.358,2024-05-21
1716336000000,70145.8,70691.2,68844.0,69182.1,86951.532,2024-05-22
1716422400000,69182.1,70118.0,66242.5,67961.3,130311.495,2024-05-23
1716508800000,67961.3,69270.5,66616.1,68562.8,83436.263,2024-05-24
1716595200000,68562.8,69664.7,68502.5,69300.0,38637.397,2024-05-25
1716681600000,69300.0,69580.3,68153.8,68515.1,39110.821,2024-05-26
1716768000000,68515.0,70740.0,68255.7,69410.3,75285.128,2024-05-27
1716854400000,69410.2,69600.0,67250.0,68404.6,100259.676,2024-05-28
1716940800000,68404.6,68953.6,67126.7,67647.8,79654.468,2024-05-29
1717027200000,67647.8,69523.9,67134.0,68366.0,88631.595,2024-05-30
1717113600000,68366.0,69062.8,66639.0,67558.8,82810.009,2024-05-31
1717200000000,67558.8,67899.0,67428.1,67769.1,21219.826,2024-06-01
1717286400000,67769.1,68497.0,67300.3,67766.9,42334.422,2024-06-02
1717372800000,67766.9,70338.3,67618.4,68805.0,100454.244,2024-06-03
1717459200000,68805.0,71082.9,68572.3,70543.6,86527.453,2024-06-04
1717545600000,70543.6,71777.0,70403.0,71115.0,87060.83,2024-06-05
1717632000000,71115.0,71666.0,70117.4,70795.9,61620.881,2024-06-06
1717718400000,70795.9,72021.7,68300.0,69350.1,126774.106,2024-06-07
1717804800000,69350.0,69577.9,69160.8,69309.3,26488.808,2024-06-08
1717891200000,69309.3,69850.0,69128.5,69641.2,25688.456,2024-06-09
1717977600000,69641.1,70185.1,69133.0,69539.1,49954.091,2024-06-10
1718064000000,69539.1,69585.3,65910.3,67309.4,126388.943,2024-06-11
1718150400000,67309.3,70027.8,66890.0,68273.7,132662.851,2024-06-12
1718236800000,68273.7,68493.0,66262.8,66772.7,101457.834,2024-06-13
1718323200000,66772.7,67377.4,65066.0,66042.9,97683.864,2024-06-14
1718409600000,66042.9,66494.8,65860.1,66216.3,28431.56,2024-06-15
1718496000000,66216.4,66988.0,66035.1,66682.1,31124.542,2024-06-16
1718582400000,66682.0,67320.0,65126.1,66484.1,108349.334,2024-06-17
1718668800000,66484.1,66591.4,64022.0,65178.1,151203.322,2024-06-18
1718755200000,65178.1,65729.2,64616.2,64970.1,68297.636,2024-06-19
1718841600000,64970.0,66485.0,64550.8,64887.9,97796.005,2024-06-20
1718928000000,64888.0,65083.0,63360.0,64152.4,104247.046,2024-06-21
1719014400000,64152.5,64539.8,63932.0,64266.3,27381.483,2024-06-22
1719100800000,64266.3,64529.6,63160.8,63203.8,33451.311,2024-06-23
1719187200000,63203.8,63370.7,58351.0,60280.3,209603.1,2024-06-24
1719273600000,60280.2,62438.0,60243.0,61793.8,108959.234,2024-06-25
1719360000000,61793.9,62491.5,60720.0,60864.9,74314.147,2024-06-26
1719446400000,60864.9,62400.0,60620.0,61702.3,77396.151,2024-06-27
1719532800000,61702.4,62230.0,60050.0,60430.9,91104.18,2024-06-28
1719619200000,60431.0,61227.5,60405.0,60992.1,36886.185,2024-06-29
1719705600000,60992.2,63091.9,60709.9,62769.8,66423.516,2024-06-30
1719792000000,62769.9,63866.0,62518.0,62905.3,92667.085,2024-07-01
1719878400000,62905.3,63298.7,61830.0,62129.9,76760.107,2024-07-02
1719964800000,62129.9,62292.1,59365.0,60213.9,135857.461,2024-07-03
1720051200000,60214.0,60503.8,56758.0,57065.2,202972.778,2024-07-04
1720137600000,57065.2,57559.5,53222.3,56620.0,260910.708,2024-07-05
1720224000000,56620.0,58499.8,56027.7,58233.1,78850.654,2024-07-06
1720310400000,58233.1,58456.0,55727.6,55870.1,87567.96,2024-07-07
1720396800000,55870.0,58226.4,54280.0,56719.1,195030.65,2024-07-08
1720483200000,56719.1,58333.0,56285.9,58044.1,112787.428,2024-07-09
1720569600000,58044.2,59481.7,57156.0,57720.4,113611.572,2024-07-10
1720656000000,57724.7,59671.5,57001.2,57346.3,121515.475,2024-07-11
1720742400000,57347.1,58576.0,56535.5,57902.0,102171.691,2024-07-12
1720828800000,57899.7,59887.9,57750.1,59205.2,70263.493,2024-07-13
1720915200000,59205.2,61473.2,59196.0,60789.8,95448.822,2024-07-14
1721001600000,60789.7,64948.3,60638.8,64750.0,157059.551,2024-07-15
1721088000000,64750.0,65398.8,62375.0,65047.1,171126.272,2024-07-16
1721174400000,65047.2,66149.4,63855.0,64093.4,122746.018,2024-07-17
1721260800000,64093.3,65155.3,63232.6,63985.6,93384.108,2024-07-18
1721347200000,63985.7,67423.7,63300.0,66668.1,144554.627,2024-07-19
1721433600000,66668.1,67655.0,66198.5,67135.8,56047.084,2024-07-20
1721520000000,67138.1,68399.0,65769.1,68170.2,90923.291,2024-07-21
1721606400000,68170.2,68497.9,66578.0,67523.1,86913.513,2024-07-22
1721692800000,67526.0,67763.5,65425.8,65941.0,121636.56,2024-07-23
1721779200000,65941.0,67126.4,65084.6,65377.4,92001.492,2024-07-24
1721865600000,65377.4,66176.4,63433.6,65799.9,132978.059,2024-07-25
1721952000000,65800.0,68231.2,65720.0,67910.2,110340.345,2024-07-26
1722038400000,67910.2,69434.3,66621.1,67905.4,140776.843,2024-07-27
1722124800000,67905.4,68359.0,67071.0,68239.1,54448.261,2024-07-28
1722211200000,68239.0,70098.0,66395.0,66787.3,158998.433,2024-07-29
1722297600000,66787.4,67000.0,65280.0,66195.6,105033.145,2024-07-30
1722384000000,66195.7,66863.3,64500.0,64635.1,119306.782,2024-07-31
1722470400000,64635.1,65660.0,62266.8,65353.6,168639.745,2024-08-01
1722556800000,65353.7,65614.4,61222.0,61490.7,182682.644,2024-08-02
1722643200000,61490.8,62206.2,59830.0,60711.2,128820.849,2024-08-03
1722729600000,60711.2,61124.9,57111.1,58170.0,139815.309,2024-08-04
1722816000000,58170.0,58314.9,48906.7,54009.6,508906.677,2024-08-05
1722902400000,54009.6,57100.0,53936.6,56014.2,183648.399,2024-08-06
1722988800000,56014.2,57854.9,54558.8,55140.0,159672.82,2024-08-07
1723075200000,55136.1,62766.0,54733.3,61697.1,203313.729,2024-08-08
1723161600000,61692.1,61754.6,59522.1,60842.0,129788.713,2024-08-09
1723248000000,60842.0,61492.8,60241.2,60919.5,43219.522,2024-08-10
1723334400000,60919.5,61951.3,58272.4,58727.7,86134.674,2024-08-11
1723420800000,58727.8,60718.8,57610.0,59348.6,158581.688,2024-08-12
1723507200000,59348.6,61589.4,58366.0,60591.9,110681.802,2024-08-13
1723593600000,60591.9,61847.0,58428.1,58685.2,123208.69,2024-08-14
1723680000000,58685.2,59861.5,56048.3,57528.0,149726.83,2024-08-15
1723766400000,57532.9,59824.9,57095.7,58892.2,123449.698,2024-08-16
1723852800000,58892.2,59731.0,58807.4,59499.0,37728.527,2024-08-17
1723939200000,59499.0,60297.9,58421.0,58435.8,79287.096,2024-08-18
1724025600000,58435.8,59615.1,57800.0,59433.0,99067.518,2024-08-19
1724112000000,59433.2,61434.4,58500.0,59007.9,142652.623,2024-08-20
1724198400000,59006.2,61828.0,58760.0,61158.7,131478.271,2024-08-21
1724284800000,61158.8,61400.0,59587.8,60380.0,102802.031,2024-08-22
1724371200000,60380.0,65098.5,60334.2,64050.0,180972.491,2024-08-23
1724457600000,64050.0,64554.9,63500.0,64160.9,60742.69,2024-08-24
1724544000000,64160.1,65043.6,63785.0,64222.0,56727.454,2024-08-25
1724630400000,64222.1,64490.0,62793.1,62840.1,103565.672,2024-08-26
1724716800000,62840.1,63215.0,57910.1,59405.3,168015.924,2024-08-27
1724803200000,59405.4,60222.0,57778.9,59040.2,143555.719,2024-08-28
1724889600000,59040.1,61169.9,58702.3,59350.1,106565.445,2024-08-29
1724976000000,59350.0,59951.0,57660.1,59127.3,120002.166,2024-08-30
1725062400000,59127.4,59478.0,58735.2,58977.2,34191.949,2024-08-31
1725148800000,58975.7,59085.9,57150.1,57290.8,101265.525,2024-09-01
1725235200000,57290.7,59440.8,57111.0,59146.9,89993.508,2024-09-02
1725321600000,59146.9,59828.0,57411.0,57486.1,102239.936,2024-09-03
1725408000000,57486.1,58535.1,55555.9,57974.0,147552.376,2024-09-04
1725494400000,57973.9,58330.0,55638.0,56180.0,136713.088,2024-09-05
1725580800000,56180.0,57048.1,52522.0,53956.4,223380.432,2024-09-06
1725667200000,53956.4,54863.2,53744.0,54161.9,61676.888,2024-09-07
1725753600000,54161.8,55326.0,53622.0,54879.7,80584.663,2024-09-08
1725840000000,54877.0,58161.5,54584.3,57035.2,152577.444,2024-09-09
1725926400000,57035.2,58048.6,56388.0,57644.6,111211.0,2024-09-10
1726012800000,57644.5,57977.5,55555.5,57342.8,158665.993,2024-09-11
1726099200000,57340.2,58586.8,57325.0,58127.9,116721.798,2024-09-12
1726185600000,58127.9,60650.0,57623.5,60495.9,127013.181,2024-09-13
1726272000000,60495.9,60614.6,59374.2,59992.8,50186.594,2024-09-14
1726358400000,59992.8,60415.8,58679.5,59130.0,64474.153,2024-09-15
1726444800000,59130.1,59212.4,57450.0,58210.5,116016.903,2024-09-16
1726531200000,58210.4,61366.0,57613.1,60318.4,148959.922,2024-09-17
1726617600000,60318.4,61802.0,59162.8,61767.8,157201.002,2024-09-18
1726704000000,61767.9,63871.8,61567.0,62967.6,147425.597,2024-09-19
1726790400000,62967.6,64183.2,62337.9,63208.1,119698.969,2024-09-20
1726876800000,63208.1,63600.0,62757.2,63349.9,36791.373,2024-09-21
1726963200000,63349.9,64048.6,62356.0,63589.1,70099.555,2024-09-22
1727049600000,63589.1,64765.0,62550.0,63345.2,114933.973,2024-09-23
1727136000000,63345.3,64720.0,62712.0,64278.1,109301.058,2024-09-24
1727222400000,64278.2,64838.5,62906.2,63160.1,87760.726,2024-09-25
1727308800000,63160.0,65848.9,62666.0,65166.1,146502.238,2024-09-26
1727395200000,65166.0,66478.7,64822.0,65779.3,105722.191,2024-09-27
1727481600000,65779.3,66277.5,65421.2,65857.2,40649.599,2024-09-28
1727568000000,65857.2,66100.0,65450.0,65604.2,37505.434,2024-09-29
1727654400000,65604.2,65632.0,62820.0,63330.5,143924.758,2024-09-30
1727740800000,63330.5,64123.4,60150.0,60814.3,195358.64,2024-10-01
1727827200000,60814.2,62368.4,59981.8,60650.1,137670.847,2024-10-02
1727913600000,60650.1,61482.5,59840.8,60758.0,122166.722,2024-10-03
1728000000000,60757.9,62485.5,60464.4,62093.8,106846.631,2024-10-04
1728086400000,62093.8,62388.1,61675.6,62066.1,36273.325,2024-10-05
1728172800000,62066.1,62998.4,61816.1,62825.5,45232.946,2024-10-06
1728259200000,62825.6,64473.2,62121.6,62221.3,127632.491,2024-10-07
1728345600000,62221.4,63219.0,61869.2,62156.8,97901.795,2024-10-08
1728432000000,62156.8,62555.0,60300.0,60646.9,100462.783,2024-10-09
1728518400000,60646.9,61320.9,58924.9,60317.3,124339.899,2024-10-10
1728604800000,60317.2,63420.0,60080.1,62539.3,122109.52,2024-10-11
1728691200000,62539.3,63480.2,62483.2,63210.3,48956.693,2024-10-12
1728777600000,63210.3,63300.0,62050.0,62877.9,54543.952,2024-10-13
1728864000000,62877.8,66680.0,62457.4,66097.9,160513.112,2024-10-14
1728950400000,66097.9,67990.0,64765.0,67083.0,196739.839,2024-10-15
1729036800000,67082.9,68432.5,66760.4,67621.8,120533.334,2024-10-16
1729123200000,67621.8,67950.0,66666.0,67439.3,101072.059,2024-10-17
1729209600000,67439.3,69061.2,67200.0,68437.2,108539.477,2024-10-18
1729296000000,68437.1,68712.3,68005.3,68377.1,32708.552,2024-10-19
1729382400000,68377.0,69444.0,68106.4,69050.1,47292.838,2024-10-20
1729468800000,69050.0,69572.0,66856.2,67378.7,114750.371,2024-10-21
1729555200000,67378.7,67842.0,66566.5,67426.2,106088.586,2024-10-22
1729641600000,67426.2,67471.2,65226.0,66662.1,122254.889,2024-10-23
1729728000000,66662.2,68880.0,66508.0,68202.6,102530.517,2024-10-24
1729814400000,68202.7,68776.9,65588.0,66695.0,154108.413,2024-10-25
1729900800000,66695.0,67479.9,66427.5,67100.0,47944.891,2024-10-26
1729987200000,67100.0,68346.6,66933.3,68028.2,46202.516,2024-10-27
1730073600000,68028.3,70346.2,67619.7,69971.9,123114.787,2024-10-28
1730160000000,69971.9,73760.5,69767.0,72751.3,172062.704,2024-10-29
1730246400000,72751.4,72974.0,71458.1,72343.2,99987.61,2024-10-30
1730332800000,72343.1,72700.0,69680.1,70304.3,114206.543,2024-10-31
1730419200000,70304.4,71644.3,68826.2,69496.8,158447.372,2024-11-01
1730505600000,69496.9,69927.5,69026.5,69382.9,38256.389,2024-11-02
1730592000000,69382.8,69402.0,67462.2,68776.9,105071.985,2024-11-03
1730678400000,68776.9,69516.4,66811.7,67858.8,106259.588,2024-11-04
1730764800000,67858.8,70573.5,67466.2,69381.9,125113.197,2024-11-05
1730851200000,69382.0,76422.0,69300.0,75598.2,290332.342,2024-11-06
1730937600000,75598.1,76882.2,74450.0,75856.0,121203.548,2024-11-07
1731024000000,75856.0,77198.1,75580.8,76501.6,95569.836,2024-11-08
1731110400000,76501.6,76946.4,75715.0,76688.0,54499.169,2024-11-09
1731196800000,76688.1,81742.4,76509.9,80379.4,179885.972,2024-11-10
1731283200000,80379.5,89800.0,80235.7,88700.1,257683.312,2024-11-11
1731369600000,88700.1,89991.0,85149.4,87948.8,250720.283,2024-11-12
1731456000000,87948.9,93372.0,86142.9,90383.8,225294.547,2024-11-13
1731542400000,90383.8,91823.7,86666.0,87349.4,164074.881,2024-11-14
1731628800000,87349.4,91874.6,87080.2,91050.0,138171.021,2024-11-15
1731715200000,91050.1,91819.7,90066.0,90575.4,57577.159,2024-11-16
1731801600000,90576.4,91500.0,88700.0,89860.0,72924.731,2024-11-17
1731888000000,89860.0,92666.0,89400.0,90472.9,153612.041,2024-11-18
1731974400000,90472.9,93949.0,90367.2,92302.1,137724.975,2024-11-19
1732060800000,92304.9,94837.8,91480.0,94299.0,128299.545,2024-11-20
1732147200000,94298.9,99076.6,94029.5,98338.5,184446.881,2024-11-21
1732233600000,98338.6,99640.8,97139.8,98899.5,121460.491,2024-11-22
1732320000000,98899.5,98932.9,97170.0,97692.1,54574.097,2024-11-23
1732406400000,97692.0,98588.0,95794.9,97909.0,78642.929,2024-11-24
1732492800000,97909.0,98954.4,92600.0,93034.1,151256.36,2024-11-25
1732579200000,93034.1,95000.0,90825.0,91976.1,167184.657,2024-11-26
1732665600000,91976.0,97200.0,91819.1,95868.0,121547.838,2024-11-27
1732752000000,95868.0,96580.0,94650.7,95659.2,72027.798,2024-11-28
1732838400000,95659.2,98657.4,95361.0,97465.9,88824.337,2024-11-29
1732924800000,97466.0,97478.8,95214.1,96430.0,52874.462,2024-11-30
1733011200000,96430.0,98400.0,95706.1,97197.4,90237.157,2024-12-01
1733097600000,97197.4,98249.9,94391.7,95833.2,115648.147,2024-12-02
1733184000000,95833.2,96340.9,93606.0,95860.2,90195.921,2024-12-03
1733270400000,95860.2,99083.2,94596.3,98628.2,121239.986,2024-12-04
1733356800000,98628.2,104547.0,88664.7,96931.8,257537.554,2024-12-05
1733443200000,96931.8,102000.0,96344.6,99745.6,114601.02,2024-12-06
1733529600000,99745.6,100465.3,98824.6,99853.4,45373.632,2024-12-07
1733616000000,99853.3,101432.4,98650.0,101144.9,49236.964,2024-12-08
1733702400000,101145.0,101241.0,93925.5,97279.5,154840.914,2024-12-09
1733788800000,97279.6,98280.9,94240.6,96601.5,124850.594,2024-12-10
1733875200000,96601.5,101899.8,95668.0,101131.4,99209.155,2024-12-11
1733961600000,101132.4,102576.2,99312.0,100010.6,92889.292,2024-12-12
1734048000000,100010.5,101956.2,99182.0,101422.7,70926.472,2024-12-13
1734134400000,101422.7,102673.7,100600.0,101416.2,47683.809,2024-12-14
1734220800000,101416.2,105404.0,101236.3,104507.9,69329.117,2024-12-15
1734307200000,104508.0,107833.1,103324.0,106078.2,116932.29,2024-12-16
1734393600000,106078.1,108416.9,105329.5,106120.9,89333.216,2024-12-17
1734480000000,106120.8,106519.7,99999.0,100203.9,139996.541,2024-12-18
1734566400000,100203.9,102800.0,95700.3,97451.1,167108.589,2024-12-19
1734652800000,97451.1,98241.2,92280.0,97794.8,180187.082,2024-12-20
1734739200000,97794.9,99574.8,96408.6,97286.2,70320.778,2024-12-21
1734825600000,97286.2,97461.0,94255.0,95189.4,64868.787,2024-12-22
1734912000000,95189.5,96544.7,92500.1,94886.4,115910.023,2024-12-23
1734998400000,94886.3,99500.0,93552.0,98655.9,101391.877,2024-12-24
1735084800000,98655.4,99599.0,97639.0,99430.1,58470.697,2024-12-25
1735171200000,99430.0,99995.8,95178.6,95783.7,89179.66,2024-12-26
1735257600000,95784.1,97592.0,93468.4,94306.4,100050.171,2024-12-27
1735344000000,94306.4,95806.2,94137.5,95306.3,36564.45,2024-12-28
1735430400000,95306.3,95349.2,93011.1,93740.0,45508.234,2024-12-29
1735516800000,93740.0,95060.0,91535.5,92797.0,115937.012,2024-12-30
1735603200000,92796.9,96289.0,92024.1,93579.1,93367.792,2024-12-31
1735689600000,93579.1,95203.7,92899.1,94600.0,48200.792,2025-01-01
1735776000000,94600.0,97850.0,94405.2,97010.0,88742.838,2025-01-02
1735862400000,97010.0,98986.0,96121.0,98195.2,60169.01,2025-01-03
1735948800000,98195.3,98799.9,97522.0,98220.8,32763.311,2025-01-04
1736035200000,98222.0,98850.0,97262.2,98369.5,36349.579,2025-01-05
1736121600000,98369.6,102490.8,97930.0,102223.3,104238.491,2025-01-06
1736208000000,102223.2,102817.8,96167.1,96944.0,130608.859,2025-01-07
1736294400000,96944.0,97260.0,92500.0,95050.1,115685.697,2025-01-08
1736380800000,95050.0,95396.7,91201.0,92554.9,110823.876,2025-01-09
1736467200000,92554.8,95854.9,92222.0,94728.6,114773.521,2025-01-10
1736553600000,94728.5,95045.0,93840.8,94615.1,28983.576,2025-01-11
1736640000000,94615.1,95482.3,93701.0,94550.0,35346.819,2025-01-12
1736726400000,94550.0,95970.0,89037.0,94539.9,170421.375,2025-01-13
1736812800000,94539.9,97376.0,94350.8,96562.0,101496.761,2025-01-14
1736899200000,96561.9,100710.2,96488.3,100510.8,97106.286,2025-01-15
1736985600000,100510.9,100888.0,97285.5,99999.6,96208.132,2025-01-16
1737072000000,99999.7,105840.6,99963.6,104100.1,111773.92,2025-01-17
1737158400000,104100.1,104995.9,102285.7,104560.6,77323.516,2025-01-18
1737244800000,104560.6,106488.0,99666.0,101326.8,118601.483,2025-01-19
1737331200000,101331.8,109998.9,99500.1,102269.9,251218.216,2025-01-20
1737417600000,102269.9,107333.3,100113.0,106161.9,124835.917,2025-01-21
1737504000000,106161.8,106438.8,103261.7,103718.0,73094.0465,2025-01-22
1737590400000,103717.9,106869.9,101222.0,103925.7,193795.274,2025-01-23
1737676800000,103925.7,107164.1,102755.7,104868.6,79342.5276,2025-01-24
1737763200000,104868.7,105322.9,104101.9,104759.2,34550.0609,2025-01-25
1737849600000,104759.1,105546.6,102500.1,102611.6,32882.8086,2025-01-26
1737936000000,102611.6,103288.5,97737.7,102075.7,154201.5656,2025-01-27
1738022400000,102075.7,103888.5,100270.9,101343.0,81191.2335,2025-01-28
1738108800000,101343.0,104826.1,101330.2,103747.5,74507.2558,2025-01-29
1738195200000,103747.5,106460.0,103282.0,104742.3,62510.1362,2025-01-30
1738281600000,104742.4,106047.0,101500.0,102433.5,79469.6971,2025-01-31
1738368000000,102433.5,102791.8,100254.1,100633.9,40323.5347,2025-02-01
1738454400000,100633.9,101477.0,96130.5,97701.9,101103.2938,2025-02-02
1738540800000,97702.0,102551.0,91255.0,101358.2,204135.6106,2025-02-03
1738627200000,101358.3,101754.4,96129.0,97759.9,107256.4549,2025-02-04
1738713600000,97760.0,99183.5,96138.5,96618.3,63213.816,2025-02-05
1738800000000,96618.3,99146.0,95669.8,96555.9,73977.8757,2025-02-06
1738886400000,96555.9,100144.0,95550.8,96490.8,94531.1446,2025-02-07
1738972800000,96490.7,96909.8,95668.2,96449.5,31273.5909,2025-02-08
1739059200000,96449.5,97333.0,94707.4,96465.0,44975.5686,2025-02-09
1739145600000,96464.9,98378.4,95250.0,97417.7,66287.3827,2025-02-10
1739232000000,97417.7,98500.0,94866.9,95783.7,72632.0808,2025-02-11
1739318400000,95783.8,98168.0,94072.1,97885.8,91907.2631,2025-02-12
1739404800000,97885.9,98100.0,95215.3,96611.0,64128.1991,2025-02-13
1739491200000,96611.0,98847.4,96280.0,97500.0,64558.6533,2025-02-14
1739577600000,97500.0,97995.0,97222.0,97590.6,21062.8262,2025-02-15
1739664000000,97590.5,97731.8,96050.0,96113.5,28935.0108,2025-02-16
1739750400000,96113.5,97051.9,95154.7,95784.0,51453.8608,2025-02-17
1739836800000,95784.1,96767.4,93365.4,95662.3,76685.77,2025-02-18
1739923200000,95662.3,96896.2,95050.0,96641.3,60863.1905,2025-02-19
1740009600000,96641.4,98724.9,96413.8,98299.5,63912.3972,2025-02-20
1740096000000,98299.5,99488.0,94840.6,96138.4,112612.2313,2025-02-21
1740182400000,96138.4,97000.0,95743.3,96540.1,30678.7084,2025-02-22
1740268800000,96540.1,96643.0,95260.0,96268.1,30379.6073,2025-02-23
1740355200000,96268.2,96532.0,91324.4,91550.1,99799.9743,2025-02-24
1740441600000,91550.1,92543.0,86042.0,88676.4,208140.5516,2025-02-25
1740528000000,88676.4,89400.0,82228.0,84245.5,178711.0964,2025-02-26
1740614400000,84245.5,87097.0,82706.8,84701.5,119425.26,2025-02-27
1740700800000,84701.6,85130.0,78234.0,84352.5,239988.4949,2025-02-28
1740787200000,84352.5,86555.0,83806.4,86056.9,67605.296,2025-03-01
1740873600000,86056.9,95050.0,85042.8,94283.1,163157.7822,2025-03-02
1740960000000,94282.9,94439.9,85112.0,86227.8,181870.8664,2025-03-03
1741046400000,86227.8,88955.0,81488.0,87280.8,189760.6565,2025-03-04
1741132800000,87280.7,91068.6,86355.7,90610.9,128414.9153,2025-03-05
1741219200000,90611.0,92845.3,87833.0,89933.7,137769.4634,2025-03-06
1741305600000,89933.7,91304.7,84628.0,86784.9,212818.6942,2025-03-07
1741392000000,86784.9,86907.4,85210.0,86239.3,46847.7933,2025-03-08
1741478400000,86239.4,86520.0,79940.0,80734.3,100160.4667,2025-03-09
1741564800000,80734.3,84084.5,77450.0,78596.8,180141.1372,2025-03-10
1741651200000,78596.8,83632.2,76600.0,82944.2,174336.903,2025-03-11
1741737600000,82944.1,84547.4,80600.0,83692.1,128682.0814,2025-03-12
1741824000000,83692.0,84345.0,79934.5,81121.9,110560.2174,2025-03-13
1741910400000,81121.9,85317.1,80816.0,83988.0,104743.833,2025-03-14
1741996800000,83988.0,84677.4,83610.7,84344.0,38672.4492,2025-03-15
1742083200000,84344.1,85167.9,81980.8,82576.0,84701.5066,2025-03-16
1742169600000,82576.1,84768.6,82444.0,83994.1,86719.6464,2025-03-17
1742256000000,83994.0,84017.7,81124.9,82707.3,89580.4277,2025-03-18
1742342400000,82707.4,87058.8,82530.0,86847.4,111657.4136,2025-03-19
1742428800000,86847.5,87467.2,83638.1,84223.5,102624.2212,2025-03-20
1742515200000,84223.4,84850.0,83171.0,84087.4,67216.3518,2025-03-21
1742601600000,84087.3,84548.0,83650.1,83850.5,23306.3061,2025-03-22
1742688000000,83850.4,86147.7,83802.2,86081.2,44599.1974,2025-03-23
1742774400000,86081.2,88794.6,85529.4,87506.9,98511.1006,2025-03-24
1742860800000,87506.8,88555.0,86306.5,87420.8,84551.7003,2025-03-25
1742947200000,87420.8,88296.0,85837.3,86919.0,91385.3933,2025-03-26
1743033600000,86918.9,87749.5,85800.0,87218.3,79782.2157,2025-03-27
1743120000000,87218.4,87508.7,83562.9,84429.1,111197.6721,2025-03-28
1743206400000,84429.1,84623.2,81626.1,82650.6,71098.3139,2025-03-29
1743292800000,82650.6,83545.3,81558.3,82403.4,59745.8524,2025-03-30
1743379200000,82403.5,83943.6,81260.9,82556.6,97178.3011,2025-03-31
1743465600000,82556.6,85587.7,82433.0,85162.6,100447.9198,2025-04-01
1743552000000,85162.6,88547.4,82325.4,82513.5,182606.9595,2025-04-02
1743638400000,82513.5,83933.5,81168.2,83223.5,111178.1089,2025-04-03
1743724800000,83224.5,84750.0,81668.8,83900.0,157138.006,2025-04-04
1743811200000,83900.0,84280.8,82376.1,83536.7,46011.3331,2025-04-05
1743897600000,83536.7,83800.0,77141.8,78419.9,131899.9401,2025-04-06
1743984000000,78420.0,81233.5,74505.2,79180.1,317123.0407,2025-04-07
1744070400000,79180.2,80866.7,76245.9,76332.0,156283.9313,2025-04-08
1744156800000,76331.9,83600.7,74612.2,82634.8,260142.1942,2025-04-09
1744243200000,82634.8,82758.8,78460.8,79606.0,154216.2717,2025-04-10
1744329600000,79606.0,84361.4,78960.0,83422.0,149312.4179,2025-04-11
1744416000000,83422.0,85917.7,82770.3,85272.7,78783.3383,2025-04-12
1744502400000,85272.8,86147.9,83019.0,83765.0,108715.3837,2025-04-13
1744588800000,83765.0,85819.7,83684.4,84579.9,108333.0403,2025-04-14
1744675200000,84580.0,86478.0,83588.1,83649.6,99180.4931,2025-04-15
1744761600000,83649.6,85588.0,83101.4,84034.1,101328.182,2025-04-16
1744848000000,84034.1,85488.0,83703.0,84949.9,76977.7332,2025-04-17
1744934400000,84949.9,85149.1,84270.2,84467.8,31839.3454,2025-04-18
1745020800000,84467.8,85700.0,84370.0,85091.6,44019.7347,2025-04-19
1745107200000,85091.6,85338.1,83935.4,85193.1,48524.8462,2025-04-20
1745193600000,85193.1,88474.3,85151.5,87505.0,133320.4727,2025-04-21
1745280000000,87505.1,94180.0,87050.0,93461.2,164140.3946,2025-04-22
1745366400000,93462.0,94800.0,91945.4,93683.6,120774.2623,2025-04-23
1745452800000,93683.6,93982.6,91640.1,93960.1,86364.2627,2025-04-24
1745539200000,93960.1,95737.2,92801.0,94601.9,104699.9514,2025-04-25
1745625600000,94601.9,95171.4,93825.0,94582.0,42619.6367,2025-04-26
1745712000000,94582.0,95276.3,93538.4,93708.0,47717.7617,2025-04-27
1745798400000,93708.0,95577.6,92732.5,94960.0,120922.4013,2025-04-28
1745884800000,94959.9,95442.2,93668.5,94196.0,85822.1647,2025-04-29
1745971200000,94196.0,95200.0,92864.0,94112.2,98463.3607,2025-04-30
1746057600000,94112.3,97398.0,94068.6,96443.3,108636.4057,2025-05-01
1746144000000,96443.2,97861.2,96307.6,96837.0,75723.0607,2025-05-02
1746230400000,96836.9,96880.0,95666.4,95800.0,45767.3161,2025-05-03
1746316800000,95800.0,96265.0,94102.3,94232.0,49087.3509,2025-05-04
1746403200000,94232.1,95150.0,93430.4,94694.1,78633.484,2025-05-05
1746489600000,94694.1,96866.0,93338.0,96782.0,78812.2225,2025-05-06
1746576000000,96782.0,97720.0,95737.8,96984.0,91472.9277,2025-05-07
1746662400000,96983.9,104318.9,96805.0,103234.1,153223.3174,2025-05-08
1746748800000,103234.0,104359.8,102241.7,102946.2,87479.1202,2025-05-09
1746835200000,102946.2,104962.6,102777.6,104787.8,54384.9746,2025-05-10
1746921600000,104787.3,104937.5,103294.2,104066.0,63735.2335,2025-05-11
1747008000000,104065.9,105834.5,100700.0,102740.0,120868.0747,2025-05-12
1747094400000,102740.1,104975.2,101368.5,104088.1,82248.4047,2025-05-13
1747180800000,104088.1,104329.2,102555.0,103450.2,64612.3332,2025-05-14
1747267200000,103450.3,104172.9,101324.0,103723.9,89406.0694,2025-05-15
1747353600000,103723.8,104541.6,103066.0,103411.5,61876.0917,2025-05-16
1747440000000,103411.5,103665.8,102559.8,103093.0,42698.2717,2025-05-17
1747526400000,103093.0,106654.0,103060.0,106435.0,85399.8087,2025-05-18
1747612800000,106435.0,107149.2,102025.0,105534.5,124888.0266,2025-05-19
1747699200000,105534.5,107286.3,104137.9,106788.5,107487.1485,2025-05-20
1747785600000,106788.4,110817.8,106038.5,109609.1,180790.136,2025-05-21
1747872000000,109609.2,111987.0,109143.5,111645.9,109644.4345,2025-05-22
1747958400000,111646.0,111746.1,106729.0,107272.3,130016.0705,2025-05-23
1748044800000,107272.3,109450.0,106844.7,107724.0,59985.8279,2025-05-24
1748131200000,107724.0,109285.9,106533.3,108962.2,78215.4171,2025-05-25
1748217600000,108962.1,110392.7,108639.4,109391.9,77340.7948,2025-05-26
1748304000000,109391.9,110722.0,107469.3,108895.5,114427.837,2025-05-27
1748390400000,108895.6,109250.0,106728.4,107720.7,80925.6456,2025-05-28
1748476800000,107720.7,108869.7,105258.0,105548.4,121292.3809,2025-05-29
1748563200000,105548.3,106277.2,103557.0,103959.0,108138.5886,2025-05-30
1748649600000,103959.0,104861.4,103022.1,104550.0,48224.6589,2025-05-31
1748736000000,104550.0,105823.1,103710.0,105586.0,46317.4713,2025-06-01
1748822400000,105586.1,105900.0,103615.0,105814.4,72963.3483,2025-06-02
1748908800000,105814.5,106755.3,104823.0,105339.5,71243.6511,2025-06-03
1748995200000,105339.5,105950.0,104113.6,104643.5,58119.2951,2025-06-04
1749081600000,104643.5,105864.8,100333.0,101457.8,123251.4914,2025-06-05
1749168000000,101457.8,105288.0,101048.8,104234.8,82803.5163,2025-06-06
1749254400000,104234.9,105875.2,103825.2,105502.9,40794.6028,2025-06-07
1749340800000,105502.9,106450.0,104919.3,105680.0,39139.5672,2025-06-08
1749427200000,105680.0,110649.5,105238.0,110220.0,98558.4516,2025-06-09
1749513600000,110220.0,110364.1,108274.1,110237.4,68975.2548,2025-06-10
1749600000000,110237.4,110360.0,107964.8,108596.4,62739.3359,2025-06-11
1749686400000,108596.4,108777.0,105600.1,105611.0,87589.491,2025-06-12
1749772800000,105611.1,106138.1,102652.4,106009.0,117138.576,2025-06-13
1749859200000,106009.1,106168.0,104255.0,105363.4,37192.5882,2025-06-14
1749945600000,105363.4,106082.0,104425.6,105540.0,36394.7738,2025-06-15
1750032000000,105540.1,108973.3,104927.2,106764.6,77249.3973,2025-06-16
1750118400000,106764.6,107721.0,103300.0,104516.5,103754.919,2025-06-17
1750204800000,104516.5,105498.9,103418.6,104834.2,83687.6691,2025-06-18
1750291200000,104834.2,105180.2,103883.0,104600.1,40356.6447,2025-06-19
1750377600000,104600.1,106480.1,102282.4,103250.1,94540.1301,2025-06-20
1750464000000,103250.1,103954.7,100805.0,102070.0,56833.62,2025-06-21
1750550400000,102069.9,103372.7,98133.0,100898.2,136878.1897,2025-06-22
1750636800000,100898.2,106043.9,99569.3,105288.1,136009.4403,2025-06-23
1750723200000,105288.0,106249.9,104575.0,106040.5,73934.6375,2025-06-24
1750809600000,106040.6,108090.2,105754.8,107278.0,81788.7164,2025-06-25
1750896000000,107278.1,108238.3,106485.3,106915.3,59749.3345,2025-06-26
1750982400000,106915.3,107700.8,106314.5,107002.4,58192.8589,2025-06-27
1751068800000,107002.6,107519.1,106737.3,107234.6,19393.9245,2025-06-28
1751155200000,107234.6,108487.8,107104.8,108308.8,38533.2922,2025-06-29
1751241600000,108308.8,108764.8,106676.7,107081.9,59349.3135,2025-06-30
1751328000000,107081.9,107489.1,105188.0,105645.6,59461.6387,2025-07-01
1751414400000,105645.6,109728.1,105050.1,108797.8,86114.2602,2025-07-02
1751500800000,108797.9,110500.0,108481.8,109548.8,73745.451,2025-07-03
1751587200000,109548.9,109738.2,107208.3,107941.9,61596.0729,2025-07-04
1751673600000,107942.0,108350.0,107692.1,108147.8,21143.6607,2025-07-05
1751760000000,108147.8,109677.9,107740.2,109142.0,39048.8844,2025-07-06
1751846400000,109142.1,109665.9,107450.0,108209.9,52571.2495,2025-07-07
1751932800000,108210.0,109179.7,107363.6,108878.4,50452.3732,2025-07-08
1752019200000,108878.3,112023.7,108280.0,111198.6,80186.6494,2025-07-09
1752105600000,111198.6,117766.8,110415.8,115993.0,101284.8618,2025-07-10
1752192000000,115993.0,118880.0,115210.3,117509.0,93607.5742,2025-07-11
1752278400000,117509.0,118182.3,116901.5,117398.7,35572.0352,2025-07-12
1752364800000,117398.8,119488.0,117182.5,119050.0,46006.9876,2025-07-13
1752451200000,119050.0,123293.3,118874.1,119840.1,108556.9299,2025-07-14
1752537600000,119840.0,119960.0,115750.0,117759.9,121942.6083,2025-07-15
1752624000000,117759.9,120127.6,117041.1,118660.9,79849.7935,2025-07-16
1752710400000,118660.9,121033.0,117462.0,119215.0,83206.4822,2025-07-17
1752796800000,119215.0,120888.0,116855.4,117987.6,78000.6621,2025-07-18
1752883200000,117987.6,118548.4,117300.0,117870.0,29495.9511,2025-07-19
1752969600000,117870.0,118940.0,116490.0,117305.7,40298.7789,2025-07-20
1753056000000,117304.9,119777.0,116538.0,117411.9,68021.708,2025-07-21
1753142400000,117412.0,120400.0,116138.5,120044.0,85094.4047,2025-07-22
1753228800000,120044.0,120200.0,117328.9,118788.8,64935.09,2025-07-23
1753315200000,118788.7,119568.0,117104.3,118365.3,66574.4462,2025-07-24
1753401600000,118365.9,118482.7,114700.1,117629.2,123915.6995,2025-07-25
1753488000000,117629.3,118317.1,117168.0,117908.0,28369.4889,2025-07-26
1753574400000,117908.0,119838.0,117811.2,119472.0,37131.9786,2025-07-27
1753660800000,119472.0,119868.0,117444.0,118099.1,50080.5914,2025-07-28
1753747200000,118099.1,119328.4,116945.3,117940.8,54102.0984,2025-07-29
1753833600000,117940.9,118800.0,115722.2,117794.8,58859.1125,2025-07-30
1753920000000,117794.8,118929.1,115423.9,115706.6,63924.5775,2025-07-31
1754006400000,115706.5,116007.0,112676.6,113250.0,108771.7094,2025-08-01
1754092800000,113250.0,114009.4,111950.0,112502.1,50380.5793,2025-08-02
1754179200000,112502.0,114728.5,111850.0,114152.5,35137.7348,2025-08-03
1754265600000,114152.6,115688.0,114055.1,115001.0,44313.6284,2025-08-04
1754352000000,115001.0,115083.4,112600.0,114075.8,57456.3774,2025-08-05
1754438400000,114075.7,115656.0,113306.1,114944.0,44464.484,2025-08-06
1754524800000,114944.1,117585.1,114233.1,117428.8,53601.9956,2025-08-07
1754611200000,117428.8,117624.5,115839.1,116620.8,42586.2265,2025-08-08
1754697600000,116620.8,117914.0,116311.0,116450.1,36254.3791,2025-08-09
1754784000000,116450.1,119330.8,116438.3,119306.0,59640.6439,2025-08-10
1754870400000,119306.0,122348.0,118000.1,118659.8,89245.5964,2025-08-11
1754956800000,118659.7,120299.8,118176.3,120108.0,60828.3081,2025-08-12
1755043200000,120108.1,123754.4,118907.9,123361.7,85170.573,2025-08-13
1755129600000,123361.7,124590.0,117130.6,118260.1,111096.8636,2025-08-14
1755216000000,118260.0,119219.9,116750.0,117285.1,57399.2521,2025-08-15
1755302400000,117285.1,117848.9,117103.6,117325.6,24735.9898,2025-08-16
1755388800000,117325.7,118538.7,117123.0,117346.9,27276.1958,2025-08-17
1755475200000,117346.8,117488.0,114603.2,116185.7,67114.3037,2025-08-18
1755561600000,116185.6,116685.9,112656.3,112826.1,65665.3294,2025-08-19
1755648000000,112826.0,114578.3,112307.0,114230.0,59266.0328,2025-08-20
1755734400000,114230.0,114792.7,111955.0,112476.7,48772.607,2025-08-21
1755820800000,112476.7,117388.0,111623.2,116915.9,89256.2401,2025-08-22
1755907200000,116916.0,117013.5,114459.5,115386.0,40200.9598,2025-08-23
1755993600000,115386.1,115648.0,110346.3,113443.2,60797.8918,2025-08-24
1756080000000,113443.3,113611.2,109232.8,110074.0,82496.8101,2025-08-25
1756166400000,110074.0,112311.3,108636.8,111711.3,61250.2734,2025-08-26
1756252800000,111711.3,112580.6,110318.9,111203.2,50342.1541,2025-08-27
1756339200000,111203.3,113442.6,110820.0,112520.0,45858.5267,2025-08-28
1756425600000,112520.1,112617.6,107405.7,108335.7,73553.2412,2025-08-29
1756512000000,108335.8,108885.0,107276.5,108758.1,28130.8988,2025-08-30
1756598400000,108758.1,109436.2,108000.8,108199.7,31904.4206,2025-08-31
1756684800000,108199.7,109917.7,107210.7,109182.5,69990.3846,2025-09-01
1756771200000,109182.6,111747.7,108319.0,111185.5,81583.838,2025-09-02
1756857600000,111185.6,112554.1,110480.0,111655.0,49790.9538,2025-09-03
1756944000000,111654.9,112134.1,109280.0,110674.0,57051.2884,2025-09-04
1757030400000,110674.0,113350.0,110155.0,110627.4,91037.5546,2025-09-05
1757116800000,110627.4,111258.0,109920.0,110139.3,23741.0726,2025-09-06
1757203200000,110139.4,111563.0,110126.0,111079.0,27909.5877,2025-09-07
1757289600000,111078.7,112888.0,110555.5,112023.1,48395.4777,2025-09-08
1757376000000,112023.2,113243.7,110724.1,111500.0,65003.6933,2025-09-09
1757462400000,111500.0,114285.0,110888.0,113899.9,71673.4813,2025-09-10
1757548800000,113900.0,115449.4,113333.3,115437.9,63210.2227,2025-09-11
1757635200000,115437.9,116625.9,114700.0,115971.5,58426.804,2025-09-12
1757721600000,115971.5,116229.0,115077.0,115888.5,25122.5741,2025-09-13
1757808000000,115888.5,116130.3,115094.0,115226.4,26037.6469,2025-09-14
1757894400000,115226.4,116760.8,114305.4,115314.7,61644.5542,2025-09-15
1757980800000,115314.8,116926.0,114679.5,116747.5,50970.4947,2025-09-16
1758067200000,116747.6,117235.0,114668.2,116404.0,74548.1337,2025-09-17
1758153600000,116403.9,117877.1,116044.0,117020.1,50290.784,2025-09-18
1758240000000,117020.1,117416.5,115014.8,115571.1,42330.7459,2025-09-19
1758326400000,115571.1,116065.4,115365.0,115623.2,16393.4224,2025-09-20
1758412800000,115623.3,115779.3,115102.0,115172.1,15360.2019,2025-09-21
1758499200000,115172.1,115332.0,111337.9,112609.9,79156.6602,2025-09-22
1758585600000,112610.0,113240.0,111380.1,111941.6,46543.2631,2025-09-23
1758672000000,111941.6,113887.0,110895.6,113253.6,50703.6518,2025-09-24
1758758400000,113253.6,113481.6,108566.1,108939.6,83845.4934,2025-09-25
1758844800000,108939.6,110233.0,108567.8,109584.0,57150.4503,2025-09-26
1758931200000,109584.0,109692.0,109013.5,109581.8,19949.5761,2025-09-27
1759017600000,109581.8,112313.7,109150.0,112121.1,34160.3488,2025-09-28
1759104000000,112121.0,114360.0,111500.4,114246.0,58836.881,2025-09-29
1759190400000,114246.0,114786.2,112607.4,113998.7,58651.2007,2025-09-30
1759276800000,113998.7,118666.0,113911.2,118560.5,83159.1485,2025-10-01
1759363200000,118560.4,120996.0,118248.0,120477.9,72164.5095,2025-10-02
1759449600000,120477.9,123863.7,119214.0,122189.0,84980.3078,2025-10-03
1759536000000,122189.0,122759.0,121476.6,122352.5,31971.2248,2025-10-04
1759622400000,122352.6,125800.0,122091.7,123434.4,77192.0255,2025-10-05
1759708800000,123434.4,126173.6,123038.0,124622.6,69963.5748,2025-10-06
1759795200000,124622.6,125097.6,120561.6,121281.8,88131.9086,2025-10-07
1759881600000,121281.9,124179.2,121021.8,123235.7,69363.6837,2025-10-08
1759968000000,123235.8,123747.1,119578.0,121604.6,93716.8302,2025-10-09
1760054400000,121604.6,122465.5,101482.7,112776.1,203041.317,2025-10-10
1760140800000,112776.1,113318.5,109521.4,110614.0,79097.9421,2025-10-11
1760227200000,110613.9,115744.3,109550.0,114911.4,86909.0983,2025-10-12
1760313600000,114911.4,115920.3,113560.1,115115.1,66959.8115,2025-10-13
1760400000000,115115.2,115369.2,109802.0,112982.0,108158.3175,2025-10-14
1760486400000,112982.0,113575.5,110098.8,110714.3,75393.7759,2025-10-15
1760572800000,110714.2,111950.0,107333.3,108140.1,98084.6557,2025-10-16
1760659200000,108140.1,109184.1,103450.0,106375.9,116265.2491,2025-10-17
1760745600000,106375.9,107460.0,106261.9,107118.7,30808.2888,2025-10-18
1760832000000,107118.7,109398.4,106077.0,108588.5,54920.1598,2025-10-19
1760918400000,108588.5,111694.0,107383.0,110487.8,78008.7988,2025-10-20
1761004800000,110487.8,113988.0,107408.3,108243.0,132294.6766,2025-10-21
1761091200000,108243.1,109144.0,106600.0,107530.5,94847.178,2025-10-22
1761177600000,107530.5,111235.3,107456.0,110009.7,66917.4301,2025-10-23
1761264000000,110009.8,112178.3,109641.7,110961.5,60481.4699,2025-10-24
1761350400000,110961.5,111906.7,110603.3,111583.7,25727.1804,2025-10-25
1761436800000,111583.6,115759.3,111200.0,114508.4,53930.8961,2025-10-26
1761523200000,114508.4,116400.3,113803.1,114060.3,60029.6703,2025-10-27
1761609600000,114060.3,116055.5,112138.0,112848.6,69802.6648,2025-10-28
1761696000000,112848.6,113599.9,109100.0,109973.0,103181.1679,2025-10-29
1761782400000,109973.0,111555.0,106212.9,108261.0,111539.6859,2025-10-30
1761868800000,108261.0,111111.1,108216.0,109547.3,74416.0425,2025-10-31
1761955200000,109547.3,110499.0,109329.2,110050.2,20434.533,2025-11-01
1762041600000,110050.2,111199.7,109400.0,110498.9,32410.8607,2025-11-02
1762128000000,110498.9,110737.3,105250.0,106533.6,83230.8457,2025-11-03
1762214400000,106533.6,107250.1,98888.1,101436.4,131691.8333,2025-11-04
1762300800000,101436.4,104500.0,98920.9,103830.4,80753.2279,2025-11-05
1762387200000,103830.4,104168.3,100250.0,101306.0,78654.4462,2025-11-06
1762473600000,101306.1,104044.0,99200.0,103286.2,83020.4283,2025-11-07
1762560000000,103286.3,103367.0,101415.0,102268.9,36035.2649,2025-11-08
1762646400000,102269.0,105444.0,101320.0,104659.2,51404.6112,2025-11-09
1762732800000,104659.2,106626.3,104218.2,105960.0,61264.1714,2025-11-10
1762819200000,105960.0,107499.8,102444.0,103017.9,71746.3257,2025-11-11
1762905600000,103018.0,105293.2,100688.7,101607.9,76545.3071,2025-11-12
1762992000000,101608.0,104000.0,97930.0,99639.2,117161.6184,2025-11-13
1763078400000,99639.2,99825.4,93929.7,94533.0,138137.7213,2025-11-14
1763164800000,94533.0,96769.1,94507.5,95557.1,46027.5718,2025-11-15
1763251200000,95557.1,96587.3,92918.3,94224.4,72038.8675,2025-11-16
1763337600000,94224.4,96000.0,91255.1,92170.1,108501.6696,2025-11-17
1763424000000,92170.1,93784.8,89250.5,92922.5,120604.7049,2025-11-18
1763510400000,92922.4,92942.9,88556.1,91520.6,114973.7709,2025-11-19
1763596800000,91520.6,93130.0,86054.0,86595.1,147087.468,2025-11-20
1763683200000,86595.1,87466.0,80602.4,85086.5,224188.573,2025-11-21
1763769600000,85086.6,85590.4,83465.9,84700.0,49781.5472,2025-11-22
1763856000000,84700.0,88099.9,84635.4,86803.9,68886.2112,2025-11-23
1763942400000,86803.9,89183.2,85217.9,88241.8,107412.5466,2025-11-24
1764028800000,88241.9,88467.2,86057.4,87312.0,84078.7803,2025-11-25
1764115200000,87311.9,90664.4,86266.0,90425.8,84032.2926,2025-11-26
1764201600000,90425.8,91908.5,90020.1,91287.2,65158.9622,2025-11-27
1764288000000,91287.2,93133.9,90173.6,90850.0,91187.1998,2025-11-28
1764374400000,90850.1,91130.5,90113.7,90762.8,34401.8462,2025-11-29
1764460800000,90762.8,91935.8,90300.0,90316.5,42078.4866,2025-11-30
1764547200000,90316.6,90385.5,83777.0,86245.0,151446.0925,2025-12-01
1764633600000,86245.0,92282.8,86137.0,91246.6,115328.4514,2025-12-02
1764720000000,91246.5,94151.9,90963.8,93377.4,107246.4513,2025-12-03
1764806400000,93377.4,94047.9,90815.3,92036.3,79565.8055,2025-12-04
1764892800000,92036.3,92652.5,87936.1,89284.0,90059.4632,2025-12-05
1764979200000,89283.9,90279.7,88860.0,89186.8,33461.8935,2025-12-06
1765065600000,89186.9,91728.5,87670.0,90335.6,70507.4855,2025-12-07
1765152000000,90335.6,92255.0,89560.1,90604.7,73613.295,2025-12-08
1765238400000,90604.8,94569.9,89447.4,92627.9,89030.6309,2025-12-09
1765324800000,92627.9,94444.0,91507.2,91979.7,84543.8441,2025-12-10
1765411200000,91979.8,93540.8,89210.7,92479.9,90444.0129,2025-12-11
1765497600000,92480.0,92719.9,89409.9,90219.7,76006.9069,2025-12-12
1765584000000,90219.7,90600.0,89715.5,90204.1,23015.2052,2025-12-13
1765670400000,90204.1,90450.0,87523.3,88114.6,46790.9196,2025-12-14
1765756800000,88114.5,89979.1,85088.3,86390.9,90716.0652,2025-12-15
1765843200000,86391.0,88146.6,85223.2,87825.7,73904.0371,2025-12-16
1765929600000,87825.8,90350.0,85282.1,86201.5,105209.7809,2025-12-17
1766016000000,86201.6,89468.8,84401.9,85458.2,114220.671,2025-12-18
1766102400000,85458.3,89539.0,85047.9,88104.0,93680.2184,2025-12-19
1766188800000,88104.0,88538.0,87746.6,88322.0,18376.9964,2025-12-20
1766275200000,88322.0,89058.6,87553.0,88624.1,36826.3877,2025-12-21
1766361600000,88624.1,90574.0,87824.6,88576.2,81206.1925,2025-12-22
1766448000000,88576.2,88910.9,86532.7,87442.2,68807.8024,2025-12-23
1766534400000,87442.2,88034.4,86350.0,87630.1,44597.8493,2025-12-24
1766620800000,87630.1,88576.3,86901.1,87180.4,35717.3798,2025-12-25
1766707200000,87180.4,89533.0,86601.1,87328.0,69682.2499,2025-12-26
1766793600000,87327.9,87954.9,87210.0,87833.6,15513.7256,2025-12-27
1766880000000,87833.5,88072.0,87374.0,87913.0,22811.0241,2025-12-28
1766966400000,87913.0,90368.0,86750.0,87195.3,90955.0334,2025-12-29
1767052800000,87195.3,89355.0,86766.3,88450.1,64320.4081,2025-12-30
1767139200000,88450.1,89187.9,87162.3,87593.1,51831.5074,2025-12-31
1767225600000,87593.0,88880.0,87501.4,88805.0,26688.2916,2026-01-01
1767312000000,88805.0,90935.3,88329.1,89950.4,86309.858,2026-01-02
1767398400000,89950.4,90707.3,89266.0,90587.9,32291.8594,2026-01-03
1767484800000,90588.0,91806.0,90587.9,91488.7,39025.8738,2026-01-04
1767571200000,91488.7,94778.8,91475.1,93817.8,92095.2352,2026-01-05
1767657600000,93817.9,94421.9,91221.9,93712.9,87470.4651,2026-01-06
1767744000000,93713.0,93713.0,90614.7,91330.4,70511.4391,2026-01-07
1767830400000,91330.5,91650.0,89268.0,91055.7,76759.7079,2026-01-08
1767916800000,91055.6,91983.0,89650.4,90604.6,71364.1092,2026-01-09
1768003200000,90604.7,90791.3,90342.1,90471.7,14086.527,2026-01-10
1768089600000,90471.7,91258.9,90155.1,90962.0,23898.8539,2026-01-11
1768176000000,90961.9,92495.0,90064.4,91250.2,88322.3312,2026-01-12
1768262400000,91250.3,96777.0,91008.1,95394.2,101522.6199,2026-01-13
1768348800000,95394.2,97900.0,94505.0,96914.6,90520.1111,2026-01-14
1768435200000,96914.5,97162.1,95089.0,95570.0,70987.2662,2026-01-15
1768521600000,95570.0,95814.0,94262.0,95500.8,47162.9526,2026-01-16
1768608000000,95500.7,95611.5,94973.0,95114.0,19773.5213,2026-01-17
1768694400000,95114.0,95495.0,93555.0,93625.2,27969.9453,2026-01-18
1768780800000,93625.1,93625.2,91816.7,92588.1,56136.6346,2026-01-19
1768867200000,92588.0,92837.0,87716.1,88387.3,100838.5278,2026-01-20
1768953600000,88387.3,90541.7,87200.1,89401.0,107915.8911,2026-01-21
1769040000000,89401.0,90312.2,88453.1,89519.1,54095.4533,2026-01-22
1769126400000,89519.1,91180.0,88502.4,89556.0,61681.1514,2026-01-23
1769212800000,89556.0,89892.2,89112.1,89180.0,18112.5992,2026-01-24
1769299200000,89180.1,89285.2,86033.5,86628.9,62598.8638,2026-01-25
1769385600000,86628.8,88863.7,86458.7,88302.3,64277.71,2026-01-26
1769472000000,88302.2,89492.3,87257.1,89209.1,60659.1405,2026-01-27
1769558400000,89209.1,90599.3,88779.9,89264.3,62152.2258,2026-01-28
1769644800000,89264.4,89326.8,83302.4,84603.8,111515.8769,2026-01-29
1769731200000,84603.8,84690.2,80918.1,84212.7,125235.8099,2026-01-30
1769817600000,84212.7,84231.1,75658.0,78699.6,148285.195,2026-01-31
1769904000000,78699.6,79376.0,75671.5,76946.4,89586.4998,2026-02-01
1769990400000,76946.3,79321.8,74569.6,78698.6,132569.6533,2026-02-02
1770076800000,78698.6,79171.2,72912.6,75744.5,149812.9006,2026-02-03
1770163200000,75744.5,76935.4,71818.8,73130.5,139754.9901,2026-02-04
1770249600000,73130.6,73303.3,62225.5,62873.6,335210.987,2026-02-05
1770336000000,62873.6,71700.0,59909.0,70528.9,276563.8619,2026-02-06
1770422400000,70529.0,71689.3,67320.1,69260.0,127652.7165,2026-02-07
1770508800000,69260.1,72276.0,68850.5,70300.1,81112.2524,2026-02-08
1770595200000,70300.1,71411.0,68249.2,70115.4,107428.6483,2026-02-09
1770681600000,70115.5,70508.4,67866.7,68804.2,88796.3127,2026-02-10
1770768000000,68804.3,69265.7,65721.5,67051.5,133032.1869,2026-02-11
1770854400000,67052.7,68390.0,65080.0,66243.0,102308.8615,2026-02-12
1770940800000,66242.9,69450.0,65836.0,68814.9,96624.6748,2026-02-13
1771027200000,68814.9,70563.8,68690.1,69790.3,55710.3483,2026-02-14
1771113600000,69791.1,70929.0,68036.4,68796.6,79162.1314,2026-02-15
1771200000000,68796.6,70088.9,67237.4,68864.0,75955.3099,2026-02-16
1771286400000,68864.1,69236.2,66566.0,67480.6,82194.8699,2026-02-17
1771372800000,67480.7,68437.0,65826.6,66428.1,79527.5138,2026-02-18
1771459200000,66428.1,67290.1,65600.0,66969.9,71883.4597,2026-02-19
1771545600000,66969.9,68288.0,66428.1,67986.4,102611.7325,2026-02-20
1771632000000,67986.4,68685.8,67500.0,67943.5,42441.1865,2026-02-21
1771718400000,67943.5,68222.0,67112.2,67619.7,44267.7538,2026-02-22
1771804800000,67619.6,67664.2,63850.0,64624.7,153014.0804,2026-02-23
1771891200000,64624.8,64976.8,62400.0,64028.2,117025.6468,2026-02-24
1771977600000,64028.2,70090.9,63876.0,67966.5,166087.5319,2026-02-25
1772064000000,67966.6,68829.5,66446.4,67448.4,98154.3637,2026-02-26
1772150400000,67448.5,68200.0,64888.0,65842.1,103359.5424,2026-02-27
1772236800000,65842.1,67726.7,62975.6,66938.2,126700.0466,2026-02-28
1772323200000,66938.2,68181.3,65005.2,65739.9,106396.6562,2026-03-01
1772409600000,65739.9,70077.4,65209.5,68799.5,144930.6025,2026-03-02
1772496000000,68799.4,69242.1,66073.8,68294.3,135758.5077,2026-03-03
1772582400000,68294.4,74030.0,67358.1,72644.4,187850.6804,2026-03-04
1772668800000,72644.3,73526.0,70611.1,70851.8,113525.7064,2026-03-05
1772755200000,70851.8,71397.5,67707.2,68076.9,112281.8924,2026-03-06
1772841600000,68076.8,68524.8,66880.4,67227.7,44829.7116,2026-03-07
1772928000000,67227.7,68167.6,65566.9,65942.4,76883.6125,2026-03-08
1773014400000,65942.4,69547.6,65781.7,68387.6,115627.2637,2026-03-09
1773100800000,68387.6,71755.2,68350.9,69912.9,138658.138,2026-03-10
1773187200000,69912.9,71297.7,68944.4,70151.5,112975.2381,2026-03-11
1773273600000,70151.5,70779.2,69156.0,70479.6,101317.4458,2026-03-12
1773360000000,70479.5,73866.7,70345.2,70897.0,151552.7121,2026-03-13
1773446400000,70897.0,71275.2,70250.2,71172.8,40881.386,2026-03-14
1773532800000,71172.8,73179.6,70810.5,72774.1,61161.2951,2026-03-15
1773619200000,72774.1,74880.0,72213.7,74842.3,119221.0053,2026-03-16
1773705600000,74842.2,75983.8,73249.4,73870.6,103964.2499,2026-03-17
1773792000000,73870.6,74644.4,70452.8,71211.6,109940.8439,2026-03-18
1773878400000,71211.6,71582.9,68755.0,69884.8,109881.1808,2026-03-19
1773964800000,69884.8,71343.7,69354.6,70476.2,98949.8534,2026-03-20
1774051200000,70476.2,71087.7,68518.8,68889.3,43114.4366,2026-03-21
1774137600000,68889.3,69576.8,67307.6,67830.9,80567.5298,2026-03-22
1774224000000,67830.9,71777.0,67417.0,70862.0,158792.371,2026-03-23
1774310400000,70862.0,71375.0,68868.1,70523.8,110053.2947,2026-03-24
1774396800000,70523.9,71989.0,70362.3,71307.0,96830.2539,2026-03-25
1774483200000,71307.0,71416.7,68115.8,68799.5,95698.9699,2026-03-26
1774569600000,68799.5,69164.0,65511.6,66363.1,113185.2003,2026-03-27
1774656000000,66363.0,67294.4,65901.0,66340.0,47909.2919,2026-03-28
1774742400000,66340.1,67114.2,64930.8,65980.4,57293.2204,2026-03-29
1774828800000,65980.5,68198.9,65762.0,66765.2,111384.0452,2026-03-30
1774915200000,66765.1,68575.1,65946.0,68241.2,128506.8367,2026-03-31
1775001600000,68241.1,69315.8,67550.1,68079.1,91774.4549,2026-04-01
1775088000000,68079.0,68626.6,65653.0,66864.5,105442.3186,2026-04-02
1775174400000,66864.6,67350.0,66250.0,66929.0,45415.8844,2026-04-03
1775260800000,66928.9,67550.0,66734.5,67267.4,30042.1752,2026-04-04
1775347200000,67267.3,69118.0,66572.3,69008.0,59614.5208,2026-04-05
1775433600000,69008.0,70322.8,68269.0,68812.9,102655.044,2026-04-06
1775520000000,68812.9,72773.9,67680.2,71904.6,132796.7187,2026-04-07
1775606400000,71904.7,72876.5,70670.0,71041.7,98335.8957,2026-04-08
1775692800000,71041.8,73146.1,70422.0,71759.0,101569.083,2026-04-09
1775779200000,71759.1,73452.3,71388.9,72925.8,85214.4399,2026-04-10
1775865600000,72925.7,73799.1,72480.4,73014.7,42011.2261,2026-04-11
1775952000000,73014.7,73107.1,70456.0,70707.9,67150.8375,2026-04-12
1776038400000,70707.9,74876.5,70542.1,74385.5,109139.6482,2026-04-13
1776124800000,74385.4,76000.0,73743.9,74100.1,96493.242,2026-04-14
1776211200000,74100.0,75391.9,73443.0,74773.4,77617.713,2026-04-15
1776297600000,74773.4,75522.3,73220.2,75106.7,83245.1468,2026-04-16
1776384000000,75106.7,78323.0,74495.2,77033.1,132892.0838,2026-04-17
1776470400000,77033.0,77392.4,75370.0,75649.6,55532.229,2026-04-18
1776556800000,75649.5,76219.3,73716.3,73767.8,72423.7626,2026-04-19
1776643200000,73768.4,76548.5,73666.0,75803.4,94987.7912,2026-04-20
1776729600000,75803.4,76924.5,74766.1,76302.1,92714.0543,2026-04-21
1776816000000,76302.2,79443.4,76111.0,78147.0,109355.219,2026-04-22
1776902400000,78147.1,78620.0,76911.1,78209.7,98436.5143,2026-04-23
1776988800000,78209.8,78546.9,77202.2,77386.8,78391.5159,2026-04-24
1777075200000,77386.7,77839.6,77034.5,77587.9,29712.9032,2026-04-25
1777161600000,77588.0,78958.9,77289.8,78621.5,63642.3143,2026-04-26
1777248000000,78621.6,79489.9,76400.0,77327.6,99910.8015,2026-04-27
1777334400000,77327.6,77444.0,75624.7,76301.9,62315.4949,2026-04-28
1777420800000,76301.9,77882.3,74893.3,75755.0,102569.5119,2026-04-29
1777507200000,75755.0,76621.0,75276.9,76312.8,67297.729,2026-04-30
1777593600000,76312.9,78888.0,76275.4,78195.4,87046.2753,2026-05-01
1777680000000,78195.4,79172.9,78006.3,78656.0,27120.7736,2026-05-02
1777766400000,78655.9,79428.4,78011.7,78531.0,40733.5967,2026-05-03
1777852800000,78531.1,80746.5,78146.8,79821.4,139656.4088,2026-05-04
1777939200000,79821.3,81792.4,79756.8,80875.3,86177.7725,2026-05-05
1778025600000,80875.3,82800.0,80653.9,81395.7,94676.8975,2026-05-06
1778112000000,81395.7,81683.9,79421.0,79979.2,84284.4658,2026-05-07
1778198400000,79979.2,80520.0,79118.7,80152.4,68587.7629,2026-05-08
1778284800000,80152.5,81047.8,80089.7,80631.6,34400.9482,2026-05-09
1778371200000,80631.6,82464.1,80228.0,82182.8,55615.8512,2026-05-10
1778457600000,82182.9,82364.3,80404.5,81696.6,74245.0772,2026-05-11
1778544000000,81696.6,81751.1,79779.0,80460.2,77452.907,2026-05-12
1778630400000,80460.2,81320.1,78721.5,79288.2,87517.8953,2026-05-13
1778716800000,79288.2,82001.0,78863.0,81060.0,105612.2524,2026-05-14
1778803200000,81059.9,81630.5,78588.2,79082.4,98383.7304,2026-05-15
1778889600000,79082.4,79197.4,77600.0,78106.9,49474.0818,2026-05-16
1778976000000,78106.9,78571.4,76633.3,77415.0,52315.949,2026-05-17
1779062400000,77415.0,77772.6,76018.0,76962.2,102247.819,2026-05-18
1779148800000,76962.2,77379.9,76116.0,76800.0,63915.2202,2026-05-19
1779235200000,76799.9,77830.7,76469.0,77512.3,70698.5334,2026-05-20
1779321600000,77512.4,78161.5,76688.2,77583.0,80164.1084,2026-05-21
1779408000000,77583.1,77866.6,75300.0,75508.7,71792.2856,2026-05-22
1779494400000,75508.7,77378.8,74200.0,76709.2,93775.1989,2026-05-23
1779580800000,76709.2,77528.5,76050.2,77029.9,54668.3689,2026-05-24
1779667200000,77030.0,77876.5,76845.7,77283.3,51378.0624,2026-05-25
1779753600000,77283.4,78066.7,75626.0,75898.2,100349.4683,2026-05-26
1779840000000,75898.2,76157.1,74210.0,74414.1,82162.7732,2026-05-27
1779926400000,74414.0,74559.9,72554.0,73586.0,106747.0068,2026-05-28
1780012800000,73586.1,74299.0,72436.9,73431.4,91158.8137,2026-05-29
1780099200000,73431.4,74119.8,73155.1,73850.0,29198.1182,2026-05-30
1780185600000,73850.1,74244.7,73353.0,73649.1,34463.6105,2026-05-31
1780272000000,73649.2,74061.0,70668.0,71389.7,122714.3537,2026-06-01
1780358400000,71389.7,71391.8,66155.1,66722.6,204836.9177,2026-06-02
1780444800000,66722.7,67477.5,64056.0,64117.3,162492.3562,2026-06-03
1780531200000,64117.2,64737.3,61339.5,63847.8,259475.1917,2026-06-04
1780617600000,63847.7,63958.1,59078.4,61025.2,282402.2876,2026-06-05
1780704000000,61025.1,61493.0,59447.5,60849.2,98352.442,2026-06-06
1780790400000,60849.3,64407.5,60707.6,63308.0,144656.0567,2026-06-07
1780876800000,63308.0,64202.4,62376.1,63061.9,116235.8024,2026-06-08
1780963200000,63061.8,63493.5,60728.4,61698.2,125103.4923,2026-06-09
1781049600000,61698.2,62840.4,60638.3,61475.3,113959.8855,2026-06-10
1781136000000,61475.3,63900.0,61475.3,63596.9,100748.9846,2026-06-11
1781222400000,63597.0,64378.8,62814.4,63541.9,84032.7296,2026-06-12
1781308800000,63541.9,64745.0,63390.0,64417.1,42883.2173,2026-06-13
1781395200000,64417.2,65764.4,63644.8,65697.7,62946.4957,2026-06-14
1781481600000,65697.8,67283.9,65310.6,66292.8,102575.5133,2026-06-15
1781568000000,66292.7,66976.4,65324.3,65648.7,82355.2416,2026-06-16
1781654400000,65648.7,66426.6,63880.0,64471.4,118965.5931,2026-06-17
1781740800000,64471.3,64775.4,62222.2,62920.8,103360.6464,2026-06-18
1781827200000,62920.8,63645.7,62281.6,63510.5,63737.1527,2026-06-19
1781913600000,63510.4,64355.5,63150.0,64261.7,54898.911,2026-06-20
1782000000000,64261.6,64560.0,63228.0,63278.9,49913.9299,2026-06-21
1782086400000,63278.9,65616.4,63278.8,63994.0,102140.8904,2026-06-22
1782172800000,63993.9,64250.0,61883.8,62701.4,101412.4822,2026-06-23
1782259200000,62701.5,63221.0,59050.3,61050.0,184268.0389,2026-06-24
1782345600000,61050.1,61929.5,58031.5,59767.2,182208.5595,2026-06-25
1782432000000,59767.3,60759.9,58300.0,60072.1,165585.6038,2026-06-26
1782518400000,60072.1,60925.7,59821.4,59996.6,51626.261,2026-06-27
1782604800000,59996.7,60520.0,58852.5,59548.9,59758.5269,2026-06-28
1782691200000,59548.9,60770.0,58858.6,60231.4,129085.0866,2026-06-29
1782777600000,60231.3,60254.0,58158.1,58604.0,112695.3648,2026-06-30
1782864000000,58604.1,61342.8,57750.0,60003.2,149511.1821,2026-07-01
1782950400000,60003.1,62186.6,59560.0,61537.1,131449.2661,2026-07-02
1783036800000,61537.0,62933.6,61215.0,62552.9,71026.4881,2026-07-03
1783123200000,62553.0,63450.0,62300.0,63119.3,50025.519,2026-07-04
1783209600000,63119.3,63981.7,62410.3,63613.5,52342.9329,2026-07-05
1783296000000,63613.4,64729.0,61283.6,64025.5,129848.8155,2026-07-06
1783382400000,64025.5,64294.1,62638.6,63338.7,94814.847,2026-07-07
1783468800000,63338.9,63744.7,61514.7,62253.7,92970.1617,2026-07-08
1783555200000,62253.6,63475.5,61658.6,63196.8,95018.2684,2026-07-09
1783641600000,63196.9,64675.0,62867.6,64137.8,79641.8829,2026-07-10
1783728000000,64137.7,64484.8,63780.1,63780.1,30526.1934,2026-07-11
1783814400000,63780.2,64287.7,63605.5,63750.1,37158.1944,2026-07-12
1783900800000,63750.0,64398.0,61800.5,62313.1,116086.8878,2026-07-13
1783987200000,62313.2,65100.0,62240.0,65010.0,116999.4638,2026-07-14
1784073600000,65010.0,65588.0,64446.6,64725.0,87186.8947,2026-07-15
1784160000000,64725.0,64974.7,63716.2,63795.9,76488.5508,2026-07-16
1784246400000,63796.0,64358.8,62510.0,63908.2,102678.3549,2026-07-17
1784332800000,63908.2,64849.1,63855.7,64802.4,31715.9309,2026-07-18
1784419200000,64802.5,64942.0,64237.1,64700.0,39333.0154,2026-07-19
1784505600000,64700.1,65770.4,63722.6,65224.1,114529.1341,2026-07-20
1784592000000,65224.0,66928.0,65119.0,66519.8,82505.9974,2026-07-21
1784678400000,66519.8,66710.0,65505.4,66080.8,76509.7132,2026-07-22
1784764800000,66080.9,66288.0,64606.0,65066.0,75673.722,2026-07-23
1784851200000,65066.0,65780.6,63700.0,64119.7,92340.6719,2026-07-24
1784937600000,64119.6,64428.5,63769.1,64344.3,28475.1302,2026-07-25
1785024000000,64344.3,65576.7,64255.3,65379.3,43578.0907,2026-07-26
1785110400000,65379.3,65740.0,63566.0,63727.4,93687.6339,2026-07-27
1785196800000,63727.4,64077.9,62700.1,63900.2,82315.5334,2026-07-28
1785283200000,63900.1,64743.8,63226.5,63955.1,104836.6775,2026-07-29
1785369600000,63955.0,65158.0,63580.0,64757.6,64541.8811,2026-07-30
1785456000000,64757.6,65390.8,62410.5,62858.0,101282.7651,2026-07-31
1785542400000,62858.0,63125.4,62227.0,62788.9,29524.1555,2026-08-01
1785628800000,62788.9,63779.8,62783.4,63545.7,47375.9268,2026-08-02
1785715200000,63545.7,64050.0,62268.0,63503.5,88561.5651,2026-08-03
1785801600000,63503.5,64534.5,63296.0,64078.0,71694.9065,2026-08-04
1785888000000,64078.1,65026.0,63840.0,64626.8,77630.3669,2026-08-05
1785974400000,64626.8,64980.0,64144.0,64297.6,52343.3131,2026-08-06
1786060800000,64297.5,65357.8,64111.1,64886.0,67032.0049,2026-08-07
1786147200000,64885.9,65172.5,64791.3,64928.4,14453.7791,2026-08-08
1786233600000,64928.4,65500.0,64680.0,64870.1,27588.4371,2026-08-09
1786320000000,64870.1,65368.9,63775.9,63947.7,67800.8549,2026-08-10
1786406400000,63947.6,64474.0,63162.7,63566.1,59842.9644,2026-08-11
1786492800000,63566.0,64466.0,63280.0,63461.5,64358.7061,2026-08-12
1786579200000,63461.5,63997.8,62818.0,63456.8,68915.8811,2026-08-13
1786665600000,63456.8,63600.1,62508.3,63019.5,63343.2958,2026-08-14
1786752000000,63019.6,63164.5,62872.5,63057.5,14037.4342,2026-08-15
1786838400000,63057.4,63363.5,62685.0,62878.8,18925.4618,2026-08-16
1786924800000,62878.7,64591.0,62726.2,64500.0,72945.6307,2026-08-17
1787011200000,64500.1,65036.9,64009.5,64700.6,56166.5381,2026-08-18
1787097600000,64700.6,70099.2,64141.9,69307.8,180837.6662,2026-08-19
1787184000000,69307.9,73414.8,68878.4,72996.6,149717.1293,2026-08-20
1787270400000,72996.6,79603.1,72984.5,78317.5,243831.1694,2026-08-21
1787356800000,78317.4,78819.9,76438.5,77086.7,69007.5443,2026-08-22
1787443200000,77086.7,78054.2,75513.2,77725.7,69216.927,2026-08-23
1787529600000,77725.8,79998.9,76663.6,78954.0,121055.2917,2026-08-24
1787616000000,78954.0,81266.4,77810.0,78506.1,119905.4443,2026-08-25
1787702400000,78506.1,79234.3,77554.5,78993.2,70344.8927,2026-08-26
1787788800000,78993.3,80799.9,78504.4,80211.9,83539.1858,2026-08-27
1787875200000,80212.0,81520.0,76847.3,77813.0,118135.1227,2026-08-28
1787961600000,77812.9,78299.0,77350.0,78194.6,26495.1669,2026-08-29
1788048000000,78194.5,79387.8,76916.6,77640.2,51213.0237,2026-08-30
1788134400000,77640.3,79238.9,77350.0,78549.9,70786.2569,2026-08-31
1788220800000,78549.9,79185.7,76385.0,77399.3,84078.9801,2026-09-01
1788307200000,77399.2,77770.8,76204.5,77303.8,75646.6842,2026-09-02
1788393600000,77303.7,82279.9,76926.0,81228.7,126741.6234,2026-09-03
1788480000000,81228.6,81411.9,80620.4,80775.0,9455.0009,2026-09-04
