ts,open,high,low,close,volume,date
1658966400000,0.06725,0.07087,0.06518,0.06909,1521505000.0,2022-07-28
1659052800000,0.0691,0.07256,0.06716,0.06877,1821017000.0,2022-07-29
1659139200000,0.06879,0.0746,0.06785,0.06962,2135734000.0,2022-07-30
1659225600000,0.06966,0.07231,0.06772,0.06808,1299164000.0,2022-07-31
1659312000000,0.06808,0.07133,0.06655,0.06844,1437717000.0,2022-08-01
1659398400000,0.06844,0.06916,0.06543,0.06652,1057083000.0,2022-08-02
1659484800000,0.06654,0.06842,0.06508,0.0662,762314000.0,2022-08-03
1659571200000,0.06619,0.06766,0.06571,0.06725,720115000.0,2022-08-04
1659657600000,0.06726,0.07033,0.06715,0.06983,997966000.0,2022-08-05
1659744000000,0.06983,0.07133,0.06827,0.06863,708812000.0,2022-08-06
1659830400000,0.06865,0.07,0.06732,0.06896,601281000.0,2022-08-07
1659916800000,0.06897,0.07264,0.06883,0.07011,1379327000.0,2022-08-08
1660003200000,0.0701,0.07429,0.06756,0.06902,2139797000.0,2022-08-09
1660089600000,0.06903,0.07152,0.06646,0.07127,1353223000.0,2022-08-10
1660176000000,0.07126,0.07547,0.07036,0.07084,1466431000.0,2022-08-11
1660262400000,0.07084,0.07277,0.06961,0.07235,798390000.0,2022-08-12
1660348800000,0.07235,0.07519,0.07178,0.07295,1178085000.0,2022-08-13
1660435200000,0.07296,0.08465,0.0726,0.08167,4332072000.0,2022-08-14
1660521600000,0.08169,0.08208,0.07456,0.07662,2266206000.0,2022-08-15
1660608000000,0.07662,0.08957,0.07615,0.0868,7153332000.0,2022-08-16
1660694400000,0.08681,0.0889,0.07932,0.08022,3344339000.0,2022-08-17
1660780800000,0.08024,0.0823,0.07318,0.07474,2061782000.0,2022-08-18
1660867200000,0.07475,0.07528,0.06694,0.06773,4085356000.0,2022-08-19
1660953600000,0.06775,0.07119,0.06757,0.06936,2083792000.0,2022-08-20
1661040000000,0.06935,0.07082,0.06737,0.06933,1648855000.0,2022-08-21
1661126400000,0.06932,0.06944,0.06517,0.0684,1964912000.0,2022-08-22
1661212800000,0.06843,0.06923,0.06689,0.06881,1152682000.0,2022-08-23
1661299200000,0.06883,0.0697,0.06701,0.06792,1220752000.0,2022-08-24
1661385600000,0.06792,0.07194,0.06757,0.06898,1660952000.0,2022-08-25
1661472000000,0.06898,0.06954,0.0627,0.0635,2888785000.0,2022-08-26
1661558400000,0.06349,0.06411,0.0622,0.06351,1195033000.0,2022-08-27
1661644800000,0.06353,0.06432,0.06128,0.06174,1043125000.0,2022-08-28
1661731200000,0.06176,0.06411,0.06088,0.06384,1056813000.0,2022-08-29
1661817600000,0.06384,0.0645,0.06,0.06154,1025567000.0,2022-08-30
1661904000000,0.06157,0.06348,0.06069,0.06135,990262000.0,2022-08-31
1661990400000,0.06133,0.06265,0.05985,0.06236,1214798000.0,2022-09-01
1662076800000,0.06238,0.06288,0.06066,0.06164,1020794000.0,2022-09-02
1662163200000,0.06163,0.06408,0.06111,0.06273,1293697000.0,2022-09-03
1662249600000,0.06273,0.06393,0.06183,0.06322,1179752000.0,2022-09-04
1662336000000,0.06323,0.06376,0.06091,0.06275,940996000.0,2022-09-05
1662422400000,0.06274,0.06532,0.05796,0.05888,2135616000.0,2022-09-06
1662508800000,0.05888,0.06153,0.0573,0.06098,1075686000.0,2022-09-07
1662595200000,0.06098,0.06142,0.05963,0.06097,882354000.0,2022-09-08
1662681600000,0.06098,0.06493,0.06088,0.06387,1600003000.0,2022-09-09
1662768000000,0.06387,0.06558,0.06316,0.0647,1152680000.0,2022-09-10
1662854400000,0.06469,0.06532,0.06257,0.0637,993367000.0,2022-09-11
1662940800000,0.0637,0.06548,0.0626,0.06396,1097579000.0,2022-09-12
1663027200000,0.06395,0.06418,0.05918,0.05962,1663848000.0,2022-09-13
1663113600000,0.05963,0.06152,0.05914,0.06115,1168223000.0,2022-09-14
1663200000000,0.06117,0.06123,0.05845,0.05861,1080819000.0,2022-09-15
1663286400000,0.05861,0.06049,0.05806,0.06045,744615000.0,2022-09-16
1663372800000,0.06044,0.06245,0.06018,0.0622,653647000.0,2022-09-17
1663459200000,0.0622,0.06225,0.05608,0.05742,950148000.0,2022-09-18
1663545600000,0.05744,0.05883,0.05585,0.05851,852806000.0,2022-09-19
1663632000000,0.05851,0.06061,0.05755,0.05841,881672000.0,2022-09-20
1663718400000,0.05842,0.06093,0.05603,0.05715,1450306000.0,2022-09-21
1663804800000,0.05714,0.06009,0.05682,0.05961,672170000.0,2022-09-22
1663891200000,0.05961,0.06432,0.05905,0.06333,2426016000.0,2022-09-23
1663977600000,0.06334,0.06828,0.06226,0.0631,3659241000.0,2022-09-24
1664064000000,0.06309,0.06385,0.06001,0.06116,1257126000.0,2022-09-25
1664150400000,0.06114,0.06188,0.05976,0.06111,951980000.0,2022-09-26
1664236800000,0.06113,0.0631,0.05971,0.06052,1176716000.0,2022-09-27
1664323200000,0.0605,0.06116,0.05848,0.06053,916999000.0,2022-09-28
1664409600000,0.06052,0.06108,0.05929,0.06087,654014000.0,2022-09-29
1664496000000,0.06087,0.06227,0.05958,0.06168,1267647000.0,2022-09-30
1664582400000,0.06168,0.06315,0.06024,0.0606,1517696000.0,2022-10-01
1664668800000,0.06061,0.06096,0.05876,0.05928,666838000.0,2022-10-02
1664755200000,0.05929,0.0606,0.05876,0.06033,683361000.0,2022-10-03
1664841600000,0.06032,0.06646,0.05993,0.06584,3575352000.0,2022-10-04
1664928000000,0.06584,0.06687,0.0626,0.06477,3047045000.0,2022-10-05
1665014400000,0.06478,0.06686,0.06277,0.06347,1682974000.0,2022-10-06
1665100800000,0.06345,0.06383,0.06132,0.06235,984837000.0,2022-10-07
1665187200000,0.06236,0.06266,0.06112,0.06162,522662000.0,2022-10-08
1665273600000,0.06164,0.06241,0.06115,0.06212,500806000.0,2022-10-09
1665360000000,0.06212,0.06252,0.05908,0.05938,809207000.0,2022-10-10
1665446400000,0.05938,0.0609,0.05748,0.06024,976361000.0,2022-10-11
1665532800000,0.06025,0.06103,0.05922,0.05981,814590000.0,2022-10-12
1665619200000,0.05981,0.06025,0.05487,0.05965,1670388000.0,2022-10-13
1665705600000,0.05964,0.06103,0.058,0.05866,883940000.0,2022-10-14
1665792000000,0.05866,0.05981,0.05791,0.05858,564961000.0,2022-10-15
1665878400000,0.05858,0.05949,0.05845,0.05891,396236000.0,2022-10-16
1665964800000,0.05891,0.0602,0.05851,0.06,566450000.0,2022-10-17
1666051200000,0.06001,0.06118,0.05852,0.05976,1052700000.0,2022-10-18
1666137600000,0.05975,0.06079,0.05819,0.05867,1275300000.0,2022-10-19
1666224000000,0.05866,0.06037,0.05823,0.05947,995575000.0,2022-10-20
1666310400000,0.05945,0.05954,0.05705,0.05933,955911000.0,2022-10-21
1666396800000,0.05934,0.05991,0.05908,0.0597,484906000.0,2022-10-22
1666483200000,0.05971,0.06049,0.0586,0.06037,559341000.0,2022-10-23
1666569600000,0.06035,0.0609,0.05867,0.05942,782718000.0,2022-10-24
1666656000000,0.05943,0.06432,0.05913,0.063,2288435000.0,2022-10-25
1666742400000,0.063,0.07365,0.0626,0.07261,6644237000.0,2022-10-26
1666828800000,0.07261,0.08552,0.07171,0.07689,14509023000.0,2022-10-27
1666915200000,0.07688,0.08852,0.07247,0.08389,18807836000.0,2022-10-28
1667001600000,0.08386,0.15181,0.08286,0.12176,31751611000.0,2022-10-29
1667088000000,0.12178,0.14352,0.111,0.1177,19700856000.0,2022-10-30
1667174400000,0.1177,0.13184,0.1135,0.12683,17272439000.0,2022-10-31
1667260800000,0.12684,0.1589,0.12448,0.14213,19851805000.0,2022-11-01
1667347200000,0.14215,0.14832,0.12163,0.12762,14139419000.0,2022-11-02
1667433600000,0.12763,0.137,0.11927,0.12262,6632206000.0,2022-11-03
1667520000000,0.12261,0.12916,0.11551,0.12612,8385320000.0,2022-11-04
1667606400000,0.12612,0.13599,0.11955,0.1244,5500334000.0,2022-11-05
1667692800000,0.12448,0.12779,0.11133,0.11475,4399952000.0,2022-11-06
1667779200000,0.11474,0.11919,0.10711,0.11123,4804848000.0,2022-11-07
1667865600000,0.11123,0.11306,0.07674,0.08823,15504734000.0,2022-11-08
1667952000000,0.0882,0.0922,0.07024,0.07453,10279154000.0,2022-11-09
1668038400000,0.07447,0.09427,0.07303,0.08986,6356443000.0,2022-11-10
1668124800000,0.08985,0.09376,0.07989,0.08513,4094789000.0,2022-11-11
1668211200000,0.08513,0.09521,0.0785,0.08817,6815319000.0,2022-11-12
1668297600000,0.08817,0.09162,0.08242,0.08504,3084271000.0,2022-11-13
1668384000000,0.08505,0.0915,0.0791,0.086,4439982000.0,2022-11-14
1668470400000,0.08599,0.08994,0.08479,0.087,2209706000.0,2022-11-15
1668556800000,0.08702,0.09122,0.08335,0.08553,2751105000.0,2022-11-16
1668643200000,0.08551,0.08734,0.08233,0.08465,2070355000.0,2022-11-17
1668729600000,0.08466,0.08681,0.0836,0.08474,1425887000.0,2022-11-18
1668816000000,0.08474,0.085,0.08304,0.08454,1067090000.0,2022-11-19
1668902400000,0.08455,0.08583,0.07624,0.07705,2205709000.0,2022-11-20
1668988800000,0.07706,0.07742,0.07121,0.07465,3168394000.0,2022-11-21
1669075200000,0.07464,0.07979,0.07309,0.07874,2465285000.0,2022-11-22
1669161600000,0.07874,0.08354,0.07778,0.08201,2430444000.0,2022-11-23
1669248000000,0.08202,0.0844,0.08045,0.08146,1652836000.0,2022-11-24
1669334400000,0.08146,0.0919,0.0805,0.08953,5581758000.0,2022-11-25
1669420800000,0.08949,0.09569,0.087,0.08892,4172482000.0,2022-11-26
1669507200000,0.08893,0.108,0.08881,0.09873,9777047000.0,2022-11-27
1669593600000,0.09873,0.09985,0.09054,0.0951,7244279000.0,2022-11-28
1669680000000,0.09507,0.10521,0.09362,0.10143,6846512000.0,2022-11-29
1669766400000,0.10144,0.11023,0.099,0.10674,6824391000.0,2022-11-30
1669852800000,0.10673,0.10789,0.10012,0.10175,4989889000.0,2022-12-01
1669939200000,0.10175,0.10364,0.09619,0.10211,3917255000.0,2022-12-02
1670025600000,0.1021,0.10312,0.098,0.09972,3339717000.0,2022-12-03
1670112000000,0.09971,0.10578,0.09955,0.10402,3587891000.0,2022-12-04
1670198400000,0.104,0.11192,0.09915,0.10149,4489710000.0,2022-12-05
1670284800000,0.10149,0.1028,0.09768,0.10019,2616459000.0,2022-12-06
1670371200000,0.10018,0.10124,0.09181,0.09574,3080820000.0,2022-12-07
1670457600000,0.09574,0.0992,0.09455,0.09849,2483686000.0,2022-12-08
1670544000000,0.09849,0.09951,0.09507,0.09669,1876378000.0,2022-12-09
1670630400000,0.09671,0.09746,0.09604,0.0963,864094000.0,2022-12-10
1670716800000,0.0963,0.09717,0.09143,0.09268,1073153000.0,2022-12-11
1670803200000,0.09267,0.09304,0.08371,0.09027,3409892000.0,2022-12-12
1670889600000,0.09029,0.096,0.08674,0.09108,3650507000.0,2022-12-13
1670976000000,0.09108,0.09253,0.08662,0.08828,2680168000.0,2022-12-14
1671062400000,0.08827,0.08886,0.08401,0.08487,2066433000.0,2022-12-15
1671148800000,0.08488,0.08688,0.07364,0.07565,4254528000.0,2022-12-16
1671235200000,0.07567,0.0795,0.07546,0.0792,2463862000.0,2022-12-17
1671321600000,0.0792,0.07995,0.07788,0.07845,593040000.0,2022-12-18
1671408000000,0.07846,0.07957,0.06968,0.07133,3364729000.0,2022-12-19
1671494400000,0.07132,0.07569,0.07104,0.07484,2770122000.0,2022-12-20
1671580800000,0.07485,0.07505,0.07131,0.07372,2273839000.0,2022-12-21
1671667200000,0.07373,0.07781,0.07324,0.07684,3645737000.0,2022-12-22
1671753600000,0.07685,0.07903,0.07561,0.0772,2853667000.0,2022-12-23
1671840000000,0.07721,0.07821,0.0766,0.07752,1039329000.0,2022-12-24
1671926400000,0.07752,0.07767,0.07286,0.07599,2367685000.0,2022-12-25
1672012800000,0.07601,0.07668,0.07396,0.07569,1354755000.0,2022-12-26
1672099200000,0.07569,0.07621,0.07249,0.07373,1901539000.0,2022-12-27
1672185600000,0.07374,0.07393,0.06914,0.07039,3765517000.0,2022-12-28
1672272000000,0.0704,0.07168,0.06921,0.07092,1951144000.0,2022-12-29
1672358400000,0.0709,0.07147,0.06538,0.06838,3514568000.0,2022-12-30
1672444800000,0.06839,0.07139,0.06793,0.07025,2789386000.0,2022-12-31
1672531200000,0.07025,0.07088,0.06905,0.07022,1954310000.0,2023-01-01
1672617600000,0.07023,0.0738,0.06901,0.07139,2565804000.0,2023-01-02
1672704000000,0.07138,0.07231,0.0692,0.07047,2121482000.0,2023-01-03
1672790400000,0.07048,0.07362,0.07019,0.07308,2487994000.0,2023-01-04
1672876800000,0.0731,0.07529,0.07008,0.07148,3204554000.0,2023-01-05
1672963200000,0.07147,0.07283,0.06934,0.07239,2758435000.0,2023-01-06
1673049600000,0.0724,0.07305,0.07165,0.07218,1200837000.0,2023-01-07
1673136000000,0.0722,0.07401,0.07118,0.07363,1665320000.0,2023-01-08
1673222400000,0.07362,0.07964,0.07289,0.07567,5881582000.0,2023-01-09
1673308800000,0.07566,0.07789,0.0735,0.07782,3550807000.0,2023-01-10
1673395200000,0.07783,0.07873,0.07465,0.07814,2815725000.0,2023-01-11
1673481600000,0.07814,0.0813,0.07406,0.08025,4602510000.0,2023-01-12
1673568000000,0.08023,0.08525,0.07844,0.08451,3441166000.0,2023-01-13
1673654400000,0.08453,0.09288,0.08233,0.08731,6361167000.0,2023-01-14
1673740800000,0.08731,0.08797,0.08274,0.08611,2582162000.0,2023-01-15
1673827200000,0.08612,0.08837,0.08146,0.08369,4452353000.0,2023-01-16
1673913600000,0.08369,0.08507,0.0817,0.08284,2968110000.0,2023-01-17
1674000000000,0.08284,0.0898,0.07611,0.08,7237035000.0,2023-01-18
1674086400000,0.07996,0.08217,0.07973,0.0816,1870631000.0,2023-01-19
1674172800000,0.08161,0.08711,0.0806,0.0862,2438162000.0,2023-01-20
1674259200000,0.08621,0.08912,0.08402,0.08468,3873952000.0,2023-01-21
1674345600000,0.08466,0.09338,0.0843,0.08822,3987064000.0,2023-01-22
1674432000000,0.08821,0.09154,0.08601,0.08855,3126108000.0,2023-01-23
1674518400000,0.08854,0.09088,0.0818,0.08388,2816630000.0,2023-01-24
1674604800000,0.08387,0.08819,0.08155,0.08653,2801892000.0,2023-01-25
1674691200000,0.08658,0.08769,0.08425,0.08637,1930502000.0,2023-01-26
1674777600000,0.08637,0.08807,0.08351,0.08724,1558690000.0,2023-01-27
1674864000000,0.08723,0.09388,0.08666,0.08772,3110711000.0,2023-01-28
1674950400000,0.08771,0.09099,0.08722,0.09013,1904443000.0,2023-01-29
1675036800000,0.09011,0.09291,0.08438,0.08833,4079969000.0,2023-01-30
1675123200000,0.08835,0.098,0.08825,0.09613,7566400000.0,2023-01-31
1675209600000,0.09613,0.09719,0.08795,0.09408,4910773000.0,2023-02-01
1675296000000,0.09408,0.09612,0.09,0.09096,2635396000.0,2023-02-02
1675382400000,0.09098,0.0934,0.09028,0.09292,1808903000.0,2023-02-03
1675468800000,0.09294,0.09978,0.09248,0.09565,4297003000.0,2023-02-04
1675555200000,0.09565,0.09697,0.09037,0.09203,3374012000.0,2023-02-05
1675641600000,0.09201,0.09332,0.08816,0.08952,1910379000.0,2023-02-06
1675728000000,0.0895,0.09277,0.08931,0.0925,1439278000.0,2023-02-07
1675814400000,0.09251,0.09341,0.08844,0.09017,1601427000.0,2023-02-08
1675900800000,0.0902,0.09095,0.07864,0.08144,3845041000.0,2023-02-09
1675987200000,0.08145,0.08304,0.07914,0.08089,1974726000.0,2023-02-10
1676073600000,0.08086,0.08263,0.0806,0.08225,903877000.0,2023-02-11
1676160000000,0.08226,0.08583,0.08103,0.08214,2111907000.0,2023-02-12
1676246400000,0.08216,0.08644,0.07932,0.08204,3593920000.0,2023-02-13
1676332800000,0.08206,0.08372,0.07973,0.08359,1872110000.0,2023-02-14
1676419200000,0.08359,0.08963,0.08263,0.08925,3768146000.0,2023-02-15
1676505600000,0.08927,0.0921,0.08463,0.08489,3661063000.0,2023-02-16
1676592000000,0.0849,0.08855,0.08421,0.08776,1793475000.0,2023-02-17
1676678400000,0.08775,0.09049,0.08673,0.08883,1768031000.0,2023-02-18
1676764800000,0.08884,0.0901,0.0855,0.08699,2249117000.0,2023-02-19
1676851200000,0.08697,0.08879,0.08505,0.08835,1631872000.0,2023-02-20
1676937600000,0.08835,0.0889,0.08419,0.08546,2174314000.0,2023-02-21
1677024000000,0.08546,0.089,0.08278,0.08549,3569042000.0,2023-02-22
1677110400000,0.08549,0.08641,0.08342,0.08425,1319296000.0,2023-02-23
1677196800000,0.08425,0.08501,0.07915,0.0809,2143430000.0,2023-02-24
1677283200000,0.08089,0.08217,0.07814,0.08074,1484904000.0,2023-02-25
1677369600000,0.08074,0.08265,0.0804,0.08217,698458000.0,2023-02-26
1677456000000,0.08219,0.08235,0.07991,0.08137,1189705000.0,2023-02-27
1677542400000,0.08137,0.08313,0.07985,0.08085,1927425000.0,2023-02-28
1677628800000,0.08087,0.08288,0.08021,0.08194,1165574000.0,2023-03-01
1677715200000,0.08194,0.0823,0.07956,0.08058,944896000.0,2023-03-02
1677801600000,0.08057,0.08062,0.07089,0.07682,2709997000.0,2023-03-03
1677888000000,0.07683,0.07728,0.07252,0.07461,1057378000.0,2023-03-04
1677974400000,0.07461,0.07605,0.07426,0.07474,821512000.0,2023-03-05
1678060800000,0.07474,0.07511,0.07313,0.0748,1112073000.0,2023-03-06
1678147200000,0.07479,0.076,0.07225,0.07408,1865662000.0,2023-03-07
1678233600000,0.07407,0.07434,0.0697,0.07113,2010992000.0,2023-03-08
1678320000000,0.07112,0.07229,0.06386,0.06594,3055434000.0,2023-03-09
1678406400000,0.06595,0.06618,0.06244,0.06575,3499731000.0,2023-03-10
1678492800000,0.06576,0.06825,0.06316,0.06605,2536277000.0,2023-03-11
1678579200000,0.06606,0.07093,0.06512,0.07048,1612444000.0,2023-03-12
1678665600000,0.07048,0.07356,0.06811,0.0728,2278699000.0,2023-03-13
1678752000000,0.07281,0.07766,0.07109,0.07456,2836555000.0,2023-03-14
1678838400000,0.07455,0.07591,0.0673,0.06962,2525185000.0,2023-03-15
1678924800000,0.06962,0.07407,0.0687,0.07258,1660122000.0,2023-03-16
1679011200000,0.0726,0.07723,0.07143,0.07641,2102811000.0,2023-03-17
1679097600000,0.0764,0.07898,0.07223,0.07298,2416682000.0,2023-03-18
1679184000000,0.07297,0.07652,0.07297,0.07454,1218276000.0,2023-03-19
1679270400000,0.07456,0.07559,0.07034,0.07137,1809786000.0,2023-03-20
1679356800000,0.07135,0.0779,0.07029,0.07664,2437194000.0,2023-03-21
1679443200000,0.07662,0.0781,0.07138,0.07384,2988071000.0,2023-03-22
1679529600000,0.07384,0.07921,0.07295,0.07737,2439411000.0,2023-03-23
1679616000000,0.07737,0.07751,0.07284,0.07452,1680499000.0,2023-03-24
1679702400000,0.07455,0.07597,0.0724,0.074,1045151000.0,2023-03-25
1679788800000,0.074,0.07542,0.07332,0.07434,886049000.0,2023-03-26
1679875200000,0.07434,0.0762,0.07121,0.07289,1834229000.0,2023-03-27
1679961600000,0.0729,0.07406,0.07162,0.07385,1031637000.0,2023-03-28
1680048000000,0.07385,0.07691,0.0735,0.07557,1318972000.0,2023-03-29
1680134400000,0.07556,0.07685,0.07325,0.07421,1292383000.0,2023-03-30
1680220800000,0.07421,0.07793,0.07338,0.07695,1181302000.0,2023-03-31
1680307200000,0.07695,0.08334,0.0759,0.08183,3165327000.0,2023-04-01
1680393600000,0.08183,0.0856,0.0771,0.07905,5466660000.0,2023-04-02
1680480000000,0.07906,0.10508,0.07596,0.09594,13783791000.0,2023-04-03
1680566400000,0.09596,0.1035,0.09213,0.09518,14656136000.0,2023-04-04
1680652800000,0.09516,0.09919,0.09024,0.09273,7577901000.0,2023-04-05
1680739200000,0.09273,0.09284,0.08394,0.08541,7770283000.0,2023-04-06
1680825600000,0.08544,0.08622,0.081,0.08226,5434421000.0,2023-04-07
1680912000000,0.08226,0.08384,0.08,0.08136,2891958000.0,2023-04-08
1680998400000,0.08135,0.08391,0.08108,0.08319,2767715000.0,2023-04-09
1681084800000,0.08318,0.08538,0.08217,0.08475,2307210000.0,2023-04-10
1681171200000,0.08473,0.08575,0.0836,0.08412,2061577000.0,2023-04-11
1681257600000,0.08412,0.08473,0.08006,0.08344,3267403000.0,2023-04-12
1681344000000,0.08343,0.08886,0.08285,0.08733,3474752000.0,2023-04-13
1681430400000,0.08734,0.0914,0.08521,0.08863,4746917000.0,2023-04-14
1681516800000,0.08863,0.09058,0.0872,0.08889,2311479000.0,2023-04-15
1681603200000,0.08888,0.09187,0.08763,0.09036,2806045000.0,2023-04-16
1681689600000,0.09036,0.09493,0.08803,0.09136,7881963000.0,2023-04-17
1681776000000,0.09137,0.09516,0.08974,0.0941,4127637000.0,2023-04-18
1681862400000,0.0941,0.0941,0.0843,0.08788,6330359000.0,2023-04-19
1681948800000,0.08788,0.09365,0.08243,0.0839,12078859000.0,2023-04-20
1682035200000,0.08389,0.08472,0.0759,0.07841,4640274000.0,2023-04-21
1682121600000,0.07841,0.08102,0.07817,0.0803,1669142000.0,2023-04-22
1682208000000,0.0803,0.08084,0.07645,0.07879,1964895000.0,2023-04-23
1682294400000,0.07878,0.08009,0.07712,0.07874,1984496000.0,2023-04-24
1682380800000,0.07875,0.07996,0.07751,0.07977,1650589000.0,2023-04-25
1682467200000,0.07975,0.08361,0.0745,0.07857,4274564000.0,2023-04-26
1682553600000,0.07858,0.081,0.07839,0.08012,2307567000.0,2023-04-27
1682640000000,0.08012,0.08075,0.07888,0.08032,1050038000.0,2023-04-28
1682726400000,0.08032,0.08193,0.08017,0.08156,1124668000.0,2023-04-29
1682812800000,0.08156,0.08177,0.0792,0.0795,1125177000.0,2023-04-30
1682899200000,0.0795,0.08005,0.07731,0.07881,1649965000.0,2023-05-01
1682985600000,0.07881,0.07909,0.07752,0.07876,1126736000.0,2023-05-02
1683072000000,0.07876,0.08069,0.0771,0.07961,1616730000.0,2023-05-03
1683158400000,0.0796,0.07972,0.07794,0.07839,1084389000.0,2023-05-04
1683244800000,0.07839,0.08148,0.0769,0.08017,1676587000.0,2023-05-05
1683331200000,0.08018,0.08049,0.07567,0.07673,1610578000.0,2023-05-06
1683417600000,0.07672,0.07753,0.07615,0.07652,849635000.0,2023-05-07
1683504000000,0.07653,0.07713,0.06958,0.07238,2811194000.0,2023-05-08
1683590400000,0.07238,0.0733,0.07208,0.0731,1203466000.0,2023-05-09
1683676800000,0.0731,0.07469,0.07025,0.07312,2072842000.0,2023-05-10
1683763200000,0.07311,0.07316,0.069,0.07192,1988715000.0,2023-05-11
1683849600000,0.07193,0.07275,0.06934,0.07234,2321537000.0,2023-05-12
1683936000000,0.07233,0.07239,0.07128,0.07167,644584000.0,2023-05-13
1684022400000,0.07166,0.0727,0.07108,0.07196,616941000.0,2023-05-14
1684108800000,0.07193,0.07368,0.07083,0.07191,1177763000.0,2023-05-15
1684195200000,0.07191,0.07324,0.07088,0.07273,1094406000.0,2023-05-16
1684281600000,0.07273,0.07549,0.07226,0.07482,2350019000.0,2023-05-17
1684368000000,0.07482,0.07491,0.07161,0.07343,2073499000.0,2023-05-18
1684454400000,0.07344,0.07407,0.073,0.07348,868653000.0,2023-05-19
1684540800000,0.07348,0.07391,0.07306,0.0736,433032000.0,2023-05-20
1684627200000,0.0736,0.074,0.07187,0.0721,710355000.0,2023-05-21
1684713600000,0.07208,0.074,0.07066,0.07291,1421009000.0,2023-05-22
1684800000000,0.07292,0.07396,0.0724,0.07288,865414000.0,2023-05-23
1684886400000,0.07287,0.07287,0.06914,0.07065,1681703000.0,2023-05-24
1684972800000,0.07065,0.07118,0.06843,0.07089,1138157000.0,2023-05-25
1685059200000,0.07089,0.07135,0.07036,0.07098,839987000.0,2023-05-26
1685145600000,0.07097,0.0734,0.07072,0.07255,815547000.0,2023-05-27
1685232000000,0.07256,0.07398,0.07186,0.07352,1058936000.0,2023-05-28
1685318400000,0.07353,0.07406,0.07262,0.07312,786613000.0,2023-05-29
1685404800000,0.07312,0.07348,0.07183,0.07228,1145741000.0,2023-05-30
1685491200000,0.07229,0.07267,0.07038,0.07166,1171216000.0,2023-05-31
1685577600000,0.07166,0.07219,0.07066,0.07144,1002315000.0,2023-06-01
1685664000000,0.07144,0.0733,0.07085,0.07257,1023132000.0,2023-06-02
1685750400000,0.07257,0.07297,0.07212,0.07271,571343000.0,2023-06-03
1685836800000,0.0727,0.07339,0.07227,0.07248,687501000.0,2023-06-04
1685923200000,0.07248,0.0727,0.0624,0.06641,3281339000.0,2023-06-05
1686009600000,0.06641,0.07199,0.06579,0.07025,2992256000.0,2023-06-06
1686096000000,0.07026,0.07032,0.06657,0.06727,1978988000.0,2023-06-07
1686182400000,0.06726,0.0685,0.06696,0.06796,940940000.0,2023-06-08
1686268800000,0.06797,0.07116,0.06725,0.06947,2210540000.0,2023-06-09
1686355200000,0.06948,0.07165,0.05245,0.06173,7015667000.0,2023-06-10
1686441600000,0.06172,0.06295,0.06089,0.06151,1914261000.0,2023-06-11
1686528000000,0.06151,0.0617,0.0597,0.06142,1884930000.0,2023-06-12
1686614400000,0.06142,0.06284,0.0604,0.06174,1809382000.0,2023-06-13
1686700800000,0.06173,0.06219,0.05806,0.06034,2007278000.0,2023-06-14
1686787200000,0.06034,0.06197,0.05974,0.06155,1934006000.0,2023-06-15
1686873600000,0.06155,0.06283,0.06066,0.06216,1592368000.0,2023-06-16
1686960000000,0.06215,0.063,0.06172,0.06217,1211279000.0,2023-06-17
1687046400000,0.06217,0.06401,0.06098,0.0621,2243914000.0,2023-06-18
1687132800000,0.06209,0.06287,0.06148,0.06245,1206351000.0,2023-06-19
1687219200000,0.06245,0.06313,0.0607,0.06313,1520393000.0,2023-06-20
1687305600000,0.06312,0.0668,0.06282,0.06561,3406862000.0,2023-06-21
1687392000000,0.06561,0.0694,0.06485,0.06554,3049480000.0,2023-06-22
1687478400000,0.06555,0.07019,0.06517,0.06824,2471572000.0,2023-06-23
1687564800000,0.06824,0.06842,0.06493,0.06668,2025332000.0,2023-06-24
1687651200000,0.0667,0.06804,0.06631,0.06671,1325909000.0,2023-06-25
1687737600000,0.06672,0.0668,0.06307,0.06473,1952864000.0,2023-06-26
1687824000000,0.06473,0.06581,0.06428,0.06557,1461820000.0,2023-06-27
1687910400000,0.06558,0.066,0.05951,0.06254,2704058000.0,2023-06-28
1687996800000,0.06254,0.06409,0.06238,0.06343,1419306000.0,2023-06-29
1688083200000,0.06344,0.06699,0.06062,0.06645,4318791000.0,2023-06-30
1688169600000,0.06645,0.07143,0.06636,0.06852,4657923000.0,2023-07-01
1688256000000,0.06852,0.06919,0.06566,0.06801,3504823000.0,2023-07-02
1688342400000,0.06802,0.0688,0.06717,0.06846,2023291000.0,2023-07-03
1688428800000,0.06846,0.07186,0.06762,0.0689,4086369000.0,2023-07-04
1688515200000,0.0689,0.06947,0.0655,0.06699,2544790000.0,2023-07-05
1688601600000,0.06699,0.06858,0.06456,0.06483,2204301000.0,2023-07-06
1688688000000,0.06483,0.06588,0.06397,0.0654,1353249000.0,2023-07-07
1688774400000,0.0654,0.06607,0.06469,0.06571,821183000.0,2023-07-08
1688860800000,0.06572,0.06636,0.06509,0.06536,902617000.0,2023-07-09
1688947200000,0.06537,0.0662,0.06316,0.06523,2236632000.0,2023-07-10
1689033600000,0.06523,0.0655,0.06436,0.06525,906978000.0,2023-07-11
1689120000000,0.06525,0.06573,0.06361,0.06502,1177401000.0,2023-07-12
1689206400000,0.06501,0.07173,0.06452,0.07043,4985570000.0,2023-07-13
1689292800000,0.07042,0.07316,0.06593,0.06845,5036140000.0,2023-07-14
1689379200000,0.06845,0.07522,0.06768,0.07197,6098757000.0,2023-07-15
1689465600000,0.07196,0.07222,0.0688,0.06951,2855465000.0,2023-07-16
1689552000000,0.06952,0.0733,0.0676,0.06981,3486906000.0,2023-07-17
1689638400000,0.06982,0.07032,0.06688,0.06866,1787514000.0,2023-07-18
1689724800000,0.06866,0.07244,0.06824,0.07002,2964432000.0,2023-07-19
1689811200000,0.07003,0.07388,0.06924,0.0706,3439670000.0,2023-07-20
1689897600000,0.07061,0.07688,0.07025,0.07321,5214889000.0,2023-07-21
1689984000000,0.07321,0.07331,0.06943,0.0705,2739574000.0,2023-07-22
1690070400000,0.07049,0.07295,0.06996,0.0718,1841043000.0,2023-07-23
1690156800000,0.07181,0.07804,0.07016,0.07423,12859356000.0,2023-07-24
1690243200000,0.07422,0.08388,0.0736,0.08182,13583288000.0,2023-07-25
1690329600000,0.08182,0.08231,0.07636,0.07797,8003165000.0,2023-07-26
1690416000000,0.07796,0.07998,0.0766,0.07763,4035797000.0,2023-07-27
1690502400000,0.07764,0.07794,0.07578,0.07718,2875095000.0,2023-07-28
1690588800000,0.07718,0.08257,0.07678,0.08023,3616070000.0,2023-07-29
1690675200000,0.08022,0.08057,0.07607,0.07803,3359514000.0,2023-07-30
1690761600000,0.07803,0.0798,0.0765,0.07786,2883566000.0,2023-07-31
1690848000000,0.07786,0.07826,0.07505,0.07814,2870628000.0,2023-08-01
1690934400000,0.07814,0.07834,0.0737,0.07421,3274141000.0,2023-08-02
1691020800000,0.07421,0.07502,0.0725,0.07358,2639306000.0,2023-08-03
1691107200000,0.07359,0.07491,0.07239,0.07348,2377562000.0,2023-08-04
1691193600000,0.07348,0.0771,0.0729,0.07571,3676994000.0,2023-08-05
1691280000000,0.0757,0.07649,0.07406,0.07428,1994176000.0,2023-08-06
1691366400000,0.07428,0.07569,0.07131,0.07352,2416063000.0,2023-08-07
1691452800000,0.07352,0.07557,0.0732,0.07497,1819925000.0,2023-08-08
1691539200000,0.07497,0.07621,0.07414,0.07542,1573403000.0,2023-08-09
1691625600000,0.07542,0.07694,0.07514,0.07587,1975704000.0,2023-08-10
1691712000000,0.07587,0.07612,0.07481,0.07574,979662000.0,2023-08-11
1691798400000,0.07574,0.07745,0.07562,0.0767,1531185000.0,2023-08-12
1691884800000,0.0767,0.07687,0.07423,0.07477,1330453000.0,2023-08-13
1691971200000,0.07477,0.07714,0.07358,0.0747,2396407000.0,2023-08-14
1692057600000,0.0747,0.075,0.06751,0.07091,3012457000.0,2023-08-15
1692144000000,0.07091,0.07125,0.0659,0.06718,3194664000.0,2023-08-16
1692230400000,0.06719,0.0684,0.05414,0.06097,5835212000.0,2023-08-17
1692316800000,0.06097,0.06383,0.05986,0.06325,3248158000.0,2023-08-18
1692403200000,0.06325,0.0645,0.06307,0.06378,1391071000.0,2023-08-19
1692489600000,0.06378,0.06474,0.06335,0.06382,1064598000.0,2023-08-20
1692576000000,0.06382,0.06409,0.06017,0.06248,2017635000.0,2023-08-21
1692662400000,0.06249,0.06329,0.06016,0.06257,2322991000.0,2023-08-22
1692748800000,0.06256,0.06538,0.06244,0.06378,2372583000.0,2023-08-23
1692835200000,0.06378,0.06404,0.06181,0.06307,1251574000.0,2023-08-24
1692921600000,0.06307,0.06317,0.06164,0.06311,1507761000.0,2023-08-25
1693008000000,0.06311,0.06337,0.0626,0.06289,541792000.0,2023-08-26
1693094400000,0.06289,0.06381,0.0627,0.06317,635781000.0,2023-08-27
1693180800000,0.06317,0.06368,0.06184,0.06343,1321696000.0,2023-08-28
1693267200000,0.06343,0.06861,0.06242,0.06641,4713592000.0,2023-08-29
1693353600000,0.0664,0.06648,0.0643,0.06586,1811189000.0,2023-08-30
1693440000000,0.06585,0.067,0.06277,0.0638,3424055000.0,2023-08-31
1693526400000,0.06381,0.06427,0.06225,0.06387,1702940000.0,2023-09-01
1693612800000,0.06386,0.06495,0.06258,0.06345,1291931000.0,2023-09-02
1693699200000,0.06345,0.06376,0.06271,0.06318,598301000.0,2023-09-03
1693785600000,0.06319,0.06385,0.062,0.06324,925374000.0,2023-09-04
1693872000000,0.06324,0.06439,0.06287,0.06404,1375318000.0,2023-09-05
1693958400000,0.06404,0.06462,0.06244,0.06362,1415804000.0,2023-09-06
1694044800000,0.06363,0.06385,0.06277,0.06365,911244000.0,2023-09-07
1694131200000,0.06365,0.06402,0.06236,0.0637,918711000.0,2023-09-08
1694217600000,0.0637,0.06393,0.06317,0.06338,628907000.0,2023-09-09
1694304000000,0.06339,0.0634,0.05908,0.06131,2040820000.0,2023-09-10
1694390400000,0.06131,0.06198,0.05915,0.06048,2588236000.0,2023-09-11
1694476800000,0.06046,0.06245,0.06042,0.06089,1928037000.0,2023-09-12
1694563200000,0.0609,0.0618,0.06048,0.06126,1590545000.0,2023-09-13
1694649600000,0.06125,0.06255,0.06108,0.06207,1589675000.0,2023-09-14
1694736000000,0.06206,0.06293,0.06135,0.06249,1049889000.0,2023-09-15
1694822400000,0.0625,0.06298,0.06174,0.06215,808623000.0,2023-09-16
1694908800000,0.06215,0.06254,0.06091,0.06146,1207090000.0,2023-09-17
1694995200000,0.06145,0.06281,0.06091,0.06199,1352269000.0,2023-09-18
1695081600000,0.06197,0.06324,0.06185,0.06269,1065426000.0,2023-09-19
1695168000000,0.06269,0.06304,0.06134,0.06262,1372854000.0,2023-09-20
1695254400000,0.06262,0.0635,0.061,0.06129,1553852000.0,2023-09-21
1695340800000,0.06129,0.06188,0.06056,0.06153,792987000.0,2023-09-22
1695427200000,0.06154,0.06199,0.06126,0.06151,646924000.0,2023-09-23
1695513600000,0.06151,0.06174,0.06023,0.0607,840282000.0,2023-09-24
1695600000000,0.06069,0.06121,0.06004,0.06094,665054000.0,2023-09-25
1695686400000,0.06093,0.06116,0.05922,0.06062,786819000.0,2023-09-26
1695772800000,0.06062,0.06139,0.06014,0.06052,969203000.0,2023-09-27
1695859200000,0.06052,0.06167,0.06038,0.06151,1051771000.0,2023-09-28
1695945600000,0.06152,0.06249,0.0613,0.06213,1099071000.0,2023-09-29
1696032000000,0.06212,0.06273,0.06172,0.06206,779308000.0,2023-09-30
1696118400000,0.06207,0.06361,0.06167,0.06321,1204038000.0,2023-10-01
1696204800000,0.06322,0.0642,0.06052,0.06199,2007254000.0,2023-10-02
1696291200000,0.06199,0.0623,0.06108,0.06139,847771000.0,2023-10-03
1696377600000,0.06138,0.06157,0.05983,0.06144,1012302000.0,2023-10-04
1696464000000,0.06144,0.06164,0.06052,0.06085,751062000.0,2023-10-05
1696550400000,0.06085,0.06158,0.06071,0.06137,559864000.0,2023-10-06
1696636800000,0.06137,0.06167,0.06106,0.06144,416281000.0,2023-10-07
1696723200000,0.06144,0.06162,0.06063,0.06096,463622000.0,2023-10-08
1696809600000,0.06095,0.06101,0.05613,0.05875,2681203000.0,2023-10-09
1696896000000,0.05874,0.05922,0.05844,0.05912,866885000.0,2023-10-10
1696982400000,0.05912,0.05947,0.05763,0.05851,1534031000.0,2023-10-11
1697068800000,0.05851,0.05851,0.05713,0.05788,1137149000.0,2023-10-12
1697155200000,0.05788,0.0592,0.05776,0.0584,1266050000.0,2023-10-13
1697241600000,0.0584,0.05999,0.05835,0.05983,810031000.0,2023-10-14
1697328000000,0.05983,0.05985,0.05896,0.0593,823868000.0,2023-10-15
1697414400000,0.05931,0.06183,0.05906,0.06,2382177000.0,2023-10-16
1697500800000,0.06001,0.06018,0.058,0.05904,1208209000.0,2023-10-17
1697587200000,0.05904,0.05939,0.05826,0.0586,819300000.0,2023-10-18
1697673600000,0.05861,0.05896,0.05733,0.05885,1106427000.0,2023-10-19
1697760000000,0.05885,0.06048,0.0586,0.05989,1273044000.0,2023-10-20
1697846400000,0.05988,0.06149,0.05943,0.06121,1228314000.0,2023-10-21
1697932800000,0.0612,0.06175,0.05974,0.06169,1419941000.0,2023-10-22
1698019200000,0.06169,0.06799,0.06127,0.06749,5951247000.0,2023-10-23
1698105600000,0.06749,0.07012,0.06407,0.06664,5851788000.0,2023-10-24
1698192000000,0.06664,0.06981,0.06452,0.06833,4402438000.0,2023-10-25
1698278400000,0.06833,0.07515,0.06781,0.07186,7919326000.0,2023-10-26
1698364800000,0.07186,0.07248,0.0671,0.06776,3613874000.0,2023-10-27
1698451200000,0.06776,0.06986,0.06752,0.06902,1706924000.0,2023-10-28
1698537600000,0.06903,0.07019,0.06716,0.06936,1400326000.0,2023-10-29
1698624000000,0.06936,0.07042,0.06762,0.06961,2179552000.0,2023-10-30
1698710400000,0.06962,0.07088,0.06541,0.06825,3226372000.0,2023-10-31
1698796800000,0.06825,0.06974,0.06554,0.06895,2599379000.0,2023-11-01
1698883200000,0.06894,0.07094,0.06657,0.06791,2913557000.0,2023-11-02
1698969600000,0.06791,0.06826,0.06619,0.06809,1593525000.0,2023-11-03
1699056000000,0.0681,0.06929,0.06787,0.06908,1187553000.0,2023-11-04
1699142400000,0.06908,0.07171,0.06886,0.07108,2477787000.0,2023-11-05
1699228800000,0.07108,0.07654,0.07025,0.07636,3907876000.0,2023-11-06
1699315200000,0.07637,0.07649,0.07144,0.07336,4331971000.0,2023-11-07
1699401600000,0.07337,0.07735,0.07275,0.07536,2882576000.0,2023-11-08
1699488000000,0.07537,0.07797,0.06377,0.07355,5720729000.0,2023-11-09
1699574400000,0.07355,0.07561,0.0723,0.0754,2642516000.0,2023-11-10
1699660800000,0.0754,0.08198,0.07444,0.07845,6014642000.0,2023-11-11
1699747200000,0.07846,0.08043,0.07491,0.07797,2731371000.0,2023-11-12
1699833600000,0.07797,0.0796,0.07329,0.07454,3737486000.0,2023-11-13
1699920000000,0.07454,0.07567,0.06842,0.07243,3133214000.0,2023-11-14
1700006400000,0.07243,0.07657,0.07227,0.07622,1617401000.0,2023-11-15
1700092800000,0.07623,0.08343,0.07584,0.07942,8040889000.0,2023-11-16
1700179200000,0.07942,0.0875,0.07904,0.0864,10446696000.0,2023-11-17
1700265600000,0.08638,0.08665,0.07901,0.08028,7603358000.0,2023-11-18
1700352000000,0.08027,0.08065,0.07723,0.08044,3337998000.0,2023-11-19
1700438400000,0.08045,0.08218,0.0766,0.07772,3318145000.0,2023-11-20
1700524800000,0.07771,0.07875,0.07059,0.07176,4398262000.0,2023-11-21
1700611200000,0.07175,0.07662,0.07151,0.07574,1733649000.0,2023-11-22
1700697600000,0.07576,0.07642,0.07493,0.07618,997875000.0,2023-11-23
1700784000000,0.07619,0.07867,0.07604,0.07819,1498753000.0,2023-11-24
1700870400000,0.07818,0.07915,0.07749,0.07892,1087541000.0,2023-11-25
1700956800000,0.07893,0.079,0.07539,0.07867,1404755000.0,2023-11-26
1701043200000,0.07867,0.08159,0.07677,0.07885,3653004000.0,2023-11-27
1701129600000,0.07886,0.08123,0.0767,0.08088,2852372000.0,2023-11-28
1701216000000,0.08088,0.08318,0.07956,0.08046,3128901000.0,2023-11-29
1701302400000,0.08046,0.08442,0.08039,0.08345,3081374000.0,2023-11-30
1701388800000,0.08344,0.08511,0.08227,0.08385,2252329000.0,2023-12-01
1701475200000,0.08384,0.08666,0.08322,0.08621,1724712000.0,2023-12-02
1701561600000,0.0862,0.08744,0.08359,0.08573,2101769000.0,2023-12-03
1701648000000,0.08573,0.09265,0.0845,0.09189,5245861000.0,2023-12-04
1701734400000,0.09192,0.09592,0.08743,0.09434,4434995000.0,2023-12-05
1701820800000,0.09436,0.10677,0.09336,0.09493,11126492000.0,2023-12-06
1701907200000,0.09493,0.09834,0.09282,0.09587,4620760000.0,2023-12-07
1701993600000,0.09588,0.10389,0.09559,0.10164,3310305000.0,2023-12-08
1702080000000,0.10165,0.10498,0.09733,0.09849,3442140000.0,2023-12-09
1702166400000,0.0985,0.1028,0.09655,0.1019,2369900000.0,2023-12-10
1702252800000,0.1019,0.10762,0.08916,0.09416,8624287000.0,2023-12-11
1702339200000,0.09416,0.09808,0.09126,0.0938,2890911000.0,2023-12-12
1702425600000,0.09382,0.09755,0.0897,0.09641,2777368000.0,2023-12-13
1702512000000,0.09643,0.09884,0.0927,0.09834,2267186000.0,2023-12-14
1702598400000,0.09834,0.09885,0.0922,0.09302,1605673000.0,2023-12-15
1702684800000,0.09302,0.09727,0.09116,0.09711,1540758000.0,2023-12-16
1702771200000,0.09711,0.09786,0.09234,0.09292,1454964000.0,2023-12-17
1702857600000,0.09294,0.09378,0.08631,0.09212,2460926000.0,2023-12-18
1702944000000,0.09212,0.09352,0.08919,0.09022,1537621000.0,2023-12-19
1703030400000,0.09023,0.09342,0.08946,0.09156,1951380000.0,2023-12-20
1703116800000,0.09157,0.09834,0.09065,0.095,2805173000.0,2023-12-21
1703203200000,0.09501,0.09565,0.09191,0.095,1750129000.0,2023-12-22
1703289600000,0.095,0.09504,0.092,0.09346,943317000.0,2023-12-23
1703376000000,0.09346,0.09488,0.09014,0.0917,1803359000.0,2023-12-24
1703462400000,0.0917,0.09553,0.09121,0.09437,1259683000.0,2023-12-25
1703548800000,0.09437,0.09448,0.08644,0.09135,2209032000.0,2023-12-26
1703635200000,0.09136,0.09394,0.08953,0.09368,1466954000.0,2023-12-27
1703721600000,0.09369,0.09504,0.09101,0.09174,1939068000.0,2023-12-28
1703808000000,0.09174,0.09305,0.08831,0.091,2050866000.0,2023-12-29
1703894400000,0.09099,0.09142,0.08923,0.09002,897785000.0,2023-12-30
1703980800000,0.09002,0.0909,0.088,0.08955,797139000.0,2023-12-31
1704067200000,0.08955,0.09214,0.0885,0.09208,863355000.0,2024-01-01
1704153600000,0.09208,0.09446,0.09036,0.09111,1584799000.0,2024-01-02
1704240000000,0.09112,0.09217,0.07048,0.08204,4199335000.0,2024-01-03
1704326400000,0.08203,0.08466,0.08084,0.08398,1642582000.0,2024-01-04
1704412800000,0.08397,0.08487,0.07954,0.08267,2722213000.0,2024-01-05
1704499200000,0.08266,0.0827,0.07832,0.08059,1678564000.0,2024-01-06
1704585600000,0.08058,0.08148,0.07697,0.07823,1518723000.0,2024-01-07
1704672000000,0.07824,0.0818,0.07407,0.08132,2639601000.0,2024-01-08
1704758400000,0.08131,0.084,0.07613,0.07924,4720271000.0,2024-01-09
1704844800000,0.07925,0.08494,0.0761,0.08307,2958768000.0,2024-01-10
1704931200000,0.08307,0.08794,0.08202,0.08458,2649530000.0,2024-01-11
1705017600000,0.08458,0.08548,0.0772,0.08005,2051458000.0,2024-01-12
1705104000000,0.08006,0.0815,0.07858,0.08092,856554000.0,2024-01-13
1705190400000,0.08092,0.08394,0.07963,0.08001,1735681000.0,2024-01-14
1705276800000,0.08003,0.08177,0.07982,0.08105,952393000.0,2024-01-15
1705363200000,0.08104,0.08258,0.07984,0.08132,1074439000.0,2024-01-16
1705449600000,0.08133,0.08161,0.0793,0.08061,776579000.0,2024-01-17
1705536000000,0.0806,0.0808,0.07685,0.07809,1268823000.0,2024-01-18
1705622400000,0.0781,0.07885,0.07479,0.07857,1340047000.0,2024-01-19
1705708800000,0.07857,0.09054,0.07821,0.08773,2502907000.0,2024-01-20
1705795200000,0.08773,0.09047,0.08473,0.08549,4593225000.0,2024-01-21
1705881600000,0.08549,0.08561,0.08007,0.08057,3459873000.0,2024-01-22
1705968000000,0.08055,0.08188,0.07582,0.07821,2543217000.0,2024-01-23
1706054400000,0.0782,0.08066,0.07753,0.07905,1462422000.0,2024-01-24
1706140800000,0.07906,0.07927,0.07706,0.07795,1146260000.0,2024-01-25
1706227200000,0.07795,0.08033,0.07752,0.07987,987251000.0,2024-01-26
1706313600000,0.07988,0.08071,0.079,0.08011,707667000.0,2024-01-27
1706400000000,0.08011,0.0815,0.07814,0.07881,985735000.0,2024-01-28
1706486400000,0.07881,0.08309,0.07817,0.08138,2487936000.0,2024-01-29
1706572800000,0.08138,0.08219,0.07936,0.0797,1263813000.0,2024-01-30
1706659200000,0.0797,0.08029,0.07788,0.07873,1120376000.0,2024-01-31
1706745600000,0.07874,0.07988,0.07727,0.07936,787079000.0,2024-02-01
1706832000000,0.07937,0.07996,0.07855,0.07928,632622000.0,2024-02-02
1706918400000,0.07928,0.07953,0.07851,0.07876,431695000.0,2024-02-03
1707004800000,0.07875,0.08,0.07772,0.07831,674317000.0,2024-02-04
1707091200000,0.07831,0.08032,0.07723,0.07833,1045390000.0,2024-02-05
1707177600000,0.07833,0.07922,0.07772,0.0785,641379000.0,2024-02-06
1707264000000,0.07849,0.08034,0.07817,0.08014,637521000.0,2024-02-07
1707350400000,0.08014,0.08086,0.0795,0.07988,789878000.0,2024-02-08
1707436800000,0.07988,0.08224,0.07987,0.08158,1107482000.0,2024-02-09
1707523200000,0.08159,0.08218,0.08026,0.0814,629247000.0,2024-02-10
1707609600000,0.08141,0.08366,0.08065,0.08125,1182383000.0,2024-02-11
1707696000000,0.08125,0.0829,0.0793,0.08227,1395557000.0,2024-02-12
1707782400000,0.08227,0.08307,0.07955,0.08109,1564219000.0,2024-02-13
1707868800000,0.08109,0.08703,0.0805,0.08554,2868667000.0,2024-02-14
1707955200000,0.08555,0.08832,0.08384,0.0853,2194857000.0,2024-02-15
1708041600000,0.08529,0.08803,0.08386,0.08594,1641052000.0,2024-02-16
1708128000000,0.08592,0.0861,0.08188,0.08355,1398053000.0,2024-02-17
1708214400000,0.08355,0.08577,0.08281,0.08522,1189996000.0,2024-02-18
1708300800000,0.08522,0.09084,0.08508,0.08944,2427903000.0,2024-02-19
1708387200000,0.08943,0.09164,0.08217,0.08612,3360060000.0,2024-02-20
1708473600000,0.08613,0.08627,0.08194,0.08458,1626344000.0,2024-02-21
1708560000000,0.08458,0.08556,0.08298,0.08409,1213279000.0,2024-02-22
1708646400000,0.08409,0.08557,0.08285,0.0845,1456350000.0,2024-02-23
1708732800000,0.08451,0.08643,0.08386,0.08616,1001266000.0,2024-02-24
1708819200000,0.08616,0.08684,0.0852,0.08614,963933000.0,2024-02-25
1708905600000,0.08614,0.09011,0.08417,0.08925,1748030000.0,2024-02-26
1708992000000,0.08926,0.10062,0.08846,0.09766,6609992000.0,2024-02-27
1709078400000,0.09765,0.12465,0.09419,0.11589,12668138000.0,2024-02-28
1709164800000,0.1159,0.135,0.11131,0.11734,14281301000.0,2024-02-29
1709251200000,0.11735,0.14592,0.1164,0.13941,10293649000.0,2024-03-01
1709337600000,0.13941,0.15147,0.1359,0.14209,9004305000.0,2024-03-02
1709424000000,0.14208,0.15648,0.11944,0.15346,8995555000.0,2024-03-03
1709510400000,0.15347,0.18563,0.14408,0.18205,13400757000.0,2024-03-04
1709596800000,0.18209,0.207,0.11363,0.15309,19462700000.0,2024-03-05
1709683200000,0.1531,0.1801,0.14607,0.1579,8472651000.0,2024-03-06
1709769600000,0.15791,0.16239,0.14618,0.15771,6112017000.0,2024-03-07
1709856000000,0.15769,0.17623,0.1551,0.16455,7627316000.0,2024-03-08
1709942400000,0.16455,0.1849,0.16271,0.17886,5608227000.0,2024-03-09
1710028800000,0.17887,0.17969,0.16528,0.16996,3938835000.0,2024-03-10
1710115200000,0.16998,0.18346,0.15944,0.18221,4762323000.0,2024-03-11
1710201600000,0.18222,0.18374,0.15211,0.16821,5334270000.0,2024-03-12
1710288000000,0.16821,0.17464,0.1646,0.16904,3519183000.0,2024-03-13
1710374400000,0.16903,0.19447,0.1647,0.17735,12056276000.0,2024-03-14
1710460800000,0.17736,0.18164,0.1504,0.16361,7998216000.0,2024-03-15
1710547200000,0.16362,0.16534,0.13785,0.14248,5606605000.0,2024-03-16
1710633600000,0.14251,0.1594,0.13659,0.15429,5055882000.0,2024-03-17
1710720000000,0.15431,0.15435,0.13987,0.14355,3997385000.0,2024-03-18
1710806400000,0.14355,0.14523,0.12515,0.12881,8341606000.0,2024-03-19
1710892800000,0.12881,0.15327,0.12,0.15207,8314240000.0,2024-03-20
1710979200000,0.15209,0.16009,0.14662,0.15541,6362240000.0,2024-03-21
1711065600000,0.15541,0.16507,0.14532,0.15297,6413444000.0,2024-03-22
1711152000000,0.15299,0.17488,0.15166,0.16194,7534723000.0,2024-03-23
1711238400000,0.16194,0.18024,0.16116,0.1765,6995917000.0,2024-03-24
1711324800000,0.17651,0.18715,0.17,0.17534,5882446000.0,2024-03-25
1711411200000,0.17534,0.18777,0.17426,0.18224,6361239000.0,2024-03-26
1711497600000,0.18226,0.192,0.17857,0.1905,9149282000.0,2024-03-27
1711584000000,0.19053,0.22942,0.18928,0.22015,10830784000.0,2024-03-28
1711670400000,0.22017,0.225,0.20803,0.21313,6788417000.0,2024-03-29
1711756800000,0.21317,0.21698,0.19575,0.19926,4643097000.0,2024-03-30
1711843200000,0.19926,0.22473,0.19922,0.22013,4525785000.0,2024-03-31
1711929600000,0.22013,0.22017,0.19466,0.20502,6727020000.0,2024-04-01
1712016000000,0.20501,0.20533,0.17982,0.18255,8179780000.0,2024-04-02
1712102400000,0.18255,0.1875,0.1701,0.17523,7391727000.0,2024-04-03
1712188800000,0.17521,0.1884,0.17183,0.18,5103118000.0,2024-04-04
1712275200000,0.18,0.18084,0.16733,0.17721,4241997000.0,2024-04-05
1712361600000,0.17721,0.1879,0.17641,0.1858,3530629000.0,2024-04-06
1712448000000,0.1858,0.20567,0.18546,0.19897,5809147000.0,2024-04-07
1712534400000,0.19896,0.20929,0.19557,0.20262,4736302000.0,2024-04-08
1712620800000,0.20262,0.20352,0.18579,0.18913,4828395000.0,2024-04-09
1712707200000,0.18913,0.2023,0.17993,0.19969,5807456000.0,2024-04-10
1712793600000,0.19973,0.2037,0.18977,0.19384,4537299500.0,2024-04-11
1712880000000,0.19387,0.20183,0.15372,0.17408,9411435800.0,2024-04-12
1712966400000,0.17407,0.17586,0.1255,0.15264,12684973400.0,2024-04-13
1713052800000,0.15266,0.16508,0.14367,0.16209,8561887600.0,2024-04-14
1713139200000,0.1621,0.169,0.15032,0.16127,9107695000.0,2024-04-15
1713225600000,0.16126,0.16254,0.14626,0.15599,6343092000.0,2024-04-16
1713312000000,0.156,0.15872,0.14423,0.14759,5132364100.0,2024-04-17
1713398400000,0.1476,0.15386,0.14093,0.15228,5729157100.0,2024-04-18
1713484800000,0.15228,0.15717,0.13866,0.15631,6119111500.0,2024-04-19
1713571200000,0.15633,0.16512,0.15049,0.16263,4367409400.0,2024-04-20
1713657600000,0.16263,0.16587,0.15508,0.15823,3476160700.0,2024-04-21
1713744000000,0.15823,0.16346,0.15643,0.16122,3607009200.0,2024-04-22
1713830400000,0.16124,0.16297,0.15681,0.15982,2796669600.0,2024-04-23
1713916800000,0.15983,0.16473,0.1493,0.15146,4796945100.0,2024-04-24
1714003200000,0.15141,0.15443,0.14741,0.15131,3144469600.0,2024-04-25
1714089600000,0.15131,0.15179,0.14675,0.148,2490923700.0,2024-04-26
1714176000000,0.148,0.14976,0.14212,0.14774,2589350300.0,2024-04-27
1714262400000,0.14774,0.15109,0.14601,0.14668,1632045000.0,2024-04-28
1714348800000,0.14669,0.1481,0.13964,0.14342,3240145200.0,2024-04-29
1714435200000,0.14343,0.14602,0.12909,0.13338,4237584700.0,2024-04-30
1714521600000,0.13338,0.13394,0.11998,0.13018,7027553400.0,2024-05-01
1714608000000,0.13019,0.13446,0.12407,0.13191,4274158100.0,2024-05-02
1714694400000,0.13193,0.14808,0.13112,0.14603,3868989000.0,2024-05-03
1714780800000,0.14603,0.17013,0.14567,0.16013,9044611600.0,2024-05-04
1714867200000,0.16011,0.16363,0.15448,0.16098,4985347500.0,2024-05-05
1714953600000,0.16098,0.16913,0.15408,0.1565,5649995200.0,2024-05-06
1715040000000,0.15649,0.15994,0.1493,0.15004,3714585500.0,2024-05-07
1715126400000,0.15004,0.15198,0.14204,0.14324,3826779500.0,2024-05-08
1715212800000,0.14324,0.15418,0.14313,0.15216,3220187900.0,2024-05-09
1715299200000,0.15217,0.15387,0.1421,0.14388,3347451700.0,2024-05-10
1715385600000,0.14388,0.14631,0.14251,0.14309,1495473700.0,2024-05-11
1715472000000,0.14308,0.14448,0.13886,0.14123,2327408500.0,2024-05-12
1715558400000,0.14123,0.15733,0.13566,0.14863,6603662200.0,2024-05-13
1715644800000,0.14863,0.15516,0.14428,0.14551,5055025000.0,2024-05-14
1715731200000,0.14552,0.15707,0.14526,0.15534,4036142000.0,2024-05-15
1715817600000,0.15534,0.15933,0.14862,0.14973,2887726500.0,2024-05-16
1715904000000,0.14972,0.15676,0.14865,0.15555,2271163400.0,2024-05-17
1715990400000,0.15554,0.15698,0.15117,0.15304,1810382100.0,2024-05-18
1716076800000,0.15304,0.15606,0.14734,0.14905,2134240600.0,2024-05-19
1716163200000,0.14905,0.16644,0.14766,0.16576,3822681800.0,2024-05-20
1716249600000,0.16575,0.1733,0.16072,0.17025,5101823000.0,2024-05-21
1716336000000,0.17024,0.17465,0.16161,0.16631,3794893500.0,2024-05-22
1716422400000,0.16632,0.16947,0.15124,0.15973,4836387700.0,2024-05-23
1716508800000,0.15971,0.17333,0.15513,0.16383,6303190100.0,2024-05-24
1716595200000,0.16384,0.17431,0.16267,0.17397,2594244500.0,2024-05-25
1716681600000,0.17397,0.17489,0.16547,0.16619,2713934900.0,2024-05-26
1716768000000,0.1662,0.17358,0.16408,0.16914,2687939100.0,2024-05-27
1716854400000,0.16915,0.16985,0.16153,0.165,2666888600.0,2024-05-28
1716940800000,0.16499,0.17097,0.1622,0.16388,3005302000.0,2024-05-29
1717027200000,0.16388,0.16578,0.15643,0.15946,2992028900.0,2024-05-30
1717113600000,0.15945,0.16264,0.15423,0.15902,2113295800.0,2024-05-31
1717200000000,0.15902,0.16176,0.15846,0.16033,967790700.0,2024-06-01
1717286400000,0.16033,0.16139,0.15461,0.15712,1469220800.0,2024-06-02
1717372800000,0.15713,0.16345,0.1558,0.15834,2018985200.0,2024-06-03
1717459200000,0.15835,0.16187,0.1571,0.16136,1378046500.0,2024-06-04
1717545600000,0.16136,0.16488,0.16122,0.16333,1494944700.0,2024-06-05
1717632000000,0.16332,0.16585,0.15825,0.16019,1681839100.0,2024-06-06
1717718400000,0.16018,0.16214,0.13625,0.14824,4207698100.0,2024-06-07
1717804800000,0.14823,0.14873,0.14354,0.1459,1597811300.0,2024-06-08
1717891200000,0.14591,0.14919,0.14491,0.14679,1082098500.0,2024-06-09
1717977600000,0.14679,0.14795,0.14322,0.1448,1281747700.0,2024-06-10
1718064000000,0.14479,0.14521,0.13343,0.13806,3051948400.0,2024-06-11
1718150400000,0.13805,0.15064,0.13454,0.14622,3273935300.0,2024-06-12
1718236800000,0.14622,0.1465,0.14013,0.14111,1910665100.0,2024-06-13
1718323200000,0.14111,0.14352,0.13126,0.135,2399396700.0,2024-06-14
1718409600000,0.135,0.13762,0.13405,0.13674,990982800.0,2024-06-15
1718496000000,0.13675,0.13773,0.13463,0.1371,949369700.0,2024-06-16
1718582400000,0.1371,0.13822,0.12585,0.12877,3143022200.0,2024-06-17
1718668800000,0.12876,0.12929,0.11283,0.12224,5165911300.0,2024-06-18
1718755200000,0.12225,0.12678,0.12141,0.12246,1715123700.0,2024-06-19
1718841600000,0.12247,0.13033,0.12127,0.12453,2064040900.0,2024-06-20
1718928000000,0.12452,0.12575,0.12138,0.12415,1751109700.0,2024-06-21
1719014400000,0.12416,0.12557,0.12288,0.12375,868454700.0,2024-06-22
1719100800000,0.12375,0.12639,0.1208,0.12224,1336768300.0,2024-06-23
1719187200000,0.12223,0.12397,0.1132,0.119,3645478900.0,2024-06-24
1719273600000,0.119,0.12868,0.11879,0.12618,2851741000.0,2024-06-25
1719360000000,0.12619,0.12866,0.12182,0.12278,1556292900.0,2024-06-26
1719446400000,0.1228,0.12847,0.12064,0.12709,1749537900.0,2024-06-27
1719532800000,0.1271,0.12852,0.12213,0.12308,2031678800.0,2024-06-28
1719619200000,0.12308,0.1244,0.12138,0.12191,802071600.0,2024-06-29
1719705600000,0.12192,0.12564,0.12043,0.1245,1098903000.0,2024-06-30
1719792000000,0.12449,0.12753,0.12309,0.12354,1311469400.0,2024-07-01
1719878400000,0.12353,0.12544,0.12238,0.12531,1138137200.0,2024-07-02
1719964800000,0.12531,0.12556,0.11652,0.11849,2266501700.0,2024-07-03
1720051200000,0.1185,0.11914,0.1038,0.10502,4426054200.0,2024-07-04
1720137600000,0.10502,0.10649,0.09132,0.10542,7309698400.0,2024-07-05
1720224000000,0.10543,0.11417,0.10463,0.11341,3114940700.0,2024-07-06
1720310400000,0.11339,0.11347,0.1036,0.10416,2215971700.0,2024-07-07
1720396800000,0.10415,0.11149,0.09866,0.10761,3582212500.0,2024-07-08
1720483200000,0.1076,0.10954,0.10572,0.10756,1533630400.0,2024-07-09
1720569600000,0.10759,0.11053,0.10569,0.10802,1694251800.0,2024-07-10
1720656000000,0.10801,0.11249,0.10607,0.10662,1723528300.0,2024-07-11
1720742400000,0.1066,0.10833,0.10475,0.10766,1349297400.0,2024-07-12
1720828800000,0.10766,0.11301,0.10727,0.11231,1548854900.0,2024-07-13
1720915200000,0.1123,0.11693,0.11111,0.11535,1491659500.0,2024-07-14
1721001600000,0.11535,0.12562,0.11454,0.1249,2576098500.0,2024-07-15
1721088000000,0.12489,0.12786,0.11892,0.1248,2886929600.0,2024-07-16
1721174400000,0.12481,0.12769,0.12028,0.12177,2051455900.0,2024-07-17
1721260800000,0.12178,0.12398,0.11709,0.11955,2061754100.0,2024-07-18
1721347200000,0.11955,0.1261,0.11743,0.12544,1938344600.0,2024-07-19
1721433600000,0.12545,0.13582,0.1243,0.13425,3089966600.0,2024-07-20
1721520000000,0.13425,0.1438,0.12573,0.14027,3592313700.0,2024-07-21
1721606400000,0.14029,0.14282,0.13558,0.13777,3931435600.0,2024-07-22
1721692800000,0.13776,0.13925,0.12802,0.13031,3349769400.0,2024-07-23
1721779200000,0.13031,0.13483,0.12679,0.12793,2124351400.0,2024-07-24
1721865600000,0.12791,0.12875,0.12006,0.12525,2757781000.0,2024-07-25
1721952000000,0.12526,0.13497,0.12505,0.13422,2055191500.0,2024-07-26
1722038400000,0.13422,0.13878,0.13004,0.13147,3738481800.0,2024-07-27
1722124800000,0.13146,0.13188,0.12809,0.13004,1570431700.0,2024-07-28
1722211200000,0.13004,0.13515,0.12716,0.12843,2618485500.0,2024-07-29
1722297600000,0.12843,0.13068,0.12314,0.12552,1737084900.0,2024-07-30
1722384000000,0.12552,0.12735,0.12115,0.12196,1900918800.0,2024-07-31
1722470400000,0.12196,0.12314,0.11207,0.11899,2750502300.0,2024-08-01
1722556800000,0.11901,0.11978,0.11019,0.11155,2577519000.0,2024-08-02
1722643200000,0.11155,0.11474,0.10522,0.10814,2464484600.0,2024-08-03
1722729600000,0.10814,0.10944,0.09894,0.10375,2587502400.0,2024-08-04
1722816000000,0.10376,0.1043,0.08043,0.09434,12992516600.0,2024-08-05
1722902400000,0.09435,0.10147,0.09402,0.09646,3307769500.0,2024-08-06
1722988800000,0.09645,0.10205,0.09426,0.09561,3111560400.0,2024-08-07
1723075200000,0.09561,0.10798,0.09353,0.10746,2552953800.0,2024-08-08
1723161600000,0.10747,0.10781,0.10156,0.10385,1744463700.0,2024-08-09
1723248000000,0.10385,0.10593,0.10282,0.10515,992710300.0,2024-08-10
1723334400000,0.10515,0.11098,0.10006,0.1006,2705299600.0,2024-08-11
1723420800000,0.1006,0.10869,0.10013,0.10789,2934291900.0,2024-08-12
1723507200000,0.10789,0.10905,0.10335,0.10637,1794397200.0,2024-08-13
1723593600000,0.10638,0.10693,0.10135,0.10238,1600536900.0,2024-08-14
1723680000000,0.10241,0.10495,0.09791,0.10021,2233651600.0,2024-08-15
1723766400000,0.10023,0.10205,0.09739,0.10035,1847502400.0,2024-08-16
1723852800000,0.10035,0.10375,0.10001,0.10278,1047350000.0,2024-08-17
1723939200000,0.10277,0.10448,0.09996,0.10003,1470226900.0,2024-08-18
1724025600000,0.10004,0.10189,0.09859,0.10128,1849311400.0,2024-08-19
1724112000000,0.10129,0.10572,0.10106,0.10288,2881692400.0,2024-08-20
1724198400000,0.10288,0.108,0.10209,0.10615,2025913500.0,2024-08-21
1724284800000,0.10616,0.10688,0.10395,0.10525,1305632000.0,2024-08-22
1724371200000,0.10527,0.11548,0.10523,0.11293,3155638900.0,2024-08-23
1724457600000,0.11294,0.115,0.11075,0.11259,1993747200.0,2024-08-24
1724544000000,0.11258,0.11288,0.10778,0.10958,2029922900.0,2024-08-25
1724630400000,0.10958,0.11031,0.10436,0.1052,2091201500.0,2024-08-26
1724716800000,0.1052,0.10651,0.09625,0.09889,2254755900.0,2024-08-27
1724803200000,0.09889,0.1019,0.09672,0.09962,2213480800.0,2024-08-28
1724889600000,0.09963,0.10259,0.0982,0.10036,1458075800.0,2024-08-29
1724976000000,0.10035,0.10312,0.09695,0.10178,2334376900.0,2024-08-30
1725062400000,0.10179,0.10238,0.10036,0.10127,924081200.0,2024-08-31
1725148800000,0.10127,0.1015,0.09385,0.09508,1878530800.0,2024-09-01
1725235200000,0.09507,0.09993,0.09408,0.09912,1846439000.0,2024-09-02
1725321600000,0.09912,0.1008,0.09643,0.09678,1647932100.0,2024-09-03
1725408000000,0.09678,0.0995,0.09186,0.09798,2400235700.0,2024-09-04
1725494400000,0.09797,0.09919,0.09595,0.09841,1685913200.0,2024-09-05
1725580800000,0.09841,0.09945,0.08888,0.09251,3384447500.0,2024-09-06
1725667200000,0.09251,0.09573,0.09176,0.09536,1373483100.0,2024-09-07
1725753600000,0.09537,0.09698,0.09382,0.09615,1651569900.0,2024-09-08
1725840000000,0.09615,0.10513,0.0957,0.10376,2449492300.0,2024-09-09
1725926400000,0.10376,0.10462,0.10153,0.10279,1617220600.0,2024-09-10
1726012800000,0.1028,0.10306,0.09783,0.1013,2093853200.0,2024-09-11
1726099200000,0.10129,0.10336,0.10044,0.1027,1491884200.0,2024-09-12
1726185600000,0.1027,0.10845,0.10179,0.10697,2631646100.0,2024-09-13
1726272000000,0.10698,0.10773,0.10426,0.10538,1393941100.0,2024-09-14
1726358400000,0.10538,0.10644,0.1021,0.1028,1422267700.0,2024-09-15
1726444800000,0.10281,0.10323,0.09834,0.09964,1903773700.0,2024-09-16
1726531200000,0.09963,0.10263,0.09867,0.10111,1742360700.0,2024-09-17
1726617600000,0.1011,0.10392,0.09927,0.10387,2101118100.0,2024-09-18
1726704000000,0.10388,0.10713,0.10336,0.10501,2452166400.0,2024-09-19
1726790400000,0.10501,0.10749,0.1036,0.10556,2366856200.0,2024-09-20
1726876800000,0.10556,0.11053,0.10405,0.10995,1811249900.0,2024-09-21
1726963200000,0.10994,0.10999,0.10375,0.10633,1793139800.0,2024-09-22
1727049600000,0.10634,0.10923,0.10411,0.10804,1938458200.0,2024-09-23
1727136000000,0.10804,0.11064,0.10683,0.10978,2446245200.0,2024-09-24
1727222400000,0.10978,0.11118,0.10797,0.10849,2043977200.0,2024-09-25
1727308800000,0.1085,0.12076,0.10697,0.11814,4185269900.0,2024-09-26
1727395200000,0.11814,0.12876,0.11701,0.12353,4373327400.0,2024-09-27
1727481600000,0.12354,0.132,0.12012,0.12811,4531953400.0,2024-09-28
1727568000000,0.12811,0.13042,0.12433,0.12435,3302443500.0,2024-09-29
1727654400000,0.12437,0.12462,0.11315,0.1142,3836025200.0,2024-09-30
1727740800000,0.11421,0.11935,0.10243,0.10684,5694692500.0,2024-10-01
1727827200000,0.10683,0.10949,0.10219,0.10463,3372967600.0,2024-10-02
1727913600000,0.10462,0.10683,0.10101,0.10507,3091966000.0,2024-10-03
1728000000000,0.10506,0.1106,0.10472,0.10925,2797669600.0,2024-10-04
1728086400000,0.10924,0.11027,0.10745,0.10941,1285141800.0,2024-10-05
1728172800000,0.10942,0.11287,0.10841,0.11157,1579933200.0,2024-10-06
1728259200000,0.11157,0.11549,0.10817,0.10842,3050759900.0,2024-10-07
1728345600000,0.10842,0.10985,0.10522,0.1071,2206096200.0,2024-10-08
1728432000000,0.1071,0.11151,0.10607,0.10795,3186352000.0,2024-10-09
1728518400000,0.10795,0.10869,0.10308,0.106,2387869100.0,2024-10-10
1728604800000,0.106,0.1114,0.10564,0.11075,2057322700.0,2024-10-11
1728691200000,0.11075,0.11225,0.10932,0.11138,1273169600.0,2024-10-12
1728777600000,0.11138,0.11212,0.10861,0.1114,1639576100.0,2024-10-13
1728864000000,0.1114,0.11775,0.1093,0.11673,2963651100.0,2024-10-14
1728950400000,0.11673,0.11936,0.11011,0.11746,5040817000.0,2024-10-15
1729036800000,0.11748,0.12982,0.11577,0.12573,7084767100.0,2024-10-16
1729123200000,0.12574,0.13099,0.12051,0.12962,5362830800.0,2024-10-17
1729209600000,0.12962,0.14096,0.12948,0.13721,7379523500.0,2024-10-18
1729296000000,0.13721,0.14705,0.137,0.14411,6679623200.0,2024-10-19
1729382400000,0.1441,0.14574,0.13722,0.14218,4394884400.0,2024-10-20
1729468800000,0.14217,0.14978,0.1382,0.14367,6687752500.0,2024-10-21
1729555200000,0.14366,0.14854,0.13651,0.13971,5626640700.0,2024-10-22
1729641600000,0.13972,0.14098,0.13311,0.13998,5151752100.0,2024-10-23
1729728000000,0.13997,0.14394,0.13631,0.14192,4265055500.0,2024-10-24
1729814400000,0.14191,0.14276,0.12773,0.13158,4912531900.0,2024-10-25
1729900800000,0.13159,0.13828,0.13067,0.13745,2632906400.0,2024-10-26
1729987200000,0.13744,0.14639,0.13608,0.14429,3065233300.0,2024-10-27
1730073600000,0.14429,0.16268,0.14112,0.16145,9001006300.0,2024-10-28
1730160000000,0.16145,0.1798,0.16054,0.17588,9814499500.0,2024-10-29
1730246400000,0.17587,0.17798,0.16444,0.16828,6163502500.0,2024-10-30
1730332800000,0.16829,0.17367,0.15648,0.16167,6858943900.0,2024-10-31
1730419200000,0.16167,0.16905,0.15415,0.15915,8259615000.0,2024-11-01
1730505600000,0.15915,0.16362,0.15546,0.15958,3834764200.0,2024-11-02
1730592000000,0.15958,0.15991,0.14221,0.15136,8224145200.0,2024-11-03
1730678400000,0.15137,0.16027,0.14822,0.15824,9265954500.0,2024-11-04
1730764800000,0.15824,0.1799,0.15795,0.16996,13085196000.0,2024-11-05
1730851200000,0.16995,0.22,0.16901,0.19656,27623919100.0,2024-11-06
1730937600000,0.19656,0.20463,0.18437,0.19332,9327146700.0,2024-11-07
1731024000000,0.19331,0.20704,0.19055,0.20199,7987605000.0,2024-11-08
1731110400000,0.202,0.22016,0.19726,0.21893,7577800800.0,2024-11-09
1731196800000,0.21895,0.29804,0.2163,0.27778,21411479700.0,2024-11-10
1731283200000,0.27779,0.35219,0.27261,0.3518,20342257700.0,2024-11-11
1731369600000,0.35181,0.44,0.32696,0.38,38758691900.0,2024-11-12
1731456000000,0.38008,0.43426,0.35145,0.39888,23672557300.0,2024-11-13
1731542400000,0.39891,0.41684,0.35239,0.36239,12906904100.0,2024-11-14
1731628800000,0.36239,0.385,0.3526,0.38176,10287203700.0,2024-11-15
1731715200000,0.38177,0.39158,0.35943,0.36418,6302325800.0,2024-11-16
1731801600000,0.36419,0.376,0.33941,0.36714,7560902500.0,2024-11-17
1731888000000,0.36714,0.38106,0.3572,0.37128,7351768900.0,2024-11-18
1731974400000,0.37128,0.42,0.36627,0.39065,10861560500.0,2024-11-19
1732060800000,0.39069,0.39686,0.36383,0.37789,7614507500.0,2024-11-20
1732147200000,0.37789,0.396,0.36883,0.38675,7133197600.0,2024-11-21
1732233600000,0.38677,0.42048,0.3809,0.41267,10687144400.0,2024-11-22
1732320000000,0.41268,0.48043,0.40413,0.43028,14623152000.0,2024-11-23
1732406400000,0.43028,0.45348,0.39937,0.43033,9653886500.0,2024-11-24
1732492800000,0.43038,0.4376,0.38074,0.39274,8800741500.0,2024-11-25
1732579200000,0.39273,0.40888,0.36475,0.3871,9280140500.0,2024-11-26
1732665600000,0.38712,0.40797,0.38029,0.40117,5683812600.0,2024-11-27
1732752000000,0.40117,0.42904,0.39115,0.40171,6086992900.0,2024-11-28
1732838400000,0.40172,0.43778,0.39946,0.42645,5335675600.0,2024-11-29
1732924800000,0.42646,0.43585,0.41402,0.42164,4043179900.0,2024-11-30
1733011200000,0.42165,0.44999,0.41626,0.44067,6086328200.0,2024-12-01
1733097600000,0.44073,0.46369,0.4,0.42475,9958442000.0,2024-12-02
1733184000000,0.42476,0.42976,0.388,0.40669,6367414100.0,2024-12-03
1733270400000,0.40672,0.43688,0.40008,0.4329,5875736700.0,2024-12-04
1733356800000,0.4329,0.46689,0.407,0.427,10591299800.0,2024-12-05
1733443200000,0.427,0.4418,0.42,0.43485,4900170400.0,2024-12-06
1733529600000,0.43486,0.46665,0.43065,0.45306,5671905200.0,2024-12-07
1733616000000,0.45307,0.48468,0.446,0.46654,6611479600.0,2024-12-08
1733702400000,0.46656,0.46761,0.3582,0.41394,11999107300.0,2024-12-09
1733788800000,0.41399,0.42294,0.3652,0.39391,11867131200.0,2024-12-10
1733875200000,0.39392,0.41957,0.3752,0.41416,6317838700.0,2024-12-11
1733961600000,0.41415,0.42426,0.40107,0.40614,4906535800.0,2024-12-12
1734048000000,0.40613,0.41228,0.39918,0.409,3401596300.0,2024-12-13
1734134400000,0.40899,0.41415,0.38702,0.39834,3656636300.0,2024-12-14
1734220800000,0.39835,0.41174,0.39226,0.40666,2709228300.0,2024-12-15
1734307200000,0.40669,0.41516,0.39229,0.40196,3933184500.0,2024-12-16
1734393600000,0.40194,0.41034,0.39115,0.39413,3608989200.0,2024-12-17
1734480000000,0.39414,0.39644,0.34455,0.35823,6544995500.0,2024-12-18
1734566400000,0.35824,0.36738,0.29974,0.31438,11503941100.0,2024-12-19
1734652800000,0.31438,0.32918,0.2619,0.31793,14569009200.0,2024-12-20
1734739200000,0.31792,0.34999,0.31403,0.32048,8570137300.0,2024-12-21
1734825600000,0.32048,0.3247,0.30502,0.31268,6238565400.0,2024-12-22
1734912000000,0.31269,0.32885,0.30285,0.32494,6291310500.0,2024-12-23
1734998400000,0.32495,0.34061,0.31618,0.33712,4457603800.0,2024-12-24
1735084800000,0.33713,0.34232,0.32618,0.33432,3244615500.0,2024-12-25
1735171200000,0.33434,0.33808,0.30831,0.31269,3660858700.0,2024-12-26
1735257600000,0.31268,0.32498,0.30863,0.31189,3518682400.0,2024-12-27
1735344000000,0.31189,0.32766,0.31122,0.32439,1909356300.0,2024-12-28
1735430400000,0.3244,0.32976,0.31192,0.31443,2504337900.0,2024-12-29
1735516800000,0.31442,0.3233,0.30651,0.31397,4103873800.0,2024-12-30
1735603200000,0.31397,0.3292,0.30927,0.31596,3286838200.0,2024-12-31
1735689600000,0.31597,0.3275,0.312,0.32514,2257311800.0,2025-01-01
1735776000000,0.32513,0.34499,0.32463,0.33895,3980209900.0,2025-01-02
1735862400000,0.33896,0.38957,0.33588,0.37992,5829394700.0,2025-01-03
1735948800000,0.37992,0.39887,0.37647,0.39498,5334286300.0,2025-01-04
1736035200000,0.39499,0.39797,0.37506,0.38234,3649260800.0,2025-01-05
1736121600000,0.38235,0.39604,0.37604,0.38784,4280693400.0,2025-01-06
1736208000000,0.38785,0.39845,0.347,0.34792,7867297500.0,2025-01-07
1736294400000,0.34793,0.35562,0.32461,0.34224,6432001600.0,2025-01-08
1736380800000,0.34225,0.34688,0.31423,0.32095,5894545700.0,2025-01-09
1736467200000,0.32094,0.33987,0.32085,0.33387,5117736300.0,2025-01-10
1736553600000,0.33387,0.34817,0.32959,0.34121,2492592500.0,2025-01-11
1736640000000,0.34122,0.34359,0.33157,0.3359,2201270800.0,2025-01-12
1736726400000,0.3359,0.34623,0.30932,0.33811,6041994800.0,2025-01-13
1736812800000,0.33812,0.3624,0.33586,0.35594,4451178500.0,2025-01-14
1736899200000,0.35595,0.38788,0.34819,0.38531,5674478600.0,2025-01-15
1736985600000,0.38532,0.39038,0.3677,0.37645,5049825600.0,2025-01-16
1737072000000,0.37649,0.42251,0.37557,0.41528,5996260600.0,2025-01-17
1737158400000,0.4153,0.43429,0.38301,0.39642,7265331100.0,2025-01-18
1737244800000,0.39643,0.41,0.34662,0.35829,8497698500.0,2025-01-19
1737331200000,0.35832,0.38673,0.34472,0.35454,8431885400.0,2025-01-20
1737417600000,0.35457,0.40164,0.3356,0.37185,8250901300.0,2025-01-21
1737504000000,0.37186,0.37409,0.35512,0.36287,3051079760.0,2025-01-22
1737590400000,0.36287,0.3645,0.34135,0.35209,3721043980.0,2025-01-23
1737676800000,0.3521,0.36479,0.34275,0.35088,2567089000.0,2025-01-24
1737763200000,0.35086,0.36167,0.34533,0.3536,2060634920.0,2025-01-25
1737849600000,0.35356,0.35747,0.33439,0.33596,1657508000.0,2025-01-26
1737936000000,0.33595,0.33719,0.30478,0.33396,5241502300.0,2025-01-27
1738022400000,0.33397,0.33916,0.31514,0.31867,2604843920.0,2025-01-28
1738108800000,0.31867,0.33499,0.31679,0.32402,2743130110.0,2025-01-29
1738195200000,0.32403,0.33886,0.32194,0.3315,1635721280.0,2025-01-30
1738281600000,0.3315,0.34181,0.32342,0.32893,2316530900.0,2025-01-31
1738368000000,0.32893,0.33231,0.30321,0.30789,2185256420.0,2025-02-01
1738454400000,0.30789,0.3148,0.24946,0.268,8047387540.0,2025-02-02
1738540800000,0.26801,0.29296,0.2,0.28484,15146102070.0,2025-02-03
1738627200000,0.28483,0.28906,0.25523,0.26342,6024138830.0,2025-02-04
1738713600000,0.26343,0.26922,0.2533,0.25619,2846945020.0,2025-02-05
1738800000000,0.2562,0.26597,0.24278,0.24786,3062971500.0,2025-02-06
1738886400000,0.24786,0.26172,0.23851,0.24647,3146673720.0,2025-02-07
1738972800000,0.24647,0.25426,0.24446,0.25293,1488464200.0,2025-02-08
1739059200000,0.25293,0.25999,0.23975,0.24887,2146269400.0,2025-02-09
1739145600000,0.24887,0.25649,0.24156,0.25537,2551692500.0,2025-02-10
1739232000000,0.25538,0.27015,0.24837,0.25309,3644845700.0,2025-02-11
1739318400000,0.25306,0.26738,0.24658,0.26423,3682008750.0,2025-02-12
1739404800000,0.26424,0.26711,0.25329,0.26243,2360498140.0,2025-02-13
1739491200000,0.26244,0.2868,0.26084,0.27179,4062326020.0,2025-02-14
1739577600000,0.2718,0.28331,0.26823,0.27178,2727575990.0,2025-02-15
1739664000000,0.27177,0.27425,0.2634,0.26556,1805927900.0,2025-02-16
1739750400000,0.26556,0.26892,0.25373,0.25822,2912935820.0,2025-02-17
1739836800000,0.25822,0.25993,0.24208,0.25134,2974755500.0,2025-02-18
1739923200000,0.25134,0.2554,0.24889,0.25474,1905509290.0,2025-02-19
1740009600000,0.25474,0.25756,0.24985,0.25471,1794439060.0,2025-02-20
1740096000000,0.25471,0.26117,0.23436,0.23961,3738243000.0,2025-02-21
1740182400000,0.23962,0.24783,0.23803,0.24658,1401929900.0,2025-02-22
1740268800000,0.24658,0.24757,0.24042,0.24283,1223736170.0,2025-02-23
1740355200000,0.24283,0.24397,0.20571,0.21045,5119895480.0,2025-02-24
1740441600000,0.21045,0.21461,0.19559,0.21159,6888350150.0,2025-02-25
1740528000000,0.21159,0.2141,0.19604,0.2036,4309712290.0,2025-02-26
1740614400000,0.2036,0.21162,0.20103,0.20688,3024118630.0,2025-02-27
1740700800000,0.20689,0.20726,0.18147,0.20181,7086600630.0,2025-02-28
1740787200000,0.20181,0.209,0.19931,0.20673,3019712590.0,2025-03-01
1740873600000,0.20673,0.24218,0.20157,0.23931,7048659150.0,2025-03-02
1740960000000,0.23931,0.2406,0.19326,0.19912,5474992790.0,2025-03-03
1741046400000,0.19912,0.20241,0.18268,0.19905,5823345210.0,2025-03-04
1741132800000,0.19905,0.20665,0.19632,0.20471,2854811250.0,2025-03-05
1741219200000,0.20471,0.21994,0.19899,0.20153,4258971880.0,2025-03-06
1741305600000,0.20153,0.20874,0.19009,0.19843,4637881180.0,2025-03-07
1741392000000,0.19843,0.20088,0.19109,0.19234,2114215190.0,2025-03-08
1741478400000,0.19233,0.19426,0.16529,0.16809,5778418630.0,2025-03-09
1741564800000,0.1681,0.181,0.15044,0.15411,6952619440.0,2025-03-10
1741651200000,0.15411,0.16861,0.14258,0.16456,7438068730.0,2025-03-11
1741737600000,0.16456,0.17422,0.15953,0.17239,5061255250.0,2025-03-12
1741824000000,0.17238,0.17299,0.16172,0.16524,4353765910.0,2025-03-13
1741910400000,0.16524,0.17625,0.1646,0.17195,3005839190.0,2025-03-14
1741996800000,0.17194,0.17786,0.17121,0.17597,2125696900.0,2025-03-15
1742083200000,0.17597,0.17692,0.16563,0.16814,3396310460.0,2025-03-16
1742169600000,0.16816,0.17624,0.16799,0.17334,3006404070.0,2025-03-17
1742256000000,0.17335,0.17353,0.16274,0.16801,3467000620.0,2025-03-18
1742342400000,0.16802,0.1788,0.16674,0.17797,3525075650.0,2025-03-19
1742428800000,0.17798,0.17918,0.16663,0.16949,2610812650.0,2025-03-20
1742515200000,0.1695,0.17156,0.16464,0.16728,2285477170.0,2025-03-21
1742601600000,0.16728,0.16978,0.16656,0.16738,1354927860.0,2025-03-22
1742688000000,0.16737,0.17264,0.16702,0.17262,2067801350.0,2025-03-23
1742774400000,0.17262,0.18906,0.17065,0.18298,4329261110.0,2025-03-24
1742860800000,0.18298,0.1936,0.18082,0.1907,5280985150.0,2025-03-25
1742947200000,0.1907,0.20586,0.18938,0.19492,6637145860.0,2025-03-26
1743033600000,0.19492,0.20064,0.18775,0.19049,4360209020.0,2025-03-27
1743120000000,0.19049,0.19293,0.17717,0.18027,4588129480.0,2025-03-28
1743206400000,0.18027,0.18257,0.16575,0.16957,4360896070.0,2025-03-29
1743292800000,0.16958,0.1724,0.16444,0.1665,3309505380.0,2025-03-30
1743379200000,0.1665,0.16838,0.16001,0.16666,5373079560.0,2025-03-31
1743465600000,0.16665,0.17581,0.16598,0.174,4394841330.0,2025-04-01
1743552000000,0.174,0.18024,0.16194,0.16382,6154762800.0,2025-04-02
1743638400000,0.16382,0.16745,0.1553,0.16231,4572081710.0,2025-04-03
1743724800000,0.16232,0.17286,0.15993,0.17128,5961595230.0,2025-04-04
1743811200000,0.17128,0.17175,0.16609,0.16899,2135932600.0,2025-04-05
1743897600000,0.16898,0.17008,0.14573,0.14922,5906179760.0,2025-04-06
1743984000000,0.14923,0.15413,0.12985,0.14959,14197561980.0,2025-04-07
1744070400000,0.14958,0.15707,0.14107,0.1423,6673885970.0,2025-04-08
1744156800000,0.14231,0.16428,0.1365,0.16032,9029258990.0,2025-04-09
1744243200000,0.16033,0.1605,0.14877,0.15356,4673278560.0,2025-04-10
1744329600000,0.15355,0.16246,0.15328,0.16004,3334126990.0,2025-04-11
1744416000000,0.16004,0.16952,0.1576,0.16766,3192123580.0,2025-04-12
1744502400000,0.16766,0.16872,0.16101,0.16258,3304591750.0,2025-04-13
1744588800000,0.16258,0.16972,0.15715,0.15851,3721486820.0,2025-04-14
1744675200000,0.15851,0.16135,0.15309,0.15356,3155252940.0,2025-04-15
1744761600000,0.15356,0.15745,0.15017,0.15469,3344668910.0,2025-04-16
1744848000000,0.1547,0.15949,0.15293,0.15587,2460953240.0,2025-04-17
1744934400000,0.15587,0.15898,0.15354,0.1576,1840697330.0,2025-04-18
1745020800000,0.15761,0.16095,0.15622,0.15736,1680759220.0,2025-04-19
1745107200000,0.15735,0.15957,0.15233,0.15525,2350484060.0,2025-04-20
1745193600000,0.15526,0.16371,0.15501,0.15941,3696384570.0,2025-04-21
1745280000000,0.15941,0.18,0.15719,0.17868,5116988790.0,2025-04-22
1745366400000,0.17868,0.18547,0.17493,0.17865,5225789660.0,2025-04-23
1745452800000,0.17864,0.18323,0.16977,0.18251,5082997140.0,2025-04-24
1745539200000,0.18251,0.18615,0.17743,0.18152,4836910750.0,2025-04-25
1745625600000,0.18153,0.19295,0.18003,0.18185,3755719940.0,2025-04-26
1745712000000,0.18186,0.18346,0.17642,0.17925,3136124580.0,2025-04-27
1745798400000,0.17925,0.18272,0.17366,0.17896,3780999630.0,2025-04-28
1745884800000,0.17896,0.18068,0.17228,0.17456,2878360720.0,2025-04-29
1745971200000,0.17456,0.17659,0.1666,0.17217,3367293700.0,2025-04-30
1746057600000,0.17217,0.18329,0.172,0.18056,3084135210.0,2025-05-01
1746144000000,0.18056,0.18443,0.17906,0.18144,2619288560.0,2025-05-02
1746230400000,0.18144,0.18208,0.17517,0.17557,1864977140.0,2025-05-03
1746316800000,0.17558,0.17733,0.16968,0.1704,2398164780.0,2025-05-04
1746403200000,0.1704,0.17458,0.16815,0.1705,2747378200.0,2025-05-05
1746489600000,0.17049,0.1725,0.16412,0.17208,3136498620.0,2025-05-06
1746576000000,0.17208,0.17438,0.16889,0.17195,2866869670.0,2025-05-07
1746662400000,0.17195,0.1984,0.1716,0.19808,5165867690.0,2025-05-08
1746748800000,0.19809,0.21448,0.1929,0.20522,6049706120.0,2025-05-09
1746835200000,0.20522,0.25117,0.2033,0.25059,8262292180.0,2025-05-10
1746921600000,0.25055,0.25971,0.22182,0.23176,7863895040.0,2025-05-11
1747008000000,0.23176,0.25342,0.22035,0.2309,9067781960.0,2025-05-12
1747094400000,0.23091,0.24307,0.21717,0.24073,6625687350.0,2025-05-13
1747180800000,0.24073,0.24765,0.22778,0.23267,5129129910.0,2025-05-14
1747267200000,0.23268,0.23668,0.21354,0.21925,6848482920.0,2025-05-15
1747353600000,0.21924,0.23088,0.21777,0.22098,4732597760.0,2025-05-16
1747440000000,0.22097,0.22213,0.21061,0.2145,4241802520.0,2025-05-17
1747526400000,0.2145,0.23797,0.21386,0.233,6344206550.0,2025-05-18
1747612800000,0.23301,0.23573,0.21353,0.22437,5409011770.0,2025-05-19
1747699200000,0.22438,0.23079,0.21747,0.22616,5070779900.0,2025-05-20
1747785600000,0.22616,0.23797,0.22244,0.23396,6809535490.0,2025-05-21
1747872000000,0.23397,0.2457,0.23374,0.24551,5265519230.0,2025-05-22
1747958400000,0.24551,0.25436,0.22301,0.22508,7567952790.0,2025-05-23
1748044800000,0.22509,0.23032,0.22343,0.22501,2324576170.0,2025-05-24
1748131200000,0.22501,0.22638,0.21545,0.22476,3385467260.0,2025-05-25
1748217600000,0.22475,0.23024,0.22231,0.22588,3101629350.0,2025-05-26
1748304000000,0.22589,0.23203,0.21951,0.22591,3462056930.0,2025-05-27
1748390400000,0.22591,0.22783,0.21673,0.22086,2785844980.0,2025-05-28
1748476800000,0.22086,0.22788,0.21378,0.21478,4147051840.0,2025-05-29
1748563200000,0.21477,0.2164,0.19042,0.19346,6977718350.0,2025-05-30
1748649600000,0.19346,0.19543,0.18536,0.1924,4902044800.0,2025-05-31
1748736000000,0.19239,0.19475,0.186,0.19349,3531254110.0,2025-06-01
1748822400000,0.19349,0.19633,0.18841,0.19498,3195878690.0,2025-06-02
1748908800000,0.19498,0.20038,0.19126,0.19302,3472695090.0,2025-06-03
1748995200000,0.19302,0.19696,0.18685,0.18802,2909521830.0,2025-06-04
1749081600000,0.18802,0.19238,0.16781,0.17096,7664533380.0,2025-06-05
1749168000000,0.17097,0.18441,0.1693,0.1787,4567160340.0,2025-06-06
1749254400000,0.17871,0.18858,0.17765,0.18501,3385190090.0,2025-06-07
1749340800000,0.18501,0.18693,0.18037,0.18408,2988460410.0,2025-06-08
1749427200000,0.18408,0.1961,0.18015,0.19481,4748662480.0,2025-06-09
1749513600000,0.19482,0.19848,0.18859,0.19838,5417744440.0,2025-06-10
1749600000000,0.19838,0.2066,0.19113,0.19282,5965918660.0,2025-06-11
1749686400000,0.19281,0.19364,0.17977,0.18101,5320806840.0,2025-06-12
1749772800000,0.18102,0.18137,0.16964,0.18032,7645789460.0,2025-06-13
1749859200000,0.18032,0.18035,0.17447,0.17813,2884580250.0,2025-06-14
1749945600000,0.17814,0.1786,0.1713,0.17544,3365231220.0,2025-06-15
1750032000000,0.17544,0.1811,0.17202,0.17262,4604305420.0,2025-06-16
1750118400000,0.17262,0.17605,0.16381,0.16927,5688172440.0,2025-06-17
1750204800000,0.16928,0.17213,0.16396,0.17059,4734423250.0,2025-06-18
1750291200000,0.17059,0.17195,0.16764,0.17083,2495589400.0,2025-06-19
1750377600000,0.17083,0.17187,0.15825,0.16227,5531819150.0,2025-06-20
1750464000000,0.16228,0.16428,0.15,0.15437,4009288280.0,2025-06-21
1750550400000,0.15438,0.15766,0.14258,0.15121,8201837200.0,2025-06-22
1750636800000,0.15121,0.16519,0.14851,0.16367,6816277180.0,2025-06-23
1750723200000,0.16367,0.16757,0.16156,0.1656,4352746750.0,2025-06-24
1750809600000,0.16561,0.16763,0.16242,0.16453,3752028640.0,2025-06-25
1750896000000,0.16453,0.16806,0.15782,0.15994,4451810900.0,2025-06-26
1750982400000,0.15994,0.16299,0.1569,0.16094,3065063940.0,2025-06-27
1751068800000,0.16094,0.16496,0.16028,0.16356,1811522600.0,2025-06-28
1751155200000,0.16357,0.16995,0.16251,0.16937,2184195160.0,2025-06-29
1751241600000,0.16937,0.16984,0.16206,0.16508,3583154520.0,2025-06-30
1751328000000,0.16509,0.16621,0.15661,0.15768,3142531430.0,2025-07-01
1751414400000,0.15767,0.17259,0.1564,0.16865,4636010120.0,2025-07-02
1751500800000,0.16864,0.17534,0.16736,0.17195,4458467110.0,2025-07-03
1751587200000,0.17194,0.17292,0.16115,0.16282,3776116790.0,2025-07-04
1751673600000,0.16282,0.16498,0.16184,0.16413,1910640810.0,2025-07-05
1751760000000,0.16413,0.17515,0.16302,0.17186,4410657850.0,2025-07-06
1751846400000,0.17187,0.17715,0.1656,0.16783,5014816510.0,2025-07-07
1751932800000,0.16784,0.17193,0.16581,0.17085,3518982660.0,2025-07-08
1752019200000,0.17085,0.18675,0.16984,0.18052,6150269920.0,2025-07-09
1752105600000,0.18053,0.19642,0.17871,0.19499,5765380700.0,2025-07-10
1752192000000,0.19498,0.21377,0.19114,0.20109,10425549840.0,2025-07-11
1752278400000,0.20109,0.20663,0.19182,0.19733,5695850110.0,2025-07-12
1752364800000,0.19733,0.20407,0.19567,0.19847,4384752900.0,2025-07-13
1752451200000,0.19846,0.21088,0.19448,0.19747,6662282230.0,2025-07-14
1752537600000,0.19746,0.19938,0.18841,0.19922,6388419850.0,2025-07-15
1752624000000,0.19922,0.22092,0.19554,0.21281,6652378920.0,2025-07-16
1752710400000,0.21281,0.22256,0.20669,0.21836,7389613340.0,2025-07-17
1752796800000,0.21836,0.25448,0.21623,0.2359,13940655290.0,2025-07-18
1752883200000,0.23591,0.258,0.23565,0.24151,9764674140.0,2025-07-19
1752969600000,0.2415,0.27858,0.24006,0.27392,11594713790.0,2025-07-20
1753056000000,0.27393,0.2879,0.26441,0.2716,11434852490.0,2025-07-21
1753142400000,0.27162,0.27511,0.25757,0.27123,8988321370.0,2025-07-22
1753228800000,0.27123,0.27139,0.23074,0.24084,9751567700.0,2025-07-23
1753315200000,0.24085,0.24682,0.22175,0.23219,10031722700.0,2025-07-24
1753401600000,0.23219,0.23698,0.22083,0.23673,7915909830.0,2025-07-25
1753488000000,0.23674,0.24033,0.23302,0.23545,3744742520.0,2025-07-26
1753574400000,0.23545,0.2438,0.23432,0.2407,5177883680.0,2025-07-27
1753660800000,0.24071,0.24859,0.22424,0.22614,6470266910.0,2025-07-28
1753747200000,0.22615,0.23271,0.2172,0.22387,5936755200.0,2025-07-29
1753833600000,0.22387,0.22656,0.20853,0.21992,7232551960.0,2025-07-30
1753920000000,0.21992,0.22557,0.20804,0.2097,4948884170.0,2025-07-31
1754006400000,0.2097,0.21241,0.19524,0.20086,8722114710.0,2025-08-01
1754092800000,0.20086,0.20342,0.18937,0.19092,5730165130.0,2025-08-02
1754179200000,0.19093,0.20049,0.18853,0.19866,3450572790.0,2025-08-03
1754265600000,0.19866,0.21118,0.19838,0.21029,4371510430.0,2025-08-04
1754352000000,0.2103,0.21098,0.19574,0.19973,5087902080.0,2025-08-05
1754438400000,0.19974,0.20709,0.19551,0.2052,3957566790.0,2025-08-06
1754524800000,0.20521,0.22297,0.20325,0.2222,4638095690.0,2025-08-07
1754611200000,0.2222,0.23244,0.21938,0.23033,5577214120.0,2025-08-08
1754697600000,0.23033,0.24673,0.22963,0.24,6558209810.0,2025-08-09
1754784000000,0.24,0.24359,0.22933,0.23384,5426057520.0,2025-08-10
1754870400000,0.23384,0.2418,0.22116,0.22207,6907850210.0,2025-08-11
1754956800000,0.22207,0.23835,0.2187,0.2358,5846676350.0,2025-08-12
1755043200000,0.23581,0.25063,0.23139,0.24489,7437237060.0,2025-08-13
1755129600000,0.24489,0.25589,0.21701,0.22374,10636424800.0,2025-08-14
1755216000000,0.22373,0.23291,0.22005,0.22878,6960176550.0,2025-08-15
1755302400000,0.22878,0.23628,0.22507,0.23103,4742910220.0,2025-08-16
1755388800000,0.23103,0.24258,0.22827,0.23449,5286259720.0,2025-08-17
1755475200000,0.23449,0.2355,0.21978,0.22256,6260646740.0,2025-08-18
1755561600000,0.22255,0.22562,0.20864,0.20935,5849996020.0,2025-08-19
1755648000000,0.20936,0.22281,0.2076,0.22161,4988008820.0,2025-08-20
1755734400000,0.2216,0.22446,0.21375,0.21468,4293501240.0,2025-08-21
1755820800000,0.21467,0.24234,0.20814,0.24062,8310117210.0,2025-08-22
1755907200000,0.24063,0.24097,0.22893,0.23637,4019072020.0,2025-08-23
1755993600000,0.23636,0.24497,0.22751,0.23181,6241812580.0,2025-08-24
1756080000000,0.23181,0.23457,0.20569,0.20955,7147474160.0,2025-08-25
1756166400000,0.20956,0.21997,0.20696,0.21833,4341416270.0,2025-08-26
1756252800000,0.21833,0.22389,0.21601,0.21887,4509175090.0,2025-08-27
1756339200000,0.21888,0.22599,0.21661,0.22432,3616689360.0,2025-08-28
1756425600000,0.22433,0.22539,0.20969,0.21382,5394318930.0,2025-08-29
1756512000000,0.21382,0.2188,0.2111,0.21588,2469600930.0,2025-08-30
1756598400000,0.21587,0.22129,0.21312,0.21361,2339439530.0,2025-08-31
1756684800000,0.2136,0.2198,0.20454,0.21064,5609945100.0,2025-09-01
1756771200000,0.21063,0.21565,0.20645,0.2148,4652252190.0,2025-09-02
1756857600000,0.21481,0.22349,0.21239,0.22025,2931620980.0,2025-09-03
1756944000000,0.22024,0.22105,0.21037,0.2123,3034944070.0,2025-09-04
1757030400000,0.2123,0.22093,0.2117,0.21779,3787211330.0,2025-09-05
1757116800000,0.21779,0.2188,0.21212,0.21582,1935432970.0,2025-09-06
1757203200000,0.21581,0.22922,0.21559,0.22867,2561133270.0,2025-09-07
1757289600000,0.22867,0.24419,0.22643,0.24168,4944611180.0,2025-09-08
1757376000000,0.24168,0.24953,0.23344,0.2406,6354440680.0,2025-09-09
1757462400000,0.24061,0.24872,0.23604,0.24529,4675756520.0,2025-09-10
1757548800000,0.2453,0.2568,0.24176,0.25591,5636014710.0,2025-09-11
1757635200000,0.2559,0.27865,0.25467,0.27559,6661832170.0,2025-09-12
1757721600000,0.27558,0.30698,0.27271,0.28959,13652506990.0,2025-09-13
1757808000000,0.28958,0.29526,0.27278,0.27795,9141718420.0,2025-09-14
1757894400000,0.27796,0.28216,0.25866,0.2682,10027738390.0,2025-09-15
1757980800000,0.2682,0.27196,0.2568,0.26983,7469172210.0,2025-09-16
1758067200000,0.26983,0.28365,0.25978,0.2824,8265597670.0,2025-09-17
1758153600000,0.28239,0.28875,0.27534,0.27847,7278117620.0,2025-09-18
1758240000000,0.27846,0.28482,0.26254,0.26511,6146687750.0,2025-09-19
1758326400000,0.26511,0.26933,0.26288,0.26749,3070227810.0,2025-09-20
1758412800000,0.26748,0.26958,0.26018,0.26064,3285835550.0,2025-09-21
1758499200000,0.26063,0.26222,0.22887,0.24108,9700878860.0,2025-09-22
1758585600000,0.24109,0.24388,0.23388,0.23698,5515799480.0,2025-09-23
1758672000000,0.23697,0.25048,0.23064,0.24097,6046049510.0,2025-09-24
1758758400000,0.24098,0.2419,0.22025,0.22282,8916094040.0,2025-09-25
1758844800000,0.22282,0.23325,0.22126,0.23233,5655357840.0,2025-09-26
1758931200000,0.23233,0.23421,0.22762,0.2307,2632731410.0,2025-09-27
1759017600000,0.2307,0.23761,0.22486,0.23721,3293460230.0,2025-09-28
1759104000000,0.23721,0.23888,0.22843,0.2347,4546321400.0,2025-09-29
1759190400000,0.23469,0.23584,0.22614,0.23284,4313780280.0,2025-09-30
1759276800000,0.23285,0.24914,0.23018,0.24893,4997454520.0,2025-10-01
1759363200000,0.24893,0.26407,0.2466,0.2619,6066421860.0,2025-10-02
1759449600000,0.2619,0.26529,0.25262,0.25813,6049119070.0,2025-10-03
1759536000000,0.25813,0.25971,0.24662,0.25071,3558872780.0,2025-10-04
1759622400000,0.25071,0.26508,0.24941,0.25269,6472849100.0,2025-10-05
1759708800000,0.25269,0.27045,0.25039,0.26601,6088753500.0,2025-10-06
1759795200000,0.26601,0.26829,0.24606,0.24673,8005793310.0,2025-10-07
1759881600000,0.24674,0.26105,0.24269,0.25557,5884682230.0,2025-10-08
1759968000000,0.25557,0.25586,0.2408,0.2484,6340846180.0,2025-10-09
1760054400000,0.2484,0.25398,0.08669,0.19395,19904754440.0,2025-10-10
1760140800000,0.19395,0.20058,0.17803,0.18519,12841941130.0,2025-10-11
1760227200000,0.18519,0.21398,0.18066,0.20706,12356597070.0,2025-10-12
1760313600000,0.20705,0.2182,0.20168,0.21373,9313427010.0,2025-10-13
1760400000000,0.21373,0.21556,0.19326,0.20426,12988684200.0,2025-10-14
1760486400000,0.20425,0.20847,0.19407,0.19614,7488259200.0,2025-10-15
1760572800000,0.19614,0.20137,0.18458,0.18839,9101289540.0,2025-10-16
1760659200000,0.18839,0.19108,0.17544,0.18464,8507527930.0,2025-10-17
1760745600000,0.18464,0.19056,0.18416,0.18951,3745579700.0,2025-10-18
1760832000000,0.18951,0.19853,0.18589,0.19527,5974754990.0,2025-10-19
1760918400000,0.19527,0.20239,0.19155,0.19993,5448507790.0,2025-10-20
1761004800000,0.19992,0.20558,0.19191,0.19417,8083723150.0,2025-10-21
1761091200000,0.19417,0.19533,0.18437,0.18979,7242337060.0,2025-10-22
1761177600000,0.1898,0.19739,0.18944,0.19484,4058491080.0,2025-10-23
1761264000000,0.19484,0.201,0.19374,0.19766,3773496830.0,2025-10-24
1761350400000,0.19766,0.1998,0.19582,0.19641,2111780360.0,2025-10-25
1761436800000,0.19641,0.20744,0.19454,0.20571,3741762500.0,2025-10-26
1761523200000,0.20572,0.20947,0.19866,0.20026,4414679540.0,2025-10-27
1761609600000,0.20026,0.20301,0.18966,0.19352,4995948050.0,2025-10-28
1761696000000,0.19352,0.19718,0.18638,0.19227,5170169660.0,2025-10-29
1761782400000,0.19227,0.1945,0.17622,0.18254,6654192870.0,2025-10-30
1761868800000,0.18254,0.18812,0.18213,0.18632,3350321350.0,2025-10-31
1761955200000,0.18633,0.18831,0.18501,0.18728,1688009050.0,2025-11-01
1762041600000,0.18729,0.18881,0.18156,0.18625,2366430380.0,2025-11-02
1762128000000,0.18626,0.18655,0.15861,0.16729,7770084380.0,2025-11-03
1762214400000,0.16729,0.17099,0.15144,0.16218,10355810380.0,2025-11-04
1762300800000,0.16217,0.16878,0.15446,0.16708,4856873980.0,2025-11-05
1762387200000,0.16709,0.16773,0.15687,0.16156,4422955990.0,2025-11-06
1762473600000,0.16155,0.18164,0.15954,0.17871,5892224710.0,2025-11-07
1762560000000,0.17871,0.18319,0.17287,0.17594,3735972920.0,2025-11-08
1762646400000,0.17594,0.18153,0.17111,0.17922,3065545780.0,2025-11-09
1762732800000,0.17922,0.18568,0.17718,0.1817,4047560990.0,2025-11-10
1762819200000,0.1817,0.18639,0.17146,0.17195,4245893690.0,2025-11-11
1762905600000,0.17196,0.17847,0.16704,0.17006,3995944650.0,2025-11-12
1762992000000,0.17005,0.17757,0.15984,0.1637,5274105530.0,2025-11-13
1763078400000,0.16371,0.1662,0.15455,0.15755,5845932400.0,2025-11-14
1763164800000,0.15754,0.16475,0.1571,0.16307,2541628820.0,2025-11-15
1763251200000,0.16308,0.16558,0.15354,0.15849,3960986620.0,2025-11-16
1763337600000,0.15849,0.16509,0.15055,0.15205,5049692860.0,2025-11-17
1763424000000,0.15206,0.16288,0.14928,0.16166,4329937110.0,2025-11-18
1763510400000,0.16165,0.16243,0.14707,0.15452,4936970140.0,2025-11-19
1763596800000,0.15452,0.15976,0.14608,0.14884,5290431500.0,2025-11-20
1763683200000,0.14884,0.15103,0.13305,0.14021,8862440380.0,2025-11-21
1763769600000,0.14021,0.14246,0.1354,0.1402,4175884000.0,2025-11-22
1763856000000,0.1402,0.14767,0.13956,0.14494,3273836230.0,2025-11-23
1763942400000,0.14494,0.15396,0.14268,0.15173,4728876650.0,2025-11-24
1764028800000,0.15172,0.15499,0.14574,0.15294,3490499610.0,2025-11-25
1764115200000,0.15295,0.15673,0.14851,0.15463,3217979190.0,2025-11-26
1764201600000,0.15463,0.15553,0.15209,0.15256,2318355780.0,2025-11-27
1764288000000,0.15256,0.15548,0.14812,0.1501,3656131930.0,2025-11-28
1764374400000,0.1501,0.15088,0.14714,0.1483,1780977790.0,2025-11-29
1764460800000,0.1483,0.15051,0.14577,0.14591,2063776560.0,2025-11-30
1764547200000,0.1459,0.1463,0.13161,0.13537,5332926970.0,2025-12-01
1764633600000,0.13537,0.1478,0.13434,0.14572,4141672540.0,2025-12-02
1764720000000,0.14573,0.15333,0.14515,0.15161,3710971840.0,2025-12-03
1764806400000,0.15161,0.15319,0.1455,0.14733,2731868890.0,2025-12-04
1764892800000,0.14734,0.14832,0.13711,0.13948,3239089050.0,2025-12-05
1764979200000,0.13948,0.14067,0.13827,0.13968,1394868740.0,2025-12-06
1765065600000,0.13969,0.14284,0.13469,0.13862,3047529520.0,2025-12-07
1765152000000,0.13862,0.14497,0.13794,0.14252,3112376380.0,2025-12-08
1765238400000,0.14251,0.15314,0.13934,0.14791,3537849170.0,2025-12-09
1765324800000,0.14792,0.1503,0.14226,0.14324,3667375170.0,2025-12-10
1765411200000,0.14324,0.14353,0.13612,0.14028,3052333340.0,2025-12-11
1765497600000,0.14028,0.14145,0.13416,0.13682,2808300180.0,2025-12-12
1765584000000,0.13683,0.13997,0.13679,0.13896,1331176860.0,2025-12-13
1765670400000,0.13897,0.13919,0.13244,0.134,2013461240.0,2025-12-14
1765756800000,0.134,0.13846,0.12654,0.12968,3534888820.0,2025-12-15
1765843200000,0.12968,0.13298,0.12712,0.13171,2982344870.0,2025-12-16
1765929600000,0.13171,0.13628,0.12467,0.12628,4462143430.0,2025-12-17
1766016000000,0.12628,0.13066,0.11981,0.12201,4871134390.0,2025-12-18
1766102400000,0.12202,0.13358,0.12051,0.13215,4186506840.0,2025-12-19
1766188800000,0.13215,0.1325,0.1306,0.13187,1336443050.0,2025-12-20
1766275200000,0.13188,0.1334,0.12863,0.13108,2341481030.0,2025-12-21
1766361600000,0.13108,0.13537,0.12943,0.13249,3320201940.0,2025-12-22
1766448000000,0.1325,0.13367,0.12777,0.12921,2554585340.0,2025-12-23
1766534400000,0.12921,0.13033,0.12637,0.12849,2165713600.0,2025-12-24
1766620800000,0.12849,0.12906,0.1229,0.12358,2040050120.0,2025-12-25
1766707200000,0.12358,0.12748,0.12055,0.12205,3524859630.0,2025-12-26
1766793600000,0.12206,0.12486,0.12187,0.12432,1636960020.0,2025-12-27
1766880000000,0.12431,0.12483,0.12265,0.12387,1265906280.0,2025-12-28
1766966400000,0.12388,0.12803,0.12219,0.12281,3411221570.0,2025-12-29
1767052800000,0.12281,0.12536,0.12235,0.12327,2306176070.0,2025-12-30
1767139200000,0.12327,0.12376,0.11523,0.11741,3543263380.0,2025-12-31
1767225600000,0.11742,0.12742,0.11736,0.12674,3606996960.0,2026-01-01
1767312000000,0.12674,0.14495,0.12584,0.14182,7716180830.0,2026-01-02
1767398400000,0.14181,0.14447,0.139,0.14306,3460865790.0,2026-01-03
1767484800000,0.14305,0.15419,0.14269,0.14943,6701638340.0,2026-01-04
1767571200000,0.14943,0.15435,0.14537,0.15162,6060783600.0,2026-01-05
1767657600000,0.15163,0.15664,0.14334,0.15049,6132539090.0,2026-01-06
1767744000000,0.15049,0.15399,0.14474,0.14633,4354397270.0,2026-01-07
1767830400000,0.14634,0.14768,0.13764,0.14189,4383761910.0,2026-01-08
1767916800000,0.14189,0.14455,0.13816,0.14065,3573530720.0,2026-01-09
1768003200000,0.14065,0.14067,0.13897,0.13957,968600310.0,2026-01-10
1768089600000,0.13958,0.14119,0.13564,0.13797,2460137320.0,2026-01-11
1768176000000,0.13797,0.14237,0.13474,0.13656,4044576230.0,2026-01-12
1768262400000,0.13655,0.15088,0.1362,0.14824,4321924040.0,2026-01-13
1768348800000,0.14824,0.15127,0.14558,0.14714,4006238590.0,2026-01-14
1768435200000,0.14715,0.14717,0.13874,0.13999,3895954420.0,2026-01-15
1768521600000,0.14,0.14039,0.13503,0.13806,3072170460.0,2026-01-16
1768608000000,0.13807,0.14003,0.13671,0.13782,1742270190.0,2026-01-17
1768694400000,0.13782,0.13828,0.1312,0.13155,2293278940.0,2026-01-18
1768780800000,0.13156,0.13156,0.11854,0.12908,4796905430.0,2026-01-19
1768867200000,0.12907,0.12928,0.12152,0.12329,4488120060.0,2026-01-20
1768953600000,0.12328,0.12878,0.12022,0.12645,5069113140.0,2026-01-21
1769040000000,0.12645,0.12784,0.12312,0.12429,2309297030.0,2026-01-22
1769126400000,0.1243,0.12782,0.12196,0.1247,2956259950.0,2026-01-23
1769212800000,0.1247,0.12485,0.12282,0.12415,1036914210.0,2026-01-24
1769299200000,0.12416,0.1243,0.11747,0.1194,2751971490.0,2026-01-25
1769385600000,0.11939,0.12376,0.11916,0.12227,3039210590.0,2026-01-26
1769472000000,0.12228,0.1266,0.1213,0.12614,2869887580.0,2026-01-27
1769558400000,0.12614,0.12766,0.12357,0.12495,2727003800.0,2026-01-28
1769644800000,0.12494,0.12519,0.11426,0.11719,4351202980.0,2026-01-29
1769731200000,0.11719,0.11864,0.11161,0.11574,4731111590.0,2026-01-30
1769817600000,0.11575,0.11587,0.09433,0.10418,9650060780.0,2026-01-31
1769904000000,0.10417,0.10678,0.10095,0.10422,4962499030.0,2026-02-01
1769990400000,0.10421,0.11052,0.09942,0.10786,6127821530.0,2026-02-02
1770076800000,0.10786,0.11048,0.10216,0.10596,5994720810.0,2026-02-03
1770163200000,0.10595,0.10944,0.1011,0.10377,5071919020.0,2026-02-04
1770249600000,0.10377,0.10474,0.08664,0.08841,10794461390.0,2026-02-05
1770336000000,0.0884,0.10216,0.07991,0.09841,9822913110.0,2026-02-06
1770422400000,0.09841,0.09943,0.09466,0.09817,4897550750.0,2026-02-07
1770508800000,0.09818,0.09896,0.09502,0.09657,2983654750.0,2026-02-08
1770595200000,0.09657,0.09742,0.09237,0.09607,3199585880.0,2026-02-09
1770681600000,0.09608,0.09652,0.09172,0.09273,2768235650.0,2026-02-10
1770768000000,0.09272,0.09357,0.08781,0.09106,4193818670.0,2026-02-11
1770854400000,0.09107,0.09449,0.09063,0.09293,3775774600.0,2026-02-12
1770940800000,0.09293,0.09768,0.09173,0.09663,2976942060.0,2026-02-13
1771027200000,0.09663,0.11355,0.09624,0.11096,5070288170.0,2026-02-14
1771113600000,0.11096,0.11754,0.10143,0.10262,8353414890.0,2026-02-15
1771200000000,0.10262,0.10355,0.09819,0.10096,5348509370.0,2026-02-16
1771286400000,0.10097,0.10354,0.09831,0.10061,4366212080.0,2026-02-17
1771372800000,0.10062,0.10226,0.0974,0.09849,3293490080.0,2026-02-18
1771459200000,0.0985,0.09921,0.09539,0.09829,3223832790.0,2026-02-19
1771545600000,0.0983,0.10237,0.09561,0.10006,4504234810.0,2026-02-20
1771632000000,0.10006,0.10093,0.09829,0.09836,2192235460.0,2026-02-21
1771718400000,0.09836,0.0985,0.09444,0.09552,2527226830.0,2026-02-22
1771804800000,0.09553,0.09757,0.09134,0.09265,4506109100.0,2026-02-23
1771891200000,0.09265,0.09359,0.08985,0.09133,3562923150.0,2026-02-24
1771977600000,0.09132,0.10621,0.09082,0.10093,6923329880.0,2026-02-25
1772064000000,0.10092,0.10168,0.09531,0.09694,4905654180.0,2026-02-26
1772150400000,0.09695,0.0991,0.09181,0.09331,3817193400.0,2026-02-27
1772236800000,0.09331,0.095,0.08763,0.094,5756369920.0,2026-02-28
1772323200000,0.094,0.09782,0.09049,0.09185,5413140980.0,2026-03-01
1772409600000,0.09185,0.09767,0.09075,0.0935,5261830570.0,2026-03-02
1772496000000,0.09351,0.0938,0.08823,0.08993,5802068470.0,2026-03-03
1772582400000,0.08993,0.10429,0.08855,0.0989,8962083350.0,2026-03-04
1772668800000,0.0989,0.09921,0.09261,0.09351,5880969840.0,2026-03-05
1772755200000,0.09351,0.09431,0.08984,0.09122,3850455760.0,2026-03-06
1772841600000,0.09121,0.09207,0.08921,0.08987,2294583520.0,2026-03-07
1772928000000,0.08988,0.09128,0.08606,0.08908,3865737260.0,2026-03-08
1773014400000,0.08908,0.09281,0.08893,0.09042,4365987180.0,2026-03-09
1773100800000,0.09041,0.10043,0.09027,0.0945,8536262470.0,2026-03-10
1773187200000,0.0945,0.09484,0.09106,0.09283,5627099250.0,2026-03-11
1773273600000,0.09283,0.0958,0.09172,0.0947,5314891450.0,2026-03-12
1773360000000,0.09469,0.10194,0.09448,0.09591,7966863490.0,2026-03-13
1773446400000,0.09591,0.09641,0.0939,0.09598,2991608300.0,2026-03-14
1773532800000,0.09598,0.09804,0.09436,0.09733,3901805100.0,2026-03-15
1773619200000,0.09733,0.1037,0.09702,0.10298,8827752980.0,2026-03-16
1773705600000,0.10299,0.10443,0.09825,0.10009,6211284150.0,2026-03-17
1773792000000,0.1001,0.10179,0.09323,0.09519,5908446530.0,2026-03-18
1773878400000,0.09519,0.09605,0.09166,0.09347,3873234000.0,2026-03-19
1773964800000,0.09348,0.09538,0.09282,0.09411,2958011150.0,2026-03-20
1774051200000,0.09412,0.09492,0.09043,0.09127,2413872700.0,2026-03-21
1774137600000,0.09127,0.09281,0.08908,0.09009,3706077260.0,2026-03-22
1774224000000,0.0901,0.09576,0.08919,0.0941,6749076330.0,2026-03-23
1774310400000,0.0941,0.09557,0.09236,0.09506,3889587440.0,2026-03-24
1774396800000,0.09506,0.09791,0.09435,0.09615,4235205770.0,2026-03-25
1774483200000,0.09614,0.09624,0.09039,0.09199,4456846520.0,2026-03-26
1774569600000,0.09199,0.09266,0.08919,0.09006,3460682700.0,2026-03-27
1774656000000,0.09005,0.09531,0.08963,0.09093,3889573060.0,2026-03-28
1774742400000,0.09093,0.09161,0.08774,0.09039,3446378230.0,2026-03-29
1774828800000,0.0904,0.09387,0.09018,0.09079,4302991480.0,2026-03-30
1774915200000,0.09079,0.09279,0.08926,0.09229,4622528140.0,2026-03-31
1775001600000,0.09229,0.09449,0.09158,0.09215,4018761330.0,2026-04-01
1775088000000,0.09215,0.09267,0.08892,0.09035,4373483050.0,2026-04-02
1775174400000,0.09035,0.09256,0.08986,0.09149,3283695960.0,2026-04-03
1775260800000,0.09149,0.0931,0.09069,0.09201,2249298270.0,2026-04-04
1775347200000,0.09202,0.0924,0.08963,0.09234,3582679650.0,2026-04-05
1775433600000,0.09235,0.09362,0.08984,0.09053,4773212840.0,2026-04-06
1775520000000,0.09052,0.09604,0.09001,0.09491,4644181810.0,2026-04-07
1775606400000,0.0949,0.09556,0.09203,0.09236,4549640160.0,2026-04-08
1775692800000,0.09236,0.09498,0.09087,0.09256,4255558460.0,2026-04-09
1775779200000,0.09255,0.09525,0.09187,0.09364,3898166860.0,2026-04-10
1775865600000,0.09365,0.09487,0.09221,0.09304,3555243160.0,2026-04-11
1775952000000,0.09304,0.0932,0.09021,0.09078,3654135950.0,2026-04-12
1776038400000,0.09078,0.09432,0.09068,0.09408,4159922110.0,2026-04-13
1776124800000,0.09408,0.098,0.09229,0.09291,6902515120.0,2026-04-14
1776211200000,0.09292,0.09694,0.09256,0.09484,4323541230.0,2026-04-15
1776297600000,0.09485,0.09984,0.09439,0.09913,7791643750.0,2026-04-16
1776384000000,0.09913,0.10217,0.09666,0.09938,7312968550.0,2026-04-17
1776470400000,0.09937,0.09974,0.09413,0.09474,4423191430.0,2026-04-18
1776556800000,0.09474,0.0964,0.09246,0.09298,5292859550.0,2026-04-19
1776643200000,0.09299,0.0961,0.09286,0.09518,3782804490.0,2026-04-20
1776729600000,0.09517,0.0959,0.0935,0.09514,3055953460.0,2026-04-21
1776816000000,0.09515,0.09856,0.09483,0.09556,4655069270.0,2026-04-22
1776902400000,0.09555,0.09797,0.09507,0.09705,4409161070.0,2026-04-23
1776988800000,0.09706,0.09945,0.09678,0.09836,4096499310.0,2026-04-24
1777075200000,0.09836,0.09905,0.09724,0.09794,2669792500.0,2026-04-25
1777161600000,0.09795,0.09988,0.09743,0.09914,2860964710.0,2026-04-26
1777248000000,0.09915,0.10078,0.09687,0.09888,4075936270.0,2026-04-27
1777334400000,0.09887,0.10091,0.09802,0.09928,4950793520.0,2026-04-28
1777420800000,0.09928,0.1124,0.09919,0.10401,13417920650.0,2026-04-29
1777507200000,0.10401,0.10835,0.10388,0.10645,7564644890.0,2026-04-30
1777593600000,0.10645,0.1105,0.10635,0.10846,7078014810.0,2026-05-01
1777680000000,0.10847,0.1093,0.107,0.10845,3437481660.0,2026-05-02
1777766400000,0.10845,0.10961,0.10701,0.10822,2991911200.0,2026-05-03
1777852800000,0.10822,0.11372,0.1076,0.11005,7156663410.0,2026-05-04
1777939200000,0.11004,0.1165,0.1099,0.11478,5127100620.0,2026-05-05
1778025600000,0.11479,0.11699,0.11133,0.11242,6128408250.0,2026-05-06
1778112000000,0.11242,0.11248,0.1066,0.10783,4663652050.0,2026-05-07
1778198400000,0.10783,0.1096,0.10557,0.10947,3734864380.0,2026-05-08
1778284800000,0.10948,0.11128,0.10803,0.10869,2793203270.0,2026-05-09
1778371200000,0.1087,0.11281,0.10622,0.1124,5508245190.0,2026-05-10
1778457600000,0.1124,0.1127,0.10832,0.11123,6404542530.0,2026-05-11
1778544000000,0.11123,0.11153,0.10743,0.11008,4621098550.0,2026-05-12
1778630400000,0.11008,0.11471,0.10956,0.11259,6300725840.0,2026-05-13
1778716800000,0.1126,0.11858,0.11184,0.1154,8332479980.0,2026-05-14
1778803200000,0.1154,0.1174,0.11068,0.1133,6254697120.0,2026-05-15
1778889600000,0.11329,0.11343,0.10773,0.10931,3850784630.0,2026-05-16
1778976000000,0.10931,0.11275,0.10536,0.10893,4976117480.0,2026-05-17
1779062400000,0.10892,0.109,0.10237,0.10472,6803580830.0,2026-05-18
1779148800000,0.10472,0.10547,0.10259,0.10296,3313864550.0,2026-05-19
1779235200000,0.10295,0.10492,0.10179,0.10365,3464120500.0,2026-05-20
1779321600000,0.10365,0.10647,0.10362,0.10562,4087388420.0,2026-05-21
1779408000000,0.10563,0.10675,0.1015,0.1023,3729216370.0,2026-05-22
1779494400000,0.1023,0.10508,0.09656,0.10304,4974938680.0,2026-05-23
1779580800000,0.10305,0.10388,0.10045,0.10221,2332046810.0,2026-05-24
1779667200000,0.10221,0.10378,0.10158,0.10208,2098405570.0,2026-05-25
1779753600000,0.10209,0.10381,0.10017,0.10097,3373017890.0,2026-05-26
1779840000000,0.10098,0.10332,0.09915,0.10043,3283829530.0,2026-05-27
1779926400000,0.10042,0.10081,0.09635,0.09952,3800445960.0,2026-05-28
1780012800000,0.09951,0.10113,0.09734,0.09965,2926590670.0,2026-05-29
1780099200000,0.09965,0.10176,0.09942,0.10056,1725892490.0,2026-05-30
1780185600000,0.10057,0.10137,0.09894,0.10036,2015512590.0,2026-05-31
1780272000000,0.10037,0.1015,0.09773,0.10102,4394884740.0,2026-06-01
1780358400000,0.10103,0.10118,0.0911,0.09272,6286026840.0,2026-06-02
1780444800000,0.09272,0.0945,0.0905,0.09135,3952869240.0,2026-06-03
1780531200000,0.09134,0.09183,0.08561,0.08851,6610002410.0,2026-06-04
1780617600000,0.0885,0.08873,0.0789,0.08143,9985072020.0,2026-06-05
1780704000000,0.08142,0.08299,0.07757,0.08185,5451625090.0,2026-06-06
1780790400000,0.08186,0.08755,0.08158,0.08622,4338809440.0,2026-06-07
1780876800000,0.08623,0.08748,0.08428,0.08627,3362374050.0,2026-06-08
1780963200000,0.08627,0.0867,0.08307,0.08474,3927563160.0,2026-06-09
1781049600000,0.08475,0.08543,0.08179,0.08289,3673634510.0,2026-06-10
1781136000000,0.0829,0.08705,0.0829,0.08603,2958635850.0,2026-06-11
1781222400000,0.08603,0.09246,0.08502,0.08594,6144903250.0,2026-06-12
1781308800000,0.08593,0.08878,0.08572,0.08784,2599036880.0,2026-06-13
1781395200000,0.08784,0.08906,0.08565,0.08885,2466415470.0,2026-06-14
1781481600000,0.08885,0.09089,0.08768,0.0881,3785877660.0,2026-06-15
1781568000000,0.0881,0.08903,0.08617,0.08713,3788085740.0,2026-06-16
1781654400000,0.08713,0.08808,0.08462,0.08588,3238044820.0,2026-06-17
1781740800000,0.08587,0.08653,0.08175,0.08347,3095987020.0,2026-06-18
1781827200000,0.08347,0.08392,0.08183,0.08351,1771576570.0,2026-06-19
1781913600000,0.0835,0.08428,0.08255,0.08366,1612535520.0,2026-06-20
1782000000000,0.08366,0.08383,0.08207,0.08218,1426563520.0,2026-06-21
1782086400000,0.08219,0.08505,0.08181,0.08242,2466608770.0,2026-06-22
1782172800000,0.08241,0.08268,0.07822,0.07884,3392386720.0,2026-06-23
1782259200000,0.07884,0.07973,0.07271,0.07609,4583892640.0,2026-06-24
1782345600000,0.07609,0.07747,0.07141,0.07487,4318978000.0,2026-06-25
1782432000000,0.07488,0.07612,0.07208,0.07573,3608889120.0,2026-06-26
1782518400000,0.07574,0.07641,0.07403,0.07445,1793107420.0,2026-06-27
1782604800000,0.07445,0.07466,0.07206,0.07316,2230140660.0,2026-06-28
1782691200000,0.07315,0.07424,0.07187,0.0734,3350819070.0,2026-06-29
1782777600000,0.07339,0.07353,0.06945,0.07204,4097126310.0,2026-06-30
1782864000000,0.07204,0.07396,0.07044,0.07218,3408859220.0,2026-07-01
1782950400000,0.07218,0.07554,0.07162,0.07413,3500011300.0,2026-07-02
1783036800000,0.07413,0.07845,0.0739,0.07751,3215092440.0,2026-07-03
1783123200000,0.0775,0.07934,0.07655,0.07762,2679399270.0,2026-07-04
1783209600000,0.07762,0.07879,0.07526,0.07784,3163458310.0,2026-07-05
1783296000000,0.07784,0.07834,0.07432,0.07663,3872924740.0,2026-07-06
1783382400000,0.07662,0.07699,0.07353,0.07413,3684608120.0,2026-07-07
1783468800000,0.07414,0.07443,0.07095,0.07237,3458446520.0,2026-07-08
1783555200000,0.07238,0.07354,0.07191,0.07286,1994204170.0,2026-07-09
1783641600000,0.07286,0.07465,0.07261,0.07409,2339918670.0,2026-07-10
1783728000000,0.07409,0.07555,0.07314,0.07317,1903545660.0,2026-07-11
1783814400000,0.07316,0.07387,0.07223,0.07269,2039899780.0,2026-07-12
1783900800000,0.07268,0.07414,0.07085,0.07193,2627221570.0,2026-07-13
1783987200000,0.07194,0.07534,0.07138,0.07442,2769814950.0,2026-07-14
1784073600000,0.07442,0.07523,0.07326,0.07407,2947232020.0,2026-07-15
1784160000000,0.07406,0.07448,0.07208,0.07232,2124536260.0,2026-07-16
1784246400000,0.07233,0.07296,0.07091,0.07252,2145244040.0,2026-07-17
1784332800000,0.07252,0.07278,0.07187,0.07249,966651260.0,2026-07-18
1784419200000,0.07248,0.07283,0.07161,0.07237,1161341940.0,2026-07-19
1784505600000,0.07237,0.07356,0.07102,0.07214,3447666430.0,2026-07-20
1784592000000,0.07214,0.07379,0.07186,0.07335,2156581140.0,2026-07-21
1784678400000,0.07335,0.07385,0.07206,0.07295,2469811960.0,2026-07-22
1784764800000,0.07296,0.07319,0.06831,0.06915,4246128000.0,2026-07-23
1784851200000,0.06916,0.07012,0.06817,0.06951,3154711400.0,2026-07-24
1784937600000,0.06952,0.07367,0.06913,0.07168,3971239740.0,2026-07-25
1785024000000,0.07169,0.074,0.07155,0.07336,4239462890.0,2026-07-26
1785110400000,0.07336,0.0735,0.07004,0.07033,3655183490.0,2026-07-27
1785196800000,0.07032,0.07137,0.06917,0.07084,3004353680.0,2026-07-28
1785283200000,0.07084,0.07118,0.06874,0.07011,2693503680.0,2026-07-29
1785369600000,0.07011,0.07102,0.06959,0.07055,2024597470.0,2026-07-30
1785456000000,0.07056,0.07098,0.06842,0.06956,2884682480.0,2026-07-31
1785542400000,0.06957,0.07028,0.0676,0.06909,2170493150.0,2026-08-01
1785628800000,0.06909,0.07144,0.06908,0.07076,2110614430.0,2026-08-02
1785715200000,0.07077,0.07091,0.06894,0.07018,2246210240.0,2026-08-03
1785801600000,0.07017,0.07069,0.0697,0.07003,1713868940.0,2026-08-04
1785888000000,0.07003,0.07052,0.06924,0.07002,2171052620.0,2026-08-05
1785974400000,0.07002,0.07016,0.0682,0.06905,2333763360.0,2026-08-06
1786060800000,0.06906,0.07035,0.06877,0.0696,1946104640.0,2026-08-07
1786147200000,0.06961,0.07154,0.06951,0.0704,1776992360.0,2026-08-08
1786233600000,0.0704,0.07098,0.06918,0.06931,1695266680.0,2026-08-09
1786320000000,0.0693,0.07021,0.06905,0.06968,1663232600.0,2026-08-10
1786406400000,0.06967,0.07314,0.0696,0.07186,3188808070.0,2026-08-11
1786492800000,0.07186,0.07248,0.06883,0.06966,3178192750.0,2026-08-12
1786579200000,0.06965,0.07081,0.06945,0.07014,1799242640.0,2026-08-13
1786665600000,0.07014,0.07034,0.06918,0.07004,1238247780.0,2026-08-14
1786752000000,0.07003,0.07051,0.06945,0.06957,954371480.0,2026-08-15
1786838400000,0.06956,0.07016,0.06904,0.06955,948159330.0,2026-08-16
1786924800000,0.06954,0.07056,0.06942,0.07037,1461420090.0,2026-08-17
1787011200000,0.07037,0.07052,0.06956,0.07022,1745287770.0,2026-08-18
1787097600000,0.07022,0.07641,0.06981,0.07502,4799702510.0,2026-08-19
1787184000000,0.07502,0.08351,0.07442,0.08043,6496553650.0,2026-08-20
1787270400000,0.08043,0.09472,0.08025,0.09155,8412463990.0,2026-08-21
1787356800000,0.09156,0.10089,0.0815,0.09184,11485770230.0,2026-08-22
1787443200000,0.09184,0.09454,0.08866,0.09339,5246559020.0,2026-08-23
1787529600000,0.09339,0.09362,0.08778,0.09008,5225055790.0,2026-08-24
1787616000000,0.09007,0.09309,0.08475,0.08567,4204343270.0,2026-08-25
1787702400000,0.08566,0.08776,0.08369,0.08763,3284770790.0,2026-08-26
1787788800000,0.08763,0.08998,0.08617,0.08908,3618831310.0,2026-08-27
1787875200000,0.08908,0.09029,0.08376,0.08521,4053819910.0,2026-08-28
1787961600000,0.08521,0.08567,0.08413,0.08524,1382595300.0,2026-08-29
1788048000000,0.08525,0.08645,0.08068,0.082,2714269050.0,2026-08-30
1788134400000,0.082,0.08394,0.08139,0.0828,1873673770.0,2026-08-31
1788220800000,0.08279,0.08391,0.08057,0.08163,2464808820.0,2026-09-01
1788307200000,0.08164,0.08205,0.08001,0.08171,2305589070.0,2026-09-02
1788393600000,0.08172,0.08995,0.08112,0.08778,4278238150.0,2026-09-03
1788480000000,0.08778,0.08807,0.08643,0.08713,489392310.0,2026-09-04
