ts,open,high,low,close,volume,date
1658966400000,1636.06,1785.98,1590.0,1724.79,6233038.3,2022-07-28
1659052800000,1724.79,1766.56,1657.0,1721.86,5300822.5,2022-07-29
1659139200000,1721.86,1744.28,1673.0,1697.5,3227595.9,2022-07-30
1659225600000,1697.82,1755.0,1666.29,1678.75,2927811.8,2022-07-31
1659312000000,1678.81,1705.0,1606.0,1630.01,3594778.2,2022-08-01
1659398400000,1629.94,1678.0,1557.0,1630.99,5145679.6,2022-08-02
1659484800000,1631.12,1685.0,1589.8,1618.53,3581986.5,2022-08-03
1659571200000,1618.52,1663.0,1580.7,1607.38,3576426.2,2022-08-04
1659657600000,1607.49,1742.83,1604.94,1736.57,4611520.4,2022-08-05
1659744000000,1736.58,1749.9,1685.42,1690.32,2283637.3,2022-08-06
1659830400000,1690.32,1730.69,1668.0,1700.21,2069632.9,2022-08-07
1659916800000,1700.21,1820.72,1693.8,1776.6,3891504.2,2022-08-08
1660003200000,1776.6,1791.77,1668.1,1703.36,3753765.5,2022-08-09
1660089600000,1703.07,1888.0,1656.25,1853.75,4962697.9,2022-08-10
1660176000000,1853.74,1945.0,1850.22,1880.16,4574899.5,2022-08-11
1660262400000,1880.19,1965.14,1852.0,1958.17,3330623.9,2022-08-12
1660348800000,1958.17,2020.77,1946.0,1983.48,3389624.4,2022-08-13
1660435200000,1983.48,2031.54,1905.39,1935.46,3093729.5,2022-08-14
1660521600000,1935.39,2013.37,1873.0,1899.15,4709393.8,2022-08-15
1660608000000,1899.38,1915.0,1852.0,1877.13,3536907.0,2022-08-16
1660694400000,1877.13,1958.22,1819.09,1834.24,5029113.8,2022-08-17
1660780800000,1834.45,1882.0,1821.3,1846.4,3005987.5,2022-08-18
1660867200000,1846.26,1848.27,1603.0,1608.67,6018422.8,2022-08-19
1660953600000,1608.67,1656.88,1522.7,1575.73,4254212.2,2022-08-20
1661040000000,1575.73,1648.0,1562.27,1617.93,3949014.4,2022-08-21
1661126400000,1618.0,1629.13,1530.1,1624.86,5037258.4,2022-08-22
1661212800000,1624.85,1678.5,1563.33,1664.69,4688644.2,2022-08-23
1661299200000,1664.68,1693.9,1605.0,1656.15,4071663.3,2022-08-24
1661385600000,1656.16,1722.0,1653.92,1695.29,3343516.9,2022-08-25
1661472000000,1695.29,1706.59,1485.52,1507.3,6958728.7,2022-08-26
1661558400000,1507.3,1517.92,1445.26,1490.92,4300434.9,2022-08-27
1661644800000,1490.91,1512.28,1423.22,1426.67,3274042.1,2022-08-28
1661731200000,1426.47,1559.86,1421.34,1551.2,4811674.0,2022-08-29
1661817600000,1551.22,1608.65,1473.0,1524.15,6451298.7,2022-08-30
1661904000000,1524.15,1620.04,1523.84,1553.61,5986508.1,2022-08-31
1661990400000,1553.6,1600.0,1512.42,1585.86,5444863.4,2022-09-01
1662076800000,1585.86,1649.24,1545.6,1575.04,5499469.5,2022-09-02
1662163200000,1575.21,1582.54,1533.6,1557.36,2330291.3,2022-09-03
1662249600000,1557.37,1584.88,1540.08,1578.99,2370665.7,2022-09-04
1662336000000,1578.92,1633.04,1557.0,1617.57,3149529.7,2022-09-05
1662422400000,1617.8,1686.79,1552.0,1559.29,6621708.4,2022-09-06
1662508800000,1559.29,1659.62,1490.0,1630.07,5065964.1,2022-09-07
1662595200000,1629.96,1666.66,1595.0,1634.92,4834130.3,2022-09-08
1662681600000,1634.92,1750.0,1629.8,1717.85,4574079.0,2022-09-09
1662768000000,1718.26,1789.67,1706.0,1773.74,2482096.9,2022-09-10
1662854400000,1773.74,1790.0,1717.0,1765.63,2418571.0,2022-09-11
1662940800000,1765.46,1784.17,1691.6,1716.37,4334919.5,2022-09-12
1663027200000,1716.37,1762.62,1556.19,1572.01,6526958.9,2022-09-13
1663113600000,1571.96,1642.0,1550.0,1634.66,4210822.5,2022-09-14
1663200000000,1634.74,1660.0,1455.0,1471.0,7051214.5,2022-09-15
1663286400000,1471.23,1483.5,1405.0,1434.21,4484066.2,2022-09-16
1663372800000,1434.2,1475.78,1408.58,1468.55,2404830.8,2022-09-17
1663459200000,1468.56,1469.69,1320.7,1334.56,4142190.2,2022-09-18
1663545600000,1334.56,1394.8,1280.0,1375.68,5974337.2,2022-09-19
1663632000000,1375.68,1384.52,1312.23,1323.03,4727424.8,2022-09-20
1663718400000,1323.0,1416.0,1218.35,1245.18,6940235.5,2022-09-21
1663804800000,1245.16,1349.29,1236.42,1326.22,5473701.4,2022-09-22
1663891200000,1326.23,1360.0,1261.28,1327.13,6136679.5,2022-09-23
1663977600000,1327.14,1349.19,1306.39,1317.03,2870069.2,2022-09-24
1664064000000,1317.03,1337.55,1267.08,1294.68,2896490.1,2022-09-25
1664150400000,1294.67,1341.73,1277.59,1336.12,4932441.0,2022-09-26
1664236800000,1336.11,1401.39,1303.56,1327.96,5707617.4,2022-09-27
1664323200000,1327.97,1357.35,1251.28,1337.1,5847007.0,2022-09-28
1664409600000,1337.09,1352.47,1288.01,1335.57,5105679.6,2022-09-29
1664496000000,1335.58,1374.66,1312.5,1328.73,4669087.7,2022-09-30
1664582400000,1328.73,1333.98,1301.51,1312.16,1615468.2,2022-10-01
1664668800000,1312.16,1317.71,1267.08,1276.77,2351866.8,2022-10-02
1664755200000,1276.77,1329.66,1262.33,1323.16,3060175.9,2022-10-03
1664841600000,1323.16,1370.54,1318.43,1361.2,2959234.1,2022-10-04
1664928000000,1361.21,1365.5,1315.0,1352.29,2825569.4,2022-10-05
1665014400000,1352.29,1383.86,1343.96,1351.95,3665025.8,2022-10-06
1665100800000,1351.95,1361.95,1316.11,1331.08,2735028.1,2022-10-07
1665187200000,1331.08,1337.79,1302.59,1315.42,1187833.7,2022-10-08
1665273600000,1315.41,1329.26,1307.09,1323.25,1229719.4,2022-10-09
1665360000000,1323.21,1338.44,1286.2,1290.32,2629388.2,2022-10-10
1665446400000,1290.31,1298.16,1266.0,1280.16,2868556.7,2022-10-11
1665532800000,1280.18,1307.0,1275.2,1294.51,2193829.7,2022-10-12
1665619200000,1294.5,1302.3,1180.0,1287.24,5867173.9,2022-10-13
1665705600000,1287.24,1343.46,1283.1,1295.99,3796347.3,2022-10-14
1665792000000,1295.98,1301.62,1263.2,1274.92,1617098.1,2022-10-15
1665878400000,1274.92,1316.09,1274.63,1305.84,1679745.7,2022-10-16
1665964800000,1306.0,1339.09,1295.61,1331.41,2596115.2,2022-10-17
1666051200000,1331.41,1341.88,1286.66,1310.61,3270632.4,2022-10-18
1666137600000,1310.61,1313.38,1278.5,1285.25,2189518.5,2022-10-19
1666224000000,1285.24,1311.0,1270.0,1283.08,2774468.5,2022-10-20
1666310400000,1283.09,1307.2,1252.0,1299.56,3238210.1,2022-10-21
1666396800000,1299.63,1320.6,1294.11,1313.51,1360167.6,2022-10-22
1666483200000,1313.5,1372.35,1299.0,1363.79,2171428.9,2022-10-23
1666569600000,1363.78,1370.95,1323.0,1343.5,3122518.2,2022-10-24
1666656000000,1343.44,1544.56,1334.6,1460.3,5769995.3,2022-10-25
1666742400000,1460.3,1596.0,1457.22,1566.17,5872737.0,2022-10-26
1666828800000,1565.99,1580.0,1502.0,1514.26,4353480.5,2022-10-27
1666915200000,1514.27,1579.0,1475.22,1554.58,4389054.5,2022-10-28
1667001600000,1554.57,1665.0,1547.21,1619.65,4514809.7,2022-10-29
1667088000000,1619.73,1640.85,1576.0,1590.7,2464800.5,2022-10-30
1667174400000,1590.69,1636.09,1545.0,1572.71,4156859.2,2022-10-31
1667260800000,1572.68,1614.92,1563.58,1578.66,2887735.6,2022-11-01
1667347200000,1578.8,1621.67,1502.0,1518.09,5136031.1,2022-11-02
1667433600000,1518.08,1558.71,1515.15,1530.9,2566068.3,2022-11-03
1667520000000,1530.89,1680.0,1528.35,1644.82,4633173.3,2022-11-04
1667606400000,1644.95,1668.18,1621.0,1627.1,1605770.2,2022-11-05
1667692800000,1627.11,1640.01,1562.0,1568.29,2157521.4,2022-11-06
1667779200000,1568.3,1609.0,1545.0,1567.74,3253570.0,2022-11-07
1667865600000,1567.74,1580.0,1202.0,1334.01,11254938.0,2022-11-08
1667952000000,1334.01,1337.12,1071.34,1102.05,10962913.0,2022-11-09
1668038400000,1102.05,1349.17,1084.18,1298.48,7361221.6,2022-11-10
1668124800000,1298.47,1310.0,1200.0,1288.28,6049317.3,2022-11-11
1668211200000,1288.5,1291.74,1238.81,1257.43,2439179.3,2022-11-12
1668297600000,1257.44,1273.93,1199.03,1221.39,2604424.3,2022-11-13
1668384000000,1221.49,1290.9,1170.0,1244.15,5194736.9,2022-11-14
1668470400000,1244.17,1290.0,1233.04,1254.3,3227879.5,2022-11-15
1668556800000,1254.29,1268.49,1185.42,1215.95,3219119.0,2022-11-16
1668643200000,1216.0,1228.98,1181.1,1200.31,3225116.2,2022-11-17
1668729600000,1200.32,1235.0,1199.12,1213.03,2238464.8,2022-11-18
1668816000000,1213.02,1234.3,1195.0,1217.83,1239773.2,2022-11-19
1668902400000,1217.83,1226.53,1131.86,1142.35,2800559.7,2022-11-20
1668988800000,1142.34,1148.0,1078.2,1107.25,5030866.4,2022-11-21
1669075200000,1107.26,1142.86,1072.45,1139.13,4136653.5,2022-11-22
1669161600000,1139.13,1191.63,1127.11,1184.37,3743181.3,2022-11-23
1669248000000,1184.38,1217.6,1179.82,1203.07,3006214.3,2022-11-24
1669334400000,1203.06,1209.53,1168.13,1198.75,2620405.4,2022-11-25
1669420800000,1198.75,1235.8,1196.0,1205.66,2322923.9,2022-11-26
1669507200000,1205.67,1222.88,1187.0,1193.9,1836806.7,2022-11-27
1669593600000,1193.91,1199.41,1150.68,1167.85,3288500.7,2022-11-28
1669680000000,1167.84,1227.93,1156.99,1216.17,3378642.3,2022-11-29
1669766400000,1216.23,1313.66,1212.0,1294.7,3623617.7,2022-11-30
1669852800000,1294.71,1300.0,1262.85,1276.51,2403817.2,2022-12-01
1669939200000,1276.51,1298.0,1265.02,1295.21,2288118.3,2022-12-02
1670025600000,1295.21,1313.65,1236.0,1240.7,2139492.7,2022-12-03
1670112000000,1240.65,1287.57,1240.16,1279.37,1872398.1,2022-12-04
1670198400000,1279.37,1305.7,1246.59,1259.51,2730697.1,2022-12-05
1670284800000,1259.51,1275.0,1241.0,1271.42,2238676.6,2022-12-06
1670371200000,1271.43,1279.0,1216.8,1231.3,2514536.8,2022-12-07
1670457600000,1231.29,1295.0,1222.0,1280.32,2748749.2,2022-12-08
1670544000000,1280.32,1299.0,1255.0,1263.1,2449656.9,2022-12-09
1670630400000,1263.07,1284.54,1259.14,1266.79,1348606.2,2022-12-10
1670716800000,1266.79,1285.0,1255.3,1263.17,1244382.0,2022-12-11
1670803200000,1263.18,1279.48,1239.29,1275.32,2221643.4,2022-12-12
1670889600000,1275.4,1348.0,1254.38,1321.54,4195604.6,2022-12-13
1670976000000,1321.54,1354.21,1301.0,1308.52,3522124.7,2022-12-14
1671062400000,1308.53,1311.96,1259.0,1267.19,2408133.2,2022-12-15
1671148800000,1267.2,1279.8,1155.63,1166.86,4323752.2,2022-12-16
1671235200000,1166.86,1190.0,1161.68,1186.77,2120577.7,2022-12-17
1671321600000,1186.77,1195.0,1174.54,1182.6,440492.5,2022-12-18
1671408000000,1182.6,1194.92,1150.0,1168.03,2282657.4,2022-12-19
1671494400000,1168.02,1234.0,1163.18,1217.0,3354536.0,2022-12-20
1671580800000,1217.0,1222.8,1203.28,1213.85,1601926.0,2022-12-21
1671667200000,1213.85,1240.0,1183.0,1218.06,2555630.8,2022-12-22
1671753600000,1218.07,1232.74,1210.0,1220.01,1714234.8,2022-12-23
1671840000000,1220.02,1228.0,1214.7,1220.68,609259.6,2022-12-24
1671926400000,1220.69,1227.0,1190.0,1218.64,1326909.8,2022-12-25
1672012800000,1218.63,1231.35,1210.93,1227.74,908355.0,2022-12-26
1672099200000,1227.78,1233.78,1200.0,1211.56,1456230.2,2022-12-27
1672185600000,1211.57,1216.0,1180.0,1190.62,2163388.3,2022-12-28
1672272000000,1190.63,1207.39,1186.76,1200.5,1461568.4,2022-12-29
1672358400000,1200.48,1202.39,1181.24,1199.76,1509816.8,2022-12-30
1672444800000,1199.75,1209.0,1191.88,1196.44,960542.8,2022-12-31
1672531200000,1196.59,1204.78,1191.0,1200.45,738343.6,2023-01-01
1672617600000,1200.27,1225.42,1193.0,1213.87,1499656.4,2023-01-02
1672704000000,1213.87,1219.9,1205.0,1214.6,1260401.0,2023-01-03
1672790400000,1214.61,1274.0,1212.75,1257.0,3109345.0,2023-01-04
1672876800000,1257.0,1260.0,1243.06,1251.28,1197856.8,2023-01-05
1672963200000,1251.31,1277.83,1233.56,1268.41,2161789.8,2023-01-06
1673049600000,1268.41,1270.63,1261.0,1263.8,636382.7,2023-01-07
1673136000000,1263.86,1298.0,1256.96,1290.07,1496018.6,2023-01-08
1673222400000,1290.08,1344.49,1284.88,1320.4,3757641.7,2023-01-09
1673308800000,1320.4,1348.46,1316.72,1335.16,2054519.5,2023-01-10
1673395200000,1335.2,1408.43,1321.0,1389.66,2526561.6,2023-01-11
1673481600000,1389.48,1440.92,1355.0,1415.91,4607953.5,2023-01-12
1673568000000,1415.99,1465.0,1401.19,1451.18,2883464.3,2023-01-13
1673654400000,1451.17,1647.33,1449.21,1549.73,4589692.8,2023-01-14
1673740800000,1549.73,1568.0,1516.0,1552.99,2190455.6,2023-01-15
1673827200000,1552.98,1610.0,1521.02,1576.49,3319934.2,2023-01-16
1673913600000,1576.48,1610.49,1538.0,1565.68,2851709.8,2023-01-17
1674000000000,1565.7,1610.0,1497.16,1511.32,4638649.9,2023-01-18
1674086400000,1511.72,1565.14,1509.94,1550.94,2029460.0,2023-01-19
1674172800000,1550.95,1680.0,1542.03,1658.64,3190309.0,2023-01-20
1674259200000,1658.76,1680.0,1612.46,1627.3,2684222.0,2023-01-21
1674345600000,1627.22,1665.75,1603.12,1627.78,1971986.0,2023-01-22
1674432000000,1627.73,1650.0,1583.07,1626.35,2048294.3,2023-01-23
1674518400000,1626.48,1641.88,1525.0,1556.02,2197309.9,2023-01-24
1674604800000,1556.02,1641.79,1510.82,1611.55,3195315.6,2023-01-25
1674691200000,1611.65,1633.48,1576.79,1601.08,2248117.6,2023-01-26
1674777600000,1601.27,1622.14,1552.0,1597.38,2194759.9,2023-01-27
1674864000000,1597.37,1606.65,1555.0,1572.59,1295980.0,2023-01-28
1674950400000,1572.59,1663.84,1567.0,1645.44,2698426.0,2023-01-29
1675036800000,1645.53,1648.0,1529.53,1566.16,2731946.0,2023-01-30
1675123200000,1566.17,1606.0,1561.51,1585.4,1834024.9,2023-01-31
1675209600000,1585.39,1649.0,1555.0,1641.62,2677127.1,2023-02-01
1675296000000,1641.73,1720.0,1625.92,1643.66,3193235.5,2023-02-02
1675382400000,1643.77,1676.47,1625.99,1663.55,2563843.3,2023-02-03
1675468800000,1663.55,1695.0,1645.5,1666.59,1586707.4,2023-02-04
1675555200000,1666.76,1674.55,1608.0,1629.65,2225255.9,2023-02-05
1675641600000,1629.61,1659.0,1605.0,1614.49,2268861.1,2023-02-06
1675728000000,1614.49,1678.83,1613.08,1670.14,2635496.5,2023-02-07
1675814400000,1670.13,1698.6,1631.0,1650.03,2365173.0,2023-02-08
1675900800000,1650.03,1656.19,1520.0,1545.28,3827256.0,2023-02-09
1675987200000,1545.45,1554.63,1485.0,1513.25,2603099.4,2023-02-10
1676073600000,1513.13,1544.51,1503.44,1538.49,1163729.0,2023-02-11
1676160000000,1538.49,1548.25,1492.03,1515.23,1578423.4,2023-02-12
1676246400000,1515.23,1526.0,1460.03,1505.46,3428796.2,2023-02-13
1676332800000,1505.53,1569.68,1485.0,1555.48,3632497.9,2023-02-14
1676419200000,1555.64,1684.0,1542.44,1674.82,3526770.8,2023-02-15
1676505600000,1674.83,1743.88,1633.88,1638.28,4552141.1,2023-02-16
1676592000000,1638.27,1722.76,1631.0,1693.76,3464941.6,2023-02-17
1676678400000,1693.69,1714.43,1679.0,1691.63,1366276.7,2023-02-18
1676764800000,1691.63,1728.0,1666.0,1680.43,2291965.2,2023-02-19
1676851200000,1680.43,1719.84,1650.81,1703.85,2723457.3,2023-02-20
1676937600000,1703.85,1716.99,1635.0,1659.41,3207349.4,2023-02-21
1677024000000,1659.5,1667.36,1592.47,1642.98,3476495.5,2023-02-22
1677110400000,1642.98,1678.8,1628.33,1650.75,3489999.9,2023-02-23
1677196800000,1650.75,1664.67,1573.04,1607.69,3260093.0,2023-02-24
1677283200000,1607.69,1608.82,1556.66,1594.36,1518546.7,2023-02-25
1677369600000,1594.35,1652.99,1588.0,1641.42,1781607.2,2023-02-26
1677456000000,1641.41,1665.0,1606.5,1633.52,2586739.2,2023-02-27
1677542400000,1633.47,1647.69,1596.02,1605.59,2273143.1,2023-02-28
1677628800000,1605.6,1671.21,1593.3,1665.13,2884292.0,2023-03-01
1677715200000,1665.14,1677.95,1618.73,1648.05,2635672.3,2023-03-02
1677801600000,1648.05,1649.11,1520.0,1569.19,3138287.7,2023-03-03
1677888000000,1569.19,1577.07,1549.0,1567.0,1060190.4,2023-03-04
1677974400000,1567.0,1589.0,1552.39,1564.81,1590728.1,2023-03-05
1678060800000,1564.8,1583.26,1554.26,1566.27,1666551.4,2023-03-06
1678147200000,1566.22,1584.8,1532.0,1561.73,2763523.0,2023-03-07
1678233600000,1561.73,1570.82,1521.0,1532.88,2568658.1,2023-03-08
1678320000000,1532.88,1546.0,1404.75,1437.16,4105531.3,2023-03-09
1678406400000,1437.2,1438.77,1367.0,1426.87,6108642.1,2023-03-10
1678492800000,1426.78,1480.0,1409.12,1472.61,4719483.1,2023-03-11
1678579200000,1472.62,1600.0,1450.04,1579.87,3882919.7,2023-03-12
1678665600000,1579.87,1699.0,1566.21,1673.59,5741634.0,2023-03-13
1678752000000,1673.43,1780.0,1656.0,1699.51,5845970.6,2023-03-14
1678838400000,1699.51,1717.99,1611.29,1649.93,4448877.8,2023-03-15
1678924800000,1649.94,1693.97,1632.08,1673.3,2616726.7,2023-03-16
1679011200000,1673.3,1802.72,1662.28,1789.81,4300300.0,2023-03-17
1679097600000,1789.77,1845.0,1746.28,1758.82,3813930.2,2023-03-18
1679184000000,1758.82,1841.99,1758.03,1781.72,2901585.2,2023-03-19
1679270400000,1781.46,1804.05,1723.01,1733.14,3492187.3,2023-03-20
1679356800000,1733.03,1836.2,1717.19,1802.02,3682211.6,2023-03-21
1679443200000,1801.72,1819.89,1710.0,1734.36,3976186.3,2023-03-22
1679529600000,1734.35,1858.88,1729.49,1813.92,3150298.1,2023-03-23
1679616000000,1813.92,1818.55,1720.0,1750.0,3211985.6,2023-03-24
1679702400000,1749.86,1763.7,1713.04,1742.3,1460436.6,2023-03-25
1679788800000,1742.3,1802.86,1739.43,1773.93,1996631.5,2023-03-26
1679875200000,1773.89,1780.41,1685.8,1715.29,2838266.8,2023-03-27
1679961600000,1715.29,1796.53,1701.1,1773.07,2796894.4,2023-03-28
1680048000000,1773.08,1828.45,1772.25,1793.24,2491629.1,2023-03-29
1680134400000,1793.23,1830.45,1762.56,1793.26,2718802.9,2023-03-30
1680220800000,1793.27,1847.08,1779.28,1822.2,2536342.8,2023-03-31
1680307200000,1822.14,1843.77,1807.3,1821.2,1123230.8,2023-04-01
1680393600000,1821.19,1824.98,1772.0,1794.78,1496703.7,2023-04-02
1680480000000,1794.78,1840.27,1763.0,1810.99,3040496.3,2023-04-03
1680566400000,1811.0,1895.0,1802.37,1870.58,2884573.8,2023-04-04
1680652800000,1870.47,1947.0,1865.0,1908.71,3084735.5,2023-04-05
1680739200000,1908.71,1909.97,1854.0,1873.28,2207101.1,2023-04-06
1680825600000,1873.25,1883.0,1840.11,1864.36,1736440.6,2023-04-07
1680912000000,1864.35,1880.28,1846.68,1849.2,1189531.0,2023-04-08
1680998400000,1849.19,1873.97,1821.69,1859.2,1737782.9,2023-04-09
1681084800000,1859.21,1919.98,1846.77,1910.51,2154217.4,2023-04-10
1681171200000,1910.5,1938.0,1881.8,1890.17,2151307.4,2023-04-11
1681257600000,1890.17,1932.96,1852.0,1918.01,3533696.3,2023-04-12
1681344000000,1918.01,2025.0,1900.0,2011.73,3842683.3,2023-04-13
1681430400000,2011.72,2165.87,2008.59,2099.74,4327327.0,2023-04-14
1681516800000,2099.73,2112.38,2070.13,2090.97,1601216.0,2023-04-15
1681603200000,2090.98,2146.0,2072.51,2118.6,2008341.5,2023-04-16
1681689600000,2118.6,2120.59,2056.6,2075.05,2505125.8,2023-04-17
1681776000000,2075.05,2125.68,2050.0,2104.34,2577632.7,2023-04-18
1681862400000,2104.25,2104.88,1910.0,1934.51,3787042.9,2023-04-19
1681948800000,1934.5,1983.74,1912.94,1942.81,3021095.3,2023-04-20
1682035200000,1942.85,1956.96,1823.5,1848.69,3704635.5,2023-04-21
1682121600000,1848.69,1887.43,1841.74,1873.91,1502904.6,2023-04-22
1682208000000,1873.92,1882.99,1835.0,1862.21,1799037.8,2023-04-23
1682294400000,1862.22,1890.0,1805.0,1842.14,3463814.8,2023-04-24
1682380800000,1842.15,1877.97,1800.0,1865.99,2805549.8,2023-04-25
1682467200000,1865.98,1965.59,1782.2,1865.75,5370047.1,2023-04-26
1682553600000,1865.75,1939.84,1861.11,1908.59,3736543.1,2023-04-27
1682640000000,1908.58,1923.78,1875.5,1890.69,2000925.9,2023-04-28
1682726400000,1890.69,1918.0,1883.09,1908.14,1128971.7,2023-04-29
1682812800000,1908.14,1939.8,1865.0,1870.12,2052026.6,2023-04-30
1682899200000,1870.13,1886.95,1806.12,1830.81,2390215.9,2023-05-01
1682985600000,1830.81,1881.75,1822.42,1869.6,1930823.1,2023-05-02
1683072000000,1869.6,1917.0,1842.6,1904.97,2545386.8,2023-05-03
1683158400000,1904.98,1919.65,1866.4,1877.36,1629691.5,2023-05-04
1683244800000,1877.36,2030.0,1876.11,1993.12,3127457.2,2023-05-05
1683331200000,1993.07,2021.57,1851.0,1896.25,2923028.9,2023-05-06
1683417600000,1896.26,1933.8,1867.77,1870.58,2112448.8,2023-05-07
1683504000000,1870.59,1884.36,1810.86,1847.25,3246710.8,2023-05-08
1683590400000,1847.25,1862.44,1831.1,1846.92,1614996.9,2023-05-09
1683676800000,1846.91,1886.99,1785.2,1841.09,3340515.7,2023-05-10
1683763200000,1841.09,1841.88,1769.63,1794.39,2735113.0,2023-05-11
1683849600000,1794.39,1818.0,1735.01,1807.54,2734407.0,2023-05-12
1683936000000,1807.45,1816.99,1785.0,1795.09,1239369.3,2023-05-13
1684022400000,1795.08,1825.0,1790.28,1799.27,1267124.1,2023-05-14
1684108800000,1799.26,1847.86,1784.48,1816.47,2238552.2,2023-05-15
1684195200000,1816.46,1833.53,1796.06,1824.5,1881326.5,2023-05-16
1684281600000,1824.5,1837.97,1782.0,1822.39,2334939.7,2023-05-17
1684368000000,1822.4,1832.4,1770.52,1800.87,2182086.8,2023-05-18
1684454400000,1800.88,1830.0,1796.85,1812.48,1496220.0,2023-05-19
1684540800000,1812.47,1829.0,1807.12,1819.65,745733.1,2023-05-20
1684627200000,1819.65,1829.7,1797.13,1804.97,1052628.8,2023-05-21
1684713600000,1804.97,1828.0,1792.19,1817.58,1589772.8,2023-05-22
1684800000000,1817.58,1880.0,1815.01,1853.84,2134883.2,2023-05-23
1684886400000,1853.85,1854.02,1774.8,1799.56,2539648.2,2023-05-24
1684972800000,1799.55,1819.46,1758.82,1805.08,1893098.7,2023-05-25
1685059200000,1805.09,1838.0,1796.8,1827.41,1514795.9,2023-05-26
1685145600000,1827.41,1836.33,1812.0,1829.27,766634.4,2023-05-27
1685232000000,1829.24,1935.0,1822.85,1909.34,1891110.6,2023-05-28
1685318400000,1909.34,1928.12,1873.12,1892.85,1542162.9,2023-05-29
1685404800000,1892.85,1917.45,1881.1,1901.23,1630792.5,2023-05-30
1685491200000,1901.23,1907.75,1845.0,1873.4,1967008.4,2023-05-31
1685577600000,1873.4,1893.07,1837.0,1861.77,1933084.2,2023-06-01
1685664000000,1861.77,1912.26,1847.61,1906.14,2087010.0,2023-06-02
1685750400000,1906.14,1907.16,1881.04,1892.06,842853.3,2023-06-03
1685836800000,1892.06,1914.89,1883.68,1889.9,1077395.8,2023-06-04
1685923200000,1889.89,1891.0,1773.17,1810.67,3551346.3,2023-06-05
1686009600000,1810.66,1899.85,1797.45,1883.88,2919403.2,2023-06-06
1686096000000,1883.89,1897.99,1819.76,1832.56,2376529.0,2023-06-07
1686182400000,1832.57,1861.99,1828.1,1845.67,1332987.3,2023-06-08
1686268800000,1845.67,1855.6,1826.08,1840.94,1323313.9,2023-06-09
1686355200000,1840.95,1845.66,1713.98,1751.44,3921874.9,2023-06-10
1686441600000,1751.43,1778.3,1738.57,1752.74,1341987.9,2023-06-11
1686528000000,1752.74,1759.3,1720.0,1742.55,1988370.0,2023-06-12
1686614400000,1742.56,1767.0,1724.01,1740.49,2154153.0,2023-06-13
1686700800000,1740.41,1750.38,1623.19,1650.88,2655832.3,2023-06-14
1686787200000,1650.89,1681.46,1625.77,1666.41,2437362.2,2023-06-15
1686873600000,1666.4,1729.95,1648.79,1717.4,2347991.4,2023-06-16
1686960000000,1717.4,1778.36,1714.01,1727.67,1765544.9,2023-06-17
1687046400000,1727.67,1748.3,1712.8,1721.37,1198267.1,2023-06-18
1687132800000,1721.37,1752.67,1696.54,1736.82,1950888.3,2023-06-19
1687219200000,1736.82,1798.0,1714.76,1791.74,2794841.7,2023-06-20
1687305600000,1791.74,1903.17,1787.02,1889.2,3964579.0,2023-06-21
1687392000000,1889.2,1933.96,1866.03,1872.07,2355623.7,2023-06-22
1687478400000,1872.07,1937.94,1861.11,1892.65,2476193.8,2023-06-23
1687564800000,1892.65,1906.56,1864.33,1875.69,1172134.0,2023-06-24
1687651200000,1875.69,1931.0,1868.58,1898.96,2119173.9,2023-06-25
1687737600000,1898.96,1909.79,1835.23,1858.61,2630094.8,2023-06-26
1687824000000,1858.61,1912.79,1855.11,1890.06,2148159.1,2023-06-27
1687910400000,1890.06,1890.67,1815.49,1828.69,2430843.2,2023-06-28
1687996800000,1828.69,1882.0,1828.25,1852.21,1826925.1,2023-06-29
1688083200000,1852.24,1948.0,1822.48,1933.91,4715581.7,2023-06-30
1688169600000,1933.99,1945.0,1909.09,1924.42,1116854.1,2023-07-01
1688256000000,1924.42,1964.87,1885.0,1937.99,1883517.3,2023-07-02
1688342400000,1937.99,1978.0,1933.57,1955.7,1967541.6,2023-07-03
1688428800000,1955.69,1967.65,1931.39,1936.69,1306374.6,2023-07-04
1688515200000,1936.69,1942.48,1893.67,1910.26,1792508.7,2023-07-05
1688601600000,1910.25,1957.97,1845.59,1845.87,3200603.5,2023-07-06
1688688000000,1845.86,1878.6,1825.0,1871.53,1675224.3,2023-07-07
1688774400000,1871.54,1873.74,1842.01,1865.26,832817.6,2023-07-08
1688860800000,1865.25,1880.0,1856.0,1862.8,996239.6,2023-07-09
1688947200000,1862.8,1906.0,1846.35,1880.6,1780631.7,2023-07-10
1689033600000,1880.61,1892.71,1862.07,1877.99,1360656.3,2023-07-11
1689120000000,1877.99,1902.56,1864.0,1872.16,2054538.8,2023-07-12
1689206400000,1872.17,2017.13,1863.0,2005.19,3887054.1,2023-07-13
1689292800000,2005.2,2030.0,1896.27,1937.32,3081890.2,2023-07-14
1689379200000,1937.31,1946.86,1926.0,1931.19,747206.1,2023-07-15
1689465600000,1931.19,1943.88,1913.09,1922.46,1015697.3,2023-07-16
1689552000000,1922.46,1936.13,1873.03,1911.1,2256835.3,2023-07-17
1689638400000,1911.1,1917.57,1875.39,1897.62,1579104.4,2023-07-18
1689724800000,1897.62,1924.8,1882.01,1888.74,1682970.9,2023-07-19
1689811200000,1888.73,1929.6,1878.0,1891.56,2067237.7,2023-07-20
1689897600000,1891.56,1906.77,1884.61,1891.92,1049157.2,2023-07-21
1689984000000,1891.91,1897.76,1845.0,1866.42,940382.3,2023-07-22
1690070400000,1866.42,1905.0,1858.03,1888.58,1163050.8,2023-07-23
1690156800000,1888.59,1891.38,1830.03,1849.79,1906490.7,2023-07-24
1690243200000,1849.79,1868.88,1845.08,1857.64,1013788.2,2023-07-25
1690329600000,1857.64,1888.03,1848.09,1871.79,1588680.1,2023-07-26
1690416000000,1871.8,1886.1,1855.09,1861.56,1357392.3,2023-07-27
1690502400000,1861.55,1883.35,1856.32,1874.03,1148398.9,2023-07-28
1690588800000,1874.03,1886.96,1869.33,1880.25,572099.5,2023-07-29
1690675200000,1880.24,1885.29,1848.0,1861.97,1129291.0,2023-07-30
1690761600000,1861.97,1878.0,1851.5,1857.01,1200054.9,2023-07-31
1690848000000,1857.0,1876.9,1808.0,1873.38,2578974.1,2023-08-01
1690934400000,1873.39,1879.85,1820.0,1839.61,2066078.3,2023-08-02
1691020800000,1839.61,1859.5,1826.01,1836.11,1471416.9,2023-08-03
1691107200000,1836.1,1851.86,1815.17,1830.67,1519977.9,2023-08-04
1691193600000,1830.67,1839.0,1827.97,1836.42,479212.2,2023-08-05
1691280000000,1836.42,1838.93,1825.82,1830.49,603054.8,2023-08-06
1691366400000,1830.48,1847.3,1798.1,1828.9,2112266.9,2023-08-07
1691452800000,1828.91,1876.93,1826.0,1855.98,1956468.1,2023-08-08
1691539200000,1855.98,1871.99,1846.15,1855.62,1156887.8,2023-08-09
1691625600000,1855.61,1866.19,1846.21,1852.25,1082648.7,2023-08-10
1691712000000,1852.25,1858.47,1838.19,1848.68,937848.4,2023-08-11
1691798400000,1848.69,1854.0,1846.17,1850.42,340462.6,2023-08-12
1691884800000,1850.41,1862.58,1835.01,1841.4,691582.3,2023-08-13
1691971200000,1841.4,1856.5,1835.34,1845.78,1131896.1,2023-08-14
1692057600000,1845.78,1847.48,1813.0,1829.39,1066191.0,2023-08-15
1692144000000,1829.38,1831.96,1796.16,1807.96,1450904.5,2023-08-16
1692230400000,1807.98,1810.82,1466.64,1680.4,5085213.1,2023-08-17
1692316800000,1680.4,1698.32,1637.34,1661.61,2577208.0,2023-08-18
1692403200000,1661.62,1697.49,1654.19,1669.94,1174924.9,2023-08-19
1692489600000,1669.94,1694.99,1661.66,1685.01,936537.1,2023-08-20
1692576000000,1685.01,1688.95,1647.92,1667.59,1491572.5,2023-08-21
1692662400000,1667.59,1669.16,1573.23,1635.16,2373048.2,2023-08-22
1692748800000,1635.16,1706.11,1629.3,1679.44,2331221.5,2023-08-23
1692835200000,1679.43,1683.64,1635.0,1660.8,1399632.5,2023-08-24
1692921600000,1660.8,1677.97,1635.34,1653.73,1560944.0,2023-08-25
1693008000000,1653.73,1655.64,1644.12,1647.21,365029.9,2023-08-26
1693094400000,1647.22,1660.05,1646.3,1658.31,524129.0,2023-08-27
1693180800000,1658.31,1664.75,1618.0,1653.23,1468227.3,2023-08-28
1693267200000,1653.23,1747.0,1640.01,1729.25,2984421.5,2023-08-29
1693353600000,1729.25,1731.11,1695.0,1705.37,1251023.9,2023-08-30
1693440000000,1705.37,1730.0,1628.53,1646.13,2220043.3,2023-08-31
1693526400000,1646.14,1654.49,1601.25,1629.05,1712747.2,2023-09-01
1693612800000,1629.06,1645.97,1628.0,1637.28,574631.0,2023-09-02
1693699200000,1637.28,1648.88,1624.35,1635.9,675554.5,2023-09-03
1693785600000,1635.9,1644.92,1616.19,1630.65,945904.7,2023-09-04
1693872000000,1630.65,1648.65,1609.41,1634.78,1240307.7,2023-09-05
1693958400000,1634.78,1673.49,1608.23,1633.08,1519037.6,2023-09-06
1694044800000,1633.08,1659.86,1623.48,1647.67,1153798.1,2023-09-07
1694131200000,1647.66,1659.19,1616.0,1636.27,1184365.3,2023-09-08
1694217600000,1636.27,1637.72,1630.01,1635.41,300720.6,2023-09-09
1694304000000,1635.41,1635.68,1588.74,1617.04,1299200.3,2023-09-10
1694390400000,1617.05,1619.0,1530.56,1551.96,2800717.7,2023-09-11
1694476800000,1551.96,1627.01,1549.7,1593.21,2554263.0,2023-09-12
1694563200000,1593.2,1619.14,1580.5,1607.4,1573449.3,2023-09-13
1694649600000,1607.4,1644.99,1606.89,1626.32,1745558.5,2023-09-14
1694736000000,1626.33,1654.7,1611.0,1641.18,1185314.0,2023-09-15
1694822400000,1641.18,1653.0,1631.1,1634.4,639090.0,2023-09-16
1694908800000,1634.4,1635.59,1611.3,1622.53,755746.3,2023-09-17
1694995200000,1622.58,1669.0,1600.0,1636.62,1927186.8,2023-09-18
1695081600000,1636.62,1661.26,1626.19,1643.49,1448162.8,2023-09-19
1695168000000,1643.49,1649.54,1603.69,1622.37,1489556.5,2023-09-20
1695254400000,1622.37,1625.72,1565.81,1583.89,1749596.9,2023-09-21
1695340800000,1583.89,1602.9,1576.0,1593.32,931097.8,2023-09-22
1695427200000,1593.32,1598.14,1587.68,1593.74,391126.8,2023-09-23
1695513600000,1593.75,1601.61,1567.84,1580.76,769854.1,2023-09-24
1695600000000,1580.77,1597.75,1562.2,1588.38,1374699.0,2023-09-25
1695686400000,1588.37,1599.79,1579.49,1593.79,923235.4,2023-09-26
1695772800000,1593.8,1634.84,1582.7,1598.64,2014887.7,2023-09-27
1695859200000,1598.64,1668.45,1597.9,1652.88,2266928.9,2023-09-28
1695945600000,1652.88,1688.61,1648.31,1667.41,1815471.5,2023-09-29
1696032000000,1667.4,1695.0,1665.0,1671.32,875885.7,2023-09-30
1696118400000,1671.31,1785.54,1667.66,1734.0,1509027.5,2023-10-01
1696204800000,1734.0,1745.42,1631.0,1662.41,2492759.9,2023-10-02
1696291200000,1662.3,1670.79,1643.0,1657.08,1144433.5,2023-10-03
1696377600000,1657.08,1657.89,1616.0,1646.44,1531632.0,2023-10-04
1696464000000,1646.43,1655.55,1605.0,1612.05,1582431.7,2023-10-05
1696550400000,1612.07,1663.0,1610.92,1644.92,1684281.0,2023-10-06
1696636800000,1644.92,1647.78,1630.0,1634.2,470588.9,2023-10-07
1696723200000,1634.2,1641.5,1616.06,1632.83,915744.2,2023-10-08
1696809600000,1632.83,1636.62,1543.11,1580.1,2682017.6,2023-10-09
1696896000000,1580.01,1594.98,1547.33,1567.94,1706886.9,2023-10-10
1696982400000,1567.92,1578.98,1540.86,1566.77,1857675.2,2023-10-11
1697068800000,1566.78,1568.99,1516.11,1539.6,1842440.2,2023-10-12
1697155200000,1539.61,1576.8,1537.38,1552.28,1389189.9,2023-10-13
1697241600000,1552.29,1562.99,1543.72,1554.77,556668.2,2023-10-14
1697328000000,1554.77,1567.29,1548.5,1557.85,698764.5,2023-10-15
1697414400000,1557.85,1645.0,1554.92,1599.29,3068512.8,2023-10-16
1697500800000,1599.29,1600.73,1550.0,1564.7,1378006.3,2023-10-17
1697587200000,1564.69,1586.0,1555.55,1563.71,1318564.3,2023-10-18
1697673600000,1563.71,1574.99,1540.69,1566.97,1572347.1,2023-10-19
1697760000000,1566.98,1631.05,1560.71,1603.9,2150084.8,2023-10-20
1697846400000,1603.89,1644.84,1592.0,1628.97,1261583.3,2023-10-21
1697932800000,1628.96,1668.98,1620.13,1663.56,1433869.4,2023-10-22
1698019200000,1663.56,1807.75,1656.6,1767.0,4124925.7,2023-10-23
1698105600000,1767.0,1855.0,1756.0,1785.32,4063140.0,2023-10-24
1698192000000,1785.0,1820.0,1760.0,1787.29,2221024.0,2023-10-25
1698278400000,1787.29,1871.0,1760.88,1803.33,3159213.6,2023-10-26
1698364800000,1803.32,1804.05,1741.0,1779.58,1814104.6,2023-10-27
1698451200000,1779.59,1804.0,1768.41,1776.53,861336.1,2023-10-28
1698537600000,1776.53,1812.88,1762.0,1795.47,1042817.9,2023-10-29
1698624000000,1795.47,1832.73,1775.16,1809.01,1975218.6,2023-10-30
1698710400000,1809.01,1820.26,1780.79,1814.71,1722282.1,2023-10-31
1698796800000,1814.72,1860.0,1783.0,1847.28,2717982.6,2023-11-01
1698883200000,1847.28,1874.47,1784.01,1800.86,2348461.5,2023-11-02
1698969600000,1800.87,1834.13,1776.12,1832.44,1798603.8,2023-11-03
1699056000000,1832.44,1871.35,1823.53,1856.15,1179117.0,2023-11-04
1699142400000,1856.16,1914.57,1846.3,1891.72,2746427.1,2023-11-05
1699228800000,1891.72,1915.0,1869.0,1901.0,1926679.9,2023-11-06
1699315200000,1900.99,1907.5,1850.0,1885.14,2385532.4,2023-11-07
1699401600000,1885.14,1905.0,1873.0,1888.61,1351321.7,2023-11-08
1699488000000,1888.61,2132.0,1882.0,2121.23,5931458.8,2023-11-09
1699574400000,2121.04,2137.9,2064.63,2078.15,2704562.8,2023-11-10
1699660800000,2078.15,2090.25,2027.08,2053.68,1961690.8,2023-11-11
1699747200000,2053.67,2068.91,2010.46,2044.98,1440966.8,2023-11-12
1699833600000,2044.98,2118.06,2028.17,2053.83,3226282.4,2023-11-13
1699920000000,2053.95,2064.68,1910.0,1979.1,3062719.0,2023-11-14
1700006400000,1979.11,2063.54,1967.33,2059.08,2222002.6,2023-11-15
1700092800000,2059.08,2091.96,1938.4,1961.81,3255353.6,2023-11-16
1700179200000,1961.81,1991.53,1905.0,1960.46,2302881.4,2023-11-17
1700265600000,1960.45,1971.24,1916.6,1963.02,1213090.4,2023-11-18
1700352000000,1963.03,2016.0,1943.25,2011.94,1353721.7,2023-11-19
1700438400000,2011.95,2068.0,1985.0,2021.35,2698877.7,2023-11-20
1700524800000,2021.34,2034.82,1929.2,1933.42,3400713.7,2023-11-21
1700611200000,1933.16,2093.13,1928.8,2063.34,2680789.7,2023-11-22
1700697600000,2063.34,2089.0,2037.0,2061.43,1677621.5,2023-11-23
1700784000000,2061.44,2133.99,2052.14,2079.6,2434447.2,2023-11-24
1700870400000,2079.59,2090.62,2065.61,2082.62,758083.5,2023-11-25
1700956800000,2082.63,2095.0,2036.0,2062.44,1618958.0,2023-11-26
1701043200000,2062.45,2071.56,1985.2,2027.3,2151454.3,2023-11-27
1701129600000,2027.3,2076.0,1995.46,2048.64,1965285.8,2023-11-28
1701216000000,2048.64,2076.74,2019.04,2029.09,1562805.0,2023-11-29
1701302400000,2029.08,2054.92,2020.5,2051.81,1353133.1,2023-11-30
1701388800000,2051.81,2113.0,2044.7,2087.66,2278311.6,2023-12-01
1701475200000,2087.66,2199.85,2086.5,2165.51,1885864.6,2023-12-02
1701561600000,2165.51,2223.45,2149.36,2193.39,1480079.1,2023-12-03
1701648000000,2193.38,2277.13,2192.1,2243.2,3088759.5,2023-12-04
1701734400000,2243.21,2312.0,2186.0,2293.6,3063203.3,2023-12-05
1701820800000,2293.79,2312.92,2218.3,2233.28,2207433.9,2023-12-06
1701907200000,2233.31,2385.13,2222.05,2356.27,2740961.6,2023-12-07
1701993600000,2356.26,2395.0,2335.5,2359.0,1962351.9,2023-12-08
1702080000000,2359.0,2407.39,2327.02,2340.73,1831513.9,2023-12-09
1702166400000,2340.99,2378.75,2322.5,2352.38,1118839.6,2023-12-10
1702252800000,2352.59,2355.31,2120.38,2225.2,3502923.7,2023-12-11
1702339200000,2225.13,2244.25,2165.0,2203.29,1926345.8,2023-12-12
1702425600000,2203.3,2287.19,2144.0,2260.26,2391461.0,2023-12-13
1702512000000,2260.36,2332.9,2226.05,2316.08,2536224.3,2023-12-14
1702598400000,2316.08,2318.75,2191.53,2221.0,1835581.2,2023-12-15
1702684800000,2221.01,2264.0,2210.34,2229.59,1033632.7,2023-12-16
1702771200000,2229.59,2249.54,2189.88,2196.87,1402685.8,2023-12-17
1702857600000,2196.87,2224.95,2115.0,2219.37,2252591.2,2023-12-18
1702944000000,2219.32,2255.87,2136.1,2178.57,2308929.1,2023-12-19
1703030400000,2178.59,2268.0,2155.81,2203.11,2700177.8,2023-12-20
1703116800000,2203.1,2281.39,2184.01,2240.03,2450730.9,2023-12-21
1703203200000,2240.04,2347.29,2231.31,2324.99,3149599.5,2023-12-22
1703289600000,2324.99,2331.16,2265.33,2308.6,1262356.1,2023-12-23
1703376000000,2308.53,2327.71,2240.0,2264.41,1528186.0,2023-12-24
1703462400000,2264.41,2307.82,2253.41,2271.43,1347120.6,2023-12-25
1703548800000,2271.42,2276.47,2180.0,2231.13,1999433.5,2023-12-26
1703635200000,2231.14,2394.0,2212.6,2378.52,2753517.0,2023-12-27
1703721600000,2378.51,2453.95,2335.0,2344.66,3198484.1,2023-12-28
1703808000000,2344.67,2387.72,2253.98,2299.35,2790622.6,2023-12-29
1703894400000,2299.36,2323.82,2268.5,2291.81,1274357.0,2023-12-30
1703980800000,2291.82,2323.41,2257.04,2282.75,1235617.1,2023-12-31
1704067200000,2282.75,2353.48,2265.3,2353.21,1190561.5,2024-01-01
1704153600000,2353.2,2432.76,2336.97,2355.39,2251678.9,2024-01-02
1704240000000,2355.4,2386.2,2052.45,2210.57,3402104.5,2024-01-03
1704326400000,2210.57,2296.52,2201.48,2267.84,1663474.4,2024-01-04
1704412800000,2267.84,2277.99,2206.15,2268.36,1728279.3,2024-01-05
1704499200000,2268.36,2269.87,2215.43,2240.8,791578.3,2024-01-06
1704585600000,2240.8,2258.0,2205.0,2221.73,995849.3,2024-01-07
1704672000000,2221.72,2360.0,2166.0,2331.27,2544091.4,2024-01-08
1704758400000,2331.27,2376.39,2217.9,2344.34,2787599.1,2024-01-09
1704844800000,2344.24,2645.72,2339.97,2584.8,5018048.6,2024-01-10
1704931200000,2584.79,2691.46,2565.03,2618.07,3273037.3,2024-01-11
1705017600000,2618.07,2717.77,2458.0,2522.77,3944903.2,2024-01-12
1705104000000,2522.79,2590.45,2497.0,2577.68,1493508.9,2024-01-13
1705190400000,2577.69,2578.63,2470.0,2473.73,1141272.4,2024-01-14
1705276800000,2473.73,2555.39,2471.62,2512.14,1143793.8,2024-01-15
1705363200000,2512.16,2613.59,2500.51,2587.09,1587617.4,2024-01-16
1705449600000,2587.09,2592.99,2506.3,2531.0,1337851.5,2024-01-17
1705536000000,2531.0,2549.89,2426.0,2470.97,1905206.4,2024-01-18
1705622400000,2470.97,2505.95,2415.79,2492.52,1751723.3,2024-01-19
1705708800000,2492.52,2492.53,2454.1,2472.32,545537.3,2024-01-20
1705795200000,2472.31,2482.58,2451.49,2457.63,443076.2,2024-01-21
1705881600000,2457.62,2466.99,2301.5,2314.62,2682840.1,2024-01-22
1705968000000,2314.61,2351.55,2167.13,2242.47,3267209.4,2024-01-23
1706054400000,2242.47,2264.99,2196.01,2235.41,1639138.6,2024-01-24
1706140800000,2235.56,2243.0,2170.56,2218.88,1597876.8,2024-01-25
1706227200000,2218.89,2282.96,2195.81,2267.74,1709511.5,2024-01-26
1706313600000,2267.74,2284.4,2251.56,2268.14,636166.6,2024-01-27
1706400000000,2268.13,2309.0,2238.0,2256.9,1107181.0,2024-01-28
1706486400000,2256.89,2323.0,2233.05,2317.21,1449674.8,2024-01-29
1706572800000,2317.22,2393.81,2295.55,2343.61,1678589.0,2024-01-30
1706659200000,2343.6,2352.16,2263.0,2283.43,1812508.7,2024-01-31
1706745600000,2283.44,2312.65,2238.0,2304.13,1442792.5,2024-02-01
1706832000000,2304.12,2324.8,2281.12,2309.74,1150084.6,2024-02-02
1706918400000,2309.73,2330.92,2290.35,2296.55,700099.6,2024-02-03
1707004800000,2296.55,2312.5,2262.6,2290.01,944302.9,2024-02-04
1707091200000,2290.01,2338.76,2268.8,2302.19,1240269.3,2024-02-05
1707177600000,2302.19,2392.58,2299.06,2372.42,1736695.2,2024-02-06
1707264000000,2372.41,2445.79,2353.33,2425.33,1422310.5,2024-02-07
1707350400000,2425.33,2465.0,2411.92,2420.01,1273390.8,2024-02-08
1707436800000,2420.02,2526.99,2419.38,2487.13,1870596.5,2024-02-09
1707523200000,2487.13,2516.88,2470.53,2500.2,697511.6,2024-02-10
1707609600000,2500.25,2540.8,2492.39,2507.53,924410.1,2024-02-11
1707696000000,2507.55,2668.34,2472.0,2660.56,1954251.0,2024-02-12
1707782400000,2660.56,2688.88,2587.08,2640.44,2104757.5,2024-02-13
1707868800000,2640.44,2787.77,2618.6,2775.34,1949014.1,2024-02-14
1707955200000,2775.09,2868.86,2758.0,2823.52,2176181.7,2024-02-15
1708041600000,2823.52,2858.0,2735.33,2802.56,1802643.6,2024-02-16
1708128000000,2802.56,2804.99,2718.29,2786.0,1107834.7,2024-02-17
1708214400000,2786.0,2899.0,2760.03,2882.46,1381118.8,2024-02-18
1708300800000,2882.46,2987.95,2856.86,2945.1,1891198.6,2024-02-19
1708387200000,2945.09,3035.56,2870.11,3015.19,2974661.4,2024-02-20
1708473600000,3015.2,3017.68,2866.86,2967.93,2761808.3,2024-02-21
1708560000000,2967.95,3037.98,2905.94,2971.26,2906738.9,2024-02-22
1708646400000,2971.25,2994.38,2905.61,2922.57,1761837.4,2024-02-23
1708732800000,2922.56,3008.3,2907.0,2993.27,1008812.0,2024-02-24
1708819200000,2993.11,3132.39,2984.46,3112.97,1977892.8,2024-02-25
1708905600000,3112.97,3199.99,3036.53,3176.79,2501503.8,2024-02-26
1708992000000,3176.79,3292.0,3166.67,3243.48,2356876.3,2024-02-27
1709078400000,3243.48,3498.77,3156.53,3384.0,4339599.3,2024-02-28
1709164800000,3383.99,3540.0,3300.0,3341.87,3135460.9,2024-02-29
1709251200000,3341.88,3452.81,3340.88,3433.04,1590715.2,2024-03-01
1709337600000,3433.05,3464.14,3376.77,3422.14,1025500.8,2024-03-02
1709424000000,3422.14,3496.95,3358.8,3489.35,1377644.4,2024-03-03
1709510400000,3489.35,3642.76,3412.03,3627.62,2520936.0,2024-03-04
1709596800000,3627.61,3825.0,3176.41,3552.24,4862831.5,2024-03-05
1709683200000,3552.25,3904.09,3497.76,3820.39,3311291.7,2024-03-06
1709769600000,3820.4,3937.4,3734.68,3869.13,1803945.6,2024-03-07
1709856000000,3869.13,3999.0,3795.75,3883.49,2316711.2,2024-03-08
1709942400000,3883.48,3943.77,3869.86,3906.07,658424.5,2024-03-09
1710028800000,3906.08,3968.0,3790.0,3879.4,1361026.6,2024-03-10
1710115200000,3879.4,4092.55,3721.34,4067.5,2210560.0,2024-03-11
1710201600000,4067.51,4096.15,3828.07,3982.18,2488988.2,2024-03-12
1710288000000,3982.18,4087.92,3932.0,4007.0,1733115.2,2024-03-13
1710374400000,4007.0,4014.28,3722.74,3882.4,2571505.9,2024-03-14
1710460800000,3882.4,3938.93,3568.0,3742.67,3558678.9,2024-03-15
1710547200000,3742.67,3784.49,3468.0,3525.18,1916794.8,2024-03-16
1710633600000,3525.19,3681.58,3411.01,3645.4,2109781.8,2024-03-17
1710720000000,3645.39,3646.47,3454.55,3521.79,2273235.3,2024-03-18
1710806400000,3521.78,3549.82,3150.04,3158.43,4294324.6,2024-03-19
1710892800000,3158.43,3536.0,3051.58,3515.21,4870790.7,2024-03-20
1710979200000,3515.48,3587.5,3412.6,3492.8,2462052.5,2024-03-21
1711065600000,3492.63,3542.79,3246.0,3337.91,2616473.3,2024-03-22
1711152000000,3337.91,3436.68,3269.86,3329.28,1553175.2,2024-03-23
1711238400000,3329.29,3473.0,3300.26,3455.79,1392116.5,2024-03-24
1711324800000,3455.8,3668.17,3420.32,3590.94,1819829.3,2024-03-25
1711411200000,3590.94,3680.62,3543.15,3588.19,1789730.3,2024-03-26
1711497600000,3588.2,3671.5,3461.0,3503.54,2004502.4,2024-03-27
1711584000000,3503.54,3614.18,3463.96,3562.28,1535041.4,2024-03-28
1711670400000,3562.29,3587.85,3472.93,3510.84,1385009.7,2024-03-29
1711756800000,3510.85,3567.96,3485.42,3507.14,938828.9,2024-03-30
1711843200000,3507.14,3659.99,3506.0,3646.72,1117326.0,2024-03-31
1711929600000,3646.73,3648.2,3412.44,3504.83,2164220.9,2024-04-01
1712016000000,3504.84,3507.0,3208.75,3279.5,2801190.6,2024-04-02
1712102400000,3279.5,3368.97,3200.1,3311.98,1981500.4,2024-04-03
1712188800000,3311.97,3445.85,3251.0,3328.79,1808665.2,2024-04-04
1712275200000,3328.79,3349.42,3208.0,3317.64,1846332.9,2024-04-05
1712361600000,3317.65,3399.83,3306.07,3351.38,785998.1,2024-04-06
1712448000000,3351.39,3460.96,3343.24,3454.0,968626.4,2024-04-07
1712534400000,3454.0,3732.93,3407.44,3695.88,2073632.2,2024-04-08
1712620800000,3695.88,3728.0,3450.38,3506.0,2208164.3,2024-04-09
1712707200000,3506.01,3564.42,3408.14,3546.59,2040066.2,2024-04-10
1712793600000,3546.58,3618.1,3473.0,3502.93,1532419.5,2024-04-11
1712880000000,3502.94,3553.98,3055.01,3237.35,2732822.9,2024-04-12
1712966400000,3237.09,3303.0,2786.0,3005.44,3615624.9,2024-04-13
1713052800000,3005.43,3174.65,2901.44,3154.03,2717404.6,2024-04-14
1713139200000,3154.03,3278.78,3022.4,3102.39,2752029.2,2024-04-15
1713225600000,3102.4,3127.0,2985.01,3083.89,2531572.1,2024-04-16
1713312000000,3083.9,3124.69,2913.0,2985.01,2176861.4,2024-04-17
1713398400000,2985.0,3095.0,2951.0,3064.49,1817814.44,2024-04-18
1713484800000,3064.5,3129.95,2862.9,3056.13,2760343.34,2024-04-19
1713571200000,3056.12,3173.47,3017.35,3155.12,1130061.85,2024-04-20
1713657600000,3155.12,3197.82,3115.31,3147.43,1046465.33,2024-04-21
1713744000000,3147.32,3236.5,3128.09,3199.96,1474195.5,2024-04-22
1713830400000,3199.96,3265.23,3151.01,3219.43,1221046.25,2024-04-23
1713916800000,3219.44,3293.88,3102.4,3140.66,1989699.2,2024-04-24
1714003200000,3140.67,3192.56,3071.29,3155.92,1994224.68,2024-04-25
1714089600000,3155.91,3169.04,3101.35,3131.47,1395427.95,2024-04-26
1714176000000,3131.46,3286.61,3065.8,3255.04,1713797.93,2024-04-27
1714262400000,3255.04,3369.64,3250.16,3263.54,1614563.32,2024-04-28
1714348800000,3263.53,3287.98,3115.02,3217.79,2248993.27,2024-04-29
1714435200000,3217.8,3253.3,2920.41,3014.72,3137465.98,2024-04-30
1714521600000,3014.71,3024.0,2815.0,2971.79,3013958.25,2024-05-01
1714608000000,2971.79,3017.65,2892.2,2986.32,1638167.97,2024-05-02
1714694400000,2986.32,3127.7,2957.59,3103.0,1596856.08,2024-05-03
1714780800000,3103.01,3170.2,3092.43,3117.34,888733.21,2024-05-04
1714867200000,3117.34,3173.93,3071.2,3136.39,1047094.07,2024-05-05
1714953600000,3136.38,3222.59,3045.6,3062.53,1824551.01,2024-05-06
1715040000000,3062.53,3130.5,3000.0,3006.05,1561542.59,2024-05-07
1715126400000,3006.05,3038.99,2934.04,2974.24,1561897.78,2024-05-08
1715212800000,2974.24,3060.67,2951.19,3036.0,1221372.93,2024-05-09
1715299200000,3036.01,3054.26,2874.91,2910.73,1609172.8,2024-05-10
1715385600000,2910.74,2946.78,2885.01,2912.4,788228.3,2024-05-11
1715472000000,2912.41,2955.43,2901.03,2929.28,622861.87,2024-05-12
1715558400000,2929.29,2996.99,2863.7,2950.9,1737746.12,2024-05-13
1715644800000,2950.88,2961.52,2860.12,2882.52,1447949.29,2024-05-14
1715731200000,2882.52,3040.92,2864.02,3031.72,1657340.69,2024-05-15
1715817600000,3031.72,3040.84,2921.9,2945.04,1379487.41,2024-05-16
1715904000000,2945.04,3120.0,2933.2,3092.23,1744560.16,2024-05-17
1715990400000,3092.24,3147.42,3083.55,3123.26,871174.99,2024-05-18
1716076800000,3123.27,3137.68,3052.3,3071.4,982908.91,2024-05-19
1716163200000,3071.39,3697.68,3048.0,3662.68,3661899.73,2024-05-20
1716249600000,3662.67,3845.0,3626.92,3790.27,3729703.11,2024-05-21
1716336000000,3790.28,3815.0,3653.33,3738.13,2423123.03,2024-05-22
1716422400000,3738.14,3950.0,3522.0,3783.29,4984897.51,2024-05-23
1716508800000,3783.29,3831.94,3626.15,3728.01,1947667.96,2024-05-24
1716595200000,3728.0,3779.99,3708.03,3750.62,658353.27,2024-05-25
1716681600000,3750.46,3884.9,3731.01,3826.38,1187587.75,2024-05-26
1716768000000,3826.39,3978.63,3823.0,3894.55,1619263.43,2024-05-27
1716854400000,3894.56,3932.0,3775.0,3844.66,1823150.98,2024-05-28
1716940800000,3844.66,3891.94,3744.0,3767.81,1538514.4,2024-05-29
1717027200000,3767.8,3826.0,3703.16,3748.41,1539950.19,2024-05-30
1717113600000,3748.41,3853.0,3722.65,3762.68,1475133.61,2024-05-31
1717200000000,3762.67,3834.33,3752.78,3815.61,666238.12,2024-06-01
1717286400000,3815.62,3838.4,3751.07,3782.02,853202.66,2024-06-02
1717372800000,3782.03,3852.5,3757.32,3767.36,1295816.07,2024-06-03
1717459200000,3767.36,3833.64,3725.0,3810.64,1144620.21,2024-06-04
1717545600000,3810.64,3888.0,3778.24,3866.25,1170119.11,2024-06-05
1717632000000,3866.24,3879.87,3758.48,3813.75,944304.1,2024-06-06
1717718400000,3813.76,3842.48,3565.41,3679.14,1626725.07,2024-06-07
1717804800000,3679.13,3709.87,3660.0,3681.72,489881.67,2024-06-08
1717891200000,3681.71,3727.0,3666.86,3706.43,426201.41,2024-06-09
1717977600000,3706.44,3714.6,3644.03,3668.77,694374.03,2024-06-10
1718064000000,3668.77,3673.54,3426.53,3497.06,2095902.69,2024-06-11
1718150400000,3497.06,3657.7,3461.18,3560.65,1806038.07,2024-06-12
1718236800000,3560.65,3562.4,3427.63,3469.97,1481775.52,2024-06-13
1718323200000,3469.97,3533.24,3362.02,3481.28,1617883.77,2024-06-14
1718409600000,3481.28,3594.29,3472.22,3569.09,1049606.46,2024-06-15
1718496000000,3569.1,3656.0,3540.63,3624.01,852430.37,2024-06-16
1718582400000,3624.01,3638.0,3465.75,3511.11,1861010.06,2024-06-17
1718668800000,3511.11,3517.08,3346.0,3483.11,2201017.03,2024-06-18
1718755200000,3483.11,3588.0,3465.38,3560.0,1492722.37,2024-06-19
1718841600000,3560.01,3626.0,3486.5,3512.83,1656756.03,2024-06-20
1718928000000,3512.84,3547.56,3446.5,3518.42,1593940.83,2024-06-21
1719014400000,3518.42,3521.66,3476.07,3495.44,523754.11,2024-06-22
1719100800000,3495.43,3521.66,3399.0,3420.89,759636.5,2024-06-23
1719187200000,3420.89,3436.68,3210.04,3352.0,2745539.68,2024-06-24
1719273600000,3351.99,3429.93,3336.33,3394.5,1275077.75,2024-06-25
1719360000000,3394.51,3427.3,3325.54,3371.76,1125203.99,2024-06-26
1719446400000,3371.77,3477.93,3361.66,3450.76,1074385.02,2024-06-27
1719532800000,3450.75,3489.27,3366.6,3380.39,1414680.98,2024-06-28
1719619200000,3380.39,3409.0,3371.31,3379.24,455982.77,2024-06-29
1719705600000,3379.24,3462.0,3353.01,3438.0,819790.28,2024-06-30
1719792000000,3438.0,3524.12,3422.0,3442.52,1279997.36,2024-07-01
1719878400000,3442.53,3465.15,3401.43,3421.58,853819.32,2024-07-02
1719964800000,3421.63,3432.89,3250.33,3295.58,1840651.41,2024-07-03
1720051200000,3295.59,3313.78,3050.13,3060.31,2809869.22,2024-07-04
1720137600000,3060.32,3109.95,2803.48,2981.37,3854866.42,2024-07-05
1720224000000,2981.53,3082.74,2954.22,3067.05,1087727.14,2024-07-06
1720310400000,3067.06,3073.51,2922.0,2931.69,1221680.04,2024-07-07
1720396800000,2931.68,3098.73,2822.06,3018.7,3058758.54,2024-07-08
1720483200000,3018.69,3116.14,3003.71,3066.61,1708379.46,2024-07-09
1720569600000,3066.67,3152.59,3023.92,3101.06,1512292.27,2024-07-10
1720656000000,3101.05,3216.66,3053.61,3099.8,1740781.12,2024-07-11
1720742400000,3099.92,3158.0,3046.02,3134.3,1407843.38,2024-07-12
1720828800000,3134.31,3202.63,3113.2,3175.96,757560.25,2024-07-13
1720915200000,3175.96,3269.0,3163.09,3245.15,923931.74,2024-07-14
1721001600000,3245.15,3497.29,3233.0,3483.72,1937529.35,2024-07-15
1721088000000,3483.72,3500.0,3345.76,3444.24,1996432.7,2024-07-16
1721174400000,3444.23,3518.43,3376.0,3387.8,1542075.2,2024-07-17
1721260800000,3387.8,3489.68,3366.97,3426.74,1356212.59,2024-07-18
1721347200000,3426.75,3542.25,3376.68,3504.38,1677597.15,2024-07-19
1721433600000,3504.39,3540.89,3479.57,3517.6,683286.96,2024-07-20
1721520000000,3517.6,3549.41,3410.23,3536.22,1126936.61,2024-07-21
1721606400000,3536.39,3564.0,3422.02,3439.77,1188996.56,2024-07-22
1721692800000,3439.77,3542.0,3389.47,3482.61,2596624.32,2024-07-23
1721779200000,3482.61,3489.02,3288.0,3336.01,1416623.29,2024-07-24
1721865600000,3336.0,3342.85,3087.0,3175.0,2735129.42,2024-07-25
1721952000000,3175.0,3286.86,3170.42,3274.4,1618500.74,2024-07-26
1722038400000,3274.41,3328.1,3190.02,3249.47,1383494.97,2024-07-27
1722124800000,3249.46,3284.87,3198.0,3270.28,665712.88,2024-07-28
1722211200000,3270.28,3398.0,3256.44,3318.37,1922746.05,2024-07-29
1722297600000,3318.38,3366.67,3233.37,3279.59,1312262.68,2024-07-30
1722384000000,3279.58,3351.0,3213.0,3233.32,1555316.19,2024-07-31
1722470400000,3233.31,3243.0,3080.01,3203.52,2007279.69,2024-08-01
1722556800000,3203.52,3218.43,2968.0,2990.01,2288271.9,2024-08-02
1722643200000,2990.01,3018.74,2856.65,2903.54,1881596.55,2024-08-03
1722729600000,2903.55,2939.0,2616.84,2689.08,2623704.9,2024-08-04
1722816000000,2689.08,2697.68,2079.79,2419.96,9652815.91,2024-08-05
1722902400000,2419.97,2556.6,2411.31,2461.05,3180278.88,2024-08-06
1722988800000,2461.05,2553.26,2306.73,2342.41,3289144.53,2024-08-07
1723075200000,2342.32,2725.99,2320.03,2682.83,3183503.92,2024-08-08
1723161600000,2682.84,2709.05,2552.22,2598.71,2276357.8,2024-08-09
1723248000000,2598.71,2646.0,2576.0,2610.31,925076.03,2024-08-10
1723334400000,2610.31,2720.0,2539.61,2555.82,1998106.22,2024-08-11
1723420800000,2555.81,2751.96,2505.0,2722.53,2824476.47,2024-08-12
1723507200000,2722.52,2738.44,2607.0,2702.53,1908255.65,2024-08-13
1723593600000,2702.53,2785.13,2632.0,2661.13,2152162.67,2024-08-14
1723680000000,2661.13,2676.05,2515.13,2570.18,2237681.36,2024-08-15
1723766400000,2570.17,2631.58,2550.0,2592.94,1985852.65,2024-08-16
1723852800000,2592.93,2628.0,2587.23,2614.71,597196.49,2024-08-17
1723939200000,2614.53,2688.71,2594.28,2612.65,1302733.12,2024-08-18
1724025600000,2612.65,2648.6,2562.65,2636.27,1723778.04,2024-08-19
1724112000000,2636.22,2695.72,2554.1,2572.63,1973251.35,2024-08-20
1724198400000,2572.41,2665.73,2534.5,2630.89,1964475.18,2024-08-21
1724284800000,2630.9,2644.5,2582.88,2622.86,1339208.3,2024-08-22
1724371200000,2622.86,2802.01,2621.23,2762.99,2514890.11,2024-08-23
1724457600000,2762.99,2820.6,2730.06,2768.14,1329588.36,2024-08-24
1724544000000,2768.09,2793.66,2733.1,2746.33,948152.22,2024-08-25
1724630400000,2746.32,2762.19,2666.66,2680.86,1492056.05,2024-08-26
1724716800000,2680.87,2699.99,2391.0,2457.6,2776597.64,2024-08-27
1724803200000,2457.59,2554.99,2416.81,2528.29,2701679.9,2024-08-28
1724889600000,2528.29,2596.0,2505.81,2527.69,1597954.2,2024-08-29
1724976000000,2527.69,2556.1,2431.29,2525.99,1998392.09,2024-08-30
1725062400000,2525.99,2534.35,2490.65,2513.37,620824.38,2024-08-31
1725148800000,2513.21,2517.38,2398.3,2425.7,1769240.62,2024-09-01
1725235200000,2425.68,2565.72,2423.5,2537.88,1791818.14,2024-09-02
1725321600000,2537.89,2553.8,2410.04,2425.13,1689912.93,2024-09-03
1725408000000,2425.13,2491.41,2302.89,2450.39,2623093.76,2024-09-04
1725494400000,2450.39,2466.01,2347.36,2368.92,2034818.25,2024-09-05
1725580800000,2368.91,2409.96,2149.34,2225.21,3955039.77,2024-09-06
1725667200000,2225.2,2311.7,2221.49,2273.71,1394193.1,2024-09-07
1725753600000,2273.7,2334.11,2239.22,2297.44,1562589.73,2024-09-08
1725840000000,2297.43,2383.33,2272.23,2359.01,2309674.7,2024-09-09
1725926400000,2359.01,2401.0,2320.02,2388.62,1773551.48,2024-09-10
1726012800000,2388.62,2389.57,2277.0,2340.57,2440031.56,2024-09-11
1726099200000,2340.55,2392.81,2314.5,2362.12,1718397.66,2024-09-12
1726185600000,2362.12,2467.98,2337.37,2439.69,1836959.25,2024-09-13
1726272000000,2439.69,2441.0,2375.0,2418.29,864622.55,2024-09-14
1726358400000,2418.28,2432.41,2280.0,2316.31,1357720.25,2024-09-15
1726444800000,2316.34,2336.0,2252.0,2295.6,2082465.91,2024-09-16
1726531200000,2295.61,2394.44,2263.0,2342.11,1957986.73,2024-09-17
1726617600000,2342.11,2376.95,2276.22,2375.16,2254960.13,2024-09-18
1726704000000,2375.18,2496.32,2372.73,2465.41,2261859.73,2024-09-19
1726790400000,2465.41,2572.96,2437.0,2561.68,2422070.69,2024-09-20
1726876800000,2561.69,2627.12,2529.17,2613.46,1175696.09,2024-09-21
1726963200000,2613.46,2636.0,2523.69,2581.13,1596989.76,2024-09-22
1727049600000,2581.13,2704.62,2539.04,2647.55,2431730.05,2024-09-23
1727136000000,2647.56,2672.41,2591.44,2653.59,1930546.74,2024-09-24
1727222400000,2653.59,2674.85,2554.0,2580.9,1640386.18,2024-09-25
1727308800000,2580.9,2666.95,2559.25,2632.0,1921756.36,2024-09-26
1727395200000,2632.0,2728.99,2614.53,2694.88,1787721.05,2024-09-27
1727481600000,2694.88,2705.04,2650.0,2675.49,912166.42,2024-09-28
1727568000000,2675.49,2684.0,2634.15,2657.96,1033011.19,2024-09-29
1727654400000,2657.96,2663.99,2573.74,2602.63,2148153.84,2024-09-30
1727740800000,2602.63,2659.94,2412.46,2447.79,3479342.66,2024-10-01
1727827200000,2447.79,2499.81,2351.28,2364.0,2488388.67,2024-10-02
1727913600000,2364.0,2403.36,2308.8,2349.61,2402723.84,2024-10-03
1728000000000,2349.62,2442.48,2339.0,2414.69,1841623.11,2024-10-04
1728086400000,2414.7,2429.0,2389.0,2414.81,864038.68,2024-10-05
1728172800000,2414.82,2458.0,2407.12,2440.02,910290.82,2024-10-06
1728259200000,2440.01,2522.16,2403.0,2422.48,2384668.91,2024-10-07
1728345600000,2422.47,2467.44,2400.8,2440.59,1762547.59,2024-10-08
1728432000000,2440.6,2474.64,2351.0,2370.7,1832619.46,2024-10-09
1728518400000,2370.7,2421.77,2330.11,2386.23,2067917.7,2024-10-10
1728604800000,2386.22,2472.0,2382.01,2439.49,1630832.06,2024-10-11
1728691200000,2439.48,2491.71,2434.17,2476.61,936110.96,2024-10-12
1728777600000,2476.61,2485.49,2436.61,2469.16,958230.54,2024-10-13
1728864000000,2469.16,2654.99,2443.06,2630.19,2706426.52,2024-10-14
1728950400000,2630.19,2689.96,2536.77,2607.67,2749841.1,2024-10-15
1729036800000,2607.68,2647.9,2589.2,2611.32,1571487.95,2024-10-16
1729123200000,2611.32,2649.14,2575.2,2605.76,1520576.95,2024-10-17
1729209600000,2605.75,2676.44,2596.45,2642.45,1620588.69,2024-10-18
1729296000000,2642.44,2664.4,2631.06,2648.83,596084.51,2024-10-19
1729382400000,2648.82,2760.94,2635.96,2747.38,1320358.4,2024-10-20
1729468800000,2747.38,2771.19,2655.01,2666.91,1639173.35,2024-10-21
1729555200000,2666.92,2671.94,2606.25,2623.15,1665172.76,2024-10-22
1729641600000,2623.16,2627.95,2442.8,2524.63,2456668.69,2024-10-23
1729728000000,2524.62,2561.99,2506.53,2535.95,1483442.42,2024-10-24
1729814400000,2535.96,2567.44,2380.9,2440.44,2851071.0,2024-10-25
1729900800000,2440.44,2509.78,2430.09,2482.5,1180784.02,2024-10-26
1729987200000,2482.5,2528.99,2463.29,2508.22,919657.33,2024-10-27
1730073600000,2508.22,2590.81,2471.3,2567.46,2046694.99,2024-10-28
1730160000000,2567.46,2682.93,2561.23,2639.47,2054703.45,2024-10-29
1730246400000,2639.47,2723.23,2600.19,2659.35,2240691.78,2024-10-30
1730332800000,2659.34,2669.96,2502.0,2518.65,2240368.77,2024-10-31
1730419200000,2518.65,2587.38,2465.02,2511.73,2215198.14,2024-11-01
1730505600000,2511.74,2523.73,2470.01,2494.56,783978.26,2024-11-02
1730592000000,2494.55,2496.6,2410.55,2457.71,1806442.36,2024-11-03
1730678400000,2457.67,2491.98,2356.44,2398.51,1783325.62,2024-11-04
1730764800000,2398.5,2480.93,2380.58,2422.7,1606549.05,2024-11-05
1730851200000,2422.7,2747.92,2420.17,2722.22,3682855.29,2024-11-06
1730937600000,2722.41,2916.58,2700.5,2895.47,3291964.85,2024-11-07
1731024000000,2895.47,2984.5,2887.03,2961.94,2414841.35,2024-11-08
1731110400000,2962.0,3158.8,2954.05,3126.85,2359578.55,2024-11-09
1731196800000,3126.86,3252.48,3070.87,3184.01,3511876.99,2024-11-10
1731283200000,3184.01,3390.84,3106.0,3373.14,3831602.52,2024-11-11
1731369600000,3373.15,3450.0,3209.21,3244.34,4364737.6,2024-11-12
1731456000000,3244.34,3333.72,3117.88,3187.67,3645795.94,2024-11-13
1731542400000,3187.68,3241.49,3025.0,3058.96,2573304.59,2024-11-14
1731628800000,3058.96,3132.66,3014.94,3090.45,2322372.72,2024-11-15
1731715200000,3090.45,3221.28,3071.79,3133.52,1708595.15,2024-11-16
1731801600000,3133.57,3162.8,3035.0,3076.78,2043152.89,2024-11-17
1731888000000,3076.79,3225.77,3051.18,3208.13,2525961.9,2024-11-18
1731974400000,3208.14,3222.22,3065.01,3108.11,1938718.11,2024-11-19
1732060800000,3108.12,3159.93,3030.0,3070.6,2006095.78,2024-11-20
1732147200000,3070.61,3388.47,3032.25,3356.72,3594615.16,2024-11-21
1732233600000,3356.73,3429.11,3255.17,3328.0,2544683.97,2024-11-22
1732320000000,3328.0,3497.29,3313.07,3394.59,2401863.33,2024-11-23
1732406400000,3394.59,3450.4,3281.85,3361.63,1912983.47,2024-11-24
1732492800000,3361.62,3548.8,3301.0,3415.59,3860991.11,2024-11-25
1732579200000,3415.51,3463.48,3253.0,3325.66,2558583.15,2024-11-26
1732665600000,3325.67,3686.75,3302.5,3654.21,3012958.2,2024-11-27
1732752000000,3654.21,3663.49,3530.22,3579.79,2024727.93,2024-11-28
1732838400000,3579.78,3648.0,3533.6,3592.64,1547211.39,2024-11-29
1732924800000,3592.64,3740.0,3567.78,3703.88,1711563.01,2024-11-30
1733011200000,3703.87,3747.99,3658.42,3709.0,1418058.08,2024-12-01
1733097600000,3708.99,3764.06,3557.3,3644.64,2558620.84,2024-12-02
1733184000000,3644.64,3672.38,3502.0,3615.37,1983602.23,2024-12-03
1733270400000,3615.37,3888.79,3615.34,3839.42,3136019.6,2024-12-04
1733356800000,3839.42,3958.8,3648.0,3786.4,3130134.2,2024-12-05
1733443200000,3786.41,4090.0,3778.95,4000.25,2619933.55,2024-12-06
1733529600000,4000.24,4026.81,3966.58,3997.43,875148.51,2024-12-07
1733616000000,3997.43,4017.73,3923.32,4005.45,1039307.92,2024-12-08
1733702400000,4005.45,4007.21,3451.16,3712.4,3795686.52,2024-12-09
1733788800000,3712.41,3781.02,3515.71,3628.28,3324989.18,2024-12-10
1733875200000,3628.29,3848.68,3563.02,3831.99,1840530.08,2024-12-11
1733961600000,3832.0,3988.58,3796.36,3881.58,2387768.64,2024-12-12
1734048000000,3881.57,3968.66,3852.45,3907.13,1611033.54,2024-12-13
1734134400000,3907.13,3946.76,3824.28,3870.36,1145379.78,2024-12-14
1734220800000,3870.36,3976.85,3831.8,3960.22,1163168.64,2024-12-15
1734307200000,3960.21,4109.56,3883.0,3986.22,2419885.84,2024-12-16
1734393600000,3986.21,4041.65,3847.2,3892.45,2198602.08,2024-12-17
1734480000000,3892.44,3910.14,3618.43,3627.74,2927207.91,2024-12-18
1734566400000,3627.75,3720.0,3322.0,3417.21,4107929.68,2024-12-19
1734652800000,3417.21,3498.0,3101.0,3472.2,4992077.26,2024-12-20
1734739200000,3472.2,3554.98,3292.86,3339.1,2252775.16,2024-12-21
1734825600000,3339.11,3403.74,3220.27,3281.88,1836140.95,2024-12-22
1734912000000,3281.88,3466.99,3216.47,3422.11,2656846.1,2024-12-23
1734998400000,3422.1,3541.88,3358.12,3493.7,1718568.55,2024-12-24
1735084800000,3493.55,3548.5,3441.0,3497.25,1272230.28,2024-12-25
1735171200000,3497.26,3515.76,3303.53,3334.85,1682025.19,2024-12-26
1735257600000,3334.85,3444.0,3307.6,3333.18,1837809.11,2024-12-27
1735344000000,3333.03,3429.41,3321.97,3404.0,854706.6,2024-12-28
1735430400000,3404.0,3414.47,3326.08,3356.66,865073.16,2024-12-29
1735516800000,3356.66,3437.5,3304.7,3361.32,1883859.04,2024-12-30
1735603200000,3361.32,3452.02,3315.56,3337.53,1393975.97,2024-12-31
1735689600000,3337.52,3375.0,3314.22,3360.39,813997.5,2025-01-01
1735776000000,3360.39,3511.82,3355.0,3456.14,1584000.31,2025-01-02
1735862400000,3456.14,3632.0,3423.23,3609.68,1647138.86,2025-01-03
1735948800000,3609.68,3672.66,3572.39,3657.06,1207151.81,2025-01-04
1736035200000,3657.06,3677.99,3593.15,3636.0,863482.97,2025-01-05
1736121600000,3635.99,3746.33,3610.42,3687.14,1890094.91,2025-01-06
1736208000000,3687.15,3701.75,3356.26,3380.78,3000564.14,2025-01-07
1736294400000,3380.78,3415.91,3208.6,3327.31,2751472.32,2025-01-08
1736380800000,3327.32,3357.9,3156.74,3219.78,2221282.972,2025-01-09
1736467200000,3219.79,3323.58,3194.28,3267.16,2090103.813,2025-01-10
1736553600000,3267.16,3320.85,3216.62,3283.46,859531.738,2025-01-11
1736640000000,3283.47,3301.45,3223.6,3267.34,905996.129,2025-01-12
1736726400000,3267.34,3338.98,2907.25,3137.79,4139845.061,2025-01-13
1736812800000,3137.79,3256.87,3125.94,3225.4,1881290.821,2025-01-14
1736899200000,3225.39,3474.0,3186.52,3451.2,2202082.108,2025-01-15
1736985600000,3451.2,3461.5,3265.32,3308.31,2195819.907,2025-01-16
1737072000000,3308.31,3526.43,3308.05,3473.83,1803619.117,2025-01-17
1737158400000,3473.84,3495.1,3227.1,3308.2,2608182.987,2025-01-18
1737244800000,3308.21,3449.99,3131.0,3215.3,4064050.83,2025-01-19
1737331200000,3215.36,3457.78,3142.64,3284.21,4026139.059,2025-01-20
1737417600000,3284.2,3369.65,3203.95,3327.83,1880475.402,2025-01-21
1737504000000,3327.84,3366.5,3221.98,3243.39,1353900.506,2025-01-22
1737590400000,3243.39,3349.7,3183.47,3339.08,2231416.943,2025-01-23
1737676800000,3339.11,3429.99,3275.2,3310.69,1771257.9,2025-01-24
1737763200000,3310.69,3351.99,3268.8,3319.54,992078.038,2025-01-25
1737849600000,3319.53,3363.31,3228.8,3232.27,1067882.994,2025-01-26
1737936000000,3232.26,3254.24,3019.39,3183.04,3249985.54,2025-01-27
1738022400000,3183.05,3223.76,3039.35,3077.36,1621112.405,2025-01-28
1738108800000,3077.37,3184.0,3053.37,3114.16,1690718.468,2025-01-29
1738195200000,3114.16,3284.5,3090.04,3247.95,1372091.756,2025-01-30
1738281600000,3247.95,3437.77,3213.48,3301.49,2313563.148,2025-01-31
1738368000000,3301.49,3333.07,3100.98,3117.31,1620655.017,2025-02-01
1738454400000,3117.31,3163.11,2733.33,2869.54,3546994.405,2025-02-02
1738540800000,2869.55,2921.02,2086.11,2879.7,8188453.95,2025-02-03
1738627200000,2879.69,2889.13,2632.05,2731.26,3664014.122,2025-02-04
1738713600000,2731.27,2828.47,2699.05,2788.24,2279291.347,2025-02-05
1738800000000,2788.23,2858.59,2654.95,2686.71,2271215.767,2025-02-06
1738886400000,2686.7,2797.97,2561.77,2621.83,2616133.732,2025-02-07
1738972800000,2621.83,2668.0,2588.16,2632.11,1356845.977,2025-02-08
1739059200000,2632.11,2699.96,2520.02,2627.3,1659935.844,2025-02-09
1739145600000,2627.39,2693.92,2559.2,2661.35,1952082.263,2025-02-10
1739232000000,2661.34,2726.45,2557.25,2602.63,2220176.147,2025-02-11
1739318400000,2602.63,2796.21,2545.48,2738.58,2753267.005,2025-02-12
1739404800000,2738.58,2757.88,2612.02,2675.99,1880280.195,2025-02-13
1739491200000,2676.0,2791.97,2664.3,2726.28,1920091.434,2025-02-14
1739577600000,2726.29,2739.7,2658.71,2693.27,931534.539,2025-02-15
1739664000000,2693.27,2728.02,2651.0,2661.22,1022585.218,2025-02-16
1739750400000,2661.22,2849.9,2636.39,2744.29,2763725.485,2025-02-17
1739836800000,2744.29,2758.0,2605.47,2672.09,2229318.479,2025-02-18
1739923200000,2672.1,2737.84,2655.64,2715.65,1674236.63,2025-02-19
1740009600000,2715.66,2771.8,2706.63,2738.01,1630812.564,2025-02-20
1740096000000,2738.02,2847.0,2615.55,2661.6,3686009.617,2025-02-21
1740182400000,2661.6,2798.95,2651.72,2763.4,1602970.571,2025-02-22
1740268800000,2763.41,2858.82,2744.74,2819.69,1942291.025,2025-02-23
1740355200000,2819.69,2840.44,2467.4,2513.95,3793364.863,2025-02-24
1740441600000,2513.95,2533.53,2312.19,2495.7,5391501.126,2025-02-25
1740528000000,2495.7,2508.0,2253.62,2336.49,4343135.069,2025-02-26
1740614400000,2336.5,2381.53,2230.02,2307.71,3082519.747,2025-02-27
1740700800000,2307.72,2314.29,2072.92,2237.58,6076944.625,2025-02-28
1740787200000,2237.58,2281.29,2141.65,2217.85,2474090.153,2025-03-01
1740873600000,2217.85,2552.09,2172.0,2518.74,5515085.027,2025-03-02
1740960000000,2518.61,2524.34,2095.21,2149.29,5025427.846,2025-03-03
1741046400000,2149.29,2221.99,1985.43,2171.84,6435730.982,2025-03-04
1741132800000,2171.84,2273.53,2155.12,2241.86,3227317.649,2025-03-05
1741219200000,2241.86,2320.73,2175.8,2202.51,3173628.088,2025-03-06
1741305600000,2202.51,2258.07,2101.56,2141.83,4457665.199,2025-03-07
1741392000000,2141.83,2235.26,2104.65,2203.76,1881361.494,2025-03-08
1741478400000,2203.76,2212.36,1989.0,2020.48,3157581.54,2025-03-09
1741564800000,2020.49,2152.77,1810.0,1864.99,6352803.296,2025-03-10
1741651200000,1865.0,1964.02,1753.0,1923.61,6492344.008,2025-03-11
1741737600000,1923.61,1956.57,1828.96,1908.36,4984300.181,2025-03-12
1741824000000,1908.3,1924.6,1821.22,1864.89,3701132.269,2025-03-13
1741910400000,1864.89,1945.89,1861.57,1911.55,2418959.4,2025-03-14
1741996800000,1911.54,1958.0,1903.09,1937.26,1371683.581,2025-03-15
1742083200000,1937.21,1941.09,1860.28,1887.04,2304432.681,2025-03-16
1742169600000,1887.04,1952.42,1879.37,1926.34,2330429.361,2025-03-17
1742256000000,1926.35,1936.3,1872.07,1931.5,2412242.421,2025-03-18
1742342400000,1931.49,2070.98,1927.76,2056.37,4541571.293,2025-03-19
1742428800000,2056.36,2068.49,1952.08,1983.92,2704436.382,2025-03-20
1742515200000,1983.91,1996.9,1935.65,1965.89,2003063.888,2025-03-21
1742601600000,1965.89,2006.53,1964.26,1980.5,1403676.517,2025-03-22
1742688000000,1980.51,2021.27,1976.67,2006.26,1711700.367,2025-03-23
1742774400000,2006.26,2104.99,1977.49,2081.31,3221397.411,2025-03-24
1742860800000,2081.31,2098.11,2036.02,2066.39,2541718.688,2025-03-25
1742947200000,2066.39,2079.0,1981.3,2009.42,2820927.751,2025-03-26
1743033600000,2009.41,2037.49,1986.58,2004.0,2283159.792,2025-03-27
1743120000000,2004.0,2016.32,1853.81,1897.23,3970378.32,2025-03-28
1743206400000,1897.24,1913.81,1796.08,1828.42,3379089.404,2025-03-29
1743292800000,1828.43,1849.3,1766.6,1807.87,3005947.26,2025-03-30
1743379200000,1807.87,1854.5,1776.41,1822.61,3963619.203,2025-03-31
1743465600000,1822.6,1928.89,1817.81,1905.33,3708610.586,2025-04-01
1743552000000,1905.32,1957.3,1781.58,1795.01,5321221.346,2025-04-02
1743638400000,1795.0,1845.66,1748.0,1817.34,3880165.746,2025-04-03
1743724800000,1817.36,1835.91,1758.27,1817.01,4607932.173,2025-04-04
1743811200000,1817.01,1827.59,1763.05,1805.77,1773724.266,2025-04-05
1743897600000,1805.9,1817.9,1535.3,1580.77,7768693.636,2025-04-06
1743984000000,1580.77,1639.83,1411.0,1553.2,14109990.841,2025-04-07
1744070400000,1553.19,1618.9,1444.6,1473.6,6844610.777,2025-04-08
1744156800000,1473.59,1689.87,1384.06,1669.44,11308476.638,2025-04-09
1744243200000,1669.44,1670.0,1471.72,1522.48,6954959.405,2025-04-10
1744329600000,1522.47,1592.4,1504.49,1566.5,4630377.836,2025-04-11
1744416000000,1566.51,1669.87,1545.1,1644.31,3826817.352,2025-04-12
1744502400000,1644.32,1650.36,1561.01,1597.82,4787729.322,2025-04-13
1744588800000,1597.82,1692.78,1595.69,1623.72,5175291.028,2025-04-14
1744675200000,1623.71,1661.31,1582.65,1588.6,3890279.676,2025-04-15
1744761600000,1588.59,1614.74,1536.0,1577.39,5003237.109,2025-04-16
1744848000000,1577.38,1617.7,1562.26,1583.71,3577335.578,2025-04-17
1744934400000,1583.72,1601.84,1573.28,1588.71,1662986.071,2025-04-18
1745020800000,1588.71,1633.0,1585.13,1613.31,1884213.829,2025-04-19
1745107200000,1613.3,1619.29,1565.01,1587.63,2346622.329,2025-04-20
1745193600000,1587.63,1659.07,1562.04,1579.43,5079154.774,2025-04-21
1745280000000,1579.43,1779.0,1533.51,1756.06,6819408.967,2025-04-22
1745366400000,1756.09,1837.0,1744.71,1795.31,6195614.108,2025-04-23
1745452800000,1795.3,1803.0,1722.01,1769.12,4088473.043,2025-04-24
1745539200000,1769.12,1827.0,1737.74,1783.84,4281417.517,2025-04-25
1745625600000,1783.84,1841.36,1778.09,1819.99,2732716.888,2025-04-26
1745712000000,1819.98,1856.88,1780.0,1790.5,2747767.783,2025-04-27
1745798400000,1790.5,1828.0,1742.47,1799.0,4626214.609,2025-04-28
1745884800000,1798.99,1842.56,1779.4,1796.68,3904647.828,2025-04-29
1745971200000,1796.67,1816.6,1730.25,1792.57,4201500.27,2025-04-30
1746057600000,1792.56,1873.55,1791.61,1837.31,3821651.074,2025-05-01
1746144000000,1837.31,1870.45,1811.35,1841.26,3092011.481,2025-05-02
1746230400000,1841.26,1847.95,1807.57,1832.59,2014728.631,2025-05-03
1746316800000,1832.58,1849.24,1801.92,1807.86,2115100.986,2025-05-04
1746403200000,1807.85,1832.98,1780.01,1819.43,3237967.613,2025-05-05
1746489600000,1819.44,1820.15,1750.17,1816.0,3752119.256,2025-05-06
1746576000000,1816.0,1849.78,1786.15,1810.05,3868770.432,2025-05-07
1746662400000,1810.05,2226.78,1807.38,2206.56,9836305.314,2025-05-08
1746748800000,2206.56,2491.84,2183.76,2344.13,10833428.842,2025-05-09
1746835200000,2344.13,2599.99,2314.4,2581.6,7243306.416,2025-05-10
1746921600000,2581.59,2610.0,2431.0,2513.37,6017161.24,2025-05-11
1747008000000,2513.37,2622.0,2406.26,2494.04,7327382.271,2025-05-12
1747094400000,2494.04,2738.56,2412.64,2679.05,6964986.405,2025-05-13
1747180800000,2679.05,2724.93,2546.29,2608.88,5552454.486,2025-05-14
1747267200000,2608.88,2646.43,2477.0,2547.79,6597112.037,2025-05-15
1747353600000,2547.79,2648.0,2528.11,2536.09,4439780.313,2025-05-16
1747440000000,2536.09,2537.24,2445.01,2474.6,3849545.409,2025-05-17
1747526400000,2474.61,2587.0,2312.0,2496.69,6282334.067,2025-05-18
1747612800000,2496.7,2546.76,2345.0,2526.99,6610651.553,2025-05-19
1747699200000,2527.0,2586.88,2440.02,2522.99,5264645.298,2025-05-20
1747785600000,2522.99,2615.0,2450.0,2549.9,7430937.883,2025-05-21
1747872000000,2549.91,2691.9,2543.32,2663.84,5297197.702,2025-05-22
1747958400000,2663.83,2734.0,2496.5,2525.62,6824155.192,2025-05-23
1748044800000,2525.62,2574.99,2514.07,2529.06,2194749.085,2025-05-24
1748131200000,2529.06,2553.97,2459.08,2549.99,3393377.249,2025-05-25
1748217600000,2549.99,2598.53,2523.34,2562.87,2911076.989,2025-05-26
1748304000000,2562.87,2711.64,2508.06,2660.0,5288805.207,2025-05-27
1748390400000,2660.01,2687.96,2606.53,2679.98,3868865.289,2025-05-28
1748476800000,2679.99,2788.87,2615.32,2630.42,5626491.646,2025-05-29
1748563200000,2630.43,2649.38,2506.11,2529.79,5715131.26,2025-05-30
1748649600000,2529.79,2549.99,2473.63,2527.07,2775985.899,2025-05-31
1748736000000,2527.07,2546.96,2466.0,2538.13,2934969.291,2025-06-01
1748822400000,2538.12,2614.76,2473.64,2606.63,3914072.073,2025-06-02
1748908800000,2606.63,2655.0,2575.01,2592.2,3657786.508,2025-06-03
1748995200000,2592.2,2678.78,2582.4,2606.77,3704762.679,2025-06-04
1749081600000,2606.76,2640.0,2390.02,2413.23,6481329.192,2025-06-05
1749168000000,2413.23,2529.99,2380.01,2475.35,4186719.401,2025-06-06
1749254400000,2475.34,2544.92,2455.92,2523.51,2212184.468,2025-06-07
1749340800000,2523.51,2548.0,2488.0,2508.51,2206773.398,2025-06-08
1749427200000,2508.52,2693.18,2475.77,2679.15,4524737.488,2025-06-09
1749513600000,2679.15,2826.94,2652.82,2815.21,6775255.959,2025-06-10
1749600000000,2815.22,2878.59,2742.09,2770.61,5937955.139,2025-06-11
1749686400000,2770.6,2784.33,2615.0,2641.5,5582899.645,2025-06-12
1749772800000,2641.51,2644.67,2433.11,2577.64,7775273.458,2025-06-13
1749859200000,2577.64,2578.15,2486.31,2529.58,2799032.913,2025-06-14
1749945600000,2529.58,2559.0,2490.3,2546.2,2811835.2,2025-06-15
1750032000000,2546.2,2679.46,2513.0,2543.29,5667110.171,2025-06-16
1750118400000,2543.29,2618.0,2452.04,2508.9,6808115.723,2025-06-17
1750204800000,2508.91,2547.99,2464.08,2523.72,5673613.402,2025-06-18
1750291200000,2523.71,2546.0,2483.61,2519.93,2861532.316,2025-06-19
1750377600000,2519.93,2568.35,2363.0,2405.48,5865123.112,2025-06-20
1750464000000,2405.48,2447.82,2210.2,2294.39,4735175.556,2025-06-21
1750550400000,2294.39,2314.39,2108.47,2226.5,8181186.976,2025-06-22
1750636800000,2226.5,2438.33,2187.1,2410.53,7654925.49,2025-06-23
1750723200000,2410.56,2482.0,2374.5,2447.61,5051432.3,2025-06-24
1750809600000,2447.61,2467.84,2388.0,2417.39,4326105.192,2025-06-25
1750896000000,2417.4,2519.93,2393.0,2415.0,4823693.206,2025-06-26
1750982400000,2414.99,2463.27,2380.46,2422.0,3481998.352,2025-06-27
1751068800000,2422.0,2447.01,2404.09,2434.91,1278853.208,2025-06-28
1751155200000,2434.92,2524.99,2410.0,2499.48,2429071.386,2025-06-29
1751241600000,2499.48,2523.29,2431.0,2483.83,3926189.743,2025-06-30
1751328000000,2483.9,2499.97,2383.86,2403.85,3446148.53,2025-07-01
1751414400000,2403.84,2618.93,2370.4,2569.34,4902629.28,2025-07-02
1751500800000,2569.34,2636.5,2555.01,2590.1,4066903.806,2025-07-03
1751587200000,2590.09,2602.48,2473.0,2506.84,3866686.857,2025-07-04
1751673600000,2506.84,2528.56,2486.4,2514.96,1663807.513,2025-07-05
1751760000000,2514.96,2604.98,2502.06,2569.35,2742407.864,2025-07-06
1751846400000,2569.36,2589.8,2509.09,2541.35,3318212.817,2025-07-07
1751932800000,2541.35,2627.68,2522.11,2613.83,3254686.189,2025-07-08
1752019200000,2613.83,2795.71,2588.03,2767.29,5329375.547,2025-07-09
1752105600000,2767.29,3006.44,2753.79,2950.51,5929381.628,2025-07-10
1752192000000,2950.5,3040.0,2913.38,2957.22,6086587.126,2025-07-11
1752278400000,2957.21,2979.68,2903.69,2941.99,2684935.253,2025-07-12
1752364800000,2941.99,3019.95,2935.0,2970.6,2680425.479,2025-07-13
1752451200000,2970.61,3084.2,2962.0,3013.05,4851792.983,2025-07-14
1752537600000,3013.04,3147.0,2931.01,3138.63,6476136.004,2025-07-15
1752624000000,3138.64,3423.59,3101.74,3371.52,6678800.155,2025-07-16
1752710400000,3371.52,3525.0,3310.01,3476.41,6632077.179,2025-07-17
1752796800000,3476.41,3674.99,3458.0,3547.6,6996378.781,2025-07-18
1752883200000,3547.6,3609.96,3507.02,3591.48,2518781.394,2025-07-19
1752969600000,3591.48,3825.28,3579.21,3757.3,5179793.654,2025-07-20
1753056000000,3757.3,3859.98,3701.01,3763.44,4665257.309,2025-07-21
1753142400000,3763.43,3800.0,3618.0,3747.2,5699876.107,2025-07-22
1753228800000,3747.21,3765.63,3527.22,3628.49,4902833.657,2025-07-23
1753315200000,3628.5,3773.45,3507.0,3706.98,5325322.395,2025-07-24
1753401600000,3707.0,3747.52,3572.17,3724.08,4696662.876,2025-07-25
1753488000000,3724.07,3794.4,3693.09,3740.57,2349578.71,2025-07-26
1753574400000,3740.58,3880.0,3728.25,3871.0,3032481.34,2025-07-27
1753660800000,3871.0,3942.49,3752.01,3796.98,4153032.672,2025-07-28
1753747200000,3796.99,3886.0,3715.01,3792.39,4329212.967,2025-07-29
1753833600000,3792.39,3832.94,3673.05,3808.28,3956268.3,2025-07-30
1753920000000,3808.29,3876.81,3682.0,3697.06,3971437.505,2025-07-31
1754006400000,3697.05,3722.6,3426.0,3486.0,7096941.351,2025-08-01
1754092800000,3486.0,3535.97,3367.24,3392.68,4326394.25,2025-08-02
1754179200000,3392.68,3520.9,3353.44,3495.49,2699807.975,2025-08-03
1754265600000,3495.49,3735.44,3489.16,3719.2,4129006.346,2025-08-04
1754352000000,3719.19,3719.78,3543.0,3610.29,4305382.759,2025-08-05
1754438400000,3610.3,3697.92,3562.41,3680.97,3137247.565,2025-08-06
1754524800000,3680.97,3926.88,3646.1,3908.47,4667766.887,2025-08-07
1754611200000,3908.46,4072.58,3875.86,4009.66,4359776.43,2025-08-08
1754697600000,4009.66,4330.0,4006.23,4262.77,4638278.092,2025-08-09
1754784000000,4262.78,4334.57,4160.12,4250.79,3650512.292,2025-08-10
1754870400000,4250.79,4368.0,4165.68,4221.91,5688462.997,2025-08-11
1754956800000,4221.91,4642.41,4216.16,4589.81,5750801.681,2025-08-12
1755043200000,4589.82,4785.55,4563.02,4749.93,5424993.532,2025-08-13
1755129600000,4749.93,4794.89,4452.0,4545.6,7348702.749,2025-08-14
1755216000000,4545.6,4673.0,4365.48,4438.05,5197251.211,2025-08-15
1755302400000,4438.04,4488.2,4372.01,4420.28,2329757.582,2025-08-16
1755388800000,4420.28,4574.99,4391.6,4471.49,3033954.487,2025-08-17
1755475200000,4471.48,4481.44,4222.47,4312.51,6027425.882,2025-08-18
1755561600000,4312.51,4355.0,4066.1,4075.0,5469400.098,2025-08-19
1755648000000,4074.99,4377.08,4060.79,4334.59,5607394.3,2025-08-20
1755734400000,4334.6,4338.65,4203.0,4224.5,3696811.38,2025-08-21
1755820800000,4224.51,4888.0,4206.05,4831.99,8066849.054,2025-08-22
1755907200000,4831.99,4832.0,4663.02,4777.47,2738135.52,2025-08-23
1755993600000,4777.47,4958.69,4708.4,4778.86,4516078.41,2025-08-24
1756080000000,4778.86,4796.54,4331.04,4374.06,6043482.662,2025-08-25
1756166400000,4374.06,4631.53,4308.8,4598.04,5265855.659,2025-08-26
1756252800000,4598.04,4662.84,4479.0,4505.6,4165396.216,2025-08-27
1756339200000,4505.6,4632.57,4425.86,4509.15,3131114.484,2025-08-28
1756425600000,4509.16,4516.37,4260.51,4358.52,4418409.042,2025-08-29
1756512000000,4358.52,4413.74,4255.16,4372.12,2091211.465,2025-08-30
1756598400000,4372.12,4497.0,4370.91,4389.71,2277037.91,2025-08-31
1756684800000,4389.71,4489.85,4208.13,4312.2,3636838.452,2025-09-01
1756771200000,4312.19,4415.6,4255.4,4324.32,3903500.102,2025-09-02
1756857600000,4324.33,4489.41,4281.0,4448.3,2819668.255,2025-09-03
1756944000000,4448.3,4481.56,4262.2,4295.1,3329546.985,2025-09-04
1757030400000,4295.07,4495.0,4253.33,4305.62,4546369.545,2025-09-05
1757116800000,4305.62,4326.9,4230.0,4271.6,1475988.567,2025-09-06
1757203200000,4271.6,4336.0,4268.01,4304.1,1238041.026,2025-09-07
1757289600000,4304.1,4382.36,4277.0,4305.16,2624829.057,2025-09-08
1757376000000,4305.15,4380.0,4276.01,4309.56,2558122.299,2025-09-09
1757462400000,4309.55,4453.74,4284.6,4347.99,3149200.138,2025-09-10
1757548800000,4347.99,4481.0,4337.35,4456.5,3260000.825,2025-09-11
1757635200000,4456.5,4756.39,4448.4,4711.81,3636625.875,2025-09-12
1757721600000,4711.82,4768.0,4606.63,4668.0,2244813.359,2025-09-13
1757808000000,4668.0,4694.97,4577.9,4606.11,1723187.283,2025-09-14
1757894400000,4606.11,4671.69,4463.62,4521.69,3043678.743,2025-09-15
1757980800000,4521.69,4536.43,4420.62,4499.0,2509359.894,2025-09-16
1758067200000,4499.0,4614.75,4398.0,4587.77,3766302.293,2025-09-17
1758153600000,4587.77,4643.06,4551.0,4585.49,2271216.68,2025-09-18
1758240000000,4585.5,4619.38,4431.04,4466.99,2267859.286,2025-09-19
1758326400000,4467.0,4506.86,4452.0,4478.64,903929.966,2025-09-20
1758412800000,4478.63,4496.5,4441.0,4443.26,1038435.037,2025-09-21
1758499200000,4443.26,4454.16,4032.0,4196.25,4437193.059,2025-09-22
1758585600000,4196.25,4227.87,4112.71,4162.17,2359095.58,2025-09-23
1758672000000,4162.17,4205.0,4071.01,4150.28,2366053.93,2025-09-24
1758758400000,4150.28,4159.29,3820.01,3872.72,6052638.238,2025-09-25
1758844800000,3872.73,4067.5,3865.35,4029.78,3371088.275,2025-09-26
1758931200000,4029.78,4037.64,3970.17,4016.96,1238229.06,2025-09-27
1759017600000,4016.97,4143.12,3962.06,4139.36,1742807.427,2025-09-28
1759104000000,4139.35,4234.33,4080.08,4212.84,2637781.709,2025-09-29
1759190400000,4212.83,4243.62,4090.01,4143.18,2708501.651,2025-09-30
1759276800000,4143.19,4354.99,4120.37,4346.11,3295770.051,2025-10-01
1759363200000,4346.11,4516.25,4330.5,4481.85,3407989.803,2025-10-02
1759449600000,4481.85,4590.93,4427.0,4511.3,3407496.127,2025-10-03
1759536000000,4511.32,4516.74,4437.86,4485.39,1427078.425,2025-10-04
1759622400000,4485.38,4618.0,4465.02,4512.25,2590135.688,2025-10-05
1759708800000,4512.25,4734.99,4483.53,4682.02,2804459.268,2025-10-06
1759795200000,4682.01,4754.37,4424.15,4445.76,4219976.059,2025-10-07
1759881600000,4445.78,4555.9,4408.14,4523.51,2797745.598,2025-10-08
1759968000000,4523.5,4529.69,4263.0,4366.61,3619074.483,2025-10-09
1760054400000,4366.61,4391.88,3355.12,3823.96,8358813.51,2025-10-10
1760140800000,3823.96,3872.63,3639.67,3745.51,3876450.838,2025-10-11
1760227200000,3745.51,4195.72,3691.69,4149.75,4849611.114,2025-10-12
1760313600000,4149.75,4289.74,4038.0,4239.8,3896974.039,2025-10-13
1760400000000,4239.8,4262.21,3885.99,4122.74,5843419.958,2025-10-14
1760486400000,4122.74,4216.0,3922.11,3983.71,4205196.039,2025-10-15
1760572800000,3983.7,4088.0,3823.65,3892.37,4325219.247,2025-10-16
1760659200000,3892.38,3948.86,3671.67,3829.71,4958575.768,2025-10-17
1760745600000,3829.71,3925.95,3817.0,3886.5,1567457.49,2025-10-18
1760832000000,3886.49,4029.68,3824.0,3980.8,2625295.822,2025-10-19
1760918400000,3980.79,4083.26,3905.71,3977.47,3045570.37,2025-10-20
1761004800000,3977.46,4109.64,3837.01,3870.8,4942367.693,2025-10-21
1761091200000,3870.79,3887.81,3705.01,3803.69,4020416.168,2025-10-22
1761177600000,3803.69,3934.49,3794.34,3854.74,2895098.834,2025-10-23
1761264000000,3854.74,4030.0,3843.01,3933.0,3154947.947,2025-10-24
1761350400000,3933.0,3968.0,3910.26,3951.76,1089516.172,2025-10-25
1761436800000,3951.76,4180.0,3915.86,4157.46,2415981.01,2025-10-26
1761523200000,4157.45,4251.99,4092.2,4118.31,3300180.286,2025-10-27
1761609600000,4118.31,4174.28,3928.15,3977.46,3358790.899,2025-10-28
1761696000000,3977.45,4035.23,3835.0,3900.8,3382318.675,2025-10-29
1761782400000,3900.81,3947.0,3676.14,3802.66,4065791.956,2025-10-30
1761868800000,3802.76,3905.0,3794.0,3845.8,3113945.93,2025-10-31
1761955200000,3845.8,3909.01,3827.0,3871.9,1059545.56,2025-11-01
1762041600000,3871.89,3917.35,3836.04,3904.4,1655032.801,2025-11-02
1762128000000,3904.39,3913.27,3554.06,3601.85,5140938.844,2025-11-03
1762214400000,3601.85,3652.97,3054.0,3285.24,7532317.985,2025-11-04
1762300800000,3285.23,3479.0,3164.22,3422.52,4306184.275,2025-11-05
1762387200000,3422.51,3454.93,3243.2,3313.98,4005989.815,2025-11-06
1762473600000,3313.98,3471.61,3191.75,3434.1,4287215.547,2025-11-07
1762560000000,3434.11,3486.94,3350.05,3399.7,2011681.079,2025-11-08
1762646400000,3399.7,3624.89,3357.26,3581.16,2657905.786,2025-11-09
1762732800000,3581.16,3657.0,3504.0,3566.49,2824802.679,2025-11-10
1762819200000,3566.49,3646.96,3403.0,3416.21,3249707.02,2025-11-11
1762905600000,3416.22,3586.78,3369.24,3413.26,3835078.448,2025-11-12
1762992000000,3413.25,3563.54,3151.51,3229.61,5649645.738,2025-11-13
1763078400000,3229.62,3255.79,3068.15,3111.04,5875893.38,2025-11-14
1763164800000,3111.05,3230.0,3108.89,3166.06,1846141.042,2025-11-15
1763251200000,3166.06,3247.34,3001.19,3093.6,3782284.318,2025-11-16
1763337600000,3093.59,3222.0,2958.0,3029.84,4938121.265,2025-11-17
1763424000000,3029.84,3168.68,2943.11,3122.45,4716645.088,2025-11-18
1763510400000,3122.44,3124.57,2871.54,3024.22,5655842.481,2025-11-19
1763596800000,3024.22,3063.16,2788.0,2832.8,5591261.904,2025-11-20
1763683200000,2832.79,2885.8,2621.19,2764.25,7899596.597,2025-11-21
1763769600000,2764.3,2798.85,2703.0,2768.84,1995267.922,2025-11-22
1763856000000,2768.85,2856.92,2766.53,2800.87,2774570.729,2025-11-23
1763942400000,2800.86,2985.82,2761.67,2952.0,4795373.649,2025-11-24
1764028800000,2952.0,2979.13,2855.0,2957.75,3811927.37,2025-11-25
1764115200000,2957.75,3043.42,2886.66,3024.81,3267047.701,2025-11-26
1764201600000,3024.81,3069.53,2984.07,3013.76,2404140.654,2025-11-27
1764288000000,3013.76,3098.0,2992.12,3029.72,3015191.989,2025-11-28
1764374400000,3029.73,3050.88,2960.11,2987.98,1777408.15,2025-11-29
1764460800000,2987.98,3052.85,2972.0,2989.83,1842662.073,2025-11-30
1764547200000,2989.83,2998.0,2718.0,2797.35,5322103.838,2025-12-01
1764633600000,2797.35,3033.63,2780.28,2994.44,4089942.866,2025-12-02
1764720000000,2994.45,3215.56,2984.12,3186.54,4221527.687,2025-12-03
1764806400000,3186.55,3239.29,3065.0,3132.19,3755573.051,2025-12-04
1764892800000,3132.19,3191.81,2980.0,3020.16,3987697.338,2025-12-05
1764979200000,3020.15,3068.87,3010.48,3036.7,1465870.735,2025-12-06
1765065600000,3036.71,3148.98,2903.45,3058.5,3422146.758,2025-12-07
1765152000000,3058.5,3179.15,3038.97,3123.15,3463925.189,2025-12-08
1765238400000,3123.16,3398.28,3088.45,3316.81,4389647.769,2025-12-09
1765324800000,3316.81,3446.0,3286.82,3322.71,3931428.963,2025-12-10
1765411200000,3322.71,3325.92,3142.38,3236.26,3930309.58,2025-12-11
1765497600000,3236.27,3264.0,3037.69,3083.09,3546281.9,2025-12-12
1765584000000,3083.1,3134.13,3076.48,3112.37,1278734.001,2025-12-13
1765670400000,3112.37,3128.28,3023.0,3061.81,2014804.75,2025-12-14
1765756800000,3061.8,3178.11,2892.06,2962.99,4187597.105,2025-12-15
1765843200000,2962.99,2983.63,2871.9,2960.97,3377540.574,2025-12-16
1765929600000,2960.97,3029.5,2787.92,2832.2,4551703.87,2025-12-17
1766016000000,2832.19,2997.18,2772.08,2827.28,4838449.849,2025-12-18
1766102400000,2827.28,3018.0,2807.45,2977.97,3912252.309,2025-12-19
1766188800000,2977.97,2992.66,2965.32,2976.6,882939.482,2025-12-20
1766275200000,2976.6,3013.55,2942.43,3000.6,1652556.12,2025-12-21
1766361600000,3000.6,3077.16,2961.55,3008.0,3039124.105,2025-12-22
1766448000000,3007.99,3034.42,2894.1,2963.11,2865531.272,2025-12-23
1766534400000,2963.12,2976.5,2886.13,2946.15,1977758.567,2025-12-24
1766620800000,2946.16,2970.61,2888.52,2902.31,1589754.088,2025-12-25
1766707200000,2902.3,2994.42,2892.91,2926.7,2773257.492,2025-12-26
1766793600000,2926.71,2960.0,2915.2,2947.56,857333.033,2025-12-27
1766880000000,2947.56,2959.99,2922.0,2949.49,1020819.897,2025-12-28
1766966400000,2949.5,3056.66,2908.88,2936.28,3707999.55,2025-12-29
1767052800000,2936.28,3009.33,2917.55,2972.37,2661275.671,2025-12-30
1767139200000,2972.37,3027.86,2956.02,2970.23,2015365.358,2025-12-31
1767225600000,2970.23,3008.7,2970.0,3002.49,1044102.875,2026-01-01
1767312000000,3002.49,3148.59,2990.52,3123.99,3610812.231,2026-01-02
1767398400000,3123.99,3135.19,3075.0,3125.0,1333380.384,2026-01-03
1767484800000,3125.0,3166.99,3116.14,3143.15,1674289.081,2026-01-04
1767571200000,3143.15,3265.0,3132.02,3223.48,4099369.06,2026-01-05
1767657600000,3223.49,3308.65,3181.03,3295.42,3719191.927,2026-01-06
1767744000000,3295.43,3295.45,3123.17,3167.33,3456512.255,2026-01-07
1767830400000,3167.33,3183.0,3052.48,3105.3,3295332.2,2026-01-08
1767916800000,3105.33,3147.0,3057.0,3087.19,2976778.6,2026-01-09
1768003200000,3087.2,3103.26,3076.58,3085.8,595968.381,2026-01-10
1768089600000,3085.79,3146.2,3083.2,3121.58,1276982.87,2026-01-11
1768176000000,3121.59,3170.85,3063.06,3093.94,3264506.689,2026-01-12
1768262400000,3093.93,3398.0,3090.0,3324.06,3474982.754,2026-01-13
1768348800000,3324.07,3403.44,3278.15,3352.97,3814587.676,2026-01-14
1768435200000,3352.96,3383.22,3272.37,3317.38,3392581.981,2026-01-15
1768521600000,3317.38,3326.0,3252.0,3294.7,2219265.958,2026-01-16
1768608000000,3294.69,3329.3,3282.0,3308.82,1024181.431,2026-01-17
1768694400000,3308.81,3368.8,3277.18,3282.91,1541564.245,2026-01-18
1768780800000,3282.91,3283.45,3164.36,3188.01,2791425.286,2026-01-19
1768867200000,3188.0,3199.86,2891.0,2938.28,4742716.995,2026-01-20
1768953600000,2938.29,3068.34,2863.7,2980.51,5198965.638,2026-01-21
1769040000000,2980.51,3036.88,2904.08,2951.07,2979925.86,2026-01-22
1769126400000,2951.07,3017.96,2890.06,2954.99,3103004.031,2026-01-23
1769212800000,2954.99,2968.76,2941.58,2952.05,697488.53,2026-01-24
1769299200000,2952.06,2959.12,2784.0,2815.79,2692763.644,2026-01-25
1769385600000,2815.78,2950.0,2811.13,2928.74,3677284.828,2026-01-26
1769472000000,2928.75,3033.67,2897.82,3024.54,3264455.975,2026-01-27
1769558400000,3024.55,3045.47,2981.33,3009.49,2780391.302,2026-01-28
1769644800000,3009.48,3012.2,2752.48,2820.95,4439338.166,2026-01-29
1769731200000,2820.94,2827.66,2633.66,2705.47,5593839.422,2026-01-30
1769817600000,2705.48,2713.61,2237.0,2450.74,7710278.62,2026-01-31
1769904000000,2450.73,2474.95,2218.0,2269.4,5787513.871,2026-02-01
1769990400000,2269.39,2395.92,2155.0,2345.65,7957729.777,2026-02-02
1770076800000,2345.65,2358.96,2106.73,2232.41,8432077.113,2026-02-03
1770163200000,2232.42,2295.12,2073.83,2146.9,7608261.49,2026-02-04
1770249600000,2146.89,2173.66,1815.01,1825.83,12604635.563,2026-02-05
1770336000000,1825.82,2093.49,1740.0,2062.5,9453286.247,2026-02-06
1770422400000,2062.49,2130.0,1993.55,2086.09,7020198.98,2026-02-07
1770508800000,2086.1,2151.45,2065.0,2088.97,3652466.884,2026-02-08
1770595200000,2088.97,2149.57,2007.59,2104.2,5001610.0,2026-02-09
1770681600000,2104.21,2124.67,1985.47,2021.85,4334195.523,2026-02-10
1770768000000,2021.84,2031.6,1901.33,1940.25,5757296.808,2026-02-11
1770854400000,1940.26,2001.28,1895.34,1946.96,4231808.976,2026-02-12
1770940800000,1946.96,2072.54,1923.64,2047.82,4315582.654,2026-02-13
1771027200000,2047.81,2107.55,2041.05,2085.65,2352964.012,2026-02-14
1771113600000,2085.65,2102.8,1928.0,1965.39,4528879.396,2026-02-15
1771200000000,1965.39,2024.0,1935.87,1997.28,3591798.828,2026-02-16
1771286400000,1997.28,2014.99,1940.01,1990.91,3650939.065,2026-02-17
1771372800000,1990.91,2038.33,1921.81,1955.07,3879478.42,2026-02-18
1771459200000,1955.07,1986.5,1905.69,1948.0,3481931.368,2026-02-19
1771545600000,1947.99,1980.96,1921.7,1967.7,3554398.71,2026-02-20
1771632000000,1967.7,1995.75,1954.62,1972.67,1614176.943,2026-02-21
1771718400000,1972.67,1982.61,1932.5,1956.92,1784416.705,2026-02-22
1771804800000,1956.93,1957.56,1836.1,1855.63,5627346.214,2026-02-23
1771891200000,1855.62,1868.68,1794.49,1851.12,4573638.698,2026-02-24
1771977600000,1851.12,2155.08,1845.36,2057.06,8184164.398,2026-02-25
1772064000000,2057.06,2084.0,1974.24,2026.65,4987027.512,2026-02-26
1772150400000,2026.64,2063.26,1885.68,1928.55,4983493.843,2026-02-27
1772236800000,1928.55,1984.58,1833.21,1963.27,5593158.685,2026-02-28
1772323200000,1963.27,2054.19,1906.26,1938.49,5501562.722,2026-03-01
1772409600000,1938.49,2090.73,1917.0,2026.4,6539419.119,2026-03-02
1772496000000,2026.39,2041.31,1927.32,1981.83,5853897.899,2026-03-03
1772582400000,1981.84,2201.43,1943.59,2126.27,7369109.753,2026-03-04
1772668800000,2126.26,2163.49,2053.0,2071.98,4705721.776,2026-03-05
1772755200000,2071.98,2092.93,1954.0,1977.79,4394542.645,2026-03-06
1772841600000,1977.79,1995.0,1946.15,1968.49,1776635.288,2026-03-07
1772928000000,1968.48,1979.79,1908.0,1935.99,3291710.156,2026-03-08
1773014400000,1935.99,2053.45,1928.0,1992.25,5300004.517,2026-03-09
1773100800000,1992.25,2087.9,1990.33,2035.76,4932413.699,2026-03-10
1773187200000,2035.76,2084.98,2005.56,2051.04,4211336.481,2026-03-11
1773273600000,2051.03,2094.98,2016.28,2072.65,4516933.119,2026-03-12
1773360000000,2072.64,2209.0,2068.32,2091.16,6704954.93,2026-03-13
1773446400000,2091.17,2104.98,2060.41,2095.33,1744277.38,2026-03-14
1773532800000,2095.33,2203.0,2082.26,2177.31,3247840.505,2026-03-15
1773619200000,2177.31,2386.76,2164.05,2351.83,8228472.488,2026-03-16
1773705600000,2351.83,2377.92,2295.0,2316.18,5334368.519,2026-03-17
1773792000000,2316.18,2349.0,2151.68,2201.93,6471920.968,2026-03-18
1773878400000,2201.93,2233.09,2095.58,2136.55,5552425.469,2026-03-19
1773964800000,2136.54,2176.06,2115.0,2145.0,3952619.479,2026-03-20
1774051200000,2145.01,2168.0,2068.14,2083.41,1620084.882,2026-03-21
1774137600000,2083.42,2127.07,2024.0,2052.78,3862246.917,2026-03-22
1774224000000,2052.78,2198.0,2022.0,2150.98,6864321.69,2026-03-23
1774310400000,2150.99,2174.63,2101.3,2155.16,4013705.338,2026-03-24
1774396800000,2155.16,2199.0,2143.73,2168.29,3731317.806,2026-03-25
1774483200000,2168.29,2171.55,2032.92,2059.36,4140945.112,2026-03-26
1774569600000,2059.36,2076.29,1962.54,1991.71,4143610.125,2026-03-27
1774656000000,1991.71,2054.01,1981.28,1993.46,1986902.234,2026-03-28
1774742400000,1993.47,2018.93,1936.0,1983.26,2544079.431,2026-03-29
1774828800000,1983.27,2084.81,1978.6,2025.71,4463501.018,2026-03-30
1774915200000,2025.7,2124.44,2010.79,2104.51,5478641.007,2026-03-31
1775001600000,2104.51,2167.42,2079.05,2138.86,4363310.838,2026-04-01
1775088000000,2138.85,2158.9,2015.41,2056.03,4609111.39,2026-04-02
1775174400000,2056.03,2082.0,2039.12,2052.95,1904249.144,2026-04-03
1775260800000,2052.95,2083.36,2043.0,2064.66,1068038.953,2026-04-04
1775347200000,2064.66,2123.0,2020.01,2109.32,2505990.802,2026-04-05
1775433600000,2109.33,2174.07,2086.0,2106.27,4432440.509,2026-04-06
1775520000000,2106.27,2273.53,2057.0,2239.25,5819184.715,2026-04-07
1775606400000,2239.25,2269.8,2178.1,2189.14,4348786.187,2026-04-08
1775692800000,2189.14,2246.04,2156.02,2189.02,4357748.646,2026-04-09
1775779200000,2189.02,2258.0,2174.77,2244.04,3567153.411,2026-04-10
1775865600000,2244.04,2329.85,2228.06,2283.73,2529541.26,2026-04-11
1775952000000,2283.73,2287.99,2173.0,2190.46,3197659.342,2026-04-12
1776038400000,2190.46,2396.0,2173.16,2368.29,4961328.947,2026-04-13
1776124800000,2368.28,2416.4,2301.38,2321.26,4620038.19,2026-04-14
1776211200000,2321.25,2385.11,2306.42,2358.89,3256784.282,2026-04-15
1776297600000,2358.89,2368.66,2281.85,2346.91,3827664.278,2026-04-16
1776384000000,2346.9,2464.99,2315.7,2417.61,5192088.249,2026-04-17
1776470400000,2417.61,2426.58,2335.72,2349.25,2567419.044,2026-04-18
1776556800000,2349.26,2354.18,2251.05,2262.48,3393613.468,2026-04-19
1776643200000,2262.49,2345.42,2258.51,2312.4,3841144.759,2026-04-20
1776729600000,2312.4,2338.0,2282.0,2326.2,3467832.419,2026-04-21
1776816000000,2326.2,2422.79,2311.9,2372.93,4127250.343,2026-04-22
1776902400000,2372.94,2382.19,2283.59,2328.97,3894450.225,2026-04-23
1776988800000,2328.98,2336.4,2298.2,2314.05,2432157.723,2026-04-24
1777075200000,2314.05,2321.86,2298.64,2318.42,886562.555,2026-04-25
1777161600000,2318.43,2379.99,2305.63,2368.22,2174923.234,2026-04-26
1777248000000,2368.23,2404.0,2263.25,2302.7,4068289.326,2026-04-27
1777334400000,2302.7,2309.99,2256.3,2288.27,2651141.327,2026-04-28
1777420800000,2288.26,2346.27,2218.82,2251.92,4788516.386,2026-04-29
1777507200000,2251.92,2278.51,2230.38,2256.74,2497157.748,2026-04-30
1777593600000,2256.75,2325.0,2256.26,2294.37,2955027.484,2026-05-01
1777680000000,2294.37,2343.56,2291.12,2316.25,1066912.083,2026-05-02
1777766400000,2316.24,2356.01,2296.36,2321.95,1808831.656,2026-05-03
1777852800000,2321.95,2399.87,2308.01,2346.0,4787562.05,2026-05-04
1777939200000,2346.0,2399.0,2343.72,2359.7,2983565.392,2026-05-05
1778025600000,2359.7,2423.77,2335.31,2350.15,4130452.421,2026-05-06
1778112000000,2350.15,2351.81,2278.13,2290.61,3320973.596,2026-05-07
1778198400000,2290.62,2320.59,2262.45,2306.34,2701190.863,2026-05-08
1778284800000,2306.34,2337.74,2297.57,2325.42,1415465.864,2026-05-09
1778371200000,2325.42,2383.11,2310.0,2370.61,2698164.599,2026-05-10
1778457600000,2370.62,2374.6,2302.1,2338.84,2614371.279,2026-05-11
1778544000000,2338.85,2339.86,2255.01,2274.05,3006760.702,2026-05-12
1778630400000,2274.05,2322.73,2233.01,2257.66,3366364.483,2026-05-13
1778716800000,2257.65,2318.55,2237.26,2282.32,3581479.786,2026-05-14
1778803200000,2282.33,2299.46,2203.25,2223.68,3583635.71,2026-05-15
1778889600000,2223.68,2230.6,2160.01,2179.7,2110672.322,2026-05-16
1778976000000,2179.69,2197.77,2081.14,2129.6,2399019.33,2026-05-17
1779062400000,2129.6,2156.71,2076.01,2129.03,4525314.397,2026-05-18
1779148800000,2129.03,2146.61,2092.4,2110.93,2881698.267,2026-05-19
1779235200000,2110.93,2148.57,2102.21,2128.66,2668956.572,2026-05-20
1779321600000,2128.67,2158.07,2103.18,2132.91,3215682.876,2026-05-21
1779408000000,2132.9,2140.61,2055.58,2065.14,2951369.629,2026-05-22
1779494400000,2065.15,2149.37,2006.47,2116.72,3881447.087,2026-05-23
1779580800000,2116.72,2131.46,2060.59,2099.01,2205173.12,2026-05-24
1779667200000,2099.0,2141.42,2091.13,2111.81,2153560.909,2026-05-25
1779753600000,2111.81,2139.62,2054.0,2072.99,3869460.635,2026-05-26
1779840000000,2073.0,2096.78,2014.34,2024.02,3482138.112,2026-05-27
1779926400000,2024.02,2029.49,1965.28,2009.05,4310910.096,2026-05-28
1780012800000,2009.05,2045.55,1975.35,2013.44,3807142.213,2026-05-29
1780099200000,2013.44,2031.51,2000.78,2021.41,1194282.34,2026-05-30
1780185600000,2021.41,2037.4,1992.27,2006.39,1782966.732,2026-05-31
1780272000000,2006.4,2020.83,1955.0,2005.83,3884748.443,2026-06-01
1780358400000,2005.84,2006.0,1836.93,1858.82,6335744.816,2026-06-02
1780444800000,1858.79,1892.79,1766.0,1812.56,5992583.313,2026-06-03
1780531200000,1812.57,1820.0,1714.94,1770.01,7176160.269,2026-06-04
1780617600000,1770.0,1774.0,1538.33,1582.49,12112015.477,2026-06-05
1780704000000,1582.5,1600.89,1503.6,1568.62,5028388.062,2026-06-06
1780790400000,1568.62,1723.22,1563.03,1689.63,5252169.978,2026-06-07
1780876800000,1689.62,1713.69,1643.54,1689.19,4716781.153,2026-06-08
1780963200000,1689.18,1695.89,1612.68,1638.8,4745157.93,2026-06-09
1781049600000,1638.81,1667.6,1601.29,1620.59,4733046.333,2026-06-10
1781136000000,1620.6,1694.32,1620.6,1672.67,4209030.875,2026-06-11
1781222400000,1672.67,1690.63,1651.02,1665.58,3174577.597,2026-06-12
1781308800000,1665.58,1697.4,1661.3,1680.35,1464314.171,2026-06-13
1781395200000,1680.36,1731.8,1653.61,1724.6,2358598.157,2026-06-14
1781481600000,1724.6,1848.65,1708.54,1795.01,5582857.364,2026-06-15
1781568000000,1795.01,1838.88,1757.2,1792.41,4959657.946,2026-06-16
1781654400000,1792.41,1809.78,1724.83,1749.66,5330494.858,2026-06-17
1781740800000,1749.67,1762.41,1670.38,1710.14,4573233.089,2026-06-18
1781827200000,1710.15,1718.61,1678.24,1710.09,2669619.594,2026-06-19
1781913600000,1710.09,1749.99,1703.0,1739.91,2419893.095,2026-06-20
1782000000000,1739.9,1741.42,1700.02,1706.12,1973621.621,2026-06-21
1782086400000,1706.13,1779.41,1705.97,1727.4,4210813.53,2026-06-22
1782172800000,1727.39,1735.7,1633.34,1666.38,4536944.874,2026-06-23
1782259200000,1666.37,1693.0,1551.23,1621.55,6271379.173,2026-06-24
1782345600000,1621.56,1660.63,1530.01,1567.09,6639280.121,2026-06-25
1782432000000,1567.09,1594.95,1511.0,1577.89,6432935.632,2026-06-26
1782518400000,1577.89,1610.57,1561.49,1573.19,2461025.369,2026-06-27
1782604800000,1573.19,1588.59,1546.69,1571.25,2699293.283,2026-06-28
1782691200000,1571.26,1637.54,1549.24,1612.26,5223432.917,2026-06-29
1782777600000,1612.27,1614.27,1549.03,1571.35,3972588.4,2026-06-30
1782864000000,1571.36,1645.87,1551.6,1608.82,5328233.71,2026-07-01
1782950400000,1608.82,1725.4,1596.32,1700.0,5668264.706,2026-07-02
1783036800000,1700.0,1776.0,1694.0,1757.25,4133781.182,2026-07-03
1783123200000,1757.26,1808.58,1743.13,1780.0,2971336.479,2026-07-04
1783209600000,1780.0,1807.66,1747.32,1784.86,2616430.765,2026-07-05
1783296000000,1784.85,1834.0,1727.16,1798.99,5091509.098,2026-07-06
1783382400000,1799.0,1812.97,1756.33,1770.58,4068833.578,2026-07-07
1783468800000,1770.57,1785.16,1712.32,1742.58,3905773.391,2026-07-08
1783555200000,1742.57,1761.84,1720.15,1744.33,2928939.072,2026-07-09
1783641600000,1744.34,1812.82,1736.12,1795.99,3305520.261,2026-07-10
1783728000000,1795.99,1829.5,1785.1,1786.91,1930566.06,2026-07-11
1783814400000,1786.9,1826.0,1778.29,1805.86,2211806.915,2026-07-12
1783900800000,1805.87,1846.36,1747.0,1775.82,4469207.397,2026-07-13
1783987200000,1775.83,1897.99,1772.39,1891.12,4606403.769,2026-07-14
1784073600000,1891.12,1946.0,1863.14,1917.04,4300488.609,2026-07-15
1784160000000,1917.04,1929.38,1856.25,1863.86,3716033.559,2026-07-16
1784246400000,1863.85,1870.31,1802.34,1840.99,4084915.354,2026-07-17
1784332800000,1840.99,1868.85,1836.41,1861.76,1160070.759,2026-07-18
1784419200000,1861.76,1879.81,1850.08,1871.31,1927095.305,2026-07-19
1784505600000,1871.31,1917.55,1841.0,1903.75,4507636.386,2026-07-20
1784592000000,1903.75,1952.66,1899.51,1929.21,3307282.865,2026-07-21
1784678400000,1929.2,1956.86,1909.27,1933.48,3926380.749,2026-07-22
1784764800000,1933.49,1940.97,1867.51,1877.45,3457729.578,2026-07-23
1784851200000,1877.45,1908.99,1846.9,1860.75,3291980.561,2026-07-24
1784937600000,1860.74,1876.79,1850.46,1873.8,1109091.335,2026-07-25
1785024000000,1873.8,1966.0,1872.8,1953.75,2554818.451,2026-07-26
1785110400000,1953.76,1982.29,1880.7,1891.55,4467831.497,2026-07-27
1785196800000,1891.55,1929.96,1855.75,1921.15,4017953.29,2026-07-28
1785283200000,1921.15,1936.6,1872.0,1909.77,4126600.669,2026-07-29
1785369600000,1909.77,1936.33,1892.65,1917.53,2463149.552,2026-07-30
1785456000000,1917.53,1935.44,1847.56,1861.69,3263586.094,2026-07-31
1785542400000,1861.69,1874.44,1820.77,1844.06,1591023.885,2026-08-01
1785628800000,1844.06,1898.0,1843.13,1884.16,2278522.674,2026-08-02
1785715200000,1884.16,1884.93,1826.88,1859.77,3053025.414,2026-08-03
1785801600000,1859.77,1881.62,1847.25,1868.76,2393985.788,2026-08-04
1785888000000,1868.76,1927.76,1855.0,1907.99,3433120.374,2026-08-05
1785974400000,1907.99,1921.18,1891.21,1903.35,2165950.922,2026-08-06
1786060800000,1903.35,1944.0,1893.5,1912.97,2426058.856,2026-08-07
1786147200000,1912.96,1925.71,1911.36,1916.29,549276.575,2026-08-08
1786233600000,1916.3,1937.91,1906.34,1910.01,1081226.481,2026-08-09
1786320000000,1910.0,1931.92,1867.05,1872.29,2611737.2,2026-08-10
1786406400000,1872.29,1897.55,1852.37,1881.7,1971356.942,2026-08-11
1786492800000,1881.69,1927.0,1872.19,1878.99,2430427.436,2026-08-12
1786579200000,1878.99,1899.48,1862.41,1885.38,2192162.869,2026-08-13
1786665600000,1885.39,1890.71,1863.03,1881.26,1491845.272,2026-08-14
1786752000000,1881.26,1885.75,1874.26,1881.98,530532.105,2026-08-15
1786838400000,1881.98,1891.9,1868.0,1875.32,656658.777,2026-08-16
1786924800000,1875.32,1917.99,1871.71,1912.81,2119608.95,2026-08-17
1787011200000,1912.81,1922.25,1884.78,1916.94,1880469.576,2026-08-18
1787097600000,1916.94,2342.14,1905.04,2252.09,7317909.243,2026-08-19
1787184000000,2252.1,2361.43,2220.88,2326.16,5145973.341,2026-08-20
1787270400000,2326.15,2549.34,2324.3,2515.9,6244366.145,2026-08-21
1787356800000,2515.91,2529.77,2380.25,2421.74,3037954.268,2026-08-22
1787443200000,2421.73,2485.35,2355.06,2462.67,3307033.685,2026-08-23
1787529600000,2462.66,2533.32,2423.0,2481.08,4103788.51,2026-08-24
1787616000000,2481.08,2532.45,2413.56,2441.9,3178327.529,2026-08-25
1787702400000,2441.9,2514.37,2431.01,2505.65,2626959.485,2026-08-26
1787788800000,2505.66,2566.26,2480.56,2509.78,3298317.702,2026-08-27
1787875200000,2509.79,2535.35,2405.17,2441.89,3553627.015,2026-08-28
1787961600000,2441.89,2459.39,2428.76,2456.4,773152.576,2026-08-29
1788048000000,2456.41,2534.48,2386.0,2415.7,2570261.561,2026-08-30
1788134400000,2415.7,2489.76,2400.63,2466.54,2664571.076,2026-08-31
1788220800000,2466.52,2484.7,2382.19,2417.5,2740741.665,2026-09-01
1788307200000,2417.51,2429.0,2355.56,2390.96,3286631.187,2026-09-02
1788393600000,2390.96,2530.5,2368.73,2506.23,3686430.24,2026-09-03
1788480000000,2506.23,2516.8,2495.77,2503.12,308283.688,2026-09-04
