ts,open,high,low,close,volume,date
1683072000000,1.06e-06,1.1857e-06,8.226e-07,1.0603e-06,134396890000000.0,2023-05-03
1683158400000,1.0606e-06,2.0361e-06,1.0552e-06,1.9577e-06,443198940000000.0,2023-05-04
1683244800000,1.9579e-06,4.4811e-06,1.8255e-06,3.7713e-06,898030280000000.0,2023-05-05
1683331200000,3.7713e-06,3.8241e-06,2.3e-06,2.6203e-06,566065940000000.0,2023-05-06
1683417600000,2.6217e-06,3.09e-06,2.4124e-06,2.7952e-06,392977370000000.0,2023-05-07
1683504000000,2.7954e-06,2.8e-06,1.53e-06,1.9465e-06,662093320000000.0,2023-05-08
1683590400000,1.9459e-06,2.1379e-06,1.7331e-06,2.0054e-06,540683380000000.0,2023-05-09
1683676800000,2.0051e-06,2.1333e-06,1.7119e-06,1.9185e-06,416583350000000.0,2023-05-10
1683763200000,1.9185e-06,1.9391e-06,1.25e-06,1.3925e-06,643838610000000.0,2023-05-11
1683849600000,1.3926e-06,1.9055e-06,1.05e-06,1.7433e-06,1292234390000000.0,2023-05-12
1683936000000,1.7432e-06,2.0925e-06,1.5428e-06,1.8612e-06,1130558020000000.0,2023-05-13
1684022400000,1.8612e-06,1.9492e-06,1.7234e-06,1.7869e-06,585691080000000.0,2023-05-14
1684108800000,1.7873e-06,1.7873e-06,1.6043e-06,1.7317e-06,528387000000000.0,2023-05-15
1684195200000,1.7316e-06,1.823e-06,1.6267e-06,1.6655e-06,420998330000000.0,2023-05-16
1684281600000,1.6651e-06,1.6896e-06,1.4608e-06,1.5736e-06,516992480000000.0,2023-05-17
1684368000000,1.574e-06,1.6385e-06,1.4912e-06,1.5794e-06,405690900000000.0,2023-05-18
1684454400000,1.5799e-06,1.5799e-06,1.4739e-06,1.5235e-06,275248640000000.0,2023-05-19
1684540800000,1.5235e-06,1.9325e-06,1.5e-06,1.7154e-06,458060340000000.0,2023-05-20
1684627200000,1.7155e-06,1.7618e-06,1.5629e-06,1.5966e-06,362966000000000.0,2023-05-21
1684713600000,1.5967e-06,1.6e-06,1.5071e-06,1.5308e-06,257227970000000.0,2023-05-22
1684800000000,1.5309e-06,1.6744e-06,1.5165e-06,1.5928e-06,265826130000000.0,2023-05-23
1684886400000,1.5928e-06,1.5959e-06,1.3076e-06,1.4345e-06,416899600000000.0,2023-05-24
1684972800000,1.4343e-06,1.475e-06,1.3444e-06,1.429e-06,285320630000000.0,2023-05-25
1685059200000,1.4288e-06,1.491e-06,1.3811e-06,1.4519e-06,251864140000000.0,2023-05-26
1685145600000,1.452e-06,1.538e-06,1.4344e-06,1.5123e-06,181066550000000.0,2023-05-27
1685232000000,1.5123e-06,1.545e-06,1.4073e-06,1.494e-06,179783240000000.0,2023-05-28
1685318400000,1.4945e-06,1.5168e-06,1.4103e-06,1.436e-06,129836700000000.0,2023-05-29
1685404800000,1.4361e-06,1.4418e-06,1.2289e-06,1.2933e-06,181397740000000.0,2023-05-30
1685491200000,1.2934e-06,1.3239e-06,1.19e-06,1.2639e-06,245530630000000.0,2023-05-31
1685577600000,1.2638e-06,1.3281e-06,1.215e-06,1.2455e-06,242195810000000.0,2023-06-01
1685664000000,1.2458e-06,1.305e-06,1.23e-06,1.2816e-06,121040580000000.0,2023-06-02
1685750400000,1.2819e-06,1.346e-06,1.2638e-06,1.2946e-06,147166100000000.0,2023-06-03
1685836800000,1.2946e-06,1.2968e-06,1.2078e-06,1.2384e-06,115447980000000.0,2023-06-04
1685923200000,1.2383e-06,1.2452e-06,9.3e-07,1.0324e-06,325860340000000.0,2023-06-05
1686009600000,1.0328e-06,1.2649e-06,9.65e-07,1.2058e-06,446968350000000.0,2023-06-06
1686096000000,1.2058e-06,1.2184e-06,1.0326e-06,1.0727e-06,372222920000000.0,2023-06-07
1686182400000,1.0727e-06,1.1335e-06,1.0312e-06,1.0834e-06,225100100000000.0,2023-06-08
1686268800000,1.0834e-06,1.1969e-06,1.0526e-06,1.1337e-06,331093760000000.0,2023-06-09
1686355200000,1.1337e-06,1.1376e-06,8.008e-07,9.296e-07,482392190000000.0,2023-06-10
1686441600000,9.297e-07,9.524e-07,8.809e-07,9.12e-07,207116110000000.0,2023-06-11
1686528000000,9.123e-07,9.532e-07,8.402e-07,9.046e-07,272335670000000.0,2023-06-12
1686614400000,9.046e-07,9.856e-07,8.87e-07,9.174e-07,296546610000000.0,2023-06-13
1686700800000,9.175e-07,9.661e-07,8.578e-07,8.855e-07,235105240000000.0,2023-06-14
1686787200000,8.854e-07,9.303e-07,8.237e-07,8.973e-07,220812040000000.0,2023-06-15
1686873600000,8.972e-07,1.051e-06,8.702e-07,9.66e-07,455576290000000.0,2023-06-16
1686960000000,9.661e-07,1.0561e-06,9.485e-07,1.0006e-06,305134890000000.0,2023-06-17
1687046400000,1.0008e-06,1.0059e-06,9.219e-07,9.375e-07,195718680000000.0,2023-06-18
1687132800000,9.375e-07,9.58e-07,9.1e-07,9.49e-07,181641250000000.0,2023-06-19
1687219200000,9.49e-07,1.0938e-06,9.031e-07,1.0699e-06,236592660000000.0,2023-06-20
1687305600000,1.0697e-06,1.4657e-06,1.035e-06,1.3806e-06,727991330000000.0,2023-06-21
1687392000000,1.3807e-06,1.6984e-06,1.3618e-06,1.5436e-06,986799280000000.0,2023-06-22
1687478400000,1.5438e-06,1.7859e-06,1.452e-06,1.6522e-06,646716160000000.0,2023-06-23
1687564800000,1.6521e-06,1.7552e-06,1.488e-06,1.5549e-06,425742530000000.0,2023-06-24
1687651200000,1.5548e-06,1.6777e-06,1.5213e-06,1.6039e-06,311426570000000.0,2023-06-25
1687737600000,1.6047e-06,1.6336e-06,1.4712e-06,1.5089e-06,266848460000000.0,2023-06-26
1687824000000,1.509e-06,1.67e-06,1.4901e-06,1.619e-06,252868660000000.0,2023-06-27
1687910400000,1.6191e-06,1.6205e-06,1.3569e-06,1.4216e-06,229911150000000.0,2023-06-28
1687996800000,1.4214e-06,1.6328e-06,1.4045e-06,1.5417e-06,266283960000000.0,2023-06-29
1688083200000,1.5416e-06,1.7098e-06,1.4401e-06,1.6221e-06,406028550000000.0,2023-06-30
1688169600000,1.6218e-06,1.6362e-06,1.5122e-06,1.5554e-06,118900410000000.0,2023-07-01
1688256000000,1.5555e-06,1.6163e-06,1.4835e-06,1.5846e-06,106358280000000.0,2023-07-02
1688342400000,1.5848e-06,1.9e-06,1.5576e-06,1.8347e-06,317793520000000.0,2023-07-03
1688428800000,1.8346e-06,1.8878e-06,1.684e-06,1.7129e-06,190974440000000.0,2023-07-04
1688515200000,1.7125e-06,1.7699e-06,1.6e-06,1.652e-06,150001080000000.0,2023-07-05
1688601600000,1.6515e-06,1.7839e-06,1.5319e-06,1.5402e-06,228220030000000.0,2023-07-06
1688688000000,1.5401e-06,1.5999e-06,1.506e-06,1.5646e-06,150544270000000.0,2023-07-07
1688774400000,1.5646e-06,1.5995e-06,1.51e-06,1.5524e-06,75257950000000.0,2023-07-08
1688860800000,1.5522e-06,1.59e-06,1.5257e-06,1.5438e-06,72379550000000.0,2023-07-09
1688947200000,1.5439e-06,1.5872e-06,1.4304e-06,1.5147e-06,169234950000000.0,2023-07-10
1689033600000,1.5148e-06,1.5395e-06,1.482e-06,1.5011e-06,87936540000000.0,2023-07-11
1689120000000,1.5009e-06,1.5699e-06,1.4825e-06,1.5068e-06,107187450000000.0,2023-07-12
1689206400000,1.507e-06,1.7693e-06,1.461e-06,1.7141e-06,208847690000000.0,2023-07-13
1689292800000,1.7133e-06,1.8881e-06,1.5468e-06,1.6389e-06,310996400000000.0,2023-07-14
1689379200000,1.6386e-06,1.7085e-06,1.6112e-06,1.6442e-06,105844960000000.0,2023-07-15
1689465600000,1.6444e-06,1.666e-06,1.555e-06,1.5728e-06,73731300000000.0,2023-07-16
1689552000000,1.5723e-06,1.605e-06,1.505e-06,1.5753e-06,113207350000000.0,2023-07-17
1689638400000,1.5752e-06,1.5975e-06,1.4802e-06,1.5149e-06,87330570000000.0,2023-07-18
1689724800000,1.5153e-06,1.5771e-06,1.5068e-06,1.5247e-06,80216610000000.0,2023-07-19
1689811200000,1.5248e-06,1.5786e-06,1.4616e-06,1.5037e-06,71696310000000.0,2023-07-20
1689897600000,1.5037e-06,1.5484e-06,1.4857e-06,1.5219e-06,60532360000000.0,2023-07-21
1689984000000,1.5223e-06,1.5494e-06,1.4733e-06,1.4907e-06,41585840000000.0,2023-07-22
1690070400000,1.4908e-06,1.536e-06,1.4641e-06,1.5045e-06,49594710000000.0,2023-07-23
1690156800000,1.5047e-06,1.51e-06,1.2819e-06,1.3461e-06,119243870000000.0,2023-07-24
1690243200000,1.346e-06,1.3566e-06,1.2834e-06,1.3057e-06,78669220000000.0,2023-07-25
1690329600000,1.3057e-06,1.3871e-06,1.2208e-06,1.332e-06,148887370000000.0,2023-07-26
1690416000000,1.332e-06,1.4444e-06,1.3106e-06,1.3427e-06,135811880000000.0,2023-07-27
1690502400000,1.3424e-06,1.3762e-06,1.2929e-06,1.3359e-06,87165930000000.0,2023-07-28
1690588800000,1.3359e-06,1.3556e-06,1.3223e-06,1.3469e-06,35831130000000.0,2023-07-29
1690675200000,1.347e-06,1.3497e-06,1.243e-06,1.2952e-06,61422010000000.0,2023-07-30
1690761600000,1.2952e-06,1.3227e-06,1.2018e-06,1.2375e-06,78020600000000.0,2023-07-31
1690848000000,1.2375e-06,1.3092e-06,1.1758e-06,1.3017e-06,116493020000000.0,2023-08-01
1690934400000,1.302e-06,1.32e-06,1.2e-06,1.2188e-06,121161380000000.0,2023-08-02
1691020800000,1.2188e-06,1.2336e-06,1.19e-06,1.1978e-06,66766390000000.0,2023-08-03
1691107200000,1.1984e-06,1.2249e-06,1.1102e-06,1.1546e-06,77752210000000.0,2023-08-04
1691193600000,1.1545e-06,1.1739e-06,1.1243e-06,1.1533e-06,62440870000000.0,2023-08-05
1691280000000,1.1535e-06,1.178e-06,1.1252e-06,1.1563e-06,50219520000000.0,2023-08-06
1691366400000,1.1566e-06,1.1976e-06,1.0547e-06,1.1163e-06,112034920000000.0,2023-08-07
1691452800000,1.1163e-06,1.2308e-06,1.098e-06,1.1748e-06,144763740000000.0,2023-08-08
1691539200000,1.1749e-06,1.2866e-06,1.172e-06,1.2309e-06,215656990000000.0,2023-08-09
1691625600000,1.2309e-06,1.2697e-06,1.2131e-06,1.2327e-06,101318310000000.0,2023-08-10
1691712000000,1.2328e-06,1.2709e-06,1.2164e-06,1.246e-06,70141870000000.0,2023-08-11
1691798400000,1.246e-06,1.368e-06,1.2443e-06,1.3521e-06,150011940000000.0,2023-08-12
1691884800000,1.3523e-06,1.4288e-06,1.325e-06,1.3648e-06,138235240000000.0,2023-08-13
1691971200000,1.3648e-06,1.4649e-06,1.3223e-06,1.4049e-06,170847860000000.0,2023-08-14
1692057600000,1.4048e-06,1.413e-06,1.228e-06,1.2681e-06,149143660000000.0,2023-08-15
1692144000000,1.2683e-06,1.2768e-06,1.1369e-06,1.1652e-06,180899410000000.0,2023-08-16
1692230400000,1.1656e-06,1.228e-06,9.344e-07,1.0792e-06,285133840000000.0,2023-08-17
1692316800000,1.0792e-06,1.1225e-06,1.0471e-06,1.0887e-06,141067060000000.0,2023-08-18
1692403200000,1.0889e-06,1.1476e-06,1.0852e-06,1.1349e-06,76418830000000.0,2023-08-19
1692489600000,1.1348e-06,1.1531e-06,1.1021e-06,1.1179e-06,53416280000000.0,2023-08-20
1692576000000,1.118e-06,1.1294e-06,1.0425e-06,1.086e-06,88157490000000.0,2023-08-21
1692662400000,1.086e-06,1.0926e-06,1.0068e-06,1.0725e-06,92680280000000.0,2023-08-22
1692748800000,1.0723e-06,1.1304e-06,1.0457e-06,1.1042e-06,99778020000000.0,2023-08-23
1692835200000,1.1043e-06,1.1094e-06,9.128e-07,9.418e-07,146055640000000.0,2023-08-24
1692921600000,9.42e-07,9.421e-07,7.723e-07,8.829e-07,525718500000000.0,2023-08-25
1693008000000,8.828e-07,9.673e-07,8.5e-07,8.675e-07,319262520000000.0,2023-08-26
1693094400000,8.676e-07,9.177e-07,8.64e-07,8.965e-07,174977450000000.0,2023-08-27
1693180800000,8.965e-07,9.055e-07,8.313e-07,8.58e-07,155375350000000.0,2023-08-28
1693267200000,8.579e-07,9.107e-07,8.088e-07,8.953e-07,281656010000000.0,2023-08-29
1693353600000,8.951e-07,9.014e-07,8.525e-07,8.68e-07,116285360000000.0,2023-08-30
1693440000000,8.681e-07,8.754e-07,7.876e-07,8.037e-07,148371760000000.0,2023-08-31
1693526400000,8.037e-07,8.269e-07,7.533e-07,7.75e-07,135170480000000.0,2023-09-01
1693612800000,7.752e-07,7.983e-07,7.6e-07,7.844e-07,88690470000000.0,2023-09-02
1693699200000,7.846e-07,8.088e-07,7.711e-07,8.026e-07,71056820000000.0,2023-09-03
1693785600000,8.027e-07,8.29e-07,7.815e-07,7.981e-07,116932420000000.0,2023-09-04
1693872000000,7.982e-07,8.172e-07,7.828e-07,8.03e-07,93615920000000.0,2023-09-05
1693958400000,8.031e-07,8.114e-07,7.676e-07,7.961e-07,84854480000000.0,2023-09-06
1694044800000,7.961e-07,8.152e-07,7.846e-07,8.08e-07,65977860000000.0,2023-09-07
1694131200000,8.08e-07,8.152e-07,7.7e-07,7.966e-07,73183660000000.0,2023-09-08
1694217600000,7.965e-07,7.983e-07,7.83e-07,7.862e-07,34878790000000.0,2023-09-09
1694304000000,7.862e-07,7.863e-07,6.869e-07,7.073e-07,137391270000000.0,2023-09-10
1694390400000,7.074e-07,7.1e-07,6.43e-07,6.688e-07,141479650000000.0,2023-09-11
1694476800000,6.688e-07,7.09e-07,6.618e-07,6.716e-07,109315050000000.0,2023-09-12
1694563200000,6.714e-07,7.657e-07,6.526e-07,6.744e-07,94228230000000.0,2023-09-13
1694649600000,6.742e-07,6.964e-07,6.689e-07,6.825e-07,68450210000000.0,2023-09-14
1694736000000,6.826e-07,6.878e-07,6.539e-07,6.839e-07,67505980000000.0,2023-09-15
1694822400000,6.84e-07,7.079e-07,6.7e-07,6.76e-07,56612680000000.0,2023-09-16
1694908800000,6.759e-07,6.762e-07,5.923e-07,6.269e-07,89534560000000.0,2023-09-17
1694995200000,6.271e-07,6.498e-07,6.155e-07,6.263e-07,95713490000000.0,2023-09-18
1695081600000,6.263e-07,6.492e-07,6.238e-07,6.423e-07,63041370000000.0,2023-09-19
1695168000000,6.425e-07,6.477e-07,6.096e-07,6.283e-07,64996180000000.0,2023-09-20
1695254400000,6.284e-07,6.39e-07,6.01e-07,6.116e-07,59535350000000.0,2023-09-21
1695340800000,6.113e-07,7.339e-07,6.041e-07,7.147e-07,201892760000000.0,2023-09-22
1695427200000,7.144e-07,7.405e-07,6.61e-07,6.775e-07,152807990000000.0,2023-09-23
1695513600000,6.774e-07,6.94e-07,6.55e-07,6.757e-07,89512250000000.0,2023-09-24
1695600000000,6.756e-07,7.196e-07,6.621e-07,7.102e-07,135558140000000.0,2023-09-25
1695686400000,7.102e-07,7.257e-07,6.804e-07,6.945e-07,94936730000000.0,2023-09-26
1695772800000,6.944e-07,7.668e-07,6.939e-07,7.353e-07,129042160000000.0,2023-09-27
1695859200000,7.354e-07,7.548e-07,7.037e-07,7.333e-07,87253180000000.0,2023-09-28
1695945600000,7.333e-07,8.257e-07,7.254e-07,7.908e-07,177573010000000.0,2023-09-29
1696032000000,7.91e-07,8.199e-07,7.489e-07,7.982e-07,98713400000000.0,2023-09-30
1696118400000,7.982e-07,8.3e-07,7.698e-07,8.146e-07,80970510000000.0,2023-10-01
1696204800000,8.144e-07,8.48e-07,6.837e-07,7.428e-07,131213730000000.0,2023-10-02
1696291200000,7.427e-07,7.481e-07,7.147e-07,7.228e-07,67585800000000.0,2023-10-03
1696377600000,7.229e-07,7.248e-07,6.867e-07,7.182e-07,77128260000000.0,2023-10-04
1696464000000,7.182e-07,7.349e-07,6.964e-07,7.014e-07,68193130000000.0,2023-10-05
1696550400000,7.014e-07,7.298e-07,6.785e-07,7.241e-07,60449470000000.0,2023-10-06
1696636800000,7.239e-07,7.309e-07,6.944e-07,7.08e-07,36998690000000.0,2023-10-07
1696723200000,7.08e-07,7.214e-07,6.9e-07,7.157e-07,39472540000000.0,2023-10-08
1696809600000,7.159e-07,7.2e-07,6.317e-07,6.651e-07,75438470000000.0,2023-10-09
1696896000000,6.65e-07,6.712e-07,6.344e-07,6.453e-07,46785700000000.0,2023-10-10
1696982400000,6.454e-07,6.556e-07,6.241e-07,6.358e-07,53154370000000.0,2023-10-11
1697068800000,6.359e-07,6.387e-07,6.107e-07,6.256e-07,42921620000000.0,2023-10-12
1697155200000,6.256e-07,6.65e-07,6.237e-07,6.459e-07,67010330000000.0,2023-10-13
1697241600000,6.459e-07,6.553e-07,6.406e-07,6.451e-07,36305260000000.0,2023-10-14
1697328000000,6.451e-07,6.853e-07,6.34e-07,6.658e-07,101473650000000.0,2023-10-15
1697414400000,6.657e-07,7.2e-07,6.608e-07,6.733e-07,104998200000000.0,2023-10-16
1697500800000,6.732e-07,6.794e-07,6.302e-07,6.357e-07,69128220000000.0,2023-10-17
1697587200000,6.356e-07,6.461e-07,6.224e-07,6.31e-07,57925590000000.0,2023-10-18
1697673600000,6.309e-07,6.41e-07,6.171e-07,6.276e-07,43985960000000.0,2023-10-19
1697760000000,6.274e-07,6.627e-07,6.228e-07,6.566e-07,66001670000000.0,2023-10-20
1697846400000,6.566e-07,7.263e-07,6.513e-07,6.987e-07,101032950000000.0,2023-10-21
1697932800000,6.981e-07,7.593e-07,6.807e-07,7.475e-07,123422180000000.0,2023-10-22
1698019200000,7.476e-07,1.0262e-06,7.242e-07,1.0062e-06,193809500000000.0,2023-10-23
1698105600000,1.0058e-06,1.059e-06,8.58e-07,9.258e-07,419369680000000.0,2023-10-24
1698192000000,9.256e-07,1.246e-06,9.1e-07,1.2076e-06,341899440000000.0,2023-10-25
1698278400000,1.2079e-06,1.3594e-06,1.1259e-06,1.2836e-06,293846680000000.0,2023-10-26
1698364800000,1.2835e-06,1.2913e-06,1.103e-06,1.1615e-06,160009390000000.0,2023-10-27
1698451200000,1.1612e-06,1.26e-06,1.1162e-06,1.1418e-06,82806130000000.0,2023-10-28
1698537600000,1.1418e-06,1.1595e-06,1.1031e-06,1.147e-06,60547840000000.0,2023-10-29
1698624000000,1.1467e-06,1.227e-06,1.128e-06,1.1712e-06,109793500000000.0,2023-10-30
1698710400000,1.1714e-06,1.208e-06,1.0718e-06,1.1459e-06,95088510000000.0,2023-10-31
1698796800000,1.1457e-06,1.225e-06,1.0887e-06,1.1861e-06,103053700000000.0,2023-11-01
1698883200000,1.1859e-06,1.2117e-06,1.0452e-06,1.0917e-06,85146380000000.0,2023-11-02
1698969600000,1.0917e-06,1.0977e-06,1.0237e-06,1.0784e-06,61728600000000.0,2023-11-03
1699056000000,1.0786e-06,1.145e-06,1.0634e-06,1.1162e-06,56984650000000.0,2023-11-04
1699142400000,1.1165e-06,1.1479e-06,1.075e-06,1.122e-06,55586310000000.0,2023-11-05
1699228800000,1.1222e-06,1.2163e-06,1.1041e-06,1.2065e-06,80470160000000.0,2023-11-06
1699315200000,1.2065e-06,1.2065e-06,1.082e-06,1.1655e-06,63862850000000.0,2023-11-07
1699401600000,1.1655e-06,1.2029e-06,1.1357e-06,1.1842e-06,49406450000000.0,2023-11-08
1699488000000,1.1841e-06,1.4625e-06,1.0324e-06,1.3325e-06,210748460000000.0,2023-11-09
1699574400000,1.3323e-06,1.3685e-06,1.226e-06,1.342e-06,84181190000000.0,2023-11-10
1699660800000,1.343e-06,1.384e-06,1.24e-06,1.276e-06,60816730000000.0,2023-11-11
1699747200000,1.276e-06,1.296e-06,1.172e-06,1.226e-06,52531710000000.0,2023-11-12
1699833600000,1.226e-06,1.301e-06,1.155e-06,1.162e-06,84341830000000.0,2023-11-13
1699920000000,1.162e-06,1.198e-06,1.072e-06,1.151e-06,59161340000000.0,2023-11-14
1700006400000,1.15e-06,1.293e-06,1.14e-06,1.255e-06,53602030000000.0,2023-11-15
1700092800000,1.254e-06,1.32e-06,1.114e-06,1.141e-06,60630770000000.0,2023-11-16
1700179200000,1.141e-06,1.18e-06,1.087e-06,1.151e-06,38552840000000.0,2023-11-17
1700265600000,1.151e-06,1.153e-06,1.09e-06,1.147e-06,18954880000000.0,2023-11-18
1700352000000,1.146e-06,1.194e-06,1.111e-06,1.19e-06,21894410000000.0,2023-11-19
1700438400000,1.19e-06,1.244e-06,1.126e-06,1.131e-06,45372550000000.0,2023-11-20
1700524800000,1.13e-06,1.144e-06,1.025e-06,1.033e-06,52716850000000.0,2023-11-21
1700611200000,1.034e-06,1.121e-06,1.028e-06,1.106e-06,32788610000000.0,2023-11-22
1700697600000,1.106e-06,1.137e-06,1.062e-06,1.068e-06,27917670000000.0,2023-11-23
1700784000000,1.068e-06,1.14e-06,1.061e-06,1.107e-06,33900960000000.0,2023-11-24
1700870400000,1.107e-06,1.194e-06,1.096e-06,1.179e-06,41602390000000.0,2023-11-25
1700956800000,1.178e-06,1.186e-06,1.069e-06,1.113e-06,41528490000000.0,2023-11-26
1701043200000,1.114e-06,1.126e-06,1.042e-06,1.082e-06,42180500000000.0,2023-11-27
1701129600000,1.081e-06,1.113e-06,1.035e-06,1.094e-06,25213340000000.0,2023-11-28
1701216000000,1.095e-06,1.121e-06,1.047e-06,1.056e-06,21568420000000.0,2023-11-29
1701302400000,1.056e-06,1.094e-06,1.05e-06,1.085e-06,20972700000000.0,2023-11-30
1701388800000,1.086e-06,1.119e-06,1.078e-06,1.106e-06,22219130000000.0,2023-12-01
1701475200000,1.105e-06,1.201e-06,1.101e-06,1.165e-06,40972440000000.0,2023-12-02
1701561600000,1.166e-06,1.235e-06,1.161e-06,1.206e-06,59383620000000.0,2023-12-03
1701648000000,1.207e-06,1.5e-06,1.107e-06,1.393e-06,174228460000000.0,2023-12-04
1701734400000,1.394e-06,1.689e-06,1.342e-06,1.618e-06,181721230000000.0,2023-12-05
1701820800000,1.618e-06,1.697e-06,1.464e-06,1.481e-06,128419060000000.0,2023-12-06
1701907200000,1.482e-06,1.65e-06,1.415e-06,1.524e-06,84918480000000.0,2023-12-07
1701993600000,1.523e-06,1.602e-06,1.49e-06,1.574e-06,51171410000000.0,2023-12-08
1702080000000,1.575e-06,1.753e-06,1.5e-06,1.531e-06,84957220000000.0,2023-12-09
1702166400000,1.532e-06,1.636e-06,1.492e-06,1.605e-06,42986470000000.0,2023-12-10
1702252800000,1.604e-06,1.615e-06,1.185e-06,1.413e-06,81180930000000.0,2023-12-11
1702339200000,1.413e-06,1.458e-06,1.342e-06,1.396e-06,48022860000000.0,2023-12-12
1702425600000,1.396e-06,1.439e-06,1.297e-06,1.415e-06,49055570000000.0,2023-12-13
1702512000000,1.415e-06,1.487e-06,1.32e-06,1.484e-06,55044170000000.0,2023-12-14
1702598400000,1.483e-06,1.495e-06,1.32e-06,1.328e-06,32953470000000.0,2023-12-15
1702684800000,1.329e-06,1.475e-06,1.311e-06,1.415e-06,31145440000000.0,2023-12-16
1702771200000,1.416e-06,1.47e-06,1.328e-06,1.337e-06,29173880000000.0,2023-12-17
1702857600000,1.336e-06,1.355e-06,1.201e-06,1.305e-06,33715380000000.0,2023-12-18
1702944000000,1.306e-06,1.341e-06,1.236e-06,1.248e-06,20697810000000.0,2023-12-19
1703030400000,1.247e-06,1.314e-06,1.23e-06,1.269e-06,22682420000000.0,2023-12-20
1703116800000,1.269e-06,1.328e-06,1.223e-06,1.305e-06,28470380000000.0,2023-12-21
1703203200000,1.304e-06,1.588e-06,1.237e-06,1.58e-06,101872120000000.0,2023-12-22
1703289600000,1.579e-06,1.595e-06,1.435e-06,1.471e-06,42343080000000.0,2023-12-23
1703376000000,1.471e-06,1.492e-06,1.326e-06,1.373e-06,36776500000000.0,2023-12-24
1703462400000,1.372e-06,1.446e-06,1.356e-06,1.405e-06,23787800000000.0,2023-12-25
1703548800000,1.405e-06,1.428e-06,1.24e-06,1.338e-06,39293970000000.0,2023-12-26
1703635200000,1.338e-06,1.494e-06,1.28e-06,1.446e-06,42315890000000.0,2023-12-27
1703721600000,1.445e-06,1.505e-06,1.328e-06,1.342e-06,40139840000000.0,2023-12-28
1703808000000,1.341e-06,1.441e-06,1.3e-06,1.348e-06,34711870000000.0,2023-12-29
1703894400000,1.347e-06,1.371e-06,1.302e-06,1.308e-06,18436350000000.0,2023-12-30
1703980800000,1.308e-06,1.353e-06,1.256e-06,1.294e-06,23563170000000.0,2023-12-31
1704067200000,1.294e-06,1.411e-06,1.26e-06,1.404e-06,20042860000000.0,2024-01-01
1704153600000,1.404e-06,1.441e-06,1.318e-06,1.337e-06,31365610000000.0,2024-01-02
1704240000000,1.337e-06,1.425e-06,9.53e-07,1.188e-06,84339190000000.0,2024-01-03
1704326400000,1.187e-06,1.289e-06,1.17e-06,1.255e-06,33072450000000.0,2024-01-04
1704412800000,1.255e-06,1.276e-06,1.157e-06,1.198e-06,31000930000000.0,2024-01-05
1704499200000,1.197e-06,1.198e-06,1.094e-06,1.157e-06,27649970000000.0,2024-01-06
1704585600000,1.156e-06,1.217e-06,1.09e-06,1.113e-06,26001410000000.0,2024-01-07
1704672000000,1.112e-06,1.21e-06,1.032e-06,1.194e-06,37483210000000.0,2024-01-08
1704758400000,1.194e-06,1.258e-06,1.097e-06,1.197e-06,37527500000000.0,2024-01-09
1704844800000,1.196e-06,1.389e-06,1.156e-06,1.328e-06,77448660000000.0,2024-01-10
1704931200000,1.328e-06,1.5e-06,1.303e-06,1.362e-06,76438900000000.0,2024-01-11
1705017600000,1.362e-06,1.406e-06,1.156e-06,1.234e-06,56907620000000.0,2024-01-12
1705104000000,1.233e-06,1.263e-06,1.186e-06,1.243e-06,20214700000000.0,2024-01-13
1705190400000,1.243e-06,1.256e-06,1.189e-06,1.194e-06,17211670000000.0,2024-01-14
1705276800000,1.193e-06,1.245e-06,1.191e-06,1.204e-06,15345820000000.0,2024-01-15
1705363200000,1.203e-06,1.266e-06,1.177e-06,1.245e-06,15656880000000.0,2024-01-16
1705449600000,1.245e-06,1.268e-06,1.188e-06,1.206e-06,20878110000000.0,2024-01-17
1705536000000,1.206e-06,1.212e-06,1.118e-06,1.144e-06,18885810000000.0,2024-01-18
1705622400000,1.144e-06,1.15e-06,1.054e-06,1.137e-06,18938740000000.0,2024-01-19
1705708800000,1.137e-06,1.181e-06,1.106e-06,1.166e-06,13418510000000.0,2024-01-20
1705795200000,1.166e-06,1.19e-06,1.117e-06,1.122e-06,11351870000000.0,2024-01-21
1705881600000,1.122e-06,1.127e-06,1.042e-06,1.055e-06,25589500000000.0,2024-01-22
1705968000000,1.054e-06,1.073e-06,9.73e-07,1.042e-06,32553100000000.0,2024-01-23
1706054400000,1.042e-06,1.068e-06,1.021e-06,1.042e-06,15867360000000.0,2024-01-24
1706140800000,1.043e-06,1.05e-06,9.99e-07,1.027e-06,16113120000000.0,2024-01-25
1706227200000,1.027e-06,1.09e-06,1.015e-06,1.083e-06,12849090000000.0,2024-01-26
1706313600000,1.083e-06,1.105e-06,1.068e-06,1.095e-06,10730690000000.0,2024-01-27
1706400000000,1.095e-06,1.119e-06,1.049e-06,1.065e-06,11953880000000.0,2024-01-28
1706486400000,1.065e-06,1.084e-06,1.035e-06,1.064e-06,13177070000000.0,2024-01-29
1706572800000,1.064e-06,1.079e-06,1.003e-06,1.009e-06,20135440000000.0,2024-01-30
1706659200000,1.008e-06,1.014e-06,9.05e-07,9.13e-07,45427910000000.0,2024-01-31
1706745600000,9.14e-07,9.38e-07,8.87e-07,9.17e-07,24520210000000.0,2024-02-01
1706832000000,9.17e-07,9.4e-07,9.14e-07,9.29e-07,14937010000000.0,2024-02-02
1706918400000,9.29e-07,9.48e-07,9.15e-07,9.24e-07,10101810000000.0,2024-02-03
1707004800000,9.24e-07,9.24e-07,8.75e-07,8.88e-07,16432990000000.0,2024-02-04
1707091200000,8.88e-07,9.8e-07,8.64e-07,8.99e-07,36769030000000.0,2024-02-05
1707177600000,8.99e-07,9.17e-07,8.82e-07,9.04e-07,18477390000000.0,2024-02-06
1707264000000,9.04e-07,9.83e-07,9.04e-07,9.66e-07,24324380000000.0,2024-02-07
1707350400000,9.67e-07,9.84e-07,9.36e-07,9.55e-07,17992670000000.0,2024-02-08
1707436800000,9.55e-07,1.03e-06,9.53e-07,1.016e-06,21051060000000.0,2024-02-09
1707523200000,1.016e-06,1.042e-06,1.003e-06,1.014e-06,11406790000000.0,2024-02-10
1707609600000,1.013e-06,1.035e-06,9.81e-07,1.004e-06,11631650000000.0,2024-02-11
1707696000000,1.004e-06,1.091e-06,9.84e-07,1.079e-06,19488210000000.0,2024-02-12
1707782400000,1.079e-06,1.133e-06,1.046e-06,1.083e-06,36586760000000.0,2024-02-13
1707868800000,1.082e-06,1.262e-06,1.062e-06,1.247e-06,62946790000000.0,2024-02-14
1707955200000,1.247e-06,1.305e-06,1.191e-06,1.244e-06,52283780000000.0,2024-02-15
1708041600000,1.244e-06,1.263e-06,1.141e-06,1.166e-06,31103500000000.0,2024-02-16
1708128000000,1.166e-06,1.2e-06,1.107e-06,1.186e-06,26781910000000.0,2024-02-17
1708214400000,1.186e-06,1.236e-06,1.166e-06,1.224e-06,21039100000000.0,2024-02-18
1708300800000,1.225e-06,1.261e-06,1.192e-06,1.23e-06,24293770000000.0,2024-02-19
1708387200000,1.231e-06,1.245e-06,1.115e-06,1.193e-06,41241850000000.0,2024-02-20
1708473600000,1.193e-06,1.198e-06,1.096e-06,1.152e-06,28406970000000.0,2024-02-21
1708560000000,1.151e-06,1.241e-06,1.106e-06,1.208e-06,38048040000000.0,2024-02-22
1708646400000,1.208e-06,1.411e-06,1.164e-06,1.194e-06,94389190000000.0,2024-02-23
1708732800000,1.195e-06,1.319e-06,1.146e-06,1.311e-06,31023880000000.0,2024-02-24
1708819200000,1.312e-06,1.398e-06,1.278e-06,1.376e-06,37944300000000.0,2024-02-25
1708905600000,1.377e-06,1.889e-06,1.338e-06,1.807e-06,140362100000000.0,2024-02-26
1708992000000,1.806e-06,2.981e-06,1.743e-06,2.658e-06,420480460000000.0,2024-02-27
1709078400000,2.659e-06,3.629e-06,2.57e-06,3.18e-06,454477640000000.0,2024-02-28
1709164800000,3.179e-06,3.33e-06,2.63e-06,2.734e-06,155184730000000.0,2024-02-29
1709251200000,2.734e-06,4.341e-06,2.667e-06,3.994e-06,249875730000000.0,2024-03-01
1709337600000,3.994e-06,4.987e-06,3.911e-06,4.376e-06,207154530000000.0,2024-03-02
1709424000000,4.375e-06,6.022e-06,3.6e-06,5.923e-06,264850210000000.0,2024-03-03
1709510400000,5.923e-06,8.345e-06,5.553e-06,7.021e-06,338235840000000.0,2024-03-04
1709596800000,7.021e-06,8.75e-06,4.851e-06,6.297e-06,301841390000000.0,2024-03-05
1709683200000,6.296e-06,8.274e-06,5.878e-06,7.208e-06,213584500000000.0,2024-03-06
1709769600000,7.206e-06,7.653e-06,6.388e-06,6.811e-06,139461620000000.0,2024-03-07
1709856000000,6.811e-06,9.548e-06,6.754e-06,9.014e-06,239180510000000.0,2024-03-08
1709942400000,9.012e-06,9.938e-06,8.414e-06,8.768e-06,116110510000000.0,2024-03-09
1710028800000,8.768e-06,9.329e-06,8.19e-06,8.548e-06,89764030000000.0,2024-03-10
1710115200000,8.547e-06,9.6e-06,7.764e-06,9.045e-06,104566200000000.0,2024-03-11
1710201600000,9.047e-06,9.165e-06,7.446e-06,8.286e-06,97001490000000.0,2024-03-12
1710288000000,8.286e-06,9.38e-06,8.117e-06,9.03e-06,127009310000000.0,2024-03-13
1710374400000,9.031e-06,1.088e-05,8.747e-06,9.97e-06,185648700000000.0,2024-03-14
1710460800000,9.972e-06,1.0353e-05,8.2e-06,8.927e-06,134425030000000.0,2024-03-15
1710547200000,8.928e-06,9.09e-06,7e-06,7.432e-06,139306930000000.0,2024-03-16
1710633600000,7.431e-06,8.195e-06,6.869e-06,7.848e-06,124605480000000.0,2024-03-17
1710720000000,7.848e-06,8.213e-06,6.594e-06,6.814e-06,100022200000000.0,2024-03-18
1710806400000,6.814e-06,7.438e-06,5.805e-06,6.596e-06,163671570000000.0,2024-03-19
1710892800000,6.597e-06,8.599e-06,6.41e-06,8.381e-06,169884430000000.0,2024-03-20
1710979200000,8.382e-06,8.465e-06,7.661e-06,7.894e-06,95984260000000.0,2024-03-21
1711065600000,7.893e-06,8.288e-06,7.098e-06,7.424e-06,85211580000000.0,2024-03-22
1711152000000,7.423e-06,7.76e-06,7.3e-06,7.32e-06,54995870000000.0,2024-03-23
1711238400000,7.32e-06,8.004e-06,7.185e-06,7.809e-06,43538220000000.0,2024-03-24
1711324800000,7.813e-06,8.524e-06,7.434e-06,8.095e-06,79160190000000.0,2024-03-25
1711411200000,8.095e-06,8.769e-06,7.833e-06,8.031e-06,68297090000000.0,2024-03-26
1711497600000,8.03e-06,8.37e-06,7.511e-06,7.628e-06,53577810000000.0,2024-03-27
1711584000000,7.627e-06,8.32e-06,7.386e-06,8.031e-06,51073240000000.0,2024-03-28
1711670400000,8.031e-06,8.073e-06,7.569e-06,7.748e-06,31456620000000.0,2024-03-29
1711756800000,7.749e-06,8.873e-06,7.708e-06,8.126e-06,70523500000000.0,2024-03-30
1711843200000,8.127e-06,9.214e-06,8.02e-06,8.8e-06,65901430000000.0,2024-03-31
1711929600000,8.801e-06,8.805e-06,7.534e-06,7.927e-06,64033260000000.0,2024-04-01
1712016000000,7.925e-06,7.93e-06,6.8e-06,7.254e-06,72475450000000.0,2024-04-02
1712102400000,7.252e-06,7.448e-06,6.591e-06,6.803e-06,56335180000000.0,2024-04-03
1712188800000,6.804e-06,7.199e-06,6.606e-06,6.923e-06,40497540000000.0,2024-04-04
1712275200000,6.924e-06,6.991e-06,6.334e-06,6.572e-06,41493860000000.0,2024-04-05
1712361600000,6.573e-06,6.872e-06,6.54e-06,6.768e-06,23489970000000.0,2024-04-06
1712448000000,6.768e-06,7.532e-06,6.725e-06,7.445e-06,43461440000000.0,2024-04-07
1712534400000,7.446e-06,8e-06,7.194e-06,7.773e-06,52381830000000.0,2024-04-08
1712620800000,7.772e-06,7.874e-06,6.889e-06,7.039e-06,46881930000000.0,2024-04-09
1712707200000,7.036e-06,7.26e-06,6.662e-06,7.136e-06,43469490000000.0,2024-04-10
1712793600000,7.137e-06,7.561e-06,6.809e-06,7.315e-06,55042940000000.0,2024-04-11
1712880000000,7.315e-06,7.578e-06,4.47e-06,5.91e-06,116826999000000.0,2024-04-12
1712966400000,5.911e-06,6.05e-06,3.827e-06,5.045e-06,152859655000000.0,2024-04-13
1713052800000,5.046e-06,5.573e-06,4.818e-06,5.436e-06,113816944000000.0,2024-04-14
1713139200000,5.436e-06,5.823e-06,4.71e-06,5.094e-06,96760648000000.0,2024-04-15
1713225600000,5.095e-06,5.564e-06,4.747e-06,5.405e-06,84249213000000.0,2024-04-16
1713312000000,5.403e-06,5.488e-06,4.865e-06,4.913e-06,67058138000000.0,2024-04-17
1713398400000,4.914e-06,5.293e-06,4.632e-06,5.084e-06,66747040000000.0,2024-04-18
1713484800000,5.083e-06,5.485e-06,4.595e-06,5.137e-06,73171150000000.0,2024-04-19
1713571200000,5.138e-06,5.893e-06,5.024e-06,5.8e-06,47925269000000.0,2024-04-20
1713657600000,5.8e-06,6.233e-06,5.608e-06,5.954e-06,66538381000000.0,2024-04-21
1713744000000,5.953e-06,6.992e-06,5.924e-06,6.875e-06,104981594000000.0,2024-04-22
1713830400000,6.874e-06,7.87e-06,6.644e-06,7.681e-06,131586378000000.0,2024-04-23
1713916800000,7.68e-06,8.188e-06,7.046e-06,7.252e-06,128580163000000.0,2024-04-24
1714003200000,7.25e-06,8.094e-06,6.948e-06,7.78e-06,126597993000000.0,2024-04-25
1714089600000,7.78e-06,7.888e-06,7.221e-06,7.375e-06,94708097000000.0,2024-04-26
1714176000000,7.376e-06,7.429e-06,6.667e-06,7.206e-06,96516147000000.0,2024-04-27
1714262400000,7.206e-06,7.766e-06,7.133e-06,7.225e-06,76696128000000.0,2024-04-28
1714348800000,7.225e-06,7.495e-06,6.786e-06,7.365e-06,82221125000000.0,2024-04-29
1714435200000,7.365e-06,7.6e-06,6.324e-06,6.671e-06,135752389000000.0,2024-04-30
1714521600000,6.671e-06,7.277e-06,5.912e-06,6.988e-06,169871000000000.0,2024-05-01
1714608000000,6.988e-06,7.884e-06,6.673e-06,7.536e-06,134672233000000.0,2024-05-02
1714694400000,7.539e-06,8.335e-06,7.452e-06,8.075e-06,119432783000000.0,2024-05-03
1714780800000,8.074e-06,8.997e-06,8.011e-06,8.665e-06,100140053000000.0,2024-05-04
1714867200000,8.667e-06,8.805e-06,8.255e-06,8.525e-06,72710792000000.0,2024-05-05
1714953600000,8.526e-06,9.186e-06,8.306e-06,8.348e-06,89399854000000.0,2024-05-06
1715040000000,8.348e-06,8.648e-06,7.88e-06,7.906e-06,64196575000000.0,2024-05-07
1715126400000,7.905e-06,8.257e-06,7.615e-06,7.961e-06,73340053000000.0,2024-05-08
1715212800000,7.962e-06,8.753e-06,7.9e-06,8.537e-06,79435652000000.0,2024-05-09
1715299200000,8.536e-06,8.817e-06,8.154e-06,8.408e-06,71823020000000.0,2024-05-10
1715385600000,8.408e-06,8.972e-06,8.375e-06,8.516e-06,62138935000000.0,2024-05-11
1715472000000,8.515e-06,8.988e-06,8.493e-06,8.753e-06,48140049000000.0,2024-05-12
1715558400000,8.753e-06,1.1393e-05,8.299e-06,9.91e-06,165452626000000.0,2024-05-13
1715644800000,9.912e-06,1.1547e-05,9.823e-06,1.0571e-05,182423261000000.0,2024-05-14
1715731200000,1.0572e-05,1.1623e-05,9.948e-06,1.0507e-05,147239812000000.0,2024-05-15
1715817600000,1.0508e-05,1.0813e-05,9.607e-06,1.0038e-05,85587322000000.0,2024-05-16
1715904000000,1.0038e-05,1.0447e-05,9.816e-06,1.0171e-05,61018164000000.0,2024-05-17
1715990400000,1.0173e-05,1.047e-05,9.138e-06,9.538e-06,58142343000000.0,2024-05-18
1716076800000,9.538e-06,9.59e-06,8.871e-06,9.151e-06,53107790000000.0,2024-05-19
1716163200000,9.15e-06,1.1469e-05,8.95e-06,1.1419e-05,103752241000000.0,2024-05-20
1716249600000,1.1419e-05,1.4242e-05,1.082e-05,1.3834e-05,147725402000000.0,2024-05-21
1716336000000,1.3833e-05,1.4364e-05,1.252e-05,1.3391e-05,125813898000000.0,2024-05-22
1716422400000,1.3392e-05,1.5838e-05,1.2551e-05,1.4931e-05,150251365000000.0,2024-05-23
1716508800000,1.4931e-05,1.5161e-05,1.3435e-05,1.4155e-05,72471878000000.0,2024-05-24
1716595200000,1.4155e-05,1.5869e-05,1.4113e-05,1.4982e-05,63641093000000.0,2024-05-25
1716681600000,1.4979e-05,1.64e-05,1.4615e-05,1.6019e-05,62609146000000.0,2024-05-26
1716768000000,1.6019e-05,1.728e-05,1.5989e-05,1.6715e-05,65574592000000.0,2024-05-27
1716854400000,1.6716e-05,1.7137e-05,1.5603e-05,1.6003e-05,67355085000000.0,2024-05-28
1716940800000,1.6003e-05,1.6597e-05,1.4344e-05,1.4762e-05,62919571000000.0,2024-05-29
1717027200000,1.4766e-05,1.5222e-05,1.3169e-05,1.4423e-05,80954590000000.0,2024-05-30
1717113600000,1.4421e-05,1.5827e-05,1.4243e-05,1.5414e-05,71609649000000.0,2024-05-31
1717200000000,1.5415e-05,1.5768e-05,1.4614e-05,1.4858e-05,39709776000000.0,2024-06-01
1717286400000,1.4858e-05,1.5101e-05,1.3892e-05,1.4626e-05,40076329000000.0,2024-06-02
1717372800000,1.4628e-05,1.5506e-05,1.434e-05,1.445e-05,46479917000000.0,2024-06-03
1717459200000,1.4447e-05,1.4782e-05,1.4007e-05,1.4366e-05,34440202000000.0,2024-06-04
1717545600000,1.4367e-05,1.5073e-05,1.408e-05,1.4592e-05,36296719000000.0,2024-06-05
1717632000000,1.4591e-05,1.5215e-05,1.4205e-05,1.4356e-05,34622544000000.0,2024-06-06
1717718400000,1.4355e-05,1.4539e-05,1.1013e-05,1.2782e-05,71717160000000.0,2024-06-07
1717804800000,1.2783e-05,1.3217e-05,1.1963e-05,1.2115e-05,45342018000000.0,2024-06-08
1717891200000,1.2113e-05,1.2954e-05,1.1792e-05,1.2756e-05,37653874000000.0,2024-06-09
1717977600000,1.2757e-05,1.3136e-05,1.2043e-05,1.208e-05,39139808000000.0,2024-06-10
1718064000000,1.2083e-05,1.2999e-05,1.1205e-05,1.2735e-05,78668803000000.0,2024-06-11
1718150400000,1.2734e-05,1.39e-05,1.2116e-05,1.3208e-05,77618351000000.0,2024-06-12
1718236800000,1.3207e-05,1.3363e-05,1.1707e-05,1.1914e-05,53921316000000.0,2024-06-13
1718323200000,1.1911e-05,1.2271e-05,1.0564e-05,1.1368e-05,62044033000000.0,2024-06-14
1718409600000,1.1369e-05,1.2317e-05,1.1329e-05,1.1852e-05,39446851000000.0,2024-06-15
1718496000000,1.1852e-05,1.2463e-05,1.1442e-05,1.2302e-05,35583106000000.0,2024-06-16
1718582400000,1.2305e-05,1.2428e-05,1.069e-05,1.1167e-05,58107395000000.0,2024-06-17
1718668800000,1.1166e-05,1.1251e-05,9.567e-06,1.097e-05,94343055000000.0,2024-06-18
1718755200000,1.0969e-05,1.1899e-05,1.075e-05,1.135e-05,63733282000000.0,2024-06-19
1718841600000,1.1353e-05,1.2254e-05,1.0862e-05,1.0995e-05,65536336000000.0,2024-06-20
1718928000000,1.0995e-05,1.1757e-05,1.0542e-05,1.1412e-05,65577776000000.0,2024-06-21
1719014400000,1.1414e-05,1.164e-05,1.1157e-05,1.142e-05,28911568000000.0,2024-06-22
1719100800000,1.1419e-05,1.1843e-05,1.0803e-05,1.0913e-05,35858673000000.0,2024-06-23
1719187200000,1.0916e-05,1.1332e-05,9.969e-06,1.1295e-05,74666655000000.0,2024-06-24
1719273600000,1.1295e-05,1.3075e-05,1.1263e-05,1.2849e-05,75070716000000.0,2024-06-25
1719360000000,1.2849e-05,1.3499e-05,1.211e-05,1.254e-05,51274344000000.0,2024-06-26
1719446400000,1.2541e-05,1.2756e-05,1.212e-05,1.2596e-05,44465084000000.0,2024-06-27
1719532800000,1.2596e-05,1.2652e-05,1.1362e-05,1.1581e-05,51376760000000.0,2024-06-28
1719619200000,1.1581e-05,1.1856e-05,1.1261e-05,1.1313e-05,26268179000000.0,2024-06-29
1719705600000,1.1314e-05,1.1938e-05,1.0821e-05,1.193e-05,46443894000000.0,2024-06-30
1719792000000,1.193e-05,1.2189e-05,1.1311e-05,1.1428e-05,44437785000000.0,2024-07-01
1719878400000,1.1428e-05,1.1645e-05,1.0963e-05,1.1322e-05,36210457000000.0,2024-07-02
1719964800000,1.1322e-05,1.1344e-05,9.915e-06,1.0247e-05,65456440000000.0,2024-07-03
1720051200000,1.0247e-05,1.0376e-05,8.818e-06,8.932e-06,103626536000000.0,2024-07-04
1720137600000,8.931e-06,9.184e-06,7.591e-06,8.885e-06,185202147000000.0,2024-07-05
1720224000000,8.885e-06,9.92e-06,8.715e-06,9.729e-06,73865617000000.0,2024-07-06
1720310400000,9.729e-06,9.743e-06,8.33e-06,8.406e-06,60069499000000.0,2024-07-07
1720396800000,8.406e-06,9.531e-06,7.739e-06,9.148e-06,140469737000000.0,2024-07-08
1720483200000,9.147e-06,9.578e-06,8.888e-06,9.086e-06,67898127000000.0,2024-07-09
1720569600000,9.087e-06,9.454e-06,8.761e-06,9.198e-06,57566153000000.0,2024-07-10
1720656000000,9.199e-06,9.78e-06,8.793e-06,8.893e-06,66877493000000.0,2024-07-11
1720742400000,8.894e-06,8.98e-06,8.27e-06,8.685e-06,61637113000000.0,2024-07-12
1720828800000,8.685e-06,8.942e-06,8.438e-06,8.69e-06,38556936000000.0,2024-07-13
1720915200000,8.689e-06,9.355e-06,8.589e-06,9.202e-06,50975883000000.0,2024-07-14
1721001600000,9.202e-06,1.1464e-05,9.139e-06,1.1316e-05,108158522000000.0,2024-07-15
1721088000000,1.1315e-05,1.2707e-05,1.1096e-05,1.2373e-05,169343210000000.0,2024-07-16
1721174400000,1.2373e-05,1.2912e-05,1.1515e-05,1.1684e-05,83655526000000.0,2024-07-17
1721260800000,1.1682e-05,1.2244e-05,1.1216e-05,1.1647e-05,69104162000000.0,2024-07-18
1721347200000,1.1646e-05,1.3065e-05,1.1286e-05,1.2697e-05,70688413000000.0,2024-07-19
1721433600000,1.2698e-05,1.2773e-05,1.1533e-05,1.2212e-05,43501004000000.0,2024-07-20
1721520000000,1.2216e-05,1.2744e-05,1.155e-05,1.2496e-05,43427410000000.0,2024-07-21
1721606400000,1.2496e-05,1.2679e-05,1.1721e-05,1.1888e-05,37135632000000.0,2024-07-22
1721692800000,1.1889e-05,1.2759e-05,1.1559e-05,1.2524e-05,71414547000000.0,2024-07-23
1721779200000,1.2524e-05,1.3238e-05,1.1972e-05,1.2202e-05,75324622000000.0,2024-07-24
1721865600000,1.2203e-05,1.2275e-05,1.0833e-05,1.1478e-05,72821832000000.0,2024-07-25
1721952000000,1.1478e-05,1.216e-05,1.14e-05,1.2027e-05,42076520000000.0,2024-07-26
1722038400000,1.2027e-05,1.252e-05,1.1584e-05,1.1902e-05,46754367000000.0,2024-07-27
1722124800000,1.1902e-05,1.1974e-05,1.1532e-05,1.1744e-05,22688734000000.0,2024-07-28
1722211200000,1.1746e-05,1.2417e-05,1.1684e-05,1.1794e-05,41733010000000.0,2024-07-29
1722297600000,1.1794e-05,1.2032e-05,1.1029e-05,1.1306e-05,35490205000000.0,2024-07-30
1722384000000,1.1306e-05,1.1643e-05,1.0858e-05,1.1045e-05,39884999000000.0,2024-07-31
1722470400000,1.1047e-05,1.1149e-05,9.726e-06,1.0521e-05,78795383000000.0,2024-08-01
1722556800000,1.052e-05,1.0607e-05,9.224e-06,9.325e-06,74816367000000.0,2024-08-02
1722643200000,9.325e-06,9.548e-06,8.29e-06,8.618e-06,72443123000000.0,2024-08-03
1722729600000,8.618e-06,8.777e-06,7.65e-06,8.097e-06,93628048000000.0,2024-08-04
1722816000000,8.097e-06,8.261e-06,5.845e-06,7.046e-06,273765464000000.0,2024-08-05
1722902400000,7.047e-06,8.184e-06,7.022e-06,7.741e-06,108948542000000.0,2024-08-06
1722988800000,7.74e-06,8.379e-06,7.262e-06,7.37e-06,96407449000000.0,2024-08-07
1723075200000,7.37e-06,8.892e-06,7.189e-06,8.768e-06,86290824000000.0,2024-08-08
1723161600000,8.768e-06,8.993e-06,8.312e-06,8.525e-06,67809497000000.0,2024-08-09
1723248000000,8.525e-06,8.707e-06,8.227e-06,8.432e-06,30709657000000.0,2024-08-10
1723334400000,8.432e-06,8.793e-06,7.646e-06,7.72e-06,55631704000000.0,2024-08-11
1723420800000,7.721e-06,8.503e-06,7.702e-06,8.228e-06,75151717000000.0,2024-08-12
1723507200000,8.229e-06,8.379e-06,7.883e-06,8.187e-06,43985846000000.0,2024-08-13
1723593600000,8.187e-06,8.475e-06,7.892e-06,8.01e-06,42279335000000.0,2024-08-14
1723680000000,8.009e-06,8.068e-06,7.201e-06,7.447e-06,51607497000000.0,2024-08-15
1723766400000,7.446e-06,7.589e-06,6.86e-06,7.179e-06,71914297000000.0,2024-08-16
1723852800000,7.177e-06,7.712e-06,7.104e-06,7.485e-06,44153432000000.0,2024-08-17
1723939200000,7.484e-06,7.628e-06,7.277e-06,7.289e-06,39693158000000.0,2024-08-18
1724025600000,7.29e-06,7.715e-06,7.152e-06,7.679e-06,47881675000000.0,2024-08-19
1724112000000,7.679e-06,8.293e-06,7.632e-06,7.756e-06,76458246000000.0,2024-08-20
1724198400000,7.757e-06,8.079e-06,7.493e-06,7.921e-06,52635592000000.0,2024-08-21
1724284800000,7.921e-06,8.077e-06,7.725e-06,7.986e-06,40118358000000.0,2024-08-22
1724371200000,7.987e-06,9.302e-06,7.949e-06,9.079e-06,80524713000000.0,2024-08-23
1724457600000,9.078e-06,9.862e-06,8.859e-06,9.492e-06,77481428000000.0,2024-08-24
1724544000000,9.491e-06,9.533e-06,8.685e-06,9.139e-06,70941887000000.0,2024-08-25
1724630400000,9.139e-06,9.267e-06,8.413e-06,8.521e-06,64916055000000.0,2024-08-26
1724716800000,8.52e-06,8.695e-06,7.503e-06,7.637e-06,70046484000000.0,2024-08-27
1724803200000,7.637e-06,8.206e-06,7.337e-06,7.685e-06,78447428000000.0,2024-08-28
1724889600000,7.684e-06,8.2e-06,7.536e-06,7.643e-06,48343798000000.0,2024-08-29
1724976000000,7.642e-06,7.931e-06,7.338e-06,7.763e-06,63622275000000.0,2024-08-30
1725062400000,7.763e-06,7.876e-06,7.513e-06,7.598e-06,27509288000000.0,2024-08-31
1725148800000,7.597e-06,7.636e-06,7.062e-06,7.132e-06,46329555000000.0,2024-09-01
1725235200000,7.132e-06,7.701e-06,7.071e-06,7.615e-06,52110634000000.0,2024-09-02
1725321600000,7.616e-06,7.762e-06,7.238e-06,7.269e-06,41140003000000.0,2024-09-03
1725408000000,7.269e-06,7.532e-06,6.834e-06,7.353e-06,60032373000000.0,2024-09-04
1725494400000,7.354e-06,7.414e-06,6.994e-06,7.104e-06,38628226000000.0,2024-09-05
1725580800000,7.104e-06,7.269e-06,6.325e-06,6.638e-06,70584863000000.0,2024-09-06
1725667200000,6.638e-06,7.029e-06,6.636e-06,6.764e-06,36250661000000.0,2024-09-07
1725753600000,6.765e-06,7.406e-06,6.707e-06,7.075e-06,52672017000000.0,2024-09-08
1725840000000,7.075e-06,7.605e-06,6.938e-06,7.389e-06,53349248000000.0,2024-09-09
1725926400000,7.389e-06,7.559e-06,7.281e-06,7.465e-06,39057914000000.0,2024-09-10
1726012800000,7.464e-06,7.469e-06,6.972e-06,7.238e-06,46644322000000.0,2024-09-11
1726099200000,7.237e-06,7.5e-06,7.206e-06,7.412e-06,33711881000000.0,2024-09-12
1726185600000,7.412e-06,8.064e-06,7.306e-06,7.908e-06,42299339000000.0,2024-09-13
1726272000000,7.908e-06,7.941e-06,7.624e-06,7.756e-06,24709256000000.0,2024-09-14
1726358400000,7.755e-06,7.831e-06,7.295e-06,7.352e-06,26977595000000.0,2024-09-15
1726444800000,7.351e-06,7.39e-06,7.059e-06,7.197e-06,38805475000000.0,2024-09-16
1726531200000,7.196e-06,7.644e-06,7.106e-06,7.322e-06,37695804000000.0,2024-09-17
1726617600000,7.322e-06,7.548e-06,6.988e-06,7.532e-06,47520512000000.0,2024-09-18
1726704000000,7.532e-06,8.341e-06,7.53e-06,7.953e-06,67015661000000.0,2024-09-19
1726790400000,7.952e-06,8.515e-06,7.716e-06,8.243e-06,63517917000000.0,2024-09-20
1726876800000,8.244e-06,8.448e-06,8.002e-06,8.413e-06,28479476000000.0,2024-09-21
1726963200000,8.414e-06,8.481e-06,7.727e-06,8.007e-06,38184311000000.0,2024-09-22
1727049600000,8.007e-06,8.337e-06,7.824e-06,8.13e-06,38012378000000.0,2024-09-23
1727136000000,8.13e-06,8.766e-06,7.923e-06,8.588e-06,59364702000000.0,2024-09-24
1727222400000,8.589e-06,8.79e-06,8.35e-06,8.445e-06,46847624000000.0,2024-09-25
1727308800000,8.446e-06,9.728e-06,8.219e-06,9.511e-06,84054057000000.0,2024-09-26
1727395200000,9.512e-06,1.0949e-05,9.369e-06,1.0697e-05,92777091000000.0,2024-09-27
1727481600000,1.0697e-05,1.1584e-05,1.0561e-05,1.1378e-05,100010963000000.0,2024-09-28
1727568000000,1.1379e-05,1.199e-05,1.0956e-05,1.1286e-05,89688126000000.0,2024-09-29
1727654400000,1.1286e-05,1.15e-05,1.0333e-05,1.0463e-05,91011972000000.0,2024-09-30
1727740800000,1.0464e-05,1.146e-05,9.272e-06,9.698e-06,163104323000000.0,2024-10-01
1727827200000,9.697e-06,1.0317e-05,8.915e-06,9.241e-06,124474849000000.0,2024-10-02
1727913600000,9.24e-06,9.528e-06,8.343e-06,8.635e-06,112017381000000.0,2024-10-03
1728000000000,8.634e-06,9.596e-06,8.478e-06,9.394e-06,90362050000000.0,2024-10-04
1728086400000,9.392e-06,9.608e-06,9.147e-06,9.349e-06,55566108000000.0,2024-10-05
1728172800000,9.35e-06,1.0337e-05,9.259e-06,1.0234e-05,72408542000000.0,2024-10-06
1728259200000,1.0234e-05,1.0817e-05,9.775e-06,9.803e-06,96905942000000.0,2024-10-07
1728345600000,9.803e-06,1.0063e-05,9.303e-06,9.507e-06,80009468000000.0,2024-10-08
1728432000000,9.506e-06,9.855e-06,8.974e-06,9.115e-06,79158273000000.0,2024-10-09
1728518400000,9.113e-06,9.48e-06,8.802e-06,9.291e-06,72707459000000.0,2024-10-10
1728604800000,9.292e-06,9.962e-06,9.206e-06,9.747e-06,62131868000000.0,2024-10-11
1728691200000,9.747e-06,1.0253e-05,9.684e-06,9.899e-06,53773880000000.0,2024-10-12
1728777600000,9.9e-06,9.994e-06,9.366e-06,9.695e-06,50351839000000.0,2024-10-13
1728864000000,9.694e-06,1.1095e-05,9.545e-06,1.0905e-05,80924003000000.0,2024-10-14
1728950400000,1.0906e-05,1.1178e-05,1.0024e-05,1.039e-05,113574249000000.0,2024-10-15
1729036800000,1.039e-05,1.067e-05,1.0103e-05,1.0437e-05,59435009000000.0,2024-10-16
1729123200000,1.0438e-05,1.0559e-05,9.627e-06,9.883e-06,53509522000000.0,2024-10-17
1729209600000,9.883e-06,1.0739e-05,9.836e-06,1.0508e-05,54673171000000.0,2024-10-18
1729296000000,1.0507e-05,1.0947e-05,1.0283e-05,1.0491e-05,37764913000000.0,2024-10-19
1729382400000,1.0492e-05,1.0794e-05,1.011e-05,1.0687e-05,36082117000000.0,2024-10-20
1729468800000,1.0687e-05,1.09e-05,1.0035e-05,1.0179e-05,50950258000000.0,2024-10-21
1729555200000,1.0179e-05,1.0356e-05,9.855e-06,1.008e-05,40332446000000.0,2024-10-22
1729641600000,1.0079e-05,1.0116e-05,9.406e-06,9.81e-06,49800519000000.0,2024-10-23
1729728000000,9.809e-06,1.0083e-05,9.677e-06,9.996e-06,40183564000000.0,2024-10-24
1729814400000,9.997e-06,1.0045e-05,8.383e-06,8.781e-06,65969010000000.0,2024-10-25
1729900800000,8.781e-06,9.123e-06,8.628e-06,9.073e-06,34131793000000.0,2024-10-26
1729987200000,9.073e-06,9.294e-06,8.923e-06,9.168e-06,27451509000000.0,2024-10-27
1730073600000,9.168e-06,9.444e-06,8.578e-06,9.178e-06,51508592000000.0,2024-10-28
1730160000000,9.179e-06,9.923e-06,9.135e-06,9.678e-06,47435832000000.0,2024-10-29
1730246400000,9.678e-06,1.0128e-05,9.251e-06,9.634e-06,55667038000000.0,2024-10-30
1730332800000,9.634e-06,9.704e-06,9e-06,9.117e-06,38047615000000.0,2024-10-31
1730419200000,9.118e-06,9.348e-06,8.717e-06,8.885e-06,39518303000000.0,2024-11-01
1730505600000,8.885e-06,8.995e-06,8.545e-06,8.718e-06,23032762000000.0,2024-11-02
1730592000000,8.718e-06,8.73e-06,7.87e-06,8.179e-06,51098482000000.0,2024-11-03
1730678400000,8.178e-06,8.374e-06,7.715e-06,7.916e-06,47487776000000.0,2024-11-04
1730764800000,7.915e-06,8.814e-06,7.912e-06,8.567e-06,46696942000000.0,2024-11-05
1730851200000,8.567e-06,1.0048e-05,8.566e-06,9.902e-06,74069074000000.0,2024-11-06
1730937600000,9.902e-06,1.1054e-05,9.845e-06,1.0999e-05,70417315000000.0,2024-11-07
1731024000000,1.0998e-05,1.1494e-05,1.0266e-05,1.0771e-05,62967482000000.0,2024-11-08
1731110400000,1.0771e-05,1.1491e-05,1.0452e-05,1.1199e-05,54770196000000.0,2024-11-09
1731196800000,1.1201e-05,1.3e-05,1.1004e-05,1.2313e-05,92406040000000.0,2024-11-10
1731283200000,1.2316e-05,1.3461e-05,1.1753e-05,1.2984e-05,82744313000000.0,2024-11-11
1731369600000,1.2986e-05,1.4914e-05,1.2289e-05,1.4131e-05,111902090000000.0,2024-11-12
1731456000000,1.4129e-05,2.2454e-05,1.2482e-05,2.0802e-05,194825568000000.0,2024-11-13
1731542400000,2.0803e-05,2.6023e-05,2.0064e-05,2.066e-05,142185820000000.0,2024-11-14
1731628800000,2.066e-05,2.4028e-05,1.88e-05,2.3337e-05,89948244000000.0,2024-11-15
1731715200000,2.3341e-05,2.3649e-05,2.0692e-05,2.1299e-05,38663106000000.0,2024-11-16
1731801600000,2.1299e-05,2.2577e-05,1.9414e-05,2.1219e-05,51433696000000.0,2024-11-17
1731888000000,2.1219e-05,2.2799e-05,1.9626e-05,2.0479e-05,47996639000000.0,2024-11-18
1731974400000,2.0482e-05,2.1231e-05,1.891e-05,1.9681e-05,39400979000000.0,2024-11-19
1732060800000,1.9681e-05,2.0586e-05,1.8303e-05,1.8772e-05,41886611000000.0,2024-11-20
1732147200000,1.8773e-05,2.1699e-05,1.8035e-05,2.0693e-05,65336064000000.0,2024-11-21
1732233600000,2.0693e-05,2.1867e-05,1.9704e-05,2.065e-05,45334130000000.0,2024-11-22
1732320000000,2.0651e-05,2.2355e-05,1.9499e-05,2.0497e-05,54474393000000.0,2024-11-23
1732406400000,2.0497e-05,2.1217e-05,1.9011e-05,2.0207e-05,40455753000000.0,2024-11-24
1732492800000,2.0208e-05,2.0768e-05,1.8346e-05,1.8988e-05,38549300000000.0,2024-11-25
1732579200000,1.8986e-05,1.9469e-05,1.7272e-05,1.8281e-05,37240017000000.0,2024-11-26
1732665600000,1.8281e-05,2.0166e-05,1.7878e-05,1.9736e-05,32434239000000.0,2024-11-27
1732752000000,1.9737e-05,2.0346e-05,1.8942e-05,1.9864e-05,24946949000000.0,2024-11-28
1732838400000,1.9864e-05,2.1312e-05,1.9468e-05,2.0474e-05,27596015000000.0,2024-11-29
1732924800000,2.0475e-05,2.166e-05,2.0071e-05,2.0192e-05,23057006000000.0,2024-11-30
1733011200000,2.0193e-05,2.3335e-05,2.006e-05,2.2265e-05,42444653000000.0,2024-12-01
1733097600000,2.2266e-05,2.2862e-05,1.9528e-05,2.043e-05,45191550000000.0,2024-12-02
1733184000000,2.043e-05,2.1085e-05,1.8817e-05,2.0261e-05,30583647000000.0,2024-12-03
1733270400000,2.0263e-05,2.21e-05,2.019e-05,2.1808e-05,37185623000000.0,2024-12-04
1733356800000,2.1805e-05,2.2935e-05,2.033e-05,2.1192e-05,45061263000000.0,2024-12-05
1733443200000,2.1192e-05,2.2245e-05,2.0337e-05,2.1546e-05,28405137000000.0,2024-12-06
1733529600000,2.1547e-05,2.7e-05,2.1103e-05,2.4918e-05,54850754000000.0,2024-12-07
1733616000000,2.4919e-05,2.7203e-05,2.4188e-05,2.6429e-05,66087779000000.0,2024-12-08
1733702400000,2.6431e-05,2.8366e-05,2.28e-05,2.6498e-05,119622510000000.0,2024-12-09
1733788800000,2.65e-05,2.7243e-05,2.206e-05,2.348e-05,106176188000000.0,2024-12-10
1733875200000,2.3478e-05,2.5494e-05,2.1614e-05,2.5128e-05,58122881000000.0,2024-12-11
1733961600000,2.5128e-05,2.5731e-05,2.3204e-05,2.364e-05,36880681000000.0,2024-12-12
1734048000000,2.3641e-05,2.4995e-05,2.3051e-05,2.4753e-05,26573248000000.0,2024-12-13
1734134400000,2.4753e-05,2.4862e-05,2.291e-05,2.333e-05,17714640000000.0,2024-12-14
1734220800000,2.3329e-05,2.4611e-05,2.2589e-05,2.4168e-05,21505216000000.0,2024-12-15
1734307200000,2.4169e-05,2.4724e-05,2.2889e-05,2.3453e-05,31584700000000.0,2024-12-16
1734393600000,2.3453e-05,2.3663e-05,2.2031e-05,2.2438e-05,24495765000000.0,2024-12-17
1734480000000,2.2439e-05,2.2528e-05,1.8966e-05,1.9439e-05,40637088000000.0,2024-12-18
1734566400000,1.9438e-05,1.9745e-05,1.6506e-05,1.7053e-05,67648678000000.0,2024-12-19
1734652800000,1.7054e-05,1.7937e-05,1.4406e-05,1.7681e-05,74296188000000.0,2024-12-20
1734739200000,1.768e-05,1.9723e-05,1.6943e-05,1.7419e-05,53560610000000.0,2024-12-21
1734825600000,1.7418e-05,1.8439e-05,1.6683e-05,1.7846e-05,40098084000000.0,2024-12-22
1734912000000,1.7846e-05,1.8882e-05,1.7231e-05,1.8484e-05,38699400000000.0,2024-12-23
1734998400000,1.8484e-05,1.9547e-05,1.7896e-05,1.9258e-05,25713013000000.0,2024-12-24
1735084800000,1.9256e-05,1.9374e-05,1.8151e-05,1.8532e-05,22042925000000.0,2024-12-25
1735171200000,1.8533e-05,1.8769e-05,1.7025e-05,1.7394e-05,23239356000000.0,2024-12-26
1735257600000,1.7393e-05,1.8294e-05,1.7258e-05,1.7881e-05,23500688000000.0,2024-12-27
1735344000000,1.7882e-05,1.9032e-05,1.7771e-05,1.8766e-05,16853193000000.0,2024-12-28
1735430400000,1.8767e-05,1.9194e-05,1.775e-05,1.7892e-05,16358596000000.0,2024-12-29
1735516800000,1.7892e-05,1.8986e-05,1.7453e-05,1.8456e-05,27277951000000.0,2024-12-30
1735603200000,1.8454e-05,2.1871e-05,1.7704e-05,1.9967e-05,70588642000000.0,2024-12-31
1735689600000,1.9968e-05,2.0769e-05,1.9061e-05,1.9383e-05,35337996000000.0,2025-01-01
1735776000000,1.9383e-05,2.1172e-05,1.9175e-05,2.048e-05,40099615000000.0,2025-01-02
1735862400000,2.0483e-05,2.1777e-05,2.0067e-05,2.1594e-05,23125712000000.0,2025-01-03
1735948800000,2.1593e-05,2.1912e-05,2.0531e-05,2.1135e-05,19286929000000.0,2025-01-04
1736035200000,2.1136e-05,2.1403e-05,2.0314e-05,2.0714e-05,14691077000000.0,2025-01-05
1736121600000,2.0714e-05,2.1399e-05,2.0263e-05,2.0782e-05,21068866000000.0,2025-01-06
1736208000000,2.0784e-05,2.084e-05,1.8441e-05,1.8584e-05,32710985000000.0,2025-01-07
1736294400000,1.8584e-05,1.8914e-05,1.7008e-05,1.7819e-05,31105949000000.0,2025-01-08
1736380800000,1.782e-05,1.8087e-05,1.6619e-05,1.7001e-05,30679757000000.0,2025-01-09
1736467200000,1.7001e-05,1.7911e-05,1.6996e-05,1.7641e-05,26689230000000.0,2025-01-10
1736553600000,1.7639e-05,1.8476e-05,1.7467e-05,1.8006e-05,17470750000000.0,2025-01-11
1736640000000,1.8007e-05,1.8048e-05,1.7486e-05,1.7756e-05,13751147000000.0,2025-01-12
1736726400000,1.7756e-05,1.8291e-05,1.5596e-05,1.686e-05,47834603000000.0,2025-01-13
1736812800000,1.6863e-05,1.7624e-05,1.6795e-05,1.7472e-05,22454149000000.0,2025-01-14
1736899200000,1.7474e-05,1.9219e-05,1.6866e-05,1.9067e-05,28895874000000.0,2025-01-15
1736985600000,1.9067e-05,1.9254e-05,1.7959e-05,1.8129e-05,24381882000000.0,2025-01-16
1737072000000,1.8131e-05,2.055e-05,1.8131e-05,2.0304e-05,26256318000000.0,2025-01-17
1737158400000,2.0305e-05,2.1028e-05,1.8111e-05,1.8442e-05,37082736000000.0,2025-01-18
1737244800000,1.8445e-05,1.8998e-05,1.5204e-05,1.6041e-05,66936761000000.0,2025-01-19
1737331200000,1.6044e-05,1.7595e-05,1.5121e-05,1.5797e-05,61845120000000.0,2025-01-20
1737417600000,1.58e-05,1.6373e-05,1.4727e-05,1.5912e-05,31013778000000.0,2025-01-21
1737504000000,1.5912e-05,1.6187e-05,1.5006e-05,1.5149e-05,17430928000000.0,2025-01-22
1737590400000,1.515e-05,1.5577e-05,1.4303e-05,1.5326e-05,35503037000000.0,2025-01-23
1737676800000,1.5327e-05,1.6179e-05,1.458e-05,1.4945e-05,27417284000000.0,2025-01-24
1737763200000,1.4945e-05,1.5404e-05,1.4593e-05,1.5044e-05,15998853000000.0,2025-01-25
1737849600000,1.5044e-05,1.5204e-05,1.3931e-05,1.4011e-05,18309763000000.0,2025-01-26
1737936000000,1.4011e-05,1.4011e-05,1.2108e-05,1.3108e-05,56811840000000.0,2025-01-27
1738022400000,1.3108e-05,1.3349e-05,1.132e-05,1.145e-05,28353266000000.0,2025-01-28
1738108800000,1.145e-05,1.3335e-05,1.1366e-05,1.24e-05,46413802000000.0,2025-01-29
1738195200000,1.2402e-05,1.3497e-05,1.2227e-05,1.2936e-05,23496193000000.0,2025-01-30
1738281600000,1.2937e-05,1.4778e-05,1.2744e-05,1.3866e-05,42259112000000.0,2025-01-31
1738368000000,1.3865e-05,1.4297e-05,1.2064e-05,1.2244e-05,30985918000000.0,2025-02-01
1738454400000,1.2243e-05,1.2519e-05,9.982e-06,1.0767e-05,62224139000000.0,2025-02-02
1738540800000,1.0769e-05,1.1446e-05,7.931e-06,1.1005e-05,137657049000000.0,2025-02-03
1738627200000,1.1004e-05,1.1093e-05,9.657e-06,1.0155e-05,55922942000000.0,2025-02-04
1738713600000,1.0155e-05,1.0456e-05,9.741e-06,1.0008e-05,36397081000000.0,2025-02-05
1738800000000,1.0006e-05,1.0389e-05,9.109e-06,9.21e-06,40856218000000.0,2025-02-06
1738886400000,9.21e-06,9.825e-06,8.449e-06,8.926e-06,49679657000000.0,2025-02-07
1738972800000,8.926e-06,9.692e-06,8.871e-06,9.564e-06,29914023000000.0,2025-02-08
1739059200000,9.564e-06,9.856e-06,8.918e-06,9.531e-06,32287286000000.0,2025-02-09
1739145600000,9.532e-06,9.963e-06,9.155e-06,9.599e-06,35765978000000.0,2025-02-10
1739232000000,9.598e-06,1.0604e-05,9.381e-06,9.586e-06,42919668000000.0,2025-02-11
1739318400000,9.585e-06,1.0266e-05,9.047e-06,1.0089e-05,46128396000000.0,2025-02-12
1739404800000,1.0091e-05,1.0245e-05,9.436e-06,9.689e-06,25154860000000.0,2025-02-13
1739491200000,9.69e-06,1.0755e-05,9.62e-06,1.0292e-05,29649220000000.0,2025-02-14
1739577600000,1.0292e-05,1.0379e-05,9.815e-06,9.939e-06,17206656000000.0,2025-02-15
1739664000000,9.938e-06,1.0042e-05,9.553e-06,9.701e-06,16605632000000.0,2025-02-16
1739750400000,9.703e-06,1.0671e-05,9.501e-06,1.0125e-05,38146064000000.0,2025-02-17
1739836800000,1.0123e-05,1.0204e-05,8.908e-06,9.264e-06,38315374000000.0,2025-02-18
1739923200000,9.264e-06,9.567e-06,9.116e-06,9.357e-06,24349744000000.0,2025-02-19
1740009600000,9.357e-06,9.71e-06,9.309e-06,9.629e-06,20204024000000.0,2025-02-20
1740096000000,9.628e-06,1.0147e-05,9.032e-06,9.116e-06,33796894000000.0,2025-02-21
1740182400000,9.116e-06,9.734e-06,9.058e-06,9.623e-06,18060868000000.0,2025-02-22
1740268800000,9.623e-06,9.807e-06,9.202e-06,9.351e-06,18185727000000.0,2025-02-23
1740355200000,9.351e-06,9.43e-06,7.614e-06,7.889e-06,50773532000000.0,2025-02-24
1740441600000,7.888e-06,8.428e-06,7.303e-06,8.247e-06,77162988000000.0,2025-02-25
1740528000000,8.247e-06,8.5e-06,7.824e-06,8.325e-06,46260048000000.0,2025-02-26
1740614400000,8.325e-06,8.605e-06,8.061e-06,8.216e-06,28822192000000.0,2025-02-27
1740700800000,8.217e-06,8.26e-06,7.261e-06,7.929e-06,61113053000000.0,2025-02-28
1740787200000,7.929e-06,8.013e-06,7.362e-06,7.592e-06,28069994000000.0,2025-03-01
1740873600000,7.593e-06,8.95e-06,7.555e-06,8.836e-06,54842945000000.0,2025-03-02
1740960000000,8.836e-06,8.873e-06,7.059e-06,7.221e-06,57292499000000.0,2025-03-03
1741046400000,7.22e-06,7.28e-06,6.267e-06,6.987e-06,86396008000000.0,2025-03-04
1741132800000,6.987e-06,7.352e-06,6.815e-06,7.078e-06,30259713000000.0,2025-03-05
1741219200000,7.077e-06,7.339e-06,6.762e-06,6.836e-06,29592262000000.0,2025-03-06
1741305600000,6.835e-06,7.362e-06,6.423e-06,6.989e-06,57029144000000.0,2025-03-07
1741392000000,6.989e-06,7.044e-06,6.572e-06,6.673e-06,30620195000000.0,2025-03-08
1741478400000,6.674e-06,6.734e-06,5.72e-06,5.87e-06,56413325000000.0,2025-03-09
1741564800000,5.871e-06,6.644e-06,5.631e-06,5.702e-06,73842509000000.0,2025-03-10
1741651200000,5.702e-06,6.511e-06,5.25e-06,6.323e-06,86863444000000.0,2025-03-11
1741737600000,6.323e-06,6.976e-06,6.137e-06,6.952e-06,69317866000000.0,2025-03-12
1741824000000,6.952e-06,7.449e-06,6.488e-06,6.697e-06,94983292000000.0,2025-03-13
1741910400000,6.698e-06,7.34e-06,6.681e-06,7.057e-06,52984062000000.0,2025-03-14
1741996800000,7.057e-06,7.383e-06,6.957e-06,7.135e-06,33879089000000.0,2025-03-15
1742083200000,7.135e-06,7.18e-06,6.453e-06,6.586e-06,47041521000000.0,2025-03-16
1742169600000,6.587e-06,7.612e-06,6.569e-06,7.384e-06,51757341000000.0,2025-03-17
1742256000000,7.385e-06,7.415e-06,6.713e-06,7.281e-06,54240128000000.0,2025-03-18
1742342400000,7.281e-06,7.554e-06,7.138e-06,7.457e-06,61785459000000.0,2025-03-19
1742428800000,7.457e-06,7.863e-06,7.285e-06,7.644e-06,52421819000000.0,2025-03-20
1742515200000,7.643e-06,7.887e-06,7.147e-06,7.209e-06,43531939000000.0,2025-03-21
1742601600000,7.209e-06,7.405e-06,7.01e-06,7.066e-06,23811383000000.0,2025-03-22
1742688000000,7.065e-06,7.383e-06,7.014e-06,7.344e-06,21181422000000.0,2025-03-23
1742774400000,7.344e-06,8.187e-06,7.187e-06,7.993e-06,44279193000000.0,2025-03-24
1742860800000,7.993e-06,8.244e-06,7.828e-06,8.013e-06,34792559000000.0,2025-03-25
1742947200000,8.014e-06,9.261e-06,7.962e-06,8.526e-06,67479461000000.0,2025-03-26
1743033600000,8.525e-06,8.693e-06,8.195e-06,8.444e-06,41386130000000.0,2025-03-27
1743120000000,8.444e-06,8.52e-06,7.601e-06,7.785e-06,46793562000000.0,2025-03-28
1743206400000,7.785e-06,7.887e-06,7.057e-06,7.218e-06,45139987000000.0,2025-03-29
1743292800000,7.219e-06,7.331e-06,6.762e-06,6.944e-06,43872875000000.0,2025-03-30
1743379200000,6.945e-06,7.357e-06,6.763e-06,7.209e-06,57662579000000.0,2025-03-31
1743465600000,7.208e-06,7.869e-06,7.197e-06,7.723e-06,54338610000000.0,2025-04-01
1743552000000,7.723e-06,8.089e-06,6.902e-06,7.058e-06,85489993000000.0,2025-04-02
1743638400000,7.058e-06,7.295e-06,6.384e-06,6.708e-06,60486693000000.0,2025-04-03
1743724800000,6.709e-06,7.288e-06,6.597e-06,7.24e-06,85746426000000.0,2025-04-04
1743811200000,7.241e-06,7.375e-06,6.928e-06,7.058e-06,31121524000000.0,2025-04-05
1743897600000,7.059e-06,7.133e-06,6.154e-06,6.333e-06,63082510000000.0,2025-04-06
1743984000000,6.333e-06,6.789e-06,5.706e-06,6.452e-06,125052052000000.0,2025-04-07
1744070400000,6.453e-06,6.639e-06,5.932e-06,6.043e-06,60080101000000.0,2025-04-08
1744156800000,6.044e-06,7.137e-06,5.783e-06,6.976e-06,85724103000000.0,2025-04-09
1744243200000,6.976e-06,6.994e-06,6.469e-06,6.709e-06,47831597000000.0,2025-04-10
1744329600000,6.708e-06,7.046e-06,6.632e-06,6.937e-06,30494687000000.0,2025-04-11
1744416000000,6.936e-06,7.575e-06,6.822e-06,7.439e-06,34125412000000.0,2025-04-12
1744502400000,7.439e-06,7.768e-06,7.118e-06,7.276e-06,40437279000000.0,2025-04-13
1744588800000,7.275e-06,7.741e-06,7.242e-06,7.338e-06,47353008000000.0,2025-04-14
1744675200000,7.339e-06,7.517e-06,6.896e-06,7.003e-06,45914225000000.0,2025-04-15
1744761600000,7.003e-06,7.326e-06,6.925e-06,7.133e-06,44921562000000.0,2025-04-16
1744848000000,7.133e-06,7.438e-06,7.034e-06,7.235e-06,35466173000000.0,2025-04-17
1744934400000,7.235e-06,7.344e-06,7.007e-06,7.334e-06,30103231000000.0,2025-04-18
1745020800000,7.334e-06,7.612e-06,7.155e-06,7.51e-06,25110348000000.0,2025-04-19
1745107200000,7.509e-06,7.697e-06,7.262e-06,7.542e-06,27213427000000.0,2025-04-20
1745193600000,7.541e-06,8.06e-06,7.522e-06,7.743e-06,39230152000000.0,2025-04-21
1745280000000,7.744e-06,8.898e-06,7.61e-06,8.813e-06,52191068000000.0,2025-04-22
1745366400000,8.813e-06,9.309e-06,8.643e-06,8.83e-06,51060015000000.0,2025-04-23
1745452800000,8.83e-06,8.87e-06,8.324e-06,8.755e-06,39251594000000.0,2025-04-24
1745539200000,8.755e-06,9.288e-06,8.556e-06,9.045e-06,40298087000000.0,2025-04-25
1745625600000,9.046e-06,9.8e-06,9.009e-06,9.168e-06,33931237000000.0,2025-04-26
1745712000000,9.169e-06,9.205e-06,8.712e-06,8.758e-06,25335021000000.0,2025-04-27
1745798400000,8.759e-06,9.207e-06,8.546e-06,8.958e-06,44254527000000.0,2025-04-28
1745884800000,8.958e-06,9.155e-06,8.707e-06,8.856e-06,27302712000000.0,2025-04-29
1745971200000,8.856e-06,9.122e-06,8.43e-06,8.889e-06,31880756000000.0,2025-04-30
1746057600000,8.889e-06,9.089e-06,8.657e-06,8.724e-06,28342370000000.0,2025-05-01
1746144000000,8.724e-06,8.922e-06,8.523e-06,8.693e-06,28106229000000.0,2025-05-02
1746230400000,8.692e-06,8.721e-06,8.041e-06,8.167e-06,26671206000000.0,2025-05-03
1746316800000,8.168e-06,8.271e-06,7.984e-06,8.076e-06,25817227000000.0,2025-05-04
1746403200000,8.076e-06,8.35e-06,7.771e-06,7.936e-06,36691418000000.0,2025-05-05
1746489600000,7.935e-06,8.026e-06,7.581e-06,7.986e-06,41991287000000.0,2025-05-06
1746576000000,7.986e-06,8.312e-06,7.94e-06,8.246e-06,33273661000000.0,2025-05-07
1746662400000,8.246e-06,1.1791e-05,8.213e-06,1.1117e-05,96360439000000.0,2025-05-08
1746748800000,1.1115e-05,1.3972e-05,1.0629e-05,1.2368e-05,117947159000000.0,2025-05-09
1746835200000,1.2368e-05,1.4066e-05,1.2151e-05,1.3688e-05,76607305000000.0,2025-05-10
1746921600000,1.3688e-05,1.4256e-05,1.2564e-05,1.3609e-05,67849121000000.0,2025-05-11
1747008000000,1.3609e-05,1.5401e-05,1.2778e-05,1.3619e-05,92386299000000.0,2025-05-12
1747094400000,1.3619e-05,1.5096e-05,1.273e-05,1.4436e-05,69910817000000.0,2025-05-13
1747180800000,1.4435e-05,1.4494e-05,1.3446e-05,1.3896e-05,44401915000000.0,2025-05-14
1747267200000,1.3897e-05,1.4145e-05,1.2656e-05,1.3018e-05,61463356000000.0,2025-05-15
1747353600000,1.3017e-05,1.3794e-05,1.2504e-05,1.2591e-05,40873632000000.0,2025-05-16
1747440000000,1.2593e-05,1.2754e-05,1.1954e-05,1.2163e-05,45961855000000.0,2025-05-17
1747526400000,1.2163e-05,1.4251e-05,1.2135e-05,1.3837e-05,72122996000000.0,2025-05-18
1747612800000,1.3838e-05,1.4194e-05,1.2483e-05,1.3269e-05,61602003000000.0,2025-05-19
1747699200000,1.3269e-05,1.3655e-05,1.2604e-05,1.3154e-05,48246990000000.0,2025-05-20
1747785600000,1.3155e-05,1.4633e-05,1.2792e-05,1.3638e-05,78398789000000.0,2025-05-21
1747872000000,1.364e-05,1.5548e-05,1.362e-05,1.5518e-05,59214329000000.0,2025-05-22
1747958400000,1.5521e-05,1.6327e-05,1.3555e-05,1.3794e-05,81354424000000.0,2025-05-23
1748044800000,1.3793e-05,1.4202e-05,1.3561e-05,1.3765e-05,43857861000000.0,2025-05-24
1748131200000,1.3763e-05,1.3995e-05,1.2618e-05,1.3597e-05,64842980000000.0,2025-05-25
1748217600000,1.3594e-05,1.4454e-05,1.3473e-05,1.3842e-05,74899754000000.0,2025-05-26
1748304000000,1.3843e-05,1.4322e-05,1.3334e-05,1.389e-05,61180893000000.0,2025-05-27
1748390400000,1.389e-05,1.4185e-05,1.3356e-05,1.399e-05,48795997000000.0,2025-05-28
1748476800000,1.3991e-05,1.5131e-05,1.335e-05,1.343e-05,73171332000000.0,2025-05-29
1748563200000,1.343e-05,1.355e-05,1.147e-05,1.16e-05,79471456000000.0,2025-05-30
1748649600000,1.16e-05,1.185e-05,1.0937e-05,1.1637e-05,66277795000000.0,2025-05-31
1748736000000,1.1636e-05,1.2033e-05,1.1271e-05,1.1797e-05,45251209000000.0,2025-06-01
1748822400000,1.1798e-05,1.2419e-05,1.1391e-05,1.235e-05,53661146000000.0,2025-06-02
1748908800000,1.2349e-05,1.2957e-05,1.2148e-05,1.2249e-05,56705658000000.0,2025-06-03
1748995200000,1.2248e-05,1.2615e-05,1.1744e-05,1.1822e-05,43665087000000.0,2025-06-04
1749081600000,1.1822e-05,1.2064e-05,1.0357e-05,1.0637e-05,85448079000000.0,2025-06-05
1749168000000,1.0637e-05,1.1508e-05,1.0541e-05,1.1048e-05,55302243000000.0,2025-06-06
1749254400000,1.1048e-05,1.1617e-05,1.0945e-05,1.15e-05,40448025000000.0,2025-06-07
1749340800000,1.15e-05,1.207e-05,1.128e-05,1.1669e-05,40689941000000.0,2025-06-08
1749427200000,1.1669e-05,1.2718e-05,1.1389e-05,1.2649e-05,60657319000000.0,2025-06-09
1749513600000,1.265e-05,1.3621e-05,1.2414e-05,1.3112e-05,85490487000000.0,2025-06-10
1749600000000,1.3113e-05,1.3448e-05,1.218e-05,1.2471e-05,68481050000000.0,2025-06-11
1749686400000,1.2472e-05,1.2589e-05,1.1362e-05,1.1498e-05,68386447000000.0,2025-06-12
1749772800000,1.1498e-05,1.1512e-05,1.0442e-05,1.121e-05,108361537000000.0,2025-06-13
1749859200000,1.1211e-05,1.1309e-05,1.0682e-05,1.0933e-05,42624657000000.0,2025-06-14
1749945600000,1.0934e-05,1.1316e-05,1.0794e-05,1.1105e-05,44616269000000.0,2025-06-15
1750032000000,1.1106e-05,1.156e-05,1.0538e-05,1.0586e-05,70805808000000.0,2025-06-16
1750118400000,1.0585e-05,1.0766e-05,9.645e-06,1.0127e-05,84748963000000.0,2025-06-17
1750204800000,1.0127e-05,1.0399e-05,9.742e-06,1.0332e-05,68640319000000.0,2025-06-18
1750291200000,1.0334e-05,1.0486e-05,1.0136e-05,1.0294e-05,38970815000000.0,2025-06-19
1750377600000,1.0295e-05,1.052e-05,9.453e-06,9.838e-06,70517434000000.0,2025-06-20
1750464000000,9.837e-06,1.0113e-05,8.896e-06,9.269e-06,62989650000000.0,2025-06-21
1750550400000,9.269e-06,9.471e-06,8.293e-06,8.872e-06,96181320000000.0,2025-06-22
1750636800000,8.871e-06,1.0008e-05,8.662e-06,9.899e-06,83409699000000.0,2025-06-23
1750723200000,9.899e-06,1.0288e-05,9.75e-06,1.0053e-05,59227024000000.0,2025-06-24
1750809600000,1.0053e-05,1.0169e-05,9.37e-06,9.458e-06,55521592000000.0,2025-06-25
1750896000000,9.458e-06,9.738e-06,9.104e-06,9.154e-06,56491626000000.0,2025-06-26
1750982400000,9.154e-06,9.375e-06,8.917e-06,9.171e-06,50201818000000.0,2025-06-27
1751068800000,9.171e-06,9.614e-06,9.133e-06,9.547e-06,27828190000000.0,2025-06-28
1751155200000,9.547e-06,1.048e-05,9.426e-06,1.0388e-05,41985922000000.0,2025-06-29
1751241600000,1.0388e-05,1.0435e-05,9.571e-06,9.739e-06,56443897000000.0,2025-06-30
1751328000000,9.74e-06,9.824e-06,9.152e-06,9.252e-06,43632868000000.0,2025-07-01
1751414400000,9.253e-06,1.0373e-05,9.178e-06,1.0058e-05,66349902000000.0,2025-07-02
1751500800000,1.0058e-05,1.0788e-05,9.884e-06,1.012e-05,75711045000000.0,2025-07-03
1751587200000,1.012e-05,1.0265e-05,9.424e-06,9.638e-06,58481477000000.0,2025-07-04
1751673600000,9.638e-06,9.917e-06,9.508e-06,9.687e-06,34848394000000.0,2025-07-05
1751760000000,9.688e-06,1.0322e-05,9.558e-06,1.0018e-05,58980555000000.0,2025-07-06
1751846400000,1.0018e-05,1.0269e-05,9.703e-06,9.905e-06,54774582000000.0,2025-07-07
1751932800000,9.906e-06,1.0292e-05,9.713e-06,1.0189e-05,48060451000000.0,2025-07-08
1752019200000,1.0189e-05,1.1349e-05,9.997e-06,1.1047e-05,74327233000000.0,2025-07-09
1752105600000,1.1047e-05,1.2544e-05,1.0885e-05,1.2403e-05,89612712000000.0,2025-07-10
1752192000000,1.2404e-05,1.3287e-05,1.2023e-05,1.2361e-05,116222989000000.0,2025-07-11
1752278400000,1.2363e-05,1.2572e-05,1.1833e-05,1.2241e-05,58421816000000.0,2025-07-12
1752364800000,1.2242e-05,1.2693e-05,1.2074e-05,1.2289e-05,54151328000000.0,2025-07-13
1752451200000,1.229e-05,1.3375e-05,1.2017e-05,1.2221e-05,77347090000000.0,2025-07-14
1752537600000,1.2222e-05,1.2907e-05,1.1636e-05,1.2854e-05,74558152000000.0,2025-07-15
1752624000000,1.2853e-05,1.4117e-05,1.2486e-05,1.3541e-05,78989502000000.0,2025-07-16
1752710400000,1.3542e-05,1.3849e-05,1.2806e-05,1.3369e-05,81190035000000.0,2025-07-17
1752796800000,1.3369e-05,1.4348e-05,1.265e-05,1.2994e-05,92093328000000.0,2025-07-18
1752883200000,1.2995e-05,1.3545e-05,1.2655e-05,1.3434e-05,46059700000000.0,2025-07-19
1752969600000,1.3435e-05,1.4632e-05,1.3321e-05,1.403e-05,64226463000000.0,2025-07-20
1753056000000,1.4031e-05,1.4556e-05,1.3626e-05,1.4108e-05,69595004000000.0,2025-07-21
1753142400000,1.4109e-05,1.4768e-05,1.3477e-05,1.4177e-05,79488191000000.0,2025-07-22
1753228800000,1.4176e-05,1.4189e-05,1.216e-05,1.2731e-05,79870384000000.0,2025-07-23
1753315200000,1.2732e-05,1.3042e-05,1.1851e-05,1.2391e-05,67554855000000.0,2025-07-24
1753401600000,1.2391e-05,1.2569e-05,1.1723e-05,1.2553e-05,62533317000000.0,2025-07-25
1753488000000,1.2554e-05,1.2775e-05,1.233e-05,1.2409e-05,27300388000000.0,2025-07-26
1753574400000,1.2408e-05,1.2969e-05,1.2377e-05,1.2788e-05,33215169000000.0,2025-07-27
1753660800000,1.2788e-05,1.314e-05,1.1806e-05,1.1902e-05,55201775000000.0,2025-07-28
1753747200000,1.1902e-05,1.2136e-05,1.1243e-05,1.1521e-05,57154667000000.0,2025-07-29
1753833600000,1.1522e-05,1.1612e-05,1.0685e-05,1.1334e-05,55156911000000.0,2025-07-30
1753920000000,1.1334e-05,1.1649e-05,1.0674e-05,1.0772e-05,43619329000000.0,2025-07-31
1754006400000,1.0772e-05,1.0819e-05,1.0035e-05,1.0378e-05,71132842000000.0,2025-08-01
1754092800000,1.0379e-05,1.0635e-05,9.86e-06,1.0125e-05,41540717000000.0,2025-08-02
1754179200000,1.0126e-05,1.0552e-05,9.989e-06,1.0448e-05,22152120000000.0,2025-08-03
1754265600000,1.0448e-05,1.0819e-05,1.0328e-05,1.0747e-05,30779994000000.0,2025-08-04
1754352000000,1.0746e-05,1.0788e-05,9.974e-06,1.0193e-05,37716844000000.0,2025-08-05
1754438400000,1.0193e-05,1.0602e-05,9.955e-06,1.0549e-05,32280635000000.0,2025-08-06
1754524800000,1.0549e-05,1.1137e-05,1.046e-05,1.1113e-05,35583599000000.0,2025-08-07
1754611200000,1.1112e-05,1.2027e-05,1.0954e-05,1.182e-05,54905004000000.0,2025-08-08
1754697600000,1.182e-05,1.265e-05,1.164e-05,1.2403e-05,47253188000000.0,2025-08-09
1754784000000,1.2403e-05,1.2646e-05,1.1786e-05,1.2068e-05,42895812000000.0,2025-08-10
1754870400000,1.2068e-05,1.2427e-05,1.1124e-05,1.1223e-05,58962375000000.0,2025-08-11
1754956800000,1.1222e-05,1.2354e-05,1.1062e-05,1.2138e-05,53405000000000.0,2025-08-12
1755043200000,1.2138e-05,1.2513e-05,1.1972e-05,1.2258e-05,62146657000000.0,2025-08-13
1755129600000,1.226e-05,1.2691e-05,1.0808e-05,1.1041e-05,82329169000000.0,2025-08-14
1755216000000,1.1043e-05,1.1273e-05,1.0515e-05,1.0801e-05,49141587000000.0,2025-08-15
1755302400000,1.08e-05,1.1106e-05,1.0775e-05,1.1081e-05,22245628000000.0,2025-08-16
1755388800000,1.1082e-05,1.1541e-05,1.0981e-05,1.1114e-05,26873847000000.0,2025-08-17
1755475200000,1.1113e-05,1.1133e-05,1.0549e-05,1.0681e-05,41572768000000.0,2025-08-18
1755561600000,1.068e-05,1.0846e-05,1.0147e-05,1.0199e-05,44808841000000.0,2025-08-19
1755648000000,1.0198e-05,1.0721e-05,1.0018e-05,1.0666e-05,36326845000000.0,2025-08-20
1755734400000,1.0667e-05,1.0757e-05,1.0194e-05,1.0397e-05,27067614000000.0,2025-08-21
1755820800000,1.0396e-05,1.1704e-05,9.805e-06,1.1581e-05,68730430000000.0,2025-08-22
1755907200000,1.1582e-05,1.1626e-05,1.0983e-05,1.1256e-05,29955320000000.0,2025-08-23
1755993600000,1.1256e-05,1.1483e-05,1.0654e-05,1.0831e-05,53668850000000.0,2025-08-24
1756080000000,1.083e-05,1.1077e-05,9.561e-06,9.748e-06,58504973000000.0,2025-08-25
1756166400000,9.748e-06,1.0189e-05,9.664e-06,1.0084e-05,33249989000000.0,2025-08-26
1756252800000,1.0085e-05,1.0295e-05,9.944e-06,1.0025e-05,36704790000000.0,2025-08-27
1756339200000,1.0024e-05,1.0272e-05,9.912e-06,1.0214e-05,23861643000000.0,2025-08-28
1756425600000,1.0214e-05,1.026e-05,9.482e-06,9.772e-06,40631189000000.0,2025-08-29
1756512000000,9.773e-06,1.005e-05,9.678e-06,9.832e-06,18710682000000.0,2025-08-30
1756598400000,9.833e-06,1.0009e-05,9.627e-06,9.641e-06,18014595000000.0,2025-08-31
1756684800000,9.642e-06,9.947e-06,9.116e-06,9.455e-06,45450912000000.0,2025-09-01
1756771200000,9.456e-06,9.813e-06,9.337e-06,9.786e-06,31390817000000.0,2025-09-02
1756857600000,9.786e-06,1.0031e-05,9.681e-06,9.871e-06,20668608000000.0,2025-09-03
1756944000000,9.871e-06,9.966e-06,9.361e-06,9.444e-06,23366842000000.0,2025-09-04
1757030400000,9.444e-06,9.89e-06,9.411e-06,9.748e-06,31642895000000.0,2025-09-05
1757116800000,9.748e-06,9.809e-06,9.538e-06,9.635e-06,11443059000000.0,2025-09-06
1757203200000,9.636e-06,9.95e-06,9.628e-06,9.881e-06,12941690000000.0,2025-09-07
1757289600000,9.881e-06,1.0361e-05,9.815e-06,1.0307e-05,27224093000000.0,2025-09-08
1757376000000,1.0307e-05,1.0844e-05,1.0136e-05,1.0316e-05,33515375000000.0,2025-09-09
1757462400000,1.0317e-05,1.068e-05,1.0214e-05,1.0529e-05,24424336000000.0,2025-09-10
1757548800000,1.0528e-05,1.0715e-05,1.0355e-05,1.0693e-05,21001603000000.0,2025-09-11
1757635200000,1.0693e-05,1.1664e-05,1.0394e-05,1.154e-05,46581192000000.0,2025-09-12
1757721600000,1.1541e-05,1.2711e-05,1.146e-05,1.1917e-05,65873644000000.0,2025-09-13
1757808000000,1.1916e-05,1.1984e-05,1.1135e-05,1.1552e-05,42037346000000.0,2025-09-14
1757894400000,1.1551e-05,1.1675e-05,1.0555e-05,1.0768e-05,47011224000000.0,2025-09-15
1757980800000,1.0768e-05,1.1088e-05,1.0577e-05,1.1073e-05,31002798000000.0,2025-09-16
1758067200000,1.1073e-05,1.1504e-05,1.0712e-05,1.1406e-05,46510488000000.0,2025-09-17
1758153600000,1.1406e-05,1.165e-05,1.1211e-05,1.1443e-05,33153923000000.0,2025-09-18
1758240000000,1.1442e-05,1.1491e-05,1.0658e-05,1.0752e-05,32981657000000.0,2025-09-19
1758326400000,1.0752e-05,1.0843e-05,1.0531e-05,1.0713e-05,19764551000000.0,2025-09-20
1758412800000,1.0712e-05,1.078e-05,1.0374e-05,1.0407e-05,18300521000000.0,2025-09-21
1758499200000,1.0407e-05,1.0473e-05,9.311e-06,9.655e-06,53476211000000.0,2025-09-22
1758585600000,9.654e-06,9.839e-06,9.409e-06,9.567e-06,27117940000000.0,2025-09-23
1758672000000,9.566e-06,9.848e-06,9.317e-06,9.633e-06,23052815000000.0,2025-09-24
1758758400000,9.633e-06,9.66e-06,8.856e-06,9.068e-06,52903176000000.0,2025-09-25
1758844800000,9.067e-06,9.455e-06,9.026e-06,9.373e-06,30558360000000.0,2025-09-26
1758931200000,9.374e-06,9.437e-06,9.199e-06,9.238e-06,12712616000000.0,2025-09-27
1759017600000,9.238e-06,9.466e-06,9.027e-06,9.425e-06,18130302000000.0,2025-09-28
1759104000000,9.424e-06,9.507e-06,9.071e-06,9.389e-06,23285229000000.0,2025-09-29
1759190400000,9.388e-06,9.427e-06,8.956e-06,9.318e-06,27168613000000.0,2025-09-30
1759276800000,9.319e-06,9.798e-06,9.232e-06,9.774e-06,26093858000000.0,2025-10-01
1759363200000,9.774e-06,1.0332e-05,9.747e-06,1.0213e-05,33715140000000.0,2025-10-02
1759449600000,1.0213e-05,1.0394e-05,9.838e-06,1.011e-05,31378719000000.0,2025-10-03
1759536000000,1.011e-05,1.0222e-05,9.525e-06,9.754e-06,25258695000000.0,2025-10-04
1759622400000,9.755e-06,1.018e-05,9.675e-06,9.791e-06,34799848000000.0,2025-10-05
1759708800000,9.791e-06,1.0367e-05,9.662e-06,1.0204e-05,30502343000000.0,2025-10-06
1759795200000,1.0205e-05,1.0267e-05,9.421e-06,9.465e-06,39779475000000.0,2025-10-07
1759881600000,9.465e-06,9.741e-06,9.221e-06,9.561e-06,35054953000000.0,2025-10-08
1759968000000,9.563e-06,9.573e-06,8.988e-06,9.25e-06,29883732000000.0,2025-10-09
1760054400000,9.251e-06,9.389e-06,2.742e-06,6.662e-06,117101206000000.0,2025-10-10
1760140800000,6.661e-06,7.371e-06,6.493e-06,6.719e-06,71029065000000.0,2025-10-11
1760227200000,6.719e-06,7.722e-06,6.519e-06,7.48e-06,75158266000000.0,2025-10-12
1760313600000,7.481e-06,7.975e-06,7.285e-06,7.84e-06,73321188000000.0,2025-10-13
1760400000000,7.838e-06,7.903e-06,7.06e-06,7.514e-06,70594829000000.0,2025-10-14
1760486400000,7.515e-06,7.655e-06,7.029e-06,7.176e-06,42068769000000.0,2025-10-15
1760572800000,7.178e-06,7.307e-06,6.738e-06,6.867e-06,52896518000000.0,2025-10-16
1760659200000,6.867e-06,6.956e-06,6.29e-06,6.647e-06,62259414000000.0,2025-10-17
1760745600000,6.647e-06,6.844e-06,6.634e-06,6.744e-06,19711566000000.0,2025-10-18
1760832000000,6.743e-06,7.133e-06,6.651e-06,6.991e-06,35843373000000.0,2025-10-19
1760918400000,6.99e-06,7.319e-06,6.834e-06,7.151e-06,34730869000000.0,2025-10-20
1761004800000,7.152e-06,7.374e-06,6.827e-06,6.912e-06,51004143000000.0,2025-10-21
1761091200000,6.912e-06,6.964e-06,6.439e-06,6.712e-06,49607185000000.0,2025-10-22
1761177600000,6.713e-06,7.022e-06,6.695e-06,6.945e-06,27200434000000.0,2025-10-23
1761264000000,6.946e-06,7.25e-06,6.921e-06,7.169e-06,31880131000000.0,2025-10-24
1761350400000,7.168e-06,7.211e-06,7.079e-06,7.149e-06,12925762000000.0,2025-10-25
1761436800000,7.15e-06,7.464e-06,7.018e-06,7.321e-06,27104664000000.0,2025-10-26
1761523200000,7.321e-06,7.428e-06,7.047e-06,7.126e-06,29078691000000.0,2025-10-27
1761609600000,7.127e-06,7.319e-06,6.824e-06,6.982e-06,30498074000000.0,2025-10-28
1761696000000,6.981e-06,7.232e-06,6.791e-06,7.022e-06,43922786000000.0,2025-10-29
1761782400000,7.022e-06,7.088e-06,6.254e-06,6.435e-06,49975593000000.0,2025-10-30
1761868800000,6.435e-06,6.653e-06,6.411e-06,6.56e-06,28354526000000.0,2025-10-31
1761955200000,6.559e-06,6.73e-06,6.505e-06,6.691e-06,13490225000000.0,2025-11-01
1762041600000,6.691e-06,6.753e-06,6.495e-06,6.697e-06,15361325000000.0,2025-11-02
1762128000000,6.698e-06,6.708e-06,5.494e-06,5.713e-06,68854588000000.0,2025-11-03
1762214400000,5.715e-06,5.856e-06,5.208e-06,5.593e-06,73573016000000.0,2025-11-04
1762300800000,5.594e-06,5.817e-06,5.296e-06,5.757e-06,30234889000000.0,2025-11-05
1762387200000,5.757e-06,5.77e-06,5.273e-06,5.539e-06,29536574000000.0,2025-11-06
1762473600000,5.539e-06,6.361e-06,5.509e-06,6.193e-06,39665196000000.0,2025-11-07
1762560000000,6.192e-06,6.299e-06,5.943e-06,6.087e-06,24349591000000.0,2025-11-08
1762646400000,6.088e-06,6.175e-06,5.831e-06,6.064e-06,22192589000000.0,2025-11-09
1762732800000,6.064e-06,6.323e-06,6.003e-06,6.217e-06,22183139000000.0,2025-11-10
1762819200000,6.218e-06,6.348e-06,5.817e-06,5.836e-06,26124519000000.0,2025-11-11
1762905600000,5.836e-06,6.097e-06,5.645e-06,5.713e-06,30206595000000.0,2025-11-12
1762992000000,5.712e-06,5.987e-06,5.28e-06,5.42e-06,36721034000000.0,2025-11-13
1763078400000,5.42e-06,5.457e-06,4.781e-06,4.904e-06,61505794000000.0,2025-11-14
1763164800000,4.904e-06,5.144e-06,4.892e-06,4.981e-06,22112112000000.0,2025-11-15
1763251200000,4.981e-06,5.052e-06,4.675e-06,4.865e-06,40907962000000.0,2025-11-16
1763337600000,4.865e-06,5.069e-06,4.621e-06,4.717e-06,42436769000000.0,2025-11-17
1763424000000,4.718e-06,4.948e-06,4.607e-06,4.867e-06,31904179000000.0,2025-11-18
1763510400000,4.866e-06,4.893e-06,4.455e-06,4.763e-06,40587327000000.0,2025-11-19
1763596800000,4.764e-06,4.965e-06,4.432e-06,4.448e-06,48181830000000.0,2025-11-20
1763683200000,4.447e-06,4.555e-06,3.953e-06,4.117e-06,86177418000000.0,2025-11-21
1763769600000,4.118e-06,4.192e-06,3.963e-06,4.122e-06,32698395000000.0,2025-11-22
1763856000000,4.121e-06,4.249e-06,4.094e-06,4.16e-06,23960593000000.0,2025-11-23
1763942400000,4.16e-06,4.658e-06,4.103e-06,4.561e-06,46242365000000.0,2025-11-24
1764028800000,4.56e-06,4.649e-06,4.345e-06,4.574e-06,32922106000000.0,2025-11-25
1764115200000,4.574e-06,4.756e-06,4.429e-06,4.693e-06,32911066000000.0,2025-11-26
1764201600000,4.693e-06,4.844e-06,4.624e-06,4.709e-06,20069379000000.0,2025-11-27
1764288000000,4.71e-06,4.896e-06,4.574e-06,4.627e-06,36115933000000.0,2025-11-28
1764374400000,4.628e-06,4.648e-06,4.504e-06,4.563e-06,17636117000000.0,2025-11-29
1764460800000,4.564e-06,4.702e-06,4.522e-06,4.532e-06,21221710000000.0,2025-11-30
1764547200000,4.531e-06,4.55e-06,3.954e-06,4.051e-06,52689228000000.0,2025-12-01
1764633600000,4.051e-06,4.639e-06,3.986e-06,4.564e-06,46057943000000.0,2025-12-02
1764720000000,4.564e-06,4.866e-06,4.543e-06,4.798e-06,44138844000000.0,2025-12-03
1764806400000,4.799e-06,4.937e-06,4.689e-06,4.76e-06,36002129000000.0,2025-12-04
1764892800000,4.76e-06,4.824e-06,4.309e-06,4.387e-06,38474528000000.0,2025-12-05
1764979200000,4.387e-06,4.57e-06,4.329e-06,4.51e-06,19468062000000.0,2025-12-06
1765065600000,4.511e-06,4.599e-06,4.294e-06,4.422e-06,32100796000000.0,2025-12-07
1765152000000,4.422e-06,5.038e-06,4.402e-06,4.749e-06,40201943000000.0,2025-12-08
1765238400000,4.75e-06,5.06e-06,4.553e-06,4.948e-06,45656811000000.0,2025-12-09
1765324800000,4.947e-06,4.964e-06,4.603e-06,4.643e-06,44591168000000.0,2025-12-10
1765411200000,4.642e-06,4.698e-06,4.366e-06,4.593e-06,35527818000000.0,2025-12-11
1765497600000,4.593e-06,4.648e-06,4.205e-06,4.324e-06,36355649000000.0,2025-12-12
1765584000000,4.325e-06,4.445e-06,4.323e-06,4.38e-06,14150475000000.0,2025-12-13
1765670400000,4.379e-06,4.405e-06,4.105e-06,4.169e-06,24916421000000.0,2025-12-14
1765756800000,4.169e-06,4.372e-06,3.919e-06,4.065e-06,40276173000000.0,2025-12-15
1765843200000,4.066e-06,4.149e-06,3.94e-06,4.092e-06,33907057000000.0,2025-12-16
1765929600000,4.092e-06,4.252e-06,3.838e-06,3.899e-06,45356445000000.0,2025-12-17
1766016000000,3.898e-06,4.005e-06,3.633e-06,3.714e-06,50650686000000.0,2025-12-18
1766102400000,3.714e-06,4.175e-06,3.66e-06,4.111e-06,49959885000000.0,2025-12-19
1766188800000,4.11e-06,4.145e-06,4.043e-06,4.076e-06,17161875000000.0,2025-12-20
1766275200000,4.076e-06,4.115e-06,3.939e-06,4.024e-06,27391482000000.0,2025-12-21
1766361600000,4.024e-06,4.144e-06,3.912e-06,4.018e-06,33564800000000.0,2025-12-22
1766448000000,4.018e-06,4.055e-06,3.857e-06,3.932e-06,24539259000000.0,2025-12-23
1766534400000,3.933e-06,4.005e-06,3.837e-06,3.973e-06,20074740000000.0,2025-12-24
1766620800000,3.972e-06,4.058e-06,3.872e-06,3.893e-06,18377996000000.0,2025-12-25
1766707200000,3.892e-06,4.09e-06,3.867e-06,4.031e-06,26427433000000.0,2025-12-26
1766793600000,4.032e-06,4.214e-06,4.012e-06,4.194e-06,20585678000000.0,2025-12-27
1766880000000,4.194e-06,4.262e-06,4.124e-06,4.174e-06,18254346000000.0,2025-12-28
1766966400000,4.175e-06,4.326e-06,4.046e-06,4.068e-06,32110754000000.0,2025-12-29
1767052800000,4.067e-06,4.219e-06,3.986e-06,4.137e-06,22567244000000.0,2025-12-30
1767139200000,4.138e-06,4.17e-06,3.97e-06,4.03e-06,23315367000000.0,2025-12-31
1767225600000,4.031e-06,4.969e-06,4.03e-06,4.919e-06,57628502000000.0,2026-01-01
1767312000000,4.918e-06,6.159e-06,4.806e-06,5.998e-06,186961709000000.0,2026-01-02
1767398400000,5.999e-06,6.319e-06,5.737e-06,6.102e-06,115046265000000.0,2026-01-03
1767484800000,6.103e-06,7.27e-06,6.082e-06,7.169e-06,163643557000000.0,2026-01-04
1767571200000,7.17e-06,7.25e-06,6.571e-06,7.001e-06,110786390000000.0,2026-01-05
1767657600000,7.001e-06,7.109e-06,6.334e-06,6.708e-06,100610656000000.0,2026-01-06
1767744000000,6.706e-06,7.1e-06,6.447e-06,6.56e-06,92818616000000.0,2026-01-07
1767830400000,6.561e-06,6.704e-06,5.993e-06,6.084e-06,84225883000000.0,2026-01-08
1767916800000,6.083e-06,6.425e-06,5.935e-06,6.108e-06,82011421000000.0,2026-01-09
1768003200000,6.108e-06,6.115e-06,5.867e-06,5.941e-06,30535949000000.0,2026-01-10
1768089600000,5.941e-06,6.064e-06,5.69e-06,5.806e-06,40329252000000.0,2026-01-11
1768176000000,5.805e-06,6.044e-06,5.705e-06,5.727e-06,64227830000000.0,2026-01-12
1768262400000,5.728e-06,6.614e-06,5.694e-06,6.571e-06,74429304000000.0,2026-01-13
1768348800000,6.571e-06,6.884e-06,6.147e-06,6.241e-06,86098423000000.0,2026-01-14
1768435200000,6.241e-06,6.26e-06,5.853e-06,5.908e-06,55725337000000.0,2026-01-15
1768521600000,5.909e-06,6.002e-06,5.72e-06,5.923e-06,41436241000000.0,2026-01-16
1768608000000,5.924e-06,5.959e-06,5.75e-06,5.797e-06,22854759000000.0,2026-01-17
1768694400000,5.796e-06,5.837e-06,5.448e-06,5.461e-06,36097169000000.0,2026-01-18
1768780800000,5.46e-06,5.46e-06,4.86e-06,5.273e-06,60433592000000.0,2026-01-19
1768867200000,5.273e-06,5.279e-06,4.954e-06,4.984e-06,47855791000000.0,2026-01-20
1768953600000,4.984e-06,5.343e-06,4.813e-06,5.138e-06,65767665000000.0,2026-01-21
1769040000000,5.138e-06,5.243e-06,4.847e-06,4.949e-06,37210899000000.0,2026-01-22
1769126400000,4.948e-06,5.306e-06,4.858e-06,5.022e-06,39215030000000.0,2026-01-23
1769212800000,5.022e-06,5.123e-06,4.929e-06,5e-06,17667146000000.0,2026-01-24
1769299200000,4.999e-06,5.045e-06,4.607e-06,4.706e-06,41499558000000.0,2026-01-25
1769385600000,4.705e-06,5.034e-06,4.698e-06,5.005e-06,41490087000000.0,2026-01-26
1769472000000,5.005e-06,5.258e-06,4.83e-06,5.023e-06,48184048000000.0,2026-01-27
1769558400000,5.023e-06,5.107e-06,4.911e-06,4.978e-06,34898693000000.0,2026-01-28
1769644800000,4.979e-06,4.99e-06,4.592e-06,4.73e-06,48221244000000.0,2026-01-29
1769731200000,4.73e-06,4.774e-06,4.498e-06,4.634e-06,60129326000000.0,2026-01-30
1769817600000,4.635e-06,4.636e-06,3.819e-06,4.145e-06,80576289000000.0,2026-01-31
1769904000000,4.145e-06,4.321e-06,4.067e-06,4.157e-06,47773274000000.0,2026-02-01
1769990400000,4.156e-06,4.38e-06,3.973e-06,4.247e-06,57146623000000.0,2026-02-02
1770076800000,4.246e-06,4.41e-06,3.994e-06,4.12e-06,63140682000000.0,2026-02-03
1770163200000,4.119e-06,4.318e-06,3.995e-06,4.202e-06,59712642000000.0,2026-02-04
1770249600000,4.202e-06,4.208e-06,3.401e-06,3.427e-06,111883489000000.0,2026-02-05
1770336000000,3.427e-06,3.993e-06,3.098e-06,3.91e-06,97778211000000.0,2026-02-06
1770422400000,3.91e-06,3.94e-06,3.734e-06,3.861e-06,59769856000000.0,2026-02-07
1770508800000,3.862e-06,3.914e-06,3.704e-06,3.774e-06,31118688000000.0,2026-02-08
1770595200000,3.775e-06,3.855e-06,3.619e-06,3.813e-06,35574931000000.0,2026-02-09
1770681600000,3.814e-06,3.842e-06,3.588e-06,3.647e-06,31621052000000.0,2026-02-10
1770768000000,3.646e-06,3.737e-06,3.457e-06,3.563e-06,40847155000000.0,2026-02-11
1770854400000,3.563e-06,3.767e-06,3.562e-06,3.716e-06,37571491000000.0,2026-02-12
1770940800000,3.716e-06,3.841e-06,3.629e-06,3.774e-06,34452555000000.0,2026-02-13
1771027200000,3.774e-06,5e-06,3.757e-06,4.832e-06,89877679000000.0,2026-02-14
1771113600000,4.831e-06,5.094e-06,4.338e-06,4.411e-06,126561432000000.0,2026-02-15
1771200000000,4.411e-06,4.574e-06,4.352e-06,4.475e-06,63965872000000.0,2026-02-16
1771286400000,4.476e-06,4.517e-06,4.275e-06,4.394e-06,44291089000000.0,2026-02-17
1771372800000,4.394e-06,4.429e-06,4.175e-06,4.232e-06,31984292000000.0,2026-02-18
1771459200000,4.233e-06,4.276e-06,4.107e-06,4.226e-06,26091251000000.0,2026-02-19
1771545600000,4.227e-06,4.388e-06,4.056e-06,4.255e-06,44072449000000.0,2026-02-20
1771632000000,4.255e-06,4.409e-06,4.122e-06,4.149e-06,28371479000000.0,2026-02-21
1771718400000,4.15e-06,4.151e-06,3.985e-06,4.051e-06,23320895000000.0,2026-02-22
1771804800000,4.051e-06,4.208e-06,3.845e-06,3.965e-06,47095196000000.0,2026-02-23
1771891200000,3.966e-06,4.016e-06,3.835e-06,3.944e-06,34465064000000.0,2026-02-24
1771977600000,3.944e-06,4.453e-06,3.883e-06,4.134e-06,75667961000000.0,2026-02-25
1772064000000,4.135e-06,4.177e-06,3.772e-06,3.821e-06,52503377000000.0,2026-02-26
1772150400000,3.822e-06,3.914e-06,3.586e-06,3.68e-06,48197427000000.0,2026-02-27
1772236800000,3.681e-06,3.696e-06,3.411e-06,3.653e-06,54835467000000.0,2026-02-28
1772323200000,3.652e-06,3.789e-06,3.356e-06,3.447e-06,63337045000000.0,2026-03-01
1772409600000,3.448e-06,3.699e-06,3.363e-06,3.514e-06,64258057000000.0,2026-03-02
1772496000000,3.514e-06,3.549e-06,3.334e-06,3.458e-06,56362646000000.0,2026-03-03
1772582400000,3.457e-06,3.789e-06,3.388e-06,3.649e-06,70385680000000.0,2026-03-04
1772668800000,3.649e-06,3.655e-06,3.403e-06,3.473e-06,56440841000000.0,2026-03-05
1772755200000,3.473e-06,3.525e-06,3.292e-06,3.385e-06,44811854000000.0,2026-03-06
1772841600000,3.385e-06,3.421e-06,3.185e-06,3.243e-06,35680223000000.0,2026-03-07
1772928000000,3.244e-06,3.294e-06,3.119e-06,3.18e-06,37092138000000.0,2026-03-08
1773014400000,3.18e-06,3.389e-06,3.178e-06,3.263e-06,45487000000000.0,2026-03-09
1773100800000,3.262e-06,3.527e-06,3.256e-06,3.297e-06,53730403000000.0,2026-03-10
1773187200000,3.297e-06,3.39e-06,3.242e-06,3.327e-06,29834529000000.0,2026-03-11
1773273600000,3.326e-06,3.393e-06,3.246e-06,3.349e-06,32313256000000.0,2026-03-12
1773360000000,3.348e-06,3.676e-06,3.336e-06,3.368e-06,79739601000000.0,2026-03-13
1773446400000,3.368e-06,3.429e-06,3.295e-06,3.352e-06,25630354000000.0,2026-03-14
1773532800000,3.352e-06,3.461e-06,3.314e-06,3.455e-06,30495956000000.0,2026-03-15
1773619200000,3.454e-06,4.139e-06,3.451e-06,4.007e-06,202109104000000.0,2026-03-16
1773705600000,4.008e-06,4.02e-06,3.623e-06,3.662e-06,84861783000000.0,2026-03-17
1773792000000,3.662e-06,3.799e-06,3.426e-06,3.522e-06,71413821000000.0,2026-03-18
1773878400000,3.522e-06,3.567e-06,3.324e-06,3.411e-06,51231075000000.0,2026-03-19
1773964800000,3.411e-06,3.483e-06,3.365e-06,3.413e-06,36736323000000.0,2026-03-20
1774051200000,3.413e-06,3.458e-06,3.278e-06,3.311e-06,25009702000000.0,2026-03-21
1774137600000,3.31e-06,3.377e-06,3.216e-06,3.274e-06,36081727000000.0,2026-03-22
1774224000000,3.274e-06,3.567e-06,3.239e-06,3.453e-06,81398197000000.0,2026-03-23
1774310400000,3.454e-06,3.537e-06,3.374e-06,3.531e-06,41206948000000.0,2026-03-24
1774396800000,3.532e-06,3.615e-06,3.485e-06,3.539e-06,38501042000000.0,2026-03-25
1774483200000,3.538e-06,3.544e-06,3.356e-06,3.402e-06,32216088000000.0,2026-03-26
1774569600000,3.402e-06,3.437e-06,3.244e-06,3.275e-06,33624988000000.0,2026-03-27
1774656000000,3.275e-06,3.4e-06,3.251e-06,3.281e-06,23625105000000.0,2026-03-28
1774742400000,3.28e-06,3.323e-06,3.162e-06,3.272e-06,27701631000000.0,2026-03-29
1774828800000,3.273e-06,3.416e-06,3.271e-06,3.316e-06,32700185000000.0,2026-03-30
1774915200000,3.317e-06,3.43e-06,3.275e-06,3.404e-06,33124157000000.0,2026-03-31
1775001600000,3.404e-06,3.527e-06,3.36e-06,3.402e-06,39347100000000.0,2026-04-01
1775088000000,3.403e-06,3.442e-06,3.257e-06,3.331e-06,33980578000000.0,2026-04-02
1775174400000,3.331e-06,3.516e-06,3.301e-06,3.416e-06,37636074000000.0,2026-04-03
1775260800000,3.416e-06,3.456e-06,3.339e-06,3.405e-06,19325296000000.0,2026-04-04
1775347200000,3.404e-06,3.492e-06,3.287e-06,3.492e-06,26367623000000.0,2026-04-05
1775433600000,3.493e-06,3.633e-06,3.303e-06,3.318e-06,65382652000000.0,2026-04-06
1775520000000,3.318e-06,3.777e-06,3.31e-06,3.719e-06,63040980000000.0,2026-04-07
1775606400000,3.719e-06,3.784e-06,3.519e-06,3.537e-06,52841863000000.0,2026-04-08
1775692800000,3.538e-06,3.672e-06,3.432e-06,3.514e-06,56001268000000.0,2026-04-09
1775779200000,3.514e-06,3.701e-06,3.463e-06,3.626e-06,50642167000000.0,2026-04-10
1775865600000,3.625e-06,3.849e-06,3.525e-06,3.637e-06,52161937000000.0,2026-04-11
1775952000000,3.638e-06,3.654e-06,3.437e-06,3.457e-06,42351787000000.0,2026-04-12
1776038400000,3.457e-06,3.765e-06,3.451e-06,3.75e-06,56837722000000.0,2026-04-13
1776124800000,3.75e-06,3.797e-06,3.543e-06,3.563e-06,64050542000000.0,2026-04-14
1776211200000,3.564e-06,3.796e-06,3.521e-06,3.719e-06,42649858000000.0,2026-04-15
1776297600000,3.718e-06,4.06e-06,3.695e-06,3.974e-06,118093888000000.0,2026-04-16
1776384000000,3.975e-06,4.119e-06,3.821e-06,3.952e-06,83830411000000.0,2026-04-17
1776470400000,3.952e-06,3.979e-06,3.749e-06,3.772e-06,43723709000000.0,2026-04-18
1776556800000,3.773e-06,3.839e-06,3.615e-06,3.647e-06,54171302000000.0,2026-04-19
1776643200000,3.648e-06,3.844e-06,3.639e-06,3.755e-06,39258923000000.0,2026-04-20
1776729600000,3.755e-06,3.837e-06,3.697e-06,3.815e-06,37243268000000.0,2026-04-21
1776816000000,3.816e-06,3.984e-06,3.783e-06,3.792e-06,46910522000000.0,2026-04-22
1776902400000,3.792e-06,3.848e-06,3.699e-06,3.826e-06,43871484000000.0,2026-04-23
1776988800000,3.827e-06,3.929e-06,3.787e-06,3.862e-06,32578464000000.0,2026-04-24
1777075200000,3.862e-06,3.897e-06,3.777e-06,3.847e-06,22420343000000.0,2026-04-25
1777161600000,3.848e-06,3.947e-06,3.811e-06,3.893e-06,30520130000000.0,2026-04-26
1777248000000,3.894e-06,4.023e-06,3.756e-06,3.905e-06,51932198000000.0,2026-04-27
1777334400000,3.906e-06,3.909e-06,3.806e-06,3.878e-06,32967380000000.0,2026-04-28
1777420800000,3.878e-06,4.156e-06,3.731e-06,3.851e-06,87093277000000.0,2026-04-29
1777507200000,3.852e-06,3.945e-06,3.798e-06,3.872e-06,45564231000000.0,2026-04-30
1777593600000,3.872e-06,4.028e-06,3.871e-06,3.935e-06,41080196000000.0,2026-05-01
1777680000000,3.935e-06,4.006e-06,3.891e-06,3.988e-06,23706216000000.0,2026-05-02
1777766400000,3.989e-06,3.993e-06,3.91e-06,3.939e-06,20865345000000.0,2026-05-03
1777852800000,3.94e-06,4.126e-06,3.898e-06,3.98e-06,63367638000000.0,2026-05-04
1777939200000,3.98e-06,4.228e-06,3.976e-06,4.111e-06,51247914000000.0,2026-05-05
1778025600000,4.111e-06,4.273e-06,4.083e-06,4.16e-06,55572078000000.0,2026-05-06
1778112000000,4.16e-06,4.272e-06,4.073e-06,4.155e-06,50293774000000.0,2026-05-07
1778198400000,4.156e-06,4.367e-06,4.083e-06,4.314e-06,43831865000000.0,2026-05-08
1778284800000,4.314e-06,4.364e-06,4.224e-06,4.244e-06,29632505000000.0,2026-05-09
1778371200000,4.245e-06,4.59e-06,4.193e-06,4.408e-06,54214735000000.0,2026-05-10
1778457600000,4.409e-06,4.424e-06,4.255e-06,4.339e-06,40837661000000.0,2026-05-11
1778544000000,4.338e-06,4.349e-06,4.061e-06,4.141e-06,41018340000000.0,2026-05-12
1778630400000,4.14e-06,4.262e-06,3.981e-06,4.052e-06,39227194000000.0,2026-05-13
1778716800000,4.052e-06,4.215e-06,3.994e-06,4.091e-06,35505950000000.0,2026-05-14
1778803200000,4.091e-06,4.124e-06,3.824e-06,3.904e-06,40747236000000.0,2026-05-15
1778889600000,3.904e-06,3.917e-06,3.694e-06,3.758e-06,26953314000000.0,2026-05-16
1778976000000,3.757e-06,3.803e-06,3.535e-06,3.676e-06,37287316000000.0,2026-05-17
1779062400000,3.676e-06,3.711e-06,3.592e-06,3.694e-06,34626346000000.0,2026-05-18
1779148800000,3.695e-06,3.732e-06,3.619e-06,3.641e-06,18622879000000.0,2026-05-19
1779235200000,3.642e-06,3.759e-06,3.619e-06,3.716e-06,21018304000000.0,2026-05-20
1779321600000,3.716e-06,3.833e-06,3.697e-06,3.8e-06,24029124000000.0,2026-05-21
1779408000000,3.801e-06,3.826e-06,3.566e-06,3.598e-06,32916976000000.0,2026-05-22
1779494400000,3.598e-06,3.752e-06,3.433e-06,3.643e-06,34843707000000.0,2026-05-23
1779580800000,3.643e-06,3.65e-06,3.513e-06,3.576e-06,20839471000000.0,2026-05-24
1779667200000,3.576e-06,3.658e-06,3.543e-06,3.593e-06,18493094000000.0,2026-05-25
1779753600000,3.594e-06,3.648e-06,3.485e-06,3.511e-06,27065255000000.0,2026-05-26
1779840000000,3.511e-06,3.601e-06,3.412e-06,3.469e-06,31364542000000.0,2026-05-27
1779926400000,3.468e-06,3.478e-06,3.275e-06,3.38e-06,36502995000000.0,2026-05-28
1780012800000,3.379e-06,3.456e-06,3.305e-06,3.385e-06,25195979000000.0,2026-05-29
1780099200000,3.385e-06,3.455e-06,3.378e-06,3.408e-06,12754311000000.0,2026-05-30
1780185600000,3.409e-06,3.469e-06,3.337e-06,3.422e-06,17512382000000.0,2026-05-31
1780272000000,3.422e-06,3.449e-06,3.308e-06,3.416e-06,29788944000000.0,2026-06-01
1780358400000,3.417e-06,3.422e-06,3.039e-06,3.11e-06,51816931000000.0,2026-06-02
1780444800000,3.111e-06,3.247e-06,3.042e-06,3.12e-06,41297019000000.0,2026-06-03
1780531200000,3.12e-06,3.143e-06,2.839e-06,2.951e-06,69622881000000.0,2026-06-04
1780617600000,2.951e-06,2.961e-06,2.597e-06,2.691e-06,121742694000000.0,2026-06-05
1780704000000,2.692e-06,2.749e-06,2.506e-06,2.679e-06,62652238000000.0,2026-06-06
1780790400000,2.68e-06,2.89e-06,2.665e-06,2.815e-06,53934706000000.0,2026-06-07
1780876800000,2.814e-06,2.868e-06,2.74e-06,2.812e-06,32619037000000.0,2026-06-08
1780963200000,2.811e-06,2.841e-06,2.688e-06,2.773e-06,37595457000000.0,2026-06-09
1781049600000,2.774e-06,2.806e-06,2.639e-06,2.688e-06,35860660000000.0,2026-06-10
1781136000000,2.689e-06,2.84e-06,2.689e-06,2.785e-06,37423987000000.0,2026-06-11
1781222400000,2.785e-06,2.874e-06,2.75e-06,2.804e-06,33968846000000.0,2026-06-12
1781308800000,2.804e-06,2.884e-06,2.786e-06,2.852e-06,22301922000000.0,2026-06-13
1781395200000,2.852e-06,2.924e-06,2.761e-06,2.916e-06,24194033000000.0,2026-06-14
1781481600000,2.917e-06,3.133e-06,2.876e-06,2.944e-06,43399656000000.0,2026-06-15
1781568000000,2.944e-06,3.011e-06,2.89e-06,2.947e-06,26234714000000.0,2026-06-16
1781654400000,2.948e-06,3.033e-06,2.877e-06,2.945e-06,34003739000000.0,2026-06-17
1781740800000,2.945e-06,2.966e-06,2.768e-06,2.848e-06,29492175000000.0,2026-06-18
1781827200000,2.848e-06,2.871e-06,2.769e-06,2.826e-06,26167816000000.0,2026-06-19
1781913600000,2.826e-06,2.866e-06,2.786e-06,2.836e-06,17324545000000.0,2026-06-20
1782000000000,2.836e-06,2.851e-06,2.779e-06,2.787e-06,14212433000000.0,2026-06-21
1782086400000,2.787e-06,2.91e-06,2.786e-06,2.807e-06,25098864000000.0,2026-06-22
1782172800000,2.807e-06,2.824e-06,2.66e-06,2.692e-06,29453757000000.0,2026-06-23
1782259200000,2.692e-06,2.716e-06,2.415e-06,2.529e-06,47754711000000.0,2026-06-24
1782345600000,2.53e-06,2.563e-06,2.301e-06,2.355e-06,53841597000000.0,2026-06-25
1782432000000,2.355e-06,2.413e-06,2.27e-06,2.385e-06,47253152000000.0,2026-06-26
1782518400000,2.384e-06,2.455e-06,2.354e-06,2.372e-06,20646047000000.0,2026-06-27
1782604800000,2.372e-06,2.41e-06,2.314e-06,2.353e-06,19244517000000.0,2026-06-28
1782691200000,2.353e-06,2.415e-06,2.303e-06,2.352e-06,30188132000000.0,2026-06-29
1782777600000,2.352e-06,2.362e-06,2.287e-06,2.326e-06,25333779000000.0,2026-06-30
1782864000000,2.326e-06,2.397e-06,2.224e-06,2.322e-06,43440153000000.0,2026-07-01
1782950400000,2.322e-06,2.493e-06,2.298e-06,2.442e-06,38959374000000.0,2026-07-02
1783036800000,2.442e-06,2.836e-06,2.429e-06,2.769e-06,46354889000000.0,2026-07-03
1783123200000,2.769e-06,2.869e-06,2.672e-06,2.732e-06,51946699000000.0,2026-07-04
1783209600000,2.733e-06,2.805e-06,2.634e-06,2.753e-06,24278525000000.0,2026-07-05
1783296000000,2.753e-06,2.799e-06,2.607e-06,2.732e-06,31232962000000.0,2026-07-06
1783382400000,2.732e-06,2.76e-06,2.641e-06,2.663e-06,23844030000000.0,2026-07-07
1783468800000,2.662e-06,2.679e-06,2.552e-06,2.603e-06,27429736000000.0,2026-07-08
1783555200000,2.602e-06,2.648e-06,2.557e-06,2.603e-06,16087943000000.0,2026-07-09
1783641600000,2.604e-06,2.879e-06,2.591e-06,2.797e-06,39182892000000.0,2026-07-10
1783728000000,2.797e-06,2.835e-06,2.705e-06,2.707e-06,22429203000000.0,2026-07-11
1783814400000,2.706e-06,2.83e-06,2.675e-06,2.765e-06,19847411000000.0,2026-07-12
1783900800000,2.765e-06,2.818e-06,2.635e-06,2.726e-06,26613680000000.0,2026-07-13
1783987200000,2.727e-06,2.906e-06,2.703e-06,2.813e-06,28531635000000.0,2026-07-14
1784073600000,2.814e-06,2.944e-06,2.749e-06,2.785e-06,40353603000000.0,2026-07-15
1784160000000,2.785e-06,2.8e-06,2.685e-06,2.723e-06,26092997000000.0,2026-07-16
1784246400000,2.722e-06,2.774e-06,2.662e-06,2.74e-06,29579493000000.0,2026-07-17
1784332800000,2.741e-06,2.779e-06,2.705e-06,2.756e-06,14923956000000.0,2026-07-18
1784419200000,2.755e-06,2.872e-06,2.738e-06,2.834e-06,25461734000000.0,2026-07-19
1784505600000,2.834e-06,2.952e-06,2.787e-06,2.918e-06,40720486000000.0,2026-07-20
1784592000000,2.919e-06,2.976e-06,2.855e-06,2.877e-06,25794505000000.0,2026-07-21
1784678400000,2.876e-06,2.928e-06,2.825e-06,2.886e-06,22168397000000.0,2026-07-22
1784764800000,2.886e-06,2.9e-06,2.755e-06,2.78e-06,17626729000000.0,2026-07-23
1784851200000,2.781e-06,2.816e-06,2.683e-06,2.716e-06,18459501000000.0,2026-07-24
1784937600000,2.716e-06,2.815e-06,2.653e-06,2.741e-06,21803739000000.0,2026-07-25
1785024000000,2.74e-06,3.048e-06,2.735e-06,2.977e-06,68262090000000.0,2026-07-26
1785110400000,2.978e-06,3.103e-06,2.808e-06,2.824e-06,52767923000000.0,2026-07-27
1785196800000,2.824e-06,2.844e-06,2.754e-06,2.806e-06,27596669000000.0,2026-07-28
1785283200000,2.806e-06,2.821e-06,2.662e-06,2.724e-06,27530749000000.0,2026-07-29
1785369600000,2.724e-06,2.789e-06,2.703e-06,2.761e-06,18318876000000.0,2026-07-30
1785456000000,2.761e-06,2.824e-06,2.712e-06,2.754e-06,22902359000000.0,2026-07-31
1785542400000,2.754e-06,2.813e-06,2.722e-06,2.774e-06,18220219000000.0,2026-08-01
1785628800000,2.774e-06,2.963e-06,2.773e-06,2.906e-06,27607301000000.0,2026-08-02
1785715200000,2.906e-06,2.959e-06,2.819e-06,2.905e-06,17914169000000.0,2026-08-03
1785801600000,2.905e-06,2.99e-06,2.865e-06,2.885e-06,36015901000000.0,2026-08-04
1785888000000,2.885e-06,2.903e-06,2.833e-06,2.873e-06,21711518000000.0,2026-08-05
1785974400000,2.874e-06,2.896e-06,2.765e-06,2.809e-06,18151167000000.0,2026-08-06
1786060800000,2.808e-06,2.874e-06,2.778e-06,2.809e-06,14163380000000.0,2026-08-07
1786147200000,2.809e-06,2.894e-06,2.802e-06,2.851e-06,12317761000000.0,2026-08-08
1786233600000,2.851e-06,2.962e-06,2.838e-06,2.882e-06,15185822000000.0,2026-08-09
1786320000000,2.881e-06,2.939e-06,2.844e-06,2.875e-06,16605624000000.0,2026-08-10
1786406400000,2.874e-06,2.896e-06,2.766e-06,2.839e-06,19242991000000.0,2026-08-11
1786492800000,2.839e-06,2.863e-06,2.625e-06,2.672e-06,22855503000000.0,2026-08-12
1786579200000,2.672e-06,2.732e-06,2.63e-06,2.686e-06,19448411000000.0,2026-08-13
1786665600000,2.685e-06,2.709e-06,2.611e-06,2.661e-06,13793365000000.0,2026-08-14
1786752000000,2.662e-06,2.673e-06,2.613e-06,2.621e-06,7395342000000.0,2026-08-15
1786838400000,2.622e-06,2.63e-06,2.526e-06,2.569e-06,15677004000000.0,2026-08-16
1786924800000,2.569e-06,2.623e-06,2.55e-06,2.588e-06,14308622000000.0,2026-08-17
1787011200000,2.587e-06,2.62e-06,2.536e-06,2.585e-06,17518196000000.0,2026-08-18
1787097600000,2.585e-06,2.932e-06,2.566e-06,2.875e-06,44575878000000.0,2026-08-19
1787184000000,2.876e-06,3.267e-06,2.873e-06,3.206e-06,85936185000000.0,2026-08-20
1787270400000,3.206e-06,4.238e-06,3.173e-06,4.121e-06,144270273000000.0,2026-08-21
1787356800000,4.121e-06,4.56e-06,3.589e-06,4.07e-06,123965592000000.0,2026-08-22
1787443200000,4.07e-06,4.269e-06,3.835e-06,4.095e-06,60703266000000.0,2026-08-23
1787529600000,4.095e-06,4.207e-06,3.941e-06,4.043e-06,59787729000000.0,2026-08-24
1787616000000,4.042e-06,4.315e-06,3.747e-06,3.819e-06,58280484000000.0,2026-08-25
1787702400000,3.82e-06,3.88e-06,3.643e-06,3.856e-06,38380425000000.0,2026-08-26
1787788800000,3.856e-06,4.013e-06,3.746e-06,3.89e-06,45240353000000.0,2026-08-27
1787875200000,3.89e-06,3.97e-06,3.612e-06,3.691e-06,40154726000000.0,2026-08-28
1787961600000,3.692e-06,3.705e-06,3.591e-06,3.656e-06,14908417000000.0,2026-08-29
1788048000000,3.656e-06,3.806e-06,3.358e-06,3.398e-06,33037512000000.0,2026-08-30
1788134400000,3.399e-06,3.624e-06,3.386e-06,3.555e-06,29954653000000.0,2026-08-31
1788220800000,3.555e-06,3.591e-06,3.431e-06,3.472e-06,26137494000000.0,2026-09-01
1788307200000,3.473e-06,3.503e-06,3.361e-06,3.429e-06,20519671000000.0,2026-09-02
1788393600000,3.428e-06,3.879e-06,3.392e-06,3.711e-06,42251870000000.0,2026-09-03
1788480000000,3.711e-06,3.715e-06,3.631e-06,3.663e-06,4395922000000.0,2026-09-04
