ts,open,high,low,close,volume,date
1658966400000,0.06871,0.07048,0.06747,0.06969,476372000.0,2022-07-28
1659052800000,0.06968,0.07213,0.06813,0.06922,547663000.0,2022-07-29
1659139200000,0.06922,0.07136,0.06891,0.06908,385944000.0,2022-07-30
1659225600000,0.0691,0.07086,0.0686,0.06886,275977000.0,2022-07-31
1659312000000,0.06883,0.07162,0.06827,0.06988,372992000.0,2022-08-01
1659398400000,0.06986,0.07052,0.06774,0.06826,385475000.0,2022-08-02
1659484800000,0.06827,0.06929,0.06717,0.06781,268952000.0,2022-08-03
1659571200000,0.06782,0.06966,0.06758,0.06889,380506000.0,2022-08-04
1659657600000,0.06888,0.07015,0.06805,0.0699,258238000.0,2022-08-05
1659744000000,0.06989,0.07063,0.06915,0.06943,195492000.0,2022-08-06
1659830400000,0.06941,0.07035,0.06906,0.06958,175630000.0,2022-08-07
1659916800000,0.06959,0.07109,0.06951,0.07009,204481000.0,2022-08-08
1660003200000,0.07009,0.07103,0.06819,0.0684,271392000.0,2022-08-09
1660089600000,0.06839,0.07045,0.0678,0.07038,254809000.0,2022-08-10
1660176000000,0.07036,0.07118,0.06994,0.07034,199190000.0,2022-08-11
1660262400000,0.07035,0.07077,0.06927,0.07045,284709000.0,2022-08-12
1660348800000,0.07045,0.07127,0.06956,0.06994,249632000.0,2022-08-13
1660435200000,0.06997,0.07242,0.06944,0.07034,419951000.0,2022-08-14
1660521600000,0.07035,0.0712,0.06815,0.06888,344429000.0,2022-08-15
1660608000000,0.06888,0.0705,0.06831,0.06971,266190000.0,2022-08-16
1660694400000,0.06972,0.07096,0.06729,0.06827,383510000.0,2022-08-17
1660780800000,0.06832,0.06866,0.06722,0.0674,198023000.0,2022-08-18
1660867200000,0.06741,0.06741,0.06385,0.06402,444059000.0,2022-08-19
1660953600000,0.06402,0.0659,0.0639,0.06578,239598000.0,2022-08-20
1661040000000,0.06577,0.06641,0.06454,0.06586,202694000.0,2022-08-21
1661126400000,0.06587,0.06626,0.06451,0.06565,239873000.0,2022-08-22
1661212800000,0.06565,0.06681,0.0648,0.06629,342230000.0,2022-08-23
1661299200000,0.06634,0.06643,0.06467,0.06477,329402000.0,2022-08-24
1661385600000,0.06477,0.06579,0.06463,0.06547,198574000.0,2022-08-25
1661472000000,0.06546,0.06565,0.06133,0.06151,510054000.0,2022-08-26
1661558400000,0.06152,0.06304,0.06106,0.06288,344465000.0,2022-08-27
1661644800000,0.06288,0.06316,0.06132,0.06138,192118000.0,2022-08-28
1661731200000,0.06141,0.06348,0.06088,0.06338,222582000.0,2022-08-29
1661817600000,0.06338,0.06711,0.06285,0.06473,593551000.0,2022-08-30
1661904000000,0.06473,0.06576,0.06313,0.06336,252283000.0,2022-08-31
1661990400000,0.06335,0.06371,0.06205,0.06331,229917000.0,2022-09-01
1662076800000,0.06331,0.06376,0.06226,0.06256,191095000.0,2022-09-02
1662163200000,0.06256,0.0632,0.06235,0.06308,102678000.0,2022-09-03
1662249600000,0.0631,0.06367,0.06248,0.0635,153733000.0,2022-09-04
1662336000000,0.06351,0.06367,0.06242,0.0629,190256000.0,2022-09-05
1662422400000,0.06293,0.06405,0.0604,0.06067,309849000.0,2022-09-06
1662508800000,0.06065,0.06192,0.06,0.06179,175688000.0,2022-09-07
1662595200000,0.06179,0.06192,0.06002,0.06124,260565000.0,2022-09-08
1662681600000,0.06124,0.06378,0.06109,0.06343,237655000.0,2022-09-09
1662768000000,0.06342,0.06478,0.06294,0.06475,196855000.0,2022-09-10
1662854400000,0.06477,0.06499,0.06345,0.06418,149159000.0,2022-09-11
1662940800000,0.06418,0.0648,0.06304,0.06381,231904000.0,2022-09-12
1663027200000,0.06382,0.06397,0.06058,0.06064,273466000.0,2022-09-13
1663113600000,0.06063,0.06172,0.06048,0.06164,165317000.0,2022-09-14
1663200000000,0.06164,0.06198,0.0605,0.06124,216031000.0,2022-09-15
1663286400000,0.06124,0.06164,0.06052,0.06133,206864000.0,2022-09-16
1663372800000,0.06133,0.06238,0.06131,0.06228,137067000.0,2022-09-17
1663459200000,0.06227,0.06265,0.06072,0.06075,166907000.0,2022-09-18
1663545600000,0.06075,0.06122,0.0592,0.06024,288045000.0,2022-09-19
1663632000000,0.06028,0.06069,0.05937,0.05978,152320000.0,2022-09-20
1663718400000,0.05978,0.06181,0.0586,0.059,263880000.0,2022-09-21
1663804800000,0.059,0.0605,0.05866,0.06022,191461000.0,2022-09-22
1663891200000,0.06022,0.06119,0.05917,0.06045,218936000.0,2022-09-23
1663977600000,0.06046,0.06101,0.05951,0.0598,149704000.0,2022-09-24
1664064000000,0.05979,0.06029,0.0594,0.05969,99271000.0,2022-09-25
1664150400000,0.05969,0.05993,0.05893,0.05958,148452000.0,2022-09-26
1664236800000,0.0596,0.06089,0.05896,0.05937,209942000.0,2022-09-27
1664323200000,0.05938,0.05993,0.05835,0.05952,179840000.0,2022-09-28
1664409600000,0.05952,0.06209,0.05931,0.06098,268538000.0,2022-09-29
1664496000000,0.06099,0.06234,0.06021,0.06101,232156000.0,2022-09-30
1664582400000,0.06102,0.0615,0.06006,0.0605,123407000.0,2022-10-01
1664668800000,0.0605,0.062,0.06036,0.06094,249096000.0,2022-10-02
1664755200000,0.06093,0.06151,0.06066,0.06139,144964000.0,2022-10-03
1664841600000,0.06138,0.0625,0.06103,0.06236,131952000.0,2022-10-04
1664928000000,0.06236,0.06277,0.0619,0.06243,139724000.0,2022-10-05
1665014400000,0.06243,0.06323,0.0619,0.06279,156511000.0,2022-10-06
1665100800000,0.06279,0.06332,0.06199,0.06248,137836000.0,2022-10-07
1665187200000,0.06248,0.06276,0.06173,0.06203,104268000.0,2022-10-08
1665273600000,0.06206,0.06279,0.06193,0.06239,82266000.0,2022-10-09
1665360000000,0.06239,0.06534,0.06226,0.06272,581019000.0,2022-10-10
1665446400000,0.06272,0.06272,0.06115,0.06167,192159000.0,2022-10-11
1665532800000,0.06167,0.0645,0.06113,0.06173,419202000.0,2022-10-12
1665619200000,0.06171,0.06231,0.05913,0.06098,389450000.0,2022-10-13
1665705600000,0.06098,0.06591,0.06072,0.06397,637340000.0,2022-10-14
1665792000000,0.06393,0.06517,0.06171,0.06175,380868000.0,2022-10-15
1665878400000,0.06176,0.06206,0.06117,0.06186,196740000.0,2022-10-16
1665964800000,0.06184,0.06308,0.06159,0.06266,268700000.0,2022-10-17
1666051200000,0.06267,0.06302,0.06165,0.0622,303174000.0,2022-10-18
1666137600000,0.06222,0.06322,0.06163,0.06174,446011000.0,2022-10-19
1666224000000,0.06174,0.06269,0.06141,0.06216,135881000.0,2022-10-20
1666310400000,0.06215,0.06297,0.06058,0.06168,204809000.0,2022-10-21
1666396800000,0.06169,0.062,0.06112,0.06158,93822000.0,2022-10-22
1666483200000,0.0616,0.06203,0.06105,0.06188,104607000.0,2022-10-23
1666569600000,0.06187,0.06203,0.06122,0.06132,130048000.0,2022-10-24
1666656000000,0.06132,0.06293,0.06114,0.06234,188026000.0,2022-10-25
1666742400000,0.06234,0.06378,0.06226,0.06343,174347000.0,2022-10-26
1666828800000,0.06341,0.0642,0.06259,0.06296,208786000.0,2022-10-27
1666915200000,0.06296,0.0638,0.06256,0.06355,125527000.0,2022-10-28
1667001600000,0.06355,0.06459,0.06347,0.06429,189165000.0,2022-10-29
1667088000000,0.0643,0.06483,0.06289,0.06309,169900000.0,2022-10-30
1667174400000,0.0631,0.0634,0.06228,0.06323,179808000.0,2022-10-31
1667260800000,0.06324,0.06343,0.0625,0.06278,104957000.0,2022-11-01
1667347200000,0.06275,0.06313,0.06137,0.06157,192172000.0,2022-11-02
1667433600000,0.06156,0.06246,0.06142,0.06173,151579000.0,2022-11-03
1667520000000,0.06172,0.06383,0.06151,0.06381,175534000.0,2022-11-04
1667606400000,0.06381,0.06479,0.06314,0.06362,181073000.0,2022-11-05
1667692800000,0.06362,0.06538,0.06255,0.06269,283065000.0,2022-11-06
1667779200000,0.06269,0.06301,0.06176,0.06227,160532000.0,2022-11-07
1667865600000,0.06227,0.06314,0.05575,0.0587,596328000.0,2022-11-08
1667952000000,0.05873,0.06576,0.05276,0.05341,1496826000.0,2022-11-09
1668038400000,0.05342,0.0625,0.05234,0.0578,1098351000.0,2022-11-10
1668124800000,0.05777,0.05828,0.05407,0.05608,386167000.0,2022-11-11
1668211200000,0.05606,0.05612,0.05287,0.05503,337643000.0,2022-11-12
1668297600000,0.05504,0.05634,0.05032,0.05085,702239000.0,2022-11-13
1668384000000,0.05087,0.05337,0.04457,0.05012,1611812000.0,2022-11-14
1668470400000,0.0501,0.05185,0.04927,0.05075,347863000.0,2022-11-15
1668556800000,0.05074,0.05176,0.04945,0.05018,269214000.0,2022-11-16
1668643200000,0.05018,0.05045,0.04873,0.05001,273901000.0,2022-11-17
1668729600000,0.05004,0.05109,0.05,0.05072,206166000.0,2022-11-18
1668816000000,0.05072,0.05269,0.05047,0.05214,235950000.0,2022-11-19
1668902400000,0.05215,0.05246,0.04972,0.05008,208595000.0,2022-11-20
1668988800000,0.05009,0.05175,0.04912,0.0515,349658000.0,2022-11-21
1669075200000,0.05152,0.05264,0.04872,0.05075,594669000.0,2022-11-22
1669161600000,0.05075,0.0519,0.0501,0.05182,178057000.0,2022-11-23
1669248000000,0.05179,0.05383,0.05141,0.05285,271395000.0,2022-11-24
1669334400000,0.05285,0.05345,0.05188,0.05297,221005000.0,2022-11-25
1669420800000,0.05296,0.05368,0.05243,0.05278,128546000.0,2022-11-26
1669507200000,0.05279,0.05424,0.05276,0.05327,129178000.0,2022-11-27
1669593600000,0.05327,0.05396,0.05181,0.05296,192757000.0,2022-11-28
1669680000000,0.05297,0.05457,0.05269,0.05328,160190000.0,2022-11-29
1669766400000,0.05328,0.05479,0.05328,0.05463,157994000.0,2022-11-30
1669852800000,0.05464,0.05517,0.05396,0.05414,138862000.0,2022-12-01
1669939200000,0.05414,0.0545,0.0538,0.05446,120742000.0,2022-12-02
1670025600000,0.05445,0.05465,0.05349,0.05356,95574000.0,2022-12-03
1670112000000,0.05354,0.05416,0.0529,0.05307,154727000.0,2022-12-04
1670198400000,0.05308,0.05401,0.05292,0.05336,169919000.0,2022-12-05
1670284800000,0.05337,0.05374,0.05252,0.05362,156560000.0,2022-12-06
1670371200000,0.05362,0.05367,0.05236,0.0531,145822000.0,2022-12-07
1670457600000,0.0531,0.05469,0.05295,0.0545,150921000.0,2022-12-08
1670544000000,0.05449,0.05514,0.05427,0.05465,137010000.0,2022-12-09
1670630400000,0.05464,0.05587,0.05462,0.05482,149236000.0,2022-12-10
1670716800000,0.05482,0.05497,0.05372,0.05396,99180000.0,2022-12-11
1670803200000,0.05396,0.05398,0.05186,0.05356,324384000.0,2022-12-12
1670889600000,0.05357,0.05454,0.05239,0.05448,279603000.0,2022-12-13
1670976000000,0.05449,0.05767,0.05447,0.05559,336758000.0,2022-12-14
1671062400000,0.05559,0.05615,0.0551,0.05578,170232000.0,2022-12-15
1671148800000,0.0558,0.0562,0.05252,0.0529,333289000.0,2022-12-16
1671235200000,0.0529,0.05498,0.0518,0.05483,299284000.0,2022-12-17
1671321600000,0.05483,0.05524,0.05337,0.05377,78872000.0,2022-12-18
1671408000000,0.05377,0.05435,0.05305,0.05356,208551000.0,2022-12-19
1671494400000,0.05356,0.05528,0.05345,0.05498,155843000.0,2022-12-20
1671580800000,0.05499,0.05549,0.0545,0.0549,113558000.0,2022-12-21
1671667200000,0.0549,0.05587,0.05463,0.05556,142505000.0,2022-12-22
1671753600000,0.05556,0.05571,0.05402,0.05418,156209000.0,2022-12-23
1671840000000,0.05419,0.05485,0.05401,0.05472,97595000.0,2022-12-24
1671926400000,0.05471,0.05497,0.05413,0.05481,105258000.0,2022-12-25
1672012800000,0.05482,0.055,0.05421,0.05459,87027000.0,2022-12-26
1672099200000,0.0546,0.05474,0.05361,0.05419,151717000.0,2022-12-27
1672185600000,0.05419,0.0547,0.05323,0.05414,215704000.0,2022-12-28
1672272000000,0.05413,0.05449,0.05311,0.05398,176555000.0,2022-12-29
1672358400000,0.05398,0.05454,0.05351,0.05442,209121000.0,2022-12-30
1672444800000,0.05442,0.05523,0.05435,0.0545,143087000.0,2022-12-31
1672531200000,0.05451,0.055,0.0544,0.0548,95331000.0,2023-01-01
1672617600000,0.05481,0.05565,0.05442,0.05516,155710000.0,2023-01-02
1672704000000,0.05516,0.05553,0.05466,0.0548,117000000.0,2023-01-03
1672790400000,0.05479,0.05574,0.05431,0.05477,165643000.0,2023-01-04
1672876800000,0.05477,0.05495,0.05325,0.05366,224987000.0,2023-01-05
1672963200000,0.05366,0.05402,0.0494,0.05253,2151170000.0,2023-01-06
1673049600000,0.05254,0.05293,0.05135,0.05199,492919000.0,2023-01-07
1673136000000,0.052,0.05445,0.05115,0.05441,440126000.0,2023-01-08
1673222400000,0.05442,0.05695,0.05366,0.0546,513157000.0,2023-01-09
1673308800000,0.05461,0.05496,0.05385,0.05485,182541000.0,2023-01-10
1673395200000,0.05484,0.05668,0.05454,0.05651,224784000.0,2023-01-11
1673481600000,0.05652,0.05744,0.05568,0.05711,266143000.0,2023-01-12
1673568000000,0.05712,0.06083,0.05681,0.06011,275265000.0,2023-01-13
1673654400000,0.06012,0.06582,0.05997,0.06179,699088000.0,2023-01-14
1673740800000,0.06178,0.06291,0.06062,0.06228,213451000.0,2023-01-15
1673827200000,0.0623,0.06326,0.0612,0.06241,211775000.0,2023-01-16
1673913600000,0.06241,0.06265,0.06121,0.06165,162738000.0,2023-01-17
1674000000000,0.06166,0.06244,0.05881,0.05888,233899000.0,2023-01-18
1674086400000,0.05885,0.06034,0.05876,0.06011,101528000.0,2023-01-19
1674172800000,0.06011,0.06294,0.05991,0.06277,159375000.0,2023-01-20
1674259200000,0.06278,0.06378,0.06163,0.06172,335190000.0,2023-01-21
1674345600000,0.06172,0.06278,0.0607,0.06167,206706000.0,2023-01-22
1674432000000,0.06168,0.06331,0.061,0.06274,219558000.0,2023-01-23
1674518400000,0.06275,0.06357,0.05967,0.06016,209721000.0,2023-01-24
1674604800000,0.06017,0.06289,0.05919,0.06178,165574000.0,2023-01-25
1674691200000,0.06181,0.06217,0.06111,0.06169,100412000.0,2023-01-26
1674777600000,0.06169,0.06441,0.06093,0.0637,320668000.0,2023-01-27
1674864000000,0.06372,0.06409,0.06204,0.0631,231598000.0,2023-01-28
1674950400000,0.06314,0.06465,0.0629,0.06377,258514000.0,2023-01-29
1675036800000,0.06376,0.06406,0.06136,0.06225,390856000.0,2023-01-30
1675123200000,0.06227,0.06312,0.06168,0.06217,168649000.0,2023-01-31
1675209600000,0.06216,0.06341,0.06138,0.06315,216738000.0,2023-02-01
1675296000000,0.06317,0.06567,0.06306,0.06381,356436000.0,2023-02-02
1675382400000,0.06383,0.06476,0.06341,0.06414,218267000.0,2023-02-03
1675468800000,0.06415,0.06451,0.06304,0.06385,184940000.0,2023-02-04
1675555200000,0.06384,0.0658,0.06311,0.06413,285345000.0,2023-02-05
1675641600000,0.06414,0.06453,0.06252,0.06313,126672000.0,2023-02-06
1675728000000,0.06314,0.06596,0.06302,0.06575,342657000.0,2023-02-07
1675814400000,0.06575,0.07138,0.06546,0.06698,478901000.0,2023-02-08
1675900800000,0.06698,0.06711,0.06178,0.06263,456734000.0,2023-02-09
1675987200000,0.06262,0.06395,0.06235,0.06328,184031000.0,2023-02-10
1676073600000,0.06329,0.06408,0.06308,0.06371,108273000.0,2023-02-11
1676160000000,0.06372,0.06509,0.06349,0.06387,143127000.0,2023-02-12
1676246400000,0.06389,0.06575,0.06288,0.06559,293604000.0,2023-02-13
1676332800000,0.06559,0.06693,0.06499,0.06676,235491000.0,2023-02-14
1676419200000,0.06675,0.07105,0.06673,0.07084,321030000.0,2023-02-15
1676505600000,0.07085,0.07156,0.06667,0.06684,270453000.0,2023-02-16
1676592000000,0.06683,0.07171,0.06651,0.07036,359888000.0,2023-02-17
1676678400000,0.07035,0.07113,0.06967,0.07011,165658000.0,2023-02-18
1676764800000,0.07012,0.07166,0.06971,0.07038,153469000.0,2023-02-19
1676851200000,0.07038,0.07312,0.06954,0.07197,414317000.0,2023-02-20
1676937600000,0.07194,0.07214,0.06892,0.06947,236615000.0,2023-02-21
1677024000000,0.06945,0.06966,0.06804,0.0694,196706000.0,2023-02-22
1677110400000,0.06939,0.07045,0.069,0.06951,147434000.0,2023-02-23
1677196800000,0.0695,0.07001,0.06729,0.06787,164662000.0,2023-02-24
1677283200000,0.06788,0.06885,0.06669,0.06783,154407000.0,2023-02-25
1677369600000,0.06783,0.06977,0.06779,0.06954,117551000.0,2023-02-26
1677456000000,0.0695,0.06971,0.06838,0.06943,130301000.0,2023-02-27
1677542400000,0.06944,0.06983,0.06854,0.06904,144280000.0,2023-02-28
1677628800000,0.06904,0.07026,0.06867,0.06984,106516000.0,2023-03-01
1677715200000,0.06984,0.07034,0.06893,0.06969,135624000.0,2023-03-02
1677801600000,0.06968,0.06982,0.06635,0.06715,199350000.0,2023-03-03
1677888000000,0.06716,0.06754,0.06596,0.06669,117276000.0,2023-03-04
1677974400000,0.06672,0.06784,0.06649,0.06721,107001000.0,2023-03-05
1678060800000,0.06721,0.06764,0.06662,0.06739,105152000.0,2023-03-06
1678147200000,0.06741,0.06775,0.06571,0.06632,151949000.0,2023-03-07
1678233600000,0.06631,0.06653,0.06464,0.0653,153793000.0,2023-03-08
1678320000000,0.0653,0.06636,0.05605,0.05853,1059898000.0,2023-03-09
1678406400000,0.05857,0.05874,0.0554,0.05731,938422000.0,2023-03-10
1678492800000,0.05732,0.05897,0.05466,0.05878,579090000.0,2023-03-11
1678579200000,0.05878,0.06461,0.05836,0.06461,402785000.0,2023-03-12
1678665600000,0.0646,0.06855,0.06423,0.06693,788755000.0,2023-03-13
1678752000000,0.06693,0.06905,0.0655,0.06695,366860000.0,2023-03-14
1678838400000,0.06693,0.06788,0.06407,0.06516,326680000.0,2023-03-15
1678924800000,0.06518,0.06709,0.06475,0.06512,255380000.0,2023-03-16
1679011200000,0.06511,0.0679,0.06467,0.06766,243504000.0,2023-03-17
1679097600000,0.06763,0.06813,0.06508,0.06577,225348000.0,2023-03-18
1679184000000,0.06576,0.0675,0.06558,0.06649,175297000.0,2023-03-19
1679270400000,0.06652,0.06698,0.0647,0.06497,232148000.0,2023-03-20
1679356800000,0.06497,0.0674,0.06484,0.06699,219914000.0,2023-03-21
1679443200000,0.06701,0.06839,0.0563,0.0597,1707229000.0,2023-03-22
1679529600000,0.05971,0.06673,0.0593,0.06522,1176108000.0,2023-03-23
1679616000000,0.06523,0.06553,0.0625,0.06337,477608000.0,2023-03-24
1679702400000,0.06338,0.06436,0.06259,0.06368,232876000.0,2023-03-25
1679788800000,0.06368,0.065,0.06335,0.06412,187876000.0,2023-03-26
1679875200000,0.06411,0.06442,0.06178,0.06354,237753000.0,2023-03-27
1679961600000,0.06354,0.06455,0.06326,0.06419,216559000.0,2023-03-28
1680048000000,0.0642,0.06548,0.06385,0.06429,188758000.0,2023-03-29
1680134400000,0.06429,0.06549,0.06362,0.06482,248097000.0,2023-03-30
1680220800000,0.06482,0.06616,0.06432,0.06553,196143000.0,2023-03-31
1680307200000,0.06553,0.0673,0.06535,0.06643,228315000.0,2023-04-01
1680393600000,0.06644,0.06692,0.06485,0.0652,180198000.0,2023-04-02
1680480000000,0.0652,0.06629,0.06423,0.06577,213573000.0,2023-04-03
1680566400000,0.06578,0.06684,0.06559,0.06576,178913000.0,2023-04-04
1680652800000,0.06575,0.06675,0.06534,0.06617,152197000.0,2023-04-05
1680739200000,0.06617,0.06673,0.06553,0.06607,187586000.0,2023-04-06
1680825600000,0.06606,0.06648,0.06556,0.06604,130852000.0,2023-04-07
1680912000000,0.06603,0.06656,0.06568,0.06612,99455000.0,2023-04-08
1680998400000,0.06613,0.06686,0.06587,0.06659,104544000.0,2023-04-09
1681084800000,0.06659,0.06754,0.06618,0.06734,140832000.0,2023-04-10
1681171200000,0.06734,0.06778,0.06517,0.06627,409035000.0,2023-04-11
1681257600000,0.06628,0.06646,0.062,0.06512,714478000.0,2023-04-12
1681344000000,0.06512,0.06576,0.06424,0.06523,274332000.0,2023-04-13
1681430400000,0.06524,0.06712,0.06512,0.06619,243562000.0,2023-04-14
1681516800000,0.06618,0.06628,0.06551,0.06592,90907000.0,2023-04-15
1681603200000,0.06593,0.06672,0.06559,0.06657,83115000.0,2023-04-16
1681689600000,0.06656,0.06667,0.06542,0.06569,102347000.0,2023-04-17
1681776000000,0.06569,0.06684,0.06546,0.06682,120775000.0,2023-04-18
1681862400000,0.06683,0.06715,0.06481,0.06558,297743000.0,2023-04-19
1681948800000,0.06558,0.06663,0.06459,0.06539,221595000.0,2023-04-20
1682035200000,0.0654,0.06599,0.06419,0.06494,171324000.0,2023-04-21
1682121600000,0.06494,0.06621,0.0648,0.06612,169586000.0,2023-04-22
1682208000000,0.06612,0.06699,0.06551,0.06669,175898000.0,2023-04-23
1682294400000,0.06668,0.067,0.06583,0.06611,137793000.0,2023-04-24
1682380800000,0.0661,0.06621,0.06521,0.06582,107261000.0,2023-04-25
1682467200000,0.06583,0.06712,0.06375,0.06505,237629000.0,2023-04-26
1682553600000,0.06504,0.06607,0.06497,0.06575,120754000.0,2023-04-27
1682640000000,0.06573,0.06666,0.06557,0.06666,76377000.0,2023-04-28
1682726400000,0.06665,0.06823,0.06662,0.06797,119485000.0,2023-04-29
1682812800000,0.06797,0.06804,0.06709,0.06713,142641000.0,2023-04-30
1682899200000,0.06716,0.06936,0.06677,0.06852,400160000.0,2023-05-01
1682985600000,0.06852,0.0699,0.0672,0.06919,249142000.0,2023-05-02
1683072000000,0.06918,0.06956,0.0682,0.06922,210528000.0,2023-05-03
1683158400000,0.06923,0.06963,0.06891,0.06937,77101000.0,2023-05-04
1683244800000,0.06936,0.07136,0.06936,0.07091,152115000.0,2023-05-05
1683331200000,0.07091,0.07107,0.0696,0.0702,112742000.0,2023-05-06
1683417600000,0.07021,0.07046,0.06904,0.06924,98315000.0,2023-05-07
1683504000000,0.0692,0.0694,0.06697,0.06849,177385000.0,2023-05-08
1683590400000,0.06851,0.0693,0.06792,0.06909,136300000.0,2023-05-09
1683676800000,0.06907,0.07047,0.06795,0.06934,209321000.0,2023-05-10
1683763200000,0.06933,0.06956,0.06675,0.06764,168892000.0,2023-05-11
1683849600000,0.06764,0.06936,0.06711,0.06906,166272000.0,2023-05-12
1683936000000,0.06908,0.06961,0.06845,0.06933,77964000.0,2023-05-13
1684022400000,0.06933,0.06976,0.06882,0.06941,90313000.0,2023-05-14
1684108800000,0.0694,0.0705,0.06903,0.07026,87983000.0,2023-05-15
1684195200000,0.07026,0.0708,0.06994,0.07053,104867000.0,2023-05-16
1684281600000,0.07052,0.07146,0.07019,0.07117,106817000.0,2023-05-17
1684368000000,0.07117,0.07139,0.06983,0.07015,133622000.0,2023-05-18
1684454400000,0.07015,0.07083,0.07006,0.07066,46756000.0,2023-05-19
1684540800000,0.07065,0.07298,0.07054,0.07259,193883000.0,2023-05-20
1684627200000,0.07256,0.07686,0.07196,0.07501,567350000.0,2023-05-21
1684713600000,0.07502,0.07929,0.07405,0.07799,915429000.0,2023-05-22
1684800000000,0.07799,0.07989,0.07761,0.07844,348616000.0,2023-05-23
1684886400000,0.07844,0.07859,0.07642,0.07684,355231000.0,2023-05-24
1684972800000,0.07683,0.07837,0.0766,0.07674,291340000.0,2023-05-25
1685059200000,0.07673,0.0774,0.07527,0.07539,229411000.0,2023-05-26
1685145600000,0.07536,0.07726,0.0752,0.07713,127305000.0,2023-05-27
1685232000000,0.07713,0.0781,0.07662,0.07744,184324000.0,2023-05-28
1685318400000,0.07745,0.07811,0.07604,0.0761,189448000.0,2023-05-29
1685404800000,0.07612,0.07693,0.07563,0.0763,161135000.0,2023-05-30
1685491200000,0.0763,0.07666,0.07506,0.07524,168053000.0,2023-05-31
1685577600000,0.07523,0.07546,0.07409,0.07477,185021000.0,2023-06-01
1685664000000,0.07477,0.08405,0.07454,0.08256,469315000.0,2023-06-02
1685750400000,0.08259,0.08592,0.08094,0.08172,1257130000.0,2023-06-03
1685836800000,0.08172,0.08305,0.08017,0.08136,536254000.0,2023-06-04
1685923200000,0.08136,0.08186,0.07746,0.07832,468998000.0,2023-06-05
1686009600000,0.07831,0.0792,0.07739,0.07822,329134000.0,2023-06-06
1686096000000,0.07822,0.07896,0.07624,0.07674,301546000.0,2023-06-07
1686182400000,0.07671,0.07805,0.07615,0.07741,158801000.0,2023-06-08
1686268800000,0.07741,0.07839,0.07115,0.07199,585149000.0,2023-06-09
1686355200000,0.07199,0.07204,0.06438,0.0696,908991000.0,2023-06-10
1686441600000,0.06957,0.07062,0.06822,0.07021,220107000.0,2023-06-11
1686528000000,0.07022,0.07128,0.06923,0.07115,241564000.0,2023-06-12
1686614400000,0.07117,0.07271,0.07102,0.07193,306709000.0,2023-06-13
1686700800000,0.07194,0.07281,0.07004,0.07102,248816000.0,2023-06-14
1686787200000,0.07102,0.07215,0.06942,0.07098,368850000.0,2023-06-15
1686873600000,0.07096,0.07133,0.06874,0.07055,271306000.0,2023-06-16
1686960000000,0.07054,0.07178,0.07025,0.07163,129748000.0,2023-06-17
1687046400000,0.07159,0.0721,0.06941,0.07012,190289000.0,2023-06-18
1687132800000,0.07011,0.07041,0.06939,0.07001,137596000.0,2023-06-19
1687219200000,0.07001,0.07066,0.06806,0.07058,250693000.0,2023-06-20
1687305600000,0.07059,0.07268,0.07025,0.07233,276622000.0,2023-06-21
1687392000000,0.07231,0.0742,0.07138,0.07223,210065000.0,2023-06-22
1687478400000,0.0722,0.07385,0.07148,0.07316,185736000.0,2023-06-23
1687564800000,0.07316,0.07349,0.07133,0.07218,137505000.0,2023-06-24
1687651200000,0.0722,0.074,0.07201,0.07313,170099000.0,2023-06-25
1687737600000,0.07313,0.07476,0.07232,0.07378,215701000.0,2023-06-26
1687824000000,0.0738,0.07538,0.07374,0.07433,128194000.0,2023-06-27
1687910400000,0.07431,0.07453,0.0721,0.0737,168169000.0,2023-06-28
1687996800000,0.07375,0.07479,0.0734,0.07445,102440000.0,2023-06-29
1688083200000,0.07445,0.0769,0.07314,0.07618,308524000.0,2023-06-30
1688169600000,0.0762,0.07769,0.07588,0.07729,109623000.0,2023-07-01
1688256000000,0.07725,0.07739,0.07523,0.07602,118295000.0,2023-07-02
1688342400000,0.07601,0.07787,0.07535,0.07727,118575000.0,2023-07-03
1688428800000,0.0773,0.0784,0.07693,0.07701,87254000.0,2023-07-04
1688515200000,0.07702,0.07793,0.07659,0.07705,98451000.0,2023-07-05
1688601600000,0.07707,0.07858,0.07688,0.07705,112989000.0,2023-07-06
1688688000000,0.07705,0.07972,0.07669,0.07883,194789000.0,2023-07-07
1688774400000,0.07882,0.08014,0.07867,0.08009,100920000.0,2023-07-08
1688860800000,0.08009,0.08045,0.07717,0.07746,169113000.0,2023-07-09
1688947200000,0.07746,0.07807,0.0762,0.0775,124086000.0,2023-07-10
1689033600000,0.07749,0.07756,0.07673,0.07733,91067000.0,2023-07-11
1689120000000,0.07733,0.07817,0.07704,0.07781,61091000.0,2023-07-12
1689206400000,0.07782,0.08283,0.0776,0.08174,258759000.0,2023-07-13
1689292800000,0.08175,0.08274,0.07857,0.07985,233891000.0,2023-07-14
1689379200000,0.07985,0.0816,0.07985,0.08081,112281000.0,2023-07-15
1689465600000,0.08085,0.081,0.079,0.07979,91206000.0,2023-07-16
1689552000000,0.0798,0.08053,0.07897,0.07996,88338000.0,2023-07-17
1689638400000,0.07997,0.08095,0.07852,0.07979,112101000.0,2023-07-18
1689724800000,0.07977,0.0806,0.07926,0.08025,90666000.0,2023-07-19
1689811200000,0.08031,0.0812,0.07992,0.08072,74871000.0,2023-07-20
1689897600000,0.08071,0.08157,0.08038,0.08038,120722000.0,2023-07-21
1689984000000,0.08039,0.09403,0.08027,0.08388,2170229000.0,2023-07-22
1690070400000,0.08388,0.08527,0.08271,0.08336,344919000.0,2023-07-23
1690156800000,0.08335,0.08338,0.08025,0.08147,228784000.0,2023-07-24
1690243200000,0.08145,0.08232,0.08017,0.0819,160195000.0,2023-07-25
1690329600000,0.08189,0.08254,0.0805,0.0824,167754000.0,2023-07-26
1690416000000,0.08239,0.08303,0.08204,0.08264,96694000.0,2023-07-27
1690502400000,0.08264,0.08548,0.08263,0.08509,298834000.0,2023-07-28
1690588800000,0.08509,0.08533,0.08308,0.0832,145789000.0,2023-07-29
1690675200000,0.08321,0.08375,0.07907,0.07999,255512000.0,2023-07-30
1690761600000,0.07998,0.08041,0.07733,0.07791,261451000.0,2023-07-31
1690848000000,0.07792,0.07869,0.07618,0.07866,242324000.0,2023-08-01
1690934400000,0.07866,0.07874,0.07404,0.07631,218496000.0,2023-08-02
1691020800000,0.07631,0.07753,0.07611,0.07716,97919000.0,2023-08-03
1691107200000,0.07715,0.07788,0.07609,0.07678,121524000.0,2023-08-04
1691193600000,0.07677,0.07769,0.07578,0.07753,108993000.0,2023-08-05
1691280000000,0.07753,0.07758,0.07655,0.07696,89838000.0,2023-08-06
1691366400000,0.07696,0.07733,0.076,0.07685,137545000.0,2023-08-07
1691452800000,0.07685,0.07784,0.07621,0.07679,111670000.0,2023-08-08
1691539200000,0.07678,0.07711,0.07619,0.07673,81301000.0,2023-08-09
1691625600000,0.07673,0.07757,0.07665,0.07735,62733000.0,2023-08-10
1691712000000,0.07734,0.07754,0.07672,0.07723,57344000.0,2023-08-11
1691798400000,0.07723,0.07758,0.0772,0.07752,25142000.0,2023-08-12
1691884800000,0.07752,0.07762,0.07693,0.07708,55836000.0,2023-08-13
1691971200000,0.07706,0.07767,0.077,0.07745,58271000.0,2023-08-14
1692057600000,0.07748,0.07751,0.07608,0.07637,104445000.0,2023-08-15
1692144000000,0.07635,0.07678,0.07369,0.07469,154540000.0,2023-08-16
1692230400000,0.07469,0.0762,0.06978,0.07263,275151000.0,2023-08-17
1692316800000,0.07262,0.07348,0.07196,0.07298,104808000.0,2023-08-18
1692403200000,0.07299,0.07421,0.07293,0.07409,58134000.0,2023-08-19
1692489600000,0.07411,0.0763,0.07402,0.07589,109749000.0,2023-08-20
1692576000000,0.07589,0.07627,0.07395,0.0751,149289000.0,2023-08-21
1692662400000,0.0751,0.07563,0.07407,0.07549,73737000.0,2023-08-22
1692748800000,0.07551,0.07796,0.07543,0.07756,103897000.0,2023-08-23
1692835200000,0.07758,0.07799,0.07613,0.0766,65224000.0,2023-08-24
1692921600000,0.07663,0.0774,0.07602,0.07723,71433000.0,2023-08-25
1693008000000,0.07723,0.07764,0.07713,0.07743,30692000.0,2023-08-26
1693094400000,0.07742,0.07764,0.0771,0.07755,29239000.0,2023-08-27
1693180800000,0.07755,0.07761,0.07621,0.07632,59922000.0,2023-08-28
1693267200000,0.07632,0.07807,0.07584,0.07732,112976000.0,2023-08-29
1693353600000,0.07732,0.07734,0.07539,0.07561,61399000.0,2023-08-30
1693440000000,0.07561,0.07696,0.07511,0.07671,97620000.0,2023-08-31
1693526400000,0.0767,0.07756,0.07575,0.07606,102019000.0,2023-09-01
1693612800000,0.07606,0.07717,0.07594,0.07699,48544000.0,2023-09-02
1693699200000,0.07699,0.07719,0.07664,0.07703,37930000.0,2023-09-03
1693785600000,0.07702,0.07756,0.07667,0.07752,56503000.0,2023-09-04
1693872000000,0.07753,0.07786,0.07695,0.07743,45266000.0,2023-09-05
1693958400000,0.07742,0.07895,0.07724,0.0789,170112000.0,2023-09-06
1694044800000,0.0789,0.07951,0.07871,0.07916,88532000.0,2023-09-07
1694131200000,0.07917,0.07952,0.07825,0.07912,57644000.0,2023-09-08
1694217600000,0.07916,0.07924,0.07867,0.07917,33187000.0,2023-09-09
1694304000000,0.07917,0.0792,0.07774,0.07831,88286000.0,2023-09-10
1694390400000,0.07831,0.07884,0.07699,0.07756,114208000.0,2023-09-11
1694476800000,0.07755,0.08279,0.07742,0.08072,333214000.0,2023-09-12
1694563200000,0.08071,0.08163,0.0802,0.08116,152367000.0,2023-09-13
1694649600000,0.08117,0.08396,0.08091,0.08372,151673000.0,2023-09-14
1694736000000,0.08372,0.08425,0.08298,0.08402,163745000.0,2023-09-15
1694822400000,0.08401,0.08457,0.08327,0.08349,88845000.0,2023-09-16
1694908800000,0.08349,0.08389,0.08306,0.08335,83457000.0,2023-09-17
1694995200000,0.08333,0.08481,0.0829,0.08387,119994000.0,2023-09-18
1695081600000,0.08387,0.08493,0.08372,0.08456,66583000.0,2023-09-19
1695168000000,0.08457,0.08507,0.084,0.08443,61486000.0,2023-09-20
1695254400000,0.08441,0.08473,0.08267,0.08295,98612000.0,2023-09-21
1695340800000,0.08296,0.08435,0.08278,0.08331,67592000.0,2023-09-22
1695427200000,0.0833,0.08389,0.08316,0.08361,39335000.0,2023-09-23
1695513600000,0.0836,0.08453,0.08344,0.08359,63924000.0,2023-09-24
1695600000000,0.08358,0.085,0.08315,0.08464,57282000.0,2023-09-25
1695686400000,0.08465,0.08503,0.08408,0.08471,53329000.0,2023-09-26
1695772800000,0.08471,0.08689,0.08466,0.08551,152009000.0,2023-09-27
1695859200000,0.08552,0.08678,0.08446,0.08677,87717000.0,2023-09-28
1695945600000,0.08678,0.08985,0.08674,0.0891,151865000.0,2023-09-29
1696032000000,0.08908,0.08937,0.08833,0.0886,51533000.0,2023-09-30
1696118400000,0.08858,0.09049,0.08761,0.0901,100617000.0,2023-10-01
1696204800000,0.09011,0.09042,0.08721,0.08743,114618000.0,2023-10-02
1696291200000,0.08744,0.09114,0.08729,0.09063,132148000.0,2023-10-03
1696377600000,0.09065,0.09068,0.08806,0.08887,175425000.0,2023-10-04
1696464000000,0.08887,0.08954,0.08809,0.08821,87149000.0,2023-10-05
1696550400000,0.08819,0.08893,0.08531,0.08716,136944000.0,2023-10-06
1696636800000,0.08716,0.08844,0.08708,0.08807,71744000.0,2023-10-07
1696723200000,0.08806,0.08841,0.08739,0.08802,45303000.0,2023-10-08
1696809600000,0.08802,0.08835,0.08528,0.08613,115329000.0,2023-10-09
1696896000000,0.08614,0.08672,0.08599,0.08623,62388000.0,2023-10-10
1696982400000,0.08621,0.08672,0.08547,0.08604,126228000.0,2023-10-11
1697068800000,0.08604,0.08653,0.0846,0.08481,70313000.0,2023-10-12
1697155200000,0.08479,0.08583,0.08475,0.08551,38323000.0,2023-10-13
1697241600000,0.08551,0.08582,0.085,0.085,26678000.0,2023-10-14
1697328000000,0.085,0.08679,0.08478,0.08669,76477000.0,2023-10-15
1697414400000,0.08669,0.09144,0.08661,0.08884,140464000.0,2023-10-16
1697500800000,0.08886,0.08889,0.08723,0.08853,51571000.0,2023-10-17
1697587200000,0.08853,0.08961,0.0884,0.08914,62608000.0,2023-10-18
1697673600000,0.08913,0.09,0.0883,0.08995,63378000.0,2023-10-19
1697760000000,0.08994,0.09211,0.08982,0.09072,106201000.0,2023-10-20
1697846400000,0.09071,0.09186,0.09048,0.09155,50110000.0,2023-10-21
1697932800000,0.09156,0.09208,0.08965,0.09039,90703000.0,2023-10-22
1698019200000,0.0904,0.09494,0.08996,0.09226,139345000.0,2023-10-23
1698105600000,0.09227,0.09401,0.09175,0.09236,164394000.0,2023-10-24
1698192000000,0.09235,0.09428,0.09221,0.09354,109002000.0,2023-10-25
1698278400000,0.09356,0.09407,0.0919,0.09284,108148000.0,2023-10-26
1698364800000,0.09283,0.09413,0.09253,0.09354,96792000.0,2023-10-27
1698451200000,0.09353,0.09475,0.09328,0.09433,62715000.0,2023-10-28
1698537600000,0.09434,0.09521,0.09406,0.09482,46449000.0,2023-10-29
1698624000000,0.09485,0.0957,0.09396,0.09556,57211000.0,2023-10-30
1698710400000,0.09558,0.09737,0.09539,0.09719,109768000.0,2023-10-31
1698796800000,0.09718,0.10083,0.09681,0.10016,162479000.0,2023-11-01
1698883200000,0.10018,0.1015,0.09859,0.09918,84765000.0,2023-11-02
1698969600000,0.09918,0.09918,0.09689,0.09716,71593000.0,2023-11-03
1699056000000,0.09718,0.09821,0.09681,0.09766,57991000.0,2023-11-04
1699142400000,0.09767,0.09895,0.09733,0.09807,48697000.0,2023-11-05
1699228800000,0.09806,0.09909,0.09645,0.09764,99581000.0,2023-11-06
1699315200000,0.09765,0.09784,0.09586,0.09657,63177000.0,2023-11-07
1699401600000,0.09656,0.09872,0.0963,0.09832,63687000.0,2023-11-08
1699488000000,0.09835,0.10099,0.09416,0.09897,167508000.0,2023-11-09
1699574400000,0.09894,0.11385,0.09894,0.10633,487512000.0,2023-11-10
1699660800000,0.10633,0.10895,0.1047,0.10797,124668000.0,2023-11-11
1699747200000,0.10797,0.10903,0.106,0.10844,91310000.0,2023-11-12
1699833600000,0.10845,0.11065,0.10679,0.10682,125264000.0,2023-11-13
1699920000000,0.10682,0.10711,0.10191,0.10219,102764000.0,2023-11-14
1700006400000,0.1022,0.10466,0.10215,0.10414,86599000.0,2023-11-15
1700092800000,0.10415,0.10471,0.1014,0.10237,70355000.0,2023-11-16
1700179200000,0.10236,0.10393,0.1017,0.10374,53426000.0,2023-11-17
1700265600000,0.10374,0.10378,0.10123,0.10291,52118000.0,2023-11-18
1700352000000,0.1029,0.10386,0.10164,0.1035,52550000.0,2023-11-19
1700438400000,0.10353,0.10506,0.10066,0.10083,101154000.0,2023-11-20
1700524800000,0.10082,0.10197,0.09557,0.09605,139358000.0,2023-11-21
1700611200000,0.09605,0.10206,0.09589,0.10118,191077000.0,2023-11-22
1700697600000,0.1012,0.10221,0.10076,0.10207,54623000.0,2023-11-23
1700784000000,0.10206,0.10516,0.102,0.10438,127543000.0,2023-11-24
1700870400000,0.10438,0.10898,0.10423,0.10885,123487000.0,2023-11-25
1700956800000,0.10885,0.10989,0.10699,0.10777,100873000.0,2023-11-26
1701043200000,0.10776,0.108,0.10161,0.10179,147785000.0,2023-11-27
1701129600000,0.10179,0.10375,0.09985,0.10291,201921000.0,2023-11-28
1701216000000,0.1029,0.10413,0.10267,0.10353,88657000.0,2023-11-29
1701302400000,0.10348,0.10435,0.10291,0.10347,44976000.0,2023-11-30
1701388800000,0.10348,0.10418,0.10265,0.10305,46145000.0,2023-12-01
1701475200000,0.10305,0.10368,0.10225,0.10318,47432000.0,2023-12-02
1701561600000,0.1032,0.10407,0.10253,0.10313,54764000.0,2023-12-03
1701648000000,0.10312,0.10596,0.10187,0.1039,123689000.0,2023-12-04
1701734400000,0.10391,0.10424,0.10246,0.10357,101677000.0,2023-12-05
1701820800000,0.10358,0.10623,0.10207,0.10476,163417000.0,2023-12-06
1701907200000,0.10476,0.10559,0.10288,0.1042,75897000.0,2023-12-07
1701993600000,0.10421,0.10728,0.10421,0.10673,103440000.0,2023-12-08
1702080000000,0.10673,0.10879,0.10614,0.10658,147718000.0,2023-12-09
1702166400000,0.10658,0.10854,0.10641,0.10781,77242000.0,2023-12-10
1702252800000,0.10783,0.10798,0.09887,0.10383,179136000.0,2023-12-11
1702339200000,0.10382,0.10515,0.10281,0.10361,69365000.0,2023-12-12
1702425600000,0.10363,0.10453,0.10164,0.10426,80481000.0,2023-12-13
1702512000000,0.10427,0.1061,0.10319,0.10603,76674000.0,2023-12-14
1702598400000,0.10603,0.10633,0.10118,0.10145,71593000.0,2023-12-15
1702684800000,0.10147,0.10424,0.10102,0.10275,63513000.0,2023-12-16
1702771200000,0.10275,0.10356,0.1019,0.102,50569000.0,2023-12-17
1702857600000,0.10201,0.10204,0.0974,0.10092,165906000.0,2023-12-18
1702944000000,0.10092,0.10167,0.09995,0.10062,54393000.0,2023-12-19
1703030400000,0.10061,0.1033,0.10054,0.10275,59277000.0,2023-12-20
1703116800000,0.10274,0.10496,0.10254,0.10466,66930000.0,2023-12-21
1703203200000,0.10467,0.10515,0.10372,0.10515,51737000.0,2023-12-22
1703289600000,0.10515,0.10699,0.10393,0.1068,60394000.0,2023-12-23
1703376000000,0.1068,0.10753,0.10532,0.10619,74845000.0,2023-12-24
1703462400000,0.1062,0.10847,0.1055,0.10592,104828000.0,2023-12-25
1703548800000,0.10593,0.10675,0.10144,0.10299,144126000.0,2023-12-26
1703635200000,0.103,0.10543,0.10232,0.10539,75970000.0,2023-12-27
1703721600000,0.10539,0.10645,0.10432,0.10544,72786000.0,2023-12-28
1703808000000,0.10544,0.10678,0.1045,0.10561,73753000.0,2023-12-29
1703894400000,0.1056,0.1073,0.10506,0.10593,49116000.0,2023-12-30
1703980800000,0.10593,0.10923,0.10545,0.10765,103375000.0,2023-12-31
1704067200000,0.10766,0.10839,0.10575,0.10774,71344000.0,2024-01-01
1704153600000,0.10773,0.1107,0.10747,0.10832,119625000.0,2024-01-02
1704240000000,0.10833,0.11013,0.1026,0.10683,210977000.0,2024-01-03
1704326400000,0.10681,0.10871,0.10624,0.10697,87288000.0,2024-01-04
1704412800000,0.10698,0.10713,0.10313,0.10439,90546000.0,2024-01-05
1704499200000,0.10439,0.10444,0.10103,0.10389,63547000.0,2024-01-06
1704585600000,0.10387,0.10415,0.10245,0.10275,31050000.0,2024-01-07
1704672000000,0.10278,0.10441,0.10104,0.10417,108091000.0,2024-01-08
1704758400000,0.10418,0.10457,0.10144,0.10283,130239000.0,2024-01-09
1704844800000,0.10281,0.10582,0.10277,0.10522,108298000.0,2024-01-10
1704931200000,0.10524,0.10767,0.10468,0.1062,128711000.0,2024-01-11
1705017600000,0.10621,0.1081,0.10559,0.10689,106505000.0,2024-01-12
1705104000000,0.10688,0.11637,0.10622,0.11421,392182000.0,2024-01-13
1705190400000,0.11424,0.11781,0.111,0.11121,211935000.0,2024-01-14
1705276800000,0.1112,0.11443,0.10779,0.10868,151072000.0,2024-01-15
1705363200000,0.10869,0.11053,0.10738,0.10805,86886000.0,2024-01-16
1705449600000,0.10803,0.10934,0.10739,0.1084,55014000.0,2024-01-17
1705536000000,0.1084,0.10985,0.10618,0.10811,98662000.0,2024-01-18
1705622400000,0.10812,0.1105,0.10678,0.1105,96622000.0,2024-01-19
1705708800000,0.11047,0.11099,0.10967,0.11005,43274000.0,2024-01-20
1705795200000,0.11005,0.11166,0.1088,0.10888,66365000.0,2024-01-21
1705881600000,0.10888,0.1101,0.10791,0.10932,85166000.0,2024-01-22
1705968000000,0.10931,0.10997,0.106,0.10726,106051000.0,2024-01-23
1706054400000,0.10724,0.10888,0.1069,0.10882,54156000.0,2024-01-24
1706140800000,0.10885,0.11253,0.10855,0.11212,98158000.0,2024-01-25
1706227200000,0.11211,0.11527,0.11206,0.11447,100540000.0,2024-01-26
1706313600000,0.1145,0.11937,0.11205,0.1124,108870000.0,2024-01-27
1706400000000,0.11243,0.11351,0.11148,0.11227,69595000.0,2024-01-28
1706486400000,0.11226,0.11435,0.11201,0.11304,98867000.0,2024-01-29
1706572800000,0.11303,0.11409,0.11165,0.11202,67189000.0,2024-01-30
1706659200000,0.11203,0.11364,0.11136,0.11229,105335000.0,2024-01-31
1706745600000,0.11226,0.1159,0.11172,0.11566,110047000.0,2024-02-01
1706832000000,0.11567,0.1181,0.11555,0.11625,106501000.0,2024-02-02
1706918400000,0.11627,0.11743,0.11595,0.11722,35886000.0,2024-02-03
1707004800000,0.11722,0.11915,0.1169,0.11845,68862000.0,2024-02-04
1707091200000,0.11847,0.12081,0.11759,0.11899,94935000.0,2024-02-05
1707177600000,0.11896,0.12831,0.1189,0.12099,225948000.0,2024-02-06
1707264000000,0.12098,0.12641,0.12084,0.12363,198045000.0,2024-02-07
1707350400000,0.12361,0.12688,0.12103,0.12188,138511000.0,2024-02-08
1707436800000,0.12187,0.12395,0.12171,0.12372,67578000.0,2024-02-09
1707523200000,0.12372,0.12462,0.12279,0.12436,35994000.0,2024-02-10
1707609600000,0.12436,0.12502,0.12401,0.12423,26952000.0,2024-02-11
1707696000000,0.12423,0.12582,0.12307,0.125,77032000.0,2024-02-12
1707782400000,0.125,0.12712,0.12439,0.1269,66012000.0,2024-02-13
1707868800000,0.12691,0.13016,0.1264,0.12961,87678000.0,2024-02-14
1707955200000,0.12963,0.13193,0.12951,0.1311,179113000.0,2024-02-15
1708041600000,0.13107,0.133,0.13055,0.13286,77200000.0,2024-02-16
1708128000000,0.13288,0.13953,0.13261,0.13593,238969000.0,2024-02-17
1708214400000,0.13593,0.13612,0.13429,0.13518,95697000.0,2024-02-18
1708300800000,0.13519,0.13689,0.13503,0.13637,62317000.0,2024-02-19
1708387200000,0.13639,0.14014,0.13575,0.13929,155365000.0,2024-02-20
1708473600000,0.13926,0.14056,0.13823,0.13977,142309000.0,2024-02-21
1708560000000,0.13978,0.14027,0.13843,0.139,107527000.0,2024-02-22
1708646400000,0.13898,0.13938,0.13746,0.13813,75286000.0,2024-02-23
1708732800000,0.13816,0.13837,0.13686,0.13744,51307000.0,2024-02-24
1708819200000,0.13743,0.13817,0.13723,0.13764,37785000.0,2024-02-25
1708905600000,0.13769,0.14005,0.13729,0.13993,64113000.0,2024-02-26
1708992000000,0.13992,0.14447,0.13978,0.14298,95655000.0,2024-02-27
1709078400000,0.143,0.14443,0.13903,0.14222,149042000.0,2024-02-28
1709164800000,0.1422,0.14391,0.14012,0.14042,103327000.0,2024-02-29
1709251200000,0.14042,0.14164,0.14018,0.14159,45784000.0,2024-03-01
1709337600000,0.14157,0.14191,0.14019,0.14132,42841000.0,2024-03-02
1709424000000,0.14135,0.14142,0.13893,0.14067,66109000.0,2024-03-03
1709510400000,0.14068,0.14184,0.13947,0.14032,85619000.0,2024-03-04
1709596800000,0.14034,0.1405,0.1316,0.13594,209328000.0,2024-03-05
1709683200000,0.13595,0.13842,0.13533,0.1378,110795000.0,2024-03-06
1709769600000,0.1378,0.1381,0.1363,0.13716,64283000.0,2024-03-07
1709856000000,0.13717,0.13785,0.1358,0.13662,68239000.0,2024-03-08
1709942400000,0.13662,0.13719,0.13555,0.13581,35789000.0,2024-03-09
1710028800000,0.13582,0.13619,0.1332,0.13373,53103000.0,2024-03-10
1710115200000,0.13373,0.13425,0.13149,0.13379,136264000.0,2024-03-11
1710201600000,0.13378,0.13424,0.13022,0.1315,116814000.0,2024-03-12
1710288000000,0.13151,0.13239,0.13091,0.13204,64979000.0,2024-03-13
1710374400000,0.13204,0.13215,0.1271,0.12919,145293000.0,2024-03-14
1710460800000,0.1292,0.12945,0.12505,0.1264,144889000.0,2024-03-15
1710547200000,0.12642,0.12762,0.12465,0.12533,68825000.0,2024-03-16
1710633600000,0.12533,0.12658,0.12395,0.12626,70181000.0,2024-03-17
1710720000000,0.12625,0.12675,0.12281,0.12419,85050000.0,2024-03-18
1710806400000,0.1242,0.12453,0.11025,0.1124,318776000.0,2024-03-19
1710892800000,0.11238,0.12126,0.11021,0.12078,212639000.0,2024-03-20
1710979200000,0.12079,0.1222,0.12027,0.12123,104574000.0,2024-03-21
1711065600000,0.12123,0.12159,0.11491,0.11738,120231000.0,2024-03-22
1711152000000,0.11743,0.11978,0.11604,0.11825,91955000.0,2024-03-23
1711238400000,0.11822,0.12058,0.1165,0.12017,100185000.0,2024-03-24
1711324800000,0.12019,0.12106,0.1172,0.12039,83476000.0,2024-03-25
1711411200000,0.12039,0.12309,0.12032,0.12081,101869000.0,2024-03-26
1711497600000,0.12083,0.12158,0.11892,0.11941,67801000.0,2024-03-27
1711584000000,0.11943,0.12072,0.11901,0.12048,34201000.0,2024-03-28
1711670400000,0.12049,0.12132,0.11941,0.11999,51894000.0,2024-03-29
1711756800000,0.12,0.12303,0.11999,0.12259,65970000.0,2024-03-30
1711843200000,0.12258,0.12335,0.12139,0.12303,53222000.0,2024-03-31
1711929600000,0.12303,0.12331,0.11955,0.12055,80049000.0,2024-04-01
1712016000000,0.12056,0.12059,0.11569,0.1166,96987000.0,2024-04-02
1712102400000,0.11659,0.11852,0.11551,0.11716,75436000.0,2024-04-03
1712188800000,0.11716,0.11955,0.11679,0.11918,57716000.0,2024-04-04
1712275200000,0.11919,0.11946,0.11721,0.11789,64322000.0,2024-04-05
1712361600000,0.11788,0.11995,0.11772,0.11959,43638000.0,2024-04-06
1712448000000,0.1196,0.12102,0.11959,0.12057,37454000.0,2024-04-07
1712534400000,0.12058,0.12704,0.12058,0.12302,88443000.0,2024-04-08
1712620800000,0.12303,0.12308,0.12028,0.12104,81291000.0,2024-04-09
1712707200000,0.12104,0.12408,0.11768,0.11914,216664000.0,2024-04-10
1712793600000,0.11913,0.12052,0.11889,0.12038,88779100.0,2024-04-11
1712880000000,0.12038,0.12241,0.11264,0.11489,247287000.0,2024-04-12
1712966400000,0.11489,0.11547,0.10671,0.11026,276417500.0,2024-04-13
1713052800000,0.11026,0.11269,0.10879,0.11247,155250400.0,2024-04-14
1713139200000,0.11248,0.11544,0.10979,0.11149,164838800.0,2024-04-15
1713225600000,0.11151,0.11212,0.1088,0.1118,136607900.0,2024-04-16
1713312000000,0.1118,0.11306,0.10883,0.10966,125362700.0,2024-04-17
1713398400000,0.10961,0.11025,0.10738,0.10928,111462700.0,2024-04-18
1713484800000,0.10928,0.1107,0.10476,0.10989,158421900.0,2024-04-19
1713571200000,0.10988,0.11121,0.10891,0.1111,73251000.0,2024-04-20
1713657600000,0.11111,0.11156,0.11013,0.11132,51680900.0,2024-04-21
1713744000000,0.11133,0.11249,0.11042,0.11219,61662200.0,2024-04-22
1713830400000,0.11219,0.11372,0.11121,0.11325,51355000.0,2024-04-23
1713916800000,0.11326,0.11421,0.1124,0.11327,73134800.0,2024-04-24
1714003200000,0.11329,0.11747,0.11314,0.11728,99717000.0,2024-04-25
1714089600000,0.11726,0.12064,0.11647,0.12012,106463300.0,2024-04-26
1714176000000,0.12016,0.12112,0.11851,0.11967,95570100.0,2024-04-27
1714262400000,0.11969,0.12277,0.11967,0.12128,84328500.0,2024-04-28
1714348800000,0.12127,0.12154,0.11767,0.11894,108472900.0,2024-04-29
1714435200000,0.11896,0.12093,0.11754,0.11961,187129200.0,2024-04-30
1714521600000,0.1196,0.12115,0.11701,0.12049,149561000.0,2024-05-01
1714608000000,0.1205,0.12343,0.11999,0.12223,93266700.0,2024-05-02
1714694400000,0.12223,0.12392,0.12176,0.1227,59658400.0,2024-05-03
1714780800000,0.12272,0.12362,0.12223,0.12226,45582500.0,2024-05-04
1714867200000,0.12226,0.12232,0.12038,0.12111,41486200.0,2024-05-05
1714953600000,0.12111,0.12209,0.11825,0.1186,71150500.0,2024-05-06
1715040000000,0.1186,0.12346,0.11812,0.12055,102453600.0,2024-05-07
1715126400000,0.12055,0.12388,0.12019,0.12296,132266900.0,2024-05-08
1715212800000,0.12296,0.12716,0.12293,0.12624,155012900.0,2024-05-09
1715299200000,0.12625,0.1276,0.12407,0.12747,139838000.0,2024-05-10
1715385600000,0.12747,0.12774,0.12583,0.12638,53284600.0,2024-05-11
1715472000000,0.12636,0.12746,0.12635,0.12738,29455300.0,2024-05-12
1715558400000,0.12738,0.12755,0.12519,0.12555,80481700.0,2024-05-13
1715644800000,0.12556,0.12589,0.12465,0.12544,50224300.0,2024-05-14
1715731200000,0.12546,0.1281,0.12527,0.12636,55311100.0,2024-05-15
1715817600000,0.12635,0.12681,0.12422,0.12496,99721400.0,2024-05-16
1715904000000,0.12495,0.12513,0.1239,0.1243,54797200.0,2024-05-17
1715990400000,0.1243,0.12457,0.12289,0.12297,46796800.0,2024-05-18
1716076800000,0.12296,0.12311,0.12045,0.12117,47734400.0,2024-05-19
1716163200000,0.12116,0.12453,0.12086,0.12449,72103000.0,2024-05-20
1716249600000,0.12449,0.12473,0.12276,0.12363,75859500.0,2024-05-21
1716336000000,0.12363,0.12395,0.11975,0.12008,78412000.0,2024-05-22
1716422400000,0.12007,0.12007,0.11349,0.11542,141580600.0,2024-05-23
1716508800000,0.11541,0.11582,0.11318,0.1155,77576700.0,2024-05-24
1716595200000,0.1155,0.11611,0.11307,0.11381,58664900.0,2024-05-25
1716681600000,0.11381,0.11419,0.11266,0.11317,37317200.0,2024-05-26
1716768000000,0.11317,0.11332,0.11085,0.11255,92134100.0,2024-05-27
1716854400000,0.11254,0.11264,0.11025,0.1112,108433000.0,2024-05-28
1716940800000,0.11119,0.1125,0.11054,0.11208,61558900.0,2024-05-29
1717027200000,0.11208,0.1123,0.11064,0.112,57498800.0,2024-05-30
1717113600000,0.11201,0.11286,0.11099,0.11211,66950400.0,2024-05-31
1717200000000,0.11211,0.11304,0.11096,0.1126,45957700.0,2024-06-01
1717286400000,0.11261,0.11534,0.11252,0.11475,82433900.0,2024-06-02
1717372800000,0.11475,0.11526,0.11287,0.11332,94901300.0,2024-06-03
1717459200000,0.11333,0.11462,0.11315,0.11448,59199400.0,2024-06-04
1717545600000,0.11449,0.11488,0.11363,0.1146,47199300.0,2024-06-05
1717632000000,0.11459,0.1153,0.11395,0.1148,47156300.0,2024-06-06
1717718400000,0.1148,0.11526,0.109,0.11267,175355900.0,2024-06-07
1717804800000,0.11265,0.11516,0.11217,0.11475,95357500.0,2024-06-08
1717891200000,0.11475,0.11698,0.11372,0.11689,76788200.0,2024-06-09
1717977600000,0.11689,0.11794,0.11596,0.11768,81314500.0,2024-06-10
1718064000000,0.11768,0.11804,0.11596,0.1166,126583300.0,2024-06-11
1718150400000,0.11659,0.11787,0.11567,0.11647,129750000.0,2024-06-12
1718236800000,0.11647,0.11717,0.11589,0.11692,72449900.0,2024-06-13
1718323200000,0.11696,0.11713,0.11527,0.11651,73874500.0,2024-06-14
1718409600000,0.11651,0.11665,0.11482,0.11526,39089400.0,2024-06-15
1718496000000,0.11528,0.1175,0.11495,0.11736,44572100.0,2024-06-16
1718582400000,0.11738,0.11819,0.11632,0.11673,102995900.0,2024-06-17
1718668800000,0.11673,0.11678,0.1123,0.11543,166362200.0,2024-06-18
1718755200000,0.11543,0.1172,0.11516,0.11579,49978900.0,2024-06-19
1718841600000,0.1158,0.1171,0.11566,0.11678,46467900.0,2024-06-20
1718928000000,0.11678,0.1188,0.11609,0.11836,82923600.0,2024-06-21
1719014400000,0.11837,0.12,0.11791,0.11967,45017600.0,2024-06-22
1719100800000,0.11969,0.12057,0.11895,0.11925,40399200.0,2024-06-23
1719187200000,0.11924,0.12002,0.1175,0.11905,81235700.0,2024-06-24
1719273600000,0.11906,0.1222,0.11906,0.12188,42347100.0,2024-06-25
1719360000000,0.12189,0.1249,0.12178,0.12266,107693400.0,2024-06-26
1719446400000,0.12265,0.12387,0.12193,0.12198,52749300.0,2024-06-27
1719532800000,0.12197,0.12386,0.12174,0.12316,49238800.0,2024-06-28
1719619200000,0.12316,0.12631,0.12299,0.1255,63062500.0,2024-06-29
1719705600000,0.12551,0.12589,0.1246,0.12465,44924600.0,2024-06-30
1719792000000,0.12466,0.12905,0.12462,0.12777,84734200.0,2024-07-01
1719878400000,0.12778,0.12941,0.12771,0.12923,47678500.0,2024-07-02
1719964800000,0.12923,0.13006,0.12817,0.12866,86033300.0,2024-07-03
1720051200000,0.1287,0.12901,0.12549,0.12706,123526100.0,2024-07-04
1720137600000,0.12706,0.12794,0.12074,0.12682,264124100.0,2024-07-05
1720224000000,0.12683,0.13043,0.12636,0.12994,81557300.0,2024-07-06
1720310400000,0.12993,0.131,0.12436,0.12454,84501500.0,2024-07-07
1720396800000,0.12454,0.12653,0.12261,0.12613,102799900.0,2024-07-08
1720483200000,0.12614,0.13,0.12612,0.12997,57388200.0,2024-07-09
1720569600000,0.12998,0.1319,0.12829,0.13149,70169300.0,2024-07-10
1720656000000,0.13149,0.13529,0.13138,0.13428,129562700.0,2024-07-11
1720742400000,0.13427,0.13747,0.13387,0.13734,80223300.0,2024-07-12
1720828800000,0.13734,0.1416,0.1373,0.13936,106901000.0,2024-07-13
1720915200000,0.13937,0.1401,0.13727,0.13758,63490600.0,2024-07-14
1721001600000,0.13755,0.13894,0.13649,0.13736,66329500.0,2024-07-15
1721088000000,0.13735,0.1374,0.1327,0.13394,103040800.0,2024-07-16
1721174400000,0.13394,0.13509,0.13342,0.13352,59403900.0,2024-07-17
1721260800000,0.13351,0.13469,0.13307,0.13451,50776900.0,2024-07-18
1721347200000,0.1345,0.13586,0.13404,0.13466,59815700.0,2024-07-19
1721433600000,0.13464,0.13474,0.13358,0.13466,25780400.0,2024-07-20
1721520000000,0.13467,0.13504,0.13345,0.13424,31324100.0,2024-07-21
1721606400000,0.13424,0.1373,0.13166,0.13229,126866000.0,2024-07-22
1721692800000,0.13229,0.13482,0.13103,0.13415,67132000.0,2024-07-23
1721779200000,0.13414,0.13483,0.13345,0.1343,48984500.0,2024-07-24
1721865600000,0.1343,0.13653,0.13336,0.13556,99401400.0,2024-07-25
1721952000000,0.13558,0.13776,0.13556,0.13746,44882600.0,2024-07-26
1722038400000,0.13745,0.13772,0.13628,0.13718,35176900.0,2024-07-27
1722124800000,0.1372,0.13931,0.13677,0.13856,57554500.0,2024-07-28
1722211200000,0.13856,0.13944,0.13488,0.13746,105245900.0,2024-07-29
1722297600000,0.13746,0.13857,0.1322,0.13305,59689700.0,2024-07-30
1722384000000,0.13309,0.13309,0.12845,0.12868,84776900.0,2024-07-31
1722470400000,0.12865,0.12978,0.12687,0.12827,81741900.0,2024-08-01
1722556800000,0.12828,0.1284,0.12276,0.12363,88893900.0,2024-08-02
1722643200000,0.12365,0.1255,0.12291,0.12544,81093900.0,2024-08-03
1722729600000,0.12544,0.12862,0.12506,0.12628,134993000.0,2024-08-04
1722816000000,0.12632,0.12657,0.11677,0.12152,368603400.0,2024-08-05
1722902400000,0.12153,0.12387,0.12136,0.12343,90557700.0,2024-08-06
1722988800000,0.12342,0.1254,0.12325,0.12472,73941500.0,2024-08-07
1723075200000,0.12472,0.12722,0.12406,0.12708,48807300.0,2024-08-08
1723161600000,0.12706,0.12833,0.12628,0.12833,39440700.0,2024-08-09
1723248000000,0.12833,0.12975,0.12824,0.12899,35629200.0,2024-08-10
1723334400000,0.129,0.12936,0.12729,0.12759,38632300.0,2024-08-11
1723420800000,0.12765,0.12833,0.12596,0.12673,54310400.0,2024-08-12
1723507200000,0.12672,0.12904,0.12546,0.12874,52877900.0,2024-08-13
1723593600000,0.12876,0.13089,0.12858,0.13046,79393700.0,2024-08-14
1723680000000,0.13043,0.13213,0.12962,0.13018,102854100.0,2024-08-15
1723766400000,0.13017,0.13418,0.12936,0.13413,116094000.0,2024-08-16
1723852800000,0.13414,0.1363,0.13323,0.13481,72317300.0,2024-08-17
1723939200000,0.1348,0.13575,0.13308,0.13511,86021400.0,2024-08-18
1724025600000,0.13513,0.14377,0.13322,0.14325,294062100.0,2024-08-19
1724112000000,0.14325,0.16208,0.14235,0.1615,736334200.0,2024-08-20
1724198400000,0.16149,0.16714,0.15312,0.15391,916196300.0,2024-08-21
1724284800000,0.15389,0.1605,0.14784,0.15547,875532400.0,2024-08-22
1724371200000,0.15546,0.15932,0.15342,0.15836,439473500.0,2024-08-23
1724457600000,0.15836,0.16316,0.15729,0.15884,416507400.0,2024-08-24
1724544000000,0.15885,0.16878,0.15632,0.16635,547781500.0,2024-08-25
1724630400000,0.16634,0.16876,0.16131,0.16149,454494900.0,2024-08-26
1724716800000,0.16148,0.16422,0.15554,0.15797,345833300.0,2024-08-27
1724803200000,0.15796,0.15984,0.15702,0.15825,223839800.0,2024-08-28
1724889600000,0.15825,0.16247,0.15806,0.15995,194815200.0,2024-08-29
1724976000000,0.15993,0.16181,0.15898,0.16005,160971100.0,2024-08-30
1725062400000,0.16006,0.16055,0.15655,0.15765,161681000.0,2024-08-31
1725148800000,0.15764,0.15784,0.15387,0.15561,157013600.0,2024-09-01
1725235200000,0.15562,0.157,0.1535,0.15423,152468100.0,2024-09-02
1725321600000,0.15423,0.15475,0.15008,0.15021,140634000.0,2024-09-03
1725408000000,0.15021,0.15233,0.14859,0.15,182173000.0,2024-09-04
1725494400000,0.14999,0.15151,0.14897,0.14977,111370500.0,2024-09-05
1725580800000,0.14976,0.15024,0.14633,0.14798,131274000.0,2024-09-06
1725667200000,0.14798,0.15215,0.14795,0.15165,95992800.0,2024-09-07
1725753600000,0.15165,0.15346,0.15107,0.15319,101061400.0,2024-09-08
1725840000000,0.1532,0.1552,0.1531,0.15459,93419600.0,2024-09-09
1725926400000,0.1546,0.1546,0.15202,0.153,80530000.0,2024-09-10
1726012800000,0.15299,0.15353,0.15163,0.15339,71083000.0,2024-09-11
1726099200000,0.1534,0.1544,0.15179,0.15192,71189700.0,2024-09-12
1726185600000,0.15192,0.15192,0.14839,0.14888,126637000.0,2024-09-13
1726272000000,0.14889,0.14889,0.14681,0.14751,87613400.0,2024-09-14
1726358400000,0.14751,0.14965,0.14696,0.1489,78227900.0,2024-09-15
1726444800000,0.1489,0.14979,0.1477,0.14895,95463300.0,2024-09-16
1726531200000,0.14894,0.15135,0.14892,0.15001,75296700.0,2024-09-17
1726617600000,0.15,0.15034,0.1489,0.14953,68035800.0,2024-09-18
1726704000000,0.14952,0.15168,0.1494,0.15153,78243600.0,2024-09-19
1726790400000,0.15153,0.15286,0.15138,0.15203,62568700.0,2024-09-20
1726876800000,0.15204,0.15251,0.15141,0.15198,31739800.0,2024-09-21
1726963200000,0.15197,0.15214,0.15081,0.15178,43465800.0,2024-09-22
1727049600000,0.15178,0.153,0.15116,0.15235,56095900.0,2024-09-23
1727136000000,0.15235,0.15259,0.15033,0.15123,69857300.0,2024-09-24
1727222400000,0.15123,0.15128,0.1497,0.14998,58225700.0,2024-09-25
1727308800000,0.14997,0.15366,0.14935,0.15309,81287200.0,2024-09-26
1727395200000,0.1531,0.15562,0.1531,0.1551,71987300.0,2024-09-27
1727481600000,0.1551,0.15545,0.15369,0.15508,45761600.0,2024-09-28
1727568000000,0.15508,0.15762,0.15457,0.15637,68136500.0,2024-09-29
1727654400000,0.15636,0.15687,0.15474,0.1559,88827700.0,2024-09-30
1727740800000,0.15588,0.15708,0.15291,0.15352,130942100.0,2024-10-01
1727827200000,0.15353,0.15537,0.15307,0.15452,98331500.0,2024-10-02
1727913600000,0.15453,0.15777,0.15339,0.15771,123429100.0,2024-10-03
1728000000000,0.15772,0.15789,0.15637,0.15645,77783600.0,2024-10-04
1728086400000,0.15644,0.15652,0.15347,0.1535,57142000.0,2024-10-05
1728172800000,0.15348,0.15483,0.15306,0.15432,43416300.0,2024-10-06
1728259200000,0.1543,0.15674,0.15385,0.15584,80889800.0,2024-10-07
1728345600000,0.15585,0.16059,0.15551,0.16001,87228500.0,2024-10-08
1728432000000,0.16,0.1621,0.15943,0.16056,82246600.0,2024-10-09
1728518400000,0.16057,0.16074,0.15857,0.15877,66694300.0,2024-10-10
1728604800000,0.15878,0.16156,0.15806,0.15978,64509800.0,2024-10-11
1728691200000,0.1598,0.1641,0.15902,0.1625,79008700.0,2024-10-12
1728777600000,0.1625,0.16349,0.16184,0.1626,47019800.0,2024-10-13
1728864000000,0.16261,0.1632,0.15966,0.16054,109187800.0,2024-10-14
1728950400000,0.16055,0.16062,0.15749,0.15882,82382000.0,2024-10-15
1729036800000,0.15881,0.16036,0.15838,0.16007,60940900.0,2024-10-16
1729123200000,0.16006,0.16057,0.1591,0.15943,44551200.0,2024-10-17
1729209600000,0.15943,0.15954,0.15826,0.15843,46965100.0,2024-10-18
1729296000000,0.15841,0.15866,0.15607,0.15671,62252900.0,2024-10-19
1729382400000,0.15671,0.15692,0.15598,0.15676,36544800.0,2024-10-20
1729468800000,0.15675,0.1588,0.15537,0.15835,90487300.0,2024-10-21
1729555200000,0.15834,0.16079,0.15642,0.1603,95651300.0,2024-10-22
1729641600000,0.16031,0.16072,0.15924,0.16038,59448000.0,2024-10-23
1729728000000,0.16038,0.16506,0.16037,0.16459,108332200.0,2024-10-24
1729814400000,0.16459,0.16693,0.16182,0.16254,196758700.0,2024-10-25
1729900800000,0.16256,0.1654,0.16233,0.16513,101399600.0,2024-10-26
1729987200000,0.16514,0.16632,0.16393,0.16396,76435200.0,2024-10-27
1730073600000,0.16396,0.16448,0.16307,0.16419,68484500.0,2024-10-28
1730160000000,0.16418,0.1685,0.16399,0.1664,102666500.0,2024-10-29
1730246400000,0.16639,0.16984,0.16601,0.16924,116271400.0,2024-10-30
1730332800000,0.16926,0.1709,0.16755,0.1685,106284400.0,2024-10-31
1730419200000,0.16849,0.16884,0.16613,0.16743,89554700.0,2024-11-01
1730505600000,0.16742,0.16774,0.16581,0.16613,41282000.0,2024-11-02
1730592000000,0.16614,0.16619,0.1631,0.16511,90786300.0,2024-11-03
1730678400000,0.16512,0.1658,0.16249,0.1629,83558700.0,2024-11-04
1730764800000,0.16289,0.16331,0.15965,0.16001,106953200.0,2024-11-05
1730851200000,0.16002,0.16411,0.15987,0.16251,161335300.0,2024-11-06
1730937600000,0.1625,0.16302,0.15951,0.16013,117758600.0,2024-11-07
1731024000000,0.16013,0.16194,0.15988,0.16098,72500300.0,2024-11-08
1731110400000,0.16097,0.16232,0.15969,0.16211,68567700.0,2024-11-09
1731196800000,0.16212,0.16695,0.16129,0.16404,185002700.0,2024-11-10
1731283200000,0.16403,0.16801,0.16322,0.16793,170098900.0,2024-11-11
1731369600000,0.16792,0.19047,0.16433,0.18742,564355200.0,2024-11-12
1731456000000,0.1874,0.19249,0.17347,0.17707,391323100.0,2024-11-13
1731542400000,0.17706,0.18512,0.17553,0.17647,277733200.0,2024-11-14
1731628800000,0.17647,0.19154,0.17594,0.19126,336092200.0,2024-11-15
1731715200000,0.19126,0.20484,0.18832,0.20017,288902000.0,2024-11-16
1731801600000,0.20017,0.20152,0.19227,0.19954,183838300.0,2024-11-17
1731888000000,0.19956,0.20722,0.19956,0.2021,243238800.0,2024-11-18
1731974400000,0.2021,0.20677,0.19822,0.19954,179030600.0,2024-11-19
1732060800000,0.19957,0.19985,0.19306,0.19462,176652100.0,2024-11-20
1732147200000,0.19462,0.20244,0.19281,0.1987,189980800.0,2024-11-21
1732233600000,0.19868,0.20488,0.19666,0.20483,152977200.0,2024-11-22
1732320000000,0.20485,0.2261,0.2048,0.21201,310978400.0,2024-11-23
1732406400000,0.21203,0.21733,0.20051,0.20868,270707100.0,2024-11-24
1732492800000,0.20869,0.21339,0.19377,0.19593,320298800.0,2024-11-25
1732579200000,0.1959,0.201,0.186,0.19443,259502800.0,2024-11-26
1732665600000,0.19442,0.20242,0.19331,0.20104,135700200.0,2024-11-27
1732752000000,0.20104,0.20376,0.19731,0.20331,151701100.0,2024-11-28
1732838400000,0.20332,0.20725,0.20066,0.20442,92792000.0,2024-11-29
1732924800000,0.20445,0.20741,0.20239,0.2048,93167300.0,2024-11-30
1733011200000,0.20482,0.20992,0.20202,0.20727,139600600.0,2024-12-01
1733097600000,0.2073,0.22127,0.2031,0.22113,347129200.0,2024-12-02
1733184000000,0.22113,0.45,0.22113,0.43345,2174626600.0,2024-12-03
1733270400000,0.4334,0.45092,0.32106,0.33061,3955906600.0,2024-12-04
1733356800000,0.33062,0.34638,0.31279,0.32245,1392568300.0,2024-12-05
1733443200000,0.3224,0.3296,0.30853,0.32563,499869300.0,2024-12-06
1733529600000,0.32561,0.3359,0.31608,0.31887,395732100.0,2024-12-07
1733616000000,0.31887,0.3236,0.306,0.31849,250332800.0,2024-12-08
1733702400000,0.31846,0.32128,0.23376,0.26275,868157600.0,2024-12-09
1733788800000,0.2627,0.2799,0.24376,0.26945,824564500.0,2024-12-10
1733875200000,0.26943,0.28745,0.26115,0.28224,359095100.0,2024-12-11
1733961600000,0.28222,0.30978,0.28,0.2968,593880900.0,2024-12-12
1734048000000,0.29679,0.30236,0.28362,0.29079,311757600.0,2024-12-13
1734134400000,0.2908,0.29769,0.27769,0.2824,257218900.0,2024-12-14
1734220800000,0.28246,0.28687,0.27514,0.28574,163818900.0,2024-12-15
1734307200000,0.28574,0.30484,0.27646,0.2967,425192200.0,2024-12-16
1734393600000,0.29669,0.29783,0.27739,0.27962,416949400.0,2024-12-17
1734480000000,0.27963,0.2816,0.25423,0.25792,415257700.0,2024-12-18
1734566400000,0.25793,0.26647,0.24356,0.2511,429257800.0,2024-12-19
1734652800000,0.25109,0.25465,0.22401,0.24866,516407400.0,2024-12-20
1734739200000,0.24867,0.25635,0.24184,0.245,255967700.0,2024-12-21
1734825600000,0.24502,0.25093,0.24143,0.2443,217083400.0,2024-12-22
1734912000000,0.24429,0.25379,0.24106,0.2525,198619900.0,2024-12-23
1734998400000,0.25253,0.25951,0.2501,0.25644,118521900.0,2024-12-24
1735084800000,0.25645,0.25894,0.25535,0.25807,93754100.0,2024-12-25
1735171200000,0.25805,0.25906,0.24947,0.25385,144581300.0,2024-12-26
1735257600000,0.25385,0.26554,0.25289,0.25939,212044700.0,2024-12-27
1735344000000,0.25938,0.26344,0.25651,0.25833,113429800.0,2024-12-28
1735430400000,0.25833,0.26348,0.25656,0.2579,152359300.0,2024-12-29
1735516800000,0.25792,0.25988,0.25,0.25354,183497100.0,2024-12-30
1735603200000,0.25352,0.25771,0.25128,0.25471,103869900.0,2024-12-31
1735689600000,0.25468,0.25655,0.25278,0.25597,87694300.0,2025-01-01
1735776000000,0.25596,0.26706,0.25572,0.26524,161676400.0,2025-01-02
1735862400000,0.26527,0.27158,0.26062,0.2702,165243000.0,2025-01-03
1735948800000,0.27021,0.27442,0.26637,0.2696,139768400.0,2025-01-04
1736035200000,0.26961,0.26977,0.26113,0.2627,123000400.0,2025-01-05
1736121600000,0.26266,0.26987,0.25945,0.26839,153598900.0,2025-01-06
1736208000000,0.2684,0.27172,0.25207,0.25254,259788000.0,2025-01-07
1736294400000,0.25254,0.25505,0.24406,0.25054,238929800.0,2025-01-08
1736380800000,0.25053,0.25149,0.23652,0.24021,223951500.0,2025-01-09
1736467200000,0.24019,0.24489,0.2373,0.2445,140805100.0,2025-01-10
1736553600000,0.24451,0.24463,0.24042,0.24095,55643400.0,2025-01-11
1736640000000,0.24094,0.2413,0.23146,0.23358,77367300.0,2025-01-12
1736726400000,0.23357,0.23738,0.21677,0.22292,293464400.0,2025-01-13
1736812800000,0.22292,0.22705,0.22038,0.22084,137798100.0,2025-01-14
1736899200000,0.22084,0.23834,0.22044,0.23808,227429500.0,2025-01-15
1736985600000,0.23807,0.24131,0.23284,0.2371,213677500.0,2025-01-16
1737072000000,0.23711,0.2495,0.2371,0.24877,133291200.0,2025-01-17
1737158400000,0.2488,0.26832,0.23823,0.24237,547360500.0,2025-01-18
1737244800000,0.24235,0.24675,0.22575,0.22855,428004400.0,2025-01-19
1737331200000,0.22859,0.25668,0.22379,0.23816,601420500.0,2025-01-20
1737417600000,0.23818,0.24691,0.235,0.24483,208829500.0,2025-01-21
1737504000000,0.24483,0.25859,0.24475,0.25373,222422650.0,2025-01-22
1737590400000,0.25375,0.25477,0.24386,0.25266,234449370.0,2025-01-23
1737676800000,0.25267,0.26148,0.25024,0.25434,156160070.0,2025-01-24
1737763200000,0.25434,0.25793,0.25281,0.2534,108674590.0,2025-01-25
1737849600000,0.25338,0.25425,0.24604,0.24613,89468320.0,2025-01-26
1737936000000,0.24613,0.24701,0.23194,0.24653,204364710.0,2025-01-27
1738022400000,0.24653,0.24843,0.23838,0.23994,94213470.0,2025-01-28
1738108800000,0.23995,0.24386,0.23571,0.24007,107741520.0,2025-01-29
1738195200000,0.24008,0.25365,0.239,0.25198,105170710.0,2025-01-30
1738281600000,0.25193,0.25841,0.25104,0.2537,130003850.0,2025-01-31
1738368000000,0.25374,0.25661,0.24378,0.24422,116444120.0,2025-02-01
1738454400000,0.24424,0.24635,0.22216,0.22561,273002440.0,2025-02-02
1738540800000,0.22562,0.23013,0.19864,0.22871,517408660.0,2025-02-03
1738627200000,0.22869,0.22956,0.2157,0.22455,252394670.0,2025-02-04
1738713600000,0.22454,0.22731,0.22144,0.22248,97420060.0,2025-02-05
1738800000000,0.22251,0.2329,0.22129,0.23161,159275260.0,2025-02-06
1738886400000,0.2316,0.23499,0.22726,0.23012,168976150.0,2025-02-07
1738972800000,0.23011,0.23465,0.22847,0.23127,99453810.0,2025-02-08
1739059200000,0.23127,0.23798,0.23086,0.2322,106085880.0,2025-02-09
1739145600000,0.23223,0.24692,0.22775,0.24634,162306080.0,2025-02-10
1739232000000,0.24634,0.24916,0.23995,0.24096,121908090.0,2025-02-11
1739318400000,0.24096,0.24573,0.2356,0.24334,140303640.0,2025-02-12
1739404800000,0.24334,0.24428,0.23368,0.23412,107029460.0,2025-02-13
1739491200000,0.23414,0.23678,0.2298,0.23151,108221610.0,2025-02-14
1739577600000,0.2315,0.23817,0.2302,0.2375,80726840.0,2025-02-15
1739664000000,0.23752,0.24399,0.2354,0.24231,104827420.0,2025-02-16
1739750400000,0.24231,0.24799,0.2383,0.2387,118734300.0,2025-02-17
1739836800000,0.23872,0.24133,0.23236,0.23927,113898180.0,2025-02-18
1739923200000,0.23924,0.24413,0.23924,0.24231,77659050.0,2025-02-19
1740009600000,0.24231,0.24784,0.23761,0.2463,93501050.0,2025-02-20
1740096000000,0.24631,0.25067,0.23541,0.23785,140389270.0,2025-02-21
1740182400000,0.23785,0.23978,0.23441,0.23931,91891130.0,2025-02-22
1740268800000,0.23931,0.24629,0.2379,0.24601,91277830.0,2025-02-23
1740355200000,0.24604,0.24917,0.23914,0.24006,185624560.0,2025-02-24
1740441600000,0.24003,0.24408,0.22513,0.23077,331395110.0,2025-02-25
1740528000000,0.23076,0.23195,0.22256,0.22712,198506790.0,2025-02-26
1740614400000,0.22713,0.22983,0.2255,0.22859,103344270.0,2025-02-27
1740700800000,0.2286,0.2335,0.21682,0.2333,235584760.0,2025-02-28
1740787200000,0.23333,0.2373,0.22955,0.23411,97298420.0,2025-03-01
1740873600000,0.23412,0.24762,0.23193,0.24407,157920240.0,2025-03-02
1740960000000,0.2441,0.2458,0.22724,0.23121,274908900.0,2025-03-03
1741046400000,0.2312,0.24307,0.2266,0.2426,267801530.0,2025-03-04
1741132800000,0.2426,0.24608,0.2406,0.24361,116275810.0,2025-03-05
1741219200000,0.24358,0.24697,0.239,0.24002,115892510.0,2025-03-06
1741305600000,0.24005,0.2469,0.23502,0.24359,170800530.0,2025-03-07
1741392000000,0.2436,0.25119,0.24354,0.24387,146698630.0,2025-03-08
1741478400000,0.24387,0.24426,0.23157,0.23204,162981490.0,2025-03-09
1741564800000,0.23207,0.23814,0.22679,0.22906,225796320.0,2025-03-10
1741651200000,0.22907,0.23256,0.22238,0.22424,231924700.0,2025-03-11
1741737600000,0.22423,0.22638,0.21982,0.2229,158551320.0,2025-03-12
1741824000000,0.2229,0.22692,0.22211,0.22517,126119270.0,2025-03-13
1741910400000,0.22517,0.2263,0.22049,0.22248,126040270.0,2025-03-14
1741996800000,0.22247,0.22514,0.21999,0.22155,113668430.0,2025-03-15
1742083200000,0.22154,0.22166,0.21076,0.21191,175424080.0,2025-03-16
1742169600000,0.2119,0.22234,0.21095,0.22068,181377450.0,2025-03-17
1742256000000,0.22067,0.23946,0.22,0.23706,202619840.0,2025-03-18
1742342400000,0.23709,0.24383,0.22876,0.23087,279512830.0,2025-03-19
1742428800000,0.2309,0.23706,0.22852,0.23375,157374520.0,2025-03-20
1742515200000,0.23376,0.23794,0.2299,0.2336,99138120.0,2025-03-21
1742601600000,0.2336,0.23849,0.23284,0.23705,72919540.0,2025-03-22
1742688000000,0.23704,0.24091,0.22963,0.23002,101913730.0,2025-03-23
1742774400000,0.23001,0.23021,0.22504,0.22813,149196320.0,2025-03-24
1742860800000,0.22813,0.22914,0.22585,0.22726,75663180.0,2025-03-25
1742947200000,0.2273,0.23192,0.22676,0.23142,98109320.0,2025-03-26
1743033600000,0.23142,0.23542,0.23075,0.23509,96499930.0,2025-03-27
1743120000000,0.2351,0.23522,0.229,0.23232,114567840.0,2025-03-28
1743206400000,0.23239,0.23587,0.23151,0.23166,109421470.0,2025-03-29
1743292800000,0.23165,0.23291,0.22947,0.23183,126587900.0,2025-03-30
1743379200000,0.23185,0.24019,0.23092,0.23876,124951650.0,2025-03-31
1743465600000,0.23876,0.23919,0.23316,0.23782,124285400.0,2025-04-01
1743552000000,0.23781,0.24027,0.23208,0.23407,170871430.0,2025-04-02
1743638400000,0.23404,0.2387,0.22996,0.2382,143734120.0,2025-04-03
1743724800000,0.23823,0.24193,0.23654,0.23915,118861710.0,2025-04-04
1743811200000,0.23915,0.23928,0.23576,0.2374,71096640.0,2025-04-05
1743897600000,0.2374,0.24005,0.22826,0.23012,137205760.0,2025-04-06
1743984000000,0.23012,0.23231,0.22072,0.22868,241061050.0,2025-04-07
1744070400000,0.22867,0.23686,0.22859,0.23057,260968490.0,2025-04-08
1744156800000,0.23058,0.2393,0.22619,0.23853,282101660.0,2025-04-09
1744243200000,0.23853,0.24426,0.23453,0.23633,224009590.0,2025-04-10
1744329600000,0.23634,0.24393,0.23442,0.24294,127885510.0,2025-04-11
1744416000000,0.24295,0.2509,0.24024,0.24603,143309100.0,2025-04-12
1744502400000,0.24603,0.25474,0.24554,0.25474,186784680.0,2025-04-13
1744588800000,0.25475,0.25986,0.25129,0.25219,218995700.0,2025-04-14
1744675200000,0.25218,0.25389,0.24683,0.25048,146508910.0,2025-04-15
1744761600000,0.25049,0.25527,0.24737,0.24749,162462690.0,2025-04-16
1744848000000,0.24749,0.25056,0.24381,0.24779,156297820.0,2025-04-17
1744934400000,0.24778,0.24793,0.23964,0.23983,115674360.0,2025-04-18
1745020800000,0.23983,0.24464,0.23961,0.24403,84143400.0,2025-04-19
1745107200000,0.24404,0.24687,0.24122,0.2437,86523380.0,2025-04-20
1745193600000,0.24371,0.24698,0.24086,0.24636,124462940.0,2025-04-21
1745280000000,0.24637,0.24933,0.24361,0.24833,132250300.0,2025-04-22
1745366400000,0.24833,0.24993,0.24319,0.24625,117333070.0,2025-04-23
1745452800000,0.24625,0.24755,0.24182,0.24531,112578300.0,2025-04-24
1745539200000,0.24534,0.24583,0.23749,0.2417,127165230.0,2025-04-25
1745625600000,0.2417,0.25327,0.24154,0.25192,166845220.0,2025-04-26
1745712000000,0.25192,0.2545,0.24509,0.24516,139274580.0,2025-04-27
1745798400000,0.24516,0.24832,0.24321,0.24819,117136410.0,2025-04-28
1745884800000,0.2482,0.24982,0.24278,0.2437,91818290.0,2025-04-29
1745971200000,0.2437,0.2472,0.24211,0.24635,97327340.0,2025-04-30
1746057600000,0.24638,0.24953,0.2437,0.24456,68753760.0,2025-05-01
1746144000000,0.24453,0.24835,0.24308,0.24778,84261560.0,2025-05-02
1746230400000,0.24777,0.24973,0.24436,0.24535,108004320.0,2025-05-03
1746316800000,0.24534,0.24887,0.24488,0.24702,95143200.0,2025-05-04
1746403200000,0.24703,0.25041,0.24588,0.2481,119294570.0,2025-05-05
1746489600000,0.24809,0.24879,0.24363,0.24575,111911600.0,2025-05-06
1746576000000,0.24575,0.24907,0.24336,0.24857,97873460.0,2025-05-07
1746662400000,0.24857,0.2579,0.24821,0.257,158408850.0,2025-05-08
1746748800000,0.257,0.26624,0.25401,0.2601,200058330.0,2025-05-09
1746835200000,0.26009,0.26687,0.25845,0.26615,144634200.0,2025-05-10
1746921600000,0.26616,0.26876,0.25911,0.26516,171977980.0,2025-05-11
1747008000000,0.26518,0.28025,0.26257,0.27161,346503920.0,2025-05-12
1747094400000,0.2716,0.27298,0.26058,0.27076,180863360.0,2025-05-13
1747180800000,0.27075,0.28004,0.26891,0.2745,185077670.0,2025-05-14
1747267200000,0.27449,0.27632,0.26702,0.2732,172983930.0,2025-05-15
1747353600000,0.27316,0.27814,0.27031,0.27144,127558390.0,2025-05-16
1747440000000,0.27144,0.27219,0.26672,0.26943,113478480.0,2025-05-17
1747526400000,0.26943,0.27466,0.26338,0.26787,145671000.0,2025-05-18
1747612800000,0.26783,0.26787,0.26027,0.26651,125780620.0,2025-05-19
1747699200000,0.26651,0.27551,0.26583,0.26904,179154000.0,2025-05-20
1747785600000,0.26904,0.27441,0.26549,0.26814,163609120.0,2025-05-21
1747872000000,0.26814,0.28228,0.26713,0.27584,205052160.0,2025-05-22
1747958400000,0.27587,0.27627,0.26347,0.2686,238503300.0,2025-05-23
1748044800000,0.26862,0.2739,0.26841,0.27008,93660890.0,2025-05-24
1748131200000,0.2701,0.27552,0.26846,0.27209,123048730.0,2025-05-25
1748217600000,0.27208,0.27481,0.27015,0.27372,90823030.0,2025-05-26
1748304000000,0.27374,0.27885,0.2718,0.2778,124053020.0,2025-05-27
1748390400000,0.27781,0.27971,0.27282,0.27355,95212670.0,2025-05-28
1748476800000,0.27355,0.27821,0.27226,0.27445,117419660.0,2025-05-29
1748563200000,0.27444,0.27625,0.26646,0.26688,150388480.0,2025-05-30
1748649600000,0.26685,0.26937,0.26282,0.26549,116866730.0,2025-05-31
1748736000000,0.26549,0.27124,0.26468,0.27062,66437210.0,2025-06-01
1748822400000,0.27064,0.27174,0.26567,0.26857,78780290.0,2025-06-02
1748908800000,0.2686,0.2719,0.26806,0.27011,52186630.0,2025-06-03
1748995200000,0.2701,0.27468,0.26766,0.27414,82589750.0,2025-06-04
1749081600000,0.27416,0.28499,0.26586,0.28175,176009190.0,2025-06-05
1749168000000,0.28174,0.28236,0.27534,0.27779,180143510.0,2025-06-06
1749254400000,0.27778,0.28696,0.27709,0.28673,95483560.0,2025-06-07
1749340800000,0.28673,0.28762,0.28127,0.28154,93945010.0,2025-06-08
1749427200000,0.28156,0.29004,0.28056,0.28673,99729930.0,2025-06-09
1749513600000,0.28672,0.29444,0.28544,0.29255,106827690.0,2025-06-10
1749600000000,0.2926,0.29485,0.27662,0.27943,208750230.0,2025-06-11
1749686400000,0.27943,0.27943,0.27019,0.27177,197934170.0,2025-06-12
1749772800000,0.27179,0.27449,0.2665,0.26954,222268040.0,2025-06-13
1749859200000,0.26954,0.27199,0.2682,0.27097,74397520.0,2025-06-14
1749945600000,0.27096,0.27405,0.27007,0.27374,56173990.0,2025-06-15
1750032000000,0.27374,0.29538,0.26965,0.27377,484542610.0,2025-06-16
1750118400000,0.27379,0.27976,0.27007,0.27124,206118300.0,2025-06-17
1750204800000,0.27125,0.27484,0.26734,0.27283,118999490.0,2025-06-18
1750291200000,0.27285,0.27624,0.27192,0.27459,75224050.0,2025-06-19
1750377600000,0.2746,0.27561,0.26984,0.27205,107829250.0,2025-06-20
1750464000000,0.27205,0.27483,0.26865,0.27085,105043060.0,2025-06-21
1750550400000,0.27086,0.27371,0.25841,0.2633,269282630.0,2025-06-22
1750636800000,0.26329,0.27352,0.26308,0.27247,195432400.0,2025-06-23
1750723200000,0.27246,0.27463,0.2702,0.27353,82380100.0,2025-06-24
1750809600000,0.27353,0.27496,0.27,0.27306,98984360.0,2025-06-25
1750896000000,0.27307,0.27451,0.27014,0.27084,88616720.0,2025-06-26
1750982400000,0.27087,0.27348,0.2704,0.27315,58437720.0,2025-06-27
1751068800000,0.27315,0.27668,0.27273,0.27463,80279690.0,2025-06-28
1751155200000,0.27464,0.27685,0.27437,0.27679,75008180.0,2025-06-29
1751241600000,0.27679,0.28063,0.27581,0.27972,86451020.0,2025-06-30
1751328000000,0.27972,0.28029,0.27757,0.27866,70887500.0,2025-07-01
1751414400000,0.27867,0.28523,0.27812,0.28447,128370460.0,2025-07-02
1751500800000,0.28448,0.28741,0.28134,0.2868,128553550.0,2025-07-03
1751587200000,0.2868,0.28793,0.28097,0.2826,111508930.0,2025-07-04
1751673600000,0.28255,0.28491,0.28153,0.28293,54322070.0,2025-07-05
1751760000000,0.28293,0.28746,0.28245,0.28686,70269520.0,2025-07-06
1751846400000,0.28687,0.28884,0.28514,0.28659,74866860.0,2025-07-07
1751932800000,0.28659,0.29,0.28559,0.28734,85579690.0,2025-07-08
1752019200000,0.28734,0.28999,0.28629,0.28964,91760880.0,2025-07-09
1752105600000,0.28964,0.29414,0.28924,0.29389,99111740.0,2025-07-10
1752192000000,0.29389,0.30393,0.29315,0.30126,169431870.0,2025-07-11
1752278400000,0.30127,0.30734,0.29724,0.30241,188098520.0,2025-07-12
1752364800000,0.30242,0.30516,0.29833,0.30278,95527020.0,2025-07-13
1752451200000,0.30278,0.30508,0.29917,0.30266,173672260.0,2025-07-14
1752537600000,0.30266,0.30324,0.29498,0.30048,222930410.0,2025-07-15
1752624000000,0.30049,0.31019,0.29981,0.30987,159990280.0,2025-07-16
1752710400000,0.30986,0.31948,0.30767,0.31557,283650690.0,2025-07-17
1752796800000,0.31559,0.33486,0.31542,0.32635,388306910.0,2025-07-18
1752883200000,0.32635,0.32807,0.3171,0.318,217534360.0,2025-07-19
1752969600000,0.318,0.32124,0.31221,0.31416,163878390.0,2025-07-20
1753056000000,0.31416,0.31968,0.31093,0.31458,185363400.0,2025-07-21
1753142400000,0.31459,0.31669,0.30523,0.31615,280528030.0,2025-07-22
1753228800000,0.31615,0.3191,0.3047,0.30968,347390110.0,2025-07-23
1753315200000,0.30968,0.31608,0.30024,0.31388,345030240.0,2025-07-24
1753401600000,0.31389,0.31808,0.31051,0.31722,321029920.0,2025-07-25
1753488000000,0.31722,0.32095,0.3162,0.32015,121567050.0,2025-07-26
1753574400000,0.32014,0.32313,0.31874,0.32001,125509570.0,2025-07-27
1753660800000,0.32,0.32837,0.31908,0.32258,213670490.0,2025-07-28
1753747200000,0.32258,0.35136,0.3212,0.33856,583244430.0,2025-07-29
1753833600000,0.33855,0.34047,0.32002,0.32748,290939600.0,2025-07-30
1753920000000,0.32747,0.32984,0.32374,0.32477,152726550.0,2025-07-31
1754006400000,0.32474,0.32863,0.32079,0.32339,345104370.0,2025-08-01
1754092800000,0.32338,0.32898,0.31803,0.32197,221335980.0,2025-08-02
1754179200000,0.32197,0.32816,0.32015,0.32751,120955360.0,2025-08-03
1754265600000,0.32751,0.33326,0.32694,0.33273,94413850.0,2025-08-04
1754352000000,0.33274,0.33519,0.32943,0.33378,120186350.0,2025-08-05
1754438400000,0.33379,0.33798,0.33112,0.33717,122241720.0,2025-08-06
1754524800000,0.33719,0.34247,0.3365,0.33826,193979170.0,2025-08-07
1754611200000,0.33826,0.34005,0.33432,0.33768,223748340.0,2025-08-08
1754697600000,0.33768,0.33893,0.33465,0.33489,116772030.0,2025-08-09
1754784000000,0.3349,0.3424,0.33474,0.33801,143906820.0,2025-08-10
1754870400000,0.33802,0.34612,0.33787,0.34508,143345150.0,2025-08-11
1754956800000,0.34509,0.35403,0.34416,0.35241,179210080.0,2025-08-12
1755043200000,0.3524,0.36279,0.35171,0.3622,161543560.0,2025-08-13
1755129600000,0.36221,0.37061,0.35206,0.3577,416625630.0,2025-08-14
1755216000000,0.35768,0.36219,0.34788,0.35252,229373560.0,2025-08-15
1755302400000,0.35251,0.35489,0.34474,0.34776,137831800.0,2025-08-16
1755388800000,0.34776,0.35523,0.34703,0.35326,134147090.0,2025-08-17
1755475200000,0.35328,0.3542,0.3439,0.3502,185675850.0,2025-08-18
1755561600000,0.35021,0.3529,0.34529,0.34721,236240990.0,2025-08-19
1755648000000,0.34722,0.35544,0.34564,0.35437,256380380.0,2025-08-20
1755734400000,0.35437,0.35749,0.35031,0.35345,175166300.0,2025-08-21
1755820800000,0.35346,0.36745,0.35302,0.36666,216196990.0,2025-08-22
1755907200000,0.36668,0.36727,0.35986,0.3624,139200180.0,2025-08-23
1755993600000,0.3624,0.36868,0.36077,0.3613,183972310.0,2025-08-24
1756080000000,0.3613,0.36146,0.34123,0.34133,262285670.0,2025-08-25
1756166400000,0.34133,0.35295,0.33814,0.35169,153470970.0,2025-08-26
1756252800000,0.35169,0.35169,0.34439,0.3449,113330540.0,2025-08-27
1756339200000,0.3449,0.3497,0.34206,0.34498,117796840.0,2025-08-28
1756425600000,0.34496,0.3458,0.3329,0.33846,164926050.0,2025-08-29
1756512000000,0.33848,0.3407,0.3357,0.33891,60469700.0,2025-08-30
1756598400000,0.33892,0.34377,0.33892,0.34081,52337810.0,2025-08-31
1756684800000,0.34082,0.34137,0.33365,0.33706,98561870.0,2025-09-01
1756771200000,0.33707,0.34055,0.33495,0.33791,77805900.0,2025-09-02
1756857600000,0.33791,0.34187,0.33638,0.34037,46683220.0,2025-09-03
1756944000000,0.34037,0.34152,0.33325,0.33426,81780570.0,2025-09-04
1757030400000,0.33426,0.3391,0.33007,0.33107,124541720.0,2025-09-05
1757116800000,0.33105,0.3322,0.29698,0.3138,265575760.0,2025-09-06
1757203200000,0.3138,0.33149,0.30987,0.33104,284533930.0,2025-09-07
1757289600000,0.33104,0.33618,0.32903,0.33109,162479240.0,2025-09-08
1757376000000,0.33108,0.339,0.3295,0.33491,146194170.0,2025-09-09
1757462400000,0.33494,0.34009,0.33433,0.33811,64435670.0,2025-09-10
1757548800000,0.3381,0.348,0.3378,0.34606,102727710.0,2025-09-11
1757635200000,0.34605,0.35439,0.34601,0.3526,76067770.0,2025-09-12
1757721600000,0.3526,0.35477,0.34662,0.34963,75522500.0,2025-09-13
1757808000000,0.34963,0.35199,0.34621,0.34833,66559340.0,2025-09-14
1757894400000,0.34831,0.35228,0.3419,0.34471,121507590.0,2025-09-15
1757980800000,0.3447,0.34711,0.33933,0.3422,85665920.0,2025-09-16
1758067200000,0.34219,0.34456,0.33833,0.34292,97842820.0,2025-09-17
1758153600000,0.34293,0.35225,0.3423,0.35053,100751400.0,2025-09-18
1758240000000,0.35053,0.35273,0.3428,0.34354,100700330.0,2025-09-19
1758326400000,0.34355,0.34822,0.3425,0.34654,57643700.0,2025-09-20
1758412800000,0.34653,0.34678,0.34132,0.34223,64265380.0,2025-09-21
1758499200000,0.34223,0.34292,0.33333,0.33985,209092500.0,2025-09-22
1758585600000,0.33984,0.34252,0.33415,0.33568,107523610.0,2025-09-23
1758672000000,0.33568,0.33938,0.3339,0.33802,69105290.0,2025-09-24
1758758400000,0.33802,0.33844,0.32971,0.33168,123221080.0,2025-09-25
1758844800000,0.33169,0.33872,0.33164,0.33824,107302570.0,2025-09-26
1758931200000,0.33824,0.3399,0.33524,0.33635,43792490.0,2025-09-27
1759017600000,0.33634,0.33718,0.33376,0.33549,46211170.0,2025-09-28
1759104000000,0.33549,0.3376,0.3321,0.33673,80945430.0,2025-09-29
1759190400000,0.33674,0.33783,0.33116,0.33346,66095510.0,2025-09-30
1759276800000,0.33347,0.34228,0.33282,0.34149,75668720.0,2025-10-01
1759363200000,0.34146,0.3439,0.34063,0.34247,59415510.0,2025-10-02
1759449600000,0.34248,0.34573,0.34069,0.34173,94564170.0,2025-10-03
1759536000000,0.34174,0.34233,0.33905,0.34026,41069640.0,2025-10-04
1759622400000,0.34027,0.34429,0.33953,0.34129,53842960.0,2025-10-05
1759708800000,0.34129,0.3472,0.34023,0.34613,73095170.0,2025-10-06
1759795200000,0.34614,0.34714,0.33694,0.33758,76430270.0,2025-10-07
1759881600000,0.3376,0.34259,0.33603,0.34197,61083880.0,2025-10-08
1759968000000,0.34198,0.34228,0.3338,0.33679,70211280.0,2025-10-09
1760054400000,0.3368,0.3371,0.29698,0.32075,270780760.0,2025-10-10
1760140800000,0.32073,0.32105,0.31118,0.31422,142853230.0,2025-10-11
1760227200000,0.31423,0.32396,0.31048,0.32269,122280530.0,2025-10-12
1760313600000,0.3227,0.32425,0.31941,0.32238,106300870.0,2025-10-13
1760400000000,0.32238,0.32287,0.30709,0.31659,149886720.0,2025-10-14
1760486400000,0.3166,0.32142,0.31105,0.31912,138071710.0,2025-10-15
1760572800000,0.31913,0.32347,0.31286,0.31592,199373940.0,2025-10-16
1760659200000,0.31591,0.31785,0.30407,0.3087,176257340.0,2025-10-17
1760745600000,0.30869,0.31459,0.30839,0.31278,74964500.0,2025-10-18
1760832000000,0.31278,0.32114,0.31211,0.32039,91198830.0,2025-10-19
1760918400000,0.32039,0.32422,0.31769,0.32231,127083090.0,2025-10-20
1761004800000,0.3223,0.32529,0.31704,0.32144,140671030.0,2025-10-21
1761091200000,0.32145,0.325,0.31681,0.32252,159218320.0,2025-10-22
1761177600000,0.32254,0.32352,0.31262,0.31363,135309650.0,2025-10-23
1761264000000,0.31364,0.3148,0.30216,0.30346,169914040.0,2025-10-24
1761350400000,0.30347,0.30379,0.29358,0.29688,178803890.0,2025-10-25
1761436800000,0.29688,0.30158,0.29333,0.30004,131197210.0,2025-10-26
1761523200000,0.30003,0.3021,0.29705,0.29806,87618170.0,2025-10-27
1761609600000,0.29806,0.30144,0.29271,0.29529,92741840.0,2025-10-28
1761696000000,0.29528,0.29832,0.29004,0.29581,99620060.0,2025-10-29
1761782400000,0.29581,0.29846,0.28792,0.29239,160241920.0,2025-10-30
1761868800000,0.29239,0.29691,0.29212,0.29606,72396090.0,2025-10-31
1761955200000,0.29607,0.29792,0.2946,0.29724,40578590.0,2025-11-01
1762041600000,0.29723,0.29847,0.29488,0.29798,41005140.0,2025-11-02
1762128000000,0.29795,0.29836,0.27959,0.28102,187960910.0,2025-11-03
1762214400000,0.28103,0.28587,0.27593,0.28533,213662450.0,2025-11-04
1762300800000,0.28534,0.29031,0.28027,0.28878,95355990.0,2025-11-05
1762387200000,0.28878,0.28938,0.28161,0.28364,71582170.0,2025-11-06
1762473600000,0.28366,0.29436,0.28301,0.29213,95805890.0,2025-11-07
1762560000000,0.29213,0.29477,0.28971,0.29153,49129630.0,2025-11-08
1762646400000,0.29154,0.2926,0.28861,0.29047,38673540.0,2025-11-09
1762732800000,0.29048,0.29645,0.28987,0.29637,65246770.0,2025-11-10
1762819200000,0.29637,0.3012,0.29597,0.29649,88734010.0,2025-11-11
1762905600000,0.29649,0.30087,0.29331,0.29434,89658520.0,2025-11-12
1762992000000,0.29436,0.2998,0.28971,0.29303,102413280.0,2025-11-13
1763078400000,0.29307,0.29839,0.28789,0.29246,158529370.0,2025-11-14
1763164800000,0.29247,0.29533,0.29073,0.29475,59801110.0,2025-11-15
1763251200000,0.29475,0.29933,0.28906,0.29216,107819320.0,2025-11-16
1763337600000,0.29216,0.29628,0.28849,0.29166,107081510.0,2025-11-17
1763424000000,0.29166,0.29298,0.2864,0.29007,142579010.0,2025-11-18
1763510400000,0.2901,0.2904,0.28318,0.28683,147145550.0,2025-11-19
1763596800000,0.28684,0.28817,0.27709,0.28042,137900300.0,2025-11-20
1763683200000,0.28041,0.28212,0.27347,0.27649,192027450.0,2025-11-21
1763769600000,0.2765,0.27732,0.27282,0.27416,70276450.0,2025-11-22
1763856000000,0.27417,0.27575,0.27362,0.27478,41340620.0,2025-11-23
1763942400000,0.27478,0.27754,0.27425,0.27455,65878290.0,2025-11-24
1764028800000,0.27455,0.27495,0.27061,0.27443,54675740.0,2025-11-25
1764115200000,0.27444,0.27724,0.27381,0.27639,41514160.0,2025-11-26
1764201600000,0.2764,0.28037,0.27582,0.28014,36722600.0,2025-11-27
1764288000000,0.28014,0.2822,0.2795,0.28086,50736860.0,2025-11-28
1764374400000,0.28086,0.28162,0.28006,0.28078,22978370.0,2025-11-29
1764460800000,0.28079,0.28329,0.27924,0.28119,27863760.0,2025-11-30
1764547200000,0.28119,0.28142,0.27519,0.27671,90215930.0,2025-12-01
1764633600000,0.27672,0.28304,0.27636,0.28076,67846120.0,2025-12-02
1764720000000,0.28077,0.2814,0.27745,0.28021,56691780.0,2025-12-03
1764806400000,0.28022,0.28622,0.27907,0.28619,52127350.0,2025-12-04
1764892800000,0.28619,0.28798,0.28378,0.28545,50979020.0,2025-12-05
1764979200000,0.28546,0.29033,0.28541,0.28686,40579270.0,2025-12-06
1765065600000,0.28685,0.28767,0.28377,0.28664,42257630.0,2025-12-07
1765152000000,0.28665,0.288,0.28093,0.28108,42820160.0,2025-12-08
1765238400000,0.28108,0.28344,0.27961,0.28201,51814980.0,2025-12-09
1765324800000,0.28202,0.28278,0.27662,0.27993,50665230.0,2025-12-10
1765411200000,0.27993,0.28184,0.27781,0.28027,54108130.0,2025-12-11
1765497600000,0.28028,0.2807,0.27333,0.27353,58839050.0,2025-12-12
1765584000000,0.27354,0.27498,0.27049,0.27086,46568960.0,2025-12-13
1765670400000,0.27085,0.27733,0.27037,0.27721,55279930.0,2025-12-14
1765756800000,0.2772,0.28289,0.2772,0.27815,85378940.0,2025-12-15
1765843200000,0.27816,0.282,0.27747,0.28001,42472730.0,2025-12-16
1765929600000,0.28001,0.2831,0.27799,0.27945,62267810.0,2025-12-17
1766016000000,0.27945,0.28195,0.27665,0.27911,55089670.0,2025-12-18
1766102400000,0.27912,0.28054,0.27778,0.27992,55305110.0,2025-12-19
1766188800000,0.27993,0.28191,0.27835,0.28181,34500780.0,2025-12-20
1766275200000,0.28182,0.28859,0.28115,0.28814,54837120.0,2025-12-21
1766361600000,0.28814,0.289,0.28305,0.28425,60467890.0,2025-12-22
1766448000000,0.28425,0.28471,0.28213,0.28336,33363400.0,2025-12-23
1766534400000,0.28337,0.28435,0.27882,0.28014,50376290.0,2025-12-24
1766620800000,0.28014,0.28089,0.27656,0.2786,38186580.0,2025-12-25
1766707200000,0.27859,0.28014,0.27735,0.27936,32334260.0,2025-12-26
1766793600000,0.27937,0.28498,0.27838,0.28484,32872950.0,2025-12-27
1766880000000,0.28485,0.28543,0.28307,0.28488,25950320.0,2025-12-28
1766966400000,0.28489,0.28584,0.28129,0.28498,57709430.0,2025-12-29
1767052800000,0.28499,0.28671,0.28413,0.28613,32623710.0,2025-12-30
1767139200000,0.28614,0.28669,0.28205,0.28443,44817450.0,2025-12-31
1767225600000,0.28443,0.28708,0.28332,0.28697,31607840.0,2026-01-01
1767312000000,0.28698,0.28887,0.28421,0.28887,43007990.0,2026-01-02
1767398400000,0.28887,0.29572,0.28759,0.29568,38726170.0,2026-01-03
1767484800000,0.29569,0.29593,0.29324,0.29382,31166800.0,2026-01-04
1767571200000,0.29383,0.2958,0.29149,0.29191,47979410.0,2026-01-05
1767657600000,0.2919,0.29415,0.29075,0.29403,40939430.0,2026-01-06
1767744000000,0.29404,0.29863,0.29381,0.29805,44626600.0,2026-01-07
1767830400000,0.29806,0.29862,0.29401,0.29468,40320840.0,2026-01-08
1767916800000,0.29467,0.29961,0.29217,0.29834,45761230.0,2026-01-09
1768003200000,0.29835,0.30248,0.29703,0.30234,32086110.0,2026-01-10
1768089600000,0.30235,0.30334,0.29818,0.2993,52862550.0,2026-01-11
1768176000000,0.29929,0.3006,0.29687,0.29966,37551750.0,2026-01-12
1768262400000,0.29966,0.30716,0.2982,0.30702,55079390.0,2026-01-13
1768348800000,0.30703,0.30724,0.30079,0.30448,62760090.0,2026-01-14
1768435200000,0.30447,0.31265,0.30183,0.31254,80149000.0,2026-01-15
1768521600000,0.31255,0.31266,0.30493,0.30939,45878870.0,2026-01-16
1768608000000,0.3094,0.31936,0.30869,0.31851,40929190.0,2026-01-17
1768694400000,0.31851,0.32073,0.31465,0.31748,53559970.0,2026-01-18
1768780800000,0.31747,0.3207,0.30776,0.31177,84388930.0,2026-01-19
1768867200000,0.31177,0.31396,0.29658,0.2966,72921290.0,2026-01-20
1768953600000,0.29659,0.3003,0.29473,0.29906,56951190.0,2026-01-21
1769040000000,0.29907,0.30793,0.29802,0.30517,58722500.0,2026-01-22
1769126400000,0.30514,0.31098,0.29591,0.29773,75857590.0,2026-01-23
1769212800000,0.29772,0.29803,0.2936,0.29518,35896120.0,2026-01-24
1769299200000,0.29517,0.29882,0.29401,0.29552,31145440.0,2026-01-25
1769385600000,0.29552,0.29733,0.29437,0.29643,34609640.0,2026-01-26
1769472000000,0.29644,0.29652,0.29263,0.29447,34900810.0,2026-01-27
1769558400000,0.29448,0.29543,0.29055,0.29522,48453350.0,2026-01-28
1769644800000,0.29521,0.29542,0.2896,0.29482,55244700.0,2026-01-29
1769731200000,0.29481,0.29539,0.28784,0.29415,68518770.0,2026-01-30
1769817600000,0.29415,0.29432,0.28257,0.28653,86466000.0,2026-01-31
1769904000000,0.28652,0.28753,0.28306,0.28452,62177600.0,2026-02-01
1769990400000,0.28451,0.28543,0.28081,0.2832,83215120.0,2026-02-02
1770076800000,0.28319,0.28691,0.28107,0.28595,66197970.0,2026-02-03
1770163200000,0.28596,0.28742,0.28177,0.28322,63804740.0,2026-02-04
1770249600000,0.28323,0.28377,0.26858,0.26864,142533570.0,2026-02-05
1770336000000,0.26865,0.27432,0.26666,0.27394,105780460.0,2026-02-06
1770422400000,0.27393,0.27863,0.27294,0.278,55320030.0,2026-02-07
1770508800000,0.278,0.27953,0.27596,0.27751,33670010.0,2026-02-08
1770595200000,0.27752,0.27934,0.27598,0.27903,42990150.0,2026-02-09
1770681600000,0.27903,0.28049,0.27582,0.27799,39058750.0,2026-02-10
1770768000000,0.27799,0.2783,0.27361,0.27826,57409910.0,2026-02-11
1770854400000,0.27827,0.28028,0.27601,0.27992,40317350.0,2026-02-12
1770940800000,0.27992,0.28248,0.27679,0.28223,36577590.0,2026-02-13
1771027200000,0.28223,0.28392,0.28159,0.28246,26378720.0,2026-02-14
1771113600000,0.28245,0.28254,0.27929,0.28038,29880570.0,2026-02-15
1771200000000,0.28037,0.28541,0.27918,0.28439,35956970.0,2026-02-16
1771286400000,0.2844,0.28541,0.27921,0.28206,37984690.0,2026-02-17
1771372800000,0.28206,0.28214,0.27779,0.27869,31440520.0,2026-02-18
1771459200000,0.27869,0.28536,0.27816,0.28479,40732660.0,2026-02-19
1771545600000,0.28479,0.28774,0.28262,0.28526,43172570.0,2026-02-20
1771632000000,0.28526,0.28956,0.28432,0.28897,20775270.0,2026-02-21
1771718400000,0.28898,0.29111,0.28711,0.29042,23495390.0,2026-02-22
1771804800000,0.29043,0.29048,0.28049,0.28161,55736510.0,2026-02-23
1771891200000,0.2816,0.28383,0.27983,0.2838,31833460.0,2026-02-24
1771977600000,0.2838,0.28723,0.28347,0.28515,45460340.0,2026-02-25
1772064000000,0.28515,0.28753,0.28459,0.28565,33372410.0,2026-02-26
1772150400000,0.28564,0.28575,0.28118,0.28268,43503950.0,2026-02-27
1772236800000,0.28269,0.28283,0.27804,0.28167,45939650.0,2026-02-28
1772323200000,0.28167,0.2835,0.2792,0.28048,38707170.0,2026-03-01
1772409600000,0.28047,0.28326,0.28042,0.2831,38803880.0,2026-03-02
1772496000000,0.28311,0.28357,0.27987,0.28032,39946760.0,2026-03-03
1772582400000,0.28031,0.28796,0.27869,0.28679,54932580.0,2026-03-04
1772668800000,0.28679,0.28797,0.28225,0.28508,55972770.0,2026-03-05
1772755200000,0.28508,0.2871,0.2842,0.28432,39418130.0,2026-03-06
1772841600000,0.28433,0.28689,0.28283,0.28651,26603530.0,2026-03-07
1772928000000,0.28651,0.29079,0.28562,0.28896,36990770.0,2026-03-08
1773014400000,0.28896,0.29088,0.28397,0.28542,44744710.0,2026-03-09
1773100800000,0.28541,0.2864,0.28342,0.28563,40388310.0,2026-03-10
1773187200000,0.28563,0.2916,0.28507,0.29119,41535680.0,2026-03-11
1773273600000,0.2912,0.29198,0.28834,0.28895,35360440.0,2026-03-12
1773360000000,0.28894,0.29347,0.28822,0.29329,43987520.0,2026-03-13
1773446400000,0.2933,0.29907,0.29262,0.29765,37115520.0,2026-03-14
1773532800000,0.29765,0.2989,0.29568,0.29855,28706190.0,2026-03-15
1773619200000,0.29854,0.29858,0.29477,0.29543,42176140.0,2026-03-16
1773705600000,0.29542,0.30748,0.29492,0.30664,62002290.0,2026-03-17
1773792000000,0.30665,0.3095,0.29863,0.30428,64903820.0,2026-03-18
1773878400000,0.30429,0.30526,0.29882,0.30336,48782870.0,2026-03-19
1773964800000,0.30336,0.31079,0.30261,0.30942,46142280.0,2026-03-20
1774051200000,0.30943,0.31344,0.30743,0.31181,44158480.0,2026-03-21
1774137600000,0.31182,0.31885,0.30778,0.31018,65797980.0,2026-03-22
1774224000000,0.31017,0.31181,0.30302,0.30803,72219250.0,2026-03-23
1774310400000,0.30802,0.31217,0.30561,0.30571,46727370.0,2026-03-24
1774396800000,0.3057,0.31646,0.30513,0.31422,39406750.0,2026-03-25
1774483200000,0.31423,0.31612,0.30865,0.31141,59683890.0,2026-03-26
1774569600000,0.3114,0.31723,0.30748,0.31118,69253330.0,2026-03-27
1774656000000,0.31116,0.31856,0.30943,0.31633,42573250.0,2026-03-28
1774742400000,0.31633,0.32447,0.31462,0.32158,61896530.0,2026-03-29
1774828800000,0.32157,0.32427,0.31617,0.31977,88719530.0,2026-03-30
1774915200000,0.31977,0.32164,0.31044,0.31322,62994570.0,2026-03-31
1775001600000,0.31322,0.31663,0.31288,0.31537,48275320.0,2026-04-01
1775088000000,0.31538,0.31648,0.31254,0.31515,45167700.0,2026-04-02
1775174400000,0.31514,0.31548,0.31241,0.31506,37783840.0,2026-04-03
1775260800000,0.31507,0.31799,0.31479,0.31731,28716790.0,2026-04-04
1775347200000,0.3173,0.3196,0.31679,0.31863,31190210.0,2026-04-05
1775433600000,0.31863,0.31932,0.31508,0.3163,45801650.0,2026-04-06
1775520000000,0.3163,0.31673,0.31302,0.31538,43992430.0,2026-04-07
1775606400000,0.31539,0.31828,0.31429,0.31777,41787140.0,2026-04-08
1775692800000,0.31777,0.32062,0.31621,0.32015,43261740.0,2026-04-09
1775779200000,0.32016,0.32072,0.3166,0.31913,31700440.0,2026-04-10
1775865600000,0.31914,0.31991,0.31729,0.31873,24114440.0,2026-04-11
1775952000000,0.31874,0.32287,0.31807,0.32101,34508160.0,2026-04-12
1776038400000,0.321,0.32236,0.31891,0.32018,45230610.0,2026-04-13
1776124800000,0.32019,0.3236,0.31976,0.32353,30168570.0,2026-04-14
1776211200000,0.32354,0.3285,0.3214,0.3269,31092490.0,2026-04-15
1776297600000,0.3269,0.3278,0.3247,0.3269,30361930.0,2026-04-16
1776384000000,0.3269,0.328,0.323,0.3277,29261940.0,2026-04-17
1776470400000,0.3278,0.33,0.3262,0.3292,22572900.0,2026-04-18
1776556800000,0.3291,0.3366,0.3269,0.3288,58094640.0,2026-04-19
1776643200000,0.3287,0.333,0.3257,0.3287,47572690.0,2026-04-20
1776729600000,0.3287,0.3354,0.3278,0.3328,29627830.0,2026-04-21
1776816000000,0.3327,0.3351,0.3271,0.3294,49474190.0,2026-04-22
1776902400000,0.3294,0.3302,0.3258,0.3285,35010220.0,2026-04-23
1776988800000,0.3286,0.3287,0.319,0.3229,56520740.0,2026-04-24
1777075200000,0.3229,0.3244,0.3194,0.3236,39698020.0,2026-04-25
1777161600000,0.3236,0.3245,0.3224,0.3231,19074470.0,2026-04-26
1777248000000,0.323,0.3263,0.3227,0.3251,25361910.0,2026-04-27
1777334400000,0.325,0.3254,0.3222,0.3227,19919510.0,2026-04-28
1777420800000,0.3227,0.3241,0.3211,0.3229,46013210.0,2026-04-29
1777507200000,0.323,0.3268,0.3229,0.3265,21400610.0,2026-04-30
1777593600000,0.3264,0.3275,0.3251,0.3268,19286020.0,2026-05-01
1777680000000,0.3269,0.3341,0.326,0.3297,36019560.0,2026-05-02
1777766400000,0.3297,0.3435,0.3292,0.3383,54655790.0,2026-05-03
1777852800000,0.3384,0.3416,0.3363,0.3404,35583370.0,2026-05-04
1777939200000,0.3405,0.346,0.3374,0.3445,35522250.0,2026-05-05
1778025600000,0.3446,0.3473,0.3415,0.346,30125500.0,2026-05-06
1778112000000,0.3461,0.3496,0.3437,0.3488,24562510.0,2026-05-07
1778198400000,0.3487,0.3517,0.3465,0.35,31483320.0,2026-05-08
1778284800000,0.3499,0.3535,0.3495,0.3499,31010720.0,2026-05-09
1778371200000,0.35,0.3525,0.3481,0.3504,24444390.0,2026-05-10
1778457600000,0.3504,0.3526,0.3489,0.351,26131640.0,2026-05-11
1778544000000,0.3509,0.3511,0.3467,0.3489,29373370.0,2026-05-12
1778630400000,0.349,0.3515,0.3482,0.3494,23406530.0,2026-05-13
1778716800000,0.3495,0.3554,0.349,0.3535,32508590.0,2026-05-14
1778803200000,0.3536,0.3541,0.3496,0.352,27819280.0,2026-05-15
1778889600000,0.3521,0.3552,0.3478,0.3549,33507720.0,2026-05-16
1778976000000,0.3549,0.3575,0.3531,0.3551,27155200.0,2026-05-17
1779062400000,0.3551,0.3584,0.3533,0.3554,46418450.0,2026-05-18
1779148800000,0.3555,0.3576,0.3538,0.3561,22286040.0,2026-05-19
1779235200000,0.3561,0.36,0.3548,0.359,30557730.0,2026-05-20
1779321600000,0.3591,0.3654,0.3585,0.3652,39542910.0,2026-05-21
1779408000000,0.3653,0.3664,0.3585,0.3618,41339930.0,2026-05-22
1779494400000,0.3618,0.3634,0.3582,0.3628,35031250.0,2026-05-23
1779580800000,0.3629,0.368,0.3619,0.3654,28973780.0,2026-05-24
1779667200000,0.3655,0.3738,0.3635,0.3715,70179800.0,2026-05-25
1779753600000,0.3715,0.3773,0.3709,0.3756,57345360.0,2026-05-26
1779840000000,0.3755,0.3757,0.3675,0.3678,41586540.0,2026-05-27
1779926400000,0.3677,0.3684,0.3477,0.3528,104400450.0,2026-05-28
1780012800000,0.3528,0.3529,0.3393,0.344,78723840.0,2026-05-29
1780099200000,0.3441,0.3495,0.3415,0.3481,41796120.0,2026-05-30
1780185600000,0.348,0.3512,0.345,0.3512,31074050.0,2026-05-31
1780272000000,0.3511,0.3525,0.3426,0.3434,43215180.0,2026-06-01
1780358400000,0.3433,0.3434,0.3316,0.3322,72880890.0,2026-06-02
1780444800000,0.3322,0.3358,0.3288,0.333,54475070.0,2026-06-03
1780531200000,0.3329,0.3334,0.3256,0.3323,107459980.0,2026-06-04
1780617600000,0.3322,0.3323,0.318,0.3195,175968430.0,2026-06-05
1780704000000,0.3195,0.3242,0.3173,0.324,68603020.0,2026-06-06
1780790400000,0.324,0.3295,0.3226,0.3267,53731500.0,2026-06-07
1780876800000,0.3266,0.32791,0.32524,0.32645,33490400.0,2026-06-08
1780963200000,0.32644,0.32648,0.3202,0.32257,46667180.0,2026-06-09
1781049600000,0.32257,0.32325,0.32033,0.32078,20777020.0,2026-06-10
1781136000000,0.32077,0.32281,0.30949,0.3168,80408420.0,2026-06-11
1781222400000,0.3168,0.3168,0.31154,0.31511,44243020.0,2026-06-12
1781308800000,0.3151,0.31824,0.31448,0.31693,21637310.0,2026-06-13
1781395200000,0.31695,0.32339,0.3151,0.32165,21062500.0,2026-06-14
1781481600000,0.32166,0.32241,0.31776,0.31796,39705230.0,2026-06-15
1781568000000,0.31793,0.31882,0.31563,0.31672,27168270.0,2026-06-16
1781654400000,0.31672,0.32218,0.31613,0.32162,29611780.0,2026-06-17
1781740800000,0.32162,0.32256,0.31727,0.32059,37067600.0,2026-06-18
1781827200000,0.32059,0.32418,0.31922,0.32376,37842770.0,2026-06-19
1781913600000,0.32376,0.32688,0.32153,0.32657,32981280.0,2026-06-20
1782000000000,0.32657,0.3281,0.32569,0.32751,20463140.0,2026-06-21
1782086400000,0.32751,0.33405,0.32732,0.33392,36988490.0,2026-06-22
1782172800000,0.3339,0.33409,0.32781,0.32903,40262020.0,2026-06-23
1782259200000,0.32904,0.33177,0.32472,0.32739,53191670.0,2026-06-24
1782345600000,0.32739,0.33048,0.32181,0.32369,53329690.0,2026-06-25
1782432000000,0.32369,0.324,0.31739,0.32034,42820800.0,2026-06-26
1782518400000,0.32033,0.32138,0.31942,0.3211,19229190.0,2026-06-27
1782604800000,0.3211,0.32446,0.32088,0.32192,30704920.0,2026-06-28
1782691200000,0.32192,0.32464,0.3205,0.32113,35734070.0,2026-06-29
1782777600000,0.32113,0.32125,0.3143,0.31508,47784170.0,2026-06-30
1782864000000,0.31508,0.31895,0.31388,0.31576,39472850.0,2026-07-01
1782950400000,0.31576,0.31948,0.31498,0.3173,26306750.0,2026-07-02
1783036800000,0.31729,0.32354,0.31664,0.32331,32230000.0,2026-07-03
1783123200000,0.32332,0.32635,0.32252,0.32511,25886040.0,2026-07-04
1783209600000,0.3251,0.33019,0.32395,0.32924,29792980.0,2026-07-05
1783296000000,0.32925,0.33017,0.32612,0.32959,30902850.0,2026-07-06
1783382400000,0.32959,0.33287,0.32885,0.3315,27179560.0,2026-07-07
1783468800000,0.3315,0.33198,0.3267,0.32815,35323630.0,2026-07-08
1783555200000,0.32817,0.33252,0.3275,0.33208,31507460.0,2026-07-09
1783641600000,0.33208,0.33354,0.32911,0.33025,27646740.0,2026-07-10
1783728000000,0.33024,0.33163,0.32842,0.32959,18608960.0,2026-07-11
1783814400000,0.32958,0.33211,0.32914,0.33126,15478800.0,2026-07-12
1783900800000,0.33125,0.33218,0.32353,0.32422,35585690.0,2026-07-13
1783987200000,0.32421,0.32641,0.32332,0.32568,24476090.0,2026-07-14
1784073600000,0.32569,0.32868,0.32339,0.32426,29455260.0,2026-07-15
1784160000000,0.32425,0.32476,0.32225,0.32288,18241460.0,2026-07-16
1784246400000,0.32287,0.32366,0.321,0.32239,23429380.0,2026-07-17
1784332800000,0.32238,0.32618,0.32141,0.32563,18321360.0,2026-07-18
1784419200000,0.32562,0.32748,0.32512,0.32677,10267880.0,2026-07-19
1784505600000,0.32677,0.32739,0.32506,0.32672,19668680.0,2026-07-20
1784592000000,0.32673,0.3303,0.32558,0.32956,21251520.0,2026-07-21
1784678400000,0.32957,0.3306,0.3276,0.32878,18519910.0,2026-07-22
1784764800000,0.32878,0.32929,0.32594,0.32876,20366360.0,2026-07-23
1784851200000,0.32877,0.33239,0.32795,0.33074,25812840.0,2026-07-24
1784937600000,0.33073,0.33338,0.3292,0.3314,22999760.0,2026-07-25
1785024000000,0.3314,0.33288,0.33027,0.33232,13253790.0,2026-07-26
1785110400000,0.33231,0.3324,0.3247,0.32472,25879680.0,2026-07-27
1785196800000,0.3247,0.32608,0.3227,0.32457,24037630.0,2026-07-28
1785283200000,0.32457,0.32744,0.32419,0.32557,20017060.0,2026-07-29
1785369600000,0.32556,0.32954,0.32531,0.32833,20144120.0,2026-07-30
1785456000000,0.32833,0.32924,0.3255,0.32577,26887600.0,2026-07-31
1785542400000,0.32577,0.32924,0.32537,0.32777,22535090.0,2026-08-01
1785628800000,0.32777,0.32871,0.32596,0.32666,18293920.0,2026-08-02
1785715200000,0.32665,0.32947,0.32523,0.32866,22225490.0,2026-08-03
1785801600000,0.32867,0.33119,0.32695,0.3271,29871090.0,2026-08-04
1785888000000,0.3271,0.32905,0.32601,0.32728,34170390.0,2026-08-05
1785974400000,0.32729,0.32873,0.32551,0.32689,19105870.0,2026-08-06
1786060800000,0.3269,0.32835,0.3262,0.3274,20770420.0,2026-08-07
1786147200000,0.32741,0.32949,0.327,0.32887,14847110.0,2026-08-08
1786233600000,0.32887,0.33027,0.32879,0.32972,13582750.0,2026-08-09
1786320000000,0.32972,0.3318,0.32909,0.33067,26855050.0,2026-08-10
1786406400000,0.33066,0.33759,0.33059,0.33502,26501030.0,2026-08-11
1786492800000,0.33502,0.33747,0.33324,0.33617,21495730.0,2026-08-12
1786579200000,0.33618,0.33841,0.33278,0.3345,24412850.0,2026-08-13
1786665600000,0.33449,0.33462,0.33127,0.33254,14207160.0,2026-08-14
1786752000000,0.33253,0.33325,0.33026,0.33105,13451740.0,2026-08-15
1786838400000,0.33107,0.3324,0.33062,0.33097,10633280.0,2026-08-16
1786924800000,0.33098,0.33349,0.32818,0.33107,20299310.0,2026-08-17
1787011200000,0.33107,0.33512,0.33044,0.33256,19183300.0,2026-08-18
1787097600000,0.33256,0.33472,0.33123,0.33455,24577450.0,2026-08-19
1787184000000,0.33456,0.34032,0.33193,0.33732,44313040.0,2026-08-20
1787270400000,0.33734,0.34389,0.33714,0.34368,40524390.0,2026-08-21
1787356800000,0.34369,0.35154,0.33368,0.34428,78635090.0,2026-08-22
1787443200000,0.34428,0.34585,0.34156,0.34379,29189040.0,2026-08-23
1787529600000,0.34379,0.3451,0.34246,0.34501,25521180.0,2026-08-24
1787616000000,0.345,0.34679,0.33556,0.33602,48327520.0,2026-08-25
1787702400000,0.33601,0.33916,0.3338,0.33582,35474650.0,2026-08-26
1787788800000,0.33583,0.33851,0.33327,0.33743,28929750.0,2026-08-27
1787875200000,0.33742,0.34228,0.3372,0.34122,49460010.0,2026-08-28
1787961600000,0.34122,0.34226,0.33737,0.34081,40634760.0,2026-08-29
1788048000000,0.34081,0.34149,0.33552,0.33592,35163820.0,2026-08-30
1788134400000,0.33591,0.33714,0.33117,0.3322,43034840.0,2026-08-31
1788220800000,0.3322,0.33226,0.32076,0.3218,110578340.0,2026-09-01
1788307200000,0.3218,0.32548,0.32079,0.3249,55387070.0,2026-09-02
1788393600000,0.32489,0.33207,0.3242,0.33041,47241720.0,2026-09-03
1788480000000,0.33041,0.33047,0.32884,0.3289,5733280.0,2026-09-04
