ts,open,high,low,close,volume,date
1658966400000,0.11272,0.11827,0.10959,0.11671,58116800.0,2022-07-28
1659052800000,0.11674,0.11973,0.11422,0.1177,55901000.0,2022-07-29
1659139200000,0.11773,0.1254,0.11607,0.11959,79555800.0,2022-07-30
1659225600000,0.11967,0.12286,0.11668,0.11759,47553800.0,2022-07-31
1659312000000,0.11753,0.12038,0.1167,0.11831,35789800.0,2022-08-01
1659398400000,0.11834,0.1205,0.11345,0.11499,43176300.0,2022-08-02
1659484800000,0.11505,0.1173,0.1129,0.11406,30618900.0,2022-08-03
1659571200000,0.11406,0.11647,0.11239,0.11393,32109600.0,2022-08-04
1659657600000,0.11394,0.11866,0.11365,0.11866,32113800.0,2022-08-05
1659744000000,0.11868,0.12308,0.11814,0.12186,28709200.0,2022-08-06
1659830400000,0.12185,0.12495,0.11971,0.12384,38095500.0,2022-08-07
1659916800000,0.12382,0.13847,0.12346,0.1301,130633600.0,2022-08-08
1660003200000,0.13012,0.13053,0.12051,0.12205,61378900.0,2022-08-09
1660089600000,0.12204,0.12598,0.11925,0.12595,42908400.0,2022-08-10
1660176000000,0.12591,0.1273,0.12401,0.12522,38187300.0,2022-08-11
1660262400000,0.12524,0.12662,0.12312,0.12637,23859600.0,2022-08-12
1660348800000,0.12638,0.12853,0.12575,0.12682,23135000.0,2022-08-13
1660435200000,0.12681,0.12977,0.12429,0.12561,31280600.0,2022-08-14
1660521600000,0.12568,0.12883,0.12165,0.12347,35623500.0,2022-08-15
1660608000000,0.12348,0.12439,0.12087,0.12174,32106900.0,2022-08-16
1660694400000,0.12173,0.12755,0.11935,0.12132,46347800.0,2022-08-17
1660780800000,0.1213,0.12182,0.11541,0.11581,32331600.0,2022-08-18
1660867200000,0.11576,0.11653,0.10658,0.10804,82952300.0,2022-08-19
1660953600000,0.10804,0.11047,0.10701,0.10897,39675400.0,2022-08-20
1661040000000,0.109,0.11231,0.10775,0.11097,32180100.0,2022-08-21
1661126400000,0.11099,0.11115,0.10608,0.1095,34761000.0,2022-08-22
1661212800000,0.10952,0.11136,0.10718,0.11068,36065100.0,2022-08-23
1661299200000,0.11064,0.11111,0.10823,0.10941,38032800.0,2022-08-24
1661385600000,0.10941,0.11103,0.10878,0.11037,34103800.0,2022-08-25
1661472000000,0.11036,0.11431,0.10244,0.10384,96234200.0,2022-08-26
1661558400000,0.10385,0.10586,0.10237,0.1055,43834000.0,2022-08-27
1661644800000,0.1055,0.10704,0.10184,0.10261,62117400.0,2022-08-28
1661731200000,0.10262,0.10603,0.1009,0.10589,52584400.0,2022-08-29
1661817600000,0.10587,0.10677,0.10036,0.10237,63474900.0,2022-08-30
1661904000000,0.10241,0.10567,0.10211,0.10433,37628700.0,2022-08-31
1661990400000,0.10435,0.10546,0.10181,0.10511,43897400.0,2022-09-01
1662076800000,0.10513,0.10632,0.1028,0.10462,40315100.0,2022-09-02
1662163200000,0.10462,0.1058,0.10374,0.10528,23769400.0,2022-09-03
1662249600000,0.10532,0.10898,0.10475,0.10641,34001300.0,2022-09-04
1662336000000,0.10649,0.10701,0.10343,0.10505,29738600.0,2022-09-05
1662422400000,0.10511,0.10753,0.09897,0.09967,62940000.0,2022-09-06
1662508800000,0.09969,0.10337,0.09825,0.10291,52063100.0,2022-09-07
1662595200000,0.10295,0.10464,0.10066,0.10434,39399900.0,2022-09-08
1662681600000,0.10432,0.11458,0.10412,0.11437,65212900.0,2022-09-09
1662768000000,0.11442,0.11622,0.11301,0.11471,48935500.0,2022-09-10
1662854400000,0.11468,0.11649,0.11276,0.11427,31324800.0,2022-09-11
1662940800000,0.11433,0.11653,0.11187,0.11381,41535500.0,2022-09-12
1663027200000,0.11378,0.11398,0.10426,0.10451,37515600.0,2022-09-13
1663113600000,0.10444,0.10581,0.10238,0.10517,45913800.0,2022-09-14
1663200000000,0.10518,0.10602,0.10129,0.10205,56113500.0,2022-09-15
1663286400000,0.10207,0.10757,0.10125,0.10715,39955200.0,2022-09-16
1663372800000,0.10714,0.11421,0.10575,0.11341,59388700.0,2022-09-17
1663459200000,0.11343,0.11584,0.10641,0.10698,119279000.0,2022-09-18
1663545600000,0.10697,0.11206,0.10339,0.11167,88411000.0,2022-09-19
1663632000000,0.11163,0.11958,0.1102,0.11725,135763100.0,2022-09-20
1663718400000,0.11724,0.11861,0.10898,0.11037,121996300.0,2022-09-21
1663804800000,0.11038,0.12493,0.11022,0.12299,115215200.0,2022-09-22
1663891200000,0.12297,0.13295,0.11668,0.12315,203769100.0,2022-09-23
1663977600000,0.12316,0.12723,0.11748,0.11803,89969600.0,2022-09-24
1664064000000,0.118,0.12344,0.1157,0.11729,74686500.0,2022-09-25
1664150400000,0.11729,0.11817,0.11243,0.11373,70427500.0,2022-09-26
1664236800000,0.11373,0.11706,0.10938,0.11015,79330700.0,2022-09-27
1664323200000,0.11015,0.1109,0.1066,0.10819,82744800.0,2022-09-28
1664409600000,0.1082,0.11986,0.10661,0.11548,120208700.0,2022-09-29
1664496000000,0.11546,0.11723,0.11285,0.11468,102041700.0,2022-09-30
1664582400000,0.11466,0.1225,0.11408,0.12146,142580500.0,2022-10-01
1664668800000,0.12144,0.12296,0.11759,0.1184,103107800.0,2022-10-02
1664755200000,0.11845,0.12052,0.11347,0.11669,101120100.0,2022-10-03
1664841600000,0.11664,0.12222,0.11537,0.11909,86329600.0,2022-10-04
1664928000000,0.1191,0.12069,0.1168,0.11886,61979200.0,2022-10-05
1665014400000,0.11887,0.12147,0.11825,0.11958,61873000.0,2022-10-06
1665100800000,0.11957,0.12395,0.11659,0.12234,76881000.0,2022-10-07
1665187200000,0.12235,0.12773,0.1218,0.12622,127846800.0,2022-10-08
1665273600000,0.12616,0.12975,0.12463,0.1288,77690100.0,2022-10-09
1665360000000,0.12879,0.12932,0.1233,0.12359,82657200.0,2022-10-10
1665446400000,0.12359,0.12455,0.11535,0.11605,109024000.0,2022-10-11
1665532800000,0.11602,0.11678,0.11466,0.11634,43911500.0,2022-10-12
1665619200000,0.11632,0.1164,0.1068,0.11197,100908800.0,2022-10-13
1665705600000,0.11195,0.11665,0.11103,0.11246,56389900.0,2022-10-14
1665792000000,0.11246,0.11429,0.1112,0.11195,29779100.0,2022-10-15
1665878400000,0.11195,0.11441,0.11186,0.11341,27992300.0,2022-10-16
1665964800000,0.1134,0.11523,0.11203,0.11424,30710400.0,2022-10-17
1666051200000,0.11425,0.11458,0.11004,0.11232,42917100.0,2022-10-18
1666137600000,0.11232,0.11349,0.10988,0.11078,38105500.0,2022-10-19
1666224000000,0.11076,0.11328,0.10892,0.10998,43699800.0,2022-10-20
1666310400000,0.10998,0.11098,0.10693,0.11089,41052300.0,2022-10-21
1666396800000,0.11091,0.11159,0.10994,0.11119,13922000.0,2022-10-22
1666483200000,0.1112,0.11234,0.10889,0.11192,25232000.0,2022-10-23
1666569600000,0.11195,0.11226,0.109,0.11023,39117100.0,2022-10-24
1666656000000,0.11026,0.11353,0.10899,0.11171,56659800.0,2022-10-25
1666742400000,0.11166,0.11405,0.11137,0.11349,58267200.0,2022-10-26
1666828800000,0.1134,0.11557,0.11051,0.11095,63402300.0,2022-10-27
1666915200000,0.11095,0.11335,0.1092,0.11261,48754700.0,2022-10-28
1667001600000,0.11264,0.11552,0.11153,0.11356,63198900.0,2022-10-29
1667088000000,0.11354,0.11503,0.11042,0.11112,52038200.0,2022-10-30
1667174400000,0.11112,0.1124,0.10943,0.11128,48373300.0,2022-10-31
1667260800000,0.11127,0.11211,0.10895,0.10987,40239100.0,2022-11-01
1667347200000,0.10987,0.11081,0.10573,0.10754,63775500.0,2022-11-02
1667433600000,0.10753,0.11043,0.10724,0.10876,42000500.0,2022-11-03
1667520000000,0.10875,0.11645,0.10815,0.11559,92758900.0,2022-11-04
1667606400000,0.1156,0.11662,0.11207,0.11352,57724100.0,2022-11-05
1667692800000,0.11351,0.11437,0.10866,0.10891,44397900.0,2022-11-06
1667779200000,0.10887,0.11087,0.10754,0.10957,45749400.0,2022-11-07
1667865600000,0.10955,0.1107,0.09087,0.09877,167168900.0,2022-11-08
1667952000000,0.09875,0.0999,0.07918,0.08312,121872500.0,2022-11-09
1668038400000,0.08321,0.10129,0.08196,0.0971,121298000.0,2022-11-10
1668124800000,0.09709,0.09871,0.09204,0.09535,43420900.0,2022-11-11
1668211200000,0.09543,0.09553,0.09008,0.09098,35660900.0,2022-11-12
1668297600000,0.09099,0.09267,0.08678,0.08823,38049200.0,2022-11-13
1668384000000,0.08818,0.09128,0.08316,0.09118,55936000.0,2022-11-14
1668470400000,0.09123,0.09456,0.09046,0.09245,35034700.0,2022-11-15
1668556800000,0.09244,0.0935,0.08856,0.0897,28645000.0,2022-11-16
1668643200000,0.08969,0.09136,0.08859,0.09034,26835000.0,2022-11-17
1668729600000,0.09036,0.09155,0.08826,0.08921,20112400.0,2022-11-18
1668816000000,0.08919,0.09102,0.08801,0.09053,16268600.0,2022-11-19
1668902400000,0.09053,0.09162,0.08612,0.08638,27539900.0,2022-11-20
1668988800000,0.08635,0.08901,0.08226,0.08429,163697400.0,2022-11-21
1669075200000,0.08428,0.08734,0.08251,0.08719,41048300.0,2022-11-22
1669161600000,0.0872,0.08893,0.08656,0.08866,32138700.0,2022-11-23
1669248000000,0.08867,0.09054,0.08738,0.09007,31161200.0,2022-11-24
1669334400000,0.09005,0.09107,0.08768,0.08919,33426000.0,2022-11-25
1669420800000,0.08924,0.09058,0.08733,0.08816,21604200.0,2022-11-26
1669507200000,0.08812,0.09212,0.08796,0.09012,37183100.0,2022-11-27
1669593600000,0.09009,0.09095,0.08456,0.08726,240484400.0,2022-11-28
1669680000000,0.08725,0.08943,0.0866,0.08854,20419000.0,2022-11-29
1669766400000,0.08858,0.09047,0.08732,0.0898,28320100.0,2022-11-30
1669852800000,0.08982,0.0901,0.08705,0.08767,20537900.0,2022-12-01
1669939200000,0.08765,0.0882,0.08619,0.08809,19669400.0,2022-12-02
1670025600000,0.0881,0.08907,0.08591,0.08631,22845300.0,2022-12-03
1670112000000,0.0863,0.0882,0.08609,0.08778,18068200.0,2022-12-04
1670198400000,0.08778,0.08881,0.08562,0.08696,27419900.0,2022-12-05
1670284800000,0.08694,0.08722,0.08513,0.0861,17264400.0,2022-12-06
1670371200000,0.0861,0.08618,0.08317,0.08423,24185500.0,2022-12-07
1670457600000,0.08422,0.08569,0.08348,0.0856,20250700.0,2022-12-08
1670544000000,0.08561,0.08602,0.08441,0.08522,13888200.0,2022-12-09
1670630400000,0.08524,0.08589,0.08472,0.08525,11788800.0,2022-12-10
1670716800000,0.08524,0.08547,0.08331,0.0838,15196100.0,2022-12-11
1670803200000,0.08378,0.08467,0.08152,0.0843,25470500.0,2022-12-12
1670889600000,0.08433,0.08494,0.08116,0.08406,36862100.0,2022-12-13
1670976000000,0.08406,0.08461,0.08181,0.08298,25551600.0,2022-12-14
1671062400000,0.08302,0.08492,0.08107,0.08189,44441800.0,2022-12-15
1671148800000,0.08192,0.08239,0.07418,0.07425,53719000.0,2022-12-16
1671235200000,0.07426,0.07594,0.07239,0.07573,25809300.0,2022-12-17
1671321600000,0.07575,0.07719,0.07547,0.07649,6496500.0,2022-12-18
1671408000000,0.07649,0.07726,0.07265,0.07327,34417700.0,2022-12-19
1671494400000,0.07324,0.0762,0.07306,0.07589,29014100.0,2022-12-20
1671580800000,0.07589,0.07598,0.0739,0.07518,22566400.0,2022-12-21
1671667200000,0.07517,0.07586,0.0738,0.07575,20426100.0,2022-12-22
1671753600000,0.07576,0.07634,0.0752,0.07537,18161400.0,2022-12-23
1671840000000,0.07536,0.07569,0.07409,0.07432,14265900.0,2022-12-24
1671926400000,0.07433,0.07449,0.07282,0.07387,21540800.0,2022-12-25
1672012800000,0.07387,0.07538,0.07358,0.07523,20541700.0,2022-12-26
1672099200000,0.07525,0.07546,0.07359,0.07411,23066500.0,2022-12-27
1672185600000,0.07412,0.07454,0.07108,0.07169,41828100.0,2022-12-28
1672272000000,0.07168,0.07264,0.07029,0.07198,35229300.0,2022-12-29
1672358400000,0.07199,0.07248,0.07084,0.07235,29611500.0,2022-12-30
1672444800000,0.07235,0.07244,0.07082,0.07106,20147100.0,2022-12-31
1672531200000,0.07107,0.07272,0.07066,0.07255,18761600.0,2023-01-01
1672617600000,0.07252,0.07446,0.07082,0.07377,37566100.0,2023-01-02
1672704000000,0.07377,0.07445,0.07277,0.07357,23748900.0,2023-01-03
1672790400000,0.07357,0.07465,0.07256,0.0739,33862900.0,2023-01-04
1672876800000,0.07385,0.07434,0.07236,0.07293,32497300.0,2023-01-05
1672963200000,0.07293,0.07546,0.07189,0.07499,42392000.0,2023-01-06
1673049600000,0.07501,0.07594,0.07449,0.07558,27494700.0,2023-01-07
1673136000000,0.07562,0.07761,0.07453,0.07723,39856000.0,2023-01-08
1673222400000,0.07725,0.08076,0.07715,0.07934,52608800.0,2023-01-09
1673308800000,0.07932,0.08034,0.07805,0.0796,38319500.0,2023-01-10
1673395200000,0.07961,0.08193,0.07805,0.08144,74093600.0,2023-01-11
1673481600000,0.08144,0.08252,0.07844,0.08165,65812000.0,2023-01-12
1673568000000,0.08163,0.08518,0.08052,0.08468,51694700.0,2023-01-13
1673654400000,0.08467,0.09069,0.0837,0.08732,86264100.0,2023-01-14
1673740800000,0.08729,0.08836,0.08484,0.08801,55808600.0,2023-01-15
1673827200000,0.08801,0.09053,0.08592,0.08772,62928900.0,2023-01-16
1673913600000,0.08771,0.08832,0.0861,0.08625,39010800.0,2023-01-17
1674000000000,0.08626,0.08899,0.08174,0.08244,75064800.0,2023-01-18
1674086400000,0.08233,0.08461,0.08185,0.08434,32560200.0,2023-01-19
1674172800000,0.08434,0.08906,0.08319,0.08885,49402300.0,2023-01-20
1674259200000,0.08881,0.09319,0.08751,0.09027,79947400.0,2023-01-21
1674345600000,0.09028,0.09369,0.08944,0.09089,61040900.0,2023-01-22
1674432000000,0.09088,0.09581,0.09081,0.09455,70708000.0,2023-01-23
1674518400000,0.0946,0.09615,0.08971,0.09037,41808000.0,2023-01-24
1674604800000,0.09036,0.09404,0.08868,0.09235,42528500.0,2023-01-25
1674691200000,0.09237,0.09307,0.09006,0.0919,35912000.0,2023-01-26
1674777600000,0.09191,0.09326,0.08972,0.09257,27131500.0,2023-01-27
1674864000000,0.09258,0.09412,0.09155,0.09278,27788300.0,2023-01-28
1674950400000,0.0928,0.09452,0.09213,0.09436,27798400.0,2023-01-29
1675036800000,0.09437,0.09481,0.08805,0.08993,49755800.0,2023-01-30
1675123200000,0.08996,0.09158,0.08924,0.09067,34799200.0,2023-01-31
1675209600000,0.09064,0.09262,0.08722,0.09233,45689500.0,2023-02-01
1675296000000,0.09237,0.09468,0.09087,0.0918,36277600.0,2023-02-02
1675382400000,0.09183,0.09327,0.09128,0.09288,28697300.0,2023-02-03
1675468800000,0.09285,0.09403,0.09209,0.09297,22686600.0,2023-02-04
1675555200000,0.09298,0.0938,0.08957,0.09093,35794700.0,2023-02-05
1675641600000,0.09096,0.09174,0.08854,0.08886,27252100.0,2023-02-06
1675728000000,0.08887,0.09221,0.08865,0.09205,27569900.0,2023-02-07
1675814400000,0.09206,0.09314,0.08938,0.09108,32995900.0,2023-02-08
1675900800000,0.09108,0.0914,0.08415,0.08554,61918000.0,2023-02-09
1675987200000,0.08556,0.08708,0.08459,0.08567,30355100.0,2023-02-10
1676073600000,0.08565,0.08673,0.08511,0.08622,14912700.0,2023-02-11
1676160000000,0.08622,0.08713,0.08392,0.08504,21787100.0,2023-02-12
1676246400000,0.08504,0.08574,0.0816,0.08511,44271400.0,2023-02-13
1676332800000,0.08512,0.08596,0.08288,0.08592,35307900.0,2023-02-14
1676419200000,0.08592,0.09032,0.08477,0.09023,38742900.0,2023-02-15
1676505600000,0.09023,0.09118,0.08614,0.08615,44896300.0,2023-02-16
1676592000000,0.08618,0.09082,0.08575,0.09079,33541300.0,2023-02-17
1676678400000,0.09074,0.09336,0.08965,0.09183,44610000.0,2023-02-18
1676764800000,0.09187,0.09361,0.0898,0.09059,36688300.0,2023-02-19
1676851200000,0.09059,0.09503,0.08861,0.09448,51904600.0,2023-02-20
1676937600000,0.09451,0.09792,0.09336,0.09489,82775900.0,2023-02-21
1677024000000,0.09488,0.09517,0.09039,0.09239,46561000.0,2023-02-22
1677110400000,0.09241,0.09317,0.0901,0.0909,23878800.0,2023-02-23
1677196800000,0.09091,0.0916,0.08749,0.0891,38419500.0,2023-02-24
1677283200000,0.08908,0.08957,0.08638,0.088,29624300.0,2023-02-25
1677369600000,0.088,0.08908,0.08709,0.08901,21256600.0,2023-02-26
1677456000000,0.089,0.08937,0.08694,0.08832,35903700.0,2023-02-27
1677542400000,0.08834,0.08858,0.08568,0.08715,28766700.0,2023-02-28
1677628800000,0.08716,0.08871,0.08658,0.08794,27694700.0,2023-03-01
1677715200000,0.08797,0.08827,0.08618,0.08753,23127500.0,2023-03-02
1677801600000,0.08754,0.08772,0.08238,0.08567,50297300.0,2023-03-03
1677888000000,0.08567,0.08593,0.08189,0.08367,26172600.0,2023-03-04
1677974400000,0.08367,0.08443,0.08231,0.08274,29840900.0,2023-03-05
1678060800000,0.08271,0.08358,0.08164,0.08344,26483300.0,2023-03-06
1678147200000,0.08344,0.08423,0.08146,0.0828,43612800.0,2023-03-07
1678233600000,0.0828,0.08457,0.08039,0.08164,68697500.0,2023-03-08
1678320000000,0.08159,0.08236,0.07579,0.077,61287000.0,2023-03-09
1678406400000,0.07703,0.07846,0.07428,0.07813,66414900.0,2023-03-10
1678492800000,0.07812,0.0793,0.07497,0.07889,63347700.0,2023-03-11
1678579200000,0.07888,0.08289,0.07824,0.08239,60340500.0,2023-03-12
1678665600000,0.0824,0.08528,0.08025,0.08447,91399300.0,2023-03-13
1678752000000,0.08449,0.08999,0.08326,0.0883,87456400.0,2023-03-14
1678838400000,0.08831,0.08882,0.08271,0.0837,54487900.0,2023-03-15
1678924800000,0.0837,0.08525,0.08318,0.08457,33489900.0,2023-03-16
1679011200000,0.08459,0.088,0.08377,0.08793,38332600.0,2023-03-17
1679097600000,0.08792,0.08874,0.08484,0.08548,41128700.0,2023-03-18
1679184000000,0.08551,0.08905,0.08544,0.08777,46518700.0,2023-03-19
1679270400000,0.08779,0.08946,0.08605,0.08626,45809900.0,2023-03-20
1679356800000,0.0863,0.09985,0.08539,0.0963,117977400.0,2023-03-21
1679443200000,0.09631,0.09704,0.0882,0.09081,93469200.0,2023-03-22
1679529600000,0.09081,0.0937,0.08983,0.09246,52944100.0,2023-03-23
1679616000000,0.09251,0.09264,0.08703,0.08874,34627600.0,2023-03-24
1679702400000,0.08874,0.09304,0.08838,0.09061,49976800.0,2023-03-25
1679788800000,0.09058,0.09251,0.09037,0.09191,25937800.0,2023-03-26
1679875200000,0.09191,0.09506,0.08939,0.09257,61179100.0,2023-03-27
1679961600000,0.09254,0.0982,0.09089,0.09771,76488900.0,2023-03-28
1680048000000,0.09771,0.10731,0.09771,0.10165,108058100.0,2023-03-29
1680134400000,0.10166,0.10692,0.09972,0.10644,98614200.0,2023-03-30
1680220800000,0.10639,0.1129,0.10503,0.11214,129782500.0,2023-03-31
1680307200000,0.11209,0.11451,0.1076,0.10813,60435000.0,2023-04-01
1680393600000,0.10814,0.11114,0.1057,0.10659,63340100.0,2023-04-02
1680480000000,0.10659,0.11049,0.10475,0.10657,71216000.0,2023-04-03
1680566400000,0.10654,0.10704,0.10449,0.1061,37352200.0,2023-04-04
1680652800000,0.10606,0.10876,0.10505,0.10724,38116300.0,2023-04-05
1680739200000,0.10722,0.10735,0.10383,0.10585,32428300.0,2023-04-06
1680825600000,0.10584,0.10649,0.10409,0.10638,31953800.0,2023-04-07
1680912000000,0.10635,0.10656,0.10377,0.10446,19369500.0,2023-04-08
1680998400000,0.10443,0.10551,0.10262,0.10477,24091400.0,2023-04-09
1681084800000,0.10475,0.10593,0.10254,0.10563,22350000.0,2023-04-10
1681171200000,0.10565,0.10735,0.10469,0.10513,29600500.0,2023-04-11
1681257600000,0.10512,0.10527,0.10229,0.10357,31737100.0,2023-04-12
1681344000000,0.10358,0.10592,0.10315,0.10533,23664700.0,2023-04-13
1681430400000,0.10537,0.10912,0.10521,0.10697,53387600.0,2023-04-14
1681516800000,0.10697,0.10757,0.10572,0.10636,23530300.0,2023-04-15
1681603200000,0.10636,0.10802,0.10526,0.10741,26964700.0,2023-04-16
1681689600000,0.10742,0.1076,0.10316,0.10389,33676500.0,2023-04-17
1681776000000,0.10389,0.10629,0.10339,0.10571,19234100.0,2023-04-18
1681862400000,0.10573,0.10618,0.09459,0.09758,74281900.0,2023-04-19
1681948800000,0.09759,0.0985,0.09423,0.09572,41228500.0,2023-04-20
1682035200000,0.09575,0.09668,0.09215,0.09295,42236700.0,2023-04-21
1682121600000,0.09293,0.09563,0.09197,0.09553,23425200.0,2023-04-22
1682208000000,0.09554,0.09561,0.09251,0.09456,23549100.0,2023-04-23
1682294400000,0.09456,0.09617,0.09186,0.09337,38773700.0,2023-04-24
1682380800000,0.09339,0.09506,0.09198,0.09492,26781700.0,2023-04-25
1682467200000,0.09494,0.09699,0.08894,0.09356,68577400.0,2023-04-26
1682553600000,0.09347,0.09504,0.09239,0.0943,31600600.0,2023-04-27
1682640000000,0.0943,0.0959,0.09342,0.09472,28920000.0,2023-04-28
1682726400000,0.09475,0.09583,0.09383,0.0958,15175700.0,2023-04-29
1682812800000,0.09579,0.096,0.09393,0.09432,20072100.0,2023-04-30
1682899200000,0.09433,0.0946,0.09154,0.0926,25678600.0,2023-05-01
1682985600000,0.09258,0.09369,0.09174,0.09347,17359900.0,2023-05-02
1683072000000,0.0935,0.09385,0.09172,0.09353,16454400.0,2023-05-03
1683158400000,0.09356,0.09414,0.0927,0.09342,12533800.0,2023-05-04
1683244800000,0.09342,0.09454,0.09197,0.09425,21143700.0,2023-05-05
1683331200000,0.09424,0.09473,0.09145,0.09242,23362800.0,2023-05-06
1683417600000,0.09241,0.09311,0.09156,0.0918,12077200.0,2023-05-07
1683504000000,0.0918,0.09223,0.08694,0.08938,46764500.0,2023-05-08
1683590400000,0.0894,0.08947,0.0881,0.08902,16346200.0,2023-05-09
1683676800000,0.08902,0.09002,0.08636,0.08902,42800900.0,2023-05-10
1683763200000,0.08902,0.08995,0.08749,0.0894,28368600.0,2023-05-11
1683849600000,0.08941,0.09016,0.08699,0.0891,31517100.0,2023-05-12
1683936000000,0.0891,0.08934,0.08808,0.08828,11226700.0,2023-05-13
1684022400000,0.08828,0.08876,0.08751,0.08864,14109100.0,2023-05-14
1684108800000,0.08863,0.08941,0.08772,0.08805,25749400.0,2023-05-15
1684195200000,0.08802,0.08867,0.08668,0.08796,26852800.0,2023-05-16
1684281600000,0.088,0.08902,0.08716,0.08873,22712500.0,2023-05-17
1684368000000,0.08874,0.0902,0.08728,0.08869,23560000.0,2023-05-18
1684454400000,0.0887,0.0896,0.08837,0.08922,16830500.0,2023-05-19
1684540800000,0.08921,0.08934,0.08818,0.08879,12398100.0,2023-05-20
1684627200000,0.08879,0.08916,0.08774,0.08817,12256800.0,2023-05-21
1684713600000,0.08816,0.08864,0.08719,0.08819,17654300.0,2023-05-22
1684800000000,0.08819,0.08917,0.08769,0.0882,12832700.0,2023-05-23
1684886400000,0.08822,0.08832,0.08555,0.08648,21014200.0,2023-05-24
1684972800000,0.08648,0.08717,0.0854,0.0871,11383000.0,2023-05-25
1685059200000,0.0871,0.08829,0.08677,0.08775,14593600.0,2023-05-26
1685145600000,0.08778,0.08846,0.08728,0.08814,10756400.0,2023-05-27
1685232000000,0.08812,0.08899,0.08786,0.08879,12998900.0,2023-05-28
1685318400000,0.08877,0.08956,0.08829,0.08924,11200200.0,2023-05-29
1685404800000,0.08923,0.09111,0.08874,0.09082,40518200.0,2023-05-30
1685491200000,0.09083,0.09309,0.08937,0.09259,43178900.0,2023-05-31
1685577600000,0.09259,0.0928,0.09066,0.09116,38710600.0,2023-06-01
1685664000000,0.09117,0.09242,0.09051,0.09199,17347900.0,2023-06-02
1685750400000,0.09199,0.09339,0.09148,0.09188,18190000.0,2023-06-03
1685836800000,0.09187,0.09296,0.09104,0.09135,14419500.0,2023-06-04
1685923200000,0.09132,0.09186,0.08473,0.08774,54228800.0,2023-06-05
1686009600000,0.08774,0.08983,0.08658,0.08968,29036000.0,2023-06-06
1686096000000,0.08973,0.09012,0.08662,0.08731,25330400.0,2023-06-07
1686182400000,0.08731,0.08805,0.08669,0.08702,17595800.0,2023-06-08
1686268800000,0.08704,0.08909,0.08653,0.08906,24124500.0,2023-06-09
1686355200000,0.08906,0.08914,0.07672,0.08199,125977100.0,2023-06-10
1686441600000,0.08198,0.08469,0.08105,0.08355,54559000.0,2023-06-11
1686528000000,0.08355,0.08366,0.08155,0.08302,33888600.0,2023-06-12
1686614400000,0.08301,0.08628,0.08228,0.08251,60738000.0,2023-06-13
1686700800000,0.08251,0.08299,0.07741,0.07926,42188700.0,2023-06-14
1686787200000,0.07921,0.07954,0.07513,0.07642,45301600.0,2023-06-15
1686873600000,0.07641,0.07896,0.07598,0.07738,46449900.0,2023-06-16
1686960000000,0.07736,0.08055,0.07684,0.07961,31607500.0,2023-06-17
1687046400000,0.07955,0.08097,0.07886,0.07951,22665800.0,2023-06-18
1687132800000,0.07954,0.08061,0.07892,0.08005,19706600.0,2023-06-19
1687219200000,0.08005,0.08332,0.07813,0.08278,31422500.0,2023-06-20
1687305600000,0.08279,0.08756,0.0821,0.08671,48900800.0,2023-06-21
1687392000000,0.08669,0.08932,0.08555,0.08668,36990800.0,2023-06-22
1687478400000,0.08664,0.0901,0.08663,0.08947,25881000.0,2023-06-23
1687564800000,0.08954,0.09128,0.08854,0.09049,22334200.0,2023-06-24
1687651200000,0.0905,0.09247,0.09023,0.09157,18390300.0,2023-06-25
1687737600000,0.09159,0.09281,0.09048,0.09209,21449500.0,2023-06-26
1687824000000,0.0921,0.10349,0.09201,0.1028,109874600.0,2023-06-27
1687910400000,0.10276,0.106,0.09871,0.10032,325040300.0,2023-06-28
1687996800000,0.10032,0.10473,0.10031,0.10213,100377200.0,2023-06-29
1688083200000,0.10213,0.11815,0.1012,0.11064,223770800.0,2023-06-30
1688169600000,0.11064,0.11168,0.10493,0.10745,64780100.0,2023-07-01
1688256000000,0.10745,0.10809,0.10454,0.10728,60004600.0,2023-07-02
1688342400000,0.10738,0.10946,0.10484,0.10597,55549500.0,2023-07-03
1688428800000,0.10596,0.10644,0.10279,0.10324,33748900.0,2023-07-04
1688515200000,0.10335,0.10463,0.09922,0.10053,45932900.0,2023-07-05
1688601600000,0.10054,0.10232,0.09563,0.09576,42935800.0,2023-07-06
1688688000000,0.09574,0.09749,0.09489,0.09731,44117100.0,2023-07-07
1688774400000,0.09733,0.10023,0.09634,0.09968,44022900.0,2023-07-08
1688860800000,0.09968,0.10006,0.0983,0.09899,20217300.0,2023-07-09
1688947200000,0.099,0.10061,0.09681,0.09985,40216000.0,2023-07-10
1689033600000,0.09982,0.10093,0.09841,0.0986,20748500.0,2023-07-11
1689120000000,0.09859,0.09859,0.09531,0.0962,46021900.0,2023-07-12
1689206400000,0.09621,0.19777,0.09534,0.15511,1030712700.0,2023-07-13
1689292800000,0.1551,0.15795,0.12512,0.1349,884459600.0,2023-07-14
1689379200000,0.13492,0.13555,0.12705,0.12781,270211600.0,2023-07-15
1689465600000,0.12779,0.13873,0.12494,0.13124,340151000.0,2023-07-16
1689552000000,0.13123,0.13443,0.12411,0.12905,203035100.0,2023-07-17
1689638400000,0.12905,0.13359,0.12507,0.13239,220114200.0,2023-07-18
1689724800000,0.13237,0.168,0.13134,0.15649,1278985400.0,2023-07-19
1689811200000,0.15644,0.181,0.15462,0.16324,2172393400.0,2023-07-20
1689897600000,0.16321,0.17085,0.15361,0.1572,806619700.0,2023-07-21
1689984000000,0.15721,0.1686,0.15462,0.1556,684378800.0,2023-07-22
1690070400000,0.15556,0.16098,0.15222,0.15595,367105700.0,2023-07-23
1690156800000,0.15596,0.156,0.14386,0.14557,443993900.0,2023-07-24
1690243200000,0.14554,0.14991,0.1412,0.14492,347349000.0,2023-07-25
1690329600000,0.14495,0.16277,0.14017,0.15558,557556800.0,2023-07-26
1690416000000,0.1556,0.16378,0.15303,0.15937,781805900.0,2023-07-27
1690502400000,0.15935,0.17261,0.15772,0.15963,627585700.0,2023-07-28
1690588800000,0.15963,0.16119,0.15739,0.15841,187011500.0,2023-07-29
1690675200000,0.15839,0.16204,0.15213,0.15659,298372500.0,2023-07-30
1690761600000,0.15653,0.15798,0.14865,0.15012,214881100.0,2023-07-31
1690848000000,0.15014,0.15381,0.14449,0.15369,285747500.0,2023-08-01
1690934400000,0.15373,0.15464,0.1434,0.14407,183756500.0,2023-08-02
1691020800000,0.14407,0.14571,0.13806,0.13898,223974500.0,2023-08-03
1691107200000,0.139,0.14197,0.13607,0.13649,182213400.0,2023-08-04
1691193600000,0.13646,0.13931,0.13341,0.13898,180227700.0,2023-08-05
1691280000000,0.13897,0.14522,0.13853,0.13943,203538200.0,2023-08-06
1691366400000,0.13943,0.14366,0.13676,0.14298,297271100.0,2023-08-07
1691452800000,0.14298,0.14412,0.13836,0.14294,175290100.0,2023-08-08
1691539200000,0.14294,0.14612,0.13953,0.14161,180872200.0,2023-08-09
1691625600000,0.1416,0.14186,0.13824,0.13896,81912900.0,2023-08-10
1691712000000,0.13897,0.1416,0.13836,0.13978,56140600.0,2023-08-11
1691798400000,0.1398,0.1404,0.13688,0.13795,39933800.0,2023-08-12
1691884800000,0.13796,0.14073,0.13749,0.13785,57113100.0,2023-08-13
1691971200000,0.13782,0.13838,0.1346,0.13604,53708300.0,2023-08-14
1692057600000,0.13604,0.13659,0.12253,0.13023,162637200.0,2023-08-15
1692144000000,0.13019,0.13273,0.1231,0.12667,166926800.0,2023-08-16
1692230400000,0.12668,0.12767,0.10285,0.11314,274590400.0,2023-08-17
1692316800000,0.11309,0.11787,0.11106,0.11665,169738200.0,2023-08-18
1692403200000,0.11667,0.12578,0.11653,0.1237,157520300.0,2023-08-19
1692489600000,0.1237,0.13273,0.12254,0.12956,288769300.0,2023-08-20
1692576000000,0.12958,0.13034,0.12186,0.12476,195528200.0,2023-08-21
1692662400000,0.12476,0.12492,0.11656,0.12065,167895300.0,2023-08-22
1692748800000,0.12064,0.12908,0.11981,0.12747,164907900.0,2023-08-23
1692835200000,0.12747,0.12884,0.12153,0.12378,108046100.0,2023-08-24
1692921600000,0.12383,0.12516,0.12069,0.12386,117059300.0,2023-08-25
1693008000000,0.12388,0.12465,0.12044,0.12089,50662000.0,2023-08-26
1693094400000,0.12083,0.12241,0.11925,0.12081,43601400.0,2023-08-27
1693180800000,0.12084,0.12138,0.11851,0.12004,67431500.0,2023-08-28
1693267200000,0.11998,0.12872,0.11685,0.12438,142427200.0,2023-08-29
1693353600000,0.1244,0.1245,0.12023,0.12041,43804000.0,2023-08-30
1693440000000,0.12038,0.12097,0.11311,0.1149,80680000.0,2023-08-31
1693526400000,0.11488,0.1173,0.1126,0.11408,52460700.0,2023-09-01
1693612800000,0.11411,0.11443,0.11127,0.11354,33925400.0,2023-09-02
1693699200000,0.11354,0.12058,0.11302,0.1188,125579300.0,2023-09-03
1693785600000,0.11881,0.12657,0.11846,0.12444,242675000.0,2023-09-04
1693872000000,0.12445,0.12972,0.12144,0.1223,210573100.0,2023-09-05
1693958400000,0.12228,0.12432,0.11749,0.12392,115848300.0,2023-09-06
1694044800000,0.12391,0.1258,0.12176,0.12546,97635700.0,2023-09-07
1694131200000,0.12545,0.12761,0.12201,0.1269,88044700.0,2023-09-08
1694217600000,0.1269,0.133,0.12593,0.13155,234926200.0,2023-09-09
1694304000000,0.13154,0.13479,0.12667,0.13374,415293200.0,2023-09-10
1694390400000,0.13374,0.13458,0.12412,0.12845,278277900.0,2023-09-11
1694476800000,0.12848,0.13219,0.12035,0.12117,249920000.0,2023-09-12
1694563200000,0.12116,0.1225,0.11922,0.12083,127676100.0,2023-09-13
1694649600000,0.12084,0.12193,0.11813,0.12028,75213900.0,2023-09-14
1694736000000,0.12031,0.12208,0.11753,0.12033,67928600.0,2023-09-15
1694822400000,0.12036,0.12134,0.11788,0.11932,41968500.0,2023-09-16
1694908800000,0.11934,0.11947,0.11504,0.11614,64868700.0,2023-09-17
1694995200000,0.11617,0.11952,0.11512,0.11807,65143100.0,2023-09-18
1695081600000,0.11805,0.12031,0.11723,0.11838,55802300.0,2023-09-19
1695168000000,0.1184,0.11922,0.11602,0.11686,73824100.0,2023-09-20
1695254400000,0.11689,0.11692,0.11148,0.11384,83685600.0,2023-09-21
1695340800000,0.11385,0.11558,0.11321,0.11462,66278200.0,2023-09-22
1695427200000,0.11461,0.11528,0.11284,0.1142,25262400.0,2023-09-23
1695513600000,0.1142,0.11423,0.11178,0.1122,32045000.0,2023-09-24
1695600000000,0.1122,0.11344,0.11076,0.11293,57691700.0,2023-09-25
1695686400000,0.11294,0.11308,0.11086,0.11192,30542500.0,2023-09-26
1695772800000,0.11193,0.11444,0.1114,0.11255,47539600.0,2023-09-27
1695859200000,0.11256,0.11449,0.11221,0.11412,34285900.0,2023-09-28
1695945600000,0.11412,0.11891,0.11259,0.1127,104431500.0,2023-09-29
1696032000000,0.11271,0.11283,0.11084,0.11224,40032800.0,2023-09-30
1696118400000,0.11227,0.11471,0.11184,0.11438,35498800.0,2023-10-01
1696204800000,0.11439,0.11509,0.11012,0.11155,63216500.0,2023-10-02
1696291200000,0.11159,0.11655,0.10987,0.11466,81297700.0,2023-10-03
1696377600000,0.11465,0.11535,0.11048,0.11239,103441700.0,2023-10-04
1696464000000,0.11239,0.11245,0.1102,0.11065,40017400.0,2023-10-05
1696550400000,0.11065,0.11237,0.10956,0.11174,30737700.0,2023-10-06
1696636800000,0.11177,0.11207,0.11044,0.11114,13520800.0,2023-10-07
1696723200000,0.11118,0.11142,0.1102,0.11069,18410700.0,2023-10-08
1696809600000,0.11069,0.11101,0.10318,0.10606,122370600.0,2023-10-09
1696896000000,0.10607,0.10608,0.10343,0.10426,40917200.0,2023-10-10
1696982400000,0.10426,0.10496,0.10168,0.10334,61818700.0,2023-10-11
1697068800000,0.10333,0.10336,0.10098,0.10251,52254900.0,2023-10-12
1697155200000,0.10251,0.10363,0.10214,0.10293,53092300.0,2023-10-13
1697241600000,0.10292,0.10455,0.10288,0.10427,35477000.0,2023-10-14
1697328000000,0.10426,0.10643,0.10399,0.10631,36518300.0,2023-10-15
1697414400000,0.10636,0.11123,0.10611,0.10731,102772000.0,2023-10-16
1697500800000,0.10731,0.10753,0.10291,0.10299,41808900.0,2023-10-17
1697587200000,0.10294,0.10471,0.1024,0.1032,30737300.0,2023-10-18
1697673600000,0.10322,0.10779,0.1019,0.10729,87187600.0,2023-10-19
1697760000000,0.10729,0.11001,0.10635,0.10744,61803400.0,2023-10-20
1697846400000,0.10747,0.1128,0.10727,0.11078,52378100.0,2023-10-21
1697932800000,0.11078,0.11207,0.10745,0.1108,60232700.0,2023-10-22
1698019200000,0.11083,0.11641,0.10953,0.11607,94991200.0,2023-10-23
1698105600000,0.1161,0.12055,0.11178,0.11446,152120500.0,2023-10-24
1698192000000,0.11447,0.11574,0.1121,0.1144,53719200.0,2023-10-25
1698278400000,0.11439,0.11689,0.11049,0.11314,63256900.0,2023-10-26
1698364800000,0.11317,0.11358,0.11004,0.11185,42778100.0,2023-10-27
1698451200000,0.11184,0.1144,0.11183,0.11405,18676500.0,2023-10-28
1698537600000,0.11406,0.11688,0.11236,0.11572,26146500.0,2023-10-29
1698624000000,0.11574,0.1201,0.11459,0.11896,52036900.0,2023-10-30
1698710400000,0.11897,0.12492,0.11549,0.12116,103329900.0,2023-10-31
1698796800000,0.12117,0.12304,0.11756,0.12257,71507600.0,2023-11-01
1698883200000,0.12261,0.12359,0.11709,0.11971,61458900.0,2023-11-02
1698969600000,0.1197,0.12429,0.11602,0.12245,72436600.0,2023-11-03
1699056000000,0.12244,0.12435,0.12099,0.12357,30317500.0,2023-11-04
1699142400000,0.12361,0.12845,0.12274,0.12559,66096600.0,2023-11-05
1699228800000,0.12563,0.13495,0.12506,0.13117,127137900.0,2023-11-06
1699315200000,0.13111,0.13113,0.12208,0.1266,78581200.0,2023-11-07
1699401600000,0.12656,0.12887,0.12545,0.12772,39890900.0,2023-11-08
1699488000000,0.12773,0.1304,0.1086,0.1228,118289300.0,2023-11-09
1699574400000,0.1228,0.1244,0.1197,0.1238,49974000.0,2023-11-10
1699660800000,0.1238,0.1273,0.1204,0.125,45630600.0,2023-11-11
1699747200000,0.125,0.1268,0.1215,0.1244,33781500.0,2023-11-12
1699833600000,0.1244,0.1381,0.1187,0.1221,294900100.0,2023-11-13
1699920000000,0.1221,0.1226,0.1133,0.1179,106123600.0,2023-11-14
1700006400000,0.1179,0.1218,0.1169,0.1214,43574300.0,2023-11-15
1700092800000,0.1215,0.1232,0.1166,0.1184,64193100.0,2023-11-16
1700179200000,0.1183,0.1204,0.1141,0.1182,51838900.0,2023-11-17
1700265600000,0.1183,0.1194,0.1143,0.1192,21360100.0,2023-11-18
1700352000000,0.1192,0.1213,0.1175,0.1211,27998900.0,2023-11-19
1700438400000,0.1211,0.1218,0.1177,0.1196,35421800.0,2023-11-20
1700524800000,0.1196,0.1204,0.112,0.1133,75267100.0,2023-11-21
1700611200000,0.1133,0.1184,0.1131,0.118,40423100.0,2023-11-22
1700697600000,0.1181,0.1188,0.1153,0.1172,45210200.0,2023-11-23
1700784000000,0.1172,0.119,0.1167,0.1178,29397300.0,2023-11-24
1700870400000,0.1179,0.1215,0.1174,0.121,25684500.0,2023-11-25
1700956800000,0.1211,0.1235,0.1188,0.1198,58428100.0,2023-11-26
1701043200000,0.1199,0.1207,0.1145,0.1165,43866500.0,2023-11-27
1701129600000,0.1166,0.1188,0.1148,0.1186,29088500.0,2023-11-28
1701216000000,0.1186,0.1201,0.1179,0.1186,24664500.0,2023-11-29
1701302400000,0.1185,0.1197,0.1179,0.1183,25896400.0,2023-11-30
1701388800000,0.1183,0.12,0.1178,0.1198,15116100.0,2023-12-01
1701475200000,0.1197,0.1218,0.1192,0.1216,27420200.0,2023-12-02
1701561600000,0.1216,0.1233,0.1207,0.1219,30112200.0,2023-12-03
1701648000000,0.122,0.1254,0.1181,0.1223,85826500.0,2023-12-04
1701734400000,0.1223,0.1231,0.1194,0.1224,43860700.0,2023-12-05
1701820800000,0.1225,0.1259,0.1205,0.1254,53606900.0,2023-12-06
1701907200000,0.1254,0.1274,0.1226,0.1261,60634300.0,2023-12-07
1701993600000,0.1261,0.1333,0.1258,0.1324,67747900.0,2023-12-08
1702080000000,0.1323,0.1384,0.1314,0.1336,104022100.0,2023-12-09
1702166400000,0.1337,0.1369,0.1314,0.1333,49479300.0,2023-12-10
1702252800000,0.1333,0.1346,0.1129,0.1235,159364300.0,2023-12-11
1702339200000,0.1235,0.1254,0.1207,0.1231,61035500.0,2023-12-12
1702425600000,0.1232,0.1257,0.118,0.1247,73997300.0,2023-12-13
1702512000000,0.1247,0.1282,0.1216,0.1276,75453400.0,2023-12-14
1702598400000,0.1276,0.1282,0.1224,0.1229,37538000.0,2023-12-15
1702684800000,0.1228,0.1262,0.1212,0.1248,21695600.0,2023-12-16
1702771200000,0.1247,0.1251,0.1218,0.1221,21284900.0,2023-12-17
1702857600000,0.1221,0.1225,0.116,0.1212,72476000.0,2023-12-18
1702944000000,0.1213,0.1225,0.1185,0.1195,37342600.0,2023-12-19
1703030400000,0.1194,0.1229,0.1187,0.1219,41297900.0,2023-12-20
1703116800000,0.1218,0.1246,0.1212,0.1246,35670800.0,2023-12-21
1703203200000,0.1246,0.1267,0.1231,0.1266,42788700.0,2023-12-22
1703289600000,0.1266,0.1271,0.1236,0.1266,23413000.0,2023-12-23
1703376000000,0.1267,0.1279,0.1242,0.1259,41143500.0,2023-12-24
1703462400000,0.126,0.1317,0.125,0.131,54999600.0,2023-12-25
1703548800000,0.1311,0.1312,0.1201,0.126,88889100.0,2023-12-26
1703635200000,0.1261,0.1336,0.1238,0.1307,65171200.0,2023-12-27
1703721600000,0.1308,0.1358,0.1293,0.1321,97526300.0,2023-12-28
1703808000000,0.1321,0.1325,0.1268,0.1297,56917800.0,2023-12-29
1703894400000,0.1296,0.1385,0.1291,0.1323,84766200.0,2023-12-30
1703980800000,0.1323,0.1333,0.1269,0.129,38862500.0,2023-12-31
1704067200000,0.1289,0.1324,0.1272,0.132,23026600.0,2024-01-01
1704153600000,0.1319,0.1333,0.1283,0.129,45592800.0,2024-01-02
1704240000000,0.1291,0.133,0.1057,0.1205,217277600.0,2024-01-03
1704326400000,0.1204,0.1221,0.1189,0.1215,54021800.0,2024-01-04
1704412800000,0.1214,0.1218,0.1139,0.1191,110438600.0,2024-01-05
1704499200000,0.119,0.1207,0.1157,0.1201,39853200.0,2024-01-06
1704585600000,0.1201,0.1205,0.1143,0.1151,34063800.0,2024-01-07
1704672000000,0.1151,0.12,0.1121,0.1195,100653400.0,2024-01-08
1704758400000,0.1195,0.1204,0.1137,0.1165,125675600.0,2024-01-09
1704844800000,0.1165,0.1224,0.1127,0.1207,117655700.0,2024-01-10
1704931200000,0.1208,0.1262,0.1201,0.1235,79491200.0,2024-01-11
1705017600000,0.1235,0.1255,0.1161,0.119,78001500.0,2024-01-12
1705104000000,0.1189,0.1205,0.1173,0.1201,23695000.0,2024-01-13
1705190400000,0.12,0.1208,0.1178,0.118,23739600.0,2024-01-14
1705276800000,0.118,0.1209,0.1177,0.1182,24083200.0,2024-01-15
1705363200000,0.1181,0.1193,0.1164,0.1185,25238200.0,2024-01-16
1705449600000,0.1186,0.1194,0.1169,0.1188,26832600.0,2024-01-17
1705536000000,0.1188,0.1189,0.1126,0.1142,36074100.0,2024-01-18
1705622400000,0.1142,0.1148,0.1088,0.114,42412500.0,2024-01-19
1705708800000,0.1139,0.1156,0.1131,0.1154,14425800.0,2024-01-20
1705795200000,0.1154,0.1167,0.1151,0.1156,16584700.0,2024-01-21
1705881600000,0.1156,0.1161,0.1116,0.1126,34164700.0,2024-01-22
1705968000000,0.1126,0.1143,0.107,0.1117,33098400.0,2024-01-23
1706054400000,0.1116,0.1127,0.1105,0.1126,19720700.0,2024-01-24
1706140800000,0.1126,0.1127,0.1104,0.1118,19066200.0,2024-01-25
1706227200000,0.1118,0.1167,0.1116,0.1157,26057400.0,2024-01-26
1706313600000,0.1158,0.117,0.1152,0.1163,12975100.0,2024-01-27
1706400000000,0.1163,0.1166,0.1129,0.1137,19628000.0,2024-01-28
1706486400000,0.1138,0.1165,0.1131,0.1164,19284800.0,2024-01-29
1706572800000,0.1165,0.1169,0.1123,0.1128,39403300.0,2024-01-30
1706659200000,0.1128,0.1136,0.1088,0.1099,62563800.0,2024-01-31
1706745600000,0.1098,0.1107,0.1079,0.1099,28453300.0,2024-02-01
1706832000000,0.1098,0.111,0.1088,0.1104,22822500.0,2024-02-02
1706918400000,0.1103,0.1125,0.1093,0.1109,28579200.0,2024-02-03
1707004800000,0.1109,0.1113,0.1083,0.1092,22749200.0,2024-02-04
1707091200000,0.1091,0.1099,0.1076,0.1086,23304300.0,2024-02-05
1707177600000,0.1085,0.1091,0.1071,0.1082,37018800.0,2024-02-06
1707264000000,0.1081,0.1092,0.1068,0.109,40779700.0,2024-02-07
1707350400000,0.1091,0.1101,0.1086,0.1097,26659600.0,2024-02-08
1707436800000,0.1098,0.1123,0.1097,0.112,25549000.0,2024-02-09
1707523200000,0.112,0.113,0.1106,0.1117,20069700.0,2024-02-10
1707609600000,0.1117,0.1131,0.1105,0.1112,20520900.0,2024-02-11
1707696000000,0.1112,0.1133,0.1095,0.1131,37042200.0,2024-02-12
1707782400000,0.1132,0.1145,0.1094,0.111,58029600.0,2024-02-13
1707868800000,0.111,0.1147,0.1102,0.1144,34052200.0,2024-02-14
1707955200000,0.1144,0.1174,0.1139,0.1166,56163400.0,2024-02-15
1708041600000,0.1166,0.1183,0.1139,0.1155,32109600.0,2024-02-16
1708128000000,0.1155,0.1159,0.1116,0.1142,32664900.0,2024-02-17
1708214400000,0.1141,0.1167,0.1134,0.1159,29204700.0,2024-02-18
1708300800000,0.1159,0.1191,0.1156,0.1184,37063200.0,2024-02-19
1708387200000,0.1184,0.1213,0.1137,0.1176,102679400.0,2024-02-20
1708473600000,0.1177,0.1179,0.1108,0.1143,56059500.0,2024-02-21
1708560000000,0.1143,0.1177,0.1131,0.1153,38511600.0,2024-02-22
1708646400000,0.1153,0.1165,0.113,0.1147,34301900.0,2024-02-23
1708732800000,0.1148,0.1174,0.1136,0.1164,28138200.0,2024-02-24
1708819200000,0.1165,0.117,0.1154,0.1165,23810100.0,2024-02-25
1708905600000,0.1166,0.1181,0.114,0.118,27430500.0,2024-02-26
1708992000000,0.118,0.1236,0.1171,0.1229,82470300.0,2024-02-27
1709078400000,0.1229,0.1253,0.1132,0.121,168830900.0,2024-02-28
1709164800000,0.121,0.1283,0.1189,0.122,157875300.0,2024-02-29
1709251200000,0.122,0.1274,0.122,0.1271,52372800.0,2024-03-01
1709337600000,0.1272,0.1385,0.1268,0.1384,140453600.0,2024-03-02
1709424000000,0.1384,0.1402,0.1276,0.1357,166502800.0,2024-03-03
1709510400000,0.1358,0.1589,0.1334,0.1458,271932500.0,2024-03-04
1709596800000,0.1459,0.1533,0.1125,0.1321,474825100.0,2024-03-05
1709683200000,0.1321,0.1387,0.1279,0.1385,162692600.0,2024-03-06
1709769600000,0.1384,0.1435,0.1375,0.142,120263200.0,2024-03-07
1709856000000,0.1419,0.1455,0.1365,0.1415,121947800.0,2024-03-08
1709942400000,0.1415,0.1438,0.14,0.1422,56483600.0,2024-03-09
1710028800000,0.1423,0.1449,0.1366,0.1398,84537500.0,2024-03-10
1710115200000,0.1397,0.1628,0.1338,0.1578,405360300.0,2024-03-11
1710201600000,0.1577,0.1597,0.142,0.1494,217270000.0,2024-03-12
1710288000000,0.1493,0.1537,0.1464,0.1508,70263500.0,2024-03-13
1710374400000,0.1508,0.1526,0.1377,0.1446,120032100.0,2024-03-14
1710460800000,0.1445,0.1457,0.1267,0.137,203256000.0,2024-03-15
1710547200000,0.137,0.1431,0.1264,0.1292,120521000.0,2024-03-16
1710633600000,0.1291,0.1332,0.124,0.1321,72177900.0,2024-03-17
1710720000000,0.1322,0.1377,0.1248,0.1348,95661600.0,2024-03-18
1710806400000,0.1348,0.1348,0.1184,0.1207,233128200.0,2024-03-19
1710892800000,0.1207,0.1314,0.1169,0.1308,109392500.0,2024-03-20
1710979200000,0.1308,0.1355,0.1277,0.1333,93749100.0,2024-03-21
1711065600000,0.1334,0.1343,0.1253,0.1283,76796300.0,2024-03-22
1711152000000,0.1283,0.1365,0.1276,0.1326,54717500.0,2024-03-23
1711238400000,0.1326,0.1355,0.1317,0.135,41791800.0,2024-03-24
1711324800000,0.1351,0.1395,0.1341,0.1367,72771400.0,2024-03-25
1711411200000,0.1367,0.14,0.1355,0.1382,56402400.0,2024-03-26
1711497600000,0.1383,0.1399,0.1321,0.1338,89694200.0,2024-03-27
1711584000000,0.1337,0.139,0.1326,0.138,56994800.0,2024-03-28
1711670400000,0.138,0.1467,0.1372,0.1427,125781900.0,2024-03-29
1711756800000,0.1428,0.1436,0.138,0.1391,41725900.0,2024-03-30
1711843200000,0.1391,0.1414,0.1384,0.1413,25830200.0,2024-03-31
1711929600000,0.1413,0.1427,0.1321,0.1356,119461700.0,2024-04-01
1712016000000,0.1355,0.136,0.1271,0.1285,103394500.0,2024-04-02
1712102400000,0.1285,0.1308,0.1242,0.1262,72983100.0,2024-04-03
1712188800000,0.1262,0.1319,0.1242,0.1288,75249900.0,2024-04-04
1712275200000,0.1289,0.1296,0.124,0.1274,49564900.0,2024-04-05
1712361600000,0.1274,0.1299,0.1268,0.129,20848300.0,2024-04-06
1712448000000,0.129,0.1304,0.1279,0.1293,23488500.0,2024-04-07
1712534400000,0.1293,0.1346,0.1274,0.1335,55482200.0,2024-04-08
1712620800000,0.1335,0.137,0.1305,0.132,91230300.0,2024-04-09
1712707200000,0.1321,0.1322,0.1253,0.1297,71150300.0,2024-04-10
1712793600000,0.1297,0.1314,0.1281,0.1303,35147700.0,2024-04-11
1712880000000,0.1302,0.1312,0.0994,0.1149,235337900.0,2024-04-12
1712966400000,0.1149,0.1154,0.089,0.1052,303297500.0,2024-04-13
1713052800000,0.1052,0.1114,0.1016,0.1106,164702900.0,2024-04-14
1713139200000,0.1106,0.114,0.1037,0.1075,104105300.0,2024-04-15
1713225600000,0.1076,0.11,0.1038,0.1095,66877800.0,2024-04-16
1713312000000,0.1095,0.1101,0.1047,0.1075,57709300.0,2024-04-17
1713398400000,0.1075,0.1111,0.105,0.1104,54168100.0,2024-04-18
1713484800000,0.1104,0.1136,0.1034,0.1116,69518100.0,2024-04-19
1713571200000,0.1116,0.1169,0.1107,0.1159,31368200.0,2024-04-20
1713657600000,0.1159,0.1165,0.1124,0.1138,26481800.0,2024-04-21
1713744000000,0.1138,0.1191,0.1134,0.1181,44967200.0,2024-04-22
1713830400000,0.1182,0.1187,0.1154,0.1173,42098800.0,2024-04-23
1713916800000,0.1173,0.1203,0.1131,0.1144,54159500.0,2024-04-24
1714003200000,0.1144,0.1156,0.1114,0.1138,36606700.0,2024-04-25
1714089600000,0.1137,0.1152,0.1118,0.114,21997400.0,2024-04-26
1714176000000,0.1141,0.115,0.1108,0.1145,31059700.0,2024-04-27
1714262400000,0.1145,0.116,0.1118,0.1122,27986200.0,2024-04-28
1714348800000,0.1121,0.1136,0.1096,0.112,47384500.0,2024-04-29
1714435200000,0.112,0.1129,0.1045,0.1077,57928100.0,2024-04-30
1714521600000,0.1077,0.1112,0.103,0.111,74907100.0,2024-05-01
1714608000000,0.1111,0.1114,0.1069,0.1103,48926500.0,2024-05-02
1714694400000,0.1103,0.1125,0.1087,0.1116,35284000.0,2024-05-03
1714780800000,0.1117,0.1125,0.1106,0.1108,24574800.0,2024-05-04
1714867200000,0.1109,0.1113,0.1092,0.1109,21393900.0,2024-05-05
1714953600000,0.1108,0.1136,0.109,0.1096,55867900.0,2024-05-06
1715040000000,0.1097,0.1108,0.1078,0.1079,55810000.0,2024-05-07
1715126400000,0.1079,0.1097,0.1067,0.1073,37040600.0,2024-05-08
1715212800000,0.1073,0.1087,0.1058,0.1084,32035700.0,2024-05-09
1715299200000,0.1085,0.1098,0.1052,0.1062,28084000.0,2024-05-10
1715385600000,0.1062,0.1071,0.1053,0.1058,12260200.0,2024-05-11
1715472000000,0.1058,0.1063,0.1038,0.1046,13730400.0,2024-05-12
1715558400000,0.1047,0.1059,0.1009,0.104,42088900.0,2024-05-13
1715644800000,0.104,0.1045,0.1015,0.1019,32421900.0,2024-05-14
1715731200000,0.1019,0.1072,0.1014,0.1068,31971300.0,2024-05-15
1715817600000,0.1067,0.108,0.1048,0.1066,25373600.0,2024-05-16
1715904000000,0.1067,0.1098,0.106,0.1088,20280600.0,2024-05-17
1715990400000,0.1087,0.1095,0.1072,0.1081,19328300.0,2024-05-18
1716076800000,0.108,0.1085,0.1051,0.1055,18668400.0,2024-05-19
1716163200000,0.1056,0.1125,0.1044,0.1125,43152400.0,2024-05-20
1716249600000,0.1125,0.1141,0.1114,0.1122,48368200.0,2024-05-21
1716336000000,0.1122,0.1126,0.109,0.1107,35210300.0,2024-05-22
1716422400000,0.1107,0.1116,0.1042,0.1091,142745400.0,2024-05-23
1716508800000,0.1092,0.1107,0.1072,0.1101,40951000.0,2024-05-24
1716595200000,0.1102,0.1117,0.11,0.1108,19755700.0,2024-05-25
1716681600000,0.1109,0.1114,0.1079,0.1086,17908800.0,2024-05-26
1716768000000,0.1087,0.1115,0.108,0.1105,28679400.0,2024-05-27
1716854400000,0.1104,0.1107,0.1068,0.1079,46782100.0,2024-05-28
1716940800000,0.1079,0.1095,0.1065,0.1066,31435700.0,2024-05-29
1717027200000,0.1067,0.1079,0.1046,0.1067,39991100.0,2024-05-30
1717113600000,0.1068,0.1072,0.1046,0.1062,32092500.0,2024-05-31
1717200000000,0.1063,0.107,0.106,0.1064,10351300.0,2024-06-01
1717286400000,0.1063,0.1068,0.1044,0.1051,14847400.0,2024-06-02
1717372800000,0.1051,0.1071,0.1044,0.1053,29781000.0,2024-06-03
1717459200000,0.1053,0.1069,0.1039,0.1063,32537600.0,2024-06-04
1717545600000,0.1064,0.1076,0.1058,0.1069,32200200.0,2024-06-05
1717632000000,0.107,0.107,0.1046,0.1052,25904100.0,2024-06-06
1717718400000,0.1052,0.1068,0.0915,0.1001,138997300.0,2024-06-07
1717804800000,0.1001,0.1001,0.0964,0.0981,44994900.0,2024-06-08
1717891200000,0.0981,0.0999,0.0979,0.0998,23876400.0,2024-06-09
1717977600000,0.0999,0.1013,0.0991,0.0999,36548200.0,2024-06-10
1718064000000,0.0999,0.1002,0.0952,0.0967,97669300.0,2024-06-11
1718150400000,0.0967,0.101,0.0954,0.1001,65922800.0,2024-06-12
1718236800000,0.1001,0.1003,0.0972,0.0975,42501300.0,2024-06-13
1718323200000,0.0975,0.099,0.0942,0.0967,68429200.0,2024-06-14
1718409600000,0.0967,0.0989,0.0963,0.0982,22192200.0,2024-06-15
1718496000000,0.0982,0.0992,0.0976,0.099,20152300.0,2024-06-16
1718582400000,0.0991,0.0995,0.095,0.0968,94314700.0,2024-06-17
1718668800000,0.0967,0.097,0.0865,0.0914,201704200.0,2024-06-18
1718755200000,0.0914,0.0941,0.0906,0.0934,36817600.0,2024-06-19
1718841600000,0.0935,0.0955,0.0929,0.0939,34866500.0,2024-06-20
1718928000000,0.0939,0.0945,0.091,0.0921,41141700.0,2024-06-21
1719014400000,0.0921,0.0921,0.0906,0.0908,15543100.0,2024-06-22
1719100800000,0.0908,0.092,0.0888,0.0895,25106300.0,2024-06-23
1719187200000,0.0895,0.0897,0.0844,0.0893,85644100.0,2024-06-24
1719273600000,0.0893,0.0929,0.0891,0.0919,41899900.0,2024-06-25
1719360000000,0.0919,0.0926,0.0895,0.0902,30943900.0,2024-06-26
1719446400000,0.0902,0.0916,0.0886,0.0915,20466700.0,2024-06-27
1719532800000,0.0915,0.0932,0.0907,0.0911,44498800.0,2024-06-28
1719619200000,0.091,0.092,0.0899,0.0901,13003600.0,2024-06-29
1719705600000,0.0901,0.0918,0.0893,0.0912,22693200.0,2024-06-30
1719792000000,0.0912,0.0928,0.0905,0.0915,33288300.0,2024-07-01
1719878400000,0.0915,0.0943,0.0914,0.0936,37060200.0,2024-07-02
1719964800000,0.0936,0.0937,0.0892,0.0903,49620500.0,2024-07-03
1720051200000,0.0904,0.0907,0.0861,0.087,92385000.0,2024-07-04
1720137600000,0.0871,0.0871,0.0765,0.0853,267567600.0,2024-07-05
1720224000000,0.0853,0.0908,0.0849,0.0905,33520000.0,2024-07-06
1720310400000,0.0905,0.0906,0.0834,0.0839,28256400.0,2024-07-07
1720396800000,0.0839,0.0873,0.0804,0.0854,68915100.0,2024-07-08
1720483200000,0.0854,0.0883,0.0851,0.0879,40250200.0,2024-07-09
1720569600000,0.088,0.0892,0.0866,0.0875,27518600.0,2024-07-10
1720656000000,0.0875,0.0904,0.0868,0.0887,29715600.0,2024-07-11
1720742400000,0.0888,0.0926,0.0881,0.0912,59942200.0,2024-07-12
1720828800000,0.0912,0.106,0.0912,0.1022,352113600.0,2024-07-13
1720915200000,0.1022,0.1069,0.0995,0.1045,163427800.0,2024-07-14
1721001600000,0.1044,0.1058,0.1024,0.1046,97692700.0,2024-07-15
1721088000000,0.1047,0.1092,0.101,0.1068,184858900.0,2024-07-16
1721174400000,0.1067,0.1125,0.106,0.1098,144261600.0,2024-07-17
1721260800000,0.1098,0.1112,0.1011,0.1031,145759300.0,2024-07-18
1721347200000,0.1032,0.1055,0.1008,0.1052,66122300.0,2024-07-19
1721433600000,0.1052,0.1068,0.104,0.1052,42891700.0,2024-07-20
1721520000000,0.1051,0.1061,0.1014,0.1054,49047100.0,2024-07-21
1721606400000,0.1055,0.1063,0.1022,0.1034,64338200.0,2024-07-22
1721692800000,0.1034,0.1048,0.0993,0.1009,79375100.0,2024-07-23
1721779200000,0.101,0.1058,0.1001,0.1029,60473000.0,2024-07-24
1721865600000,0.1028,0.1042,0.0998,0.1022,111352600.0,2024-07-25
1721952000000,0.1022,0.1044,0.1014,0.1031,57540100.0,2024-07-26
1722038400000,0.1031,0.1036,0.1001,0.1014,64463300.0,2024-07-27
1722124800000,0.1014,0.1022,0.0995,0.1002,31739600.0,2024-07-28
1722211200000,0.1002,0.102,0.0986,0.0991,54471200.0,2024-07-29
1722297600000,0.0991,0.1037,0.0984,0.1025,102389500.0,2024-07-30
1722384000000,0.1024,0.1065,0.1002,0.1005,125275800.0,2024-07-31
1722470400000,0.1005,0.1011,0.0953,0.0993,100077500.0,2024-08-01
1722556800000,0.0993,0.0996,0.093,0.0955,96073100.0,2024-08-02
1722643200000,0.0955,0.096,0.0915,0.0933,60336500.0,2024-08-03
1722729600000,0.0934,0.0934,0.0863,0.0881,63779500.0,2024-08-04
1722816000000,0.0881,0.0891,0.0756,0.0879,439561400.0,2024-08-05
1722902400000,0.0879,0.0931,0.0877,0.0924,100574300.0,2024-08-06
1722988800000,0.0925,0.1044,0.0917,0.1014,316797800.0,2024-08-07
1723075200000,0.1014,0.1036,0.0982,0.1031,238048900.0,2024-08-08
1723161600000,0.1031,0.1031,0.0985,0.0998,73393500.0,2024-08-09
1723248000000,0.0999,0.102,0.0995,0.1012,30566200.0,2024-08-10
1723334400000,0.1012,0.103,0.0969,0.0977,34172900.0,2024-08-11
1723420800000,0.0977,0.1006,0.0971,0.0988,50086400.0,2024-08-12
1723507200000,0.0987,0.0998,0.0975,0.0993,33690800.0,2024-08-13
1723593600000,0.0992,0.0995,0.0961,0.0966,41245300.0,2024-08-14
1723680000000,0.0966,0.0982,0.0945,0.0956,51643400.0,2024-08-15
1723766400000,0.0957,0.0961,0.0931,0.0948,37391600.0,2024-08-16
1723852800000,0.0948,0.0964,0.0943,0.0956,12119500.0,2024-08-17
1723939200000,0.0955,0.0965,0.0933,0.0934,22437200.0,2024-08-18
1724025600000,0.0934,0.0962,0.0929,0.0962,49986200.0,2024-08-19
1724112000000,0.0962,0.0992,0.0959,0.0975,30100600.0,2024-08-20
1724198400000,0.0975,0.0991,0.0961,0.0985,39641600.0,2024-08-21
1724284800000,0.0985,0.0998,0.0971,0.0988,25589300.0,2024-08-22
1724371200000,0.0988,0.1024,0.0985,0.1017,44368800.0,2024-08-23
1724457600000,0.1017,0.1036,0.1007,0.1025,34230400.0,2024-08-24
1724544000000,0.1025,0.1029,0.0995,0.1008,43672900.0,2024-08-25
1724630400000,0.1009,0.1011,0.0964,0.0971,25812200.0,2024-08-26
1724716800000,0.097,0.0977,0.0921,0.0936,54541900.0,2024-08-27
1724803200000,0.0936,0.09479,0.09049,0.09274,64144800.0,2024-08-28
1724889600000,0.09275,0.09433,0.09186,0.09309,32295700.0,2024-08-29
1724976000000,0.09305,0.09404,0.09088,0.09316,45752600.0,2024-08-30
1725062400000,0.09318,0.09368,0.09182,0.0925,14481600.0,2024-08-31
1725148800000,0.09251,0.09251,0.08911,0.08994,36009500.0,2024-09-01
1725235200000,0.08989,0.09254,0.08989,0.09232,32975700.0,2024-09-02
1725321600000,0.09231,0.09445,0.09132,0.09139,21781100.0,2024-09-03
1725408000000,0.09139,0.09245,0.08818,0.0916,53681300.0,2024-09-04
1725494400000,0.0916,0.09197,0.08966,0.09026,25238500.0,2024-09-05
1725580800000,0.09025,0.09046,0.08535,0.08802,50643100.0,2024-09-06
1725667200000,0.08802,0.08974,0.08753,0.08857,13873100.0,2024-09-07
1725753600000,0.08857,0.09021,0.08841,0.09,18720200.0,2024-09-08
1725840000000,0.09,0.09381,0.08985,0.09313,36225400.0,2024-09-09
1725926400000,0.09314,0.09459,0.0925,0.09393,22702000.0,2024-09-10
1726012800000,0.09393,0.09403,0.09134,0.09267,32029100.0,2024-09-11
1726099200000,0.09267,0.0958,0.0923,0.09492,63914900.0,2024-09-12
1726185600000,0.09491,0.09696,0.09408,0.09636,28342600.0,2024-09-13
1726272000000,0.09634,0.09738,0.09569,0.09711,23654200.0,2024-09-14
1726358400000,0.09711,0.09733,0.09449,0.09507,15710300.0,2024-09-15
1726444800000,0.09507,0.0957,0.09373,0.09496,24077100.0,2024-09-16
1726531200000,0.09497,0.09645,0.09402,0.09455,23445800.0,2024-09-17
1726617600000,0.09454,0.09609,0.09288,0.09607,26996600.0,2024-09-18
1726704000000,0.09608,0.09702,0.09451,0.096,29635300.0,2024-09-19
1726790400000,0.09601,0.09714,0.09519,0.09616,20538500.0,2024-09-20
1726876800000,0.09615,0.09921,0.09573,0.09799,29028700.0,2024-09-21
1726963200000,0.09797,0.09809,0.09468,0.09605,21625500.0,2024-09-22
1727049600000,0.09605,0.09679,0.09492,0.09633,22799400.0,2024-09-23
1727136000000,0.09632,0.09688,0.09492,0.0968,20234400.0,2024-09-24
1727222400000,0.09683,0.0972,0.0956,0.09591,21424300.0,2024-09-25
1727308800000,0.0959,0.09951,0.0946,0.09804,36280700.0,2024-09-26
1727395200000,0.09801,0.09949,0.09753,0.09945,23451100.0,2024-09-27
1727481600000,0.09946,0.10192,0.09827,0.09939,51826800.0,2024-09-28
1727568000000,0.0994,0.10385,0.09839,0.10175,55462500.0,2024-09-29
1727654400000,0.10175,0.1037,0.09814,0.09843,69868500.0,2024-09-30
1727740800000,0.09842,0.10078,0.09199,0.09385,122236100.0,2024-10-01
1727827200000,0.09382,0.09518,0.08987,0.09049,76075700.0,2024-10-02
1727913600000,0.09049,0.09129,0.0881,0.09045,63599900.0,2024-10-03
1728000000000,0.09047,0.09204,0.08961,0.09182,34421500.0,2024-10-04
1728086400000,0.09185,0.09267,0.09104,0.09208,19228500.0,2024-10-05
1728172800000,0.09208,0.09326,0.09151,0.09239,14424100.0,2024-10-06
1728259200000,0.09235,0.0933,0.09061,0.09101,37781500.0,2024-10-07
1728345600000,0.091,0.09228,0.08959,0.09004,31444500.0,2024-10-08
1728432000000,0.09004,0.09086,0.08874,0.08979,26690800.0,2024-10-09
1728518400000,0.08979,0.09036,0.0882,0.09015,32252300.0,2024-10-10
1728604800000,0.09018,0.09223,0.08987,0.09186,36925000.0,2024-10-11
1728691200000,0.09188,0.09253,0.09164,0.09189,18939600.0,2024-10-12
1728777600000,0.09191,0.09194,0.08963,0.09044,19175300.0,2024-10-13
1728864000000,0.09043,0.09376,0.0898,0.09347,30898300.0,2024-10-14
1728950400000,0.09348,0.09478,0.09084,0.09298,70499500.0,2024-10-15
1729036800000,0.09299,0.09636,0.09225,0.09555,55543900.0,2024-10-16
1729123200000,0.09556,0.09682,0.09393,0.09497,54325300.0,2024-10-17
1729209600000,0.09496,0.09692,0.0944,0.09667,22212400.0,2024-10-18
1729296000000,0.09668,0.09758,0.09587,0.0969,17198000.0,2024-10-19
1729382400000,0.09691,0.09734,0.09616,0.0973,18709400.0,2024-10-20
1729468800000,0.09729,0.09758,0.09476,0.09535,27320500.0,2024-10-21
1729555200000,0.09535,0.09731,0.09473,0.09522,93417800.0,2024-10-22
1729641600000,0.09523,0.09575,0.09265,0.09448,39354400.0,2024-10-23
1729728000000,0.09448,0.0969,0.09429,0.09668,38284700.0,2024-10-24
1729814400000,0.09669,0.09729,0.09105,0.09342,49970400.0,2024-10-25
1729900800000,0.0934,0.095,0.0928,0.09426,29096700.0,2024-10-26
1729987200000,0.09426,0.09499,0.09343,0.09427,19815600.0,2024-10-27
1730073600000,0.09429,0.09481,0.09272,0.09435,28892800.0,2024-10-28
1730160000000,0.09434,0.097,0.09427,0.0967,28260900.0,2024-10-29
1730246400000,0.09672,0.09684,0.09432,0.09476,22576400.0,2024-10-30
1730332800000,0.09475,0.09492,0.09184,0.09246,35923000.0,2024-10-31
1730419200000,0.09246,0.09377,0.09081,0.09311,33062600.0,2024-11-01
1730505600000,0.0931,0.09363,0.09154,0.09266,15318000.0,2024-11-02
1730592000000,0.09266,0.09269,0.08928,0.09062,41302100.0,2024-11-03
1730678400000,0.09064,0.09229,0.09,0.09117,27403600.0,2024-11-04
1730764800000,0.09115,0.09396,0.09071,0.09343,30590700.0,2024-11-05
1730851200000,0.09344,0.09848,0.09344,0.09713,59353000.0,2024-11-06
1730937600000,0.09712,0.10226,0.09657,0.10218,65943300.0,2024-11-07
1731024000000,0.10221,0.10332,0.09977,0.10119,40324600.0,2024-11-08
1731110400000,0.1012,0.10246,0.09938,0.10229,26880300.0,2024-11-09
1731196800000,0.10229,0.11332,0.10164,0.10834,129676400.0,2024-11-10
1731283200000,0.10839,0.11497,0.10737,0.11479,93371000.0,2024-11-11
1731369600000,0.11477,0.14144,0.11079,0.1344,401178300.0,2024-11-12
1731456000000,0.13442,0.1384,0.12061,0.12429,300319200.0,2024-11-13
1731542400000,0.12429,0.14058,0.12165,0.13121,304638600.0,2024-11-14
1731628800000,0.13121,0.14804,0.12828,0.1458,377353800.0,2024-11-15
1731715200000,0.14582,0.24185,0.1407,0.2207,1154007900.0,2024-11-16
1731801600000,0.22074,0.22573,0.18881,0.1964,817057600.0,2024-11-17
1731888000000,0.19645,0.25581,0.19586,0.23165,1318932500.0,2024-11-18
1731974400000,0.2317,0.24456,0.2219,0.23165,654974700.0,2024-11-19
1732060800000,0.23169,0.26979,0.22682,0.24735,1067338000.0,2024-11-20
1732147200000,0.2474,0.26523,0.22958,0.26259,822206400.0,2024-11-21
1732233600000,0.26261,0.3524,0.26261,0.34008,1699298400.0,2024-11-22
1732320000000,0.34008,0.54891,0.33924,0.52175,4141359900.0,2024-11-23
1732406400000,0.52193,0.63735,0.43507,0.53605,3378384100.0,2024-11-24
1732492800000,0.53616,0.55834,0.47374,0.48185,1597808600.0,2024-11-25
1732579200000,0.48178,0.51422,0.41692,0.43846,1342976200.0,2024-11-26
1732665600000,0.43854,0.53092,0.41854,0.48341,1334170800.0,2024-11-27
1732752000000,0.48341,0.50545,0.46355,0.5003,607664400.0,2024-11-28
1732838400000,0.50028,0.56195,0.48487,0.54783,958502700.0,2024-11-29
1732924800000,0.54781,0.56257,0.52028,0.52539,648391200.0,2024-11-30
1733011200000,0.52534,0.58084,0.4923,0.56154,697910300.0,2024-12-01
1733097600000,0.56142,0.60662,0.49591,0.53942,1278813700.0,2024-12-02
1733184000000,0.53945,0.60124,0.47873,0.50701,952703000.0,2024-12-03
1733270400000,0.50702,0.52276,0.47588,0.48946,486353800.0,2024-12-04
1733356800000,0.48943,0.50416,0.45587,0.47096,477587600.0,2024-12-05
1733443200000,0.47097,0.49979,0.45488,0.49592,219471300.0,2024-12-06
1733529600000,0.49594,0.51118,0.47978,0.50412,189135900.0,2024-12-07
1733616000000,0.50404,0.50434,0.4752,0.49348,150838700.0,2024-12-08
1733702400000,0.49339,0.49339,0.3455,0.40995,538431200.0,2024-12-09
1733788800000,0.41002,0.43964,0.3623,0.43636,577203200.0,2024-12-10
1733875200000,0.43639,0.4462,0.40273,0.43529,354903700.0,2024-12-11
1733961600000,0.43533,0.45095,0.41868,0.42497,330479400.0,2024-12-12
1734048000000,0.42502,0.45317,0.4119,0.43789,290635400.0,2024-12-13
1734134400000,0.43783,0.45193,0.41093,0.42434,200727100.0,2024-12-14
1734220800000,0.42433,0.43584,0.41605,0.43036,158748700.0,2024-12-15
1734307200000,0.43047,0.4458,0.40688,0.41884,269527100.0,2024-12-16
1734393600000,0.41886,0.47181,0.41009,0.429,479345400.0,2024-12-17
1734480000000,0.42905,0.44707,0.38623,0.39589,501878500.0,2024-12-18
1734566400000,0.39589,0.41472,0.35295,0.36936,434432300.0,2024-12-19
1734652800000,0.36934,0.38416,0.31255,0.37509,469970000.0,2024-12-20
1734739200000,0.37514,0.38993,0.35083,0.35605,223361600.0,2024-12-21
1734825600000,0.35611,0.372,0.3428,0.3565,188982100.0,2024-12-22
1734912000000,0.35654,0.37543,0.34631,0.37113,185036300.0,2024-12-23
1734998400000,0.37106,0.41399,0.36015,0.40252,168955200.0,2024-12-24
1735084800000,0.40247,0.4039,0.37824,0.38288,112082100.0,2024-12-25
1735171200000,0.38289,0.38681,0.35046,0.35474,106735400.0,2024-12-26
1735257600000,0.35473,0.36904,0.34454,0.34988,96804300.0,2024-12-27
1735344000000,0.34992,0.36,0.34476,0.3562,54171700.0,2024-12-28
1735430400000,0.35622,0.35659,0.33529,0.33815,46081900.0,2024-12-29
1735516800000,0.33817,0.34816,0.32082,0.33196,114121700.0,2024-12-30
1735603200000,0.33192,0.34657,0.32382,0.3327,96111200.0,2024-12-31
1735689600000,0.3327,0.43827,0.3321,0.42592,810235900.0,2025-01-01
1735776000000,0.4259,0.46042,0.41145,0.43217,610911400.0,2025-01-02
1735862400000,0.43222,0.4608,0.43003,0.44828,475159100.0,2025-01-03
1735948800000,0.44826,0.48623,0.444,0.45039,375152100.0,2025-01-04
1736035200000,0.45045,0.45683,0.43241,0.44067,167810000.0,2025-01-05
1736121600000,0.44067,0.46352,0.43254,0.44675,201534300.0,2025-01-06
1736208000000,0.44663,0.46998,0.41428,0.41772,354518100.0,2025-01-07
1736294400000,0.41778,0.43938,0.38968,0.4254,440846100.0,2025-01-08
1736380800000,0.42537,0.43007,0.38658,0.39114,193368400.0,2025-01-09
1736467200000,0.39115,0.42588,0.38736,0.41444,211063100.0,2025-01-10
1736553600000,0.41445,0.45936,0.40338,0.44576,212403300.0,2025-01-11
1736640000000,0.44566,0.44669,0.41931,0.42232,136210100.0,2025-01-12
1736726400000,0.42234,0.43911,0.39123,0.41956,261583800.0,2025-01-13
1736812800000,0.41953,0.43689,0.41523,0.43023,122781700.0,2025-01-14
1736899200000,0.43025,0.49559,0.42648,0.4882,716638200.0,2025-01-15
1736985600000,0.48827,0.51527,0.46369,0.48193,554386100.0,2025-01-16
1737072000000,0.4819,0.49938,0.47385,0.48762,255105900.0,2025-01-17
1737158400000,0.48758,0.49249,0.4515,0.49077,267862600.0,2025-01-18
1737244800000,0.49079,0.49553,0.41716,0.433,336449300.0,2025-01-19
1737331200000,0.43302,0.47913,0.42361,0.44709,362643400.0,2025-01-20
1737417600000,0.44729,0.45491,0.42752,0.44252,155841100.0,2025-01-21
1737504000000,0.44256,0.44554,0.42558,0.42853,119859040.0,2025-01-22
1737590400000,0.42854,0.43707,0.41238,0.43107,123027780.0,2025-01-23
1737676800000,0.43111,0.449,0.41983,0.43088,91352000.0,2025-01-24
1737763200000,0.43087,0.43714,0.41251,0.41697,76661110.0,2025-01-25
1737849600000,0.41704,0.42648,0.40558,0.40618,63318170.0,2025-01-26
1737936000000,0.40609,0.40993,0.36225,0.40737,222067650.0,2025-01-27
1738022400000,0.40739,0.421,0.38987,0.39268,91299250.0,2025-01-28
1738108800000,0.39272,0.40684,0.38165,0.3927,83447710.0,2025-01-29
1738195200000,0.39268,0.44406,0.38913,0.42872,137699880.0,2025-01-30
1738281600000,0.4288,0.42999,0.40706,0.41414,78956350.0,2025-01-31
1738368000000,0.41416,0.42058,0.38865,0.39214,61428010.0,2025-02-01
1738454400000,0.39215,0.40121,0.33491,0.35386,194262060.0,2025-02-02
1738540800000,0.35398,0.37239,0.25999,0.37035,679606350.0,2025-02-03
1738627200000,0.37035,0.37508,0.3327,0.34064,153676960.0,2025-02-04
1738713600000,0.34068,0.34858,0.32217,0.32713,75463100.0,2025-02-05
1738800000000,0.32711,0.34112,0.31279,0.3181,87759560.0,2025-02-06
1738886400000,0.31811,0.34507,0.31615,0.32677,94842230.0,2025-02-07
1738972800000,0.32671,0.33461,0.32046,0.33151,50168280.0,2025-02-08
1739059200000,0.33154,0.33896,0.30267,0.31393,72998960.0,2025-02-09
1739145600000,0.31397,0.32314,0.30298,0.31313,77076110.0,2025-02-10
1739232000000,0.31316,0.33918,0.31199,0.31798,88578590.0,2025-02-11
1739318400000,0.31807,0.33693,0.30783,0.33313,96020210.0,2025-02-12
1739404800000,0.33312,0.34294,0.3226,0.3369,58716990.0,2025-02-13
1739491200000,0.33698,0.3628,0.33373,0.35068,110353570.0,2025-02-14
1739577600000,0.35059,0.36629,0.34538,0.34874,69938270.0,2025-02-15
1739664000000,0.3487,0.35219,0.33936,0.34255,31860040.0,2025-02-16
1739750400000,0.34254,0.34865,0.33046,0.33415,53650060.0,2025-02-17
1739836800000,0.33416,0.33536,0.31549,0.32354,52392180.0,2025-02-18
1739923200000,0.3235,0.3428,0.32113,0.34187,69291250.0,2025-02-19
1740009600000,0.34187,0.34986,0.33589,0.34453,56386740.0,2025-02-20
1740096000000,0.34458,0.34653,0.3205,0.32591,79918950.0,2025-02-21
1740182400000,0.32594,0.33979,0.32423,0.33438,38478570.0,2025-02-22
1740268800000,0.33439,0.33625,0.32654,0.3331,25926620.0,2025-02-23
1740355200000,0.3331,0.33523,0.29354,0.29779,110848710.0,2025-02-24
1740441600000,0.29781,0.30345,0.27092,0.29546,196805970.0,2025-02-25
1740528000000,0.29542,0.29933,0.27821,0.28648,85410720.0,2025-02-26
1740614400000,0.28649,0.29373,0.27696,0.28329,68334170.0,2025-02-27
1740700800000,0.28331,0.28877,0.25253,0.28636,108276850.0,2025-02-28
1740787200000,0.28637,0.31888,0.28349,0.3115,103930170.0,2025-03-01
1740873600000,0.31152,0.37565,0.30946,0.35117,381825710.0,2025-03-02
1740960000000,0.35111,0.36202,0.2895,0.29236,199684640.0,2025-03-03
1741046400000,0.29237,0.30105,0.27328,0.29494,148769340.0,2025-03-04
1741132800000,0.29493,0.309,0.29003,0.29957,77789150.0,2025-03-05
1741219200000,0.29957,0.30966,0.29502,0.29614,81216310.0,2025-03-06
1741305600000,0.29616,0.30301,0.27952,0.28333,101056870.0,2025-03-07
1741392000000,0.28332,0.28499,0.27183,0.27582,33254790.0,2025-03-08
1741478400000,0.27584,0.27941,0.26107,0.26297,64699640.0,2025-03-09
1741564800000,0.26304,0.2765,0.2396,0.24192,100467670.0,2025-03-10
1741651200000,0.24194,0.26135,0.22669,0.25544,88094650.0,2025-03-11
1741737600000,0.25545,0.2635,0.24657,0.25942,72834270.0,2025-03-12
1741824000000,0.25942,0.29478,0.25859,0.27377,249667430.0,2025-03-13
1741910400000,0.27378,0.28354,0.27079,0.2762,110548660.0,2025-03-14
1741996800000,0.27617,0.28429,0.2715,0.27466,61871840.0,2025-03-15
1742083200000,0.27466,0.27622,0.26085,0.26253,67587570.0,2025-03-16
1742169600000,0.26253,0.27755,0.26231,0.27304,73526800.0,2025-03-17
1742256000000,0.27305,0.27509,0.26246,0.27333,52816840.0,2025-03-18
1742342400000,0.27336,0.29794,0.2732,0.2907,175220780.0,2025-03-19
1742428800000,0.29072,0.29263,0.27765,0.28138,77161250.0,2025-03-20
1742515200000,0.28136,0.28786,0.27415,0.27705,57146280.0,2025-03-21
1742601600000,0.27705,0.28009,0.27346,0.27399,36576590.0,2025-03-22
1742688000000,0.27402,0.28394,0.27306,0.28311,35451350.0,2025-03-23
1742774400000,0.28311,0.29516,0.27808,0.29063,46784660.0,2025-03-24
1742860800000,0.29066,0.29605,0.2858,0.29375,37293820.0,2025-03-25
1742947200000,0.29371,0.30226,0.2834,0.28542,49023300.0,2025-03-26
1743033600000,0.2854,0.29472,0.28185,0.28635,48926870.0,2025-03-27
1743120000000,0.28639,0.2892,0.26978,0.27452,74217450.0,2025-03-28
1743206400000,0.27461,0.2769,0.26141,0.26728,48143340.0,2025-03-29
1743292800000,0.2673,0.27242,0.26319,0.26688,39774960.0,2025-03-30
1743379200000,0.26691,0.2701,0.25837,0.2639,74505670.0,2025-03-31
1743465600000,0.2639,0.27944,0.26173,0.27202,45808270.0,2025-04-01
1743552000000,0.27197,0.2785,0.25412,0.25807,77216800.0,2025-04-02
1743638400000,0.25808,0.26708,0.2499,0.26108,51570540.0,2025-04-03
1743724800000,0.26108,0.26504,0.25317,0.2596,48845000.0,2025-04-04
1743811200000,0.2596,0.26147,0.24847,0.2524,39823270.0,2025-04-05
1743897600000,0.25239,0.25422,0.22301,0.22622,100636290.0,2025-04-06
1743984000000,0.22624,0.24464,0.19992,0.23216,212773170.0,2025-04-07
1744070400000,0.23216,0.24144,0.21977,0.22112,111413420.0,2025-04-08
1744156800000,0.22116,0.24595,0.21324,0.24221,178629730.0,2025-04-09
1744243200000,0.24222,0.24246,0.22426,0.2302,75204720.0,2025-04-10
1744329600000,0.23016,0.23804,0.22928,0.23388,57500530.0,2025-04-11
1744416000000,0.23388,0.24871,0.23267,0.24625,42282510.0,2025-04-12
1744502400000,0.24624,0.25232,0.23476,0.23793,63807180.0,2025-04-13
1744588800000,0.23801,0.24751,0.23692,0.23995,57837800.0,2025-04-14
1744675200000,0.23996,0.24506,0.23521,0.23552,51845620.0,2025-04-15
1744761600000,0.23549,0.23972,0.23042,0.23568,58725180.0,2025-04-16
1744848000000,0.23571,0.24236,0.23428,0.23939,39021270.0,2025-04-17
1744934400000,0.23945,0.24473,0.23803,0.23992,27894620.0,2025-04-18
1745020800000,0.2399,0.24948,0.23975,0.24618,31286360.0,2025-04-19
1745107200000,0.24622,0.24756,0.23904,0.24359,24246290.0,2025-04-20
1745193600000,0.24359,0.26269,0.24358,0.25019,69947090.0,2025-04-21
1745280000000,0.25018,0.26787,0.24377,0.26497,81146070.0,2025-04-22
1745366400000,0.26499,0.27535,0.26333,0.26633,69046150.0,2025-04-23
1745452800000,0.26632,0.28372,0.2585,0.28098,84354280.0,2025-04-24
1745539200000,0.28097,0.29137,0.27235,0.28333,94207330.0,2025-04-25
1745625600000,0.2833,0.29743,0.2833,0.29044,41793940.0,2025-04-26
1745712000000,0.29044,0.29419,0.28022,0.28394,72931210.0,2025-04-27
1745798400000,0.28396,0.29407,0.27786,0.28218,60848550.0,2025-04-28
1745884800000,0.28222,0.28492,0.27501,0.27752,48449360.0,2025-04-29
1745971200000,0.27749,0.28177,0.26657,0.27085,36205620.0,2025-04-30
1746057600000,0.27089,0.28026,0.26992,0.27337,48176230.0,2025-05-01
1746144000000,0.27336,0.28038,0.27022,0.27441,43747940.0,2025-05-02
1746230400000,0.27441,0.27546,0.26754,0.26884,26160680.0,2025-05-03
1746316800000,0.26885,0.27337,0.26442,0.26513,28868350.0,2025-05-04
1746403200000,0.26506,0.2701,0.25531,0.25804,65471950.0,2025-05-05
1746489600000,0.25807,0.26295,0.25173,0.26267,45190890.0,2025-05-06
1746576000000,0.26271,0.26423,0.25615,0.26022,26076590.0,2025-05-07
1746662400000,0.26023,0.29158,0.25863,0.29101,90339340.0,2025-05-08
1746748800000,0.291,0.30682,0.2892,0.2953,121816310.0,2025-05-09
1746835200000,0.2953,0.32154,0.29335,0.32153,115545780.0,2025-05-10
1746921600000,0.32152,0.325,0.30037,0.30613,86167190.0,2025-05-11
1747008000000,0.30617,0.3346,0.30512,0.31242,180752160.0,2025-05-12
1747094400000,0.31243,0.31803,0.29702,0.31387,74824340.0,2025-05-13
1747180800000,0.31385,0.31807,0.30059,0.3036,71582290.0,2025-05-14
1747267200000,0.30351,0.30769,0.28644,0.29276,80814320.0,2025-05-15
1747353600000,0.29272,0.3006,0.28877,0.29294,40818980.0,2025-05-16
1747440000000,0.29292,0.29389,0.28101,0.28622,40056630.0,2025-05-17
1747526400000,0.28623,0.29771,0.2809,0.29232,46716600.0,2025-05-18
1747612800000,0.29234,0.29394,0.27636,0.28643,59169790.0,2025-05-19
1747699200000,0.28639,0.28947,0.27971,0.28741,44110910.0,2025-05-20
1747785600000,0.28743,0.2983,0.28376,0.29306,52720680.0,2025-05-21
1747872000000,0.29308,0.30436,0.29265,0.30402,41439240.0,2025-05-22
1747958400000,0.30405,0.31228,0.28373,0.28496,72661980.0,2025-05-23
1748044800000,0.28495,0.29134,0.28357,0.2857,21132100.0,2025-05-24
1748131200000,0.28572,0.28766,0.27732,0.28754,36434680.0,2025-05-25
1748217600000,0.28752,0.29026,0.2829,0.28548,26429280.0,2025-05-26
1748304000000,0.28549,0.29281,0.28068,0.28693,33488280.0,2025-05-27
1748390400000,0.28695,0.28964,0.27878,0.28515,33062280.0,2025-05-28
1748476800000,0.28511,0.28844,0.27754,0.27854,42628210.0,2025-05-29
1748563200000,0.27855,0.27987,0.26307,0.26474,78110990.0,2025-05-30
1748649600000,0.26474,0.26747,0.25861,0.26381,48296150.0,2025-05-31
1748736000000,0.26381,0.26823,0.26162,0.26715,31313550.0,2025-06-01
1748822400000,0.26714,0.27171,0.26341,0.27162,39498100.0,2025-06-02
1748908800000,0.27165,0.27608,0.2696,0.27254,36106040.0,2025-06-03
1748995200000,0.27254,0.27545,0.2651,0.26643,29615720.0,2025-06-04
1749081600000,0.26643,0.26876,0.25192,0.25666,63033590.0,2025-06-05
1749168000000,0.25666,0.26645,0.2554,0.26256,35822430.0,2025-06-06
1749254400000,0.26256,0.26752,0.26166,0.26455,20505610.0,2025-06-07
1749340800000,0.26448,0.27427,0.26302,0.2675,51317470.0,2025-06-08
1749427200000,0.26752,0.27494,0.26362,0.27474,37950750.0,2025-06-09
1749513600000,0.27475,0.28123,0.27182,0.28043,53773410.0,2025-06-10
1749600000000,0.28037,0.28529,0.27574,0.27658,56919830.0,2025-06-11
1749686400000,0.27658,0.27824,0.26662,0.26703,34320780.0,2025-06-12
1749772800000,0.26704,0.26704,0.25286,0.26064,74501460.0,2025-06-13
1749859200000,0.26063,0.26079,0.25268,0.25605,29334600.0,2025-06-14
1749945600000,0.25604,0.25963,0.2542,0.25845,18489640.0,2025-06-15
1750032000000,0.25846,0.27015,0.2562,0.26129,43616090.0,2025-06-16
1750118400000,0.2613,0.2636,0.24985,0.25166,41549680.0,2025-06-17
1750204800000,0.2517,0.25406,0.24548,0.25219,33343310.0,2025-06-18
1750291200000,0.25221,0.253,0.24717,0.24938,18823210.0,2025-06-19
1750377600000,0.24937,0.25144,0.23932,0.24182,38828580.0,2025-06-20
1750464000000,0.24185,0.24464,0.23223,0.23701,38626650.0,2025-06-21
1750550400000,0.23704,0.23868,0.21649,0.22866,88663440.0,2025-06-22
1750636800000,0.22862,0.24603,0.22482,0.24549,49897100.0,2025-06-23
1750723200000,0.24548,0.24972,0.24355,0.24852,30126230.0,2025-06-24
1750809600000,0.24853,0.24904,0.2395,0.2412,24281940.0,2025-06-25
1750896000000,0.24123,0.24414,0.23353,0.2339,27179620.0,2025-06-26
1750982400000,0.23393,0.23829,0.23223,0.23664,21521200.0,2025-06-27
1751068800000,0.2367,0.24002,0.23568,0.23866,21434840.0,2025-06-28
1751155200000,0.2387,0.24211,0.23444,0.24015,22841860.0,2025-06-29
1751241600000,0.24016,0.24305,0.23321,0.23784,41323790.0,2025-06-30
1751328000000,0.23781,0.23927,0.22261,0.22521,58585290.0,2025-07-01
1751414400000,0.22518,0.24014,0.22404,0.23789,43557520.0,2025-07-02
1751500800000,0.23789,0.24807,0.23752,0.24237,38470950.0,2025-07-03
1751587200000,0.2424,0.24462,0.23453,0.23738,26970170.0,2025-07-04
1751673600000,0.23743,0.23858,0.23468,0.23803,16296260.0,2025-07-05
1751760000000,0.23803,0.25162,0.23637,0.25026,34813330.0,2025-07-06
1751846400000,0.25029,0.25738,0.24586,0.24804,81757320.0,2025-07-07
1751932800000,0.24805,0.25966,0.24585,0.25925,62579590.0,2025-07-08
1752019200000,0.25925,0.29728,0.25694,0.28801,327622890.0,2025-07-09
1752105600000,0.28802,0.30582,0.28506,0.30288,206353060.0,2025-07-10
1752192000000,0.30288,0.39967,0.29757,0.36018,588925480.0,2025-07-11
1752278400000,0.36013,0.41877,0.35066,0.39261,1119989740.0,2025-07-12
1752364800000,0.3926,0.48329,0.38688,0.47025,1330618140.0,2025-07-13
1752451200000,0.47017,0.51663,0.43835,0.46354,1160491540.0,2025-07-14
1752537600000,0.46354,0.47529,0.42872,0.45136,642369860.0,2025-07-15
1752624000000,0.45131,0.4812,0.44731,0.45318,490147120.0,2025-07-16
1752710400000,0.45324,0.51545,0.44427,0.49757,650399870.0,2025-07-17
1752796800000,0.49765,0.5213,0.44906,0.45863,519952740.0,2025-07-18
1752883200000,0.45862,0.46926,0.45014,0.46107,216143110.0,2025-07-19
1752969600000,0.46107,0.47712,0.45347,0.46261,210238020.0,2025-07-20
1753056000000,0.46268,0.49451,0.45607,0.47322,269178740.0,2025-07-21
1753142400000,0.47324,0.47688,0.44903,0.47267,204053680.0,2025-07-22
1753228800000,0.47268,0.47504,0.40866,0.42763,294849350.0,2025-07-23
1753315200000,0.42765,0.44771,0.4007,0.42462,272571890.0,2025-07-24
1753401600000,0.42464,0.43278,0.40454,0.4314,213659200.0,2025-07-25
1753488000000,0.43136,0.44666,0.42883,0.43515,117816230.0,2025-07-26
1753574400000,0.43515,0.45959,0.43382,0.44414,140849030.0,2025-07-27
1753660800000,0.44415,0.45386,0.41527,0.41909,130262100.0,2025-07-28
1753747200000,0.41909,0.4347,0.41176,0.42084,131581560.0,2025-07-29
1753833600000,0.42088,0.42426,0.39221,0.40736,131592440.0,2025-07-30
1753920000000,0.40738,0.42858,0.39839,0.40077,135481930.0,2025-07-31
1754006400000,0.40079,0.40163,0.37453,0.38195,208681980.0,2025-08-01
1754092800000,0.38199,0.39116,0.36161,0.36692,143160210.0,2025-08-02
1754179200000,0.3669,0.40291,0.36074,0.39898,124450520.0,2025-08-03
1754265600000,0.39904,0.4194,0.39676,0.41333,228328840.0,2025-08-04
1754352000000,0.41333,0.41858,0.39126,0.39561,151036140.0,2025-08-05
1754438400000,0.3956,0.40253,0.38469,0.39985,98147290.0,2025-08-06
1754524800000,0.39984,0.44124,0.39607,0.43939,175237830.0,2025-08-07
1754611200000,0.4394,0.46841,0.43601,0.44991,483821640.0,2025-08-08
1754697600000,0.44998,0.45684,0.44426,0.44664,130044090.0,2025-08-09
1754784000000,0.44665,0.45672,0.43286,0.44428,123758740.0,2025-08-10
1754870400000,0.44429,0.46107,0.42625,0.43003,194113710.0,2025-08-11
1754956800000,0.43002,0.45571,0.42937,0.44926,150375840.0,2025-08-12
1755043200000,0.44924,0.4597,0.44021,0.45195,117606870.0,2025-08-13
1755129600000,0.45197,0.47175,0.4074,0.42294,285652790.0,2025-08-14
1755216000000,0.42292,0.43302,0.41124,0.43005,147501250.0,2025-08-15
1755302400000,0.43004,0.43288,0.42227,0.42632,78418190.0,2025-08-16
1755388800000,0.42633,0.43399,0.4228,0.42434,63631280.0,2025-08-17
1755475200000,0.42434,0.42482,0.40277,0.41436,126417640.0,2025-08-18
1755561600000,0.41439,0.41821,0.38969,0.39061,96087540.0,2025-08-19
1755648000000,0.39067,0.40817,0.38716,0.40434,112503980.0,2025-08-20
1755734400000,0.40436,0.4074,0.38941,0.39103,53510510.0,2025-08-21
1755820800000,0.39092,0.42893,0.38052,0.42482,152153610.0,2025-08-22
1755907200000,0.42482,0.42507,0.40934,0.41658,70555010.0,2025-08-23
1755993600000,0.41661,0.42393,0.40205,0.40767,96923140.0,2025-08-24
1756080000000,0.40767,0.41082,0.37695,0.38391,122930440.0,2025-08-25
1756166400000,0.38387,0.39946,0.3816,0.39455,94567610.0,2025-08-26
1756252800000,0.39456,0.39466,0.37744,0.37885,116698100.0,2025-08-27
1756339200000,0.37887,0.38712,0.3739,0.382,59350750.0,2025-08-28
1756425600000,0.38202,0.38235,0.35447,0.36104,111763560.0,2025-08-29
1756512000000,0.36105,0.36256,0.35157,0.35969,55137890.0,2025-08-30
1756598400000,0.35976,0.36449,0.35203,0.3526,43381250.0,2025-08-31
1756684800000,0.35255,0.3639,0.34401,0.35731,108935640.0,2025-09-01
1756771200000,0.35732,0.36784,0.35375,0.36781,92527310.0,2025-09-02
1756857600000,0.36781,0.36868,0.36036,0.36189,48849500.0,2025-09-03
1756944000000,0.3619,0.3632,0.35055,0.35171,45324070.0,2025-09-04
1757030400000,0.35178,0.36763,0.35042,0.35941,55251380.0,2025-09-05
1757116800000,0.35944,0.36117,0.35277,0.3556,19577010.0,2025-09-06
1757203200000,0.35563,0.36584,0.35529,0.36148,39010070.0,2025-09-07
1757289600000,0.3615,0.38467,0.35822,0.37735,91569720.0,2025-09-08
1757376000000,0.37739,0.38657,0.37023,0.37192,86844270.0,2025-09-09
1757462400000,0.37194,0.3858,0.36964,0.38322,44934290.0,2025-09-10
1757548800000,0.38322,0.39648,0.3825,0.39576,126909960.0,2025-09-11
1757635200000,0.39574,0.40519,0.38776,0.40443,78119430.0,2025-09-12
1757721600000,0.40448,0.41423,0.39972,0.40491,70027490.0,2025-09-13
1757808000000,0.40488,0.40547,0.38369,0.38929,50519570.0,2025-09-14
1757894400000,0.3893,0.39454,0.3737,0.38025,73591250.0,2025-09-15
1757980800000,0.38024,0.39138,0.37412,0.38378,69677140.0,2025-09-16
1758067200000,0.38382,0.39836,0.37931,0.39528,91439960.0,2025-09-17
1758153600000,0.39531,0.40471,0.39206,0.39619,75614890.0,2025-09-18
1758240000000,0.39618,0.39981,0.38518,0.38787,67657910.0,2025-09-19
1758326400000,0.38786,0.39382,0.38471,0.38598,34794890.0,2025-09-20
1758412800000,0.386,0.39053,0.37881,0.37955,36335570.0,2025-09-21
1758499200000,0.37954,0.38039,0.34297,0.36803,173357170.0,2025-09-22
1758585600000,0.36803,0.37442,0.36102,0.36425,70856030.0,2025-09-23
1758672000000,0.36425,0.38106,0.35689,0.3744,73425390.0,2025-09-24
1758758400000,0.37441,0.3767,0.34634,0.3502,149277630.0,2025-09-25
1758844800000,0.35024,0.36379,0.34565,0.36165,114032330.0,2025-09-26
1758931200000,0.36172,0.36291,0.3561,0.3605,40452970.0,2025-09-27
1759017600000,0.36052,0.36869,0.35162,0.3674,50519780.0,2025-09-28
1759104000000,0.3674,0.37664,0.36306,0.37143,80672870.0,2025-09-29
1759190400000,0.37142,0.37304,0.35762,0.36377,75278000.0,2025-09-30
1759276800000,0.36382,0.39841,0.36146,0.39805,107501140.0,2025-10-01
1759363200000,0.39806,0.41375,0.39448,0.40842,143807820.0,2025-10-02
1759449600000,0.40844,0.41348,0.39871,0.40608,109508690.0,2025-10-03
1759536000000,0.40613,0.40766,0.38786,0.39361,54070360.0,2025-10-04
1759622400000,0.39362,0.4096,0.39145,0.39591,94766810.0,2025-10-05
1759708800000,0.3959,0.4127,0.39307,0.40829,90481590.0,2025-10-06
1759795200000,0.40824,0.41004,0.38261,0.3834,104979060.0,2025-10-07
1759881600000,0.38342,0.39229,0.37764,0.38834,85368280.0,2025-10-08
1759968000000,0.38833,0.38855,0.3705,0.37914,78868350.0,2025-10-09
1760054400000,0.37914,0.38588,0.15916,0.31828,513952290.0,2025-10-10
1760140800000,0.31849,0.33941,0.30861,0.3226,211766380.0,2025-10-11
1760227200000,0.32266,0.35,0.31327,0.34125,142862300.0,2025-10-12
1760313600000,0.34128,0.35439,0.33572,0.35096,159980840.0,2025-10-13
1760400000000,0.35098,0.35287,0.31941,0.3371,189102430.0,2025-10-14
1760486400000,0.33708,0.34258,0.31953,0.32435,119328670.0,2025-10-15
1760572800000,0.32438,0.33192,0.30715,0.31195,160016350.0,2025-10-16
1760659200000,0.31194,0.31735,0.2892,0.30824,168616780.0,2025-10-17
1760745600000,0.30824,0.3198,0.30783,0.31434,63747990.0,2025-10-18
1760832000000,0.31431,0.32323,0.30718,0.31761,95477240.0,2025-10-19
1760918400000,0.31761,0.33273,0.31285,0.32418,90556310.0,2025-10-20
1761004800000,0.32424,0.3328,0.31325,0.31383,112509550.0,2025-10-21
1761091200000,0.31387,0.31506,0.30152,0.30784,113211480.0,2025-10-22
1761177600000,0.30791,0.3165,0.30774,0.31113,67892860.0,2025-10-23
1761264000000,0.31122,0.32628,0.30991,0.3192,94869390.0,2025-10-24
1761350400000,0.31917,0.33029,0.31754,0.32476,59675260.0,2025-10-25
1761436800000,0.32477,0.33267,0.32229,0.3302,60633790.0,2025-10-26
1761523200000,0.3302,0.33462,0.32114,0.32251,82976080.0,2025-10-27
1761609600000,0.32252,0.33782,0.31344,0.31807,124705120.0,2025-10-28
1761696000000,0.31804,0.32459,0.30944,0.31564,104072740.0,2025-10-29
1761782400000,0.31567,0.31838,0.28993,0.29815,128005310.0,2025-10-30
1761868800000,0.29814,0.3125,0.29765,0.30472,93573560.0,2025-10-31
1761955200000,0.3047,0.30716,0.3015,0.30498,38918120.0,2025-11-01
1762041600000,0.30498,0.30758,0.29933,0.30452,34047070.0,2025-11-02
1762128000000,0.30449,0.30541,0.27101,0.27799,138466090.0,2025-11-03
1762214400000,0.27799,0.28404,0.25279,0.26934,187840580.0,2025-11-04
1762300800000,0.26932,0.2821,0.25767,0.27994,101300570.0,2025-11-05
1762387200000,0.27995,0.28175,0.26359,0.26955,80322300.0,2025-11-06
1762473600000,0.26956,0.29317,0.26533,0.29145,109113130.0,2025-11-07
1762560000000,0.29143,0.29561,0.2781,0.28312,55343540.0,2025-11-08
1762646400000,0.2832,0.28759,0.27241,0.28553,55285690.0,2025-11-09
1762732800000,0.28552,0.31125,0.28355,0.30028,89321470.0,2025-11-10
1762819200000,0.3003,0.30474,0.27955,0.28153,79885920.0,2025-11-11
1762905600000,0.28154,0.29477,0.27358,0.27748,61400880.0,2025-11-12
1762992000000,0.27745,0.2995,0.26234,0.26812,139366300.0,2025-11-13
1763078400000,0.26815,0.27071,0.25594,0.2592,104958170.0,2025-11-14
1763164800000,0.25918,0.26728,0.25735,0.25939,43544390.0,2025-11-15
1763251200000,0.2594,0.26293,0.24881,0.25379,63598650.0,2025-11-16
1763337600000,0.25377,0.26248,0.24406,0.24698,89932590.0,2025-11-17
1763424000000,0.247,0.26012,0.24229,0.25573,73291100.0,2025-11-18
1763510400000,0.25582,0.25677,0.23514,0.24633,74063060.0,2025-11-19
1763596800000,0.24634,0.25431,0.23374,0.23679,87631440.0,2025-11-20
1763683200000,0.23678,0.24044,0.21663,0.23159,156306200.0,2025-11-21
1763769600000,0.23159,0.23292,0.22564,0.22992,44119040.0,2025-11-22
1763856000000,0.22992,0.25299,0.22896,0.24708,62912440.0,2025-11-23
1763942400000,0.24705,0.26012,0.24116,0.25451,105387390.0,2025-11-24
1764028800000,0.25451,0.25609,0.24109,0.25204,63537830.0,2025-11-25
1764115200000,0.25204,0.26196,0.24759,0.25837,62417010.0,2025-11-26
1764201600000,0.25838,0.2593,0.25081,0.25558,38858860.0,2025-11-27
1764288000000,0.25556,0.26279,0.25064,0.25318,51467010.0,2025-11-28
1764374400000,0.2532,0.25757,0.2495,0.25381,33692700.0,2025-11-29
1764460800000,0.2538,0.25554,0.2474,0.24775,22252880.0,2025-11-30
1764547200000,0.24776,0.24859,0.22635,0.23365,86348720.0,2025-12-01
1764633600000,0.23365,0.25781,0.22994,0.25454,59936380.0,2025-12-02
1764720000000,0.25456,0.26269,0.25101,0.25787,84796200.0,2025-12-03
1764806400000,0.25787,0.25889,0.24797,0.25171,63562660.0,2025-12-04
1764892800000,0.25173,0.25397,0.23856,0.23966,47772270.0,2025-12-05
1764979200000,0.23967,0.24261,0.23747,0.23929,23247640.0,2025-12-06
1765065600000,0.2393,0.24465,0.23147,0.23707,41330990.0,2025-12-07
1765152000000,0.23707,0.24682,0.23664,0.24082,50116550.0,2025-12-08
1765238400000,0.24081,0.25838,0.23729,0.25304,57449300.0,2025-12-09
1765324800000,0.25303,0.26094,0.2486,0.24979,54171550.0,2025-12-10
1765411200000,0.24976,0.25022,0.23886,0.24569,47786410.0,2025-12-11
1765497600000,0.2457,0.24792,0.23252,0.2384,50233990.0,2025-12-12
1765584000000,0.23842,0.24073,0.23592,0.23762,18824310.0,2025-12-13
1765670400000,0.23761,0.23815,0.22677,0.22893,35122090.0,2025-12-14
1765756800000,0.22894,0.23493,0.2151,0.22038,51170250.0,2025-12-15
1765843200000,0.2204,0.2246,0.21487,0.2195,37829430.0,2025-12-16
1765929600000,0.2195,0.2251,0.20878,0.2106,59140810.0,2025-12-17
1766016000000,0.21061,0.21892,0.20272,0.2068,74626570.0,2025-12-18
1766102400000,0.20681,0.22167,0.20419,0.2192,64886820.0,2025-12-19
1766188800000,0.21921,0.22344,0.21758,0.21818,34755020.0,2025-12-20
1766275200000,0.21819,0.21967,0.21191,0.21637,31131440.0,2025-12-21
1766361600000,0.21639,0.22631,0.21438,0.22035,44864660.0,2025-12-22
1766448000000,0.22036,0.22145,0.21327,0.2171,41853850.0,2025-12-23
1766534400000,0.2171,0.21818,0.21118,0.21214,40812690.0,2025-12-24
1766620800000,0.21211,0.21659,0.2082,0.20977,30522850.0,2025-12-25
1766707200000,0.20977,0.21711,0.20794,0.21342,32127520.0,2025-12-26
1766793600000,0.21341,0.22139,0.21231,0.22073,23958400.0,2025-12-27
1766880000000,0.22072,0.22487,0.21804,0.22015,32521930.0,2025-12-28
1766966400000,0.22016,0.22749,0.21518,0.21586,56437870.0,2025-12-29
1767052800000,0.21586,0.21596,0.20942,0.21056,52561320.0,2025-12-30
1767139200000,0.21056,0.21136,0.19765,0.20082,64654650.0,2025-12-31
1767225600000,0.20081,0.21003,0.20081,0.20847,50807130.0,2026-01-01
1767312000000,0.20847,0.22067,0.2054,0.21919,74562040.0,2026-01-02
1767398400000,0.21919,0.22774,0.21681,0.22217,76634030.0,2026-01-03
1767484800000,0.22217,0.23564,0.22181,0.23293,86356790.0,2026-01-04
1767571200000,0.23293,0.25393,0.22944,0.25251,117977330.0,2026-01-05
1767657600000,0.25251,0.25548,0.23375,0.24363,135166710.0,2026-01-06
1767744000000,0.24364,0.24395,0.23176,0.234,55744450.0,2026-01-07
1767830400000,0.234,0.23599,0.22542,0.2301,47668870.0,2026-01-08
1767916800000,0.23011,0.23342,0.22527,0.22813,89874120.0,2026-01-09
1768003200000,0.22812,0.229,0.22497,0.22631,22757980.0,2026-01-10
1768089600000,0.22631,0.22915,0.22124,0.22416,29061480.0,2026-01-11
1768176000000,0.22418,0.22874,0.21613,0.2191,72112150.0,2026-01-12
1768262400000,0.21909,0.2414,0.21869,0.23852,73670660.0,2026-01-13
1768348800000,0.23852,0.24696,0.23452,0.23601,113058700.0,2026-01-14
1768435200000,0.23602,0.23638,0.22453,0.22817,68683310.0,2026-01-15
1768521600000,0.22818,0.22928,0.21962,0.22588,48665430.0,2026-01-16
1768608000000,0.22589,0.23886,0.22444,0.23076,35930250.0,2026-01-17
1768694400000,0.23076,0.23269,0.21772,0.21793,35825190.0,2026-01-18
1768780800000,0.21791,0.21998,0.20179,0.21557,100025370.0,2026-01-19
1768867200000,0.21558,0.21674,0.205,0.20684,47602300.0,2026-01-20
1768953600000,0.20683,0.21741,0.20513,0.21229,69587890.0,2026-01-21
1769040000000,0.2123,0.2171,0.20933,0.21139,42312820.0,2026-01-22
1769126400000,0.21141,0.21868,0.20833,0.21196,45785040.0,2026-01-23
1769212800000,0.21197,0.2131,0.21013,0.21137,17890840.0,2026-01-24
1769299200000,0.21138,0.21162,0.20049,0.20309,37753520.0,2026-01-25
1769385600000,0.2031,0.21179,0.20291,0.20714,45705600.0,2026-01-26
1769472000000,0.20715,0.20974,0.20321,0.2084,34049400.0,2026-01-27
1769558400000,0.20841,0.21197,0.20665,0.21029,29949680.0,2026-01-28
1769644800000,0.21029,0.21037,0.19475,0.19853,55483800.0,2026-01-29
1769731200000,0.19853,0.19963,0.18828,0.19174,90421740.0,2026-01-30
1769817600000,0.19182,0.19238,0.165,0.18071,156089640.0,2026-01-31
1769904000000,0.18071,0.18248,0.17095,0.17485,90546830.0,2026-02-01
1769990400000,0.17486,0.18334,0.16837,0.17861,142333730.0,2026-02-02
1770076800000,0.1786,0.1819,0.16776,0.17562,122626990.0,2026-02-03
1770163200000,0.17562,0.17848,0.16705,0.17121,107983290.0,2026-02-04
1770249600000,0.17125,0.17145,0.14323,0.14687,266937810.0,2026-02-05
1770336000000,0.14687,0.17105,0.13601,0.16401,270885800.0,2026-02-06
1770422400000,0.16401,0.16489,0.15602,0.16169,122850740.0,2026-02-07
1770508800000,0.16169,0.1649,0.15872,0.16137,53611180.0,2026-02-08
1770595200000,0.16136,0.16388,0.15613,0.15946,76529610.0,2026-02-09
1770681600000,0.15948,0.16084,0.15462,0.15842,56776820.0,2026-02-10
1770768000000,0.15841,0.15894,0.15042,0.15453,74694790.0,2026-02-11
1770854400000,0.15456,0.16356,0.15386,0.15628,66823310.0,2026-02-12
1770940800000,0.15628,0.16656,0.15438,0.16445,54943360.0,2026-02-13
1771027200000,0.16445,0.1767,0.1644,0.17434,54040230.0,2026-02-14
1771113600000,0.17434,0.18535,0.16727,0.17008,81187350.0,2026-02-15
1771200000000,0.17013,0.17248,0.16588,0.16962,47317320.0,2026-02-16
1771286400000,0.1696,0.17029,0.16409,0.1656,45765170.0,2026-02-17
1771372800000,0.16562,0.16932,0.16068,0.16125,41449210.0,2026-02-18
1771459200000,0.16124,0.16203,0.1571,0.15891,46383930.0,2026-02-19
1771545600000,0.15891,0.16503,0.15738,0.16257,52188840.0,2026-02-20
1771632000000,0.16257,0.16438,0.16088,0.16088,26607360.0,2026-02-21
1771718400000,0.16087,0.1609,0.15374,0.15487,59734900.0,2026-02-22
1771804800000,0.15488,0.15738,0.14907,0.15118,95900020.0,2026-02-23
1771891200000,0.15118,0.15245,0.14732,0.1495,57255170.0,2026-02-24
1771977600000,0.14948,0.16925,0.14922,0.16266,90366240.0,2026-02-25
1772064000000,0.16264,0.1654,0.15829,0.16209,67591720.0,2026-02-26
1772150400000,0.1621,0.1667,0.15608,0.15866,57996590.0,2026-02-27
1772236800000,0.15867,0.16001,0.14777,0.15879,85220150.0,2026-02-28
1772323200000,0.15879,0.16461,0.1517,0.1541,79961530.0,2026-03-01
1772409600000,0.15411,0.16203,0.15172,0.15566,71049380.0,2026-03-02
1772496000000,0.15566,0.15566,0.1485,0.15142,70639980.0,2026-03-03
1772582400000,0.15143,0.16573,0.14974,0.15953,108979140.0,2026-03-04
1772668800000,0.15952,0.16097,0.15394,0.15674,66928820.0,2026-03-05
1772755200000,0.15674,0.16042,0.14973,0.15212,71460570.0,2026-03-06
1772841600000,0.15213,0.15336,0.14898,0.15032,34949000.0,2026-03-07
1772928000000,0.15034,0.15213,0.14657,0.14807,46337970.0,2026-03-08
1773014400000,0.14806,0.15395,0.14789,0.15064,60233910.0,2026-03-09
1773100800000,0.15063,0.1678,0.15038,0.1585,129160650.0,2026-03-10
1773187200000,0.1585,0.16212,0.15539,0.15917,90218200.0,2026-03-11
1773273600000,0.15917,0.16102,0.15633,0.15993,66940970.0,2026-03-12
1773360000000,0.15991,0.16808,0.15947,0.1639,78575470.0,2026-03-13
1773446400000,0.16388,0.16658,0.1622,0.16641,35028580.0,2026-03-14
1773532800000,0.16643,0.17123,0.16527,0.16916,62962810.0,2026-03-15
1773619200000,0.16916,0.17685,0.16677,0.17597,101824780.0,2026-03-16
1773705600000,0.17596,0.18185,0.17204,0.17355,74125360.0,2026-03-17
1773792000000,0.17356,0.17742,0.16508,0.1701,64210290.0,2026-03-18
1773878400000,0.1701,0.17074,0.16325,0.16524,78235200.0,2026-03-19
1773964800000,0.16525,0.16887,0.16317,0.16538,30319390.0,2026-03-20
1774051200000,0.16539,0.16674,0.16114,0.162,22203490.0,2026-03-21
1774137600000,0.16199,0.16364,0.15486,0.15581,59202320.0,2026-03-22
1774224000000,0.15582,0.16738,0.15529,0.16668,80926570.0,2026-03-23
1774310400000,0.16667,0.17514,0.16366,0.1738,53461510.0,2026-03-24
1774396800000,0.17378,0.1822,0.1736,0.17732,118014220.0,2026-03-25
1774483200000,0.17733,0.17861,0.17105,0.17356,51233670.0,2026-03-26
1774569600000,0.17357,0.17539,0.16666,0.16722,46037660.0,2026-03-27
1774656000000,0.16722,0.17177,0.16431,0.16785,34574120.0,2026-03-28
1774742400000,0.16784,0.1692,0.16094,0.16434,36137060.0,2026-03-29
1774828800000,0.16436,0.17387,0.16431,0.16735,46770030.0,2026-03-30
1774915200000,0.16735,0.17076,0.16331,0.16716,52576550.0,2026-03-31
1775001600000,0.16716,0.17465,0.16678,0.16924,50970490.0,2026-04-01
1775088000000,0.16925,0.17096,0.16009,0.16288,61062690.0,2026-04-02
1775174400000,0.16289,0.16647,0.16173,0.16287,31439080.0,2026-04-03
1775260800000,0.16287,0.16316,0.1605,0.16184,26791380.0,2026-04-04
1775347200000,0.16185,0.16271,0.15723,0.16265,33672100.0,2026-04-05
1775433600000,0.16265,0.16415,0.15502,0.15552,69189940.0,2026-04-06
1775520000000,0.15551,0.16466,0.15342,0.1634,99507150.0,2026-04-07
1775606400000,0.16339,0.16532,0.15723,0.15758,72239110.0,2026-04-08
1775692800000,0.15757,0.15868,0.15237,0.1547,75940420.0,2026-04-09
1775779200000,0.1547,0.15717,0.15262,0.15501,60477310.0,2026-04-10
1775865600000,0.15502,0.15684,0.15288,0.15348,34754020.0,2026-04-11
1775952000000,0.15348,0.15393,0.14995,0.15016,30186130.0,2026-04-12
1776038400000,0.15015,0.15634,0.14973,0.1562,48969910.0,2026-04-13
1776124800000,0.15623,0.15855,0.15364,0.15453,35478820.0,2026-04-14
1776211200000,0.15454,0.1589,0.15399,0.1577,40989760.0,2026-04-15
1776297600000,0.1576,0.1694,0.1572,0.1691,63788740.0,2026-04-16
1776384000000,0.1692,0.1772,0.1641,0.1741,65298090.0,2026-04-17
1776470400000,0.1741,0.1764,0.1674,0.1703,44225530.0,2026-04-18
1776556800000,0.1703,0.1724,0.1659,0.1664,35162650.0,2026-04-19
1776643200000,0.1665,0.1751,0.1664,0.1737,65239090.0,2026-04-20
1776729600000,0.1737,0.1846,0.1727,0.179,93396370.0,2026-04-21
1776816000000,0.179,0.1823,0.1759,0.1764,73136490.0,2026-04-22
1776902400000,0.1765,0.1794,0.1739,0.1753,95742490.0,2026-04-23
1776988800000,0.1753,0.1767,0.1719,0.1729,62857270.0,2026-04-24
1777075200000,0.1729,0.1746,0.1695,0.1696,30701670.0,2026-04-25
1777161600000,0.1697,0.1724,0.1678,0.1707,49287940.0,2026-04-26
1777248000000,0.1707,0.1735,0.1641,0.1659,71461960.0,2026-04-27
1777334400000,0.166,0.1661,0.1609,0.1617,33992830.0,2026-04-28
1777420800000,0.1618,0.1646,0.1581,0.1594,72572560.0,2026-04-29
1777507200000,0.1595,0.161,0.1581,0.1582,25197010.0,2026-04-30
1777593600000,0.1582,0.1626,0.1581,0.1593,33767740.0,2026-05-01
1777680000000,0.1594,0.161,0.1587,0.1598,19856940.0,2026-05-02
1777766400000,0.1598,0.1601,0.1577,0.1578,21876530.0,2026-05-03
1777852800000,0.1579,0.1616,0.1563,0.1574,46147050.0,2026-05-04
1777939200000,0.1574,0.1613,0.1572,0.1597,53203670.0,2026-05-05
1778025600000,0.1597,0.166,0.1595,0.1615,73986000.0,2026-05-06
1778112000000,0.1614,0.1626,0.1574,0.158,54121010.0,2026-05-07
1778198400000,0.158,0.1656,0.1572,0.1633,54853180.0,2026-05-08
1778284800000,0.1634,0.1678,0.1614,0.1624,41956380.0,2026-05-09
1778371200000,0.1624,0.1738,0.1605,0.1695,117652290.0,2026-05-10
1778457600000,0.1696,0.171,0.1644,0.1683,84803180.0,2026-05-11
1778544000000,0.1684,0.169,0.161,0.1623,57782150.0,2026-05-12
1778630400000,0.1624,0.1659,0.1576,0.1588,76028640.0,2026-05-13
1778716800000,0.1588,0.1685,0.1578,0.1622,75974310.0,2026-05-14
1778803200000,0.1622,0.1635,0.1535,0.1545,76771420.0,2026-05-15
1778889600000,0.1546,0.1555,0.1501,0.1516,39140670.0,2026-05-16
1778976000000,0.1517,0.1528,0.1455,0.1493,52444630.0,2026-05-17
1779062400000,0.1492,0.1504,0.1444,0.1472,61927890.0,2026-05-18
1779148800000,0.1472,0.1483,0.1425,0.1434,52488360.0,2026-05-19
1779235200000,0.1435,0.1449,0.1418,0.1438,43737220.0,2026-05-20
1779321600000,0.1438,0.1487,0.143,0.1466,41404080.0,2026-05-21
1779408000000,0.1467,0.1504,0.1429,0.1434,46039460.0,2026-05-22
1779494400000,0.1433,0.1496,0.1392,0.1479,47554030.0,2026-05-23
1779580800000,0.148,0.1496,0.1447,0.1474,38404030.0,2026-05-24
1779667200000,0.1475,0.1537,0.1467,0.1497,47897510.0,2026-05-25
1779753600000,0.1497,0.1513,0.1464,0.1476,44674630.0,2026-05-26
1779840000000,0.1477,0.1704,0.1461,0.1639,359080190.0,2026-05-27
1779926400000,0.1638,0.2172,0.1637,0.2037,2438379830.0,2026-05-28
1780012800000,0.2037,0.2657,0.1958,0.2592,1904850840.0,2026-05-29
1780099200000,0.2591,0.2979,0.2262,0.2295,2561705080.0,2026-05-30
1780185600000,0.2296,0.2673,0.221,0.2596,1699830510.0,2026-05-31
1780272000000,0.2595,0.2741,0.2404,0.243,1270247910.0,2026-06-01
1780358400000,0.243,0.2436,0.2147,0.2224,656937150.0,2026-06-02
1780444800000,0.2224,0.2344,0.2085,0.2086,468354110.0,2026-06-03
1780531200000,0.2086,0.2208,0.1981,0.2015,511435410.0,2026-06-04
1780617600000,0.2014,0.2085,0.1843,0.203,562106470.0,2026-06-05
1780704000000,0.2031,0.2152,0.1886,0.2119,463346200.0,2026-06-06
1780790400000,0.2119,0.218,0.1994,0.2057,320557870.0,2026-06-07
1780876800000,0.2056,0.2079,0.1967,0.20245,187362280.0,2026-06-08
1780963200000,0.20246,0.20474,0.19091,0.19216,182365550.0,2026-06-09
1781049600000,0.19215,0.19287,0.18104,0.18271,173820810.0,2026-06-10
1781136000000,0.18272,0.195,0.18233,0.19187,203974360.0,2026-06-11
1781222400000,0.19187,0.19975,0.18715,0.18789,196276300.0,2026-06-12
1781308800000,0.18789,0.19217,0.18333,0.18687,124544420.0,2026-06-13
1781395200000,0.18687,0.19182,0.18094,0.19085,119566210.0,2026-06-14
1781481600000,0.19084,0.23497,0.1873,0.21355,502413530.0,2026-06-15
1781568000000,0.21355,0.23409,0.20779,0.21659,427412460.0,2026-06-16
1781654400000,0.21658,0.23397,0.21651,0.22541,348876730.0,2026-06-17
1781740800000,0.22543,0.25174,0.22535,0.23426,656518170.0,2026-06-18
1781827200000,0.23426,0.23512,0.21445,0.21798,269129620.0,2026-06-19
1781913600000,0.21797,0.21874,0.21047,0.21605,159115290.0,2026-06-20
1782000000000,0.21606,0.21775,0.20903,0.20962,110996230.0,2026-06-21
1782086400000,0.20961,0.21703,0.20085,0.20279,157398690.0,2026-06-22
1782172800000,0.20278,0.20279,0.19047,0.19498,133436160.0,2026-06-23
1782259200000,0.19498,0.19717,0.18182,0.18544,128361880.0,2026-06-24
1782345600000,0.18545,0.19014,0.17389,0.17883,147116310.0,2026-06-25
1782432000000,0.17884,0.18074,0.17108,0.17778,126941970.0,2026-06-26
1782518400000,0.17779,0.17936,0.17229,0.17382,92209400.0,2026-06-27
1782604800000,0.17381,0.17511,0.16864,0.17281,64221140.0,2026-06-28
1782691200000,0.17281,0.17896,0.16984,0.17494,102550060.0,2026-06-29
1782777600000,0.17493,0.18916,0.17332,0.18902,319737450.0,2026-06-30
1782864000000,0.18902,0.20759,0.18902,0.19734,488451190.0,2026-07-01
1782950400000,0.19734,0.20474,0.19239,0.19914,234660230.0,2026-07-02
1783036800000,0.19914,0.20693,0.19601,0.20388,158562190.0,2026-07-03
1783123200000,0.20387,0.21567,0.20219,0.20654,183675220.0,2026-07-04
1783209600000,0.20653,0.20677,0.19738,0.20329,94022420.0,2026-07-05
1783296000000,0.20327,0.2075,0.19571,0.19996,161759430.0,2026-07-06
1783382400000,0.19996,0.20064,0.1877,0.18858,129602500.0,2026-07-07
1783468800000,0.18858,0.1898,0.17948,0.18115,90581410.0,2026-07-08
1783555200000,0.18114,0.18769,0.17977,0.18617,93961540.0,2026-07-09
1783641600000,0.18617,0.19455,0.1848,0.19052,113985440.0,2026-07-10
1783728000000,0.19052,0.19364,0.18623,0.1863,68631240.0,2026-07-11
1783814400000,0.18629,0.19149,0.18246,0.1863,80615970.0,2026-07-12
1783900800000,0.18629,0.18938,0.17802,0.18075,82680560.0,2026-07-13
1783987200000,0.18075,0.18659,0.17771,0.18437,77542520.0,2026-07-14
1784073600000,0.18437,0.19218,0.18145,0.18837,117745360.0,2026-07-15
1784160000000,0.18836,0.19287,0.18464,0.18499,140207390.0,2026-07-16
1784246400000,0.18499,0.18811,0.18141,0.18542,87091440.0,2026-07-17
1784332800000,0.18542,0.18923,0.18308,0.1877,57377270.0,2026-07-18
1784419200000,0.1877,0.19203,0.18591,0.18801,74695980.0,2026-07-19
1784505600000,0.18801,0.19025,0.18426,0.18845,106805220.0,2026-07-20
1784592000000,0.18845,0.19637,0.18645,0.19212,102639610.0,2026-07-21
1784678400000,0.19213,0.19551,0.18549,0.18738,99153630.0,2026-07-22
1784764800000,0.18738,0.18768,0.18025,0.18209,79508650.0,2026-07-23
1784851200000,0.18209,0.18491,0.17573,0.17779,82012190.0,2026-07-24
1784937600000,0.17779,0.17988,0.17621,0.17804,38822090.0,2026-07-25
1785024000000,0.17804,0.18339,0.17594,0.18256,55598030.0,2026-07-26
1785110400000,0.18256,0.18314,0.17088,0.17187,102172360.0,2026-07-27
1785196800000,0.17187,0.17491,0.16956,0.17398,63213560.0,2026-07-28
1785283200000,0.17399,0.17593,0.1684,0.17186,67357830.0,2026-07-29
1785369600000,0.17186,0.17381,0.17075,0.17178,46929240.0,2026-07-30
1785456000000,0.17178,0.17363,0.16766,0.17212,88420980.0,2026-07-31
1785542400000,0.17212,0.17313,0.16833,0.1708,34250530.0,2026-08-01
1785628800000,0.1708,0.1775,0.17043,0.17413,50904140.0,2026-08-02
1785715200000,0.17413,0.17431,0.16983,0.17125,42355690.0,2026-08-03
1785801600000,0.17126,0.1721,0.16829,0.16852,75773710.0,2026-08-04
1785888000000,0.16852,0.16859,0.16421,0.16482,69187790.0,2026-08-05
1785974400000,0.16483,0.16506,0.15902,0.16133,93698450.0,2026-08-06
1786060800000,0.16132,0.16316,0.15917,0.16124,52828190.0,2026-08-07
1786147200000,0.16123,0.1666,0.16106,0.16441,46190860.0,2026-08-08
1786233600000,0.16441,0.16483,0.16069,0.16242,49163600.0,2026-08-09
1786320000000,0.16241,0.16585,0.16072,0.16136,60581560.0,2026-08-10
1786406400000,0.16137,0.16277,0.15869,0.16195,52394880.0,2026-08-11
1786492800000,0.16194,0.16257,0.1576,0.1593,64385930.0,2026-08-12
1786579200000,0.15929,0.16294,0.1582,0.15941,60013470.0,2026-08-13
1786665600000,0.15941,0.16043,0.15436,0.158,57787750.0,2026-08-14
1786752000000,0.158,0.15971,0.15719,0.15791,36401110.0,2026-08-15
1786838400000,0.15791,0.15967,0.15581,0.15627,39475510.0,2026-08-16
1786924800000,0.15627,0.15927,0.15579,0.15804,41820510.0,2026-08-17
1787011200000,0.15804,0.15821,0.15232,0.1548,62797850.0,2026-08-18
1787097600000,0.1548,0.17291,0.15361,0.1702,125589410.0,2026-08-19
1787184000000,0.17021,0.1919,0.16618,0.18155,193696500.0,2026-08-20
1787270400000,0.18154,0.2043,0.18125,0.2019,182417870.0,2026-08-21
1787356800000,0.2019,0.2228,0.18704,0.19565,323651610.0,2026-08-22
1787443200000,0.19565,0.20224,0.18778,0.19977,142381530.0,2026-08-23
1787529600000,0.19978,0.20043,0.19156,0.19377,125570200.0,2026-08-24
1787616000000,0.19375,0.20035,0.1812,0.18233,116547960.0,2026-08-25
1787702400000,0.18234,0.1857,0.17765,0.18527,76562600.0,2026-08-26
1787788800000,0.18526,0.18973,0.18075,0.18728,68598400.0,2026-08-27
1787875200000,0.18729,0.18913,0.17521,0.17941,73086680.0,2026-08-28
1787961600000,0.17942,0.18017,0.17654,0.17957,33330730.0,2026-08-29
1788048000000,0.17959,0.1824,0.17216,0.17439,58672130.0,2026-08-30
1788134400000,0.17441,0.1799,0.17346,0.17717,77875590.0,2026-08-31
1788220800000,0.17717,0.17931,0.17366,0.17563,64936200.0,2026-09-01
1788307200000,0.17564,0.17659,0.17119,0.17549,56924850.0,2026-09-02
1788393600000,0.17549,0.18805,0.17469,0.18433,86680410.0,2026-09-03
1788480000000,0.18432,0.18527,0.18208,0.18304,14307820.0,2026-09-04
