
===== [2026-07-30 23:03:44] watchdog 실행: 8401_bot =====
/Users/l/project/8401/venv/lib/python3.9/site-packages/urllib3/__init__.py:35: NotOpenSSLWarning: urllib3 v2 only supports OpenSSL 1.1.1+, currently the 'ssl' module is compiled with 'LibreSSL 2.8.3'. See: https://github.com/urllib3/urllib3/issues/3020
  warnings.warn(
2026-07-30 23:03:46,267 [INFO] [CONFIG] JSON 설정 로드: /Users/l/project/8401/config.json
2026-07-30 23:03:46,272 [INFO] =======================================================
2026-07-30 23:03:46,272 [INFO]   8401_okx 매매 엔진 시작 (목표: 일 1% 수익)
2026-07-30 23:03:46,272 [INFO]   전략: 박스권 & 프랙탈  |  TF: 5m
2026-07-30 23:03:46,272 [INFO]   레버리지: 5x  |  증거금: $1.0
2026-07-30 23:03:46,272 [INFO]   SL: 0.7%  TP: 1.2%
2026-07-30 23:03:46,272 [INFO]   스캔 TOP-N: 30  |  자동매매: True
2026-07-30 23:03:46,272 [INFO] =======================================================
2026-07-30 23:03:46,272 [INFO]   ▶ 실행 코드 버전(git): bdd9f9f  PID: 46867  시작: 2026-07-30 23:03:46
2026-07-30 23:03:46,273 [INFO] ▶ OKX API 연결 중...
2026-07-30 23:03:47,041 [INFO] 마켓 로드 완료: 435개 종목
2026-07-30 23:03:47,041 [INFO] ✅ OKX API 연결 성공
2026-07-30 23:03:47,208 [INFO] 💰 잔고: 총 $110.86  |  가용 $75.03 USDT
2026-07-30 23:03:47,209 [INFO] [PERSIST] 활성 포지션 상태 복구 완료 (2건)
2026-07-30 23:03:47,209 [INFO] [TRADER] 자동매매 활성화 (Async)
2026-07-30 23:03:47,209 [INFO] [SCANNER] 스캔 엔진 시작 (Async)
2026-07-30 23:03:47,209 [INFO] [SCANNER] 웹소켓 비활성(REST 전용) — 안정성 우선
2026-07-30 23:03:47,209 [INFO] 🤖 자동매매 + 스캐너 가동 완료 — 상시 운영 시작
2026-07-30 23:03:47,209 [INFO] [DISCORD FILTER] '자동매매 엔진 가동 완료' 알림 금지 처리됨
2026-07-30 23:03:47,592 [INFO] [SCAN] 블랙리스트 4개 제외: ['IP/USDT:USDT', 'NES/USDT:USDT', 'WLD/USDT:USDT', 'XAG/USDT:USDT', 'XAU/USDT:USDT', 'XAUT/USDT:USDT']
2026-07-30 23:03:47,592 [INFO] [SCAN] 스캔 시작: 30개 페어 (캐시 0개 보유)
2026-07-30 23:03:47,765 [INFO] [CACHE] BTC/USDT:USDT 초기 로드 300봉
2026-07-30 23:03:47,770 [INFO] [SIG] BTC/USDT:USDT LONG 신호 포착 (강도 95%)
2026-07-30 23:03:47,770 [INFO] [SIGNAL] BTC/USDT:USDT LONG 신호 수신 (strength=95)
2026-07-30 23:03:48,168 [INFO] [RISK OK] BTC/USDT:USDT 리스크 체크 통과
2026-07-30 23:03:48,555 [WARNING] [ENTRY BLOCK] BTC/USDT:USDT — 최대 포지션 수 도달: 2/2
2026-07-30 23:03:49,340 [INFO] [CACHE] ETH/USDT:USDT 초기 로드 300봉
2026-07-30 23:03:49,345 [INFO] [SIG] ETH/USDT:USDT LONG 신호 포착 (강도 95%)
2026-07-30 23:03:49,345 [INFO] [SIGNAL] ETH/USDT:USDT LONG 신호 수신 (strength=95)
2026-07-30 23:03:49,744 [INFO] [RISK OK] ETH/USDT:USDT 리스크 체크 통과
2026-07-30 23:03:50,032 [WARNING] [ENTRY BLOCK] ETH/USDT:USDT — 최대 포지션 수 도달: 2/2
2026-07-30 23:03:50,814 [INFO] [CACHE] SOL/USDT:USDT 초기 로드 300봉
2026-07-30 23:03:50,820 [INFO] [SIG] SOL/USDT:USDT LONG 신호 포착 (강도 95%)
2026-07-30 23:03:50,820 [INFO] [SIGNAL] SOL/USDT:USDT LONG 신호 수신 (strength=95)
2026-07-30 23:03:51,332 [INFO] [RISK OK] SOL/USDT:USDT 리스크 체크 통과
2026-07-30 23:03:51,720 [WARNING] [ENTRY BLOCK] SOL/USDT:USDT — 최대 포지션 수 도달: 2/2
2026-07-30 23:03:52,716 [INFO] [CACHE] XRP/USDT:USDT 초기 로드 300봉
2026-07-30 23:03:52,723 [INFO] [SIG] XRP/USDT:USDT LONG 신호 포착 (강도 95%)
2026-07-30 23:03:52,723 [INFO] [SIGNAL] XRP/USDT:USDT LONG 신호 수신 (strength=95)
2026-07-30 23:03:52,806 [INFO] [상태] 잔고:$110.88 | 포지션:2개 | 스캔:0회 | 스캐너:ON
2026-07-30 23:03:53,392 [INFO] [RISK OK] XRP/USDT:USDT 리스크 체크 통과
2026-07-30 23:03:53,778 [WARNING] [ENTRY BLOCK] XRP/USDT:USDT — 최대 포지션 수 도달: 2/2
2026-07-30 23:03:54,569 [INFO] [CACHE] DOGE/USDT:USDT 초기 로드 300봉
2026-07-30 23:03:54,573 [INFO] [SIG] DOGE/USDT:USDT SHORT 신호 포착 (강도 90%)
2026-07-30 23:03:54,573 [INFO] [SIGNAL] DOGE/USDT:USDT SHORT 신호 수신 (strength=90)
2026-07-30 23:03:54,973 [INFO] [RISK OK] DOGE/USDT:USDT 리스크 체크 통과
2026-07-30 23:03:55,250 [WARNING] [ENTRY BLOCK] DOGE/USDT:USDT — 최대 포지션 수 도달: 2/2
2026-07-30 23:03:56,083 [INFO] [CACHE] HYPE/USDT:USDT 초기 로드 300봉
2026-07-30 23:03:56,714 [INFO] [CACHE] AEON/USDT:USDT 초기 로드 300봉
2026-07-30 23:03:57,352 [INFO] [CACHE] ZEC/USDT:USDT 초기 로드 300봉
2026-07-30 23:03:57,988 [INFO] [CACHE] PEPE/USDT:USDT 초기 로드 300봉
2026-07-30 23:03:57,996 [INFO] [SIG] PEPE/USDT:USDT LONG 신호 포착 (강도 95%)
2026-07-30 23:03:57,996 [INFO] [SIGNAL] PEPE/USDT:USDT LONG 신호 수신 (strength=95)
2026-07-30 23:03:58,405 [INFO] [RISK OK] PEPE/USDT:USDT 리스크 체크 통과
2026-07-30 23:03:58,691 [WARNING] [ENTRY BLOCK] PEPE/USDT:USDT — 최대 포지션 수 도달: 2/2
2026-07-30 23:03:59,476 [INFO] [CACHE] UNI/USDT:USDT 초기 로드 300봉
2026-07-30 23:04:00,107 [INFO] [CACHE] SUI/USDT:USDT 초기 로드 300봉
2026-07-30 23:04:00,729 [INFO] [CACHE] KAITO/USDT:USDT 초기 로드 300봉
2026-07-30 23:04:01,371 [INFO] [CACHE] BNB/USDT:USDT 초기 로드 300봉
2026-07-30 23:04:01,375 [INFO] [SIG] BNB/USDT:USDT LONG 신호 포착 (강도 95%)
2026-07-30 23:04:01,375 [INFO] [SIGNAL] BNB/USDT:USDT LONG 신호 수신 (strength=95)
2026-07-30 23:04:01,782 [INFO] [RISK OK] BNB/USDT:USDT 리스크 체크 통과
2026-07-30 23:04:02,064 [WARNING] [ENTRY BLOCK] BNB/USDT:USDT — 최대 포지션 수 도달: 2/2
2026-07-30 23:04:02,893 [INFO] [CACHE] ONDO/USDT:USDT 초기 로드 300봉
2026-07-30 23:04:02,899 [INFO] [SIG] ONDO/USDT:USDT LONG 신호 포착 (강도 95%)
2026-07-30 23:04:02,899 [INFO] [SIGNAL] ONDO/USDT:USDT LONG 신호 수신 (strength=95)
2026-07-30 23:04:03,304 [INFO] [RISK OK] ONDO/USDT:USDT 리스크 체크 통과
2026-07-30 23:04:03,688 [WARNING] [ENTRY BLOCK] ONDO/USDT:USDT — 최대 포지션 수 도달: 2/2
2026-07-30 23:04:04,479 [INFO] [CACHE] RE/USDT:USDT 초기 로드 300봉
2026-07-30 23:04:04,485 [INFO] [SIG] RE/USDT:USDT SHORT 신호 포착 (강도 95%)
2026-07-30 23:04:04,486 [INFO] [SIGNAL] RE/USDT:USDT SHORT 신호 수신 (strength=95)
2026-07-30 23:04:04,890 [INFO] [RISK OK] RE/USDT:USDT 리스크 체크 통과
2026-07-30 23:04:05,169 [WARNING] [ENTRY BLOCK] RE/USDT:USDT — 최대 포지션 수 도달: 2/2
2026-07-30 23:04:05,954 [INFO] [CACHE] ADA/USDT:USDT 초기 로드 300봉
2026-07-30 23:04:06,578 [INFO] [CACHE] TRX/USDT:USDT 초기 로드 300봉
2026-07-30 23:04:07,250 [INFO] [CACHE] FIL/USDT:USDT 초기 로드 300봉
2026-07-30 23:04:07,254 [INFO] [SIG] FIL/USDT:USDT LONG 신호 포착 (강도 95%)
2026-07-30 23:04:07,254 [INFO] [SIGNAL] FIL/USDT:USDT LONG 신호 수신 (strength=95)
2026-07-30 23:04:07,864 [INFO] [RISK OK] FIL/USDT:USDT 리스크 체크 통과
2026-07-30 23:04:08,253 [WARNING] [ENTRY BLOCK] FIL/USDT:USDT — 최대 포지션 수 도달: 2/2
2026-07-30 23:04:08,758 [INFO] [SCAN] 완료: 18개 종목 · 신호 10개 · API 호출 18회 · 캐시 히트 0회
2026-07-30 23:04:15,868 [INFO] [SCAN] 블랙리스트 4개 제외: ['IP/USDT:USDT', 'NES/USDT:USDT', 'WLD/USDT:USDT', 'XAG/USDT:USDT', 'XAU/USDT:USDT', 'XAUT/USDT:USDT']
2026-07-30 23:04:15,868 [INFO] [SCAN] 스캔 시작: 30개 페어 (캐시 18개 보유)
2026-07-30 23:04:16,048 [INFO] [SIG] BTC/USDT:USDT LONG 신호 포착 (강도 95%)
2026-07-30 23:04:16,048 [INFO] [SIGNAL] BTC/USDT:USDT LONG 신호 수신 (strength=95)
2026-07-30 23:04:16,560 [INFO] [RISK OK] BTC/USDT:USDT 리스크 체크 통과
2026-07-30 23:04:16,848 [WARNING] [ENTRY BLOCK] BTC/USDT:USDT — 최대 포지션 수 도달: 2/2
2026-07-30 23:04:17,452 [INFO] [SIG] ETH/USDT:USDT LONG 신호 포착 (강도 95%)
2026-07-30 23:04:17,453 [INFO] [SIGNAL] ETH/USDT:USDT LONG 신호 수신 (strength=95)
2026-07-30 23:04:17,907 [INFO] [RISK OK] ETH/USDT:USDT 리스크 체크 통과
2026-07-30 23:04:18,192 [WARNING] [ENTRY BLOCK] ETH/USDT:USDT — 최대 포지션 수 도달: 2/2
2026-07-30 23:04:18,791 [INFO] [SIG] SOL/USDT:USDT LONG 신호 포착 (강도 95%)
2026-07-30 23:04:18,791 [INFO] [SIGNAL] SOL/USDT:USDT LONG 신호 수신 (strength=95)
2026-07-30 23:04:19,337 [INFO] [RISK OK] SOL/USDT:USDT 리스크 체크 통과
2026-07-30 23:04:19,616 [WARNING] [ENTRY BLOCK] SOL/USDT:USDT — 최대 포지션 수 도달: 2/2
2026-07-30 23:04:20,243 [INFO] [SIG] XRP/USDT:USDT LONG 신호 포착 (강도 95%)
2026-07-30 23:04:20,243 [INFO] [SIGNAL] XRP/USDT:USDT LONG 신호 수신 (strength=95)
2026-07-30 23:04:20,740 [INFO] [RISK OK] XRP/USDT:USDT 리스크 체크 통과
2026-07-30 23:04:21,017 [WARNING] [ENTRY BLOCK] XRP/USDT:USDT — 최대 포지션 수 도달: 2/2
2026-07-30 23:04:21,605 [INFO] [SIG] DOGE/USDT:USDT SHORT 신호 포착 (강도 90%)
2026-07-30 23:04:21,605 [INFO] [SIGNAL] DOGE/USDT:USDT SHORT 신호 수신 (strength=90)
2026-07-30 23:04:22,014 [INFO] [RISK OK] DOGE/USDT:USDT 리스크 체크 통과
2026-07-30 23:04:22,298 [WARNING] [ENTRY BLOCK] DOGE/USDT:USDT — 최대 포지션 수 도달: 2/2
2026-07-30 23:04:24,266 [INFO] [SIG] PEPE/USDT:USDT LONG 신호 포착 (강도 95%)
2026-07-30 23:04:24,266 [INFO] [SIGNAL] PEPE/USDT:USDT LONG 신호 수신 (strength=95)
2026-07-30 23:04:24,707 [INFO] [RISK OK] PEPE/USDT:USDT 리스크 체크 통과
2026-07-30 23:04:24,990 [WARNING] [ENTRY BLOCK] PEPE/USDT:USDT — 최대 포지션 수 도달: 2/2
2026-07-30 23:04:26,852 [INFO] [SIG] BNB/USDT:USDT LONG 신호 포착 (강도 95%)
2026-07-30 23:04:26,853 [INFO] [SIGNAL] BNB/USDT:USDT LONG 신호 수신 (strength=95)
2026-07-30 23:04:27,255 [INFO] [RISK OK] BNB/USDT:USDT 리스크 체크 통과
2026-07-30 23:04:27,535 [WARNING] [ENTRY BLOCK] BNB/USDT:USDT — 최대 포지션 수 도달: 2/2
2026-07-30 23:04:29,859 [INFO] [SIG] FIL/USDT:USDT LONG 신호 포착 (강도 95%)
2026-07-30 23:04:29,859 [INFO] [SIGNAL] FIL/USDT:USDT LONG 신호 수신 (strength=95)
2026-07-30 23:04:30,263 [INFO] [RISK OK] FIL/USDT:USDT 리스크 체크 통과
2026-07-30 23:04:30,545 [WARNING] [ENTRY BLOCK] FIL/USDT:USDT — 최대 포지션 수 도달: 2/2
2026-07-30 23:04:30,846 [INFO] [SCAN] 완료: 18개 종목 · 신호 8개 · API 호출 18회 · 캐시 히트 0회
2026-07-30 23:04:36,318 [INFO] [SCAN] 블랙리스트 4개 제외: ['IP/USDT:USDT', 'NES/USDT:USDT', 'WLD/USDT:USDT', 'XAG/USDT:USDT', 'XAU/USDT:USDT', 'XAUT/USDT:USDT']
2026-07-30 23:04:36,318 [INFO] [SCAN] 스캔 시작: 30개 페어 (캐시 18개 보유)
2026-07-30 23:04:36,492 [INFO] [SIG] BTC/USDT:USDT LONG 신호 포착 (강도 95%)
2026-07-30 23:04:36,492 [INFO] [SIGNAL] BTC/USDT:USDT LONG 신호 수신 (strength=95)
2026-07-30 23:04:36,896 [INFO] [RISK OK] BTC/USDT:USDT 리스크 체크 통과
2026-07-30 23:04:37,178 [WARNING] [ENTRY BLOCK] BTC/USDT:USDT — 최대 포지션 수 도달: 2/2
2026-07-30 23:04:37,764 [INFO] [SIG] ETH/USDT:USDT LONG 신호 포착 (강도 95%)
2026-07-30 23:04:37,764 [INFO] [SIGNAL] ETH/USDT:USDT LONG 신호 수신 (strength=95)
2026-07-30 23:04:38,164 [INFO] [RISK OK] ETH/USDT:USDT 리스크 체크 통과
2026-07-30 23:04:38,496 [WARNING] [ENTRY BLOCK] ETH/USDT:USDT — 최대 포지션 수 도달: 2/2
2026-07-30 23:04:39,092 [INFO] [SIG] SOL/USDT:USDT LONG 신호 포착 (강도 95%)
2026-07-30 23:04:39,092 [INFO] [SIGNAL] SOL/USDT:USDT LONG 신호 수신 (strength=95)
2026-07-30 23:04:39,497 [INFO] [RISK OK] SOL/USDT:USDT 리스크 체크 통과
2026-07-30 23:04:39,787 [WARNING] [ENTRY BLOCK] SOL/USDT:USDT — 최대 포지션 수 도달: 2/2
2026-07-30 23:04:40,377 [INFO] [SIG] XRP/USDT:USDT LONG 신호 포착 (강도 95%)
2026-07-30 23:04:40,378 [INFO] [SIGNAL] XRP/USDT:USDT LONG 신호 수신 (strength=95)
2026-07-30 23:04:40,791 [INFO] [RISK OK] XRP/USDT:USDT 리스크 체크 통과
2026-07-30 23:04:41,082 [WARNING] [ENTRY BLOCK] XRP/USDT:USDT — 최대 포지션 수 도달: 2/2
2026-07-30 23:04:41,672 [INFO] [SIG] DOGE/USDT:USDT SHORT 신호 포착 (강도 90%)
2026-07-30 23:04:41,673 [INFO] [SIGNAL] DOGE/USDT:USDT SHORT 신호 수신 (strength=90)
2026-07-30 23:04:42,265 [INFO] [RISK OK] DOGE/USDT:USDT 리스크 체크 통과
2026-07-30 23:04:42,549 [WARNING] [ENTRY BLOCK] DOGE/USDT:USDT — 최대 포지션 수 도달: 2/2
2026-07-30 23:04:44,461 [INFO] [SIG] PEPE/USDT:USDT LONG 신호 포착 (강도 95%)
2026-07-30 23:04:44,461 [INFO] [SIGNAL] PEPE/USDT:USDT LONG 신호 수신 (strength=95)
2026-07-30 23:04:44,857 [INFO] [RISK OK] PEPE/USDT:USDT 리스크 체크 통과
2026-07-30 23:04:45,136 [WARNING] [ENTRY BLOCK] PEPE/USDT:USDT — 최대 포지션 수 도달: 2/2
2026-07-30 23:04:47,010 [INFO] [SIG] BNB/USDT:USDT LONG 신호 포착 (강도 95%)
2026-07-30 23:04:47,010 [INFO] [SIGNAL] BNB/USDT:USDT LONG 신호 수신 (strength=95)
2026-07-30 23:04:47,529 [INFO] [RISK OK] BNB/USDT:USDT 리스크 체크 통과
2026-07-30 23:04:47,817 [WARNING] [ENTRY BLOCK] BNB/USDT:USDT — 최대 포지션 수 도달: 2/2
2026-07-30 23:04:48,414 [INFO] [SIG] ONDO/USDT:USDT LONG 신호 포착 (강도 95%)
2026-07-30 23:04:48,414 [INFO] [SIGNAL] ONDO/USDT:USDT LONG 신호 수신 (strength=95)
2026-07-30 23:04:48,830 [INFO] [RISK OK] ONDO/USDT:USDT 리스크 체크 통과
2026-07-30 23:04:49,166 [WARNING] [ENTRY BLOCK] ONDO/USDT:USDT — 최대 포지션 수 도달: 2/2
2026-07-30 23:04:49,749 [INFO] [SIG] RE/USDT:USDT SHORT 신호 포착 (강도 95%)
2026-07-30 23:04:49,749 [INFO] [SIGNAL] RE/USDT:USDT SHORT 신호 수신 (strength=95)
2026-07-30 23:04:50,153 [INFO] [RISK OK] RE/USDT:USDT 리스크 체크 통과
2026-07-30 23:04:50,438 [WARNING] [ENTRY BLOCK] RE/USDT:USDT — 최대 포지션 수 도달: 2/2
2026-07-30 23:04:51,909 [INFO] [SIG] FIL/USDT:USDT LONG 신호 포착 (강도 95%)
2026-07-30 23:04:51,909 [INFO] [SIGNAL] FIL/USDT:USDT LONG 신호 수신 (strength=95)
2026-07-30 23:04:52,350 [INFO] [RISK OK] FIL/USDT:USDT 리스크 체크 통과
2026-07-30 23:04:52,636 [WARNING] [ENTRY BLOCK] FIL/USDT:USDT — 최대 포지션 수 도달: 2/2
2026-07-30 23:04:52,937 [INFO] [SCAN] 완료: 18개 종목 · 신호 10개 · API 호출 18회 · 캐시 히트 0회
2026-07-30 23:04:53,417 [INFO] [상태] 잔고:$110.89 | 포지션:2개 | 스캔:3회 | 스캐너:ON
2026-07-30 23:04:58,329 [INFO] [SCAN] 블랙리스트 4개 제외: ['IP/USDT:USDT', 'NES/USDT:USDT', 'WLD/USDT:USDT', 'XAG/USDT:USDT', 'XAU/USDT:USDT', 'XAUT/USDT:USDT']
2026-07-30 23:04:58,329 [INFO] [SCAN] 스캔 시작: 30개 페어 (캐시 18개 보유)
2026-07-30 23:04:58,512 [INFO] [SIG] BTC/USDT:USDT LONG 신호 포착 (강도 95%)
2026-07-30 23:04:58,512 [INFO] [SIGNAL] BTC/USDT:USDT LONG 신호 수신 (strength=95)
2026-07-30 23:04:58,914 [INFO] [RISK OK] BTC/USDT:USDT 리스크 체크 통과
2026-07-30 23:04:59,200 [WARNING] [ENTRY BLOCK] BTC/USDT:USDT — 최대 포지션 수 도달: 2/2
2026-07-30 23:04:59,831 [INFO] [SIG] ETH/USDT:USDT LONG 신호 포착 (강도 95%)
2026-07-30 23:04:59,831 [INFO] [SIGNAL] ETH/USDT:USDT LONG 신호 수신 (strength=95)
2026-07-30 23:05:00,339 [INFO] [RISK OK] ETH/USDT:USDT 리스크 체크 통과
2026-07-30 23:05:00,726 [WARNING] [ENTRY BLOCK] ETH/USDT:USDT — 최대 포지션 수 도달: 2/2
2026-07-30 23:05:01,366 [INFO] [SIG] SOL/USDT:USDT LONG 신호 포착 (강도 95%)
2026-07-30 23:05:01,367 [INFO] [SIGNAL] SOL/USDT:USDT LONG 신호 수신 (strength=95)
2026-07-30 23:05:01,880 [INFO] [RISK OK] SOL/USDT:USDT 리스크 체크 통과
2026-07-30 23:05:02,264 [WARNING] [ENTRY BLOCK] SOL/USDT:USDT — 최대 포지션 수 도달: 2/2
2026-07-30 23:05:02,861 [INFO] [SIG] XRP/USDT:USDT LONG 신호 포착 (강도 95%)
2026-07-30 23:05:02,861 [INFO] [SIGNAL] XRP/USDT:USDT LONG 신호 수신 (strength=95)
2026-07-30 23:05:03,366 [INFO] [RISK OK] XRP/USDT:USDT 리스크 체크 통과
2026-07-30 23:05:03,646 [WARNING] [ENTRY BLOCK] XRP/USDT:USDT — 최대 포지션 수 도달: 2/2
2026-07-30 23:05:04,244 [INFO] [SIG] DOGE/USDT:USDT LONG 신호 포착 (강도 95%)
2026-07-30 23:05:04,244 [INFO] [SIGNAL] DOGE/USDT:USDT LONG 신호 수신 (strength=95)
2026-07-30 23:05:04,660 [INFO] [RISK OK] DOGE/USDT:USDT 리스크 체크 통과
2026-07-30 23:05:04,974 [WARNING] [ENTRY BLOCK] DOGE/USDT:USDT — 최대 포지션 수 도달: 2/2
2026-07-30 23:05:06,844 [INFO] [SIG] PEPE/USDT:USDT LONG 신호 포착 (강도 95%)
2026-07-30 23:05:06,844 [INFO] [SIGNAL] PEPE/USDT:USDT LONG 신호 수신 (strength=95)
2026-07-30 23:05:07,241 [INFO] [RISK OK] PEPE/USDT:USDT 리스크 체크 통과
2026-07-30 23:05:07,564 [WARNING] [ENTRY BLOCK] PEPE/USDT:USDT — 최대 포지션 수 도달: 2/2
2026-07-30 23:05:09,485 [INFO] [SIG] BNB/USDT:USDT LONG 신호 포착 (강도 95%)
2026-07-30 23:05:09,485 [INFO] [SIGNAL] BNB/USDT:USDT LONG 신호 수신 (strength=95)
2026-07-30 23:05:09,996 [INFO] [RISK OK] BNB/USDT:USDT 리스크 체크 통과
2026-07-30 23:05:10,378 [WARNING] [ENTRY BLOCK] BNB/USDT:USDT — 최대 포지션 수 도달: 2/2
2026-07-30 23:05:11,014 [INFO] [SIG] ONDO/USDT:USDT LONG 신호 포착 (강도 95%)
2026-07-30 23:05:11,014 [INFO] [SIGNAL] ONDO/USDT:USDT LONG 신호 수신 (strength=95)
2026-07-30 23:05:11,414 [INFO] [RISK OK] ONDO/USDT:USDT 리스크 체크 통과
2026-07-30 23:05:11,693 [WARNING] [ENTRY BLOCK] ONDO/USDT:USDT — 최대 포지션 수 도달: 2/2
2026-07-30 23:05:12,322 [INFO] [SIG] RE/USDT:USDT SHORT 신호 포착 (강도 95%)
2026-07-30 23:05:12,322 [INFO] [SIGNAL] RE/USDT:USDT SHORT 신호 수신 (strength=95)
2026-07-30 23:05:12,962 [INFO] [RISK OK] RE/USDT:USDT 리스크 체크 통과
2026-07-30 23:05:13,243 [WARNING] [ENTRY BLOCK] RE/USDT:USDT — 최대 포지션 수 도달: 2/2
2026-07-30 23:05:14,719 [INFO] [SIG] FIL/USDT:USDT LONG 신호 포착 (강도 95%)
2026-07-30 23:05:14,719 [INFO] [SIGNAL] FIL/USDT:USDT LONG 신호 수신 (strength=95)
2026-07-30 23:05:15,117 [INFO] [RISK OK] FIL/USDT:USDT 리스크 체크 통과
2026-07-30 23:05:15,396 [WARNING] [ENTRY BLOCK] FIL/USDT:USDT — 최대 포지션 수 도달: 2/2
2026-07-30 23:05:15,704 [INFO] [SCAN] 완료: 18개 종목 · 신호 10개 · API 호출 18회 · 캐시 히트 0회
2026-07-30 23:05:22,957 [INFO] [SCAN] 블랙리스트 4개 제외: ['IP/USDT:USDT', 'NES/USDT:USDT', 'WLD/USDT:USDT', 'XAG/USDT:USDT', 'XAU/USDT:USDT', 'XAUT/USDT:USDT']
2026-07-30 23:05:22,957 [INFO] [SCAN] 스캔 시작: 30개 페어 (캐시 18개 보유)
2026-07-30 23:05:23,139 [INFO] [SIG] BTC/USDT:USDT LONG 신호 포착 (강도 95%)
2026-07-30 23:05:23,139 [INFO] [SIGNAL] BTC/USDT:USDT LONG 신호 수신 (strength=95)
2026-07-30 23:05:23,535 [INFO] [RISK OK] BTC/USDT:USDT 리스크 체크 통과
2026-07-30 23:05:23,816 [WARNING] [ENTRY BLOCK] BTC/USDT:USDT — 최대 포지션 수 도달: 2/2
2026-07-30 23:05:24,447 [INFO] [SIG] ETH/USDT:USDT LONG 신호 포착 (강도 95%)
2026-07-30 23:05:24,447 [INFO] [SIGNAL] ETH/USDT:USDT LONG 신호 수신 (strength=95)
2026-07-30 23:05:24,851 [INFO] [RISK OK] ETH/USDT:USDT 리스크 체크 통과
2026-07-30 23:05:25,136 [WARNING] [ENTRY BLOCK] ETH/USDT:USDT — 최대 포지션 수 도달: 2/2
2026-07-30 23:05:25,737 [INFO] [SIG] SOL/USDT:USDT LONG 신호 포착 (강도 95%)
2026-07-30 23:05:25,737 [INFO] [SIGNAL] SOL/USDT:USDT LONG 신호 수신 (strength=95)
2026-07-30 23:05:26,187 [INFO] [RISK OK] SOL/USDT:USDT 리스크 체크 통과
2026-07-30 23:05:26,466 [WARNING] [ENTRY BLOCK] SOL/USDT:USDT — 최대 포지션 수 도달: 2/2
2026-07-30 23:05:27,100 [INFO] [SIG] XRP/USDT:USDT LONG 신호 포착 (강도 95%)
2026-07-30 23:05:27,100 [INFO] [SIGNAL] XRP/USDT:USDT LONG 신호 수신 (strength=95)
2026-07-30 23:05:27,549 [INFO] [RISK OK] XRP/USDT:USDT 리스크 체크 통과
2026-07-30 23:05:27,826 [WARNING] [ENTRY BLOCK] XRP/USDT:USDT — 최대 포지션 수 도달: 2/2
2026-07-30 23:05:28,419 [INFO] [SIG] DOGE/USDT:USDT LONG 신호 포착 (강도 95%)
2026-07-30 23:05:28,419 [INFO] [SIGNAL] DOGE/USDT:USDT LONG 신호 수신 (strength=95)
2026-07-30 23:05:28,861 [INFO] [RISK OK] DOGE/USDT:USDT 리스크 체크 통과
2026-07-30 23:05:29,142 [WARNING] [ENTRY BLOCK] DOGE/USDT:USDT — 최대 포지션 수 도달: 2/2
2026-07-30 23:05:30,990 [INFO] [SIG] PEPE/USDT:USDT LONG 신호 포착 (강도 95%)
2026-07-30 23:05:30,990 [INFO] [SIGNAL] PEPE/USDT:USDT LONG 신호 수신 (strength=95)
2026-07-30 23:05:31,494 [INFO] [RISK OK] PEPE/USDT:USDT 리스크 체크 통과
2026-07-30 23:05:31,780 [WARNING] [ENTRY BLOCK] PEPE/USDT:USDT — 최대 포지션 수 도달: 2/2
2026-07-30 23:05:33,682 [INFO] [SIG] BNB/USDT:USDT LONG 신호 포착 (강도 95%)
2026-07-30 23:05:33,682 [INFO] [SIGNAL] BNB/USDT:USDT LONG 신호 수신 (strength=95)
2026-07-30 23:05:34,084 [INFO] [RISK OK] BNB/USDT:USDT 리스크 체크 통과
2026-07-30 23:05:34,374 [WARNING] [ENTRY BLOCK] BNB/USDT:USDT — 최대 포지션 수 도달: 2/2
2026-07-30 23:05:34,963 [INFO] [SIG] ONDO/USDT:USDT LONG 신호 포착 (강도 95%)
2026-07-30 23:05:34,963 [INFO] [SIGNAL] ONDO/USDT:USDT LONG 신호 수신 (strength=95)
2026-07-30 23:05:35,611 [INFO] [RISK OK] ONDO/USDT:USDT 리스크 체크 통과
2026-07-30 23:05:35,901 [WARNING] [ENTRY BLOCK] ONDO/USDT:USDT — 최대 포지션 수 도달: 2/2
2026-07-30 23:05:38,121 [INFO] [SCAN] 완료: 18개 종목 · 신호 8개 · API 호출 18회 · 캐시 히트 0회
2026-07-30 23:05:43,452 [INFO] [SCAN] 블랙리스트 4개 제외: ['IP/USDT:USDT', 'NES/USDT:USDT', 'WLD/USDT:USDT', 'XAG/USDT:USDT', 'XAU/USDT:USDT', 'XAUT/USDT:USDT']
2026-07-30 23:05:43,453 [INFO] [SCAN] 스캔 시작: 30개 페어 (캐시 18개 보유)
2026-07-30 23:05:43,632 [INFO] [SIG] BTC/USDT:USDT LONG 신호 포착 (강도 95%)
2026-07-30 23:05:43,633 [INFO] [SIGNAL] BTC/USDT:USDT LONG 신호 수신 (strength=95)
2026-07-30 23:05:44,254 [INFO] [RISK OK] BTC/USDT:USDT 리스크 체크 통과
2026-07-30 23:05:44,579 [WARNING] [ENTRY BLOCK] BTC/USDT:USDT — 최대 포지션 수 도달: 2/2
2026-07-30 23:05:45,169 [INFO] [SIG] ETH/USDT:USDT LONG 신호 포착 (강도 95%)
2026-07-30 23:05:45,170 [INFO] [SIGNAL] ETH/USDT:USDT LONG 신호 수신 (strength=95)
2026-07-30 23:05:45,626 [INFO] [RISK OK] ETH/USDT:USDT 리스크 체크 통과
2026-07-30 23:05:45,907 [WARNING] [ENTRY BLOCK] ETH/USDT:USDT — 최대 포지션 수 도달: 2/2
2026-07-30 23:05:46,501 [INFO] [SIG] SOL/USDT:USDT LONG 신호 포착 (강도 95%)
2026-07-30 23:05:46,502 [INFO] [SIGNAL] SOL/USDT:USDT LONG 신호 수신 (strength=95)
2026-07-30 23:05:46,904 [INFO] [RISK OK] SOL/USDT:USDT 리스크 체크 통과
2026-07-30 23:05:47,335 [WARNING] [ENTRY BLOCK] SOL/USDT:USDT — 최대 포지션 수 도달: 2/2
2026-07-30 23:05:47,923 [INFO] [SIG] XRP/USDT:USDT LONG 신호 포착 (강도 95%)
2026-07-30 23:05:47,923 [INFO] [SIGNAL] XRP/USDT:USDT LONG 신호 수신 (strength=95)
2026-07-30 23:05:48,366 [INFO] [RISK OK] XRP/USDT:USDT 리스크 체크 통과
2026-07-30 23:05:48,801 [WARNING] [ENTRY BLOCK] XRP/USDT:USDT — 최대 포지션 수 도달: 2/2
2026-07-30 23:05:49,410 [INFO] [SIG] DOGE/USDT:USDT LONG 신호 포착 (강도 95%)
2026-07-30 23:05:49,410 [INFO] [SIGNAL] DOGE/USDT:USDT LONG 신호 수신 (strength=95)
2026-07-30 23:05:49,813 [INFO] [RISK OK] DOGE/USDT:USDT 리스크 체크 통과
2026-07-30 23:05:50,098 [WARNING] [ENTRY BLOCK] DOGE/USDT:USDT — 최대 포지션 수 도달: 2/2
2026-07-30 23:05:52,062 [INFO] [SIG] PEPE/USDT:USDT LONG 신호 포착 (강도 95%)
2026-07-30 23:05:52,062 [INFO] [SIGNAL] PEPE/USDT:USDT LONG 신호 수신 (strength=95)
2026-07-30 23:05:52,509 [INFO] [RISK OK] PEPE/USDT:USDT 리스크 체크 통과
2026-07-30 23:05:52,789 [WARNING] [ENTRY BLOCK] PEPE/USDT:USDT — 최대 포지션 수 도달: 2/2
2026-07-30 23:05:54,114 [INFO] [상태] 잔고:$111.03 | 포지션:2개 | 스캔:5회 | 스캐너:ON
2026-07-30 23:05:55,068 [INFO] [SIG] BNB/USDT:USDT LONG 신호 포착 (강도 95%)
2026-07-30 23:05:55,068 [INFO] [SIGNAL] BNB/USDT:USDT LONG 신호 수신 (strength=95)
2026-07-30 23:05:55,535 [INFO] [RISK OK] BNB/USDT:USDT 리스크 체크 통과
2026-07-30 23:05:55,822 [WARNING] [ENTRY BLOCK] BNB/USDT:USDT — 최대 포지션 수 도달: 2/2
2026-07-30 23:05:56,423 [INFO] [SIG] ONDO/USDT:USDT LONG 신호 포착 (강도 95%)
2026-07-30 23:05:56,423 [INFO] [SIGNAL] ONDO/USDT:USDT LONG 신호 수신 (strength=95)
2026-07-30 23:05:56,836 [INFO] [RISK OK] ONDO/USDT:USDT 리스크 체크 통과
2026-07-30 23:05:57,233 [WARNING] [ENTRY BLOCK] ONDO/USDT:USDT — 최대 포지션 수 도달: 2/2
2026-07-30 23:05:57,830 [INFO] [SIG] RE/USDT:USDT SHORT 신호 포착 (강도 95%)
2026-07-30 23:05:57,830 [INFO] [SIGNAL] RE/USDT:USDT SHORT 신호 수신 (strength=95)
2026-07-30 23:05:58,387 [INFO] [RISK OK] RE/USDT:USDT 리스크 체크 통과
2026-07-30 23:05:58,720 [WARNING] [ENTRY BLOCK] RE/USDT:USDT — 최대 포지션 수 도달: 2/2
2026-07-30 23:06:00,188 [INFO] [SIG] FIL/USDT:USDT LONG 신호 포착 (강도 95%)
2026-07-30 23:06:00,188 [INFO] [SIGNAL] FIL/USDT:USDT LONG 신호 수신 (strength=95)
2026-07-30 23:06:00,599 [INFO] [RISK OK] FIL/USDT:USDT 리스크 체크 통과
2026-07-30 23:06:00,939 [WARNING] [ENTRY BLOCK] FIL/USDT:USDT — 최대 포지션 수 도달: 2/2
2026-07-30 23:06:01,240 [INFO] [SCAN] 완료: 18개 종목 · 신호 10개 · API 호출 18회 · 캐시 히트 0회
2026-07-30 23:06:06,611 [INFO] [SCAN] 블랙리스트 4개 제외: ['IP/USDT:USDT', 'NES/USDT:USDT', 'WLD/USDT:USDT', 'XAG/USDT:USDT', 'XAU/USDT:USDT', 'XAUT/USDT:USDT']
2026-07-30 23:06:06,611 [INFO] [SCAN] 스캔 시작: 30개 페어 (캐시 18개 보유)
2026-07-30 23:06:06,828 [INFO] [SIG] BTC/USDT:USDT LONG 신호 포착 (강도 95%)
2026-07-30 23:06:06,828 [INFO] [SIGNAL] BTC/USDT:USDT LONG 신호 수신 (strength=95)
2026-07-30 23:06:07,227 [INFO] [RISK OK] BTC/USDT:USDT 리스크 체크 통과
2026-07-30 23:06:07,508 [WARNING] [ENTRY BLOCK] BTC/USDT:USDT — 최대 포지션 수 도달: 2/2
2026-07-30 23:06:08,151 [INFO] [SIG] ETH/USDT:USDT LONG 신호 포착 (강도 95%)
2026-07-30 23:06:08,151 [INFO] [SIGNAL] ETH/USDT:USDT LONG 신호 수신 (strength=95)
2026-07-30 23:06:08,690 [INFO] [RISK OK] ETH/USDT:USDT 리스크 체크 통과
2026-07-30 23:06:08,969 [WARNING] [ENTRY BLOCK] ETH/USDT:USDT — 최대 포지션 수 도달: 2/2
2026-07-30 23:06:09,603 [INFO] [SIG] SOL/USDT:USDT LONG 신호 포착 (강도 95%)
2026-07-30 23:06:09,604 [INFO] [SIGNAL] SOL/USDT:USDT LONG 신호 수신 (strength=95)
2026-07-30 23:06:10,010 [INFO] [RISK OK] SOL/USDT:USDT 리스크 체크 통과
2026-07-30 23:06:10,404 [WARNING] [ENTRY BLOCK] SOL/USDT:USDT — 최대 포지션 수 도달: 2/2
2026-07-30 23:06:11,035 [INFO] [SIG] XRP/USDT:USDT LONG 신호 포착 (강도 95%)
2026-07-30 23:06:11,035 [INFO] [SIGNAL] XRP/USDT:USDT LONG 신호 수신 (strength=95)
2026-07-30 23:06:11,540 [INFO] [RISK OK] XRP/USDT:USDT 리스크 체크 통과
2026-07-30 23:06:11,821 [WARNING] [ENTRY BLOCK] XRP/USDT:USDT — 최대 포지션 수 도달: 2/2
2026-07-30 23:06:12,452 [INFO] [SIG] DOGE/USDT:USDT LONG 신호 포착 (강도 95%)
2026-07-30 23:06:12,453 [INFO] [SIGNAL] DOGE/USDT:USDT LONG 신호 수신 (strength=95)
2026-07-30 23:06:12,895 [INFO] [RISK OK] DOGE/USDT:USDT 리스크 체크 통과
2026-07-30 23:06:13,283 [WARNING] [ENTRY BLOCK] DOGE/USDT:USDT — 최대 포지션 수 도달: 2/2
2026-07-30 23:06:15,176 [INFO] [SIG] PEPE/USDT:USDT LONG 신호 포착 (강도 95%)
2026-07-30 23:06:15,177 [INFO] [SIGNAL] PEPE/USDT:USDT LONG 신호 수신 (strength=95)
2026-07-30 23:06:15,592 [INFO] [RISK OK] PEPE/USDT:USDT 리스크 체크 통과
2026-07-30 23:06:16,018 [WARNING] [ENTRY BLOCK] PEPE/USDT:USDT — 최대 포지션 수 도달: 2/2
2026-07-30 23:06:17,912 [INFO] [SIG] BNB/USDT:USDT LONG 신호 포착 (강도 95%)
2026-07-30 23:06:17,912 [INFO] [SIGNAL] BNB/USDT:USDT LONG 신호 수신 (strength=95)
2026-07-30 23:06:18,356 [INFO] [RISK OK] BNB/USDT:USDT 리스크 체크 통과
2026-07-30 23:06:18,639 [WARNING] [ENTRY BLOCK] BNB/USDT:USDT — 최대 포지션 수 도달: 2/2
2026-07-30 23:06:19,259 [INFO] [SIG] ONDO/USDT:USDT LONG 신호 포착 (강도 95%)
2026-07-30 23:06:19,259 [INFO] [SIGNAL] ONDO/USDT:USDT LONG 신호 수신 (strength=95)
2026-07-30 23:06:19,671 [INFO] [RISK OK] ONDO/USDT:USDT 리스크 체크 통과
2026-07-30 23:06:19,950 [WARNING] [ENTRY BLOCK] ONDO/USDT:USDT — 최대 포지션 수 도달: 2/2
2026-07-30 23:06:20,579 [INFO] [SIG] RE/USDT:USDT SHORT 신호 포착 (강도 95%)
2026-07-30 23:06:20,579 [INFO] [SIGNAL] RE/USDT:USDT SHORT 신호 수신 (strength=95)
2026-07-30 23:06:20,981 [INFO] [RISK OK] RE/USDT:USDT 리스크 체크 통과
2026-07-30 23:06:21,261 [WARNING] [ENTRY BLOCK] RE/USDT:USDT — 최대 포지션 수 도달: 2/2
2026-07-30 23:06:22,785 [INFO] [SIG] FIL/USDT:USDT LONG 신호 포착 (강도 95%)
2026-07-30 23:06:22,785 [INFO] [SIGNAL] FIL/USDT:USDT LONG 신호 수신 (strength=95)
2026-07-30 23:06:23,182 [INFO] [RISK OK] FIL/USDT:USDT 리스크 체크 통과
2026-07-30 23:06:23,462 [WARNING] [ENTRY BLOCK] FIL/USDT:USDT — 최대 포지션 수 도달: 2/2
2026-07-30 23:06:23,764 [INFO] [SCAN] 완료: 18개 종목 · 신호 10개 · API 호출 18회 · 캐시 히트 0회
2026-07-30 23:06:30,930 [INFO] [SCAN] 블랙리스트 4개 제외: ['IP/USDT:USDT', 'NES/USDT:USDT', 'WLD/USDT:USDT', 'XAG/USDT:USDT', 'XAU/USDT:USDT', 'XAUT/USDT:USDT']
2026-07-30 23:06:30,930 [INFO] [SCAN] 스캔 시작: 30개 페어 (캐시 18개 보유)
2026-07-30 23:06:31,147 [INFO] [SIG] BTC/USDT:USDT LONG 신호 포착 (강도 95%)
2026-07-30 23:06:31,148 [INFO] [SIGNAL] BTC/USDT:USDT LONG 신호 수신 (strength=95)
2026-07-30 23:06:31,695 [INFO] [RISK OK] BTC/USDT:USDT 리스크 체크 통과
2026-07-30 23:06:31,979 [WARNING] [ENTRY BLOCK] BTC/USDT:USDT — 최대 포지션 수 도달: 2/2
2026-07-30 23:06:32,622 [INFO] [SIG] ETH/USDT:USDT LONG 신호 포착 (강도 95%)
2026-07-30 23:06:32,622 [INFO] [SIGNAL] ETH/USDT:USDT LONG 신호 수신 (strength=95)
2026-07-30 23:06:33,180 [INFO] [RISK OK] ETH/USDT:USDT 리스크 체크 통과
2026-07-30 23:06:33,459 [WARNING] [ENTRY BLOCK] ETH/USDT:USDT — 최대 포지션 수 도달: 2/2
2026-07-30 23:06:34,046 [INFO] [SIG] SOL/USDT:USDT LONG 신호 포착 (강도 95%)
2026-07-30 23:06:34,046 [INFO] [SIGNAL] SOL/USDT:USDT LONG 신호 수신 (strength=95)
2026-07-30 23:06:34,594 [INFO] [RISK OK] SOL/USDT:USDT 리스크 체크 통과
2026-07-30 23:06:34,873 [WARNING] [ENTRY BLOCK] SOL/USDT:USDT — 최대 포지션 수 도달: 2/2
2026-07-30 23:06:35,507 [INFO] [SIG] XRP/USDT:USDT LONG 신호 포착 (강도 95%)
2026-07-30 23:06:35,508 [INFO] [SIGNAL] XRP/USDT:USDT LONG 신호 수신 (strength=95)
2026-07-30 23:06:35,916 [INFO] [RISK OK] XRP/USDT:USDT 리스크 체크 통과
2026-07-30 23:06:36,209 [WARNING] [ENTRY BLOCK] XRP/USDT:USDT — 최대 포지션 수 도달: 2/2
2026-07-30 23:06:36,810 [INFO] [SIG] DOGE/USDT:USDT LONG 신호 포착 (강도 95%)
2026-07-30 23:06:36,810 [INFO] [SIGNAL] DOGE/USDT:USDT LONG 신호 수신 (strength=95)
2026-07-30 23:06:37,217 [INFO] [RISK OK] DOGE/USDT:USDT 리스크 체크 통과
2026-07-30 23:06:37,495 [WARNING] [ENTRY BLOCK] DOGE/USDT:USDT — 최대 포지션 수 도달: 2/2
2026-07-30 23:06:39,474 [INFO] [SIG] PEPE/USDT:USDT LONG 신호 포착 (강도 95%)
2026-07-30 23:06:39,475 [INFO] [SIGNAL] PEPE/USDT:USDT LONG 신호 수신 (strength=95)
2026-07-30 23:06:39,886 [INFO] [RISK OK] PEPE/USDT:USDT 리스크 체크 통과
2026-07-30 23:06:40,169 [WARNING] [ENTRY BLOCK] PEPE/USDT:USDT — 최대 포지션 수 도달: 2/2
2026-07-30 23:06:42,141 [INFO] [SIG] BNB/USDT:USDT LONG 신호 포착 (강도 95%)
2026-07-30 23:06:42,142 [INFO] [SIGNAL] BNB/USDT:USDT LONG 신호 수신 (strength=95)
2026-07-30 23:06:42,577 [INFO] [RISK OK] BNB/USDT:USDT 리스크 체크 통과
2026-07-30 23:06:42,864 [WARNING] [ENTRY BLOCK] BNB/USDT:USDT — 최대 포지션 수 도달: 2/2
2026-07-30 23:06:43,457 [INFO] [SIG] ONDO/USDT:USDT LONG 신호 포착 (강도 95%)
2026-07-30 23:06:43,458 [INFO] [SIGNAL] ONDO/USDT:USDT LONG 신호 수신 (strength=95)
2026-07-30 23:06:43,863 [INFO] [RISK OK] ONDO/USDT:USDT 리스크 체크 통과
2026-07-30 23:06:44,147 [WARNING] [ENTRY BLOCK] ONDO/USDT:USDT — 최대 포지션 수 도달: 2/2
2026-07-30 23:06:44,789 [INFO] [SIG] RE/USDT:USDT SHORT 신호 포착 (강도 95%)
2026-07-30 23:06:44,790 [INFO] [SIGNAL] RE/USDT:USDT SHORT 신호 수신 (strength=95)
2026-07-30 23:06:45,192 [INFO] [RISK OK] RE/USDT:USDT 리스크 체크 통과
2026-07-30 23:06:45,478 [WARNING] [ENTRY BLOCK] RE/USDT:USDT — 최대 포지션 수 도달: 2/2
2026-07-30 23:06:46,922 [INFO] [SIG] FIL/USDT:USDT LONG 신호 포착 (강도 95%)
2026-07-30 23:06:46,922 [INFO] [SIGNAL] FIL/USDT:USDT LONG 신호 수신 (strength=95)
2026-07-30 23:06:47,533 [INFO] [RISK OK] FIL/USDT:USDT 리스크 체크 통과
2026-07-30 23:06:47,922 [WARNING] [ENTRY BLOCK] FIL/USDT:USDT — 최대 포지션 수 도달: 2/2
2026-07-30 23:06:48,224 [INFO] [SCAN] 완료: 18개 종목 · 신호 10개 · API 호출 18회 · 캐시 히트 0회
2026-07-30 23:06:53,594 [INFO] [SCAN] 블랙리스트 4개 제외: ['IP/USDT:USDT', 'NES/USDT:USDT', 'WLD/USDT:USDT', 'XAG/USDT:USDT', 'XAU/USDT:USDT', 'XAUT/USDT:USDT']
2026-07-30 23:06:53,594 [INFO] [SCAN] 스캔 시작: 30개 페어 (캐시 18개 보유)
2026-07-30 23:06:53,769 [INFO] [SIG] BTC/USDT:USDT LONG 신호 포착 (강도 95%)
2026-07-30 23:06:53,770 [INFO] [SIGNAL] BTC/USDT:USDT LONG 신호 수신 (strength=95)
2026-07-30 23:06:54,223 [INFO] [RISK OK] BTC/USDT:USDT 리스크 체크 통과
2026-07-30 23:06:54,767 [WARNING] [ENTRY BLOCK] BTC/USDT:USDT — 최대 포지션 수 도달: 2/2
2026-07-30 23:06:54,885 [INFO] [상태] 잔고:$111.28 | 포지션:2개 | 스캔:8회 | 스캐너:ON
2026-07-30 23:06:55,360 [INFO] [SIG] ETH/USDT:USDT LONG 신호 포착 (강도 95%)
2026-07-30 23:06:55,361 [INFO] [SIGNAL] ETH/USDT:USDT LONG 신호 수신 (strength=95)
2026-07-30 23:06:55,912 [INFO] [RISK OK] ETH/USDT:USDT 리스크 체크 통과
2026-07-30 23:06:56,197 [WARNING] [ENTRY BLOCK] ETH/USDT:USDT — 최대 포지션 수 도달: 2/2
2026-07-30 23:06:56,804 [INFO] [SIG] SOL/USDT:USDT LONG 신호 포착 (강도 95%)
2026-07-30 23:06:56,804 [INFO] [SIGNAL] SOL/USDT:USDT LONG 신호 수신 (strength=95)
2026-07-30 23:06:57,212 [INFO] [RISK OK] SOL/USDT:USDT 리스크 체크 통과
2026-07-30 23:06:57,540 [WARNING] [ENTRY BLOCK] SOL/USDT:USDT — 최대 포지션 수 도달: 2/2
2026-07-30 23:06:58,129 [INFO] [SIG] XRP/USDT:USDT LONG 신호 포착 (강도 95%)
2026-07-30 23:06:58,129 [INFO] [SIGNAL] XRP/USDT:USDT LONG 신호 수신 (strength=95)
2026-07-30 23:06:58,534 [INFO] [RISK OK] XRP/USDT:USDT 리스크 체크 통과
2026-07-30 23:06:58,849 [WARNING] [ENTRY BLOCK] XRP/USDT:USDT — 최대 포지션 수 도달: 2/2
2026-07-30 23:06:59,451 [INFO] [SIG] DOGE/USDT:USDT LONG 신호 포착 (강도 95%)
2026-07-30 23:06:59,451 [INFO] [SIGNAL] DOGE/USDT:USDT LONG 신호 수신 (strength=95)
2026-07-30 23:06:59,978 [INFO] [RISK OK] DOGE/USDT:USDT 리스크 체크 통과
2026-07-30 23:07:00,372 [WARNING] [ENTRY BLOCK] DOGE/USDT:USDT — 최대 포지션 수 도달: 2/2
2026-07-30 23:07:02,315 [INFO] [SIG] PEPE/USDT:USDT LONG 신호 포착 (강도 95%)
2026-07-30 23:07:02,315 [INFO] [SIGNAL] PEPE/USDT:USDT LONG 신호 수신 (strength=95)
2026-07-30 23:07:02,841 [INFO] [RISK OK] PEPE/USDT:USDT 리스크 체크 통과
2026-07-30 23:07:03,120 [WARNING] [ENTRY BLOCK] PEPE/USDT:USDT — 최대 포지션 수 도달: 2/2
2026-07-30 23:07:05,046 [INFO] [SIG] BNB/USDT:USDT LONG 신호 포착 (강도 95%)
2026-07-30 23:07:05,047 [INFO] [SIGNAL] BNB/USDT:USDT LONG 신호 수신 (strength=95)
2026-07-30 23:07:05,707 [INFO] [RISK OK] BNB/USDT:USDT 리스크 체크 통과
2026-07-30 23:07:05,990 [WARNING] [ENTRY BLOCK] BNB/USDT:USDT — 최대 포지션 수 도달: 2/2
2026-07-30 23:07:06,591 [INFO] [SIG] ONDO/USDT:USDT LONG 신호 포착 (강도 95%)
2026-07-30 23:07:06,592 [INFO] [SIGNAL] ONDO/USDT:USDT LONG 신호 수신 (strength=95)
2026-07-30 23:07:07,102 [INFO] [RISK OK] ONDO/USDT:USDT 리스크 체크 통과
2026-07-30 23:07:07,393 [WARNING] [ENTRY BLOCK] ONDO/USDT:USDT — 최대 포지션 수 도달: 2/2
2026-07-30 23:07:08,004 [INFO] [SIG] RE/USDT:USDT SHORT 신호 포착 (강도 95%)
2026-07-30 23:07:08,005 [INFO] [SIGNAL] RE/USDT:USDT SHORT 신호 수신 (strength=95)
2026-07-30 23:07:08,404 [INFO] [RISK OK] RE/USDT:USDT 리스크 체크 통과
2026-07-30 23:07:08,689 [WARNING] [ENTRY BLOCK] RE/USDT:USDT — 최대 포지션 수 도달: 2/2
2026-07-30 23:07:10,135 [INFO] [SIG] FIL/USDT:USDT LONG 신호 포착 (강도 95%)
2026-07-30 23:07:10,135 [INFO] [SIGNAL] FIL/USDT:USDT LONG 신호 수신 (strength=95)
2026-07-30 23:07:10,537 [INFO] [RISK OK] FIL/USDT:USDT 리스크 체크 통과
2026-07-30 23:07:10,824 [WARNING] [ENTRY BLOCK] FIL/USDT:USDT — 최대 포지션 수 도달: 2/2
2026-07-30 23:07:11,125 [INFO] [SCAN] 완료: 18개 종목 · 신호 10개 · API 호출 18회 · 캐시 히트 0회
2026-07-30 23:07:16,489 [INFO] [SCAN] 블랙리스트 4개 제외: ['IP/USDT:USDT', 'NES/USDT:USDT', 'WLD/USDT:USDT', 'XAG/USDT:USDT', 'XAU/USDT:USDT', 'XAUT/USDT:USDT']
2026-07-30 23:07:16,489 [INFO] [SCAN] 스캔 시작: 30개 페어 (캐시 18개 보유)
2026-07-30 23:07:16,669 [INFO] [SIG] BTC/USDT:USDT LONG 신호 포착 (강도 95%)
2026-07-30 23:07:16,669 [INFO] [SIGNAL] BTC/USDT:USDT LONG 신호 수신 (strength=95)
2026-07-30 23:07:17,069 [INFO] [RISK OK] BTC/USDT:USDT 리스크 체크 통과
2026-07-30 23:07:17,351 [WARNING] [ENTRY BLOCK] BTC/USDT:USDT — 최대 포지션 수 도달: 2/2
2026-07-30 23:07:17,950 [INFO] [SIG] ETH/USDT:USDT LONG 신호 포착 (강도 95%)
2026-07-30 23:07:17,950 [INFO] [SIGNAL] ETH/USDT:USDT LONG 신호 수신 (strength=95)
2026-07-30 23:07:18,397 [INFO] [RISK OK] ETH/USDT:USDT 리스크 체크 통과
2026-07-30 23:07:18,675 [WARNING] [ENTRY BLOCK] ETH/USDT:USDT — 최대 포지션 수 도달: 2/2
2026-07-30 23:07:19,268 [INFO] [SIG] SOL/USDT:USDT LONG 신호 포착 (강도 95%)
2026-07-30 23:07:19,269 [INFO] [SIGNAL] SOL/USDT:USDT LONG 신호 수신 (strength=95)
2026-07-30 23:07:19,676 [INFO] [RISK OK] SOL/USDT:USDT 리스크 체크 통과
2026-07-30 23:07:19,964 [WARNING] [ENTRY BLOCK] SOL/USDT:USDT — 최대 포지션 수 도달: 2/2
2026-07-30 23:07:20,554 [INFO] [SIG] XRP/USDT:USDT LONG 신호 포착 (강도 95%)
2026-07-30 23:07:20,554 [INFO] [SIGNAL] XRP/USDT:USDT LONG 신호 수신 (strength=95)
2026-07-30 23:07:21,065 [INFO] [RISK OK] XRP/USDT:USDT 리스크 체크 통과
2026-07-30 23:07:21,349 [WARNING] [ENTRY BLOCK] XRP/USDT:USDT — 최대 포지션 수 도달: 2/2
2026-07-30 23:07:21,942 [INFO] [SIG] DOGE/USDT:USDT LONG 신호 포착 (강도 95%)
2026-07-30 23:07:21,942 [INFO] [SIGNAL] DOGE/USDT:USDT LONG 신호 수신 (strength=95)
2026-07-30 23:07:22,395 [INFO] [RISK OK] DOGE/USDT:USDT 리스크 체크 통과
2026-07-30 23:07:22,782 [WARNING] [ENTRY BLOCK] DOGE/USDT:USDT — 최대 포지션 수 도달: 2/2
2026-07-30 23:07:24,659 [INFO] [SIG] PEPE/USDT:USDT LONG 신호 포착 (강도 95%)
2026-07-30 23:07:24,660 [INFO] [SIGNAL] PEPE/USDT:USDT LONG 신호 수신 (strength=95)
2026-07-30 23:07:25,074 [INFO] [RISK OK] PEPE/USDT:USDT 리스크 체크 통과
2026-07-30 23:07:25,400 [WARNING] [ENTRY BLOCK] PEPE/USDT:USDT — 최대 포지션 수 도달: 2/2
2026-07-30 23:07:27,374 [INFO] [SIG] BNB/USDT:USDT LONG 신호 포착 (강도 95%)
2026-07-30 23:07:27,374 [INFO] [SIGNAL] BNB/USDT:USDT LONG 신호 수신 (strength=95)
2026-07-30 23:07:27,781 [INFO] [RISK OK] BNB/USDT:USDT 리스크 체크 통과
2026-07-30 23:07:28,163 [WARNING] [ENTRY BLOCK] BNB/USDT:USDT — 최대 포지션 수 도달: 2/2
2026-07-30 23:07:28,756 [INFO] [SIG] ONDO/USDT:USDT LONG 신호 포착 (강도 95%)
2026-07-30 23:07:28,757 [INFO] [SIGNAL] ONDO/USDT:USDT LONG 신호 수신 (strength=95)
2026-07-30 23:07:29,204 [INFO] [RISK OK] ONDO/USDT:USDT 리스크 체크 통과
2026-07-30 23:07:29,484 [WARNING] [ENTRY BLOCK] ONDO/USDT:USDT — 최대 포지션 수 도달: 2/2
2026-07-30 23:07:30,080 [INFO] [SIG] RE/USDT:USDT SHORT 신호 포착 (강도 95%)
2026-07-30 23:07:30,081 [INFO] [SIGNAL] RE/USDT:USDT SHORT 신호 수신 (strength=95)
2026-07-30 23:07:30,491 [INFO] [RISK OK] RE/USDT:USDT 리스크 체크 통과
2026-07-30 23:07:30,774 [WARNING] [ENTRY BLOCK] RE/USDT:USDT — 최대 포지션 수 도달: 2/2
2026-07-30 23:07:32,577 [INFO] [SCAN] 완료: 18개 종목 · 신호 9개 · API 호출 18회 · 캐시 히트 0회
2026-07-30 23:07:39,584 [INFO] [SCAN] 블랙리스트 4개 제외: ['IP/USDT:USDT', 'NES/USDT:USDT', 'WLD/USDT:USDT', 'XAG/USDT:USDT', 'XAU/USDT:USDT', 'XAUT/USDT:USDT']
2026-07-30 23:07:39,584 [INFO] [SCAN] 스캔 시작: 30개 페어 (캐시 18개 보유)
2026-07-30 23:07:39,758 [INFO] [SIG] BTC/USDT:USDT LONG 신호 포착 (강도 95%)
2026-07-30 23:07:39,758 [INFO] [SIGNAL] BTC/USDT:USDT LONG 신호 수신 (strength=95)
2026-07-30 23:07:40,305 [INFO] [RISK OK] BTC/USDT:USDT 리스크 체크 통과
2026-07-30 23:07:40,594 [WARNING] [ENTRY BLOCK] BTC/USDT:USDT — 최대 포지션 수 도달: 2/2
2026-07-30 23:07:41,190 [INFO] [SIG] ETH/USDT:USDT LONG 신호 포착 (강도 95%)
2026-07-30 23:07:41,191 [INFO] [SIGNAL] ETH/USDT:USDT LONG 신호 수신 (strength=95)
2026-07-30 23:07:41,799 [INFO] [RISK OK] ETH/USDT:USDT 리스크 체크 통과
2026-07-30 23:07:42,089 [WARNING] [ENTRY BLOCK] ETH/USDT:USDT — 최대 포지션 수 도달: 2/2
2026-07-30 23:07:42,681 [INFO] [SIG] SOL/USDT:USDT LONG 신호 포착 (강도 95%)
2026-07-30 23:07:42,681 [INFO] [SIGNAL] SOL/USDT:USDT LONG 신호 수신 (strength=95)
2026-07-30 23:07:43,086 [INFO] [RISK OK] SOL/USDT:USDT 리스크 체크 통과
2026-07-30 23:07:43,374 [WARNING] [ENTRY BLOCK] SOL/USDT:USDT — 최대 포지션 수 도달: 2/2
2026-07-30 23:07:43,973 [INFO] [SIG] XRP/USDT:USDT LONG 신호 포착 (강도 95%)
2026-07-30 23:07:43,973 [INFO] [SIGNAL] XRP/USDT:USDT LONG 신호 수신 (strength=95)
2026-07-30 23:07:44,417 [INFO] [RISK OK] XRP/USDT:USDT 리스크 체크 통과
2026-07-30 23:07:44,752 [WARNING] [ENTRY BLOCK] XRP/USDT:USDT — 최대 포지션 수 도달: 2/2
2026-07-30 23:07:45,335 [INFO] [SIG] DOGE/USDT:USDT LONG 신호 포착 (강도 95%)
2026-07-30 23:07:45,335 [INFO] [SIGNAL] DOGE/USDT:USDT LONG 신호 수신 (strength=95)
2026-07-30 23:07:45,836 [INFO] [RISK OK] DOGE/USDT:USDT 리스크 체크 통과
2026-07-30 23:07:46,165 [WARNING] [ENTRY BLOCK] DOGE/USDT:USDT — 최대 포지션 수 도달: 2/2
2026-07-30 23:07:48,072 [INFO] [SIG] PEPE/USDT:USDT LONG 신호 포착 (강도 95%)
2026-07-30 23:07:48,072 [INFO] [SIGNAL] PEPE/USDT:USDT LONG 신호 수신 (strength=95)
2026-07-30 23:07:48,516 [INFO] [RISK OK] PEPE/USDT:USDT 리스크 체크 통과
2026-07-30 23:07:48,800 [WARNING] [ENTRY BLOCK] PEPE/USDT:USDT — 최대 포지션 수 도달: 2/2
2026-07-30 23:07:49,831 [INFO] [SIG] SUI/USDT:USDT LONG 신호 포착 (강도 95%)
2026-07-30 23:07:49,831 [INFO] [SIGNAL] SUI/USDT:USDT LONG 신호 수신 (strength=95)
2026-07-30 23:07:50,345 [INFO] [RISK OK] SUI/USDT:USDT 리스크 체크 통과
2026-07-30 23:07:50,631 [WARNING] [ENTRY BLOCK] SUI/USDT:USDT — 최대 포지션 수 도달: 2/2
2026-07-30 23:07:51,651 [INFO] [SIG] BNB/USDT:USDT LONG 신호 포착 (강도 95%)
2026-07-30 23:07:51,651 [INFO] [SIGNAL] BNB/USDT:USDT LONG 신호 수신 (strength=95)
2026-07-30 23:07:52,056 [INFO] [RISK OK] BNB/USDT:USDT 리스크 체크 통과
2026-07-30 23:07:52,342 [WARNING] [ENTRY BLOCK] BNB/USDT:USDT — 최대 포지션 수 도달: 2/2
2026-07-30 23:07:52,937 [INFO] [SIG] ONDO/USDT:USDT LONG 신호 포착 (강도 95%)
2026-07-30 23:07:52,937 [INFO] [SIGNAL] ONDO/USDT:USDT LONG 신호 수신 (strength=95)
2026-07-30 23:07:53,445 [INFO] [RISK OK] ONDO/USDT:USDT 리스크 체크 통과
2026-07-30 23:07:53,730 [WARNING] [ENTRY BLOCK] ONDO/USDT:USDT — 최대 포지션 수 도달: 2/2
2026-07-30 23:07:54,801 [INFO] [SIG] RE/USDT:USDT SHORT 신호 포착 (강도 95%)
2026-07-30 23:07:54,801 [INFO] [SIGNAL] RE/USDT:USDT SHORT 신호 수신 (strength=95)
2026-07-30 23:07:55,468 [INFO] [RISK OK] RE/USDT:USDT 리스크 체크 통과
2026-07-30 23:07:55,649 [INFO] [상태] 잔고:$111.27 | 포지션:2개 | 스캔:10회 | 스캐너:ON
2026-07-30 23:07:55,878 [WARNING] [ENTRY BLOCK] RE/USDT:USDT — 최대 포지션 수 도달: 2/2
2026-07-30 23:07:56,891 [INFO] [SIG] FIL/USDT:USDT LONG 신호 포착 (강도 95%)
2026-07-30 23:07:56,891 [INFO] [SIGNAL] FIL/USDT:USDT LONG 신호 수신 (strength=95)
2026-07-30 23:07:57,336 [INFO] [RISK OK] FIL/USDT:USDT 리스크 체크 통과
2026-07-30 23:07:57,764 [WARNING] [ENTRY BLOCK] FIL/USDT:USDT — 최대 포지션 수 도달: 2/2
2026-07-30 23:07:58,066 [INFO] [SCAN] 완료: 18개 종목 · 신호 11개 · API 호출 18회 · 캐시 히트 0회
2026-07-30 23:08:03,449 [INFO] [SCAN] 블랙리스트 4개 제외: ['IP/USDT:USDT', 'NES/USDT:USDT', 'WLD/USDT:USDT', 'XAG/USDT:USDT', 'XAU/USDT:USDT', 'XAUT/USDT:USDT']
2026-07-30 23:08:03,449 [INFO] [SCAN] 스캔 시작: 30개 페어 (캐시 18개 보유)
2026-07-30 23:08:03,624 [INFO] [SIG] BTC/USDT:USDT LONG 신호 포착 (강도 95%)
2026-07-30 23:08:03,624 [INFO] [SIGNAL] BTC/USDT:USDT LONG 신호 수신 (strength=95)
2026-07-30 23:08:04,035 [INFO] [RISK OK] BTC/USDT:USDT 리스크 체크 통과
2026-07-30 23:08:04,320 [WARNING] [ENTRY BLOCK] BTC/USDT:USDT — 최대 포지션 수 도달: 2/2
2026-07-30 23:08:04,980 [INFO] [SIG] ETH/USDT:USDT LONG 신호 포착 (강도 95%)
2026-07-30 23:08:04,980 [INFO] [SIGNAL] ETH/USDT:USDT LONG 신호 수신 (strength=95)
2026-07-30 23:08:05,382 [INFO] [RISK OK] ETH/USDT:USDT 리스크 체크 통과
2026-07-30 23:08:05,702 [WARNING] [ENTRY BLOCK] ETH/USDT:USDT — 최대 포지션 수 도달: 2/2
2026-07-30 23:08:06,286 [INFO] [SIG] SOL/USDT:USDT LONG 신호 포착 (강도 95%)
2026-07-30 23:08:06,286 [INFO] [SIGNAL] SOL/USDT:USDT LONG 신호 수신 (strength=95)
2026-07-30 23:08:06,896 [INFO] [RISK OK] SOL/USDT:USDT 리스크 체크 통과
2026-07-30 23:08:07,320 [WARNING] [ENTRY BLOCK] SOL/USDT:USDT — 최대 포지션 수 도달: 2/2
2026-07-30 23:08:07,908 [INFO] [SIG] XRP/USDT:USDT LONG 신호 포착 (강도 95%)
2026-07-30 23:08:07,908 [INFO] [SIGNAL] XRP/USDT:USDT LONG 신호 수신 (strength=95)
2026-07-30 23:08:08,438 [INFO] [RISK OK] XRP/USDT:USDT 리스크 체크 통과
2026-07-30 23:08:08,779 [WARNING] [ENTRY BLOCK] XRP/USDT:USDT — 최대 포지션 수 도달: 2/2
2026-07-30 23:08:09,369 [INFO] [SIG] DOGE/USDT:USDT LONG 신호 포착 (강도 95%)
2026-07-30 23:08:09,369 [INFO] [SIGNAL] DOGE/USDT:USDT LONG 신호 수신 (strength=95)
2026-07-30 23:08:09,919 [INFO] [RISK OK] DOGE/USDT:USDT 리스크 체크 통과
2026-07-30 23:08:10,243 [WARNING] [ENTRY BLOCK] DOGE/USDT:USDT — 최대 포지션 수 도달: 2/2
2026-07-30 23:08:12,547 [INFO] [SIG] PEPE/USDT:USDT LONG 신호 포착 (강도 95%)
2026-07-30 23:08:12,548 [INFO] [SIGNAL] PEPE/USDT:USDT LONG 신호 수신 (strength=95)
2026-07-30 23:08:13,219 [INFO] [RISK OK] PEPE/USDT:USDT 리스크 체크 통과
2026-07-30 23:08:13,505 [WARNING] [ENTRY BLOCK] PEPE/USDT:USDT — 최대 포지션 수 도달: 2/2
2026-07-30 23:08:14,090 [INFO] [SIG] SUI/USDT:USDT LONG 신호 포착 (강도 95%)
2026-07-30 23:08:14,090 [INFO] [SIGNAL] SUI/USDT:USDT LONG 신호 수신 (strength=95)
2026-07-30 23:08:14,533 [INFO] [RISK OK] SUI/USDT:USDT 리스크 체크 통과
2026-07-30 23:08:14,826 [WARNING] [ENTRY BLOCK] SUI/USDT:USDT — 최대 포지션 수 도달: 2/2
2026-07-30 23:08:15,888 [INFO] [SIG] BNB/USDT:USDT LONG 신호 포착 (강도 95%)
2026-07-30 23:08:15,888 [INFO] [SIGNAL] BNB/USDT:USDT LONG 신호 수신 (strength=95)
2026-07-30 23:08:16,408 [INFO] [RISK OK] BNB/USDT:USDT 리스크 체크 통과
2026-07-30 23:08:16,691 [WARNING] [ENTRY BLOCK] BNB/USDT:USDT — 최대 포지션 수 도달: 2/2
2026-07-30 23:08:17,323 [INFO] [SIG] ONDO/USDT:USDT LONG 신호 포착 (강도 95%)
2026-07-30 23:08:17,323 [INFO] [SIGNAL] ONDO/USDT:USDT LONG 신호 수신 (strength=95)
2026-07-30 23:08:17,840 [INFO] [RISK OK] ONDO/USDT:USDT 리스크 체크 통과
2026-07-30 23:08:18,126 [WARNING] [ENTRY BLOCK] ONDO/USDT:USDT — 최대 포지션 수 도달: 2/2
2026-07-30 23:08:19,184 [INFO] [SIG] RE/USDT:USDT SHORT 신호 포착 (강도 95%)
2026-07-30 23:08:19,184 [INFO] [SIGNAL] RE/USDT:USDT SHORT 신호 수신 (strength=95)
2026-07-30 23:08:19,596 [INFO] [RISK OK] RE/USDT:USDT 리스크 체크 통과
2026-07-30 23:08:20,029 [WARNING] [ENTRY BLOCK] RE/USDT:USDT — 최대 포지션 수 도달: 2/2
2026-07-30 23:08:21,090 [INFO] [SIG] FIL/USDT:USDT LONG 신호 포착 (강도 95%)
2026-07-30 23:08:21,091 [INFO] [SIGNAL] FIL/USDT:USDT LONG 신호 수신 (strength=95)
2026-07-30 23:08:21,491 [INFO] [RISK OK] FIL/USDT:USDT 리스크 체크 통과
2026-07-30 23:08:21,770 [WARNING] [ENTRY BLOCK] FIL/USDT:USDT — 최대 포지션 수 도달: 2/2
2026-07-30 23:08:22,073 [INFO] [SCAN] 완료: 18개 종목 · 신호 11개 · API 호출 18회 · 캐시 히트 0회
2026-07-30 23:08:27,456 [INFO] [SCAN] 블랙리스트 4개 제외: ['IP/USDT:USDT', 'NES/USDT:USDT', 'WLD/USDT:USDT', 'XAG/USDT:USDT', 'XAU/USDT:USDT', 'XAUT/USDT:USDT']
2026-07-30 23:08:27,456 [INFO] [SCAN] 스캔 시작: 30개 페어 (캐시 18개 보유)
2026-07-30 23:08:27,638 [INFO] [SIG] BTC/USDT:USDT LONG 신호 포착 (강도 95%)
2026-07-30 23:08:27,638 [INFO] [SIGNAL] BTC/USDT:USDT LONG 신호 수신 (strength=95)
2026-07-30 23:08:28,156 [INFO] [RISK OK] BTC/USDT:USDT 리스크 체크 통과
2026-07-30 23:08:28,449 [WARNING] [ENTRY BLOCK] BTC/USDT:USDT — 최대 포지션 수 도달: 2/2
2026-07-30 23:08:29,037 [INFO] [SIG] ETH/USDT:USDT LONG 신호 포착 (강도 95%)
2026-07-30 23:08:29,037 [INFO] [SIGNAL] ETH/USDT:USDT LONG 신호 수신 (strength=95)
2026-07-30 23:08:29,602 [INFO] [RISK OK] ETH/USDT:USDT 리스크 체크 통과
2026-07-30 23:08:29,938 [WARNING] [ENTRY BLOCK] ETH/USDT:USDT — 최대 포지션 수 도달: 2/2
2026-07-30 23:08:30,530 [INFO] [SIG] SOL/USDT:USDT LONG 신호 포착 (강도 95%)
2026-07-30 23:08:30,531 [INFO] [SIGNAL] SOL/USDT:USDT LONG 신호 수신 (strength=95)
2026-07-30 23:08:30,948 [INFO] [RISK OK] SOL/USDT:USDT 리스크 체크 통과
2026-07-30 23:08:31,346 [WARNING] [ENTRY BLOCK] SOL/USDT:USDT — 최대 포지션 수 도달: 2/2
2026-07-30 23:08:31,934 [INFO] [SIG] XRP/USDT:USDT LONG 신호 포착 (강도 95%)
2026-07-30 23:08:31,934 [INFO] [SIGNAL] XRP/USDT:USDT LONG 신호 수신 (strength=95)
2026-07-30 23:08:32,345 [INFO] [RISK OK] XRP/USDT:USDT 리스크 체크 통과
2026-07-30 23:08:32,640 [WARNING] [ENTRY BLOCK] XRP/USDT:USDT — 최대 포지션 수 도달: 2/2
2026-07-30 23:08:33,232 [INFO] [SIG] DOGE/USDT:USDT LONG 신호 포착 (강도 95%)
2026-07-30 23:08:33,232 [INFO] [SIGNAL] DOGE/USDT:USDT LONG 신호 수신 (strength=95)
2026-07-30 23:08:33,638 [INFO] [RISK OK] DOGE/USDT:USDT 리스크 체크 통과
2026-07-30 23:08:33,932 [WARNING] [ENTRY BLOCK] DOGE/USDT:USDT — 최대 포지션 수 도달: 2/2
2026-07-30 23:08:35,816 [INFO] [SIG] PEPE/USDT:USDT LONG 신호 포착 (강도 95%)
2026-07-30 23:08:35,816 [INFO] [SIGNAL] PEPE/USDT:USDT LONG 신호 수신 (strength=95)
2026-07-30 23:08:36,218 [INFO] [RISK OK] PEPE/USDT:USDT 리스크 체크 통과
2026-07-30 23:08:36,500 [WARNING] [ENTRY BLOCK] PEPE/USDT:USDT — 최대 포지션 수 도달: 2/2
2026-07-30 23:08:37,513 [INFO] [SIG] SUI/USDT:USDT LONG 신호 포착 (강도 95%)
2026-07-30 23:08:37,514 [INFO] [SIGNAL] SUI/USDT:USDT LONG 신호 수신 (strength=95)
2026-07-30 23:08:37,918 [INFO] [RISK OK] SUI/USDT:USDT 리스크 체크 통과
2026-07-30 23:08:38,349 [WARNING] [ENTRY BLOCK] SUI/USDT:USDT — 최대 포지션 수 도달: 2/2
2026-07-30 23:08:39,374 [INFO] [SIG] BNB/USDT:USDT LONG 신호 포착 (강도 95%)
2026-07-30 23:08:39,375 [INFO] [SIGNAL] BNB/USDT:USDT LONG 신호 수신 (strength=95)
2026-07-30 23:08:39,893 [INFO] [RISK OK] BNB/USDT:USDT 리스크 체크 통과
2026-07-30 23:08:40,179 [WARNING] [ENTRY BLOCK] BNB/USDT:USDT — 최대 포지션 수 도달: 2/2
2026-07-30 23:08:40,825 [INFO] [SIG] ONDO/USDT:USDT LONG 신호 포착 (강도 95%)
2026-07-30 23:08:40,826 [INFO] [SIGNAL] ONDO/USDT:USDT LONG 신호 수신 (strength=95)
2026-07-30 23:08:41,374 [INFO] [RISK OK] ONDO/USDT:USDT 리스크 체크 통과
2026-07-30 23:08:41,657 [WARNING] [ENTRY BLOCK] ONDO/USDT:USDT — 최대 포지션 수 도달: 2/2
2026-07-30 23:08:42,722 [INFO] [SIG] RE/USDT:USDT SHORT 신호 포착 (강도 95%)
2026-07-30 23:08:42,723 [INFO] [SIGNAL] RE/USDT:USDT SHORT 신호 수신 (strength=95)
2026-07-30 23:08:43,131 [INFO] [RISK OK] RE/USDT:USDT 리스크 체크 통과
2026-07-30 23:08:43,459 [WARNING] [ENTRY BLOCK] RE/USDT:USDT — 최대 포지션 수 도달: 2/2
2026-07-30 23:08:44,524 [INFO] [SIG] FIL/USDT:USDT LONG 신호 포착 (강도 95%)
2026-07-30 23:08:44,524 [INFO] [SIGNAL] FIL/USDT:USDT LONG 신호 수신 (strength=95)
2026-07-30 23:08:44,926 [INFO] [RISK OK] FIL/USDT:USDT 리스크 체크 통과
2026-07-30 23:08:45,211 [WARNING] [ENTRY BLOCK] FIL/USDT:USDT — 최대 포지션 수 도달: 2/2
2026-07-30 23:08:45,514 [INFO] [SCAN] 완료: 18개 종목 · 신호 11개 · API 호출 18회 · 캐시 히트 0회
2026-07-30 23:08:52,676 [INFO] [SCAN] 블랙리스트 4개 제외: ['IP/USDT:USDT', 'NES/USDT:USDT', 'WLD/USDT:USDT', 'XAG/USDT:USDT', 'XAU/USDT:USDT', 'XAUT/USDT:USDT']
2026-07-30 23:08:52,677 [INFO] [SCAN] 스캔 시작: 30개 페어 (캐시 18개 보유)
2026-07-30 23:08:52,891 [INFO] [SIG] BTC/USDT:USDT LONG 신호 포착 (강도 95%)
2026-07-30 23:08:52,891 [INFO] [SIGNAL] BTC/USDT:USDT LONG 신호 수신 (strength=95)
2026-07-30 23:08:53,333 [INFO] [RISK OK] BTC/USDT:USDT 리스크 체크 통과
2026-07-30 23:08:53,619 [WARNING] [ENTRY BLOCK] BTC/USDT:USDT — 최대 포지션 수 도달: 2/2
2026-07-30 23:08:54,250 [INFO] [SIG] ETH/USDT:USDT LONG 신호 포착 (강도 95%)
2026-07-30 23:08:54,250 [INFO] [SIGNAL] ETH/USDT:USDT LONG 신호 수신 (strength=95)
2026-07-30 23:08:54,650 [INFO] [RISK OK] ETH/USDT:USDT 리스크 체크 통과
2026-07-30 23:08:54,935 [WARNING] [ENTRY BLOCK] ETH/USDT:USDT — 최대 포지션 수 도달: 2/2
2026-07-30 23:08:55,531 [INFO] [SIG] SOL/USDT:USDT LONG 신호 포착 (강도 95%)
2026-07-30 23:08:55,531 [INFO] [SIGNAL] SOL/USDT:USDT LONG 신호 수신 (strength=95)
2026-07-30 23:08:56,179 [INFO] [RISK OK] SOL/USDT:USDT 리스크 체크 통과
2026-07-30 23:08:56,404 [INFO] [상태] 잔고:$111.42 | 포지션:2개 | 스캔:13회 | 스캐너:ON
2026-07-30 23:08:56,725 [WARNING] [ENTRY BLOCK] SOL/USDT:USDT — 최대 포지션 수 도달: 2/2
2026-07-30 23:08:57,322 [INFO] [SIG] XRP/USDT:USDT LONG 신호 포착 (강도 95%)
2026-07-30 23:08:57,323 [INFO] [SIGNAL] XRP/USDT:USDT LONG 신호 수신 (strength=95)
2026-07-30 23:08:57,727 [INFO] [RISK OK] XRP/USDT:USDT 리스크 체크 통과
2026-07-30 23:08:58,016 [WARNING] [ENTRY BLOCK] XRP/USDT:USDT — 최대 포지션 수 도달: 2/2
2026-07-30 23:08:58,608 [INFO] [SIG] DOGE/USDT:USDT LONG 신호 포착 (강도 95%)
2026-07-30 23:08:58,608 [INFO] [SIGNAL] DOGE/USDT:USDT LONG 신호 수신 (strength=95)
2026-07-30 23:08:59,058 [INFO] [RISK OK] DOGE/USDT:USDT 리스크 체크 통과
2026-07-30 23:08:59,342 [WARNING] [ENTRY BLOCK] DOGE/USDT:USDT — 최대 포지션 수 도달: 2/2
2026-07-30 23:09:01,687 [INFO] [SIG] PEPE/USDT:USDT LONG 신호 포착 (강도 95%)
2026-07-30 23:09:01,688 [INFO] [SIGNAL] PEPE/USDT:USDT LONG 신호 수신 (strength=95)
2026-07-30 23:09:02,310 [INFO] [RISK OK] PEPE/USDT:USDT 리스크 체크 통과
2026-07-30 23:09:02,597 [WARNING] [ENTRY BLOCK] PEPE/USDT:USDT — 최대 포지션 수 도달: 2/2
2026-07-30 23:09:03,185 [INFO] [SIG] SUI/USDT:USDT LONG 신호 포착 (강도 95%)
2026-07-30 23:09:03,185 [INFO] [SIGNAL] SUI/USDT:USDT LONG 신호 수신 (strength=95)
2026-07-30 23:09:03,589 [INFO] [RISK OK] SUI/USDT:USDT 리스크 체크 통과
2026-07-30 23:09:03,873 [WARNING] [ENTRY BLOCK] SUI/USDT:USDT — 최대 포지션 수 도달: 2/2
2026-07-30 23:09:04,902 [INFO] [SIG] BNB/USDT:USDT LONG 신호 포착 (강도 95%)
2026-07-30 23:09:04,902 [INFO] [SIGNAL] BNB/USDT:USDT LONG 신호 수신 (strength=95)
2026-07-30 23:09:05,522 [INFO] [RISK OK] BNB/USDT:USDT 리스크 체크 통과
2026-07-30 23:09:05,922 [WARNING] [ENTRY BLOCK] BNB/USDT:USDT — 최대 포지션 수 도달: 2/2
2026-07-30 23:09:06,525 [INFO] [SIG] ONDO/USDT:USDT LONG 신호 포착 (강도 95%)
2026-07-30 23:09:06,525 [INFO] [SIGNAL] ONDO/USDT:USDT LONG 신호 수신 (strength=95)
2026-07-30 23:09:07,034 [INFO] [RISK OK] ONDO/USDT:USDT 리스크 체크 통과
2026-07-30 23:09:07,362 [WARNING] [ENTRY BLOCK] ONDO/USDT:USDT — 최대 포지션 수 도달: 2/2
2026-07-30 23:09:08,379 [INFO] [SIG] RE/USDT:USDT SHORT 신호 포착 (강도 95%)
2026-07-30 23:09:08,379 [INFO] [SIGNAL] RE/USDT:USDT SHORT 신호 수신 (strength=95)
2026-07-30 23:09:08,782 [INFO] [RISK OK] RE/USDT:USDT 리스크 체크 통과
2026-07-30 23:09:09,169 [WARNING] [ENTRY BLOCK] RE/USDT:USDT — 최대 포지션 수 도달: 2/2
2026-07-30 23:09:10,238 [INFO] [SIG] FIL/USDT:USDT LONG 신호 포착 (강도 95%)
2026-07-30 23:09:10,238 [INFO] [SIGNAL] FIL/USDT:USDT LONG 신호 수신 (strength=95)
2026-07-30 23:09:10,641 [INFO] [RISK OK] FIL/USDT:USDT 리스크 체크 통과
2026-07-30 23:09:10,928 [WARNING] [ENTRY BLOCK] FIL/USDT:USDT — 최대 포지션 수 도달: 2/2
2026-07-30 23:09:11,228 [INFO] [SCAN] 완료: 18개 종목 · 신호 11개 · API 호출 18회 · 캐시 히트 0회
2026-07-30 23:09:16,609 [INFO] [SCAN] 블랙리스트 4개 제외: ['IP/USDT:USDT', 'NES/USDT:USDT', 'WLD/USDT:USDT', 'XAG/USDT:USDT', 'XAU/USDT:USDT', 'XAUT/USDT:USDT']
2026-07-30 23:09:16,609 [INFO] [SCAN] 스캔 시작: 30개 페어 (캐시 18개 보유)
2026-07-30 23:09:16,786 [INFO] [SIG] BTC/USDT:USDT LONG 신호 포착 (강도 95%)
2026-07-30 23:09:16,787 [INFO] [SIGNAL] BTC/USDT:USDT LONG 신호 수신 (strength=95)
2026-07-30 23:09:17,261 [INFO] [RISK OK] BTC/USDT:USDT 리스크 체크 통과
2026-07-30 23:09:17,646 [WARNING] [ENTRY BLOCK] BTC/USDT:USDT — 최대 포지션 수 도달: 2/2
2026-07-30 23:09:18,239 [INFO] [SIG] ETH/USDT:USDT LONG 신호 포착 (강도 95%)
2026-07-30 23:09:18,239 [INFO] [SIGNAL] ETH/USDT:USDT LONG 신호 수신 (strength=95)
2026-07-30 23:09:18,856 [INFO] [RISK OK] ETH/USDT:USDT 리스크 체크 통과
2026-07-30 23:09:19,140 [WARNING] [ENTRY BLOCK] ETH/USDT:USDT — 최대 포지션 수 도달: 2/2
2026-07-30 23:09:19,791 [INFO] [SIG] SOL/USDT:USDT LONG 신호 포착 (강도 95%)
2026-07-30 23:09:19,791 [INFO] [SIGNAL] SOL/USDT:USDT LONG 신호 수신 (strength=95)
2026-07-30 23:09:20,196 [INFO] [RISK OK] SOL/USDT:USDT 리스크 체크 통과
2026-07-30 23:09:20,580 [WARNING] [ENTRY BLOCK] SOL/USDT:USDT — 최대 포지션 수 도달: 2/2
2026-07-30 23:09:21,172 [INFO] [SIG] XRP/USDT:USDT LONG 신호 포착 (강도 95%)
2026-07-30 23:09:21,172 [INFO] [SIGNAL] XRP/USDT:USDT LONG 신호 수신 (strength=95)
2026-07-30 23:09:21,574 [INFO] [RISK OK] XRP/USDT:USDT 리스크 체크 통과
2026-07-30 23:09:21,855 [WARNING] [ENTRY BLOCK] XRP/USDT:USDT — 최대 포지션 수 도달: 2/2
2026-07-30 23:09:22,502 [INFO] [SIG] DOGE/USDT:USDT LONG 신호 포착 (강도 95%)
2026-07-30 23:09:22,503 [INFO] [SIGNAL] DOGE/USDT:USDT LONG 신호 수신 (strength=95)
2026-07-30 23:09:23,089 [INFO] [RISK OK] DOGE/USDT:USDT 리스크 체크 통과
2026-07-30 23:09:23,373 [WARNING] [ENTRY BLOCK] DOGE/USDT:USDT — 최대 포지션 수 도달: 2/2
2026-07-30 23:09:25,389 [INFO] [SIG] PEPE/USDT:USDT LONG 신호 포착 (강도 95%)
2026-07-30 23:09:25,389 [INFO] [SIGNAL] PEPE/USDT:USDT LONG 신호 수신 (strength=95)
2026-07-30 23:09:25,834 [INFO] [RISK OK] PEPE/USDT:USDT 리스크 체크 통과
2026-07-30 23:09:26,121 [WARNING] [ENTRY BLOCK] PEPE/USDT:USDT — 최대 포지션 수 도달: 2/2
2026-07-30 23:09:27,139 [INFO] [SIG] SUI/USDT:USDT LONG 신호 포착 (강도 95%)
2026-07-30 23:09:27,139 [INFO] [SIGNAL] SUI/USDT:USDT LONG 신호 수신 (strength=95)
2026-07-30 23:09:27,643 [INFO] [RISK OK] SUI/USDT:USDT 리스크 체크 통과
2026-07-30 23:09:27,924 [WARNING] [ENTRY BLOCK] SUI/USDT:USDT — 최대 포지션 수 도달: 2/2
2026-07-30 23:09:28,939 [INFO] [SIG] BNB/USDT:USDT LONG 신호 포착 (강도 95%)
2026-07-30 23:09:28,940 [INFO] [SIGNAL] BNB/USDT:USDT LONG 신호 수신 (strength=95)
2026-07-30 23:09:29,455 [INFO] [RISK OK] BNB/USDT:USDT 리스크 체크 통과
2026-07-30 23:09:29,789 [WARNING] [ENTRY BLOCK] BNB/USDT:USDT — 최대 포지션 수 도달: 2/2
2026-07-30 23:09:30,382 [INFO] [SIG] ONDO/USDT:USDT LONG 신호 포착 (강도 95%)
2026-07-30 23:09:30,382 [INFO] [SIGNAL] ONDO/USDT:USDT LONG 신호 수신 (strength=95)
2026-07-30 23:09:30,829 [INFO] [RISK OK] ONDO/USDT:USDT 리스크 체크 통과
2026-07-30 23:09:31,113 [WARNING] [ENTRY BLOCK] ONDO/USDT:USDT — 최대 포지션 수 도달: 2/2
2026-07-30 23:09:32,136 [INFO] [SIG] RE/USDT:USDT SHORT 신호 포착 (강도 95%)
2026-07-30 23:09:32,136 [INFO] [SIGNAL] RE/USDT:USDT SHORT 신호 수신 (strength=95)
2026-07-30 23:09:32,648 [INFO] [RISK OK] RE/USDT:USDT 리스크 체크 통과
2026-07-30 23:09:32,929 [WARNING] [ENTRY BLOCK] RE/USDT:USDT — 최대 포지션 수 도달: 2/2
2026-07-30 23:09:33,990 [INFO] [SIG] FIL/USDT:USDT LONG 신호 포착 (강도 95%)
2026-07-30 23:09:33,990 [INFO] [SIGNAL] FIL/USDT:USDT LONG 신호 수신 (strength=95)
2026-07-30 23:09:34,408 [INFO] [RISK OK] FIL/USDT:USDT 리스크 체크 통과
2026-07-30 23:09:34,695 [WARNING] [ENTRY BLOCK] FIL/USDT:USDT — 최대 포지션 수 도달: 2/2
2026-07-30 23:09:34,997 [INFO] [SCAN] 완료: 18개 종목 · 신호 11개 · API 호출 18회 · 캐시 히트 0회
2026-07-30 23:09:40,375 [INFO] [SCAN] 블랙리스트 4개 제외: ['IP/USDT:USDT', 'NES/USDT:USDT', 'WLD/USDT:USDT', 'XAG/USDT:USDT', 'XAU/USDT:USDT', 'XAUT/USDT:USDT']
2026-07-30 23:09:40,375 [INFO] [SCAN] 스캔 시작: 30개 페어 (캐시 18개 보유)
2026-07-30 23:09:40,596 [INFO] [SIG] BTC/USDT:USDT LONG 신호 포착 (강도 95%)
2026-07-30 23:09:40,596 [INFO] [SIGNAL] BTC/USDT:USDT LONG 신호 수신 (strength=95)
2026-07-30 23:09:41,047 [INFO] [RISK OK] BTC/USDT:USDT 리스크 체크 통과
2026-07-30 23:09:41,338 [WARNING] [ENTRY BLOCK] BTC/USDT:USDT — 최대 포지션 수 도달: 2/2
2026-07-30 23:09:41,925 [INFO] [SIG] ETH/USDT:USDT LONG 신호 포착 (강도 95%)
2026-07-30 23:09:41,925 [INFO] [SIGNAL] ETH/USDT:USDT LONG 신호 수신 (strength=95)
2026-07-30 23:09:42,340 [INFO] [RISK OK] ETH/USDT:USDT 리스크 체크 통과
2026-07-30 23:09:42,621 [WARNING] [ENTRY BLOCK] ETH/USDT:USDT — 최대 포지션 수 도달: 2/2
2026-07-30 23:09:43,213 [INFO] [SIG] SOL/USDT:USDT LONG 신호 포착 (강도 95%)
2026-07-30 23:09:43,213 [INFO] [SIGNAL] SOL/USDT:USDT LONG 신호 수신 (strength=95)
2026-07-30 23:09:43,616 [INFO] [RISK OK] SOL/USDT:USDT 리스크 체크 통과
2026-07-30 23:09:43,899 [WARNING] [ENTRY BLOCK] SOL/USDT:USDT — 최대 포지션 수 도달: 2/2
2026-07-30 23:09:44,489 [INFO] [SIG] XRP/USDT:USDT LONG 신호 포착 (강도 95%)
2026-07-30 23:09:44,489 [INFO] [SIGNAL] XRP/USDT:USDT LONG 신호 수신 (strength=95)
2026-07-30 23:09:45,033 [INFO] [RISK OK] XRP/USDT:USDT 리스크 체크 통과
2026-07-30 23:09:45,316 [WARNING] [ENTRY BLOCK] XRP/USDT:USDT — 최대 포지션 수 도달: 2/2
2026-07-30 23:09:45,908 [INFO] [SIG] DOGE/USDT:USDT LONG 신호 포착 (강도 95%)
2026-07-30 23:09:45,908 [INFO] [SIGNAL] DOGE/USDT:USDT LONG 신호 수신 (strength=95)
2026-07-30 23:09:46,352 [INFO] [RISK OK] DOGE/USDT:USDT 리스크 체크 통과
2026-07-30 23:09:46,738 [WARNING] [ENTRY BLOCK] DOGE/USDT:USDT — 최대 포지션 수 도달: 2/2
2026-07-30 23:09:48,721 [INFO] [SIG] PEPE/USDT:USDT LONG 신호 포착 (강도 95%)
2026-07-30 23:09:48,722 [INFO] [SIGNAL] PEPE/USDT:USDT LONG 신호 수신 (strength=95)
2026-07-30 23:09:49,292 [INFO] [RISK OK] PEPE/USDT:USDT 리스크 체크 통과
2026-07-30 23:09:49,726 [WARNING] [ENTRY BLOCK] PEPE/USDT:USDT — 최대 포지션 수 도달: 2/2
2026-07-30 23:09:50,750 [INFO] [SIG] SUI/USDT:USDT LONG 신호 포착 (강도 95%)
2026-07-30 23:09:50,750 [INFO] [SIGNAL] SUI/USDT:USDT LONG 신호 수신 (strength=95)
2026-07-30 23:09:51,260 [INFO] [RISK OK] SUI/USDT:USDT 리스크 체크 통과
2026-07-30 23:09:51,539 [WARNING] [ENTRY BLOCK] SUI/USDT:USDT — 최대 포지션 수 도달: 2/2
2026-07-30 23:09:52,559 [INFO] [SIG] BNB/USDT:USDT LONG 신호 포착 (강도 95%)
2026-07-30 23:09:52,559 [INFO] [SIGNAL] BNB/USDT:USDT LONG 신호 수신 (strength=95)
2026-07-30 23:09:53,005 [INFO] [RISK OK] BNB/USDT:USDT 리스크 체크 통과
2026-07-30 23:09:53,344 [WARNING] [ENTRY BLOCK] BNB/USDT:USDT — 최대 포지션 수 도달: 2/2
2026-07-30 23:09:53,930 [INFO] [SIG] ONDO/USDT:USDT LONG 신호 포착 (강도 95%)
2026-07-30 23:09:53,930 [INFO] [SIGNAL] ONDO/USDT:USDT LONG 신호 수신 (strength=95)
2026-07-30 23:09:54,453 [INFO] [RISK OK] ONDO/USDT:USDT 리스크 체크 통과
2026-07-30 23:09:54,740 [WARNING] [ENTRY BLOCK] ONDO/USDT:USDT — 최대 포지션 수 도달: 2/2
2026-07-30 23:09:55,756 [INFO] [SIG] RE/USDT:USDT SHORT 신호 포착 (강도 95%)
2026-07-30 23:09:55,757 [INFO] [SIGNAL] RE/USDT:USDT SHORT 신호 수신 (strength=95)
2026-07-30 23:09:56,273 [INFO] [RISK OK] RE/USDT:USDT 리스크 체크 통과
2026-07-30 23:09:56,660 [WARNING] [ENTRY BLOCK] RE/USDT:USDT — 최대 포지션 수 도달: 2/2
2026-07-30 23:09:57,108 [INFO] [상태] 잔고:$111.30 | 포지션:2개 | 스캔:15회 | 스캐너:ON
2026-07-30 23:09:58,113 [INFO] [SCAN] 완료: 18개 종목 · 신호 10개 · API 호출 18회 · 캐시 히트 0회
2026-07-30 23:10:05,067 [INFO] [SCAN] 블랙리스트 4개 제외: ['IP/USDT:USDT', 'NES/USDT:USDT', 'WLD/USDT:USDT', 'XAG/USDT:USDT', 'XAU/USDT:USDT', 'XAUT/USDT:USDT']
2026-07-30 23:10:05,067 [INFO] [SCAN] 스캔 시작: 30개 페어 (캐시 18개 보유)
2026-07-30 23:10:05,247 [INFO] [SIG] BTC/USDT:USDT LONG 신호 포착 (강도 95%)
2026-07-30 23:10:05,247 [INFO] [SIGNAL] BTC/USDT:USDT LONG 신호 수신 (strength=95)
2026-07-30 23:10:05,663 [INFO] [RISK OK] BTC/USDT:USDT 리스크 체크 통과
2026-07-30 23:10:06,045 [WARNING] [ENTRY BLOCK] BTC/USDT:USDT — 최대 포지션 수 도달: 2/2
2026-07-30 23:10:06,685 [INFO] [SIG] ETH/USDT:USDT LONG 신호 포착 (강도 95%)
2026-07-30 23:10:06,686 [INFO] [SIGNAL] ETH/USDT:USDT LONG 신호 수신 (strength=95)
2026-07-30 23:10:07,200 [INFO] [RISK OK] ETH/USDT:USDT 리스크 체크 통과
2026-07-30 23:10:07,531 [WARNING] [ENTRY BLOCK] ETH/USDT:USDT — 최대 포지션 수 도달: 2/2
2026-07-30 23:10:08,161 [INFO] [SIG] SOL/USDT:USDT LONG 신호 포착 (강도 95%)
2026-07-30 23:10:08,161 [INFO] [SIGNAL] SOL/USDT:USDT LONG 신호 수신 (strength=95)
2026-07-30 23:10:08,613 [INFO] [RISK OK] SOL/USDT:USDT 리스크 체크 통과
2026-07-30 23:10:08,996 [WARNING] [ENTRY BLOCK] SOL/USDT:USDT — 최대 포지션 수 도달: 2/2
2026-07-30 23:10:09,595 [INFO] [SIG] XRP/USDT:USDT LONG 신호 포착 (강도 95%)
2026-07-30 23:10:09,596 [INFO] [SIGNAL] XRP/USDT:USDT LONG 신호 수신 (strength=95)
2026-07-30 23:10:10,050 [INFO] [RISK OK] XRP/USDT:USDT 리스크 체크 통과
2026-07-30 23:10:10,334 [WARNING] [ENTRY BLOCK] XRP/USDT:USDT — 최대 포지션 수 도달: 2/2
2026-07-30 23:10:10,929 [INFO] [SIG] DOGE/USDT:USDT LONG 신호 포착 (강도 95%)
2026-07-30 23:10:10,929 [INFO] [SIGNAL] DOGE/USDT:USDT LONG 신호 수신 (strength=95)
2026-07-30 23:10:11,431 [INFO] [RISK OK] DOGE/USDT:USDT 리스크 체크 통과
2026-07-30 23:10:11,710 [WARNING] [ENTRY BLOCK] DOGE/USDT:USDT — 최대 포지션 수 도달: 2/2
2026-07-30 23:10:12,725 [INFO] [SIG] AEON/USDT:USDT LONG 신호 포착 (강도 90%)
2026-07-30 23:10:12,725 [INFO] [SIGNAL] AEON/USDT:USDT LONG 신호 수신 (strength=90)
2026-07-30 23:10:13,134 [INFO] [RISK OK] AEON/USDT:USDT 리스크 체크 통과
2026-07-30 23:10:13,418 [INFO] [ENTRY BLOCK] AEON/USDT:USDT — 이미 포지션 보유 또는 진입 주문 전송 중
2026-07-30 23:10:14,423 [INFO] [SIG] PEPE/USDT:USDT LONG 신호 포착 (강도 95%)
2026-07-30 23:10:14,424 [INFO] [SIGNAL] PEPE/USDT:USDT LONG 신호 수신 (strength=95)
2026-07-30 23:10:14,832 [INFO] [RISK OK] PEPE/USDT:USDT 리스크 체크 통과
2026-07-30 23:10:15,106 [WARNING] [ENTRY BLOCK] PEPE/USDT:USDT — 최대 포지션 수 도달: 2/2
2026-07-30 23:10:16,642 [INFO] [SIG] KAITO/USDT:USDT SHORT 신호 포착 (강도 90%)
2026-07-30 23:10:16,642 [INFO] [SIGNAL] KAITO/USDT:USDT SHORT 신호 수신 (strength=90)
2026-07-30 23:10:17,162 [INFO] [RISK OK] KAITO/USDT:USDT 리스크 체크 통과
2026-07-30 23:10:17,444 [WARNING] [ENTRY BLOCK] KAITO/USDT:USDT — 최대 포지션 수 도달: 2/2
2026-07-30 23:10:18,037 [INFO] [SIG] BNB/USDT:USDT LONG 신호 포착 (강도 95%)
2026-07-30 23:10:18,037 [INFO] [SIGNAL] BNB/USDT:USDT LONG 신호 수신 (strength=95)
2026-07-30 23:10:18,438 [INFO] [RISK OK] BNB/USDT:USDT 리스크 체크 통과
2026-07-30 23:10:18,716 [WARNING] [ENTRY BLOCK] BNB/USDT:USDT — 최대 포지션 수 도달: 2/2
2026-07-30 23:10:19,317 [INFO] [SIG] ONDO/USDT:USDT LONG 신호 포착 (강도 95%)
2026-07-30 23:10:19,317 [INFO] [SIGNAL] ONDO/USDT:USDT LONG 신호 수신 (strength=95)
2026-07-30 23:10:19,825 [INFO] [RISK OK] ONDO/USDT:USDT 리스크 체크 통과
2026-07-30 23:10:20,108 [WARNING] [ENTRY BLOCK] ONDO/USDT:USDT — 최대 포지션 수 도달: 2/2
2026-07-30 23:10:21,127 [INFO] [SIG] RE/USDT:USDT SHORT 신호 포착 (강도 95%)
2026-07-30 23:10:21,127 [INFO] [SIGNAL] RE/USDT:USDT SHORT 신호 수신 (strength=95)
2026-07-30 23:10:21,534 [INFO] [RISK OK] RE/USDT:USDT 리스크 체크 통과
2026-07-30 23:10:21,819 [WARNING] [ENTRY BLOCK] RE/USDT:USDT — 최대 포지션 수 도달: 2/2
2026-07-30 23:10:22,416 [INFO] [SIG] TRX/USDT:USDT LONG 신호 포착 (강도 90%)
2026-07-30 23:10:22,416 [INFO] [SIGNAL] TRX/USDT:USDT LONG 신호 수신 (strength=90)
2026-07-30 23:10:22,825 [INFO] [RISK OK] TRX/USDT:USDT 리스크 체크 통과
2026-07-30 23:10:23,114 [WARNING] [ENTRY BLOCK] TRX/USDT:USDT — 최대 포지션 수 도달: 2/2
2026-07-30 23:10:24,007 [INFO] [SCAN] 완료: 18개 종목 · 신호 12개 · API 호출 18회 · 캐시 히트 0회
2026-07-30 23:10:29,229 [INFO] [SCAN] 블랙리스트 4개 제외: ['IP/USDT:USDT', 'NES/USDT:USDT', 'WLD/USDT:USDT', 'XAG/USDT:USDT', 'XAU/USDT:USDT', 'XAUT/USDT:USDT']
2026-07-30 23:10:29,230 [INFO] [SCAN] 스캔 시작: 30개 페어 (캐시 18개 보유)
2026-07-30 23:10:29,404 [INFO] [SIG] BTC/USDT:USDT LONG 신호 포착 (강도 95%)
2026-07-30 23:10:29,404 [INFO] [SIGNAL] BTC/USDT:USDT LONG 신호 수신 (strength=95)
2026-07-30 23:10:29,914 [INFO] [RISK OK] BTC/USDT:USDT 리스크 체크 통과
2026-07-30 23:10:30,236 [WARNING] [ENTRY BLOCK] BTC/USDT:USDT — 최대 포지션 수 도달: 2/2
2026-07-30 23:10:30,819 [INFO] [SIG] ETH/USDT:USDT LONG 신호 포착 (강도 95%)
2026-07-30 23:10:30,819 [INFO] [SIGNAL] ETH/USDT:USDT LONG 신호 수신 (strength=95)
2026-07-30 23:10:31,221 [INFO] [RISK OK] ETH/USDT:USDT 리스크 체크 통과
2026-07-30 23:10:31,511 [WARNING] [ENTRY BLOCK] ETH/USDT:USDT — 최대 포지션 수 도달: 2/2
2026-07-30 23:10:32,100 [INFO] [SIG] SOL/USDT:USDT LONG 신호 포착 (강도 95%)
2026-07-30 23:10:32,100 [INFO] [SIGNAL] SOL/USDT:USDT LONG 신호 수신 (strength=95)
2026-07-30 23:10:32,504 [INFO] [RISK OK] SOL/USDT:USDT 리스크 체크 통과
2026-07-30 23:10:32,793 [WARNING] [ENTRY BLOCK] SOL/USDT:USDT — 최대 포지션 수 도달: 2/2
2026-07-30 23:10:33,384 [INFO] [SIG] XRP/USDT:USDT LONG 신호 포착 (강도 95%)
2026-07-30 23:10:33,384 [INFO] [SIGNAL] XRP/USDT:USDT LONG 신호 수신 (strength=95)
2026-07-30 23:10:33,791 [INFO] [RISK OK] XRP/USDT:USDT 리스크 체크 통과
2026-07-30 23:10:34,220 [WARNING] [ENTRY BLOCK] XRP/USDT:USDT — 최대 포지션 수 도달: 2/2
2026-07-30 23:10:34,823 [INFO] [SIG] DOGE/USDT:USDT LONG 신호 포착 (강도 95%)
2026-07-30 23:10:34,823 [INFO] [SIGNAL] DOGE/USDT:USDT LONG 신호 수신 (strength=95)
2026-07-30 23:10:35,244 [INFO] [RISK OK] DOGE/USDT:USDT 리스크 체크 통과
2026-07-30 23:10:35,538 [WARNING] [ENTRY BLOCK] DOGE/USDT:USDT — 최대 포지션 수 도달: 2/2
2026-07-30 23:10:37,426 [INFO] [SIG] PEPE/USDT:USDT LONG 신호 포착 (강도 95%)
2026-07-30 23:10:37,426 [INFO] [SIGNAL] PEPE/USDT:USDT LONG 신호 수신 (strength=95)
2026-07-30 23:10:37,953 [INFO] [RISK OK] PEPE/USDT:USDT 리스크 체크 통과
2026-07-30 23:10:38,238 [WARNING] [ENTRY BLOCK] PEPE/USDT:USDT — 최대 포지션 수 도달: 2/2
2026-07-30 23:10:39,749 [INFO] [SIG] KAITO/USDT:USDT SHORT 신호 포착 (강도 90%)
2026-07-30 23:10:39,749 [INFO] [SIGNAL] KAITO/USDT:USDT SHORT 신호 수신 (strength=90)
2026-07-30 23:10:40,266 [INFO] [RISK OK] KAITO/USDT:USDT 리스크 체크 통과
2026-07-30 23:10:40,554 [WARNING] [ENTRY BLOCK] KAITO/USDT:USDT — 최대 포지션 수 도달: 2/2
2026-07-30 23:10:41,154 [INFO] [SIG] BNB/USDT:USDT LONG 신호 포착 (강도 95%)
2026-07-30 23:10:41,155 [INFO] [SIGNAL] BNB/USDT:USDT LONG 신호 수신 (strength=95)
2026-07-30 23:10:41,813 [INFO] [RISK OK] BNB/USDT:USDT 리스크 체크 통과
2026-07-30 23:10:42,096 [WARNING] [ENTRY BLOCK] BNB/USDT:USDT — 최대 포지션 수 도달: 2/2
2026-07-30 23:10:42,707 [INFO] [SIG] ONDO/USDT:USDT LONG 신호 포착 (강도 95%)
2026-07-30 23:10:42,707 [INFO] [SIGNAL] ONDO/USDT:USDT LONG 신호 수신 (strength=95)
2026-07-30 23:10:43,116 [INFO] [RISK OK] ONDO/USDT:USDT 리스크 체크 통과
2026-07-30 23:10:43,397 [WARNING] [ENTRY BLOCK] ONDO/USDT:USDT — 최대 포지션 수 도달: 2/2
2026-07-30 23:10:44,433 [INFO] [SIG] RE/USDT:USDT SHORT 신호 포착 (강도 95%)
2026-07-30 23:10:44,433 [INFO] [SIGNAL] RE/USDT:USDT SHORT 신호 수신 (strength=95)
2026-07-30 23:10:44,842 [INFO] [RISK OK] RE/USDT:USDT 리스크 체크 통과
2026-07-30 23:10:45,129 [WARNING] [ENTRY BLOCK] RE/USDT:USDT — 최대 포지션 수 도달: 2/2
2026-07-30 23:10:45,730 [INFO] [SIG] TRX/USDT:USDT LONG 신호 포착 (강도 90%)
2026-07-30 23:10:45,731 [INFO] [SIGNAL] TRX/USDT:USDT LONG 신호 수신 (strength=90)
2026-07-30 23:10:46,177 [INFO] [RISK OK] TRX/USDT:USDT 리스크 체크 통과
2026-07-30 23:10:46,465 [WARNING] [ENTRY BLOCK] TRX/USDT:USDT — 최대 포지션 수 도달: 2/2
2026-07-30 23:10:47,358 [INFO] [SCAN] 완료: 18개 종목 · 신호 11개 · API 호출 18회 · 캐시 히트 0회
2026-07-30 23:10:52,585 [INFO] [SCAN] 블랙리스트 4개 제외: ['IP/USDT:USDT', 'NES/USDT:USDT', 'WLD/USDT:USDT', 'XAG/USDT:USDT', 'XAU/USDT:USDT', 'XAUT/USDT:USDT']
2026-07-30 23:10:52,585 [INFO] [SCAN] 스캔 시작: 30개 페어 (캐시 18개 보유)
2026-07-30 23:10:52,762 [INFO] [SIG] BTC/USDT:USDT LONG 신호 포착 (강도 95%)
2026-07-30 23:10:52,762 [INFO] [SIGNAL] BTC/USDT:USDT LONG 신호 수신 (strength=95)
2026-07-30 23:10:53,324 [INFO] [RISK OK] BTC/USDT:USDT 리스크 체크 통과
2026-07-30 23:10:53,618 [WARNING] [ENTRY BLOCK] BTC/USDT:USDT — 최대 포지션 수 도달: 2/2
2026-07-30 23:10:54,202 [INFO] [SIG] ETH/USDT:USDT LONG 신호 포착 (강도 95%)
2026-07-30 23:10:54,202 [INFO] [SIGNAL] ETH/USDT:USDT LONG 신호 수신 (strength=95)
2026-07-30 23:10:54,759 [INFO] [RISK OK] ETH/USDT:USDT 리스크 체크 통과
2026-07-30 23:10:55,043 [WARNING] [ENTRY BLOCK] ETH/USDT:USDT — 최대 포지션 수 도달: 2/2
2026-07-30 23:10:55,634 [INFO] [SIG] SOL/USDT:USDT LONG 신호 포착 (강도 95%)
2026-07-30 23:10:55,634 [INFO] [SIGNAL] SOL/USDT:USDT LONG 신호 수신 (strength=95)
2026-07-30 23:10:56,136 [INFO] [RISK OK] SOL/USDT:USDT 리스크 체크 통과
2026-07-30 23:10:56,433 [WARNING] [ENTRY BLOCK] SOL/USDT:USDT — 최대 포지션 수 도달: 2/2
2026-07-30 23:10:57,031 [INFO] [SIG] XRP/USDT:USDT LONG 신호 포착 (강도 95%)
2026-07-30 23:10:57,031 [INFO] [SIGNAL] XRP/USDT:USDT LONG 신호 수신 (strength=95)
2026-07-30 23:10:57,649 [INFO] [RISK OK] XRP/USDT:USDT 리스크 체크 통과
2026-07-30 23:10:57,870 [INFO] [상태] 잔고:$111.49 | 포지션:2개 | 스캔:18회 | 스캐너:ON
2026-07-30 23:10:58,098 [WARNING] [ENTRY BLOCK] XRP/USDT:USDT — 최대 포지션 수 도달: 2/2
2026-07-30 23:10:58,691 [INFO] [SIG] DOGE/USDT:USDT LONG 신호 포착 (강도 95%)
2026-07-30 23:10:58,692 [INFO] [SIGNAL] DOGE/USDT:USDT LONG 신호 수신 (strength=95)
2026-07-30 23:10:59,100 [INFO] [RISK OK] DOGE/USDT:USDT 리스크 체크 통과
2026-07-30 23:10:59,390 [WARNING] [ENTRY BLOCK] DOGE/USDT:USDT — 최대 포지션 수 도달: 2/2
2026-07-30 23:11:01,255 [INFO] [SIG] PEPE/USDT:USDT LONG 신호 포착 (강도 95%)
2026-07-30 23:11:01,255 [INFO] [SIGNAL] PEPE/USDT:USDT LONG 신호 수신 (strength=95)
2026-07-30 23:11:01,705 [INFO] [RISK OK] PEPE/USDT:USDT 리스크 체크 통과
2026-07-30 23:11:02,090 [WARNING] [ENTRY BLOCK] PEPE/USDT:USDT — 최대 포지션 수 도달: 2/2
2026-07-30 23:11:03,542 [INFO] [SIG] KAITO/USDT:USDT SHORT 신호 포착 (강도 90%)
2026-07-30 23:11:03,543 [INFO] [SIGNAL] KAITO/USDT:USDT SHORT 신호 수신 (strength=90)
2026-07-30 23:11:04,102 [INFO] [RISK OK] KAITO/USDT:USDT 리스크 체크 통과
2026-07-30 23:11:04,490 [WARNING] [ENTRY BLOCK] KAITO/USDT:USDT — 최대 포지션 수 도달: 2/2
2026-07-30 23:11:05,084 [INFO] [SIG] BNB/USDT:USDT LONG 신호 포착 (강도 95%)
2026-07-30 23:11:05,085 [INFO] [SIGNAL] BNB/USDT:USDT LONG 신호 수신 (strength=95)
2026-07-30 23:11:05,491 [INFO] [RISK OK] BNB/USDT:USDT 리스크 체크 통과
2026-07-30 23:11:05,881 [WARNING] [ENTRY BLOCK] BNB/USDT:USDT — 최대 포지션 수 도달: 2/2
2026-07-30 23:11:06,484 [INFO] [SIG] ONDO/USDT:USDT LONG 신호 포착 (강도 95%)
2026-07-30 23:11:06,484 [INFO] [SIGNAL] ONDO/USDT:USDT LONG 신호 수신 (strength=95)
2026-07-30 23:11:06,939 [INFO] [RISK OK] ONDO/USDT:USDT 리스크 체크 통과
2026-07-30 23:11:07,222 [WARNING] [ENTRY BLOCK] ONDO/USDT:USDT — 최대 포지션 수 도달: 2/2
2026-07-30 23:11:08,683 [INFO] [SIG] TRX/USDT:USDT LONG 신호 포착 (강도 90%)
2026-07-30 23:11:08,684 [INFO] [SIGNAL] TRX/USDT:USDT LONG 신호 수신 (strength=90)
2026-07-30 23:11:09,087 [INFO] [RISK OK] TRX/USDT:USDT 리스크 체크 통과
2026-07-30 23:11:09,366 [WARNING] [ENTRY BLOCK] TRX/USDT:USDT — 최대 포지션 수 도달: 2/2
2026-07-30 23:11:10,265 [INFO] [SCAN] 완료: 18개 종목 · 신호 10개 · API 호출 18회 · 캐시 히트 0회
2026-07-30 23:11:17,371 [INFO] [SCAN] 블랙리스트 4개 제외: ['IP/USDT:USDT', 'NES/USDT:USDT', 'WLD/USDT:USDT', 'XAG/USDT:USDT', 'XAU/USDT:USDT', 'XAUT/USDT:USDT']
2026-07-30 23:11:17,371 [INFO] [SCAN] 스캔 시작: 30개 페어 (캐시 18개 보유)
2026-07-30 23:11:17,544 [INFO] [SIG] BTC/USDT:USDT LONG 신호 포착 (강도 95%)
2026-07-30 23:11:17,544 [INFO] [SIGNAL] BTC/USDT:USDT LONG 신호 수신 (strength=95)
2026-07-30 23:11:17,953 [INFO] [RISK OK] BTC/USDT:USDT 리스크 체크 통과
2026-07-30 23:11:18,243 [WARNING] [ENTRY BLOCK] BTC/USDT:USDT — 최대 포지션 수 도달: 2/2
2026-07-30 23:11:18,837 [INFO] [SIG] ETH/USDT:USDT LONG 신호 포착 (강도 95%)
2026-07-30 23:11:18,837 [INFO] [SIGNAL] ETH/USDT:USDT LONG 신호 수신 (strength=95)
2026-07-30 23:11:19,280 [INFO] [RISK OK] ETH/USDT:USDT 리스크 체크 통과
2026-07-30 23:11:19,563 [WARNING] [ENTRY BLOCK] ETH/USDT:USDT — 최대 포지션 수 도달: 2/2
2026-07-30 23:11:20,161 [INFO] [SIG] SOL/USDT:USDT LONG 신호 포착 (강도 95%)
2026-07-30 23:11:20,162 [INFO] [SIGNAL] SOL/USDT:USDT LONG 신호 수신 (strength=95)
2026-07-30 23:11:20,567 [INFO] [RISK OK] SOL/USDT:USDT 리스크 체크 통과
2026-07-30 23:11:20,851 [WARNING] [ENTRY BLOCK] SOL/USDT:USDT — 최대 포지션 수 도달: 2/2
2026-07-30 23:11:21,472 [INFO] [SIG] XRP/USDT:USDT LONG 신호 포착 (강도 95%)
2026-07-30 23:11:21,472 [INFO] [SIGNAL] XRP/USDT:USDT LONG 신호 수신 (strength=95)
2026-07-30 23:11:21,870 [INFO] [RISK OK] XRP/USDT:USDT 리스크 체크 통과
2026-07-30 23:11:22,157 [WARNING] [ENTRY BLOCK] XRP/USDT:USDT — 최대 포지션 수 도달: 2/2
2026-07-30 23:11:22,787 [INFO] [SIG] DOGE/USDT:USDT LONG 신호 포착 (강도 95%)
2026-07-30 23:11:22,787 [INFO] [SIGNAL] DOGE/USDT:USDT LONG 신호 수신 (strength=95)
2026-07-30 23:11:23,187 [INFO] [RISK OK] DOGE/USDT:USDT 리스크 체크 통과
2026-07-30 23:11:23,519 [WARNING] [ENTRY BLOCK] DOGE/USDT:USDT — 최대 포지션 수 도달: 2/2
2026-07-30 23:11:25,392 [INFO] [SIG] PEPE/USDT:USDT LONG 신호 포착 (강도 95%)
2026-07-30 23:11:25,392 [INFO] [SIGNAL] PEPE/USDT:USDT LONG 신호 수신 (strength=95)
2026-07-30 23:11:25,917 [INFO] [RISK OK] PEPE/USDT:USDT 리스크 체크 통과
2026-07-30 23:11:26,196 [WARNING] [ENTRY BLOCK] PEPE/USDT:USDT — 최대 포지션 수 도달: 2/2
2026-07-30 23:11:27,745 [INFO] [SIG] KAITO/USDT:USDT SHORT 신호 포착 (강도 90%)
2026-07-30 23:11:27,745 [INFO] [SIGNAL] KAITO/USDT:USDT SHORT 신호 수신 (strength=90)
2026-07-30 23:11:28,148 [INFO] [RISK OK] KAITO/USDT:USDT 리스크 체크 통과
2026-07-30 23:11:28,429 [WARNING] [ENTRY BLOCK] KAITO/USDT:USDT — 최대 포지션 수 도달: 2/2
2026-07-30 23:11:29,024 [INFO] [SIG] BNB/USDT:USDT LONG 신호 포착 (강도 95%)
2026-07-30 23:11:29,024 [INFO] [SIGNAL] BNB/USDT:USDT LONG 신호 수신 (strength=95)
2026-07-30 23:11:29,439 [INFO] [RISK OK] BNB/USDT:USDT 리스크 체크 통과
2026-07-30 23:11:29,722 [WARNING] [ENTRY BLOCK] BNB/USDT:USDT — 최대 포지션 수 도달: 2/2
2026-07-30 23:11:30,369 [INFO] [SIG] ONDO/USDT:USDT LONG 신호 포착 (강도 95%)
2026-07-30 23:11:30,370 [INFO] [SIGNAL] ONDO/USDT:USDT LONG 신호 수신 (strength=95)
2026-07-30 23:11:30,771 [INFO] [RISK OK] ONDO/USDT:USDT 리스크 체크 통과
2026-07-30 23:11:31,053 [WARNING] [ENTRY BLOCK] ONDO/USDT:USDT — 최대 포지션 수 도달: 2/2
2026-07-30 23:11:32,505 [INFO] [SIG] TRX/USDT:USDT LONG 신호 포착 (강도 90%)
2026-07-30 23:11:32,505 [INFO] [SIGNAL] TRX/USDT:USDT LONG 신호 수신 (strength=90)
2026-07-30 23:11:33,016 [INFO] [RISK OK] TRX/USDT:USDT 리스크 체크 통과
2026-07-30 23:11:33,300 [WARNING] [ENTRY BLOCK] TRX/USDT:USDT — 최대 포지션 수 도달: 2/2
2026-07-30 23:11:34,190 [INFO] [SCAN] 완료: 18개 종목 · 신호 10개 · API 호출 18회 · 캐시 히트 0회
2026-07-30 23:11:39,433 [INFO] [SCAN] 블랙리스트 4개 제외: ['IP/USDT:USDT', 'NES/USDT:USDT', 'WLD/USDT:USDT', 'XAG/USDT:USDT', 'XAU/USDT:USDT', 'XAUT/USDT:USDT']
2026-07-30 23:11:39,433 [INFO] [SCAN] 스캔 시작: 30개 페어 (캐시 18개 보유)
2026-07-30 23:11:39,609 [INFO] [SIG] BTC/USDT:USDT LONG 신호 포착 (강도 95%)
2026-07-30 23:11:39,610 [INFO] [SIGNAL] BTC/USDT:USDT LONG 신호 수신 (strength=95)
2026-07-30 23:11:40,052 [INFO] [RISK OK] BTC/USDT:USDT 리스크 체크 통과
2026-07-30 23:11:40,333 [WARNING] [ENTRY BLOCK] BTC/USDT:USDT — 최대 포지션 수 도달: 2/2
2026-07-30 23:11:40,920 [INFO] [SIG] ETH/USDT:USDT LONG 신호 포착 (강도 95%)
2026-07-30 23:11:40,920 [INFO] [SIGNAL] ETH/USDT:USDT LONG 신호 수신 (strength=95)
2026-07-30 23:11:41,337 [INFO] [RISK OK] ETH/USDT:USDT 리스크 체크 통과
2026-07-30 23:11:41,619 [WARNING] [ENTRY BLOCK] ETH/USDT:USDT — 최대 포지션 수 도달: 2/2
2026-07-30 23:11:42,211 [INFO] [SIG] SOL/USDT:USDT LONG 신호 포착 (강도 95%)
2026-07-30 23:11:42,212 [INFO] [SIGNAL] SOL/USDT:USDT LONG 신호 수신 (strength=95)
2026-07-30 23:11:42,764 [INFO] [RISK OK] SOL/USDT:USDT 리스크 체크 통과
2026-07-30 23:11:43,092 [WARNING] [ENTRY BLOCK] SOL/USDT:USDT — 최대 포지션 수 도달: 2/2
2026-07-30 23:11:43,731 [INFO] [SIG] XRP/USDT:USDT LONG 신호 포착 (강도 95%)
2026-07-30 23:11:43,731 [INFO] [SIGNAL] XRP/USDT:USDT LONG 신호 수신 (strength=95)
2026-07-30 23:11:44,175 [INFO] [RISK OK] XRP/USDT:USDT 리스크 체크 통과
2026-07-30 23:11:44,464 [WARNING] [ENTRY BLOCK] XRP/USDT:USDT — 최대 포지션 수 도달: 2/2
2026-07-30 23:11:45,056 [INFO] [SIG] DOGE/USDT:USDT LONG 신호 포착 (강도 95%)
2026-07-30 23:11:45,056 [INFO] [SIGNAL] DOGE/USDT:USDT LONG 신호 수신 (strength=95)
2026-07-30 23:11:45,611 [INFO] [RISK OK] DOGE/USDT:USDT 리스크 체크 통과
2026-07-30 23:11:45,898 [WARNING] [ENTRY BLOCK] DOGE/USDT:USDT — 최대 포지션 수 도달: 2/2
2026-07-30 23:11:47,937 [INFO] [SIG] PEPE/USDT:USDT LONG 신호 포착 (강도 95%)
2026-07-30 23:11:47,938 [INFO] [SIGNAL] PEPE/USDT:USDT LONG 신호 수신 (strength=95)
2026-07-30 23:11:48,395 [INFO] [RISK OK] PEPE/USDT:USDT 리스크 체크 통과
2026-07-30 23:11:48,716 [WARNING] [ENTRY BLOCK] PEPE/USDT:USDT — 최대 포지션 수 도달: 2/2
2026-07-30 23:11:50,201 [INFO] [SIG] KAITO/USDT:USDT SHORT 신호 포착 (강도 90%)
2026-07-30 23:11:50,202 [INFO] [SIGNAL] KAITO/USDT:USDT SHORT 신호 수신 (strength=90)
2026-07-30 23:11:50,645 [INFO] [RISK OK] KAITO/USDT:USDT 리스크 체크 통과
2026-07-30 23:11:50,978 [WARNING] [ENTRY BLOCK] KAITO/USDT:USDT — 최대 포지션 수 도달: 2/2
2026-07-30 23:11:51,565 [INFO] [SIG] BNB/USDT:USDT LONG 신호 포착 (강도 95%)
2026-07-30 23:11:51,565 [INFO] [SIGNAL] BNB/USDT:USDT LONG 신호 수신 (strength=95)
2026-07-30 23:11:52,009 [INFO] [RISK OK] BNB/USDT:USDT 리스크 체크 통과
2026-07-30 23:11:52,334 [WARNING] [ENTRY BLOCK] BNB/USDT:USDT — 최대 포지션 수 도달: 2/2
2026-07-30 23:11:52,924 [INFO] [SIG] ONDO/USDT:USDT LONG 신호 포착 (강도 95%)
2026-07-30 23:11:52,924 [INFO] [SIGNAL] ONDO/USDT:USDT LONG 신호 수신 (strength=95)
2026-07-30 23:11:53,372 [INFO] [RISK OK] ONDO/USDT:USDT 리스크 체크 통과
2026-07-30 23:11:53,706 [WARNING] [ENTRY BLOCK] ONDO/USDT:USDT — 최대 포지션 수 도달: 2/2
2026-07-30 23:11:55,160 [INFO] [SIG] TRX/USDT:USDT LONG 신호 포착 (강도 90%)
2026-07-30 23:11:55,160 [INFO] [SIGNAL] TRX/USDT:USDT LONG 신호 수신 (strength=90)
2026-07-30 23:11:55,659 [INFO] [RISK OK] TRX/USDT:USDT 리스크 체크 통과
2026-07-30 23:11:55,992 [WARNING] [ENTRY BLOCK] TRX/USDT:USDT — 최대 포지션 수 도달: 2/2
2026-07-30 23:11:56,899 [INFO] [SCAN] 완료: 18개 종목 · 신호 10개 · API 호출 18회 · 캐시 히트 0회
2026-07-30 23:11:58,358 [INFO] [상태] 잔고:$111.17 | 포지션:2개 | 스캔:21회 | 스캐너:ON
2026-07-30 23:12:02,359 [INFO] [SCAN] 블랙리스트 4개 제외: ['IP/USDT:USDT', 'NES/USDT:USDT', 'WLD/USDT:USDT', 'XAG/USDT:USDT', 'XAU/USDT:USDT', 'XAUT/USDT:USDT']
2026-07-30 23:12:02,360 [INFO] [SCAN] 스캔 시작: 30개 페어 (캐시 18개 보유)
2026-07-30 23:12:02,534 [INFO] [SIG] BTC/USDT:USDT LONG 신호 포착 (강도 95%)
2026-07-30 23:12:02,534 [INFO] [SIGNAL] BTC/USDT:USDT LONG 신호 수신 (strength=95)
2026-07-30 23:12:03,085 [INFO] [RISK OK] BTC/USDT:USDT 리스크 체크 통과
2026-07-30 23:12:03,468 [WARNING] [ENTRY BLOCK] BTC/USDT:USDT — 최대 포지션 수 도달: 2/2
2026-07-30 23:12:04,067 [INFO] [SIG] ETH/USDT:USDT LONG 신호 포착 (강도 95%)
2026-07-30 23:12:04,068 [INFO] [SIGNAL] ETH/USDT:USDT LONG 신호 수신 (strength=95)
2026-07-30 23:12:04,522 [INFO] [RISK OK] ETH/USDT:USDT 리스크 체크 통과
2026-07-30 23:12:04,841 [WARNING] [ENTRY BLOCK] ETH/USDT:USDT — 최대 포지션 수 도달: 2/2
2026-07-30 23:12:05,436 [INFO] [SIG] SOL/USDT:USDT LONG 신호 포착 (강도 95%)
2026-07-30 23:12:05,437 [INFO] [SIGNAL] SOL/USDT:USDT LONG 신호 수신 (strength=95)
2026-07-30 23:12:06,001 [INFO] [RISK OK] SOL/USDT:USDT 리스크 체크 통과
2026-07-30 23:12:06,331 [WARNING] [ENTRY BLOCK] SOL/USDT:USDT — 최대 포지션 수 도달: 2/2
2026-07-30 23:12:06,938 [INFO] [SIG] XRP/USDT:USDT LONG 신호 포착 (강도 95%)
2026-07-30 23:12:06,938 [INFO] [SIGNAL] XRP/USDT:USDT LONG 신호 수신 (strength=95)
2026-07-30 23:12:07,488 [INFO] [RISK OK] XRP/USDT:USDT 리스크 체크 통과
2026-07-30 23:12:07,829 [WARNING] [ENTRY BLOCK] XRP/USDT:USDT — 최대 포지션 수 도달: 2/2
2026-07-30 23:12:08,416 [INFO] [SIG] DOGE/USDT:USDT LONG 신호 포착 (강도 95%)
2026-07-30 23:12:08,416 [INFO] [SIGNAL] DOGE/USDT:USDT LONG 신호 수신 (strength=95)
2026-07-30 23:12:08,864 [INFO] [RISK OK] DOGE/USDT:USDT 리스크 체크 통과
2026-07-30 23:12:09,187 [WARNING] [ENTRY BLOCK] DOGE/USDT:USDT — 최대 포지션 수 도달: 2/2
2026-07-30 23:12:11,524 [INFO] [SIG] PEPE/USDT:USDT LONG 신호 포착 (강도 95%)
2026-07-30 23:12:11,524 [INFO] [SIGNAL] PEPE/USDT:USDT LONG 신호 수신 (strength=95)
2026-07-30 23:12:11,972 [INFO] [RISK OK] PEPE/USDT:USDT 리스크 체크 통과
2026-07-30 23:12:12,258 [WARNING] [ENTRY BLOCK] PEPE/USDT:USDT — 최대 포지션 수 도달: 2/2
2026-07-30 23:12:13,289 [INFO] [SIG] KAITO/USDT:USDT SHORT 신호 포착 (강도 90%)
2026-07-30 23:12:13,289 [INFO] [SIGNAL] KAITO/USDT:USDT SHORT 신호 수신 (strength=90)
2026-07-30 23:12:13,690 [INFO] [RISK OK] KAITO/USDT:USDT 리스크 체크 통과
2026-07-30 23:12:14,000 [WARNING] [ENTRY BLOCK] KAITO/USDT:USDT — 최대 포지션 수 도달: 2/2
2026-07-30 23:12:14,638 [INFO] [SIG] BNB/USDT:USDT LONG 신호 포착 (강도 95%)
2026-07-30 23:12:14,639 [INFO] [SIGNAL] BNB/USDT:USDT LONG 신호 수신 (strength=95)
2026-07-30 23:12:15,043 [INFO] [RISK OK] BNB/USDT:USDT 리스크 체크 통과
2026-07-30 23:12:15,332 [WARNING] [ENTRY BLOCK] BNB/USDT:USDT — 최대 포지션 수 도달: 2/2
2026-07-30 23:12:15,968 [INFO] [SIG] ONDO/USDT:USDT LONG 신호 포착 (강도 95%)
2026-07-30 23:12:15,968 [INFO] [SIGNAL] ONDO/USDT:USDT LONG 신호 수신 (strength=95)
2026-07-30 23:12:16,375 [INFO] [RISK OK] ONDO/USDT:USDT 리스크 체크 통과
2026-07-30 23:12:16,769 [WARNING] [ENTRY BLOCK] ONDO/USDT:USDT — 최대 포지션 수 도달: 2/2
2026-07-30 23:12:18,266 [INFO] [SIG] TRX/USDT:USDT LONG 신호 포착 (강도 90%)
2026-07-30 23:12:18,266 [INFO] [SIGNAL] TRX/USDT:USDT LONG 신호 수신 (strength=90)
2026-07-30 23:12:18,774 [INFO] [RISK OK] TRX/USDT:USDT 리스크 체크 통과
2026-07-30 23:12:19,056 [WARNING] [ENTRY BLOCK] TRX/USDT:USDT — 최대 포지션 수 도달: 2/2
2026-07-30 23:12:19,995 [INFO] [SCAN] 완료: 18개 종목 · 신호 10개 · API 호출 18회 · 캐시 히트 0회
2026-07-30 23:12:27,230 [INFO] [SCAN] 블랙리스트 4개 제외: ['IP/USDT:USDT', 'NES/USDT:USDT', 'WLD/USDT:USDT', 'XAG/USDT:USDT', 'XAU/USDT:USDT', 'XAUT/USDT:USDT']
2026-07-30 23:12:27,230 [INFO] [SCAN] 스캔 시작: 30개 페어 (캐시 18개 보유)
2026-07-30 23:12:27,406 [INFO] [SIG] BTC/USDT:USDT LONG 신호 포착 (강도 95%)
2026-07-30 23:12:27,406 [INFO] [SIGNAL] BTC/USDT:USDT LONG 신호 수신 (strength=95)
2026-07-30 23:12:28,075 [INFO] [RISK OK] BTC/USDT:USDT 리스크 체크 통과
2026-07-30 23:12:28,514 [WARNING] [ENTRY BLOCK] BTC/USDT:USDT — 최대 포지션 수 도달: 2/2
2026-07-30 23:12:29,100 [INFO] [SIG] ETH/USDT:USDT LONG 신호 포착 (강도 95%)
2026-07-30 23:12:29,100 [INFO] [SIGNAL] ETH/USDT:USDT LONG 신호 수신 (strength=95)
2026-07-30 23:12:29,554 [INFO] [RISK OK] ETH/USDT:USDT 리스크 체크 통과
2026-07-30 23:12:29,838 [WARNING] [ENTRY BLOCK] ETH/USDT:USDT — 최대 포지션 수 도달: 2/2
2026-07-30 23:12:30,444 [INFO] [SIG] SOL/USDT:USDT LONG 신호 포착 (강도 95%)
2026-07-30 23:12:30,445 [INFO] [SIGNAL] SOL/USDT:USDT LONG 신호 수신 (strength=95)
2026-07-30 23:12:30,887 [INFO] [RISK OK] SOL/USDT:USDT 리스크 체크 통과
2026-07-30 23:12:31,185 [WARNING] [ENTRY BLOCK] SOL/USDT:USDT — 최대 포지션 수 도달: 2/2
2026-07-30 23:12:31,786 [INFO] [SIG] XRP/USDT:USDT LONG 신호 포착 (강도 95%)
2026-07-30 23:12:31,786 [INFO] [SIGNAL] XRP/USDT:USDT LONG 신호 수신 (strength=95)
2026-07-30 23:12:32,249 [INFO] [RISK OK] XRP/USDT:USDT 리스크 체크 통과
2026-07-30 23:12:32,542 [WARNING] [ENTRY BLOCK] XRP/USDT:USDT — 최대 포지션 수 도달: 2/2
2026-07-30 23:12:33,133 [INFO] [SIG] DOGE/USDT:USDT LONG 신호 포착 (강도 95%)
2026-07-30 23:12:33,134 [INFO] [SIGNAL] DOGE/USDT:USDT LONG 신호 수신 (strength=95)
2026-07-30 23:12:33,652 [INFO] [RISK OK] DOGE/USDT:USDT 리스크 체크 통과
2026-07-30 23:12:33,980 [WARNING] [ENTRY BLOCK] DOGE/USDT:USDT — 최대 포지션 수 도달: 2/2
2026-07-30 23:12:35,897 [INFO] [SIG] PEPE/USDT:USDT LONG 신호 포착 (강도 95%)
2026-07-30 23:12:35,897 [INFO] [SIGNAL] PEPE/USDT:USDT LONG 신호 수신 (strength=95)
2026-07-30 23:12:36,456 [INFO] [RISK OK] PEPE/USDT:USDT 리스크 체크 통과
2026-07-30 23:12:36,740 [WARNING] [ENTRY BLOCK] PEPE/USDT:USDT — 최대 포지션 수 도달: 2/2
2026-07-30 23:12:38,294 [INFO] [SIG] KAITO/USDT:USDT SHORT 신호 포착 (강도 90%)
2026-07-30 23:12:38,295 [INFO] [SIGNAL] KAITO/USDT:USDT SHORT 신호 수신 (strength=90)
2026-07-30 23:12:38,890 [INFO] [RISK OK] KAITO/USDT:USDT 리스크 체크 통과
2026-07-30 23:12:39,169 [WARNING] [ENTRY BLOCK] KAITO/USDT:USDT — 최대 포지션 수 도달: 2/2
2026-07-30 23:12:39,811 [INFO] [SIG] BNB/USDT:USDT LONG 신호 포착 (강도 95%)
2026-07-30 23:12:39,811 [INFO] [SIGNAL] BNB/USDT:USDT LONG 신호 수신 (strength=95)
2026-07-30 23:12:40,264 [INFO] [RISK OK] BNB/USDT:USDT 리스크 체크 통과
2026-07-30 23:12:40,578 [WARNING] [ENTRY BLOCK] BNB/USDT:USDT — 최대 포지션 수 도달: 2/2
2026-07-30 23:12:41,215 [INFO] [SIG] ONDO/USDT:USDT LONG 신호 포착 (강도 95%)
2026-07-30 23:12:41,215 [INFO] [SIGNAL] ONDO/USDT:USDT LONG 신호 수신 (strength=95)
2026-07-30 23:12:41,665 [INFO] [RISK OK] ONDO/USDT:USDT 리스크 체크 통과
2026-07-30 23:12:41,947 [WARNING] [ENTRY BLOCK] ONDO/USDT:USDT — 최대 포지션 수 도달: 2/2
2026-07-30 23:12:43,439 [INFO] [SIG] TRX/USDT:USDT LONG 신호 포착 (강도 90%)
2026-07-30 23:12:43,439 [INFO] [SIGNAL] TRX/USDT:USDT LONG 신호 수신 (strength=90)
2026-07-30 23:12:43,897 [INFO] [RISK OK] TRX/USDT:USDT 리스크 체크 통과
2026-07-30 23:12:44,181 [WARNING] [ENTRY BLOCK] TRX/USDT:USDT — 최대 포지션 수 도달: 2/2
2026-07-30 23:12:45,134 [INFO] [SCAN] 완료: 18개 종목 · 신호 10개 · API 호출 18회 · 캐시 히트 0회
2026-07-30 23:12:50,350 [INFO] [SCAN] 블랙리스트 4개 제외: ['IP/USDT:USDT', 'NES/USDT:USDT', 'WLD/USDT:USDT', 'XAG/USDT:USDT', 'XAU/USDT:USDT', 'XAUT/USDT:USDT']
2026-07-30 23:12:50,350 [INFO] [SCAN] 스캔 시작: 30개 페어 (캐시 18개 보유)
2026-07-30 23:12:50,565 [INFO] [SIG] BTC/USDT:USDT LONG 신호 포착 (강도 95%)
2026-07-30 23:12:50,565 [INFO] [SIGNAL] BTC/USDT:USDT LONG 신호 수신 (strength=95)
2026-07-30 23:12:50,966 [INFO] [RISK OK] BTC/USDT:USDT 리스크 체크 통과
2026-07-30 23:12:51,251 [WARNING] [ENTRY BLOCK] BTC/USDT:USDT — 최대 포지션 수 도달: 2/2
2026-07-30 23:12:51,891 [INFO] [SIG] ETH/USDT:USDT LONG 신호 포착 (강도 95%)
2026-07-30 23:12:51,891 [INFO] [SIGNAL] ETH/USDT:USDT LONG 신호 수신 (strength=95)
2026-07-30 23:12:52,344 [INFO] [RISK OK] ETH/USDT:USDT 리스크 체크 통과
2026-07-30 23:12:52,625 [WARNING] [ENTRY BLOCK] ETH/USDT:USDT — 최대 포지션 수 도달: 2/2
2026-07-30 23:12:53,220 [INFO] [SIG] SOL/USDT:USDT LONG 신호 포착 (강도 95%)
2026-07-30 23:12:53,220 [INFO] [SIGNAL] SOL/USDT:USDT LONG 신호 수신 (strength=95)
2026-07-30 23:12:53,673 [INFO] [RISK OK] SOL/USDT:USDT 리스크 체크 통과
2026-07-30 23:12:54,070 [WARNING] [ENTRY BLOCK] SOL/USDT:USDT — 최대 포지션 수 도달: 2/2
2026-07-30 23:12:54,702 [INFO] [SIG] XRP/USDT:USDT LONG 신호 포착 (강도 95%)
2026-07-30 23:12:54,702 [INFO] [SIGNAL] XRP/USDT:USDT LONG 신호 수신 (strength=95)
2026-07-30 23:12:55,315 [INFO] [RISK OK] XRP/USDT:USDT 리스크 체크 통과
2026-07-30 23:12:55,609 [WARNING] [ENTRY BLOCK] XRP/USDT:USDT — 최대 포지션 수 도달: 2/2
2026-07-30 23:12:56,257 [INFO] [SIG] DOGE/USDT:USDT LONG 신호 포착 (강도 95%)
2026-07-30 23:12:56,257 [INFO] [SIGNAL] DOGE/USDT:USDT LONG 신호 수신 (strength=95)
2026-07-30 23:12:56,711 [INFO] [RISK OK] DOGE/USDT:USDT 리스크 체크 통과
2026-07-30 23:12:57,111 [WARNING] [ENTRY BLOCK] DOGE/USDT:USDT — 최대 포지션 수 도달: 2/2
2026-07-30 23:12:58,980 [INFO] [상태] 잔고:$111.26 | 포지션:2개 | 스캔:23회 | 스캐너:ON
2026-07-30 23:12:59,376 [INFO] [SIG] PEPE/USDT:USDT LONG 신호 포착 (강도 95%)
2026-07-30 23:12:59,377 [INFO] [SIGNAL] PEPE/USDT:USDT LONG 신호 수신 (strength=95)
2026-07-30 23:12:59,932 [INFO] [RISK OK] PEPE/USDT:USDT 리스크 체크 통과
2026-07-30 23:13:00,259 [WARNING] [ENTRY BLOCK] PEPE/USDT:USDT — 최대 포지션 수 도달: 2/2
2026-07-30 23:13:01,755 [INFO] [SIG] KAITO/USDT:USDT SHORT 신호 포착 (강도 90%)
2026-07-30 23:13:01,755 [INFO] [SIGNAL] KAITO/USDT:USDT SHORT 신호 수신 (strength=90)
2026-07-30 23:13:02,369 [INFO] [RISK OK] KAITO/USDT:USDT 리스크 체크 통과
2026-07-30 23:13:02,699 [WARNING] [ENTRY BLOCK] KAITO/USDT:USDT — 최대 포지션 수 도달: 2/2
2026-07-30 23:13:03,288 [INFO] [SIG] BNB/USDT:USDT LONG 신호 포착 (강도 95%)
2026-07-30 23:13:03,288 [INFO] [SIGNAL] BNB/USDT:USDT LONG 신호 수신 (strength=95)
2026-07-30 23:13:03,798 [INFO] [RISK OK] BNB/USDT:USDT 리스크 체크 통과
2026-07-30 23:13:04,132 [WARNING] [ENTRY BLOCK] BNB/USDT:USDT — 최대 포지션 수 도달: 2/2
2026-07-30 23:13:04,725 [INFO] [SIG] ONDO/USDT:USDT LONG 신호 포착 (강도 95%)
2026-07-30 23:13:04,726 [INFO] [SIGNAL] ONDO/USDT:USDT LONG 신호 수신 (strength=95)
2026-07-30 23:13:05,295 [INFO] [RISK OK] ONDO/USDT:USDT 리스크 체크 통과
2026-07-30 23:13:05,631 [WARNING] [ENTRY BLOCK] ONDO/USDT:USDT — 최대 포지션 수 도달: 2/2
2026-07-30 23:13:07,084 [INFO] [SIG] TRX/USDT:USDT LONG 신호 포착 (강도 90%)
2026-07-30 23:13:07,085 [INFO] [SIGNAL] TRX/USDT:USDT LONG 신호 수신 (strength=90)
2026-07-30 23:13:07,497 [INFO] [RISK OK] TRX/USDT:USDT 리스크 체크 통과
2026-07-30 23:13:07,823 [WARNING] [ENTRY BLOCK] TRX/USDT:USDT — 최대 포지션 수 도달: 2/2
2026-07-30 23:13:08,714 [INFO] [SCAN] 완료: 18개 종목 · 신호 10개 · API 호출 18회 · 캐시 히트 0회
2026-07-30 23:13:13,929 [INFO] [SCAN] 블랙리스트 4개 제외: ['IP/USDT:USDT', 'NES/USDT:USDT', 'WLD/USDT:USDT', 'XAG/USDT:USDT', 'XAU/USDT:USDT', 'XAUT/USDT:USDT']
2026-07-30 23:13:13,930 [INFO] [SCAN] 스캔 시작: 30개 페어 (캐시 18개 보유)
2026-07-30 23:13:14,103 [INFO] [SIG] BTC/USDT:USDT LONG 신호 포착 (강도 95%)
2026-07-30 23:13:14,104 [INFO] [SIGNAL] BTC/USDT:USDT LONG 신호 수신 (strength=95)
2026-07-30 23:13:14,545 [INFO] [RISK OK] BTC/USDT:USDT 리스크 체크 통과
2026-07-30 23:13:14,874 [WARNING] [ENTRY BLOCK] BTC/USDT:USDT — 최대 포지션 수 도달: 2/2
2026-07-30 23:13:15,941 [INFO] [SIG] SOL/USDT:USDT LONG 신호 포착 (강도 95%)
2026-07-30 23:13:15,942 [INFO] [SIGNAL] SOL/USDT:USDT LONG 신호 수신 (strength=95)
2026-07-30 23:13:16,356 [INFO] [RISK OK] SOL/USDT:USDT 리스크 체크 통과
2026-07-30 23:13:16,649 [WARNING] [ENTRY BLOCK] SOL/USDT:USDT — 최대 포지션 수 도달: 2/2
2026-07-30 23:13:17,287 [INFO] [SIG] XRP/USDT:USDT LONG 신호 포착 (강도 95%)
2026-07-30 23:13:17,287 [INFO] [SIGNAL] XRP/USDT:USDT LONG 신호 수신 (strength=95)
2026-07-30 23:13:17,695 [INFO] [RISK OK] XRP/USDT:USDT 리스크 체크 통과
2026-07-30 23:13:17,976 [WARNING] [ENTRY BLOCK] XRP/USDT:USDT — 최대 포지션 수 도달: 2/2
2026-07-30 23:13:18,565 [INFO] [SIG] DOGE/USDT:USDT LONG 신호 포착 (강도 95%)
2026-07-30 23:13:18,565 [INFO] [SIGNAL] DOGE/USDT:USDT LONG 신호 수신 (strength=95)
2026-07-30 23:13:18,963 [INFO] [RISK OK] DOGE/USDT:USDT 리스크 체크 통과
2026-07-30 23:13:19,251 [WARNING] [ENTRY BLOCK] DOGE/USDT:USDT — 최대 포지션 수 도달: 2/2
2026-07-30 23:13:21,157 [INFO] [SIG] PEPE/USDT:USDT LONG 신호 포착 (강도 95%)
2026-07-30 23:13:21,157 [INFO] [SIGNAL] PEPE/USDT:USDT LONG 신호 수신 (strength=95)
2026-07-30 23:13:21,598 [INFO] [RISK OK] PEPE/USDT:USDT 리스크 체크 통과
2026-07-30 23:13:21,921 [WARNING] [ENTRY BLOCK] PEPE/USDT:USDT — 최대 포지션 수 도달: 2/2
2026-07-30 23:13:23,854 [INFO] [SIG] BNB/USDT:USDT LONG 신호 포착 (강도 95%)
2026-07-30 23:13:23,855 [INFO] [SIGNAL] BNB/USDT:USDT LONG 신호 수신 (strength=95)
2026-07-30 23:13:24,297 [INFO] [RISK OK] BNB/USDT:USDT 리스크 체크 통과
2026-07-30 23:13:24,592 [WARNING] [ENTRY BLOCK] BNB/USDT:USDT — 최대 포지션 수 도달: 2/2
2026-07-30 23:13:25,232 [INFO] [SIG] ONDO/USDT:USDT LONG 신호 포착 (강도 95%)
2026-07-30 23:13:25,233 [INFO] [SIGNAL] ONDO/USDT:USDT LONG 신호 수신 (strength=95)
2026-07-30 23:13:25,899 [INFO] [RISK OK] ONDO/USDT:USDT 리스크 체크 통과
2026-07-30 23:13:26,178 [WARNING] [ENTRY BLOCK] ONDO/USDT:USDT — 최대 포지션 수 도달: 2/2
2026-07-30 23:13:27,666 [INFO] [SIG] TRX/USDT:USDT LONG 신호 포착 (강도 90%)
2026-07-30 23:13:27,666 [INFO] [SIGNAL] TRX/USDT:USDT LONG 신호 수신 (strength=90)
2026-07-30 23:13:28,206 [INFO] [RISK OK] TRX/USDT:USDT 리스크 체크 통과
2026-07-30 23:13:28,486 [WARNING] [ENTRY BLOCK] TRX/USDT:USDT — 최대 포지션 수 도달: 2/2
2026-07-30 23:13:29,117 [INFO] [SIG] FIL/USDT:USDT LONG 신호 포착 (강도 95%)
2026-07-30 23:13:29,117 [INFO] [SIGNAL] FIL/USDT:USDT LONG 신호 수신 (strength=95)
2026-07-30 23:13:29,519 [INFO] [RISK OK] FIL/USDT:USDT 리스크 체크 통과
2026-07-30 23:13:29,903 [WARNING] [ENTRY BLOCK] FIL/USDT:USDT — 최대 포지션 수 도달: 2/2
2026-07-30 23:13:30,205 [INFO] [SCAN] 완료: 18개 종목 · 신호 9개 · API 호출 18회 · 캐시 히트 0회
2026-07-30 23:13:37,537 [INFO] [SCAN] 블랙리스트 4개 제외: ['IP/USDT:USDT', 'NES/USDT:USDT', 'WLD/USDT:USDT', 'XAG/USDT:USDT', 'XAU/USDT:USDT', 'XAUT/USDT:USDT']
2026-07-30 23:13:37,537 [INFO] [SCAN] 스캔 시작: 30개 페어 (캐시 18개 보유)
2026-07-30 23:13:37,717 [INFO] [SIG] BTC/USDT:USDT LONG 신호 포착 (강도 95%)
2026-07-30 23:13:37,717 [INFO] [SIGNAL] BTC/USDT:USDT LONG 신호 수신 (strength=95)
2026-07-30 23:13:38,269 [INFO] [RISK OK] BTC/USDT:USDT 리스크 체크 통과
2026-07-30 23:13:38,557 [WARNING] [ENTRY BLOCK] BTC/USDT:USDT — 최대 포지션 수 도달: 2/2
2026-07-30 23:13:39,621 [INFO] [SIG] SOL/USDT:USDT LONG 신호 포착 (강도 95%)
2026-07-30 23:13:39,622 [INFO] [SIGNAL] SOL/USDT:USDT LONG 신호 수신 (strength=95)
2026-07-30 23:13:40,027 [INFO] [RISK OK] SOL/USDT:USDT 리스크 체크 통과
2026-07-30 23:13:40,411 [WARNING] [ENTRY BLOCK] SOL/USDT:USDT — 최대 포지션 수 도달: 2/2
2026-07-30 23:13:40,997 [INFO] [SIG] XRP/USDT:USDT LONG 신호 포착 (강도 95%)
2026-07-30 23:13:40,997 [INFO] [SIGNAL] XRP/USDT:USDT LONG 신호 수신 (strength=95)
2026-07-30 23:13:41,404 [INFO] [RISK OK] XRP/USDT:USDT 리스크 체크 통과
2026-07-30 23:13:41,725 [WARNING] [ENTRY BLOCK] XRP/USDT:USDT — 최대 포지션 수 도달: 2/2
2026-07-30 23:13:42,313 [INFO] [SIG] DOGE/USDT:USDT LONG 신호 포착 (강도 95%)
2026-07-30 23:13:42,314 [INFO] [SIGNAL] DOGE/USDT:USDT LONG 신호 수신 (strength=95)
2026-07-30 23:13:42,757 [INFO] [RISK OK] DOGE/USDT:USDT 리스크 체크 통과
2026-07-30 23:13:43,090 [WARNING] [ENTRY BLOCK] DOGE/USDT:USDT — 최대 포지션 수 도달: 2/2
2026-07-30 23:13:45,485 [INFO] [SIG] PEPE/USDT:USDT LONG 신호 포착 (강도 95%)
2026-07-30 23:13:45,485 [INFO] [SIGNAL] PEPE/USDT:USDT LONG 신호 수신 (strength=95)
2026-07-30 23:13:45,915 [INFO] [RISK OK] PEPE/USDT:USDT 리스크 체크 통과
2026-07-30 23:13:46,242 [WARNING] [ENTRY BLOCK] PEPE/USDT:USDT — 최대 포지션 수 도달: 2/2
2026-07-30 23:13:47,688 [INFO] [SIG] BNB/USDT:USDT LONG 신호 포착 (강도 95%)
2026-07-30 23:13:47,689 [INFO] [SIGNAL] BNB/USDT:USDT LONG 신호 수신 (strength=95)
2026-07-30 23:13:48,236 [INFO] [RISK OK] BNB/USDT:USDT 리스크 체크 통과
2026-07-30 23:13:48,634 [WARNING] [ENTRY BLOCK] BNB/USDT:USDT — 최대 포지션 수 도달: 2/2
2026-07-30 23:13:49,221 [INFO] [SIG] ONDO/USDT:USDT LONG 신호 포착 (강도 95%)
2026-07-30 23:13:49,222 [INFO] [SIGNAL] ONDO/USDT:USDT LONG 신호 수신 (strength=95)
2026-07-30 23:13:49,630 [INFO] [RISK OK] ONDO/USDT:USDT 리스크 체크 통과
2026-07-30 23:13:49,954 [WARNING] [ENTRY BLOCK] ONDO/USDT:USDT — 최대 포지션 수 도달: 2/2
2026-07-30 23:13:51,447 [INFO] [SIG] TRX/USDT:USDT LONG 신호 포착 (강도 90%)
2026-07-30 23:13:51,448 [INFO] [SIGNAL] TRX/USDT:USDT LONG 신호 수신 (strength=90)
2026-07-30 23:13:51,894 [INFO] [RISK OK] TRX/USDT:USDT 리스크 체크 통과
2026-07-30 23:13:52,182 [WARNING] [ENTRY BLOCK] TRX/USDT:USDT — 최대 포지션 수 도달: 2/2
2026-07-30 23:13:52,772 [INFO] [SIG] FIL/USDT:USDT LONG 신호 포착 (강도 95%)
2026-07-30 23:13:52,772 [INFO] [SIGNAL] FIL/USDT:USDT LONG 신호 수신 (strength=95)
2026-07-30 23:13:53,276 [INFO] [RISK OK] FIL/USDT:USDT 리스크 체크 통과
2026-07-30 23:13:53,600 [WARNING] [ENTRY BLOCK] FIL/USDT:USDT — 최대 포지션 수 도달: 2/2
2026-07-30 23:13:53,908 [INFO] [SCAN] 완료: 18개 종목 · 신호 9개 · API 호출 18회 · 캐시 히트 0회
2026-07-30 23:13:59,298 [INFO] [SCAN] 블랙리스트 4개 제외: ['IP/USDT:USDT', 'NES/USDT:USDT', 'WLD/USDT:USDT', 'XAG/USDT:USDT', 'XAU/USDT:USDT', 'XAUT/USDT:USDT']
2026-07-30 23:13:59,298 [INFO] [SCAN] 스캔 시작: 30개 페어 (캐시 18개 보유)
2026-07-30 23:13:59,525 [INFO] [SIG] BTC/USDT:USDT LONG 신호 포착 (강도 95%)
2026-07-30 23:13:59,525 [INFO] [SIGNAL] BTC/USDT:USDT LONG 신호 수신 (strength=95)
2026-07-30 23:13:59,625 [INFO] [상태] 잔고:$111.44 | 포지션:2개 | 스캔:26회 | 스캐너:ON
2026-07-30 23:14:00,133 [INFO] [RISK OK] BTC/USDT:USDT 리스크 체크 통과
2026-07-30 23:14:00,413 [WARNING] [ENTRY BLOCK] BTC/USDT:USDT — 최대 포지션 수 도달: 2/2
2026-07-30 23:14:01,424 [INFO] [SIG] SOL/USDT:USDT LONG 신호 포착 (강도 95%)
2026-07-30 23:14:01,424 [INFO] [SIGNAL] SOL/USDT:USDT LONG 신호 수신 (strength=95)
2026-07-30 23:14:01,934 [INFO] [RISK OK] SOL/USDT:USDT 리스크 체크 통과
2026-07-30 23:14:02,325 [WARNING] [ENTRY BLOCK] SOL/USDT:USDT — 최대 포지션 수 도달: 2/2
2026-07-30 23:14:02,913 [INFO] [SIG] XRP/USDT:USDT LONG 신호 포착 (강도 95%)
2026-07-30 23:14:02,913 [INFO] [SIGNAL] XRP/USDT:USDT LONG 신호 수신 (strength=95)
2026-07-30 23:14:03,466 [INFO] [RISK OK] XRP/USDT:USDT 리스크 체크 통과
2026-07-30 23:14:03,790 [WARNING] [ENTRY BLOCK] XRP/USDT:USDT — 최대 포지션 수 도달: 2/2
2026-07-30 23:14:04,373 [INFO] [SIG] DOGE/USDT:USDT LONG 신호 포착 (강도 95%)
2026-07-30 23:14:04,374 [INFO] [SIGNAL] DOGE/USDT:USDT LONG 신호 수신 (strength=95)
2026-07-30 23:14:04,821 [INFO] [RISK OK] DOGE/USDT:USDT 리스크 체크 통과
2026-07-30 23:14:05,104 [WARNING] [ENTRY BLOCK] DOGE/USDT:USDT — 최대 포지션 수 도달: 2/2
2026-07-30 23:14:07,518 [INFO] [SIG] PEPE/USDT:USDT LONG 신호 포착 (강도 95%)
2026-07-30 23:14:07,519 [INFO] [SIGNAL] PEPE/USDT:USDT LONG 신호 수신 (strength=95)
2026-07-30 23:14:08,068 [INFO] [RISK OK] PEPE/USDT:USDT 리스크 체크 통과
2026-07-30 23:14:08,356 [WARNING] [ENTRY BLOCK] PEPE/USDT:USDT — 최대 포지션 수 도달: 2/2
2026-07-30 23:14:09,376 [INFO] [SIG] SUI/USDT:USDT LONG 신호 포착 (강도 95%)
2026-07-30 23:14:09,376 [INFO] [SIGNAL] SUI/USDT:USDT LONG 신호 수신 (strength=95)
2026-07-30 23:14:09,934 [INFO] [RISK OK] SUI/USDT:USDT 리스크 체크 통과
2026-07-30 23:14:10,215 [WARNING] [ENTRY BLOCK] SUI/USDT:USDT — 최대 포지션 수 도달: 2/2
2026-07-30 23:14:10,806 [INFO] [SIG] BNB/USDT:USDT LONG 신호 포착 (강도 95%)
2026-07-30 23:14:10,806 [INFO] [SIGNAL] BNB/USDT:USDT LONG 신호 수신 (strength=95)
2026-07-30 23:14:11,207 [INFO] [RISK OK] BNB/USDT:USDT 리스크 체크 통과
2026-07-30 23:14:11,491 [WARNING] [ENTRY BLOCK] BNB/USDT:USDT — 최대 포지션 수 도달: 2/2
2026-07-30 23:14:12,131 [INFO] [SIG] ONDO/USDT:USDT LONG 신호 포착 (강도 95%)
2026-07-30 23:14:12,131 [INFO] [SIGNAL] ONDO/USDT:USDT LONG 신호 수신 (strength=95)
2026-07-30 23:14:12,535 [INFO] [RISK OK] ONDO/USDT:USDT 리스크 체크 통과
2026-07-30 23:14:12,957 [WARNING] [ENTRY BLOCK] ONDO/USDT:USDT — 최대 포지션 수 도달: 2/2
2026-07-30 23:14:14,442 [INFO] [SIG] TRX/USDT:USDT LONG 신호 포착 (강도 90%)
2026-07-30 23:14:14,443 [INFO] [SIGNAL] TRX/USDT:USDT LONG 신호 수신 (strength=90)
2026-07-30 23:14:14,844 [INFO] [RISK OK] TRX/USDT:USDT 리스크 체크 통과
2026-07-30 23:14:15,163 [WARNING] [ENTRY BLOCK] TRX/USDT:USDT — 최대 포지션 수 도달: 2/2
2026-07-30 23:14:15,797 [INFO] [SIG] FIL/USDT:USDT LONG 신호 포착 (강도 95%)
2026-07-30 23:14:15,797 [INFO] [SIGNAL] FIL/USDT:USDT LONG 신호 수신 (strength=95)
2026-07-30 23:14:16,337 [INFO] [RISK OK] FIL/USDT:USDT 리스크 체크 통과
2026-07-30 23:14:16,620 [WARNING] [ENTRY BLOCK] FIL/USDT:USDT — 최대 포지션 수 도달: 2/2
2026-07-30 23:14:16,922 [INFO] [SCAN] 완료: 18개 종목 · 신호 10개 · API 호출 18회 · 캐시 히트 0회
2026-07-30 23:14:22,334 [INFO] [SCAN] 블랙리스트 4개 제외: ['IP/USDT:USDT', 'NES/USDT:USDT', 'WLD/USDT:USDT', 'XAG/USDT:USDT', 'XAU/USDT:USDT', 'XAUT/USDT:USDT']
2026-07-30 23:14:22,334 [INFO] [SCAN] 스캔 시작: 30개 페어 (캐시 18개 보유)
2026-07-30 23:14:22,507 [INFO] [SIG] BTC/USDT:USDT LONG 신호 포착 (강도 95%)
2026-07-30 23:14:22,507 [INFO] [SIGNAL] BTC/USDT:USDT LONG 신호 수신 (strength=95)
2026-07-30 23:14:22,950 [INFO] [RISK OK] BTC/USDT:USDT 리스크 체크 통과
2026-07-30 23:14:23,278 [WARNING] [ENTRY BLOCK] BTC/USDT:USDT — 최대 포지션 수 도달: 2/2
2026-07-30 23:14:24,331 [INFO] [SIG] SOL/USDT:USDT LONG 신호 포착 (강도 95%)
2026-07-30 23:14:24,331 [INFO] [SIGNAL] SOL/USDT:USDT LONG 신호 수신 (strength=95)
2026-07-30 23:14:24,737 [INFO] [RISK OK] SOL/USDT:USDT 리스크 체크 통과
2026-07-30 23:14:25,020 [WARNING] [ENTRY BLOCK] SOL/USDT:USDT — 최대 포지션 수 도달: 2/2
2026-07-30 23:14:25,624 [INFO] [SIG] XRP/USDT:USDT LONG 신호 포착 (강도 95%)
2026-07-30 23:14:25,624 [INFO] [SIGNAL] XRP/USDT:USDT LONG 신호 수신 (strength=95)
2026-07-30 23:14:26,110 [INFO] [RISK OK] XRP/USDT:USDT 리스크 체크 통과
2026-07-30 23:14:26,388 [WARNING] [ENTRY BLOCK] XRP/USDT:USDT — 최대 포지션 수 도달: 2/2
2026-07-30 23:14:27,024 [INFO] [SIG] DOGE/USDT:USDT LONG 신호 포착 (강도 95%)
2026-07-30 23:14:27,024 [INFO] [SIGNAL] DOGE/USDT:USDT LONG 신호 수신 (strength=95)
2026-07-30 23:14:27,641 [INFO] [RISK OK] DOGE/USDT:USDT 리스크 체크 통과
2026-07-30 23:14:27,920 [WARNING] [ENTRY BLOCK] DOGE/USDT:USDT — 최대 포지션 수 도달: 2/2
2026-07-30 23:14:30,346 [INFO] [SIG] PEPE/USDT:USDT LONG 신호 포착 (강도 95%)
2026-07-30 23:14:30,347 [INFO] [SIGNAL] PEPE/USDT:USDT LONG 신호 수신 (strength=95)
2026-07-30 23:14:30,898 [INFO] [RISK OK] PEPE/USDT:USDT 리스크 체크 통과
2026-07-30 23:14:31,181 [WARNING] [ENTRY BLOCK] PEPE/USDT:USDT — 최대 포지션 수 도달: 2/2
2026-07-30 23:14:32,258 [INFO] [SIG] SUI/USDT:USDT LONG 신호 포착 (강도 95%)
2026-07-30 23:14:32,259 [INFO] [SIGNAL] SUI/USDT:USDT LONG 신호 수신 (strength=95)
2026-07-30 23:14:32,692 [INFO] [RISK OK] SUI/USDT:USDT 리스크 체크 통과
2026-07-30 23:14:33,028 [WARNING] [ENTRY BLOCK] SUI/USDT:USDT — 최대 포지션 수 도달: 2/2
2026-07-30 23:14:33,614 [INFO] [SIG] BNB/USDT:USDT LONG 신호 포착 (강도 95%)
2026-07-30 23:14:33,614 [INFO] [SIGNAL] BNB/USDT:USDT LONG 신호 수신 (strength=95)
2026-07-30 23:14:34,056 [INFO] [RISK OK] BNB/USDT:USDT 리스크 체크 통과
2026-07-30 23:14:34,483 [WARNING] [ENTRY BLOCK] BNB/USDT:USDT — 최대 포지션 수 도달: 2/2
2026-07-30 23:14:36,377 [INFO] [SIG] TRX/USDT:USDT LONG 신호 포착 (강도 90%)
2026-07-30 23:14:36,377 [INFO] [SIGNAL] TRX/USDT:USDT LONG 신호 수신 (strength=90)
2026-07-30 23:14:36,826 [INFO] [RISK OK] TRX/USDT:USDT 리스크 체크 통과
2026-07-30 23:14:37,107 [WARNING] [ENTRY BLOCK] TRX/USDT:USDT — 최대 포지션 수 도달: 2/2
2026-07-30 23:14:37,738 [INFO] [SIG] FIL/USDT:USDT LONG 신호 포착 (강도 95%)
2026-07-30 23:14:37,739 [INFO] [SIGNAL] FIL/USDT:USDT LONG 신호 수신 (strength=95)
2026-07-30 23:14:38,294 [INFO] [RISK OK] FIL/USDT:USDT 리스크 체크 통과
2026-07-30 23:14:38,684 [WARNING] [ENTRY BLOCK] FIL/USDT:USDT — 최대 포지션 수 도달: 2/2
2026-07-30 23:14:38,986 [INFO] [SCAN] 완료: 18개 종목 · 신호 9개 · API 호출 18회 · 캐시 히트 0회
2026-07-30 23:14:46,196 [INFO] [SCAN] 블랙리스트 4개 제외: ['IP/USDT:USDT', 'NES/USDT:USDT', 'WLD/USDT:USDT', 'XAG/USDT:USDT', 'XAU/USDT:USDT', 'XAUT/USDT:USDT']
2026-07-30 23:14:46,197 [INFO] [SCAN] 스캔 시작: 30개 페어 (캐시 18개 보유)
2026-07-30 23:14:46,415 [INFO] [SIG] BTC/USDT:USDT LONG 신호 포착 (강도 95%)
2026-07-30 23:14:46,415 [INFO] [SIGNAL] BTC/USDT:USDT LONG 신호 수신 (strength=95)
2026-07-30 23:14:46,861 [INFO] [RISK OK] BTC/USDT:USDT 리스크 체크 통과
2026-07-30 23:14:47,181 [WARNING] [ENTRY BLOCK] BTC/USDT:USDT — 최대 포지션 수 도달: 2/2
2026-07-30 23:14:48,228 [INFO] [SIG] SOL/USDT:USDT LONG 신호 포착 (강도 95%)
2026-07-30 23:14:48,228 [INFO] [SIGNAL] SOL/USDT:USDT LONG 신호 수신 (strength=95)
2026-07-30 23:14:48,667 [INFO] [RISK OK] SOL/USDT:USDT 리스크 체크 통과
2026-07-30 23:14:49,001 [WARNING] [ENTRY BLOCK] SOL/USDT:USDT — 최대 포지션 수 도달: 2/2
2026-07-30 23:14:49,587 [INFO] [SIG] XRP/USDT:USDT LONG 신호 포착 (강도 95%)
2026-07-30 23:14:49,587 [INFO] [SIGNAL] XRP/USDT:USDT LONG 신호 수신 (strength=95)
2026-07-30 23:14:49,986 [INFO] [RISK OK] XRP/USDT:USDT 리스크 체크 통과
2026-07-30 23:14:50,421 [WARNING] [ENTRY BLOCK] XRP/USDT:USDT — 최대 포지션 수 도달: 2/2
2026-07-30 23:14:51,010 [INFO] [SIG] DOGE/USDT:USDT LONG 신호 포착 (강도 95%)
2026-07-30 23:14:51,010 [INFO] [SIGNAL] DOGE/USDT:USDT LONG 신호 수신 (strength=95)
2026-07-30 23:14:51,631 [INFO] [RISK OK] DOGE/USDT:USDT 리스크 체크 통과
2026-07-30 23:14:51,953 [WARNING] [ENTRY BLOCK] DOGE/USDT:USDT — 최대 포지션 수 도달: 2/2
2026-07-30 23:14:54,330 [INFO] [SIG] PEPE/USDT:USDT LONG 신호 포착 (강도 95%)
2026-07-30 23:14:54,330 [INFO] [SIGNAL] PEPE/USDT:USDT LONG 신호 수신 (strength=95)
2026-07-30 23:14:54,772 [INFO] [RISK OK] PEPE/USDT:USDT 리스크 체크 통과
2026-07-30 23:14:55,055 [WARNING] [ENTRY BLOCK] PEPE/USDT:USDT — 최대 포지션 수 도달: 2/2
2026-07-30 23:14:56,097 [INFO] [SIG] SUI/USDT:USDT LONG 신호 포착 (강도 95%)
2026-07-30 23:14:56,097 [INFO] [SIGNAL] SUI/USDT:USDT LONG 신호 수신 (strength=95)
2026-07-30 23:14:56,645 [INFO] [RISK OK] SUI/USDT:USDT 리스크 체크 통과
2026-07-30 23:14:56,925 [WARNING] [ENTRY BLOCK] SUI/USDT:USDT — 최대 포지션 수 도달: 2/2
2026-07-30 23:14:57,510 [INFO] [SIG] BNB/USDT:USDT LONG 신호 포착 (강도 95%)
2026-07-30 23:14:57,510 [INFO] [SIGNAL] BNB/USDT:USDT LONG 신호 수신 (strength=95)
2026-07-30 23:14:57,912 [INFO] [RISK OK] BNB/USDT:USDT 리스크 체크 통과
2026-07-30 23:14:58,196 [WARNING] [ENTRY BLOCK] BNB/USDT:USDT — 최대 포지션 수 도달: 2/2
2026-07-30 23:15:00,112 [INFO] [상태] 잔고:$111.39 | 포지션:2개 | 스캔:28회 | 스캐너:ON
2026-07-30 23:15:00,290 [INFO] [SIG] TRX/USDT:USDT LONG 신호 포착 (강도 90%)
2026-07-30 23:15:00,291 [INFO] [SIGNAL] TRX/USDT:USDT LONG 신호 수신 (strength=90)
2026-07-30 23:15:00,696 [INFO] [RISK OK] TRX/USDT:USDT 리스크 체크 통과
2026-07-30 23:15:00,980 [WARNING] [ENTRY BLOCK] TRX/USDT:USDT — 최대 포지션 수 도달: 2/2
2026-07-30 23:15:01,576 [INFO] [SIG] FIL/USDT:USDT LONG 신호 포착 (강도 95%)
2026-07-30 23:15:01,577 [INFO] [SIGNAL] FIL/USDT:USDT LONG 신호 수신 (strength=95)
2026-07-30 23:15:02,027 [INFO] [RISK OK] FIL/USDT:USDT 리스크 체크 통과
2026-07-30 23:15:02,355 [WARNING] [ENTRY BLOCK] FIL/USDT:USDT — 최대 포지션 수 도달: 2/2
2026-07-30 23:15:02,657 [INFO] [SCAN] 완료: 18개 종목 · 신호 9개 · API 호출 18회 · 캐시 히트 0회
2026-07-30 23:15:08,046 [INFO] [SCAN] 블랙리스트 4개 제외: ['IP/USDT:USDT', 'NES/USDT:USDT', 'WLD/USDT:USDT', 'XAG/USDT:USDT', 'XAU/USDT:USDT', 'XAUT/USDT:USDT']
2026-07-30 23:15:08,046 [INFO] [SCAN] 스캔 시작: 30개 페어 (캐시 18개 보유)
2026-07-30 23:15:09,067 [INFO] [SIG] SOL/USDT:USDT LONG 신호 포착 (강도 95%)
2026-07-30 23:15:09,068 [INFO] [SIGNAL] SOL/USDT:USDT LONG 신호 수신 (strength=95)
2026-07-30 23:15:09,585 [INFO] [RISK OK] SOL/USDT:USDT 리스크 체크 통과
2026-07-30 23:15:09,969 [WARNING] [ENTRY BLOCK] SOL/USDT:USDT — 최대 포지션 수 도달: 2/2
2026-07-30 23:15:10,562 [INFO] [SIG] XRP/USDT:USDT LONG 신호 포착 (강도 95%)
2026-07-30 23:15:10,562 [INFO] [SIGNAL] XRP/USDT:USDT LONG 신호 수신 (strength=95)
2026-07-30 23:15:10,974 [INFO] [RISK OK] XRP/USDT:USDT 리스크 체크 통과
2026-07-30 23:15:11,253 [WARNING] [ENTRY BLOCK] XRP/USDT:USDT — 최대 포지션 수 도달: 2/2
2026-07-30 23:15:11,887 [INFO] [SIG] DOGE/USDT:USDT LONG 신호 포착 (강도 95%)
2026-07-30 23:15:11,887 [INFO] [SIGNAL] DOGE/USDT:USDT LONG 신호 수신 (strength=95)
2026-07-30 23:15:12,283 [INFO] [RISK OK] DOGE/USDT:USDT 리스크 체크 통과
2026-07-30 23:15:12,565 [WARNING] [ENTRY BLOCK] DOGE/USDT:USDT — 최대 포지션 수 도달: 2/2
2026-07-30 23:15:13,572 [INFO] [SIG] AEON/USDT:USDT LONG 신호 포착 (강도 90%)
2026-07-30 23:15:13,572 [INFO] [SIGNAL] AEON/USDT:USDT LONG 신호 수신 (strength=90)
2026-07-30 23:15:14,017 [INFO] [RISK OK] AEON/USDT:USDT 리스크 체크 통과
2026-07-30 23:15:14,339 [INFO] [ENTRY BLOCK] AEON/USDT:USDT — 이미 포지션 보유 또는 진입 주문 전송 중
2026-07-30 23:15:15,385 [INFO] [SIG] UNI/USDT:USDT LONG 신호 포착 (강도 95%)
2026-07-30 23:15:15,385 [INFO] [SIGNAL] UNI/USDT:USDT LONG 신호 수신 (strength=95)
2026-07-30 23:15:15,887 [INFO] [RISK OK] UNI/USDT:USDT 리스크 체크 통과
2026-07-30 23:15:16,165 [WARNING] [ENTRY BLOCK] UNI/USDT:USDT — 최대 포지션 수 도달: 2/2
2026-07-30 23:15:16,800 [INFO] [SIG] PEPE/USDT:USDT LONG 신호 포착 (강도 95%)
2026-07-30 23:15:16,800 [INFO] [SIGNAL] PEPE/USDT:USDT LONG 신호 수신 (strength=95)
2026-07-30 23:15:17,260 [INFO] [RISK OK] PEPE/USDT:USDT 리스크 체크 통과
2026-07-30 23:15:17,642 [WARNING] [ENTRY BLOCK] PEPE/USDT:USDT — 최대 포지션 수 도달: 2/2
2026-07-30 23:15:18,705 [INFO] [SIG] SUI/USDT:USDT LONG 신호 포착 (강도 95%)
2026-07-30 23:15:18,705 [INFO] [SIGNAL] SUI/USDT:USDT LONG 신호 수신 (strength=95)
2026-07-30 23:15:19,213 [INFO] [RISK OK] SUI/USDT:USDT 리스크 체크 통과
2026-07-30 23:15:19,495 [WARNING] [ENTRY BLOCK] SUI/USDT:USDT — 최대 포지션 수 도달: 2/2
2026-07-30 23:15:20,092 [INFO] [SIG] BNB/USDT:USDT LONG 신호 포착 (강도 95%)
2026-07-30 23:15:20,092 [INFO] [SIGNAL] BNB/USDT:USDT LONG 신호 수신 (strength=95)
2026-07-30 23:15:20,543 [INFO] [RISK OK] BNB/USDT:USDT 리스크 체크 통과
2026-07-30 23:15:20,872 [WARNING] [ENTRY BLOCK] BNB/USDT:USDT — 최대 포지션 수 도달: 2/2
2026-07-30 23:15:23,218 [INFO] [SIG] FIL/USDT:USDT LONG 신호 포착 (강도 95%)
2026-07-30 23:15:23,219 [INFO] [SIGNAL] FIL/USDT:USDT LONG 신호 수신 (strength=95)
2026-07-30 23:15:23,670 [INFO] [RISK OK] FIL/USDT:USDT 리스크 체크 통과
2026-07-30 23:15:23,996 [WARNING] [ENTRY BLOCK] FIL/USDT:USDT — 최대 포지션 수 도달: 2/2
2026-07-30 23:15:24,298 [INFO] [SCAN] 완료: 18개 종목 · 신호 9개 · API 호출 18회 · 캐시 히트 0회
2026-07-30 23:15:29,706 [INFO] [SCAN] 블랙리스트 4개 제외: ['IP/USDT:USDT', 'NES/USDT:USDT', 'WLD/USDT:USDT', 'XAG/USDT:USDT', 'XAU/USDT:USDT', 'XAUT/USDT:USDT']
2026-07-30 23:15:29,707 [INFO] [SCAN] 스캔 시작: 30개 페어 (캐시 18개 보유)
2026-07-30 23:15:30,820 [INFO] [SIG] SOL/USDT:USDT LONG 신호 포착 (강도 95%)
2026-07-30 23:15:30,820 [INFO] [SIGNAL] SOL/USDT:USDT LONG 신호 수신 (strength=95)
2026-07-30 23:15:31,332 [INFO] [RISK OK] SOL/USDT:USDT 리스크 체크 통과
2026-07-30 23:15:31,611 [WARNING] [ENTRY BLOCK] SOL/USDT:USDT — 최대 포지션 수 도달: 2/2
2026-07-30 23:15:32,260 [INFO] [SIG] XRP/USDT:USDT LONG 신호 포착 (강도 95%)
2026-07-30 23:15:32,260 [INFO] [SIGNAL] XRP/USDT:USDT LONG 신호 수신 (strength=95)
2026-07-30 23:15:32,706 [INFO] [RISK OK] XRP/USDT:USDT 리스크 체크 통과
2026-07-30 23:15:32,990 [WARNING] [ENTRY BLOCK] XRP/USDT:USDT — 최대 포지션 수 도달: 2/2
2026-07-30 23:15:33,638 [INFO] [SIG] DOGE/USDT:USDT LONG 신호 포착 (강도 95%)
2026-07-30 23:15:33,639 [INFO] [SIGNAL] DOGE/USDT:USDT LONG 신호 수신 (strength=95)
2026-07-30 23:15:34,196 [INFO] [RISK OK] DOGE/USDT:USDT 리스크 체크 통과
2026-07-30 23:15:34,584 [WARNING] [ENTRY BLOCK] DOGE/USDT:USDT — 최대 포지션 수 도달: 2/2
2026-07-30 23:15:35,638 [INFO] [SIG] AEON/USDT:USDT LONG 신호 포착 (강도 90%)
2026-07-30 23:15:35,638 [INFO] [SIGNAL] AEON/USDT:USDT LONG 신호 수신 (strength=90)
2026-07-30 23:15:36,036 [INFO] [RISK OK] AEON/USDT:USDT 리스크 체크 통과
2026-07-30 23:15:36,367 [INFO] [ENTRY BLOCK] AEON/USDT:USDT — 이미 포지션 보유 또는 진입 주문 전송 중
2026-07-30 23:15:37,424 [INFO] [SIG] PEPE/USDT:USDT LONG 신호 포착 (강도 95%)
2026-07-30 23:15:37,425 [INFO] [SIGNAL] PEPE/USDT:USDT LONG 신호 수신 (strength=95)
2026-07-30 23:15:37,924 [INFO] [RISK OK] PEPE/USDT:USDT 리스크 체크 통과
2026-07-30 23:15:38,207 [WARNING] [ENTRY BLOCK] PEPE/USDT:USDT — 최대 포지션 수 도달: 2/2
2026-07-30 23:15:38,806 [INFO] [SIG] UNI/USDT:USDT LONG 신호 포착 (강도 95%)
2026-07-30 23:15:38,806 [INFO] [SIGNAL] UNI/USDT:USDT LONG 신호 수신 (strength=95)
2026-07-30 23:15:39,321 [INFO] [RISK OK] UNI/USDT:USDT 리스크 체크 통과
2026-07-30 23:15:39,604 [WARNING] [ENTRY BLOCK] UNI/USDT:USDT — 최대 포지션 수 도달: 2/2
2026-07-30 23:15:40,248 [INFO] [SIG] KAITO/USDT:USDT SHORT 신호 포착 (강도 90%)
2026-07-30 23:15:40,248 [INFO] [SIGNAL] KAITO/USDT:USDT SHORT 신호 수신 (strength=90)
2026-07-30 23:15:40,701 [INFO] [RISK OK] KAITO/USDT:USDT 리스크 체크 통과
2026-07-30 23:15:41,099 [WARNING] [ENTRY BLOCK] KAITO/USDT:USDT — 최대 포지션 수 도달: 2/2
2026-07-30 23:15:41,729 [INFO] [SIG] SUI/USDT:USDT LONG 신호 포착 (강도 95%)
2026-07-30 23:15:41,729 [INFO] [SIGNAL] SUI/USDT:USDT LONG 신호 수신 (strength=95)
2026-07-30 23:15:42,237 [INFO] [RISK OK] SUI/USDT:USDT 리스크 체크 통과
2026-07-30 23:15:42,520 [WARNING] [ENTRY BLOCK] SUI/USDT:USDT — 최대 포지션 수 도달: 2/2
2026-07-30 23:15:43,155 [INFO] [SIG] BNB/USDT:USDT LONG 신호 포착 (강도 95%)
2026-07-30 23:15:43,155 [INFO] [SIGNAL] BNB/USDT:USDT LONG 신호 수신 (strength=95)
2026-07-30 23:15:43,602 [INFO] [RISK OK] BNB/USDT:USDT 리스크 체크 통과
2026-07-30 23:15:43,884 [WARNING] [ENTRY BLOCK] BNB/USDT:USDT — 최대 포지션 수 도달: 2/2
2026-07-30 23:15:46,273 [INFO] [SIG] FIL/USDT:USDT LONG 신호 포착 (강도 95%)
2026-07-30 23:15:46,273 [INFO] [SIGNAL] FIL/USDT:USDT LONG 신호 수신 (strength=95)
2026-07-30 23:15:46,715 [INFO] [RISK OK] FIL/USDT:USDT 리스크 체크 통과
2026-07-30 23:15:46,993 [WARNING] [ENTRY BLOCK] FIL/USDT:USDT — 최대 포지션 수 도달: 2/2
2026-07-30 23:15:47,295 [INFO] [SCAN] 완료: 18개 종목 · 신호 10개 · API 호출 18회 · 캐시 히트 0회
2026-07-30 23:15:54,681 [INFO] [SCAN] 블랙리스트 4개 제외: ['IP/USDT:USDT', 'NES/USDT:USDT', 'WLD/USDT:USDT', 'XAG/USDT:USDT', 'XAU/USDT:USDT', 'XAUT/USDT:USDT']
2026-07-30 23:15:54,681 [INFO] [SCAN] 스캔 시작: 30개 페어 (캐시 18개 보유)
2026-07-30 23:15:55,708 [INFO] [SIG] SOL/USDT:USDT LONG 신호 포착 (강도 95%)
2026-07-30 23:15:55,709 [INFO] [SIGNAL] SOL/USDT:USDT LONG 신호 수신 (strength=95)
2026-07-30 23:15:56,211 [INFO] [RISK OK] SOL/USDT:USDT 리스크 체크 통과
2026-07-30 23:15:56,494 [WARNING] [ENTRY BLOCK] SOL/USDT:USDT — 최대 포지션 수 도달: 2/2
2026-07-30 23:15:57,133 [INFO] [SIG] XRP/USDT:USDT LONG 신호 포착 (강도 95%)
2026-07-30 23:15:57,133 [INFO] [SIGNAL] XRP/USDT:USDT LONG 신호 수신 (strength=95)
2026-07-30 23:15:57,528 [INFO] [RISK OK] XRP/USDT:USDT 리스크 체크 통과
2026-07-30 23:15:57,808 [WARNING] [ENTRY BLOCK] XRP/USDT:USDT — 최대 포지션 수 도달: 2/2
2026-07-30 23:15:58,397 [INFO] [SIG] DOGE/USDT:USDT LONG 신호 포착 (강도 95%)
2026-07-30 23:15:58,397 [INFO] [SIGNAL] DOGE/USDT:USDT LONG 신호 수신 (strength=95)
2026-07-30 23:15:58,797 [INFO] [RISK OK] DOGE/USDT:USDT 리스크 체크 통과
2026-07-30 23:15:59,077 [WARNING] [ENTRY BLOCK] DOGE/USDT:USDT — 최대 포지션 수 도달: 2/2
2026-07-30 23:16:00,097 [INFO] [SIG] AEON/USDT:USDT LONG 신호 포착 (강도 90%)
2026-07-30 23:16:00,098 [INFO] [SIGNAL] AEON/USDT:USDT LONG 신호 수신 (strength=90)
2026-07-30 23:16:00,656 [INFO] [RISK OK] AEON/USDT:USDT 리스크 체크 통과
2026-07-30 23:16:00,875 [INFO] [상태] 잔고:$111.38 | 포지션:2개 | 스캔:31회 | 스캐너:ON
2026-07-30 23:16:01,243 [INFO] [ENTRY BLOCK] AEON/USDT:USDT — 이미 포지션 보유 또는 진입 주문 전송 중
2026-07-30 23:16:02,318 [INFO] [SIG] PEPE/USDT:USDT LONG 신호 포착 (강도 95%)
2026-07-30 23:16:02,319 [INFO] [SIGNAL] PEPE/USDT:USDT LONG 신호 수신 (strength=95)
2026-07-30 23:16:02,722 [INFO] [RISK OK] PEPE/USDT:USDT 리스크 체크 통과
2026-07-30 23:16:03,002 [WARNING] [ENTRY BLOCK] PEPE/USDT:USDT — 최대 포지션 수 도달: 2/2
2026-07-30 23:16:03,641 [INFO] [SIG] UNI/USDT:USDT LONG 신호 포착 (강도 95%)
2026-07-30 23:16:03,641 [INFO] [SIGNAL] UNI/USDT:USDT LONG 신호 수신 (strength=95)
2026-07-30 23:16:04,049 [INFO] [RISK OK] UNI/USDT:USDT 리스크 체크 통과
2026-07-30 23:16:04,434 [WARNING] [ENTRY BLOCK] UNI/USDT:USDT — 최대 포지션 수 도달: 2/2
2026-07-30 23:16:05,033 [INFO] [SIG] KAITO/USDT:USDT SHORT 신호 포착 (강도 90%)
2026-07-30 23:16:05,033 [INFO] [SIGNAL] KAITO/USDT:USDT SHORT 신호 수신 (strength=90)
2026-07-30 23:16:05,479 [INFO] [RISK OK] KAITO/USDT:USDT 리스크 체크 통과
2026-07-30 23:16:05,756 [WARNING] [ENTRY BLOCK] KAITO/USDT:USDT — 최대 포지션 수 도달: 2/2
2026-07-30 23:16:06,383 [INFO] [SIG] SUI/USDT:USDT LONG 신호 포착 (강도 95%)
2026-07-30 23:16:06,383 [INFO] [SIGNAL] SUI/USDT:USDT LONG 신호 수신 (strength=95)
2026-07-30 23:16:06,828 [INFO] [RISK OK] SUI/USDT:USDT 리스크 체크 통과
2026-07-30 23:16:07,111 [WARNING] [ENTRY BLOCK] SUI/USDT:USDT — 최대 포지션 수 도달: 2/2
2026-07-30 23:16:07,698 [INFO] [SIG] BNB/USDT:USDT LONG 신호 포착 (강도 95%)
2026-07-30 23:16:07,698 [INFO] [SIGNAL] BNB/USDT:USDT LONG 신호 수신 (strength=95)
2026-07-30 23:16:08,142 [INFO] [RISK OK] BNB/USDT:USDT 리스크 체크 통과
2026-07-30 23:16:08,459 [WARNING] [ENTRY BLOCK] BNB/USDT:USDT — 최대 포지션 수 도달: 2/2
2026-07-30 23:16:10,767 [INFO] [SIG] FIL/USDT:USDT LONG 신호 포착 (강도 95%)
2026-07-30 23:16:10,767 [INFO] [SIGNAL] FIL/USDT:USDT LONG 신호 수신 (strength=95)
2026-07-30 23:16:11,381 [INFO] [RISK OK] FIL/USDT:USDT 리스크 체크 통과
2026-07-30 23:16:11,660 [WARNING] [ENTRY BLOCK] FIL/USDT:USDT — 최대 포지션 수 도달: 2/2
2026-07-30 23:16:11,961 [INFO] [SCAN] 완료: 18개 종목 · 신호 10개 · API 호출 18회 · 캐시 히트 0회
2026-07-30 23:16:17,340 [INFO] [SCAN] 블랙리스트 4개 제외: ['IP/USDT:USDT', 'NES/USDT:USDT', 'WLD/USDT:USDT', 'XAG/USDT:USDT', 'XAU/USDT:USDT', 'XAUT/USDT:USDT']
2026-07-30 23:16:17,342 [INFO] [SCAN] 스캔 시작: 30개 페어 (캐시 18개 보유)
2026-07-30 23:16:18,391 [INFO] [SIG] SOL/USDT:USDT LONG 신호 포착 (강도 95%)
2026-07-30 23:16:18,391 [INFO] [SIGNAL] SOL/USDT:USDT LONG 신호 수신 (strength=95)
2026-07-30 23:16:18,896 [INFO] [RISK OK] SOL/USDT:USDT 리스크 체크 통과
2026-07-30 23:16:19,178 [WARNING] [ENTRY BLOCK] SOL/USDT:USDT — 최대 포지션 수 도달: 2/2
2026-07-30 23:16:19,764 [INFO] [SIG] XRP/USDT:USDT LONG 신호 포착 (강도 95%)
2026-07-30 23:16:19,764 [INFO] [SIGNAL] XRP/USDT:USDT LONG 신호 수신 (strength=95)
2026-07-30 23:16:20,210 [INFO] [RISK OK] XRP/USDT:USDT 리스크 체크 통과
2026-07-30 23:16:20,493 [WARNING] [ENTRY BLOCK] XRP/USDT:USDT — 최대 포지션 수 도달: 2/2
2026-07-30 23:16:21,078 [INFO] [SIG] DOGE/USDT:USDT LONG 신호 포착 (강도 95%)
2026-07-30 23:16:21,079 [INFO] [SIGNAL] DOGE/USDT:USDT LONG 신호 수신 (strength=95)
2026-07-30 23:16:21,475 [INFO] [RISK OK] DOGE/USDT:USDT 리스크 체크 통과
2026-07-30 23:16:21,762 [WARNING] [ENTRY BLOCK] DOGE/USDT:USDT — 최대 포지션 수 도달: 2/2
2026-07-30 23:16:22,828 [INFO] [SIG] AEON/USDT:USDT LONG 신호 포착 (강도 90%)
2026-07-30 23:16:22,829 [INFO] [SIGNAL] AEON/USDT:USDT LONG 신호 수신 (strength=90)
2026-07-30 23:16:23,229 [INFO] [RISK OK] AEON/USDT:USDT 리스크 체크 통과
2026-07-30 23:16:23,507 [INFO] [ENTRY BLOCK] AEON/USDT:USDT — 이미 포지션 보유 또는 진입 주문 전송 중
2026-07-30 23:16:24,514 [INFO] [SIG] PEPE/USDT:USDT LONG 신호 포착 (강도 95%)
2026-07-30 23:16:24,514 [INFO] [SIGNAL] PEPE/USDT:USDT LONG 신호 수신 (strength=95)
2026-07-30 23:16:25,068 [INFO] [RISK OK] PEPE/USDT:USDT 리스크 체크 통과
2026-07-30 23:16:25,350 [WARNING] [ENTRY BLOCK] PEPE/USDT:USDT — 최대 포지션 수 도달: 2/2
2026-07-30 23:16:25,937 [INFO] [SIG] UNI/USDT:USDT LONG 신호 포착 (강도 95%)
2026-07-30 23:16:25,937 [INFO] [SIGNAL] UNI/USDT:USDT LONG 신호 수신 (strength=95)
2026-07-30 23:16:26,445 [INFO] [RISK OK] UNI/USDT:USDT 리스크 체크 통과
2026-07-30 23:16:26,831 [WARNING] [ENTRY BLOCK] UNI/USDT:USDT — 최대 포지션 수 도달: 2/2
2026-07-30 23:16:27,417 [INFO] [SIG] KAITO/USDT:USDT SHORT 신호 포착 (강도 90%)
2026-07-30 23:16:27,417 [INFO] [SIGNAL] KAITO/USDT:USDT SHORT 신호 수신 (strength=90)
2026-07-30 23:16:27,816 [INFO] [RISK OK] KAITO/USDT:USDT 리스크 체크 통과
2026-07-30 23:16:28,097 [WARNING] [ENTRY BLOCK] KAITO/USDT:USDT — 최대 포지션 수 도달: 2/2
2026-07-30 23:16:28,681 [INFO] [SIG] SUI/USDT:USDT LONG 신호 포착 (강도 95%)
2026-07-30 23:16:28,682 [INFO] [SIGNAL] SUI/USDT:USDT LONG 신호 수신 (strength=95)
2026-07-30 23:16:29,084 [INFO] [RISK OK] SUI/USDT:USDT 리스크 체크 통과
2026-07-30 23:16:29,406 [WARNING] [ENTRY BLOCK] SUI/USDT:USDT — 최대 포지션 수 도달: 2/2
2026-07-30 23:16:29,999 [INFO] [SIG] BNB/USDT:USDT LONG 신호 포착 (강도 95%)
2026-07-30 23:16:29,999 [INFO] [SIGNAL] BNB/USDT:USDT LONG 신호 수신 (strength=95)
2026-07-30 23:16:30,403 [INFO] [RISK OK] BNB/USDT:USDT 리스크 체크 통과
2026-07-30 23:16:30,688 [WARNING] [ENTRY BLOCK] BNB/USDT:USDT — 최대 포지션 수 도달: 2/2
2026-07-30 23:16:33,075 [INFO] [SIG] FIL/USDT:USDT LONG 신호 포착 (강도 95%)
2026-07-30 23:16:33,075 [INFO] [SIGNAL] FIL/USDT:USDT LONG 신호 수신 (strength=95)
2026-07-30 23:16:33,635 [INFO] [RISK OK] FIL/USDT:USDT 리스크 체크 통과
2026-07-30 23:16:33,923 [WARNING] [ENTRY BLOCK] FIL/USDT:USDT — 최대 포지션 수 도달: 2/2
2026-07-30 23:16:34,226 [INFO] [SCAN] 완료: 18개 종목 · 신호 10개 · API 호출 18회 · 캐시 히트 0회
2026-07-30 23:16:39,605 [INFO] [SCAN] 블랙리스트 4개 제외: ['IP/USDT:USDT', 'NES/USDT:USDT', 'WLD/USDT:USDT', 'XAG/USDT:USDT', 'XAU/USDT:USDT', 'XAUT/USDT:USDT']
2026-07-30 23:16:39,605 [INFO] [SCAN] 스캔 시작: 30개 페어 (캐시 18개 보유)
2026-07-30 23:16:40,693 [INFO] [SIG] SOL/USDT:USDT LONG 신호 포착 (강도 95%)
2026-07-30 23:16:40,693 [INFO] [SIGNAL] SOL/USDT:USDT LONG 신호 수신 (strength=95)
2026-07-30 23:16:41,094 [INFO] [RISK OK] SOL/USDT:USDT 리스크 체크 통과
2026-07-30 23:16:41,480 [WARNING] [ENTRY BLOCK] SOL/USDT:USDT — 최대 포지션 수 도달: 2/2
2026-07-30 23:16:42,078 [INFO] [SIG] XRP/USDT:USDT LONG 신호 포착 (강도 95%)
2026-07-30 23:16:42,078 [INFO] [SIGNAL] XRP/USDT:USDT LONG 신호 수신 (strength=95)
2026-07-30 23:16:42,540 [INFO] [RISK OK] XRP/USDT:USDT 리스크 체크 통과
2026-07-30 23:16:42,821 [WARNING] [ENTRY BLOCK] XRP/USDT:USDT — 최대 포지션 수 도달: 2/2
2026-07-30 23:16:43,415 [INFO] [SIG] DOGE/USDT:USDT LONG 신호 포착 (강도 95%)
2026-07-30 23:16:43,415 [INFO] [SIGNAL] DOGE/USDT:USDT LONG 신호 수신 (strength=95)
2026-07-30 23:16:43,917 [INFO] [RISK OK] DOGE/USDT:USDT 리스크 체크 통과
2026-07-30 23:16:44,198 [WARNING] [ENTRY BLOCK] DOGE/USDT:USDT — 최대 포지션 수 도달: 2/2
2026-07-30 23:16:45,249 [INFO] [SIG] AEON/USDT:USDT LONG 신호 포착 (강도 90%)
2026-07-30 23:16:45,250 [INFO] [SIGNAL] AEON/USDT:USDT LONG 신호 수신 (strength=90)
2026-07-30 23:16:45,864 [INFO] [RISK OK] AEON/USDT:USDT 리스크 체크 통과
2026-07-30 23:16:46,151 [INFO] [ENTRY BLOCK] AEON/USDT:USDT — 이미 포지션 보유 또는 진입 주문 전송 중
2026-07-30 23:16:47,160 [INFO] [SIG] PEPE/USDT:USDT LONG 신호 포착 (강도 95%)
2026-07-30 23:16:47,160 [INFO] [SIGNAL] PEPE/USDT:USDT LONG 신호 수신 (strength=95)
2026-07-30 23:16:47,814 [INFO] [RISK OK] PEPE/USDT:USDT 리스크 체크 통과
2026-07-30 23:16:48,090 [WARNING] [ENTRY BLOCK] PEPE/USDT:USDT — 최대 포지션 수 도달: 2/2
2026-07-30 23:16:48,717 [INFO] [SIG] UNI/USDT:USDT LONG 신호 포착 (강도 95%)
2026-07-30 23:16:48,717 [INFO] [SIGNAL] UNI/USDT:USDT LONG 신호 수신 (strength=95)
2026-07-30 23:16:49,327 [INFO] [RISK OK] UNI/USDT:USDT 리스크 체크 통과
2026-07-30 23:16:49,604 [WARNING] [ENTRY BLOCK] UNI/USDT:USDT — 최대 포지션 수 도달: 2/2
2026-07-30 23:16:50,235 [INFO] [SIG] KAITO/USDT:USDT SHORT 신호 포착 (강도 90%)
2026-07-30 23:16:50,235 [INFO] [SIGNAL] KAITO/USDT:USDT SHORT 신호 수신 (strength=90)
2026-07-30 23:16:50,634 [INFO] [RISK OK] KAITO/USDT:USDT 리스크 체크 통과
2026-07-30 23:16:50,914 [WARNING] [ENTRY BLOCK] KAITO/USDT:USDT — 최대 포지션 수 도달: 2/2
2026-07-30 23:16:51,502 [INFO] [SIG] SUI/USDT:USDT LONG 신호 포착 (강도 95%)
2026-07-30 23:16:51,502 [INFO] [SIGNAL] SUI/USDT:USDT LONG 신호 수신 (strength=95)
2026-07-30 23:16:51,948 [INFO] [RISK OK] SUI/USDT:USDT 리스크 체크 통과
2026-07-30 23:16:52,234 [WARNING] [ENTRY BLOCK] SUI/USDT:USDT — 최대 포지션 수 도달: 2/2
2026-07-30 23:16:52,875 [INFO] [SIG] BNB/USDT:USDT LONG 신호 포착 (강도 95%)
2026-07-30 23:16:52,875 [INFO] [SIGNAL] BNB/USDT:USDT LONG 신호 수신 (strength=95)
2026-07-30 23:16:53,276 [INFO] [RISK OK] BNB/USDT:USDT 리스크 체크 통과
2026-07-30 23:16:53,554 [WARNING] [ENTRY BLOCK] BNB/USDT:USDT — 최대 포지션 수 도달: 2/2
2026-07-30 23:16:55,939 [INFO] [SIG] FIL/USDT:USDT LONG 신호 포착 (강도 95%)
2026-07-30 23:16:55,939 [INFO] [SIGNAL] FIL/USDT:USDT LONG 신호 수신 (strength=95)
2026-07-30 23:16:56,387 [INFO] [RISK OK] FIL/USDT:USDT 리스크 체크 통과
2026-07-30 23:16:56,669 [WARNING] [ENTRY BLOCK] FIL/USDT:USDT — 최대 포지션 수 도달: 2/2
2026-07-30 23:16:56,971 [INFO] [SCAN] 완료: 18개 종목 · 신호 10개 · API 호출 18회 · 캐시 히트 0회
2026-07-30 23:17:01,370 [INFO] [상태] 잔고:$111.50 | 포지션:2개 | 스캔:34회 | 스캐너:ON
2026-07-30 23:17:04,390 [INFO] [SCAN] 블랙리스트 4개 제외: ['IP/USDT:USDT', 'NES/USDT:USDT', 'WLD/USDT:USDT', 'XAG/USDT:USDT', 'XAU/USDT:USDT', 'XAUT/USDT:USDT']
2026-07-30 23:17:04,390 [INFO] [SCAN] 스캔 시작: 30개 페어 (캐시 18개 보유)
2026-07-30 23:17:05,463 [INFO] [SIG] SOL/USDT:USDT LONG 신호 포착 (강도 95%)
2026-07-30 23:17:05,463 [INFO] [SIGNAL] SOL/USDT:USDT LONG 신호 수신 (strength=95)
2026-07-30 23:17:05,862 [INFO] [RISK OK] SOL/USDT:USDT 리스크 체크 통과
2026-07-30 23:17:06,146 [WARNING] [ENTRY BLOCK] SOL/USDT:USDT — 최대 포지션 수 도달: 2/2
2026-07-30 23:17:06,734 [INFO] [SIG] XRP/USDT:USDT LONG 신호 포착 (강도 95%)
2026-07-30 23:17:06,734 [INFO] [SIGNAL] XRP/USDT:USDT LONG 신호 수신 (strength=95)
2026-07-30 23:17:07,133 [INFO] [RISK OK] XRP/USDT:USDT 리스크 체크 통과
2026-07-30 23:17:07,412 [WARNING] [ENTRY BLOCK] XRP/USDT:USDT — 최대 포지션 수 도달: 2/2
2026-07-30 23:17:08,042 [INFO] [SIG] DOGE/USDT:USDT LONG 신호 포착 (강도 95%)
2026-07-30 23:17:08,042 [INFO] [SIGNAL] DOGE/USDT:USDT LONG 신호 수신 (strength=95)
2026-07-30 23:17:08,577 [INFO] [RISK OK] DOGE/USDT:USDT 리스크 체크 통과
2026-07-30 23:17:08,964 [WARNING] [ENTRY BLOCK] DOGE/USDT:USDT — 최대 포지션 수 도달: 2/2
2026-07-30 23:17:09,971 [INFO] [SIG] AEON/USDT:USDT LONG 신호 포착 (강도 90%)
2026-07-30 23:17:09,971 [INFO] [SIGNAL] AEON/USDT:USDT LONG 신호 수신 (strength=90)
2026-07-30 23:17:10,370 [INFO] [RISK OK] AEON/USDT:USDT 리스크 체크 통과
2026-07-30 23:17:10,798 [INFO] [ENTRY BLOCK] AEON/USDT:USDT — 이미 포지션 보유 또는 진입 주문 전송 중
2026-07-30 23:17:11,831 [INFO] [SIG] PEPE/USDT:USDT LONG 신호 포착 (강도 95%)
2026-07-30 23:17:11,832 [INFO] [SIGNAL] PEPE/USDT:USDT LONG 신호 수신 (strength=95)
2026-07-30 23:17:12,276 [INFO] [RISK OK] PEPE/USDT:USDT 리스크 체크 통과
2026-07-30 23:17:12,663 [WARNING] [ENTRY BLOCK] PEPE/USDT:USDT — 최대 포지션 수 도달: 2/2
2026-07-30 23:17:13,298 [INFO] [SIG] UNI/USDT:USDT LONG 신호 포착 (강도 95%)
2026-07-30 23:17:13,298 [INFO] [SIGNAL] UNI/USDT:USDT LONG 신호 수신 (strength=95)
2026-07-30 23:17:13,800 [INFO] [RISK OK] UNI/USDT:USDT 리스크 체크 통과
2026-07-30 23:17:14,186 [WARNING] [ENTRY BLOCK] UNI/USDT:USDT — 최대 포지션 수 도달: 2/2
2026-07-30 23:17:14,781 [INFO] [SIG] KAITO/USDT:USDT SHORT 신호 포착 (강도 90%)
2026-07-30 23:17:14,781 [INFO] [SIGNAL] KAITO/USDT:USDT SHORT 신호 수신 (strength=90)
2026-07-30 23:17:15,303 [INFO] [RISK OK] KAITO/USDT:USDT 리스크 체크 통과
2026-07-30 23:17:15,583 [WARNING] [ENTRY BLOCK] KAITO/USDT:USDT — 최대 포지션 수 도달: 2/2
2026-07-30 23:17:16,175 [INFO] [SIG] SUI/USDT:USDT LONG 신호 포착 (강도 95%)
2026-07-30 23:17:16,175 [INFO] [SIGNAL] SUI/USDT:USDT LONG 신호 수신 (strength=95)
2026-07-30 23:17:16,794 [INFO] [RISK OK] SUI/USDT:USDT 리스크 체크 통과
2026-07-30 23:17:17,079 [WARNING] [ENTRY BLOCK] SUI/USDT:USDT — 최대 포지션 수 도달: 2/2
2026-07-30 23:17:17,672 [INFO] [SIG] BNB/USDT:USDT LONG 신호 포착 (강도 95%)
2026-07-30 23:17:17,672 [INFO] [SIGNAL] BNB/USDT:USDT LONG 신호 수신 (strength=95)
2026-07-30 23:17:18,119 [INFO] [RISK OK] BNB/USDT:USDT 리스크 체크 통과
2026-07-30 23:17:18,399 [WARNING] [ENTRY BLOCK] BNB/USDT:USDT — 최대 포지션 수 도달: 2/2
2026-07-30 23:17:20,691 [INFO] [SIG] FIL/USDT:USDT LONG 신호 포착 (강도 95%)
2026-07-30 23:17:20,691 [INFO] [SIGNAL] FIL/USDT:USDT LONG 신호 수신 (strength=95)
2026-07-30 23:17:21,139 [INFO] [RISK OK] FIL/USDT:USDT 리스크 체크 통과
2026-07-30 23:17:21,425 [WARNING] [ENTRY BLOCK] FIL/USDT:USDT — 최대 포지션 수 도달: 2/2
2026-07-30 23:17:21,726 [INFO] [SCAN] 완료: 18개 종목 · 신호 10개 · API 호출 18회 · 캐시 히트 0회
2026-07-30 23:17:27,195 [INFO] [SCAN] 블랙리스트 4개 제외: ['IP/USDT:USDT', 'NES/USDT:USDT', 'WLD/USDT:USDT', 'XAG/USDT:USDT', 'XAU/USDT:USDT', 'XAUT/USDT:USDT']
2026-07-30 23:17:27,195 [INFO] [SCAN] 스캔 시작: 30개 페어 (캐시 18개 보유)
2026-07-30 23:17:28,209 [INFO] [SIG] SOL/USDT:USDT LONG 신호 포착 (강도 95%)
2026-07-30 23:17:28,210 [INFO] [SIGNAL] SOL/USDT:USDT LONG 신호 수신 (strength=95)
2026-07-30 23:17:28,614 [INFO] [RISK OK] SOL/USDT:USDT 리스크 체크 통과
2026-07-30 23:17:28,930 [WARNING] [ENTRY BLOCK] SOL/USDT:USDT — 최대 포지션 수 도달: 2/2
2026-07-30 23:17:29,514 [INFO] [SIG] XRP/USDT:USDT LONG 신호 포착 (강도 95%)
2026-07-30 23:17:29,514 [INFO] [SIGNAL] XRP/USDT:USDT LONG 신호 수신 (strength=95)
2026-07-30 23:17:29,913 [INFO] [RISK OK] XRP/USDT:USDT 리스크 체크 통과
2026-07-30 23:17:30,195 [WARNING] [ENTRY BLOCK] XRP/USDT:USDT — 최대 포지션 수 도달: 2/2
2026-07-30 23:17:30,786 [INFO] [SIG] DOGE/USDT:USDT LONG 신호 포착 (강도 95%)
2026-07-30 23:17:30,786 [INFO] [SIGNAL] DOGE/USDT:USDT LONG 신호 수신 (strength=95)
2026-07-30 23:17:31,182 [INFO] [RISK OK] DOGE/USDT:USDT 리스크 체크 통과
2026-07-30 23:17:31,516 [WARNING] [ENTRY BLOCK] DOGE/USDT:USDT — 최대 포지션 수 도달: 2/2
2026-07-30 23:17:32,545 [INFO] [SIG] AEON/USDT:USDT LONG 신호 포착 (강도 90%)
2026-07-30 23:17:32,546 [INFO] [SIGNAL] AEON/USDT:USDT LONG 신호 수신 (strength=90)
2026-07-30 23:17:32,946 [INFO] [RISK OK] AEON/USDT:USDT 리스크 체크 통과
2026-07-30 23:17:33,227 [INFO] [ENTRY BLOCK] AEON/USDT:USDT — 이미 포지션 보유 또는 진입 주문 전송 중
2026-07-30 23:17:34,241 [INFO] [SIG] PEPE/USDT:USDT LONG 신호 포착 (강도 95%)
2026-07-30 23:17:34,241 [INFO] [SIGNAL] PEPE/USDT:USDT LONG 신호 수신 (strength=95)
2026-07-30 23:17:34,748 [INFO] [RISK OK] PEPE/USDT:USDT 리스크 체크 통과
2026-07-30 23:17:35,039 [WARNING] [ENTRY BLOCK] PEPE/USDT:USDT — 최대 포지션 수 도달: 2/2
2026-07-30 23:17:35,628 [INFO] [SIG] UNI/USDT:USDT LONG 신호 포착 (강도 95%)
2026-07-30 23:17:35,628 [INFO] [SIGNAL] UNI/USDT:USDT LONG 신호 수신 (strength=95)
2026-07-30 23:17:36,217 [INFO] [RISK OK] UNI/USDT:USDT 리스크 체크 통과
2026-07-30 23:17:36,550 [WARNING] [ENTRY BLOCK] UNI/USDT:USDT — 최대 포지션 수 도달: 2/2
2026-07-30 23:17:37,139 [INFO] [SIG] KAITO/USDT:USDT SHORT 신호 포착 (강도 90%)
2026-07-30 23:17:37,140 [INFO] [SIGNAL] KAITO/USDT:USDT SHORT 신호 수신 (strength=90)
2026-07-30 23:17:37,717 [INFO] [RISK OK] KAITO/USDT:USDT 리스크 체크 통과
2026-07-30 23:17:38,049 [WARNING] [ENTRY BLOCK] KAITO/USDT:USDT — 최대 포지션 수 도달: 2/2
2026-07-30 23:17:38,642 [INFO] [SIG] SUI/USDT:USDT LONG 신호 포착 (강도 95%)
2026-07-30 23:17:38,642 [INFO] [SIGNAL] SUI/USDT:USDT LONG 신호 수신 (strength=95)
2026-07-30 23:17:39,196 [INFO] [RISK OK] SUI/USDT:USDT 리스크 체크 통과
2026-07-30 23:17:39,520 [WARNING] [ENTRY BLOCK] SUI/USDT:USDT — 최대 포지션 수 도달: 2/2
2026-07-30 23:17:40,111 [INFO] [SIG] BNB/USDT:USDT LONG 신호 포착 (강도 95%)
2026-07-30 23:17:40,111 [INFO] [SIGNAL] BNB/USDT:USDT LONG 신호 수신 (strength=95)
2026-07-30 23:17:40,619 [INFO] [RISK OK] BNB/USDT:USDT 리스크 체크 통과
2026-07-30 23:17:41,016 [WARNING] [ENTRY BLOCK] BNB/USDT:USDT — 최대 포지션 수 도달: 2/2
2026-07-30 23:17:43,325 [INFO] [SIG] FIL/USDT:USDT LONG 신호 포착 (강도 95%)
2026-07-30 23:17:43,325 [INFO] [SIGNAL] FIL/USDT:USDT LONG 신호 수신 (strength=95)
2026-07-30 23:17:43,730 [INFO] [RISK OK] FIL/USDT:USDT 리스크 체크 통과
2026-07-30 23:17:44,013 [WARNING] [ENTRY BLOCK] FIL/USDT:USDT — 최대 포지션 수 도달: 2/2
2026-07-30 23:17:44,315 [INFO] [SCAN] 완료: 18개 종목 · 신호 10개 · API 호출 18회 · 캐시 히트 0회
2026-07-30 23:17:49,685 [INFO] [SCAN] 블랙리스트 4개 제외: ['IP/USDT:USDT', 'NES/USDT:USDT', 'WLD/USDT:USDT', 'XAG/USDT:USDT', 'XAU/USDT:USDT', 'XAUT/USDT:USDT']
2026-07-30 23:17:49,686 [INFO] [SCAN] 스캔 시작: 30개 페어 (캐시 18개 보유)
2026-07-30 23:17:50,775 [INFO] [SIG] SOL/USDT:USDT LONG 신호 포착 (강도 95%)
2026-07-30 23:17:50,775 [INFO] [SIGNAL] SOL/USDT:USDT LONG 신호 수신 (strength=95)
2026-07-30 23:17:51,174 [INFO] [RISK OK] SOL/USDT:USDT 리스크 체크 통과
2026-07-30 23:17:51,496 [WARNING] [ENTRY BLOCK] SOL/USDT:USDT — 최대 포지션 수 도달: 2/2
2026-07-30 23:17:52,159 [INFO] [SIG] XRP/USDT:USDT LONG 신호 포착 (강도 95%)
2026-07-30 23:17:52,159 [INFO] [SIGNAL] XRP/USDT:USDT LONG 신호 수신 (strength=95)
2026-07-30 23:17:52,557 [INFO] [RISK OK] XRP/USDT:USDT 리스크 체크 통과
2026-07-30 23:17:52,841 [WARNING] [ENTRY BLOCK] XRP/USDT:USDT — 최대 포지션 수 도달: 2/2
2026-07-30 23:17:53,442 [INFO] [SIG] DOGE/USDT:USDT LONG 신호 포착 (강도 95%)
2026-07-30 23:17:53,442 [INFO] [SIGNAL] DOGE/USDT:USDT LONG 신호 수신 (strength=95)
2026-07-30 23:17:53,844 [INFO] [RISK OK] DOGE/USDT:USDT 리스크 체크 통과
2026-07-30 23:17:54,236 [WARNING] [ENTRY BLOCK] DOGE/USDT:USDT — 최대 포지션 수 도달: 2/2
2026-07-30 23:17:55,355 [INFO] [SIG] AEON/USDT:USDT LONG 신호 포착 (강도 90%)
2026-07-30 23:17:55,355 [INFO] [SIGNAL] AEON/USDT:USDT LONG 신호 수신 (strength=90)
2026-07-30 23:17:55,766 [INFO] [RISK OK] AEON/USDT:USDT 리스크 체크 통과
2026-07-30 23:17:56,159 [INFO] [ENTRY BLOCK] AEON/USDT:USDT — 이미 포지션 보유 또는 진입 주문 전송 중
2026-07-30 23:17:57,173 [INFO] [SIG] PEPE/USDT:USDT LONG 신호 포착 (강도 95%)
2026-07-30 23:17:57,173 [INFO] [SIGNAL] PEPE/USDT:USDT LONG 신호 수신 (strength=95)
2026-07-30 23:17:57,679 [INFO] [RISK OK] PEPE/USDT:USDT 리스크 체크 통과
2026-07-30 23:17:57,958 [WARNING] [ENTRY BLOCK] PEPE/USDT:USDT — 최대 포지션 수 도달: 2/2
2026-07-30 23:17:58,544 [INFO] [SIG] UNI/USDT:USDT LONG 신호 포착 (강도 95%)
2026-07-30 23:17:58,544 [INFO] [SIGNAL] UNI/USDT:USDT LONG 신호 수신 (strength=95)
2026-07-30 23:17:58,995 [INFO] [RISK OK] UNI/USDT:USDT 리스크 체크 통과
2026-07-30 23:17:59,276 [WARNING] [ENTRY BLOCK] UNI/USDT:USDT — 최대 포지션 수 도달: 2/2
2026-07-30 23:17:59,874 [INFO] [SIG] KAITO/USDT:USDT SHORT 신호 포착 (강도 90%)
2026-07-30 23:17:59,875 [INFO] [SIGNAL] KAITO/USDT:USDT SHORT 신호 수신 (strength=90)
2026-07-30 23:18:00,284 [INFO] [RISK OK] KAITO/USDT:USDT 리스크 체크 통과
2026-07-30 23:18:00,570 [WARNING] [ENTRY BLOCK] KAITO/USDT:USDT — 최대 포지션 수 도달: 2/2
2026-07-30 23:18:01,166 [INFO] [SIG] SUI/USDT:USDT LONG 신호 포착 (강도 95%)
2026-07-30 23:18:01,166 [INFO] [SIGNAL] SUI/USDT:USDT LONG 신호 수신 (strength=95)
2026-07-30 23:18:01,582 [INFO] [RISK OK] SUI/USDT:USDT 리스크 체크 통과
2026-07-30 23:18:02,012 [WARNING] [ENTRY BLOCK] SUI/USDT:USDT — 최대 포지션 수 도달: 2/2
2026-07-30 23:18:02,238 [INFO] [상태] 잔고:$111.51 | 포지션:2개 | 스캔:36회 | 스캐너:ON
2026-07-30 23:18:02,603 [INFO] [SIG] BNB/USDT:USDT LONG 신호 포착 (강도 95%)
2026-07-30 23:18:02,603 [INFO] [SIGNAL] BNB/USDT:USDT LONG 신호 수신 (strength=95)
2026-07-30 23:18:03,145 [INFO] [RISK OK] BNB/USDT:USDT 리스크 체크 통과
2026-07-30 23:18:03,431 [WARNING] [ENTRY BLOCK] BNB/USDT:USDT — 최대 포지션 수 도달: 2/2
2026-07-30 23:18:05,750 [INFO] [SIG] FIL/USDT:USDT LONG 신호 포착 (강도 95%)
2026-07-30 23:18:05,751 [INFO] [SIGNAL] FIL/USDT:USDT LONG 신호 수신 (strength=95)
2026-07-30 23:18:06,261 [INFO] [RISK OK] FIL/USDT:USDT 리스크 체크 통과
2026-07-30 23:18:06,649 [WARNING] [ENTRY BLOCK] FIL/USDT:USDT — 최대 포지션 수 도달: 2/2
2026-07-30 23:18:06,951 [INFO] [SCAN] 완료: 18개 종목 · 신호 10개 · API 호출 18회 · 캐시 히트 0회
2026-07-30 23:18:14,139 [INFO] [SCAN] 블랙리스트 4개 제외: ['IP/USDT:USDT', 'NES/USDT:USDT', 'WLD/USDT:USDT', 'XAG/USDT:USDT', 'XAU/USDT:USDT', 'XAUT/USDT:USDT']
2026-07-30 23:18:14,139 [INFO] [SCAN] 스캔 시작: 30개 페어 (캐시 18개 보유)
2026-07-30 23:18:15,206 [INFO] [SIG] SOL/USDT:USDT LONG 신호 포착 (강도 95%)
2026-07-30 23:18:15,206 [INFO] [SIGNAL] SOL/USDT:USDT LONG 신호 수신 (strength=95)
2026-07-30 23:18:15,605 [INFO] [RISK OK] SOL/USDT:USDT 리스크 체크 통과
2026-07-30 23:18:15,984 [WARNING] [ENTRY BLOCK] SOL/USDT:USDT — 최대 포지션 수 도달: 2/2
2026-07-30 23:18:16,615 [INFO] [SIG] XRP/USDT:USDT LONG 신호 포착 (강도 95%)
2026-07-30 23:18:16,616 [INFO] [SIGNAL] XRP/USDT:USDT LONG 신호 수신 (strength=95)
2026-07-30 23:18:17,015 [INFO] [RISK OK] XRP/USDT:USDT 리스크 체크 통과
2026-07-30 23:18:17,295 [WARNING] [ENTRY BLOCK] XRP/USDT:USDT — 최대 포지션 수 도달: 2/2
2026-07-30 23:18:17,945 [INFO] [SIG] DOGE/USDT:USDT LONG 신호 포착 (강도 95%)
2026-07-30 23:18:17,946 [INFO] [SIGNAL] DOGE/USDT:USDT LONG 신호 수신 (strength=95)
2026-07-30 23:18:18,449 [INFO] [RISK OK] DOGE/USDT:USDT 리스크 체크 통과
2026-07-30 23:18:18,730 [WARNING] [ENTRY BLOCK] DOGE/USDT:USDT — 최대 포지션 수 도달: 2/2
2026-07-30 23:18:19,766 [INFO] [SIG] AEON/USDT:USDT LONG 신호 포착 (강도 90%)
2026-07-30 23:18:19,767 [INFO] [SIGNAL] AEON/USDT:USDT LONG 신호 수신 (strength=90)
2026-07-30 23:18:20,215 [INFO] [RISK OK] AEON/USDT:USDT 리스크 체크 통과
2026-07-30 23:18:20,601 [INFO] [ENTRY BLOCK] AEON/USDT:USDT — 이미 포지션 보유 또는 진입 주문 전송 중
2026-07-30 23:18:21,654 [INFO] [SIG] PEPE/USDT:USDT LONG 신호 포착 (강도 95%)
2026-07-30 23:18:21,654 [INFO] [SIGNAL] PEPE/USDT:USDT LONG 신호 수신 (strength=95)
2026-07-30 23:18:22,056 [INFO] [RISK OK] PEPE/USDT:USDT 리스크 체크 통과
2026-07-30 23:18:22,342 [WARNING] [ENTRY BLOCK] PEPE/USDT:USDT — 최대 포지션 수 도달: 2/2
2026-07-30 23:18:22,969 [INFO] [SIG] UNI/USDT:USDT LONG 신호 포착 (강도 95%)
2026-07-30 23:18:22,970 [INFO] [SIGNAL] UNI/USDT:USDT LONG 신호 수신 (strength=95)
2026-07-30 23:18:23,596 [INFO] [RISK OK] UNI/USDT:USDT 리스크 체크 통과
2026-07-30 23:18:23,983 [WARNING] [ENTRY BLOCK] UNI/USDT:USDT — 최대 포지션 수 도달: 2/2
2026-07-30 23:18:24,580 [INFO] [SIG] KAITO/USDT:USDT SHORT 신호 포착 (강도 90%)
2026-07-30 23:18:24,580 [INFO] [SIGNAL] KAITO/USDT:USDT SHORT 신호 수신 (strength=90)
2026-07-30 23:18:25,091 [INFO] [RISK OK] KAITO/USDT:USDT 리스크 체크 통과
2026-07-30 23:18:25,483 [WARNING] [ENTRY BLOCK] KAITO/USDT:USDT — 최대 포지션 수 도달: 2/2
2026-07-30 23:18:26,069 [INFO] [SIG] SUI/USDT:USDT LONG 신호 포착 (강도 95%)
2026-07-30 23:18:26,070 [INFO] [SIGNAL] SUI/USDT:USDT LONG 신호 수신 (strength=95)
2026-07-30 23:18:26,480 [INFO] [RISK OK] SUI/USDT:USDT 리스크 체크 통과
2026-07-30 23:18:26,764 [WARNING] [ENTRY BLOCK] SUI/USDT:USDT — 최대 포지션 수 도달: 2/2
2026-07-30 23:18:27,351 [INFO] [SIG] BNB/USDT:USDT LONG 신호 포착 (강도 95%)
2026-07-30 23:18:27,351 [INFO] [SIGNAL] BNB/USDT:USDT LONG 신호 수신 (strength=95)
2026-07-30 23:18:27,796 [INFO] [RISK OK] BNB/USDT:USDT 리스크 체크 통과
2026-07-30 23:18:28,127 [WARNING] [ENTRY BLOCK] BNB/USDT:USDT — 최대 포지션 수 도달: 2/2
2026-07-30 23:18:29,164 [INFO] [SIG] ADA/USDT:USDT LONG 신호 포착 (강도 95%)
2026-07-30 23:18:29,164 [INFO] [SIGNAL] ADA/USDT:USDT LONG 신호 수신 (strength=95)
2026-07-30 23:18:29,769 [INFO] [RISK OK] ADA/USDT:USDT 리스크 체크 통과
2026-07-30 23:18:30,048 [WARNING] [ENTRY BLOCK] ADA/USDT:USDT — 최대 포지션 수 도달: 2/2
2026-07-30 23:18:31,482 [INFO] [SIG] FIL/USDT:USDT LONG 신호 포착 (강도 95%)
2026-07-30 23:18:31,482 [INFO] [SIGNAL] FIL/USDT:USDT LONG 신호 수신 (strength=95)
2026-07-30 23:18:31,987 [INFO] [RISK OK] FIL/USDT:USDT 리스크 체크 통과
2026-07-30 23:18:32,264 [WARNING] [ENTRY BLOCK] FIL/USDT:USDT — 최대 포지션 수 도달: 2/2
2026-07-30 23:18:32,565 [INFO] [SCAN] 완료: 18개 종목 · 신호 11개 · API 호출 18회 · 캐시 히트 0회
2026-07-30 23:18:37,925 [INFO] [SCAN] 블랙리스트 4개 제외: ['IP/USDT:USDT', 'NES/USDT:USDT', 'WLD/USDT:USDT', 'XAG/USDT:USDT', 'XAU/USDT:USDT', 'XAUT/USDT:USDT']
2026-07-30 23:18:37,926 [INFO] [SCAN] 스캔 시작: 30개 페어 (캐시 18개 보유)
2026-07-30 23:18:38,978 [INFO] [SIG] SOL/USDT:USDT LONG 신호 포착 (강도 95%)
2026-07-30 23:18:38,978 [INFO] [SIGNAL] SOL/USDT:USDT LONG 신호 수신 (strength=95)
2026-07-30 23:18:39,477 [INFO] [RISK OK] SOL/USDT:USDT 리스크 체크 통과
2026-07-30 23:18:39,770 [WARNING] [ENTRY BLOCK] SOL/USDT:USDT — 최대 포지션 수 도달: 2/2
2026-07-30 23:18:40,398 [INFO] [SIG] XRP/USDT:USDT LONG 신호 포착 (강도 95%)
2026-07-30 23:18:40,398 [INFO] [SIGNAL] XRP/USDT:USDT LONG 신호 수신 (strength=95)
2026-07-30 23:18:40,892 [INFO] [RISK OK] XRP/USDT:USDT 리스크 체크 통과
2026-07-30 23:18:41,171 [WARNING] [ENTRY BLOCK] XRP/USDT:USDT — 최대 포지션 수 도달: 2/2
2026-07-30 23:18:41,759 [INFO] [SIG] DOGE/USDT:USDT LONG 신호 포착 (강도 95%)
2026-07-30 23:18:41,760 [INFO] [SIGNAL] DOGE/USDT:USDT LONG 신호 수신 (strength=95)
2026-07-30 23:18:42,153 [INFO] [RISK OK] DOGE/USDT:USDT 리스크 체크 통과
2026-07-30 23:18:42,478 [WARNING] [ENTRY BLOCK] DOGE/USDT:USDT — 최대 포지션 수 도달: 2/2
2026-07-30 23:18:43,478 [INFO] [SIG] AEON/USDT:USDT LONG 신호 포착 (강도 90%)
2026-07-30 23:18:43,479 [INFO] [SIGNAL] AEON/USDT:USDT LONG 신호 수신 (strength=90)
2026-07-30 23:18:43,869 [INFO] [RISK OK] AEON/USDT:USDT 리스크 체크 통과
2026-07-30 23:18:44,251 [INFO] [ENTRY BLOCK] AEON/USDT:USDT — 이미 포지션 보유 또는 진입 주문 전송 중
2026-07-30 23:18:45,259 [INFO] [SIG] PEPE/USDT:USDT LONG 신호 포착 (강도 95%)
2026-07-30 23:18:45,259 [INFO] [SIGNAL] PEPE/USDT:USDT LONG 신호 수신 (strength=95)
2026-07-30 23:18:45,655 [INFO] [RISK OK] PEPE/USDT:USDT 리스크 체크 통과
2026-07-30 23:18:45,932 [WARNING] [ENTRY BLOCK] PEPE/USDT:USDT — 최대 포지션 수 도달: 2/2
2026-07-30 23:18:46,520 [INFO] [SIG] UNI/USDT:USDT LONG 신호 포착 (강도 95%)
2026-07-30 23:18:46,520 [INFO] [SIGNAL] UNI/USDT:USDT LONG 신호 수신 (strength=95)
2026-07-30 23:18:47,023 [INFO] [RISK OK] UNI/USDT:USDT 리스크 체크 통과
2026-07-30 23:18:47,305 [WARNING] [ENTRY BLOCK] UNI/USDT:USDT — 최대 포지션 수 도달: 2/2
2026-07-30 23:18:48,313 [INFO] [SIG] SUI/USDT:USDT LONG 신호 포착 (강도 95%)
2026-07-30 23:18:48,313 [INFO] [SIGNAL] SUI/USDT:USDT LONG 신호 수신 (strength=95)
2026-07-30 23:18:48,817 [INFO] [RISK OK] SUI/USDT:USDT 리스크 체크 통과
2026-07-30 23:18:49,097 [WARNING] [ENTRY BLOCK] SUI/USDT:USDT — 최대 포지션 수 도달: 2/2
2026-07-30 23:18:49,688 [INFO] [SIG] BNB/USDT:USDT LONG 신호 포착 (강도 95%)
2026-07-30 23:18:49,688 [INFO] [SIGNAL] BNB/USDT:USDT LONG 신호 수신 (strength=95)
2026-07-30 23:18:50,232 [INFO] [RISK OK] BNB/USDT:USDT 리스크 체크 통과
2026-07-30 23:18:50,515 [WARNING] [ENTRY BLOCK] BNB/USDT:USDT — 최대 포지션 수 도달: 2/2
2026-07-30 23:18:51,528 [INFO] [SIG] ADA/USDT:USDT LONG 신호 포착 (강도 95%)
2026-07-30 23:18:51,529 [INFO] [SIGNAL] ADA/USDT:USDT LONG 신호 수신 (strength=95)
2026-07-30 23:18:52,035 [INFO] [RISK OK] ADA/USDT:USDT 리스크 체크 통과
2026-07-30 23:18:52,326 [WARNING] [ENTRY BLOCK] ADA/USDT:USDT — 최대 포지션 수 도달: 2/2
2026-07-30 23:18:53,742 [INFO] [SIG] FIL/USDT:USDT LONG 신호 포착 (강도 95%)
2026-07-30 23:18:53,743 [INFO] [SIGNAL] FIL/USDT:USDT LONG 신호 수신 (strength=95)
2026-07-30 23:18:54,244 [INFO] [RISK OK] FIL/USDT:USDT 리스크 체크 통과
2026-07-30 23:18:54,522 [WARNING] [ENTRY BLOCK] FIL/USDT:USDT — 최대 포지션 수 도달: 2/2
2026-07-30 23:18:54,823 [INFO] [SCAN] 완료: 18개 종목 · 신호 10개 · API 호출 18회 · 캐시 히트 0회
2026-07-30 23:19:00,187 [INFO] [SCAN] 블랙리스트 4개 제외: ['IP/USDT:USDT', 'NES/USDT:USDT', 'WLD/USDT:USDT', 'XAG/USDT:USDT', 'XAU/USDT:USDT', 'XAUT/USDT:USDT']
2026-07-30 23:19:00,187 [INFO] [SCAN] 스캔 시작: 30개 페어 (캐시 18개 보유)
2026-07-30 23:19:01,204 [INFO] [SIG] SOL/USDT:USDT LONG 신호 포착 (강도 95%)
2026-07-30 23:19:01,204 [INFO] [SIGNAL] SOL/USDT:USDT LONG 신호 수신 (strength=95)
2026-07-30 23:19:01,707 [INFO] [RISK OK] SOL/USDT:USDT 리스크 체크 통과
2026-07-30 23:19:01,987 [WARNING] [ENTRY BLOCK] SOL/USDT:USDT — 최대 포지션 수 도달: 2/2
2026-07-30 23:19:02,767 [INFO] [SIG] XRP/USDT:USDT LONG 신호 포착 (강도 95%)
2026-07-30 23:19:02,767 [INFO] [SIGNAL] XRP/USDT:USDT LONG 신호 수신 (strength=95)
2026-07-30 23:19:02,827 [INFO] [상태] 잔고:$111.72 | 포지션:2개 | 스캔:39회 | 스캐너:ON
2026-07-30 23:19:03,423 [INFO] [RISK OK] XRP/USDT:USDT 리스크 체크 통과
2026-07-30 23:19:03,706 [WARNING] [ENTRY BLOCK] XRP/USDT:USDT — 최대 포지션 수 도달: 2/2
2026-07-30 23:19:04,297 [INFO] [SIG] DOGE/USDT:USDT LONG 신호 포착 (강도 95%)
2026-07-30 23:19:04,297 [INFO] [SIGNAL] DOGE/USDT:USDT LONG 신호 수신 (strength=95)
2026-07-30 23:19:04,695 [INFO] [RISK OK] DOGE/USDT:USDT 리스크 체크 통과
2026-07-30 23:19:04,974 [WARNING] [ENTRY BLOCK] DOGE/USDT:USDT — 최대 포지션 수 도달: 2/2
2026-07-30 23:19:05,989 [INFO] [SIG] AEON/USDT:USDT LONG 신호 포착 (강도 90%)
2026-07-30 23:19:05,989 [INFO] [SIGNAL] AEON/USDT:USDT LONG 신호 수신 (strength=90)
2026-07-30 23:19:06,496 [INFO] [RISK OK] AEON/USDT:USDT 리스크 체크 통과
2026-07-30 23:19:06,809 [INFO] [ENTRY BLOCK] AEON/USDT:USDT — 이미 포지션 보유 또는 진입 주문 전송 중
2026-07-30 23:19:07,899 [INFO] [SIG] PEPE/USDT:USDT LONG 신호 포착 (강도 95%)
2026-07-30 23:19:07,899 [INFO] [SIGNAL] PEPE/USDT:USDT LONG 신호 수신 (strength=95)
2026-07-30 23:19:08,397 [INFO] [RISK OK] PEPE/USDT:USDT 리스크 체크 통과
2026-07-30 23:19:08,780 [WARNING] [ENTRY BLOCK] PEPE/USDT:USDT — 최대 포지션 수 도달: 2/2
2026-07-30 23:19:09,368 [INFO] [SIG] UNI/USDT:USDT LONG 신호 포착 (강도 95%)
2026-07-30 23:19:09,368 [INFO] [SIGNAL] UNI/USDT:USDT LONG 신호 수신 (strength=95)
2026-07-30 23:19:09,761 [INFO] [RISK OK] UNI/USDT:USDT 리스크 체크 통과
2026-07-30 23:19:10,042 [WARNING] [ENTRY BLOCK] UNI/USDT:USDT — 최대 포지션 수 도달: 2/2
2026-07-30 23:19:10,628 [INFO] [SIG] KAITO/USDT:USDT SHORT 신호 포착 (강도 90%)
2026-07-30 23:19:10,628 [INFO] [SIGNAL] KAITO/USDT:USDT SHORT 신호 수신 (strength=90)
2026-07-30 23:19:11,020 [INFO] [RISK OK] KAITO/USDT:USDT 리스크 체크 통과
2026-07-30 23:19:11,299 [WARNING] [ENTRY BLOCK] KAITO/USDT:USDT — 최대 포지션 수 도달: 2/2
2026-07-30 23:19:11,884 [INFO] [SIG] SUI/USDT:USDT LONG 신호 포착 (강도 95%)
2026-07-30 23:19:11,884 [INFO] [SIGNAL] SUI/USDT:USDT LONG 신호 수신 (strength=95)
2026-07-30 23:19:12,383 [INFO] [RISK OK] SUI/USDT:USDT 리스크 체크 통과
2026-07-30 23:19:12,763 [WARNING] [ENTRY BLOCK] SUI/USDT:USDT — 최대 포지션 수 도달: 2/2
2026-07-30 23:19:13,402 [INFO] [SIG] BNB/USDT:USDT LONG 신호 포착 (강도 95%)
2026-07-30 23:19:13,402 [INFO] [SIGNAL] BNB/USDT:USDT LONG 신호 수신 (strength=95)
2026-07-30 23:19:13,805 [INFO] [RISK OK] BNB/USDT:USDT 리스크 체크 통과
2026-07-30 23:19:14,085 [WARNING] [ENTRY BLOCK] BNB/USDT:USDT — 최대 포지션 수 도달: 2/2
2026-07-30 23:19:16,389 [INFO] [SIG] FIL/USDT:USDT LONG 신호 포착 (강도 95%)
2026-07-30 23:19:16,389 [INFO] [SIGNAL] FIL/USDT:USDT LONG 신호 수신 (strength=95)
2026-07-30 23:19:16,887 [INFO] [RISK OK] FIL/USDT:USDT 리스크 체크 통과
2026-07-30 23:19:17,167 [WARNING] [ENTRY BLOCK] FIL/USDT:USDT — 최대 포지션 수 도달: 2/2
2026-07-30 23:19:17,468 [INFO] [SCAN] 완료: 18개 종목 · 신호 10개 · API 호출 18회 · 캐시 히트 0회
2026-07-30 23:19:24,850 [INFO] [SCAN] 블랙리스트 4개 제외: ['IP/USDT:USDT', 'NES/USDT:USDT', 'WLD/USDT:USDT', 'XAG/USDT:USDT', 'XAU/USDT:USDT', 'XAUT/USDT:USDT']
2026-07-30 23:19:24,850 [INFO] [SCAN] 스캔 시작: 30개 페어 (캐시 18개 보유)
2026-07-30 23:19:25,864 [INFO] [SIG] SOL/USDT:USDT LONG 신호 포착 (강도 95%)
2026-07-30 23:19:25,864 [INFO] [SIGNAL] SOL/USDT:USDT LONG 신호 수신 (strength=95)
2026-07-30 23:19:26,373 [INFO] [RISK OK] SOL/USDT:USDT 리스크 체크 통과
2026-07-30 23:19:26,762 [WARNING] [ENTRY BLOCK] SOL/USDT:USDT — 최대 포지션 수 도달: 2/2
2026-07-30 23:19:27,344 [INFO] [SIG] XRP/USDT:USDT LONG 신호 포착 (강도 95%)
2026-07-30 23:19:27,344 [INFO] [SIGNAL] XRP/USDT:USDT LONG 신호 수신 (strength=95)
2026-07-30 23:19:27,847 [INFO] [RISK OK] XRP/USDT:USDT 리스크 체크 통과
2026-07-30 23:19:28,124 [WARNING] [ENTRY BLOCK] XRP/USDT:USDT — 최대 포지션 수 도달: 2/2
2026-07-30 23:19:28,706 [INFO] [SIG] DOGE/USDT:USDT LONG 신호 포착 (강도 95%)
2026-07-30 23:19:28,706 [INFO] [SIGNAL] DOGE/USDT:USDT LONG 신호 수신 (strength=95)
2026-07-30 23:19:29,312 [INFO] [RISK OK] DOGE/USDT:USDT 리스크 체크 통과
2026-07-30 23:19:29,699 [WARNING] [ENTRY BLOCK] DOGE/USDT:USDT — 최대 포지션 수 도달: 2/2
2026-07-30 23:19:30,710 [INFO] [SIG] AEON/USDT:USDT LONG 신호 포착 (강도 90%)
2026-07-30 23:19:30,710 [INFO] [SIGNAL] AEON/USDT:USDT LONG 신호 수신 (strength=90)
2026-07-30 23:19:31,110 [INFO] [RISK OK] AEON/USDT:USDT 리스크 체크 통과
2026-07-30 23:19:31,389 [INFO] [ENTRY BLOCK] AEON/USDT:USDT — 이미 포지션 보유 또는 진입 주문 전송 중
2026-07-30 23:19:32,394 [INFO] [SIG] PEPE/USDT:USDT LONG 신호 포착 (강도 95%)
2026-07-30 23:19:32,394 [INFO] [SIGNAL] PEPE/USDT:USDT LONG 신호 수신 (strength=95)
2026-07-30 23:19:32,890 [INFO] [RISK OK] PEPE/USDT:USDT 리스크 체크 통과
2026-07-30 23:19:33,168 [WARNING] [ENTRY BLOCK] PEPE/USDT:USDT — 최대 포지션 수 도달: 2/2
2026-07-30 23:19:33,757 [INFO] [SIG] UNI/USDT:USDT LONG 신호 포착 (강도 95%)
2026-07-30 23:19:33,757 [INFO] [SIGNAL] UNI/USDT:USDT LONG 신호 수신 (strength=95)
2026-07-30 23:19:34,259 [INFO] [RISK OK] UNI/USDT:USDT 리스크 체크 통과
2026-07-30 23:19:34,548 [WARNING] [ENTRY BLOCK] UNI/USDT:USDT — 최대 포지션 수 도달: 2/2
2026-07-30 23:19:35,133 [INFO] [SIG] KAITO/USDT:USDT SHORT 신호 포착 (강도 90%)
2026-07-30 23:19:35,133 [INFO] [SIGNAL] KAITO/USDT:USDT SHORT 신호 수신 (strength=90)
2026-07-30 23:19:35,526 [INFO] [RISK OK] KAITO/USDT:USDT 리스크 체크 통과
2026-07-30 23:19:35,806 [WARNING] [ENTRY BLOCK] KAITO/USDT:USDT — 최대 포지션 수 도달: 2/2
2026-07-30 23:19:36,395 [INFO] [SIG] SUI/USDT:USDT LONG 신호 포착 (강도 95%)
2026-07-30 23:19:36,396 [INFO] [SIGNAL] SUI/USDT:USDT LONG 신호 수신 (strength=95)
2026-07-30 23:19:36,897 [INFO] [RISK OK] SUI/USDT:USDT 리스크 체크 통과
2026-07-30 23:19:37,181 [WARNING] [ENTRY BLOCK] SUI/USDT:USDT — 최대 포지션 수 도달: 2/2
2026-07-30 23:19:37,766 [INFO] [SIG] BNB/USDT:USDT LONG 신호 포착 (강도 95%)
2026-07-30 23:19:37,766 [INFO] [SIGNAL] BNB/USDT:USDT LONG 신호 수신 (strength=95)
2026-07-30 23:19:38,162 [INFO] [RISK OK] BNB/USDT:USDT 리스크 체크 통과
2026-07-30 23:19:38,440 [WARNING] [ENTRY BLOCK] BNB/USDT:USDT — 최대 포지션 수 도달: 2/2
2026-07-30 23:19:41,237 [INFO] [SIG] FIL/USDT:USDT LONG 신호 포착 (강도 95%)
2026-07-30 23:19:41,237 [INFO] [SIGNAL] FIL/USDT:USDT LONG 신호 수신 (strength=95)
2026-07-30 23:19:41,631 [INFO] [RISK OK] FIL/USDT:USDT 리스크 체크 통과
2026-07-30 23:19:42,011 [WARNING] [ENTRY BLOCK] FIL/USDT:USDT — 최대 포지션 수 도달: 2/2
2026-07-30 23:19:42,312 [INFO] [SCAN] 완료: 18개 종목 · 신호 10개 · API 호출 18회 · 캐시 히트 0회
2026-07-30 23:19:47,681 [INFO] [SCAN] 블랙리스트 4개 제외: ['IP/USDT:USDT', 'NES/USDT:USDT', 'WLD/USDT:USDT', 'XAG/USDT:USDT', 'XAU/USDT:USDT', 'XAUT/USDT:USDT']
2026-07-30 23:19:47,681 [INFO] [SCAN] 스캔 시작: 30개 페어 (캐시 18개 보유)
2026-07-30 23:19:48,728 [INFO] [SIG] SOL/USDT:USDT LONG 신호 포착 (강도 95%)
2026-07-30 23:19:48,729 [INFO] [SIGNAL] SOL/USDT:USDT LONG 신호 수신 (strength=95)
2026-07-30 23:19:49,123 [INFO] [RISK OK] SOL/USDT:USDT 리스크 체크 통과
2026-07-30 23:19:49,439 [WARNING] [ENTRY BLOCK] SOL/USDT:USDT — 최대 포지션 수 도달: 2/2
2026-07-30 23:19:50,026 [INFO] [SIG] XRP/USDT:USDT LONG 신호 포착 (강도 95%)
2026-07-30 23:19:50,026 [INFO] [SIGNAL] XRP/USDT:USDT LONG 신호 수신 (strength=95)
2026-07-30 23:19:50,427 [INFO] [RISK OK] XRP/USDT:USDT 리스크 체크 통과
2026-07-30 23:19:50,712 [WARNING] [ENTRY BLOCK] XRP/USDT:USDT — 최대 포지션 수 도달: 2/2
2026-07-30 23:19:51,336 [INFO] [SIG] DOGE/USDT:USDT LONG 신호 포착 (강도 95%)
2026-07-30 23:19:51,336 [INFO] [SIGNAL] DOGE/USDT:USDT LONG 신호 수신 (strength=95)
2026-07-30 23:19:51,735 [INFO] [RISK OK] DOGE/USDT:USDT 리스크 체크 통과
2026-07-30 23:19:52,049 [WARNING] [ENTRY BLOCK] DOGE/USDT:USDT — 최대 포지션 수 도달: 2/2
2026-07-30 23:19:53,060 [INFO] [SIG] AEON/USDT:USDT LONG 신호 포착 (강도 90%)
2026-07-30 23:19:53,060 [INFO] [SIGNAL] AEON/USDT:USDT LONG 신호 수신 (strength=90)
2026-07-30 23:19:53,573 [INFO] [RISK OK] AEON/USDT:USDT 리스크 체크 통과
2026-07-30 23:19:53,856 [INFO] [ENTRY BLOCK] AEON/USDT:USDT — 이미 포지션 보유 또는 진입 주문 전송 중
2026-07-30 23:19:54,879 [INFO] [SIG] PEPE/USDT:USDT LONG 신호 포착 (강도 95%)
2026-07-30 23:19:54,880 [INFO] [SIGNAL] PEPE/USDT:USDT LONG 신호 수신 (strength=95)
2026-07-30 23:19:55,278 [INFO] [RISK OK] PEPE/USDT:USDT 리스크 체크 통과
2026-07-30 23:19:55,562 [WARNING] [ENTRY BLOCK] PEPE/USDT:USDT — 최대 포지션 수 도달: 2/2
2026-07-30 23:19:56,151 [INFO] [SIG] UNI/USDT:USDT LONG 신호 포착 (강도 95%)
2026-07-30 23:19:56,151 [INFO] [SIGNAL] UNI/USDT:USDT LONG 신호 수신 (strength=95)
2026-07-30 23:19:56,655 [INFO] [RISK OK] UNI/USDT:USDT 리스크 체크 통과
2026-07-30 23:19:56,953 [WARNING] [ENTRY BLOCK] UNI/USDT:USDT — 최대 포지션 수 도달: 2/2
2026-07-30 23:19:57,536 [INFO] [SIG] KAITO/USDT:USDT SHORT 신호 포착 (강도 90%)
2026-07-30 23:19:57,536 [INFO] [SIGNAL] KAITO/USDT:USDT SHORT 신호 수신 (strength=90)
2026-07-30 23:19:58,032 [INFO] [RISK OK] KAITO/USDT:USDT 리스크 체크 통과
2026-07-30 23:19:58,312 [WARNING] [ENTRY BLOCK] KAITO/USDT:USDT — 최대 포지션 수 도달: 2/2
2026-07-30 23:19:58,897 [INFO] [SIG] SUI/USDT:USDT LONG 신호 포착 (강도 95%)
2026-07-30 23:19:58,897 [INFO] [SIGNAL] SUI/USDT:USDT LONG 신호 수신 (strength=95)
2026-07-30 23:19:59,390 [INFO] [RISK OK] SUI/USDT:USDT 리스크 체크 통과
2026-07-30 23:19:59,824 [WARNING] [ENTRY BLOCK] SUI/USDT:USDT — 최대 포지션 수 도달: 2/2
2026-07-30 23:20:00,412 [INFO] [SIG] BNB/USDT:USDT LONG 신호 포착 (강도 95%)
2026-07-30 23:20:00,412 [INFO] [SIGNAL] BNB/USDT:USDT LONG 신호 수신 (strength=95)
2026-07-30 23:20:00,920 [INFO] [RISK OK] BNB/USDT:USDT 리스크 체크 통과
2026-07-30 23:20:01,201 [WARNING] [ENTRY BLOCK] BNB/USDT:USDT — 최대 포지션 수 도달: 2/2
2026-07-30 23:20:03,292 [INFO] [상태] 잔고:$111.72 | 포지션:2개 | 스캔:41회 | 스캐너:ON
2026-07-30 23:20:03,797 [INFO] [SIG] FIL/USDT:USDT LONG 신호 포착 (강도 95%)
2026-07-30 23:20:03,797 [INFO] [SIGNAL] FIL/USDT:USDT LONG 신호 수신 (strength=95)
2026-07-30 23:20:04,200 [INFO] [RISK OK] FIL/USDT:USDT 리스크 체크 통과
2026-07-30 23:20:04,478 [WARNING] [ENTRY BLOCK] FIL/USDT:USDT — 최대 포지션 수 도달: 2/2
2026-07-30 23:20:04,780 [INFO] [SCAN] 완료: 18개 종목 · 신호 10개 · API 호출 18회 · 캐시 히트 0회
2026-07-30 23:20:10,154 [INFO] [SCAN] 블랙리스트 4개 제외: ['IP/USDT:USDT', 'NES/USDT:USDT', 'WLD/USDT:USDT', 'XAG/USDT:USDT', 'XAU/USDT:USDT', 'XAUT/USDT:USDT']
2026-07-30 23:20:10,154 [INFO] [SCAN] 스캔 시작: 30개 페어 (캐시 18개 보유)
2026-07-30 23:20:11,170 [INFO] [SIG] SOL/USDT:USDT LONG 신호 포착 (강도 95%)
2026-07-30 23:20:11,171 [INFO] [SIGNAL] SOL/USDT:USDT LONG 신호 수신 (strength=95)
2026-07-30 23:20:11,571 [INFO] [RISK OK] SOL/USDT:USDT 리스크 체크 통과
2026-07-30 23:20:11,849 [WARNING] [ENTRY BLOCK] SOL/USDT:USDT — 최대 포지션 수 도달: 2/2
2026-07-30 23:20:12,432 [INFO] [SIG] XRP/USDT:USDT LONG 신호 포착 (강도 95%)
2026-07-30 23:20:12,432 [INFO] [SIGNAL] XRP/USDT:USDT LONG 신호 수신 (strength=95)
2026-07-30 23:20:12,826 [INFO] [RISK OK] XRP/USDT:USDT 리스크 체크 통과
2026-07-30 23:20:13,102 [WARNING] [ENTRY BLOCK] XRP/USDT:USDT — 최대 포지션 수 도달: 2/2
2026-07-30 23:20:13,686 [INFO] [SIG] DOGE/USDT:USDT LONG 신호 포착 (강도 95%)
2026-07-30 23:20:13,686 [INFO] [SIGNAL] DOGE/USDT:USDT LONG 신호 수신 (strength=95)
2026-07-30 23:20:14,086 [INFO] [RISK OK] DOGE/USDT:USDT 리스크 체크 통과
2026-07-30 23:20:14,365 [WARNING] [ENTRY BLOCK] DOGE/USDT:USDT — 최대 포지션 수 도달: 2/2
2026-07-30 23:20:15,789 [INFO] [SIG] ZEC/USDT:USDT LONG 신호 포착 (강도 90%)
2026-07-30 23:20:15,789 [INFO] [SIGNAL] ZEC/USDT:USDT LONG 신호 수신 (strength=90)
2026-07-30 23:20:16,184 [INFO] [RISK OK] ZEC/USDT:USDT 리스크 체크 통과
2026-07-30 23:20:16,465 [WARNING] [ENTRY BLOCK] ZEC/USDT:USDT — 최대 포지션 수 도달: 2/2
2026-07-30 23:20:17,468 [INFO] [SIG] UNI/USDT:USDT LONG 신호 포착 (강도 95%)
2026-07-30 23:20:17,468 [INFO] [SIGNAL] UNI/USDT:USDT LONG 신호 수신 (strength=95)
2026-07-30 23:20:17,969 [INFO] [RISK OK] UNI/USDT:USDT 리스크 체크 통과
2026-07-30 23:20:18,249 [WARNING] [ENTRY BLOCK] UNI/USDT:USDT — 최대 포지션 수 도달: 2/2
2026-07-30 23:20:19,277 [INFO] [SIG] SUI/USDT:USDT LONG 신호 포착 (강도 95%)
2026-07-30 23:20:19,277 [INFO] [SIGNAL] SUI/USDT:USDT LONG 신호 수신 (strength=95)
2026-07-30 23:20:19,676 [INFO] [RISK OK] SUI/USDT:USDT 리스크 체크 통과
2026-07-30 23:20:19,955 [WARNING] [ENTRY BLOCK] SUI/USDT:USDT — 최대 포지션 수 도달: 2/2
2026-07-30 23:20:20,545 [INFO] [SIG] BNB/USDT:USDT LONG 신호 포착 (강도 95%)
2026-07-30 23:20:20,545 [INFO] [SIGNAL] BNB/USDT:USDT LONG 신호 수신 (strength=95)
2026-07-30 23:20:21,054 [INFO] [RISK OK] BNB/USDT:USDT 리스크 체크 통과
2026-07-30 23:20:21,339 [WARNING] [ENTRY BLOCK] BNB/USDT:USDT — 최대 포지션 수 도달: 2/2
2026-07-30 23:20:21,925 [INFO] [SIG] ONDO/USDT:USDT LONG 신호 포착 (강도 90%)
2026-07-30 23:20:21,925 [INFO] [SIGNAL] ONDO/USDT:USDT LONG 신호 수신 (strength=90)
2026-07-30 23:20:22,320 [INFO] [RISK OK] ONDO/USDT:USDT 리스크 체크 통과
2026-07-30 23:20:22,597 [WARNING] [ENTRY BLOCK] ONDO/USDT:USDT — 최대 포지션 수 도달: 2/2
2026-07-30 23:20:24,483 [INFO] [SIG] FIL/USDT:USDT LONG 신호 포착 (강도 95%)
2026-07-30 23:20:24,484 [INFO] [SIGNAL] FIL/USDT:USDT LONG 신호 수신 (strength=95)
2026-07-30 23:20:24,889 [INFO] [RISK OK] FIL/USDT:USDT 리스크 체크 통과
2026-07-30 23:20:25,174 [WARNING] [ENTRY BLOCK] FIL/USDT:USDT — 최대 포지션 수 도달: 2/2
2026-07-30 23:20:25,478 [INFO] [SCAN] 완료: 18개 종목 · 신호 9개 · API 호출 18회 · 캐시 히트 0회
2026-07-30 23:20:32,631 [INFO] [SCAN] 블랙리스트 4개 제외: ['IP/USDT:USDT', 'NES/USDT:USDT', 'WLD/USDT:USDT', 'XAG/USDT:USDT', 'XAU/USDT:USDT', 'XAUT/USDT:USDT']
2026-07-30 23:20:32,631 [INFO] [SCAN] 스캔 시작: 30개 페어 (캐시 18개 보유)
2026-07-30 23:20:33,647 [INFO] [SIG] SOL/USDT:USDT LONG 신호 포착 (강도 95%)
2026-07-30 23:20:33,647 [INFO] [SIGNAL] SOL/USDT:USDT LONG 신호 수신 (strength=95)
2026-07-30 23:20:34,155 [INFO] [RISK OK] SOL/USDT:USDT 리스크 체크 통과
2026-07-30 23:20:34,438 [WARNING] [ENTRY BLOCK] SOL/USDT:USDT — 최대 포지션 수 도달: 2/2
2026-07-30 23:20:35,035 [INFO] [SIG] XRP/USDT:USDT LONG 신호 포착 (강도 95%)
2026-07-30 23:20:35,035 [INFO] [SIGNAL] XRP/USDT:USDT LONG 신호 수신 (strength=95)
2026-07-30 23:20:35,543 [INFO] [RISK OK] XRP/USDT:USDT 리스크 체크 통과
2026-07-30 23:20:35,932 [WARNING] [ENTRY BLOCK] XRP/USDT:USDT — 최대 포지션 수 도달: 2/2
2026-07-30 23:20:37,792 [INFO] [SIG] ZEC/USDT:USDT LONG 신호 포착 (강도 90%)
2026-07-30 23:20:37,792 [INFO] [SIGNAL] ZEC/USDT:USDT LONG 신호 수신 (strength=90)
2026-07-30 23:20:38,415 [INFO] [RISK OK] ZEC/USDT:USDT 리스크 체크 통과
2026-07-30 23:20:38,698 [WARNING] [ENTRY BLOCK] ZEC/USDT:USDT — 최대 포지션 수 도달: 2/2
2026-07-30 23:20:39,782 [INFO] [SIG] UNI/USDT:USDT LONG 신호 포착 (강도 95%)
2026-07-30 23:20:39,782 [INFO] [SIGNAL] UNI/USDT:USDT LONG 신호 수신 (strength=95)
2026-07-30 23:20:40,293 [INFO] [RISK OK] UNI/USDT:USDT 리스크 체크 통과
2026-07-30 23:20:40,573 [WARNING] [ENTRY BLOCK] UNI/USDT:USDT — 최대 포지션 수 도달: 2/2
2026-07-30 23:20:41,593 [INFO] [SIG] SUI/USDT:USDT LONG 신호 포착 (강도 95%)
2026-07-30 23:20:41,593 [INFO] [SIGNAL] SUI/USDT:USDT LONG 신호 수신 (strength=95)
2026-07-30 23:20:41,992 [INFO] [RISK OK] SUI/USDT:USDT 리스크 체크 통과
2026-07-30 23:20:42,383 [WARNING] [ENTRY BLOCK] SUI/USDT:USDT — 최대 포지션 수 도달: 2/2
2026-07-30 23:20:42,972 [INFO] [SIG] BNB/USDT:USDT LONG 신호 포착 (강도 95%)
2026-07-30 23:20:42,972 [INFO] [SIGNAL] BNB/USDT:USDT LONG 신호 수신 (strength=95)
2026-07-30 23:20:43,598 [INFO] [RISK OK] BNB/USDT:USDT 리스크 체크 통과
2026-07-30 23:20:43,982 [WARNING] [ENTRY BLOCK] BNB/USDT:USDT — 최대 포지션 수 도달: 2/2
2026-07-30 23:20:45,101 [INFO] [SIG] ONDO/USDT:USDT LONG 신호 포착 (강도 90%)
2026-07-30 23:20:45,101 [INFO] [SIGNAL] ONDO/USDT:USDT LONG 신호 수신 (strength=90)
2026-07-30 23:20:45,501 [INFO] [RISK OK] ONDO/USDT:USDT 리스크 체크 통과
2026-07-30 23:20:45,885 [WARNING] [ENTRY BLOCK] ONDO/USDT:USDT — 최대 포지션 수 도달: 2/2
2026-07-30 23:20:46,470 [INFO] [SIG] ADA/USDT:USDT LONG 신호 포착 (강도 95%)
2026-07-30 23:20:46,470 [INFO] [SIGNAL] ADA/USDT:USDT LONG 신호 수신 (strength=95)
2026-07-30 23:20:46,973 [INFO] [RISK OK] ADA/USDT:USDT 리스크 체크 통과
2026-07-30 23:20:47,254 [WARNING] [ENTRY BLOCK] ADA/USDT:USDT — 최대 포지션 수 도달: 2/2
2026-07-30 23:20:48,696 [INFO] [SIG] FIL/USDT:USDT LONG 신호 포착 (강도 95%)
2026-07-30 23:20:48,696 [INFO] [SIGNAL] FIL/USDT:USDT LONG 신호 수신 (strength=95)
2026-07-30 23:20:49,159 [INFO] [RISK OK] FIL/USDT:USDT 리스크 체크 통과
2026-07-30 23:20:49,440 [WARNING] [ENTRY BLOCK] FIL/USDT:USDT — 최대 포지션 수 도달: 2/2
2026-07-30 23:20:49,742 [INFO] [SCAN] 완료: 18개 종목 · 신호 9개 · API 호출 18회 · 캐시 히트 0회
2026-07-30 23:20:55,129 [INFO] [SCAN] 블랙리스트 4개 제외: ['IP/USDT:USDT', 'NES/USDT:USDT', 'WLD/USDT:USDT', 'XAG/USDT:USDT', 'XAU/USDT:USDT', 'XAUT/USDT:USDT']
2026-07-30 23:20:55,129 [INFO] [SCAN] 스캔 시작: 30개 페어 (캐시 18개 보유)
2026-07-30 23:20:56,186 [INFO] [SIG] SOL/USDT:USDT LONG 신호 포착 (강도 95%)
2026-07-30 23:20:56,186 [INFO] [SIGNAL] SOL/USDT:USDT LONG 신호 수신 (strength=95)
2026-07-30 23:20:56,583 [INFO] [RISK OK] SOL/USDT:USDT 리스크 체크 통과
2026-07-30 23:20:56,973 [WARNING] [ENTRY BLOCK] SOL/USDT:USDT — 최대 포지션 수 도달: 2/2
2026-07-30 23:20:57,560 [INFO] [SIG] XRP/USDT:USDT LONG 신호 포착 (강도 95%)
2026-07-30 23:20:57,560 [INFO] [SIGNAL] XRP/USDT:USDT LONG 신호 수신 (strength=95)
2026-07-30 23:20:57,958 [INFO] [RISK OK] XRP/USDT:USDT 리스크 체크 통과
2026-07-30 23:20:58,240 [WARNING] [ENTRY BLOCK] XRP/USDT:USDT — 최대 포지션 수 도달: 2/2
2026-07-30 23:20:58,832 [INFO] [SIG] DOGE/USDT:USDT LONG 신호 포착 (강도 95%)
2026-07-30 23:20:58,832 [INFO] [SIGNAL] DOGE/USDT:USDT LONG 신호 수신 (strength=95)
2026-07-30 23:20:59,234 [INFO] [RISK OK] DOGE/USDT:USDT 리스크 체크 통과
2026-07-30 23:20:59,512 [WARNING] [ENTRY BLOCK] DOGE/USDT:USDT — 최대 포지션 수 도달: 2/2
2026-07-30 23:21:00,981 [INFO] [SIG] ZEC/USDT:USDT LONG 신호 포착 (강도 90%)
2026-07-30 23:21:00,981 [INFO] [SIGNAL] ZEC/USDT:USDT LONG 신호 수신 (strength=90)
2026-07-30 23:21:01,487 [INFO] [RISK OK] ZEC/USDT:USDT 리스크 체크 통과
2026-07-30 23:21:01,767 [WARNING] [ENTRY BLOCK] ZEC/USDT:USDT — 최대 포지션 수 도달: 2/2
2026-07-30 23:21:03,208 [INFO] [SIG] SUI/USDT:USDT LONG 신호 포착 (강도 95%)
2026-07-30 23:21:03,208 [INFO] [SIGNAL] SUI/USDT:USDT LONG 신호 수신 (strength=95)
2026-07-30 23:21:03,707 [INFO] [RISK OK] SUI/USDT:USDT 리스크 체크 통과
2026-07-30 23:21:04,050 [WARNING] [ENTRY BLOCK] SUI/USDT:USDT — 최대 포지션 수 도달: 2/2
2026-07-30 23:21:04,268 [INFO] [상태] 잔고:$111.61 | 포지션:2개 | 스캔:44회 | 스캐너:ON
2026-07-30 23:21:05,106 [INFO] [SIG] BNB/USDT:USDT LONG 신호 포착 (강도 95%)
2026-07-30 23:21:05,106 [INFO] [SIGNAL] BNB/USDT:USDT LONG 신호 수신 (strength=95)
2026-07-30 23:21:05,500 [INFO] [RISK OK] BNB/USDT:USDT 리스크 체크 통과
2026-07-30 23:21:05,782 [WARNING] [ENTRY BLOCK] BNB/USDT:USDT — 최대 포지션 수 도달: 2/2
2026-07-30 23:21:06,374 [INFO] [SIG] ONDO/USDT:USDT LONG 신호 포착 (강도 90%)
2026-07-30 23:21:06,374 [INFO] [SIGNAL] ONDO/USDT:USDT LONG 신호 수신 (strength=90)
2026-07-30 23:21:06,776 [INFO] [RISK OK] ONDO/USDT:USDT 리스크 체크 통과
2026-07-30 23:21:07,054 [WARNING] [ENTRY BLOCK] ONDO/USDT:USDT — 최대 포지션 수 도달: 2/2
2026-07-30 23:21:07,639 [INFO] [SIG] ADA/USDT:USDT LONG 신호 포착 (강도 95%)
2026-07-30 23:21:07,639 [INFO] [SIGNAL] ADA/USDT:USDT LONG 신호 수신 (strength=95)
2026-07-30 23:21:08,140 [INFO] [RISK OK] ADA/USDT:USDT 리스크 체크 통과
2026-07-30 23:21:08,422 [WARNING] [ENTRY BLOCK] ADA/USDT:USDT — 최대 포지션 수 도달: 2/2
2026-07-30 23:21:09,851 [INFO] [SIG] FIL/USDT:USDT LONG 신호 포착 (강도 95%)
2026-07-30 23:21:09,851 [INFO] [SIGNAL] FIL/USDT:USDT LONG 신호 수신 (strength=95)
2026-07-30 23:21:10,253 [INFO] [RISK OK] FIL/USDT:USDT 리스크 체크 통과
2026-07-30 23:21:10,535 [WARNING] [ENTRY BLOCK] FIL/USDT:USDT — 최대 포지션 수 도달: 2/2
2026-07-30 23:21:10,836 [INFO] [SCAN] 완료: 18개 종목 · 신호 9개 · API 호출 18회 · 캐시 히트 0회
2026-07-30 23:21:16,205 [INFO] [SCAN] 블랙리스트 4개 제외: ['IP/USDT:USDT', 'NES/USDT:USDT', 'WLD/USDT:USDT', 'XAG/USDT:USDT', 'XAU/USDT:USDT', 'XAUT/USDT:USDT']
2026-07-30 23:21:16,205 [INFO] [SCAN] 스캔 시작: 30개 페어 (캐시 18개 보유)
2026-07-30 23:21:17,223 [INFO] [SIG] SOL/USDT:USDT LONG 신호 포착 (강도 95%)
2026-07-30 23:21:17,223 [INFO] [SIGNAL] SOL/USDT:USDT LONG 신호 수신 (strength=95)
2026-07-30 23:21:17,777 [INFO] [RISK OK] SOL/USDT:USDT 리스크 체크 통과
2026-07-30 23:21:18,167 [WARNING] [ENTRY BLOCK] SOL/USDT:USDT — 최대 포지션 수 도달: 2/2
2026-07-30 23:21:18,762 [INFO] [SIG] XRP/USDT:USDT LONG 신호 포착 (강도 95%)
2026-07-30 23:21:18,762 [INFO] [SIGNAL] XRP/USDT:USDT LONG 신호 수신 (strength=95)
2026-07-30 23:21:19,157 [INFO] [RISK OK] XRP/USDT:USDT 리스크 체크 통과
2026-07-30 23:21:19,436 [WARNING] [ENTRY BLOCK] XRP/USDT:USDT — 최대 포지션 수 도달: 2/2
2026-07-30 23:21:21,352 [INFO] [SIG] ZEC/USDT:USDT LONG 신호 포착 (강도 90%)
2026-07-30 23:21:21,352 [INFO] [SIGNAL] ZEC/USDT:USDT LONG 신호 수신 (strength=90)
2026-07-30 23:21:21,860 [INFO] [RISK OK] ZEC/USDT:USDT 리스크 체크 통과
2026-07-30 23:21:22,141 [WARNING] [ENTRY BLOCK] ZEC/USDT:USDT — 최대 포지션 수 도달: 2/2
2026-07-30 23:21:23,692 [INFO] [SIG] SUI/USDT:USDT LONG 신호 포착 (강도 95%)
2026-07-30 23:21:23,692 [INFO] [SIGNAL] SUI/USDT:USDT LONG 신호 수신 (strength=95)
2026-07-30 23:21:24,083 [INFO] [RISK OK] SUI/USDT:USDT 리스크 체크 통과
2026-07-30 23:21:24,367 [WARNING] [ENTRY BLOCK] SUI/USDT:USDT — 최대 포지션 수 도달: 2/2
2026-07-30 23:21:25,429 [INFO] [SIG] BNB/USDT:USDT LONG 신호 포착 (강도 95%)
2026-07-30 23:21:25,429 [INFO] [SIGNAL] BNB/USDT:USDT LONG 신호 수신 (strength=95)
2026-07-30 23:21:25,823 [INFO] [RISK OK] BNB/USDT:USDT 리스크 체크 통과
2026-07-30 23:21:26,204 [WARNING] [ENTRY BLOCK] BNB/USDT:USDT — 최대 포지션 수 도달: 2/2
2026-07-30 23:21:26,798 [INFO] [SIG] ONDO/USDT:USDT LONG 신호 포착 (강도 90%)
2026-07-30 23:21:26,798 [INFO] [SIGNAL] ONDO/USDT:USDT LONG 신호 수신 (strength=90)
2026-07-30 23:21:27,200 [INFO] [RISK OK] ONDO/USDT:USDT 리스크 체크 통과
2026-07-30 23:21:27,482 [WARNING] [ENTRY BLOCK] ONDO/USDT:USDT — 최대 포지션 수 도달: 2/2
2026-07-30 23:21:28,072 [INFO] [SIG] ADA/USDT:USDT LONG 신호 포착 (강도 95%)
2026-07-30 23:21:28,072 [INFO] [SIGNAL] ADA/USDT:USDT LONG 신호 수신 (strength=95)
2026-07-30 23:21:28,479 [INFO] [RISK OK] ADA/USDT:USDT 리스크 체크 통과
2026-07-30 23:21:28,865 [WARNING] [ENTRY BLOCK] ADA/USDT:USDT — 최대 포지션 수 도달: 2/2
2026-07-30 23:21:29,455 [INFO] [SIG] RE/USDT:USDT LONG 신호 포착 (강도 90%)
2026-07-30 23:21:29,455 [INFO] [SIGNAL] RE/USDT:USDT LONG 신호 수신 (strength=90)
2026-07-30 23:21:29,853 [INFO] [RISK OK] RE/USDT:USDT 리스크 체크 통과
2026-07-30 23:21:30,134 [WARNING] [ENTRY BLOCK] RE/USDT:USDT — 최대 포지션 수 도달: 2/2
2026-07-30 23:21:31,157 [INFO] [SIG] FIL/USDT:USDT LONG 신호 포착 (강도 95%)
2026-07-30 23:21:31,157 [INFO] [SIGNAL] FIL/USDT:USDT LONG 신호 수신 (strength=95)
2026-07-30 23:21:31,560 [INFO] [RISK OK] FIL/USDT:USDT 리스크 체크 통과
2026-07-30 23:21:31,839 [WARNING] [ENTRY BLOCK] FIL/USDT:USDT — 최대 포지션 수 도달: 2/2
2026-07-30 23:21:32,141 [INFO] [SCAN] 완료: 18개 종목 · 신호 9개 · API 호출 18회 · 캐시 히트 0회
2026-07-30 23:21:39,278 [INFO] [SCAN] 블랙리스트 4개 제외: ['IP/USDT:USDT', 'NES/USDT:USDT', 'WLD/USDT:USDT', 'XAG/USDT:USDT', 'XAU/USDT:USDT', 'XAUT/USDT:USDT']
2026-07-30 23:21:39,278 [INFO] [SCAN] 스캔 시작: 30개 페어 (캐시 18개 보유)
2026-07-30 23:21:40,290 [INFO] [SIG] SOL/USDT:USDT LONG 신호 포착 (강도 95%)
2026-07-30 23:21:40,290 [INFO] [SIGNAL] SOL/USDT:USDT LONG 신호 수신 (strength=95)
2026-07-30 23:21:40,840 [INFO] [RISK OK] SOL/USDT:USDT 리스크 체크 통과
2026-07-30 23:21:41,123 [WARNING] [ENTRY BLOCK] SOL/USDT:USDT — 최대 포지션 수 도달: 2/2
2026-07-30 23:21:41,718 [INFO] [SIG] XRP/USDT:USDT LONG 신호 포착 (강도 95%)
2026-07-30 23:21:41,718 [INFO] [SIGNAL] XRP/USDT:USDT LONG 신호 수신 (strength=95)
2026-07-30 23:21:42,116 [INFO] [RISK OK] XRP/USDT:USDT 리스크 체크 통과
2026-07-30 23:21:42,398 [WARNING] [ENTRY BLOCK] XRP/USDT:USDT — 최대 포지션 수 도달: 2/2
2026-07-30 23:21:42,983 [INFO] [SIG] DOGE/USDT:USDT LONG 신호 포착 (강도 95%)
2026-07-30 23:21:42,983 [INFO] [SIGNAL] DOGE/USDT:USDT LONG 신호 수신 (strength=95)
2026-07-30 23:21:43,381 [INFO] [RISK OK] DOGE/USDT:USDT 리스크 체크 통과
2026-07-30 23:21:43,776 [WARNING] [ENTRY BLOCK] DOGE/USDT:USDT — 최대 포지션 수 도달: 2/2
2026-07-30 23:21:45,216 [INFO] [SIG] ZEC/USDT:USDT LONG 신호 포착 (강도 90%)
2026-07-30 23:21:45,217 [INFO] [SIGNAL] ZEC/USDT:USDT LONG 신호 수신 (strength=90)
2026-07-30 23:21:45,764 [INFO] [RISK OK] ZEC/USDT:USDT 리스크 체크 통과
2026-07-30 23:21:46,047 [WARNING] [ENTRY BLOCK] ZEC/USDT:USDT — 최대 포지션 수 도달: 2/2
2026-07-30 23:21:47,482 [INFO] [SIG] SUI/USDT:USDT LONG 신호 포착 (강도 95%)
2026-07-30 23:21:47,482 [INFO] [SIGNAL] SUI/USDT:USDT LONG 신호 수신 (strength=95)
2026-07-30 23:21:47,880 [INFO] [RISK OK] SUI/USDT:USDT 리스크 체크 통과
2026-07-30 23:21:48,272 [WARNING] [ENTRY BLOCK] SUI/USDT:USDT — 최대 포지션 수 도달: 2/2
2026-07-30 23:21:49,287 [INFO] [SIG] BNB/USDT:USDT LONG 신호 포착 (강도 95%)
2026-07-30 23:21:49,287 [INFO] [SIGNAL] BNB/USDT:USDT LONG 신호 수신 (strength=95)
2026-07-30 23:21:49,690 [INFO] [RISK OK] BNB/USDT:USDT 리스크 체크 통과
2026-07-30 23:21:50,077 [WARNING] [ENTRY BLOCK] BNB/USDT:USDT — 최대 포지션 수 도달: 2/2
2026-07-30 23:21:50,672 [INFO] [SIG] ONDO/USDT:USDT LONG 신호 포착 (강도 90%)
2026-07-30 23:21:50,672 [INFO] [SIGNAL] ONDO/USDT:USDT LONG 신호 수신 (strength=90)
2026-07-30 23:21:51,181 [INFO] [RISK OK] ONDO/USDT:USDT 리스크 체크 통과
2026-07-30 23:21:51,571 [WARNING] [ENTRY BLOCK] ONDO/USDT:USDT — 최대 포지션 수 도달: 2/2
2026-07-30 23:21:52,160 [INFO] [SIG] ADA/USDT:USDT LONG 신호 포착 (강도 95%)
2026-07-30 23:21:52,160 [INFO] [SIGNAL] ADA/USDT:USDT LONG 신호 수신 (strength=95)
2026-07-30 23:21:52,555 [INFO] [RISK OK] ADA/USDT:USDT 리스크 체크 통과
2026-07-30 23:21:52,833 [WARNING] [ENTRY BLOCK] ADA/USDT:USDT — 최대 포지션 수 도달: 2/2
2026-07-30 23:21:54,311 [INFO] [SIG] FIL/USDT:USDT LONG 신호 포착 (강도 95%)
2026-07-30 23:21:54,312 [INFO] [SIGNAL] FIL/USDT:USDT LONG 신호 수신 (strength=95)
2026-07-30 23:21:54,698 [INFO] [RISK OK] FIL/USDT:USDT 리스크 체크 통과
2026-07-30 23:21:55,030 [WARNING] [ENTRY BLOCK] FIL/USDT:USDT — 최대 포지션 수 도달: 2/2
2026-07-30 23:21:55,331 [INFO] [SCAN] 완료: 18개 종목 · 신호 9개 · API 호출 18회 · 캐시 히트 0회
2026-07-30 23:22:00,733 [INFO] [SCAN] 블랙리스트 4개 제외: ['IP/USDT:USDT', 'NES/USDT:USDT', 'WLD/USDT:USDT', 'XAG/USDT:USDT', 'XAU/USDT:USDT', 'XAUT/USDT:USDT']
2026-07-30 23:22:00,733 [INFO] [SCAN] 스캔 시작: 30개 페어 (캐시 18개 보유)
2026-07-30 23:22:01,803 [INFO] [SIG] SOL/USDT:USDT LONG 신호 포착 (강도 95%)
2026-07-30 23:22:01,803 [INFO] [SIGNAL] SOL/USDT:USDT LONG 신호 수신 (strength=95)
2026-07-30 23:22:02,308 [INFO] [RISK OK] SOL/USDT:USDT 리스크 체크 통과
2026-07-30 23:22:02,588 [WARNING] [ENTRY BLOCK] SOL/USDT:USDT — 최대 포지션 수 도달: 2/2
2026-07-30 23:22:03,168 [INFO] [SIG] XRP/USDT:USDT LONG 신호 포착 (강도 95%)
2026-07-30 23:22:03,168 [INFO] [SIGNAL] XRP/USDT:USDT LONG 신호 수신 (strength=95)
2026-07-30 23:22:03,677 [INFO] [RISK OK] XRP/USDT:USDT 리스크 체크 통과
2026-07-30 23:22:03,952 [WARNING] [ENTRY BLOCK] XRP/USDT:USDT — 최대 포지션 수 도달: 2/2
2026-07-30 23:22:04,584 [INFO] [SIG] DOGE/USDT:USDT LONG 신호 포착 (강도 95%)
2026-07-30 23:22:04,585 [INFO] [SIGNAL] DOGE/USDT:USDT LONG 신호 수신 (strength=95)
2026-07-30 23:22:05,113 [INFO] [상태] 잔고:$111.24 | 포지션:2개 | 스캔:47회 | 스캐너:ON
2026-07-30 23:22:05,305 [INFO] [RISK OK] DOGE/USDT:USDT 리스크 체크 통과
2026-07-30 23:22:05,586 [WARNING] [ENTRY BLOCK] DOGE/USDT:USDT — 최대 포지션 수 도달: 2/2
2026-07-30 23:22:07,026 [INFO] [SIG] ZEC/USDT:USDT LONG 신호 포착 (강도 90%)
2026-07-30 23:22:07,026 [INFO] [SIGNAL] ZEC/USDT:USDT LONG 신호 수신 (strength=90)
2026-07-30 23:22:07,529 [INFO] [RISK OK] ZEC/USDT:USDT 리스크 체크 통과
2026-07-30 23:22:07,920 [WARNING] [ENTRY BLOCK] ZEC/USDT:USDT — 최대 포지션 수 도달: 2/2
2026-07-30 23:22:08,511 [INFO] [SIG] PEPE/USDT:USDT LONG 신호 포착 (강도 95%)
2026-07-30 23:22:08,512 [INFO] [SIGNAL] PEPE/USDT:USDT LONG 신호 수신 (strength=95)
2026-07-30 23:22:09,016 [INFO] [RISK OK] PEPE/USDT:USDT 리스크 체크 통과
2026-07-30 23:22:09,299 [WARNING] [ENTRY BLOCK] PEPE/USDT:USDT — 최대 포지션 수 도달: 2/2
2026-07-30 23:22:10,308 [INFO] [SIG] SUI/USDT:USDT LONG 신호 포착 (강도 95%)
2026-07-30 23:22:10,308 [INFO] [SIGNAL] SUI/USDT:USDT LONG 신호 수신 (strength=95)
2026-07-30 23:22:10,815 [INFO] [RISK OK] SUI/USDT:USDT 리스크 체크 통과
2026-07-30 23:22:11,256 [WARNING] [ENTRY BLOCK] SUI/USDT:USDT — 최대 포지션 수 도달: 2/2
2026-07-30 23:22:12,279 [INFO] [SIG] BNB/USDT:USDT LONG 신호 포착 (강도 95%)
2026-07-30 23:22:12,279 [INFO] [SIGNAL] BNB/USDT:USDT LONG 신호 수신 (strength=95)
2026-07-30 23:22:12,672 [INFO] [RISK OK] BNB/USDT:USDT 리스크 체크 통과
2026-07-30 23:22:12,962 [WARNING] [ENTRY BLOCK] BNB/USDT:USDT — 최대 포지션 수 도달: 2/2
2026-07-30 23:22:13,555 [INFO] [SIG] ONDO/USDT:USDT LONG 신호 포착 (강도 90%)
2026-07-30 23:22:13,555 [INFO] [SIGNAL] ONDO/USDT:USDT LONG 신호 수신 (strength=90)
2026-07-30 23:22:14,058 [INFO] [RISK OK] ONDO/USDT:USDT 리스크 체크 통과
2026-07-30 23:22:14,334 [WARNING] [ENTRY BLOCK] ONDO/USDT:USDT — 최대 포지션 수 도달: 2/2
2026-07-30 23:22:15,354 [INFO] [SIG] RE/USDT:USDT LONG 신호 포착 (강도 90%)
2026-07-30 23:22:15,354 [INFO] [SIGNAL] RE/USDT:USDT LONG 신호 수신 (strength=90)
2026-07-30 23:22:15,850 [INFO] [RISK OK] RE/USDT:USDT 리스크 체크 통과
2026-07-30 23:22:16,132 [WARNING] [ENTRY BLOCK] RE/USDT:USDT — 최대 포지션 수 도달: 2/2
2026-07-30 23:22:17,151 [INFO] [SIG] FIL/USDT:USDT LONG 신호 포착 (강도 95%)
2026-07-30 23:22:17,151 [INFO] [SIGNAL] FIL/USDT:USDT LONG 신호 수신 (strength=95)
2026-07-30 23:22:17,766 [INFO] [RISK OK] FIL/USDT:USDT 리스크 체크 통과
2026-07-30 23:22:18,051 [WARNING] [ENTRY BLOCK] FIL/USDT:USDT — 최대 포지션 수 도달: 2/2
2026-07-30 23:22:18,352 [INFO] [SCAN] 완료: 18개 종목 · 신호 10개 · API 호출 18회 · 캐시 히트 0회
2026-07-30 23:22:23,721 [INFO] [SCAN] 블랙리스트 4개 제외: ['IP/USDT:USDT', 'NES/USDT:USDT', 'WLD/USDT:USDT', 'XAG/USDT:USDT', 'XAU/USDT:USDT', 'XAUT/USDT:USDT']
2026-07-30 23:22:23,721 [INFO] [SCAN] 스캔 시작: 30개 페어 (캐시 18개 보유)
2026-07-30 23:22:24,738 [INFO] [SIG] SOL/USDT:USDT LONG 신호 포착 (강도 95%)
2026-07-30 23:22:24,739 [INFO] [SIGNAL] SOL/USDT:USDT LONG 신호 수신 (strength=95)
2026-07-30 23:22:25,137 [INFO] [RISK OK] SOL/USDT:USDT 리스크 체크 통과
2026-07-30 23:22:25,524 [WARNING] [ENTRY BLOCK] SOL/USDT:USDT — 최대 포지션 수 도달: 2/2
2026-07-30 23:22:26,108 [INFO] [SIG] XRP/USDT:USDT LONG 신호 포착 (강도 95%)
2026-07-30 23:22:26,108 [INFO] [SIGNAL] XRP/USDT:USDT LONG 신호 수신 (strength=95)
2026-07-30 23:22:26,604 [INFO] [RISK OK] XRP/USDT:USDT 리스크 체크 통과
2026-07-30 23:22:26,885 [WARNING] [ENTRY BLOCK] XRP/USDT:USDT — 최대 포지션 수 도달: 2/2
2026-07-30 23:22:27,508 [INFO] [SIG] DOGE/USDT:USDT LONG 신호 포착 (강도 95%)
2026-07-30 23:22:27,508 [INFO] [SIGNAL] DOGE/USDT:USDT LONG 신호 수신 (strength=95)
2026-07-30 23:22:28,010 [INFO] [RISK OK] DOGE/USDT:USDT 리스크 체크 통과
2026-07-30 23:22:28,289 [WARNING] [ENTRY BLOCK] DOGE/USDT:USDT — 최대 포지션 수 도달: 2/2
2026-07-30 23:22:29,730 [INFO] [SIG] ZEC/USDT:USDT LONG 신호 포착 (강도 90%)
2026-07-30 23:22:29,731 [INFO] [SIGNAL] ZEC/USDT:USDT LONG 신호 수신 (strength=90)
2026-07-30 23:22:30,237 [INFO] [RISK OK] ZEC/USDT:USDT 리스크 체크 통과
2026-07-30 23:22:30,516 [WARNING] [ENTRY BLOCK] ZEC/USDT:USDT — 최대 포지션 수 도달: 2/2
2026-07-30 23:22:31,105 [INFO] [SIG] PEPE/USDT:USDT LONG 신호 포착 (강도 95%)
2026-07-30 23:22:31,105 [INFO] [SIGNAL] PEPE/USDT:USDT LONG 신호 수신 (strength=95)
2026-07-30 23:22:31,540 [INFO] [RISK OK] PEPE/USDT:USDT 리스크 체크 통과
2026-07-30 23:22:31,824 [WARNING] [ENTRY BLOCK] PEPE/USDT:USDT — 최대 포지션 수 도달: 2/2
2026-07-30 23:22:32,832 [INFO] [SIG] SUI/USDT:USDT LONG 신호 포착 (강도 95%)
2026-07-30 23:22:32,832 [INFO] [SIGNAL] SUI/USDT:USDT LONG 신호 수신 (strength=95)
2026-07-30 23:22:33,226 [INFO] [RISK OK] SUI/USDT:USDT 리스크 체크 통과
2026-07-30 23:22:33,507 [WARNING] [ENTRY BLOCK] SUI/USDT:USDT — 최대 포지션 수 도달: 2/2
2026-07-30 23:22:34,524 [INFO] [SIG] BNB/USDT:USDT LONG 신호 포착 (강도 95%)
2026-07-30 23:22:34,524 [INFO] [SIGNAL] BNB/USDT:USDT LONG 신호 수신 (strength=95)
2026-07-30 23:22:35,068 [INFO] [RISK OK] BNB/USDT:USDT 리스크 체크 통과
2026-07-30 23:22:35,389 [WARNING] [ENTRY BLOCK] BNB/USDT:USDT — 최대 포지션 수 도달: 2/2
2026-07-30 23:22:35,980 [INFO] [SIG] ONDO/USDT:USDT LONG 신호 포착 (강도 90%)
2026-07-30 23:22:35,980 [INFO] [SIGNAL] ONDO/USDT:USDT LONG 신호 수신 (strength=90)
2026-07-30 23:22:36,378 [INFO] [RISK OK] ONDO/USDT:USDT 리스크 체크 통과
2026-07-30 23:22:36,765 [WARNING] [ENTRY BLOCK] ONDO/USDT:USDT — 최대 포지션 수 도달: 2/2
2026-07-30 23:22:38,634 [INFO] [SIG] FIL/USDT:USDT LONG 신호 포착 (강도 95%)
2026-07-30 23:22:38,634 [INFO] [SIGNAL] FIL/USDT:USDT LONG 신호 수신 (strength=95)
2026-07-30 23:22:39,034 [INFO] [RISK OK] FIL/USDT:USDT 리스크 체크 통과
2026-07-30 23:22:39,417 [WARNING] [ENTRY BLOCK] FIL/USDT:USDT — 최대 포지션 수 도달: 2/2
2026-07-30 23:22:39,719 [INFO] [SCAN] 완료: 18개 종목 · 신호 9개 · API 호출 18회 · 캐시 히트 0회
2026-07-30 23:22:46,878 [INFO] [SCAN] 블랙리스트 4개 제외: ['IP/USDT:USDT', 'NES/USDT:USDT', 'WLD/USDT:USDT', 'XAG/USDT:USDT', 'XAU/USDT:USDT', 'XAUT/USDT:USDT']
2026-07-30 23:22:46,878 [INFO] [SCAN] 스캔 시작: 30개 페어 (캐시 18개 보유)
2026-07-30 23:22:47,889 [INFO] [SIG] SOL/USDT:USDT LONG 신호 포착 (강도 95%)
2026-07-30 23:22:47,890 [INFO] [SIGNAL] SOL/USDT:USDT LONG 신호 수신 (strength=95)
2026-07-30 23:22:48,435 [INFO] [RISK OK] SOL/USDT:USDT 리스크 체크 통과
2026-07-30 23:22:48,824 [WARNING] [ENTRY BLOCK] SOL/USDT:USDT — 최대 포지션 수 도달: 2/2
2026-07-30 23:22:49,415 [INFO] [SIG] XRP/USDT:USDT LONG 신호 포착 (강도 95%)
2026-07-30 23:22:49,415 [INFO] [SIGNAL] XRP/USDT:USDT LONG 신호 수신 (strength=95)
2026-07-30 23:22:49,962 [INFO] [RISK OK] XRP/USDT:USDT 리스크 체크 통과
2026-07-30 23:22:50,345 [WARNING] [ENTRY BLOCK] XRP/USDT:USDT — 최대 포지션 수 도달: 2/2
2026-07-30 23:22:50,939 [INFO] [SIG] DOGE/USDT:USDT LONG 신호 포착 (강도 95%)
2026-07-30 23:22:50,939 [INFO] [SIGNAL] DOGE/USDT:USDT LONG 신호 수신 (strength=95)
2026-07-30 23:22:51,609 [INFO] [RISK OK] DOGE/USDT:USDT 리스크 체크 통과
2026-07-30 23:22:51,999 [WARNING] [ENTRY BLOCK] DOGE/USDT:USDT — 최대 포지션 수 도달: 2/2
2026-07-30 23:22:53,484 [INFO] [SIG] ZEC/USDT:USDT LONG 신호 포착 (강도 90%)
2026-07-30 23:22:53,484 [INFO] [SIGNAL] ZEC/USDT:USDT LONG 신호 수신 (strength=90)
2026-07-30 23:22:53,985 [INFO] [RISK OK] ZEC/USDT:USDT 리스크 체크 통과
2026-07-30 23:22:54,371 [WARNING] [ENTRY BLOCK] ZEC/USDT:USDT — 최대 포지션 수 도달: 2/2
2026-07-30 23:22:54,996 [INFO] [SIG] PEPE/USDT:USDT LONG 신호 포착 (강도 95%)
2026-07-30 23:22:54,996 [INFO] [SIGNAL] PEPE/USDT:USDT LONG 신호 수신 (strength=95)
2026-07-30 23:22:55,388 [INFO] [RISK OK] PEPE/USDT:USDT 리스크 체크 통과
2026-07-30 23:22:55,668 [WARNING] [ENTRY BLOCK] PEPE/USDT:USDT — 최대 포지션 수 도달: 2/2
2026-07-30 23:22:56,709 [INFO] [SIG] SUI/USDT:USDT LONG 신호 포착 (강도 95%)
2026-07-30 23:22:56,709 [INFO] [SIGNAL] SUI/USDT:USDT LONG 신호 수신 (strength=95)
2026-07-30 23:22:57,313 [INFO] [RISK OK] SUI/USDT:USDT 리스크 체크 통과
2026-07-30 23:22:57,591 [WARNING] [ENTRY BLOCK] SUI/USDT:USDT — 최대 포지션 수 도달: 2/2
2026-07-30 23:22:58,606 [INFO] [SIG] BNB/USDT:USDT LONG 신호 포착 (강도 95%)
2026-07-30 23:22:58,606 [INFO] [SIGNAL] BNB/USDT:USDT LONG 신호 수신 (strength=95)
2026-07-30 23:22:59,037 [INFO] [RISK OK] BNB/USDT:USDT 리스크 체크 통과
2026-07-30 23:22:59,317 [WARNING] [ENTRY BLOCK] BNB/USDT:USDT — 최대 포지션 수 도달: 2/2
2026-07-30 23:22:59,906 [INFO] [SIG] ONDO/USDT:USDT LONG 신호 포착 (강도 90%)
2026-07-30 23:22:59,906 [INFO] [SIGNAL] ONDO/USDT:USDT LONG 신호 수신 (strength=90)
2026-07-30 23:23:00,454 [INFO] [RISK OK] ONDO/USDT:USDT 리스크 체크 통과
2026-07-30 23:23:00,744 [WARNING] [ENTRY BLOCK] ONDO/USDT:USDT — 최대 포지션 수 도달: 2/2
2026-07-30 23:23:02,642 [INFO] [SIG] FIL/USDT:USDT LONG 신호 포착 (강도 95%)
2026-07-30 23:23:02,642 [INFO] [SIGNAL] FIL/USDT:USDT LONG 신호 수신 (strength=95)
2026-07-30 23:23:03,034 [INFO] [RISK OK] FIL/USDT:USDT 리스크 체크 통과
2026-07-30 23:23:03,313 [WARNING] [ENTRY BLOCK] FIL/USDT:USDT — 최대 포지션 수 도달: 2/2
2026-07-30 23:23:03,615 [INFO] [SCAN] 완료: 18개 종목 · 신호 9개 · API 호출 18회 · 캐시 히트 0회
2026-07-30 23:23:05,849 [INFO] [상태] 잔고:$111.14 | 포지션:2개 | 스캔:50회 | 스캐너:ON
2026-07-30 23:23:09,027 [INFO] [SCAN] 블랙리스트 4개 제외: ['IP/USDT:USDT', 'NES/USDT:USDT', 'WLD/USDT:USDT', 'XAG/USDT:USDT', 'XAU/USDT:USDT', 'XAUT/USDT:USDT']
2026-07-30 23:23:09,027 [INFO] [SCAN] 스캔 시작: 30개 페어 (캐시 18개 보유)
2026-07-30 23:23:10,086 [INFO] [SIG] SOL/USDT:USDT LONG 신호 포착 (강도 95%)
2026-07-30 23:23:10,087 [INFO] [SIGNAL] SOL/USDT:USDT LONG 신호 수신 (strength=95)
2026-07-30 23:23:10,536 [INFO] [RISK OK] SOL/USDT:USDT 리스크 체크 통과
2026-07-30 23:23:10,812 [WARNING] [ENTRY BLOCK] SOL/USDT:USDT — 최대 포지션 수 도달: 2/2
2026-07-30 23:23:11,401 [INFO] [SIG] XRP/USDT:USDT LONG 신호 포착 (강도 95%)
2026-07-30 23:23:11,401 [INFO] [SIGNAL] XRP/USDT:USDT LONG 신호 수신 (strength=95)
2026-07-30 23:23:11,907 [INFO] [RISK OK] XRP/USDT:USDT 리스크 체크 통과
2026-07-30 23:23:12,191 [WARNING] [ENTRY BLOCK] XRP/USDT:USDT — 최대 포지션 수 도달: 2/2
2026-07-30 23:23:12,822 [INFO] [SIG] DOGE/USDT:USDT LONG 신호 포착 (강도 95%)
2026-07-30 23:23:12,822 [INFO] [SIGNAL] DOGE/USDT:USDT LONG 신호 수신 (strength=95)
2026-07-30 23:23:13,269 [INFO] [RISK OK] DOGE/USDT:USDT 리스크 체크 통과
2026-07-30 23:23:13,546 [WARNING] [ENTRY BLOCK] DOGE/USDT:USDT — 최대 포지션 수 도달: 2/2
2026-07-30 23:23:15,038 [INFO] [SIG] ZEC/USDT:USDT LONG 신호 포착 (강도 90%)
2026-07-30 23:23:15,038 [INFO] [SIGNAL] ZEC/USDT:USDT LONG 신호 수신 (strength=90)
2026-07-30 23:23:15,541 [INFO] [RISK OK] ZEC/USDT:USDT 리스크 체크 통과
2026-07-30 23:23:15,824 [WARNING] [ENTRY BLOCK] ZEC/USDT:USDT — 최대 포지션 수 도달: 2/2
2026-07-30 23:23:16,516 [INFO] [SIG] PEPE/USDT:USDT LONG 신호 포착 (강도 95%)
2026-07-30 23:23:16,517 [INFO] [SIGNAL] PEPE/USDT:USDT LONG 신호 수신 (strength=95)
2026-07-30 23:23:17,158 [INFO] [RISK OK] PEPE/USDT:USDT 리스크 체크 통과
2026-07-30 23:23:17,437 [WARNING] [ENTRY BLOCK] PEPE/USDT:USDT — 최대 포지션 수 도달: 2/2
2026-07-30 23:23:18,492 [INFO] [SIG] SUI/USDT:USDT LONG 신호 포착 (강도 95%)
2026-07-30 23:23:18,492 [INFO] [SIGNAL] SUI/USDT:USDT LONG 신호 수신 (strength=95)
2026-07-30 23:23:19,089 [INFO] [RISK OK] SUI/USDT:USDT 리스크 체크 통과
2026-07-30 23:23:19,372 [WARNING] [ENTRY BLOCK] SUI/USDT:USDT — 최대 포지션 수 도달: 2/2
2026-07-30 23:23:20,388 [INFO] [SIG] BNB/USDT:USDT LONG 신호 포착 (강도 95%)
2026-07-30 23:23:20,388 [INFO] [SIGNAL] BNB/USDT:USDT LONG 신호 수신 (strength=95)
2026-07-30 23:23:20,785 [INFO] [RISK OK] BNB/USDT:USDT 리스크 체크 통과
2026-07-30 23:23:21,068 [WARNING] [ENTRY BLOCK] BNB/USDT:USDT — 최대 포지션 수 도달: 2/2
2026-07-30 23:23:21,652 [INFO] [SIG] ONDO/USDT:USDT LONG 신호 포착 (강도 90%)
2026-07-30 23:23:21,652 [INFO] [SIGNAL] ONDO/USDT:USDT LONG 신호 수신 (strength=90)
2026-07-30 23:23:22,150 [INFO] [RISK OK] ONDO/USDT:USDT 리스크 체크 통과
2026-07-30 23:23:22,429 [WARNING] [ENTRY BLOCK] ONDO/USDT:USDT — 최대 포지션 수 도달: 2/2
2026-07-30 23:23:24,287 [INFO] [SIG] FIL/USDT:USDT LONG 신호 포착 (강도 95%)
2026-07-30 23:23:24,287 [INFO] [SIGNAL] FIL/USDT:USDT LONG 신호 수신 (strength=95)
2026-07-30 23:23:24,897 [INFO] [RISK OK] FIL/USDT:USDT 리스크 체크 통과
2026-07-30 23:23:25,280 [WARNING] [ENTRY BLOCK] FIL/USDT:USDT — 최대 포지션 수 도달: 2/2
2026-07-30 23:23:25,581 [INFO] [SCAN] 완료: 18개 종목 · 신호 9개 · API 호출 18회 · 캐시 히트 0회
2026-07-30 23:23:30,981 [INFO] [SCAN] 블랙리스트 4개 제외: ['IP/USDT:USDT', 'NES/USDT:USDT', 'WLD/USDT:USDT', 'XAG/USDT:USDT', 'XAU/USDT:USDT', 'XAUT/USDT:USDT']
2026-07-30 23:23:30,981 [INFO] [SCAN] 스캔 시작: 30개 페어 (캐시 18개 보유)
2026-07-30 23:23:32,032 [INFO] [SIG] SOL/USDT:USDT LONG 신호 포착 (강도 95%)
2026-07-30 23:23:32,032 [INFO] [SIGNAL] SOL/USDT:USDT LONG 신호 수신 (strength=95)
2026-07-30 23:23:32,585 [INFO] [RISK OK] SOL/USDT:USDT 리스크 체크 통과
2026-07-30 23:23:32,972 [WARNING] [ENTRY BLOCK] SOL/USDT:USDT — 최대 포지션 수 도달: 2/2
2026-07-30 23:23:33,569 [INFO] [SIG] XRP/USDT:USDT LONG 신호 포착 (강도 95%)
2026-07-30 23:23:33,569 [INFO] [SIGNAL] XRP/USDT:USDT LONG 신호 수신 (strength=95)
2026-07-30 23:23:33,965 [INFO] [RISK OK] XRP/USDT:USDT 리스크 체크 통과
2026-07-30 23:23:34,238 [WARNING] [ENTRY BLOCK] XRP/USDT:USDT — 최대 포지션 수 도달: 2/2
2026-07-30 23:23:34,822 [INFO] [SIG] DOGE/USDT:USDT LONG 신호 포착 (강도 95%)
2026-07-30 23:23:34,822 [INFO] [SIGNAL] DOGE/USDT:USDT LONG 신호 수신 (strength=95)
2026-07-30 23:23:35,467 [INFO] [RISK OK] DOGE/USDT:USDT 리스크 체크 통과
2026-07-30 23:23:35,751 [WARNING] [ENTRY BLOCK] DOGE/USDT:USDT — 최대 포지션 수 도달: 2/2
2026-07-30 23:23:37,177 [INFO] [SIG] ZEC/USDT:USDT LONG 신호 포착 (강도 90%)
2026-07-30 23:23:37,177 [INFO] [SIGNAL] ZEC/USDT:USDT LONG 신호 수신 (strength=90)
2026-07-30 23:23:37,571 [INFO] [RISK OK] ZEC/USDT:USDT 리스크 체크 통과
2026-07-30 23:23:37,850 [WARNING] [ENTRY BLOCK] ZEC/USDT:USDT — 최대 포지션 수 도달: 2/2
2026-07-30 23:23:38,440 [INFO] [SIG] PEPE/USDT:USDT LONG 신호 포착 (강도 95%)
2026-07-30 23:23:38,440 [INFO] [SIGNAL] PEPE/USDT:USDT LONG 신호 수신 (strength=95)
2026-07-30 23:23:38,998 [INFO] [RISK OK] PEPE/USDT:USDT 리스크 체크 통과
2026-07-30 23:23:39,278 [WARNING] [ENTRY BLOCK] PEPE/USDT:USDT — 최대 포지션 수 도달: 2/2
2026-07-30 23:23:40,288 [INFO] [SIG] SUI/USDT:USDT LONG 신호 포착 (강도 95%)
2026-07-30 23:23:40,288 [INFO] [SIGNAL] SUI/USDT:USDT LONG 신호 수신 (strength=95)
2026-07-30 23:23:40,831 [INFO] [RISK OK] SUI/USDT:USDT 리스크 체크 통과
2026-07-30 23:23:41,163 [WARNING] [ENTRY BLOCK] SUI/USDT:USDT — 최대 포지션 수 도달: 2/2
2026-07-30 23:23:42,219 [INFO] [SIG] BNB/USDT:USDT LONG 신호 포착 (강도 95%)
2026-07-30 23:23:42,220 [INFO] [SIGNAL] BNB/USDT:USDT LONG 신호 수신 (strength=95)
2026-07-30 23:23:42,740 [INFO] [RISK OK] BNB/USDT:USDT 리스크 체크 통과
2026-07-30 23:23:43,066 [WARNING] [ENTRY BLOCK] BNB/USDT:USDT — 최대 포지션 수 도달: 2/2
2026-07-30 23:23:43,694 [INFO] [SIG] ONDO/USDT:USDT LONG 신호 포착 (강도 90%)
2026-07-30 23:23:43,694 [INFO] [SIGNAL] ONDO/USDT:USDT LONG 신호 수신 (strength=90)
2026-07-30 23:23:44,136 [INFO] [RISK OK] ONDO/USDT:USDT 리스크 체크 통과
2026-07-30 23:23:44,418 [WARNING] [ENTRY BLOCK] ONDO/USDT:USDT — 최대 포지션 수 도달: 2/2
2026-07-30 23:23:46,324 [INFO] [SIG] FIL/USDT:USDT LONG 신호 포착 (강도 95%)
2026-07-30 23:23:46,324 [INFO] [SIGNAL] FIL/USDT:USDT LONG 신호 수신 (strength=95)
2026-07-30 23:23:46,726 [INFO] [RISK OK] FIL/USDT:USDT 리스크 체크 통과
2026-07-30 23:23:47,010 [WARNING] [ENTRY BLOCK] FIL/USDT:USDT — 최대 포지션 수 도달: 2/2
2026-07-30 23:23:47,312 [INFO] [SCAN] 완료: 18개 종목 · 신호 9개 · API 호출 18회 · 캐시 히트 0회
2026-07-30 23:23:54,414 [INFO] [SCAN] 블랙리스트 4개 제외: ['IP/USDT:USDT', 'NES/USDT:USDT', 'WLD/USDT:USDT', 'XAG/USDT:USDT', 'XAU/USDT:USDT', 'XAUT/USDT:USDT']
2026-07-30 23:23:54,414 [INFO] [SCAN] 스캔 시작: 30개 페어 (캐시 18개 보유)
2026-07-30 23:23:55,432 [INFO] [SIG] SOL/USDT:USDT LONG 신호 포착 (강도 95%)
2026-07-30 23:23:55,432 [INFO] [SIGNAL] SOL/USDT:USDT LONG 신호 수신 (strength=95)
2026-07-30 23:23:55,828 [INFO] [RISK OK] SOL/USDT:USDT 리스크 체크 통과
2026-07-30 23:23:56,106 [WARNING] [ENTRY BLOCK] SOL/USDT:USDT — 최대 포지션 수 도달: 2/2
2026-07-30 23:23:56,692 [INFO] [SIG] XRP/USDT:USDT LONG 신호 포착 (강도 95%)
2026-07-30 23:23:56,692 [INFO] [SIGNAL] XRP/USDT:USDT LONG 신호 수신 (strength=95)
2026-07-30 23:23:57,134 [INFO] [RISK OK] XRP/USDT:USDT 리스크 체크 통과
2026-07-30 23:23:57,415 [WARNING] [ENTRY BLOCK] XRP/USDT:USDT — 최대 포지션 수 도달: 2/2
2026-07-30 23:23:58,005 [INFO] [SIG] DOGE/USDT:USDT LONG 신호 포착 (강도 95%)
2026-07-30 23:23:58,005 [INFO] [SIGNAL] DOGE/USDT:USDT LONG 신호 수신 (strength=95)
2026-07-30 23:23:58,599 [INFO] [RISK OK] DOGE/USDT:USDT 리스크 체크 통과
2026-07-30 23:23:58,919 [WARNING] [ENTRY BLOCK] DOGE/USDT:USDT — 최대 포지션 수 도달: 2/2
2026-07-30 23:24:00,401 [INFO] [SIG] ZEC/USDT:USDT LONG 신호 포착 (강도 90%)
2026-07-30 23:24:00,402 [INFO] [SIGNAL] ZEC/USDT:USDT LONG 신호 수신 (strength=90)
2026-07-30 23:24:00,957 [INFO] [RISK OK] ZEC/USDT:USDT 리스크 체크 통과
2026-07-30 23:24:01,236 [WARNING] [ENTRY BLOCK] ZEC/USDT:USDT — 최대 포지션 수 도달: 2/2
2026-07-30 23:24:01,823 [INFO] [SIG] PEPE/USDT:USDT LONG 신호 포착 (강도 95%)
2026-07-30 23:24:01,824 [INFO] [SIGNAL] PEPE/USDT:USDT LONG 신호 수신 (strength=95)
2026-07-30 23:24:02,337 [INFO] [RISK OK] PEPE/USDT:USDT 리스크 체크 통과
2026-07-30 23:24:02,763 [WARNING] [ENTRY BLOCK] PEPE/USDT:USDT — 최대 포지션 수 도달: 2/2
2026-07-30 23:24:03,776 [INFO] [SIG] SUI/USDT:USDT LONG 신호 포착 (강도 95%)
2026-07-30 23:24:03,776 [INFO] [SIGNAL] SUI/USDT:USDT LONG 신호 수신 (strength=95)
2026-07-30 23:24:04,172 [INFO] [RISK OK] SUI/USDT:USDT 리스크 체크 통과
2026-07-30 23:24:04,450 [WARNING] [ENTRY BLOCK] SUI/USDT:USDT — 최대 포지션 수 도달: 2/2
2026-07-30 23:24:05,460 [INFO] [SIG] BNB/USDT:USDT LONG 신호 포착 (강도 95%)
2026-07-30 23:24:05,460 [INFO] [SIGNAL] BNB/USDT:USDT LONG 신호 수신 (strength=95)
2026-07-30 23:24:05,942 [INFO] [RISK OK] BNB/USDT:USDT 리스크 체크 통과
2026-07-30 23:24:06,380 [WARNING] [ENTRY BLOCK] BNB/USDT:USDT — 최대 포지션 수 도달: 2/2
2026-07-30 23:24:06,602 [INFO] [상태] 잔고:$110.98 | 포지션:2개 | 스캔:52회 | 스캐너:ON
2026-07-30 23:24:08,664 [INFO] [SIG] FIL/USDT:USDT LONG 신호 포착 (강도 95%)
2026-07-30 23:24:08,664 [INFO] [SIGNAL] FIL/USDT:USDT LONG 신호 수신 (strength=95)
2026-07-30 23:24:09,212 [INFO] [RISK OK] FIL/USDT:USDT 리스크 체크 통과
2026-07-30 23:24:09,532 [WARNING] [ENTRY BLOCK] FIL/USDT:USDT — 최대 포지션 수 도달: 2/2
2026-07-30 23:24:09,834 [INFO] [SCAN] 완료: 18개 종목 · 신호 8개 · API 호출 18회 · 캐시 히트 0회
2026-07-30 23:24:15,207 [INFO] [SCAN] 블랙리스트 4개 제외: ['IP/USDT:USDT', 'NES/USDT:USDT', 'WLD/USDT:USDT', 'XAG/USDT:USDT', 'XAU/USDT:USDT', 'XAUT/USDT:USDT']
2026-07-30 23:24:15,208 [INFO] [SCAN] 스캔 시작: 30개 페어 (캐시 18개 보유)
2026-07-30 23:24:16,288 [INFO] [SIG] SOL/USDT:USDT LONG 신호 포착 (강도 95%)
2026-07-30 23:24:16,288 [INFO] [SIGNAL] SOL/USDT:USDT LONG 신호 수신 (strength=95)
2026-07-30 23:24:16,795 [INFO] [RISK OK] SOL/USDT:USDT 리스크 체크 통과
2026-07-30 23:24:17,078 [WARNING] [ENTRY BLOCK] SOL/USDT:USDT — 최대 포지션 수 도달: 2/2
2026-07-30 23:24:17,660 [INFO] [SIG] XRP/USDT:USDT LONG 신호 포착 (강도 95%)
2026-07-30 23:24:17,660 [INFO] [SIGNAL] XRP/USDT:USDT LONG 신호 수신 (strength=95)
2026-07-30 23:24:18,154 [INFO] [RISK OK] XRP/USDT:USDT 리스크 체크 통과
2026-07-30 23:24:18,435 [WARNING] [ENTRY BLOCK] XRP/USDT:USDT — 최대 포지션 수 도달: 2/2
2026-07-30 23:24:19,021 [INFO] [SIG] DOGE/USDT:USDT LONG 신호 포착 (강도 95%)
2026-07-30 23:24:19,021 [INFO] [SIGNAL] DOGE/USDT:USDT LONG 신호 수신 (strength=95)
2026-07-30 23:24:19,425 [INFO] [RISK OK] DOGE/USDT:USDT 리스크 체크 통과
2026-07-30 23:24:19,708 [WARNING] [ENTRY BLOCK] DOGE/USDT:USDT — 최대 포지션 수 도달: 2/2
2026-07-30 23:24:21,681 [INFO] [SIG] PEPE/USDT:USDT LONG 신호 포착 (강도 95%)
2026-07-30 23:24:21,681 [INFO] [SIGNAL] PEPE/USDT:USDT LONG 신호 수신 (strength=95)
2026-07-30 23:24:22,082 [INFO] [RISK OK] PEPE/USDT:USDT 리스크 체크 통과
2026-07-30 23:24:22,467 [WARNING] [ENTRY BLOCK] PEPE/USDT:USDT — 최대 포지션 수 도달: 2/2
2026-07-30 23:24:23,493 [INFO] [SIG] SUI/USDT:USDT LONG 신호 포착 (강도 95%)
2026-07-30 23:24:23,493 [INFO] [SIGNAL] SUI/USDT:USDT LONG 신호 수신 (strength=95)
2026-07-30 23:24:23,898 [INFO] [RISK OK] SUI/USDT:USDT 리스크 체크 통과
2026-07-30 23:24:24,288 [WARNING] [ENTRY BLOCK] SUI/USDT:USDT — 최대 포지션 수 도달: 2/2
2026-07-30 23:24:25,293 [INFO] [SIG] BNB/USDT:USDT LONG 신호 포착 (강도 95%)
2026-07-30 23:24:25,293 [INFO] [SIGNAL] BNB/USDT:USDT LONG 신호 수신 (strength=95)
2026-07-30 23:24:25,685 [INFO] [RISK OK] BNB/USDT:USDT 리스크 체크 통과
2026-07-30 23:24:25,968 [WARNING] [ENTRY BLOCK] BNB/USDT:USDT — 최대 포지션 수 도달: 2/2
2026-07-30 23:24:28,446 [INFO] [SIG] FIL/USDT:USDT LONG 신호 포착 (강도 95%)
2026-07-30 23:24:28,446 [INFO] [SIGNAL] FIL/USDT:USDT LONG 신호 수신 (strength=95)
2026-07-30 23:24:29,063 [INFO] [RISK OK] FIL/USDT:USDT 리스크 체크 통과
2026-07-30 23:24:29,445 [WARNING] [ENTRY BLOCK] FIL/USDT:USDT — 최대 포지션 수 도달: 2/2
2026-07-30 23:24:29,748 [INFO] [SCAN] 완료: 18개 종목 · 신호 7개 · API 호출 18회 · 캐시 히트 0회
2026-07-30 23:24:35,142 [INFO] [SCAN] 블랙리스트 4개 제외: ['IP/USDT:USDT', 'NES/USDT:USDT', 'WLD/USDT:USDT', 'XAG/USDT:USDT', 'XAU/USDT:USDT', 'XAUT/USDT:USDT']
2026-07-30 23:24:35,142 [INFO] [SCAN] 스캔 시작: 30개 페어 (캐시 18개 보유)
2026-07-30 23:24:36,204 [INFO] [SIG] SOL/USDT:USDT LONG 신호 포착 (강도 95%)
2026-07-30 23:24:36,204 [INFO] [SIGNAL] SOL/USDT:USDT LONG 신호 수신 (strength=95)
2026-07-30 23:24:36,600 [INFO] [RISK OK] SOL/USDT:USDT 리스크 체크 통과
2026-07-30 23:24:36,914 [WARNING] [ENTRY BLOCK] SOL/USDT:USDT — 최대 포지션 수 도달: 2/2
2026-07-30 23:24:37,548 [INFO] [SIG] XRP/USDT:USDT LONG 신호 포착 (강도 95%)
2026-07-30 23:24:37,549 [INFO] [SIGNAL] XRP/USDT:USDT LONG 신호 수신 (strength=95)
2026-07-30 23:24:38,150 [INFO] [RISK OK] XRP/USDT:USDT 리스크 체크 통과
2026-07-30 23:24:38,482 [WARNING] [ENTRY BLOCK] XRP/USDT:USDT — 최대 포지션 수 도달: 2/2
2026-07-30 23:24:39,065 [INFO] [SIG] DOGE/USDT:USDT LONG 신호 포착 (강도 95%)
2026-07-30 23:24:39,066 [INFO] [SIGNAL] DOGE/USDT:USDT LONG 신호 수신 (strength=95)
2026-07-30 23:24:39,569 [INFO] [RISK OK] DOGE/USDT:USDT 리스크 체크 통과
2026-07-30 23:24:39,851 [WARNING] [ENTRY BLOCK] DOGE/USDT:USDT — 최대 포지션 수 도달: 2/2
2026-07-30 23:24:41,711 [INFO] [SIG] PEPE/USDT:USDT LONG 신호 포착 (강도 95%)
2026-07-30 23:24:41,711 [INFO] [SIGNAL] PEPE/USDT:USDT LONG 신호 수신 (strength=95)
2026-07-30 23:24:42,146 [INFO] [RISK OK] PEPE/USDT:USDT 리스크 체크 통과
2026-07-30 23:24:42,473 [WARNING] [ENTRY BLOCK] PEPE/USDT:USDT — 최대 포지션 수 도달: 2/2
2026-07-30 23:24:43,500 [INFO] [SIG] SUI/USDT:USDT LONG 신호 포착 (강도 95%)
2026-07-30 23:24:43,500 [INFO] [SIGNAL] SUI/USDT:USDT LONG 신호 수신 (strength=95)
2026-07-30 23:24:43,974 [INFO] [RISK OK] SUI/USDT:USDT 리스크 체크 통과
2026-07-30 23:24:44,255 [WARNING] [ENTRY BLOCK] SUI/USDT:USDT — 최대 포지션 수 도달: 2/2
2026-07-30 23:24:47,548 [INFO] [SIG] FIL/USDT:USDT LONG 신호 포착 (강도 95%)
2026-07-30 23:24:47,548 [INFO] [SIGNAL] FIL/USDT:USDT LONG 신호 수신 (strength=95)
2026-07-30 23:24:48,103 [INFO] [RISK OK] FIL/USDT:USDT 리스크 체크 통과
2026-07-30 23:24:48,421 [WARNING] [ENTRY BLOCK] FIL/USDT:USDT — 최대 포지션 수 도달: 2/2
2026-07-30 23:24:48,723 [INFO] [SCAN] 완료: 18개 종목 · 신호 6개 · API 호출 18회 · 캐시 히트 0회
2026-07-30 23:24:56,011 [INFO] [SCAN] 블랙리스트 4개 제외: ['IP/USDT:USDT', 'NES/USDT:USDT', 'WLD/USDT:USDT', 'XAG/USDT:USDT', 'XAU/USDT:USDT', 'XAUT/USDT:USDT']
2026-07-30 23:24:56,012 [INFO] [SCAN] 스캔 시작: 30개 페어 (캐시 18개 보유)
2026-07-30 23:24:57,094 [INFO] [SIG] SOL/USDT:USDT LONG 신호 포착 (강도 95%)
2026-07-30 23:24:57,094 [INFO] [SIGNAL] SOL/USDT:USDT LONG 신호 수신 (strength=95)
2026-07-30 23:24:57,673 [INFO] [RISK OK] SOL/USDT:USDT 리스크 체크 통과
2026-07-30 23:24:57,952 [WARNING] [ENTRY BLOCK] SOL/USDT:USDT — 최대 포지션 수 도달: 2/2
2026-07-30 23:24:58,536 [INFO] [SIG] XRP/USDT:USDT LONG 신호 포착 (강도 95%)
2026-07-30 23:24:58,536 [INFO] [SIGNAL] XRP/USDT:USDT LONG 신호 수신 (strength=95)
2026-07-30 23:24:59,143 [INFO] [RISK OK] XRP/USDT:USDT 리스크 체크 통과
2026-07-30 23:24:59,427 [WARNING] [ENTRY BLOCK] XRP/USDT:USDT — 최대 포지션 수 도달: 2/2
2026-07-30 23:25:00,056 [INFO] [SIG] DOGE/USDT:USDT LONG 신호 포착 (강도 95%)
2026-07-30 23:25:00,056 [INFO] [SIGNAL] DOGE/USDT:USDT LONG 신호 수신 (strength=95)
2026-07-30 23:25:00,500 [INFO] [RISK OK] DOGE/USDT:USDT 리스크 체크 통과
2026-07-30 23:25:00,825 [WARNING] [ENTRY BLOCK] DOGE/USDT:USDT — 최대 포지션 수 도달: 2/2
2026-07-30 23:25:02,789 [INFO] [SIG] PEPE/USDT:USDT LONG 신호 포착 (강도 95%)
2026-07-30 23:25:02,789 [INFO] [SIGNAL] PEPE/USDT:USDT LONG 신호 수신 (strength=95)
2026-07-30 23:25:03,383 [INFO] [RISK OK] PEPE/USDT:USDT 리스크 체크 통과
2026-07-30 23:25:03,666 [WARNING] [ENTRY BLOCK] PEPE/USDT:USDT — 최대 포지션 수 도달: 2/2
2026-07-30 23:25:05,552 [INFO] [SIG] BNB/USDT:USDT LONG 신호 포착 (강도 95%)
2026-07-30 23:25:05,552 [INFO] [SIGNAL] BNB/USDT:USDT LONG 신호 수신 (strength=95)
2026-07-30 23:25:05,954 [INFO] [RISK OK] BNB/USDT:USDT 리스크 체크 통과
2026-07-30 23:25:06,280 [WARNING] [ENTRY BLOCK] BNB/USDT:USDT — 최대 포지션 수 도달: 2/2
2026-07-30 23:25:07,303 [INFO] [상태] 잔고:$110.99 | 포지션:2개 | 스캔:55회 | 스캐너:ON
2026-07-30 23:25:07,956 [INFO] [SIG] RE/USDT:USDT LONG 신호 포착 (강도 90%)
2026-07-30 23:25:07,956 [INFO] [SIGNAL] RE/USDT:USDT LONG 신호 수신 (strength=90)
2026-07-30 23:25:08,356 [INFO] [RISK OK] RE/USDT:USDT 리스크 체크 통과
2026-07-30 23:25:08,641 [WARNING] [ENTRY BLOCK] RE/USDT:USDT — 최대 포지션 수 도달: 2/2
2026-07-30 23:25:10,004 [INFO] [SCAN] 완료: 18개 종목 · 신호 6개 · API 호출 18회 · 캐시 히트 0회
2026-07-30 23:25:15,266 [INFO] [SCAN] 블랙리스트 4개 제외: ['IP/USDT:USDT', 'NES/USDT:USDT', 'WLD/USDT:USDT', 'XAG/USDT:USDT', 'XAU/USDT:USDT', 'XAUT/USDT:USDT']
2026-07-30 23:25:15,266 [INFO] [SCAN] 스캔 시작: 30개 페어 (캐시 18개 보유)
2026-07-30 23:25:16,272 [INFO] [SIG] SOL/USDT:USDT LONG 신호 포착 (강도 95%)
2026-07-30 23:25:16,272 [INFO] [SIGNAL] SOL/USDT:USDT LONG 신호 수신 (strength=95)
2026-07-30 23:25:16,719 [INFO] [RISK OK] SOL/USDT:USDT 리스크 체크 통과
2026-07-30 23:25:17,002 [WARNING] [ENTRY BLOCK] SOL/USDT:USDT — 최대 포지션 수 도달: 2/2
2026-07-30 23:25:17,626 [INFO] [SIG] XRP/USDT:USDT LONG 신호 포착 (강도 95%)
2026-07-30 23:25:17,626 [INFO] [SIGNAL] XRP/USDT:USDT LONG 신호 수신 (strength=95)
2026-07-30 23:25:18,025 [INFO] [RISK OK] XRP/USDT:USDT 리스크 체크 통과
2026-07-30 23:25:18,308 [WARNING] [ENTRY BLOCK] XRP/USDT:USDT — 최대 포지션 수 도달: 2/2
2026-07-30 23:25:18,899 [INFO] [SIG] DOGE/USDT:USDT LONG 신호 포착 (강도 95%)
2026-07-30 23:25:18,899 [INFO] [SIGNAL] DOGE/USDT:USDT LONG 신호 수신 (strength=95)
2026-07-30 23:25:19,297 [INFO] [RISK OK] DOGE/USDT:USDT 리스크 체크 통과
2026-07-30 23:25:19,727 [WARNING] [ENTRY BLOCK] DOGE/USDT:USDT — 최대 포지션 수 도달: 2/2
2026-07-30 23:25:21,999 [INFO] [SIG] PEPE/USDT:USDT LONG 신호 포착 (강도 95%)
2026-07-30 23:25:21,999 [INFO] [SIGNAL] PEPE/USDT:USDT LONG 신호 수신 (strength=95)
2026-07-30 23:25:22,502 [INFO] [RISK OK] PEPE/USDT:USDT 리스크 체크 통과
2026-07-30 23:25:22,783 [WARNING] [ENTRY BLOCK] PEPE/USDT:USDT — 최대 포지션 수 도달: 2/2
2026-07-30 23:25:23,370 [INFO] [SIG] SUI/USDT:USDT LONG 신호 포착 (강도 95%)
2026-07-30 23:25:23,370 [INFO] [SIGNAL] SUI/USDT:USDT LONG 신호 수신 (strength=95)
2026-07-30 23:25:23,866 [INFO] [RISK OK] SUI/USDT:USDT 리스크 체크 통과
2026-07-30 23:25:24,291 [WARNING] [ENTRY BLOCK] SUI/USDT:USDT — 최대 포지션 수 도달: 2/2
2026-07-30 23:25:25,311 [INFO] [SIG] BNB/USDT:USDT LONG 신호 포착 (강도 95%)
2026-07-30 23:25:25,312 [INFO] [SIGNAL] BNB/USDT:USDT LONG 신호 수신 (strength=95)
2026-07-30 23:25:25,701 [INFO] [RISK OK] BNB/USDT:USDT 리스크 체크 통과
2026-07-30 23:25:26,030 [WARNING] [ENTRY BLOCK] BNB/USDT:USDT — 최대 포지션 수 도달: 2/2
2026-07-30 23:25:28,801 [INFO] [SCAN] 완료: 18개 종목 · 신호 6개 · API 호출 18회 · 캐시 히트 0회
2026-07-30 23:25:34,019 [INFO] [SCAN] 블랙리스트 4개 제외: ['IP/USDT:USDT', 'NES/USDT:USDT', 'WLD/USDT:USDT', 'XAG/USDT:USDT', 'XAU/USDT:USDT', 'XAUT/USDT:USDT']
2026-07-30 23:25:34,020 [INFO] [SCAN] 스캔 시작: 30개 페어 (캐시 18개 보유)
2026-07-30 23:25:35,098 [INFO] [SIG] SOL/USDT:USDT LONG 신호 포착 (강도 95%)
2026-07-30 23:25:35,098 [INFO] [SIGNAL] SOL/USDT:USDT LONG 신호 수신 (strength=95)
2026-07-30 23:25:35,498 [INFO] [RISK OK] SOL/USDT:USDT 리스크 체크 통과
2026-07-30 23:25:35,887 [WARNING] [ENTRY BLOCK] SOL/USDT:USDT — 최대 포지션 수 도달: 2/2
2026-07-30 23:25:36,478 [INFO] [SIG] XRP/USDT:USDT LONG 신호 포착 (강도 95%)
2026-07-30 23:25:36,478 [INFO] [SIGNAL] XRP/USDT:USDT LONG 신호 수신 (strength=95)
2026-07-30 23:25:36,980 [INFO] [RISK OK] XRP/USDT:USDT 리스크 체크 통과
2026-07-30 23:25:37,266 [WARNING] [ENTRY BLOCK] XRP/USDT:USDT — 최대 포지션 수 도달: 2/2
2026-07-30 23:25:37,856 [INFO] [SIG] DOGE/USDT:USDT LONG 신호 포착 (강도 95%)
2026-07-30 23:25:37,856 [INFO] [SIGNAL] DOGE/USDT:USDT LONG 신호 수신 (strength=95)
2026-07-30 23:25:38,361 [INFO] [RISK OK] DOGE/USDT:USDT 리스크 체크 통과
2026-07-30 23:25:38,641 [WARNING] [ENTRY BLOCK] DOGE/USDT:USDT — 최대 포지션 수 도달: 2/2
2026-07-30 23:25:40,910 [INFO] [SIG] PEPE/USDT:USDT LONG 신호 포착 (강도 95%)
2026-07-30 23:25:40,910 [INFO] [SIGNAL] PEPE/USDT:USDT LONG 신호 수신 (strength=95)
2026-07-30 23:25:41,417 [INFO] [RISK OK] PEPE/USDT:USDT 리스크 체크 통과
2026-07-30 23:25:41,699 [WARNING] [ENTRY BLOCK] PEPE/USDT:USDT — 최대 포지션 수 도달: 2/2
2026-07-30 23:25:42,282 [INFO] [SIG] SUI/USDT:USDT LONG 신호 포착 (강도 95%)
2026-07-30 23:25:42,282 [INFO] [SIGNAL] SUI/USDT:USDT LONG 신호 수신 (strength=95)
2026-07-30 23:25:42,676 [INFO] [RISK OK] SUI/USDT:USDT 리스크 체크 통과
2026-07-30 23:25:42,999 [WARNING] [ENTRY BLOCK] SUI/USDT:USDT — 최대 포지션 수 도달: 2/2
2026-07-30 23:25:44,009 [INFO] [SIG] BNB/USDT:USDT LONG 신호 포착 (강도 95%)
2026-07-30 23:25:44,010 [INFO] [SIGNAL] BNB/USDT:USDT LONG 신호 수신 (strength=95)
2026-07-30 23:25:44,409 [INFO] [RISK OK] BNB/USDT:USDT 리스크 체크 통과
2026-07-30 23:25:44,691 [WARNING] [ENTRY BLOCK] BNB/USDT:USDT — 최대 포지션 수 도달: 2/2
2026-07-30 23:25:46,125 [INFO] [SIG] RE/USDT:USDT LONG 신호 포착 (강도 90%)
2026-07-30 23:25:46,126 [INFO] [SIGNAL] RE/USDT:USDT LONG 신호 수신 (strength=90)
2026-07-30 23:25:46,665 [INFO] [RISK OK] RE/USDT:USDT 리스크 체크 통과
2026-07-30 23:25:47,047 [WARNING] [ENTRY BLOCK] RE/USDT:USDT — 최대 포지션 수 도달: 2/2
2026-07-30 23:25:48,358 [INFO] [SCAN] 완료: 18개 종목 · 신호 7개 · API 호출 18회 · 캐시 히트 0회
2026-07-30 23:25:53,603 [INFO] [SCAN] 블랙리스트 4개 제외: ['IP/USDT:USDT', 'NES/USDT:USDT', 'WLD/USDT:USDT', 'XAG/USDT:USDT', 'XAU/USDT:USDT', 'XAUT/USDT:USDT']
2026-07-30 23:25:53,603 [INFO] [SCAN] 스캔 시작: 30개 페어 (캐시 18개 보유)
2026-07-30 23:25:54,626 [INFO] [SIG] SOL/USDT:USDT LONG 신호 포착 (강도 95%)
2026-07-30 23:25:54,627 [INFO] [SIGNAL] SOL/USDT:USDT LONG 신호 수신 (strength=95)
2026-07-30 23:25:55,237 [INFO] [RISK OK] SOL/USDT:USDT 리스크 체크 통과
2026-07-30 23:25:55,630 [WARNING] [ENTRY BLOCK] SOL/USDT:USDT — 최대 포지션 수 도달: 2/2
2026-07-30 23:25:56,217 [INFO] [SIG] XRP/USDT:USDT LONG 신호 포착 (강도 95%)
2026-07-30 23:25:56,217 [INFO] [SIGNAL] XRP/USDT:USDT LONG 신호 수신 (strength=95)
2026-07-30 23:25:56,727 [INFO] [RISK OK] XRP/USDT:USDT 리스크 체크 통과
2026-07-30 23:25:57,029 [WARNING] [ENTRY BLOCK] XRP/USDT:USDT — 최대 포지션 수 도달: 2/2
2026-07-30 23:25:57,609 [INFO] [SIG] DOGE/USDT:USDT LONG 신호 포착 (강도 95%)
2026-07-30 23:25:57,609 [INFO] [SIGNAL] DOGE/USDT:USDT LONG 신호 수신 (strength=95)
2026-07-30 23:25:58,002 [INFO] [RISK OK] DOGE/USDT:USDT 리스크 체크 통과
2026-07-30 23:25:58,279 [WARNING] [ENTRY BLOCK] DOGE/USDT:USDT — 최대 포지션 수 도달: 2/2
2026-07-30 23:26:00,608 [INFO] [SIG] PEPE/USDT:USDT LONG 신호 포착 (강도 95%)
2026-07-30 23:26:00,608 [INFO] [SIGNAL] PEPE/USDT:USDT LONG 신호 수신 (strength=95)
2026-07-30 23:26:01,014 [INFO] [RISK OK] PEPE/USDT:USDT 리스크 체크 통과
2026-07-30 23:26:01,291 [WARNING] [ENTRY BLOCK] PEPE/USDT:USDT — 최대 포지션 수 도달: 2/2
2026-07-30 23:26:01,881 [INFO] [SIG] SUI/USDT:USDT LONG 신호 포착 (강도 95%)
2026-07-30 23:26:01,881 [INFO] [SIGNAL] SUI/USDT:USDT LONG 신호 수신 (strength=95)
2026-07-30 23:26:02,435 [INFO] [RISK OK] SUI/USDT:USDT 리스크 체크 통과
2026-07-30 23:26:02,864 [WARNING] [ENTRY BLOCK] SUI/USDT:USDT — 최대 포지션 수 도달: 2/2
2026-07-30 23:26:03,877 [INFO] [SIG] BNB/USDT:USDT LONG 신호 포착 (강도 95%)
2026-07-30 23:26:03,877 [INFO] [SIGNAL] BNB/USDT:USDT LONG 신호 수신 (strength=95)
2026-07-30 23:26:04,379 [INFO] [RISK OK] BNB/USDT:USDT 리스크 체크 통과
2026-07-30 23:26:04,769 [WARNING] [ENTRY BLOCK] BNB/USDT:USDT — 최대 포지션 수 도달: 2/2
2026-07-30 23:26:06,202 [INFO] [SIG] RE/USDT:USDT LONG 신호 포착 (강도 90%)
2026-07-30 23:26:06,202 [INFO] [SIGNAL] RE/USDT:USDT LONG 신호 수신 (strength=90)
2026-07-30 23:26:06,745 [INFO] [RISK OK] RE/USDT:USDT 리스크 체크 통과
2026-07-30 23:26:07,130 [WARNING] [ENTRY BLOCK] RE/USDT:USDT — 최대 포지션 수 도달: 2/2
2026-07-30 23:26:07,899 [INFO] [상태] 잔고:$111.01 | 포지션:2개 | 스캔:58회 | 스캐너:ON
2026-07-30 23:26:08,732 [INFO] [SCAN] 완료: 18개 종목 · 신호 7개 · API 호출 18회 · 캐시 히트 0회
2026-07-30 23:26:15,657 [INFO] [SCAN] 블랙리스트 4개 제외: ['IP/USDT:USDT', 'NES/USDT:USDT', 'WLD/USDT:USDT', 'XAG/USDT:USDT', 'XAU/USDT:USDT', 'XAUT/USDT:USDT']
2026-07-30 23:26:15,657 [INFO] [SCAN] 스캔 시작: 30개 페어 (캐시 18개 보유)
2026-07-30 23:26:16,680 [INFO] [SIG] SOL/USDT:USDT LONG 신호 포착 (강도 95%)
2026-07-30 23:26:16,680 [INFO] [SIGNAL] SOL/USDT:USDT LONG 신호 수신 (strength=95)
2026-07-30 23:26:17,233 [INFO] [RISK OK] SOL/USDT:USDT 리스크 체크 통과
2026-07-30 23:26:17,509 [WARNING] [ENTRY BLOCK] SOL/USDT:USDT — 최대 포지션 수 도달: 2/2
2026-07-30 23:26:18,099 [INFO] [SIG] XRP/USDT:USDT LONG 신호 포착 (강도 95%)
2026-07-30 23:26:18,099 [INFO] [SIGNAL] XRP/USDT:USDT LONG 신호 수신 (strength=95)
2026-07-30 23:26:18,511 [INFO] [RISK OK] XRP/USDT:USDT 리스크 체크 통과
2026-07-30 23:26:18,793 [WARNING] [ENTRY BLOCK] XRP/USDT:USDT — 최대 포지션 수 도달: 2/2
2026-07-30 23:26:19,382 [INFO] [SIG] DOGE/USDT:USDT LONG 신호 포착 (강도 95%)
2026-07-30 23:26:19,382 [INFO] [SIGNAL] DOGE/USDT:USDT LONG 신호 수신 (strength=95)
2026-07-30 23:26:19,882 [INFO] [RISK OK] DOGE/USDT:USDT 리스크 체크 통과
2026-07-30 23:26:20,166 [WARNING] [ENTRY BLOCK] DOGE/USDT:USDT — 최대 포지션 수 도달: 2/2
2026-07-30 23:26:22,491 [INFO] [SIG] PEPE/USDT:USDT LONG 신호 포착 (강도 95%)
2026-07-30 23:26:22,491 [INFO] [SIGNAL] PEPE/USDT:USDT LONG 신호 수신 (strength=95)
2026-07-30 23:26:22,886 [INFO] [RISK OK] PEPE/USDT:USDT 리스크 체크 통과
2026-07-30 23:26:23,284 [WARNING] [ENTRY BLOCK] PEPE/USDT:USDT — 최대 포지션 수 도달: 2/2
2026-07-30 23:26:24,290 [INFO] [SIG] SUI/USDT:USDT LONG 신호 포착 (강도 95%)
2026-07-30 23:26:24,290 [INFO] [SIGNAL] SUI/USDT:USDT LONG 신호 수신 (strength=95)
2026-07-30 23:26:24,731 [INFO] [RISK OK] SUI/USDT:USDT 리스크 체크 통과
2026-07-30 23:26:25,009 [WARNING] [ENTRY BLOCK] SUI/USDT:USDT — 최대 포지션 수 도달: 2/2
2026-07-30 23:26:25,599 [INFO] [SIG] BNB/USDT:USDT LONG 신호 포착 (강도 95%)
2026-07-30 23:26:25,599 [INFO] [SIGNAL] BNB/USDT:USDT LONG 신호 수신 (strength=95)
2026-07-30 23:26:26,005 [INFO] [RISK OK] BNB/USDT:USDT 리스크 체크 통과
2026-07-30 23:26:26,394 [WARNING] [ENTRY BLOCK] BNB/USDT:USDT — 최대 포지션 수 도달: 2/2
2026-07-30 23:26:27,828 [INFO] [SIG] RE/USDT:USDT LONG 신호 포착 (강도 90%)
2026-07-30 23:26:27,828 [INFO] [SIGNAL] RE/USDT:USDT LONG 신호 수신 (strength=90)
2026-07-30 23:26:28,222 [INFO] [RISK OK] RE/USDT:USDT 리스크 체크 통과
2026-07-30 23:26:28,503 [WARNING] [ENTRY BLOCK] RE/USDT:USDT — 최대 포지션 수 도달: 2/2
2026-07-30 23:26:29,808 [INFO] [SCAN] 완료: 18개 종목 · 신호 7개 · API 호출 18회 · 캐시 히트 0회
2026-07-30 23:26:35,027 [INFO] [SCAN] 블랙리스트 4개 제외: ['IP/USDT:USDT', 'NES/USDT:USDT', 'WLD/USDT:USDT', 'XAG/USDT:USDT', 'XAU/USDT:USDT', 'XAUT/USDT:USDT']
2026-07-30 23:26:35,027 [INFO] [SCAN] 스캔 시작: 30개 페어 (캐시 18개 보유)
2026-07-30 23:26:36,042 [INFO] [SIG] SOL/USDT:USDT LONG 신호 포착 (강도 95%)
2026-07-30 23:26:36,042 [INFO] [SIGNAL] SOL/USDT:USDT LONG 신호 수신 (strength=95)
2026-07-30 23:26:36,648 [INFO] [RISK OK] SOL/USDT:USDT 리스크 체크 통과
2026-07-30 23:26:36,926 [WARNING] [ENTRY BLOCK] SOL/USDT:USDT — 최대 포지션 수 도달: 2/2
2026-07-30 23:26:37,512 [INFO] [SIG] XRP/USDT:USDT LONG 신호 포착 (강도 95%)
2026-07-30 23:26:37,512 [INFO] [SIGNAL] XRP/USDT:USDT LONG 신호 수신 (strength=95)
2026-07-30 23:26:38,017 [INFO] [RISK OK] XRP/USDT:USDT 리스크 체크 통과
2026-07-30 23:26:38,302 [WARNING] [ENTRY BLOCK] XRP/USDT:USDT — 최대 포지션 수 도달: 2/2
2026-07-30 23:26:38,895 [INFO] [SIG] DOGE/USDT:USDT LONG 신호 포착 (강도 95%)
2026-07-30 23:26:38,895 [INFO] [SIGNAL] DOGE/USDT:USDT LONG 신호 수신 (strength=95)
2026-07-30 23:26:39,296 [INFO] [RISK OK] DOGE/USDT:USDT 리스크 체크 통과
2026-07-30 23:26:39,688 [WARNING] [ENTRY BLOCK] DOGE/USDT:USDT — 최대 포지션 수 도달: 2/2
2026-07-30 23:26:42,062 [INFO] [SIG] PEPE/USDT:USDT LONG 신호 포착 (강도 95%)
2026-07-30 23:26:42,062 [INFO] [SIGNAL] PEPE/USDT:USDT LONG 신호 수신 (strength=95)
2026-07-30 23:26:42,561 [INFO] [RISK OK] PEPE/USDT:USDT 리스크 체크 통과
2026-07-30 23:26:42,938 [WARNING] [ENTRY BLOCK] PEPE/USDT:USDT — 최대 포지션 수 도달: 2/2
2026-07-30 23:26:45,653 [INFO] [SIG] RE/USDT:USDT LONG 신호 포착 (강도 90%)
2026-07-30 23:26:45,653 [INFO] [SIGNAL] RE/USDT:USDT LONG 신호 수신 (strength=90)
2026-07-30 23:26:46,051 [INFO] [RISK OK] RE/USDT:USDT 리스크 체크 통과
2026-07-30 23:26:46,338 [WARNING] [ENTRY BLOCK] RE/USDT:USDT — 최대 포지션 수 도달: 2/2
2026-07-30 23:26:47,658 [INFO] [SCAN] 완료: 18개 종목 · 신호 5개 · API 호출 18회 · 캐시 히트 0회
2026-07-30 23:26:52,892 [INFO] [SCAN] 블랙리스트 4개 제외: ['IP/USDT:USDT', 'NES/USDT:USDT', 'WLD/USDT:USDT', 'XAG/USDT:USDT', 'XAU/USDT:USDT', 'XAUT/USDT:USDT']
2026-07-30 23:26:52,892 [INFO] [SCAN] 스캔 시작: 30개 페어 (캐시 18개 보유)
2026-07-30 23:26:53,952 [INFO] [SIG] SOL/USDT:USDT LONG 신호 포착 (강도 95%)
2026-07-30 23:26:53,953 [INFO] [SIGNAL] SOL/USDT:USDT LONG 신호 수신 (strength=95)
2026-07-30 23:26:54,350 [INFO] [RISK OK] SOL/USDT:USDT 리스크 체크 통과
2026-07-30 23:26:54,732 [WARNING] [ENTRY BLOCK] SOL/USDT:USDT — 최대 포지션 수 도달: 2/2
2026-07-30 23:26:55,749 [INFO] [SIG] DOGE/USDT:USDT LONG 신호 포착 (강도 95%)
2026-07-30 23:26:55,750 [INFO] [SIGNAL] DOGE/USDT:USDT LONG 신호 수신 (strength=95)
2026-07-30 23:26:56,254 [INFO] [RISK OK] DOGE/USDT:USDT 리스크 체크 통과
2026-07-30 23:26:56,540 [WARNING] [ENTRY BLOCK] DOGE/USDT:USDT — 최대 포지션 수 도달: 2/2
2026-07-30 23:26:58,808 [INFO] [SIG] PEPE/USDT:USDT LONG 신호 포착 (강도 95%)
2026-07-30 23:26:58,808 [INFO] [SIGNAL] PEPE/USDT:USDT LONG 신호 수신 (strength=95)
2026-07-30 23:26:59,200 [INFO] [RISK OK] PEPE/USDT:USDT 리스크 체크 통과
2026-07-30 23:26:59,482 [WARNING] [ENTRY BLOCK] PEPE/USDT:USDT — 최대 포지션 수 도달: 2/2
2026-07-30 23:27:02,238 [INFO] [SIG] RE/USDT:USDT LONG 신호 포착 (강도 90%)
2026-07-30 23:27:02,238 [INFO] [SIGNAL] RE/USDT:USDT LONG 신호 수신 (strength=90)
2026-07-30 23:27:02,635 [INFO] [RISK OK] RE/USDT:USDT 리스크 체크 통과
2026-07-30 23:27:03,024 [WARNING] [ENTRY BLOCK] RE/USDT:USDT — 최대 포지션 수 도달: 2/2
2026-07-30 23:27:04,332 [INFO] [SCAN] 완료: 18개 종목 · 신호 4개 · API 호출 18회 · 캐시 히트 0회
2026-07-30 23:27:08,753 [INFO] [상태] 잔고:$110.84 | 포지션:2개 | 스캔:62회 | 스캐너:ON
2026-07-30 23:27:09,725 [INFO] [SCAN] 블랙리스트 4개 제외: ['IP/USDT:USDT', 'NES/USDT:USDT', 'WLD/USDT:USDT', 'XAG/USDT:USDT', 'XAU/USDT:USDT', 'XAUT/USDT:USDT']
2026-07-30 23:27:09,725 [INFO] [SCAN] 스캔 시작: 30개 페어 (캐시 18개 보유)
2026-07-30 23:27:10,748 [INFO] [SIG] SOL/USDT:USDT LONG 신호 포착 (강도 95%)
2026-07-30 23:27:10,748 [INFO] [SIGNAL] SOL/USDT:USDT LONG 신호 수신 (strength=95)
2026-07-30 23:27:11,157 [INFO] [RISK OK] SOL/USDT:USDT 리스크 체크 통과
2026-07-30 23:27:11,436 [WARNING] [ENTRY BLOCK] SOL/USDT:USDT — 최대 포지션 수 도달: 2/2
2026-07-30 23:27:12,453 [INFO] [SIG] DOGE/USDT:USDT LONG 신호 포착 (강도 95%)
2026-07-30 23:27:12,453 [INFO] [SIGNAL] DOGE/USDT:USDT LONG 신호 수신 (strength=95)
2026-07-30 23:27:12,850 [INFO] [RISK OK] DOGE/USDT:USDT 리스크 체크 통과
2026-07-30 23:27:13,237 [WARNING] [ENTRY BLOCK] DOGE/USDT:USDT — 최대 포지션 수 도달: 2/2
2026-07-30 23:27:15,533 [INFO] [SIG] PEPE/USDT:USDT LONG 신호 포착 (강도 95%)
2026-07-30 23:27:15,534 [INFO] [SIGNAL] PEPE/USDT:USDT LONG 신호 수신 (strength=95)
2026-07-30 23:27:15,933 [INFO] [RISK OK] PEPE/USDT:USDT 리스크 체크 통과
2026-07-30 23:27:16,318 [WARNING] [ENTRY BLOCK] PEPE/USDT:USDT — 최대 포지션 수 도달: 2/2
2026-07-30 23:27:19,025 [INFO] [SIG] RE/USDT:USDT LONG 신호 포착 (강도 90%)
2026-07-30 23:27:19,025 [INFO] [SIGNAL] RE/USDT:USDT LONG 신호 수신 (strength=90)
2026-07-30 23:27:19,427 [INFO] [RISK OK] RE/USDT:USDT 리스크 체크 통과
2026-07-30 23:27:19,706 [WARNING] [ENTRY BLOCK] RE/USDT:USDT — 최대 포지션 수 도달: 2/2
2026-07-30 23:27:21,025 [INFO] [SCAN] 완료: 18개 종목 · 신호 4개 · API 호출 18회 · 캐시 히트 0회
2026-07-30 23:27:27,953 [INFO] [SCAN] 블랙리스트 4개 제외: ['IP/USDT:USDT', 'NES/USDT:USDT', 'WLD/USDT:USDT', 'XAG/USDT:USDT', 'XAU/USDT:USDT', 'XAUT/USDT:USDT']
2026-07-30 23:27:27,953 [INFO] [SCAN] 스캔 시작: 30개 페어 (캐시 18개 보유)
2026-07-30 23:27:29,052 [INFO] [SIG] SOL/USDT:USDT LONG 신호 포착 (강도 95%)
2026-07-30 23:27:29,052 [INFO] [SIGNAL] SOL/USDT:USDT LONG 신호 수신 (strength=95)
2026-07-30 23:27:29,505 [INFO] [RISK OK] SOL/USDT:USDT 리스크 체크 통과
2026-07-30 23:27:29,781 [WARNING] [ENTRY BLOCK] SOL/USDT:USDT — 최대 포지션 수 도달: 2/2
2026-07-30 23:27:30,375 [INFO] [SIG] XRP/USDT:USDT LONG 신호 포착 (강도 95%)
2026-07-30 23:27:30,375 [INFO] [SIGNAL] XRP/USDT:USDT LONG 신호 수신 (strength=95)
2026-07-30 23:27:30,806 [INFO] [RISK OK] XRP/USDT:USDT 리스크 체크 통과
2026-07-30 23:27:31,092 [WARNING] [ENTRY BLOCK] XRP/USDT:USDT — 최대 포지션 수 도달: 2/2
2026-07-30 23:27:31,679 [INFO] [SIG] DOGE/USDT:USDT LONG 신호 포착 (강도 95%)
2026-07-30 23:27:31,679 [INFO] [SIGNAL] DOGE/USDT:USDT LONG 신호 수신 (strength=95)
2026-07-30 23:27:32,232 [INFO] [RISK OK] DOGE/USDT:USDT 리스크 체크 통과
2026-07-30 23:27:32,510 [WARNING] [ENTRY BLOCK] DOGE/USDT:USDT — 최대 포지션 수 도달: 2/2
2026-07-30 23:27:34,799 [INFO] [SIG] PEPE/USDT:USDT LONG 신호 포착 (강도 95%)
2026-07-30 23:27:34,799 [INFO] [SIGNAL] PEPE/USDT:USDT LONG 신호 수신 (strength=95)
2026-07-30 23:27:35,239 [INFO] [RISK OK] PEPE/USDT:USDT 리스크 체크 통과
2026-07-30 23:27:35,558 [WARNING] [ENTRY BLOCK] PEPE/USDT:USDT — 최대 포지션 수 도달: 2/2
2026-07-30 23:27:38,339 [INFO] [SIG] RE/USDT:USDT LONG 신호 포착 (강도 90%)
2026-07-30 23:27:38,339 [INFO] [SIGNAL] RE/USDT:USDT LONG 신호 수신 (strength=90)
2026-07-30 23:27:38,875 [INFO] [RISK OK] RE/USDT:USDT 리스크 체크 통과
2026-07-30 23:27:39,260 [WARNING] [ENTRY BLOCK] RE/USDT:USDT — 최대 포지션 수 도달: 2/2
2026-07-30 23:27:40,617 [INFO] [SCAN] 완료: 18개 종목 · 신호 5개 · API 호출 18회 · 캐시 히트 0회
2026-07-30 23:27:45,833 [INFO] [SCAN] 블랙리스트 4개 제외: ['IP/USDT:USDT', 'NES/USDT:USDT', 'WLD/USDT:USDT', 'XAG/USDT:USDT', 'XAU/USDT:USDT', 'XAUT/USDT:USDT']
2026-07-30 23:27:45,834 [INFO] [SCAN] 스캔 시작: 30개 페어 (캐시 18개 보유)
2026-07-30 23:27:46,933 [INFO] [SIG] SOL/USDT:USDT LONG 신호 포착 (강도 95%)
2026-07-30 23:27:46,933 [INFO] [SIGNAL] SOL/USDT:USDT LONG 신호 수신 (strength=95)
2026-07-30 23:27:47,433 [INFO] [RISK OK] SOL/USDT:USDT 리스크 체크 통과
2026-07-30 23:27:47,758 [INFO] [ENTRY OK] SOL/USDT:USDT 포지션 체크 통과 (현재 1/2)
2026-07-30 23:27:47,758 [INFO] [MARGIN] 고정 모드: $1.00
2026-07-30 23:27:47,758 [INFO] [MARGIN DECISION] symbol=SOL/USDT:USDT source=fixed margin=1.00 auto_compound=False compound_pct=18.00 fixed_margin=1.00
2026-07-30 23:27:48,083 [INFO] [M4 SIZING] SOL/USDT:USDT 잔고=$110.52, 리스크=1.00%, SL거리=0.50% → 증거금=$33.16 (Notional: $165.80)
2026-07-30 23:27:48,084 [INFO] [5분봉 스캘핑 코파일럿 (ATR 하이브리드) SL/TP] SOL/USDT:USDT 시그널 내장 가격 기반: SL=74.2171(0.500%) TP=75.0757(0.651%)
2026-07-30 23:27:48,084 [INFO] [FINAL ENTRY] SOL/USDT:USDT BUY 주문 실행 예정: margin=$33.16 SL=0.50% TP=0.65%
2026-07-30 23:27:48,084 [INFO] [ORDER PLACE] SOL/USDT:USDT place_order 호출 중...
2026-07-30 23:27:48,369 [INFO] 레버리지 설정 완료: SOL/USDT:USDT 5x (long)
2026-07-30 23:27:48,758 [INFO] [ORDER] SOL/USDT:USDT long 진입 + TP(75.09) / SL(74.23) 원자 등록 완료
2026-07-30 23:27:49,874 [INFO] [ORDER RESULT] SOL/USDT:USDT 주문 결과: {'order_id': '3788941926434283520', 'symbol': 'SOL/USDT:USDT', 'side': 'long', 'entry_price': 74.6, 'amount': 2.22, 'sl_price': '74.23', 'tp_price': '75.09', 'usdt_margin': 33.16}
2026-07-30 23:27:49,875 [INFO] [ATR TRAIL] SOL/USDT:USDT ATR기반 저장: atr_pct=0.26% → activation=1.00% callback=0.80%
2026-07-30 23:27:49,876 [INFO] [PERSIST] 활성 포지션 상태 저장 완료
2026-07-30 23:27:49,888 [INFO] [PERSIST] 엔진 상태(트레일링 픽, 이전 포지션 심볼, recently_entered) 저장 완료
2026-07-30 23:27:49,889 [INFO] [ORDER] SOL/USDT:USDT LONG 실행 완료 (신호=LONG)
2026-07-30 23:27:50,371 [INFO] [SIG] XRP/USDT:USDT LONG 신호 포착 (강도 95%)
2026-07-30 23:27:50,371 [INFO] [SIGNAL] XRP/USDT:USDT LONG 신호 수신 (strength=95)
2026-07-30 23:27:50,872 [INFO] [RISK OK] XRP/USDT:USDT 리스크 체크 통과
2026-07-30 23:27:51,149 [INFO] [SYNC] SOL/USDT:USDT 포지션 거래소 반영 확인 → recently_entered 락 해제
2026-07-30 23:27:51,150 [INFO] [PERSIST] 엔진 상태(트레일링 픽, 이전 포지션 심볼, recently_entered) 저장 완료
2026-07-30 23:27:51,150 [WARNING] [ENTRY BLOCK] XRP/USDT:USDT — 최대 포지션 수 도달: 2/2
2026-07-30 23:27:51,736 [INFO] [SIG] DOGE/USDT:USDT LONG 신호 포착 (강도 95%)
2026-07-30 23:27:51,736 [INFO] [SIGNAL] DOGE/USDT:USDT LONG 신호 수신 (strength=95)
2026-07-30 23:27:52,321 [INFO] [RISK OK] DOGE/USDT:USDT 리스크 체크 통과
2026-07-30 23:27:52,647 [WARNING] [ENTRY BLOCK] DOGE/USDT:USDT — 최대 포지션 수 도달: 2/2
2026-07-30 23:27:56,322 [INFO] [SIG] BNB/USDT:USDT LONG 신호 포착 (강도 95%)
2026-07-30 23:27:56,322 [INFO] [SIGNAL] BNB/USDT:USDT LONG 신호 수신 (strength=95)
2026-07-30 23:27:56,714 [INFO] [RISK OK] BNB/USDT:USDT 리스크 체크 통과
2026-07-30 23:27:56,998 [WARNING] [ENTRY BLOCK] BNB/USDT:USDT — 최대 포지션 수 도달: 2/2
2026-07-30 23:27:58,432 [INFO] [SIG] RE/USDT:USDT LONG 신호 포착 (강도 90%)
2026-07-30 23:27:58,433 [INFO] [SIGNAL] RE/USDT:USDT LONG 신호 수신 (strength=90)
2026-07-30 23:27:58,942 [INFO] [RISK OK] RE/USDT:USDT 리스크 체크 통과
2026-07-30 23:27:59,219 [WARNING] [ENTRY BLOCK] RE/USDT:USDT — 최대 포지션 수 도달: 2/2
2026-07-30 23:28:00,573 [INFO] [SCAN] 완료: 18개 종목 · 신호 5개 · API 호출 18회 · 캐시 히트 0회
2026-07-30 23:28:05,798 [INFO] [SCAN] 블랙리스트 4개 제외: ['IP/USDT:USDT', 'NES/USDT:USDT', 'WLD/USDT:USDT', 'XAG/USDT:USDT', 'XAU/USDT:USDT', 'XAUT/USDT:USDT']
2026-07-30 23:28:05,798 [INFO] [SCAN] 스캔 시작: 30개 페어 (캐시 18개 보유)
2026-07-30 23:28:06,824 [INFO] [SIG] SOL/USDT:USDT LONG 신호 포착 (강도 95%)
2026-07-30 23:28:06,825 [INFO] [SIGNAL] SOL/USDT:USDT LONG 신호 수신 (strength=95)
2026-07-30 23:28:07,329 [INFO] [RISK OK] SOL/USDT:USDT 리스크 체크 통과
2026-07-30 23:28:07,608 [INFO] [ENTRY BLOCK] SOL/USDT:USDT — 이미 포지션 보유 또는 진입 주문 전송 중
2026-07-30 23:28:08,659 [INFO] [SIG] DOGE/USDT:USDT LONG 신호 포착 (강도 95%)
2026-07-30 23:28:08,659 [INFO] [SIGNAL] DOGE/USDT:USDT LONG 신호 수신 (strength=95)
2026-07-30 23:28:09,160 [INFO] [RISK OK] DOGE/USDT:USDT 리스크 체크 통과
2026-07-30 23:28:09,497 [WARNING] [ENTRY BLOCK] DOGE/USDT:USDT — 최대 포지션 수 도달: 2/2
2026-07-30 23:28:09,718 [INFO] [상태] 잔고:$110.49 | 포지션:2개 | 스캔:65회 | 스캐너:ON
2026-07-30 23:28:14,540 [INFO] [SIG] RE/USDT:USDT LONG 신호 포착 (강도 90%)
2026-07-30 23:28:14,540 [INFO] [SIGNAL] RE/USDT:USDT LONG 신호 수신 (strength=90)
2026-07-30 23:28:15,085 [INFO] [RISK OK] RE/USDT:USDT 리스크 체크 통과
2026-07-30 23:28:15,416 [WARNING] [ENTRY BLOCK] RE/USDT:USDT — 최대 포지션 수 도달: 2/2
2026-07-30 23:28:16,834 [INFO] [SCAN] 완료: 18개 종목 · 신호 3개 · API 호출 18회 · 캐시 히트 0회
2026-07-30 23:28:22,043 [INFO] [SCAN] 블랙리스트 4개 제외: ['IP/USDT:USDT', 'NES/USDT:USDT', 'WLD/USDT:USDT', 'XAG/USDT:USDT', 'XAU/USDT:USDT', 'XAUT/USDT:USDT']
2026-07-30 23:28:22,043 [INFO] [SCAN] 스캔 시작: 30개 페어 (캐시 18개 보유)
2026-07-30 23:28:23,982 [INFO] [SIG] DOGE/USDT:USDT LONG 신호 포착 (강도 95%)
2026-07-30 23:28:23,982 [INFO] [SIGNAL] DOGE/USDT:USDT LONG 신호 수신 (strength=95)
2026-07-30 23:28:24,599 [INFO] [RISK OK] DOGE/USDT:USDT 리스크 체크 통과
2026-07-30 23:28:24,884 [WARNING] [ENTRY BLOCK] DOGE/USDT:USDT — 최대 포지션 수 도달: 2/2
2026-07-30 23:28:29,810 [INFO] [SIG] RE/USDT:USDT LONG 신호 포착 (강도 90%)
2026-07-30 23:28:29,810 [INFO] [SIGNAL] RE/USDT:USDT LONG 신호 수신 (strength=90)
2026-07-30 23:28:30,308 [INFO] [RISK OK] RE/USDT:USDT 리스크 체크 통과
2026-07-30 23:28:30,688 [WARNING] [ENTRY BLOCK] RE/USDT:USDT — 최대 포지션 수 도달: 2/2
2026-07-30 23:28:31,999 [INFO] [SCAN] 완료: 18개 종목 · 신호 2개 · API 호출 18회 · 캐시 히트 0회
2026-07-30 23:28:32,114 [INFO] [PERSIST] HYPE/USDT:USDT 포지션이 거래소에 존재하지 않음 (오프라인 청산 감지) → 상태 삭제
2026-07-30 23:28:32,114 [INFO] [PERSIST] 활성 포지션 상태 저장 완료
2026-07-30 23:28:39,045 [INFO] [SCAN] 블랙리스트 4개 제외: ['IP/USDT:USDT', 'NES/USDT:USDT', 'WLD/USDT:USDT', 'XAG/USDT:USDT', 'XAU/USDT:USDT', 'XAUT/USDT:USDT']
2026-07-30 23:28:39,045 [INFO] [SCAN] 스캔 시작: 30개 페어 (캐시 18개 보유)
2026-07-30 23:28:40,973 [INFO] [SIG] DOGE/USDT:USDT LONG 신호 포착 (강도 95%)
2026-07-30 23:28:40,973 [INFO] [SIGNAL] DOGE/USDT:USDT LONG 신호 수신 (strength=95)
2026-07-30 23:28:41,403 [INFO] [RISK OK] DOGE/USDT:USDT 리스크 체크 통과
2026-07-30 23:28:41,681 [WARNING] [ENTRY BLOCK] DOGE/USDT:USDT — 최대 포지션 수 도달: 2/2
2026-07-30 23:28:42,694 [INFO] [SIG] AEON/USDT:USDT SHORT 신호 포착 (강도 95%)
2026-07-30 23:28:42,695 [INFO] [SIGNAL] AEON/USDT:USDT SHORT 신호 수신 (strength=95)
2026-07-30 23:28:43,241 [INFO] [RISK OK] AEON/USDT:USDT 리스크 체크 통과
2026-07-30 23:28:43,570 [INFO] [ENTRY BLOCK] AEON/USDT:USDT — 이미 포지션 보유 또는 진입 주문 전송 중
2026-07-30 23:28:47,719 [INFO] [SIG] RE/USDT:USDT LONG 신호 포착 (강도 90%)
2026-07-30 23:28:47,719 [INFO] [SIGNAL] RE/USDT:USDT LONG 신호 수신 (strength=90)
2026-07-30 23:28:48,220 [INFO] [RISK OK] RE/USDT:USDT 리스크 체크 통과
2026-07-30 23:28:48,502 [WARNING] [ENTRY BLOCK] RE/USDT:USDT — 최대 포지션 수 도달: 2/2
2026-07-30 23:28:49,808 [INFO] [SCAN] 완료: 18개 종목 · 신호 3개 · API 호출 18회 · 캐시 히트 0회
2026-07-30 23:28:55,054 [INFO] [SCAN] 블랙리스트 4개 제외: ['IP/USDT:USDT', 'NES/USDT:USDT', 'WLD/USDT:USDT', 'XAG/USDT:USDT', 'XAU/USDT:USDT', 'XAUT/USDT:USDT']
2026-07-30 23:28:55,055 [INFO] [SCAN] 스캔 시작: 30개 페어 (캐시 18개 보유)
2026-07-30 23:28:56,072 [INFO] [SIG] SOL/USDT:USDT LONG 신호 포착 (강도 95%)
2026-07-30 23:28:56,072 [INFO] [SIGNAL] SOL/USDT:USDT LONG 신호 수신 (strength=95)
2026-07-30 23:28:56,579 [INFO] [RISK OK] SOL/USDT:USDT 리스크 체크 통과
2026-07-30 23:28:56,897 [INFO] [ENTRY BLOCK] SOL/USDT:USDT — 이미 포지션 보유 또는 진입 주문 전송 중
2026-07-30 23:28:57,896 [INFO] [SIG] DOGE/USDT:USDT LONG 신호 포착 (강도 95%)
2026-07-30 23:28:57,897 [INFO] [SIGNAL] DOGE/USDT:USDT LONG 신호 수신 (strength=95)
2026-07-30 23:28:58,293 [INFO] [RISK OK] DOGE/USDT:USDT 리스크 체크 통과
2026-07-30 23:28:58,611 [WARNING] [ENTRY BLOCK] DOGE/USDT:USDT — 최대 포지션 수 도달: 2/2
2026-07-30 23:29:03,558 [INFO] [SIG] RE/USDT:USDT LONG 신호 포착 (강도 90%)
2026-07-30 23:29:03,558 [INFO] [SIGNAL] RE/USDT:USDT LONG 신호 수신 (strength=90)
2026-07-30 23:29:03,995 [INFO] [RISK OK] RE/USDT:USDT 리스크 체크 통과
2026-07-30 23:29:04,277 [WARNING] [ENTRY BLOCK] RE/USDT:USDT — 최대 포지션 수 도달: 2/2
2026-07-30 23:29:05,587 [INFO] [SCAN] 완료: 18개 종목 · 신호 3개 · API 호출 18회 · 캐시 히트 0회
2026-07-30 23:29:10,141 [INFO] [상태] 잔고:$110.28 | 포지션:2개 | 스캔:69회 | 스캐너:ON
2026-07-30 23:29:10,961 [INFO] [SCAN] 블랙리스트 4개 제외: ['IP/USDT:USDT', 'NES/USDT:USDT', 'WLD/USDT:USDT', 'XAG/USDT:USDT', 'XAU/USDT:USDT', 'XAUT/USDT:USDT']
2026-07-30 23:29:10,961 [INFO] [SCAN] 스캔 시작: 30개 페어 (캐시 18개 보유)
2026-07-30 23:29:12,022 [INFO] [SIG] SOL/USDT:USDT LONG 신호 포착 (강도 95%)
2026-07-30 23:29:12,022 [INFO] [SIGNAL] SOL/USDT:USDT LONG 신호 수신 (strength=95)
2026-07-30 23:29:12,467 [INFO] [RISK OK] SOL/USDT:USDT 리스크 체크 통과
2026-07-30 23:29:12,748 [INFO] [ENTRY BLOCK] SOL/USDT:USDT — 이미 포지션 보유 또는 진입 주문 전송 중
2026-07-30 23:29:13,377 [INFO] [SIG] XRP/USDT:USDT LONG 신호 포착 (강도 95%)
2026-07-30 23:29:13,377 [INFO] [SIGNAL] XRP/USDT:USDT LONG 신호 수신 (strength=95)
2026-07-30 23:29:13,778 [INFO] [RISK OK] XRP/USDT:USDT 리스크 체크 통과
2026-07-30 23:29:14,099 [WARNING] [ENTRY BLOCK] XRP/USDT:USDT — 최대 포지션 수 도달: 2/2
2026-07-30 23:29:14,693 [INFO] [SIG] DOGE/USDT:USDT LONG 신호 포착 (강도 95%)
2026-07-30 23:29:14,693 [INFO] [SIGNAL] DOGE/USDT:USDT LONG 신호 수신 (strength=95)
2026-07-30 23:29:15,194 [INFO] [RISK OK] DOGE/USDT:USDT 리스크 체크 통과
2026-07-30 23:29:15,586 [WARNING] [ENTRY BLOCK] DOGE/USDT:USDT — 최대 포지션 수 도달: 2/2
2026-07-30 23:29:20,497 [INFO] [SIG] RE/USDT:USDT LONG 신호 포착 (강도 90%)
2026-07-30 23:29:20,498 [INFO] [SIGNAL] RE/USDT:USDT LONG 신호 수신 (strength=90)
2026-07-30 23:29:20,896 [INFO] [RISK OK] RE/USDT:USDT 리스크 체크 통과
2026-07-30 23:29:21,172 [WARNING] [ENTRY BLOCK] RE/USDT:USDT — 최대 포지션 수 도달: 2/2
2026-07-30 23:29:22,528 [INFO] [SCAN] 완료: 18개 종목 · 신호 4개 · API 호출 18회 · 캐시 히트 0회
2026-07-30 23:29:27,735 [INFO] [SCAN] 블랙리스트 4개 제외: ['IP/USDT:USDT', 'NES/USDT:USDT', 'WLD/USDT:USDT', 'XAG/USDT:USDT', 'XAU/USDT:USDT', 'XAUT/USDT:USDT']
2026-07-30 23:29:27,735 [INFO] [SCAN] 스캔 시작: 30개 페어 (캐시 18개 보유)
2026-07-30 23:29:28,752 [INFO] [SIG] SOL/USDT:USDT LONG 신호 포착 (강도 95%)
2026-07-30 23:29:28,753 [INFO] [SIGNAL] SOL/USDT:USDT LONG 신호 수신 (strength=95)
2026-07-30 23:29:29,261 [INFO] [RISK OK] SOL/USDT:USDT 리스크 체크 통과
2026-07-30 23:29:29,537 [INFO] [ENTRY BLOCK] SOL/USDT:USDT — 이미 포지션 보유 또는 진입 주문 전송 중
2026-07-30 23:29:30,127 [INFO] [SIG] XRP/USDT:USDT LONG 신호 포착 (강도 95%)
2026-07-30 23:29:30,127 [INFO] [SIGNAL] XRP/USDT:USDT LONG 신호 수신 (strength=95)
2026-07-30 23:29:30,569 [INFO] [RISK OK] XRP/USDT:USDT 리스크 체크 통과
2026-07-30 23:29:30,849 [WARNING] [ENTRY BLOCK] XRP/USDT:USDT — 최대 포지션 수 도달: 2/2
2026-07-30 23:29:31,436 [INFO] [SIG] DOGE/USDT:USDT LONG 신호 포착 (강도 95%)
2026-07-30 23:29:31,436 [INFO] [SIGNAL] DOGE/USDT:USDT LONG 신호 수신 (strength=95)
2026-07-30 23:29:31,984 [INFO] [RISK OK] DOGE/USDT:USDT 리스크 체크 통과
2026-07-30 23:29:32,266 [WARNING] [ENTRY BLOCK] DOGE/USDT:USDT — 최대 포지션 수 도달: 2/2
2026-07-30 23:29:35,035 [INFO] [SIG] SUI/USDT:USDT LONG 신호 포착 (강도 95%)
2026-07-30 23:29:35,036 [INFO] [SIGNAL] SUI/USDT:USDT LONG 신호 수신 (strength=95)
2026-07-30 23:29:35,648 [INFO] [RISK OK] SUI/USDT:USDT 리스크 체크 통과
2026-07-30 23:29:35,930 [WARNING] [ENTRY BLOCK] SUI/USDT:USDT — 최대 포지션 수 도달: 2/2
2026-07-30 23:29:38,335 [INFO] [SIG] RE/USDT:USDT LONG 신호 포착 (강도 90%)
2026-07-30 23:29:38,335 [INFO] [SIGNAL] RE/USDT:USDT LONG 신호 수신 (strength=90)
2026-07-30 23:29:38,839 [INFO] [RISK OK] RE/USDT:USDT 리스크 체크 통과
2026-07-30 23:29:39,117 [WARNING] [ENTRY BLOCK] RE/USDT:USDT — 최대 포지션 수 도달: 2/2
2026-07-30 23:29:40,423 [INFO] [SCAN] 완료: 18개 종목 · 신호 5개 · API 호출 18회 · 캐시 히트 0회
2026-07-30 23:29:47,490 [INFO] [SCAN] 블랙리스트 4개 제외: ['IP/USDT:USDT', 'NES/USDT:USDT', 'WLD/USDT:USDT', 'XAG/USDT:USDT', 'XAU/USDT:USDT', 'XAUT/USDT:USDT']
2026-07-30 23:29:47,491 [INFO] [SCAN] 스캔 시작: 30개 페어 (캐시 18개 보유)
2026-07-30 23:29:48,510 [INFO] [SIG] SOL/USDT:USDT LONG 신호 포착 (강도 95%)
2026-07-30 23:29:48,510 [INFO] [SIGNAL] SOL/USDT:USDT LONG 신호 수신 (strength=95)
2026-07-30 23:29:49,023 [INFO] [RISK OK] SOL/USDT:USDT 리스크 체크 통과
2026-07-30 23:29:49,303 [INFO] [ENTRY BLOCK] SOL/USDT:USDT — 이미 포지션 보유 또는 진입 주문 전송 중
2026-07-30 23:29:49,886 [INFO] [SIG] XRP/USDT:USDT LONG 신호 포착 (강도 95%)
2026-07-30 23:29:49,886 [INFO] [SIGNAL] XRP/USDT:USDT LONG 신호 수신 (strength=95)
2026-07-30 23:29:50,280 [INFO] [RISK OK] XRP/USDT:USDT 리스크 체크 통과
2026-07-30 23:29:50,566 [WARNING] [ENTRY BLOCK] XRP/USDT:USDT — 최대 포지션 수 도달: 2/2
2026-07-30 23:29:51,155 [INFO] [SIG] DOGE/USDT:USDT LONG 신호 포착 (강도 95%)
2026-07-30 23:29:51,155 [INFO] [SIGNAL] DOGE/USDT:USDT LONG 신호 수신 (strength=95)
2026-07-30 23:29:51,761 [INFO] [RISK OK] DOGE/USDT:USDT 리스크 체크 통과
2026-07-30 23:29:52,043 [WARNING] [ENTRY BLOCK] DOGE/USDT:USDT — 최대 포지션 수 도달: 2/2
2026-07-30 23:29:54,779 [INFO] [SIG] SUI/USDT:USDT LONG 신호 포착 (강도 95%)
2026-07-30 23:29:54,779 [INFO] [SIGNAL] SUI/USDT:USDT LONG 신호 수신 (strength=95)
2026-07-30 23:29:55,281 [INFO] [RISK OK] SUI/USDT:USDT 리스크 체크 통과
2026-07-30 23:29:55,668 [WARNING] [ENTRY BLOCK] SUI/USDT:USDT — 최대 포지션 수 도달: 2/2
2026-07-30 23:29:56,680 [INFO] [SIG] BNB/USDT:USDT LONG 신호 포착 (강도 95%)
2026-07-30 23:29:56,680 [INFO] [SIGNAL] BNB/USDT:USDT LONG 신호 수신 (strength=95)
2026-07-30 23:29:57,179 [INFO] [RISK OK] BNB/USDT:USDT 리스크 체크 통과
2026-07-30 23:29:57,461 [WARNING] [ENTRY BLOCK] BNB/USDT:USDT — 최대 포지션 수 도달: 2/2
2026-07-30 23:29:58,927 [INFO] [SIG] RE/USDT:USDT LONG 신호 포착 (강도 90%)
2026-07-30 23:29:58,927 [INFO] [SIGNAL] RE/USDT:USDT LONG 신호 수신 (strength=90)
2026-07-30 23:29:59,430 [INFO] [RISK OK] RE/USDT:USDT 리스크 체크 통과
2026-07-30 23:29:59,810 [WARNING] [ENTRY BLOCK] RE/USDT:USDT — 최대 포지션 수 도달: 2/2
2026-07-30 23:30:00,822 [INFO] [SIG] FIL/USDT:USDT LONG 신호 포착 (강도 95%)
2026-07-30 23:30:00,822 [INFO] [SIGNAL] FIL/USDT:USDT LONG 신호 수신 (strength=95)
2026-07-30 23:30:01,271 [INFO] [RISK OK] FIL/USDT:USDT 리스크 체크 통과
2026-07-30 23:30:01,656 [WARNING] [ENTRY BLOCK] FIL/USDT:USDT — 최대 포지션 수 도달: 2/2
2026-07-30 23:30:01,958 [INFO] [SCAN] 완료: 18개 종목 · 신호 7개 · API 호출 18회 · 캐시 히트 0회
2026-07-30 23:30:07,339 [INFO] [SCAN] 블랙리스트 4개 제외: ['IP/USDT:USDT', 'NES/USDT:USDT', 'WLD/USDT:USDT', 'XAG/USDT:USDT', 'XAU/USDT:USDT', 'XAUT/USDT:USDT']
2026-07-30 23:30:07,339 [INFO] [SCAN] 스캔 시작: 30개 페어 (캐시 18개 보유)
2026-07-30 23:30:08,363 [INFO] [SIG] SOL/USDT:USDT LONG 신호 포착 (강도 95%)
2026-07-30 23:30:08,363 [INFO] [SIGNAL] SOL/USDT:USDT LONG 신호 수신 (strength=95)
2026-07-30 23:30:08,812 [INFO] [RISK OK] SOL/USDT:USDT 리스크 체크 통과
2026-07-30 23:30:09,092 [INFO] [ENTRY BLOCK] SOL/USDT:USDT — 이미 포지션 보유 또는 진입 주문 전송 중
2026-07-30 23:30:09,683 [INFO] [SIG] XRP/USDT:USDT LONG 신호 포착 (강도 95%)
2026-07-30 23:30:09,684 [INFO] [SIGNAL] XRP/USDT:USDT LONG 신호 수신 (strength=95)
2026-07-30 23:30:10,283 [INFO] [RISK OK] XRP/USDT:USDT 리스크 체크 통과
2026-07-30 23:30:10,777 [WARNING] [ENTRY BLOCK] XRP/USDT:USDT — 최대 포지션 수 도달: 2/2
2026-07-30 23:30:10,997 [INFO] [상태] 잔고:$110.38 | 포지션:2개 | 스캔:72회 | 스캐너:ON
2026-07-30 23:30:11,361 [INFO] [SIG] DOGE/USDT:USDT LONG 신호 포착 (강도 95%)
2026-07-30 23:30:11,361 [INFO] [SIGNAL] DOGE/USDT:USDT LONG 신호 수신 (strength=95)
2026-07-30 23:30:11,802 [INFO] [RISK OK] DOGE/USDT:USDT 리스크 체크 통과
2026-07-30 23:30:12,088 [WARNING] [ENTRY BLOCK] DOGE/USDT:USDT — 최대 포지션 수 도달: 2/2
2026-07-30 23:30:13,135 [INFO] [SIG] AEON/USDT:USDT SHORT 신호 포착 (강도 95%)
2026-07-30 23:30:13,135 [INFO] [SIGNAL] AEON/USDT:USDT SHORT 신호 수신 (strength=95)
2026-07-30 23:30:13,581 [INFO] [RISK OK] AEON/USDT:USDT 리스크 체크 통과
2026-07-30 23:30:14,012 [INFO] [ENTRY BLOCK] AEON/USDT:USDT — 이미 포지션 보유 또는 진입 주문 전송 중
2026-07-30 23:30:15,951 [INFO] [SIG] SUI/USDT:USDT LONG 신호 포착 (강도 95%)
2026-07-30 23:30:15,951 [INFO] [SIGNAL] SUI/USDT:USDT LONG 신호 수신 (strength=95)
2026-07-30 23:30:16,347 [INFO] [RISK OK] SUI/USDT:USDT 리스크 체크 통과
2026-07-30 23:30:16,730 [WARNING] [ENTRY BLOCK] SUI/USDT:USDT — 최대 포지션 수 도달: 2/2
2026-07-30 23:30:19,012 [INFO] [SIG] RE/USDT:USDT SHORT 신호 포착 (강도 95%)
2026-07-30 23:30:19,013 [INFO] [SIGNAL] RE/USDT:USDT SHORT 신호 수신 (strength=95)
2026-07-30 23:30:19,408 [INFO] [RISK OK] RE/USDT:USDT 리스크 체크 통과
2026-07-30 23:30:19,689 [WARNING] [ENTRY BLOCK] RE/USDT:USDT — 최대 포지션 수 도달: 2/2
2026-07-30 23:30:20,688 [INFO] [SIG] FIL/USDT:USDT LONG 신호 포착 (강도 95%)
2026-07-30 23:30:20,688 [INFO] [SIGNAL] FIL/USDT:USDT LONG 신호 수신 (strength=95)
2026-07-30 23:30:21,085 [INFO] [RISK OK] FIL/USDT:USDT 리스크 체크 통과
2026-07-30 23:30:21,463 [WARNING] [ENTRY BLOCK] FIL/USDT:USDT — 최대 포지션 수 도달: 2/2
2026-07-30 23:30:21,764 [INFO] [SCAN] 완료: 18개 종목 · 신호 7개 · API 호출 18회 · 캐시 히트 0회
2026-07-30 23:30:27,139 [INFO] [SCAN] 블랙리스트 4개 제외: ['IP/USDT:USDT', 'NES/USDT:USDT', 'WLD/USDT:USDT', 'XAG/USDT:USDT', 'XAU/USDT:USDT', 'XAUT/USDT:USDT']
2026-07-30 23:30:27,139 [INFO] [SCAN] 스캔 시작: 30개 페어 (캐시 18개 보유)
2026-07-30 23:30:28,190 [INFO] [SIG] SOL/USDT:USDT LONG 신호 포착 (강도 95%)
2026-07-30 23:30:28,190 [INFO] [SIGNAL] SOL/USDT:USDT LONG 신호 수신 (strength=95)
2026-07-30 23:30:28,693 [INFO] [RISK OK] SOL/USDT:USDT 리스크 체크 통과
2026-07-30 23:30:28,974 [INFO] [ENTRY BLOCK] SOL/USDT:USDT — 이미 포지션 보유 또는 진입 주문 전송 중
2026-07-30 23:30:29,554 [INFO] [SIG] XRP/USDT:USDT LONG 신호 포착 (강도 95%)
2026-07-30 23:30:29,554 [INFO] [SIGNAL] XRP/USDT:USDT LONG 신호 수신 (strength=95)
2026-07-30 23:30:29,951 [INFO] [RISK OK] XRP/USDT:USDT 리스크 체크 통과
2026-07-30 23:30:30,231 [WARNING] [ENTRY BLOCK] XRP/USDT:USDT — 최대 포지션 수 도달: 2/2
2026-07-30 23:30:30,815 [INFO] [SIG] DOGE/USDT:USDT LONG 신호 포착 (강도 95%)
2026-07-30 23:30:30,815 [INFO] [SIGNAL] DOGE/USDT:USDT LONG 신호 수신 (strength=95)
2026-07-30 23:30:31,212 [INFO] [RISK OK] DOGE/USDT:USDT 리스크 체크 통과
2026-07-30 23:30:31,490 [WARNING] [ENTRY BLOCK] DOGE/USDT:USDT — 최대 포지션 수 도달: 2/2
2026-07-30 23:30:32,493 [INFO] [SIG] AEON/USDT:USDT SHORT 신호 포착 (강도 95%)
2026-07-30 23:30:32,493 [INFO] [SIGNAL] AEON/USDT:USDT SHORT 신호 수신 (strength=95)
2026-07-30 23:30:32,894 [INFO] [RISK OK] AEON/USDT:USDT 리스크 체크 통과
2026-07-30 23:30:33,281 [INFO] [ENTRY BLOCK] AEON/USDT:USDT — 이미 포지션 보유 또는 진입 주문 전송 중
2026-07-30 23:30:35,147 [INFO] [SIG] SUI/USDT:USDT LONG 신호 포착 (강도 95%)
2026-07-30 23:30:35,148 [INFO] [SIGNAL] SUI/USDT:USDT LONG 신호 수신 (strength=95)
2026-07-30 23:30:35,647 [INFO] [RISK OK] SUI/USDT:USDT 리스크 체크 통과
2026-07-30 23:30:35,926 [WARNING] [ENTRY BLOCK] SUI/USDT:USDT — 최대 포지션 수 도달: 2/2
2026-07-30 23:30:38,217 [INFO] [SIG] RE/USDT:USDT SHORT 신호 포착 (강도 95%)
2026-07-30 23:30:38,217 [INFO] [SIGNAL] RE/USDT:USDT SHORT 신호 수신 (strength=95)
2026-07-30 23:30:38,859 [INFO] [RISK OK] RE/USDT:USDT 리스크 체크 통과
2026-07-30 23:30:39,139 [WARNING] [ENTRY BLOCK] RE/USDT:USDT — 최대 포지션 수 도달: 2/2
2026-07-30 23:30:40,145 [INFO] [SIG] FIL/USDT:USDT LONG 신호 포착 (강도 95%)
2026-07-30 23:30:40,145 [INFO] [SIGNAL] FIL/USDT:USDT LONG 신호 수신 (strength=95)
2026-07-30 23:30:40,656 [INFO] [RISK OK] FIL/USDT:USDT 리스크 체크 통과
2026-07-30 23:30:41,055 [WARNING] [ENTRY BLOCK] FIL/USDT:USDT — 최대 포지션 수 도달: 2/2
2026-07-30 23:30:41,356 [INFO] [SCAN] 완료: 18개 종목 · 신호 7개 · API 호출 18회 · 캐시 히트 0회
2026-07-30 23:30:48,484 [INFO] [SCAN] 블랙리스트 4개 제외: ['IP/USDT:USDT', 'NES/USDT:USDT', 'WLD/USDT:USDT', 'XAG/USDT:USDT', 'XAU/USDT:USDT', 'XAUT/USDT:USDT']
2026-07-30 23:30:48,485 [INFO] [SCAN] 스캔 시작: 30개 페어 (캐시 18개 보유)
2026-07-30 23:30:49,507 [INFO] [SIG] SOL/USDT:USDT LONG 신호 포착 (강도 95%)
2026-07-30 23:30:49,507 [INFO] [SIGNAL] SOL/USDT:USDT LONG 신호 수신 (strength=95)
2026-07-30 23:30:50,004 [INFO] [RISK OK] SOL/USDT:USDT 리스크 체크 통과
2026-07-30 23:30:50,390 [INFO] [ENTRY BLOCK] SOL/USDT:USDT — 이미 포지션 보유 또는 진입 주문 전송 중
2026-07-30 23:30:51,411 [INFO] [SIG] DOGE/USDT:USDT LONG 신호 포착 (강도 95%)
2026-07-30 23:30:51,412 [INFO] [SIGNAL] DOGE/USDT:USDT LONG 신호 수신 (strength=95)
2026-07-30 23:30:51,846 [INFO] [RISK OK] DOGE/USDT:USDT 리스크 체크 통과
2026-07-30 23:30:52,127 [WARNING] [ENTRY BLOCK] DOGE/USDT:USDT — 최대 포지션 수 도달: 2/2
2026-07-30 23:30:53,185 [INFO] [SIG] AEON/USDT:USDT SHORT 신호 포착 (강도 95%)
2026-07-30 23:30:53,185 [INFO] [SIGNAL] AEON/USDT:USDT SHORT 신호 수신 (strength=95)
2026-07-30 23:30:53,667 [INFO] [RISK OK] AEON/USDT:USDT 리스크 체크 통과
2026-07-30 23:30:53,950 [INFO] [ENTRY BLOCK] AEON/USDT:USDT — 이미 포지션 보유 또는 진입 주문 전송 중
2026-07-30 23:30:57,915 [INFO] [SIG] RE/USDT:USDT SHORT 신호 포착 (강도 95%)
2026-07-30 23:30:57,915 [INFO] [SIGNAL] RE/USDT:USDT SHORT 신호 수신 (strength=95)
2026-07-30 23:30:58,322 [INFO] [RISK OK] RE/USDT:USDT 리스크 체크 통과
2026-07-30 23:30:58,600 [WARNING] [ENTRY BLOCK] RE/USDT:USDT — 최대 포지션 수 도달: 2/2
2026-07-30 23:30:59,619 [INFO] [SIG] FIL/USDT:USDT LONG 신호 포착 (강도 95%)
2026-07-30 23:30:59,619 [INFO] [SIGNAL] FIL/USDT:USDT LONG 신호 수신 (strength=95)
2026-07-30 23:31:00,014 [INFO] [RISK OK] FIL/USDT:USDT 리스크 체크 통과
2026-07-30 23:31:00,300 [WARNING] [ENTRY BLOCK] FIL/USDT:USDT — 최대 포지션 수 도달: 2/2
2026-07-30 23:31:00,601 [INFO] [SCAN] 완료: 18개 종목 · 신호 5개 · API 호출 18회 · 캐시 히트 0회
2026-07-30 23:31:05,966 [INFO] [SCAN] 블랙리스트 4개 제외: ['IP/USDT:USDT', 'NES/USDT:USDT', 'WLD/USDT:USDT', 'XAG/USDT:USDT', 'XAU/USDT:USDT', 'XAUT/USDT:USDT']
2026-07-30 23:31:05,966 [INFO] [SCAN] 스캔 시작: 30개 페어 (캐시 18개 보유)
2026-07-30 23:31:07,024 [INFO] [SIG] SOL/USDT:USDT LONG 신호 포착 (강도 95%)
2026-07-30 23:31:07,024 [INFO] [SIGNAL] SOL/USDT:USDT LONG 신호 수신 (strength=95)
2026-07-30 23:31:07,436 [INFO] [RISK OK] SOL/USDT:USDT 리스크 체크 통과
2026-07-30 23:31:07,716 [INFO] [ENTRY BLOCK] SOL/USDT:USDT — 이미 포지션 보유 또는 진입 주문 전송 중
2026-07-30 23:31:08,739 [INFO] [SIG] DOGE/USDT:USDT LONG 신호 포착 (강도 95%)
2026-07-30 23:31:08,739 [INFO] [SIGNAL] DOGE/USDT:USDT LONG 신호 수신 (strength=95)
2026-07-30 23:31:09,237 [INFO] [RISK OK] DOGE/USDT:USDT 리스크 체크 통과
2026-07-30 23:31:09,516 [WARNING] [ENTRY BLOCK] DOGE/USDT:USDT — 최대 포지션 수 도달: 2/2
2026-07-30 23:31:10,525 [INFO] [SIG] AEON/USDT:USDT SHORT 신호 포착 (강도 95%)
2026-07-30 23:31:10,525 [INFO] [SIGNAL] AEON/USDT:USDT SHORT 신호 수신 (strength=95)
2026-07-30 23:31:10,925 [INFO] [RISK OK] AEON/USDT:USDT 리스크 체크 통과
2026-07-30 23:31:11,208 [INFO] [ENTRY BLOCK] AEON/USDT:USDT — 이미 포지션 보유 또는 진입 주문 전송 중
2026-07-30 23:31:11,842 [INFO] [상태] 잔고:$110.43 | 포지션:2개 | 스캔:75회 | 스캐너:ON
2026-07-30 23:31:15,361 [INFO] [SIG] RE/USDT:USDT SHORT 신호 포착 (강도 95%)
2026-07-30 23:31:15,361 [INFO] [SIGNAL] RE/USDT:USDT SHORT 신호 수신 (strength=95)
2026-07-30 23:31:15,867 [INFO] [RISK OK] RE/USDT:USDT 리스크 체크 통과
2026-07-30 23:31:16,154 [WARNING] [ENTRY BLOCK] RE/USDT:USDT — 최대 포지션 수 도달: 2/2
2026-07-30 23:31:17,171 [INFO] [SIG] FIL/USDT:USDT LONG 신호 포착 (강도 95%)
2026-07-30 23:31:17,171 [INFO] [SIGNAL] FIL/USDT:USDT LONG 신호 수신 (strength=95)
2026-07-30 23:31:17,673 [INFO] [RISK OK] FIL/USDT:USDT 리스크 체크 통과
2026-07-30 23:31:18,098 [WARNING] [ENTRY BLOCK] FIL/USDT:USDT — 최대 포지션 수 도달: 2/2
2026-07-30 23:31:18,399 [INFO] [SCAN] 완료: 18개 종목 · 신호 5개 · API 호출 18회 · 캐시 히트 0회
2026-07-30 23:31:23,771 [INFO] [SCAN] 블랙리스트 4개 제외: ['IP/USDT:USDT', 'NES/USDT:USDT', 'WLD/USDT:USDT', 'XAG/USDT:USDT', 'XAU/USDT:USDT', 'XAUT/USDT:USDT']
2026-07-30 23:31:23,772 [INFO] [SCAN] 스캔 시작: 30개 페어 (캐시 18개 보유)
2026-07-30 23:31:24,818 [INFO] [SIG] SOL/USDT:USDT LONG 신호 포착 (강도 95%)
2026-07-30 23:31:24,818 [INFO] [SIGNAL] SOL/USDT:USDT LONG 신호 수신 (strength=95)
2026-07-30 23:31:25,318 [INFO] [RISK OK] SOL/USDT:USDT 리스크 체크 통과
2026-07-30 23:31:25,600 [INFO] [ENTRY BLOCK] SOL/USDT:USDT — 이미 포지션 보유 또는 진입 주문 전송 중
2026-07-30 23:31:26,610 [INFO] [SIG] DOGE/USDT:USDT LONG 신호 포착 (강도 95%)
2026-07-30 23:31:26,610 [INFO] [SIGNAL] DOGE/USDT:USDT LONG 신호 수신 (strength=95)
2026-07-30 23:31:27,114 [INFO] [RISK OK] DOGE/USDT:USDT 리스크 체크 통과
2026-07-30 23:31:27,544 [WARNING] [ENTRY BLOCK] DOGE/USDT:USDT — 최대 포지션 수 도달: 2/2
2026-07-30 23:31:28,595 [INFO] [SIG] AEON/USDT:USDT SHORT 신호 포착 (강도 95%)
2026-07-30 23:31:28,595 [INFO] [SIGNAL] AEON/USDT:USDT SHORT 신호 수신 (strength=95)
2026-07-30 23:31:28,993 [INFO] [RISK OK] AEON/USDT:USDT 리스크 체크 통과
2026-07-30 23:31:29,271 [INFO] [ENTRY BLOCK] AEON/USDT:USDT — 이미 포지션 보유 또는 진입 주문 전송 중
2026-07-30 23:31:34,109 [INFO] [SIG] FIL/USDT:USDT LONG 신호 포착 (강도 95%)
2026-07-30 23:31:34,109 [INFO] [SIGNAL] FIL/USDT:USDT LONG 신호 수신 (strength=95)
2026-07-30 23:31:34,610 [INFO] [RISK OK] FIL/USDT:USDT 리스크 체크 통과
2026-07-30 23:31:34,892 [WARNING] [ENTRY BLOCK] FIL/USDT:USDT — 최대 포지션 수 도달: 2/2
2026-07-30 23:31:35,194 [INFO] [SCAN] 완료: 18개 종목 · 신호 4개 · API 호출 18회 · 캐시 히트 0회
2026-07-30 23:31:40,569 [INFO] [SCAN] 블랙리스트 4개 제외: ['IP/USDT:USDT', 'NES/USDT:USDT', 'WLD/USDT:USDT', 'XAG/USDT:USDT', 'XAU/USDT:USDT', 'XAUT/USDT:USDT']
2026-07-30 23:31:40,569 [INFO] [SCAN] 스캔 시작: 30개 페어 (캐시 18개 보유)
2026-07-30 23:31:42,450 [INFO] [SIG] DOGE/USDT:USDT LONG 신호 포착 (강도 95%)
2026-07-30 23:31:42,450 [INFO] [SIGNAL] DOGE/USDT:USDT LONG 신호 수신 (strength=95)
2026-07-30 23:31:43,062 [INFO] [RISK OK] DOGE/USDT:USDT 리스크 체크 통과
2026-07-30 23:31:43,343 [WARNING] [ENTRY BLOCK] DOGE/USDT:USDT — 최대 포지션 수 도달: 2/2
2026-07-30 23:31:44,363 [INFO] [SIG] AEON/USDT:USDT SHORT 신호 포착 (강도 95%)
2026-07-30 23:31:44,363 [INFO] [SIGNAL] AEON/USDT:USDT SHORT 신호 수신 (strength=95)
2026-07-30 23:31:44,763 [INFO] [RISK OK] AEON/USDT:USDT 리스크 체크 통과
2026-07-30 23:31:45,051 [INFO] [ENTRY BLOCK] AEON/USDT:USDT — 이미 포지션 보유 또는 진입 주문 전송 중
2026-07-30 23:31:49,966 [INFO] [SIG] FIL/USDT:USDT LONG 신호 포착 (강도 95%)
2026-07-30 23:31:49,966 [INFO] [SIGNAL] FIL/USDT:USDT LONG 신호 수신 (strength=95)
2026-07-30 23:31:50,364 [INFO] [RISK OK] FIL/USDT:USDT 리스크 체크 통과
2026-07-30 23:31:50,646 [WARNING] [ENTRY BLOCK] FIL/USDT:USDT — 최대 포지션 수 도달: 2/2
2026-07-30 23:31:50,947 [INFO] [SCAN] 완료: 18개 종목 · 신호 3개 · API 호출 18회 · 캐시 히트 0회
2026-07-30 23:31:57,967 [INFO] [SCAN] 블랙리스트 4개 제외: ['IP/USDT:USDT', 'NES/USDT:USDT', 'WLD/USDT:USDT', 'XAG/USDT:USDT', 'XAU/USDT:USDT', 'XAUT/USDT:USDT']
2026-07-30 23:31:57,967 [INFO] [SCAN] 스캔 시작: 30개 페어 (캐시 18개 보유)
2026-07-30 23:31:59,883 [INFO] [SIG] DOGE/USDT:USDT LONG 신호 포착 (강도 95%)
2026-07-30 23:31:59,883 [INFO] [SIGNAL] DOGE/USDT:USDT LONG 신호 수신 (strength=95)
2026-07-30 23:32:00,484 [INFO] [RISK OK] DOGE/USDT:USDT 리스크 체크 통과
2026-07-30 23:32:00,766 [WARNING] [ENTRY BLOCK] DOGE/USDT:USDT — 최대 포지션 수 도달: 2/2
2026-07-30 23:32:01,777 [INFO] [SIG] AEON/USDT:USDT SHORT 신호 포착 (강도 95%)
2026-07-30 23:32:01,777 [INFO] [SIGNAL] AEON/USDT:USDT SHORT 신호 수신 (strength=95)
2026-07-30 23:32:02,172 [INFO] [RISK OK] AEON/USDT:USDT 리스크 체크 통과
2026-07-30 23:32:02,452 [INFO] [ENTRY BLOCK] AEON/USDT:USDT — 이미 포지션 보유 또는 진입 주문 전송 중
2026-07-30 23:32:07,334 [INFO] [SIG] FIL/USDT:USDT LONG 신호 포착 (강도 95%)
2026-07-30 23:32:07,334 [INFO] [SIGNAL] FIL/USDT:USDT LONG 신호 수신 (strength=95)
2026-07-30 23:32:07,727 [INFO] [RISK OK] FIL/USDT:USDT 리스크 체크 통과
2026-07-30 23:32:08,006 [WARNING] [ENTRY BLOCK] FIL/USDT:USDT — 최대 포지션 수 도달: 2/2
2026-07-30 23:32:08,308 [INFO] [SCAN] 완료: 18개 종목 · 신호 3개 · API 호출 18회 · 캐시 히트 0회
2026-07-30 23:32:12,430 [INFO] [상태] 잔고:$110.56 | 포지션:2개 | 스캔:79회 | 스캐너:ON
2026-07-30 23:32:13,702 [INFO] [SCAN] 블랙리스트 4개 제외: ['IP/USDT:USDT', 'NES/USDT:USDT', 'WLD/USDT:USDT', 'XAG/USDT:USDT', 'XAU/USDT:USDT', 'XAUT/USDT:USDT']
2026-07-30 23:32:13,703 [INFO] [SCAN] 스캔 시작: 30개 페어 (캐시 18개 보유)
2026-07-30 23:32:15,607 [INFO] [SIG] DOGE/USDT:USDT LONG 신호 포착 (강도 95%)
2026-07-30 23:32:15,607 [INFO] [SIGNAL] DOGE/USDT:USDT LONG 신호 수신 (strength=95)
2026-07-30 23:32:16,103 [INFO] [RISK OK] DOGE/USDT:USDT 리스크 체크 통과
2026-07-30 23:32:16,380 [WARNING] [ENTRY BLOCK] DOGE/USDT:USDT — 최대 포지션 수 도달: 2/2
2026-07-30 23:32:17,392 [INFO] [SIG] AEON/USDT:USDT SHORT 신호 포착 (강도 95%)
2026-07-30 23:32:17,392 [INFO] [SIGNAL] AEON/USDT:USDT SHORT 신호 수신 (strength=95)
2026-07-30 23:32:17,793 [INFO] [RISK OK] AEON/USDT:USDT 리스크 체크 통과
2026-07-30 23:32:18,072 [INFO] [ENTRY BLOCK] AEON/USDT:USDT — 이미 포지션 보유 또는 진입 주문 전송 중
2026-07-30 23:32:22,931 [INFO] [SIG] FIL/USDT:USDT LONG 신호 포착 (강도 95%)
2026-07-30 23:32:22,931 [INFO] [SIGNAL] FIL/USDT:USDT LONG 신호 수신 (strength=95)
2026-07-30 23:32:23,333 [INFO] [RISK OK] FIL/USDT:USDT 리스크 체크 통과
2026-07-30 23:32:23,719 [WARNING] [ENTRY BLOCK] FIL/USDT:USDT — 최대 포지션 수 도달: 2/2
2026-07-30 23:32:24,020 [INFO] [SCAN] 완료: 18개 종목 · 신호 3개 · API 호출 18회 · 캐시 히트 0회
2026-07-30 23:32:29,410 [INFO] [SCAN] 블랙리스트 4개 제외: ['IP/USDT:USDT', 'NES/USDT:USDT', 'WLD/USDT:USDT', 'XAG/USDT:USDT', 'XAU/USDT:USDT', 'XAUT/USDT:USDT']
2026-07-30 23:32:29,410 [INFO] [SCAN] 스캔 시작: 30개 페어 (캐시 18개 보유)
2026-07-30 23:32:31,276 [INFO] [SIG] DOGE/USDT:USDT LONG 신호 포착 (강도 95%)
2026-07-30 23:32:31,277 [INFO] [SIGNAL] DOGE/USDT:USDT LONG 신호 수신 (strength=95)
2026-07-30 23:32:31,676 [INFO] [RISK OK] DOGE/USDT:USDT 리스크 체크 통과
2026-07-30 23:32:31,959 [WARNING] [ENTRY BLOCK] DOGE/USDT:USDT — 최대 포지션 수 도달: 2/2
2026-07-30 23:32:32,962 [INFO] [SIG] AEON/USDT:USDT SHORT 신호 포착 (강도 95%)
2026-07-30 23:32:32,962 [INFO] [SIGNAL] AEON/USDT:USDT SHORT 신호 수신 (strength=95)
2026-07-30 23:32:33,471 [INFO] [RISK OK] AEON/USDT:USDT 리스크 체크 통과
2026-07-30 23:32:33,850 [INFO] [ENTRY BLOCK] AEON/USDT:USDT — 이미 포지션 보유 또는 진입 주문 전송 중
2026-07-30 23:32:38,743 [INFO] [SIG] FIL/USDT:USDT LONG 신호 포착 (강도 95%)
2026-07-30 23:32:38,743 [INFO] [SIGNAL] FIL/USDT:USDT LONG 신호 수신 (strength=95)
2026-07-30 23:32:39,137 [INFO] [RISK OK] FIL/USDT:USDT 리스크 체크 통과
2026-07-30 23:32:39,422 [WARNING] [ENTRY BLOCK] FIL/USDT:USDT — 최대 포지션 수 도달: 2/2
2026-07-30 23:32:39,725 [INFO] [SCAN] 완료: 18개 종목 · 신호 3개 · API 호출 18회 · 캐시 히트 0회
2026-07-30 23:32:45,094 [INFO] [SCAN] 블랙리스트 4개 제외: ['IP/USDT:USDT', 'NES/USDT:USDT', 'WLD/USDT:USDT', 'XAG/USDT:USDT', 'XAU/USDT:USDT', 'XAUT/USDT:USDT']
2026-07-30 23:32:45,094 [INFO] [SCAN] 스캔 시작: 30개 페어 (캐시 18개 보유)
2026-07-30 23:32:46,948 [INFO] [SIG] DOGE/USDT:USDT LONG 신호 포착 (강도 95%)
2026-07-30 23:32:46,949 [INFO] [SIGNAL] DOGE/USDT:USDT LONG 신호 수신 (strength=95)
2026-07-30 23:32:47,447 [INFO] [RISK OK] DOGE/USDT:USDT 리스크 체크 통과
2026-07-30 23:32:47,725 [WARNING] [ENTRY BLOCK] DOGE/USDT:USDT — 최대 포지션 수 도달: 2/2
2026-07-30 23:32:48,735 [INFO] [SIG] AEON/USDT:USDT SHORT 신호 포착 (강도 95%)
2026-07-30 23:32:48,735 [INFO] [SIGNAL] AEON/USDT:USDT SHORT 신호 수신 (strength=95)
2026-07-30 23:32:49,128 [INFO] [RISK OK] AEON/USDT:USDT 리스크 체크 통과
2026-07-30 23:32:49,406 [INFO] [ENTRY BLOCK] AEON/USDT:USDT — 이미 포지션 보유 또는 진입 주문 전송 중
2026-07-30 23:32:54,262 [INFO] [SIG] FIL/USDT:USDT LONG 신호 포착 (강도 95%)
2026-07-30 23:32:54,262 [INFO] [SIGNAL] FIL/USDT:USDT LONG 신호 수신 (strength=95)
2026-07-30 23:32:54,668 [INFO] [RISK OK] FIL/USDT:USDT 리스크 체크 통과
2026-07-30 23:32:54,949 [WARNING] [ENTRY BLOCK] FIL/USDT:USDT — 최대 포지션 수 도달: 2/2
2026-07-30 23:32:55,251 [INFO] [SCAN] 완료: 18개 종목 · 신호 3개 · API 호출 18회 · 캐시 히트 0회
2026-07-30 23:33:02,499 [INFO] [SCAN] 블랙리스트 4개 제외: ['IP/USDT:USDT', 'NES/USDT:USDT', 'WLD/USDT:USDT', 'XAG/USDT:USDT', 'XAU/USDT:USDT', 'XAUT/USDT:USDT']
2026-07-30 23:33:02,499 [INFO] [SCAN] 스캔 시작: 30개 페어 (캐시 18개 보유)
2026-07-30 23:33:04,384 [INFO] [SIG] DOGE/USDT:USDT LONG 신호 포착 (강도 95%)
2026-07-30 23:33:04,385 [INFO] [SIGNAL] DOGE/USDT:USDT LONG 신호 수신 (strength=95)
2026-07-30 23:33:04,887 [INFO] [RISK OK] DOGE/USDT:USDT 리스크 체크 통과
2026-07-30 23:33:05,166 [WARNING] [ENTRY BLOCK] DOGE/USDT:USDT — 최대 포지션 수 도달: 2/2
2026-07-30 23:33:10,899 [INFO] [SIG] FIL/USDT:USDT LONG 신호 포착 (강도 95%)
2026-07-30 23:33:10,899 [INFO] [SIGNAL] FIL/USDT:USDT LONG 신호 수신 (strength=95)
2026-07-30 23:33:11,293 [INFO] [RISK OK] FIL/USDT:USDT 리스크 체크 통과
2026-07-30 23:33:11,623 [WARNING] [ENTRY BLOCK] FIL/USDT:USDT — 최대 포지션 수 도달: 2/2
2026-07-30 23:33:11,925 [INFO] [SCAN] 완료: 18개 종목 · 신호 2개 · API 호출 18회 · 캐시 히트 0회
2026-07-30 23:33:13,279 [INFO] [상태] 잔고:$110.53 | 포지션:2개 | 스캔:83회 | 스캐너:ON
2026-07-30 23:33:17,301 [INFO] [SCAN] 블랙리스트 4개 제외: ['IP/USDT:USDT', 'NES/USDT:USDT', 'WLD/USDT:USDT', 'XAG/USDT:USDT', 'XAU/USDT:USDT', 'XAUT/USDT:USDT']
2026-07-30 23:33:17,301 [INFO] [SCAN] 스캔 시작: 30개 페어 (캐시 18개 보유)
2026-07-30 23:33:20,023 [INFO] [SIG] AEON/USDT:USDT SHORT 신호 포착 (강도 95%)
2026-07-30 23:33:20,023 [INFO] [SIGNAL] AEON/USDT:USDT SHORT 신호 수신 (strength=95)
2026-07-30 23:33:20,422 [INFO] [RISK OK] AEON/USDT:USDT 리스크 체크 통과
2026-07-30 23:33:20,700 [INFO] [ENTRY BLOCK] AEON/USDT:USDT — 이미 포지션 보유 또는 진입 주문 전송 중
2026-07-30 23:33:25,517 [INFO] [SIG] FIL/USDT:USDT LONG 신호 포착 (강도 95%)
2026-07-30 23:33:25,517 [INFO] [SIGNAL] FIL/USDT:USDT LONG 신호 수신 (strength=95)
2026-07-30 23:33:25,925 [INFO] [RISK OK] FIL/USDT:USDT 리스크 체크 통과
2026-07-30 23:33:26,206 [WARNING] [ENTRY BLOCK] FIL/USDT:USDT — 최대 포지션 수 도달: 2/2
2026-07-30 23:33:26,507 [INFO] [SCAN] 완료: 18개 종목 · 신호 2개 · API 호출 18회 · 캐시 히트 0회
2026-07-30 23:33:31,868 [INFO] [SCAN] 블랙리스트 4개 제외: ['IP/USDT:USDT', 'NES/USDT:USDT', 'WLD/USDT:USDT', 'XAG/USDT:USDT', 'XAU/USDT:USDT', 'XAUT/USDT:USDT']
2026-07-30 23:33:31,868 [INFO] [SCAN] 스캔 시작: 30개 페어 (캐시 18개 보유)
2026-07-30 23:33:32,877 [INFO] [SIG] SOL/USDT:USDT LONG 신호 포착 (강도 95%)
2026-07-30 23:33:32,877 [INFO] [SIGNAL] SOL/USDT:USDT LONG 신호 수신 (strength=95)
2026-07-30 23:33:33,273 [INFO] [RISK OK] SOL/USDT:USDT 리스크 체크 통과
2026-07-30 23:33:33,657 [INFO] [ENTRY BLOCK] SOL/USDT:USDT — 이미 포지션 보유 또는 진입 주문 전송 중
2026-07-30 23:33:34,674 [INFO] [SIG] DOGE/USDT:USDT LONG 신호 포착 (강도 95%)
2026-07-30 23:33:34,675 [INFO] [SIGNAL] DOGE/USDT:USDT LONG 신호 수신 (strength=95)
2026-07-30 23:33:35,069 [INFO] [RISK OK] DOGE/USDT:USDT 리스크 체크 통과
2026-07-30 23:33:35,472 [WARNING] [ENTRY BLOCK] DOGE/USDT:USDT — 최대 포지션 수 도달: 2/2
2026-07-30 23:33:36,480 [INFO] [SIG] AEON/USDT:USDT SHORT 신호 포착 (강도 95%)
2026-07-30 23:33:36,480 [INFO] [SIGNAL] AEON/USDT:USDT SHORT 신호 수신 (strength=95)
2026-07-30 23:33:36,982 [INFO] [RISK OK] AEON/USDT:USDT 리스크 체크 통과
2026-07-30 23:33:37,263 [INFO] [ENTRY BLOCK] AEON/USDT:USDT — 이미 포지션 보유 또는 진입 주문 전송 중
2026-07-30 23:33:42,113 [INFO] [SIG] FIL/USDT:USDT LONG 신호 포착 (강도 95%)
2026-07-30 23:33:42,113 [INFO] [SIGNAL] FIL/USDT:USDT LONG 신호 수신 (strength=95)
2026-07-30 23:33:42,606 [INFO] [RISK OK] FIL/USDT:USDT 리스크 체크 통과
2026-07-30 23:33:42,889 [WARNING] [ENTRY BLOCK] FIL/USDT:USDT — 최대 포지션 수 도달: 2/2
2026-07-30 23:33:43,190 [INFO] [SCAN] 완료: 18개 종목 · 신호 4개 · API 호출 18회 · 캐시 히트 0회
2026-07-30 23:33:48,565 [INFO] [SCAN] 블랙리스트 4개 제외: ['IP/USDT:USDT', 'NES/USDT:USDT', 'WLD/USDT:USDT', 'XAG/USDT:USDT', 'XAU/USDT:USDT', 'XAUT/USDT:USDT']
2026-07-30 23:33:48,565 [INFO] [SCAN] 스캔 시작: 30개 페어 (캐시 18개 보유)
2026-07-30 23:33:49,580 [INFO] [SIG] SOL/USDT:USDT LONG 신호 포착 (강도 95%)
2026-07-30 23:33:49,580 [INFO] [SIGNAL] SOL/USDT:USDT LONG 신호 수신 (strength=95)
2026-07-30 23:33:49,975 [INFO] [RISK OK] SOL/USDT:USDT 리스크 체크 통과
2026-07-30 23:33:50,256 [INFO] [ENTRY BLOCK] SOL/USDT:USDT — 이미 포지션 보유 또는 진입 주문 전송 중
2026-07-30 23:33:51,262 [INFO] [SIG] DOGE/USDT:USDT LONG 신호 포착 (강도 95%)
2026-07-30 23:33:51,263 [INFO] [SIGNAL] DOGE/USDT:USDT LONG 신호 수신 (strength=95)
2026-07-30 23:33:51,770 [INFO] [RISK OK] DOGE/USDT:USDT 리스크 체크 통과
2026-07-30 23:33:52,049 [WARNING] [ENTRY BLOCK] DOGE/USDT:USDT — 최대 포지션 수 도달: 2/2
2026-07-30 23:33:53,048 [INFO] [SIG] AEON/USDT:USDT SHORT 신호 포착 (강도 95%)
2026-07-30 23:33:53,048 [INFO] [SIGNAL] AEON/USDT:USDT SHORT 신호 수신 (strength=95)
2026-07-30 23:33:53,546 [INFO] [RISK OK] AEON/USDT:USDT 리스크 체크 통과
2026-07-30 23:33:53,826 [INFO] [ENTRY BLOCK] AEON/USDT:USDT — 이미 포지션 보유 또는 진입 주문 전송 중
2026-07-30 23:33:58,854 [INFO] [SIG] FIL/USDT:USDT LONG 신호 포착 (강도 95%)
2026-07-30 23:33:58,854 [INFO] [SIGNAL] FIL/USDT:USDT LONG 신호 수신 (strength=95)
2026-07-30 23:33:59,248 [INFO] [RISK OK] FIL/USDT:USDT 리스크 체크 통과
2026-07-30 23:33:59,645 [WARNING] [ENTRY BLOCK] FIL/USDT:USDT — 최대 포지션 수 도달: 2/2
2026-07-30 23:33:59,947 [INFO] [SCAN] 완료: 18개 종목 · 신호 4개 · API 호출 18회 · 캐시 히트 0회
2026-07-30 23:34:07,107 [INFO] [SCAN] 블랙리스트 4개 제외: ['IP/USDT:USDT', 'NES/USDT:USDT', 'WLD/USDT:USDT', 'XAG/USDT:USDT', 'XAU/USDT:USDT', 'XAUT/USDT:USDT']
2026-07-30 23:34:07,108 [INFO] [SCAN] 스캔 시작: 30개 페어 (캐시 18개 보유)
2026-07-30 23:34:08,125 [INFO] [SIG] SOL/USDT:USDT LONG 신호 포착 (강도 95%)
2026-07-30 23:34:08,126 [INFO] [SIGNAL] SOL/USDT:USDT LONG 신호 수신 (strength=95)
2026-07-30 23:34:08,739 [INFO] [RISK OK] SOL/USDT:USDT 리스크 체크 통과
2026-07-30 23:34:09,150 [INFO] [ENTRY BLOCK] SOL/USDT:USDT — 이미 포지션 보유 또는 진입 주문 전송 중
2026-07-30 23:34:10,165 [INFO] [SIG] DOGE/USDT:USDT LONG 신호 포착 (강도 95%)
2026-07-30 23:34:10,166 [INFO] [SIGNAL] DOGE/USDT:USDT LONG 신호 수신 (strength=95)
2026-07-30 23:34:10,671 [INFO] [RISK OK] DOGE/USDT:USDT 리스크 체크 통과
2026-07-30 23:34:10,948 [WARNING] [ENTRY BLOCK] DOGE/USDT:USDT — 최대 포지션 수 도달: 2/2
2026-07-30 23:34:11,958 [INFO] [SIG] AEON/USDT:USDT SHORT 신호 포착 (강도 95%)
2026-07-30 23:34:11,958 [INFO] [SIGNAL] AEON/USDT:USDT SHORT 신호 수신 (strength=95)
2026-07-30 23:34:12,349 [INFO] [RISK OK] AEON/USDT:USDT 리스크 체크 통과
2026-07-30 23:34:12,629 [INFO] [ENTRY BLOCK] AEON/USDT:USDT — 이미 포지션 보유 또는 진입 주문 전송 중
2026-07-30 23:34:13,889 [INFO] [상태] 잔고:$110.44 | 포지션:2개 | 스캔:86회 | 스캐너:ON
2026-07-30 23:34:14,435 [INFO] [SIG] UNI/USDT:USDT LONG 신호 포착 (강도 95%)
2026-07-30 23:34:14,435 [INFO] [SIGNAL] UNI/USDT:USDT LONG 신호 수신 (strength=95)
2026-07-30 23:34:14,937 [INFO] [RISK OK] UNI/USDT:USDT 리스크 체크 통과
2026-07-30 23:34:15,321 [WARNING] [ENTRY BLOCK] UNI/USDT:USDT — 최대 포지션 수 도달: 2/2
2026-07-30 23:34:18,874 [INFO] [SIG] FIL/USDT:USDT LONG 신호 포착 (강도 95%)
2026-07-30 23:34:18,874 [INFO] [SIGNAL] FIL/USDT:USDT LONG 신호 수신 (strength=95)
2026-07-30 23:34:19,272 [INFO] [RISK OK] FIL/USDT:USDT 리스크 체크 통과
2026-07-30 23:34:19,550 [WARNING] [ENTRY BLOCK] FIL/USDT:USDT — 최대 포지션 수 도달: 2/2
2026-07-30 23:34:19,852 [INFO] [SCAN] 완료: 18개 종목 · 신호 5개 · API 호출 18회 · 캐시 히트 0회
2026-07-30 23:34:25,227 [INFO] [SCAN] 블랙리스트 4개 제외: ['IP/USDT:USDT', 'NES/USDT:USDT', 'WLD/USDT:USDT', 'XAG/USDT:USDT', 'XAU/USDT:USDT', 'XAUT/USDT:USDT']
2026-07-30 23:34:25,228 [INFO] [SCAN] 스캔 시작: 30개 페어 (캐시 18개 보유)
2026-07-30 23:34:26,291 [INFO] [SIG] SOL/USDT:USDT LONG 신호 포착 (강도 95%)
2026-07-30 23:34:26,291 [INFO] [SIGNAL] SOL/USDT:USDT LONG 신호 수신 (strength=95)
2026-07-30 23:34:26,798 [INFO] [RISK OK] SOL/USDT:USDT 리스크 체크 통과
2026-07-30 23:34:27,083 [INFO] [ENTRY BLOCK] SOL/USDT:USDT — 이미 포지션 보유 또는 진입 주문 전송 중
2026-07-30 23:34:28,094 [INFO] [SIG] DOGE/USDT:USDT LONG 신호 포착 (강도 95%)
2026-07-30 23:34:28,094 [INFO] [SIGNAL] DOGE/USDT:USDT LONG 신호 수신 (strength=95)
2026-07-30 23:34:28,621 [INFO] [RISK OK] DOGE/USDT:USDT 리스크 체크 통과
2026-07-30 23:34:28,899 [WARNING] [ENTRY BLOCK] DOGE/USDT:USDT — 최대 포지션 수 도달: 2/2
2026-07-30 23:34:30,111 [INFO] [SIG] AEON/USDT:USDT SHORT 신호 포착 (강도 95%)
2026-07-30 23:34:30,111 [INFO] [SIGNAL] AEON/USDT:USDT SHORT 신호 수신 (strength=95)
2026-07-30 23:34:30,510 [INFO] [RISK OK] AEON/USDT:USDT 리스크 체크 통과
2026-07-30 23:34:30,901 [INFO] [ENTRY BLOCK] AEON/USDT:USDT — 이미 포지션 보유 또는 진입 주문 전송 중
2026-07-30 23:34:32,339 [INFO] [SIG] UNI/USDT:USDT LONG 신호 포착 (강도 95%)
2026-07-30 23:34:32,339 [INFO] [SIGNAL] UNI/USDT:USDT LONG 신호 수신 (strength=95)
2026-07-30 23:34:32,735 [INFO] [RISK OK] UNI/USDT:USDT 리스크 체크 통과
2026-07-30 23:34:33,122 [WARNING] [ENTRY BLOCK] UNI/USDT:USDT — 최대 포지션 수 도달: 2/2
2026-07-30 23:34:36,715 [INFO] [SIG] FIL/USDT:USDT LONG 신호 포착 (강도 95%)
2026-07-30 23:34:36,715 [INFO] [SIGNAL] FIL/USDT:USDT LONG 신호 수신 (strength=95)
2026-07-30 23:34:37,114 [INFO] [RISK OK] FIL/USDT:USDT 리스크 체크 통과
2026-07-30 23:34:37,397 [WARNING] [ENTRY BLOCK] FIL/USDT:USDT — 최대 포지션 수 도달: 2/2
2026-07-30 23:34:37,699 [INFO] [SCAN] 완료: 18개 종목 · 신호 5개 · API 호출 18회 · 캐시 히트 0회
2026-07-30 23:34:43,074 [INFO] [SCAN] 블랙리스트 4개 제외: ['IP/USDT:USDT', 'NES/USDT:USDT', 'WLD/USDT:USDT', 'XAG/USDT:USDT', 'XAU/USDT:USDT', 'XAUT/USDT:USDT']
2026-07-30 23:34:43,074 [INFO] [SCAN] 스캔 시작: 30개 페어 (캐시 18개 보유)
2026-07-30 23:34:44,087 [INFO] [SIG] SOL/USDT:USDT LONG 신호 포착 (강도 95%)
2026-07-30 23:34:44,087 [INFO] [SIGNAL] SOL/USDT:USDT LONG 신호 수신 (strength=95)
2026-07-30 23:34:44,486 [INFO] [RISK OK] SOL/USDT:USDT 리스크 체크 통과
2026-07-30 23:34:44,768 [INFO] [ENTRY BLOCK] SOL/USDT:USDT — 이미 포지션 보유 또는 진입 주문 전송 중
2026-07-30 23:34:45,773 [INFO] [SIG] DOGE/USDT:USDT LONG 신호 포착 (강도 95%)
2026-07-30 23:34:45,773 [INFO] [SIGNAL] DOGE/USDT:USDT LONG 신호 수신 (strength=95)
2026-07-30 23:34:46,277 [INFO] [RISK OK] DOGE/USDT:USDT 리스크 체크 통과
2026-07-30 23:34:46,665 [WARNING] [ENTRY BLOCK] DOGE/USDT:USDT — 최대 포지션 수 도달: 2/2
2026-07-30 23:34:47,676 [INFO] [SIG] AEON/USDT:USDT SHORT 신호 포착 (강도 95%)
2026-07-30 23:34:47,677 [INFO] [SIGNAL] AEON/USDT:USDT SHORT 신호 수신 (strength=95)
2026-07-30 23:34:48,072 [INFO] [RISK OK] AEON/USDT:USDT 리스크 체크 통과
2026-07-30 23:34:48,353 [INFO] [ENTRY BLOCK] AEON/USDT:USDT — 이미 포지션 보유 또는 진입 주문 전송 중
2026-07-30 23:34:50,208 [INFO] [SIG] SUI/USDT:USDT LONG 신호 포착 (강도 95%)
2026-07-30 23:34:50,208 [INFO] [SIGNAL] SUI/USDT:USDT LONG 신호 수신 (strength=95)
2026-07-30 23:34:50,820 [INFO] [RISK OK] SUI/USDT:USDT 리스크 체크 통과
2026-07-30 23:34:51,102 [WARNING] [ENTRY BLOCK] SUI/USDT:USDT — 최대 포지션 수 도달: 2/2
2026-07-30 23:34:52,120 [INFO] [SIG] BNB/USDT:USDT LONG 신호 포착 (강도 95%)
2026-07-30 23:34:52,121 [INFO] [SIGNAL] BNB/USDT:USDT LONG 신호 수신 (strength=95)
2026-07-30 23:34:52,688 [INFO] [RISK OK] BNB/USDT:USDT 리스크 체크 통과
2026-07-30 23:34:52,968 [WARNING] [ENTRY BLOCK] BNB/USDT:USDT — 최대 포지션 수 도달: 2/2
2026-07-30 23:34:55,325 [INFO] [SIG] FIL/USDT:USDT LONG 신호 포착 (강도 95%)
2026-07-30 23:34:55,325 [INFO] [SIGNAL] FIL/USDT:USDT LONG 신호 수신 (strength=95)
2026-07-30 23:34:55,821 [INFO] [RISK OK] FIL/USDT:USDT 리스크 체크 통과
2026-07-30 23:34:56,211 [WARNING] [ENTRY BLOCK] FIL/USDT:USDT — 최대 포지션 수 도달: 2/2
2026-07-30 23:34:56,513 [INFO] [SCAN] 완료: 18개 종목 · 신호 6개 · API 호출 18회 · 캐시 히트 0회
2026-07-30 23:35:01,926 [INFO] [SCAN] 블랙리스트 4개 제외: ['IP/USDT:USDT', 'NES/USDT:USDT', 'WLD/USDT:USDT', 'XAG/USDT:USDT', 'XAU/USDT:USDT', 'XAUT/USDT:USDT']
2026-07-30 23:35:01,926 [INFO] [SCAN] 스캔 시작: 30개 페어 (캐시 18개 보유)
2026-07-30 23:35:02,947 [INFO] [SIG] SOL/USDT:USDT LONG 신호 포착 (강도 95%)
2026-07-30 23:35:02,947 [INFO] [SIGNAL] SOL/USDT:USDT LONG 신호 수신 (strength=95)
2026-07-30 23:35:03,447 [INFO] [RISK OK] SOL/USDT:USDT 리스크 체크 통과
2026-07-30 23:35:03,732 [INFO] [ENTRY BLOCK] SOL/USDT:USDT — 이미 포지션 보유 또는 진입 주문 전송 중
2026-07-30 23:35:04,317 [INFO] [SIG] XRP/USDT:USDT SHORT 신호 포착 (강도 90%)
2026-07-30 23:35:04,317 [INFO] [SIGNAL] XRP/USDT:USDT SHORT 신호 수신 (strength=90)
2026-07-30 23:35:04,759 [INFO] [RISK OK] XRP/USDT:USDT 리스크 체크 통과
2026-07-30 23:35:05,152 [WARNING] [ENTRY BLOCK] XRP/USDT:USDT — 최대 포지션 수 도달: 2/2
2026-07-30 23:35:05,745 [INFO] [SIG] DOGE/USDT:USDT LONG 신호 포착 (강도 95%)
2026-07-30 23:35:05,746 [INFO] [SIGNAL] DOGE/USDT:USDT LONG 신호 수신 (strength=95)
2026-07-30 23:35:06,142 [INFO] [RISK OK] DOGE/USDT:USDT 리스크 체크 통과
2026-07-30 23:35:06,424 [WARNING] [ENTRY BLOCK] DOGE/USDT:USDT — 최대 포지션 수 도달: 2/2
2026-07-30 23:35:07,439 [INFO] [SIG] AEON/USDT:USDT SHORT 신호 포착 (강도 95%)
2026-07-30 23:35:07,439 [INFO] [SIGNAL] AEON/USDT:USDT SHORT 신호 수신 (strength=95)
2026-07-30 23:35:07,840 [INFO] [RISK OK] AEON/USDT:USDT 리스크 체크 통과
2026-07-30 23:35:08,121 [INFO] [ENTRY BLOCK] AEON/USDT:USDT — 이미 포지션 보유 또는 진입 주문 전송 중
2026-07-30 23:35:11,266 [INFO] [SIG] ADA/USDT:USDT SHORT 신호 포착 (강도 90%)
2026-07-30 23:35:11,267 [INFO] [SIGNAL] ADA/USDT:USDT SHORT 신호 수신 (strength=90)
2026-07-30 23:35:11,666 [INFO] [RISK OK] ADA/USDT:USDT 리스크 체크 통과
2026-07-30 23:35:11,946 [WARNING] [ENTRY BLOCK] ADA/USDT:USDT — 최대 포지션 수 도달: 2/2
2026-07-30 23:35:13,803 [INFO] [SIG] FIL/USDT:USDT LONG 신호 포착 (강도 95%)
2026-07-30 23:35:13,803 [INFO] [SIGNAL] FIL/USDT:USDT LONG 신호 수신 (strength=95)
2026-07-30 23:35:14,414 [INFO] [RISK OK] FIL/USDT:USDT 리스크 체크 통과
2026-07-30 23:35:14,638 [INFO] [상태] 잔고:$110.37 | 포지션:2개 | 스캔:89회 | 스캐너:ON
2026-07-30 23:35:14,959 [WARNING] [ENTRY BLOCK] FIL/USDT:USDT — 최대 포지션 수 도달: 2/2
2026-07-30 23:35:15,260 [INFO] [SCAN] 완료: 18개 종목 · 신호 6개 · API 호출 18회 · 캐시 히트 0회
2026-07-30 23:35:22,392 [INFO] [SCAN] 블랙리스트 4개 제외: ['IP/USDT:USDT', 'NES/USDT:USDT', 'WLD/USDT:USDT', 'XAG/USDT:USDT', 'XAU/USDT:USDT', 'XAUT/USDT:USDT']
2026-07-30 23:35:22,392 [INFO] [SCAN] 스캔 시작: 30개 페어 (캐시 18개 보유)
2026-07-30 23:35:23,409 [INFO] [SIG] SOL/USDT:USDT LONG 신호 포착 (강도 95%)
2026-07-30 23:35:23,409 [INFO] [SIGNAL] SOL/USDT:USDT LONG 신호 수신 (strength=95)
2026-07-30 23:35:23,802 [INFO] [RISK OK] SOL/USDT:USDT 리스크 체크 통과
2026-07-30 23:35:24,082 [INFO] [ENTRY BLOCK] SOL/USDT:USDT — 이미 포지션 보유 또는 진입 주문 전송 중
2026-07-30 23:35:24,674 [INFO] [SIG] XRP/USDT:USDT SHORT 신호 포착 (강도 90%)
2026-07-30 23:35:24,675 [INFO] [SIGNAL] XRP/USDT:USDT SHORT 신호 수신 (strength=90)
2026-07-30 23:35:25,229 [INFO] [RISK OK] XRP/USDT:USDT 리스크 체크 통과
2026-07-30 23:35:25,511 [WARNING] [ENTRY BLOCK] XRP/USDT:USDT — 최대 포지션 수 도달: 2/2
2026-07-30 23:35:26,171 [INFO] [SIG] DOGE/USDT:USDT LONG 신호 포착 (강도 95%)
2026-07-30 23:35:26,171 [INFO] [SIGNAL] DOGE/USDT:USDT LONG 신호 수신 (strength=95)
2026-07-30 23:35:26,575 [INFO] [RISK OK] DOGE/USDT:USDT 리스크 체크 통과
2026-07-30 23:35:26,853 [WARNING] [ENTRY BLOCK] DOGE/USDT:USDT — 최대 포지션 수 도달: 2/2
2026-07-30 23:35:27,869 [INFO] [SIG] AEON/USDT:USDT SHORT 신호 포착 (강도 95%)
2026-07-30 23:35:27,869 [INFO] [SIGNAL] AEON/USDT:USDT SHORT 신호 수신 (strength=95)
2026-07-30 23:35:28,272 [INFO] [RISK OK] AEON/USDT:USDT 리스크 체크 통과
2026-07-30 23:35:28,554 [INFO] [ENTRY BLOCK] AEON/USDT:USDT — 이미 포지션 보유 또는 진입 주문 전송 중
2026-07-30 23:35:29,146 [INFO] [SIG] PEPE/USDT:USDT LONG 신호 포착 (강도 95%)
2026-07-30 23:35:29,146 [INFO] [SIGNAL] PEPE/USDT:USDT LONG 신호 수신 (strength=95)
2026-07-30 23:35:29,651 [INFO] [RISK OK] PEPE/USDT:USDT 리스크 체크 통과
2026-07-30 23:35:29,931 [WARNING] [ENTRY BLOCK] PEPE/USDT:USDT — 최대 포지션 수 도달: 2/2
2026-07-30 23:35:32,234 [INFO] [SIG] BNB/USDT:USDT LONG 신호 포착 (강도 95%)
2026-07-30 23:35:32,234 [INFO] [SIGNAL] BNB/USDT:USDT LONG 신호 수신 (strength=95)
2026-07-30 23:35:32,734 [INFO] [RISK OK] BNB/USDT:USDT 리스크 체크 통과
2026-07-30 23:35:33,016 [WARNING] [ENTRY BLOCK] BNB/USDT:USDT — 최대 포지션 수 도달: 2/2
2026-07-30 23:35:33,605 [INFO] [SIG] ADA/USDT:USDT SHORT 신호 포착 (강도 90%)
2026-07-30 23:35:33,605 [INFO] [SIGNAL] ADA/USDT:USDT SHORT 신호 수신 (strength=90)
2026-07-30 23:35:34,003 [INFO] [RISK OK] ADA/USDT:USDT 리스크 체크 통과
2026-07-30 23:35:34,389 [WARNING] [ENTRY BLOCK] ADA/USDT:USDT — 최대 포지션 수 도달: 2/2
2026-07-30 23:35:36,309 [INFO] [SIG] FIL/USDT:USDT LONG 신호 포착 (강도 95%)
2026-07-30 23:35:36,309 [INFO] [SIGNAL] FIL/USDT:USDT LONG 신호 수신 (strength=95)
2026-07-30 23:35:36,810 [INFO] [RISK OK] FIL/USDT:USDT 리스크 체크 통과
2026-07-30 23:35:37,092 [WARNING] [ENTRY BLOCK] FIL/USDT:USDT — 최대 포지션 수 도달: 2/2
2026-07-30 23:35:37,394 [INFO] [SCAN] 완료: 18개 종목 · 신호 8개 · API 호출 18회 · 캐시 히트 0회
2026-07-30 23:35:42,778 [INFO] [SCAN] 블랙리스트 4개 제외: ['IP/USDT:USDT', 'NES/USDT:USDT', 'WLD/USDT:USDT', 'XAG/USDT:USDT', 'XAU/USDT:USDT', 'XAUT/USDT:USDT']
2026-07-30 23:35:42,779 [INFO] [SCAN] 스캔 시작: 30개 페어 (캐시 18개 보유)
2026-07-30 23:35:43,796 [INFO] [SIG] SOL/USDT:USDT LONG 신호 포착 (강도 95%)
2026-07-30 23:35:43,796 [INFO] [SIGNAL] SOL/USDT:USDT LONG 신호 수신 (strength=95)
2026-07-30 23:35:44,297 [INFO] [RISK OK] SOL/USDT:USDT 리스크 체크 통과
2026-07-30 23:35:44,576 [INFO] [ENTRY BLOCK] SOL/USDT:USDT — 이미 포지션 보유 또는 진입 주문 전송 중
2026-07-30 23:35:45,163 [INFO] [SIG] XRP/USDT:USDT SHORT 신호 포착 (강도 90%)
2026-07-30 23:35:45,164 [INFO] [SIGNAL] XRP/USDT:USDT SHORT 신호 수신 (strength=90)
2026-07-30 23:35:45,562 [INFO] [RISK OK] XRP/USDT:USDT 리스크 체크 통과
2026-07-30 23:35:45,844 [WARNING] [ENTRY BLOCK] XRP/USDT:USDT — 최대 포지션 수 도달: 2/2
2026-07-30 23:35:46,433 [INFO] [SIG] DOGE/USDT:USDT LONG 신호 포착 (강도 95%)
2026-07-30 23:35:46,433 [INFO] [SIGNAL] DOGE/USDT:USDT LONG 신호 수신 (strength=95)
2026-07-30 23:35:46,834 [INFO] [RISK OK] DOGE/USDT:USDT 리스크 체크 통과
2026-07-30 23:35:47,117 [WARNING] [ENTRY BLOCK] DOGE/USDT:USDT — 최대 포지션 수 도달: 2/2
2026-07-30 23:35:48,127 [INFO] [SIG] AEON/USDT:USDT SHORT 신호 포착 (강도 95%)
2026-07-30 23:35:48,128 [INFO] [SIGNAL] AEON/USDT:USDT SHORT 신호 수신 (strength=95)
2026-07-30 23:35:48,519 [INFO] [RISK OK] AEON/USDT:USDT 리스크 체크 통과
2026-07-30 23:35:48,801 [INFO] [ENTRY BLOCK] AEON/USDT:USDT — 이미 포지션 보유 또는 진입 주문 전송 중
2026-07-30 23:35:50,238 [INFO] [SIG] UNI/USDT:USDT LONG 신호 포착 (강도 95%)
2026-07-30 23:35:50,239 [INFO] [SIGNAL] UNI/USDT:USDT LONG 신호 수신 (strength=95)
2026-07-30 23:35:50,749 [INFO] [RISK OK] UNI/USDT:USDT 리스크 체크 통과
2026-07-30 23:35:51,137 [WARNING] [ENTRY BLOCK] UNI/USDT:USDT — 최대 포지션 수 도달: 2/2
2026-07-30 23:35:52,573 [INFO] [SIG] BNB/USDT:USDT LONG 신호 포착 (강도 95%)
2026-07-30 23:35:52,573 [INFO] [SIGNAL] BNB/USDT:USDT LONG 신호 수신 (strength=95)
2026-07-30 23:35:52,976 [INFO] [RISK OK] BNB/USDT:USDT 리스크 체크 통과
2026-07-30 23:35:53,257 [WARNING] [ENTRY BLOCK] BNB/USDT:USDT — 최대 포지션 수 도달: 2/2
2026-07-30 23:35:53,850 [INFO] [SIG] ADA/USDT:USDT SHORT 신호 포착 (강도 90%)
2026-07-30 23:35:53,851 [INFO] [SIGNAL] ADA/USDT:USDT SHORT 신호 수신 (strength=90)
2026-07-30 23:35:54,255 [INFO] [RISK OK] ADA/USDT:USDT 리스크 체크 통과
2026-07-30 23:35:54,539 [WARNING] [ENTRY BLOCK] ADA/USDT:USDT — 최대 포지션 수 도달: 2/2
2026-07-30 23:35:56,401 [INFO] [SIG] FIL/USDT:USDT LONG 신호 포착 (강도 95%)
2026-07-30 23:35:56,401 [INFO] [SIGNAL] FIL/USDT:USDT LONG 신호 수신 (strength=95)
2026-07-30 23:35:56,906 [INFO] [RISK OK] FIL/USDT:USDT 리스크 체크 통과
2026-07-30 23:35:57,187 [WARNING] [ENTRY BLOCK] FIL/USDT:USDT — 최대 포지션 수 도달: 2/2
2026-07-30 23:35:57,489 [INFO] [SCAN] 완료: 18개 종목 · 신호 8개 · API 호출 18회 · 캐시 히트 0회
2026-07-30 23:36:02,860 [INFO] [SCAN] 블랙리스트 4개 제외: ['IP/USDT:USDT', 'NES/USDT:USDT', 'WLD/USDT:USDT', 'XAG/USDT:USDT', 'XAU/USDT:USDT', 'XAUT/USDT:USDT']
2026-07-30 23:36:02,860 [INFO] [SCAN] 스캔 시작: 30개 페어 (캐시 18개 보유)
2026-07-30 23:36:03,887 [INFO] [SIG] SOL/USDT:USDT LONG 신호 포착 (강도 95%)
2026-07-30 23:36:03,888 [INFO] [SIGNAL] SOL/USDT:USDT LONG 신호 수신 (strength=95)
2026-07-30 23:36:04,392 [INFO] [RISK OK] SOL/USDT:USDT 리스크 체크 통과
2026-07-30 23:36:04,670 [INFO] [ENTRY BLOCK] SOL/USDT:USDT — 이미 포지션 보유 또는 진입 주문 전송 중
2026-07-30 23:36:05,263 [INFO] [SIG] XRP/USDT:USDT SHORT 신호 포착 (강도 90%)
2026-07-30 23:36:05,263 [INFO] [SIGNAL] XRP/USDT:USDT SHORT 신호 수신 (strength=90)
2026-07-30 23:36:05,662 [INFO] [RISK OK] XRP/USDT:USDT 리스크 체크 통과
2026-07-30 23:36:06,046 [WARNING] [ENTRY BLOCK] XRP/USDT:USDT — 최대 포지션 수 도달: 2/2
2026-07-30 23:36:06,636 [INFO] [SIG] DOGE/USDT:USDT LONG 신호 포착 (강도 95%)
2026-07-30 23:36:06,636 [INFO] [SIGNAL] DOGE/USDT:USDT LONG 신호 수신 (strength=95)
2026-07-30 23:36:07,177 [INFO] [RISK OK] DOGE/USDT:USDT 리스크 체크 통과
2026-07-30 23:36:07,471 [WARNING] [ENTRY BLOCK] DOGE/USDT:USDT — 최대 포지션 수 도달: 2/2
2026-07-30 23:36:08,965 [INFO] [SIG] PEPE/USDT:USDT LONG 신호 포착 (강도 95%)
2026-07-30 23:36:08,965 [INFO] [SIGNAL] PEPE/USDT:USDT LONG 신호 수신 (strength=95)
2026-07-30 23:36:09,467 [INFO] [RISK OK] PEPE/USDT:USDT 리스크 체크 통과
2026-07-30 23:36:09,855 [WARNING] [ENTRY BLOCK] PEPE/USDT:USDT — 최대 포지션 수 도달: 2/2
2026-07-30 23:36:10,859 [INFO] [SIG] UNI/USDT:USDT LONG 신호 포착 (강도 95%)
2026-07-30 23:36:10,860 [INFO] [SIGNAL] UNI/USDT:USDT LONG 신호 수신 (strength=95)
2026-07-30 23:36:11,364 [INFO] [RISK OK] UNI/USDT:USDT 리스크 체크 통과
2026-07-30 23:36:11,644 [WARNING] [ENTRY BLOCK] UNI/USDT:USDT — 최대 포지션 수 도달: 2/2
2026-07-30 23:36:12,231 [INFO] [SIG] SUI/USDT:USDT LONG 신호 포착 (강도 95%)
2026-07-30 23:36:12,231 [INFO] [SIGNAL] SUI/USDT:USDT LONG 신호 수신 (strength=95)
2026-07-30 23:36:12,634 [INFO] [RISK OK] SUI/USDT:USDT 리스크 체크 통과
2026-07-30 23:36:12,917 [WARNING] [ENTRY BLOCK] SUI/USDT:USDT — 최대 포지션 수 도달: 2/2
2026-07-30 23:36:13,922 [INFO] [SIG] BNB/USDT:USDT LONG 신호 포착 (강도 95%)
2026-07-30 23:36:13,922 [INFO] [SIGNAL] BNB/USDT:USDT LONG 신호 수신 (strength=95)
2026-07-30 23:36:14,324 [INFO] [RISK OK] BNB/USDT:USDT 리스크 체크 통과
2026-07-30 23:36:14,609 [WARNING] [ENTRY BLOCK] BNB/USDT:USDT — 최대 포지션 수 도달: 2/2
2026-07-30 23:36:15,211 [INFO] [SIG] ADA/USDT:USDT SHORT 신호 포착 (강도 90%)
2026-07-30 23:36:15,211 [INFO] [SIGNAL] ADA/USDT:USDT SHORT 신호 수신 (strength=90)
2026-07-30 23:36:15,292 [INFO] [상태] 잔고:$110.38 | 포지션:2개 | 스캔:92회 | 스캐너:ON
2026-07-30 23:36:15,878 [INFO] [RISK OK] ADA/USDT:USDT 리스크 체크 통과
2026-07-30 23:36:16,270 [WARNING] [ENTRY BLOCK] ADA/USDT:USDT — 최대 포지션 수 도달: 2/2
2026-07-30 23:36:18,142 [INFO] [SIG] FIL/USDT:USDT LONG 신호 포착 (강도 95%)
2026-07-30 23:36:18,142 [INFO] [SIGNAL] FIL/USDT:USDT LONG 신호 수신 (strength=95)
2026-07-30 23:36:18,545 [INFO] [RISK OK] FIL/USDT:USDT 리스크 체크 통과
2026-07-30 23:36:18,831 [WARNING] [ENTRY BLOCK] FIL/USDT:USDT — 최대 포지션 수 도달: 2/2
2026-07-30 23:36:19,132 [INFO] [SCAN] 완료: 18개 종목 · 신호 9개 · API 호출 18회 · 캐시 히트 0회
2026-07-30 23:36:26,188 [INFO] [SCAN] 블랙리스트 4개 제외: ['IP/USDT:USDT', 'NES/USDT:USDT', 'WLD/USDT:USDT', 'XAG/USDT:USDT', 'XAU/USDT:USDT', 'XAUT/USDT:USDT']
2026-07-30 23:36:26,189 [INFO] [SCAN] 스캔 시작: 30개 페어 (캐시 18개 보유)
2026-07-30 23:36:27,223 [INFO] [SIG] SOL/USDT:USDT LONG 신호 포착 (강도 95%)
2026-07-30 23:36:27,224 [INFO] [SIGNAL] SOL/USDT:USDT LONG 신호 수신 (strength=95)
2026-07-30 23:36:27,723 [INFO] [RISK OK] SOL/USDT:USDT 리스크 체크 통과
2026-07-30 23:36:28,005 [INFO] [ENTRY BLOCK] SOL/USDT:USDT — 이미 포지션 보유 또는 진입 주문 전송 중
2026-07-30 23:36:28,595 [INFO] [SIG] XRP/USDT:USDT SHORT 신호 포착 (강도 90%)
2026-07-30 23:36:28,596 [INFO] [SIGNAL] XRP/USDT:USDT SHORT 신호 수신 (strength=90)
2026-07-30 23:36:28,992 [INFO] [RISK OK] XRP/USDT:USDT 리스크 체크 통과
2026-07-30 23:36:29,271 [WARNING] [ENTRY BLOCK] XRP/USDT:USDT — 최대 포지션 수 도달: 2/2
2026-07-30 23:36:29,862 [INFO] [SIG] DOGE/USDT:USDT LONG 신호 포착 (강도 95%)
2026-07-30 23:36:29,862 [INFO] [SIGNAL] DOGE/USDT:USDT LONG 신호 수신 (strength=95)
2026-07-30 23:36:30,302 [INFO] [RISK OK] DOGE/USDT:USDT 리스크 체크 통과
2026-07-30 23:36:30,581 [WARNING] [ENTRY BLOCK] DOGE/USDT:USDT — 최대 포지션 수 도달: 2/2
2026-07-30 23:36:32,029 [INFO] [SIG] PEPE/USDT:USDT LONG 신호 포착 (강도 95%)
2026-07-30 23:36:32,029 [INFO] [SIGNAL] PEPE/USDT:USDT LONG 신호 수신 (strength=95)
2026-07-30 23:36:32,421 [INFO] [RISK OK] PEPE/USDT:USDT 리스크 체크 통과
2026-07-30 23:36:32,706 [WARNING] [ENTRY BLOCK] PEPE/USDT:USDT — 최대 포지션 수 도달: 2/2
2026-07-30 23:36:35,464 [INFO] [SIG] ADA/USDT:USDT SHORT 신호 포착 (강도 90%)
2026-07-30 23:36:35,464 [INFO] [SIGNAL] ADA/USDT:USDT SHORT 신호 수신 (strength=90)
2026-07-30 23:36:35,859 [INFO] [RISK OK] ADA/USDT:USDT 리스크 체크 통과
2026-07-30 23:36:36,140 [WARNING] [ENTRY BLOCK] ADA/USDT:USDT — 최대 포지션 수 도달: 2/2
2026-07-30 23:36:38,094 [INFO] [SIG] FIL/USDT:USDT LONG 신호 포착 (강도 95%)
2026-07-30 23:36:38,095 [INFO] [SIGNAL] FIL/USDT:USDT LONG 신호 수신 (strength=95)
2026-07-30 23:36:38,597 [INFO] [RISK OK] FIL/USDT:USDT 리스크 체크 통과
2026-07-30 23:36:38,879 [WARNING] [ENTRY BLOCK] FIL/USDT:USDT — 최대 포지션 수 도달: 2/2
2026-07-30 23:36:39,180 [INFO] [SCAN] 완료: 18개 종목 · 신호 6개 · API 호출 18회 · 캐시 히트 0회
2026-07-30 23:36:44,570 [INFO] [SCAN] 블랙리스트 4개 제외: ['IP/USDT:USDT', 'NES/USDT:USDT', 'WLD/USDT:USDT', 'XAG/USDT:USDT', 'XAU/USDT:USDT', 'XAUT/USDT:USDT']
2026-07-30 23:36:44,570 [INFO] [SCAN] 스캔 시작: 30개 페어 (캐시 18개 보유)
2026-07-30 23:36:46,438 [INFO] [SIG] DOGE/USDT:USDT LONG 신호 포착 (강도 95%)
2026-07-30 23:36:46,438 [INFO] [SIGNAL] DOGE/USDT:USDT LONG 신호 수신 (strength=95)
2026-07-30 23:36:46,833 [INFO] [RISK OK] DOGE/USDT:USDT 리스크 체크 통과
2026-07-30 23:36:47,112 [WARNING] [ENTRY BLOCK] DOGE/USDT:USDT — 최대 포지션 수 도달: 2/2
2026-07-30 23:36:51,154 [INFO] [SIG] ADA/USDT:USDT SHORT 신호 포착 (강도 90%)
2026-07-30 23:36:51,155 [INFO] [SIGNAL] ADA/USDT:USDT SHORT 신호 수신 (strength=90)
2026-07-30 23:36:51,597 [INFO] [RISK OK] ADA/USDT:USDT 리스크 체크 통과
2026-07-30 23:36:51,882 [WARNING] [ENTRY BLOCK] ADA/USDT:USDT — 최대 포지션 수 도달: 2/2
2026-07-30 23:36:53,784 [INFO] [SIG] FIL/USDT:USDT LONG 신호 포착 (강도 95%)
2026-07-30 23:36:53,784 [INFO] [SIGNAL] FIL/USDT:USDT LONG 신호 수신 (strength=95)
2026-07-30 23:36:54,291 [INFO] [RISK OK] FIL/USDT:USDT 리스크 체크 통과
2026-07-30 23:36:54,572 [WARNING] [ENTRY BLOCK] FIL/USDT:USDT — 최대 포지션 수 도달: 2/2
2026-07-30 23:36:55,163 [INFO] [CACHE] ZAMA/USDT:USDT 초기 로드 300봉
2026-07-30 23:36:55,670 [INFO] [SCAN] 완료: 19개 종목 · 신호 3개 · API 호출 19회 · 캐시 히트 0회
2026-07-30 23:37:00,879 [INFO] [SCAN] 블랙리스트 4개 제외: ['IP/USDT:USDT', 'NES/USDT:USDT', 'WLD/USDT:USDT', 'XAG/USDT:USDT', 'XAU/USDT:USDT', 'XAUT/USDT:USDT']
2026-07-30 23:37:00,879 [INFO] [SCAN] 스캔 시작: 30개 페어 (캐시 19개 보유)
2026-07-30 23:37:02,796 [INFO] [SIG] DOGE/USDT:USDT LONG 신호 포착 (강도 95%)
2026-07-30 23:37:02,796 [INFO] [SIGNAL] DOGE/USDT:USDT LONG 신호 수신 (strength=95)
2026-07-30 23:37:03,190 [INFO] [RISK OK] DOGE/USDT:USDT 리스크 체크 통과
2026-07-30 23:37:03,575 [WARNING] [ENTRY BLOCK] DOGE/USDT:USDT — 최대 포지션 수 도달: 2/2
2026-07-30 23:37:04,639 [INFO] [SIG] AEON/USDT:USDT SHORT 신호 포착 (강도 95%)
2026-07-30 23:37:04,639 [INFO] [SIGNAL] AEON/USDT:USDT SHORT 신호 수신 (strength=95)
2026-07-30 23:37:05,038 [INFO] [RISK OK] AEON/USDT:USDT 리스크 체크 통과
2026-07-30 23:37:05,424 [INFO] [ENTRY BLOCK] AEON/USDT:USDT — 이미 포지션 보유 또는 진입 주문 전송 중
2026-07-30 23:37:06,861 [INFO] [SIG] UNI/USDT:USDT LONG 신호 포착 (강도 95%)
2026-07-30 23:37:06,861 [INFO] [SIGNAL] UNI/USDT:USDT LONG 신호 수신 (strength=95)
2026-07-30 23:37:07,364 [INFO] [RISK OK] UNI/USDT:USDT 리스크 체크 통과
2026-07-30 23:37:07,645 [WARNING] [ENTRY BLOCK] UNI/USDT:USDT — 최대 포지션 수 도달: 2/2
2026-07-30 23:37:09,535 [INFO] [SIG] ADA/USDT:USDT SHORT 신호 포착 (강도 90%)
2026-07-30 23:37:09,535 [INFO] [SIGNAL] ADA/USDT:USDT SHORT 신호 수신 (strength=90)
2026-07-30 23:37:10,042 [INFO] [RISK OK] ADA/USDT:USDT 리스크 체크 통과
2026-07-30 23:37:10,462 [WARNING] [ENTRY BLOCK] ADA/USDT:USDT — 최대 포지션 수 도달: 2/2
2026-07-30 23:37:12,324 [INFO] [SIG] FIL/USDT:USDT LONG 신호 포착 (강도 95%)
2026-07-30 23:37:12,324 [INFO] [SIGNAL] FIL/USDT:USDT LONG 신호 수신 (strength=95)
2026-07-30 23:37:12,902 [INFO] [RISK OK] FIL/USDT:USDT 리스크 체크 통과
2026-07-30 23:37:13,181 [WARNING] [ENTRY BLOCK] FIL/USDT:USDT — 최대 포지션 수 도달: 2/2
2026-07-30 23:37:14,068 [INFO] [SCAN] 완료: 19개 종목 · 신호 5개 · API 호출 19회 · 캐시 히트 0회
2026-07-30 23:37:15,721 [INFO] [상태] 잔고:$110.61 | 포지션:2개 | 스캔:96회 | 스캐너:ON
2026-07-30 23:37:19,442 [INFO] [SCAN] 블랙리스트 4개 제외: ['IP/USDT:USDT', 'NES/USDT:USDT', 'WLD/USDT:USDT', 'XAG/USDT:USDT', 'XAU/USDT:USDT', 'XAUT/USDT:USDT']
2026-07-30 23:37:19,443 [INFO] [SCAN] 스캔 시작: 30개 페어 (캐시 19개 보유)
2026-07-30 23:37:21,439 [INFO] [SIG] DOGE/USDT:USDT LONG 신호 포착 (강도 95%)
2026-07-30 23:37:21,439 [INFO] [SIGNAL] DOGE/USDT:USDT LONG 신호 수신 (strength=95)
2026-07-30 23:37:21,941 [INFO] [RISK OK] DOGE/USDT:USDT 리스크 체크 통과
2026-07-30 23:37:22,221 [WARNING] [ENTRY BLOCK] DOGE/USDT:USDT — 최대 포지션 수 도달: 2/2
2026-07-30 23:37:23,233 [INFO] [SIG] AEON/USDT:USDT SHORT 신호 포착 (강도 95%)
2026-07-30 23:37:23,233 [INFO] [SIGNAL] AEON/USDT:USDT SHORT 신호 수신 (strength=95)
2026-07-30 23:37:23,632 [INFO] [RISK OK] AEON/USDT:USDT 리스크 체크 통과
2026-07-30 23:37:23,919 [INFO] [ENTRY BLOCK] AEON/USDT:USDT — 이미 포지션 보유 또는 진입 주문 전송 중
2026-07-30 23:37:25,438 [INFO] [SIG] UNI/USDT:USDT LONG 신호 포착 (강도 95%)
2026-07-30 23:37:25,438 [INFO] [SIGNAL] UNI/USDT:USDT LONG 신호 수신 (strength=95)
2026-07-30 23:37:25,840 [INFO] [RISK OK] UNI/USDT:USDT 리스크 체크 통과
2026-07-30 23:37:26,118 [WARNING] [ENTRY BLOCK] UNI/USDT:USDT — 최대 포지션 수 도달: 2/2
2026-07-30 23:37:27,989 [INFO] [SIG] ADA/USDT:USDT SHORT 신호 포착 (강도 90%)
2026-07-30 23:37:27,989 [INFO] [SIGNAL] ADA/USDT:USDT SHORT 신호 수신 (strength=90)
2026-07-30 23:37:28,486 [INFO] [RISK OK] ADA/USDT:USDT 리스크 체크 통과
2026-07-30 23:37:28,767 [WARNING] [ENTRY BLOCK] ADA/USDT:USDT — 최대 포지션 수 도달: 2/2
2026-07-30 23:37:30,692 [INFO] [SIG] FIL/USDT:USDT LONG 신호 포착 (강도 95%)
2026-07-30 23:37:30,693 [INFO] [SIGNAL] FIL/USDT:USDT LONG 신호 수신 (strength=95)
2026-07-30 23:37:31,132 [INFO] [RISK OK] FIL/USDT:USDT 리스크 체크 통과
2026-07-30 23:37:31,453 [WARNING] [ENTRY BLOCK] FIL/USDT:USDT — 최대 포지션 수 도달: 2/2
2026-07-30 23:37:31,755 [INFO] [SCAN] 완료: 18개 종목 · 신호 5개 · API 호출 18회 · 캐시 히트 0회
2026-07-30 23:37:38,860 [INFO] [SCAN] 블랙리스트 4개 제외: ['IP/USDT:USDT', 'NES/USDT:USDT', 'WLD/USDT:USDT', 'XAG/USDT:USDT', 'XAU/USDT:USDT', 'XAUT/USDT:USDT']
2026-07-30 23:37:38,860 [INFO] [SCAN] 스캔 시작: 30개 페어 (캐시 19개 보유)
2026-07-30 23:37:40,723 [INFO] [SIG] DOGE/USDT:USDT LONG 신호 포착 (강도 95%)
2026-07-30 23:37:40,724 [INFO] [SIGNAL] DOGE/USDT:USDT LONG 신호 수신 (strength=95)
2026-07-30 23:37:41,237 [INFO] [RISK OK] DOGE/USDT:USDT 리스크 체크 통과
2026-07-30 23:37:41,520 [WARNING] [ENTRY BLOCK] DOGE/USDT:USDT — 최대 포지션 수 도달: 2/2
2026-07-30 23:37:42,525 [INFO] [SIG] AEON/USDT:USDT SHORT 신호 포착 (강도 95%)
2026-07-30 23:37:42,525 [INFO] [SIGNAL] AEON/USDT:USDT SHORT 신호 수신 (strength=95)
2026-07-30 23:37:43,031 [INFO] [RISK OK] AEON/USDT:USDT 리스크 체크 통과
2026-07-30 23:37:43,315 [INFO] [ENTRY BLOCK] AEON/USDT:USDT — 이미 포지션 보유 또는 진입 주문 전송 중
2026-07-30 23:37:46,597 [INFO] [SIG] ADA/USDT:USDT SHORT 신호 포착 (강도 90%)
2026-07-30 23:37:46,597 [INFO] [SIGNAL] ADA/USDT:USDT SHORT 신호 수신 (strength=90)
2026-07-30 23:37:47,034 [INFO] [RISK OK] ADA/USDT:USDT 리스크 체크 통과
2026-07-30 23:37:47,324 [WARNING] [ENTRY BLOCK] ADA/USDT:USDT — 최대 포지션 수 도달: 2/2
2026-07-30 23:37:49,234 [INFO] [SIG] FIL/USDT:USDT LONG 신호 포착 (강도 95%)
2026-07-30 23:37:49,234 [INFO] [SIGNAL] FIL/USDT:USDT LONG 신호 수신 (strength=95)
2026-07-30 23:37:49,776 [INFO] [RISK OK] FIL/USDT:USDT 리스크 체크 통과
2026-07-30 23:37:50,057 [WARNING] [ENTRY BLOCK] FIL/USDT:USDT — 최대 포지션 수 도달: 2/2
2026-07-30 23:37:50,358 [INFO] [SCAN] 완료: 18개 종목 · 신호 4개 · API 호출 18회 · 캐시 히트 0회
2026-07-30 23:37:55,743 [INFO] [SCAN] 블랙리스트 4개 제외: ['IP/USDT:USDT', 'NES/USDT:USDT', 'WLD/USDT:USDT', 'XAG/USDT:USDT', 'XAU/USDT:USDT', 'XAUT/USDT:USDT']
2026-07-30 23:37:55,743 [INFO] [SCAN] 스캔 시작: 30개 페어 (캐시 19개 보유)
2026-07-30 23:37:58,468 [INFO] [SIG] AEON/USDT:USDT SHORT 신호 포착 (강도 95%)
2026-07-30 23:37:58,468 [INFO] [SIGNAL] AEON/USDT:USDT SHORT 신호 수신 (strength=95)
2026-07-30 23:37:58,867 [INFO] [RISK OK] AEON/USDT:USDT 리스크 체크 통과
2026-07-30 23:37:59,147 [INFO] [ENTRY BLOCK] AEON/USDT:USDT — 이미 포지션 보유 또는 진입 주문 전송 중
2026-07-30 23:38:02,300 [INFO] [SIG] ADA/USDT:USDT SHORT 신호 포착 (강도 90%)
2026-07-30 23:38:02,300 [INFO] [SIGNAL] ADA/USDT:USDT SHORT 신호 수신 (strength=90)
2026-07-30 23:38:02,698 [INFO] [RISK OK] ADA/USDT:USDT 리스크 체크 통과
2026-07-30 23:38:02,981 [WARNING] [ENTRY BLOCK] ADA/USDT:USDT — 최대 포지션 수 도달: 2/2
2026-07-30 23:38:04,857 [INFO] [SIG] FIL/USDT:USDT LONG 신호 포착 (강도 95%)
2026-07-30 23:38:04,857 [INFO] [SIGNAL] FIL/USDT:USDT LONG 신호 수신 (strength=95)
2026-07-30 23:38:05,401 [INFO] [RISK OK] FIL/USDT:USDT 리스크 체크 통과
2026-07-30 23:38:05,682 [WARNING] [ENTRY BLOCK] FIL/USDT:USDT — 최대 포지션 수 도달: 2/2
2026-07-30 23:38:05,984 [INFO] [SCAN] 완료: 18개 종목 · 신호 3개 · API 호출 18회 · 캐시 히트 0회
2026-07-30 23:38:11,364 [INFO] [SCAN] 블랙리스트 4개 제외: ['IP/USDT:USDT', 'NES/USDT:USDT', 'WLD/USDT:USDT', 'XAG/USDT:USDT', 'XAU/USDT:USDT', 'XAUT/USDT:USDT']
2026-07-30 23:38:11,365 [INFO] [SCAN] 스캔 시작: 30개 페어 (캐시 19개 보유)
2026-07-30 23:38:13,267 [INFO] [SIG] DOGE/USDT:USDT LONG 신호 포착 (강도 95%)
2026-07-30 23:38:13,267 [INFO] [SIGNAL] DOGE/USDT:USDT LONG 신호 수신 (strength=95)
2026-07-30 23:38:13,820 [INFO] [RISK OK] DOGE/USDT:USDT 리스크 체크 통과
2026-07-30 23:38:14,103 [WARNING] [ENTRY BLOCK] DOGE/USDT:USDT — 최대 포지션 수 도달: 2/2
2026-07-30 23:38:15,149 [INFO] [SIG] AEON/USDT:USDT SHORT 신호 포착 (강도 95%)
2026-07-30 23:38:15,150 [INFO] [SIGNAL] AEON/USDT:USDT SHORT 신호 수신 (strength=95)
2026-07-30 23:38:15,597 [INFO] [RISK OK] AEON/USDT:USDT 리스크 체크 통과
2026-07-30 23:38:15,878 [INFO] [ENTRY BLOCK] AEON/USDT:USDT — 이미 포지션 보유 또는 진입 주문 전송 중
2026-07-30 23:38:16,486 [INFO] [상태] 잔고:$110.44 | 포지션:2개 | 스캔:99회 | 스캐너:ON
2026-07-30 23:38:19,151 [INFO] [SIG] ADA/USDT:USDT SHORT 신호 포착 (강도 90%)
2026-07-30 23:38:19,151 [INFO] [SIGNAL] ADA/USDT:USDT SHORT 신호 수신 (strength=90)
2026-07-30 23:38:19,544 [INFO] [RISK OK] ADA/USDT:USDT 리스크 체크 통과
2026-07-30 23:38:19,928 [WARNING] [ENTRY BLOCK] ADA/USDT:USDT — 최대 포지션 수 도달: 2/2
2026-07-30 23:38:21,831 [INFO] [SIG] FIL/USDT:USDT LONG 신호 포착 (강도 95%)
2026-07-30 23:38:21,832 [INFO] [SIGNAL] FIL/USDT:USDT LONG 신호 수신 (strength=95)
2026-07-30 23:38:22,225 [INFO] [RISK OK] FIL/USDT:USDT 리스크 체크 통과
2026-07-30 23:38:22,507 [WARNING] [ENTRY BLOCK] FIL/USDT:USDT — 최대 포지션 수 도달: 2/2
2026-07-30 23:38:23,400 [INFO] [SCAN] 완료: 19개 종목 · 신호 4개 · API 호출 19회 · 캐시 히트 0회
2026-07-30 23:38:28,618 [INFO] [SCAN] 블랙리스트 4개 제외: ['IP/USDT:USDT', 'NES/USDT:USDT', 'WLD/USDT:USDT', 'XAG/USDT:USDT', 'XAU/USDT:USDT', 'XAUT/USDT:USDT']
2026-07-30 23:38:28,618 [INFO] [SCAN] 스캔 시작: 30개 페어 (캐시 19개 보유)
2026-07-30 23:38:30,537 [INFO] [SIG] DOGE/USDT:USDT LONG 신호 포착 (강도 95%)
2026-07-30 23:38:30,537 [INFO] [SIGNAL] DOGE/USDT:USDT LONG 신호 수신 (strength=95)
2026-07-30 23:38:30,938 [INFO] [RISK OK] DOGE/USDT:USDT 리스크 체크 통과
2026-07-30 23:38:31,226 [WARNING] [ENTRY BLOCK] DOGE/USDT:USDT — 최대 포지션 수 도달: 2/2
2026-07-30 23:38:32,304 [INFO] [SIG] AEON/USDT:USDT SHORT 신호 포착 (강도 95%)
2026-07-30 23:38:32,304 [INFO] [SIGNAL] AEON/USDT:USDT SHORT 신호 수신 (strength=95)
2026-07-30 23:38:32,813 [INFO] [RISK OK] AEON/USDT:USDT 리스크 체크 통과
2026-07-30 23:38:33,092 [INFO] [ENTRY BLOCK] AEON/USDT:USDT — 이미 포지션 보유 또는 진입 주문 전송 중
2026-07-30 23:38:36,267 [INFO] [SIG] ADA/USDT:USDT SHORT 신호 포착 (강도 90%)
2026-07-30 23:38:36,267 [INFO] [SIGNAL] ADA/USDT:USDT SHORT 신호 수신 (strength=90)
2026-07-30 23:38:36,715 [INFO] [RISK OK] ADA/USDT:USDT 리스크 체크 통과
2026-07-30 23:38:37,001 [WARNING] [ENTRY BLOCK] ADA/USDT:USDT — 최대 포지션 수 도달: 2/2
2026-07-30 23:38:38,901 [INFO] [SIG] FIL/USDT:USDT LONG 신호 포착 (강도 95%)
2026-07-30 23:38:38,901 [INFO] [SIGNAL] FIL/USDT:USDT LONG 신호 수신 (strength=95)
2026-07-30 23:38:39,293 [INFO] [RISK OK] FIL/USDT:USDT 리스크 체크 통과
2026-07-30 23:38:39,681 [WARNING] [ENTRY BLOCK] FIL/USDT:USDT — 최대 포지션 수 도달: 2/2
2026-07-30 23:38:40,575 [INFO] [SCAN] 완료: 19개 종목 · 신호 4개 · API 호출 19회 · 캐시 히트 0회
2026-07-30 23:38:47,574 [INFO] [SCAN] 블랙리스트 4개 제외: ['IP/USDT:USDT', 'NES/USDT:USDT', 'WLD/USDT:USDT', 'XAG/USDT:USDT', 'XAU/USDT:USDT', 'XAUT/USDT:USDT']
2026-07-30 23:38:47,575 [INFO] [SCAN] 스캔 시작: 30개 페어 (캐시 19개 보유)
2026-07-30 23:38:48,596 [INFO] [SIG] SOL/USDT:USDT LONG 신호 포착 (강도 95%)
2026-07-30 23:38:48,596 [INFO] [SIGNAL] SOL/USDT:USDT LONG 신호 수신 (strength=95)
2026-07-30 23:38:49,038 [INFO] [RISK OK] SOL/USDT:USDT 리스크 체크 통과
2026-07-30 23:38:49,423 [INFO] [ENTRY BLOCK] SOL/USDT:USDT — 이미 포지션 보유 또는 진입 주문 전송 중
2026-07-30 23:38:50,482 [INFO] [SIG] DOGE/USDT:USDT LONG 신호 포착 (강도 95%)
2026-07-30 23:38:50,482 [INFO] [SIGNAL] DOGE/USDT:USDT LONG 신호 수신 (strength=95)
2026-07-30 23:38:50,882 [INFO] [RISK OK] DOGE/USDT:USDT 리스크 체크 통과
2026-07-30 23:38:51,166 [WARNING] [ENTRY BLOCK] DOGE/USDT:USDT — 최대 포지션 수 도달: 2/2
2026-07-30 23:38:52,184 [INFO] [SIG] AEON/USDT:USDT SHORT 신호 포착 (강도 95%)
2026-07-30 23:38:52,184 [INFO] [SIGNAL] AEON/USDT:USDT SHORT 신호 수신 (strength=95)
2026-07-30 23:38:52,689 [INFO] [RISK OK] AEON/USDT:USDT 리스크 체크 통과
2026-07-30 23:38:52,970 [INFO] [ENTRY BLOCK] AEON/USDT:USDT — 이미 포지션 보유 또는 진입 주문 전송 중
2026-07-30 23:38:56,162 [INFO] [SIG] ADA/USDT:USDT SHORT 신호 포착 (강도 90%)
2026-07-30 23:38:56,162 [INFO] [SIGNAL] ADA/USDT:USDT SHORT 신호 수신 (strength=90)
2026-07-30 23:38:56,563 [INFO] [RISK OK] ADA/USDT:USDT 리스크 체크 통과
2026-07-30 23:38:56,890 [WARNING] [ENTRY BLOCK] ADA/USDT:USDT — 최대 포지션 수 도달: 2/2
2026-07-30 23:38:58,760 [INFO] [SIG] FIL/USDT:USDT LONG 신호 포착 (강도 95%)
2026-07-30 23:38:58,760 [INFO] [SIGNAL] FIL/USDT:USDT LONG 신호 수신 (strength=95)
2026-07-30 23:38:59,156 [INFO] [RISK OK] FIL/USDT:USDT 리스크 체크 통과
2026-07-30 23:38:59,437 [WARNING] [ENTRY BLOCK] FIL/USDT:USDT — 최대 포지션 수 도달: 2/2
2026-07-30 23:39:00,361 [INFO] [SCAN] 완료: 19개 종목 · 신호 5개 · API 호출 19회 · 캐시 히트 0회
2026-07-30 23:39:05,554 [INFO] [SCAN] 블랙리스트 4개 제외: ['IP/USDT:USDT', 'NES/USDT:USDT', 'WLD/USDT:USDT', 'XAG/USDT:USDT', 'XAU/USDT:USDT', 'XAUT/USDT:USDT']
2026-07-30 23:39:05,555 [INFO] [SCAN] 스캔 시작: 30개 페어 (캐시 19개 보유)
2026-07-30 23:39:07,004 [INFO] [SIG] XRP/USDT:USDT SHORT 신호 포착 (강도 90%)
2026-07-30 23:39:07,004 [INFO] [SIGNAL] XRP/USDT:USDT SHORT 신호 수신 (strength=90)
2026-07-30 23:39:07,504 [INFO] [RISK OK] XRP/USDT:USDT 리스크 체크 통과
2026-07-30 23:39:07,785 [WARNING] [ENTRY BLOCK] XRP/USDT:USDT — 최대 포지션 수 도달: 2/2
2026-07-30 23:39:08,373 [INFO] [SIG] DOGE/USDT:USDT LONG 신호 포착 (강도 95%)
2026-07-30 23:39:08,373 [INFO] [SIGNAL] DOGE/USDT:USDT LONG 신호 수신 (strength=95)
2026-07-30 23:39:08,886 [INFO] [RISK OK] DOGE/USDT:USDT 리스크 체크 통과
2026-07-30 23:39:09,169 [WARNING] [ENTRY BLOCK] DOGE/USDT:USDT — 최대 포지션 수 도달: 2/2
2026-07-30 23:39:10,184 [INFO] [SIG] AEON/USDT:USDT SHORT 신호 포착 (강도 95%)
2026-07-30 23:39:10,184 [INFO] [SIGNAL] AEON/USDT:USDT SHORT 신호 수신 (strength=95)
2026-07-30 23:39:10,599 [INFO] [RISK OK] AEON/USDT:USDT 리스크 체크 통과
2026-07-30 23:39:10,878 [INFO] [ENTRY BLOCK] AEON/USDT:USDT — 이미 포지션 보유 또는 진입 주문 전송 중
2026-07-30 23:39:14,077 [INFO] [SIG] ADA/USDT:USDT SHORT 신호 포착 (강도 90%)
2026-07-30 23:39:14,077 [INFO] [SIGNAL] ADA/USDT:USDT SHORT 신호 수신 (strength=90)
2026-07-30 23:39:14,513 [INFO] [RISK OK] ADA/USDT:USDT 리스크 체크 통과
2026-07-30 23:39:14,790 [WARNING] [ENTRY BLOCK] ADA/USDT:USDT — 최대 포지션 수 도달: 2/2
2026-07-30 23:39:16,883 [INFO] [SIG] FIL/USDT:USDT LONG 신호 포착 (강도 95%)
2026-07-30 23:39:16,884 [INFO] [SIGNAL] FIL/USDT:USDT LONG 신호 수신 (strength=95)
2026-07-30 23:39:16,931 [INFO] [상태] 잔고:$110.43 | 포지션:2개 | 스캔:102회 | 스캐너:ON
2026-07-30 23:39:17,443 [INFO] [RISK OK] FIL/USDT:USDT 리스크 체크 통과
2026-07-30 23:39:17,721 [WARNING] [ENTRY BLOCK] FIL/USDT:USDT — 최대 포지션 수 도달: 2/2
2026-07-30 23:39:18,023 [INFO] [SCAN] 완료: 18개 종목 · 신호 5개 · API 호출 18회 · 캐시 히트 0회
2026-07-30 23:39:23,381 [INFO] [SCAN] 블랙리스트 4개 제외: ['IP/USDT:USDT', 'NES/USDT:USDT', 'WLD/USDT:USDT', 'XAG/USDT:USDT', 'XAU/USDT:USDT', 'XAUT/USDT:USDT']
2026-07-30 23:39:23,381 [INFO] [SCAN] 스캔 시작: 30개 페어 (캐시 19개 보유)
2026-07-30 23:39:24,833 [INFO] [SIG] XRP/USDT:USDT SHORT 신호 포착 (강도 90%)
2026-07-30 23:39:24,834 [INFO] [SIGNAL] XRP/USDT:USDT SHORT 신호 수신 (strength=90)
2026-07-30 23:39:25,332 [INFO] [RISK OK] XRP/USDT:USDT 리스크 체크 통과
2026-07-30 23:39:25,722 [WARNING] [ENTRY BLOCK] XRP/USDT:USDT — 최대 포지션 수 도달: 2/2
2026-07-30 23:39:26,314 [INFO] [SIG] DOGE/USDT:USDT LONG 신호 포착 (강도 95%)
2026-07-30 23:39:26,315 [INFO] [SIGNAL] DOGE/USDT:USDT LONG 신호 수신 (strength=95)
2026-07-30 23:39:26,810 [INFO] [RISK OK] DOGE/USDT:USDT 리스크 체크 통과
2026-07-30 23:39:27,091 [WARNING] [ENTRY BLOCK] DOGE/USDT:USDT — 최대 포지션 수 도달: 2/2
2026-07-30 23:39:28,104 [INFO] [SIG] AEON/USDT:USDT SHORT 신호 포착 (강도 95%)
2026-07-30 23:39:28,105 [INFO] [SIGNAL] AEON/USDT:USDT SHORT 신호 수신 (strength=95)
2026-07-30 23:39:28,495 [INFO] [RISK OK] AEON/USDT:USDT 리스크 체크 통과
2026-07-30 23:39:28,781 [INFO] [ENTRY BLOCK] AEON/USDT:USDT — 이미 포지션 보유 또는 진입 주문 전송 중
2026-07-30 23:39:31,908 [INFO] [SIG] ADA/USDT:USDT SHORT 신호 포착 (강도 90%)
2026-07-30 23:39:31,909 [INFO] [SIGNAL] ADA/USDT:USDT SHORT 신호 수신 (strength=90)
2026-07-30 23:39:32,306 [INFO] [RISK OK] ADA/USDT:USDT 리스크 체크 통과
2026-07-30 23:39:32,587 [WARNING] [ENTRY BLOCK] ADA/USDT:USDT — 최대 포지션 수 도달: 2/2
2026-07-30 23:39:34,552 [INFO] [SIG] FIL/USDT:USDT LONG 신호 포착 (강도 95%)
2026-07-30 23:39:34,552 [INFO] [SIGNAL] FIL/USDT:USDT LONG 신호 수신 (strength=95)
2026-07-30 23:39:34,950 [INFO] [RISK OK] FIL/USDT:USDT 리스크 체크 통과
2026-07-30 23:39:35,229 [WARNING] [ENTRY BLOCK] FIL/USDT:USDT — 최대 포지션 수 도달: 2/2
2026-07-30 23:39:35,536 [INFO] [SCAN] 완료: 18개 종목 · 신호 5개 · API 호출 18회 · 캐시 히트 0회
2026-07-30 23:39:40,912 [INFO] [SCAN] 블랙리스트 4개 제외: ['IP/USDT:USDT', 'NES/USDT:USDT', 'WLD/USDT:USDT', 'XAG/USDT:USDT', 'XAU/USDT:USDT', 'XAUT/USDT:USDT']
2026-07-30 23:39:40,912 [INFO] [SCAN] 스캔 시작: 30개 페어 (캐시 19개 보유)
2026-07-30 23:39:42,785 [INFO] [SIG] DOGE/USDT:USDT LONG 신호 포착 (강도 95%)
2026-07-30 23:39:42,785 [INFO] [SIGNAL] DOGE/USDT:USDT LONG 신호 수신 (strength=95)
2026-07-30 23:39:43,181 [INFO] [RISK OK] DOGE/USDT:USDT 리스크 체크 통과
2026-07-30 23:39:43,463 [WARNING] [ENTRY BLOCK] DOGE/USDT:USDT — 최대 포지션 수 도달: 2/2
2026-07-30 23:39:44,481 [INFO] [SIG] AEON/USDT:USDT SHORT 신호 포착 (강도 95%)
2026-07-30 23:39:44,481 [INFO] [SIGNAL] AEON/USDT:USDT SHORT 신호 수신 (strength=95)
2026-07-30 23:39:44,879 [INFO] [RISK OK] AEON/USDT:USDT 리스크 체크 통과
2026-07-30 23:39:45,159 [INFO] [ENTRY BLOCK] AEON/USDT:USDT — 이미 포지션 보유 또는 진입 주문 전송 중
2026-07-30 23:39:48,282 [INFO] [SIG] ADA/USDT:USDT SHORT 신호 포착 (강도 90%)
2026-07-30 23:39:48,282 [INFO] [SIGNAL] ADA/USDT:USDT SHORT 신호 수신 (strength=90)
2026-07-30 23:39:48,679 [INFO] [RISK OK] ADA/USDT:USDT 리스크 체크 통과
2026-07-30 23:39:48,956 [WARNING] [ENTRY BLOCK] ADA/USDT:USDT — 최대 포지션 수 도달: 2/2
2026-07-30 23:39:50,823 [INFO] [SIG] FIL/USDT:USDT LONG 신호 포착 (강도 95%)
2026-07-30 23:39:50,823 [INFO] [SIGNAL] FIL/USDT:USDT LONG 신호 수신 (strength=95)
2026-07-30 23:39:51,329 [INFO] [RISK OK] FIL/USDT:USDT 리스크 체크 통과
2026-07-30 23:39:51,614 [WARNING] [ENTRY BLOCK] FIL/USDT:USDT — 최대 포지션 수 도달: 2/2
2026-07-30 23:39:51,916 [INFO] [SCAN] 완료: 18개 종목 · 신호 4개 · API 호출 18회 · 캐시 히트 0회
2026-07-30 23:39:58,958 [INFO] [SCAN] 블랙리스트 4개 제외: ['IP/USDT:USDT', 'NES/USDT:USDT', 'WLD/USDT:USDT', 'XAG/USDT:USDT', 'XAU/USDT:USDT', 'XAUT/USDT:USDT']
2026-07-30 23:39:58,959 [INFO] [SCAN] 스캔 시작: 30개 페어 (캐시 19개 보유)
2026-07-30 23:40:00,830 [INFO] [SIG] DOGE/USDT:USDT LONG 신호 포착 (강도 95%)
2026-07-30 23:40:00,830 [INFO] [SIGNAL] DOGE/USDT:USDT LONG 신호 수신 (strength=95)
2026-07-30 23:40:01,227 [INFO] [RISK OK] DOGE/USDT:USDT 리스크 체크 통과
2026-07-30 23:40:01,607 [WARNING] [ENTRY BLOCK] DOGE/USDT:USDT — 최대 포지션 수 도달: 2/2
2026-07-30 23:40:02,620 [INFO] [SIG] AEON/USDT:USDT SHORT 신호 포착 (강도 95%)
2026-07-30 23:40:02,620 [INFO] [SIGNAL] AEON/USDT:USDT SHORT 신호 수신 (strength=95)
2026-07-30 23:40:03,218 [INFO] [RISK OK] AEON/USDT:USDT 리스크 체크 통과
2026-07-30 23:40:03,502 [INFO] [ENTRY BLOCK] AEON/USDT:USDT — 이미 포지션 보유 또는 진입 주문 전송 중
2026-07-30 23:40:04,521 [INFO] [SIG] PEPE/USDT:USDT LONG 신호 포착 (강도 95%)
2026-07-30 23:40:04,522 [INFO] [SIGNAL] PEPE/USDT:USDT LONG 신호 수신 (strength=95)
2026-07-30 23:40:04,927 [INFO] [RISK OK] PEPE/USDT:USDT 리스크 체크 통과
2026-07-30 23:40:05,209 [WARNING] [ENTRY BLOCK] PEPE/USDT:USDT — 최대 포지션 수 도달: 2/2
2026-07-30 23:40:08,350 [INFO] [SIG] RE/USDT:USDT SHORT 신호 포착 (강도 95%)
2026-07-30 23:40:08,350 [INFO] [SIGNAL] RE/USDT:USDT SHORT 신호 수신 (strength=95)
2026-07-30 23:40:08,849 [INFO] [RISK OK] RE/USDT:USDT 리스크 체크 통과
2026-07-30 23:40:09,133 [WARNING] [ENTRY BLOCK] RE/USDT:USDT — 최대 포지션 수 도달: 2/2
2026-07-30 23:40:10,451 [INFO] [SCAN] 완료: 18개 종목 · 신호 4개 · API 호출 18회 · 캐시 히트 0회
2026-07-30 23:40:15,683 [INFO] [SCAN] 블랙리스트 4개 제외: ['IP/USDT:USDT', 'NES/USDT:USDT', 'WLD/USDT:USDT', 'XAG/USDT:USDT', 'XAU/USDT:USDT', 'XAUT/USDT:USDT']
2026-07-30 23:40:15,683 [INFO] [SCAN] 스캔 시작: 30개 페어 (캐시 19개 보유)
2026-07-30 23:40:17,295 [INFO] [SIG] XRP/USDT:USDT SHORT 신호 포착 (강도 90%)
2026-07-30 23:40:17,295 [INFO] [SIGNAL] XRP/USDT:USDT SHORT 신호 수신 (strength=90)
2026-07-30 23:40:17,353 [INFO] [상태] 잔고:$110.46 | 포지션:2개 | 스캔:106회 | 스캐너:ON
2026-07-30 23:40:17,958 [INFO] [RISK OK] XRP/USDT:USDT 리스크 체크 통과
2026-07-30 23:40:18,259 [WARNING] [ENTRY BLOCK] XRP/USDT:USDT — 최대 포지션 수 도달: 2/2
2026-07-30 23:40:19,740 [INFO] [SIG] AEON/USDT:USDT SHORT 신호 포착 (강도 95%)
2026-07-30 23:40:19,740 [INFO] [SIGNAL] AEON/USDT:USDT SHORT 신호 수신 (strength=95)
2026-07-30 23:40:20,135 [INFO] [RISK OK] AEON/USDT:USDT 리스크 체크 통과
2026-07-30 23:40:20,517 [INFO] [ENTRY BLOCK] AEON/USDT:USDT — 이미 포지션 보유 또는 진입 주문 전송 중
2026-07-30 23:40:26,060 [INFO] [SCAN] 완료: 19개 종목 · 신호 2개 · API 호출 19회 · 캐시 히트 0회
2026-07-30 23:40:31,282 [INFO] [SCAN] 블랙리스트 4개 제외: ['IP/USDT:USDT', 'NES/USDT:USDT', 'WLD/USDT:USDT', 'XAG/USDT:USDT', 'XAU/USDT:USDT', 'XAUT/USDT:USDT']
2026-07-30 23:40:31,282 [INFO] [SCAN] 스캔 시작: 30개 페어 (캐시 19개 보유)
2026-07-30 23:40:32,772 [INFO] [SIG] XRP/USDT:USDT SHORT 신호 포착 (강도 90%)
2026-07-30 23:40:32,772 [INFO] [SIGNAL] XRP/USDT:USDT SHORT 신호 수신 (strength=90)
2026-07-30 23:40:33,177 [INFO] [RISK OK] XRP/USDT:USDT 리스크 체크 통과
2026-07-30 23:40:33,456 [WARNING] [ENTRY BLOCK] XRP/USDT:USDT — 최대 포지션 수 도달: 2/2
2026-07-30 23:40:34,934 [INFO] [SIG] AEON/USDT:USDT SHORT 신호 포착 (강도 95%)
2026-07-30 23:40:34,934 [INFO] [SIGNAL] AEON/USDT:USDT SHORT 신호 수신 (strength=95)
2026-07-30 23:40:35,542 [INFO] [RISK OK] AEON/USDT:USDT 리스크 체크 통과
2026-07-30 23:40:35,822 [INFO] [ENTRY BLOCK] AEON/USDT:USDT — 이미 포지션 보유 또는 진입 주문 전송 중
2026-07-30 23:40:38,527 [INFO] [SIG] BNB/USDT:USDT LONG 신호 포착 (강도 95%)
2026-07-30 23:40:38,527 [INFO] [SIGNAL] BNB/USDT:USDT LONG 신호 수신 (strength=95)
2026-07-30 23:40:38,926 [INFO] [RISK OK] BNB/USDT:USDT 리스크 체크 통과
2026-07-30 23:40:39,208 [WARNING] [ENTRY BLOCK] BNB/USDT:USDT — 최대 포지션 수 도달: 2/2
2026-07-30 23:40:42,218 [INFO] [SCAN] 완료: 19개 종목 · 신호 3개 · API 호출 19회 · 캐시 히트 0회
2026-07-30 23:40:47,437 [INFO] [SCAN] 블랙리스트 4개 제외: ['IP/USDT:USDT', 'NES/USDT:USDT', 'WLD/USDT:USDT', 'XAG/USDT:USDT', 'XAU/USDT:USDT', 'XAUT/USDT:USDT']
2026-07-30 23:40:47,437 [INFO] [SCAN] 스캔 시작: 30개 페어 (캐시 19개 보유)
2026-07-30 23:40:48,869 [INFO] [SIG] XRP/USDT:USDT SHORT 신호 포착 (강도 90%)
2026-07-30 23:40:48,869 [INFO] [SIGNAL] XRP/USDT:USDT SHORT 신호 수신 (strength=90)
2026-07-30 23:40:49,272 [INFO] [RISK OK] XRP/USDT:USDT 리스크 체크 통과
2026-07-30 23:40:49,663 [WARNING] [ENTRY BLOCK] XRP/USDT:USDT — 최대 포지션 수 도달: 2/2
2026-07-30 23:40:51,098 [INFO] [SIG] AEON/USDT:USDT SHORT 신호 포착 (강도 95%)
2026-07-30 23:40:51,098 [INFO] [SIGNAL] AEON/USDT:USDT SHORT 신호 수신 (strength=95)
2026-07-30 23:40:51,497 [INFO] [RISK OK] AEON/USDT:USDT 리스크 체크 통과
2026-07-30 23:40:51,777 [INFO] [ENTRY BLOCK] AEON/USDT:USDT — 이미 포지션 보유 또는 진입 주문 전송 중
2026-07-30 23:40:54,481 [INFO] [SIG] BNB/USDT:USDT LONG 신호 포착 (강도 95%)
2026-07-30 23:40:54,481 [INFO] [SIGNAL] BNB/USDT:USDT LONG 신호 수신 (strength=95)
2026-07-30 23:40:54,930 [INFO] [RISK OK] BNB/USDT:USDT 리스크 체크 통과
2026-07-30 23:40:55,210 [WARNING] [ENTRY BLOCK] BNB/USDT:USDT — 최대 포지션 수 도달: 2/2
2026-07-30 23:40:58,228 [INFO] [SCAN] 완료: 19개 종목 · 신호 3개 · API 호출 19회 · 캐시 히트 0회
2026-07-30 23:41:05,172 [INFO] [SCAN] 블랙리스트 4개 제외: ['IP/USDT:USDT', 'NES/USDT:USDT', 'WLD/USDT:USDT', 'XAG/USDT:USDT', 'XAU/USDT:USDT', 'XAUT/USDT:USDT']
2026-07-30 23:41:05,172 [INFO] [SCAN] 스캔 시작: 30개 페어 (캐시 19개 보유)
2026-07-30 23:41:06,607 [INFO] [SIG] XRP/USDT:USDT SHORT 신호 포착 (강도 90%)
2026-07-30 23:41:06,607 [INFO] [SIGNAL] XRP/USDT:USDT SHORT 신호 수신 (strength=90)
2026-07-30 23:41:07,009 [INFO] [RISK OK] XRP/USDT:USDT 리스크 체크 통과
2026-07-30 23:41:07,292 [WARNING] [ENTRY BLOCK] XRP/USDT:USDT — 최대 포지션 수 도달: 2/2
2026-07-30 23:41:08,720 [INFO] [SIG] AEON/USDT:USDT SHORT 신호 포착 (강도 95%)
2026-07-30 23:41:08,721 [INFO] [SIGNAL] AEON/USDT:USDT SHORT 신호 수신 (strength=95)
2026-07-30 23:41:09,338 [INFO] [RISK OK] AEON/USDT:USDT 리스크 체크 통과
2026-07-30 23:41:09,617 [INFO] [ENTRY BLOCK] AEON/USDT:USDT — 이미 포지션 보유 또는 진입 주문 전송 중
2026-07-30 23:41:12,303 [INFO] [SIG] BNB/USDT:USDT LONG 신호 포착 (강도 95%)
2026-07-30 23:41:12,303 [INFO] [SIGNAL] BNB/USDT:USDT LONG 신호 수신 (strength=95)
2026-07-30 23:41:12,806 [INFO] [RISK OK] BNB/USDT:USDT 리스크 체크 통과
2026-07-30 23:41:13,192 [WARNING] [ENTRY BLOCK] BNB/USDT:USDT — 최대 포지션 수 도달: 2/2
2026-07-30 23:41:16,190 [INFO] [SCAN] 완료: 19개 종목 · 신호 3개 · API 호출 19회 · 캐시 히트 0회
2026-07-30 23:41:17,838 [INFO] [상태] 잔고:$110.49 | 포지션:2개 | 스캔:110회 | 스캐너:ON
2026-07-30 23:41:21,575 [INFO] [SCAN] 블랙리스트 4개 제외: ['IP/USDT:USDT', 'NES/USDT:USDT', 'WLD/USDT:USDT', 'XAG/USDT:USDT', 'XAU/USDT:USDT', 'XAUT/USDT:USDT']
2026-07-30 23:41:21,576 [INFO] [SCAN] 스캔 시작: 30개 페어 (캐시 19개 보유)
2026-07-30 23:41:23,011 [INFO] [SIG] XRP/USDT:USDT SHORT 신호 포착 (강도 90%)
2026-07-30 23:41:23,012 [INFO] [SIGNAL] XRP/USDT:USDT SHORT 신호 수신 (strength=90)
2026-07-30 23:41:23,411 [INFO] [RISK OK] XRP/USDT:USDT 리스크 체크 통과
2026-07-30 23:41:23,694 [WARNING] [ENTRY BLOCK] XRP/USDT:USDT — 최대 포지션 수 도달: 2/2
2026-07-30 23:41:25,166 [INFO] [SIG] AEON/USDT:USDT SHORT 신호 포착 (강도 95%)
2026-07-30 23:41:25,166 [INFO] [SIGNAL] AEON/USDT:USDT SHORT 신호 수신 (strength=95)
2026-07-30 23:41:25,605 [INFO] [RISK OK] AEON/USDT:USDT 리스크 체크 통과
2026-07-30 23:41:25,889 [INFO] [ENTRY BLOCK] AEON/USDT:USDT — 이미 포지션 보유 또는 진입 주문 전송 중
2026-07-30 23:41:28,607 [INFO] [SIG] BNB/USDT:USDT LONG 신호 포착 (강도 95%)
2026-07-30 23:41:28,607 [INFO] [SIGNAL] BNB/USDT:USDT LONG 신호 수신 (strength=95)
2026-07-30 23:41:29,019 [INFO] [RISK OK] BNB/USDT:USDT 리스크 체크 통과
2026-07-30 23:41:29,300 [WARNING] [ENTRY BLOCK] BNB/USDT:USDT — 최대 포지션 수 도달: 2/2
2026-07-30 23:41:32,290 [INFO] [SCAN] 완료: 19개 종목 · 신호 3개 · API 호출 19회 · 캐시 히트 0회
2026-07-30 23:41:37,492 [INFO] [SCAN] 블랙리스트 4개 제외: ['IP/USDT:USDT', 'NES/USDT:USDT', 'WLD/USDT:USDT', 'XAG/USDT:USDT', 'XAU/USDT:USDT', 'XAUT/USDT:USDT']
2026-07-30 23:41:37,493 [INFO] [SCAN] 스캔 시작: 30개 페어 (캐시 19개 보유)
2026-07-30 23:41:38,941 [INFO] [SIG] XRP/USDT:USDT SHORT 신호 포착 (강도 90%)
2026-07-30 23:41:38,941 [INFO] [SIGNAL] XRP/USDT:USDT SHORT 신호 수신 (strength=90)
2026-07-30 23:41:39,452 [INFO] [RISK OK] XRP/USDT:USDT 리스크 체크 통과
2026-07-30 23:41:39,730 [WARNING] [ENTRY BLOCK] XRP/USDT:USDT — 최대 포지션 수 도달: 2/2
2026-07-30 23:41:41,150 [INFO] [SIG] AEON/USDT:USDT SHORT 신호 포착 (강도 95%)
2026-07-30 23:41:41,150 [INFO] [SIGNAL] AEON/USDT:USDT SHORT 신호 수신 (strength=95)
2026-07-30 23:41:41,544 [INFO] [RISK OK] AEON/USDT:USDT 리스크 체크 통과
2026-07-30 23:41:41,824 [INFO] [ENTRY BLOCK] AEON/USDT:USDT — 이미 포지션 보유 또는 진입 주문 전송 중
2026-07-30 23:41:44,564 [INFO] [SIG] BNB/USDT:USDT LONG 신호 포착 (강도 95%)
2026-07-30 23:41:44,564 [INFO] [SIGNAL] BNB/USDT:USDT LONG 신호 수신 (strength=95)
2026-07-30 23:41:44,959 [INFO] [RISK OK] BNB/USDT:USDT 리스크 체크 통과
2026-07-30 23:41:45,348 [WARNING] [ENTRY BLOCK] BNB/USDT:USDT — 최대 포지션 수 도달: 2/2
2026-07-30 23:41:48,328 [INFO] [SCAN] 완료: 19개 종목 · 신호 3개 · API 호출 19회 · 캐시 히트 0회
2026-07-30 23:41:53,511 [INFO] [SCAN] 블랙리스트 4개 제외: ['IP/USDT:USDT', 'NES/USDT:USDT', 'WLD/USDT:USDT', 'XAG/USDT:USDT', 'XAU/USDT:USDT', 'XAUT/USDT:USDT']
2026-07-30 23:41:53,511 [INFO] [SCAN] 스캔 시작: 30개 페어 (캐시 19개 보유)
2026-07-30 23:41:54,956 [INFO] [SIG] XRP/USDT:USDT SHORT 신호 포착 (강도 90%)
2026-07-30 23:41:54,956 [INFO] [SIGNAL] XRP/USDT:USDT SHORT 신호 수신 (strength=90)
2026-07-30 23:41:55,459 [INFO] [RISK OK] XRP/USDT:USDT 리스크 체크 통과
2026-07-30 23:41:55,742 [WARNING] [ENTRY BLOCK] XRP/USDT:USDT — 최대 포지션 수 도달: 2/2
2026-07-30 23:41:57,172 [INFO] [SIG] AEON/USDT:USDT SHORT 신호 포착 (강도 95%)
2026-07-30 23:41:57,172 [INFO] [SIGNAL] AEON/USDT:USDT SHORT 신호 수신 (strength=95)
2026-07-30 23:41:57,570 [INFO] [RISK OK] AEON/USDT:USDT 리스크 체크 통과
2026-07-30 23:41:57,854 [INFO] [ENTRY BLOCK] AEON/USDT:USDT — 이미 포지션 보유 또는 진입 주문 전송 중
2026-07-30 23:42:00,568 [INFO] [SIG] BNB/USDT:USDT LONG 신호 포착 (강도 95%)
2026-07-30 23:42:00,568 [INFO] [SIGNAL] BNB/USDT:USDT LONG 신호 수신 (strength=95)
2026-07-30 23:42:00,965 [INFO] [RISK OK] BNB/USDT:USDT 리스크 체크 통과
2026-07-30 23:42:01,244 [WARNING] [ENTRY BLOCK] BNB/USDT:USDT — 최대 포지션 수 도달: 2/2
2026-07-30 23:42:04,221 [INFO] [SCAN] 완료: 19개 종목 · 신호 3개 · API 호출 19회 · 캐시 히트 0회
2026-07-30 23:42:11,077 [INFO] [SCAN] 블랙리스트 4개 제외: ['IP/USDT:USDT', 'NES/USDT:USDT', 'WLD/USDT:USDT', 'XAG/USDT:USDT', 'XAU/USDT:USDT', 'XAUT/USDT:USDT']
2026-07-30 23:42:11,078 [INFO] [SCAN] 스캔 시작: 30개 페어 (캐시 19개 보유)
2026-07-30 23:42:12,506 [INFO] [SIG] XRP/USDT:USDT SHORT 신호 포착 (강도 90%)
2026-07-30 23:42:12,506 [INFO] [SIGNAL] XRP/USDT:USDT SHORT 신호 수신 (strength=90)
2026-07-30 23:42:12,900 [INFO] [RISK OK] XRP/USDT:USDT 리스크 체크 통과
2026-07-30 23:42:13,287 [WARNING] [ENTRY BLOCK] XRP/USDT:USDT — 최대 포지션 수 도달: 2/2
2026-07-30 23:42:14,711 [INFO] [SIG] AEON/USDT:USDT SHORT 신호 포착 (강도 95%)
2026-07-30 23:42:14,711 [INFO] [SIGNAL] AEON/USDT:USDT SHORT 신호 수신 (strength=95)
2026-07-30 23:42:15,106 [INFO] [RISK OK] AEON/USDT:USDT 리스크 체크 통과
2026-07-30 23:42:15,491 [INFO] [ENTRY BLOCK] AEON/USDT:USDT — 이미 포지션 보유 또는 진입 주문 전송 중
2026-07-30 23:42:18,398 [INFO] [상태] 잔고:$110.46 | 포지션:2개 | 스캔:113회 | 스캐너:ON
2026-07-30 23:42:21,318 [INFO] [SCAN] 완료: 19개 종목 · 신호 2개 · API 호출 19회 · 캐시 히트 0회
2026-07-30 23:42:26,513 [INFO] [SCAN] 블랙리스트 4개 제외: ['IP/USDT:USDT', 'NES/USDT:USDT', 'WLD/USDT:USDT', 'XAG/USDT:USDT', 'XAU/USDT:USDT', 'XAUT/USDT:USDT']
2026-07-30 23:42:26,514 [INFO] [SCAN] 스캔 시작: 30개 페어 (캐시 19개 보유)
2026-07-30 23:42:27,974 [INFO] [SIG] XRP/USDT:USDT SHORT 신호 포착 (강도 90%)
2026-07-30 23:42:27,974 [INFO] [SIGNAL] XRP/USDT:USDT SHORT 신호 수신 (strength=90)
2026-07-30 23:42:28,377 [INFO] [RISK OK] XRP/USDT:USDT 리스크 체크 통과
2026-07-30 23:42:28,658 [WARNING] [ENTRY BLOCK] XRP/USDT:USDT — 최대 포지션 수 도달: 2/2
2026-07-30 23:42:30,086 [INFO] [SIG] AEON/USDT:USDT SHORT 신호 포착 (강도 95%)
2026-07-30 23:42:30,086 [INFO] [SIGNAL] AEON/USDT:USDT SHORT 신호 수신 (strength=95)
2026-07-30 23:42:30,481 [INFO] [RISK OK] AEON/USDT:USDT 리스크 체크 통과
2026-07-30 23:42:30,761 [INFO] [ENTRY BLOCK] AEON/USDT:USDT — 이미 포지션 보유 또는 진입 주문 전송 중
2026-07-30 23:42:35,881 [INFO] [SCAN] 완료: 18개 종목 · 신호 2개 · API 호출 18회 · 캐시 히트 0회
2026-07-30 23:42:41,113 [INFO] [SCAN] 블랙리스트 4개 제외: ['IP/USDT:USDT', 'NES/USDT:USDT', 'WLD/USDT:USDT', 'XAG/USDT:USDT', 'XAU/USDT:USDT', 'XAUT/USDT:USDT']
2026-07-30 23:42:41,113 [INFO] [SCAN] 스캔 시작: 30개 페어 (캐시 19개 보유)
2026-07-30 23:42:42,559 [INFO] [SIG] XRP/USDT:USDT SHORT 신호 포착 (강도 90%)
2026-07-30 23:42:42,559 [INFO] [SIGNAL] XRP/USDT:USDT SHORT 신호 수신 (strength=90)
2026-07-30 23:42:42,960 [INFO] [RISK OK] XRP/USDT:USDT 리스크 체크 통과
2026-07-30 23:42:43,351 [WARNING] [ENTRY BLOCK] XRP/USDT:USDT — 최대 포지션 수 도달: 2/2
2026-07-30 23:42:44,786 [INFO] [SIG] AEON/USDT:USDT SHORT 신호 포착 (강도 95%)
2026-07-30 23:42:44,787 [INFO] [SIGNAL] AEON/USDT:USDT SHORT 신호 수신 (strength=95)
2026-07-30 23:42:45,188 [INFO] [RISK OK] AEON/USDT:USDT 리스크 체크 통과
2026-07-30 23:42:45,574 [INFO] [ENTRY BLOCK] AEON/USDT:USDT — 이미 포지션 보유 또는 진입 주문 전송 중
2026-07-30 23:42:49,648 [INFO] [SIG] RE/USDT:USDT SHORT 신호 포착 (강도 95%)
2026-07-30 23:42:49,649 [INFO] [SIGNAL] RE/USDT:USDT SHORT 신호 수신 (strength=95)
2026-07-30 23:42:50,153 [INFO] [RISK OK] RE/USDT:USDT 리스크 체크 통과
2026-07-30 23:42:50,542 [WARNING] [ENTRY BLOCK] RE/USDT:USDT — 최대 포지션 수 도달: 2/2
2026-07-30 23:42:51,899 [INFO] [SCAN] 완료: 18개 종목 · 신호 3개 · API 호출 18회 · 캐시 히트 0회
2026-07-30 23:42:57,142 [INFO] [SCAN] 블랙리스트 4개 제외: ['IP/USDT:USDT', 'NES/USDT:USDT', 'WLD/USDT:USDT', 'XAG/USDT:USDT', 'XAU/USDT:USDT', 'XAUT/USDT:USDT']
2026-07-30 23:42:57,142 [INFO] [SCAN] 스캔 시작: 30개 페어 (캐시 19개 보유)
2026-07-30 23:42:58,579 [INFO] [SIG] XRP/USDT:USDT SHORT 신호 포착 (강도 90%)
2026-07-30 23:42:58,579 [INFO] [SIGNAL] XRP/USDT:USDT SHORT 신호 수신 (strength=90)
2026-07-30 23:42:58,976 [INFO] [RISK OK] XRP/USDT:USDT 리스크 체크 통과
2026-07-30 23:42:59,255 [WARNING] [ENTRY BLOCK] XRP/USDT:USDT — 최대 포지션 수 도달: 2/2
2026-07-30 23:43:00,671 [INFO] [SIG] AEON/USDT:USDT SHORT 신호 포착 (강도 95%)
2026-07-30 23:43:00,671 [INFO] [SIGNAL] AEON/USDT:USDT SHORT 신호 수신 (strength=95)
2026-07-30 23:43:01,073 [INFO] [RISK OK] AEON/USDT:USDT 리스크 체크 통과
2026-07-30 23:43:01,461 [INFO] [ENTRY BLOCK] AEON/USDT:USDT — 이미 포지션 보유 또는 진입 주문 전송 중
2026-07-30 23:43:05,438 [INFO] [SIG] RE/USDT:USDT SHORT 신호 포착 (강도 95%)
2026-07-30 23:43:05,438 [INFO] [SIGNAL] RE/USDT:USDT SHORT 신호 수신 (strength=95)
2026-07-30 23:43:05,931 [INFO] [RISK OK] RE/USDT:USDT 리스크 체크 통과
2026-07-30 23:43:06,316 [WARNING] [ENTRY BLOCK] RE/USDT:USDT — 최대 포지션 수 도달: 2/2
2026-07-30 23:43:07,639 [INFO] [SCAN] 완료: 18개 종목 · 신호 3개 · API 호출 18회 · 캐시 히트 0회
2026-07-30 23:43:14,588 [INFO] [SCAN] 블랙리스트 4개 제외: ['IP/USDT:USDT', 'NES/USDT:USDT', 'WLD/USDT:USDT', 'XAG/USDT:USDT', 'XAU/USDT:USDT', 'XAUT/USDT:USDT']
2026-07-30 23:43:14,588 [INFO] [SCAN] 스캔 시작: 30개 페어 (캐시 19개 보유)
2026-07-30 23:43:16,022 [INFO] [SIG] XRP/USDT:USDT SHORT 신호 포착 (강도 90%)
2026-07-30 23:43:16,022 [INFO] [SIGNAL] XRP/USDT:USDT SHORT 신호 수신 (strength=90)
2026-07-30 23:43:16,426 [INFO] [RISK OK] XRP/USDT:USDT 리스크 체크 통과
2026-07-30 23:43:16,709 [WARNING] [ENTRY BLOCK] XRP/USDT:USDT — 최대 포지션 수 도달: 2/2
2026-07-30 23:43:18,135 [INFO] [SIG] AEON/USDT:USDT SHORT 신호 포착 (강도 95%)
2026-07-30 23:43:18,135 [INFO] [SIGNAL] AEON/USDT:USDT SHORT 신호 수신 (strength=95)
2026-07-30 23:43:18,531 [INFO] [RISK OK] AEON/USDT:USDT 리스크 체크 통과
2026-07-30 23:43:18,971 [INFO] [ENTRY BLOCK] AEON/USDT:USDT — 이미 포지션 보유 또는 진입 주문 전송 중
2026-07-30 23:43:19,295 [INFO] [상태] 잔고:$110.51 | 포지션:2개 | 스캔:117회 | 스캐너:ON
2026-07-30 23:43:22,929 [INFO] [SIG] RE/USDT:USDT SHORT 신호 포착 (강도 95%)
2026-07-30 23:43:22,929 [INFO] [SIGNAL] RE/USDT:USDT SHORT 신호 수신 (strength=95)
2026-07-30 23:43:23,322 [INFO] [RISK OK] RE/USDT:USDT 리스크 체크 통과
2026-07-30 23:43:23,603 [WARNING] [ENTRY BLOCK] RE/USDT:USDT — 최대 포지션 수 도달: 2/2
2026-07-30 23:43:24,944 [INFO] [SCAN] 완료: 18개 종목 · 신호 3개 · API 호출 18회 · 캐시 히트 0회
2026-07-30 23:43:30,191 [INFO] [SCAN] 블랙리스트 4개 제외: ['IP/USDT:USDT', 'NES/USDT:USDT', 'WLD/USDT:USDT', 'XAG/USDT:USDT', 'XAU/USDT:USDT', 'XAUT/USDT:USDT']
2026-07-30 23:43:30,191 [INFO] [SCAN] 스캔 시작: 30개 페어 (캐시 19개 보유)
2026-07-30 23:43:31,666 [INFO] [SIG] XRP/USDT:USDT SHORT 신호 포착 (강도 90%)
2026-07-30 23:43:31,666 [INFO] [SIGNAL] XRP/USDT:USDT SHORT 신호 수신 (strength=90)
2026-07-30 23:43:32,104 [INFO] [RISK OK] XRP/USDT:USDT 리스크 체크 통과
2026-07-30 23:43:32,386 [WARNING] [ENTRY BLOCK] XRP/USDT:USDT — 최대 포지션 수 도달: 2/2
2026-07-30 23:43:33,907 [INFO] [SIG] AEON/USDT:USDT SHORT 신호 포착 (강도 95%)
2026-07-30 23:43:33,907 [INFO] [SIGNAL] AEON/USDT:USDT SHORT 신호 수신 (strength=95)
2026-07-30 23:43:34,527 [INFO] [RISK OK] AEON/USDT:USDT 리스크 체크 통과
2026-07-30 23:43:34,809 [INFO] [ENTRY BLOCK] AEON/USDT:USDT — 이미 포지션 보유 또는 진입 주문 전송 중
2026-07-30 23:43:38,764 [INFO] [SIG] RE/USDT:USDT SHORT 신호 포착 (강도 95%)
2026-07-30 23:43:38,764 [INFO] [SIGNAL] RE/USDT:USDT SHORT 신호 수신 (strength=95)
2026-07-30 23:43:39,164 [INFO] [RISK OK] RE/USDT:USDT 리스크 체크 통과
2026-07-30 23:43:39,446 [WARNING] [ENTRY BLOCK] RE/USDT:USDT — 최대 포지션 수 도달: 2/2
2026-07-30 23:43:40,755 [INFO] [SCAN] 완료: 18개 종목 · 신호 3개 · API 호출 18회 · 캐시 히트 0회
2026-07-30 23:43:45,967 [INFO] [SCAN] 블랙리스트 4개 제외: ['IP/USDT:USDT', 'NES/USDT:USDT', 'WLD/USDT:USDT', 'XAG/USDT:USDT', 'XAU/USDT:USDT', 'XAUT/USDT:USDT']
2026-07-30 23:43:45,967 [INFO] [SCAN] 스캔 시작: 30개 페어 (캐시 19개 보유)
2026-07-30 23:43:47,447 [INFO] [SIG] XRP/USDT:USDT SHORT 신호 포착 (강도 90%)
2026-07-30 23:43:47,447 [INFO] [SIGNAL] XRP/USDT:USDT SHORT 신호 수신 (strength=90)
2026-07-30 23:43:47,938 [INFO] [RISK OK] XRP/USDT:USDT 리스크 체크 통과
2026-07-30 23:43:48,214 [WARNING] [ENTRY BLOCK] XRP/USDT:USDT — 최대 포지션 수 도달: 2/2
2026-07-30 23:43:49,654 [INFO] [SIG] AEON/USDT:USDT SHORT 신호 포착 (강도 95%)
2026-07-30 23:43:49,654 [INFO] [SIGNAL] AEON/USDT:USDT SHORT 신호 수신 (strength=95)
2026-07-30 23:43:50,103 [INFO] [RISK OK] AEON/USDT:USDT 리스크 체크 통과
2026-07-30 23:43:50,386 [INFO] [ENTRY BLOCK] AEON/USDT:USDT — 이미 포지션 보유 또는 진입 주문 전송 중
2026-07-30 23:43:54,420 [INFO] [SIG] RE/USDT:USDT SHORT 신호 포착 (강도 95%)
2026-07-30 23:43:54,420 [INFO] [SIGNAL] RE/USDT:USDT SHORT 신호 수신 (strength=95)
2026-07-30 23:43:54,826 [INFO] [RISK OK] RE/USDT:USDT 리스크 체크 통과
2026-07-30 23:43:55,109 [WARNING] [ENTRY BLOCK] RE/USDT:USDT — 최대 포지션 수 도달: 2/2
2026-07-30 23:43:56,439 [INFO] [SCAN] 완료: 18개 종목 · 신호 3개 · API 호출 18회 · 캐시 히트 0회
2026-07-30 23:44:01,639 [INFO] [SCAN] 블랙리스트 4개 제외: ['IP/USDT:USDT', 'NES/USDT:USDT', 'WLD/USDT:USDT', 'XAG/USDT:USDT', 'XAU/USDT:USDT', 'XAUT/USDT:USDT']
2026-07-30 23:44:01,640 [INFO] [SCAN] 스캔 시작: 30개 페어 (캐시 19개 보유)
2026-07-30 23:44:03,073 [INFO] [SIG] XRP/USDT:USDT SHORT 신호 포착 (강도 90%)
2026-07-30 23:44:03,073 [INFO] [SIGNAL] XRP/USDT:USDT SHORT 신호 수신 (strength=90)
2026-07-30 23:44:03,574 [INFO] [RISK OK] XRP/USDT:USDT 리스크 체크 통과
2026-07-30 23:44:03,957 [WARNING] [ENTRY BLOCK] XRP/USDT:USDT — 최대 포지션 수 도달: 2/2
2026-07-30 23:44:05,379 [INFO] [SIG] AEON/USDT:USDT SHORT 신호 포착 (강도 95%)
2026-07-30 23:44:05,380 [INFO] [SIGNAL] AEON/USDT:USDT SHORT 신호 수신 (strength=95)
2026-07-30 23:44:05,778 [INFO] [RISK OK] AEON/USDT:USDT 리스크 체크 통과
2026-07-30 23:44:06,056 [INFO] [ENTRY BLOCK] AEON/USDT:USDT — 이미 포지션 보유 또는 진입 주문 전송 중
2026-07-30 23:44:10,140 [INFO] [SIG] RE/USDT:USDT SHORT 신호 포착 (강도 95%)
2026-07-30 23:44:10,140 [INFO] [SIGNAL] RE/USDT:USDT SHORT 신호 수신 (strength=95)
2026-07-30 23:44:10,535 [INFO] [RISK OK] RE/USDT:USDT 리스크 체크 통과
2026-07-30 23:44:10,927 [WARNING] [ENTRY BLOCK] RE/USDT:USDT — 최대 포지션 수 도달: 2/2
2026-07-30 23:44:12,238 [INFO] [SCAN] 완료: 18개 종목 · 신호 3개 · API 호출 18회 · 캐시 히트 0회
2026-07-30 23:44:19,179 [INFO] [SCAN] 블랙리스트 4개 제외: ['IP/USDT:USDT', 'NES/USDT:USDT', 'WLD/USDT:USDT', 'XAG/USDT:USDT', 'XAU/USDT:USDT', 'XAUT/USDT:USDT']
2026-07-30 23:44:19,179 [INFO] [SCAN] 스캔 시작: 30개 페어 (캐시 19개 보유)
2026-07-30 23:44:19,817 [INFO] [상태] 잔고:$110.45 | 포지션:2개 | 스캔:121회 | 스캐너:ON
2026-07-30 23:44:20,985 [INFO] [SIG] XRP/USDT:USDT SHORT 신호 포착 (강도 90%)
2026-07-30 23:44:20,985 [INFO] [SIGNAL] XRP/USDT:USDT SHORT 신호 수신 (strength=90)
2026-07-30 23:44:21,383 [INFO] [RISK OK] XRP/USDT:USDT 리스크 체크 통과
2026-07-30 23:44:21,705 [WARNING] [ENTRY BLOCK] XRP/USDT:USDT — 최대 포지션 수 도달: 2/2
2026-07-30 23:44:23,123 [INFO] [SIG] AEON/USDT:USDT SHORT 신호 포착 (강도 95%)
2026-07-30 23:44:23,123 [INFO] [SIGNAL] AEON/USDT:USDT SHORT 신호 수신 (strength=95)
2026-07-30 23:44:23,620 [INFO] [RISK OK] AEON/USDT:USDT 리스크 체크 통과
2026-07-30 23:44:23,900 [INFO] [ENTRY BLOCK] AEON/USDT:USDT — 이미 포지션 보유 또는 진입 주문 전송 중
2026-07-30 23:44:27,900 [INFO] [SIG] RE/USDT:USDT SHORT 신호 포착 (강도 95%)
2026-07-30 23:44:27,900 [INFO] [SIGNAL] RE/USDT:USDT SHORT 신호 수신 (strength=95)
2026-07-30 23:44:28,298 [INFO] [RISK OK] RE/USDT:USDT 리스크 체크 통과
2026-07-30 23:44:28,579 [WARNING] [ENTRY BLOCK] RE/USDT:USDT — 최대 포지션 수 도달: 2/2
2026-07-30 23:44:29,917 [INFO] [SCAN] 완료: 18개 종목 · 신호 3개 · API 호출 18회 · 캐시 히트 0회
2026-07-30 23:44:35,135 [INFO] [SCAN] 블랙리스트 4개 제외: ['IP/USDT:USDT', 'NES/USDT:USDT', 'WLD/USDT:USDT', 'XAG/USDT:USDT', 'XAU/USDT:USDT', 'XAUT/USDT:USDT']
2026-07-30 23:44:35,135 [INFO] [SCAN] 스캔 시작: 30개 페어 (캐시 19개 보유)
2026-07-30 23:44:36,576 [INFO] [SIG] XRP/USDT:USDT SHORT 신호 포착 (강도 90%)
2026-07-30 23:44:36,577 [INFO] [SIGNAL] XRP/USDT:USDT SHORT 신호 수신 (strength=90)
2026-07-30 23:44:36,973 [INFO] [RISK OK] XRP/USDT:USDT 리스크 체크 통과
2026-07-30 23:44:37,402 [WARNING] [ENTRY BLOCK] XRP/USDT:USDT — 최대 포지션 수 도달: 2/2
2026-07-30 23:44:38,852 [INFO] [SIG] AEON/USDT:USDT SHORT 신호 포착 (강도 95%)
2026-07-30 23:44:38,853 [INFO] [SIGNAL] AEON/USDT:USDT SHORT 신호 수신 (strength=95)
2026-07-30 23:44:39,250 [INFO] [RISK OK] AEON/USDT:USDT 리스크 체크 통과
2026-07-30 23:44:39,535 [INFO] [ENTRY BLOCK] AEON/USDT:USDT — 이미 포지션 보유 또는 진입 주문 전송 중
2026-07-30 23:44:43,523 [INFO] [SIG] RE/USDT:USDT SHORT 신호 포착 (강도 95%)
2026-07-30 23:44:43,523 [INFO] [SIGNAL] RE/USDT:USDT SHORT 신호 수신 (strength=95)
2026-07-30 23:44:44,128 [INFO] [RISK OK] RE/USDT:USDT 리스크 체크 통과
2026-07-30 23:44:44,514 [WARNING] [ENTRY BLOCK] RE/USDT:USDT — 최대 포지션 수 도달: 2/2
2026-07-30 23:44:46,248 [INFO] [SCAN] 완료: 19개 종목 · 신호 3개 · API 호출 19회 · 캐시 히트 0회
2026-07-30 23:44:51,464 [INFO] [SCAN] 블랙리스트 4개 제외: ['IP/USDT:USDT', 'NES/USDT:USDT', 'WLD/USDT:USDT', 'XAG/USDT:USDT', 'XAU/USDT:USDT', 'XAUT/USDT:USDT']
2026-07-30 23:44:51,464 [INFO] [SCAN] 스캔 시작: 30개 페어 (캐시 19개 보유)
2026-07-30 23:44:52,944 [INFO] [SIG] XRP/USDT:USDT SHORT 신호 포착 (강도 90%)
2026-07-30 23:44:52,944 [INFO] [SIGNAL] XRP/USDT:USDT SHORT 신호 수신 (strength=90)
2026-07-30 23:44:53,449 [INFO] [RISK OK] XRP/USDT:USDT 리스크 체크 통과
2026-07-30 23:44:53,728 [WARNING] [ENTRY BLOCK] XRP/USDT:USDT — 최대 포지션 수 도달: 2/2
2026-07-30 23:44:55,153 [INFO] [SIG] AEON/USDT:USDT SHORT 신호 포착 (강도 95%)
2026-07-30 23:44:55,153 [INFO] [SIGNAL] AEON/USDT:USDT SHORT 신호 수신 (strength=95)
2026-07-30 23:44:55,587 [INFO] [RISK OK] AEON/USDT:USDT 리스크 체크 통과
2026-07-30 23:44:55,971 [INFO] [ENTRY BLOCK] AEON/USDT:USDT — 이미 포지션 보유 또는 진입 주문 전송 중
2026-07-30 23:44:59,941 [INFO] [SIG] RE/USDT:USDT SHORT 신호 포착 (강도 95%)
2026-07-30 23:44:59,941 [INFO] [SIGNAL] RE/USDT:USDT SHORT 신호 수신 (strength=95)
2026-07-30 23:45:00,443 [INFO] [RISK OK] RE/USDT:USDT 리스크 체크 통과
2026-07-30 23:45:00,825 [WARNING] [ENTRY BLOCK] RE/USDT:USDT — 최대 포지션 수 도달: 2/2
2026-07-30 23:45:02,569 [INFO] [SCAN] 완료: 19개 종목 · 신호 3개 · API 호출 19회 · 캐시 히트 0회
2026-07-30 23:45:07,789 [INFO] [SCAN] 블랙리스트 4개 제외: ['IP/USDT:USDT', 'NES/USDT:USDT', 'WLD/USDT:USDT', 'XAG/USDT:USDT', 'XAU/USDT:USDT', 'XAUT/USDT:USDT']
2026-07-30 23:45:07,789 [INFO] [SCAN] 스캔 시작: 30개 페어 (캐시 19개 보유)
2026-07-30 23:45:10,533 [INFO] [SIG] AEON/USDT:USDT SHORT 신호 포착 (강도 95%)
2026-07-30 23:45:10,533 [INFO] [SIGNAL] AEON/USDT:USDT SHORT 신호 수신 (strength=95)
2026-07-30 23:45:11,037 [INFO] [RISK OK] AEON/USDT:USDT 리스크 체크 통과
2026-07-30 23:45:11,419 [INFO] [ENTRY BLOCK] AEON/USDT:USDT — 이미 포지션 보유 또는 진입 주문 전송 중
2026-07-30 23:45:12,009 [INFO] [SIG] PEPE/USDT:USDT SHORT 신호 포착 (강도 90%)
2026-07-30 23:45:12,009 [INFO] [SIGNAL] PEPE/USDT:USDT SHORT 신호 수신 (strength=90)
2026-07-30 23:45:12,411 [INFO] [RISK OK] PEPE/USDT:USDT 리스크 체크 통과
2026-07-30 23:45:12,809 [WARNING] [ENTRY BLOCK] PEPE/USDT:USDT — 최대 포지션 수 도달: 2/2
2026-07-30 23:45:16,362 [INFO] [SIG] RE/USDT:USDT SHORT 신호 포착 (강도 95%)
2026-07-30 23:45:16,362 [INFO] [SIGNAL] RE/USDT:USDT SHORT 신호 수신 (strength=95)
2026-07-30 23:45:16,793 [INFO] [RISK OK] RE/USDT:USDT 리스크 체크 통과
2026-07-30 23:45:17,074 [WARNING] [ENTRY BLOCK] RE/USDT:USDT — 최대 포지션 수 도달: 2/2
2026-07-30 23:45:18,075 [INFO] [SIG] FIL/USDT:USDT LONG 신호 포착 (강도 95%)
2026-07-30 23:45:18,075 [INFO] [SIGNAL] FIL/USDT:USDT LONG 신호 수신 (strength=95)
2026-07-30 23:45:18,572 [INFO] [RISK OK] FIL/USDT:USDT 리스크 체크 통과
2026-07-30 23:45:18,849 [WARNING] [ENTRY BLOCK] FIL/USDT:USDT — 최대 포지션 수 도달: 2/2
2026-07-30 23:45:19,736 [INFO] [SCAN] 완료: 19개 종목 · 신호 4개 · API 호출 19회 · 캐시 히트 0회
2026-07-30 23:45:20,454 [INFO] [상태] 잔고:$110.47 | 포지션:2개 | 스캔:125회 | 스캐너:ON
2026-07-30 23:45:26,988 [INFO] [SCAN] 블랙리스트 4개 제외: ['IP/USDT:USDT', 'NES/USDT:USDT', 'WLD/USDT:USDT', 'XAG/USDT:USDT', 'XAU/USDT:USDT', 'XAUT/USDT:USDT']
2026-07-30 23:45:26,989 [INFO] [SCAN] 스캔 시작: 30개 페어 (캐시 19개 보유)
2026-07-30 23:45:30,140 [INFO] [SIG] PEPE/USDT:USDT SHORT 신호 포착 (강도 90%)
2026-07-30 23:45:30,141 [INFO] [SIGNAL] PEPE/USDT:USDT SHORT 신호 수신 (strength=90)
2026-07-30 23:45:30,646 [INFO] [RISK OK] PEPE/USDT:USDT 리스크 체크 통과
2026-07-30 23:45:31,030 [WARNING] [ENTRY BLOCK] PEPE/USDT:USDT — 최대 포지션 수 도달: 2/2
2026-07-30 23:45:34,610 [INFO] [SIG] RE/USDT:USDT SHORT 신호 포착 (강도 95%)
2026-07-30 23:45:34,611 [INFO] [SIGNAL] RE/USDT:USDT SHORT 신호 수신 (strength=95)
2026-07-30 23:45:35,103 [INFO] [RISK OK] RE/USDT:USDT 리스크 체크 통과
2026-07-30 23:45:35,387 [WARNING] [ENTRY BLOCK] RE/USDT:USDT — 최대 포지션 수 도달: 2/2
2026-07-30 23:45:36,397 [INFO] [SIG] FIL/USDT:USDT LONG 신호 포착 (강도 95%)
2026-07-30 23:45:36,398 [INFO] [SIGNAL] FIL/USDT:USDT LONG 신호 수신 (strength=95)
2026-07-30 23:45:36,903 [INFO] [RISK OK] FIL/USDT:USDT 리스크 체크 통과
2026-07-30 23:45:37,292 [WARNING] [ENTRY BLOCK] FIL/USDT:USDT — 최대 포지션 수 도달: 2/2
2026-07-30 23:45:37,593 [INFO] [SCAN] 완료: 18개 종목 · 신호 3개 · API 호출 18회 · 캐시 히트 0회
2026-07-30 23:45:42,971 [INFO] [SCAN] 블랙리스트 4개 제외: ['IP/USDT:USDT', 'NES/USDT:USDT', 'WLD/USDT:USDT', 'XAG/USDT:USDT', 'XAU/USDT:USDT', 'XAUT/USDT:USDT']
2026-07-30 23:45:42,971 [INFO] [SCAN] 스캔 시작: 30개 페어 (캐시 19개 보유)
2026-07-30 23:45:45,691 [INFO] [SIG] AEON/USDT:USDT SHORT 신호 포착 (강도 95%)
2026-07-30 23:45:45,691 [INFO] [SIGNAL] AEON/USDT:USDT SHORT 신호 수신 (strength=95)
2026-07-30 23:45:46,192 [INFO] [RISK OK] AEON/USDT:USDT 리스크 체크 통과
2026-07-30 23:45:46,473 [INFO] [ENTRY BLOCK] AEON/USDT:USDT — 이미 포지션 보유 또는 진입 주문 전송 중
2026-07-30 23:45:47,065 [INFO] [SIG] PEPE/USDT:USDT SHORT 신호 포착 (강도 90%)
2026-07-30 23:45:47,066 [INFO] [SIGNAL] PEPE/USDT:USDT SHORT 신호 수신 (strength=90)
2026-07-30 23:45:47,465 [INFO] [RISK OK] PEPE/USDT:USDT 리스크 체크 통과
2026-07-30 23:45:47,744 [WARNING] [ENTRY BLOCK] PEPE/USDT:USDT — 최대 포지션 수 도달: 2/2
2026-07-30 23:45:51,310 [INFO] [SIG] RE/USDT:USDT SHORT 신호 포착 (강도 95%)
2026-07-30 23:45:51,311 [INFO] [SIGNAL] RE/USDT:USDT SHORT 신호 수신 (strength=95)
2026-07-30 23:45:51,814 [INFO] [RISK OK] RE/USDT:USDT 리스크 체크 통과
2026-07-30 23:45:52,198 [WARNING] [ENTRY BLOCK] RE/USDT:USDT — 최대 포지션 수 도달: 2/2
2026-07-30 23:45:53,212 [INFO] [SIG] FIL/USDT:USDT LONG 신호 포착 (강도 95%)
2026-07-30 23:45:53,212 [INFO] [SIGNAL] FIL/USDT:USDT LONG 신호 수신 (strength=95)
2026-07-30 23:45:53,720 [INFO] [RISK OK] FIL/USDT:USDT 리스크 체크 통과
2026-07-30 23:45:53,999 [WARNING] [ENTRY BLOCK] FIL/USDT:USDT — 최대 포지션 수 도달: 2/2
2026-07-30 23:45:54,300 [INFO] [SCAN] 완료: 18개 종목 · 신호 4개 · API 호출 18회 · 캐시 히트 0회
2026-07-30 23:45:59,666 [INFO] [SCAN] 블랙리스트 4개 제외: ['IP/USDT:USDT', 'NES/USDT:USDT', 'WLD/USDT:USDT', 'XAG/USDT:USDT', 'XAU/USDT:USDT', 'XAUT/USDT:USDT']
2026-07-30 23:45:59,666 [INFO] [SCAN] 스캔 시작: 30개 페어 (캐시 19개 보유)
2026-07-30 23:46:02,417 [INFO] [SIG] AEON/USDT:USDT SHORT 신호 포착 (강도 95%)
2026-07-30 23:46:02,417 [INFO] [SIGNAL] AEON/USDT:USDT SHORT 신호 수신 (strength=95)
2026-07-30 23:46:02,812 [INFO] [RISK OK] AEON/USDT:USDT 리스크 체크 통과
2026-07-30 23:46:03,199 [INFO] [ENTRY BLOCK] AEON/USDT:USDT — 이미 포지션 보유 또는 진입 주문 전송 중
2026-07-30 23:46:03,833 [INFO] [SIG] PEPE/USDT:USDT SHORT 신호 포착 (강도 90%)
2026-07-30 23:46:03,833 [INFO] [SIGNAL] PEPE/USDT:USDT SHORT 신호 수신 (strength=90)
2026-07-30 23:46:04,231 [INFO] [RISK OK] PEPE/USDT:USDT 리스크 체크 통과
2026-07-30 23:46:04,511 [WARNING] [ENTRY BLOCK] PEPE/USDT:USDT — 최대 포지션 수 도달: 2/2
2026-07-30 23:46:08,148 [INFO] [SIG] RE/USDT:USDT SHORT 신호 포착 (강도 95%)
2026-07-30 23:46:08,148 [INFO] [SIGNAL] RE/USDT:USDT SHORT 신호 수신 (strength=95)
2026-07-30 23:46:08,654 [INFO] [RISK OK] RE/USDT:USDT 리스크 체크 통과
2026-07-30 23:46:08,933 [WARNING] [ENTRY BLOCK] RE/USDT:USDT — 최대 포지션 수 도달: 2/2
2026-07-30 23:46:09,982 [INFO] [SIG] FIL/USDT:USDT LONG 신호 포착 (강도 95%)
2026-07-30 23:46:09,982 [INFO] [SIGNAL] FIL/USDT:USDT LONG 신호 수신 (strength=95)
2026-07-30 23:46:10,380 [INFO] [RISK OK] FIL/USDT:USDT 리스크 체크 통과
2026-07-30 23:46:10,661 [WARNING] [ENTRY BLOCK] FIL/USDT:USDT — 최대 포지션 수 도달: 2/2
2026-07-30 23:46:10,963 [INFO] [SCAN] 완료: 18개 종목 · 신호 4개 · API 호출 18회 · 캐시 히트 0회
2026-07-30 23:46:16,390 [INFO] [SCAN] 블랙리스트 4개 제외: ['IP/USDT:USDT', 'NES/USDT:USDT', 'WLD/USDT:USDT', 'XAG/USDT:USDT', 'XAU/USDT:USDT', 'XAUT/USDT:USDT']
2026-07-30 23:46:16,391 [INFO] [SCAN] 스캔 시작: 30개 페어 (캐시 19개 보유)
2026-07-30 23:46:19,137 [INFO] [SIG] AEON/USDT:USDT SHORT 신호 포착 (강도 95%)
2026-07-30 23:46:19,137 [INFO] [SIGNAL] AEON/USDT:USDT SHORT 신호 수신 (strength=95)
2026-07-30 23:46:19,540 [INFO] [RISK OK] AEON/USDT:USDT 리스크 체크 통과
2026-07-30 23:46:19,859 [INFO] [ENTRY BLOCK] AEON/USDT:USDT — 이미 포지션 보유 또는 진입 주문 전송 중
2026-07-30 23:46:20,449 [INFO] [SIG] PEPE/USDT:USDT LONG 신호 포착 (강도 95%)
2026-07-30 23:46:20,449 [INFO] [SIGNAL] PEPE/USDT:USDT LONG 신호 수신 (strength=95)
2026-07-30 23:46:21,003 [INFO] [RISK OK] PEPE/USDT:USDT 리스크 체크 통과
2026-07-30 23:46:21,330 [INFO] [상태] 잔고:$110.49 | 포지션:2개 | 스캔:128회 | 스캐너:ON
2026-07-30 23:46:21,482 [WARNING] [ENTRY BLOCK] PEPE/USDT:USDT — 최대 포지션 수 도달: 2/2
2026-07-30 23:46:25,103 [INFO] [SIG] RE/USDT:USDT SHORT 신호 포착 (강도 95%)
2026-07-30 23:46:25,103 [INFO] [SIGNAL] RE/USDT:USDT SHORT 신호 수신 (strength=95)
2026-07-30 23:46:25,504 [INFO] [RISK OK] RE/USDT:USDT 리스크 체크 통과
2026-07-30 23:46:25,785 [WARNING] [ENTRY BLOCK] RE/USDT:USDT — 최대 포지션 수 도달: 2/2
2026-07-30 23:46:26,846 [INFO] [SIG] FIL/USDT:USDT LONG 신호 포착 (강도 95%)
2026-07-30 23:46:26,846 [INFO] [SIGNAL] FIL/USDT:USDT LONG 신호 수신 (strength=95)
2026-07-30 23:46:27,344 [INFO] [RISK OK] FIL/USDT:USDT 리스크 체크 통과
2026-07-30 23:46:27,778 [WARNING] [ENTRY BLOCK] FIL/USDT:USDT — 최대 포지션 수 도달: 2/2
2026-07-30 23:46:28,080 [INFO] [SCAN] 완료: 18개 종목 · 신호 4개 · API 호출 18회 · 캐시 히트 0회
2026-07-30 23:46:35,164 [INFO] [SCAN] 블랙리스트 4개 제외: ['IP/USDT:USDT', 'NES/USDT:USDT', 'WLD/USDT:USDT', 'XAG/USDT:USDT', 'XAU/USDT:USDT', 'XAUT/USDT:USDT']
2026-07-30 23:46:35,164 [INFO] [SCAN] 스캔 시작: 30개 페어 (캐시 19개 보유)
2026-07-30 23:46:37,898 [INFO] [SIG] AEON/USDT:USDT SHORT 신호 포착 (강도 95%)
2026-07-30 23:46:37,898 [INFO] [SIGNAL] AEON/USDT:USDT SHORT 신호 수신 (strength=95)
2026-07-30 23:46:38,446 [INFO] [RISK OK] AEON/USDT:USDT 리스크 체크 통과
2026-07-30 23:46:38,766 [INFO] [ENTRY BLOCK] AEON/USDT:USDT — 이미 포지션 보유 또는 진입 주문 전송 중
2026-07-30 23:46:39,359 [INFO] [SIG] PEPE/USDT:USDT LONG 신호 포착 (강도 95%)
2026-07-30 23:46:39,359 [INFO] [SIGNAL] PEPE/USDT:USDT LONG 신호 수신 (strength=95)
2026-07-30 23:46:39,998 [INFO] [RISK OK] PEPE/USDT:USDT 리스크 체크 통과
2026-07-30 23:46:40,318 [WARNING] [ENTRY BLOCK] PEPE/USDT:USDT — 최대 포지션 수 도달: 2/2
2026-07-30 23:46:43,870 [INFO] [SIG] RE/USDT:USDT SHORT 신호 포착 (강도 95%)
2026-07-30 23:46:43,870 [INFO] [SIGNAL] RE/USDT:USDT SHORT 신호 수신 (strength=95)
2026-07-30 23:46:44,313 [INFO] [RISK OK] RE/USDT:USDT 리스크 체크 통과
2026-07-30 23:46:44,596 [WARNING] [ENTRY BLOCK] RE/USDT:USDT — 최대 포지션 수 도달: 2/2
2026-07-30 23:46:45,622 [INFO] [SIG] FIL/USDT:USDT LONG 신호 포착 (강도 95%)
2026-07-30 23:46:45,622 [INFO] [SIGNAL] FIL/USDT:USDT LONG 신호 수신 (strength=95)
2026-07-30 23:46:46,072 [INFO] [RISK OK] FIL/USDT:USDT 리스크 체크 통과
2026-07-30 23:46:46,387 [WARNING] [ENTRY BLOCK] FIL/USDT:USDT — 최대 포지션 수 도달: 2/2
2026-07-30 23:46:46,688 [INFO] [SCAN] 완료: 18개 종목 · 신호 4개 · API 호출 18회 · 캐시 히트 0회
2026-07-30 23:46:52,064 [INFO] [SCAN] 블랙리스트 4개 제외: ['IP/USDT:USDT', 'NES/USDT:USDT', 'WLD/USDT:USDT', 'XAG/USDT:USDT', 'XAU/USDT:USDT', 'XAUT/USDT:USDT']
2026-07-30 23:46:52,064 [INFO] [SCAN] 스캔 시작: 30개 페어 (캐시 19개 보유)
2026-07-30 23:46:54,835 [INFO] [SIG] AEON/USDT:USDT SHORT 신호 포착 (강도 95%)
2026-07-30 23:46:54,836 [INFO] [SIGNAL] AEON/USDT:USDT SHORT 신호 수신 (strength=95)
2026-07-30 23:46:55,375 [INFO] [RISK OK] AEON/USDT:USDT 리스크 체크 통과
2026-07-30 23:46:55,656 [INFO] [ENTRY BLOCK] AEON/USDT:USDT — 이미 포지션 보유 또는 진입 주문 전송 중
2026-07-30 23:46:56,299 [INFO] [SIG] PEPE/USDT:USDT LONG 신호 포착 (강도 95%)
2026-07-30 23:46:56,299 [INFO] [SIGNAL] PEPE/USDT:USDT LONG 신호 수신 (strength=95)
2026-07-30 23:46:56,737 [INFO] [RISK OK] PEPE/USDT:USDT 리스크 체크 통과
2026-07-30 23:46:57,017 [WARNING] [ENTRY BLOCK] PEPE/USDT:USDT — 최대 포지션 수 도달: 2/2
2026-07-30 23:47:00,594 [INFO] [SIG] RE/USDT:USDT SHORT 신호 포착 (강도 95%)
2026-07-30 23:47:00,594 [INFO] [SIGNAL] RE/USDT:USDT SHORT 신호 수신 (strength=95)
2026-07-30 23:47:01,052 [INFO] [RISK OK] RE/USDT:USDT 리스크 체크 통과
2026-07-30 23:47:01,333 [WARNING] [ENTRY BLOCK] RE/USDT:USDT — 최대 포지션 수 도달: 2/2
2026-07-30 23:47:02,412 [INFO] [SIG] FIL/USDT:USDT LONG 신호 포착 (강도 95%)
2026-07-30 23:47:02,412 [INFO] [SIGNAL] FIL/USDT:USDT LONG 신호 수신 (strength=95)
2026-07-30 23:47:02,814 [INFO] [RISK OK] FIL/USDT:USDT 리스크 체크 통과
2026-07-30 23:47:03,089 [WARNING] [ENTRY BLOCK] FIL/USDT:USDT — 최대 포지션 수 도달: 2/2
2026-07-30 23:47:03,390 [INFO] [SCAN] 완료: 18개 종목 · 신호 4개 · API 호출 18회 · 캐시 히트 0회
2026-07-30 23:47:08,761 [INFO] [SCAN] 블랙리스트 4개 제외: ['IP/USDT:USDT', 'NES/USDT:USDT', 'WLD/USDT:USDT', 'XAG/USDT:USDT', 'XAU/USDT:USDT', 'XAUT/USDT:USDT']
2026-07-30 23:47:08,761 [INFO] [SCAN] 스캔 시작: 30개 페어 (캐시 19개 보유)
2026-07-30 23:47:11,501 [INFO] [SIG] AEON/USDT:USDT SHORT 신호 포착 (강도 95%)
2026-07-30 23:47:11,502 [INFO] [SIGNAL] AEON/USDT:USDT SHORT 신호 수신 (strength=95)
2026-07-30 23:47:12,007 [INFO] [RISK OK] AEON/USDT:USDT 리스크 체크 통과
2026-07-30 23:47:12,440 [INFO] [ENTRY BLOCK] AEON/USDT:USDT — 이미 포지션 보유 또는 진입 주문 전송 중
2026-07-30 23:47:13,032 [INFO] [SIG] PEPE/USDT:USDT SHORT 신호 포착 (강도 90%)
2026-07-30 23:47:13,032 [INFO] [SIGNAL] PEPE/USDT:USDT SHORT 신호 수신 (strength=90)
2026-07-30 23:47:13,473 [INFO] [RISK OK] PEPE/USDT:USDT 리스크 체크 통과
2026-07-30 23:47:13,753 [WARNING] [ENTRY BLOCK] PEPE/USDT:USDT — 최대 포지션 수 도달: 2/2
2026-07-30 23:47:17,291 [INFO] [SIG] RE/USDT:USDT SHORT 신호 포착 (강도 95%)
2026-07-30 23:47:17,291 [INFO] [SIGNAL] RE/USDT:USDT SHORT 신호 수신 (strength=95)
2026-07-30 23:47:17,839 [INFO] [RISK OK] RE/USDT:USDT 리스크 체크 통과
2026-07-30 23:47:18,120 [WARNING] [ENTRY BLOCK] RE/USDT:USDT — 최대 포지션 수 도달: 2/2
2026-07-30 23:47:19,133 [INFO] [SIG] FIL/USDT:USDT LONG 신호 포착 (강도 95%)
2026-07-30 23:47:19,133 [INFO] [SIGNAL] FIL/USDT:USDT LONG 신호 수신 (strength=95)
2026-07-30 23:47:19,534 [INFO] [RISK OK] FIL/USDT:USDT 리스크 체크 통과
2026-07-30 23:47:19,816 [WARNING] [ENTRY BLOCK] FIL/USDT:USDT — 최대 포지션 수 도달: 2/2
2026-07-30 23:47:20,117 [INFO] [SCAN] 완료: 18개 종목 · 신호 4개 · API 호출 18회 · 캐시 히트 0회
2026-07-30 23:47:21,916 [INFO] [상태] 잔고:$110.52 | 포지션:2개 | 스캔:132회 | 스캐너:ON
2026-07-30 23:47:25,537 [INFO] [SCAN] 블랙리스트 4개 제외: ['IP/USDT:USDT', 'NES/USDT:USDT', 'WLD/USDT:USDT', 'XAG/USDT:USDT', 'XAU/USDT:USDT', 'XAUT/USDT:USDT']
2026-07-30 23:47:25,537 [INFO] [SCAN] 스캔 시작: 30개 페어 (캐시 19개 보유)
2026-07-30 23:47:28,276 [INFO] [SIG] AEON/USDT:USDT SHORT 신호 포착 (강도 95%)
2026-07-30 23:47:28,277 [INFO] [SIGNAL] AEON/USDT:USDT SHORT 신호 수신 (strength=95)
2026-07-30 23:47:28,671 [INFO] [RISK OK] AEON/USDT:USDT 리스크 체크 통과
2026-07-30 23:47:28,951 [INFO] [ENTRY BLOCK] AEON/USDT:USDT — 이미 포지션 보유 또는 진입 주문 전송 중
2026-07-30 23:47:29,540 [INFO] [SIG] PEPE/USDT:USDT SHORT 신호 포착 (강도 90%)
2026-07-30 23:47:29,540 [INFO] [SIGNAL] PEPE/USDT:USDT SHORT 신호 수신 (strength=90)
2026-07-30 23:47:30,049 [INFO] [RISK OK] PEPE/USDT:USDT 리스크 체크 통과
2026-07-30 23:47:30,431 [WARNING] [ENTRY BLOCK] PEPE/USDT:USDT — 최대 포지션 수 도달: 2/2
2026-07-30 23:47:34,890 [INFO] [SIG] FIL/USDT:USDT LONG 신호 포착 (강도 95%)
2026-07-30 23:47:34,890 [INFO] [SIGNAL] FIL/USDT:USDT LONG 신호 수신 (strength=95)
2026-07-30 23:47:35,402 [INFO] [RISK OK] FIL/USDT:USDT 리스크 체크 통과
2026-07-30 23:47:35,792 [WARNING] [ENTRY BLOCK] FIL/USDT:USDT — 최대 포지션 수 도달: 2/2
2026-07-30 23:47:36,093 [INFO] [SCAN] 완료: 18개 종목 · 신호 3개 · API 호출 18회 · 캐시 히트 0회
2026-07-30 23:47:43,382 [INFO] [SCAN] 블랙리스트 4개 제외: ['IP/USDT:USDT', 'NES/USDT:USDT', 'WLD/USDT:USDT', 'XAG/USDT:USDT', 'XAU/USDT:USDT', 'XAUT/USDT:USDT']
2026-07-30 23:47:43,382 [INFO] [SCAN] 스캔 시작: 30개 페어 (캐시 19개 보유)
2026-07-30 23:47:46,639 [INFO] [SIG] PEPE/USDT:USDT SHORT 신호 포착 (강도 90%)
2026-07-30 23:47:46,639 [INFO] [SIGNAL] PEPE/USDT:USDT SHORT 신호 수신 (strength=90)
2026-07-30 23:47:47,142 [INFO] [RISK OK] PEPE/USDT:USDT 리스크 체크 통과
2026-07-30 23:47:47,421 [WARNING] [ENTRY BLOCK] PEPE/USDT:USDT — 최대 포지션 수 도달: 2/2
2026-07-30 23:47:51,953 [INFO] [SIG] FIL/USDT:USDT LONG 신호 포착 (강도 95%)
2026-07-30 23:47:51,953 [INFO] [SIGNAL] FIL/USDT:USDT LONG 신호 수신 (strength=95)
2026-07-30 23:47:52,558 [INFO] [RISK OK] FIL/USDT:USDT 리스크 체크 통과
2026-07-30 23:47:52,885 [WARNING] [ENTRY BLOCK] FIL/USDT:USDT — 최대 포지션 수 도달: 2/2
2026-07-30 23:47:53,186 [INFO] [SCAN] 완료: 18개 종목 · 신호 2개 · API 호출 18회 · 캐시 히트 0회
2026-07-30 23:47:58,603 [INFO] [SCAN] 블랙리스트 4개 제외: ['IP/USDT:USDT', 'NES/USDT:USDT', 'WLD/USDT:USDT', 'XAG/USDT:USDT', 'XAU/USDT:USDT', 'XAUT/USDT:USDT']
2026-07-30 23:47:58,603 [INFO] [SCAN] 스캔 시작: 30개 페어 (캐시 19개 보유)
2026-07-30 23:48:01,360 [INFO] [SIG] AEON/USDT:USDT SHORT 신호 포착 (강도 95%)
2026-07-30 23:48:01,360 [INFO] [SIGNAL] AEON/USDT:USDT SHORT 신호 수신 (strength=95)
2026-07-30 23:48:01,798 [INFO] [RISK OK] AEON/USDT:USDT 리스크 체크 통과
2026-07-30 23:48:02,181 [INFO] [ENTRY BLOCK] AEON/USDT:USDT — 이미 포지션 보유 또는 진입 주문 전송 중
2026-07-30 23:48:02,764 [INFO] [SIG] PEPE/USDT:USDT SHORT 신호 포착 (강도 90%)
2026-07-30 23:48:02,764 [INFO] [SIGNAL] PEPE/USDT:USDT SHORT 신호 수신 (strength=90)
2026-07-30 23:48:03,303 [INFO] [RISK OK] PEPE/USDT:USDT 리스크 체크 통과
2026-07-30 23:48:03,584 [WARNING] [ENTRY BLOCK] PEPE/USDT:USDT — 최대 포지션 수 도달: 2/2
2026-07-30 23:48:08,065 [INFO] [SIG] FIL/USDT:USDT LONG 신호 포착 (강도 95%)
2026-07-30 23:48:08,066 [INFO] [SIGNAL] FIL/USDT:USDT LONG 신호 수신 (strength=95)
2026-07-30 23:48:08,462 [INFO] [RISK OK] FIL/USDT:USDT 리스크 체크 통과
2026-07-30 23:48:08,839 [WARNING] [ENTRY BLOCK] FIL/USDT:USDT — 최대 포지션 수 도달: 2/2
2026-07-30 23:48:09,140 [INFO] [SCAN] 완료: 18개 종목 · 신호 3개 · API 호출 18회 · 캐시 히트 0회
2026-07-30 23:48:14,549 [INFO] [SCAN] 블랙리스트 4개 제외: ['IP/USDT:USDT', 'NES/USDT:USDT', 'WLD/USDT:USDT', 'XAG/USDT:USDT', 'XAU/USDT:USDT', 'XAUT/USDT:USDT']
2026-07-30 23:48:14,550 [INFO] [SCAN] 스캔 시작: 30개 페어 (캐시 19개 보유)
2026-07-30 23:48:17,291 [INFO] [SIG] AEON/USDT:USDT SHORT 신호 포착 (강도 95%)
2026-07-30 23:48:17,291 [INFO] [SIGNAL] AEON/USDT:USDT SHORT 신호 수신 (strength=95)
2026-07-30 23:48:17,694 [INFO] [RISK OK] AEON/USDT:USDT 리스크 체크 통과
2026-07-30 23:48:17,979 [INFO] [ENTRY BLOCK] AEON/USDT:USDT — 이미 포지션 보유 또는 진입 주문 전송 중
2026-07-30 23:48:18,567 [INFO] [SIG] PEPE/USDT:USDT LONG 신호 포착 (강도 95%)
2026-07-30 23:48:18,567 [INFO] [SIGNAL] PEPE/USDT:USDT LONG 신호 수신 (strength=95)
2026-07-30 23:48:19,115 [INFO] [RISK OK] PEPE/USDT:USDT 리스크 체크 통과
2026-07-30 23:48:19,405 [WARNING] [ENTRY BLOCK] PEPE/USDT:USDT — 최대 포지션 수 도달: 2/2
2026-07-30 23:48:22,342 [INFO] [상태] 잔고:$110.47 | 포지션:2개 | 스캔:135회 | 스캐너:ON
2026-07-30 23:48:24,255 [INFO] [SIG] FIL/USDT:USDT LONG 신호 포착 (강도 95%)
2026-07-30 23:48:24,255 [INFO] [SIGNAL] FIL/USDT:USDT LONG 신호 수신 (strength=95)
2026-07-30 23:48:24,648 [INFO] [RISK OK] FIL/USDT:USDT 리스크 체크 통과
2026-07-30 23:48:24,930 [WARNING] [ENTRY BLOCK] FIL/USDT:USDT — 최대 포지션 수 도달: 2/2
2026-07-30 23:48:25,232 [INFO] [SCAN] 완료: 18개 종목 · 신호 3개 · API 호출 18회 · 캐시 히트 0회
2026-07-30 23:48:30,593 [INFO] [SCAN] 블랙리스트 4개 제외: ['IP/USDT:USDT', 'NES/USDT:USDT', 'WLD/USDT:USDT', 'XAG/USDT:USDT', 'XAU/USDT:USDT', 'XAUT/USDT:USDT']
2026-07-30 23:48:30,593 [INFO] [SCAN] 스캔 시작: 30개 페어 (캐시 19개 보유)
2026-07-30 23:48:32,045 [INFO] [SIG] XRP/USDT:USDT LONG 신호 포착 (강도 95%)
2026-07-30 23:48:32,046 [INFO] [SIGNAL] XRP/USDT:USDT LONG 신호 수신 (strength=95)
2026-07-30 23:48:32,439 [INFO] [RISK OK] XRP/USDT:USDT 리스크 체크 통과
2026-07-30 23:48:32,719 [WARNING] [ENTRY BLOCK] XRP/USDT:USDT — 최대 포지션 수 도달: 2/2
2026-07-30 23:48:34,273 [INFO] [SIG] AEON/USDT:USDT SHORT 신호 포착 (강도 95%)
2026-07-30 23:48:34,273 [INFO] [SIGNAL] AEON/USDT:USDT SHORT 신호 수신 (strength=95)
2026-07-30 23:48:34,776 [INFO] [RISK OK] AEON/USDT:USDT 리스크 체크 통과
2026-07-30 23:48:35,055 [INFO] [ENTRY BLOCK] AEON/USDT:USDT — 이미 포지션 보유 또는 진입 주문 전송 중
2026-07-30 23:48:35,643 [INFO] [SIG] PEPE/USDT:USDT LONG 신호 포착 (강도 95%)
2026-07-30 23:48:35,643 [INFO] [SIGNAL] PEPE/USDT:USDT LONG 신호 수신 (strength=95)
2026-07-30 23:48:36,187 [INFO] [RISK OK] PEPE/USDT:USDT 리스크 체크 통과
2026-07-30 23:48:36,465 [WARNING] [ENTRY BLOCK] PEPE/USDT:USDT — 최대 포지션 수 도달: 2/2
2026-07-30 23:48:40,865 [INFO] [SIG] FIL/USDT:USDT LONG 신호 포착 (강도 95%)
2026-07-30 23:48:40,865 [INFO] [SIGNAL] FIL/USDT:USDT LONG 신호 수신 (strength=95)
2026-07-30 23:48:41,307 [INFO] [RISK OK] FIL/USDT:USDT 리스크 체크 통과
2026-07-30 23:48:41,588 [WARNING] [ENTRY BLOCK] FIL/USDT:USDT — 최대 포지션 수 도달: 2/2
2026-07-30 23:48:41,888 [INFO] [SCAN] 완료: 18개 종목 · 신호 4개 · API 호출 18회 · 캐시 히트 0회
2026-07-30 23:48:49,052 [INFO] [SCAN] 블랙리스트 4개 제외: ['IP/USDT:USDT', 'NES/USDT:USDT', 'WLD/USDT:USDT', 'XAG/USDT:USDT', 'XAU/USDT:USDT', 'XAUT/USDT:USDT']
2026-07-30 23:48:49,052 [INFO] [SCAN] 스캔 시작: 30개 페어 (캐시 19개 보유)
2026-07-30 23:48:51,878 [INFO] [SIG] AEON/USDT:USDT SHORT 신호 포착 (강도 95%)
2026-07-30 23:48:51,879 [INFO] [SIGNAL] AEON/USDT:USDT SHORT 신호 수신 (strength=95)
2026-07-30 23:48:52,273 [INFO] [RISK OK] AEON/USDT:USDT 리스크 체크 통과
2026-07-30 23:48:52,658 [INFO] [ENTRY BLOCK] AEON/USDT:USDT — 이미 포지션 보유 또는 진입 주문 전송 중
2026-07-30 23:48:53,242 [INFO] [SIG] PEPE/USDT:USDT LONG 신호 포착 (강도 95%)
2026-07-30 23:48:53,242 [INFO] [SIGNAL] PEPE/USDT:USDT LONG 신호 수신 (strength=95)
2026-07-30 23:48:53,635 [INFO] [RISK OK] PEPE/USDT:USDT 리스크 체크 통과
2026-07-30 23:48:54,019 [WARNING] [ENTRY BLOCK] PEPE/USDT:USDT — 최대 포지션 수 도달: 2/2
2026-07-30 23:48:58,481 [INFO] [SIG] FIL/USDT:USDT LONG 신호 포착 (강도 95%)
2026-07-30 23:48:58,481 [INFO] [SIGNAL] FIL/USDT:USDT LONG 신호 수신 (strength=95)
2026-07-30 23:48:58,918 [INFO] [RISK OK] FIL/USDT:USDT 리스크 체크 통과
2026-07-30 23:48:59,337 [WARNING] [ENTRY BLOCK] FIL/USDT:USDT — 최대 포지션 수 도달: 2/2
2026-07-30 23:48:59,638 [INFO] [SCAN] 완료: 18개 종목 · 신호 3개 · API 호출 18회 · 캐시 히트 0회
2026-07-30 23:49:05,015 [INFO] [SCAN] 블랙리스트 4개 제외: ['IP/USDT:USDT', 'NES/USDT:USDT', 'WLD/USDT:USDT', 'XAG/USDT:USDT', 'XAU/USDT:USDT', 'XAUT/USDT:USDT']
2026-07-30 23:49:05,015 [INFO] [SCAN] 스캔 시작: 30개 페어 (캐시 19개 보유)
2026-07-30 23:49:07,721 [INFO] [SIG] AEON/USDT:USDT SHORT 신호 포착 (강도 95%)
2026-07-30 23:49:07,722 [INFO] [SIGNAL] AEON/USDT:USDT SHORT 신호 수신 (strength=95)
2026-07-30 23:49:08,218 [INFO] [RISK OK] AEON/USDT:USDT 리스크 체크 통과
2026-07-30 23:49:08,500 [INFO] [ENTRY BLOCK] AEON/USDT:USDT — 이미 포지션 보유 또는 진입 주문 전송 중
2026-07-30 23:49:09,085 [INFO] [SIG] PEPE/USDT:USDT SHORT 신호 포착 (강도 90%)
2026-07-30 23:49:09,085 [INFO] [SIGNAL] PEPE/USDT:USDT SHORT 신호 수신 (strength=90)
2026-07-30 23:49:09,590 [INFO] [RISK OK] PEPE/USDT:USDT 리스크 체크 통과
2026-07-30 23:49:09,979 [WARNING] [ENTRY BLOCK] PEPE/USDT:USDT — 최대 포지션 수 도달: 2/2
2026-07-30 23:49:14,384 [INFO] [SIG] FIL/USDT:USDT LONG 신호 포착 (강도 95%)
2026-07-30 23:49:14,384 [INFO] [SIGNAL] FIL/USDT:USDT LONG 신호 수신 (strength=95)
2026-07-30 23:49:14,893 [INFO] [RISK OK] FIL/USDT:USDT 리스크 체크 통과
2026-07-30 23:49:15,177 [WARNING] [ENTRY BLOCK] FIL/USDT:USDT — 최대 포지션 수 도달: 2/2
2026-07-30 23:49:15,479 [INFO] [SCAN] 완료: 18개 종목 · 신호 3개 · API 호출 18회 · 캐시 히트 0회
2026-07-30 23:49:20,863 [INFO] [SCAN] 블랙리스트 4개 제외: ['IP/USDT:USDT', 'NES/USDT:USDT', 'WLD/USDT:USDT', 'XAG/USDT:USDT', 'XAU/USDT:USDT', 'XAUT/USDT:USDT']
2026-07-30 23:49:20,863 [INFO] [SCAN] 스캔 시작: 30개 페어 (캐시 19개 보유)
2026-07-30 23:49:22,874 [INFO] [상태] 잔고:$110.51 | 포지션:2개 | 스캔:139회 | 스캐너:ON
2026-07-30 23:49:23,882 [INFO] [SIG] AEON/USDT:USDT SHORT 신호 포착 (강도 95%)
2026-07-30 23:49:23,882 [INFO] [SIGNAL] AEON/USDT:USDT SHORT 신호 수신 (strength=95)
2026-07-30 23:49:24,278 [INFO] [RISK OK] AEON/USDT:USDT 리스크 체크 통과
2026-07-30 23:49:24,559 [INFO] [ENTRY BLOCK] AEON/USDT:USDT — 이미 포지션 보유 또는 진입 주문 전송 중
2026-07-30 23:49:25,149 [INFO] [SIG] PEPE/USDT:USDT SHORT 신호 포착 (강도 90%)
2026-07-30 23:49:25,150 [INFO] [SIGNAL] PEPE/USDT:USDT SHORT 신호 수신 (strength=90)
2026-07-30 23:49:25,544 [INFO] [RISK OK] PEPE/USDT:USDT 리스크 체크 통과
2026-07-30 23:49:25,826 [WARNING] [ENTRY BLOCK] PEPE/USDT:USDT — 최대 포지션 수 도달: 2/2
2026-07-30 23:49:30,227 [INFO] [SIG] FIL/USDT:USDT LONG 신호 포착 (강도 95%)
2026-07-30 23:49:30,227 [INFO] [SIGNAL] FIL/USDT:USDT LONG 신호 수신 (strength=95)
2026-07-30 23:49:30,732 [INFO] [RISK OK] FIL/USDT:USDT 리스크 체크 통과
2026-07-30 23:49:31,013 [WARNING] [ENTRY BLOCK] FIL/USDT:USDT — 최대 포지션 수 도달: 2/2
2026-07-30 23:49:31,314 [INFO] [SCAN] 완료: 18개 종목 · 신호 3개 · API 호출 18회 · 캐시 히트 0회
2026-07-30 23:49:36,691 [INFO] [SCAN] 블랙리스트 4개 제외: ['IP/USDT:USDT', 'NES/USDT:USDT', 'WLD/USDT:USDT', 'XAG/USDT:USDT', 'XAU/USDT:USDT', 'XAUT/USDT:USDT']
2026-07-30 23:49:36,691 [INFO] [SCAN] 스캔 시작: 30개 페어 (캐시 19개 보유)
2026-07-30 23:49:39,429 [INFO] [SIG] AEON/USDT:USDT SHORT 신호 포착 (강도 95%)
2026-07-30 23:49:39,429 [INFO] [SIGNAL] AEON/USDT:USDT SHORT 신호 수신 (strength=95)
2026-07-30 23:49:39,990 [INFO] [RISK OK] AEON/USDT:USDT 리스크 체크 통과
2026-07-30 23:49:40,271 [INFO] [ENTRY BLOCK] AEON/USDT:USDT — 이미 포지션 보유 또는 진입 주문 전송 중
2026-07-30 23:49:40,854 [INFO] [SIG] PEPE/USDT:USDT SHORT 신호 포착 (강도 90%)
2026-07-30 23:49:40,854 [INFO] [SIGNAL] PEPE/USDT:USDT SHORT 신호 수신 (strength=90)
2026-07-30 23:49:41,397 [INFO] [RISK OK] PEPE/USDT:USDT 리스크 체크 통과
2026-07-30 23:49:41,674 [WARNING] [ENTRY BLOCK] PEPE/USDT:USDT — 최대 포지션 수 도달: 2/2
2026-07-30 23:49:46,062 [INFO] [SIG] FIL/USDT:USDT LONG 신호 포착 (강도 95%)
2026-07-30 23:49:46,062 [INFO] [SIGNAL] FIL/USDT:USDT LONG 신호 수신 (strength=95)
2026-07-30 23:49:46,497 [INFO] [RISK OK] FIL/USDT:USDT 리스크 체크 통과
2026-07-30 23:49:46,883 [INFO] [ENTRY OK] FIL/USDT:USDT 포지션 체크 통과 (현재 1/2)
2026-07-30 23:49:46,883 [INFO] [MARGIN] 고정 모드: $1.00
2026-07-30 23:49:46,883 [INFO] [MARGIN DECISION] symbol=FIL/USDT:USDT source=fixed margin=1.00 auto_compound=False compound_pct=18.00 fixed_margin=1.00
2026-07-30 23:49:47,166 [INFO] [M4 SIZING] FIL/USDT:USDT 잔고=$110.57, 리스크=1.00%, SL거리=0.50% → 증거금=$33.17 (Notional: $165.85)
2026-07-30 23:49:47,166 [INFO] [5분봉 스캘핑 코파일럿 (ATR 하이브리드) SL/TP] FIL/USDT:USDT 시그널 내장 가격 기반: SL=0.6927(0.503%) TP=0.7009(0.675%)
2026-07-30 23:49:47,166 [INFO] [FINAL ENTRY] FIL/USDT:USDT BUY 주문 실행 예정: margin=$33.17 SL=0.50% TP=0.68%
2026-07-30 23:49:47,166 [INFO] [ORDER PLACE] FIL/USDT:USDT place_order 호출 중...
2026-07-30 23:49:47,454 [INFO] 레버리지 설정 완료: FIL/USDT:USDT 5x (long)
2026-07-30 23:49:47,795 [INFO] [ORDER] FIL/USDT:USDT long 진입 + TP(0.7009) / SL(0.6927) 원자 등록 완료
2026-07-30 23:49:48,867 [INFO] [ORDER RESULT] FIL/USDT:USDT 주문 결과: {'order_id': '3788986185736724480', 'symbol': 'FIL/USDT:USDT', 'side': 'long', 'entry_price': 0.6962, 'amount': 2382.0, 'sl_price': '0.6927', 'tp_price': '0.7009', 'usdt_margin': 33.17}
2026-07-30 23:49:48,867 [INFO] [ATR TRAIL] FIL/USDT:USDT ATR기반 저장: atr_pct=0.27% → activation=1.00% callback=0.80%
2026-07-30 23:49:48,868 [INFO] [PERSIST] 활성 포지션 상태 저장 완료
2026-07-30 23:49:48,868 [INFO] [PERSIST] 엔진 상태(트레일링 픽, 이전 포지션 심볼, recently_entered) 저장 완료
2026-07-30 23:49:48,869 [INFO] [ORDER] FIL/USDT:USDT LONG 실행 완료 (신호=LONG)
2026-07-30 23:49:49,171 [INFO] [SCAN] 완료: 18개 종목 · 신호 3개 · API 호출 18회 · 캐시 히트 0회
2026-07-30 23:49:49,340 [INFO] [PERSIST] AEON/USDT:USDT 포지션이 거래소에 존재하지 않음 (오프라인 청산 감지) → 상태 삭제
2026-07-30 23:49:49,341 [INFO] [PERSIST] 활성 포지션 상태 저장 완료
2026-07-30 23:49:56,151 [INFO] [SCAN] 블랙리스트 4개 제외: ['IP/USDT:USDT', 'NES/USDT:USDT', 'WLD/USDT:USDT', 'XAG/USDT:USDT', 'XAU/USDT:USDT', 'XAUT/USDT:USDT']
2026-07-30 23:49:56,152 [INFO] [SCAN] 스캔 시작: 30개 페어 (캐시 19개 보유)
2026-07-30 23:49:58,858 [INFO] [SIG] AEON/USDT:USDT SHORT 신호 포착 (강도 95%)
2026-07-30 23:49:58,858 [INFO] [SIGNAL] AEON/USDT:USDT SHORT 신호 수신 (strength=95)
2026-07-30 23:49:59,253 [INFO] [RISK OK] AEON/USDT:USDT 리스크 체크 통과
2026-07-30 23:49:59,642 [INFO] [SYNC] FIL/USDT:USDT 포지션 거래소 반영 확인 → recently_entered 락 해제
2026-07-30 23:49:59,646 [INFO] [PERSIST] 엔진 상태(트레일링 픽, 이전 포지션 심볼, recently_entered) 저장 완료
2026-07-30 23:49:59,646 [WARNING] [ENTRY BLOCK] AEON/USDT:USDT — 최대 포지션 수 도달: 2/2
2026-07-30 23:50:00,237 [INFO] [SIG] PEPE/USDT:USDT SHORT 신호 포착 (강도 90%)
2026-07-30 23:50:00,238 [INFO] [SIGNAL] PEPE/USDT:USDT SHORT 신호 수신 (strength=90)
2026-07-30 23:50:00,740 [INFO] [RISK OK] PEPE/USDT:USDT 리스크 체크 통과
2026-07-30 23:50:01,017 [WARNING] [ENTRY BLOCK] PEPE/USDT:USDT — 최대 포지션 수 도달: 2/2
2026-07-30 23:50:03,283 [INFO] [SIG] BNB/USDT:USDT LONG 신호 포착 (강도 95%)
2026-07-30 23:50:03,283 [INFO] [SIGNAL] BNB/USDT:USDT LONG 신호 수신 (strength=95)
2026-07-30 23:50:03,712 [INFO] [RISK OK] BNB/USDT:USDT 리스크 체크 통과
2026-07-30 23:50:03,993 [WARNING] [ENTRY BLOCK] BNB/USDT:USDT — 최대 포지션 수 도달: 2/2
2026-07-30 23:50:04,579 [INFO] [SIG] ADA/USDT:USDT SHORT 신호 포착 (강도 90%)
2026-07-30 23:50:04,579 [INFO] [SIGNAL] ADA/USDT:USDT SHORT 신호 수신 (strength=90)
2026-07-30 23:50:05,083 [INFO] [RISK OK] ADA/USDT:USDT 리스크 체크 통과
2026-07-30 23:50:05,364 [WARNING] [ENTRY BLOCK] ADA/USDT:USDT — 최대 포지션 수 도달: 2/2
2026-07-30 23:50:07,300 [INFO] [SIG] FIL/USDT:USDT LONG 신호 포착 (강도 95%)
2026-07-30 23:50:07,301 [INFO] [SIGNAL] FIL/USDT:USDT LONG 신호 수신 (strength=95)
2026-07-30 23:50:07,929 [INFO] [RISK OK] FIL/USDT:USDT 리스크 체크 통과
2026-07-30 23:50:08,206 [INFO] [ENTRY BLOCK] FIL/USDT:USDT — 이미 포지션 보유 또는 진입 주문 전송 중
2026-07-30 23:50:08,507 [INFO] [SCAN] 완료: 18개 종목 · 신호 5개 · API 호출 18회 · 캐시 히트 0회
2026-07-30 23:50:13,881 [INFO] [SCAN] 블랙리스트 4개 제외: ['IP/USDT:USDT', 'NES/USDT:USDT', 'WLD/USDT:USDT', 'XAG/USDT:USDT', 'XAU/USDT:USDT', 'XAUT/USDT:USDT']
2026-07-30 23:50:13,881 [INFO] [SCAN] 스캔 시작: 30개 페어 (캐시 19개 보유)
2026-07-30 23:50:14,937 [INFO] [SIG] SOL/USDT:USDT LONG 신호 포착 (강도 95%)
2026-07-30 23:50:14,937 [INFO] [SIGNAL] SOL/USDT:USDT LONG 신호 수신 (strength=95)
2026-07-30 23:50:15,448 [INFO] [RISK OK] SOL/USDT:USDT 리스크 체크 통과
2026-07-30 23:50:15,726 [INFO] [ENTRY BLOCK] SOL/USDT:USDT — 이미 포지션 보유 또는 진입 주문 전송 중
2026-07-30 23:50:17,578 [INFO] [SIG] AEON/USDT:USDT SHORT 신호 포착 (강도 95%)
2026-07-30 23:50:17,578 [INFO] [SIGNAL] AEON/USDT:USDT SHORT 신호 수신 (strength=95)
2026-07-30 23:50:17,979 [INFO] [RISK OK] AEON/USDT:USDT 리스크 체크 통과
2026-07-30 23:50:18,298 [WARNING] [ENTRY BLOCK] AEON/USDT:USDT — 최대 포지션 수 도달: 2/2
2026-07-30 23:50:21,122 [INFO] [SIG] BNB/USDT:USDT LONG 신호 포착 (강도 95%)
2026-07-30 23:50:21,122 [INFO] [SIGNAL] BNB/USDT:USDT LONG 신호 수신 (strength=95)
2026-07-30 23:50:21,664 [INFO] [RISK OK] BNB/USDT:USDT 리스크 체크 통과
2026-07-30 23:50:21,943 [WARNING] [ENTRY BLOCK] BNB/USDT:USDT — 최대 포지션 수 도달: 2/2
2026-07-30 23:50:23,344 [INFO] [상태] 잔고:$110.48 | 포지션:2개 | 스캔:142회 | 스캐너:ON
2026-07-30 23:50:24,421 [INFO] [SIG] FIL/USDT:USDT LONG 신호 포착 (강도 95%)
2026-07-30 23:50:24,421 [INFO] [SIGNAL] FIL/USDT:USDT LONG 신호 수신 (strength=95)
2026-07-30 23:50:24,815 [INFO] [RISK OK] FIL/USDT:USDT 리스크 체크 통과
2026-07-30 23:50:25,201 [INFO] [ENTRY BLOCK] FIL/USDT:USDT — 이미 포지션 보유 또는 진입 주문 전송 중
2026-07-30 23:50:25,502 [INFO] [SCAN] 완료: 18개 종목 · 신호 4개 · API 호출 18회 · 캐시 히트 0회
2026-07-30 23:50:30,871 [INFO] [SCAN] 블랙리스트 4개 제외: ['IP/USDT:USDT', 'NES/USDT:USDT', 'WLD/USDT:USDT', 'XAG/USDT:USDT', 'XAU/USDT:USDT', 'XAUT/USDT:USDT']
2026-07-30 23:50:30,871 [INFO] [SCAN] 스캔 시작: 30개 페어 (캐시 19개 보유)
2026-07-30 23:50:31,887 [INFO] [SIG] SOL/USDT:USDT LONG 신호 포착 (강도 95%)
2026-07-30 23:50:31,887 [INFO] [SIGNAL] SOL/USDT:USDT LONG 신호 수신 (strength=95)
2026-07-30 23:50:32,284 [INFO] [RISK OK] SOL/USDT:USDT 리스크 체크 통과
2026-07-30 23:50:32,569 [INFO] [ENTRY BLOCK] SOL/USDT:USDT — 이미 포지션 보유 또는 진입 주문 전송 중
2026-07-30 23:50:34,527 [INFO] [SIG] AEON/USDT:USDT SHORT 신호 포착 (강도 95%)
2026-07-30 23:50:34,527 [INFO] [SIGNAL] AEON/USDT:USDT SHORT 신호 수신 (strength=95)
2026-07-30 23:50:35,036 [INFO] [RISK OK] AEON/USDT:USDT 리스크 체크 통과
2026-07-30 23:50:35,314 [WARNING] [ENTRY BLOCK] AEON/USDT:USDT — 최대 포지션 수 도달: 2/2
2026-07-30 23:50:38,033 [INFO] [SIG] BNB/USDT:USDT LONG 신호 포착 (강도 95%)
2026-07-30 23:50:38,033 [INFO] [SIGNAL] BNB/USDT:USDT LONG 신호 수신 (strength=95)
2026-07-30 23:50:38,433 [INFO] [RISK OK] BNB/USDT:USDT 리스크 체크 통과
2026-07-30 23:50:38,821 [WARNING] [ENTRY BLOCK] BNB/USDT:USDT — 최대 포지션 수 도달: 2/2
2026-07-30 23:50:41,091 [INFO] [SIG] FIL/USDT:USDT LONG 신호 포착 (강도 95%)
2026-07-30 23:50:41,091 [INFO] [SIGNAL] FIL/USDT:USDT LONG 신호 수신 (strength=95)
2026-07-30 23:50:41,527 [INFO] [RISK OK] FIL/USDT:USDT 리스크 체크 통과
2026-07-30 23:50:41,915 [INFO] [ENTRY BLOCK] FIL/USDT:USDT — 이미 포지션 보유 또는 진입 주문 전송 중
2026-07-30 23:50:42,216 [INFO] [SCAN] 완료: 18개 종목 · 신호 4개 · API 호출 18회 · 캐시 히트 0회
2026-07-30 23:50:47,582 [INFO] [SCAN] 블랙리스트 4개 제외: ['IP/USDT:USDT', 'NES/USDT:USDT', 'WLD/USDT:USDT', 'XAG/USDT:USDT', 'XAU/USDT:USDT', 'XAUT/USDT:USDT']
2026-07-30 23:50:47,582 [INFO] [SCAN] 스캔 시작: 30개 페어 (캐시 19개 보유)
2026-07-30 23:50:48,651 [INFO] [SIG] SOL/USDT:USDT LONG 신호 포착 (강도 95%)
2026-07-30 23:50:48,651 [INFO] [SIGNAL] SOL/USDT:USDT LONG 신호 수신 (strength=95)
2026-07-30 23:50:49,155 [INFO] [RISK OK] SOL/USDT:USDT 리스크 체크 통과
2026-07-30 23:50:49,442 [INFO] [ENTRY BLOCK] SOL/USDT:USDT — 이미 포지션 보유 또는 진입 주문 전송 중
2026-07-30 23:50:51,299 [INFO] [SIG] AEON/USDT:USDT SHORT 신호 포착 (강도 95%)
2026-07-30 23:50:51,299 [INFO] [SIGNAL] AEON/USDT:USDT SHORT 신호 수신 (strength=95)
2026-07-30 23:50:51,854 [INFO] [RISK OK] AEON/USDT:USDT 리스크 체크 통과
2026-07-30 23:50:52,137 [WARNING] [ENTRY BLOCK] AEON/USDT:USDT — 최대 포지션 수 도달: 2/2
2026-07-30 23:50:54,003 [INFO] [SIG] SUI/USDT:USDT LONG 신호 포착 (강도 95%)
2026-07-30 23:50:54,003 [INFO] [SIGNAL] SUI/USDT:USDT LONG 신호 수신 (strength=95)
2026-07-30 23:50:54,516 [INFO] [RISK OK] SUI/USDT:USDT 리스크 체크 통과
2026-07-30 23:50:54,795 [WARNING] [ENTRY BLOCK] SUI/USDT:USDT — 최대 포지션 수 도달: 2/2
2026-07-30 23:50:55,813 [INFO] [SIG] BNB/USDT:USDT LONG 신호 포착 (강도 95%)
2026-07-30 23:50:55,813 [INFO] [SIGNAL] BNB/USDT:USDT LONG 신호 수신 (strength=95)
2026-07-30 23:50:56,209 [INFO] [RISK OK] BNB/USDT:USDT 리스크 체크 통과
2026-07-30 23:50:56,596 [WARNING] [ENTRY BLOCK] BNB/USDT:USDT — 최대 포지션 수 도달: 2/2
2026-07-30 23:50:58,461 [INFO] [SIG] TRX/USDT:USDT LONG 신호 포착 (강도 95%)
2026-07-30 23:50:58,462 [INFO] [SIGNAL] TRX/USDT:USDT LONG 신호 수신 (strength=95)
2026-07-30 23:50:58,857 [INFO] [RISK OK] TRX/USDT:USDT 리스크 체크 통과
2026-07-30 23:50:59,141 [WARNING] [ENTRY BLOCK] TRX/USDT:USDT — 최대 포지션 수 도달: 2/2
2026-07-30 23:50:59,795 [INFO] [SIG] FIL/USDT:USDT LONG 신호 포착 (강도 95%)
2026-07-30 23:50:59,796 [INFO] [SIGNAL] FIL/USDT:USDT LONG 신호 수신 (strength=95)
2026-07-30 23:51:00,301 [INFO] [RISK OK] FIL/USDT:USDT 리스크 체크 통과
2026-07-30 23:51:00,580 [INFO] [ENTRY BLOCK] FIL/USDT:USDT — 이미 포지션 보유 또는 진입 주문 전송 중
2026-07-30 23:51:00,882 [INFO] [SCAN] 완료: 18개 종목 · 신호 6개 · API 호출 18회 · 캐시 히트 0회
2026-07-30 23:51:08,110 [INFO] [SCAN] 블랙리스트 4개 제외: ['IP/USDT:USDT', 'NES/USDT:USDT', 'WLD/USDT:USDT', 'XAG/USDT:USDT', 'XAU/USDT:USDT', 'XAUT/USDT:USDT']
2026-07-30 23:51:08,110 [INFO] [SCAN] 스캔 시작: 30개 페어 (캐시 19개 보유)
2026-07-30 23:51:09,149 [INFO] [SIG] SOL/USDT:USDT LONG 신호 포착 (강도 95%)
2026-07-30 23:51:09,149 [INFO] [SIGNAL] SOL/USDT:USDT LONG 신호 수신 (strength=95)
2026-07-30 23:51:09,665 [INFO] [RISK OK] SOL/USDT:USDT 리스크 체크 통과
2026-07-30 23:51:09,950 [INFO] [ENTRY BLOCK] SOL/USDT:USDT — 이미 포지션 보유 또는 진입 주문 전송 중
2026-07-30 23:51:11,792 [INFO] [SIG] AEON/USDT:USDT SHORT 신호 포착 (강도 95%)
2026-07-30 23:51:11,792 [INFO] [SIGNAL] AEON/USDT:USDT SHORT 신호 수신 (strength=95)
2026-07-30 23:51:12,289 [INFO] [RISK OK] AEON/USDT:USDT 리스크 체크 통과
2026-07-30 23:51:12,566 [WARNING] [ENTRY BLOCK] AEON/USDT:USDT — 최대 포지션 수 도달: 2/2
2026-07-30 23:51:15,318 [INFO] [SIG] BNB/USDT:USDT LONG 신호 포착 (강도 95%)
2026-07-30 23:51:15,318 [INFO] [SIGNAL] BNB/USDT:USDT LONG 신호 수신 (strength=95)
2026-07-30 23:51:15,819 [INFO] [RISK OK] BNB/USDT:USDT 리스크 체크 통과
2026-07-30 23:51:16,148 [WARNING] [ENTRY BLOCK] BNB/USDT:USDT — 최대 포지션 수 도달: 2/2
2026-07-30 23:51:18,045 [INFO] [SIG] TRX/USDT:USDT LONG 신호 포착 (강도 95%)
2026-07-30 23:51:18,045 [INFO] [SIGNAL] TRX/USDT:USDT LONG 신호 수신 (strength=95)
2026-07-30 23:51:18,484 [INFO] [RISK OK] TRX/USDT:USDT 리스크 체크 통과
2026-07-30 23:51:18,763 [WARNING] [ENTRY BLOCK] TRX/USDT:USDT — 최대 포지션 수 도달: 2/2
2026-07-30 23:51:19,346 [INFO] [SIG] FIL/USDT:USDT LONG 신호 포착 (강도 95%)
2026-07-30 23:51:19,346 [INFO] [SIGNAL] FIL/USDT:USDT LONG 신호 수신 (strength=95)
2026-07-30 23:51:19,740 [INFO] [RISK OK] FIL/USDT:USDT 리스크 체크 통과
2026-07-30 23:51:20,018 [INFO] [ENTRY BLOCK] FIL/USDT:USDT — 이미 포지션 보유 또는 진입 주문 전송 중
2026-07-30 23:51:20,318 [INFO] [SCAN] 완료: 18개 종목 · 신호 5개 · API 호출 18회 · 캐시 히트 0회
2026-07-30 23:51:23,939 [INFO] [상태] 잔고:$110.16 | 포지션:2개 | 스캔:146회 | 스캐너:ON
2026-07-30 23:51:25,719 [INFO] [SCAN] 블랙리스트 4개 제외: ['IP/USDT:USDT', 'NES/USDT:USDT', 'WLD/USDT:USDT', 'XAG/USDT:USDT', 'XAU/USDT:USDT', 'XAUT/USDT:USDT']
2026-07-30 23:51:25,719 [INFO] [SCAN] 스캔 시작: 30개 페어 (캐시 19개 보유)
2026-07-30 23:51:26,748 [INFO] [SIG] SOL/USDT:USDT LONG 신호 포착 (강도 95%)
2026-07-30 23:51:26,749 [INFO] [SIGNAL] SOL/USDT:USDT LONG 신호 수신 (strength=95)
2026-07-30 23:51:27,146 [INFO] [RISK OK] SOL/USDT:USDT 리스크 체크 통과
2026-07-30 23:51:27,429 [INFO] [ENTRY BLOCK] SOL/USDT:USDT — 이미 포지션 보유 또는 진입 주문 전송 중
2026-07-30 23:51:28,022 [INFO] [SIG] XRP/USDT:USDT LONG 신호 포착 (강도 95%)
2026-07-30 23:51:28,022 [INFO] [SIGNAL] XRP/USDT:USDT LONG 신호 수신 (strength=95)
2026-07-30 23:51:28,426 [INFO] [RISK OK] XRP/USDT:USDT 리스크 체크 통과
2026-07-30 23:51:28,808 [WARNING] [ENTRY BLOCK] XRP/USDT:USDT — 최대 포지션 수 도달: 2/2
2026-07-30 23:51:30,341 [INFO] [SIG] AEON/USDT:USDT SHORT 신호 포착 (강도 95%)
2026-07-30 23:51:30,341 [INFO] [SIGNAL] AEON/USDT:USDT SHORT 신호 수신 (strength=95)
2026-07-30 23:51:30,747 [INFO] [RISK OK] AEON/USDT:USDT 리스크 체크 통과
2026-07-30 23:51:31,029 [WARNING] [ENTRY BLOCK] AEON/USDT:USDT — 최대 포지션 수 도달: 2/2
2026-07-30 23:51:31,611 [INFO] [SIG] PEPE/USDT:USDT LONG 신호 포착 (강도 95%)
2026-07-30 23:51:31,611 [INFO] [SIGNAL] PEPE/USDT:USDT LONG 신호 수신 (strength=95)
2026-07-30 23:51:32,124 [INFO] [RISK OK] PEPE/USDT:USDT 리스크 체크 통과
2026-07-30 23:51:32,451 [WARNING] [ENTRY BLOCK] PEPE/USDT:USDT — 최대 포지션 수 도달: 2/2
2026-07-30 23:51:34,726 [INFO] [SIG] BNB/USDT:USDT LONG 신호 포착 (강도 95%)
2026-07-30 23:51:34,726 [INFO] [SIGNAL] BNB/USDT:USDT LONG 신호 수신 (strength=95)
2026-07-30 23:51:35,342 [INFO] [RISK OK] BNB/USDT:USDT 리스크 체크 통과
2026-07-30 23:51:35,621 [WARNING] [ENTRY BLOCK] BNB/USDT:USDT — 최대 포지션 수 도달: 2/2
2026-07-30 23:51:37,527 [INFO] [SIG] TRX/USDT:USDT LONG 신호 포착 (강도 95%)
2026-07-30 23:51:37,527 [INFO] [SIGNAL] TRX/USDT:USDT LONG 신호 수신 (strength=95)
2026-07-30 23:51:37,932 [INFO] [RISK OK] TRX/USDT:USDT 리스크 체크 통과
2026-07-30 23:51:38,213 [WARNING] [ENTRY BLOCK] TRX/USDT:USDT — 최대 포지션 수 도달: 2/2
2026-07-30 23:51:38,815 [INFO] [SIG] FIL/USDT:USDT LONG 신호 포착 (강도 95%)
2026-07-30 23:51:38,815 [INFO] [SIGNAL] FIL/USDT:USDT LONG 신호 수신 (strength=95)
2026-07-30 23:51:39,356 [INFO] [RISK OK] FIL/USDT:USDT 리스크 체크 통과
2026-07-30 23:51:39,636 [INFO] [ENTRY BLOCK] FIL/USDT:USDT — 이미 포지션 보유 또는 진입 주문 전송 중
2026-07-30 23:51:39,937 [INFO] [SCAN] 완료: 18개 종목 · 신호 7개 · API 호출 18회 · 캐시 히트 0회
2026-07-30 23:51:45,307 [INFO] [SCAN] 블랙리스트 4개 제외: ['IP/USDT:USDT', 'NES/USDT:USDT', 'WLD/USDT:USDT', 'XAG/USDT:USDT', 'XAU/USDT:USDT', 'XAUT/USDT:USDT']
2026-07-30 23:51:45,308 [INFO] [SCAN] 스캔 시작: 30개 페어 (캐시 19개 보유)
2026-07-30 23:51:46,389 [INFO] [SIG] SOL/USDT:USDT LONG 신호 포착 (강도 95%)
2026-07-30 23:51:46,389 [INFO] [SIGNAL] SOL/USDT:USDT LONG 신호 수신 (strength=95)
2026-07-30 23:51:47,002 [INFO] [RISK OK] SOL/USDT:USDT 리스크 체크 통과
2026-07-30 23:51:47,280 [INFO] [ENTRY BLOCK] SOL/USDT:USDT — 이미 포지션 보유 또는 진입 주문 전송 중
2026-07-30 23:51:47,870 [INFO] [SIG] XRP/USDT:USDT LONG 신호 포착 (강도 95%)
2026-07-30 23:51:47,870 [INFO] [SIGNAL] XRP/USDT:USDT LONG 신호 수신 (strength=95)
2026-07-30 23:51:48,266 [INFO] [RISK OK] XRP/USDT:USDT 리스크 체크 통과
2026-07-30 23:51:48,548 [WARNING] [ENTRY BLOCK] XRP/USDT:USDT — 최대 포지션 수 도달: 2/2
2026-07-30 23:51:49,979 [INFO] [SIG] AEON/USDT:USDT SHORT 신호 포착 (강도 95%)
2026-07-30 23:51:49,980 [INFO] [SIGNAL] AEON/USDT:USDT SHORT 신호 수신 (strength=95)
2026-07-30 23:51:50,480 [INFO] [RISK OK] AEON/USDT:USDT 리스크 체크 통과
2026-07-30 23:51:50,870 [WARNING] [ENTRY BLOCK] AEON/USDT:USDT — 최대 포지션 수 도달: 2/2
2026-07-30 23:51:53,569 [INFO] [SIG] BNB/USDT:USDT LONG 신호 포착 (강도 95%)
2026-07-30 23:51:53,569 [INFO] [SIGNAL] BNB/USDT:USDT LONG 신호 수신 (strength=95)
2026-07-30 23:51:54,069 [INFO] [RISK OK] BNB/USDT:USDT 리스크 체크 통과
2026-07-30 23:51:54,451 [WARNING] [ENTRY BLOCK] BNB/USDT:USDT — 최대 포지션 수 도달: 2/2
2026-07-30 23:51:56,303 [INFO] [SIG] TRX/USDT:USDT LONG 신호 포착 (강도 95%)
2026-07-30 23:51:56,303 [INFO] [SIGNAL] TRX/USDT:USDT LONG 신호 수신 (strength=95)
2026-07-30 23:51:56,805 [INFO] [RISK OK] TRX/USDT:USDT 리스크 체크 통과
2026-07-30 23:51:57,123 [WARNING] [ENTRY BLOCK] TRX/USDT:USDT — 최대 포지션 수 도달: 2/2
2026-07-30 23:51:57,704 [INFO] [SIG] FIL/USDT:USDT LONG 신호 포착 (강도 95%)
2026-07-30 23:51:57,704 [INFO] [SIGNAL] FIL/USDT:USDT LONG 신호 수신 (strength=95)
2026-07-30 23:51:58,243 [INFO] [RISK OK] FIL/USDT:USDT 리스크 체크 통과
2026-07-30 23:51:58,522 [INFO] [ENTRY BLOCK] FIL/USDT:USDT — 이미 포지션 보유 또는 진입 주문 전송 중
2026-07-30 23:51:58,824 [INFO] [SCAN] 완료: 18개 종목 · 신호 6개 · API 호출 18회 · 캐시 히트 0회
2026-07-30 23:52:04,205 [INFO] [SCAN] 블랙리스트 4개 제외: ['IP/USDT:USDT', 'NES/USDT:USDT', 'WLD/USDT:USDT', 'XAG/USDT:USDT', 'XAU/USDT:USDT', 'XAUT/USDT:USDT']
2026-07-30 23:52:04,205 [INFO] [SCAN] 스캔 시작: 30개 페어 (캐시 19개 보유)
2026-07-30 23:52:05,215 [INFO] [SIG] SOL/USDT:USDT LONG 신호 포착 (강도 95%)
2026-07-30 23:52:05,215 [INFO] [SIGNAL] SOL/USDT:USDT LONG 신호 수신 (strength=95)
2026-07-30 23:52:05,650 [INFO] [RISK OK] SOL/USDT:USDT 리스크 체크 통과
2026-07-30 23:52:05,931 [INFO] [ENTRY BLOCK] SOL/USDT:USDT — 이미 포지션 보유 또는 진입 주문 전송 중
2026-07-30 23:52:06,520 [INFO] [SIG] XRP/USDT:USDT LONG 신호 포착 (강도 95%)
2026-07-30 23:52:06,521 [INFO] [SIGNAL] XRP/USDT:USDT LONG 신호 수신 (strength=95)
2026-07-30 23:52:06,938 [INFO] [RISK OK] XRP/USDT:USDT 리스크 체크 통과
2026-07-30 23:52:07,214 [WARNING] [ENTRY BLOCK] XRP/USDT:USDT — 최대 포지션 수 도달: 2/2
2026-07-30 23:52:08,672 [INFO] [SIG] AEON/USDT:USDT SHORT 신호 포착 (강도 95%)
2026-07-30 23:52:08,672 [INFO] [SIGNAL] AEON/USDT:USDT SHORT 신호 수신 (strength=95)
2026-07-30 23:52:09,175 [INFO] [RISK OK] AEON/USDT:USDT 리스크 체크 통과
2026-07-30 23:52:09,456 [WARNING] [ENTRY BLOCK] AEON/USDT:USDT — 최대 포지션 수 도달: 2/2
2026-07-30 23:52:10,092 [INFO] [SIG] PEPE/USDT:USDT LONG 신호 포착 (강도 95%)
2026-07-30 23:52:10,092 [INFO] [SIGNAL] PEPE/USDT:USDT LONG 신호 수신 (strength=95)
2026-07-30 23:52:10,533 [INFO] [RISK OK] PEPE/USDT:USDT 리스크 체크 통과
2026-07-30 23:52:10,815 [WARNING] [ENTRY BLOCK] PEPE/USDT:USDT — 최대 포지션 수 도달: 2/2
2026-07-30 23:52:13,097 [INFO] [SIG] BNB/USDT:USDT LONG 신호 포착 (강도 95%)
2026-07-30 23:52:13,098 [INFO] [SIGNAL] BNB/USDT:USDT LONG 신호 수신 (strength=95)
2026-07-30 23:52:13,644 [INFO] [RISK OK] BNB/USDT:USDT 리스크 체크 통과
2026-07-30 23:52:14,030 [WARNING] [ENTRY BLOCK] BNB/USDT:USDT — 최대 포지션 수 도달: 2/2
2026-07-30 23:52:15,863 [INFO] [SIG] TRX/USDT:USDT LONG 신호 포착 (강도 95%)
2026-07-30 23:52:15,863 [INFO] [SIGNAL] TRX/USDT:USDT LONG 신호 수신 (strength=95)
2026-07-30 23:52:16,255 [INFO] [RISK OK] TRX/USDT:USDT 리스크 체크 통과
2026-07-30 23:52:16,579 [WARNING] [ENTRY BLOCK] TRX/USDT:USDT — 최대 포지션 수 도달: 2/2
2026-07-30 23:52:17,168 [INFO] [SIG] FIL/USDT:USDT LONG 신호 포착 (강도 95%)
2026-07-30 23:52:17,168 [INFO] [SIGNAL] FIL/USDT:USDT LONG 신호 수신 (strength=95)
2026-07-30 23:52:17,612 [INFO] [RISK OK] FIL/USDT:USDT 리스크 체크 통과
2026-07-30 23:52:17,891 [INFO] [ENTRY BLOCK] FIL/USDT:USDT — 이미 포지션 보유 또는 진입 주문 전송 중
2026-07-30 23:52:18,193 [INFO] [SCAN] 완료: 18개 종목 · 신호 7개 · API 호출 18회 · 캐시 히트 0회
2026-07-30 23:52:24,466 [INFO] [상태] 잔고:$110.25 | 포지션:2개 | 스캔:149회 | 스캐너:ON
2026-07-30 23:52:25,422 [INFO] [SCAN] 블랙리스트 4개 제외: ['IP/USDT:USDT', 'NES/USDT:USDT', 'WLD/USDT:USDT', 'XAG/USDT:USDT', 'XAU/USDT:USDT', 'XAUT/USDT:USDT']
2026-07-30 23:52:25,422 [INFO] [SCAN] 스캔 시작: 30개 페어 (캐시 19개 보유)
2026-07-30 23:52:26,459 [INFO] [SIG] SOL/USDT:USDT LONG 신호 포착 (강도 95%)
2026-07-30 23:52:26,460 [INFO] [SIGNAL] SOL/USDT:USDT LONG 신호 수신 (strength=95)
2026-07-30 23:52:26,866 [INFO] [RISK OK] SOL/USDT:USDT 리스크 체크 통과
2026-07-30 23:52:27,143 [INFO] [ENTRY BLOCK] SOL/USDT:USDT — 이미 포지션 보유 또는 진입 주문 전송 중
2026-07-30 23:52:27,729 [INFO] [SIG] XRP/USDT:USDT LONG 신호 포착 (강도 95%)
2026-07-30 23:52:27,729 [INFO] [SIGNAL] XRP/USDT:USDT LONG 신호 수신 (strength=95)
2026-07-30 23:52:28,128 [INFO] [RISK OK] XRP/USDT:USDT 리스크 체크 통과
2026-07-30 23:52:28,407 [WARNING] [ENTRY BLOCK] XRP/USDT:USDT — 최대 포지션 수 도달: 2/2
2026-07-30 23:52:29,831 [INFO] [SIG] AEON/USDT:USDT SHORT 신호 포착 (강도 95%)
2026-07-30 23:52:29,831 [INFO] [SIGNAL] AEON/USDT:USDT SHORT 신호 수신 (strength=95)
2026-07-30 23:52:30,224 [INFO] [RISK OK] AEON/USDT:USDT 리스크 체크 통과
2026-07-30 23:52:30,501 [WARNING] [ENTRY BLOCK] AEON/USDT:USDT — 최대 포지션 수 도달: 2/2
2026-07-30 23:52:33,221 [INFO] [SIG] BNB/USDT:USDT LONG 신호 포착 (강도 95%)
2026-07-30 23:52:33,221 [INFO] [SIGNAL] BNB/USDT:USDT LONG 신호 수신 (strength=95)
2026-07-30 23:52:33,727 [INFO] [RISK OK] BNB/USDT:USDT 리스크 체크 통과
2026-07-30 23:52:34,011 [WARNING] [ENTRY BLOCK] BNB/USDT:USDT — 최대 포지션 수 도달: 2/2
2026-07-30 23:52:35,502 [INFO] [SIG] TRX/USDT:USDT LONG 신호 포착 (강도 95%)
2026-07-30 23:52:35,502 [INFO] [SIGNAL] TRX/USDT:USDT LONG 신호 수신 (strength=95)
2026-07-30 23:52:36,005 [INFO] [RISK OK] TRX/USDT:USDT 리스크 체크 통과
2026-07-30 23:52:36,290 [WARNING] [ENTRY BLOCK] TRX/USDT:USDT — 최대 포지션 수 도달: 2/2
2026-07-30 23:52:37,295 [INFO] [SIG] FIL/USDT:USDT LONG 신호 포착 (강도 95%)
2026-07-30 23:52:37,295 [INFO] [SIGNAL] FIL/USDT:USDT LONG 신호 수신 (strength=95)
2026-07-30 23:52:37,691 [INFO] [RISK OK] FIL/USDT:USDT 리스크 체크 통과
2026-07-30 23:52:37,976 [INFO] [ENTRY BLOCK] FIL/USDT:USDT — 이미 포지션 보유 또는 진입 주문 전송 중
2026-07-30 23:52:38,277 [INFO] [SCAN] 완료: 18개 종목 · 신호 6개 · API 호출 18회 · 캐시 히트 0회
2026-07-30 23:52:43,658 [INFO] [SCAN] 블랙리스트 4개 제외: ['IP/USDT:USDT', 'NES/USDT:USDT', 'WLD/USDT:USDT', 'XAG/USDT:USDT', 'XAU/USDT:USDT', 'XAUT/USDT:USDT']
2026-07-30 23:52:43,658 [INFO] [SCAN] 스캔 시작: 30개 페어 (캐시 19개 보유)
2026-07-30 23:52:44,670 [INFO] [SIG] SOL/USDT:USDT LONG 신호 포착 (강도 95%)
2026-07-30 23:52:44,670 [INFO] [SIGNAL] SOL/USDT:USDT LONG 신호 수신 (strength=95)
2026-07-30 23:52:45,068 [INFO] [RISK OK] SOL/USDT:USDT 리스크 체크 통과
2026-07-30 23:52:45,461 [INFO] [ENTRY BLOCK] SOL/USDT:USDT — 이미 포지션 보유 또는 진입 주문 전송 중
2026-07-30 23:52:47,348 [INFO] [SIG] AEON/USDT:USDT SHORT 신호 포착 (강도 95%)
2026-07-30 23:52:47,348 [INFO] [SIGNAL] AEON/USDT:USDT SHORT 신호 수신 (strength=95)
2026-07-30 23:52:47,846 [INFO] [RISK OK] AEON/USDT:USDT 리스크 체크 통과
2026-07-30 23:52:48,123 [WARNING] [ENTRY BLOCK] AEON/USDT:USDT — 최대 포지션 수 도달: 2/2
2026-07-30 23:52:50,824 [INFO] [SIG] BNB/USDT:USDT LONG 신호 포착 (강도 95%)
2026-07-30 23:52:50,824 [INFO] [SIGNAL] BNB/USDT:USDT LONG 신호 수신 (strength=95)
2026-07-30 23:52:51,332 [INFO] [RISK OK] BNB/USDT:USDT 리스크 체크 통과
2026-07-30 23:52:51,611 [WARNING] [ENTRY BLOCK] BNB/USDT:USDT — 최대 포지션 수 도달: 2/2
2026-07-30 23:52:53,032 [INFO] [SIG] TRX/USDT:USDT LONG 신호 포착 (강도 95%)
2026-07-30 23:52:53,032 [INFO] [SIGNAL] TRX/USDT:USDT LONG 신호 수신 (strength=95)
2026-07-30 23:52:53,526 [INFO] [RISK OK] TRX/USDT:USDT 리스크 체크 통과
2026-07-30 23:52:53,805 [WARNING] [ENTRY BLOCK] TRX/USDT:USDT — 최대 포지션 수 도달: 2/2
2026-07-30 23:52:54,806 [INFO] [SIG] FIL/USDT:USDT LONG 신호 포착 (강도 95%)
2026-07-30 23:52:54,806 [INFO] [SIGNAL] FIL/USDT:USDT LONG 신호 수신 (strength=95)
2026-07-30 23:52:55,309 [INFO] [RISK OK] FIL/USDT:USDT 리스크 체크 통과
2026-07-30 23:52:55,690 [INFO] [ENTRY BLOCK] FIL/USDT:USDT — 이미 포지션 보유 또는 진입 주문 전송 중
2026-07-30 23:52:55,991 [INFO] [SCAN] 완료: 18개 종목 · 신호 5개 · API 호출 18회 · 캐시 히트 0회
2026-07-30 23:53:01,374 [INFO] [SCAN] 블랙리스트 4개 제외: ['IP/USDT:USDT', 'NES/USDT:USDT', 'WLD/USDT:USDT', 'XAG/USDT:USDT', 'XAU/USDT:USDT', 'XAUT/USDT:USDT']
2026-07-30 23:53:01,374 [INFO] [SCAN] 스캔 시작: 30개 페어 (캐시 19개 보유)
2026-07-30 23:53:02,428 [INFO] [SIG] SOL/USDT:USDT LONG 신호 포착 (강도 95%)
2026-07-30 23:53:02,428 [INFO] [SIGNAL] SOL/USDT:USDT LONG 신호 수신 (strength=95)
2026-07-30 23:53:02,827 [INFO] [RISK OK] SOL/USDT:USDT 리스크 체크 통과
2026-07-30 23:53:03,217 [INFO] [ENTRY BLOCK] SOL/USDT:USDT — 이미 포지션 보유 또는 진입 주문 전송 중
2026-07-30 23:53:05,102 [INFO] [SIG] AEON/USDT:USDT SHORT 신호 포착 (강도 95%)
2026-07-30 23:53:05,102 [INFO] [SIGNAL] AEON/USDT:USDT SHORT 신호 수신 (strength=95)
2026-07-30 23:53:05,495 [INFO] [RISK OK] AEON/USDT:USDT 리스크 체크 통과
2026-07-30 23:53:05,773 [WARNING] [ENTRY BLOCK] AEON/USDT:USDT — 최대 포지션 수 도달: 2/2
2026-07-30 23:53:08,494 [INFO] [SIG] BNB/USDT:USDT LONG 신호 포착 (강도 95%)
2026-07-30 23:53:08,494 [INFO] [SIGNAL] BNB/USDT:USDT LONG 신호 수신 (strength=95)
2026-07-30 23:53:09,131 [INFO] [RISK OK] BNB/USDT:USDT 리스크 체크 통과
2026-07-30 23:53:09,417 [WARNING] [ENTRY BLOCK] BNB/USDT:USDT — 최대 포지션 수 도달: 2/2
2026-07-30 23:53:11,270 [INFO] [SIG] TRX/USDT:USDT LONG 신호 포착 (강도 95%)
2026-07-30 23:53:11,270 [INFO] [SIGNAL] TRX/USDT:USDT LONG 신호 수신 (strength=95)
2026-07-30 23:53:11,772 [INFO] [RISK OK] TRX/USDT:USDT 리스크 체크 통과
2026-07-30 23:53:12,156 [WARNING] [ENTRY BLOCK] TRX/USDT:USDT — 최대 포지션 수 도달: 2/2
2026-07-30 23:53:12,740 [INFO] [SIG] FIL/USDT:USDT LONG 신호 포착 (강도 95%)
2026-07-30 23:53:12,741 [INFO] [SIGNAL] FIL/USDT:USDT LONG 신호 수신 (strength=95)
2026-07-30 23:53:13,140 [INFO] [RISK OK] FIL/USDT:USDT 리스크 체크 통과
2026-07-30 23:53:13,524 [INFO] [ENTRY BLOCK] FIL/USDT:USDT — 이미 포지션 보유 또는 진입 주문 전송 중
2026-07-30 23:53:13,826 [INFO] [SCAN] 완료: 18개 종목 · 신호 5개 · API 호출 18회 · 캐시 히트 0회
2026-07-30 23:53:19,196 [INFO] [SCAN] 블랙리스트 4개 제외: ['IP/USDT:USDT', 'NES/USDT:USDT', 'WLD/USDT:USDT', 'XAG/USDT:USDT', 'XAU/USDT:USDT', 'XAUT/USDT:USDT']
2026-07-30 23:53:19,196 [INFO] [SCAN] 스캔 시작: 30개 페어 (캐시 19개 보유)
2026-07-30 23:53:20,227 [INFO] [SIG] SOL/USDT:USDT LONG 신호 포착 (강도 95%)
2026-07-30 23:53:20,227 [INFO] [SIGNAL] SOL/USDT:USDT LONG 신호 수신 (strength=95)
2026-07-30 23:53:20,622 [INFO] [RISK OK] SOL/USDT:USDT 리스크 체크 통과
2026-07-30 23:53:21,006 [INFO] [ENTRY BLOCK] SOL/USDT:USDT — 이미 포지션 보유 또는 진입 주문 전송 중
2026-07-30 23:53:22,846 [INFO] [SIG] AEON/USDT:USDT SHORT 신호 포착 (강도 95%)
2026-07-30 23:53:22,846 [INFO] [SIGNAL] AEON/USDT:USDT SHORT 신호 수신 (strength=95)
2026-07-30 23:53:23,336 [INFO] [RISK OK] AEON/USDT:USDT 리스크 체크 통과
2026-07-30 23:53:23,616 [WARNING] [ENTRY BLOCK] AEON/USDT:USDT — 최대 포지션 수 도달: 2/2
2026-07-30 23:53:25,073 [INFO] [상태] 잔고:$110.32 | 포지션:2개 | 스캔:152회 | 스캐너:ON
2026-07-30 23:53:25,426 [INFO] [SIG] UNI/USDT:USDT LONG 신호 포착 (강도 95%)
2026-07-30 23:53:25,426 [INFO] [SIGNAL] UNI/USDT:USDT LONG 신호 수신 (strength=95)
2026-07-30 23:53:25,866 [INFO] [RISK OK] UNI/USDT:USDT 리스크 체크 통과
2026-07-30 23:53:26,146 [WARNING] [ENTRY BLOCK] UNI/USDT:USDT — 최대 포지션 수 도달: 2/2
2026-07-30 23:53:27,582 [INFO] [SIG] BNB/USDT:USDT LONG 신호 포착 (강도 95%)
2026-07-30 23:53:27,583 [INFO] [SIGNAL] BNB/USDT:USDT LONG 신호 수신 (strength=95)
2026-07-30 23:53:27,981 [INFO] [RISK OK] BNB/USDT:USDT 리스크 체크 통과
2026-07-30 23:53:28,261 [WARNING] [ENTRY BLOCK] BNB/USDT:USDT — 최대 포지션 수 도달: 2/2
2026-07-30 23:53:30,134 [INFO] [SIG] TRX/USDT:USDT LONG 신호 포착 (강도 95%)
2026-07-30 23:53:30,135 [INFO] [SIGNAL] TRX/USDT:USDT LONG 신호 수신 (strength=95)
2026-07-30 23:53:30,577 [INFO] [RISK OK] TRX/USDT:USDT 리스크 체크 통과
2026-07-30 23:53:30,859 [WARNING] [ENTRY BLOCK] TRX/USDT:USDT — 최대 포지션 수 도달: 2/2
2026-07-30 23:53:31,593 [INFO] [SIG] FIL/USDT:USDT LONG 신호 포착 (강도 95%)
2026-07-30 23:53:31,593 [INFO] [SIGNAL] FIL/USDT:USDT LONG 신호 수신 (strength=95)
2026-07-30 23:53:32,034 [INFO] [RISK OK] FIL/USDT:USDT 리스크 체크 통과
2026-07-30 23:53:32,350 [INFO] [ENTRY BLOCK] FIL/USDT:USDT — 이미 포지션 보유 또는 진입 주문 전송 중
2026-07-30 23:53:32,652 [INFO] [SCAN] 완료: 18개 종목 · 신호 6개 · API 호출 18회 · 캐시 히트 0회
2026-07-30 23:53:39,888 [INFO] [SCAN] 블랙리스트 4개 제외: ['IP/USDT:USDT', 'NES/USDT:USDT', 'WLD/USDT:USDT', 'XAG/USDT:USDT', 'XAU/USDT:USDT', 'XAUT/USDT:USDT']
2026-07-30 23:53:39,888 [INFO] [SCAN] 스캔 시작: 30개 페어 (캐시 19개 보유)
2026-07-30 23:53:40,951 [INFO] [SIG] SOL/USDT:USDT LONG 신호 포착 (강도 95%)
2026-07-30 23:53:40,951 [INFO] [SIGNAL] SOL/USDT:USDT LONG 신호 수신 (strength=95)
2026-07-30 23:53:41,359 [INFO] [RISK OK] SOL/USDT:USDT 리스크 체크 통과
2026-07-30 23:53:41,638 [INFO] [ENTRY BLOCK] SOL/USDT:USDT — 이미 포지션 보유 또는 진입 주문 전송 중
2026-07-30 23:53:43,526 [INFO] [SIG] AEON/USDT:USDT SHORT 신호 포착 (강도 95%)
2026-07-30 23:53:43,526 [INFO] [SIGNAL] AEON/USDT:USDT SHORT 신호 수신 (strength=95)
2026-07-30 23:53:44,129 [INFO] [RISK OK] AEON/USDT:USDT 리스크 체크 통과
2026-07-30 23:53:44,447 [WARNING] [ENTRY BLOCK] AEON/USDT:USDT — 최대 포지션 수 도달: 2/2
2026-07-30 23:53:47,136 [INFO] [SIG] BNB/USDT:USDT LONG 신호 포착 (강도 95%)
2026-07-30 23:53:47,137 [INFO] [SIGNAL] BNB/USDT:USDT LONG 신호 수신 (strength=95)
2026-07-30 23:53:47,554 [INFO] [RISK OK] BNB/USDT:USDT 리스크 체크 통과
2026-07-30 23:53:47,835 [WARNING] [ENTRY BLOCK] BNB/USDT:USDT — 최대 포지션 수 도달: 2/2
2026-07-30 23:53:49,299 [INFO] [SIG] TRX/USDT:USDT LONG 신호 포착 (강도 95%)
2026-07-30 23:53:49,299 [INFO] [SIGNAL] TRX/USDT:USDT LONG 신호 수신 (strength=95)
2026-07-30 23:53:49,739 [INFO] [RISK OK] TRX/USDT:USDT 리스크 체크 통과
2026-07-30 23:53:50,018 [WARNING] [ENTRY BLOCK] TRX/USDT:USDT — 최대 포지션 수 도달: 2/2
2026-07-30 23:53:51,067 [INFO] [SIG] FIL/USDT:USDT LONG 신호 포착 (강도 95%)
2026-07-30 23:53:51,067 [INFO] [SIGNAL] FIL/USDT:USDT LONG 신호 수신 (strength=95)
2026-07-30 23:53:51,613 [INFO] [RISK OK] FIL/USDT:USDT 리스크 체크 통과
2026-07-30 23:53:51,894 [INFO] [ENTRY BLOCK] FIL/USDT:USDT — 이미 포지션 보유 또는 진입 주문 전송 중
2026-07-30 23:53:52,194 [INFO] [SCAN] 완료: 18개 종목 · 신호 5개 · API 호출 18회 · 캐시 히트 0회
2026-07-30 23:53:57,554 [INFO] [SCAN] 블랙리스트 4개 제외: ['IP/USDT:USDT', 'NES/USDT:USDT', 'WLD/USDT:USDT', 'XAG/USDT:USDT', 'XAU/USDT:USDT', 'XAUT/USDT:USDT']
2026-07-30 23:53:57,554 [INFO] [SCAN] 스캔 시작: 30개 페어 (캐시 19개 보유)
2026-07-30 23:53:58,562 [INFO] [SIG] SOL/USDT:USDT LONG 신호 포착 (강도 95%)
2026-07-30 23:53:58,562 [INFO] [SIGNAL] SOL/USDT:USDT LONG 신호 수신 (strength=95)
2026-07-30 23:53:59,068 [INFO] [RISK OK] SOL/USDT:USDT 리스크 체크 통과
2026-07-30 23:53:59,457 [INFO] [ENTRY BLOCK] SOL/USDT:USDT — 이미 포지션 보유 또는 진입 주문 전송 중
2026-07-30 23:54:00,089 [INFO] [SIG] XRP/USDT:USDT LONG 신호 포착 (강도 95%)
2026-07-30 23:54:00,089 [INFO] [SIGNAL] XRP/USDT:USDT LONG 신호 수신 (strength=95)
2026-07-30 23:54:00,691 [INFO] [RISK OK] XRP/USDT:USDT 리스크 체크 통과
2026-07-30 23:54:00,968 [WARNING] [ENTRY BLOCK] XRP/USDT:USDT — 최대 포지션 수 도달: 2/2
2026-07-30 23:54:02,386 [INFO] [SIG] AEON/USDT:USDT SHORT 신호 포착 (강도 95%)
2026-07-30 23:54:02,386 [INFO] [SIGNAL] AEON/USDT:USDT SHORT 신호 수신 (strength=95)
2026-07-30 23:54:02,784 [INFO] [RISK OK] AEON/USDT:USDT 리스크 체크 통과
2026-07-30 23:54:03,065 [WARNING] [ENTRY BLOCK] AEON/USDT:USDT — 최대 포지션 수 도달: 2/2
2026-07-30 23:54:04,496 [INFO] [SIG] UNI/USDT:USDT LONG 신호 포착 (강도 95%)
2026-07-30 23:54:04,496 [INFO] [SIGNAL] UNI/USDT:USDT LONG 신호 수신 (strength=95)
2026-07-30 23:54:05,041 [INFO] [RISK OK] UNI/USDT:USDT 리스크 체크 통과
2026-07-30 23:54:05,323 [WARNING] [ENTRY BLOCK] UNI/USDT:USDT — 최대 포지션 수 도달: 2/2
2026-07-30 23:54:06,811 [INFO] [SIG] BNB/USDT:USDT LONG 신호 포착 (강도 95%)
2026-07-30 23:54:06,812 [INFO] [SIGNAL] BNB/USDT:USDT LONG 신호 수신 (strength=95)
2026-07-30 23:54:07,208 [INFO] [RISK OK] BNB/USDT:USDT 리스크 체크 통과
2026-07-30 23:54:07,484 [WARNING] [ENTRY BLOCK] BNB/USDT:USDT — 최대 포지션 수 도달: 2/2
2026-07-30 23:54:08,909 [INFO] [SIG] TRX/USDT:USDT LONG 신호 포착 (강도 95%)
2026-07-30 23:54:08,909 [INFO] [SIGNAL] TRX/USDT:USDT LONG 신호 수신 (strength=95)
2026-07-30 23:54:09,304 [INFO] [RISK OK] TRX/USDT:USDT 리스크 체크 통과
2026-07-30 23:54:09,590 [WARNING] [ENTRY BLOCK] TRX/USDT:USDT — 최대 포지션 수 도달: 2/2
2026-07-30 23:54:10,598 [INFO] [SIG] FIL/USDT:USDT LONG 신호 포착 (강도 95%)
2026-07-30 23:54:10,598 [INFO] [SIGNAL] FIL/USDT:USDT LONG 신호 수신 (strength=95)
2026-07-30 23:54:11,090 [INFO] [RISK OK] FIL/USDT:USDT 리스크 체크 통과
2026-07-30 23:54:11,368 [INFO] [ENTRY BLOCK] FIL/USDT:USDT — 이미 포지션 보유 또는 진입 주문 전송 중
2026-07-30 23:54:11,669 [INFO] [SCAN] 완료: 18개 종목 · 신호 7개 · API 호출 18회 · 캐시 히트 0회
2026-07-30 23:54:17,055 [INFO] [SCAN] 블랙리스트 4개 제외: ['IP/USDT:USDT', 'NES/USDT:USDT', 'WLD/USDT:USDT', 'XAG/USDT:USDT', 'XAU/USDT:USDT', 'XAUT/USDT:USDT']
2026-07-30 23:54:17,055 [INFO] [SCAN] 스캔 시작: 30개 페어 (캐시 19개 보유)
2026-07-30 23:54:18,076 [INFO] [SIG] SOL/USDT:USDT LONG 신호 포착 (강도 95%)
2026-07-30 23:54:18,077 [INFO] [SIGNAL] SOL/USDT:USDT LONG 신호 수신 (strength=95)
2026-07-30 23:54:18,613 [INFO] [RISK OK] SOL/USDT:USDT 리스크 체크 통과
2026-07-30 23:54:18,998 [INFO] [ENTRY BLOCK] SOL/USDT:USDT — 이미 포지션 보유 또는 진입 주문 전송 중
2026-07-30 23:54:19,580 [INFO] [SIG] XRP/USDT:USDT LONG 신호 포착 (강도 95%)
2026-07-30 23:54:19,580 [INFO] [SIGNAL] XRP/USDT:USDT LONG 신호 수신 (strength=95)
2026-07-30 23:54:19,973 [INFO] [RISK OK] XRP/USDT:USDT 리스크 체크 통과
2026-07-30 23:54:20,359 [WARNING] [ENTRY BLOCK] XRP/USDT:USDT — 최대 포지션 수 도달: 2/2
2026-07-30 23:54:21,774 [INFO] [SIG] AEON/USDT:USDT SHORT 신호 포착 (강도 95%)
2026-07-30 23:54:21,776 [INFO] [SIGNAL] AEON/USDT:USDT SHORT 신호 수신 (strength=95)
2026-07-30 23:54:22,170 [INFO] [RISK OK] AEON/USDT:USDT 리스크 체크 통과
2026-07-30 23:54:22,552 [WARNING] [ENTRY BLOCK] AEON/USDT:USDT — 최대 포지션 수 도달: 2/2
2026-07-30 23:54:23,975 [INFO] [SIG] UNI/USDT:USDT LONG 신호 포착 (강도 95%)
2026-07-30 23:54:23,975 [INFO] [SIGNAL] UNI/USDT:USDT LONG 신호 수신 (strength=95)
2026-07-30 23:54:24,468 [INFO] [RISK OK] UNI/USDT:USDT 리스크 체크 통과
2026-07-30 23:54:24,746 [WARNING] [ENTRY BLOCK] UNI/USDT:USDT — 최대 포지션 수 도달: 2/2
2026-07-30 23:54:25,662 [INFO] [상태] 잔고:$109.97 | 포지션:2개 | 스캔:155회 | 스캐너:ON
2026-07-30 23:54:26,336 [INFO] [SIG] BNB/USDT:USDT LONG 신호 포착 (강도 95%)
2026-07-30 23:54:26,336 [INFO] [SIGNAL] BNB/USDT:USDT LONG 신호 수신 (strength=95)
2026-07-30 23:54:26,837 [INFO] [RISK OK] BNB/USDT:USDT 리스크 체크 통과
2026-07-30 23:54:27,230 [WARNING] [ENTRY BLOCK] BNB/USDT:USDT — 최대 포지션 수 도달: 2/2
2026-07-30 23:54:28,688 [INFO] [SIG] TRX/USDT:USDT LONG 신호 포착 (강도 95%)
2026-07-30 23:54:28,688 [INFO] [SIGNAL] TRX/USDT:USDT LONG 신호 수신 (strength=95)
2026-07-30 23:54:29,224 [INFO] [RISK OK] TRX/USDT:USDT 리스크 체크 통과
2026-07-30 23:54:29,505 [WARNING] [ENTRY BLOCK] TRX/USDT:USDT — 최대 포지션 수 도달: 2/2
2026-07-30 23:54:30,554 [INFO] [SIG] FIL/USDT:USDT LONG 신호 포착 (강도 95%)
2026-07-30 23:54:30,555 [INFO] [SIGNAL] FIL/USDT:USDT LONG 신호 수신 (strength=95)
2026-07-30 23:54:31,047 [INFO] [RISK OK] FIL/USDT:USDT 리스크 체크 통과
2026-07-30 23:54:31,438 [INFO] [ENTRY BLOCK] FIL/USDT:USDT — 이미 포지션 보유 또는 진입 주문 전송 중
2026-07-30 23:54:31,740 [INFO] [SCAN] 완료: 18개 종목 · 신호 7개 · API 호출 18회 · 캐시 히트 0회
2026-07-30 23:54:37,122 [INFO] [SCAN] 블랙리스트 4개 제외: ['IP/USDT:USDT', 'NES/USDT:USDT', 'WLD/USDT:USDT', 'XAG/USDT:USDT', 'XAU/USDT:USDT', 'XAUT/USDT:USDT']
2026-07-30 23:54:37,122 [INFO] [SCAN] 스캔 시작: 30개 페어 (캐시 19개 보유)
2026-07-30 23:54:38,178 [INFO] [SIG] SOL/USDT:USDT LONG 신호 포착 (강도 95%)
2026-07-30 23:54:38,179 [INFO] [SIGNAL] SOL/USDT:USDT LONG 신호 수신 (strength=95)
2026-07-30 23:54:38,574 [INFO] [RISK OK] SOL/USDT:USDT 리스크 체크 통과
2026-07-30 23:54:38,955 [INFO] [ENTRY BLOCK] SOL/USDT:USDT — 이미 포지션 보유 또는 진입 주문 전송 중
2026-07-30 23:54:39,550 [INFO] [SIG] XRP/USDT:USDT LONG 신호 포착 (강도 95%)
2026-07-30 23:54:39,550 [INFO] [SIGNAL] XRP/USDT:USDT LONG 신호 수신 (strength=95)
2026-07-30 23:54:40,094 [INFO] [RISK OK] XRP/USDT:USDT 리스크 체크 통과
2026-07-30 23:54:40,477 [WARNING] [ENTRY BLOCK] XRP/USDT:USDT — 최대 포지션 수 도달: 2/2
2026-07-30 23:54:41,901 [INFO] [SIG] AEON/USDT:USDT SHORT 신호 포착 (강도 95%)
2026-07-30 23:54:41,901 [INFO] [SIGNAL] AEON/USDT:USDT SHORT 신호 수신 (strength=95)
2026-07-30 23:54:42,293 [INFO] [RISK OK] AEON/USDT:USDT 리스크 체크 통과
2026-07-30 23:54:42,572 [WARNING] [ENTRY BLOCK] AEON/USDT:USDT — 최대 포지션 수 도달: 2/2
2026-07-30 23:54:44,037 [INFO] [SIG] UNI/USDT:USDT LONG 신호 포착 (강도 95%)
2026-07-30 23:54:44,038 [INFO] [SIGNAL] UNI/USDT:USDT LONG 신호 수신 (strength=95)
2026-07-30 23:54:44,537 [INFO] [RISK OK] UNI/USDT:USDT 리스크 체크 통과
2026-07-30 23:54:44,924 [WARNING] [ENTRY BLOCK] UNI/USDT:USDT — 최대 포지션 수 도달: 2/2
2026-07-30 23:54:46,398 [INFO] [SIG] BNB/USDT:USDT LONG 신호 포착 (강도 95%)
2026-07-30 23:54:46,398 [INFO] [SIGNAL] BNB/USDT:USDT LONG 신호 수신 (strength=95)
2026-07-30 23:54:46,827 [INFO] [RISK OK] BNB/USDT:USDT 리스크 체크 통과
2026-07-30 23:54:47,111 [WARNING] [ENTRY BLOCK] BNB/USDT:USDT — 최대 포지션 수 도달: 2/2
2026-07-30 23:54:48,528 [INFO] [SIG] TRX/USDT:USDT LONG 신호 포착 (강도 95%)
2026-07-30 23:54:48,528 [INFO] [SIGNAL] TRX/USDT:USDT LONG 신호 수신 (strength=95)
2026-07-30 23:54:48,919 [INFO] [RISK OK] TRX/USDT:USDT 리스크 체크 통과
2026-07-30 23:54:49,303 [WARNING] [ENTRY BLOCK] TRX/USDT:USDT — 최대 포지션 수 도달: 2/2
2026-07-30 23:54:50,308 [INFO] [SIG] FIL/USDT:USDT LONG 신호 포착 (강도 95%)
2026-07-30 23:54:50,308 [INFO] [SIGNAL] FIL/USDT:USDT LONG 신호 수신 (strength=95)
2026-07-30 23:54:50,701 [INFO] [RISK OK] FIL/USDT:USDT 리스크 체크 통과
2026-07-30 23:54:51,029 [INFO] [ENTRY BLOCK] FIL/USDT:USDT — 이미 포지션 보유 또는 진입 주문 전송 중
2026-07-30 23:54:51,330 [INFO] [SCAN] 완료: 18개 종목 · 신호 7개 · API 호출 18회 · 캐시 히트 0회
2026-07-30 23:54:58,547 [INFO] [SCAN] 블랙리스트 4개 제외: ['IP/USDT:USDT', 'NES/USDT:USDT', 'WLD/USDT:USDT', 'XAG/USDT:USDT', 'XAU/USDT:USDT', 'XAUT/USDT:USDT']
2026-07-30 23:54:58,547 [INFO] [SCAN] 스캔 시작: 30개 페어 (캐시 19개 보유)
2026-07-30 23:54:59,555 [INFO] [SIG] SOL/USDT:USDT LONG 신호 포착 (강도 95%)
2026-07-30 23:54:59,556 [INFO] [SIGNAL] SOL/USDT:USDT LONG 신호 수신 (strength=95)
2026-07-30 23:54:59,946 [INFO] [RISK OK] SOL/USDT:USDT 리스크 체크 통과
2026-07-30 23:55:00,266 [INFO] [ENTRY BLOCK] SOL/USDT:USDT — 이미 포지션 보유 또는 진입 주문 전송 중
2026-07-30 23:55:00,853 [INFO] [SIG] XRP/USDT:USDT LONG 신호 포착 (강도 95%)
2026-07-30 23:55:00,854 [INFO] [SIGNAL] XRP/USDT:USDT LONG 신호 수신 (strength=95)
2026-07-30 23:55:01,361 [INFO] [RISK OK] XRP/USDT:USDT 리스크 체크 통과
2026-07-30 23:55:01,642 [WARNING] [ENTRY BLOCK] XRP/USDT:USDT — 최대 포지션 수 도달: 2/2
2026-07-30 23:55:02,230 [INFO] [SIG] DOGE/USDT:USDT LONG 신호 포착 (강도 95%)
2026-07-30 23:55:02,231 [INFO] [SIGNAL] DOGE/USDT:USDT LONG 신호 수신 (strength=95)
2026-07-30 23:55:02,731 [INFO] [RISK OK] DOGE/USDT:USDT 리스크 체크 통과
2026-07-30 23:55:03,116 [WARNING] [ENTRY BLOCK] DOGE/USDT:USDT — 최대 포지션 수 도달: 2/2
2026-07-30 23:55:04,181 [INFO] [SIG] AEON/USDT:USDT SHORT 신호 포착 (강도 95%)
2026-07-30 23:55:04,181 [INFO] [SIGNAL] AEON/USDT:USDT SHORT 신호 수신 (strength=95)
2026-07-30 23:55:04,574 [INFO] [RISK OK] AEON/USDT:USDT 리스크 체크 통과
2026-07-30 23:55:04,852 [WARNING] [ENTRY BLOCK] AEON/USDT:USDT — 최대 포지션 수 도달: 2/2
2026-07-30 23:55:05,434 [INFO] [SIG] PEPE/USDT:USDT LONG 신호 포착 (강도 95%)
2026-07-30 23:55:05,434 [INFO] [SIGNAL] PEPE/USDT:USDT LONG 신호 수신 (strength=95)
2026-07-30 23:55:05,829 [INFO] [RISK OK] PEPE/USDT:USDT 리스크 체크 통과
2026-07-30 23:55:06,218 [WARNING] [ENTRY BLOCK] PEPE/USDT:USDT — 최대 포지션 수 도달: 2/2
2026-07-30 23:55:07,216 [INFO] [SIG] UNI/USDT:USDT LONG 신호 포착 (강도 95%)
2026-07-30 23:55:07,216 [INFO] [SIGNAL] UNI/USDT:USDT LONG 신호 수신 (strength=95)
2026-07-30 23:55:07,625 [INFO] [RISK OK] UNI/USDT:USDT 리스크 체크 통과
2026-07-30 23:55:07,947 [WARNING] [ENTRY BLOCK] UNI/USDT:USDT — 최대 포지션 수 도달: 2/2
2026-07-30 23:55:08,542 [INFO] [SIG] SUI/USDT:USDT LONG 신호 포착 (강도 95%)
2026-07-30 23:55:08,542 [INFO] [SIGNAL] SUI/USDT:USDT LONG 신호 수신 (strength=95)
2026-07-30 23:55:09,155 [INFO] [RISK OK] SUI/USDT:USDT 리스크 체크 통과
2026-07-30 23:55:09,437 [WARNING] [ENTRY BLOCK] SUI/USDT:USDT — 최대 포지션 수 도달: 2/2
2026-07-30 23:55:10,438 [INFO] [SIG] BNB/USDT:USDT LONG 신호 포착 (강도 95%)
2026-07-30 23:55:10,438 [INFO] [SIGNAL] BNB/USDT:USDT LONG 신호 수신 (strength=95)
2026-07-30 23:55:10,935 [INFO] [RISK OK] BNB/USDT:USDT 리스크 체크 통과
2026-07-30 23:55:11,215 [WARNING] [ENTRY BLOCK] BNB/USDT:USDT — 최대 포지션 수 도달: 2/2
2026-07-30 23:55:11,840 [INFO] [SIG] ADA/USDT:USDT SHORT 신호 포착 (강도 90%)
2026-07-30 23:55:11,840 [INFO] [SIGNAL] ADA/USDT:USDT SHORT 신호 수신 (strength=90)
2026-07-30 23:55:12,384 [INFO] [RISK OK] ADA/USDT:USDT 리스크 체크 통과
2026-07-30 23:55:12,661 [WARNING] [ENTRY BLOCK] ADA/USDT:USDT — 최대 포지션 수 도달: 2/2
2026-07-30 23:55:13,668 [INFO] [SIG] RE/USDT:USDT SHORT 신호 포착 (강도 95%)
2026-07-30 23:55:13,669 [INFO] [SIGNAL] RE/USDT:USDT SHORT 신호 수신 (strength=95)
2026-07-30 23:55:14,170 [INFO] [RISK OK] RE/USDT:USDT 리스크 체크 통과
2026-07-30 23:55:14,599 [WARNING] [ENTRY BLOCK] RE/USDT:USDT — 최대 포지션 수 도달: 2/2
2026-07-30 23:55:15,181 [INFO] [SIG] TRX/USDT:USDT LONG 신호 포착 (강도 95%)
2026-07-30 23:55:15,181 [INFO] [SIGNAL] TRX/USDT:USDT LONG 신호 수신 (strength=95)
2026-07-30 23:55:15,578 [INFO] [RISK OK] TRX/USDT:USDT 리스크 체크 통과
2026-07-30 23:55:15,879 [WARNING] [ENTRY BLOCK] TRX/USDT:USDT — 최대 포지션 수 도달: 2/2
2026-07-30 23:55:16,766 [INFO] [SCAN] 완료: 18개 종목 · 신호 11개 · API 호출 18회 · 캐시 히트 0회
2026-07-30 23:55:22,082 [INFO] [SCAN] 블랙리스트 4개 제외: ['IP/USDT:USDT', 'NES/USDT:USDT', 'WLD/USDT:USDT', 'XAG/USDT:USDT', 'XAU/USDT:USDT', 'XAUT/USDT:USDT']
2026-07-30 23:55:22,082 [INFO] [SCAN] 스캔 시작: 30개 페어 (캐시 19개 보유)
2026-07-30 23:55:23,108 [INFO] [SIG] SOL/USDT:USDT LONG 신호 포착 (강도 95%)
2026-07-30 23:55:23,108 [INFO] [SIGNAL] SOL/USDT:USDT LONG 신호 수신 (strength=95)
2026-07-30 23:55:23,610 [INFO] [RISK OK] SOL/USDT:USDT 리스크 체크 통과
2026-07-30 23:55:23,934 [INFO] [ENTRY BLOCK] SOL/USDT:USDT — 이미 포지션 보유 또는 진입 주문 전송 중
2026-07-30 23:55:24,515 [INFO] [SIG] XRP/USDT:USDT LONG 신호 포착 (강도 95%)
2026-07-30 23:55:24,515 [INFO] [SIGNAL] XRP/USDT:USDT LONG 신호 수신 (strength=95)
2026-07-30 23:55:24,957 [INFO] [RISK OK] XRP/USDT:USDT 리스크 체크 통과
2026-07-30 23:55:25,278 [WARNING] [ENTRY BLOCK] XRP/USDT:USDT — 최대 포지션 수 도달: 2/2
2026-07-30 23:55:25,869 [INFO] [SIG] DOGE/USDT:USDT LONG 신호 포착 (강도 95%)
2026-07-30 23:55:25,870 [INFO] [SIGNAL] DOGE/USDT:USDT LONG 신호 수신 (strength=95)
2026-07-30 23:55:26,413 [INFO] [상태] 잔고:$109.68 | 포지션:2개 | 스캔:158회 | 스캐너:ON
2026-07-30 23:55:26,625 [INFO] [RISK OK] DOGE/USDT:USDT 리스크 체크 통과
2026-07-30 23:55:27,052 [WARNING] [ENTRY BLOCK] DOGE/USDT:USDT — 최대 포지션 수 도달: 2/2
2026-07-30 23:55:28,060 [INFO] [SIG] AEON/USDT:USDT SHORT 신호 포착 (강도 95%)
2026-07-30 23:55:28,060 [INFO] [SIGNAL] AEON/USDT:USDT SHORT 신호 수신 (strength=95)
2026-07-30 23:55:28,565 [INFO] [RISK OK] AEON/USDT:USDT 리스크 체크 통과
2026-07-30 23:55:28,846 [WARNING] [ENTRY BLOCK] AEON/USDT:USDT — 최대 포지션 수 도달: 2/2
2026-07-30 23:55:29,430 [INFO] [SIG] PEPE/USDT:USDT LONG 신호 포착 (강도 95%)
2026-07-30 23:55:29,430 [INFO] [SIGNAL] PEPE/USDT:USDT LONG 신호 수신 (strength=95)
2026-07-30 23:55:29,956 [INFO] [RISK OK] PEPE/USDT:USDT 리스크 체크 통과
2026-07-30 23:55:30,238 [WARNING] [ENTRY BLOCK] PEPE/USDT:USDT — 최대 포지션 수 도달: 2/2
2026-07-30 23:55:31,244 [INFO] [SIG] UNI/USDT:USDT LONG 신호 포착 (강도 95%)
2026-07-30 23:55:31,244 [INFO] [SIGNAL] UNI/USDT:USDT LONG 신호 수신 (strength=95)
2026-07-30 23:55:31,687 [INFO] [RISK OK] UNI/USDT:USDT 리스크 체크 통과
2026-07-30 23:55:31,967 [WARNING] [ENTRY BLOCK] UNI/USDT:USDT — 최대 포지션 수 도달: 2/2
2026-07-30 23:55:32,569 [INFO] [SIG] SUI/USDT:USDT LONG 신호 포착 (강도 95%)
2026-07-30 23:55:32,569 [INFO] [SIGNAL] SUI/USDT:USDT LONG 신호 수신 (strength=95)
2026-07-30 23:55:33,107 [INFO] [RISK OK] SUI/USDT:USDT 리스크 체크 통과
2026-07-30 23:55:33,396 [WARNING] [ENTRY BLOCK] SUI/USDT:USDT — 최대 포지션 수 도달: 2/2
2026-07-30 23:55:34,409 [INFO] [SIG] BNB/USDT:USDT LONG 신호 포착 (강도 95%)
2026-07-30 23:55:34,409 [INFO] [SIGNAL] BNB/USDT:USDT LONG 신호 수신 (strength=95)
2026-07-30 23:55:35,009 [INFO] [RISK OK] BNB/USDT:USDT 리스크 체크 통과
2026-07-30 23:55:35,291 [WARNING] [ENTRY BLOCK] BNB/USDT:USDT — 최대 포지션 수 도달: 2/2
2026-07-30 23:55:35,923 [INFO] [SIG] ADA/USDT:USDT SHORT 신호 포착 (강도 90%)
2026-07-30 23:55:35,923 [INFO] [SIGNAL] ADA/USDT:USDT SHORT 신호 수신 (strength=90)
2026-07-30 23:55:36,315 [INFO] [RISK OK] ADA/USDT:USDT 리스크 체크 통과
2026-07-30 23:55:36,591 [WARNING] [ENTRY BLOCK] ADA/USDT:USDT — 최대 포지션 수 도달: 2/2
2026-07-30 23:55:37,591 [INFO] [SIG] TRX/USDT:USDT LONG 신호 포착 (강도 95%)
2026-07-30 23:55:37,591 [INFO] [SIGNAL] TRX/USDT:USDT LONG 신호 수신 (strength=95)
2026-07-30 23:55:38,087 [INFO] [RISK OK] TRX/USDT:USDT 리스크 체크 통과
2026-07-30 23:55:38,380 [WARNING] [ENTRY BLOCK] TRX/USDT:USDT — 최대 포지션 수 도달: 2/2
2026-07-30 23:55:38,971 [INFO] [SIG] RE/USDT:USDT SHORT 신호 포착 (강도 95%)
2026-07-30 23:55:38,971 [INFO] [SIGNAL] RE/USDT:USDT SHORT 신호 수신 (strength=95)
2026-07-30 23:55:39,366 [INFO] [RISK OK] RE/USDT:USDT 리스크 체크 통과
2026-07-30 23:55:39,648 [WARNING] [ENTRY BLOCK] RE/USDT:USDT — 최대 포지션 수 도달: 2/2
2026-07-30 23:55:40,531 [INFO] [SCAN] 완료: 18개 종목 · 신호 11개 · API 호출 18회 · 캐시 히트 0회
2026-07-30 23:55:45,722 [INFO] [SCAN] 블랙리스트 4개 제외: ['IP/USDT:USDT', 'NES/USDT:USDT', 'WLD/USDT:USDT', 'XAG/USDT:USDT', 'XAU/USDT:USDT', 'XAUT/USDT:USDT']
2026-07-30 23:55:45,722 [INFO] [SCAN] 스캔 시작: 30개 페어 (캐시 19개 보유)
2026-07-30 23:55:46,737 [INFO] [SIG] SOL/USDT:USDT LONG 신호 포착 (강도 95%)
2026-07-30 23:55:46,738 [INFO] [SIGNAL] SOL/USDT:USDT LONG 신호 수신 (strength=95)
2026-07-30 23:55:47,235 [INFO] [RISK OK] SOL/USDT:USDT 리스크 체크 통과
2026-07-30 23:55:47,520 [INFO] [ENTRY BLOCK] SOL/USDT:USDT — 이미 포지션 보유 또는 진입 주문 전송 중
2026-07-30 23:55:48,115 [INFO] [SIG] XRP/USDT:USDT LONG 신호 포착 (강도 95%)
2026-07-30 23:55:48,115 [INFO] [SIGNAL] XRP/USDT:USDT LONG 신호 수신 (strength=95)
2026-07-30 23:55:48,517 [INFO] [RISK OK] XRP/USDT:USDT 리스크 체크 통과
2026-07-30 23:55:48,906 [WARNING] [ENTRY BLOCK] XRP/USDT:USDT — 최대 포지션 수 도달: 2/2
2026-07-30 23:55:49,496 [INFO] [SIG] DOGE/USDT:USDT LONG 신호 포착 (강도 95%)
2026-07-30 23:55:49,496 [INFO] [SIGNAL] DOGE/USDT:USDT LONG 신호 수신 (strength=95)
2026-07-30 23:55:50,001 [INFO] [RISK OK] DOGE/USDT:USDT 리스크 체크 통과
2026-07-30 23:55:50,331 [WARNING] [ENTRY BLOCK] DOGE/USDT:USDT — 최대 포지션 수 도달: 2/2
2026-07-30 23:55:51,329 [INFO] [SIG] AEON/USDT:USDT SHORT 신호 포착 (강도 95%)
2026-07-30 23:55:51,329 [INFO] [SIGNAL] AEON/USDT:USDT SHORT 신호 수신 (strength=95)
2026-07-30 23:55:51,729 [INFO] [RISK OK] AEON/USDT:USDT 리스크 체크 통과
2026-07-30 23:55:52,009 [WARNING] [ENTRY BLOCK] AEON/USDT:USDT — 최대 포지션 수 도달: 2/2
2026-07-30 23:55:52,595 [INFO] [SIG] PEPE/USDT:USDT LONG 신호 포착 (강도 95%)
2026-07-30 23:55:52,595 [INFO] [SIGNAL] PEPE/USDT:USDT LONG 신호 수신 (strength=95)
2026-07-30 23:55:52,990 [INFO] [RISK OK] PEPE/USDT:USDT 리스크 체크 통과
2026-07-30 23:55:53,271 [WARNING] [ENTRY BLOCK] PEPE/USDT:USDT — 최대 포지션 수 도달: 2/2
2026-07-30 23:55:54,280 [INFO] [SIG] UNI/USDT:USDT LONG 신호 포착 (강도 95%)
2026-07-30 23:55:54,280 [INFO] [SIGNAL] UNI/USDT:USDT LONG 신호 수신 (strength=95)
2026-07-30 23:55:54,678 [INFO] [RISK OK] UNI/USDT:USDT 리스크 체크 통과
2026-07-30 23:55:55,058 [WARNING] [ENTRY BLOCK] UNI/USDT:USDT — 최대 포지션 수 도달: 2/2
2026-07-30 23:55:55,645 [INFO] [SIG] SUI/USDT:USDT LONG 신호 포착 (강도 95%)
2026-07-30 23:55:55,646 [INFO] [SIGNAL] SUI/USDT:USDT LONG 신호 수신 (strength=95)
2026-07-30 23:55:56,043 [INFO] [RISK OK] SUI/USDT:USDT 리스크 체크 통과
2026-07-30 23:55:56,324 [WARNING] [ENTRY BLOCK] SUI/USDT:USDT — 최대 포지션 수 도달: 2/2
2026-07-30 23:55:57,352 [INFO] [SIG] BNB/USDT:USDT LONG 신호 포착 (강도 95%)
2026-07-30 23:55:57,353 [INFO] [SIGNAL] BNB/USDT:USDT LONG 신호 수신 (strength=95)
2026-07-30 23:55:57,747 [INFO] [RISK OK] BNB/USDT:USDT 리스크 체크 통과
2026-07-30 23:55:58,027 [WARNING] [ENTRY BLOCK] BNB/USDT:USDT — 최대 포지션 수 도달: 2/2
2026-07-30 23:55:58,614 [INFO] [SIG] ADA/USDT:USDT SHORT 신호 포착 (강도 90%)
2026-07-30 23:55:58,614 [INFO] [SIGNAL] ADA/USDT:USDT SHORT 신호 수신 (strength=90)
2026-07-30 23:55:59,006 [INFO] [RISK OK] ADA/USDT:USDT 리스크 체크 통과
2026-07-30 23:55:59,285 [WARNING] [ENTRY BLOCK] ADA/USDT:USDT — 최대 포지션 수 도달: 2/2
2026-07-30 23:56:00,289 [INFO] [SIG] RE/USDT:USDT SHORT 신호 포착 (강도 95%)
2026-07-30 23:56:00,289 [INFO] [SIGNAL] RE/USDT:USDT SHORT 신호 수신 (strength=95)
2026-07-30 23:56:00,734 [INFO] [RISK OK] RE/USDT:USDT 리스크 체크 통과
2026-07-30 23:56:01,061 [WARNING] [ENTRY BLOCK] RE/USDT:USDT — 최대 포지션 수 도달: 2/2
2026-07-30 23:56:01,657 [INFO] [SIG] TRX/USDT:USDT LONG 신호 포착 (강도 95%)
2026-07-30 23:56:01,658 [INFO] [SIGNAL] TRX/USDT:USDT LONG 신호 수신 (strength=95)
2026-07-30 23:56:02,054 [INFO] [RISK OK] TRX/USDT:USDT 리스크 체크 통과
2026-07-30 23:56:02,444 [WARNING] [ENTRY BLOCK] TRX/USDT:USDT — 최대 포지션 수 도달: 2/2
2026-07-30 23:56:03,332 [INFO] [SCAN] 완료: 18개 종목 · 신호 11개 · API 호출 18회 · 캐시 히트 0회
2026-07-30 23:56:10,434 [INFO] [SCAN] 블랙리스트 4개 제외: ['IP/USDT:USDT', 'NES/USDT:USDT', 'WLD/USDT:USDT', 'XAG/USDT:USDT', 'XAU/USDT:USDT', 'XAUT/USDT:USDT']
2026-07-30 23:56:10,435 [INFO] [SCAN] 스캔 시작: 30개 페어 (캐시 19개 보유)
2026-07-30 23:56:11,900 [INFO] [SIG] XRP/USDT:USDT LONG 신호 포착 (강도 95%)
2026-07-30 23:56:11,900 [INFO] [SIGNAL] XRP/USDT:USDT LONG 신호 수신 (strength=95)
2026-07-30 23:56:12,302 [INFO] [RISK OK] XRP/USDT:USDT 리스크 체크 통과
2026-07-30 23:56:12,631 [WARNING] [ENTRY BLOCK] XRP/USDT:USDT — 최대 포지션 수 도달: 2/2
2026-07-30 23:56:13,218 [INFO] [SIG] DOGE/USDT:USDT LONG 신호 포착 (강도 95%)
2026-07-30 23:56:13,219 [INFO] [SIGNAL] DOGE/USDT:USDT LONG 신호 수신 (strength=95)
2026-07-30 23:56:13,717 [INFO] [RISK OK] DOGE/USDT:USDT 리스크 체크 통과
2026-07-30 23:56:13,996 [WARNING] [ENTRY BLOCK] DOGE/USDT:USDT — 최대 포지션 수 도달: 2/2
2026-07-30 23:56:14,999 [INFO] [SIG] AEON/USDT:USDT SHORT 신호 포착 (강도 95%)
2026-07-30 23:56:15,000 [INFO] [SIGNAL] AEON/USDT:USDT SHORT 신호 수신 (strength=95)
2026-07-30 23:56:15,510 [INFO] [RISK OK] AEON/USDT:USDT 리스크 체크 통과
2026-07-30 23:56:15,895 [WARNING] [ENTRY BLOCK] AEON/USDT:USDT — 최대 포지션 수 도달: 2/2
2026-07-30 23:56:16,479 [INFO] [SIG] PEPE/USDT:USDT LONG 신호 포착 (강도 95%)
2026-07-30 23:56:16,480 [INFO] [SIGNAL] PEPE/USDT:USDT LONG 신호 수신 (strength=95)
2026-07-30 23:56:16,879 [INFO] [RISK OK] PEPE/USDT:USDT 리스크 체크 통과
2026-07-30 23:56:17,260 [WARNING] [ENTRY BLOCK] PEPE/USDT:USDT — 최대 포지션 수 도달: 2/2
2026-07-30 23:56:18,266 [INFO] [SIG] UNI/USDT:USDT LONG 신호 포착 (강도 95%)
2026-07-30 23:56:18,267 [INFO] [SIGNAL] UNI/USDT:USDT LONG 신호 수신 (strength=95)
2026-07-30 23:56:18,697 [INFO] [RISK OK] UNI/USDT:USDT 리스크 체크 통과
2026-07-30 23:56:18,975 [WARNING] [ENTRY BLOCK] UNI/USDT:USDT — 최대 포지션 수 도달: 2/2
2026-07-30 23:56:19,616 [INFO] [SIG] SUI/USDT:USDT LONG 신호 포착 (강도 95%)
2026-07-30 23:56:19,616 [INFO] [SIGNAL] SUI/USDT:USDT LONG 신호 수신 (strength=95)
2026-07-30 23:56:20,051 [INFO] [RISK OK] SUI/USDT:USDT 리스크 체크 통과
2026-07-30 23:56:20,332 [WARNING] [ENTRY BLOCK] SUI/USDT:USDT — 최대 포지션 수 도달: 2/2
2026-07-30 23:56:21,381 [INFO] [SIG] BNB/USDT:USDT LONG 신호 포착 (강도 95%)
2026-07-30 23:56:21,381 [INFO] [SIGNAL] BNB/USDT:USDT LONG 신호 수신 (strength=95)
2026-07-30 23:56:21,780 [INFO] [RISK OK] BNB/USDT:USDT 리스크 체크 통과
2026-07-30 23:56:22,058 [WARNING] [ENTRY BLOCK] BNB/USDT:USDT — 최대 포지션 수 도달: 2/2
2026-07-30 23:56:22,685 [INFO] [SIG] ADA/USDT:USDT SHORT 신호 포착 (강도 90%)
2026-07-30 23:56:22,685 [INFO] [SIGNAL] ADA/USDT:USDT SHORT 신호 수신 (strength=90)
2026-07-30 23:56:23,183 [INFO] [RISK OK] ADA/USDT:USDT 리스크 체크 통과
2026-07-30 23:56:23,466 [WARNING] [ENTRY BLOCK] ADA/USDT:USDT — 최대 포지션 수 도달: 2/2
2026-07-30 23:56:24,463 [INFO] [SIG] RE/USDT:USDT SHORT 신호 포착 (강도 95%)
2026-07-30 23:56:24,464 [INFO] [SIGNAL] RE/USDT:USDT SHORT 신호 수신 (strength=95)
2026-07-30 23:56:24,861 [INFO] [RISK OK] RE/USDT:USDT 리스크 체크 통과
2026-07-30 23:56:25,139 [WARNING] [ENTRY BLOCK] RE/USDT:USDT — 최대 포지션 수 도달: 2/2
2026-07-30 23:56:25,719 [INFO] [SIG] TRX/USDT:USDT LONG 신호 포착 (강도 95%)
2026-07-30 23:56:25,719 [INFO] [SIGNAL] TRX/USDT:USDT LONG 신호 수신 (strength=95)
2026-07-30 23:56:26,332 [INFO] [RISK OK] TRX/USDT:USDT 리스크 체크 통과
2026-07-30 23:56:26,658 [WARNING] [ENTRY BLOCK] TRX/USDT:USDT — 최대 포지션 수 도달: 2/2
2026-07-30 23:56:27,109 [INFO] [상태] 잔고:$109.31 | 포지션:2개 | 스캔:160회 | 스캐너:ON
2026-07-30 23:56:27,630 [INFO] [SCAN] 완료: 18개 종목 · 신호 10개 · API 호출 18회 · 캐시 히트 0회
2026-07-30 23:56:32,867 [INFO] [SCAN] 블랙리스트 4개 제외: ['IP/USDT:USDT', 'NES/USDT:USDT', 'WLD/USDT:USDT', 'XAG/USDT:USDT', 'XAU/USDT:USDT', 'XAUT/USDT:USDT']
2026-07-30 23:56:32,867 [INFO] [SCAN] 스캔 시작: 30개 페어 (캐시 19개 보유)
2026-07-30 23:56:34,376 [INFO] [SIG] XRP/USDT:USDT LONG 신호 포착 (강도 95%)
2026-07-30 23:56:34,376 [INFO] [SIGNAL] XRP/USDT:USDT LONG 신호 수신 (strength=95)
2026-07-30 23:56:34,876 [INFO] [RISK OK] XRP/USDT:USDT 리스크 체크 통과
2026-07-30 23:56:35,261 [WARNING] [ENTRY BLOCK] XRP/USDT:USDT — 최대 포지션 수 도달: 2/2
2026-07-30 23:56:35,850 [INFO] [SIG] DOGE/USDT:USDT LONG 신호 포착 (강도 95%)
2026-07-30 23:56:35,850 [INFO] [SIGNAL] DOGE/USDT:USDT LONG 신호 수신 (strength=95)
2026-07-30 23:56:36,397 [INFO] [RISK OK] DOGE/USDT:USDT 리스크 체크 통과
2026-07-30 23:56:36,675 [WARNING] [ENTRY BLOCK] DOGE/USDT:USDT — 최대 포지션 수 도달: 2/2
2026-07-30 23:56:37,690 [INFO] [SIG] AEON/USDT:USDT SHORT 신호 포착 (강도 95%)
2026-07-30 23:56:37,691 [INFO] [SIGNAL] AEON/USDT:USDT SHORT 신호 수신 (strength=95)
2026-07-30 23:56:38,229 [INFO] [RISK OK] AEON/USDT:USDT 리스크 체크 통과
2026-07-30 23:56:38,507 [WARNING] [ENTRY BLOCK] AEON/USDT:USDT — 최대 포지션 수 도달: 2/2
2026-07-30 23:56:39,092 [INFO] [SIG] PEPE/USDT:USDT LONG 신호 포착 (강도 95%)
2026-07-30 23:56:39,092 [INFO] [SIGNAL] PEPE/USDT:USDT LONG 신호 수신 (strength=95)
2026-07-30 23:56:39,486 [INFO] [RISK OK] PEPE/USDT:USDT 리스크 체크 통과
2026-07-30 23:56:39,914 [WARNING] [ENTRY BLOCK] PEPE/USDT:USDT — 최대 포지션 수 도달: 2/2
2026-07-30 23:56:40,957 [INFO] [SIG] UNI/USDT:USDT LONG 신호 포착 (강도 95%)
2026-07-30 23:56:40,957 [INFO] [SIGNAL] UNI/USDT:USDT LONG 신호 수신 (strength=95)
2026-07-30 23:56:41,352 [INFO] [RISK OK] UNI/USDT:USDT 리스크 체크 통과
2026-07-30 23:56:41,734 [WARNING] [ENTRY BLOCK] UNI/USDT:USDT — 최대 포지션 수 도달: 2/2
2026-07-30 23:56:42,319 [INFO] [SIG] SUI/USDT:USDT LONG 신호 포착 (강도 95%)
2026-07-30 23:56:42,319 [INFO] [SIGNAL] SUI/USDT:USDT LONG 신호 수신 (strength=95)
2026-07-30 23:56:42,714 [INFO] [RISK OK] SUI/USDT:USDT 리스크 체크 통과
2026-07-30 23:56:42,992 [WARNING] [ENTRY BLOCK] SUI/USDT:USDT — 최대 포지션 수 도달: 2/2
2026-07-30 23:56:43,992 [INFO] [SIG] BNB/USDT:USDT LONG 신호 포착 (강도 95%)
2026-07-30 23:56:43,993 [INFO] [SIGNAL] BNB/USDT:USDT LONG 신호 수신 (strength=95)
2026-07-30 23:56:44,597 [INFO] [RISK OK] BNB/USDT:USDT 리스크 체크 통과
2026-07-30 23:56:45,030 [WARNING] [ENTRY BLOCK] BNB/USDT:USDT — 최대 포지션 수 도달: 2/2
2026-07-30 23:56:45,614 [INFO] [SIG] ADA/USDT:USDT SHORT 신호 포착 (강도 90%)
2026-07-30 23:56:45,614 [INFO] [SIGNAL] ADA/USDT:USDT SHORT 신호 수신 (strength=90)
2026-07-30 23:56:46,113 [INFO] [RISK OK] ADA/USDT:USDT 리스크 체크 통과
2026-07-30 23:56:46,439 [WARNING] [ENTRY BLOCK] ADA/USDT:USDT — 최대 포지션 수 도달: 2/2
2026-07-30 23:56:47,446 [INFO] [SIG] RE/USDT:USDT SHORT 신호 포착 (강도 95%)
2026-07-30 23:56:47,447 [INFO] [SIGNAL] RE/USDT:USDT SHORT 신호 수신 (strength=95)
2026-07-30 23:56:47,882 [INFO] [RISK OK] RE/USDT:USDT 리스크 체크 통과
2026-07-30 23:56:48,163 [WARNING] [ENTRY BLOCK] RE/USDT:USDT — 최대 포지션 수 도달: 2/2
2026-07-30 23:56:48,809 [INFO] [SIG] TRX/USDT:USDT LONG 신호 포착 (강도 95%)
2026-07-30 23:56:48,809 [INFO] [SIGNAL] TRX/USDT:USDT LONG 신호 수신 (strength=95)
2026-07-30 23:56:49,426 [INFO] [RISK OK] TRX/USDT:USDT 리스크 체크 통과
2026-07-30 23:56:49,810 [WARNING] [ENTRY BLOCK] TRX/USDT:USDT — 최대 포지션 수 도달: 2/2
2026-07-30 23:56:50,693 [INFO] [SCAN] 완료: 18개 종목 · 신호 10개 · API 호출 18회 · 캐시 히트 0회
2026-07-30 23:56:55,894 [INFO] [SCAN] 블랙리스트 4개 제외: ['IP/USDT:USDT', 'NES/USDT:USDT', 'WLD/USDT:USDT', 'XAG/USDT:USDT', 'XAU/USDT:USDT', 'XAUT/USDT:USDT']
2026-07-30 23:56:55,895 [INFO] [SCAN] 스캔 시작: 30개 페어 (캐시 19개 보유)
2026-07-30 23:56:57,016 [INFO] [SIG] SOL/USDT:USDT LONG 신호 포착 (강도 95%)
2026-07-30 23:56:57,016 [INFO] [SIGNAL] SOL/USDT:USDT LONG 신호 수신 (strength=95)
2026-07-30 23:56:57,535 [INFO] [RISK OK] SOL/USDT:USDT 리스크 체크 통과
2026-07-30 23:56:57,816 [INFO] [ENTRY BLOCK] SOL/USDT:USDT — 이미 포지션 보유 또는 진입 주문 전송 중
2026-07-30 23:56:58,438 [INFO] [SIG] XRP/USDT:USDT LONG 신호 포착 (강도 95%)
2026-07-30 23:56:58,438 [INFO] [SIGNAL] XRP/USDT:USDT LONG 신호 수신 (strength=95)
2026-07-30 23:56:58,878 [INFO] [RISK OK] XRP/USDT:USDT 리스크 체크 통과
2026-07-30 23:56:59,156 [WARNING] [ENTRY BLOCK] XRP/USDT:USDT — 최대 포지션 수 도달: 2/2
2026-07-30 23:56:59,739 [INFO] [SIG] DOGE/USDT:USDT LONG 신호 포착 (강도 95%)
2026-07-30 23:56:59,739 [INFO] [SIGNAL] DOGE/USDT:USDT LONG 신호 수신 (strength=95)
2026-07-30 23:57:00,276 [INFO] [RISK OK] DOGE/USDT:USDT 리스크 체크 통과
2026-07-30 23:57:00,560 [WARNING] [ENTRY BLOCK] DOGE/USDT:USDT — 최대 포지션 수 도달: 2/2
2026-07-30 23:57:01,578 [INFO] [SIG] AEON/USDT:USDT SHORT 신호 포착 (강도 95%)
2026-07-30 23:57:01,578 [INFO] [SIGNAL] AEON/USDT:USDT SHORT 신호 수신 (strength=95)
2026-07-30 23:57:01,984 [INFO] [RISK OK] AEON/USDT:USDT 리스크 체크 통과
2026-07-30 23:57:02,305 [WARNING] [ENTRY BLOCK] AEON/USDT:USDT — 최대 포지션 수 도달: 2/2
2026-07-30 23:57:02,889 [INFO] [SIG] PEPE/USDT:USDT LONG 신호 포착 (강도 95%)
2026-07-30 23:57:02,889 [INFO] [SIGNAL] PEPE/USDT:USDT LONG 신호 수신 (strength=95)
2026-07-30 23:57:03,299 [INFO] [RISK OK] PEPE/USDT:USDT 리스크 체크 통과
2026-07-30 23:57:03,578 [WARNING] [ENTRY BLOCK] PEPE/USDT:USDT — 최대 포지션 수 도달: 2/2
2026-07-30 23:57:04,582 [INFO] [SIG] UNI/USDT:USDT LONG 신호 포착 (강도 95%)
2026-07-30 23:57:04,582 [INFO] [SIGNAL] UNI/USDT:USDT LONG 신호 수신 (strength=95)
2026-07-30 23:57:05,084 [INFO] [RISK OK] UNI/USDT:USDT 리스크 체크 통과
2026-07-30 23:57:05,363 [WARNING] [ENTRY BLOCK] UNI/USDT:USDT — 최대 포지션 수 도달: 2/2
2026-07-30 23:57:05,945 [INFO] [SIG] SUI/USDT:USDT LONG 신호 포착 (강도 95%)
2026-07-30 23:57:05,945 [INFO] [SIGNAL] SUI/USDT:USDT LONG 신호 수신 (strength=95)
2026-07-30 23:57:06,338 [INFO] [RISK OK] SUI/USDT:USDT 리스크 체크 통과
2026-07-30 23:57:06,618 [WARNING] [ENTRY BLOCK] SUI/USDT:USDT — 최대 포지션 수 도달: 2/2
2026-07-30 23:57:07,626 [INFO] [SIG] BNB/USDT:USDT LONG 신호 포착 (강도 95%)
2026-07-30 23:57:07,626 [INFO] [SIGNAL] BNB/USDT:USDT LONG 신호 수신 (strength=95)
2026-07-30 23:57:08,021 [INFO] [RISK OK] BNB/USDT:USDT 리스크 체크 통과
2026-07-30 23:57:08,305 [WARNING] [ENTRY BLOCK] BNB/USDT:USDT — 최대 포지션 수 도달: 2/2
2026-07-30 23:57:08,712 [INFO] 🛑 봇 종료
2026-07-30 23:57:08,712 [INFO] [SCAN] 완료: 13개 종목 · 신호 8개 · API 호출 13회 · 캐시 히트 0회
2026-07-30 23:57:08,746 [WARNING] okx requires to release all resources with an explicit call to the .close() coroutine. If you are using the exchange instance with async coroutines, add `await exchange.close()` to your code into a place when you're done with the exchange and don't need the exchange instance anymore (at the end of your async coroutine).
2026-07-30 23:57:08,746 [ERROR] Unclosed connector
connections: ['deque([(<aiohttp.client_proto.ResponseHandler object at 0x113503a00>, 3202.930191625), (<aiohttp.client_proto.ResponseHandler object at 0x113597fa0>, 3203.213644958)])']
connector: <aiohttp.connector.TCPConnector object at 0x109abd7c0>
2026-07-30 23:57:08,746 [ERROR] Fatal error on SSL transport
protocol: <asyncio.sslproto.SSLProtocol object at 0x113641cd0>
transport: <_SelectorSocketTransport closing fd=15>
Traceback (most recent call last):
  File "/Library/Developer/CommandLineTools/Library/Frameworks/Python3.framework/Versions/3.9/lib/python3.9/asyncio/selector_events.py", line 918, in write
    n = self._sock.send(data)
OSError: [Errno 9] Bad file descriptor

During handling of the above exception, another exception occurred:

Traceback (most recent call last):
  File "/Library/Developer/CommandLineTools/Library/Frameworks/Python3.framework/Versions/3.9/lib/python3.9/asyncio/sslproto.py", line 684, in _process_write_backlog
    self._transport.write(chunk)
  File "/Library/Developer/CommandLineTools/Library/Frameworks/Python3.framework/Versions/3.9/lib/python3.9/asyncio/selector_events.py", line 924, in write
    self._fatal_error(exc, 'Fatal write error on socket transport')
  File "/Library/Developer/CommandLineTools/Library/Frameworks/Python3.framework/Versions/3.9/lib/python3.9/asyncio/selector_events.py", line 719, in _fatal_error
    self._force_close(exc)
  File "/Library/Developer/CommandLineTools/Library/Frameworks/Python3.framework/Versions/3.9/lib/python3.9/asyncio/selector_events.py", line 731, in _force_close
    self._loop.call_soon(self._call_connection_lost, exc)
  File "/Library/Developer/CommandLineTools/Library/Frameworks/Python3.framework/Versions/3.9/lib/python3.9/asyncio/base_events.py", line 746, in call_soon
    self._check_closed()
  File "/Library/Developer/CommandLineTools/Library/Frameworks/Python3.framework/Versions/3.9/lib/python3.9/asyncio/base_events.py", line 510, in _check_closed
    raise RuntimeError('Event loop is closed')
RuntimeError: Event loop is closed

===== [2026-07-31 00:00:20] watchdog 실행: 8401_bot =====
/Users/l/project/8401/venv/lib/python3.9/site-packages/urllib3/__init__.py:35: NotOpenSSLWarning: urllib3 v2 only supports OpenSSL 1.1.1+, currently the 'ssl' module is compiled with 'LibreSSL 2.8.3'. See: https://github.com/urllib3/urllib3/issues/3020
  warnings.warn(
2026-07-31 00:00:21,218 [INFO] [CONFIG] JSON 설정 로드: /Users/l/project/8401/config.json
2026-07-31 00:00:21,222 [INFO] =======================================================
2026-07-31 00:00:21,222 [INFO]   8401_okx 매매 엔진 시작 (목표: 일 1% 수익)
2026-07-31 00:00:21,222 [INFO]   전략: 박스권 & 프랙탈  |  TF: 5m
2026-07-31 00:00:21,222 [INFO]   레버리지: 5x  |  증거금: $1.0
2026-07-31 00:00:21,222 [INFO]   SL: 0.7%  TP: 1.2%
2026-07-31 00:00:21,222 [INFO]   스캔 TOP-N: 30  |  자동매매: True
2026-07-31 00:00:21,222 [INFO] =======================================================
2026-07-31 00:00:21,223 [INFO]   ▶ 실행 코드 버전(git): 7627145  PID: 57623  시작: 2026-07-31 00:00:21
2026-07-31 00:00:21,223 [INFO] ▶ OKX API 연결 중...
2026-07-31 00:00:21,984 [INFO] 마켓 로드 완료: 436개 종목
2026-07-31 00:00:21,984 [INFO] ✅ OKX API 연결 성공
2026-07-31 00:00:22,155 [INFO] 💰 잔고: 총 $109.81  |  가용 $43.97 USDT
2026-07-31 00:00:22,156 [INFO] [PERSIST] 활성 포지션 상태 복구 완료 (2건)
2026-07-31 00:00:22,156 [INFO] [PERSIST] AEON/USDT:USDT 종목별 쿨다운 복구 완료 (만료: 2026-07-31 00:04:58.843242)
2026-07-31 00:00:22,156 [INFO] [TRADER] 자동매매 활성화 (Async)
2026-07-31 00:00:22,156 [INFO] [SCANNER] 스캔 엔진 시작 (Async)
2026-07-31 00:00:22,156 [INFO] [SCANNER] 웹소켓 비활성(REST 전용) — 안정성 우선
2026-07-31 00:00:22,156 [INFO] 🤖 자동매매 + 스캐너 가동 완료 — 상시 운영 시작
2026-07-31 00:00:22,156 [INFO] [DISCORD FILTER] '자동매매 엔진 가동 완료' 알림 금지 처리됨
2026-07-31 00:00:22,578 [INFO] [SCAN] 블랙리스트 4개 제외: ['IP/USDT:USDT', 'NES/USDT:USDT', 'WLD/USDT:USDT', 'XAG/USDT:USDT', 'XAU/USDT:USDT', 'XAUT/USDT:USDT']
2026-07-31 00:00:22,578 [INFO] [SCAN] 스캔 시작: 30개 페어 (캐시 0개 보유)
2026-07-31 00:00:22,748 [INFO] [CACHE] BTC/USDT:USDT 초기 로드 300봉
2026-07-31 00:00:23,371 [INFO] [CACHE] ETH/USDT:USDT 초기 로드 300봉
2026-07-31 00:00:23,994 [INFO] [CACHE] SOL/USDT:USDT 초기 로드 300봉
2026-07-31 00:00:23,998 [INFO] [SIG] SOL/USDT:USDT LONG 신호 포착 (강도 95%)
2026-07-31 00:00:23,998 [INFO] [SIGNAL] SOL/USDT:USDT LONG 신호 수신 (strength=95)
2026-07-31 00:00:24,397 [INFO] [RISK OK] SOL/USDT:USDT 리스크 체크 통과
2026-07-31 00:00:24,678 [INFO] [ENTRY BLOCK] SOL/USDT:USDT — 이미 포지션 보유 또는 진입 주문 전송 중
2026-07-31 00:00:25,477 [INFO] [CACHE] XRP/USDT:USDT 초기 로드 300봉
2026-07-31 00:00:25,484 [INFO] [SIG] XRP/USDT:USDT LONG 신호 포착 (강도 95%)
2026-07-31 00:00:25,484 [INFO] [SIGNAL] XRP/USDT:USDT LONG 신호 수신 (strength=95)
2026-07-31 00:00:26,086 [INFO] [RISK OK] XRP/USDT:USDT 리스크 체크 통과
2026-07-31 00:00:26,371 [WARNING] [ENTRY BLOCK] XRP/USDT:USDT — 최대 포지션 수 도달: 2/2
2026-07-31 00:00:27,170 [INFO] [CACHE] DOGE/USDT:USDT 초기 로드 300봉
2026-07-31 00:00:27,176 [INFO] [SIG] DOGE/USDT:USDT LONG 신호 포착 (강도 95%)
2026-07-31 00:00:27,177 [INFO] [SIGNAL] DOGE/USDT:USDT LONG 신호 수신 (strength=95)
2026-07-31 00:00:27,730 [INFO] [RISK OK] DOGE/USDT:USDT 리스크 체크 통과
2026-07-31 00:00:28,059 [INFO] [상태] 잔고:$109.72 | 포지션:2개 | 스캔:0회 | 스캐너:ON
2026-07-31 00:00:28,171 [WARNING] [ENTRY BLOCK] DOGE/USDT:USDT — 최대 포지션 수 도달: 2/2
2026-07-31 00:00:28,960 [INFO] [CACHE] HYPE/USDT:USDT 초기 로드 300봉
2026-07-31 00:00:29,585 [INFO] [CACHE] PEPE/USDT:USDT 초기 로드 300봉
2026-07-31 00:00:29,590 [INFO] [SIG] PEPE/USDT:USDT LONG 신호 포착 (강도 95%)
2026-07-31 00:00:29,590 [INFO] [SIGNAL] PEPE/USDT:USDT LONG 신호 수신 (strength=95)
2026-07-31 00:00:29,983 [INFO] [RISK OK] PEPE/USDT:USDT 리스크 체크 통과
2026-07-31 00:00:30,264 [WARNING] [ENTRY BLOCK] PEPE/USDT:USDT — 최대 포지션 수 도달: 2/2
2026-07-31 00:00:31,090 [INFO] [CACHE] AEON/USDT:USDT 초기 로드 300봉
2026-07-31 00:00:31,093 [INFO] [SIG] AEON/USDT:USDT SHORT 신호 포착 (강도 95%)
2026-07-31 00:00:31,093 [INFO] [SIGNAL] AEON/USDT:USDT SHORT 신호 수신 (strength=95)
2026-07-31 00:00:31,093 [WARNING] [RISK BLOCK] AEON/USDT:USDT — AEON/USDT:USDT 종목별 쿨다운 진행 중 (남은 시간: 267.7초)
2026-07-31 00:00:31,723 [INFO] [CACHE] ZEC/USDT:USDT 초기 로드 300봉
2026-07-31 00:00:32,404 [INFO] [CACHE] UNI/USDT:USDT 초기 로드 300봉
2026-07-31 00:00:32,411 [INFO] [SIG] UNI/USDT:USDT LONG 신호 포착 (강도 95%)
2026-07-31 00:00:32,411 [INFO] [SIGNAL] UNI/USDT:USDT LONG 신호 수신 (strength=95)
2026-07-31 00:00:32,845 [INFO] [RISK OK] UNI/USDT:USDT 리스크 체크 통과
2026-07-31 00:00:33,123 [WARNING] [ENTRY BLOCK] UNI/USDT:USDT — 최대 포지션 수 도달: 2/2
2026-07-31 00:00:33,958 [INFO] [CACHE] SUI/USDT:USDT 초기 로드 300봉
2026-07-31 00:00:33,965 [INFO] [SIG] SUI/USDT:USDT LONG 신호 포착 (강도 95%)
2026-07-31 00:00:33,965 [INFO] [SIGNAL] SUI/USDT:USDT LONG 신호 수신 (strength=95)
2026-07-31 00:00:34,570 [INFO] [RISK OK] SUI/USDT:USDT 리스크 체크 통과
2026-07-31 00:00:34,950 [WARNING] [ENTRY BLOCK] SUI/USDT:USDT — 최대 포지션 수 도달: 2/2
2026-07-31 00:00:35,734 [INFO] [CACHE] KAITO/USDT:USDT 초기 로드 300봉
2026-07-31 00:00:36,359 [INFO] [CACHE] ADA/USDT:USDT 초기 로드 300봉
2026-07-31 00:00:36,986 [INFO] [CACHE] BNB/USDT:USDT 초기 로드 300봉
2026-07-31 00:00:36,991 [INFO] [SIG] BNB/USDT:USDT LONG 신호 포착 (강도 95%)
2026-07-31 00:00:36,991 [INFO] [SIGNAL] BNB/USDT:USDT LONG 신호 수신 (strength=95)
2026-07-31 00:00:37,386 [INFO] [RISK OK] BNB/USDT:USDT 리스크 체크 통과
2026-07-31 00:00:37,666 [WARNING] [ENTRY BLOCK] BNB/USDT:USDT — 최대 포지션 수 도달: 2/2
2026-07-31 00:00:38,451 [INFO] [CACHE] ONDO/USDT:USDT 초기 로드 300봉
2026-07-31 00:00:39,090 [INFO] [CACHE] TRX/USDT:USDT 초기 로드 300봉
2026-07-31 00:00:39,096 [INFO] [SIG] TRX/USDT:USDT LONG 신호 포착 (강도 95%)
2026-07-31 00:00:39,096 [INFO] [SIGNAL] TRX/USDT:USDT LONG 신호 수신 (strength=95)
2026-07-31 00:00:39,496 [INFO] [RISK OK] TRX/USDT:USDT 리스크 체크 통과
2026-07-31 00:00:39,783 [WARNING] [ENTRY BLOCK] TRX/USDT:USDT — 최대 포지션 수 도달: 2/2
2026-07-31 00:00:40,570 [INFO] [CACHE] RE/USDT:USDT 초기 로드 300봉
2026-07-31 00:00:41,238 [INFO] [CACHE] FIL/USDT:USDT 초기 로드 300봉
2026-07-31 00:00:41,741 [INFO] [SCAN] 완료: 18개 종목 · 신호 9개 · API 호출 18회 · 캐시 히트 0회
2026-07-31 00:00:48,799 [INFO] [SCAN] 블랙리스트 4개 제외: ['IP/USDT:USDT', 'NES/USDT:USDT', 'WLD/USDT:USDT', 'XAG/USDT:USDT', 'XAU/USDT:USDT', 'XAUT/USDT:USDT']
2026-07-31 00:00:48,799 [INFO] [SCAN] 스캔 시작: 30개 페어 (캐시 18개 보유)
2026-07-31 00:00:49,843 [INFO] [SIG] SOL/USDT:USDT LONG 신호 포착 (강도 95%)
2026-07-31 00:00:49,843 [INFO] [SIGNAL] SOL/USDT:USDT LONG 신호 수신 (strength=95)
2026-07-31 00:00:50,275 [INFO] [RISK OK] SOL/USDT:USDT 리스크 체크 통과
2026-07-31 00:00:50,602 [INFO] [ENTRY BLOCK] SOL/USDT:USDT — 이미 포지션 보유 또는 진입 주문 전송 중
2026-07-31 00:00:51,238 [INFO] [SIG] XRP/USDT:USDT LONG 신호 포착 (강도 95%)
2026-07-31 00:00:51,238 [INFO] [SIGNAL] XRP/USDT:USDT LONG 신호 수신 (strength=95)
2026-07-31 00:00:51,838 [INFO] [RISK OK] XRP/USDT:USDT 리스크 체크 통과
2026-07-31 00:00:52,168 [WARNING] [ENTRY BLOCK] XRP/USDT:USDT — 최대 포지션 수 도달: 2/2
2026-07-31 00:00:52,752 [INFO] [SIG] DOGE/USDT:USDT LONG 신호 포착 (강도 95%)
2026-07-31 00:00:52,752 [INFO] [SIGNAL] DOGE/USDT:USDT LONG 신호 수신 (strength=95)
2026-07-31 00:00:53,184 [INFO] [RISK OK] DOGE/USDT:USDT 리스크 체크 통과
2026-07-31 00:00:53,465 [WARNING] [ENTRY BLOCK] DOGE/USDT:USDT — 최대 포지션 수 도달: 2/2
2026-07-31 00:00:54,513 [INFO] [SIG] PEPE/USDT:USDT LONG 신호 포착 (강도 95%)
2026-07-31 00:00:54,513 [INFO] [SIGNAL] PEPE/USDT:USDT LONG 신호 수신 (strength=95)
2026-07-31 00:00:55,013 [INFO] [RISK OK] PEPE/USDT:USDT 리스크 체크 통과
2026-07-31 00:00:55,332 [WARNING] [ENTRY BLOCK] PEPE/USDT:USDT — 최대 포지션 수 도달: 2/2
2026-07-31 00:00:55,976 [INFO] [SIG] AEON/USDT:USDT SHORT 신호 포착 (강도 95%)
2026-07-31 00:00:55,976 [INFO] [SIGNAL] AEON/USDT:USDT SHORT 신호 수신 (strength=95)
2026-07-31 00:00:55,976 [WARNING] [RISK BLOCK] AEON/USDT:USDT — AEON/USDT:USDT 종목별 쿨다운 진행 중 (남은 시간: 242.9초)
2026-07-31 00:00:56,827 [INFO] [SIG] UNI/USDT:USDT LONG 신호 포착 (강도 95%)
2026-07-31 00:00:56,827 [INFO] [SIGNAL] UNI/USDT:USDT LONG 신호 수신 (strength=95)
2026-07-31 00:00:57,224 [INFO] [RISK OK] UNI/USDT:USDT 리스크 체크 통과
2026-07-31 00:00:57,550 [WARNING] [ENTRY BLOCK] UNI/USDT:USDT — 최대 포지션 수 도달: 2/2
2026-07-31 00:00:58,134 [INFO] [SIG] SUI/USDT:USDT LONG 신호 포착 (강도 95%)
2026-07-31 00:00:58,135 [INFO] [SIGNAL] SUI/USDT:USDT LONG 신호 수신 (strength=95)
2026-07-31 00:00:58,530 [INFO] [RISK OK] SUI/USDT:USDT 리스크 체크 통과
2026-07-31 00:00:58,959 [WARNING] [ENTRY BLOCK] SUI/USDT:USDT — 최대 포지션 수 도달: 2/2
2026-07-31 00:01:00,468 [INFO] [SIG] BNB/USDT:USDT LONG 신호 포착 (강도 95%)
2026-07-31 00:01:00,468 [INFO] [SIGNAL] BNB/USDT:USDT LONG 신호 수신 (strength=95)
2026-07-31 00:01:00,860 [INFO] [RISK OK] BNB/USDT:USDT 리스크 체크 통과
2026-07-31 00:01:01,139 [WARNING] [ENTRY BLOCK] BNB/USDT:USDT — 최대 포지션 수 도달: 2/2
2026-07-31 00:01:02,190 [INFO] [SIG] TRX/USDT:USDT LONG 신호 포착 (강도 95%)
2026-07-31 00:01:02,190 [INFO] [SIGNAL] TRX/USDT:USDT LONG 신호 수신 (strength=95)
2026-07-31 00:01:02,725 [INFO] [RISK OK] TRX/USDT:USDT 리스크 체크 통과
2026-07-31 00:01:03,152 [WARNING] [ENTRY BLOCK] TRX/USDT:USDT — 최대 포지션 수 도달: 2/2
2026-07-31 00:01:04,496 [INFO] [SCAN] 완료: 18개 종목 · 신호 9개 · API 호출 18회 · 캐시 히트 0회
2026-07-31 00:01:09,724 [INFO] [SCAN] 블랙리스트 4개 제외: ['IP/USDT:USDT', 'NES/USDT:USDT', 'WLD/USDT:USDT', 'XAG/USDT:USDT', 'XAU/USDT:USDT', 'XAUT/USDT:USDT']
2026-07-31 00:01:09,725 [INFO] [SCAN] 스캔 시작: 30개 페어 (캐시 18개 보유)
2026-07-31 00:01:10,754 [INFO] [SIG] SOL/USDT:USDT LONG 신호 포착 (강도 95%)
2026-07-31 00:01:10,755 [INFO] [SIGNAL] SOL/USDT:USDT LONG 신호 수신 (strength=95)
2026-07-31 00:01:11,297 [INFO] [RISK OK] SOL/USDT:USDT 리스크 체크 통과
2026-07-31 00:01:11,574 [INFO] [ENTRY BLOCK] SOL/USDT:USDT — 이미 포지션 보유 또는 진입 주문 전송 중
2026-07-31 00:01:12,205 [INFO] [SIG] XRP/USDT:USDT LONG 신호 포착 (강도 95%)
2026-07-31 00:01:12,205 [INFO] [SIGNAL] XRP/USDT:USDT LONG 신호 수신 (strength=95)
2026-07-31 00:01:12,805 [INFO] [RISK OK] XRP/USDT:USDT 리스크 체크 통과
2026-07-31 00:01:13,125 [WARNING] [ENTRY BLOCK] XRP/USDT:USDT — 최대 포지션 수 도달: 2/2
2026-07-31 00:01:13,714 [INFO] [SIG] DOGE/USDT:USDT LONG 신호 포착 (강도 95%)
2026-07-31 00:01:13,714 [INFO] [SIGNAL] DOGE/USDT:USDT LONG 신호 수신 (strength=95)
2026-07-31 00:01:14,114 [INFO] [RISK OK] DOGE/USDT:USDT 리스크 체크 통과
2026-07-31 00:01:14,392 [WARNING] [ENTRY BLOCK] DOGE/USDT:USDT — 최대 포지션 수 도달: 2/2
2026-07-31 00:01:15,400 [INFO] [SIG] PEPE/USDT:USDT LONG 신호 포착 (강도 95%)
2026-07-31 00:01:15,400 [INFO] [SIGNAL] PEPE/USDT:USDT LONG 신호 수신 (strength=95)
2026-07-31 00:01:15,942 [INFO] [RISK OK] PEPE/USDT:USDT 리스크 체크 통과
2026-07-31 00:01:16,380 [INFO] [ENTRY OK] PEPE/USDT:USDT 포지션 체크 통과 (현재 1/2)
2026-07-31 00:01:16,380 [INFO] [MARGIN] 고정 모드: $1.00
2026-07-31 00:01:16,380 [INFO] [MARGIN DECISION] symbol=PEPE/USDT:USDT source=fixed margin=1.00 auto_compound=False compound_pct=18.00 fixed_margin=1.00
2026-07-31 00:01:16,663 [INFO] [M4 SIZING] PEPE/USDT:USDT 잔고=$109.08, 리스크=1.00%, SL거리=1.18% → 증거금=$18.47 (Notional: $92.35)
2026-07-31 00:01:16,663 [INFO] [DYNAMIC SL/TP] PEPE/USDT:USDT ATR=0.0000 (0.39%) -> SL=0.59%, TP=0.98%
2026-07-31 00:01:16,663 [INFO] [FINAL ENTRY] PEPE/USDT:USDT BUY 주문 실행 예정: margin=$18.47 SL=0.59% TP=0.98%
2026-07-31 00:01:16,663 [INFO] [ORDER PLACE] PEPE/USDT:USDT place_order 호출 중...
2026-07-31 00:01:16,949 [INFO] 레버리지 설정 완료: PEPE/USDT:USDT 5x (long)
2026-07-31 00:01:17,290 [INFO] [ORDER] PEPE/USDT:USDT long 진입 + TP(0.000002801) / SL(0.000002758) 원자 등록 완료
2026-07-31 00:01:18,395 [INFO] [ORDER RESULT] PEPE/USDT:USDT 주문 결과: {'order_id': '3789009319001006080', 'symbol': 'PEPE/USDT:USDT', 'side': 'long', 'entry_price': 2.774e-06, 'amount': 3.3, 'sl_price': '0.000002758', 'tp_price': '0.000002801', 'usdt_margin': 18.47}
2026-07-31 00:01:18,395 [INFO] [ATR TRAIL] PEPE/USDT:USDT ATR기반 저장: atr_pct=0.39% → activation=1.00% callback=0.80%
2026-07-31 00:01:18,396 [INFO] [PERSIST] 활성 포지션 상태 저장 완료
2026-07-31 00:01:18,400 [INFO] [PERSIST] 엔진 상태(트레일링 픽, 이전 포지션 심볼, recently_entered) 저장 완료
2026-07-31 00:01:18,400 [INFO] [ORDER] PEPE/USDT:USDT LONG 실행 완료 (신호=LONG)
2026-07-31 00:01:19,822 [INFO] [SIG] UNI/USDT:USDT LONG 신호 포착 (강도 95%)
2026-07-31 00:01:19,822 [INFO] [SIGNAL] UNI/USDT:USDT LONG 신호 수신 (strength=95)
2026-07-31 00:01:20,380 [INFO] [RISK OK] UNI/USDT:USDT 리스크 체크 통과
2026-07-31 00:01:20,763 [INFO] [SYNC] PEPE/USDT:USDT 포지션 거래소 반영 확인 → recently_entered 락 해제
2026-07-31 00:01:20,764 [INFO] [PERSIST] 엔진 상태(트레일링 픽, 이전 포지션 심볼, recently_entered) 저장 완료
2026-07-31 00:01:20,764 [WARNING] [ENTRY BLOCK] UNI/USDT:USDT — 최대 포지션 수 도달: 2/2
2026-07-31 00:01:21,349 [INFO] [SIG] SUI/USDT:USDT LONG 신호 포착 (강도 95%)
2026-07-31 00:01:21,350 [INFO] [SIGNAL] SUI/USDT:USDT LONG 신호 수신 (strength=95)
2026-07-31 00:01:21,783 [INFO] [RISK OK] SUI/USDT:USDT 리스크 체크 통과
2026-07-31 00:01:22,103 [WARNING] [ENTRY BLOCK] SUI/USDT:USDT — 최대 포지션 수 도달: 2/2
2026-07-31 00:01:23,608 [INFO] [SIG] BNB/USDT:USDT LONG 신호 포착 (강도 95%)
2026-07-31 00:01:23,608 [INFO] [SIGNAL] BNB/USDT:USDT LONG 신호 수신 (strength=95)
2026-07-31 00:01:24,153 [INFO] [RISK OK] BNB/USDT:USDT 리스크 체크 통과
2026-07-31 00:01:24,431 [WARNING] [ENTRY BLOCK] BNB/USDT:USDT — 최대 포지션 수 도달: 2/2
2026-07-31 00:01:25,433 [INFO] [SIG] TRX/USDT:USDT LONG 신호 포착 (강도 95%)
2026-07-31 00:01:25,434 [INFO] [SIGNAL] TRX/USDT:USDT LONG 신호 수신 (strength=95)
2026-07-31 00:01:25,866 [INFO] [RISK OK] TRX/USDT:USDT 리스크 체크 통과
2026-07-31 00:01:26,146 [WARNING] [ENTRY BLOCK] TRX/USDT:USDT — 최대 포지션 수 도달: 2/2
2026-07-31 00:01:27,493 [INFO] [SCAN] 완료: 18개 종목 · 신호 8개 · API 호출 18회 · 캐시 히트 0회
2026-07-31 00:01:28,519 [INFO] [상태] 잔고:$109.11 | 포지션:2개 | 스캔:3회 | 스캐너:ON
2026-07-31 00:01:32,862 [INFO] [SCAN] 블랙리스트 4개 제외: ['IP/USDT:USDT', 'NES/USDT:USDT', 'WLD/USDT:USDT', 'XAG/USDT:USDT', 'XAU/USDT:USDT', 'XAUT/USDT:USDT']
2026-07-31 00:01:32,862 [INFO] [SCAN] 스캔 시작: 30개 페어 (캐시 18개 보유)
2026-07-31 00:01:34,333 [INFO] [SIG] XRP/USDT:USDT LONG 신호 포착 (강도 95%)
2026-07-31 00:01:34,333 [INFO] [SIGNAL] XRP/USDT:USDT LONG 신호 수신 (strength=95)
2026-07-31 00:01:34,774 [INFO] [RISK OK] XRP/USDT:USDT 리스크 체크 통과
2026-07-31 00:01:35,051 [WARNING] [ENTRY BLOCK] XRP/USDT:USDT — 최대 포지션 수 도달: 2/2
2026-07-31 00:01:35,682 [INFO] [SIG] DOGE/USDT:USDT LONG 신호 포착 (강도 95%)
2026-07-31 00:01:35,682 [INFO] [SIGNAL] DOGE/USDT:USDT LONG 신호 수신 (strength=95)
2026-07-31 00:01:36,080 [INFO] [RISK OK] DOGE/USDT:USDT 리스크 체크 통과
2026-07-31 00:01:36,361 [WARNING] [ENTRY BLOCK] DOGE/USDT:USDT — 최대 포지션 수 도달: 2/2
2026-07-31 00:01:37,406 [INFO] [SIG] PEPE/USDT:USDT LONG 신호 포착 (강도 95%)
2026-07-31 00:01:37,406 [INFO] [SIGNAL] PEPE/USDT:USDT LONG 신호 수신 (strength=95)
2026-07-31 00:01:37,904 [INFO] [RISK OK] PEPE/USDT:USDT 리스크 체크 통과
2026-07-31 00:01:38,185 [INFO] [ENTRY BLOCK] PEPE/USDT:USDT — 이미 포지션 보유 또는 진입 주문 전송 중
2026-07-31 00:01:39,650 [INFO] [SIG] UNI/USDT:USDT LONG 신호 포착 (강도 95%)
2026-07-31 00:01:39,651 [INFO] [SIGNAL] UNI/USDT:USDT LONG 신호 수신 (strength=95)
2026-07-31 00:01:40,046 [INFO] [RISK OK] UNI/USDT:USDT 리스크 체크 통과
2026-07-31 00:01:40,391 [WARNING] [ENTRY BLOCK] UNI/USDT:USDT — 최대 포지션 수 도달: 2/2
2026-07-31 00:01:40,977 [INFO] [SIG] SUI/USDT:USDT LONG 신호 포착 (강도 95%)
2026-07-31 00:01:40,978 [INFO] [SIGNAL] SUI/USDT:USDT LONG 신호 수신 (strength=95)
2026-07-31 00:01:41,454 [INFO] [RISK OK] SUI/USDT:USDT 리스크 체크 통과
2026-07-31 00:01:41,741 [WARNING] [ENTRY BLOCK] SUI/USDT:USDT — 최대 포지션 수 도달: 2/2
2026-07-31 00:01:43,201 [INFO] [SIG] BNB/USDT:USDT LONG 신호 포착 (강도 95%)
2026-07-31 00:01:43,201 [INFO] [SIGNAL] BNB/USDT:USDT LONG 신호 수신 (strength=95)
2026-07-31 00:01:43,747 [INFO] [RISK OK] BNB/USDT:USDT 리스크 체크 통과
2026-07-31 00:01:44,075 [WARNING] [ENTRY BLOCK] BNB/USDT:USDT — 최대 포지션 수 도달: 2/2
2026-07-31 00:01:45,126 [INFO] [SIG] TRX/USDT:USDT LONG 신호 포착 (강도 95%)
2026-07-31 00:01:45,127 [INFO] [SIGNAL] TRX/USDT:USDT LONG 신호 수신 (strength=95)
2026-07-31 00:01:45,774 [INFO] [RISK OK] TRX/USDT:USDT 리스크 체크 통과
2026-07-31 00:01:46,051 [WARNING] [ENTRY BLOCK] TRX/USDT:USDT — 최대 포지션 수 도달: 2/2
2026-07-31 00:01:47,445 [INFO] [SCAN] 완료: 18개 종목 · 신호 7개 · API 호출 18회 · 캐시 히트 0회
2026-07-31 00:01:47,563 [INFO] [PERSIST] FIL/USDT:USDT 포지션이 거래소에 존재하지 않음 (오프라인 청산 감지) → 상태 삭제
2026-07-31 00:01:47,564 [INFO] [PERSIST] 활성 포지션 상태 저장 완료
2026-07-31 00:01:54,475 [INFO] [SCAN] 블랙리스트 4개 제외: ['IP/USDT:USDT', 'NES/USDT:USDT', 'WLD/USDT:USDT', 'XAG/USDT:USDT', 'XAU/USDT:USDT', 'XAUT/USDT:USDT']
2026-07-31 00:01:54,476 [INFO] [SCAN] 스캔 시작: 30개 페어 (캐시 18개 보유)
2026-07-31 00:01:55,488 [INFO] [SIG] SOL/USDT:USDT LONG 신호 포착 (강도 95%)
2026-07-31 00:01:55,488 [INFO] [SIGNAL] SOL/USDT:USDT LONG 신호 수신 (strength=95)
2026-07-31 00:01:55,883 [INFO] [RISK OK] SOL/USDT:USDT 리스크 체크 통과
2026-07-31 00:01:56,162 [INFO] [ENTRY BLOCK] SOL/USDT:USDT — 이미 포지션 보유 또는 진입 주문 전송 중
2026-07-31 00:01:56,795 [INFO] [SIG] XRP/USDT:USDT LONG 신호 포착 (강도 95%)
2026-07-31 00:01:56,795 [INFO] [SIGNAL] XRP/USDT:USDT LONG 신호 수신 (strength=95)
2026-07-31 00:01:57,196 [INFO] [RISK OK] XRP/USDT:USDT 리스크 체크 통과
2026-07-31 00:01:57,477 [WARNING] [ENTRY BLOCK] XRP/USDT:USDT — 최대 포지션 수 도달: 2/2
2026-07-31 00:01:58,106 [INFO] [SIG] DOGE/USDT:USDT LONG 신호 포착 (강도 95%)
2026-07-31 00:01:58,107 [INFO] [SIGNAL] DOGE/USDT:USDT LONG 신호 수신 (strength=95)
2026-07-31 00:01:58,713 [INFO] [RISK OK] DOGE/USDT:USDT 리스크 체크 통과
2026-07-31 00:01:59,167 [WARNING] [ENTRY BLOCK] DOGE/USDT:USDT — 최대 포지션 수 도달: 2/2
2026-07-31 00:02:00,218 [INFO] [SIG] PEPE/USDT:USDT LONG 신호 포착 (강도 95%)
2026-07-31 00:02:00,219 [INFO] [SIGNAL] PEPE/USDT:USDT LONG 신호 수신 (strength=95)
2026-07-31 00:02:00,752 [INFO] [RISK OK] PEPE/USDT:USDT 리스크 체크 통과
2026-07-31 00:02:01,028 [INFO] [ENTRY BLOCK] PEPE/USDT:USDT — 이미 포지션 보유 또는 진입 주문 전송 중
2026-07-31 00:02:02,495 [INFO] [SIG] UNI/USDT:USDT LONG 신호 포착 (강도 95%)
2026-07-31 00:02:02,495 [INFO] [SIGNAL] UNI/USDT:USDT LONG 신호 수신 (strength=95)
2026-07-31 00:02:02,932 [INFO] [RISK OK] UNI/USDT:USDT 리스크 체크 통과
2026-07-31 00:02:03,253 [WARNING] [ENTRY BLOCK] UNI/USDT:USDT — 최대 포지션 수 도달: 2/2
2026-07-31 00:02:03,889 [INFO] [SIG] SUI/USDT:USDT LONG 신호 포착 (강도 95%)
2026-07-31 00:02:03,889 [INFO] [SIGNAL] SUI/USDT:USDT LONG 신호 수신 (strength=95)
2026-07-31 00:02:04,330 [INFO] [RISK OK] SUI/USDT:USDT 리스크 체크 통과
2026-07-31 00:02:04,654 [WARNING] [ENTRY BLOCK] SUI/USDT:USDT — 최대 포지션 수 도달: 2/2
2026-07-31 00:02:06,120 [INFO] [SIG] BNB/USDT:USDT LONG 신호 포착 (강도 95%)
2026-07-31 00:02:06,120 [INFO] [SIGNAL] BNB/USDT:USDT LONG 신호 수신 (strength=95)
2026-07-31 00:02:06,603 [INFO] [RISK OK] BNB/USDT:USDT 리스크 체크 통과
2026-07-31 00:02:06,882 [WARNING] [ENTRY BLOCK] BNB/USDT:USDT — 최대 포지션 수 도달: 2/2
2026-07-31 00:02:07,975 [INFO] [SIG] TRX/USDT:USDT LONG 신호 포착 (강도 95%)
2026-07-31 00:02:07,975 [INFO] [SIGNAL] TRX/USDT:USDT LONG 신호 수신 (strength=95)
2026-07-31 00:02:08,477 [INFO] [RISK OK] TRX/USDT:USDT 리스크 체크 통과
2026-07-31 00:02:08,860 [WARNING] [ENTRY BLOCK] TRX/USDT:USDT — 최대 포지션 수 도달: 2/2
2026-07-31 00:02:10,206 [INFO] [SCAN] 완료: 18개 종목 · 신호 8개 · API 호출 18회 · 캐시 히트 0회
2026-07-31 00:02:15,407 [INFO] [SCAN] 블랙리스트 4개 제외: ['IP/USDT:USDT', 'NES/USDT:USDT', 'WLD/USDT:USDT', 'XAG/USDT:USDT', 'XAU/USDT:USDT', 'XAUT/USDT:USDT']
2026-07-31 00:02:15,408 [INFO] [SCAN] 스캔 시작: 30개 페어 (캐시 18개 보유)
2026-07-31 00:02:16,485 [INFO] [SIG] SOL/USDT:USDT LONG 신호 포착 (강도 95%)
2026-07-31 00:02:16,485 [INFO] [SIGNAL] SOL/USDT:USDT LONG 신호 수신 (strength=95)
2026-07-31 00:02:17,016 [INFO] [RISK OK] SOL/USDT:USDT 리스크 체크 통과
2026-07-31 00:02:17,349 [INFO] [ENTRY BLOCK] SOL/USDT:USDT — 이미 포지션 보유 또는 진입 주문 전송 중
2026-07-31 00:02:17,943 [INFO] [SIG] XRP/USDT:USDT LONG 신호 포착 (강도 95%)
2026-07-31 00:02:17,943 [INFO] [SIGNAL] XRP/USDT:USDT LONG 신호 수신 (strength=95)
2026-07-31 00:02:18,493 [INFO] [RISK OK] XRP/USDT:USDT 리스크 체크 통과
2026-07-31 00:02:18,913 [WARNING] [ENTRY BLOCK] XRP/USDT:USDT — 최대 포지션 수 도달: 2/2
2026-07-31 00:02:19,548 [INFO] [SIG] DOGE/USDT:USDT LONG 신호 포착 (강도 95%)
2026-07-31 00:02:19,549 [INFO] [SIGNAL] DOGE/USDT:USDT LONG 신호 수신 (strength=95)
2026-07-31 00:02:19,992 [INFO] [RISK OK] DOGE/USDT:USDT 리스크 체크 통과
2026-07-31 00:02:20,271 [WARNING] [ENTRY BLOCK] DOGE/USDT:USDT — 최대 포지션 수 도달: 2/2
2026-07-31 00:02:21,288 [INFO] [SIG] PEPE/USDT:USDT LONG 신호 포착 (강도 95%)
2026-07-31 00:02:21,288 [INFO] [SIGNAL] PEPE/USDT:USDT LONG 신호 수신 (strength=95)
2026-07-31 00:02:21,791 [INFO] [RISK OK] PEPE/USDT:USDT 리스크 체크 통과
2026-07-31 00:02:22,069 [INFO] [ENTRY BLOCK] PEPE/USDT:USDT — 이미 포지션 보유 또는 진입 주문 전송 중
2026-07-31 00:02:23,563 [INFO] [SIG] UNI/USDT:USDT LONG 신호 포착 (강도 95%)
2026-07-31 00:02:23,563 [INFO] [SIGNAL] UNI/USDT:USDT LONG 신호 수신 (strength=95)
2026-07-31 00:02:24,147 [INFO] [RISK OK] UNI/USDT:USDT 리스크 체크 통과
2026-07-31 00:02:24,429 [WARNING] [ENTRY BLOCK] UNI/USDT:USDT — 최대 포지션 수 도달: 2/2
2026-07-31 00:02:25,020 [INFO] [SIG] SUI/USDT:USDT LONG 신호 포착 (강도 95%)
2026-07-31 00:02:25,020 [INFO] [SIGNAL] SUI/USDT:USDT LONG 신호 수신 (strength=95)
2026-07-31 00:02:25,522 [INFO] [RISK OK] SUI/USDT:USDT 리스크 체크 통과
2026-07-31 00:02:25,805 [WARNING] [ENTRY BLOCK] SUI/USDT:USDT — 최대 포지션 수 도달: 2/2
2026-07-31 00:02:27,258 [INFO] [SIG] BNB/USDT:USDT LONG 신호 포착 (강도 95%)
2026-07-31 00:02:27,258 [INFO] [SIGNAL] BNB/USDT:USDT LONG 신호 수신 (strength=95)
2026-07-31 00:02:27,808 [INFO] [RISK OK] BNB/USDT:USDT 리스크 체크 통과
2026-07-31 00:02:28,246 [WARNING] [ENTRY BLOCK] BNB/USDT:USDT — 최대 포지션 수 도달: 2/2
2026-07-31 00:02:29,174 [INFO] [상태] 잔고:$109.21 | 포지션:2개 | 스캔:5회 | 스캐너:ON
2026-07-31 00:02:29,702 [INFO] [SIG] TRX/USDT:USDT LONG 신호 포착 (강도 95%)
2026-07-31 00:02:29,702 [INFO] [SIGNAL] TRX/USDT:USDT LONG 신호 수신 (strength=95)
2026-07-31 00:02:30,142 [INFO] [RISK OK] TRX/USDT:USDT 리스크 체크 통과
2026-07-31 00:02:30,471 [WARNING] [ENTRY BLOCK] TRX/USDT:USDT — 최대 포지션 수 도달: 2/2
2026-07-31 00:02:31,886 [INFO] [SCAN] 완료: 18개 종목 · 신호 8개 · API 호출 18회 · 캐시 히트 0회
2026-07-31 00:02:37,096 [INFO] [SCAN] 블랙리스트 4개 제외: ['IP/USDT:USDT', 'NES/USDT:USDT', 'WLD/USDT:USDT', 'XAG/USDT:USDT', 'XAU/USDT:USDT', 'XAUT/USDT:USDT']
2026-07-31 00:02:37,096 [INFO] [SCAN] 스캔 시작: 30개 페어 (캐시 18개 보유)
2026-07-31 00:02:38,225 [INFO] [SIG] SOL/USDT:USDT LONG 신호 포착 (강도 95%)
2026-07-31 00:02:38,225 [INFO] [SIGNAL] SOL/USDT:USDT LONG 신호 수신 (strength=95)
2026-07-31 00:02:38,625 [INFO] [RISK OK] SOL/USDT:USDT 리스크 체크 통과
2026-07-31 00:02:39,015 [INFO] [ENTRY BLOCK] SOL/USDT:USDT — 이미 포지션 보유 또는 진입 주문 전송 중
2026-07-31 00:02:39,602 [INFO] [SIG] XRP/USDT:USDT LONG 신호 포착 (강도 95%)
2026-07-31 00:02:39,602 [INFO] [SIGNAL] XRP/USDT:USDT LONG 신호 수신 (strength=95)
2026-07-31 00:02:40,206 [INFO] [RISK OK] XRP/USDT:USDT 리스크 체크 통과
2026-07-31 00:02:40,526 [WARNING] [ENTRY BLOCK] XRP/USDT:USDT — 최대 포지션 수 도달: 2/2
2026-07-31 00:02:41,112 [INFO] [SIG] DOGE/USDT:USDT LONG 신호 포착 (강도 95%)
2026-07-31 00:02:41,113 [INFO] [SIGNAL] DOGE/USDT:USDT LONG 신호 수신 (strength=95)
2026-07-31 00:02:41,619 [INFO] [RISK OK] DOGE/USDT:USDT 리스크 체크 통과
2026-07-31 00:02:42,052 [WARNING] [ENTRY BLOCK] DOGE/USDT:USDT — 최대 포지션 수 도달: 2/2
2026-07-31 00:02:43,101 [INFO] [SIG] PEPE/USDT:USDT LONG 신호 포착 (강도 95%)
2026-07-31 00:02:43,101 [INFO] [SIGNAL] PEPE/USDT:USDT LONG 신호 수신 (strength=95)
2026-07-31 00:02:43,500 [INFO] [RISK OK] PEPE/USDT:USDT 리스크 체크 통과
2026-07-31 00:02:43,822 [INFO] [ENTRY BLOCK] PEPE/USDT:USDT — 이미 포지션 보유 또는 진입 주문 전송 중
2026-07-31 00:02:45,357 [INFO] [SIG] UNI/USDT:USDT LONG 신호 포착 (강도 95%)
2026-07-31 00:02:45,357 [INFO] [SIGNAL] UNI/USDT:USDT LONG 신호 수신 (strength=95)
2026-07-31 00:02:45,946 [INFO] [RISK OK] UNI/USDT:USDT 리스크 체크 통과
2026-07-31 00:02:46,273 [WARNING] [ENTRY BLOCK] UNI/USDT:USDT — 최대 포지션 수 도달: 2/2
2026-07-31 00:02:46,906 [INFO] [SIG] SUI/USDT:USDT LONG 신호 포착 (강도 95%)
2026-07-31 00:02:46,907 [INFO] [SIGNAL] SUI/USDT:USDT LONG 신호 수신 (strength=95)
2026-07-31 00:02:47,456 [INFO] [RISK OK] SUI/USDT:USDT 리스크 체크 통과
2026-07-31 00:02:47,780 [WARNING] [ENTRY BLOCK] SUI/USDT:USDT — 최대 포지션 수 도달: 2/2
2026-07-31 00:02:49,300 [INFO] [SIG] BNB/USDT:USDT LONG 신호 포착 (강도 95%)
2026-07-31 00:02:49,300 [INFO] [SIGNAL] BNB/USDT:USDT LONG 신호 수신 (strength=95)
2026-07-31 00:02:49,844 [INFO] [RISK OK] BNB/USDT:USDT 리스크 체크 통과
2026-07-31 00:02:50,124 [WARNING] [ENTRY BLOCK] BNB/USDT:USDT — 최대 포지션 수 도달: 2/2
2026-07-31 00:02:51,221 [INFO] [SIG] TRX/USDT:USDT LONG 신호 포착 (강도 95%)
2026-07-31 00:02:51,222 [INFO] [SIGNAL] TRX/USDT:USDT LONG 신호 수신 (strength=95)
2026-07-31 00:02:51,706 [INFO] [RISK OK] TRX/USDT:USDT 리스크 체크 통과
2026-07-31 00:02:52,027 [WARNING] [ENTRY BLOCK] TRX/USDT:USDT — 최대 포지션 수 도달: 2/2
2026-07-31 00:02:53,443 [INFO] [SCAN] 완료: 18개 종목 · 신호 8개 · API 호출 18회 · 캐시 히트 0회
2026-07-31 00:03:00,630 [INFO] [SCAN] 블랙리스트 4개 제외: ['IP/USDT:USDT', 'NES/USDT:USDT', 'WLD/USDT:USDT', 'XAG/USDT:USDT', 'XAU/USDT:USDT', 'XAUT/USDT:USDT']
2026-07-31 00:03:00,631 [INFO] [SCAN] 스캔 시작: 30개 페어 (캐시 18개 보유)
2026-07-31 00:03:01,773 [INFO] [SIG] SOL/USDT:USDT LONG 신호 포착 (강도 95%)
2026-07-31 00:03:01,773 [INFO] [SIGNAL] SOL/USDT:USDT LONG 신호 수신 (strength=95)
2026-07-31 00:03:02,317 [INFO] [RISK OK] SOL/USDT:USDT 리스크 체크 통과
2026-07-31 00:03:02,594 [INFO] [ENTRY BLOCK] SOL/USDT:USDT — 이미 포지션 보유 또는 진입 주문 전송 중
2026-07-31 00:03:03,175 [INFO] [SIG] XRP/USDT:USDT LONG 신호 포착 (강도 95%)
2026-07-31 00:03:03,175 [INFO] [SIGNAL] XRP/USDT:USDT LONG 신호 수신 (strength=95)
2026-07-31 00:03:03,836 [INFO] [RISK OK] XRP/USDT:USDT 리스크 체크 통과
2026-07-31 00:03:04,116 [WARNING] [ENTRY BLOCK] XRP/USDT:USDT — 최대 포지션 수 도달: 2/2
2026-07-31 00:03:04,715 [INFO] [SIG] DOGE/USDT:USDT LONG 신호 포착 (강도 95%)
2026-07-31 00:03:04,715 [INFO] [SIGNAL] DOGE/USDT:USDT LONG 신호 수신 (strength=95)
2026-07-31 00:03:05,153 [INFO] [RISK OK] DOGE/USDT:USDT 리스크 체크 통과
2026-07-31 00:03:05,433 [WARNING] [ENTRY BLOCK] DOGE/USDT:USDT — 최대 포지션 수 도달: 2/2
2026-07-31 00:03:06,033 [INFO] [SIG] HYPE/USDT:USDT LONG 신호 포착 (강도 95%)
2026-07-31 00:03:06,033 [INFO] [SIGNAL] HYPE/USDT:USDT LONG 신호 수신 (strength=95)
2026-07-31 00:03:06,423 [INFO] [RISK OK] HYPE/USDT:USDT 리스크 체크 통과
2026-07-31 00:03:06,806 [WARNING] [ENTRY BLOCK] HYPE/USDT:USDT — 최대 포지션 수 도달: 2/2
2026-07-31 00:03:07,440 [INFO] [SIG] PEPE/USDT:USDT LONG 신호 포착 (강도 95%)
2026-07-31 00:03:07,440 [INFO] [SIGNAL] PEPE/USDT:USDT LONG 신호 수신 (strength=95)
2026-07-31 00:03:07,913 [INFO] [RISK OK] PEPE/USDT:USDT 리스크 체크 통과
2026-07-31 00:03:08,243 [INFO] [ENTRY BLOCK] PEPE/USDT:USDT — 이미 포지션 보유 또는 진입 주문 전송 중
2026-07-31 00:03:09,765 [INFO] [SIG] UNI/USDT:USDT LONG 신호 포착 (강도 95%)
2026-07-31 00:03:09,765 [INFO] [SIGNAL] UNI/USDT:USDT LONG 신호 수신 (strength=95)
2026-07-31 00:03:10,209 [INFO] [RISK OK] UNI/USDT:USDT 리스크 체크 통과
2026-07-31 00:03:10,528 [WARNING] [ENTRY BLOCK] UNI/USDT:USDT — 최대 포지션 수 도달: 2/2
2026-07-31 00:03:11,116 [INFO] [SIG] SUI/USDT:USDT LONG 신호 포착 (강도 95%)
2026-07-31 00:03:11,116 [INFO] [SIGNAL] SUI/USDT:USDT LONG 신호 수신 (strength=95)
2026-07-31 00:03:11,596 [INFO] [RISK OK] SUI/USDT:USDT 리스크 체크 통과
2026-07-31 00:03:11,921 [WARNING] [ENTRY BLOCK] SUI/USDT:USDT — 최대 포지션 수 도달: 2/2
2026-07-31 00:03:13,386 [INFO] [SIG] BNB/USDT:USDT LONG 신호 포착 (강도 95%)
2026-07-31 00:03:13,386 [INFO] [SIGNAL] BNB/USDT:USDT LONG 신호 수신 (strength=95)
2026-07-31 00:03:13,924 [INFO] [RISK OK] BNB/USDT:USDT 리스크 체크 통과
2026-07-31 00:03:14,201 [WARNING] [ENTRY BLOCK] BNB/USDT:USDT — 최대 포지션 수 도달: 2/2
2026-07-31 00:03:15,250 [INFO] [SIG] TRX/USDT:USDT LONG 신호 포착 (강도 95%)
2026-07-31 00:03:15,251 [INFO] [SIGNAL] TRX/USDT:USDT LONG 신호 수신 (strength=95)
2026-07-31 00:03:15,688 [INFO] [RISK OK] TRX/USDT:USDT 리스크 체크 통과
2026-07-31 00:03:15,967 [WARNING] [ENTRY BLOCK] TRX/USDT:USDT — 최대 포지션 수 도달: 2/2
2026-07-31 00:03:17,320 [INFO] [SCAN] 완료: 18개 종목 · 신호 9개 · API 호출 18회 · 캐시 히트 0회
2026-07-31 00:03:22,565 [INFO] [SCAN] 블랙리스트 4개 제외: ['IP/USDT:USDT', 'NES/USDT:USDT', 'WLD/USDT:USDT', 'XAG/USDT:USDT', 'XAU/USDT:USDT', 'XAUT/USDT:USDT']
2026-07-31 00:03:22,566 [INFO] [SCAN] 스캔 시작: 30개 페어 (캐시 18개 보유)
2026-07-31 00:03:23,725 [INFO] [SIG] SOL/USDT:USDT LONG 신호 포착 (강도 95%)
2026-07-31 00:03:23,725 [INFO] [SIGNAL] SOL/USDT:USDT LONG 신호 수신 (strength=95)
2026-07-31 00:03:24,202 [INFO] [RISK OK] SOL/USDT:USDT 리스크 체크 통과
2026-07-31 00:03:24,482 [INFO] [ENTRY BLOCK] SOL/USDT:USDT — 이미 포지션 보유 또는 진입 주문 전송 중
2026-07-31 00:03:25,111 [INFO] [SIG] XRP/USDT:USDT LONG 신호 포착 (강도 95%)
2026-07-31 00:03:25,112 [INFO] [SIGNAL] XRP/USDT:USDT LONG 신호 수신 (strength=95)
2026-07-31 00:03:25,611 [INFO] [RISK OK] XRP/USDT:USDT 리스크 체크 통과
2026-07-31 00:03:25,933 [WARNING] [ENTRY BLOCK] XRP/USDT:USDT — 최대 포지션 수 도달: 2/2
2026-07-31 00:03:26,560 [INFO] [SIG] DOGE/USDT:USDT LONG 신호 포착 (강도 95%)
2026-07-31 00:03:26,560 [INFO] [SIGNAL] DOGE/USDT:USDT LONG 신호 수신 (strength=95)
2026-07-31 00:03:27,001 [INFO] [RISK OK] DOGE/USDT:USDT 리스크 체크 통과
2026-07-31 00:03:27,328 [WARNING] [ENTRY BLOCK] DOGE/USDT:USDT — 최대 포지션 수 도달: 2/2
2026-07-31 00:03:28,435 [INFO] [SIG] PEPE/USDT:USDT LONG 신호 포착 (강도 95%)
2026-07-31 00:03:28,435 [INFO] [SIGNAL] PEPE/USDT:USDT LONG 신호 수신 (strength=95)
2026-07-31 00:03:28,974 [INFO] [RISK OK] PEPE/USDT:USDT 리스크 체크 통과
2026-07-31 00:03:29,301 [INFO] [ENTRY BLOCK] PEPE/USDT:USDT — 이미 포지션 보유 또는 진입 주문 전송 중
2026-07-31 00:03:29,803 [INFO] [상태] 잔고:$109.43 | 포지션:2개 | 스캔:8회 | 스캐너:ON
2026-07-31 00:03:30,872 [INFO] [SIG] UNI/USDT:USDT LONG 신호 포착 (강도 95%)
2026-07-31 00:03:30,873 [INFO] [SIGNAL] UNI/USDT:USDT LONG 신호 수신 (strength=95)
2026-07-31 00:03:31,423 [INFO] [RISK OK] UNI/USDT:USDT 리스크 체크 통과
2026-07-31 00:03:31,741 [WARNING] [ENTRY BLOCK] UNI/USDT:USDT — 최대 포지션 수 도달: 2/2
2026-07-31 00:03:32,377 [INFO] [SIG] SUI/USDT:USDT LONG 신호 포착 (강도 95%)
2026-07-31 00:03:32,378 [INFO] [SIGNAL] SUI/USDT:USDT LONG 신호 수신 (strength=95)
2026-07-31 00:03:32,881 [INFO] [RISK OK] SUI/USDT:USDT 리스크 체크 통과
2026-07-31 00:03:33,159 [WARNING] [ENTRY BLOCK] SUI/USDT:USDT — 최대 포지션 수 도달: 2/2
2026-07-31 00:03:34,639 [INFO] [SIG] BNB/USDT:USDT LONG 신호 포착 (강도 95%)
2026-07-31 00:03:34,639 [INFO] [SIGNAL] BNB/USDT:USDT LONG 신호 수신 (strength=95)
2026-07-31 00:03:35,087 [INFO] [RISK OK] BNB/USDT:USDT 리스크 체크 통과
2026-07-31 00:03:35,369 [WARNING] [ENTRY BLOCK] BNB/USDT:USDT — 최대 포지션 수 도달: 2/2
2026-07-31 00:03:36,459 [INFO] [SIG] TRX/USDT:USDT LONG 신호 포착 (강도 95%)
2026-07-31 00:03:36,459 [INFO] [SIGNAL] TRX/USDT:USDT LONG 신호 수신 (strength=95)
2026-07-31 00:03:37,151 [INFO] [RISK OK] TRX/USDT:USDT 리스크 체크 통과
2026-07-31 00:03:37,428 [WARNING] [ENTRY BLOCK] TRX/USDT:USDT — 최대 포지션 수 도달: 2/2
2026-07-31 00:03:38,731 [INFO] [SCAN] 완료: 18개 종목 · 신호 8개 · API 호출 18회 · 캐시 히트 0회
2026-07-31 00:03:43,931 [INFO] [SCAN] 블랙리스트 4개 제외: ['IP/USDT:USDT', 'NES/USDT:USDT', 'WLD/USDT:USDT', 'XAG/USDT:USDT', 'XAU/USDT:USDT', 'XAUT/USDT:USDT']
2026-07-31 00:03:43,931 [INFO] [SCAN] 스캔 시작: 30개 페어 (캐시 18개 보유)
2026-07-31 00:03:44,941 [INFO] [SIG] SOL/USDT:USDT LONG 신호 포착 (강도 95%)
2026-07-31 00:03:44,941 [INFO] [SIGNAL] SOL/USDT:USDT LONG 신호 수신 (strength=95)
2026-07-31 00:03:45,336 [INFO] [RISK OK] SOL/USDT:USDT 리스크 체크 통과
2026-07-31 00:03:45,656 [INFO] [ENTRY BLOCK] SOL/USDT:USDT — 이미 포지션 보유 또는 진입 주문 전송 중
2026-07-31 00:03:46,238 [INFO] [SIG] XRP/USDT:USDT LONG 신호 포착 (강도 95%)
2026-07-31 00:03:46,238 [INFO] [SIGNAL] XRP/USDT:USDT LONG 신호 수신 (strength=95)
2026-07-31 00:03:46,637 [INFO] [RISK OK] XRP/USDT:USDT 리스크 체크 통과
2026-07-31 00:03:46,915 [WARNING] [ENTRY BLOCK] XRP/USDT:USDT — 최대 포지션 수 도달: 2/2
2026-07-31 00:03:47,499 [INFO] [SIG] DOGE/USDT:USDT LONG 신호 포착 (강도 95%)
2026-07-31 00:03:47,499 [INFO] [SIGNAL] DOGE/USDT:USDT LONG 신호 수신 (strength=95)
2026-07-31 00:03:48,007 [INFO] [RISK OK] DOGE/USDT:USDT 리스크 체크 통과
2026-07-31 00:03:48,304 [WARNING] [ENTRY BLOCK] DOGE/USDT:USDT — 최대 포지션 수 도달: 2/2
2026-07-31 00:03:49,316 [INFO] [SIG] PEPE/USDT:USDT LONG 신호 포착 (강도 95%)
2026-07-31 00:03:49,317 [INFO] [SIGNAL] PEPE/USDT:USDT LONG 신호 수신 (strength=95)
2026-07-31 00:03:49,814 [INFO] [RISK OK] PEPE/USDT:USDT 리스크 체크 통과
2026-07-31 00:03:50,234 [INFO] [ENTRY BLOCK] PEPE/USDT:USDT — 이미 포지션 보유 또는 진입 주문 전송 중
2026-07-31 00:03:51,718 [INFO] [SIG] UNI/USDT:USDT LONG 신호 포착 (강도 95%)
2026-07-31 00:03:51,718 [INFO] [SIGNAL] UNI/USDT:USDT LONG 신호 수신 (strength=95)
2026-07-31 00:03:52,218 [INFO] [RISK OK] UNI/USDT:USDT 리스크 체크 통과
2026-07-31 00:03:52,499 [WARNING] [ENTRY BLOCK] UNI/USDT:USDT — 최대 포지션 수 도달: 2/2
2026-07-31 00:03:53,088 [INFO] [SIG] SUI/USDT:USDT LONG 신호 포착 (강도 95%)
2026-07-31 00:03:53,088 [INFO] [SIGNAL] SUI/USDT:USDT LONG 신호 수신 (strength=95)
2026-07-31 00:03:53,635 [INFO] [RISK OK] SUI/USDT:USDT 리스크 체크 통과
2026-07-31 00:03:53,920 [WARNING] [ENTRY BLOCK] SUI/USDT:USDT — 최대 포지션 수 도달: 2/2
2026-07-31 00:03:55,405 [INFO] [SIG] BNB/USDT:USDT LONG 신호 포착 (강도 95%)
2026-07-31 00:03:55,405 [INFO] [SIGNAL] BNB/USDT:USDT LONG 신호 수신 (strength=95)
2026-07-31 00:03:55,801 [INFO] [RISK OK] BNB/USDT:USDT 리스크 체크 통과
2026-07-31 00:03:56,128 [WARNING] [ENTRY BLOCK] BNB/USDT:USDT — 최대 포지션 수 도달: 2/2
2026-07-31 00:03:57,201 [INFO] [SIG] TRX/USDT:USDT LONG 신호 포착 (강도 95%)
2026-07-31 00:03:57,201 [INFO] [SIGNAL] TRX/USDT:USDT LONG 신호 수신 (strength=95)
2026-07-31 00:03:57,637 [INFO] [RISK OK] TRX/USDT:USDT 리스크 체크 통과
2026-07-31 00:03:57,918 [WARNING] [ENTRY BLOCK] TRX/USDT:USDT — 최대 포지션 수 도달: 2/2
2026-07-31 00:03:59,269 [INFO] [SCAN] 완료: 18개 종목 · 신호 8개 · API 호출 18회 · 캐시 히트 0회
2026-07-31 00:04:06,241 [INFO] [SCAN] 블랙리스트 4개 제외: ['IP/USDT:USDT', 'NES/USDT:USDT', 'WLD/USDT:USDT', 'XAG/USDT:USDT', 'XAU/USDT:USDT', 'XAUT/USDT:USDT']
2026-07-31 00:04:06,241 [INFO] [SCAN] 스캔 시작: 30개 페어 (캐시 18개 보유)
2026-07-31 00:04:07,265 [INFO] [SIG] SOL/USDT:USDT LONG 신호 포착 (강도 95%)
2026-07-31 00:04:07,265 [INFO] [SIGNAL] SOL/USDT:USDT LONG 신호 수신 (strength=95)
2026-07-31 00:04:07,763 [INFO] [RISK OK] SOL/USDT:USDT 리스크 체크 통과
2026-07-31 00:04:08,185 [INFO] [ENTRY BLOCK] SOL/USDT:USDT — 이미 포지션 보유 또는 진입 주문 전송 중
2026-07-31 00:04:08,829 [INFO] [SIG] XRP/USDT:USDT LONG 신호 포착 (강도 95%)
2026-07-31 00:04:08,830 [INFO] [SIGNAL] XRP/USDT:USDT LONG 신호 수신 (strength=95)
2026-07-31 00:04:09,278 [INFO] [RISK OK] XRP/USDT:USDT 리스크 체크 통과
2026-07-31 00:04:09,560 [WARNING] [ENTRY BLOCK] XRP/USDT:USDT — 최대 포지션 수 도달: 2/2
2026-07-31 00:04:10,155 [INFO] [SIG] DOGE/USDT:USDT LONG 신호 포착 (강도 95%)
2026-07-31 00:04:10,155 [INFO] [SIGNAL] DOGE/USDT:USDT LONG 신호 수신 (strength=95)
2026-07-31 00:04:10,554 [INFO] [RISK OK] DOGE/USDT:USDT 리스크 체크 통과
2026-07-31 00:04:10,889 [WARNING] [ENTRY BLOCK] DOGE/USDT:USDT — 최대 포지션 수 도달: 2/2
2026-07-31 00:04:11,526 [INFO] [SIG] HYPE/USDT:USDT LONG 신호 포착 (강도 95%)
2026-07-31 00:04:11,527 [INFO] [SIGNAL] HYPE/USDT:USDT LONG 신호 수신 (strength=95)
2026-07-31 00:04:12,022 [INFO] [RISK OK] HYPE/USDT:USDT 리스크 체크 통과
2026-07-31 00:04:12,309 [WARNING] [ENTRY BLOCK] HYPE/USDT:USDT — 최대 포지션 수 도달: 2/2
2026-07-31 00:04:14,150 [INFO] [SIG] UNI/USDT:USDT LONG 신호 포착 (강도 95%)
2026-07-31 00:04:14,150 [INFO] [SIGNAL] UNI/USDT:USDT LONG 신호 수신 (strength=95)
2026-07-31 00:04:14,690 [INFO] [RISK OK] UNI/USDT:USDT 리스크 체크 통과
2026-07-31 00:04:15,076 [WARNING] [ENTRY BLOCK] UNI/USDT:USDT — 최대 포지션 수 도달: 2/2
2026-07-31 00:04:15,660 [INFO] [SIG] SUI/USDT:USDT LONG 신호 포착 (강도 95%)
2026-07-31 00:04:15,660 [INFO] [SIGNAL] SUI/USDT:USDT LONG 신호 수신 (strength=95)
2026-07-31 00:04:16,157 [INFO] [RISK OK] SUI/USDT:USDT 리스크 체크 통과
2026-07-31 00:04:16,438 [WARNING] [ENTRY BLOCK] SUI/USDT:USDT — 최대 포지션 수 도달: 2/2
2026-07-31 00:04:17,906 [INFO] [SIG] BNB/USDT:USDT LONG 신호 포착 (강도 95%)
2026-07-31 00:04:17,906 [INFO] [SIGNAL] BNB/USDT:USDT LONG 신호 수신 (strength=95)
2026-07-31 00:04:18,384 [INFO] [RISK OK] BNB/USDT:USDT 리스크 체크 통과
2026-07-31 00:04:18,715 [WARNING] [ENTRY BLOCK] BNB/USDT:USDT — 최대 포지션 수 도달: 2/2
2026-07-31 00:04:19,721 [INFO] [SIG] TRX/USDT:USDT LONG 신호 포착 (강도 95%)
2026-07-31 00:04:19,721 [INFO] [SIGNAL] TRX/USDT:USDT LONG 신호 수신 (strength=95)
2026-07-31 00:04:20,158 [INFO] [RISK OK] TRX/USDT:USDT 리스크 체크 통과
2026-07-31 00:04:20,437 [WARNING] [ENTRY BLOCK] TRX/USDT:USDT — 최대 포지션 수 도달: 2/2
2026-07-31 00:04:21,790 [INFO] [SCAN] 완료: 18개 종목 · 신호 8개 · API 호출 18회 · 캐시 히트 0회
2026-07-31 00:04:26,990 [INFO] [SCAN] 블랙리스트 4개 제외: ['IP/USDT:USDT', 'NES/USDT:USDT', 'WLD/USDT:USDT', 'XAG/USDT:USDT', 'XAU/USDT:USDT', 'XAUT/USDT:USDT']
2026-07-31 00:04:26,990 [INFO] [SCAN] 스캔 시작: 30개 페어 (캐시 18개 보유)
2026-07-31 00:04:28,001 [INFO] [SIG] SOL/USDT:USDT LONG 신호 포착 (강도 95%)
2026-07-31 00:04:28,001 [INFO] [SIGNAL] SOL/USDT:USDT LONG 신호 수신 (strength=95)
2026-07-31 00:04:28,394 [INFO] [RISK OK] SOL/USDT:USDT 리스크 체크 통과
2026-07-31 00:04:28,675 [INFO] [ENTRY BLOCK] SOL/USDT:USDT — 이미 포지션 보유 또는 진입 주문 전송 중
2026-07-31 00:04:29,261 [INFO] [SIG] XRP/USDT:USDT LONG 신호 포착 (강도 95%)
2026-07-31 00:04:29,261 [INFO] [SIGNAL] XRP/USDT:USDT LONG 신호 수신 (strength=95)
2026-07-31 00:04:29,860 [INFO] [RISK OK] XRP/USDT:USDT 리스크 체크 통과
2026-07-31 00:04:30,435 [WARNING] [ENTRY BLOCK] XRP/USDT:USDT — 최대 포지션 수 도달: 2/2
2026-07-31 00:04:30,546 [INFO] [상태] 잔고:$109.63 | 포지션:2개 | 스캔:11회 | 스캐너:ON
2026-07-31 00:04:31,025 [INFO] [SIG] DOGE/USDT:USDT LONG 신호 포착 (강도 95%)
2026-07-31 00:04:31,025 [INFO] [SIGNAL] DOGE/USDT:USDT LONG 신호 수신 (strength=95)
2026-07-31 00:04:31,423 [INFO] [RISK OK] DOGE/USDT:USDT 리스크 체크 통과
2026-07-31 00:04:31,703 [WARNING] [ENTRY BLOCK] DOGE/USDT:USDT — 최대 포지션 수 도달: 2/2
2026-07-31 00:04:32,284 [INFO] [SIG] HYPE/USDT:USDT LONG 신호 포착 (강도 95%)
2026-07-31 00:04:32,284 [INFO] [SIGNAL] HYPE/USDT:USDT LONG 신호 수신 (strength=95)
2026-07-31 00:04:32,679 [INFO] [RISK OK] HYPE/USDT:USDT 리스크 체크 통과
2026-07-31 00:04:32,956 [WARNING] [ENTRY BLOCK] HYPE/USDT:USDT — 최대 포지션 수 도달: 2/2
2026-07-31 00:04:34,800 [INFO] [SIG] UNI/USDT:USDT LONG 신호 포착 (강도 95%)
2026-07-31 00:04:34,800 [INFO] [SIGNAL] UNI/USDT:USDT LONG 신호 수신 (strength=95)
2026-07-31 00:04:35,310 [INFO] [RISK OK] UNI/USDT:USDT 리스크 체크 통과
2026-07-31 00:04:35,588 [WARNING] [ENTRY BLOCK] UNI/USDT:USDT — 최대 포지션 수 도달: 2/2
2026-07-31 00:04:36,184 [INFO] [SIG] SUI/USDT:USDT LONG 신호 포착 (강도 95%)
2026-07-31 00:04:36,185 [INFO] [SIGNAL] SUI/USDT:USDT LONG 신호 수신 (strength=95)
2026-07-31 00:04:36,597 [INFO] [RISK OK] SUI/USDT:USDT 리스크 체크 통과
2026-07-31 00:04:36,876 [WARNING] [ENTRY BLOCK] SUI/USDT:USDT — 최대 포지션 수 도달: 2/2
2026-07-31 00:04:38,294 [INFO] [SIG] BNB/USDT:USDT LONG 신호 포착 (강도 95%)
2026-07-31 00:04:38,294 [INFO] [SIGNAL] BNB/USDT:USDT LONG 신호 수신 (strength=95)
2026-07-31 00:04:38,809 [INFO] [RISK OK] BNB/USDT:USDT 리스크 체크 통과
2026-07-31 00:04:39,092 [WARNING] [ENTRY BLOCK] BNB/USDT:USDT — 최대 포지션 수 도달: 2/2
2026-07-31 00:04:40,099 [INFO] [SIG] TRX/USDT:USDT LONG 신호 포착 (강도 95%)
2026-07-31 00:04:40,099 [INFO] [SIGNAL] TRX/USDT:USDT LONG 신호 수신 (strength=95)
2026-07-31 00:04:40,495 [INFO] [RISK OK] TRX/USDT:USDT 리스크 체크 통과
2026-07-31 00:04:40,980 [WARNING] [ENTRY BLOCK] TRX/USDT:USDT — 최대 포지션 수 도달: 2/2
2026-07-31 00:04:42,282 [INFO] [SCAN] 완료: 18개 종목 · 신호 8개 · API 호출 18회 · 캐시 히트 0회
2026-07-31 00:04:47,486 [INFO] [SCAN] 블랙리스트 4개 제외: ['IP/USDT:USDT', 'NES/USDT:USDT', 'WLD/USDT:USDT', 'XAG/USDT:USDT', 'XAU/USDT:USDT', 'XAUT/USDT:USDT']
2026-07-31 00:04:47,486 [INFO] [SCAN] 스캔 시작: 30개 페어 (캐시 18개 보유)
2026-07-31 00:04:48,495 [INFO] [SIG] SOL/USDT:USDT LONG 신호 포착 (강도 95%)
2026-07-31 00:04:48,496 [INFO] [SIGNAL] SOL/USDT:USDT LONG 신호 수신 (strength=95)
2026-07-31 00:04:49,044 [INFO] [RISK OK] SOL/USDT:USDT 리스크 체크 통과
2026-07-31 00:04:49,323 [INFO] [ENTRY BLOCK] SOL/USDT:USDT — 이미 포지션 보유 또는 진입 주문 전송 중
2026-07-31 00:04:49,917 [INFO] [SIG] XRP/USDT:USDT LONG 신호 포착 (강도 95%)
2026-07-31 00:04:49,917 [INFO] [SIGNAL] XRP/USDT:USDT LONG 신호 수신 (strength=95)
2026-07-31 00:04:50,319 [INFO] [RISK OK] XRP/USDT:USDT 리스크 체크 통과
2026-07-31 00:04:50,601 [WARNING] [ENTRY BLOCK] XRP/USDT:USDT — 최대 포지션 수 도달: 2/2
2026-07-31 00:04:51,190 [INFO] [SIG] DOGE/USDT:USDT LONG 신호 포착 (강도 95%)
2026-07-31 00:04:51,190 [INFO] [SIGNAL] DOGE/USDT:USDT LONG 신호 수신 (strength=95)
2026-07-31 00:04:51,627 [INFO] [RISK OK] DOGE/USDT:USDT 리스크 체크 통과
2026-07-31 00:04:51,907 [WARNING] [ENTRY BLOCK] DOGE/USDT:USDT — 최대 포지션 수 도달: 2/2
2026-07-31 00:04:52,536 [INFO] [SIG] HYPE/USDT:USDT LONG 신호 포착 (강도 95%)
2026-07-31 00:04:52,537 [INFO] [SIGNAL] HYPE/USDT:USDT LONG 신호 수신 (strength=95)
2026-07-31 00:04:53,018 [INFO] [RISK OK] HYPE/USDT:USDT 리스크 체크 통과
2026-07-31 00:04:53,403 [WARNING] [ENTRY BLOCK] HYPE/USDT:USDT — 최대 포지션 수 도달: 2/2
2026-07-31 00:04:54,825 [WARNING] [API RateLimit] fetch_ohlcv API 제한 감지. 1/3. 1.0초 대기... 오류: okx {"msg":"Too Many Requests","code":"50011"}
2026-07-31 00:04:56,363 [INFO] [SIG] UNI/USDT:USDT LONG 신호 포착 (강도 95%)
2026-07-31 00:04:56,363 [INFO] [SIGNAL] UNI/USDT:USDT LONG 신호 수신 (strength=95)
2026-07-31 00:04:56,858 [INFO] [RISK OK] UNI/USDT:USDT 리스크 체크 통과
2026-07-31 00:04:57,140 [WARNING] [ENTRY BLOCK] UNI/USDT:USDT — 최대 포지션 수 도달: 2/2
2026-07-31 00:04:57,724 [INFO] [SIG] SUI/USDT:USDT LONG 신호 포착 (강도 95%)
2026-07-31 00:04:57,724 [INFO] [SIGNAL] SUI/USDT:USDT LONG 신호 수신 (strength=95)
2026-07-31 00:04:58,117 [INFO] [RISK OK] SUI/USDT:USDT 리스크 체크 통과
2026-07-31 00:04:58,396 [WARNING] [ENTRY BLOCK] SUI/USDT:USDT — 최대 포지션 수 도달: 2/2
2026-07-31 00:04:59,864 [INFO] [SIG] BNB/USDT:USDT LONG 신호 포착 (강도 95%)
2026-07-31 00:04:59,864 [INFO] [SIGNAL] BNB/USDT:USDT LONG 신호 수신 (strength=95)
2026-07-31 00:05:00,362 [INFO] [RISK OK] BNB/USDT:USDT 리스크 체크 통과
2026-07-31 00:05:00,681 [WARNING] [ENTRY BLOCK] BNB/USDT:USDT — 최대 포지션 수 도달: 2/2
