
===== [2026-07-30 23:03:45] watchdog 실행: 8402_bot =====
/Users/l/project/8402/venv/lib/python3.9/site-packages/urllib3/__init__.py:35: NotOpenSSLWarning: urllib3 v2 only supports OpenSSL 1.1.1+, currently the 'ssl' module is compiled with 'LibreSSL 2.8.3'. See: https://github.com/urllib3/urllib3/issues/3020
  warnings.warn(
2026-07-30 23:03:46,283 [INFO] [CONFIG] JSON 설정 로드: /Users/l/project/8402/config.json
2026-07-30 23:03:46,288 [INFO] =======================================================
2026-07-30 23:03:46,288 [INFO]   8406_okx 매매 엔진 시작 (목표: 일 1% 수익)
2026-07-30 23:03:46,288 [INFO]   전략: 박스권 & 프랙탈  |  TF: 15m
2026-07-30 23:03:46,288 [INFO]   레버리지: 6x  |  증거금: $2.0
2026-07-30 23:03:46,288 [INFO]   SL: 1.0%  TP: 1.8%
2026-07-30 23:03:46,288 [INFO]   스캔 TOP-N: 30  |  자동매매: True
2026-07-30 23:03:46,288 [INFO] =======================================================
2026-07-30 23:03:46,289 [INFO]   ▶ 실행 코드 버전(git): 324e6f4  PID: 46870  시작: 2026-07-30 23:03:46
2026-07-30 23:03:46,289 [INFO] ▶ OKX API 연결 중...
2026-07-30 23:03:47,128 [INFO] 마켓 로드 완료: 435개 종목
2026-07-30 23:03:47,128 [INFO] ✅ OKX API 연결 성공
2026-07-30 23:03:47,293 [INFO] 💰 잔고: 총 $9.82  |  가용 $3.67 USDT
2026-07-30 23:03:47,293 [INFO] [PERSIST] 활성 포지션 상태 복구 완료 (3건)
2026-07-30 23:03:47,293 [INFO] [TRADER] 자동매매 활성화 (Async)
2026-07-30 23:03:47,294 [INFO] [SCANNER] 스캔 엔진 시작 (Async)
2026-07-30 23:03:47,294 [INFO] [SCANNER] 웹소켓 비활성(REST 전용) — 안정성 우선
2026-07-30 23:03:47,294 [INFO] 🤖 자동매매 + 스캐너 가동 완료 — 상시 운영 시작
2026-07-30 23:03:47,294 [INFO] [DISCORD FILTER] '자동매매 엔진 가동 완료' 알림 금지 처리됨
2026-07-30 23:03:47,659 [INFO] [SCAN] 블랙리스트 4개 제외: ['IP/USDT:USDT', 'NES/USDT:USDT', 'WLD/USDT:USDT', 'XAG/USDT:USDT', 'XAU/USDT:USDT', 'XAUT/USDT:USDT']
2026-07-30 23:03:47,659 [INFO] [SCAN] 스캔 시작: 30개 페어 (캐시 0개 보유)
2026-07-30 23:03:47,874 [INFO] [CACHE] BTC/USDT:USDT 초기 로드 300봉
2026-07-30 23:03:48,505 [INFO] [CACHE] ETH/USDT:USDT 초기 로드 300봉
2026-07-30 23:03:49,134 [INFO] [CACHE] SOL/USDT:USDT 초기 로드 300봉
2026-07-30 23:03:49,757 [INFO] [CACHE] XRP/USDT:USDT 초기 로드 300봉
2026-07-30 23:03:50,394 [INFO] [CACHE] DOGE/USDT:USDT 초기 로드 300봉
2026-07-30 23:03:51,029 [INFO] [CACHE] HYPE/USDT:USDT 초기 로드 300봉
2026-07-30 23:03:51,663 [INFO] [CACHE] AEON/USDT:USDT 초기 로드 299봉
2026-07-30 23:03:52,307 [INFO] [CACHE] ZEC/USDT:USDT 초기 로드 300봉
2026-07-30 23:03:52,692 [INFO] [상태] 잔고:$9.82 | 포지션:3개 | 스캔:0회 | 스캐너:ON
2026-07-30 23:03:53,102 [INFO] [CACHE] PEPE/USDT:USDT 초기 로드 300봉
2026-07-30 23:03:53,730 [INFO] [CACHE] UNI/USDT:USDT 초기 로드 300봉
2026-07-30 23:03:54,403 [INFO] [CACHE] SUI/USDT:USDT 초기 로드 300봉
2026-07-30 23:03:55,046 [INFO] [CACHE] KAITO/USDT:USDT 초기 로드 300봉
2026-07-30 23:03:55,670 [INFO] [CACHE] BNB/USDT:USDT 초기 로드 300봉
2026-07-30 23:03:56,299 [INFO] [CACHE] ONDO/USDT:USDT 초기 로드 300봉
2026-07-30 23:03:56,926 [INFO] [CACHE] RE/USDT:USDT 초기 로드 300봉
2026-07-30 23:03:57,559 [INFO] [CACHE] ADA/USDT:USDT 초기 로드 300봉
2026-07-30 23:03:58,192 [INFO] [CACHE] TRX/USDT:USDT 초기 로드 300봉
2026-07-30 23:03:58,825 [INFO] [CACHE] FIL/USDT:USDT 초기 로드 300봉
2026-07-30 23:03:59,451 [INFO] [CACHE] ZAMA/USDT:USDT 초기 로드 300봉
2026-07-30 23:04:00,081 [INFO] [CACHE] NEAR/USDT:USDT 초기 로드 300봉
2026-07-30 23:04:00,705 [INFO] [CACHE] OKB/USDT:USDT 초기 로드 300봉
2026-07-30 23:04:00,710 [INFO] [SIG] OKB/USDT:USDT LONG 신호 포착 (강도 100%)
2026-07-30 23:04:00,710 [INFO] [SIGNAL] OKB/USDT:USDT LONG 신호 수신 (strength=100)
2026-07-30 23:04:00,824 [INFO] [RISK OK] OKB/USDT:USDT 리스크 체크 통과
2026-07-30 23:04:01,208 [INFO] [ENTRY BLOCK] OKB/USDT:USDT — 이미 포지션 보유 또는 진입 주문 전송 중
2026-07-30 23:04:01,999 [INFO] [CACHE] LIT/USDT:USDT 초기 로드 300봉
2026-07-30 23:04:02,630 [INFO] [CACHE] LTC/USDT:USDT 초기 로드 300봉
2026-07-30 23:04:03,262 [INFO] [CACHE] AAVE/USDT:USDT 초기 로드 300봉
2026-07-30 23:04:03,893 [INFO] [CACHE] PI/USDT:USDT 초기 로드 300봉
2026-07-30 23:04:04,526 [INFO] [CACHE] PUMP/USDT:USDT 초기 로드 300봉
2026-07-30 23:04:05,155 [INFO] [CACHE] XPL/USDT:USDT 초기 로드 300봉
2026-07-30 23:04:05,789 [INFO] [CACHE] SHIB/USDT:USDT 초기 로드 300봉
2026-07-30 23:04:06,412 [INFO] [CACHE] BCH/USDT:USDT 초기 로드 300봉
2026-07-30 23:04:07,042 [INFO] [CACHE] LINK/USDT:USDT 초기 로드 300봉
2026-07-30 23:04:07,548 [INFO] [SCAN] 완료: 30개 종목 · 신호 1개 · API 호출 30회 · 캐시 히트 0회
2026-07-30 23:04:25,224 [INFO] [SCAN] 블랙리스트 4개 제외: ['IP/USDT:USDT', 'NES/USDT:USDT', 'WLD/USDT:USDT', 'XAG/USDT:USDT', 'XAU/USDT:USDT', 'XAUT/USDT:USDT']
2026-07-30 23:04:25,224 [INFO] [SCAN] 스캔 시작: 30개 페어 (캐시 30개 보유)
2026-07-30 23:04:34,107 [INFO] [SIG] OKB/USDT:USDT LONG 신호 포착 (강도 100%)
2026-07-30 23:04:34,107 [INFO] [SIGNAL] OKB/USDT:USDT LONG 신호 수신 (strength=100)
2026-07-30 23:04:34,229 [INFO] [RISK OK] OKB/USDT:USDT 리스크 체크 통과
2026-07-30 23:04:34,511 [INFO] [ENTRY BLOCK] OKB/USDT:USDT — 이미 포지션 보유 또는 진입 주문 전송 중
2026-07-30 23:04:38,838 [INFO] [SCAN] 완료: 30개 종목 · 신호 1개 · API 호출 30회 · 캐시 히트 0회
2026-07-30 23:04:53,088 [INFO] [상태] 잔고:$9.84 | 포지션:3개 | 스캔:2회 | 스캐너:ON
2026-07-30 23:04:54,209 [INFO] [SCAN] 블랙리스트 4개 제외: ['IP/USDT:USDT', 'NES/USDT:USDT', 'WLD/USDT:USDT', 'XAG/USDT:USDT', 'XAU/USDT:USDT', 'XAUT/USDT:USDT']
2026-07-30 23:04:54,209 [INFO] [SCAN] 스캔 시작: 30개 페어 (캐시 30개 보유)
2026-07-30 23:05:03,208 [INFO] [SIG] OKB/USDT:USDT LONG 신호 포착 (강도 100%)
2026-07-30 23:05:03,208 [INFO] [SIGNAL] OKB/USDT:USDT LONG 신호 수신 (strength=100)
2026-07-30 23:05:03,326 [INFO] [RISK OK] OKB/USDT:USDT 리스크 체크 통과
2026-07-30 23:05:03,624 [INFO] [ENTRY BLOCK] OKB/USDT:USDT — 이미 포지션 보유 또는 진입 주문 전송 중
2026-07-30 23:05:08,030 [INFO] [SCAN] 완료: 30개 종목 · 신호 1개 · API 호출 30회 · 캐시 히트 0회
2026-07-30 23:05:25,848 [INFO] [SCAN] 블랙리스트 4개 제외: ['IP/USDT:USDT', 'NES/USDT:USDT', 'WLD/USDT:USDT', 'XAG/USDT:USDT', 'XAU/USDT:USDT', 'XAUT/USDT:USDT']
2026-07-30 23:05:25,848 [INFO] [SCAN] 스캔 시작: 30개 페어 (캐시 30개 보유)
2026-07-30 23:05:34,519 [INFO] [SIG] OKB/USDT:USDT LONG 신호 포착 (강도 100%)
2026-07-30 23:05:34,520 [INFO] [SIGNAL] OKB/USDT:USDT LONG 신호 수신 (strength=100)
2026-07-30 23:05:34,731 [INFO] [RISK OK] OKB/USDT:USDT 리스크 체크 통과
2026-07-30 23:05:35,014 [INFO] [ENTRY BLOCK] OKB/USDT:USDT — 이미 포지션 보유 또는 진입 주문 전송 중
2026-07-30 23:05:39,421 [INFO] [SCAN] 완료: 30개 종목 · 신호 1개 · API 호출 30회 · 캐시 히트 0회
2026-07-30 23:05:53,723 [INFO] [상태] 잔고:$9.83 | 포지션:3개 | 스캔:4회 | 스캐너:ON
2026-07-30 23:05:54,775 [INFO] [SCAN] 블랙리스트 4개 제외: ['IP/USDT:USDT', 'NES/USDT:USDT', 'WLD/USDT:USDT', 'XAG/USDT:USDT', 'XAU/USDT:USDT', 'XAUT/USDT:USDT']
2026-07-30 23:05:54,775 [INFO] [SCAN] 스캔 시작: 30개 페어 (캐시 30개 보유)
2026-07-30 23:06:03,597 [INFO] [SIG] OKB/USDT:USDT LONG 신호 포착 (강도 100%)
2026-07-30 23:06:03,597 [INFO] [SIGNAL] OKB/USDT:USDT LONG 신호 수신 (strength=100)
2026-07-30 23:06:03,708 [INFO] [RISK OK] OKB/USDT:USDT 리스크 체크 통과
2026-07-30 23:06:03,990 [INFO] [ENTRY BLOCK] OKB/USDT:USDT — 이미 포지션 보유 또는 진입 주문 전송 중
2026-07-30 23:06:08,309 [INFO] [SCAN] 완료: 30개 종목 · 신호 1개 · API 호출 30회 · 캐시 히트 0회
2026-07-30 23:06:26,023 [INFO] [SCAN] 블랙리스트 4개 제외: ['IP/USDT:USDT', 'NES/USDT:USDT', 'WLD/USDT:USDT', 'XAG/USDT:USDT', 'XAU/USDT:USDT', 'XAUT/USDT:USDT']
2026-07-30 23:06:26,023 [INFO] [SCAN] 스캔 시작: 30개 페어 (캐시 30개 보유)
2026-07-30 23:06:35,439 [INFO] [SIG] OKB/USDT:USDT LONG 신호 포착 (강도 100%)
2026-07-30 23:06:35,439 [INFO] [SIGNAL] OKB/USDT:USDT LONG 신호 수신 (strength=100)
2026-07-30 23:06:35,607 [INFO] [RISK OK] OKB/USDT:USDT 리스크 체크 통과
2026-07-30 23:06:36,046 [INFO] [ENTRY BLOCK] OKB/USDT:USDT — 이미 포지션 보유 또는 진입 주문 전송 중
2026-07-30 23:06:40,574 [INFO] [SCAN] 완료: 30개 종목 · 신호 1개 · API 호출 30회 · 캐시 히트 0회
2026-07-30 23:06:54,250 [INFO] [상태] 잔고:$9.80 | 포지션:3개 | 스캔:6회 | 스캐너:ON
2026-07-30 23:06:55,950 [INFO] [SCAN] 블랙리스트 4개 제외: ['IP/USDT:USDT', 'NES/USDT:USDT', 'WLD/USDT:USDT', 'XAG/USDT:USDT', 'XAU/USDT:USDT', 'XAUT/USDT:USDT']
2026-07-30 23:06:55,951 [INFO] [SCAN] 스캔 시작: 30개 페어 (캐시 30개 보유)
2026-07-30 23:07:05,106 [INFO] [SIG] OKB/USDT:USDT LONG 신호 포착 (강도 100%)
2026-07-30 23:07:05,106 [INFO] [SIGNAL] OKB/USDT:USDT LONG 신호 수신 (strength=100)
2026-07-30 23:07:05,326 [INFO] [RISK OK] OKB/USDT:USDT 리스크 체크 통과
2026-07-30 23:07:05,609 [INFO] [ENTRY BLOCK] OKB/USDT:USDT — 이미 포지션 보유 또는 진입 주문 전송 중
2026-07-30 23:07:10,010 [INFO] [SCAN] 완료: 30개 종목 · 신호 1개 · API 호출 30회 · 캐시 히트 0회
2026-07-30 23:07:27,800 [INFO] [SCAN] 블랙리스트 4개 제외: ['IP/USDT:USDT', 'NES/USDT:USDT', 'WLD/USDT:USDT', 'XAG/USDT:USDT', 'XAU/USDT:USDT', 'XAUT/USDT:USDT']
2026-07-30 23:07:27,800 [INFO] [SCAN] 스캔 시작: 30개 페어 (캐시 30개 보유)
2026-07-30 23:07:36,649 [INFO] [SIG] OKB/USDT:USDT LONG 신호 포착 (강도 100%)
2026-07-30 23:07:36,649 [INFO] [SIGNAL] OKB/USDT:USDT LONG 신호 수신 (strength=100)
2026-07-30 23:07:36,769 [INFO] [RISK OK] OKB/USDT:USDT 리스크 체크 통과
2026-07-30 23:07:37,065 [INFO] [ENTRY BLOCK] OKB/USDT:USDT — 이미 포지션 보유 또는 진입 주문 전송 중
2026-07-30 23:07:41,465 [INFO] [SCAN] 완료: 30개 종목 · 신호 1개 · API 호출 30회 · 캐시 히트 0회
2026-07-30 23:07:54,896 [INFO] [상태] 잔고:$9.76 | 포지션:3개 | 스캔:8회 | 스캐너:ON
2026-07-30 23:07:56,858 [INFO] [SCAN] 블랙리스트 4개 제외: ['IP/USDT:USDT', 'NES/USDT:USDT', 'WLD/USDT:USDT', 'XAG/USDT:USDT', 'XAU/USDT:USDT', 'XAUT/USDT:USDT']
2026-07-30 23:07:56,858 [INFO] [SCAN] 스캔 시작: 30개 페어 (캐시 30개 보유)
2026-07-30 23:08:05,780 [INFO] [SIG] OKB/USDT:USDT LONG 신호 포착 (강도 100%)
2026-07-30 23:08:05,781 [INFO] [SIGNAL] OKB/USDT:USDT LONG 신호 수신 (strength=100)
2026-07-30 23:08:05,902 [INFO] [RISK OK] OKB/USDT:USDT 리스크 체크 통과
2026-07-30 23:08:06,290 [INFO] [ENTRY BLOCK] OKB/USDT:USDT — 이미 포지션 보유 또는 진입 주문 전송 중
2026-07-30 23:08:10,928 [INFO] [SCAN] 완료: 30개 종목 · 신호 1개 · API 호출 30회 · 캐시 히트 0회
2026-07-30 23:08:28,881 [INFO] [SCAN] 블랙리스트 4개 제외: ['IP/USDT:USDT', 'NES/USDT:USDT', 'WLD/USDT:USDT', 'XAG/USDT:USDT', 'XAU/USDT:USDT', 'XAUT/USDT:USDT']
2026-07-30 23:08:28,881 [INFO] [SCAN] 스캔 시작: 30개 페어 (캐시 30개 보유)
2026-07-30 23:08:37,930 [INFO] [SIG] OKB/USDT:USDT LONG 신호 포착 (강도 100%)
2026-07-30 23:08:37,930 [INFO] [SIGNAL] OKB/USDT:USDT LONG 신호 수신 (strength=100)
2026-07-30 23:08:38,188 [INFO] [RISK OK] OKB/USDT:USDT 리스크 체크 통과
2026-07-30 23:08:38,466 [INFO] [ENTRY BLOCK] OKB/USDT:USDT — 이미 포지션 보유 또는 진입 주문 전송 중
2026-07-30 23:08:43,076 [INFO] [SCAN] 완료: 30개 종목 · 신호 1개 · API 호출 30회 · 캐시 히트 0회
2026-07-30 23:08:55,491 [INFO] [상태] 잔고:$9.78 | 포지션:3개 | 스캔:10회 | 스캐너:ON
2026-07-30 23:08:58,466 [INFO] [SCAN] 블랙리스트 4개 제외: ['IP/USDT:USDT', 'NES/USDT:USDT', 'WLD/USDT:USDT', 'XAG/USDT:USDT', 'XAU/USDT:USDT', 'XAUT/USDT:USDT']
2026-07-30 23:08:58,466 [INFO] [SCAN] 스캔 시작: 30개 페어 (캐시 30개 보유)
2026-07-30 23:09:07,539 [INFO] [SIG] OKB/USDT:USDT LONG 신호 포착 (강도 100%)
2026-07-30 23:09:07,539 [INFO] [SIGNAL] OKB/USDT:USDT LONG 신호 수신 (strength=100)
2026-07-30 23:09:07,662 [INFO] [RISK OK] OKB/USDT:USDT 리스크 체크 통과
2026-07-30 23:09:07,945 [INFO] [ENTRY BLOCK] OKB/USDT:USDT — 이미 포지션 보유 또는 진입 주문 전송 중
2026-07-30 23:09:12,377 [INFO] [SCAN] 완료: 30개 종목 · 신호 1개 · API 호출 30회 · 캐시 히트 0회
2026-07-30 23:09:30,037 [INFO] [SCAN] 블랙리스트 4개 제외: ['IP/USDT:USDT', 'NES/USDT:USDT', 'WLD/USDT:USDT', 'XAG/USDT:USDT', 'XAU/USDT:USDT', 'XAUT/USDT:USDT']
2026-07-30 23:09:30,037 [INFO] [SCAN] 스캔 시작: 30개 페어 (캐시 30개 보유)
2026-07-30 23:09:38,913 [INFO] [SIG] OKB/USDT:USDT LONG 신호 포착 (강도 100%)
2026-07-30 23:09:38,913 [INFO] [SIGNAL] OKB/USDT:USDT LONG 신호 수신 (strength=100)
2026-07-30 23:09:39,135 [INFO] [RISK OK] OKB/USDT:USDT 리스크 체크 통과
2026-07-30 23:09:39,536 [INFO] [ENTRY BLOCK] OKB/USDT:USDT — 이미 포지션 보유 또는 진입 주문 전송 중
2026-07-30 23:09:43,890 [INFO] [SCAN] 완료: 30개 종목 · 신호 1개 · API 호출 30회 · 캐시 히트 0회
2026-07-30 23:09:56,029 [INFO] [상태] 잔고:$9.75 | 포지션:3개 | 스캔:12회 | 스캐너:ON
2026-07-30 23:09:59,281 [INFO] [SCAN] 블랙리스트 4개 제외: ['IP/USDT:USDT', 'NES/USDT:USDT', 'WLD/USDT:USDT', 'XAG/USDT:USDT', 'XAU/USDT:USDT', 'XAUT/USDT:USDT']
2026-07-30 23:09:59,282 [INFO] [SCAN] 스캔 시작: 30개 페어 (캐시 30개 보유)
2026-07-30 23:10:08,097 [INFO] [SIG] OKB/USDT:USDT LONG 신호 포착 (강도 100%)
2026-07-30 23:10:08,097 [INFO] [SIGNAL] OKB/USDT:USDT LONG 신호 수신 (strength=100)
2026-07-30 23:10:08,211 [INFO] [RISK OK] OKB/USDT:USDT 리스크 체크 통과
2026-07-30 23:10:08,496 [INFO] [ENTRY BLOCK] OKB/USDT:USDT — 이미 포지션 보유 또는 진입 주문 전송 중
2026-07-30 23:10:12,856 [INFO] [SCAN] 완료: 30개 종목 · 신호 1개 · API 호출 30회 · 캐시 히트 0회
2026-07-30 23:10:30,580 [INFO] [SCAN] 블랙리스트 4개 제외: ['IP/USDT:USDT', 'NES/USDT:USDT', 'WLD/USDT:USDT', 'XAG/USDT:USDT', 'XAU/USDT:USDT', 'XAUT/USDT:USDT']
2026-07-30 23:10:30,580 [INFO] [SCAN] 스캔 시작: 30개 페어 (캐시 30개 보유)
2026-07-30 23:10:39,436 [INFO] [SIG] OKB/USDT:USDT LONG 신호 포착 (강도 100%)
2026-07-30 23:10:39,436 [INFO] [SIGNAL] OKB/USDT:USDT LONG 신호 수신 (strength=100)
2026-07-30 23:10:39,551 [INFO] [RISK OK] OKB/USDT:USDT 리스크 체크 통과
2026-07-30 23:10:39,940 [INFO] [ENTRY BLOCK] OKB/USDT:USDT — 이미 포지션 보유 또는 진입 주문 전송 중
2026-07-30 23:10:44,315 [INFO] [SCAN] 완료: 30개 종목 · 신호 1개 · API 호출 30회 · 캐시 히트 0회
2026-07-30 23:10:56,467 [INFO] [상태] 잔고:$9.73 | 포지션:3개 | 스캔:14회 | 스캐너:ON
2026-07-30 23:10:59,694 [INFO] [SCAN] 블랙리스트 4개 제외: ['IP/USDT:USDT', 'NES/USDT:USDT', 'WLD/USDT:USDT', 'XAG/USDT:USDT', 'XAU/USDT:USDT', 'XAUT/USDT:USDT']
2026-07-30 23:10:59,694 [INFO] [SCAN] 스캔 시작: 30개 페어 (캐시 30개 보유)
2026-07-30 23:11:08,537 [INFO] [SIG] OKB/USDT:USDT LONG 신호 포착 (강도 100%)
2026-07-30 23:11:08,537 [INFO] [SIGNAL] OKB/USDT:USDT LONG 신호 수신 (strength=100)
2026-07-30 23:11:08,657 [INFO] [RISK OK] OKB/USDT:USDT 리스크 체크 통과
2026-07-30 23:11:08,943 [INFO] [ENTRY BLOCK] OKB/USDT:USDT — 이미 포지션 보유 또는 진입 주문 전송 중
2026-07-30 23:11:13,269 [INFO] [SCAN] 완료: 30개 종목 · 신호 1개 · API 호출 30회 · 캐시 히트 0회
2026-07-30 23:11:30,930 [INFO] [SCAN] 블랙리스트 4개 제외: ['IP/USDT:USDT', 'NES/USDT:USDT', 'WLD/USDT:USDT', 'XAG/USDT:USDT', 'XAU/USDT:USDT', 'XAUT/USDT:USDT']
2026-07-30 23:11:30,930 [INFO] [SCAN] 스캔 시작: 30개 페어 (캐시 30개 보유)
2026-07-30 23:11:40,148 [INFO] [SIG] OKB/USDT:USDT LONG 신호 포착 (강도 100%)
2026-07-30 23:11:40,148 [INFO] [SIGNAL] OKB/USDT:USDT LONG 신호 수신 (strength=100)
2026-07-30 23:11:40,412 [INFO] [RISK OK] OKB/USDT:USDT 리스크 체크 통과
2026-07-30 23:11:40,700 [INFO] [ENTRY BLOCK] OKB/USDT:USDT — 이미 포지션 보유 또는 진입 주문 전송 중
2026-07-30 23:11:45,182 [INFO] [SCAN] 완료: 30개 종목 · 신호 1개 · API 호출 30회 · 캐시 히트 0회
2026-07-30 23:11:56,942 [INFO] [상태] 잔고:$9.74 | 포지션:3개 | 스캔:16회 | 스캐너:ON
2026-07-30 23:12:00,559 [INFO] [SCAN] 블랙리스트 4개 제외: ['IP/USDT:USDT', 'NES/USDT:USDT', 'WLD/USDT:USDT', 'XAG/USDT:USDT', 'XAU/USDT:USDT', 'XAUT/USDT:USDT']
2026-07-30 23:12:00,559 [INFO] [SCAN] 스캔 시작: 30개 페어 (캐시 30개 보유)
2026-07-30 23:12:09,684 [INFO] [SIG] OKB/USDT:USDT LONG 신호 포착 (강도 100%)
2026-07-30 23:12:09,684 [INFO] [SIGNAL] OKB/USDT:USDT LONG 신호 수신 (strength=100)
2026-07-30 23:12:09,804 [INFO] [RISK OK] OKB/USDT:USDT 리스크 체크 통과
2026-07-30 23:12:10,187 [INFO] [ENTRY BLOCK] OKB/USDT:USDT — 이미 포지션 보유 또는 진입 주문 전송 중
2026-07-30 23:12:14,596 [INFO] [SCAN] 완료: 30개 종목 · 신호 1개 · API 호출 30회 · 캐시 히트 0회
2026-07-30 23:12:32,630 [INFO] [SCAN] 블랙리스트 4개 제외: ['IP/USDT:USDT', 'NES/USDT:USDT', 'WLD/USDT:USDT', 'XAG/USDT:USDT', 'XAU/USDT:USDT', 'XAUT/USDT:USDT']
2026-07-30 23:12:32,630 [INFO] [SCAN] 스캔 시작: 30개 페어 (캐시 30개 보유)
2026-07-30 23:12:42,208 [INFO] [SIG] OKB/USDT:USDT LONG 신호 포착 (강도 100%)
2026-07-30 23:12:42,208 [INFO] [SIGNAL] OKB/USDT:USDT LONG 신호 수신 (strength=100)
2026-07-30 23:12:42,371 [INFO] [RISK OK] OKB/USDT:USDT 리스크 체크 통과
2026-07-30 23:12:42,699 [INFO] [ENTRY BLOCK] OKB/USDT:USDT — 이미 포지션 보유 또는 진입 주문 전송 중
2026-07-30 23:12:47,369 [INFO] [SCAN] 완료: 30개 종목 · 신호 1개 · API 호출 30회 · 캐시 히트 0회
2026-07-30 23:12:57,545 [INFO] [상태] 잔고:$9.74 | 포지션:3개 | 스캔:18회 | 스캐너:ON
2026-07-30 23:13:02,780 [INFO] [SCAN] 블랙리스트 4개 제외: ['IP/USDT:USDT', 'NES/USDT:USDT', 'WLD/USDT:USDT', 'XAG/USDT:USDT', 'XAU/USDT:USDT', 'XAUT/USDT:USDT']
2026-07-30 23:13:02,781 [INFO] [SCAN] 스캔 시작: 30개 페어 (캐시 30개 보유)
2026-07-30 23:13:12,132 [INFO] [SIG] OKB/USDT:USDT LONG 신호 포착 (강도 100%)
2026-07-30 23:13:12,132 [INFO] [SIGNAL] OKB/USDT:USDT LONG 신호 수신 (strength=100)
2026-07-30 23:13:12,293 [INFO] [RISK OK] OKB/USDT:USDT 리스크 체크 통과
2026-07-30 23:13:12,613 [INFO] [ENTRY BLOCK] OKB/USDT:USDT — 이미 포지션 보유 또는 진입 주문 전송 중
2026-07-30 23:13:17,290 [INFO] [SCAN] 완료: 30개 종목 · 신호 1개 · API 호출 30회 · 캐시 히트 0회
2026-07-30 23:13:35,258 [INFO] [SCAN] 블랙리스트 4개 제외: ['IP/USDT:USDT', 'NES/USDT:USDT', 'WLD/USDT:USDT', 'XAG/USDT:USDT', 'XAU/USDT:USDT', 'XAUT/USDT:USDT']
2026-07-30 23:13:35,258 [INFO] [SCAN] 스캔 시작: 30개 페어 (캐시 30개 보유)
2026-07-30 23:13:43,969 [INFO] [SIG] OKB/USDT:USDT LONG 신호 포착 (강도 100%)
2026-07-30 23:13:43,969 [INFO] [SIGNAL] OKB/USDT:USDT LONG 신호 수신 (strength=100)
2026-07-30 23:13:44,084 [INFO] [RISK OK] OKB/USDT:USDT 리스크 체크 통과
2026-07-30 23:13:44,364 [INFO] [ENTRY BLOCK] OKB/USDT:USDT — 이미 포지션 보유 또는 진입 주문 전송 중
2026-07-30 23:13:48,703 [INFO] [SCAN] 완료: 30개 종목 · 신호 1개 · API 호출 30회 · 캐시 히트 0회
2026-07-30 23:13:58,098 [INFO] [상태] 잔고:$9.74 | 포지션:3개 | 스캔:20회 | 스캐너:ON
2026-07-30 23:14:04,066 [INFO] [SCAN] 블랙리스트 4개 제외: ['IP/USDT:USDT', 'NES/USDT:USDT', 'WLD/USDT:USDT', 'XAG/USDT:USDT', 'XAU/USDT:USDT', 'XAUT/USDT:USDT']
2026-07-30 23:14:04,066 [INFO] [SCAN] 스캔 시작: 30개 페어 (캐시 30개 보유)
2026-07-30 23:14:12,802 [INFO] [SIG] OKB/USDT:USDT LONG 신호 포착 (강도 100%)
2026-07-30 23:14:12,802 [INFO] [SIGNAL] OKB/USDT:USDT LONG 신호 수신 (strength=100)
2026-07-30 23:14:12,920 [INFO] [RISK OK] OKB/USDT:USDT 리스크 체크 통과
2026-07-30 23:14:13,202 [INFO] [ENTRY BLOCK] OKB/USDT:USDT — 이미 포지션 보유 또는 진입 주문 전송 중
2026-07-30 23:14:17,509 [INFO] [SCAN] 완료: 30개 종목 · 신호 1개 · API 호출 30회 · 캐시 히트 0회
2026-07-30 23:14:35,104 [INFO] [SCAN] 블랙리스트 4개 제외: ['IP/USDT:USDT', 'NES/USDT:USDT', 'WLD/USDT:USDT', 'XAG/USDT:USDT', 'XAU/USDT:USDT', 'XAUT/USDT:USDT']
2026-07-30 23:14:35,106 [INFO] [SCAN] 스캔 시작: 30개 페어 (캐시 30개 보유)
2026-07-30 23:14:44,167 [INFO] [SIG] OKB/USDT:USDT LONG 신호 포착 (강도 100%)
2026-07-30 23:14:44,167 [INFO] [SIGNAL] OKB/USDT:USDT LONG 신호 수신 (strength=100)
2026-07-30 23:14:44,286 [INFO] [RISK OK] OKB/USDT:USDT 리스크 체크 통과
2026-07-30 23:14:44,713 [INFO] [ENTRY BLOCK] OKB/USDT:USDT — 이미 포지션 보유 또는 진입 주문 전송 중
2026-07-30 23:14:49,202 [INFO] [SCAN] 완료: 30개 종목 · 신호 1개 · API 호출 30회 · 캐시 히트 0회
2026-07-30 23:14:58,571 [INFO] [상태] 잔고:$9.73 | 포지션:3개 | 스캔:22회 | 스캐너:ON
2026-07-30 23:15:04,566 [INFO] [SCAN] 블랙리스트 4개 제외: ['IP/USDT:USDT', 'NES/USDT:USDT', 'WLD/USDT:USDT', 'XAG/USDT:USDT', 'XAU/USDT:USDT', 'XAUT/USDT:USDT']
2026-07-30 23:15:04,566 [INFO] [SCAN] 스캔 시작: 30개 페어 (캐시 30개 보유)
2026-07-30 23:15:13,756 [INFO] [SIG] LIT/USDT:USDT SHORT 신호 포착 (강도 100%)
2026-07-30 23:15:13,756 [INFO] [SIGNAL] LIT/USDT:USDT SHORT 신호 수신 (strength=100)
2026-07-30 23:15:13,869 [INFO] [RISK OK] LIT/USDT:USDT 리스크 체크 통과
2026-07-30 23:15:14,191 [WARNING] [ENTRY BLOCK] LIT/USDT:USDT — 최대 포지션 수 도달: 3/3
2026-07-30 23:15:18,137 [INFO] [SCAN] 완료: 30개 종목 · 신호 1개 · API 호출 30회 · 캐시 히트 0회
2026-07-30 23:15:36,102 [INFO] [SCAN] 블랙리스트 4개 제외: ['IP/USDT:USDT', 'NES/USDT:USDT', 'WLD/USDT:USDT', 'XAG/USDT:USDT', 'XAU/USDT:USDT', 'XAUT/USDT:USDT']
2026-07-30 23:15:36,102 [INFO] [SCAN] 스캔 시작: 30개 페어 (캐시 30개 보유)
2026-07-30 23:15:45,842 [INFO] [SIG] LIT/USDT:USDT SHORT 신호 포착 (강도 100%)
2026-07-30 23:15:45,842 [INFO] [SIGNAL] LIT/USDT:USDT SHORT 신호 수신 (strength=100)
2026-07-30 23:15:46,006 [INFO] [RISK OK] LIT/USDT:USDT 리스크 체크 통과
2026-07-30 23:15:46,334 [WARNING] [ENTRY BLOCK] LIT/USDT:USDT — 최대 포지션 수 도달: 3/3
2026-07-30 23:15:50,334 [INFO] [SCAN] 완료: 30개 종목 · 신호 1개 · API 호출 30회 · 캐시 히트 0회
2026-07-30 23:15:59,030 [INFO] [상태] 잔고:$9.72 | 포지션:3개 | 스캔:24회 | 스캐너:ON
2026-07-30 23:16:05,720 [INFO] [SCAN] 블랙리스트 4개 제외: ['IP/USDT:USDT', 'NES/USDT:USDT', 'WLD/USDT:USDT', 'XAG/USDT:USDT', 'XAU/USDT:USDT', 'XAUT/USDT:USDT']
2026-07-30 23:16:05,720 [INFO] [SCAN] 스캔 시작: 30개 페어 (캐시 30개 보유)
2026-07-30 23:16:15,029 [INFO] [SIG] LIT/USDT:USDT SHORT 신호 포착 (강도 100%)
2026-07-30 23:16:15,029 [INFO] [SIGNAL] LIT/USDT:USDT SHORT 신호 수신 (strength=100)
2026-07-30 23:16:15,184 [INFO] [RISK OK] LIT/USDT:USDT 리스크 체크 통과
2026-07-30 23:16:15,607 [WARNING] [ENTRY BLOCK] LIT/USDT:USDT — 최대 포지션 수 도달: 3/3
2026-07-30 23:16:19,526 [INFO] [SCAN] 완료: 30개 종목 · 신호 1개 · API 호출 30회 · 캐시 히트 0회
2026-07-30 23:16:37,221 [INFO] [SCAN] 블랙리스트 4개 제외: ['IP/USDT:USDT', 'NES/USDT:USDT', 'WLD/USDT:USDT', 'XAG/USDT:USDT', 'XAU/USDT:USDT', 'XAUT/USDT:USDT']
2026-07-30 23:16:37,221 [INFO] [SCAN] 스캔 시작: 30개 페어 (캐시 30개 보유)
2026-07-30 23:16:46,681 [INFO] [SIG] LIT/USDT:USDT SHORT 신호 포착 (강도 100%)
2026-07-30 23:16:46,681 [INFO] [SIGNAL] LIT/USDT:USDT SHORT 신호 수신 (strength=100)
2026-07-30 23:16:46,797 [INFO] [RISK OK] LIT/USDT:USDT 리스크 체크 통과
2026-07-30 23:16:47,114 [WARNING] [ENTRY BLOCK] LIT/USDT:USDT — 최대 포지션 수 도달: 3/3
2026-07-30 23:16:51,117 [INFO] [SCAN] 완료: 30개 종목 · 신호 1개 · API 호출 30회 · 캐시 히트 0회
2026-07-30 23:16:59,621 [INFO] [상태] 잔고:$9.73 | 포지션:3개 | 스캔:26회 | 스캐너:ON
2026-07-30 23:17:06,475 [INFO] [SCAN] 블랙리스트 4개 제외: ['IP/USDT:USDT', 'NES/USDT:USDT', 'WLD/USDT:USDT', 'XAG/USDT:USDT', 'XAU/USDT:USDT', 'XAUT/USDT:USDT']
2026-07-30 23:17:06,475 [INFO] [SCAN] 스캔 시작: 30개 페어 (캐시 30개 보유)
2026-07-30 23:17:15,796 [INFO] [SIG] LIT/USDT:USDT SHORT 신호 포착 (강도 100%)
2026-07-30 23:17:15,796 [INFO] [SIGNAL] LIT/USDT:USDT SHORT 신호 수신 (strength=100)
2026-07-30 23:17:15,912 [INFO] [RISK OK] LIT/USDT:USDT 리스크 체크 통과
2026-07-30 23:17:16,191 [WARNING] [ENTRY BLOCK] LIT/USDT:USDT — 최대 포지션 수 도달: 3/3
2026-07-30 23:17:20,108 [INFO] [SCAN] 완료: 30개 종목 · 신호 1개 · API 호출 30회 · 캐시 히트 0회
2026-07-30 23:17:37,998 [INFO] [SCAN] 블랙리스트 4개 제외: ['IP/USDT:USDT', 'NES/USDT:USDT', 'WLD/USDT:USDT', 'XAG/USDT:USDT', 'XAU/USDT:USDT', 'XAUT/USDT:USDT']
2026-07-30 23:17:37,998 [INFO] [SCAN] 스캔 시작: 30개 페어 (캐시 30개 보유)
2026-07-30 23:17:47,234 [INFO] [SIG] LIT/USDT:USDT SHORT 신호 포착 (강도 100%)
2026-07-30 23:17:47,234 [INFO] [SIGNAL] LIT/USDT:USDT SHORT 신호 수신 (strength=100)
2026-07-30 23:17:47,348 [INFO] [RISK OK] LIT/USDT:USDT 리스크 체크 통과
2026-07-30 23:17:47,681 [WARNING] [ENTRY BLOCK] LIT/USDT:USDT — 최대 포지션 수 도달: 3/3
2026-07-30 23:17:51,630 [INFO] [SCAN] 완료: 30개 종목 · 신호 1개 · API 호출 30회 · 캐시 히트 0회
2026-07-30 23:18:00,167 [INFO] [상태] 잔고:$9.73 | 포지션:3개 | 스캔:28회 | 스캐너:ON
2026-07-30 23:18:07,015 [INFO] [SCAN] 블랙리스트 4개 제외: ['IP/USDT:USDT', 'NES/USDT:USDT', 'WLD/USDT:USDT', 'XAG/USDT:USDT', 'XAU/USDT:USDT', 'XAUT/USDT:USDT']
2026-07-30 23:18:07,015 [INFO] [SCAN] 스캔 시작: 30개 페어 (캐시 30개 보유)
2026-07-30 23:18:16,223 [INFO] [SIG] LIT/USDT:USDT SHORT 신호 포착 (강도 100%)
2026-07-30 23:18:16,223 [INFO] [SIGNAL] LIT/USDT:USDT SHORT 신호 수신 (strength=100)
2026-07-30 23:18:16,339 [INFO] [RISK OK] LIT/USDT:USDT 리스크 체크 통과
2026-07-30 23:18:16,619 [WARNING] [ENTRY BLOCK] LIT/USDT:USDT — 최대 포지션 수 도달: 3/3
2026-07-30 23:18:20,531 [INFO] [SCAN] 완료: 30개 종목 · 신호 1개 · API 호출 30회 · 캐시 히트 0회
2026-07-30 23:18:38,386 [INFO] [SCAN] 블랙리스트 4개 제외: ['IP/USDT:USDT', 'NES/USDT:USDT', 'WLD/USDT:USDT', 'XAG/USDT:USDT', 'XAU/USDT:USDT', 'XAUT/USDT:USDT']
2026-07-30 23:18:38,387 [INFO] [SCAN] 스캔 시작: 30개 페어 (캐시 30개 보유)
2026-07-30 23:18:47,533 [INFO] [SIG] LIT/USDT:USDT SHORT 신호 포착 (강도 100%)
2026-07-30 23:18:47,533 [INFO] [SIGNAL] LIT/USDT:USDT SHORT 신호 수신 (strength=100)
2026-07-30 23:18:47,680 [INFO] [RISK OK] LIT/USDT:USDT 리스크 체크 통과
2026-07-30 23:18:47,955 [WARNING] [ENTRY BLOCK] LIT/USDT:USDT — 최대 포지션 수 도달: 3/3
2026-07-30 23:18:51,863 [INFO] [SCAN] 완료: 30개 종목 · 신호 1개 · API 호출 30회 · 캐시 히트 0회
2026-07-30 23:19:00,679 [INFO] [상태] 잔고:$9.71 | 포지션:3개 | 스캔:30회 | 스캐너:ON
2026-07-30 23:19:07,233 [INFO] [SCAN] 블랙리스트 4개 제외: ['IP/USDT:USDT', 'NES/USDT:USDT', 'WLD/USDT:USDT', 'XAG/USDT:USDT', 'XAU/USDT:USDT', 'XAUT/USDT:USDT']
2026-07-30 23:19:07,234 [INFO] [SCAN] 스캔 시작: 30개 페어 (캐시 30개 보유)
2026-07-30 23:19:16,640 [INFO] [SIG] LIT/USDT:USDT SHORT 신호 포착 (강도 100%)
2026-07-30 23:19:16,640 [INFO] [SIGNAL] LIT/USDT:USDT SHORT 신호 수신 (strength=100)
2026-07-30 23:19:16,754 [INFO] [RISK OK] LIT/USDT:USDT 리스크 체크 통과
2026-07-30 23:19:17,080 [WARNING] [ENTRY BLOCK] LIT/USDT:USDT — 최대 포지션 수 도달: 3/3
2026-07-30 23:19:21,106 [INFO] [SCAN] 완료: 30개 종목 · 신호 1개 · API 호출 30회 · 캐시 히트 0회
2026-07-30 23:19:39,089 [INFO] [SCAN] 블랙리스트 4개 제외: ['IP/USDT:USDT', 'NES/USDT:USDT', 'WLD/USDT:USDT', 'XAG/USDT:USDT', 'XAU/USDT:USDT', 'XAUT/USDT:USDT']
2026-07-30 23:19:39,090 [INFO] [SCAN] 스캔 시작: 30개 페어 (캐시 30개 보유)
2026-07-30 23:19:48,247 [INFO] [SIG] LIT/USDT:USDT SHORT 신호 포착 (강도 100%)
2026-07-30 23:19:48,248 [INFO] [SIGNAL] LIT/USDT:USDT SHORT 신호 수신 (strength=100)
2026-07-30 23:19:48,365 [INFO] [RISK OK] LIT/USDT:USDT 리스크 체크 통과
2026-07-30 23:19:48,648 [WARNING] [ENTRY BLOCK] LIT/USDT:USDT — 최대 포지션 수 도달: 3/3
2026-07-30 23:19:52,630 [INFO] [SCAN] 완료: 30개 종목 · 신호 1개 · API 호출 30회 · 캐시 히트 0회
2026-07-30 23:20:01,227 [INFO] [상태] 잔고:$9.74 | 포지션:3개 | 스캔:32회 | 스캐너:ON
2026-07-30 23:20:08,057 [INFO] [SCAN] 블랙리스트 4개 제외: ['IP/USDT:USDT', 'NES/USDT:USDT', 'WLD/USDT:USDT', 'XAG/USDT:USDT', 'XAU/USDT:USDT', 'XAUT/USDT:USDT']
2026-07-30 23:20:08,057 [INFO] [SCAN] 스캔 시작: 30개 페어 (캐시 30개 보유)
2026-07-30 23:20:17,456 [INFO] [SIG] LIT/USDT:USDT SHORT 신호 포착 (강도 100%)
2026-07-30 23:20:17,456 [INFO] [SIGNAL] LIT/USDT:USDT SHORT 신호 수신 (strength=100)
2026-07-30 23:20:17,616 [INFO] [RISK OK] LIT/USDT:USDT 리스크 체크 통과
2026-07-30 23:20:18,010 [WARNING] [ENTRY BLOCK] LIT/USDT:USDT — 최대 포지션 수 도달: 3/3
2026-07-30 23:20:22,068 [INFO] [SCAN] 완료: 30개 종목 · 신호 1개 · API 호출 30회 · 캐시 히트 0회
2026-07-30 23:20:40,276 [INFO] [SCAN] 블랙리스트 4개 제외: ['IP/USDT:USDT', 'NES/USDT:USDT', 'WLD/USDT:USDT', 'XAG/USDT:USDT', 'XAU/USDT:USDT', 'XAUT/USDT:USDT']
2026-07-30 23:20:40,276 [INFO] [SCAN] 스캔 시작: 30개 페어 (캐시 30개 보유)
2026-07-30 23:20:49,636 [INFO] [SIG] LIT/USDT:USDT SHORT 신호 포착 (강도 100%)
2026-07-30 23:20:49,636 [INFO] [SIGNAL] LIT/USDT:USDT SHORT 신호 수신 (strength=100)
2026-07-30 23:20:49,904 [INFO] [RISK OK] LIT/USDT:USDT 리스크 체크 통과
2026-07-30 23:20:50,322 [WARNING] [ENTRY BLOCK] LIT/USDT:USDT — 최대 포지션 수 도달: 3/3
2026-07-30 23:20:54,372 [INFO] [SCAN] 완료: 30개 종목 · 신호 1개 · API 호출 30회 · 캐시 히트 0회
2026-07-30 23:21:01,829 [INFO] [상태] 잔고:$9.76 | 포지션:3개 | 스캔:34회 | 스캐너:ON
2026-07-30 23:21:09,794 [INFO] [SCAN] 블랙리스트 4개 제외: ['IP/USDT:USDT', 'NES/USDT:USDT', 'WLD/USDT:USDT', 'XAG/USDT:USDT', 'XAU/USDT:USDT', 'XAUT/USDT:USDT']
2026-07-30 23:21:09,794 [INFO] [SCAN] 스캔 시작: 30개 페어 (캐시 30개 보유)
2026-07-30 23:21:19,292 [INFO] [SIG] LIT/USDT:USDT SHORT 신호 포착 (강도 100%)
2026-07-30 23:21:19,292 [INFO] [SIGNAL] LIT/USDT:USDT SHORT 신호 수신 (strength=100)
2026-07-30 23:21:19,409 [INFO] [RISK OK] LIT/USDT:USDT 리스크 체크 통과
2026-07-30 23:21:19,732 [WARNING] [ENTRY BLOCK] LIT/USDT:USDT — 최대 포지션 수 도달: 3/3
2026-07-30 23:21:23,639 [INFO] [SCAN] 완료: 30개 종목 · 신호 1개 · API 호출 30회 · 캐시 히트 0회
2026-07-30 23:21:41,289 [INFO] [SCAN] 블랙리스트 4개 제외: ['IP/USDT:USDT', 'NES/USDT:USDT', 'WLD/USDT:USDT', 'XAG/USDT:USDT', 'XAU/USDT:USDT', 'XAUT/USDT:USDT']
2026-07-30 23:21:41,289 [INFO] [SCAN] 스캔 시작: 30개 페어 (캐시 30개 보유)
2026-07-30 23:21:50,520 [INFO] [SIG] LIT/USDT:USDT SHORT 신호 포착 (강도 100%)
2026-07-30 23:21:50,520 [INFO] [SIGNAL] LIT/USDT:USDT SHORT 신호 수신 (strength=100)
2026-07-30 23:21:50,635 [INFO] [RISK OK] LIT/USDT:USDT 리스크 체크 통과
2026-07-30 23:21:50,917 [WARNING] [ENTRY BLOCK] LIT/USDT:USDT — 최대 포지션 수 도달: 3/3
2026-07-30 23:21:54,802 [INFO] [SCAN] 완료: 30개 종목 · 신호 1개 · API 호출 30회 · 캐시 히트 0회
2026-07-30 23:22:02,252 [INFO] [상태] 잔고:$9.81 | 포지션:3개 | 스캔:36회 | 스캐너:ON
2026-07-30 23:22:10,160 [INFO] [SCAN] 블랙리스트 4개 제외: ['IP/USDT:USDT', 'NES/USDT:USDT', 'WLD/USDT:USDT', 'XAG/USDT:USDT', 'XAU/USDT:USDT', 'XAUT/USDT:USDT']
2026-07-30 23:22:10,160 [INFO] [SCAN] 스캔 시작: 30개 페어 (캐시 30개 보유)
2026-07-30 23:22:19,358 [INFO] [SIG] LIT/USDT:USDT SHORT 신호 포착 (강도 100%)
2026-07-30 23:22:19,358 [INFO] [SIGNAL] LIT/USDT:USDT SHORT 신호 수신 (strength=100)
2026-07-30 23:22:19,577 [INFO] [RISK OK] LIT/USDT:USDT 리스크 체크 통과
2026-07-30 23:22:19,857 [WARNING] [ENTRY BLOCK] LIT/USDT:USDT — 최대 포지션 수 도달: 3/3
2026-07-30 23:22:23,743 [INFO] [SCAN] 완료: 30개 종목 · 신호 1개 · API 호출 30회 · 캐시 히트 0회
2026-07-30 23:22:41,557 [INFO] [SCAN] 블랙리스트 4개 제외: ['IP/USDT:USDT', 'NES/USDT:USDT', 'WLD/USDT:USDT', 'XAG/USDT:USDT', 'XAU/USDT:USDT', 'XAUT/USDT:USDT']
2026-07-30 23:22:41,558 [INFO] [SCAN] 스캔 시작: 30개 페어 (캐시 30개 보유)
2026-07-30 23:22:50,945 [INFO] [SIG] LIT/USDT:USDT SHORT 신호 포착 (강도 100%)
2026-07-30 23:22:50,945 [INFO] [SIGNAL] LIT/USDT:USDT SHORT 신호 수신 (strength=100)
2026-07-30 23:22:51,166 [INFO] [RISK OK] LIT/USDT:USDT 리스크 체크 통과
2026-07-30 23:22:51,446 [WARNING] [ENTRY BLOCK] LIT/USDT:USDT — 최대 포지션 수 도달: 3/3
2026-07-30 23:22:55,347 [INFO] [SCAN] 완료: 30개 종목 · 신호 1개 · API 호출 30회 · 캐시 히트 0회
2026-07-30 23:23:02,688 [INFO] [상태] 잔고:$9.82 | 포지션:3개 | 스캔:38회 | 스캐너:ON
2026-07-30 23:23:10,712 [INFO] [SCAN] 블랙리스트 4개 제외: ['IP/USDT:USDT', 'NES/USDT:USDT', 'WLD/USDT:USDT', 'XAG/USDT:USDT', 'XAU/USDT:USDT', 'XAUT/USDT:USDT']
2026-07-30 23:23:10,712 [INFO] [SCAN] 스캔 시작: 30개 페어 (캐시 30개 보유)
2026-07-30 23:23:20,005 [INFO] [SIG] LIT/USDT:USDT SHORT 신호 포착 (강도 100%)
2026-07-30 23:23:20,006 [INFO] [SIGNAL] LIT/USDT:USDT SHORT 신호 수신 (strength=100)
2026-07-30 23:23:20,230 [INFO] [RISK OK] LIT/USDT:USDT 리스크 체크 통과
2026-07-30 23:23:20,558 [WARNING] [ENTRY BLOCK] LIT/USDT:USDT — 최대 포지션 수 도달: 3/3
2026-07-30 23:23:24,456 [INFO] [SCAN] 완료: 30개 종목 · 신호 1개 · API 호출 30회 · 캐시 히트 0회
2026-07-30 23:23:42,263 [INFO] [SCAN] 블랙리스트 4개 제외: ['IP/USDT:USDT', 'NES/USDT:USDT', 'WLD/USDT:USDT', 'XAG/USDT:USDT', 'XAU/USDT:USDT', 'XAUT/USDT:USDT']
2026-07-30 23:23:42,263 [INFO] [SCAN] 스캔 시작: 30개 페어 (캐시 30개 보유)
2026-07-30 23:23:52,036 [INFO] [SIG] LIT/USDT:USDT SHORT 신호 포착 (강도 100%)
2026-07-30 23:23:52,036 [INFO] [SIGNAL] LIT/USDT:USDT SHORT 신호 수신 (strength=100)
2026-07-30 23:23:52,189 [INFO] [RISK OK] LIT/USDT:USDT 리스크 체크 통과
2026-07-30 23:23:52,510 [WARNING] [ENTRY BLOCK] LIT/USDT:USDT — 최대 포지션 수 도달: 3/3
2026-07-30 23:23:56,620 [INFO] [SCAN] 완료: 30개 종목 · 신호 1개 · API 호출 30회 · 캐시 히트 0회
2026-07-30 23:24:03,214 [INFO] [상태] 잔고:$9.85 | 포지션:3개 | 스캔:40회 | 스캐너:ON
2026-07-30 23:24:12,019 [INFO] [SCAN] 블랙리스트 4개 제외: ['IP/USDT:USDT', 'NES/USDT:USDT', 'WLD/USDT:USDT', 'XAG/USDT:USDT', 'XAU/USDT:USDT', 'XAUT/USDT:USDT']
2026-07-30 23:24:12,019 [INFO] [SCAN] 스캔 시작: 30개 페어 (캐시 30개 보유)
2026-07-30 23:24:21,791 [INFO] [SIG] LIT/USDT:USDT SHORT 신호 포착 (강도 100%)
2026-07-30 23:24:21,792 [INFO] [SIGNAL] LIT/USDT:USDT SHORT 신호 수신 (strength=100)
2026-07-30 23:24:22,057 [INFO] [RISK OK] LIT/USDT:USDT 리스크 체크 통과
2026-07-30 23:24:22,478 [WARNING] [ENTRY BLOCK] LIT/USDT:USDT — 최대 포지션 수 도달: 3/3
2026-07-30 23:24:26,537 [INFO] [SCAN] 완료: 30개 종목 · 신호 1개 · API 호출 30회 · 캐시 히트 0회
2026-07-30 23:24:44,552 [INFO] [SCAN] 블랙리스트 4개 제외: ['IP/USDT:USDT', 'NES/USDT:USDT', 'WLD/USDT:USDT', 'XAG/USDT:USDT', 'XAU/USDT:USDT', 'XAUT/USDT:USDT']
2026-07-30 23:24:44,552 [INFO] [SCAN] 스캔 시작: 30개 페어 (캐시 30개 보유)
2026-07-30 23:24:54,399 [INFO] [SIG] LIT/USDT:USDT SHORT 신호 포착 (강도 100%)
2026-07-30 23:24:54,399 [INFO] [SIGNAL] LIT/USDT:USDT SHORT 신호 수신 (strength=100)
2026-07-30 23:24:54,617 [INFO] [RISK OK] LIT/USDT:USDT 리스크 체크 통과
2026-07-30 23:24:54,948 [WARNING] [ENTRY BLOCK] LIT/USDT:USDT — 최대 포지션 수 도달: 3/3
2026-07-30 23:24:59,032 [INFO] [SCAN] 완료: 30개 종목 · 신호 1개 · API 호출 30회 · 캐시 히트 0회
2026-07-30 23:25:03,648 [INFO] [상태] 잔고:$9.84 | 포지션:3개 | 스캔:42회 | 스캐너:ON
2026-07-30 23:25:14,448 [INFO] [SCAN] 블랙리스트 4개 제외: ['IP/USDT:USDT', 'NES/USDT:USDT', 'WLD/USDT:USDT', 'XAG/USDT:USDT', 'XAU/USDT:USDT', 'XAUT/USDT:USDT']
2026-07-30 23:25:14,448 [INFO] [SCAN] 스캔 시작: 30개 페어 (캐시 30개 보유)
2026-07-30 23:25:24,237 [INFO] [SIG] LIT/USDT:USDT SHORT 신호 포착 (강도 100%)
2026-07-30 23:25:24,237 [INFO] [SIGNAL] LIT/USDT:USDT SHORT 신호 수신 (strength=100)
2026-07-30 23:25:24,351 [INFO] [RISK OK] LIT/USDT:USDT 리스크 체크 통과
2026-07-30 23:25:24,640 [WARNING] [ENTRY BLOCK] LIT/USDT:USDT — 최대 포지션 수 도달: 3/3
2026-07-30 23:25:28,665 [INFO] [SCAN] 완료: 30개 종목 · 신호 1개 · API 호출 30회 · 캐시 히트 0회
2026-07-30 23:25:46,940 [INFO] [SCAN] 블랙리스트 4개 제외: ['IP/USDT:USDT', 'NES/USDT:USDT', 'WLD/USDT:USDT', 'XAG/USDT:USDT', 'XAU/USDT:USDT', 'XAUT/USDT:USDT']
2026-07-30 23:25:46,941 [INFO] [SCAN] 스캔 시작: 30개 페어 (캐시 30개 보유)
2026-07-30 23:25:56,110 [INFO] [SIG] LIT/USDT:USDT SHORT 신호 포착 (강도 100%)
2026-07-30 23:25:56,110 [INFO] [SIGNAL] LIT/USDT:USDT SHORT 신호 수신 (strength=100)
2026-07-30 23:25:56,267 [INFO] [RISK OK] LIT/USDT:USDT 리스크 체크 통과
2026-07-30 23:25:56,549 [WARNING] [ENTRY BLOCK] LIT/USDT:USDT — 최대 포지션 수 도달: 3/3
2026-07-30 23:26:00,455 [INFO] [SCAN] 완료: 30개 종목 · 신호 1개 · API 호출 30회 · 캐시 히트 0회
2026-07-30 23:26:04,296 [INFO] [상태] 잔고:$9.85 | 포지션:3개 | 스캔:44회 | 스캐너:ON
2026-07-30 23:26:15,846 [INFO] [SCAN] 블랙리스트 4개 제외: ['IP/USDT:USDT', 'NES/USDT:USDT', 'WLD/USDT:USDT', 'XAG/USDT:USDT', 'XAU/USDT:USDT', 'XAUT/USDT:USDT']
2026-07-30 23:26:15,846 [INFO] [SCAN] 스캔 시작: 30개 페어 (캐시 30개 보유)
2026-07-30 23:26:25,036 [INFO] [SIG] LIT/USDT:USDT SHORT 신호 포착 (강도 100%)
2026-07-30 23:26:25,036 [INFO] [SIGNAL] LIT/USDT:USDT SHORT 신호 수신 (strength=100)
2026-07-30 23:26:25,153 [INFO] [RISK OK] LIT/USDT:USDT 리스크 체크 통과
2026-07-30 23:26:25,436 [WARNING] [ENTRY BLOCK] LIT/USDT:USDT — 최대 포지션 수 도달: 3/3
2026-07-30 23:26:29,296 [INFO] [SCAN] 완료: 30개 종목 · 신호 1개 · API 호출 30회 · 캐시 히트 0회
2026-07-30 23:26:47,007 [INFO] [SCAN] 블랙리스트 4개 제외: ['IP/USDT:USDT', 'NES/USDT:USDT', 'WLD/USDT:USDT', 'XAG/USDT:USDT', 'XAU/USDT:USDT', 'XAUT/USDT:USDT']
2026-07-30 23:26:47,007 [INFO] [SCAN] 스캔 시작: 30개 페어 (캐시 30개 보유)
2026-07-30 23:26:56,813 [INFO] [SIG] LIT/USDT:USDT SHORT 신호 포착 (강도 100%)
2026-07-30 23:26:56,813 [INFO] [SIGNAL] LIT/USDT:USDT SHORT 신호 수신 (strength=100)
2026-07-30 23:26:56,982 [INFO] [RISK OK] LIT/USDT:USDT 리스크 체크 통과
2026-07-30 23:26:57,417 [WARNING] [ENTRY BLOCK] LIT/USDT:USDT — 최대 포지션 수 도달: 3/3
2026-07-30 23:27:01,583 [INFO] [SCAN] 완료: 30개 종목 · 신호 1개 · API 호출 30회 · 캐시 히트 0회
2026-07-30 23:27:04,866 [INFO] [상태] 잔고:$9.86 | 포지션:3개 | 스캔:46회 | 스캐너:ON
2026-07-30 23:27:16,972 [INFO] [SCAN] 블랙리스트 4개 제외: ['IP/USDT:USDT', 'NES/USDT:USDT', 'WLD/USDT:USDT', 'XAG/USDT:USDT', 'XAU/USDT:USDT', 'XAUT/USDT:USDT']
2026-07-30 23:27:16,972 [INFO] [SCAN] 스캔 시작: 30개 페어 (캐시 30개 보유)
2026-07-30 23:27:26,691 [INFO] [SIG] LIT/USDT:USDT SHORT 신호 포착 (강도 100%)
2026-07-30 23:27:26,692 [INFO] [SIGNAL] LIT/USDT:USDT SHORT 신호 수신 (strength=100)
2026-07-30 23:27:26,850 [INFO] [RISK OK] LIT/USDT:USDT 리스크 체크 통과
2026-07-30 23:27:27,131 [WARNING] [ENTRY BLOCK] LIT/USDT:USDT — 최대 포지션 수 도달: 3/3
2026-07-30 23:27:31,174 [INFO] [SCAN] 완료: 30개 종목 · 신호 1개 · API 호출 30회 · 캐시 히트 0회
2026-07-30 23:27:49,015 [INFO] [SCAN] 블랙리스트 4개 제외: ['IP/USDT:USDT', 'NES/USDT:USDT', 'WLD/USDT:USDT', 'XAG/USDT:USDT', 'XAU/USDT:USDT', 'XAUT/USDT:USDT']
2026-07-30 23:27:49,015 [INFO] [SCAN] 스캔 시작: 30개 페어 (캐시 30개 보유)
2026-07-30 23:27:58,131 [INFO] [SIG] LIT/USDT:USDT SHORT 신호 포착 (강도 100%)
2026-07-30 23:27:58,131 [INFO] [SIGNAL] LIT/USDT:USDT SHORT 신호 수신 (strength=100)
2026-07-30 23:27:58,248 [INFO] [RISK OK] LIT/USDT:USDT 리스크 체크 통과
2026-07-30 23:27:58,531 [WARNING] [ENTRY BLOCK] LIT/USDT:USDT — 최대 포지션 수 도달: 3/3
2026-07-30 23:28:02,444 [INFO] [SCAN] 완료: 30개 종목 · 신호 1개 · API 호출 30회 · 캐시 히트 0회
2026-07-30 23:28:05,399 [INFO] [상태] 잔고:$9.88 | 포지션:3개 | 스캔:48회 | 스캐너:ON
2026-07-30 23:28:17,838 [INFO] [SCAN] 블랙리스트 4개 제외: ['IP/USDT:USDT', 'NES/USDT:USDT', 'WLD/USDT:USDT', 'XAG/USDT:USDT', 'XAU/USDT:USDT', 'XAUT/USDT:USDT']
2026-07-30 23:28:17,838 [INFO] [SCAN] 스캔 시작: 30개 페어 (캐시 30개 보유)
2026-07-30 23:28:27,023 [INFO] [SIG] LIT/USDT:USDT SHORT 신호 포착 (강도 100%)
2026-07-30 23:28:27,023 [INFO] [SIGNAL] LIT/USDT:USDT SHORT 신호 수신 (strength=100)
2026-07-30 23:28:27,141 [INFO] [RISK OK] LIT/USDT:USDT 리스크 체크 통과
2026-07-30 23:28:27,435 [WARNING] [ENTRY BLOCK] LIT/USDT:USDT — 최대 포지션 수 도달: 3/3
2026-07-30 23:28:31,285 [INFO] [SCAN] 완료: 30개 종목 · 신호 1개 · API 호출 30회 · 캐시 히트 0회
2026-07-30 23:28:48,949 [INFO] [SCAN] 블랙리스트 4개 제외: ['IP/USDT:USDT', 'NES/USDT:USDT', 'WLD/USDT:USDT', 'XAG/USDT:USDT', 'XAU/USDT:USDT', 'XAUT/USDT:USDT']
2026-07-30 23:28:48,949 [INFO] [SCAN] 스캔 시작: 30개 페어 (캐시 30개 보유)
2026-07-30 23:28:58,451 [INFO] [SIG] LIT/USDT:USDT SHORT 신호 포착 (강도 100%)
2026-07-30 23:28:58,451 [INFO] [SIGNAL] LIT/USDT:USDT SHORT 신호 수신 (strength=100)
2026-07-30 23:28:58,606 [INFO] [RISK OK] LIT/USDT:USDT 리스크 체크 통과
2026-07-30 23:28:58,924 [WARNING] [ENTRY BLOCK] LIT/USDT:USDT — 최대 포지션 수 도달: 3/3
2026-07-30 23:29:03,020 [INFO] [SCAN] 완료: 30개 종목 · 신호 1개 · API 호출 30회 · 캐시 히트 0회
2026-07-30 23:29:06,066 [INFO] [상태] 잔고:$9.88 | 포지션:3개 | 스캔:50회 | 스캐너:ON
2026-07-30 23:29:18,418 [INFO] [SCAN] 블랙리스트 4개 제외: ['IP/USDT:USDT', 'NES/USDT:USDT', 'WLD/USDT:USDT', 'XAG/USDT:USDT', 'XAU/USDT:USDT', 'XAUT/USDT:USDT']
2026-07-30 23:29:18,418 [INFO] [SCAN] 스캔 시작: 30개 페어 (캐시 30개 보유)
2026-07-30 23:29:28,211 [INFO] [SIG] LIT/USDT:USDT SHORT 신호 포착 (강도 100%)
2026-07-30 23:29:28,211 [INFO] [SIGNAL] LIT/USDT:USDT SHORT 신호 수신 (strength=100)
2026-07-30 23:29:28,423 [INFO] [RISK OK] LIT/USDT:USDT 리스크 체크 통과
2026-07-30 23:29:28,752 [WARNING] [ENTRY BLOCK] LIT/USDT:USDT — 최대 포지션 수 도달: 3/3
2026-07-30 23:29:33,638 [INFO] [SCAN] 완료: 30개 종목 · 신호 1개 · API 호출 30회 · 캐시 히트 0회
2026-07-30 23:29:51,634 [INFO] [SCAN] 블랙리스트 4개 제외: ['IP/USDT:USDT', 'NES/USDT:USDT', 'WLD/USDT:USDT', 'XAG/USDT:USDT', 'XAU/USDT:USDT', 'XAUT/USDT:USDT']
2026-07-30 23:29:51,634 [INFO] [SCAN] 스캔 시작: 30개 페어 (캐시 30개 보유)
2026-07-30 23:30:04,883 [INFO] [SCAN] 완료: 30개 종목 · 신호 0개 · API 호출 30회 · 캐시 히트 0회
2026-07-30 23:30:06,588 [INFO] [상태] 잔고:$9.89 | 포지션:3개 | 스캔:52회 | 스캐너:ON
2026-07-30 23:30:20,267 [INFO] [SCAN] 블랙리스트 4개 제외: ['IP/USDT:USDT', 'NES/USDT:USDT', 'WLD/USDT:USDT', 'XAG/USDT:USDT', 'XAU/USDT:USDT', 'XAUT/USDT:USDT']
2026-07-30 23:30:20,267 [INFO] [SCAN] 스캔 시작: 30개 페어 (캐시 30개 보유)
2026-07-30 23:30:33,497 [INFO] [SCAN] 완료: 30개 종목 · 신호 0개 · API 호출 30회 · 캐시 히트 0회
2026-07-30 23:30:48,747 [INFO] [SCAN] 블랙리스트 4개 제외: ['IP/USDT:USDT', 'NES/USDT:USDT', 'WLD/USDT:USDT', 'XAG/USDT:USDT', 'XAU/USDT:USDT', 'XAUT/USDT:USDT']
2026-07-30 23:30:48,747 [INFO] [SCAN] 스캔 시작: 30개 페어 (캐시 30개 보유)
2026-07-30 23:31:01,733 [INFO] [SCAN] 완료: 30개 종목 · 신호 0개 · API 호출 30회 · 캐시 히트 0회
2026-07-30 23:31:07,167 [INFO] [상태] 잔고:$9.92 | 포지션:3개 | 스캔:54회 | 스캐너:ON
2026-07-30 23:31:19,416 [INFO] [SCAN] 블랙리스트 4개 제외: ['IP/USDT:USDT', 'NES/USDT:USDT', 'WLD/USDT:USDT', 'XAG/USDT:USDT', 'XAU/USDT:USDT', 'XAUT/USDT:USDT']
2026-07-30 23:31:19,416 [INFO] [SCAN] 스캔 시작: 30개 페어 (캐시 30개 보유)
2026-07-30 23:31:32,402 [INFO] [SCAN] 완료: 30개 종목 · 신호 0개 · API 호출 30회 · 캐시 히트 0회
2026-07-30 23:31:47,628 [INFO] [SCAN] 블랙리스트 4개 제외: ['IP/USDT:USDT', 'NES/USDT:USDT', 'WLD/USDT:USDT', 'XAG/USDT:USDT', 'XAU/USDT:USDT', 'XAUT/USDT:USDT']
2026-07-30 23:31:47,628 [INFO] [SCAN] 스캔 시작: 30개 페어 (캐시 30개 보유)
2026-07-30 23:32:00,718 [INFO] [SCAN] 완료: 30개 종목 · 신호 0개 · API 호출 30회 · 캐시 히트 0회
2026-07-30 23:32:07,701 [INFO] [상태] 잔고:$9.95 | 포지션:3개 | 스캔:56회 | 스캐너:ON
2026-07-30 23:32:16,101 [INFO] [SCAN] 블랙리스트 4개 제외: ['IP/USDT:USDT', 'NES/USDT:USDT', 'WLD/USDT:USDT', 'XAG/USDT:USDT', 'XAU/USDT:USDT', 'XAUT/USDT:USDT']
2026-07-30 23:32:16,101 [INFO] [SCAN] 스캔 시작: 30개 페어 (캐시 30개 보유)
2026-07-30 23:32:29,132 [INFO] [SCAN] 완료: 30개 종목 · 신호 0개 · API 호출 30회 · 캐시 히트 0회
2026-07-30 23:32:47,002 [INFO] [SCAN] 블랙리스트 4개 제외: ['IP/USDT:USDT', 'NES/USDT:USDT', 'WLD/USDT:USDT', 'XAG/USDT:USDT', 'XAU/USDT:USDT', 'XAUT/USDT:USDT']
2026-07-30 23:32:47,003 [INFO] [SCAN] 스캔 시작: 30개 페어 (캐시 30개 보유)
2026-07-30 23:33:00,027 [INFO] [SCAN] 완료: 30개 종목 · 신호 0개 · API 호출 30회 · 캐시 히트 0회
2026-07-30 23:33:08,126 [INFO] [상태] 잔고:$9.94 | 포지션:3개 | 스캔:58회 | 스캐너:ON
2026-07-30 23:33:15,400 [INFO] [SCAN] 블랙리스트 4개 제외: ['IP/USDT:USDT', 'NES/USDT:USDT', 'WLD/USDT:USDT', 'XAG/USDT:USDT', 'XAU/USDT:USDT', 'XAUT/USDT:USDT']
2026-07-30 23:33:15,400 [INFO] [SCAN] 스캔 시작: 30개 페어 (캐시 30개 보유)
2026-07-30 23:33:28,290 [INFO] [SCAN] 완료: 30개 종목 · 신호 0개 · API 호출 30회 · 캐시 히트 0회
2026-07-30 23:33:43,535 [INFO] [SCAN] 블랙리스트 4개 제외: ['IP/USDT:USDT', 'NES/USDT:USDT', 'WLD/USDT:USDT', 'XAG/USDT:USDT', 'XAU/USDT:USDT', 'XAUT/USDT:USDT']
2026-07-30 23:33:43,536 [INFO] [SCAN] 스캔 시작: 30개 페어 (캐시 30개 보유)
2026-07-30 23:33:56,522 [INFO] [SCAN] 완료: 30개 종목 · 신호 0개 · API 호출 30회 · 캐시 히트 0회
2026-07-30 23:34:08,867 [INFO] [상태] 잔고:$9.92 | 포지션:3개 | 스캔:60회 | 스캐너:ON
2026-07-30 23:34:14,191 [INFO] [SCAN] 블랙리스트 4개 제외: ['IP/USDT:USDT', 'NES/USDT:USDT', 'WLD/USDT:USDT', 'XAG/USDT:USDT', 'XAU/USDT:USDT', 'XAUT/USDT:USDT']
2026-07-30 23:34:14,191 [INFO] [SCAN] 스캔 시작: 30개 페어 (캐시 30개 보유)
2026-07-30 23:34:27,117 [INFO] [SCAN] 완료: 30개 종목 · 신호 0개 · API 호출 30회 · 캐시 히트 0회
2026-07-30 23:34:42,379 [INFO] [SCAN] 블랙리스트 4개 제외: ['IP/USDT:USDT', 'NES/USDT:USDT', 'WLD/USDT:USDT', 'XAG/USDT:USDT', 'XAU/USDT:USDT', 'XAUT/USDT:USDT']
2026-07-30 23:34:42,380 [INFO] [SCAN] 스캔 시작: 30개 페어 (캐시 30개 보유)
2026-07-30 23:34:55,239 [INFO] [SCAN] 완료: 30개 종목 · 신호 0개 · API 호출 30회 · 캐시 히트 0회
2026-07-30 23:35:09,298 [INFO] [상태] 잔고:$9.90 | 포지션:3개 | 스캔:62회 | 스캐너:ON
2026-07-30 23:35:10,647 [INFO] [SCAN] 블랙리스트 4개 제외: ['IP/USDT:USDT', 'NES/USDT:USDT', 'WLD/USDT:USDT', 'XAG/USDT:USDT', 'XAU/USDT:USDT', 'XAUT/USDT:USDT']
2026-07-30 23:35:10,647 [INFO] [SCAN] 스캔 시작: 30개 페어 (캐시 30개 보유)
2026-07-30 23:35:23,620 [INFO] [SCAN] 완료: 30개 종목 · 신호 0개 · API 호출 30회 · 캐시 히트 0회
2026-07-30 23:35:41,879 [INFO] [SCAN] 블랙리스트 4개 제외: ['IP/USDT:USDT', 'NES/USDT:USDT', 'WLD/USDT:USDT', 'XAG/USDT:USDT', 'XAU/USDT:USDT', 'XAUT/USDT:USDT']
2026-07-30 23:35:41,879 [INFO] [SCAN] 스캔 시작: 30개 페어 (캐시 30개 보유)
2026-07-30 23:35:55,291 [INFO] [SCAN] 완료: 30개 종목 · 신호 0개 · API 호출 30회 · 캐시 히트 0회
2026-07-30 23:36:09,797 [INFO] [상태] 잔고:$9.90 | 포지션:3개 | 스캔:64회 | 스캐너:ON
2026-07-30 23:36:10,686 [INFO] [SCAN] 블랙리스트 4개 제외: ['IP/USDT:USDT', 'NES/USDT:USDT', 'WLD/USDT:USDT', 'XAG/USDT:USDT', 'XAU/USDT:USDT', 'XAUT/USDT:USDT']
2026-07-30 23:36:10,686 [INFO] [SCAN] 스캔 시작: 30개 페어 (캐시 30개 보유)
2026-07-30 23:36:24,123 [INFO] [SCAN] 완료: 30개 종목 · 신호 0개 · API 호출 30회 · 캐시 히트 0회
2026-07-30 23:36:42,032 [INFO] [SCAN] 블랙리스트 4개 제외: ['IP/USDT:USDT', 'NES/USDT:USDT', 'WLD/USDT:USDT', 'XAG/USDT:USDT', 'XAU/USDT:USDT', 'XAUT/USDT:USDT']
2026-07-30 23:36:42,033 [INFO] [SCAN] 스캔 시작: 30개 페어 (캐시 30개 보유)
2026-07-30 23:36:54,994 [INFO] [SCAN] 완료: 30개 종목 · 신호 0개 · API 호출 30회 · 캐시 히트 0회
2026-07-30 23:37:10,370 [INFO] [SCAN] 블랙리스트 4개 제외: ['IP/USDT:USDT', 'NES/USDT:USDT', 'WLD/USDT:USDT', 'XAG/USDT:USDT', 'XAU/USDT:USDT', 'XAUT/USDT:USDT']
2026-07-30 23:37:10,370 [INFO] [SCAN] 스캔 시작: 30개 페어 (캐시 30개 보유)
2026-07-30 23:37:10,572 [INFO] [상태] 잔고:$9.92 | 포지션:3개 | 스캔:66회 | 스캐너:ON
2026-07-30 23:37:24,111 [INFO] [SCAN] 완료: 30개 종목 · 신호 0개 · API 호출 30회 · 캐시 히트 0회
2026-07-30 23:37:39,347 [INFO] [SCAN] 블랙리스트 4개 제외: ['IP/USDT:USDT', 'NES/USDT:USDT', 'WLD/USDT:USDT', 'XAG/USDT:USDT', 'XAU/USDT:USDT', 'XAUT/USDT:USDT']
2026-07-30 23:37:39,348 [INFO] [SCAN] 스캔 시작: 30개 페어 (캐시 30개 보유)
2026-07-30 23:37:52,569 [INFO] [SCAN] 완료: 30개 종목 · 신호 0개 · API 호출 30회 · 캐시 히트 0회
2026-07-30 23:38:10,236 [INFO] [SCAN] 블랙리스트 4개 제외: ['IP/USDT:USDT', 'NES/USDT:USDT', 'WLD/USDT:USDT', 'XAG/USDT:USDT', 'XAU/USDT:USDT', 'XAUT/USDT:USDT']
2026-07-30 23:38:10,236 [INFO] [SCAN] 스캔 시작: 30개 페어 (캐시 30개 보유)
2026-07-30 23:38:11,085 [INFO] [상태] 잔고:$9.90 | 포지션:3개 | 스캔:68회 | 스캐너:ON
2026-07-30 23:38:23,724 [INFO] [SCAN] 완료: 30개 종목 · 신호 0개 · API 호출 30회 · 캐시 히트 0회
2026-07-30 23:38:39,003 [INFO] [SCAN] 블랙리스트 4개 제외: ['IP/USDT:USDT', 'NES/USDT:USDT', 'WLD/USDT:USDT', 'XAG/USDT:USDT', 'XAU/USDT:USDT', 'XAUT/USDT:USDT']
2026-07-30 23:38:39,004 [INFO] [SCAN] 스캔 시작: 30개 페어 (캐시 30개 보유)
2026-07-30 23:38:52,341 [INFO] [SCAN] 완료: 30개 종목 · 신호 0개 · API 호출 30회 · 캐시 히트 0회
2026-07-30 23:39:07,571 [INFO] [SCAN] 블랙리스트 4개 제외: ['IP/USDT:USDT', 'NES/USDT:USDT', 'WLD/USDT:USDT', 'XAG/USDT:USDT', 'XAU/USDT:USDT', 'XAUT/USDT:USDT']
2026-07-30 23:39:07,571 [INFO] [SCAN] 스캔 시작: 30개 페어 (캐시 30개 보유)
2026-07-30 23:39:11,625 [INFO] [상태] 잔고:$9.89 | 포지션:3개 | 스캔:70회 | 스캐너:ON
2026-07-30 23:39:20,691 [INFO] [SCAN] 완료: 30개 종목 · 신호 0개 · API 호출 30회 · 캐시 히트 0회
2026-07-30 23:39:38,309 [INFO] [SCAN] 블랙리스트 4개 제외: ['IP/USDT:USDT', 'NES/USDT:USDT', 'WLD/USDT:USDT', 'XAG/USDT:USDT', 'XAU/USDT:USDT', 'XAUT/USDT:USDT']
2026-07-30 23:39:38,309 [INFO] [SCAN] 스캔 시작: 30개 페어 (캐시 30개 보유)
2026-07-30 23:39:51,285 [INFO] [SCAN] 완료: 30개 종목 · 신호 0개 · API 호출 30회 · 캐시 히트 0회
2026-07-30 23:40:06,572 [INFO] [SCAN] 블랙리스트 4개 제외: ['IP/USDT:USDT', 'NES/USDT:USDT', 'WLD/USDT:USDT', 'XAG/USDT:USDT', 'XAU/USDT:USDT', 'XAUT/USDT:USDT']
2026-07-30 23:40:06,572 [INFO] [SCAN] 스캔 시작: 30개 페어 (캐시 30개 보유)
2026-07-30 23:40:12,053 [INFO] [상태] 잔고:$9.90 | 포지션:3개 | 스캔:72회 | 스캐너:ON
2026-07-30 23:40:19,838 [INFO] [SCAN] 완료: 30개 종목 · 신호 0개 · API 호출 30회 · 캐시 히트 0회
2026-07-30 23:40:35,082 [INFO] [SCAN] 블랙리스트 4개 제외: ['IP/USDT:USDT', 'NES/USDT:USDT', 'WLD/USDT:USDT', 'XAG/USDT:USDT', 'XAU/USDT:USDT', 'XAUT/USDT:USDT']
2026-07-30 23:40:35,082 [INFO] [SCAN] 스캔 시작: 30개 페어 (캐시 30개 보유)
2026-07-30 23:40:48,240 [INFO] [SCAN] 완료: 30개 종목 · 신호 0개 · API 호출 30회 · 캐시 히트 0회
2026-07-30 23:41:06,083 [INFO] [SCAN] 블랙리스트 4개 제외: ['IP/USDT:USDT', 'NES/USDT:USDT', 'WLD/USDT:USDT', 'XAG/USDT:USDT', 'XAU/USDT:USDT', 'XAUT/USDT:USDT']
2026-07-30 23:41:06,083 [INFO] [SCAN] 스캔 시작: 30개 페어 (캐시 30개 보유)
2026-07-30 23:41:12,532 [INFO] [상태] 잔고:$9.91 | 포지션:3개 | 스캔:74회 | 스캐너:ON
2026-07-30 23:41:19,781 [INFO] [SCAN] 완료: 30개 종목 · 신호 0개 · API 호출 30회 · 캐시 히트 0회
2026-07-30 23:41:35,020 [INFO] [SCAN] 블랙리스트 4개 제외: ['IP/USDT:USDT', 'NES/USDT:USDT', 'WLD/USDT:USDT', 'XAG/USDT:USDT', 'XAU/USDT:USDT', 'XAUT/USDT:USDT']
2026-07-30 23:41:35,021 [INFO] [SCAN] 스캔 시작: 30개 페어 (캐시 30개 보유)
2026-07-30 23:41:47,892 [INFO] [SCAN] 완료: 30개 종목 · 신호 0개 · API 호출 30회 · 캐시 히트 0회
2026-07-30 23:42:03,136 [INFO] [SCAN] 블랙리스트 4개 제외: ['IP/USDT:USDT', 'NES/USDT:USDT', 'WLD/USDT:USDT', 'XAG/USDT:USDT', 'XAU/USDT:USDT', 'XAUT/USDT:USDT']
2026-07-30 23:42:03,137 [INFO] [SCAN] 스캔 시작: 30개 페어 (캐시 30개 보유)
2026-07-30 23:42:13,092 [INFO] [상태] 잔고:$9.94 | 포지션:3개 | 스캔:76회 | 스캐너:ON
2026-07-30 23:42:16,374 [INFO] [SCAN] 완료: 30개 종목 · 신호 0개 · API 호출 30회 · 캐시 히트 0회
2026-07-30 23:42:33,986 [INFO] [SCAN] 블랙리스트 4개 제외: ['IP/USDT:USDT', 'NES/USDT:USDT', 'WLD/USDT:USDT', 'XAG/USDT:USDT', 'XAU/USDT:USDT', 'XAUT/USDT:USDT']
2026-07-30 23:42:33,986 [INFO] [SCAN] 스캔 시작: 30개 페어 (캐시 30개 보유)
2026-07-30 23:42:47,512 [INFO] [SCAN] 완료: 30개 종목 · 신호 0개 · API 호출 30회 · 캐시 히트 0회
2026-07-30 23:43:02,730 [INFO] [SCAN] 블랙리스트 4개 제외: ['IP/USDT:USDT', 'NES/USDT:USDT', 'WLD/USDT:USDT', 'XAG/USDT:USDT', 'XAU/USDT:USDT', 'XAUT/USDT:USDT']
2026-07-30 23:43:02,730 [INFO] [SCAN] 스캔 시작: 30개 페어 (캐시 30개 보유)
2026-07-30 23:43:13,651 [INFO] [상태] 잔고:$9.93 | 포지션:3개 | 스캔:78회 | 스캐너:ON
2026-07-30 23:43:16,425 [INFO] [SCAN] 완료: 30개 종목 · 신호 0개 · API 호출 30회 · 캐시 히트 0회
2026-07-30 23:43:34,439 [INFO] [SCAN] 블랙리스트 4개 제외: ['IP/USDT:USDT', 'NES/USDT:USDT', 'WLD/USDT:USDT', 'XAG/USDT:USDT', 'XAU/USDT:USDT', 'XAUT/USDT:USDT']
2026-07-30 23:43:34,440 [INFO] [SCAN] 스캔 시작: 30개 페어 (캐시 30개 보유)
2026-07-30 23:43:47,517 [INFO] [SCAN] 완료: 30개 종목 · 신호 0개 · API 호출 30회 · 캐시 히트 0회
2026-07-30 23:44:02,741 [INFO] [SCAN] 블랙리스트 4개 제외: ['IP/USDT:USDT', 'NES/USDT:USDT', 'WLD/USDT:USDT', 'XAG/USDT:USDT', 'XAU/USDT:USDT', 'XAUT/USDT:USDT']
2026-07-30 23:44:02,742 [INFO] [SCAN] 스캔 시작: 30개 페어 (캐시 30개 보유)
2026-07-30 23:44:14,120 [INFO] [상태] 잔고:$9.93 | 포지션:3개 | 스캔:80회 | 스캐너:ON
2026-07-30 23:44:16,480 [INFO] [SCAN] 완료: 30개 종목 · 신호 0개 · API 호출 30회 · 캐시 히트 0회
2026-07-30 23:44:34,507 [INFO] [SCAN] 블랙리스트 4개 제외: ['IP/USDT:USDT', 'NES/USDT:USDT', 'WLD/USDT:USDT', 'XAG/USDT:USDT', 'XAU/USDT:USDT', 'XAUT/USDT:USDT']
2026-07-30 23:44:34,509 [INFO] [SCAN] 스캔 시작: 30개 페어 (캐시 30개 보유)
2026-07-30 23:44:47,429 [INFO] [SCAN] 완료: 30개 종목 · 신호 0개 · API 호출 30회 · 캐시 히트 0회
2026-07-30 23:45:02,661 [INFO] [SCAN] 블랙리스트 4개 제외: ['IP/USDT:USDT', 'NES/USDT:USDT', 'WLD/USDT:USDT', 'XAG/USDT:USDT', 'XAU/USDT:USDT', 'XAUT/USDT:USDT']
2026-07-30 23:45:02,662 [INFO] [SCAN] 스캔 시작: 30개 페어 (캐시 30개 보유)
2026-07-30 23:45:14,614 [INFO] [상태] 잔고:$9.92 | 포지션:3개 | 스캔:82회 | 스캐너:ON
2026-07-30 23:45:15,892 [INFO] [SCAN] 완료: 30개 종목 · 신호 0개 · API 호출 30회 · 캐시 히트 0회
2026-07-30 23:45:31,122 [INFO] [SCAN] 블랙리스트 4개 제외: ['IP/USDT:USDT', 'NES/USDT:USDT', 'WLD/USDT:USDT', 'XAG/USDT:USDT', 'XAU/USDT:USDT', 'XAUT/USDT:USDT']
2026-07-30 23:45:31,123 [INFO] [SCAN] 스캔 시작: 30개 페어 (캐시 30개 보유)
2026-07-30 23:45:44,003 [INFO] [SCAN] 완료: 30개 종목 · 신호 0개 · API 호출 30회 · 캐시 히트 0회
2026-07-30 23:46:01,790 [INFO] [SCAN] 블랙리스트 4개 제외: ['IP/USDT:USDT', 'NES/USDT:USDT', 'WLD/USDT:USDT', 'XAG/USDT:USDT', 'XAU/USDT:USDT', 'XAUT/USDT:USDT']
2026-07-30 23:46:01,791 [INFO] [SCAN] 스캔 시작: 30개 페어 (캐시 30개 보유)
2026-07-30 23:46:15,131 [INFO] [상태] 잔고:$9.90 | 포지션:3개 | 스캔:84회 | 스캐너:ON
2026-07-30 23:46:15,602 [INFO] [SCAN] 완료: 30개 종목 · 신호 0개 · API 호출 30회 · 캐시 히트 0회
2026-07-30 23:46:30,825 [INFO] [SCAN] 블랙리스트 4개 제외: ['IP/USDT:USDT', 'NES/USDT:USDT', 'WLD/USDT:USDT', 'XAG/USDT:USDT', 'XAU/USDT:USDT', 'XAUT/USDT:USDT']
2026-07-30 23:46:30,825 [INFO] [SCAN] 스캔 시작: 30개 페어 (캐시 30개 보유)
2026-07-30 23:46:44,501 [INFO] [SCAN] 완료: 30개 종목 · 신호 0개 · API 호출 30회 · 캐시 히트 0회
2026-07-30 23:47:02,418 [INFO] [SCAN] 블랙리스트 4개 제외: ['IP/USDT:USDT', 'NES/USDT:USDT', 'WLD/USDT:USDT', 'XAG/USDT:USDT', 'XAU/USDT:USDT', 'XAUT/USDT:USDT']
2026-07-30 23:47:02,418 [INFO] [SCAN] 스캔 시작: 30개 페어 (캐시 30개 보유)
2026-07-30 23:47:15,236 [INFO] [SCAN] 완료: 30개 종목 · 신호 0개 · API 호출 30회 · 캐시 히트 0회
2026-07-30 23:47:15,557 [INFO] [상태] 잔고:$9.90 | 포지션:3개 | 스캔:87회 | 스캐너:ON
2026-07-30 23:47:30,615 [INFO] [SCAN] 블랙리스트 4개 제외: ['IP/USDT:USDT', 'NES/USDT:USDT', 'WLD/USDT:USDT', 'XAG/USDT:USDT', 'XAU/USDT:USDT', 'XAUT/USDT:USDT']
2026-07-30 23:47:30,615 [INFO] [SCAN] 스캔 시작: 30개 페어 (캐시 30개 보유)
2026-07-30 23:47:43,523 [INFO] [SCAN] 완료: 30개 종목 · 신호 0개 · API 호출 30회 · 캐시 히트 0회
2026-07-30 23:47:58,764 [INFO] [SCAN] 블랙리스트 4개 제외: ['IP/USDT:USDT', 'NES/USDT:USDT', 'WLD/USDT:USDT', 'XAG/USDT:USDT', 'XAU/USDT:USDT', 'XAUT/USDT:USDT']
2026-07-30 23:47:58,764 [INFO] [SCAN] 스캔 시작: 30개 페어 (캐시 30개 보유)
2026-07-30 23:48:11,670 [INFO] [SCAN] 완료: 30개 종목 · 신호 0개 · API 호출 30회 · 캐시 히트 0회
2026-07-30 23:48:16,085 [INFO] [상태] 잔고:$9.90 | 포지션:3개 | 스캔:89회 | 스캐너:ON
2026-07-30 23:48:29,415 [INFO] [SCAN] 블랙리스트 4개 제외: ['IP/USDT:USDT', 'NES/USDT:USDT', 'WLD/USDT:USDT', 'XAG/USDT:USDT', 'XAU/USDT:USDT', 'XAUT/USDT:USDT']
2026-07-30 23:48:29,415 [INFO] [SCAN] 스캔 시작: 30개 페어 (캐시 30개 보유)
2026-07-30 23:48:42,177 [INFO] [SCAN] 완료: 30개 종목 · 신호 0개 · API 호출 30회 · 캐시 히트 0회
2026-07-30 23:48:57,427 [INFO] [SCAN] 블랙리스트 4개 제외: ['IP/USDT:USDT', 'NES/USDT:USDT', 'WLD/USDT:USDT', 'XAG/USDT:USDT', 'XAU/USDT:USDT', 'XAUT/USDT:USDT']
2026-07-30 23:48:57,427 [INFO] [SCAN] 스캔 시작: 30개 페어 (캐시 30개 보유)
2026-07-30 23:49:10,545 [INFO] [SCAN] 완료: 30개 종목 · 신호 0개 · API 호출 30회 · 캐시 히트 0회
2026-07-30 23:49:16,672 [INFO] [상태] 잔고:$9.90 | 포지션:3개 | 스캔:91회 | 스캐너:ON
2026-07-30 23:49:25,910 [INFO] [SCAN] 블랙리스트 4개 제외: ['IP/USDT:USDT', 'NES/USDT:USDT', 'WLD/USDT:USDT', 'XAG/USDT:USDT', 'XAU/USDT:USDT', 'XAUT/USDT:USDT']
2026-07-30 23:49:25,910 [INFO] [SCAN] 스캔 시작: 30개 페어 (캐시 30개 보유)
2026-07-30 23:49:39,263 [INFO] [SCAN] 완료: 30개 종목 · 신호 0개 · API 호출 30회 · 캐시 히트 0회
2026-07-30 23:49:57,100 [INFO] [SCAN] 블랙리스트 4개 제외: ['IP/USDT:USDT', 'NES/USDT:USDT', 'WLD/USDT:USDT', 'XAG/USDT:USDT', 'XAU/USDT:USDT', 'XAUT/USDT:USDT']
2026-07-30 23:49:57,100 [INFO] [SCAN] 스캔 시작: 30개 페어 (캐시 30개 보유)
2026-07-30 23:50:10,025 [INFO] [SCAN] 완료: 30개 종목 · 신호 0개 · API 호출 30회 · 캐시 히트 0회
2026-07-30 23:50:17,094 [INFO] [상태] 잔고:$9.89 | 포지션:3개 | 스캔:93회 | 스캐너:ON
2026-07-30 23:50:25,383 [INFO] [SCAN] 블랙리스트 4개 제외: ['IP/USDT:USDT', 'NES/USDT:USDT', 'WLD/USDT:USDT', 'XAG/USDT:USDT', 'XAU/USDT:USDT', 'XAUT/USDT:USDT']
2026-07-30 23:50:25,383 [INFO] [SCAN] 스캔 시작: 30개 페어 (캐시 30개 보유)
2026-07-30 23:50:38,440 [INFO] [SCAN] 완료: 30개 종목 · 신호 0개 · API 호출 30회 · 캐시 히트 0회
2026-07-30 23:50:53,665 [INFO] [SCAN] 블랙리스트 4개 제외: ['IP/USDT:USDT', 'NES/USDT:USDT', 'WLD/USDT:USDT', 'XAG/USDT:USDT', 'XAU/USDT:USDT', 'XAUT/USDT:USDT']
2026-07-30 23:50:53,666 [INFO] [SCAN] 스캔 시작: 30개 페어 (캐시 30개 보유)
2026-07-30 23:51:06,614 [INFO] [SCAN] 완료: 30개 종목 · 신호 0개 · API 호출 30회 · 캐시 히트 0회
2026-07-30 23:51:17,574 [INFO] [상태] 잔고:$9.88 | 포지션:3개 | 스캔:95회 | 스캐너:ON
2026-07-30 23:51:24,506 [INFO] [SCAN] 블랙리스트 4개 제외: ['IP/USDT:USDT', 'NES/USDT:USDT', 'WLD/USDT:USDT', 'XAG/USDT:USDT', 'XAU/USDT:USDT', 'XAUT/USDT:USDT']
2026-07-30 23:51:24,507 [INFO] [SCAN] 스캔 시작: 30개 페어 (캐시 30개 보유)
2026-07-30 23:51:37,676 [INFO] [SCAN] 완료: 30개 종목 · 신호 0개 · API 호출 30회 · 캐시 히트 0회
2026-07-30 23:51:52,973 [INFO] [SCAN] 블랙리스트 4개 제외: ['IP/USDT:USDT', 'NES/USDT:USDT', 'WLD/USDT:USDT', 'XAG/USDT:USDT', 'XAU/USDT:USDT', 'XAUT/USDT:USDT']
2026-07-30 23:51:52,973 [INFO] [SCAN] 스캔 시작: 30개 페어 (캐시 30개 보유)
2026-07-30 23:52:05,862 [INFO] [SCAN] 완료: 30개 종목 · 신호 0개 · API 호출 30회 · 캐시 히트 0회
2026-07-30 23:52:18,154 [INFO] [상태] 잔고:$9.85 | 포지션:3개 | 스캔:97회 | 스캐너:ON
2026-07-30 23:52:21,249 [INFO] [SCAN] 블랙리스트 4개 제외: ['IP/USDT:USDT', 'NES/USDT:USDT', 'WLD/USDT:USDT', 'XAG/USDT:USDT', 'XAU/USDT:USDT', 'XAUT/USDT:USDT']
2026-07-30 23:52:21,249 [INFO] [SCAN] 스캔 시작: 30개 페어 (캐시 30개 보유)
2026-07-30 23:52:34,087 [INFO] [SCAN] 완료: 30개 종목 · 신호 0개 · API 호출 30회 · 캐시 히트 0회
2026-07-30 23:52:51,949 [INFO] [SCAN] 블랙리스트 4개 제외: ['IP/USDT:USDT', 'NES/USDT:USDT', 'WLD/USDT:USDT', 'XAG/USDT:USDT', 'XAU/USDT:USDT', 'XAUT/USDT:USDT']
2026-07-30 23:52:51,949 [INFO] [SCAN] 스캔 시작: 30개 페어 (캐시 30개 보유)
2026-07-30 23:53:05,553 [INFO] [SCAN] 완료: 30개 종목 · 신호 0개 · API 호출 30회 · 캐시 히트 0회
2026-07-30 23:53:18,617 [INFO] [상태] 잔고:$9.85 | 포지션:3개 | 스캔:99회 | 스캐너:ON
2026-07-30 23:53:20,913 [INFO] [SCAN] 블랙리스트 4개 제외: ['IP/USDT:USDT', 'NES/USDT:USDT', 'WLD/USDT:USDT', 'XAG/USDT:USDT', 'XAU/USDT:USDT', 'XAUT/USDT:USDT']
2026-07-30 23:53:20,913 [INFO] [SCAN] 스캔 시작: 30개 페어 (캐시 30개 보유)
2026-07-30 23:53:34,451 [INFO] [SCAN] 완료: 30개 종목 · 신호 0개 · API 호출 30회 · 캐시 히트 0회
2026-07-30 23:53:52,678 [INFO] [SCAN] 블랙리스트 4개 제외: ['IP/USDT:USDT', 'NES/USDT:USDT', 'WLD/USDT:USDT', 'XAG/USDT:USDT', 'XAU/USDT:USDT', 'XAUT/USDT:USDT']
2026-07-30 23:53:52,679 [INFO] [SCAN] 스캔 시작: 30개 페어 (캐시 30개 보유)
2026-07-30 23:54:05,788 [INFO] [SCAN] 완료: 30개 종목 · 신호 0개 · API 호출 30회 · 캐시 히트 0회
2026-07-30 23:54:19,095 [INFO] [상태] 잔고:$9.83 | 포지션:3개 | 스캔:101회 | 스캐너:ON
2026-07-30 23:54:21,143 [INFO] [SCAN] 블랙리스트 4개 제외: ['IP/USDT:USDT', 'NES/USDT:USDT', 'WLD/USDT:USDT', 'XAG/USDT:USDT', 'XAU/USDT:USDT', 'XAUT/USDT:USDT']
2026-07-30 23:54:21,143 [INFO] [SCAN] 스캔 시작: 30개 페어 (캐시 30개 보유)
2026-07-30 23:54:34,446 [INFO] [SCAN] 완료: 30개 종목 · 신호 0개 · API 호출 30회 · 캐시 히트 0회
2026-07-30 23:54:49,665 [INFO] [SCAN] 블랙리스트 4개 제외: ['IP/USDT:USDT', 'NES/USDT:USDT', 'WLD/USDT:USDT', 'XAG/USDT:USDT', 'XAU/USDT:USDT', 'XAUT/USDT:USDT']
2026-07-30 23:54:49,665 [INFO] [SCAN] 스캔 시작: 30개 페어 (캐시 30개 보유)
2026-07-30 23:55:02,513 [INFO] [SCAN] 완료: 30개 종목 · 신호 0개 · API 호출 30회 · 캐시 히트 0회
2026-07-30 23:55:19,573 [INFO] [상태] 잔고:$9.81 | 포지션:3개 | 스캔:103회 | 스캐너:ON
2026-07-30 23:55:20,361 [INFO] [SCAN] 블랙리스트 4개 제외: ['IP/USDT:USDT', 'NES/USDT:USDT', 'WLD/USDT:USDT', 'XAG/USDT:USDT', 'XAU/USDT:USDT', 'XAUT/USDT:USDT']
2026-07-30 23:55:20,361 [INFO] [SCAN] 스캔 시작: 30개 페어 (캐시 30개 보유)
2026-07-30 23:55:33,225 [INFO] [SCAN] 완료: 30개 종목 · 신호 0개 · API 호출 30회 · 캐시 히트 0회
2026-07-30 23:55:48,465 [INFO] [SCAN] 블랙리스트 4개 제외: ['IP/USDT:USDT', 'NES/USDT:USDT', 'WLD/USDT:USDT', 'XAG/USDT:USDT', 'XAU/USDT:USDT', 'XAUT/USDT:USDT']
2026-07-30 23:55:48,465 [INFO] [SCAN] 스캔 시작: 30개 페어 (캐시 30개 보유)
2026-07-30 23:56:01,761 [INFO] [SCAN] 완료: 30개 종목 · 신호 0개 · API 호출 30회 · 캐시 히트 0회
2026-07-30 23:56:16,975 [INFO] [SCAN] 블랙리스트 4개 제외: ['IP/USDT:USDT', 'NES/USDT:USDT', 'WLD/USDT:USDT', 'XAG/USDT:USDT', 'XAU/USDT:USDT', 'XAUT/USDT:USDT']
2026-07-30 23:56:16,975 [INFO] [SCAN] 스캔 시작: 30개 페어 (캐시 30개 보유)
2026-07-30 23:56:20,071 [INFO] [상태] 잔고:$9.80 | 포지션:3개 | 스캔:105회 | 스캐너:ON
2026-07-30 23:56:21,238 [INFO] 🛑 봇 종료
2026-07-30 23:56:21,239 [INFO] [SCAN] 완료: 10개 종목 · 신호 0개 · API 호출 10회 · 캐시 히트 0회
2026-07-30 23:56:23,718 [WARNING] okx requires to release all resources with an explicit call to the .close() coroutine. If you are using the exchange instance with async coroutines, add `await exchange.close()` to your code into a place when you're done with the exchange and don't need the exchange instance anymore (at the end of your async coroutine).
2026-07-30 23:56:23,718 [ERROR] Unclosed connector
connections: ['deque([(<aiohttp.client_proto.ResponseHandler object at 0x10f49e700>, 3158.350698), (<aiohttp.client_proto.ResponseHandler object at 0x10fb2cee0>, 3158.523010625)])']
connector: <aiohttp.connector.TCPConnector object at 0x10f44d3d0>
2026-07-30 23:56:23,719 [ERROR] Fatal error on SSL transport
protocol: <asyncio.sslproto.SSLProtocol object at 0x10fc01b50>
transport: <_SelectorSocketTransport closing fd=14>
Traceback (most recent call last):
  File "/Library/Developer/CommandLineTools/Library/Frameworks/Python3.framework/Versions/3.9/lib/python3.9/asyncio/selector_events.py", line 918, in write
    n = self._sock.send(data)
OSError: [Errno 9] Bad file descriptor

During handling of the above exception, another exception occurred:

Traceback (most recent call last):
  File "/Library/Developer/CommandLineTools/Library/Frameworks/Python3.framework/Versions/3.9/lib/python3.9/asyncio/sslproto.py", line 684, in _process_write_backlog
    self._transport.write(chunk)
  File "/Library/Developer/CommandLineTools/Library/Frameworks/Python3.framework/Versions/3.9/lib/python3.9/asyncio/selector_events.py", line 924, in write
    self._fatal_error(exc, 'Fatal write error on socket transport')
  File "/Library/Developer/CommandLineTools/Library/Frameworks/Python3.framework/Versions/3.9/lib/python3.9/asyncio/selector_events.py", line 719, in _fatal_error
    self._force_close(exc)
  File "/Library/Developer/CommandLineTools/Library/Frameworks/Python3.framework/Versions/3.9/lib/python3.9/asyncio/selector_events.py", line 731, in _force_close
    self._loop.call_soon(self._call_connection_lost, exc)
  File "/Library/Developer/CommandLineTools/Library/Frameworks/Python3.framework/Versions/3.9/lib/python3.9/asyncio/base_events.py", line 746, in call_soon
    self._check_closed()
  File "/Library/Developer/CommandLineTools/Library/Frameworks/Python3.framework/Versions/3.9/lib/python3.9/asyncio/base_events.py", line 510, in _check_closed
    raise RuntimeError('Event loop is closed')
RuntimeError: Event loop is closed

===== [2026-07-31 00:00:20] watchdog 실행: 8402_bot =====
/Users/l/project/8402/venv/lib/python3.9/site-packages/urllib3/__init__.py:35: NotOpenSSLWarning: urllib3 v2 only supports OpenSSL 1.1.1+, currently the 'ssl' module is compiled with 'LibreSSL 2.8.3'. See: https://github.com/urllib3/urllib3/issues/3020
  warnings.warn(
2026-07-31 00:00:21,408 [INFO] [CONFIG] JSON 설정 로드: /Users/l/project/8402/config.json
2026-07-31 00:00:21,419 [INFO] =======================================================
2026-07-31 00:00:21,419 [INFO]   8406_okx 매매 엔진 시작 (목표: 일 1% 수익)
2026-07-31 00:00:21,419 [INFO]   전략: 박스권 & 프랙탈  |  TF: 15m
2026-07-31 00:00:21,419 [INFO]   레버리지: 6x  |  증거금: $2.0
2026-07-31 00:00:21,420 [INFO]   SL: 1.0%  TP: 1.8%
2026-07-31 00:00:21,420 [INFO]   스캔 TOP-N: 30  |  자동매매: True
2026-07-31 00:00:21,420 [INFO] =======================================================
2026-07-31 00:00:21,420 [INFO]   ▶ 실행 코드 버전(git): 2c8e608  PID: 57626  시작: 2026-07-31 00:00:21
2026-07-31 00:00:21,420 [INFO] ▶ OKX API 연결 중...
2026-07-31 00:00:22,179 [INFO] 마켓 로드 완료: 436개 종목
2026-07-31 00:00:22,180 [INFO] ✅ OKX API 연결 성공
2026-07-31 00:00:22,350 [INFO] 💰 잔고: 총 $9.82  |  가용 $3.67 USDT
2026-07-31 00:00:22,350 [INFO] [PERSIST] 활성 포지션 상태 복구 완료 (3건)
2026-07-31 00:00:22,350 [INFO] [TRADER] 자동매매 활성화 (Async)
2026-07-31 00:00:22,351 [INFO] [SCANNER] 스캔 엔진 시작 (Async)
2026-07-31 00:00:22,351 [INFO] [SCANNER] 웹소켓 비활성(REST 전용) — 안정성 우선
2026-07-31 00:00:22,351 [INFO] 🤖 자동매매 + 스캐너 가동 완료 — 상시 운영 시작
2026-07-31 00:00:22,351 [INFO] [DISCORD FILTER] '자동매매 엔진 가동 완료' 알림 금지 처리됨
2026-07-31 00:00:22,850 [INFO] [SCAN] 블랙리스트 4개 제외: ['IP/USDT:USDT', 'NES/USDT:USDT', 'WLD/USDT:USDT', 'XAG/USDT:USDT', 'XAU/USDT:USDT', 'XAUT/USDT:USDT']
2026-07-31 00:00:22,851 [INFO] [SCAN] 스캔 시작: 30개 페어 (캐시 0개 보유)
2026-07-31 00:00:23,800 [INFO] [CACHE] BTC/USDT:USDT 초기 로드 300봉
2026-07-31 00:00:24,430 [INFO] [CACHE] ETH/USDT:USDT 초기 로드 300봉
2026-07-31 00:00:25,061 [INFO] [CACHE] SOL/USDT:USDT 초기 로드 300봉
2026-07-31 00:00:25,698 [INFO] [CACHE] XRP/USDT:USDT 초기 로드 300봉
2026-07-31 00:00:26,334 [INFO] [CACHE] DOGE/USDT:USDT 초기 로드 300봉
2026-07-31 00:00:26,969 [INFO] [CACHE] HYPE/USDT:USDT 초기 로드 300봉
2026-07-31 00:00:27,746 [INFO] [상태] 잔고:$9.81 | 포지션:3개 | 스캔:0회 | 스캐너:ON
2026-07-31 00:00:27,971 [INFO] [CACHE] PEPE/USDT:USDT 초기 로드 300봉
2026-07-31 00:00:28,603 [INFO] [CACHE] AEON/USDT:USDT 초기 로드 300봉
2026-07-31 00:00:29,237 [INFO] [CACHE] ZEC/USDT:USDT 초기 로드 300봉
2026-07-31 00:00:29,864 [INFO] [CACHE] UNI/USDT:USDT 초기 로드 300봉
2026-07-31 00:00:30,494 [INFO] [CACHE] SUI/USDT:USDT 초기 로드 300봉
2026-07-31 00:00:31,124 [INFO] [CACHE] KAITO/USDT:USDT 초기 로드 300봉
2026-07-31 00:00:31,795 [INFO] [CACHE] ADA/USDT:USDT 초기 로드 300봉
2026-07-31 00:00:32,430 [INFO] [CACHE] BNB/USDT:USDT 초기 로드 300봉
2026-07-31 00:00:33,059 [INFO] [CACHE] ONDO/USDT:USDT 초기 로드 300봉
2026-07-31 00:00:33,735 [INFO] [CACHE] TRX/USDT:USDT 초기 로드 300봉
2026-07-31 00:00:34,416 [INFO] [CACHE] RE/USDT:USDT 초기 로드 300봉
2026-07-31 00:00:35,048 [INFO] [CACHE] FIL/USDT:USDT 초기 로드 300봉
2026-07-31 00:00:35,684 [INFO] [CACHE] ZAMA/USDT:USDT 초기 로드 300봉
2026-07-31 00:00:36,311 [INFO] [CACHE] OKB/USDT:USDT 초기 로드 300봉
2026-07-31 00:00:36,938 [INFO] [CACHE] NEAR/USDT:USDT 초기 로드 300봉
2026-07-31 00:00:37,570 [INFO] [CACHE] LIT/USDT:USDT 초기 로드 300봉
2026-07-31 00:00:38,200 [INFO] [CACHE] LTC/USDT:USDT 초기 로드 300봉
2026-07-31 00:00:38,839 [INFO] [CACHE] PI/USDT:USDT 초기 로드 300봉
2026-07-31 00:00:39,512 [INFO] [CACHE] PUMP/USDT:USDT 초기 로드 300봉
2026-07-31 00:00:40,141 [INFO] [CACHE] XPL/USDT:USDT 초기 로드 300봉
2026-07-31 00:00:40,811 [INFO] [CACHE] AAVE/USDT:USDT 초기 로드 300봉
2026-07-31 00:00:41,436 [INFO] [CACHE] BCH/USDT:USDT 초기 로드 300봉
2026-07-31 00:00:42,105 [INFO] [CACHE] LINK/USDT:USDT 초기 로드 300봉
2026-07-31 00:00:42,770 [INFO] [CACHE] SHIB/USDT:USDT 초기 로드 300봉
2026-07-31 00:00:43,277 [INFO] [SCAN] 완료: 30개 종목 · 신호 0개 · API 호출 30회 · 캐시 히트 0회
2026-07-31 00:01:01,319 [INFO] [SCAN] 블랙리스트 4개 제외: ['IP/USDT:USDT', 'NES/USDT:USDT', 'WLD/USDT:USDT', 'XAG/USDT:USDT', 'XAU/USDT:USDT', 'XAUT/USDT:USDT']
2026-07-31 00:01:01,319 [INFO] [SCAN] 스캔 시작: 30개 페어 (캐시 30개 보유)
2026-07-31 00:01:14,900 [INFO] [SCAN] 완료: 30개 종목 · 신호 0개 · API 호출 30회 · 캐시 히트 0회
2026-07-31 00:01:28,270 [INFO] [상태] 잔고:$9.83 | 포지션:3개 | 스캔:2회 | 스캐너:ON
2026-07-31 00:01:30,283 [INFO] [SCAN] 블랙리스트 4개 제외: ['IP/USDT:USDT', 'NES/USDT:USDT', 'WLD/USDT:USDT', 'XAG/USDT:USDT', 'XAU/USDT:USDT', 'XAUT/USDT:USDT']
2026-07-31 00:01:30,283 [INFO] [SCAN] 스캔 시작: 30개 페어 (캐시 30개 보유)
2026-07-31 00:01:43,769 [INFO] [SCAN] 완료: 30개 종목 · 신호 0개 · API 호출 30회 · 캐시 히트 0회
2026-07-31 00:02:01,866 [INFO] [SCAN] 블랙리스트 4개 제외: ['IP/USDT:USDT', 'NES/USDT:USDT', 'WLD/USDT:USDT', 'XAG/USDT:USDT', 'XAU/USDT:USDT', 'XAUT/USDT:USDT']
2026-07-31 00:02:01,866 [INFO] [SCAN] 스캔 시작: 30개 페어 (캐시 30개 보유)
2026-07-31 00:02:15,368 [INFO] [SCAN] 완료: 30개 종목 · 신호 0개 · API 호출 30회 · 캐시 히트 0회
2026-07-31 00:02:28,948 [INFO] [상태] 잔고:$9.85 | 포지션:3개 | 스캔:4회 | 스캐너:ON
2026-07-31 00:02:30,742 [INFO] [SCAN] 블랙리스트 4개 제외: ['IP/USDT:USDT', 'NES/USDT:USDT', 'WLD/USDT:USDT', 'XAG/USDT:USDT', 'XAU/USDT:USDT', 'XAUT/USDT:USDT']
2026-07-31 00:02:30,742 [INFO] [SCAN] 스캔 시작: 30개 페어 (캐시 30개 보유)
2026-07-31 00:02:44,535 [INFO] [SCAN] 완료: 30개 종목 · 신호 0개 · API 호출 30회 · 캐시 히트 0회
2026-07-31 00:03:02,581 [INFO] [SCAN] 블랙리스트 4개 제외: ['IP/USDT:USDT', 'NES/USDT:USDT', 'WLD/USDT:USDT', 'XAG/USDT:USDT', 'XAU/USDT:USDT', 'XAUT/USDT:USDT']
2026-07-31 00:03:02,581 [INFO] [SCAN] 스캔 시작: 30개 페어 (캐시 30개 보유)
2026-07-31 00:03:16,071 [INFO] [SCAN] 완료: 30개 종목 · 신호 0개 · API 호출 30회 · 캐시 히트 0회
2026-07-31 00:03:29,425 [INFO] [상태] 잔고:$9.89 | 포지션:3개 | 스캔:6회 | 스캐너:ON
2026-07-31 00:03:31,463 [INFO] [SCAN] 블랙리스트 4개 제외: ['IP/USDT:USDT', 'NES/USDT:USDT', 'WLD/USDT:USDT', 'XAG/USDT:USDT', 'XAU/USDT:USDT', 'XAUT/USDT:USDT']
2026-07-31 00:03:31,463 [INFO] [SCAN] 스캔 시작: 30개 페어 (캐시 30개 보유)
2026-07-31 00:03:45,004 [INFO] [SCAN] 완료: 30개 종목 · 신호 0개 · API 호출 30회 · 캐시 히트 0회
2026-07-31 00:04:03,129 [INFO] [SCAN] 블랙리스트 4개 제외: ['IP/USDT:USDT', 'NES/USDT:USDT', 'WLD/USDT:USDT', 'XAG/USDT:USDT', 'XAU/USDT:USDT', 'XAUT/USDT:USDT']
2026-07-31 00:04:03,129 [INFO] [SCAN] 스캔 시작: 30개 페어 (캐시 30개 보유)
2026-07-31 00:04:16,203 [INFO] [SCAN] 완료: 30개 종목 · 신호 0개 · API 호출 30회 · 캐시 히트 0회
2026-07-31 00:04:29,847 [INFO] [상태] 잔고:$9.89 | 포지션:3개 | 스캔:8회 | 스캐너:ON
2026-07-31 00:04:31,564 [INFO] [SCAN] 블랙리스트 4개 제외: ['IP/USDT:USDT', 'NES/USDT:USDT', 'WLD/USDT:USDT', 'XAG/USDT:USDT', 'XAU/USDT:USDT', 'XAUT/USDT:USDT']
2026-07-31 00:04:31,564 [INFO] [SCAN] 스캔 시작: 30개 페어 (캐시 30개 보유)
2026-07-31 00:04:44,407 [INFO] [SCAN] 완료: 30개 종목 · 신호 0개 · API 호출 30회 · 캐시 히트 0회
2026-07-31 00:04:59,636 [INFO] [SCAN] 블랙리스트 4개 제외: ['IP/USDT:USDT', 'NES/USDT:USDT', 'WLD/USDT:USDT', 'XAG/USDT:USDT', 'XAU/USDT:USDT', 'XAUT/USDT:USDT']
2026-07-31 00:04:59,636 [INFO] [SCAN] 스캔 시작: 30개 페어 (캐시 30개 보유)
2026-07-31 00:05:12,562 [INFO] [SCAN] 완료: 30개 종목 · 신호 0개 · API 호출 30회 · 캐시 히트 0회

===== [2026-07-31 00:42:32] watchdog 실행: 8402_bot =====
/Users/l/project/8402/venv/lib/python3.9/site-packages/urllib3/__init__.py:35: NotOpenSSLWarning: urllib3 v2 only supports OpenSSL 1.1.1+, currently the 'ssl' module is compiled with 'LibreSSL 2.8.3'. See: https://github.com/urllib3/urllib3/issues/3020
  warnings.warn(
2026-07-31 00:42:33,263 [INFO] [CONFIG] JSON 설정 로드: /Users/l/project/8402/config.json
2026-07-31 00:42:33,281 [INFO] =======================================================
2026-07-31 00:42:33,283 [INFO]   8406_okx 매매 엔진 시작 (목표: 일 1% 수익)
2026-07-31 00:42:33,283 [INFO]   전략: 박스권 & 프랙탈  |  TF: 15m
2026-07-31 00:42:33,283 [INFO]   레버리지: 6x  |  증거금: $2.0
2026-07-31 00:42:33,283 [INFO]   SL: 1.0%  TP: 1.8%
2026-07-31 00:42:33,283 [INFO]   스캔 TOP-N: 30  |  자동매매: True
2026-07-31 00:42:33,283 [INFO] =======================================================
2026-07-31 00:42:33,288 [INFO]   ▶ 실행 코드 버전(git): 823f6d9  PID: 71275  시작: 2026-07-31 00:42:33
2026-07-31 00:42:33,291 [INFO] ▶ OKX API 연결 중...
2026-07-31 00:42:34,070 [INFO] 마켓 로드 완료: 436개 종목
2026-07-31 00:42:34,070 [INFO] ✅ OKX API 연결 성공
2026-07-31 00:42:34,238 [INFO] 💰 잔고: 총 $10.09  |  가용 $3.67 USDT
2026-07-31 00:42:34,238 [INFO] [PERSIST] 활성 포지션 상태 복구 완료 (3건)
2026-07-31 00:42:34,238 [INFO] [TRADER] 자동매매 활성화 (Async)
2026-07-31 00:42:34,238 [INFO] [SCANNER] 스캔 엔진 시작 (Async)
2026-07-31 00:42:34,238 [INFO] [SCANNER] 웹소켓 비활성(REST 전용) — 안정성 우선
2026-07-31 00:42:34,238 [INFO] 🤖 자동매매 + 스캐너 가동 완료 — 상시 운영 시작
2026-07-31 00:42:34,238 [INFO] [DISCORD FILTER] '자동매매 엔진 가동 완료' 알림 금지 처리됨
2026-07-31 00:42:34,726 [INFO] [SCAN] 블랙리스트 4개 제외: ['IP/USDT:USDT', 'NES/USDT:USDT', 'WLD/USDT:USDT', 'XAG/USDT:USDT', 'XAU/USDT:USDT', 'XAUT/USDT:USDT']
2026-07-31 00:42:34,726 [INFO] [SCAN] 스캔 시작: 30개 페어 (캐시 0개 보유)
2026-07-31 00:42:34,898 [INFO] [CACHE] BTC/USDT:USDT 초기 로드 300봉
2026-07-31 00:42:35,527 [INFO] [CACHE] ETH/USDT:USDT 초기 로드 300봉
2026-07-31 00:42:36,152 [INFO] [CACHE] SOL/USDT:USDT 초기 로드 300봉
2026-07-31 00:42:36,782 [INFO] [CACHE] XRP/USDT:USDT 초기 로드 300봉
2026-07-31 00:42:37,413 [INFO] [CACHE] DOGE/USDT:USDT 초기 로드 300봉
2026-07-31 00:42:38,036 [INFO] [CACHE] HYPE/USDT:USDT 초기 로드 300봉
2026-07-31 00:42:38,662 [INFO] [CACHE] PEPE/USDT:USDT 초기 로드 300봉
2026-07-31 00:42:39,359 [INFO] [CACHE] UNI/USDT:USDT 초기 로드 300봉
2026-07-31 00:42:39,656 [INFO] [상태] 잔고:$10.09 | 포지션:3개 | 스캔:0회 | 스캐너:ON
2026-07-31 00:42:40,160 [INFO] [CACHE] ZEC/USDT:USDT 초기 로드 300봉
2026-07-31 00:42:40,785 [INFO] [CACHE] ADA/USDT:USDT 초기 로드 300봉
2026-07-31 00:42:41,416 [INFO] [CACHE] SUI/USDT:USDT 초기 로드 300봉
2026-07-31 00:42:42,051 [INFO] [CACHE] AEON/USDT:USDT 초기 로드 300봉
2026-07-31 00:42:42,690 [INFO] [CACHE] KAITO/USDT:USDT 초기 로드 300봉
2026-07-31 00:42:43,325 [INFO] [CACHE] BNB/USDT:USDT 초기 로드 300봉
2026-07-31 00:42:43,960 [INFO] [CACHE] ONDO/USDT:USDT 초기 로드 300봉
2026-07-31 00:42:44,595 [INFO] [CACHE] TRX/USDT:USDT 초기 로드 300봉
2026-07-31 00:42:45,233 [INFO] [CACHE] RE/USDT:USDT 초기 로드 300봉
2026-07-31 00:42:45,878 [INFO] [CACHE] FIL/USDT:USDT 초기 로드 300봉
2026-07-31 00:42:46,526 [INFO] [CACHE] OKB/USDT:USDT 초기 로드 300봉
2026-07-31 00:42:47,163 [INFO] [CACHE] ZAMA/USDT:USDT 초기 로드 300봉
2026-07-31 00:42:47,808 [INFO] [CACHE] NEAR/USDT:USDT 초기 로드 300봉
2026-07-31 00:42:48,485 [INFO] [CACHE] LIT/USDT:USDT 초기 로드 300봉
2026-07-31 00:42:49,120 [INFO] [CACHE] PI/USDT:USDT 초기 로드 300봉
2026-07-31 00:42:49,790 [INFO] [CACHE] LTC/USDT:USDT 초기 로드 300봉
2026-07-31 00:42:50,435 [INFO] [CACHE] PUMP/USDT:USDT 초기 로드 300봉
2026-07-31 00:42:51,071 [INFO] [CACHE] XPL/USDT:USDT 초기 로드 300봉
2026-07-31 00:42:51,707 [INFO] [CACHE] GRVT/USDT:USDT 초기 로드 3봉
2026-07-31 00:42:52,333 [INFO] [CACHE] AAVE/USDT:USDT 초기 로드 300봉
2026-07-31 00:42:53,013 [INFO] [CACHE] BCH/USDT:USDT 초기 로드 300봉
2026-07-31 00:42:53,643 [INFO] [CACHE] LINK/USDT:USDT 초기 로드 300봉
2026-07-31 00:42:54,152 [INFO] [SCAN] 완료: 30개 종목 · 신호 0개 · API 호출 30회 · 캐시 히트 0회
2026-07-31 00:43:12,091 [INFO] [SCAN] 블랙리스트 4개 제외: ['IP/USDT:USDT', 'NES/USDT:USDT', 'WLD/USDT:USDT', 'XAG/USDT:USDT', 'XAU/USDT:USDT', 'XAUT/USDT:USDT']
2026-07-31 00:43:12,091 [INFO] [SCAN] 스캔 시작: 30개 페어 (캐시 30개 보유)
2026-07-31 00:43:25,368 [INFO] [SCAN] 완료: 30개 종목 · 신호 0개 · API 호출 30회 · 캐시 히트 0회
2026-07-31 00:43:40,115 [INFO] [상태] 잔고:$10.09 | 포지션:3개 | 스캔:2회 | 스캐너:ON
2026-07-31 00:43:40,740 [INFO] [SCAN] 블랙리스트 4개 제외: ['IP/USDT:USDT', 'NES/USDT:USDT', 'WLD/USDT:USDT', 'XAG/USDT:USDT', 'XAU/USDT:USDT', 'XAUT/USDT:USDT']
2026-07-31 00:43:40,741 [INFO] [SCAN] 스캔 시작: 30개 페어 (캐시 30개 보유)
2026-07-31 00:43:54,102 [INFO] [SCAN] 완료: 30개 종목 · 신호 0개 · API 호출 30회 · 캐시 히트 0회
2026-07-31 00:44:09,363 [INFO] [SCAN] 블랙리스트 4개 제외: ['IP/USDT:USDT', 'NES/USDT:USDT', 'WLD/USDT:USDT', 'XAG/USDT:USDT', 'XAU/USDT:USDT', 'XAUT/USDT:USDT']
2026-07-31 00:44:09,363 [INFO] [SCAN] 스캔 시작: 30개 페어 (캐시 30개 보유)
2026-07-31 00:44:22,779 [INFO] [SCAN] 완료: 30개 종목 · 신호 0개 · API 호출 30회 · 캐시 히트 0회
2026-07-31 00:44:40,659 [INFO] [SCAN] 블랙리스트 4개 제외: ['IP/USDT:USDT', 'NES/USDT:USDT', 'WLD/USDT:USDT', 'XAG/USDT:USDT', 'XAU/USDT:USDT', 'XAUT/USDT:USDT']
2026-07-31 00:44:40,659 [INFO] [SCAN] 스캔 시작: 30개 페어 (캐시 30개 보유)
2026-07-31 00:44:40,822 [INFO] [상태] 잔고:$10.09 | 포지션:3개 | 스캔:4회 | 스캐너:ON
2026-07-31 00:44:53,943 [INFO] [SCAN] 완료: 30개 종목 · 신호 0개 · API 호출 30회 · 캐시 히트 0회
2026-07-31 00:45:09,218 [INFO] [SCAN] 블랙리스트 4개 제외: ['IP/USDT:USDT', 'NES/USDT:USDT', 'WLD/USDT:USDT', 'XAG/USDT:USDT', 'XAU/USDT:USDT', 'XAUT/USDT:USDT']
2026-07-31 00:45:09,218 [INFO] [SCAN] 스캔 시작: 30개 페어 (캐시 30개 보유)
2026-07-31 00:45:22,363 [INFO] [SCAN] 완료: 30개 종목 · 신호 0개 · API 호출 30회 · 캐시 히트 0회
2026-07-31 00:45:37,617 [INFO] [SCAN] 블랙리스트 4개 제외: ['IP/USDT:USDT', 'NES/USDT:USDT', 'WLD/USDT:USDT', 'XAG/USDT:USDT', 'XAU/USDT:USDT', 'XAUT/USDT:USDT']
2026-07-31 00:45:37,617 [INFO] [SCAN] 스캔 시작: 30개 페어 (캐시 30개 보유)
2026-07-31 00:45:41,346 [INFO] [상태] 잔고:$10.11 | 포지션:3개 | 스캔:6회 | 스캐너:ON
2026-07-31 00:45:51,080 [INFO] [SCAN] 완료: 30개 종목 · 신호 0개 · API 호출 30회 · 캐시 히트 0회
2026-07-31 00:46:08,743 [INFO] [SCAN] 블랙리스트 4개 제외: ['IP/USDT:USDT', 'NES/USDT:USDT', 'WLD/USDT:USDT', 'XAG/USDT:USDT', 'XAU/USDT:USDT', 'XAUT/USDT:USDT']
2026-07-31 00:46:08,743 [INFO] [SCAN] 스캔 시작: 30개 페어 (캐시 30개 보유)
2026-07-31 00:46:21,720 [INFO] [SCAN] 완료: 30개 종목 · 신호 0개 · API 호출 30회 · 캐시 히트 0회
2026-07-31 00:46:36,972 [INFO] [SCAN] 블랙리스트 4개 제외: ['IP/USDT:USDT', 'NES/USDT:USDT', 'WLD/USDT:USDT', 'XAG/USDT:USDT', 'XAU/USDT:USDT', 'XAUT/USDT:USDT']
2026-07-31 00:46:36,972 [INFO] [SCAN] 스캔 시작: 30개 페어 (캐시 30개 보유)
2026-07-31 00:46:41,894 [INFO] [상태] 잔고:$10.09 | 포지션:3개 | 스캔:8회 | 스캐너:ON
2026-07-31 00:46:50,852 [INFO] [SCAN] 완료: 30개 종목 · 신호 0개 · API 호출 30회 · 캐시 히트 0회
2026-07-31 00:47:06,105 [INFO] [SCAN] 블랙리스트 4개 제외: ['IP/USDT:USDT', 'NES/USDT:USDT', 'WLD/USDT:USDT', 'XAG/USDT:USDT', 'XAU/USDT:USDT', 'XAUT/USDT:USDT']
2026-07-31 00:47:06,105 [INFO] [SCAN] 스캔 시작: 30개 페어 (캐시 30개 보유)
2026-07-31 00:47:19,655 [INFO] [SCAN] 완료: 30개 종목 · 신호 0개 · API 호출 30회 · 캐시 히트 0회
2026-07-31 00:47:37,774 [INFO] [SCAN] 블랙리스트 4개 제외: ['IP/USDT:USDT', 'NES/USDT:USDT', 'WLD/USDT:USDT', 'XAG/USDT:USDT', 'XAU/USDT:USDT', 'XAUT/USDT:USDT']
2026-07-31 00:47:37,774 [INFO] [SCAN] 스캔 시작: 30개 페어 (캐시 30개 보유)
2026-07-31 00:47:42,486 [INFO] [상태] 잔고:$10.09 | 포지션:3개 | 스캔:10회 | 스캐너:ON
2026-07-31 00:47:51,774 [INFO] [SCAN] 완료: 30개 종목 · 신호 0개 · API 호출 30회 · 캐시 히트 0회
2026-07-31 00:48:07,020 [INFO] [SCAN] 블랙리스트 4개 제외: ['IP/USDT:USDT', 'NES/USDT:USDT', 'WLD/USDT:USDT', 'XAG/USDT:USDT', 'XAU/USDT:USDT', 'XAUT/USDT:USDT']
2026-07-31 00:48:07,021 [INFO] [SCAN] 스캔 시작: 30개 페어 (캐시 30개 보유)
2026-07-31 00:48:20,317 [INFO] [SCAN] 완료: 30개 종목 · 신호 0개 · API 호출 30회 · 캐시 히트 0회
2026-07-31 00:48:38,197 [INFO] [SCAN] 블랙리스트 4개 제외: ['IP/USDT:USDT', 'NES/USDT:USDT', 'WLD/USDT:USDT', 'XAG/USDT:USDT', 'XAU/USDT:USDT', 'XAUT/USDT:USDT']
2026-07-31 00:48:38,197 [INFO] [SCAN] 스캔 시작: 30개 페어 (캐시 30개 보유)
2026-07-31 00:48:42,972 [INFO] [상태] 잔고:$10.08 | 포지션:3개 | 스캔:12회 | 스캐너:ON
2026-07-31 00:48:51,952 [INFO] [SCAN] 완료: 30개 종목 · 신호 0개 · API 호출 30회 · 캐시 히트 0회
2026-07-31 00:49:07,239 [INFO] [SCAN] 블랙리스트 4개 제외: ['IP/USDT:USDT', 'NES/USDT:USDT', 'WLD/USDT:USDT', 'XAG/USDT:USDT', 'XAU/USDT:USDT', 'XAUT/USDT:USDT']
2026-07-31 00:49:07,240 [INFO] [SCAN] 스캔 시작: 30개 페어 (캐시 30개 보유)
2026-07-31 00:49:20,286 [INFO] [SCAN] 완료: 30개 종목 · 신호 0개 · API 호출 30회 · 캐시 히트 0회
2026-07-31 00:49:35,550 [INFO] [SCAN] 블랙리스트 4개 제외: ['IP/USDT:USDT', 'NES/USDT:USDT', 'WLD/USDT:USDT', 'XAG/USDT:USDT', 'XAU/USDT:USDT', 'XAUT/USDT:USDT']
2026-07-31 00:49:35,550 [INFO] [SCAN] 스캔 시작: 30개 페어 (캐시 30개 보유)
2026-07-31 00:49:43,455 [INFO] [상태] 잔고:$10.08 | 포지션:3개 | 스캔:14회 | 스캐너:ON
2026-07-31 00:49:49,384 [INFO] [SCAN] 완료: 30개 종목 · 신호 0개 · API 호출 30회 · 캐시 히트 0회
2026-07-31 00:50:07,125 [INFO] [SCAN] 블랙리스트 4개 제외: ['IP/USDT:USDT', 'NES/USDT:USDT', 'WLD/USDT:USDT', 'XAG/USDT:USDT', 'XAU/USDT:USDT', 'XAUT/USDT:USDT']
2026-07-31 00:50:07,125 [INFO] [SCAN] 스캔 시작: 30개 페어 (캐시 30개 보유)
2026-07-31 00:50:20,547 [INFO] [SCAN] 완료: 30개 종목 · 신호 0개 · API 호출 30회 · 캐시 히트 0회
2026-07-31 00:50:35,784 [INFO] [SCAN] 블랙리스트 4개 제외: ['IP/USDT:USDT', 'NES/USDT:USDT', 'WLD/USDT:USDT', 'XAG/USDT:USDT', 'XAU/USDT:USDT', 'XAUT/USDT:USDT']
2026-07-31 00:50:35,785 [INFO] [SCAN] 스캔 시작: 30개 페어 (캐시 30개 보유)
2026-07-31 00:50:43,957 [INFO] [상태] 잔고:$10.11 | 포지션:3개 | 스캔:16회 | 스캐너:ON
2026-07-31 00:50:48,717 [INFO] [SCAN] 완료: 29개 종목 · 신호 0개 · API 호출 29회 · 캐시 히트 0회
2026-07-31 00:51:03,935 [INFO] [SCAN] 블랙리스트 4개 제외: ['IP/USDT:USDT', 'NES/USDT:USDT', 'WLD/USDT:USDT', 'XAG/USDT:USDT', 'XAU/USDT:USDT', 'XAUT/USDT:USDT']
2026-07-31 00:51:03,935 [INFO] [SCAN] 스캔 시작: 30개 페어 (캐시 30개 보유)
2026-07-31 00:51:17,308 [INFO] [SCAN] 완료: 30개 종목 · 신호 0개 · API 호출 30회 · 캐시 히트 0회
2026-07-31 00:51:35,234 [INFO] [SCAN] 블랙리스트 4개 제외: ['IP/USDT:USDT', 'NES/USDT:USDT', 'WLD/USDT:USDT', 'XAG/USDT:USDT', 'XAU/USDT:USDT', 'XAUT/USDT:USDT']
2026-07-31 00:51:35,234 [INFO] [SCAN] 스캔 시작: 30개 페어 (캐시 30개 보유)
2026-07-31 00:51:44,435 [INFO] [상태] 잔고:$10.15 | 포지션:3개 | 스캔:18회 | 스캐너:ON
2026-07-31 00:51:48,937 [INFO] [SCAN] 완료: 30개 종목 · 신호 0개 · API 호출 30회 · 캐시 히트 0회
2026-07-31 00:52:04,185 [INFO] [SCAN] 블랙리스트 4개 제외: ['IP/USDT:USDT', 'NES/USDT:USDT', 'WLD/USDT:USDT', 'XAG/USDT:USDT', 'XAU/USDT:USDT', 'XAUT/USDT:USDT']
2026-07-31 00:52:04,185 [INFO] [SCAN] 스캔 시작: 30개 페어 (캐시 30개 보유)
2026-07-31 00:52:17,122 [INFO] [SCAN] 완료: 29개 종목 · 신호 0개 · API 호출 29회 · 캐시 히트 0회
2026-07-31 00:52:32,374 [INFO] [SCAN] 블랙리스트 4개 제외: ['IP/USDT:USDT', 'NES/USDT:USDT', 'WLD/USDT:USDT', 'XAG/USDT:USDT', 'XAU/USDT:USDT', 'XAUT/USDT:USDT']
2026-07-31 00:52:32,374 [INFO] [SCAN] 스캔 시작: 30개 페어 (캐시 30개 보유)
2026-07-31 00:52:44,921 [INFO] [상태] 잔고:$10.17 | 포지션:3개 | 스캔:20회 | 스캐너:ON
2026-07-31 00:52:45,141 [INFO] [SCAN] 완료: 29개 종목 · 신호 0개 · API 호출 29회 · 캐시 히트 0회
2026-07-31 00:53:03,074 [INFO] [SCAN] 블랙리스트 4개 제외: ['IP/USDT:USDT', 'NES/USDT:USDT', 'WLD/USDT:USDT', 'XAG/USDT:USDT', 'XAU/USDT:USDT', 'XAUT/USDT:USDT']
2026-07-31 00:53:03,074 [INFO] [SCAN] 스캔 시작: 30개 페어 (캐시 30개 보유)
2026-07-31 00:53:16,630 [INFO] [SCAN] 완료: 30개 종목 · 신호 0개 · API 호출 30회 · 캐시 히트 0회
2026-07-31 00:53:31,894 [INFO] [SCAN] 블랙리스트 4개 제외: ['IP/USDT:USDT', 'NES/USDT:USDT', 'WLD/USDT:USDT', 'XAG/USDT:USDT', 'XAU/USDT:USDT', 'XAUT/USDT:USDT']
2026-07-31 00:53:31,894 [INFO] [SCAN] 스캔 시작: 30개 페어 (캐시 30개 보유)
2026-07-31 00:53:44,927 [INFO] [SCAN] 완료: 30개 종목 · 신호 0개 · API 호출 30회 · 캐시 히트 0회
2026-07-31 00:53:45,533 [INFO] [상태] 잔고:$10.16 | 포지션:3개 | 스캔:23회 | 스캐너:ON
2026-07-31 00:54:00,340 [INFO] [SCAN] 블랙리스트 4개 제외: ['IP/USDT:USDT', 'NES/USDT:USDT', 'WLD/USDT:USDT', 'XAG/USDT:USDT', 'XAU/USDT:USDT', 'XAUT/USDT:USDT']
2026-07-31 00:54:00,340 [INFO] [SCAN] 스캔 시작: 30개 페어 (캐시 30개 보유)
2026-07-31 00:54:13,299 [INFO] [SCAN] 완료: 29개 종목 · 신호 0개 · API 호출 29회 · 캐시 히트 0회
2026-07-31 00:54:31,419 [INFO] [SCAN] 블랙리스트 4개 제외: ['IP/USDT:USDT', 'NES/USDT:USDT', 'WLD/USDT:USDT', 'XAG/USDT:USDT', 'XAU/USDT:USDT', 'XAUT/USDT:USDT']
2026-07-31 00:54:31,420 [INFO] [SCAN] 스캔 시작: 30개 페어 (캐시 30개 보유)
2026-07-31 00:54:44,256 [INFO] [SCAN] 완료: 29개 종목 · 신호 0개 · API 호출 29회 · 캐시 히트 0회
2026-07-31 00:54:45,950 [INFO] [상태] 잔고:$10.17 | 포지션:3개 | 스캔:25회 | 스캐너:ON
2026-07-31 00:54:59,660 [INFO] [SCAN] 블랙리스트 4개 제외: ['IP/USDT:USDT', 'NES/USDT:USDT', 'WLD/USDT:USDT', 'XAG/USDT:USDT', 'XAU/USDT:USDT', 'XAUT/USDT:USDT']
2026-07-31 00:54:59,660 [INFO] [SCAN] 스캔 시작: 30개 페어 (캐시 30개 보유)
2026-07-31 00:55:12,635 [INFO] [SCAN] 완료: 30개 종목 · 신호 0개 · API 호출 30회 · 캐시 히트 0회
2026-07-31 00:55:27,860 [INFO] [SCAN] 블랙리스트 4개 제외: ['IP/USDT:USDT', 'NES/USDT:USDT', 'WLD/USDT:USDT', 'XAG/USDT:USDT', 'XAU/USDT:USDT', 'XAUT/USDT:USDT']
2026-07-31 00:55:27,860 [INFO] [SCAN] 스캔 시작: 30개 페어 (캐시 30개 보유)
2026-07-31 00:55:40,908 [INFO] [SCAN] 완료: 30개 종목 · 신호 0개 · API 호출 30회 · 캐시 히트 0회
2026-07-31 00:55:46,484 [INFO] [상태] 잔고:$10.16 | 포지션:3개 | 스캔:27회 | 스캐너:ON
2026-07-31 00:55:58,571 [INFO] [SCAN] 블랙리스트 4개 제외: ['IP/USDT:USDT', 'NES/USDT:USDT', 'WLD/USDT:USDT', 'XAG/USDT:USDT', 'XAU/USDT:USDT', 'XAUT/USDT:USDT']
2026-07-31 00:55:58,571 [INFO] [SCAN] 스캔 시작: 30개 페어 (캐시 30개 보유)
2026-07-31 00:56:12,345 [INFO] [SCAN] 완료: 30개 종목 · 신호 0개 · API 호출 30회 · 캐시 히트 0회
2026-07-31 00:56:27,583 [INFO] [SCAN] 블랙리스트 4개 제외: ['IP/USDT:USDT', 'NES/USDT:USDT', 'WLD/USDT:USDT', 'XAG/USDT:USDT', 'XAU/USDT:USDT', 'XAUT/USDT:USDT']
2026-07-31 00:56:27,583 [INFO] [SCAN] 스캔 시작: 30개 페어 (캐시 30개 보유)
2026-07-31 00:56:41,164 [INFO] [SCAN] 완료: 30개 종목 · 신호 0개 · API 호출 30회 · 캐시 히트 0회
2026-07-31 00:56:47,190 [INFO] [상태] 잔고:$10.18 | 포지션:3개 | 스캔:29회 | 스캐너:ON
2026-07-31 00:56:59,249 [INFO] [SCAN] 블랙리스트 4개 제외: ['IP/USDT:USDT', 'NES/USDT:USDT', 'WLD/USDT:USDT', 'XAG/USDT:USDT', 'XAU/USDT:USDT', 'XAUT/USDT:USDT']
2026-07-31 00:56:59,250 [INFO] [SCAN] 스캔 시작: 30개 페어 (캐시 30개 보유)
2026-07-31 00:57:12,547 [INFO] [SCAN] 완료: 30개 종목 · 신호 0개 · API 호출 30회 · 캐시 히트 0회
2026-07-31 00:57:27,832 [INFO] [SCAN] 블랙리스트 4개 제외: ['IP/USDT:USDT', 'NES/USDT:USDT', 'WLD/USDT:USDT', 'XAG/USDT:USDT', 'XAU/USDT:USDT', 'XAUT/USDT:USDT']
2026-07-31 00:57:27,833 [INFO] [SCAN] 스캔 시작: 30개 페어 (캐시 30개 보유)
2026-07-31 00:57:41,442 [INFO] [SCAN] 완료: 30개 종목 · 신호 0개 · API 호출 30회 · 캐시 히트 0회
2026-07-31 00:57:47,830 [INFO] [상태] 잔고:$10.18 | 포지션:3개 | 스캔:31회 | 스캐너:ON
2026-07-31 00:57:59,777 [INFO] [SCAN] 블랙리스트 4개 제외: ['IP/USDT:USDT', 'NES/USDT:USDT', 'WLD/USDT:USDT', 'XAG/USDT:USDT', 'XAU/USDT:USDT', 'XAUT/USDT:USDT']
2026-07-31 00:57:59,777 [INFO] [SCAN] 스캔 시작: 30개 페어 (캐시 30개 보유)
2026-07-31 00:58:13,345 [INFO] [SCAN] 완료: 30개 종목 · 신호 0개 · API 호출 30회 · 캐시 히트 0회
2026-07-31 00:58:28,602 [INFO] [SCAN] 블랙리스트 4개 제외: ['IP/USDT:USDT', 'NES/USDT:USDT', 'WLD/USDT:USDT', 'XAG/USDT:USDT', 'XAU/USDT:USDT', 'XAUT/USDT:USDT']
2026-07-31 00:58:28,602 [INFO] [SCAN] 스캔 시작: 30개 페어 (캐시 30개 보유)
2026-07-31 00:58:41,953 [INFO] [SCAN] 완료: 30개 종목 · 신호 0개 · API 호출 30회 · 캐시 히트 0회
2026-07-31 00:58:48,523 [INFO] [상태] 잔고:$10.20 | 포지션:3개 | 스캔:33회 | 스캐너:ON
2026-07-31 00:58:59,889 [INFO] [SCAN] 블랙리스트 4개 제외: ['IP/USDT:USDT', 'NES/USDT:USDT', 'WLD/USDT:USDT', 'XAG/USDT:USDT', 'XAU/USDT:USDT', 'XAUT/USDT:USDT']
2026-07-31 00:58:59,889 [INFO] [SCAN] 스캔 시작: 30개 페어 (캐시 30개 보유)
2026-07-31 00:59:13,195 [INFO] [SCAN] 완료: 30개 종목 · 신호 0개 · API 호출 30회 · 캐시 히트 0회
2026-07-31 00:59:28,433 [INFO] [SCAN] 블랙리스트 4개 제외: ['IP/USDT:USDT', 'NES/USDT:USDT', 'WLD/USDT:USDT', 'XAG/USDT:USDT', 'XAU/USDT:USDT', 'XAUT/USDT:USDT']
2026-07-31 00:59:28,433 [INFO] [SCAN] 스캔 시작: 30개 페어 (캐시 30개 보유)
2026-07-31 00:59:41,625 [INFO] [SCAN] 완료: 30개 종목 · 신호 0개 · API 호출 30회 · 캐시 히트 0회
2026-07-31 00:59:49,152 [INFO] [상태] 잔고:$10.17 | 포지션:3개 | 스캔:35회 | 스캐너:ON
2026-07-31 00:59:57,010 [INFO] [SCAN] 블랙리스트 4개 제외: ['IP/USDT:USDT', 'NES/USDT:USDT', 'WLD/USDT:USDT', 'XAG/USDT:USDT', 'XAU/USDT:USDT', 'XAUT/USDT:USDT']
2026-07-31 00:59:57,011 [INFO] [SCAN] 스캔 시작: 30개 페어 (캐시 30개 보유)
2026-07-31 01:00:10,113 [INFO] [SCAN] 완료: 30개 종목 · 신호 0개 · API 호출 30회 · 캐시 히트 0회
2026-07-31 01:00:27,722 [INFO] [SCAN] 블랙리스트 4개 제외: ['IP/USDT:USDT', 'NES/USDT:USDT', 'WLD/USDT:USDT', 'XAG/USDT:USDT', 'XAU/USDT:USDT', 'XAUT/USDT:USDT']
2026-07-31 01:00:27,722 [INFO] [SCAN] 스캔 시작: 30개 페어 (캐시 30개 보유)
2026-07-31 01:00:40,901 [INFO] [SCAN] 완료: 30개 종목 · 신호 0개 · API 호출 30회 · 캐시 히트 0회
2026-07-31 01:00:49,577 [INFO] [상태] 잔고:$10.17 | 포지션:3개 | 스캔:37회 | 스캐너:ON
2026-07-31 01:00:56,276 [INFO] [SCAN] 블랙리스트 4개 제외: ['IP/USDT:USDT', 'NES/USDT:USDT', 'WLD/USDT:USDT', 'XAG/USDT:USDT', 'XAU/USDT:USDT', 'XAUT/USDT:USDT']
2026-07-31 01:00:56,276 [INFO] [SCAN] 스캔 시작: 30개 페어 (캐시 30개 보유)
2026-07-31 01:01:09,256 [INFO] [SCAN] 완료: 30개 종목 · 신호 0개 · API 호출 30회 · 캐시 히트 0회
2026-07-31 01:01:24,514 [INFO] [SCAN] 블랙리스트 4개 제외: ['IP/USDT:USDT', 'NES/USDT:USDT', 'WLD/USDT:USDT', 'XAG/USDT:USDT', 'XAU/USDT:USDT', 'XAUT/USDT:USDT']
2026-07-31 01:01:24,515 [INFO] [SCAN] 스캔 시작: 30개 페어 (캐시 30개 보유)
2026-07-31 01:01:37,814 [INFO] [SCAN] 완료: 30개 종목 · 신호 0개 · API 호출 30회 · 캐시 히트 0회
2026-07-31 01:01:50,111 [INFO] [상태] 잔고:$10.17 | 포지션:3개 | 스캔:39회 | 스캐너:ON
2026-07-31 01:01:55,743 [INFO] [SCAN] 블랙리스트 4개 제외: ['IP/USDT:USDT', 'NES/USDT:USDT', 'WLD/USDT:USDT', 'XAG/USDT:USDT', 'XAU/USDT:USDT', 'XAUT/USDT:USDT']
2026-07-31 01:01:55,743 [INFO] [SCAN] 스캔 시작: 30개 페어 (캐시 30개 보유)
2026-07-31 01:02:09,178 [INFO] [SCAN] 완료: 30개 종목 · 신호 0개 · API 호출 30회 · 캐시 히트 0회
2026-07-31 01:02:24,404 [INFO] [SCAN] 블랙리스트 4개 제외: ['IP/USDT:USDT', 'NES/USDT:USDT', 'WLD/USDT:USDT', 'XAG/USDT:USDT', 'XAU/USDT:USDT', 'XAUT/USDT:USDT']
2026-07-31 01:02:24,404 [INFO] [SCAN] 스캔 시작: 30개 페어 (캐시 30개 보유)
2026-07-31 01:02:37,288 [INFO] [SCAN] 완료: 30개 종목 · 신호 0개 · API 호출 30회 · 캐시 히트 0회
2026-07-31 01:02:50,545 [INFO] [상태] 잔고:$10.17 | 포지션:3개 | 스캔:41회 | 스캐너:ON
2026-07-31 01:02:52,653 [INFO] [SCAN] 블랙리스트 4개 제외: ['IP/USDT:USDT', 'NES/USDT:USDT', 'WLD/USDT:USDT', 'XAG/USDT:USDT', 'XAU/USDT:USDT', 'XAUT/USDT:USDT']
2026-07-31 01:02:52,653 [INFO] [SCAN] 스캔 시작: 30개 페어 (캐시 30개 보유)
2026-07-31 01:03:05,657 [INFO] [SCAN] 완료: 30개 종목 · 신호 0개 · API 호출 30회 · 캐시 히트 0회
2026-07-31 01:03:23,246 [INFO] [SCAN] 블랙리스트 4개 제외: ['IP/USDT:USDT', 'NES/USDT:USDT', 'WLD/USDT:USDT', 'XAG/USDT:USDT', 'XAU/USDT:USDT', 'XAUT/USDT:USDT']
2026-07-31 01:03:23,246 [INFO] [SCAN] 스캔 시작: 30개 페어 (캐시 30개 보유)
2026-07-31 01:03:36,528 [INFO] [SCAN] 완료: 30개 종목 · 신호 0개 · API 호출 30회 · 캐시 히트 0회
2026-07-31 01:03:51,123 [INFO] [상태] 잔고:$10.17 | 포지션:3개 | 스캔:43회 | 스캐너:ON
2026-07-31 01:03:51,928 [INFO] [SCAN] 블랙리스트 4개 제외: ['IP/USDT:USDT', 'NES/USDT:USDT', 'WLD/USDT:USDT', 'XAG/USDT:USDT', 'XAU/USDT:USDT', 'XAUT/USDT:USDT']
2026-07-31 01:03:51,928 [INFO] [SCAN] 스캔 시작: 30개 페어 (캐시 30개 보유)
2026-07-31 01:04:05,608 [INFO] [SCAN] 완료: 30개 종목 · 신호 0개 · API 호출 30회 · 캐시 히트 0회
2026-07-31 01:04:20,842 [INFO] [SCAN] 블랙리스트 4개 제외: ['IP/USDT:USDT', 'NES/USDT:USDT', 'WLD/USDT:USDT', 'XAG/USDT:USDT', 'XAU/USDT:USDT', 'XAUT/USDT:USDT']
2026-07-31 01:04:20,842 [INFO] [SCAN] 스캔 시작: 30개 페어 (캐시 30개 보유)
2026-07-31 01:04:33,944 [INFO] [SCAN] 완료: 30개 종목 · 신호 0개 · API 호출 30회 · 캐시 히트 0회
2026-07-31 01:04:51,641 [INFO] [SCAN] 블랙리스트 4개 제외: ['IP/USDT:USDT', 'NES/USDT:USDT', 'WLD/USDT:USDT', 'XAG/USDT:USDT', 'XAU/USDT:USDT', 'XAUT/USDT:USDT']
2026-07-31 01:04:51,642 [INFO] [SCAN] 스캔 시작: 30개 페어 (캐시 30개 보유)
2026-07-31 01:04:51,745 [INFO] [상태] 잔고:$10.19 | 포지션:3개 | 스캔:45회 | 스캐너:ON
2026-07-31 01:05:04,833 [INFO] [SCAN] 완료: 30개 종목 · 신호 0개 · API 호출 30회 · 캐시 히트 0회
2026-07-31 01:05:20,134 [INFO] [SCAN] 블랙리스트 4개 제외: ['IP/USDT:USDT', 'NES/USDT:USDT', 'WLD/USDT:USDT', 'XAG/USDT:USDT', 'XAU/USDT:USDT', 'XAUT/USDT:USDT']
2026-07-31 01:05:20,135 [INFO] [SCAN] 스캔 시작: 30개 페어 (캐시 30개 보유)
2026-07-31 01:05:33,625 [INFO] [SCAN] 완료: 30개 종목 · 신호 0개 · API 호출 30회 · 캐시 히트 0회
2026-07-31 01:05:48,873 [INFO] [SCAN] 블랙리스트 4개 제외: ['IP/USDT:USDT', 'NES/USDT:USDT', 'WLD/USDT:USDT', 'XAG/USDT:USDT', 'XAU/USDT:USDT', 'XAUT/USDT:USDT']
2026-07-31 01:05:48,873 [INFO] [SCAN] 스캔 시작: 30개 페어 (캐시 30개 보유)
2026-07-31 01:05:52,190 [INFO] [상태] 잔고:$10.20 | 포지션:3개 | 스캔:47회 | 스캐너:ON
2026-07-31 01:06:02,218 [INFO] [SCAN] 완료: 30개 종목 · 신호 0개 · API 호출 30회 · 캐시 히트 0회
2026-07-31 01:06:19,928 [INFO] [SCAN] 블랙리스트 4개 제외: ['IP/USDT:USDT', 'NES/USDT:USDT', 'WLD/USDT:USDT', 'XAG/USDT:USDT', 'XAU/USDT:USDT', 'XAUT/USDT:USDT']
2026-07-31 01:06:19,929 [INFO] [SCAN] 스캔 시작: 30개 페어 (캐시 30개 보유)
2026-07-31 01:06:33,944 [INFO] [SCAN] 완료: 30개 종목 · 신호 0개 · API 호출 30회 · 캐시 히트 0회
2026-07-31 01:06:49,193 [INFO] [SCAN] 블랙리스트 4개 제외: ['IP/USDT:USDT', 'NES/USDT:USDT', 'WLD/USDT:USDT', 'XAG/USDT:USDT', 'XAU/USDT:USDT', 'XAUT/USDT:USDT']
2026-07-31 01:06:49,193 [INFO] [SCAN] 스캔 시작: 30개 페어 (캐시 30개 보유)
2026-07-31 01:06:52,630 [INFO] [상태] 잔고:$10.21 | 포지션:3개 | 스캔:49회 | 스캐너:ON
2026-07-31 01:07:02,794 [INFO] [SCAN] 완료: 30개 종목 · 신호 0개 · API 호출 30회 · 캐시 히트 0회
2026-07-31 01:07:20,732 [INFO] [SCAN] 블랙리스트 4개 제외: ['IP/USDT:USDT', 'NES/USDT:USDT', 'WLD/USDT:USDT', 'XAG/USDT:USDT', 'XAU/USDT:USDT', 'XAUT/USDT:USDT']
2026-07-31 01:07:20,732 [INFO] [SCAN] 스캔 시작: 30개 페어 (캐시 30개 보유)
2026-07-31 01:07:34,456 [INFO] [SCAN] 완료: 30개 종목 · 신호 0개 · API 호출 30회 · 캐시 히트 0회
2026-07-31 01:07:49,741 [INFO] [SCAN] 블랙리스트 4개 제외: ['IP/USDT:USDT', 'NES/USDT:USDT', 'WLD/USDT:USDT', 'XAG/USDT:USDT', 'XAU/USDT:USDT', 'XAUT/USDT:USDT']
2026-07-31 01:07:49,741 [INFO] [SCAN] 스캔 시작: 30개 페어 (캐시 30개 보유)
2026-07-31 01:07:53,075 [INFO] [상태] 잔고:$10.20 | 포지션:3개 | 스캔:51회 | 스캐너:ON
2026-07-31 01:08:03,828 [INFO] [SCAN] 완료: 30개 종목 · 신호 0개 · API 호출 30회 · 캐시 히트 0회
2026-07-31 01:08:21,916 [INFO] [SCAN] 블랙리스트 4개 제외: ['IP/USDT:USDT', 'NES/USDT:USDT', 'WLD/USDT:USDT', 'XAG/USDT:USDT', 'XAU/USDT:USDT', 'XAUT/USDT:USDT']
2026-07-31 01:08:21,917 [INFO] [SCAN] 스캔 시작: 30개 페어 (캐시 30개 보유)
2026-07-31 01:08:35,445 [INFO] [SCAN] 완료: 30개 종목 · 신호 0개 · API 호출 30회 · 캐시 히트 0회
2026-07-31 01:08:50,696 [INFO] [SCAN] 블랙리스트 4개 제외: ['IP/USDT:USDT', 'NES/USDT:USDT', 'WLD/USDT:USDT', 'XAG/USDT:USDT', 'XAU/USDT:USDT', 'XAUT/USDT:USDT']
2026-07-31 01:08:50,696 [INFO] [SCAN] 스캔 시작: 30개 페어 (캐시 30개 보유)
2026-07-31 01:08:53,611 [INFO] [상태] 잔고:$10.22 | 포지션:3개 | 스캔:53회 | 스캐너:ON
2026-07-31 01:09:04,040 [INFO] [SCAN] 완료: 30개 종목 · 신호 0개 · API 호출 30회 · 캐시 히트 0회
2026-07-31 01:09:21,840 [INFO] [SCAN] 블랙리스트 4개 제외: ['IP/USDT:USDT', 'NES/USDT:USDT', 'WLD/USDT:USDT', 'XAG/USDT:USDT', 'XAU/USDT:USDT', 'XAUT/USDT:USDT']
2026-07-31 01:09:21,840 [INFO] [SCAN] 스캔 시작: 30개 페어 (캐시 30개 보유)
2026-07-31 01:09:34,726 [INFO] [SCAN] 완료: 30개 종목 · 신호 0개 · API 호출 30회 · 캐시 히트 0회
2026-07-31 01:09:50,003 [INFO] [SCAN] 블랙리스트 4개 제외: ['IP/USDT:USDT', 'NES/USDT:USDT', 'WLD/USDT:USDT', 'XAG/USDT:USDT', 'XAU/USDT:USDT', 'XAUT/USDT:USDT']
2026-07-31 01:09:50,003 [INFO] [SCAN] 스캔 시작: 30개 페어 (캐시 30개 보유)
2026-07-31 01:09:54,036 [INFO] [상태] 잔고:$10.23 | 포지션:3개 | 스캔:55회 | 스캐너:ON
2026-07-31 01:10:03,208 [INFO] [SCAN] 완료: 30개 종목 · 신호 0개 · API 호출 30회 · 캐시 히트 0회
2026-07-31 01:10:18,456 [INFO] [SCAN] 블랙리스트 4개 제외: ['IP/USDT:USDT', 'NES/USDT:USDT', 'WLD/USDT:USDT', 'XAG/USDT:USDT', 'XAU/USDT:USDT', 'XAUT/USDT:USDT']
2026-07-31 01:10:18,457 [INFO] [SCAN] 스캔 시작: 30개 페어 (캐시 30개 보유)
2026-07-31 01:10:31,865 [INFO] [SCAN] 완료: 30개 종목 · 신호 0개 · API 호출 30회 · 캐시 히트 0회
2026-07-31 01:10:49,695 [INFO] [SCAN] 블랙리스트 4개 제외: ['IP/USDT:USDT', 'NES/USDT:USDT', 'WLD/USDT:USDT', 'XAG/USDT:USDT', 'XAU/USDT:USDT', 'XAUT/USDT:USDT']
2026-07-31 01:10:49,695 [INFO] [SCAN] 스캔 시작: 30개 페어 (캐시 30개 보유)
2026-07-31 01:10:54,476 [INFO] [상태] 잔고:$10.22 | 포지션:3개 | 스캔:57회 | 스캐너:ON
2026-07-31 01:11:03,529 [INFO] [SCAN] 완료: 30개 종목 · 신호 0개 · API 호출 30회 · 캐시 히트 0회
2026-07-31 01:11:18,781 [INFO] [SCAN] 블랙리스트 4개 제외: ['IP/USDT:USDT', 'NES/USDT:USDT', 'WLD/USDT:USDT', 'XAG/USDT:USDT', 'XAU/USDT:USDT', 'XAUT/USDT:USDT']
2026-07-31 01:11:18,781 [INFO] [SCAN] 스캔 시작: 30개 페어 (캐시 30개 보유)
2026-07-31 01:11:32,208 [INFO] [SCAN] 완료: 30개 종목 · 신호 0개 · API 호출 30회 · 캐시 히트 0회
2026-07-31 01:11:50,086 [INFO] [SCAN] 블랙리스트 4개 제외: ['IP/USDT:USDT', 'NES/USDT:USDT', 'WLD/USDT:USDT', 'XAG/USDT:USDT', 'XAU/USDT:USDT', 'XAUT/USDT:USDT']
2026-07-31 01:11:50,086 [INFO] [SCAN] 스캔 시작: 30개 페어 (캐시 30개 보유)
2026-07-31 01:11:54,998 [INFO] [상태] 잔고:$10.23 | 포지션:3개 | 스캔:59회 | 스캐너:ON
2026-07-31 01:12:04,107 [INFO] [SCAN] 완료: 30개 종목 · 신호 0개 · API 호출 30회 · 캐시 히트 0회
2026-07-31 01:12:19,356 [INFO] [SCAN] 블랙리스트 4개 제외: ['IP/USDT:USDT', 'NES/USDT:USDT', 'WLD/USDT:USDT', 'XAG/USDT:USDT', 'XAU/USDT:USDT', 'XAUT/USDT:USDT']
2026-07-31 01:12:19,360 [INFO] [SCAN] 스캔 시작: 30개 페어 (캐시 30개 보유)
2026-07-31 01:12:33,062 [INFO] [SCAN] 완료: 30개 종목 · 신호 0개 · API 호출 30회 · 캐시 히트 0회
2026-07-31 01:12:50,893 [INFO] [SCAN] 블랙리스트 4개 제외: ['IP/USDT:USDT', 'NES/USDT:USDT', 'WLD/USDT:USDT', 'XAG/USDT:USDT', 'XAU/USDT:USDT', 'XAUT/USDT:USDT']
2026-07-31 01:12:50,893 [INFO] [SCAN] 스캔 시작: 30개 페어 (캐시 30개 보유)
2026-07-31 01:12:55,545 [INFO] [상태] 잔고:$10.24 | 포지션:3개 | 스캔:61회 | 스캐너:ON
2026-07-31 01:13:04,133 [INFO] [SCAN] 완료: 30개 종목 · 신호 0개 · API 호출 30회 · 캐시 히트 0회
2026-07-31 01:13:19,399 [INFO] [SCAN] 블랙리스트 4개 제외: ['IP/USDT:USDT', 'NES/USDT:USDT', 'WLD/USDT:USDT', 'XAG/USDT:USDT', 'XAU/USDT:USDT', 'XAUT/USDT:USDT']
2026-07-31 01:13:19,399 [INFO] [SCAN] 스캔 시작: 30개 페어 (캐시 30개 보유)
2026-07-31 01:13:32,461 [INFO] [SCAN] 완료: 30개 종목 · 신호 0개 · API 호출 30회 · 캐시 히트 0회
2026-07-31 01:13:47,711 [INFO] [SCAN] 블랙리스트 4개 제외: ['IP/USDT:USDT', 'NES/USDT:USDT', 'WLD/USDT:USDT', 'XAG/USDT:USDT', 'XAU/USDT:USDT', 'XAUT/USDT:USDT']
2026-07-31 01:13:47,711 [INFO] [SCAN] 스캔 시작: 30개 페어 (캐시 30개 보유)
2026-07-31 01:13:56,079 [INFO] [상태] 잔고:$10.28 | 포지션:3개 | 스캔:63회 | 스캐너:ON
2026-07-31 01:14:01,222 [INFO] [SCAN] 완료: 30개 종목 · 신호 0개 · API 호출 30회 · 캐시 히트 0회
2026-07-31 01:14:18,853 [INFO] [SCAN] 블랙리스트 4개 제외: ['IP/USDT:USDT', 'NES/USDT:USDT', 'WLD/USDT:USDT', 'XAG/USDT:USDT', 'XAU/USDT:USDT', 'XAUT/USDT:USDT']
2026-07-31 01:14:18,853 [INFO] [SCAN] 스캔 시작: 30개 페어 (캐시 30개 보유)
2026-07-31 01:14:31,899 [INFO] [SCAN] 완료: 30개 종목 · 신호 0개 · API 호출 30회 · 캐시 히트 0회
2026-07-31 01:14:47,142 [INFO] [SCAN] 블랙리스트 4개 제외: ['IP/USDT:USDT', 'NES/USDT:USDT', 'WLD/USDT:USDT', 'XAG/USDT:USDT', 'XAU/USDT:USDT', 'XAUT/USDT:USDT']
2026-07-31 01:14:47,142 [INFO] [SCAN] 스캔 시작: 30개 페어 (캐시 30개 보유)
2026-07-31 01:14:56,511 [INFO] [상태] 잔고:$10.26 | 포지션:3개 | 스캔:65회 | 스캐너:ON
2026-07-31 01:15:00,597 [INFO] [SCAN] 완료: 30개 종목 · 신호 0개 · API 호출 30회 · 캐시 히트 0회
2026-07-31 01:15:15,823 [INFO] [SCAN] 블랙리스트 4개 제외: ['IP/USDT:USDT', 'NES/USDT:USDT', 'WLD/USDT:USDT', 'XAG/USDT:USDT', 'XAU/USDT:USDT', 'XAUT/USDT:USDT']
2026-07-31 01:15:15,823 [INFO] [SCAN] 스캔 시작: 30개 페어 (캐시 30개 보유)
2026-07-31 01:15:28,839 [INFO] [SCAN] 완료: 30개 종목 · 신호 0개 · API 호출 30회 · 캐시 히트 0회
2026-07-31 01:15:46,501 [INFO] [SCAN] 블랙리스트 4개 제외: ['IP/USDT:USDT', 'NES/USDT:USDT', 'WLD/USDT:USDT', 'XAG/USDT:USDT', 'XAU/USDT:USDT', 'XAUT/USDT:USDT']
2026-07-31 01:15:46,501 [INFO] [SCAN] 스캔 시작: 30개 페어 (캐시 30개 보유)
2026-07-31 01:15:56,951 [INFO] [상태] 잔고:$10.26 | 포지션:3개 | 스캔:67회 | 스캐너:ON
2026-07-31 01:16:00,078 [INFO] [SCAN] 완료: 30개 종목 · 신호 0개 · API 호출 30회 · 캐시 히트 0회
2026-07-31 01:16:15,322 [INFO] [SCAN] 블랙리스트 4개 제외: ['IP/USDT:USDT', 'NES/USDT:USDT', 'WLD/USDT:USDT', 'XAG/USDT:USDT', 'XAU/USDT:USDT', 'XAUT/USDT:USDT']
2026-07-31 01:16:15,322 [INFO] [SCAN] 스캔 시작: 30개 페어 (캐시 30개 보유)
2026-07-31 01:16:28,484 [INFO] [SCAN] 완료: 30개 종목 · 신호 0개 · API 호출 30회 · 캐시 히트 0회
2026-07-31 01:16:43,717 [INFO] [SCAN] 블랙리스트 4개 제외: ['IP/USDT:USDT', 'NES/USDT:USDT', 'WLD/USDT:USDT', 'XAG/USDT:USDT', 'XAU/USDT:USDT', 'XAUT/USDT:USDT']
2026-07-31 01:16:43,718 [INFO] [SCAN] 스캔 시작: 30개 페어 (캐시 30개 보유)
2026-07-31 01:16:56,674 [INFO] [SCAN] 완료: 30개 종목 · 신호 0개 · API 호출 30회 · 캐시 히트 0회
2026-07-31 01:16:57,613 [INFO] [상태] 잔고:$10.26 | 포지션:3개 | 스캔:70회 | 스캐너:ON
2026-07-31 01:17:14,657 [INFO] [SCAN] 블랙리스트 4개 제외: ['IP/USDT:USDT', 'NES/USDT:USDT', 'WLD/USDT:USDT', 'XAG/USDT:USDT', 'XAU/USDT:USDT', 'XAUT/USDT:USDT']
2026-07-31 01:17:14,657 [INFO] [SCAN] 스캔 시작: 30개 페어 (캐시 30개 보유)
2026-07-31 01:17:27,497 [INFO] [SCAN] 완료: 30개 종목 · 신호 0개 · API 호출 30회 · 캐시 히트 0회
2026-07-31 01:17:42,729 [INFO] [SCAN] 블랙리스트 4개 제외: ['IP/USDT:USDT', 'NES/USDT:USDT', 'WLD/USDT:USDT', 'XAG/USDT:USDT', 'XAU/USDT:USDT', 'XAUT/USDT:USDT']
2026-07-31 01:17:42,730 [INFO] [SCAN] 스캔 시작: 30개 페어 (캐시 30개 보유)
2026-07-31 01:17:56,421 [INFO] [SCAN] 완료: 30개 종목 · 신호 0개 · API 호출 30회 · 캐시 히트 0회
2026-07-31 01:17:58,216 [INFO] [상태] 잔고:$10.26 | 포지션:3개 | 스캔:72회 | 스캐너:ON
2026-07-31 01:18:11,781 [INFO] [SCAN] 블랙리스트 4개 제외: ['IP/USDT:USDT', 'NES/USDT:USDT', 'WLD/USDT:USDT', 'XAG/USDT:USDT', 'XAU/USDT:USDT', 'XAUT/USDT:USDT']
2026-07-31 01:18:11,782 [INFO] [SCAN] 스캔 시작: 30개 페어 (캐시 30개 보유)
2026-07-31 01:18:25,110 [INFO] [SCAN] 완료: 30개 종목 · 신호 0개 · API 호출 30회 · 캐시 히트 0회
2026-07-31 01:18:43,071 [INFO] [SCAN] 블랙리스트 4개 제외: ['IP/USDT:USDT', 'NES/USDT:USDT', 'WLD/USDT:USDT', 'XAG/USDT:USDT', 'XAU/USDT:USDT', 'XAUT/USDT:USDT']
2026-07-31 01:18:43,071 [INFO] [SCAN] 스캔 시작: 30개 페어 (캐시 30개 보유)
2026-07-31 01:18:56,034 [INFO] [SCAN] 완료: 30개 종목 · 신호 0개 · API 호출 30회 · 캐시 히트 0회
2026-07-31 01:18:58,743 [INFO] [상태] 잔고:$10.25 | 포지션:3개 | 스캔:74회 | 스캐너:ON
2026-07-31 01:19:11,436 [INFO] [SCAN] 블랙리스트 4개 제외: ['IP/USDT:USDT', 'NES/USDT:USDT', 'WLD/USDT:USDT', 'XAG/USDT:USDT', 'XAU/USDT:USDT', 'XAUT/USDT:USDT']
2026-07-31 01:19:11,436 [INFO] [SCAN] 스캔 시작: 30개 페어 (캐시 30개 보유)
2026-07-31 01:19:24,468 [INFO] [SCAN] 완료: 30개 종목 · 신호 0개 · API 호출 30회 · 캐시 히트 0회
2026-07-31 01:19:39,705 [INFO] [SCAN] 블랙리스트 4개 제외: ['IP/USDT:USDT', 'NES/USDT:USDT', 'WLD/USDT:USDT', 'XAG/USDT:USDT', 'XAU/USDT:USDT', 'XAUT/USDT:USDT']
2026-07-31 01:19:39,706 [INFO] [SCAN] 스캔 시작: 30개 페어 (캐시 30개 보유)
2026-07-31 01:19:52,742 [INFO] [SCAN] 완료: 30개 종목 · 신호 0개 · API 호출 30회 · 캐시 히트 0회
2026-07-31 01:19:59,235 [INFO] [상태] 잔고:$10.23 | 포지션:3개 | 스캔:76회 | 스캐너:ON
2026-07-31 01:20:10,402 [INFO] [SCAN] 블랙리스트 4개 제외: ['IP/USDT:USDT', 'NES/USDT:USDT', 'WLD/USDT:USDT', 'XAG/USDT:USDT', 'XAU/USDT:USDT', 'XAUT/USDT:USDT']
2026-07-31 01:20:10,402 [INFO] [SCAN] 스캔 시작: 30개 페어 (캐시 30개 보유)
2026-07-31 01:20:23,376 [INFO] [SCAN] 완료: 30개 종목 · 신호 0개 · API 호출 30회 · 캐시 히트 0회
2026-07-31 01:20:38,612 [INFO] [SCAN] 블랙리스트 4개 제외: ['IP/USDT:USDT', 'NES/USDT:USDT', 'WLD/USDT:USDT', 'XAG/USDT:USDT', 'XAU/USDT:USDT', 'XAUT/USDT:USDT']
2026-07-31 01:20:38,612 [INFO] [SCAN] 스캔 시작: 30개 페어 (캐시 30개 보유)
2026-07-31 01:20:51,907 [INFO] [SCAN] 완료: 30개 종목 · 신호 0개 · API 호출 30회 · 캐시 히트 0회
2026-07-31 01:20:59,753 [INFO] [상태] 잔고:$10.24 | 포지션:3개 | 스캔:78회 | 스캐너:ON
2026-07-31 01:21:07,285 [INFO] [SCAN] 블랙리스트 4개 제외: ['IP/USDT:USDT', 'NES/USDT:USDT', 'WLD/USDT:USDT', 'XAG/USDT:USDT', 'XAU/USDT:USDT', 'XAUT/USDT:USDT']
2026-07-31 01:21:07,285 [INFO] [SCAN] 스캔 시작: 30개 페어 (캐시 30개 보유)
2026-07-31 01:21:20,672 [INFO] [SCAN] 완료: 30개 종목 · 신호 0개 · API 호출 30회 · 캐시 히트 0회
2026-07-31 01:21:38,447 [INFO] [SCAN] 블랙리스트 4개 제외: ['IP/USDT:USDT', 'NES/USDT:USDT', 'WLD/USDT:USDT', 'XAG/USDT:USDT', 'XAU/USDT:USDT', 'XAUT/USDT:USDT']
2026-07-31 01:21:38,447 [INFO] [SCAN] 스캔 시작: 30개 페어 (캐시 30개 보유)
2026-07-31 01:21:51,358 [INFO] [SCAN] 완료: 30개 종목 · 신호 0개 · API 호출 30회 · 캐시 히트 0회
2026-07-31 01:22:00,209 [INFO] [상태] 잔고:$10.21 | 포지션:3개 | 스캔:80회 | 스캐너:ON
2026-07-31 01:22:06,733 [INFO] [SCAN] 블랙리스트 4개 제외: ['IP/USDT:USDT', 'NES/USDT:USDT', 'WLD/USDT:USDT', 'XAG/USDT:USDT', 'XAU/USDT:USDT', 'XAUT/USDT:USDT']
2026-07-31 01:22:06,733 [INFO] [SCAN] 스캔 시작: 30개 페어 (캐시 30개 보유)
2026-07-31 01:22:19,654 [INFO] [SCAN] 완료: 30개 종목 · 신호 0개 · API 호출 30회 · 캐시 히트 0회
2026-07-31 01:22:34,884 [INFO] [SCAN] 블랙리스트 4개 제외: ['IP/USDT:USDT', 'NES/USDT:USDT', 'WLD/USDT:USDT', 'XAG/USDT:USDT', 'XAU/USDT:USDT', 'XAUT/USDT:USDT']
2026-07-31 01:22:34,884 [INFO] [SCAN] 스캔 시작: 30개 페어 (캐시 30개 보유)
2026-07-31 01:22:48,760 [INFO] [SCAN] 완료: 30개 종목 · 신호 0개 · API 호출 30회 · 캐시 히트 0회
2026-07-31 01:23:00,782 [INFO] [상태] 잔고:$10.20 | 포지션:3개 | 스캔:82회 | 스캐너:ON
2026-07-31 01:23:06,912 [INFO] [SCAN] 블랙리스트 4개 제외: ['IP/USDT:USDT', 'NES/USDT:USDT', 'WLD/USDT:USDT', 'XAG/USDT:USDT', 'XAU/USDT:USDT', 'XAUT/USDT:USDT']
2026-07-31 01:23:06,912 [INFO] [SCAN] 스캔 시작: 30개 페어 (캐시 30개 보유)
2026-07-31 01:23:20,813 [INFO] [SCAN] 완료: 30개 종목 · 신호 0개 · API 호출 30회 · 캐시 히트 0회
2026-07-31 01:23:36,077 [INFO] [SCAN] 블랙리스트 4개 제외: ['IP/USDT:USDT', 'NES/USDT:USDT', 'WLD/USDT:USDT', 'XAG/USDT:USDT', 'XAU/USDT:USDT', 'XAUT/USDT:USDT']
2026-07-31 01:23:36,077 [INFO] [SCAN] 스캔 시작: 30개 페어 (캐시 30개 보유)
2026-07-31 01:23:49,268 [INFO] [SCAN] 완료: 30개 종목 · 신호 0개 · API 호출 30회 · 캐시 히트 0회
2026-07-31 01:24:01,370 [INFO] [상태] 잔고:$10.21 | 포지션:3개 | 스캔:84회 | 스캐너:ON
2026-07-31 01:24:07,213 [INFO] [SCAN] 블랙리스트 4개 제외: ['IP/USDT:USDT', 'NES/USDT:USDT', 'WLD/USDT:USDT', 'XAG/USDT:USDT', 'XAU/USDT:USDT', 'XAUT/USDT:USDT']
2026-07-31 01:24:07,213 [INFO] [SCAN] 스캔 시작: 30개 페어 (캐시 30개 보유)
2026-07-31 01:24:20,639 [INFO] [SCAN] 완료: 30개 종목 · 신호 0개 · API 호출 30회 · 캐시 히트 0회
2026-07-31 01:24:35,889 [INFO] [SCAN] 블랙리스트 4개 제외: ['IP/USDT:USDT', 'NES/USDT:USDT', 'WLD/USDT:USDT', 'XAG/USDT:USDT', 'XAU/USDT:USDT', 'XAUT/USDT:USDT']
2026-07-31 01:24:35,890 [INFO] [SCAN] 스캔 시작: 30개 페어 (캐시 30개 보유)
2026-07-31 01:24:49,248 [INFO] [SCAN] 완료: 30개 종목 · 신호 0개 · API 호출 30회 · 캐시 히트 0회
2026-07-31 01:25:01,998 [INFO] [상태] 잔고:$10.20 | 포지션:3개 | 스캔:86회 | 스캐너:ON
2026-07-31 01:25:04,635 [INFO] [SCAN] 블랙리스트 4개 제외: ['IP/USDT:USDT', 'NES/USDT:USDT', 'WLD/USDT:USDT', 'XAG/USDT:USDT', 'XAU/USDT:USDT', 'XAUT/USDT:USDT']
2026-07-31 01:25:04,635 [INFO] [SCAN] 스캔 시작: 30개 페어 (캐시 30개 보유)
2026-07-31 01:25:17,535 [INFO] [SCAN] 완료: 29개 종목 · 신호 0개 · API 호출 29회 · 캐시 히트 0회
2026-07-31 01:25:35,462 [INFO] [SCAN] 블랙리스트 4개 제외: ['IP/USDT:USDT', 'NES/USDT:USDT', 'WLD/USDT:USDT', 'XAG/USDT:USDT', 'XAU/USDT:USDT', 'XAUT/USDT:USDT']
2026-07-31 01:25:35,462 [INFO] [SCAN] 스캔 시작: 30개 페어 (캐시 30개 보유)
2026-07-31 01:25:48,029 [INFO] [SCAN] 완료: 29개 종목 · 신호 0개 · API 호출 29회 · 캐시 히트 0회
2026-07-31 01:26:02,577 [INFO] [상태] 잔고:$10.20 | 포지션:3개 | 스캔:88회 | 스캐너:ON
2026-07-31 01:26:03,417 [INFO] [SCAN] 블랙리스트 4개 제외: ['IP/USDT:USDT', 'NES/USDT:USDT', 'WLD/USDT:USDT', 'XAG/USDT:USDT', 'XAU/USDT:USDT', 'XAUT/USDT:USDT']
2026-07-31 01:26:03,417 [INFO] [SCAN] 스캔 시작: 30개 페어 (캐시 30개 보유)
2026-07-31 01:26:16,526 [INFO] [SCAN] 완료: 30개 종목 · 신호 0개 · API 호출 30회 · 캐시 히트 0회
2026-07-31 01:26:31,763 [INFO] [SCAN] 블랙리스트 4개 제외: ['IP/USDT:USDT', 'NES/USDT:USDT', 'WLD/USDT:USDT', 'XAG/USDT:USDT', 'XAU/USDT:USDT', 'XAUT/USDT:USDT']
2026-07-31 01:26:31,763 [INFO] [SCAN] 스캔 시작: 30개 페어 (캐시 30개 보유)
2026-07-31 01:26:45,000 [INFO] [SCAN] 완료: 30개 종목 · 신호 0개 · API 호출 30회 · 캐시 히트 0회
2026-07-31 01:27:02,792 [INFO] [SCAN] 블랙리스트 4개 제외: ['IP/USDT:USDT', 'NES/USDT:USDT', 'WLD/USDT:USDT', 'XAG/USDT:USDT', 'XAU/USDT:USDT', 'XAUT/USDT:USDT']
2026-07-31 01:27:02,793 [INFO] [SCAN] 스캔 시작: 30개 페어 (캐시 30개 보유)
2026-07-31 01:27:03,063 [INFO] [상태] 잔고:$10.22 | 포지션:3개 | 스캔:90회 | 스캐너:ON
2026-07-31 01:27:16,455 [INFO] [SCAN] 완료: 30개 종목 · 신호 0개 · API 호출 30회 · 캐시 히트 0회
2026-07-31 01:27:31,742 [INFO] [SCAN] 블랙리스트 4개 제외: ['IP/USDT:USDT', 'NES/USDT:USDT', 'WLD/USDT:USDT', 'XAG/USDT:USDT', 'XAU/USDT:USDT', 'XAUT/USDT:USDT']
2026-07-31 01:27:31,743 [INFO] [SCAN] 스캔 시작: 30개 페어 (캐시 30개 보유)
2026-07-31 01:27:45,046 [INFO] [SCAN] 완료: 30개 종목 · 신호 0개 · API 호출 30회 · 캐시 히트 0회
2026-07-31 01:28:03,042 [INFO] [SCAN] 블랙리스트 4개 제외: ['IP/USDT:USDT', 'NES/USDT:USDT', 'WLD/USDT:USDT', 'XAG/USDT:USDT', 'XAU/USDT:USDT', 'XAUT/USDT:USDT']
2026-07-31 01:28:03,042 [INFO] [SCAN] 스캔 시작: 30개 페어 (캐시 30개 보유)
2026-07-31 01:28:03,572 [INFO] [상태] 잔고:$10.22 | 포지션:3개 | 스캔:92회 | 스캐너:ON
2026-07-31 01:28:16,611 [INFO] [SCAN] 완료: 30개 종목 · 신호 0개 · API 호출 30회 · 캐시 히트 0회
2026-07-31 01:28:31,869 [INFO] [SCAN] 블랙리스트 4개 제외: ['IP/USDT:USDT', 'NES/USDT:USDT', 'WLD/USDT:USDT', 'XAG/USDT:USDT', 'XAU/USDT:USDT', 'XAUT/USDT:USDT']
2026-07-31 01:28:31,869 [INFO] [SCAN] 스캔 시작: 30개 페어 (캐시 30개 보유)
2026-07-31 01:28:45,043 [INFO] [SCAN] 완료: 30개 종목 · 신호 0개 · API 호출 30회 · 캐시 히트 0회
2026-07-31 01:29:00,338 [INFO] [SCAN] 블랙리스트 4개 제외: ['IP/USDT:USDT', 'NES/USDT:USDT', 'WLD/USDT:USDT', 'XAG/USDT:USDT', 'XAU/USDT:USDT', 'XAUT/USDT:USDT']
2026-07-31 01:29:00,338 [INFO] [SCAN] 스캔 시작: 30개 페어 (캐시 30개 보유)
2026-07-31 01:29:04,123 [INFO] [상태] 잔고:$10.26 | 포지션:3개 | 스캔:94회 | 스캐너:ON
2026-07-31 01:29:14,305 [INFO] [SCAN] 완료: 30개 종목 · 신호 0개 · API 호출 30회 · 캐시 히트 0회
2026-07-31 01:29:32,177 [INFO] [SCAN] 블랙리스트 4개 제외: ['IP/USDT:USDT', 'NES/USDT:USDT', 'WLD/USDT:USDT', 'XAG/USDT:USDT', 'XAU/USDT:USDT', 'XAUT/USDT:USDT']
2026-07-31 01:29:32,178 [INFO] [SCAN] 스캔 시작: 30개 페어 (캐시 30개 보유)
2026-07-31 01:29:45,227 [INFO] [SCAN] 완료: 30개 종목 · 신호 0개 · API 호출 30회 · 캐시 히트 0회
2026-07-31 01:30:00,472 [INFO] [SCAN] 블랙리스트 4개 제외: ['IP/USDT:USDT', 'NES/USDT:USDT', 'WLD/USDT:USDT', 'XAG/USDT:USDT', 'XAU/USDT:USDT', 'XAUT/USDT:USDT']
2026-07-31 01:30:00,472 [INFO] [SCAN] 스캔 시작: 30개 페어 (캐시 30개 보유)
2026-07-31 01:30:04,544 [INFO] [상태] 잔고:$10.27 | 포지션:3개 | 스캔:96회 | 스캐너:ON
2026-07-31 01:30:14,099 [INFO] [SCAN] 완료: 30개 종목 · 신호 0개 · API 호출 30회 · 캐시 히트 0회
2026-07-31 01:30:29,338 [INFO] [SCAN] 블랙리스트 4개 제외: ['IP/USDT:USDT', 'NES/USDT:USDT', 'WLD/USDT:USDT', 'XAG/USDT:USDT', 'XAU/USDT:USDT', 'XAUT/USDT:USDT']
2026-07-31 01:30:29,339 [INFO] [SCAN] 스캔 시작: 30개 페어 (캐시 30개 보유)
2026-07-31 01:30:42,976 [INFO] [SCAN] 완료: 30개 종목 · 신호 0개 · API 호출 30회 · 캐시 히트 0회
2026-07-31 01:31:01,918 [INFO] [SCAN] 블랙리스트 4개 제외: ['IP/USDT:USDT', 'NES/USDT:USDT', 'WLD/USDT:USDT', 'XAG/USDT:USDT', 'XAU/USDT:USDT', 'XAUT/USDT:USDT']
2026-07-31 01:31:01,919 [INFO] [SCAN] 스캔 시작: 30개 페어 (캐시 30개 보유)
2026-07-31 01:31:05,051 [INFO] [상태] 잔고:$10.25 | 포지션:3개 | 스캔:98회 | 스캐너:ON
2026-07-31 01:31:15,606 [INFO] [SCAN] 완료: 30개 종목 · 신호 0개 · API 호출 30회 · 캐시 히트 0회
2026-07-31 01:31:30,893 [INFO] [SCAN] 블랙리스트 4개 제외: ['IP/USDT:USDT', 'NES/USDT:USDT', 'WLD/USDT:USDT', 'XAG/USDT:USDT', 'XAU/USDT:USDT', 'XAUT/USDT:USDT']
2026-07-31 01:31:30,894 [INFO] [SCAN] 스캔 시작: 30개 페어 (캐시 30개 보유)
2026-07-31 01:31:44,396 [INFO] [SCAN] 완료: 30개 종목 · 신호 0개 · API 호출 30회 · 캐시 히트 0회
2026-07-31 01:32:02,399 [INFO] [SCAN] 블랙리스트 4개 제외: ['IP/USDT:USDT', 'NES/USDT:USDT', 'WLD/USDT:USDT', 'XAG/USDT:USDT', 'XAU/USDT:USDT', 'XAUT/USDT:USDT']
2026-07-31 01:32:02,400 [INFO] [SCAN] 스캔 시작: 30개 페어 (캐시 30개 보유)
2026-07-31 01:32:05,703 [INFO] [상태] 잔고:$10.25 | 포지션:3개 | 스캔:100회 | 스캐너:ON
2026-07-31 01:32:15,702 [INFO] [SCAN] 완료: 30개 종목 · 신호 0개 · API 호출 30회 · 캐시 히트 0회
2026-07-31 01:32:30,925 [INFO] [SCAN] 블랙리스트 4개 제외: ['IP/USDT:USDT', 'NES/USDT:USDT', 'WLD/USDT:USDT', 'XAG/USDT:USDT', 'XAU/USDT:USDT', 'XAUT/USDT:USDT']
2026-07-31 01:32:30,925 [INFO] [SCAN] 스캔 시작: 30개 페어 (캐시 30개 보유)
2026-07-31 01:32:43,862 [INFO] [SCAN] 완료: 30개 종목 · 신호 0개 · API 호출 30회 · 캐시 히트 0회
2026-07-31 01:32:59,110 [INFO] [SCAN] 블랙리스트 4개 제외: ['IP/USDT:USDT', 'NES/USDT:USDT', 'WLD/USDT:USDT', 'XAG/USDT:USDT', 'XAU/USDT:USDT', 'XAUT/USDT:USDT']
2026-07-31 01:32:59,110 [INFO] [SCAN] 스캔 시작: 30개 페어 (캐시 30개 보유)
2026-07-31 01:33:06,195 [INFO] [상태] 잔고:$10.24 | 포지션:3개 | 스캔:102회 | 스캐너:ON
2026-07-31 01:33:12,665 [INFO] [SCAN] 완료: 30개 종목 · 신호 0개 · API 호출 30회 · 캐시 히트 0회
2026-07-31 01:33:30,307 [INFO] [SCAN] 블랙리스트 4개 제외: ['IP/USDT:USDT', 'NES/USDT:USDT', 'WLD/USDT:USDT', 'XAG/USDT:USDT', 'XAU/USDT:USDT', 'XAUT/USDT:USDT']
2026-07-31 01:33:30,307 [INFO] [SCAN] 스캔 시작: 30개 페어 (캐시 30개 보유)
2026-07-31 01:33:43,477 [INFO] [SCAN] 완료: 30개 종목 · 신호 0개 · API 호출 30회 · 캐시 히트 0회
2026-07-31 01:33:58,744 [INFO] [SCAN] 블랙리스트 4개 제외: ['IP/USDT:USDT', 'NES/USDT:USDT', 'WLD/USDT:USDT', 'XAG/USDT:USDT', 'XAU/USDT:USDT', 'XAUT/USDT:USDT']
2026-07-31 01:33:58,744 [INFO] [SCAN] 스캔 시작: 30개 페어 (캐시 30개 보유)
2026-07-31 01:34:06,623 [INFO] [상태] 잔고:$10.21 | 포지션:3개 | 스캔:104회 | 스캐너:ON
2026-07-31 01:34:12,007 [INFO] [SCAN] 완료: 30개 종목 · 신호 0개 · API 호출 30회 · 캐시 히트 0회
2026-07-31 01:34:27,277 [INFO] [SCAN] 블랙리스트 4개 제외: ['IP/USDT:USDT', 'NES/USDT:USDT', 'WLD/USDT:USDT', 'XAG/USDT:USDT', 'XAU/USDT:USDT', 'XAUT/USDT:USDT']
2026-07-31 01:34:27,277 [INFO] [SCAN] 스캔 시작: 30개 페어 (캐시 30개 보유)
2026-07-31 01:34:40,833 [INFO] [SCAN] 완료: 30개 종목 · 신호 0개 · API 호출 30회 · 캐시 히트 0회
2026-07-31 01:34:58,803 [INFO] [SCAN] 블랙리스트 4개 제외: ['IP/USDT:USDT', 'NES/USDT:USDT', 'WLD/USDT:USDT', 'XAG/USDT:USDT', 'XAU/USDT:USDT', 'XAUT/USDT:USDT']
2026-07-31 01:34:58,803 [INFO] [SCAN] 스캔 시작: 30개 페어 (캐시 30개 보유)
2026-07-31 01:35:07,172 [INFO] [상태] 잔고:$10.22 | 포지션:3개 | 스캔:106회 | 스캐너:ON
2026-07-31 01:35:12,031 [INFO] [SCAN] 완료: 30개 종목 · 신호 0개 · API 호출 30회 · 캐시 히트 0회
2026-07-31 01:35:27,289 [INFO] [SCAN] 블랙리스트 4개 제외: ['IP/USDT:USDT', 'NES/USDT:USDT', 'WLD/USDT:USDT', 'XAG/USDT:USDT', 'XAU/USDT:USDT', 'XAUT/USDT:USDT']
2026-07-31 01:35:27,290 [INFO] [SCAN] 스캔 시작: 30개 페어 (캐시 30개 보유)
2026-07-31 01:35:40,756 [INFO] [SCAN] 완료: 30개 종목 · 신호 0개 · API 호출 30회 · 캐시 히트 0회
2026-07-31 01:35:55,986 [INFO] [SCAN] 블랙리스트 4개 제외: ['IP/USDT:USDT', 'NES/USDT:USDT', 'WLD/USDT:USDT', 'XAG/USDT:USDT', 'XAU/USDT:USDT', 'XAUT/USDT:USDT']
2026-07-31 01:35:55,986 [INFO] [SCAN] 스캔 시작: 30개 페어 (캐시 30개 보유)
2026-07-31 01:36:07,690 [INFO] [상태] 잔고:$10.19 | 포지션:3개 | 스캔:108회 | 스캐너:ON
2026-07-31 01:36:09,381 [INFO] [SCAN] 완료: 30개 종목 · 신호 0개 · API 호출 30회 · 캐시 히트 0회
2026-07-31 01:36:27,104 [INFO] [SCAN] 블랙리스트 4개 제외: ['IP/USDT:USDT', 'NES/USDT:USDT', 'WLD/USDT:USDT', 'XAG/USDT:USDT', 'XAU/USDT:USDT', 'XAUT/USDT:USDT']
2026-07-31 01:36:27,104 [INFO] [SCAN] 스캔 시작: 30개 페어 (캐시 30개 보유)
2026-07-31 01:36:40,897 [INFO] [CACHE] ALLO/USDT:USDT 초기 로드 300봉
2026-07-31 01:36:41,414 [INFO] [SCAN] 완료: 30개 종목 · 신호 0개 · API 호출 30회 · 캐시 히트 0회
2026-07-31 01:36:56,841 [INFO] [SCAN] 블랙리스트 4개 제외: ['IP/USDT:USDT', 'NES/USDT:USDT', 'WLD/USDT:USDT', 'XAG/USDT:USDT', 'XAU/USDT:USDT', 'XAUT/USDT:USDT']
2026-07-31 01:36:56,841 [INFO] [SCAN] 스캔 시작: 30개 페어 (캐시 31개 보유)
2026-07-31 01:37:08,284 [INFO] [상태] 잔고:$10.21 | 포지션:3개 | 스캔:110회 | 스캐너:ON
2026-07-31 01:37:11,059 [INFO] [SCAN] 완료: 30개 종목 · 신호 0개 · API 호출 30회 · 캐시 히트 0회
2026-07-31 01:37:29,297 [INFO] [SCAN] 블랙리스트 4개 제외: ['IP/USDT:USDT', 'NES/USDT:USDT', 'WLD/USDT:USDT', 'XAG/USDT:USDT', 'XAU/USDT:USDT', 'XAUT/USDT:USDT']
2026-07-31 01:37:29,297 [INFO] [SCAN] 스캔 시작: 30개 페어 (캐시 31개 보유)
2026-07-31 01:37:42,450 [INFO] [SCAN] 완료: 30개 종목 · 신호 0개 · API 호출 30회 · 캐시 히트 0회
2026-07-31 01:37:57,692 [INFO] [SCAN] 블랙리스트 4개 제외: ['IP/USDT:USDT', 'NES/USDT:USDT', 'WLD/USDT:USDT', 'XAG/USDT:USDT', 'XAU/USDT:USDT', 'XAUT/USDT:USDT']
2026-07-31 01:37:57,692 [INFO] [SCAN] 스캔 시작: 30개 페어 (캐시 31개 보유)
2026-07-31 01:38:08,828 [INFO] [상태] 잔고:$10.19 | 포지션:3개 | 스캔:112회 | 스캐너:ON
2026-07-31 01:38:10,976 [INFO] [SCAN] 완료: 30개 종목 · 신호 0개 · API 호출 30회 · 캐시 히트 0회
2026-07-31 01:38:26,235 [INFO] [SCAN] 블랙리스트 4개 제외: ['IP/USDT:USDT', 'NES/USDT:USDT', 'WLD/USDT:USDT', 'XAG/USDT:USDT', 'XAU/USDT:USDT', 'XAUT/USDT:USDT']
2026-07-31 01:38:26,236 [INFO] [SCAN] 스캔 시작: 30개 페어 (캐시 31개 보유)
2026-07-31 01:38:39,384 [INFO] [SCAN] 완료: 30개 종목 · 신호 0개 · API 호출 30회 · 캐시 히트 0회
2026-07-31 01:38:56,957 [INFO] [SCAN] 블랙리스트 4개 제외: ['IP/USDT:USDT', 'NES/USDT:USDT', 'WLD/USDT:USDT', 'XAG/USDT:USDT', 'XAU/USDT:USDT', 'XAUT/USDT:USDT']
2026-07-31 01:38:56,957 [INFO] [SCAN] 스캔 시작: 30개 페어 (캐시 31개 보유)
2026-07-31 01:39:09,251 [INFO] [상태] 잔고:$10.19 | 포지션:3개 | 스캔:114회 | 스캐너:ON
2026-07-31 01:39:10,217 [INFO] [SCAN] 완료: 30개 종목 · 신호 0개 · API 호출 30회 · 캐시 히트 0회
2026-07-31 01:39:25,453 [INFO] [SCAN] 블랙리스트 4개 제외: ['IP/USDT:USDT', 'NES/USDT:USDT', 'WLD/USDT:USDT', 'XAG/USDT:USDT', 'XAU/USDT:USDT', 'XAUT/USDT:USDT']
2026-07-31 01:39:25,453 [INFO] [SCAN] 스캔 시작: 30개 페어 (캐시 31개 보유)
2026-07-31 01:39:38,443 [INFO] [SCAN] 완료: 30개 종목 · 신호 0개 · API 호출 30회 · 캐시 히트 0회
2026-07-31 01:39:53,728 [INFO] [SCAN] 블랙리스트 4개 제외: ['IP/USDT:USDT', 'NES/USDT:USDT', 'WLD/USDT:USDT', 'XAG/USDT:USDT', 'XAU/USDT:USDT', 'XAUT/USDT:USDT']
2026-07-31 01:39:53,728 [INFO] [SCAN] 스캔 시작: 30개 페어 (캐시 31개 보유)
2026-07-31 01:40:07,359 [INFO] [SCAN] 완료: 30개 종목 · 신호 0개 · API 호출 30회 · 캐시 히트 0회
2026-07-31 01:40:09,817 [INFO] [상태] 잔고:$10.17 | 포지션:3개 | 스캔:117회 | 스캐너:ON
2026-07-31 01:40:25,724 [INFO] [SCAN] 블랙리스트 4개 제외: ['IP/USDT:USDT', 'NES/USDT:USDT', 'WLD/USDT:USDT', 'XAG/USDT:USDT', 'XAU/USDT:USDT', 'XAUT/USDT:USDT']
2026-07-31 01:40:25,725 [INFO] [SCAN] 스캔 시작: 30개 페어 (캐시 31개 보유)
2026-07-31 01:40:38,819 [INFO] [SCAN] 완료: 30개 종목 · 신호 0개 · API 호출 30회 · 캐시 히트 0회
2026-07-31 01:40:54,077 [INFO] [SCAN] 블랙리스트 4개 제외: ['IP/USDT:USDT', 'NES/USDT:USDT', 'WLD/USDT:USDT', 'XAG/USDT:USDT', 'XAU/USDT:USDT', 'XAUT/USDT:USDT']
2026-07-31 01:40:54,078 [INFO] [SCAN] 스캔 시작: 30개 페어 (캐시 31개 보유)
2026-07-31 01:41:07,595 [INFO] [SCAN] 완료: 30개 종목 · 신호 0개 · API 호출 30회 · 캐시 히트 0회
2026-07-31 01:41:10,510 [INFO] [상태] 잔고:$10.17 | 포지션:3개 | 스캔:119회 | 스캐너:ON
2026-07-31 01:41:25,738 [INFO] [SCAN] 블랙리스트 4개 제외: ['IP/USDT:USDT', 'NES/USDT:USDT', 'WLD/USDT:USDT', 'XAG/USDT:USDT', 'XAU/USDT:USDT', 'XAUT/USDT:USDT']
2026-07-31 01:41:25,739 [INFO] [SCAN] 스캔 시작: 30개 페어 (캐시 31개 보유)
2026-07-31 01:41:39,270 [INFO] [SCAN] 완료: 30개 종목 · 신호 0개 · API 호출 30회 · 캐시 히트 0회
2026-07-31 01:41:54,495 [INFO] [SCAN] 블랙리스트 4개 제외: ['IP/USDT:USDT', 'NES/USDT:USDT', 'WLD/USDT:USDT', 'XAG/USDT:USDT', 'XAU/USDT:USDT', 'XAUT/USDT:USDT']
2026-07-31 01:41:54,496 [INFO] [SCAN] 스캔 시작: 30개 페어 (캐시 31개 보유)
2026-07-31 01:42:07,399 [INFO] [SCAN] 완료: 30개 종목 · 신호 0개 · API 호출 30회 · 캐시 히트 0회
2026-07-31 01:42:10,938 [INFO] [상태] 잔고:$10.16 | 포지션:3개 | 스캔:121회 | 스캐너:ON
2026-07-31 01:42:22,759 [INFO] [SCAN] 블랙리스트 4개 제외: ['IP/USDT:USDT', 'NES/USDT:USDT', 'WLD/USDT:USDT', 'XAG/USDT:USDT', 'XAU/USDT:USDT', 'XAUT/USDT:USDT']
2026-07-31 01:42:22,760 [INFO] [SCAN] 스캔 시작: 30개 페어 (캐시 31개 보유)
2026-07-31 01:42:35,884 [INFO] [SCAN] 완료: 30개 종목 · 신호 0개 · API 호출 30회 · 캐시 히트 0회
2026-07-31 01:42:53,465 [INFO] [SCAN] 블랙리스트 4개 제외: ['IP/USDT:USDT', 'NES/USDT:USDT', 'WLD/USDT:USDT', 'XAG/USDT:USDT', 'XAU/USDT:USDT', 'XAUT/USDT:USDT']
2026-07-31 01:42:53,466 [INFO] [SCAN] 스캔 시작: 30개 페어 (캐시 31개 보유)
2026-07-31 01:43:06,617 [INFO] [SCAN] 완료: 30개 종목 · 신호 0개 · API 호출 30회 · 캐시 히트 0회
2026-07-31 01:43:11,470 [INFO] [상태] 잔고:$10.14 | 포지션:3개 | 스캔:123회 | 스캐너:ON
2026-07-31 01:43:21,985 [INFO] [SCAN] 블랙리스트 4개 제외: ['IP/USDT:USDT', 'NES/USDT:USDT', 'WLD/USDT:USDT', 'XAG/USDT:USDT', 'XAU/USDT:USDT', 'XAUT/USDT:USDT']
2026-07-31 01:43:21,985 [INFO] [SCAN] 스캔 시작: 30개 페어 (캐시 31개 보유)
2026-07-31 01:43:34,977 [INFO] [SCAN] 완료: 30개 종목 · 신호 0개 · API 호출 30회 · 캐시 히트 0회
2026-07-31 01:43:50,211 [INFO] [SCAN] 블랙리스트 4개 제외: ['IP/USDT:USDT', 'NES/USDT:USDT', 'WLD/USDT:USDT', 'XAG/USDT:USDT', 'XAU/USDT:USDT', 'XAUT/USDT:USDT']
2026-07-31 01:43:50,212 [INFO] [SCAN] 스캔 시작: 30개 페어 (캐시 31개 보유)
2026-07-31 01:44:03,660 [INFO] [SCAN] 완료: 30개 종목 · 신호 0개 · API 호출 30회 · 캐시 히트 0회
2026-07-31 01:44:11,996 [INFO] [상태] 잔고:$10.14 | 포지션:3개 | 스캔:125회 | 스캐너:ON
2026-07-31 01:44:21,692 [INFO] [SCAN] 블랙리스트 4개 제외: ['IP/USDT:USDT', 'NES/USDT:USDT', 'WLD/USDT:USDT', 'XAG/USDT:USDT', 'XAU/USDT:USDT', 'XAUT/USDT:USDT']
2026-07-31 01:44:21,692 [INFO] [SCAN] 스캔 시작: 30개 페어 (캐시 31개 보유)
2026-07-31 01:44:35,286 [INFO] [SCAN] 완료: 30개 종목 · 신호 0개 · API 호출 30회 · 캐시 히트 0회
2026-07-31 01:44:50,536 [INFO] [SCAN] 블랙리스트 4개 제외: ['IP/USDT:USDT', 'NES/USDT:USDT', 'WLD/USDT:USDT', 'XAG/USDT:USDT', 'XAU/USDT:USDT', 'XAUT/USDT:USDT']
2026-07-31 01:44:50,536 [INFO] [SCAN] 스캔 시작: 30개 페어 (캐시 31개 보유)
2026-07-31 01:45:03,625 [INFO] [SCAN] 완료: 30개 종목 · 신호 0개 · API 호출 30회 · 캐시 히트 0회
2026-07-31 01:45:12,523 [INFO] [상태] 잔고:$10.13 | 포지션:3개 | 스캔:127회 | 스캐너:ON
2026-07-31 01:45:19,005 [INFO] [SCAN] 블랙리스트 4개 제외: ['IP/USDT:USDT', 'NES/USDT:USDT', 'WLD/USDT:USDT', 'XAG/USDT:USDT', 'XAU/USDT:USDT', 'XAUT/USDT:USDT']
2026-07-31 01:45:19,006 [INFO] [SCAN] 스캔 시작: 30개 페어 (캐시 31개 보유)
2026-07-31 01:45:31,957 [INFO] [SCAN] 완료: 30개 종목 · 신호 0개 · API 호출 30회 · 캐시 히트 0회
2026-07-31 01:45:49,557 [INFO] [SCAN] 블랙리스트 4개 제외: ['IP/USDT:USDT', 'NES/USDT:USDT', 'WLD/USDT:USDT', 'XAG/USDT:USDT', 'XAU/USDT:USDT', 'XAUT/USDT:USDT']
2026-07-31 01:45:49,557 [INFO] [SCAN] 스캔 시작: 30개 페어 (캐시 31개 보유)
2026-07-31 01:46:02,584 [INFO] [SCAN] 완료: 30개 종목 · 신호 0개 · API 호출 30회 · 캐시 히트 0회
2026-07-31 01:46:13,055 [INFO] [상태] 잔고:$10.15 | 포지션:3개 | 스캔:129회 | 스캐너:ON
2026-07-31 01:46:17,958 [INFO] [SCAN] 블랙리스트 4개 제외: ['IP/USDT:USDT', 'NES/USDT:USDT', 'WLD/USDT:USDT', 'XAG/USDT:USDT', 'XAU/USDT:USDT', 'XAUT/USDT:USDT']
2026-07-31 01:46:17,958 [INFO] [SCAN] 스캔 시작: 30개 페어 (캐시 31개 보유)
2026-07-31 01:46:31,054 [INFO] [SCAN] 완료: 30개 종목 · 신호 0개 · API 호출 30회 · 캐시 히트 0회
2026-07-31 01:46:46,328 [INFO] [SCAN] 블랙리스트 4개 제외: ['IP/USDT:USDT', 'NES/USDT:USDT', 'WLD/USDT:USDT', 'XAG/USDT:USDT', 'XAU/USDT:USDT', 'XAUT/USDT:USDT']
2026-07-31 01:46:46,329 [INFO] [SCAN] 스캔 시작: 30개 페어 (캐시 31개 보유)
2026-07-31 01:47:00,329 [INFO] [SCAN] 완료: 30개 종목 · 신호 0개 · API 호출 30회 · 캐시 히트 0회
2026-07-31 01:47:13,586 [INFO] [상태] 잔고:$10.16 | 포지션:3개 | 스캔:131회 | 스캐너:ON
2026-07-31 01:47:18,498 [INFO] [SCAN] 블랙리스트 4개 제외: ['IP/USDT:USDT', 'NES/USDT:USDT', 'WLD/USDT:USDT', 'XAG/USDT:USDT', 'XAU/USDT:USDT', 'XAUT/USDT:USDT']
2026-07-31 01:47:18,498 [INFO] [SCAN] 스캔 시작: 30개 페어 (캐시 31개 보유)
2026-07-31 01:47:32,451 [INFO] [SCAN] 완료: 30개 종목 · 신호 0개 · API 호출 30회 · 캐시 히트 0회
2026-07-31 01:47:47,685 [INFO] [SCAN] 블랙리스트 4개 제외: ['IP/USDT:USDT', 'NES/USDT:USDT', 'WLD/USDT:USDT', 'XAG/USDT:USDT', 'XAU/USDT:USDT', 'XAUT/USDT:USDT']
2026-07-31 01:47:47,685 [INFO] [SCAN] 스캔 시작: 30개 페어 (캐시 31개 보유)
2026-07-31 01:48:00,726 [INFO] [SCAN] 완료: 30개 종목 · 신호 0개 · API 호출 30회 · 캐시 히트 0회
2026-07-31 01:48:14,073 [INFO] [상태] 잔고:$10.15 | 포지션:3개 | 스캔:133회 | 스캐너:ON
2026-07-31 01:48:18,607 [INFO] [SCAN] 블랙리스트 4개 제외: ['IP/USDT:USDT', 'NES/USDT:USDT', 'WLD/USDT:USDT', 'XAG/USDT:USDT', 'XAU/USDT:USDT', 'XAUT/USDT:USDT']
2026-07-31 01:48:18,607 [INFO] [SCAN] 스캔 시작: 30개 페어 (캐시 31개 보유)
2026-07-31 01:48:31,675 [INFO] [SCAN] 완료: 30개 종목 · 신호 0개 · API 호출 30회 · 캐시 히트 0회
2026-07-31 01:48:46,913 [INFO] [SCAN] 블랙리스트 4개 제외: ['IP/USDT:USDT', 'NES/USDT:USDT', 'WLD/USDT:USDT', 'XAG/USDT:USDT', 'XAU/USDT:USDT', 'XAUT/USDT:USDT']
2026-07-31 01:48:46,914 [INFO] [SCAN] 스캔 시작: 30개 페어 (캐시 31개 보유)
2026-07-31 01:49:00,658 [INFO] [SCAN] 완료: 30개 종목 · 신호 0개 · API 호출 30회 · 캐시 히트 0회
2026-07-31 01:49:14,692 [INFO] [상태] 잔고:$10.15 | 포지션:3개 | 스캔:135회 | 스캐너:ON
2026-07-31 01:49:16,024 [INFO] [SCAN] 블랙리스트 4개 제외: ['IP/USDT:USDT', 'NES/USDT:USDT', 'WLD/USDT:USDT', 'XAG/USDT:USDT', 'XAU/USDT:USDT', 'XAUT/USDT:USDT']
2026-07-31 01:49:16,024 [INFO] [SCAN] 스캔 시작: 30개 페어 (캐시 31개 보유)
2026-07-31 01:49:29,733 [INFO] [SCAN] 완료: 30개 종목 · 신호 0개 · API 호출 30회 · 캐시 히트 0회
2026-07-31 01:49:48,012 [INFO] [SCAN] 블랙리스트 4개 제외: ['IP/USDT:USDT', 'NES/USDT:USDT', 'WLD/USDT:USDT', 'XAG/USDT:USDT', 'XAU/USDT:USDT', 'XAUT/USDT:USDT']
2026-07-31 01:49:48,013 [INFO] [SCAN] 스캔 시작: 30개 페어 (캐시 31개 보유)
2026-07-31 01:50:01,617 [INFO] [SCAN] 완료: 30개 종목 · 신호 0개 · API 호출 30회 · 캐시 히트 0회
2026-07-31 01:50:15,268 [INFO] [상태] 잔고:$10.18 | 포지션:3개 | 스캔:137회 | 스캐너:ON
2026-07-31 01:50:17,071 [INFO] [SCAN] 블랙리스트 4개 제외: ['IP/USDT:USDT', 'NES/USDT:USDT', 'WLD/USDT:USDT', 'XAG/USDT:USDT', 'XAU/USDT:USDT', 'XAUT/USDT:USDT']
2026-07-31 01:50:17,071 [INFO] [SCAN] 스캔 시작: 30개 페어 (캐시 31개 보유)
2026-07-31 01:50:30,636 [INFO] [SCAN] 완료: 30개 종목 · 신호 0개 · API 호출 30회 · 캐시 히트 0회
2026-07-31 01:50:48,410 [INFO] [SCAN] 블랙리스트 4개 제외: ['IP/USDT:USDT', 'NES/USDT:USDT', 'WLD/USDT:USDT', 'XAG/USDT:USDT', 'XAU/USDT:USDT', 'XAUT/USDT:USDT']
2026-07-31 01:50:48,410 [INFO] [SCAN] 스캔 시작: 30개 페어 (캐시 31개 보유)
2026-07-31 01:51:01,332 [INFO] [SCAN] 완료: 30개 종목 · 신호 0개 · API 호출 30회 · 캐시 히트 0회
2026-07-31 01:51:15,692 [INFO] [상태] 잔고:$10.19 | 포지션:3개 | 스캔:139회 | 스캐너:ON
2026-07-31 01:51:16,713 [INFO] [SCAN] 블랙리스트 4개 제외: ['IP/USDT:USDT', 'NES/USDT:USDT', 'WLD/USDT:USDT', 'XAG/USDT:USDT', 'XAU/USDT:USDT', 'XAUT/USDT:USDT']
2026-07-31 01:51:16,714 [INFO] [SCAN] 스캔 시작: 30개 페어 (캐시 31개 보유)
2026-07-31 01:51:29,693 [INFO] [SCAN] 완료: 30개 종목 · 신호 0개 · API 호출 30회 · 캐시 히트 0회
2026-07-31 01:51:44,987 [INFO] [SCAN] 블랙리스트 4개 제외: ['IP/USDT:USDT', 'NES/USDT:USDT', 'WLD/USDT:USDT', 'XAG/USDT:USDT', 'XAU/USDT:USDT', 'XAUT/USDT:USDT']
2026-07-31 01:51:44,988 [INFO] [SCAN] 스캔 시작: 30개 페어 (캐시 31개 보유)
2026-07-31 01:51:58,712 [INFO] [SCAN] 완료: 30개 종목 · 신호 0개 · API 호출 30회 · 캐시 히트 0회
2026-07-31 01:52:16,292 [INFO] [상태] 잔고:$10.21 | 포지션:3개 | 스캔:141회 | 스캐너:ON
2026-07-31 01:52:16,616 [INFO] [SCAN] 블랙리스트 4개 제외: ['IP/USDT:USDT', 'NES/USDT:USDT', 'WLD/USDT:USDT', 'XAG/USDT:USDT', 'XAU/USDT:USDT', 'XAUT/USDT:USDT']
2026-07-31 01:52:16,617 [INFO] [SCAN] 스캔 시작: 30개 페어 (캐시 31개 보유)
2026-07-31 01:52:29,771 [INFO] [SCAN] 완료: 30개 종목 · 신호 0개 · API 호출 30회 · 캐시 히트 0회
2026-07-31 01:52:45,008 [INFO] [SCAN] 블랙리스트 4개 제외: ['IP/USDT:USDT', 'NES/USDT:USDT', 'WLD/USDT:USDT', 'XAG/USDT:USDT', 'XAU/USDT:USDT', 'XAUT/USDT:USDT']
2026-07-31 01:52:45,008 [INFO] [SCAN] 스캔 시작: 30개 페어 (캐시 31개 보유)
2026-07-31 01:52:57,954 [INFO] [SCAN] 완료: 30개 종목 · 신호 0개 · API 호출 30회 · 캐시 히트 0회
2026-07-31 01:53:13,202 [INFO] [SCAN] 블랙리스트 4개 제외: ['IP/USDT:USDT', 'NES/USDT:USDT', 'WLD/USDT:USDT', 'XAG/USDT:USDT', 'XAU/USDT:USDT', 'XAUT/USDT:USDT']
2026-07-31 01:53:13,202 [INFO] [SCAN] 스캔 시작: 30개 페어 (캐시 31개 보유)
2026-07-31 01:53:16,867 [INFO] [상태] 잔고:$10.21 | 포지션:3개 | 스캔:143회 | 스캐너:ON
2026-07-31 01:53:26,509 [INFO] [SCAN] 완료: 30개 종목 · 신호 0개 · API 호출 30회 · 캐시 히트 0회
2026-07-31 01:53:44,141 [INFO] [SCAN] 블랙리스트 4개 제외: ['IP/USDT:USDT', 'NES/USDT:USDT', 'WLD/USDT:USDT', 'XAG/USDT:USDT', 'XAU/USDT:USDT', 'XAUT/USDT:USDT']
2026-07-31 01:53:44,141 [INFO] [SCAN] 스캔 시작: 30개 페어 (캐시 31개 보유)
2026-07-31 01:53:57,793 [INFO] [SCAN] 완료: 30개 종목 · 신호 0개 · API 호출 30회 · 캐시 히트 0회
2026-07-31 01:54:13,112 [INFO] [SCAN] 블랙리스트 4개 제외: ['IP/USDT:USDT', 'NES/USDT:USDT', 'WLD/USDT:USDT', 'XAG/USDT:USDT', 'XAU/USDT:USDT', 'XAUT/USDT:USDT']
2026-07-31 01:54:13,112 [INFO] [SCAN] 스캔 시작: 30개 페어 (캐시 31개 보유)
2026-07-31 01:54:17,343 [INFO] [상태] 잔고:$10.21 | 포지션:3개 | 스캔:145회 | 스캐너:ON
2026-07-31 01:54:26,508 [INFO] [SCAN] 완료: 30개 종목 · 신호 0개 · API 호출 30회 · 캐시 히트 0회
2026-07-31 01:54:41,752 [INFO] [SCAN] 블랙리스트 4개 제외: ['IP/USDT:USDT', 'NES/USDT:USDT', 'WLD/USDT:USDT', 'XAG/USDT:USDT', 'XAU/USDT:USDT', 'XAUT/USDT:USDT']
2026-07-31 01:54:41,753 [INFO] [SCAN] 스캔 시작: 30개 페어 (캐시 31개 보유)
2026-07-31 01:54:54,920 [INFO] [SCAN] 완료: 30개 종목 · 신호 0개 · API 호출 30회 · 캐시 히트 0회
2026-07-31 01:55:12,564 [INFO] [SCAN] 블랙리스트 4개 제외: ['IP/USDT:USDT', 'NES/USDT:USDT', 'WLD/USDT:USDT', 'XAG/USDT:USDT', 'XAU/USDT:USDT', 'XAUT/USDT:USDT']
2026-07-31 01:55:12,565 [INFO] [SCAN] 스캔 시작: 30개 페어 (캐시 31개 보유)
2026-07-31 01:55:17,847 [INFO] [상태] 잔고:$10.20 | 포지션:3개 | 스캔:147회 | 스캐너:ON
2026-07-31 01:55:25,683 [INFO] [SCAN] 완료: 30개 종목 · 신호 0개 · API 호출 30회 · 캐시 히트 0회
2026-07-31 01:55:40,926 [INFO] [SCAN] 블랙리스트 4개 제외: ['IP/USDT:USDT', 'NES/USDT:USDT', 'WLD/USDT:USDT', 'XAG/USDT:USDT', 'XAU/USDT:USDT', 'XAUT/USDT:USDT']
2026-07-31 01:55:40,927 [INFO] [SCAN] 스캔 시작: 30개 페어 (캐시 31개 보유)
2026-07-31 01:55:54,035 [INFO] [SCAN] 완료: 30개 종목 · 신호 0개 · API 호출 30회 · 캐시 히트 0회
2026-07-31 01:56:09,282 [INFO] [SCAN] 블랙리스트 4개 제외: ['IP/USDT:USDT', 'NES/USDT:USDT', 'WLD/USDT:USDT', 'XAG/USDT:USDT', 'XAU/USDT:USDT', 'XAUT/USDT:USDT']
2026-07-31 01:56:09,282 [INFO] [SCAN] 스캔 시작: 30개 페어 (캐시 31개 보유)
2026-07-31 01:56:18,276 [INFO] [상태] 잔고:$10.18 | 포지션:3개 | 스캔:149회 | 스캐너:ON
2026-07-31 01:56:22,672 [INFO] [SCAN] 완료: 30개 종목 · 신호 0개 · API 호출 30회 · 캐시 히트 0회
2026-07-31 01:56:40,303 [INFO] [SCAN] 블랙리스트 4개 제외: ['IP/USDT:USDT', 'NES/USDT:USDT', 'WLD/USDT:USDT', 'XAG/USDT:USDT', 'XAU/USDT:USDT', 'XAUT/USDT:USDT']
2026-07-31 01:56:40,304 [INFO] [SCAN] 스캔 시작: 30개 페어 (캐시 31개 보유)
2026-07-31 01:56:53,183 [INFO] [SCAN] 완료: 30개 종목 · 신호 0개 · API 호출 30회 · 캐시 히트 0회
2026-07-31 01:57:08,438 [INFO] [SCAN] 블랙리스트 4개 제외: ['IP/USDT:USDT', 'NES/USDT:USDT', 'WLD/USDT:USDT', 'XAG/USDT:USDT', 'XAU/USDT:USDT', 'XAUT/USDT:USDT']
2026-07-31 01:57:08,438 [INFO] [SCAN] 스캔 시작: 30개 페어 (캐시 31개 보유)
2026-07-31 01:57:18,778 [INFO] [상태] 잔고:$10.19 | 포지션:3개 | 스캔:151회 | 스캐너:ON
2026-07-31 01:57:21,763 [INFO] [SCAN] 완료: 30개 종목 · 신호 0개 · API 호출 30회 · 캐시 히트 0회
2026-07-31 01:57:37,008 [INFO] [SCAN] 블랙리스트 4개 제외: ['IP/USDT:USDT', 'NES/USDT:USDT', 'WLD/USDT:USDT', 'XAG/USDT:USDT', 'XAU/USDT:USDT', 'XAUT/USDT:USDT']
2026-07-31 01:57:37,008 [INFO] [SCAN] 스캔 시작: 30개 페어 (캐시 31개 보유)
2026-07-31 01:57:50,003 [INFO] [SCAN] 완료: 30개 종목 · 신호 0개 · API 호출 30회 · 캐시 히트 0회
2026-07-31 01:58:07,704 [INFO] [SCAN] 블랙리스트 4개 제외: ['IP/USDT:USDT', 'NES/USDT:USDT', 'WLD/USDT:USDT', 'XAG/USDT:USDT', 'XAU/USDT:USDT', 'XAUT/USDT:USDT']
2026-07-31 01:58:07,704 [INFO] [SCAN] 스캔 시작: 30개 페어 (캐시 31개 보유)
2026-07-31 01:58:19,261 [INFO] [상태] 잔고:$10.19 | 포지션:3개 | 스캔:153회 | 스캐너:ON
2026-07-31 01:58:21,168 [INFO] [SCAN] 완료: 30개 종목 · 신호 0개 · API 호출 30회 · 캐시 히트 0회
2026-07-31 01:58:36,406 [INFO] [SCAN] 블랙리스트 4개 제외: ['IP/USDT:USDT', 'NES/USDT:USDT', 'WLD/USDT:USDT', 'XAG/USDT:USDT', 'XAU/USDT:USDT', 'XAUT/USDT:USDT']
2026-07-31 01:58:36,407 [INFO] [SCAN] 스캔 시작: 30개 페어 (캐시 31개 보유)
2026-07-31 01:58:49,398 [INFO] [SCAN] 완료: 30개 종목 · 신호 0개 · API 호출 30회 · 캐시 히트 0회
2026-07-31 01:59:04,635 [INFO] [SCAN] 블랙리스트 4개 제외: ['IP/USDT:USDT', 'NES/USDT:USDT', 'WLD/USDT:USDT', 'XAG/USDT:USDT', 'XAU/USDT:USDT', 'XAUT/USDT:USDT']
2026-07-31 01:59:04,635 [INFO] [SCAN] 스캔 시작: 30개 페어 (캐시 31개 보유)
2026-07-31 01:59:17,640 [INFO] [SCAN] 완료: 30개 종목 · 신호 0개 · API 호출 30회 · 캐시 히트 0회
2026-07-31 01:59:19,896 [INFO] [상태] 잔고:$10.20 | 포지션:3개 | 스캔:156회 | 스캐너:ON
2026-07-31 01:59:35,563 [INFO] [SCAN] 블랙리스트 4개 제외: ['IP/USDT:USDT', 'NES/USDT:USDT', 'WLD/USDT:USDT', 'XAG/USDT:USDT', 'XAU/USDT:USDT', 'XAUT/USDT:USDT']
2026-07-31 01:59:35,564 [INFO] [SCAN] 스캔 시작: 30개 페어 (캐시 31개 보유)
2026-07-31 01:59:49,065 [INFO] [SCAN] 완료: 30개 종목 · 신호 0개 · API 호출 30회 · 캐시 히트 0회
2026-07-31 02:00:04,347 [INFO] [SCAN] 블랙리스트 4개 제외: ['IP/USDT:USDT', 'NES/USDT:USDT', 'WLD/USDT:USDT', 'XAG/USDT:USDT', 'XAU/USDT:USDT', 'XAUT/USDT:USDT']
2026-07-31 02:00:04,348 [INFO] [SCAN] 스캔 시작: 30개 페어 (캐시 31개 보유)
2026-07-31 02:00:17,598 [INFO] [SCAN] 완료: 30개 종목 · 신호 0개 · API 호출 30회 · 캐시 히트 0회
2026-07-31 02:00:20,386 [INFO] [상태] 잔고:$10.22 | 포지션:3개 | 스캔:158회 | 스캐너:ON
2026-07-31 02:00:32,985 [INFO] [SCAN] 블랙리스트 4개 제외: ['IP/USDT:USDT', 'NES/USDT:USDT', 'WLD/USDT:USDT', 'XAG/USDT:USDT', 'XAU/USDT:USDT', 'XAUT/USDT:USDT']
2026-07-31 02:00:32,985 [INFO] [SCAN] 스캔 시작: 30개 페어 (캐시 31개 보유)
2026-07-31 02:00:46,151 [INFO] [SCAN] 완료: 30개 종목 · 신호 0개 · API 호출 30회 · 캐시 히트 0회
2026-07-31 02:01:04,052 [INFO] [SCAN] 블랙리스트 4개 제외: ['IP/USDT:USDT', 'NES/USDT:USDT', 'WLD/USDT:USDT', 'XAG/USDT:USDT', 'XAU/USDT:USDT', 'XAUT/USDT:USDT']
2026-07-31 02:01:04,053 [INFO] [SCAN] 스캔 시작: 30개 페어 (캐시 31개 보유)
2026-07-31 02:01:17,203 [INFO] [SCAN] 완료: 30개 종목 · 신호 0개 · API 호출 30회 · 캐시 히트 0회
2026-07-31 02:01:20,820 [INFO] [상태] 잔고:$10.21 | 포지션:3개 | 스캔:160회 | 스캐너:ON
2026-07-31 02:01:32,612 [INFO] [SCAN] 블랙리스트 4개 제외: ['IP/USDT:USDT', 'NES/USDT:USDT', 'WLD/USDT:USDT', 'XAG/USDT:USDT', 'XAU/USDT:USDT', 'XAUT/USDT:USDT']
2026-07-31 02:01:32,613 [INFO] [SCAN] 스캔 시작: 30개 페어 (캐시 31개 보유)
2026-07-31 02:01:45,932 [INFO] [SCAN] 완료: 30개 종목 · 신호 0개 · API 호출 30회 · 캐시 히트 0회
2026-07-31 02:02:01,171 [INFO] [SCAN] 블랙리스트 4개 제외: ['IP/USDT:USDT', 'NES/USDT:USDT', 'WLD/USDT:USDT', 'XAG/USDT:USDT', 'XAU/USDT:USDT', 'XAUT/USDT:USDT']
2026-07-31 02:02:01,171 [INFO] [SCAN] 스캔 시작: 30개 페어 (캐시 31개 보유)
2026-07-31 02:02:14,479 [INFO] [SCAN] 완료: 30개 종목 · 신호 0개 · API 호출 30회 · 캐시 히트 0회
2026-07-31 02:02:14,745 [INFO] [PERSIST] HYPE/USDT:USDT 포지션이 거래소에 존재하지 않음 (오프라인 청산 감지) → 상태 삭제
2026-07-31 02:02:14,747 [INFO] [PERSIST] 활성 포지션 상태 저장 완료
2026-07-31 02:02:21,346 [INFO] [상태] 잔고:$10.21 | 포지션:2개 | 스캔:162회 | 스캐너:ON
2026-07-31 02:02:31,768 [INFO] [SCAN] 블랙리스트 4개 제외: ['IP/USDT:USDT', 'NES/USDT:USDT', 'WLD/USDT:USDT', 'XAG/USDT:USDT', 'XAU/USDT:USDT', 'XAUT/USDT:USDT']
2026-07-31 02:02:31,768 [INFO] [SCAN] 스캔 시작: 30개 페어 (캐시 31개 보유)
2026-07-31 02:02:45,433 [INFO] [SCAN] 완료: 30개 종목 · 신호 0개 · API 호출 30회 · 캐시 히트 0회
2026-07-31 02:03:00,703 [INFO] [SCAN] 블랙리스트 4개 제외: ['IP/USDT:USDT', 'NES/USDT:USDT', 'WLD/USDT:USDT', 'XAG/USDT:USDT', 'XAU/USDT:USDT', 'XAUT/USDT:USDT']
2026-07-31 02:03:00,704 [INFO] [SCAN] 스캔 시작: 30개 페어 (캐시 31개 보유)
2026-07-31 02:03:13,766 [INFO] [SCAN] 완료: 30개 종목 · 신호 0개 · API 호출 30회 · 캐시 히트 0회
2026-07-31 02:03:21,887 [INFO] [상태] 잔고:$10.23 | 포지션:2개 | 스캔:164회 | 스캐너:ON
2026-07-31 02:03:29,146 [INFO] [SCAN] 블랙리스트 4개 제외: ['IP/USDT:USDT', 'NES/USDT:USDT', 'WLD/USDT:USDT', 'XAG/USDT:USDT', 'XAU/USDT:USDT', 'XAUT/USDT:USDT']
2026-07-31 02:03:29,147 [INFO] [SCAN] 스캔 시작: 30개 페어 (캐시 31개 보유)
2026-07-31 02:03:42,258 [INFO] [SCAN] 완료: 30개 종목 · 신호 0개 · API 호출 30회 · 캐시 히트 0회
2026-07-31 02:03:59,309 [INFO] [SCAN] 블랙리스트 4개 제외: ['IP/USDT:USDT', 'NES/USDT:USDT', 'WLD/USDT:USDT', 'XAG/USDT:USDT', 'XAU/USDT:USDT', 'XAUT/USDT:USDT']
2026-07-31 02:03:59,309 [INFO] [SCAN] 스캔 시작: 30개 페어 (캐시 31개 보유)
2026-07-31 02:04:12,571 [INFO] [SCAN] 완료: 30개 종목 · 신호 0개 · API 호출 30회 · 캐시 히트 0회
2026-07-31 02:04:22,498 [INFO] [상태] 잔고:$10.23 | 포지션:2개 | 스캔:166회 | 스캐너:ON
2026-07-31 02:04:27,943 [INFO] [SCAN] 블랙리스트 4개 제외: ['IP/USDT:USDT', 'NES/USDT:USDT', 'WLD/USDT:USDT', 'XAG/USDT:USDT', 'XAU/USDT:USDT', 'XAUT/USDT:USDT']
2026-07-31 02:04:27,943 [INFO] [SCAN] 스캔 시작: 30개 페어 (캐시 31개 보유)
2026-07-31 02:04:41,263 [INFO] [SCAN] 완료: 30개 종목 · 신호 0개 · API 호출 30회 · 캐시 히트 0회
2026-07-31 02:04:56,491 [INFO] [SCAN] 블랙리스트 4개 제외: ['IP/USDT:USDT', 'NES/USDT:USDT', 'WLD/USDT:USDT', 'XAG/USDT:USDT', 'XAU/USDT:USDT', 'XAUT/USDT:USDT']
2026-07-31 02:04:56,491 [INFO] [SCAN] 스캔 시작: 30개 페어 (캐시 31개 보유)
2026-07-31 02:05:09,747 [INFO] [SCAN] 완료: 30개 종목 · 신호 0개 · API 호출 30회 · 캐시 히트 0회
2026-07-31 02:05:23,110 [INFO] [상태] 잔고:$10.23 | 포지션:2개 | 스캔:168회 | 스캐너:ON
2026-07-31 02:05:26,989 [INFO] [SCAN] 블랙리스트 4개 제외: ['IP/USDT:USDT', 'NES/USDT:USDT', 'WLD/USDT:USDT', 'XAG/USDT:USDT', 'XAU/USDT:USDT', 'XAUT/USDT:USDT']
2026-07-31 02:05:26,989 [INFO] [SCAN] 스캔 시작: 30개 페어 (캐시 31개 보유)
2026-07-31 02:05:40,510 [INFO] [SCAN] 완료: 30개 종목 · 신호 0개 · API 호출 30회 · 캐시 히트 0회
2026-07-31 02:05:55,836 [INFO] [SCAN] 블랙리스트 4개 제외: ['IP/USDT:USDT', 'NES/USDT:USDT', 'WLD/USDT:USDT', 'XAG/USDT:USDT', 'XAU/USDT:USDT', 'XAUT/USDT:USDT']
2026-07-31 02:05:55,836 [INFO] [SCAN] 스캔 시작: 30개 페어 (캐시 31개 보유)
2026-07-31 02:06:09,163 [INFO] [SCAN] 완료: 30개 종목 · 신호 0개 · API 호출 30회 · 캐시 히트 0회
2026-07-31 02:06:23,591 [INFO] [상태] 잔고:$10.26 | 포지션:2개 | 스캔:170회 | 스캐너:ON
2026-07-31 02:06:24,541 [INFO] [SCAN] 블랙리스트 4개 제외: ['IP/USDT:USDT', 'NES/USDT:USDT', 'WLD/USDT:USDT', 'XAG/USDT:USDT', 'XAU/USDT:USDT', 'XAUT/USDT:USDT']
2026-07-31 02:06:24,541 [INFO] [SCAN] 스캔 시작: 30개 페어 (캐시 31개 보유)
2026-07-31 02:06:37,979 [INFO] [SCAN] 완료: 30개 종목 · 신호 0개 · API 호출 30회 · 캐시 히트 0회
2026-07-31 02:06:55,112 [INFO] [SCAN] 블랙리스트 4개 제외: ['IP/USDT:USDT', 'NES/USDT:USDT', 'WLD/USDT:USDT', 'XAG/USDT:USDT', 'XAU/USDT:USDT', 'XAUT/USDT:USDT']
2026-07-31 02:06:55,112 [INFO] [SCAN] 스캔 시작: 30개 페어 (캐시 31개 보유)
2026-07-31 02:07:08,025 [INFO] [SCAN] 완료: 30개 종목 · 신호 0개 · API 호출 30회 · 캐시 히트 0회
2026-07-31 02:07:23,269 [INFO] [SCAN] 블랙리스트 4개 제외: ['IP/USDT:USDT', 'NES/USDT:USDT', 'WLD/USDT:USDT', 'XAG/USDT:USDT', 'XAU/USDT:USDT', 'XAUT/USDT:USDT']
2026-07-31 02:07:23,270 [INFO] [SCAN] 스캔 시작: 30개 페어 (캐시 31개 보유)
2026-07-31 02:07:24,017 [INFO] [상태] 잔고:$10.27 | 포지션:2개 | 스캔:172회 | 스캐너:ON
2026-07-31 02:07:36,574 [INFO] [SCAN] 완료: 30개 종목 · 신호 0개 · API 호출 30회 · 캐시 히트 0회
2026-07-31 02:07:51,824 [INFO] [SCAN] 블랙리스트 4개 제외: ['IP/USDT:USDT', 'NES/USDT:USDT', 'WLD/USDT:USDT', 'XAG/USDT:USDT', 'XAU/USDT:USDT', 'XAUT/USDT:USDT']
2026-07-31 02:07:51,824 [INFO] [SCAN] 스캔 시작: 30개 페어 (캐시 31개 보유)
2026-07-31 02:08:04,951 [INFO] [SCAN] 완료: 30개 종목 · 신호 0개 · API 호출 30회 · 캐시 히트 0회
2026-07-31 02:08:21,858 [INFO] [SCAN] 블랙리스트 4개 제외: ['IP/USDT:USDT', 'NES/USDT:USDT', 'WLD/USDT:USDT', 'XAG/USDT:USDT', 'XAU/USDT:USDT', 'XAUT/USDT:USDT']
2026-07-31 02:08:21,858 [INFO] [SCAN] 스캔 시작: 30개 페어 (캐시 31개 보유)
2026-07-31 02:08:24,536 [INFO] [상태] 잔고:$10.26 | 포지션:2개 | 스캔:174회 | 스캐너:ON
2026-07-31 02:08:35,038 [INFO] [SCAN] 완료: 30개 종목 · 신호 0개 · API 호출 30회 · 캐시 히트 0회
2026-07-31 02:08:50,277 [INFO] [SCAN] 블랙리스트 4개 제외: ['IP/USDT:USDT', 'NES/USDT:USDT', 'WLD/USDT:USDT', 'XAG/USDT:USDT', 'XAU/USDT:USDT', 'XAUT/USDT:USDT']
2026-07-31 02:08:50,277 [INFO] [SCAN] 스캔 시작: 30개 페어 (캐시 31개 보유)
2026-07-31 02:09:03,247 [INFO] [SCAN] 완료: 30개 종목 · 신호 0개 · API 호출 30회 · 캐시 히트 0회
2026-07-31 02:09:18,480 [INFO] [SCAN] 블랙리스트 4개 제외: ['IP/USDT:USDT', 'NES/USDT:USDT', 'WLD/USDT:USDT', 'XAG/USDT:USDT', 'XAU/USDT:USDT', 'XAUT/USDT:USDT']
2026-07-31 02:09:18,481 [INFO] [SCAN] 스캔 시작: 30개 페어 (캐시 31개 보유)
2026-07-31 02:09:24,998 [INFO] [상태] 잔고:$10.27 | 포지션:2개 | 스캔:176회 | 스캐너:ON
2026-07-31 02:09:32,034 [INFO] [SCAN] 완료: 30개 종목 · 신호 0개 · API 호출 30회 · 캐시 히트 0회
2026-07-31 02:09:49,169 [INFO] [SCAN] 블랙리스트 4개 제외: ['IP/USDT:USDT', 'NES/USDT:USDT', 'WLD/USDT:USDT', 'XAG/USDT:USDT', 'XAU/USDT:USDT', 'XAUT/USDT:USDT']
2026-07-31 02:09:49,169 [INFO] [SCAN] 스캔 시작: 30개 페어 (캐시 31개 보유)
2026-07-31 02:10:02,088 [INFO] [SCAN] 완료: 30개 종목 · 신호 0개 · API 호출 30회 · 캐시 히트 0회
2026-07-31 02:10:17,323 [INFO] [SCAN] 블랙리스트 4개 제외: ['IP/USDT:USDT', 'NES/USDT:USDT', 'WLD/USDT:USDT', 'XAG/USDT:USDT', 'XAU/USDT:USDT', 'XAUT/USDT:USDT']
2026-07-31 02:10:17,323 [INFO] [SCAN] 스캔 시작: 30개 페어 (캐시 31개 보유)
2026-07-31 02:10:25,442 [INFO] [상태] 잔고:$10.27 | 포지션:2개 | 스캔:178회 | 스캐너:ON
2026-07-31 02:10:30,753 [INFO] [SCAN] 완료: 30개 종목 · 신호 0개 · API 호출 30회 · 캐시 히트 0회
2026-07-31 02:10:46,044 [INFO] [SCAN] 블랙리스트 4개 제외: ['IP/USDT:USDT', 'NES/USDT:USDT', 'WLD/USDT:USDT', 'XAG/USDT:USDT', 'XAU/USDT:USDT', 'XAUT/USDT:USDT']
2026-07-31 02:10:46,044 [INFO] [SCAN] 스캔 시작: 30개 페어 (캐시 31개 보유)
2026-07-31 02:10:59,115 [INFO] [SCAN] 완료: 30개 종목 · 신호 0개 · API 호출 30회 · 캐시 히트 0회
2026-07-31 02:11:16,018 [INFO] [SCAN] 블랙리스트 4개 제외: ['IP/USDT:USDT', 'NES/USDT:USDT', 'WLD/USDT:USDT', 'XAG/USDT:USDT', 'XAU/USDT:USDT', 'XAUT/USDT:USDT']
2026-07-31 02:11:16,018 [INFO] [SCAN] 스캔 시작: 30개 페어 (캐시 31개 보유)
2026-07-31 02:11:26,052 [INFO] [상태] 잔고:$10.27 | 포지션:2개 | 스캔:180회 | 스캐너:ON
2026-07-31 02:11:29,488 [INFO] [SCAN] 완료: 30개 종목 · 신호 0개 · API 호출 30회 · 캐시 히트 0회
2026-07-31 02:11:44,711 [INFO] [SCAN] 블랙리스트 4개 제외: ['IP/USDT:USDT', 'NES/USDT:USDT', 'WLD/USDT:USDT', 'XAG/USDT:USDT', 'XAU/USDT:USDT', 'XAUT/USDT:USDT']
2026-07-31 02:11:44,712 [INFO] [SCAN] 스캔 시작: 30개 페어 (캐시 31개 보유)
2026-07-31 02:11:58,047 [INFO] [SCAN] 완료: 30개 종목 · 신호 0개 · API 호출 30회 · 캐시 히트 0회
2026-07-31 02:12:13,338 [INFO] [SCAN] 블랙리스트 4개 제외: ['IP/USDT:USDT', 'NES/USDT:USDT', 'WLD/USDT:USDT', 'XAG/USDT:USDT', 'XAU/USDT:USDT', 'XAUT/USDT:USDT']
2026-07-31 02:12:13,338 [INFO] [SCAN] 스캔 시작: 30개 페어 (캐시 31개 보유)
2026-07-31 02:12:26,575 [INFO] [상태] 잔고:$10.26 | 포지션:2개 | 스캔:182회 | 스캐너:ON
2026-07-31 02:12:27,439 [INFO] [SCAN] 완료: 30개 종목 · 신호 0개 · API 호출 30회 · 캐시 히트 0회
2026-07-31 02:12:44,649 [INFO] [SCAN] 블랙리스트 4개 제외: ['IP/USDT:USDT', 'NES/USDT:USDT', 'WLD/USDT:USDT', 'XAG/USDT:USDT', 'XAU/USDT:USDT', 'XAUT/USDT:USDT']
2026-07-31 02:12:44,649 [INFO] [SCAN] 스캔 시작: 30개 페어 (캐시 31개 보유)
2026-07-31 02:12:57,785 [INFO] [SCAN] 완료: 30개 종목 · 신호 0개 · API 호출 30회 · 캐시 히트 0회
2026-07-31 02:13:13,064 [INFO] [SCAN] 블랙리스트 4개 제외: ['IP/USDT:USDT', 'NES/USDT:USDT', 'WLD/USDT:USDT', 'XAG/USDT:USDT', 'XAU/USDT:USDT', 'XAUT/USDT:USDT']
2026-07-31 02:13:13,064 [INFO] [SCAN] 스캔 시작: 30개 페어 (캐시 31개 보유)
2026-07-31 02:13:26,426 [INFO] [SCAN] 완료: 30개 종목 · 신호 0개 · API 호출 30회 · 캐시 히트 0회
2026-07-31 02:13:27,135 [INFO] [상태] 잔고:$10.29 | 포지션:2개 | 스캔:185회 | 스캐너:ON
2026-07-31 02:13:41,849 [INFO] [SCAN] 블랙리스트 4개 제외: ['IP/USDT:USDT', 'NES/USDT:USDT', 'WLD/USDT:USDT', 'XAG/USDT:USDT', 'XAU/USDT:USDT', 'XAUT/USDT:USDT']
2026-07-31 02:13:41,850 [INFO] [SCAN] 스캔 시작: 30개 페어 (캐시 31개 보유)
2026-07-31 02:13:55,581 [INFO] [SCAN] 완료: 30개 종목 · 신호 0개 · API 호출 30회 · 캐시 히트 0회
2026-07-31 02:14:12,687 [INFO] [SCAN] 블랙리스트 4개 제외: ['IP/USDT:USDT', 'NES/USDT:USDT', 'WLD/USDT:USDT', 'XAG/USDT:USDT', 'XAU/USDT:USDT', 'XAUT/USDT:USDT']
2026-07-31 02:14:12,688 [INFO] [SCAN] 스캔 시작: 30개 페어 (캐시 31개 보유)
2026-07-31 02:14:25,832 [INFO] [SCAN] 완료: 30개 종목 · 신호 0개 · API 호출 30회 · 캐시 히트 0회
2026-07-31 02:14:27,579 [INFO] [상태] 잔고:$10.31 | 포지션:2개 | 스캔:187회 | 스캐너:ON
2026-07-31 02:14:41,217 [INFO] [SCAN] 블랙리스트 4개 제외: ['IP/USDT:USDT', 'NES/USDT:USDT', 'WLD/USDT:USDT', 'XAG/USDT:USDT', 'XAU/USDT:USDT', 'XAUT/USDT:USDT']
2026-07-31 02:14:41,217 [INFO] [SCAN] 스캔 시작: 30개 페어 (캐시 31개 보유)
2026-07-31 02:14:53,971 [INFO] [SCAN] 완료: 29개 종목 · 신호 0개 · API 호출 29회 · 캐시 히트 0회
2026-07-31 02:15:09,217 [INFO] [SCAN] 블랙리스트 4개 제외: ['IP/USDT:USDT', 'NES/USDT:USDT', 'WLD/USDT:USDT', 'XAG/USDT:USDT', 'XAU/USDT:USDT', 'XAUT/USDT:USDT']
2026-07-31 02:15:09,218 [INFO] [SCAN] 스캔 시작: 30개 페어 (캐시 31개 보유)
2026-07-31 02:15:22,251 [INFO] [SCAN] 완료: 30개 종목 · 신호 0개 · API 호출 30회 · 캐시 히트 0회
2026-07-31 02:15:28,218 [INFO] [상태] 잔고:$10.29 | 포지션:2개 | 스캔:189회 | 스캐너:ON
2026-07-31 02:15:39,218 [INFO] [SCAN] 블랙리스트 4개 제외: ['IP/USDT:USDT', 'NES/USDT:USDT', 'WLD/USDT:USDT', 'XAG/USDT:USDT', 'XAU/USDT:USDT', 'XAUT/USDT:USDT']
2026-07-31 02:15:39,218 [INFO] [SCAN] 스캔 시작: 30개 페어 (캐시 31개 보유)
2026-07-31 02:15:52,387 [INFO] [SCAN] 완료: 30개 종목 · 신호 0개 · API 호출 30회 · 캐시 히트 0회
2026-07-31 02:16:07,626 [INFO] [SCAN] 블랙리스트 4개 제외: ['IP/USDT:USDT', 'NES/USDT:USDT', 'WLD/USDT:USDT', 'XAG/USDT:USDT', 'XAU/USDT:USDT', 'XAUT/USDT:USDT']
2026-07-31 02:16:07,626 [INFO] [SCAN] 스캔 시작: 30개 페어 (캐시 31개 보유)
2026-07-31 02:16:21,203 [INFO] [SCAN] 완료: 30개 종목 · 신호 0개 · API 호출 30회 · 캐시 히트 0회
2026-07-31 02:16:28,869 [INFO] [상태] 잔고:$10.27 | 포지션:2개 | 스캔:191회 | 스캐너:ON
2026-07-31 02:16:36,603 [INFO] [SCAN] 블랙리스트 4개 제외: ['IP/USDT:USDT', 'NES/USDT:USDT', 'WLD/USDT:USDT', 'XAG/USDT:USDT', 'XAU/USDT:USDT', 'XAUT/USDT:USDT']
2026-07-31 02:16:36,603 [INFO] [SCAN] 스캔 시작: 30개 페어 (캐시 31개 보유)
2026-07-31 02:16:50,295 [INFO] [SCAN] 완료: 30개 종목 · 신호 0개 · API 호출 30회 · 캐시 히트 0회
2026-07-31 02:17:07,333 [INFO] [SCAN] 블랙리스트 4개 제외: ['IP/USDT:USDT', 'NES/USDT:USDT', 'WLD/USDT:USDT', 'XAG/USDT:USDT', 'XAU/USDT:USDT', 'XAUT/USDT:USDT']
2026-07-31 02:17:07,333 [INFO] [SCAN] 스캔 시작: 30개 페어 (캐시 31개 보유)
2026-07-31 02:17:20,646 [INFO] [SCAN] 완료: 30개 종목 · 신호 0개 · API 호출 30회 · 캐시 히트 0회
2026-07-31 02:17:29,318 [INFO] [상태] 잔고:$10.26 | 포지션:2개 | 스캔:193회 | 스캐너:ON
2026-07-31 02:17:36,031 [INFO] [SCAN] 블랙리스트 4개 제외: ['IP/USDT:USDT', 'NES/USDT:USDT', 'WLD/USDT:USDT', 'XAG/USDT:USDT', 'XAU/USDT:USDT', 'XAUT/USDT:USDT']
2026-07-31 02:17:36,032 [INFO] [SCAN] 스캔 시작: 30개 페어 (캐시 31개 보유)
2026-07-31 02:17:49,124 [INFO] [SCAN] 완료: 30개 종목 · 신호 0개 · API 호출 30회 · 캐시 히트 0회
2026-07-31 02:18:04,348 [INFO] [SCAN] 블랙리스트 4개 제외: ['IP/USDT:USDT', 'NES/USDT:USDT', 'WLD/USDT:USDT', 'XAG/USDT:USDT', 'XAU/USDT:USDT', 'XAUT/USDT:USDT']
2026-07-31 02:18:04,348 [INFO] [SCAN] 스캔 시작: 30개 페어 (캐시 31개 보유)
2026-07-31 02:18:17,474 [INFO] [SCAN] 완료: 30개 종목 · 신호 0개 · API 호출 30회 · 캐시 히트 0회
2026-07-31 02:18:29,912 [INFO] [상태] 잔고:$10.27 | 포지션:2개 | 스캔:195회 | 스캐너:ON
2026-07-31 02:18:34,425 [INFO] [SCAN] 블랙리스트 4개 제외: ['IP/USDT:USDT', 'NES/USDT:USDT', 'WLD/USDT:USDT', 'XAG/USDT:USDT', 'XAU/USDT:USDT', 'XAUT/USDT:USDT']
2026-07-31 02:18:34,426 [INFO] [SCAN] 스캔 시작: 30개 페어 (캐시 31개 보유)
2026-07-31 02:18:47,519 [INFO] [SCAN] 완료: 30개 종목 · 신호 0개 · API 호출 30회 · 캐시 히트 0회
2026-07-31 02:19:02,783 [INFO] [SCAN] 블랙리스트 4개 제외: ['IP/USDT:USDT', 'NES/USDT:USDT', 'WLD/USDT:USDT', 'XAG/USDT:USDT', 'XAU/USDT:USDT', 'XAUT/USDT:USDT']
2026-07-31 02:19:02,783 [INFO] [SCAN] 스캔 시작: 30개 페어 (캐시 31개 보유)
2026-07-31 02:19:15,906 [INFO] [SCAN] 완료: 30개 종목 · 신호 0개 · API 호출 30회 · 캐시 히트 0회
2026-07-31 02:19:30,352 [INFO] [상태] 잔고:$10.28 | 포지션:2개 | 스캔:197회 | 스캐너:ON
2026-07-31 02:19:31,271 [INFO] [SCAN] 블랙리스트 4개 제외: ['IP/USDT:USDT', 'NES/USDT:USDT', 'WLD/USDT:USDT', 'XAG/USDT:USDT', 'XAU/USDT:USDT', 'XAUT/USDT:USDT']
2026-07-31 02:19:31,271 [INFO] [SCAN] 스캔 시작: 30개 페어 (캐시 31개 보유)
2026-07-31 02:19:44,369 [INFO] [SCAN] 완료: 30개 종목 · 신호 0개 · API 호출 30회 · 캐시 히트 0회
2026-07-31 02:20:01,473 [INFO] [SCAN] 블랙리스트 4개 제외: ['IP/USDT:USDT', 'NES/USDT:USDT', 'WLD/USDT:USDT', 'XAG/USDT:USDT', 'XAU/USDT:USDT', 'XAUT/USDT:USDT']
2026-07-31 02:20:01,474 [INFO] [SCAN] 스캔 시작: 30개 페어 (캐시 31개 보유)
2026-07-31 02:20:15,526 [INFO] [SCAN] 완료: 30개 종목 · 신호 0개 · API 호출 30회 · 캐시 히트 0회
2026-07-31 02:20:30,908 [INFO] [SCAN] 블랙리스트 4개 제외: ['IP/USDT:USDT', 'NES/USDT:USDT', 'WLD/USDT:USDT', 'XAG/USDT:USDT', 'XAU/USDT:USDT', 'XAUT/USDT:USDT']
2026-07-31 02:20:30,909 [INFO] [SCAN] 스캔 시작: 30개 페어 (캐시 31개 보유)
2026-07-31 02:20:31,006 [INFO] [상태] 잔고:$10.26 | 포지션:2개 | 스캔:199회 | 스캐너:ON
2026-07-31 02:20:44,724 [INFO] [SCAN] 완료: 30개 종목 · 신호 0개 · API 호출 30회 · 캐시 히트 0회
2026-07-31 02:21:02,083 [INFO] [SCAN] 블랙리스트 4개 제외: ['IP/USDT:USDT', 'NES/USDT:USDT', 'WLD/USDT:USDT', 'XAG/USDT:USDT', 'XAU/USDT:USDT', 'XAUT/USDT:USDT']
2026-07-31 02:21:02,084 [INFO] [SCAN] 스캔 시작: 30개 페어 (캐시 31개 보유)
2026-07-31 02:21:16,078 [INFO] [SCAN] 완료: 30개 종목 · 신호 0개 · API 호출 30회 · 캐시 히트 0회
2026-07-31 02:21:31,499 [INFO] [SCAN] 블랙리스트 4개 제외: ['IP/USDT:USDT', 'NES/USDT:USDT', 'WLD/USDT:USDT', 'XAG/USDT:USDT', 'XAU/USDT:USDT', 'XAUT/USDT:USDT']
2026-07-31 02:21:31,499 [INFO] [SCAN] 스캔 시작: 30개 페어 (캐시 31개 보유)
2026-07-31 02:21:31,556 [INFO] [상태] 잔고:$10.27 | 포지션:2개 | 스캔:201회 | 스캐너:ON
2026-07-31 02:21:44,702 [INFO] [SCAN] 완료: 30개 종목 · 신호 0개 · API 호출 30회 · 캐시 히트 0회
2026-07-31 02:21:59,983 [INFO] [SCAN] 블랙리스트 4개 제외: ['IP/USDT:USDT', 'NES/USDT:USDT', 'WLD/USDT:USDT', 'XAG/USDT:USDT', 'XAU/USDT:USDT', 'XAUT/USDT:USDT']
2026-07-31 02:21:59,983 [INFO] [SCAN] 스캔 시작: 30개 페어 (캐시 31개 보유)
2026-07-31 02:22:13,323 [INFO] [SCAN] 완료: 30개 종목 · 신호 0개 · API 호출 30회 · 캐시 히트 0회
2026-07-31 02:22:30,481 [INFO] [SCAN] 블랙리스트 4개 제외: ['IP/USDT:USDT', 'NES/USDT:USDT', 'WLD/USDT:USDT', 'XAG/USDT:USDT', 'XAU/USDT:USDT', 'XAUT/USDT:USDT']
2026-07-31 02:22:30,481 [INFO] [SCAN] 스캔 시작: 30개 페어 (캐시 31개 보유)
2026-07-31 02:22:32,062 [INFO] [상태] 잔고:$10.27 | 포지션:2개 | 스캔:203회 | 스캐너:ON
2026-07-31 02:22:44,560 [INFO] [SCAN] 완료: 30개 종목 · 신호 0개 · API 호출 30회 · 캐시 히트 0회
2026-07-31 02:22:59,787 [INFO] [SCAN] 블랙리스트 4개 제외: ['IP/USDT:USDT', 'NES/USDT:USDT', 'WLD/USDT:USDT', 'XAG/USDT:USDT', 'XAU/USDT:USDT', 'XAUT/USDT:USDT']
2026-07-31 02:22:59,787 [INFO] [SCAN] 스캔 시작: 30개 페어 (캐시 31개 보유)
2026-07-31 02:23:13,401 [INFO] [SCAN] 완료: 30개 종목 · 신호 0개 · API 호출 30회 · 캐시 히트 0회
2026-07-31 02:23:30,719 [INFO] [SCAN] 블랙리스트 4개 제외: ['IP/USDT:USDT', 'NES/USDT:USDT', 'WLD/USDT:USDT', 'XAG/USDT:USDT', 'XAU/USDT:USDT', 'XAUT/USDT:USDT']
2026-07-31 02:23:30,720 [INFO] [SCAN] 스캔 시작: 30개 페어 (캐시 31개 보유)
2026-07-31 02:23:32,621 [INFO] [상태] 잔고:$10.25 | 포지션:2개 | 스캔:205회 | 스캐너:ON
2026-07-31 02:23:44,422 [INFO] [SCAN] 완료: 30개 종목 · 신호 0개 · API 호출 30회 · 캐시 히트 0회
2026-07-31 02:23:59,657 [INFO] [SCAN] 블랙리스트 4개 제외: ['IP/USDT:USDT', 'NES/USDT:USDT', 'WLD/USDT:USDT', 'XAG/USDT:USDT', 'XAU/USDT:USDT', 'XAUT/USDT:USDT']
2026-07-31 02:23:59,657 [INFO] [SCAN] 스캔 시작: 30개 페어 (캐시 31개 보유)
2026-07-31 02:24:12,836 [INFO] [SCAN] 완료: 30개 종목 · 신호 0개 · API 호출 30회 · 캐시 히트 0회
2026-07-31 02:24:28,093 [INFO] [SCAN] 블랙리스트 4개 제외: ['IP/USDT:USDT', 'NES/USDT:USDT', 'WLD/USDT:USDT', 'XAG/USDT:USDT', 'XAU/USDT:USDT', 'XAUT/USDT:USDT']
2026-07-31 02:24:28,093 [INFO] [SCAN] 스캔 시작: 30개 페어 (캐시 31개 보유)
2026-07-31 02:24:33,064 [INFO] [상태] 잔고:$10.26 | 포지션:2개 | 스캔:207회 | 스캐너:ON
2026-07-31 02:24:41,555 [INFO] [SCAN] 완료: 30개 종목 · 신호 0개 · API 호출 30회 · 캐시 히트 0회
2026-07-31 02:24:58,455 [INFO] [SCAN] 블랙리스트 4개 제외: ['IP/USDT:USDT', 'NES/USDT:USDT', 'WLD/USDT:USDT', 'XAG/USDT:USDT', 'XAU/USDT:USDT', 'XAUT/USDT:USDT']
2026-07-31 02:24:58,455 [INFO] [SCAN] 스캔 시작: 30개 페어 (캐시 31개 보유)
2026-07-31 02:25:11,698 [INFO] [SCAN] 완료: 30개 종목 · 신호 0개 · API 호출 30회 · 캐시 히트 0회
2026-07-31 02:25:26,954 [INFO] [SCAN] 블랙리스트 4개 제외: ['IP/USDT:USDT', 'NES/USDT:USDT', 'WLD/USDT:USDT', 'XAG/USDT:USDT', 'XAU/USDT:USDT', 'XAUT/USDT:USDT']
2026-07-31 02:25:26,955 [INFO] [SCAN] 스캔 시작: 30개 페어 (캐시 31개 보유)
2026-07-31 02:25:33,599 [INFO] [상태] 잔고:$10.25 | 포지션:2개 | 스캔:209회 | 스캐너:ON
2026-07-31 02:25:40,823 [INFO] [SCAN] 완료: 30개 종목 · 신호 0개 · API 호출 30회 · 캐시 히트 0회
2026-07-31 02:25:56,070 [INFO] [SCAN] 블랙리스트 4개 제외: ['IP/USDT:USDT', 'NES/USDT:USDT', 'WLD/USDT:USDT', 'XAG/USDT:USDT', 'XAU/USDT:USDT', 'XAUT/USDT:USDT']
2026-07-31 02:25:56,070 [INFO] [SCAN] 스캔 시작: 30개 페어 (캐시 31개 보유)
2026-07-31 02:26:09,235 [INFO] [SCAN] 완료: 30개 종목 · 신호 0개 · API 호출 30회 · 캐시 히트 0회
2026-07-31 02:26:26,342 [INFO] [SCAN] 블랙리스트 4개 제외: ['IP/USDT:USDT', 'NES/USDT:USDT', 'WLD/USDT:USDT', 'XAG/USDT:USDT', 'XAU/USDT:USDT', 'XAUT/USDT:USDT']
2026-07-31 02:26:26,343 [INFO] [SCAN] 스캔 시작: 30개 페어 (캐시 31개 보유)
2026-07-31 02:26:34,167 [INFO] [상태] 잔고:$10.25 | 포지션:2개 | 스캔:211회 | 스캐너:ON
2026-07-31 02:26:39,672 [INFO] [SCAN] 완료: 30개 종목 · 신호 0개 · API 호출 30회 · 캐시 히트 0회
2026-07-31 02:26:54,912 [INFO] [SCAN] 블랙리스트 4개 제외: ['IP/USDT:USDT', 'NES/USDT:USDT', 'WLD/USDT:USDT', 'XAG/USDT:USDT', 'XAU/USDT:USDT', 'XAUT/USDT:USDT']
2026-07-31 02:26:54,912 [INFO] [SCAN] 스캔 시작: 30개 페어 (캐시 31개 보유)
2026-07-31 02:27:08,731 [INFO] [SCAN] 완료: 30개 종목 · 신호 0개 · API 호출 30회 · 캐시 히트 0회
2026-07-31 02:27:24,009 [INFO] [SCAN] 블랙리스트 4개 제외: ['IP/USDT:USDT', 'NES/USDT:USDT', 'WLD/USDT:USDT', 'XAG/USDT:USDT', 'XAU/USDT:USDT', 'XAUT/USDT:USDT']
2026-07-31 02:27:24,009 [INFO] [SCAN] 스캔 시작: 30개 페어 (캐시 31개 보유)
2026-07-31 02:27:34,616 [INFO] [상태] 잔고:$10.25 | 포지션:2개 | 스캔:213회 | 스캐너:ON
2026-07-31 02:27:37,292 [INFO] [SCAN] 완료: 30개 종목 · 신호 0개 · API 호출 30회 · 캐시 히트 0회
2026-07-31 02:27:54,244 [INFO] [SCAN] 블랙리스트 4개 제외: ['IP/USDT:USDT', 'NES/USDT:USDT', 'WLD/USDT:USDT', 'XAG/USDT:USDT', 'XAU/USDT:USDT', 'XAUT/USDT:USDT']
2026-07-31 02:27:54,244 [INFO] [SCAN] 스캔 시작: 30개 페어 (캐시 31개 보유)
2026-07-31 02:28:07,299 [INFO] [SCAN] 완료: 30개 종목 · 신호 0개 · API 호출 30회 · 캐시 히트 0회
2026-07-31 02:28:22,567 [INFO] [SCAN] 블랙리스트 4개 제외: ['IP/USDT:USDT', 'NES/USDT:USDT', 'WLD/USDT:USDT', 'XAG/USDT:USDT', 'XAU/USDT:USDT', 'XAUT/USDT:USDT']
2026-07-31 02:28:22,567 [INFO] [SCAN] 스캔 시작: 30개 페어 (캐시 31개 보유)
2026-07-31 02:28:35,168 [INFO] [상태] 잔고:$10.27 | 포지션:2개 | 스캔:215회 | 스캐너:ON
2026-07-31 02:28:36,196 [INFO] [SCAN] 완료: 30개 종목 · 신호 0개 · API 호출 30회 · 캐시 히트 0회
2026-07-31 02:28:51,433 [INFO] [SCAN] 블랙리스트 4개 제외: ['IP/USDT:USDT', 'NES/USDT:USDT', 'WLD/USDT:USDT', 'XAG/USDT:USDT', 'XAU/USDT:USDT', 'XAUT/USDT:USDT']
2026-07-31 02:28:51,433 [INFO] [SCAN] 스캔 시작: 30개 페어 (캐시 31개 보유)
2026-07-31 02:29:04,763 [INFO] [SCAN] 완료: 30개 종목 · 신호 0개 · API 호출 30회 · 캐시 히트 0회
2026-07-31 02:29:21,893 [INFO] [SCAN] 블랙리스트 4개 제외: ['IP/USDT:USDT', 'NES/USDT:USDT', 'WLD/USDT:USDT', 'XAG/USDT:USDT', 'XAU/USDT:USDT', 'XAUT/USDT:USDT']
2026-07-31 02:29:21,893 [INFO] [SCAN] 스캔 시작: 30개 페어 (캐시 31개 보유)
2026-07-31 02:29:35,262 [INFO] [SCAN] 완료: 30개 종목 · 신호 0개 · API 호출 30회 · 캐시 히트 0회
2026-07-31 02:29:35,659 [INFO] [상태] 잔고:$10.26 | 포지션:2개 | 스캔:218회 | 스캐너:ON
2026-07-31 02:29:50,646 [INFO] [SCAN] 블랙리스트 4개 제외: ['IP/USDT:USDT', 'NES/USDT:USDT', 'WLD/USDT:USDT', 'XAG/USDT:USDT', 'XAU/USDT:USDT', 'XAUT/USDT:USDT']
2026-07-31 02:29:50,646 [INFO] [SCAN] 스캔 시작: 30개 페어 (캐시 31개 보유)
2026-07-31 02:30:04,175 [INFO] [SCAN] 완료: 30개 종목 · 신호 0개 · API 호출 30회 · 캐시 히트 0회
2026-07-31 02:30:19,603 [INFO] [SCAN] 블랙리스트 4개 제외: ['IP/USDT:USDT', 'NES/USDT:USDT', 'WLD/USDT:USDT', 'XAG/USDT:USDT', 'XAU/USDT:USDT', 'XAUT/USDT:USDT']
2026-07-31 02:30:19,604 [INFO] [SCAN] 스캔 시작: 30개 페어 (캐시 31개 보유)
2026-07-31 02:30:33,099 [INFO] [SCAN] 완료: 30개 종목 · 신호 0개 · API 호출 30회 · 캐시 히트 0회
2026-07-31 02:30:36,171 [INFO] [상태] 잔고:$10.26 | 포지션:2개 | 스캔:220회 | 스캐너:ON
2026-07-31 02:30:50,338 [INFO] [SCAN] 블랙리스트 4개 제외: ['IP/USDT:USDT', 'NES/USDT:USDT', 'WLD/USDT:USDT', 'XAG/USDT:USDT', 'XAU/USDT:USDT', 'XAUT/USDT:USDT']
2026-07-31 02:30:50,338 [INFO] [SCAN] 스캔 시작: 30개 페어 (캐시 31개 보유)
2026-07-31 02:31:04,011 [INFO] [SCAN] 완료: 30개 종목 · 신호 0개 · API 호출 30회 · 캐시 히트 0회
2026-07-31 02:31:19,252 [INFO] [SCAN] 블랙리스트 4개 제외: ['IP/USDT:USDT', 'NES/USDT:USDT', 'WLD/USDT:USDT', 'XAG/USDT:USDT', 'XAU/USDT:USDT', 'XAUT/USDT:USDT']
2026-07-31 02:31:19,252 [INFO] [SCAN] 스캔 시작: 30개 페어 (캐시 31개 보유)
2026-07-31 02:31:32,721 [INFO] [SCAN] 완료: 30개 종목 · 신호 0개 · API 호출 30회 · 캐시 히트 0회
2026-07-31 02:31:36,878 [INFO] [상태] 잔고:$10.26 | 포지션:2개 | 스캔:222회 | 스캐너:ON
2026-07-31 02:31:48,101 [INFO] [SCAN] 블랙리스트 4개 제외: ['IP/USDT:USDT', 'NES/USDT:USDT', 'WLD/USDT:USDT', 'XAG/USDT:USDT', 'XAU/USDT:USDT', 'XAUT/USDT:USDT']
2026-07-31 02:31:48,101 [INFO] [SCAN] 스캔 시작: 30개 페어 (캐시 31개 보유)
2026-07-31 02:32:01,676 [INFO] [SCAN] 완료: 30개 종목 · 신호 0개 · API 호출 30회 · 캐시 히트 0회
2026-07-31 02:32:18,662 [INFO] [SCAN] 블랙리스트 4개 제외: ['IP/USDT:USDT', 'NES/USDT:USDT', 'WLD/USDT:USDT', 'XAG/USDT:USDT', 'XAU/USDT:USDT', 'XAUT/USDT:USDT']
2026-07-31 02:32:18,662 [INFO] [SCAN] 스캔 시작: 30개 페어 (캐시 31개 보유)
2026-07-31 02:32:31,745 [INFO] [SCAN] 완료: 30개 종목 · 신호 0개 · API 호출 30회 · 캐시 히트 0회
2026-07-31 02:32:37,526 [INFO] [상태] 잔고:$10.27 | 포지션:2개 | 스캔:224회 | 스캐너:ON
2026-07-31 02:32:47,131 [INFO] [SCAN] 블랙리스트 4개 제외: ['IP/USDT:USDT', 'NES/USDT:USDT', 'WLD/USDT:USDT', 'XAG/USDT:USDT', 'XAU/USDT:USDT', 'XAUT/USDT:USDT']
2026-07-31 02:32:47,131 [INFO] [SCAN] 스캔 시작: 30개 페어 (캐시 31개 보유)
2026-07-31 02:33:00,277 [INFO] [SCAN] 완료: 30개 종목 · 신호 0개 · API 호출 30회 · 캐시 히트 0회
2026-07-31 02:33:15,637 [INFO] [SCAN] 블랙리스트 4개 제외: ['IP/USDT:USDT', 'NES/USDT:USDT', 'WLD/USDT:USDT', 'XAG/USDT:USDT', 'XAU/USDT:USDT', 'XAUT/USDT:USDT']
2026-07-31 02:33:15,637 [INFO] [SCAN] 스캔 시작: 30개 페어 (캐시 31개 보유)
2026-07-31 02:33:29,411 [INFO] [SCAN] 완료: 30개 종목 · 신호 0개 · API 호출 30회 · 캐시 히트 0회
2026-07-31 02:33:38,043 [INFO] [상태] 잔고:$10.29 | 포지션:2개 | 스캔:226회 | 스캐너:ON
2026-07-31 02:33:46,696 [INFO] [SCAN] 블랙리스트 4개 제외: ['IP/USDT:USDT', 'NES/USDT:USDT', 'WLD/USDT:USDT', 'XAG/USDT:USDT', 'XAU/USDT:USDT', 'XAUT/USDT:USDT']
2026-07-31 02:33:46,696 [INFO] [SCAN] 스캔 시작: 30개 페어 (캐시 31개 보유)
2026-07-31 02:34:00,240 [INFO] [SCAN] 완료: 30개 종목 · 신호 0개 · API 호출 30회 · 캐시 히트 0회
2026-07-31 02:34:15,491 [INFO] [SCAN] 블랙리스트 4개 제외: ['IP/USDT:USDT', 'NES/USDT:USDT', 'WLD/USDT:USDT', 'XAG/USDT:USDT', 'XAU/USDT:USDT', 'XAUT/USDT:USDT']
2026-07-31 02:34:15,491 [INFO] [SCAN] 스캔 시작: 30개 페어 (캐시 31개 보유)
2026-07-31 02:34:28,647 [INFO] [SCAN] 완료: 30개 종목 · 신호 0개 · API 호출 30회 · 캐시 히트 0회
2026-07-31 02:34:38,708 [INFO] [상태] 잔고:$10.29 | 포지션:2개 | 스캔:228회 | 스캐너:ON
2026-07-31 02:34:44,026 [INFO] [SCAN] 블랙리스트 4개 제외: ['IP/USDT:USDT', 'NES/USDT:USDT', 'WLD/USDT:USDT', 'XAG/USDT:USDT', 'XAU/USDT:USDT', 'XAUT/USDT:USDT']
2026-07-31 02:34:44,026 [INFO] [SCAN] 스캔 시작: 30개 페어 (캐시 31개 보유)
2026-07-31 02:34:57,116 [INFO] [SCAN] 완료: 30개 종목 · 신호 0개 · API 호출 30회 · 캐시 히트 0회
2026-07-31 02:35:14,261 [INFO] [SCAN] 블랙리스트 4개 제외: ['IP/USDT:USDT', 'NES/USDT:USDT', 'WLD/USDT:USDT', 'XAG/USDT:USDT', 'XAU/USDT:USDT', 'XAUT/USDT:USDT']
2026-07-31 02:35:14,262 [INFO] [SCAN] 스캔 시작: 30개 페어 (캐시 31개 보유)
2026-07-31 02:35:27,343 [INFO] [SCAN] 완료: 30개 종목 · 신호 0개 · API 호출 30회 · 캐시 히트 0회
2026-07-31 02:35:39,245 [INFO] [상태] 잔고:$10.28 | 포지션:2개 | 스캔:230회 | 스캐너:ON
2026-07-31 02:35:42,728 [INFO] [SCAN] 블랙리스트 4개 제외: ['IP/USDT:USDT', 'NES/USDT:USDT', 'WLD/USDT:USDT', 'XAG/USDT:USDT', 'XAU/USDT:USDT', 'XAUT/USDT:USDT']
2026-07-31 02:35:42,729 [INFO] [SCAN] 스캔 시작: 30개 페어 (캐시 31개 보유)
2026-07-31 02:35:55,855 [INFO] [SCAN] 완료: 30개 종목 · 신호 0개 · API 호출 30회 · 캐시 히트 0회
2026-07-31 02:36:11,108 [INFO] [SCAN] 블랙리스트 4개 제외: ['IP/USDT:USDT', 'NES/USDT:USDT', 'WLD/USDT:USDT', 'XAG/USDT:USDT', 'XAU/USDT:USDT', 'XAUT/USDT:USDT']
2026-07-31 02:36:11,108 [INFO] [SCAN] 스캔 시작: 30개 페어 (캐시 31개 보유)
2026-07-31 02:36:24,135 [INFO] [SCAN] 완료: 30개 종목 · 신호 0개 · API 호출 30회 · 캐시 히트 0회
2026-07-31 02:36:39,755 [INFO] [상태] 잔고:$10.28 | 포지션:2개 | 스캔:232회 | 스캐너:ON
2026-07-31 02:36:41,347 [INFO] [SCAN] 블랙리스트 4개 제외: ['IP/USDT:USDT', 'NES/USDT:USDT', 'WLD/USDT:USDT', 'XAG/USDT:USDT', 'XAU/USDT:USDT', 'XAUT/USDT:USDT']
2026-07-31 02:36:41,348 [INFO] [SCAN] 스캔 시작: 30개 페어 (캐시 31개 보유)
2026-07-31 02:36:54,641 [INFO] [SCAN] 완료: 30개 종목 · 신호 0개 · API 호출 30회 · 캐시 히트 0회
2026-07-31 02:37:09,900 [INFO] [SCAN] 블랙리스트 4개 제외: ['IP/USDT:USDT', 'NES/USDT:USDT', 'WLD/USDT:USDT', 'XAG/USDT:USDT', 'XAU/USDT:USDT', 'XAUT/USDT:USDT']
2026-07-31 02:37:09,900 [INFO] [SCAN] 스캔 시작: 30개 페어 (캐시 31개 보유)
2026-07-31 02:37:23,225 [INFO] [SCAN] 완료: 30개 종목 · 신호 0개 · API 호출 30회 · 캐시 히트 0회
2026-07-31 02:37:38,474 [INFO] [SCAN] 블랙리스트 4개 제외: ['IP/USDT:USDT', 'NES/USDT:USDT', 'WLD/USDT:USDT', 'XAG/USDT:USDT', 'XAU/USDT:USDT', 'XAUT/USDT:USDT']
2026-07-31 02:37:38,474 [INFO] [SCAN] 스캔 시작: 30개 페어 (캐시 31개 보유)
2026-07-31 02:37:40,328 [INFO] [상태] 잔고:$10.26 | 포지션:2개 | 스캔:234회 | 스캐너:ON
2026-07-31 02:37:51,928 [INFO] [SCAN] 완료: 30개 종목 · 신호 0개 · API 호출 30회 · 캐시 히트 0회
2026-07-31 02:38:08,867 [INFO] [SCAN] 블랙리스트 4개 제외: ['IP/USDT:USDT', 'NES/USDT:USDT', 'WLD/USDT:USDT', 'XAG/USDT:USDT', 'XAU/USDT:USDT', 'XAUT/USDT:USDT']
2026-07-31 02:38:08,867 [INFO] [SCAN] 스캔 시작: 30개 페어 (캐시 31개 보유)
2026-07-31 02:38:22,098 [INFO] [SCAN] 완료: 30개 종목 · 신호 0개 · API 호출 30회 · 캐시 히트 0회
2026-07-31 02:38:37,370 [INFO] [SCAN] 블랙리스트 4개 제외: ['IP/USDT:USDT', 'NES/USDT:USDT', 'WLD/USDT:USDT', 'XAG/USDT:USDT', 'XAU/USDT:USDT', 'XAUT/USDT:USDT']
2026-07-31 02:38:37,370 [INFO] [SCAN] 스캔 시작: 30개 페어 (캐시 31개 보유)
2026-07-31 02:38:40,772 [INFO] [상태] 잔고:$10.27 | 포지션:2개 | 스캔:236회 | 스캐너:ON
2026-07-31 02:38:51,231 [INFO] [SCAN] 완료: 30개 종목 · 신호 0개 · API 호출 30회 · 캐시 히트 0회
2026-07-31 02:39:06,480 [INFO] [SCAN] 블랙리스트 4개 제외: ['IP/USDT:USDT', 'NES/USDT:USDT', 'WLD/USDT:USDT', 'XAG/USDT:USDT', 'XAU/USDT:USDT', 'XAUT/USDT:USDT']
2026-07-31 02:39:06,480 [INFO] [SCAN] 스캔 시작: 30개 페어 (캐시 31개 보유)
2026-07-31 02:39:20,289 [INFO] [SCAN] 완료: 30개 종목 · 신호 0개 · API 호출 30회 · 캐시 히트 0회
2026-07-31 02:39:37,348 [INFO] [SCAN] 블랙리스트 4개 제외: ['IP/USDT:USDT', 'NES/USDT:USDT', 'WLD/USDT:USDT', 'XAG/USDT:USDT', 'XAU/USDT:USDT', 'XAUT/USDT:USDT']
2026-07-31 02:39:37,348 [INFO] [SCAN] 스캔 시작: 30개 페어 (캐시 31개 보유)
2026-07-31 02:39:41,259 [INFO] [상태] 잔고:$10.27 | 포지션:2개 | 스캔:238회 | 스캐너:ON
2026-07-31 02:39:51,489 [INFO] [SCAN] 완료: 30개 종목 · 신호 0개 · API 호출 30회 · 캐시 히트 0회
2026-07-31 02:40:06,737 [INFO] [SCAN] 블랙리스트 4개 제외: ['IP/USDT:USDT', 'NES/USDT:USDT', 'WLD/USDT:USDT', 'XAG/USDT:USDT', 'XAU/USDT:USDT', 'XAUT/USDT:USDT']
2026-07-31 02:40:06,737 [INFO] [SCAN] 스캔 시작: 30개 페어 (캐시 31개 보유)
2026-07-31 02:40:20,383 [INFO] [SCAN] 완료: 30개 종목 · 신호 0개 · API 호출 30회 · 캐시 히트 0회
2026-07-31 02:40:37,445 [INFO] [SCAN] 블랙리스트 4개 제외: ['IP/USDT:USDT', 'NES/USDT:USDT', 'WLD/USDT:USDT', 'XAG/USDT:USDT', 'XAU/USDT:USDT', 'XAUT/USDT:USDT']
2026-07-31 02:40:37,446 [INFO] [SCAN] 스캔 시작: 30개 페어 (캐시 31개 보유)
2026-07-31 02:40:41,761 [INFO] [상태] 잔고:$10.23 | 포지션:2개 | 스캔:240회 | 스캐너:ON
2026-07-31 02:40:51,081 [INFO] [SCAN] 완료: 30개 종목 · 신호 0개 · API 호출 30회 · 캐시 히트 0회
2026-07-31 02:41:06,326 [INFO] [SCAN] 블랙리스트 4개 제외: ['IP/USDT:USDT', 'NES/USDT:USDT', 'WLD/USDT:USDT', 'XAG/USDT:USDT', 'XAU/USDT:USDT', 'XAUT/USDT:USDT']
2026-07-31 02:41:06,326 [INFO] [SCAN] 스캔 시작: 30개 페어 (캐시 31개 보유)
2026-07-31 02:41:20,133 [INFO] [SCAN] 완료: 30개 종목 · 신호 0개 · API 호출 30회 · 캐시 히트 0회
2026-07-31 02:41:35,387 [INFO] [SCAN] 블랙리스트 4개 제외: ['IP/USDT:USDT', 'NES/USDT:USDT', 'WLD/USDT:USDT', 'XAG/USDT:USDT', 'XAU/USDT:USDT', 'XAUT/USDT:USDT']
2026-07-31 02:41:35,387 [INFO] [SCAN] 스캔 시작: 30개 페어 (캐시 31개 보유)
2026-07-31 02:41:42,213 [INFO] [상태] 잔고:$10.23 | 포지션:2개 | 스캔:242회 | 스캐너:ON
2026-07-31 02:41:48,805 [INFO] [SCAN] 완료: 30개 종목 · 신호 0개 · API 호출 30회 · 캐시 히트 0회
2026-07-31 02:42:05,748 [INFO] [SCAN] 블랙리스트 4개 제외: ['IP/USDT:USDT', 'NES/USDT:USDT', 'WLD/USDT:USDT', 'XAG/USDT:USDT', 'XAU/USDT:USDT', 'XAUT/USDT:USDT']
2026-07-31 02:42:05,749 [INFO] [SCAN] 스캔 시작: 30개 페어 (캐시 31개 보유)
2026-07-31 02:42:19,477 [INFO] [SCAN] 완료: 30개 종목 · 신호 0개 · API 호출 30회 · 캐시 히트 0회
2026-07-31 02:42:34,749 [INFO] [SCAN] 블랙리스트 4개 제외: ['IP/USDT:USDT', 'NES/USDT:USDT', 'WLD/USDT:USDT', 'XAG/USDT:USDT', 'XAU/USDT:USDT', 'XAUT/USDT:USDT']
2026-07-31 02:42:34,750 [INFO] [SCAN] 스캔 시작: 30개 페어 (캐시 31개 보유)
2026-07-31 02:42:42,735 [INFO] [상태] 잔고:$10.20 | 포지션:2개 | 스캔:244회 | 스캐너:ON
2026-07-31 02:42:48,403 [INFO] [SCAN] 완료: 30개 종목 · 신호 0개 · API 호출 30회 · 캐시 히트 0회
2026-07-31 02:43:03,650 [INFO] [SCAN] 블랙리스트 4개 제외: ['IP/USDT:USDT', 'NES/USDT:USDT', 'WLD/USDT:USDT', 'XAG/USDT:USDT', 'XAU/USDT:USDT', 'XAUT/USDT:USDT']
2026-07-31 02:43:03,650 [INFO] [SCAN] 스캔 시작: 30개 페어 (캐시 31개 보유)
2026-07-31 02:43:16,794 [INFO] [SCAN] 완료: 30개 종목 · 신호 0개 · API 호출 30회 · 캐시 히트 0회
2026-07-31 02:43:33,877 [INFO] [SCAN] 블랙리스트 4개 제외: ['IP/USDT:USDT', 'NES/USDT:USDT', 'WLD/USDT:USDT', 'XAG/USDT:USDT', 'XAU/USDT:USDT', 'XAUT/USDT:USDT']
2026-07-31 02:43:33,877 [INFO] [SCAN] 스캔 시작: 30개 페어 (캐시 31개 보유)
2026-07-31 02:43:43,179 [INFO] [상태] 잔고:$10.21 | 포지션:2개 | 스캔:246회 | 스캐너:ON
2026-07-31 02:43:47,754 [INFO] [SCAN] 완료: 30개 종목 · 신호 0개 · API 호출 30회 · 캐시 히트 0회
2026-07-31 02:44:02,988 [INFO] [SCAN] 블랙리스트 4개 제외: ['IP/USDT:USDT', 'NES/USDT:USDT', 'WLD/USDT:USDT', 'XAG/USDT:USDT', 'XAU/USDT:USDT', 'XAUT/USDT:USDT']
2026-07-31 02:44:02,988 [INFO] [SCAN] 스캔 시작: 30개 페어 (캐시 31개 보유)
2026-07-31 02:44:16,362 [INFO] [SCAN] 완료: 30개 종목 · 신호 0개 · API 호출 30회 · 캐시 히트 0회
2026-07-31 02:44:31,640 [INFO] [SCAN] 블랙리스트 4개 제외: ['IP/USDT:USDT', 'NES/USDT:USDT', 'WLD/USDT:USDT', 'XAG/USDT:USDT', 'XAU/USDT:USDT', 'XAUT/USDT:USDT']
2026-07-31 02:44:31,642 [INFO] [SCAN] 스캔 시작: 30개 페어 (캐시 31개 보유)
2026-07-31 02:44:43,672 [INFO] [상태] 잔고:$10.23 | 포지션:2개 | 스캔:248회 | 스캐너:ON
2026-07-31 02:44:45,333 [INFO] [SCAN] 완료: 30개 종목 · 신호 0개 · API 호출 30회 · 캐시 히트 0회
2026-07-31 02:45:02,502 [INFO] [SCAN] 블랙리스트 4개 제외: ['IP/USDT:USDT', 'NES/USDT:USDT', 'WLD/USDT:USDT', 'XAG/USDT:USDT', 'XAU/USDT:USDT', 'XAUT/USDT:USDT']
2026-07-31 02:45:02,502 [INFO] [SCAN] 스캔 시작: 30개 페어 (캐시 31개 보유)
2026-07-31 02:45:15,831 [INFO] [SCAN] 완료: 30개 종목 · 신호 0개 · API 호출 30회 · 캐시 히트 0회
2026-07-31 02:45:31,078 [INFO] [SCAN] 블랙리스트 4개 제외: ['IP/USDT:USDT', 'NES/USDT:USDT', 'WLD/USDT:USDT', 'XAG/USDT:USDT', 'XAU/USDT:USDT', 'XAUT/USDT:USDT']
2026-07-31 02:45:31,078 [INFO] [SCAN] 스캔 시작: 30개 페어 (캐시 31개 보유)
2026-07-31 02:45:44,331 [INFO] [상태] 잔고:$10.20 | 포지션:2개 | 스캔:250회 | 스캐너:ON
2026-07-31 02:45:45,096 [INFO] [SCAN] 완료: 30개 종목 · 신호 0개 · API 호출 30회 · 캐시 히트 0회
2026-07-31 02:46:00,384 [INFO] [SCAN] 블랙리스트 4개 제외: ['IP/USDT:USDT', 'NES/USDT:USDT', 'WLD/USDT:USDT', 'XAG/USDT:USDT', 'XAU/USDT:USDT', 'XAUT/USDT:USDT']
2026-07-31 02:46:00,384 [INFO] [SCAN] 스캔 시작: 30개 페어 (캐시 31개 보유)
2026-07-31 02:46:13,606 [INFO] [SCAN] 완료: 30개 종목 · 신호 0개 · API 호출 30회 · 캐시 히트 0회
2026-07-31 02:46:30,578 [INFO] [SCAN] 블랙리스트 4개 제외: ['IP/USDT:USDT', 'NES/USDT:USDT', 'WLD/USDT:USDT', 'XAG/USDT:USDT', 'XAU/USDT:USDT', 'XAUT/USDT:USDT']
2026-07-31 02:46:30,579 [INFO] [SCAN] 스캔 시작: 30개 페어 (캐시 31개 보유)
2026-07-31 02:46:43,770 [INFO] [SCAN] 완료: 30개 종목 · 신호 0개 · API 호출 30회 · 캐시 히트 0회
2026-07-31 02:46:44,786 [INFO] [상태] 잔고:$10.20 | 포지션:2개 | 스캔:253회 | 스캐너:ON
2026-07-31 02:46:59,159 [INFO] [SCAN] 블랙리스트 4개 제외: ['IP/USDT:USDT', 'NES/USDT:USDT', 'WLD/USDT:USDT', 'XAG/USDT:USDT', 'XAU/USDT:USDT', 'XAUT/USDT:USDT']
2026-07-31 02:46:59,160 [INFO] [SCAN] 스캔 시작: 30개 페어 (캐시 31개 보유)
2026-07-31 02:47:12,195 [INFO] [SCAN] 완료: 30개 종목 · 신호 0개 · API 호출 30회 · 캐시 히트 0회
2026-07-31 02:47:27,445 [INFO] [SCAN] 블랙리스트 4개 제외: ['IP/USDT:USDT', 'NES/USDT:USDT', 'WLD/USDT:USDT', 'XAG/USDT:USDT', 'XAU/USDT:USDT', 'XAUT/USDT:USDT']
2026-07-31 02:47:27,445 [INFO] [SCAN] 스캔 시작: 30개 페어 (캐시 31개 보유)
2026-07-31 02:47:40,482 [INFO] [SCAN] 완료: 30개 종목 · 신호 0개 · API 호출 30회 · 캐시 히트 0회
2026-07-31 02:47:45,274 [INFO] [상태] 잔고:$10.21 | 포지션:2개 | 스캔:255회 | 스캐너:ON
2026-07-31 02:47:57,483 [INFO] [SCAN] 블랙리스트 4개 제외: ['IP/USDT:USDT', 'NES/USDT:USDT', 'WLD/USDT:USDT', 'XAG/USDT:USDT', 'XAU/USDT:USDT', 'XAUT/USDT:USDT']
2026-07-31 02:47:57,483 [INFO] [SCAN] 스캔 시작: 30개 페어 (캐시 31개 보유)
2026-07-31 02:48:10,604 [INFO] [SCAN] 완료: 30개 종목 · 신호 0개 · API 호출 30회 · 캐시 히트 0회
2026-07-31 02:48:25,899 [INFO] [SCAN] 블랙리스트 4개 제외: ['IP/USDT:USDT', 'NES/USDT:USDT', 'WLD/USDT:USDT', 'XAG/USDT:USDT', 'XAU/USDT:USDT', 'XAUT/USDT:USDT']
2026-07-31 02:48:25,899 [INFO] [SCAN] 스캔 시작: 30개 페어 (캐시 31개 보유)
2026-07-31 02:48:39,068 [INFO] [SCAN] 완료: 30개 종목 · 신호 0개 · API 호출 30회 · 캐시 히트 0회
2026-07-31 02:48:45,808 [INFO] [상태] 잔고:$10.21 | 포지션:2개 | 스캔:257회 | 스캐너:ON
2026-07-31 02:48:54,455 [INFO] [SCAN] 블랙리스트 4개 제외: ['IP/USDT:USDT', 'NES/USDT:USDT', 'WLD/USDT:USDT', 'XAG/USDT:USDT', 'XAU/USDT:USDT', 'XAUT/USDT:USDT']
2026-07-31 02:48:54,456 [INFO] [SCAN] 스캔 시작: 30개 페어 (캐시 31개 보유)
2026-07-31 02:49:07,860 [INFO] [SCAN] 완료: 30개 종목 · 신호 0개 · API 호출 30회 · 캐시 히트 0회
2026-07-31 02:49:24,987 [INFO] [SCAN] 블랙리스트 4개 제외: ['IP/USDT:USDT', 'NES/USDT:USDT', 'WLD/USDT:USDT', 'XAG/USDT:USDT', 'XAU/USDT:USDT', 'XAUT/USDT:USDT']
2026-07-31 02:49:24,987 [INFO] [SCAN] 스캔 시작: 30개 페어 (캐시 31개 보유)
2026-07-31 02:49:38,211 [INFO] [SCAN] 완료: 30개 종목 · 신호 0개 · API 호출 30회 · 캐시 히트 0회
2026-07-31 02:49:46,243 [INFO] [상태] 잔고:$10.16 | 포지션:2개 | 스캔:259회 | 스캐너:ON
2026-07-31 02:49:53,605 [INFO] [SCAN] 블랙리스트 4개 제외: ['IP/USDT:USDT', 'NES/USDT:USDT', 'WLD/USDT:USDT', 'XAG/USDT:USDT', 'XAU/USDT:USDT', 'XAUT/USDT:USDT']
2026-07-31 02:49:53,605 [INFO] [SCAN] 스캔 시작: 30개 페어 (캐시 31개 보유)
2026-07-31 02:50:06,814 [INFO] [SCAN] 완료: 30개 종목 · 신호 0개 · API 호출 30회 · 캐시 히트 0회
2026-07-31 02:50:22,050 [INFO] [SCAN] 블랙리스트 4개 제외: ['IP/USDT:USDT', 'NES/USDT:USDT', 'WLD/USDT:USDT', 'XAG/USDT:USDT', 'XAU/USDT:USDT', 'XAUT/USDT:USDT']
2026-07-31 02:50:22,051 [INFO] [SCAN] 스캔 시작: 30개 페어 (캐시 31개 보유)
2026-07-31 02:50:35,087 [INFO] [SCAN] 완료: 30개 종목 · 신호 0개 · API 호출 30회 · 캐시 히트 0회
2026-07-31 02:50:46,746 [INFO] [상태] 잔고:$10.15 | 포지션:2개 | 스캔:261회 | 스캐너:ON
2026-07-31 02:50:52,223 [INFO] [SCAN] 블랙리스트 4개 제외: ['IP/USDT:USDT', 'NES/USDT:USDT', 'WLD/USDT:USDT', 'XAG/USDT:USDT', 'XAU/USDT:USDT', 'XAUT/USDT:USDT']
2026-07-31 02:50:52,223 [INFO] [SCAN] 스캔 시작: 30개 페어 (캐시 31개 보유)
2026-07-31 02:51:05,327 [INFO] [SCAN] 완료: 30개 종목 · 신호 0개 · API 호출 30회 · 캐시 히트 0회
2026-07-31 02:51:20,634 [INFO] [SCAN] 블랙리스트 4개 제외: ['IP/USDT:USDT', 'NES/USDT:USDT', 'WLD/USDT:USDT', 'XAG/USDT:USDT', 'XAU/USDT:USDT', 'XAUT/USDT:USDT']
2026-07-31 02:51:20,635 [INFO] [SCAN] 스캔 시작: 30개 페어 (캐시 31개 보유)
2026-07-31 02:51:34,270 [INFO] [SCAN] 완료: 30개 종목 · 신호 0개 · API 호출 30회 · 캐시 히트 0회
2026-07-31 02:51:47,231 [INFO] [상태] 잔고:$10.15 | 포지션:2개 | 스캔:263회 | 스캐너:ON
2026-07-31 02:51:49,653 [INFO] [SCAN] 블랙리스트 4개 제외: ['IP/USDT:USDT', 'NES/USDT:USDT', 'WLD/USDT:USDT', 'XAG/USDT:USDT', 'XAU/USDT:USDT', 'XAUT/USDT:USDT']
2026-07-31 02:51:49,653 [INFO] [SCAN] 스캔 시작: 30개 페어 (캐시 31개 보유)
2026-07-31 02:52:03,098 [INFO] [SCAN] 완료: 30개 종목 · 신호 0개 · API 호출 30회 · 캐시 히트 0회
2026-07-31 02:52:20,214 [INFO] [SCAN] 블랙리스트 4개 제외: ['IP/USDT:USDT', 'NES/USDT:USDT', 'WLD/USDT:USDT', 'XAG/USDT:USDT', 'XAU/USDT:USDT', 'XAUT/USDT:USDT']
2026-07-31 02:52:20,214 [INFO] [SCAN] 스캔 시작: 30개 페어 (캐시 31개 보유)
2026-07-31 02:52:33,497 [INFO] [SCAN] 완료: 30개 종목 · 신호 0개 · API 호출 30회 · 캐시 히트 0회
2026-07-31 02:52:47,780 [INFO] [상태] 잔고:$10.18 | 포지션:2개 | 스캔:265회 | 스캐너:ON
2026-07-31 02:52:48,914 [INFO] [SCAN] 블랙리스트 4개 제외: ['IP/USDT:USDT', 'NES/USDT:USDT', 'WLD/USDT:USDT', 'XAG/USDT:USDT', 'XAU/USDT:USDT', 'XAUT/USDT:USDT']
2026-07-31 02:52:48,915 [INFO] [SCAN] 스캔 시작: 30개 페어 (캐시 31개 보유)
2026-07-31 02:53:02,082 [INFO] [SCAN] 완료: 30개 종목 · 신호 0개 · API 호출 30회 · 캐시 히트 0회
2026-07-31 02:53:17,512 [INFO] [SCAN] 블랙리스트 4개 제외: ['IP/USDT:USDT', 'NES/USDT:USDT', 'WLD/USDT:USDT', 'XAG/USDT:USDT', 'XAU/USDT:USDT', 'XAUT/USDT:USDT']
2026-07-31 02:53:17,512 [INFO] [SCAN] 스캔 시작: 30개 페어 (캐시 31개 보유)
2026-07-31 02:53:31,411 [INFO] [SCAN] 완료: 30개 종목 · 신호 0개 · API 호출 30회 · 캐시 히트 0회
2026-07-31 02:53:48,307 [INFO] [상태] 잔고:$10.18 | 포지션:2개 | 스캔:267회 | 스캐너:ON
2026-07-31 02:53:48,619 [INFO] [SCAN] 블랙리스트 4개 제외: ['IP/USDT:USDT', 'NES/USDT:USDT', 'WLD/USDT:USDT', 'XAG/USDT:USDT', 'XAU/USDT:USDT', 'XAUT/USDT:USDT']
2026-07-31 02:53:48,620 [INFO] [SCAN] 스캔 시작: 30개 페어 (캐시 31개 보유)
2026-07-31 02:54:01,847 [INFO] [SCAN] 완료: 30개 종목 · 신호 0개 · API 호출 30회 · 캐시 히트 0회
2026-07-31 02:54:17,082 [INFO] [SCAN] 블랙리스트 4개 제외: ['IP/USDT:USDT', 'NES/USDT:USDT', 'WLD/USDT:USDT', 'XAG/USDT:USDT', 'XAU/USDT:USDT', 'XAUT/USDT:USDT']
2026-07-31 02:54:17,082 [INFO] [SCAN] 스캔 시작: 30개 페어 (캐시 31개 보유)
2026-07-31 02:54:30,076 [INFO] [SCAN] 완료: 30개 종목 · 신호 0개 · API 호출 30회 · 캐시 히트 0회
2026-07-31 02:54:45,315 [INFO] [SCAN] 블랙리스트 4개 제외: ['IP/USDT:USDT', 'NES/USDT:USDT', 'WLD/USDT:USDT', 'XAG/USDT:USDT', 'XAU/USDT:USDT', 'XAUT/USDT:USDT']
2026-07-31 02:54:45,315 [INFO] [SCAN] 스캔 시작: 30개 페어 (캐시 31개 보유)
2026-07-31 02:54:48,839 [INFO] [상태] 잔고:$10.18 | 포지션:2개 | 스캔:269회 | 스캐너:ON
2026-07-31 02:54:58,788 [INFO] [SCAN] 완료: 30개 종목 · 신호 0개 · API 호출 30회 · 캐시 히트 0회
2026-07-31 02:55:15,875 [INFO] [SCAN] 블랙리스트 4개 제외: ['IP/USDT:USDT', 'NES/USDT:USDT', 'WLD/USDT:USDT', 'XAG/USDT:USDT', 'XAU/USDT:USDT', 'XAUT/USDT:USDT']
2026-07-31 02:55:15,875 [INFO] [SCAN] 스캔 시작: 30개 페어 (캐시 31개 보유)
2026-07-31 02:55:29,674 [INFO] [SCAN] 완료: 30개 종목 · 신호 0개 · API 호출 30회 · 캐시 히트 0회
2026-07-31 02:55:44,948 [INFO] [SCAN] 블랙리스트 4개 제외: ['IP/USDT:USDT', 'NES/USDT:USDT', 'WLD/USDT:USDT', 'XAG/USDT:USDT', 'XAU/USDT:USDT', 'XAUT/USDT:USDT']
2026-07-31 02:55:44,948 [INFO] [SCAN] 스캔 시작: 30개 페어 (캐시 31개 보유)
2026-07-31 02:55:49,384 [INFO] [상태] 잔고:$10.20 | 포지션:2개 | 스캔:271회 | 스캐너:ON
2026-07-31 02:55:58,180 [INFO] [SCAN] 완료: 30개 종목 · 신호 0개 · API 호출 30회 · 캐시 히트 0회
2026-07-31 02:56:13,452 [INFO] [SCAN] 블랙리스트 4개 제외: ['IP/USDT:USDT', 'NES/USDT:USDT', 'WLD/USDT:USDT', 'XAG/USDT:USDT', 'XAU/USDT:USDT', 'XAUT/USDT:USDT']
2026-07-31 02:56:13,452 [INFO] [SCAN] 스캔 시작: 30개 페어 (캐시 31개 보유)
2026-07-31 02:56:27,029 [INFO] [SCAN] 완료: 30개 종목 · 신호 0개 · API 호출 30회 · 캐시 히트 0회
2026-07-31 02:56:44,168 [INFO] [SCAN] 블랙리스트 4개 제외: ['IP/USDT:USDT', 'NES/USDT:USDT', 'WLD/USDT:USDT', 'XAG/USDT:USDT', 'XAU/USDT:USDT', 'XAUT/USDT:USDT']
2026-07-31 02:56:44,168 [INFO] [SCAN] 스캔 시작: 30개 페어 (캐시 31개 보유)
2026-07-31 02:56:49,890 [INFO] [상태] 잔고:$10.19 | 포지션:2개 | 스캔:273회 | 스캐너:ON
2026-07-31 02:56:58,222 [INFO] [SCAN] 완료: 30개 종목 · 신호 0개 · API 호출 30회 · 캐시 히트 0회
2026-07-31 02:57:13,477 [INFO] [SCAN] 블랙리스트 4개 제외: ['IP/USDT:USDT', 'NES/USDT:USDT', 'WLD/USDT:USDT', 'XAG/USDT:USDT', 'XAU/USDT:USDT', 'XAUT/USDT:USDT']
2026-07-31 02:57:13,477 [INFO] [SCAN] 스캔 시작: 30개 페어 (캐시 31개 보유)
2026-07-31 02:57:26,988 [INFO] [SCAN] 완료: 30개 종목 · 신호 0개 · API 호출 30회 · 캐시 히트 0회
2026-07-31 02:57:42,345 [INFO] [SCAN] 블랙리스트 4개 제외: ['IP/USDT:USDT', 'NES/USDT:USDT', 'WLD/USDT:USDT', 'XAG/USDT:USDT', 'XAU/USDT:USDT', 'XAUT/USDT:USDT']
2026-07-31 02:57:42,345 [INFO] [SCAN] 스캔 시작: 30개 페어 (캐시 31개 보유)
2026-07-31 02:57:50,438 [INFO] [상태] 잔고:$10.18 | 포지션:2개 | 스캔:275회 | 스캐너:ON
2026-07-31 02:57:55,979 [INFO] [SCAN] 완료: 30개 종목 · 신호 0개 · API 호출 30회 · 캐시 히트 0회
2026-07-31 02:58:13,219 [INFO] [SCAN] 블랙리스트 4개 제외: ['IP/USDT:USDT', 'NES/USDT:USDT', 'WLD/USDT:USDT', 'XAG/USDT:USDT', 'XAU/USDT:USDT', 'XAUT/USDT:USDT']
2026-07-31 02:58:13,220 [INFO] [SCAN] 스캔 시작: 30개 페어 (캐시 31개 보유)
2026-07-31 02:58:26,168 [INFO] [SCAN] 완료: 30개 종목 · 신호 0개 · API 호출 30회 · 캐시 히트 0회
2026-07-31 02:58:41,418 [INFO] [SCAN] 블랙리스트 4개 제외: ['IP/USDT:USDT', 'NES/USDT:USDT', 'WLD/USDT:USDT', 'XAG/USDT:USDT', 'XAU/USDT:USDT', 'XAUT/USDT:USDT']
2026-07-31 02:58:41,418 [INFO] [SCAN] 스캔 시작: 30개 페어 (캐시 31개 보유)
2026-07-31 02:58:50,940 [INFO] [상태] 잔고:$10.20 | 포지션:2개 | 스캔:277회 | 스캐너:ON
2026-07-31 02:58:55,421 [INFO] [SCAN] 완료: 30개 종목 · 신호 0개 · API 호출 30회 · 캐시 히트 0회
2026-07-31 02:59:10,659 [INFO] [SCAN] 블랙리스트 4개 제외: ['IP/USDT:USDT', 'NES/USDT:USDT', 'WLD/USDT:USDT', 'XAG/USDT:USDT', 'XAU/USDT:USDT', 'XAUT/USDT:USDT']
2026-07-31 02:59:10,660 [INFO] [SCAN] 스캔 시작: 30개 페어 (캐시 31개 보유)
2026-07-31 02:59:23,684 [INFO] [SCAN] 완료: 30개 종목 · 신호 0개 · API 호출 30회 · 캐시 히트 0회
2026-07-31 02:59:40,665 [INFO] [SCAN] 블랙리스트 4개 제외: ['IP/USDT:USDT', 'NES/USDT:USDT', 'WLD/USDT:USDT', 'XAG/USDT:USDT', 'XAU/USDT:USDT', 'XAUT/USDT:USDT']
2026-07-31 02:59:40,665 [INFO] [SCAN] 스캔 시작: 30개 페어 (캐시 31개 보유)
2026-07-31 02:59:51,427 [INFO] [상태] 잔고:$10.20 | 포지션:2개 | 스캔:279회 | 스캐너:ON
2026-07-31 02:59:53,977 [INFO] [SCAN] 완료: 30개 종목 · 신호 0개 · API 호출 30회 · 캐시 히트 0회
2026-07-31 03:00:09,253 [INFO] [SCAN] 블랙리스트 4개 제외: ['IP/USDT:USDT', 'NES/USDT:USDT', 'WLD/USDT:USDT', 'XAG/USDT:USDT', 'XAU/USDT:USDT', 'XAUT/USDT:USDT']
2026-07-31 03:00:09,253 [INFO] [SCAN] 스캔 시작: 30개 페어 (캐시 31개 보유)
2026-07-31 03:00:22,635 [INFO] [SCAN] 완료: 30개 종목 · 신호 0개 · API 호출 30회 · 캐시 히트 0회
2026-07-31 03:00:37,905 [INFO] [SCAN] 블랙리스트 4개 제외: ['IP/USDT:USDT', 'NES/USDT:USDT', 'WLD/USDT:USDT', 'XAG/USDT:USDT', 'XAU/USDT:USDT', 'XAUT/USDT:USDT']
2026-07-31 03:00:37,905 [INFO] [SCAN] 스캔 시작: 30개 페어 (캐시 31개 보유)
2026-07-31 03:00:51,427 [INFO] [SCAN] 완료: 30개 종목 · 신호 0개 · API 호출 30회 · 캐시 히트 0회
2026-07-31 03:00:52,200 [INFO] [상태] 잔고:$10.19 | 포지션:2개 | 스캔:282회 | 스캐너:ON
2026-07-31 03:01:09,091 [INFO] [SCAN] 블랙리스트 4개 제외: ['IP/USDT:USDT', 'NES/USDT:USDT', 'WLD/USDT:USDT', 'XAG/USDT:USDT', 'XAU/USDT:USDT', 'XAUT/USDT:USDT']
2026-07-31 03:01:09,092 [INFO] [SCAN] 스캔 시작: 30개 페어 (캐시 31개 보유)
2026-07-31 03:01:22,476 [INFO] [SCAN] 완료: 30개 종목 · 신호 0개 · API 호출 30회 · 캐시 히트 0회
2026-07-31 03:01:37,723 [INFO] [SCAN] 블랙리스트 4개 제외: ['IP/USDT:USDT', 'NES/USDT:USDT', 'WLD/USDT:USDT', 'XAG/USDT:USDT', 'XAU/USDT:USDT', 'XAUT/USDT:USDT']
2026-07-31 03:01:37,724 [INFO] [SCAN] 스캔 시작: 30개 페어 (캐시 31개 보유)
2026-07-31 03:01:50,791 [INFO] [SCAN] 완료: 30개 종목 · 신호 0개 · API 호출 30회 · 캐시 히트 0회
2026-07-31 03:01:52,736 [INFO] [상태] 잔고:$10.18 | 포지션:2개 | 스캔:284회 | 스캐너:ON
2026-07-31 03:02:06,164 [INFO] [SCAN] 블랙리스트 4개 제외: ['IP/USDT:USDT', 'NES/USDT:USDT', 'WLD/USDT:USDT', 'XAG/USDT:USDT', 'XAU/USDT:USDT', 'XAUT/USDT:USDT']
2026-07-31 03:02:06,164 [INFO] [SCAN] 스캔 시작: 30개 페어 (캐시 31개 보유)
2026-07-31 03:02:19,234 [INFO] [SCAN] 완료: 30개 종목 · 신호 0개 · API 호출 30회 · 캐시 히트 0회
2026-07-31 03:02:36,230 [INFO] [SCAN] 블랙리스트 4개 제외: ['IP/USDT:USDT', 'NES/USDT:USDT', 'WLD/USDT:USDT', 'XAG/USDT:USDT', 'XAU/USDT:USDT', 'XAUT/USDT:USDT']
2026-07-31 03:02:36,231 [INFO] [SCAN] 스캔 시작: 30개 페어 (캐시 31개 보유)
2026-07-31 03:02:49,190 [INFO] [SCAN] 완료: 30개 종목 · 신호 0개 · API 호출 30회 · 캐시 히트 0회
2026-07-31 03:02:53,199 [INFO] [상태] 잔고:$10.19 | 포지션:2개 | 스캔:286회 | 스캐너:ON
2026-07-31 03:03:04,563 [INFO] [SCAN] 블랙리스트 4개 제외: ['IP/USDT:USDT', 'NES/USDT:USDT', 'WLD/USDT:USDT', 'XAG/USDT:USDT', 'XAU/USDT:USDT', 'XAUT/USDT:USDT']
2026-07-31 03:03:04,563 [INFO] [SCAN] 스캔 시작: 30개 페어 (캐시 31개 보유)
2026-07-31 03:03:17,633 [INFO] [SCAN] 완료: 30개 종목 · 신호 0개 · API 호출 30회 · 캐시 히트 0회
2026-07-31 03:03:32,903 [INFO] [SCAN] 블랙리스트 4개 제외: ['IP/USDT:USDT', 'NES/USDT:USDT', 'WLD/USDT:USDT', 'XAG/USDT:USDT', 'XAU/USDT:USDT', 'XAUT/USDT:USDT']
2026-07-31 03:03:32,903 [INFO] [SCAN] 스캔 시작: 30개 페어 (캐시 31개 보유)
2026-07-31 03:03:46,437 [INFO] [SCAN] 완료: 30개 종목 · 신호 0개 · API 호출 30회 · 캐시 히트 0회
2026-07-31 03:03:53,836 [INFO] [상태] 잔고:$10.19 | 포지션:2개 | 스캔:288회 | 스캐너:ON
2026-07-31 03:04:03,757 [INFO] [SCAN] 블랙리스트 4개 제외: ['IP/USDT:USDT', 'NES/USDT:USDT', 'WLD/USDT:USDT', 'XAG/USDT:USDT', 'XAU/USDT:USDT', 'XAUT/USDT:USDT']
2026-07-31 03:04:03,757 [INFO] [SCAN] 스캔 시작: 30개 페어 (캐시 31개 보유)
2026-07-31 03:04:17,419 [INFO] [SCAN] 완료: 30개 종목 · 신호 0개 · API 호출 30회 · 캐시 히트 0회
2026-07-31 03:04:32,663 [INFO] [SCAN] 블랙리스트 4개 제외: ['IP/USDT:USDT', 'NES/USDT:USDT', 'WLD/USDT:USDT', 'XAG/USDT:USDT', 'XAU/USDT:USDT', 'XAUT/USDT:USDT']
2026-07-31 03:04:32,663 [INFO] [SCAN] 스캔 시작: 30개 페어 (캐시 31개 보유)
2026-07-31 03:04:46,131 [INFO] [SCAN] 완료: 30개 종목 · 신호 0개 · API 호출 30회 · 캐시 히트 0회
2026-07-31 03:04:54,426 [INFO] [상태] 잔고:$10.16 | 포지션:2개 | 스캔:290회 | 스캐너:ON
2026-07-31 03:05:01,509 [INFO] [SCAN] 블랙리스트 4개 제외: ['IP/USDT:USDT', 'NES/USDT:USDT', 'WLD/USDT:USDT', 'XAG/USDT:USDT', 'XAU/USDT:USDT', 'XAUT/USDT:USDT']
2026-07-31 03:05:01,510 [INFO] [SCAN] 스캔 시작: 30개 페어 (캐시 31개 보유)
2026-07-31 03:05:14,745 [INFO] [SCAN] 완료: 30개 종목 · 신호 0개 · API 호출 30회 · 캐시 히트 0회
2026-07-31 03:05:31,781 [INFO] [SCAN] 블랙리스트 4개 제외: ['IP/USDT:USDT', 'NES/USDT:USDT', 'WLD/USDT:USDT', 'XAG/USDT:USDT', 'XAU/USDT:USDT', 'XAUT/USDT:USDT']
2026-07-31 03:05:31,781 [INFO] [SCAN] 스캔 시작: 30개 페어 (캐시 31개 보유)
2026-07-31 03:05:45,041 [INFO] [SCAN] 완료: 30개 종목 · 신호 0개 · API 호출 30회 · 캐시 히트 0회
2026-07-31 03:05:54,873 [INFO] [상태] 잔고:$10.15 | 포지션:2개 | 스캔:292회 | 스캐너:ON
2026-07-31 03:06:00,427 [INFO] [SCAN] 블랙리스트 4개 제외: ['IP/USDT:USDT', 'NES/USDT:USDT', 'WLD/USDT:USDT', 'XAG/USDT:USDT', 'XAU/USDT:USDT', 'XAUT/USDT:USDT']
2026-07-31 03:06:00,427 [INFO] [SCAN] 스캔 시작: 30개 페어 (캐시 31개 보유)
2026-07-31 03:06:13,494 [INFO] [SCAN] 완료: 30개 종목 · 신호 0개 · API 호출 30회 · 캐시 히트 0회
2026-07-31 03:06:28,736 [INFO] [SCAN] 블랙리스트 4개 제외: ['IP/USDT:USDT', 'NES/USDT:USDT', 'WLD/USDT:USDT', 'XAG/USDT:USDT', 'XAU/USDT:USDT', 'XAUT/USDT:USDT']
2026-07-31 03:06:28,737 [INFO] [SCAN] 스캔 시작: 30개 페어 (캐시 31개 보유)
2026-07-31 03:06:41,777 [INFO] [SCAN] 완료: 30개 종목 · 신호 0개 · API 호출 30회 · 캐시 히트 0회
2026-07-31 03:06:55,474 [INFO] [상태] 잔고:$10.14 | 포지션:2개 | 스캔:294회 | 스캐너:ON
2026-07-31 03:06:58,836 [INFO] [SCAN] 블랙리스트 4개 제외: ['IP/USDT:USDT', 'NES/USDT:USDT', 'WLD/USDT:USDT', 'XAG/USDT:USDT', 'XAU/USDT:USDT', 'XAUT/USDT:USDT']
2026-07-31 03:06:58,836 [INFO] [SCAN] 스캔 시작: 30개 페어 (캐시 31개 보유)
2026-07-31 03:07:11,745 [INFO] [SCAN] 완료: 30개 종목 · 신호 0개 · API 호출 30회 · 캐시 히트 0회
2026-07-31 03:07:27,056 [INFO] [SCAN] 블랙리스트 4개 제외: ['IP/USDT:USDT', 'NES/USDT:USDT', 'WLD/USDT:USDT', 'XAG/USDT:USDT', 'XAU/USDT:USDT', 'XAUT/USDT:USDT']
2026-07-31 03:07:27,056 [INFO] [SCAN] 스캔 시작: 30개 페어 (캐시 31개 보유)
2026-07-31 03:07:40,402 [INFO] [SCAN] 완료: 30개 종목 · 신호 0개 · API 호출 30회 · 캐시 히트 0회
2026-07-31 03:07:55,674 [INFO] [SCAN] 블랙리스트 4개 제외: ['IP/USDT:USDT', 'NES/USDT:USDT', 'WLD/USDT:USDT', 'XAG/USDT:USDT', 'XAU/USDT:USDT', 'XAUT/USDT:USDT']
2026-07-31 03:07:55,675 [INFO] [SCAN] 스캔 시작: 30개 페어 (캐시 31개 보유)
2026-07-31 03:07:55,983 [INFO] [상태] 잔고:$10.14 | 포지션:2개 | 스캔:296회 | 스캐너:ON
2026-07-31 03:08:09,127 [INFO] [SCAN] 완료: 30개 종목 · 신호 0개 · API 호출 30회 · 캐시 히트 0회
2026-07-31 03:08:26,080 [INFO] [SCAN] 블랙리스트 4개 제외: ['IP/USDT:USDT', 'NES/USDT:USDT', 'WLD/USDT:USDT', 'XAG/USDT:USDT', 'XAU/USDT:USDT', 'XAUT/USDT:USDT']
2026-07-31 03:08:26,080 [INFO] [SCAN] 스캔 시작: 30개 페어 (캐시 31개 보유)
2026-07-31 03:08:39,093 [INFO] [SCAN] 완료: 30개 종목 · 신호 0개 · API 호출 30회 · 캐시 히트 0회
2026-07-31 03:08:54,331 [INFO] [SCAN] 블랙리스트 4개 제외: ['IP/USDT:USDT', 'NES/USDT:USDT', 'WLD/USDT:USDT', 'XAG/USDT:USDT', 'XAU/USDT:USDT', 'XAUT/USDT:USDT']
2026-07-31 03:08:54,332 [INFO] [SCAN] 스캔 시작: 30개 페어 (캐시 31개 보유)
2026-07-31 03:08:56,569 [INFO] [상태] 잔고:$10.15 | 포지션:2개 | 스캔:298회 | 스캐너:ON
2026-07-31 03:09:07,912 [INFO] [SCAN] 완료: 30개 종목 · 신호 0개 · API 호출 30회 · 캐시 히트 0회
2026-07-31 03:09:23,134 [INFO] [SCAN] 블랙리스트 4개 제외: ['IP/USDT:USDT', 'NES/USDT:USDT', 'WLD/USDT:USDT', 'XAG/USDT:USDT', 'XAU/USDT:USDT', 'XAUT/USDT:USDT']
2026-07-31 03:09:23,134 [INFO] [SCAN] 스캔 시작: 30개 페어 (캐시 31개 보유)
2026-07-31 03:09:36,125 [INFO] [SCAN] 완료: 30개 종목 · 신호 0개 · API 호출 30회 · 캐시 히트 0회
2026-07-31 03:09:53,032 [INFO] [SCAN] 블랙리스트 4개 제외: ['IP/USDT:USDT', 'NES/USDT:USDT', 'WLD/USDT:USDT', 'XAG/USDT:USDT', 'XAU/USDT:USDT', 'XAUT/USDT:USDT']
2026-07-31 03:09:53,032 [INFO] [SCAN] 스캔 시작: 30개 페어 (캐시 31개 보유)
2026-07-31 03:09:57,186 [INFO] [상태] 잔고:$10.13 | 포지션:2개 | 스캔:300회 | 스캐너:ON
2026-07-31 03:10:06,382 [INFO] [SCAN] 완료: 30개 종목 · 신호 0개 · API 호출 30회 · 캐시 히트 0회
2026-07-31 03:10:21,645 [INFO] [SCAN] 블랙리스트 4개 제외: ['IP/USDT:USDT', 'NES/USDT:USDT', 'WLD/USDT:USDT', 'XAG/USDT:USDT', 'XAU/USDT:USDT', 'XAUT/USDT:USDT']
2026-07-31 03:10:21,645 [INFO] [SCAN] 스캔 시작: 30개 페어 (캐시 31개 보유)
2026-07-31 03:10:34,696 [INFO] [SCAN] 완료: 30개 종목 · 신호 0개 · API 호출 30회 · 캐시 히트 0회
2026-07-31 03:10:49,987 [INFO] [SCAN] 블랙리스트 4개 제외: ['IP/USDT:USDT', 'NES/USDT:USDT', 'WLD/USDT:USDT', 'XAG/USDT:USDT', 'XAU/USDT:USDT', 'XAUT/USDT:USDT']
2026-07-31 03:10:49,987 [INFO] [SCAN] 스캔 시작: 30개 페어 (캐시 31개 보유)
2026-07-31 03:10:57,658 [INFO] [상태] 잔고:$10.15 | 포지션:2개 | 스캔:302회 | 스캐너:ON
2026-07-31 03:11:04,328 [INFO] [SCAN] 완료: 30개 종목 · 신호 0개 · API 호출 30회 · 캐시 히트 0회
2026-07-31 03:11:21,454 [INFO] [SCAN] 블랙리스트 4개 제외: ['IP/USDT:USDT', 'NES/USDT:USDT', 'WLD/USDT:USDT', 'XAG/USDT:USDT', 'XAU/USDT:USDT', 'XAUT/USDT:USDT']
2026-07-31 03:11:21,454 [INFO] [SCAN] 스캔 시작: 30개 페어 (캐시 31개 보유)
2026-07-31 03:11:34,371 [INFO] [SCAN] 완료: 30개 종목 · 신호 0개 · API 호출 30회 · 캐시 히트 0회
2026-07-31 03:11:49,628 [INFO] [SCAN] 블랙리스트 4개 제외: ['IP/USDT:USDT', 'NES/USDT:USDT', 'WLD/USDT:USDT', 'XAG/USDT:USDT', 'XAU/USDT:USDT', 'XAUT/USDT:USDT']
2026-07-31 03:11:49,629 [INFO] [SCAN] 스캔 시작: 30개 페어 (캐시 31개 보유)
2026-07-31 03:11:58,130 [INFO] [상태] 잔고:$10.15 | 포지션:2개 | 스캔:304회 | 스캐너:ON
2026-07-31 03:12:03,197 [INFO] [SCAN] 완료: 30개 종목 · 신호 0개 · API 호출 30회 · 캐시 히트 0회
2026-07-31 03:12:18,426 [INFO] [SCAN] 블랙리스트 4개 제외: ['IP/USDT:USDT', 'NES/USDT:USDT', 'WLD/USDT:USDT', 'XAG/USDT:USDT', 'XAU/USDT:USDT', 'XAUT/USDT:USDT']
2026-07-31 03:12:18,427 [INFO] [SCAN] 스캔 시작: 30개 페어 (캐시 31개 보유)
2026-07-31 03:12:31,511 [INFO] [SCAN] 완료: 30개 종목 · 신호 0개 · API 호출 30회 · 캐시 히트 0회
2026-07-31 03:12:48,517 [INFO] [SCAN] 블랙리스트 4개 제외: ['IP/USDT:USDT', 'NES/USDT:USDT', 'WLD/USDT:USDT', 'XAG/USDT:USDT', 'XAU/USDT:USDT', 'XAUT/USDT:USDT']
2026-07-31 03:12:48,518 [INFO] [SCAN] 스캔 시작: 30개 페어 (캐시 31개 보유)
2026-07-31 03:12:58,732 [INFO] [상태] 잔고:$10.14 | 포지션:2개 | 스캔:306회 | 스캐너:ON
2026-07-31 03:13:02,231 [INFO] [SCAN] 완료: 30개 종목 · 신호 0개 · API 호출 30회 · 캐시 히트 0회
2026-07-31 03:13:17,480 [INFO] [SCAN] 블랙리스트 4개 제외: ['IP/USDT:USDT', 'NES/USDT:USDT', 'WLD/USDT:USDT', 'XAG/USDT:USDT', 'XAU/USDT:USDT', 'XAUT/USDT:USDT']
2026-07-31 03:13:17,480 [INFO] [SCAN] 스캔 시작: 30개 페어 (캐시 31개 보유)
2026-07-31 03:13:30,921 [INFO] [SCAN] 완료: 30개 종목 · 신호 0개 · API 호출 30회 · 캐시 히트 0회
2026-07-31 03:13:46,183 [INFO] [SCAN] 블랙리스트 4개 제외: ['IP/USDT:USDT', 'NES/USDT:USDT', 'WLD/USDT:USDT', 'XAG/USDT:USDT', 'XAU/USDT:USDT', 'XAUT/USDT:USDT']
2026-07-31 03:13:46,183 [INFO] [SCAN] 스캔 시작: 30개 페어 (캐시 31개 보유)
2026-07-31 03:13:59,249 [INFO] [상태] 잔고:$10.13 | 포지션:2개 | 스캔:308회 | 스캐너:ON
2026-07-31 03:13:59,431 [INFO] [SCAN] 완료: 30개 종목 · 신호 0개 · API 호출 30회 · 캐시 히트 0회
2026-07-31 03:14:16,716 [INFO] [SCAN] 블랙리스트 4개 제외: ['IP/USDT:USDT', 'NES/USDT:USDT', 'WLD/USDT:USDT', 'XAG/USDT:USDT', 'XAU/USDT:USDT', 'XAUT/USDT:USDT']
2026-07-31 03:14:16,717 [INFO] [SCAN] 스캔 시작: 30개 페어 (캐시 31개 보유)
2026-07-31 03:14:30,244 [INFO] [SCAN] 완료: 30개 종목 · 신호 0개 · API 호출 30회 · 캐시 히트 0회
2026-07-31 03:14:45,463 [INFO] [SCAN] 블랙리스트 4개 제외: ['IP/USDT:USDT', 'NES/USDT:USDT', 'WLD/USDT:USDT', 'XAG/USDT:USDT', 'XAU/USDT:USDT', 'XAUT/USDT:USDT']
2026-07-31 03:14:45,463 [INFO] [SCAN] 스캔 시작: 30개 페어 (캐시 31개 보유)
2026-07-31 03:14:59,305 [INFO] [SCAN] 완료: 30개 종목 · 신호 0개 · API 호출 30회 · 캐시 히트 0회
2026-07-31 03:14:59,731 [INFO] [상태] 잔고:$10.13 | 포지션:2개 | 스캔:311회 | 스캐너:ON
2026-07-31 03:15:14,686 [INFO] [SCAN] 블랙리스트 4개 제외: ['IP/USDT:USDT', 'NES/USDT:USDT', 'WLD/USDT:USDT', 'XAG/USDT:USDT', 'XAU/USDT:USDT', 'XAUT/USDT:USDT']
2026-07-31 03:15:14,686 [INFO] [SCAN] 스캔 시작: 30개 페어 (캐시 31개 보유)
2026-07-31 03:15:28,638 [INFO] [SCAN] 완료: 30개 종목 · 신호 0개 · API 호출 30회 · 캐시 히트 0회
2026-07-31 03:15:46,111 [INFO] [SCAN] 블랙리스트 4개 제외: ['IP/USDT:USDT', 'NES/USDT:USDT', 'WLD/USDT:USDT', 'XAG/USDT:USDT', 'XAU/USDT:USDT', 'XAUT/USDT:USDT']
2026-07-31 03:15:46,111 [INFO] [SCAN] 스캔 시작: 30개 페어 (캐시 31개 보유)
2026-07-31 03:15:59,203 [INFO] [SCAN] 완료: 30개 종목 · 신호 0개 · API 호출 30회 · 캐시 히트 0회
2026-07-31 03:16:00,165 [INFO] [상태] 잔고:$10.14 | 포지션:2개 | 스캔:313회 | 스캐너:ON
2026-07-31 03:16:14,591 [INFO] [SCAN] 블랙리스트 4개 제외: ['IP/USDT:USDT', 'NES/USDT:USDT', 'WLD/USDT:USDT', 'XAG/USDT:USDT', 'XAU/USDT:USDT', 'XAUT/USDT:USDT']
2026-07-31 03:16:14,591 [INFO] [SCAN] 스캔 시작: 30개 페어 (캐시 31개 보유)
2026-07-31 03:16:27,786 [INFO] [SCAN] 완료: 30개 종목 · 신호 0개 · API 호출 30회 · 캐시 히트 0회
2026-07-31 03:16:43,028 [INFO] [SCAN] 블랙리스트 4개 제외: ['IP/USDT:USDT', 'NES/USDT:USDT', 'WLD/USDT:USDT', 'XAG/USDT:USDT', 'XAU/USDT:USDT', 'XAUT/USDT:USDT']
2026-07-31 03:16:43,028 [INFO] [SCAN] 스캔 시작: 30개 페어 (캐시 31개 보유)
2026-07-31 03:16:56,028 [INFO] [SCAN] 완료: 30개 종목 · 신호 0개 · API 호출 30회 · 캐시 히트 0회
2026-07-31 03:17:00,871 [INFO] [상태] 잔고:$10.14 | 포지션:2개 | 스캔:315회 | 스캐너:ON
2026-07-31 03:17:12,999 [INFO] [SCAN] 블랙리스트 4개 제외: ['IP/USDT:USDT', 'NES/USDT:USDT', 'WLD/USDT:USDT', 'XAG/USDT:USDT', 'XAU/USDT:USDT', 'XAUT/USDT:USDT']
2026-07-31 03:17:13,000 [INFO] [SCAN] 스캔 시작: 30개 페어 (캐시 31개 보유)
2026-07-31 03:17:25,993 [INFO] [SCAN] 완료: 30개 종목 · 신호 0개 · API 호출 30회 · 캐시 히트 0회
2026-07-31 03:17:41,275 [INFO] [SCAN] 블랙리스트 4개 제외: ['IP/USDT:USDT', 'NES/USDT:USDT', 'WLD/USDT:USDT', 'XAG/USDT:USDT', 'XAU/USDT:USDT', 'XAUT/USDT:USDT']
2026-07-31 03:17:41,275 [INFO] [SCAN] 스캔 시작: 30개 페어 (캐시 31개 보유)
2026-07-31 03:17:54,973 [INFO] [SCAN] 완료: 30개 종목 · 신호 0개 · API 호출 30회 · 캐시 히트 0회
2026-07-31 03:18:01,362 [INFO] [상태] 잔고:$10.14 | 포지션:2개 | 스캔:317회 | 스캐너:ON
2026-07-31 03:18:10,344 [INFO] [SCAN] 블랙리스트 4개 제외: ['IP/USDT:USDT', 'NES/USDT:USDT', 'WLD/USDT:USDT', 'XAG/USDT:USDT', 'XAU/USDT:USDT', 'XAUT/USDT:USDT']
2026-07-31 03:18:10,344 [INFO] [SCAN] 스캔 시작: 30개 페어 (캐시 31개 보유)
2026-07-31 03:18:24,429 [INFO] [SCAN] 완료: 30개 종목 · 신호 0개 · API 호출 30회 · 캐시 히트 0회
2026-07-31 03:18:41,591 [INFO] [SCAN] 블랙리스트 4개 제외: ['IP/USDT:USDT', 'NES/USDT:USDT', 'WLD/USDT:USDT', 'XAG/USDT:USDT', 'XAU/USDT:USDT', 'XAUT/USDT:USDT']
2026-07-31 03:18:41,592 [INFO] [SCAN] 스캔 시작: 30개 페어 (캐시 31개 보유)
2026-07-31 03:18:54,763 [INFO] [SCAN] 완료: 30개 종목 · 신호 0개 · API 호출 30회 · 캐시 히트 0회
2026-07-31 03:19:01,913 [INFO] [상태] 잔고:$10.15 | 포지션:2개 | 스캔:319회 | 스캐너:ON
2026-07-31 03:19:10,146 [INFO] [SCAN] 블랙리스트 4개 제외: ['IP/USDT:USDT', 'NES/USDT:USDT', 'WLD/USDT:USDT', 'XAG/USDT:USDT', 'XAU/USDT:USDT', 'XAUT/USDT:USDT']
2026-07-31 03:19:10,146 [INFO] [SCAN] 스캔 시작: 30개 페어 (캐시 31개 보유)
2026-07-31 03:19:23,281 [INFO] [SCAN] 완료: 30개 종목 · 신호 0개 · API 호출 30회 · 캐시 히트 0회
2026-07-31 03:19:38,502 [INFO] [SCAN] 블랙리스트 4개 제외: ['IP/USDT:USDT', 'NES/USDT:USDT', 'WLD/USDT:USDT', 'XAG/USDT:USDT', 'XAU/USDT:USDT', 'XAUT/USDT:USDT']
2026-07-31 03:19:38,502 [INFO] [SCAN] 스캔 시작: 30개 페어 (캐시 31개 보유)
2026-07-31 03:19:51,675 [INFO] [SCAN] 완료: 30개 종목 · 신호 0개 · API 호출 30회 · 캐시 히트 0회
2026-07-31 03:20:02,412 [INFO] [상태] 잔고:$10.16 | 포지션:2개 | 스캔:321회 | 스캐너:ON
2026-07-31 03:20:08,761 [INFO] [SCAN] 블랙리스트 4개 제외: ['IP/USDT:USDT', 'NES/USDT:USDT', 'WLD/USDT:USDT', 'XAG/USDT:USDT', 'XAU/USDT:USDT', 'XAUT/USDT:USDT']
2026-07-31 03:20:08,761 [INFO] [SCAN] 스캔 시작: 30개 페어 (캐시 31개 보유)
2026-07-31 03:20:21,891 [INFO] [SCAN] 완료: 30개 종목 · 신호 0개 · API 호출 30회 · 캐시 히트 0회
2026-07-31 03:20:37,149 [INFO] [SCAN] 블랙리스트 4개 제외: ['IP/USDT:USDT', 'NES/USDT:USDT', 'WLD/USDT:USDT', 'XAG/USDT:USDT', 'XAU/USDT:USDT', 'XAUT/USDT:USDT']
2026-07-31 03:20:37,149 [INFO] [SCAN] 스캔 시작: 30개 페어 (캐시 31개 보유)
2026-07-31 03:20:50,272 [INFO] [SCAN] 완료: 30개 종목 · 신호 0개 · API 호출 30회 · 캐시 히트 0회
2026-07-31 03:21:02,965 [INFO] [상태] 잔고:$10.15 | 포지션:2개 | 스캔:323회 | 스캐너:ON
2026-07-31 03:21:05,647 [INFO] [SCAN] 블랙리스트 4개 제외: ['IP/USDT:USDT', 'NES/USDT:USDT', 'WLD/USDT:USDT', 'XAG/USDT:USDT', 'XAU/USDT:USDT', 'XAUT/USDT:USDT']
2026-07-31 03:21:05,647 [INFO] [SCAN] 스캔 시작: 30개 페어 (캐시 31개 보유)
2026-07-31 03:21:18,742 [INFO] [SCAN] 완료: 30개 종목 · 신호 0개 · API 호출 30회 · 캐시 히트 0회
2026-07-31 03:21:35,771 [INFO] [SCAN] 블랙리스트 4개 제외: ['IP/USDT:USDT', 'NES/USDT:USDT', 'WLD/USDT:USDT', 'XAG/USDT:USDT', 'XAU/USDT:USDT', 'XAUT/USDT:USDT']
2026-07-31 03:21:35,771 [INFO] [SCAN] 스캔 시작: 30개 페어 (캐시 31개 보유)
2026-07-31 03:21:48,917 [INFO] [SCAN] 완료: 30개 종목 · 신호 0개 · API 호출 30회 · 캐시 히트 0회
2026-07-31 03:22:03,520 [INFO] [상태] 잔고:$10.15 | 포지션:2개 | 스캔:325회 | 스캐너:ON
2026-07-31 03:22:04,306 [INFO] [SCAN] 블랙리스트 4개 제외: ['IP/USDT:USDT', 'NES/USDT:USDT', 'WLD/USDT:USDT', 'XAG/USDT:USDT', 'XAU/USDT:USDT', 'XAUT/USDT:USDT']
2026-07-31 03:22:04,306 [INFO] [SCAN] 스캔 시작: 30개 페어 (캐시 31개 보유)
2026-07-31 03:22:17,480 [INFO] [SCAN] 완료: 30개 종목 · 신호 0개 · API 호출 30회 · 캐시 히트 0회
2026-07-31 03:22:32,730 [INFO] [SCAN] 블랙리스트 4개 제외: ['IP/USDT:USDT', 'NES/USDT:USDT', 'WLD/USDT:USDT', 'XAG/USDT:USDT', 'XAU/USDT:USDT', 'XAUT/USDT:USDT']
2026-07-31 03:22:32,730 [INFO] [SCAN] 스캔 시작: 30개 페어 (캐시 31개 보유)
2026-07-31 03:22:46,352 [INFO] [SCAN] 완료: 30개 종목 · 신호 0개 · API 호출 30회 · 캐시 히트 0회
2026-07-31 03:23:03,575 [INFO] [SCAN] 블랙리스트 4개 제외: ['IP/USDT:USDT', 'NES/USDT:USDT', 'WLD/USDT:USDT', 'XAG/USDT:USDT', 'XAU/USDT:USDT', 'XAUT/USDT:USDT']
2026-07-31 03:23:03,575 [INFO] [SCAN] 스캔 시작: 30개 페어 (캐시 31개 보유)
2026-07-31 03:23:04,105 [INFO] [상태] 잔고:$10.15 | 포지션:2개 | 스캔:327회 | 스캐너:ON
2026-07-31 03:23:16,831 [INFO] [SCAN] 완료: 30개 종목 · 신호 0개 · API 호출 30회 · 캐시 히트 0회
2026-07-31 03:23:32,058 [INFO] [SCAN] 블랙리스트 4개 제외: ['IP/USDT:USDT', 'NES/USDT:USDT', 'WLD/USDT:USDT', 'XAG/USDT:USDT', 'XAU/USDT:USDT', 'XAUT/USDT:USDT']
2026-07-31 03:23:32,058 [INFO] [SCAN] 스캔 시작: 30개 페어 (캐시 31개 보유)
2026-07-31 03:23:45,138 [INFO] [SCAN] 완료: 30개 종목 · 신호 0개 · API 호출 30회 · 캐시 히트 0회
2026-07-31 03:24:00,377 [INFO] [SCAN] 블랙리스트 4개 제외: ['IP/USDT:USDT', 'NES/USDT:USDT', 'WLD/USDT:USDT', 'XAG/USDT:USDT', 'XAU/USDT:USDT', 'XAUT/USDT:USDT']
2026-07-31 03:24:00,377 [INFO] [SCAN] 스캔 시작: 30개 페어 (캐시 31개 보유)
2026-07-31 03:24:04,656 [INFO] [상태] 잔고:$10.14 | 포지션:2개 | 스캔:329회 | 스캐너:ON
2026-07-31 03:24:13,760 [INFO] [SCAN] 완료: 30개 종목 · 신호 0개 · API 호출 30회 · 캐시 히트 0회
2026-07-31 03:24:30,682 [INFO] [SCAN] 블랙리스트 4개 제외: ['IP/USDT:USDT', 'NES/USDT:USDT', 'WLD/USDT:USDT', 'XAG/USDT:USDT', 'XAU/USDT:USDT', 'XAUT/USDT:USDT']
2026-07-31 03:24:30,683 [INFO] [SCAN] 스캔 시작: 30개 페어 (캐시 31개 보유)
2026-07-31 03:24:43,953 [INFO] [SCAN] 완료: 30개 종목 · 신호 0개 · API 호출 30회 · 캐시 히트 0회
2026-07-31 03:24:59,183 [INFO] [SCAN] 블랙리스트 4개 제외: ['IP/USDT:USDT', 'NES/USDT:USDT', 'WLD/USDT:USDT', 'XAG/USDT:USDT', 'XAU/USDT:USDT', 'XAUT/USDT:USDT']
2026-07-31 03:24:59,183 [INFO] [SCAN] 스캔 시작: 30개 페어 (캐시 31개 보유)
2026-07-31 03:25:05,104 [INFO] [상태] 잔고:$10.15 | 포지션:2개 | 스캔:331회 | 스캐너:ON
2026-07-31 03:25:12,514 [INFO] [SCAN] 완료: 30개 종목 · 신호 0개 · API 호출 30회 · 캐시 히트 0회
2026-07-31 03:25:27,758 [INFO] [SCAN] 블랙리스트 4개 제외: ['IP/USDT:USDT', 'NES/USDT:USDT', 'WLD/USDT:USDT', 'XAG/USDT:USDT', 'XAU/USDT:USDT', 'XAUT/USDT:USDT']
2026-07-31 03:25:27,758 [INFO] [SCAN] 스캔 시작: 30개 페어 (캐시 31개 보유)
2026-07-31 03:25:40,927 [INFO] [SCAN] 완료: 30개 종목 · 신호 0개 · API 호출 30회 · 캐시 히트 0회
2026-07-31 03:25:57,874 [INFO] [SCAN] 블랙리스트 4개 제외: ['IP/USDT:USDT', 'NES/USDT:USDT', 'WLD/USDT:USDT', 'XAG/USDT:USDT', 'XAU/USDT:USDT', 'XAUT/USDT:USDT']
2026-07-31 03:25:57,874 [INFO] [SCAN] 스캔 시작: 30개 페어 (캐시 31개 보유)
2026-07-31 03:26:05,804 [INFO] [상태] 잔고:$10.16 | 포지션:2개 | 스캔:333회 | 스캐너:ON
2026-07-31 03:26:11,530 [INFO] [SCAN] 완료: 30개 종목 · 신호 0개 · API 호출 30회 · 캐시 히트 0회
2026-07-31 03:26:26,782 [INFO] [SCAN] 블랙리스트 4개 제외: ['IP/USDT:USDT', 'NES/USDT:USDT', 'WLD/USDT:USDT', 'XAG/USDT:USDT', 'XAU/USDT:USDT', 'XAUT/USDT:USDT']
2026-07-31 03:26:26,782 [INFO] [SCAN] 스캔 시작: 30개 페어 (캐시 31개 보유)
2026-07-31 03:26:39,938 [INFO] [SCAN] 완료: 30개 종목 · 신호 0개 · API 호출 30회 · 캐시 히트 0회
2026-07-31 03:26:55,223 [INFO] [SCAN] 블랙리스트 4개 제외: ['IP/USDT:USDT', 'NES/USDT:USDT', 'WLD/USDT:USDT', 'XAG/USDT:USDT', 'XAU/USDT:USDT', 'XAUT/USDT:USDT']
2026-07-31 03:26:55,223 [INFO] [SCAN] 스캔 시작: 30개 페어 (캐시 31개 보유)
2026-07-31 03:27:06,333 [INFO] [상태] 잔고:$10.13 | 포지션:2개 | 스캔:335회 | 스캐너:ON
2026-07-31 03:27:08,682 [INFO] [SCAN] 완료: 30개 종목 · 신호 0개 · API 호출 30회 · 캐시 히트 0회
2026-07-31 03:27:25,848 [INFO] [SCAN] 블랙리스트 4개 제외: ['IP/USDT:USDT', 'NES/USDT:USDT', 'WLD/USDT:USDT', 'XAG/USDT:USDT', 'XAU/USDT:USDT', 'XAUT/USDT:USDT']
2026-07-31 03:27:25,849 [INFO] [SCAN] 스캔 시작: 30개 페어 (캐시 31개 보유)
2026-07-31 03:27:38,924 [INFO] [SCAN] 완료: 30개 종목 · 신호 0개 · API 호출 30회 · 캐시 히트 0회
2026-07-31 03:27:54,186 [INFO] [SCAN] 블랙리스트 4개 제외: ['IP/USDT:USDT', 'NES/USDT:USDT', 'WLD/USDT:USDT', 'XAG/USDT:USDT', 'XAU/USDT:USDT', 'XAUT/USDT:USDT']
2026-07-31 03:27:54,186 [INFO] [SCAN] 스캔 시작: 30개 페어 (캐시 31개 보유)
2026-07-31 03:28:06,953 [INFO] [상태] 잔고:$10.14 | 포지션:2개 | 스캔:337회 | 스캐너:ON
2026-07-31 03:28:07,929 [INFO] [SCAN] 완료: 30개 종목 · 신호 0개 · API 호출 30회 · 캐시 히트 0회
2026-07-31 03:28:23,199 [INFO] [SCAN] 블랙리스트 4개 제외: ['IP/USDT:USDT', 'NES/USDT:USDT', 'WLD/USDT:USDT', 'XAG/USDT:USDT', 'XAU/USDT:USDT', 'XAUT/USDT:USDT']
2026-07-31 03:28:23,199 [INFO] [SCAN] 스캔 시작: 30개 페어 (캐시 31개 보유)
2026-07-31 03:28:36,949 [INFO] [SCAN] 완료: 30개 종목 · 신호 0개 · API 호출 30회 · 캐시 히트 0회
2026-07-31 03:28:53,990 [INFO] [SCAN] 블랙리스트 4개 제외: ['IP/USDT:USDT', 'NES/USDT:USDT', 'WLD/USDT:USDT', 'XAG/USDT:USDT', 'XAU/USDT:USDT', 'XAUT/USDT:USDT']
2026-07-31 03:28:53,990 [INFO] [SCAN] 스캔 시작: 30개 페어 (캐시 31개 보유)
2026-07-31 03:29:07,314 [INFO] [SCAN] 완료: 30개 종목 · 신호 0개 · API 호출 30회 · 캐시 히트 0회
2026-07-31 03:29:07,373 [INFO] [상태] 잔고:$10.15 | 포지션:2개 | 스캔:340회 | 스캐너:ON
2026-07-31 03:29:22,767 [INFO] [SCAN] 블랙리스트 4개 제외: ['IP/USDT:USDT', 'NES/USDT:USDT', 'WLD/USDT:USDT', 'XAG/USDT:USDT', 'XAU/USDT:USDT', 'XAUT/USDT:USDT']
2026-07-31 03:29:22,767 [INFO] [SCAN] 스캔 시작: 30개 페어 (캐시 31개 보유)
2026-07-31 03:29:36,264 [INFO] [SCAN] 완료: 30개 종목 · 신호 0개 · API 호출 30회 · 캐시 히트 0회
2026-07-31 03:29:51,562 [INFO] [SCAN] 블랙리스트 4개 제외: ['IP/USDT:USDT', 'NES/USDT:USDT', 'WLD/USDT:USDT', 'XAG/USDT:USDT', 'XAU/USDT:USDT', 'XAUT/USDT:USDT']
2026-07-31 03:29:51,562 [INFO] [SCAN] 스캔 시작: 30개 페어 (캐시 31개 보유)
2026-07-31 03:30:05,048 [INFO] [SCAN] 완료: 30개 종목 · 신호 0개 · API 호출 30회 · 캐시 히트 0회
2026-07-31 03:30:07,972 [INFO] [상태] 잔고:$10.18 | 포지션:2개 | 스캔:342회 | 스캐너:ON
2026-07-31 03:30:22,314 [INFO] [SCAN] 블랙리스트 4개 제외: ['IP/USDT:USDT', 'NES/USDT:USDT', 'WLD/USDT:USDT', 'XAG/USDT:USDT', 'XAU/USDT:USDT', 'XAUT/USDT:USDT']
2026-07-31 03:30:22,315 [INFO] [SCAN] 스캔 시작: 30개 페어 (캐시 31개 보유)
2026-07-31 03:30:35,292 [INFO] [SCAN] 완료: 30개 종목 · 신호 0개 · API 호출 30회 · 캐시 히트 0회
2026-07-31 03:30:50,535 [INFO] [SCAN] 블랙리스트 4개 제외: ['IP/USDT:USDT', 'NES/USDT:USDT', 'WLD/USDT:USDT', 'XAG/USDT:USDT', 'XAU/USDT:USDT', 'XAUT/USDT:USDT']
2026-07-31 03:30:50,535 [INFO] [SCAN] 스캔 시작: 30개 페어 (캐시 31개 보유)
2026-07-31 03:31:03,673 [INFO] [SCAN] 완료: 30개 종목 · 신호 0개 · API 호출 30회 · 캐시 히트 0회
2026-07-31 03:31:08,514 [INFO] [상태] 잔고:$10.17 | 포지션:2개 | 스캔:344회 | 스캐너:ON
2026-07-31 03:31:19,051 [INFO] [SCAN] 블랙리스트 4개 제외: ['IP/USDT:USDT', 'NES/USDT:USDT', 'WLD/USDT:USDT', 'XAG/USDT:USDT', 'XAU/USDT:USDT', 'XAUT/USDT:USDT']
2026-07-31 03:31:19,052 [INFO] [SCAN] 스캔 시작: 30개 페어 (캐시 31개 보유)
2026-07-31 03:31:32,092 [INFO] [SCAN] 완료: 30개 종목 · 신호 0개 · API 호출 30회 · 캐시 히트 0회
2026-07-31 03:31:49,006 [INFO] [SCAN] 블랙리스트 4개 제외: ['IP/USDT:USDT', 'NES/USDT:USDT', 'WLD/USDT:USDT', 'XAG/USDT:USDT', 'XAU/USDT:USDT', 'XAUT/USDT:USDT']
2026-07-31 03:31:49,006 [INFO] [SCAN] 스캔 시작: 30개 페어 (캐시 31개 보유)
2026-07-31 03:32:02,268 [INFO] [SCAN] 완료: 30개 종목 · 신호 0개 · API 호출 30회 · 캐시 히트 0회
2026-07-31 03:32:08,960 [INFO] [상태] 잔고:$10.14 | 포지션:2개 | 스캔:346회 | 스캐너:ON
2026-07-31 03:32:17,642 [INFO] [SCAN] 블랙리스트 4개 제외: ['IP/USDT:USDT', 'NES/USDT:USDT', 'WLD/USDT:USDT', 'XAG/USDT:USDT', 'XAU/USDT:USDT', 'XAUT/USDT:USDT']
2026-07-31 03:32:17,642 [INFO] [SCAN] 스캔 시작: 30개 페어 (캐시 31개 보유)
2026-07-31 03:32:30,726 [INFO] [SCAN] 완료: 30개 종목 · 신호 0개 · API 호출 30회 · 캐시 히트 0회
2026-07-31 03:32:45,980 [INFO] [SCAN] 블랙리스트 4개 제외: ['IP/USDT:USDT', 'NES/USDT:USDT', 'WLD/USDT:USDT', 'XAG/USDT:USDT', 'XAU/USDT:USDT', 'XAUT/USDT:USDT']
2026-07-31 03:32:45,980 [INFO] [SCAN] 스캔 시작: 30개 페어 (캐시 31개 보유)
2026-07-31 03:32:58,963 [INFO] [SCAN] 완료: 30개 종목 · 신호 0개 · API 호출 30회 · 캐시 히트 0회
2026-07-31 03:33:09,684 [INFO] [상태] 잔고:$10.15 | 포지션:2개 | 스캔:348회 | 스캐너:ON
2026-07-31 03:33:16,011 [INFO] [SCAN] 블랙리스트 4개 제외: ['IP/USDT:USDT', 'NES/USDT:USDT', 'WLD/USDT:USDT', 'XAG/USDT:USDT', 'XAU/USDT:USDT', 'XAUT/USDT:USDT']
2026-07-31 03:33:16,011 [INFO] [SCAN] 스캔 시작: 30개 페어 (캐시 31개 보유)
2026-07-31 03:33:29,072 [INFO] [SCAN] 완료: 30개 종목 · 신호 0개 · API 호출 30회 · 캐시 히트 0회
2026-07-31 03:33:44,360 [INFO] [SCAN] 블랙리스트 4개 제외: ['IP/USDT:USDT', 'NES/USDT:USDT', 'WLD/USDT:USDT', 'XAG/USDT:USDT', 'XAU/USDT:USDT', 'XAUT/USDT:USDT']
2026-07-31 03:33:44,361 [INFO] [SCAN] 스캔 시작: 30개 페어 (캐시 31개 보유)
2026-07-31 03:33:57,952 [INFO] [SCAN] 완료: 30개 종목 · 신호 0개 · API 호출 30회 · 캐시 히트 0회
2026-07-31 03:34:10,171 [INFO] [상태] 잔고:$10.15 | 포지션:2개 | 스캔:350회 | 스캐너:ON
2026-07-31 03:34:13,359 [INFO] [SCAN] 블랙리스트 4개 제외: ['IP/USDT:USDT', 'NES/USDT:USDT', 'WLD/USDT:USDT', 'XAG/USDT:USDT', 'XAU/USDT:USDT', 'XAUT/USDT:USDT']
2026-07-31 03:34:13,359 [INFO] [SCAN] 스캔 시작: 30개 페어 (캐시 31개 보유)
2026-07-31 03:34:26,939 [INFO] [SCAN] 완료: 30개 종목 · 신호 0개 · API 호출 30회 · 캐시 히트 0회
2026-07-31 03:34:44,131 [INFO] [SCAN] 블랙리스트 4개 제외: ['IP/USDT:USDT', 'NES/USDT:USDT', 'WLD/USDT:USDT', 'XAG/USDT:USDT', 'XAU/USDT:USDT', 'XAUT/USDT:USDT']
2026-07-31 03:34:44,132 [INFO] [SCAN] 스캔 시작: 30개 페어 (캐시 31개 보유)
2026-07-31 03:34:57,241 [INFO] [SCAN] 완료: 30개 종목 · 신호 0개 · API 호출 30회 · 캐시 히트 0회
2026-07-31 03:35:10,614 [INFO] [상태] 잔고:$10.15 | 포지션:2개 | 스캔:352회 | 스캐너:ON
2026-07-31 03:35:12,612 [INFO] [SCAN] 블랙리스트 4개 제외: ['IP/USDT:USDT', 'NES/USDT:USDT', 'WLD/USDT:USDT', 'XAG/USDT:USDT', 'XAU/USDT:USDT', 'XAUT/USDT:USDT']
2026-07-31 03:35:12,612 [INFO] [SCAN] 스캔 시작: 30개 페어 (캐시 31개 보유)
2026-07-31 03:35:26,144 [INFO] [SCAN] 완료: 30개 종목 · 신호 0개 · API 호출 30회 · 캐시 히트 0회
2026-07-31 03:35:41,423 [INFO] [SCAN] 블랙리스트 4개 제외: ['IP/USDT:USDT', 'NES/USDT:USDT', 'WLD/USDT:USDT', 'XAG/USDT:USDT', 'XAU/USDT:USDT', 'XAUT/USDT:USDT']
2026-07-31 03:35:41,423 [INFO] [SCAN] 스캔 시작: 30개 페어 (캐시 31개 보유)
2026-07-31 03:35:55,269 [INFO] [SCAN] 완료: 30개 종목 · 신호 0개 · API 호출 30회 · 캐시 히트 0회
2026-07-31 03:36:11,293 [INFO] [상태] 잔고:$10.14 | 포지션:2개 | 스캔:354회 | 스캐너:ON
2026-07-31 03:36:12,595 [INFO] [SCAN] 블랙리스트 4개 제외: ['IP/USDT:USDT', 'NES/USDT:USDT', 'WLD/USDT:USDT', 'XAG/USDT:USDT', 'XAU/USDT:USDT', 'XAUT/USDT:USDT']
2026-07-31 03:36:12,595 [INFO] [SCAN] 스캔 시작: 30개 페어 (캐시 31개 보유)
2026-07-31 03:36:26,534 [INFO] [SCAN] 완료: 30개 종목 · 신호 0개 · API 호출 30회 · 캐시 히트 0회
2026-07-31 03:36:41,786 [INFO] [SCAN] 블랙리스트 4개 제외: ['IP/USDT:USDT', 'NES/USDT:USDT', 'WLD/USDT:USDT', 'XAG/USDT:USDT', 'XAU/USDT:USDT', 'XAUT/USDT:USDT']
2026-07-31 03:36:41,786 [INFO] [SCAN] 스캔 시작: 30개 페어 (캐시 31개 보유)
2026-07-31 03:36:55,313 [INFO] [SCAN] 완료: 30개 종목 · 신호 0개 · API 호출 30회 · 캐시 히트 0회
2026-07-31 03:37:11,961 [INFO] [상태] 잔고:$10.15 | 포지션:2개 | 스캔:356회 | 스캐너:ON
2026-07-31 03:37:12,374 [INFO] [SCAN] 블랙리스트 4개 제외: ['IP/USDT:USDT', 'NES/USDT:USDT', 'WLD/USDT:USDT', 'XAG/USDT:USDT', 'XAU/USDT:USDT', 'XAUT/USDT:USDT']
2026-07-31 03:37:12,374 [INFO] [SCAN] 스캔 시작: 30개 페어 (캐시 31개 보유)
2026-07-31 03:37:26,222 [INFO] [SCAN] 완료: 30개 종목 · 신호 0개 · API 호출 30회 · 캐시 히트 0회
2026-07-31 03:37:41,491 [INFO] [SCAN] 블랙리스트 4개 제외: ['IP/USDT:USDT', 'NES/USDT:USDT', 'WLD/USDT:USDT', 'XAG/USDT:USDT', 'XAU/USDT:USDT', 'XAUT/USDT:USDT']
2026-07-31 03:37:41,492 [INFO] [SCAN] 스캔 시작: 30개 페어 (캐시 31개 보유)
2026-07-31 03:37:55,391 [INFO] [SCAN] 완료: 30개 종목 · 신호 0개 · API 호출 30회 · 캐시 히트 0회
2026-07-31 03:38:12,515 [INFO] [상태] 잔고:$10.15 | 포지션:2개 | 스캔:358회 | 스캐너:ON
2026-07-31 03:38:12,820 [INFO] [SCAN] 블랙리스트 4개 제외: ['IP/USDT:USDT', 'NES/USDT:USDT', 'WLD/USDT:USDT', 'XAG/USDT:USDT', 'XAU/USDT:USDT', 'XAUT/USDT:USDT']
2026-07-31 03:38:12,820 [INFO] [SCAN] 스캔 시작: 30개 페어 (캐시 31개 보유)
2026-07-31 03:38:26,668 [INFO] [SCAN] 완료: 30개 종목 · 신호 0개 · API 호출 30회 · 캐시 히트 0회
2026-07-31 03:38:41,933 [INFO] [SCAN] 블랙리스트 4개 제외: ['IP/USDT:USDT', 'NES/USDT:USDT', 'WLD/USDT:USDT', 'XAG/USDT:USDT', 'XAU/USDT:USDT', 'XAUT/USDT:USDT']
2026-07-31 03:38:41,933 [INFO] [SCAN] 스캔 시작: 30개 페어 (캐시 31개 보유)
2026-07-31 03:38:54,930 [INFO] [SCAN] 완료: 30개 종목 · 신호 0개 · API 호출 30회 · 캐시 히트 0회
2026-07-31 03:39:10,212 [INFO] [SCAN] 블랙리스트 4개 제외: ['IP/USDT:USDT', 'NES/USDT:USDT', 'WLD/USDT:USDT', 'XAG/USDT:USDT', 'XAU/USDT:USDT', 'XAUT/USDT:USDT']
2026-07-31 03:39:10,212 [INFO] [SCAN] 스캔 시작: 30개 페어 (캐시 31개 보유)
2026-07-31 03:39:12,986 [INFO] [상태] 잔고:$10.14 | 포지션:2개 | 스캔:360회 | 스캐너:ON
2026-07-31 03:39:24,456 [INFO] [SCAN] 완료: 30개 종목 · 신호 0개 · API 호출 30회 · 캐시 히트 0회
2026-07-31 03:39:41,575 [INFO] [SCAN] 블랙리스트 4개 제외: ['IP/USDT:USDT', 'NES/USDT:USDT', 'WLD/USDT:USDT', 'XAG/USDT:USDT', 'XAU/USDT:USDT', 'XAUT/USDT:USDT']
2026-07-31 03:39:41,575 [INFO] [SCAN] 스캔 시작: 30개 페어 (캐시 31개 보유)
2026-07-31 03:39:54,896 [INFO] [SCAN] 완료: 30개 종목 · 신호 0개 · API 호출 30회 · 캐시 히트 0회
2026-07-31 03:40:10,154 [INFO] [SCAN] 블랙리스트 4개 제외: ['IP/USDT:USDT', 'NES/USDT:USDT', 'WLD/USDT:USDT', 'XAG/USDT:USDT', 'XAU/USDT:USDT', 'XAUT/USDT:USDT']
2026-07-31 03:40:10,154 [INFO] [SCAN] 스캔 시작: 30개 페어 (캐시 31개 보유)
2026-07-31 03:40:13,752 [INFO] [상태] 잔고:$10.13 | 포지션:2개 | 스캔:362회 | 스캐너:ON
2026-07-31 03:40:23,666 [INFO] [SCAN] 완료: 30개 종목 · 신호 0개 · API 호출 30회 · 캐시 히트 0회
2026-07-31 03:40:38,939 [INFO] [SCAN] 블랙리스트 4개 제외: ['IP/USDT:USDT', 'NES/USDT:USDT', 'WLD/USDT:USDT', 'XAG/USDT:USDT', 'XAU/USDT:USDT', 'XAUT/USDT:USDT']
2026-07-31 03:40:38,941 [INFO] [SCAN] 스캔 시작: 30개 페어 (캐시 31개 보유)
2026-07-31 03:40:52,056 [INFO] [SCAN] 완료: 30개 종목 · 신호 0개 · API 호출 30회 · 캐시 히트 0회
2026-07-31 03:41:09,055 [INFO] [SCAN] 블랙리스트 4개 제외: ['IP/USDT:USDT', 'NES/USDT:USDT', 'WLD/USDT:USDT', 'XAG/USDT:USDT', 'XAU/USDT:USDT', 'XAUT/USDT:USDT']
2026-07-31 03:41:09,055 [INFO] [SCAN] 스캔 시작: 30개 페어 (캐시 31개 보유)
2026-07-31 03:41:14,352 [INFO] [상태] 잔고:$10.13 | 포지션:2개 | 스캔:364회 | 스캐너:ON
2026-07-31 03:41:22,513 [INFO] [SCAN] 완료: 30개 종목 · 신호 0개 · API 호출 30회 · 캐시 히트 0회
2026-07-31 03:41:37,762 [INFO] [SCAN] 블랙리스트 4개 제외: ['IP/USDT:USDT', 'NES/USDT:USDT', 'WLD/USDT:USDT', 'XAG/USDT:USDT', 'XAU/USDT:USDT', 'XAUT/USDT:USDT']
2026-07-31 03:41:37,762 [INFO] [SCAN] 스캔 시작: 30개 페어 (캐시 31개 보유)
2026-07-31 03:41:50,825 [INFO] [SCAN] 완료: 30개 종목 · 신호 0개 · API 호출 30회 · 캐시 히트 0회
2026-07-31 03:42:06,058 [INFO] [SCAN] 블랙리스트 4개 제외: ['IP/USDT:USDT', 'NES/USDT:USDT', 'WLD/USDT:USDT', 'XAG/USDT:USDT', 'XAU/USDT:USDT', 'XAUT/USDT:USDT']
2026-07-31 03:42:06,058 [INFO] [SCAN] 스캔 시작: 30개 페어 (캐시 31개 보유)
2026-07-31 03:42:14,832 [INFO] [상태] 잔고:$10.13 | 포지션:2개 | 스캔:366회 | 스캐너:ON
2026-07-31 03:42:19,304 [INFO] [SCAN] 완료: 30개 종목 · 신호 0개 · API 호출 30회 · 캐시 히트 0회
2026-07-31 03:42:36,245 [INFO] [SCAN] 블랙리스트 4개 제외: ['IP/USDT:USDT', 'NES/USDT:USDT', 'WLD/USDT:USDT', 'XAG/USDT:USDT', 'XAU/USDT:USDT', 'XAUT/USDT:USDT']
2026-07-31 03:42:36,246 [INFO] [SCAN] 스캔 시작: 30개 페어 (캐시 31개 보유)
2026-07-31 03:42:49,399 [INFO] [SCAN] 완료: 30개 종목 · 신호 0개 · API 호출 30회 · 캐시 히트 0회
2026-07-31 03:43:04,642 [INFO] [SCAN] 블랙리스트 4개 제외: ['IP/USDT:USDT', 'NES/USDT:USDT', 'WLD/USDT:USDT', 'XAG/USDT:USDT', 'XAU/USDT:USDT', 'XAUT/USDT:USDT']
2026-07-31 03:43:04,643 [INFO] [SCAN] 스캔 시작: 30개 페어 (캐시 31개 보유)
2026-07-31 03:43:15,445 [INFO] [상태] 잔고:$10.12 | 포지션:2개 | 스캔:368회 | 스캐너:ON
2026-07-31 03:43:17,972 [INFO] [SCAN] 완료: 30개 종목 · 신호 0개 · API 호출 30회 · 캐시 히트 0회
2026-07-31 03:43:33,218 [INFO] [SCAN] 블랙리스트 4개 제외: ['IP/USDT:USDT', 'NES/USDT:USDT', 'WLD/USDT:USDT', 'XAG/USDT:USDT', 'XAU/USDT:USDT', 'XAUT/USDT:USDT']
2026-07-31 03:43:33,218 [INFO] [SCAN] 스캔 시작: 30개 페어 (캐시 31개 보유)
2026-07-31 03:43:46,364 [INFO] [SCAN] 완료: 30개 종목 · 신호 0개 · API 호출 30회 · 캐시 히트 0회
2026-07-31 03:44:03,400 [INFO] [SCAN] 블랙리스트 4개 제외: ['IP/USDT:USDT', 'NES/USDT:USDT', 'WLD/USDT:USDT', 'XAG/USDT:USDT', 'XAU/USDT:USDT', 'XAUT/USDT:USDT']
2026-07-31 03:44:03,400 [INFO] [SCAN] 스캔 시작: 30개 페어 (캐시 31개 보유)
2026-07-31 03:44:16,002 [INFO] [상태] 잔고:$10.12 | 포지션:2개 | 스캔:370회 | 스캐너:ON
2026-07-31 03:44:16,908 [INFO] [SCAN] 완료: 30개 종목 · 신호 0개 · API 호출 30회 · 캐시 히트 0회
2026-07-31 03:44:32,148 [INFO] [SCAN] 블랙리스트 4개 제외: ['IP/USDT:USDT', 'NES/USDT:USDT', 'WLD/USDT:USDT', 'XAG/USDT:USDT', 'XAU/USDT:USDT', 'XAUT/USDT:USDT']
2026-07-31 03:44:32,149 [INFO] [SCAN] 스캔 시작: 30개 페어 (캐시 31개 보유)
2026-07-31 03:44:45,376 [INFO] [SCAN] 완료: 30개 종목 · 신호 0개 · API 호출 30회 · 캐시 히트 0회
2026-07-31 03:45:00,710 [INFO] [SCAN] 블랙리스트 4개 제외: ['IP/USDT:USDT', 'NES/USDT:USDT', 'WLD/USDT:USDT', 'XAG/USDT:USDT', 'XAU/USDT:USDT', 'XAUT/USDT:USDT']
2026-07-31 03:45:00,710 [INFO] [SCAN] 스캔 시작: 30개 페어 (캐시 31개 보유)
2026-07-31 03:45:14,136 [INFO] [SCAN] 완료: 30개 종목 · 신호 0개 · API 호출 30회 · 캐시 히트 0회
2026-07-31 03:45:16,649 [INFO] [상태] 잔고:$10.13 | 포지션:2개 | 스캔:373회 | 스캐너:ON
2026-07-31 03:45:31,185 [INFO] [SCAN] 블랙리스트 4개 제외: ['IP/USDT:USDT', 'NES/USDT:USDT', 'WLD/USDT:USDT', 'XAG/USDT:USDT', 'XAU/USDT:USDT', 'XAUT/USDT:USDT']
2026-07-31 03:45:31,185 [INFO] [SCAN] 스캔 시작: 30개 페어 (캐시 31개 보유)
2026-07-31 03:45:45,001 [INFO] [SCAN] 완료: 30개 종목 · 신호 0개 · API 호출 30회 · 캐시 히트 0회
2026-07-31 03:46:00,289 [INFO] [SCAN] 블랙리스트 4개 제외: ['IP/USDT:USDT', 'NES/USDT:USDT', 'WLD/USDT:USDT', 'XAG/USDT:USDT', 'XAU/USDT:USDT', 'XAUT/USDT:USDT']
2026-07-31 03:46:00,289 [INFO] [SCAN] 스캔 시작: 30개 페어 (캐시 31개 보유)
2026-07-31 03:46:13,437 [INFO] [SCAN] 완료: 30개 종목 · 신호 0개 · API 호출 30회 · 캐시 히트 0회
2026-07-31 03:46:17,218 [INFO] [상태] 잔고:$10.14 | 포지션:2개 | 스캔:375회 | 스캐너:ON
2026-07-31 03:46:28,804 [INFO] [SCAN] 블랙리스트 4개 제외: ['IP/USDT:USDT', 'NES/USDT:USDT', 'WLD/USDT:USDT', 'XAG/USDT:USDT', 'XAU/USDT:USDT', 'XAUT/USDT:USDT']
2026-07-31 03:46:28,804 [INFO] [SCAN] 스캔 시작: 30개 페어 (캐시 31개 보유)
2026-07-31 03:46:42,102 [INFO] [SCAN] 완료: 30개 종목 · 신호 0개 · API 호출 30회 · 캐시 히트 0회
2026-07-31 03:46:59,088 [INFO] [SCAN] 블랙리스트 4개 제외: ['IP/USDT:USDT', 'NES/USDT:USDT', 'WLD/USDT:USDT', 'XAG/USDT:USDT', 'XAU/USDT:USDT', 'XAUT/USDT:USDT']
2026-07-31 03:46:59,088 [INFO] [SCAN] 스캔 시작: 30개 페어 (캐시 31개 보유)
2026-07-31 03:47:12,547 [INFO] [SCAN] 완료: 30개 종목 · 신호 0개 · API 호출 30회 · 캐시 히트 0회
2026-07-31 03:47:17,812 [INFO] [상태] 잔고:$10.14 | 포지션:2개 | 스캔:377회 | 스캐너:ON
2026-07-31 03:47:27,922 [INFO] [SCAN] 블랙리스트 4개 제외: ['IP/USDT:USDT', 'NES/USDT:USDT', 'WLD/USDT:USDT', 'XAG/USDT:USDT', 'XAU/USDT:USDT', 'XAUT/USDT:USDT']
2026-07-31 03:47:27,922 [INFO] [SCAN] 스캔 시작: 30개 페어 (캐시 31개 보유)
2026-07-31 03:47:41,375 [INFO] [SCAN] 완료: 30개 종목 · 신호 0개 · API 호출 30회 · 캐시 히트 0회
2026-07-31 03:47:56,632 [INFO] [SCAN] 블랙리스트 4개 제외: ['IP/USDT:USDT', 'NES/USDT:USDT', 'WLD/USDT:USDT', 'XAG/USDT:USDT', 'XAU/USDT:USDT', 'XAUT/USDT:USDT']
2026-07-31 03:47:56,632 [INFO] [SCAN] 스캔 시작: 30개 페어 (캐시 31개 보유)
2026-07-31 03:48:09,594 [INFO] [SCAN] 완료: 30개 종목 · 신호 0개 · API 호출 30회 · 캐시 히트 0회
2026-07-31 03:48:18,411 [INFO] [상태] 잔고:$10.13 | 포지션:2개 | 스캔:379회 | 스캐너:ON
2026-07-31 03:48:26,804 [INFO] [SCAN] 블랙리스트 4개 제외: ['IP/USDT:USDT', 'NES/USDT:USDT', 'WLD/USDT:USDT', 'XAG/USDT:USDT', 'XAU/USDT:USDT', 'XAUT/USDT:USDT']
2026-07-31 03:48:26,804 [INFO] [SCAN] 스캔 시작: 30개 페어 (캐시 31개 보유)
2026-07-31 03:48:39,826 [INFO] [SCAN] 완료: 30개 종목 · 신호 0개 · API 호출 30회 · 캐시 히트 0회
2026-07-31 03:48:55,066 [INFO] [SCAN] 블랙리스트 4개 제외: ['IP/USDT:USDT', 'NES/USDT:USDT', 'WLD/USDT:USDT', 'XAG/USDT:USDT', 'XAU/USDT:USDT', 'XAUT/USDT:USDT']
2026-07-31 03:48:55,067 [INFO] [SCAN] 스캔 시작: 30개 페어 (캐시 31개 보유)
2026-07-31 03:49:08,235 [INFO] [SCAN] 완료: 30개 종목 · 신호 0개 · API 호출 30회 · 캐시 히트 0회
2026-07-31 03:49:18,853 [INFO] [상태] 잔고:$10.13 | 포지션:2개 | 스캔:381회 | 스캐너:ON
2026-07-31 03:49:23,616 [INFO] [SCAN] 블랙리스트 4개 제외: ['IP/USDT:USDT', 'NES/USDT:USDT', 'WLD/USDT:USDT', 'XAG/USDT:USDT', 'XAU/USDT:USDT', 'XAUT/USDT:USDT']
2026-07-31 03:49:23,616 [INFO] [SCAN] 스캔 시작: 30개 페어 (캐시 31개 보유)
2026-07-31 03:49:36,829 [INFO] [SCAN] 완료: 30개 종목 · 신호 0개 · API 호출 30회 · 캐시 히트 0회
2026-07-31 03:49:53,757 [INFO] [SCAN] 블랙리스트 4개 제외: ['IP/USDT:USDT', 'NES/USDT:USDT', 'WLD/USDT:USDT', 'XAG/USDT:USDT', 'XAU/USDT:USDT', 'XAUT/USDT:USDT']
2026-07-31 03:49:53,757 [INFO] [SCAN] 스캔 시작: 30개 페어 (캐시 31개 보유)
2026-07-31 03:50:06,886 [INFO] [SCAN] 완료: 30개 종목 · 신호 0개 · API 호출 30회 · 캐시 히트 0회
2026-07-31 03:50:19,420 [INFO] [상태] 잔고:$10.12 | 포지션:2개 | 스캔:383회 | 스캐너:ON
2026-07-31 03:50:22,450 [INFO] [SCAN] 블랙리스트 4개 제외: ['IP/USDT:USDT', 'NES/USDT:USDT', 'WLD/USDT:USDT', 'XAG/USDT:USDT', 'XAU/USDT:USDT', 'XAUT/USDT:USDT']
2026-07-31 03:50:22,450 [INFO] [SCAN] 스캔 시작: 30개 페어 (캐시 31개 보유)
2026-07-31 03:50:35,404 [INFO] [SCAN] 완료: 30개 종목 · 신호 0개 · API 호출 30회 · 캐시 히트 0회
2026-07-31 03:50:50,648 [INFO] [SCAN] 블랙리스트 4개 제외: ['IP/USDT:USDT', 'NES/USDT:USDT', 'WLD/USDT:USDT', 'XAG/USDT:USDT', 'XAU/USDT:USDT', 'XAUT/USDT:USDT']
2026-07-31 03:50:50,648 [INFO] [SCAN] 스캔 시작: 30개 페어 (캐시 31개 보유)
2026-07-31 03:51:03,577 [INFO] [SCAN] 완료: 30개 종목 · 신호 0개 · API 호출 30회 · 캐시 히트 0회
2026-07-31 03:51:19,908 [INFO] [상태] 잔고:$10.12 | 포지션:2개 | 스캔:385회 | 스캐너:ON
2026-07-31 03:51:20,602 [INFO] [SCAN] 블랙리스트 4개 제외: ['IP/USDT:USDT', 'NES/USDT:USDT', 'WLD/USDT:USDT', 'XAG/USDT:USDT', 'XAU/USDT:USDT', 'XAUT/USDT:USDT']
2026-07-31 03:51:20,602 [INFO] [SCAN] 스캔 시작: 30개 페어 (캐시 31개 보유)
2026-07-31 03:51:33,600 [INFO] [SCAN] 완료: 30개 종목 · 신호 0개 · API 호출 30회 · 캐시 히트 0회
2026-07-31 03:51:48,877 [INFO] [SCAN] 블랙리스트 4개 제외: ['IP/USDT:USDT', 'NES/USDT:USDT', 'WLD/USDT:USDT', 'XAG/USDT:USDT', 'XAU/USDT:USDT', 'XAUT/USDT:USDT']
2026-07-31 03:51:48,877 [INFO] [SCAN] 스캔 시작: 30개 페어 (캐시 31개 보유)
2026-07-31 03:52:01,832 [INFO] [SCAN] 완료: 30개 종목 · 신호 0개 · API 호출 30회 · 캐시 히트 0회
2026-07-31 03:52:17,092 [INFO] [SCAN] 블랙리스트 4개 제외: ['IP/USDT:USDT', 'NES/USDT:USDT', 'WLD/USDT:USDT', 'XAG/USDT:USDT', 'XAU/USDT:USDT', 'XAUT/USDT:USDT']
2026-07-31 03:52:17,092 [INFO] [SCAN] 스캔 시작: 30개 페어 (캐시 31개 보유)
2026-07-31 03:52:20,394 [INFO] [상태] 잔고:$10.11 | 포지션:2개 | 스캔:387회 | 스캐너:ON
2026-07-31 03:52:30,421 [INFO] [SCAN] 완료: 30개 종목 · 신호 0개 · API 호출 30회 · 캐시 히트 0회
2026-07-31 03:52:47,308 [INFO] [SCAN] 블랙리스트 4개 제외: ['IP/USDT:USDT', 'NES/USDT:USDT', 'WLD/USDT:USDT', 'XAG/USDT:USDT', 'XAU/USDT:USDT', 'XAUT/USDT:USDT']
2026-07-31 03:52:47,308 [INFO] [SCAN] 스캔 시작: 30개 페어 (캐시 31개 보유)
2026-07-31 03:53:00,483 [INFO] [SCAN] 완료: 30개 종목 · 신호 0개 · API 호출 30회 · 캐시 히트 0회
2026-07-31 03:53:15,729 [INFO] [SCAN] 블랙리스트 4개 제외: ['IP/USDT:USDT', 'NES/USDT:USDT', 'WLD/USDT:USDT', 'XAG/USDT:USDT', 'XAU/USDT:USDT', 'XAUT/USDT:USDT']
2026-07-31 03:53:15,729 [INFO] [SCAN] 스캔 시작: 30개 페어 (캐시 31개 보유)
2026-07-31 03:53:20,832 [INFO] [상태] 잔고:$10.11 | 포지션:2개 | 스캔:389회 | 스캐너:ON
2026-07-31 03:53:29,117 [INFO] [SCAN] 완료: 30개 종목 · 신호 0개 · API 호출 30회 · 캐시 히트 0회
2026-07-31 03:53:44,379 [INFO] [SCAN] 블랙리스트 4개 제외: ['IP/USDT:USDT', 'NES/USDT:USDT', 'WLD/USDT:USDT', 'XAG/USDT:USDT', 'XAU/USDT:USDT', 'XAUT/USDT:USDT']
2026-07-31 03:53:44,379 [INFO] [SCAN] 스캔 시작: 30개 페어 (캐시 31개 보유)
2026-07-31 03:53:57,362 [INFO] [SCAN] 완료: 30개 종목 · 신호 0개 · API 호출 30회 · 캐시 히트 0회
2026-07-31 03:54:14,414 [INFO] [SCAN] 블랙리스트 4개 제외: ['IP/USDT:USDT', 'NES/USDT:USDT', 'WLD/USDT:USDT', 'XAG/USDT:USDT', 'XAU/USDT:USDT', 'XAUT/USDT:USDT']
2026-07-31 03:54:14,414 [INFO] [SCAN] 스캔 시작: 30개 페어 (캐시 31개 보유)
2026-07-31 03:54:21,311 [INFO] [상태] 잔고:$10.11 | 포지션:2개 | 스캔:391회 | 스캐너:ON
2026-07-31 03:54:27,945 [INFO] [SCAN] 완료: 30개 종목 · 신호 0개 · API 호출 30회 · 캐시 히트 0회
2026-07-31 03:54:43,183 [INFO] [SCAN] 블랙리스트 4개 제외: ['IP/USDT:USDT', 'NES/USDT:USDT', 'WLD/USDT:USDT', 'XAG/USDT:USDT', 'XAU/USDT:USDT', 'XAUT/USDT:USDT']
2026-07-31 03:54:43,184 [INFO] [SCAN] 스캔 시작: 30개 페어 (캐시 31개 보유)
2026-07-31 03:54:56,201 [INFO] [SCAN] 완료: 30개 종목 · 신호 0개 · API 호출 30회 · 캐시 히트 0회
2026-07-31 03:55:11,450 [INFO] [SCAN] 블랙리스트 4개 제외: ['IP/USDT:USDT', 'NES/USDT:USDT', 'WLD/USDT:USDT', 'XAG/USDT:USDT', 'XAU/USDT:USDT', 'XAUT/USDT:USDT']
2026-07-31 03:55:11,451 [INFO] [SCAN] 스캔 시작: 30개 페어 (캐시 31개 보유)
2026-07-31 03:55:21,746 [INFO] [상태] 잔고:$10.10 | 포지션:2개 | 스캔:393회 | 스캐너:ON
2026-07-31 03:55:24,914 [INFO] [SCAN] 완료: 30개 종목 · 신호 0개 · API 호출 30회 · 캐시 히트 0회
2026-07-31 03:55:41,962 [INFO] [SCAN] 블랙리스트 4개 제외: ['IP/USDT:USDT', 'NES/USDT:USDT', 'WLD/USDT:USDT', 'XAG/USDT:USDT', 'XAU/USDT:USDT', 'XAUT/USDT:USDT']
2026-07-31 03:55:41,962 [INFO] [SCAN] 스캔 시작: 30개 페어 (캐시 31개 보유)
2026-07-31 03:55:55,039 [INFO] [SCAN] 완료: 30개 종목 · 신호 0개 · API 호출 30회 · 캐시 히트 0회
2026-07-31 03:56:10,281 [INFO] [SCAN] 블랙리스트 4개 제외: ['IP/USDT:USDT', 'NES/USDT:USDT', 'WLD/USDT:USDT', 'XAG/USDT:USDT', 'XAU/USDT:USDT', 'XAUT/USDT:USDT']
2026-07-31 03:56:10,282 [INFO] [SCAN] 스캔 시작: 30개 페어 (캐시 31개 보유)
2026-07-31 03:56:22,316 [INFO] [상태] 잔고:$10.11 | 포지션:2개 | 스캔:395회 | 스캐너:ON
2026-07-31 03:56:23,708 [INFO] [SCAN] 완료: 30개 종목 · 신호 0개 · API 호출 30회 · 캐시 히트 0회
2026-07-31 03:56:38,960 [INFO] [SCAN] 블랙리스트 4개 제외: ['IP/USDT:USDT', 'NES/USDT:USDT', 'WLD/USDT:USDT', 'XAG/USDT:USDT', 'XAU/USDT:USDT', 'XAUT/USDT:USDT']
2026-07-31 03:56:38,960 [INFO] [SCAN] 스캔 시작: 30개 페어 (캐시 31개 보유)
2026-07-31 03:56:52,208 [INFO] [SCAN] 완료: 30개 종목 · 신호 0개 · API 호출 30회 · 캐시 히트 0회
2026-07-31 03:57:09,247 [INFO] [SCAN] 블랙리스트 4개 제외: ['IP/USDT:USDT', 'NES/USDT:USDT', 'WLD/USDT:USDT', 'XAG/USDT:USDT', 'XAU/USDT:USDT', 'XAUT/USDT:USDT']
2026-07-31 03:57:09,247 [INFO] [SCAN] 스캔 시작: 30개 페어 (캐시 31개 보유)
2026-07-31 03:57:22,377 [INFO] [SCAN] 완료: 30개 종목 · 신호 0개 · API 호출 30회 · 캐시 히트 0회
2026-07-31 03:57:22,854 [INFO] [상태] 잔고:$10.09 | 포지션:2개 | 스캔:398회 | 스캐너:ON
2026-07-31 03:57:37,759 [INFO] [SCAN] 블랙리스트 4개 제외: ['IP/USDT:USDT', 'NES/USDT:USDT', 'WLD/USDT:USDT', 'XAG/USDT:USDT', 'XAU/USDT:USDT', 'XAUT/USDT:USDT']
2026-07-31 03:57:37,759 [INFO] [SCAN] 스캔 시작: 30개 페어 (캐시 31개 보유)
2026-07-31 03:57:50,982 [INFO] [SCAN] 완료: 30개 종목 · 신호 0개 · API 호출 30회 · 캐시 히트 0회
2026-07-31 03:58:06,272 [INFO] [SCAN] 블랙리스트 4개 제외: ['IP/USDT:USDT', 'NES/USDT:USDT', 'WLD/USDT:USDT', 'XAG/USDT:USDT', 'XAU/USDT:USDT', 'XAUT/USDT:USDT']
2026-07-31 03:58:06,272 [INFO] [SCAN] 스캔 시작: 30개 페어 (캐시 31개 보유)
2026-07-31 03:58:19,641 [INFO] [SCAN] 완료: 30개 종목 · 신호 0개 · API 호출 30회 · 캐시 히트 0회
2026-07-31 03:58:23,516 [INFO] [상태] 잔고:$10.10 | 포지션:2개 | 스캔:400회 | 스캐너:ON
2026-07-31 03:58:36,644 [INFO] [SCAN] 블랙리스트 4개 제외: ['IP/USDT:USDT', 'NES/USDT:USDT', 'WLD/USDT:USDT', 'XAG/USDT:USDT', 'XAU/USDT:USDT', 'XAUT/USDT:USDT']
2026-07-31 03:58:36,644 [INFO] [SCAN] 스캔 시작: 30개 페어 (캐시 31개 보유)
2026-07-31 03:58:49,846 [INFO] [SCAN] 완료: 30개 종목 · 신호 0개 · API 호출 30회 · 캐시 히트 0회
2026-07-31 03:59:05,105 [INFO] [SCAN] 블랙리스트 4개 제외: ['IP/USDT:USDT', 'NES/USDT:USDT', 'WLD/USDT:USDT', 'XAG/USDT:USDT', 'XAU/USDT:USDT', 'XAUT/USDT:USDT']
2026-07-31 03:59:05,105 [INFO] [SCAN] 스캔 시작: 30개 페어 (캐시 31개 보유)
2026-07-31 03:59:18,381 [INFO] [SCAN] 완료: 30개 종목 · 신호 0개 · API 호출 30회 · 캐시 히트 0회
2026-07-31 03:59:23,950 [INFO] [상태] 잔고:$10.11 | 포지션:2개 | 스캔:402회 | 스캐너:ON
2026-07-31 03:59:33,764 [INFO] [SCAN] 블랙리스트 4개 제외: ['IP/USDT:USDT', 'NES/USDT:USDT', 'WLD/USDT:USDT', 'XAG/USDT:USDT', 'XAU/USDT:USDT', 'XAUT/USDT:USDT']
2026-07-31 03:59:33,765 [INFO] [SCAN] 스캔 시작: 30개 페어 (캐시 31개 보유)
2026-07-31 03:59:46,868 [INFO] [SCAN] 완료: 30개 종목 · 신호 0개 · API 호출 30회 · 캐시 히트 0회
2026-07-31 04:00:03,770 [INFO] [SCAN] 블랙리스트 4개 제외: ['IP/USDT:USDT', 'NES/USDT:USDT', 'WLD/USDT:USDT', 'XAG/USDT:USDT', 'XAU/USDT:USDT', 'XAUT/USDT:USDT']
2026-07-31 04:00:03,770 [INFO] [SCAN] 스캔 시작: 30개 페어 (캐시 31개 보유)
2026-07-31 04:00:16,747 [INFO] [SCAN] 완료: 30개 종목 · 신호 0개 · API 호출 30회 · 캐시 히트 0회
2026-07-31 04:00:24,500 [INFO] [상태] 잔고:$10.01 | 포지션:2개 | 스캔:404회 | 스캐너:ON
2026-07-31 04:00:32,160 [INFO] [SCAN] 블랙리스트 4개 제외: ['IP/USDT:USDT', 'NES/USDT:USDT', 'WLD/USDT:USDT', 'XAG/USDT:USDT', 'XAU/USDT:USDT', 'XAUT/USDT:USDT']
2026-07-31 04:00:32,161 [INFO] [SCAN] 스캔 시작: 30개 페어 (캐시 31개 보유)
2026-07-31 04:00:45,212 [INFO] [SCAN] 완료: 30개 종목 · 신호 0개 · API 호출 30회 · 캐시 히트 0회
2026-07-31 04:01:00,471 [INFO] [SCAN] 블랙리스트 4개 제외: ['IP/USDT:USDT', 'NES/USDT:USDT', 'WLD/USDT:USDT', 'XAG/USDT:USDT', 'XAU/USDT:USDT', 'XAUT/USDT:USDT']
2026-07-31 04:01:00,472 [INFO] [SCAN] 스캔 시작: 30개 페어 (캐시 31개 보유)
2026-07-31 04:01:13,569 [INFO] [SCAN] 완료: 30개 종목 · 신호 0개 · API 호출 30회 · 캐시 히트 0회
2026-07-31 04:01:25,101 [INFO] [상태] 잔고:$10.03 | 포지션:2개 | 스캔:406회 | 스캐너:ON
2026-07-31 04:01:30,561 [INFO] [SCAN] 블랙리스트 4개 제외: ['IP/USDT:USDT', 'NES/USDT:USDT', 'WLD/USDT:USDT', 'XAG/USDT:USDT', 'XAU/USDT:USDT', 'XAUT/USDT:USDT']
2026-07-31 04:01:30,561 [INFO] [SCAN] 스캔 시작: 30개 페어 (캐시 31개 보유)
2026-07-31 04:01:43,558 [INFO] [SCAN] 완료: 30개 종목 · 신호 0개 · API 호출 30회 · 캐시 히트 0회
2026-07-31 04:01:58,825 [INFO] [SCAN] 블랙리스트 4개 제외: ['IP/USDT:USDT', 'NES/USDT:USDT', 'WLD/USDT:USDT', 'XAG/USDT:USDT', 'XAU/USDT:USDT', 'XAUT/USDT:USDT']
2026-07-31 04:01:58,825 [INFO] [SCAN] 스캔 시작: 30개 페어 (캐시 31개 보유)
2026-07-31 04:02:11,831 [INFO] [SCAN] 완료: 30개 종목 · 신호 0개 · API 호출 30회 · 캐시 히트 0회
2026-07-31 04:02:25,544 [INFO] [상태] 잔고:$10.05 | 포지션:2개 | 스캔:408회 | 스캐너:ON
2026-07-31 04:02:27,246 [INFO] [SCAN] 블랙리스트 4개 제외: ['IP/USDT:USDT', 'NES/USDT:USDT', 'WLD/USDT:USDT', 'XAG/USDT:USDT', 'XAU/USDT:USDT', 'XAUT/USDT:USDT']
2026-07-31 04:02:27,246 [INFO] [SCAN] 스캔 시작: 30개 페어 (캐시 31개 보유)
2026-07-31 04:02:40,464 [INFO] [SCAN] 완료: 30개 종목 · 신호 0개 · API 호출 30회 · 캐시 히트 0회
2026-07-31 04:02:57,478 [INFO] [SCAN] 블랙리스트 4개 제외: ['IP/USDT:USDT', 'NES/USDT:USDT', 'WLD/USDT:USDT', 'XAG/USDT:USDT', 'XAU/USDT:USDT', 'XAUT/USDT:USDT']
2026-07-31 04:02:57,478 [INFO] [SCAN] 스캔 시작: 30개 페어 (캐시 31개 보유)
2026-07-31 04:03:11,111 [INFO] [SCAN] 완료: 30개 종목 · 신호 0개 · API 호출 30회 · 캐시 히트 0회
2026-07-31 04:03:26,147 [INFO] [상태] 잔고:$10.06 | 포지션:2개 | 스캔:410회 | 스캐너:ON
2026-07-31 04:03:26,624 [INFO] [SCAN] 블랙리스트 4개 제외: ['IP/USDT:USDT', 'NES/USDT:USDT', 'WLD/USDT:USDT', 'XAG/USDT:USDT', 'XAU/USDT:USDT', 'XAUT/USDT:USDT']
2026-07-31 04:03:26,625 [INFO] [SCAN] 스캔 시작: 30개 페어 (캐시 31개 보유)
2026-07-31 04:03:39,978 [INFO] [SCAN] 완료: 30개 종목 · 신호 0개 · API 호출 30회 · 캐시 히트 0회
2026-07-31 04:03:55,237 [INFO] [SCAN] 블랙리스트 4개 제외: ['IP/USDT:USDT', 'NES/USDT:USDT', 'WLD/USDT:USDT', 'XAG/USDT:USDT', 'XAU/USDT:USDT', 'XAUT/USDT:USDT']
2026-07-31 04:03:55,237 [INFO] [SCAN] 스캔 시작: 30개 페어 (캐시 31개 보유)
2026-07-31 04:04:08,549 [INFO] [SCAN] 완료: 30개 종목 · 신호 0개 · API 호출 30회 · 캐시 히트 0회
2026-07-31 04:04:25,459 [INFO] [SCAN] 블랙리스트 4개 제외: ['IP/USDT:USDT', 'NES/USDT:USDT', 'WLD/USDT:USDT', 'XAG/USDT:USDT', 'XAU/USDT:USDT', 'XAUT/USDT:USDT']
2026-07-31 04:04:25,459 [INFO] [SCAN] 스캔 시작: 30개 페어 (캐시 31개 보유)
2026-07-31 04:04:26,714 [INFO] [상태] 잔고:$10.05 | 포지션:2개 | 스캔:412회 | 스캐너:ON
2026-07-31 04:04:39,174 [INFO] [SCAN] 완료: 30개 종목 · 신호 0개 · API 호출 30회 · 캐시 히트 0회
2026-07-31 04:04:54,442 [INFO] [SCAN] 블랙리스트 4개 제외: ['IP/USDT:USDT', 'NES/USDT:USDT', 'WLD/USDT:USDT', 'XAG/USDT:USDT', 'XAU/USDT:USDT', 'XAUT/USDT:USDT']
2026-07-31 04:04:54,442 [INFO] [SCAN] 스캔 시작: 30개 페어 (캐시 31개 보유)
2026-07-31 04:05:07,871 [INFO] [SCAN] 완료: 30개 종목 · 신호 0개 · API 호출 30회 · 캐시 히트 0회
2026-07-31 04:05:23,164 [INFO] [SCAN] 블랙리스트 4개 제외: ['IP/USDT:USDT', 'NES/USDT:USDT', 'WLD/USDT:USDT', 'XAG/USDT:USDT', 'XAU/USDT:USDT', 'XAUT/USDT:USDT']
2026-07-31 04:05:23,165 [INFO] [SCAN] 스캔 시작: 30개 페어 (캐시 31개 보유)
2026-07-31 04:05:27,218 [INFO] [상태] 잔고:$10.04 | 포지션:2개 | 스캔:414회 | 스캐너:ON
2026-07-31 04:05:37,064 [INFO] [SCAN] 완료: 30개 종목 · 신호 0개 · API 호출 30회 · 캐시 히트 0회
2026-07-31 04:05:54,093 [INFO] [SCAN] 블랙리스트 4개 제외: ['IP/USDT:USDT', 'NES/USDT:USDT', 'WLD/USDT:USDT', 'XAG/USDT:USDT', 'XAU/USDT:USDT', 'XAUT/USDT:USDT']
2026-07-31 04:05:54,093 [INFO] [SCAN] 스캔 시작: 30개 페어 (캐시 31개 보유)
2026-07-31 04:06:07,342 [INFO] [SCAN] 완료: 30개 종목 · 신호 0개 · API 호출 30회 · 캐시 히트 0회
2026-07-31 04:06:22,638 [INFO] [SCAN] 블랙리스트 4개 제외: ['IP/USDT:USDT', 'NES/USDT:USDT', 'WLD/USDT:USDT', 'XAG/USDT:USDT', 'XAU/USDT:USDT', 'XAUT/USDT:USDT']
2026-07-31 04:06:22,638 [INFO] [SCAN] 스캔 시작: 30개 페어 (캐시 31개 보유)
2026-07-31 04:06:27,713 [INFO] [상태] 잔고:$10.04 | 포지션:2개 | 스캔:416회 | 스캐너:ON
2026-07-31 04:06:36,231 [INFO] [SCAN] 완료: 30개 종목 · 신호 0개 · API 호출 30회 · 캐시 히트 0회
2026-07-31 04:06:51,518 [INFO] [SCAN] 블랙리스트 4개 제외: ['IP/USDT:USDT', 'NES/USDT:USDT', 'WLD/USDT:USDT', 'XAG/USDT:USDT', 'XAU/USDT:USDT', 'XAUT/USDT:USDT']
2026-07-31 04:06:51,518 [INFO] [SCAN] 스캔 시작: 30개 페어 (캐시 31개 보유)
2026-07-31 04:07:05,202 [INFO] [SCAN] 완료: 30개 종목 · 신호 0개 · API 호출 30회 · 캐시 히트 0회
2026-07-31 04:07:22,238 [INFO] [SCAN] 블랙리스트 4개 제외: ['IP/USDT:USDT', 'NES/USDT:USDT', 'WLD/USDT:USDT', 'XAG/USDT:USDT', 'XAU/USDT:USDT', 'XAUT/USDT:USDT']
2026-07-31 04:07:22,239 [INFO] [SCAN] 스캔 시작: 30개 페어 (캐시 31개 보유)
2026-07-31 04:07:28,146 [INFO] [상태] 잔고:$10.05 | 포지션:2개 | 스캔:418회 | 스캐너:ON
2026-07-31 04:07:35,564 [INFO] [SCAN] 완료: 30개 종목 · 신호 0개 · API 호출 30회 · 캐시 히트 0회
2026-07-31 04:07:50,818 [INFO] [SCAN] 블랙리스트 4개 제외: ['IP/USDT:USDT', 'NES/USDT:USDT', 'WLD/USDT:USDT', 'XAG/USDT:USDT', 'XAU/USDT:USDT', 'XAUT/USDT:USDT']
2026-07-31 04:07:50,818 [INFO] [SCAN] 스캔 시작: 30개 페어 (캐시 31개 보유)
2026-07-31 04:08:04,041 [INFO] [SCAN] 완료: 30개 종목 · 신호 0개 · API 호출 30회 · 캐시 히트 0회
2026-07-31 04:08:19,283 [INFO] [SCAN] 블랙리스트 4개 제외: ['IP/USDT:USDT', 'NES/USDT:USDT', 'WLD/USDT:USDT', 'XAG/USDT:USDT', 'XAU/USDT:USDT', 'XAUT/USDT:USDT']
2026-07-31 04:08:19,283 [INFO] [SCAN] 스캔 시작: 30개 페어 (캐시 31개 보유)
2026-07-31 04:08:28,772 [INFO] [상태] 잔고:$10.07 | 포지션:2개 | 스캔:420회 | 스캐너:ON
2026-07-31 04:08:32,621 [INFO] [SCAN] 완료: 30개 종목 · 신호 0개 · API 호출 30회 · 캐시 히트 0회
2026-07-31 04:08:49,559 [INFO] [SCAN] 블랙리스트 4개 제외: ['IP/USDT:USDT', 'NES/USDT:USDT', 'WLD/USDT:USDT', 'XAG/USDT:USDT', 'XAU/USDT:USDT', 'XAUT/USDT:USDT']
2026-07-31 04:08:49,559 [INFO] [SCAN] 스캔 시작: 30개 페어 (캐시 31개 보유)
2026-07-31 04:09:02,851 [INFO] [SCAN] 완료: 30개 종목 · 신호 0개 · API 호출 30회 · 캐시 히트 0회
2026-07-31 04:09:18,101 [INFO] [SCAN] 블랙리스트 4개 제외: ['IP/USDT:USDT', 'NES/USDT:USDT', 'WLD/USDT:USDT', 'XAG/USDT:USDT', 'XAU/USDT:USDT', 'XAUT/USDT:USDT']
2026-07-31 04:09:18,101 [INFO] [SCAN] 스캔 시작: 30개 페어 (캐시 31개 보유)
2026-07-31 04:09:29,412 [INFO] [상태] 잔고:$10.05 | 포지션:2개 | 스캔:422회 | 스캐너:ON
2026-07-31 04:09:31,413 [INFO] [SCAN] 완료: 30개 종목 · 신호 0개 · API 호출 30회 · 캐시 히트 0회
2026-07-31 04:09:46,694 [INFO] [SCAN] 블랙리스트 4개 제외: ['IP/USDT:USDT', 'NES/USDT:USDT', 'WLD/USDT:USDT', 'XAG/USDT:USDT', 'XAU/USDT:USDT', 'XAUT/USDT:USDT']
2026-07-31 04:09:46,694 [INFO] [SCAN] 스캔 시작: 30개 페어 (캐시 31개 보유)
2026-07-31 04:09:59,728 [INFO] [SCAN] 완료: 30개 종목 · 신호 0개 · API 호출 30회 · 캐시 히트 0회
2026-07-31 04:10:16,671 [INFO] [SCAN] 블랙리스트 4개 제외: ['IP/USDT:USDT', 'NES/USDT:USDT', 'WLD/USDT:USDT', 'XAG/USDT:USDT', 'XAU/USDT:USDT', 'XAUT/USDT:USDT']
2026-07-31 04:10:16,671 [INFO] [SCAN] 스캔 시작: 30개 페어 (캐시 31개 보유)
2026-07-31 04:10:29,807 [INFO] [SCAN] 완료: 30개 종목 · 신호 0개 · API 호출 30회 · 캐시 히트 0회
2026-07-31 04:10:29,870 [INFO] [상태] 잔고:$10.05 | 포지션:2개 | 스캔:425회 | 스캐너:ON
2026-07-31 04:10:45,490 [INFO] [SCAN] 블랙리스트 4개 제외: ['IP/USDT:USDT', 'NES/USDT:USDT', 'WLD/USDT:USDT', 'XAG/USDT:USDT', 'XAU/USDT:USDT', 'XAUT/USDT:USDT']
2026-07-31 04:10:45,490 [INFO] [SCAN] 스캔 시작: 30개 페어 (캐시 31개 보유)
2026-07-31 04:10:58,727 [INFO] [SCAN] 완료: 30개 종목 · 신호 0개 · API 호출 30회 · 캐시 히트 0회
2026-07-31 04:11:13,968 [INFO] [SCAN] 블랙리스트 4개 제외: ['IP/USDT:USDT', 'NES/USDT:USDT', 'WLD/USDT:USDT', 'XAG/USDT:USDT', 'XAU/USDT:USDT', 'XAUT/USDT:USDT']
2026-07-31 04:11:13,968 [INFO] [SCAN] 스캔 시작: 30개 페어 (캐시 31개 보유)
2026-07-31 04:11:27,411 [INFO] [SCAN] 완료: 30개 종목 · 신호 0개 · API 호출 30회 · 캐시 히트 0회
2026-07-31 04:11:30,358 [INFO] [상태] 잔고:$10.04 | 포지션:2개 | 스캔:427회 | 스캐너:ON
2026-07-31 04:11:44,623 [INFO] [SCAN] 블랙리스트 4개 제외: ['IP/USDT:USDT', 'NES/USDT:USDT', 'WLD/USDT:USDT', 'XAG/USDT:USDT', 'XAU/USDT:USDT', 'XAUT/USDT:USDT']
2026-07-31 04:11:44,623 [INFO] [SCAN] 스캔 시작: 30개 페어 (캐시 31개 보유)
2026-07-31 04:11:58,024 [INFO] [SCAN] 완료: 30개 종목 · 신호 0개 · API 호출 30회 · 캐시 히트 0회
2026-07-31 04:12:13,266 [INFO] [SCAN] 블랙리스트 4개 제외: ['IP/USDT:USDT', 'NES/USDT:USDT', 'WLD/USDT:USDT', 'XAG/USDT:USDT', 'XAU/USDT:USDT', 'XAUT/USDT:USDT']
2026-07-31 04:12:13,266 [INFO] [SCAN] 스캔 시작: 30개 페어 (캐시 31개 보유)
2026-07-31 04:12:26,450 [INFO] [SCAN] 완료: 30개 종목 · 신호 0개 · API 호출 30회 · 캐시 히트 0회
2026-07-31 04:12:30,802 [INFO] [상태] 잔고:$10.05 | 포지션:2개 | 스캔:429회 | 스캐너:ON
2026-07-31 04:12:41,830 [INFO] [SCAN] 블랙리스트 4개 제외: ['IP/USDT:USDT', 'NES/USDT:USDT', 'WLD/USDT:USDT', 'XAG/USDT:USDT', 'XAU/USDT:USDT', 'XAUT/USDT:USDT']
2026-07-31 04:12:41,830 [INFO] [SCAN] 스캔 시작: 30개 페어 (캐시 31개 보유)
2026-07-31 04:12:55,049 [INFO] [SCAN] 완료: 30개 종목 · 신호 0개 · API 호출 30회 · 캐시 히트 0회
2026-07-31 04:13:12,159 [INFO] [SCAN] 블랙리스트 4개 제외: ['IP/USDT:USDT', 'NES/USDT:USDT', 'WLD/USDT:USDT', 'XAG/USDT:USDT', 'XAU/USDT:USDT', 'XAUT/USDT:USDT']
2026-07-31 04:13:12,160 [INFO] [SCAN] 스캔 시작: 30개 페어 (캐시 31개 보유)
2026-07-31 04:13:25,370 [INFO] [SCAN] 완료: 30개 종목 · 신호 0개 · API 호출 30회 · 캐시 히트 0회
2026-07-31 04:13:31,223 [INFO] [상태] 잔고:$10.04 | 포지션:2개 | 스캔:431회 | 스캐너:ON
2026-07-31 04:13:40,802 [INFO] [SCAN] 블랙리스트 4개 제외: ['IP/USDT:USDT', 'NES/USDT:USDT', 'WLD/USDT:USDT', 'XAG/USDT:USDT', 'XAU/USDT:USDT', 'XAUT/USDT:USDT']
2026-07-31 04:13:40,803 [INFO] [SCAN] 스캔 시작: 30개 페어 (캐시 31개 보유)
2026-07-31 04:13:54,420 [INFO] [SCAN] 완료: 30개 종목 · 신호 0개 · API 호출 30회 · 캐시 히트 0회
2026-07-31 04:14:09,675 [INFO] [SCAN] 블랙리스트 4개 제외: ['IP/USDT:USDT', 'NES/USDT:USDT', 'WLD/USDT:USDT', 'XAG/USDT:USDT', 'XAU/USDT:USDT', 'XAUT/USDT:USDT']
2026-07-31 04:14:09,675 [INFO] [SCAN] 스캔 시작: 30개 페어 (캐시 31개 보유)
2026-07-31 04:14:23,231 [INFO] [SCAN] 완료: 30개 종목 · 신호 0개 · API 호출 30회 · 캐시 히트 0회
2026-07-31 04:14:31,863 [INFO] [상태] 잔고:$10.03 | 포지션:2개 | 스캔:433회 | 스캐너:ON
2026-07-31 04:14:40,433 [INFO] [SCAN] 블랙리스트 4개 제외: ['IP/USDT:USDT', 'NES/USDT:USDT', 'WLD/USDT:USDT', 'XAG/USDT:USDT', 'XAU/USDT:USDT', 'XAUT/USDT:USDT']
2026-07-31 04:14:40,433 [INFO] [SCAN] 스캔 시작: 30개 페어 (캐시 31개 보유)
2026-07-31 04:14:53,562 [INFO] [SCAN] 완료: 30개 종목 · 신호 0개 · API 호출 30회 · 캐시 히트 0회
2026-07-31 04:15:08,808 [INFO] [SCAN] 블랙리스트 4개 제외: ['IP/USDT:USDT', 'NES/USDT:USDT', 'WLD/USDT:USDT', 'XAG/USDT:USDT', 'XAU/USDT:USDT', 'XAUT/USDT:USDT']
2026-07-31 04:15:08,808 [INFO] [SCAN] 스캔 시작: 30개 페어 (캐시 31개 보유)
2026-07-31 04:15:22,627 [INFO] [SCAN] 완료: 30개 종목 · 신호 0개 · API 호출 30회 · 캐시 히트 0회
2026-07-31 04:15:32,439 [INFO] [상태] 잔고:$10.04 | 포지션:2개 | 스캔:435회 | 스캐너:ON
2026-07-31 04:15:37,984 [INFO] [SCAN] 블랙리스트 4개 제외: ['IP/USDT:USDT', 'NES/USDT:USDT', 'WLD/USDT:USDT', 'XAG/USDT:USDT', 'XAU/USDT:USDT', 'XAUT/USDT:USDT']
2026-07-31 04:15:37,984 [INFO] [SCAN] 스캔 시작: 30개 페어 (캐시 31개 보유)
2026-07-31 04:15:51,726 [INFO] [SCAN] 완료: 30개 종목 · 신호 0개 · API 호출 30회 · 캐시 히트 0회
2026-07-31 04:16:09,171 [INFO] [SCAN] 블랙리스트 4개 제외: ['IP/USDT:USDT', 'NES/USDT:USDT', 'WLD/USDT:USDT', 'XAG/USDT:USDT', 'XAU/USDT:USDT', 'XAUT/USDT:USDT']
2026-07-31 04:16:09,171 [INFO] [SCAN] 스캔 시작: 30개 페어 (캐시 31개 보유)
2026-07-31 04:16:22,966 [INFO] [SCAN] 완료: 30개 종목 · 신호 0개 · API 호출 30회 · 캐시 히트 0회
2026-07-31 04:16:32,961 [INFO] [상태] 잔고:$10.04 | 포지션:2개 | 스캔:437회 | 스캐너:ON
2026-07-31 04:16:38,379 [INFO] [SCAN] 블랙리스트 4개 제외: ['IP/USDT:USDT', 'NES/USDT:USDT', 'WLD/USDT:USDT', 'XAG/USDT:USDT', 'XAU/USDT:USDT', 'XAUT/USDT:USDT']
2026-07-31 04:16:38,379 [INFO] [SCAN] 스캔 시작: 30개 페어 (캐시 31개 보유)
2026-07-31 04:16:52,046 [INFO] [SCAN] 완료: 30개 종목 · 신호 0개 · API 호출 30회 · 캐시 히트 0회
2026-07-31 04:17:09,058 [INFO] [SCAN] 블랙리스트 4개 제외: ['IP/USDT:USDT', 'NES/USDT:USDT', 'WLD/USDT:USDT', 'XAG/USDT:USDT', 'XAU/USDT:USDT', 'XAUT/USDT:USDT']
2026-07-31 04:17:09,058 [INFO] [SCAN] 스캔 시작: 30개 페어 (캐시 31개 보유)
2026-07-31 04:17:22,490 [INFO] [SCAN] 완료: 30개 종목 · 신호 0개 · API 호출 30회 · 캐시 히트 0회
2026-07-31 04:17:33,651 [INFO] [상태] 잔고:$10.02 | 포지션:2개 | 스캔:439회 | 스캐너:ON
2026-07-31 04:17:37,869 [INFO] [SCAN] 블랙리스트 4개 제외: ['IP/USDT:USDT', 'NES/USDT:USDT', 'WLD/USDT:USDT', 'XAG/USDT:USDT', 'XAU/USDT:USDT', 'XAUT/USDT:USDT']
2026-07-31 04:17:37,869 [INFO] [SCAN] 스캔 시작: 30개 페어 (캐시 31개 보유)
2026-07-31 04:17:51,247 [INFO] [SCAN] 완료: 30개 종목 · 신호 0개 · API 호출 30회 · 캐시 히트 0회
2026-07-31 04:18:06,527 [INFO] [SCAN] 블랙리스트 4개 제외: ['IP/USDT:USDT', 'NES/USDT:USDT', 'WLD/USDT:USDT', 'XAG/USDT:USDT', 'XAU/USDT:USDT', 'XAUT/USDT:USDT']
2026-07-31 04:18:06,528 [INFO] [SCAN] 스캔 시작: 30개 페어 (캐시 31개 보유)
2026-07-31 04:18:20,005 [INFO] [SCAN] 완료: 30개 종목 · 신호 0개 · API 호출 30회 · 캐시 히트 0회
2026-07-31 04:18:34,184 [INFO] [상태] 잔고:$10.06 | 포지션:2개 | 스캔:441회 | 스캐너:ON
2026-07-31 04:18:37,058 [INFO] [SCAN] 블랙리스트 4개 제외: ['IP/USDT:USDT', 'NES/USDT:USDT', 'WLD/USDT:USDT', 'XAG/USDT:USDT', 'XAU/USDT:USDT', 'XAUT/USDT:USDT']
2026-07-31 04:18:37,058 [INFO] [SCAN] 스캔 시작: 30개 페어 (캐시 31개 보유)
2026-07-31 04:18:50,452 [INFO] [SCAN] 완료: 30개 종목 · 신호 0개 · API 호출 30회 · 캐시 히트 0회
2026-07-31 04:19:05,702 [INFO] [SCAN] 블랙리스트 4개 제외: ['IP/USDT:USDT', 'NES/USDT:USDT', 'WLD/USDT:USDT', 'XAG/USDT:USDT', 'XAU/USDT:USDT', 'XAUT/USDT:USDT']
2026-07-31 04:19:05,702 [INFO] [SCAN] 스캔 시작: 30개 페어 (캐시 31개 보유)
2026-07-31 04:19:18,729 [INFO] [SCAN] 완료: 30개 종목 · 신호 0개 · API 호출 30회 · 캐시 히트 0회
2026-07-31 04:19:33,987 [INFO] [SCAN] 블랙리스트 4개 제외: ['IP/USDT:USDT', 'NES/USDT:USDT', 'WLD/USDT:USDT', 'XAG/USDT:USDT', 'XAU/USDT:USDT', 'XAUT/USDT:USDT']
2026-07-31 04:19:33,988 [INFO] [SCAN] 스캔 시작: 30개 페어 (캐시 31개 보유)
2026-07-31 04:19:34,728 [INFO] [상태] 잔고:$10.06 | 포지션:2개 | 스캔:443회 | 스캐너:ON
2026-07-31 04:19:47,207 [INFO] [SCAN] 완료: 30개 종목 · 신호 0개 · API 호출 30회 · 캐시 히트 0회
2026-07-31 04:20:04,092 [INFO] [SCAN] 블랙리스트 4개 제외: ['IP/USDT:USDT', 'NES/USDT:USDT', 'WLD/USDT:USDT', 'XAG/USDT:USDT', 'XAU/USDT:USDT', 'XAUT/USDT:USDT']
2026-07-31 04:20:04,092 [INFO] [SCAN] 스캔 시작: 30개 페어 (캐시 31개 보유)
2026-07-31 04:20:17,042 [INFO] [SCAN] 완료: 30개 종목 · 신호 0개 · API 호출 30회 · 캐시 히트 0회
2026-07-31 04:20:32,265 [INFO] [SCAN] 블랙리스트 4개 제외: ['IP/USDT:USDT', 'NES/USDT:USDT', 'WLD/USDT:USDT', 'XAG/USDT:USDT', 'XAU/USDT:USDT', 'XAUT/USDT:USDT']
2026-07-31 04:20:32,265 [INFO] [SCAN] 스캔 시작: 30개 페어 (캐시 31개 보유)
2026-07-31 04:20:35,335 [INFO] [상태] 잔고:$10.06 | 포지션:2개 | 스캔:445회 | 스캐너:ON
2026-07-31 04:20:45,895 [INFO] [SCAN] 완료: 30개 종목 · 신호 0개 · API 호출 30회 · 캐시 히트 0회
2026-07-31 04:21:01,128 [INFO] [SCAN] 블랙리스트 4개 제외: ['IP/USDT:USDT', 'NES/USDT:USDT', 'WLD/USDT:USDT', 'XAG/USDT:USDT', 'XAU/USDT:USDT', 'XAUT/USDT:USDT']
2026-07-31 04:21:01,128 [INFO] [SCAN] 스캔 시작: 30개 페어 (캐시 31개 보유)
2026-07-31 04:21:14,836 [INFO] [SCAN] 완료: 30개 종목 · 신호 0개 · API 호출 30회 · 캐시 히트 0회
2026-07-31 04:21:31,840 [INFO] [SCAN] 블랙리스트 4개 제외: ['IP/USDT:USDT', 'NES/USDT:USDT', 'WLD/USDT:USDT', 'XAG/USDT:USDT', 'XAU/USDT:USDT', 'XAUT/USDT:USDT']
2026-07-31 04:21:31,840 [INFO] [SCAN] 스캔 시작: 30개 페어 (캐시 31개 보유)
2026-07-31 04:21:35,834 [INFO] [상태] 잔고:$10.04 | 포지션:2개 | 스캔:447회 | 스캐너:ON
2026-07-31 04:21:45,650 [INFO] [SCAN] 완료: 30개 종목 · 신호 0개 · API 호출 30회 · 캐시 히트 0회
2026-07-31 04:22:00,879 [INFO] [SCAN] 블랙리스트 4개 제외: ['IP/USDT:USDT', 'NES/USDT:USDT', 'WLD/USDT:USDT', 'XAG/USDT:USDT', 'XAU/USDT:USDT', 'XAUT/USDT:USDT']
2026-07-31 04:22:00,879 [INFO] [SCAN] 스캔 시작: 30개 페어 (캐시 31개 보유)
2026-07-31 04:22:14,055 [INFO] [SCAN] 완료: 30개 종목 · 신호 0개 · API 호출 30회 · 캐시 히트 0회
2026-07-31 04:22:29,409 [INFO] [SCAN] 블랙리스트 4개 제외: ['IP/USDT:USDT', 'NES/USDT:USDT', 'WLD/USDT:USDT', 'XAG/USDT:USDT', 'XAU/USDT:USDT', 'XAUT/USDT:USDT']
2026-07-31 04:22:29,410 [INFO] [SCAN] 스캔 시작: 30개 페어 (캐시 31개 보유)
2026-07-31 04:22:36,339 [INFO] [상태] 잔고:$10.04 | 포지션:2개 | 스캔:449회 | 스캐너:ON
2026-07-31 04:22:43,535 [INFO] [SCAN] 완료: 30개 종목 · 신호 0개 · API 호출 30회 · 캐시 히트 0회
2026-07-31 04:23:00,684 [INFO] [SCAN] 블랙리스트 4개 제외: ['IP/USDT:USDT', 'NES/USDT:USDT', 'WLD/USDT:USDT', 'XAG/USDT:USDT', 'XAU/USDT:USDT', 'XAUT/USDT:USDT']
2026-07-31 04:23:00,684 [INFO] [SCAN] 스캔 시작: 30개 페어 (캐시 31개 보유)
2026-07-31 04:23:13,768 [INFO] [SCAN] 완료: 30개 종목 · 신호 0개 · API 호출 30회 · 캐시 히트 0회
2026-07-31 04:23:29,005 [INFO] [SCAN] 블랙리스트 4개 제외: ['IP/USDT:USDT', 'NES/USDT:USDT', 'WLD/USDT:USDT', 'XAG/USDT:USDT', 'XAU/USDT:USDT', 'XAUT/USDT:USDT']
2026-07-31 04:23:29,006 [INFO] [SCAN] 스캔 시작: 30개 페어 (캐시 31개 보유)
2026-07-31 04:23:36,906 [INFO] [상태] 잔고:$10.04 | 포지션:2개 | 스캔:451회 | 스캐너:ON
2026-07-31 04:23:42,580 [INFO] [SCAN] 완료: 30개 종목 · 신호 0개 · API 호출 30회 · 캐시 히트 0회
2026-07-31 04:23:57,810 [INFO] [SCAN] 블랙리스트 4개 제외: ['IP/USDT:USDT', 'NES/USDT:USDT', 'WLD/USDT:USDT', 'XAG/USDT:USDT', 'XAU/USDT:USDT', 'XAUT/USDT:USDT']
2026-07-31 04:23:57,810 [INFO] [SCAN] 스캔 시작: 30개 페어 (캐시 31개 보유)
2026-07-31 04:24:10,866 [INFO] [SCAN] 완료: 30개 종목 · 신호 0개 · API 호출 30회 · 캐시 히트 0회
2026-07-31 04:24:27,942 [INFO] [SCAN] 블랙리스트 4개 제외: ['IP/USDT:USDT', 'NES/USDT:USDT', 'WLD/USDT:USDT', 'XAG/USDT:USDT', 'XAU/USDT:USDT', 'XAUT/USDT:USDT']
2026-07-31 04:24:27,944 [INFO] [SCAN] 스캔 시작: 30개 페어 (캐시 31개 보유)
2026-07-31 04:24:37,488 [INFO] [상태] 잔고:$10.04 | 포지션:2개 | 스캔:453회 | 스캐너:ON
2026-07-31 04:24:41,571 [INFO] [SCAN] 완료: 30개 종목 · 신호 0개 · API 호출 30회 · 캐시 히트 0회
2026-07-31 04:24:56,817 [INFO] [SCAN] 블랙리스트 4개 제외: ['IP/USDT:USDT', 'NES/USDT:USDT', 'WLD/USDT:USDT', 'XAG/USDT:USDT', 'XAU/USDT:USDT', 'XAUT/USDT:USDT']
2026-07-31 04:24:56,817 [INFO] [SCAN] 스캔 시작: 30개 페어 (캐시 31개 보유)
2026-07-31 04:25:09,758 [INFO] [SCAN] 완료: 30개 종목 · 신호 0개 · API 호출 30회 · 캐시 히트 0회
2026-07-31 04:25:24,993 [INFO] [SCAN] 블랙리스트 4개 제외: ['IP/USDT:USDT', 'NES/USDT:USDT', 'WLD/USDT:USDT', 'XAG/USDT:USDT', 'XAU/USDT:USDT', 'XAUT/USDT:USDT']
2026-07-31 04:25:24,993 [INFO] [SCAN] 스캔 시작: 30개 페어 (캐시 31개 보유)
2026-07-31 04:25:38,015 [INFO] [상태] 잔고:$10.06 | 포지션:2개 | 스캔:455회 | 스캐너:ON
2026-07-31 04:25:38,510 [INFO] [SCAN] 완료: 30개 종목 · 신호 0개 · API 호출 30회 · 캐시 히트 0회
2026-07-31 04:25:55,591 [INFO] [SCAN] 블랙리스트 4개 제외: ['IP/USDT:USDT', 'NES/USDT:USDT', 'WLD/USDT:USDT', 'XAG/USDT:USDT', 'XAU/USDT:USDT', 'XAUT/USDT:USDT']
2026-07-31 04:25:55,591 [INFO] [SCAN] 스캔 시작: 30개 페어 (캐시 31개 보유)
2026-07-31 04:26:09,276 [INFO] [SCAN] 완료: 30개 종목 · 신호 0개 · API 호출 30회 · 캐시 히트 0회
2026-07-31 04:26:24,629 [INFO] [SCAN] 블랙리스트 4개 제외: ['IP/USDT:USDT', 'NES/USDT:USDT', 'WLD/USDT:USDT', 'XAG/USDT:USDT', 'XAU/USDT:USDT', 'XAUT/USDT:USDT']
2026-07-31 04:26:24,629 [INFO] [SCAN] 스캔 시작: 30개 페어 (캐시 31개 보유)
2026-07-31 04:26:37,988 [INFO] [SCAN] 완료: 30개 종목 · 신호 0개 · API 호출 30회 · 캐시 히트 0회
2026-07-31 04:26:38,599 [INFO] [상태] 잔고:$10.03 | 포지션:2개 | 스캔:458회 | 스캐너:ON
2026-07-31 04:26:53,366 [INFO] [SCAN] 블랙리스트 4개 제외: ['IP/USDT:USDT', 'NES/USDT:USDT', 'WLD/USDT:USDT', 'XAG/USDT:USDT', 'XAU/USDT:USDT', 'XAUT/USDT:USDT']
2026-07-31 04:26:53,367 [INFO] [SCAN] 스캔 시작: 30개 페어 (캐시 31개 보유)
2026-07-31 04:27:06,693 [INFO] [SCAN] 완료: 30개 종목 · 신호 0개 · API 호출 30회 · 캐시 히트 0회
2026-07-31 04:27:23,819 [INFO] [SCAN] 블랙리스트 4개 제외: ['IP/USDT:USDT', 'NES/USDT:USDT', 'WLD/USDT:USDT', 'XAG/USDT:USDT', 'XAU/USDT:USDT', 'XAUT/USDT:USDT']
2026-07-31 04:27:23,819 [INFO] [SCAN] 스캔 시작: 30개 페어 (캐시 31개 보유)
2026-07-31 04:27:36,773 [INFO] [SCAN] 완료: 30개 종목 · 신호 0개 · API 호출 30회 · 캐시 히트 0회
2026-07-31 04:27:39,111 [INFO] [상태] 잔고:$10.04 | 포지션:2개 | 스캔:460회 | 스캐너:ON
2026-07-31 04:27:52,146 [INFO] [SCAN] 블랙리스트 4개 제외: ['IP/USDT:USDT', 'NES/USDT:USDT', 'WLD/USDT:USDT', 'XAG/USDT:USDT', 'XAU/USDT:USDT', 'XAUT/USDT:USDT']
2026-07-31 04:27:52,147 [INFO] [SCAN] 스캔 시작: 30개 페어 (캐시 31개 보유)
2026-07-31 04:28:05,181 [INFO] [SCAN] 완료: 30개 종목 · 신호 0개 · API 호출 30회 · 캐시 히트 0회
2026-07-31 04:28:20,411 [INFO] [SCAN] 블랙리스트 4개 제외: ['IP/USDT:USDT', 'NES/USDT:USDT', 'WLD/USDT:USDT', 'XAG/USDT:USDT', 'XAU/USDT:USDT', 'XAUT/USDT:USDT']
2026-07-31 04:28:20,411 [INFO] [SCAN] 스캔 시작: 30개 페어 (캐시 31개 보유)
2026-07-31 04:28:33,435 [INFO] [SCAN] 완료: 30개 종목 · 신호 0개 · API 호출 30회 · 캐시 히트 0회
2026-07-31 04:28:39,628 [INFO] [상태] 잔고:$10.04 | 포지션:2개 | 스캔:462회 | 스캐너:ON
2026-07-31 04:28:50,409 [INFO] [SCAN] 블랙리스트 4개 제외: ['IP/USDT:USDT', 'NES/USDT:USDT', 'WLD/USDT:USDT', 'XAG/USDT:USDT', 'XAU/USDT:USDT', 'XAUT/USDT:USDT']
2026-07-31 04:28:50,409 [INFO] [SCAN] 스캔 시작: 30개 페어 (캐시 31개 보유)
2026-07-31 04:29:03,418 [INFO] [SCAN] 완료: 30개 종목 · 신호 0개 · API 호출 30회 · 캐시 히트 0회
2026-07-31 04:29:18,656 [INFO] [SCAN] 블랙리스트 4개 제외: ['IP/USDT:USDT', 'NES/USDT:USDT', 'WLD/USDT:USDT', 'XAG/USDT:USDT', 'XAU/USDT:USDT', 'XAUT/USDT:USDT']
2026-07-31 04:29:18,656 [INFO] [SCAN] 스캔 시작: 30개 페어 (캐시 31개 보유)
2026-07-31 04:29:31,684 [INFO] [SCAN] 완료: 30개 종목 · 신호 0개 · API 호출 30회 · 캐시 히트 0회
2026-07-31 04:29:40,254 [INFO] [상태] 잔고:$10.03 | 포지션:2개 | 스캔:464회 | 스캐너:ON
2026-07-31 04:29:47,126 [INFO] [SCAN] 블랙리스트 4개 제외: ['IP/USDT:USDT', 'NES/USDT:USDT', 'WLD/USDT:USDT', 'XAG/USDT:USDT', 'XAU/USDT:USDT', 'XAUT/USDT:USDT']
2026-07-31 04:29:47,126 [INFO] [SCAN] 스캔 시작: 30개 페어 (캐시 31개 보유)
2026-07-31 04:30:00,381 [INFO] [SCAN] 완료: 30개 종목 · 신호 0개 · API 호출 30회 · 캐시 히트 0회
2026-07-31 04:30:17,327 [INFO] [SCAN] 블랙리스트 4개 제외: ['IP/USDT:USDT', 'NES/USDT:USDT', 'WLD/USDT:USDT', 'XAG/USDT:USDT', 'XAU/USDT:USDT', 'XAUT/USDT:USDT']
2026-07-31 04:30:17,327 [INFO] [SCAN] 스캔 시작: 30개 페어 (캐시 31개 보유)
2026-07-31 04:30:30,418 [INFO] [SCAN] 완료: 30개 종목 · 신호 0개 · API 호출 30회 · 캐시 히트 0회
2026-07-31 04:30:40,697 [INFO] [상태] 잔고:$10.04 | 포지션:2개 | 스캔:466회 | 스캐너:ON
2026-07-31 04:30:45,778 [INFO] [SCAN] 블랙리스트 4개 제외: ['IP/USDT:USDT', 'NES/USDT:USDT', 'WLD/USDT:USDT', 'XAG/USDT:USDT', 'XAU/USDT:USDT', 'XAUT/USDT:USDT']
2026-07-31 04:30:45,778 [INFO] [SCAN] 스캔 시작: 30개 페어 (캐시 31개 보유)
2026-07-31 04:30:58,744 [INFO] [SCAN] 완료: 30개 종목 · 신호 0개 · API 호출 30회 · 캐시 히트 0회
2026-07-31 04:31:13,998 [INFO] [SCAN] 블랙리스트 4개 제외: ['IP/USDT:USDT', 'NES/USDT:USDT', 'WLD/USDT:USDT', 'XAG/USDT:USDT', 'XAU/USDT:USDT', 'XAUT/USDT:USDT']
2026-07-31 04:31:13,999 [INFO] [SCAN] 스캔 시작: 30개 페어 (캐시 31개 보유)
2026-07-31 04:31:27,078 [INFO] [SCAN] 완료: 30개 종목 · 신호 0개 · API 호출 30회 · 캐시 히트 0회
2026-07-31 04:31:41,195 [INFO] [상태] 잔고:$10.05 | 포지션:2개 | 스캔:468회 | 스캐너:ON
2026-07-31 04:31:44,289 [INFO] [SCAN] 블랙리스트 4개 제외: ['IP/USDT:USDT', 'NES/USDT:USDT', 'WLD/USDT:USDT', 'XAG/USDT:USDT', 'XAU/USDT:USDT', 'XAUT/USDT:USDT']
2026-07-31 04:31:44,289 [INFO] [SCAN] 스캔 시작: 30개 페어 (캐시 31개 보유)
2026-07-31 04:31:57,462 [INFO] [SCAN] 완료: 30개 종목 · 신호 0개 · API 호출 30회 · 캐시 히트 0회
2026-07-31 04:32:12,823 [INFO] [SCAN] 블랙리스트 4개 제외: ['IP/USDT:USDT', 'NES/USDT:USDT', 'WLD/USDT:USDT', 'XAG/USDT:USDT', 'XAU/USDT:USDT', 'XAUT/USDT:USDT']
2026-07-31 04:32:12,824 [INFO] [SCAN] 스캔 시작: 30개 페어 (캐시 31개 보유)
2026-07-31 04:32:26,667 [INFO] [SCAN] 완료: 30개 종목 · 신호 0개 · API 호출 30회 · 캐시 히트 0회
2026-07-31 04:32:41,660 [INFO] [상태] 잔고:$10.07 | 포지션:2개 | 스캔:470회 | 스캐너:ON
2026-07-31 04:32:42,052 [INFO] [SCAN] 블랙리스트 4개 제외: ['IP/USDT:USDT', 'NES/USDT:USDT', 'WLD/USDT:USDT', 'XAG/USDT:USDT', 'XAU/USDT:USDT', 'XAUT/USDT:USDT']
2026-07-31 04:32:42,052 [INFO] [SCAN] 스캔 시작: 30개 페어 (캐시 31개 보유)
2026-07-31 04:32:56,113 [INFO] [SCAN] 완료: 30개 종목 · 신호 0개 · API 호출 30회 · 캐시 히트 0회
2026-07-31 04:33:13,260 [INFO] [SCAN] 블랙리스트 4개 제외: ['IP/USDT:USDT', 'NES/USDT:USDT', 'WLD/USDT:USDT', 'XAG/USDT:USDT', 'XAU/USDT:USDT', 'XAUT/USDT:USDT']
2026-07-31 04:33:13,261 [INFO] [SCAN] 스캔 시작: 30개 페어 (캐시 31개 보유)
2026-07-31 04:33:26,271 [INFO] [SCAN] 완료: 30개 종목 · 신호 0개 · API 호출 30회 · 캐시 히트 0회
2026-07-31 04:33:41,501 [INFO] [SCAN] 블랙리스트 4개 제외: ['IP/USDT:USDT', 'NES/USDT:USDT', 'WLD/USDT:USDT', 'XAG/USDT:USDT', 'XAU/USDT:USDT', 'XAUT/USDT:USDT']
2026-07-31 04:33:41,502 [INFO] [SCAN] 스캔 시작: 30개 페어 (캐시 31개 보유)
2026-07-31 04:33:42,210 [INFO] [상태] 잔고:$10.07 | 포지션:2개 | 스캔:472회 | 스캐너:ON
2026-07-31 04:33:54,861 [INFO] [SCAN] 완료: 30개 종목 · 신호 0개 · API 호출 30회 · 캐시 히트 0회
2026-07-31 04:34:10,142 [INFO] [SCAN] 블랙리스트 4개 제외: ['IP/USDT:USDT', 'NES/USDT:USDT', 'WLD/USDT:USDT', 'XAG/USDT:USDT', 'XAU/USDT:USDT', 'XAUT/USDT:USDT']
2026-07-31 04:34:10,142 [INFO] [SCAN] 스캔 시작: 30개 페어 (캐시 31개 보유)
2026-07-31 04:34:23,369 [INFO] [SCAN] 완료: 30개 종목 · 신호 0개 · API 호출 30회 · 캐시 히트 0회
2026-07-31 04:34:40,260 [INFO] [SCAN] 블랙리스트 4개 제외: ['IP/USDT:USDT', 'NES/USDT:USDT', 'WLD/USDT:USDT', 'XAG/USDT:USDT', 'XAU/USDT:USDT', 'XAUT/USDT:USDT']
2026-07-31 04:34:40,262 [INFO] [SCAN] 스캔 시작: 30개 페어 (캐시 31개 보유)
2026-07-31 04:34:42,664 [INFO] [상태] 잔고:$10.08 | 포지션:2개 | 스캔:474회 | 스캐너:ON
2026-07-31 04:34:53,566 [INFO] [SCAN] 완료: 30개 종목 · 신호 0개 · API 호출 30회 · 캐시 히트 0회
2026-07-31 04:35:08,821 [INFO] [SCAN] 블랙리스트 4개 제외: ['IP/USDT:USDT', 'NES/USDT:USDT', 'WLD/USDT:USDT', 'XAG/USDT:USDT', 'XAU/USDT:USDT', 'XAUT/USDT:USDT']
2026-07-31 04:35:08,821 [INFO] [SCAN] 스캔 시작: 30개 페어 (캐시 31개 보유)
2026-07-31 04:35:21,876 [INFO] [SCAN] 완료: 30개 종목 · 신호 0개 · API 호출 30회 · 캐시 히트 0회
2026-07-31 04:35:37,127 [INFO] [SCAN] 블랙리스트 4개 제외: ['IP/USDT:USDT', 'NES/USDT:USDT', 'WLD/USDT:USDT', 'XAG/USDT:USDT', 'XAU/USDT:USDT', 'XAUT/USDT:USDT']
2026-07-31 04:35:37,128 [INFO] [SCAN] 스캔 시작: 30개 페어 (캐시 31개 보유)
2026-07-31 04:35:43,144 [INFO] [상태] 잔고:$10.08 | 포지션:2개 | 스캔:476회 | 스캐너:ON
2026-07-31 04:35:50,489 [INFO] [SCAN] 완료: 30개 종목 · 신호 0개 · API 호출 30회 · 캐시 히트 0회
2026-07-31 04:36:07,535 [INFO] [SCAN] 블랙리스트 4개 제외: ['IP/USDT:USDT', 'NES/USDT:USDT', 'WLD/USDT:USDT', 'XAG/USDT:USDT', 'XAU/USDT:USDT', 'XAUT/USDT:USDT']
2026-07-31 04:36:07,535 [INFO] [SCAN] 스캔 시작: 30개 페어 (캐시 31개 보유)
2026-07-31 04:36:20,590 [INFO] [SCAN] 완료: 30개 종목 · 신호 0개 · API 호출 30회 · 캐시 히트 0회
2026-07-31 04:36:35,870 [INFO] [SCAN] 블랙리스트 4개 제외: ['IP/USDT:USDT', 'NES/USDT:USDT', 'WLD/USDT:USDT', 'XAG/USDT:USDT', 'XAU/USDT:USDT', 'XAUT/USDT:USDT']
2026-07-31 04:36:35,870 [INFO] [SCAN] 스캔 시작: 30개 페어 (캐시 31개 보유)
2026-07-31 04:36:43,662 [INFO] [상태] 잔고:$10.08 | 포지션:2개 | 스캔:478회 | 스캐너:ON
2026-07-31 04:36:49,313 [INFO] [SCAN] 완료: 30개 종목 · 신호 0개 · API 호출 30회 · 캐시 히트 0회
2026-07-31 04:37:04,558 [INFO] [SCAN] 블랙리스트 4개 제외: ['IP/USDT:USDT', 'NES/USDT:USDT', 'WLD/USDT:USDT', 'XAG/USDT:USDT', 'XAU/USDT:USDT', 'XAUT/USDT:USDT']
2026-07-31 04:37:04,559 [INFO] [SCAN] 스캔 시작: 30개 페어 (캐시 31개 보유)
2026-07-31 04:37:18,221 [INFO] [SCAN] 완료: 30개 종목 · 신호 0개 · API 호출 30회 · 캐시 히트 0회
2026-07-31 04:37:35,410 [INFO] [SCAN] 블랙리스트 4개 제외: ['IP/USDT:USDT', 'NES/USDT:USDT', 'WLD/USDT:USDT', 'XAG/USDT:USDT', 'XAU/USDT:USDT', 'XAUT/USDT:USDT']
2026-07-31 04:37:35,410 [INFO] [SCAN] 스캔 시작: 30개 페어 (캐시 31개 보유)
2026-07-31 04:37:44,186 [INFO] [상태] 잔고:$10.08 | 포지션:2개 | 스캔:480회 | 스캐너:ON
2026-07-31 04:37:49,295 [INFO] [SCAN] 완료: 30개 종목 · 신호 0개 · API 호출 30회 · 캐시 히트 0회
2026-07-31 04:38:04,917 [INFO] [SCAN] 블랙리스트 4개 제외: ['IP/USDT:USDT', 'NES/USDT:USDT', 'WLD/USDT:USDT', 'XAG/USDT:USDT', 'XAU/USDT:USDT', 'XAUT/USDT:USDT']
2026-07-31 04:38:04,918 [INFO] [SCAN] 스캔 시작: 30개 페어 (캐시 31개 보유)
2026-07-31 04:38:18,411 [INFO] [SCAN] 완료: 30개 종목 · 신호 0개 · API 호출 30회 · 캐시 히트 0회
2026-07-31 04:38:35,453 [INFO] [SCAN] 블랙리스트 4개 제외: ['IP/USDT:USDT', 'NES/USDT:USDT', 'WLD/USDT:USDT', 'XAG/USDT:USDT', 'XAU/USDT:USDT', 'XAUT/USDT:USDT']
2026-07-31 04:38:35,453 [INFO] [SCAN] 스캔 시작: 30개 페어 (캐시 31개 보유)
2026-07-31 04:38:44,675 [INFO] [상태] 잔고:$10.08 | 포지션:2개 | 스캔:482회 | 스캐너:ON
2026-07-31 04:38:48,669 [INFO] [SCAN] 완료: 30개 종목 · 신호 0개 · API 호출 30회 · 캐시 히트 0회
2026-07-31 04:39:03,959 [INFO] [SCAN] 블랙리스트 4개 제외: ['IP/USDT:USDT', 'NES/USDT:USDT', 'WLD/USDT:USDT', 'XAG/USDT:USDT', 'XAU/USDT:USDT', 'XAUT/USDT:USDT']
2026-07-31 04:39:03,959 [INFO] [SCAN] 스캔 시작: 30개 페어 (캐시 31개 보유)
2026-07-31 04:39:17,375 [INFO] [SCAN] 완료: 30개 종목 · 신호 0개 · API 호출 30회 · 캐시 히트 0회
2026-07-31 04:39:32,624 [INFO] [SCAN] 블랙리스트 4개 제외: ['IP/USDT:USDT', 'NES/USDT:USDT', 'WLD/USDT:USDT', 'XAG/USDT:USDT', 'XAU/USDT:USDT', 'XAUT/USDT:USDT']
2026-07-31 04:39:32,625 [INFO] [SCAN] 스캔 시작: 30개 페어 (캐시 31개 보유)
2026-07-31 04:39:45,323 [INFO] [상태] 잔고:$10.06 | 포지션:2개 | 스캔:484회 | 스캐너:ON
2026-07-31 04:39:45,855 [INFO] [SCAN] 완료: 30개 종목 · 신호 0개 · API 호출 30회 · 캐시 히트 0회
2026-07-31 04:40:02,924 [INFO] [SCAN] 블랙리스트 4개 제외: ['IP/USDT:USDT', 'NES/USDT:USDT', 'WLD/USDT:USDT', 'XAG/USDT:USDT', 'XAU/USDT:USDT', 'XAUT/USDT:USDT']
2026-07-31 04:40:02,925 [INFO] [SCAN] 스캔 시작: 30개 페어 (캐시 31개 보유)
2026-07-31 04:40:16,523 [INFO] [SCAN] 완료: 30개 종목 · 신호 0개 · API 호출 30회 · 캐시 히트 0회
2026-07-31 04:40:31,764 [INFO] [SCAN] 블랙리스트 4개 제외: ['IP/USDT:USDT', 'NES/USDT:USDT', 'WLD/USDT:USDT', 'XAG/USDT:USDT', 'XAU/USDT:USDT', 'XAUT/USDT:USDT']
2026-07-31 04:40:31,764 [INFO] [SCAN] 스캔 시작: 30개 페어 (캐시 31개 보유)
2026-07-31 04:40:44,752 [INFO] [SCAN] 완료: 30개 종목 · 신호 0개 · API 호출 30회 · 캐시 히트 0회
2026-07-31 04:40:45,767 [INFO] [상태] 잔고:$10.05 | 포지션:2개 | 스캔:487회 | 스캐너:ON
2026-07-31 04:41:00,144 [INFO] [SCAN] 블랙리스트 4개 제외: ['IP/USDT:USDT', 'NES/USDT:USDT', 'WLD/USDT:USDT', 'XAG/USDT:USDT', 'XAU/USDT:USDT', 'XAUT/USDT:USDT']
2026-07-31 04:41:00,144 [INFO] [SCAN] 스캔 시작: 30개 페어 (캐시 31개 보유)
2026-07-31 04:41:13,172 [INFO] [SCAN] 완료: 30개 종목 · 신호 0개 · API 호출 30회 · 캐시 히트 0회
2026-07-31 04:41:30,184 [INFO] [SCAN] 블랙리스트 4개 제외: ['IP/USDT:USDT', 'NES/USDT:USDT', 'WLD/USDT:USDT', 'XAG/USDT:USDT', 'XAU/USDT:USDT', 'XAUT/USDT:USDT']
2026-07-31 04:41:30,184 [INFO] [SCAN] 스캔 시작: 30개 페어 (캐시 31개 보유)
2026-07-31 04:41:43,226 [INFO] [SCAN] 완료: 30개 종목 · 신호 0개 · API 호출 30회 · 캐시 히트 0회
2026-07-31 04:41:46,220 [INFO] [상태] 잔고:$10.07 | 포지션:2개 | 스캔:489회 | 스캐너:ON
2026-07-31 04:41:58,591 [INFO] [SCAN] 블랙리스트 4개 제외: ['IP/USDT:USDT', 'NES/USDT:USDT', 'WLD/USDT:USDT', 'XAG/USDT:USDT', 'XAU/USDT:USDT', 'XAUT/USDT:USDT']
2026-07-31 04:41:58,592 [INFO] [SCAN] 스캔 시작: 30개 페어 (캐시 31개 보유)
2026-07-31 04:42:11,607 [INFO] [SCAN] 완료: 30개 종목 · 신호 0개 · API 호출 30회 · 캐시 히트 0회
2026-07-31 04:42:26,868 [INFO] [SCAN] 블랙리스트 4개 제외: ['IP/USDT:USDT', 'NES/USDT:USDT', 'WLD/USDT:USDT', 'XAG/USDT:USDT', 'XAU/USDT:USDT', 'XAUT/USDT:USDT']
2026-07-31 04:42:26,868 [INFO] [SCAN] 스캔 시작: 30개 페어 (캐시 31개 보유)
2026-07-31 04:42:39,875 [INFO] [SCAN] 완료: 30개 종목 · 신호 0개 · API 호출 30회 · 캐시 히트 0회
2026-07-31 04:42:46,724 [INFO] [상태] 잔고:$10.10 | 포지션:2개 | 스캔:491회 | 스캐너:ON
2026-07-31 04:42:56,864 [INFO] [SCAN] 블랙리스트 4개 제외: ['IP/USDT:USDT', 'NES/USDT:USDT', 'WLD/USDT:USDT', 'XAG/USDT:USDT', 'XAU/USDT:USDT', 'XAUT/USDT:USDT']
2026-07-31 04:42:56,864 [INFO] [SCAN] 스캔 시작: 30개 페어 (캐시 31개 보유)
2026-07-31 04:43:09,953 [INFO] [SCAN] 완료: 30개 종목 · 신호 0개 · API 호출 30회 · 캐시 히트 0회
2026-07-31 04:43:25,191 [INFO] [SCAN] 블랙리스트 4개 제외: ['IP/USDT:USDT', 'NES/USDT:USDT', 'WLD/USDT:USDT', 'XAG/USDT:USDT', 'XAU/USDT:USDT', 'XAUT/USDT:USDT']
2026-07-31 04:43:25,192 [INFO] [SCAN] 스캔 시작: 30개 페어 (캐시 31개 보유)
2026-07-31 04:43:38,423 [INFO] [SCAN] 완료: 30개 종목 · 신호 0개 · API 호출 30회 · 캐시 히트 0회
2026-07-31 04:43:47,161 [INFO] [상태] 잔고:$10.10 | 포지션:2개 | 스캔:493회 | 스캐너:ON
2026-07-31 04:43:53,792 [INFO] [SCAN] 블랙리스트 4개 제외: ['IP/USDT:USDT', 'NES/USDT:USDT', 'WLD/USDT:USDT', 'XAG/USDT:USDT', 'XAU/USDT:USDT', 'XAUT/USDT:USDT']
2026-07-31 04:43:53,792 [INFO] [SCAN] 스캔 시작: 30개 페어 (캐시 31개 보유)
2026-07-31 04:44:07,169 [INFO] [SCAN] 완료: 30개 종목 · 신호 0개 · API 호출 30회 · 캐시 히트 0회
2026-07-31 04:44:24,211 [INFO] [SCAN] 블랙리스트 4개 제외: ['IP/USDT:USDT', 'NES/USDT:USDT', 'WLD/USDT:USDT', 'XAG/USDT:USDT', 'XAU/USDT:USDT', 'XAUT/USDT:USDT']
2026-07-31 04:44:24,212 [INFO] [SCAN] 스캔 시작: 30개 페어 (캐시 31개 보유)
2026-07-31 04:44:37,825 [INFO] [SCAN] 완료: 30개 종목 · 신호 0개 · API 호출 30회 · 캐시 히트 0회
2026-07-31 04:44:47,614 [INFO] [상태] 잔고:$10.09 | 포지션:2개 | 스캔:495회 | 스캐너:ON
2026-07-31 04:44:53,195 [INFO] [SCAN] 블랙리스트 4개 제외: ['IP/USDT:USDT', 'NES/USDT:USDT', 'WLD/USDT:USDT', 'XAG/USDT:USDT', 'XAU/USDT:USDT', 'XAUT/USDT:USDT']
2026-07-31 04:44:53,195 [INFO] [SCAN] 스캔 시작: 30개 페어 (캐시 31개 보유)
2026-07-31 04:45:06,361 [INFO] [SCAN] 완료: 30개 종목 · 신호 0개 · API 호출 30회 · 캐시 히트 0회
2026-07-31 04:45:21,593 [INFO] [SCAN] 블랙리스트 4개 제외: ['IP/USDT:USDT', 'NES/USDT:USDT', 'WLD/USDT:USDT', 'XAG/USDT:USDT', 'XAU/USDT:USDT', 'XAUT/USDT:USDT']
2026-07-31 04:45:21,593 [INFO] [SCAN] 스캔 시작: 30개 페어 (캐시 31개 보유)
2026-07-31 04:45:34,586 [INFO] [SCAN] 완료: 30개 종목 · 신호 0개 · API 호출 30회 · 캐시 히트 0회
2026-07-31 04:45:48,325 [INFO] [상태] 잔고:$10.08 | 포지션:2개 | 스캔:497회 | 스캐너:ON
2026-07-31 04:45:51,559 [INFO] [SCAN] 블랙리스트 4개 제외: ['IP/USDT:USDT', 'NES/USDT:USDT', 'WLD/USDT:USDT', 'XAG/USDT:USDT', 'XAU/USDT:USDT', 'XAUT/USDT:USDT']
2026-07-31 04:45:51,559 [INFO] [SCAN] 스캔 시작: 30개 페어 (캐시 31개 보유)
2026-07-31 04:46:04,456 [INFO] [SCAN] 완료: 30개 종목 · 신호 0개 · API 호출 30회 · 캐시 히트 0회
2026-07-31 04:46:19,698 [INFO] [SCAN] 블랙리스트 4개 제외: ['IP/USDT:USDT', 'NES/USDT:USDT', 'WLD/USDT:USDT', 'XAG/USDT:USDT', 'XAU/USDT:USDT', 'XAUT/USDT:USDT']
2026-07-31 04:46:19,698 [INFO] [SCAN] 스캔 시작: 30개 페어 (캐시 31개 보유)
2026-07-31 04:46:32,706 [INFO] [SCAN] 완료: 30개 종목 · 신호 0개 · API 호출 30회 · 캐시 히트 0회
2026-07-31 04:46:47,947 [INFO] [SCAN] 블랙리스트 4개 제외: ['IP/USDT:USDT', 'NES/USDT:USDT', 'WLD/USDT:USDT', 'XAG/USDT:USDT', 'XAU/USDT:USDT', 'XAUT/USDT:USDT']
2026-07-31 04:46:47,947 [INFO] [SCAN] 스캔 시작: 30개 페어 (캐시 31개 보유)
2026-07-31 04:46:48,792 [INFO] [상태] 잔고:$10.09 | 포지션:2개 | 스캔:499회 | 스캐너:ON
2026-07-31 04:47:01,060 [INFO] [CACHE] MMT/USDT:USDT 초기 로드 300봉
2026-07-31 04:47:01,576 [INFO] [SCAN] 완료: 30개 종목 · 신호 0개 · API 호출 30회 · 캐시 히트 0회
2026-07-31 04:47:18,843 [INFO] [SCAN] 블랙리스트 4개 제외: ['IP/USDT:USDT', 'NES/USDT:USDT', 'WLD/USDT:USDT', 'XAG/USDT:USDT', 'XAU/USDT:USDT', 'XAUT/USDT:USDT']
2026-07-31 04:47:18,843 [INFO] [SCAN] 스캔 시작: 30개 페어 (캐시 32개 보유)
2026-07-31 04:47:32,000 [INFO] [SCAN] 완료: 30개 종목 · 신호 0개 · API 호출 30회 · 캐시 히트 0회
2026-07-31 04:47:47,261 [INFO] [SCAN] 블랙리스트 4개 제외: ['IP/USDT:USDT', 'NES/USDT:USDT', 'WLD/USDT:USDT', 'XAG/USDT:USDT', 'XAU/USDT:USDT', 'XAUT/USDT:USDT']
2026-07-31 04:47:47,261 [INFO] [SCAN] 스캔 시작: 30개 페어 (캐시 32개 보유)
2026-07-31 04:47:49,273 [INFO] [상태] 잔고:$10.09 | 포지션:2개 | 스캔:501회 | 스캐너:ON
2026-07-31 04:48:00,740 [INFO] [SCAN] 완료: 30개 종목 · 신호 0개 · API 호출 30회 · 캐시 히트 0회
2026-07-31 04:48:16,019 [INFO] [SCAN] 블랙리스트 4개 제외: ['IP/USDT:USDT', 'NES/USDT:USDT', 'WLD/USDT:USDT', 'XAG/USDT:USDT', 'XAU/USDT:USDT', 'XAUT/USDT:USDT']
2026-07-31 04:48:16,020 [INFO] [SCAN] 스캔 시작: 30개 페어 (캐시 32개 보유)
2026-07-31 04:48:29,309 [INFO] [SCAN] 완료: 30개 종목 · 신호 0개 · API 호출 30회 · 캐시 히트 0회
2026-07-31 04:48:46,508 [INFO] [SCAN] 블랙리스트 4개 제외: ['IP/USDT:USDT', 'NES/USDT:USDT', 'WLD/USDT:USDT', 'XAG/USDT:USDT', 'XAU/USDT:USDT', 'XAUT/USDT:USDT']
2026-07-31 04:48:46,509 [INFO] [SCAN] 스캔 시작: 30개 페어 (캐시 32개 보유)
2026-07-31 04:48:49,787 [INFO] [상태] 잔고:$10.08 | 포지션:2개 | 스캔:503회 | 스캐너:ON
2026-07-31 04:49:00,281 [INFO] [SCAN] 완료: 30개 종목 · 신호 0개 · API 호출 30회 · 캐시 히트 0회
2026-07-31 04:49:15,525 [INFO] [SCAN] 블랙리스트 4개 제외: ['IP/USDT:USDT', 'NES/USDT:USDT', 'WLD/USDT:USDT', 'XAG/USDT:USDT', 'XAU/USDT:USDT', 'XAUT/USDT:USDT']
2026-07-31 04:49:15,525 [INFO] [SCAN] 스캔 시작: 30개 페어 (캐시 32개 보유)
2026-07-31 04:49:29,033 [INFO] [SCAN] 완료: 30개 종목 · 신호 0개 · API 호출 30회 · 캐시 히트 0회
2026-07-31 04:49:44,269 [INFO] [SCAN] 블랙리스트 4개 제외: ['IP/USDT:USDT', 'NES/USDT:USDT', 'WLD/USDT:USDT', 'XAG/USDT:USDT', 'XAU/USDT:USDT', 'XAUT/USDT:USDT']
2026-07-31 04:49:44,269 [INFO] [SCAN] 스캔 시작: 30개 페어 (캐시 32개 보유)
2026-07-31 04:49:50,232 [INFO] [상태] 잔고:$10.09 | 포지션:2개 | 스캔:505회 | 스캐너:ON
2026-07-31 04:49:57,872 [INFO] [SCAN] 완료: 30개 종목 · 신호 0개 · API 호출 30회 · 캐시 히트 0회
2026-07-31 04:50:14,973 [INFO] [SCAN] 블랙리스트 4개 제외: ['IP/USDT:USDT', 'NES/USDT:USDT', 'WLD/USDT:USDT', 'XAG/USDT:USDT', 'XAU/USDT:USDT', 'XAUT/USDT:USDT']
2026-07-31 04:50:14,974 [INFO] [SCAN] 스캔 시작: 30개 페어 (캐시 32개 보유)
2026-07-31 04:50:28,369 [INFO] [SCAN] 완료: 30개 종목 · 신호 0개 · API 호출 30회 · 캐시 히트 0회
2026-07-31 04:50:43,590 [INFO] [SCAN] 블랙리스트 4개 제외: ['IP/USDT:USDT', 'NES/USDT:USDT', 'WLD/USDT:USDT', 'XAG/USDT:USDT', 'XAU/USDT:USDT', 'XAUT/USDT:USDT']
2026-07-31 04:50:43,590 [INFO] [SCAN] 스캔 시작: 30개 페어 (캐시 32개 보유)
2026-07-31 04:50:50,672 [INFO] [상태] 잔고:$10.08 | 포지션:2개 | 스캔:507회 | 스캐너:ON
2026-07-31 04:50:56,866 [INFO] [SCAN] 완료: 30개 종목 · 신호 0개 · API 호출 30회 · 캐시 히트 0회
2026-07-31 04:51:12,311 [INFO] [SCAN] 블랙리스트 4개 제외: ['IP/USDT:USDT', 'NES/USDT:USDT', 'WLD/USDT:USDT', 'XAG/USDT:USDT', 'XAU/USDT:USDT', 'XAUT/USDT:USDT']
2026-07-31 04:51:12,311 [INFO] [SCAN] 스캔 시작: 30개 페어 (캐시 32개 보유)
2026-07-31 04:51:25,598 [INFO] [SCAN] 완료: 30개 종목 · 신호 0개 · API 호출 30회 · 캐시 히트 0회
2026-07-31 04:51:42,617 [INFO] [SCAN] 블랙리스트 4개 제외: ['IP/USDT:USDT', 'NES/USDT:USDT', 'WLD/USDT:USDT', 'XAG/USDT:USDT', 'XAU/USDT:USDT', 'XAUT/USDT:USDT']
2026-07-31 04:51:42,617 [INFO] [SCAN] 스캔 시작: 30개 페어 (캐시 32개 보유)
2026-07-31 04:51:51,223 [INFO] [상태] 잔고:$10.08 | 포지션:2개 | 스캔:509회 | 스캐너:ON
2026-07-31 04:51:55,945 [INFO] [SCAN] 완료: 30개 종목 · 신호 0개 · API 호출 30회 · 캐시 히트 0회
2026-07-31 04:52:11,478 [INFO] [SCAN] 블랙리스트 4개 제외: ['IP/USDT:USDT', 'NES/USDT:USDT', 'WLD/USDT:USDT', 'XAG/USDT:USDT', 'XAU/USDT:USDT', 'XAUT/USDT:USDT']
2026-07-31 04:52:11,479 [INFO] [SCAN] 스캔 시작: 30개 페어 (캐시 32개 보유)
2026-07-31 04:52:24,789 [INFO] [SCAN] 완료: 30개 종목 · 신호 0개 · API 호출 30회 · 캐시 히트 0회
2026-07-31 04:52:40,013 [INFO] [SCAN] 블랙리스트 4개 제외: ['IP/USDT:USDT', 'NES/USDT:USDT', 'WLD/USDT:USDT', 'XAG/USDT:USDT', 'XAU/USDT:USDT', 'XAUT/USDT:USDT']
2026-07-31 04:52:40,015 [INFO] [SCAN] 스캔 시작: 30개 페어 (캐시 32개 보유)
2026-07-31 04:52:51,764 [INFO] [상태] 잔고:$10.10 | 포지션:2개 | 스캔:511회 | 스캐너:ON
2026-07-31 04:52:53,613 [INFO] [SCAN] 완료: 30개 종목 · 신호 0개 · API 호출 30회 · 캐시 히트 0회
2026-07-31 04:53:10,724 [INFO] [SCAN] 블랙리스트 4개 제외: ['IP/USDT:USDT', 'NES/USDT:USDT', 'WLD/USDT:USDT', 'XAG/USDT:USDT', 'XAU/USDT:USDT', 'XAUT/USDT:USDT']
2026-07-31 04:53:10,724 [INFO] [SCAN] 스캔 시작: 30개 페어 (캐시 32개 보유)
2026-07-31 04:53:23,750 [INFO] [SCAN] 완료: 30개 종목 · 신호 0개 · API 호출 30회 · 캐시 히트 0회
2026-07-31 04:53:39,000 [INFO] [SCAN] 블랙리스트 4개 제외: ['IP/USDT:USDT', 'NES/USDT:USDT', 'WLD/USDT:USDT', 'XAG/USDT:USDT', 'XAU/USDT:USDT', 'XAUT/USDT:USDT']
2026-07-31 04:53:39,001 [INFO] [SCAN] 스캔 시작: 30개 페어 (캐시 32개 보유)
2026-07-31 04:53:52,138 [INFO] [SCAN] 완료: 30개 종목 · 신호 0개 · API 호출 30회 · 캐시 히트 0회
2026-07-31 04:53:52,307 [INFO] [상태] 잔고:$10.10 | 포지션:2개 | 스캔:514회 | 스캐너:ON
2026-07-31 04:54:07,553 [INFO] [SCAN] 블랙리스트 4개 제외: ['IP/USDT:USDT', 'NES/USDT:USDT', 'WLD/USDT:USDT', 'XAG/USDT:USDT', 'XAU/USDT:USDT', 'XAUT/USDT:USDT']
2026-07-31 04:54:07,553 [INFO] [SCAN] 스캔 시작: 30개 페어 (캐시 32개 보유)
2026-07-31 04:54:20,544 [INFO] [SCAN] 완료: 30개 종목 · 신호 0개 · API 호출 30회 · 캐시 히트 0회
2026-07-31 04:54:37,513 [INFO] [SCAN] 블랙리스트 4개 제외: ['IP/USDT:USDT', 'NES/USDT:USDT', 'WLD/USDT:USDT', 'XAG/USDT:USDT', 'XAU/USDT:USDT', 'XAUT/USDT:USDT']
2026-07-31 04:54:37,515 [INFO] [SCAN] 스캔 시작: 30개 페어 (캐시 32개 보유)
2026-07-31 04:54:50,509 [INFO] [SCAN] 완료: 30개 종목 · 신호 0개 · API 호출 30회 · 캐시 히트 0회
2026-07-31 04:54:52,853 [INFO] [상태] 잔고:$10.10 | 포지션:2개 | 스캔:516회 | 스캐너:ON
2026-07-31 04:55:05,875 [INFO] [SCAN] 블랙리스트 4개 제외: ['IP/USDT:USDT', 'NES/USDT:USDT', 'WLD/USDT:USDT', 'XAG/USDT:USDT', 'XAU/USDT:USDT', 'XAUT/USDT:USDT']
2026-07-31 04:55:05,875 [INFO] [SCAN] 스캔 시작: 30개 페어 (캐시 32개 보유)
2026-07-31 04:55:18,838 [INFO] [SCAN] 완료: 30개 종목 · 신호 0개 · API 호출 30회 · 캐시 히트 0회
2026-07-31 04:55:34,131 [INFO] [SCAN] 블랙리스트 4개 제외: ['IP/USDT:USDT', 'NES/USDT:USDT', 'WLD/USDT:USDT', 'XAG/USDT:USDT', 'XAU/USDT:USDT', 'XAUT/USDT:USDT']
2026-07-31 04:55:34,132 [INFO] [SCAN] 스캔 시작: 30개 페어 (캐시 32개 보유)
2026-07-31 04:55:47,588 [INFO] [SCAN] 완료: 30개 종목 · 신호 0개 · API 호출 30회 · 캐시 히트 0회
2026-07-31 04:55:53,592 [INFO] [상태] 잔고:$10.10 | 포지션:2개 | 스캔:518회 | 스캐너:ON
2026-07-31 04:56:04,831 [INFO] [SCAN] 블랙리스트 4개 제외: ['IP/USDT:USDT', 'NES/USDT:USDT', 'WLD/USDT:USDT', 'XAG/USDT:USDT', 'XAU/USDT:USDT', 'XAUT/USDT:USDT']
2026-07-31 04:56:04,831 [INFO] [SCAN] 스캔 시작: 30개 페어 (캐시 32개 보유)
2026-07-31 04:56:18,629 [INFO] [SCAN] 완료: 30개 종목 · 신호 0개 · API 호출 30회 · 캐시 히트 0회
2026-07-31 04:56:33,864 [INFO] [SCAN] 블랙리스트 4개 제외: ['IP/USDT:USDT', 'NES/USDT:USDT', 'WLD/USDT:USDT', 'XAG/USDT:USDT', 'XAU/USDT:USDT', 'XAUT/USDT:USDT']
2026-07-31 04:56:33,865 [INFO] [SCAN] 스캔 시작: 30개 페어 (캐시 32개 보유)
2026-07-31 04:56:47,482 [INFO] [SCAN] 완료: 30개 종목 · 신호 0개 · API 호출 30회 · 캐시 히트 0회
2026-07-31 04:56:54,173 [INFO] [상태] 잔고:$10.10 | 포지션:2개 | 스캔:520회 | 스캐너:ON
2026-07-31 04:57:02,897 [INFO] [SCAN] 블랙리스트 4개 제외: ['IP/USDT:USDT', 'NES/USDT:USDT', 'WLD/USDT:USDT', 'XAG/USDT:USDT', 'XAU/USDT:USDT', 'XAUT/USDT:USDT']
2026-07-31 04:57:02,897 [INFO] [SCAN] 스캔 시작: 30개 페어 (캐시 32개 보유)
2026-07-31 04:57:16,372 [INFO] [SCAN] 완료: 30개 종목 · 신호 0개 · API 호출 30회 · 캐시 히트 0회
2026-07-31 04:57:33,520 [INFO] [SCAN] 블랙리스트 4개 제외: ['IP/USDT:USDT', 'NES/USDT:USDT', 'WLD/USDT:USDT', 'XAG/USDT:USDT', 'XAU/USDT:USDT', 'XAUT/USDT:USDT']
2026-07-31 04:57:33,520 [INFO] [SCAN] 스캔 시작: 30개 페어 (캐시 32개 보유)
2026-07-31 04:57:47,176 [INFO] [SCAN] 완료: 30개 종목 · 신호 0개 · API 호출 30회 · 캐시 히트 0회
2026-07-31 04:57:54,770 [INFO] [상태] 잔고:$10.11 | 포지션:2개 | 스캔:522회 | 스캐너:ON
2026-07-31 04:58:02,556 [INFO] [SCAN] 블랙리스트 4개 제외: ['IP/USDT:USDT', 'NES/USDT:USDT', 'WLD/USDT:USDT', 'XAG/USDT:USDT', 'XAU/USDT:USDT', 'XAUT/USDT:USDT']
2026-07-31 04:58:02,556 [INFO] [SCAN] 스캔 시작: 30개 페어 (캐시 32개 보유)
2026-07-31 04:58:16,345 [INFO] [SCAN] 완료: 30개 종목 · 신호 0개 · API 호출 30회 · 캐시 히트 0회
2026-07-31 04:58:31,592 [INFO] [SCAN] 블랙리스트 4개 제외: ['IP/USDT:USDT', 'NES/USDT:USDT', 'WLD/USDT:USDT', 'XAG/USDT:USDT', 'XAU/USDT:USDT', 'XAUT/USDT:USDT']
2026-07-31 04:58:31,592 [INFO] [SCAN] 스캔 시작: 30개 페어 (캐시 32개 보유)
2026-07-31 04:58:44,976 [INFO] [SCAN] 완료: 30개 종목 · 신호 0개 · API 호출 30회 · 캐시 히트 0회
2026-07-31 04:58:55,367 [INFO] [상태] 잔고:$10.07 | 포지션:2개 | 스캔:524회 | 스캐너:ON
2026-07-31 04:59:02,204 [INFO] [SCAN] 블랙리스트 4개 제외: ['IP/USDT:USDT', 'NES/USDT:USDT', 'WLD/USDT:USDT', 'XAG/USDT:USDT', 'XAU/USDT:USDT', 'XAUT/USDT:USDT']
2026-07-31 04:59:02,204 [INFO] [SCAN] 스캔 시작: 30개 페어 (캐시 32개 보유)
2026-07-31 04:59:15,884 [INFO] [SCAN] 완료: 30개 종목 · 신호 0개 · API 호출 30회 · 캐시 히트 0회
2026-07-31 04:59:31,125 [INFO] [SCAN] 블랙리스트 4개 제외: ['IP/USDT:USDT', 'NES/USDT:USDT', 'WLD/USDT:USDT', 'XAG/USDT:USDT', 'XAU/USDT:USDT', 'XAUT/USDT:USDT']
2026-07-31 04:59:31,126 [INFO] [SCAN] 스캔 시작: 30개 페어 (캐시 32개 보유)
2026-07-31 04:59:44,162 [INFO] [SCAN] 완료: 30개 종목 · 신호 0개 · API 호출 30회 · 캐시 히트 0회
2026-07-31 04:59:55,912 [INFO] [상태] 잔고:$10.08 | 포지션:2개 | 스캔:526회 | 스캐너:ON
2026-07-31 04:59:59,550 [INFO] [SCAN] 블랙리스트 4개 제외: ['IP/USDT:USDT', 'NES/USDT:USDT', 'WLD/USDT:USDT', 'XAG/USDT:USDT', 'XAU/USDT:USDT', 'XAUT/USDT:USDT']
2026-07-31 04:59:59,550 [INFO] [SCAN] 스캔 시작: 30개 페어 (캐시 32개 보유)
2026-07-31 05:00:08,898 [INFO] [SIG] LTC/USDT:USDT SHORT 신호 포착 (강도 100%)
2026-07-31 05:00:08,898 [INFO] [SIGNAL] LTC/USDT:USDT SHORT 신호 수신 (strength=100)
2026-07-31 05:00:09,289 [INFO] [RISK OK] LTC/USDT:USDT 리스크 체크 통과
2026-07-31 05:00:09,568 [INFO] [ENTRY OK] LTC/USDT:USDT 포지션 체크 통과 (현재 2/3)
2026-07-31 05:00:09,569 [INFO] [MARGIN] AUTO_COMPOUND 활성화 감지
2026-07-31 05:00:09,569 [INFO] [COMPOUND OK] 자동 복리 마진: 총 잔고 $10.09, 비율 22.00% → 1회 진입 증거금 $2.22
2026-07-31 05:00:09,569 [INFO] [MARGIN DECISION] symbol=LTC/USDT:USDT source=compound_cached margin=2.22 auto_compound=True compound_pct=22.00 fixed_margin=2.00
2026-07-31 05:00:09,847 [INFO] [M4 SIZING] LTC/USDT:USDT 잔고=$10.09, 리스크=1.00%, SL거리=0.30% → 증거금=$3.03 (Notional: $18.18)
2026-07-31 05:00:09,847 [INFO] [DualBB SL/TP] LTC/USDT:USDT 시그널 내장 가격 기반: SL=45.5300(0.286%) TP=45.1400(0.573%)
2026-07-31 05:00:09,847 [INFO] [FINAL ENTRY] LTC/USDT:USDT SELL 주문 실행 예정: margin=$3.03 SL=0.29% TP=0.57%
2026-07-31 05:00:09,847 [INFO] [ORDER PLACE] LTC/USDT:USDT place_order 호출 중...
2026-07-31 05:00:10,132 [INFO] 레버리지 설정 완료: LTC/USDT:USDT 6x (short)
2026-07-31 05:00:10,473 [INFO] [ORDER] LTC/USDT:USDT short 진입 + TP(45.13) / SL(45.52) 원자 등록 완료
2026-07-31 05:00:11,544 [INFO] [ORDER RESULT] LTC/USDT:USDT 주문 결과: {'order_id': '3789611057173995520', 'symbol': 'LTC/USDT:USDT', 'side': 'short', 'entry_price': 45.39, 'amount': 0.4, 'sl_price': 45.52, 'tp_price': 45.13, 'usdt_margin': 3.03}
2026-07-31 05:00:11,545 [INFO] [ATR TRAIL] LTC/USDT:USDT ATR기반 저장: atr_pct=0.30% → activation=1.00% callback=0.80%
2026-07-31 05:00:11,547 [INFO] [PERSIST] 활성 포지션 상태 저장 완료
2026-07-31 05:00:11,566 [INFO] [PERSIST] 엔진 상태(트레일링 픽, 이전 포지션 심볼, recently_entered) 저장 완료
2026-07-31 05:00:11,566 [INFO] [ORDER] LTC/USDT:USDT SHORT 실행 완료
2026-07-31 05:00:15,406 [INFO] [SCAN] 완료: 30개 종목 · 신호 1개 · API 호출 30회 · 캐시 히트 0회
2026-07-31 05:00:33,271 [INFO] [SCAN] 블랙리스트 4개 제외: ['IP/USDT:USDT', 'NES/USDT:USDT', 'WLD/USDT:USDT', 'XAG/USDT:USDT', 'XAU/USDT:USDT', 'XAUT/USDT:USDT']
2026-07-31 05:00:33,272 [INFO] [SCAN] 스캔 시작: 30개 페어 (캐시 32개 보유)
2026-07-31 05:00:42,447 [INFO] [SIG] LTC/USDT:USDT SHORT 신호 포착 (강도 100%)
2026-07-31 05:00:42,447 [INFO] [SIGNAL] LTC/USDT:USDT SHORT 신호 수신 (strength=100)
2026-07-31 05:00:42,839 [INFO] [RISK OK] LTC/USDT:USDT 리스크 체크 통과
2026-07-31 05:00:43,219 [INFO] [SYNC] LTC/USDT:USDT 포지션 거래소 반영 확인 → recently_entered 락 해제
2026-07-31 05:00:43,221 [INFO] [PERSIST] 엔진 상태(트레일링 픽, 이전 포지션 심볼, recently_entered) 저장 완료
2026-07-31 05:00:43,221 [INFO] [ENTRY BLOCK] LTC/USDT:USDT — 이미 포지션 보유 또는 진입 주문 전송 중
2026-07-31 05:00:47,088 [INFO] [SCAN] 완료: 30개 종목 · 신호 1개 · API 호출 30회 · 캐시 히트 0회
2026-07-31 05:00:56,471 [INFO] [상태] 잔고:$10.08 | 포지션:3개 | 스캔:528회 | 스캐너:ON
2026-07-31 05:01:02,493 [INFO] [SCAN] 블랙리스트 4개 제외: ['IP/USDT:USDT', 'NES/USDT:USDT', 'WLD/USDT:USDT', 'XAG/USDT:USDT', 'XAU/USDT:USDT', 'XAUT/USDT:USDT']
2026-07-31 05:01:02,493 [INFO] [SCAN] 스캔 시작: 30개 페어 (캐시 32개 보유)
2026-07-31 05:01:11,713 [INFO] [SIG] LTC/USDT:USDT SHORT 신호 포착 (강도 100%)
2026-07-31 05:01:11,713 [INFO] [SIGNAL] LTC/USDT:USDT SHORT 신호 수신 (strength=100)
2026-07-31 05:01:12,109 [INFO] [RISK OK] LTC/USDT:USDT 리스크 체크 통과
2026-07-31 05:01:12,389 [INFO] [ENTRY BLOCK] LTC/USDT:USDT — 이미 포지션 보유 또는 진입 주문 전송 중
2026-07-31 05:01:16,288 [INFO] [SCAN] 완료: 30개 종목 · 신호 1개 · API 호출 30회 · 캐시 히트 0회
2026-07-31 05:01:33,941 [INFO] [SCAN] 블랙리스트 4개 제외: ['IP/USDT:USDT', 'NES/USDT:USDT', 'WLD/USDT:USDT', 'XAG/USDT:USDT', 'XAU/USDT:USDT', 'XAUT/USDT:USDT']
2026-07-31 05:01:33,941 [INFO] [SCAN] 스캔 시작: 30개 페어 (캐시 32개 보유)
2026-07-31 05:01:43,768 [INFO] [SIG] LTC/USDT:USDT SHORT 신호 포착 (강도 100%)
2026-07-31 05:01:43,768 [INFO] [SIGNAL] LTC/USDT:USDT SHORT 신호 수신 (strength=100)
2026-07-31 05:01:44,365 [INFO] [RISK OK] LTC/USDT:USDT 리스크 체크 통과
2026-07-31 05:01:44,688 [INFO] [ENTRY BLOCK] LTC/USDT:USDT — 이미 포지션 보유 또는 진입 주문 전송 중
2026-07-31 05:01:48,828 [INFO] [SCAN] 완료: 30개 종목 · 신호 1개 · API 호출 30회 · 캐시 히트 0회
2026-07-31 05:01:57,047 [INFO] [상태] 잔고:$10.04 | 포지션:3개 | 스캔:530회 | 스캐너:ON
2026-07-31 05:02:04,189 [INFO] [SCAN] 블랙리스트 4개 제외: ['IP/USDT:USDT', 'NES/USDT:USDT', 'WLD/USDT:USDT', 'XAG/USDT:USDT', 'XAU/USDT:USDT', 'XAUT/USDT:USDT']
2026-07-31 05:02:04,190 [INFO] [SCAN] 스캔 시작: 30개 페어 (캐시 32개 보유)
2026-07-31 05:02:13,948 [INFO] [SIG] LTC/USDT:USDT SHORT 신호 포착 (강도 100%)
2026-07-31 05:02:13,948 [INFO] [SIGNAL] LTC/USDT:USDT SHORT 신호 수신 (strength=100)
2026-07-31 05:02:14,541 [INFO] [RISK OK] LTC/USDT:USDT 리스크 체크 통과
2026-07-31 05:02:14,821 [INFO] [ENTRY BLOCK] LTC/USDT:USDT — 이미 포지션 보유 또는 진입 주문 전송 중
2026-07-31 05:02:18,821 [INFO] [SCAN] 완료: 30개 종목 · 신호 1개 · API 호출 30회 · 캐시 히트 0회
2026-07-31 05:02:36,930 [INFO] [SCAN] 블랙리스트 4개 제외: ['IP/USDT:USDT', 'NES/USDT:USDT', 'WLD/USDT:USDT', 'XAG/USDT:USDT', 'XAU/USDT:USDT', 'XAUT/USDT:USDT']
2026-07-31 05:02:36,930 [INFO] [SCAN] 스캔 시작: 30개 페어 (캐시 32개 보유)
2026-07-31 05:02:46,494 [INFO] [SIG] LTC/USDT:USDT SHORT 신호 포착 (강도 100%)
2026-07-31 05:02:46,495 [INFO] [SIGNAL] LTC/USDT:USDT SHORT 신호 수신 (strength=100)
2026-07-31 05:02:47,046 [INFO] [RISK OK] LTC/USDT:USDT 리스크 체크 통과
2026-07-31 05:02:47,327 [INFO] [ENTRY BLOCK] LTC/USDT:USDT — 이미 포지션 보유 또는 진입 주문 전송 중
2026-07-31 05:02:51,279 [INFO] [SCAN] 완료: 30개 종목 · 신호 1개 · API 호출 30회 · 캐시 히트 0회
2026-07-31 05:02:57,476 [INFO] [상태] 잔고:$10.05 | 포지션:3개 | 스캔:532회 | 스캐너:ON
2026-07-31 05:03:06,651 [INFO] [SCAN] 블랙리스트 4개 제외: ['IP/USDT:USDT', 'NES/USDT:USDT', 'WLD/USDT:USDT', 'XAG/USDT:USDT', 'XAU/USDT:USDT', 'XAUT/USDT:USDT']
2026-07-31 05:03:06,651 [INFO] [SCAN] 스캔 시작: 30개 페어 (캐시 32개 보유)
2026-07-31 05:03:16,255 [INFO] [SIG] LTC/USDT:USDT SHORT 신호 포착 (강도 100%)
2026-07-31 05:03:16,255 [INFO] [SIGNAL] LTC/USDT:USDT SHORT 신호 수신 (strength=100)
2026-07-31 05:03:16,689 [INFO] [RISK OK] LTC/USDT:USDT 리스크 체크 통과
2026-07-31 05:03:16,964 [INFO] [ENTRY BLOCK] LTC/USDT:USDT — 이미 포지션 보유 또는 진입 주문 전송 중
2026-07-31 05:03:21,018 [INFO] [SCAN] 완료: 30개 종목 · 신호 1개 · API 호출 30회 · 캐시 히트 0회
2026-07-31 05:03:39,056 [INFO] [SCAN] 블랙리스트 4개 제외: ['IP/USDT:USDT', 'NES/USDT:USDT', 'WLD/USDT:USDT', 'XAG/USDT:USDT', 'XAU/USDT:USDT', 'XAUT/USDT:USDT']
2026-07-31 05:03:39,056 [INFO] [SCAN] 스캔 시작: 30개 페어 (캐시 32개 보유)
2026-07-31 05:03:48,773 [INFO] [SIG] LTC/USDT:USDT SHORT 신호 포착 (강도 100%)
2026-07-31 05:03:48,773 [INFO] [SIGNAL] LTC/USDT:USDT SHORT 신호 수신 (strength=100)
2026-07-31 05:03:49,347 [INFO] [RISK OK] LTC/USDT:USDT 리스크 체크 통과
2026-07-31 05:03:49,670 [INFO] [ENTRY BLOCK] LTC/USDT:USDT — 이미 포지션 보유 또는 진입 주문 전송 중
2026-07-31 05:03:53,904 [INFO] [SCAN] 완료: 30개 종목 · 신호 1개 · API 호출 30회 · 캐시 히트 0회
2026-07-31 05:03:58,012 [INFO] [상태] 잔고:$10.05 | 포지션:3개 | 스캔:534회 | 스캐너:ON
2026-07-31 05:04:09,325 [INFO] [SCAN] 블랙리스트 4개 제외: ['IP/USDT:USDT', 'NES/USDT:USDT', 'WLD/USDT:USDT', 'XAG/USDT:USDT', 'XAU/USDT:USDT', 'XAUT/USDT:USDT']
2026-07-31 05:04:09,325 [INFO] [SCAN] 스캔 시작: 30개 페어 (캐시 32개 보유)
2026-07-31 05:04:19,214 [INFO] [SIG] LTC/USDT:USDT SHORT 신호 포착 (강도 100%)
2026-07-31 05:04:19,214 [INFO] [SIGNAL] LTC/USDT:USDT SHORT 신호 수신 (strength=100)
2026-07-31 05:04:19,664 [INFO] [RISK OK] LTC/USDT:USDT 리스크 체크 통과
2026-07-31 05:04:19,984 [INFO] [ENTRY BLOCK] LTC/USDT:USDT — 이미 포지션 보유 또는 진입 주문 전송 중
2026-07-31 05:04:24,099 [INFO] [SCAN] 완료: 30개 종목 · 신호 1개 · API 호출 30회 · 캐시 히트 0회
2026-07-31 05:04:41,858 [INFO] [SCAN] 블랙리스트 4개 제외: ['IP/USDT:USDT', 'NES/USDT:USDT', 'WLD/USDT:USDT', 'XAG/USDT:USDT', 'XAU/USDT:USDT', 'XAUT/USDT:USDT']
2026-07-31 05:04:41,858 [INFO] [SCAN] 스캔 시작: 30개 페어 (캐시 32개 보유)
2026-07-31 05:04:51,102 [INFO] [SIG] LTC/USDT:USDT SHORT 신호 포착 (강도 100%)
2026-07-31 05:04:51,103 [INFO] [SIGNAL] LTC/USDT:USDT SHORT 신호 수신 (strength=100)
2026-07-31 05:04:51,496 [INFO] [RISK OK] LTC/USDT:USDT 리스크 체크 통과
2026-07-31 05:04:51,890 [INFO] [ENTRY BLOCK] LTC/USDT:USDT — 이미 포지션 보유 또는 진입 주문 전송 중
2026-07-31 05:04:56,075 [INFO] [SCAN] 완료: 30개 종목 · 신호 1개 · API 호출 30회 · 캐시 히트 0회
2026-07-31 05:04:58,572 [INFO] [상태] 잔고:$10.07 | 포지션:3개 | 스캔:536회 | 스캐너:ON
2026-07-31 05:05:11,459 [INFO] [SCAN] 블랙리스트 4개 제외: ['IP/USDT:USDT', 'NES/USDT:USDT', 'WLD/USDT:USDT', 'XAG/USDT:USDT', 'XAU/USDT:USDT', 'XAUT/USDT:USDT']
2026-07-31 05:05:11,459 [INFO] [SCAN] 스캔 시작: 30개 페어 (캐시 32개 보유)
2026-07-31 05:05:20,665 [INFO] [SIG] LTC/USDT:USDT SHORT 신호 포착 (강도 100%)
2026-07-31 05:05:20,665 [INFO] [SIGNAL] LTC/USDT:USDT SHORT 신호 수신 (strength=100)
2026-07-31 05:05:21,072 [INFO] [RISK OK] LTC/USDT:USDT 리스크 체크 통과
2026-07-31 05:05:21,357 [INFO] [ENTRY BLOCK] LTC/USDT:USDT — 이미 포지션 보유 또는 진입 주문 전송 중
2026-07-31 05:05:25,288 [INFO] [SCAN] 완료: 30개 종목 · 신호 1개 · API 호출 30회 · 캐시 히트 0회
2026-07-31 05:05:42,992 [INFO] [SCAN] 블랙리스트 4개 제외: ['IP/USDT:USDT', 'NES/USDT:USDT', 'WLD/USDT:USDT', 'XAG/USDT:USDT', 'XAU/USDT:USDT', 'XAUT/USDT:USDT']
2026-07-31 05:05:42,992 [INFO] [SCAN] 스캔 시작: 30개 페어 (캐시 32개 보유)
2026-07-31 05:05:52,777 [INFO] [SIG] LTC/USDT:USDT SHORT 신호 포착 (강도 100%)
2026-07-31 05:05:52,777 [INFO] [SIGNAL] LTC/USDT:USDT SHORT 신호 수신 (strength=100)
2026-07-31 05:05:53,214 [INFO] [RISK OK] LTC/USDT:USDT 리스크 체크 통과
2026-07-31 05:05:53,547 [INFO] [ENTRY BLOCK] LTC/USDT:USDT — 이미 포지션 보유 또는 진입 주문 전송 중
2026-07-31 05:05:57,623 [INFO] [SCAN] 완료: 30개 종목 · 신호 1개 · API 호출 30회 · 캐시 히트 0회
2026-07-31 05:05:59,097 [INFO] [상태] 잔고:$10.06 | 포지션:3개 | 스캔:538회 | 스캐너:ON
2026-07-31 05:06:13,047 [INFO] [SCAN] 블랙리스트 4개 제외: ['IP/USDT:USDT', 'NES/USDT:USDT', 'WLD/USDT:USDT', 'XAG/USDT:USDT', 'XAU/USDT:USDT', 'XAUT/USDT:USDT']
2026-07-31 05:06:13,047 [INFO] [SCAN] 스캔 시작: 30개 페어 (캐시 32개 보유)
2026-07-31 05:06:22,773 [INFO] [SIG] LTC/USDT:USDT SHORT 신호 포착 (강도 100%)
2026-07-31 05:06:22,773 [INFO] [SIGNAL] LTC/USDT:USDT SHORT 신호 수신 (strength=100)
2026-07-31 05:06:23,371 [INFO] [RISK OK] LTC/USDT:USDT 리스크 체크 통과
2026-07-31 05:06:23,703 [INFO] [ENTRY BLOCK] LTC/USDT:USDT — 이미 포지션 보유 또는 진입 주문 전송 중
2026-07-31 05:06:27,877 [INFO] [SCAN] 완료: 30개 종목 · 신호 1개 · API 호출 30회 · 캐시 히트 0회
2026-07-31 05:06:45,835 [INFO] [SCAN] 블랙리스트 4개 제외: ['IP/USDT:USDT', 'NES/USDT:USDT', 'WLD/USDT:USDT', 'XAG/USDT:USDT', 'XAU/USDT:USDT', 'XAUT/USDT:USDT']
2026-07-31 05:06:45,835 [INFO] [SCAN] 스캔 시작: 30개 페어 (캐시 32개 보유)
2026-07-31 05:06:55,218 [INFO] [SIG] LTC/USDT:USDT SHORT 신호 포착 (강도 100%)
2026-07-31 05:06:55,218 [INFO] [SIGNAL] LTC/USDT:USDT SHORT 신호 수신 (strength=100)
2026-07-31 05:06:55,620 [INFO] [RISK OK] LTC/USDT:USDT 리스크 체크 통과
2026-07-31 05:06:55,904 [INFO] [ENTRY BLOCK] LTC/USDT:USDT — 이미 포지션 보유 또는 진입 주문 전송 중
2026-07-31 05:06:59,528 [INFO] [상태] 잔고:$10.06 | 포지션:3개 | 스캔:539회 | 스캐너:ON
2026-07-31 05:07:00,058 [INFO] [SCAN] 완료: 30개 종목 · 신호 1개 · API 호출 30회 · 캐시 히트 0회
2026-07-31 05:07:15,310 [INFO] [SCAN] 블랙리스트 4개 제외: ['IP/USDT:USDT', 'NES/USDT:USDT', 'WLD/USDT:USDT', 'XAG/USDT:USDT', 'XAU/USDT:USDT', 'XAUT/USDT:USDT']
2026-07-31 05:07:15,310 [INFO] [SCAN] 스캔 시작: 30개 페어 (캐시 32개 보유)
2026-07-31 05:07:24,890 [INFO] [SIG] LTC/USDT:USDT SHORT 신호 포착 (강도 100%)
2026-07-31 05:07:24,891 [INFO] [SIGNAL] LTC/USDT:USDT SHORT 신호 수신 (strength=100)
2026-07-31 05:07:25,291 [INFO] [RISK OK] LTC/USDT:USDT 리스크 체크 통과
2026-07-31 05:07:25,581 [INFO] [ENTRY BLOCK] LTC/USDT:USDT — 이미 포지션 보유 또는 진입 주문 전송 중
2026-07-31 05:07:29,620 [INFO] [SCAN] 완료: 30개 종목 · 신호 1개 · API 호출 30회 · 캐시 히트 0회
2026-07-31 05:07:47,507 [INFO] [SCAN] 블랙리스트 4개 제외: ['IP/USDT:USDT', 'NES/USDT:USDT', 'WLD/USDT:USDT', 'XAG/USDT:USDT', 'XAU/USDT:USDT', 'XAUT/USDT:USDT']
2026-07-31 05:07:47,508 [INFO] [SCAN] 스캔 시작: 30개 페어 (캐시 32개 보유)
2026-07-31 05:07:57,127 [INFO] [SIG] LTC/USDT:USDT SHORT 신호 포착 (강도 100%)
2026-07-31 05:07:57,128 [INFO] [SIGNAL] LTC/USDT:USDT SHORT 신호 수신 (strength=100)
2026-07-31 05:07:57,725 [INFO] [RISK OK] LTC/USDT:USDT 리스크 체크 통과
2026-07-31 05:07:58,056 [INFO] [ENTRY BLOCK] LTC/USDT:USDT — 이미 포지션 보유 또는 진입 주문 전송 중
2026-07-31 05:08:00,118 [INFO] [상태] 잔고:$10.06 | 포지션:3개 | 스캔:541회 | 스캐너:ON
2026-07-31 05:08:02,675 [INFO] [SCAN] 완료: 30개 종목 · 신호 1개 · API 호출 30회 · 캐시 히트 0회
2026-07-31 05:08:17,955 [INFO] [SCAN] 블랙리스트 4개 제외: ['IP/USDT:USDT', 'NES/USDT:USDT', 'WLD/USDT:USDT', 'XAG/USDT:USDT', 'XAU/USDT:USDT', 'XAUT/USDT:USDT']
2026-07-31 05:08:17,955 [INFO] [SCAN] 스캔 시작: 30개 페어 (캐시 32개 보유)
2026-07-31 05:08:27,876 [INFO] [SIG] LTC/USDT:USDT SHORT 신호 포착 (강도 100%)
2026-07-31 05:08:27,876 [INFO] [SIGNAL] LTC/USDT:USDT SHORT 신호 수신 (strength=100)
2026-07-31 05:08:28,323 [INFO] [RISK OK] LTC/USDT:USDT 리스크 체크 통과
2026-07-31 05:08:28,753 [INFO] [ENTRY BLOCK] LTC/USDT:USDT — 이미 포지션 보유 또는 진입 주문 전송 중
2026-07-31 05:08:32,799 [INFO] [SCAN] 완료: 30개 종목 · 신호 1개 · API 호출 30회 · 캐시 히트 0회
2026-07-31 05:08:50,868 [INFO] [SCAN] 블랙리스트 4개 제외: ['IP/USDT:USDT', 'NES/USDT:USDT', 'WLD/USDT:USDT', 'XAG/USDT:USDT', 'XAU/USDT:USDT', 'XAUT/USDT:USDT']
2026-07-31 05:08:50,868 [INFO] [SCAN] 스캔 시작: 30개 페어 (캐시 32개 보유)
2026-07-31 05:09:00,618 [INFO] [상태] 잔고:$10.06 | 포지션:3개 | 스캔:543회 | 스캐너:ON
2026-07-31 05:09:00,863 [INFO] [SIG] LTC/USDT:USDT SHORT 신호 포착 (강도 100%)
2026-07-31 05:09:00,863 [INFO] [SIGNAL] LTC/USDT:USDT SHORT 신호 수신 (strength=100)
2026-07-31 05:09:01,259 [INFO] [RISK OK] LTC/USDT:USDT 리스크 체크 통과
2026-07-31 05:09:01,575 [INFO] [ENTRY BLOCK] LTC/USDT:USDT — 이미 포지션 보유 또는 진입 주문 전송 중
2026-07-31 05:09:05,548 [INFO] [SCAN] 완료: 30개 종목 · 신호 1개 · API 호출 30회 · 캐시 히트 0회
2026-07-31 05:09:20,802 [INFO] [SCAN] 블랙리스트 4개 제외: ['IP/USDT:USDT', 'NES/USDT:USDT', 'WLD/USDT:USDT', 'XAG/USDT:USDT', 'XAU/USDT:USDT', 'XAUT/USDT:USDT']
2026-07-31 05:09:20,802 [INFO] [SCAN] 스캔 시작: 30개 페어 (캐시 32개 보유)
2026-07-31 05:09:30,212 [INFO] [SIG] LTC/USDT:USDT SHORT 신호 포착 (강도 100%)
2026-07-31 05:09:30,212 [INFO] [SIGNAL] LTC/USDT:USDT SHORT 신호 수신 (strength=100)
2026-07-31 05:09:30,609 [INFO] [RISK OK] LTC/USDT:USDT 리스크 체크 통과
2026-07-31 05:09:30,926 [INFO] [ENTRY BLOCK] LTC/USDT:USDT — 이미 포지션 보유 또는 진입 주문 전송 중
2026-07-31 05:09:34,986 [INFO] [SCAN] 완료: 30개 종목 · 신호 1개 · API 호출 30회 · 캐시 히트 0회
2026-07-31 05:09:52,856 [INFO] [SCAN] 블랙리스트 4개 제외: ['IP/USDT:USDT', 'NES/USDT:USDT', 'WLD/USDT:USDT', 'XAG/USDT:USDT', 'XAU/USDT:USDT', 'XAUT/USDT:USDT']
2026-07-31 05:09:52,857 [INFO] [SCAN] 스캔 시작: 30개 페어 (캐시 32개 보유)
2026-07-31 05:10:01,209 [INFO] [상태] 잔고:$10.08 | 포지션:3개 | 스캔:545회 | 스캐너:ON
2026-07-31 05:10:02,471 [INFO] [SIG] LTC/USDT:USDT SHORT 신호 포착 (강도 100%)
2026-07-31 05:10:02,472 [INFO] [SIGNAL] LTC/USDT:USDT SHORT 신호 수신 (strength=100)
2026-07-31 05:10:02,861 [INFO] [RISK OK] LTC/USDT:USDT 리스크 체크 통과
2026-07-31 05:10:03,146 [INFO] [ENTRY BLOCK] LTC/USDT:USDT — 이미 포지션 보유 또는 진입 주문 전송 중
2026-07-31 05:10:07,030 [INFO] [SCAN] 완료: 30개 종목 · 신호 1개 · API 호출 30회 · 캐시 히트 0회
2026-07-31 05:10:22,277 [INFO] [SCAN] 블랙리스트 4개 제외: ['IP/USDT:USDT', 'NES/USDT:USDT', 'WLD/USDT:USDT', 'XAG/USDT:USDT', 'XAU/USDT:USDT', 'XAUT/USDT:USDT']
2026-07-31 05:10:22,278 [INFO] [SCAN] 스캔 시작: 30개 페어 (캐시 32개 보유)
2026-07-31 05:10:31,461 [INFO] [SIG] LTC/USDT:USDT SHORT 신호 포착 (강도 100%)
2026-07-31 05:10:31,461 [INFO] [SIGNAL] LTC/USDT:USDT SHORT 신호 수신 (strength=100)
2026-07-31 05:10:31,869 [INFO] [RISK OK] LTC/USDT:USDT 리스크 체크 통과
2026-07-31 05:10:32,148 [INFO] [ENTRY BLOCK] LTC/USDT:USDT — 이미 포지션 보유 또는 진입 주문 전송 중
2026-07-31 05:10:36,071 [INFO] [SCAN] 완료: 30개 종목 · 신호 1개 · API 호출 30회 · 캐시 히트 0회
2026-07-31 05:10:53,826 [INFO] [SCAN] 블랙리스트 4개 제외: ['IP/USDT:USDT', 'NES/USDT:USDT', 'WLD/USDT:USDT', 'XAG/USDT:USDT', 'XAU/USDT:USDT', 'XAUT/USDT:USDT']
2026-07-31 05:10:53,826 [INFO] [SCAN] 스캔 시작: 30개 페어 (캐시 32개 보유)
2026-07-31 05:11:01,847 [INFO] [상태] 잔고:$10.05 | 포지션:3개 | 스캔:547회 | 스캐너:ON
2026-07-31 05:11:03,566 [INFO] [SIG] LTC/USDT:USDT SHORT 신호 포착 (강도 100%)
2026-07-31 05:11:03,567 [INFO] [SIGNAL] LTC/USDT:USDT SHORT 신호 수신 (strength=100)
2026-07-31 05:11:04,068 [INFO] [RISK OK] LTC/USDT:USDT 리스크 체크 통과
2026-07-31 05:11:04,352 [INFO] [ENTRY BLOCK] LTC/USDT:USDT — 이미 포지션 보유 또는 진입 주문 전송 중
2026-07-31 05:11:08,300 [INFO] [SCAN] 완료: 30개 종목 · 신호 1개 · API 호출 30회 · 캐시 히트 0회
2026-07-31 05:11:23,588 [INFO] [SCAN] 블랙리스트 4개 제외: ['IP/USDT:USDT', 'NES/USDT:USDT', 'WLD/USDT:USDT', 'XAG/USDT:USDT', 'XAU/USDT:USDT', 'XAUT/USDT:USDT']
2026-07-31 05:11:23,588 [INFO] [SCAN] 스캔 시작: 30개 페어 (캐시 32개 보유)
2026-07-31 05:11:32,972 [INFO] [SIG] LTC/USDT:USDT SHORT 신호 포착 (강도 100%)
2026-07-31 05:11:32,972 [INFO] [SIGNAL] LTC/USDT:USDT SHORT 신호 수신 (strength=100)
2026-07-31 05:11:33,402 [INFO] [RISK OK] LTC/USDT:USDT 리스크 체크 통과
2026-07-31 05:11:33,686 [INFO] [ENTRY BLOCK] LTC/USDT:USDT — 이미 포지션 보유 또는 진입 주문 전송 중
2026-07-31 05:11:37,699 [INFO] [SCAN] 완료: 30개 종목 · 신호 1개 · API 호출 30회 · 캐시 히트 0회
2026-07-31 05:11:55,392 [INFO] [SCAN] 블랙리스트 4개 제외: ['IP/USDT:USDT', 'NES/USDT:USDT', 'WLD/USDT:USDT', 'XAG/USDT:USDT', 'XAU/USDT:USDT', 'XAUT/USDT:USDT']
2026-07-31 05:11:55,392 [INFO] [SCAN] 스캔 시작: 30개 페어 (캐시 32개 보유)
2026-07-31 05:12:02,456 [INFO] [상태] 잔고:$10.04 | 포지션:3개 | 스캔:549회 | 스캐너:ON
2026-07-31 05:12:05,368 [INFO] [SIG] LTC/USDT:USDT SHORT 신호 포착 (강도 100%)
2026-07-31 05:12:05,368 [INFO] [SIGNAL] LTC/USDT:USDT SHORT 신호 수신 (strength=100)
2026-07-31 05:12:05,923 [INFO] [RISK OK] LTC/USDT:USDT 리스크 체크 통과
2026-07-31 05:12:06,314 [INFO] [ENTRY BLOCK] LTC/USDT:USDT — 이미 포지션 보유 또는 진입 주문 전송 중
2026-07-31 05:12:10,385 [INFO] [SCAN] 완료: 30개 종목 · 신호 1개 · API 호출 30회 · 캐시 히트 0회
2026-07-31 05:12:25,627 [INFO] [SCAN] 블랙리스트 4개 제외: ['IP/USDT:USDT', 'NES/USDT:USDT', 'WLD/USDT:USDT', 'XAG/USDT:USDT', 'XAU/USDT:USDT', 'XAUT/USDT:USDT']
2026-07-31 05:12:25,627 [INFO] [SCAN] 스캔 시작: 30개 페어 (캐시 32개 보유)
2026-07-31 05:12:34,926 [INFO] [SIG] LTC/USDT:USDT SHORT 신호 포착 (강도 100%)
2026-07-31 05:12:34,926 [INFO] [SIGNAL] LTC/USDT:USDT SHORT 신호 수신 (strength=100)
2026-07-31 05:12:35,428 [INFO] [RISK OK] LTC/USDT:USDT 리스크 체크 통과
2026-07-31 05:12:35,817 [INFO] [ENTRY BLOCK] LTC/USDT:USDT — 이미 포지션 보유 또는 진입 주문 전송 중
2026-07-31 05:12:39,836 [INFO] [SCAN] 완료: 30개 종목 · 신호 1개 · API 호출 30회 · 캐시 히트 0회
2026-07-31 05:12:57,403 [INFO] [SCAN] 블랙리스트 4개 제외: ['IP/USDT:USDT', 'NES/USDT:USDT', 'WLD/USDT:USDT', 'XAG/USDT:USDT', 'XAU/USDT:USDT', 'XAUT/USDT:USDT']
2026-07-31 05:12:57,403 [INFO] [SCAN] 스캔 시작: 30개 페어 (캐시 32개 보유)
2026-07-31 05:13:02,899 [INFO] [상태] 잔고:$10.04 | 포지션:3개 | 스캔:551회 | 스캐너:ON
2026-07-31 05:13:07,463 [INFO] [SIG] LTC/USDT:USDT SHORT 신호 포착 (강도 100%)
2026-07-31 05:13:07,463 [INFO] [SIGNAL] LTC/USDT:USDT SHORT 신호 수신 (strength=100)
2026-07-31 05:13:07,902 [INFO] [RISK OK] LTC/USDT:USDT 리스크 체크 통과
2026-07-31 05:13:08,187 [INFO] [ENTRY BLOCK] LTC/USDT:USDT — 이미 포지션 보유 또는 진입 주문 전송 중
2026-07-31 05:13:11,757 [INFO] [SCAN] 완료: 30개 종목 · 신호 1개 · API 호출 30회 · 캐시 히트 0회
2026-07-31 05:13:27,002 [INFO] [SCAN] 블랙리스트 4개 제외: ['IP/USDT:USDT', 'NES/USDT:USDT', 'WLD/USDT:USDT', 'XAG/USDT:USDT', 'XAU/USDT:USDT', 'XAUT/USDT:USDT']
2026-07-31 05:13:27,002 [INFO] [SCAN] 스캔 시작: 30개 페어 (캐시 32개 보유)
2026-07-31 05:13:36,908 [INFO] [SIG] LTC/USDT:USDT SHORT 신호 포착 (강도 100%)
2026-07-31 05:13:36,908 [INFO] [SIGNAL] LTC/USDT:USDT SHORT 신호 수신 (strength=100)
2026-07-31 05:13:37,460 [INFO] [RISK OK] LTC/USDT:USDT 리스크 체크 통과
2026-07-31 05:13:37,746 [INFO] [ENTRY BLOCK] LTC/USDT:USDT — 이미 포지션 보유 또는 진입 주문 전송 중
2026-07-31 05:13:41,403 [INFO] [SCAN] 완료: 30개 종목 · 신호 1개 · API 호출 30회 · 캐시 히트 0회
2026-07-31 05:13:59,438 [INFO] [SCAN] 블랙리스트 4개 제외: ['IP/USDT:USDT', 'NES/USDT:USDT', 'WLD/USDT:USDT', 'XAG/USDT:USDT', 'XAU/USDT:USDT', 'XAUT/USDT:USDT']
2026-07-31 05:13:59,438 [INFO] [SCAN] 스캔 시작: 30개 페어 (캐시 32개 보유)
2026-07-31 05:14:03,395 [INFO] [상태] 잔고:$10.03 | 포지션:3개 | 스캔:553회 | 스캐너:ON
2026-07-31 05:14:09,592 [INFO] [SIG] LTC/USDT:USDT SHORT 신호 포착 (강도 100%)
2026-07-31 05:14:09,592 [INFO] [SIGNAL] LTC/USDT:USDT SHORT 신호 수신 (strength=100)
2026-07-31 05:14:09,992 [INFO] [RISK OK] LTC/USDT:USDT 리스크 체크 통과
2026-07-31 05:14:10,275 [INFO] [ENTRY BLOCK] LTC/USDT:USDT — 이미 포지션 보유 또는 진입 주문 전송 중
2026-07-31 05:14:14,009 [INFO] [SCAN] 완료: 30개 종목 · 신호 1개 · API 호출 30회 · 캐시 히트 0회
2026-07-31 05:14:29,296 [INFO] [SCAN] 블랙리스트 4개 제외: ['IP/USDT:USDT', 'NES/USDT:USDT', 'WLD/USDT:USDT', 'XAG/USDT:USDT', 'XAU/USDT:USDT', 'XAUT/USDT:USDT']
2026-07-31 05:14:29,296 [INFO] [SCAN] 스캔 시작: 30개 페어 (캐시 32개 보유)
2026-07-31 05:14:39,267 [INFO] [SIG] LTC/USDT:USDT SHORT 신호 포착 (강도 100%)
2026-07-31 05:14:39,268 [INFO] [SIGNAL] LTC/USDT:USDT SHORT 신호 수신 (strength=100)
2026-07-31 05:14:39,669 [INFO] [RISK OK] LTC/USDT:USDT 리스크 체크 통과
2026-07-31 05:14:40,054 [INFO] [ENTRY BLOCK] LTC/USDT:USDT — 이미 포지션 보유 또는 진입 주문 전송 중
2026-07-31 05:14:43,613 [INFO] [SCAN] 완료: 30개 종목 · 신호 1개 · API 호출 30회 · 캐시 히트 0회
2026-07-31 05:15:01,604 [INFO] [SCAN] 블랙리스트 4개 제외: ['IP/USDT:USDT', 'NES/USDT:USDT', 'WLD/USDT:USDT', 'XAG/USDT:USDT', 'XAU/USDT:USDT', 'XAUT/USDT:USDT']
2026-07-31 05:15:01,604 [INFO] [SCAN] 스캔 시작: 30개 페어 (캐시 32개 보유)
2026-07-31 05:15:03,924 [INFO] [상태] 잔고:$10.03 | 포지션:3개 | 스캔:555회 | 스캐너:ON
2026-07-31 05:15:14,879 [INFO] [SCAN] 완료: 30개 종목 · 신호 0개 · API 호출 30회 · 캐시 히트 0회
2026-07-31 05:15:30,143 [INFO] [SCAN] 블랙리스트 4개 제외: ['IP/USDT:USDT', 'NES/USDT:USDT', 'WLD/USDT:USDT', 'XAG/USDT:USDT', 'XAU/USDT:USDT', 'XAUT/USDT:USDT']
2026-07-31 05:15:30,144 [INFO] [SCAN] 스캔 시작: 30개 페어 (캐시 32개 보유)
2026-07-31 05:15:43,093 [INFO] [SCAN] 완료: 30개 종목 · 신호 0개 · API 호출 30회 · 캐시 히트 0회
2026-07-31 05:15:58,339 [INFO] [SCAN] 블랙리스트 4개 제외: ['IP/USDT:USDT', 'NES/USDT:USDT', 'WLD/USDT:USDT', 'XAG/USDT:USDT', 'XAU/USDT:USDT', 'XAUT/USDT:USDT']
2026-07-31 05:15:58,339 [INFO] [SCAN] 스캔 시작: 30개 페어 (캐시 32개 보유)
2026-07-31 05:16:04,641 [INFO] [상태] 잔고:$10.02 | 포지션:3개 | 스캔:557회 | 스캐너:ON
2026-07-31 05:16:11,549 [INFO] [SCAN] 완료: 30개 종목 · 신호 0개 · API 호출 30회 · 캐시 히트 0회
2026-07-31 05:16:29,270 [INFO] [SCAN] 블랙리스트 4개 제외: ['IP/USDT:USDT', 'NES/USDT:USDT', 'WLD/USDT:USDT', 'XAG/USDT:USDT', 'XAU/USDT:USDT', 'XAUT/USDT:USDT']
2026-07-31 05:16:29,270 [INFO] [SCAN] 스캔 시작: 30개 페어 (캐시 32개 보유)
2026-07-31 05:16:42,712 [INFO] [SCAN] 완료: 30개 종목 · 신호 0개 · API 호출 30회 · 캐시 히트 0회
2026-07-31 05:16:57,958 [INFO] [SCAN] 블랙리스트 4개 제외: ['IP/USDT:USDT', 'NES/USDT:USDT', 'WLD/USDT:USDT', 'XAG/USDT:USDT', 'XAU/USDT:USDT', 'XAUT/USDT:USDT']
2026-07-31 05:16:57,958 [INFO] [SCAN] 스캔 시작: 30개 페어 (캐시 32개 보유)
2026-07-31 05:17:05,176 [INFO] [상태] 잔고:$10.00 | 포지션:3개 | 스캔:559회 | 스캐너:ON
2026-07-31 05:17:11,248 [INFO] [SCAN] 완료: 30개 종목 · 신호 0개 · API 호출 30회 · 캐시 히트 0회
2026-07-31 05:17:26,485 [INFO] [SCAN] 블랙리스트 4개 제외: ['IP/USDT:USDT', 'NES/USDT:USDT', 'WLD/USDT:USDT', 'XAG/USDT:USDT', 'XAU/USDT:USDT', 'XAUT/USDT:USDT']
2026-07-31 05:17:26,485 [INFO] [SCAN] 스캔 시작: 30개 페어 (캐시 32개 보유)
2026-07-31 05:17:40,011 [INFO] [SCAN] 완료: 30개 종목 · 신호 0개 · API 호출 30회 · 캐시 히트 0회
2026-07-31 05:17:57,929 [INFO] [SCAN] 블랙리스트 4개 제외: ['IP/USDT:USDT', 'NES/USDT:USDT', 'WLD/USDT:USDT', 'XAG/USDT:USDT', 'XAU/USDT:USDT', 'XAUT/USDT:USDT']
2026-07-31 05:17:57,929 [INFO] [SCAN] 스캔 시작: 30개 페어 (캐시 32개 보유)
2026-07-31 05:18:05,659 [INFO] [상태] 잔고:$10.00 | 포지션:3개 | 스캔:561회 | 스캐너:ON
2026-07-31 05:18:11,535 [INFO] [SCAN] 완료: 30개 종목 · 신호 0개 · API 호출 30회 · 캐시 히트 0회
2026-07-31 05:18:26,771 [INFO] [SCAN] 블랙리스트 4개 제외: ['IP/USDT:USDT', 'NES/USDT:USDT', 'WLD/USDT:USDT', 'XAG/USDT:USDT', 'XAU/USDT:USDT', 'XAUT/USDT:USDT']
2026-07-31 05:18:26,772 [INFO] [SCAN] 스캔 시작: 30개 페어 (캐시 32개 보유)
2026-07-31 05:18:40,078 [INFO] [SCAN] 완료: 30개 종목 · 신호 0개 · API 호출 30회 · 캐시 히트 0회
2026-07-31 05:18:58,069 [INFO] [SCAN] 블랙리스트 4개 제외: ['IP/USDT:USDT', 'NES/USDT:USDT', 'WLD/USDT:USDT', 'XAG/USDT:USDT', 'XAU/USDT:USDT', 'XAUT/USDT:USDT']
2026-07-31 05:18:58,069 [INFO] [SCAN] 스캔 시작: 30개 페어 (캐시 32개 보유)
2026-07-31 05:19:06,191 [INFO] [상태] 잔고:$9.99 | 포지션:3개 | 스캔:563회 | 스캐너:ON
2026-07-31 05:19:11,676 [INFO] [SCAN] 완료: 30개 종목 · 신호 0개 · API 호출 30회 · 캐시 히트 0회
2026-07-31 05:19:26,954 [INFO] [SCAN] 블랙리스트 4개 제외: ['IP/USDT:USDT', 'NES/USDT:USDT', 'WLD/USDT:USDT', 'XAG/USDT:USDT', 'XAU/USDT:USDT', 'XAUT/USDT:USDT']
2026-07-31 05:19:26,954 [INFO] [SCAN] 스캔 시작: 30개 페어 (캐시 32개 보유)
2026-07-31 05:19:40,686 [INFO] [SCAN] 완료: 30개 종목 · 신호 0개 · API 호출 30회 · 캐시 히트 0회
2026-07-31 05:19:58,593 [INFO] [SCAN] 블랙리스트 4개 제외: ['IP/USDT:USDT', 'NES/USDT:USDT', 'WLD/USDT:USDT', 'XAG/USDT:USDT', 'XAU/USDT:USDT', 'XAUT/USDT:USDT']
2026-07-31 05:19:58,594 [INFO] [SCAN] 스캔 시작: 30개 페어 (캐시 32개 보유)
2026-07-31 05:20:06,777 [INFO] [상태] 잔고:$9.99 | 포지션:3개 | 스캔:565회 | 스캐너:ON
2026-07-31 05:20:12,636 [INFO] [SCAN] 완료: 30개 종목 · 신호 0개 · API 호출 30회 · 캐시 히트 0회
2026-07-31 05:20:27,875 [INFO] [SCAN] 블랙리스트 4개 제외: ['IP/USDT:USDT', 'NES/USDT:USDT', 'WLD/USDT:USDT', 'XAG/USDT:USDT', 'XAU/USDT:USDT', 'XAUT/USDT:USDT']
2026-07-31 05:20:27,875 [INFO] [SCAN] 스캔 시작: 30개 페어 (캐시 32개 보유)
2026-07-31 05:20:41,460 [INFO] [SCAN] 완료: 30개 종목 · 신호 0개 · API 호출 30회 · 캐시 히트 0회
2026-07-31 05:20:59,505 [INFO] [SCAN] 블랙리스트 4개 제외: ['IP/USDT:USDT', 'NES/USDT:USDT', 'WLD/USDT:USDT', 'XAG/USDT:USDT', 'XAU/USDT:USDT', 'XAUT/USDT:USDT']
2026-07-31 05:20:59,505 [INFO] [SCAN] 스캔 시작: 30개 페어 (캐시 32개 보유)
2026-07-31 05:21:07,280 [INFO] [상태] 잔고:$9.98 | 포지션:3개 | 스캔:567회 | 스캐너:ON
2026-07-31 05:21:13,101 [INFO] [SCAN] 완료: 30개 종목 · 신호 0개 · API 호출 30회 · 캐시 히트 0회
2026-07-31 05:21:28,333 [INFO] [SCAN] 블랙리스트 4개 제외: ['IP/USDT:USDT', 'NES/USDT:USDT', 'WLD/USDT:USDT', 'XAG/USDT:USDT', 'XAU/USDT:USDT', 'XAUT/USDT:USDT']
2026-07-31 05:21:28,333 [INFO] [SCAN] 스캔 시작: 30개 페어 (캐시 32개 보유)
2026-07-31 05:21:41,773 [INFO] [SCAN] 완료: 30개 종목 · 신호 0개 · API 호출 30회 · 캐시 히트 0회
2026-07-31 05:21:59,673 [INFO] [SCAN] 블랙리스트 4개 제외: ['IP/USDT:USDT', 'NES/USDT:USDT', 'WLD/USDT:USDT', 'XAG/USDT:USDT', 'XAU/USDT:USDT', 'XAUT/USDT:USDT']
2026-07-31 05:21:59,673 [INFO] [SCAN] 스캔 시작: 30개 페어 (캐시 32개 보유)
2026-07-31 05:22:07,672 [INFO] [상태] 잔고:$9.98 | 포지션:3개 | 스캔:569회 | 스캐너:ON
2026-07-31 05:22:13,420 [INFO] [SCAN] 완료: 30개 종목 · 신호 0개 · API 호출 30회 · 캐시 히트 0회
2026-07-31 05:22:28,687 [INFO] [SCAN] 블랙리스트 4개 제외: ['IP/USDT:USDT', 'NES/USDT:USDT', 'WLD/USDT:USDT', 'XAG/USDT:USDT', 'XAU/USDT:USDT', 'XAUT/USDT:USDT']
2026-07-31 05:22:28,687 [INFO] [SCAN] 스캔 시작: 30개 페어 (캐시 32개 보유)
2026-07-31 05:22:42,302 [INFO] [SCAN] 완료: 30개 종목 · 신호 0개 · API 호출 30회 · 캐시 히트 0회
2026-07-31 05:23:00,329 [INFO] [SCAN] 블랙리스트 4개 제외: ['IP/USDT:USDT', 'NES/USDT:USDT', 'WLD/USDT:USDT', 'XAG/USDT:USDT', 'XAU/USDT:USDT', 'XAUT/USDT:USDT']
2026-07-31 05:23:00,329 [INFO] [SCAN] 스캔 시작: 30개 페어 (캐시 32개 보유)
2026-07-31 05:23:08,150 [INFO] [상태] 잔고:$9.99 | 포지션:3개 | 스캔:571회 | 스캐너:ON
2026-07-31 05:23:13,828 [INFO] [SCAN] 완료: 30개 종목 · 신호 0개 · API 호출 30회 · 캐시 히트 0회
2026-07-31 05:23:29,091 [INFO] [SCAN] 블랙리스트 4개 제외: ['IP/USDT:USDT', 'NES/USDT:USDT', 'WLD/USDT:USDT', 'XAG/USDT:USDT', 'XAU/USDT:USDT', 'XAUT/USDT:USDT']
2026-07-31 05:23:29,091 [INFO] [SCAN] 스캔 시작: 30개 페어 (캐시 32개 보유)
2026-07-31 05:23:42,389 [INFO] [SCAN] 완료: 30개 종목 · 신호 0개 · API 호출 30회 · 캐시 히트 0회
2026-07-31 05:24:00,172 [INFO] [SCAN] 블랙리스트 4개 제외: ['IP/USDT:USDT', 'NES/USDT:USDT', 'WLD/USDT:USDT', 'XAG/USDT:USDT', 'XAU/USDT:USDT', 'XAUT/USDT:USDT']
2026-07-31 05:24:00,172 [INFO] [SCAN] 스캔 시작: 30개 페어 (캐시 32개 보유)
2026-07-31 05:24:08,586 [INFO] [상태] 잔고:$10.00 | 포지션:3개 | 스캔:573회 | 스캐너:ON
2026-07-31 05:24:13,430 [INFO] [SCAN] 완료: 30개 종목 · 신호 0개 · API 호출 30회 · 캐시 히트 0회
2026-07-31 05:24:28,657 [INFO] [SCAN] 블랙리스트 4개 제외: ['IP/USDT:USDT', 'NES/USDT:USDT', 'WLD/USDT:USDT', 'XAG/USDT:USDT', 'XAU/USDT:USDT', 'XAUT/USDT:USDT']
2026-07-31 05:24:28,658 [INFO] [SCAN] 스캔 시작: 30개 페어 (캐시 32개 보유)
2026-07-31 05:24:42,051 [INFO] [SCAN] 완료: 30개 종목 · 신호 0개 · API 호출 30회 · 캐시 히트 0회
2026-07-31 05:24:57,289 [INFO] [SCAN] 블랙리스트 4개 제외: ['IP/USDT:USDT', 'NES/USDT:USDT', 'WLD/USDT:USDT', 'XAG/USDT:USDT', 'XAU/USDT:USDT', 'XAUT/USDT:USDT']
2026-07-31 05:24:57,289 [INFO] [SCAN] 스캔 시작: 30개 페어 (캐시 32개 보유)
2026-07-31 05:25:09,275 [INFO] [상태] 잔고:$10.00 | 포지션:3개 | 스캔:575회 | 스캐너:ON
2026-07-31 05:25:10,728 [INFO] [SCAN] 완료: 30개 종목 · 신호 0개 · API 호출 30회 · 캐시 히트 0회
2026-07-31 05:25:28,513 [INFO] [SCAN] 블랙리스트 4개 제외: ['IP/USDT:USDT', 'NES/USDT:USDT', 'WLD/USDT:USDT', 'XAG/USDT:USDT', 'XAU/USDT:USDT', 'XAUT/USDT:USDT']
2026-07-31 05:25:28,514 [INFO] [SCAN] 스캔 시작: 30개 페어 (캐시 32개 보유)
2026-07-31 05:25:42,236 [INFO] [SCAN] 완료: 30개 종목 · 신호 0개 · API 호출 30회 · 캐시 히트 0회
2026-07-31 05:25:57,510 [INFO] [SCAN] 블랙리스트 4개 제외: ['IP/USDT:USDT', 'NES/USDT:USDT', 'WLD/USDT:USDT', 'XAG/USDT:USDT', 'XAU/USDT:USDT', 'XAUT/USDT:USDT']
2026-07-31 05:25:57,510 [INFO] [SCAN] 스캔 시작: 30개 페어 (캐시 32개 보유)
2026-07-31 05:26:09,759 [INFO] [상태] 잔고:$10.02 | 포지션:3개 | 스캔:577회 | 스캐너:ON
2026-07-31 05:26:11,597 [INFO] [SCAN] 완료: 30개 종목 · 신호 0개 · API 호출 30회 · 캐시 히트 0회
2026-07-31 05:26:29,331 [INFO] [SCAN] 블랙리스트 4개 제외: ['IP/USDT:USDT', 'NES/USDT:USDT', 'WLD/USDT:USDT', 'XAG/USDT:USDT', 'XAU/USDT:USDT', 'XAUT/USDT:USDT']
2026-07-31 05:26:29,331 [INFO] [SCAN] 스캔 시작: 30개 페어 (캐시 32개 보유)
2026-07-31 05:26:42,452 [INFO] [SCAN] 완료: 30개 종목 · 신호 0개 · API 호출 30회 · 캐시 히트 0회
2026-07-31 05:26:57,732 [INFO] [SCAN] 블랙리스트 4개 제외: ['IP/USDT:USDT', 'NES/USDT:USDT', 'WLD/USDT:USDT', 'XAG/USDT:USDT', 'XAU/USDT:USDT', 'XAUT/USDT:USDT']
2026-07-31 05:26:57,732 [INFO] [SCAN] 스캔 시작: 30개 페어 (캐시 32개 보유)
2026-07-31 05:27:10,337 [INFO] [상태] 잔고:$10.00 | 포지션:3개 | 스캔:579회 | 스캐너:ON
2026-07-31 05:27:11,697 [INFO] [SCAN] 완료: 30개 종목 · 신호 0개 · API 호출 30회 · 캐시 히트 0회
2026-07-31 05:27:29,777 [INFO] [SCAN] 블랙리스트 4개 제외: ['IP/USDT:USDT', 'NES/USDT:USDT', 'WLD/USDT:USDT', 'XAG/USDT:USDT', 'XAU/USDT:USDT', 'XAUT/USDT:USDT']
2026-07-31 05:27:29,778 [INFO] [SCAN] 스캔 시작: 30개 페어 (캐시 32개 보유)
2026-07-31 05:27:43,253 [INFO] [SCAN] 완료: 30개 종목 · 신호 0개 · API 호출 30회 · 캐시 히트 0회
2026-07-31 05:27:58,506 [INFO] [SCAN] 블랙리스트 4개 제외: ['IP/USDT:USDT', 'NES/USDT:USDT', 'WLD/USDT:USDT', 'XAG/USDT:USDT', 'XAU/USDT:USDT', 'XAUT/USDT:USDT']
2026-07-31 05:27:58,506 [INFO] [SCAN] 스캔 시작: 30개 페어 (캐시 32개 보유)
2026-07-31 05:28:10,946 [INFO] [상태] 잔고:$9.99 | 포지션:3개 | 스캔:581회 | 스캐너:ON
2026-07-31 05:28:11,917 [INFO] [SCAN] 완료: 30개 종목 · 신호 0개 · API 호출 30회 · 캐시 히트 0회
2026-07-31 05:28:29,556 [INFO] [SCAN] 블랙리스트 4개 제외: ['IP/USDT:USDT', 'NES/USDT:USDT', 'WLD/USDT:USDT', 'XAG/USDT:USDT', 'XAU/USDT:USDT', 'XAUT/USDT:USDT']
2026-07-31 05:28:29,557 [INFO] [SCAN] 스캔 시작: 30개 페어 (캐시 32개 보유)
2026-07-31 05:28:43,342 [INFO] [SCAN] 완료: 30개 종목 · 신호 0개 · API 호출 30회 · 캐시 히트 0회
2026-07-31 05:28:58,616 [INFO] [SCAN] 블랙리스트 4개 제외: ['IP/USDT:USDT', 'NES/USDT:USDT', 'WLD/USDT:USDT', 'XAG/USDT:USDT', 'XAU/USDT:USDT', 'XAUT/USDT:USDT']
2026-07-31 05:28:58,616 [INFO] [SCAN] 스캔 시작: 30개 페어 (캐시 32개 보유)
2026-07-31 05:29:11,555 [INFO] [상태] 잔고:$10.00 | 포지션:3개 | 스캔:583회 | 스캐너:ON
2026-07-31 05:29:12,037 [INFO] [SCAN] 완료: 30개 종목 · 신호 0개 · API 호출 30회 · 캐시 히트 0회
2026-07-31 05:29:29,877 [INFO] [SCAN] 블랙리스트 4개 제외: ['IP/USDT:USDT', 'NES/USDT:USDT', 'WLD/USDT:USDT', 'XAG/USDT:USDT', 'XAU/USDT:USDT', 'XAUT/USDT:USDT']
2026-07-31 05:29:29,879 [INFO] [SCAN] 스캔 시작: 30개 페어 (캐시 32개 보유)
2026-07-31 05:29:43,480 [INFO] [SCAN] 완료: 30개 종목 · 신호 0개 · API 호출 30회 · 캐시 히트 0회
2026-07-31 05:29:58,726 [INFO] [SCAN] 블랙리스트 4개 제외: ['IP/USDT:USDT', 'NES/USDT:USDT', 'WLD/USDT:USDT', 'XAG/USDT:USDT', 'XAU/USDT:USDT', 'XAUT/USDT:USDT']
2026-07-31 05:29:58,726 [INFO] [SCAN] 스캔 시작: 30개 페어 (캐시 32개 보유)
2026-07-31 05:30:12,136 [INFO] [상태] 잔고:$10.01 | 포지션:3개 | 스캔:585회 | 스캐너:ON
2026-07-31 05:30:12,574 [INFO] [SCAN] 완료: 30개 종목 · 신호 0개 · API 호출 30회 · 캐시 히트 0회
2026-07-31 05:30:30,553 [INFO] [SCAN] 블랙리스트 4개 제외: ['IP/USDT:USDT', 'NES/USDT:USDT', 'WLD/USDT:USDT', 'XAG/USDT:USDT', 'XAU/USDT:USDT', 'XAUT/USDT:USDT']
2026-07-31 05:30:30,553 [INFO] [SCAN] 스캔 시작: 30개 페어 (캐시 32개 보유)
2026-07-31 05:30:44,181 [INFO] [SCAN] 완료: 30개 종목 · 신호 0개 · API 호출 30회 · 캐시 히트 0회
2026-07-31 05:30:59,418 [INFO] [SCAN] 블랙리스트 4개 제외: ['IP/USDT:USDT', 'NES/USDT:USDT', 'WLD/USDT:USDT', 'XAG/USDT:USDT', 'XAU/USDT:USDT', 'XAUT/USDT:USDT']
2026-07-31 05:30:59,418 [INFO] [SCAN] 스캔 시작: 30개 페어 (캐시 32개 보유)
2026-07-31 05:31:12,394 [INFO] [SCAN] 완료: 30개 종목 · 신호 0개 · API 호출 30회 · 캐시 히트 0회
2026-07-31 05:31:12,574 [INFO] [상태] 잔고:$10.02 | 포지션:3개 | 스캔:588회 | 스캐너:ON
2026-07-31 05:31:27,820 [INFO] [SCAN] 블랙리스트 4개 제외: ['IP/USDT:USDT', 'NES/USDT:USDT', 'WLD/USDT:USDT', 'XAG/USDT:USDT', 'XAU/USDT:USDT', 'XAUT/USDT:USDT']
2026-07-31 05:31:27,820 [INFO] [SCAN] 스캔 시작: 30개 페어 (캐시 32개 보유)
2026-07-31 05:31:41,006 [INFO] [SCAN] 완료: 30개 종목 · 신호 0개 · API 호출 30회 · 캐시 히트 0회
2026-07-31 05:31:58,804 [INFO] [SCAN] 블랙리스트 4개 제외: ['IP/USDT:USDT', 'NES/USDT:USDT', 'WLD/USDT:USDT', 'XAG/USDT:USDT', 'XAU/USDT:USDT', 'XAUT/USDT:USDT']
2026-07-31 05:31:58,805 [INFO] [SCAN] 스캔 시작: 30개 페어 (캐시 32개 보유)
2026-07-31 05:32:12,300 [INFO] [SCAN] 완료: 30개 종목 · 신호 0개 · API 호출 30회 · 캐시 히트 0회
2026-07-31 05:32:13,125 [INFO] [상태] 잔고:$10.01 | 포지션:3개 | 스캔:590회 | 스캐너:ON
2026-07-31 05:32:27,685 [INFO] [SCAN] 블랙리스트 4개 제외: ['IP/USDT:USDT', 'NES/USDT:USDT', 'WLD/USDT:USDT', 'XAG/USDT:USDT', 'XAU/USDT:USDT', 'XAUT/USDT:USDT']
2026-07-31 05:32:27,685 [INFO] [SCAN] 스캔 시작: 30개 페어 (캐시 32개 보유)
2026-07-31 05:32:40,918 [INFO] [SCAN] 완료: 30개 종목 · 신호 0개 · API 호출 30회 · 캐시 히트 0회
2026-07-31 05:32:56,174 [INFO] [SCAN] 블랙리스트 4개 제외: ['IP/USDT:USDT', 'NES/USDT:USDT', 'WLD/USDT:USDT', 'XAG/USDT:USDT', 'XAU/USDT:USDT', 'XAUT/USDT:USDT']
2026-07-31 05:32:56,174 [INFO] [SCAN] 스캔 시작: 30개 페어 (캐시 32개 보유)
2026-07-31 05:33:09,443 [INFO] [SCAN] 완료: 30개 종목 · 신호 0개 · API 호출 30회 · 캐시 히트 0회
2026-07-31 05:33:13,712 [INFO] [상태] 잔고:$10.00 | 포지션:3개 | 스캔:592회 | 스캐너:ON
2026-07-31 05:33:27,465 [INFO] [SCAN] 블랙리스트 4개 제외: ['IP/USDT:USDT', 'NES/USDT:USDT', 'WLD/USDT:USDT', 'XAG/USDT:USDT', 'XAU/USDT:USDT', 'XAUT/USDT:USDT']
2026-07-31 05:33:27,465 [INFO] [SCAN] 스캔 시작: 30개 페어 (캐시 32개 보유)
2026-07-31 05:33:40,654 [INFO] [SCAN] 완료: 30개 종목 · 신호 0개 · API 호출 30회 · 캐시 히트 0회
2026-07-31 05:33:55,914 [INFO] [SCAN] 블랙리스트 4개 제외: ['IP/USDT:USDT', 'NES/USDT:USDT', 'WLD/USDT:USDT', 'XAG/USDT:USDT', 'XAU/USDT:USDT', 'XAUT/USDT:USDT']
2026-07-31 05:33:55,915 [INFO] [SCAN] 스캔 시작: 30개 페어 (캐시 32개 보유)
2026-07-31 05:34:09,001 [INFO] [SCAN] 완료: 30개 종목 · 신호 0개 · API 호출 30회 · 캐시 히트 0회
2026-07-31 05:34:14,267 [INFO] [상태] 잔고:$9.98 | 포지션:3개 | 스캔:594회 | 스캐너:ON
2026-07-31 05:34:24,383 [INFO] [SCAN] 블랙리스트 4개 제외: ['IP/USDT:USDT', 'NES/USDT:USDT', 'WLD/USDT:USDT', 'XAG/USDT:USDT', 'XAU/USDT:USDT', 'XAUT/USDT:USDT']
2026-07-31 05:34:24,383 [INFO] [SCAN] 스캔 시작: 30개 페어 (캐시 32개 보유)
2026-07-31 05:34:37,505 [INFO] [SCAN] 완료: 30개 종목 · 신호 0개 · API 호출 30회 · 캐시 히트 0회
2026-07-31 05:34:55,135 [INFO] [SCAN] 블랙리스트 4개 제외: ['IP/USDT:USDT', 'NES/USDT:USDT', 'WLD/USDT:USDT', 'XAG/USDT:USDT', 'XAU/USDT:USDT', 'XAUT/USDT:USDT']
2026-07-31 05:34:55,135 [INFO] [SCAN] 스캔 시작: 30개 페어 (캐시 32개 보유)
2026-07-31 05:35:08,369 [INFO] [SCAN] 완료: 30개 종목 · 신호 0개 · API 호출 30회 · 캐시 히트 0회
2026-07-31 05:35:14,824 [INFO] [상태] 잔고:$9.98 | 포지션:3개 | 스캔:596회 | 스캐너:ON
2026-07-31 05:35:23,751 [INFO] [SCAN] 블랙리스트 4개 제외: ['IP/USDT:USDT', 'NES/USDT:USDT', 'WLD/USDT:USDT', 'XAG/USDT:USDT', 'XAU/USDT:USDT', 'XAUT/USDT:USDT']
2026-07-31 05:35:23,752 [INFO] [SCAN] 스캔 시작: 30개 페어 (캐시 32개 보유)
2026-07-31 05:35:37,008 [INFO] [SCAN] 완료: 30개 종목 · 신호 0개 · API 호출 30회 · 캐시 히트 0회
2026-07-31 05:35:52,232 [INFO] [SCAN] 블랙리스트 4개 제외: ['IP/USDT:USDT', 'NES/USDT:USDT', 'WLD/USDT:USDT', 'XAG/USDT:USDT', 'XAU/USDT:USDT', 'XAUT/USDT:USDT']
2026-07-31 05:35:52,232 [INFO] [SCAN] 스캔 시작: 30개 페어 (캐시 32개 보유)
2026-07-31 05:36:05,321 [INFO] [SCAN] 완료: 30개 종목 · 신호 0개 · API 호출 30회 · 캐시 히트 0회
2026-07-31 05:36:15,316 [INFO] [상태] 잔고:$9.99 | 포지션:3개 | 스캔:598회 | 스캐너:ON
2026-07-31 05:36:23,374 [INFO] [SCAN] 블랙리스트 4개 제외: ['IP/USDT:USDT', 'NES/USDT:USDT', 'WLD/USDT:USDT', 'XAG/USDT:USDT', 'XAU/USDT:USDT', 'XAUT/USDT:USDT']
2026-07-31 05:36:23,374 [INFO] [SCAN] 스캔 시작: 30개 페어 (캐시 32개 보유)
2026-07-31 05:36:36,830 [INFO] [SCAN] 완료: 30개 종목 · 신호 0개 · API 호출 30회 · 캐시 히트 0회
2026-07-31 05:36:52,077 [INFO] [SCAN] 블랙리스트 4개 제외: ['IP/USDT:USDT', 'NES/USDT:USDT', 'WLD/USDT:USDT', 'XAG/USDT:USDT', 'XAU/USDT:USDT', 'XAUT/USDT:USDT']
2026-07-31 05:36:52,077 [INFO] [SCAN] 스캔 시작: 30개 페어 (캐시 32개 보유)
2026-07-31 05:37:05,892 [INFO] [SCAN] 완료: 30개 종목 · 신호 0개 · API 호출 30회 · 캐시 히트 0회
2026-07-31 05:37:15,918 [INFO] [상태] 잔고:$9.98 | 포지션:3개 | 스캔:600회 | 스캐너:ON
2026-07-31 05:37:24,024 [INFO] [SCAN] 블랙리스트 4개 제외: ['IP/USDT:USDT', 'NES/USDT:USDT', 'WLD/USDT:USDT', 'XAG/USDT:USDT', 'XAU/USDT:USDT', 'XAUT/USDT:USDT']
2026-07-31 05:37:24,025 [INFO] [SCAN] 스캔 시작: 30개 페어 (캐시 32개 보유)
2026-07-31 05:37:37,798 [INFO] [SCAN] 완료: 30개 종목 · 신호 0개 · API 호출 30회 · 캐시 히트 0회
2026-07-31 05:37:53,016 [INFO] [SCAN] 블랙리스트 4개 제외: ['IP/USDT:USDT', 'NES/USDT:USDT', 'WLD/USDT:USDT', 'XAG/USDT:USDT', 'XAU/USDT:USDT', 'XAUT/USDT:USDT']
2026-07-31 05:37:53,016 [INFO] [SCAN] 스캔 시작: 30개 페어 (캐시 32개 보유)
2026-07-31 05:38:06,863 [INFO] [SCAN] 완료: 30개 종목 · 신호 0개 · API 호출 30회 · 캐시 히트 0회
2026-07-31 05:38:07,018 [INFO] [PERSIST] LTC/USDT:USDT 포지션이 거래소에 존재하지 않음 (오프라인 청산 감지) → 상태 삭제
2026-07-31 05:38:07,019 [INFO] [PERSIST] 활성 포지션 상태 저장 완료
2026-07-31 05:38:16,478 [INFO] [상태] 잔고:$9.96 | 포지션:2개 | 스캔:602회 | 스캐너:ON
2026-07-31 05:38:24,147 [INFO] [SCAN] 블랙리스트 4개 제외: ['IP/USDT:USDT', 'NES/USDT:USDT', 'WLD/USDT:USDT', 'XAG/USDT:USDT', 'XAU/USDT:USDT', 'XAUT/USDT:USDT']
2026-07-31 05:38:24,148 [INFO] [SCAN] 스캔 시작: 30개 페어 (캐시 32개 보유)
2026-07-31 05:38:37,941 [INFO] [SCAN] 완료: 30개 종목 · 신호 0개 · API 호출 30회 · 캐시 히트 0회
2026-07-31 05:38:53,190 [INFO] [SCAN] 블랙리스트 4개 제외: ['IP/USDT:USDT', 'NES/USDT:USDT', 'WLD/USDT:USDT', 'XAG/USDT:USDT', 'XAU/USDT:USDT', 'XAUT/USDT:USDT']
2026-07-31 05:38:53,191 [INFO] [SCAN] 스캔 시작: 30개 페어 (캐시 32개 보유)
2026-07-31 05:39:06,910 [INFO] [SCAN] 완료: 30개 종목 · 신호 0개 · API 호출 30회 · 캐시 히트 0회
2026-07-31 05:39:16,986 [INFO] [상태] 잔고:$9.97 | 포지션:2개 | 스캔:604회 | 스캐너:ON
2026-07-31 05:39:24,342 [INFO] [SCAN] 블랙리스트 4개 제외: ['IP/USDT:USDT', 'NES/USDT:USDT', 'WLD/USDT:USDT', 'XAG/USDT:USDT', 'XAU/USDT:USDT', 'XAUT/USDT:USDT']
2026-07-31 05:39:24,342 [INFO] [SCAN] 스캔 시작: 30개 페어 (캐시 32개 보유)
2026-07-31 05:39:38,186 [INFO] [SCAN] 완료: 30개 종목 · 신호 0개 · API 호출 30회 · 캐시 히트 0회
2026-07-31 05:39:53,441 [INFO] [SCAN] 블랙리스트 4개 제외: ['IP/USDT:USDT', 'NES/USDT:USDT', 'WLD/USDT:USDT', 'XAG/USDT:USDT', 'XAU/USDT:USDT', 'XAUT/USDT:USDT']
2026-07-31 05:39:53,442 [INFO] [SCAN] 스캔 시작: 30개 페어 (캐시 32개 보유)
2026-07-31 05:40:06,420 [INFO] [SCAN] 완료: 30개 종목 · 신호 0개 · API 호출 30회 · 캐시 히트 0회
2026-07-31 05:40:17,413 [INFO] [상태] 잔고:$9.98 | 포지션:2개 | 스캔:606회 | 스캐너:ON
2026-07-31 05:40:21,783 [INFO] [SCAN] 블랙리스트 4개 제외: ['IP/USDT:USDT', 'NES/USDT:USDT', 'WLD/USDT:USDT', 'XAG/USDT:USDT', 'XAU/USDT:USDT', 'XAUT/USDT:USDT']
2026-07-31 05:40:21,783 [INFO] [SCAN] 스캔 시작: 30개 페어 (캐시 32개 보유)
2026-07-31 05:40:34,793 [INFO] [SCAN] 완료: 30개 종목 · 신호 0개 · API 호출 30회 · 캐시 히트 0회
2026-07-31 05:40:51,734 [INFO] [SCAN] 블랙리스트 4개 제외: ['IP/USDT:USDT', 'NES/USDT:USDT', 'WLD/USDT:USDT', 'XAG/USDT:USDT', 'XAU/USDT:USDT', 'XAUT/USDT:USDT']
2026-07-31 05:40:51,734 [INFO] [SCAN] 스캔 시작: 30개 페어 (캐시 32개 보유)
2026-07-31 05:41:04,960 [INFO] [SCAN] 완료: 30개 종목 · 신호 0개 · API 호출 30회 · 캐시 히트 0회
2026-07-31 05:41:18,043 [INFO] [상태] 잔고:$9.97 | 포지션:2개 | 스캔:608회 | 스캐너:ON
2026-07-31 05:41:20,337 [INFO] [SCAN] 블랙리스트 4개 제외: ['IP/USDT:USDT', 'NES/USDT:USDT', 'WLD/USDT:USDT', 'XAG/USDT:USDT', 'XAU/USDT:USDT', 'XAUT/USDT:USDT']
2026-07-31 05:41:20,337 [INFO] [SCAN] 스캔 시작: 30개 페어 (캐시 32개 보유)
2026-07-31 05:41:33,702 [INFO] [SCAN] 완료: 30개 종목 · 신호 0개 · API 호출 30회 · 캐시 히트 0회
2026-07-31 05:41:48,958 [INFO] [SCAN] 블랙리스트 4개 제외: ['IP/USDT:USDT', 'NES/USDT:USDT', 'WLD/USDT:USDT', 'XAG/USDT:USDT', 'XAU/USDT:USDT', 'XAUT/USDT:USDT']
2026-07-31 05:41:48,959 [INFO] [SCAN] 스캔 시작: 30개 페어 (캐시 32개 보유)
2026-07-31 05:42:01,910 [INFO] [SCAN] 완료: 30개 종목 · 신호 0개 · API 호출 30회 · 캐시 히트 0회
2026-07-31 05:42:18,536 [INFO] [상태] 잔고:$9.96 | 포지션:2개 | 스캔:610회 | 스캐너:ON
2026-07-31 05:42:18,957 [INFO] [SCAN] 블랙리스트 4개 제외: ['IP/USDT:USDT', 'NES/USDT:USDT', 'WLD/USDT:USDT', 'XAG/USDT:USDT', 'XAU/USDT:USDT', 'XAUT/USDT:USDT']
2026-07-31 05:42:18,958 [INFO] [SCAN] 스캔 시작: 30개 페어 (캐시 32개 보유)
2026-07-31 05:42:31,911 [INFO] [SCAN] 완료: 30개 종목 · 신호 0개 · API 호출 30회 · 캐시 히트 0회
2026-07-31 05:42:47,160 [INFO] [SCAN] 블랙리스트 4개 제외: ['IP/USDT:USDT', 'NES/USDT:USDT', 'WLD/USDT:USDT', 'XAG/USDT:USDT', 'XAU/USDT:USDT', 'XAUT/USDT:USDT']
2026-07-31 05:42:47,160 [INFO] [SCAN] 스캔 시작: 30개 페어 (캐시 32개 보유)
2026-07-31 05:43:00,141 [INFO] [SCAN] 완료: 30개 종목 · 신호 0개 · API 호출 30회 · 캐시 히트 0회
2026-07-31 05:43:15,370 [INFO] [SCAN] 블랙리스트 4개 제외: ['IP/USDT:USDT', 'NES/USDT:USDT', 'WLD/USDT:USDT', 'XAG/USDT:USDT', 'XAU/USDT:USDT', 'XAUT/USDT:USDT']
2026-07-31 05:43:15,370 [INFO] [SCAN] 스캔 시작: 30개 페어 (캐시 32개 보유)
2026-07-31 05:43:18,976 [INFO] [상태] 잔고:$9.97 | 포지션:2개 | 스캔:612회 | 스캐너:ON
2026-07-31 05:43:28,648 [INFO] [SCAN] 완료: 30개 종목 · 신호 0개 · API 호출 30회 · 캐시 히트 0회
2026-07-31 05:43:45,741 [INFO] [SCAN] 블랙리스트 4개 제외: ['IP/USDT:USDT', 'NES/USDT:USDT', 'WLD/USDT:USDT', 'XAG/USDT:USDT', 'XAU/USDT:USDT', 'XAUT/USDT:USDT']
2026-07-31 05:43:45,741 [INFO] [SCAN] 스캔 시작: 30개 페어 (캐시 32개 보유)
2026-07-31 05:43:58,921 [INFO] [SCAN] 완료: 30개 종목 · 신호 0개 · API 호출 30회 · 캐시 히트 0회
2026-07-31 05:44:14,158 [INFO] [SCAN] 블랙리스트 4개 제외: ['IP/USDT:USDT', 'NES/USDT:USDT', 'WLD/USDT:USDT', 'XAG/USDT:USDT', 'XAU/USDT:USDT', 'XAUT/USDT:USDT']
2026-07-31 05:44:14,158 [INFO] [SCAN] 스캔 시작: 30개 페어 (캐시 32개 보유)
2026-07-31 05:44:19,495 [INFO] [상태] 잔고:$9.96 | 포지션:2개 | 스캔:614회 | 스캐너:ON
2026-07-31 05:44:27,592 [INFO] [SCAN] 완료: 30개 종목 · 신호 0개 · API 호출 30회 · 캐시 히트 0회
2026-07-31 05:44:42,837 [INFO] [SCAN] 블랙리스트 4개 제외: ['IP/USDT:USDT', 'NES/USDT:USDT', 'WLD/USDT:USDT', 'XAG/USDT:USDT', 'XAU/USDT:USDT', 'XAUT/USDT:USDT']
2026-07-31 05:44:42,837 [INFO] [SCAN] 스캔 시작: 30개 페어 (캐시 32개 보유)
2026-07-31 05:44:56,095 [INFO] [SCAN] 완료: 30개 종목 · 신호 0개 · API 호출 30회 · 캐시 히트 0회
2026-07-31 05:45:13,060 [INFO] [SCAN] 블랙리스트 4개 제외: ['IP/USDT:USDT', 'NES/USDT:USDT', 'WLD/USDT:USDT', 'XAG/USDT:USDT', 'XAU/USDT:USDT', 'XAUT/USDT:USDT']
2026-07-31 05:45:13,060 [INFO] [SCAN] 스캔 시작: 30개 페어 (캐시 32개 보유)
2026-07-31 05:45:19,994 [INFO] [상태] 잔고:$9.95 | 포지션:2개 | 스캔:616회 | 스캐너:ON
2026-07-31 05:45:26,668 [INFO] [SCAN] 완료: 30개 종목 · 신호 0개 · API 호출 30회 · 캐시 히트 0회
2026-07-31 05:45:41,926 [INFO] [SCAN] 블랙리스트 4개 제외: ['IP/USDT:USDT', 'NES/USDT:USDT', 'WLD/USDT:USDT', 'XAG/USDT:USDT', 'XAU/USDT:USDT', 'XAUT/USDT:USDT']
2026-07-31 05:45:41,926 [INFO] [SCAN] 스캔 시작: 30개 페어 (캐시 32개 보유)
2026-07-31 05:45:55,291 [INFO] [SCAN] 완료: 30개 종목 · 신호 0개 · API 호출 30회 · 캐시 히트 0회
2026-07-31 05:46:10,525 [INFO] [SCAN] 블랙리스트 4개 제외: ['IP/USDT:USDT', 'NES/USDT:USDT', 'WLD/USDT:USDT', 'XAG/USDT:USDT', 'XAU/USDT:USDT', 'XAUT/USDT:USDT']
2026-07-31 05:46:10,525 [INFO] [SCAN] 스캔 시작: 30개 페어 (캐시 32개 보유)
2026-07-31 05:46:20,436 [INFO] [상태] 잔고:$9.94 | 포지션:2개 | 스캔:618회 | 스캐너:ON
2026-07-31 05:46:23,887 [INFO] [SCAN] 완료: 30개 종목 · 신호 0개 · API 호출 30회 · 캐시 히트 0회
2026-07-31 05:46:41,002 [INFO] [SCAN] 블랙리스트 4개 제외: ['IP/USDT:USDT', 'NES/USDT:USDT', 'WLD/USDT:USDT', 'XAG/USDT:USDT', 'XAU/USDT:USDT', 'XAUT/USDT:USDT']
2026-07-31 05:46:41,002 [INFO] [SCAN] 스캔 시작: 30개 페어 (캐시 32개 보유)
2026-07-31 05:46:54,342 [INFO] [SCAN] 완료: 30개 종목 · 신호 0개 · API 호출 30회 · 캐시 히트 0회
2026-07-31 05:47:09,577 [INFO] [SCAN] 블랙리스트 4개 제외: ['IP/USDT:USDT', 'NES/USDT:USDT', 'WLD/USDT:USDT', 'XAG/USDT:USDT', 'XAU/USDT:USDT', 'XAUT/USDT:USDT']
2026-07-31 05:47:09,577 [INFO] [SCAN] 스캔 시작: 30개 페어 (캐시 32개 보유)
2026-07-31 05:47:20,970 [INFO] [상태] 잔고:$9.94 | 포지션:2개 | 스캔:620회 | 스캐너:ON
2026-07-31 05:47:23,219 [INFO] [SCAN] 완료: 30개 종목 · 신호 0개 · API 호출 30회 · 캐시 히트 0회
2026-07-31 05:47:38,461 [INFO] [SCAN] 블랙리스트 4개 제외: ['IP/USDT:USDT', 'NES/USDT:USDT', 'WLD/USDT:USDT', 'XAG/USDT:USDT', 'XAU/USDT:USDT', 'XAUT/USDT:USDT']
2026-07-31 05:47:38,461 [INFO] [SCAN] 스캔 시작: 30개 페어 (캐시 32개 보유)
2026-07-31 05:47:51,979 [INFO] [SCAN] 완료: 30개 종목 · 신호 0개 · API 호출 30회 · 캐시 히트 0회
2026-07-31 05:48:08,960 [INFO] [SCAN] 블랙리스트 4개 제외: ['IP/USDT:USDT', 'NES/USDT:USDT', 'WLD/USDT:USDT', 'XAG/USDT:USDT', 'XAU/USDT:USDT', 'XAUT/USDT:USDT']
2026-07-31 05:48:08,960 [INFO] [SCAN] 스캔 시작: 30개 페어 (캐시 32개 보유)
2026-07-31 05:48:21,593 [INFO] [상태] 잔고:$9.93 | 포지션:2개 | 스캔:622회 | 스캐너:ON
2026-07-31 05:48:22,894 [INFO] [SCAN] 완료: 30개 종목 · 신호 0개 · API 호출 30회 · 캐시 히트 0회
2026-07-31 05:48:38,147 [INFO] [SCAN] 블랙리스트 4개 제외: ['IP/USDT:USDT', 'NES/USDT:USDT', 'WLD/USDT:USDT', 'XAG/USDT:USDT', 'XAU/USDT:USDT', 'XAUT/USDT:USDT']
2026-07-31 05:48:38,147 [INFO] [SCAN] 스캔 시작: 30개 페어 (캐시 32개 보유)
2026-07-31 05:48:51,412 [INFO] [SCAN] 완료: 30개 종목 · 신호 0개 · API 호출 30회 · 캐시 히트 0회
2026-07-31 05:49:06,690 [INFO] [SCAN] 블랙리스트 4개 제외: ['IP/USDT:USDT', 'NES/USDT:USDT', 'WLD/USDT:USDT', 'XAG/USDT:USDT', 'XAU/USDT:USDT', 'XAUT/USDT:USDT']
2026-07-31 05:49:06,690 [INFO] [SCAN] 스캔 시작: 30개 페어 (캐시 32개 보유)
2026-07-31 05:49:19,731 [INFO] [SCAN] 완료: 30개 종목 · 신호 0개 · API 호출 30회 · 캐시 히트 0회
2026-07-31 05:49:22,159 [INFO] [상태] 잔고:$9.94 | 포지션:2개 | 스캔:625회 | 스캐너:ON
2026-07-31 05:49:36,753 [INFO] [SCAN] 블랙리스트 4개 제외: ['IP/USDT:USDT', 'NES/USDT:USDT', 'WLD/USDT:USDT', 'XAG/USDT:USDT', 'XAU/USDT:USDT', 'XAUT/USDT:USDT']
2026-07-31 05:49:36,753 [INFO] [SCAN] 스캔 시작: 30개 페어 (캐시 32개 보유)
2026-07-31 05:49:49,983 [INFO] [SCAN] 완료: 30개 종목 · 신호 0개 · API 호출 30회 · 캐시 히트 0회
2026-07-31 05:50:05,233 [INFO] [SCAN] 블랙리스트 4개 제외: ['IP/USDT:USDT', 'NES/USDT:USDT', 'WLD/USDT:USDT', 'XAG/USDT:USDT', 'XAU/USDT:USDT', 'XAUT/USDT:USDT']
2026-07-31 05:50:05,233 [INFO] [SCAN] 스캔 시작: 30개 페어 (캐시 32개 보유)
2026-07-31 05:50:18,530 [INFO] [SCAN] 완료: 30개 종목 · 신호 0개 · API 호출 30회 · 캐시 히트 0회
2026-07-31 05:50:22,741 [INFO] [상태] 잔고:$9.93 | 포지션:2개 | 스캔:627회 | 스캐너:ON
2026-07-31 05:50:33,917 [INFO] [SCAN] 블랙리스트 4개 제외: ['IP/USDT:USDT', 'NES/USDT:USDT', 'WLD/USDT:USDT', 'XAG/USDT:USDT', 'XAU/USDT:USDT', 'XAUT/USDT:USDT']
2026-07-31 05:50:33,918 [INFO] [SCAN] 스캔 시작: 30개 페어 (캐시 32개 보유)
2026-07-31 05:50:47,438 [INFO] [SCAN] 완료: 30개 종목 · 신호 0개 · API 호출 30회 · 캐시 히트 0회
2026-07-31 05:51:04,392 [INFO] [SCAN] 블랙리스트 4개 제외: ['IP/USDT:USDT', 'NES/USDT:USDT', 'WLD/USDT:USDT', 'XAG/USDT:USDT', 'XAU/USDT:USDT', 'XAUT/USDT:USDT']
2026-07-31 05:51:04,392 [INFO] [SCAN] 스캔 시작: 30개 페어 (캐시 32개 보유)
2026-07-31 05:51:18,261 [INFO] [SCAN] 완료: 30개 종목 · 신호 0개 · API 호출 30회 · 캐시 히트 0회
2026-07-31 05:51:23,180 [INFO] [상태] 잔고:$9.94 | 포지션:2개 | 스캔:629회 | 스캐너:ON
2026-07-31 05:51:33,680 [INFO] [SCAN] 블랙리스트 4개 제외: ['IP/USDT:USDT', 'NES/USDT:USDT', 'WLD/USDT:USDT', 'XAG/USDT:USDT', 'XAU/USDT:USDT', 'XAUT/USDT:USDT']
2026-07-31 05:51:33,680 [INFO] [SCAN] 스캔 시작: 30개 페어 (캐시 32개 보유)
2026-07-31 05:51:47,664 [INFO] [SCAN] 완료: 30개 종목 · 신호 0개 · API 호출 30회 · 캐시 히트 0회
2026-07-31 05:52:04,848 [INFO] [SCAN] 블랙리스트 4개 제외: ['IP/USDT:USDT', 'NES/USDT:USDT', 'WLD/USDT:USDT', 'XAG/USDT:USDT', 'XAU/USDT:USDT', 'XAUT/USDT:USDT']
2026-07-31 05:52:04,848 [INFO] [SCAN] 스캔 시작: 30개 페어 (캐시 32개 보유)
2026-07-31 05:52:18,731 [INFO] [SCAN] 완료: 30개 종목 · 신호 0개 · API 호출 30회 · 캐시 히트 0회
2026-07-31 05:52:23,663 [INFO] [상태] 잔고:$9.95 | 포지션:2개 | 스캔:631회 | 스캐너:ON
2026-07-31 05:52:34,175 [INFO] [SCAN] 블랙리스트 4개 제외: ['IP/USDT:USDT', 'NES/USDT:USDT', 'WLD/USDT:USDT', 'XAG/USDT:USDT', 'XAU/USDT:USDT', 'XAUT/USDT:USDT']
2026-07-31 05:52:34,175 [INFO] [SCAN] 스캔 시작: 30개 페어 (캐시 32개 보유)
2026-07-31 05:52:47,510 [INFO] [SCAN] 완료: 30개 종목 · 신호 0개 · API 호출 30회 · 캐시 히트 0회
2026-07-31 05:53:02,756 [INFO] [SCAN] 블랙리스트 4개 제외: ['IP/USDT:USDT', 'NES/USDT:USDT', 'WLD/USDT:USDT', 'XAG/USDT:USDT', 'XAU/USDT:USDT', 'XAUT/USDT:USDT']
2026-07-31 05:53:02,756 [INFO] [SCAN] 스캔 시작: 30개 페어 (캐시 32개 보유)
2026-07-31 05:53:15,932 [INFO] [SCAN] 완료: 30개 종목 · 신호 0개 · API 호출 30회 · 캐시 히트 0회
2026-07-31 05:53:24,158 [INFO] [상태] 잔고:$9.95 | 포지션:2개 | 스캔:633회 | 스캐너:ON
2026-07-31 05:53:32,962 [INFO] [SCAN] 블랙리스트 4개 제외: ['IP/USDT:USDT', 'NES/USDT:USDT', 'WLD/USDT:USDT', 'XAG/USDT:USDT', 'XAU/USDT:USDT', 'XAUT/USDT:USDT']
2026-07-31 05:53:32,962 [INFO] [SCAN] 스캔 시작: 30개 페어 (캐시 32개 보유)
2026-07-31 05:53:46,063 [INFO] [SCAN] 완료: 30개 종목 · 신호 0개 · API 호출 30회 · 캐시 히트 0회
2026-07-31 05:54:01,309 [INFO] [SCAN] 블랙리스트 4개 제외: ['IP/USDT:USDT', 'NES/USDT:USDT', 'WLD/USDT:USDT', 'XAG/USDT:USDT', 'XAU/USDT:USDT', 'XAUT/USDT:USDT']
2026-07-31 05:54:01,309 [INFO] [SCAN] 스캔 시작: 30개 페어 (캐시 32개 보유)
2026-07-31 05:54:14,410 [INFO] [SCAN] 완료: 30개 종목 · 신호 0개 · API 호출 30회 · 캐시 히트 0회
2026-07-31 05:54:24,709 [INFO] [상태] 잔고:$9.95 | 포지션:2개 | 스캔:635회 | 스캐너:ON
2026-07-31 05:54:29,787 [INFO] [SCAN] 블랙리스트 4개 제외: ['IP/USDT:USDT', 'NES/USDT:USDT', 'WLD/USDT:USDT', 'XAG/USDT:USDT', 'XAU/USDT:USDT', 'XAUT/USDT:USDT']
2026-07-31 05:54:29,788 [INFO] [SCAN] 스캔 시작: 30개 페어 (캐시 32개 보유)
2026-07-31 05:54:42,760 [INFO] [SCAN] 완료: 30개 종목 · 신호 0개 · API 호출 30회 · 캐시 히트 0회
2026-07-31 05:54:59,830 [INFO] [SCAN] 블랙리스트 4개 제외: ['IP/USDT:USDT', 'NES/USDT:USDT', 'WLD/USDT:USDT', 'XAG/USDT:USDT', 'XAU/USDT:USDT', 'XAUT/USDT:USDT']
2026-07-31 05:54:59,830 [INFO] [SCAN] 스캔 시작: 30개 페어 (캐시 32개 보유)
2026-07-31 05:55:12,903 [INFO] [SCAN] 완료: 30개 종목 · 신호 0개 · API 호출 30회 · 캐시 히트 0회
2026-07-31 05:55:25,252 [INFO] [상태] 잔고:$9.95 | 포지션:2개 | 스캔:637회 | 스캐너:ON
2026-07-31 05:55:28,288 [INFO] [SCAN] 블랙리스트 4개 제외: ['IP/USDT:USDT', 'NES/USDT:USDT', 'WLD/USDT:USDT', 'XAG/USDT:USDT', 'XAU/USDT:USDT', 'XAUT/USDT:USDT']
2026-07-31 05:55:28,288 [INFO] [SCAN] 스캔 시작: 30개 페어 (캐시 32개 보유)
2026-07-31 05:55:41,306 [INFO] [SCAN] 완료: 30개 종목 · 신호 0개 · API 호출 30회 · 캐시 히트 0회
2026-07-31 05:55:56,540 [INFO] [SCAN] 블랙리스트 4개 제외: ['IP/USDT:USDT', 'NES/USDT:USDT', 'WLD/USDT:USDT', 'XAG/USDT:USDT', 'XAU/USDT:USDT', 'XAUT/USDT:USDT']
2026-07-31 05:55:56,540 [INFO] [SCAN] 스캔 시작: 30개 페어 (캐시 32개 보유)
2026-07-31 05:56:09,499 [INFO] [SCAN] 완료: 30개 종목 · 신호 0개 · API 호출 30회 · 캐시 히트 0회
2026-07-31 05:56:25,749 [INFO] [상태] 잔고:$9.95 | 포지션:2개 | 스캔:639회 | 스캐너:ON
2026-07-31 05:56:26,442 [INFO] [SCAN] 블랙리스트 4개 제외: ['IP/USDT:USDT', 'NES/USDT:USDT', 'WLD/USDT:USDT', 'XAG/USDT:USDT', 'XAU/USDT:USDT', 'XAUT/USDT:USDT']
2026-07-31 05:56:26,442 [INFO] [SCAN] 스캔 시작: 30개 페어 (캐시 32개 보유)
2026-07-31 05:56:39,337 [INFO] [SCAN] 완료: 30개 종목 · 신호 0개 · API 호출 30회 · 캐시 히트 0회
2026-07-31 05:56:54,570 [INFO] [SCAN] 블랙리스트 4개 제외: ['IP/USDT:USDT', 'NES/USDT:USDT', 'WLD/USDT:USDT', 'XAG/USDT:USDT', 'XAU/USDT:USDT', 'XAUT/USDT:USDT']
2026-07-31 05:56:54,570 [INFO] [SCAN] 스캔 시작: 30개 페어 (캐시 32개 보유)
2026-07-31 05:57:07,633 [INFO] [SCAN] 완료: 30개 종목 · 신호 0개 · API 호출 30회 · 캐시 히트 0회
2026-07-31 05:57:22,882 [INFO] [SCAN] 블랙리스트 4개 제외: ['IP/USDT:USDT', 'NES/USDT:USDT', 'WLD/USDT:USDT', 'XAG/USDT:USDT', 'XAU/USDT:USDT', 'XAUT/USDT:USDT']
2026-07-31 05:57:22,882 [INFO] [SCAN] 스캔 시작: 30개 페어 (캐시 32개 보유)
2026-07-31 05:57:26,194 [INFO] [상태] 잔고:$9.95 | 포지션:2개 | 스캔:641회 | 스캐너:ON
2026-07-31 05:57:36,311 [INFO] [SCAN] 완료: 30개 종목 · 신호 0개 · API 호출 30회 · 캐시 히트 0회
2026-07-31 05:57:53,421 [INFO] [SCAN] 블랙리스트 4개 제외: ['IP/USDT:USDT', 'NES/USDT:USDT', 'WLD/USDT:USDT', 'XAG/USDT:USDT', 'XAU/USDT:USDT', 'XAUT/USDT:USDT']
2026-07-31 05:57:53,421 [INFO] [SCAN] 스캔 시작: 30개 페어 (캐시 32개 보유)
2026-07-31 05:58:06,542 [INFO] [SCAN] 완료: 30개 종목 · 신호 0개 · API 호출 30회 · 캐시 히트 0회
2026-07-31 05:58:21,817 [INFO] [SCAN] 블랙리스트 4개 제외: ['IP/USDT:USDT', 'NES/USDT:USDT', 'WLD/USDT:USDT', 'XAG/USDT:USDT', 'XAU/USDT:USDT', 'XAUT/USDT:USDT']
2026-07-31 05:58:21,818 [INFO] [SCAN] 스캔 시작: 30개 페어 (캐시 32개 보유)
2026-07-31 05:58:26,720 [INFO] [상태] 잔고:$9.95 | 포지션:2개 | 스캔:643회 | 스캐너:ON
2026-07-31 05:58:35,769 [INFO] [SCAN] 완료: 30개 종목 · 신호 0개 · API 호출 30회 · 캐시 히트 0회
2026-07-31 05:58:51,046 [INFO] [SCAN] 블랙리스트 4개 제외: ['IP/USDT:USDT', 'NES/USDT:USDT', 'WLD/USDT:USDT', 'XAG/USDT:USDT', 'XAU/USDT:USDT', 'XAUT/USDT:USDT']
2026-07-31 05:58:51,046 [INFO] [SCAN] 스캔 시작: 30개 페어 (캐시 32개 보유)
2026-07-31 05:59:04,622 [INFO] [SCAN] 완료: 30개 종목 · 신호 0개 · API 호출 30회 · 캐시 히트 0회
2026-07-31 05:59:21,732 [INFO] [SCAN] 블랙리스트 4개 제외: ['IP/USDT:USDT', 'NES/USDT:USDT', 'WLD/USDT:USDT', 'XAG/USDT:USDT', 'XAU/USDT:USDT', 'XAUT/USDT:USDT']
2026-07-31 05:59:21,732 [INFO] [SCAN] 스캔 시작: 30개 페어 (캐시 32개 보유)
2026-07-31 05:59:27,132 [INFO] [상태] 잔고:$9.91 | 포지션:2개 | 스캔:645회 | 스캐너:ON
2026-07-31 05:59:34,974 [INFO] [SCAN] 완료: 30개 종목 · 신호 0개 · API 호출 30회 · 캐시 히트 0회
2026-07-31 05:59:50,401 [INFO] [SCAN] 블랙리스트 4개 제외: ['IP/USDT:USDT', 'NES/USDT:USDT', 'WLD/USDT:USDT', 'XAG/USDT:USDT', 'XAU/USDT:USDT', 'XAUT/USDT:USDT']
2026-07-31 05:59:50,401 [INFO] [SCAN] 스캔 시작: 30개 페어 (캐시 32개 보유)
2026-07-31 06:00:04,129 [INFO] [SCAN] 완료: 30개 종목 · 신호 0개 · API 호출 30회 · 캐시 히트 0회
2026-07-31 06:00:19,382 [INFO] [SCAN] 블랙리스트 4개 제외: ['IP/USDT:USDT', 'NES/USDT:USDT', 'WLD/USDT:USDT', 'XAG/USDT:USDT', 'XAU/USDT:USDT', 'XAUT/USDT:USDT']
2026-07-31 06:00:19,382 [INFO] [SCAN] 스캔 시작: 30개 페어 (캐시 32개 보유)
2026-07-31 06:00:27,585 [INFO] [상태] 잔고:$9.91 | 포지션:2개 | 스캔:647회 | 스캐너:ON
2026-07-31 06:00:32,874 [INFO] [SCAN] 완료: 30개 종목 · 신호 0개 · API 호출 30회 · 캐시 히트 0회
2026-07-31 06:00:49,772 [INFO] [SCAN] 블랙리스트 4개 제외: ['IP/USDT:USDT', 'NES/USDT:USDT', 'WLD/USDT:USDT', 'XAG/USDT:USDT', 'XAU/USDT:USDT', 'XAUT/USDT:USDT']
2026-07-31 06:00:49,772 [INFO] [SCAN] 스캔 시작: 30개 페어 (캐시 32개 보유)
2026-07-31 06:01:02,873 [INFO] [SCAN] 완료: 30개 종목 · 신호 0개 · API 호출 30회 · 캐시 히트 0회
2026-07-31 06:01:18,170 [INFO] [SCAN] 블랙리스트 4개 제외: ['IP/USDT:USDT', 'NES/USDT:USDT', 'WLD/USDT:USDT', 'XAG/USDT:USDT', 'XAU/USDT:USDT', 'XAUT/USDT:USDT']
2026-07-31 06:01:18,170 [INFO] [SCAN] 스캔 시작: 30개 페어 (캐시 32개 보유)
2026-07-31 06:01:28,225 [INFO] [상태] 잔고:$9.91 | 포지션:2개 | 스캔:649회 | 스캐너:ON
2026-07-31 06:01:32,233 [INFO] [SCAN] 완료: 30개 종목 · 신호 0개 · API 호출 30회 · 캐시 히트 0회
2026-07-31 06:01:47,518 [INFO] [SCAN] 블랙리스트 4개 제외: ['IP/USDT:USDT', 'NES/USDT:USDT', 'WLD/USDT:USDT', 'XAG/USDT:USDT', 'XAU/USDT:USDT', 'XAUT/USDT:USDT']
2026-07-31 06:01:47,518 [INFO] [SCAN] 스캔 시작: 30개 페어 (캐시 32개 보유)
2026-07-31 06:02:01,156 [INFO] [SCAN] 완료: 30개 종목 · 신호 0개 · API 호출 30회 · 캐시 히트 0회
2026-07-31 06:02:18,447 [INFO] [SCAN] 블랙리스트 4개 제외: ['IP/USDT:USDT', 'NES/USDT:USDT', 'WLD/USDT:USDT', 'XAG/USDT:USDT', 'XAU/USDT:USDT', 'XAUT/USDT:USDT']
2026-07-31 06:02:18,447 [INFO] [SCAN] 스캔 시작: 30개 페어 (캐시 32개 보유)
2026-07-31 06:02:28,748 [INFO] [상태] 잔고:$9.91 | 포지션:2개 | 스캔:651회 | 스캐너:ON
2026-07-31 06:02:32,439 [INFO] [SCAN] 완료: 30개 종목 · 신호 0개 · API 호출 30회 · 캐시 히트 0회
2026-07-31 06:02:47,676 [INFO] [SCAN] 블랙리스트 4개 제외: ['IP/USDT:USDT', 'NES/USDT:USDT', 'WLD/USDT:USDT', 'XAG/USDT:USDT', 'XAU/USDT:USDT', 'XAUT/USDT:USDT']
2026-07-31 06:02:47,676 [INFO] [SCAN] 스캔 시작: 30개 페어 (캐시 32개 보유)
2026-07-31 06:03:00,739 [INFO] [SCAN] 완료: 30개 종목 · 신호 0개 · API 호출 30회 · 캐시 히트 0회
2026-07-31 06:03:15,972 [INFO] [SCAN] 블랙리스트 4개 제외: ['IP/USDT:USDT', 'NES/USDT:USDT', 'WLD/USDT:USDT', 'XAG/USDT:USDT', 'XAU/USDT:USDT', 'XAUT/USDT:USDT']
2026-07-31 06:03:15,972 [INFO] [SCAN] 스캔 시작: 30개 페어 (캐시 32개 보유)
2026-07-31 06:03:29,341 [INFO] [상태] 잔고:$9.90 | 포지션:2개 | 스캔:653회 | 스캐너:ON
2026-07-31 06:03:29,578 [INFO] [SCAN] 완료: 30개 종목 · 신호 0개 · API 호출 30회 · 캐시 히트 0회
2026-07-31 06:03:47,013 [INFO] [SCAN] 블랙리스트 4개 제외: ['IP/USDT:USDT', 'NES/USDT:USDT', 'WLD/USDT:USDT', 'XAG/USDT:USDT', 'XAU/USDT:USDT', 'XAUT/USDT:USDT']
2026-07-31 06:03:47,014 [INFO] [SCAN] 스캔 시작: 30개 페어 (캐시 32개 보유)
2026-07-31 06:04:00,318 [INFO] [SCAN] 완료: 30개 종목 · 신호 0개 · API 호출 30회 · 캐시 히트 0회
2026-07-31 06:04:15,563 [INFO] [SCAN] 블랙리스트 4개 제외: ['IP/USDT:USDT', 'NES/USDT:USDT', 'WLD/USDT:USDT', 'XAG/USDT:USDT', 'XAU/USDT:USDT', 'XAUT/USDT:USDT']
2026-07-31 06:04:15,563 [INFO] [SCAN] 스캔 시작: 30개 페어 (캐시 32개 보유)
2026-07-31 06:04:28,773 [INFO] [SCAN] 완료: 30개 종목 · 신호 0개 · API 호출 30회 · 캐시 히트 0회
2026-07-31 06:04:29,771 [INFO] [상태] 잔고:$9.88 | 포지션:2개 | 스캔:656회 | 스캐너:ON
2026-07-31 06:04:44,147 [INFO] [SCAN] 블랙리스트 4개 제외: ['IP/USDT:USDT', 'NES/USDT:USDT', 'WLD/USDT:USDT', 'XAG/USDT:USDT', 'XAU/USDT:USDT', 'XAUT/USDT:USDT']
2026-07-31 06:04:44,147 [INFO] [SCAN] 스캔 시작: 30개 페어 (캐시 32개 보유)
2026-07-31 06:04:57,100 [INFO] [SCAN] 완료: 30개 종목 · 신호 0개 · API 호출 30회 · 캐시 히트 0회
2026-07-31 06:05:14,035 [INFO] [SCAN] 블랙리스트 4개 제외: ['IP/USDT:USDT', 'NES/USDT:USDT', 'WLD/USDT:USDT', 'XAG/USDT:USDT', 'XAU/USDT:USDT', 'XAUT/USDT:USDT']
2026-07-31 06:05:14,036 [INFO] [SCAN] 스캔 시작: 30개 페어 (캐시 32개 보유)
2026-07-31 06:05:27,318 [INFO] [SCAN] 완료: 30개 종목 · 신호 0개 · API 호출 30회 · 캐시 히트 0회
2026-07-31 06:05:30,213 [INFO] [상태] 잔고:$9.87 | 포지션:2개 | 스캔:658회 | 스캐너:ON
2026-07-31 06:05:42,739 [INFO] [SCAN] 블랙리스트 4개 제외: ['IP/USDT:USDT', 'NES/USDT:USDT', 'WLD/USDT:USDT', 'XAG/USDT:USDT', 'XAU/USDT:USDT', 'XAUT/USDT:USDT']
2026-07-31 06:05:42,740 [INFO] [SCAN] 스캔 시작: 30개 페어 (캐시 32개 보유)
2026-07-31 06:05:55,719 [INFO] [SCAN] 완료: 30개 종목 · 신호 0개 · API 호출 30회 · 캐시 히트 0회
2026-07-31 06:06:10,976 [INFO] [SCAN] 블랙리스트 4개 제외: ['IP/USDT:USDT', 'NES/USDT:USDT', 'WLD/USDT:USDT', 'XAG/USDT:USDT', 'XAU/USDT:USDT', 'XAUT/USDT:USDT']
2026-07-31 06:06:10,977 [INFO] [SCAN] 스캔 시작: 30개 페어 (캐시 32개 보유)
2026-07-31 06:06:24,056 [INFO] [SCAN] 완료: 30개 종목 · 신호 0개 · API 호출 30회 · 캐시 히트 0회
2026-07-31 06:06:30,749 [INFO] [상태] 잔고:$9.88 | 포지션:2개 | 스캔:660회 | 스캐너:ON
2026-07-31 06:06:41,200 [INFO] [SCAN] 블랙리스트 4개 제외: ['IP/USDT:USDT', 'NES/USDT:USDT', 'WLD/USDT:USDT', 'XAG/USDT:USDT', 'XAU/USDT:USDT', 'XAUT/USDT:USDT']
2026-07-31 06:06:41,200 [INFO] [SCAN] 스캔 시작: 30개 페어 (캐시 32개 보유)
2026-07-31 06:06:54,362 [INFO] [SCAN] 완료: 30개 종목 · 신호 0개 · API 호출 30회 · 캐시 히트 0회
2026-07-31 06:07:09,620 [INFO] [SCAN] 블랙리스트 4개 제외: ['IP/USDT:USDT', 'NES/USDT:USDT', 'WLD/USDT:USDT', 'XAG/USDT:USDT', 'XAU/USDT:USDT', 'XAUT/USDT:USDT']
2026-07-31 06:07:09,620 [INFO] [SCAN] 스캔 시작: 30개 페어 (캐시 32개 보유)
2026-07-31 06:07:22,854 [INFO] [SCAN] 완료: 30개 종목 · 신호 0개 · API 호출 30회 · 캐시 히트 0회
2026-07-31 06:07:31,332 [INFO] [상태] 잔고:$9.87 | 포지션:2개 | 스캔:662회 | 스캐너:ON
2026-07-31 06:07:38,232 [INFO] [SCAN] 블랙리스트 4개 제외: ['IP/USDT:USDT', 'NES/USDT:USDT', 'WLD/USDT:USDT', 'XAG/USDT:USDT', 'XAU/USDT:USDT', 'XAUT/USDT:USDT']
2026-07-31 06:07:38,233 [INFO] [SCAN] 스캔 시작: 30개 페어 (캐시 32개 보유)
2026-07-31 06:07:51,416 [INFO] [SCAN] 완료: 30개 종목 · 신호 0개 · API 호출 30회 · 캐시 히트 0회
2026-07-31 06:08:08,530 [INFO] [SCAN] 블랙리스트 4개 제외: ['IP/USDT:USDT', 'NES/USDT:USDT', 'WLD/USDT:USDT', 'XAG/USDT:USDT', 'XAU/USDT:USDT', 'XAUT/USDT:USDT']
2026-07-31 06:08:08,531 [INFO] [SCAN] 스캔 시작: 30개 페어 (캐시 32개 보유)
2026-07-31 06:08:21,633 [INFO] [SCAN] 완료: 30개 종목 · 신호 0개 · API 호출 30회 · 캐시 히트 0회
2026-07-31 06:08:31,775 [INFO] [상태] 잔고:$9.89 | 포지션:2개 | 스캔:664회 | 스캐너:ON
2026-07-31 06:08:37,021 [INFO] [SCAN] 블랙리스트 4개 제외: ['IP/USDT:USDT', 'NES/USDT:USDT', 'WLD/USDT:USDT', 'XAG/USDT:USDT', 'XAU/USDT:USDT', 'XAUT/USDT:USDT']
2026-07-31 06:08:37,021 [INFO] [SCAN] 스캔 시작: 30개 페어 (캐시 32개 보유)
2026-07-31 06:08:50,244 [INFO] [SCAN] 완료: 30개 종목 · 신호 0개 · API 호출 30회 · 캐시 히트 0회
2026-07-31 06:09:05,472 [INFO] [SCAN] 블랙리스트 4개 제외: ['IP/USDT:USDT', 'NES/USDT:USDT', 'WLD/USDT:USDT', 'XAG/USDT:USDT', 'XAU/USDT:USDT', 'XAUT/USDT:USDT']
2026-07-31 06:09:05,473 [INFO] [SCAN] 스캔 시작: 30개 페어 (캐시 32개 보유)
2026-07-31 06:09:18,710 [INFO] [SCAN] 완료: 30개 종목 · 신호 0개 · API 호출 30회 · 캐시 히트 0회
2026-07-31 06:09:32,381 [INFO] [상태] 잔고:$9.89 | 포지션:2개 | 스캔:666회 | 스캐너:ON
2026-07-31 06:09:35,835 [INFO] [SCAN] 블랙리스트 4개 제외: ['IP/USDT:USDT', 'NES/USDT:USDT', 'WLD/USDT:USDT', 'XAG/USDT:USDT', 'XAU/USDT:USDT', 'XAUT/USDT:USDT']
2026-07-31 06:09:35,835 [INFO] [SCAN] 스캔 시작: 30개 페어 (캐시 32개 보유)
2026-07-31 06:09:48,844 [INFO] [SCAN] 완료: 30개 종목 · 신호 0개 · API 호출 30회 · 캐시 히트 0회
2026-07-31 06:10:04,083 [INFO] [SCAN] 블랙리스트 4개 제외: ['IP/USDT:USDT', 'NES/USDT:USDT', 'WLD/USDT:USDT', 'XAG/USDT:USDT', 'XAU/USDT:USDT', 'XAUT/USDT:USDT']
2026-07-31 06:10:04,083 [INFO] [SCAN] 스캔 시작: 30개 페어 (캐시 32개 보유)
2026-07-31 06:10:16,981 [INFO] [CACHE] OP/USDT:USDT 초기 로드 300봉
2026-07-31 06:10:17,497 [INFO] [SCAN] 완료: 30개 종목 · 신호 0개 · API 호출 30회 · 캐시 히트 0회
2026-07-31 06:10:32,891 [INFO] [SCAN] 블랙리스트 4개 제외: ['IP/USDT:USDT', 'NES/USDT:USDT', 'WLD/USDT:USDT', 'XAG/USDT:USDT', 'XAU/USDT:USDT', 'XAUT/USDT:USDT']
2026-07-31 06:10:32,891 [INFO] [SCAN] 스캔 시작: 30개 페어 (캐시 33개 보유)
2026-07-31 06:10:33,007 [INFO] [상태] 잔고:$9.89 | 포지션:2개 | 스캔:668회 | 스캐너:ON
2026-07-31 06:10:46,207 [INFO] [SCAN] 완료: 30개 종목 · 신호 0개 · API 호출 30회 · 캐시 히트 0회
2026-07-31 06:11:03,179 [INFO] [SCAN] 블랙리스트 4개 제외: ['IP/USDT:USDT', 'NES/USDT:USDT', 'WLD/USDT:USDT', 'XAG/USDT:USDT', 'XAU/USDT:USDT', 'XAUT/USDT:USDT']
2026-07-31 06:11:03,179 [INFO] [SCAN] 스캔 시작: 30개 페어 (캐시 33개 보유)
2026-07-31 06:11:16,744 [INFO] [SCAN] 완료: 30개 종목 · 신호 0개 · API 호출 30회 · 캐시 히트 0회
2026-07-31 06:11:31,986 [INFO] [SCAN] 블랙리스트 4개 제외: ['IP/USDT:USDT', 'NES/USDT:USDT', 'WLD/USDT:USDT', 'XAG/USDT:USDT', 'XAU/USDT:USDT', 'XAUT/USDT:USDT']
2026-07-31 06:11:31,986 [INFO] [SCAN] 스캔 시작: 30개 페어 (캐시 33개 보유)
2026-07-31 06:11:33,489 [INFO] [상태] 잔고:$9.88 | 포지션:2개 | 스캔:670회 | 스캐너:ON
2026-07-31 06:11:45,856 [INFO] [SCAN] 완료: 30개 종목 · 신호 0개 · API 호출 30회 · 캐시 히트 0회
2026-07-31 06:12:01,141 [INFO] [SCAN] 블랙리스트 4개 제외: ['IP/USDT:USDT', 'NES/USDT:USDT', 'WLD/USDT:USDT', 'XAG/USDT:USDT', 'XAU/USDT:USDT', 'XAUT/USDT:USDT']
2026-07-31 06:12:01,142 [INFO] [SCAN] 스캔 시작: 30개 페어 (캐시 33개 보유)
2026-07-31 06:12:14,386 [INFO] [SCAN] 완료: 30개 종목 · 신호 0개 · API 호출 30회 · 캐시 히트 0회
2026-07-31 06:12:31,326 [INFO] [SCAN] 블랙리스트 4개 제외: ['IP/USDT:USDT', 'NES/USDT:USDT', 'WLD/USDT:USDT', 'XAG/USDT:USDT', 'XAU/USDT:USDT', 'XAUT/USDT:USDT']
2026-07-31 06:12:31,327 [INFO] [SCAN] 스캔 시작: 30개 페어 (캐시 33개 보유)
2026-07-31 06:12:34,102 [INFO] [상태] 잔고:$9.87 | 포지션:2개 | 스캔:672회 | 스캐너:ON
2026-07-31 06:12:45,082 [INFO] [SCAN] 완료: 30개 종목 · 신호 0개 · API 호출 30회 · 캐시 히트 0회
2026-07-31 06:13:00,338 [INFO] [SCAN] 블랙리스트 4개 제외: ['IP/USDT:USDT', 'NES/USDT:USDT', 'WLD/USDT:USDT', 'XAG/USDT:USDT', 'XAU/USDT:USDT', 'XAUT/USDT:USDT']
2026-07-31 06:13:00,338 [INFO] [SCAN] 스캔 시작: 30개 페어 (캐시 33개 보유)
2026-07-31 06:13:13,640 [INFO] [SCAN] 완료: 30개 종목 · 신호 0개 · API 호출 30회 · 캐시 히트 0회
2026-07-31 06:13:28,915 [INFO] [SCAN] 블랙리스트 4개 제외: ['IP/USDT:USDT', 'NES/USDT:USDT', 'WLD/USDT:USDT', 'XAG/USDT:USDT', 'XAU/USDT:USDT', 'XAUT/USDT:USDT']
2026-07-31 06:13:28,916 [INFO] [SCAN] 스캔 시작: 30개 페어 (캐시 33개 보유)
2026-07-31 06:13:34,546 [INFO] [상태] 잔고:$9.87 | 포지션:2개 | 스캔:674회 | 스캐너:ON
2026-07-31 06:13:42,826 [INFO] [SCAN] 완료: 30개 종목 · 신호 0개 · API 호출 30회 · 캐시 히트 0회
2026-07-31 06:13:59,867 [INFO] [SCAN] 블랙리스트 4개 제외: ['IP/USDT:USDT', 'NES/USDT:USDT', 'WLD/USDT:USDT', 'XAG/USDT:USDT', 'XAU/USDT:USDT', 'XAUT/USDT:USDT']
2026-07-31 06:13:59,867 [INFO] [SCAN] 스캔 시작: 30개 페어 (캐시 33개 보유)
2026-07-31 06:14:12,957 [INFO] [SCAN] 완료: 30개 종목 · 신호 0개 · API 호출 30회 · 캐시 히트 0회
2026-07-31 06:14:28,245 [INFO] [SCAN] 블랙리스트 4개 제외: ['IP/USDT:USDT', 'NES/USDT:USDT', 'WLD/USDT:USDT', 'XAG/USDT:USDT', 'XAU/USDT:USDT', 'XAUT/USDT:USDT']
2026-07-31 06:14:28,246 [INFO] [SCAN] 스캔 시작: 30개 페어 (캐시 33개 보유)
2026-07-31 06:14:34,984 [INFO] [상태] 잔고:$9.85 | 포지션:2개 | 스캔:676회 | 스캐너:ON
2026-07-31 06:14:41,735 [INFO] [SCAN] 완료: 30개 종목 · 신호 0개 · API 호출 30회 · 캐시 히트 0회
2026-07-31 06:14:56,983 [INFO] [SCAN] 블랙리스트 4개 제외: ['IP/USDT:USDT', 'NES/USDT:USDT', 'WLD/USDT:USDT', 'XAG/USDT:USDT', 'XAU/USDT:USDT', 'XAUT/USDT:USDT']
2026-07-31 06:14:56,983 [INFO] [SCAN] 스캔 시작: 30개 페어 (캐시 33개 보유)
2026-07-31 06:15:09,907 [INFO] [SCAN] 완료: 30개 종목 · 신호 0개 · API 호출 30회 · 캐시 히트 0회
2026-07-31 06:15:26,857 [INFO] [SCAN] 블랙리스트 4개 제외: ['IP/USDT:USDT', 'NES/USDT:USDT', 'WLD/USDT:USDT', 'XAG/USDT:USDT', 'XAU/USDT:USDT', 'XAUT/USDT:USDT']
2026-07-31 06:15:26,857 [INFO] [SCAN] 스캔 시작: 30개 페어 (캐시 33개 보유)
2026-07-31 06:15:35,528 [INFO] [상태] 잔고:$9.84 | 포지션:2개 | 스캔:678회 | 스캐너:ON
2026-07-31 06:15:40,384 [INFO] [SCAN] 완료: 30개 종목 · 신호 0개 · API 호출 30회 · 캐시 히트 0회
2026-07-31 06:15:55,608 [INFO] [SCAN] 블랙리스트 4개 제외: ['IP/USDT:USDT', 'NES/USDT:USDT', 'WLD/USDT:USDT', 'XAG/USDT:USDT', 'XAU/USDT:USDT', 'XAUT/USDT:USDT']
2026-07-31 06:15:55,608 [INFO] [SCAN] 스캔 시작: 30개 페어 (캐시 33개 보유)
2026-07-31 06:16:08,706 [INFO] [SCAN] 완료: 30개 종목 · 신호 0개 · API 호출 30회 · 캐시 히트 0회
2026-07-31 06:16:23,951 [INFO] [SCAN] 블랙리스트 4개 제외: ['IP/USDT:USDT', 'NES/USDT:USDT', 'WLD/USDT:USDT', 'XAG/USDT:USDT', 'XAU/USDT:USDT', 'XAUT/USDT:USDT']
2026-07-31 06:16:23,951 [INFO] [SCAN] 스캔 시작: 30개 페어 (캐시 33개 보유)
2026-07-31 06:16:36,068 [INFO] [상태] 잔고:$9.84 | 포지션:2개 | 스캔:680회 | 스캐너:ON
2026-07-31 06:16:39,718 [INFO] [SCAN] 완료: 30개 종목 · 신호 0개 · API 호출 30회 · 캐시 히트 0회
2026-07-31 06:16:56,923 [INFO] [SCAN] 블랙리스트 4개 제외: ['IP/USDT:USDT', 'NES/USDT:USDT', 'WLD/USDT:USDT', 'XAG/USDT:USDT', 'XAU/USDT:USDT', 'XAUT/USDT:USDT']
2026-07-31 06:16:56,923 [INFO] [SCAN] 스캔 시작: 30개 페어 (캐시 33개 보유)
2026-07-31 06:17:10,227 [INFO] [SCAN] 완료: 30개 종목 · 신호 0개 · API 호출 30회 · 캐시 히트 0회
2026-07-31 06:17:25,493 [INFO] [SCAN] 블랙리스트 4개 제외: ['IP/USDT:USDT', 'NES/USDT:USDT', 'WLD/USDT:USDT', 'XAG/USDT:USDT', 'XAU/USDT:USDT', 'XAUT/USDT:USDT']
2026-07-31 06:17:25,493 [INFO] [SCAN] 스캔 시작: 30개 페어 (캐시 33개 보유)
2026-07-31 06:17:36,620 [INFO] [상태] 잔고:$9.86 | 포지션:2개 | 스캔:682회 | 스캐너:ON
2026-07-31 06:17:39,316 [INFO] [SCAN] 완료: 30개 종목 · 신호 0개 · API 호출 30회 · 캐시 히트 0회
2026-07-31 06:17:54,539 [INFO] [SCAN] 블랙리스트 4개 제외: ['IP/USDT:USDT', 'NES/USDT:USDT', 'WLD/USDT:USDT', 'XAG/USDT:USDT', 'XAU/USDT:USDT', 'XAUT/USDT:USDT']
2026-07-31 06:17:54,539 [INFO] [SCAN] 스캔 시작: 30개 페어 (캐시 33개 보유)
2026-07-31 06:18:07,494 [INFO] [SCAN] 완료: 30개 종목 · 신호 0개 · API 호출 30회 · 캐시 히트 0회
2026-07-31 06:18:24,517 [INFO] [SCAN] 블랙리스트 4개 제외: ['IP/USDT:USDT', 'NES/USDT:USDT', 'WLD/USDT:USDT', 'XAG/USDT:USDT', 'XAU/USDT:USDT', 'XAUT/USDT:USDT']
2026-07-31 06:18:24,517 [INFO] [SCAN] 스캔 시작: 30개 페어 (캐시 33개 보유)
2026-07-31 06:18:37,209 [INFO] [상태] 잔고:$9.86 | 포지션:2개 | 스캔:684회 | 스캐너:ON
2026-07-31 06:18:38,111 [INFO] [SCAN] 완료: 30개 종목 · 신호 0개 · API 호출 30회 · 캐시 히트 0회
2026-07-31 06:18:53,340 [INFO] [SCAN] 블랙리스트 4개 제외: ['IP/USDT:USDT', 'NES/USDT:USDT', 'WLD/USDT:USDT', 'XAG/USDT:USDT', 'XAU/USDT:USDT', 'XAUT/USDT:USDT']
2026-07-31 06:18:53,341 [INFO] [SCAN] 스캔 시작: 30개 페어 (캐시 33개 보유)
2026-07-31 06:19:06,982 [INFO] [SCAN] 완료: 30개 종목 · 신호 0개 · API 호출 30회 · 캐시 히트 0회
2026-07-31 06:19:22,246 [INFO] [SCAN] 블랙리스트 4개 제외: ['IP/USDT:USDT', 'NES/USDT:USDT', 'WLD/USDT:USDT', 'XAG/USDT:USDT', 'XAU/USDT:USDT', 'XAUT/USDT:USDT']
2026-07-31 06:19:22,246 [INFO] [SCAN] 스캔 시작: 30개 페어 (캐시 33개 보유)
2026-07-31 06:19:35,862 [INFO] [SCAN] 완료: 30개 종목 · 신호 0개 · API 호출 30회 · 캐시 히트 0회
2026-07-31 06:19:37,763 [INFO] [상태] 잔고:$9.86 | 포지션:2개 | 스캔:687회 | 스캐너:ON
2026-07-31 06:19:53,328 [INFO] [SCAN] 블랙리스트 4개 제외: ['IP/USDT:USDT', 'NES/USDT:USDT', 'WLD/USDT:USDT', 'XAG/USDT:USDT', 'XAU/USDT:USDT', 'XAUT/USDT:USDT']
2026-07-31 06:19:53,328 [INFO] [SCAN] 스캔 시작: 30개 페어 (캐시 33개 보유)
2026-07-31 06:20:06,849 [INFO] [SCAN] 완료: 30개 종목 · 신호 0개 · API 호출 30회 · 캐시 히트 0회
2026-07-31 06:20:22,089 [INFO] [SCAN] 블랙리스트 4개 제외: ['IP/USDT:USDT', 'NES/USDT:USDT', 'WLD/USDT:USDT', 'XAG/USDT:USDT', 'XAU/USDT:USDT', 'XAUT/USDT:USDT']
2026-07-31 06:20:22,089 [INFO] [SCAN] 스캔 시작: 30개 페어 (캐시 33개 보유)
2026-07-31 06:20:36,124 [INFO] [SCAN] 완료: 30개 종목 · 신호 0개 · API 호출 30회 · 캐시 히트 0회
2026-07-31 06:20:38,322 [INFO] [상태] 잔고:$9.89 | 포지션:2개 | 스캔:689회 | 스캐너:ON
2026-07-31 06:20:53,247 [INFO] [SCAN] 블랙리스트 4개 제외: ['IP/USDT:USDT', 'NES/USDT:USDT', 'WLD/USDT:USDT', 'XAG/USDT:USDT', 'XAU/USDT:USDT', 'XAUT/USDT:USDT']
2026-07-31 06:20:53,247 [INFO] [SCAN] 스캔 시작: 30개 페어 (캐시 33개 보유)
2026-07-31 06:21:07,227 [INFO] [SCAN] 완료: 30개 종목 · 신호 0개 · API 호출 30회 · 캐시 히트 0회
2026-07-31 06:21:22,520 [INFO] [SCAN] 블랙리스트 4개 제외: ['IP/USDT:USDT', 'NES/USDT:USDT', 'WLD/USDT:USDT', 'XAG/USDT:USDT', 'XAU/USDT:USDT', 'XAUT/USDT:USDT']
2026-07-31 06:21:22,521 [INFO] [SCAN] 스캔 시작: 30개 페어 (캐시 33개 보유)
2026-07-31 06:21:36,659 [INFO] [SCAN] 완료: 30개 종목 · 신호 0개 · API 호출 30회 · 캐시 히트 0회
2026-07-31 06:21:39,060 [INFO] [상태] 잔고:$9.90 | 포지션:2개 | 스캔:691회 | 스캐너:ON
2026-07-31 06:21:54,182 [INFO] [SCAN] 블랙리스트 4개 제외: ['IP/USDT:USDT', 'NES/USDT:USDT', 'WLD/USDT:USDT', 'XAG/USDT:USDT', 'XAU/USDT:USDT', 'XAUT/USDT:USDT']
2026-07-31 06:21:54,182 [INFO] [SCAN] 스캔 시작: 30개 페어 (캐시 33개 보유)
2026-07-31 06:22:07,873 [INFO] [SCAN] 완료: 30개 종목 · 신호 0개 · API 호출 30회 · 캐시 히트 0회
2026-07-31 06:22:23,129 [INFO] [SCAN] 블랙리스트 4개 제외: ['IP/USDT:USDT', 'NES/USDT:USDT', 'WLD/USDT:USDT', 'XAG/USDT:USDT', 'XAU/USDT:USDT', 'XAUT/USDT:USDT']
2026-07-31 06:22:23,129 [INFO] [SCAN] 스캔 시작: 30개 페어 (캐시 33개 보유)
2026-07-31 06:22:36,626 [INFO] [SCAN] 완료: 30개 종목 · 신호 0개 · API 호출 30회 · 캐시 히트 0회
2026-07-31 06:22:39,572 [INFO] [상태] 잔고:$9.92 | 포지션:2개 | 스캔:693회 | 스캐너:ON
2026-07-31 06:22:52,052 [INFO] [SCAN] 블랙리스트 4개 제외: ['IP/USDT:USDT', 'NES/USDT:USDT', 'WLD/USDT:USDT', 'XAG/USDT:USDT', 'XAU/USDT:USDT', 'XAUT/USDT:USDT']
2026-07-31 06:22:52,053 [INFO] [SCAN] 스캔 시작: 30개 페어 (캐시 33개 보유)
2026-07-31 06:23:05,390 [INFO] [SCAN] 완료: 30개 종목 · 신호 0개 · API 호출 30회 · 캐시 히트 0회
2026-07-31 06:23:22,472 [INFO] [SCAN] 블랙리스트 4개 제외: ['IP/USDT:USDT', 'NES/USDT:USDT', 'WLD/USDT:USDT', 'XAG/USDT:USDT', 'XAU/USDT:USDT', 'XAUT/USDT:USDT']
2026-07-31 06:23:22,473 [INFO] [SCAN] 스캔 시작: 30개 페어 (캐시 33개 보유)
2026-07-31 06:23:35,510 [INFO] [SCAN] 완료: 30개 종목 · 신호 0개 · API 호출 30회 · 캐시 히트 0회
2026-07-31 06:23:40,018 [INFO] [상태] 잔고:$9.91 | 포지션:2개 | 스캔:695회 | 스캐너:ON
2026-07-31 06:23:50,888 [INFO] [SCAN] 블랙리스트 4개 제외: ['IP/USDT:USDT', 'NES/USDT:USDT', 'WLD/USDT:USDT', 'XAG/USDT:USDT', 'XAU/USDT:USDT', 'XAUT/USDT:USDT']
2026-07-31 06:23:50,888 [INFO] [SCAN] 스캔 시작: 30개 페어 (캐시 33개 보유)
2026-07-31 06:24:03,953 [INFO] [SCAN] 완료: 30개 종목 · 신호 0개 · API 호출 30회 · 캐시 히트 0회
2026-07-31 06:24:19,223 [INFO] [SCAN] 블랙리스트 4개 제외: ['IP/USDT:USDT', 'NES/USDT:USDT', 'WLD/USDT:USDT', 'XAG/USDT:USDT', 'XAU/USDT:USDT', 'XAUT/USDT:USDT']
2026-07-31 06:24:19,224 [INFO] [SCAN] 스캔 시작: 30개 페어 (캐시 33개 보유)
2026-07-31 06:24:32,403 [INFO] [SCAN] 완료: 30개 종목 · 신호 0개 · API 호출 30회 · 캐시 히트 0회
2026-07-31 06:24:40,585 [INFO] [상태] 잔고:$9.89 | 포지션:2개 | 스캔:697회 | 스캐너:ON
2026-07-31 06:24:49,418 [INFO] [SCAN] 블랙리스트 4개 제외: ['IP/USDT:USDT', 'NES/USDT:USDT', 'WLD/USDT:USDT', 'XAG/USDT:USDT', 'XAU/USDT:USDT', 'XAUT/USDT:USDT']
2026-07-31 06:24:49,419 [INFO] [SCAN] 스캔 시작: 30개 페어 (캐시 33개 보유)
2026-07-31 06:25:02,609 [INFO] [SCAN] 완료: 30개 종목 · 신호 0개 · API 호출 30회 · 캐시 히트 0회
2026-07-31 06:25:17,873 [INFO] [SCAN] 블랙리스트 4개 제외: ['IP/USDT:USDT', 'NES/USDT:USDT', 'WLD/USDT:USDT', 'XAG/USDT:USDT', 'XAU/USDT:USDT', 'XAUT/USDT:USDT']
2026-07-31 06:25:17,874 [INFO] [SCAN] 스캔 시작: 30개 페어 (캐시 33개 보유)
2026-07-31 06:25:30,988 [INFO] [SCAN] 완료: 30개 종목 · 신호 0개 · API 호출 30회 · 캐시 히트 0회
2026-07-31 06:25:41,076 [INFO] [상태] 잔고:$9.89 | 포지션:2개 | 스캔:699회 | 스캐너:ON
2026-07-31 06:25:46,495 [INFO] [SCAN] 블랙리스트 4개 제외: ['IP/USDT:USDT', 'NES/USDT:USDT', 'WLD/USDT:USDT', 'XAG/USDT:USDT', 'XAU/USDT:USDT', 'XAUT/USDT:USDT']
2026-07-31 06:25:46,496 [INFO] [SCAN] 스캔 시작: 30개 페어 (캐시 33개 보유)
2026-07-31 06:26:00,182 [INFO] [SCAN] 완료: 30개 종목 · 신호 0개 · API 호출 30회 · 캐시 히트 0회
2026-07-31 06:26:17,372 [INFO] [SCAN] 블랙리스트 4개 제외: ['IP/USDT:USDT', 'NES/USDT:USDT', 'WLD/USDT:USDT', 'XAG/USDT:USDT', 'XAU/USDT:USDT', 'XAUT/USDT:USDT']
2026-07-31 06:26:17,372 [INFO] [SCAN] 스캔 시작: 30개 페어 (캐시 33개 보유)
2026-07-31 06:26:31,060 [INFO] [SCAN] 완료: 30개 종목 · 신호 0개 · API 호출 30회 · 캐시 히트 0회
2026-07-31 06:26:41,609 [INFO] [상태] 잔고:$9.89 | 포지션:2개 | 스캔:701회 | 스캐너:ON
2026-07-31 06:26:46,464 [INFO] [SCAN] 블랙리스트 4개 제외: ['IP/USDT:USDT', 'NES/USDT:USDT', 'WLD/USDT:USDT', 'XAG/USDT:USDT', 'XAU/USDT:USDT', 'XAUT/USDT:USDT']
2026-07-31 06:26:46,464 [INFO] [SCAN] 스캔 시작: 30개 페어 (캐시 33개 보유)
2026-07-31 06:26:59,879 [INFO] [SCAN] 완료: 30개 종목 · 신호 0개 · API 호출 30회 · 캐시 히트 0회
2026-07-31 06:27:15,106 [INFO] [SCAN] 블랙리스트 4개 제외: ['IP/USDT:USDT', 'NES/USDT:USDT', 'WLD/USDT:USDT', 'XAG/USDT:USDT', 'XAU/USDT:USDT', 'XAUT/USDT:USDT']
2026-07-31 06:27:15,106 [INFO] [SCAN] 스캔 시작: 30개 페어 (캐시 33개 보유)
2026-07-31 06:27:28,048 [INFO] [SCAN] 완료: 30개 종목 · 신호 0개 · API 호출 30회 · 캐시 히트 0회
2026-07-31 06:27:42,206 [INFO] [상태] 잔고:$9.89 | 포지션:2개 | 스캔:703회 | 스캐너:ON
2026-07-31 06:27:45,040 [INFO] [SCAN] 블랙리스트 4개 제외: ['IP/USDT:USDT', 'NES/USDT:USDT', 'WLD/USDT:USDT', 'XAG/USDT:USDT', 'XAU/USDT:USDT', 'XAUT/USDT:USDT']
2026-07-31 06:27:45,040 [INFO] [SCAN] 스캔 시작: 30개 페어 (캐시 33개 보유)
2026-07-31 06:27:58,065 [INFO] [SCAN] 완료: 30개 종목 · 신호 0개 · API 호출 30회 · 캐시 히트 0회
2026-07-31 06:28:13,320 [INFO] [SCAN] 블랙리스트 4개 제외: ['IP/USDT:USDT', 'NES/USDT:USDT', 'WLD/USDT:USDT', 'XAG/USDT:USDT', 'XAU/USDT:USDT', 'XAUT/USDT:USDT']
2026-07-31 06:28:13,320 [INFO] [SCAN] 스캔 시작: 30개 페어 (캐시 33개 보유)
2026-07-31 06:28:26,334 [INFO] [SCAN] 완료: 30개 종목 · 신호 0개 · API 호출 30회 · 캐시 히트 0회
2026-07-31 06:28:41,578 [INFO] [SCAN] 블랙리스트 4개 제외: ['IP/USDT:USDT', 'NES/USDT:USDT', 'WLD/USDT:USDT', 'XAG/USDT:USDT', 'XAU/USDT:USDT', 'XAUT/USDT:USDT']
2026-07-31 06:28:41,578 [INFO] [SCAN] 스캔 시작: 30개 페어 (캐시 33개 보유)
2026-07-31 06:28:42,675 [INFO] [상태] 잔고:$9.91 | 포지션:2개 | 스캔:705회 | 스캐너:ON
2026-07-31 06:28:55,740 [INFO] [SCAN] 완료: 30개 종목 · 신호 0개 · API 호출 30회 · 캐시 히트 0회
2026-07-31 06:29:12,973 [INFO] [SCAN] 블랙리스트 4개 제외: ['IP/USDT:USDT', 'NES/USDT:USDT', 'WLD/USDT:USDT', 'XAG/USDT:USDT', 'XAU/USDT:USDT', 'XAUT/USDT:USDT']
2026-07-31 06:29:12,973 [INFO] [SCAN] 스캔 시작: 30개 페어 (캐시 33개 보유)
2026-07-31 06:29:25,983 [INFO] [SCAN] 완료: 30개 종목 · 신호 0개 · API 호출 30회 · 캐시 히트 0회
2026-07-31 06:29:41,231 [INFO] [SCAN] 블랙리스트 4개 제외: ['IP/USDT:USDT', 'NES/USDT:USDT', 'WLD/USDT:USDT', 'XAG/USDT:USDT', 'XAU/USDT:USDT', 'XAUT/USDT:USDT']
2026-07-31 06:29:41,232 [INFO] [SCAN] 스캔 시작: 30개 페어 (캐시 33개 보유)
2026-07-31 06:29:43,232 [INFO] [상태] 잔고:$9.91 | 포지션:2개 | 스캔:707회 | 스캐너:ON
2026-07-31 06:29:55,283 [INFO] [SCAN] 완료: 30개 종목 · 신호 0개 · API 호출 30회 · 캐시 히트 0회
2026-07-31 06:30:10,537 [INFO] [SCAN] 블랙리스트 4개 제외: ['IP/USDT:USDT', 'NES/USDT:USDT', 'WLD/USDT:USDT', 'XAG/USDT:USDT', 'XAU/USDT:USDT', 'XAUT/USDT:USDT']
2026-07-31 06:30:10,537 [INFO] [SCAN] 스캔 시작: 30개 페어 (캐시 33개 보유)
2026-07-31 06:30:23,555 [INFO] [SCAN] 완료: 30개 종목 · 신호 0개 · API 호출 30회 · 캐시 히트 0회
2026-07-31 06:30:40,503 [INFO] [SCAN] 블랙리스트 4개 제외: ['IP/USDT:USDT', 'NES/USDT:USDT', 'WLD/USDT:USDT', 'XAG/USDT:USDT', 'XAU/USDT:USDT', 'XAUT/USDT:USDT']
2026-07-31 06:30:40,504 [INFO] [SCAN] 스캔 시작: 30개 페어 (캐시 33개 보유)
2026-07-31 06:30:43,713 [INFO] [상태] 잔고:$9.91 | 포지션:2개 | 스캔:709회 | 스캐너:ON
2026-07-31 06:30:53,797 [INFO] [SCAN] 완료: 30개 종목 · 신호 0개 · API 호출 30회 · 캐시 히트 0회
2026-07-31 06:31:09,089 [INFO] [SCAN] 블랙리스트 4개 제외: ['IP/USDT:USDT', 'NES/USDT:USDT', 'WLD/USDT:USDT', 'XAG/USDT:USDT', 'XAU/USDT:USDT', 'XAUT/USDT:USDT']
2026-07-31 06:31:09,089 [INFO] [SCAN] 스캔 시작: 30개 페어 (캐시 33개 보유)
2026-07-31 06:31:22,480 [INFO] [SCAN] 완료: 30개 종목 · 신호 0개 · API 호출 30회 · 캐시 히트 0회
2026-07-31 06:31:37,731 [INFO] [SCAN] 블랙리스트 4개 제외: ['IP/USDT:USDT', 'NES/USDT:USDT', 'WLD/USDT:USDT', 'XAG/USDT:USDT', 'XAU/USDT:USDT', 'XAUT/USDT:USDT']
2026-07-31 06:31:37,732 [INFO] [SCAN] 스캔 시작: 30개 페어 (캐시 33개 보유)
2026-07-31 06:31:44,152 [INFO] [상태] 잔고:$9.89 | 포지션:2개 | 스캔:711회 | 스캐너:ON
2026-07-31 06:31:51,211 [INFO] [SCAN] 완료: 30개 종목 · 신호 0개 · API 호출 30회 · 캐시 히트 0회
2026-07-31 06:32:08,229 [INFO] [SCAN] 블랙리스트 4개 제외: ['IP/USDT:USDT', 'NES/USDT:USDT', 'WLD/USDT:USDT', 'XAG/USDT:USDT', 'XAU/USDT:USDT', 'XAUT/USDT:USDT']
2026-07-31 06:32:08,229 [INFO] [SCAN] 스캔 시작: 30개 페어 (캐시 33개 보유)
2026-07-31 06:32:21,356 [INFO] [SCAN] 완료: 30개 종목 · 신호 0개 · API 호출 30회 · 캐시 히트 0회
2026-07-31 06:32:36,598 [INFO] [SCAN] 블랙리스트 4개 제외: ['IP/USDT:USDT', 'NES/USDT:USDT', 'WLD/USDT:USDT', 'XAG/USDT:USDT', 'XAU/USDT:USDT', 'XAUT/USDT:USDT']
2026-07-31 06:32:36,598 [INFO] [SCAN] 스캔 시작: 30개 페어 (캐시 33개 보유)
2026-07-31 06:32:44,587 [INFO] [상태] 잔고:$9.88 | 포지션:2개 | 스캔:713회 | 스캐너:ON
2026-07-31 06:32:49,913 [INFO] [SCAN] 완료: 30개 종목 · 신호 0개 · API 호출 30회 · 캐시 히트 0회
2026-07-31 06:33:05,193 [INFO] [SCAN] 블랙리스트 4개 제외: ['IP/USDT:USDT', 'NES/USDT:USDT', 'WLD/USDT:USDT', 'XAG/USDT:USDT', 'XAU/USDT:USDT', 'XAUT/USDT:USDT']
2026-07-31 06:33:05,193 [INFO] [SCAN] 스캔 시작: 30개 페어 (캐시 33개 보유)
2026-07-31 06:33:18,480 [INFO] [SCAN] 완료: 30개 종목 · 신호 0개 · API 호출 30회 · 캐시 히트 0회
2026-07-31 06:33:35,591 [INFO] [SCAN] 블랙리스트 4개 제외: ['IP/USDT:USDT', 'NES/USDT:USDT', 'WLD/USDT:USDT', 'XAG/USDT:USDT', 'XAU/USDT:USDT', 'XAUT/USDT:USDT']
2026-07-31 06:33:35,591 [INFO] [SCAN] 스캔 시작: 30개 페어 (캐시 33개 보유)
2026-07-31 06:33:45,014 [INFO] [상태] 잔고:$9.87 | 포지션:2개 | 스캔:715회 | 스캐너:ON
2026-07-31 06:33:49,006 [INFO] [SCAN] 완료: 30개 종목 · 신호 0개 · API 호출 30회 · 캐시 히트 0회
2026-07-31 06:34:04,298 [INFO] [SCAN] 블랙리스트 4개 제외: ['IP/USDT:USDT', 'NES/USDT:USDT', 'WLD/USDT:USDT', 'XAG/USDT:USDT', 'XAU/USDT:USDT', 'XAUT/USDT:USDT']
2026-07-31 06:34:04,298 [INFO] [SCAN] 스캔 시작: 30개 페어 (캐시 33개 보유)
2026-07-31 06:34:17,467 [INFO] [SCAN] 완료: 30개 종목 · 신호 0개 · API 호출 30회 · 캐시 히트 0회
2026-07-31 06:34:32,705 [INFO] [SCAN] 블랙리스트 4개 제외: ['IP/USDT:USDT', 'NES/USDT:USDT', 'WLD/USDT:USDT', 'XAG/USDT:USDT', 'XAU/USDT:USDT', 'XAUT/USDT:USDT']
2026-07-31 06:34:32,706 [INFO] [SCAN] 스캔 시작: 30개 페어 (캐시 33개 보유)
2026-07-31 06:34:45,560 [INFO] [상태] 잔고:$9.85 | 포지션:2개 | 스캔:717회 | 스캐너:ON
2026-07-31 06:34:45,992 [INFO] [SCAN] 완료: 30개 종목 · 신호 0개 · API 호출 30회 · 캐시 히트 0회
2026-07-31 06:35:03,053 [INFO] [SCAN] 블랙리스트 4개 제외: ['IP/USDT:USDT', 'NES/USDT:USDT', 'WLD/USDT:USDT', 'XAG/USDT:USDT', 'XAU/USDT:USDT', 'XAUT/USDT:USDT']
2026-07-31 06:35:03,054 [INFO] [SCAN] 스캔 시작: 30개 페어 (캐시 33개 보유)
2026-07-31 06:35:16,561 [INFO] [SCAN] 완료: 30개 종목 · 신호 0개 · API 호출 30회 · 캐시 히트 0회
2026-07-31 06:35:31,800 [INFO] [SCAN] 블랙리스트 4개 제외: ['IP/USDT:USDT', 'NES/USDT:USDT', 'WLD/USDT:USDT', 'XAG/USDT:USDT', 'XAU/USDT:USDT', 'XAUT/USDT:USDT']
2026-07-31 06:35:31,800 [INFO] [SCAN] 스캔 시작: 30개 페어 (캐시 33개 보유)
2026-07-31 06:35:44,724 [INFO] [SCAN] 완료: 30개 종목 · 신호 0개 · API 호출 30회 · 캐시 히트 0회
2026-07-31 06:35:45,996 [INFO] [상태] 잔고:$9.86 | 포지션:2개 | 스캔:720회 | 스캐너:ON
2026-07-31 06:36:00,100 [INFO] [SCAN] 블랙리스트 4개 제외: ['IP/USDT:USDT', 'NES/USDT:USDT', 'WLD/USDT:USDT', 'XAG/USDT:USDT', 'XAU/USDT:USDT', 'XAUT/USDT:USDT']
2026-07-31 06:36:00,100 [INFO] [SCAN] 스캔 시작: 30개 페어 (캐시 33개 보유)
2026-07-31 06:36:13,026 [INFO] [SCAN] 완료: 30개 종목 · 신호 0개 · API 호출 30회 · 캐시 히트 0회
2026-07-31 06:36:30,071 [INFO] [SCAN] 블랙리스트 4개 제외: ['IP/USDT:USDT', 'NES/USDT:USDT', 'WLD/USDT:USDT', 'XAG/USDT:USDT', 'XAU/USDT:USDT', 'XAUT/USDT:USDT']
2026-07-31 06:36:30,072 [INFO] [SCAN] 스캔 시작: 30개 페어 (캐시 33개 보유)
2026-07-31 06:36:43,110 [INFO] [SCAN] 완료: 30개 종목 · 신호 0개 · API 호출 30회 · 캐시 히트 0회
2026-07-31 06:36:46,462 [INFO] [상태] 잔고:$9.85 | 포지션:2개 | 스캔:722회 | 스캐너:ON
2026-07-31 06:36:58,491 [INFO] [SCAN] 블랙리스트 4개 제외: ['IP/USDT:USDT', 'NES/USDT:USDT', 'WLD/USDT:USDT', 'XAG/USDT:USDT', 'XAU/USDT:USDT', 'XAUT/USDT:USDT']
2026-07-31 06:36:58,491 [INFO] [SCAN] 스캔 시작: 30개 페어 (캐시 33개 보유)
2026-07-31 06:37:11,502 [INFO] [SCAN] 완료: 30개 종목 · 신호 0개 · API 호출 30회 · 캐시 히트 0회
2026-07-31 06:37:26,730 [INFO] [SCAN] 블랙리스트 4개 제외: ['IP/USDT:USDT', 'NES/USDT:USDT', 'WLD/USDT:USDT', 'XAG/USDT:USDT', 'XAU/USDT:USDT', 'XAUT/USDT:USDT']
2026-07-31 06:37:26,731 [INFO] [SCAN] 스캔 시작: 30개 페어 (캐시 33개 보유)
2026-07-31 06:37:39,716 [INFO] [SCAN] 완료: 30개 종목 · 신호 0개 · API 호출 30회 · 캐시 히트 0회
2026-07-31 06:37:46,958 [INFO] [상태] 잔고:$9.86 | 포지션:2개 | 스캔:724회 | 스캐너:ON
2026-07-31 06:37:56,843 [INFO] [SCAN] 블랙리스트 4개 제외: ['IP/USDT:USDT', 'NES/USDT:USDT', 'WLD/USDT:USDT', 'XAG/USDT:USDT', 'XAU/USDT:USDT', 'XAUT/USDT:USDT']
2026-07-31 06:37:56,843 [INFO] [SCAN] 스캔 시작: 30개 페어 (캐시 33개 보유)
2026-07-31 06:38:09,801 [INFO] [SCAN] 완료: 30개 종목 · 신호 0개 · API 호출 30회 · 캐시 히트 0회
2026-07-31 06:38:25,078 [INFO] [SCAN] 블랙리스트 4개 제외: ['IP/USDT:USDT', 'NES/USDT:USDT', 'WLD/USDT:USDT', 'XAG/USDT:USDT', 'XAU/USDT:USDT', 'XAUT/USDT:USDT']
2026-07-31 06:38:25,078 [INFO] [SCAN] 스캔 시작: 30개 페어 (캐시 33개 보유)
2026-07-31 06:38:38,180 [INFO] [SCAN] 완료: 30개 종목 · 신호 0개 · API 호출 30회 · 캐시 히트 0회
2026-07-31 06:38:47,406 [INFO] [상태] 잔고:$9.85 | 포지션:2개 | 스캔:726회 | 스캐너:ON
2026-07-31 06:38:53,549 [INFO] [SCAN] 블랙리스트 4개 제외: ['IP/USDT:USDT', 'NES/USDT:USDT', 'WLD/USDT:USDT', 'XAG/USDT:USDT', 'XAU/USDT:USDT', 'XAUT/USDT:USDT']
2026-07-31 06:38:53,549 [INFO] [SCAN] 스캔 시작: 30개 페어 (캐시 33개 보유)
2026-07-31 06:39:06,887 [INFO] [SCAN] 완료: 30개 종목 · 신호 0개 · API 호출 30회 · 캐시 히트 0회
2026-07-31 06:39:24,103 [INFO] [SCAN] 블랙리스트 4개 제외: ['IP/USDT:USDT', 'NES/USDT:USDT', 'WLD/USDT:USDT', 'XAG/USDT:USDT', 'XAU/USDT:USDT', 'XAUT/USDT:USDT']
2026-07-31 06:39:24,103 [INFO] [SCAN] 스캔 시작: 30개 페어 (캐시 33개 보유)
2026-07-31 06:39:37,857 [INFO] [SCAN] 완료: 30개 종목 · 신호 0개 · API 호출 30회 · 캐시 히트 0회
2026-07-31 06:39:48,319 [INFO] [상태] 잔고:$9.84 | 포지션:2개 | 스캔:728회 | 스캐너:ON
2026-07-31 06:39:53,244 [INFO] [SCAN] 블랙리스트 4개 제외: ['IP/USDT:USDT', 'NES/USDT:USDT', 'WLD/USDT:USDT', 'XAG/USDT:USDT', 'XAU/USDT:USDT', 'XAUT/USDT:USDT']
2026-07-31 06:39:53,244 [INFO] [SCAN] 스캔 시작: 30개 페어 (캐시 33개 보유)
2026-07-31 06:40:07,125 [INFO] [SCAN] 완료: 30개 종목 · 신호 0개 · API 호출 30회 · 캐시 히트 0회
2026-07-31 06:40:24,286 [INFO] [SCAN] 블랙리스트 4개 제외: ['IP/USDT:USDT', 'NES/USDT:USDT', 'WLD/USDT:USDT', 'XAG/USDT:USDT', 'XAU/USDT:USDT', 'XAUT/USDT:USDT']
2026-07-31 06:40:24,286 [INFO] [SCAN] 스캔 시작: 30개 페어 (캐시 33개 보유)
2026-07-31 06:40:37,650 [INFO] [SCAN] 완료: 30개 종목 · 신호 0개 · API 호출 30회 · 캐시 히트 0회
2026-07-31 06:40:48,899 [INFO] [상태] 잔고:$9.86 | 포지션:2개 | 스캔:730회 | 스캐너:ON
2026-07-31 06:40:53,024 [INFO] [SCAN] 블랙리스트 4개 제외: ['IP/USDT:USDT', 'NES/USDT:USDT', 'WLD/USDT:USDT', 'XAG/USDT:USDT', 'XAU/USDT:USDT', 'XAUT/USDT:USDT']
2026-07-31 06:40:53,024 [INFO] [SCAN] 스캔 시작: 30개 페어 (캐시 33개 보유)
2026-07-31 06:41:06,499 [INFO] [SCAN] 완료: 30개 종목 · 신호 0개 · API 호출 30회 · 캐시 히트 0회
2026-07-31 06:41:21,736 [INFO] [SCAN] 블랙리스트 4개 제외: ['IP/USDT:USDT', 'NES/USDT:USDT', 'WLD/USDT:USDT', 'XAG/USDT:USDT', 'XAU/USDT:USDT', 'XAUT/USDT:USDT']
2026-07-31 06:41:21,736 [INFO] [SCAN] 스캔 시작: 30개 페어 (캐시 33개 보유)
2026-07-31 06:41:34,951 [INFO] [SCAN] 완료: 30개 종목 · 신호 0개 · API 호출 30회 · 캐시 히트 0회
2026-07-31 06:41:49,509 [INFO] [상태] 잔고:$9.86 | 포지션:2개 | 스캔:732회 | 스캐너:ON
2026-07-31 06:41:51,970 [INFO] [SCAN] 블랙리스트 4개 제외: ['IP/USDT:USDT', 'NES/USDT:USDT', 'WLD/USDT:USDT', 'XAG/USDT:USDT', 'XAU/USDT:USDT', 'XAUT/USDT:USDT']
2026-07-31 06:41:51,970 [INFO] [SCAN] 스캔 시작: 30개 페어 (캐시 33개 보유)
2026-07-31 06:42:05,261 [INFO] [SCAN] 완료: 30개 종목 · 신호 0개 · API 호출 30회 · 캐시 히트 0회
2026-07-31 06:42:20,510 [INFO] [SCAN] 블랙리스트 4개 제외: ['IP/USDT:USDT', 'NES/USDT:USDT', 'WLD/USDT:USDT', 'XAG/USDT:USDT', 'XAU/USDT:USDT', 'XAUT/USDT:USDT']
2026-07-31 06:42:20,510 [INFO] [SCAN] 스캔 시작: 30개 페어 (캐시 33개 보유)
2026-07-31 06:42:33,638 [INFO] [SCAN] 완료: 30개 종목 · 신호 0개 · API 호출 30회 · 캐시 히트 0회
2026-07-31 06:42:48,895 [INFO] [SCAN] 블랙리스트 4개 제외: ['IP/USDT:USDT', 'NES/USDT:USDT', 'WLD/USDT:USDT', 'XAG/USDT:USDT', 'XAU/USDT:USDT', 'XAUT/USDT:USDT']
2026-07-31 06:42:48,896 [INFO] [SCAN] 스캔 시작: 30개 페어 (캐시 33개 보유)
2026-07-31 06:42:50,071 [INFO] [상태] 잔고:$9.83 | 포지션:2개 | 스캔:734회 | 스캐너:ON
2026-07-31 06:43:02,337 [INFO] [SCAN] 완료: 30개 종목 · 신호 0개 · API 호출 30회 · 캐시 히트 0회
2026-07-31 06:43:19,360 [INFO] [SCAN] 블랙리스트 4개 제외: ['IP/USDT:USDT', 'NES/USDT:USDT', 'WLD/USDT:USDT', 'XAG/USDT:USDT', 'XAU/USDT:USDT', 'XAUT/USDT:USDT']
2026-07-31 06:43:19,361 [INFO] [SCAN] 스캔 시작: 30개 페어 (캐시 33개 보유)
2026-07-31 06:43:32,352 [INFO] [SCAN] 완료: 30개 종목 · 신호 0개 · API 호출 30회 · 캐시 히트 0회
2026-07-31 06:43:47,610 [INFO] [SCAN] 블랙리스트 4개 제외: ['IP/USDT:USDT', 'NES/USDT:USDT', 'WLD/USDT:USDT', 'XAG/USDT:USDT', 'XAU/USDT:USDT', 'XAUT/USDT:USDT']
2026-07-31 06:43:47,610 [INFO] [SCAN] 스캔 시작: 30개 페어 (캐시 33개 보유)
2026-07-31 06:43:50,548 [INFO] [상태] 잔고:$9.84 | 포지션:2개 | 스캔:736회 | 스캐너:ON
2026-07-31 06:44:01,329 [INFO] [SCAN] 완료: 30개 종목 · 신호 0개 · API 호출 30회 · 캐시 히트 0회
2026-07-31 06:44:16,581 [INFO] [SCAN] 블랙리스트 4개 제외: ['IP/USDT:USDT', 'NES/USDT:USDT', 'WLD/USDT:USDT', 'XAG/USDT:USDT', 'XAU/USDT:USDT', 'XAUT/USDT:USDT']
2026-07-31 06:44:16,582 [INFO] [SCAN] 스캔 시작: 30개 페어 (캐시 33개 보유)
2026-07-31 06:44:29,700 [INFO] [SCAN] 완료: 30개 종목 · 신호 0개 · API 호출 30회 · 캐시 히트 0회
2026-07-31 06:44:29,842 [INFO] [PERSIST] PI/USDT:USDT 포지션이 거래소에 존재하지 않음 (오프라인 청산 감지) → 상태 삭제
2026-07-31 06:44:29,844 [INFO] [PERSIST] 활성 포지션 상태 저장 완료
2026-07-31 06:44:46,114 [INFO] [SCAN] 블랙리스트 4개 제외: ['IP/USDT:USDT', 'NES/USDT:USDT', 'WLD/USDT:USDT', 'XAG/USDT:USDT', 'XAU/USDT:USDT', 'XAUT/USDT:USDT']
2026-07-31 06:44:46,114 [INFO] [SCAN] 스캔 시작: 30개 페어 (캐시 33개 보유)
2026-07-31 06:44:51,083 [INFO] [상태] 잔고:$9.74 | 포지션:1개 | 스캔:738회 | 스캐너:ON
2026-07-31 06:45:00,117 [INFO] [SCAN] 완료: 30개 종목 · 신호 0개 · API 호출 30회 · 캐시 히트 0회
2026-07-31 06:45:15,642 [INFO] [SCAN] 블랙리스트 4개 제외: ['IP/USDT:USDT', 'NES/USDT:USDT', 'WLD/USDT:USDT', 'XAG/USDT:USDT', 'XAU/USDT:USDT', 'XAUT/USDT:USDT']
2026-07-31 06:45:15,643 [INFO] [SCAN] 스캔 시작: 30개 페어 (캐시 33개 보유)
2026-07-31 06:45:29,498 [INFO] [SCAN] 완료: 30개 종목 · 신호 0개 · API 호출 30회 · 캐시 히트 0회
2026-07-31 06:45:44,729 [INFO] [SCAN] 블랙리스트 4개 제외: ['IP/USDT:USDT', 'NES/USDT:USDT', 'WLD/USDT:USDT', 'XAG/USDT:USDT', 'XAU/USDT:USDT', 'XAUT/USDT:USDT']
2026-07-31 06:45:44,729 [INFO] [SCAN] 스캔 시작: 30개 페어 (캐시 33개 보유)
2026-07-31 06:45:51,635 [INFO] [상태] 잔고:$9.74 | 포지션:1개 | 스캔:740회 | 스캐너:ON
2026-07-31 06:45:58,049 [INFO] [SCAN] 완료: 30개 종목 · 신호 0개 · API 호출 30회 · 캐시 히트 0회
2026-07-31 06:46:14,262 [INFO] [SCAN] 블랙리스트 4개 제외: ['IP/USDT:USDT', 'NES/USDT:USDT', 'WLD/USDT:USDT', 'XAG/USDT:USDT', 'XAU/USDT:USDT', 'XAUT/USDT:USDT']
2026-07-31 06:46:14,263 [INFO] [SCAN] 스캔 시작: 30개 페어 (캐시 33개 보유)
2026-07-31 06:46:27,365 [INFO] [SCAN] 완료: 30개 종목 · 신호 0개 · API 호출 30회 · 캐시 히트 0회
2026-07-31 06:46:42,617 [INFO] [SCAN] 블랙리스트 4개 제외: ['IP/USDT:USDT', 'NES/USDT:USDT', 'WLD/USDT:USDT', 'XAG/USDT:USDT', 'XAU/USDT:USDT', 'XAUT/USDT:USDT']
2026-07-31 06:46:42,617 [INFO] [SCAN] 스캔 시작: 30개 페어 (캐시 33개 보유)
2026-07-31 06:46:52,094 [INFO] [상태] 잔고:$9.74 | 포지션:1개 | 스캔:742회 | 스캐너:ON
2026-07-31 06:46:56,109 [INFO] [SCAN] 완료: 30개 종목 · 신호 0개 · API 호출 30회 · 캐시 히트 0회
2026-07-31 06:47:11,358 [INFO] [SCAN] 블랙리스트 4개 제외: ['IP/USDT:USDT', 'NES/USDT:USDT', 'WLD/USDT:USDT', 'XAG/USDT:USDT', 'XAU/USDT:USDT', 'XAUT/USDT:USDT']
2026-07-31 06:47:11,358 [INFO] [SCAN] 스캔 시작: 30개 페어 (캐시 33개 보유)
2026-07-31 06:47:24,436 [INFO] [SCAN] 완료: 30개 종목 · 신호 0개 · API 호출 30회 · 캐시 히트 0회
2026-07-31 06:47:40,695 [INFO] [SCAN] 블랙리스트 4개 제외: ['IP/USDT:USDT', 'NES/USDT:USDT', 'WLD/USDT:USDT', 'XAG/USDT:USDT', 'XAU/USDT:USDT', 'XAUT/USDT:USDT']
2026-07-31 06:47:40,696 [INFO] [SCAN] 스캔 시작: 30개 페어 (캐시 33개 보유)
2026-07-31 06:47:52,541 [INFO] [상태] 잔고:$9.74 | 포지션:1개 | 스캔:744회 | 스캐너:ON
2026-07-31 06:47:53,945 [INFO] [SCAN] 완료: 30개 종목 · 신호 0개 · API 호출 30회 · 캐시 히트 0회
2026-07-31 06:48:09,181 [INFO] [SCAN] 블랙리스트 4개 제외: ['IP/USDT:USDT', 'NES/USDT:USDT', 'WLD/USDT:USDT', 'XAG/USDT:USDT', 'XAU/USDT:USDT', 'XAUT/USDT:USDT']
2026-07-31 06:48:09,181 [INFO] [SCAN] 스캔 시작: 30개 페어 (캐시 33개 보유)
2026-07-31 06:48:22,303 [INFO] [SCAN] 완료: 30개 종목 · 신호 0개 · API 호출 30회 · 캐시 히트 0회
2026-07-31 06:48:37,542 [INFO] [SCAN] 블랙리스트 4개 제외: ['IP/USDT:USDT', 'NES/USDT:USDT', 'WLD/USDT:USDT', 'XAG/USDT:USDT', 'XAU/USDT:USDT', 'XAUT/USDT:USDT']
2026-07-31 06:48:37,542 [INFO] [SCAN] 스캔 시작: 30개 페어 (캐시 33개 보유)
2026-07-31 06:48:50,668 [INFO] [SCAN] 완료: 30개 종목 · 신호 0개 · API 호출 30회 · 캐시 히트 0회
2026-07-31 06:48:53,038 [INFO] [상태] 잔고:$9.74 | 포지션:1개 | 스캔:747회 | 스캐너:ON
2026-07-31 06:49:07,082 [INFO] [SCAN] 블랙리스트 4개 제외: ['IP/USDT:USDT', 'NES/USDT:USDT', 'WLD/USDT:USDT', 'XAG/USDT:USDT', 'XAU/USDT:USDT', 'XAUT/USDT:USDT']
2026-07-31 06:49:07,082 [INFO] [SCAN] 스캔 시작: 30개 페어 (캐시 33개 보유)
2026-07-31 06:49:20,424 [INFO] [SCAN] 완료: 30개 종목 · 신호 0개 · API 호출 30회 · 캐시 히트 0회
2026-07-31 06:49:35,678 [INFO] [SCAN] 블랙리스트 4개 제외: ['IP/USDT:USDT', 'NES/USDT:USDT', 'WLD/USDT:USDT', 'XAG/USDT:USDT', 'XAU/USDT:USDT', 'XAUT/USDT:USDT']
2026-07-31 06:49:35,678 [INFO] [SCAN] 스캔 시작: 30개 페어 (캐시 33개 보유)
2026-07-31 06:49:48,899 [INFO] [SCAN] 완료: 30개 종목 · 신호 0개 · API 호출 30회 · 캐시 히트 0회
2026-07-31 06:49:53,474 [INFO] [상태] 잔고:$9.74 | 포지션:1개 | 스캔:749회 | 스캐너:ON
2026-07-31 06:50:04,273 [INFO] [SCAN] 블랙리스트 4개 제외: ['IP/USDT:USDT', 'NES/USDT:USDT', 'WLD/USDT:USDT', 'XAG/USDT:USDT', 'XAU/USDT:USDT', 'XAUT/USDT:USDT']
2026-07-31 06:50:04,274 [INFO] [SCAN] 스캔 시작: 30개 페어 (캐시 33개 보유)
2026-07-31 06:50:17,459 [INFO] [SCAN] 완료: 30개 종목 · 신호 0개 · API 호출 30회 · 캐시 히트 0회
2026-07-31 06:50:33,713 [INFO] [SCAN] 블랙리스트 4개 제외: ['IP/USDT:USDT', 'NES/USDT:USDT', 'WLD/USDT:USDT', 'XAG/USDT:USDT', 'XAU/USDT:USDT', 'XAUT/USDT:USDT']
2026-07-31 06:50:33,713 [INFO] [SCAN] 스캔 시작: 30개 페어 (캐시 33개 보유)
2026-07-31 06:50:47,213 [INFO] [SCAN] 완료: 30개 종목 · 신호 0개 · API 호출 30회 · 캐시 히트 0회
2026-07-31 06:50:53,950 [INFO] [상태] 잔고:$9.74 | 포지션:1개 | 스캔:751회 | 스캐너:ON
2026-07-31 06:51:02,586 [INFO] [SCAN] 블랙리스트 4개 제외: ['IP/USDT:USDT', 'NES/USDT:USDT', 'WLD/USDT:USDT', 'XAG/USDT:USDT', 'XAU/USDT:USDT', 'XAUT/USDT:USDT']
2026-07-31 06:51:02,587 [INFO] [SCAN] 스캔 시작: 30개 페어 (캐시 33개 보유)
2026-07-31 06:51:15,877 [INFO] [SCAN] 완료: 30개 종목 · 신호 0개 · API 호출 30회 · 캐시 히트 0회
2026-07-31 06:51:31,126 [INFO] [SCAN] 블랙리스트 4개 제외: ['IP/USDT:USDT', 'NES/USDT:USDT', 'WLD/USDT:USDT', 'XAG/USDT:USDT', 'XAU/USDT:USDT', 'XAUT/USDT:USDT']
2026-07-31 06:51:31,126 [INFO] [SCAN] 스캔 시작: 30개 페어 (캐시 33개 보유)
2026-07-31 06:51:44,104 [INFO] [SCAN] 완료: 30개 종목 · 신호 0개 · API 호출 30회 · 캐시 히트 0회
2026-07-31 06:51:54,547 [INFO] [상태] 잔고:$9.74 | 포지션:1개 | 스캔:753회 | 스캐너:ON
2026-07-31 06:52:00,645 [INFO] [SCAN] 블랙리스트 4개 제외: ['IP/USDT:USDT', 'NES/USDT:USDT', 'WLD/USDT:USDT', 'XAG/USDT:USDT', 'XAU/USDT:USDT', 'XAUT/USDT:USDT']
2026-07-31 06:52:00,645 [INFO] [SCAN] 스캔 시작: 30개 페어 (캐시 33개 보유)
2026-07-31 06:52:13,722 [INFO] [SCAN] 완료: 30개 종목 · 신호 0개 · API 호출 30회 · 캐시 히트 0회
2026-07-31 06:52:29,088 [INFO] [SCAN] 블랙리스트 4개 제외: ['IP/USDT:USDT', 'NES/USDT:USDT', 'WLD/USDT:USDT', 'XAG/USDT:USDT', 'XAU/USDT:USDT', 'XAUT/USDT:USDT']
2026-07-31 06:52:29,088 [INFO] [SCAN] 스캔 시작: 30개 페어 (캐시 33개 보유)
2026-07-31 06:52:42,568 [INFO] [SCAN] 완료: 30개 종목 · 신호 0개 · API 호출 30회 · 캐시 히트 0회
2026-07-31 06:52:55,101 [INFO] [상태] 잔고:$9.74 | 포지션:1개 | 스캔:755회 | 스캐너:ON
2026-07-31 06:52:57,973 [INFO] [SCAN] 블랙리스트 4개 제외: ['IP/USDT:USDT', 'NES/USDT:USDT', 'WLD/USDT:USDT', 'XAG/USDT:USDT', 'XAU/USDT:USDT', 'XAUT/USDT:USDT']
2026-07-31 06:52:57,973 [INFO] [SCAN] 스캔 시작: 30개 페어 (캐시 33개 보유)
2026-07-31 06:53:11,277 [INFO] [SCAN] 완료: 30개 종목 · 신호 0개 · API 호출 30회 · 캐시 히트 0회
2026-07-31 06:53:27,668 [INFO] [SCAN] 블랙리스트 4개 제외: ['IP/USDT:USDT', 'NES/USDT:USDT', 'WLD/USDT:USDT', 'XAG/USDT:USDT', 'XAU/USDT:USDT', 'XAUT/USDT:USDT']
2026-07-31 06:53:27,668 [INFO] [SCAN] 스캔 시작: 30개 페어 (캐시 33개 보유)
2026-07-31 06:53:41,064 [INFO] [SCAN] 완료: 30개 종목 · 신호 0개 · API 호출 30회 · 캐시 히트 0회
2026-07-31 06:53:55,738 [INFO] [상태] 잔고:$9.74 | 포지션:1개 | 스캔:757회 | 스캐너:ON
2026-07-31 06:53:56,457 [INFO] [SCAN] 블랙리스트 4개 제외: ['IP/USDT:USDT', 'NES/USDT:USDT', 'WLD/USDT:USDT', 'XAG/USDT:USDT', 'XAU/USDT:USDT', 'XAUT/USDT:USDT']
2026-07-31 06:53:56,457 [INFO] [SCAN] 스캔 시작: 30개 페어 (캐시 33개 보유)
2026-07-31 06:54:09,636 [INFO] [SCAN] 완료: 30개 종목 · 신호 0개 · API 호출 30회 · 캐시 히트 0회
2026-07-31 06:54:24,855 [INFO] [SCAN] 블랙리스트 4개 제외: ['IP/USDT:USDT', 'NES/USDT:USDT', 'WLD/USDT:USDT', 'XAG/USDT:USDT', 'XAU/USDT:USDT', 'XAUT/USDT:USDT']
2026-07-31 06:54:24,856 [INFO] [SCAN] 스캔 시작: 30개 페어 (캐시 33개 보유)
2026-07-31 06:54:38,102 [INFO] [SCAN] 완료: 30개 종목 · 신호 0개 · API 호출 30회 · 캐시 히트 0회
2026-07-31 06:54:54,401 [INFO] [SCAN] 블랙리스트 4개 제외: ['IP/USDT:USDT', 'NES/USDT:USDT', 'WLD/USDT:USDT', 'XAG/USDT:USDT', 'XAU/USDT:USDT', 'XAUT/USDT:USDT']
2026-07-31 06:54:54,401 [INFO] [SCAN] 스캔 시작: 30개 페어 (캐시 33개 보유)
2026-07-31 06:54:56,291 [INFO] [상태] 잔고:$9.74 | 포지션:1개 | 스캔:759회 | 스캐너:ON
2026-07-31 06:55:07,649 [INFO] [SCAN] 완료: 30개 종목 · 신호 0개 · API 호출 30회 · 캐시 히트 0회
2026-07-31 06:55:22,922 [INFO] [SCAN] 블랙리스트 4개 제외: ['IP/USDT:USDT', 'NES/USDT:USDT', 'WLD/USDT:USDT', 'XAG/USDT:USDT', 'XAU/USDT:USDT', 'XAUT/USDT:USDT']
2026-07-31 06:55:22,922 [INFO] [SCAN] 스캔 시작: 30개 페어 (캐시 33개 보유)
2026-07-31 06:55:36,099 [INFO] [SCAN] 완료: 30개 종목 · 신호 0개 · API 호출 30회 · 캐시 히트 0회
2026-07-31 06:55:51,374 [INFO] [SCAN] 블랙리스트 4개 제외: ['IP/USDT:USDT', 'NES/USDT:USDT', 'WLD/USDT:USDT', 'XAG/USDT:USDT', 'XAU/USDT:USDT', 'XAUT/USDT:USDT']
2026-07-31 06:55:51,375 [INFO] [SCAN] 스캔 시작: 30개 페어 (캐시 33개 보유)
2026-07-31 06:55:56,793 [INFO] [상태] 잔고:$9.74 | 포지션:1개 | 스캔:761회 | 스캐너:ON
2026-07-31 06:56:04,785 [INFO] [SCAN] 완료: 30개 종목 · 신호 0개 · API 호출 30회 · 캐시 히트 0회
2026-07-31 06:56:21,055 [INFO] [SCAN] 블랙리스트 4개 제외: ['IP/USDT:USDT', 'NES/USDT:USDT', 'WLD/USDT:USDT', 'XAG/USDT:USDT', 'XAU/USDT:USDT', 'XAUT/USDT:USDT']
2026-07-31 06:56:21,055 [INFO] [SCAN] 스캔 시작: 30개 페어 (캐시 33개 보유)
2026-07-31 06:56:34,133 [INFO] [SCAN] 완료: 30개 종목 · 신호 0개 · API 호출 30회 · 캐시 히트 0회
2026-07-31 06:56:49,406 [INFO] [SCAN] 블랙리스트 4개 제외: ['IP/USDT:USDT', 'NES/USDT:USDT', 'WLD/USDT:USDT', 'XAG/USDT:USDT', 'XAU/USDT:USDT', 'XAUT/USDT:USDT']
2026-07-31 06:56:49,407 [INFO] [SCAN] 스캔 시작: 30개 페어 (캐시 33개 보유)
2026-07-31 06:56:57,281 [INFO] [상태] 잔고:$9.73 | 포지션:1개 | 스캔:763회 | 스캐너:ON
2026-07-31 06:57:02,537 [INFO] [SCAN] 완료: 30개 종목 · 신호 0개 · API 호출 30회 · 캐시 히트 0회
2026-07-31 06:57:17,765 [INFO] [SCAN] 블랙리스트 4개 제외: ['IP/USDT:USDT', 'NES/USDT:USDT', 'WLD/USDT:USDT', 'XAG/USDT:USDT', 'XAU/USDT:USDT', 'XAUT/USDT:USDT']
2026-07-31 06:57:17,765 [INFO] [SCAN] 스캔 시작: 30개 페어 (캐시 33개 보유)
2026-07-31 06:57:30,726 [INFO] [SCAN] 완료: 30개 종목 · 신호 0개 · API 호출 30회 · 캐시 히트 0회
2026-07-31 06:57:46,907 [INFO] [SCAN] 블랙리스트 4개 제외: ['IP/USDT:USDT', 'NES/USDT:USDT', 'WLD/USDT:USDT', 'XAG/USDT:USDT', 'XAU/USDT:USDT', 'XAUT/USDT:USDT']
2026-07-31 06:57:46,907 [INFO] [SCAN] 스캔 시작: 30개 페어 (캐시 33개 보유)
2026-07-31 06:57:57,834 [INFO] [상태] 잔고:$9.74 | 포지션:1개 | 스캔:765회 | 스캐너:ON
2026-07-31 06:58:00,398 [INFO] [SCAN] 완료: 30개 종목 · 신호 0개 · API 호출 30회 · 캐시 히트 0회
2026-07-31 06:58:15,630 [INFO] [SCAN] 블랙리스트 4개 제외: ['IP/USDT:USDT', 'NES/USDT:USDT', 'WLD/USDT:USDT', 'XAG/USDT:USDT', 'XAU/USDT:USDT', 'XAUT/USDT:USDT']
2026-07-31 06:58:15,630 [INFO] [SCAN] 스캔 시작: 30개 페어 (캐시 33개 보유)
2026-07-31 06:58:28,773 [INFO] [SCAN] 완료: 30개 종목 · 신호 0개 · API 호출 30회 · 캐시 히트 0회
2026-07-31 06:58:44,012 [INFO] [SCAN] 블랙리스트 4개 제외: ['IP/USDT:USDT', 'NES/USDT:USDT', 'WLD/USDT:USDT', 'XAG/USDT:USDT', 'XAU/USDT:USDT', 'XAUT/USDT:USDT']
2026-07-31 06:58:44,012 [INFO] [SCAN] 스캔 시작: 30개 페어 (캐시 33개 보유)
2026-07-31 06:58:57,738 [INFO] [SCAN] 완료: 30개 종목 · 신호 0개 · API 호출 30회 · 캐시 히트 0회
2026-07-31 06:58:58,612 [INFO] [상태] 잔고:$9.74 | 포지션:1개 | 스캔:768회 | 스캐너:ON
2026-07-31 06:59:14,411 [INFO] [SCAN] 블랙리스트 4개 제외: ['IP/USDT:USDT', 'NES/USDT:USDT', 'WLD/USDT:USDT', 'XAG/USDT:USDT', 'XAU/USDT:USDT', 'XAUT/USDT:USDT']
2026-07-31 06:59:14,411 [INFO] [SCAN] 스캔 시작: 30개 페어 (캐시 33개 보유)
2026-07-31 06:59:27,454 [INFO] [SCAN] 완료: 30개 종목 · 신호 0개 · API 호출 30회 · 캐시 히트 0회
2026-07-31 06:59:42,710 [INFO] [SCAN] 블랙리스트 4개 제외: ['IP/USDT:USDT', 'NES/USDT:USDT', 'WLD/USDT:USDT', 'XAG/USDT:USDT', 'XAU/USDT:USDT', 'XAUT/USDT:USDT']
2026-07-31 06:59:42,710 [INFO] [SCAN] 스캔 시작: 30개 페어 (캐시 33개 보유)
2026-07-31 06:59:55,751 [INFO] [SCAN] 완료: 30개 종목 · 신호 0개 · API 호출 30회 · 캐시 히트 0회
2026-07-31 06:59:59,051 [INFO] [상태] 잔고:$9.75 | 포지션:1개 | 스캔:770회 | 스캐너:ON
2026-07-31 07:00:11,113 [INFO] [SCAN] 블랙리스트 4개 제외: ['IP/USDT:USDT', 'NES/USDT:USDT', 'WLD/USDT:USDT', 'XAG/USDT:USDT', 'XAU/USDT:USDT', 'XAUT/USDT:USDT']
2026-07-31 07:00:11,113 [INFO] [SCAN] 스캔 시작: 30개 페어 (캐시 33개 보유)
2026-07-31 07:00:24,225 [INFO] [SCAN] 완료: 30개 종목 · 신호 0개 · API 호출 30회 · 캐시 히트 0회
2026-07-31 07:00:40,437 [INFO] [SCAN] 블랙리스트 4개 제외: ['IP/USDT:USDT', 'NES/USDT:USDT', 'WLD/USDT:USDT', 'XAG/USDT:USDT', 'XAU/USDT:USDT', 'XAUT/USDT:USDT']
2026-07-31 07:00:40,439 [INFO] [SCAN] 스캔 시작: 30개 페어 (캐시 33개 보유)
2026-07-31 07:00:53,422 [INFO] [SCAN] 완료: 30개 종목 · 신호 0개 · API 호출 30회 · 캐시 히트 0회
2026-07-31 07:00:59,497 [INFO] [상태] 잔고:$9.74 | 포지션:1개 | 스캔:772회 | 스캐너:ON
2026-07-31 07:01:08,798 [INFO] [SCAN] 블랙리스트 4개 제외: ['IP/USDT:USDT', 'NES/USDT:USDT', 'WLD/USDT:USDT', 'XAG/USDT:USDT', 'XAU/USDT:USDT', 'XAUT/USDT:USDT']
2026-07-31 07:01:08,798 [INFO] [SCAN] 스캔 시작: 30개 페어 (캐시 33개 보유)
2026-07-31 07:01:21,742 [INFO] [SCAN] 완료: 30개 종목 · 신호 0개 · API 호출 30회 · 캐시 히트 0회
2026-07-31 07:01:37,274 [INFO] [SCAN] 블랙리스트 4개 제외: ['IP/USDT:USDT', 'NES/USDT:USDT', 'WLD/USDT:USDT', 'XAG/USDT:USDT', 'XAU/USDT:USDT', 'XAUT/USDT:USDT']
2026-07-31 07:01:37,276 [INFO] [SCAN] 스캔 시작: 30개 페어 (캐시 33개 보유)
2026-07-31 07:01:50,241 [INFO] [SCAN] 완료: 30개 종목 · 신호 0개 · API 호출 30회 · 캐시 히트 0회
2026-07-31 07:01:59,974 [INFO] [상태] 잔고:$9.75 | 포지션:1개 | 스캔:774회 | 스캐너:ON
2026-07-31 07:02:06,685 [INFO] [SCAN] 블랙리스트 4개 제외: ['IP/USDT:USDT', 'NES/USDT:USDT', 'WLD/USDT:USDT', 'XAG/USDT:USDT', 'XAU/USDT:USDT', 'XAUT/USDT:USDT']
2026-07-31 07:02:06,685 [INFO] [SCAN] 스캔 시작: 30개 페어 (캐시 33개 보유)
2026-07-31 07:02:19,790 [INFO] [SCAN] 완료: 30개 종목 · 신호 0개 · API 호출 30회 · 캐시 히트 0회
2026-07-31 07:02:35,025 [INFO] [SCAN] 블랙리스트 4개 제외: ['IP/USDT:USDT', 'NES/USDT:USDT', 'WLD/USDT:USDT', 'XAG/USDT:USDT', 'XAU/USDT:USDT', 'XAUT/USDT:USDT']
2026-07-31 07:02:35,026 [INFO] [SCAN] 스캔 시작: 30개 페어 (캐시 33개 보유)
2026-07-31 07:02:47,986 [INFO] [SCAN] 완료: 30개 종목 · 신호 0개 · API 호출 30회 · 캐시 히트 0회
2026-07-31 07:03:00,448 [INFO] [상태] 잔고:$9.75 | 포지션:1개 | 스캔:776회 | 스캐너:ON
2026-07-31 07:03:03,352 [INFO] [SCAN] 블랙리스트 4개 제외: ['IP/USDT:USDT', 'NES/USDT:USDT', 'WLD/USDT:USDT', 'XAG/USDT:USDT', 'XAU/USDT:USDT', 'XAUT/USDT:USDT']
2026-07-31 07:03:03,353 [INFO] [SCAN] 스캔 시작: 30개 페어 (캐시 33개 보유)
2026-07-31 07:03:16,314 [INFO] [SCAN] 완료: 30개 종목 · 신호 0개 · API 호출 30회 · 캐시 히트 0회
2026-07-31 07:03:32,689 [INFO] [SCAN] 블랙리스트 4개 제외: ['IP/USDT:USDT', 'NES/USDT:USDT', 'WLD/USDT:USDT', 'XAG/USDT:USDT', 'XAU/USDT:USDT', 'XAUT/USDT:USDT']
2026-07-31 07:03:32,689 [INFO] [SCAN] 스캔 시작: 30개 페어 (캐시 33개 보유)
2026-07-31 07:03:46,084 [INFO] [SCAN] 완료: 30개 종목 · 신호 0개 · API 호출 30회 · 캐시 히트 0회
2026-07-31 07:04:00,989 [INFO] [상태] 잔고:$9.76 | 포지션:1개 | 스캔:778회 | 스캐너:ON
2026-07-31 07:04:01,457 [INFO] [SCAN] 블랙리스트 4개 제외: ['IP/USDT:USDT', 'NES/USDT:USDT', 'WLD/USDT:USDT', 'XAG/USDT:USDT', 'XAU/USDT:USDT', 'XAUT/USDT:USDT']
2026-07-31 07:04:01,458 [INFO] [SCAN] 스캔 시작: 30개 페어 (캐시 33개 보유)
2026-07-31 07:04:14,617 [INFO] [SCAN] 완료: 30개 종목 · 신호 0개 · API 호출 30회 · 캐시 히트 0회
2026-07-31 07:04:29,931 [INFO] [SCAN] 블랙리스트 4개 제외: ['IP/USDT:USDT', 'NES/USDT:USDT', 'WLD/USDT:USDT', 'XAG/USDT:USDT', 'XAU/USDT:USDT', 'XAUT/USDT:USDT']
2026-07-31 07:04:29,932 [INFO] [SCAN] 스캔 시작: 30개 페어 (캐시 33개 보유)
2026-07-31 07:04:43,293 [INFO] [SCAN] 완료: 30개 종목 · 신호 0개 · API 호출 30회 · 캐시 히트 0회
2026-07-31 07:04:59,484 [INFO] [SCAN] 블랙리스트 4개 제외: ['IP/USDT:USDT', 'NES/USDT:USDT', 'WLD/USDT:USDT', 'XAG/USDT:USDT', 'XAU/USDT:USDT', 'XAUT/USDT:USDT']
2026-07-31 07:04:59,484 [INFO] [SCAN] 스캔 시작: 30개 페어 (캐시 33개 보유)
2026-07-31 07:05:01,412 [INFO] [상태] 잔고:$9.76 | 포지션:1개 | 스캔:780회 | 스캐너:ON
2026-07-31 07:05:12,673 [INFO] [SCAN] 완료: 30개 종목 · 신호 0개 · API 호출 30회 · 캐시 히트 0회
2026-07-31 07:05:27,918 [INFO] [SCAN] 블랙리스트 4개 제외: ['IP/USDT:USDT', 'NES/USDT:USDT', 'WLD/USDT:USDT', 'XAG/USDT:USDT', 'XAU/USDT:USDT', 'XAUT/USDT:USDT']
2026-07-31 07:05:27,919 [INFO] [SCAN] 스캔 시작: 30개 페어 (캐시 33개 보유)
2026-07-31 07:05:41,275 [INFO] [SCAN] 완료: 30개 종목 · 신호 0개 · API 호출 30회 · 캐시 히트 0회
2026-07-31 07:05:56,527 [INFO] [SCAN] 블랙리스트 4개 제외: ['IP/USDT:USDT', 'NES/USDT:USDT', 'WLD/USDT:USDT', 'XAG/USDT:USDT', 'XAU/USDT:USDT', 'XAUT/USDT:USDT']
2026-07-31 07:05:56,527 [INFO] [SCAN] 스캔 시작: 30개 페어 (캐시 33개 보유)
2026-07-31 07:06:02,191 [INFO] [상태] 잔고:$9.77 | 포지션:1개 | 스캔:782회 | 스캐너:ON
2026-07-31 07:06:09,974 [INFO] [SCAN] 완료: 30개 종목 · 신호 0개 · API 호출 30회 · 캐시 히트 0회
2026-07-31 07:06:26,375 [INFO] [SCAN] 블랙리스트 4개 제외: ['IP/USDT:USDT', 'NES/USDT:USDT', 'WLD/USDT:USDT', 'XAG/USDT:USDT', 'XAU/USDT:USDT', 'XAUT/USDT:USDT']
2026-07-31 07:06:26,375 [INFO] [SCAN] 스캔 시작: 30개 페어 (캐시 33개 보유)
2026-07-31 07:06:39,561 [INFO] [SCAN] 완료: 30개 종목 · 신호 0개 · API 호출 30회 · 캐시 히트 0회
2026-07-31 07:06:54,835 [INFO] [SCAN] 블랙리스트 4개 제외: ['IP/USDT:USDT', 'NES/USDT:USDT', 'WLD/USDT:USDT', 'XAG/USDT:USDT', 'XAU/USDT:USDT', 'XAUT/USDT:USDT']
2026-07-31 07:06:54,835 [INFO] [SCAN] 스캔 시작: 30개 페어 (캐시 33개 보유)
2026-07-31 07:07:02,632 [INFO] [상태] 잔고:$9.77 | 포지션:1개 | 스캔:784회 | 스캐너:ON
2026-07-31 07:07:08,478 [INFO] [SCAN] 완료: 30개 종목 · 신호 0개 · API 호출 30회 · 캐시 히트 0회
2026-07-31 07:07:23,782 [INFO] [SCAN] 블랙리스트 4개 제외: ['IP/USDT:USDT', 'NES/USDT:USDT', 'WLD/USDT:USDT', 'XAG/USDT:USDT', 'XAU/USDT:USDT', 'XAUT/USDT:USDT']
2026-07-31 07:07:23,782 [INFO] [SCAN] 스캔 시작: 30개 페어 (캐시 33개 보유)
2026-07-31 07:07:36,915 [INFO] [SCAN] 완료: 30개 종목 · 신호 0개 · API 호출 30회 · 캐시 히트 0회
2026-07-31 07:07:53,275 [INFO] [SCAN] 블랙리스트 4개 제외: ['IP/USDT:USDT', 'NES/USDT:USDT', 'WLD/USDT:USDT', 'XAG/USDT:USDT', 'XAU/USDT:USDT', 'XAUT/USDT:USDT']
2026-07-31 07:07:53,276 [INFO] [SCAN] 스캔 시작: 30개 페어 (캐시 33개 보유)
2026-07-31 07:08:03,081 [INFO] [상태] 잔고:$9.77 | 포지션:1개 | 스캔:786회 | 스캐너:ON
2026-07-31 07:08:06,657 [INFO] [SCAN] 완료: 30개 종목 · 신호 0개 · API 호출 30회 · 캐시 히트 0회
2026-07-31 07:08:21,892 [INFO] [SCAN] 블랙리스트 4개 제외: ['IP/USDT:USDT', 'NES/USDT:USDT', 'WLD/USDT:USDT', 'XAG/USDT:USDT', 'XAU/USDT:USDT', 'XAUT/USDT:USDT']
2026-07-31 07:08:21,892 [INFO] [SCAN] 스캔 시작: 30개 페어 (캐시 33개 보유)
2026-07-31 07:08:34,904 [INFO] [SCAN] 완료: 30개 종목 · 신호 0개 · API 호출 30회 · 캐시 히트 0회
2026-07-31 07:08:50,153 [INFO] [SCAN] 블랙리스트 4개 제외: ['IP/USDT:USDT', 'NES/USDT:USDT', 'WLD/USDT:USDT', 'XAG/USDT:USDT', 'XAU/USDT:USDT', 'XAUT/USDT:USDT']
2026-07-31 07:08:50,154 [INFO] [SCAN] 스캔 시작: 30개 페어 (캐시 33개 보유)
2026-07-31 07:09:03,352 [INFO] [SCAN] 완료: 30개 종목 · 신호 0개 · API 호출 30회 · 캐시 히트 0회
2026-07-31 07:09:03,552 [INFO] [상태] 잔고:$9.84 | 포지션:1개 | 스캔:789회 | 스캐너:ON
2026-07-31 07:09:20,030 [INFO] [SCAN] 블랙리스트 4개 제외: ['IP/USDT:USDT', 'NES/USDT:USDT', 'WLD/USDT:USDT', 'XAG/USDT:USDT', 'XAU/USDT:USDT', 'XAUT/USDT:USDT']
2026-07-31 07:09:20,030 [INFO] [SCAN] 스캔 시작: 30개 페어 (캐시 33개 보유)
2026-07-31 07:09:33,125 [INFO] [SCAN] 완료: 30개 종목 · 신호 0개 · API 호출 30회 · 캐시 히트 0회
2026-07-31 07:09:48,413 [INFO] [SCAN] 블랙리스트 4개 제외: ['IP/USDT:USDT', 'NES/USDT:USDT', 'WLD/USDT:USDT', 'XAG/USDT:USDT', 'XAU/USDT:USDT', 'XAUT/USDT:USDT']
2026-07-31 07:09:48,413 [INFO] [SCAN] 스캔 시작: 30개 페어 (캐시 33개 보유)
2026-07-31 07:10:01,843 [INFO] [SCAN] 완료: 30개 종목 · 신호 0개 · API 호출 30회 · 캐시 히트 0회
2026-07-31 07:10:04,132 [INFO] [상태] 잔고:$9.91 | 포지션:1개 | 스캔:791회 | 스캐너:ON
2026-07-31 07:10:17,224 [INFO] [SCAN] 블랙리스트 4개 제외: ['IP/USDT:USDT', 'NES/USDT:USDT', 'WLD/USDT:USDT', 'XAG/USDT:USDT', 'XAU/USDT:USDT', 'XAUT/USDT:USDT']
2026-07-31 07:10:17,224 [INFO] [SCAN] 스캔 시작: 30개 페어 (캐시 33개 보유)
2026-07-31 07:10:30,585 [INFO] [SCAN] 완료: 30개 종목 · 신호 0개 · API 호출 30회 · 캐시 히트 0회
2026-07-31 07:10:46,972 [INFO] [SCAN] 블랙리스트 4개 제외: ['IP/USDT:USDT', 'NES/USDT:USDT', 'WLD/USDT:USDT', 'XAG/USDT:USDT', 'XAU/USDT:USDT', 'XAUT/USDT:USDT']
2026-07-31 07:10:46,973 [INFO] [SCAN] 스캔 시작: 30개 페어 (캐시 33개 보유)
2026-07-31 07:11:00,076 [INFO] [SCAN] 완료: 30개 종목 · 신호 0개 · API 호출 30회 · 캐시 히트 0회
2026-07-31 07:11:04,590 [INFO] [상태] 잔고:$9.88 | 포지션:1개 | 스캔:793회 | 스캐너:ON
2026-07-31 07:11:15,449 [INFO] [SCAN] 블랙리스트 4개 제외: ['IP/USDT:USDT', 'NES/USDT:USDT', 'WLD/USDT:USDT', 'XAG/USDT:USDT', 'XAU/USDT:USDT', 'XAUT/USDT:USDT']
2026-07-31 07:11:15,449 [INFO] [SCAN] 스캔 시작: 30개 페어 (캐시 33개 보유)
2026-07-31 07:11:28,390 [INFO] [SCAN] 완료: 30개 종목 · 신호 0개 · API 호출 30회 · 캐시 히트 0회
2026-07-31 07:11:43,669 [INFO] [SCAN] 블랙리스트 4개 제외: ['IP/USDT:USDT', 'NES/USDT:USDT', 'WLD/USDT:USDT', 'XAG/USDT:USDT', 'XAU/USDT:USDT', 'XAUT/USDT:USDT']
2026-07-31 07:11:43,669 [INFO] [SCAN] 스캔 시작: 30개 페어 (캐시 33개 보유)
2026-07-31 07:11:57,245 [INFO] [SCAN] 완료: 30개 종목 · 신호 0개 · API 호출 30회 · 캐시 히트 0회
2026-07-31 07:12:05,198 [INFO] [상태] 잔고:$9.88 | 포지션:1개 | 스캔:795회 | 스캐너:ON
2026-07-31 07:12:13,667 [INFO] [SCAN] 블랙리스트 4개 제외: ['IP/USDT:USDT', 'NES/USDT:USDT', 'WLD/USDT:USDT', 'XAG/USDT:USDT', 'XAU/USDT:USDT', 'XAUT/USDT:USDT']
2026-07-31 07:12:13,667 [INFO] [SCAN] 스캔 시작: 30개 페어 (캐시 33개 보유)
2026-07-31 07:12:27,179 [INFO] [SCAN] 완료: 30개 종목 · 신호 0개 · API 호출 30회 · 캐시 히트 0회
2026-07-31 07:12:42,418 [INFO] [SCAN] 블랙리스트 4개 제외: ['IP/USDT:USDT', 'NES/USDT:USDT', 'WLD/USDT:USDT', 'XAG/USDT:USDT', 'XAU/USDT:USDT', 'XAUT/USDT:USDT']
2026-07-31 07:12:42,418 [INFO] [SCAN] 스캔 시작: 30개 페어 (캐시 33개 보유)
2026-07-31 07:12:55,471 [INFO] [SCAN] 완료: 30개 종목 · 신호 0개 · API 호출 30회 · 캐시 히트 0회
2026-07-31 07:13:05,640 [INFO] [상태] 잔고:$9.87 | 포지션:1개 | 스캔:797회 | 스캐너:ON
2026-07-31 07:13:10,848 [INFO] [SCAN] 블랙리스트 4개 제외: ['IP/USDT:USDT', 'NES/USDT:USDT', 'WLD/USDT:USDT', 'XAG/USDT:USDT', 'XAU/USDT:USDT', 'XAUT/USDT:USDT']
2026-07-31 07:13:10,849 [INFO] [SCAN] 스캔 시작: 30개 페어 (캐시 33개 보유)
2026-07-31 07:13:24,169 [INFO] [SCAN] 완료: 30개 종목 · 신호 0개 · API 호출 30회 · 캐시 히트 0회
2026-07-31 07:13:40,402 [INFO] [SCAN] 블랙리스트 4개 제외: ['IP/USDT:USDT', 'NES/USDT:USDT', 'WLD/USDT:USDT', 'XAG/USDT:USDT', 'XAU/USDT:USDT', 'XAUT/USDT:USDT']
2026-07-31 07:13:40,402 [INFO] [SCAN] 스캔 시작: 30개 페어 (캐시 33개 보유)
2026-07-31 07:13:53,656 [INFO] [SCAN] 완료: 30개 종목 · 신호 0개 · API 호출 30회 · 캐시 히트 0회
2026-07-31 07:14:06,092 [INFO] [상태] 잔고:$9.87 | 포지션:1개 | 스캔:799회 | 스캐너:ON
2026-07-31 07:14:09,039 [INFO] [SCAN] 블랙리스트 4개 제외: ['IP/USDT:USDT', 'NES/USDT:USDT', 'WLD/USDT:USDT', 'XAG/USDT:USDT', 'XAU/USDT:USDT', 'XAUT/USDT:USDT']
2026-07-31 07:14:09,040 [INFO] [SCAN] 스캔 시작: 30개 페어 (캐시 33개 보유)
2026-07-31 07:14:22,374 [INFO] [SCAN] 완료: 30개 종목 · 신호 0개 · API 호출 30회 · 캐시 히트 0회
2026-07-31 07:14:37,625 [INFO] [SCAN] 블랙리스트 4개 제외: ['IP/USDT:USDT', 'NES/USDT:USDT', 'WLD/USDT:USDT', 'XAG/USDT:USDT', 'XAU/USDT:USDT', 'XAUT/USDT:USDT']
2026-07-31 07:14:37,626 [INFO] [SCAN] 스캔 시작: 30개 페어 (캐시 33개 보유)
2026-07-31 07:14:51,094 [INFO] [SCAN] 완료: 30개 종목 · 신호 0개 · API 호출 30회 · 캐시 히트 0회
2026-07-31 07:15:06,630 [INFO] [상태] 잔고:$9.87 | 포지션:1개 | 스캔:801회 | 스캐너:ON
2026-07-31 07:15:07,656 [INFO] [SCAN] 블랙리스트 4개 제외: ['IP/USDT:USDT', 'NES/USDT:USDT', 'WLD/USDT:USDT', 'XAG/USDT:USDT', 'XAU/USDT:USDT', 'XAUT/USDT:USDT']
2026-07-31 07:15:07,656 [INFO] [SCAN] 스캔 시작: 30개 페어 (캐시 33개 보유)
2026-07-31 07:15:20,903 [INFO] [SCAN] 완료: 30개 종목 · 신호 0개 · API 호출 30회 · 캐시 히트 0회
2026-07-31 07:15:36,152 [INFO] [SCAN] 블랙리스트 4개 제외: ['IP/USDT:USDT', 'NES/USDT:USDT', 'WLD/USDT:USDT', 'XAG/USDT:USDT', 'XAU/USDT:USDT', 'XAUT/USDT:USDT']
2026-07-31 07:15:36,153 [INFO] [SCAN] 스캔 시작: 30개 페어 (캐시 33개 보유)
2026-07-31 07:15:49,574 [INFO] [SCAN] 완료: 30개 종목 · 신호 0개 · API 호출 30회 · 캐시 히트 0회
2026-07-31 07:16:04,826 [INFO] [SCAN] 블랙리스트 4개 제외: ['IP/USDT:USDT', 'NES/USDT:USDT', 'WLD/USDT:USDT', 'XAG/USDT:USDT', 'XAU/USDT:USDT', 'XAUT/USDT:USDT']
2026-07-31 07:16:04,826 [INFO] [SCAN] 스캔 시작: 30개 페어 (캐시 33개 보유)
2026-07-31 07:16:07,223 [INFO] [상태] 잔고:$9.89 | 포지션:1개 | 스캔:803회 | 스캐너:ON
2026-07-31 07:16:18,071 [INFO] [SCAN] 완료: 30개 종목 · 신호 0개 · API 호출 30회 · 캐시 히트 0회
2026-07-31 07:16:34,303 [INFO] [SCAN] 블랙리스트 4개 제외: ['IP/USDT:USDT', 'NES/USDT:USDT', 'WLD/USDT:USDT', 'XAG/USDT:USDT', 'XAU/USDT:USDT', 'XAUT/USDT:USDT']
2026-07-31 07:16:34,304 [INFO] [SCAN] 스캔 시작: 30개 페어 (캐시 33개 보유)
2026-07-31 07:16:47,593 [INFO] [SCAN] 완료: 30개 종목 · 신호 0개 · API 호출 30회 · 캐시 히트 0회
2026-07-31 07:17:02,830 [INFO] [SCAN] 블랙리스트 4개 제외: ['IP/USDT:USDT', 'NES/USDT:USDT', 'WLD/USDT:USDT', 'XAG/USDT:USDT', 'XAU/USDT:USDT', 'XAUT/USDT:USDT']
2026-07-31 07:17:02,831 [INFO] [SCAN] 스캔 시작: 30개 페어 (캐시 33개 보유)
2026-07-31 07:17:07,671 [INFO] [상태] 잔고:$9.89 | 포지션:1개 | 스캔:805회 | 스캐너:ON
2026-07-31 07:17:16,836 [INFO] [SCAN] 완료: 30개 종목 · 신호 0개 · API 호출 30회 · 캐시 히트 0회
2026-07-31 07:17:32,090 [INFO] [SCAN] 블랙리스트 4개 제외: ['IP/USDT:USDT', 'NES/USDT:USDT', 'WLD/USDT:USDT', 'XAG/USDT:USDT', 'XAU/USDT:USDT', 'XAUT/USDT:USDT']
2026-07-31 07:17:32,090 [INFO] [SCAN] 스캔 시작: 30개 페어 (캐시 33개 보유)
2026-07-31 07:17:45,249 [INFO] [SCAN] 완료: 30개 종목 · 신호 0개 · API 호출 30회 · 캐시 히트 0회
2026-07-31 07:18:01,584 [INFO] [SCAN] 블랙리스트 4개 제외: ['IP/USDT:USDT', 'NES/USDT:USDT', 'WLD/USDT:USDT', 'XAG/USDT:USDT', 'XAU/USDT:USDT', 'XAUT/USDT:USDT']
2026-07-31 07:18:01,584 [INFO] [SCAN] 스캔 시작: 30개 페어 (캐시 33개 보유)
2026-07-31 07:18:08,148 [INFO] [상태] 잔고:$9.88 | 포지션:1개 | 스캔:807회 | 스캐너:ON
2026-07-31 07:18:15,092 [INFO] [SCAN] 완료: 30개 종목 · 신호 0개 · API 호출 30회 · 캐시 히트 0회
2026-07-31 07:18:30,316 [INFO] [SCAN] 블랙리스트 4개 제외: ['IP/USDT:USDT', 'NES/USDT:USDT', 'WLD/USDT:USDT', 'XAG/USDT:USDT', 'XAU/USDT:USDT', 'XAUT/USDT:USDT']
2026-07-31 07:18:30,317 [INFO] [SCAN] 스캔 시작: 30개 페어 (캐시 33개 보유)
2026-07-31 07:18:43,395 [INFO] [SCAN] 완료: 30개 종목 · 신호 0개 · API 호출 30회 · 캐시 히트 0회
2026-07-31 07:18:58,679 [INFO] [SCAN] 블랙리스트 4개 제외: ['IP/USDT:USDT', 'NES/USDT:USDT', 'WLD/USDT:USDT', 'XAG/USDT:USDT', 'XAU/USDT:USDT', 'XAUT/USDT:USDT']
2026-07-31 07:18:58,679 [INFO] [SCAN] 스캔 시작: 30개 페어 (캐시 33개 보유)
2026-07-31 07:19:08,850 [INFO] [상태] 잔고:$9.87 | 포지션:1개 | 스캔:809회 | 스캐너:ON
2026-07-31 07:19:12,339 [INFO] [SCAN] 완료: 30개 종목 · 신호 0개 · API 호출 30회 · 캐시 히트 0회
2026-07-31 07:19:28,718 [INFO] [SCAN] 블랙리스트 4개 제외: ['IP/USDT:USDT', 'NES/USDT:USDT', 'WLD/USDT:USDT', 'XAG/USDT:USDT', 'XAU/USDT:USDT', 'XAUT/USDT:USDT']
2026-07-31 07:19:28,718 [INFO] [SCAN] 스캔 시작: 30개 페어 (캐시 33개 보유)
2026-07-31 07:19:42,073 [INFO] [SCAN] 완료: 30개 종목 · 신호 0개 · API 호출 30회 · 캐시 히트 0회
2026-07-31 07:19:57,323 [INFO] [SCAN] 블랙리스트 4개 제외: ['IP/USDT:USDT', 'NES/USDT:USDT', 'WLD/USDT:USDT', 'XAG/USDT:USDT', 'XAU/USDT:USDT', 'XAUT/USDT:USDT']
2026-07-31 07:19:57,323 [INFO] [SCAN] 스캔 시작: 30개 페어 (캐시 33개 보유)
2026-07-31 07:20:09,487 [INFO] [상태] 잔고:$9.87 | 포지션:1개 | 스캔:811회 | 스캐너:ON
2026-07-31 07:20:10,835 [INFO] [SCAN] 완료: 30개 종목 · 신호 0개 · API 호출 30회 · 캐시 히트 0회
2026-07-31 07:20:26,129 [INFO] [SCAN] 블랙리스트 4개 제외: ['IP/USDT:USDT', 'NES/USDT:USDT', 'WLD/USDT:USDT', 'XAG/USDT:USDT', 'XAU/USDT:USDT', 'XAUT/USDT:USDT']
2026-07-31 07:20:26,129 [INFO] [SCAN] 스캔 시작: 30개 페어 (캐시 33개 보유)
2026-07-31 07:20:39,851 [INFO] [SCAN] 완료: 30개 종목 · 신호 0개 · API 호출 30회 · 캐시 히트 0회
2026-07-31 07:20:56,200 [INFO] [SCAN] 블랙리스트 4개 제외: ['IP/USDT:USDT', 'NES/USDT:USDT', 'WLD/USDT:USDT', 'XAG/USDT:USDT', 'XAU/USDT:USDT', 'XAUT/USDT:USDT']
2026-07-31 07:20:56,200 [INFO] [SCAN] 스캔 시작: 30개 페어 (캐시 33개 보유)
2026-07-31 07:21:09,739 [INFO] [SCAN] 완료: 30개 종목 · 신호 0개 · API 호출 30회 · 캐시 히트 0회
2026-07-31 07:21:09,934 [INFO] [상태] 잔고:$9.87 | 포지션:1개 | 스캔:814회 | 스캐너:ON
2026-07-31 07:21:25,132 [INFO] [SCAN] 블랙리스트 4개 제외: ['IP/USDT:USDT', 'NES/USDT:USDT', 'WLD/USDT:USDT', 'XAG/USDT:USDT', 'XAU/USDT:USDT', 'XAUT/USDT:USDT']
2026-07-31 07:21:25,132 [INFO] [SCAN] 스캔 시작: 30개 페어 (캐시 33개 보유)
2026-07-31 07:21:38,564 [INFO] [SCAN] 완료: 30개 종목 · 신호 0개 · API 호출 30회 · 캐시 히트 0회
2026-07-31 07:21:53,815 [INFO] [SCAN] 블랙리스트 4개 제외: ['IP/USDT:USDT', 'NES/USDT:USDT', 'WLD/USDT:USDT', 'XAG/USDT:USDT', 'XAU/USDT:USDT', 'XAUT/USDT:USDT']
2026-07-31 07:21:53,815 [INFO] [SCAN] 스캔 시작: 30개 페어 (캐시 33개 보유)
2026-07-31 07:22:06,862 [INFO] [SCAN] 완료: 30개 종목 · 신호 0개 · API 호출 30회 · 캐시 히트 0회
2026-07-31 07:22:10,418 [INFO] [상태] 잔고:$9.87 | 포지션:1개 | 스캔:816회 | 스캐너:ON
2026-07-31 07:22:23,264 [INFO] [SCAN] 블랙리스트 4개 제외: ['IP/USDT:USDT', 'NES/USDT:USDT', 'WLD/USDT:USDT', 'XAG/USDT:USDT', 'XAU/USDT:USDT', 'XAUT/USDT:USDT']
2026-07-31 07:22:23,264 [INFO] [SCAN] 스캔 시작: 30개 페어 (캐시 33개 보유)
2026-07-31 07:22:36,351 [INFO] [SCAN] 완료: 30개 종목 · 신호 0개 · API 호출 30회 · 캐시 히트 0회
2026-07-31 07:22:51,594 [INFO] [SCAN] 블랙리스트 4개 제외: ['IP/USDT:USDT', 'NES/USDT:USDT', 'WLD/USDT:USDT', 'XAG/USDT:USDT', 'XAU/USDT:USDT', 'XAUT/USDT:USDT']
2026-07-31 07:22:51,594 [INFO] [SCAN] 스캔 시작: 30개 페어 (캐시 33개 보유)
2026-07-31 07:23:04,579 [INFO] [SCAN] 완료: 30개 종목 · 신호 0개 · API 호출 30회 · 캐시 히트 0회
2026-07-31 07:23:10,870 [INFO] [상태] 잔고:$9.87 | 포지션:1개 | 스캔:818회 | 스캐너:ON
2026-07-31 07:23:19,946 [INFO] [SCAN] 블랙리스트 4개 제외: ['IP/USDT:USDT', 'NES/USDT:USDT', 'WLD/USDT:USDT', 'XAG/USDT:USDT', 'XAU/USDT:USDT', 'XAUT/USDT:USDT']
2026-07-31 07:23:19,946 [INFO] [SCAN] 스캔 시작: 30개 페어 (캐시 33개 보유)
2026-07-31 07:23:32,910 [INFO] [SCAN] 완료: 30개 종목 · 신호 0개 · API 호출 30회 · 캐시 히트 0회
2026-07-31 07:23:49,192 [INFO] [SCAN] 블랙리스트 4개 제외: ['IP/USDT:USDT', 'NES/USDT:USDT', 'WLD/USDT:USDT', 'XAG/USDT:USDT', 'XAU/USDT:USDT', 'XAUT/USDT:USDT']
2026-07-31 07:23:49,192 [INFO] [SCAN] 스캔 시작: 30개 페어 (캐시 33개 보유)
2026-07-31 07:24:02,199 [INFO] [SCAN] 완료: 30개 종목 · 신호 0개 · API 호출 30회 · 캐시 히트 0회
2026-07-31 07:24:11,332 [INFO] [상태] 잔고:$9.87 | 포지션:1개 | 스캔:820회 | 스캐너:ON
2026-07-31 07:24:17,586 [INFO] [SCAN] 블랙리스트 4개 제외: ['IP/USDT:USDT', 'NES/USDT:USDT', 'WLD/USDT:USDT', 'XAG/USDT:USDT', 'XAU/USDT:USDT', 'XAUT/USDT:USDT']
2026-07-31 07:24:17,586 [INFO] [SCAN] 스캔 시작: 30개 페어 (캐시 33개 보유)
2026-07-31 07:24:30,687 [INFO] [SCAN] 완료: 30개 종목 · 신호 0개 · API 호출 30회 · 캐시 히트 0회
2026-07-31 07:24:45,942 [INFO] [SCAN] 블랙리스트 4개 제외: ['IP/USDT:USDT', 'NES/USDT:USDT', 'WLD/USDT:USDT', 'XAG/USDT:USDT', 'XAU/USDT:USDT', 'XAUT/USDT:USDT']
2026-07-31 07:24:45,942 [INFO] [SCAN] 스캔 시작: 30개 페어 (캐시 33개 보유)
2026-07-31 07:24:59,155 [INFO] [SCAN] 완료: 30개 종목 · 신호 0개 · API 호출 30회 · 캐시 히트 0회
2026-07-31 07:25:11,946 [INFO] [상태] 잔고:$9.88 | 포지션:1개 | 스캔:822회 | 스캐너:ON
2026-07-31 07:25:15,563 [INFO] [SCAN] 블랙리스트 4개 제외: ['IP/USDT:USDT', 'NES/USDT:USDT', 'WLD/USDT:USDT', 'XAG/USDT:USDT', 'XAU/USDT:USDT', 'XAUT/USDT:USDT']
2026-07-31 07:25:15,563 [INFO] [SCAN] 스캔 시작: 30개 페어 (캐시 33개 보유)
2026-07-31 07:25:28,755 [INFO] [SCAN] 완료: 30개 종목 · 신호 0개 · API 호출 30회 · 캐시 히트 0회
2026-07-31 07:25:43,993 [INFO] [SCAN] 블랙리스트 4개 제외: ['IP/USDT:USDT', 'NES/USDT:USDT', 'WLD/USDT:USDT', 'XAG/USDT:USDT', 'XAU/USDT:USDT', 'XAUT/USDT:USDT']
2026-07-31 07:25:43,993 [INFO] [SCAN] 스캔 시작: 30개 페어 (캐시 33개 보유)
2026-07-31 07:25:57,280 [INFO] [SCAN] 완료: 30개 종목 · 신호 0개 · API 호출 30회 · 캐시 히트 0회
2026-07-31 07:26:12,529 [INFO] [상태] 잔고:$9.87 | 포지션:1개 | 스캔:824회 | 스캐너:ON
2026-07-31 07:26:12,730 [INFO] [SCAN] 블랙리스트 4개 제외: ['IP/USDT:USDT', 'NES/USDT:USDT', 'WLD/USDT:USDT', 'XAG/USDT:USDT', 'XAU/USDT:USDT', 'XAUT/USDT:USDT']
2026-07-31 07:26:12,731 [INFO] [SCAN] 스캔 시작: 30개 페어 (캐시 33개 보유)
2026-07-31 07:26:25,896 [INFO] [SCAN] 완료: 30개 종목 · 신호 0개 · API 호출 30회 · 캐시 히트 0회
2026-07-31 07:26:42,245 [INFO] [SCAN] 블랙리스트 4개 제외: ['IP/USDT:USDT', 'NES/USDT:USDT', 'WLD/USDT:USDT', 'XAG/USDT:USDT', 'XAU/USDT:USDT', 'XAUT/USDT:USDT']
2026-07-31 07:26:42,245 [INFO] [SCAN] 스캔 시작: 30개 페어 (캐시 33개 보유)
2026-07-31 07:26:55,893 [INFO] [SCAN] 완료: 30개 종목 · 신호 0개 · API 호출 30회 · 캐시 히트 0회
2026-07-31 07:27:11,145 [INFO] [SCAN] 블랙리스트 4개 제외: ['IP/USDT:USDT', 'NES/USDT:USDT', 'WLD/USDT:USDT', 'XAG/USDT:USDT', 'XAU/USDT:USDT', 'XAUT/USDT:USDT']
2026-07-31 07:27:11,146 [INFO] [SCAN] 스캔 시작: 30개 페어 (캐시 33개 보유)
2026-07-31 07:27:13,106 [INFO] [상태] 잔고:$9.88 | 포지션:1개 | 스캔:826회 | 스캐너:ON
2026-07-31 07:27:24,680 [INFO] [SCAN] 완료: 30개 종목 · 신호 0개 · API 호출 30회 · 캐시 히트 0회
2026-07-31 07:27:39,972 [INFO] [SCAN] 블랙리스트 4개 제외: ['IP/USDT:USDT', 'NES/USDT:USDT', 'WLD/USDT:USDT', 'XAG/USDT:USDT', 'XAU/USDT:USDT', 'XAUT/USDT:USDT']
2026-07-31 07:27:39,973 [INFO] [SCAN] 스캔 시작: 30개 페어 (캐시 33개 보유)
2026-07-31 07:27:53,438 [INFO] [SCAN] 완료: 30개 종목 · 신호 0개 · API 호출 30회 · 캐시 히트 0회
2026-07-31 07:28:09,887 [INFO] [SCAN] 블랙리스트 4개 제외: ['IP/USDT:USDT', 'NES/USDT:USDT', 'WLD/USDT:USDT', 'XAG/USDT:USDT', 'XAU/USDT:USDT', 'XAUT/USDT:USDT']
2026-07-31 07:28:09,887 [INFO] [SCAN] 스캔 시작: 30개 페어 (캐시 33개 보유)
2026-07-31 07:28:13,550 [INFO] [상태] 잔고:$9.88 | 포지션:1개 | 스캔:828회 | 스캐너:ON
2026-07-31 07:28:23,408 [INFO] [SCAN] 완료: 30개 종목 · 신호 0개 · API 호출 30회 · 캐시 히트 0회
2026-07-31 07:28:38,659 [INFO] [SCAN] 블랙리스트 4개 제외: ['IP/USDT:USDT', 'NES/USDT:USDT', 'WLD/USDT:USDT', 'XAG/USDT:USDT', 'XAU/USDT:USDT', 'XAUT/USDT:USDT']
2026-07-31 07:28:38,660 [INFO] [SCAN] 스캔 시작: 30개 페어 (캐시 33개 보유)
2026-07-31 07:28:51,717 [INFO] [SCAN] 완료: 30개 종목 · 신호 0개 · API 호출 30회 · 캐시 히트 0회
2026-07-31 07:29:07,000 [INFO] [SCAN] 블랙리스트 4개 제외: ['IP/USDT:USDT', 'NES/USDT:USDT', 'WLD/USDT:USDT', 'XAG/USDT:USDT', 'XAU/USDT:USDT', 'XAUT/USDT:USDT']
2026-07-31 07:29:07,000 [INFO] [SCAN] 스캔 시작: 30개 페어 (캐시 33개 보유)
2026-07-31 07:29:14,126 [INFO] [상태] 잔고:$9.87 | 포지션:1개 | 스캔:830회 | 스캐너:ON
2026-07-31 07:29:20,584 [INFO] [SCAN] 완료: 30개 종목 · 신호 0개 · API 호출 30회 · 캐시 히트 0회
2026-07-31 07:29:36,912 [INFO] [SCAN] 블랙리스트 4개 제외: ['IP/USDT:USDT', 'NES/USDT:USDT', 'WLD/USDT:USDT', 'XAG/USDT:USDT', 'XAU/USDT:USDT', 'XAUT/USDT:USDT']
2026-07-31 07:29:36,913 [INFO] [SCAN] 스캔 시작: 30개 페어 (캐시 33개 보유)
2026-07-31 07:29:50,068 [INFO] [SCAN] 완료: 30개 종목 · 신호 0개 · API 호출 30회 · 캐시 히트 0회
2026-07-31 07:30:05,346 [INFO] [SCAN] 블랙리스트 4개 제외: ['IP/USDT:USDT', 'NES/USDT:USDT', 'WLD/USDT:USDT', 'XAG/USDT:USDT', 'XAU/USDT:USDT', 'XAUT/USDT:USDT']
2026-07-31 07:30:05,346 [INFO] [SCAN] 스캔 시작: 30개 페어 (캐시 33개 보유)
2026-07-31 07:30:14,656 [INFO] [상태] 잔고:$9.87 | 포지션:1개 | 스캔:832회 | 스캐너:ON
2026-07-31 07:30:19,019 [INFO] [SCAN] 완료: 30개 종목 · 신호 0개 · API 호출 30회 · 캐시 히트 0회
2026-07-31 07:30:34,258 [INFO] [SCAN] 블랙리스트 4개 제외: ['IP/USDT:USDT', 'NES/USDT:USDT', 'WLD/USDT:USDT', 'XAG/USDT:USDT', 'XAU/USDT:USDT', 'XAUT/USDT:USDT']
2026-07-31 07:30:34,259 [INFO] [SCAN] 스캔 시작: 30개 페어 (캐시 33개 보유)
2026-07-31 07:30:47,633 [INFO] [SCAN] 완료: 30개 종목 · 신호 0개 · API 호출 30회 · 캐시 히트 0회
2026-07-31 07:31:04,012 [INFO] [SCAN] 블랙리스트 4개 제외: ['IP/USDT:USDT', 'NES/USDT:USDT', 'WLD/USDT:USDT', 'XAG/USDT:USDT', 'XAU/USDT:USDT', 'XAUT/USDT:USDT']
2026-07-31 07:31:04,012 [INFO] [SCAN] 스캔 시작: 30개 페어 (캐시 33개 보유)
2026-07-31 07:31:15,264 [INFO] [상태] 잔고:$9.86 | 포지션:1개 | 스캔:834회 | 스캐너:ON
2026-07-31 07:31:17,573 [INFO] [SCAN] 완료: 30개 종목 · 신호 0개 · API 호출 30회 · 캐시 히트 0회
2026-07-31 07:31:32,878 [INFO] [SCAN] 블랙리스트 4개 제외: ['IP/USDT:USDT', 'NES/USDT:USDT', 'WLD/USDT:USDT', 'XAG/USDT:USDT', 'XAU/USDT:USDT', 'XAUT/USDT:USDT']
2026-07-31 07:31:32,879 [INFO] [SCAN] 스캔 시작: 30개 페어 (캐시 33개 보유)
2026-07-31 07:31:46,019 [INFO] [SCAN] 완료: 30개 종목 · 신호 0개 · API 호출 30회 · 캐시 히트 0회
2026-07-31 07:32:01,257 [INFO] [SCAN] 블랙리스트 4개 제외: ['IP/USDT:USDT', 'NES/USDT:USDT', 'WLD/USDT:USDT', 'XAG/USDT:USDT', 'XAU/USDT:USDT', 'XAUT/USDT:USDT']
2026-07-31 07:32:01,257 [INFO] [SCAN] 스캔 시작: 30개 페어 (캐시 33개 보유)
2026-07-31 07:32:14,214 [INFO] [SCAN] 완료: 30개 종목 · 신호 0개 · API 호출 30회 · 캐시 히트 0회
2026-07-31 07:32:15,974 [INFO] [상태] 잔고:$9.86 | 포지션:1개 | 스캔:837회 | 스캐너:ON
2026-07-31 07:32:30,595 [INFO] [SCAN] 블랙리스트 4개 제외: ['IP/USDT:USDT', 'NES/USDT:USDT', 'WLD/USDT:USDT', 'XAG/USDT:USDT', 'XAU/USDT:USDT', 'XAUT/USDT:USDT']
2026-07-31 07:32:30,595 [INFO] [SCAN] 스캔 시작: 30개 페어 (캐시 33개 보유)
2026-07-31 07:32:43,515 [INFO] [SCAN] 완료: 30개 종목 · 신호 0개 · API 호출 30회 · 캐시 히트 0회
2026-07-31 07:32:58,778 [INFO] [SCAN] 블랙리스트 4개 제외: ['IP/USDT:USDT', 'NES/USDT:USDT', 'WLD/USDT:USDT', 'XAG/USDT:USDT', 'XAU/USDT:USDT', 'XAUT/USDT:USDT']
2026-07-31 07:32:58,778 [INFO] [SCAN] 스캔 시작: 30개 페어 (캐시 33개 보유)
2026-07-31 07:33:11,930 [INFO] [SCAN] 완료: 30개 종목 · 신호 0개 · API 호출 30회 · 캐시 히트 0회
2026-07-31 07:33:16,459 [INFO] [상태] 잔고:$9.86 | 포지션:1개 | 스캔:839회 | 스캐너:ON
2026-07-31 07:33:27,298 [INFO] [SCAN] 블랙리스트 4개 제외: ['IP/USDT:USDT', 'NES/USDT:USDT', 'WLD/USDT:USDT', 'XAG/USDT:USDT', 'XAU/USDT:USDT', 'XAUT/USDT:USDT']
2026-07-31 07:33:27,298 [INFO] [SCAN] 스캔 시작: 30개 페어 (캐시 33개 보유)
2026-07-31 07:33:40,568 [INFO] [SCAN] 완료: 30개 종목 · 신호 0개 · API 호출 30회 · 캐시 히트 0회
2026-07-31 07:33:56,766 [INFO] [SCAN] 블랙리스트 4개 제외: ['IP/USDT:USDT', 'NES/USDT:USDT', 'WLD/USDT:USDT', 'XAG/USDT:USDT', 'XAU/USDT:USDT', 'XAUT/USDT:USDT']
2026-07-31 07:33:56,766 [INFO] [SCAN] 스캔 시작: 30개 페어 (캐시 33개 보유)
2026-07-31 07:34:09,702 [INFO] [SCAN] 완료: 30개 종목 · 신호 0개 · API 호출 30회 · 캐시 히트 0회
2026-07-31 07:34:17,004 [INFO] [상태] 잔고:$9.88 | 포지션:1개 | 스캔:841회 | 스캐너:ON
2026-07-31 07:34:25,065 [INFO] [SCAN] 블랙리스트 4개 제외: ['IP/USDT:USDT', 'NES/USDT:USDT', 'WLD/USDT:USDT', 'XAG/USDT:USDT', 'XAU/USDT:USDT', 'XAUT/USDT:USDT']
2026-07-31 07:34:25,065 [INFO] [SCAN] 스캔 시작: 30개 페어 (캐시 33개 보유)
2026-07-31 07:34:38,022 [INFO] [SCAN] 완료: 30개 종목 · 신호 0개 · API 호출 30회 · 캐시 히트 0회
2026-07-31 07:34:53,256 [INFO] [SCAN] 블랙리스트 4개 제외: ['IP/USDT:USDT', 'NES/USDT:USDT', 'WLD/USDT:USDT', 'XAG/USDT:USDT', 'XAU/USDT:USDT', 'XAUT/USDT:USDT']
2026-07-31 07:34:53,256 [INFO] [SCAN] 스캔 시작: 30개 페어 (캐시 33개 보유)
2026-07-31 07:35:06,365 [INFO] [SCAN] 완료: 30개 종목 · 신호 0개 · API 호출 30회 · 캐시 히트 0회
2026-07-31 07:35:17,596 [INFO] [상태] 잔고:$9.89 | 포지션:1개 | 스캔:843회 | 스캐너:ON
2026-07-31 07:35:22,678 [INFO] [SCAN] 블랙리스트 4개 제외: ['IP/USDT:USDT', 'NES/USDT:USDT', 'WLD/USDT:USDT', 'XAG/USDT:USDT', 'XAU/USDT:USDT', 'XAUT/USDT:USDT']
2026-07-31 07:35:22,679 [INFO] [SCAN] 스캔 시작: 30개 페어 (캐시 33개 보유)
2026-07-31 07:35:35,995 [INFO] [SCAN] 완료: 30개 종목 · 신호 0개 · API 호출 30회 · 캐시 히트 0회
2026-07-31 07:35:51,252 [INFO] [SCAN] 블랙리스트 4개 제외: ['IP/USDT:USDT', 'NES/USDT:USDT', 'WLD/USDT:USDT', 'XAG/USDT:USDT', 'XAU/USDT:USDT', 'XAUT/USDT:USDT']
2026-07-31 07:35:51,252 [INFO] [SCAN] 스캔 시작: 30개 페어 (캐시 33개 보유)
2026-07-31 07:36:04,207 [INFO] [SCAN] 완료: 30개 종목 · 신호 0개 · API 호출 30회 · 캐시 히트 0회
2026-07-31 07:36:18,236 [INFO] [상태] 잔고:$9.87 | 포지션:1개 | 스캔:845회 | 스캐너:ON
2026-07-31 07:36:19,592 [INFO] [SCAN] 블랙리스트 4개 제외: ['IP/USDT:USDT', 'NES/USDT:USDT', 'WLD/USDT:USDT', 'XAG/USDT:USDT', 'XAU/USDT:USDT', 'XAUT/USDT:USDT']
2026-07-31 07:36:19,593 [INFO] [SCAN] 스캔 시작: 30개 페어 (캐시 33개 보유)
2026-07-31 07:36:32,597 [INFO] [SCAN] 완료: 30개 종목 · 신호 0개 · API 호출 30회 · 캐시 히트 0회
2026-07-31 07:36:48,828 [INFO] [SCAN] 블랙리스트 4개 제외: ['IP/USDT:USDT', 'NES/USDT:USDT', 'WLD/USDT:USDT', 'XAG/USDT:USDT', 'XAU/USDT:USDT', 'XAUT/USDT:USDT']
2026-07-31 07:36:48,828 [INFO] [SCAN] 스캔 시작: 30개 페어 (캐시 33개 보유)
2026-07-31 07:37:01,780 [INFO] [SCAN] 완료: 30개 종목 · 신호 0개 · API 호출 30회 · 캐시 히트 0회
2026-07-31 07:37:17,028 [INFO] [SCAN] 블랙리스트 4개 제외: ['IP/USDT:USDT', 'NES/USDT:USDT', 'WLD/USDT:USDT', 'XAG/USDT:USDT', 'XAU/USDT:USDT', 'XAUT/USDT:USDT']
2026-07-31 07:37:17,028 [INFO] [SCAN] 스캔 시작: 30개 페어 (캐시 33개 보유)
2026-07-31 07:37:18,836 [INFO] [상태] 잔고:$9.88 | 포지션:1개 | 스캔:847회 | 스캐너:ON
2026-07-31 07:37:30,466 [INFO] [SCAN] 완료: 30개 종목 · 신호 0개 · API 호출 30회 · 캐시 히트 0회
2026-07-31 07:37:45,714 [INFO] [SCAN] 블랙리스트 4개 제외: ['IP/USDT:USDT', 'NES/USDT:USDT', 'WLD/USDT:USDT', 'XAG/USDT:USDT', 'XAU/USDT:USDT', 'XAUT/USDT:USDT']
2026-07-31 07:37:45,715 [INFO] [SCAN] 스캔 시작: 30개 페어 (캐시 33개 보유)
2026-07-31 07:37:58,960 [INFO] [SCAN] 완료: 30개 종목 · 신호 0개 · API 호출 30회 · 캐시 히트 0회
2026-07-31 07:38:15,170 [INFO] [SCAN] 블랙리스트 4개 제외: ['IP/USDT:USDT', 'NES/USDT:USDT', 'WLD/USDT:USDT', 'XAG/USDT:USDT', 'XAU/USDT:USDT', 'XAUT/USDT:USDT']
2026-07-31 07:38:15,170 [INFO] [SCAN] 스캔 시작: 30개 페어 (캐시 33개 보유)
2026-07-31 07:38:19,265 [INFO] [상태] 잔고:$9.87 | 포지션:1개 | 스캔:849회 | 스캐너:ON
2026-07-31 07:38:28,517 [INFO] [SCAN] 완료: 30개 종목 · 신호 0개 · API 호출 30회 · 캐시 히트 0회
2026-07-31 07:38:43,772 [INFO] [SCAN] 블랙리스트 4개 제외: ['IP/USDT:USDT', 'NES/USDT:USDT', 'WLD/USDT:USDT', 'XAG/USDT:USDT', 'XAU/USDT:USDT', 'XAUT/USDT:USDT']
2026-07-31 07:38:43,772 [INFO] [SCAN] 스캔 시작: 30개 페어 (캐시 33개 보유)
2026-07-31 07:38:56,970 [INFO] [SCAN] 완료: 30개 종목 · 신호 0개 · API 호출 30회 · 캐시 히트 0회
2026-07-31 07:39:12,257 [INFO] [SCAN] 블랙리스트 4개 제외: ['IP/USDT:USDT', 'NES/USDT:USDT', 'WLD/USDT:USDT', 'XAG/USDT:USDT', 'XAU/USDT:USDT', 'XAUT/USDT:USDT']
2026-07-31 07:39:12,258 [INFO] [SCAN] 스캔 시작: 30개 페어 (캐시 33개 보유)
2026-07-31 07:39:19,779 [INFO] [상태] 잔고:$9.87 | 포지션:1개 | 스캔:851회 | 스캐너:ON
2026-07-31 07:39:26,167 [INFO] [SCAN] 완료: 30개 종목 · 신호 0개 · API 호출 30회 · 캐시 히트 0회
2026-07-31 07:39:42,513 [INFO] [SCAN] 블랙리스트 4개 제외: ['IP/USDT:USDT', 'NES/USDT:USDT', 'WLD/USDT:USDT', 'XAG/USDT:USDT', 'XAU/USDT:USDT', 'XAUT/USDT:USDT']
2026-07-31 07:39:42,514 [INFO] [SCAN] 스캔 시작: 30개 페어 (캐시 33개 보유)
2026-07-31 07:39:55,677 [INFO] [SCAN] 완료: 30개 종목 · 신호 0개 · API 호출 30회 · 캐시 히트 0회
2026-07-31 07:40:10,916 [INFO] [SCAN] 블랙리스트 4개 제외: ['IP/USDT:USDT', 'NES/USDT:USDT', 'WLD/USDT:USDT', 'XAG/USDT:USDT', 'XAU/USDT:USDT', 'XAUT/USDT:USDT']
2026-07-31 07:40:10,917 [INFO] [SCAN] 스캔 시작: 30개 페어 (캐시 33개 보유)
2026-07-31 07:40:20,368 [INFO] [상태] 잔고:$9.88 | 포지션:1개 | 스캔:853회 | 스캐너:ON
2026-07-31 07:40:24,747 [INFO] [SCAN] 완료: 30개 종목 · 신호 0개 · API 호출 30회 · 캐시 히트 0회
2026-07-31 07:40:40,034 [INFO] [SCAN] 블랙리스트 4개 제외: ['IP/USDT:USDT', 'NES/USDT:USDT', 'WLD/USDT:USDT', 'XAG/USDT:USDT', 'XAU/USDT:USDT', 'XAUT/USDT:USDT']
2026-07-31 07:40:40,035 [INFO] [SCAN] 스캔 시작: 30개 페어 (캐시 33개 보유)
2026-07-31 07:40:53,337 [INFO] [SCAN] 완료: 30개 종목 · 신호 0개 · API 호출 30회 · 캐시 히트 0회
2026-07-31 07:41:09,590 [INFO] [SCAN] 블랙리스트 4개 제외: ['IP/USDT:USDT', 'NES/USDT:USDT', 'WLD/USDT:USDT', 'XAG/USDT:USDT', 'XAU/USDT:USDT', 'XAUT/USDT:USDT']
2026-07-31 07:41:09,590 [INFO] [SCAN] 스캔 시작: 30개 페어 (캐시 33개 보유)
2026-07-31 07:41:20,873 [INFO] [상태] 잔고:$9.87 | 포지션:1개 | 스캔:855회 | 스캐너:ON
2026-07-31 07:41:23,198 [INFO] [SCAN] 완료: 30개 종목 · 신호 0개 · API 호출 30회 · 캐시 히트 0회
2026-07-31 07:41:38,448 [INFO] [SCAN] 블랙리스트 4개 제외: ['IP/USDT:USDT', 'NES/USDT:USDT', 'WLD/USDT:USDT', 'XAG/USDT:USDT', 'XAU/USDT:USDT', 'XAUT/USDT:USDT']
2026-07-31 07:41:38,448 [INFO] [SCAN] 스캔 시작: 30개 페어 (캐시 33개 보유)
2026-07-31 07:41:51,499 [INFO] [SCAN] 완료: 30개 종목 · 신호 0개 · API 호출 30회 · 캐시 히트 0회
2026-07-31 07:42:06,749 [INFO] [SCAN] 블랙리스트 4개 제외: ['IP/USDT:USDT', 'NES/USDT:USDT', 'WLD/USDT:USDT', 'XAG/USDT:USDT', 'XAU/USDT:USDT', 'XAUT/USDT:USDT']
2026-07-31 07:42:06,749 [INFO] [SCAN] 스캔 시작: 30개 페어 (캐시 33개 보유)
2026-07-31 07:42:20,273 [INFO] [SCAN] 완료: 30개 종목 · 신호 0개 · API 호출 30회 · 캐시 히트 0회
2026-07-31 07:42:21,531 [INFO] [상태] 잔고:$9.87 | 포지션:1개 | 스캔:858회 | 스캐너:ON
2026-07-31 07:42:36,863 [INFO] [SCAN] 블랙리스트 4개 제외: ['IP/USDT:USDT', 'NES/USDT:USDT', 'WLD/USDT:USDT', 'XAG/USDT:USDT', 'XAU/USDT:USDT', 'XAUT/USDT:USDT']
2026-07-31 07:42:36,864 [INFO] [SCAN] 스캔 시작: 30개 페어 (캐시 33개 보유)
2026-07-31 07:42:50,290 [INFO] [SCAN] 완료: 30개 종목 · 신호 0개 · API 호출 30회 · 캐시 히트 0회
2026-07-31 07:43:05,537 [INFO] [SCAN] 블랙리스트 4개 제외: ['IP/USDT:USDT', 'NES/USDT:USDT', 'WLD/USDT:USDT', 'XAG/USDT:USDT', 'XAU/USDT:USDT', 'XAUT/USDT:USDT']
2026-07-31 07:43:05,537 [INFO] [SCAN] 스캔 시작: 30개 페어 (캐시 33개 보유)
2026-07-31 07:43:18,792 [INFO] [SCAN] 완료: 30개 종목 · 신호 0개 · API 호출 30회 · 캐시 히트 0회
2026-07-31 07:43:21,998 [INFO] [상태] 잔고:$9.88 | 포지션:1개 | 스캔:860회 | 스캐너:ON
2026-07-31 07:43:34,188 [INFO] [SCAN] 블랙리스트 4개 제외: ['IP/USDT:USDT', 'NES/USDT:USDT', 'WLD/USDT:USDT', 'XAG/USDT:USDT', 'XAU/USDT:USDT', 'XAUT/USDT:USDT']
2026-07-31 07:43:34,188 [INFO] [SCAN] 스캔 시작: 30개 페어 (캐시 33개 보유)
2026-07-31 07:43:47,174 [INFO] [SCAN] 완료: 30개 종목 · 신호 0개 · API 호출 30회 · 캐시 히트 0회
2026-07-31 07:44:03,356 [INFO] [SCAN] 블랙리스트 4개 제외: ['IP/USDT:USDT', 'NES/USDT:USDT', 'WLD/USDT:USDT', 'XAG/USDT:USDT', 'XAU/USDT:USDT', 'XAUT/USDT:USDT']
2026-07-31 07:44:03,357 [INFO] [SCAN] 스캔 시작: 30개 페어 (캐시 33개 보유)
2026-07-31 07:44:16,935 [INFO] [SCAN] 완료: 30개 종목 · 신호 0개 · API 호출 30회 · 캐시 히트 0회
2026-07-31 07:44:22,546 [INFO] [상태] 잔고:$9.88 | 포지션:1개 | 스캔:862회 | 스캐너:ON
2026-07-31 07:44:32,321 [INFO] [SCAN] 블랙리스트 4개 제외: ['IP/USDT:USDT', 'NES/USDT:USDT', 'WLD/USDT:USDT', 'XAG/USDT:USDT', 'XAU/USDT:USDT', 'XAUT/USDT:USDT']
2026-07-31 07:44:32,321 [INFO] [SCAN] 스캔 시작: 30개 페어 (캐시 33개 보유)
2026-07-31 07:44:45,651 [INFO] [SCAN] 완료: 30개 종목 · 신호 0개 · API 호출 30회 · 캐시 히트 0회
2026-07-31 07:45:00,936 [INFO] [SCAN] 블랙리스트 4개 제외: ['IP/USDT:USDT', 'NES/USDT:USDT', 'WLD/USDT:USDT', 'XAG/USDT:USDT', 'XAU/USDT:USDT', 'XAUT/USDT:USDT']
2026-07-31 07:45:00,936 [INFO] [SCAN] 스캔 시작: 30개 페어 (캐시 33개 보유)
2026-07-31 07:45:14,178 [INFO] [SCAN] 완료: 30개 종목 · 신호 0개 · API 호출 30회 · 캐시 히트 0회
2026-07-31 07:45:23,047 [INFO] [상태] 잔고:$9.88 | 포지션:1개 | 스캔:864회 | 스캐너:ON
2026-07-31 07:45:30,528 [INFO] [SCAN] 블랙리스트 4개 제외: ['IP/USDT:USDT', 'NES/USDT:USDT', 'WLD/USDT:USDT', 'XAG/USDT:USDT', 'XAU/USDT:USDT', 'XAUT/USDT:USDT']
2026-07-31 07:45:30,529 [INFO] [SCAN] 스캔 시작: 30개 페어 (캐시 33개 보유)
2026-07-31 07:45:43,667 [INFO] [SCAN] 완료: 30개 종목 · 신호 0개 · API 호출 30회 · 캐시 히트 0회
2026-07-31 07:45:58,947 [INFO] [SCAN] 블랙리스트 4개 제외: ['IP/USDT:USDT', 'NES/USDT:USDT', 'WLD/USDT:USDT', 'XAG/USDT:USDT', 'XAU/USDT:USDT', 'XAUT/USDT:USDT']
2026-07-31 07:45:58,948 [INFO] [SCAN] 스캔 시작: 30개 페어 (캐시 33개 보유)
2026-07-31 07:46:12,219 [INFO] [SCAN] 완료: 30개 종목 · 신호 0개 · API 호출 30회 · 캐시 히트 0회
2026-07-31 07:46:23,601 [INFO] [상태] 잔고:$9.89 | 포지션:1개 | 스캔:866회 | 스캐너:ON
2026-07-31 07:46:27,574 [INFO] [SCAN] 블랙리스트 4개 제외: ['IP/USDT:USDT', 'NES/USDT:USDT', 'WLD/USDT:USDT', 'XAG/USDT:USDT', 'XAU/USDT:USDT', 'XAUT/USDT:USDT']
2026-07-31 07:46:27,574 [INFO] [SCAN] 스캔 시작: 30개 페어 (캐시 33개 보유)
2026-07-31 07:46:40,725 [INFO] [SCAN] 완료: 30개 종목 · 신호 0개 · API 호출 30회 · 캐시 히트 0회
2026-07-31 07:46:57,083 [INFO] [SCAN] 블랙리스트 4개 제외: ['IP/USDT:USDT', 'NES/USDT:USDT', 'WLD/USDT:USDT', 'XAG/USDT:USDT', 'XAU/USDT:USDT', 'XAUT/USDT:USDT']
2026-07-31 07:46:57,083 [INFO] [SCAN] 스캔 시작: 30개 페어 (캐시 33개 보유)
2026-07-31 07:47:10,616 [INFO] [SCAN] 완료: 30개 종목 · 신호 0개 · API 호출 30회 · 캐시 히트 0회
2026-07-31 07:47:24,056 [INFO] [상태] 잔고:$9.90 | 포지션:1개 | 스캔:868회 | 스캐너:ON
2026-07-31 07:47:26,297 [INFO] [SCAN] 블랙리스트 4개 제외: ['IP/USDT:USDT', 'NES/USDT:USDT', 'WLD/USDT:USDT', 'XAG/USDT:USDT', 'XAU/USDT:USDT', 'XAUT/USDT:USDT']
2026-07-31 07:47:26,298 [INFO] [SCAN] 스캔 시작: 30개 페어 (캐시 33개 보유)
2026-07-31 07:47:40,038 [INFO] [SCAN] 완료: 30개 종목 · 신호 0개 · API 호출 30회 · 캐시 히트 0회
2026-07-31 07:47:55,269 [INFO] [SCAN] 블랙리스트 4개 제외: ['IP/USDT:USDT', 'NES/USDT:USDT', 'WLD/USDT:USDT', 'XAG/USDT:USDT', 'XAU/USDT:USDT', 'XAUT/USDT:USDT']
2026-07-31 07:47:55,269 [INFO] [SCAN] 스캔 시작: 30개 페어 (캐시 33개 보유)
2026-07-31 07:48:08,634 [INFO] [SCAN] 완료: 30개 종목 · 신호 0개 · API 호출 30회 · 캐시 히트 0회
2026-07-31 07:48:24,545 [INFO] [상태] 잔고:$9.89 | 포지션:1개 | 스캔:870회 | 스캐너:ON
2026-07-31 07:48:25,048 [INFO] [SCAN] 블랙리스트 4개 제외: ['IP/USDT:USDT', 'NES/USDT:USDT', 'WLD/USDT:USDT', 'XAG/USDT:USDT', 'XAU/USDT:USDT', 'XAUT/USDT:USDT']
2026-07-31 07:48:25,048 [INFO] [SCAN] 스캔 시작: 30개 페어 (캐시 33개 보유)
2026-07-31 07:48:38,114 [INFO] [SCAN] 완료: 30개 종목 · 신호 0개 · API 호출 30회 · 캐시 히트 0회
2026-07-31 07:48:53,398 [INFO] [SCAN] 블랙리스트 4개 제외: ['IP/USDT:USDT', 'NES/USDT:USDT', 'WLD/USDT:USDT', 'XAG/USDT:USDT', 'XAU/USDT:USDT', 'XAUT/USDT:USDT']
2026-07-31 07:48:53,398 [INFO] [SCAN] 스캔 시작: 30개 페어 (캐시 33개 보유)
2026-07-31 07:49:06,639 [INFO] [SCAN] 완료: 30개 종목 · 신호 0개 · API 호출 30회 · 캐시 히트 0회
2026-07-31 07:49:21,917 [INFO] [SCAN] 블랙리스트 4개 제외: ['IP/USDT:USDT', 'NES/USDT:USDT', 'WLD/USDT:USDT', 'XAG/USDT:USDT', 'XAU/USDT:USDT', 'XAUT/USDT:USDT']
2026-07-31 07:49:21,917 [INFO] [SCAN] 스캔 시작: 30개 페어 (캐시 33개 보유)
2026-07-31 07:49:25,115 [INFO] [상태] 잔고:$9.89 | 포지션:1개 | 스캔:872회 | 스캐너:ON
2026-07-31 07:49:35,395 [INFO] [SCAN] 완료: 30개 종목 · 신호 0개 · API 호출 30회 · 캐시 히트 0회
2026-07-31 07:49:51,614 [INFO] [SCAN] 블랙리스트 4개 제외: ['IP/USDT:USDT', 'NES/USDT:USDT', 'WLD/USDT:USDT', 'XAG/USDT:USDT', 'XAU/USDT:USDT', 'XAUT/USDT:USDT']
2026-07-31 07:49:51,614 [INFO] [SCAN] 스캔 시작: 30개 페어 (캐시 33개 보유)
2026-07-31 07:50:04,920 [INFO] [SCAN] 완료: 30개 종목 · 신호 0개 · API 호출 30회 · 캐시 히트 0회
2026-07-31 07:50:20,142 [INFO] [SCAN] 블랙리스트 4개 제외: ['IP/USDT:USDT', 'NES/USDT:USDT', 'WLD/USDT:USDT', 'XAG/USDT:USDT', 'XAU/USDT:USDT', 'XAUT/USDT:USDT']
2026-07-31 07:50:20,142 [INFO] [SCAN] 스캔 시작: 30개 페어 (캐시 33개 보유)
2026-07-31 07:50:25,701 [INFO] [상태] 잔고:$9.89 | 포지션:1개 | 스캔:874회 | 스캐너:ON
2026-07-31 07:50:33,707 [INFO] [SCAN] 완료: 30개 종목 · 신호 0개 · API 호출 30회 · 캐시 히트 0회
2026-07-31 07:50:48,930 [INFO] [SCAN] 블랙리스트 4개 제외: ['IP/USDT:USDT', 'NES/USDT:USDT', 'WLD/USDT:USDT', 'XAG/USDT:USDT', 'XAU/USDT:USDT', 'XAUT/USDT:USDT']
2026-07-31 07:50:48,931 [INFO] [SCAN] 스캔 시작: 30개 페어 (캐시 33개 보유)
2026-07-31 07:51:02,260 [INFO] [SCAN] 완료: 30개 종목 · 신호 0개 · API 호출 30회 · 캐시 히트 0회
2026-07-31 07:51:18,658 [INFO] [SCAN] 블랙리스트 4개 제외: ['IP/USDT:USDT', 'NES/USDT:USDT', 'WLD/USDT:USDT', 'XAG/USDT:USDT', 'XAU/USDT:USDT', 'XAUT/USDT:USDT']
2026-07-31 07:51:18,658 [INFO] [SCAN] 스캔 시작: 30개 페어 (캐시 33개 보유)
2026-07-31 07:51:26,300 [INFO] [상태] 잔고:$9.90 | 포지션:1개 | 스캔:876회 | 스캐너:ON
2026-07-31 07:51:31,950 [INFO] [SCAN] 완료: 30개 종목 · 신호 0개 · API 호출 30회 · 캐시 히트 0회
2026-07-31 07:51:47,197 [INFO] [SCAN] 블랙리스트 4개 제외: ['IP/USDT:USDT', 'NES/USDT:USDT', 'WLD/USDT:USDT', 'XAG/USDT:USDT', 'XAU/USDT:USDT', 'XAUT/USDT:USDT']
2026-07-31 07:51:47,198 [INFO] [SCAN] 스캔 시작: 30개 페어 (캐시 33개 보유)
2026-07-31 07:52:00,946 [INFO] [SCAN] 완료: 30개 종목 · 신호 0개 · API 호출 30회 · 캐시 히트 0회
2026-07-31 07:52:16,192 [INFO] [SCAN] 블랙리스트 4개 제외: ['IP/USDT:USDT', 'NES/USDT:USDT', 'WLD/USDT:USDT', 'XAG/USDT:USDT', 'XAU/USDT:USDT', 'XAUT/USDT:USDT']
2026-07-31 07:52:16,192 [INFO] [SCAN] 스캔 시작: 30개 페어 (캐시 33개 보유)
2026-07-31 07:52:26,841 [INFO] [상태] 잔고:$9.90 | 포지션:1개 | 스캔:878회 | 스캐너:ON
2026-07-31 07:52:29,526 [INFO] [SCAN] 완료: 30개 종목 · 신호 0개 · API 호출 30회 · 캐시 히트 0회
2026-07-31 07:52:45,871 [INFO] [SCAN] 블랙리스트 4개 제외: ['IP/USDT:USDT', 'NES/USDT:USDT', 'WLD/USDT:USDT', 'XAG/USDT:USDT', 'XAU/USDT:USDT', 'XAUT/USDT:USDT']
2026-07-31 07:52:45,871 [INFO] [SCAN] 스캔 시작: 30개 페어 (캐시 33개 보유)
2026-07-31 07:52:58,950 [INFO] [SCAN] 완료: 30개 종목 · 신호 0개 · API 호출 30회 · 캐시 히트 0회
2026-07-31 07:53:14,201 [INFO] [SCAN] 블랙리스트 4개 제외: ['IP/USDT:USDT', 'NES/USDT:USDT', 'WLD/USDT:USDT', 'XAG/USDT:USDT', 'XAU/USDT:USDT', 'XAUT/USDT:USDT']
2026-07-31 07:53:14,201 [INFO] [SCAN] 스캔 시작: 30개 페어 (캐시 33개 보유)
2026-07-31 07:53:27,227 [INFO] [SCAN] 완료: 30개 종목 · 신호 0개 · API 호출 30회 · 캐시 히트 0회
2026-07-31 07:53:27,371 [INFO] [상태] 잔고:$9.90 | 포지션:1개 | 스캔:881회 | 스캐너:ON
2026-07-31 07:53:42,632 [INFO] [SCAN] 블랙리스트 4개 제외: ['IP/USDT:USDT', 'NES/USDT:USDT', 'WLD/USDT:USDT', 'XAG/USDT:USDT', 'XAU/USDT:USDT', 'XAUT/USDT:USDT']
2026-07-31 07:53:42,632 [INFO] [SCAN] 스캔 시작: 30개 페어 (캐시 33개 보유)
2026-07-31 07:53:55,813 [INFO] [SCAN] 완료: 30개 종목 · 신호 0개 · API 호출 30회 · 캐시 히트 0회
2026-07-31 07:54:12,232 [INFO] [SCAN] 블랙리스트 4개 제외: ['IP/USDT:USDT', 'NES/USDT:USDT', 'WLD/USDT:USDT', 'XAG/USDT:USDT', 'XAU/USDT:USDT', 'XAUT/USDT:USDT']
2026-07-31 07:54:12,232 [INFO] [SCAN] 스캔 시작: 30개 페어 (캐시 33개 보유)
2026-07-31 07:54:25,709 [INFO] [SCAN] 완료: 30개 종목 · 신호 0개 · API 호출 30회 · 캐시 히트 0회
2026-07-31 07:54:27,803 [INFO] [상태] 잔고:$9.90 | 포지션:1개 | 스캔:883회 | 스캐너:ON
2026-07-31 07:54:41,373 [INFO] [SCAN] 블랙리스트 4개 제외: ['IP/USDT:USDT', 'NES/USDT:USDT', 'WLD/USDT:USDT', 'XAG/USDT:USDT', 'XAU/USDT:USDT', 'XAUT/USDT:USDT']
2026-07-31 07:54:41,374 [INFO] [SCAN] 스캔 시작: 30개 페어 (캐시 33개 보유)
2026-07-31 07:54:54,633 [INFO] [SCAN] 완료: 30개 종목 · 신호 0개 · API 호출 30회 · 캐시 히트 0회
2026-07-31 07:55:09,888 [INFO] [SCAN] 블랙리스트 4개 제외: ['IP/USDT:USDT', 'NES/USDT:USDT', 'WLD/USDT:USDT', 'XAG/USDT:USDT', 'XAU/USDT:USDT', 'XAUT/USDT:USDT']
2026-07-31 07:55:09,890 [INFO] [SCAN] 스캔 시작: 30개 페어 (캐시 33개 보유)
2026-07-31 07:55:22,874 [INFO] [SCAN] 완료: 30개 종목 · 신호 0개 · API 호출 30회 · 캐시 히트 0회
2026-07-31 07:55:28,317 [INFO] [상태] 잔고:$9.90 | 포지션:1개 | 스캔:885회 | 스캐너:ON
2026-07-31 07:55:39,192 [INFO] [SCAN] 블랙리스트 4개 제외: ['IP/USDT:USDT', 'NES/USDT:USDT', 'WLD/USDT:USDT', 'XAG/USDT:USDT', 'XAU/USDT:USDT', 'XAUT/USDT:USDT']
2026-07-31 07:55:39,192 [INFO] [SCAN] 스캔 시작: 30개 페어 (캐시 33개 보유)
2026-07-31 07:55:52,261 [INFO] [SCAN] 완료: 30개 종목 · 신호 0개 · API 호출 30회 · 캐시 히트 0회
2026-07-31 07:56:07,505 [INFO] [SCAN] 블랙리스트 4개 제외: ['IP/USDT:USDT', 'NES/USDT:USDT', 'WLD/USDT:USDT', 'XAG/USDT:USDT', 'XAU/USDT:USDT', 'XAUT/USDT:USDT']
2026-07-31 07:56:07,505 [INFO] [SCAN] 스캔 시작: 30개 페어 (캐시 33개 보유)
2026-07-31 07:56:21,181 [INFO] [SCAN] 완료: 30개 종목 · 신호 0개 · API 호출 30회 · 캐시 히트 0회
2026-07-31 07:56:28,759 [INFO] [상태] 잔고:$9.90 | 포지션:1개 | 스캔:887회 | 스캐너:ON
2026-07-31 07:56:36,555 [INFO] [SCAN] 블랙리스트 4개 제외: ['IP/USDT:USDT', 'NES/USDT:USDT', 'WLD/USDT:USDT', 'XAG/USDT:USDT', 'XAU/USDT:USDT', 'XAUT/USDT:USDT']
2026-07-31 07:56:36,555 [INFO] [SCAN] 스캔 시작: 30개 페어 (캐시 33개 보유)
2026-07-31 07:56:50,040 [INFO] [SCAN] 완료: 30개 종목 · 신호 0개 · API 호출 30회 · 캐시 히트 0회
2026-07-31 07:57:06,497 [INFO] [SCAN] 블랙리스트 4개 제외: ['IP/USDT:USDT', 'NES/USDT:USDT', 'WLD/USDT:USDT', 'XAG/USDT:USDT', 'XAU/USDT:USDT', 'XAUT/USDT:USDT']
2026-07-31 07:57:06,498 [INFO] [SCAN] 스캔 시작: 30개 페어 (캐시 33개 보유)
2026-07-31 07:57:19,854 [INFO] [SCAN] 완료: 30개 종목 · 신호 0개 · API 호출 30회 · 캐시 히트 0회
2026-07-31 07:57:29,311 [INFO] [상태] 잔고:$9.90 | 포지션:1개 | 스캔:889회 | 스캐너:ON
2026-07-31 07:57:35,225 [INFO] [SCAN] 블랙리스트 4개 제외: ['IP/USDT:USDT', 'NES/USDT:USDT', 'WLD/USDT:USDT', 'XAG/USDT:USDT', 'XAU/USDT:USDT', 'XAUT/USDT:USDT']
2026-07-31 07:57:35,225 [INFO] [SCAN] 스캔 시작: 30개 페어 (캐시 33개 보유)
2026-07-31 07:57:48,506 [INFO] [SCAN] 완료: 30개 종목 · 신호 0개 · API 호출 30회 · 캐시 히트 0회
2026-07-31 07:58:03,750 [INFO] [SCAN] 블랙리스트 4개 제외: ['IP/USDT:USDT', 'NES/USDT:USDT', 'WLD/USDT:USDT', 'XAG/USDT:USDT', 'XAU/USDT:USDT', 'XAUT/USDT:USDT']
2026-07-31 07:58:03,751 [INFO] [SCAN] 스캔 시작: 30개 페어 (캐시 33개 보유)
2026-07-31 07:58:16,771 [INFO] [SCAN] 완료: 30개 종목 · 신호 0개 · API 호출 30회 · 캐시 히트 0회
2026-07-31 07:58:29,797 [INFO] [상태] 잔고:$9.90 | 포지션:1개 | 스캔:891회 | 스캐너:ON
2026-07-31 07:58:33,103 [INFO] [SCAN] 블랙리스트 4개 제외: ['IP/USDT:USDT', 'NES/USDT:USDT', 'WLD/USDT:USDT', 'XAG/USDT:USDT', 'XAU/USDT:USDT', 'XAUT/USDT:USDT']
2026-07-31 07:58:33,103 [INFO] [SCAN] 스캔 시작: 30개 페어 (캐시 33개 보유)
2026-07-31 07:58:46,228 [INFO] [SCAN] 완료: 30개 종목 · 신호 0개 · API 호출 30회 · 캐시 히트 0회
2026-07-31 07:59:01,487 [INFO] [SCAN] 블랙리스트 4개 제외: ['IP/USDT:USDT', 'NES/USDT:USDT', 'WLD/USDT:USDT', 'XAG/USDT:USDT', 'XAU/USDT:USDT', 'XAUT/USDT:USDT']
2026-07-31 07:59:01,488 [INFO] [SCAN] 스캔 시작: 30개 페어 (캐시 33개 보유)
2026-07-31 07:59:14,735 [INFO] [SCAN] 완료: 30개 종목 · 신호 0개 · API 호출 30회 · 캐시 히트 0회
2026-07-31 07:59:29,972 [INFO] [SCAN] 블랙리스트 4개 제외: ['IP/USDT:USDT', 'NES/USDT:USDT', 'WLD/USDT:USDT', 'XAG/USDT:USDT', 'XAU/USDT:USDT', 'XAUT/USDT:USDT']
2026-07-31 07:59:29,972 [INFO] [SCAN] 스캔 시작: 30개 페어 (캐시 33개 보유)
2026-07-31 07:59:30,320 [INFO] [상태] 잔고:$9.90 | 포지션:1개 | 스캔:893회 | 스캐너:ON
2026-07-31 07:59:43,500 [INFO] [SCAN] 완료: 30개 종목 · 신호 0개 · API 호출 30회 · 캐시 히트 0회
2026-07-31 07:59:59,830 [INFO] [SCAN] 블랙리스트 4개 제외: ['IP/USDT:USDT', 'NES/USDT:USDT', 'WLD/USDT:USDT', 'XAG/USDT:USDT', 'XAU/USDT:USDT', 'XAUT/USDT:USDT']
2026-07-31 07:59:59,831 [INFO] [SCAN] 스캔 시작: 30개 페어 (캐시 33개 보유)
2026-07-31 08:00:13,185 [INFO] [SCAN] 완료: 30개 종목 · 신호 0개 · API 호출 30회 · 캐시 히트 0회
2026-07-31 08:00:28,431 [INFO] [SCAN] 블랙리스트 4개 제외: ['IP/USDT:USDT', 'NES/USDT:USDT', 'WLD/USDT:USDT', 'XAG/USDT:USDT', 'XAU/USDT:USDT', 'XAUT/USDT:USDT']
2026-07-31 08:00:28,433 [INFO] [SCAN] 스캔 시작: 30개 페어 (캐시 33개 보유)
2026-07-31 08:00:30,751 [INFO] [상태] 잔고:$9.90 | 포지션:1개 | 스캔:895회 | 스캐너:ON
2026-07-31 08:00:41,597 [INFO] [SCAN] 완료: 30개 종목 · 신호 0개 · API 호출 30회 · 캐시 히트 0회
2026-07-31 08:00:56,892 [INFO] [SCAN] 블랙리스트 4개 제외: ['IP/USDT:USDT', 'NES/USDT:USDT', 'WLD/USDT:USDT', 'XAG/USDT:USDT', 'XAU/USDT:USDT', 'XAUT/USDT:USDT']
2026-07-31 08:00:56,892 [INFO] [SCAN] 스캔 시작: 30개 페어 (캐시 33개 보유)
2026-07-31 08:01:10,478 [INFO] [SCAN] 완료: 30개 종목 · 신호 0개 · API 호출 30회 · 캐시 히트 0회
2026-07-31 08:01:26,829 [INFO] [SCAN] 블랙리스트 4개 제외: ['IP/USDT:USDT', 'NES/USDT:USDT', 'WLD/USDT:USDT', 'XAG/USDT:USDT', 'XAU/USDT:USDT', 'XAUT/USDT:USDT']
2026-07-31 08:01:26,830 [INFO] [SCAN] 스캔 시작: 30개 페어 (캐시 33개 보유)
2026-07-31 08:01:31,242 [INFO] [상태] 잔고:$9.90 | 포지션:1개 | 스캔:897회 | 스캐너:ON
2026-07-31 08:01:40,567 [INFO] [SCAN] 완료: 30개 종목 · 신호 0개 · API 호출 30회 · 캐시 히트 0회
2026-07-31 08:01:55,825 [INFO] [SCAN] 블랙리스트 4개 제외: ['IP/USDT:USDT', 'NES/USDT:USDT', 'WLD/USDT:USDT', 'XAG/USDT:USDT', 'XAU/USDT:USDT', 'XAUT/USDT:USDT']
2026-07-31 08:01:55,825 [INFO] [SCAN] 스캔 시작: 30개 페어 (캐시 33개 보유)
2026-07-31 08:02:09,190 [INFO] [SCAN] 완료: 30개 종목 · 신호 0개 · API 호출 30회 · 캐시 히트 0회
2026-07-31 08:02:24,442 [INFO] [SCAN] 블랙리스트 4개 제외: ['IP/USDT:USDT', 'NES/USDT:USDT', 'WLD/USDT:USDT', 'XAG/USDT:USDT', 'XAU/USDT:USDT', 'XAUT/USDT:USDT']
2026-07-31 08:02:24,442 [INFO] [SCAN] 스캔 시작: 30개 페어 (캐시 33개 보유)
2026-07-31 08:02:31,761 [INFO] [상태] 잔고:$9.90 | 포지션:1개 | 스캔:899회 | 스캐너:ON
2026-07-31 08:02:37,763 [INFO] [SCAN] 완료: 30개 종목 · 신호 0개 · API 호출 30회 · 캐시 히트 0회
2026-07-31 08:02:53,980 [INFO] [SCAN] 블랙리스트 4개 제외: ['IP/USDT:USDT', 'NES/USDT:USDT', 'WLD/USDT:USDT', 'XAG/USDT:USDT', 'XAU/USDT:USDT', 'XAUT/USDT:USDT']
2026-07-31 08:02:53,981 [INFO] [SCAN] 스캔 시작: 30개 페어 (캐시 33개 보유)
2026-07-31 08:03:06,922 [INFO] [SCAN] 완료: 30개 종목 · 신호 0개 · API 호출 30회 · 캐시 히트 0회
2026-07-31 08:03:22,168 [INFO] [SCAN] 블랙리스트 4개 제외: ['IP/USDT:USDT', 'NES/USDT:USDT', 'WLD/USDT:USDT', 'XAG/USDT:USDT', 'XAU/USDT:USDT', 'XAUT/USDT:USDT']
2026-07-31 08:03:22,168 [INFO] [SCAN] 스캔 시작: 30개 페어 (캐시 33개 보유)
2026-07-31 08:03:32,200 [INFO] [상태] 잔고:$9.90 | 포지션:1개 | 스캔:901회 | 스캐너:ON
2026-07-31 08:03:35,336 [INFO] [SCAN] 완료: 30개 종목 · 신호 0개 · API 호출 30회 · 캐시 히트 0회
2026-07-31 08:03:50,617 [INFO] [SCAN] 블랙리스트 4개 제외: ['IP/USDT:USDT', 'NES/USDT:USDT', 'WLD/USDT:USDT', 'XAG/USDT:USDT', 'XAU/USDT:USDT', 'XAUT/USDT:USDT']
2026-07-31 08:03:50,617 [INFO] [SCAN] 스캔 시작: 30개 페어 (캐시 33개 보유)
2026-07-31 08:04:04,092 [INFO] [SCAN] 완료: 30개 종목 · 신호 0개 · API 호출 30회 · 캐시 히트 0회
2026-07-31 08:04:20,349 [INFO] [SCAN] 블랙리스트 4개 제외: ['IP/USDT:USDT', 'NES/USDT:USDT', 'WLD/USDT:USDT', 'XAG/USDT:USDT', 'XAU/USDT:USDT', 'XAUT/USDT:USDT']
2026-07-31 08:04:20,349 [INFO] [SCAN] 스캔 시작: 30개 페어 (캐시 33개 보유)
2026-07-31 08:04:32,821 [INFO] [상태] 잔고:$9.89 | 포지션:1개 | 스캔:903회 | 스캐너:ON
2026-07-31 08:04:33,960 [INFO] [SCAN] 완료: 30개 종목 · 신호 0개 · API 호출 30회 · 캐시 히트 0회
2026-07-31 08:04:49,240 [INFO] [SCAN] 블랙리스트 4개 제외: ['IP/USDT:USDT', 'NES/USDT:USDT', 'WLD/USDT:USDT', 'XAG/USDT:USDT', 'XAU/USDT:USDT', 'XAUT/USDT:USDT']
2026-07-31 08:04:49,240 [INFO] [SCAN] 스캔 시작: 30개 페어 (캐시 33개 보유)
2026-07-31 08:05:02,287 [INFO] [SCAN] 완료: 30개 종목 · 신호 0개 · API 호출 30회 · 캐시 히트 0회
2026-07-31 08:05:17,544 [INFO] [SCAN] 블랙리스트 4개 제외: ['IP/USDT:USDT', 'NES/USDT:USDT', 'WLD/USDT:USDT', 'XAG/USDT:USDT', 'XAU/USDT:USDT', 'XAUT/USDT:USDT']
2026-07-31 08:05:17,545 [INFO] [SCAN] 스캔 시작: 30개 페어 (캐시 33개 보유)
2026-07-31 08:05:30,905 [INFO] [SCAN] 완료: 30개 종목 · 신호 0개 · API 호출 30회 · 캐시 히트 0회
2026-07-31 08:05:33,417 [INFO] [상태] 잔고:$9.89 | 포지션:1개 | 스캔:906회 | 스캐너:ON
2026-07-31 08:05:47,245 [INFO] [SCAN] 블랙리스트 4개 제외: ['IP/USDT:USDT', 'NES/USDT:USDT', 'WLD/USDT:USDT', 'XAG/USDT:USDT', 'XAU/USDT:USDT', 'XAUT/USDT:USDT']
2026-07-31 08:05:47,246 [INFO] [SCAN] 스캔 시작: 30개 페어 (캐시 33개 보유)
2026-07-31 08:06:00,495 [INFO] [SCAN] 완료: 30개 종목 · 신호 0개 · API 호출 30회 · 캐시 히트 0회
2026-07-31 08:06:15,762 [INFO] [SCAN] 블랙리스트 4개 제외: ['IP/USDT:USDT', 'NES/USDT:USDT', 'WLD/USDT:USDT', 'XAG/USDT:USDT', 'XAU/USDT:USDT', 'XAUT/USDT:USDT']
2026-07-31 08:06:15,763 [INFO] [SCAN] 스캔 시작: 30개 페어 (캐시 33개 보유)
2026-07-31 08:06:29,007 [INFO] [SCAN] 완료: 30개 종목 · 신호 0개 · API 호출 30회 · 캐시 히트 0회
2026-07-31 08:06:33,862 [INFO] [상태] 잔고:$9.90 | 포지션:1개 | 스캔:908회 | 스캐너:ON
2026-07-31 08:06:44,378 [INFO] [SCAN] 블랙리스트 4개 제외: ['IP/USDT:USDT', 'NES/USDT:USDT', 'WLD/USDT:USDT', 'XAG/USDT:USDT', 'XAU/USDT:USDT', 'XAUT/USDT:USDT']
2026-07-31 08:06:44,378 [INFO] [SCAN] 스캔 시작: 30개 페어 (캐시 33개 보유)
2026-07-31 08:06:57,663 [INFO] [SCAN] 완료: 30개 종목 · 신호 0개 · API 호출 30회 · 캐시 히트 0회
2026-07-31 08:07:14,120 [INFO] [SCAN] 블랙리스트 4개 제외: ['IP/USDT:USDT', 'NES/USDT:USDT', 'WLD/USDT:USDT', 'XAG/USDT:USDT', 'XAU/USDT:USDT', 'XAUT/USDT:USDT']
2026-07-31 08:07:14,120 [INFO] [SCAN] 스캔 시작: 30개 페어 (캐시 33개 보유)
2026-07-31 08:07:27,408 [INFO] [SCAN] 완료: 30개 종목 · 신호 0개 · API 호출 30회 · 캐시 히트 0회
2026-07-31 08:07:34,456 [INFO] [상태] 잔고:$9.90 | 포지션:1개 | 스캔:910회 | 스캐너:ON
2026-07-31 08:07:42,776 [INFO] [SCAN] 블랙리스트 4개 제외: ['IP/USDT:USDT', 'NES/USDT:USDT', 'WLD/USDT:USDT', 'XAG/USDT:USDT', 'XAU/USDT:USDT', 'XAUT/USDT:USDT']
2026-07-31 08:07:42,776 [INFO] [SCAN] 스캔 시작: 30개 페어 (캐시 33개 보유)
2026-07-31 08:07:56,077 [INFO] [SCAN] 완료: 30개 종목 · 신호 0개 · API 호출 30회 · 캐시 히트 0회
2026-07-31 08:08:11,302 [INFO] [SCAN] 블랙리스트 4개 제외: ['IP/USDT:USDT', 'NES/USDT:USDT', 'WLD/USDT:USDT', 'XAG/USDT:USDT', 'XAU/USDT:USDT', 'XAUT/USDT:USDT']
2026-07-31 08:08:11,303 [INFO] [SCAN] 스캔 시작: 30개 페어 (캐시 33개 보유)
2026-07-31 08:08:24,719 [INFO] [SCAN] 완료: 30개 종목 · 신호 0개 · API 호출 30회 · 캐시 히트 0회
2026-07-31 08:08:34,992 [INFO] [상태] 잔고:$9.90 | 포지션:1개 | 스캔:912회 | 스캐너:ON
2026-07-31 08:08:41,151 [INFO] [SCAN] 블랙리스트 4개 제외: ['IP/USDT:USDT', 'NES/USDT:USDT', 'WLD/USDT:USDT', 'XAG/USDT:USDT', 'XAU/USDT:USDT', 'XAUT/USDT:USDT']
2026-07-31 08:08:41,152 [INFO] [SCAN] 스캔 시작: 30개 페어 (캐시 33개 보유)
2026-07-31 08:08:54,625 [INFO] [SCAN] 완료: 30개 종목 · 신호 0개 · API 호출 30회 · 캐시 히트 0회
2026-07-31 08:09:09,905 [INFO] [SCAN] 블랙리스트 4개 제외: ['IP/USDT:USDT', 'NES/USDT:USDT', 'WLD/USDT:USDT', 'XAG/USDT:USDT', 'XAU/USDT:USDT', 'XAUT/USDT:USDT']
2026-07-31 08:09:09,906 [INFO] [SCAN] 스캔 시작: 30개 페어 (캐시 33개 보유)
2026-07-31 08:09:23,305 [INFO] [SCAN] 완료: 30개 종목 · 신호 0개 · API 호출 30회 · 캐시 히트 0회
2026-07-31 08:09:35,426 [INFO] [상태] 잔고:$9.90 | 포지션:1개 | 스캔:914회 | 스캐너:ON
2026-07-31 08:09:38,686 [INFO] [SCAN] 블랙리스트 4개 제외: ['IP/USDT:USDT', 'NES/USDT:USDT', 'WLD/USDT:USDT', 'XAG/USDT:USDT', 'XAU/USDT:USDT', 'XAUT/USDT:USDT']
2026-07-31 08:09:38,686 [INFO] [SCAN] 스캔 시작: 30개 페어 (캐시 33개 보유)
2026-07-31 08:09:52,258 [INFO] [SCAN] 완료: 30개 종목 · 신호 0개 · API 호출 30회 · 캐시 히트 0회
2026-07-31 08:10:08,498 [INFO] [SCAN] 블랙리스트 4개 제외: ['IP/USDT:USDT', 'NES/USDT:USDT', 'WLD/USDT:USDT', 'XAG/USDT:USDT', 'XAU/USDT:USDT', 'XAUT/USDT:USDT']
2026-07-31 08:10:08,498 [INFO] [SCAN] 스캔 시작: 30개 페어 (캐시 33개 보유)
2026-07-31 08:10:22,147 [INFO] [SCAN] 완료: 30개 종목 · 신호 0개 · API 호출 30회 · 캐시 히트 0회
2026-07-31 08:10:35,962 [INFO] [상태] 잔고:$9.90 | 포지션:1개 | 스캔:916회 | 스캐너:ON
2026-07-31 08:10:37,507 [INFO] [SCAN] 블랙리스트 4개 제외: ['IP/USDT:USDT', 'NES/USDT:USDT', 'WLD/USDT:USDT', 'XAG/USDT:USDT', 'XAU/USDT:USDT', 'XAUT/USDT:USDT']
2026-07-31 08:10:37,507 [INFO] [SCAN] 스캔 시작: 30개 페어 (캐시 33개 보유)
2026-07-31 08:10:50,849 [INFO] [SCAN] 완료: 30개 종목 · 신호 0개 · API 호출 30회 · 캐시 히트 0회
2026-07-31 08:11:06,092 [INFO] [SCAN] 블랙리스트 4개 제외: ['IP/USDT:USDT', 'NES/USDT:USDT', 'WLD/USDT:USDT', 'XAG/USDT:USDT', 'XAU/USDT:USDT', 'XAUT/USDT:USDT']
2026-07-31 08:11:06,092 [INFO] [SCAN] 스캔 시작: 30개 페어 (캐시 33개 보유)
2026-07-31 08:11:19,421 [INFO] [SCAN] 완료: 30개 종목 · 신호 0개 · API 호출 30회 · 캐시 히트 0회
2026-07-31 08:11:35,657 [INFO] [SCAN] 블랙리스트 4개 제외: ['IP/USDT:USDT', 'NES/USDT:USDT', 'WLD/USDT:USDT', 'XAG/USDT:USDT', 'XAU/USDT:USDT', 'XAUT/USDT:USDT']
2026-07-31 08:11:35,658 [INFO] [SCAN] 스캔 시작: 30개 페어 (캐시 33개 보유)
2026-07-31 08:11:36,497 [INFO] [상태] 잔고:$9.89 | 포지션:1개 | 스캔:918회 | 스캐너:ON
2026-07-31 08:11:49,277 [INFO] [SCAN] 완료: 30개 종목 · 신호 0개 · API 호출 30회 · 캐시 히트 0회
2026-07-31 08:12:04,518 [INFO] [SCAN] 블랙리스트 4개 제외: ['IP/USDT:USDT', 'NES/USDT:USDT', 'WLD/USDT:USDT', 'XAG/USDT:USDT', 'XAU/USDT:USDT', 'XAUT/USDT:USDT']
2026-07-31 08:12:04,518 [INFO] [SCAN] 스캔 시작: 30개 페어 (캐시 33개 보유)
2026-07-31 08:12:17,454 [INFO] [SCAN] 완료: 30개 종목 · 신호 0개 · API 호출 30회 · 캐시 히트 0회
2026-07-31 08:12:32,682 [INFO] [SCAN] 블랙리스트 4개 제외: ['IP/USDT:USDT', 'NES/USDT:USDT', 'WLD/USDT:USDT', 'XAG/USDT:USDT', 'XAU/USDT:USDT', 'XAUT/USDT:USDT']
2026-07-31 08:12:32,682 [INFO] [SCAN] 스캔 시작: 30개 페어 (캐시 33개 보유)
2026-07-31 08:12:37,204 [INFO] [상태] 잔고:$9.89 | 포지션:1개 | 스캔:920회 | 스캐너:ON
2026-07-31 08:12:46,391 [INFO] [SCAN] 완료: 30개 종목 · 신호 0개 · API 호출 30회 · 캐시 히트 0회
2026-07-31 08:13:03,041 [INFO] [SCAN] 블랙리스트 4개 제외: ['IP/USDT:USDT', 'NES/USDT:USDT', 'WLD/USDT:USDT', 'XAG/USDT:USDT', 'XAU/USDT:USDT', 'XAUT/USDT:USDT']
2026-07-31 08:13:03,043 [INFO] [SCAN] 스캔 시작: 30개 페어 (캐시 33개 보유)
2026-07-31 08:13:15,972 [INFO] [SCAN] 완료: 30개 종목 · 신호 0개 · API 호출 30회 · 캐시 히트 0회
2026-07-31 08:13:31,235 [INFO] [SCAN] 블랙리스트 4개 제외: ['IP/USDT:USDT', 'NES/USDT:USDT', 'WLD/USDT:USDT', 'XAG/USDT:USDT', 'XAU/USDT:USDT', 'XAUT/USDT:USDT']
2026-07-31 08:13:31,236 [INFO] [SCAN] 스캔 시작: 30개 페어 (캐시 33개 보유)
2026-07-31 08:13:37,796 [INFO] [상태] 잔고:$9.88 | 포지션:1개 | 스캔:922회 | 스캐너:ON
2026-07-31 08:13:45,256 [INFO] [SCAN] 완료: 30개 종목 · 신호 0개 · API 호출 30회 · 캐시 히트 0회
2026-07-31 08:14:00,488 [INFO] [SCAN] 블랙리스트 4개 제외: ['IP/USDT:USDT', 'NES/USDT:USDT', 'WLD/USDT:USDT', 'XAG/USDT:USDT', 'XAU/USDT:USDT', 'XAUT/USDT:USDT']
2026-07-31 08:14:00,490 [INFO] [SCAN] 스캔 시작: 30개 페어 (캐시 33개 보유)
2026-07-31 08:14:13,643 [INFO] [SCAN] 완료: 30개 종목 · 신호 0개 · API 호출 30회 · 캐시 히트 0회
2026-07-31 08:14:29,891 [INFO] [SCAN] 블랙리스트 4개 제외: ['IP/USDT:USDT', 'NES/USDT:USDT', 'WLD/USDT:USDT', 'XAG/USDT:USDT', 'XAU/USDT:USDT', 'XAUT/USDT:USDT']
2026-07-31 08:14:29,892 [INFO] [SCAN] 스캔 시작: 30개 페어 (캐시 33개 보유)
2026-07-31 08:14:38,242 [INFO] [상태] 잔고:$9.89 | 포지션:1개 | 스캔:924회 | 스캐너:ON
2026-07-31 08:14:43,216 [INFO] [SCAN] 완료: 30개 종목 · 신호 0개 · API 호출 30회 · 캐시 히트 0회
2026-07-31 08:14:58,442 [INFO] [SCAN] 블랙리스트 4개 제외: ['IP/USDT:USDT', 'NES/USDT:USDT', 'WLD/USDT:USDT', 'XAG/USDT:USDT', 'XAU/USDT:USDT', 'XAUT/USDT:USDT']
2026-07-31 08:14:58,442 [INFO] [SCAN] 스캔 시작: 30개 페어 (캐시 33개 보유)
2026-07-31 08:15:11,586 [INFO] [SCAN] 완료: 30개 종목 · 신호 0개 · API 호출 30회 · 캐시 히트 0회
2026-07-31 08:15:26,871 [INFO] [SCAN] 블랙리스트 4개 제외: ['IP/USDT:USDT', 'NES/USDT:USDT', 'WLD/USDT:USDT', 'XAG/USDT:USDT', 'XAU/USDT:USDT', 'XAUT/USDT:USDT']
2026-07-31 08:15:26,871 [INFO] [SCAN] 스캔 시작: 30개 페어 (캐시 33개 보유)
2026-07-31 08:15:38,706 [INFO] [상태] 잔고:$9.89 | 포지션:1개 | 스캔:926회 | 스캐너:ON
2026-07-31 08:15:40,626 [INFO] [SCAN] 완료: 30개 종목 · 신호 0개 · API 호출 30회 · 캐시 히트 0회
2026-07-31 08:15:56,872 [INFO] [SCAN] 블랙리스트 4개 제외: ['IP/USDT:USDT', 'NES/USDT:USDT', 'WLD/USDT:USDT', 'XAG/USDT:USDT', 'XAU/USDT:USDT', 'XAUT/USDT:USDT']
2026-07-31 08:15:56,872 [INFO] [SCAN] 스캔 시작: 30개 페어 (캐시 33개 보유)
2026-07-31 08:16:09,860 [INFO] [SCAN] 완료: 30개 종목 · 신호 0개 · API 호출 30회 · 캐시 히트 0회
2026-07-31 08:16:25,093 [INFO] [SCAN] 블랙리스트 4개 제외: ['IP/USDT:USDT', 'NES/USDT:USDT', 'WLD/USDT:USDT', 'XAG/USDT:USDT', 'XAU/USDT:USDT', 'XAUT/USDT:USDT']
2026-07-31 08:16:25,093 [INFO] [SCAN] 스캔 시작: 30개 페어 (캐시 33개 보유)
2026-07-31 08:16:38,283 [INFO] [SCAN] 완료: 30개 종목 · 신호 0개 · API 호출 30회 · 캐시 히트 0회
2026-07-31 08:16:39,151 [INFO] [상태] 잔고:$9.89 | 포지션:1개 | 스캔:929회 | 스캐너:ON
2026-07-31 08:16:53,651 [INFO] [SCAN] 블랙리스트 4개 제외: ['IP/USDT:USDT', 'NES/USDT:USDT', 'WLD/USDT:USDT', 'XAG/USDT:USDT', 'XAU/USDT:USDT', 'XAUT/USDT:USDT']
2026-07-31 08:16:53,651 [INFO] [SCAN] 스캔 시작: 30개 페어 (캐시 33개 보유)
2026-07-31 08:17:06,594 [INFO] [SCAN] 완료: 30개 종목 · 신호 0개 · API 호출 30회 · 캐시 히트 0회
2026-07-31 08:17:22,822 [INFO] [SCAN] 블랙리스트 4개 제외: ['IP/USDT:USDT', 'NES/USDT:USDT', 'WLD/USDT:USDT', 'XAG/USDT:USDT', 'XAU/USDT:USDT', 'XAUT/USDT:USDT']
2026-07-31 08:17:22,822 [INFO] [SCAN] 스캔 시작: 30개 페어 (캐시 33개 보유)
2026-07-31 08:17:35,759 [INFO] [SCAN] 완료: 30개 종목 · 신호 0개 · API 호출 30회 · 캐시 히트 0회
2026-07-31 08:17:39,590 [INFO] [상태] 잔고:$9.88 | 포지션:1개 | 스캔:931회 | 스캐너:ON
2026-07-31 08:17:51,180 [INFO] [SCAN] 블랙리스트 4개 제외: ['IP/USDT:USDT', 'NES/USDT:USDT', 'WLD/USDT:USDT', 'XAG/USDT:USDT', 'XAU/USDT:USDT', 'XAUT/USDT:USDT']
2026-07-31 08:17:51,180 [INFO] [SCAN] 스캔 시작: 30개 페어 (캐시 33개 보유)
2026-07-31 08:18:04,381 [INFO] [SCAN] 완료: 30개 종목 · 신호 0개 · API 호출 30회 · 캐시 히트 0회
2026-07-31 08:18:19,633 [INFO] [SCAN] 블랙리스트 4개 제외: ['IP/USDT:USDT', 'NES/USDT:USDT', 'WLD/USDT:USDT', 'XAG/USDT:USDT', 'XAU/USDT:USDT', 'XAUT/USDT:USDT']
2026-07-31 08:18:19,633 [INFO] [SCAN] 스캔 시작: 30개 페어 (캐시 33개 보유)
2026-07-31 08:18:32,542 [INFO] [SCAN] 완료: 30개 종목 · 신호 0개 · API 호출 30회 · 캐시 히트 0회
2026-07-31 08:18:40,192 [INFO] [상태] 잔고:$9.88 | 포지션:1개 | 스캔:933회 | 스캐너:ON
2026-07-31 08:18:48,883 [INFO] [SCAN] 블랙리스트 4개 제외: ['IP/USDT:USDT', 'NES/USDT:USDT', 'WLD/USDT:USDT', 'XAG/USDT:USDT', 'XAU/USDT:USDT', 'XAUT/USDT:USDT']
2026-07-31 08:18:48,883 [INFO] [SCAN] 스캔 시작: 30개 페어 (캐시 33개 보유)
2026-07-31 08:19:01,895 [INFO] [SCAN] 완료: 30개 종목 · 신호 0개 · API 호출 30회 · 캐시 히트 0회
2026-07-31 08:19:17,152 [INFO] [SCAN] 블랙리스트 4개 제외: ['IP/USDT:USDT', 'NES/USDT:USDT', 'WLD/USDT:USDT', 'XAG/USDT:USDT', 'XAU/USDT:USDT', 'XAUT/USDT:USDT']
2026-07-31 08:19:17,152 [INFO] [SCAN] 스캔 시작: 30개 페어 (캐시 33개 보유)
2026-07-31 08:19:30,364 [INFO] [SCAN] 완료: 30개 종목 · 신호 0개 · API 호출 30회 · 캐시 히트 0회
2026-07-31 08:19:40,780 [INFO] [상태] 잔고:$9.88 | 포지션:1개 | 스캔:935회 | 스캐너:ON
2026-07-31 08:19:45,783 [INFO] [SCAN] 블랙리스트 4개 제외: ['IP/USDT:USDT', 'NES/USDT:USDT', 'WLD/USDT:USDT', 'XAG/USDT:USDT', 'XAU/USDT:USDT', 'XAUT/USDT:USDT']
2026-07-31 08:19:45,784 [INFO] [SCAN] 스캔 시작: 30개 페어 (캐시 33개 보유)
2026-07-31 08:19:58,872 [INFO] [SCAN] 완료: 30개 종목 · 신호 0개 · API 호출 30회 · 캐시 히트 0회
2026-07-31 08:20:15,230 [INFO] [SCAN] 블랙리스트 4개 제외: ['IP/USDT:USDT', 'NES/USDT:USDT', 'WLD/USDT:USDT', 'XAG/USDT:USDT', 'XAU/USDT:USDT', 'XAUT/USDT:USDT']
2026-07-31 08:20:15,230 [INFO] [SCAN] 스캔 시작: 30개 페어 (캐시 33개 보유)
2026-07-31 08:20:28,840 [INFO] [SCAN] 완료: 30개 종목 · 신호 0개 · API 호출 30회 · 캐시 히트 0회
2026-07-31 08:20:41,339 [INFO] [상태] 잔고:$9.88 | 포지션:1개 | 스캔:937회 | 스캐너:ON
2026-07-31 08:20:44,222 [INFO] [SCAN] 블랙리스트 4개 제외: ['IP/USDT:USDT', 'NES/USDT:USDT', 'WLD/USDT:USDT', 'XAG/USDT:USDT', 'XAU/USDT:USDT', 'XAUT/USDT:USDT']
2026-07-31 08:20:44,222 [INFO] [SCAN] 스캔 시작: 30개 페어 (캐시 33개 보유)
2026-07-31 08:20:57,729 [INFO] [SCAN] 완료: 30개 종목 · 신호 0개 · API 호출 30회 · 캐시 히트 0회
2026-07-31 08:21:12,984 [INFO] [SCAN] 블랙리스트 4개 제외: ['IP/USDT:USDT', 'NES/USDT:USDT', 'WLD/USDT:USDT', 'XAG/USDT:USDT', 'XAU/USDT:USDT', 'XAUT/USDT:USDT']
2026-07-31 08:21:12,985 [INFO] [SCAN] 스캔 시작: 30개 페어 (캐시 33개 보유)
2026-07-31 08:21:25,990 [INFO] [SCAN] 완료: 30개 종목 · 신호 0개 · API 호출 30회 · 캐시 히트 0회
2026-07-31 08:21:42,045 [INFO] [상태] 잔고:$9.88 | 포지션:1개 | 스캔:939회 | 스캐너:ON
2026-07-31 08:21:42,377 [INFO] [SCAN] 블랙리스트 4개 제외: ['IP/USDT:USDT', 'NES/USDT:USDT', 'WLD/USDT:USDT', 'XAG/USDT:USDT', 'XAU/USDT:USDT', 'XAUT/USDT:USDT']
2026-07-31 08:21:42,377 [INFO] [SCAN] 스캔 시작: 30개 페어 (캐시 33개 보유)
2026-07-31 08:21:55,400 [INFO] [SCAN] 완료: 30개 종목 · 신호 0개 · API 호출 30회 · 캐시 히트 0회
2026-07-31 08:22:10,642 [INFO] [SCAN] 블랙리스트 4개 제외: ['IP/USDT:USDT', 'NES/USDT:USDT', 'WLD/USDT:USDT', 'XAG/USDT:USDT', 'XAU/USDT:USDT', 'XAUT/USDT:USDT']
2026-07-31 08:22:10,642 [INFO] [SCAN] 스캔 시작: 30개 페어 (캐시 33개 보유)
2026-07-31 08:22:23,627 [INFO] [SCAN] 완료: 30개 종목 · 신호 0개 · API 호출 30회 · 캐시 히트 0회
2026-07-31 08:22:38,857 [INFO] [SCAN] 블랙리스트 4개 제외: ['IP/USDT:USDT', 'NES/USDT:USDT', 'WLD/USDT:USDT', 'XAG/USDT:USDT', 'XAU/USDT:USDT', 'XAUT/USDT:USDT']
2026-07-31 08:22:38,857 [INFO] [SCAN] 스캔 시작: 30개 페어 (캐시 33개 보유)
2026-07-31 08:22:42,609 [INFO] [상태] 잔고:$9.88 | 포지션:1개 | 스캔:941회 | 스캐너:ON
2026-07-31 08:22:52,405 [INFO] [SCAN] 완료: 30개 종목 · 신호 0개 · API 호출 30회 · 캐시 히트 0회
2026-07-31 08:23:08,648 [INFO] [SCAN] 블랙리스트 4개 제외: ['IP/USDT:USDT', 'NES/USDT:USDT', 'WLD/USDT:USDT', 'XAG/USDT:USDT', 'XAU/USDT:USDT', 'XAUT/USDT:USDT']
2026-07-31 08:23:08,648 [INFO] [SCAN] 스캔 시작: 30개 페어 (캐시 33개 보유)
2026-07-31 08:23:21,773 [INFO] [SCAN] 완료: 30개 종목 · 신호 0개 · API 호출 30회 · 캐시 히트 0회
2026-07-31 08:23:37,045 [INFO] [SCAN] 블랙리스트 4개 제외: ['IP/USDT:USDT', 'NES/USDT:USDT', 'WLD/USDT:USDT', 'XAG/USDT:USDT', 'XAU/USDT:USDT', 'XAUT/USDT:USDT']
2026-07-31 08:23:37,045 [INFO] [SCAN] 스캔 시작: 30개 페어 (캐시 33개 보유)
2026-07-31 08:23:43,314 [INFO] [상태] 잔고:$9.88 | 포지션:1개 | 스캔:943회 | 스캐너:ON
2026-07-31 08:23:50,589 [INFO] [SCAN] 완료: 30개 종목 · 신호 0개 · API 호출 30회 · 캐시 히트 0회
2026-07-31 08:24:05,823 [INFO] [SCAN] 블랙리스트 4개 제외: ['IP/USDT:USDT', 'NES/USDT:USDT', 'WLD/USDT:USDT', 'XAG/USDT:USDT', 'XAU/USDT:USDT', 'XAUT/USDT:USDT']
2026-07-31 08:24:05,824 [INFO] [SCAN] 스캔 시작: 30개 페어 (캐시 33개 보유)
2026-07-31 08:24:19,120 [INFO] [SCAN] 완료: 30개 종목 · 신호 0개 · API 호출 30회 · 캐시 히트 0회
2026-07-31 08:24:35,466 [INFO] [SCAN] 블랙리스트 4개 제외: ['IP/USDT:USDT', 'NES/USDT:USDT', 'WLD/USDT:USDT', 'XAG/USDT:USDT', 'XAU/USDT:USDT', 'XAUT/USDT:USDT']
2026-07-31 08:24:35,466 [INFO] [SCAN] 스캔 시작: 30개 페어 (캐시 33개 보유)
2026-07-31 08:24:43,792 [INFO] [상태] 잔고:$9.88 | 포지션:1개 | 스캔:945회 | 스캐너:ON
2026-07-31 08:24:49,269 [INFO] [SCAN] 완료: 30개 종목 · 신호 0개 · API 호출 30회 · 캐시 히트 0회
2026-07-31 08:25:04,556 [INFO] [SCAN] 블랙리스트 4개 제외: ['IP/USDT:USDT', 'NES/USDT:USDT', 'WLD/USDT:USDT', 'XAG/USDT:USDT', 'XAU/USDT:USDT', 'XAUT/USDT:USDT']
2026-07-31 08:25:04,556 [INFO] [SCAN] 스캔 시작: 30개 페어 (캐시 33개 보유)
2026-07-31 08:25:17,751 [INFO] [SCAN] 완료: 30개 종목 · 신호 0개 · API 호출 30회 · 캐시 히트 0회
2026-07-31 08:25:33,025 [INFO] [SCAN] 블랙리스트 4개 제외: ['IP/USDT:USDT', 'NES/USDT:USDT', 'WLD/USDT:USDT', 'XAG/USDT:USDT', 'XAU/USDT:USDT', 'XAUT/USDT:USDT']
2026-07-31 08:25:33,025 [INFO] [SCAN] 스캔 시작: 30개 페어 (캐시 33개 보유)
2026-07-31 08:25:44,306 [INFO] [상태] 잔고:$9.88 | 포지션:1개 | 스캔:947회 | 스캐너:ON
2026-07-31 08:25:46,580 [INFO] [SCAN] 완료: 30개 종목 · 신호 0개 · API 호출 30회 · 캐시 히트 0회
2026-07-31 08:26:02,898 [INFO] [SCAN] 블랙리스트 4개 제외: ['IP/USDT:USDT', 'NES/USDT:USDT', 'WLD/USDT:USDT', 'XAG/USDT:USDT', 'XAU/USDT:USDT', 'XAUT/USDT:USDT']
2026-07-31 08:26:02,898 [INFO] [SCAN] 스캔 시작: 30개 페어 (캐시 33개 보유)
2026-07-31 08:26:16,190 [INFO] [SCAN] 완료: 30개 종목 · 신호 0개 · API 호출 30회 · 캐시 히트 0회
2026-07-31 08:26:31,442 [INFO] [SCAN] 블랙리스트 4개 제외: ['IP/USDT:USDT', 'NES/USDT:USDT', 'WLD/USDT:USDT', 'XAG/USDT:USDT', 'XAU/USDT:USDT', 'XAUT/USDT:USDT']
2026-07-31 08:26:31,442 [INFO] [SCAN] 스캔 시작: 30개 페어 (캐시 33개 보유)
2026-07-31 08:26:44,333 [INFO] [SCAN] 완료: 30개 종목 · 신호 0개 · API 호출 30회 · 캐시 히트 0회
2026-07-31 08:26:44,847 [INFO] [상태] 잔고:$9.87 | 포지션:1개 | 스캔:950회 | 스캐너:ON
2026-07-31 08:26:59,718 [INFO] [SCAN] 블랙리스트 4개 제외: ['IP/USDT:USDT', 'NES/USDT:USDT', 'WLD/USDT:USDT', 'XAG/USDT:USDT', 'XAU/USDT:USDT', 'XAUT/USDT:USDT']
2026-07-31 08:26:59,718 [INFO] [SCAN] 스캔 시작: 30개 페어 (캐시 33개 보유)
2026-07-31 08:27:13,028 [INFO] [SCAN] 완료: 30개 종목 · 신호 0개 · API 호출 30회 · 캐시 히트 0회
2026-07-31 08:27:29,245 [INFO] [SCAN] 블랙리스트 4개 제외: ['IP/USDT:USDT', 'NES/USDT:USDT', 'WLD/USDT:USDT', 'XAG/USDT:USDT', 'XAU/USDT:USDT', 'XAUT/USDT:USDT']
2026-07-31 08:27:29,246 [INFO] [SCAN] 스캔 시작: 30개 페어 (캐시 33개 보유)
2026-07-31 08:27:42,420 [INFO] [SCAN] 완료: 30개 종목 · 신호 0개 · API 호출 30회 · 캐시 히트 0회
2026-07-31 08:27:45,339 [INFO] [상태] 잔고:$9.87 | 포지션:1개 | 스캔:952회 | 스캐너:ON
2026-07-31 08:27:57,809 [INFO] [SCAN] 블랙리스트 4개 제외: ['IP/USDT:USDT', 'NES/USDT:USDT', 'WLD/USDT:USDT', 'XAG/USDT:USDT', 'XAU/USDT:USDT', 'XAUT/USDT:USDT']
2026-07-31 08:27:57,809 [INFO] [SCAN] 스캔 시작: 30개 페어 (캐시 33개 보유)
2026-07-31 08:28:10,879 [INFO] [SCAN] 완료: 30개 종목 · 신호 0개 · API 호출 30회 · 캐시 히트 0회
2026-07-31 08:28:26,123 [INFO] [SCAN] 블랙리스트 4개 제외: ['IP/USDT:USDT', 'NES/USDT:USDT', 'WLD/USDT:USDT', 'XAG/USDT:USDT', 'XAU/USDT:USDT', 'XAUT/USDT:USDT']
2026-07-31 08:28:26,123 [INFO] [SCAN] 스캔 시작: 30개 페어 (캐시 33개 보유)
2026-07-31 08:28:39,500 [INFO] [SCAN] 완료: 30개 종목 · 신호 0개 · API 호출 30회 · 캐시 히트 0회
2026-07-31 08:28:45,857 [INFO] [상태] 잔고:$9.87 | 포지션:1개 | 스캔:954회 | 스캐너:ON
2026-07-31 08:28:55,966 [INFO] [SCAN] 블랙리스트 4개 제외: ['IP/USDT:USDT', 'NES/USDT:USDT', 'WLD/USDT:USDT', 'XAG/USDT:USDT', 'XAU/USDT:USDT', 'XAUT/USDT:USDT']
2026-07-31 08:28:55,967 [INFO] [SCAN] 스캔 시작: 30개 페어 (캐시 33개 보유)
2026-07-31 08:29:09,410 [INFO] [SCAN] 완료: 30개 종목 · 신호 0개 · API 호출 30회 · 캐시 히트 0회
2026-07-31 08:29:24,690 [INFO] [SCAN] 블랙리스트 4개 제외: ['IP/USDT:USDT', 'NES/USDT:USDT', 'WLD/USDT:USDT', 'XAG/USDT:USDT', 'XAU/USDT:USDT', 'XAUT/USDT:USDT']
2026-07-31 08:29:24,690 [INFO] [SCAN] 스캔 시작: 30개 페어 (캐시 33개 보유)
2026-07-31 08:29:37,848 [INFO] [SCAN] 완료: 30개 종목 · 신호 0개 · API 호출 30회 · 캐시 히트 0회
2026-07-31 08:29:46,366 [INFO] [상태] 잔고:$9.87 | 포지션:1개 | 스캔:956회 | 스캐너:ON
2026-07-31 08:29:53,331 [INFO] [SCAN] 블랙리스트 4개 제외: ['IP/USDT:USDT', 'NES/USDT:USDT', 'WLD/USDT:USDT', 'XAG/USDT:USDT', 'XAU/USDT:USDT', 'XAUT/USDT:USDT']
2026-07-31 08:29:53,332 [INFO] [SCAN] 스캔 시작: 30개 페어 (캐시 33개 보유)
2026-07-31 08:30:06,791 [INFO] [SCAN] 완료: 30개 종목 · 신호 0개 · API 호출 30회 · 캐시 히트 0회
2026-07-31 08:30:23,135 [INFO] [SCAN] 블랙리스트 4개 제외: ['IP/USDT:USDT', 'NES/USDT:USDT', 'WLD/USDT:USDT', 'XAG/USDT:USDT', 'XAU/USDT:USDT', 'XAUT/USDT:USDT']
2026-07-31 08:30:23,135 [INFO] [SCAN] 스캔 시작: 30개 페어 (캐시 33개 보유)
2026-07-31 08:30:36,529 [INFO] [SCAN] 완료: 30개 종목 · 신호 0개 · API 호출 30회 · 캐시 히트 0회
2026-07-31 08:30:46,849 [INFO] [상태] 잔고:$9.88 | 포지션:1개 | 스캔:958회 | 스캐너:ON
2026-07-31 08:30:51,906 [INFO] [SCAN] 블랙리스트 4개 제외: ['IP/USDT:USDT', 'NES/USDT:USDT', 'WLD/USDT:USDT', 'XAG/USDT:USDT', 'XAU/USDT:USDT', 'XAUT/USDT:USDT']
2026-07-31 08:30:51,906 [INFO] [SCAN] 스캔 시작: 30개 페어 (캐시 33개 보유)
2026-07-31 08:31:05,224 [INFO] [SCAN] 완료: 30개 종목 · 신호 0개 · API 호출 30회 · 캐시 히트 0회
2026-07-31 08:31:20,477 [INFO] [SCAN] 블랙리스트 4개 제외: ['IP/USDT:USDT', 'NES/USDT:USDT', 'WLD/USDT:USDT', 'XAG/USDT:USDT', 'XAU/USDT:USDT', 'XAUT/USDT:USDT']
2026-07-31 08:31:20,477 [INFO] [SCAN] 스캔 시작: 30개 페어 (캐시 33개 보유)
2026-07-31 08:31:33,841 [INFO] [SCAN] 완료: 30개 종목 · 신호 0개 · API 호출 30회 · 캐시 히트 0회
2026-07-31 08:31:47,403 [INFO] [상태] 잔고:$9.88 | 포지션:1개 | 스캔:960회 | 스캐너:ON
2026-07-31 08:31:50,257 [INFO] [SCAN] 블랙리스트 4개 제외: ['IP/USDT:USDT', 'NES/USDT:USDT', 'WLD/USDT:USDT', 'XAG/USDT:USDT', 'XAU/USDT:USDT', 'XAUT/USDT:USDT']
2026-07-31 08:31:50,257 [INFO] [SCAN] 스캔 시작: 30개 페어 (캐시 33개 보유)
2026-07-31 08:32:03,611 [INFO] [SCAN] 완료: 30개 종목 · 신호 0개 · API 호출 30회 · 캐시 히트 0회
2026-07-31 08:32:18,837 [INFO] [SCAN] 블랙리스트 4개 제외: ['IP/USDT:USDT', 'NES/USDT:USDT', 'WLD/USDT:USDT', 'XAG/USDT:USDT', 'XAU/USDT:USDT', 'XAUT/USDT:USDT']
2026-07-31 08:32:18,837 [INFO] [SCAN] 스캔 시작: 30개 페어 (캐시 33개 보유)
2026-07-31 08:32:31,833 [INFO] [SCAN] 완료: 30개 종목 · 신호 0개 · API 호출 30회 · 캐시 히트 0회
2026-07-31 08:32:47,082 [INFO] [SCAN] 블랙리스트 4개 제외: ['IP/USDT:USDT', 'NES/USDT:USDT', 'WLD/USDT:USDT', 'XAG/USDT:USDT', 'XAU/USDT:USDT', 'XAUT/USDT:USDT']
2026-07-31 08:32:47,082 [INFO] [SCAN] 스캔 시작: 30개 페어 (캐시 33개 보유)
2026-07-31 08:32:47,843 [INFO] [상태] 잔고:$9.89 | 포지션:1개 | 스캔:962회 | 스캐너:ON
2026-07-31 08:33:00,648 [INFO] [SCAN] 완료: 30개 종목 · 신호 0개 · API 호출 30회 · 캐시 히트 0회
2026-07-31 08:33:16,911 [INFO] [SCAN] 블랙리스트 4개 제외: ['IP/USDT:USDT', 'NES/USDT:USDT', 'WLD/USDT:USDT', 'XAG/USDT:USDT', 'XAU/USDT:USDT', 'XAUT/USDT:USDT']
2026-07-31 08:33:16,911 [INFO] [SCAN] 스캔 시작: 30개 페어 (캐시 33개 보유)
2026-07-31 08:33:29,949 [INFO] [SCAN] 완료: 30개 종목 · 신호 0개 · API 호출 30회 · 캐시 히트 0회
2026-07-31 08:33:45,257 [INFO] [SCAN] 블랙리스트 4개 제외: ['IP/USDT:USDT', 'NES/USDT:USDT', 'WLD/USDT:USDT', 'XAG/USDT:USDT', 'XAU/USDT:USDT', 'XAUT/USDT:USDT']
2026-07-31 08:33:45,257 [INFO] [SCAN] 스캔 시작: 30개 페어 (캐시 33개 보유)
2026-07-31 08:33:48,362 [INFO] [상태] 잔고:$9.89 | 포지션:1개 | 스캔:964회 | 스캐너:ON
2026-07-31 08:33:59,024 [INFO] [SCAN] 완료: 30개 종목 · 신호 0개 · API 호출 30회 · 캐시 히트 0회
2026-07-31 08:34:14,281 [INFO] [SCAN] 블랙리스트 4개 제외: ['IP/USDT:USDT', 'NES/USDT:USDT', 'WLD/USDT:USDT', 'XAG/USDT:USDT', 'XAU/USDT:USDT', 'XAUT/USDT:USDT']
2026-07-31 08:34:14,282 [INFO] [SCAN] 스캔 시작: 30개 페어 (캐시 33개 보유)
2026-07-31 08:34:27,263 [INFO] [SCAN] 완료: 30개 종목 · 신호 0개 · API 호출 30회 · 캐시 히트 0회
2026-07-31 08:34:43,655 [INFO] [SCAN] 블랙리스트 4개 제외: ['IP/USDT:USDT', 'NES/USDT:USDT', 'WLD/USDT:USDT', 'XAG/USDT:USDT', 'XAU/USDT:USDT', 'XAUT/USDT:USDT']
2026-07-31 08:34:43,655 [INFO] [SCAN] 스캔 시작: 30개 페어 (캐시 33개 보유)
2026-07-31 08:34:48,925 [INFO] [상태] 잔고:$9.89 | 포지션:1개 | 스캔:966회 | 스캐너:ON
2026-07-31 08:34:57,352 [INFO] [SCAN] 완료: 30개 종목 · 신호 0개 · API 호출 30회 · 캐시 히트 0회
2026-07-31 08:35:12,578 [INFO] [SCAN] 블랙리스트 4개 제외: ['IP/USDT:USDT', 'NES/USDT:USDT', 'WLD/USDT:USDT', 'XAG/USDT:USDT', 'XAU/USDT:USDT', 'XAUT/USDT:USDT']
2026-07-31 08:35:12,578 [INFO] [SCAN] 스캔 시작: 30개 페어 (캐시 33개 보유)
2026-07-31 08:35:26,035 [INFO] [SCAN] 완료: 30개 종목 · 신호 0개 · API 호출 30회 · 캐시 히트 0회
2026-07-31 08:35:41,274 [INFO] [SCAN] 블랙리스트 4개 제외: ['IP/USDT:USDT', 'NES/USDT:USDT', 'WLD/USDT:USDT', 'XAG/USDT:USDT', 'XAU/USDT:USDT', 'XAUT/USDT:USDT']
2026-07-31 08:35:41,276 [INFO] [SCAN] 스캔 시작: 30개 페어 (캐시 33개 보유)
2026-07-31 08:35:49,363 [INFO] [상태] 잔고:$9.90 | 포지션:1개 | 스캔:968회 | 스캐너:ON
2026-07-31 08:35:54,912 [INFO] [SCAN] 완료: 30개 종목 · 신호 0개 · API 호출 30회 · 캐시 히트 0회
2026-07-31 08:36:11,254 [INFO] [SCAN] 블랙리스트 4개 제외: ['IP/USDT:USDT', 'NES/USDT:USDT', 'WLD/USDT:USDT', 'XAG/USDT:USDT', 'XAU/USDT:USDT', 'XAUT/USDT:USDT']
2026-07-31 08:36:11,254 [INFO] [SCAN] 스캔 시작: 30개 페어 (캐시 33개 보유)
2026-07-31 08:36:24,325 [INFO] [SCAN] 완료: 30개 종목 · 신호 0개 · API 호출 30회 · 캐시 히트 0회
2026-07-31 08:36:39,569 [INFO] [SCAN] 블랙리스트 4개 제외: ['IP/USDT:USDT', 'NES/USDT:USDT', 'WLD/USDT:USDT', 'XAG/USDT:USDT', 'XAU/USDT:USDT', 'XAUT/USDT:USDT']
2026-07-31 08:36:39,570 [INFO] [SCAN] 스캔 시작: 30개 페어 (캐시 33개 보유)
2026-07-31 08:36:49,831 [INFO] [상태] 잔고:$9.90 | 포지션:1개 | 스캔:970회 | 스캐너:ON
2026-07-31 08:36:53,381 [INFO] [SCAN] 완료: 30개 종목 · 신호 0개 · API 호출 30회 · 캐시 히트 0회
2026-07-31 08:37:08,645 [INFO] [SCAN] 블랙리스트 4개 제외: ['IP/USDT:USDT', 'NES/USDT:USDT', 'WLD/USDT:USDT', 'XAG/USDT:USDT', 'XAU/USDT:USDT', 'XAUT/USDT:USDT']
2026-07-31 08:37:08,645 [INFO] [SCAN] 스캔 시작: 30개 페어 (캐시 33개 보유)
2026-07-31 08:37:22,306 [INFO] [SCAN] 완료: 30개 종목 · 신호 0개 · API 호출 30회 · 캐시 히트 0회
2026-07-31 08:37:38,574 [INFO] [SCAN] 블랙리스트 4개 제외: ['IP/USDT:USDT', 'NES/USDT:USDT', 'WLD/USDT:USDT', 'XAG/USDT:USDT', 'XAU/USDT:USDT', 'XAUT/USDT:USDT']
2026-07-31 08:37:38,575 [INFO] [SCAN] 스캔 시작: 30개 페어 (캐시 33개 보유)
2026-07-31 08:37:50,275 [INFO] [상태] 잔고:$9.89 | 포지션:1개 | 스캔:972회 | 스캐너:ON
2026-07-31 08:37:52,115 [INFO] [SCAN] 완료: 30개 종목 · 신호 0개 · API 호출 30회 · 캐시 히트 0회
2026-07-31 08:38:07,339 [INFO] [SCAN] 블랙리스트 4개 제외: ['IP/USDT:USDT', 'NES/USDT:USDT', 'WLD/USDT:USDT', 'XAG/USDT:USDT', 'XAU/USDT:USDT', 'XAUT/USDT:USDT']
2026-07-31 08:38:07,339 [INFO] [SCAN] 스캔 시작: 30개 페어 (캐시 33개 보유)
2026-07-31 08:38:20,363 [INFO] [SCAN] 완료: 30개 종목 · 신호 0개 · API 호출 30회 · 캐시 히트 0회
2026-07-31 08:38:35,620 [INFO] [SCAN] 블랙리스트 4개 제외: ['IP/USDT:USDT', 'NES/USDT:USDT', 'WLD/USDT:USDT', 'XAG/USDT:USDT', 'XAU/USDT:USDT', 'XAUT/USDT:USDT']
2026-07-31 08:38:35,620 [INFO] [SCAN] 스캔 시작: 30개 페어 (캐시 33개 보유)
2026-07-31 08:38:48,674 [INFO] [SCAN] 완료: 30개 종목 · 신호 0개 · API 호출 30회 · 캐시 히트 0회
2026-07-31 08:38:50,888 [INFO] [상태] 잔고:$9.89 | 포지션:1개 | 스캔:975회 | 스캐너:ON
2026-07-31 08:39:04,980 [INFO] [SCAN] 블랙리스트 4개 제외: ['IP/USDT:USDT', 'NES/USDT:USDT', 'WLD/USDT:USDT', 'XAG/USDT:USDT', 'XAU/USDT:USDT', 'XAUT/USDT:USDT']
2026-07-31 08:39:04,981 [INFO] [SCAN] 스캔 시작: 30개 페어 (캐시 33개 보유)
2026-07-31 08:39:18,100 [INFO] [SCAN] 완료: 30개 종목 · 신호 0개 · API 호출 30회 · 캐시 히트 0회
2026-07-31 08:39:33,436 [INFO] [SCAN] 블랙리스트 4개 제외: ['IP/USDT:USDT', 'NES/USDT:USDT', 'WLD/USDT:USDT', 'XAG/USDT:USDT', 'XAU/USDT:USDT', 'XAUT/USDT:USDT']
2026-07-31 08:39:33,437 [INFO] [SCAN] 스캔 시작: 30개 페어 (캐시 33개 보유)
2026-07-31 08:39:46,757 [INFO] [SCAN] 완료: 30개 종목 · 신호 0개 · API 호출 30회 · 캐시 히트 0회
2026-07-31 08:39:51,390 [INFO] [상태] 잔고:$9.89 | 포지션:1개 | 스캔:977회 | 스캐너:ON
2026-07-31 08:40:02,166 [INFO] [SCAN] 블랙리스트 4개 제외: ['IP/USDT:USDT', 'NES/USDT:USDT', 'WLD/USDT:USDT', 'XAG/USDT:USDT', 'XAU/USDT:USDT', 'XAUT/USDT:USDT']
2026-07-31 08:40:02,167 [INFO] [SCAN] 스캔 시작: 30개 페어 (캐시 33개 보유)
2026-07-31 08:40:15,514 [INFO] [SCAN] 완료: 30개 종목 · 신호 0개 · API 호출 30회 · 캐시 히트 0회
2026-07-31 08:40:31,780 [INFO] [SCAN] 블랙리스트 4개 제외: ['IP/USDT:USDT', 'NES/USDT:USDT', 'WLD/USDT:USDT', 'XAG/USDT:USDT', 'XAU/USDT:USDT', 'XAUT/USDT:USDT']
2026-07-31 08:40:31,780 [INFO] [SCAN] 스캔 시작: 30개 페어 (캐시 33개 보유)
2026-07-31 08:40:45,096 [INFO] [SCAN] 완료: 30개 종목 · 신호 0개 · API 호출 30회 · 캐시 히트 0회
2026-07-31 08:40:51,841 [INFO] [상태] 잔고:$9.87 | 포지션:1개 | 스캔:979회 | 스캐너:ON
2026-07-31 08:41:00,474 [INFO] [SCAN] 블랙리스트 4개 제외: ['IP/USDT:USDT', 'NES/USDT:USDT', 'WLD/USDT:USDT', 'XAG/USDT:USDT', 'XAU/USDT:USDT', 'XAUT/USDT:USDT']
2026-07-31 08:41:00,474 [INFO] [SCAN] 스캔 시작: 30개 페어 (캐시 33개 보유)
2026-07-31 08:41:13,937 [INFO] [SCAN] 완료: 30개 종목 · 신호 0개 · API 호출 30회 · 캐시 히트 0회
2026-07-31 08:41:29,337 [INFO] [SCAN] 블랙리스트 4개 제외: ['IP/USDT:USDT', 'NES/USDT:USDT', 'WLD/USDT:USDT', 'XAG/USDT:USDT', 'XAU/USDT:USDT', 'XAUT/USDT:USDT']
2026-07-31 08:41:29,338 [INFO] [SCAN] 스캔 시작: 30개 페어 (캐시 33개 보유)
2026-07-31 08:41:42,673 [INFO] [SCAN] 완료: 30개 종목 · 신호 0개 · API 호출 30회 · 캐시 히트 0회
2026-07-31 08:41:52,390 [INFO] [상태] 잔고:$9.87 | 포지션:1개 | 스캔:981회 | 스캐너:ON
2026-07-31 08:41:59,212 [INFO] [SCAN] 블랙리스트 4개 제외: ['IP/USDT:USDT', 'NES/USDT:USDT', 'WLD/USDT:USDT', 'XAG/USDT:USDT', 'XAU/USDT:USDT', 'XAUT/USDT:USDT']
2026-07-31 08:41:59,213 [INFO] [SCAN] 스캔 시작: 30개 페어 (캐시 33개 보유)
2026-07-31 08:42:12,549 [INFO] [SCAN] 완료: 30개 종목 · 신호 0개 · API 호출 30회 · 캐시 히트 0회
2026-07-31 08:42:27,802 [INFO] [SCAN] 블랙리스트 4개 제외: ['IP/USDT:USDT', 'NES/USDT:USDT', 'WLD/USDT:USDT', 'XAG/USDT:USDT', 'XAU/USDT:USDT', 'XAUT/USDT:USDT']
2026-07-31 08:42:27,804 [INFO] [SCAN] 스캔 시작: 30개 페어 (캐시 33개 보유)
2026-07-31 08:42:40,774 [INFO] [SCAN] 완료: 30개 종목 · 신호 0개 · API 호출 30회 · 캐시 히트 0회
2026-07-31 08:42:52,930 [INFO] [상태] 잔고:$9.86 | 포지션:1개 | 스캔:983회 | 스캐너:ON
2026-07-31 08:42:56,147 [INFO] [SCAN] 블랙리스트 4개 제외: ['IP/USDT:USDT', 'NES/USDT:USDT', 'WLD/USDT:USDT', 'XAG/USDT:USDT', 'XAU/USDT:USDT', 'XAUT/USDT:USDT']
2026-07-31 08:42:56,147 [INFO] [SCAN] 스캔 시작: 30개 페어 (캐시 33개 보유)
2026-07-31 08:43:09,265 [INFO] [SCAN] 완료: 30개 종목 · 신호 0개 · API 호출 30회 · 캐시 히트 0회
2026-07-31 08:43:25,568 [INFO] [SCAN] 블랙리스트 4개 제외: ['IP/USDT:USDT', 'NES/USDT:USDT', 'WLD/USDT:USDT', 'XAG/USDT:USDT', 'XAU/USDT:USDT', 'XAUT/USDT:USDT']
2026-07-31 08:43:25,568 [INFO] [SCAN] 스캔 시작: 30개 페어 (캐시 33개 보유)
2026-07-31 08:43:38,931 [INFO] [SCAN] 완료: 30개 종목 · 신호 0개 · API 호출 30회 · 캐시 히트 0회
2026-07-31 08:43:53,414 [INFO] [상태] 잔고:$9.86 | 포지션:1개 | 스캔:985회 | 스캐너:ON
2026-07-31 08:43:54,336 [INFO] [SCAN] 블랙리스트 4개 제외: ['IP/USDT:USDT', 'NES/USDT:USDT', 'WLD/USDT:USDT', 'XAG/USDT:USDT', 'XAU/USDT:USDT', 'XAUT/USDT:USDT']
2026-07-31 08:43:54,336 [INFO] [SCAN] 스캔 시작: 30개 페어 (캐시 33개 보유)
2026-07-31 08:44:07,433 [INFO] [SCAN] 완료: 30개 종목 · 신호 0개 · API 호출 30회 · 캐시 히트 0회
2026-07-31 08:44:22,722 [INFO] [SCAN] 블랙리스트 4개 제외: ['IP/USDT:USDT', 'NES/USDT:USDT', 'WLD/USDT:USDT', 'XAG/USDT:USDT', 'XAU/USDT:USDT', 'XAUT/USDT:USDT']
2026-07-31 08:44:22,722 [INFO] [SCAN] 스캔 시작: 30개 페어 (캐시 33개 보유)
2026-07-31 08:44:35,813 [INFO] [SCAN] 완료: 30개 종목 · 신호 0개 · API 호출 30회 · 캐시 히트 0회
2026-07-31 08:44:52,050 [INFO] [SCAN] 블랙리스트 4개 제외: ['IP/USDT:USDT', 'NES/USDT:USDT', 'WLD/USDT:USDT', 'XAG/USDT:USDT', 'XAU/USDT:USDT', 'XAUT/USDT:USDT']
2026-07-31 08:44:52,050 [INFO] [SCAN] 스캔 시작: 30개 페어 (캐시 33개 보유)
2026-07-31 08:44:53,876 [INFO] [상태] 잔고:$9.86 | 포지션:1개 | 스캔:987회 | 스캐너:ON
2026-07-31 08:45:05,223 [INFO] [SCAN] 완료: 30개 종목 · 신호 0개 · API 호출 30회 · 캐시 히트 0회
2026-07-31 08:45:20,472 [INFO] [SCAN] 블랙리스트 4개 제외: ['IP/USDT:USDT', 'NES/USDT:USDT', 'WLD/USDT:USDT', 'XAG/USDT:USDT', 'XAU/USDT:USDT', 'XAUT/USDT:USDT']
2026-07-31 08:45:20,472 [INFO] [SCAN] 스캔 시작: 30개 페어 (캐시 33개 보유)
2026-07-31 08:45:33,401 [INFO] [SCAN] 완료: 30개 종목 · 신호 0개 · API 호출 30회 · 캐시 히트 0회
2026-07-31 08:45:48,794 [INFO] [SCAN] 블랙리스트 4개 제외: ['IP/USDT:USDT', 'NES/USDT:USDT', 'WLD/USDT:USDT', 'XAG/USDT:USDT', 'XAU/USDT:USDT', 'XAUT/USDT:USDT']
2026-07-31 08:45:48,794 [INFO] [SCAN] 스캔 시작: 30개 페어 (캐시 33개 보유)
2026-07-31 08:45:54,317 [INFO] [상태] 잔고:$9.86 | 포지션:1개 | 스캔:989회 | 스캐너:ON
2026-07-31 08:46:02,218 [INFO] [SCAN] 완료: 30개 종목 · 신호 0개 · API 호출 30회 · 캐시 히트 0회
2026-07-31 08:46:18,517 [INFO] [SCAN] 블랙리스트 4개 제외: ['IP/USDT:USDT', 'NES/USDT:USDT', 'WLD/USDT:USDT', 'XAG/USDT:USDT', 'XAU/USDT:USDT', 'XAUT/USDT:USDT']
2026-07-31 08:46:18,517 [INFO] [SCAN] 스캔 시작: 30개 페어 (캐시 33개 보유)
2026-07-31 08:46:31,594 [INFO] [SCAN] 완료: 30개 종목 · 신호 0개 · API 호출 30회 · 캐시 히트 0회
2026-07-31 08:46:46,831 [INFO] [SCAN] 블랙리스트 4개 제외: ['IP/USDT:USDT', 'NES/USDT:USDT', 'WLD/USDT:USDT', 'XAG/USDT:USDT', 'XAU/USDT:USDT', 'XAUT/USDT:USDT']
2026-07-31 08:46:46,831 [INFO] [SCAN] 스캔 시작: 30개 페어 (캐시 33개 보유)
2026-07-31 08:46:54,793 [INFO] [상태] 잔고:$9.86 | 포지션:1개 | 스캔:991회 | 스캐너:ON
2026-07-31 08:47:00,626 [INFO] [SCAN] 완료: 30개 종목 · 신호 0개 · API 호출 30회 · 캐시 히트 0회
2026-07-31 08:47:15,882 [INFO] [SCAN] 블랙리스트 4개 제외: ['IP/USDT:USDT', 'NES/USDT:USDT', 'WLD/USDT:USDT', 'XAG/USDT:USDT', 'XAU/USDT:USDT', 'XAUT/USDT:USDT']
2026-07-31 08:47:15,882 [INFO] [SCAN] 스캔 시작: 30개 페어 (캐시 33개 보유)
2026-07-31 08:47:28,837 [INFO] [SCAN] 완료: 30개 종목 · 신호 0개 · API 호출 30회 · 캐시 히트 0회
2026-07-31 08:47:45,063 [INFO] [SCAN] 블랙리스트 4개 제외: ['IP/USDT:USDT', 'NES/USDT:USDT', 'WLD/USDT:USDT', 'XAG/USDT:USDT', 'XAU/USDT:USDT', 'XAUT/USDT:USDT']
2026-07-31 08:47:45,064 [INFO] [SCAN] 스캔 시작: 30개 페어 (캐시 33개 보유)
2026-07-31 08:47:55,227 [INFO] [상태] 잔고:$9.87 | 포지션:1개 | 스캔:993회 | 스캐너:ON
2026-07-31 08:47:58,455 [INFO] [SCAN] 완료: 30개 종목 · 신호 0개 · API 호출 30회 · 캐시 히트 0회
2026-07-31 08:48:13,716 [INFO] [SCAN] 블랙리스트 4개 제외: ['IP/USDT:USDT', 'NES/USDT:USDT', 'WLD/USDT:USDT', 'XAG/USDT:USDT', 'XAU/USDT:USDT', 'XAUT/USDT:USDT']
2026-07-31 08:48:13,716 [INFO] [SCAN] 스캔 시작: 30개 페어 (캐시 33개 보유)
2026-07-31 08:48:26,728 [INFO] [SCAN] 완료: 30개 종목 · 신호 0개 · API 호출 30회 · 캐시 히트 0회
2026-07-31 08:48:41,992 [INFO] [SCAN] 블랙리스트 4개 제외: ['IP/USDT:USDT', 'NES/USDT:USDT', 'WLD/USDT:USDT', 'XAG/USDT:USDT', 'XAU/USDT:USDT', 'XAUT/USDT:USDT']
2026-07-31 08:48:41,992 [INFO] [SCAN] 스캔 시작: 30개 페어 (캐시 33개 보유)
2026-07-31 08:48:55,130 [INFO] [SCAN] 완료: 30개 종목 · 신호 0개 · API 호출 30회 · 캐시 히트 0회
2026-07-31 08:48:55,910 [INFO] [상태] 잔고:$9.87 | 포지션:1개 | 스캔:996회 | 스캐너:ON
2026-07-31 08:49:11,809 [INFO] [SCAN] 블랙리스트 4개 제외: ['IP/USDT:USDT', 'NES/USDT:USDT', 'WLD/USDT:USDT', 'XAG/USDT:USDT', 'XAU/USDT:USDT', 'XAUT/USDT:USDT']
2026-07-31 08:49:11,810 [INFO] [SCAN] 스캔 시작: 30개 페어 (캐시 33개 보유)
2026-07-31 08:49:25,237 [INFO] [SCAN] 완료: 30개 종목 · 신호 0개 · API 호출 30회 · 캐시 히트 0회
2026-07-31 08:49:40,522 [INFO] [SCAN] 블랙리스트 4개 제외: ['IP/USDT:USDT', 'NES/USDT:USDT', 'WLD/USDT:USDT', 'XAG/USDT:USDT', 'XAU/USDT:USDT', 'XAUT/USDT:USDT']
2026-07-31 08:49:40,522 [INFO] [SCAN] 스캔 시작: 30개 페어 (캐시 33개 보유)
2026-07-31 08:49:53,554 [INFO] [SCAN] 완료: 30개 종목 · 신호 0개 · API 호출 30회 · 캐시 히트 0회
2026-07-31 08:49:56,376 [INFO] [상태] 잔고:$9.87 | 포지션:1개 | 스캔:998회 | 스캐너:ON
2026-07-31 08:50:08,937 [INFO] [SCAN] 블랙리스트 4개 제외: ['IP/USDT:USDT', 'NES/USDT:USDT', 'WLD/USDT:USDT', 'XAG/USDT:USDT', 'XAU/USDT:USDT', 'XAUT/USDT:USDT']
2026-07-31 08:50:08,937 [INFO] [SCAN] 스캔 시작: 30개 페어 (캐시 33개 보유)
2026-07-31 08:50:21,888 [INFO] [SCAN] 완료: 30개 종목 · 신호 0개 · API 호출 30회 · 캐시 히트 0회
2026-07-31 08:50:38,102 [INFO] [SCAN] 블랙리스트 4개 제외: ['IP/USDT:USDT', 'NES/USDT:USDT', 'WLD/USDT:USDT', 'XAG/USDT:USDT', 'XAU/USDT:USDT', 'XAUT/USDT:USDT']
2026-07-31 08:50:38,104 [INFO] [SCAN] 스캔 시작: 30개 페어 (캐시 33개 보유)
2026-07-31 08:50:51,188 [INFO] [SCAN] 완료: 30개 종목 · 신호 0개 · API 호출 30회 · 캐시 히트 0회
2026-07-31 08:50:57,015 [INFO] [상태] 잔고:$9.86 | 포지션:1개 | 스캔:1000회 | 스캐너:ON
2026-07-31 08:51:06,568 [INFO] [SCAN] 블랙리스트 4개 제외: ['IP/USDT:USDT', 'NES/USDT:USDT', 'WLD/USDT:USDT', 'XAG/USDT:USDT', 'XAU/USDT:USDT', 'XAUT/USDT:USDT']
2026-07-31 08:51:06,568 [INFO] [SCAN] 스캔 시작: 30개 페어 (캐시 33개 보유)
2026-07-31 08:51:19,572 [INFO] [SCAN] 완료: 30개 종목 · 신호 0개 · API 호출 30회 · 캐시 히트 0회
2026-07-31 08:51:34,809 [INFO] [SCAN] 블랙리스트 4개 제외: ['IP/USDT:USDT', 'NES/USDT:USDT', 'WLD/USDT:USDT', 'XAG/USDT:USDT', 'XAU/USDT:USDT', 'XAUT/USDT:USDT']
2026-07-31 08:51:34,809 [INFO] [SCAN] 스캔 시작: 30개 페어 (캐시 33개 보유)
2026-07-31 08:51:48,265 [INFO] [SCAN] 완료: 30개 종목 · 신호 0개 · API 호출 30회 · 캐시 히트 0회
2026-07-31 08:51:57,617 [INFO] [상태] 잔고:$9.85 | 포지션:1개 | 스캔:1002회 | 스캐너:ON
2026-07-31 08:52:04,656 [INFO] [SCAN] 블랙리스트 4개 제외: ['IP/USDT:USDT', 'NES/USDT:USDT', 'WLD/USDT:USDT', 'XAG/USDT:USDT', 'XAU/USDT:USDT', 'XAUT/USDT:USDT']
2026-07-31 08:52:04,657 [INFO] [SCAN] 스캔 시작: 30개 페어 (캐시 33개 보유)
2026-07-31 08:52:17,813 [INFO] [SCAN] 완료: 30개 종목 · 신호 0개 · API 호출 30회 · 캐시 히트 0회
2026-07-31 08:52:33,040 [INFO] [SCAN] 블랙리스트 4개 제외: ['IP/USDT:USDT', 'NES/USDT:USDT', 'WLD/USDT:USDT', 'XAG/USDT:USDT', 'XAU/USDT:USDT', 'XAUT/USDT:USDT']
2026-07-31 08:52:33,041 [INFO] [SCAN] 스캔 시작: 30개 페어 (캐시 33개 보유)
2026-07-31 08:52:46,318 [INFO] [SCAN] 완료: 30개 종목 · 신호 0개 · API 호출 30회 · 캐시 히트 0회
2026-07-31 08:52:58,156 [INFO] [상태] 잔고:$9.86 | 포지션:1개 | 스캔:1004회 | 스캐너:ON
2026-07-31 08:53:01,703 [INFO] [SCAN] 블랙리스트 4개 제외: ['IP/USDT:USDT', 'NES/USDT:USDT', 'WLD/USDT:USDT', 'XAG/USDT:USDT', 'XAU/USDT:USDT', 'XAUT/USDT:USDT']
2026-07-31 08:53:01,703 [INFO] [SCAN] 스캔 시작: 30개 페어 (캐시 33개 보유)
2026-07-31 08:53:14,745 [INFO] [SCAN] 완료: 30개 종목 · 신호 0개 · API 호출 30회 · 캐시 히트 0회
2026-07-31 08:53:31,064 [INFO] [SCAN] 블랙리스트 4개 제외: ['IP/USDT:USDT', 'NES/USDT:USDT', 'WLD/USDT:USDT', 'XAG/USDT:USDT', 'XAU/USDT:USDT', 'XAUT/USDT:USDT']
2026-07-31 08:53:31,064 [INFO] [SCAN] 스캔 시작: 30개 페어 (캐시 33개 보유)
2026-07-31 08:53:43,955 [INFO] [SCAN] 완료: 30개 종목 · 신호 0개 · API 호출 30회 · 캐시 히트 0회
2026-07-31 08:53:58,583 [INFO] [상태] 잔고:$9.85 | 포지션:1개 | 스캔:1006회 | 스캐너:ON
2026-07-31 08:53:59,342 [INFO] [SCAN] 블랙리스트 4개 제외: ['IP/USDT:USDT', 'NES/USDT:USDT', 'WLD/USDT:USDT', 'XAG/USDT:USDT', 'XAU/USDT:USDT', 'XAUT/USDT:USDT']
2026-07-31 08:53:59,343 [INFO] [SCAN] 스캔 시작: 30개 페어 (캐시 33개 보유)
2026-07-31 08:54:12,285 [INFO] [SCAN] 완료: 30개 종목 · 신호 0개 · API 호출 30회 · 캐시 히트 0회
2026-07-31 08:54:27,541 [INFO] [SCAN] 블랙리스트 4개 제외: ['IP/USDT:USDT', 'NES/USDT:USDT', 'WLD/USDT:USDT', 'XAG/USDT:USDT', 'XAU/USDT:USDT', 'XAUT/USDT:USDT']
2026-07-31 08:54:27,541 [INFO] [SCAN] 스캔 시작: 30개 페어 (캐시 33개 보유)
2026-07-31 08:54:40,641 [INFO] [SCAN] 완료: 30개 종목 · 신호 0개 · API 호출 30회 · 캐시 히트 0회
2026-07-31 08:54:57,182 [INFO] [SCAN] 블랙리스트 4개 제외: ['IP/USDT:USDT', 'NES/USDT:USDT', 'WLD/USDT:USDT', 'XAG/USDT:USDT', 'XAU/USDT:USDT', 'XAUT/USDT:USDT']
2026-07-31 08:54:57,184 [INFO] [SCAN] 스캔 시작: 30개 페어 (캐시 33개 보유)
2026-07-31 08:54:59,111 [INFO] [상태] 잔고:$9.85 | 포지션:1개 | 스캔:1008회 | 스캐너:ON
2026-07-31 08:55:10,469 [INFO] [SCAN] 완료: 30개 종목 · 신호 0개 · API 호출 30회 · 캐시 히트 0회
2026-07-31 08:55:25,696 [INFO] [SCAN] 블랙리스트 4개 제외: ['IP/USDT:USDT', 'NES/USDT:USDT', 'WLD/USDT:USDT', 'XAG/USDT:USDT', 'XAU/USDT:USDT', 'XAUT/USDT:USDT']
2026-07-31 08:55:25,696 [INFO] [SCAN] 스캔 시작: 30개 페어 (캐시 33개 보유)
2026-07-31 08:55:38,871 [INFO] [SCAN] 완료: 30개 종목 · 신호 0개 · API 호출 30회 · 캐시 히트 0회
2026-07-31 08:55:54,116 [INFO] [SCAN] 블랙리스트 4개 제외: ['IP/USDT:USDT', 'NES/USDT:USDT', 'WLD/USDT:USDT', 'XAG/USDT:USDT', 'XAU/USDT:USDT', 'XAUT/USDT:USDT']
2026-07-31 08:55:54,117 [INFO] [SCAN] 스캔 시작: 30개 페어 (캐시 33개 보유)
2026-07-31 08:55:59,649 [INFO] [상태] 잔고:$9.85 | 포지션:1개 | 스캔:1010회 | 스캐너:ON
2026-07-31 08:56:07,520 [INFO] [SCAN] 완료: 30개 종목 · 신호 0개 · API 호출 30회 · 캐시 히트 0회
2026-07-31 08:56:23,737 [INFO] [SCAN] 블랙리스트 4개 제외: ['IP/USDT:USDT', 'NES/USDT:USDT', 'WLD/USDT:USDT', 'XAG/USDT:USDT', 'XAU/USDT:USDT', 'XAUT/USDT:USDT']
2026-07-31 08:56:23,738 [INFO] [SCAN] 스캔 시작: 30개 페어 (캐시 33개 보유)
2026-07-31 08:56:36,796 [INFO] [SCAN] 완료: 30개 종목 · 신호 0개 · API 호출 30회 · 캐시 히트 0회
2026-07-31 08:56:52,039 [INFO] [SCAN] 블랙리스트 4개 제외: ['IP/USDT:USDT', 'NES/USDT:USDT', 'WLD/USDT:USDT', 'XAG/USDT:USDT', 'XAU/USDT:USDT', 'XAUT/USDT:USDT']
2026-07-31 08:56:52,039 [INFO] [SCAN] 스캔 시작: 30개 페어 (캐시 33개 보유)
2026-07-31 08:57:00,231 [INFO] [상태] 잔고:$9.85 | 포지션:1개 | 스캔:1012회 | 스캐너:ON
2026-07-31 08:57:05,534 [INFO] [SCAN] 완료: 30개 종목 · 신호 0개 · API 호출 30회 · 캐시 히트 0회
2026-07-31 08:57:20,778 [INFO] [SCAN] 블랙리스트 4개 제외: ['IP/USDT:USDT', 'NES/USDT:USDT', 'WLD/USDT:USDT', 'XAG/USDT:USDT', 'XAU/USDT:USDT', 'XAUT/USDT:USDT']
2026-07-31 08:57:20,778 [INFO] [SCAN] 스캔 시작: 30개 페어 (캐시 33개 보유)
2026-07-31 08:57:33,902 [INFO] [SCAN] 완료: 30개 종목 · 신호 0개 · API 호출 30회 · 캐시 히트 0회
2026-07-31 08:57:50,487 [INFO] [SCAN] 블랙리스트 4개 제외: ['IP/USDT:USDT', 'NES/USDT:USDT', 'WLD/USDT:USDT', 'XAG/USDT:USDT', 'XAU/USDT:USDT', 'XAUT/USDT:USDT']
2026-07-31 08:57:50,488 [INFO] [SCAN] 스캔 시작: 30개 페어 (캐시 33개 보유)
2026-07-31 08:58:00,798 [INFO] [상태] 잔고:$9.85 | 포지션:1개 | 스캔:1014회 | 스캐너:ON
2026-07-31 08:58:03,976 [INFO] [SCAN] 완료: 30개 종목 · 신호 0개 · API 호출 30회 · 캐시 히트 0회
2026-07-31 08:58:19,221 [INFO] [SCAN] 블랙리스트 4개 제외: ['IP/USDT:USDT', 'NES/USDT:USDT', 'WLD/USDT:USDT', 'XAG/USDT:USDT', 'XAU/USDT:USDT', 'XAUT/USDT:USDT']
2026-07-31 08:58:19,222 [INFO] [SCAN] 스캔 시작: 30개 페어 (캐시 33개 보유)
2026-07-31 08:58:32,180 [INFO] [SCAN] 완료: 30개 종목 · 신호 0개 · API 호출 30회 · 캐시 히트 0회
2026-07-31 08:58:47,453 [INFO] [SCAN] 블랙리스트 4개 제외: ['IP/USDT:USDT', 'NES/USDT:USDT', 'WLD/USDT:USDT', 'XAG/USDT:USDT', 'XAU/USDT:USDT', 'XAUT/USDT:USDT']
2026-07-31 08:58:47,454 [INFO] [SCAN] 스캔 시작: 30개 페어 (캐시 33개 보유)
2026-07-31 08:59:00,604 [INFO] [SCAN] 완료: 30개 종목 · 신호 0개 · API 호출 30회 · 캐시 히트 0회
2026-07-31 08:59:01,486 [INFO] [상태] 잔고:$9.85 | 포지션:1개 | 스캔:1017회 | 스캐너:ON
2026-07-31 08:59:17,188 [INFO] [SCAN] 블랙리스트 4개 제외: ['IP/USDT:USDT', 'NES/USDT:USDT', 'WLD/USDT:USDT', 'XAG/USDT:USDT', 'XAU/USDT:USDT', 'XAUT/USDT:USDT']
2026-07-31 08:59:17,188 [INFO] [SCAN] 스캔 시작: 30개 페어 (캐시 33개 보유)
2026-07-31 08:59:30,337 [INFO] [SCAN] 완료: 30개 종목 · 신호 0개 · API 호출 30회 · 캐시 히트 0회
2026-07-31 08:59:45,586 [INFO] [SCAN] 블랙리스트 4개 제외: ['IP/USDT:USDT', 'NES/USDT:USDT', 'WLD/USDT:USDT', 'XAG/USDT:USDT', 'XAU/USDT:USDT', 'XAUT/USDT:USDT']
2026-07-31 08:59:45,586 [INFO] [SCAN] 스캔 시작: 30개 페어 (캐시 33개 보유)
2026-07-31 08:59:58,923 [INFO] [SCAN] 완료: 30개 종목 · 신호 0개 · API 호출 30회 · 캐시 히트 0회
2026-07-31 09:00:01,921 [INFO] [상태] 잔고:$9.85 | 포지션:1개 | 스캔:1019회 | 스캐너:ON
2026-07-31 09:00:14,297 [INFO] [SCAN] 블랙리스트 4개 제외: ['IP/USDT:USDT', 'NES/USDT:USDT', 'WLD/USDT:USDT', 'XAG/USDT:USDT', 'XAU/USDT:USDT', 'XAUT/USDT:USDT']
2026-07-31 09:00:14,298 [INFO] [SCAN] 스캔 시작: 30개 페어 (캐시 33개 보유)
2026-07-31 09:00:27,605 [INFO] [SCAN] 완료: 30개 종목 · 신호 0개 · API 호출 30회 · 캐시 히트 0회
2026-07-31 09:00:44,009 [INFO] [SCAN] 블랙리스트 4개 제외: ['IP/USDT:USDT', 'NES/USDT:USDT', 'WLD/USDT:USDT', 'XAG/USDT:USDT', 'XAU/USDT:USDT', 'XAUT/USDT:USDT']
2026-07-31 09:00:44,010 [INFO] [SCAN] 스캔 시작: 30개 페어 (캐시 33개 보유)
2026-07-31 09:00:57,487 [INFO] [SCAN] 완료: 30개 종목 · 신호 0개 · API 호출 30회 · 캐시 히트 0회
2026-07-31 09:01:02,520 [INFO] [상태] 잔고:$9.86 | 포지션:1개 | 스캔:1021회 | 스캐너:ON
2026-07-31 09:01:12,871 [INFO] [SCAN] 블랙리스트 4개 제외: ['IP/USDT:USDT', 'NES/USDT:USDT', 'WLD/USDT:USDT', 'XAG/USDT:USDT', 'XAU/USDT:USDT', 'XAUT/USDT:USDT']
2026-07-31 09:01:12,871 [INFO] [SCAN] 스캔 시작: 30개 페어 (캐시 33개 보유)
2026-07-31 09:01:26,440 [INFO] [SCAN] 완료: 30개 종목 · 신호 0개 · API 호출 30회 · 캐시 히트 0회
2026-07-31 09:01:41,686 [INFO] [SCAN] 블랙리스트 4개 제외: ['IP/USDT:USDT', 'NES/USDT:USDT', 'WLD/USDT:USDT', 'XAG/USDT:USDT', 'XAU/USDT:USDT', 'XAUT/USDT:USDT']
2026-07-31 09:01:41,687 [INFO] [SCAN] 스캔 시작: 30개 페어 (캐시 33개 보유)
2026-07-31 09:01:55,342 [INFO] [SCAN] 완료: 30개 종목 · 신호 0개 · API 호출 30회 · 캐시 히트 0회
2026-07-31 09:02:03,055 [INFO] [상태] 잔고:$9.85 | 포지션:1개 | 스캔:1023회 | 스캐너:ON
2026-07-31 09:02:11,623 [INFO] [SCAN] 블랙리스트 4개 제외: ['IP/USDT:USDT', 'NES/USDT:USDT', 'WLD/USDT:USDT', 'XAG/USDT:USDT', 'XAU/USDT:USDT', 'XAUT/USDT:USDT']
2026-07-31 09:02:11,624 [INFO] [SCAN] 스캔 시작: 30개 페어 (캐시 33개 보유)
2026-07-31 09:02:24,953 [INFO] [SCAN] 완료: 30개 종목 · 신호 0개 · API 호출 30회 · 캐시 히트 0회
2026-07-31 09:02:40,224 [INFO] [SCAN] 블랙리스트 4개 제외: ['IP/USDT:USDT', 'NES/USDT:USDT', 'WLD/USDT:USDT', 'XAG/USDT:USDT', 'XAU/USDT:USDT', 'XAUT/USDT:USDT']
2026-07-31 09:02:40,224 [INFO] [SCAN] 스캔 시작: 30개 페어 (캐시 33개 보유)
2026-07-31 09:02:53,916 [INFO] [SCAN] 완료: 30개 종목 · 신호 0개 · API 호출 30회 · 캐시 히트 0회
2026-07-31 09:03:03,608 [INFO] [상태] 잔고:$9.86 | 포지션:1개 | 스캔:1025회 | 스캐너:ON
2026-07-31 09:03:09,302 [INFO] [SCAN] 블랙리스트 4개 제외: ['IP/USDT:USDT', 'NES/USDT:USDT', 'WLD/USDT:USDT', 'XAG/USDT:USDT', 'XAU/USDT:USDT', 'XAUT/USDT:USDT']
2026-07-31 09:03:09,303 [INFO] [SCAN] 스캔 시작: 30개 페어 (캐시 33개 보유)
2026-07-31 09:03:22,582 [INFO] [SCAN] 완료: 30개 종목 · 신호 0개 · API 호출 30회 · 캐시 히트 0회
2026-07-31 09:03:38,946 [INFO] [SCAN] 블랙리스트 4개 제외: ['IP/USDT:USDT', 'NES/USDT:USDT', 'WLD/USDT:USDT', 'XAG/USDT:USDT', 'XAU/USDT:USDT', 'XAUT/USDT:USDT']
2026-07-31 09:03:38,946 [INFO] [SCAN] 스캔 시작: 30개 페어 (캐시 33개 보유)
2026-07-31 09:03:51,934 [INFO] [SCAN] 완료: 30개 종목 · 신호 0개 · API 호출 30회 · 캐시 히트 0회
2026-07-31 09:04:04,154 [INFO] [상태] 잔고:$9.86 | 포지션:1개 | 스캔:1027회 | 스캐너:ON
2026-07-31 09:04:07,323 [INFO] [SCAN] 블랙리스트 4개 제외: ['IP/USDT:USDT', 'NES/USDT:USDT', 'WLD/USDT:USDT', 'XAG/USDT:USDT', 'XAU/USDT:USDT', 'XAUT/USDT:USDT']
2026-07-31 09:04:07,324 [INFO] [SCAN] 스캔 시작: 30개 페어 (캐시 33개 보유)
2026-07-31 09:04:20,271 [INFO] [SCAN] 완료: 30개 종목 · 신호 0개 · API 호출 30회 · 캐시 히트 0회
2026-07-31 09:04:35,520 [INFO] [SCAN] 블랙리스트 4개 제외: ['IP/USDT:USDT', 'NES/USDT:USDT', 'WLD/USDT:USDT', 'XAG/USDT:USDT', 'XAU/USDT:USDT', 'XAUT/USDT:USDT']
2026-07-31 09:04:35,520 [INFO] [SCAN] 스캔 시작: 30개 페어 (캐시 33개 보유)
2026-07-31 09:04:48,516 [INFO] [SCAN] 완료: 30개 종목 · 신호 0개 · API 호출 30회 · 캐시 히트 0회
2026-07-31 09:05:04,643 [INFO] [상태] 잔고:$9.86 | 포지션:1개 | 스캔:1029회 | 스캐너:ON
2026-07-31 09:05:04,950 [INFO] [SCAN] 블랙리스트 4개 제외: ['IP/USDT:USDT', 'NES/USDT:USDT', 'WLD/USDT:USDT', 'XAG/USDT:USDT', 'XAU/USDT:USDT', 'XAUT/USDT:USDT']
2026-07-31 09:05:04,950 [INFO] [SCAN] 스캔 시작: 30개 페어 (캐시 33개 보유)
2026-07-31 09:05:17,976 [INFO] [SCAN] 완료: 30개 종목 · 신호 0개 · API 호출 30회 · 캐시 히트 0회
2026-07-31 09:05:33,212 [INFO] [SCAN] 블랙리스트 4개 제외: ['IP/USDT:USDT', 'NES/USDT:USDT', 'WLD/USDT:USDT', 'XAG/USDT:USDT', 'XAU/USDT:USDT', 'XAUT/USDT:USDT']
2026-07-31 09:05:33,212 [INFO] [SCAN] 스캔 시작: 30개 페어 (캐시 33개 보유)
2026-07-31 09:05:46,719 [INFO] [SCAN] 완료: 30개 종목 · 신호 0개 · API 호출 30회 · 캐시 히트 0회
2026-07-31 09:06:01,957 [INFO] [SCAN] 블랙리스트 4개 제외: ['IP/USDT:USDT', 'NES/USDT:USDT', 'WLD/USDT:USDT', 'XAG/USDT:USDT', 'XAU/USDT:USDT', 'XAUT/USDT:USDT']
2026-07-31 09:06:01,957 [INFO] [SCAN] 스캔 시작: 30개 페어 (캐시 33개 보유)
2026-07-31 09:06:05,297 [INFO] [상태] 잔고:$9.86 | 포지션:1개 | 스캔:1031회 | 스캐너:ON
2026-07-31 09:06:15,243 [INFO] [SCAN] 완료: 30개 종목 · 신호 0개 · API 호출 30회 · 캐시 히트 0회
2026-07-31 09:06:31,498 [INFO] [SCAN] 블랙리스트 4개 제외: ['IP/USDT:USDT', 'NES/USDT:USDT', 'WLD/USDT:USDT', 'XAG/USDT:USDT', 'XAU/USDT:USDT', 'XAUT/USDT:USDT']
2026-07-31 09:06:31,498 [INFO] [SCAN] 스캔 시작: 30개 페어 (캐시 33개 보유)
2026-07-31 09:06:45,025 [INFO] [SCAN] 완료: 30개 종목 · 신호 0개 · API 호출 30회 · 캐시 히트 0회
2026-07-31 09:07:00,275 [INFO] [SCAN] 블랙리스트 4개 제외: ['IP/USDT:USDT', 'NES/USDT:USDT', 'WLD/USDT:USDT', 'XAG/USDT:USDT', 'XAU/USDT:USDT', 'XAUT/USDT:USDT']
2026-07-31 09:07:00,276 [INFO] [SCAN] 스캔 시작: 30개 페어 (캐시 33개 보유)
2026-07-31 09:07:05,736 [INFO] [상태] 잔고:$9.85 | 포지션:1개 | 스캔:1033회 | 스캐너:ON
2026-07-31 09:07:13,666 [INFO] [SCAN] 완료: 30개 종목 · 신호 0개 · API 호출 30회 · 캐시 히트 0회
2026-07-31 09:07:28,918 [INFO] [SCAN] 블랙리스트 4개 제외: ['IP/USDT:USDT', 'NES/USDT:USDT', 'WLD/USDT:USDT', 'XAG/USDT:USDT', 'XAU/USDT:USDT', 'XAUT/USDT:USDT']
2026-07-31 09:07:28,918 [INFO] [SCAN] 스캔 시작: 30개 페어 (캐시 33개 보유)
2026-07-31 09:07:41,933 [INFO] [SCAN] 완료: 30개 종목 · 신호 0개 · API 호출 30회 · 캐시 히트 0회
2026-07-31 09:07:58,149 [INFO] [SCAN] 블랙리스트 4개 제외: ['IP/USDT:USDT', 'NES/USDT:USDT', 'WLD/USDT:USDT', 'XAG/USDT:USDT', 'XAU/USDT:USDT', 'XAUT/USDT:USDT']
2026-07-31 09:07:58,149 [INFO] [SCAN] 스캔 시작: 30개 페어 (캐시 33개 보유)
2026-07-31 09:08:06,344 [INFO] [상태] 잔고:$9.85 | 포지션:1개 | 스캔:1035회 | 스캐너:ON
2026-07-31 09:08:11,744 [INFO] [SCAN] 완료: 30개 종목 · 신호 0개 · API 호출 30회 · 캐시 히트 0회
2026-07-31 09:08:27,042 [INFO] [SCAN] 블랙리스트 4개 제외: ['IP/USDT:USDT', 'NES/USDT:USDT', 'WLD/USDT:USDT', 'XAG/USDT:USDT', 'XAU/USDT:USDT', 'XAUT/USDT:USDT']
2026-07-31 09:08:27,043 [INFO] [SCAN] 스캔 시작: 30개 페어 (캐시 33개 보유)
2026-07-31 09:08:39,931 [INFO] [SCAN] 완료: 30개 종목 · 신호 0개 · API 호출 30회 · 캐시 히트 0회
2026-07-31 09:08:55,182 [INFO] [SCAN] 블랙리스트 4개 제외: ['IP/USDT:USDT', 'NES/USDT:USDT', 'WLD/USDT:USDT', 'XAG/USDT:USDT', 'XAU/USDT:USDT', 'XAUT/USDT:USDT']
2026-07-31 09:08:55,182 [INFO] [SCAN] 스캔 시작: 30개 페어 (캐시 33개 보유)
2026-07-31 09:09:06,868 [INFO] [상태] 잔고:$9.85 | 포지션:1개 | 스캔:1037회 | 스캐너:ON
2026-07-31 09:09:08,518 [INFO] [SCAN] 완료: 30개 종목 · 신호 0개 · API 호출 30회 · 캐시 히트 0회
2026-07-31 09:09:24,853 [INFO] [SCAN] 블랙리스트 4개 제외: ['IP/USDT:USDT', 'NES/USDT:USDT', 'WLD/USDT:USDT', 'XAG/USDT:USDT', 'XAU/USDT:USDT', 'XAUT/USDT:USDT']
2026-07-31 09:09:24,853 [INFO] [SCAN] 스캔 시작: 30개 페어 (캐시 33개 보유)
2026-07-31 09:09:37,907 [INFO] [SCAN] 완료: 30개 종목 · 신호 0개 · API 호출 30회 · 캐시 히트 0회
2026-07-31 09:09:53,153 [INFO] [SCAN] 블랙리스트 4개 제외: ['IP/USDT:USDT', 'NES/USDT:USDT', 'WLD/USDT:USDT', 'XAG/USDT:USDT', 'XAU/USDT:USDT', 'XAUT/USDT:USDT']
2026-07-31 09:09:53,153 [INFO] [SCAN] 스캔 시작: 30개 페어 (캐시 33개 보유)
2026-07-31 09:10:06,212 [INFO] [SCAN] 완료: 30개 종목 · 신호 0개 · API 호출 30회 · 캐시 히트 0회
2026-07-31 09:10:07,303 [INFO] [상태] 잔고:$9.85 | 포지션:1개 | 스캔:1040회 | 스캐너:ON
2026-07-31 09:10:21,653 [INFO] [SCAN] 블랙리스트 4개 제외: ['IP/USDT:USDT', 'NES/USDT:USDT', 'WLD/USDT:USDT', 'XAG/USDT:USDT', 'XAU/USDT:USDT', 'XAUT/USDT:USDT']
2026-07-31 09:10:21,653 [INFO] [SCAN] 스캔 시작: 30개 페어 (캐시 33개 보유)
2026-07-31 09:10:34,802 [INFO] [SCAN] 완료: 30개 종목 · 신호 0개 · API 호출 30회 · 캐시 히트 0회
2026-07-31 09:10:51,053 [INFO] [SCAN] 블랙리스트 4개 제외: ['IP/USDT:USDT', 'NES/USDT:USDT', 'WLD/USDT:USDT', 'XAG/USDT:USDT', 'XAU/USDT:USDT', 'XAUT/USDT:USDT']
2026-07-31 09:10:51,053 [INFO] [SCAN] 스캔 시작: 30개 페어 (캐시 33개 보유)
2026-07-31 09:11:04,053 [INFO] [SCAN] 완료: 30개 종목 · 신호 0개 · API 호출 30회 · 캐시 히트 0회
2026-07-31 09:11:07,763 [INFO] [상태] 잔고:$9.85 | 포지션:1개 | 스캔:1042회 | 스캐너:ON
2026-07-31 09:11:19,429 [INFO] [SCAN] 블랙리스트 4개 제외: ['IP/USDT:USDT', 'NES/USDT:USDT', 'WLD/USDT:USDT', 'XAG/USDT:USDT', 'XAU/USDT:USDT', 'XAUT/USDT:USDT']
2026-07-31 09:11:19,429 [INFO] [SCAN] 스캔 시작: 30개 페어 (캐시 33개 보유)
2026-07-31 09:11:32,387 [INFO] [SCAN] 완료: 30개 종목 · 신호 0개 · API 호출 30회 · 캐시 히트 0회
2026-07-31 09:11:47,639 [INFO] [SCAN] 블랙리스트 4개 제외: ['IP/USDT:USDT', 'NES/USDT:USDT', 'WLD/USDT:USDT', 'XAG/USDT:USDT', 'XAU/USDT:USDT', 'XAUT/USDT:USDT']
2026-07-31 09:11:47,639 [INFO] [SCAN] 스캔 시작: 30개 페어 (캐시 33개 보유)
2026-07-31 09:12:00,688 [INFO] [SCAN] 완료: 30개 종목 · 신호 0개 · API 호출 30회 · 캐시 히트 0회
2026-07-31 09:12:08,283 [INFO] [상태] 잔고:$9.85 | 포지션:1개 | 스캔:1044회 | 스캐너:ON
2026-07-31 09:12:17,024 [INFO] [SCAN] 블랙리스트 4개 제외: ['IP/USDT:USDT', 'NES/USDT:USDT', 'WLD/USDT:USDT', 'XAG/USDT:USDT', 'XAU/USDT:USDT', 'XAUT/USDT:USDT']
2026-07-31 09:12:17,024 [INFO] [SCAN] 스캔 시작: 30개 페어 (캐시 33개 보유)
2026-07-31 09:12:30,029 [INFO] [SCAN] 완료: 30개 종목 · 신호 0개 · API 호출 30회 · 캐시 히트 0회
2026-07-31 09:12:45,304 [INFO] [SCAN] 블랙리스트 4개 제외: ['IP/USDT:USDT', 'NES/USDT:USDT', 'WLD/USDT:USDT', 'XAG/USDT:USDT', 'XAU/USDT:USDT', 'XAUT/USDT:USDT']
2026-07-31 09:12:45,304 [INFO] [SCAN] 스캔 시작: 30개 페어 (캐시 33개 보유)
2026-07-31 09:12:58,323 [INFO] [SCAN] 완료: 30개 종목 · 신호 0개 · API 호출 30회 · 캐시 히트 0회
2026-07-31 09:13:08,725 [INFO] [상태] 잔고:$9.85 | 포지션:1개 | 스캔:1046회 | 스캐너:ON
2026-07-31 09:13:13,702 [INFO] [SCAN] 블랙리스트 4개 제외: ['IP/USDT:USDT', 'NES/USDT:USDT', 'WLD/USDT:USDT', 'XAG/USDT:USDT', 'XAU/USDT:USDT', 'XAUT/USDT:USDT']
2026-07-31 09:13:13,702 [INFO] [SCAN] 스캔 시작: 30개 페어 (캐시 33개 보유)
2026-07-31 09:13:26,688 [INFO] [SCAN] 완료: 30개 종목 · 신호 0개 · API 호출 30회 · 캐시 히트 0회
2026-07-31 09:13:43,056 [INFO] [SCAN] 블랙리스트 4개 제외: ['IP/USDT:USDT', 'NES/USDT:USDT', 'WLD/USDT:USDT', 'XAG/USDT:USDT', 'XAU/USDT:USDT', 'XAUT/USDT:USDT']
2026-07-31 09:13:43,056 [INFO] [SCAN] 스캔 시작: 30개 페어 (캐시 33개 보유)
2026-07-31 09:13:56,368 [INFO] [SCAN] 완료: 30개 종목 · 신호 0개 · API 호출 30회 · 캐시 히트 0회
2026-07-31 09:14:09,258 [INFO] [상태] 잔고:$9.85 | 포지션:1개 | 스캔:1048회 | 스캐너:ON
2026-07-31 09:14:11,785 [INFO] [SCAN] 블랙리스트 4개 제외: ['IP/USDT:USDT', 'NES/USDT:USDT', 'WLD/USDT:USDT', 'XAG/USDT:USDT', 'XAU/USDT:USDT', 'XAUT/USDT:USDT']
2026-07-31 09:14:11,785 [INFO] [SCAN] 스캔 시작: 30개 페어 (캐시 33개 보유)
2026-07-31 09:14:25,077 [INFO] [SCAN] 완료: 30개 종목 · 신호 0개 · API 호출 30회 · 캐시 히트 0회
2026-07-31 09:14:40,315 [INFO] [SCAN] 블랙리스트 4개 제외: ['IP/USDT:USDT', 'NES/USDT:USDT', 'WLD/USDT:USDT', 'XAG/USDT:USDT', 'XAU/USDT:USDT', 'XAUT/USDT:USDT']
2026-07-31 09:14:40,315 [INFO] [SCAN] 스캔 시작: 30개 페어 (캐시 33개 보유)
2026-07-31 09:14:53,421 [INFO] [SCAN] 완료: 30개 종목 · 신호 0개 · API 호출 30회 · 캐시 히트 0회
2026-07-31 09:15:09,902 [INFO] [상태] 잔고:$9.85 | 포지션:1개 | 스캔:1050회 | 스캐너:ON
2026-07-31 09:15:10,147 [INFO] [SCAN] 블랙리스트 4개 제외: ['IP/USDT:USDT', 'NES/USDT:USDT', 'WLD/USDT:USDT', 'XAG/USDT:USDT', 'XAU/USDT:USDT', 'XAUT/USDT:USDT']
2026-07-31 09:15:10,147 [INFO] [SCAN] 스캔 시작: 30개 페어 (캐시 33개 보유)
2026-07-31 09:15:23,486 [INFO] [SCAN] 완료: 30개 종목 · 신호 0개 · API 호출 30회 · 캐시 히트 0회
2026-07-31 09:15:38,793 [INFO] [SCAN] 블랙리스트 4개 제외: ['IP/USDT:USDT', 'NES/USDT:USDT', 'WLD/USDT:USDT', 'XAG/USDT:USDT', 'XAU/USDT:USDT', 'XAUT/USDT:USDT']
2026-07-31 09:15:38,793 [INFO] [SCAN] 스캔 시작: 30개 페어 (캐시 33개 보유)
2026-07-31 09:15:52,283 [INFO] [SCAN] 완료: 30개 종목 · 신호 0개 · API 호출 30회 · 캐시 히트 0회
2026-07-31 09:16:07,547 [INFO] [SCAN] 블랙리스트 4개 제외: ['IP/USDT:USDT', 'NES/USDT:USDT', 'WLD/USDT:USDT', 'XAG/USDT:USDT', 'XAU/USDT:USDT', 'XAUT/USDT:USDT']
2026-07-31 09:16:07,548 [INFO] [SCAN] 스캔 시작: 30개 페어 (캐시 33개 보유)
2026-07-31 09:16:10,361 [INFO] [상태] 잔고:$9.85 | 포지션:1개 | 스캔:1052회 | 스캐너:ON
2026-07-31 09:16:20,804 [INFO] [SCAN] 완료: 30개 종목 · 신호 0개 · API 호출 30회 · 캐시 히트 0회
2026-07-31 09:16:37,129 [INFO] [SCAN] 블랙리스트 4개 제외: ['IP/USDT:USDT', 'NES/USDT:USDT', 'WLD/USDT:USDT', 'XAG/USDT:USDT', 'XAU/USDT:USDT', 'XAUT/USDT:USDT']
2026-07-31 09:16:37,129 [INFO] [SCAN] 스캔 시작: 30개 페어 (캐시 33개 보유)
2026-07-31 09:16:50,338 [INFO] [SCAN] 완료: 30개 종목 · 신호 0개 · API 호출 30회 · 캐시 히트 0회
2026-07-31 09:17:05,587 [INFO] [SCAN] 블랙리스트 4개 제외: ['IP/USDT:USDT', 'NES/USDT:USDT', 'WLD/USDT:USDT', 'XAG/USDT:USDT', 'XAU/USDT:USDT', 'XAUT/USDT:USDT']
2026-07-31 09:17:05,587 [INFO] [SCAN] 스캔 시작: 30개 페어 (캐시 33개 보유)
2026-07-31 09:17:10,842 [INFO] [상태] 잔고:$9.84 | 포지션:1개 | 스캔:1054회 | 스캐너:ON
2026-07-31 09:17:19,024 [INFO] [SCAN] 완료: 30개 종목 · 신호 0개 · API 호출 30회 · 캐시 히트 0회
2026-07-31 09:17:34,292 [INFO] [SCAN] 블랙리스트 4개 제외: ['IP/USDT:USDT', 'NES/USDT:USDT', 'WLD/USDT:USDT', 'XAG/USDT:USDT', 'XAU/USDT:USDT', 'XAUT/USDT:USDT']
2026-07-31 09:17:34,293 [INFO] [SCAN] 스캔 시작: 30개 페어 (캐시 33개 보유)
2026-07-31 09:17:47,471 [INFO] [SCAN] 완료: 30개 종목 · 신호 0개 · API 호출 30회 · 캐시 히트 0회
2026-07-31 09:18:03,685 [INFO] [SCAN] 블랙리스트 4개 제외: ['IP/USDT:USDT', 'NES/USDT:USDT', 'WLD/USDT:USDT', 'XAG/USDT:USDT', 'XAU/USDT:USDT', 'XAUT/USDT:USDT']
2026-07-31 09:18:03,685 [INFO] [SCAN] 스캔 시작: 30개 페어 (캐시 33개 보유)
2026-07-31 09:18:11,392 [INFO] [상태] 잔고:$9.83 | 포지션:1개 | 스캔:1056회 | 스캐너:ON
2026-07-31 09:18:17,150 [INFO] [SCAN] 완료: 30개 종목 · 신호 0개 · API 호출 30회 · 캐시 히트 0회
2026-07-31 09:18:32,400 [INFO] [SCAN] 블랙리스트 4개 제외: ['IP/USDT:USDT', 'NES/USDT:USDT', 'WLD/USDT:USDT', 'XAG/USDT:USDT', 'XAU/USDT:USDT', 'XAUT/USDT:USDT']
2026-07-31 09:18:32,400 [INFO] [SCAN] 스캔 시작: 30개 페어 (캐시 33개 보유)
2026-07-31 09:18:45,367 [INFO] [SCAN] 완료: 30개 종목 · 신호 0개 · API 호출 30회 · 캐시 히트 0회
2026-07-31 09:19:00,658 [INFO] [SCAN] 블랙리스트 4개 제외: ['IP/USDT:USDT', 'NES/USDT:USDT', 'WLD/USDT:USDT', 'XAG/USDT:USDT', 'XAU/USDT:USDT', 'XAUT/USDT:USDT']
2026-07-31 09:19:00,658 [INFO] [SCAN] 스캔 시작: 30개 페어 (캐시 33개 보유)
2026-07-31 09:19:11,829 [INFO] [상태] 잔고:$9.84 | 포지션:1개 | 스캔:1058회 | 스캐너:ON
2026-07-31 09:19:14,074 [INFO] [SCAN] 완료: 30개 종목 · 신호 0개 · API 호출 30회 · 캐시 히트 0회
2026-07-31 09:19:30,394 [INFO] [SCAN] 블랙리스트 4개 제외: ['IP/USDT:USDT', 'NES/USDT:USDT', 'WLD/USDT:USDT', 'XAG/USDT:USDT', 'XAU/USDT:USDT', 'XAUT/USDT:USDT']
2026-07-31 09:19:30,394 [INFO] [SCAN] 스캔 시작: 30개 페어 (캐시 33개 보유)
2026-07-31 09:19:43,251 [INFO] [SCAN] 완료: 30개 종목 · 신호 0개 · API 호출 30회 · 캐시 히트 0회
2026-07-31 09:19:58,549 [INFO] [SCAN] 블랙리스트 4개 제외: ['IP/USDT:USDT', 'NES/USDT:USDT', 'WLD/USDT:USDT', 'XAG/USDT:USDT', 'XAU/USDT:USDT', 'XAUT/USDT:USDT']
2026-07-31 09:19:58,549 [INFO] [SCAN] 스캔 시작: 30개 페어 (캐시 33개 보유)
2026-07-31 09:20:11,999 [INFO] [SCAN] 완료: 30개 종목 · 신호 0개 · API 호출 30회 · 캐시 히트 0회
2026-07-31 09:20:12,504 [INFO] [상태] 잔고:$9.84 | 포지션:1개 | 스캔:1061회 | 스캐너:ON
2026-07-31 09:20:27,376 [INFO] [SCAN] 블랙리스트 4개 제외: ['IP/USDT:USDT', 'NES/USDT:USDT', 'WLD/USDT:USDT', 'XAG/USDT:USDT', 'XAU/USDT:USDT', 'XAUT/USDT:USDT']
2026-07-31 09:20:27,376 [INFO] [SCAN] 스캔 시작: 30개 페어 (캐시 33개 보유)
2026-07-31 09:20:40,879 [INFO] [SCAN] 완료: 30개 종목 · 신호 0개 · API 호출 30회 · 캐시 히트 0회
2026-07-31 09:20:57,237 [INFO] [SCAN] 블랙리스트 4개 제외: ['IP/USDT:USDT', 'NES/USDT:USDT', 'WLD/USDT:USDT', 'XAG/USDT:USDT', 'XAU/USDT:USDT', 'XAUT/USDT:USDT']
2026-07-31 09:20:57,237 [INFO] [SCAN] 스캔 시작: 30개 페어 (캐시 33개 보유)
2026-07-31 09:21:10,549 [INFO] [SCAN] 완료: 30개 종목 · 신호 0개 · API 호출 30회 · 캐시 히트 0회
2026-07-31 09:21:13,033 [INFO] [상태] 잔고:$9.84 | 포지션:1개 | 스캔:1063회 | 스캐너:ON
2026-07-31 09:21:25,937 [INFO] [SCAN] 블랙리스트 4개 제외: ['IP/USDT:USDT', 'NES/USDT:USDT', 'WLD/USDT:USDT', 'XAG/USDT:USDT', 'XAU/USDT:USDT', 'XAUT/USDT:USDT']
2026-07-31 09:21:25,937 [INFO] [SCAN] 스캔 시작: 30개 페어 (캐시 33개 보유)
2026-07-31 09:21:39,112 [INFO] [SCAN] 완료: 30개 종목 · 신호 0개 · API 호출 30회 · 캐시 히트 0회
2026-07-31 09:21:54,376 [INFO] [SCAN] 블랙리스트 4개 제외: ['IP/USDT:USDT', 'NES/USDT:USDT', 'WLD/USDT:USDT', 'XAG/USDT:USDT', 'XAU/USDT:USDT', 'XAUT/USDT:USDT']
2026-07-31 09:21:54,376 [INFO] [SCAN] 스캔 시작: 30개 페어 (캐시 33개 보유)
2026-07-31 09:22:07,696 [INFO] [SCAN] 완료: 30개 종목 · 신호 0개 · API 호출 30회 · 캐시 히트 0회
2026-07-31 09:22:13,548 [INFO] [상태] 잔고:$9.84 | 포지션:1개 | 스캔:1065회 | 스캐너:ON
2026-07-31 09:22:24,072 [INFO] [SCAN] 블랙리스트 4개 제외: ['IP/USDT:USDT', 'NES/USDT:USDT', 'WLD/USDT:USDT', 'XAG/USDT:USDT', 'XAU/USDT:USDT', 'XAUT/USDT:USDT']
2026-07-31 09:22:24,072 [INFO] [SCAN] 스캔 시작: 30개 페어 (캐시 33개 보유)
2026-07-31 09:22:37,463 [INFO] [SCAN] 완료: 30개 종목 · 신호 0개 · API 호출 30회 · 캐시 히트 0회
2026-07-31 09:22:52,706 [INFO] [SCAN] 블랙리스트 4개 제외: ['IP/USDT:USDT', 'NES/USDT:USDT', 'WLD/USDT:USDT', 'XAG/USDT:USDT', 'XAU/USDT:USDT', 'XAUT/USDT:USDT']
2026-07-31 09:22:52,706 [INFO] [SCAN] 스캔 시작: 30개 페어 (캐시 33개 보유)
2026-07-31 09:23:06,063 [INFO] [SCAN] 완료: 30개 종목 · 신호 0개 · API 호출 30회 · 캐시 히트 0회
2026-07-31 09:23:13,993 [INFO] [상태] 잔고:$9.84 | 포지션:1개 | 스캔:1067회 | 스캐너:ON
2026-07-31 09:23:21,443 [INFO] [SCAN] 블랙리스트 4개 제외: ['IP/USDT:USDT', 'NES/USDT:USDT', 'WLD/USDT:USDT', 'XAG/USDT:USDT', 'XAU/USDT:USDT', 'XAUT/USDT:USDT']
2026-07-31 09:23:21,443 [INFO] [SCAN] 스캔 시작: 30개 페어 (캐시 33개 보유)
2026-07-31 09:23:34,449 [INFO] [SCAN] 완료: 30개 종목 · 신호 0개 · API 호출 30회 · 캐시 히트 0회
2026-07-31 09:23:50,777 [INFO] [SCAN] 블랙리스트 4개 제외: ['IP/USDT:USDT', 'NES/USDT:USDT', 'WLD/USDT:USDT', 'XAG/USDT:USDT', 'XAU/USDT:USDT', 'XAUT/USDT:USDT']
2026-07-31 09:23:50,778 [INFO] [SCAN] 스캔 시작: 30개 페어 (캐시 33개 보유)
2026-07-31 09:24:03,918 [INFO] [SCAN] 완료: 30개 종목 · 신호 0개 · API 호출 30회 · 캐시 히트 0회
2026-07-31 09:24:14,539 [INFO] [상태] 잔고:$9.84 | 포지션:1개 | 스캔:1069회 | 스캐너:ON
2026-07-31 09:24:19,297 [INFO] [SCAN] 블랙리스트 4개 제외: ['IP/USDT:USDT', 'NES/USDT:USDT', 'WLD/USDT:USDT', 'XAG/USDT:USDT', 'XAU/USDT:USDT', 'XAUT/USDT:USDT']
2026-07-31 09:24:19,297 [INFO] [SCAN] 스캔 시작: 30개 페어 (캐시 33개 보유)
2026-07-31 09:24:32,495 [INFO] [SCAN] 완료: 30개 종목 · 신호 0개 · API 호출 30회 · 캐시 히트 0회
2026-07-31 09:24:47,753 [INFO] [SCAN] 블랙리스트 4개 제외: ['IP/USDT:USDT', 'NES/USDT:USDT', 'WLD/USDT:USDT', 'XAG/USDT:USDT', 'XAU/USDT:USDT', 'XAUT/USDT:USDT']
2026-07-31 09:24:47,753 [INFO] [SCAN] 스캔 시작: 30개 페어 (캐시 33개 보유)
2026-07-31 09:25:01,004 [INFO] [SCAN] 완료: 30개 종목 · 신호 0개 · API 호출 30회 · 캐시 히트 0회
2026-07-31 09:25:15,031 [INFO] [상태] 잔고:$9.85 | 포지션:1개 | 스캔:1071회 | 스캐너:ON
2026-07-31 09:25:17,512 [INFO] [SCAN] 블랙리스트 4개 제외: ['IP/USDT:USDT', 'NES/USDT:USDT', 'WLD/USDT:USDT', 'XAG/USDT:USDT', 'XAU/USDT:USDT', 'XAUT/USDT:USDT']
2026-07-31 09:25:17,512 [INFO] [SCAN] 스캔 시작: 30개 페어 (캐시 33개 보유)
2026-07-31 09:25:30,585 [INFO] [SCAN] 완료: 30개 종목 · 신호 0개 · API 호출 30회 · 캐시 히트 0회
2026-07-31 09:25:45,841 [INFO] [SCAN] 블랙리스트 4개 제외: ['IP/USDT:USDT', 'NES/USDT:USDT', 'WLD/USDT:USDT', 'XAG/USDT:USDT', 'XAU/USDT:USDT', 'XAUT/USDT:USDT']
2026-07-31 09:25:45,841 [INFO] [SCAN] 스캔 시작: 30개 페어 (캐시 33개 보유)
2026-07-31 09:25:58,914 [INFO] [SCAN] 완료: 30개 종목 · 신호 0개 · API 호출 30회 · 캐시 히트 0회
2026-07-31 09:26:14,145 [INFO] [SCAN] 블랙리스트 4개 제외: ['IP/USDT:USDT', 'NES/USDT:USDT', 'WLD/USDT:USDT', 'XAG/USDT:USDT', 'XAU/USDT:USDT', 'XAUT/USDT:USDT']
2026-07-31 09:26:14,145 [INFO] [SCAN] 스캔 시작: 30개 페어 (캐시 33개 보유)
2026-07-31 09:26:15,563 [INFO] [상태] 잔고:$9.85 | 포지션:1개 | 스캔:1073회 | 스캐너:ON
2026-07-31 09:26:27,485 [INFO] [SCAN] 완료: 30개 종목 · 신호 0개 · API 호출 30회 · 캐시 히트 0회
2026-07-31 09:26:43,859 [INFO] [SCAN] 블랙리스트 4개 제외: ['IP/USDT:USDT', 'NES/USDT:USDT', 'WLD/USDT:USDT', 'XAG/USDT:USDT', 'XAU/USDT:USDT', 'XAUT/USDT:USDT']
2026-07-31 09:26:43,859 [INFO] [SCAN] 스캔 시작: 30개 페어 (캐시 33개 보유)
2026-07-31 09:26:57,163 [INFO] [SCAN] 완료: 30개 종목 · 신호 0개 · API 호출 30회 · 캐시 히트 0회
2026-07-31 09:27:12,414 [INFO] [SCAN] 블랙리스트 4개 제외: ['IP/USDT:USDT', 'NES/USDT:USDT', 'WLD/USDT:USDT', 'XAG/USDT:USDT', 'XAU/USDT:USDT', 'XAUT/USDT:USDT']
2026-07-31 09:27:12,414 [INFO] [SCAN] 스캔 시작: 30개 페어 (캐시 33개 보유)
2026-07-31 09:27:16,001 [INFO] [상태] 잔고:$9.85 | 포지션:1개 | 스캔:1075회 | 스캐너:ON
2026-07-31 09:27:25,733 [INFO] [SCAN] 완료: 30개 종목 · 신호 0개 · API 호출 30회 · 캐시 히트 0회
2026-07-31 09:27:41,025 [INFO] [SCAN] 블랙리스트 4개 제외: ['IP/USDT:USDT', 'NES/USDT:USDT', 'WLD/USDT:USDT', 'XAG/USDT:USDT', 'XAU/USDT:USDT', 'XAUT/USDT:USDT']
2026-07-31 09:27:41,025 [INFO] [SCAN] 스캔 시작: 30개 페어 (캐시 33개 보유)
2026-07-31 09:27:54,056 [INFO] [SCAN] 완료: 30개 종목 · 신호 0개 · API 호출 30회 · 캐시 히트 0회
2026-07-31 09:28:10,443 [INFO] [SCAN] 블랙리스트 4개 제외: ['IP/USDT:USDT', 'NES/USDT:USDT', 'WLD/USDT:USDT', 'XAG/USDT:USDT', 'XAU/USDT:USDT', 'XAUT/USDT:USDT']
2026-07-31 09:28:10,443 [INFO] [SCAN] 스캔 시작: 30개 페어 (캐시 33개 보유)
2026-07-31 09:28:16,451 [INFO] [상태] 잔고:$9.85 | 포지션:1개 | 스캔:1077회 | 스캐너:ON
2026-07-31 09:28:23,918 [INFO] [SCAN] 완료: 30개 종목 · 신호 0개 · API 호출 30회 · 캐시 히트 0회
2026-07-31 09:28:39,182 [INFO] [SCAN] 블랙리스트 4개 제외: ['IP/USDT:USDT', 'NES/USDT:USDT', 'WLD/USDT:USDT', 'XAG/USDT:USDT', 'XAU/USDT:USDT', 'XAUT/USDT:USDT']
2026-07-31 09:28:39,182 [INFO] [SCAN] 스캔 시작: 30개 페어 (캐시 33개 보유)
2026-07-31 09:28:52,186 [INFO] [SCAN] 완료: 30개 종목 · 신호 0개 · API 호출 30회 · 캐시 히트 0회
2026-07-31 09:29:07,429 [INFO] [SCAN] 블랙리스트 4개 제외: ['IP/USDT:USDT', 'NES/USDT:USDT', 'WLD/USDT:USDT', 'XAG/USDT:USDT', 'XAU/USDT:USDT', 'XAUT/USDT:USDT']
2026-07-31 09:29:07,429 [INFO] [SCAN] 스캔 시작: 30개 페어 (캐시 33개 보유)
2026-07-31 09:29:16,945 [INFO] [상태] 잔고:$9.85 | 포지션:1개 | 스캔:1079회 | 스캐너:ON
2026-07-31 09:29:21,028 [INFO] [SCAN] 완료: 30개 종목 · 신호 0개 · API 호출 30회 · 캐시 히트 0회
2026-07-31 09:29:37,310 [INFO] [SCAN] 블랙리스트 4개 제외: ['IP/USDT:USDT', 'NES/USDT:USDT', 'WLD/USDT:USDT', 'XAG/USDT:USDT', 'XAU/USDT:USDT', 'XAUT/USDT:USDT']
2026-07-31 09:29:37,311 [INFO] [SCAN] 스캔 시작: 30개 페어 (캐시 33개 보유)
2026-07-31 09:29:50,364 [INFO] [SCAN] 완료: 30개 종목 · 신호 0개 · API 호출 30회 · 캐시 히트 0회
2026-07-31 09:30:05,609 [INFO] [SCAN] 블랙리스트 4개 제외: ['IP/USDT:USDT', 'NES/USDT:USDT', 'WLD/USDT:USDT', 'XAG/USDT:USDT', 'XAU/USDT:USDT', 'XAUT/USDT:USDT']
2026-07-31 09:30:05,611 [INFO] [SCAN] 스캔 시작: 30개 페어 (캐시 33개 보유)
2026-07-31 09:30:17,425 [INFO] [상태] 잔고:$9.85 | 포지션:1개 | 스캔:1081회 | 스캐너:ON
2026-07-31 09:30:19,103 [INFO] [SCAN] 완료: 30개 종목 · 신호 0개 · API 호출 30회 · 캐시 히트 0회
2026-07-31 09:30:34,345 [INFO] [SCAN] 블랙리스트 4개 제외: ['IP/USDT:USDT', 'NES/USDT:USDT', 'WLD/USDT:USDT', 'XAG/USDT:USDT', 'XAU/USDT:USDT', 'XAUT/USDT:USDT']
2026-07-31 09:30:34,346 [INFO] [SCAN] 스캔 시작: 30개 페어 (캐시 33개 보유)
2026-07-31 09:30:47,924 [INFO] [SCAN] 완료: 30개 종목 · 신호 0개 · API 호출 30회 · 캐시 히트 0회
2026-07-31 09:31:04,269 [INFO] [SCAN] 블랙리스트 4개 제외: ['IP/USDT:USDT', 'NES/USDT:USDT', 'WLD/USDT:USDT', 'XAG/USDT:USDT', 'XAU/USDT:USDT', 'XAUT/USDT:USDT']
2026-07-31 09:31:04,269 [INFO] [SCAN] 스캔 시작: 30개 페어 (캐시 33개 보유)
2026-07-31 09:31:17,678 [INFO] [SCAN] 완료: 30개 종목 · 신호 0개 · API 호출 30회 · 캐시 히트 0회
2026-07-31 09:31:17,944 [INFO] [상태] 잔고:$9.85 | 포지션:1개 | 스캔:1084회 | 스캐너:ON
2026-07-31 09:31:33,050 [INFO] [SCAN] 블랙리스트 4개 제외: ['IP/USDT:USDT', 'NES/USDT:USDT', 'WLD/USDT:USDT', 'XAG/USDT:USDT', 'XAU/USDT:USDT', 'XAUT/USDT:USDT']
2026-07-31 09:31:33,050 [INFO] [SCAN] 스캔 시작: 30개 페어 (캐시 33개 보유)
2026-07-31 09:31:46,611 [INFO] [SCAN] 완료: 30개 종목 · 신호 0개 · API 호출 30회 · 캐시 히트 0회
2026-07-31 09:32:01,884 [INFO] [SCAN] 블랙리스트 4개 제외: ['IP/USDT:USDT', 'NES/USDT:USDT', 'WLD/USDT:USDT', 'XAG/USDT:USDT', 'XAU/USDT:USDT', 'XAUT/USDT:USDT']
2026-07-31 09:32:01,884 [INFO] [SCAN] 스캔 시작: 30개 페어 (캐시 33개 보유)
2026-07-31 09:32:15,084 [INFO] [SCAN] 완료: 30개 종목 · 신호 0개 · API 호출 30회 · 캐시 히트 0회
2026-07-31 09:32:18,682 [INFO] [상태] 잔고:$9.85 | 포지션:1개 | 스캔:1086회 | 스캐너:ON
2026-07-31 09:32:31,467 [INFO] [SCAN] 블랙리스트 4개 제외: ['IP/USDT:USDT', 'NES/USDT:USDT', 'WLD/USDT:USDT', 'XAG/USDT:USDT', 'XAU/USDT:USDT', 'XAUT/USDT:USDT']
2026-07-31 09:32:31,467 [INFO] [SCAN] 스캔 시작: 30개 페어 (캐시 33개 보유)
2026-07-31 09:32:44,568 [INFO] [SCAN] 완료: 30개 종목 · 신호 0개 · API 호출 30회 · 캐시 히트 0회
2026-07-31 09:32:59,815 [INFO] [SCAN] 블랙리스트 4개 제외: ['IP/USDT:USDT', 'NES/USDT:USDT', 'WLD/USDT:USDT', 'XAG/USDT:USDT', 'XAU/USDT:USDT', 'XAUT/USDT:USDT']
2026-07-31 09:32:59,815 [INFO] [SCAN] 스캔 시작: 30개 페어 (캐시 33개 보유)
2026-07-31 09:33:12,935 [INFO] [SCAN] 완료: 30개 종목 · 신호 0개 · API 호출 30회 · 캐시 히트 0회
2026-07-31 09:33:19,116 [INFO] [상태] 잔고:$9.85 | 포지션:1개 | 스캔:1088회 | 스캐너:ON
2026-07-31 09:33:28,310 [INFO] [SCAN] 블랙리스트 4개 제외: ['IP/USDT:USDT', 'NES/USDT:USDT', 'WLD/USDT:USDT', 'XAG/USDT:USDT', 'XAU/USDT:USDT', 'XAUT/USDT:USDT']
2026-07-31 09:33:28,310 [INFO] [SCAN] 스캔 시작: 30개 페어 (캐시 33개 보유)
2026-07-31 09:33:41,324 [INFO] [SCAN] 완료: 30개 종목 · 신호 0개 · API 호출 30회 · 캐시 히트 0회
2026-07-31 09:33:57,575 [INFO] [SCAN] 블랙리스트 4개 제외: ['IP/USDT:USDT', 'NES/USDT:USDT', 'WLD/USDT:USDT', 'XAG/USDT:USDT', 'XAU/USDT:USDT', 'XAUT/USDT:USDT']
2026-07-31 09:33:57,575 [INFO] [SCAN] 스캔 시작: 30개 페어 (캐시 33개 보유)
2026-07-31 09:34:10,687 [INFO] [SCAN] 완료: 30개 종목 · 신호 0개 · API 호출 30회 · 캐시 히트 0회
2026-07-31 09:34:19,671 [INFO] [상태] 잔고:$9.85 | 포지션:1개 | 스캔:1090회 | 스캐너:ON
2026-07-31 09:34:26,067 [INFO] [SCAN] 블랙리스트 4개 제외: ['IP/USDT:USDT', 'NES/USDT:USDT', 'WLD/USDT:USDT', 'XAG/USDT:USDT', 'XAU/USDT:USDT', 'XAUT/USDT:USDT']
2026-07-31 09:34:26,067 [INFO] [SCAN] 스캔 시작: 30개 페어 (캐시 33개 보유)
2026-07-31 09:34:39,392 [INFO] [SCAN] 완료: 30개 종목 · 신호 0개 · API 호출 30회 · 캐시 히트 0회
2026-07-31 09:34:54,670 [INFO] [SCAN] 블랙리스트 4개 제외: ['IP/USDT:USDT', 'NES/USDT:USDT', 'WLD/USDT:USDT', 'XAG/USDT:USDT', 'XAU/USDT:USDT', 'XAUT/USDT:USDT']
2026-07-31 09:34:54,670 [INFO] [SCAN] 스캔 시작: 30개 페어 (캐시 33개 보유)
2026-07-31 09:35:08,037 [INFO] [SCAN] 완료: 30개 종목 · 신호 0개 · API 호출 30회 · 캐시 히트 0회
2026-07-31 09:35:20,368 [INFO] [상태] 잔고:$9.84 | 포지션:1개 | 스캔:1092회 | 스캐너:ON
2026-07-31 09:35:24,335 [INFO] [SCAN] 블랙리스트 4개 제외: ['IP/USDT:USDT', 'NES/USDT:USDT', 'WLD/USDT:USDT', 'XAG/USDT:USDT', 'XAU/USDT:USDT', 'XAUT/USDT:USDT']
2026-07-31 09:35:24,336 [INFO] [SCAN] 스캔 시작: 30개 페어 (캐시 33개 보유)
2026-07-31 09:35:37,759 [INFO] [SCAN] 완료: 30개 종목 · 신호 0개 · API 호출 30회 · 캐시 히트 0회
2026-07-31 09:35:53,019 [INFO] [SCAN] 블랙리스트 4개 제외: ['IP/USDT:USDT', 'NES/USDT:USDT', 'WLD/USDT:USDT', 'XAG/USDT:USDT', 'XAU/USDT:USDT', 'XAUT/USDT:USDT']
2026-07-31 09:35:53,019 [INFO] [SCAN] 스캔 시작: 30개 페어 (캐시 33개 보유)
2026-07-31 09:36:06,115 [INFO] [SCAN] 완료: 30개 종목 · 신호 0개 · API 호출 30회 · 캐시 히트 0회
2026-07-31 09:36:20,891 [INFO] [상태] 잔고:$9.84 | 포지션:1개 | 스캔:1094회 | 스캐너:ON
2026-07-31 09:36:21,486 [INFO] [SCAN] 블랙리스트 4개 제외: ['IP/USDT:USDT', 'NES/USDT:USDT', 'WLD/USDT:USDT', 'XAG/USDT:USDT', 'XAU/USDT:USDT', 'XAUT/USDT:USDT']
2026-07-31 09:36:21,486 [INFO] [SCAN] 스캔 시작: 30개 페어 (캐시 33개 보유)
2026-07-31 09:36:34,602 [INFO] [SCAN] 완료: 30개 종목 · 신호 0개 · API 호출 30회 · 캐시 히트 0회
2026-07-31 09:36:50,937 [INFO] [SCAN] 블랙리스트 4개 제외: ['IP/USDT:USDT', 'NES/USDT:USDT', 'WLD/USDT:USDT', 'XAG/USDT:USDT', 'XAU/USDT:USDT', 'XAUT/USDT:USDT']
2026-07-31 09:36:50,938 [INFO] [SCAN] 스캔 시작: 30개 페어 (캐시 33개 보유)
2026-07-31 09:37:04,231 [INFO] [SCAN] 완료: 30개 종목 · 신호 0개 · API 호출 30회 · 캐시 히트 0회
2026-07-31 09:37:19,478 [INFO] [SCAN] 블랙리스트 4개 제외: ['IP/USDT:USDT', 'NES/USDT:USDT', 'WLD/USDT:USDT', 'XAG/USDT:USDT', 'XAU/USDT:USDT', 'XAUT/USDT:USDT']
2026-07-31 09:37:19,479 [INFO] [SCAN] 스캔 시작: 30개 페어 (캐시 33개 보유)
2026-07-31 09:37:21,358 [INFO] [상태] 잔고:$9.83 | 포지션:1개 | 스캔:1096회 | 스캐너:ON
2026-07-31 09:37:32,716 [INFO] [SCAN] 완료: 30개 종목 · 신호 0개 · API 호출 30회 · 캐시 히트 0회
2026-07-31 09:37:47,973 [INFO] [SCAN] 블랙리스트 4개 제외: ['IP/USDT:USDT', 'NES/USDT:USDT', 'WLD/USDT:USDT', 'XAG/USDT:USDT', 'XAU/USDT:USDT', 'XAUT/USDT:USDT']
2026-07-31 09:37:47,973 [INFO] [SCAN] 스캔 시작: 30개 페어 (캐시 33개 보유)
2026-07-31 09:38:01,129 [INFO] [SCAN] 완료: 30개 종목 · 신호 0개 · API 호출 30회 · 캐시 히트 0회
2026-07-31 09:38:17,475 [INFO] [SCAN] 블랙리스트 4개 제외: ['IP/USDT:USDT', 'NES/USDT:USDT', 'WLD/USDT:USDT', 'XAG/USDT:USDT', 'XAU/USDT:USDT', 'XAUT/USDT:USDT']
2026-07-31 09:38:17,475 [INFO] [SCAN] 스캔 시작: 30개 페어 (캐시 33개 보유)
2026-07-31 09:38:21,932 [INFO] [상태] 잔고:$9.84 | 포지션:1개 | 스캔:1098회 | 스캐너:ON
2026-07-31 09:38:30,927 [INFO] [SCAN] 완료: 30개 종목 · 신호 0개 · API 호출 30회 · 캐시 히트 0회
2026-07-31 09:38:46,160 [INFO] [SCAN] 블랙리스트 4개 제외: ['IP/USDT:USDT', 'NES/USDT:USDT', 'WLD/USDT:USDT', 'XAG/USDT:USDT', 'XAU/USDT:USDT', 'XAUT/USDT:USDT']
2026-07-31 09:38:46,160 [INFO] [SCAN] 스캔 시작: 30개 페어 (캐시 33개 보유)
2026-07-31 09:38:59,183 [INFO] [SCAN] 완료: 30개 종목 · 신호 0개 · API 호출 30회 · 캐시 히트 0회
2026-07-31 09:39:14,432 [INFO] [SCAN] 블랙리스트 4개 제외: ['IP/USDT:USDT', 'NES/USDT:USDT', 'WLD/USDT:USDT', 'XAG/USDT:USDT', 'XAU/USDT:USDT', 'XAUT/USDT:USDT']
2026-07-31 09:39:14,433 [INFO] [SCAN] 스캔 시작: 30개 페어 (캐시 33개 보유)
2026-07-31 09:39:22,466 [INFO] [상태] 잔고:$9.84 | 포지션:1개 | 스캔:1100회 | 스캐너:ON
2026-07-31 09:39:27,814 [INFO] [SCAN] 완료: 30개 종목 · 신호 0개 · API 호출 30회 · 캐시 히트 0회
2026-07-31 09:39:44,115 [INFO] [SCAN] 블랙리스트 4개 제외: ['IP/USDT:USDT', 'NES/USDT:USDT', 'WLD/USDT:USDT', 'XAG/USDT:USDT', 'XAU/USDT:USDT', 'XAUT/USDT:USDT']
2026-07-31 09:39:44,115 [INFO] [SCAN] 스캔 시작: 30개 페어 (캐시 33개 보유)
2026-07-31 09:39:57,410 [INFO] [SCAN] 완료: 30개 종목 · 신호 0개 · API 호출 30회 · 캐시 히트 0회
2026-07-31 09:40:12,680 [INFO] [SCAN] 블랙리스트 4개 제외: ['IP/USDT:USDT', 'NES/USDT:USDT', 'WLD/USDT:USDT', 'XAG/USDT:USDT', 'XAU/USDT:USDT', 'XAUT/USDT:USDT']
2026-07-31 09:40:12,680 [INFO] [SCAN] 스캔 시작: 30개 페어 (캐시 33개 보유)
2026-07-31 09:40:23,069 [INFO] [상태] 잔고:$9.84 | 포지션:1개 | 스캔:1102회 | 스캐너:ON
2026-07-31 09:40:26,043 [INFO] [SCAN] 완료: 30개 종목 · 신호 0개 · API 호출 30회 · 캐시 히트 0회
2026-07-31 09:40:41,300 [INFO] [SCAN] 블랙리스트 4개 제외: ['IP/USDT:USDT', 'NES/USDT:USDT', 'WLD/USDT:USDT', 'XAG/USDT:USDT', 'XAU/USDT:USDT', 'XAUT/USDT:USDT']
2026-07-31 09:40:41,301 [INFO] [SCAN] 스캔 시작: 30개 페어 (캐시 33개 보유)
2026-07-31 09:40:54,275 [INFO] [SCAN] 완료: 30개 종목 · 신호 0개 · API 호출 30회 · 캐시 히트 0회
2026-07-31 09:41:10,522 [INFO] [SCAN] 블랙리스트 4개 제외: ['IP/USDT:USDT', 'NES/USDT:USDT', 'WLD/USDT:USDT', 'XAG/USDT:USDT', 'XAU/USDT:USDT', 'XAUT/USDT:USDT']
2026-07-31 09:41:10,522 [INFO] [SCAN] 스캔 시작: 30개 페어 (캐시 33개 보유)
2026-07-31 09:41:23,546 [INFO] [상태] 잔고:$9.83 | 포지션:1개 | 스캔:1104회 | 스캐너:ON
2026-07-31 09:41:23,761 [INFO] [SCAN] 완료: 30개 종목 · 신호 0개 · API 호출 30회 · 캐시 히트 0회
2026-07-31 09:41:39,176 [INFO] [SCAN] 블랙리스트 4개 제외: ['IP/USDT:USDT', 'NES/USDT:USDT', 'WLD/USDT:USDT', 'XAG/USDT:USDT', 'XAU/USDT:USDT', 'XAUT/USDT:USDT']
2026-07-31 09:41:39,176 [INFO] [SCAN] 스캔 시작: 30개 페어 (캐시 33개 보유)
2026-07-31 09:41:52,228 [INFO] [SCAN] 완료: 30개 종목 · 신호 0개 · API 호출 30회 · 캐시 히트 0회
2026-07-31 09:42:07,470 [INFO] [SCAN] 블랙리스트 4개 제외: ['IP/USDT:USDT', 'NES/USDT:USDT', 'WLD/USDT:USDT', 'XAG/USDT:USDT', 'XAU/USDT:USDT', 'XAUT/USDT:USDT']
2026-07-31 09:42:07,470 [INFO] [SCAN] 스캔 시작: 30개 페어 (캐시 33개 보유)
2026-07-31 09:42:20,478 [INFO] [SCAN] 완료: 30개 종목 · 신호 0개 · API 호출 30회 · 캐시 히트 0회
2026-07-31 09:42:24,146 [INFO] [상태] 잔고:$9.84 | 포지션:1개 | 스캔:1107회 | 스캐너:ON
2026-07-31 09:42:36,779 [INFO] [SCAN] 블랙리스트 4개 제외: ['IP/USDT:USDT', 'NES/USDT:USDT', 'WLD/USDT:USDT', 'XAG/USDT:USDT', 'XAU/USDT:USDT', 'XAUT/USDT:USDT']
2026-07-31 09:42:36,780 [INFO] [SCAN] 스캔 시작: 30개 페어 (캐시 33개 보유)
2026-07-31 09:42:49,849 [INFO] [SCAN] 완료: 30개 종목 · 신호 0개 · API 호출 30회 · 캐시 히트 0회
2026-07-31 09:43:05,081 [INFO] [SCAN] 블랙리스트 4개 제외: ['IP/USDT:USDT', 'NES/USDT:USDT', 'WLD/USDT:USDT', 'XAG/USDT:USDT', 'XAU/USDT:USDT', 'XAUT/USDT:USDT']
2026-07-31 09:43:05,082 [INFO] [SCAN] 스캔 시작: 30개 페어 (캐시 33개 보유)
2026-07-31 09:43:18,036 [INFO] [SCAN] 완료: 30개 종목 · 신호 0개 · API 호출 30회 · 캐시 히트 0회
2026-07-31 09:43:24,581 [INFO] [상태] 잔고:$9.83 | 포지션:1개 | 스캔:1109회 | 스캐너:ON
2026-07-31 09:43:33,421 [INFO] [SCAN] 블랙리스트 4개 제외: ['IP/USDT:USDT', 'NES/USDT:USDT', 'WLD/USDT:USDT', 'XAG/USDT:USDT', 'XAU/USDT:USDT', 'XAUT/USDT:USDT']
2026-07-31 09:43:33,421 [INFO] [SCAN] 스캔 시작: 30개 페어 (캐시 33개 보유)
2026-07-31 09:43:46,496 [INFO] [SCAN] 완료: 30개 종목 · 신호 0개 · API 호출 30회 · 캐시 히트 0회
2026-07-31 09:44:02,883 [INFO] [SCAN] 블랙리스트 4개 제외: ['IP/USDT:USDT', 'NES/USDT:USDT', 'WLD/USDT:USDT', 'XAG/USDT:USDT', 'XAU/USDT:USDT', 'XAUT/USDT:USDT']
2026-07-31 09:44:02,884 [INFO] [SCAN] 스캔 시작: 30개 페어 (캐시 33개 보유)
2026-07-31 09:44:15,836 [INFO] [SCAN] 완료: 30개 종목 · 신호 0개 · API 호출 30회 · 캐시 히트 0회
2026-07-31 09:44:25,117 [INFO] [상태] 잔고:$9.83 | 포지션:1개 | 스캔:1111회 | 스캐너:ON
2026-07-31 09:44:31,225 [INFO] [SCAN] 블랙리스트 4개 제외: ['IP/USDT:USDT', 'NES/USDT:USDT', 'WLD/USDT:USDT', 'XAG/USDT:USDT', 'XAU/USDT:USDT', 'XAUT/USDT:USDT']
2026-07-31 09:44:31,225 [INFO] [SCAN] 스캔 시작: 30개 페어 (캐시 33개 보유)
2026-07-31 09:44:44,163 [INFO] [SCAN] 완료: 30개 종목 · 신호 0개 · API 호출 30회 · 캐시 히트 0회
2026-07-31 09:44:59,404 [INFO] [SCAN] 블랙리스트 4개 제외: ['IP/USDT:USDT', 'NES/USDT:USDT', 'WLD/USDT:USDT', 'XAG/USDT:USDT', 'XAU/USDT:USDT', 'XAUT/USDT:USDT']
2026-07-31 09:44:59,405 [INFO] [SCAN] 스캔 시작: 30개 페어 (캐시 33개 보유)
2026-07-31 09:45:12,492 [INFO] [SCAN] 완료: 30개 종목 · 신호 0개 · API 호출 30회 · 캐시 히트 0회
2026-07-31 09:45:25,717 [INFO] [상태] 잔고:$9.83 | 포지션:1개 | 스캔:1113회 | 스캐너:ON
2026-07-31 09:45:28,889 [INFO] [SCAN] 블랙리스트 4개 제외: ['IP/USDT:USDT', 'NES/USDT:USDT', 'WLD/USDT:USDT', 'XAG/USDT:USDT', 'XAU/USDT:USDT', 'XAUT/USDT:USDT']
2026-07-31 09:45:28,889 [INFO] [SCAN] 스캔 시작: 30개 페어 (캐시 33개 보유)
2026-07-31 09:45:41,835 [INFO] [SCAN] 완료: 30개 종목 · 신호 0개 · API 호출 30회 · 캐시 히트 0회
2026-07-31 09:45:57,291 [INFO] [SCAN] 블랙리스트 4개 제외: ['IP/USDT:USDT', 'NES/USDT:USDT', 'WLD/USDT:USDT', 'XAG/USDT:USDT', 'XAU/USDT:USDT', 'XAUT/USDT:USDT']
2026-07-31 09:45:57,292 [INFO] [SCAN] 스캔 시작: 30개 페어 (캐시 33개 보유)
2026-07-31 09:51:28,552 [WARNING] [API NetworkError] fetch_positions 네트워크 오류 감지. 1/3. 1.0초 대기... 오류: okx GET https://www.okx.com/api/v5/account/positions
2026-07-31 09:51:29,779 [WARNING] [API NetworkError] fetch_positions 네트워크 오류 감지. 2/3. 1.5초 대기... 오류: okx GET https://www.okx.com/api/v5/account/positions
2026-07-31 09:51:31,517 [WARNING] [API NetworkError] fetch_positions 네트워크 오류 감지. 3/3. 2.25초 대기... 오류: okx GET https://www.okx.com/api/v5/account/positions
2026-07-31 09:51:31,518 [WARNING] [SESSION RESET] 연속 네트워크 오류 3회 — aiohttp 세션 재생성
2026-07-31 09:51:31,519 [WARNING] [API Error] fetch_ohlcv 예상치 못한 예외 (attempt 1/3): 'NoneType' object has no attribute 'getaddrinfo'
2026-07-31 09:51:32,752 [WARNING] [API NetworkError] fetch_ohlcv 네트워크 오류 감지. 2/3. 1.5초 대기... 오류: okx GET https://www.okx.com/api/v5/market/candles?instId=PI-USDT-SWAP&bar=15m&limit=3
2026-07-31 09:51:34,081 [ERROR] 포지션 조회 실패: okx GET https://www.okx.com/api/v5/account/positions
2026-07-31 09:51:34,081 [WARNING] [모니터링] 오류: okx GET https://www.okx.com/api/v5/account/positions
2026-07-31 09:51:34,081 [WARNING] [복구] 스캐너 정체 감지 (scan_count=1114 342초 정지) → 강제 재시작
2026-07-31 09:51:34,081 [INFO] [SCAN] 완료: 25개 종목 · 신호 0개 · API 호출 25회 · 캐시 히트 0회
2026-07-31 09:51:34,308 [WARNING] [API NetworkError] fetch_positions 네트워크 오류 감지. 1/3. 1.0초 대기... 오류: okx GET https://www.okx.com/api/v5/account/positions
2026-07-31 09:51:35,537 [WARNING] [API NetworkError] fetch_positions 네트워크 오류 감지. 2/3. 1.5초 대기... 오류: okx GET https://www.okx.com/api/v5/account/positions
2026-07-31 09:51:35,537 [WARNING] [SESSION RESET] 연속 네트워크 오류 3회 — aiohttp 세션 재생성
2026-07-31 09:51:37,520 [WARNING] [API NetworkError] fetch_positions 네트워크 오류 감지. 3/3. 2.25초 대기... 오류: okx GET https://www.okx.com/api/v5/account/positions
2026-07-31 09:51:40,001 [ERROR] 포지션 조회 실패: okx GET https://www.okx.com/api/v5/account/positions
2026-07-31 09:51:40,001 [ERROR] [PROTECT GUARD] 포지션 조회 실패: okx GET https://www.okx.com/api/v5/account/positions
2026-07-31 09:51:40,001 [INFO] [SCANNER] 스캔 엔진 중지
2026-07-31 09:51:40,001 [INFO] [SCANNER] 스캔 엔진 시작 (Async)
2026-07-31 09:51:40,001 [INFO] [SCANNER] 웹소켓 비활성(REST 전용) — 안정성 우선
2026-07-31 09:51:40,227 [WARNING] [API NetworkError] fetch_tickers 네트워크 오류 감지. 1/3. 1.0초 대기... 오류: okx GET https://www.okx.com/api/v5/market/tickers?instType=SPOT
2026-07-31 09:55:14,093 [WARNING] [API NetworkError] fetch_tickers 네트워크 오류 감지. 2/3. 1.5초 대기... 오류: okx GET https://www.okx.com/api/v5/market/tickers?instType=SPOT
2026-07-31 09:55:14,093 [WARNING] [SESSION RESET] 연속 네트워크 오류 3회 — aiohttp 세션 재생성
2026-07-31 09:55:15,971 [WARNING] [API NetworkError] fetch_tickers 네트워크 오류 감지. 3/3. 2.25초 대기... 오류: okx GET https://www.okx.com/api/v5/market/tickers?instType=SPOT
2026-07-31 09:55:17,872 [WARNING] [API NetworkError] fetch_positions 네트워크 오류 감지. 1/3. 1.0초 대기... 오류: okx GET https://www.okx.com/api/v5/account/positions
2026-07-31 09:55:18,452 [ERROR] Tickers 일괄 조회 실패: okx GET https://www.okx.com/api/v5/market/tickers?instType=SPOT
2026-07-31 09:55:18,452 [INFO] [WARN] 일괄 조회된 Ticker가 없습니다. 스캔 건너뜀.
2026-07-31 09:55:18,997 [WARNING] [API NetworkError] fetch_positions 네트워크 오류 감지. 2/3. 1.5초 대기... 오류: okx GET https://www.okx.com/api/v5/account/positions
2026-07-31 09:55:18,998 [WARNING] [SESSION RESET] 연속 네트워크 오류 3회 — aiohttp 세션 재생성
2026-07-31 09:56:01,191 [WARNING] [API NetworkError] fetch_positions 네트워크 오류 감지. 3/3. 2.25초 대기... 오류: okx GET https://www.okx.com/api/v5/account/positions
2026-07-31 09:56:03,672 [ERROR] 포지션 조회 실패: okx GET https://www.okx.com/api/v5/account/positions
2026-07-31 09:56:03,672 [WARNING] [모니터링] 오류: okx GET https://www.okx.com/api/v5/account/positions
2026-07-31 09:56:03,672 [WARNING] [복구] 스캐너 정체 감지 (scan_count=1115 229초 정지) → 강제 재시작
2026-07-31 09:56:03,672 [INFO] [SCANNER] 스캔 엔진 중지
2026-07-31 09:56:03,672 [INFO] [SCANNER] 스캔 엔진 시작 (Async)
2026-07-31 09:56:03,672 [INFO] [SCANNER] 웹소켓 비활성(REST 전용) — 안정성 우선
2026-07-31 09:56:03,904 [WARNING] [API NetworkError] fetch_tickers 네트워크 오류 감지. 1/3. 1.0초 대기... 오류: okx GET https://www.okx.com/api/v5/market/tickers?instType=SPOT
2026-07-31 09:56:05,028 [WARNING] [API NetworkError] fetch_tickers 네트워크 오류 감지. 2/3. 1.5초 대기... 오류: okx GET https://www.okx.com/api/v5/market/tickers?instType=SPOT
2026-07-31 09:56:05,028 [WARNING] [SESSION RESET] 연속 네트워크 오류 3회 — aiohttp 세션 재생성
2026-07-31 09:56:06,903 [WARNING] [API NetworkError] fetch_tickers 네트워크 오류 감지. 3/3. 2.25초 대기... 오류: okx GET https://www.okx.com/api/v5/market/tickers?instType=SPOT
2026-07-31 09:56:49,859 [WARNING] [API NetworkError] fetch_positions 네트워크 오류 감지. 1/3. 1.0초 대기... 오류: okx GET https://www.okx.com/api/v5/account/positions
2026-07-31 09:56:50,451 [ERROR] Tickers 일괄 조회 실패: okx GET https://www.okx.com/api/v5/market/tickers?instType=SPOT
2026-07-31 09:56:50,451 [INFO] [WARN] 일괄 조회된 Ticker가 없습니다. 스캔 건너뜀.
2026-07-31 09:56:50,982 [WARNING] [API NetworkError] fetch_positions 네트워크 오류 감지. 2/3. 1.5초 대기... 오류: okx GET https://www.okx.com/api/v5/account/positions
2026-07-31 09:56:50,983 [WARNING] [SESSION RESET] 연속 네트워크 오류 3회 — aiohttp 세션 재생성
2026-07-31 09:56:52,971 [WARNING] [API NetworkError] fetch_positions 네트워크 오류 감지. 3/3. 2.25초 대기... 오류: okx GET https://www.okx.com/api/v5/account/positions
2026-07-31 09:56:55,451 [ERROR] 포지션 조회 실패: okx GET https://www.okx.com/api/v5/account/positions
2026-07-31 09:56:55,451 [WARNING] [모니터링] 오류: okx GET https://www.okx.com/api/v5/account/positions
2026-07-31 09:57:44,133 [INFO] [SCAN] 블랙리스트 4개 제외: ['IP/USDT:USDT', 'NES/USDT:USDT', 'WLD/USDT:USDT', 'XAG/USDT:USDT', 'XAU/USDT:USDT', 'XAUT/USDT:USDT']
2026-07-31 09:57:44,134 [INFO] [SCAN] 스캔 시작: 30개 페어 (캐시 33개 보유)
2026-07-31 09:57:54,192 [INFO] [상태] 잔고:$9.83 | 포지션:1개 | 스캔:1115회 | 스캐너:ON
2026-07-31 09:57:57,852 [INFO] [SCAN] 완료: 30개 종목 · 신호 0개 · API 호출 30회 · 캐시 히트 0회
2026-07-31 09:58:14,974 [INFO] [SCAN] 블랙리스트 4개 제외: ['IP/USDT:USDT', 'NES/USDT:USDT', 'WLD/USDT:USDT', 'XAG/USDT:USDT', 'XAU/USDT:USDT', 'XAUT/USDT:USDT']
2026-07-31 09:58:14,974 [INFO] [SCAN] 스캔 시작: 30개 페어 (캐시 33개 보유)
2026-07-31 09:58:28,191 [INFO] [SCAN] 완료: 30개 종목 · 신호 0개 · API 호출 30회 · 캐시 히트 0회
2026-07-31 09:58:43,465 [INFO] [SCAN] 블랙리스트 4개 제외: ['IP/USDT:USDT', 'NES/USDT:USDT', 'WLD/USDT:USDT', 'XAG/USDT:USDT', 'XAU/USDT:USDT', 'XAUT/USDT:USDT']
2026-07-31 09:58:43,466 [INFO] [SCAN] 스캔 시작: 30개 페어 (캐시 33개 보유)
2026-07-31 09:58:54,891 [INFO] [상태] 잔고:$9.83 | 포지션:1개 | 스캔:1117회 | 스캐너:ON
2026-07-31 09:58:56,792 [INFO] [CACHE] SHIB/USDT:USDT 초기 로드 300봉
2026-07-31 09:58:57,306 [INFO] [SCAN] 완료: 30개 종목 · 신호 0개 · API 호출 30회 · 캐시 히트 0회
2026-07-31 09:59:12,648 [INFO] [SCAN] 블랙리스트 4개 제외: ['IP/USDT:USDT', 'NES/USDT:USDT', 'WLD/USDT:USDT', 'XAG/USDT:USDT', 'XAU/USDT:USDT', 'XAUT/USDT:USDT']
2026-07-31 09:59:12,648 [INFO] [SCAN] 스캔 시작: 30개 페어 (캐시 34개 보유)
2026-07-31 09:59:25,850 [INFO] [SCAN] 완료: 30개 종목 · 신호 0개 · API 호출 30회 · 캐시 히트 0회
2026-07-31 09:59:42,126 [INFO] [SCAN] 블랙리스트 4개 제외: ['IP/USDT:USDT', 'NES/USDT:USDT', 'WLD/USDT:USDT', 'XAG/USDT:USDT', 'XAU/USDT:USDT', 'XAUT/USDT:USDT']
2026-07-31 09:59:42,126 [INFO] [SCAN] 스캔 시작: 30개 페어 (캐시 34개 보유)
2026-07-31 09:59:55,506 [INFO] [상태] 잔고:$9.83 | 포지션:1개 | 스캔:1119회 | 스캐너:ON
2026-07-31 09:59:56,042 [INFO] [SCAN] 완료: 30개 종목 · 신호 0개 · API 호출 30회 · 캐시 히트 0회
2026-07-31 10:00:11,365 [INFO] [SCAN] 블랙리스트 4개 제외: ['IP/USDT:USDT', 'NES/USDT:USDT', 'WLD/USDT:USDT', 'XAG/USDT:USDT', 'XAU/USDT:USDT', 'XAUT/USDT:USDT']
2026-07-31 10:00:11,366 [INFO] [SCAN] 스캔 시작: 30개 페어 (캐시 34개 보유)
2026-07-31 10:00:25,499 [INFO] [SCAN] 완료: 30개 종목 · 신호 0개 · API 호출 30회 · 캐시 히트 0회
2026-07-31 10:00:40,817 [INFO] [SCAN] 블랙리스트 4개 제외: ['IP/USDT:USDT', 'NES/USDT:USDT', 'WLD/USDT:USDT', 'XAG/USDT:USDT', 'XAU/USDT:USDT', 'XAUT/USDT:USDT']
2026-07-31 10:00:40,817 [INFO] [SCAN] 스캔 시작: 30개 페어 (캐시 34개 보유)
2026-07-31 10:00:54,165 [INFO] [SCAN] 완료: 30개 종목 · 신호 0개 · API 호출 30회 · 캐시 히트 0회
2026-07-31 10:00:55,993 [INFO] [상태] 잔고:$9.84 | 포지션:1개 | 스캔:1122회 | 스캐너:ON
2026-07-31 10:01:10,500 [INFO] [SCAN] 블랙리스트 4개 제외: ['IP/USDT:USDT', 'NES/USDT:USDT', 'WLD/USDT:USDT', 'XAG/USDT:USDT', 'XAU/USDT:USDT', 'XAUT/USDT:USDT']
2026-07-31 10:01:10,502 [INFO] [SCAN] 스캔 시작: 30개 페어 (캐시 34개 보유)
2026-07-31 10:01:23,782 [INFO] [SCAN] 완료: 30개 종목 · 신호 0개 · API 호출 30회 · 캐시 히트 0회
2026-07-31 10:01:39,053 [INFO] [SCAN] 블랙리스트 4개 제외: ['IP/USDT:USDT', 'NES/USDT:USDT', 'WLD/USDT:USDT', 'XAG/USDT:USDT', 'XAU/USDT:USDT', 'XAUT/USDT:USDT']
2026-07-31 10:01:39,053 [INFO] [SCAN] 스캔 시작: 30개 페어 (캐시 34개 보유)
2026-07-31 10:01:52,223 [INFO] [SCAN] 완료: 30개 종목 · 신호 0개 · API 호출 30회 · 캐시 히트 0회
2026-07-31 10:01:56,534 [INFO] [상태] 잔고:$9.86 | 포지션:1개 | 스캔:1124회 | 스캐너:ON
2026-07-31 10:02:07,599 [INFO] [SCAN] 블랙리스트 4개 제외: ['IP/USDT:USDT', 'NES/USDT:USDT', 'WLD/USDT:USDT', 'XAG/USDT:USDT', 'XAU/USDT:USDT', 'XAUT/USDT:USDT']
2026-07-31 10:02:07,599 [INFO] [SCAN] 스캔 시작: 30개 페어 (캐시 34개 보유)
2026-07-31 10:02:20,773 [INFO] [SCAN] 완료: 30개 종목 · 신호 0개 · API 호출 30회 · 캐시 히트 0회
2026-07-31 10:02:37,089 [INFO] [SCAN] 블랙리스트 4개 제외: ['IP/USDT:USDT', 'NES/USDT:USDT', 'WLD/USDT:USDT', 'XAG/USDT:USDT', 'XAU/USDT:USDT', 'XAUT/USDT:USDT']
2026-07-31 10:02:37,089 [INFO] [SCAN] 스캔 시작: 30개 페어 (캐시 34개 보유)
2026-07-31 10:02:50,338 [INFO] [SCAN] 완료: 30개 종목 · 신호 0개 · API 호출 30회 · 캐시 히트 0회
2026-07-31 10:02:57,017 [INFO] [상태] 잔고:$9.86 | 포지션:1개 | 스캔:1126회 | 스캐너:ON
2026-07-31 10:03:05,703 [INFO] [SCAN] 블랙리스트 4개 제외: ['IP/USDT:USDT', 'NES/USDT:USDT', 'WLD/USDT:USDT', 'XAG/USDT:USDT', 'XAU/USDT:USDT', 'XAUT/USDT:USDT']
2026-07-31 10:03:05,704 [INFO] [SCAN] 스캔 시작: 30개 페어 (캐시 34개 보유)
2026-07-31 10:03:18,865 [INFO] [SCAN] 완료: 30개 종목 · 신호 0개 · API 호출 30회 · 캐시 히트 0회
2026-07-31 10:03:34,188 [INFO] [SCAN] 블랙리스트 4개 제외: ['IP/USDT:USDT', 'NES/USDT:USDT', 'WLD/USDT:USDT', 'XAG/USDT:USDT', 'XAU/USDT:USDT', 'XAUT/USDT:USDT']
2026-07-31 10:03:34,189 [INFO] [SCAN] 스캔 시작: 30개 페어 (캐시 34개 보유)
2026-07-31 10:03:47,693 [INFO] [SCAN] 완료: 30개 종목 · 신호 0개 · API 호출 30회 · 캐시 히트 0회
2026-07-31 10:03:57,696 [INFO] [상태] 잔고:$9.86 | 포지션:1개 | 스캔:1128회 | 스캐너:ON
2026-07-31 10:04:04,370 [INFO] [SCAN] 블랙리스트 4개 제외: ['IP/USDT:USDT', 'NES/USDT:USDT', 'WLD/USDT:USDT', 'XAG/USDT:USDT', 'XAU/USDT:USDT', 'XAUT/USDT:USDT']
2026-07-31 10:04:04,370 [INFO] [SCAN] 스캔 시작: 30개 페어 (캐시 34개 보유)
2026-07-31 10:04:17,814 [INFO] [SCAN] 완료: 30개 종목 · 신호 0개 · API 호출 30회 · 캐시 히트 0회
2026-07-31 10:04:33,069 [INFO] [SCAN] 블랙리스트 4개 제외: ['IP/USDT:USDT', 'NES/USDT:USDT', 'WLD/USDT:USDT', 'XAG/USDT:USDT', 'XAU/USDT:USDT', 'XAUT/USDT:USDT']
2026-07-31 10:04:33,070 [INFO] [SCAN] 스캔 시작: 30개 페어 (캐시 34개 보유)
2026-07-31 10:04:46,347 [INFO] [SCAN] 완료: 30개 종목 · 신호 0개 · API 호출 30회 · 캐시 히트 0회
2026-07-31 10:04:58,131 [INFO] [상태] 잔고:$9.86 | 포지션:1개 | 스캔:1130회 | 스캐너:ON
2026-07-31 10:05:01,761 [INFO] [SCAN] 블랙리스트 4개 제외: ['IP/USDT:USDT', 'NES/USDT:USDT', 'WLD/USDT:USDT', 'XAG/USDT:USDT', 'XAU/USDT:USDT', 'XAUT/USDT:USDT']
2026-07-31 10:05:01,762 [INFO] [SCAN] 스캔 시작: 30개 페어 (캐시 34개 보유)
2026-07-31 10:05:15,224 [INFO] [SCAN] 완료: 30개 종목 · 신호 0개 · API 호출 30회 · 캐시 히트 0회
2026-07-31 10:05:31,648 [INFO] [SCAN] 블랙리스트 4개 제외: ['IP/USDT:USDT', 'NES/USDT:USDT', 'WLD/USDT:USDT', 'XAG/USDT:USDT', 'XAU/USDT:USDT', 'XAUT/USDT:USDT']
2026-07-31 10:05:31,650 [INFO] [SCAN] 스캔 시작: 30개 페어 (캐시 34개 보유)
2026-07-31 10:05:45,181 [INFO] [SCAN] 완료: 30개 종목 · 신호 0개 · API 호출 30회 · 캐시 히트 0회
2026-07-31 10:05:58,615 [INFO] [상태] 잔고:$9.86 | 포지션:1개 | 스캔:1132회 | 스캐너:ON
2026-07-31 10:06:00,552 [INFO] [SCAN] 블랙리스트 4개 제외: ['IP/USDT:USDT', 'NES/USDT:USDT', 'WLD/USDT:USDT', 'XAG/USDT:USDT', 'XAU/USDT:USDT', 'XAUT/USDT:USDT']
2026-07-31 10:06:00,552 [INFO] [SCAN] 스캔 시작: 30개 페어 (캐시 34개 보유)
2026-07-31 10:06:14,105 [INFO] [SCAN] 완료: 30개 종목 · 신호 0개 · API 호출 30회 · 캐시 히트 0회
2026-07-31 10:06:29,373 [INFO] [SCAN] 블랙리스트 4개 제외: ['IP/USDT:USDT', 'NES/USDT:USDT', 'WLD/USDT:USDT', 'XAG/USDT:USDT', 'XAU/USDT:USDT', 'XAUT/USDT:USDT']
2026-07-31 10:06:29,374 [INFO] [SCAN] 스캔 시작: 30개 페어 (캐시 34개 보유)
2026-07-31 10:06:42,744 [INFO] [SCAN] 완료: 30개 종목 · 신호 0개 · API 호출 30회 · 캐시 히트 0회
2026-07-31 10:06:59,209 [INFO] [상태] 잔고:$9.83 | 포지션:1개 | 스캔:1134회 | 스캐너:ON
2026-07-31 10:06:59,505 [INFO] [SCAN] 블랙리스트 4개 제외: ['IP/USDT:USDT', 'NES/USDT:USDT', 'WLD/USDT:USDT', 'XAG/USDT:USDT', 'XAU/USDT:USDT', 'XAUT/USDT:USDT']
2026-07-31 10:06:59,506 [INFO] [SCAN] 스캔 시작: 30개 페어 (캐시 34개 보유)
2026-07-31 10:07:13,149 [INFO] [SCAN] 완료: 30개 종목 · 신호 0개 · API 호출 30회 · 캐시 히트 0회
2026-07-31 10:07:28,454 [INFO] [SCAN] 블랙리스트 4개 제외: ['IP/USDT:USDT', 'NES/USDT:USDT', 'WLD/USDT:USDT', 'XAG/USDT:USDT', 'XAU/USDT:USDT', 'XAUT/USDT:USDT']
2026-07-31 10:07:28,459 [INFO] [SCAN] 스캔 시작: 30개 페어 (캐시 34개 보유)
2026-07-31 10:07:41,950 [INFO] [SCAN] 완료: 30개 종목 · 신호 0개 · API 호출 30회 · 캐시 히트 0회
2026-07-31 10:07:57,256 [INFO] [SCAN] 블랙리스트 4개 제외: ['IP/USDT:USDT', 'NES/USDT:USDT', 'WLD/USDT:USDT', 'XAG/USDT:USDT', 'XAU/USDT:USDT', 'XAUT/USDT:USDT']
2026-07-31 10:07:57,257 [INFO] [SCAN] 스캔 시작: 30개 페어 (캐시 34개 보유)
2026-07-31 10:07:59,708 [INFO] [상태] 잔고:$9.84 | 포지션:1개 | 스캔:1136회 | 스캐너:ON
2026-07-31 10:08:10,781 [INFO] [SCAN] 완료: 30개 종목 · 신호 0개 · API 호출 30회 · 캐시 히트 0회
2026-07-31 10:08:27,197 [INFO] [SCAN] 블랙리스트 4개 제외: ['IP/USDT:USDT', 'NES/USDT:USDT', 'WLD/USDT:USDT', 'XAG/USDT:USDT', 'XAU/USDT:USDT', 'XAUT/USDT:USDT']
2026-07-31 10:08:27,197 [INFO] [SCAN] 스캔 시작: 30개 페어 (캐시 34개 보유)
2026-07-31 10:08:40,578 [INFO] [SCAN] 완료: 30개 종목 · 신호 0개 · API 호출 30회 · 캐시 히트 0회
2026-07-31 10:08:55,829 [INFO] [SCAN] 블랙리스트 4개 제외: ['IP/USDT:USDT', 'NES/USDT:USDT', 'WLD/USDT:USDT', 'XAG/USDT:USDT', 'XAU/USDT:USDT', 'XAUT/USDT:USDT']
2026-07-31 10:08:55,829 [INFO] [SCAN] 스캔 시작: 30개 페어 (캐시 34개 보유)
2026-07-31 10:09:00,194 [INFO] [상태] 잔고:$9.84 | 포지션:1개 | 스캔:1138회 | 스캐너:ON
2026-07-31 10:09:09,508 [INFO] [SCAN] 완료: 30개 종목 · 신호 0개 · API 호출 30회 · 캐시 히트 0회
2026-07-31 10:09:24,786 [INFO] [SCAN] 블랙리스트 4개 제외: ['IP/USDT:USDT', 'NES/USDT:USDT', 'WLD/USDT:USDT', 'XAG/USDT:USDT', 'XAU/USDT:USDT', 'XAUT/USDT:USDT']
2026-07-31 10:09:24,786 [INFO] [SCAN] 스캔 시작: 30개 페어 (캐시 34개 보유)
2026-07-31 10:09:37,963 [INFO] [SCAN] 완료: 30개 종목 · 신호 0개 · API 호출 30회 · 캐시 히트 0회
2026-07-31 10:09:54,377 [INFO] [SCAN] 블랙리스트 4개 제외: ['IP/USDT:USDT', 'NES/USDT:USDT', 'WLD/USDT:USDT', 'XAG/USDT:USDT', 'XAU/USDT:USDT', 'XAUT/USDT:USDT']
2026-07-31 10:09:54,377 [INFO] [SCAN] 스캔 시작: 30개 페어 (캐시 34개 보유)
2026-07-31 10:10:00,630 [INFO] [상태] 잔고:$9.86 | 포지션:1개 | 스캔:1140회 | 스캐너:ON
2026-07-31 10:10:07,744 [INFO] [SCAN] 완료: 30개 종목 · 신호 0개 · API 호출 30회 · 캐시 히트 0회
2026-07-31 10:10:23,049 [INFO] [SCAN] 블랙리스트 4개 제외: ['IP/USDT:USDT', 'NES/USDT:USDT', 'WLD/USDT:USDT', 'XAG/USDT:USDT', 'XAU/USDT:USDT', 'XAUT/USDT:USDT']
2026-07-31 10:10:23,050 [INFO] [SCAN] 스캔 시작: 30개 페어 (캐시 34개 보유)
2026-07-31 10:10:36,127 [INFO] [SCAN] 완료: 30개 종목 · 신호 0개 · API 호출 30회 · 캐시 히트 0회
2026-07-31 10:10:51,393 [INFO] [SCAN] 블랙리스트 4개 제외: ['IP/USDT:USDT', 'NES/USDT:USDT', 'WLD/USDT:USDT', 'XAG/USDT:USDT', 'XAU/USDT:USDT', 'XAUT/USDT:USDT']
2026-07-31 10:10:51,393 [INFO] [SCAN] 스캔 시작: 30개 페어 (캐시 34개 보유)
2026-07-31 10:11:01,177 [INFO] [상태] 잔고:$9.86 | 포지션:1개 | 스캔:1142회 | 스캐너:ON
2026-07-31 10:11:05,130 [INFO] [SCAN] 완료: 30개 종목 · 신호 0개 · API 호출 30회 · 캐시 히트 0회
2026-07-31 10:11:21,524 [INFO] [SCAN] 블랙리스트 4개 제외: ['IP/USDT:USDT', 'NES/USDT:USDT', 'WLD/USDT:USDT', 'XAG/USDT:USDT', 'XAU/USDT:USDT', 'XAUT/USDT:USDT']
2026-07-31 10:11:21,524 [INFO] [SCAN] 스캔 시작: 30개 페어 (캐시 34개 보유)
2026-07-31 10:11:34,840 [INFO] [SCAN] 완료: 30개 종목 · 신호 0개 · API 호출 30회 · 캐시 히트 0회
2026-07-31 10:11:50,118 [INFO] [SCAN] 블랙리스트 4개 제외: ['IP/USDT:USDT', 'NES/USDT:USDT', 'WLD/USDT:USDT', 'XAG/USDT:USDT', 'XAU/USDT:USDT', 'XAUT/USDT:USDT']
2026-07-31 10:11:50,119 [INFO] [SCAN] 스캔 시작: 30개 페어 (캐시 34개 보유)
2026-07-31 10:12:01,781 [INFO] [상태] 잔고:$9.85 | 포지션:1개 | 스캔:1144회 | 스캐너:ON
2026-07-31 10:12:04,048 [INFO] [SCAN] 완료: 30개 종목 · 신호 0개 · API 호출 30회 · 캐시 히트 0회
2026-07-31 10:12:19,306 [INFO] [SCAN] 블랙리스트 4개 제외: ['IP/USDT:USDT', 'NES/USDT:USDT', 'WLD/USDT:USDT', 'XAG/USDT:USDT', 'XAU/USDT:USDT', 'XAUT/USDT:USDT']
2026-07-31 10:12:19,306 [INFO] [SCAN] 스캔 시작: 30개 페어 (캐시 34개 보유)
2026-07-31 10:12:33,190 [INFO] [SCAN] 완료: 30개 종목 · 신호 0개 · API 호출 30회 · 캐시 히트 0회
2026-07-31 10:12:49,799 [INFO] [SCAN] 블랙리스트 4개 제외: ['IP/USDT:USDT', 'NES/USDT:USDT', 'WLD/USDT:USDT', 'XAG/USDT:USDT', 'XAU/USDT:USDT', 'XAUT/USDT:USDT']
2026-07-31 10:12:49,800 [INFO] [SCAN] 스캔 시작: 30개 페어 (캐시 34개 보유)
2026-07-31 10:13:02,219 [INFO] [상태] 잔고:$9.86 | 포지션:1개 | 스캔:1146회 | 스캐너:ON
2026-07-31 10:13:03,706 [INFO] [SCAN] 완료: 30개 종목 · 신호 0개 · API 호출 30회 · 캐시 히트 0회
2026-07-31 10:13:19,004 [INFO] [SCAN] 블랙리스트 4개 제외: ['IP/USDT:USDT', 'NES/USDT:USDT', 'WLD/USDT:USDT', 'XAG/USDT:USDT', 'XAU/USDT:USDT', 'XAUT/USDT:USDT']
2026-07-31 10:13:19,004 [INFO] [SCAN] 스캔 시작: 30개 페어 (캐시 34개 보유)
2026-07-31 10:13:32,136 [INFO] [SCAN] 완료: 30개 종목 · 신호 0개 · API 호출 30회 · 캐시 히트 0회
2026-07-31 10:13:47,401 [INFO] [SCAN] 블랙리스트 4개 제외: ['IP/USDT:USDT', 'NES/USDT:USDT', 'WLD/USDT:USDT', 'XAG/USDT:USDT', 'XAU/USDT:USDT', 'XAUT/USDT:USDT']
2026-07-31 10:13:47,401 [INFO] [SCAN] 스캔 시작: 30개 페어 (캐시 34개 보유)
2026-07-31 10:14:00,463 [INFO] [SCAN] 완료: 30개 종목 · 신호 0개 · API 호출 30회 · 캐시 히트 0회
2026-07-31 10:14:02,701 [INFO] [상태] 잔고:$9.86 | 포지션:1개 | 스캔:1149회 | 스캐너:ON
2026-07-31 10:14:16,816 [INFO] [SCAN] 블랙리스트 4개 제외: ['IP/USDT:USDT', 'NES/USDT:USDT', 'WLD/USDT:USDT', 'XAG/USDT:USDT', 'XAU/USDT:USDT', 'XAUT/USDT:USDT']
2026-07-31 10:14:16,817 [INFO] [SCAN] 스캔 시작: 30개 페어 (캐시 34개 보유)
2026-07-31 10:14:29,900 [INFO] [SCAN] 완료: 30개 종목 · 신호 0개 · API 호출 30회 · 캐시 히트 0회
2026-07-31 10:14:45,163 [INFO] [SCAN] 블랙리스트 4개 제외: ['IP/USDT:USDT', 'NES/USDT:USDT', 'WLD/USDT:USDT', 'XAG/USDT:USDT', 'XAU/USDT:USDT', 'XAUT/USDT:USDT']
2026-07-31 10:14:45,164 [INFO] [SCAN] 스캔 시작: 30개 페어 (캐시 34개 보유)
2026-07-31 10:14:58,281 [INFO] [SCAN] 완료: 30개 종목 · 신호 0개 · API 호출 30회 · 캐시 히트 0회
2026-07-31 10:15:03,138 [INFO] [상태] 잔고:$9.86 | 포지션:1개 | 스캔:1151회 | 스캐너:ON
2026-07-31 10:15:13,655 [INFO] [SCAN] 블랙리스트 4개 제외: ['IP/USDT:USDT', 'NES/USDT:USDT', 'WLD/USDT:USDT', 'XAG/USDT:USDT', 'XAU/USDT:USDT', 'XAUT/USDT:USDT']
2026-07-31 10:15:13,655 [INFO] [SCAN] 스캔 시작: 30개 페어 (캐시 34개 보유)
2026-07-31 10:15:26,683 [INFO] [SCAN] 완료: 30개 종목 · 신호 0개 · API 호출 30회 · 캐시 히트 0회
2026-07-31 10:15:42,974 [INFO] [SCAN] 블랙리스트 4개 제외: ['IP/USDT:USDT', 'NES/USDT:USDT', 'WLD/USDT:USDT', 'XAG/USDT:USDT', 'XAU/USDT:USDT', 'XAUT/USDT:USDT']
2026-07-31 10:15:42,974 [INFO] [SCAN] 스캔 시작: 30개 페어 (캐시 34개 보유)
2026-07-31 10:15:56,259 [INFO] [SCAN] 완료: 30개 종목 · 신호 0개 · API 호출 30회 · 캐시 히트 0회
2026-07-31 10:16:03,554 [INFO] [상태] 잔고:$9.86 | 포지션:1개 | 스캔:1153회 | 스캐너:ON
2026-07-31 10:16:11,625 [INFO] [SCAN] 블랙리스트 4개 제외: ['IP/USDT:USDT', 'NES/USDT:USDT', 'WLD/USDT:USDT', 'XAG/USDT:USDT', 'XAU/USDT:USDT', 'XAUT/USDT:USDT']
2026-07-31 10:16:11,625 [INFO] [SCAN] 스캔 시작: 30개 페어 (캐시 34개 보유)
2026-07-31 10:16:24,745 [INFO] [SCAN] 완료: 30개 종목 · 신호 0개 · API 호출 30회 · 캐시 히트 0회
2026-07-31 10:16:40,000 [INFO] [SCAN] 블랙리스트 4개 제외: ['IP/USDT:USDT', 'NES/USDT:USDT', 'WLD/USDT:USDT', 'XAG/USDT:USDT', 'XAU/USDT:USDT', 'XAUT/USDT:USDT']
2026-07-31 10:16:40,000 [INFO] [SCAN] 스캔 시작: 30개 페어 (캐시 34개 보유)
2026-07-31 10:16:53,121 [INFO] [SCAN] 완료: 30개 종목 · 신호 0개 · API 호출 30회 · 캐시 히트 0회
2026-07-31 10:17:04,146 [INFO] [상태] 잔고:$9.85 | 포지션:1개 | 스캔:1155회 | 스캐너:ON
2026-07-31 10:17:09,462 [INFO] [SCAN] 블랙리스트 4개 제외: ['IP/USDT:USDT', 'NES/USDT:USDT', 'WLD/USDT:USDT', 'XAG/USDT:USDT', 'XAU/USDT:USDT', 'XAUT/USDT:USDT']
2026-07-31 10:17:09,462 [INFO] [SCAN] 스캔 시작: 30개 페어 (캐시 34개 보유)
2026-07-31 10:17:22,688 [INFO] [SCAN] 완료: 30개 종목 · 신호 0개 · API 호출 30회 · 캐시 히트 0회
2026-07-31 10:17:37,941 [INFO] [SCAN] 블랙리스트 4개 제외: ['IP/USDT:USDT', 'NES/USDT:USDT', 'WLD/USDT:USDT', 'XAG/USDT:USDT', 'XAU/USDT:USDT', 'XAUT/USDT:USDT']
2026-07-31 10:17:37,942 [INFO] [SCAN] 스캔 시작: 30개 페어 (캐시 34개 보유)
2026-07-31 10:17:51,043 [INFO] [SCAN] 완료: 30개 종목 · 신호 0개 · API 호출 30회 · 캐시 히트 0회
2026-07-31 10:18:04,580 [INFO] [상태] 잔고:$9.85 | 포지션:1개 | 스캔:1157회 | 스캐너:ON
2026-07-31 10:18:06,428 [INFO] [SCAN] 블랙리스트 4개 제외: ['IP/USDT:USDT', 'NES/USDT:USDT', 'WLD/USDT:USDT', 'XAG/USDT:USDT', 'XAU/USDT:USDT', 'XAUT/USDT:USDT']
2026-07-31 10:18:06,428 [INFO] [SCAN] 스캔 시작: 30개 페어 (캐시 34개 보유)
2026-07-31 10:18:19,508 [INFO] [SCAN] 완료: 30개 종목 · 신호 0개 · API 호출 30회 · 캐시 히트 0회
2026-07-31 10:18:35,823 [INFO] [SCAN] 블랙리스트 4개 제외: ['IP/USDT:USDT', 'NES/USDT:USDT', 'WLD/USDT:USDT', 'XAG/USDT:USDT', 'XAU/USDT:USDT', 'XAUT/USDT:USDT']
2026-07-31 10:18:35,824 [INFO] [SCAN] 스캔 시작: 30개 페어 (캐시 34개 보유)
2026-07-31 10:18:49,059 [INFO] [SCAN] 완료: 30개 종목 · 신호 0개 · API 호출 30회 · 캐시 히트 0회
2026-07-31 10:19:04,325 [INFO] [SCAN] 블랙리스트 4개 제외: ['IP/USDT:USDT', 'NES/USDT:USDT', 'WLD/USDT:USDT', 'XAG/USDT:USDT', 'XAU/USDT:USDT', 'XAUT/USDT:USDT']
2026-07-31 10:19:04,325 [INFO] [SCAN] 스캔 시작: 30개 페어 (캐시 34개 보유)
2026-07-31 10:19:05,214 [INFO] [상태] 잔고:$9.86 | 포지션:1개 | 스캔:1159회 | 스캐너:ON
2026-07-31 10:19:17,805 [INFO] [SCAN] 완료: 30개 종목 · 신호 0개 · API 호출 30회 · 캐시 히트 0회
2026-07-31 10:19:33,102 [INFO] [SCAN] 블랙리스트 4개 제외: ['IP/USDT:USDT', 'NES/USDT:USDT', 'WLD/USDT:USDT', 'XAG/USDT:USDT', 'XAU/USDT:USDT', 'XAUT/USDT:USDT']
2026-07-31 10:19:33,103 [INFO] [SCAN] 스캔 시작: 30개 페어 (캐시 34개 보유)
2026-07-31 10:19:46,484 [INFO] [SCAN] 완료: 30개 종목 · 신호 0개 · API 호출 30회 · 캐시 히트 0회
2026-07-31 10:20:02,776 [INFO] [SCAN] 블랙리스트 4개 제외: ['IP/USDT:USDT', 'NES/USDT:USDT', 'WLD/USDT:USDT', 'XAG/USDT:USDT', 'XAU/USDT:USDT', 'XAUT/USDT:USDT']
2026-07-31 10:20:02,777 [INFO] [SCAN] 스캔 시작: 30개 페어 (캐시 34개 보유)
2026-07-31 10:20:05,811 [INFO] [상태] 잔고:$9.85 | 포지션:1개 | 스캔:1161회 | 스캐너:ON
2026-07-31 10:20:16,241 [INFO] [SCAN] 완료: 30개 종목 · 신호 0개 · API 호출 30회 · 캐시 히트 0회
2026-07-31 10:20:31,604 [INFO] [SCAN] 블랙리스트 4개 제외: ['IP/USDT:USDT', 'NES/USDT:USDT', 'WLD/USDT:USDT', 'XAG/USDT:USDT', 'XAU/USDT:USDT', 'XAUT/USDT:USDT']
2026-07-31 10:20:31,604 [INFO] [SCAN] 스캔 시작: 30개 페어 (캐시 34개 보유)
2026-07-31 10:20:44,897 [INFO] [SCAN] 완료: 30개 종목 · 신호 0개 · API 호출 30회 · 캐시 히트 0회
2026-07-31 10:21:00,145 [INFO] [SCAN] 블랙리스트 4개 제외: ['IP/USDT:USDT', 'NES/USDT:USDT', 'WLD/USDT:USDT', 'XAG/USDT:USDT', 'XAU/USDT:USDT', 'XAUT/USDT:USDT']
2026-07-31 10:21:00,146 [INFO] [SCAN] 스캔 시작: 30개 페어 (캐시 34개 보유)
2026-07-31 10:21:06,358 [INFO] [상태] 잔고:$9.85 | 포지션:1개 | 스캔:1163회 | 스캐너:ON
2026-07-31 10:21:14,124 [INFO] [SCAN] 완료: 30개 종목 · 신호 0개 · API 호출 30회 · 캐시 히트 0회
2026-07-31 10:21:30,668 [INFO] [SCAN] 블랙리스트 4개 제외: ['IP/USDT:USDT', 'NES/USDT:USDT', 'WLD/USDT:USDT', 'XAG/USDT:USDT', 'XAU/USDT:USDT', 'XAUT/USDT:USDT']
2026-07-31 10:21:30,669 [INFO] [SCAN] 스캔 시작: 30개 페어 (캐시 34개 보유)
2026-07-31 10:21:43,798 [INFO] [SCAN] 완료: 30개 종목 · 신호 0개 · API 호출 30회 · 캐시 히트 0회
2026-07-31 10:21:59,059 [INFO] [SCAN] 블랙리스트 4개 제외: ['IP/USDT:USDT', 'NES/USDT:USDT', 'WLD/USDT:USDT', 'XAG/USDT:USDT', 'XAU/USDT:USDT', 'XAUT/USDT:USDT']
2026-07-31 10:21:59,059 [INFO] [SCAN] 스캔 시작: 30개 페어 (캐시 34개 보유)
2026-07-31 10:22:06,903 [INFO] [상태] 잔고:$9.86 | 포지션:1개 | 스캔:1165회 | 스캐너:ON
2026-07-31 10:22:12,607 [INFO] [SCAN] 완료: 30개 종목 · 신호 0개 · API 호출 30회 · 캐시 히트 0회
2026-07-31 10:22:27,866 [INFO] [SCAN] 블랙리스트 4개 제외: ['IP/USDT:USDT', 'NES/USDT:USDT', 'WLD/USDT:USDT', 'XAG/USDT:USDT', 'XAU/USDT:USDT', 'XAUT/USDT:USDT']
2026-07-31 10:22:27,866 [INFO] [SCAN] 스캔 시작: 30개 페어 (캐시 34개 보유)
2026-07-31 10:22:41,095 [INFO] [SCAN] 완료: 30개 종목 · 신호 0개 · API 호출 30회 · 캐시 히트 0회
2026-07-31 10:22:57,372 [INFO] [SCAN] 블랙리스트 4개 제외: ['IP/USDT:USDT', 'NES/USDT:USDT', 'WLD/USDT:USDT', 'XAG/USDT:USDT', 'XAU/USDT:USDT', 'XAUT/USDT:USDT']
2026-07-31 10:22:57,372 [INFO] [SCAN] 스캔 시작: 30개 페어 (캐시 34개 보유)
2026-07-31 10:23:07,446 [INFO] [상태] 잔고:$9.86 | 포지션:1개 | 스캔:1167회 | 스캐너:ON
2026-07-31 10:23:10,987 [INFO] [SCAN] 완료: 30개 종목 · 신호 0개 · API 호출 30회 · 캐시 히트 0회
2026-07-31 10:23:26,459 [INFO] [SCAN] 블랙리스트 4개 제외: ['IP/USDT:USDT', 'NES/USDT:USDT', 'WLD/USDT:USDT', 'XAG/USDT:USDT', 'XAU/USDT:USDT', 'XAUT/USDT:USDT']
2026-07-31 10:23:26,459 [INFO] [SCAN] 스캔 시작: 30개 페어 (캐시 34개 보유)
2026-07-31 10:23:39,740 [INFO] [SCAN] 완료: 30개 종목 · 신호 0개 · API 호출 30회 · 캐시 히트 0회
2026-07-31 10:23:55,009 [INFO] [SCAN] 블랙리스트 4개 제외: ['IP/USDT:USDT', 'NES/USDT:USDT', 'WLD/USDT:USDT', 'XAG/USDT:USDT', 'XAU/USDT:USDT', 'XAUT/USDT:USDT']
2026-07-31 10:23:55,010 [INFO] [SCAN] 스캔 시작: 30개 페어 (캐시 34개 보유)
2026-07-31 10:24:08,066 [INFO] [상태] 잔고:$9.87 | 포지션:1개 | 스캔:1169회 | 스캐너:ON
2026-07-31 10:24:08,277 [INFO] [SCAN] 완료: 30개 종목 · 신호 0개 · API 호출 30회 · 캐시 히트 0회
2026-07-31 10:24:24,767 [INFO] [SCAN] 블랙리스트 4개 제외: ['IP/USDT:USDT', 'NES/USDT:USDT', 'WLD/USDT:USDT', 'XAG/USDT:USDT', 'XAU/USDT:USDT', 'XAUT/USDT:USDT']
2026-07-31 10:24:24,767 [INFO] [SCAN] 스캔 시작: 30개 페어 (캐시 34개 보유)
2026-07-31 10:24:38,222 [INFO] [SCAN] 완료: 30개 종목 · 신호 0개 · API 호출 30회 · 캐시 히트 0회
2026-07-31 10:24:53,472 [INFO] [SCAN] 블랙리스트 4개 제외: ['IP/USDT:USDT', 'NES/USDT:USDT', 'WLD/USDT:USDT', 'XAG/USDT:USDT', 'XAU/USDT:USDT', 'XAUT/USDT:USDT']
2026-07-31 10:24:53,472 [INFO] [SCAN] 스캔 시작: 30개 페어 (캐시 34개 보유)
2026-07-31 10:25:06,566 [INFO] [SCAN] 완료: 30개 종목 · 신호 0개 · API 호출 30회 · 캐시 히트 0회
2026-07-31 10:25:08,609 [INFO] [상태] 잔고:$9.86 | 포지션:1개 | 스캔:1172회 | 스캐너:ON
2026-07-31 10:25:21,979 [INFO] [SCAN] 블랙리스트 4개 제외: ['IP/USDT:USDT', 'NES/USDT:USDT', 'WLD/USDT:USDT', 'XAG/USDT:USDT', 'XAU/USDT:USDT', 'XAUT/USDT:USDT']
2026-07-31 10:25:21,980 [INFO] [SCAN] 스캔 시작: 30개 페어 (캐시 34개 보유)
2026-07-31 10:25:35,394 [INFO] [SCAN] 완료: 30개 종목 · 신호 0개 · API 호출 30회 · 캐시 히트 0회
2026-07-31 10:25:51,923 [INFO] [SCAN] 블랙리스트 4개 제외: ['IP/USDT:USDT', 'NES/USDT:USDT', 'WLD/USDT:USDT', 'XAG/USDT:USDT', 'XAU/USDT:USDT', 'XAUT/USDT:USDT']
2026-07-31 10:25:51,924 [INFO] [SCAN] 스캔 시작: 30개 페어 (캐시 34개 보유)
2026-07-31 10:26:04,966 [INFO] [SCAN] 완료: 30개 종목 · 신호 0개 · API 호출 30회 · 캐시 히트 0회
2026-07-31 10:26:09,159 [INFO] [상태] 잔고:$9.85 | 포지션:1개 | 스캔:1174회 | 스캐너:ON
2026-07-31 10:26:20,351 [INFO] [SCAN] 블랙리스트 4개 제외: ['IP/USDT:USDT', 'NES/USDT:USDT', 'WLD/USDT:USDT', 'XAG/USDT:USDT', 'XAU/USDT:USDT', 'XAUT/USDT:USDT']
2026-07-31 10:26:20,351 [INFO] [SCAN] 스캔 시작: 30개 페어 (캐시 34개 보유)
2026-07-31 10:26:33,460 [INFO] [SCAN] 완료: 30개 종목 · 신호 0개 · API 호출 30회 · 캐시 히트 0회
2026-07-31 10:26:48,737 [INFO] [SCAN] 블랙리스트 4개 제외: ['IP/USDT:USDT', 'NES/USDT:USDT', 'WLD/USDT:USDT', 'XAG/USDT:USDT', 'XAU/USDT:USDT', 'XAUT/USDT:USDT']
2026-07-31 10:26:48,737 [INFO] [SCAN] 스캔 시작: 30개 페어 (캐시 34개 보유)
2026-07-31 10:27:01,957 [INFO] [SCAN] 완료: 30개 종목 · 신호 0개 · API 호출 30회 · 캐시 히트 0회
2026-07-31 10:27:09,652 [INFO] [상태] 잔고:$9.86 | 포지션:1개 | 스캔:1176회 | 스캐너:ON
2026-07-31 10:27:18,292 [INFO] [SCAN] 블랙리스트 4개 제외: ['IP/USDT:USDT', 'NES/USDT:USDT', 'WLD/USDT:USDT', 'XAG/USDT:USDT', 'XAU/USDT:USDT', 'XAUT/USDT:USDT']
2026-07-31 10:27:18,292 [INFO] [SCAN] 스캔 시작: 30개 페어 (캐시 34개 보유)
2026-07-31 10:27:31,583 [INFO] [SCAN] 완료: 30개 종목 · 신호 0개 · API 호출 30회 · 캐시 히트 0회
2026-07-31 10:27:46,854 [INFO] [SCAN] 블랙리스트 4개 제외: ['IP/USDT:USDT', 'NES/USDT:USDT', 'WLD/USDT:USDT', 'XAG/USDT:USDT', 'XAU/USDT:USDT', 'XAUT/USDT:USDT']
2026-07-31 10:27:46,854 [INFO] [SCAN] 스캔 시작: 30개 페어 (캐시 34개 보유)
2026-07-31 10:28:00,055 [INFO] [SCAN] 완료: 30개 종목 · 신호 0개 · API 호출 30회 · 캐시 히트 0회
2026-07-31 10:28:10,179 [INFO] [상태] 잔고:$9.85 | 포지션:1개 | 스캔:1178회 | 스캐너:ON
2026-07-31 10:28:15,425 [INFO] [SCAN] 블랙리스트 4개 제외: ['IP/USDT:USDT', 'NES/USDT:USDT', 'WLD/USDT:USDT', 'XAG/USDT:USDT', 'XAU/USDT:USDT', 'XAUT/USDT:USDT']
2026-07-31 10:28:15,425 [INFO] [SCAN] 스캔 시작: 30개 페어 (캐시 34개 보유)
2026-07-31 10:28:28,567 [INFO] [SCAN] 완료: 30개 종목 · 신호 0개 · API 호출 30회 · 캐시 히트 0회
2026-07-31 10:28:44,999 [INFO] [SCAN] 블랙리스트 4개 제외: ['IP/USDT:USDT', 'NES/USDT:USDT', 'WLD/USDT:USDT', 'XAG/USDT:USDT', 'XAU/USDT:USDT', 'XAUT/USDT:USDT']
2026-07-31 10:28:45,000 [INFO] [SCAN] 스캔 시작: 30개 페어 (캐시 34개 보유)
2026-07-31 10:28:58,180 [INFO] [SCAN] 완료: 30개 종목 · 신호 0개 · API 호출 30회 · 캐시 히트 0회
2026-07-31 10:29:10,622 [INFO] [상태] 잔고:$9.84 | 포지션:1개 | 스캔:1180회 | 스캐너:ON
2026-07-31 10:29:13,610 [INFO] [SCAN] 블랙리스트 4개 제외: ['IP/USDT:USDT', 'NES/USDT:USDT', 'WLD/USDT:USDT', 'XAG/USDT:USDT', 'XAU/USDT:USDT', 'XAUT/USDT:USDT']
2026-07-31 10:29:13,610 [INFO] [SCAN] 스캔 시작: 30개 페어 (캐시 34개 보유)
2026-07-31 10:29:26,792 [INFO] [SCAN] 완료: 30개 종목 · 신호 0개 · API 호출 30회 · 캐시 히트 0회
2026-07-31 10:29:42,054 [INFO] [SCAN] 블랙리스트 4개 제외: ['IP/USDT:USDT', 'NES/USDT:USDT', 'WLD/USDT:USDT', 'XAG/USDT:USDT', 'XAU/USDT:USDT', 'XAUT/USDT:USDT']
2026-07-31 10:29:42,054 [INFO] [SCAN] 스캔 시작: 30개 페어 (캐시 34개 보유)
2026-07-31 10:29:55,143 [INFO] [SCAN] 완료: 30개 종목 · 신호 0개 · API 호출 30회 · 캐시 히트 0회
2026-07-31 10:30:11,116 [INFO] [상태] 잔고:$9.84 | 포지션:1개 | 스캔:1182회 | 스캐너:ON
2026-07-31 10:30:11,474 [INFO] [SCAN] 블랙리스트 4개 제외: ['IP/USDT:USDT', 'NES/USDT:USDT', 'WLD/USDT:USDT', 'XAG/USDT:USDT', 'XAU/USDT:USDT', 'XAUT/USDT:USDT']
2026-07-31 10:30:11,475 [INFO] [SCAN] 스캔 시작: 30개 페어 (캐시 34개 보유)
2026-07-31 10:30:24,517 [INFO] [SCAN] 완료: 30개 종목 · 신호 0개 · API 호출 30회 · 캐시 히트 0회
2026-07-31 10:30:39,804 [INFO] [SCAN] 블랙리스트 4개 제외: ['IP/USDT:USDT', 'NES/USDT:USDT', 'WLD/USDT:USDT', 'XAG/USDT:USDT', 'XAU/USDT:USDT', 'XAUT/USDT:USDT']
2026-07-31 10:30:39,804 [INFO] [SCAN] 스캔 시작: 30개 페어 (캐시 34개 보유)
2026-07-31 10:30:53,082 [INFO] [SCAN] 완료: 30개 종목 · 신호 0개 · API 호출 30회 · 캐시 히트 0회
2026-07-31 10:31:08,336 [INFO] [SCAN] 블랙리스트 4개 제외: ['IP/USDT:USDT', 'NES/USDT:USDT', 'WLD/USDT:USDT', 'XAG/USDT:USDT', 'XAU/USDT:USDT', 'XAUT/USDT:USDT']
2026-07-31 10:31:08,336 [INFO] [SCAN] 스캔 시작: 30개 페어 (캐시 34개 보유)
2026-07-31 10:31:11,560 [INFO] [상태] 잔고:$9.84 | 포지션:1개 | 스캔:1184회 | 스캐너:ON
2026-07-31 10:31:21,627 [INFO] [SCAN] 완료: 30개 종목 · 신호 0개 · API 호출 30회 · 캐시 히트 0회
2026-07-31 10:31:37,897 [INFO] [SCAN] 블랙리스트 4개 제외: ['IP/USDT:USDT', 'NES/USDT:USDT', 'WLD/USDT:USDT', 'XAG/USDT:USDT', 'XAU/USDT:USDT', 'XAUT/USDT:USDT']
2026-07-31 10:31:37,897 [INFO] [SCAN] 스캔 시작: 30개 페어 (캐시 34개 보유)
2026-07-31 10:31:51,039 [INFO] [SCAN] 완료: 30개 종목 · 신호 0개 · API 호출 30회 · 캐시 히트 0회
2026-07-31 10:32:06,314 [INFO] [SCAN] 블랙리스트 4개 제외: ['IP/USDT:USDT', 'NES/USDT:USDT', 'WLD/USDT:USDT', 'XAG/USDT:USDT', 'XAU/USDT:USDT', 'XAUT/USDT:USDT']
2026-07-31 10:32:06,314 [INFO] [SCAN] 스캔 시작: 30개 페어 (캐시 34개 보유)
2026-07-31 10:32:12,058 [INFO] [상태] 잔고:$9.83 | 포지션:1개 | 스캔:1186회 | 스캐너:ON
2026-07-31 10:32:19,512 [INFO] [SCAN] 완료: 30개 종목 · 신호 0개 · API 호출 30회 · 캐시 히트 0회
2026-07-31 10:32:34,791 [INFO] [SCAN] 블랙리스트 4개 제외: ['IP/USDT:USDT', 'NES/USDT:USDT', 'WLD/USDT:USDT', 'XAG/USDT:USDT', 'XAU/USDT:USDT', 'XAUT/USDT:USDT']
2026-07-31 10:32:34,792 [INFO] [SCAN] 스캔 시작: 30개 페어 (캐시 34개 보유)
2026-07-31 10:32:47,982 [INFO] [SCAN] 완료: 30개 종목 · 신호 0개 · API 호출 30회 · 캐시 히트 0회
2026-07-31 10:33:04,359 [INFO] [SCAN] 블랙리스트 4개 제외: ['IP/USDT:USDT', 'NES/USDT:USDT', 'WLD/USDT:USDT', 'XAG/USDT:USDT', 'XAU/USDT:USDT', 'XAUT/USDT:USDT']
2026-07-31 10:33:04,360 [INFO] [SCAN] 스캔 시작: 30개 페어 (캐시 34개 보유)
2026-07-31 10:33:12,517 [INFO] [상태] 잔고:$9.83 | 포지션:1개 | 스캔:1188회 | 스캐너:ON
2026-07-31 10:33:18,421 [INFO] [SCAN] 완료: 30개 종목 · 신호 0개 · API 호출 30회 · 캐시 히트 0회
2026-07-31 10:33:33,721 [INFO] [SCAN] 블랙리스트 4개 제외: ['IP/USDT:USDT', 'NES/USDT:USDT', 'WLD/USDT:USDT', 'XAG/USDT:USDT', 'XAU/USDT:USDT', 'XAUT/USDT:USDT']
2026-07-31 10:33:33,721 [INFO] [SCAN] 스캔 시작: 30개 페어 (캐시 34개 보유)
2026-07-31 10:33:46,831 [INFO] [SCAN] 완료: 30개 종목 · 신호 0개 · API 호출 30회 · 캐시 히트 0회
2026-07-31 10:34:02,085 [INFO] [SCAN] 블랙리스트 4개 제외: ['IP/USDT:USDT', 'NES/USDT:USDT', 'WLD/USDT:USDT', 'XAG/USDT:USDT', 'XAU/USDT:USDT', 'XAUT/USDT:USDT']
2026-07-31 10:34:02,086 [INFO] [SCAN] 스캔 시작: 30개 페어 (캐시 34개 보유)
2026-07-31 10:34:12,940 [INFO] [상태] 잔고:$9.82 | 포지션:1개 | 스캔:1190회 | 스캐너:ON
2026-07-31 10:34:15,668 [INFO] [SCAN] 완료: 30개 종목 · 신호 0개 · API 호출 30회 · 캐시 히트 0회
2026-07-31 10:34:31,906 [INFO] [SCAN] 블랙리스트 4개 제외: ['IP/USDT:USDT', 'NES/USDT:USDT', 'WLD/USDT:USDT', 'XAG/USDT:USDT', 'XAU/USDT:USDT', 'XAUT/USDT:USDT']
2026-07-31 10:34:31,907 [INFO] [SCAN] 스캔 시작: 30개 페어 (캐시 34개 보유)
2026-07-31 10:34:45,090 [INFO] [SCAN] 완료: 30개 종목 · 신호 0개 · API 호출 30회 · 캐시 히트 0회
2026-07-31 10:35:00,385 [INFO] [SCAN] 블랙리스트 4개 제외: ['IP/USDT:USDT', 'NES/USDT:USDT', 'WLD/USDT:USDT', 'XAG/USDT:USDT', 'XAU/USDT:USDT', 'XAUT/USDT:USDT']
2026-07-31 10:35:00,385 [INFO] [SCAN] 스캔 시작: 30개 페어 (캐시 34개 보유)
2026-07-31 10:35:13,383 [INFO] [상태] 잔고:$9.82 | 포지션:1개 | 스캔:1192회 | 스캐너:ON
2026-07-31 10:35:13,909 [INFO] [SCAN] 완료: 30개 종목 · 신호 0개 · API 호출 30회 · 캐시 히트 0회
2026-07-31 10:35:29,167 [INFO] [SCAN] 블랙리스트 4개 제외: ['IP/USDT:USDT', 'NES/USDT:USDT', 'WLD/USDT:USDT', 'XAG/USDT:USDT', 'XAU/USDT:USDT', 'XAUT/USDT:USDT']
2026-07-31 10:35:29,167 [INFO] [SCAN] 스캔 시작: 30개 페어 (캐시 34개 보유)
2026-07-31 10:35:42,372 [INFO] [SCAN] 완료: 30개 종목 · 신호 0개 · API 호출 30회 · 캐시 히트 0회
2026-07-31 10:35:59,060 [INFO] [SCAN] 블랙리스트 4개 제외: ['IP/USDT:USDT', 'NES/USDT:USDT', 'WLD/USDT:USDT', 'XAG/USDT:USDT', 'XAU/USDT:USDT', 'XAUT/USDT:USDT']
2026-07-31 10:35:59,060 [INFO] [SCAN] 스캔 시작: 30개 페어 (캐시 34개 보유)
2026-07-31 10:36:12,835 [INFO] [SCAN] 완료: 30개 종목 · 신호 0개 · API 호출 30회 · 캐시 히트 0회
2026-07-31 10:36:13,829 [INFO] [상태] 잔고:$9.81 | 포지션:1개 | 스캔:1195회 | 스캐너:ON
2026-07-31 10:36:28,220 [INFO] [SCAN] 블랙리스트 4개 제외: ['IP/USDT:USDT', 'NES/USDT:USDT', 'WLD/USDT:USDT', 'XAG/USDT:USDT', 'XAU/USDT:USDT', 'XAUT/USDT:USDT']
2026-07-31 10:36:28,220 [INFO] [SCAN] 스캔 시작: 30개 페어 (캐시 34개 보유)
2026-07-31 10:36:41,756 [INFO] [SCAN] 완료: 30개 종목 · 신호 0개 · API 호출 30회 · 캐시 히트 0회
2026-07-31 10:36:57,024 [INFO] [SCAN] 블랙리스트 4개 제외: ['IP/USDT:USDT', 'NES/USDT:USDT', 'WLD/USDT:USDT', 'XAG/USDT:USDT', 'XAU/USDT:USDT', 'XAUT/USDT:USDT']
2026-07-31 10:36:57,025 [INFO] [SCAN] 스캔 시작: 30개 페어 (캐시 34개 보유)
2026-07-31 10:37:10,401 [INFO] [SCAN] 완료: 30개 종목 · 신호 0개 · API 호출 30회 · 캐시 히트 0회
2026-07-31 10:37:14,418 [INFO] [상태] 잔고:$9.81 | 포지션:1개 | 스캔:1197회 | 스캐너:ON
2026-07-31 10:37:26,748 [INFO] [SCAN] 블랙리스트 4개 제외: ['IP/USDT:USDT', 'NES/USDT:USDT', 'WLD/USDT:USDT', 'XAG/USDT:USDT', 'XAU/USDT:USDT', 'XAUT/USDT:USDT']
2026-07-31 10:37:26,749 [INFO] [SCAN] 스캔 시작: 30개 페어 (캐시 34개 보유)
2026-07-31 10:37:40,020 [INFO] [SCAN] 완료: 30개 종목 · 신호 0개 · API 호출 30회 · 캐시 히트 0회
2026-07-31 10:37:55,316 [INFO] [SCAN] 블랙리스트 4개 제외: ['IP/USDT:USDT', 'NES/USDT:USDT', 'WLD/USDT:USDT', 'XAG/USDT:USDT', 'XAU/USDT:USDT', 'XAUT/USDT:USDT']
2026-07-31 10:37:55,317 [INFO] [SCAN] 스캔 시작: 30개 페어 (캐시 34개 보유)
2026-07-31 10:38:08,511 [INFO] [SCAN] 완료: 30개 종목 · 신호 0개 · API 호출 30회 · 캐시 히트 0회
2026-07-31 10:38:14,849 [INFO] [상태] 잔고:$9.80 | 포지션:1개 | 스캔:1199회 | 스캐너:ON
2026-07-31 10:38:23,896 [INFO] [SCAN] 블랙리스트 4개 제외: ['IP/USDT:USDT', 'NES/USDT:USDT', 'WLD/USDT:USDT', 'XAG/USDT:USDT', 'XAU/USDT:USDT', 'XAUT/USDT:USDT']
2026-07-31 10:38:23,896 [INFO] [SCAN] 스캔 시작: 30개 페어 (캐시 34개 보유)
2026-07-31 10:38:37,314 [INFO] [SCAN] 완료: 30개 종목 · 신호 0개 · API 호출 30회 · 캐시 히트 0회
2026-07-31 10:38:53,598 [INFO] [SCAN] 블랙리스트 4개 제외: ['IP/USDT:USDT', 'NES/USDT:USDT', 'WLD/USDT:USDT', 'XAG/USDT:USDT', 'XAU/USDT:USDT', 'XAUT/USDT:USDT']
2026-07-31 10:38:53,598 [INFO] [SCAN] 스캔 시작: 30개 페어 (캐시 34개 보유)
2026-07-31 10:39:06,889 [INFO] [SCAN] 완료: 30개 종목 · 신호 0개 · API 호출 30회 · 캐시 히트 0회
2026-07-31 10:39:15,280 [INFO] [상태] 잔고:$9.82 | 포지션:1개 | 스캔:1201회 | 스캐너:ON
2026-07-31 10:39:22,278 [INFO] [SCAN] 블랙리스트 4개 제외: ['IP/USDT:USDT', 'NES/USDT:USDT', 'WLD/USDT:USDT', 'XAG/USDT:USDT', 'XAU/USDT:USDT', 'XAUT/USDT:USDT']
2026-07-31 10:39:22,278 [INFO] [SCAN] 스캔 시작: 30개 페어 (캐시 34개 보유)
2026-07-31 10:39:35,567 [INFO] [SCAN] 완료: 30개 종목 · 신호 0개 · API 호출 30회 · 캐시 히트 0회
2026-07-31 10:39:50,862 [INFO] [SCAN] 블랙리스트 4개 제외: ['IP/USDT:USDT', 'NES/USDT:USDT', 'WLD/USDT:USDT', 'XAG/USDT:USDT', 'XAU/USDT:USDT', 'XAUT/USDT:USDT']
2026-07-31 10:39:50,862 [INFO] [SCAN] 스캔 시작: 30개 페어 (캐시 34개 보유)
2026-07-31 10:40:04,420 [INFO] [SCAN] 완료: 30개 종목 · 신호 0개 · API 호출 30회 · 캐시 히트 0회
2026-07-31 10:40:15,876 [INFO] [상태] 잔고:$9.82 | 포지션:1개 | 스캔:1203회 | 스캐너:ON
2026-07-31 10:40:20,772 [INFO] [SCAN] 블랙리스트 4개 제외: ['IP/USDT:USDT', 'NES/USDT:USDT', 'WLD/USDT:USDT', 'XAG/USDT:USDT', 'XAU/USDT:USDT', 'XAUT/USDT:USDT']
2026-07-31 10:40:20,773 [INFO] [SCAN] 스캔 시작: 30개 페어 (캐시 34개 보유)
2026-07-31 10:40:34,008 [INFO] [SCAN] 완료: 30개 종목 · 신호 0개 · API 호출 30회 · 캐시 히트 0회
2026-07-31 10:40:49,323 [INFO] [SCAN] 블랙리스트 4개 제외: ['IP/USDT:USDT', 'NES/USDT:USDT', 'WLD/USDT:USDT', 'XAG/USDT:USDT', 'XAU/USDT:USDT', 'XAUT/USDT:USDT']
2026-07-31 10:40:49,324 [INFO] [SCAN] 스캔 시작: 30개 페어 (캐시 34개 보유)
2026-07-31 10:41:02,538 [INFO] [SCAN] 완료: 30개 종목 · 신호 0개 · API 호출 30회 · 캐시 히트 0회
2026-07-31 10:41:16,323 [INFO] [상태] 잔고:$9.82 | 포지션:1개 | 스캔:1205회 | 스캐너:ON
2026-07-31 10:41:17,929 [INFO] [SCAN] 블랙리스트 4개 제외: ['IP/USDT:USDT', 'NES/USDT:USDT', 'WLD/USDT:USDT', 'XAG/USDT:USDT', 'XAU/USDT:USDT', 'XAUT/USDT:USDT']
2026-07-31 10:41:17,930 [INFO] [SCAN] 스캔 시작: 30개 페어 (캐시 34개 보유)
2026-07-31 10:41:31,311 [INFO] [SCAN] 완료: 30개 종목 · 신호 0개 · API 호출 30회 · 캐시 히트 0회
2026-07-31 10:41:47,631 [INFO] [SCAN] 블랙리스트 4개 제외: ['IP/USDT:USDT', 'NES/USDT:USDT', 'WLD/USDT:USDT', 'XAG/USDT:USDT', 'XAU/USDT:USDT', 'XAUT/USDT:USDT']
2026-07-31 10:41:47,631 [INFO] [SCAN] 스캔 시작: 30개 페어 (캐시 34개 보유)
2026-07-31 10:42:01,100 [INFO] [SCAN] 완료: 30개 종목 · 신호 0개 · API 호출 30회 · 캐시 히트 0회
2026-07-31 10:42:16,378 [INFO] [SCAN] 블랙리스트 4개 제외: ['IP/USDT:USDT', 'NES/USDT:USDT', 'WLD/USDT:USDT', 'XAG/USDT:USDT', 'XAU/USDT:USDT', 'XAUT/USDT:USDT']
2026-07-31 10:42:16,378 [INFO] [SCAN] 스캔 시작: 30개 페어 (캐시 34개 보유)
2026-07-31 10:42:16,934 [INFO] [상태] 잔고:$9.82 | 포지션:1개 | 스캔:1207회 | 스캐너:ON
2026-07-31 10:42:30,223 [INFO] [SCAN] 완료: 30개 종목 · 신호 0개 · API 호출 30회 · 캐시 히트 0회
2026-07-31 10:42:45,491 [INFO] [SCAN] 블랙리스트 4개 제외: ['IP/USDT:USDT', 'NES/USDT:USDT', 'WLD/USDT:USDT', 'XAG/USDT:USDT', 'XAU/USDT:USDT', 'XAUT/USDT:USDT']
2026-07-31 10:42:45,491 [INFO] [SCAN] 스캔 시작: 30개 페어 (캐시 34개 보유)
2026-07-31 10:42:59,117 [INFO] [SCAN] 완료: 30개 종목 · 신호 0개 · API 호출 30회 · 캐시 히트 0회
2026-07-31 10:43:15,474 [INFO] [SCAN] 블랙리스트 4개 제외: ['IP/USDT:USDT', 'NES/USDT:USDT', 'WLD/USDT:USDT', 'XAG/USDT:USDT', 'XAU/USDT:USDT', 'XAUT/USDT:USDT']
2026-07-31 10:43:15,474 [INFO] [SCAN] 스캔 시작: 30개 페어 (캐시 34개 보유)
2026-07-31 10:43:17,366 [INFO] [상태] 잔고:$9.82 | 포지션:1개 | 스캔:1209회 | 스캐너:ON
2026-07-31 10:43:28,830 [INFO] [SCAN] 완료: 30개 종목 · 신호 0개 · API 호출 30회 · 캐시 히트 0회
2026-07-31 10:43:44,100 [INFO] [SCAN] 블랙리스트 4개 제외: ['IP/USDT:USDT', 'NES/USDT:USDT', 'WLD/USDT:USDT', 'XAG/USDT:USDT', 'XAU/USDT:USDT', 'XAUT/USDT:USDT']
2026-07-31 10:43:44,100 [INFO] [SCAN] 스캔 시작: 30개 페어 (캐시 34개 보유)
2026-07-31 10:43:57,455 [INFO] [SCAN] 완료: 30개 종목 · 신호 0개 · API 호출 30회 · 캐시 히트 0회
2026-07-31 10:44:12,707 [INFO] [SCAN] 블랙리스트 4개 제외: ['IP/USDT:USDT', 'NES/USDT:USDT', 'WLD/USDT:USDT', 'XAG/USDT:USDT', 'XAU/USDT:USDT', 'XAUT/USDT:USDT']
2026-07-31 10:44:12,707 [INFO] [SCAN] 스캔 시작: 30개 페어 (캐시 34개 보유)
2026-07-31 10:44:18,020 [INFO] [상태] 잔고:$9.81 | 포지션:1개 | 스캔:1211회 | 스캐너:ON
2026-07-31 10:44:26,119 [INFO] [SCAN] 완료: 30개 종목 · 신호 0개 · API 호출 30회 · 캐시 히트 0회
2026-07-31 10:44:42,596 [INFO] [SCAN] 블랙리스트 4개 제외: ['IP/USDT:USDT', 'NES/USDT:USDT', 'WLD/USDT:USDT', 'XAG/USDT:USDT', 'XAU/USDT:USDT', 'XAUT/USDT:USDT']
2026-07-31 10:44:42,597 [INFO] [SCAN] 스캔 시작: 30개 페어 (캐시 34개 보유)
2026-07-31 10:44:55,777 [INFO] [SCAN] 완료: 30개 종목 · 신호 0개 · API 호출 30회 · 캐시 히트 0회
2026-07-31 10:45:11,057 [INFO] [SCAN] 블랙리스트 4개 제외: ['IP/USDT:USDT', 'NES/USDT:USDT', 'WLD/USDT:USDT', 'XAG/USDT:USDT', 'XAU/USDT:USDT', 'XAUT/USDT:USDT']
2026-07-31 10:45:11,057 [INFO] [SCAN] 스캔 시작: 30개 페어 (캐시 34개 보유)
2026-07-31 10:45:18,464 [INFO] [상태] 잔고:$9.81 | 포지션:1개 | 스캔:1213회 | 스캐너:ON
2026-07-31 10:45:25,003 [INFO] [SCAN] 완료: 30개 종목 · 신호 0개 · API 호출 30회 · 캐시 히트 0회
2026-07-31 10:45:40,317 [INFO] [SCAN] 블랙리스트 4개 제외: ['IP/USDT:USDT', 'NES/USDT:USDT', 'WLD/USDT:USDT', 'XAG/USDT:USDT', 'XAU/USDT:USDT', 'XAUT/USDT:USDT']
2026-07-31 10:45:40,317 [INFO] [SCAN] 스캔 시작: 30개 페어 (캐시 34개 보유)
2026-07-31 10:45:53,750 [INFO] [SCAN] 완료: 30개 종목 · 신호 0개 · API 호출 30회 · 캐시 히트 0회
2026-07-31 10:46:10,184 [INFO] [SCAN] 블랙리스트 4개 제외: ['IP/USDT:USDT', 'NES/USDT:USDT', 'WLD/USDT:USDT', 'XAG/USDT:USDT', 'XAU/USDT:USDT', 'XAUT/USDT:USDT']
2026-07-31 10:46:10,184 [INFO] [SCAN] 스캔 시작: 30개 페어 (캐시 34개 보유)
2026-07-31 10:46:18,968 [INFO] [상태] 잔고:$9.81 | 포지션:1개 | 스캔:1215회 | 스캐너:ON
2026-07-31 10:46:23,973 [INFO] [SCAN] 완료: 30개 종목 · 신호 0개 · API 호출 30회 · 캐시 히트 0회
2026-07-31 10:46:39,259 [INFO] [SCAN] 블랙리스트 4개 제외: ['IP/USDT:USDT', 'NES/USDT:USDT', 'WLD/USDT:USDT', 'XAG/USDT:USDT', 'XAU/USDT:USDT', 'XAUT/USDT:USDT']
2026-07-31 10:46:39,259 [INFO] [SCAN] 스캔 시작: 30개 페어 (캐시 34개 보유)
2026-07-31 10:46:52,803 [INFO] [SCAN] 완료: 30개 종목 · 신호 0개 · API 호출 30회 · 캐시 히트 0회
2026-07-31 10:47:08,060 [INFO] [SCAN] 블랙리스트 4개 제외: ['IP/USDT:USDT', 'NES/USDT:USDT', 'WLD/USDT:USDT', 'XAG/USDT:USDT', 'XAU/USDT:USDT', 'XAUT/USDT:USDT']
2026-07-31 10:47:08,060 [INFO] [SCAN] 스캔 시작: 30개 페어 (캐시 34개 보유)
2026-07-31 10:47:19,544 [INFO] [상태] 잔고:$9.79 | 포지션:1개 | 스캔:1217회 | 스캐너:ON
2026-07-31 10:47:21,703 [INFO] [SCAN] 완료: 30개 종목 · 신호 0개 · API 호출 30회 · 캐시 히트 0회
2026-07-31 10:47:37,985 [INFO] [SCAN] 블랙리스트 4개 제외: ['IP/USDT:USDT', 'NES/USDT:USDT', 'WLD/USDT:USDT', 'XAG/USDT:USDT', 'XAU/USDT:USDT', 'XAUT/USDT:USDT']
2026-07-31 10:47:37,986 [INFO] [SCAN] 스캔 시작: 30개 페어 (캐시 34개 보유)
2026-07-31 10:47:51,218 [INFO] [SCAN] 완료: 30개 종목 · 신호 0개 · API 호출 30회 · 캐시 히트 0회
2026-07-31 10:48:06,484 [INFO] [SCAN] 블랙리스트 4개 제외: ['IP/USDT:USDT', 'NES/USDT:USDT', 'WLD/USDT:USDT', 'XAG/USDT:USDT', 'XAU/USDT:USDT', 'XAUT/USDT:USDT']
2026-07-31 10:48:06,485 [INFO] [SCAN] 스캔 시작: 30개 페어 (캐시 34개 보유)
2026-07-31 10:48:19,645 [INFO] [SCAN] 완료: 30개 종목 · 신호 0개 · API 호출 30회 · 캐시 히트 0회
2026-07-31 10:48:20,009 [INFO] [상태] 잔고:$9.79 | 포지션:1개 | 스캔:1220회 | 스캐너:ON
2026-07-31 10:48:35,010 [INFO] [SCAN] 블랙리스트 4개 제외: ['IP/USDT:USDT', 'NES/USDT:USDT', 'WLD/USDT:USDT', 'XAG/USDT:USDT', 'XAU/USDT:USDT', 'XAUT/USDT:USDT']
2026-07-31 10:48:35,010 [INFO] [SCAN] 스캔 시작: 30개 페어 (캐시 34개 보유)
2026-07-31 10:48:48,076 [INFO] [SCAN] 완료: 30개 종목 · 신호 0개 · API 호출 30회 · 캐시 히트 0회
2026-07-31 10:49:04,348 [INFO] [SCAN] 블랙리스트 4개 제외: ['IP/USDT:USDT', 'NES/USDT:USDT', 'WLD/USDT:USDT', 'XAG/USDT:USDT', 'XAU/USDT:USDT', 'XAUT/USDT:USDT']
2026-07-31 10:49:04,348 [INFO] [SCAN] 스캔 시작: 30개 페어 (캐시 34개 보유)
2026-07-31 10:49:17,970 [INFO] [SCAN] 완료: 30개 종목 · 신호 0개 · API 호출 30회 · 캐시 히트 0회
2026-07-31 10:49:20,539 [INFO] [상태] 잔고:$9.79 | 포지션:1개 | 스캔:1222회 | 스캐너:ON
2026-07-31 10:49:33,382 [INFO] [SCAN] 블랙리스트 4개 제외: ['IP/USDT:USDT', 'NES/USDT:USDT', 'WLD/USDT:USDT', 'XAG/USDT:USDT', 'XAU/USDT:USDT', 'XAUT/USDT:USDT']
2026-07-31 10:49:33,382 [INFO] [SCAN] 스캔 시작: 30개 페어 (캐시 34개 보유)
2026-07-31 10:49:46,872 [INFO] [SCAN] 완료: 30개 종목 · 신호 0개 · API 호출 30회 · 캐시 히트 0회
2026-07-31 10:50:02,151 [INFO] [SCAN] 블랙리스트 4개 제외: ['IP/USDT:USDT', 'NES/USDT:USDT', 'WLD/USDT:USDT', 'XAG/USDT:USDT', 'XAU/USDT:USDT', 'XAUT/USDT:USDT']
2026-07-31 10:50:02,151 [INFO] [SCAN] 스캔 시작: 30개 페어 (캐시 34개 보유)
2026-07-31 10:50:15,522 [INFO] [SCAN] 완료: 30개 종목 · 신호 0개 · API 호출 30회 · 캐시 히트 0회
2026-07-31 10:50:21,237 [INFO] [상태] 잔고:$9.79 | 포지션:1개 | 스캔:1224회 | 스캐너:ON
2026-07-31 10:50:31,846 [INFO] [SCAN] 블랙리스트 4개 제외: ['IP/USDT:USDT', 'NES/USDT:USDT', 'WLD/USDT:USDT', 'XAG/USDT:USDT', 'XAU/USDT:USDT', 'XAUT/USDT:USDT']
2026-07-31 10:50:31,847 [INFO] [SCAN] 스캔 시작: 30개 페어 (캐시 34개 보유)
2026-07-31 10:50:45,275 [INFO] [SCAN] 완료: 30개 종목 · 신호 0개 · API 호출 30회 · 캐시 히트 0회
2026-07-31 10:51:00,560 [INFO] [SCAN] 블랙리스트 4개 제외: ['IP/USDT:USDT', 'NES/USDT:USDT', 'WLD/USDT:USDT', 'XAG/USDT:USDT', 'XAU/USDT:USDT', 'XAUT/USDT:USDT']
2026-07-31 10:51:00,560 [INFO] [SCAN] 스캔 시작: 30개 페어 (캐시 34개 보유)
2026-07-31 10:51:13,626 [INFO] [SCAN] 완료: 30개 종목 · 신호 0개 · API 호출 30회 · 캐시 히트 0회
2026-07-31 10:51:21,791 [INFO] [상태] 잔고:$9.79 | 포지션:1개 | 스캔:1226회 | 스캐너:ON
2026-07-31 10:51:29,002 [INFO] [SCAN] 블랙리스트 4개 제외: ['IP/USDT:USDT', 'NES/USDT:USDT', 'WLD/USDT:USDT', 'XAG/USDT:USDT', 'XAU/USDT:USDT', 'XAUT/USDT:USDT']
2026-07-31 10:51:29,003 [INFO] [SCAN] 스캔 시작: 30개 페어 (캐시 34개 보유)
2026-07-31 10:51:42,222 [INFO] [SCAN] 완료: 30개 종목 · 신호 0개 · API 호출 30회 · 캐시 히트 0회
2026-07-31 10:51:58,624 [INFO] [SCAN] 블랙리스트 4개 제외: ['IP/USDT:USDT', 'NES/USDT:USDT', 'WLD/USDT:USDT', 'XAG/USDT:USDT', 'XAU/USDT:USDT', 'XAUT/USDT:USDT']
2026-07-31 10:51:58,625 [INFO] [SCAN] 스캔 시작: 30개 페어 (캐시 34개 보유)
2026-07-31 10:52:11,895 [INFO] [SCAN] 완료: 30개 종목 · 신호 0개 · API 호출 30회 · 캐시 히트 0회
2026-07-31 10:52:22,241 [INFO] [상태] 잔고:$9.79 | 포지션:1개 | 스캔:1228회 | 스캐너:ON
2026-07-31 10:52:27,278 [INFO] [SCAN] 블랙리스트 4개 제외: ['IP/USDT:USDT', 'NES/USDT:USDT', 'WLD/USDT:USDT', 'XAG/USDT:USDT', 'XAU/USDT:USDT', 'XAUT/USDT:USDT']
2026-07-31 10:52:27,279 [INFO] [SCAN] 스캔 시작: 30개 페어 (캐시 34개 보유)
2026-07-31 10:52:40,330 [INFO] [SCAN] 완료: 30개 종목 · 신호 0개 · API 호출 30회 · 캐시 히트 0회
2026-07-31 10:52:55,600 [INFO] [SCAN] 블랙리스트 4개 제외: ['IP/USDT:USDT', 'NES/USDT:USDT', 'WLD/USDT:USDT', 'XAG/USDT:USDT', 'XAU/USDT:USDT', 'XAUT/USDT:USDT']
2026-07-31 10:52:55,600 [INFO] [SCAN] 스캔 시작: 30개 페어 (캐시 34개 보유)
2026-07-31 10:53:08,891 [INFO] [SCAN] 완료: 30개 종목 · 신호 0개 · API 호출 30회 · 캐시 히트 0회
2026-07-31 10:53:22,777 [INFO] [상태] 잔고:$9.80 | 포지션:1개 | 스캔:1230회 | 스캐너:ON
2026-07-31 10:53:25,261 [INFO] [SCAN] 블랙리스트 4개 제외: ['IP/USDT:USDT', 'NES/USDT:USDT', 'WLD/USDT:USDT', 'XAG/USDT:USDT', 'XAU/USDT:USDT', 'XAUT/USDT:USDT']
2026-07-31 10:53:25,261 [INFO] [SCAN] 스캔 시작: 30개 페어 (캐시 34개 보유)
2026-07-31 10:53:38,617 [INFO] [SCAN] 완료: 30개 종목 · 신호 0개 · API 호출 30회 · 캐시 히트 0회
2026-07-31 10:53:53,911 [INFO] [SCAN] 블랙리스트 4개 제외: ['IP/USDT:USDT', 'NES/USDT:USDT', 'WLD/USDT:USDT', 'XAG/USDT:USDT', 'XAU/USDT:USDT', 'XAUT/USDT:USDT']
2026-07-31 10:53:53,913 [INFO] [SCAN] 스캔 시작: 30개 페어 (캐시 34개 보유)
2026-07-31 10:54:07,210 [INFO] [SCAN] 완료: 30개 종목 · 신호 0개 · API 호출 30회 · 캐시 히트 0회
2026-07-31 10:54:22,473 [INFO] [SCAN] 블랙리스트 4개 제외: ['IP/USDT:USDT', 'NES/USDT:USDT', 'WLD/USDT:USDT', 'XAG/USDT:USDT', 'XAU/USDT:USDT', 'XAUT/USDT:USDT']
2026-07-31 10:54:22,474 [INFO] [SCAN] 스캔 시작: 30개 페어 (캐시 34개 보유)
2026-07-31 10:54:23,305 [INFO] [상태] 잔고:$9.79 | 포지션:1개 | 스캔:1232회 | 스캐너:ON
2026-07-31 10:54:35,886 [INFO] [SCAN] 완료: 30개 종목 · 신호 0개 · API 호출 30회 · 캐시 히트 0회
2026-07-31 10:54:52,417 [INFO] [SCAN] 블랙리스트 4개 제외: ['IP/USDT:USDT', 'NES/USDT:USDT', 'WLD/USDT:USDT', 'XAG/USDT:USDT', 'XAU/USDT:USDT', 'XAUT/USDT:USDT']
2026-07-31 10:54:52,418 [INFO] [SCAN] 스캔 시작: 30개 페어 (캐시 34개 보유)
2026-07-31 10:55:05,659 [INFO] [SCAN] 완료: 30개 종목 · 신호 0개 · API 호출 30회 · 캐시 히트 0회
2026-07-31 10:55:21,041 [INFO] [SCAN] 블랙리스트 4개 제외: ['IP/USDT:USDT', 'NES/USDT:USDT', 'WLD/USDT:USDT', 'XAG/USDT:USDT', 'XAU/USDT:USDT', 'XAUT/USDT:USDT']
2026-07-31 10:55:21,041 [INFO] [SCAN] 스캔 시작: 30개 페어 (캐시 34개 보유)
2026-07-31 10:55:23,733 [INFO] [상태] 잔고:$9.78 | 포지션:1개 | 스캔:1234회 | 스캐너:ON
2026-07-31 10:55:34,287 [INFO] [SCAN] 완료: 30개 종목 · 신호 0개 · API 호출 30회 · 캐시 히트 0회
2026-07-31 10:55:49,536 [INFO] [SCAN] 블랙리스트 4개 제외: ['IP/USDT:USDT', 'NES/USDT:USDT', 'WLD/USDT:USDT', 'XAG/USDT:USDT', 'XAU/USDT:USDT', 'XAUT/USDT:USDT']
2026-07-31 10:55:49,536 [INFO] [SCAN] 스캔 시작: 30개 페어 (캐시 34개 보유)
2026-07-31 10:56:03,104 [INFO] [SCAN] 완료: 30개 종목 · 신호 0개 · API 호출 30회 · 캐시 히트 0회
2026-07-31 10:56:19,502 [INFO] [SCAN] 블랙리스트 4개 제외: ['IP/USDT:USDT', 'NES/USDT:USDT', 'WLD/USDT:USDT', 'XAG/USDT:USDT', 'XAU/USDT:USDT', 'XAUT/USDT:USDT']
2026-07-31 10:56:19,502 [INFO] [SCAN] 스캔 시작: 30개 페어 (캐시 34개 보유)
2026-07-31 10:56:24,250 [INFO] [상태] 잔고:$9.79 | 포지션:1개 | 스캔:1236회 | 스캐너:ON
2026-07-31 10:56:33,444 [INFO] [SCAN] 완료: 30개 종목 · 신호 0개 · API 호출 30회 · 캐시 히트 0회
2026-07-31 10:56:48,726 [INFO] [SCAN] 블랙리스트 4개 제외: ['IP/USDT:USDT', 'NES/USDT:USDT', 'WLD/USDT:USDT', 'XAG/USDT:USDT', 'XAU/USDT:USDT', 'XAUT/USDT:USDT']
2026-07-31 10:56:48,728 [INFO] [SCAN] 스캔 시작: 30개 페어 (캐시 34개 보유)
2026-07-31 10:57:02,051 [INFO] [SCAN] 완료: 30개 종목 · 신호 0개 · API 호출 30회 · 캐시 히트 0회
2026-07-31 10:57:17,317 [INFO] [SCAN] 블랙리스트 4개 제외: ['IP/USDT:USDT', 'NES/USDT:USDT', 'WLD/USDT:USDT', 'XAG/USDT:USDT', 'XAU/USDT:USDT', 'XAUT/USDT:USDT']
2026-07-31 10:57:17,317 [INFO] [SCAN] 스캔 시작: 30개 페어 (캐시 34개 보유)
2026-07-31 10:57:24,851 [INFO] [상태] 잔고:$9.79 | 포지션:1개 | 스캔:1238회 | 스캐너:ON
2026-07-31 10:57:31,160 [INFO] [SCAN] 완료: 30개 종목 · 신호 0개 · API 호출 30회 · 캐시 히트 0회
2026-07-31 10:57:47,563 [INFO] [SCAN] 블랙리스트 4개 제외: ['IP/USDT:USDT', 'NES/USDT:USDT', 'WLD/USDT:USDT', 'XAG/USDT:USDT', 'XAU/USDT:USDT', 'XAUT/USDT:USDT']
2026-07-31 10:57:47,563 [INFO] [SCAN] 스캔 시작: 30개 페어 (캐시 34개 보유)
2026-07-31 10:58:00,907 [INFO] [SCAN] 완료: 30개 종목 · 신호 0개 · API 호출 30회 · 캐시 히트 0회
2026-07-31 10:58:16,192 [INFO] [SCAN] 블랙리스트 4개 제외: ['IP/USDT:USDT', 'NES/USDT:USDT', 'WLD/USDT:USDT', 'XAG/USDT:USDT', 'XAU/USDT:USDT', 'XAUT/USDT:USDT']
2026-07-31 10:58:16,193 [INFO] [SCAN] 스캔 시작: 30개 페어 (캐시 34개 보유)
2026-07-31 10:58:25,489 [INFO] [상태] 잔고:$9.79 | 포지션:1개 | 스캔:1240회 | 스캐너:ON
2026-07-31 10:58:29,973 [INFO] [SCAN] 완료: 30개 종목 · 신호 0개 · API 호출 30회 · 캐시 히트 0회
2026-07-31 10:58:45,293 [INFO] [SCAN] 블랙리스트 4개 제외: ['IP/USDT:USDT', 'NES/USDT:USDT', 'WLD/USDT:USDT', 'XAG/USDT:USDT', 'XAU/USDT:USDT', 'XAUT/USDT:USDT']
2026-07-31 10:58:45,293 [INFO] [SCAN] 스캔 시작: 30개 페어 (캐시 34개 보유)
2026-07-31 10:58:58,947 [INFO] [SCAN] 완료: 30개 종목 · 신호 0개 · API 호출 30회 · 캐시 히트 0회
2026-07-31 10:59:15,337 [INFO] [SCAN] 블랙리스트 4개 제외: ['IP/USDT:USDT', 'NES/USDT:USDT', 'WLD/USDT:USDT', 'XAG/USDT:USDT', 'XAU/USDT:USDT', 'XAUT/USDT:USDT']
2026-07-31 10:59:15,337 [INFO] [SCAN] 스캔 시작: 30개 페어 (캐시 34개 보유)
2026-07-31 10:59:26,064 [INFO] [상태] 잔고:$9.79 | 포지션:1개 | 스캔:1242회 | 스캐너:ON
2026-07-31 10:59:28,964 [INFO] [SCAN] 완료: 30개 종목 · 신호 0개 · API 호출 30회 · 캐시 히트 0회
2026-07-31 10:59:44,275 [INFO] [SCAN] 블랙리스트 4개 제외: ['IP/USDT:USDT', 'NES/USDT:USDT', 'WLD/USDT:USDT', 'XAG/USDT:USDT', 'XAU/USDT:USDT', 'XAUT/USDT:USDT']
2026-07-31 10:59:44,275 [INFO] [SCAN] 스캔 시작: 30개 페어 (캐시 34개 보유)
2026-07-31 10:59:57,497 [INFO] [SCAN] 완료: 30개 종목 · 신호 0개 · API 호출 30회 · 캐시 히트 0회
2026-07-31 11:00:12,757 [INFO] [SCAN] 블랙리스트 4개 제외: ['IP/USDT:USDT', 'NES/USDT:USDT', 'WLD/USDT:USDT', 'XAG/USDT:USDT', 'XAU/USDT:USDT', 'XAUT/USDT:USDT']
2026-07-31 11:00:12,757 [INFO] [SCAN] 스캔 시작: 30개 페어 (캐시 34개 보유)
2026-07-31 11:00:26,207 [INFO] [SCAN] 완료: 30개 종목 · 신호 0개 · API 호출 30회 · 캐시 히트 0회
2026-07-31 11:00:26,721 [INFO] [상태] 잔고:$9.80 | 포지션:1개 | 스캔:1245회 | 스캐너:ON
2026-07-31 11:00:42,801 [INFO] [SCAN] 블랙리스트 4개 제외: ['IP/USDT:USDT', 'NES/USDT:USDT', 'WLD/USDT:USDT', 'XAG/USDT:USDT', 'XAU/USDT:USDT', 'XAUT/USDT:USDT']
2026-07-31 11:00:42,801 [INFO] [SCAN] 스캔 시작: 30개 페어 (캐시 34개 보유)
2026-07-31 11:00:55,992 [INFO] [SCAN] 완료: 30개 종목 · 신호 0개 · API 호출 30회 · 캐시 히트 0회
2026-07-31 11:01:11,358 [INFO] [SCAN] 블랙리스트 4개 제외: ['IP/USDT:USDT', 'NES/USDT:USDT', 'WLD/USDT:USDT', 'XAG/USDT:USDT', 'XAU/USDT:USDT', 'XAUT/USDT:USDT']
2026-07-31 11:01:11,358 [INFO] [SCAN] 스캔 시작: 30개 페어 (캐시 34개 보유)
2026-07-31 11:01:24,502 [INFO] [SCAN] 완료: 30개 종목 · 신호 0개 · API 호출 30회 · 캐시 히트 0회
2026-07-31 11:01:27,167 [INFO] [상태] 잔고:$9.80 | 포지션:1개 | 스캔:1247회 | 스캐너:ON
2026-07-31 11:01:39,877 [INFO] [SCAN] 블랙리스트 4개 제외: ['IP/USDT:USDT', 'NES/USDT:USDT', 'WLD/USDT:USDT', 'XAG/USDT:USDT', 'XAU/USDT:USDT', 'XAUT/USDT:USDT']
2026-07-31 11:01:39,878 [INFO] [SCAN] 스캔 시작: 30개 페어 (캐시 34개 보유)
2026-07-31 11:01:53,044 [INFO] [SCAN] 완료: 30개 종목 · 신호 0개 · API 호출 30회 · 캐시 히트 0회
2026-07-31 11:02:09,414 [INFO] [SCAN] 블랙리스트 4개 제외: ['IP/USDT:USDT', 'NES/USDT:USDT', 'WLD/USDT:USDT', 'XAG/USDT:USDT', 'XAU/USDT:USDT', 'XAUT/USDT:USDT']
2026-07-31 11:02:09,415 [INFO] [SCAN] 스캔 시작: 30개 페어 (캐시 34개 보유)
2026-07-31 11:02:22,645 [INFO] [SCAN] 완료: 30개 종목 · 신호 0개 · API 호출 30회 · 캐시 히트 0회
2026-07-31 11:02:27,610 [INFO] [상태] 잔고:$9.78 | 포지션:1개 | 스캔:1249회 | 스캐너:ON
2026-07-31 11:02:38,023 [INFO] [SCAN] 블랙리스트 4개 제외: ['IP/USDT:USDT', 'NES/USDT:USDT', 'WLD/USDT:USDT', 'XAG/USDT:USDT', 'XAU/USDT:USDT', 'XAUT/USDT:USDT']
2026-07-31 11:02:38,024 [INFO] [SCAN] 스캔 시작: 30개 페어 (캐시 34개 보유)
2026-07-31 11:02:51,117 [INFO] [SCAN] 완료: 30개 종목 · 신호 0개 · API 호출 30회 · 캐시 히트 0회
2026-07-31 11:03:06,401 [INFO] [SCAN] 블랙리스트 4개 제외: ['IP/USDT:USDT', 'NES/USDT:USDT', 'WLD/USDT:USDT', 'XAG/USDT:USDT', 'XAU/USDT:USDT', 'XAUT/USDT:USDT']
2026-07-31 11:03:06,402 [INFO] [SCAN] 스캔 시작: 30개 페어 (캐시 34개 보유)
2026-07-31 11:03:19,544 [INFO] [SCAN] 완료: 30개 종목 · 신호 0개 · API 호출 30회 · 캐시 히트 0회
2026-07-31 11:03:28,125 [INFO] [상태] 잔고:$9.78 | 포지션:1개 | 스캔:1251회 | 스캐너:ON
2026-07-31 11:03:35,912 [INFO] [SCAN] 블랙리스트 4개 제외: ['IP/USDT:USDT', 'NES/USDT:USDT', 'WLD/USDT:USDT', 'XAG/USDT:USDT', 'XAU/USDT:USDT', 'XAUT/USDT:USDT']
2026-07-31 11:03:35,912 [INFO] [SCAN] 스캔 시작: 30개 페어 (캐시 34개 보유)
2026-07-31 11:03:49,264 [INFO] [SCAN] 완료: 30개 종목 · 신호 0개 · API 호출 30회 · 캐시 히트 0회
2026-07-31 11:04:04,586 [INFO] [SCAN] 블랙리스트 4개 제외: ['IP/USDT:USDT', 'NES/USDT:USDT', 'WLD/USDT:USDT', 'XAG/USDT:USDT', 'XAU/USDT:USDT', 'XAUT/USDT:USDT']
2026-07-31 11:04:04,586 [INFO] [SCAN] 스캔 시작: 30개 페어 (캐시 34개 보유)
2026-07-31 11:04:18,080 [INFO] [SCAN] 완료: 30개 종목 · 신호 0개 · API 호출 30회 · 캐시 히트 0회
2026-07-31 11:04:28,659 [INFO] [상태] 잔고:$9.79 | 포지션:1개 | 스캔:1253회 | 스캐너:ON
2026-07-31 11:04:33,494 [INFO] [SCAN] 블랙리스트 4개 제외: ['IP/USDT:USDT', 'NES/USDT:USDT', 'WLD/USDT:USDT', 'XAG/USDT:USDT', 'XAU/USDT:USDT', 'XAUT/USDT:USDT']
2026-07-31 11:04:33,494 [INFO] [SCAN] 스캔 시작: 30개 페어 (캐시 34개 보유)
2026-07-31 11:04:46,998 [INFO] [SCAN] 완료: 30개 종목 · 신호 0개 · API 호출 30회 · 캐시 히트 0회
2026-07-31 11:05:03,385 [INFO] [SCAN] 블랙리스트 4개 제외: ['IP/USDT:USDT', 'NES/USDT:USDT', 'WLD/USDT:USDT', 'XAG/USDT:USDT', 'XAU/USDT:USDT', 'XAUT/USDT:USDT']
2026-07-31 11:05:03,385 [INFO] [SCAN] 스캔 시작: 30개 페어 (캐시 34개 보유)
2026-07-31 11:05:16,524 [INFO] [SCAN] 완료: 30개 종목 · 신호 0개 · API 호출 30회 · 캐시 히트 0회
2026-07-31 11:05:29,110 [INFO] [상태] 잔고:$9.79 | 포지션:1개 | 스캔:1255회 | 스캐너:ON
2026-07-31 11:05:31,903 [INFO] [SCAN] 블랙리스트 4개 제외: ['IP/USDT:USDT', 'NES/USDT:USDT', 'WLD/USDT:USDT', 'XAG/USDT:USDT', 'XAU/USDT:USDT', 'XAUT/USDT:USDT']
2026-07-31 11:05:31,904 [INFO] [SCAN] 스캔 시작: 30개 페어 (캐시 34개 보유)
2026-07-31 11:05:45,028 [INFO] [SCAN] 완료: 30개 종목 · 신호 0개 · API 호출 30회 · 캐시 히트 0회
2026-07-31 11:06:00,292 [INFO] [SCAN] 블랙리스트 4개 제외: ['IP/USDT:USDT', 'NES/USDT:USDT', 'WLD/USDT:USDT', 'XAG/USDT:USDT', 'XAU/USDT:USDT', 'XAUT/USDT:USDT']
2026-07-31 11:06:00,293 [INFO] [SCAN] 스캔 시작: 30개 페어 (캐시 34개 보유)
2026-07-31 11:06:13,825 [INFO] [SCAN] 완료: 30개 종목 · 신호 0개 · API 호출 30회 · 캐시 히트 0회
2026-07-31 11:06:29,599 [INFO] [상태] 잔고:$9.79 | 포지션:1개 | 스캔:1257회 | 스캐너:ON
2026-07-31 11:06:30,336 [INFO] [SCAN] 블랙리스트 4개 제외: ['IP/USDT:USDT', 'NES/USDT:USDT', 'WLD/USDT:USDT', 'XAG/USDT:USDT', 'XAU/USDT:USDT', 'XAUT/USDT:USDT']
2026-07-31 11:06:30,336 [INFO] [SCAN] 스캔 시작: 30개 페어 (캐시 34개 보유)
2026-07-31 11:06:43,856 [INFO] [SCAN] 완료: 30개 종목 · 신호 0개 · API 호출 30회 · 캐시 히트 0회
2026-07-31 11:06:59,130 [INFO] [SCAN] 블랙리스트 4개 제외: ['IP/USDT:USDT', 'NES/USDT:USDT', 'WLD/USDT:USDT', 'XAG/USDT:USDT', 'XAU/USDT:USDT', 'XAUT/USDT:USDT']
2026-07-31 11:06:59,130 [INFO] [SCAN] 스캔 시작: 30개 페어 (캐시 34개 보유)
2026-07-31 11:07:12,189 [INFO] [SCAN] 완료: 30개 종목 · 신호 0개 · API 호출 30회 · 캐시 히트 0회
2026-07-31 11:07:27,472 [INFO] [SCAN] 블랙리스트 4개 제외: ['IP/USDT:USDT', 'NES/USDT:USDT', 'WLD/USDT:USDT', 'XAG/USDT:USDT', 'XAU/USDT:USDT', 'XAUT/USDT:USDT']
2026-07-31 11:07:27,472 [INFO] [SCAN] 스캔 시작: 30개 페어 (캐시 34개 보유)
2026-07-31 11:07:30,155 [INFO] [상태] 잔고:$9.79 | 포지션:1개 | 스캔:1259회 | 스캐너:ON
2026-07-31 11:07:41,243 [INFO] [SCAN] 완료: 30개 종목 · 신호 0개 · API 호출 30회 · 캐시 히트 0회
2026-07-31 11:07:57,557 [INFO] [SCAN] 블랙리스트 4개 제외: ['IP/USDT:USDT', 'NES/USDT:USDT', 'WLD/USDT:USDT', 'XAG/USDT:USDT', 'XAU/USDT:USDT', 'XAUT/USDT:USDT']
2026-07-31 11:07:57,557 [INFO] [SCAN] 스캔 시작: 30개 페어 (캐시 34개 보유)
2026-07-31 11:08:10,936 [INFO] [SCAN] 완료: 30개 종목 · 신호 0개 · API 호출 30회 · 캐시 히트 0회
2026-07-31 11:08:26,218 [INFO] [SCAN] 블랙리스트 4개 제외: ['IP/USDT:USDT', 'NES/USDT:USDT', 'WLD/USDT:USDT', 'XAG/USDT:USDT', 'XAU/USDT:USDT', 'XAUT/USDT:USDT']
2026-07-31 11:08:26,219 [INFO] [SCAN] 스캔 시작: 30개 페어 (캐시 34개 보유)
2026-07-31 11:08:30,727 [INFO] [상태] 잔고:$9.79 | 포지션:1개 | 스캔:1261회 | 스캐너:ON
2026-07-31 11:08:39,711 [INFO] [SCAN] 완료: 30개 종목 · 신호 0개 · API 호출 30회 · 캐시 히트 0회
2026-07-31 11:08:54,951 [INFO] [SCAN] 블랙리스트 4개 제외: ['IP/USDT:USDT', 'NES/USDT:USDT', 'WLD/USDT:USDT', 'XAG/USDT:USDT', 'XAU/USDT:USDT', 'XAUT/USDT:USDT']
2026-07-31 11:08:54,951 [INFO] [SCAN] 스캔 시작: 30개 페어 (캐시 34개 보유)
2026-07-31 11:09:08,216 [INFO] [SCAN] 완료: 30개 종목 · 신호 0개 · API 호출 30회 · 캐시 히트 0회
2026-07-31 11:09:24,598 [INFO] [SCAN] 블랙리스트 4개 제외: ['IP/USDT:USDT', 'NES/USDT:USDT', 'WLD/USDT:USDT', 'XAG/USDT:USDT', 'XAU/USDT:USDT', 'XAUT/USDT:USDT']
2026-07-31 11:09:24,599 [INFO] [SCAN] 스캔 시작: 30개 페어 (캐시 34개 보유)
2026-07-31 11:09:31,298 [INFO] [상태] 잔고:$9.81 | 포지션:1개 | 스캔:1263회 | 스캐너:ON
2026-07-31 11:09:38,188 [INFO] [SCAN] 완료: 30개 종목 · 신호 0개 · API 호출 30회 · 캐시 히트 0회
2026-07-31 11:09:53,444 [INFO] [SCAN] 블랙리스트 4개 제외: ['IP/USDT:USDT', 'NES/USDT:USDT', 'WLD/USDT:USDT', 'XAG/USDT:USDT', 'XAU/USDT:USDT', 'XAUT/USDT:USDT']
2026-07-31 11:09:53,444 [INFO] [SCAN] 스캔 시작: 30개 페어 (캐시 34개 보유)
2026-07-31 11:10:06,689 [INFO] [SCAN] 완료: 30개 종목 · 신호 0개 · API 호출 30회 · 캐시 히트 0회
2026-07-31 11:10:21,955 [INFO] [SCAN] 블랙리스트 4개 제외: ['IP/USDT:USDT', 'NES/USDT:USDT', 'WLD/USDT:USDT', 'XAG/USDT:USDT', 'XAU/USDT:USDT', 'XAUT/USDT:USDT']
2026-07-31 11:10:21,955 [INFO] [SCAN] 스캔 시작: 30개 페어 (캐시 34개 보유)
2026-07-31 11:10:31,730 [INFO] [상태] 잔고:$9.82 | 포지션:1개 | 스캔:1265회 | 스캐너:ON
2026-07-31 11:10:35,311 [INFO] [SCAN] 완료: 30개 종목 · 신호 0개 · API 호출 30회 · 캐시 히트 0회
2026-07-31 11:10:51,565 [INFO] [SCAN] 블랙리스트 4개 제외: ['IP/USDT:USDT', 'NES/USDT:USDT', 'WLD/USDT:USDT', 'XAG/USDT:USDT', 'XAU/USDT:USDT', 'XAUT/USDT:USDT']
2026-07-31 11:10:51,566 [INFO] [SCAN] 스캔 시작: 30개 페어 (캐시 34개 보유)
2026-07-31 11:11:05,063 [INFO] [SCAN] 완료: 30개 종목 · 신호 0개 · API 호출 30회 · 캐시 히트 0회
2026-07-31 11:11:20,362 [INFO] [SCAN] 블랙리스트 4개 제외: ['IP/USDT:USDT', 'NES/USDT:USDT', 'WLD/USDT:USDT', 'XAG/USDT:USDT', 'XAU/USDT:USDT', 'XAUT/USDT:USDT']
2026-07-31 11:11:20,362 [INFO] [SCAN] 스캔 시작: 30개 페어 (캐시 34개 보유)
2026-07-31 11:11:32,372 [INFO] [상태] 잔고:$9.81 | 포지션:1개 | 스캔:1267회 | 스캐너:ON
2026-07-31 11:11:33,930 [INFO] [SCAN] 완료: 30개 종목 · 신호 0개 · API 호출 30회 · 캐시 히트 0회
2026-07-31 11:11:49,222 [INFO] [SCAN] 블랙리스트 4개 제외: ['IP/USDT:USDT', 'NES/USDT:USDT', 'WLD/USDT:USDT', 'XAG/USDT:USDT', 'XAU/USDT:USDT', 'XAUT/USDT:USDT']
2026-07-31 11:11:49,222 [INFO] [SCAN] 스캔 시작: 30개 페어 (캐시 34개 보유)
2026-07-31 11:12:03,195 [INFO] [SCAN] 완료: 30개 종목 · 신호 0개 · API 호출 30회 · 캐시 히트 0회
2026-07-31 11:12:19,638 [INFO] [SCAN] 블랙리스트 4개 제외: ['IP/USDT:USDT', 'NES/USDT:USDT', 'WLD/USDT:USDT', 'XAG/USDT:USDT', 'XAU/USDT:USDT', 'XAUT/USDT:USDT']
2026-07-31 11:12:19,638 [INFO] [SCAN] 스캔 시작: 30개 페어 (캐시 34개 보유)
2026-07-31 11:12:33,035 [INFO] [상태] 잔고:$9.80 | 포지션:1개 | 스캔:1269회 | 스캐너:ON
2026-07-31 11:12:33,102 [INFO] [SCAN] 완료: 30개 종목 · 신호 0개 · API 호출 30회 · 캐시 히트 0회
2026-07-31 11:12:48,574 [INFO] [SCAN] 블랙리스트 4개 제외: ['IP/USDT:USDT', 'NES/USDT:USDT', 'WLD/USDT:USDT', 'XAG/USDT:USDT', 'XAU/USDT:USDT', 'XAUT/USDT:USDT']
2026-07-31 11:12:48,574 [INFO] [SCAN] 스캔 시작: 30개 페어 (캐시 34개 보유)
2026-07-31 11:13:02,009 [INFO] [SCAN] 완료: 30개 종목 · 신호 0개 · API 호출 30회 · 캐시 히트 0회
2026-07-31 11:13:17,272 [INFO] [SCAN] 블랙리스트 4개 제외: ['IP/USDT:USDT', 'NES/USDT:USDT', 'WLD/USDT:USDT', 'XAG/USDT:USDT', 'XAU/USDT:USDT', 'XAUT/USDT:USDT']
2026-07-31 11:13:17,272 [INFO] [SCAN] 스캔 시작: 30개 페어 (캐시 34개 보유)
2026-07-31 11:13:30,561 [INFO] [SCAN] 완료: 30개 종목 · 신호 0개 · API 호출 30회 · 캐시 히트 0회
2026-07-31 11:13:33,522 [INFO] [상태] 잔고:$9.80 | 포지션:1개 | 스캔:1272회 | 스캐너:ON
2026-07-31 11:13:46,898 [INFO] [SCAN] 블랙리스트 4개 제외: ['IP/USDT:USDT', 'NES/USDT:USDT', 'WLD/USDT:USDT', 'XAG/USDT:USDT', 'XAU/USDT:USDT', 'XAUT/USDT:USDT']
2026-07-31 11:13:46,900 [INFO] [SCAN] 스캔 시작: 30개 페어 (캐시 34개 보유)
2026-07-31 11:14:00,046 [INFO] [SCAN] 완료: 30개 종목 · 신호 0개 · API 호출 30회 · 캐시 히트 0회
2026-07-31 11:14:15,325 [INFO] [SCAN] 블랙리스트 4개 제외: ['IP/USDT:USDT', 'NES/USDT:USDT', 'WLD/USDT:USDT', 'XAG/USDT:USDT', 'XAU/USDT:USDT', 'XAUT/USDT:USDT']
2026-07-31 11:14:15,325 [INFO] [SCAN] 스캔 시작: 30개 페어 (캐시 34개 보유)
2026-07-31 11:14:28,632 [INFO] [SCAN] 완료: 30개 종목 · 신호 0개 · API 호출 30회 · 캐시 히트 0회
2026-07-31 11:14:33,948 [INFO] [상태] 잔고:$9.81 | 포지션:1개 | 스캔:1274회 | 스캐너:ON
2026-07-31 11:14:44,005 [INFO] [SCAN] 블랙리스트 4개 제외: ['IP/USDT:USDT', 'NES/USDT:USDT', 'WLD/USDT:USDT', 'XAG/USDT:USDT', 'XAU/USDT:USDT', 'XAUT/USDT:USDT']
2026-07-31 11:14:44,006 [INFO] [SCAN] 스캔 시작: 30개 페어 (캐시 34개 보유)
2026-07-31 11:14:57,202 [INFO] [SCAN] 완료: 30개 종목 · 신호 0개 · API 호출 30회 · 캐시 히트 0회
2026-07-31 11:15:13,490 [INFO] [SCAN] 블랙리스트 4개 제외: ['IP/USDT:USDT', 'NES/USDT:USDT', 'WLD/USDT:USDT', 'XAG/USDT:USDT', 'XAU/USDT:USDT', 'XAUT/USDT:USDT']
2026-07-31 11:15:13,490 [INFO] [SCAN] 스캔 시작: 30개 페어 (캐시 34개 보유)
2026-07-31 11:15:27,105 [INFO] [SCAN] 완료: 30개 종목 · 신호 0개 · API 호출 30회 · 캐시 히트 0회
2026-07-31 11:15:34,538 [INFO] [상태] 잔고:$9.80 | 포지션:1개 | 스캔:1276회 | 스캐너:ON
2026-07-31 11:15:42,505 [INFO] [SCAN] 블랙리스트 4개 제외: ['IP/USDT:USDT', 'NES/USDT:USDT', 'WLD/USDT:USDT', 'XAG/USDT:USDT', 'XAU/USDT:USDT', 'XAUT/USDT:USDT']
2026-07-31 11:15:42,505 [INFO] [SCAN] 스캔 시작: 30개 페어 (캐시 34개 보유)
2026-07-31 11:15:55,994 [INFO] [SCAN] 완료: 30개 종목 · 신호 0개 · API 호출 30회 · 캐시 히트 0회
2026-07-31 11:16:11,368 [INFO] [SCAN] 블랙리스트 4개 제외: ['IP/USDT:USDT', 'NES/USDT:USDT', 'WLD/USDT:USDT', 'XAG/USDT:USDT', 'XAU/USDT:USDT', 'XAUT/USDT:USDT']
2026-07-31 11:16:11,369 [INFO] [SCAN] 스캔 시작: 30개 페어 (캐시 34개 보유)
2026-07-31 11:16:24,684 [INFO] [SCAN] 완료: 30개 종목 · 신호 0개 · API 호출 30회 · 캐시 히트 0회
2026-07-31 11:16:35,156 [INFO] [상태] 잔고:$9.79 | 포지션:1개 | 스캔:1278회 | 스캐너:ON
2026-07-31 11:16:41,055 [INFO] [SCAN] 블랙리스트 4개 제외: ['IP/USDT:USDT', 'NES/USDT:USDT', 'WLD/USDT:USDT', 'XAG/USDT:USDT', 'XAU/USDT:USDT', 'XAUT/USDT:USDT']
2026-07-31 11:16:41,055 [INFO] [SCAN] 스캔 시작: 30개 페어 (캐시 34개 보유)
2026-07-31 11:16:54,227 [INFO] [SCAN] 완료: 30개 종목 · 신호 0개 · API 호출 30회 · 캐시 히트 0회
2026-07-31 11:17:09,497 [INFO] [SCAN] 블랙리스트 4개 제외: ['IP/USDT:USDT', 'NES/USDT:USDT', 'WLD/USDT:USDT', 'XAG/USDT:USDT', 'XAU/USDT:USDT', 'XAUT/USDT:USDT']
2026-07-31 11:17:09,497 [INFO] [SCAN] 스캔 시작: 30개 페어 (캐시 34개 보유)
2026-07-31 11:17:23,144 [INFO] [SCAN] 완료: 30개 종목 · 신호 0개 · API 호출 30회 · 캐시 히트 0회
2026-07-31 11:17:35,745 [INFO] [상태] 잔고:$9.79 | 포지션:1개 | 스캔:1280회 | 스캐너:ON
2026-07-31 11:17:38,568 [INFO] [SCAN] 블랙리스트 4개 제외: ['IP/USDT:USDT', 'NES/USDT:USDT', 'WLD/USDT:USDT', 'XAG/USDT:USDT', 'XAU/USDT:USDT', 'XAUT/USDT:USDT']
2026-07-31 11:17:38,568 [INFO] [SCAN] 스캔 시작: 30개 페어 (캐시 34개 보유)
2026-07-31 11:17:52,167 [INFO] [SCAN] 완료: 30개 종목 · 신호 0개 · API 호출 30회 · 캐시 히트 0회
2026-07-31 11:18:08,704 [INFO] [SCAN] 블랙리스트 4개 제외: ['IP/USDT:USDT', 'NES/USDT:USDT', 'WLD/USDT:USDT', 'XAG/USDT:USDT', 'XAU/USDT:USDT', 'XAUT/USDT:USDT']
2026-07-31 11:18:08,704 [INFO] [SCAN] 스캔 시작: 30개 페어 (캐시 34개 보유)
2026-07-31 11:18:21,965 [INFO] [SCAN] 완료: 30개 종목 · 신호 0개 · API 호출 30회 · 캐시 히트 0회
2026-07-31 11:18:36,315 [INFO] [상태] 잔고:$9.79 | 포지션:1개 | 스캔:1282회 | 스캐너:ON
2026-07-31 11:18:37,345 [INFO] [SCAN] 블랙리스트 4개 제외: ['IP/USDT:USDT', 'NES/USDT:USDT', 'WLD/USDT:USDT', 'XAG/USDT:USDT', 'XAU/USDT:USDT', 'XAUT/USDT:USDT']
2026-07-31 11:18:37,346 [INFO] [SCAN] 스캔 시작: 30개 페어 (캐시 34개 보유)
2026-07-31 11:18:50,809 [INFO] [SCAN] 완료: 30개 종목 · 신호 0개 · API 호출 30회 · 캐시 히트 0회
2026-07-31 11:19:06,104 [INFO] [SCAN] 블랙리스트 4개 제외: ['IP/USDT:USDT', 'NES/USDT:USDT', 'WLD/USDT:USDT', 'XAG/USDT:USDT', 'XAU/USDT:USDT', 'XAUT/USDT:USDT']
2026-07-31 11:19:06,104 [INFO] [SCAN] 스캔 시작: 30개 페어 (캐시 34개 보유)
2026-07-31 11:19:19,355 [INFO] [SCAN] 완료: 30개 종목 · 신호 0개 · API 호출 30회 · 캐시 히트 0회
2026-07-31 11:19:35,691 [INFO] [SCAN] 블랙리스트 4개 제외: ['IP/USDT:USDT', 'NES/USDT:USDT', 'WLD/USDT:USDT', 'XAG/USDT:USDT', 'XAU/USDT:USDT', 'XAUT/USDT:USDT']
2026-07-31 11:19:35,692 [INFO] [SCAN] 스캔 시작: 30개 페어 (캐시 34개 보유)
2026-07-31 11:19:36,852 [INFO] [상태] 잔고:$9.80 | 포지션:1개 | 스캔:1284회 | 스캐너:ON
2026-07-31 11:19:49,352 [INFO] [SCAN] 완료: 30개 종목 · 신호 0개 · API 호출 30회 · 캐시 히트 0회
2026-07-31 11:20:04,672 [INFO] [SCAN] 블랙리스트 4개 제외: ['IP/USDT:USDT', 'NES/USDT:USDT', 'WLD/USDT:USDT', 'XAG/USDT:USDT', 'XAU/USDT:USDT', 'XAUT/USDT:USDT']
2026-07-31 11:20:04,673 [INFO] [SCAN] 스캔 시작: 30개 페어 (캐시 34개 보유)
2026-07-31 11:20:17,866 [INFO] [SCAN] 완료: 30개 종목 · 신호 0개 · API 호출 30회 · 캐시 히트 0회
2026-07-31 11:20:33,169 [INFO] [SCAN] 블랙리스트 4개 제외: ['IP/USDT:USDT', 'NES/USDT:USDT', 'WLD/USDT:USDT', 'XAG/USDT:USDT', 'XAU/USDT:USDT', 'XAUT/USDT:USDT']
2026-07-31 11:20:33,169 [INFO] [SCAN] 스캔 시작: 30개 페어 (캐시 34개 보유)
2026-07-31 11:20:37,466 [INFO] [상태] 잔고:$9.79 | 포지션:1개 | 스캔:1286회 | 스캐너:ON
2026-07-31 11:20:46,881 [INFO] [SCAN] 완료: 30개 종목 · 신호 0개 · API 호출 30회 · 캐시 히트 0회
2026-07-31 11:21:03,454 [INFO] [SCAN] 블랙리스트 4개 제외: ['IP/USDT:USDT', 'NES/USDT:USDT', 'WLD/USDT:USDT', 'XAG/USDT:USDT', 'XAU/USDT:USDT', 'XAUT/USDT:USDT']
2026-07-31 11:21:03,454 [INFO] [SCAN] 스캔 시작: 30개 페어 (캐시 34개 보유)
2026-07-31 11:21:16,791 [INFO] [SCAN] 완료: 30개 종목 · 신호 0개 · API 호출 30회 · 캐시 히트 0회
2026-07-31 11:21:32,077 [INFO] [SCAN] 블랙리스트 4개 제외: ['IP/USDT:USDT', 'NES/USDT:USDT', 'WLD/USDT:USDT', 'XAG/USDT:USDT', 'XAU/USDT:USDT', 'XAUT/USDT:USDT']
2026-07-31 11:21:32,078 [INFO] [SCAN] 스캔 시작: 30개 페어 (캐시 34개 보유)
2026-07-31 11:21:38,160 [INFO] [상태] 잔고:$9.80 | 포지션:1개 | 스캔:1288회 | 스캐너:ON
2026-07-31 11:21:45,627 [INFO] [SCAN] 완료: 30개 종목 · 신호 0개 · API 호출 30회 · 캐시 히트 0회
2026-07-31 11:22:00,910 [INFO] [SCAN] 블랙리스트 4개 제외: ['IP/USDT:USDT', 'NES/USDT:USDT', 'WLD/USDT:USDT', 'XAG/USDT:USDT', 'XAU/USDT:USDT', 'XAUT/USDT:USDT']
2026-07-31 11:22:00,912 [INFO] [SCAN] 스캔 시작: 30개 페어 (캐시 34개 보유)
2026-07-31 11:22:14,107 [INFO] [SCAN] 완료: 30개 종목 · 신호 0개 · API 호출 30회 · 캐시 히트 0회
2026-07-31 11:22:30,521 [INFO] [SCAN] 블랙리스트 4개 제외: ['IP/USDT:USDT', 'NES/USDT:USDT', 'WLD/USDT:USDT', 'XAG/USDT:USDT', 'XAU/USDT:USDT', 'XAUT/USDT:USDT']
2026-07-31 11:22:30,522 [INFO] [SCAN] 스캔 시작: 30개 페어 (캐시 34개 보유)
2026-07-31 11:22:38,644 [INFO] [상태] 잔고:$9.80 | 포지션:1개 | 스캔:1290회 | 스캐너:ON
2026-07-31 11:22:44,180 [INFO] [SCAN] 완료: 30개 종목 · 신호 0개 · API 호출 30회 · 캐시 히트 0회
2026-07-31 11:22:59,485 [INFO] [SCAN] 블랙리스트 4개 제외: ['IP/USDT:USDT', 'NES/USDT:USDT', 'WLD/USDT:USDT', 'XAG/USDT:USDT', 'XAU/USDT:USDT', 'XAUT/USDT:USDT']
2026-07-31 11:22:59,485 [INFO] [SCAN] 스캔 시작: 30개 페어 (캐시 34개 보유)
2026-07-31 11:23:12,707 [INFO] [SCAN] 완료: 30개 종목 · 신호 0개 · API 호출 30회 · 캐시 히트 0회
2026-07-31 11:23:27,990 [INFO] [SCAN] 블랙리스트 4개 제외: ['IP/USDT:USDT', 'NES/USDT:USDT', 'WLD/USDT:USDT', 'XAG/USDT:USDT', 'XAU/USDT:USDT', 'XAUT/USDT:USDT']
2026-07-31 11:23:27,990 [INFO] [SCAN] 스캔 시작: 30개 페어 (캐시 34개 보유)
2026-07-31 11:23:39,415 [INFO] [상태] 잔고:$9.80 | 포지션:1개 | 스캔:1292회 | 스캐너:ON
2026-07-31 11:23:41,629 [INFO] [SCAN] 완료: 30개 종목 · 신호 0개 · API 호출 30회 · 캐시 히트 0회
2026-07-31 11:23:58,072 [INFO] [SCAN] 블랙리스트 4개 제외: ['IP/USDT:USDT', 'NES/USDT:USDT', 'WLD/USDT:USDT', 'XAG/USDT:USDT', 'XAU/USDT:USDT', 'XAUT/USDT:USDT']
2026-07-31 11:23:58,073 [INFO] [SCAN] 스캔 시작: 30개 페어 (캐시 34개 보유)
2026-07-31 11:24:11,329 [INFO] [SCAN] 완료: 30개 종목 · 신호 0개 · API 호출 30회 · 캐시 히트 0회
2026-07-31 11:24:26,620 [INFO] [SCAN] 블랙리스트 4개 제외: ['IP/USDT:USDT', 'NES/USDT:USDT', 'WLD/USDT:USDT', 'XAG/USDT:USDT', 'XAU/USDT:USDT', 'XAUT/USDT:USDT']
2026-07-31 11:24:26,621 [INFO] [SCAN] 스캔 시작: 30개 페어 (캐시 34개 보유)
2026-07-31 11:24:40,163 [INFO] [상태] 잔고:$9.79 | 포지션:1개 | 스캔:1294회 | 스캐너:ON
2026-07-31 11:24:40,304 [INFO] [SCAN] 완료: 30개 종목 · 신호 0개 · API 호출 30회 · 캐시 히트 0회
2026-07-31 11:24:55,719 [INFO] [SCAN] 블랙리스트 4개 제외: ['IP/USDT:USDT', 'NES/USDT:USDT', 'WLD/USDT:USDT', 'XAG/USDT:USDT', 'XAU/USDT:USDT', 'XAUT/USDT:USDT']
2026-07-31 11:24:55,720 [INFO] [SCAN] 스캔 시작: 30개 페어 (캐시 34개 보유)
2026-07-31 11:25:08,980 [INFO] [SCAN] 완료: 30개 종목 · 신호 0개 · API 호출 30회 · 캐시 히트 0회
2026-07-31 11:25:25,297 [INFO] [SCAN] 블랙리스트 4개 제외: ['IP/USDT:USDT', 'NES/USDT:USDT', 'WLD/USDT:USDT', 'XAG/USDT:USDT', 'XAU/USDT:USDT', 'XAUT/USDT:USDT']
2026-07-31 11:25:25,297 [INFO] [SCAN] 스캔 시작: 30개 페어 (캐시 34개 보유)
2026-07-31 11:25:38,913 [INFO] [SCAN] 완료: 30개 종목 · 신호 0개 · API 호출 30회 · 캐시 히트 0회
2026-07-31 11:25:40,620 [INFO] [상태] 잔고:$9.79 | 포지션:1개 | 스캔:1297회 | 스캐너:ON
2026-07-31 11:25:54,340 [INFO] [SCAN] 블랙리스트 4개 제외: ['IP/USDT:USDT', 'NES/USDT:USDT', 'WLD/USDT:USDT', 'XAG/USDT:USDT', 'XAU/USDT:USDT', 'XAUT/USDT:USDT']
2026-07-31 11:25:54,340 [INFO] [SCAN] 스캔 시작: 30개 페어 (캐시 34개 보유)
2026-07-31 11:26:07,992 [INFO] [SCAN] 완료: 30개 종목 · 신호 0개 · API 호출 30회 · 캐시 히트 0회
2026-07-31 11:26:23,281 [INFO] [SCAN] 블랙리스트 4개 제외: ['IP/USDT:USDT', 'NES/USDT:USDT', 'WLD/USDT:USDT', 'XAG/USDT:USDT', 'XAU/USDT:USDT', 'XAUT/USDT:USDT']
2026-07-31 11:26:23,281 [INFO] [SCAN] 스캔 시작: 30개 페어 (캐시 34개 보유)
2026-07-31 11:26:36,975 [INFO] [SCAN] 완료: 30개 종목 · 신호 0개 · API 호출 30회 · 캐시 히트 0회
2026-07-31 11:26:41,277 [INFO] [상태] 잔고:$9.79 | 포지션:1개 | 스캔:1299회 | 스캐너:ON
2026-07-31 11:26:53,395 [INFO] [SCAN] 블랙리스트 4개 제외: ['IP/USDT:USDT', 'NES/USDT:USDT', 'WLD/USDT:USDT', 'XAG/USDT:USDT', 'XAU/USDT:USDT', 'XAUT/USDT:USDT']
2026-07-31 11:26:53,395 [INFO] [SCAN] 스캔 시작: 30개 페어 (캐시 34개 보유)
2026-07-31 11:27:07,276 [INFO] [SCAN] 완료: 30개 종목 · 신호 0개 · API 호출 30회 · 캐시 히트 0회
2026-07-31 11:27:22,542 [INFO] [SCAN] 블랙리스트 4개 제외: ['IP/USDT:USDT', 'NES/USDT:USDT', 'WLD/USDT:USDT', 'XAG/USDT:USDT', 'XAU/USDT:USDT', 'XAUT/USDT:USDT']
2026-07-31 11:27:22,543 [INFO] [SCAN] 스캔 시작: 30개 페어 (캐시 34개 보유)
2026-07-31 11:27:35,783 [INFO] [SCAN] 완료: 30개 종목 · 신호 0개 · API 호출 30회 · 캐시 히트 0회
2026-07-31 11:27:41,828 [INFO] [상태] 잔고:$9.79 | 포지션:1개 | 스캔:1301회 | 스캐너:ON
2026-07-31 11:27:51,165 [INFO] [SCAN] 블랙리스트 4개 제외: ['IP/USDT:USDT', 'NES/USDT:USDT', 'WLD/USDT:USDT', 'XAG/USDT:USDT', 'XAU/USDT:USDT', 'XAUT/USDT:USDT']
2026-07-31 11:27:51,165 [INFO] [SCAN] 스캔 시작: 30개 페어 (캐시 34개 보유)
2026-07-31 11:28:04,426 [INFO] [SCAN] 완료: 30개 종목 · 신호 0개 · API 호출 30회 · 캐시 히트 0회
2026-07-31 11:28:20,738 [INFO] [SCAN] 블랙리스트 4개 제외: ['IP/USDT:USDT', 'NES/USDT:USDT', 'WLD/USDT:USDT', 'XAG/USDT:USDT', 'XAU/USDT:USDT', 'XAUT/USDT:USDT']
2026-07-31 11:28:20,738 [INFO] [SCAN] 스캔 시작: 30개 페어 (캐시 34개 보유)
2026-07-31 11:28:34,892 [INFO] [SCAN] 완료: 30개 종목 · 신호 0개 · API 호출 30회 · 캐시 히트 0회
2026-07-31 11:28:42,322 [INFO] [상태] 잔고:$9.79 | 포지션:1개 | 스캔:1303회 | 스캐너:ON
2026-07-31 11:28:50,285 [INFO] [SCAN] 블랙리스트 4개 제외: ['IP/USDT:USDT', 'NES/USDT:USDT', 'WLD/USDT:USDT', 'XAG/USDT:USDT', 'XAU/USDT:USDT', 'XAUT/USDT:USDT']
2026-07-31 11:28:50,286 [INFO] [SCAN] 스캔 시작: 30개 페어 (캐시 34개 보유)
2026-07-31 11:29:04,087 [INFO] [SCAN] 완료: 30개 종목 · 신호 0개 · API 호출 30회 · 캐시 히트 0회
2026-07-31 11:29:19,389 [INFO] [SCAN] 블랙리스트 4개 제외: ['IP/USDT:USDT', 'NES/USDT:USDT', 'WLD/USDT:USDT', 'XAG/USDT:USDT', 'XAU/USDT:USDT', 'XAUT/USDT:USDT']
2026-07-31 11:29:19,390 [INFO] [SCAN] 스캔 시작: 30개 페어 (캐시 34개 보유)
2026-07-31 11:29:32,757 [INFO] [SCAN] 완료: 30개 종목 · 신호 0개 · API 호출 30회 · 캐시 히트 0회
2026-07-31 11:29:42,938 [INFO] [상태] 잔고:$9.80 | 포지션:1개 | 스캔:1305회 | 스캐너:ON
2026-07-31 11:29:49,089 [INFO] [SCAN] 블랙리스트 4개 제외: ['IP/USDT:USDT', 'NES/USDT:USDT', 'WLD/USDT:USDT', 'XAG/USDT:USDT', 'XAU/USDT:USDT', 'XAUT/USDT:USDT']
2026-07-31 11:29:49,089 [INFO] [SCAN] 스캔 시작: 30개 페어 (캐시 34개 보유)
2026-07-31 11:30:02,532 [INFO] [SCAN] 완료: 30개 종목 · 신호 0개 · API 호출 30회 · 캐시 히트 0회
2026-07-31 11:30:17,819 [INFO] [SCAN] 블랙리스트 4개 제외: ['IP/USDT:USDT', 'NES/USDT:USDT', 'WLD/USDT:USDT', 'XAG/USDT:USDT', 'XAU/USDT:USDT', 'XAUT/USDT:USDT']
2026-07-31 11:30:17,819 [INFO] [SCAN] 스캔 시작: 30개 페어 (캐시 34개 보유)
2026-07-31 11:30:31,458 [INFO] [SCAN] 완료: 30개 종목 · 신호 0개 · API 호출 30회 · 캐시 히트 0회
2026-07-31 11:30:43,429 [INFO] [상태] 잔고:$9.79 | 포지션:1개 | 스캔:1307회 | 스캐너:ON
2026-07-31 11:30:46,956 [INFO] [SCAN] 블랙리스트 4개 제외: ['IP/USDT:USDT', 'NES/USDT:USDT', 'WLD/USDT:USDT', 'XAG/USDT:USDT', 'XAU/USDT:USDT', 'XAUT/USDT:USDT']
2026-07-31 11:30:46,956 [INFO] [SCAN] 스캔 시작: 30개 페어 (캐시 34개 보유)
2026-07-31 11:31:00,422 [INFO] [SCAN] 완료: 30개 종목 · 신호 0개 · API 호출 30회 · 캐시 히트 0회
2026-07-31 11:31:16,791 [INFO] [SCAN] 블랙리스트 4개 제외: ['IP/USDT:USDT', 'NES/USDT:USDT', 'WLD/USDT:USDT', 'XAG/USDT:USDT', 'XAU/USDT:USDT', 'XAUT/USDT:USDT']
2026-07-31 11:31:16,791 [INFO] [SCAN] 스캔 시작: 30개 페어 (캐시 34개 보유)
2026-07-31 11:31:30,506 [INFO] [SCAN] 완료: 30개 종목 · 신호 0개 · API 호출 30회 · 캐시 히트 0회
2026-07-31 11:31:43,871 [INFO] [상태] 잔고:$9.80 | 포지션:1개 | 스캔:1309회 | 스캐너:ON
2026-07-31 11:31:45,896 [INFO] [SCAN] 블랙리스트 4개 제외: ['IP/USDT:USDT', 'NES/USDT:USDT', 'WLD/USDT:USDT', 'XAG/USDT:USDT', 'XAU/USDT:USDT', 'XAUT/USDT:USDT']
2026-07-31 11:31:45,896 [INFO] [SCAN] 스캔 시작: 30개 페어 (캐시 34개 보유)
2026-07-31 11:31:59,507 [INFO] [SCAN] 완료: 30개 종목 · 신호 0개 · API 호출 30회 · 캐시 히트 0회
2026-07-31 11:32:14,789 [INFO] [SCAN] 블랙리스트 4개 제외: ['IP/USDT:USDT', 'NES/USDT:USDT', 'WLD/USDT:USDT', 'XAG/USDT:USDT', 'XAU/USDT:USDT', 'XAUT/USDT:USDT']
2026-07-31 11:32:14,790 [INFO] [SCAN] 스캔 시작: 30개 페어 (캐시 34개 보유)
2026-07-31 11:32:28,159 [INFO] [SCAN] 완료: 30개 종목 · 신호 0개 · API 호출 30회 · 캐시 히트 0회
2026-07-31 11:32:44,372 [INFO] [상태] 잔고:$9.80 | 포지션:1개 | 스캔:1311회 | 스캐너:ON
2026-07-31 11:32:44,682 [INFO] [SCAN] 블랙리스트 4개 제외: ['IP/USDT:USDT', 'NES/USDT:USDT', 'WLD/USDT:USDT', 'XAG/USDT:USDT', 'XAU/USDT:USDT', 'XAUT/USDT:USDT']
2026-07-31 11:32:44,682 [INFO] [SCAN] 스캔 시작: 30개 페어 (캐시 34개 보유)
2026-07-31 11:32:57,932 [INFO] [SCAN] 완료: 30개 종목 · 신호 0개 · API 호출 30회 · 캐시 히트 0회
2026-07-31 11:33:13,234 [INFO] [SCAN] 블랙리스트 4개 제외: ['IP/USDT:USDT', 'NES/USDT:USDT', 'WLD/USDT:USDT', 'XAG/USDT:USDT', 'XAU/USDT:USDT', 'XAUT/USDT:USDT']
2026-07-31 11:33:13,234 [INFO] [SCAN] 스캔 시작: 30개 페어 (캐시 34개 보유)
2026-07-31 11:33:26,533 [INFO] [SCAN] 완료: 30개 종목 · 신호 0개 · API 호출 30회 · 캐시 히트 0회
2026-07-31 11:33:41,835 [INFO] [SCAN] 블랙리스트 4개 제외: ['IP/USDT:USDT', 'NES/USDT:USDT', 'WLD/USDT:USDT', 'XAG/USDT:USDT', 'XAU/USDT:USDT', 'XAUT/USDT:USDT']
2026-07-31 11:33:41,835 [INFO] [SCAN] 스캔 시작: 30개 페어 (캐시 34개 보유)
2026-07-31 11:33:44,838 [INFO] [상태] 잔고:$9.80 | 포지션:1개 | 스캔:1313회 | 스캐너:ON
2026-07-31 11:33:55,512 [INFO] [SCAN] 완료: 30개 종목 · 신호 0개 · API 호출 30회 · 캐시 히트 0회
2026-07-31 11:34:11,819 [INFO] [SCAN] 블랙리스트 4개 제외: ['IP/USDT:USDT', 'NES/USDT:USDT', 'WLD/USDT:USDT', 'XAG/USDT:USDT', 'XAU/USDT:USDT', 'XAUT/USDT:USDT']
2026-07-31 11:34:11,819 [INFO] [SCAN] 스캔 시작: 30개 페어 (캐시 34개 보유)
2026-07-31 11:34:25,084 [INFO] [SCAN] 완료: 30개 종목 · 신호 0개 · API 호출 30회 · 캐시 히트 0회
2026-07-31 11:34:40,353 [INFO] [SCAN] 블랙리스트 4개 제외: ['IP/USDT:USDT', 'NES/USDT:USDT', 'WLD/USDT:USDT', 'XAG/USDT:USDT', 'XAU/USDT:USDT', 'XAUT/USDT:USDT']
2026-07-31 11:34:40,353 [INFO] [SCAN] 스캔 시작: 30개 페어 (캐시 34개 보유)
2026-07-31 11:34:45,272 [INFO] [상태] 잔고:$9.80 | 포지션:1개 | 스캔:1315회 | 스캐너:ON
2026-07-31 11:34:54,079 [INFO] [SCAN] 완료: 30개 종목 · 신호 0개 · API 호출 30회 · 캐시 히트 0회
2026-07-31 11:35:09,385 [INFO] [SCAN] 블랙리스트 4개 제외: ['IP/USDT:USDT', 'NES/USDT:USDT', 'WLD/USDT:USDT', 'XAG/USDT:USDT', 'XAU/USDT:USDT', 'XAUT/USDT:USDT']
2026-07-31 11:35:09,385 [INFO] [SCAN] 스캔 시작: 30개 페어 (캐시 34개 보유)
2026-07-31 11:35:22,554 [INFO] [SCAN] 완료: 30개 종목 · 신호 0개 · API 호출 30회 · 캐시 히트 0회
2026-07-31 11:35:38,967 [INFO] [SCAN] 블랙리스트 4개 제외: ['IP/USDT:USDT', 'NES/USDT:USDT', 'WLD/USDT:USDT', 'XAG/USDT:USDT', 'XAU/USDT:USDT', 'XAUT/USDT:USDT']
2026-07-31 11:35:38,968 [INFO] [SCAN] 스캔 시작: 30개 페어 (캐시 34개 보유)
2026-07-31 11:35:45,711 [INFO] [상태] 잔고:$9.79 | 포지션:1개 | 스캔:1317회 | 스캐너:ON
2026-07-31 11:35:52,374 [INFO] [SCAN] 완료: 30개 종목 · 신호 0개 · API 호출 30회 · 캐시 히트 0회
2026-07-31 11:36:07,692 [INFO] [SCAN] 블랙리스트 4개 제외: ['IP/USDT:USDT', 'NES/USDT:USDT', 'WLD/USDT:USDT', 'XAG/USDT:USDT', 'XAU/USDT:USDT', 'XAUT/USDT:USDT']
2026-07-31 11:36:07,693 [INFO] [SCAN] 스캔 시작: 30개 페어 (캐시 34개 보유)
2026-07-31 11:36:20,939 [INFO] [SCAN] 완료: 30개 종목 · 신호 0개 · API 호출 30회 · 캐시 히트 0회
2026-07-31 11:36:36,216 [INFO] [SCAN] 블랙리스트 4개 제외: ['IP/USDT:USDT', 'NES/USDT:USDT', 'WLD/USDT:USDT', 'XAG/USDT:USDT', 'XAU/USDT:USDT', 'XAUT/USDT:USDT']
2026-07-31 11:36:36,217 [INFO] [SCAN] 스캔 시작: 30개 페어 (캐시 34개 보유)
2026-07-31 11:36:46,166 [INFO] [상태] 잔고:$9.79 | 포지션:1개 | 스캔:1319회 | 스캐너:ON
2026-07-31 11:36:49,740 [INFO] [SCAN] 완료: 30개 종목 · 신호 0개 · API 호출 30회 · 캐시 히트 0회
2026-07-31 11:37:06,063 [INFO] [SCAN] 블랙리스트 4개 제외: ['IP/USDT:USDT', 'NES/USDT:USDT', 'WLD/USDT:USDT', 'XAG/USDT:USDT', 'XAU/USDT:USDT', 'XAUT/USDT:USDT']
2026-07-31 11:37:06,063 [INFO] [SCAN] 스캔 시작: 30개 페어 (캐시 34개 보유)
2026-07-31 11:37:19,249 [INFO] [SCAN] 완료: 30개 종목 · 신호 0개 · API 호출 30회 · 캐시 히트 0회
2026-07-31 11:37:34,521 [INFO] [SCAN] 블랙리스트 4개 제외: ['IP/USDT:USDT', 'NES/USDT:USDT', 'WLD/USDT:USDT', 'XAG/USDT:USDT', 'XAU/USDT:USDT', 'XAUT/USDT:USDT']
2026-07-31 11:37:34,522 [INFO] [SCAN] 스캔 시작: 30개 페어 (캐시 34개 보유)
2026-07-31 11:37:46,611 [INFO] [상태] 잔고:$9.79 | 포지션:1개 | 스캔:1321회 | 스캐너:ON
2026-07-31 11:37:48,017 [INFO] [SCAN] 완료: 30개 종목 · 신호 0개 · API 호출 30회 · 캐시 히트 0회
2026-07-31 11:38:03,311 [INFO] [SCAN] 블랙리스트 4개 제외: ['IP/USDT:USDT', 'NES/USDT:USDT', 'WLD/USDT:USDT', 'XAG/USDT:USDT', 'XAU/USDT:USDT', 'XAUT/USDT:USDT']
2026-07-31 11:38:03,311 [INFO] [SCAN] 스캔 시작: 30개 페어 (캐시 34개 보유)
2026-07-31 11:38:16,622 [INFO] [SCAN] 완료: 30개 종목 · 신호 0개 · API 호출 30회 · 캐시 히트 0회
2026-07-31 11:38:32,910 [INFO] [SCAN] 블랙리스트 4개 제외: ['IP/USDT:USDT', 'NES/USDT:USDT', 'WLD/USDT:USDT', 'XAG/USDT:USDT', 'XAU/USDT:USDT', 'XAUT/USDT:USDT']
2026-07-31 11:38:32,910 [INFO] [SCAN] 스캔 시작: 30개 페어 (캐시 34개 보유)
2026-07-31 11:38:46,035 [INFO] [SCAN] 완료: 30개 종목 · 신호 0개 · API 호출 30회 · 캐시 히트 0회
2026-07-31 11:38:47,042 [INFO] [상태] 잔고:$9.79 | 포지션:1개 | 스캔:1324회 | 스캐너:ON
2026-07-31 11:39:01,425 [INFO] [SCAN] 블랙리스트 4개 제외: ['IP/USDT:USDT', 'NES/USDT:USDT', 'WLD/USDT:USDT', 'XAG/USDT:USDT', 'XAU/USDT:USDT', 'XAUT/USDT:USDT']
2026-07-31 11:39:01,425 [INFO] [SCAN] 스캔 시작: 30개 페어 (캐시 34개 보유)
2026-07-31 11:39:14,547 [INFO] [SCAN] 완료: 30개 종목 · 신호 0개 · API 호출 30회 · 캐시 히트 0회
2026-07-31 11:39:29,805 [INFO] [SCAN] 블랙리스트 4개 제외: ['IP/USDT:USDT', 'NES/USDT:USDT', 'WLD/USDT:USDT', 'XAG/USDT:USDT', 'XAU/USDT:USDT', 'XAUT/USDT:USDT']
2026-07-31 11:39:29,805 [INFO] [SCAN] 스캔 시작: 30개 페어 (캐시 34개 보유)
2026-07-31 11:39:43,036 [INFO] [SCAN] 완료: 30개 종목 · 신호 0개 · API 호출 30회 · 캐시 히트 0회
2026-07-31 11:39:47,652 [INFO] [상태] 잔고:$9.79 | 포지션:1개 | 스캔:1326회 | 스캐너:ON
2026-07-31 11:39:59,344 [INFO] [SCAN] 블랙리스트 4개 제외: ['IP/USDT:USDT', 'NES/USDT:USDT', 'WLD/USDT:USDT', 'XAG/USDT:USDT', 'XAU/USDT:USDT', 'XAUT/USDT:USDT']
2026-07-31 11:39:59,344 [INFO] [SCAN] 스캔 시작: 30개 페어 (캐시 34개 보유)
2026-07-31 11:40:12,615 [INFO] [SCAN] 완료: 30개 종목 · 신호 0개 · API 호출 30회 · 캐시 히트 0회
2026-07-31 11:40:27,902 [INFO] [SCAN] 블랙리스트 4개 제외: ['IP/USDT:USDT', 'NES/USDT:USDT', 'WLD/USDT:USDT', 'XAG/USDT:USDT', 'XAU/USDT:USDT', 'XAUT/USDT:USDT']
2026-07-31 11:40:27,903 [INFO] [SCAN] 스캔 시작: 30개 페어 (캐시 34개 보유)
2026-07-31 11:40:41,038 [INFO] [SCAN] 완료: 30개 종목 · 신호 0개 · API 호출 30회 · 캐시 히트 0회
2026-07-31 11:40:48,202 [INFO] [상태] 잔고:$9.77 | 포지션:1개 | 스캔:1328회 | 스캐너:ON
2026-07-31 11:40:56,433 [INFO] [SCAN] 블랙리스트 4개 제외: ['IP/USDT:USDT', 'NES/USDT:USDT', 'WLD/USDT:USDT', 'XAG/USDT:USDT', 'XAU/USDT:USDT', 'XAUT/USDT:USDT']
2026-07-31 11:40:56,434 [INFO] [SCAN] 스캔 시작: 30개 페어 (캐시 34개 보유)
2026-07-31 11:41:09,708 [INFO] [SCAN] 완료: 30개 종목 · 신호 0개 · API 호출 30회 · 캐시 히트 0회
2026-07-31 11:41:26,015 [INFO] [SCAN] 블랙리스트 4개 제외: ['IP/USDT:USDT', 'NES/USDT:USDT', 'WLD/USDT:USDT', 'XAG/USDT:USDT', 'XAU/USDT:USDT', 'XAUT/USDT:USDT']
2026-07-31 11:41:26,015 [INFO] [SCAN] 스캔 시작: 30개 페어 (캐시 34개 보유)
2026-07-31 11:41:39,449 [INFO] [SCAN] 완료: 30개 종목 · 신호 0개 · API 호출 30회 · 캐시 히트 0회
2026-07-31 11:41:48,796 [INFO] [상태] 잔고:$9.78 | 포지션:1개 | 스캔:1330회 | 스캐너:ON
2026-07-31 11:41:54,827 [INFO] [SCAN] 블랙리스트 4개 제외: ['IP/USDT:USDT', 'NES/USDT:USDT', 'WLD/USDT:USDT', 'XAG/USDT:USDT', 'XAU/USDT:USDT', 'XAUT/USDT:USDT']
2026-07-31 11:41:54,828 [INFO] [SCAN] 스캔 시작: 30개 페어 (캐시 34개 보유)
2026-07-31 11:42:08,296 [INFO] [SCAN] 완료: 30개 종목 · 신호 0개 · API 호출 30회 · 캐시 히트 0회
2026-07-31 11:42:23,577 [INFO] [SCAN] 블랙리스트 4개 제외: ['IP/USDT:USDT', 'NES/USDT:USDT', 'WLD/USDT:USDT', 'XAG/USDT:USDT', 'XAU/USDT:USDT', 'XAUT/USDT:USDT']
2026-07-31 11:42:23,577 [INFO] [SCAN] 스캔 시작: 30개 페어 (캐시 34개 보유)
2026-07-31 11:42:36,997 [INFO] [SCAN] 완료: 30개 종목 · 신호 0개 · API 호출 30회 · 캐시 히트 0회
2026-07-31 11:42:49,410 [INFO] [상태] 잔고:$9.77 | 포지션:1개 | 스캔:1332회 | 스캐너:ON
2026-07-31 11:42:53,325 [INFO] [SCAN] 블랙리스트 4개 제외: ['IP/USDT:USDT', 'NES/USDT:USDT', 'WLD/USDT:USDT', 'XAG/USDT:USDT', 'XAU/USDT:USDT', 'XAUT/USDT:USDT']
2026-07-31 11:42:53,325 [INFO] [SCAN] 스캔 시작: 30개 페어 (캐시 34개 보유)
2026-07-31 11:43:06,819 [INFO] [SCAN] 완료: 30개 종목 · 신호 0개 · API 호출 30회 · 캐시 히트 0회
2026-07-31 11:43:22,116 [INFO] [SCAN] 블랙리스트 4개 제외: ['IP/USDT:USDT', 'NES/USDT:USDT', 'WLD/USDT:USDT', 'XAG/USDT:USDT', 'XAU/USDT:USDT', 'XAUT/USDT:USDT']
2026-07-31 11:43:22,117 [INFO] [SCAN] 스캔 시작: 30개 페어 (캐시 34개 보유)
2026-07-31 11:43:35,608 [INFO] [SCAN] 완료: 30개 종목 · 신호 0개 · API 호출 30회 · 캐시 히트 0회
2026-07-31 11:43:49,896 [INFO] [상태] 잔고:$9.77 | 포지션:1개 | 스캔:1334회 | 스캐너:ON
2026-07-31 11:43:50,987 [INFO] [SCAN] 블랙리스트 4개 제외: ['IP/USDT:USDT', 'NES/USDT:USDT', 'WLD/USDT:USDT', 'XAG/USDT:USDT', 'XAU/USDT:USDT', 'XAUT/USDT:USDT']
2026-07-31 11:43:50,987 [INFO] [SCAN] 스캔 시작: 30개 페어 (캐시 34개 보유)
2026-07-31 11:44:04,415 [INFO] [SCAN] 완료: 30개 종목 · 신호 0개 · API 호출 30회 · 캐시 히트 0회
2026-07-31 11:44:20,857 [INFO] [SCAN] 블랙리스트 4개 제외: ['IP/USDT:USDT', 'NES/USDT:USDT', 'WLD/USDT:USDT', 'XAG/USDT:USDT', 'XAU/USDT:USDT', 'XAUT/USDT:USDT']
2026-07-31 11:44:20,858 [INFO] [SCAN] 스캔 시작: 30개 페어 (캐시 34개 보유)
2026-07-31 11:44:34,058 [INFO] [SCAN] 완료: 30개 종목 · 신호 0개 · API 호출 30회 · 캐시 히트 0회
2026-07-31 11:44:49,345 [INFO] [SCAN] 블랙리스트 4개 제외: ['IP/USDT:USDT', 'NES/USDT:USDT', 'WLD/USDT:USDT', 'XAG/USDT:USDT', 'XAU/USDT:USDT', 'XAUT/USDT:USDT']
2026-07-31 11:44:49,346 [INFO] [SCAN] 스캔 시작: 30개 페어 (캐시 34개 보유)
2026-07-31 11:44:50,544 [INFO] [상태] 잔고:$9.77 | 포지션:1개 | 스캔:1336회 | 스캐너:ON
2026-07-31 11:45:02,850 [INFO] [SCAN] 완료: 30개 종목 · 신호 0개 · API 호출 30회 · 캐시 히트 0회
2026-07-31 11:45:18,223 [INFO] [SCAN] 블랙리스트 4개 제외: ['IP/USDT:USDT', 'NES/USDT:USDT', 'WLD/USDT:USDT', 'XAG/USDT:USDT', 'XAU/USDT:USDT', 'XAUT/USDT:USDT']
2026-07-31 11:45:18,224 [INFO] [SCAN] 스캔 시작: 30개 페어 (캐시 34개 보유)
2026-07-31 11:45:31,874 [INFO] [SCAN] 완료: 30개 종목 · 신호 0개 · API 호출 30회 · 캐시 히트 0회
2026-07-31 11:45:48,132 [INFO] [SCAN] 블랙리스트 4개 제외: ['IP/USDT:USDT', 'NES/USDT:USDT', 'WLD/USDT:USDT', 'XAG/USDT:USDT', 'XAU/USDT:USDT', 'XAUT/USDT:USDT']
2026-07-31 11:45:48,133 [INFO] [SCAN] 스캔 시작: 30개 페어 (캐시 34개 보유)
2026-07-31 11:45:51,033 [INFO] [상태] 잔고:$9.77 | 포지션:1개 | 스캔:1338회 | 스캐너:ON
2026-07-31 11:46:01,944 [INFO] [SCAN] 완료: 30개 종목 · 신호 0개 · API 호출 30회 · 캐시 히트 0회
2026-07-31 11:46:17,228 [INFO] [SCAN] 블랙리스트 4개 제외: ['IP/USDT:USDT', 'NES/USDT:USDT', 'WLD/USDT:USDT', 'XAG/USDT:USDT', 'XAU/USDT:USDT', 'XAUT/USDT:USDT']
2026-07-31 11:46:17,228 [INFO] [SCAN] 스캔 시작: 30개 페어 (캐시 34개 보유)
2026-07-31 11:46:30,408 [INFO] [SCAN] 완료: 30개 종목 · 신호 0개 · API 호출 30회 · 캐시 히트 0회
2026-07-31 11:46:45,697 [INFO] [SCAN] 블랙리스트 4개 제외: ['IP/USDT:USDT', 'NES/USDT:USDT', 'WLD/USDT:USDT', 'XAG/USDT:USDT', 'XAU/USDT:USDT', 'XAUT/USDT:USDT']
2026-07-31 11:46:45,697 [INFO] [SCAN] 스캔 시작: 30개 페어 (캐시 34개 보유)
2026-07-31 11:46:51,570 [INFO] [상태] 잔고:$9.77 | 포지션:1개 | 스캔:1340회 | 스캐너:ON
2026-07-31 11:46:59,496 [INFO] [SCAN] 완료: 30개 종목 · 신호 0개 · API 호출 30회 · 캐시 히트 0회
2026-07-31 11:47:15,864 [INFO] [SCAN] 블랙리스트 4개 제외: ['IP/USDT:USDT', 'NES/USDT:USDT', 'WLD/USDT:USDT', 'XAG/USDT:USDT', 'XAU/USDT:USDT', 'XAUT/USDT:USDT']
2026-07-31 11:47:15,864 [INFO] [SCAN] 스캔 시작: 30개 페어 (캐시 34개 보유)
2026-07-31 11:47:28,976 [INFO] [SCAN] 완료: 30개 종목 · 신호 0개 · API 호출 30회 · 캐시 히트 0회
2026-07-31 11:47:44,235 [INFO] [SCAN] 블랙리스트 4개 제외: ['IP/USDT:USDT', 'NES/USDT:USDT', 'WLD/USDT:USDT', 'XAG/USDT:USDT', 'XAU/USDT:USDT', 'XAUT/USDT:USDT']
2026-07-31 11:47:44,235 [INFO] [SCAN] 스캔 시작: 30개 페어 (캐시 34개 보유)
2026-07-31 11:47:52,068 [INFO] [상태] 잔고:$9.78 | 포지션:1개 | 스캔:1342회 | 스캐너:ON
2026-07-31 11:47:57,655 [INFO] [SCAN] 완료: 30개 종목 · 신호 0개 · API 호출 30회 · 캐시 히트 0회
2026-07-31 11:48:12,931 [INFO] [SCAN] 블랙리스트 4개 제외: ['IP/USDT:USDT', 'NES/USDT:USDT', 'WLD/USDT:USDT', 'XAG/USDT:USDT', 'XAU/USDT:USDT', 'XAUT/USDT:USDT']
2026-07-31 11:48:12,931 [INFO] [SCAN] 스캔 시작: 30개 페어 (캐시 34개 보유)
2026-07-31 11:48:25,978 [INFO] [SCAN] 완료: 30개 종목 · 신호 0개 · API 호출 30회 · 캐시 히트 0회
2026-07-31 11:48:42,347 [INFO] [SCAN] 블랙리스트 4개 제외: ['IP/USDT:USDT', 'NES/USDT:USDT', 'WLD/USDT:USDT', 'XAG/USDT:USDT', 'XAU/USDT:USDT', 'XAUT/USDT:USDT']
2026-07-31 11:48:42,348 [INFO] [SCAN] 스캔 시작: 30개 페어 (캐시 34개 보유)
2026-07-31 11:48:52,502 [INFO] [상태] 잔고:$9.77 | 포지션:1개 | 스캔:1344회 | 스캐너:ON
2026-07-31 11:48:55,688 [INFO] [SCAN] 완료: 30개 종목 · 신호 0개 · API 호출 30회 · 캐시 히트 0회
2026-07-31 11:49:10,965 [INFO] [SCAN] 블랙리스트 4개 제외: ['IP/USDT:USDT', 'NES/USDT:USDT', 'WLD/USDT:USDT', 'XAG/USDT:USDT', 'XAU/USDT:USDT', 'XAUT/USDT:USDT']
2026-07-31 11:49:10,965 [INFO] [SCAN] 스캔 시작: 30개 페어 (캐시 34개 보유)
2026-07-31 11:49:24,354 [INFO] [SCAN] 완료: 30개 종목 · 신호 0개 · API 호출 30회 · 캐시 히트 0회
2026-07-31 11:49:39,618 [INFO] [SCAN] 블랙리스트 4개 제외: ['IP/USDT:USDT', 'NES/USDT:USDT', 'WLD/USDT:USDT', 'XAG/USDT:USDT', 'XAU/USDT:USDT', 'XAUT/USDT:USDT']
2026-07-31 11:49:39,619 [INFO] [SCAN] 스캔 시작: 30개 페어 (캐시 34개 보유)
2026-07-31 11:49:53,018 [INFO] [상태] 잔고:$9.77 | 포지션:1개 | 스캔:1346회 | 스캐너:ON
2026-07-31 11:49:53,221 [INFO] [SCAN] 완료: 30개 종목 · 신호 0개 · API 호출 30회 · 캐시 히트 0회
2026-07-31 11:50:09,704 [INFO] [SCAN] 블랙리스트 4개 제외: ['IP/USDT:USDT', 'NES/USDT:USDT', 'WLD/USDT:USDT', 'XAG/USDT:USDT', 'XAU/USDT:USDT', 'XAUT/USDT:USDT']
2026-07-31 11:50:09,705 [INFO] [SCAN] 스캔 시작: 30개 페어 (캐시 34개 보유)
2026-07-31 11:50:23,154 [INFO] [SCAN] 완료: 30개 종목 · 신호 0개 · API 호출 30회 · 캐시 히트 0회
2026-07-31 11:50:38,499 [INFO] [SCAN] 블랙리스트 4개 제외: ['IP/USDT:USDT', 'NES/USDT:USDT', 'WLD/USDT:USDT', 'XAG/USDT:USDT', 'XAU/USDT:USDT', 'XAUT/USDT:USDT']
2026-07-31 11:50:38,500 [INFO] [SCAN] 스캔 시작: 30개 페어 (캐시 34개 보유)
2026-07-31 11:50:51,876 [INFO] [SCAN] 완료: 30개 종목 · 신호 0개 · API 호출 30회 · 캐시 히트 0회
2026-07-31 11:50:53,555 [INFO] [상태] 잔고:$9.76 | 포지션:1개 | 스캔:1349회 | 스캐너:ON
2026-07-31 11:51:07,258 [INFO] [SCAN] 블랙리스트 4개 제외: ['IP/USDT:USDT', 'NES/USDT:USDT', 'WLD/USDT:USDT', 'XAG/USDT:USDT', 'XAU/USDT:USDT', 'XAUT/USDT:USDT']
2026-07-31 11:51:07,258 [INFO] [SCAN] 스캔 시작: 30개 페어 (캐시 34개 보유)
2026-07-31 11:51:20,753 [INFO] [SCAN] 완료: 30개 종목 · 신호 0개 · API 호출 30회 · 캐시 히트 0회
2026-07-31 11:51:37,113 [INFO] [SCAN] 블랙리스트 4개 제외: ['IP/USDT:USDT', 'NES/USDT:USDT', 'WLD/USDT:USDT', 'XAG/USDT:USDT', 'XAU/USDT:USDT', 'XAUT/USDT:USDT']
2026-07-31 11:51:37,113 [INFO] [SCAN] 스캔 시작: 30개 페어 (캐시 34개 보유)
2026-07-31 11:51:50,721 [INFO] [SCAN] 완료: 30개 종목 · 신호 0개 · API 호출 30회 · 캐시 히트 0회
2026-07-31 11:51:53,988 [INFO] [상태] 잔고:$9.77 | 포지션:1개 | 스캔:1351회 | 스캐너:ON
2026-07-31 11:52:06,099 [INFO] [SCAN] 블랙리스트 4개 제외: ['IP/USDT:USDT', 'NES/USDT:USDT', 'WLD/USDT:USDT', 'XAG/USDT:USDT', 'XAU/USDT:USDT', 'XAUT/USDT:USDT']
2026-07-31 11:52:06,099 [INFO] [SCAN] 스캔 시작: 30개 페어 (캐시 34개 보유)
2026-07-31 11:52:19,544 [INFO] [SCAN] 완료: 30개 종목 · 신호 0개 · API 호출 30회 · 캐시 히트 0회
2026-07-31 11:52:34,814 [INFO] [SCAN] 블랙리스트 4개 제외: ['IP/USDT:USDT', 'NES/USDT:USDT', 'WLD/USDT:USDT', 'XAG/USDT:USDT', 'XAU/USDT:USDT', 'XAUT/USDT:USDT']
2026-07-31 11:52:34,814 [INFO] [SCAN] 스캔 시작: 30개 페어 (캐시 34개 보유)
2026-07-31 11:52:47,920 [INFO] [SCAN] 완료: 30개 종목 · 신호 0개 · API 호출 30회 · 캐시 히트 0회
2026-07-31 11:52:54,576 [INFO] [상태] 잔고:$9.77 | 포지션:1개 | 스캔:1353회 | 스캐너:ON
2026-07-31 11:53:04,398 [INFO] [SCAN] 블랙리스트 4개 제외: ['IP/USDT:USDT', 'NES/USDT:USDT', 'WLD/USDT:USDT', 'XAG/USDT:USDT', 'XAU/USDT:USDT', 'XAUT/USDT:USDT']
2026-07-31 11:53:04,398 [INFO] [SCAN] 스캔 시작: 30개 페어 (캐시 34개 보유)
2026-07-31 11:53:18,015 [INFO] [SCAN] 완료: 30개 종목 · 신호 0개 · API 호출 30회 · 캐시 히트 0회
2026-07-31 11:53:33,325 [INFO] [SCAN] 블랙리스트 4개 제외: ['IP/USDT:USDT', 'NES/USDT:USDT', 'WLD/USDT:USDT', 'XAG/USDT:USDT', 'XAU/USDT:USDT', 'XAUT/USDT:USDT']
2026-07-31 11:53:33,325 [INFO] [SCAN] 스캔 시작: 30개 페어 (캐시 34개 보유)
2026-07-31 11:53:46,854 [INFO] [SCAN] 완료: 30개 종목 · 신호 0개 · API 호출 30회 · 캐시 히트 0회
2026-07-31 11:53:55,160 [INFO] [상태] 잔고:$9.77 | 포지션:1개 | 스캔:1355회 | 스캐너:ON
2026-07-31 11:54:02,274 [INFO] [SCAN] 블랙리스트 4개 제외: ['IP/USDT:USDT', 'NES/USDT:USDT', 'WLD/USDT:USDT', 'XAG/USDT:USDT', 'XAU/USDT:USDT', 'XAUT/USDT:USDT']
2026-07-31 11:54:02,274 [INFO] [SCAN] 스캔 시작: 30개 페어 (캐시 34개 보유)
2026-07-31 11:54:15,858 [INFO] [SCAN] 완료: 30개 종목 · 신호 0개 · API 호출 30회 · 캐시 히트 0회
2026-07-31 11:54:32,340 [INFO] [SCAN] 블랙리스트 4개 제외: ['IP/USDT:USDT', 'NES/USDT:USDT', 'WLD/USDT:USDT', 'XAG/USDT:USDT', 'XAU/USDT:USDT', 'XAUT/USDT:USDT']
2026-07-31 11:54:32,340 [INFO] [SCAN] 스캔 시작: 30개 페어 (캐시 34개 보유)
2026-07-31 11:54:45,776 [INFO] [SCAN] 완료: 30개 종목 · 신호 0개 · API 호출 30회 · 캐시 히트 0회
2026-07-31 11:54:55,696 [INFO] [상태] 잔고:$9.77 | 포지션:1개 | 스캔:1357회 | 스캐너:ON
2026-07-31 11:55:01,166 [INFO] [SCAN] 블랙리스트 4개 제외: ['IP/USDT:USDT', 'NES/USDT:USDT', 'WLD/USDT:USDT', 'XAG/USDT:USDT', 'XAU/USDT:USDT', 'XAUT/USDT:USDT']
2026-07-31 11:55:01,167 [INFO] [SCAN] 스캔 시작: 30개 페어 (캐시 34개 보유)
2026-07-31 11:55:14,842 [INFO] [SCAN] 완료: 30개 종목 · 신호 0개 · API 호출 30회 · 캐시 히트 0회
2026-07-31 11:55:30,133 [INFO] [SCAN] 블랙리스트 4개 제외: ['IP/USDT:USDT', 'NES/USDT:USDT', 'WLD/USDT:USDT', 'XAG/USDT:USDT', 'XAU/USDT:USDT', 'XAUT/USDT:USDT']
2026-07-31 11:55:30,134 [INFO] [SCAN] 스캔 시작: 30개 페어 (캐시 34개 보유)
2026-07-31 11:55:43,470 [INFO] [SCAN] 완료: 30개 종목 · 신호 0개 · API 호출 30회 · 캐시 히트 0회
2026-07-31 11:55:56,241 [INFO] [상태] 잔고:$9.77 | 포지션:1개 | 스캔:1359회 | 스캐너:ON
2026-07-31 11:56:00,158 [INFO] [SCAN] 블랙리스트 4개 제외: ['IP/USDT:USDT', 'NES/USDT:USDT', 'WLD/USDT:USDT', 'XAG/USDT:USDT', 'XAU/USDT:USDT', 'XAUT/USDT:USDT']
2026-07-31 11:56:00,159 [INFO] [SCAN] 스캔 시작: 30개 페어 (캐시 34개 보유)
2026-07-31 11:56:13,476 [INFO] [SCAN] 완료: 30개 종목 · 신호 0개 · API 호출 30회 · 캐시 히트 0회
2026-07-31 11:56:28,771 [INFO] [SCAN] 블랙리스트 4개 제외: ['IP/USDT:USDT', 'NES/USDT:USDT', 'WLD/USDT:USDT', 'XAG/USDT:USDT', 'XAU/USDT:USDT', 'XAUT/USDT:USDT']
2026-07-31 11:56:28,772 [INFO] [SCAN] 스캔 시작: 30개 페어 (캐시 34개 보유)
2026-07-31 11:56:41,976 [INFO] [SCAN] 완료: 30개 종목 · 신호 0개 · API 호출 30회 · 캐시 히트 0회
2026-07-31 11:56:56,666 [INFO] [상태] 잔고:$9.77 | 포지션:1개 | 스캔:1361회 | 스캐너:ON
2026-07-31 11:56:57,388 [INFO] [SCAN] 블랙리스트 4개 제외: ['IP/USDT:USDT', 'NES/USDT:USDT', 'WLD/USDT:USDT', 'XAG/USDT:USDT', 'XAU/USDT:USDT', 'XAUT/USDT:USDT']
2026-07-31 11:56:57,388 [INFO] [SCAN] 스캔 시작: 30개 페어 (캐시 34개 보유)
2026-07-31 11:57:10,491 [INFO] [SCAN] 완료: 30개 종목 · 신호 0개 · API 호출 30회 · 캐시 히트 0회
2026-07-31 11:57:26,752 [INFO] [SCAN] 블랙리스트 4개 제외: ['IP/USDT:USDT', 'NES/USDT:USDT', 'WLD/USDT:USDT', 'XAG/USDT:USDT', 'XAU/USDT:USDT', 'XAUT/USDT:USDT']
2026-07-31 11:57:26,752 [INFO] [SCAN] 스캔 시작: 30개 페어 (캐시 34개 보유)
2026-07-31 11:57:39,814 [INFO] [SCAN] 완료: 30개 종목 · 신호 0개 · API 호출 30회 · 캐시 히트 0회
2026-07-31 11:57:55,083 [INFO] [SCAN] 블랙리스트 4개 제외: ['IP/USDT:USDT', 'NES/USDT:USDT', 'WLD/USDT:USDT', 'XAG/USDT:USDT', 'XAU/USDT:USDT', 'XAUT/USDT:USDT']
2026-07-31 11:57:55,083 [INFO] [SCAN] 스캔 시작: 30개 페어 (캐시 34개 보유)
2026-07-31 11:57:57,111 [INFO] [상태] 잔고:$9.77 | 포지션:1개 | 스캔:1363회 | 스캐너:ON
2026-07-31 11:58:08,554 [INFO] [SCAN] 완료: 30개 종목 · 신호 0개 · API 호출 30회 · 캐시 히트 0회
2026-07-31 11:58:23,821 [INFO] [SCAN] 블랙리스트 4개 제외: ['IP/USDT:USDT', 'NES/USDT:USDT', 'WLD/USDT:USDT', 'XAG/USDT:USDT', 'XAU/USDT:USDT', 'XAUT/USDT:USDT']
2026-07-31 11:58:23,822 [INFO] [SCAN] 스캔 시작: 30개 페어 (캐시 34개 보유)
2026-07-31 11:58:36,908 [INFO] [SCAN] 완료: 30개 종목 · 신호 0개 · API 호출 30회 · 캐시 히트 0회
2026-07-31 11:58:53,293 [INFO] [SCAN] 블랙리스트 4개 제외: ['IP/USDT:USDT', 'NES/USDT:USDT', 'WLD/USDT:USDT', 'XAG/USDT:USDT', 'XAU/USDT:USDT', 'XAUT/USDT:USDT']
2026-07-31 11:58:53,293 [INFO] [SCAN] 스캔 시작: 30개 페어 (캐시 34개 보유)
2026-07-31 11:58:57,638 [INFO] [상태] 잔고:$9.76 | 포지션:1개 | 스캔:1365회 | 스캐너:ON
2026-07-31 11:59:06,828 [INFO] [SCAN] 완료: 30개 종목 · 신호 0개 · API 호출 30회 · 캐시 히트 0회
2026-07-31 11:59:22,092 [INFO] [SCAN] 블랙리스트 4개 제외: ['IP/USDT:USDT', 'NES/USDT:USDT', 'WLD/USDT:USDT', 'XAG/USDT:USDT', 'XAU/USDT:USDT', 'XAUT/USDT:USDT']
2026-07-31 11:59:22,092 [INFO] [SCAN] 스캔 시작: 30개 페어 (캐시 34개 보유)
2026-07-31 11:59:35,522 [INFO] [SCAN] 완료: 30개 종목 · 신호 0개 · API 호출 30회 · 캐시 히트 0회
2026-07-31 11:59:50,803 [INFO] [SCAN] 블랙리스트 4개 제외: ['IP/USDT:USDT', 'NES/USDT:USDT', 'WLD/USDT:USDT', 'XAG/USDT:USDT', 'XAU/USDT:USDT', 'XAUT/USDT:USDT']
2026-07-31 11:59:50,803 [INFO] [SCAN] 스캔 시작: 30개 페어 (캐시 34개 보유)
2026-07-31 11:59:58,188 [INFO] [상태] 잔고:$9.77 | 포지션:1개 | 스캔:1367회 | 스캐너:ON
2026-07-31 12:00:04,271 [INFO] [SCAN] 완료: 30개 종목 · 신호 0개 · API 호출 30회 · 캐시 히트 0회
2026-07-31 12:00:20,564 [INFO] [SCAN] 블랙리스트 4개 제외: ['IP/USDT:USDT', 'NES/USDT:USDT', 'WLD/USDT:USDT', 'XAG/USDT:USDT', 'XAU/USDT:USDT', 'XAUT/USDT:USDT']
2026-07-31 12:00:20,564 [INFO] [SCAN] 스캔 시작: 30개 페어 (캐시 34개 보유)
2026-07-31 12:00:33,867 [INFO] [SCAN] 완료: 30개 종목 · 신호 0개 · API 호출 30회 · 캐시 히트 0회
2026-07-31 12:00:49,134 [INFO] [SCAN] 블랙리스트 4개 제외: ['IP/USDT:USDT', 'NES/USDT:USDT', 'WLD/USDT:USDT', 'XAG/USDT:USDT', 'XAU/USDT:USDT', 'XAUT/USDT:USDT']
2026-07-31 12:00:49,136 [INFO] [SCAN] 스캔 시작: 30개 페어 (캐시 34개 보유)
2026-07-31 12:00:58,825 [INFO] [상태] 잔고:$9.77 | 포지션:1개 | 스캔:1369회 | 스캐너:ON
2026-07-31 12:01:02,620 [INFO] [SCAN] 완료: 30개 종목 · 신호 0개 · API 호출 30회 · 캐시 히트 0회
2026-07-31 12:01:17,891 [INFO] [SCAN] 블랙리스트 4개 제외: ['IP/USDT:USDT', 'NES/USDT:USDT', 'WLD/USDT:USDT', 'XAG/USDT:USDT', 'XAU/USDT:USDT', 'XAUT/USDT:USDT']
2026-07-31 12:01:17,891 [INFO] [SCAN] 스캔 시작: 30개 페어 (캐시 34개 보유)
2026-07-31 12:01:31,012 [INFO] [SCAN] 완료: 30개 종목 · 신호 0개 · API 호출 30회 · 캐시 히트 0회
2026-07-31 12:01:47,395 [INFO] [SCAN] 블랙리스트 4개 제외: ['IP/USDT:USDT', 'NES/USDT:USDT', 'WLD/USDT:USDT', 'XAG/USDT:USDT', 'XAU/USDT:USDT', 'XAUT/USDT:USDT']
2026-07-31 12:01:47,395 [INFO] [SCAN] 스캔 시작: 30개 페어 (캐시 34개 보유)
2026-07-31 12:01:59,411 [INFO] [상태] 잔고:$9.76 | 포지션:1개 | 스캔:1371회 | 스캐너:ON
2026-07-31 12:02:00,977 [INFO] [SCAN] 완료: 30개 종목 · 신호 0개 · API 호출 30회 · 캐시 히트 0회
2026-07-31 12:02:16,285 [INFO] [SCAN] 블랙리스트 4개 제외: ['IP/USDT:USDT', 'NES/USDT:USDT', 'WLD/USDT:USDT', 'XAG/USDT:USDT', 'XAU/USDT:USDT', 'XAUT/USDT:USDT']
2026-07-31 12:02:16,285 [INFO] [SCAN] 스캔 시작: 30개 페어 (캐시 34개 보유)
2026-07-31 12:02:30,110 [INFO] [SCAN] 완료: 30개 종목 · 신호 0개 · API 호출 30회 · 캐시 히트 0회
2026-07-31 12:02:45,380 [INFO] [SCAN] 블랙리스트 4개 제외: ['IP/USDT:USDT', 'NES/USDT:USDT', 'WLD/USDT:USDT', 'XAG/USDT:USDT', 'XAU/USDT:USDT', 'XAUT/USDT:USDT']
2026-07-31 12:02:45,380 [INFO] [SCAN] 스캔 시작: 30개 페어 (캐시 34개 보유)
2026-07-31 12:02:58,633 [INFO] [SCAN] 완료: 30개 종목 · 신호 0개 · API 호출 30회 · 캐시 히트 0회
2026-07-31 12:02:59,949 [INFO] [상태] 잔고:$9.76 | 포지션:1개 | 스캔:1374회 | 스캐너:ON
2026-07-31 12:03:15,291 [INFO] [SCAN] 블랙리스트 4개 제외: ['IP/USDT:USDT', 'NES/USDT:USDT', 'WLD/USDT:USDT', 'XAG/USDT:USDT', 'XAU/USDT:USDT', 'XAUT/USDT:USDT']
2026-07-31 12:03:15,291 [INFO] [SCAN] 스캔 시작: 30개 페어 (캐시 34개 보유)
2026-07-31 12:03:28,468 [INFO] [SCAN] 완료: 30개 종목 · 신호 0개 · API 호출 30회 · 캐시 히트 0회
2026-07-31 12:03:43,726 [INFO] [SCAN] 블랙리스트 4개 제외: ['IP/USDT:USDT', 'NES/USDT:USDT', 'WLD/USDT:USDT', 'XAG/USDT:USDT', 'XAU/USDT:USDT', 'XAUT/USDT:USDT']
2026-07-31 12:03:43,727 [INFO] [SCAN] 스캔 시작: 30개 페어 (캐시 34개 보유)
2026-07-31 12:03:56,973 [INFO] [SCAN] 완료: 30개 종목 · 신호 0개 · API 호출 30회 · 캐시 히트 0회
2026-07-31 12:04:00,383 [INFO] [상태] 잔고:$9.75 | 포지션:1개 | 스캔:1376회 | 스캐너:ON
2026-07-31 12:04:12,369 [INFO] [SCAN] 블랙리스트 4개 제외: ['IP/USDT:USDT', 'NES/USDT:USDT', 'WLD/USDT:USDT', 'XAG/USDT:USDT', 'XAU/USDT:USDT', 'XAUT/USDT:USDT']
2026-07-31 12:04:12,369 [INFO] [SCAN] 스캔 시작: 30개 페어 (캐시 34개 보유)
2026-07-31 12:04:25,463 [INFO] [SCAN] 완료: 30개 종목 · 신호 0개 · API 호출 30회 · 캐시 히트 0회
2026-07-31 12:04:41,855 [INFO] [SCAN] 블랙리스트 4개 제외: ['IP/USDT:USDT', 'NES/USDT:USDT', 'WLD/USDT:USDT', 'XAG/USDT:USDT', 'XAU/USDT:USDT', 'XAUT/USDT:USDT']
2026-07-31 12:04:41,855 [INFO] [SCAN] 스캔 시작: 30개 페어 (캐시 34개 보유)
2026-07-31 12:04:55,048 [INFO] [SCAN] 완료: 30개 종목 · 신호 0개 · API 호출 30회 · 캐시 히트 0회
2026-07-31 12:05:00,925 [INFO] [상태] 잔고:$9.75 | 포지션:1개 | 스캔:1378회 | 스캐너:ON
2026-07-31 12:05:10,435 [INFO] [SCAN] 블랙리스트 4개 제외: ['IP/USDT:USDT', 'NES/USDT:USDT', 'WLD/USDT:USDT', 'XAG/USDT:USDT', 'XAU/USDT:USDT', 'XAUT/USDT:USDT']
2026-07-31 12:05:10,435 [INFO] [SCAN] 스캔 시작: 30개 페어 (캐시 34개 보유)
2026-07-31 12:05:23,502 [INFO] [SCAN] 완료: 30개 종목 · 신호 0개 · API 호출 30회 · 캐시 히트 0회
2026-07-31 12:05:38,781 [INFO] [SCAN] 블랙리스트 4개 제외: ['IP/USDT:USDT', 'NES/USDT:USDT', 'WLD/USDT:USDT', 'XAG/USDT:USDT', 'XAU/USDT:USDT', 'XAUT/USDT:USDT']
2026-07-31 12:05:38,781 [INFO] [SCAN] 스캔 시작: 30개 페어 (캐시 34개 보유)
2026-07-31 12:05:52,867 [INFO] [SCAN] 완료: 30개 종목 · 신호 0개 · API 호출 30회 · 캐시 히트 0회
2026-07-31 12:06:01,536 [INFO] [상태] 잔고:$9.75 | 포지션:1개 | 스캔:1380회 | 스캐너:ON
2026-07-31 12:06:09,368 [INFO] [SCAN] 블랙리스트 4개 제외: ['IP/USDT:USDT', 'NES/USDT:USDT', 'WLD/USDT:USDT', 'XAG/USDT:USDT', 'XAU/USDT:USDT', 'XAUT/USDT:USDT']
2026-07-31 12:06:09,368 [INFO] [SCAN] 스캔 시작: 30개 페어 (캐시 34개 보유)
2026-07-31 12:06:22,973 [INFO] [SCAN] 완료: 30개 종목 · 신호 0개 · API 호출 30회 · 캐시 히트 0회
2026-07-31 12:06:38,283 [INFO] [SCAN] 블랙리스트 4개 제외: ['IP/USDT:USDT', 'NES/USDT:USDT', 'WLD/USDT:USDT', 'XAG/USDT:USDT', 'XAU/USDT:USDT', 'XAUT/USDT:USDT']
2026-07-31 12:06:38,283 [INFO] [SCAN] 스캔 시작: 30개 페어 (캐시 34개 보유)
2026-07-31 12:06:51,776 [INFO] [SCAN] 완료: 30개 종목 · 신호 0개 · API 호출 30회 · 캐시 히트 0회
2026-07-31 12:07:02,076 [INFO] [상태] 잔고:$9.75 | 포지션:1개 | 스캔:1382회 | 스캐너:ON
2026-07-31 12:07:07,131 [INFO] [SCAN] 블랙리스트 4개 제외: ['IP/USDT:USDT', 'NES/USDT:USDT', 'WLD/USDT:USDT', 'XAG/USDT:USDT', 'XAU/USDT:USDT', 'XAUT/USDT:USDT']
2026-07-31 12:07:07,132 [INFO] [SCAN] 스캔 시작: 30개 페어 (캐시 34개 보유)
2026-07-31 12:07:20,630 [INFO] [SCAN] 완료: 30개 종목 · 신호 0개 · API 호출 30회 · 캐시 히트 0회
2026-07-31 12:07:37,022 [INFO] [SCAN] 블랙리스트 4개 제외: ['IP/USDT:USDT', 'NES/USDT:USDT', 'WLD/USDT:USDT', 'XAG/USDT:USDT', 'XAU/USDT:USDT', 'XAUT/USDT:USDT']
2026-07-31 12:07:37,022 [INFO] [SCAN] 스캔 시작: 30개 페어 (캐시 34개 보유)
2026-07-31 12:07:50,619 [INFO] [SCAN] 완료: 30개 종목 · 신호 0개 · API 호출 30회 · 캐시 히트 0회
2026-07-31 12:08:02,719 [INFO] [상태] 잔고:$9.75 | 포지션:1개 | 스캔:1384회 | 스캐너:ON
2026-07-31 12:08:06,006 [INFO] [SCAN] 블랙리스트 4개 제외: ['IP/USDT:USDT', 'NES/USDT:USDT', 'WLD/USDT:USDT', 'XAG/USDT:USDT', 'XAU/USDT:USDT', 'XAUT/USDT:USDT']
2026-07-31 12:08:06,006 [INFO] [SCAN] 스캔 시작: 30개 페어 (캐시 34개 보유)
2026-07-31 12:08:19,449 [INFO] [SCAN] 완료: 30개 종목 · 신호 0개 · API 호출 30회 · 캐시 히트 0회
2026-07-31 12:08:34,738 [INFO] [SCAN] 블랙리스트 4개 제외: ['IP/USDT:USDT', 'NES/USDT:USDT', 'WLD/USDT:USDT', 'XAG/USDT:USDT', 'XAU/USDT:USDT', 'XAUT/USDT:USDT']
2026-07-31 12:08:34,738 [INFO] [SCAN] 스캔 시작: 30개 페어 (캐시 34개 보유)
2026-07-31 12:08:47,866 [INFO] [SCAN] 완료: 30개 종목 · 신호 0개 · API 호출 30회 · 캐시 히트 0회
2026-07-31 12:09:03,340 [INFO] [상태] 잔고:$9.75 | 포지션:1개 | 스캔:1386회 | 스캐너:ON
2026-07-31 12:09:04,211 [INFO] [SCAN] 블랙리스트 4개 제외: ['IP/USDT:USDT', 'NES/USDT:USDT', 'WLD/USDT:USDT', 'XAG/USDT:USDT', 'XAU/USDT:USDT', 'XAUT/USDT:USDT']
2026-07-31 12:09:04,211 [INFO] [SCAN] 스캔 시작: 30개 페어 (캐시 34개 보유)
2026-07-31 12:09:17,406 [INFO] [SCAN] 완료: 30개 종목 · 신호 0개 · API 호출 30회 · 캐시 히트 0회
2026-07-31 12:09:32,688 [INFO] [SCAN] 블랙리스트 4개 제외: ['IP/USDT:USDT', 'NES/USDT:USDT', 'WLD/USDT:USDT', 'XAG/USDT:USDT', 'XAU/USDT:USDT', 'XAUT/USDT:USDT']
2026-07-31 12:09:32,689 [INFO] [SCAN] 스캔 시작: 30개 페어 (캐시 34개 보유)
2026-07-31 12:09:45,991 [INFO] [SCAN] 완료: 30개 종목 · 신호 0개 · API 호출 30회 · 캐시 히트 0회
2026-07-31 12:10:01,285 [INFO] [SCAN] 블랙리스트 4개 제외: ['IP/USDT:USDT', 'NES/USDT:USDT', 'WLD/USDT:USDT', 'XAG/USDT:USDT', 'XAU/USDT:USDT', 'XAUT/USDT:USDT']
2026-07-31 12:10:01,285 [INFO] [SCAN] 스캔 시작: 30개 페어 (캐시 34개 보유)
2026-07-31 12:10:03,946 [INFO] [상태] 잔고:$9.75 | 포지션:1개 | 스캔:1388회 | 스캐너:ON
2026-07-31 12:10:15,112 [INFO] [SCAN] 완료: 30개 종목 · 신호 0개 · API 호출 30회 · 캐시 히트 0회
2026-07-31 12:10:31,574 [INFO] [SCAN] 블랙리스트 4개 제외: ['IP/USDT:USDT', 'NES/USDT:USDT', 'WLD/USDT:USDT', 'XAG/USDT:USDT', 'XAU/USDT:USDT', 'XAUT/USDT:USDT']
2026-07-31 12:10:31,574 [INFO] [SCAN] 스캔 시작: 30개 페어 (캐시 34개 보유)
2026-07-31 12:10:45,040 [INFO] [SCAN] 완료: 30개 종목 · 신호 0개 · API 호출 30회 · 캐시 히트 0회
2026-07-31 12:11:00,293 [INFO] [SCAN] 블랙리스트 4개 제외: ['IP/USDT:USDT', 'NES/USDT:USDT', 'WLD/USDT:USDT', 'XAG/USDT:USDT', 'XAU/USDT:USDT', 'XAUT/USDT:USDT']
2026-07-31 12:11:00,293 [INFO] [SCAN] 스캔 시작: 30개 페어 (캐시 34개 보유)
2026-07-31 12:11:04,380 [INFO] [상태] 잔고:$9.75 | 포지션:1개 | 스캔:1390회 | 스캐너:ON
2026-07-31 12:11:13,726 [INFO] [SCAN] 완료: 30개 종목 · 신호 0개 · API 호출 30회 · 캐시 히트 0회
2026-07-31 12:11:29,293 [INFO] [SCAN] 블랙리스트 4개 제외: ['IP/USDT:USDT', 'NES/USDT:USDT', 'WLD/USDT:USDT', 'XAG/USDT:USDT', 'XAU/USDT:USDT', 'XAUT/USDT:USDT']
2026-07-31 12:11:29,293 [INFO] [SCAN] 스캔 시작: 30개 페어 (캐시 34개 보유)
2026-07-31 12:11:42,940 [INFO] [SCAN] 완료: 30개 종목 · 신호 0개 · API 호출 30회 · 캐시 히트 0회
2026-07-31 12:11:59,222 [INFO] [SCAN] 블랙리스트 4개 제외: ['IP/USDT:USDT', 'NES/USDT:USDT', 'WLD/USDT:USDT', 'XAG/USDT:USDT', 'XAU/USDT:USDT', 'XAUT/USDT:USDT']
2026-07-31 12:11:59,222 [INFO] [SCAN] 스캔 시작: 30개 페어 (캐시 34개 보유)
2026-07-31 12:12:04,922 [INFO] [상태] 잔고:$9.74 | 포지션:1개 | 스캔:1392회 | 스캐너:ON
2026-07-31 12:12:12,885 [INFO] [SCAN] 완료: 30개 종목 · 신호 0개 · API 호출 30회 · 캐시 히트 0회
2026-07-31 12:12:28,156 [INFO] [SCAN] 블랙리스트 4개 제외: ['IP/USDT:USDT', 'NES/USDT:USDT', 'WLD/USDT:USDT', 'XAG/USDT:USDT', 'XAU/USDT:USDT', 'XAUT/USDT:USDT']
2026-07-31 12:12:28,156 [INFO] [SCAN] 스캔 시작: 30개 페어 (캐시 34개 보유)
2026-07-31 12:12:41,634 [INFO] [SCAN] 완료: 30개 종목 · 신호 0개 · API 호출 30회 · 캐시 히트 0회
2026-07-31 12:12:56,905 [INFO] [SCAN] 블랙리스트 4개 제외: ['IP/USDT:USDT', 'NES/USDT:USDT', 'WLD/USDT:USDT', 'XAG/USDT:USDT', 'XAU/USDT:USDT', 'XAUT/USDT:USDT']
2026-07-31 12:12:56,905 [INFO] [SCAN] 스캔 시작: 30개 페어 (캐시 34개 보유)
2026-07-31 12:13:05,378 [INFO] [상태] 잔고:$9.74 | 포지션:1개 | 스캔:1394회 | 스캐너:ON
2026-07-31 12:13:10,298 [INFO] [SCAN] 완료: 30개 종목 · 신호 0개 · API 호출 30회 · 캐시 히트 0회
2026-07-31 12:13:26,580 [INFO] [SCAN] 블랙리스트 4개 제외: ['IP/USDT:USDT', 'NES/USDT:USDT', 'WLD/USDT:USDT', 'XAG/USDT:USDT', 'XAU/USDT:USDT', 'XAUT/USDT:USDT']
2026-07-31 12:13:26,580 [INFO] [SCAN] 스캔 시작: 30개 페어 (캐시 34개 보유)
2026-07-31 12:13:39,738 [INFO] [SCAN] 완료: 30개 종목 · 신호 0개 · API 호출 30회 · 캐시 히트 0회
2026-07-31 12:13:55,012 [INFO] [SCAN] 블랙리스트 4개 제외: ['IP/USDT:USDT', 'NES/USDT:USDT', 'WLD/USDT:USDT', 'XAG/USDT:USDT', 'XAU/USDT:USDT', 'XAUT/USDT:USDT']
2026-07-31 12:13:55,013 [INFO] [SCAN] 스캔 시작: 30개 페어 (캐시 34개 보유)
2026-07-31 12:14:05,857 [INFO] [상태] 잔고:$9.75 | 포지션:1개 | 스캔:1396회 | 스캐너:ON
2026-07-31 12:14:08,113 [INFO] [SCAN] 완료: 29개 종목 · 신호 0개 · API 호출 29회 · 캐시 히트 0회
2026-07-31 12:14:23,435 [INFO] [SCAN] 블랙리스트 4개 제외: ['IP/USDT:USDT', 'NES/USDT:USDT', 'WLD/USDT:USDT', 'XAG/USDT:USDT', 'XAU/USDT:USDT', 'XAUT/USDT:USDT']
2026-07-31 12:14:23,435 [INFO] [SCAN] 스캔 시작: 30개 페어 (캐시 34개 보유)
2026-07-31 12:14:36,210 [INFO] [SCAN] 완료: 29개 종목 · 신호 0개 · API 호출 29회 · 캐시 히트 0회
2026-07-31 12:14:52,481 [INFO] [SCAN] 블랙리스트 4개 제외: ['IP/USDT:USDT', 'NES/USDT:USDT', 'WLD/USDT:USDT', 'XAG/USDT:USDT', 'XAU/USDT:USDT', 'XAUT/USDT:USDT']
2026-07-31 12:14:52,481 [INFO] [SCAN] 스캔 시작: 30개 페어 (캐시 34개 보유)
2026-07-31 12:15:05,662 [INFO] [SCAN] 완료: 30개 종목 · 신호 0개 · API 호출 30회 · 캐시 히트 0회
2026-07-31 12:15:06,410 [INFO] [상태] 잔고:$9.75 | 포지션:1개 | 스캔:1399회 | 스캐너:ON
2026-07-31 12:15:21,058 [INFO] [SCAN] 블랙리스트 4개 제외: ['IP/USDT:USDT', 'NES/USDT:USDT', 'WLD/USDT:USDT', 'XAG/USDT:USDT', 'XAU/USDT:USDT', 'XAUT/USDT:USDT']
2026-07-31 12:15:21,058 [INFO] [SCAN] 스캔 시작: 30개 페어 (캐시 34개 보유)
2026-07-31 12:15:34,158 [INFO] [SCAN] 완료: 29개 종목 · 신호 0개 · API 호출 29회 · 캐시 히트 0회
2026-07-31 12:15:49,465 [INFO] [SCAN] 블랙리스트 4개 제외: ['IP/USDT:USDT', 'NES/USDT:USDT', 'WLD/USDT:USDT', 'XAG/USDT:USDT', 'XAU/USDT:USDT', 'XAUT/USDT:USDT']
2026-07-31 12:15:49,465 [INFO] [SCAN] 스캔 시작: 30개 페어 (캐시 34개 보유)
2026-07-31 12:16:02,906 [INFO] [SCAN] 완료: 30개 종목 · 신호 0개 · API 호출 30회 · 캐시 히트 0회
2026-07-31 12:16:07,036 [INFO] [상태] 잔고:$9.75 | 포지션:1개 | 스캔:1401회 | 스캐너:ON
2026-07-31 12:16:19,256 [INFO] [SCAN] 블랙리스트 4개 제외: ['IP/USDT:USDT', 'NES/USDT:USDT', 'WLD/USDT:USDT', 'XAG/USDT:USDT', 'XAU/USDT:USDT', 'XAUT/USDT:USDT']
2026-07-31 12:16:19,256 [INFO] [SCAN] 스캔 시작: 30개 페어 (캐시 34개 보유)
2026-07-31 12:16:32,714 [INFO] [SCAN] 완료: 30개 종목 · 신호 0개 · API 호출 30회 · 캐시 히트 0회
2026-07-31 12:16:47,992 [INFO] [SCAN] 블랙리스트 4개 제외: ['IP/USDT:USDT', 'NES/USDT:USDT', 'WLD/USDT:USDT', 'XAG/USDT:USDT', 'XAU/USDT:USDT', 'XAUT/USDT:USDT']
2026-07-31 12:16:47,992 [INFO] [SCAN] 스캔 시작: 30개 페어 (캐시 34개 보유)
2026-07-31 12:17:01,264 [INFO] [SCAN] 완료: 30개 종목 · 신호 0개 · API 호출 30회 · 캐시 히트 0회
2026-07-31 12:17:07,584 [INFO] [상태] 잔고:$9.75 | 포지션:1개 | 스캔:1403회 | 스캐너:ON
2026-07-31 12:17:16,659 [INFO] [SCAN] 블랙리스트 4개 제외: ['IP/USDT:USDT', 'NES/USDT:USDT', 'WLD/USDT:USDT', 'XAG/USDT:USDT', 'XAU/USDT:USDT', 'XAUT/USDT:USDT']
2026-07-31 12:17:16,660 [INFO] [SCAN] 스캔 시작: 30개 페어 (캐시 34개 보유)
2026-07-31 12:17:30,107 [INFO] [SCAN] 완료: 30개 종목 · 신호 0개 · API 호출 30회 · 캐시 히트 0회
2026-07-31 12:17:46,392 [INFO] [SCAN] 블랙리스트 4개 제외: ['IP/USDT:USDT', 'NES/USDT:USDT', 'WLD/USDT:USDT', 'XAG/USDT:USDT', 'XAU/USDT:USDT', 'XAUT/USDT:USDT']
2026-07-31 12:17:46,393 [INFO] [SCAN] 스캔 시작: 30개 페어 (캐시 34개 보유)
2026-07-31 12:17:59,862 [INFO] [SCAN] 완료: 30개 종목 · 신호 0개 · API 호출 30회 · 캐시 히트 0회
2026-07-31 12:18:08,034 [INFO] [상태] 잔고:$9.76 | 포지션:1개 | 스캔:1405회 | 스캐너:ON
2026-07-31 12:18:15,229 [INFO] [SCAN] 블랙리스트 4개 제외: ['IP/USDT:USDT', 'NES/USDT:USDT', 'WLD/USDT:USDT', 'XAG/USDT:USDT', 'XAU/USDT:USDT', 'XAUT/USDT:USDT']
2026-07-31 12:18:15,229 [INFO] [SCAN] 스캔 시작: 30개 페어 (캐시 34개 보유)
2026-07-31 12:18:28,740 [INFO] [SCAN] 완료: 30개 종목 · 신호 0개 · API 호출 30회 · 캐시 히트 0회
2026-07-31 12:18:44,039 [INFO] [SCAN] 블랙리스트 4개 제외: ['IP/USDT:USDT', 'NES/USDT:USDT', 'WLD/USDT:USDT', 'XAG/USDT:USDT', 'XAU/USDT:USDT', 'XAUT/USDT:USDT']
2026-07-31 12:18:44,039 [INFO] [SCAN] 스캔 시작: 30개 페어 (캐시 34개 보유)
2026-07-31 12:18:57,678 [INFO] [SCAN] 완료: 30개 종목 · 신호 0개 · API 호출 30회 · 캐시 히트 0회
2026-07-31 12:19:08,576 [INFO] [상태] 잔고:$9.76 | 포지션:1개 | 스캔:1407회 | 스캐너:ON
2026-07-31 12:19:14,068 [INFO] [SCAN] 블랙리스트 4개 제외: ['IP/USDT:USDT', 'NES/USDT:USDT', 'WLD/USDT:USDT', 'XAG/USDT:USDT', 'XAU/USDT:USDT', 'XAUT/USDT:USDT']
2026-07-31 12:19:14,069 [INFO] [SCAN] 스캔 시작: 30개 페어 (캐시 34개 보유)
2026-07-31 12:19:27,549 [INFO] [SCAN] 완료: 30개 종목 · 신호 0개 · API 호출 30회 · 캐시 히트 0회
2026-07-31 12:19:42,803 [INFO] [SCAN] 블랙리스트 4개 제외: ['IP/USDT:USDT', 'NES/USDT:USDT', 'WLD/USDT:USDT', 'XAG/USDT:USDT', 'XAU/USDT:USDT', 'XAUT/USDT:USDT']
2026-07-31 12:19:42,804 [INFO] [SCAN] 스캔 시작: 30개 페어 (캐시 34개 보유)
2026-07-31 12:19:55,979 [INFO] [SCAN] 완료: 30개 종목 · 신호 0개 · API 호출 30회 · 캐시 히트 0회
2026-07-31 12:20:09,045 [INFO] [상태] 잔고:$9.77 | 포지션:1개 | 스캔:1409회 | 스캐너:ON
2026-07-31 12:20:11,349 [INFO] [SCAN] 블랙리스트 4개 제외: ['IP/USDT:USDT', 'NES/USDT:USDT', 'WLD/USDT:USDT', 'XAG/USDT:USDT', 'XAU/USDT:USDT', 'XAUT/USDT:USDT']
2026-07-31 12:20:11,350 [INFO] [SCAN] 스캔 시작: 30개 페어 (캐시 34개 보유)
2026-07-31 12:20:24,851 [INFO] [SCAN] 완료: 30개 종목 · 신호 0개 · API 호출 30회 · 캐시 히트 0회
2026-07-31 12:20:41,246 [INFO] [SCAN] 블랙리스트 4개 제외: ['IP/USDT:USDT', 'NES/USDT:USDT', 'WLD/USDT:USDT', 'XAG/USDT:USDT', 'XAU/USDT:USDT', 'XAUT/USDT:USDT']
2026-07-31 12:20:41,246 [INFO] [SCAN] 스캔 시작: 30개 페어 (캐시 34개 보유)
2026-07-31 12:20:54,524 [INFO] [SCAN] 완료: 30개 종목 · 신호 0개 · API 호출 30회 · 캐시 히트 0회
2026-07-31 12:21:09,601 [INFO] [상태] 잔고:$9.77 | 포지션:1개 | 스캔:1411회 | 스캐너:ON
2026-07-31 12:21:09,908 [INFO] [SCAN] 블랙리스트 4개 제외: ['IP/USDT:USDT', 'NES/USDT:USDT', 'WLD/USDT:USDT', 'XAG/USDT:USDT', 'XAU/USDT:USDT', 'XAUT/USDT:USDT']
2026-07-31 12:21:09,909 [INFO] [SCAN] 스캔 시작: 30개 페어 (캐시 34개 보유)
2026-07-31 12:21:23,162 [INFO] [SCAN] 완료: 30개 종목 · 신호 0개 · API 호출 30회 · 캐시 히트 0회
2026-07-31 12:21:38,434 [INFO] [SCAN] 블랙리스트 4개 제외: ['IP/USDT:USDT', 'NES/USDT:USDT', 'WLD/USDT:USDT', 'XAG/USDT:USDT', 'XAU/USDT:USDT', 'XAUT/USDT:USDT']
2026-07-31 12:21:38,434 [INFO] [SCAN] 스캔 시작: 30개 페어 (캐시 34개 보유)
2026-07-31 12:21:51,634 [INFO] [SCAN] 완료: 30개 종목 · 신호 0개 · API 호출 30회 · 캐시 히트 0회
2026-07-31 12:22:07,927 [INFO] [SCAN] 블랙리스트 4개 제외: ['IP/USDT:USDT', 'NES/USDT:USDT', 'WLD/USDT:USDT', 'XAG/USDT:USDT', 'XAU/USDT:USDT', 'XAUT/USDT:USDT']
2026-07-31 12:22:07,927 [INFO] [SCAN] 스캔 시작: 30개 페어 (캐시 34개 보유)
2026-07-31 12:22:10,180 [INFO] [상태] 잔고:$9.77 | 포지션:1개 | 스캔:1413회 | 스캐너:ON
2026-07-31 12:22:21,532 [INFO] [SCAN] 완료: 30개 종목 · 신호 0개 · API 호출 30회 · 캐시 히트 0회
2026-07-31 12:22:36,798 [INFO] [SCAN] 블랙리스트 4개 제외: ['IP/USDT:USDT', 'NES/USDT:USDT', 'WLD/USDT:USDT', 'XAG/USDT:USDT', 'XAU/USDT:USDT', 'XAUT/USDT:USDT']
2026-07-31 12:22:36,798 [INFO] [SCAN] 스캔 시작: 30개 페어 (캐시 34개 보유)
2026-07-31 12:22:50,204 [INFO] [SCAN] 완료: 30개 종목 · 신호 0개 · API 호출 30회 · 캐시 히트 0회
2026-07-31 12:23:05,515 [INFO] [SCAN] 블랙리스트 4개 제외: ['IP/USDT:USDT', 'NES/USDT:USDT', 'WLD/USDT:USDT', 'XAG/USDT:USDT', 'XAU/USDT:USDT', 'XAUT/USDT:USDT']
2026-07-31 12:23:05,515 [INFO] [SCAN] 스캔 시작: 30개 페어 (캐시 34개 보유)
2026-07-31 12:23:10,736 [INFO] [상태] 잔고:$9.77 | 포지션:1개 | 스캔:1415회 | 스캐너:ON
2026-07-31 12:23:19,195 [INFO] [SCAN] 완료: 30개 종목 · 신호 0개 · API 호출 30회 · 캐시 히트 0회
2026-07-31 12:23:35,670 [INFO] [SCAN] 블랙리스트 4개 제외: ['IP/USDT:USDT', 'NES/USDT:USDT', 'WLD/USDT:USDT', 'XAG/USDT:USDT', 'XAU/USDT:USDT', 'XAUT/USDT:USDT']
2026-07-31 12:23:35,670 [INFO] [SCAN] 스캔 시작: 30개 페어 (캐시 34개 보유)
2026-07-31 12:23:49,092 [INFO] [SCAN] 완료: 30개 종목 · 신호 0개 · API 호출 30회 · 캐시 히트 0회
2026-07-31 12:24:04,531 [INFO] [SCAN] 블랙리스트 4개 제외: ['IP/USDT:USDT', 'NES/USDT:USDT', 'WLD/USDT:USDT', 'XAG/USDT:USDT', 'XAU/USDT:USDT', 'XAUT/USDT:USDT']
2026-07-31 12:24:04,531 [INFO] [SCAN] 스캔 시작: 30개 페어 (캐시 34개 보유)
2026-07-31 12:24:11,204 [INFO] [상태] 잔고:$9.78 | 포지션:1개 | 스캔:1417회 | 스캐너:ON
2026-07-31 12:24:18,264 [INFO] [SCAN] 완료: 30개 종목 · 신호 0개 · API 호출 30회 · 캐시 히트 0회
2026-07-31 12:24:33,554 [INFO] [SCAN] 블랙리스트 4개 제외: ['IP/USDT:USDT', 'NES/USDT:USDT', 'WLD/USDT:USDT', 'XAG/USDT:USDT', 'XAU/USDT:USDT', 'XAUT/USDT:USDT']
2026-07-31 12:24:33,555 [INFO] [SCAN] 스캔 시작: 30개 페어 (캐시 34개 보유)
2026-07-31 12:24:46,495 [INFO] [SCAN] 완료: 29개 종목 · 신호 0개 · API 호출 29회 · 캐시 히트 0회
2026-07-31 12:25:02,795 [INFO] [SCAN] 블랙리스트 4개 제외: ['IP/USDT:USDT', 'NES/USDT:USDT', 'WLD/USDT:USDT', 'XAG/USDT:USDT', 'XAU/USDT:USDT', 'XAUT/USDT:USDT']
2026-07-31 12:25:02,796 [INFO] [SCAN] 스캔 시작: 30개 페어 (캐시 34개 보유)
2026-07-31 12:25:11,708 [INFO] [상태] 잔고:$9.78 | 포지션:1개 | 스캔:1419회 | 스캐너:ON
2026-07-31 12:25:15,819 [INFO] [SCAN] 완료: 29개 종목 · 신호 0개 · API 호출 29회 · 캐시 히트 0회
2026-07-31 12:25:31,083 [INFO] [SCAN] 블랙리스트 4개 제외: ['IP/USDT:USDT', 'NES/USDT:USDT', 'WLD/USDT:USDT', 'XAG/USDT:USDT', 'XAU/USDT:USDT', 'XAUT/USDT:USDT']
2026-07-31 12:25:31,085 [INFO] [SCAN] 스캔 시작: 30개 페어 (캐시 34개 보유)
2026-07-31 12:25:44,420 [INFO] [SCAN] 완료: 30개 종목 · 신호 0개 · API 호출 30회 · 캐시 히트 0회
2026-07-31 12:25:59,671 [INFO] [SCAN] 블랙리스트 4개 제외: ['IP/USDT:USDT', 'NES/USDT:USDT', 'WLD/USDT:USDT', 'XAG/USDT:USDT', 'XAU/USDT:USDT', 'XAUT/USDT:USDT']
2026-07-31 12:25:59,671 [INFO] [SCAN] 스캔 시작: 30개 페어 (캐시 34개 보유)
2026-07-31 12:26:12,293 [INFO] [상태] 잔고:$9.79 | 포지션:1개 | 스캔:1421회 | 스캐너:ON
2026-07-31 12:26:13,535 [INFO] [SCAN] 완료: 30개 종목 · 신호 0개 · API 호출 30회 · 캐시 히트 0회
2026-07-31 12:26:29,980 [INFO] [SCAN] 블랙리스트 4개 제외: ['IP/USDT:USDT', 'NES/USDT:USDT', 'WLD/USDT:USDT', 'XAG/USDT:USDT', 'XAU/USDT:USDT', 'XAUT/USDT:USDT']
2026-07-31 12:26:29,980 [INFO] [SCAN] 스캔 시작: 30개 페어 (캐시 34개 보유)
2026-07-31 12:26:43,382 [INFO] [SCAN] 완료: 30개 종목 · 신호 0개 · API 호출 30회 · 캐시 히트 0회
2026-07-31 12:26:58,725 [INFO] [SCAN] 블랙리스트 4개 제외: ['IP/USDT:USDT', 'NES/USDT:USDT', 'WLD/USDT:USDT', 'XAG/USDT:USDT', 'XAU/USDT:USDT', 'XAUT/USDT:USDT']
2026-07-31 12:26:58,725 [INFO] [SCAN] 스캔 시작: 30개 페어 (캐시 34개 보유)
2026-07-31 12:27:12,144 [INFO] [SCAN] 완료: 30개 종목 · 신호 0개 · API 호출 30회 · 캐시 히트 0회
2026-07-31 12:27:12,879 [INFO] [상태] 잔고:$9.78 | 포지션:1개 | 스캔:1424회 | 스캐너:ON
2026-07-31 12:27:27,537 [INFO] [SCAN] 블랙리스트 4개 제외: ['IP/USDT:USDT', 'NES/USDT:USDT', 'WLD/USDT:USDT', 'XAG/USDT:USDT', 'XAU/USDT:USDT', 'XAUT/USDT:USDT']
2026-07-31 12:27:27,538 [INFO] [SCAN] 스캔 시작: 30개 페어 (캐시 34개 보유)
2026-07-31 12:27:40,968 [INFO] [SCAN] 완료: 30개 종목 · 신호 0개 · API 호출 30회 · 캐시 히트 0회
2026-07-31 12:27:57,287 [INFO] [SCAN] 블랙리스트 4개 제외: ['IP/USDT:USDT', 'NES/USDT:USDT', 'WLD/USDT:USDT', 'XAG/USDT:USDT', 'XAU/USDT:USDT', 'XAUT/USDT:USDT']
2026-07-31 12:27:57,288 [INFO] [SCAN] 스캔 시작: 30개 페어 (캐시 34개 보유)
2026-07-31 12:28:10,674 [INFO] [SCAN] 완료: 30개 종목 · 신호 0개 · API 호출 30회 · 캐시 히트 0회
2026-07-31 12:28:13,437 [INFO] [상태] 잔고:$9.78 | 포지션:1개 | 스캔:1426회 | 스캐너:ON
2026-07-31 12:28:26,050 [INFO] [SCAN] 블랙리스트 4개 제외: ['IP/USDT:USDT', 'NES/USDT:USDT', 'WLD/USDT:USDT', 'XAG/USDT:USDT', 'XAU/USDT:USDT', 'XAUT/USDT:USDT']
2026-07-31 12:28:26,050 [INFO] [SCAN] 스캔 시작: 30개 페어 (캐시 34개 보유)
2026-07-31 12:28:39,289 [INFO] [SCAN] 완료: 30개 종목 · 신호 0개 · API 호출 30회 · 캐시 히트 0회
2026-07-31 12:28:54,565 [INFO] [SCAN] 블랙리스트 4개 제외: ['IP/USDT:USDT', 'NES/USDT:USDT', 'WLD/USDT:USDT', 'XAG/USDT:USDT', 'XAU/USDT:USDT', 'XAUT/USDT:USDT']
2026-07-31 12:28:54,565 [INFO] [SCAN] 스캔 시작: 30개 페어 (캐시 34개 보유)
2026-07-31 12:29:08,073 [INFO] [SCAN] 완료: 30개 종목 · 신호 0개 · API 호출 30회 · 캐시 히트 0회
2026-07-31 12:29:14,030 [INFO] [상태] 잔고:$9.78 | 포지션:1개 | 스캔:1428회 | 스캐너:ON
2026-07-31 12:29:24,424 [INFO] [SCAN] 블랙리스트 4개 제외: ['IP/USDT:USDT', 'NES/USDT:USDT', 'WLD/USDT:USDT', 'XAG/USDT:USDT', 'XAU/USDT:USDT', 'XAUT/USDT:USDT']
2026-07-31 12:29:24,425 [INFO] [SCAN] 스캔 시작: 30개 페어 (캐시 34개 보유)
2026-07-31 12:29:37,931 [INFO] [SCAN] 완료: 30개 종목 · 신호 0개 · API 호출 30회 · 캐시 히트 0회
2026-07-31 12:29:53,341 [INFO] [SCAN] 블랙리스트 4개 제외: ['IP/USDT:USDT', 'NES/USDT:USDT', 'WLD/USDT:USDT', 'XAG/USDT:USDT', 'XAU/USDT:USDT', 'XAUT/USDT:USDT']
2026-07-31 12:29:53,342 [INFO] [SCAN] 스캔 시작: 30개 페어 (캐시 34개 보유)
2026-07-31 12:30:06,738 [INFO] [SCAN] 완료: 30개 종목 · 신호 0개 · API 호출 30회 · 캐시 히트 0회
2026-07-31 12:30:14,478 [INFO] [상태] 잔고:$9.78 | 포지션:1개 | 스캔:1430회 | 스캐너:ON
2026-07-31 12:30:22,122 [INFO] [SCAN] 블랙리스트 4개 제외: ['IP/USDT:USDT', 'NES/USDT:USDT', 'WLD/USDT:USDT', 'XAG/USDT:USDT', 'XAU/USDT:USDT', 'XAUT/USDT:USDT']
2026-07-31 12:30:22,123 [INFO] [SCAN] 스캔 시작: 30개 페어 (캐시 34개 보유)
2026-07-31 12:30:28,601 [INFO] [SIG] SUI/USDT:USDT LONG 신호 포착 (강도 100%)
2026-07-31 12:30:28,602 [INFO] [SIGNAL] SUI/USDT:USDT LONG 신호 수신 (strength=100)
2026-07-31 12:30:29,011 [INFO] [RISK OK] SUI/USDT:USDT 리스크 체크 통과
2026-07-31 12:30:29,299 [INFO] [ENTRY OK] SUI/USDT:USDT 포지션 체크 통과 (현재 1/3)
2026-07-31 12:30:29,299 [INFO] [MARGIN] AUTO_COMPOUND 활성화 감지
2026-07-31 12:30:29,299 [INFO] [COMPOUND OK] 자동 복리 마진: 총 잔고 $9.78, 비율 22.00% → 1회 진입 증거금 $2.15
2026-07-31 12:30:29,299 [INFO] [MARGIN DECISION] symbol=SUI/USDT:USDT source=compound_cached margin=2.15 auto_compound=True compound_pct=22.00 fixed_margin=2.00
2026-07-31 12:30:29,688 [INFO] [M4 SIZING] SUI/USDT:USDT 잔고=$9.78, 리스크=1.00%, SL거리=0.50% → 증거금=$2.94 (Notional: $17.64)
2026-07-31 12:30:29,689 [INFO] [DualBB SL/TP] SUI/USDT:USDT 시그널 내장 가격 기반: SL=0.6853(0.494%) TP=0.6955(0.987%)
2026-07-31 12:30:29,689 [INFO] [FINAL ENTRY] SUI/USDT:USDT BUY 주문 실행 예정: margin=$2.94 SL=0.49% TP=0.99%
2026-07-31 12:30:29,689 [INFO] [ORDER PLACE] SUI/USDT:USDT place_order 호출 중...
2026-07-31 12:30:29,982 [INFO] 레버리지 설정 완료: SUI/USDT:USDT 6x (long)
2026-07-31 12:30:30,398 [INFO] [ORDER] SUI/USDT:USDT long 진입 + TP(0.6957) / SL(0.6855) 원자 등록 완료
2026-07-31 12:30:31,479 [INFO] [ORDER RESULT] SUI/USDT:USDT 주문 결과: {'order_id': '3790517694369865728', 'symbol': 'SUI/USDT:USDT', 'side': 'long', 'entry_price': 0.6889, 'amount': 25.0, 'sl_price': 0.6855, 'tp_price': 0.6957, 'usdt_margin': 2.94}
2026-07-31 12:30:31,479 [INFO] [ATR TRAIL] SUI/USDT:USDT ATR기반 저장: atr_pct=0.43% → activation=1.00% callback=0.80%
2026-07-31 12:30:31,481 [INFO] [PERSIST] 활성 포지션 상태 저장 완료
2026-07-31 12:30:31,482 [INFO] [PERSIST] 엔진 상태(트레일링 픽, 이전 포지션 심볼, recently_entered) 저장 완료
2026-07-31 12:30:31,484 [INFO] [ORDER] SUI/USDT:USDT LONG 실행 완료
2026-07-31 12:30:38,463 [INFO] [SCAN] 완료: 30개 종목 · 신호 1개 · API 호출 30회 · 캐시 히트 0회
2026-07-31 12:30:55,883 [INFO] [SCAN] 블랙리스트 4개 제외: ['IP/USDT:USDT', 'NES/USDT:USDT', 'WLD/USDT:USDT', 'XAG/USDT:USDT', 'XAU/USDT:USDT', 'XAUT/USDT:USDT']
2026-07-31 12:30:55,884 [INFO] [SCAN] 스캔 시작: 30개 페어 (캐시 34개 보유)
2026-07-31 12:31:02,365 [INFO] [SIG] SUI/USDT:USDT LONG 신호 포착 (강도 100%)
2026-07-31 12:31:02,366 [INFO] [SIGNAL] SUI/USDT:USDT LONG 신호 수신 (strength=100)
2026-07-31 12:31:02,777 [INFO] [RISK OK] SUI/USDT:USDT 리스크 체크 통과
2026-07-31 12:31:03,069 [INFO] [SYNC] SUI/USDT:USDT 포지션 거래소 반영 확인 → recently_entered 락 해제
2026-07-31 12:31:03,072 [INFO] [PERSIST] 엔진 상태(트레일링 픽, 이전 포지션 심볼, recently_entered) 저장 완료
2026-07-31 12:31:03,072 [INFO] [ENTRY BLOCK] SUI/USDT:USDT — 이미 포지션 보유 또는 진입 주문 전송 중
2026-07-31 12:31:10,288 [INFO] [SCAN] 완료: 30개 종목 · 신호 1개 · API 호출 30회 · 캐시 히트 0회
2026-07-31 12:31:14,986 [INFO] [상태] 잔고:$9.78 | 포지션:2개 | 스캔:1432회 | 스캐너:ON
2026-07-31 12:31:25,704 [INFO] [SCAN] 블랙리스트 4개 제외: ['IP/USDT:USDT', 'NES/USDT:USDT', 'WLD/USDT:USDT', 'XAG/USDT:USDT', 'XAU/USDT:USDT', 'XAUT/USDT:USDT']
2026-07-31 12:31:25,704 [INFO] [SCAN] 스캔 시작: 30개 페어 (캐시 34개 보유)
2026-07-31 12:31:32,137 [INFO] [SIG] SUI/USDT:USDT LONG 신호 포착 (강도 100%)
2026-07-31 12:31:32,137 [INFO] [SIGNAL] SUI/USDT:USDT LONG 신호 수신 (strength=100)
2026-07-31 12:31:32,755 [INFO] [RISK OK] SUI/USDT:USDT 리스크 체크 통과
2026-07-31 12:31:33,056 [INFO] [ENTRY BLOCK] SUI/USDT:USDT — 이미 포지션 보유 또는 진입 주문 전송 중
2026-07-31 12:31:40,098 [INFO] [SCAN] 완료: 30개 종목 · 신호 1개 · API 호출 30회 · 캐시 히트 0회
2026-07-31 12:31:57,495 [INFO] [SCAN] 블랙리스트 4개 제외: ['IP/USDT:USDT', 'NES/USDT:USDT', 'WLD/USDT:USDT', 'XAG/USDT:USDT', 'XAU/USDT:USDT', 'XAUT/USDT:USDT']
2026-07-31 12:31:57,496 [INFO] [SCAN] 스캔 시작: 30개 페어 (캐시 34개 보유)
2026-07-31 12:32:05,461 [INFO] [SIG] SUI/USDT:USDT LONG 신호 포착 (강도 100%)
2026-07-31 12:32:05,462 [INFO] [SIGNAL] SUI/USDT:USDT LONG 신호 수신 (strength=100)
2026-07-31 12:32:06,024 [INFO] [RISK OK] SUI/USDT:USDT 리스크 체크 통과
2026-07-31 12:32:06,447 [INFO] [ENTRY BLOCK] SUI/USDT:USDT — 이미 포지션 보유 또는 진입 주문 전송 중
2026-07-31 12:32:13,792 [INFO] [SCAN] 완료: 30개 종목 · 신호 1개 · API 호출 30회 · 캐시 히트 0회
2026-07-31 12:32:15,537 [INFO] [상태] 잔고:$9.78 | 포지션:2개 | 스캔:1434회 | 스캐너:ON
2026-07-31 12:32:29,175 [INFO] [SCAN] 블랙리스트 4개 제외: ['IP/USDT:USDT', 'NES/USDT:USDT', 'WLD/USDT:USDT', 'XAG/USDT:USDT', 'XAU/USDT:USDT', 'XAUT/USDT:USDT']
2026-07-31 12:32:29,175 [INFO] [SCAN] 스캔 시작: 30개 페어 (캐시 34개 보유)
2026-07-31 12:32:35,651 [INFO] [SIG] SUI/USDT:USDT LONG 신호 포착 (강도 100%)
2026-07-31 12:32:35,651 [INFO] [SIGNAL] SUI/USDT:USDT LONG 신호 수신 (strength=100)
2026-07-31 12:32:36,079 [INFO] [RISK OK] SUI/USDT:USDT 리스크 체크 통과
2026-07-31 12:32:36,417 [INFO] [ENTRY BLOCK] SUI/USDT:USDT — 이미 포지션 보유 또는 진입 주문 전송 중
2026-07-31 12:32:43,598 [INFO] [SCAN] 완료: 30개 종목 · 신호 1개 · API 호출 30회 · 캐시 히트 0회
2026-07-31 12:33:00,856 [INFO] [SCAN] 블랙리스트 4개 제외: ['IP/USDT:USDT', 'NES/USDT:USDT', 'WLD/USDT:USDT', 'XAG/USDT:USDT', 'XAU/USDT:USDT', 'XAUT/USDT:USDT']
2026-07-31 12:33:00,857 [INFO] [SCAN] 스캔 시작: 30개 페어 (캐시 34개 보유)
2026-07-31 12:33:07,513 [INFO] [SIG] SUI/USDT:USDT LONG 신호 포착 (강도 100%)
2026-07-31 12:33:07,513 [INFO] [SIGNAL] SUI/USDT:USDT LONG 신호 수신 (strength=100)
2026-07-31 12:33:08,130 [INFO] [RISK OK] SUI/USDT:USDT 리스크 체크 통과
2026-07-31 12:33:08,459 [INFO] [ENTRY BLOCK] SUI/USDT:USDT — 이미 포지션 보유 또는 진입 주문 전송 중
2026-07-31 12:33:16,039 [INFO] [상태] 잔고:$9.77 | 포지션:2개 | 스캔:1435회 | 스캐너:ON
2026-07-31 12:33:16,082 [INFO] [SCAN] 완료: 30개 종목 · 신호 1개 · API 호출 30회 · 캐시 히트 0회
2026-07-31 12:33:31,631 [INFO] [SCAN] 블랙리스트 4개 제외: ['IP/USDT:USDT', 'NES/USDT:USDT', 'WLD/USDT:USDT', 'XAG/USDT:USDT', 'XAU/USDT:USDT', 'XAUT/USDT:USDT']
2026-07-31 12:33:31,632 [INFO] [SCAN] 스캔 시작: 30개 페어 (캐시 34개 보유)
2026-07-31 12:33:38,304 [INFO] [SIG] SUI/USDT:USDT LONG 신호 포착 (강도 100%)
2026-07-31 12:33:38,305 [INFO] [SIGNAL] SUI/USDT:USDT LONG 신호 수신 (strength=100)
2026-07-31 12:33:38,923 [INFO] [RISK OK] SUI/USDT:USDT 리스크 체크 통과
2026-07-31 12:33:39,311 [INFO] [ENTRY BLOCK] SUI/USDT:USDT — 이미 포지션 보유 또는 진입 주문 전송 중
2026-07-31 12:33:46,731 [INFO] [SCAN] 완료: 30개 종목 · 신호 1개 · API 호출 30회 · 캐시 히트 0회
2026-07-31 12:34:03,935 [INFO] [SCAN] 블랙리스트 4개 제외: ['IP/USDT:USDT', 'NES/USDT:USDT', 'WLD/USDT:USDT', 'XAG/USDT:USDT', 'XAU/USDT:USDT', 'XAUT/USDT:USDT']
2026-07-31 12:34:03,936 [INFO] [SCAN] 스캔 시작: 30개 페어 (캐시 34개 보유)
2026-07-31 12:34:10,534 [INFO] [SIG] SUI/USDT:USDT LONG 신호 포착 (강도 100%)
2026-07-31 12:34:10,534 [INFO] [SIGNAL] SUI/USDT:USDT LONG 신호 수신 (strength=100)
2026-07-31 12:34:10,980 [INFO] [RISK OK] SUI/USDT:USDT 리스크 체크 통과
2026-07-31 12:34:11,312 [INFO] [ENTRY BLOCK] SUI/USDT:USDT — 이미 포지션 보유 또는 진입 주문 전송 중
2026-07-31 12:34:16,659 [INFO] [상태] 잔고:$9.76 | 포지션:2개 | 스캔:1437회 | 스캐너:ON
2026-07-31 12:34:18,861 [INFO] [SCAN] 완료: 30개 종목 · 신호 1개 · API 호출 30회 · 캐시 히트 0회
2026-07-31 12:34:34,145 [INFO] [SCAN] 블랙리스트 4개 제외: ['IP/USDT:USDT', 'NES/USDT:USDT', 'WLD/USDT:USDT', 'XAG/USDT:USDT', 'XAU/USDT:USDT', 'XAUT/USDT:USDT']
2026-07-31 12:34:34,146 [INFO] [SCAN] 스캔 시작: 30개 페어 (캐시 34개 보유)
2026-07-31 12:34:40,586 [INFO] [SIG] SUI/USDT:USDT LONG 신호 포착 (강도 100%)
2026-07-31 12:34:40,587 [INFO] [SIGNAL] SUI/USDT:USDT LONG 신호 수신 (strength=100)
2026-07-31 12:34:41,147 [INFO] [RISK OK] SUI/USDT:USDT 리스크 체크 통과
2026-07-31 12:34:41,570 [INFO] [ENTRY BLOCK] SUI/USDT:USDT — 이미 포지션 보유 또는 진입 주문 전송 중
2026-07-31 12:34:48,839 [INFO] [SCAN] 완료: 30개 종목 · 신호 1개 · API 호출 30회 · 캐시 히트 0회
2026-07-31 12:35:05,945 [INFO] [SCAN] 블랙리스트 4개 제외: ['IP/USDT:USDT', 'NES/USDT:USDT', 'WLD/USDT:USDT', 'XAG/USDT:USDT', 'XAU/USDT:USDT', 'XAUT/USDT:USDT']
2026-07-31 12:35:05,945 [INFO] [SCAN] 스캔 시작: 30개 페어 (캐시 34개 보유)
2026-07-31 12:35:12,480 [INFO] [SIG] SUI/USDT:USDT LONG 신호 포착 (강도 100%)
2026-07-31 12:35:12,480 [INFO] [SIGNAL] SUI/USDT:USDT LONG 신호 수신 (strength=100)
2026-07-31 12:35:12,978 [INFO] [RISK OK] SUI/USDT:USDT 리스크 체크 통과
2026-07-31 12:35:13,268 [INFO] [ENTRY BLOCK] SUI/USDT:USDT — 이미 포지션 보유 또는 진입 주문 전송 중
2026-07-31 12:35:17,284 [INFO] [상태] 잔고:$9.77 | 포지션:2개 | 스캔:1439회 | 스캐너:ON
2026-07-31 12:35:20,965 [INFO] [SCAN] 완료: 30개 종목 · 신호 1개 · API 호출 30회 · 캐시 히트 0회
2026-07-31 12:35:36,224 [INFO] [SCAN] 블랙리스트 4개 제외: ['IP/USDT:USDT', 'NES/USDT:USDT', 'WLD/USDT:USDT', 'XAG/USDT:USDT', 'XAU/USDT:USDT', 'XAUT/USDT:USDT']
2026-07-31 12:35:36,225 [INFO] [SCAN] 스캔 시작: 30개 페어 (캐시 34개 보유)
2026-07-31 12:35:42,487 [INFO] [SIG] SUI/USDT:USDT LONG 신호 포착 (강도 100%)
2026-07-31 12:35:42,487 [INFO] [SIGNAL] SUI/USDT:USDT LONG 신호 수신 (strength=100)
2026-07-31 12:35:42,993 [INFO] [RISK OK] SUI/USDT:USDT 리스크 체크 통과
2026-07-31 12:35:43,281 [INFO] [ENTRY BLOCK] SUI/USDT:USDT — 이미 포지션 보유 또는 진입 주문 전송 중
2026-07-31 12:35:50,265 [INFO] [SCAN] 완료: 30개 종목 · 신호 1개 · API 호출 30회 · 캐시 히트 0회
2026-07-31 12:36:07,281 [INFO] [SCAN] 블랙리스트 4개 제외: ['IP/USDT:USDT', 'NES/USDT:USDT', 'WLD/USDT:USDT', 'XAG/USDT:USDT', 'XAU/USDT:USDT', 'XAUT/USDT:USDT']
2026-07-31 12:36:07,282 [INFO] [SCAN] 스캔 시작: 30개 페어 (캐시 34개 보유)
2026-07-31 12:36:13,691 [INFO] [SIG] SUI/USDT:USDT LONG 신호 포착 (강도 100%)
2026-07-31 12:36:13,691 [INFO] [SIGNAL] SUI/USDT:USDT LONG 신호 수신 (strength=100)
2026-07-31 12:36:14,239 [INFO] [RISK OK] SUI/USDT:USDT 리스크 체크 통과
2026-07-31 12:36:14,573 [INFO] [ENTRY BLOCK] SUI/USDT:USDT — 이미 포지션 보유 또는 진입 주문 전송 중
2026-07-31 12:36:17,860 [INFO] [상태] 잔고:$9.77 | 포지션:2개 | 스캔:1441회 | 스캐너:ON
2026-07-31 12:36:22,247 [INFO] [SCAN] 완료: 30개 종목 · 신호 1개 · API 호출 30회 · 캐시 히트 0회
2026-07-31 12:36:37,555 [INFO] [SCAN] 블랙리스트 4개 제외: ['IP/USDT:USDT', 'NES/USDT:USDT', 'WLD/USDT:USDT', 'XAG/USDT:USDT', 'XAU/USDT:USDT', 'XAUT/USDT:USDT']
2026-07-31 12:36:37,557 [INFO] [SCAN] 스캔 시작: 30개 페어 (캐시 34개 보유)
2026-07-31 12:36:44,018 [INFO] [SIG] SUI/USDT:USDT LONG 신호 포착 (강도 100%)
2026-07-31 12:36:44,019 [INFO] [SIGNAL] SUI/USDT:USDT LONG 신호 수신 (strength=100)
2026-07-31 12:36:44,425 [INFO] [RISK OK] SUI/USDT:USDT 리스크 체크 통과
2026-07-31 12:36:44,818 [INFO] [ENTRY BLOCK] SUI/USDT:USDT — 이미 포지션 보유 또는 진입 주문 전송 중
2026-07-31 12:36:52,097 [INFO] [SCAN] 완료: 30개 종목 · 신호 1개 · API 호출 30회 · 캐시 히트 0회
2026-07-31 12:37:09,224 [INFO] [SCAN] 블랙리스트 4개 제외: ['IP/USDT:USDT', 'NES/USDT:USDT', 'WLD/USDT:USDT', 'XAG/USDT:USDT', 'XAU/USDT:USDT', 'XAUT/USDT:USDT']
2026-07-31 12:37:09,225 [INFO] [SCAN] 스캔 시작: 30개 페어 (캐시 34개 보유)
2026-07-31 12:37:15,451 [INFO] [SIG] SUI/USDT:USDT LONG 신호 포착 (강도 100%)
2026-07-31 12:37:15,452 [INFO] [SIGNAL] SUI/USDT:USDT LONG 신호 수신 (strength=100)
2026-07-31 12:37:15,860 [INFO] [RISK OK] SUI/USDT:USDT 리스크 체크 통과
2026-07-31 12:37:16,144 [INFO] [ENTRY BLOCK] SUI/USDT:USDT — 이미 포지션 보유 또는 진입 주문 전송 중
2026-07-31 12:37:18,397 [INFO] [상태] 잔고:$9.76 | 포지션:2개 | 스캔:1443회 | 스캐너:ON
2026-07-31 12:37:23,581 [INFO] [SCAN] 완료: 30개 종목 · 신호 1개 · API 호출 30회 · 캐시 히트 0회
2026-07-31 12:37:38,837 [INFO] [SCAN] 블랙리스트 4개 제외: ['IP/USDT:USDT', 'NES/USDT:USDT', 'WLD/USDT:USDT', 'XAG/USDT:USDT', 'XAU/USDT:USDT', 'XAUT/USDT:USDT']
2026-07-31 12:37:38,838 [INFO] [SCAN] 스캔 시작: 30개 페어 (캐시 34개 보유)
2026-07-31 12:37:45,310 [INFO] [SIG] SUI/USDT:USDT LONG 신호 포착 (강도 100%)
2026-07-31 12:37:45,310 [INFO] [SIGNAL] SUI/USDT:USDT LONG 신호 수신 (strength=100)
2026-07-31 12:37:45,772 [INFO] [RISK OK] SUI/USDT:USDT 리스크 체크 통과
2026-07-31 12:37:46,059 [INFO] [ENTRY BLOCK] SUI/USDT:USDT — 이미 포지션 보유 또는 진입 주문 전송 중
2026-07-31 12:37:53,305 [INFO] [SCAN] 완료: 30개 종목 · 신호 1개 · API 호출 30회 · 캐시 히트 0회
2026-07-31 12:38:10,387 [INFO] [SCAN] 블랙리스트 4개 제외: ['IP/USDT:USDT', 'NES/USDT:USDT', 'WLD/USDT:USDT', 'XAG/USDT:USDT', 'XAU/USDT:USDT', 'XAUT/USDT:USDT']
2026-07-31 12:38:10,387 [INFO] [SCAN] 스캔 시작: 30개 페어 (캐시 34개 보유)
2026-07-31 12:38:16,691 [INFO] [SIG] SUI/USDT:USDT LONG 신호 포착 (강도 100%)
2026-07-31 12:38:16,691 [INFO] [SIGNAL] SUI/USDT:USDT LONG 신호 수신 (strength=100)
2026-07-31 12:38:17,318 [INFO] [RISK OK] SUI/USDT:USDT 리스크 체크 통과
2026-07-31 12:38:17,605 [INFO] [ENTRY BLOCK] SUI/USDT:USDT — 이미 포지션 보유 또는 진입 주문 전송 중
2026-07-31 12:38:19,005 [INFO] [상태] 잔고:$9.76 | 포지션:2개 | 스캔:1445회 | 스캐너:ON
2026-07-31 12:38:25,019 [INFO] [SCAN] 완료: 30개 종목 · 신호 1개 · API 호출 30회 · 캐시 히트 0회
2026-07-31 12:38:40,334 [INFO] [SCAN] 블랙리스트 4개 제외: ['IP/USDT:USDT', 'NES/USDT:USDT', 'WLD/USDT:USDT', 'XAG/USDT:USDT', 'XAU/USDT:USDT', 'XAUT/USDT:USDT']
2026-07-31 12:38:40,335 [INFO] [SCAN] 스캔 시작: 30개 페어 (캐시 34개 보유)
2026-07-31 12:38:46,353 [INFO] [SIG] SUI/USDT:USDT LONG 신호 포착 (강도 100%)
2026-07-31 12:38:46,353 [INFO] [SIGNAL] SUI/USDT:USDT LONG 신호 수신 (strength=100)
2026-07-31 12:38:46,863 [INFO] [RISK OK] SUI/USDT:USDT 리스크 체크 통과
2026-07-31 12:38:47,290 [INFO] [ENTRY BLOCK] SUI/USDT:USDT — 이미 포지션 보유 또는 진입 주문 전송 중
2026-07-31 12:38:54,359 [INFO] [SCAN] 완료: 29개 종목 · 신호 1개 · API 호출 29회 · 캐시 히트 0회
2026-07-31 12:39:11,568 [INFO] [SCAN] 블랙리스트 4개 제외: ['IP/USDT:USDT', 'NES/USDT:USDT', 'WLD/USDT:USDT', 'XAG/USDT:USDT', 'XAU/USDT:USDT', 'XAUT/USDT:USDT']
2026-07-31 12:39:11,568 [INFO] [SCAN] 스캔 시작: 30개 페어 (캐시 34개 보유)
2026-07-31 12:39:18,146 [INFO] [SIG] SUI/USDT:USDT LONG 신호 포착 (강도 100%)
2026-07-31 12:39:18,147 [INFO] [SIGNAL] SUI/USDT:USDT LONG 신호 수신 (strength=100)
2026-07-31 12:39:18,566 [INFO] [RISK OK] SUI/USDT:USDT 리스크 체크 통과
2026-07-31 12:39:18,857 [INFO] [ENTRY BLOCK] SUI/USDT:USDT — 이미 포지션 보유 또는 진입 주문 전송 중
2026-07-31 12:39:19,629 [INFO] [상태] 잔고:$9.76 | 포지션:2개 | 스캔:1447회 | 스캐너:ON
2026-07-31 12:39:26,313 [INFO] [SCAN] 완료: 30개 종목 · 신호 1개 · API 호출 30회 · 캐시 히트 0회
2026-07-31 12:39:41,582 [INFO] [SCAN] 블랙리스트 4개 제외: ['IP/USDT:USDT', 'NES/USDT:USDT', 'WLD/USDT:USDT', 'XAG/USDT:USDT', 'XAU/USDT:USDT', 'XAUT/USDT:USDT']
2026-07-31 12:39:41,582 [INFO] [SCAN] 스캔 시작: 30개 페어 (캐시 34개 보유)
2026-07-31 12:39:48,107 [INFO] [SIG] SUI/USDT:USDT LONG 신호 포착 (강도 100%)
2026-07-31 12:39:48,107 [INFO] [SIGNAL] SUI/USDT:USDT LONG 신호 수신 (strength=100)
2026-07-31 12:39:48,666 [INFO] [RISK OK] SUI/USDT:USDT 리스크 체크 통과
2026-07-31 12:39:48,952 [INFO] [ENTRY BLOCK] SUI/USDT:USDT — 이미 포지션 보유 또는 진입 주문 전송 중
2026-07-31 12:39:56,137 [INFO] [SCAN] 완료: 30개 종목 · 신호 1개 · API 호출 30회 · 캐시 히트 0회
2026-07-31 12:40:13,272 [INFO] [SCAN] 블랙리스트 4개 제외: ['IP/USDT:USDT', 'NES/USDT:USDT', 'WLD/USDT:USDT', 'XAG/USDT:USDT', 'XAU/USDT:USDT', 'XAUT/USDT:USDT']
2026-07-31 12:40:13,273 [INFO] [SCAN] 스캔 시작: 30개 페어 (캐시 34개 보유)
2026-07-31 12:40:19,673 [INFO] [SIG] SUI/USDT:USDT LONG 신호 포착 (강도 100%)
2026-07-31 12:40:19,673 [INFO] [SIGNAL] SUI/USDT:USDT LONG 신호 수신 (strength=100)
2026-07-31 12:40:20,219 [INFO] [상태] 잔고:$9.76 | 포지션:2개 | 스캔:1449회 | 스캐너:ON
2026-07-31 12:40:20,438 [INFO] [RISK OK] SUI/USDT:USDT 리스크 체크 통과
2026-07-31 12:40:20,773 [INFO] [ENTRY BLOCK] SUI/USDT:USDT — 이미 포지션 보유 또는 진입 주문 전송 중
2026-07-31 12:40:27,820 [INFO] [SCAN] 완료: 30개 종목 · 신호 1개 · API 호출 30회 · 캐시 히트 0회
2026-07-31 12:40:43,096 [INFO] [SCAN] 블랙리스트 4개 제외: ['IP/USDT:USDT', 'NES/USDT:USDT', 'WLD/USDT:USDT', 'XAG/USDT:USDT', 'XAU/USDT:USDT', 'XAUT/USDT:USDT']
2026-07-31 12:40:43,097 [INFO] [SCAN] 스캔 시작: 30개 페어 (캐시 34개 보유)
2026-07-31 12:40:49,418 [INFO] [SIG] SUI/USDT:USDT LONG 신호 포착 (강도 100%)
2026-07-31 12:40:49,419 [INFO] [SIGNAL] SUI/USDT:USDT LONG 신호 수신 (strength=100)
2026-07-31 12:40:49,826 [INFO] [RISK OK] SUI/USDT:USDT 리스크 체크 통과
2026-07-31 12:40:50,112 [INFO] [ENTRY BLOCK] SUI/USDT:USDT — 이미 포지션 보유 또는 진입 주문 전송 중
2026-07-31 12:40:57,124 [INFO] [SCAN] 완료: 30개 종목 · 신호 1개 · API 호출 30회 · 캐시 히트 0회
2026-07-31 12:41:14,108 [INFO] [SCAN] 블랙리스트 4개 제외: ['IP/USDT:USDT', 'NES/USDT:USDT', 'WLD/USDT:USDT', 'XAG/USDT:USDT', 'XAU/USDT:USDT', 'XAUT/USDT:USDT']
2026-07-31 12:41:14,109 [INFO] [SCAN] 스캔 시작: 30개 페어 (캐시 34개 보유)
2026-07-31 12:41:20,854 [INFO] [상태] 잔고:$9.76 | 포지션:2개 | 스캔:1451회 | 스캐너:ON
2026-07-31 12:41:20,978 [INFO] [SIG] SUI/USDT:USDT LONG 신호 포착 (강도 100%)
2026-07-31 12:41:20,978 [INFO] [SIGNAL] SUI/USDT:USDT LONG 신호 수신 (strength=100)
2026-07-31 12:41:21,538 [INFO] [RISK OK] SUI/USDT:USDT 리스크 체크 통과
2026-07-31 12:41:21,875 [INFO] [ENTRY BLOCK] SUI/USDT:USDT — 이미 포지션 보유 또는 진입 주문 전송 중
2026-07-31 12:41:29,092 [INFO] [SCAN] 완료: 30개 종목 · 신호 1개 · API 호출 30회 · 캐시 히트 0회
2026-07-31 12:41:44,362 [INFO] [SCAN] 블랙리스트 4개 제외: ['IP/USDT:USDT', 'NES/USDT:USDT', 'WLD/USDT:USDT', 'XAG/USDT:USDT', 'XAU/USDT:USDT', 'XAUT/USDT:USDT']
2026-07-31 12:41:44,364 [INFO] [SCAN] 스캔 시작: 30개 페어 (캐시 34개 보유)
2026-07-31 12:41:50,884 [INFO] [SIG] SUI/USDT:USDT LONG 신호 포착 (강도 100%)
2026-07-31 12:41:50,885 [INFO] [SIGNAL] SUI/USDT:USDT LONG 신호 수신 (strength=100)
2026-07-31 12:41:51,300 [INFO] [RISK OK] SUI/USDT:USDT 리스크 체크 통과
2026-07-31 12:41:51,588 [INFO] [ENTRY BLOCK] SUI/USDT:USDT — 이미 포지션 보유 또는 진입 주문 전송 중
2026-07-31 12:41:58,602 [INFO] [SCAN] 완료: 30개 종목 · 신호 1개 · API 호출 30회 · 캐시 히트 0회
2026-07-31 12:42:15,594 [INFO] [SCAN] 블랙리스트 4개 제외: ['IP/USDT:USDT', 'NES/USDT:USDT', 'WLD/USDT:USDT', 'XAG/USDT:USDT', 'XAU/USDT:USDT', 'XAUT/USDT:USDT']
2026-07-31 12:42:15,594 [INFO] [SCAN] 스캔 시작: 30개 페어 (캐시 34개 보유)
2026-07-31 12:42:21,460 [INFO] [상태] 잔고:$9.77 | 포지션:2개 | 스캔:1453회 | 스캐너:ON
2026-07-31 12:42:22,025 [INFO] [SIG] SUI/USDT:USDT LONG 신호 포착 (강도 100%)
2026-07-31 12:42:22,025 [INFO] [SIGNAL] SUI/USDT:USDT LONG 신호 수신 (strength=100)
2026-07-31 12:42:22,538 [INFO] [RISK OK] SUI/USDT:USDT 리스크 체크 통과
2026-07-31 12:42:22,936 [INFO] [ENTRY BLOCK] SUI/USDT:USDT — 이미 포지션 보유 또는 진입 주문 전송 중
2026-07-31 12:42:30,090 [INFO] [SCAN] 완료: 30개 종목 · 신호 1개 · API 호출 30회 · 캐시 히트 0회
2026-07-31 12:42:45,356 [INFO] [SCAN] 블랙리스트 4개 제외: ['IP/USDT:USDT', 'NES/USDT:USDT', 'WLD/USDT:USDT', 'XAG/USDT:USDT', 'XAU/USDT:USDT', 'XAUT/USDT:USDT']
2026-07-31 12:42:45,356 [INFO] [SCAN] 스캔 시작: 30개 페어 (캐시 34개 보유)
2026-07-31 12:42:51,626 [INFO] [SIG] SUI/USDT:USDT LONG 신호 포착 (강도 100%)
2026-07-31 12:42:51,626 [INFO] [SIGNAL] SUI/USDT:USDT LONG 신호 수신 (strength=100)
2026-07-31 12:42:52,035 [INFO] [RISK OK] SUI/USDT:USDT 리스크 체크 통과
2026-07-31 12:42:52,320 [INFO] [ENTRY BLOCK] SUI/USDT:USDT — 이미 포지션 보유 또는 진입 주문 전송 중
2026-07-31 12:42:59,310 [INFO] [SCAN] 완료: 30개 종목 · 신호 1개 · API 호출 30회 · 캐시 히트 0회
2026-07-31 12:43:16,277 [INFO] [SCAN] 블랙리스트 4개 제외: ['IP/USDT:USDT', 'NES/USDT:USDT', 'WLD/USDT:USDT', 'XAG/USDT:USDT', 'XAU/USDT:USDT', 'XAUT/USDT:USDT']
2026-07-31 12:43:16,278 [INFO] [SCAN] 스캔 시작: 30개 페어 (캐시 34개 보유)
2026-07-31 12:43:22,049 [INFO] [상태] 잔고:$9.78 | 포지션:2개 | 스캔:1455회 | 스캐너:ON
2026-07-31 12:43:22,870 [INFO] [SIG] SUI/USDT:USDT LONG 신호 포착 (강도 100%)
2026-07-31 12:43:22,870 [INFO] [SIGNAL] SUI/USDT:USDT LONG 신호 수신 (strength=100)
2026-07-31 12:43:23,380 [INFO] [RISK OK] SUI/USDT:USDT 리스크 체크 통과
2026-07-31 12:43:23,807 [INFO] [ENTRY BLOCK] SUI/USDT:USDT — 이미 포지션 보유 또는 진입 주문 전송 중
2026-07-31 12:43:30,863 [INFO] [SCAN] 완료: 30개 종목 · 신호 1개 · API 호출 30회 · 캐시 히트 0회
2026-07-31 12:43:46,133 [INFO] [SCAN] 블랙리스트 4개 제외: ['IP/USDT:USDT', 'NES/USDT:USDT', 'WLD/USDT:USDT', 'XAG/USDT:USDT', 'XAU/USDT:USDT', 'XAUT/USDT:USDT']
2026-07-31 12:43:46,134 [INFO] [SCAN] 스캔 시작: 30개 페어 (캐시 34개 보유)
2026-07-31 12:43:52,435 [INFO] [SIG] SUI/USDT:USDT LONG 신호 포착 (강도 100%)
2026-07-31 12:43:52,435 [INFO] [SIGNAL] SUI/USDT:USDT LONG 신호 수신 (strength=100)
2026-07-31 12:43:52,958 [INFO] [RISK OK] SUI/USDT:USDT 리스크 체크 통과
2026-07-31 12:43:53,251 [INFO] [ENTRY BLOCK] SUI/USDT:USDT — 이미 포지션 보유 또는 진입 주문 전송 중
2026-07-31 12:44:00,264 [INFO] [SCAN] 완료: 30개 종목 · 신호 1개 · API 호출 30회 · 캐시 히트 0회
2026-07-31 12:44:17,256 [INFO] [SCAN] 블랙리스트 4개 제외: ['IP/USDT:USDT', 'NES/USDT:USDT', 'WLD/USDT:USDT', 'XAG/USDT:USDT', 'XAU/USDT:USDT', 'XAUT/USDT:USDT']
2026-07-31 12:44:17,257 [INFO] [SCAN] 스캔 시작: 30개 페어 (캐시 34개 보유)
2026-07-31 12:44:22,638 [INFO] [상태] 잔고:$9.77 | 포지션:2개 | 스캔:1457회 | 스캐너:ON
2026-07-31 12:44:23,905 [INFO] [SIG] SUI/USDT:USDT LONG 신호 포착 (강도 100%)
2026-07-31 12:44:23,905 [INFO] [SIGNAL] SUI/USDT:USDT LONG 신호 수신 (strength=100)
2026-07-31 12:44:24,321 [INFO] [RISK OK] SUI/USDT:USDT 리스크 체크 통과
2026-07-31 12:44:24,617 [INFO] [ENTRY BLOCK] SUI/USDT:USDT — 이미 포지션 보유 또는 진입 주문 전송 중
2026-07-31 12:44:31,651 [INFO] [SCAN] 완료: 30개 종목 · 신호 1개 · API 호출 30회 · 캐시 히트 0회
2026-07-31 12:44:46,922 [INFO] [SCAN] 블랙리스트 4개 제외: ['IP/USDT:USDT', 'NES/USDT:USDT', 'WLD/USDT:USDT', 'XAG/USDT:USDT', 'XAU/USDT:USDT', 'XAUT/USDT:USDT']
2026-07-31 12:44:46,922 [INFO] [SCAN] 스캔 시작: 30개 페어 (캐시 34개 보유)
2026-07-31 12:44:53,239 [INFO] [SIG] SUI/USDT:USDT LONG 신호 포착 (강도 100%)
2026-07-31 12:44:53,239 [INFO] [SIGNAL] SUI/USDT:USDT LONG 신호 수신 (strength=100)
2026-07-31 12:44:53,652 [INFO] [RISK OK] SUI/USDT:USDT 리스크 체크 통과
2026-07-31 12:44:53,937 [INFO] [ENTRY BLOCK] SUI/USDT:USDT — 이미 포지션 보유 또는 진입 주문 전송 중
2026-07-31 12:45:01,034 [INFO] [SCAN] 완료: 30개 종목 · 신호 1개 · API 호출 30회 · 캐시 히트 0회
2026-07-31 12:45:18,054 [INFO] [SCAN] 블랙리스트 4개 제외: ['IP/USDT:USDT', 'NES/USDT:USDT', 'WLD/USDT:USDT', 'XAG/USDT:USDT', 'XAU/USDT:USDT', 'XAUT/USDT:USDT']
2026-07-31 12:45:18,056 [INFO] [SCAN] 스캔 시작: 30개 페어 (캐시 34개 보유)
2026-07-31 12:45:23,076 [INFO] [상태] 잔고:$9.79 | 포지션:2개 | 스캔:1459회 | 스캐너:ON
2026-07-31 12:45:31,456 [INFO] [SCAN] 완료: 30개 종목 · 신호 0개 · API 호출 30회 · 캐시 히트 0회
2026-07-31 12:45:46,723 [INFO] [SCAN] 블랙리스트 4개 제외: ['IP/USDT:USDT', 'NES/USDT:USDT', 'WLD/USDT:USDT', 'XAG/USDT:USDT', 'XAU/USDT:USDT', 'XAUT/USDT:USDT']
2026-07-31 12:45:46,724 [INFO] [SCAN] 스캔 시작: 30개 페어 (캐시 34개 보유)
2026-07-31 12:45:59,877 [INFO] [SCAN] 완료: 30개 종목 · 신호 0개 · API 호출 30회 · 캐시 히트 0회
2026-07-31 12:46:15,132 [INFO] [SCAN] 블랙리스트 4개 제외: ['IP/USDT:USDT', 'NES/USDT:USDT', 'WLD/USDT:USDT', 'XAG/USDT:USDT', 'XAU/USDT:USDT', 'XAUT/USDT:USDT']
2026-07-31 12:46:15,134 [INFO] [SCAN] 스캔 시작: 30개 페어 (캐시 34개 보유)
2026-07-31 12:46:23,675 [INFO] [상태] 잔고:$9.80 | 포지션:2개 | 스캔:1461회 | 스캐너:ON
2026-07-31 12:46:28,711 [INFO] [SCAN] 완료: 30개 종목 · 신호 0개 · API 호출 30회 · 캐시 히트 0회
2026-07-31 12:46:45,741 [INFO] [SCAN] 블랙리스트 4개 제외: ['IP/USDT:USDT', 'NES/USDT:USDT', 'WLD/USDT:USDT', 'XAG/USDT:USDT', 'XAU/USDT:USDT', 'XAUT/USDT:USDT']
2026-07-31 12:46:45,742 [INFO] [SCAN] 스캔 시작: 30개 페어 (캐시 34개 보유)
2026-07-31 12:46:59,372 [INFO] [SCAN] 완료: 30개 종목 · 신호 0개 · API 호출 30회 · 캐시 히트 0회
2026-07-31 12:47:14,663 [INFO] [SCAN] 블랙리스트 4개 제외: ['IP/USDT:USDT', 'NES/USDT:USDT', 'WLD/USDT:USDT', 'XAG/USDT:USDT', 'XAU/USDT:USDT', 'XAUT/USDT:USDT']
2026-07-31 12:47:14,664 [INFO] [SCAN] 스캔 시작: 30개 페어 (캐시 34개 보유)
2026-07-31 12:47:24,103 [INFO] [상태] 잔고:$9.79 | 포지션:2개 | 스캔:1463회 | 스캐너:ON
2026-07-31 12:47:28,139 [INFO] [SCAN] 완료: 30개 종목 · 신호 0개 · API 호출 30회 · 캐시 히트 0회
2026-07-31 12:47:43,407 [INFO] [SCAN] 블랙리스트 4개 제외: ['IP/USDT:USDT', 'NES/USDT:USDT', 'WLD/USDT:USDT', 'XAG/USDT:USDT', 'XAU/USDT:USDT', 'XAUT/USDT:USDT']
2026-07-31 12:47:43,409 [INFO] [SCAN] 스캔 시작: 30개 페어 (캐시 34개 보유)
2026-07-31 12:47:57,016 [INFO] [SCAN] 완료: 30개 종목 · 신호 0개 · API 호출 30회 · 캐시 히트 0회
2026-07-31 12:48:14,226 [INFO] [SCAN] 블랙리스트 4개 제외: ['IP/USDT:USDT', 'NES/USDT:USDT', 'WLD/USDT:USDT', 'XAG/USDT:USDT', 'XAU/USDT:USDT', 'XAUT/USDT:USDT']
2026-07-31 12:48:14,226 [INFO] [SCAN] 스캔 시작: 30개 페어 (캐시 34개 보유)
2026-07-31 12:48:24,589 [INFO] [상태] 잔고:$9.78 | 포지션:2개 | 스캔:1465회 | 스캐너:ON
2026-07-31 12:48:28,334 [INFO] [SCAN] 완료: 30개 종목 · 신호 0개 · API 호출 30회 · 캐시 히트 0회
2026-07-31 12:48:43,607 [INFO] [SCAN] 블랙리스트 4개 제외: ['IP/USDT:USDT', 'NES/USDT:USDT', 'WLD/USDT:USDT', 'XAG/USDT:USDT', 'XAU/USDT:USDT', 'XAUT/USDT:USDT']
2026-07-31 12:48:43,607 [INFO] [SCAN] 스캔 시작: 30개 페어 (캐시 34개 보유)
2026-07-31 12:48:57,339 [INFO] [SCAN] 완료: 30개 종목 · 신호 0개 · API 호출 30회 · 캐시 히트 0회
2026-07-31 12:49:14,374 [INFO] [SCAN] 블랙리스트 4개 제외: ['IP/USDT:USDT', 'NES/USDT:USDT', 'WLD/USDT:USDT', 'XAG/USDT:USDT', 'XAU/USDT:USDT', 'XAUT/USDT:USDT']
2026-07-31 12:49:14,374 [INFO] [SCAN] 스캔 시작: 30개 페어 (캐시 34개 보유)
2026-07-31 12:49:25,123 [INFO] [상태] 잔고:$9.78 | 포지션:2개 | 스캔:1467회 | 스캐너:ON
2026-07-31 12:49:27,900 [INFO] [SCAN] 완료: 30개 종목 · 신호 0개 · API 호출 30회 · 캐시 히트 0회
2026-07-31 12:49:43,200 [INFO] [SCAN] 블랙리스트 4개 제외: ['IP/USDT:USDT', 'NES/USDT:USDT', 'WLD/USDT:USDT', 'XAG/USDT:USDT', 'XAU/USDT:USDT', 'XAUT/USDT:USDT']
2026-07-31 12:49:43,201 [INFO] [SCAN] 스캔 시작: 30개 페어 (캐시 34개 보유)
2026-07-31 12:49:56,430 [INFO] [SCAN] 완료: 30개 종목 · 신호 0개 · API 호출 30회 · 캐시 히트 0회
2026-07-31 12:50:11,705 [INFO] [SCAN] 블랙리스트 4개 제외: ['IP/USDT:USDT', 'NES/USDT:USDT', 'WLD/USDT:USDT', 'XAG/USDT:USDT', 'XAU/USDT:USDT', 'XAUT/USDT:USDT']
2026-07-31 12:50:11,705 [INFO] [SCAN] 스캔 시작: 30개 페어 (캐시 34개 보유)
2026-07-31 12:50:24,944 [INFO] [SCAN] 완료: 30개 종목 · 신호 0개 · API 호출 30회 · 캐시 히트 0회
2026-07-31 12:50:25,935 [INFO] [상태] 잔고:$9.77 | 포지션:2개 | 스캔:1470회 | 스캐너:ON
2026-07-31 12:50:42,403 [INFO] [SCAN] 블랙리스트 4개 제외: ['IP/USDT:USDT', 'NES/USDT:USDT', 'WLD/USDT:USDT', 'XAG/USDT:USDT', 'XAU/USDT:USDT', 'XAUT/USDT:USDT']
2026-07-31 12:50:42,403 [INFO] [SCAN] 스캔 시작: 30개 페어 (캐시 34개 보유)
2026-07-31 12:50:55,599 [INFO] [SCAN] 완료: 30개 종목 · 신호 0개 · API 호출 30회 · 캐시 히트 0회
2026-07-31 12:51:10,874 [INFO] [SCAN] 블랙리스트 4개 제외: ['IP/USDT:USDT', 'NES/USDT:USDT', 'WLD/USDT:USDT', 'XAG/USDT:USDT', 'XAU/USDT:USDT', 'XAUT/USDT:USDT']
2026-07-31 12:51:10,875 [INFO] [SCAN] 스캔 시작: 30개 페어 (캐시 34개 보유)
2026-07-31 12:51:24,190 [INFO] [SCAN] 완료: 30개 종목 · 신호 0개 · API 호출 30회 · 캐시 히트 0회
2026-07-31 12:51:26,468 [INFO] [상태] 잔고:$9.77 | 포지션:2개 | 스캔:1472회 | 스캐너:ON
2026-07-31 12:51:39,578 [INFO] [SCAN] 블랙리스트 4개 제외: ['IP/USDT:USDT', 'NES/USDT:USDT', 'WLD/USDT:USDT', 'XAG/USDT:USDT', 'XAU/USDT:USDT', 'XAUT/USDT:USDT']
2026-07-31 12:51:39,579 [INFO] [SCAN] 스캔 시작: 30개 페어 (캐시 34개 보유)
2026-07-31 12:51:53,244 [INFO] [SCAN] 완료: 30개 종목 · 신호 0개 · API 호출 30회 · 캐시 히트 0회
2026-07-31 12:52:10,368 [INFO] [SCAN] 블랙리스트 4개 제외: ['IP/USDT:USDT', 'NES/USDT:USDT', 'WLD/USDT:USDT', 'XAG/USDT:USDT', 'XAU/USDT:USDT', 'XAUT/USDT:USDT']
2026-07-31 12:52:10,369 [INFO] [SCAN] 스캔 시작: 30개 페어 (캐시 34개 보유)
2026-07-31 12:52:23,655 [INFO] [SCAN] 완료: 30개 종목 · 신호 0개 · API 호출 30회 · 캐시 히트 0회
2026-07-31 12:52:27,020 [INFO] [상태] 잔고:$9.78 | 포지션:2개 | 스캔:1474회 | 스캐너:ON
2026-07-31 12:52:39,026 [INFO] [SCAN] 블랙리스트 4개 제외: ['IP/USDT:USDT', 'NES/USDT:USDT', 'WLD/USDT:USDT', 'XAG/USDT:USDT', 'XAU/USDT:USDT', 'XAUT/USDT:USDT']
2026-07-31 12:52:39,027 [INFO] [SCAN] 스캔 시작: 30개 페어 (캐시 34개 보유)
2026-07-31 12:52:52,300 [INFO] [SCAN] 완료: 30개 종목 · 신호 0개 · API 호출 30회 · 캐시 히트 0회
2026-07-31 12:53:07,572 [INFO] [SCAN] 블랙리스트 4개 제외: ['IP/USDT:USDT', 'NES/USDT:USDT', 'WLD/USDT:USDT', 'XAG/USDT:USDT', 'XAU/USDT:USDT', 'XAUT/USDT:USDT']
2026-07-31 12:53:07,573 [INFO] [SCAN] 스캔 시작: 30개 페어 (캐시 34개 보유)
2026-07-31 12:53:20,791 [INFO] [SCAN] 완료: 30개 종목 · 신호 0개 · API 호출 30회 · 캐시 히트 0회
2026-07-31 12:53:28,006 [INFO] [상태] 잔고:$9.81 | 포지션:2개 | 스캔:1476회 | 스캐너:ON
2026-07-31 12:53:37,885 [INFO] [SCAN] 블랙리스트 4개 제외: ['IP/USDT:USDT', 'NES/USDT:USDT', 'WLD/USDT:USDT', 'XAG/USDT:USDT', 'XAU/USDT:USDT', 'XAUT/USDT:USDT']
2026-07-31 12:53:37,885 [INFO] [SCAN] 스캔 시작: 30개 페어 (캐시 34개 보유)
2026-07-31 12:53:51,181 [INFO] [SCAN] 완료: 30개 종목 · 신호 0개 · API 호출 30회 · 캐시 히트 0회
2026-07-31 12:54:06,431 [INFO] [SCAN] 블랙리스트 4개 제외: ['IP/USDT:USDT', 'NES/USDT:USDT', 'WLD/USDT:USDT', 'XAG/USDT:USDT', 'XAU/USDT:USDT', 'XAUT/USDT:USDT']
2026-07-31 12:54:06,431 [INFO] [SCAN] 스캔 시작: 30개 페어 (캐시 34개 보유)
2026-07-31 12:54:19,782 [INFO] [SCAN] 완료: 30개 종목 · 신호 0개 · API 호출 30회 · 캐시 히트 0회
2026-07-31 12:54:28,457 [INFO] [상태] 잔고:$9.80 | 포지션:2개 | 스캔:1478회 | 스캐너:ON
2026-07-31 12:54:35,171 [INFO] [SCAN] 블랙리스트 4개 제외: ['IP/USDT:USDT', 'NES/USDT:USDT', 'WLD/USDT:USDT', 'XAG/USDT:USDT', 'XAU/USDT:USDT', 'XAUT/USDT:USDT']
2026-07-31 12:54:35,171 [INFO] [SCAN] 스캔 시작: 30개 페어 (캐시 34개 보유)
2026-07-31 12:54:48,489 [INFO] [SCAN] 완료: 30개 종목 · 신호 0개 · API 호출 30회 · 캐시 히트 0회
2026-07-31 12:55:05,517 [INFO] [SCAN] 블랙리스트 4개 제외: ['IP/USDT:USDT', 'NES/USDT:USDT', 'WLD/USDT:USDT', 'XAG/USDT:USDT', 'XAU/USDT:USDT', 'XAUT/USDT:USDT']
2026-07-31 12:55:05,518 [INFO] [SCAN] 스캔 시작: 30개 페어 (캐시 34개 보유)
2026-07-31 12:55:18,753 [INFO] [SCAN] 완료: 30개 종목 · 신호 0개 · API 호출 30회 · 캐시 히트 0회
2026-07-31 12:55:29,007 [INFO] [상태] 잔고:$9.80 | 포지션:2개 | 스캔:1480회 | 스캐너:ON
2026-07-31 12:55:34,138 [INFO] [SCAN] 블랙리스트 4개 제외: ['IP/USDT:USDT', 'NES/USDT:USDT', 'WLD/USDT:USDT', 'XAG/USDT:USDT', 'XAU/USDT:USDT', 'XAUT/USDT:USDT']
2026-07-31 12:55:34,138 [INFO] [SCAN] 스캔 시작: 30개 페어 (캐시 34개 보유)
2026-07-31 12:55:47,399 [INFO] [SCAN] 완료: 30개 종목 · 신호 0개 · API 호출 30회 · 캐시 히트 0회
2026-07-31 12:56:02,661 [INFO] [SCAN] 블랙리스트 4개 제외: ['IP/USDT:USDT', 'NES/USDT:USDT', 'WLD/USDT:USDT', 'XAG/USDT:USDT', 'XAU/USDT:USDT', 'XAUT/USDT:USDT']
2026-07-31 12:56:02,661 [INFO] [SCAN] 스캔 시작: 30개 페어 (캐시 34개 보유)
2026-07-31 12:56:15,899 [INFO] [SCAN] 완료: 30개 종목 · 신호 0개 · API 호출 30회 · 캐시 히트 0회
2026-07-31 12:56:29,525 [INFO] [상태] 잔고:$9.80 | 포지션:2개 | 스캔:1482회 | 스캐너:ON
2026-07-31 12:56:32,970 [INFO] [SCAN] 블랙리스트 4개 제외: ['IP/USDT:USDT', 'NES/USDT:USDT', 'WLD/USDT:USDT', 'XAG/USDT:USDT', 'XAU/USDT:USDT', 'XAUT/USDT:USDT']
2026-07-31 12:56:32,970 [INFO] [SCAN] 스캔 시작: 30개 페어 (캐시 34개 보유)
2026-07-31 12:56:46,180 [INFO] [SCAN] 완료: 30개 종목 · 신호 0개 · API 호출 30회 · 캐시 히트 0회
2026-07-31 12:57:01,447 [INFO] [SCAN] 블랙리스트 4개 제외: ['IP/USDT:USDT', 'NES/USDT:USDT', 'WLD/USDT:USDT', 'XAG/USDT:USDT', 'XAU/USDT:USDT', 'XAUT/USDT:USDT']
2026-07-31 12:57:01,447 [INFO] [SCAN] 스캔 시작: 30개 페어 (캐시 34개 보유)
2026-07-31 12:57:14,669 [INFO] [SCAN] 완료: 30개 종목 · 신호 0개 · API 호출 30회 · 캐시 히트 0회
2026-07-31 12:57:30,045 [INFO] [SCAN] 블랙리스트 4개 제외: ['IP/USDT:USDT', 'NES/USDT:USDT', 'WLD/USDT:USDT', 'XAG/USDT:USDT', 'XAU/USDT:USDT', 'XAUT/USDT:USDT']
2026-07-31 12:57:30,045 [INFO] [SCAN] 스캔 시작: 30개 페어 (캐시 34개 보유)
2026-07-31 12:57:30,110 [INFO] [상태] 잔고:$9.80 | 포지션:2개 | 스캔:1484회 | 스캐너:ON
2026-07-31 12:57:43,331 [INFO] [SCAN] 완료: 30개 종목 · 신호 0개 · API 호출 30회 · 캐시 히트 0회
2026-07-31 12:58:00,458 [INFO] [SCAN] 블랙리스트 4개 제외: ['IP/USDT:USDT', 'NES/USDT:USDT', 'WLD/USDT:USDT', 'XAG/USDT:USDT', 'XAU/USDT:USDT', 'XAUT/USDT:USDT']
2026-07-31 12:58:00,458 [INFO] [SCAN] 스캔 시작: 30개 페어 (캐시 34개 보유)
2026-07-31 12:58:13,736 [INFO] [SCAN] 완료: 30개 종목 · 신호 0개 · API 호출 30회 · 캐시 히트 0회
2026-07-31 12:58:29,016 [INFO] [SCAN] 블랙리스트 4개 제외: ['IP/USDT:USDT', 'NES/USDT:USDT', 'WLD/USDT:USDT', 'XAG/USDT:USDT', 'XAU/USDT:USDT', 'XAUT/USDT:USDT']
2026-07-31 12:58:29,016 [INFO] [SCAN] 스캔 시작: 30개 페어 (캐시 34개 보유)
2026-07-31 12:58:30,652 [INFO] [상태] 잔고:$9.79 | 포지션:2개 | 스캔:1486회 | 스캐너:ON
2026-07-31 12:58:42,742 [INFO] [SCAN] 완료: 30개 종목 · 신호 0개 · API 호출 30회 · 캐시 히트 0회
2026-07-31 12:58:57,999 [INFO] [SCAN] 블랙리스트 4개 제외: ['IP/USDT:USDT', 'NES/USDT:USDT', 'WLD/USDT:USDT', 'XAG/USDT:USDT', 'XAU/USDT:USDT', 'XAUT/USDT:USDT']
2026-07-31 12:58:58,000 [INFO] [SCAN] 스캔 시작: 30개 페어 (캐시 34개 보유)
2026-07-31 12:59:11,355 [INFO] [SCAN] 완료: 30개 종목 · 신호 0개 · API 호출 30회 · 캐시 히트 0회
2026-07-31 12:59:28,346 [INFO] [SCAN] 블랙리스트 4개 제외: ['IP/USDT:USDT', 'NES/USDT:USDT', 'WLD/USDT:USDT', 'XAG/USDT:USDT', 'XAU/USDT:USDT', 'XAUT/USDT:USDT']
2026-07-31 12:59:28,347 [INFO] [SCAN] 스캔 시작: 30개 페어 (캐시 34개 보유)
2026-07-31 12:59:31,183 [INFO] [상태] 잔고:$9.78 | 포지션:2개 | 스캔:1488회 | 스캐너:ON
2026-07-31 12:59:41,869 [INFO] [SCAN] 완료: 30개 종목 · 신호 0개 · API 호출 30회 · 캐시 히트 0회
2026-07-31 12:59:57,146 [INFO] [SCAN] 블랙리스트 4개 제외: ['IP/USDT:USDT', 'NES/USDT:USDT', 'WLD/USDT:USDT', 'XAG/USDT:USDT', 'XAU/USDT:USDT', 'XAUT/USDT:USDT']
2026-07-31 12:59:57,146 [INFO] [SCAN] 스캔 시작: 30개 페어 (캐시 34개 보유)
2026-07-31 13:00:12,112 [INFO] [SCAN] 완료: 30개 종목 · 신호 0개 · API 호출 30회 · 캐시 히트 0회
2026-07-31 13:00:29,648 [INFO] [SCAN] 블랙리스트 4개 제외: ['IP/USDT:USDT', 'NES/USDT:USDT', 'WLD/USDT:USDT', 'XAG/USDT:USDT', 'XAU/USDT:USDT', 'XAUT/USDT:USDT']
2026-07-31 13:00:29,649 [INFO] [SCAN] 스캔 시작: 30개 페어 (캐시 34개 보유)
2026-07-31 13:00:31,647 [INFO] [상태] 잔고:$9.77 | 포지션:2개 | 스캔:1490회 | 스캐너:ON
2026-07-31 13:00:43,458 [INFO] [SCAN] 완료: 30개 종목 · 신호 0개 · API 호출 30회 · 캐시 히트 0회
2026-07-31 13:00:58,738 [INFO] [SCAN] 블랙리스트 4개 제외: ['IP/USDT:USDT', 'NES/USDT:USDT', 'WLD/USDT:USDT', 'XAG/USDT:USDT', 'XAU/USDT:USDT', 'XAUT/USDT:USDT']
2026-07-31 13:00:58,738 [INFO] [SCAN] 스캔 시작: 30개 페어 (캐시 34개 보유)
2026-07-31 13:01:12,193 [INFO] [SCAN] 완료: 30개 종목 · 신호 0개 · API 호출 30회 · 캐시 히트 0회
2026-07-31 13:01:29,184 [INFO] [SCAN] 블랙리스트 4개 제외: ['IP/USDT:USDT', 'NES/USDT:USDT', 'WLD/USDT:USDT', 'XAG/USDT:USDT', 'XAU/USDT:USDT', 'XAUT/USDT:USDT']
2026-07-31 13:01:29,184 [INFO] [SCAN] 스캔 시작: 30개 페어 (캐시 34개 보유)
2026-07-31 13:01:32,204 [INFO] [상태] 잔고:$9.77 | 포지션:2개 | 스캔:1492회 | 스캐너:ON
2026-07-31 13:01:42,764 [INFO] [SCAN] 완료: 30개 종목 · 신호 0개 · API 호출 30회 · 캐시 히트 0회
2026-07-31 13:01:58,068 [INFO] [SCAN] 블랙리스트 4개 제외: ['IP/USDT:USDT', 'NES/USDT:USDT', 'WLD/USDT:USDT', 'XAG/USDT:USDT', 'XAU/USDT:USDT', 'XAUT/USDT:USDT']
2026-07-31 13:01:58,068 [INFO] [SCAN] 스캔 시작: 30개 페어 (캐시 34개 보유)
2026-07-31 13:02:11,464 [INFO] [SCAN] 완료: 30개 종목 · 신호 0개 · API 호출 30회 · 캐시 히트 0회
2026-07-31 13:02:26,738 [INFO] [SCAN] 블랙리스트 4개 제외: ['IP/USDT:USDT', 'NES/USDT:USDT', 'WLD/USDT:USDT', 'XAG/USDT:USDT', 'XAU/USDT:USDT', 'XAUT/USDT:USDT']
2026-07-31 13:02:26,738 [INFO] [SCAN] 스캔 시작: 30개 페어 (캐시 34개 보유)
2026-07-31 13:02:32,661 [INFO] [상태] 잔고:$9.78 | 포지션:2개 | 스캔:1494회 | 스캐너:ON
2026-07-31 13:02:40,237 [INFO] [SCAN] 완료: 30개 종목 · 신호 0개 · API 호출 30회 · 캐시 히트 0회
2026-07-31 13:02:57,242 [INFO] [SCAN] 블랙리스트 4개 제외: ['IP/USDT:USDT', 'NES/USDT:USDT', 'WLD/USDT:USDT', 'XAG/USDT:USDT', 'XAU/USDT:USDT', 'XAUT/USDT:USDT']
2026-07-31 13:02:57,242 [INFO] [SCAN] 스캔 시작: 30개 페어 (캐시 34개 보유)
2026-07-31 13:03:10,758 [INFO] [SCAN] 완료: 30개 종목 · 신호 0개 · API 호출 30회 · 캐시 히트 0회
2026-07-31 13:03:26,019 [INFO] [SCAN] 블랙리스트 4개 제외: ['IP/USDT:USDT', 'NES/USDT:USDT', 'WLD/USDT:USDT', 'XAG/USDT:USDT', 'XAU/USDT:USDT', 'XAUT/USDT:USDT']
2026-07-31 13:03:26,020 [INFO] [SCAN] 스캔 시작: 30개 페어 (캐시 34개 보유)
2026-07-31 13:03:33,107 [INFO] [상태] 잔고:$9.79 | 포지션:2개 | 스캔:1496회 | 스캐너:ON
2026-07-31 13:03:39,924 [INFO] [SCAN] 완료: 30개 종목 · 신호 0개 · API 호출 30회 · 캐시 히트 0회
2026-07-31 13:03:55,199 [INFO] [SCAN] 블랙리스트 4개 제외: ['IP/USDT:USDT', 'NES/USDT:USDT', 'WLD/USDT:USDT', 'XAG/USDT:USDT', 'XAU/USDT:USDT', 'XAUT/USDT:USDT']
2026-07-31 13:03:55,200 [INFO] [SCAN] 스캔 시작: 30개 페어 (캐시 34개 보유)
2026-07-31 13:04:08,634 [INFO] [SCAN] 완료: 30개 종목 · 신호 0개 · API 호출 30회 · 캐시 히트 0회
2026-07-31 13:04:25,637 [INFO] [SCAN] 블랙리스트 4개 제외: ['IP/USDT:USDT', 'NES/USDT:USDT', 'WLD/USDT:USDT', 'XAG/USDT:USDT', 'XAU/USDT:USDT', 'XAUT/USDT:USDT']
2026-07-31 13:04:25,637 [INFO] [SCAN] 스캔 시작: 30개 페어 (캐시 34개 보유)
2026-07-31 13:04:33,766 [INFO] [상태] 잔고:$9.79 | 포지션:2개 | 스캔:1498회 | 스캐너:ON
2026-07-31 13:04:39,542 [INFO] [SCAN] 완료: 30개 종목 · 신호 0개 · API 호출 30회 · 캐시 히트 0회
2026-07-31 13:04:54,830 [INFO] [SCAN] 블랙리스트 4개 제외: ['IP/USDT:USDT', 'NES/USDT:USDT', 'WLD/USDT:USDT', 'XAG/USDT:USDT', 'XAU/USDT:USDT', 'XAUT/USDT:USDT']
2026-07-31 13:04:54,830 [INFO] [SCAN] 스캔 시작: 30개 페어 (캐시 34개 보유)
2026-07-31 13:05:08,588 [INFO] [SCAN] 완료: 30개 종목 · 신호 0개 · API 호출 30회 · 캐시 히트 0회
2026-07-31 13:05:23,878 [INFO] [SCAN] 블랙리스트 4개 제외: ['IP/USDT:USDT', 'NES/USDT:USDT', 'WLD/USDT:USDT', 'XAG/USDT:USDT', 'XAU/USDT:USDT', 'XAUT/USDT:USDT']
2026-07-31 13:05:23,879 [INFO] [SCAN] 스캔 시작: 30개 페어 (캐시 34개 보유)
2026-07-31 13:05:34,345 [INFO] [상태] 잔고:$9.79 | 포지션:2개 | 스캔:1500회 | 스캐너:ON
2026-07-31 13:05:37,984 [INFO] [SCAN] 완료: 30개 종목 · 신호 0개 · API 호출 30회 · 캐시 히트 0회
2026-07-31 13:05:55,250 [INFO] [SCAN] 블랙리스트 4개 제외: ['IP/USDT:USDT', 'NES/USDT:USDT', 'WLD/USDT:USDT', 'XAG/USDT:USDT', 'XAU/USDT:USDT', 'XAUT/USDT:USDT']
2026-07-31 13:05:55,250 [INFO] [SCAN] 스캔 시작: 30개 페어 (캐시 34개 보유)
2026-07-31 13:06:09,185 [INFO] [SCAN] 완료: 30개 종목 · 신호 0개 · API 호출 30회 · 캐시 히트 0회
2026-07-31 13:06:24,453 [INFO] [SCAN] 블랙리스트 4개 제외: ['IP/USDT:USDT', 'NES/USDT:USDT', 'WLD/USDT:USDT', 'XAG/USDT:USDT', 'XAU/USDT:USDT', 'XAUT/USDT:USDT']
2026-07-31 13:06:24,454 [INFO] [SCAN] 스캔 시작: 30개 페어 (캐시 34개 보유)
2026-07-31 13:06:34,986 [INFO] [상태] 잔고:$9.78 | 포지션:2개 | 스캔:1502회 | 스캐너:ON
2026-07-31 13:06:38,044 [INFO] [SCAN] 완료: 30개 종목 · 신호 0개 · API 호출 30회 · 캐시 히트 0회
2026-07-31 13:06:55,028 [INFO] [SCAN] 블랙리스트 4개 제외: ['IP/USDT:USDT', 'NES/USDT:USDT', 'WLD/USDT:USDT', 'XAG/USDT:USDT', 'XAU/USDT:USDT', 'XAUT/USDT:USDT']
2026-07-31 13:06:55,028 [INFO] [SCAN] 스캔 시작: 30개 페어 (캐시 34개 보유)
2026-07-31 13:07:08,386 [INFO] [SCAN] 완료: 30개 종목 · 신호 0개 · API 호출 30회 · 캐시 히트 0회
2026-07-31 13:07:23,656 [INFO] [SCAN] 블랙리스트 4개 제외: ['IP/USDT:USDT', 'NES/USDT:USDT', 'WLD/USDT:USDT', 'XAG/USDT:USDT', 'XAU/USDT:USDT', 'XAUT/USDT:USDT']
2026-07-31 13:07:23,657 [INFO] [SCAN] 스캔 시작: 30개 페어 (캐시 34개 보유)
2026-07-31 13:07:35,717 [INFO] [상태] 잔고:$9.77 | 포지션:2개 | 스캔:1504회 | 스캐너:ON
2026-07-31 13:07:37,297 [INFO] [SCAN] 완료: 30개 종목 · 신호 0개 · API 호출 30회 · 캐시 히트 0회
2026-07-31 13:07:52,571 [INFO] [SCAN] 블랙리스트 4개 제외: ['IP/USDT:USDT', 'NES/USDT:USDT', 'WLD/USDT:USDT', 'XAG/USDT:USDT', 'XAU/USDT:USDT', 'XAUT/USDT:USDT']
2026-07-31 13:07:52,571 [INFO] [SCAN] 스캔 시작: 30개 페어 (캐시 34개 보유)
2026-07-31 13:08:06,095 [INFO] [SCAN] 완료: 30개 종목 · 신호 0개 · API 호출 30회 · 캐시 히트 0회
2026-07-31 13:08:23,249 [INFO] [SCAN] 블랙리스트 4개 제외: ['IP/USDT:USDT', 'NES/USDT:USDT', 'WLD/USDT:USDT', 'XAG/USDT:USDT', 'XAU/USDT:USDT', 'XAUT/USDT:USDT']
2026-07-31 13:08:23,249 [INFO] [SCAN] 스캔 시작: 30개 페어 (캐시 34개 보유)
2026-07-31 13:08:36,238 [INFO] [상태] 잔고:$9.75 | 포지션:2개 | 스캔:1506회 | 스캐너:ON
2026-07-31 13:08:37,044 [INFO] [SCAN] 완료: 30개 종목 · 신호 0개 · API 호출 30회 · 캐시 히트 0회
2026-07-31 13:08:52,329 [INFO] [SCAN] 블랙리스트 4개 제외: ['IP/USDT:USDT', 'NES/USDT:USDT', 'WLD/USDT:USDT', 'XAG/USDT:USDT', 'XAU/USDT:USDT', 'XAUT/USDT:USDT']
2026-07-31 13:08:52,329 [INFO] [SCAN] 스캔 시작: 30개 페어 (캐시 34개 보유)
2026-07-31 13:09:05,564 [INFO] [SCAN] 완료: 30개 종목 · 신호 0개 · API 호출 30회 · 캐시 히트 0회
2026-07-31 13:09:20,880 [INFO] [SCAN] 블랙리스트 4개 제외: ['IP/USDT:USDT', 'NES/USDT:USDT', 'WLD/USDT:USDT', 'XAG/USDT:USDT', 'XAU/USDT:USDT', 'XAUT/USDT:USDT']
2026-07-31 13:09:20,882 [INFO] [SCAN] 스캔 시작: 30개 페어 (캐시 34개 보유)
2026-07-31 13:09:34,349 [INFO] [SCAN] 완료: 30개 종목 · 신호 0개 · API 호출 30회 · 캐시 히트 0회
2026-07-31 13:09:36,750 [INFO] [상태] 잔고:$9.77 | 포지션:2개 | 스캔:1509회 | 스캐너:ON
2026-07-31 13:09:51,596 [INFO] [SCAN] 블랙리스트 4개 제외: ['IP/USDT:USDT', 'NES/USDT:USDT', 'WLD/USDT:USDT', 'XAG/USDT:USDT', 'XAU/USDT:USDT', 'XAUT/USDT:USDT']
2026-07-31 13:09:51,596 [INFO] [SCAN] 스캔 시작: 30개 페어 (캐시 34개 보유)
2026-07-31 13:10:05,101 [INFO] [SCAN] 완료: 30개 종목 · 신호 0개 · API 호출 30회 · 캐시 히트 0회
2026-07-31 13:10:20,414 [INFO] [SCAN] 블랙리스트 4개 제외: ['IP/USDT:USDT', 'NES/USDT:USDT', 'WLD/USDT:USDT', 'XAG/USDT:USDT', 'XAU/USDT:USDT', 'XAUT/USDT:USDT']
2026-07-31 13:10:20,414 [INFO] [SCAN] 스캔 시작: 30개 페어 (캐시 34개 보유)
2026-07-31 13:10:33,777 [INFO] [SCAN] 완료: 30개 종목 · 신호 0개 · API 호출 30회 · 캐시 히트 0회
2026-07-31 13:10:37,311 [INFO] [상태] 잔고:$9.77 | 포지션:2개 | 스캔:1511회 | 스캐너:ON
2026-07-31 13:10:49,163 [INFO] [SCAN] 블랙리스트 4개 제외: ['IP/USDT:USDT', 'NES/USDT:USDT', 'WLD/USDT:USDT', 'XAG/USDT:USDT', 'XAU/USDT:USDT', 'XAUT/USDT:USDT']
2026-07-31 13:10:49,164 [INFO] [SCAN] 스캔 시작: 30개 페어 (캐시 34개 보유)
2026-07-31 13:11:02,724 [INFO] [SCAN] 완료: 30개 종목 · 신호 0개 · API 호출 30회 · 캐시 히트 0회
2026-07-31 13:11:19,775 [INFO] [SCAN] 블랙리스트 4개 제외: ['IP/USDT:USDT', 'NES/USDT:USDT', 'WLD/USDT:USDT', 'XAG/USDT:USDT', 'XAU/USDT:USDT', 'XAUT/USDT:USDT']
2026-07-31 13:11:19,775 [INFO] [SCAN] 스캔 시작: 30개 페어 (캐시 34개 보유)
2026-07-31 13:11:33,100 [INFO] [SCAN] 완료: 30개 종목 · 신호 0개 · API 호출 30회 · 캐시 히트 0회
2026-07-31 13:11:37,781 [INFO] [상태] 잔고:$9.77 | 포지션:2개 | 스캔:1513회 | 스캐너:ON
2026-07-31 13:11:48,467 [INFO] [SCAN] 블랙리스트 4개 제외: ['IP/USDT:USDT', 'NES/USDT:USDT', 'WLD/USDT:USDT', 'XAG/USDT:USDT', 'XAU/USDT:USDT', 'XAUT/USDT:USDT']
2026-07-31 13:11:48,467 [INFO] [SCAN] 스캔 시작: 30개 페어 (캐시 34개 보유)
2026-07-31 13:12:01,781 [INFO] [SCAN] 완료: 30개 종목 · 신호 0개 · API 호출 30회 · 캐시 히트 0회
2026-07-31 13:12:17,059 [INFO] [SCAN] 블랙리스트 4개 제외: ['IP/USDT:USDT', 'NES/USDT:USDT', 'WLD/USDT:USDT', 'XAG/USDT:USDT', 'XAU/USDT:USDT', 'XAUT/USDT:USDT']
2026-07-31 13:12:17,059 [INFO] [SCAN] 스캔 시작: 30개 페어 (캐시 34개 보유)
2026-07-31 13:12:30,754 [INFO] [SCAN] 완료: 30개 종목 · 신호 0개 · API 호출 30회 · 캐시 히트 0회
2026-07-31 13:12:38,390 [INFO] [상태] 잔고:$9.77 | 포지션:2개 | 스캔:1515회 | 스캐너:ON
2026-07-31 13:12:47,908 [INFO] [SCAN] 블랙리스트 4개 제외: ['IP/USDT:USDT', 'NES/USDT:USDT', 'WLD/USDT:USDT', 'XAG/USDT:USDT', 'XAU/USDT:USDT', 'XAUT/USDT:USDT']
2026-07-31 13:12:47,909 [INFO] [SCAN] 스캔 시작: 30개 페어 (캐시 34개 보유)
2026-07-31 13:13:01,301 [INFO] [SCAN] 완료: 30개 종목 · 신호 0개 · API 호출 30회 · 캐시 히트 0회
2026-07-31 13:13:16,599 [INFO] [SCAN] 블랙리스트 4개 제외: ['IP/USDT:USDT', 'NES/USDT:USDT', 'WLD/USDT:USDT', 'XAG/USDT:USDT', 'XAU/USDT:USDT', 'XAUT/USDT:USDT']
2026-07-31 13:13:16,599 [INFO] [SCAN] 스캔 시작: 30개 페어 (캐시 34개 보유)
2026-07-31 13:13:29,885 [INFO] [SCAN] 완료: 30개 종목 · 신호 0개 · API 호출 30회 · 캐시 히트 0회
2026-07-31 13:13:38,843 [INFO] [상태] 잔고:$9.76 | 포지션:2개 | 스캔:1517회 | 스캐너:ON
2026-07-31 13:13:45,528 [INFO] [SCAN] 블랙리스트 4개 제외: ['IP/USDT:USDT', 'NES/USDT:USDT', 'WLD/USDT:USDT', 'XAG/USDT:USDT', 'XAU/USDT:USDT', 'XAUT/USDT:USDT']
2026-07-31 13:13:45,528 [INFO] [SCAN] 스캔 시작: 30개 페어 (캐시 34개 보유)
2026-07-31 13:13:58,846 [INFO] [SCAN] 완료: 30개 종목 · 신호 0개 · API 호출 30회 · 캐시 히트 0회
2026-07-31 13:14:15,931 [INFO] [SCAN] 블랙리스트 4개 제외: ['IP/USDT:USDT', 'NES/USDT:USDT', 'WLD/USDT:USDT', 'XAG/USDT:USDT', 'XAU/USDT:USDT', 'XAUT/USDT:USDT']
2026-07-31 13:14:15,932 [INFO] [SCAN] 스캔 시작: 30개 페어 (캐시 34개 보유)
2026-07-31 13:14:29,201 [INFO] [SCAN] 완료: 30개 종목 · 신호 0개 · API 호출 30회 · 캐시 히트 0회
2026-07-31 13:14:39,318 [INFO] [상태] 잔고:$9.75 | 포지션:2개 | 스캔:1519회 | 스캐너:ON
2026-07-31 13:14:44,621 [INFO] [SCAN] 블랙리스트 4개 제외: ['IP/USDT:USDT', 'NES/USDT:USDT', 'WLD/USDT:USDT', 'XAG/USDT:USDT', 'XAU/USDT:USDT', 'XAUT/USDT:USDT']
2026-07-31 13:14:44,621 [INFO] [SCAN] 스캔 시작: 30개 페어 (캐시 34개 보유)
2026-07-31 13:14:58,017 [INFO] [SCAN] 완료: 30개 종목 · 신호 0개 · API 호출 30회 · 캐시 히트 0회
2026-07-31 13:15:13,312 [INFO] [SCAN] 블랙리스트 4개 제외: ['IP/USDT:USDT', 'NES/USDT:USDT', 'WLD/USDT:USDT', 'XAG/USDT:USDT', 'XAU/USDT:USDT', 'XAUT/USDT:USDT']
2026-07-31 13:15:13,313 [INFO] [SCAN] 스캔 시작: 30개 페어 (캐시 34개 보유)
2026-07-31 13:15:26,688 [INFO] [SCAN] 완료: 30개 종목 · 신호 0개 · API 호출 30회 · 캐시 히트 0회
2026-07-31 13:15:39,829 [INFO] [상태] 잔고:$9.76 | 포지션:2개 | 스캔:1521회 | 스캐너:ON
2026-07-31 13:15:43,808 [INFO] [SCAN] 블랙리스트 4개 제외: ['IP/USDT:USDT', 'NES/USDT:USDT', 'WLD/USDT:USDT', 'XAG/USDT:USDT', 'XAU/USDT:USDT', 'XAUT/USDT:USDT']
2026-07-31 13:15:43,808 [INFO] [SCAN] 스캔 시작: 30개 페어 (캐시 34개 보유)
2026-07-31 13:15:57,313 [INFO] [SCAN] 완료: 30개 종목 · 신호 0개 · API 호출 30회 · 캐시 히트 0회
2026-07-31 13:16:12,590 [INFO] [SCAN] 블랙리스트 4개 제외: ['IP/USDT:USDT', 'NES/USDT:USDT', 'WLD/USDT:USDT', 'XAG/USDT:USDT', 'XAU/USDT:USDT', 'XAUT/USDT:USDT']
2026-07-31 13:16:12,590 [INFO] [SCAN] 스캔 시작: 30개 페어 (캐시 34개 보유)
2026-07-31 13:16:25,867 [INFO] [SCAN] 완료: 30개 종목 · 신호 0개 · API 호출 30회 · 캐시 히트 0회
2026-07-31 13:16:40,302 [INFO] [상태] 잔고:$9.76 | 포지션:2개 | 스캔:1523회 | 스캐너:ON
2026-07-31 13:16:41,277 [INFO] [SCAN] 블랙리스트 4개 제외: ['IP/USDT:USDT', 'NES/USDT:USDT', 'WLD/USDT:USDT', 'XAG/USDT:USDT', 'XAU/USDT:USDT', 'XAUT/USDT:USDT']
2026-07-31 13:16:41,277 [INFO] [SCAN] 스캔 시작: 30개 페어 (캐시 34개 보유)
2026-07-31 13:16:54,519 [INFO] [SCAN] 완료: 30개 종목 · 신호 0개 · API 호출 30회 · 캐시 히트 0회
2026-07-31 13:17:11,577 [INFO] [SCAN] 블랙리스트 4개 제외: ['IP/USDT:USDT', 'NES/USDT:USDT', 'WLD/USDT:USDT', 'XAG/USDT:USDT', 'XAU/USDT:USDT', 'XAUT/USDT:USDT']
2026-07-31 13:17:11,578 [INFO] [SCAN] 스캔 시작: 30개 페어 (캐시 34개 보유)
2026-07-31 13:17:25,611 [INFO] [SCAN] 완료: 30개 종목 · 신호 0개 · API 호출 30회 · 캐시 히트 0회
2026-07-31 13:17:40,938 [INFO] [상태] 잔고:$9.74 | 포지션:2개 | 스캔:1525회 | 스캐너:ON
2026-07-31 13:17:41,137 [INFO] [SCAN] 블랙리스트 4개 제외: ['IP/USDT:USDT', 'NES/USDT:USDT', 'WLD/USDT:USDT', 'XAG/USDT:USDT', 'XAU/USDT:USDT', 'XAUT/USDT:USDT']
2026-07-31 13:17:41,138 [INFO] [SCAN] 스캔 시작: 30개 페어 (캐시 34개 보유)
2026-07-31 13:17:54,610 [INFO] [SCAN] 완료: 30개 종목 · 신호 0개 · API 호출 30회 · 캐시 히트 0회
2026-07-31 13:18:11,709 [INFO] [SCAN] 블랙리스트 4개 제외: ['IP/USDT:USDT', 'NES/USDT:USDT', 'WLD/USDT:USDT', 'XAG/USDT:USDT', 'XAU/USDT:USDT', 'XAUT/USDT:USDT']
2026-07-31 13:18:11,709 [INFO] [SCAN] 스캔 시작: 30개 페어 (캐시 34개 보유)
2026-07-31 13:18:25,285 [INFO] [SCAN] 완료: 30개 종목 · 신호 0개 · API 호출 30회 · 캐시 히트 0회
2026-07-31 13:18:40,553 [INFO] [SCAN] 블랙리스트 4개 제외: ['IP/USDT:USDT', 'NES/USDT:USDT', 'WLD/USDT:USDT', 'XAG/USDT:USDT', 'XAU/USDT:USDT', 'XAUT/USDT:USDT']
2026-07-31 13:18:40,554 [INFO] [SCAN] 스캔 시작: 30개 페어 (캐시 34개 보유)
2026-07-31 13:18:41,545 [INFO] [상태] 잔고:$9.73 | 포지션:2개 | 스캔:1527회 | 스캐너:ON
2026-07-31 13:18:54,186 [INFO] [SCAN] 완료: 30개 종목 · 신호 0개 · API 호출 30회 · 캐시 히트 0회
2026-07-31 13:19:09,464 [INFO] [SCAN] 블랙리스트 4개 제외: ['IP/USDT:USDT', 'NES/USDT:USDT', 'WLD/USDT:USDT', 'XAG/USDT:USDT', 'XAU/USDT:USDT', 'XAUT/USDT:USDT']
2026-07-31 13:19:09,464 [INFO] [SCAN] 스캔 시작: 30개 페어 (캐시 34개 보유)
2026-07-31 13:19:22,960 [INFO] [SCAN] 완료: 30개 종목 · 신호 0개 · API 호출 30회 · 캐시 히트 0회
2026-07-31 13:19:40,104 [INFO] [SCAN] 블랙리스트 4개 제외: ['IP/USDT:USDT', 'NES/USDT:USDT', 'WLD/USDT:USDT', 'XAG/USDT:USDT', 'XAU/USDT:USDT', 'XAUT/USDT:USDT']
2026-07-31 13:19:40,104 [INFO] [SCAN] 스캔 시작: 30개 페어 (캐시 34개 보유)
2026-07-31 13:19:41,997 [INFO] [상태] 잔고:$9.74 | 포지션:2개 | 스캔:1529회 | 스캐너:ON
2026-07-31 13:19:53,526 [INFO] [SCAN] 완료: 30개 종목 · 신호 0개 · API 호출 30회 · 캐시 히트 0회
2026-07-31 13:20:08,844 [INFO] [SCAN] 블랙리스트 4개 제외: ['IP/USDT:USDT', 'NES/USDT:USDT', 'WLD/USDT:USDT', 'XAG/USDT:USDT', 'XAU/USDT:USDT', 'XAUT/USDT:USDT']
2026-07-31 13:20:08,844 [INFO] [SCAN] 스캔 시작: 30개 페어 (캐시 34개 보유)
2026-07-31 13:20:22,277 [INFO] [SCAN] 완료: 30개 종목 · 신호 0개 · API 호출 30회 · 캐시 히트 0회
2026-07-31 13:20:37,534 [INFO] [SCAN] 블랙리스트 4개 제외: ['IP/USDT:USDT', 'NES/USDT:USDT', 'WLD/USDT:USDT', 'XAG/USDT:USDT', 'XAU/USDT:USDT', 'XAUT/USDT:USDT']
2026-07-31 13:20:37,534 [INFO] [SCAN] 스캔 시작: 30개 페어 (캐시 34개 보유)
2026-07-31 13:20:42,564 [INFO] [상태] 잔고:$9.73 | 포지션:2개 | 스캔:1531회 | 스캐너:ON
2026-07-31 13:20:51,027 [INFO] [SCAN] 완료: 30개 종목 · 신호 0개 · API 호출 30회 · 캐시 히트 0회
2026-07-31 13:21:08,097 [INFO] [SCAN] 블랙리스트 4개 제외: ['IP/USDT:USDT', 'NES/USDT:USDT', 'WLD/USDT:USDT', 'XAG/USDT:USDT', 'XAU/USDT:USDT', 'XAUT/USDT:USDT']
2026-07-31 13:21:08,097 [INFO] [SCAN] 스캔 시작: 30개 페어 (캐시 34개 보유)
2026-07-31 13:21:21,932 [INFO] [SCAN] 완료: 30개 종목 · 신호 0개 · API 호출 30회 · 캐시 히트 0회
2026-07-31 13:21:37,465 [INFO] [SCAN] 블랙리스트 4개 제외: ['IP/USDT:USDT', 'NES/USDT:USDT', 'WLD/USDT:USDT', 'XAG/USDT:USDT', 'XAU/USDT:USDT', 'XAUT/USDT:USDT']
2026-07-31 13:21:37,466 [INFO] [SCAN] 스캔 시작: 30개 페어 (캐시 34개 보유)
2026-07-31 13:21:43,131 [INFO] [상태] 잔고:$9.72 | 포지션:2개 | 스캔:1533회 | 스캐너:ON
2026-07-31 13:21:50,996 [INFO] [SCAN] 완료: 30개 종목 · 신호 0개 · API 호출 30회 · 캐시 히트 0회
2026-07-31 13:22:06,268 [INFO] [SCAN] 블랙리스트 4개 제외: ['IP/USDT:USDT', 'NES/USDT:USDT', 'WLD/USDT:USDT', 'XAG/USDT:USDT', 'XAU/USDT:USDT', 'XAUT/USDT:USDT']
2026-07-31 13:22:06,269 [INFO] [SCAN] 스캔 시작: 30개 페어 (캐시 34개 보유)
2026-07-31 13:22:19,713 [INFO] [SCAN] 완료: 30개 종목 · 신호 0개 · API 호출 30회 · 캐시 히트 0회
2026-07-31 13:22:36,754 [INFO] [SCAN] 블랙리스트 4개 제외: ['IP/USDT:USDT', 'NES/USDT:USDT', 'WLD/USDT:USDT', 'XAG/USDT:USDT', 'XAU/USDT:USDT', 'XAUT/USDT:USDT']
2026-07-31 13:22:36,755 [INFO] [SCAN] 스캔 시작: 30개 페어 (캐시 34개 보유)
2026-07-31 13:22:43,623 [INFO] [상태] 잔고:$9.71 | 포지션:2개 | 스캔:1535회 | 스캐너:ON
2026-07-31 13:22:51,049 [INFO] [SCAN] 완료: 30개 종목 · 신호 0개 · API 호출 30회 · 캐시 히트 0회
2026-07-31 13:23:06,365 [INFO] [SCAN] 블랙리스트 4개 제외: ['IP/USDT:USDT', 'NES/USDT:USDT', 'WLD/USDT:USDT', 'XAG/USDT:USDT', 'XAU/USDT:USDT', 'XAUT/USDT:USDT']
2026-07-31 13:23:06,366 [INFO] [SCAN] 스캔 시작: 30개 페어 (캐시 34개 보유)
2026-07-31 13:23:19,902 [INFO] [SCAN] 완료: 30개 종목 · 신호 0개 · API 호출 30회 · 캐시 히트 0회
2026-07-31 13:23:37,135 [INFO] [SCAN] 블랙리스트 4개 제외: ['IP/USDT:USDT', 'NES/USDT:USDT', 'WLD/USDT:USDT', 'XAG/USDT:USDT', 'XAU/USDT:USDT', 'XAUT/USDT:USDT']
2026-07-31 13:23:37,136 [INFO] [SCAN] 스캔 시작: 30개 페어 (캐시 34개 보유)
2026-07-31 13:23:44,259 [INFO] [상태] 잔고:$9.70 | 포지션:2개 | 스캔:1537회 | 스캐너:ON
2026-07-31 13:23:51,107 [INFO] [SCAN] 완료: 30개 종목 · 신호 0개 · API 호출 30회 · 캐시 히트 0회
2026-07-31 13:24:06,400 [INFO] [SCAN] 블랙리스트 4개 제외: ['IP/USDT:USDT', 'NES/USDT:USDT', 'WLD/USDT:USDT', 'XAG/USDT:USDT', 'XAU/USDT:USDT', 'XAUT/USDT:USDT']
2026-07-31 13:24:06,401 [INFO] [SCAN] 스캔 시작: 30개 페어 (캐시 34개 보유)
2026-07-31 13:24:20,239 [INFO] [SCAN] 완료: 30개 종목 · 신호 0개 · API 호출 30회 · 캐시 히트 0회
2026-07-31 13:24:37,419 [INFO] [SCAN] 블랙리스트 4개 제외: ['IP/USDT:USDT', 'NES/USDT:USDT', 'WLD/USDT:USDT', 'XAG/USDT:USDT', 'XAU/USDT:USDT', 'XAUT/USDT:USDT']
2026-07-31 13:24:37,419 [INFO] [SCAN] 스캔 시작: 30개 페어 (캐시 34개 보유)
2026-07-31 13:24:44,711 [INFO] [상태] 잔고:$9.71 | 포지션:2개 | 스캔:1539회 | 스캐너:ON
2026-07-31 13:24:51,039 [INFO] [SCAN] 완료: 30개 종목 · 신호 0개 · API 호출 30회 · 캐시 히트 0회
2026-07-31 13:25:06,398 [INFO] [SCAN] 블랙리스트 4개 제외: ['IP/USDT:USDT', 'NES/USDT:USDT', 'WLD/USDT:USDT', 'XAG/USDT:USDT', 'XAU/USDT:USDT', 'XAUT/USDT:USDT']
2026-07-31 13:25:06,399 [INFO] [SCAN] 스캔 시작: 30개 페어 (캐시 34개 보유)
2026-07-31 13:25:20,127 [INFO] [SCAN] 완료: 30개 종목 · 신호 0개 · API 호출 30회 · 캐시 히트 0회
2026-07-31 13:25:35,390 [INFO] [SCAN] 블랙리스트 4개 제외: ['IP/USDT:USDT', 'NES/USDT:USDT', 'WLD/USDT:USDT', 'XAG/USDT:USDT', 'XAU/USDT:USDT', 'XAUT/USDT:USDT']
2026-07-31 13:25:35,391 [INFO] [SCAN] 스캔 시작: 30개 페어 (캐시 34개 보유)
2026-07-31 13:25:45,288 [INFO] [상태] 잔고:$9.73 | 포지션:2개 | 스캔:1541회 | 스캐너:ON
2026-07-31 13:25:49,004 [INFO] [SCAN] 완료: 30개 종목 · 신호 0개 · API 호출 30회 · 캐시 히트 0회
2026-07-31 13:26:06,204 [INFO] [SCAN] 블랙리스트 4개 제외: ['IP/USDT:USDT', 'NES/USDT:USDT', 'WLD/USDT:USDT', 'XAG/USDT:USDT', 'XAU/USDT:USDT', 'XAUT/USDT:USDT']
2026-07-31 13:26:06,204 [INFO] [SCAN] 스캔 시작: 30개 페어 (캐시 34개 보유)
2026-07-31 13:26:19,316 [INFO] [SCAN] 완료: 29개 종목 · 신호 0개 · API 호출 29회 · 캐시 히트 0회
2026-07-31 13:26:34,564 [INFO] [SCAN] 블랙리스트 4개 제외: ['IP/USDT:USDT', 'NES/USDT:USDT', 'WLD/USDT:USDT', 'XAG/USDT:USDT', 'XAU/USDT:USDT', 'XAUT/USDT:USDT']
2026-07-31 13:26:34,564 [INFO] [SCAN] 스캔 시작: 30개 페어 (캐시 34개 보유)
2026-07-31 13:26:45,794 [INFO] [상태] 잔고:$9.74 | 포지션:2개 | 스캔:1543회 | 스캐너:ON
2026-07-31 13:26:48,386 [INFO] [SCAN] 완료: 30개 종목 · 신호 0개 · API 호출 30회 · 캐시 히트 0회
2026-07-31 13:27:03,685 [INFO] [SCAN] 블랙리스트 4개 제외: ['IP/USDT:USDT', 'NES/USDT:USDT', 'WLD/USDT:USDT', 'XAG/USDT:USDT', 'XAU/USDT:USDT', 'XAUT/USDT:USDT']
2026-07-31 13:27:03,685 [INFO] [SCAN] 스캔 시작: 30개 페어 (캐시 34개 보유)
2026-07-31 13:27:17,427 [INFO] [SCAN] 완료: 30개 종목 · 신호 0개 · API 호출 30회 · 캐시 히트 0회
2026-07-31 13:27:34,679 [INFO] [SCAN] 블랙리스트 4개 제외: ['IP/USDT:USDT', 'NES/USDT:USDT', 'WLD/USDT:USDT', 'XAG/USDT:USDT', 'XAU/USDT:USDT', 'XAUT/USDT:USDT']
2026-07-31 13:27:34,679 [INFO] [SCAN] 스캔 시작: 30개 페어 (캐시 34개 보유)
2026-07-31 13:27:46,258 [INFO] [상태] 잔고:$9.76 | 포지션:2개 | 스캔:1545회 | 스캐너:ON
2026-07-31 13:27:48,572 [INFO] [SCAN] 완료: 30개 종목 · 신호 0개 · API 호출 30회 · 캐시 히트 0회
2026-07-31 13:28:03,843 [INFO] [SCAN] 블랙리스트 4개 제외: ['IP/USDT:USDT', 'NES/USDT:USDT', 'WLD/USDT:USDT', 'XAG/USDT:USDT', 'XAU/USDT:USDT', 'XAUT/USDT:USDT']
2026-07-31 13:28:03,843 [INFO] [SCAN] 스캔 시작: 30개 페어 (캐시 34개 보유)
2026-07-31 13:28:17,651 [INFO] [SCAN] 완료: 30개 종목 · 신호 0개 · API 호출 30회 · 캐시 히트 0회
2026-07-31 13:28:34,844 [INFO] [SCAN] 블랙리스트 4개 제외: ['IP/USDT:USDT', 'NES/USDT:USDT', 'WLD/USDT:USDT', 'XAG/USDT:USDT', 'XAU/USDT:USDT', 'XAUT/USDT:USDT']
2026-07-31 13:28:34,844 [INFO] [SCAN] 스캔 시작: 30개 페어 (캐시 34개 보유)
2026-07-31 13:28:46,831 [INFO] [상태] 잔고:$9.76 | 포지션:2개 | 스캔:1547회 | 스캐너:ON
2026-07-31 13:28:48,748 [INFO] [SCAN] 완료: 30개 종목 · 신호 0개 · API 호출 30회 · 캐시 히트 0회
2026-07-31 13:29:04,052 [INFO] [SCAN] 블랙리스트 4개 제외: ['IP/USDT:USDT', 'NES/USDT:USDT', 'WLD/USDT:USDT', 'XAG/USDT:USDT', 'XAU/USDT:USDT', 'XAUT/USDT:USDT']
2026-07-31 13:29:04,052 [INFO] [SCAN] 스캔 시작: 30개 페어 (캐시 34개 보유)
2026-07-31 13:29:17,817 [INFO] [SCAN] 완료: 30개 종목 · 신호 0개 · API 호출 30회 · 캐시 히트 0회
2026-07-31 13:29:35,137 [INFO] [SCAN] 블랙리스트 4개 제외: ['IP/USDT:USDT', 'NES/USDT:USDT', 'WLD/USDT:USDT', 'XAG/USDT:USDT', 'XAU/USDT:USDT', 'XAUT/USDT:USDT']
2026-07-31 13:29:35,138 [INFO] [SCAN] 스캔 시작: 30개 페어 (캐시 34개 보유)
2026-07-31 13:29:47,358 [INFO] [상태] 잔고:$9.77 | 포지션:2개 | 스캔:1549회 | 스캐너:ON
2026-07-31 13:29:49,061 [INFO] [SCAN] 완료: 30개 종목 · 신호 0개 · API 호출 30회 · 캐시 히트 0회
2026-07-31 13:30:04,407 [INFO] [SCAN] 블랙리스트 4개 제외: ['IP/USDT:USDT', 'NES/USDT:USDT', 'WLD/USDT:USDT', 'XAG/USDT:USDT', 'XAU/USDT:USDT', 'XAUT/USDT:USDT']
2026-07-31 13:30:04,408 [INFO] [SCAN] 스캔 시작: 30개 페어 (캐시 34개 보유)
2026-07-31 13:30:17,711 [INFO] [SCAN] 완료: 30개 종목 · 신호 0개 · API 호출 30회 · 캐시 히트 0회
2026-07-31 13:30:33,013 [INFO] [SCAN] 블랙리스트 4개 제외: ['IP/USDT:USDT', 'NES/USDT:USDT', 'WLD/USDT:USDT', 'XAG/USDT:USDT', 'XAU/USDT:USDT', 'XAUT/USDT:USDT']
2026-07-31 13:30:33,013 [INFO] [SCAN] 스캔 시작: 30개 페어 (캐시 34개 보유)
2026-07-31 13:30:46,484 [INFO] [SCAN] 완료: 30개 종목 · 신호 0개 · API 호출 30회 · 캐시 히트 0회
2026-07-31 13:30:47,911 [INFO] [상태] 잔고:$9.78 | 포지션:2개 | 스캔:1552회 | 스캐너:ON
2026-07-31 13:31:03,920 [INFO] [SCAN] 블랙리스트 4개 제외: ['IP/USDT:USDT', 'NES/USDT:USDT', 'WLD/USDT:USDT', 'XAG/USDT:USDT', 'XAU/USDT:USDT', 'XAUT/USDT:USDT']
2026-07-31 13:31:03,921 [INFO] [SCAN] 스캔 시작: 30개 페어 (캐시 34개 보유)
2026-07-31 13:31:17,199 [INFO] [SCAN] 완료: 30개 종목 · 신호 0개 · API 호출 30회 · 캐시 히트 0회
2026-07-31 13:31:32,441 [INFO] [SCAN] 블랙리스트 4개 제외: ['IP/USDT:USDT', 'NES/USDT:USDT', 'WLD/USDT:USDT', 'XAG/USDT:USDT', 'XAU/USDT:USDT', 'XAUT/USDT:USDT']
2026-07-31 13:31:32,441 [INFO] [SCAN] 스캔 시작: 30개 페어 (캐시 34개 보유)
2026-07-31 13:31:46,135 [INFO] [SCAN] 완료: 30개 종목 · 신호 0개 · API 호출 30회 · 캐시 히트 0회
2026-07-31 13:31:48,472 [INFO] [상태] 잔고:$9.77 | 포지션:2개 | 스캔:1554회 | 스캐너:ON
2026-07-31 13:32:01,512 [INFO] [SCAN] 블랙리스트 4개 제외: ['IP/USDT:USDT', 'NES/USDT:USDT', 'WLD/USDT:USDT', 'XAG/USDT:USDT', 'XAU/USDT:USDT', 'XAUT/USDT:USDT']
2026-07-31 13:32:01,514 [INFO] [SCAN] 스캔 시작: 30개 페어 (캐시 34개 보유)
2026-07-31 13:32:15,251 [INFO] [SCAN] 완료: 30개 종목 · 신호 0개 · API 호출 30회 · 캐시 히트 0회
2026-07-31 13:32:32,238 [INFO] [SCAN] 블랙리스트 4개 제외: ['IP/USDT:USDT', 'NES/USDT:USDT', 'WLD/USDT:USDT', 'XAG/USDT:USDT', 'XAU/USDT:USDT', 'XAUT/USDT:USDT']
2026-07-31 13:32:32,239 [INFO] [SCAN] 스캔 시작: 30개 페어 (캐시 34개 보유)
2026-07-31 13:32:45,769 [INFO] [SCAN] 완료: 30개 종목 · 신호 0개 · API 호출 30회 · 캐시 히트 0회
2026-07-31 13:32:48,972 [INFO] [상태] 잔고:$9.76 | 포지션:2개 | 스캔:1556회 | 스캐너:ON
2026-07-31 13:33:01,163 [INFO] [SCAN] 블랙리스트 4개 제외: ['IP/USDT:USDT', 'NES/USDT:USDT', 'WLD/USDT:USDT', 'XAG/USDT:USDT', 'XAU/USDT:USDT', 'XAUT/USDT:USDT']
2026-07-31 13:33:01,163 [INFO] [SCAN] 스캔 시작: 30개 페어 (캐시 34개 보유)
2026-07-31 13:33:14,575 [INFO] [SCAN] 완료: 30개 종목 · 신호 0개 · API 호출 30회 · 캐시 히트 0회
2026-07-31 13:33:29,858 [INFO] [SCAN] 블랙리스트 4개 제외: ['IP/USDT:USDT', 'NES/USDT:USDT', 'WLD/USDT:USDT', 'XAG/USDT:USDT', 'XAU/USDT:USDT', 'XAUT/USDT:USDT']
2026-07-31 13:33:29,859 [INFO] [SCAN] 스캔 시작: 30개 페어 (캐시 34개 보유)
2026-07-31 13:33:43,310 [INFO] [SCAN] 완료: 30개 종목 · 신호 0개 · API 호출 30회 · 캐시 히트 0회
2026-07-31 13:33:49,682 [INFO] [상태] 잔고:$9.77 | 포지션:2개 | 스캔:1558회 | 스캐너:ON
2026-07-31 13:34:00,458 [INFO] [SCAN] 블랙리스트 4개 제외: ['IP/USDT:USDT', 'NES/USDT:USDT', 'WLD/USDT:USDT', 'XAG/USDT:USDT', 'XAU/USDT:USDT', 'XAUT/USDT:USDT']
2026-07-31 13:34:00,458 [INFO] [SCAN] 스캔 시작: 30개 페어 (캐시 34개 보유)
2026-07-31 13:34:13,774 [INFO] [SCAN] 완료: 30개 종목 · 신호 0개 · API 호출 30회 · 캐시 히트 0회
2026-07-31 13:34:29,058 [INFO] [SCAN] 블랙리스트 4개 제외: ['IP/USDT:USDT', 'NES/USDT:USDT', 'WLD/USDT:USDT', 'XAG/USDT:USDT', 'XAU/USDT:USDT', 'XAUT/USDT:USDT']
2026-07-31 13:34:29,060 [INFO] [SCAN] 스캔 시작: 30개 페어 (캐시 34개 보유)
2026-07-31 13:34:42,622 [INFO] [SCAN] 완료: 30개 종목 · 신호 0개 · API 호출 30회 · 캐시 히트 0회
2026-07-31 13:34:50,274 [INFO] [상태] 잔고:$9.77 | 포지션:2개 | 스캔:1560회 | 스캐너:ON
2026-07-31 13:34:58,036 [INFO] [SCAN] 블랙리스트 4개 제외: ['IP/USDT:USDT', 'NES/USDT:USDT', 'WLD/USDT:USDT', 'XAG/USDT:USDT', 'XAU/USDT:USDT', 'XAUT/USDT:USDT']
2026-07-31 13:34:58,037 [INFO] [SCAN] 스캔 시작: 30개 페어 (캐시 34개 보유)
2026-07-31 13:35:11,691 [INFO] [SCAN] 완료: 30개 종목 · 신호 0개 · API 호출 30회 · 캐시 히트 0회
2026-07-31 13:35:28,810 [INFO] [SCAN] 블랙리스트 4개 제외: ['IP/USDT:USDT', 'NES/USDT:USDT', 'WLD/USDT:USDT', 'XAG/USDT:USDT', 'XAU/USDT:USDT', 'XAUT/USDT:USDT']
2026-07-31 13:35:28,812 [INFO] [SCAN] 스캔 시작: 30개 페어 (캐시 34개 보유)
2026-07-31 13:35:42,134 [INFO] [SCAN] 완료: 30개 종목 · 신호 0개 · API 호출 30회 · 캐시 히트 0회
2026-07-31 13:35:50,837 [INFO] [상태] 잔고:$9.77 | 포지션:2개 | 스캔:1562회 | 스캐너:ON
2026-07-31 13:35:57,524 [INFO] [SCAN] 블랙리스트 4개 제외: ['IP/USDT:USDT', 'NES/USDT:USDT', 'WLD/USDT:USDT', 'XAG/USDT:USDT', 'XAU/USDT:USDT', 'XAUT/USDT:USDT']
2026-07-31 13:35:57,524 [INFO] [SCAN] 스캔 시작: 30개 페어 (캐시 34개 보유)
2026-07-31 13:36:10,808 [INFO] [SCAN] 완료: 30개 종목 · 신호 0개 · API 호출 30회 · 캐시 히트 0회
2026-07-31 13:36:26,187 [INFO] [SCAN] 블랙리스트 4개 제외: ['IP/USDT:USDT', 'NES/USDT:USDT', 'WLD/USDT:USDT', 'XAG/USDT:USDT', 'XAU/USDT:USDT', 'XAUT/USDT:USDT']
2026-07-31 13:36:26,189 [INFO] [SCAN] 스캔 시작: 30개 페어 (캐시 34개 보유)
2026-07-31 13:36:39,600 [INFO] [SCAN] 완료: 30개 종목 · 신호 0개 · API 호출 30회 · 캐시 히트 0회
2026-07-31 13:36:51,351 [INFO] [상태] 잔고:$9.78 | 포지션:2개 | 스캔:1564회 | 스캐너:ON
2026-07-31 13:36:56,743 [INFO] [SCAN] 블랙리스트 4개 제외: ['IP/USDT:USDT', 'NES/USDT:USDT', 'WLD/USDT:USDT', 'XAG/USDT:USDT', 'XAU/USDT:USDT', 'XAUT/USDT:USDT']
2026-07-31 13:36:56,744 [INFO] [SCAN] 스캔 시작: 30개 페어 (캐시 34개 보유)
2026-07-31 13:37:10,235 [INFO] [SCAN] 완료: 30개 종목 · 신호 0개 · API 호출 30회 · 캐시 히트 0회
2026-07-31 13:37:25,540 [INFO] [SCAN] 블랙리스트 4개 제외: ['IP/USDT:USDT', 'NES/USDT:USDT', 'WLD/USDT:USDT', 'XAG/USDT:USDT', 'XAU/USDT:USDT', 'XAUT/USDT:USDT']
2026-07-31 13:37:25,540 [INFO] [SCAN] 스캔 시작: 30개 페어 (캐시 34개 보유)
2026-07-31 13:37:38,915 [INFO] [SCAN] 완료: 30개 종목 · 신호 0개 · API 호출 30회 · 캐시 히트 0회
2026-07-31 13:37:51,802 [INFO] [상태] 잔고:$9.75 | 포지션:2개 | 스캔:1566회 | 스캐너:ON
2026-07-31 13:37:54,303 [INFO] [SCAN] 블랙리스트 4개 제외: ['IP/USDT:USDT', 'NES/USDT:USDT', 'WLD/USDT:USDT', 'XAG/USDT:USDT', 'XAU/USDT:USDT', 'XAUT/USDT:USDT']
2026-07-31 13:37:54,303 [INFO] [SCAN] 스캔 시작: 30개 페어 (캐시 34개 보유)
2026-07-31 13:38:07,528 [INFO] [SCAN] 완료: 30개 종목 · 신호 0개 · API 호출 30회 · 캐시 히트 0회
2026-07-31 13:38:24,519 [INFO] [SCAN] 블랙리스트 4개 제외: ['IP/USDT:USDT', 'NES/USDT:USDT', 'WLD/USDT:USDT', 'XAG/USDT:USDT', 'XAU/USDT:USDT', 'XAUT/USDT:USDT']
2026-07-31 13:38:24,520 [INFO] [SCAN] 스캔 시작: 30개 페어 (캐시 34개 보유)
2026-07-31 13:38:37,812 [INFO] [SCAN] 완료: 30개 종목 · 신호 0개 · API 호출 30회 · 캐시 히트 0회
2026-07-31 13:38:52,471 [INFO] [상태] 잔고:$9.76 | 포지션:2개 | 스캔:1568회 | 스캐너:ON
2026-07-31 13:38:53,178 [INFO] [SCAN] 블랙리스트 4개 제외: ['IP/USDT:USDT', 'NES/USDT:USDT', 'WLD/USDT:USDT', 'XAG/USDT:USDT', 'XAU/USDT:USDT', 'XAUT/USDT:USDT']
2026-07-31 13:38:53,178 [INFO] [SCAN] 스캔 시작: 30개 페어 (캐시 34개 보유)
2026-07-31 13:39:06,524 [INFO] [SCAN] 완료: 30개 종목 · 신호 0개 · API 호출 30회 · 캐시 히트 0회
2026-07-31 13:39:21,833 [INFO] [SCAN] 블랙리스트 4개 제외: ['IP/USDT:USDT', 'NES/USDT:USDT', 'WLD/USDT:USDT', 'XAG/USDT:USDT', 'XAU/USDT:USDT', 'XAUT/USDT:USDT']
2026-07-31 13:39:21,835 [INFO] [SCAN] 스캔 시작: 30개 페어 (캐시 34개 보유)
2026-07-31 13:39:35,013 [INFO] [SCAN] 완료: 30개 종목 · 신호 0개 · API 호출 30회 · 캐시 히트 0회
2026-07-31 13:39:52,098 [INFO] [SCAN] 블랙리스트 4개 제외: ['IP/USDT:USDT', 'NES/USDT:USDT', 'WLD/USDT:USDT', 'XAG/USDT:USDT', 'XAU/USDT:USDT', 'XAUT/USDT:USDT']
2026-07-31 13:39:52,098 [INFO] [SCAN] 스캔 시작: 30개 페어 (캐시 34개 보유)
2026-07-31 13:39:53,021 [INFO] [상태] 잔고:$9.77 | 포지션:2개 | 스캔:1570회 | 스캐너:ON
2026-07-31 13:40:05,835 [INFO] [SCAN] 완료: 30개 종목 · 신호 0개 · API 호출 30회 · 캐시 히트 0회
2026-07-31 13:40:21,127 [INFO] [SCAN] 블랙리스트 4개 제외: ['IP/USDT:USDT', 'NES/USDT:USDT', 'WLD/USDT:USDT', 'XAG/USDT:USDT', 'XAU/USDT:USDT', 'XAUT/USDT:USDT']
2026-07-31 13:40:21,129 [INFO] [SCAN] 스캔 시작: 30개 페어 (캐시 34개 보유)
2026-07-31 13:40:34,583 [INFO] [SCAN] 완료: 30개 종목 · 신호 0개 · API 호출 30회 · 캐시 히트 0회
2026-07-31 13:40:49,870 [INFO] [SCAN] 블랙리스트 4개 제외: ['IP/USDT:USDT', 'NES/USDT:USDT', 'WLD/USDT:USDT', 'XAG/USDT:USDT', 'XAU/USDT:USDT', 'XAUT/USDT:USDT']
2026-07-31 13:40:49,870 [INFO] [SCAN] 스캔 시작: 30개 페어 (캐시 34개 보유)
2026-07-31 13:40:53,629 [INFO] [상태] 잔고:$9.74 | 포지션:2개 | 스캔:1572회 | 스캐너:ON
2026-07-31 13:41:03,341 [INFO] [SCAN] 완료: 30개 종목 · 신호 0개 · API 호출 30회 · 캐시 히트 0회
2026-07-31 13:41:20,397 [INFO] [SCAN] 블랙리스트 4개 제외: ['IP/USDT:USDT', 'NES/USDT:USDT', 'WLD/USDT:USDT', 'XAG/USDT:USDT', 'XAU/USDT:USDT', 'XAUT/USDT:USDT']
2026-07-31 13:41:20,398 [INFO] [SCAN] 스캔 시작: 30개 페어 (캐시 34개 보유)
2026-07-31 13:41:33,689 [INFO] [SCAN] 완료: 30개 종목 · 신호 0개 · API 호출 30회 · 캐시 히트 0회
2026-07-31 13:41:48,954 [INFO] [SCAN] 블랙리스트 4개 제외: ['IP/USDT:USDT', 'NES/USDT:USDT', 'WLD/USDT:USDT', 'XAG/USDT:USDT', 'XAU/USDT:USDT', 'XAUT/USDT:USDT']
2026-07-31 13:41:48,954 [INFO] [SCAN] 스캔 시작: 30개 페어 (캐시 34개 보유)
2026-07-31 13:41:54,182 [INFO] [상태] 잔고:$9.74 | 포지션:2개 | 스캔:1574회 | 스캐너:ON
2026-07-31 13:42:02,568 [INFO] [SCAN] 완료: 30개 종목 · 신호 0개 · API 호출 30회 · 캐시 히트 0회
2026-07-31 13:42:17,844 [INFO] [SCAN] 블랙리스트 4개 제외: ['IP/USDT:USDT', 'NES/USDT:USDT', 'WLD/USDT:USDT', 'XAG/USDT:USDT', 'XAU/USDT:USDT', 'XAUT/USDT:USDT']
2026-07-31 13:42:17,844 [INFO] [SCAN] 스캔 시작: 30개 페어 (캐시 34개 보유)
2026-07-31 13:42:30,744 [INFO] [CACHE] AVAX/USDT:USDT 초기 로드 300봉
2026-07-31 13:42:31,256 [INFO] [SCAN] 완료: 30개 종목 · 신호 0개 · API 호출 30회 · 캐시 히트 0회
2026-07-31 13:42:48,312 [INFO] [SCAN] 블랙리스트 4개 제외: ['IP/USDT:USDT', 'NES/USDT:USDT', 'WLD/USDT:USDT', 'XAG/USDT:USDT', 'XAU/USDT:USDT', 'XAUT/USDT:USDT']
2026-07-31 13:42:48,313 [INFO] [SCAN] 스캔 시작: 30개 페어 (캐시 35개 보유)
2026-07-31 13:42:54,829 [INFO] [상태] 잔고:$9.75 | 포지션:2개 | 스캔:1576회 | 스캐너:ON
2026-07-31 13:43:02,772 [INFO] [SCAN] 완료: 30개 종목 · 신호 0개 · API 호출 30회 · 캐시 히트 0회
2026-07-31 13:43:18,042 [INFO] [SCAN] 블랙리스트 4개 제외: ['IP/USDT:USDT', 'NES/USDT:USDT', 'WLD/USDT:USDT', 'XAG/USDT:USDT', 'XAU/USDT:USDT', 'XAUT/USDT:USDT']
2026-07-31 13:43:18,042 [INFO] [SCAN] 스캔 시작: 30개 페어 (캐시 35개 보유)
2026-07-31 13:43:31,437 [INFO] [SCAN] 완료: 30개 종목 · 신호 0개 · API 호출 30회 · 캐시 히트 0회
2026-07-31 13:43:48,435 [INFO] [SCAN] 블랙리스트 4개 제외: ['IP/USDT:USDT', 'NES/USDT:USDT', 'WLD/USDT:USDT', 'XAG/USDT:USDT', 'XAU/USDT:USDT', 'XAUT/USDT:USDT']
2026-07-31 13:43:48,435 [INFO] [SCAN] 스캔 시작: 30개 페어 (캐시 35개 보유)
2026-07-31 13:43:55,395 [INFO] [상태] 잔고:$9.75 | 포지션:2개 | 스캔:1578회 | 스캐너:ON
2026-07-31 13:44:01,974 [INFO] [SCAN] 완료: 30개 종목 · 신호 0개 · API 호출 30회 · 캐시 히트 0회
2026-07-31 13:44:17,263 [INFO] [SCAN] 블랙리스트 4개 제외: ['IP/USDT:USDT', 'NES/USDT:USDT', 'WLD/USDT:USDT', 'XAG/USDT:USDT', 'XAU/USDT:USDT', 'XAUT/USDT:USDT']
2026-07-31 13:44:17,263 [INFO] [SCAN] 스캔 시작: 30개 페어 (캐시 35개 보유)
2026-07-31 13:44:30,532 [INFO] [SCAN] 완료: 30개 종목 · 신호 0개 · API 호출 30회 · 캐시 히트 0회
2026-07-31 13:44:45,854 [INFO] [SCAN] 블랙리스트 4개 제외: ['IP/USDT:USDT', 'NES/USDT:USDT', 'WLD/USDT:USDT', 'XAG/USDT:USDT', 'XAU/USDT:USDT', 'XAUT/USDT:USDT']
2026-07-31 13:44:45,854 [INFO] [SCAN] 스캔 시작: 30개 페어 (캐시 35개 보유)
2026-07-31 13:44:56,055 [INFO] [상태] 잔고:$9.76 | 포지션:2개 | 스캔:1580회 | 스캐너:ON
2026-07-31 13:44:59,745 [INFO] [SCAN] 완료: 30개 종목 · 신호 0개 · API 호출 30회 · 캐시 히트 0회
2026-07-31 13:45:16,900 [INFO] [SCAN] 블랙리스트 4개 제외: ['IP/USDT:USDT', 'NES/USDT:USDT', 'WLD/USDT:USDT', 'XAG/USDT:USDT', 'XAU/USDT:USDT', 'XAUT/USDT:USDT']
2026-07-31 13:45:16,901 [INFO] [SCAN] 스캔 시작: 30개 페어 (캐시 35개 보유)
2026-07-31 13:45:30,094 [INFO] [SCAN] 완료: 30개 종목 · 신호 0개 · API 호출 30회 · 캐시 히트 0회
2026-07-31 13:45:45,373 [INFO] [SCAN] 블랙리스트 4개 제외: ['IP/USDT:USDT', 'NES/USDT:USDT', 'WLD/USDT:USDT', 'XAG/USDT:USDT', 'XAU/USDT:USDT', 'XAUT/USDT:USDT']
2026-07-31 13:45:45,373 [INFO] [SCAN] 스캔 시작: 30개 페어 (캐시 35개 보유)
2026-07-31 13:45:56,789 [INFO] [상태] 잔고:$9.77 | 포지션:2개 | 스캔:1582회 | 스캐너:ON
2026-07-31 13:45:59,079 [INFO] [SCAN] 완료: 30개 종목 · 신호 0개 · API 호출 30회 · 캐시 히트 0회
2026-07-31 13:46:14,341 [INFO] [SCAN] 블랙리스트 4개 제외: ['IP/USDT:USDT', 'NES/USDT:USDT', 'WLD/USDT:USDT', 'XAG/USDT:USDT', 'XAU/USDT:USDT', 'XAUT/USDT:USDT']
2026-07-31 13:46:14,342 [INFO] [SCAN] 스캔 시작: 30개 페어 (캐시 35개 보유)
2026-07-31 13:46:27,607 [INFO] [SCAN] 완료: 30개 종목 · 신호 0개 · API 호출 30회 · 캐시 히트 0회
2026-07-31 13:46:44,592 [INFO] [SCAN] 블랙리스트 4개 제외: ['IP/USDT:USDT', 'NES/USDT:USDT', 'WLD/USDT:USDT', 'XAG/USDT:USDT', 'XAU/USDT:USDT', 'XAUT/USDT:USDT']
2026-07-31 13:46:44,592 [INFO] [SCAN] 스캔 시작: 30개 페어 (캐시 35개 보유)
2026-07-31 13:46:57,357 [INFO] [상태] 잔고:$9.76 | 포지션:2개 | 스캔:1584회 | 스캐너:ON
2026-07-31 13:46:58,224 [INFO] [SCAN] 완료: 30개 종목 · 신호 0개 · API 호출 30회 · 캐시 히트 0회
2026-07-31 13:47:13,486 [INFO] [SCAN] 블랙리스트 4개 제외: ['IP/USDT:USDT', 'NES/USDT:USDT', 'WLD/USDT:USDT', 'XAG/USDT:USDT', 'XAU/USDT:USDT', 'XAUT/USDT:USDT']
2026-07-31 13:47:13,487 [INFO] [SCAN] 스캔 시작: 30개 페어 (캐시 35개 보유)
2026-07-31 13:47:27,312 [INFO] [SCAN] 완료: 30개 종목 · 신호 0개 · API 호출 30회 · 캐시 히트 0회
2026-07-31 13:47:42,584 [INFO] [SCAN] 블랙리스트 4개 제외: ['IP/USDT:USDT', 'NES/USDT:USDT', 'WLD/USDT:USDT', 'XAG/USDT:USDT', 'XAU/USDT:USDT', 'XAUT/USDT:USDT']
2026-07-31 13:47:42,585 [INFO] [SCAN] 스캔 시작: 30개 페어 (캐시 35개 보유)
2026-07-31 13:47:55,970 [INFO] [SCAN] 완료: 30개 종목 · 신호 0개 · API 호출 30회 · 캐시 히트 0회
2026-07-31 13:47:57,908 [INFO] [상태] 잔고:$9.76 | 포지션:2개 | 스캔:1587회 | 스캐너:ON
2026-07-31 13:48:13,229 [INFO] [SCAN] 블랙리스트 4개 제외: ['IP/USDT:USDT', 'NES/USDT:USDT', 'WLD/USDT:USDT', 'XAG/USDT:USDT', 'XAU/USDT:USDT', 'XAUT/USDT:USDT']
2026-07-31 13:48:13,230 [INFO] [SCAN] 스캔 시작: 30개 페어 (캐시 35개 보유)
2026-07-31 13:48:26,552 [INFO] [SCAN] 완료: 30개 종목 · 신호 0개 · API 호출 30회 · 캐시 히트 0회
2026-07-31 13:48:41,830 [INFO] [SCAN] 블랙리스트 4개 제외: ['IP/USDT:USDT', 'NES/USDT:USDT', 'WLD/USDT:USDT', 'XAG/USDT:USDT', 'XAU/USDT:USDT', 'XAUT/USDT:USDT']
2026-07-31 13:48:41,831 [INFO] [SCAN] 스캔 시작: 30개 페어 (캐시 35개 보유)
2026-07-31 13:48:55,172 [INFO] [SCAN] 완료: 30개 종목 · 신호 0개 · API 호출 30회 · 캐시 히트 0회
2026-07-31 13:48:58,479 [INFO] [상태] 잔고:$9.73 | 포지션:2개 | 스캔:1589회 | 스캐너:ON
2026-07-31 13:49:10,550 [INFO] [SCAN] 블랙리스트 4개 제외: ['IP/USDT:USDT', 'NES/USDT:USDT', 'WLD/USDT:USDT', 'XAG/USDT:USDT', 'XAU/USDT:USDT', 'XAUT/USDT:USDT']
2026-07-31 13:49:10,550 [INFO] [SCAN] 스캔 시작: 30개 페어 (캐시 35개 보유)
2026-07-31 13:49:23,994 [INFO] [SCAN] 완료: 30개 종목 · 신호 0개 · API 호출 30회 · 캐시 히트 0회
2026-07-31 13:49:41,105 [INFO] [SCAN] 블랙리스트 4개 제외: ['IP/USDT:USDT', 'NES/USDT:USDT', 'WLD/USDT:USDT', 'XAG/USDT:USDT', 'XAU/USDT:USDT', 'XAUT/USDT:USDT']
2026-07-31 13:49:41,105 [INFO] [SCAN] 스캔 시작: 30개 페어 (캐시 35개 보유)
2026-07-31 13:49:54,874 [INFO] [SCAN] 완료: 30개 종목 · 신호 0개 · API 호출 30회 · 캐시 히트 0회
2026-07-31 13:49:58,941 [INFO] [상태] 잔고:$9.71 | 포지션:2개 | 스캔:1591회 | 스캐너:ON
2026-07-31 13:50:10,288 [INFO] [SCAN] 블랙리스트 4개 제외: ['IP/USDT:USDT', 'NES/USDT:USDT', 'WLD/USDT:USDT', 'XAG/USDT:USDT', 'XAU/USDT:USDT', 'XAUT/USDT:USDT']
2026-07-31 13:50:10,289 [INFO] [SCAN] 스캔 시작: 30개 페어 (캐시 35개 보유)
2026-07-31 13:50:24,009 [INFO] [SCAN] 완료: 30개 종목 · 신호 0개 · API 호출 30회 · 캐시 히트 0회
2026-07-31 13:50:41,144 [INFO] [SCAN] 블랙리스트 4개 제외: ['IP/USDT:USDT', 'NES/USDT:USDT', 'WLD/USDT:USDT', 'XAG/USDT:USDT', 'XAU/USDT:USDT', 'XAUT/USDT:USDT']
2026-07-31 13:50:41,145 [INFO] [SCAN] 스캔 시작: 30개 페어 (캐시 35개 보유)
2026-07-31 13:50:54,627 [INFO] [SCAN] 완료: 30개 종목 · 신호 0개 · API 호출 30회 · 캐시 히트 0회
2026-07-31 13:50:59,411 [INFO] [상태] 잔고:$9.70 | 포지션:2개 | 스캔:1593회 | 스캐너:ON
2026-07-31 13:51:10,023 [INFO] [SCAN] 블랙리스트 4개 제외: ['IP/USDT:USDT', 'NES/USDT:USDT', 'WLD/USDT:USDT', 'XAG/USDT:USDT', 'XAU/USDT:USDT', 'XAUT/USDT:USDT']
2026-07-31 13:51:10,023 [INFO] [SCAN] 스캔 시작: 30개 페어 (캐시 35개 보유)
2026-07-31 13:51:23,366 [INFO] [SCAN] 완료: 30개 종목 · 신호 0개 · API 호출 30회 · 캐시 히트 0회
2026-07-31 13:51:38,648 [INFO] [SCAN] 블랙리스트 4개 제외: ['IP/USDT:USDT', 'NES/USDT:USDT', 'WLD/USDT:USDT', 'XAG/USDT:USDT', 'XAU/USDT:USDT', 'XAUT/USDT:USDT']
2026-07-31 13:51:38,648 [INFO] [SCAN] 스캔 시작: 30개 페어 (캐시 35개 보유)
2026-07-31 13:51:52,200 [INFO] [SCAN] 완료: 30개 종목 · 신호 0개 · API 호출 30회 · 캐시 히트 0회
2026-07-31 13:52:00,073 [INFO] [상태] 잔고:$9.71 | 포지션:2개 | 스캔:1595회 | 스캐너:ON
2026-07-31 13:52:09,316 [INFO] [SCAN] 블랙리스트 4개 제외: ['IP/USDT:USDT', 'NES/USDT:USDT', 'WLD/USDT:USDT', 'XAG/USDT:USDT', 'XAU/USDT:USDT', 'XAUT/USDT:USDT']
2026-07-31 13:52:09,317 [INFO] [SCAN] 스캔 시작: 30개 페어 (캐시 35개 보유)
2026-07-31 13:52:22,738 [INFO] [SCAN] 완료: 30개 종목 · 신호 0개 · API 호출 30회 · 캐시 히트 0회
2026-07-31 13:52:38,022 [INFO] [SCAN] 블랙리스트 4개 제외: ['IP/USDT:USDT', 'NES/USDT:USDT', 'WLD/USDT:USDT', 'XAG/USDT:USDT', 'XAU/USDT:USDT', 'XAUT/USDT:USDT']
2026-07-31 13:52:38,022 [INFO] [SCAN] 스캔 시작: 30개 페어 (캐시 35개 보유)
2026-07-31 13:52:51,358 [INFO] [SCAN] 완료: 30개 종목 · 신호 0개 · API 호출 30회 · 캐시 히트 0회
2026-07-31 13:53:00,528 [INFO] [상태] 잔고:$9.71 | 포지션:2개 | 스캔:1597회 | 스캐너:ON
2026-07-31 13:53:06,755 [INFO] [SCAN] 블랙리스트 4개 제외: ['IP/USDT:USDT', 'NES/USDT:USDT', 'WLD/USDT:USDT', 'XAG/USDT:USDT', 'XAU/USDT:USDT', 'XAUT/USDT:USDT']
2026-07-31 13:53:06,755 [INFO] [SCAN] 스캔 시작: 30개 페어 (캐시 35개 보유)
2026-07-31 13:53:20,068 [INFO] [SCAN] 완료: 30개 종목 · 신호 0개 · API 호출 30회 · 캐시 히트 0회
2026-07-31 13:53:37,108 [INFO] [SCAN] 블랙리스트 4개 제외: ['IP/USDT:USDT', 'NES/USDT:USDT', 'WLD/USDT:USDT', 'XAG/USDT:USDT', 'XAU/USDT:USDT', 'XAUT/USDT:USDT']
2026-07-31 13:53:37,108 [INFO] [SCAN] 스캔 시작: 30개 페어 (캐시 35개 보유)
2026-07-31 13:53:50,632 [INFO] [SCAN] 완료: 30개 종목 · 신호 0개 · API 호출 30회 · 캐시 히트 0회
2026-07-31 13:54:01,080 [INFO] [상태] 잔고:$9.71 | 포지션:2개 | 스캔:1599회 | 스캐너:ON
2026-07-31 13:54:06,004 [INFO] [SCAN] 블랙리스트 4개 제외: ['IP/USDT:USDT', 'NES/USDT:USDT', 'WLD/USDT:USDT', 'XAG/USDT:USDT', 'XAU/USDT:USDT', 'XAUT/USDT:USDT']
2026-07-31 13:54:06,004 [INFO] [SCAN] 스캔 시작: 30개 페어 (캐시 35개 보유)
2026-07-31 13:54:19,605 [INFO] [SCAN] 완료: 30개 종목 · 신호 0개 · API 호출 30회 · 캐시 히트 0회
2026-07-31 13:54:34,881 [INFO] [SCAN] 블랙리스트 4개 제외: ['IP/USDT:USDT', 'NES/USDT:USDT', 'WLD/USDT:USDT', 'XAG/USDT:USDT', 'XAU/USDT:USDT', 'XAUT/USDT:USDT']
2026-07-31 13:54:34,881 [INFO] [SCAN] 스캔 시작: 30개 페어 (캐시 35개 보유)
2026-07-31 13:54:48,637 [INFO] [SCAN] 완료: 30개 종목 · 신호 0개 · API 호출 30회 · 캐시 히트 0회
2026-07-31 13:55:01,784 [INFO] [상태] 잔고:$9.71 | 포지션:2개 | 스캔:1601회 | 스캐너:ON
2026-07-31 13:55:05,718 [INFO] [SCAN] 블랙리스트 4개 제외: ['IP/USDT:USDT', 'NES/USDT:USDT', 'WLD/USDT:USDT', 'XAG/USDT:USDT', 'XAU/USDT:USDT', 'XAUT/USDT:USDT']
2026-07-31 13:55:05,718 [INFO] [SCAN] 스캔 시작: 30개 페어 (캐시 35개 보유)
2026-07-31 13:55:19,300 [INFO] [SCAN] 완료: 30개 종목 · 신호 0개 · API 호출 30회 · 캐시 히트 0회
2026-07-31 13:55:34,638 [INFO] [SCAN] 블랙리스트 4개 제외: ['IP/USDT:USDT', 'NES/USDT:USDT', 'WLD/USDT:USDT', 'XAG/USDT:USDT', 'XAU/USDT:USDT', 'XAUT/USDT:USDT']
2026-07-31 13:55:34,638 [INFO] [SCAN] 스캔 시작: 30개 페어 (캐시 35개 보유)
2026-07-31 13:55:48,071 [INFO] [SCAN] 완료: 30개 종목 · 신호 0개 · API 호출 30회 · 캐시 히트 0회
2026-07-31 13:56:02,368 [INFO] [상태] 잔고:$9.72 | 포지션:2개 | 스캔:1603회 | 스캐너:ON
2026-07-31 13:56:03,501 [INFO] [SCAN] 블랙리스트 4개 제외: ['IP/USDT:USDT', 'NES/USDT:USDT', 'WLD/USDT:USDT', 'XAG/USDT:USDT', 'XAU/USDT:USDT', 'XAUT/USDT:USDT']
2026-07-31 13:56:03,501 [INFO] [SCAN] 스캔 시작: 30개 페어 (캐시 35개 보유)
2026-07-31 13:56:17,136 [INFO] [SCAN] 완료: 30개 종목 · 신호 0개 · API 호출 30회 · 캐시 히트 0회
2026-07-31 13:56:34,179 [INFO] [SCAN] 블랙리스트 4개 제외: ['IP/USDT:USDT', 'NES/USDT:USDT', 'WLD/USDT:USDT', 'XAG/USDT:USDT', 'XAU/USDT:USDT', 'XAUT/USDT:USDT']
2026-07-31 13:56:34,179 [INFO] [SCAN] 스캔 시작: 30개 페어 (캐시 35개 보유)
2026-07-31 13:56:48,456 [INFO] [SCAN] 완료: 30개 종목 · 신호 0개 · API 호출 30회 · 캐시 히트 0회
2026-07-31 13:57:03,037 [INFO] [상태] 잔고:$9.71 | 포지션:2개 | 스캔:1605회 | 스캐너:ON
2026-07-31 13:57:03,854 [INFO] [SCAN] 블랙리스트 4개 제외: ['IP/USDT:USDT', 'NES/USDT:USDT', 'WLD/USDT:USDT', 'XAG/USDT:USDT', 'XAU/USDT:USDT', 'XAUT/USDT:USDT']
2026-07-31 13:57:03,854 [INFO] [SCAN] 스캔 시작: 30개 페어 (캐시 35개 보유)
2026-07-31 13:57:17,321 [INFO] [SCAN] 완료: 30개 종목 · 신호 0개 · API 호출 30회 · 캐시 히트 0회
2026-07-31 13:57:34,345 [INFO] [SCAN] 블랙리스트 4개 제외: ['IP/USDT:USDT', 'NES/USDT:USDT', 'WLD/USDT:USDT', 'XAG/USDT:USDT', 'XAU/USDT:USDT', 'XAUT/USDT:USDT']
2026-07-31 13:57:34,345 [INFO] [SCAN] 스캔 시작: 30개 페어 (캐시 35개 보유)
2026-07-31 13:57:48,187 [INFO] [SCAN] 완료: 30개 종목 · 신호 0개 · API 호출 30회 · 캐시 히트 0회
2026-07-31 13:58:03,574 [INFO] [SCAN] 블랙리스트 4개 제외: ['IP/USDT:USDT', 'NES/USDT:USDT', 'WLD/USDT:USDT', 'XAG/USDT:USDT', 'XAU/USDT:USDT', 'XAUT/USDT:USDT']
2026-07-31 13:58:03,574 [INFO] [SCAN] 스캔 시작: 30개 페어 (캐시 35개 보유)
2026-07-31 13:58:03,640 [INFO] [상태] 잔고:$9.70 | 포지션:2개 | 스캔:1607회 | 스캐너:ON
2026-07-31 13:58:16,884 [INFO] [SCAN] 완료: 30개 종목 · 신호 0개 · API 호출 30회 · 캐시 히트 0회
2026-07-31 13:58:32,170 [INFO] [SCAN] 블랙리스트 4개 제외: ['IP/USDT:USDT', 'NES/USDT:USDT', 'WLD/USDT:USDT', 'XAG/USDT:USDT', 'XAU/USDT:USDT', 'XAUT/USDT:USDT']
2026-07-31 13:58:32,170 [INFO] [SCAN] 스캔 시작: 30개 페어 (캐시 35개 보유)
2026-07-31 13:58:45,755 [INFO] [SCAN] 완료: 30개 종목 · 신호 0개 · API 호출 30회 · 캐시 히트 0회
2026-07-31 13:59:02,815 [INFO] [SCAN] 블랙리스트 4개 제외: ['IP/USDT:USDT', 'NES/USDT:USDT', 'WLD/USDT:USDT', 'XAG/USDT:USDT', 'XAU/USDT:USDT', 'XAUT/USDT:USDT']
2026-07-31 13:59:02,815 [INFO] [SCAN] 스캔 시작: 30개 페어 (캐시 35개 보유)
2026-07-31 13:59:04,250 [INFO] [상태] 잔고:$9.71 | 포지션:2개 | 스캔:1609회 | 스캐너:ON
2026-07-31 13:59:16,548 [INFO] [SCAN] 완료: 30개 종목 · 신호 0개 · API 호출 30회 · 캐시 히트 0회
2026-07-31 13:59:31,824 [INFO] [SCAN] 블랙리스트 4개 제외: ['IP/USDT:USDT', 'NES/USDT:USDT', 'WLD/USDT:USDT', 'XAG/USDT:USDT', 'XAU/USDT:USDT', 'XAUT/USDT:USDT']
2026-07-31 13:59:31,824 [INFO] [SCAN] 스캔 시작: 30개 페어 (캐시 35개 보유)
2026-07-31 13:59:45,204 [INFO] [SCAN] 완료: 30개 종목 · 신호 0개 · API 호출 30회 · 캐시 히트 0회
2026-07-31 14:00:00,489 [INFO] [SCAN] 블랙리스트 4개 제외: ['IP/USDT:USDT', 'NES/USDT:USDT', 'WLD/USDT:USDT', 'XAG/USDT:USDT', 'XAU/USDT:USDT', 'XAUT/USDT:USDT']
2026-07-31 14:00:00,489 [INFO] [SCAN] 스캔 시작: 30개 페어 (캐시 35개 보유)
2026-07-31 14:00:04,807 [INFO] [상태] 잔고:$9.71 | 포지션:2개 | 스캔:1611회 | 스캐너:ON
2026-07-31 14:00:14,135 [INFO] [SCAN] 완료: 30개 종목 · 신호 0개 · API 호출 30회 · 캐시 히트 0회
2026-07-31 14:00:31,228 [INFO] [SCAN] 블랙리스트 4개 제외: ['IP/USDT:USDT', 'NES/USDT:USDT', 'WLD/USDT:USDT', 'XAG/USDT:USDT', 'XAU/USDT:USDT', 'XAUT/USDT:USDT']
2026-07-31 14:00:31,230 [INFO] [SCAN] 스캔 시작: 30개 페어 (캐시 35개 보유)
2026-07-31 14:00:44,112 [INFO] [SCAN] 완료: 29개 종목 · 신호 0개 · API 호출 29회 · 캐시 히트 0회
2026-07-31 14:00:59,376 [INFO] [SCAN] 블랙리스트 4개 제외: ['IP/USDT:USDT', 'NES/USDT:USDT', 'WLD/USDT:USDT', 'XAG/USDT:USDT', 'XAU/USDT:USDT', 'XAUT/USDT:USDT']
2026-07-31 14:00:59,376 [INFO] [SCAN] 스캔 시작: 30개 페어 (캐시 35개 보유)
2026-07-31 14:01:05,363 [INFO] [상태] 잔고:$9.74 | 포지션:2개 | 스캔:1613회 | 스캐너:ON
2026-07-31 14:01:12,988 [INFO] [SCAN] 완료: 30개 종목 · 신호 0개 · API 호출 30회 · 캐시 히트 0회
2026-07-31 14:01:28,261 [INFO] [SCAN] 블랙리스트 4개 제외: ['IP/USDT:USDT', 'NES/USDT:USDT', 'WLD/USDT:USDT', 'XAG/USDT:USDT', 'XAU/USDT:USDT', 'XAUT/USDT:USDT']
2026-07-31 14:01:28,261 [INFO] [SCAN] 스캔 시작: 30개 페어 (캐시 35개 보유)
2026-07-31 14:01:41,548 [INFO] [SCAN] 완료: 30개 종목 · 신호 0개 · API 호출 30회 · 캐시 히트 0회
2026-07-31 14:01:58,710 [INFO] [SCAN] 블랙리스트 4개 제외: ['IP/USDT:USDT', 'NES/USDT:USDT', 'WLD/USDT:USDT', 'XAG/USDT:USDT', 'XAU/USDT:USDT', 'XAUT/USDT:USDT']
2026-07-31 14:01:58,710 [INFO] [SCAN] 스캔 시작: 30개 페어 (캐시 35개 보유)
2026-07-31 14:02:05,868 [INFO] [상태] 잔고:$9.74 | 포지션:2개 | 스캔:1615회 | 스캐너:ON
2026-07-31 14:02:12,450 [INFO] [SCAN] 완료: 30개 종목 · 신호 0개 · API 호출 30회 · 캐시 히트 0회
2026-07-31 14:02:27,722 [INFO] [SCAN] 블랙리스트 4개 제외: ['IP/USDT:USDT', 'NES/USDT:USDT', 'WLD/USDT:USDT', 'XAG/USDT:USDT', 'XAU/USDT:USDT', 'XAUT/USDT:USDT']
2026-07-31 14:02:27,723 [INFO] [SCAN] 스캔 시작: 30개 페어 (캐시 35개 보유)
2026-07-31 14:02:41,147 [INFO] [SCAN] 완료: 30개 종목 · 신호 0개 · API 호출 30회 · 캐시 히트 0회
2026-07-31 14:02:56,428 [INFO] [SCAN] 블랙리스트 4개 제외: ['IP/USDT:USDT', 'NES/USDT:USDT', 'WLD/USDT:USDT', 'XAG/USDT:USDT', 'XAU/USDT:USDT', 'XAUT/USDT:USDT']
2026-07-31 14:02:56,429 [INFO] [SCAN] 스캔 시작: 30개 페어 (캐시 35개 보유)
2026-07-31 14:03:06,692 [INFO] [상태] 잔고:$9.75 | 포지션:2개 | 스캔:1617회 | 스캐너:ON
2026-07-31 14:03:10,265 [INFO] [SCAN] 완료: 30개 종목 · 신호 0개 · API 호출 30회 · 캐시 히트 0회
2026-07-31 14:03:27,294 [INFO] [SCAN] 블랙리스트 4개 제외: ['IP/USDT:USDT', 'NES/USDT:USDT', 'WLD/USDT:USDT', 'XAG/USDT:USDT', 'XAU/USDT:USDT', 'XAUT/USDT:USDT']
2026-07-31 14:03:27,294 [INFO] [SCAN] 스캔 시작: 30개 페어 (캐시 35개 보유)
2026-07-31 14:03:40,527 [INFO] [SCAN] 완료: 30개 종목 · 신호 0개 · API 호출 30회 · 캐시 히트 0회
2026-07-31 14:03:55,800 [INFO] [SCAN] 블랙리스트 4개 제외: ['IP/USDT:USDT', 'NES/USDT:USDT', 'WLD/USDT:USDT', 'XAG/USDT:USDT', 'XAU/USDT:USDT', 'XAUT/USDT:USDT']
2026-07-31 14:03:55,800 [INFO] [SCAN] 스캔 시작: 30개 페어 (캐시 35개 보유)
2026-07-31 14:04:07,154 [INFO] [상태] 잔고:$9.76 | 포지션:2개 | 스캔:1619회 | 스캐너:ON
2026-07-31 14:04:09,428 [INFO] [SCAN] 완료: 30개 종목 · 신호 0개 · API 호출 30회 · 캐시 히트 0회
2026-07-31 14:04:24,696 [INFO] [SCAN] 블랙리스트 4개 제외: ['IP/USDT:USDT', 'NES/USDT:USDT', 'WLD/USDT:USDT', 'XAG/USDT:USDT', 'XAU/USDT:USDT', 'XAUT/USDT:USDT']
2026-07-31 14:04:24,697 [INFO] [SCAN] 스캔 시작: 30개 페어 (캐시 35개 보유)
2026-07-31 14:04:38,093 [INFO] [SCAN] 완료: 30개 종목 · 신호 0개 · API 호출 30회 · 캐시 히트 0회
2026-07-31 14:04:55,113 [INFO] [SCAN] 블랙리스트 4개 제외: ['IP/USDT:USDT', 'NES/USDT:USDT', 'WLD/USDT:USDT', 'XAG/USDT:USDT', 'XAU/USDT:USDT', 'XAUT/USDT:USDT']
2026-07-31 14:04:55,114 [INFO] [SCAN] 스캔 시작: 30개 페어 (캐시 35개 보유)
2026-07-31 14:05:07,708 [INFO] [상태] 잔고:$9.75 | 포지션:2개 | 스캔:1621회 | 스캐너:ON
2026-07-31 14:05:08,690 [INFO] [SCAN] 완료: 30개 종목 · 신호 0개 · API 호출 30회 · 캐시 히트 0회
2026-07-31 14:05:23,972 [INFO] [SCAN] 블랙리스트 4개 제외: ['IP/USDT:USDT', 'NES/USDT:USDT', 'WLD/USDT:USDT', 'XAG/USDT:USDT', 'XAU/USDT:USDT', 'XAUT/USDT:USDT']
2026-07-31 14:05:23,973 [INFO] [SCAN] 스캔 시작: 30개 페어 (캐시 35개 보유)
2026-07-31 14:05:37,262 [INFO] [SCAN] 완료: 30개 종목 · 신호 0개 · API 호출 30회 · 캐시 히트 0회
2026-07-31 14:05:52,601 [INFO] [SCAN] 블랙리스트 4개 제외: ['IP/USDT:USDT', 'NES/USDT:USDT', 'WLD/USDT:USDT', 'XAG/USDT:USDT', 'XAU/USDT:USDT', 'XAUT/USDT:USDT']
2026-07-31 14:05:52,601 [INFO] [SCAN] 스캔 시작: 30개 페어 (캐시 35개 보유)
2026-07-31 14:06:06,453 [INFO] [SCAN] 완료: 30개 종목 · 신호 0개 · API 호출 30회 · 캐시 히트 0회
2026-07-31 14:06:08,252 [INFO] [상태] 잔고:$9.76 | 포지션:2개 | 스캔:1624회 | 스캐너:ON
2026-07-31 14:06:23,799 [INFO] [SCAN] 블랙리스트 4개 제외: ['IP/USDT:USDT', 'NES/USDT:USDT', 'WLD/USDT:USDT', 'XAG/USDT:USDT', 'XAU/USDT:USDT', 'XAUT/USDT:USDT']
2026-07-31 14:06:23,799 [INFO] [SCAN] 스캔 시작: 30개 페어 (캐시 35개 보유)
2026-07-31 14:06:37,112 [INFO] [SCAN] 완료: 30개 종목 · 신호 0개 · API 호출 30회 · 캐시 히트 0회
2026-07-31 14:06:52,385 [INFO] [SCAN] 블랙리스트 4개 제외: ['IP/USDT:USDT', 'NES/USDT:USDT', 'WLD/USDT:USDT', 'XAG/USDT:USDT', 'XAU/USDT:USDT', 'XAUT/USDT:USDT']
2026-07-31 14:06:52,385 [INFO] [SCAN] 스캔 시작: 30개 페어 (캐시 35개 보유)
2026-07-31 14:07:05,720 [INFO] [SCAN] 완료: 30개 종목 · 신호 0개 · API 호출 30회 · 캐시 히트 0회
2026-07-31 14:07:08,700 [INFO] [상태] 잔고:$9.75 | 포지션:2개 | 스캔:1626회 | 스캐너:ON
2026-07-31 14:07:21,101 [INFO] [SCAN] 블랙리스트 4개 제외: ['IP/USDT:USDT', 'NES/USDT:USDT', 'WLD/USDT:USDT', 'XAG/USDT:USDT', 'XAU/USDT:USDT', 'XAUT/USDT:USDT']
2026-07-31 14:07:21,102 [INFO] [SCAN] 스캔 시작: 30개 페어 (캐시 35개 보유)
2026-07-31 14:07:34,458 [INFO] [SCAN] 완료: 30개 종목 · 신호 0개 · API 호출 30회 · 캐시 히트 0회
2026-07-31 14:07:51,665 [INFO] [SCAN] 블랙리스트 4개 제외: ['IP/USDT:USDT', 'NES/USDT:USDT', 'WLD/USDT:USDT', 'XAG/USDT:USDT', 'XAU/USDT:USDT', 'XAUT/USDT:USDT']
2026-07-31 14:07:51,665 [INFO] [SCAN] 스캔 시작: 30개 페어 (캐시 35개 보유)
2026-07-31 14:08:05,142 [INFO] [SCAN] 완료: 30개 종목 · 신호 0개 · API 호출 30회 · 캐시 히트 0회
2026-07-31 14:08:09,262 [INFO] [상태] 잔고:$9.76 | 포지션:2개 | 스캔:1628회 | 스캐너:ON
2026-07-31 14:08:20,540 [INFO] [SCAN] 블랙리스트 4개 제외: ['IP/USDT:USDT', 'NES/USDT:USDT', 'WLD/USDT:USDT', 'XAG/USDT:USDT', 'XAU/USDT:USDT', 'XAUT/USDT:USDT']
2026-07-31 14:08:20,540 [INFO] [SCAN] 스캔 시작: 30개 페어 (캐시 35개 보유)
2026-07-31 14:08:33,830 [INFO] [SCAN] 완료: 30개 종목 · 신호 0개 · API 호출 30회 · 캐시 히트 0회
2026-07-31 14:08:49,112 [INFO] [SCAN] 블랙리스트 4개 제외: ['IP/USDT:USDT', 'NES/USDT:USDT', 'WLD/USDT:USDT', 'XAG/USDT:USDT', 'XAU/USDT:USDT', 'XAUT/USDT:USDT']
2026-07-31 14:08:49,112 [INFO] [SCAN] 스캔 시작: 30개 페어 (캐시 35개 보유)
2026-07-31 14:09:02,446 [INFO] [SCAN] 완료: 30개 종목 · 신호 0개 · API 호출 30회 · 캐시 히트 0회
2026-07-31 14:09:09,795 [INFO] [상태] 잔고:$9.76 | 포지션:2개 | 스캔:1630회 | 스캐너:ON
2026-07-31 14:09:19,518 [INFO] [SCAN] 블랙리스트 4개 제외: ['IP/USDT:USDT', 'NES/USDT:USDT', 'WLD/USDT:USDT', 'XAG/USDT:USDT', 'XAU/USDT:USDT', 'XAUT/USDT:USDT']
2026-07-31 14:09:19,518 [INFO] [SCAN] 스캔 시작: 30개 페어 (캐시 35개 보유)
2026-07-31 14:09:32,780 [INFO] [SCAN] 완료: 30개 종목 · 신호 0개 · API 호출 30회 · 캐시 히트 0회
2026-07-31 14:09:48,050 [INFO] [SCAN] 블랙리스트 4개 제외: ['IP/USDT:USDT', 'NES/USDT:USDT', 'WLD/USDT:USDT', 'XAG/USDT:USDT', 'XAU/USDT:USDT', 'XAUT/USDT:USDT']
2026-07-31 14:09:48,050 [INFO] [SCAN] 스캔 시작: 30개 페어 (캐시 35개 보유)
2026-07-31 14:10:01,999 [INFO] [SCAN] 완료: 30개 종목 · 신호 0개 · API 호출 30회 · 캐시 히트 0회
2026-07-31 14:10:10,392 [INFO] [상태] 잔고:$9.76 | 포지션:2개 | 스캔:1632회 | 스캐너:ON
2026-07-31 14:10:17,377 [INFO] [SCAN] 블랙리스트 4개 제외: ['IP/USDT:USDT', 'NES/USDT:USDT', 'WLD/USDT:USDT', 'XAG/USDT:USDT', 'XAU/USDT:USDT', 'XAUT/USDT:USDT']
2026-07-31 14:10:17,377 [INFO] [SCAN] 스캔 시작: 30개 페어 (캐시 35개 보유)
2026-07-31 14:10:31,011 [INFO] [SCAN] 완료: 30개 종목 · 신호 0개 · API 호출 30회 · 캐시 히트 0회
2026-07-31 14:10:48,096 [INFO] [SCAN] 블랙리스트 4개 제외: ['IP/USDT:USDT', 'NES/USDT:USDT', 'WLD/USDT:USDT', 'XAG/USDT:USDT', 'XAU/USDT:USDT', 'XAUT/USDT:USDT']
2026-07-31 14:10:48,096 [INFO] [SCAN] 스캔 시작: 30개 페어 (캐시 35개 보유)
2026-07-31 14:11:01,344 [INFO] [SCAN] 완료: 30개 종목 · 신호 0개 · API 호출 30회 · 캐시 히트 0회
2026-07-31 14:11:10,857 [INFO] [상태] 잔고:$9.76 | 포지션:2개 | 스캔:1634회 | 스캐너:ON
2026-07-31 14:11:16,736 [INFO] [SCAN] 블랙리스트 4개 제외: ['IP/USDT:USDT', 'NES/USDT:USDT', 'WLD/USDT:USDT', 'XAG/USDT:USDT', 'XAU/USDT:USDT', 'XAUT/USDT:USDT']
2026-07-31 14:11:16,736 [INFO] [SCAN] 스캔 시작: 30개 페어 (캐시 35개 보유)
2026-07-31 14:11:29,963 [INFO] [SCAN] 완료: 30개 종목 · 신호 0개 · API 호출 30회 · 캐시 히트 0회
2026-07-31 14:11:45,263 [INFO] [SCAN] 블랙리스트 4개 제외: ['IP/USDT:USDT', 'NES/USDT:USDT', 'WLD/USDT:USDT', 'XAG/USDT:USDT', 'XAU/USDT:USDT', 'XAUT/USDT:USDT']
2026-07-31 14:11:45,263 [INFO] [SCAN] 스캔 시작: 30개 페어 (캐시 35개 보유)
2026-07-31 14:11:58,538 [INFO] [SCAN] 완료: 30개 종목 · 신호 0개 · API 호출 30회 · 캐시 히트 0회
2026-07-31 14:12:11,379 [INFO] [상태] 잔고:$9.77 | 포지션:2개 | 스캔:1636회 | 스캐너:ON
2026-07-31 14:12:16,524 [INFO] [SCAN] 블랙리스트 4개 제외: ['IP/USDT:USDT', 'NES/USDT:USDT', 'WLD/USDT:USDT', 'XAG/USDT:USDT', 'XAU/USDT:USDT', 'XAUT/USDT:USDT']
2026-07-31 14:12:16,524 [INFO] [SCAN] 스캔 시작: 30개 페어 (캐시 35개 보유)
2026-07-31 14:12:29,957 [INFO] [SCAN] 완료: 30개 종목 · 신호 0개 · API 호출 30회 · 캐시 히트 0회
2026-07-31 14:12:45,238 [INFO] [SCAN] 블랙리스트 4개 제외: ['IP/USDT:USDT', 'NES/USDT:USDT', 'WLD/USDT:USDT', 'XAG/USDT:USDT', 'XAU/USDT:USDT', 'XAUT/USDT:USDT']
2026-07-31 14:12:45,238 [INFO] [SCAN] 스캔 시작: 30개 페어 (캐시 35개 보유)
2026-07-31 14:12:58,971 [INFO] [SCAN] 완료: 30개 종목 · 신호 0개 · API 호출 30회 · 캐시 히트 0회
2026-07-31 14:13:12,004 [INFO] [상태] 잔고:$9.77 | 포지션:2개 | 스캔:1638회 | 스캐너:ON
2026-07-31 14:13:16,177 [INFO] [SCAN] 블랙리스트 4개 제외: ['IP/USDT:USDT', 'NES/USDT:USDT', 'WLD/USDT:USDT', 'XAG/USDT:USDT', 'XAU/USDT:USDT', 'XAUT/USDT:USDT']
2026-07-31 14:13:16,177 [INFO] [SCAN] 스캔 시작: 30개 페어 (캐시 35개 보유)
2026-07-31 14:13:29,692 [INFO] [SCAN] 완료: 30개 종목 · 신호 0개 · API 호출 30회 · 캐시 히트 0회
2026-07-31 14:13:44,981 [INFO] [SCAN] 블랙리스트 4개 제외: ['IP/USDT:USDT', 'NES/USDT:USDT', 'WLD/USDT:USDT', 'XAG/USDT:USDT', 'XAU/USDT:USDT', 'XAUT/USDT:USDT']
2026-07-31 14:13:44,982 [INFO] [SCAN] 스캔 시작: 30개 페어 (캐시 35개 보유)
2026-07-31 14:13:58,367 [INFO] [SCAN] 완료: 30개 종목 · 신호 0개 · API 호출 30회 · 캐시 히트 0회
2026-07-31 14:14:12,541 [INFO] [상태] 잔고:$9.78 | 포지션:2개 | 스캔:1640회 | 스캐너:ON
2026-07-31 14:14:13,754 [INFO] [SCAN] 블랙리스트 4개 제외: ['IP/USDT:USDT', 'NES/USDT:USDT', 'WLD/USDT:USDT', 'XAG/USDT:USDT', 'XAU/USDT:USDT', 'XAUT/USDT:USDT']
2026-07-31 14:14:13,755 [INFO] [SCAN] 스캔 시작: 30개 페어 (캐시 35개 보유)
2026-07-31 14:14:27,018 [INFO] [SCAN] 완료: 30개 종목 · 신호 0개 · API 호출 30회 · 캐시 히트 0회
2026-07-31 14:14:44,075 [INFO] [SCAN] 블랙리스트 4개 제외: ['IP/USDT:USDT', 'NES/USDT:USDT', 'WLD/USDT:USDT', 'XAG/USDT:USDT', 'XAU/USDT:USDT', 'XAUT/USDT:USDT']
2026-07-31 14:14:44,075 [INFO] [SCAN] 스캔 시작: 30개 페어 (캐시 35개 보유)
2026-07-31 14:14:57,341 [INFO] [SCAN] 완료: 30개 종목 · 신호 0개 · API 호출 30회 · 캐시 히트 0회
2026-07-31 14:15:12,631 [INFO] [SCAN] 블랙리스트 4개 제외: ['IP/USDT:USDT', 'NES/USDT:USDT', 'WLD/USDT:USDT', 'XAG/USDT:USDT', 'XAU/USDT:USDT', 'XAUT/USDT:USDT']
2026-07-31 14:15:12,631 [INFO] [SCAN] 스캔 시작: 30개 페어 (캐시 35개 보유)
2026-07-31 14:15:13,208 [INFO] [상태] 잔고:$9.78 | 포지션:2개 | 스캔:1642회 | 스캐너:ON
2026-07-31 14:15:26,129 [INFO] [SCAN] 완료: 30개 종목 · 신호 0개 · API 호출 30회 · 캐시 히트 0회
2026-07-31 14:15:41,383 [INFO] [SCAN] 블랙리스트 4개 제외: ['IP/USDT:USDT', 'NES/USDT:USDT', 'WLD/USDT:USDT', 'XAG/USDT:USDT', 'XAU/USDT:USDT', 'XAUT/USDT:USDT']
2026-07-31 14:15:41,384 [INFO] [SCAN] 스캔 시작: 30개 페어 (캐시 35개 보유)
2026-07-31 14:15:54,421 [INFO] [SCAN] 완료: 30개 종목 · 신호 0개 · API 호출 30회 · 캐시 히트 0회
2026-07-31 14:16:11,461 [INFO] [SCAN] 블랙리스트 4개 제외: ['IP/USDT:USDT', 'NES/USDT:USDT', 'WLD/USDT:USDT', 'XAG/USDT:USDT', 'XAU/USDT:USDT', 'XAUT/USDT:USDT']
2026-07-31 14:16:11,461 [INFO] [SCAN] 스캔 시작: 30개 페어 (캐시 35개 보유)
2026-07-31 14:16:13,686 [INFO] [상태] 잔고:$9.78 | 포지션:2개 | 스캔:1644회 | 스캐너:ON
2026-07-31 14:16:25,078 [INFO] [SCAN] 완료: 30개 종목 · 신호 0개 · API 호출 30회 · 캐시 히트 0회
2026-07-31 14:16:40,390 [INFO] [SCAN] 블랙리스트 4개 제외: ['IP/USDT:USDT', 'NES/USDT:USDT', 'WLD/USDT:USDT', 'XAG/USDT:USDT', 'XAU/USDT:USDT', 'XAUT/USDT:USDT']
2026-07-31 14:16:40,390 [INFO] [SCAN] 스캔 시작: 30개 페어 (캐시 35개 보유)
2026-07-31 14:16:53,753 [INFO] [SCAN] 완료: 30개 종목 · 신호 0개 · API 호출 30회 · 캐시 히트 0회
2026-07-31 14:17:09,045 [INFO] [SCAN] 블랙리스트 4개 제외: ['IP/USDT:USDT', 'NES/USDT:USDT', 'WLD/USDT:USDT', 'XAG/USDT:USDT', 'XAU/USDT:USDT', 'XAUT/USDT:USDT']
2026-07-31 14:17:09,047 [INFO] [SCAN] 스캔 시작: 30개 페어 (캐시 35개 보유)
2026-07-31 14:17:14,120 [INFO] [상태] 잔고:$9.78 | 포지션:2개 | 스캔:1646회 | 스캐너:ON
2026-07-31 14:17:22,551 [INFO] [SCAN] 완료: 30개 종목 · 신호 0개 · API 호출 30회 · 캐시 히트 0회
2026-07-31 14:17:39,551 [INFO] [SCAN] 블랙리스트 4개 제외: ['IP/USDT:USDT', 'NES/USDT:USDT', 'WLD/USDT:USDT', 'XAG/USDT:USDT', 'XAU/USDT:USDT', 'XAUT/USDT:USDT']
2026-07-31 14:17:39,552 [INFO] [SCAN] 스캔 시작: 30개 페어 (캐시 35개 보유)
2026-07-31 14:17:53,019 [INFO] [SCAN] 완료: 30개 종목 · 신호 0개 · API 호출 30회 · 캐시 히트 0회
2026-07-31 14:18:08,335 [INFO] [SCAN] 블랙리스트 4개 제외: ['IP/USDT:USDT', 'NES/USDT:USDT', 'WLD/USDT:USDT', 'XAG/USDT:USDT', 'XAU/USDT:USDT', 'XAUT/USDT:USDT']
2026-07-31 14:18:08,335 [INFO] [SCAN] 스캔 시작: 30개 페어 (캐시 35개 보유)
2026-07-31 14:18:14,729 [INFO] [상태] 잔고:$9.79 | 포지션:2개 | 스캔:1648회 | 스캐너:ON
2026-07-31 14:18:22,206 [INFO] [SCAN] 완료: 30개 종목 · 신호 0개 · API 호출 30회 · 캐시 히트 0회
2026-07-31 14:18:37,504 [INFO] [SCAN] 블랙리스트 4개 제외: ['IP/USDT:USDT', 'NES/USDT:USDT', 'WLD/USDT:USDT', 'XAG/USDT:USDT', 'XAU/USDT:USDT', 'XAUT/USDT:USDT']
2026-07-31 14:18:37,505 [INFO] [SCAN] 스캔 시작: 30개 페어 (캐시 35개 보유)
2026-07-31 14:18:51,089 [INFO] [SCAN] 완료: 30개 종목 · 신호 0개 · API 호출 30회 · 캐시 히트 0회
2026-07-31 14:19:08,240 [INFO] [SCAN] 블랙리스트 4개 제외: ['IP/USDT:USDT', 'NES/USDT:USDT', 'WLD/USDT:USDT', 'XAG/USDT:USDT', 'XAU/USDT:USDT', 'XAUT/USDT:USDT']
2026-07-31 14:19:08,243 [INFO] [SCAN] 스캔 시작: 30개 페어 (캐시 35개 보유)
2026-07-31 14:19:15,214 [INFO] [상태] 잔고:$9.79 | 포지션:2개 | 스캔:1650회 | 스캐너:ON
2026-07-31 14:19:21,966 [INFO] [SCAN] 완료: 30개 종목 · 신호 0개 · API 호출 30회 · 캐시 히트 0회
2026-07-31 14:19:37,253 [INFO] [SCAN] 블랙리스트 4개 제외: ['IP/USDT:USDT', 'NES/USDT:USDT', 'WLD/USDT:USDT', 'XAG/USDT:USDT', 'XAU/USDT:USDT', 'XAUT/USDT:USDT']
2026-07-31 14:19:37,253 [INFO] [SCAN] 스캔 시작: 30개 페어 (캐시 35개 보유)
2026-07-31 14:19:50,934 [INFO] [SCAN] 완료: 30개 종목 · 신호 0개 · API 호출 30회 · 캐시 히트 0회
2026-07-31 14:20:06,212 [INFO] [SCAN] 블랙리스트 4개 제외: ['IP/USDT:USDT', 'NES/USDT:USDT', 'WLD/USDT:USDT', 'XAG/USDT:USDT', 'XAU/USDT:USDT', 'XAUT/USDT:USDT']
2026-07-31 14:20:06,212 [INFO] [SCAN] 스캔 시작: 30개 페어 (캐시 35개 보유)
2026-07-31 14:20:15,642 [INFO] [상태] 잔고:$9.78 | 포지션:2개 | 스캔:1652회 | 스캐너:ON
2026-07-31 14:20:19,645 [INFO] [SCAN] 완료: 30개 종목 · 신호 0개 · API 호출 30회 · 캐시 히트 0회
2026-07-31 14:20:36,734 [INFO] [SCAN] 블랙리스트 4개 제외: ['IP/USDT:USDT', 'NES/USDT:USDT', 'WLD/USDT:USDT', 'XAG/USDT:USDT', 'XAU/USDT:USDT', 'XAUT/USDT:USDT']
2026-07-31 14:20:36,735 [INFO] [SCAN] 스캔 시작: 30개 페어 (캐시 35개 보유)
2026-07-31 14:20:50,304 [INFO] [SCAN] 완료: 30개 종목 · 신호 0개 · API 호출 30회 · 캐시 히트 0회
2026-07-31 14:21:05,585 [INFO] [SCAN] 블랙리스트 4개 제외: ['IP/USDT:USDT', 'NES/USDT:USDT', 'WLD/USDT:USDT', 'XAG/USDT:USDT', 'XAU/USDT:USDT', 'XAUT/USDT:USDT']
2026-07-31 14:21:05,585 [INFO] [SCAN] 스캔 시작: 30개 페어 (캐시 35개 보유)
2026-07-31 14:21:16,124 [INFO] [상태] 잔고:$9.78 | 포지션:2개 | 스캔:1654회 | 스캐너:ON
2026-07-31 14:21:19,431 [INFO] [SCAN] 완료: 30개 종목 · 신호 0개 · API 호출 30회 · 캐시 히트 0회
2026-07-31 14:21:34,729 [INFO] [SCAN] 블랙리스트 4개 제외: ['IP/USDT:USDT', 'NES/USDT:USDT', 'WLD/USDT:USDT', 'XAG/USDT:USDT', 'XAU/USDT:USDT', 'XAUT/USDT:USDT']
2026-07-31 14:21:34,730 [INFO] [SCAN] 스캔 시작: 30개 페어 (캐시 35개 보유)
2026-07-31 14:21:48,192 [INFO] [SCAN] 완료: 30개 종목 · 신호 0개 · API 호출 30회 · 캐시 히트 0회
2026-07-31 14:22:05,411 [INFO] [SCAN] 블랙리스트 4개 제외: ['IP/USDT:USDT', 'NES/USDT:USDT', 'WLD/USDT:USDT', 'XAG/USDT:USDT', 'XAU/USDT:USDT', 'XAUT/USDT:USDT']
2026-07-31 14:22:05,412 [INFO] [SCAN] 스캔 시작: 30개 페어 (캐시 35개 보유)
2026-07-31 14:22:16,710 [INFO] [상태] 잔고:$9.77 | 포지션:2개 | 스캔:1656회 | 스캐너:ON
2026-07-31 14:22:19,343 [INFO] [SCAN] 완료: 30개 종목 · 신호 0개 · API 호출 30회 · 캐시 히트 0회
2026-07-31 14:22:34,634 [INFO] [SCAN] 블랙리스트 4개 제외: ['IP/USDT:USDT', 'NES/USDT:USDT', 'WLD/USDT:USDT', 'XAG/USDT:USDT', 'XAU/USDT:USDT', 'XAUT/USDT:USDT']
2026-07-31 14:22:34,634 [INFO] [SCAN] 스캔 시작: 30개 페어 (캐시 35개 보유)
2026-07-31 14:22:48,436 [INFO] [SCAN] 완료: 30개 종목 · 신호 0개 · API 호출 30회 · 캐시 히트 0회
2026-07-31 14:23:05,656 [INFO] [SCAN] 블랙리스트 4개 제외: ['IP/USDT:USDT', 'NES/USDT:USDT', 'WLD/USDT:USDT', 'XAG/USDT:USDT', 'XAU/USDT:USDT', 'XAUT/USDT:USDT']
2026-07-31 14:23:05,656 [INFO] [SCAN] 스캔 시작: 30개 페어 (캐시 35개 보유)
2026-07-31 14:23:17,170 [INFO] [상태] 잔고:$9.79 | 포지션:2개 | 스캔:1658회 | 스캐너:ON
2026-07-31 14:23:19,633 [INFO] [SCAN] 완료: 30개 종목 · 신호 0개 · API 호출 30회 · 캐시 히트 0회
2026-07-31 14:23:34,911 [INFO] [SCAN] 블랙리스트 4개 제외: ['IP/USDT:USDT', 'NES/USDT:USDT', 'WLD/USDT:USDT', 'XAG/USDT:USDT', 'XAU/USDT:USDT', 'XAUT/USDT:USDT']
2026-07-31 14:23:34,911 [INFO] [SCAN] 스캔 시작: 30개 페어 (캐시 35개 보유)
2026-07-31 14:23:48,495 [INFO] [SCAN] 완료: 30개 종목 · 신호 0개 · API 호출 30회 · 캐시 히트 0회
2026-07-31 14:24:05,667 [INFO] [SCAN] 블랙리스트 4개 제외: ['IP/USDT:USDT', 'NES/USDT:USDT', 'WLD/USDT:USDT', 'XAG/USDT:USDT', 'XAU/USDT:USDT', 'XAUT/USDT:USDT']
2026-07-31 14:24:05,667 [INFO] [SCAN] 스캔 시작: 30개 페어 (캐시 35개 보유)
2026-07-31 14:24:17,644 [INFO] [상태] 잔고:$9.79 | 포지션:2개 | 스캔:1660회 | 스캐너:ON
2026-07-31 14:24:19,356 [INFO] [SCAN] 완료: 30개 종목 · 신호 0개 · API 호출 30회 · 캐시 히트 0회
2026-07-31 14:24:34,674 [INFO] [SCAN] 블랙리스트 4개 제외: ['IP/USDT:USDT', 'NES/USDT:USDT', 'WLD/USDT:USDT', 'XAG/USDT:USDT', 'XAU/USDT:USDT', 'XAUT/USDT:USDT']
2026-07-31 14:24:34,674 [INFO] [SCAN] 스캔 시작: 30개 페어 (캐시 35개 보유)
2026-07-31 14:24:48,085 [INFO] [SCAN] 완료: 30개 종목 · 신호 0개 · API 호출 30회 · 캐시 히트 0회
2026-07-31 14:25:03,339 [INFO] [SCAN] 블랙리스트 4개 제외: ['IP/USDT:USDT', 'NES/USDT:USDT', 'WLD/USDT:USDT', 'XAG/USDT:USDT', 'XAU/USDT:USDT', 'XAUT/USDT:USDT']
2026-07-31 14:25:03,339 [INFO] [SCAN] 스캔 시작: 30개 페어 (캐시 35개 보유)
2026-07-31 14:25:16,573 [INFO] [SCAN] 완료: 30개 종목 · 신호 0개 · API 호출 30회 · 캐시 히트 0회
2026-07-31 14:25:18,313 [INFO] [상태] 잔고:$9.80 | 포지션:2개 | 스캔:1663회 | 스캐너:ON
2026-07-31 14:25:33,919 [INFO] [SCAN] 블랙리스트 4개 제외: ['IP/USDT:USDT', 'NES/USDT:USDT', 'WLD/USDT:USDT', 'XAG/USDT:USDT', 'XAU/USDT:USDT', 'XAUT/USDT:USDT']
2026-07-31 14:25:33,919 [INFO] [SCAN] 스캔 시작: 30개 페어 (캐시 35개 보유)
2026-07-31 14:25:47,403 [INFO] [SCAN] 완료: 30개 종목 · 신호 0개 · API 호출 30회 · 캐시 히트 0회
2026-07-31 14:26:02,662 [INFO] [SCAN] 블랙리스트 4개 제외: ['IP/USDT:USDT', 'NES/USDT:USDT', 'WLD/USDT:USDT', 'XAG/USDT:USDT', 'XAU/USDT:USDT', 'XAUT/USDT:USDT']
2026-07-31 14:26:02,663 [INFO] [SCAN] 스캔 시작: 30개 페어 (캐시 35개 보유)
2026-07-31 14:26:16,104 [INFO] [SCAN] 완료: 30개 종목 · 신호 0개 · API 호출 30회 · 캐시 히트 0회
2026-07-31 14:26:18,992 [INFO] [상태] 잔고:$9.78 | 포지션:2개 | 스캔:1665회 | 스캐너:ON
2026-07-31 14:26:31,479 [INFO] [SCAN] 블랙리스트 4개 제외: ['IP/USDT:USDT', 'NES/USDT:USDT', 'WLD/USDT:USDT', 'XAG/USDT:USDT', 'XAU/USDT:USDT', 'XAUT/USDT:USDT']
2026-07-31 14:26:31,479 [INFO] [SCAN] 스캔 시작: 30개 페어 (캐시 35개 보유)
2026-07-31 14:26:44,742 [INFO] [SCAN] 완료: 30개 종목 · 신호 0개 · API 호출 30회 · 캐시 히트 0회
2026-07-31 14:27:02,061 [INFO] [SCAN] 블랙리스트 4개 제외: ['IP/USDT:USDT', 'NES/USDT:USDT', 'WLD/USDT:USDT', 'XAG/USDT:USDT', 'XAU/USDT:USDT', 'XAUT/USDT:USDT']
2026-07-31 14:27:02,061 [INFO] [SCAN] 스캔 시작: 30개 페어 (캐시 35개 보유)
2026-07-31 14:27:15,171 [INFO] [SCAN] 완료: 30개 종목 · 신호 0개 · API 호출 30회 · 캐시 히트 0회
2026-07-31 14:27:19,530 [INFO] [상태] 잔고:$9.77 | 포지션:2개 | 스캔:1667회 | 스캐너:ON
2026-07-31 14:27:30,542 [INFO] [SCAN] 블랙리스트 4개 제외: ['IP/USDT:USDT', 'NES/USDT:USDT', 'WLD/USDT:USDT', 'XAG/USDT:USDT', 'XAU/USDT:USDT', 'XAUT/USDT:USDT']
2026-07-31 14:27:30,542 [INFO] [SCAN] 스캔 시작: 30개 페어 (캐시 35개 보유)
2026-07-31 14:27:43,653 [INFO] [SCAN] 완료: 30개 종목 · 신호 0개 · API 호출 30회 · 캐시 히트 0회
2026-07-31 14:27:58,912 [INFO] [SCAN] 블랙리스트 4개 제외: ['IP/USDT:USDT', 'NES/USDT:USDT', 'WLD/USDT:USDT', 'XAG/USDT:USDT', 'XAU/USDT:USDT', 'XAUT/USDT:USDT']
2026-07-31 14:27:58,913 [INFO] [SCAN] 스캔 시작: 30개 페어 (캐시 35개 보유)
2026-07-31 14:28:12,051 [INFO] [SCAN] 완료: 30개 종목 · 신호 0개 · API 호출 30회 · 캐시 히트 0회
2026-07-31 14:28:20,021 [INFO] [상태] 잔고:$9.77 | 포지션:2개 | 스캔:1669회 | 스캐너:ON
2026-07-31 14:28:29,131 [INFO] [SCAN] 블랙리스트 4개 제외: ['IP/USDT:USDT', 'NES/USDT:USDT', 'WLD/USDT:USDT', 'XAG/USDT:USDT', 'XAU/USDT:USDT', 'XAUT/USDT:USDT']
2026-07-31 14:28:29,132 [INFO] [SCAN] 스캔 시작: 30개 페어 (캐시 35개 보유)
2026-07-31 14:28:42,224 [INFO] [SCAN] 완료: 30개 종목 · 신호 0개 · API 호출 30회 · 캐시 히트 0회
2026-07-31 14:28:57,490 [INFO] [SCAN] 블랙리스트 4개 제외: ['IP/USDT:USDT', 'NES/USDT:USDT', 'WLD/USDT:USDT', 'XAG/USDT:USDT', 'XAU/USDT:USDT', 'XAUT/USDT:USDT']
2026-07-31 14:28:57,490 [INFO] [SCAN] 스캔 시작: 30개 페어 (캐시 35개 보유)
2026-07-31 14:29:10,869 [INFO] [SCAN] 완료: 30개 종목 · 신호 0개 · API 호출 30회 · 캐시 히트 0회
2026-07-31 14:29:20,497 [INFO] [상태] 잔고:$9.77 | 포지션:2개 | 스캔:1671회 | 스캐너:ON
2026-07-31 14:29:26,239 [INFO] [SCAN] 블랙리스트 4개 제외: ['IP/USDT:USDT', 'NES/USDT:USDT', 'WLD/USDT:USDT', 'XAG/USDT:USDT', 'XAU/USDT:USDT', 'XAUT/USDT:USDT']
2026-07-31 14:29:26,239 [INFO] [SCAN] 스캔 시작: 30개 페어 (캐시 35개 보유)
2026-07-31 14:29:39,773 [INFO] [SCAN] 완료: 30개 종목 · 신호 0개 · API 호출 30회 · 캐시 히트 0회
2026-07-31 14:29:57,015 [INFO] [SCAN] 블랙리스트 4개 제외: ['IP/USDT:USDT', 'NES/USDT:USDT', 'WLD/USDT:USDT', 'XAG/USDT:USDT', 'XAU/USDT:USDT', 'XAUT/USDT:USDT']
2026-07-31 14:29:57,015 [INFO] [SCAN] 스캔 시작: 30개 페어 (캐시 35개 보유)
2026-07-31 14:30:10,620 [INFO] [SCAN] 완료: 30개 종목 · 신호 0개 · API 호출 30회 · 캐시 히트 0회
2026-07-31 14:30:20,936 [INFO] [상태] 잔고:$9.77 | 포지션:2개 | 스캔:1673회 | 스캐너:ON
2026-07-31 14:30:25,991 [INFO] [SCAN] 블랙리스트 4개 제외: ['IP/USDT:USDT', 'NES/USDT:USDT', 'WLD/USDT:USDT', 'XAG/USDT:USDT', 'XAU/USDT:USDT', 'XAUT/USDT:USDT']
2026-07-31 14:30:25,991 [INFO] [SCAN] 스캔 시작: 30개 페어 (캐시 35개 보유)
2026-07-31 14:30:39,753 [INFO] [SCAN] 완료: 30개 종목 · 신호 0개 · API 호출 30회 · 캐시 히트 0회
2026-07-31 14:30:55,031 [INFO] [SCAN] 블랙리스트 4개 제외: ['IP/USDT:USDT', 'NES/USDT:USDT', 'WLD/USDT:USDT', 'XAG/USDT:USDT', 'XAU/USDT:USDT', 'XAUT/USDT:USDT']
2026-07-31 14:30:55,032 [INFO] [SCAN] 스캔 시작: 30개 페어 (캐시 35개 보유)
2026-07-31 14:31:08,312 [INFO] [SCAN] 완료: 30개 종목 · 신호 0개 · API 호출 30회 · 캐시 히트 0회
2026-07-31 14:31:21,586 [INFO] [상태] 잔고:$9.76 | 포지션:2개 | 스캔:1675회 | 스캐너:ON
2026-07-31 14:31:25,444 [INFO] [SCAN] 블랙리스트 4개 제외: ['IP/USDT:USDT', 'NES/USDT:USDT', 'WLD/USDT:USDT', 'XAG/USDT:USDT', 'XAU/USDT:USDT', 'XAUT/USDT:USDT']
2026-07-31 14:31:25,444 [INFO] [SCAN] 스캔 시작: 30개 페어 (캐시 35개 보유)
2026-07-31 14:31:39,016 [INFO] [SCAN] 완료: 30개 종목 · 신호 0개 · API 호출 30회 · 캐시 히트 0회
2026-07-31 14:31:54,324 [INFO] [SCAN] 블랙리스트 4개 제외: ['IP/USDT:USDT', 'NES/USDT:USDT', 'WLD/USDT:USDT', 'XAG/USDT:USDT', 'XAU/USDT:USDT', 'XAUT/USDT:USDT']
2026-07-31 14:31:54,325 [INFO] [SCAN] 스캔 시작: 30개 페어 (캐시 35개 보유)
2026-07-31 14:32:07,767 [INFO] [SCAN] 완료: 30개 종목 · 신호 0개 · API 호출 30회 · 캐시 히트 0회
2026-07-31 14:32:22,284 [INFO] [상태] 잔고:$9.76 | 포지션:2개 | 스캔:1677회 | 스캐너:ON
2026-07-31 14:32:23,330 [INFO] [SCAN] 블랙리스트 4개 제외: ['IP/USDT:USDT', 'NES/USDT:USDT', 'WLD/USDT:USDT', 'XAG/USDT:USDT', 'XAU/USDT:USDT', 'XAUT/USDT:USDT']
2026-07-31 14:32:23,330 [INFO] [SCAN] 스캔 시작: 30개 페어 (캐시 35개 보유)
2026-07-31 14:32:36,784 [INFO] [SCAN] 완료: 30개 종목 · 신호 0개 · API 호출 30회 · 캐시 히트 0회
2026-07-31 14:32:53,872 [INFO] [SCAN] 블랙리스트 4개 제외: ['IP/USDT:USDT', 'NES/USDT:USDT', 'WLD/USDT:USDT', 'XAG/USDT:USDT', 'XAU/USDT:USDT', 'XAUT/USDT:USDT']
2026-07-31 14:32:53,873 [INFO] [SCAN] 스캔 시작: 30개 페어 (캐시 35개 보유)
2026-07-31 14:33:07,486 [INFO] [SCAN] 완료: 30개 종목 · 신호 0개 · API 호출 30회 · 캐시 히트 0회
2026-07-31 14:33:22,780 [INFO] [상태] 잔고:$9.77 | 포지션:2개 | 스캔:1679회 | 스캐너:ON
2026-07-31 14:33:23,123 [INFO] [SCAN] 블랙리스트 4개 제외: ['IP/USDT:USDT', 'NES/USDT:USDT', 'WLD/USDT:USDT', 'XAG/USDT:USDT', 'XAU/USDT:USDT', 'XAUT/USDT:USDT']
2026-07-31 14:33:23,123 [INFO] [SCAN] 스캔 시작: 30개 페어 (캐시 35개 보유)
2026-07-31 14:33:36,524 [INFO] [SCAN] 완료: 30개 종목 · 신호 0개 · API 호출 30회 · 캐시 히트 0회
2026-07-31 14:33:51,788 [INFO] [SCAN] 블랙리스트 4개 제외: ['IP/USDT:USDT', 'NES/USDT:USDT', 'WLD/USDT:USDT', 'XAG/USDT:USDT', 'XAU/USDT:USDT', 'XAUT/USDT:USDT']
2026-07-31 14:33:51,790 [INFO] [SCAN] 스캔 시작: 30개 페어 (캐시 35개 보유)
2026-07-31 14:34:05,069 [INFO] [SCAN] 완료: 30개 종목 · 신호 0개 · API 호출 30회 · 캐시 히트 0회
2026-07-31 14:34:22,096 [INFO] [SCAN] 블랙리스트 4개 제외: ['IP/USDT:USDT', 'NES/USDT:USDT', 'WLD/USDT:USDT', 'XAG/USDT:USDT', 'XAU/USDT:USDT', 'XAUT/USDT:USDT']
2026-07-31 14:34:22,098 [INFO] [SCAN] 스캔 시작: 30개 페어 (캐시 35개 보유)
2026-07-31 14:34:23,382 [INFO] [상태] 잔고:$9.74 | 포지션:2개 | 스캔:1681회 | 스캐너:ON
2026-07-31 14:34:35,650 [INFO] [SCAN] 완료: 30개 종목 · 신호 0개 · API 호출 30회 · 캐시 히트 0회
2026-07-31 14:34:50,956 [INFO] [SCAN] 블랙리스트 4개 제외: ['IP/USDT:USDT', 'NES/USDT:USDT', 'WLD/USDT:USDT', 'XAG/USDT:USDT', 'XAU/USDT:USDT', 'XAUT/USDT:USDT']
2026-07-31 14:34:50,957 [INFO] [SCAN] 스캔 시작: 30개 페어 (캐시 35개 보유)
2026-07-31 14:35:05,268 [INFO] [SCAN] 완료: 30개 종목 · 신호 0개 · API 호출 30회 · 캐시 히트 0회
2026-07-31 14:35:22,526 [INFO] [SCAN] 블랙리스트 4개 제외: ['IP/USDT:USDT', 'NES/USDT:USDT', 'WLD/USDT:USDT', 'XAG/USDT:USDT', 'XAU/USDT:USDT', 'XAUT/USDT:USDT']
2026-07-31 14:35:22,526 [INFO] [SCAN] 스캔 시작: 30개 페어 (캐시 35개 보유)
2026-07-31 14:35:23,856 [INFO] [상태] 잔고:$9.72 | 포지션:2개 | 스캔:1683회 | 스캐너:ON
2026-07-31 14:35:36,344 [INFO] [SCAN] 완료: 30개 종목 · 신호 0개 · API 호출 30회 · 캐시 히트 0회
2026-07-31 14:35:51,627 [INFO] [SCAN] 블랙리스트 4개 제외: ['IP/USDT:USDT', 'NES/USDT:USDT', 'WLD/USDT:USDT', 'XAG/USDT:USDT', 'XAU/USDT:USDT', 'XAUT/USDT:USDT']
2026-07-31 14:35:51,627 [INFO] [SCAN] 스캔 시작: 30개 페어 (캐시 35개 보유)
2026-07-31 14:36:05,224 [INFO] [SCAN] 완료: 30개 종목 · 신호 0개 · API 호출 30회 · 캐시 히트 0회
2026-07-31 14:36:20,493 [INFO] [SCAN] 블랙리스트 4개 제외: ['IP/USDT:USDT', 'NES/USDT:USDT', 'WLD/USDT:USDT', 'XAG/USDT:USDT', 'XAU/USDT:USDT', 'XAUT/USDT:USDT']
2026-07-31 14:36:20,494 [INFO] [SCAN] 스캔 시작: 30개 페어 (캐시 35개 보유)
2026-07-31 14:36:24,443 [INFO] [상태] 잔고:$9.73 | 포지션:2개 | 스캔:1685회 | 스캐너:ON
2026-07-31 14:36:34,363 [INFO] [SCAN] 완료: 30개 종목 · 신호 0개 · API 호출 30회 · 캐시 히트 0회
2026-07-31 14:36:51,611 [INFO] [SCAN] 블랙리스트 4개 제외: ['IP/USDT:USDT', 'NES/USDT:USDT', 'WLD/USDT:USDT', 'XAG/USDT:USDT', 'XAU/USDT:USDT', 'XAUT/USDT:USDT']
2026-07-31 14:36:51,611 [INFO] [SCAN] 스캔 시작: 30개 페어 (캐시 35개 보유)
2026-07-31 14:37:04,904 [INFO] [SCAN] 완료: 30개 종목 · 신호 0개 · API 호출 30회 · 캐시 히트 0회
2026-07-31 14:37:20,168 [INFO] [SCAN] 블랙리스트 4개 제외: ['IP/USDT:USDT', 'NES/USDT:USDT', 'WLD/USDT:USDT', 'XAG/USDT:USDT', 'XAU/USDT:USDT', 'XAUT/USDT:USDT']
2026-07-31 14:37:20,168 [INFO] [SCAN] 스캔 시작: 30개 페어 (캐시 35개 보유)
2026-07-31 14:37:24,885 [INFO] [상태] 잔고:$9.73 | 포지션:2개 | 스캔:1687회 | 스캐너:ON
2026-07-31 14:37:33,831 [INFO] [SCAN] 완료: 30개 종목 · 신호 0개 · API 호출 30회 · 캐시 히트 0회
2026-07-31 14:37:49,156 [INFO] [SCAN] 블랙리스트 4개 제외: ['IP/USDT:USDT', 'NES/USDT:USDT', 'WLD/USDT:USDT', 'XAG/USDT:USDT', 'XAU/USDT:USDT', 'XAUT/USDT:USDT']
2026-07-31 14:37:49,157 [INFO] [SCAN] 스캔 시작: 30개 페어 (캐시 35개 보유)
2026-07-31 14:38:02,697 [INFO] [SCAN] 완료: 30개 종목 · 신호 0개 · API 호출 30회 · 캐시 히트 0회
2026-07-31 14:38:19,798 [INFO] [SCAN] 블랙리스트 4개 제외: ['IP/USDT:USDT', 'NES/USDT:USDT', 'WLD/USDT:USDT', 'XAG/USDT:USDT', 'XAU/USDT:USDT', 'XAUT/USDT:USDT']
2026-07-31 14:38:19,798 [INFO] [SCAN] 스캔 시작: 30개 페어 (캐시 35개 보유)
2026-07-31 14:38:25,321 [INFO] [상태] 잔고:$9.72 | 포지션:2개 | 스캔:1689회 | 스캐너:ON
2026-07-31 14:38:33,692 [INFO] [SCAN] 완료: 30개 종목 · 신호 0개 · API 호출 30회 · 캐시 히트 0회
2026-07-31 14:38:48,958 [INFO] [SCAN] 블랙리스트 4개 제외: ['IP/USDT:USDT', 'NES/USDT:USDT', 'WLD/USDT:USDT', 'XAG/USDT:USDT', 'XAU/USDT:USDT', 'XAUT/USDT:USDT']
2026-07-31 14:38:48,958 [INFO] [SCAN] 스캔 시작: 30개 페어 (캐시 35개 보유)
2026-07-31 14:39:02,950 [INFO] [SCAN] 완료: 30개 종목 · 신호 0개 · API 호출 30회 · 캐시 히트 0회
2026-07-31 14:39:20,102 [INFO] [SCAN] 블랙리스트 4개 제외: ['IP/USDT:USDT', 'NES/USDT:USDT', 'WLD/USDT:USDT', 'XAG/USDT:USDT', 'XAU/USDT:USDT', 'XAUT/USDT:USDT']
2026-07-31 14:39:20,102 [INFO] [SCAN] 스캔 시작: 30개 페어 (캐시 35개 보유)
2026-07-31 14:39:26,055 [INFO] [상태] 잔고:$9.71 | 포지션:2개 | 스캔:1691회 | 스캐너:ON
2026-07-31 14:39:33,993 [INFO] [SCAN] 완료: 30개 종목 · 신호 0개 · API 호출 30회 · 캐시 히트 0회
2026-07-31 14:39:49,390 [INFO] [SCAN] 블랙리스트 4개 제외: ['IP/USDT:USDT', 'NES/USDT:USDT', 'WLD/USDT:USDT', 'XAG/USDT:USDT', 'XAU/USDT:USDT', 'XAUT/USDT:USDT']
2026-07-31 14:39:49,391 [INFO] [SCAN] 스캔 시작: 30개 페어 (캐시 35개 보유)
2026-07-31 14:40:02,846 [INFO] [SCAN] 완료: 30개 종목 · 신호 0개 · API 호출 30회 · 캐시 히트 0회
2026-07-31 14:40:18,152 [INFO] [SCAN] 블랙리스트 4개 제외: ['IP/USDT:USDT', 'NES/USDT:USDT', 'WLD/USDT:USDT', 'XAG/USDT:USDT', 'XAU/USDT:USDT', 'XAUT/USDT:USDT']
2026-07-31 14:40:18,153 [INFO] [SCAN] 스캔 시작: 30개 페어 (캐시 35개 보유)
2026-07-31 14:40:26,617 [INFO] [상태] 잔고:$9.72 | 포지션:2개 | 스캔:1693회 | 스캐너:ON
2026-07-31 14:40:31,571 [INFO] [SCAN] 완료: 30개 종목 · 신호 0개 · API 호출 30회 · 캐시 히트 0회
2026-07-31 14:40:48,594 [INFO] [SCAN] 블랙리스트 4개 제외: ['IP/USDT:USDT', 'NES/USDT:USDT', 'WLD/USDT:USDT', 'XAG/USDT:USDT', 'XAU/USDT:USDT', 'XAUT/USDT:USDT']
2026-07-31 14:40:48,594 [INFO] [SCAN] 스캔 시작: 30개 페어 (캐시 35개 보유)
2026-07-31 14:41:02,217 [INFO] [SCAN] 완료: 30개 종목 · 신호 0개 · API 호출 30회 · 캐시 히트 0회
2026-07-31 14:41:17,480 [INFO] [SCAN] 블랙리스트 4개 제외: ['IP/USDT:USDT', 'NES/USDT:USDT', 'WLD/USDT:USDT', 'XAG/USDT:USDT', 'XAU/USDT:USDT', 'XAUT/USDT:USDT']
2026-07-31 14:41:17,480 [INFO] [SCAN] 스캔 시작: 30개 페어 (캐시 35개 보유)
2026-07-31 14:41:27,165 [INFO] [상태] 잔고:$9.72 | 포지션:2개 | 스캔:1695회 | 스캐너:ON
2026-07-31 14:41:31,086 [INFO] [SCAN] 완료: 30개 종목 · 신호 0개 · API 호출 30회 · 캐시 히트 0회
2026-07-31 14:41:46,366 [INFO] [SCAN] 블랙리스트 4개 제외: ['IP/USDT:USDT', 'NES/USDT:USDT', 'WLD/USDT:USDT', 'XAG/USDT:USDT', 'XAU/USDT:USDT', 'XAUT/USDT:USDT']
2026-07-31 14:41:46,366 [INFO] [SCAN] 스캔 시작: 30개 페어 (캐시 35개 보유)
2026-07-31 14:41:59,634 [INFO] [SCAN] 완료: 30개 종목 · 신호 0개 · API 호출 30회 · 캐시 히트 0회
2026-07-31 14:42:16,653 [INFO] [SCAN] 블랙리스트 4개 제외: ['IP/USDT:USDT', 'NES/USDT:USDT', 'WLD/USDT:USDT', 'XAG/USDT:USDT', 'XAU/USDT:USDT', 'XAUT/USDT:USDT']
2026-07-31 14:42:16,653 [INFO] [SCAN] 스캔 시작: 30개 페어 (캐시 35개 보유)
2026-07-31 14:42:27,771 [INFO] [상태] 잔고:$9.72 | 포지션:2개 | 스캔:1697회 | 스캐너:ON
2026-07-31 14:42:30,227 [INFO] [SCAN] 완료: 30개 종목 · 신호 0개 · API 호출 30회 · 캐시 히트 0회
2026-07-31 14:42:45,594 [INFO] [SCAN] 블랙리스트 4개 제외: ['IP/USDT:USDT', 'NES/USDT:USDT', 'WLD/USDT:USDT', 'XAG/USDT:USDT', 'XAU/USDT:USDT', 'XAUT/USDT:USDT']
2026-07-31 14:42:45,594 [INFO] [SCAN] 스캔 시작: 30개 페어 (캐시 35개 보유)
2026-07-31 14:42:58,866 [INFO] [SCAN] 완료: 30개 종목 · 신호 0개 · API 호출 30회 · 캐시 히트 0회
2026-07-31 14:43:14,120 [INFO] [SCAN] 블랙리스트 4개 제외: ['IP/USDT:USDT', 'NES/USDT:USDT', 'WLD/USDT:USDT', 'XAG/USDT:USDT', 'XAU/USDT:USDT', 'XAUT/USDT:USDT']
2026-07-31 14:43:14,120 [INFO] [SCAN] 스캔 시작: 30개 페어 (캐시 35개 보유)
2026-07-31 14:43:27,354 [INFO] [SCAN] 완료: 30개 종목 · 신호 0개 · API 호출 30회 · 캐시 히트 0회
2026-07-31 14:43:28,320 [INFO] [상태] 잔고:$9.72 | 포지션:2개 | 스캔:1700회 | 스캐너:ON
2026-07-31 14:43:44,771 [INFO] [SCAN] 블랙리스트 4개 제외: ['IP/USDT:USDT', 'NES/USDT:USDT', 'WLD/USDT:USDT', 'XAG/USDT:USDT', 'XAU/USDT:USDT', 'XAUT/USDT:USDT']
2026-07-31 14:43:44,771 [INFO] [SCAN] 스캔 시작: 30개 페어 (캐시 35개 보유)
2026-07-31 14:43:58,093 [INFO] [SCAN] 완료: 30개 종목 · 신호 0개 · API 호출 30회 · 캐시 히트 0회
2026-07-31 14:44:13,413 [INFO] [SCAN] 블랙리스트 4개 제외: ['IP/USDT:USDT', 'NES/USDT:USDT', 'WLD/USDT:USDT', 'XAG/USDT:USDT', 'XAU/USDT:USDT', 'XAUT/USDT:USDT']
2026-07-31 14:44:13,413 [INFO] [SCAN] 스캔 시작: 30개 페어 (캐시 35개 보유)
2026-07-31 14:44:27,015 [INFO] [SCAN] 완료: 30개 종목 · 신호 0개 · API 호출 30회 · 캐시 히트 0회
2026-07-31 14:44:28,832 [INFO] [상태] 잔고:$9.70 | 포지션:2개 | 스캔:1702회 | 스캐너:ON
2026-07-31 14:44:42,392 [INFO] [SCAN] 블랙리스트 4개 제외: ['IP/USDT:USDT', 'NES/USDT:USDT', 'WLD/USDT:USDT', 'XAG/USDT:USDT', 'XAU/USDT:USDT', 'XAUT/USDT:USDT']
2026-07-31 14:44:42,392 [INFO] [SCAN] 스캔 시작: 30개 페어 (캐시 35개 보유)
2026-07-31 14:44:55,580 [INFO] [SCAN] 완료: 30개 종목 · 신호 0개 · API 호출 30회 · 캐시 히트 0회
2026-07-31 14:45:12,613 [INFO] [SCAN] 블랙리스트 4개 제외: ['IP/USDT:USDT', 'NES/USDT:USDT', 'WLD/USDT:USDT', 'XAG/USDT:USDT', 'XAU/USDT:USDT', 'XAUT/USDT:USDT']
2026-07-31 14:45:12,613 [INFO] [SCAN] 스캔 시작: 30개 페어 (캐시 35개 보유)
2026-07-31 14:45:25,881 [INFO] [SCAN] 완료: 30개 종목 · 신호 0개 · API 호출 30회 · 캐시 히트 0회
2026-07-31 14:45:29,410 [INFO] [상태] 잔고:$9.68 | 포지션:2개 | 스캔:1704회 | 스캐너:ON
2026-07-31 14:45:41,292 [INFO] [SCAN] 블랙리스트 4개 제외: ['IP/USDT:USDT', 'NES/USDT:USDT', 'WLD/USDT:USDT', 'XAG/USDT:USDT', 'XAU/USDT:USDT', 'XAUT/USDT:USDT']
2026-07-31 14:45:41,293 [INFO] [SCAN] 스캔 시작: 30개 페어 (캐시 35개 보유)
2026-07-31 14:45:54,544 [INFO] [SCAN] 완료: 30개 종목 · 신호 0개 · API 호출 30회 · 캐시 히트 0회
2026-07-31 14:46:09,991 [INFO] [SCAN] 블랙리스트 4개 제외: ['IP/USDT:USDT', 'NES/USDT:USDT', 'WLD/USDT:USDT', 'XAG/USDT:USDT', 'XAU/USDT:USDT', 'XAUT/USDT:USDT']
2026-07-31 14:46:09,991 [INFO] [SCAN] 스캔 시작: 30개 페어 (캐시 35개 보유)
2026-07-31 14:46:23,186 [INFO] [SCAN] 완료: 30개 종목 · 신호 0개 · API 호출 30회 · 캐시 히트 0회
2026-07-31 14:46:30,014 [INFO] [상태] 잔고:$9.70 | 포지션:2개 | 스캔:1706회 | 스캐너:ON
2026-07-31 14:46:40,377 [INFO] [SCAN] 블랙리스트 4개 제외: ['IP/USDT:USDT', 'NES/USDT:USDT', 'WLD/USDT:USDT', 'XAG/USDT:USDT', 'XAU/USDT:USDT', 'XAUT/USDT:USDT']
2026-07-31 14:46:40,377 [INFO] [SCAN] 스캔 시작: 30개 페어 (캐시 35개 보유)
2026-07-31 14:46:53,553 [INFO] [SCAN] 완료: 30개 종목 · 신호 0개 · API 호출 30회 · 캐시 히트 0회
2026-07-31 14:47:08,818 [INFO] [SCAN] 블랙리스트 4개 제외: ['IP/USDT:USDT', 'NES/USDT:USDT', 'WLD/USDT:USDT', 'XAG/USDT:USDT', 'XAU/USDT:USDT', 'XAUT/USDT:USDT']
2026-07-31 14:47:08,819 [INFO] [SCAN] 스캔 시작: 30개 페어 (캐시 35개 보유)
2026-07-31 14:47:22,413 [INFO] [SCAN] 완료: 30개 종목 · 신호 0개 · API 호출 30회 · 캐시 히트 0회
2026-07-31 14:47:30,621 [INFO] [상태] 잔고:$9.70 | 포지션:2개 | 스캔:1708회 | 스캐너:ON
2026-07-31 14:47:37,804 [INFO] [SCAN] 블랙리스트 4개 제외: ['IP/USDT:USDT', 'NES/USDT:USDT', 'WLD/USDT:USDT', 'XAG/USDT:USDT', 'XAU/USDT:USDT', 'XAUT/USDT:USDT']
2026-07-31 14:47:37,804 [INFO] [SCAN] 스캔 시작: 30개 페어 (캐시 35개 보유)
2026-07-31 14:47:51,052 [INFO] [SCAN] 완료: 30개 종목 · 신호 0개 · API 호출 30회 · 캐시 히트 0회
2026-07-31 14:48:08,102 [INFO] [SCAN] 블랙리스트 4개 제외: ['IP/USDT:USDT', 'NES/USDT:USDT', 'WLD/USDT:USDT', 'XAG/USDT:USDT', 'XAU/USDT:USDT', 'XAUT/USDT:USDT']
2026-07-31 14:48:08,102 [INFO] [SCAN] 스캔 시작: 30개 페어 (캐시 35개 보유)
2026-07-31 14:48:21,375 [INFO] [SCAN] 완료: 30개 종목 · 신호 0개 · API 호출 30회 · 캐시 히트 0회
2026-07-31 14:48:31,257 [INFO] [상태] 잔고:$9.71 | 포지션:2개 | 스캔:1710회 | 스캐너:ON
2026-07-31 14:48:36,796 [INFO] [SCAN] 블랙리스트 4개 제외: ['IP/USDT:USDT', 'NES/USDT:USDT', 'WLD/USDT:USDT', 'XAG/USDT:USDT', 'XAU/USDT:USDT', 'XAUT/USDT:USDT']
2026-07-31 14:48:36,796 [INFO] [SCAN] 스캔 시작: 30개 페어 (캐시 35개 보유)
2026-07-31 14:48:50,604 [INFO] [SCAN] 완료: 30개 종목 · 신호 0개 · API 호출 30회 · 캐시 히트 0회
2026-07-31 14:49:05,885 [INFO] [SCAN] 블랙리스트 4개 제외: ['IP/USDT:USDT', 'NES/USDT:USDT', 'WLD/USDT:USDT', 'XAG/USDT:USDT', 'XAU/USDT:USDT', 'XAUT/USDT:USDT']
2026-07-31 14:49:05,885 [INFO] [SCAN] 스캔 시작: 30개 페어 (캐시 35개 보유)
2026-07-31 14:49:19,197 [INFO] [SCAN] 완료: 30개 종목 · 신호 0개 · API 호출 30회 · 캐시 히트 0회
2026-07-31 14:49:31,883 [INFO] [상태] 잔고:$9.72 | 포지션:2개 | 스캔:1712회 | 스캐너:ON
2026-07-31 14:49:36,242 [INFO] [SCAN] 블랙리스트 4개 제외: ['IP/USDT:USDT', 'NES/USDT:USDT', 'WLD/USDT:USDT', 'XAG/USDT:USDT', 'XAU/USDT:USDT', 'XAUT/USDT:USDT']
2026-07-31 14:49:36,242 [INFO] [SCAN] 스캔 시작: 30개 페어 (캐시 35개 보유)
2026-07-31 14:49:49,584 [INFO] [SCAN] 완료: 30개 종목 · 신호 0개 · API 호출 30회 · 캐시 히트 0회
2026-07-31 14:50:04,863 [INFO] [SCAN] 블랙리스트 4개 제외: ['IP/USDT:USDT', 'NES/USDT:USDT', 'WLD/USDT:USDT', 'XAG/USDT:USDT', 'XAU/USDT:USDT', 'XAUT/USDT:USDT']
2026-07-31 14:50:04,864 [INFO] [SCAN] 스캔 시작: 30개 페어 (캐시 35개 보유)
2026-07-31 14:50:18,175 [INFO] [SCAN] 완료: 30개 종목 · 신호 0개 · API 호출 30회 · 캐시 히트 0회
2026-07-31 14:50:32,324 [INFO] [상태] 잔고:$9.71 | 포지션:2개 | 스캔:1714회 | 스캐너:ON
2026-07-31 14:50:33,551 [INFO] [SCAN] 블랙리스트 4개 제외: ['IP/USDT:USDT', 'NES/USDT:USDT', 'WLD/USDT:USDT', 'XAG/USDT:USDT', 'XAU/USDT:USDT', 'XAUT/USDT:USDT']
2026-07-31 14:50:33,551 [INFO] [SCAN] 스캔 시작: 30개 페어 (캐시 35개 보유)
2026-07-31 14:50:46,754 [INFO] [SCAN] 완료: 30개 종목 · 신호 0개 · API 호출 30회 · 캐시 히트 0회
2026-07-31 14:51:03,763 [INFO] [SCAN] 블랙리스트 4개 제외: ['IP/USDT:USDT', 'NES/USDT:USDT', 'WLD/USDT:USDT', 'XAG/USDT:USDT', 'XAU/USDT:USDT', 'XAUT/USDT:USDT']
2026-07-31 14:51:03,764 [INFO] [SCAN] 스캔 시작: 30개 페어 (캐시 35개 보유)
2026-07-31 14:51:17,021 [INFO] [SCAN] 완료: 30개 종목 · 신호 0개 · API 호출 30회 · 캐시 히트 0회
2026-07-31 14:51:32,293 [INFO] [SCAN] 블랙리스트 4개 제외: ['IP/USDT:USDT', 'NES/USDT:USDT', 'WLD/USDT:USDT', 'XAG/USDT:USDT', 'XAU/USDT:USDT', 'XAUT/USDT:USDT']
2026-07-31 14:51:32,293 [INFO] [SCAN] 스캔 시작: 30개 페어 (캐시 35개 보유)
2026-07-31 14:51:32,863 [INFO] [상태] 잔고:$9.72 | 포지션:2개 | 스캔:1716회 | 스캐너:ON
2026-07-31 14:51:45,776 [INFO] [SCAN] 완료: 30개 종목 · 신호 0개 · API 호출 30회 · 캐시 히트 0회
2026-07-31 14:52:01,066 [INFO] [SCAN] 블랙리스트 4개 제외: ['IP/USDT:USDT', 'NES/USDT:USDT', 'WLD/USDT:USDT', 'XAG/USDT:USDT', 'XAU/USDT:USDT', 'XAUT/USDT:USDT']
2026-07-31 14:52:01,066 [INFO] [SCAN] 스캔 시작: 30개 페어 (캐시 35개 보유)
2026-07-31 14:52:14,183 [INFO] [SCAN] 완료: 30개 종목 · 신호 0개 · API 호출 30회 · 캐시 히트 0회
2026-07-31 14:52:31,352 [INFO] [SCAN] 블랙리스트 4개 제외: ['IP/USDT:USDT', 'NES/USDT:USDT', 'WLD/USDT:USDT', 'XAG/USDT:USDT', 'XAU/USDT:USDT', 'XAUT/USDT:USDT']
2026-07-31 14:52:31,352 [INFO] [SCAN] 스캔 시작: 30개 페어 (캐시 35개 보유)
2026-07-31 14:52:33,416 [INFO] [상태] 잔고:$9.74 | 포지션:2개 | 스캔:1718회 | 스캐너:ON
2026-07-31 14:52:44,986 [INFO] [SCAN] 완료: 30개 종목 · 신호 0개 · API 호출 30회 · 캐시 히트 0회
2026-07-31 14:53:00,264 [INFO] [SCAN] 블랙리스트 4개 제외: ['IP/USDT:USDT', 'NES/USDT:USDT', 'WLD/USDT:USDT', 'XAG/USDT:USDT', 'XAU/USDT:USDT', 'XAUT/USDT:USDT']
2026-07-31 14:53:00,265 [INFO] [SCAN] 스캔 시작: 30개 페어 (캐시 35개 보유)
2026-07-31 14:53:13,526 [INFO] [SCAN] 완료: 30개 종목 · 신호 0개 · API 호출 30회 · 캐시 히트 0회
2026-07-31 14:53:28,802 [INFO] [SCAN] 블랙리스트 4개 제외: ['IP/USDT:USDT', 'NES/USDT:USDT', 'WLD/USDT:USDT', 'XAG/USDT:USDT', 'XAU/USDT:USDT', 'XAUT/USDT:USDT']
2026-07-31 14:53:28,802 [INFO] [SCAN] 스캔 시작: 30개 페어 (캐시 35개 보유)
2026-07-31 14:53:33,852 [INFO] [상태] 잔고:$9.75 | 포지션:2개 | 스캔:1720회 | 스캐너:ON
2026-07-31 14:53:42,281 [INFO] [SCAN] 완료: 30개 종목 · 신호 0개 · API 호출 30회 · 캐시 히트 0회
2026-07-31 14:53:59,380 [INFO] [SCAN] 블랙리스트 4개 제외: ['IP/USDT:USDT', 'NES/USDT:USDT', 'WLD/USDT:USDT', 'XAG/USDT:USDT', 'XAU/USDT:USDT', 'XAUT/USDT:USDT']
2026-07-31 14:53:59,381 [INFO] [SCAN] 스캔 시작: 30개 페어 (캐시 35개 보유)
2026-07-31 14:54:12,611 [INFO] [SCAN] 완료: 30개 종목 · 신호 0개 · API 호출 30회 · 캐시 히트 0회
2026-07-31 14:54:27,886 [INFO] [SCAN] 블랙리스트 4개 제외: ['IP/USDT:USDT', 'NES/USDT:USDT', 'WLD/USDT:USDT', 'XAG/USDT:USDT', 'XAU/USDT:USDT', 'XAUT/USDT:USDT']
2026-07-31 14:54:27,886 [INFO] [SCAN] 스캔 시작: 30개 페어 (캐시 35개 보유)
2026-07-31 14:54:34,412 [INFO] [상태] 잔고:$9.75 | 포지션:2개 | 스캔:1722회 | 스캐너:ON
2026-07-31 14:54:41,732 [INFO] [SCAN] 완료: 30개 종목 · 신호 0개 · API 호출 30회 · 캐시 히트 0회
2026-07-31 14:54:57,019 [INFO] [SCAN] 블랙리스트 4개 제외: ['IP/USDT:USDT', 'NES/USDT:USDT', 'WLD/USDT:USDT', 'XAG/USDT:USDT', 'XAU/USDT:USDT', 'XAUT/USDT:USDT']
2026-07-31 14:54:57,020 [INFO] [SCAN] 스캔 시작: 30개 페어 (캐시 35개 보유)
2026-07-31 14:55:10,202 [INFO] [SCAN] 완료: 30개 종목 · 신호 0개 · API 호출 30회 · 캐시 히트 0회
2026-07-31 14:55:27,390 [INFO] [SCAN] 블랙리스트 4개 제외: ['IP/USDT:USDT', 'NES/USDT:USDT', 'WLD/USDT:USDT', 'XAG/USDT:USDT', 'XAU/USDT:USDT', 'XAUT/USDT:USDT']
2026-07-31 14:55:27,390 [INFO] [SCAN] 스캔 시작: 30개 페어 (캐시 35개 보유)
2026-07-31 14:55:34,996 [INFO] [상태] 잔고:$9.75 | 포지션:2개 | 스캔:1724회 | 스캐너:ON
2026-07-31 14:55:40,974 [INFO] [SCAN] 완료: 30개 종목 · 신호 0개 · API 호출 30회 · 캐시 히트 0회
2026-07-31 14:55:56,290 [INFO] [SCAN] 블랙리스트 4개 제외: ['IP/USDT:USDT', 'NES/USDT:USDT', 'WLD/USDT:USDT', 'XAG/USDT:USDT', 'XAU/USDT:USDT', 'XAUT/USDT:USDT']
2026-07-31 14:55:56,291 [INFO] [SCAN] 스캔 시작: 30개 페어 (캐시 35개 보유)
2026-07-31 14:56:09,601 [INFO] [SCAN] 완료: 30개 종목 · 신호 0개 · API 호출 30회 · 캐시 히트 0회
2026-07-31 14:56:24,896 [INFO] [SCAN] 블랙리스트 4개 제외: ['IP/USDT:USDT', 'NES/USDT:USDT', 'WLD/USDT:USDT', 'XAG/USDT:USDT', 'XAU/USDT:USDT', 'XAUT/USDT:USDT']
2026-07-31 14:56:24,896 [INFO] [SCAN] 스캔 시작: 30개 페어 (캐시 35개 보유)
2026-07-31 14:56:35,636 [INFO] [상태] 잔고:$9.74 | 포지션:2개 | 스캔:1726회 | 스캐너:ON
2026-07-31 14:56:38,692 [INFO] [SCAN] 완료: 30개 종목 · 신호 0개 · API 호출 30회 · 캐시 히트 0회
2026-07-31 14:56:55,745 [INFO] [SCAN] 블랙리스트 4개 제외: ['IP/USDT:USDT', 'NES/USDT:USDT', 'WLD/USDT:USDT', 'XAG/USDT:USDT', 'XAU/USDT:USDT', 'XAUT/USDT:USDT']
2026-07-31 14:56:55,746 [INFO] [SCAN] 스캔 시작: 30개 페어 (캐시 35개 보유)
2026-07-31 14:57:09,189 [INFO] [SCAN] 완료: 30개 종목 · 신호 0개 · API 호출 30회 · 캐시 히트 0회
2026-07-31 14:57:24,437 [INFO] [SCAN] 블랙리스트 4개 제외: ['IP/USDT:USDT', 'NES/USDT:USDT', 'WLD/USDT:USDT', 'XAG/USDT:USDT', 'XAU/USDT:USDT', 'XAUT/USDT:USDT']
2026-07-31 14:57:24,437 [INFO] [SCAN] 스캔 시작: 30개 페어 (캐시 35개 보유)
2026-07-31 14:57:35,733 [WARNING] [API NetworkError] fetch_positions 네트워크 오류 감지. 1/3. 1.0초 대기... 오류: okx GET https://www.okx.com/api/v5/account/positions
2026-07-31 14:57:36,966 [WARNING] [API NetworkError] fetch_positions 네트워크 오류 감지. 2/3. 1.5초 대기... 오류: okx GET https://www.okx.com/api/v5/account/positions
2026-07-31 14:57:40,086 [INFO] [상태] 잔고:$9.74 | 포지션:2개 | 스캔:1728회 | 스캐너:ON
2026-07-31 14:57:45,021 [WARNING] [API NetworkError] fetch_ohlcv 네트워크 오류 감지. 1/3. 1.0초 대기... 오류: okx GET https://www.okx.com/api/v5/market/candles?instId=NEAR-USDT-SWAP&bar=15m&limit=3
2026-07-31 14:57:49,739 [INFO] [SCAN] 완료: 30개 종목 · 신호 0개 · API 호출 30회 · 캐시 히트 0회
2026-07-31 14:58:06,770 [INFO] [SCAN] 블랙리스트 4개 제외: ['IP/USDT:USDT', 'NES/USDT:USDT', 'WLD/USDT:USDT', 'XAG/USDT:USDT', 'XAU/USDT:USDT', 'XAUT/USDT:USDT']
2026-07-31 14:58:06,770 [INFO] [SCAN] 스캔 시작: 30개 페어 (캐시 35개 보유)
2026-07-31 14:58:20,026 [INFO] [SCAN] 완료: 30개 종목 · 신호 0개 · API 호출 30회 · 캐시 히트 0회
2026-07-31 14:58:35,334 [INFO] [SCAN] 블랙리스트 4개 제외: ['IP/USDT:USDT', 'NES/USDT:USDT', 'WLD/USDT:USDT', 'XAG/USDT:USDT', 'XAU/USDT:USDT', 'XAUT/USDT:USDT']
2026-07-31 14:58:35,335 [INFO] [SCAN] 스캔 시작: 30개 페어 (캐시 35개 보유)
2026-07-31 14:58:40,526 [INFO] [상태] 잔고:$9.76 | 포지션:2개 | 스캔:1730회 | 스캐너:ON
2026-07-31 14:58:49,053 [INFO] [SCAN] 완료: 30개 종목 · 신호 0개 · API 호출 30회 · 캐시 히트 0회
2026-07-31 14:59:04,323 [INFO] [SCAN] 블랙리스트 4개 제외: ['IP/USDT:USDT', 'NES/USDT:USDT', 'WLD/USDT:USDT', 'XAG/USDT:USDT', 'XAU/USDT:USDT', 'XAUT/USDT:USDT']
2026-07-31 14:59:04,323 [INFO] [SCAN] 스캔 시작: 30개 페어 (캐시 35개 보유)
2026-07-31 14:59:17,721 [INFO] [SCAN] 완료: 30개 종목 · 신호 0개 · API 호출 30회 · 캐시 히트 0회
2026-07-31 14:59:34,944 [INFO] [SCAN] 블랙리스트 4개 제외: ['IP/USDT:USDT', 'NES/USDT:USDT', 'WLD/USDT:USDT', 'XAG/USDT:USDT', 'XAU/USDT:USDT', 'XAUT/USDT:USDT']
2026-07-31 14:59:34,945 [INFO] [SCAN] 스캔 시작: 30개 페어 (캐시 35개 보유)
2026-07-31 14:59:41,067 [INFO] [상태] 잔고:$9.77 | 포지션:2개 | 스캔:1732회 | 스캐너:ON
2026-07-31 14:59:48,648 [INFO] [SCAN] 완료: 30개 종목 · 신호 0개 · API 호출 30회 · 캐시 히트 0회
2026-07-31 15:00:03,968 [INFO] [SCAN] 블랙리스트 4개 제외: ['IP/USDT:USDT', 'NES/USDT:USDT', 'WLD/USDT:USDT', 'XAG/USDT:USDT', 'XAU/USDT:USDT', 'XAUT/USDT:USDT']
2026-07-31 15:00:03,968 [INFO] [SCAN] 스캔 시작: 30개 페어 (캐시 35개 보유)
2026-07-31 15:00:17,620 [INFO] [SCAN] 완료: 30개 종목 · 신호 0개 · API 호출 30회 · 캐시 히트 0회
2026-07-31 15:00:32,898 [INFO] [SCAN] 블랙리스트 4개 제외: ['IP/USDT:USDT', 'NES/USDT:USDT', 'WLD/USDT:USDT', 'XAG/USDT:USDT', 'XAU/USDT:USDT', 'XAUT/USDT:USDT']
2026-07-31 15:00:32,898 [INFO] [SCAN] 스캔 시작: 30개 페어 (캐시 35개 보유)
2026-07-31 15:00:41,537 [INFO] [상태] 잔고:$9.77 | 포지션:2개 | 스캔:1734회 | 스캐너:ON
2026-07-31 15:00:46,480 [INFO] [SCAN] 완료: 30개 종목 · 신호 0개 · API 호출 30회 · 캐시 히트 0회
2026-07-31 15:01:03,518 [INFO] [SCAN] 블랙리스트 4개 제외: ['IP/USDT:USDT', 'NES/USDT:USDT', 'WLD/USDT:USDT', 'XAG/USDT:USDT', 'XAU/USDT:USDT', 'XAUT/USDT:USDT']
2026-07-31 15:01:03,520 [INFO] [SCAN] 스캔 시작: 30개 페어 (캐시 35개 보유)
2026-07-31 15:01:16,675 [INFO] [SCAN] 완료: 30개 종목 · 신호 0개 · API 호출 30회 · 캐시 히트 0회
2026-07-31 15:01:31,954 [INFO] [SCAN] 블랙리스트 4개 제외: ['IP/USDT:USDT', 'NES/USDT:USDT', 'WLD/USDT:USDT', 'XAG/USDT:USDT', 'XAU/USDT:USDT', 'XAUT/USDT:USDT']
2026-07-31 15:01:31,956 [INFO] [SCAN] 스캔 시작: 30개 페어 (캐시 35개 보유)
2026-07-31 15:01:42,036 [INFO] [상태] 잔고:$9.75 | 포지션:2개 | 스캔:1736회 | 스캐너:ON
2026-07-31 15:01:45,494 [INFO] [SCAN] 완료: 30개 종목 · 신호 0개 · API 호출 30회 · 캐시 히트 0회
2026-07-31 15:02:00,842 [INFO] [SCAN] 블랙리스트 4개 제외: ['IP/USDT:USDT', 'NES/USDT:USDT', 'WLD/USDT:USDT', 'XAG/USDT:USDT', 'XAU/USDT:USDT', 'XAUT/USDT:USDT']
2026-07-31 15:02:00,842 [INFO] [SCAN] 스캔 시작: 30개 페어 (캐시 35개 보유)
2026-07-31 15:02:15,524 [INFO] [SCAN] 완료: 30개 종목 · 신호 0개 · API 호출 30회 · 캐시 히트 0회
2026-07-31 15:02:32,676 [INFO] [SCAN] 블랙리스트 4개 제외: ['IP/USDT:USDT', 'NES/USDT:USDT', 'WLD/USDT:USDT', 'XAG/USDT:USDT', 'XAU/USDT:USDT', 'XAUT/USDT:USDT']
2026-07-31 15:02:32,678 [INFO] [SCAN] 스캔 시작: 30개 페어 (캐시 35개 보유)
2026-07-31 15:02:42,612 [INFO] [상태] 잔고:$9.76 | 포지션:2개 | 스캔:1738회 | 스캐너:ON
2026-07-31 15:02:46,079 [INFO] [SCAN] 완료: 30개 종목 · 신호 0개 · API 호출 30회 · 캐시 히트 0회
2026-07-31 15:03:01,359 [INFO] [SCAN] 블랙리스트 4개 제외: ['IP/USDT:USDT', 'NES/USDT:USDT', 'WLD/USDT:USDT', 'XAG/USDT:USDT', 'XAU/USDT:USDT', 'XAUT/USDT:USDT']
2026-07-31 15:03:01,359 [INFO] [SCAN] 스캔 시작: 30개 페어 (캐시 35개 보유)
2026-07-31 15:03:15,014 [INFO] [SCAN] 완료: 30개 종목 · 신호 0개 · API 호출 30회 · 캐시 히트 0회
2026-07-31 15:03:30,303 [INFO] [SCAN] 블랙리스트 4개 제외: ['IP/USDT:USDT', 'NES/USDT:USDT', 'WLD/USDT:USDT', 'XAG/USDT:USDT', 'XAU/USDT:USDT', 'XAUT/USDT:USDT']
2026-07-31 15:03:30,303 [INFO] [SCAN] 스캔 시작: 30개 페어 (캐시 35개 보유)
2026-07-31 15:03:43,158 [INFO] [상태] 잔고:$9.76 | 포지션:2개 | 스캔:1740회 | 스캐너:ON
2026-07-31 15:03:43,689 [INFO] [SCAN] 완료: 30개 종목 · 신호 0개 · API 호출 30회 · 캐시 히트 0회
2026-07-31 15:04:00,795 [INFO] [SCAN] 블랙리스트 4개 제외: ['IP/USDT:USDT', 'NES/USDT:USDT', 'WLD/USDT:USDT', 'XAG/USDT:USDT', 'XAU/USDT:USDT', 'XAUT/USDT:USDT']
2026-07-31 15:04:00,795 [INFO] [SCAN] 스캔 시작: 30개 페어 (캐시 35개 보유)
2026-07-31 15:04:14,373 [INFO] [SCAN] 완료: 30개 종목 · 신호 0개 · API 호출 30회 · 캐시 히트 0회
2026-07-31 15:04:29,673 [INFO] [SCAN] 블랙리스트 4개 제외: ['IP/USDT:USDT', 'NES/USDT:USDT', 'WLD/USDT:USDT', 'XAG/USDT:USDT', 'XAU/USDT:USDT', 'XAUT/USDT:USDT']
2026-07-31 15:04:29,674 [INFO] [SCAN] 스캔 시작: 30개 페어 (캐시 35개 보유)
2026-07-31 15:04:43,430 [INFO] [SCAN] 완료: 30개 종목 · 신호 0개 · API 호출 30회 · 캐시 히트 0회
2026-07-31 15:04:43,634 [INFO] [상태] 잔고:$9.75 | 포지션:2개 | 스캔:1743회 | 스캐너:ON
2026-07-31 15:04:58,868 [INFO] [SCAN] 블랙리스트 4개 제외: ['IP/USDT:USDT', 'NES/USDT:USDT', 'WLD/USDT:USDT', 'XAG/USDT:USDT', 'XAU/USDT:USDT', 'XAUT/USDT:USDT']
2026-07-31 15:04:58,868 [INFO] [SCAN] 스캔 시작: 30개 페어 (캐시 35개 보유)
2026-07-31 15:05:12,515 [INFO] [SCAN] 완료: 30개 종목 · 신호 0개 · API 호출 30회 · 캐시 히트 0회
2026-07-31 15:05:29,649 [INFO] [SCAN] 블랙리스트 4개 제외: ['IP/USDT:USDT', 'NES/USDT:USDT', 'WLD/USDT:USDT', 'XAG/USDT:USDT', 'XAU/USDT:USDT', 'XAUT/USDT:USDT']
2026-07-31 15:05:29,649 [INFO] [SCAN] 스캔 시작: 30개 페어 (캐시 35개 보유)
2026-07-31 15:05:43,407 [INFO] [SCAN] 완료: 30개 종목 · 신호 0개 · API 호출 30회 · 캐시 히트 0회
2026-07-31 15:05:44,088 [INFO] [상태] 잔고:$9.76 | 포지션:2개 | 스캔:1745회 | 스캐너:ON
2026-07-31 15:05:58,827 [INFO] [SCAN] 블랙리스트 4개 제외: ['IP/USDT:USDT', 'NES/USDT:USDT', 'WLD/USDT:USDT', 'XAG/USDT:USDT', 'XAU/USDT:USDT', 'XAUT/USDT:USDT']
2026-07-31 15:05:58,827 [INFO] [SCAN] 스캔 시작: 30개 페어 (캐시 35개 보유)
2026-07-31 15:06:12,736 [INFO] [SCAN] 완료: 30개 종목 · 신호 0개 · API 호출 30회 · 캐시 히트 0회
2026-07-31 15:06:29,858 [INFO] [SCAN] 블랙리스트 4개 제외: ['IP/USDT:USDT', 'NES/USDT:USDT', 'WLD/USDT:USDT', 'XAG/USDT:USDT', 'XAU/USDT:USDT', 'XAUT/USDT:USDT']
2026-07-31 15:06:29,858 [INFO] [SCAN] 스캔 시작: 30개 페어 (캐시 35개 보유)
2026-07-31 15:06:42,956 [INFO] [SCAN] 완료: 30개 종목 · 신호 0개 · API 호출 30회 · 캐시 히트 0회
2026-07-31 15:06:44,650 [INFO] [상태] 잔고:$9.78 | 포지션:2개 | 스캔:1747회 | 스캐너:ON
2026-07-31 15:06:58,328 [INFO] [SCAN] 블랙리스트 4개 제외: ['IP/USDT:USDT', 'NES/USDT:USDT', 'WLD/USDT:USDT', 'XAG/USDT:USDT', 'XAU/USDT:USDT', 'XAUT/USDT:USDT']
2026-07-31 15:06:58,328 [INFO] [SCAN] 스캔 시작: 30개 페어 (캐시 35개 보유)
2026-07-31 15:07:11,607 [INFO] [SCAN] 완료: 30개 종목 · 신호 0개 · API 호출 30회 · 캐시 히트 0회
2026-07-31 15:07:26,883 [INFO] [SCAN] 블랙리스트 4개 제외: ['IP/USDT:USDT', 'NES/USDT:USDT', 'WLD/USDT:USDT', 'XAG/USDT:USDT', 'XAU/USDT:USDT', 'XAUT/USDT:USDT']
2026-07-31 15:07:26,883 [INFO] [SCAN] 스캔 시작: 30개 페어 (캐시 35개 보유)
2026-07-31 15:07:40,341 [INFO] [SCAN] 완료: 30개 종목 · 신호 0개 · API 호출 30회 · 캐시 히트 0회
2026-07-31 15:07:45,298 [INFO] [상태] 잔고:$9.78 | 포지션:2개 | 스캔:1749회 | 스캐너:ON
2026-07-31 15:07:57,552 [INFO] [SCAN] 블랙리스트 4개 제외: ['IP/USDT:USDT', 'NES/USDT:USDT', 'WLD/USDT:USDT', 'XAG/USDT:USDT', 'XAU/USDT:USDT', 'XAUT/USDT:USDT']
2026-07-31 15:07:57,552 [INFO] [SCAN] 스캔 시작: 30개 페어 (캐시 35개 보유)
2026-07-31 15:08:10,980 [INFO] [SCAN] 완료: 30개 종목 · 신호 0개 · API 호출 30회 · 캐시 히트 0회
2026-07-31 15:08:26,274 [INFO] [SCAN] 블랙리스트 4개 제외: ['IP/USDT:USDT', 'NES/USDT:USDT', 'WLD/USDT:USDT', 'XAG/USDT:USDT', 'XAU/USDT:USDT', 'XAUT/USDT:USDT']
2026-07-31 15:08:26,275 [INFO] [SCAN] 스캔 시작: 30개 페어 (캐시 35개 보유)
2026-07-31 15:08:39,782 [INFO] [SCAN] 완료: 30개 종목 · 신호 0개 · API 호출 30회 · 캐시 히트 0회
2026-07-31 15:08:45,746 [INFO] [상태] 잔고:$9.77 | 포지션:2개 | 스캔:1751회 | 스캐너:ON
2026-07-31 15:08:55,167 [INFO] [SCAN] 블랙리스트 4개 제외: ['IP/USDT:USDT', 'NES/USDT:USDT', 'WLD/USDT:USDT', 'XAG/USDT:USDT', 'XAU/USDT:USDT', 'XAUT/USDT:USDT']
2026-07-31 15:08:55,167 [INFO] [SCAN] 스캔 시작: 30개 페어 (캐시 35개 보유)
2026-07-31 15:09:08,823 [INFO] [SCAN] 완료: 30개 종목 · 신호 0개 · API 호출 30회 · 캐시 히트 0회
2026-07-31 15:09:26,022 [INFO] [SCAN] 블랙리스트 4개 제외: ['IP/USDT:USDT', 'NES/USDT:USDT', 'WLD/USDT:USDT', 'XAG/USDT:USDT', 'XAU/USDT:USDT', 'XAUT/USDT:USDT']
2026-07-31 15:09:26,022 [INFO] [SCAN] 스캔 시작: 30개 페어 (캐시 35개 보유)
2026-07-31 15:09:39,245 [INFO] [SCAN] 완료: 30개 종목 · 신호 0개 · API 호출 30회 · 캐시 히트 0회
2026-07-31 15:09:46,297 [INFO] [상태] 잔고:$9.78 | 포지션:2개 | 스캔:1753회 | 스캐너:ON
2026-07-31 15:09:54,674 [INFO] [SCAN] 블랙리스트 4개 제외: ['IP/USDT:USDT', 'NES/USDT:USDT', 'WLD/USDT:USDT', 'XAG/USDT:USDT', 'XAU/USDT:USDT', 'XAUT/USDT:USDT']
2026-07-31 15:09:54,674 [INFO] [SCAN] 스캔 시작: 30개 페어 (캐시 35개 보유)
2026-07-31 15:10:07,900 [INFO] [SCAN] 완료: 30개 종목 · 신호 0개 · API 호출 30회 · 캐시 히트 0회
2026-07-31 15:10:23,175 [INFO] [SCAN] 블랙리스트 4개 제외: ['IP/USDT:USDT', 'NES/USDT:USDT', 'WLD/USDT:USDT', 'XAG/USDT:USDT', 'XAU/USDT:USDT', 'XAUT/USDT:USDT']
2026-07-31 15:10:23,175 [INFO] [SCAN] 스캔 시작: 30개 페어 (캐시 35개 보유)
2026-07-31 15:10:36,400 [INFO] [SCAN] 완료: 30개 종목 · 신호 0개 · API 호출 30회 · 캐시 히트 0회
2026-07-31 15:10:46,799 [INFO] [상태] 잔고:$9.78 | 포지션:2개 | 스캔:1755회 | 스캐너:ON
2026-07-31 15:10:53,540 [INFO] [SCAN] 블랙리스트 4개 제외: ['IP/USDT:USDT', 'NES/USDT:USDT', 'WLD/USDT:USDT', 'XAG/USDT:USDT', 'XAU/USDT:USDT', 'XAUT/USDT:USDT']
2026-07-31 15:10:53,540 [INFO] [SCAN] 스캔 시작: 30개 페어 (캐시 35개 보유)
2026-07-31 15:11:06,831 [INFO] [SCAN] 완료: 30개 종목 · 신호 0개 · API 호출 30회 · 캐시 히트 0회
2026-07-31 15:11:22,131 [INFO] [SCAN] 블랙리스트 4개 제외: ['IP/USDT:USDT', 'NES/USDT:USDT', 'WLD/USDT:USDT', 'XAG/USDT:USDT', 'XAU/USDT:USDT', 'XAUT/USDT:USDT']
2026-07-31 15:11:22,131 [INFO] [SCAN] 스캔 시작: 30개 페어 (캐시 35개 보유)
2026-07-31 15:11:35,512 [INFO] [SCAN] 완료: 30개 종목 · 신호 0개 · API 호출 30회 · 캐시 히트 0회
2026-07-31 15:11:47,448 [INFO] [상태] 잔고:$9.78 | 포지션:2개 | 스캔:1757회 | 스캐너:ON
2026-07-31 15:11:50,903 [INFO] [SCAN] 블랙리스트 4개 제외: ['IP/USDT:USDT', 'NES/USDT:USDT', 'WLD/USDT:USDT', 'XAG/USDT:USDT', 'XAU/USDT:USDT', 'XAUT/USDT:USDT']
2026-07-31 15:11:50,903 [INFO] [SCAN] 스캔 시작: 30개 페어 (캐시 35개 보유)
2026-07-31 15:12:04,303 [INFO] [SCAN] 완료: 30개 종목 · 신호 0개 · API 호출 30회 · 캐시 히트 0회
2026-07-31 15:12:21,349 [INFO] [SCAN] 블랙리스트 4개 제외: ['IP/USDT:USDT', 'NES/USDT:USDT', 'WLD/USDT:USDT', 'XAG/USDT:USDT', 'XAU/USDT:USDT', 'XAUT/USDT:USDT']
2026-07-31 15:12:21,349 [INFO] [SCAN] 스캔 시작: 30개 페어 (캐시 35개 보유)
2026-07-31 15:12:34,612 [INFO] [SCAN] 완료: 30개 종목 · 신호 0개 · API 호출 30회 · 캐시 히트 0회
2026-07-31 15:12:48,083 [INFO] [상태] 잔고:$9.77 | 포지션:2개 | 스캔:1759회 | 스캐너:ON
2026-07-31 15:12:49,991 [INFO] [SCAN] 블랙리스트 4개 제외: ['IP/USDT:USDT', 'NES/USDT:USDT', 'WLD/USDT:USDT', 'XAG/USDT:USDT', 'XAU/USDT:USDT', 'XAUT/USDT:USDT']
2026-07-31 15:12:49,991 [INFO] [SCAN] 스캔 시작: 30개 페어 (캐시 35개 보유)
2026-07-31 15:13:03,251 [INFO] [SCAN] 완료: 30개 종목 · 신호 0개 · API 호출 30회 · 캐시 히트 0회
2026-07-31 15:13:18,520 [INFO] [SCAN] 블랙리스트 4개 제외: ['IP/USDT:USDT', 'NES/USDT:USDT', 'WLD/USDT:USDT', 'XAG/USDT:USDT', 'XAU/USDT:USDT', 'XAUT/USDT:USDT']
2026-07-31 15:13:18,520 [INFO] [SCAN] 스캔 시작: 30개 페어 (캐시 35개 보유)
2026-07-31 15:13:31,951 [INFO] [SCAN] 완료: 30개 종목 · 신호 0개 · API 호출 30회 · 캐시 히트 0회
2026-07-31 15:13:48,695 [INFO] [상태] 잔고:$9.77 | 포지션:2개 | 스캔:1761회 | 스캐너:ON
2026-07-31 15:13:49,095 [INFO] [SCAN] 블랙리스트 4개 제외: ['IP/USDT:USDT', 'NES/USDT:USDT', 'WLD/USDT:USDT', 'XAG/USDT:USDT', 'XAU/USDT:USDT', 'XAUT/USDT:USDT']
2026-07-31 15:13:49,096 [INFO] [SCAN] 스캔 시작: 30개 페어 (캐시 35개 보유)
2026-07-31 15:14:02,493 [INFO] [SCAN] 완료: 30개 종목 · 신호 0개 · API 호출 30회 · 캐시 히트 0회
2026-07-31 15:14:17,768 [INFO] [SCAN] 블랙리스트 4개 제외: ['IP/USDT:USDT', 'NES/USDT:USDT', 'WLD/USDT:USDT', 'XAG/USDT:USDT', 'XAU/USDT:USDT', 'XAUT/USDT:USDT']
2026-07-31 15:14:17,768 [INFO] [SCAN] 스캔 시작: 30개 페어 (캐시 35개 보유)
2026-07-31 15:14:31,067 [INFO] [SCAN] 완료: 30개 종목 · 신호 0개 · API 호출 30회 · 캐시 히트 0회
2026-07-31 15:14:46,332 [INFO] [SCAN] 블랙리스트 4개 제외: ['IP/USDT:USDT', 'NES/USDT:USDT', 'WLD/USDT:USDT', 'XAG/USDT:USDT', 'XAU/USDT:USDT', 'XAUT/USDT:USDT']
2026-07-31 15:14:46,332 [INFO] [SCAN] 스캔 시작: 30개 페어 (캐시 35개 보유)
2026-07-31 15:14:49,239 [INFO] [상태] 잔고:$9.78 | 포지션:2개 | 스캔:1763회 | 스캐너:ON
2026-07-31 15:14:59,793 [INFO] [SCAN] 완료: 30개 종목 · 신호 0개 · API 호출 30회 · 캐시 히트 0회
2026-07-31 15:15:16,839 [INFO] [SCAN] 블랙리스트 4개 제외: ['IP/USDT:USDT', 'NES/USDT:USDT', 'WLD/USDT:USDT', 'XAG/USDT:USDT', 'XAU/USDT:USDT', 'XAUT/USDT:USDT']
2026-07-31 15:15:16,840 [INFO] [SCAN] 스캔 시작: 30개 페어 (캐시 35개 보유)
2026-07-31 15:15:30,286 [INFO] [SCAN] 완료: 30개 종목 · 신호 0개 · API 호출 30회 · 캐시 히트 0회
2026-07-31 15:15:45,605 [INFO] [SCAN] 블랙리스트 4개 제외: ['IP/USDT:USDT', 'NES/USDT:USDT', 'WLD/USDT:USDT', 'XAG/USDT:USDT', 'XAU/USDT:USDT', 'XAUT/USDT:USDT']
2026-07-31 15:15:45,605 [INFO] [SCAN] 스캔 시작: 30개 페어 (캐시 35개 보유)
2026-07-31 15:15:49,875 [INFO] [상태] 잔고:$9.78 | 포지션:2개 | 스캔:1765회 | 스캐너:ON
2026-07-31 15:15:59,199 [INFO] [SCAN] 완료: 30개 종목 · 신호 0개 · API 호출 30회 · 캐시 히트 0회
2026-07-31 15:16:14,496 [INFO] [SCAN] 블랙리스트 4개 제외: ['IP/USDT:USDT', 'NES/USDT:USDT', 'WLD/USDT:USDT', 'XAG/USDT:USDT', 'XAU/USDT:USDT', 'XAUT/USDT:USDT']
2026-07-31 15:16:14,496 [INFO] [SCAN] 스캔 시작: 30개 페어 (캐시 35개 보유)
2026-07-31 15:16:27,895 [INFO] [SCAN] 완료: 30개 종목 · 신호 0개 · API 호출 30회 · 캐시 히트 0회
2026-07-31 15:16:44,893 [INFO] [SCAN] 블랙리스트 4개 제외: ['IP/USDT:USDT', 'NES/USDT:USDT', 'WLD/USDT:USDT', 'XAG/USDT:USDT', 'XAU/USDT:USDT', 'XAUT/USDT:USDT']
2026-07-31 15:16:44,893 [INFO] [SCAN] 스캔 시작: 30개 페어 (캐시 35개 보유)
2026-07-31 15:16:50,527 [INFO] [상태] 잔고:$9.76 | 포지션:2개 | 스캔:1767회 | 스캐너:ON
2026-07-31 15:16:58,454 [INFO] [SCAN] 완료: 30개 종목 · 신호 0개 · API 호출 30회 · 캐시 히트 0회
2026-07-31 15:17:13,725 [INFO] [SCAN] 블랙리스트 4개 제외: ['IP/USDT:USDT', 'NES/USDT:USDT', 'WLD/USDT:USDT', 'XAG/USDT:USDT', 'XAU/USDT:USDT', 'XAUT/USDT:USDT']
2026-07-31 15:17:13,725 [INFO] [SCAN] 스캔 시작: 30개 페어 (캐시 35개 보유)
2026-07-31 15:17:26,924 [INFO] [SCAN] 완료: 30개 종목 · 신호 0개 · API 호출 30회 · 캐시 히트 0회
2026-07-31 15:17:42,200 [INFO] [SCAN] 블랙리스트 4개 제외: ['IP/USDT:USDT', 'NES/USDT:USDT', 'WLD/USDT:USDT', 'XAG/USDT:USDT', 'XAU/USDT:USDT', 'XAUT/USDT:USDT']
2026-07-31 15:17:42,200 [INFO] [SCAN] 스캔 시작: 30개 페어 (캐시 35개 보유)
2026-07-31 15:17:51,158 [INFO] [상태] 잔고:$9.75 | 포지션:2개 | 스캔:1769회 | 스캐너:ON
2026-07-31 15:17:55,751 [INFO] [SCAN] 완료: 30개 종목 · 신호 0개 · API 호출 30회 · 캐시 히트 0회
2026-07-31 15:18:12,733 [INFO] [SCAN] 블랙리스트 4개 제외: ['IP/USDT:USDT', 'NES/USDT:USDT', 'WLD/USDT:USDT', 'XAG/USDT:USDT', 'XAU/USDT:USDT', 'XAUT/USDT:USDT']
2026-07-31 15:18:12,733 [INFO] [SCAN] 스캔 시작: 30개 페어 (캐시 35개 보유)
2026-07-31 15:18:25,955 [INFO] [SCAN] 완료: 30개 종목 · 신호 0개 · API 호출 30회 · 캐시 히트 0회
2026-07-31 15:18:41,215 [INFO] [SCAN] 블랙리스트 4개 제외: ['IP/USDT:USDT', 'NES/USDT:USDT', 'WLD/USDT:USDT', 'XAG/USDT:USDT', 'XAU/USDT:USDT', 'XAUT/USDT:USDT']
2026-07-31 15:18:41,215 [INFO] [SCAN] 스캔 시작: 30개 페어 (캐시 35개 보유)
2026-07-31 15:18:51,738 [INFO] [상태] 잔고:$9.76 | 포지션:2개 | 스캔:1771회 | 스캐너:ON
2026-07-31 15:18:54,914 [INFO] [SCAN] 완료: 30개 종목 · 신호 0개 · API 호출 30회 · 캐시 히트 0회
2026-07-31 15:19:10,175 [INFO] [SCAN] 블랙리스트 4개 제외: ['IP/USDT:USDT', 'NES/USDT:USDT', 'WLD/USDT:USDT', 'XAG/USDT:USDT', 'XAU/USDT:USDT', 'XAUT/USDT:USDT']
2026-07-31 15:19:10,175 [INFO] [SCAN] 스캔 시작: 30개 페어 (캐시 35개 보유)
2026-07-31 15:19:23,575 [INFO] [SCAN] 완료: 30개 종목 · 신호 0개 · API 호출 30회 · 캐시 히트 0회
2026-07-31 15:19:42,005 [INFO] [SCAN] 블랙리스트 4개 제외: ['IP/USDT:USDT', 'NES/USDT:USDT', 'WLD/USDT:USDT', 'XAG/USDT:USDT', 'XAU/USDT:USDT', 'XAUT/USDT:USDT']
2026-07-31 15:19:42,005 [INFO] [SCAN] 스캔 시작: 30개 페어 (캐시 35개 보유)
2026-07-31 15:19:52,235 [INFO] [상태] 잔고:$9.77 | 포지션:2개 | 스캔:1773회 | 스캐너:ON
2026-07-31 15:19:55,407 [INFO] [SCAN] 완료: 30개 종목 · 신호 0개 · API 호출 30회 · 캐시 히트 0회
2026-07-31 15:20:10,675 [INFO] [SCAN] 블랙리스트 4개 제외: ['IP/USDT:USDT', 'NES/USDT:USDT', 'WLD/USDT:USDT', 'XAG/USDT:USDT', 'XAU/USDT:USDT', 'XAUT/USDT:USDT']
2026-07-31 15:20:10,675 [INFO] [SCAN] 스캔 시작: 30개 페어 (캐시 35개 보유)
2026-07-31 15:20:23,878 [INFO] [SCAN] 완료: 30개 종목 · 신호 0개 · API 호출 30회 · 캐시 히트 0회
2026-07-31 15:20:40,993 [INFO] [SCAN] 블랙리스트 4개 제외: ['IP/USDT:USDT', 'NES/USDT:USDT', 'WLD/USDT:USDT', 'XAG/USDT:USDT', 'XAU/USDT:USDT', 'XAUT/USDT:USDT']
2026-07-31 15:20:40,993 [INFO] [SCAN] 스캔 시작: 30개 페어 (캐시 35개 보유)
2026-07-31 15:20:52,817 [INFO] [상태] 잔고:$9.78 | 포지션:2개 | 스캔:1775회 | 스캐너:ON
2026-07-31 15:20:54,626 [INFO] [SCAN] 완료: 30개 종목 · 신호 0개 · API 호출 30회 · 캐시 히트 0회
2026-07-31 15:21:09,893 [INFO] [SCAN] 블랙리스트 4개 제외: ['IP/USDT:USDT', 'NES/USDT:USDT', 'WLD/USDT:USDT', 'XAG/USDT:USDT', 'XAU/USDT:USDT', 'XAUT/USDT:USDT']
2026-07-31 15:21:09,893 [INFO] [SCAN] 스캔 시작: 30개 페어 (캐시 35개 보유)
2026-07-31 15:21:23,104 [INFO] [SCAN] 완료: 30개 종목 · 신호 0개 · API 호출 30회 · 캐시 히트 0회
2026-07-31 15:21:38,369 [INFO] [SCAN] 블랙리스트 4개 제외: ['IP/USDT:USDT', 'NES/USDT:USDT', 'WLD/USDT:USDT', 'XAG/USDT:USDT', 'XAU/USDT:USDT', 'XAUT/USDT:USDT']
2026-07-31 15:21:38,369 [INFO] [SCAN] 스캔 시작: 30개 페어 (캐시 35개 보유)
2026-07-31 15:21:51,796 [INFO] [SCAN] 완료: 30개 종목 · 신호 0개 · API 호출 30회 · 캐시 히트 0회
2026-07-31 15:21:53,363 [INFO] [상태] 잔고:$9.77 | 포지션:2개 | 스캔:1778회 | 스캐너:ON
2026-07-31 15:22:09,096 [INFO] [SCAN] 블랙리스트 4개 제외: ['IP/USDT:USDT', 'NES/USDT:USDT', 'WLD/USDT:USDT', 'XAG/USDT:USDT', 'XAU/USDT:USDT', 'XAUT/USDT:USDT']
2026-07-31 15:22:09,096 [INFO] [SCAN] 스캔 시작: 30개 페어 (캐시 35개 보유)
2026-07-31 15:22:22,516 [INFO] [SCAN] 완료: 30개 종목 · 신호 0개 · API 호출 30회 · 캐시 히트 0회
2026-07-31 15:22:37,820 [INFO] [SCAN] 블랙리스트 4개 제외: ['IP/USDT:USDT', 'NES/USDT:USDT', 'WLD/USDT:USDT', 'XAG/USDT:USDT', 'XAU/USDT:USDT', 'XAUT/USDT:USDT']
2026-07-31 15:22:37,820 [INFO] [SCAN] 스캔 시작: 30개 페어 (캐시 35개 보유)
2026-07-31 15:22:51,443 [INFO] [SCAN] 완료: 30개 종목 · 신호 0개 · API 호출 30회 · 캐시 히트 0회
2026-07-31 15:22:53,844 [INFO] [상태] 잔고:$9.78 | 포지션:2개 | 스캔:1780회 | 스캐너:ON
2026-07-31 15:23:06,813 [INFO] [SCAN] 블랙리스트 4개 제외: ['IP/USDT:USDT', 'NES/USDT:USDT', 'WLD/USDT:USDT', 'XAG/USDT:USDT', 'XAU/USDT:USDT', 'XAUT/USDT:USDT']
2026-07-31 15:23:06,813 [INFO] [SCAN] 스캔 시작: 30개 페어 (캐시 35개 보유)
2026-07-31 15:23:20,362 [INFO] [SCAN] 완료: 30개 종목 · 신호 0개 · API 호출 30회 · 캐시 히트 0회
2026-07-31 15:23:37,608 [INFO] [SCAN] 블랙리스트 4개 제외: ['IP/USDT:USDT', 'NES/USDT:USDT', 'WLD/USDT:USDT', 'XAG/USDT:USDT', 'XAU/USDT:USDT', 'XAUT/USDT:USDT']
2026-07-31 15:23:37,608 [INFO] [SCAN] 스캔 시작: 30개 페어 (캐시 35개 보유)
2026-07-31 15:23:50,748 [INFO] [SCAN] 완료: 30개 종목 · 신호 0개 · API 호출 30회 · 캐시 히트 0회
2026-07-31 15:23:54,438 [INFO] [상태] 잔고:$9.78 | 포지션:2개 | 스캔:1782회 | 스캐너:ON
2026-07-31 15:24:06,167 [INFO] [SCAN] 블랙리스트 4개 제외: ['IP/USDT:USDT', 'NES/USDT:USDT', 'WLD/USDT:USDT', 'XAG/USDT:USDT', 'XAU/USDT:USDT', 'XAUT/USDT:USDT']
2026-07-31 15:24:06,168 [INFO] [SCAN] 스캔 시작: 30개 페어 (캐시 35개 보유)
2026-07-31 15:24:19,376 [INFO] [SCAN] 완료: 30개 종목 · 신호 0개 · API 호출 30회 · 캐시 히트 0회
2026-07-31 15:24:34,644 [INFO] [SCAN] 블랙리스트 4개 제외: ['IP/USDT:USDT', 'NES/USDT:USDT', 'WLD/USDT:USDT', 'XAG/USDT:USDT', 'XAU/USDT:USDT', 'XAUT/USDT:USDT']
2026-07-31 15:24:34,644 [INFO] [SCAN] 스캔 시작: 30개 페어 (캐시 35개 보유)
2026-07-31 15:24:47,747 [INFO] [SCAN] 완료: 30개 종목 · 신호 0개 · API 호출 30회 · 캐시 히트 0회
2026-07-31 15:24:54,966 [INFO] [상태] 잔고:$9.78 | 포지션:2개 | 스캔:1784회 | 스캐너:ON
2026-07-31 15:25:04,828 [INFO] [SCAN] 블랙리스트 4개 제외: ['IP/USDT:USDT', 'NES/USDT:USDT', 'WLD/USDT:USDT', 'XAG/USDT:USDT', 'XAU/USDT:USDT', 'XAUT/USDT:USDT']
2026-07-31 15:25:04,828 [INFO] [SCAN] 스캔 시작: 30개 페어 (캐시 35개 보유)
2026-07-31 15:25:18,047 [INFO] [SCAN] 완료: 30개 종목 · 신호 0개 · API 호출 30회 · 캐시 히트 0회
2026-07-31 15:25:33,317 [INFO] [SCAN] 블랙리스트 4개 제외: ['IP/USDT:USDT', 'NES/USDT:USDT', 'WLD/USDT:USDT', 'XAG/USDT:USDT', 'XAU/USDT:USDT', 'XAUT/USDT:USDT']
2026-07-31 15:25:33,317 [INFO] [SCAN] 스캔 시작: 30개 페어 (캐시 35개 보유)
2026-07-31 15:25:47,003 [INFO] [SCAN] 완료: 30개 종목 · 신호 0개 · API 호출 30회 · 캐시 히트 0회
2026-07-31 15:25:55,626 [INFO] [상태] 잔고:$9.78 | 포지션:2개 | 스캔:1786회 | 스캐너:ON
2026-07-31 15:26:02,379 [INFO] [SCAN] 블랙리스트 4개 제외: ['IP/USDT:USDT', 'NES/USDT:USDT', 'WLD/USDT:USDT', 'XAG/USDT:USDT', 'XAU/USDT:USDT', 'XAUT/USDT:USDT']
2026-07-31 15:26:02,379 [INFO] [SCAN] 스캔 시작: 30개 페어 (캐시 35개 보유)
2026-07-31 15:26:15,849 [INFO] [SCAN] 완료: 30개 종목 · 신호 0개 · API 호출 30회 · 캐시 히트 0회
2026-07-31 15:26:32,959 [INFO] [SCAN] 블랙리스트 4개 제외: ['IP/USDT:USDT', 'NES/USDT:USDT', 'WLD/USDT:USDT', 'XAG/USDT:USDT', 'XAU/USDT:USDT', 'XAUT/USDT:USDT']
2026-07-31 15:26:32,960 [INFO] [SCAN] 스캔 시작: 30개 페어 (캐시 35개 보유)
2026-07-31 15:26:46,698 [INFO] [SCAN] 완료: 30개 종목 · 신호 0개 · API 호출 30회 · 캐시 히트 0회
2026-07-31 15:26:56,247 [INFO] [상태] 잔고:$9.78 | 포지션:2개 | 스캔:1788회 | 스캐너:ON
2026-07-31 15:27:02,086 [INFO] [SCAN] 블랙리스트 4개 제외: ['IP/USDT:USDT', 'NES/USDT:USDT', 'WLD/USDT:USDT', 'XAG/USDT:USDT', 'XAU/USDT:USDT', 'XAUT/USDT:USDT']
2026-07-31 15:27:02,087 [INFO] [SCAN] 스캔 시작: 30개 페어 (캐시 35개 보유)
2026-07-31 15:27:15,900 [INFO] [SCAN] 완료: 30개 종목 · 신호 0개 · API 호출 30회 · 캐시 히트 0회
2026-07-31 15:27:33,230 [INFO] [SCAN] 블랙리스트 4개 제외: ['IP/USDT:USDT', 'NES/USDT:USDT', 'WLD/USDT:USDT', 'XAG/USDT:USDT', 'XAU/USDT:USDT', 'XAUT/USDT:USDT']
2026-07-31 15:27:33,230 [INFO] [SCAN] 스캔 시작: 30개 페어 (캐시 35개 보유)
2026-07-31 15:27:46,822 [INFO] [SCAN] 완료: 30개 종목 · 신호 0개 · API 호출 30회 · 캐시 히트 0회
2026-07-31 15:27:56,804 [INFO] [상태] 잔고:$9.78 | 포지션:2개 | 스캔:1790회 | 스캐너:ON
2026-07-31 15:28:02,215 [INFO] [SCAN] 블랙리스트 4개 제외: ['IP/USDT:USDT', 'NES/USDT:USDT', 'WLD/USDT:USDT', 'XAG/USDT:USDT', 'XAU/USDT:USDT', 'XAUT/USDT:USDT']
2026-07-31 15:28:02,215 [INFO] [SCAN] 스캔 시작: 30개 페어 (캐시 35개 보유)
2026-07-31 15:28:15,638 [INFO] [SCAN] 완료: 30개 종목 · 신호 0개 · API 호출 30회 · 캐시 히트 0회
2026-07-31 15:28:30,916 [INFO] [SCAN] 블랙리스트 4개 제외: ['IP/USDT:USDT', 'NES/USDT:USDT', 'WLD/USDT:USDT', 'XAG/USDT:USDT', 'XAU/USDT:USDT', 'XAUT/USDT:USDT']
2026-07-31 15:28:30,917 [INFO] [SCAN] 스캔 시작: 30개 페어 (캐시 35개 보유)
2026-07-31 15:28:44,152 [INFO] [SCAN] 완료: 30개 종목 · 신호 0개 · API 호출 30회 · 캐시 히트 0회
2026-07-31 15:28:57,301 [INFO] [상태] 잔고:$9.80 | 포지션:2개 | 스캔:1792회 | 스캐너:ON
2026-07-31 15:29:01,290 [INFO] [SCAN] 블랙리스트 4개 제외: ['IP/USDT:USDT', 'NES/USDT:USDT', 'WLD/USDT:USDT', 'XAG/USDT:USDT', 'XAU/USDT:USDT', 'XAUT/USDT:USDT']
2026-07-31 15:29:01,291 [INFO] [SCAN] 스캔 시작: 30개 페어 (캐시 35개 보유)
2026-07-31 15:29:14,647 [INFO] [SCAN] 완료: 30개 종목 · 신호 0개 · API 호출 30회 · 캐시 히트 0회
2026-07-31 15:29:29,927 [INFO] [SCAN] 블랙리스트 4개 제외: ['IP/USDT:USDT', 'NES/USDT:USDT', 'WLD/USDT:USDT', 'XAG/USDT:USDT', 'XAU/USDT:USDT', 'XAUT/USDT:USDT']
2026-07-31 15:29:29,927 [INFO] [SCAN] 스캔 시작: 30개 페어 (캐시 35개 보유)
2026-07-31 15:29:43,129 [INFO] [SCAN] 완료: 30개 종목 · 신호 0개 · API 호출 30회 · 캐시 히트 0회
2026-07-31 15:29:57,851 [INFO] [상태] 잔고:$9.81 | 포지션:2개 | 스캔:1794회 | 스캐너:ON
2026-07-31 15:29:58,537 [INFO] [SCAN] 블랙리스트 4개 제외: ['IP/USDT:USDT', 'NES/USDT:USDT', 'WLD/USDT:USDT', 'XAG/USDT:USDT', 'XAU/USDT:USDT', 'XAUT/USDT:USDT']
2026-07-31 15:29:58,537 [INFO] [SCAN] 스캔 시작: 30개 페어 (캐시 35개 보유)
2026-07-31 15:30:11,749 [INFO] [SCAN] 완료: 30개 종목 · 신호 0개 · API 호출 30회 · 캐시 히트 0회
2026-07-31 15:30:28,773 [INFO] [SCAN] 블랙리스트 4개 제외: ['IP/USDT:USDT', 'NES/USDT:USDT', 'WLD/USDT:USDT', 'XAG/USDT:USDT', 'XAU/USDT:USDT', 'XAUT/USDT:USDT']
2026-07-31 15:30:28,774 [INFO] [SCAN] 스캔 시작: 30개 페어 (캐시 35개 보유)
2026-07-31 15:30:42,479 [INFO] [SCAN] 완료: 30개 종목 · 신호 0개 · API 호출 30회 · 캐시 히트 0회
2026-07-31 15:30:57,750 [INFO] [SCAN] 블랙리스트 4개 제외: ['IP/USDT:USDT', 'NES/USDT:USDT', 'WLD/USDT:USDT', 'XAG/USDT:USDT', 'XAU/USDT:USDT', 'XAUT/USDT:USDT']
2026-07-31 15:30:57,751 [INFO] [SCAN] 스캔 시작: 30개 페어 (캐시 35개 보유)
2026-07-31 15:30:58,415 [INFO] [상태] 잔고:$9.80 | 포지션:2개 | 스캔:1796회 | 스캐너:ON
2026-07-31 15:31:11,323 [INFO] [SCAN] 완료: 30개 종목 · 신호 0개 · API 호출 30회 · 캐시 히트 0회
2026-07-31 15:31:26,702 [INFO] [SCAN] 블랙리스트 4개 제외: ['IP/USDT:USDT', 'NES/USDT:USDT', 'WLD/USDT:USDT', 'XAG/USDT:USDT', 'XAU/USDT:USDT', 'XAUT/USDT:USDT']
2026-07-31 15:31:26,702 [INFO] [SCAN] 스캔 시작: 30개 페어 (캐시 35개 보유)
2026-07-31 15:31:39,933 [INFO] [SCAN] 완료: 30개 종목 · 신호 0개 · API 호출 30회 · 캐시 히트 0회
2026-07-31 15:31:57,014 [INFO] [SCAN] 블랙리스트 4개 제외: ['IP/USDT:USDT', 'NES/USDT:USDT', 'WLD/USDT:USDT', 'XAG/USDT:USDT', 'XAU/USDT:USDT', 'XAUT/USDT:USDT']
2026-07-31 15:31:57,015 [INFO] [SCAN] 스캔 시작: 30개 페어 (캐시 35개 보유)
2026-07-31 15:31:58,975 [INFO] [상태] 잔고:$9.80 | 포지션:2개 | 스캔:1798회 | 스캐너:ON
2026-07-31 15:32:10,693 [INFO] [SCAN] 완료: 30개 종목 · 신호 0개 · API 호출 30회 · 캐시 히트 0회
2026-07-31 15:32:25,977 [INFO] [SCAN] 블랙리스트 4개 제외: ['IP/USDT:USDT', 'NES/USDT:USDT', 'WLD/USDT:USDT', 'XAG/USDT:USDT', 'XAU/USDT:USDT', 'XAUT/USDT:USDT']
2026-07-31 15:32:25,977 [INFO] [SCAN] 스캔 시작: 30개 페어 (캐시 35개 보유)
2026-07-31 15:32:39,393 [INFO] [SCAN] 완료: 30개 종목 · 신호 0개 · API 호출 30회 · 캐시 히트 0회
2026-07-31 15:32:54,666 [INFO] [SCAN] 블랙리스트 4개 제외: ['IP/USDT:USDT', 'NES/USDT:USDT', 'WLD/USDT:USDT', 'XAG/USDT:USDT', 'XAU/USDT:USDT', 'XAUT/USDT:USDT']
2026-07-31 15:32:54,666 [INFO] [SCAN] 스캔 시작: 30개 페어 (캐시 35개 보유)
2026-07-31 15:32:59,508 [INFO] [상태] 잔고:$9.79 | 포지션:2개 | 스캔:1800회 | 스캐너:ON
2026-07-31 15:33:08,282 [INFO] [SCAN] 완료: 30개 종목 · 신호 0개 · API 호출 30회 · 캐시 히트 0회
2026-07-31 15:33:25,317 [INFO] [SCAN] 블랙리스트 4개 제외: ['IP/USDT:USDT', 'NES/USDT:USDT', 'WLD/USDT:USDT', 'XAG/USDT:USDT', 'XAU/USDT:USDT', 'XAUT/USDT:USDT']
2026-07-31 15:33:25,318 [INFO] [SCAN] 스캔 시작: 30개 페어 (캐시 35개 보유)
2026-07-31 15:33:38,831 [INFO] [SCAN] 완료: 30개 종목 · 신호 0개 · API 호출 30회 · 캐시 히트 0회
2026-07-31 15:33:54,081 [INFO] [SCAN] 블랙리스트 4개 제외: ['IP/USDT:USDT', 'NES/USDT:USDT', 'WLD/USDT:USDT', 'XAG/USDT:USDT', 'XAU/USDT:USDT', 'XAUT/USDT:USDT']
2026-07-31 15:33:54,081 [INFO] [SCAN] 스캔 시작: 30개 페어 (캐시 35개 보유)
2026-07-31 15:33:59,955 [INFO] [상태] 잔고:$9.76 | 포지션:2개 | 스캔:1802회 | 스캐너:ON
2026-07-31 15:34:07,796 [INFO] [SCAN] 완료: 30개 종목 · 신호 0개 · API 호출 30회 · 캐시 히트 0회
2026-07-31 15:34:23,090 [INFO] [SCAN] 블랙리스트 4개 제외: ['IP/USDT:USDT', 'NES/USDT:USDT', 'WLD/USDT:USDT', 'XAG/USDT:USDT', 'XAU/USDT:USDT', 'XAUT/USDT:USDT']
2026-07-31 15:34:23,090 [INFO] [SCAN] 스캔 시작: 30개 페어 (캐시 35개 보유)
2026-07-31 15:34:36,667 [INFO] [SCAN] 완료: 30개 종목 · 신호 0개 · API 호출 30회 · 캐시 히트 0회
2026-07-31 15:34:53,728 [INFO] [SCAN] 블랙리스트 4개 제외: ['IP/USDT:USDT', 'NES/USDT:USDT', 'WLD/USDT:USDT', 'XAG/USDT:USDT', 'XAU/USDT:USDT', 'XAUT/USDT:USDT']
2026-07-31 15:34:53,728 [INFO] [SCAN] 스캔 시작: 30개 페어 (캐시 35개 보유)
2026-07-31 15:35:00,591 [INFO] [상태] 잔고:$9.77 | 포지션:2개 | 스캔:1804회 | 스캐너:ON
2026-07-31 15:35:07,405 [INFO] [SCAN] 완료: 30개 종목 · 신호 0개 · API 호출 30회 · 캐시 히트 0회
2026-07-31 15:35:22,687 [INFO] [SCAN] 블랙리스트 4개 제외: ['IP/USDT:USDT', 'NES/USDT:USDT', 'WLD/USDT:USDT', 'XAG/USDT:USDT', 'XAU/USDT:USDT', 'XAUT/USDT:USDT']
2026-07-31 15:35:22,687 [INFO] [SCAN] 스캔 시작: 30개 페어 (캐시 35개 보유)
2026-07-31 15:35:35,927 [INFO] [SCAN] 완료: 30개 종목 · 신호 0개 · API 호출 30회 · 캐시 히트 0회
2026-07-31 15:35:51,210 [INFO] [SCAN] 블랙리스트 4개 제외: ['IP/USDT:USDT', 'NES/USDT:USDT', 'WLD/USDT:USDT', 'XAG/USDT:USDT', 'XAU/USDT:USDT', 'XAUT/USDT:USDT']
2026-07-31 15:35:51,210 [INFO] [SCAN] 스캔 시작: 30개 페어 (캐시 35개 보유)
2026-07-31 15:36:01,133 [INFO] [상태] 잔고:$9.76 | 포지션:2개 | 스캔:1806회 | 스캐너:ON
2026-07-31 15:36:04,801 [INFO] [SCAN] 완료: 30개 종목 · 신호 0개 · API 호출 30회 · 캐시 히트 0회
2026-07-31 15:36:21,925 [INFO] [SCAN] 블랙리스트 4개 제외: ['IP/USDT:USDT', 'NES/USDT:USDT', 'WLD/USDT:USDT', 'XAG/USDT:USDT', 'XAU/USDT:USDT', 'XAUT/USDT:USDT']
2026-07-31 15:36:21,925 [INFO] [SCAN] 스캔 시작: 30개 페어 (캐시 35개 보유)
2026-07-31 15:36:41,651 [INFO] [SCAN] 완료: 30개 종목 · 신호 0개 · API 호출 30회 · 캐시 히트 0회
2026-07-31 15:36:56,912 [INFO] [SCAN] 블랙리스트 4개 제외: ['IP/USDT:USDT', 'NES/USDT:USDT', 'WLD/USDT:USDT', 'XAG/USDT:USDT', 'XAU/USDT:USDT', 'XAUT/USDT:USDT']
2026-07-31 15:36:56,912 [INFO] [SCAN] 스캔 시작: 30개 페어 (캐시 35개 보유)
2026-07-31 15:37:01,628 [INFO] [상태] 잔고:$9.75 | 포지션:2개 | 스캔:1808회 | 스캐너:ON
2026-07-31 15:37:10,770 [INFO] [SCAN] 완료: 30개 종목 · 신호 0개 · API 호출 30회 · 캐시 히트 0회
2026-07-31 15:37:27,940 [INFO] [SCAN] 블랙리스트 4개 제외: ['IP/USDT:USDT', 'NES/USDT:USDT', 'WLD/USDT:USDT', 'XAG/USDT:USDT', 'XAU/USDT:USDT', 'XAUT/USDT:USDT']
2026-07-31 15:37:27,941 [INFO] [SCAN] 스캔 시작: 30개 페어 (캐시 35개 보유)
2026-07-31 15:37:41,551 [INFO] [SCAN] 완료: 30개 종목 · 신호 0개 · API 호출 30회 · 캐시 히트 0회
2026-07-31 15:37:56,827 [INFO] [SCAN] 블랙리스트 4개 제외: ['IP/USDT:USDT', 'NES/USDT:USDT', 'WLD/USDT:USDT', 'XAG/USDT:USDT', 'XAU/USDT:USDT', 'XAUT/USDT:USDT']
2026-07-31 15:37:56,827 [INFO] [SCAN] 스캔 시작: 30개 페어 (캐시 35개 보유)
2026-07-31 15:38:02,162 [INFO] [상태] 잔고:$9.76 | 포지션:2개 | 스캔:1810회 | 스캐너:ON
2026-07-31 15:38:10,704 [INFO] [SCAN] 완료: 30개 종목 · 신호 0개 · API 호출 30회 · 캐시 히트 0회
2026-07-31 15:38:26,010 [INFO] [SCAN] 블랙리스트 4개 제외: ['IP/USDT:USDT', 'NES/USDT:USDT', 'WLD/USDT:USDT', 'XAG/USDT:USDT', 'XAU/USDT:USDT', 'XAUT/USDT:USDT']
2026-07-31 15:38:26,010 [INFO] [SCAN] 스캔 시작: 30개 페어 (캐시 35개 보유)
2026-07-31 15:38:39,467 [INFO] [SCAN] 완료: 30개 종목 · 신호 0개 · API 호출 30회 · 캐시 히트 0회
2026-07-31 15:38:56,756 [INFO] [SCAN] 블랙리스트 4개 제외: ['IP/USDT:USDT', 'NES/USDT:USDT', 'WLD/USDT:USDT', 'XAG/USDT:USDT', 'XAU/USDT:USDT', 'XAUT/USDT:USDT']
2026-07-31 15:38:56,756 [INFO] [SCAN] 스캔 시작: 30개 페어 (캐시 35개 보유)
2026-07-31 15:39:02,720 [INFO] [상태] 잔고:$9.75 | 포지션:2개 | 스캔:1812회 | 스캐너:ON
2026-07-31 15:39:10,195 [INFO] [SCAN] 완료: 30개 종목 · 신호 0개 · API 호출 30회 · 캐시 히트 0회
2026-07-31 15:39:25,467 [INFO] [SCAN] 블랙리스트 4개 제외: ['IP/USDT:USDT', 'NES/USDT:USDT', 'WLD/USDT:USDT', 'XAG/USDT:USDT', 'XAU/USDT:USDT', 'XAUT/USDT:USDT']
2026-07-31 15:39:25,468 [INFO] [SCAN] 스캔 시작: 30개 페어 (캐시 35개 보유)
2026-07-31 15:39:38,769 [INFO] [SCAN] 완료: 30개 종목 · 신호 0개 · API 호출 30회 · 캐시 히트 0회
2026-07-31 15:39:54,039 [INFO] [SCAN] 블랙리스트 4개 제외: ['IP/USDT:USDT', 'NES/USDT:USDT', 'WLD/USDT:USDT', 'XAG/USDT:USDT', 'XAU/USDT:USDT', 'XAUT/USDT:USDT']
2026-07-31 15:39:54,039 [INFO] [SCAN] 스캔 시작: 30개 페어 (캐시 35개 보유)
2026-07-31 15:40:03,269 [INFO] [상태] 잔고:$9.75 | 포지션:2개 | 스캔:1814회 | 스캐너:ON
2026-07-31 15:40:07,707 [INFO] [SCAN] 완료: 30개 종목 · 신호 0개 · API 호출 30회 · 캐시 히트 0회
2026-07-31 15:40:24,765 [INFO] [SCAN] 블랙리스트 4개 제외: ['IP/USDT:USDT', 'NES/USDT:USDT', 'WLD/USDT:USDT', 'XAG/USDT:USDT', 'XAU/USDT:USDT', 'XAUT/USDT:USDT']
2026-07-31 15:40:24,766 [INFO] [SCAN] 스캔 시작: 30개 페어 (캐시 35개 보유)
2026-07-31 15:40:38,137 [INFO] [SCAN] 완료: 30개 종목 · 신호 0개 · API 호출 30회 · 캐시 히트 0회
2026-07-31 15:40:53,421 [INFO] [SCAN] 블랙리스트 4개 제외: ['IP/USDT:USDT', 'NES/USDT:USDT', 'WLD/USDT:USDT', 'XAG/USDT:USDT', 'XAU/USDT:USDT', 'XAUT/USDT:USDT']
2026-07-31 15:40:53,421 [INFO] [SCAN] 스캔 시작: 30개 페어 (캐시 35개 보유)
2026-07-31 15:41:03,700 [INFO] [상태] 잔고:$9.69 | 포지션:2개 | 스캔:1816회 | 스캐너:ON
2026-07-31 15:41:07,064 [INFO] [SCAN] 완료: 30개 종목 · 신호 0개 · API 호출 30회 · 캐시 히트 0회
2026-07-31 15:41:22,348 [INFO] [SCAN] 블랙리스트 4개 제외: ['IP/USDT:USDT', 'NES/USDT:USDT', 'WLD/USDT:USDT', 'XAG/USDT:USDT', 'XAU/USDT:USDT', 'XAUT/USDT:USDT']
2026-07-31 15:41:22,348 [INFO] [SCAN] 스캔 시작: 30개 페어 (캐시 35개 보유)
2026-07-31 15:41:35,733 [INFO] [SCAN] 완료: 30개 종목 · 신호 0개 · API 호출 30회 · 캐시 히트 0회
2026-07-31 15:41:52,926 [INFO] [SCAN] 블랙리스트 4개 제외: ['IP/USDT:USDT', 'NES/USDT:USDT', 'WLD/USDT:USDT', 'XAG/USDT:USDT', 'XAU/USDT:USDT', 'XAUT/USDT:USDT']
2026-07-31 15:41:52,926 [INFO] [SCAN] 스캔 시작: 30개 페어 (캐시 35개 보유)
2026-07-31 15:42:04,259 [INFO] [상태] 잔고:$9.68 | 포지션:2개 | 스캔:1818회 | 스캐너:ON
2026-07-31 15:42:06,898 [INFO] [SCAN] 완료: 30개 종목 · 신호 0개 · API 호출 30회 · 캐시 히트 0회
2026-07-31 15:42:22,168 [INFO] [SCAN] 블랙리스트 4개 제외: ['IP/USDT:USDT', 'NES/USDT:USDT', 'WLD/USDT:USDT', 'XAG/USDT:USDT', 'XAU/USDT:USDT', 'XAUT/USDT:USDT']
2026-07-31 15:42:22,168 [INFO] [SCAN] 스캔 시작: 30개 페어 (캐시 35개 보유)
2026-07-31 15:42:35,706 [INFO] [SCAN] 완료: 30개 종목 · 신호 0개 · API 호출 30회 · 캐시 히트 0회
2026-07-31 15:42:50,961 [INFO] [SCAN] 블랙리스트 4개 제외: ['IP/USDT:USDT', 'NES/USDT:USDT', 'WLD/USDT:USDT', 'XAG/USDT:USDT', 'XAU/USDT:USDT', 'XAUT/USDT:USDT']
2026-07-31 15:42:50,961 [INFO] [SCAN] 스캔 시작: 30개 페어 (캐시 35개 보유)
2026-07-31 15:43:04,340 [INFO] [SCAN] 완료: 30개 종목 · 신호 0개 · API 호출 30회 · 캐시 히트 0회
2026-07-31 15:43:04,970 [INFO] [상태] 잔고:$9.69 | 포지션:2개 | 스캔:1821회 | 스캐너:ON
2026-07-31 15:43:21,675 [INFO] [SCAN] 블랙리스트 4개 제외: ['IP/USDT:USDT', 'NES/USDT:USDT', 'WLD/USDT:USDT', 'XAG/USDT:USDT', 'XAU/USDT:USDT', 'XAUT/USDT:USDT']
2026-07-31 15:43:21,675 [INFO] [SCAN] 스캔 시작: 30개 페어 (캐시 35개 보유)
2026-07-31 15:43:34,864 [INFO] [SCAN] 완료: 30개 종목 · 신호 0개 · API 호출 30회 · 캐시 히트 0회
2026-07-31 15:43:50,143 [INFO] [SCAN] 블랙리스트 4개 제외: ['IP/USDT:USDT', 'NES/USDT:USDT', 'WLD/USDT:USDT', 'XAG/USDT:USDT', 'XAU/USDT:USDT', 'XAUT/USDT:USDT']
2026-07-31 15:43:50,144 [INFO] [SCAN] 스캔 시작: 30개 페어 (캐시 35개 보유)
2026-07-31 15:44:03,881 [INFO] [SCAN] 완료: 30개 종목 · 신호 0개 · API 호출 30회 · 캐시 히트 0회
2026-07-31 15:44:05,512 [INFO] [상태] 잔고:$9.70 | 포지션:2개 | 스캔:1823회 | 스캐너:ON
2026-07-31 15:44:19,266 [INFO] [SCAN] 블랙리스트 4개 제외: ['IP/USDT:USDT', 'NES/USDT:USDT', 'WLD/USDT:USDT', 'XAG/USDT:USDT', 'XAU/USDT:USDT', 'XAUT/USDT:USDT']
2026-07-31 15:44:19,266 [INFO] [SCAN] 스캔 시작: 30개 페어 (캐시 35개 보유)
2026-07-31 15:44:32,713 [INFO] [SCAN] 완료: 30개 종목 · 신호 0개 · API 호출 30회 · 캐시 히트 0회
2026-07-31 15:44:49,791 [INFO] [SCAN] 블랙리스트 4개 제외: ['IP/USDT:USDT', 'NES/USDT:USDT', 'WLD/USDT:USDT', 'XAG/USDT:USDT', 'XAU/USDT:USDT', 'XAUT/USDT:USDT']
2026-07-31 15:44:49,791 [INFO] [SCAN] 스캔 시작: 30개 페어 (캐시 35개 보유)
2026-07-31 15:45:02,996 [INFO] [SCAN] 완료: 30개 종목 · 신호 0개 · API 호출 30회 · 캐시 히트 0회
2026-07-31 15:45:06,062 [INFO] [상태] 잔고:$9.70 | 포지션:2개 | 스캔:1825회 | 스캐너:ON
2026-07-31 15:45:18,387 [INFO] [SCAN] 블랙리스트 4개 제외: ['IP/USDT:USDT', 'NES/USDT:USDT', 'WLD/USDT:USDT', 'XAG/USDT:USDT', 'XAU/USDT:USDT', 'XAUT/USDT:USDT']
2026-07-31 15:45:18,387 [INFO] [SCAN] 스캔 시작: 30개 페어 (캐시 35개 보유)
2026-07-31 15:45:31,580 [INFO] [SCAN] 완료: 30개 종목 · 신호 0개 · API 호출 30회 · 캐시 히트 0회
2026-07-31 15:45:46,858 [INFO] [SCAN] 블랙리스트 4개 제외: ['IP/USDT:USDT', 'NES/USDT:USDT', 'WLD/USDT:USDT', 'XAG/USDT:USDT', 'XAU/USDT:USDT', 'XAUT/USDT:USDT']
2026-07-31 15:45:46,858 [INFO] [SCAN] 스캔 시작: 30개 페어 (캐시 35개 보유)
2026-07-31 15:46:00,101 [INFO] [SCAN] 완료: 30개 종목 · 신호 0개 · API 호출 30회 · 캐시 히트 0회
2026-07-31 15:46:06,728 [INFO] [상태] 잔고:$9.67 | 포지션:2개 | 스캔:1827회 | 스캐너:ON
2026-07-31 15:46:17,228 [INFO] [SCAN] 블랙리스트 4개 제외: ['IP/USDT:USDT', 'NES/USDT:USDT', 'WLD/USDT:USDT', 'XAG/USDT:USDT', 'XAU/USDT:USDT', 'XAUT/USDT:USDT']
2026-07-31 15:46:17,228 [INFO] [SCAN] 스캔 시작: 30개 페어 (캐시 35개 보유)
2026-07-31 15:46:30,617 [INFO] [SCAN] 완료: 30개 종목 · 신호 0개 · API 호출 30회 · 캐시 히트 0회
2026-07-31 15:46:45,904 [INFO] [SCAN] 블랙리스트 4개 제외: ['IP/USDT:USDT', 'NES/USDT:USDT', 'WLD/USDT:USDT', 'XAG/USDT:USDT', 'XAU/USDT:USDT', 'XAUT/USDT:USDT']
2026-07-31 15:46:45,904 [INFO] [SCAN] 스캔 시작: 30개 페어 (캐시 35개 보유)
2026-07-31 15:46:59,378 [INFO] [SCAN] 완료: 30개 종목 · 신호 0개 · API 호출 30회 · 캐시 히트 0회
2026-07-31 15:47:07,178 [INFO] [상태] 잔고:$9.67 | 포지션:2개 | 스캔:1829회 | 스캐너:ON
2026-07-31 15:47:14,752 [INFO] [SCAN] 블랙리스트 4개 제외: ['IP/USDT:USDT', 'NES/USDT:USDT', 'WLD/USDT:USDT', 'XAG/USDT:USDT', 'XAU/USDT:USDT', 'XAUT/USDT:USDT']
2026-07-31 15:47:14,752 [INFO] [SCAN] 스캔 시작: 30개 페어 (캐시 35개 보유)
2026-07-31 15:47:28,148 [INFO] [SCAN] 완료: 30개 종목 · 신호 0개 · API 호출 30회 · 캐시 히트 0회
2026-07-31 15:47:45,143 [INFO] [SCAN] 블랙리스트 4개 제외: ['IP/USDT:USDT', 'NES/USDT:USDT', 'WLD/USDT:USDT', 'XAG/USDT:USDT', 'XAU/USDT:USDT', 'XAUT/USDT:USDT']
2026-07-31 15:47:45,143 [INFO] [SCAN] 스캔 시작: 30개 페어 (캐시 35개 보유)
2026-07-31 15:47:58,689 [INFO] [SCAN] 완료: 30개 종목 · 신호 0개 · API 호출 30회 · 캐시 히트 0회
2026-07-31 15:48:07,835 [INFO] [상태] 잔고:$9.68 | 포지션:2개 | 스캔:1831회 | 스캐너:ON
2026-07-31 15:48:14,076 [INFO] [SCAN] 블랙리스트 4개 제외: ['IP/USDT:USDT', 'NES/USDT:USDT', 'WLD/USDT:USDT', 'XAG/USDT:USDT', 'XAU/USDT:USDT', 'XAUT/USDT:USDT']
2026-07-31 15:48:14,076 [INFO] [SCAN] 스캔 시작: 30개 페어 (캐시 35개 보유)
2026-07-31 15:48:27,802 [INFO] [SCAN] 완료: 30개 종목 · 신호 0개 · API 호출 30회 · 캐시 히트 0회
2026-07-31 15:48:43,097 [INFO] [SCAN] 블랙리스트 4개 제외: ['IP/USDT:USDT', 'NES/USDT:USDT', 'WLD/USDT:USDT', 'XAG/USDT:USDT', 'XAU/USDT:USDT', 'XAUT/USDT:USDT']
2026-07-31 15:48:43,097 [INFO] [SCAN] 스캔 시작: 30개 페어 (캐시 35개 보유)
2026-07-31 15:48:56,957 [INFO] [SCAN] 완료: 30개 종목 · 신호 0개 · API 호출 30회 · 캐시 히트 0회
2026-07-31 15:49:08,415 [INFO] [상태] 잔고:$9.70 | 포지션:2개 | 스캔:1833회 | 스캐너:ON
2026-07-31 15:49:14,247 [INFO] [SCAN] 블랙리스트 4개 제외: ['IP/USDT:USDT', 'NES/USDT:USDT', 'WLD/USDT:USDT', 'XAG/USDT:USDT', 'XAU/USDT:USDT', 'XAUT/USDT:USDT']
2026-07-31 15:49:14,247 [INFO] [SCAN] 스캔 시작: 30개 페어 (캐시 35개 보유)
2026-07-31 15:49:27,878 [INFO] [SCAN] 완료: 30개 종목 · 신호 0개 · API 호출 30회 · 캐시 히트 0회
2026-07-31 15:49:43,138 [INFO] [SCAN] 블랙리스트 4개 제외: ['IP/USDT:USDT', 'NES/USDT:USDT', 'WLD/USDT:USDT', 'XAG/USDT:USDT', 'XAU/USDT:USDT', 'XAUT/USDT:USDT']
2026-07-31 15:49:43,138 [INFO] [SCAN] 스캔 시작: 30개 페어 (캐시 35개 보유)
2026-07-31 15:49:56,499 [INFO] [SCAN] 완료: 30개 종목 · 신호 0개 · API 호출 30회 · 캐시 히트 0회
2026-07-31 15:50:08,862 [INFO] [상태] 잔고:$9.72 | 포지션:2개 | 스캔:1835회 | 스캐너:ON
2026-07-31 15:50:11,878 [INFO] [SCAN] 블랙리스트 4개 제외: ['IP/USDT:USDT', 'NES/USDT:USDT', 'WLD/USDT:USDT', 'XAG/USDT:USDT', 'XAU/USDT:USDT', 'XAUT/USDT:USDT']
2026-07-31 15:50:11,878 [INFO] [SCAN] 스캔 시작: 30개 페어 (캐시 35개 보유)
2026-07-31 15:50:24,842 [INFO] [CACHE] CFX/USDT:USDT 초기 로드 300봉
2026-07-31 15:50:25,353 [INFO] [SCAN] 완료: 30개 종목 · 신호 0개 · API 호출 30회 · 캐시 히트 0회
2026-07-31 15:50:42,390 [INFO] [SCAN] 블랙리스트 4개 제외: ['IP/USDT:USDT', 'NES/USDT:USDT', 'WLD/USDT:USDT', 'XAG/USDT:USDT', 'XAU/USDT:USDT', 'XAUT/USDT:USDT']
2026-07-31 15:50:42,390 [INFO] [SCAN] 스캔 시작: 30개 페어 (캐시 36개 보유)
2026-07-31 15:50:55,695 [INFO] [SCAN] 완료: 30개 종목 · 신호 0개 · API 호출 30회 · 캐시 히트 0회
2026-07-31 15:51:09,320 [INFO] [상태] 잔고:$9.72 | 포지션:2개 | 스캔:1837회 | 스캐너:ON
2026-07-31 15:51:11,100 [INFO] [SCAN] 블랙리스트 4개 제외: ['IP/USDT:USDT', 'NES/USDT:USDT', 'WLD/USDT:USDT', 'XAG/USDT:USDT', 'XAU/USDT:USDT', 'XAUT/USDT:USDT']
2026-07-31 15:51:11,100 [INFO] [SCAN] 스캔 시작: 30개 페어 (캐시 36개 보유)
2026-07-31 15:51:24,355 [INFO] [SCAN] 완료: 30개 종목 · 신호 0개 · API 호출 30회 · 캐시 히트 0회
2026-07-31 15:51:39,634 [INFO] [SCAN] 블랙리스트 4개 제외: ['IP/USDT:USDT', 'NES/USDT:USDT', 'WLD/USDT:USDT', 'XAG/USDT:USDT', 'XAU/USDT:USDT', 'XAUT/USDT:USDT']
2026-07-31 15:51:39,634 [INFO] [SCAN] 스캔 시작: 30개 페어 (캐시 36개 보유)
2026-07-31 15:51:52,786 [INFO] [SCAN] 완료: 30개 종목 · 신호 0개 · API 호출 30회 · 캐시 히트 0회
2026-07-31 15:52:09,830 [INFO] [SCAN] 블랙리스트 4개 제외: ['IP/USDT:USDT', 'NES/USDT:USDT', 'WLD/USDT:USDT', 'XAG/USDT:USDT', 'XAU/USDT:USDT', 'XAUT/USDT:USDT']
2026-07-31 15:52:09,832 [INFO] [SCAN] 스캔 시작: 30개 페어 (캐시 36개 보유)
2026-07-31 15:52:09,948 [INFO] [상태] 잔고:$9.71 | 포지션:2개 | 스캔:1839회 | 스캐너:ON
2026-07-31 15:52:23,453 [INFO] [SCAN] 완료: 30개 종목 · 신호 0개 · API 호출 30회 · 캐시 히트 0회
2026-07-31 15:52:38,719 [INFO] [SCAN] 블랙리스트 4개 제외: ['IP/USDT:USDT', 'NES/USDT:USDT', 'WLD/USDT:USDT', 'XAG/USDT:USDT', 'XAU/USDT:USDT', 'XAUT/USDT:USDT']
2026-07-31 15:52:38,719 [INFO] [SCAN] 스캔 시작: 30개 페어 (캐시 36개 보유)
2026-07-31 15:52:52,114 [INFO] [SCAN] 완료: 30개 종목 · 신호 0개 · API 호출 30회 · 캐시 히트 0회
2026-07-31 15:53:07,401 [INFO] [SCAN] 블랙리스트 4개 제외: ['IP/USDT:USDT', 'NES/USDT:USDT', 'WLD/USDT:USDT', 'XAG/USDT:USDT', 'XAU/USDT:USDT', 'XAUT/USDT:USDT']
2026-07-31 15:53:07,401 [INFO] [SCAN] 스캔 시작: 30개 페어 (캐시 36개 보유)
2026-07-31 15:53:10,467 [INFO] [상태] 잔고:$9.72 | 포지션:2개 | 스캔:1841회 | 스캐너:ON
2026-07-31 15:53:21,041 [INFO] [SCAN] 완료: 30개 종목 · 신호 0개 · API 호출 30회 · 캐시 히트 0회
2026-07-31 15:53:38,111 [INFO] [SCAN] 블랙리스트 4개 제외: ['IP/USDT:USDT', 'NES/USDT:USDT', 'WLD/USDT:USDT', 'XAG/USDT:USDT', 'XAU/USDT:USDT', 'XAUT/USDT:USDT']
2026-07-31 15:53:38,112 [INFO] [SCAN] 스캔 시작: 30개 페어 (캐시 36개 보유)
2026-07-31 15:53:51,408 [INFO] [SCAN] 완료: 30개 종목 · 신호 0개 · API 호출 30회 · 캐시 히트 0회
2026-07-31 15:54:06,667 [INFO] [SCAN] 블랙리스트 4개 제외: ['IP/USDT:USDT', 'NES/USDT:USDT', 'WLD/USDT:USDT', 'XAG/USDT:USDT', 'XAU/USDT:USDT', 'XAUT/USDT:USDT']
2026-07-31 15:54:06,667 [INFO] [SCAN] 스캔 시작: 30개 페어 (캐시 36개 보유)
2026-07-31 15:54:10,948 [INFO] [상태] 잔고:$9.73 | 포지션:2개 | 스캔:1843회 | 스캐너:ON
2026-07-31 15:54:20,676 [INFO] [SCAN] 완료: 30개 종목 · 신호 0개 · API 호출 30회 · 캐시 히트 0회
2026-07-31 15:54:35,953 [INFO] [SCAN] 블랙리스트 4개 제외: ['IP/USDT:USDT', 'NES/USDT:USDT', 'WLD/USDT:USDT', 'XAG/USDT:USDT', 'XAU/USDT:USDT', 'XAUT/USDT:USDT']
2026-07-31 15:54:35,954 [INFO] [SCAN] 스캔 시작: 30개 페어 (캐시 36개 보유)
2026-07-31 15:54:49,401 [INFO] [SCAN] 완료: 30개 종목 · 신호 0개 · API 호출 30회 · 캐시 히트 0회
2026-07-31 15:55:06,569 [INFO] [SCAN] 블랙리스트 4개 제외: ['IP/USDT:USDT', 'NES/USDT:USDT', 'WLD/USDT:USDT', 'XAG/USDT:USDT', 'XAU/USDT:USDT', 'XAUT/USDT:USDT']
2026-07-31 15:55:06,570 [INFO] [SCAN] 스캔 시작: 30개 페어 (캐시 36개 보유)
2026-07-31 15:55:11,395 [INFO] [상태] 잔고:$9.72 | 포지션:2개 | 스캔:1845회 | 스캐너:ON
2026-07-31 15:55:20,586 [INFO] [SCAN] 완료: 30개 종목 · 신호 0개 · API 호출 30회 · 캐시 히트 0회
2026-07-31 15:55:35,880 [INFO] [SCAN] 블랙리스트 4개 제외: ['IP/USDT:USDT', 'NES/USDT:USDT', 'WLD/USDT:USDT', 'XAG/USDT:USDT', 'XAU/USDT:USDT', 'XAUT/USDT:USDT']
2026-07-31 15:55:35,880 [INFO] [SCAN] 스캔 시작: 30개 페어 (캐시 36개 보유)
2026-07-31 15:55:49,066 [INFO] [SCAN] 완료: 30개 종목 · 신호 0개 · API 호출 30회 · 캐시 히트 0회
2026-07-31 15:56:04,369 [INFO] [SCAN] 블랙리스트 4개 제외: ['IP/USDT:USDT', 'NES/USDT:USDT', 'WLD/USDT:USDT', 'XAG/USDT:USDT', 'XAU/USDT:USDT', 'XAUT/USDT:USDT']
2026-07-31 15:56:04,370 [INFO] [SCAN] 스캔 시작: 30개 페어 (캐시 36개 보유)
2026-07-31 15:56:11,843 [INFO] [상태] 잔고:$9.71 | 포지션:2개 | 스캔:1847회 | 스캐너:ON
2026-07-31 15:56:18,158 [INFO] [SCAN] 완료: 30개 종목 · 신호 0개 · API 호출 30회 · 캐시 히트 0회
2026-07-31 15:56:35,310 [INFO] [SCAN] 블랙리스트 4개 제외: ['IP/USDT:USDT', 'NES/USDT:USDT', 'WLD/USDT:USDT', 'XAG/USDT:USDT', 'XAU/USDT:USDT', 'XAUT/USDT:USDT']
2026-07-31 15:56:35,312 [INFO] [SCAN] 스캔 시작: 30개 페어 (캐시 36개 보유)
2026-07-31 15:56:48,788 [INFO] [SCAN] 완료: 30개 종목 · 신호 0개 · API 호출 30회 · 캐시 히트 0회
2026-07-31 15:57:04,062 [INFO] [SCAN] 블랙리스트 4개 제외: ['IP/USDT:USDT', 'NES/USDT:USDT', 'WLD/USDT:USDT', 'XAG/USDT:USDT', 'XAU/USDT:USDT', 'XAUT/USDT:USDT']
2026-07-31 15:57:04,062 [INFO] [SCAN] 스캔 시작: 30개 페어 (캐시 36개 보유)
2026-07-31 15:57:12,411 [INFO] [상태] 잔고:$9.71 | 포지션:2개 | 스캔:1849회 | 스캐너:ON
2026-07-31 15:57:17,970 [INFO] [SCAN] 완료: 30개 종목 · 신호 0개 · API 호출 30회 · 캐시 히트 0회
2026-07-31 15:57:33,243 [INFO] [SCAN] 블랙리스트 4개 제외: ['IP/USDT:USDT', 'NES/USDT:USDT', 'WLD/USDT:USDT', 'XAG/USDT:USDT', 'XAU/USDT:USDT', 'XAUT/USDT:USDT']
2026-07-31 15:57:33,243 [INFO] [SCAN] 스캔 시작: 30개 페어 (캐시 36개 보유)
2026-07-31 15:57:46,513 [INFO] [SCAN] 완료: 30개 종목 · 신호 0개 · API 호출 30회 · 캐시 히트 0회
2026-07-31 15:58:03,473 [INFO] [SCAN] 블랙리스트 4개 제외: ['IP/USDT:USDT', 'NES/USDT:USDT', 'WLD/USDT:USDT', 'XAG/USDT:USDT', 'XAU/USDT:USDT', 'XAUT/USDT:USDT']
2026-07-31 15:58:03,473 [INFO] [SCAN] 스캔 시작: 30개 페어 (캐시 36개 보유)
2026-07-31 15:58:12,874 [INFO] [상태] 잔고:$9.70 | 포지션:2개 | 스캔:1851회 | 스캐너:ON
2026-07-31 15:58:16,881 [INFO] [SCAN] 완료: 30개 종목 · 신호 0개 · API 호출 30회 · 캐시 히트 0회
2026-07-31 15:58:32,166 [INFO] [SCAN] 블랙리스트 4개 제외: ['IP/USDT:USDT', 'NES/USDT:USDT', 'WLD/USDT:USDT', 'XAG/USDT:USDT', 'XAU/USDT:USDT', 'XAUT/USDT:USDT']
2026-07-31 15:58:32,166 [INFO] [SCAN] 스캔 시작: 30개 페어 (캐시 36개 보유)
2026-07-31 15:58:45,620 [INFO] [SCAN] 완료: 30개 종목 · 신호 0개 · API 호출 30회 · 캐시 히트 0회
2026-07-31 15:59:00,953 [INFO] [SCAN] 블랙리스트 4개 제외: ['IP/USDT:USDT', 'NES/USDT:USDT', 'WLD/USDT:USDT', 'XAG/USDT:USDT', 'XAU/USDT:USDT', 'XAUT/USDT:USDT']
2026-07-31 15:59:00,953 [INFO] [SCAN] 스캔 시작: 30개 페어 (캐시 36개 보유)
2026-07-31 15:59:13,412 [INFO] [상태] 잔고:$9.71 | 포지션:2개 | 스캔:1853회 | 스캐너:ON
2026-07-31 15:59:14,825 [INFO] [SCAN] 완료: 30개 종목 · 신호 0개 · API 호출 30회 · 캐시 히트 0회
2026-07-31 15:59:31,842 [INFO] [SCAN] 블랙리스트 4개 제외: ['IP/USDT:USDT', 'NES/USDT:USDT', 'WLD/USDT:USDT', 'XAG/USDT:USDT', 'XAU/USDT:USDT', 'XAUT/USDT:USDT']
2026-07-31 15:59:31,842 [INFO] [SCAN] 스캔 시작: 30개 페어 (캐시 36개 보유)
2026-07-31 15:59:45,254 [INFO] [SCAN] 완료: 30개 종목 · 신호 0개 · API 호출 30회 · 캐시 히트 0회
2026-07-31 16:00:00,553 [INFO] [SCAN] 블랙리스트 4개 제외: ['IP/USDT:USDT', 'NES/USDT:USDT', 'WLD/USDT:USDT', 'XAG/USDT:USDT', 'XAU/USDT:USDT', 'XAUT/USDT:USDT']
2026-07-31 16:00:00,553 [INFO] [SCAN] 스캔 시작: 30개 페어 (캐시 36개 보유)
2026-07-31 16:00:13,858 [INFO] [상태] 잔고:$9.68 | 포지션:2개 | 스캔:1855회 | 스캐너:ON
2026-07-31 16:00:14,402 [INFO] [SCAN] 완료: 30개 종목 · 신호 0개 · API 호출 30회 · 캐시 히트 0회
2026-07-31 16:00:29,740 [INFO] [SCAN] 블랙리스트 4개 제외: ['IP/USDT:USDT', 'NES/USDT:USDT', 'WLD/USDT:USDT', 'XAG/USDT:USDT', 'XAU/USDT:USDT', 'XAUT/USDT:USDT']
2026-07-31 16:00:29,741 [INFO] [SCAN] 스캔 시작: 30개 페어 (캐시 36개 보유)
2026-07-31 16:00:43,374 [INFO] [SCAN] 완료: 30개 종목 · 신호 0개 · API 호출 30회 · 캐시 히트 0회
2026-07-31 16:01:00,417 [INFO] [SCAN] 블랙리스트 4개 제외: ['IP/USDT:USDT', 'NES/USDT:USDT', 'WLD/USDT:USDT', 'XAG/USDT:USDT', 'XAU/USDT:USDT', 'XAUT/USDT:USDT']
2026-07-31 16:01:00,417 [INFO] [SCAN] 스캔 시작: 30개 페어 (캐시 36개 보유)
2026-07-31 16:01:13,808 [INFO] [SCAN] 완료: 30개 종목 · 신호 0개 · API 호출 30회 · 캐시 히트 0회
2026-07-31 16:01:14,315 [INFO] [상태] 잔고:$9.67 | 포지션:2개 | 스캔:1858회 | 스캐너:ON
2026-07-31 16:01:29,194 [INFO] [SCAN] 블랙리스트 4개 제외: ['IP/USDT:USDT', 'NES/USDT:USDT', 'WLD/USDT:USDT', 'XAG/USDT:USDT', 'XAU/USDT:USDT', 'XAUT/USDT:USDT']
2026-07-31 16:01:29,194 [INFO] [SCAN] 스캔 시작: 30개 페어 (캐시 36개 보유)
2026-07-31 16:01:42,757 [INFO] [SCAN] 완료: 30개 종목 · 신호 0개 · API 호출 30회 · 캐시 히트 0회
2026-07-31 16:01:58,025 [INFO] [SCAN] 블랙리스트 4개 제외: ['IP/USDT:USDT', 'NES/USDT:USDT', 'WLD/USDT:USDT', 'XAG/USDT:USDT', 'XAU/USDT:USDT', 'XAUT/USDT:USDT']
2026-07-31 16:01:58,026 [INFO] [SCAN] 스캔 시작: 30개 페어 (캐시 36개 보유)
2026-07-31 16:02:11,200 [INFO] [SCAN] 완료: 30개 종목 · 신호 0개 · API 호출 30회 · 캐시 히트 0회
2026-07-31 16:02:14,820 [INFO] [상태] 잔고:$9.66 | 포지션:2개 | 스캔:1860회 | 스캐너:ON
2026-07-31 16:02:28,285 [INFO] [SCAN] 블랙리스트 4개 제외: ['IP/USDT:USDT', 'NES/USDT:USDT', 'WLD/USDT:USDT', 'XAG/USDT:USDT', 'XAU/USDT:USDT', 'XAUT/USDT:USDT']
2026-07-31 16:02:28,286 [INFO] [SCAN] 스캔 시작: 30개 페어 (캐시 36개 보유)
2026-07-31 16:02:41,475 [INFO] [SCAN] 완료: 30개 종목 · 신호 0개 · API 호출 30회 · 캐시 히트 0회
2026-07-31 16:02:56,768 [INFO] [SCAN] 블랙리스트 4개 제외: ['IP/USDT:USDT', 'NES/USDT:USDT', 'WLD/USDT:USDT', 'XAG/USDT:USDT', 'XAU/USDT:USDT', 'XAUT/USDT:USDT']
2026-07-31 16:02:56,769 [INFO] [SCAN] 스캔 시작: 30개 페어 (캐시 36개 보유)
2026-07-31 16:03:10,443 [INFO] [SCAN] 완료: 30개 종목 · 신호 0개 · API 호출 30회 · 캐시 히트 0회
2026-07-31 16:03:15,274 [INFO] [상태] 잔고:$9.66 | 포지션:2개 | 스캔:1862회 | 스캐너:ON
2026-07-31 16:03:25,826 [INFO] [SCAN] 블랙리스트 4개 제외: ['IP/USDT:USDT', 'NES/USDT:USDT', 'WLD/USDT:USDT', 'XAG/USDT:USDT', 'XAU/USDT:USDT', 'XAUT/USDT:USDT']
2026-07-31 16:03:25,826 [INFO] [SCAN] 스캔 시작: 30개 페어 (캐시 36개 보유)
2026-07-31 16:03:39,455 [INFO] [SCAN] 완료: 30개 종목 · 신호 0개 · API 호출 30회 · 캐시 히트 0회
2026-07-31 16:03:56,673 [INFO] [SCAN] 블랙리스트 4개 제외: ['IP/USDT:USDT', 'NES/USDT:USDT', 'WLD/USDT:USDT', 'XAG/USDT:USDT', 'XAU/USDT:USDT', 'XAUT/USDT:USDT']
2026-07-31 16:03:56,674 [INFO] [SCAN] 스캔 시작: 30개 페어 (캐시 36개 보유)
2026-07-31 16:04:09,901 [INFO] [SCAN] 완료: 30개 종목 · 신호 0개 · API 호출 30회 · 캐시 히트 0회
2026-07-31 16:04:15,734 [INFO] [상태] 잔고:$9.63 | 포지션:2개 | 스캔:1864회 | 스캐너:ON
2026-07-31 16:04:25,277 [INFO] [SCAN] 블랙리스트 4개 제외: ['IP/USDT:USDT', 'NES/USDT:USDT', 'WLD/USDT:USDT', 'XAG/USDT:USDT', 'XAU/USDT:USDT', 'XAUT/USDT:USDT']
2026-07-31 16:04:25,277 [INFO] [SCAN] 스캔 시작: 30개 페어 (캐시 36개 보유)
2026-07-31 16:04:38,473 [INFO] [SCAN] 완료: 30개 종목 · 신호 0개 · API 호출 30회 · 캐시 히트 0회
2026-07-31 16:04:53,746 [INFO] [SCAN] 블랙리스트 4개 제외: ['IP/USDT:USDT', 'NES/USDT:USDT', 'WLD/USDT:USDT', 'XAG/USDT:USDT', 'XAU/USDT:USDT', 'XAUT/USDT:USDT']
2026-07-31 16:04:53,746 [INFO] [SCAN] 스캔 시작: 30개 페어 (캐시 36개 보유)
2026-07-31 16:05:06,993 [INFO] [SCAN] 완료: 30개 종목 · 신호 0개 · API 호출 30회 · 캐시 히트 0회
2026-07-31 16:05:16,258 [INFO] [상태] 잔고:$9.63 | 포지션:2개 | 스캔:1866회 | 스캐너:ON
2026-07-31 16:05:24,117 [INFO] [SCAN] 블랙리스트 4개 제외: ['IP/USDT:USDT', 'NES/USDT:USDT', 'WLD/USDT:USDT', 'XAG/USDT:USDT', 'XAU/USDT:USDT', 'XAUT/USDT:USDT']
2026-07-31 16:05:24,117 [INFO] [SCAN] 스캔 시작: 30개 페어 (캐시 36개 보유)
2026-07-31 16:05:37,226 [INFO] [SCAN] 완료: 30개 종목 · 신호 0개 · API 호출 30회 · 캐시 히트 0회
2026-07-31 16:05:52,514 [INFO] [SCAN] 블랙리스트 4개 제외: ['IP/USDT:USDT', 'NES/USDT:USDT', 'WLD/USDT:USDT', 'XAG/USDT:USDT', 'XAU/USDT:USDT', 'XAUT/USDT:USDT']
2026-07-31 16:05:52,514 [INFO] [SCAN] 스캔 시작: 30개 페어 (캐시 36개 보유)
2026-07-31 16:06:06,108 [INFO] [SCAN] 완료: 30개 종목 · 신호 0개 · API 호출 30회 · 캐시 히트 0회
2026-07-31 16:06:16,738 [INFO] [상태] 잔고:$9.60 | 포지션:1개 | 스캔:1868회 | 스캐너:ON
2026-07-31 16:06:21,494 [INFO] [SCAN] 블랙리스트 4개 제외: ['IP/USDT:USDT', 'NES/USDT:USDT', 'WLD/USDT:USDT', 'XAG/USDT:USDT', 'XAU/USDT:USDT', 'XAUT/USDT:USDT']
2026-07-31 16:06:21,494 [INFO] [SCAN] 스캔 시작: 30개 페어 (캐시 36개 보유)
2026-07-31 16:06:34,864 [INFO] [SCAN] 완료: 30개 종목 · 신호 0개 · API 호출 30회 · 캐시 히트 0회
2026-07-31 16:06:34,988 [INFO] [PERSIST] SUI/USDT:USDT 포지션이 거래소에 존재하지 않음 (오프라인 청산 감지) → 상태 삭제
2026-07-31 16:06:34,988 [INFO] [PERSIST] 활성 포지션 상태 저장 완료
2026-07-31 16:06:51,155 [INFO] [SCAN] 블랙리스트 4개 제외: ['IP/USDT:USDT', 'NES/USDT:USDT', 'WLD/USDT:USDT', 'XAG/USDT:USDT', 'XAU/USDT:USDT', 'XAUT/USDT:USDT']
2026-07-31 16:06:51,155 [INFO] [SCAN] 스캔 시작: 30개 페어 (캐시 36개 보유)
2026-07-31 16:07:04,362 [INFO] [SCAN] 완료: 30개 종목 · 신호 0개 · API 호출 30회 · 캐시 히트 0회
2026-07-31 16:07:17,178 [INFO] [상태] 잔고:$9.59 | 포지션:1개 | 스캔:1870회 | 스캐너:ON
2026-07-31 16:07:19,796 [INFO] [SCAN] 블랙리스트 4개 제외: ['IP/USDT:USDT', 'NES/USDT:USDT', 'WLD/USDT:USDT', 'XAG/USDT:USDT', 'XAU/USDT:USDT', 'XAUT/USDT:USDT']
2026-07-31 16:07:19,797 [INFO] [SCAN] 스캔 시작: 30개 페어 (캐시 36개 보유)
2026-07-31 16:07:32,930 [INFO] [SCAN] 완료: 30개 종목 · 신호 0개 · API 호출 30회 · 캐시 히트 0회
2026-07-31 16:07:48,252 [INFO] [SCAN] 블랙리스트 4개 제외: ['IP/USDT:USDT', 'NES/USDT:USDT', 'WLD/USDT:USDT', 'XAG/USDT:USDT', 'XAU/USDT:USDT', 'XAUT/USDT:USDT']
2026-07-31 16:07:48,252 [INFO] [SCAN] 스캔 시작: 30개 페어 (캐시 36개 보유)
2026-07-31 16:08:01,650 [INFO] [SCAN] 완료: 30개 종목 · 신호 0개 · API 호출 30회 · 캐시 히트 0회
2026-07-31 16:08:17,761 [INFO] [상태] 잔고:$9.60 | 포지션:1개 | 스캔:1872회 | 스캐너:ON
2026-07-31 16:08:18,022 [INFO] [SCAN] 블랙리스트 4개 제외: ['IP/USDT:USDT', 'NES/USDT:USDT', 'WLD/USDT:USDT', 'XAG/USDT:USDT', 'XAU/USDT:USDT', 'XAUT/USDT:USDT']
2026-07-31 16:08:18,022 [INFO] [SCAN] 스캔 시작: 30개 페어 (캐시 36개 보유)
2026-07-31 16:08:31,450 [INFO] [SCAN] 완료: 30개 종목 · 신호 0개 · API 호출 30회 · 캐시 히트 0회
2026-07-31 16:08:46,724 [INFO] [SCAN] 블랙리스트 4개 제외: ['IP/USDT:USDT', 'NES/USDT:USDT', 'WLD/USDT:USDT', 'XAG/USDT:USDT', 'XAU/USDT:USDT', 'XAUT/USDT:USDT']
2026-07-31 16:08:46,724 [INFO] [SCAN] 스캔 시작: 30개 페어 (캐시 36개 보유)
2026-07-31 16:09:00,201 [INFO] [SCAN] 완료: 30개 종목 · 신호 0개 · API 호출 30회 · 캐시 히트 0회
2026-07-31 16:09:15,517 [INFO] [SCAN] 블랙리스트 4개 제외: ['IP/USDT:USDT', 'NES/USDT:USDT', 'WLD/USDT:USDT', 'XAG/USDT:USDT', 'XAU/USDT:USDT', 'XAUT/USDT:USDT']
2026-07-31 16:09:15,517 [INFO] [SCAN] 스캔 시작: 30개 페어 (캐시 36개 보유)
2026-07-31 16:09:18,262 [INFO] [상태] 잔고:$9.60 | 포지션:1개 | 스캔:1874회 | 스캐너:ON
2026-07-31 16:09:28,943 [INFO] [SCAN] 완료: 30개 종목 · 신호 0개 · API 호출 30회 · 캐시 히트 0회
2026-07-31 16:09:45,209 [INFO] [SCAN] 블랙리스트 4개 제외: ['IP/USDT:USDT', 'NES/USDT:USDT', 'WLD/USDT:USDT', 'XAG/USDT:USDT', 'XAU/USDT:USDT', 'XAUT/USDT:USDT']
2026-07-31 16:09:45,210 [INFO] [SCAN] 스캔 시작: 30개 페어 (캐시 36개 보유)
2026-07-31 16:09:58,466 [INFO] [SCAN] 완료: 30개 종목 · 신호 0개 · API 호출 30회 · 캐시 히트 0회
2026-07-31 16:10:13,762 [INFO] [SCAN] 블랙리스트 4개 제외: ['IP/USDT:USDT', 'NES/USDT:USDT', 'WLD/USDT:USDT', 'XAG/USDT:USDT', 'XAU/USDT:USDT', 'XAUT/USDT:USDT']
2026-07-31 16:10:13,762 [INFO] [SCAN] 스캔 시작: 30개 페어 (캐시 36개 보유)
2026-07-31 16:10:18,706 [INFO] [상태] 잔고:$9.59 | 포지션:1개 | 스캔:1876회 | 스캐너:ON
2026-07-31 16:10:27,616 [INFO] [SCAN] 완료: 30개 종목 · 신호 0개 · API 호출 30회 · 캐시 히트 0회
2026-07-31 16:10:42,898 [INFO] [SCAN] 블랙리스트 4개 제외: ['IP/USDT:USDT', 'NES/USDT:USDT', 'WLD/USDT:USDT', 'XAG/USDT:USDT', 'XAU/USDT:USDT', 'XAUT/USDT:USDT']
2026-07-31 16:10:42,899 [INFO] [SCAN] 스캔 시작: 30개 페어 (캐시 36개 보유)
2026-07-31 16:10:56,100 [INFO] [SCAN] 완료: 30개 종목 · 신호 0개 · API 호출 30회 · 캐시 히트 0회
2026-07-31 16:11:12,365 [INFO] [SCAN] 블랙리스트 4개 제외: ['IP/USDT:USDT', 'NES/USDT:USDT', 'WLD/USDT:USDT', 'XAG/USDT:USDT', 'XAU/USDT:USDT', 'XAUT/USDT:USDT']
2026-07-31 16:11:12,366 [INFO] [SCAN] 스캔 시작: 30개 페어 (캐시 36개 보유)
2026-07-31 16:11:19,155 [INFO] [상태] 잔고:$9.59 | 포지션:1개 | 스캔:1878회 | 스캐너:ON
2026-07-31 16:11:25,986 [INFO] [SCAN] 완료: 30개 종목 · 신호 0개 · API 호출 30회 · 캐시 히트 0회
2026-07-31 16:11:41,280 [INFO] [SCAN] 블랙리스트 4개 제외: ['IP/USDT:USDT', 'NES/USDT:USDT', 'WLD/USDT:USDT', 'XAG/USDT:USDT', 'XAU/USDT:USDT', 'XAUT/USDT:USDT']
2026-07-31 16:11:41,280 [INFO] [SCAN] 스캔 시작: 30개 페어 (캐시 36개 보유)
2026-07-31 16:11:54,888 [INFO] [SCAN] 완료: 30개 종목 · 신호 0개 · API 호출 30회 · 캐시 히트 0회
2026-07-31 16:12:10,165 [INFO] [SCAN] 블랙리스트 4개 제외: ['IP/USDT:USDT', 'NES/USDT:USDT', 'WLD/USDT:USDT', 'XAG/USDT:USDT', 'XAU/USDT:USDT', 'XAUT/USDT:USDT']
2026-07-31 16:12:10,165 [INFO] [SCAN] 스캔 시작: 30개 페어 (캐시 36개 보유)
2026-07-31 16:12:19,703 [INFO] [상태] 잔고:$9.59 | 포지션:1개 | 스캔:1880회 | 스캐너:ON
2026-07-31 16:12:23,783 [INFO] [SCAN] 완료: 30개 종목 · 신호 0개 · API 호출 30회 · 캐시 히트 0회
2026-07-31 16:12:40,094 [INFO] [SCAN] 블랙리스트 4개 제외: ['IP/USDT:USDT', 'NES/USDT:USDT', 'WLD/USDT:USDT', 'XAG/USDT:USDT', 'XAU/USDT:USDT', 'XAUT/USDT:USDT']
2026-07-31 16:12:40,094 [INFO] [SCAN] 스캔 시작: 30개 페어 (캐시 36개 보유)
2026-07-31 16:12:53,284 [INFO] [SCAN] 완료: 30개 종목 · 신호 0개 · API 호출 30회 · 캐시 히트 0회
2026-07-31 16:13:08,555 [INFO] [SCAN] 블랙리스트 4개 제외: ['IP/USDT:USDT', 'NES/USDT:USDT', 'WLD/USDT:USDT', 'XAG/USDT:USDT', 'XAU/USDT:USDT', 'XAUT/USDT:USDT']
2026-07-31 16:13:08,556 [INFO] [SCAN] 스캔 시작: 30개 페어 (캐시 36개 보유)
2026-07-31 16:13:20,149 [INFO] [상태] 잔고:$9.59 | 포지션:1개 | 스캔:1882회 | 스캐너:ON
2026-07-31 16:13:22,030 [INFO] [SCAN] 완료: 30개 종목 · 신호 0개 · API 호출 30회 · 캐시 히트 0회
2026-07-31 16:13:37,295 [INFO] [SCAN] 블랙리스트 4개 제외: ['IP/USDT:USDT', 'NES/USDT:USDT', 'WLD/USDT:USDT', 'XAG/USDT:USDT', 'XAU/USDT:USDT', 'XAUT/USDT:USDT']
2026-07-31 16:13:37,296 [INFO] [SCAN] 스캔 시작: 30개 페어 (캐시 36개 보유)
2026-07-31 16:13:50,778 [INFO] [SCAN] 완료: 30개 종목 · 신호 0개 · API 호출 30회 · 캐시 히트 0회
2026-07-31 16:14:07,107 [INFO] [SCAN] 블랙리스트 4개 제외: ['IP/USDT:USDT', 'NES/USDT:USDT', 'WLD/USDT:USDT', 'XAG/USDT:USDT', 'XAU/USDT:USDT', 'XAUT/USDT:USDT']
2026-07-31 16:14:07,107 [INFO] [SCAN] 스캔 시작: 30개 페어 (캐시 36개 보유)
2026-07-31 16:14:20,626 [INFO] [SCAN] 완료: 30개 종목 · 신호 0개 · API 호출 30회 · 캐시 히트 0회
2026-07-31 16:14:20,724 [INFO] [상태] 잔고:$9.58 | 포지션:1개 | 스캔:1885회 | 스캐너:ON
2026-07-31 16:14:36,066 [INFO] [SCAN] 블랙리스트 4개 제외: ['IP/USDT:USDT', 'NES/USDT:USDT', 'WLD/USDT:USDT', 'XAG/USDT:USDT', 'XAU/USDT:USDT', 'XAUT/USDT:USDT']
2026-07-31 16:14:36,067 [INFO] [SCAN] 스캔 시작: 30개 페어 (캐시 36개 보유)
2026-07-31 16:14:49,629 [INFO] [SCAN] 완료: 30개 종목 · 신호 0개 · API 호출 30회 · 캐시 히트 0회
2026-07-31 16:15:04,994 [INFO] [SCAN] 블랙리스트 4개 제외: ['IP/USDT:USDT', 'NES/USDT:USDT', 'WLD/USDT:USDT', 'XAG/USDT:USDT', 'XAU/USDT:USDT', 'XAUT/USDT:USDT']
2026-07-31 16:15:04,994 [INFO] [SCAN] 스캔 시작: 30개 페어 (캐시 36개 보유)
2026-07-31 16:15:18,187 [INFO] [SCAN] 완료: 30개 종목 · 신호 0개 · API 호출 30회 · 캐시 히트 0회
2026-07-31 16:15:21,218 [INFO] [상태] 잔고:$9.58 | 포지션:1개 | 스캔:1887회 | 스캐너:ON
2026-07-31 16:15:34,566 [INFO] [SCAN] 블랙리스트 4개 제외: ['IP/USDT:USDT', 'NES/USDT:USDT', 'WLD/USDT:USDT', 'XAG/USDT:USDT', 'XAU/USDT:USDT', 'XAUT/USDT:USDT']
2026-07-31 16:15:34,567 [INFO] [SCAN] 스캔 시작: 30개 페어 (캐시 36개 보유)
2026-07-31 16:15:47,724 [INFO] [SCAN] 완료: 30개 종목 · 신호 0개 · API 호출 30회 · 캐시 히트 0회
2026-07-31 16:16:03,020 [INFO] [SCAN] 블랙리스트 4개 제외: ['IP/USDT:USDT', 'NES/USDT:USDT', 'WLD/USDT:USDT', 'XAG/USDT:USDT', 'XAU/USDT:USDT', 'XAUT/USDT:USDT']
2026-07-31 16:16:03,020 [INFO] [SCAN] 스캔 시작: 30개 페어 (캐시 36개 보유)
2026-07-31 16:16:16,615 [INFO] [SCAN] 완료: 30개 종목 · 신호 0개 · API 호출 30회 · 캐시 히트 0회
2026-07-31 16:16:21,666 [INFO] [상태] 잔고:$9.58 | 포지션:1개 | 스캔:1889회 | 스캐너:ON
2026-07-31 16:16:31,997 [INFO] [SCAN] 블랙리스트 4개 제외: ['IP/USDT:USDT', 'NES/USDT:USDT', 'WLD/USDT:USDT', 'XAG/USDT:USDT', 'XAU/USDT:USDT', 'XAUT/USDT:USDT']
2026-07-31 16:16:31,997 [INFO] [SCAN] 스캔 시작: 30개 페어 (캐시 36개 보유)
2026-07-31 16:16:45,402 [INFO] [SCAN] 완료: 30개 종목 · 신호 0개 · API 호출 30회 · 캐시 히트 0회
2026-07-31 16:17:01,760 [INFO] [SCAN] 블랙리스트 4개 제외: ['IP/USDT:USDT', 'NES/USDT:USDT', 'WLD/USDT:USDT', 'XAG/USDT:USDT', 'XAU/USDT:USDT', 'XAUT/USDT:USDT']
2026-07-31 16:17:01,761 [INFO] [SCAN] 스캔 시작: 30개 페어 (캐시 36개 보유)
2026-07-31 16:17:15,212 [INFO] [SCAN] 완료: 30개 종목 · 신호 0개 · API 호출 30회 · 캐시 히트 0회
2026-07-31 16:17:22,158 [INFO] [상태] 잔고:$9.58 | 포지션:1개 | 스캔:1891회 | 스캐너:ON
2026-07-31 16:17:30,719 [INFO] [SCAN] 블랙리스트 4개 제외: ['IP/USDT:USDT', 'NES/USDT:USDT', 'WLD/USDT:USDT', 'XAG/USDT:USDT', 'XAU/USDT:USDT', 'XAUT/USDT:USDT']
2026-07-31 16:17:30,719 [INFO] [SCAN] 스캔 시작: 30개 페어 (캐시 36개 보유)
2026-07-31 16:17:44,125 [INFO] [SCAN] 완료: 30개 종목 · 신호 0개 · API 호출 30회 · 캐시 히트 0회
2026-07-31 16:17:59,407 [INFO] [SCAN] 블랙리스트 4개 제외: ['IP/USDT:USDT', 'NES/USDT:USDT', 'WLD/USDT:USDT', 'XAG/USDT:USDT', 'XAU/USDT:USDT', 'XAUT/USDT:USDT']
2026-07-31 16:17:59,408 [INFO] [SCAN] 스캔 시작: 30개 페어 (캐시 36개 보유)
2026-07-31 16:18:12,806 [INFO] [SCAN] 완료: 30개 종목 · 신호 0개 · API 호출 30회 · 캐시 히트 0회
2026-07-31 16:18:22,662 [INFO] [상태] 잔고:$9.58 | 포지션:1개 | 스캔:1893회 | 스캐너:ON
2026-07-31 16:18:29,124 [INFO] [SCAN] 블랙리스트 4개 제외: ['IP/USDT:USDT', 'NES/USDT:USDT', 'WLD/USDT:USDT', 'XAG/USDT:USDT', 'XAU/USDT:USDT', 'XAUT/USDT:USDT']
2026-07-31 16:18:29,124 [INFO] [SCAN] 스캔 시작: 30개 페어 (캐시 36개 보유)
2026-07-31 16:18:42,442 [INFO] [SCAN] 완료: 30개 종목 · 신호 0개 · API 호출 30회 · 캐시 히트 0회
2026-07-31 16:18:57,713 [INFO] [SCAN] 블랙리스트 4개 제외: ['IP/USDT:USDT', 'NES/USDT:USDT', 'WLD/USDT:USDT', 'XAG/USDT:USDT', 'XAU/USDT:USDT', 'XAUT/USDT:USDT']
2026-07-31 16:18:57,713 [INFO] [SCAN] 스캔 시작: 30개 페어 (캐시 36개 보유)
2026-07-31 16:19:11,025 [INFO] [SCAN] 완료: 30개 종목 · 신호 0개 · API 호출 30회 · 캐시 히트 0회
2026-07-31 16:19:23,134 [INFO] [상태] 잔고:$9.58 | 포지션:1개 | 스캔:1895회 | 스캐너:ON
2026-07-31 16:19:26,439 [INFO] [SCAN] 블랙리스트 4개 제외: ['IP/USDT:USDT', 'NES/USDT:USDT', 'WLD/USDT:USDT', 'XAG/USDT:USDT', 'XAU/USDT:USDT', 'XAUT/USDT:USDT']
2026-07-31 16:19:26,439 [INFO] [SCAN] 스캔 시작: 30개 페어 (캐시 36개 보유)
2026-07-31 16:19:39,621 [INFO] [SCAN] 완료: 30개 종목 · 신호 0개 · API 호출 30회 · 캐시 히트 0회
2026-07-31 16:19:56,051 [INFO] [SCAN] 블랙리스트 4개 제외: ['IP/USDT:USDT', 'NES/USDT:USDT', 'WLD/USDT:USDT', 'XAG/USDT:USDT', 'XAU/USDT:USDT', 'XAUT/USDT:USDT']
2026-07-31 16:19:56,051 [INFO] [SCAN] 스캔 시작: 30개 페어 (캐시 36개 보유)
2026-07-31 16:20:09,326 [INFO] [SCAN] 완료: 30개 종목 · 신호 0개 · API 호출 30회 · 캐시 히트 0회
2026-07-31 16:20:23,590 [INFO] [상태] 잔고:$9.58 | 포지션:1개 | 스캔:1897회 | 스캐너:ON
2026-07-31 16:20:24,707 [INFO] [SCAN] 블랙리스트 4개 제외: ['IP/USDT:USDT', 'NES/USDT:USDT', 'WLD/USDT:USDT', 'XAG/USDT:USDT', 'XAU/USDT:USDT', 'XAUT/USDT:USDT']
2026-07-31 16:20:24,707 [INFO] [SCAN] 스캔 시작: 30개 페어 (캐시 36개 보유)
2026-07-31 16:20:38,033 [INFO] [SCAN] 완료: 30개 종목 · 신호 0개 · API 호출 30회 · 캐시 히트 0회
2026-07-31 16:20:53,309 [INFO] [SCAN] 블랙리스트 4개 제외: ['IP/USDT:USDT', 'NES/USDT:USDT', 'WLD/USDT:USDT', 'XAG/USDT:USDT', 'XAU/USDT:USDT', 'XAUT/USDT:USDT']
2026-07-31 16:20:53,309 [INFO] [SCAN] 스캔 시작: 30개 페어 (캐시 36개 보유)
2026-07-31 16:21:06,723 [INFO] [SCAN] 완료: 30개 종목 · 신호 0개 · API 호출 30회 · 캐시 히트 0회
2026-07-31 16:21:23,034 [INFO] [SCAN] 블랙리스트 4개 제외: ['IP/USDT:USDT', 'NES/USDT:USDT', 'WLD/USDT:USDT', 'XAG/USDT:USDT', 'XAU/USDT:USDT', 'XAUT/USDT:USDT']
2026-07-31 16:21:23,034 [INFO] [SCAN] 스캔 시작: 30개 페어 (캐시 36개 보유)
2026-07-31 16:21:24,103 [INFO] [상태] 잔고:$9.57 | 포지션:1개 | 스캔:1899회 | 스캐너:ON
2026-07-31 16:21:36,851 [INFO] [SCAN] 완료: 30개 종목 · 신호 0개 · API 호출 30회 · 캐시 히트 0회
2026-07-31 16:21:52,130 [INFO] [SCAN] 블랙리스트 4개 제외: ['IP/USDT:USDT', 'NES/USDT:USDT', 'WLD/USDT:USDT', 'XAG/USDT:USDT', 'XAU/USDT:USDT', 'XAUT/USDT:USDT']
2026-07-31 16:21:52,130 [INFO] [SCAN] 스캔 시작: 30개 페어 (캐시 36개 보유)
2026-07-31 16:22:05,808 [INFO] [SCAN] 완료: 30개 종목 · 신호 0개 · API 호출 30회 · 캐시 히트 0회
2026-07-31 16:22:21,086 [INFO] [SCAN] 블랙리스트 4개 제외: ['IP/USDT:USDT', 'NES/USDT:USDT', 'WLD/USDT:USDT', 'XAG/USDT:USDT', 'XAU/USDT:USDT', 'XAUT/USDT:USDT']
2026-07-31 16:22:21,087 [INFO] [SCAN] 스캔 시작: 30개 페어 (캐시 36개 보유)
2026-07-31 16:22:24,643 [INFO] [상태] 잔고:$9.57 | 포지션:1개 | 스캔:1901회 | 스캐너:ON
2026-07-31 16:22:34,753 [INFO] [SCAN] 완료: 30개 종목 · 신호 0개 · API 호출 30회 · 캐시 히트 0회
2026-07-31 16:22:51,042 [INFO] [SCAN] 블랙리스트 4개 제외: ['IP/USDT:USDT', 'NES/USDT:USDT', 'WLD/USDT:USDT', 'XAG/USDT:USDT', 'XAU/USDT:USDT', 'XAUT/USDT:USDT']
2026-07-31 16:22:51,042 [INFO] [SCAN] 스캔 시작: 30개 페어 (캐시 36개 보유)
2026-07-31 16:23:04,322 [INFO] [SCAN] 완료: 30개 종목 · 신호 0개 · API 호출 30회 · 캐시 히트 0회
2026-07-31 16:23:19,592 [INFO] [SCAN] 블랙리스트 4개 제외: ['IP/USDT:USDT', 'NES/USDT:USDT', 'WLD/USDT:USDT', 'XAG/USDT:USDT', 'XAU/USDT:USDT', 'XAUT/USDT:USDT']
2026-07-31 16:23:19,593 [INFO] [SCAN] 스캔 시작: 30개 페어 (캐시 36개 보유)
2026-07-31 16:23:25,087 [INFO] [상태] 잔고:$9.57 | 포지션:1개 | 스캔:1903회 | 스캐너:ON
2026-07-31 16:23:33,060 [INFO] [SCAN] 완료: 30개 종목 · 신호 0개 · API 호출 30회 · 캐시 히트 0회
2026-07-31 16:23:48,371 [INFO] [SCAN] 블랙리스트 4개 제외: ['IP/USDT:USDT', 'NES/USDT:USDT', 'WLD/USDT:USDT', 'XAG/USDT:USDT', 'XAU/USDT:USDT', 'XAUT/USDT:USDT']
2026-07-31 16:23:48,371 [INFO] [SCAN] 스캔 시작: 30개 페어 (캐시 36개 보유)
2026-07-31 16:24:01,918 [INFO] [SCAN] 완료: 30개 종목 · 신호 0개 · API 호출 30회 · 캐시 히트 0회
2026-07-31 16:24:18,253 [INFO] [SCAN] 블랙리스트 4개 제외: ['IP/USDT:USDT', 'NES/USDT:USDT', 'WLD/USDT:USDT', 'XAG/USDT:USDT', 'XAU/USDT:USDT', 'XAUT/USDT:USDT']
2026-07-31 16:24:18,254 [INFO] [SCAN] 스캔 시작: 30개 페어 (캐시 36개 보유)
2026-07-31 16:24:25,586 [INFO] [상태] 잔고:$9.56 | 포지션:1개 | 스캔:1905회 | 스캐너:ON
2026-07-31 16:24:32,125 [INFO] [SCAN] 완료: 30개 종목 · 신호 0개 · API 호출 30회 · 캐시 히트 0회
2026-07-31 16:24:47,392 [INFO] [SCAN] 블랙리스트 4개 제외: ['IP/USDT:USDT', 'NES/USDT:USDT', 'WLD/USDT:USDT', 'XAG/USDT:USDT', 'XAU/USDT:USDT', 'XAUT/USDT:USDT']
2026-07-31 16:24:47,392 [INFO] [SCAN] 스캔 시작: 30개 페어 (캐시 36개 보유)
2026-07-31 16:25:01,221 [INFO] [SCAN] 완료: 30개 종목 · 신호 0개 · API 호출 30회 · 캐시 히트 0회
2026-07-31 16:25:16,567 [INFO] [SCAN] 블랙리스트 4개 제외: ['IP/USDT:USDT', 'NES/USDT:USDT', 'WLD/USDT:USDT', 'XAG/USDT:USDT', 'XAU/USDT:USDT', 'XAUT/USDT:USDT']
2026-07-31 16:25:16,567 [INFO] [SCAN] 스캔 시작: 30개 페어 (캐시 36개 보유)
2026-07-31 16:25:26,086 [INFO] [상태] 잔고:$9.56 | 포지션:1개 | 스캔:1907회 | 스캐너:ON
2026-07-31 16:25:30,454 [INFO] [SCAN] 완료: 30개 종목 · 신호 0개 · API 호출 30회 · 캐시 히트 0회
2026-07-31 16:25:46,836 [INFO] [SCAN] 블랙리스트 4개 제외: ['IP/USDT:USDT', 'NES/USDT:USDT', 'WLD/USDT:USDT', 'XAG/USDT:USDT', 'XAU/USDT:USDT', 'XAUT/USDT:USDT']
2026-07-31 16:25:46,837 [INFO] [SCAN] 스캔 시작: 30개 페어 (캐시 36개 보유)
2026-07-31 16:26:00,083 [INFO] [SCAN] 완료: 30개 종목 · 신호 0개 · API 호출 30회 · 캐시 히트 0회
2026-07-31 16:26:15,420 [INFO] [SCAN] 블랙리스트 4개 제외: ['IP/USDT:USDT', 'NES/USDT:USDT', 'WLD/USDT:USDT', 'XAG/USDT:USDT', 'XAU/USDT:USDT', 'XAUT/USDT:USDT']
2026-07-31 16:26:15,421 [INFO] [SCAN] 스캔 시작: 30개 페어 (캐시 36개 보유)
2026-07-31 16:26:26,536 [INFO] [상태] 잔고:$9.57 | 포지션:1개 | 스캔:1909회 | 스캐너:ON
2026-07-31 16:26:28,801 [INFO] [SCAN] 완료: 30개 종목 · 신호 0개 · API 호출 30회 · 캐시 히트 0회
2026-07-31 16:26:44,077 [INFO] [SCAN] 블랙리스트 4개 제외: ['IP/USDT:USDT', 'NES/USDT:USDT', 'WLD/USDT:USDT', 'XAG/USDT:USDT', 'XAU/USDT:USDT', 'XAUT/USDT:USDT']
2026-07-31 16:26:44,079 [INFO] [SCAN] 스캔 시작: 30개 페어 (캐시 36개 보유)
2026-07-31 16:26:57,264 [INFO] [SCAN] 완료: 30개 종목 · 신호 0개 · API 호출 30회 · 캐시 히트 0회
2026-07-31 16:27:13,620 [INFO] [SCAN] 블랙리스트 4개 제외: ['IP/USDT:USDT', 'NES/USDT:USDT', 'WLD/USDT:USDT', 'XAG/USDT:USDT', 'XAU/USDT:USDT', 'XAUT/USDT:USDT']
2026-07-31 16:27:13,621 [INFO] [SCAN] 스캔 시작: 30개 페어 (캐시 36개 보유)
2026-07-31 16:27:26,823 [INFO] [SCAN] 완료: 30개 종목 · 신호 0개 · API 호출 30회 · 캐시 히트 0회
2026-07-31 16:27:26,970 [INFO] [상태] 잔고:$9.57 | 포지션:1개 | 스캔:1912회 | 스캐너:ON
2026-07-31 16:27:42,260 [INFO] [SCAN] 블랙리스트 4개 제외: ['IP/USDT:USDT', 'NES/USDT:USDT', 'WLD/USDT:USDT', 'XAG/USDT:USDT', 'XAU/USDT:USDT', 'XAUT/USDT:USDT']
2026-07-31 16:27:42,261 [INFO] [SCAN] 스캔 시작: 30개 페어 (캐시 36개 보유)
2026-07-31 16:27:55,544 [INFO] [SCAN] 완료: 30개 종목 · 신호 0개 · API 호출 30회 · 캐시 히트 0회
2026-07-31 16:28:10,857 [INFO] [SCAN] 블랙리스트 4개 제외: ['IP/USDT:USDT', 'NES/USDT:USDT', 'WLD/USDT:USDT', 'XAG/USDT:USDT', 'XAU/USDT:USDT', 'XAUT/USDT:USDT']
2026-07-31 16:28:10,858 [INFO] [SCAN] 스캔 시작: 30개 페어 (캐시 36개 보유)
2026-07-31 16:28:24,381 [INFO] [SCAN] 완료: 30개 종목 · 신호 0개 · API 호출 30회 · 캐시 히트 0회
2026-07-31 16:28:27,508 [INFO] [상태] 잔고:$9.56 | 포지션:1개 | 스캔:1914회 | 스캐너:ON
2026-07-31 16:28:40,821 [INFO] [SCAN] 블랙리스트 4개 제외: ['IP/USDT:USDT', 'NES/USDT:USDT', 'WLD/USDT:USDT', 'XAG/USDT:USDT', 'XAU/USDT:USDT', 'XAUT/USDT:USDT']
2026-07-31 16:28:40,821 [INFO] [SCAN] 스캔 시작: 30개 페어 (캐시 36개 보유)
2026-07-31 16:28:54,089 [INFO] [SCAN] 완료: 30개 종목 · 신호 0개 · API 호출 30회 · 캐시 히트 0회
2026-07-31 16:29:09,330 [INFO] [SCAN] 블랙리스트 4개 제외: ['IP/USDT:USDT', 'NES/USDT:USDT', 'WLD/USDT:USDT', 'XAG/USDT:USDT', 'XAU/USDT:USDT', 'XAUT/USDT:USDT']
2026-07-31 16:29:09,331 [INFO] [SCAN] 스캔 시작: 30개 페어 (캐시 36개 보유)
2026-07-31 16:29:22,575 [INFO] [SCAN] 완료: 30개 종목 · 신호 0개 · API 호출 30회 · 캐시 히트 0회
2026-07-31 16:29:27,953 [INFO] [상태] 잔고:$9.56 | 포지션:1개 | 스캔:1916회 | 스캐너:ON
2026-07-31 16:29:37,964 [INFO] [SCAN] 블랙리스트 4개 제외: ['IP/USDT:USDT', 'NES/USDT:USDT', 'WLD/USDT:USDT', 'XAG/USDT:USDT', 'XAU/USDT:USDT', 'XAUT/USDT:USDT']
2026-07-31 16:29:37,964 [INFO] [SCAN] 스캔 시작: 30개 페어 (캐시 36개 보유)
2026-07-31 16:29:51,231 [INFO] [SCAN] 완료: 30개 종목 · 신호 0개 · API 호출 30회 · 캐시 히트 0회
2026-07-31 16:30:07,516 [INFO] [SCAN] 블랙리스트 4개 제외: ['IP/USDT:USDT', 'NES/USDT:USDT', 'WLD/USDT:USDT', 'XAG/USDT:USDT', 'XAU/USDT:USDT', 'XAUT/USDT:USDT']
2026-07-31 16:30:07,516 [INFO] [SCAN] 스캔 시작: 30개 페어 (캐시 36개 보유)
2026-07-31 16:30:20,911 [INFO] [SCAN] 완료: 30개 종목 · 신호 0개 · API 호출 30회 · 캐시 히트 0회
2026-07-31 16:30:28,418 [INFO] [상태] 잔고:$9.56 | 포지션:1개 | 스캔:1918회 | 스캐너:ON
2026-07-31 16:30:36,326 [INFO] [SCAN] 블랙리스트 4개 제외: ['IP/USDT:USDT', 'NES/USDT:USDT', 'WLD/USDT:USDT', 'XAG/USDT:USDT', 'XAU/USDT:USDT', 'XAUT/USDT:USDT']
2026-07-31 16:30:36,326 [INFO] [SCAN] 스캔 시작: 30개 페어 (캐시 36개 보유)
2026-07-31 16:30:49,547 [INFO] [SCAN] 완료: 30개 종목 · 신호 0개 · API 호출 30회 · 캐시 히트 0회
2026-07-31 16:31:04,873 [INFO] [SCAN] 블랙리스트 4개 제외: ['IP/USDT:USDT', 'NES/USDT:USDT', 'WLD/USDT:USDT', 'XAG/USDT:USDT', 'XAU/USDT:USDT', 'XAUT/USDT:USDT']
2026-07-31 16:31:04,873 [INFO] [SCAN] 스캔 시작: 30개 페어 (캐시 36개 보유)
2026-07-31 16:31:18,193 [INFO] [SCAN] 완료: 30개 종목 · 신호 0개 · API 호출 30회 · 캐시 히트 0회
2026-07-31 16:31:28,922 [INFO] [상태] 잔고:$9.56 | 포지션:1개 | 스캔:1920회 | 스캐너:ON
2026-07-31 16:31:34,565 [INFO] [SCAN] 블랙리스트 4개 제외: ['IP/USDT:USDT', 'NES/USDT:USDT', 'WLD/USDT:USDT', 'XAG/USDT:USDT', 'XAU/USDT:USDT', 'XAUT/USDT:USDT']
2026-07-31 16:31:34,565 [INFO] [SCAN] 스캔 시작: 30개 페어 (캐시 36개 보유)
2026-07-31 16:31:47,931 [INFO] [SCAN] 완료: 30개 종목 · 신호 0개 · API 호출 30회 · 캐시 히트 0회
2026-07-31 16:32:03,241 [INFO] [SCAN] 블랙리스트 4개 제외: ['IP/USDT:USDT', 'NES/USDT:USDT', 'WLD/USDT:USDT', 'XAG/USDT:USDT', 'XAU/USDT:USDT', 'XAUT/USDT:USDT']
2026-07-31 16:32:03,241 [INFO] [SCAN] 스캔 시작: 30개 페어 (캐시 36개 보유)
2026-07-31 16:32:16,683 [INFO] [SCAN] 완료: 30개 종목 · 신호 0개 · API 호출 30회 · 캐시 히트 0회
2026-07-31 16:32:29,423 [INFO] [상태] 잔고:$9.56 | 포지션:1개 | 스캔:1922회 | 스캐너:ON
2026-07-31 16:32:32,053 [INFO] [SCAN] 블랙리스트 4개 제외: ['IP/USDT:USDT', 'NES/USDT:USDT', 'WLD/USDT:USDT', 'XAG/USDT:USDT', 'XAU/USDT:USDT', 'XAUT/USDT:USDT']
2026-07-31 16:32:32,053 [INFO] [SCAN] 스캔 시작: 30개 페어 (캐시 36개 보유)
2026-07-31 16:32:45,613 [INFO] [SCAN] 완료: 30개 종목 · 신호 0개 · API 호출 30회 · 캐시 히트 0회
2026-07-31 16:33:01,907 [INFO] [SCAN] 블랙리스트 4개 제외: ['IP/USDT:USDT', 'NES/USDT:USDT', 'WLD/USDT:USDT', 'XAG/USDT:USDT', 'XAU/USDT:USDT', 'XAUT/USDT:USDT']
2026-07-31 16:33:01,907 [INFO] [SCAN] 스캔 시작: 30개 페어 (캐시 36개 보유)
2026-07-31 16:33:15,478 [INFO] [SCAN] 완료: 30개 종목 · 신호 0개 · API 호출 30회 · 캐시 히트 0회
2026-07-31 16:33:29,928 [INFO] [상태] 잔고:$9.56 | 포지션:1개 | 스캔:1924회 | 스캐너:ON
2026-07-31 16:33:30,864 [INFO] [SCAN] 블랙리스트 4개 제외: ['IP/USDT:USDT', 'NES/USDT:USDT', 'WLD/USDT:USDT', 'XAG/USDT:USDT', 'XAU/USDT:USDT', 'XAUT/USDT:USDT']
2026-07-31 16:33:30,864 [INFO] [SCAN] 스캔 시작: 30개 페어 (캐시 36개 보유)
2026-07-31 16:33:44,576 [INFO] [SCAN] 완료: 30개 종목 · 신호 0개 · API 호출 30회 · 캐시 히트 0회
2026-07-31 16:33:59,843 [INFO] [SCAN] 블랙리스트 4개 제외: ['IP/USDT:USDT', 'NES/USDT:USDT', 'WLD/USDT:USDT', 'XAG/USDT:USDT', 'XAU/USDT:USDT', 'XAUT/USDT:USDT']
2026-07-31 16:33:59,844 [INFO] [SCAN] 스캔 시작: 30개 페어 (캐시 36개 보유)
2026-07-31 16:34:13,168 [INFO] [SCAN] 완료: 30개 종목 · 신호 0개 · API 호출 30회 · 캐시 히트 0회
2026-07-31 16:34:29,470 [INFO] [SCAN] 블랙리스트 4개 제외: ['IP/USDT:USDT', 'NES/USDT:USDT', 'WLD/USDT:USDT', 'XAG/USDT:USDT', 'XAU/USDT:USDT', 'XAUT/USDT:USDT']
2026-07-31 16:34:29,471 [INFO] [SCAN] 스캔 시작: 30개 페어 (캐시 36개 보유)
2026-07-31 16:34:30,483 [INFO] [상태] 잔고:$9.57 | 포지션:1개 | 스캔:1926회 | 스캐너:ON
2026-07-31 16:34:43,223 [INFO] [SCAN] 완료: 30개 종목 · 신호 0개 · API 호출 30회 · 캐시 히트 0회
2026-07-31 16:34:58,502 [INFO] [SCAN] 블랙리스트 4개 제외: ['IP/USDT:USDT', 'NES/USDT:USDT', 'WLD/USDT:USDT', 'XAG/USDT:USDT', 'XAU/USDT:USDT', 'XAUT/USDT:USDT']
2026-07-31 16:34:58,502 [INFO] [SCAN] 스캔 시작: 30개 페어 (캐시 36개 보유)
2026-07-31 16:35:12,224 [INFO] [SCAN] 완료: 30개 종목 · 신호 0개 · API 호출 30회 · 캐시 히트 0회
2026-07-31 16:35:27,529 [INFO] [SCAN] 블랙리스트 4개 제외: ['IP/USDT:USDT', 'NES/USDT:USDT', 'WLD/USDT:USDT', 'XAG/USDT:USDT', 'XAU/USDT:USDT', 'XAUT/USDT:USDT']
2026-07-31 16:35:27,530 [INFO] [SCAN] 스캔 시작: 30개 페어 (캐시 36개 보유)
2026-07-31 16:35:30,934 [INFO] [상태] 잔고:$9.56 | 포지션:1개 | 스캔:1928회 | 스캐너:ON
2026-07-31 16:35:41,278 [INFO] [SCAN] 완료: 30개 종목 · 신호 0개 · API 호출 30회 · 캐시 히트 0회
2026-07-31 16:35:57,579 [INFO] [SCAN] 블랙리스트 4개 제외: ['IP/USDT:USDT', 'NES/USDT:USDT', 'WLD/USDT:USDT', 'XAG/USDT:USDT', 'XAU/USDT:USDT', 'XAUT/USDT:USDT']
2026-07-31 16:35:57,581 [INFO] [SCAN] 스캔 시작: 30개 페어 (캐시 36개 보유)
2026-07-31 16:36:10,798 [INFO] [SCAN] 완료: 30개 종목 · 신호 0개 · API 호출 30회 · 캐시 히트 0회
2026-07-31 16:36:26,079 [INFO] [SCAN] 블랙리스트 4개 제외: ['IP/USDT:USDT', 'NES/USDT:USDT', 'WLD/USDT:USDT', 'XAG/USDT:USDT', 'XAU/USDT:USDT', 'XAUT/USDT:USDT']
2026-07-31 16:36:26,079 [INFO] [SCAN] 스캔 시작: 30개 페어 (캐시 36개 보유)
2026-07-31 16:36:31,499 [INFO] [상태] 잔고:$9.56 | 포지션:1개 | 스캔:1930회 | 스캐너:ON
2026-07-31 16:36:39,528 [INFO] [SCAN] 완료: 30개 종목 · 신호 0개 · API 호출 30회 · 캐시 히트 0회
2026-07-31 16:36:54,810 [INFO] [SCAN] 블랙리스트 4개 제외: ['IP/USDT:USDT', 'NES/USDT:USDT', 'WLD/USDT:USDT', 'XAG/USDT:USDT', 'XAU/USDT:USDT', 'XAUT/USDT:USDT']
2026-07-31 16:36:54,811 [INFO] [SCAN] 스캔 시작: 30개 페어 (캐시 36개 보유)
2026-07-31 16:37:08,181 [INFO] [SCAN] 완료: 30개 종목 · 신호 0개 · API 호출 30회 · 캐시 히트 0회
2026-07-31 16:37:24,653 [INFO] [SCAN] 블랙리스트 4개 제외: ['IP/USDT:USDT', 'NES/USDT:USDT', 'WLD/USDT:USDT', 'XAG/USDT:USDT', 'XAU/USDT:USDT', 'XAUT/USDT:USDT']
2026-07-31 16:37:24,653 [INFO] [SCAN] 스캔 시작: 30개 페어 (캐시 36개 보유)
2026-07-31 16:37:31,935 [INFO] [상태] 잔고:$9.56 | 포지션:1개 | 스캔:1932회 | 스캐너:ON
2026-07-31 16:37:38,425 [INFO] [SCAN] 완료: 30개 종목 · 신호 0개 · API 호출 30회 · 캐시 히트 0회
2026-07-31 16:37:53,686 [INFO] [SCAN] 블랙리스트 4개 제외: ['IP/USDT:USDT', 'NES/USDT:USDT', 'WLD/USDT:USDT', 'XAG/USDT:USDT', 'XAU/USDT:USDT', 'XAUT/USDT:USDT']
2026-07-31 16:37:53,686 [INFO] [SCAN] 스캔 시작: 30개 페어 (캐시 36개 보유)
2026-07-31 16:38:07,342 [INFO] [SCAN] 완료: 30개 종목 · 신호 0개 · API 호출 30회 · 캐시 히트 0회
2026-07-31 16:38:22,611 [INFO] [SCAN] 블랙리스트 4개 제외: ['IP/USDT:USDT', 'NES/USDT:USDT', 'WLD/USDT:USDT', 'XAG/USDT:USDT', 'XAU/USDT:USDT', 'XAUT/USDT:USDT']
2026-07-31 16:38:22,611 [INFO] [SCAN] 스캔 시작: 30개 페어 (캐시 36개 보유)
2026-07-31 16:38:32,420 [INFO] [상태] 잔고:$9.56 | 포지션:1개 | 스캔:1934회 | 스캐너:ON
2026-07-31 16:38:36,398 [INFO] [SCAN] 완료: 30개 종목 · 신호 0개 · API 호출 30회 · 캐시 히트 0회
2026-07-31 16:38:52,875 [INFO] [SCAN] 블랙리스트 4개 제외: ['IP/USDT:USDT', 'NES/USDT:USDT', 'WLD/USDT:USDT', 'XAG/USDT:USDT', 'XAU/USDT:USDT', 'XAUT/USDT:USDT']
2026-07-31 16:38:52,875 [INFO] [SCAN] 스캔 시작: 30개 페어 (캐시 36개 보유)
2026-07-31 16:39:06,329 [INFO] [SCAN] 완료: 30개 종목 · 신호 0개 · API 호출 30회 · 캐시 히트 0회
2026-07-31 16:39:21,638 [INFO] [SCAN] 블랙리스트 4개 제외: ['IP/USDT:USDT', 'NES/USDT:USDT', 'WLD/USDT:USDT', 'XAG/USDT:USDT', 'XAU/USDT:USDT', 'XAUT/USDT:USDT']
2026-07-31 16:39:21,640 [INFO] [SCAN] 스캔 시작: 30개 페어 (캐시 36개 보유)
2026-07-31 16:39:32,905 [INFO] [상태] 잔고:$9.57 | 포지션:1개 | 스캔:1936회 | 스캐너:ON
2026-07-31 16:39:35,238 [INFO] [SCAN] 완료: 30개 종목 · 신호 0개 · API 호출 30회 · 캐시 히트 0회
2026-07-31 16:39:50,515 [INFO] [SCAN] 블랙리스트 4개 제외: ['IP/USDT:USDT', 'NES/USDT:USDT', 'WLD/USDT:USDT', 'XAG/USDT:USDT', 'XAU/USDT:USDT', 'XAUT/USDT:USDT']
2026-07-31 16:39:50,515 [INFO] [SCAN] 스캔 시작: 30개 페어 (캐시 36개 보유)
2026-07-31 16:40:04,190 [INFO] [SCAN] 완료: 30개 종목 · 신호 0개 · API 호출 30회 · 캐시 히트 0회
2026-07-31 16:40:20,492 [INFO] [SCAN] 블랙리스트 4개 제외: ['IP/USDT:USDT', 'NES/USDT:USDT', 'WLD/USDT:USDT', 'XAG/USDT:USDT', 'XAU/USDT:USDT', 'XAUT/USDT:USDT']
2026-07-31 16:40:20,492 [INFO] [SCAN] 스캔 시작: 30개 페어 (캐시 36개 보유)
2026-07-31 16:40:33,468 [INFO] [상태] 잔고:$9.57 | 포지션:1개 | 스캔:1938회 | 스캐너:ON
2026-07-31 16:40:34,236 [INFO] [SCAN] 완료: 30개 종목 · 신호 0개 · API 호출 30회 · 캐시 히트 0회
2026-07-31 16:40:49,497 [INFO] [SCAN] 블랙리스트 4개 제외: ['IP/USDT:USDT', 'NES/USDT:USDT', 'WLD/USDT:USDT', 'XAG/USDT:USDT', 'XAU/USDT:USDT', 'XAUT/USDT:USDT']
2026-07-31 16:40:49,497 [INFO] [SCAN] 스캔 시작: 30개 페어 (캐시 36개 보유)
2026-07-31 16:41:02,984 [INFO] [SCAN] 완료: 30개 종목 · 신호 0개 · API 호출 30회 · 캐시 히트 0회
2026-07-31 16:41:18,301 [INFO] [SCAN] 블랙리스트 4개 제외: ['IP/USDT:USDT', 'NES/USDT:USDT', 'WLD/USDT:USDT', 'XAG/USDT:USDT', 'XAU/USDT:USDT', 'XAUT/USDT:USDT']
2026-07-31 16:41:18,302 [INFO] [SCAN] 스캔 시작: 30개 페어 (캐시 36개 보유)
2026-07-31 16:41:32,101 [INFO] [SCAN] 완료: 30개 종목 · 신호 0개 · API 호출 30회 · 캐시 히트 0회
2026-07-31 16:41:33,965 [INFO] [상태] 잔고:$9.57 | 포지션:1개 | 스캔:1941회 | 스캐너:ON
2026-07-31 16:41:48,546 [INFO] [SCAN] 블랙리스트 4개 제외: ['IP/USDT:USDT', 'NES/USDT:USDT', 'WLD/USDT:USDT', 'XAG/USDT:USDT', 'XAU/USDT:USDT', 'XAUT/USDT:USDT']
2026-07-31 16:41:48,547 [INFO] [SCAN] 스캔 시작: 30개 페어 (캐시 36개 보유)
2026-07-31 16:42:02,535 [INFO] [SCAN] 완료: 30개 종목 · 신호 0개 · API 호출 30회 · 캐시 히트 0회
2026-07-31 16:42:17,834 [INFO] [SCAN] 블랙리스트 4개 제외: ['IP/USDT:USDT', 'NES/USDT:USDT', 'WLD/USDT:USDT', 'XAG/USDT:USDT', 'XAU/USDT:USDT', 'XAUT/USDT:USDT']
2026-07-31 16:42:17,834 [INFO] [SCAN] 스캔 시작: 30개 페어 (캐시 36개 보유)
2026-07-31 16:42:31,278 [INFO] [SCAN] 완료: 30개 종목 · 신호 0개 · API 호출 30회 · 캐시 히트 0회
2026-07-31 16:42:34,409 [INFO] [상태] 잔고:$9.57 | 포지션:1개 | 스캔:1943회 | 스캐너:ON
2026-07-31 16:42:46,670 [INFO] [SCAN] 블랙리스트 4개 제외: ['IP/USDT:USDT', 'NES/USDT:USDT', 'WLD/USDT:USDT', 'XAG/USDT:USDT', 'XAU/USDT:USDT', 'XAUT/USDT:USDT']
2026-07-31 16:42:46,670 [INFO] [SCAN] 스캔 시작: 30개 페어 (캐시 36개 보유)
2026-07-31 16:42:59,996 [INFO] [SCAN] 완료: 30개 종목 · 신호 0개 · API 호출 30회 · 캐시 히트 0회
2026-07-31 16:43:16,317 [INFO] [SCAN] 블랙리스트 4개 제외: ['IP/USDT:USDT', 'NES/USDT:USDT', 'WLD/USDT:USDT', 'XAG/USDT:USDT', 'XAU/USDT:USDT', 'XAUT/USDT:USDT']
2026-07-31 16:43:16,317 [INFO] [SCAN] 스캔 시작: 30개 페어 (캐시 36개 보유)
2026-07-31 16:43:29,640 [INFO] [SCAN] 완료: 30개 종목 · 신호 0개 · API 호출 30회 · 캐시 히트 0회
2026-07-31 16:43:34,845 [INFO] [상태] 잔고:$9.57 | 포지션:1개 | 스캔:1945회 | 스캐너:ON
2026-07-31 16:43:45,018 [INFO] [SCAN] 블랙리스트 4개 제외: ['IP/USDT:USDT', 'NES/USDT:USDT', 'WLD/USDT:USDT', 'XAG/USDT:USDT', 'XAU/USDT:USDT', 'XAUT/USDT:USDT']
2026-07-31 16:43:45,019 [INFO] [SCAN] 스캔 시작: 30개 페어 (캐시 36개 보유)
2026-07-31 16:43:58,191 [INFO] [SCAN] 완료: 30개 종목 · 신호 0개 · API 호출 30회 · 캐시 히트 0회
2026-07-31 16:44:13,469 [INFO] [SCAN] 블랙리스트 4개 제외: ['IP/USDT:USDT', 'NES/USDT:USDT', 'WLD/USDT:USDT', 'XAG/USDT:USDT', 'XAU/USDT:USDT', 'XAUT/USDT:USDT']
2026-07-31 16:44:13,470 [INFO] [SCAN] 스캔 시작: 30개 페어 (캐시 36개 보유)
2026-07-31 16:44:26,898 [INFO] [SCAN] 완료: 30개 종목 · 신호 0개 · API 호출 30회 · 캐시 히트 0회
2026-07-31 16:44:35,393 [INFO] [상태] 잔고:$9.57 | 포지션:1개 | 스캔:1947회 | 스캐너:ON
2026-07-31 16:44:43,265 [INFO] [SCAN] 블랙리스트 4개 제외: ['IP/USDT:USDT', 'NES/USDT:USDT', 'WLD/USDT:USDT', 'XAG/USDT:USDT', 'XAU/USDT:USDT', 'XAUT/USDT:USDT']
2026-07-31 16:44:43,265 [INFO] [SCAN] 스캔 시작: 30개 페어 (캐시 36개 보유)
2026-07-31 16:44:56,556 [INFO] [SCAN] 완료: 30개 종목 · 신호 0개 · API 호출 30회 · 캐시 히트 0회
2026-07-31 16:45:11,877 [INFO] [SCAN] 블랙리스트 4개 제외: ['IP/USDT:USDT', 'NES/USDT:USDT', 'WLD/USDT:USDT', 'XAG/USDT:USDT', 'XAU/USDT:USDT', 'XAUT/USDT:USDT']
2026-07-31 16:45:11,877 [INFO] [SCAN] 스캔 시작: 30개 페어 (캐시 36개 보유)
2026-07-31 16:45:25,046 [INFO] [SCAN] 완료: 30개 종목 · 신호 0개 · API 호출 30회 · 캐시 히트 0회
2026-07-31 16:45:35,844 [INFO] [상태] 잔고:$9.58 | 포지션:1개 | 스캔:1949회 | 스캐너:ON
2026-07-31 16:45:40,434 [INFO] [SCAN] 블랙리스트 4개 제외: ['IP/USDT:USDT', 'NES/USDT:USDT', 'WLD/USDT:USDT', 'XAG/USDT:USDT', 'XAU/USDT:USDT', 'XAUT/USDT:USDT']
2026-07-31 16:45:40,434 [INFO] [SCAN] 스캔 시작: 30개 페어 (캐시 36개 보유)
2026-07-31 16:45:53,674 [INFO] [SCAN] 완료: 30개 종목 · 신호 0개 · API 호출 30회 · 캐시 히트 0회
2026-07-31 16:46:09,961 [INFO] [SCAN] 블랙리스트 4개 제외: ['IP/USDT:USDT', 'NES/USDT:USDT', 'WLD/USDT:USDT', 'XAG/USDT:USDT', 'XAU/USDT:USDT', 'XAUT/USDT:USDT']
2026-07-31 16:46:09,962 [INFO] [SCAN] 스캔 시작: 30개 페어 (캐시 36개 보유)
2026-07-31 16:46:23,171 [INFO] [SCAN] 완료: 30개 종목 · 신호 0개 · API 호출 30회 · 캐시 히트 0회
2026-07-31 16:46:36,503 [INFO] [상태] 잔고:$9.58 | 포지션:1개 | 스캔:1951회 | 스캐너:ON
2026-07-31 16:46:38,548 [INFO] [SCAN] 블랙리스트 4개 제외: ['IP/USDT:USDT', 'NES/USDT:USDT', 'WLD/USDT:USDT', 'XAG/USDT:USDT', 'XAU/USDT:USDT', 'XAUT/USDT:USDT']
2026-07-31 16:46:38,548 [INFO] [SCAN] 스캔 시작: 30개 페어 (캐시 36개 보유)
2026-07-31 16:46:51,749 [INFO] [SCAN] 완료: 30개 종목 · 신호 0개 · API 호출 30회 · 캐시 히트 0회
2026-07-31 16:47:07,037 [INFO] [SCAN] 블랙리스트 4개 제외: ['IP/USDT:USDT', 'NES/USDT:USDT', 'WLD/USDT:USDT', 'XAG/USDT:USDT', 'XAU/USDT:USDT', 'XAUT/USDT:USDT']
2026-07-31 16:47:07,038 [INFO] [SCAN] 스캔 시작: 30개 페어 (캐시 36개 보유)
2026-07-31 16:47:20,245 [INFO] [SCAN] 완료: 30개 종목 · 신호 0개 · API 호출 30회 · 캐시 히트 0회
2026-07-31 16:47:36,526 [INFO] [SCAN] 블랙리스트 4개 제외: ['IP/USDT:USDT', 'NES/USDT:USDT', 'WLD/USDT:USDT', 'XAG/USDT:USDT', 'XAU/USDT:USDT', 'XAUT/USDT:USDT']
2026-07-31 16:47:36,527 [INFO] [SCAN] 스캔 시작: 30개 페어 (캐시 36개 보유)
2026-07-31 16:47:37,094 [INFO] [상태] 잔고:$9.58 | 포지션:1개 | 스캔:1953회 | 스캐너:ON
2026-07-31 16:47:50,128 [INFO] [SCAN] 완료: 30개 종목 · 신호 0개 · API 호출 30회 · 캐시 히트 0회
2026-07-31 16:48:05,410 [INFO] [SCAN] 블랙리스트 4개 제외: ['IP/USDT:USDT', 'NES/USDT:USDT', 'WLD/USDT:USDT', 'XAG/USDT:USDT', 'XAU/USDT:USDT', 'XAUT/USDT:USDT']
2026-07-31 16:48:05,411 [INFO] [SCAN] 스캔 시작: 30개 페어 (캐시 36개 보유)
2026-07-31 16:48:18,752 [INFO] [SCAN] 완료: 30개 종목 · 신호 0개 · API 호출 30회 · 캐시 히트 0회
2026-07-31 16:48:34,083 [INFO] [SCAN] 블랙리스트 4개 제외: ['IP/USDT:USDT', 'NES/USDT:USDT', 'WLD/USDT:USDT', 'XAG/USDT:USDT', 'XAU/USDT:USDT', 'XAUT/USDT:USDT']
2026-07-31 16:48:34,084 [INFO] [SCAN] 스캔 시작: 30개 페어 (캐시 36개 보유)
2026-07-31 16:48:37,548 [INFO] [상태] 잔고:$9.58 | 포지션:1개 | 스캔:1955회 | 스캐너:ON
2026-07-31 16:48:47,926 [INFO] [SCAN] 완료: 30개 종목 · 신호 0개 · API 호출 30회 · 캐시 히트 0회
2026-07-31 16:49:04,248 [INFO] [SCAN] 블랙리스트 4개 제외: ['IP/USDT:USDT', 'NES/USDT:USDT', 'WLD/USDT:USDT', 'XAG/USDT:USDT', 'XAU/USDT:USDT', 'XAUT/USDT:USDT']
2026-07-31 16:49:04,249 [INFO] [SCAN] 스캔 시작: 30개 페어 (캐시 36개 보유)
2026-07-31 16:49:17,500 [INFO] [SCAN] 완료: 30개 종목 · 신호 0개 · API 호출 30회 · 캐시 히트 0회
2026-07-31 16:49:32,778 [INFO] [SCAN] 블랙리스트 4개 제외: ['IP/USDT:USDT', 'NES/USDT:USDT', 'WLD/USDT:USDT', 'XAG/USDT:USDT', 'XAU/USDT:USDT', 'XAUT/USDT:USDT']
2026-07-31 16:49:32,778 [INFO] [SCAN] 스캔 시작: 30개 페어 (캐시 36개 보유)
2026-07-31 16:49:38,001 [INFO] [상태] 잔고:$9.58 | 포지션:1개 | 스캔:1957회 | 스캐너:ON
2026-07-31 16:49:46,591 [INFO] [SCAN] 완료: 30개 종목 · 신호 0개 · API 호출 30회 · 캐시 히트 0회
2026-07-31 16:50:01,884 [INFO] [SCAN] 블랙리스트 4개 제외: ['IP/USDT:USDT', 'NES/USDT:USDT', 'WLD/USDT:USDT', 'XAG/USDT:USDT', 'XAU/USDT:USDT', 'XAUT/USDT:USDT']
2026-07-31 16:50:01,885 [INFO] [SCAN] 스캔 시작: 30개 페어 (캐시 36개 보유)
2026-07-31 16:50:15,256 [INFO] [SCAN] 완료: 30개 종목 · 신호 0개 · API 호출 30회 · 캐시 히트 0회
2026-07-31 16:50:31,568 [INFO] [SCAN] 블랙리스트 4개 제외: ['IP/USDT:USDT', 'NES/USDT:USDT', 'WLD/USDT:USDT', 'XAG/USDT:USDT', 'XAU/USDT:USDT', 'XAUT/USDT:USDT']
2026-07-31 16:50:31,568 [INFO] [SCAN] 스캔 시작: 30개 페어 (캐시 36개 보유)
2026-07-31 16:50:38,443 [INFO] [상태] 잔고:$9.58 | 포지션:1개 | 스캔:1959회 | 스캐너:ON
2026-07-31 16:50:45,115 [INFO] [SCAN] 완료: 30개 종목 · 신호 0개 · API 호출 30회 · 캐시 히트 0회
2026-07-31 16:51:00,407 [INFO] [SCAN] 블랙리스트 4개 제외: ['IP/USDT:USDT', 'NES/USDT:USDT', 'WLD/USDT:USDT', 'XAG/USDT:USDT', 'XAU/USDT:USDT', 'XAUT/USDT:USDT']
2026-07-31 16:51:00,408 [INFO] [SCAN] 스캔 시작: 30개 페어 (캐시 36개 보유)
2026-07-31 16:51:13,958 [INFO] [SCAN] 완료: 30개 종목 · 신호 0개 · API 호출 30회 · 캐시 히트 0회
2026-07-31 16:51:29,208 [INFO] [SCAN] 블랙리스트 4개 제외: ['IP/USDT:USDT', 'NES/USDT:USDT', 'WLD/USDT:USDT', 'XAG/USDT:USDT', 'XAU/USDT:USDT', 'XAUT/USDT:USDT']
2026-07-31 16:51:29,209 [INFO] [SCAN] 스캔 시작: 30개 페어 (캐시 36개 보유)
2026-07-31 16:51:38,958 [INFO] [상태] 잔고:$9.58 | 포지션:1개 | 스캔:1961회 | 스캐너:ON
2026-07-31 16:51:42,926 [INFO] [SCAN] 완료: 30개 종목 · 신호 0개 · API 호출 30회 · 캐시 히트 0회
2026-07-31 16:51:59,328 [INFO] [SCAN] 블랙리스트 4개 제외: ['IP/USDT:USDT', 'NES/USDT:USDT', 'WLD/USDT:USDT', 'XAG/USDT:USDT', 'XAU/USDT:USDT', 'XAUT/USDT:USDT']
2026-07-31 16:51:59,328 [INFO] [SCAN] 스캔 시작: 30개 페어 (캐시 36개 보유)
2026-07-31 16:52:12,840 [INFO] [SCAN] 완료: 30개 종목 · 신호 0개 · API 호출 30회 · 캐시 히트 0회
2026-07-31 16:52:28,102 [INFO] [SCAN] 블랙리스트 4개 제외: ['IP/USDT:USDT', 'NES/USDT:USDT', 'WLD/USDT:USDT', 'XAG/USDT:USDT', 'XAU/USDT:USDT', 'XAUT/USDT:USDT']
2026-07-31 16:52:28,102 [INFO] [SCAN] 스캔 시작: 30개 페어 (캐시 36개 보유)
2026-07-31 16:52:39,408 [INFO] [상태] 잔고:$9.58 | 포지션:1개 | 스캔:1963회 | 스캐너:ON
2026-07-31 16:52:41,746 [INFO] [SCAN] 완료: 30개 종목 · 신호 0개 · API 호출 30회 · 캐시 히트 0회
2026-07-31 16:52:57,022 [INFO] [SCAN] 블랙리스트 4개 제외: ['IP/USDT:USDT', 'NES/USDT:USDT', 'WLD/USDT:USDT', 'XAG/USDT:USDT', 'XAU/USDT:USDT', 'XAUT/USDT:USDT']
2026-07-31 16:52:57,023 [INFO] [SCAN] 스캔 시작: 30개 페어 (캐시 36개 보유)
2026-07-31 16:53:10,547 [INFO] [SCAN] 완료: 30개 종목 · 신호 0개 · API 호출 30회 · 캐시 히트 0회
2026-07-31 16:53:26,864 [INFO] [SCAN] 블랙리스트 4개 제외: ['IP/USDT:USDT', 'NES/USDT:USDT', 'WLD/USDT:USDT', 'XAG/USDT:USDT', 'XAU/USDT:USDT', 'XAUT/USDT:USDT']
2026-07-31 16:53:26,864 [INFO] [SCAN] 스캔 시작: 30개 페어 (캐시 36개 보유)
2026-07-31 16:53:39,852 [INFO] [상태] 잔고:$9.58 | 포지션:1개 | 스캔:1965회 | 스캐너:ON
2026-07-31 16:53:40,866 [INFO] [SCAN] 완료: 30개 종목 · 신호 0개 · API 호출 30회 · 캐시 히트 0회
2026-07-31 16:53:56,123 [INFO] [SCAN] 블랙리스트 4개 제외: ['IP/USDT:USDT', 'NES/USDT:USDT', 'WLD/USDT:USDT', 'XAG/USDT:USDT', 'XAU/USDT:USDT', 'XAUT/USDT:USDT']
2026-07-31 16:53:56,123 [INFO] [SCAN] 스캔 시작: 30개 페어 (캐시 36개 보유)
2026-07-31 16:54:09,299 [INFO] [SCAN] 완료: 30개 종목 · 신호 0개 · API 호출 30회 · 캐시 히트 0회
2026-07-31 16:54:24,559 [INFO] [SCAN] 블랙리스트 4개 제외: ['IP/USDT:USDT', 'NES/USDT:USDT', 'WLD/USDT:USDT', 'XAG/USDT:USDT', 'XAU/USDT:USDT', 'XAUT/USDT:USDT']
2026-07-31 16:54:24,560 [INFO] [SCAN] 스캔 시작: 30개 페어 (캐시 36개 보유)
2026-07-31 16:54:37,909 [INFO] [SCAN] 완료: 30개 종목 · 신호 0개 · API 호출 30회 · 캐시 히트 0회
2026-07-31 16:54:40,359 [INFO] [상태] 잔고:$9.59 | 포지션:1개 | 스캔:1968회 | 스캐너:ON
2026-07-31 16:54:54,255 [INFO] [SCAN] 블랙리스트 4개 제외: ['IP/USDT:USDT', 'NES/USDT:USDT', 'WLD/USDT:USDT', 'XAG/USDT:USDT', 'XAU/USDT:USDT', 'XAUT/USDT:USDT']
2026-07-31 16:54:54,255 [INFO] [SCAN] 스캔 시작: 30개 페어 (캐시 36개 보유)
2026-07-31 16:55:07,599 [INFO] [SCAN] 완료: 30개 종목 · 신호 0개 · API 호출 30회 · 캐시 히트 0회
2026-07-31 16:55:22,900 [INFO] [SCAN] 블랙리스트 4개 제외: ['IP/USDT:USDT', 'NES/USDT:USDT', 'WLD/USDT:USDT', 'XAG/USDT:USDT', 'XAU/USDT:USDT', 'XAUT/USDT:USDT']
2026-07-31 16:55:22,901 [INFO] [SCAN] 스캔 시작: 30개 페어 (캐시 36개 보유)
2026-07-31 16:55:36,158 [INFO] [SCAN] 완료: 30개 종목 · 신호 0개 · API 호출 30회 · 캐시 히트 0회
2026-07-31 16:55:40,815 [INFO] [상태] 잔고:$9.59 | 포지션:1개 | 스캔:1970회 | 스캐너:ON
2026-07-31 16:55:51,547 [INFO] [SCAN] 블랙리스트 4개 제외: ['IP/USDT:USDT', 'NES/USDT:USDT', 'WLD/USDT:USDT', 'XAG/USDT:USDT', 'XAU/USDT:USDT', 'XAUT/USDT:USDT']
2026-07-31 16:55:51,547 [INFO] [SCAN] 스캔 시작: 30개 페어 (캐시 36개 보유)
2026-07-31 16:56:04,823 [INFO] [SCAN] 완료: 30개 종목 · 신호 0개 · API 호출 30회 · 캐시 히트 0회
2026-07-31 16:56:21,123 [INFO] [SCAN] 블랙리스트 4개 제외: ['IP/USDT:USDT', 'NES/USDT:USDT', 'WLD/USDT:USDT', 'XAG/USDT:USDT', 'XAU/USDT:USDT', 'XAUT/USDT:USDT']
2026-07-31 16:56:21,124 [INFO] [SCAN] 스캔 시작: 30개 페어 (캐시 36개 보유)
2026-07-31 16:56:34,504 [INFO] [SCAN] 완료: 30개 종목 · 신호 0개 · API 호출 30회 · 캐시 히트 0회
2026-07-31 16:56:41,301 [INFO] [상태] 잔고:$9.59 | 포지션:1개 | 스캔:1972회 | 스캐너:ON
2026-07-31 16:56:49,877 [INFO] [SCAN] 블랙리스트 4개 제외: ['IP/USDT:USDT', 'NES/USDT:USDT', 'WLD/USDT:USDT', 'XAG/USDT:USDT', 'XAU/USDT:USDT', 'XAUT/USDT:USDT']
2026-07-31 16:56:49,877 [INFO] [SCAN] 스캔 시작: 30개 페어 (캐시 36개 보유)
2026-07-31 16:57:03,278 [INFO] [SCAN] 완료: 30개 종목 · 신호 0개 · API 호출 30회 · 캐시 히트 0회
2026-07-31 16:57:18,563 [INFO] [SCAN] 블랙리스트 4개 제외: ['IP/USDT:USDT', 'NES/USDT:USDT', 'WLD/USDT:USDT', 'XAG/USDT:USDT', 'XAU/USDT:USDT', 'XAUT/USDT:USDT']
2026-07-31 16:57:18,563 [INFO] [SCAN] 스캔 시작: 30개 페어 (캐시 36개 보유)
2026-07-31 16:57:32,143 [INFO] [SCAN] 완료: 30개 종목 · 신호 0개 · API 호출 30회 · 캐시 히트 0회
2026-07-31 16:57:41,847 [INFO] [상태] 잔고:$9.59 | 포지션:1개 | 스캔:1974회 | 스캐너:ON
2026-07-31 16:57:48,603 [INFO] [SCAN] 블랙리스트 4개 제외: ['IP/USDT:USDT', 'NES/USDT:USDT', 'WLD/USDT:USDT', 'XAG/USDT:USDT', 'XAU/USDT:USDT', 'XAUT/USDT:USDT']
2026-07-31 16:57:48,604 [INFO] [SCAN] 스캔 시작: 30개 페어 (캐시 36개 보유)
2026-07-31 16:58:02,068 [INFO] [SCAN] 완료: 30개 종목 · 신호 0개 · API 호출 30회 · 캐시 히트 0회
2026-07-31 16:58:17,341 [INFO] [SCAN] 블랙리스트 4개 제외: ['IP/USDT:USDT', 'NES/USDT:USDT', 'WLD/USDT:USDT', 'XAG/USDT:USDT', 'XAU/USDT:USDT', 'XAUT/USDT:USDT']
2026-07-31 16:58:17,342 [INFO] [SCAN] 스캔 시작: 30개 페어 (캐시 36개 보유)
2026-07-31 16:58:30,503 [INFO] [SCAN] 완료: 30개 종목 · 신호 0개 · API 호출 30회 · 캐시 히트 0회
2026-07-31 16:58:42,301 [INFO] [상태] 잔고:$9.59 | 포지션:1개 | 스캔:1976회 | 스캐너:ON
2026-07-31 16:58:45,891 [INFO] [SCAN] 블랙리스트 4개 제외: ['IP/USDT:USDT', 'NES/USDT:USDT', 'WLD/USDT:USDT', 'XAG/USDT:USDT', 'XAU/USDT:USDT', 'XAUT/USDT:USDT']
2026-07-31 16:58:45,891 [INFO] [SCAN] 스캔 시작: 30개 페어 (캐시 36개 보유)
2026-07-31 16:58:59,181 [INFO] [SCAN] 완료: 30개 종목 · 신호 0개 · API 호출 30회 · 캐시 히트 0회
2026-07-31 16:59:15,460 [INFO] [SCAN] 블랙리스트 4개 제외: ['IP/USDT:USDT', 'NES/USDT:USDT', 'WLD/USDT:USDT', 'XAG/USDT:USDT', 'XAU/USDT:USDT', 'XAUT/USDT:USDT']
2026-07-31 16:59:15,461 [INFO] [SCAN] 스캔 시작: 30개 페어 (캐시 36개 보유)
2026-07-31 16:59:28,755 [INFO] [SCAN] 완료: 30개 종목 · 신호 0개 · API 호출 30회 · 캐시 히트 0회
2026-07-31 16:59:42,751 [INFO] [상태] 잔고:$9.59 | 포지션:1개 | 스캔:1978회 | 스캐너:ON
2026-07-31 16:59:44,162 [INFO] [SCAN] 블랙리스트 4개 제외: ['IP/USDT:USDT', 'NES/USDT:USDT', 'WLD/USDT:USDT', 'XAG/USDT:USDT', 'XAU/USDT:USDT', 'XAUT/USDT:USDT']
2026-07-31 16:59:44,163 [INFO] [SCAN] 스캔 시작: 30개 페어 (캐시 36개 보유)
2026-07-31 16:59:57,815 [INFO] [SCAN] 완료: 30개 종목 · 신호 0개 · API 호출 30회 · 캐시 히트 0회
2026-07-31 17:00:13,123 [INFO] [SCAN] 블랙리스트 4개 제외: ['IP/USDT:USDT', 'NES/USDT:USDT', 'WLD/USDT:USDT', 'XAG/USDT:USDT', 'XAU/USDT:USDT', 'XAUT/USDT:USDT']
2026-07-31 17:00:13,124 [INFO] [SCAN] 스캔 시작: 30개 페어 (캐시 36개 보유)
2026-07-31 17:00:26,314 [INFO] [SCAN] 완료: 30개 종목 · 신호 0개 · API 호출 30회 · 캐시 히트 0회
2026-07-31 17:00:42,617 [INFO] [SCAN] 블랙리스트 4개 제외: ['IP/USDT:USDT', 'NES/USDT:USDT', 'WLD/USDT:USDT', 'XAG/USDT:USDT', 'XAU/USDT:USDT', 'XAUT/USDT:USDT']
2026-07-31 17:00:42,617 [INFO] [SCAN] 스캔 시작: 30개 페어 (캐시 36개 보유)
2026-07-31 17:00:43,198 [INFO] [상태] 잔고:$9.59 | 포지션:1개 | 스캔:1980회 | 스캐너:ON
2026-07-31 17:00:56,409 [INFO] [SCAN] 완료: 30개 종목 · 신호 0개 · API 호출 30회 · 캐시 히트 0회
2026-07-31 17:01:11,709 [INFO] [SCAN] 블랙리스트 4개 제외: ['IP/USDT:USDT', 'NES/USDT:USDT', 'WLD/USDT:USDT', 'XAG/USDT:USDT', 'XAU/USDT:USDT', 'XAUT/USDT:USDT']
2026-07-31 17:01:11,709 [INFO] [SCAN] 스캔 시작: 30개 페어 (캐시 36개 보유)
2026-07-31 17:01:25,302 [INFO] [SCAN] 완료: 30개 종목 · 신호 0개 · API 호출 30회 · 캐시 히트 0회
2026-07-31 17:01:40,608 [INFO] [SCAN] 블랙리스트 4개 제외: ['IP/USDT:USDT', 'NES/USDT:USDT', 'WLD/USDT:USDT', 'XAG/USDT:USDT', 'XAU/USDT:USDT', 'XAUT/USDT:USDT']
2026-07-31 17:01:40,608 [INFO] [SCAN] 스캔 시작: 30개 페어 (캐시 36개 보유)
2026-07-31 17:01:43,695 [INFO] [상태] 잔고:$9.59 | 포지션:1개 | 스캔:1982회 | 스캐너:ON
2026-07-31 17:01:54,190 [INFO] [SCAN] 완료: 30개 종목 · 신호 0개 · API 호출 30회 · 캐시 히트 0회
2026-07-31 17:02:10,500 [INFO] [SCAN] 블랙리스트 4개 제외: ['IP/USDT:USDT', 'NES/USDT:USDT', 'WLD/USDT:USDT', 'XAG/USDT:USDT', 'XAU/USDT:USDT', 'XAUT/USDT:USDT']
2026-07-31 17:02:10,500 [INFO] [SCAN] 스캔 시작: 30개 페어 (캐시 36개 보유)
2026-07-31 17:02:23,730 [INFO] [SCAN] 완료: 30개 종목 · 신호 0개 · API 호출 30회 · 캐시 히트 0회
2026-07-31 17:02:38,989 [INFO] [SCAN] 블랙리스트 4개 제외: ['IP/USDT:USDT', 'NES/USDT:USDT', 'WLD/USDT:USDT', 'XAG/USDT:USDT', 'XAU/USDT:USDT', 'XAUT/USDT:USDT']
2026-07-31 17:02:38,989 [INFO] [SCAN] 스캔 시작: 30개 페어 (캐시 36개 보유)
2026-07-31 17:02:44,130 [INFO] [상태] 잔고:$9.60 | 포지션:1개 | 스캔:1984회 | 스캐너:ON
2026-07-31 17:02:52,617 [INFO] [SCAN] 완료: 30개 종목 · 신호 0개 · API 호출 30회 · 캐시 히트 0회
2026-07-31 17:03:07,952 [INFO] [SCAN] 블랙리스트 4개 제외: ['IP/USDT:USDT', 'NES/USDT:USDT', 'WLD/USDT:USDT', 'XAG/USDT:USDT', 'XAU/USDT:USDT', 'XAUT/USDT:USDT']
2026-07-31 17:03:07,952 [INFO] [SCAN] 스캔 시작: 30개 페어 (캐시 36개 보유)
2026-07-31 17:03:21,598 [INFO] [SCAN] 완료: 30개 종목 · 신호 0개 · API 호출 30회 · 캐시 히트 0회
2026-07-31 17:03:38,053 [INFO] [SCAN] 블랙리스트 4개 제외: ['IP/USDT:USDT', 'NES/USDT:USDT', 'WLD/USDT:USDT', 'XAG/USDT:USDT', 'XAU/USDT:USDT', 'XAUT/USDT:USDT']
2026-07-31 17:03:38,055 [INFO] [SCAN] 스캔 시작: 30개 페어 (캐시 36개 보유)
2026-07-31 17:03:44,582 [INFO] [상태] 잔고:$9.60 | 포지션:1개 | 스캔:1986회 | 스캐너:ON
2026-07-31 17:03:51,847 [INFO] [SCAN] 완료: 30개 종목 · 신호 0개 · API 호출 30회 · 캐시 히트 0회
2026-07-31 17:04:07,212 [INFO] [SCAN] 블랙리스트 4개 제외: ['IP/USDT:USDT', 'NES/USDT:USDT', 'WLD/USDT:USDT', 'XAG/USDT:USDT', 'XAU/USDT:USDT', 'XAUT/USDT:USDT']
2026-07-31 17:04:07,212 [INFO] [SCAN] 스캔 시작: 30개 페어 (캐시 36개 보유)
2026-07-31 17:04:20,852 [INFO] [SCAN] 완료: 30개 종목 · 신호 0개 · API 호출 30회 · 캐시 히트 0회
2026-07-31 17:04:36,116 [INFO] [SCAN] 블랙리스트 4개 제외: ['IP/USDT:USDT', 'NES/USDT:USDT', 'WLD/USDT:USDT', 'XAG/USDT:USDT', 'XAU/USDT:USDT', 'XAUT/USDT:USDT']
2026-07-31 17:04:36,116 [INFO] [SCAN] 스캔 시작: 30개 페어 (캐시 36개 보유)
2026-07-31 17:04:45,031 [INFO] [상태] 잔고:$9.60 | 포지션:1개 | 스캔:1988회 | 스캐너:ON
2026-07-31 17:04:49,482 [INFO] [SCAN] 완료: 30개 종목 · 신호 0개 · API 호출 30회 · 캐시 히트 0회
2026-07-31 17:05:05,760 [INFO] [SCAN] 블랙리스트 4개 제외: ['IP/USDT:USDT', 'NES/USDT:USDT', 'WLD/USDT:USDT', 'XAG/USDT:USDT', 'XAU/USDT:USDT', 'XAUT/USDT:USDT']
2026-07-31 17:05:05,760 [INFO] [SCAN] 스캔 시작: 30개 페어 (캐시 36개 보유)
2026-07-31 17:05:18,955 [INFO] [SCAN] 완료: 30개 종목 · 신호 0개 · API 호출 30회 · 캐시 히트 0회
2026-07-31 17:05:34,229 [INFO] [SCAN] 블랙리스트 4개 제외: ['IP/USDT:USDT', 'NES/USDT:USDT', 'WLD/USDT:USDT', 'XAG/USDT:USDT', 'XAU/USDT:USDT', 'XAUT/USDT:USDT']
2026-07-31 17:05:34,229 [INFO] [SCAN] 스캔 시작: 30개 페어 (캐시 36개 보유)
2026-07-31 17:05:45,686 [INFO] [상태] 잔고:$9.59 | 포지션:1개 | 스캔:1990회 | 스캐너:ON
2026-07-31 17:05:48,207 [INFO] [SCAN] 완료: 30개 종목 · 신호 0개 · API 호출 30회 · 캐시 히트 0회
2026-07-31 17:06:03,468 [INFO] [SCAN] 블랙리스트 4개 제외: ['IP/USDT:USDT', 'NES/USDT:USDT', 'WLD/USDT:USDT', 'XAG/USDT:USDT', 'XAU/USDT:USDT', 'XAUT/USDT:USDT']
2026-07-31 17:06:03,468 [INFO] [SCAN] 스캔 시작: 30개 페어 (캐시 36개 보유)
2026-07-31 17:06:17,236 [INFO] [SCAN] 완료: 30개 종목 · 신호 0개 · API 호출 30회 · 캐시 히트 0회
2026-07-31 17:06:33,564 [INFO] [SCAN] 블랙리스트 4개 제외: ['IP/USDT:USDT', 'NES/USDT:USDT', 'WLD/USDT:USDT', 'XAG/USDT:USDT', 'XAU/USDT:USDT', 'XAUT/USDT:USDT']
2026-07-31 17:06:33,564 [INFO] [SCAN] 스캔 시작: 30개 페어 (캐시 36개 보유)
2026-07-31 17:06:46,224 [INFO] [상태] 잔고:$9.59 | 포지션:1개 | 스캔:1992회 | 스캐너:ON
2026-07-31 17:06:47,152 [INFO] [SCAN] 완료: 30개 종목 · 신호 0개 · API 호출 30회 · 캐시 히트 0회
2026-07-31 17:07:02,457 [INFO] [SCAN] 블랙리스트 4개 제외: ['IP/USDT:USDT', 'NES/USDT:USDT', 'WLD/USDT:USDT', 'XAG/USDT:USDT', 'XAU/USDT:USDT', 'XAUT/USDT:USDT']
2026-07-31 17:07:02,458 [INFO] [SCAN] 스캔 시작: 30개 페어 (캐시 36개 보유)
2026-07-31 17:07:16,195 [INFO] [SCAN] 완료: 30개 종목 · 신호 0개 · API 호출 30회 · 캐시 히트 0회
2026-07-31 17:07:31,750 [INFO] [SCAN] 블랙리스트 4개 제외: ['IP/USDT:USDT', 'NES/USDT:USDT', 'WLD/USDT:USDT', 'XAG/USDT:USDT', 'XAU/USDT:USDT', 'XAUT/USDT:USDT']
2026-07-31 17:07:31,752 [INFO] [SCAN] 스캔 시작: 30개 페어 (캐시 36개 보유)
2026-07-31 17:07:45,598 [INFO] [SCAN] 완료: 30개 종목 · 신호 0개 · API 호출 30회 · 캐시 히트 0회
2026-07-31 17:07:46,859 [INFO] [상태] 잔고:$9.59 | 포지션:1개 | 스캔:1995회 | 스캐너:ON
2026-07-31 17:08:02,229 [INFO] [SCAN] 블랙리스트 4개 제외: ['IP/USDT:USDT', 'NES/USDT:USDT', 'WLD/USDT:USDT', 'XAG/USDT:USDT', 'XAU/USDT:USDT', 'XAUT/USDT:USDT']
2026-07-31 17:08:02,230 [INFO] [SCAN] 스캔 시작: 30개 페어 (캐시 36개 보유)
2026-07-31 17:08:15,746 [INFO] [SCAN] 완료: 30개 종목 · 신호 0개 · API 호출 30회 · 캐시 히트 0회
2026-07-31 17:08:31,024 [INFO] [SCAN] 블랙리스트 4개 제외: ['IP/USDT:USDT', 'NES/USDT:USDT', 'WLD/USDT:USDT', 'XAG/USDT:USDT', 'XAU/USDT:USDT', 'XAUT/USDT:USDT']
2026-07-31 17:08:31,025 [INFO] [SCAN] 스캔 시작: 30개 페어 (캐시 36개 보유)
2026-07-31 17:08:44,504 [INFO] [SCAN] 완료: 30개 종목 · 신호 0개 · API 호출 30회 · 캐시 히트 0회
2026-07-31 17:08:47,358 [INFO] [상태] 잔고:$9.59 | 포지션:1개 | 스캔:1997회 | 스캐너:ON
2026-07-31 17:08:59,924 [INFO] [SCAN] 블랙리스트 4개 제외: ['IP/USDT:USDT', 'NES/USDT:USDT', 'WLD/USDT:USDT', 'XAG/USDT:USDT', 'XAU/USDT:USDT', 'XAUT/USDT:USDT']
2026-07-31 17:08:59,925 [INFO] [SCAN] 스캔 시작: 30개 페어 (캐시 36개 보유)
2026-07-31 17:09:13,421 [INFO] [SCAN] 완료: 30개 종목 · 신호 0개 · API 호출 30회 · 캐시 히트 0회
2026-07-31 17:09:29,717 [INFO] [SCAN] 블랙리스트 4개 제외: ['IP/USDT:USDT', 'NES/USDT:USDT', 'WLD/USDT:USDT', 'XAG/USDT:USDT', 'XAU/USDT:USDT', 'XAUT/USDT:USDT']
2026-07-31 17:09:29,718 [INFO] [SCAN] 스캔 시작: 30개 페어 (캐시 36개 보유)
2026-07-31 17:09:43,147 [INFO] [SCAN] 완료: 30개 종목 · 신호 0개 · API 호출 30회 · 캐시 히트 0회
2026-07-31 17:09:47,809 [INFO] [상태] 잔고:$9.59 | 포지션:1개 | 스캔:1999회 | 스캐너:ON
2026-07-31 17:09:58,529 [INFO] [SCAN] 블랙리스트 4개 제외: ['IP/USDT:USDT', 'NES/USDT:USDT', 'WLD/USDT:USDT', 'XAG/USDT:USDT', 'XAU/USDT:USDT', 'XAUT/USDT:USDT']
2026-07-31 17:09:58,530 [INFO] [SCAN] 스캔 시작: 30개 페어 (캐시 36개 보유)
2026-07-31 17:10:11,947 [INFO] [SCAN] 완료: 30개 종목 · 신호 0개 · API 호출 30회 · 캐시 히트 0회
2026-07-31 17:10:27,238 [INFO] [SCAN] 블랙리스트 4개 제외: ['IP/USDT:USDT', 'NES/USDT:USDT', 'WLD/USDT:USDT', 'XAG/USDT:USDT', 'XAU/USDT:USDT', 'XAUT/USDT:USDT']
2026-07-31 17:10:27,238 [INFO] [SCAN] 스캔 시작: 30개 페어 (캐시 36개 보유)
2026-07-31 17:10:40,641 [INFO] [SCAN] 완료: 30개 종목 · 신호 0개 · API 호출 30회 · 캐시 히트 0회
2026-07-31 17:10:48,366 [INFO] [상태] 잔고:$9.59 | 포지션:1개 | 스캔:2001회 | 스캐너:ON
2026-07-31 17:10:57,001 [INFO] [SCAN] 블랙리스트 4개 제외: ['IP/USDT:USDT', 'NES/USDT:USDT', 'WLD/USDT:USDT', 'XAG/USDT:USDT', 'XAU/USDT:USDT', 'XAUT/USDT:USDT']
2026-07-31 17:10:57,002 [INFO] [SCAN] 스캔 시작: 30개 페어 (캐시 36개 보유)
2026-07-31 17:11:10,369 [INFO] [SCAN] 완료: 30개 종목 · 신호 0개 · API 호출 30회 · 캐시 히트 0회
2026-07-31 17:11:25,652 [INFO] [SCAN] 블랙리스트 4개 제외: ['IP/USDT:USDT', 'NES/USDT:USDT', 'WLD/USDT:USDT', 'XAG/USDT:USDT', 'XAU/USDT:USDT', 'XAUT/USDT:USDT']
2026-07-31 17:11:25,652 [INFO] [SCAN] 스캔 시작: 30개 페어 (캐시 36개 보유)
2026-07-31 17:11:38,868 [INFO] [SCAN] 완료: 30개 종목 · 신호 0개 · API 호출 30회 · 캐시 히트 0회
2026-07-31 17:11:48,833 [INFO] [상태] 잔고:$9.59 | 포지션:1개 | 스캔:2003회 | 스캐너:ON
2026-07-31 17:11:54,254 [INFO] [SCAN] 블랙리스트 4개 제외: ['IP/USDT:USDT', 'NES/USDT:USDT', 'WLD/USDT:USDT', 'XAG/USDT:USDT', 'XAU/USDT:USDT', 'XAUT/USDT:USDT']
2026-07-31 17:11:54,254 [INFO] [SCAN] 스캔 시작: 30개 페어 (캐시 36개 보유)
2026-07-31 17:12:07,733 [INFO] [SCAN] 완료: 30개 종목 · 신호 0개 · API 호출 30회 · 캐시 히트 0회
2026-07-31 17:12:24,070 [INFO] [SCAN] 블랙리스트 4개 제외: ['IP/USDT:USDT', 'NES/USDT:USDT', 'WLD/USDT:USDT', 'XAG/USDT:USDT', 'XAU/USDT:USDT', 'XAUT/USDT:USDT']
2026-07-31 17:12:24,070 [INFO] [SCAN] 스캔 시작: 30개 페어 (캐시 36개 보유)
2026-07-31 17:12:37,622 [INFO] [SCAN] 완료: 30개 종목 · 신호 0개 · API 호출 30회 · 캐시 히트 0회
2026-07-31 17:12:49,288 [INFO] [상태] 잔고:$9.59 | 포지션:1개 | 스캔:2005회 | 스캐너:ON
2026-07-31 17:12:53,002 [INFO] [SCAN] 블랙리스트 4개 제외: ['IP/USDT:USDT', 'NES/USDT:USDT', 'WLD/USDT:USDT', 'XAG/USDT:USDT', 'XAU/USDT:USDT', 'XAUT/USDT:USDT']
2026-07-31 17:12:53,002 [INFO] [SCAN] 스캔 시작: 30개 페어 (캐시 36개 보유)
2026-07-31 17:13:06,951 [INFO] [SCAN] 완료: 30개 종목 · 신호 0개 · API 호출 30회 · 캐시 히트 0회
2026-07-31 17:13:22,218 [INFO] [SCAN] 블랙리스트 4개 제외: ['IP/USDT:USDT', 'NES/USDT:USDT', 'WLD/USDT:USDT', 'XAG/USDT:USDT', 'XAU/USDT:USDT', 'XAUT/USDT:USDT']
2026-07-31 17:13:22,219 [INFO] [SCAN] 스캔 시작: 30개 페어 (캐시 36개 보유)
2026-07-31 17:13:35,695 [INFO] [SCAN] 완료: 30개 종목 · 신호 0개 · API 호출 30회 · 캐시 히트 0회
2026-07-31 17:13:49,800 [INFO] [상태] 잔고:$9.59 | 포지션:1개 | 스캔:2007회 | 스캐너:ON
2026-07-31 17:13:52,039 [INFO] [SCAN] 블랙리스트 4개 제외: ['IP/USDT:USDT', 'NES/USDT:USDT', 'WLD/USDT:USDT', 'XAG/USDT:USDT', 'XAU/USDT:USDT', 'XAUT/USDT:USDT']
2026-07-31 17:13:52,039 [INFO] [SCAN] 스캔 시작: 30개 페어 (캐시 36개 보유)
2026-07-31 17:14:05,312 [INFO] [SCAN] 완료: 30개 종목 · 신호 0개 · API 호출 30회 · 캐시 히트 0회
2026-07-31 17:14:20,572 [INFO] [SCAN] 블랙리스트 4개 제외: ['IP/USDT:USDT', 'NES/USDT:USDT', 'WLD/USDT:USDT', 'XAG/USDT:USDT', 'XAU/USDT:USDT', 'XAUT/USDT:USDT']
2026-07-31 17:14:20,572 [INFO] [SCAN] 스캔 시작: 30개 페어 (캐시 36개 보유)
2026-07-31 17:14:33,999 [INFO] [SCAN] 완료: 30개 종목 · 신호 0개 · API 호출 30회 · 캐시 히트 0회
2026-07-31 17:14:49,266 [INFO] [SCAN] 블랙리스트 4개 제외: ['IP/USDT:USDT', 'NES/USDT:USDT', 'WLD/USDT:USDT', 'XAG/USDT:USDT', 'XAU/USDT:USDT', 'XAUT/USDT:USDT']
2026-07-31 17:14:49,267 [INFO] [SCAN] 스캔 시작: 30개 페어 (캐시 36개 보유)
2026-07-31 17:14:50,286 [INFO] [상태] 잔고:$9.59 | 포지션:1개 | 스캔:2009회 | 스캐너:ON
2026-07-31 17:15:03,360 [INFO] [SCAN] 완료: 30개 종목 · 신호 0개 · API 호출 30회 · 캐시 히트 0회
2026-07-31 17:15:19,744 [INFO] [SCAN] 블랙리스트 4개 제외: ['IP/USDT:USDT', 'NES/USDT:USDT', 'WLD/USDT:USDT', 'XAG/USDT:USDT', 'XAU/USDT:USDT', 'XAUT/USDT:USDT']
2026-07-31 17:15:19,744 [INFO] [SCAN] 스캔 시작: 30개 페어 (캐시 36개 보유)
2026-07-31 17:15:33,035 [INFO] [SCAN] 완료: 30개 종목 · 신호 0개 · API 호출 30회 · 캐시 히트 0회
2026-07-31 17:15:48,321 [INFO] [SCAN] 블랙리스트 4개 제외: ['IP/USDT:USDT', 'NES/USDT:USDT', 'WLD/USDT:USDT', 'XAG/USDT:USDT', 'XAU/USDT:USDT', 'XAUT/USDT:USDT']
2026-07-31 17:15:48,321 [INFO] [SCAN] 스캔 시작: 30개 페어 (캐시 36개 보유)
2026-07-31 17:15:50,752 [INFO] [상태] 잔고:$9.59 | 포지션:1개 | 스캔:2011회 | 스캐너:ON
2026-07-31 17:16:01,795 [INFO] [SCAN] 완료: 30개 종목 · 신호 0개 · API 호출 30회 · 캐시 히트 0회
2026-07-31 17:16:17,078 [INFO] [SCAN] 블랙리스트 4개 제외: ['IP/USDT:USDT', 'NES/USDT:USDT', 'WLD/USDT:USDT', 'XAG/USDT:USDT', 'XAU/USDT:USDT', 'XAUT/USDT:USDT']
2026-07-31 17:16:17,078 [INFO] [SCAN] 스캔 시작: 30개 페어 (캐시 36개 보유)
2026-07-31 17:16:30,538 [INFO] [SCAN] 완료: 30개 종목 · 신호 0개 · API 호출 30회 · 캐시 히트 0회
2026-07-31 17:16:46,855 [INFO] [SCAN] 블랙리스트 4개 제외: ['IP/USDT:USDT', 'NES/USDT:USDT', 'WLD/USDT:USDT', 'XAG/USDT:USDT', 'XAU/USDT:USDT', 'XAUT/USDT:USDT']
2026-07-31 17:16:46,856 [INFO] [SCAN] 스캔 시작: 30개 페어 (캐시 36개 보유)
2026-07-31 17:16:51,277 [INFO] [상태] 잔고:$9.59 | 포지션:1개 | 스캔:2013회 | 스캐너:ON
2026-07-31 17:17:00,521 [INFO] [SCAN] 완료: 30개 종목 · 신호 0개 · API 호출 30회 · 캐시 히트 0회
2026-07-31 17:17:15,818 [INFO] [SCAN] 블랙리스트 4개 제외: ['IP/USDT:USDT', 'NES/USDT:USDT', 'WLD/USDT:USDT', 'XAG/USDT:USDT', 'XAU/USDT:USDT', 'XAUT/USDT:USDT']
2026-07-31 17:17:15,818 [INFO] [SCAN] 스캔 시작: 30개 페어 (캐시 36개 보유)
2026-07-31 17:17:29,140 [INFO] [SCAN] 완료: 30개 종목 · 신호 0개 · API 호출 30회 · 캐시 히트 0회
2026-07-31 17:17:44,489 [INFO] [SCAN] 블랙리스트 4개 제외: ['IP/USDT:USDT', 'NES/USDT:USDT', 'WLD/USDT:USDT', 'XAG/USDT:USDT', 'XAU/USDT:USDT', 'XAUT/USDT:USDT']
2026-07-31 17:17:44,489 [INFO] [SCAN] 스캔 시작: 30개 페어 (캐시 36개 보유)
2026-07-31 17:17:51,741 [INFO] [상태] 잔고:$9.59 | 포지션:1개 | 스캔:2015회 | 스캐너:ON
2026-07-31 17:17:58,026 [INFO] [SCAN] 완료: 30개 종목 · 신호 0개 · API 호출 30회 · 캐시 히트 0회
2026-07-31 17:18:14,360 [INFO] [SCAN] 블랙리스트 4개 제외: ['IP/USDT:USDT', 'NES/USDT:USDT', 'WLD/USDT:USDT', 'XAG/USDT:USDT', 'XAU/USDT:USDT', 'XAUT/USDT:USDT']
2026-07-31 17:18:14,361 [INFO] [SCAN] 스캔 시작: 30개 페어 (캐시 36개 보유)
2026-07-31 17:18:27,960 [INFO] [SCAN] 완료: 30개 종목 · 신호 0개 · API 호출 30회 · 캐시 히트 0회
2026-07-31 17:18:43,251 [INFO] [SCAN] 블랙리스트 4개 제외: ['IP/USDT:USDT', 'NES/USDT:USDT', 'WLD/USDT:USDT', 'XAG/USDT:USDT', 'XAU/USDT:USDT', 'XAUT/USDT:USDT']
2026-07-31 17:18:43,251 [INFO] [SCAN] 스캔 시작: 30개 페어 (캐시 36개 보유)
2026-07-31 17:18:52,309 [INFO] [상태] 잔고:$9.59 | 포지션:1개 | 스캔:2017회 | 스캐너:ON
2026-07-31 17:18:57,164 [INFO] [SCAN] 완료: 30개 종목 · 신호 0개 · API 호출 30회 · 캐시 히트 0회
2026-07-31 17:19:12,445 [INFO] [SCAN] 블랙리스트 4개 제외: ['IP/USDT:USDT', 'NES/USDT:USDT', 'WLD/USDT:USDT', 'XAG/USDT:USDT', 'XAU/USDT:USDT', 'XAUT/USDT:USDT']
2026-07-31 17:19:12,445 [INFO] [SCAN] 스캔 시작: 30개 페어 (캐시 36개 보유)
2026-07-31 17:19:25,866 [INFO] [SCAN] 완료: 30개 종목 · 신호 0개 · API 호출 30회 · 캐시 히트 0회
2026-07-31 17:19:42,193 [INFO] [SCAN] 블랙리스트 4개 제외: ['IP/USDT:USDT', 'NES/USDT:USDT', 'WLD/USDT:USDT', 'XAG/USDT:USDT', 'XAU/USDT:USDT', 'XAUT/USDT:USDT']
2026-07-31 17:19:42,193 [INFO] [SCAN] 스캔 시작: 30개 페어 (캐시 36개 보유)
2026-07-31 17:19:52,862 [INFO] [상태] 잔고:$9.59 | 포지션:1개 | 스캔:2019회 | 스캐너:ON
2026-07-31 17:19:55,897 [INFO] [SCAN] 완료: 30개 종목 · 신호 0개 · API 호출 30회 · 캐시 히트 0회
2026-07-31 17:20:11,171 [INFO] [SCAN] 블랙리스트 4개 제외: ['IP/USDT:USDT', 'NES/USDT:USDT', 'WLD/USDT:USDT', 'XAG/USDT:USDT', 'XAU/USDT:USDT', 'XAUT/USDT:USDT']
2026-07-31 17:20:11,171 [INFO] [SCAN] 스캔 시작: 30개 페어 (캐시 36개 보유)
2026-07-31 17:20:24,352 [INFO] [SCAN] 완료: 30개 종목 · 신호 0개 · API 호출 30회 · 캐시 히트 0회
2026-07-31 17:20:39,624 [INFO] [SCAN] 블랙리스트 4개 제외: ['IP/USDT:USDT', 'NES/USDT:USDT', 'WLD/USDT:USDT', 'XAG/USDT:USDT', 'XAU/USDT:USDT', 'XAUT/USDT:USDT']
2026-07-31 17:20:39,624 [INFO] [SCAN] 스캔 시작: 30개 페어 (캐시 36개 보유)
2026-07-31 17:20:52,945 [INFO] [SCAN] 완료: 30개 종목 · 신호 0개 · API 호출 30회 · 캐시 히트 0회
2026-07-31 17:20:53,468 [INFO] [상태] 잔고:$9.59 | 포지션:1개 | 스캔:2022회 | 스캐너:ON
2026-07-31 17:21:09,556 [INFO] [SCAN] 블랙리스트 4개 제외: ['IP/USDT:USDT', 'NES/USDT:USDT', 'WLD/USDT:USDT', 'XAG/USDT:USDT', 'XAU/USDT:USDT', 'XAUT/USDT:USDT']
2026-07-31 17:21:09,556 [INFO] [SCAN] 스캔 시작: 30개 페어 (캐시 36개 보유)
2026-07-31 17:21:22,864 [INFO] [SCAN] 완료: 30개 종목 · 신호 0개 · API 호출 30회 · 캐시 히트 0회
2026-07-31 17:21:38,243 [INFO] [SCAN] 블랙리스트 4개 제외: ['IP/USDT:USDT', 'NES/USDT:USDT', 'WLD/USDT:USDT', 'XAG/USDT:USDT', 'XAU/USDT:USDT', 'XAUT/USDT:USDT']
2026-07-31 17:21:38,243 [INFO] [SCAN] 스캔 시작: 30개 페어 (캐시 36개 보유)
2026-07-31 17:21:52,139 [INFO] [SCAN] 완료: 30개 종목 · 신호 0개 · API 호출 30회 · 캐시 히트 0회
2026-07-31 17:21:53,926 [INFO] [상태] 잔고:$9.59 | 포지션:1개 | 스캔:2024회 | 스캐너:ON
2026-07-31 17:22:07,562 [INFO] [SCAN] 블랙리스트 4개 제외: ['IP/USDT:USDT', 'NES/USDT:USDT', 'WLD/USDT:USDT', 'XAG/USDT:USDT', 'XAU/USDT:USDT', 'XAUT/USDT:USDT']
2026-07-31 17:22:07,562 [INFO] [SCAN] 스캔 시작: 30개 페어 (캐시 36개 보유)
2026-07-31 17:22:21,158 [INFO] [SCAN] 완료: 30개 종목 · 신호 0개 · API 호출 30회 · 캐시 히트 0회
2026-07-31 17:22:37,540 [INFO] [SCAN] 블랙리스트 4개 제외: ['IP/USDT:USDT', 'NES/USDT:USDT', 'WLD/USDT:USDT', 'XAG/USDT:USDT', 'XAU/USDT:USDT', 'XAUT/USDT:USDT']
2026-07-31 17:22:37,540 [INFO] [SCAN] 스캔 시작: 30개 페어 (캐시 36개 보유)
2026-07-31 17:22:51,223 [INFO] [SCAN] 완료: 30개 종목 · 신호 0개 · API 호출 30회 · 캐시 히트 0회
2026-07-31 17:22:54,370 [INFO] [상태] 잔고:$9.59 | 포지션:1개 | 스캔:2026회 | 스캐너:ON
2026-07-31 17:23:06,631 [INFO] [SCAN] 블랙리스트 4개 제외: ['IP/USDT:USDT', 'NES/USDT:USDT', 'WLD/USDT:USDT', 'XAG/USDT:USDT', 'XAU/USDT:USDT', 'XAUT/USDT:USDT']
2026-07-31 17:23:06,631 [INFO] [SCAN] 스캔 시작: 30개 페어 (캐시 36개 보유)
2026-07-31 17:23:20,114 [INFO] [SCAN] 완료: 30개 종목 · 신호 0개 · API 호출 30회 · 캐시 히트 0회
2026-07-31 17:23:35,419 [INFO] [SCAN] 블랙리스트 4개 제외: ['IP/USDT:USDT', 'NES/USDT:USDT', 'WLD/USDT:USDT', 'XAG/USDT:USDT', 'XAU/USDT:USDT', 'XAUT/USDT:USDT']
2026-07-31 17:23:35,420 [INFO] [SCAN] 스캔 시작: 30개 페어 (캐시 36개 보유)
2026-07-31 17:23:48,906 [INFO] [SCAN] 완료: 30개 종목 · 신호 0개 · API 호출 30회 · 캐시 히트 0회
2026-07-31 17:23:54,874 [INFO] [상태] 잔고:$9.59 | 포지션:1개 | 스캔:2028회 | 스캐너:ON
2026-07-31 17:24:05,242 [INFO] [SCAN] 블랙리스트 4개 제외: ['IP/USDT:USDT', 'NES/USDT:USDT', 'WLD/USDT:USDT', 'XAG/USDT:USDT', 'XAU/USDT:USDT', 'XAUT/USDT:USDT']
2026-07-31 17:24:05,242 [INFO] [SCAN] 스캔 시작: 30개 페어 (캐시 36개 보유)
2026-07-31 17:24:18,576 [INFO] [SCAN] 완료: 30개 종목 · 신호 0개 · API 호출 30회 · 캐시 히트 0회
2026-07-31 17:24:33,849 [INFO] [SCAN] 블랙리스트 4개 제외: ['IP/USDT:USDT', 'NES/USDT:USDT', 'WLD/USDT:USDT', 'XAG/USDT:USDT', 'XAU/USDT:USDT', 'XAUT/USDT:USDT']
2026-07-31 17:24:33,849 [INFO] [SCAN] 스캔 시작: 30개 페어 (캐시 36개 보유)
2026-07-31 17:24:47,229 [INFO] [SCAN] 완료: 30개 종목 · 신호 0개 · API 호출 30회 · 캐시 히트 0회
2026-07-31 17:24:55,337 [INFO] [상태] 잔고:$9.59 | 포지션:1개 | 스캔:2030회 | 스캐너:ON
2026-07-31 17:25:02,620 [INFO] [SCAN] 블랙리스트 4개 제외: ['IP/USDT:USDT', 'NES/USDT:USDT', 'WLD/USDT:USDT', 'XAG/USDT:USDT', 'XAU/USDT:USDT', 'XAUT/USDT:USDT']
2026-07-31 17:25:02,620 [INFO] [SCAN] 스캔 시작: 30개 페어 (캐시 36개 보유)
2026-07-31 17:25:16,008 [INFO] [SCAN] 완료: 30개 종목 · 신호 0개 · API 호출 30회 · 캐시 히트 0회
2026-07-31 17:25:32,357 [INFO] [SCAN] 블랙리스트 4개 제외: ['IP/USDT:USDT', 'NES/USDT:USDT', 'WLD/USDT:USDT', 'XAG/USDT:USDT', 'XAU/USDT:USDT', 'XAUT/USDT:USDT']
2026-07-31 17:25:32,357 [INFO] [SCAN] 스캔 시작: 30개 페어 (캐시 36개 보유)
2026-07-31 17:25:45,686 [INFO] [SCAN] 완료: 30개 종목 · 신호 0개 · API 호출 30회 · 캐시 히트 0회
2026-07-31 17:25:55,802 [INFO] [상태] 잔고:$9.59 | 포지션:1개 | 스캔:2032회 | 스캐너:ON
2026-07-31 17:26:01,083 [INFO] [SCAN] 블랙리스트 4개 제외: ['IP/USDT:USDT', 'NES/USDT:USDT', 'WLD/USDT:USDT', 'XAG/USDT:USDT', 'XAU/USDT:USDT', 'XAUT/USDT:USDT']
2026-07-31 17:26:01,083 [INFO] [SCAN] 스캔 시작: 30개 페어 (캐시 36개 보유)
2026-07-31 17:26:14,444 [INFO] [SCAN] 완료: 30개 종목 · 신호 0개 · API 호출 30회 · 캐시 히트 0회
2026-07-31 17:26:29,734 [INFO] [SCAN] 블랙리스트 4개 제외: ['IP/USDT:USDT', 'NES/USDT:USDT', 'WLD/USDT:USDT', 'XAG/USDT:USDT', 'XAU/USDT:USDT', 'XAUT/USDT:USDT']
2026-07-31 17:26:29,735 [INFO] [SCAN] 스캔 시작: 30개 페어 (캐시 36개 보유)
2026-07-31 17:26:43,449 [INFO] [SCAN] 완료: 30개 종목 · 신호 0개 · API 호출 30회 · 캐시 히트 0회
2026-07-31 17:26:56,318 [INFO] [상태] 잔고:$9.59 | 포지션:1개 | 스캔:2034회 | 스캐너:ON
2026-07-31 17:26:59,853 [INFO] [SCAN] 블랙리스트 4개 제외: ['IP/USDT:USDT', 'NES/USDT:USDT', 'WLD/USDT:USDT', 'XAG/USDT:USDT', 'XAU/USDT:USDT', 'XAUT/USDT:USDT']
2026-07-31 17:26:59,854 [INFO] [SCAN] 스캔 시작: 30개 페어 (캐시 36개 보유)
2026-07-31 17:27:13,587 [INFO] [SCAN] 완료: 30개 종목 · 신호 0개 · API 호출 30회 · 캐시 히트 0회
2026-07-31 17:27:28,863 [INFO] [SCAN] 블랙리스트 4개 제외: ['IP/USDT:USDT', 'NES/USDT:USDT', 'WLD/USDT:USDT', 'XAG/USDT:USDT', 'XAU/USDT:USDT', 'XAUT/USDT:USDT']
2026-07-31 17:27:28,863 [INFO] [SCAN] 스캔 시작: 30개 페어 (캐시 36개 보유)
2026-07-31 17:27:42,533 [INFO] [SCAN] 완료: 30개 종목 · 신호 0개 · API 호출 30회 · 캐시 히트 0회
2026-07-31 17:27:56,784 [INFO] [상태] 잔고:$9.59 | 포지션:1개 | 스캔:2036회 | 스캐너:ON
2026-07-31 17:27:57,949 [INFO] [SCAN] 블랙리스트 4개 제외: ['IP/USDT:USDT', 'NES/USDT:USDT', 'WLD/USDT:USDT', 'XAG/USDT:USDT', 'XAU/USDT:USDT', 'XAUT/USDT:USDT']
2026-07-31 17:27:57,949 [INFO] [SCAN] 스캔 시작: 30개 페어 (캐시 36개 보유)
2026-07-31 17:28:11,343 [INFO] [SCAN] 완료: 30개 종목 · 신호 0개 · API 호출 30회 · 캐시 히트 0회
2026-07-31 17:28:27,676 [INFO] [SCAN] 블랙리스트 4개 제외: ['IP/USDT:USDT', 'NES/USDT:USDT', 'WLD/USDT:USDT', 'XAG/USDT:USDT', 'XAU/USDT:USDT', 'XAUT/USDT:USDT']
2026-07-31 17:28:27,676 [INFO] [SCAN] 스캔 시작: 30개 페어 (캐시 36개 보유)
2026-07-31 17:28:41,185 [INFO] [SCAN] 완료: 30개 종목 · 신호 0개 · API 호출 30회 · 캐시 히트 0회
2026-07-31 17:28:56,464 [INFO] [SCAN] 블랙리스트 4개 제외: ['IP/USDT:USDT', 'NES/USDT:USDT', 'WLD/USDT:USDT', 'XAG/USDT:USDT', 'XAU/USDT:USDT', 'XAUT/USDT:USDT']
2026-07-31 17:28:56,465 [INFO] [SCAN] 스캔 시작: 30개 페어 (캐시 36개 보유)
2026-07-31 17:28:57,344 [INFO] [상태] 잔고:$9.59 | 포지션:1개 | 스캔:2038회 | 스캐너:ON
2026-07-31 17:29:10,417 [INFO] [SCAN] 완료: 30개 종목 · 신호 0개 · API 호출 30회 · 캐시 히트 0회
2026-07-31 17:29:25,671 [INFO] [SCAN] 블랙리스트 4개 제외: ['IP/USDT:USDT', 'NES/USDT:USDT', 'WLD/USDT:USDT', 'XAG/USDT:USDT', 'XAU/USDT:USDT', 'XAUT/USDT:USDT']
2026-07-31 17:29:25,671 [INFO] [SCAN] 스캔 시작: 30개 페어 (캐시 36개 보유)
2026-07-31 17:29:39,089 [INFO] [SCAN] 완료: 30개 종목 · 신호 0개 · API 호출 30회 · 캐시 히트 0회
2026-07-31 17:29:55,384 [INFO] [SCAN] 블랙리스트 4개 제외: ['IP/USDT:USDT', 'NES/USDT:USDT', 'WLD/USDT:USDT', 'XAG/USDT:USDT', 'XAU/USDT:USDT', 'XAUT/USDT:USDT']
2026-07-31 17:29:55,384 [INFO] [SCAN] 스캔 시작: 30개 페어 (캐시 36개 보유)
2026-07-31 17:29:57,856 [INFO] [상태] 잔고:$9.59 | 포지션:1개 | 스캔:2040회 | 스캐너:ON
2026-07-31 17:30:09,068 [INFO] [SCAN] 완료: 30개 종목 · 신호 0개 · API 호출 30회 · 캐시 히트 0회
2026-07-31 17:30:24,388 [INFO] [SCAN] 블랙리스트 4개 제외: ['IP/USDT:USDT', 'NES/USDT:USDT', 'WLD/USDT:USDT', 'XAG/USDT:USDT', 'XAU/USDT:USDT', 'XAUT/USDT:USDT']
2026-07-31 17:30:24,388 [INFO] [SCAN] 스캔 시작: 30개 페어 (캐시 36개 보유)
2026-07-31 17:30:38,066 [INFO] [SCAN] 완료: 30개 종목 · 신호 0개 · API 호출 30회 · 캐시 히트 0회
2026-07-31 17:30:53,336 [INFO] [SCAN] 블랙리스트 4개 제외: ['IP/USDT:USDT', 'NES/USDT:USDT', 'WLD/USDT:USDT', 'XAG/USDT:USDT', 'XAU/USDT:USDT', 'XAUT/USDT:USDT']
2026-07-31 17:30:53,336 [INFO] [SCAN] 스캔 시작: 30개 페어 (캐시 36개 보유)
2026-07-31 17:30:58,338 [INFO] [상태] 잔고:$9.58 | 포지션:1개 | 스캔:2042회 | 스캐너:ON
2026-07-31 17:31:07,368 [INFO] [SCAN] 완료: 30개 종목 · 신호 0개 · API 호출 30회 · 캐시 히트 0회
2026-07-31 17:31:23,678 [INFO] [SCAN] 블랙리스트 4개 제외: ['IP/USDT:USDT', 'NES/USDT:USDT', 'WLD/USDT:USDT', 'XAG/USDT:USDT', 'XAU/USDT:USDT', 'XAUT/USDT:USDT']
2026-07-31 17:31:23,678 [INFO] [SCAN] 스캔 시작: 30개 페어 (캐시 36개 보유)
2026-07-31 17:31:37,037 [INFO] [SCAN] 완료: 30개 종목 · 신호 0개 · API 호출 30회 · 캐시 히트 0회
2026-07-31 17:31:52,301 [INFO] [SCAN] 블랙리스트 4개 제외: ['IP/USDT:USDT', 'NES/USDT:USDT', 'WLD/USDT:USDT', 'XAG/USDT:USDT', 'XAU/USDT:USDT', 'XAUT/USDT:USDT']
2026-07-31 17:31:52,301 [INFO] [SCAN] 스캔 시작: 30개 페어 (캐시 36개 보유)
2026-07-31 17:31:58,877 [INFO] [상태] 잔고:$9.57 | 포지션:1개 | 스캔:2044회 | 스캐너:ON
2026-07-31 17:32:05,848 [INFO] [SCAN] 완료: 30개 종목 · 신호 0개 · API 호출 30회 · 캐시 히트 0회
2026-07-31 17:32:21,139 [INFO] [SCAN] 블랙리스트 4개 제외: ['IP/USDT:USDT', 'NES/USDT:USDT', 'WLD/USDT:USDT', 'XAG/USDT:USDT', 'XAU/USDT:USDT', 'XAUT/USDT:USDT']
2026-07-31 17:32:21,139 [INFO] [SCAN] 스캔 시작: 30개 페어 (캐시 36개 보유)
2026-07-31 17:32:34,607 [INFO] [SCAN] 완료: 30개 종목 · 신호 0개 · API 호출 30회 · 캐시 히트 0회
2026-07-31 17:32:50,953 [INFO] [SCAN] 블랙리스트 4개 제외: ['IP/USDT:USDT', 'NES/USDT:USDT', 'WLD/USDT:USDT', 'XAG/USDT:USDT', 'XAU/USDT:USDT', 'XAUT/USDT:USDT']
2026-07-31 17:32:50,953 [INFO] [SCAN] 스캔 시작: 30개 페어 (캐시 36개 보유)
2026-07-31 17:32:59,405 [INFO] [상태] 잔고:$9.57 | 포지션:1개 | 스캔:2046회 | 스캐너:ON
2026-07-31 17:33:04,586 [INFO] [SCAN] 완료: 30개 종목 · 신호 0개 · API 호출 30회 · 캐시 히트 0회
2026-07-31 17:33:19,856 [INFO] [SCAN] 블랙리스트 4개 제외: ['IP/USDT:USDT', 'NES/USDT:USDT', 'WLD/USDT:USDT', 'XAG/USDT:USDT', 'XAU/USDT:USDT', 'XAUT/USDT:USDT']
2026-07-31 17:33:19,856 [INFO] [SCAN] 스캔 시작: 30개 페어 (캐시 36개 보유)
2026-07-31 17:33:33,173 [INFO] [SCAN] 완료: 30개 종목 · 신호 0개 · API 호출 30회 · 캐시 히트 0회
2026-07-31 17:33:48,454 [INFO] [SCAN] 블랙리스트 4개 제외: ['IP/USDT:USDT', 'NES/USDT:USDT', 'WLD/USDT:USDT', 'XAG/USDT:USDT', 'XAU/USDT:USDT', 'XAUT/USDT:USDT']
2026-07-31 17:33:48,455 [INFO] [SCAN] 스캔 시작: 30개 페어 (캐시 36개 보유)
2026-07-31 17:33:59,854 [INFO] [상태] 잔고:$9.57 | 포지션:1개 | 스캔:2048회 | 스캐너:ON
2026-07-31 17:34:02,204 [INFO] [SCAN] 완료: 30개 종목 · 신호 0개 · API 호출 30회 · 캐시 히트 0회
2026-07-31 17:34:18,564 [INFO] [SCAN] 블랙리스트 4개 제외: ['IP/USDT:USDT', 'NES/USDT:USDT', 'WLD/USDT:USDT', 'XAG/USDT:USDT', 'XAU/USDT:USDT', 'XAUT/USDT:USDT']
2026-07-31 17:34:18,566 [INFO] [SCAN] 스캔 시작: 30개 페어 (캐시 36개 보유)
2026-07-31 17:34:32,032 [INFO] [SCAN] 완료: 30개 종목 · 신호 0개 · API 호출 30회 · 캐시 히트 0회
2026-07-31 17:34:47,326 [INFO] [SCAN] 블랙리스트 4개 제외: ['IP/USDT:USDT', 'NES/USDT:USDT', 'WLD/USDT:USDT', 'XAG/USDT:USDT', 'XAU/USDT:USDT', 'XAUT/USDT:USDT']
2026-07-31 17:34:47,327 [INFO] [SCAN] 스캔 시작: 30개 페어 (캐시 36개 보유)
2026-07-31 17:35:00,412 [INFO] [상태] 잔고:$9.58 | 포지션:1개 | 스캔:2050회 | 스캐너:ON
2026-07-31 17:35:01,174 [INFO] [SCAN] 완료: 30개 종목 · 신호 0개 · API 호출 30회 · 캐시 히트 0회
2026-07-31 17:35:16,473 [INFO] [SCAN] 블랙리스트 4개 제외: ['IP/USDT:USDT', 'NES/USDT:USDT', 'WLD/USDT:USDT', 'XAG/USDT:USDT', 'XAU/USDT:USDT', 'XAUT/USDT:USDT']
2026-07-31 17:35:16,474 [INFO] [SCAN] 스캔 시작: 30개 페어 (캐시 36개 보유)
2026-07-31 17:35:29,774 [INFO] [SCAN] 완료: 30개 종목 · 신호 0개 · API 호출 30회 · 캐시 히트 0회
2026-07-31 17:35:46,070 [INFO] [SCAN] 블랙리스트 4개 제외: ['IP/USDT:USDT', 'NES/USDT:USDT', 'WLD/USDT:USDT', 'XAG/USDT:USDT', 'XAU/USDT:USDT', 'XAUT/USDT:USDT']
2026-07-31 17:35:46,072 [INFO] [SCAN] 스캔 시작: 30개 페어 (캐시 36개 보유)
2026-07-31 17:35:59,401 [INFO] [SCAN] 완료: 30개 종목 · 신호 0개 · API 호출 30회 · 캐시 히트 0회
2026-07-31 17:36:00,857 [INFO] [상태] 잔고:$9.58 | 포지션:1개 | 스캔:2053회 | 스캐너:ON
2026-07-31 17:36:14,824 [INFO] [SCAN] 블랙리스트 4개 제외: ['IP/USDT:USDT', 'NES/USDT:USDT', 'WLD/USDT:USDT', 'XAG/USDT:USDT', 'XAU/USDT:USDT', 'XAUT/USDT:USDT']
2026-07-31 17:36:14,824 [INFO] [SCAN] 스캔 시작: 30개 페어 (캐시 36개 보유)
2026-07-31 17:36:28,092 [INFO] [SCAN] 완료: 30개 종목 · 신호 0개 · API 호출 30회 · 캐시 히트 0회
2026-07-31 17:36:43,371 [INFO] [SCAN] 블랙리스트 4개 제외: ['IP/USDT:USDT', 'NES/USDT:USDT', 'WLD/USDT:USDT', 'XAG/USDT:USDT', 'XAU/USDT:USDT', 'XAUT/USDT:USDT']
2026-07-31 17:36:43,372 [INFO] [SCAN] 스캔 시작: 30개 페어 (캐시 36개 보유)
2026-07-31 17:36:57,078 [INFO] [SCAN] 완료: 30개 종목 · 신호 0개 · API 호출 30회 · 캐시 히트 0회
2026-07-31 17:37:01,383 [INFO] [상태] 잔고:$9.58 | 포지션:1개 | 스캔:2055회 | 스캐너:ON
2026-07-31 17:37:13,435 [INFO] [SCAN] 블랙리스트 4개 제외: ['IP/USDT:USDT', 'NES/USDT:USDT', 'WLD/USDT:USDT', 'XAG/USDT:USDT', 'XAU/USDT:USDT', 'XAUT/USDT:USDT']
2026-07-31 17:37:13,435 [INFO] [SCAN] 스캔 시작: 30개 페어 (캐시 36개 보유)
2026-07-31 17:37:26,987 [INFO] [SCAN] 완료: 30개 종목 · 신호 0개 · API 호출 30회 · 캐시 히트 0회
2026-07-31 17:37:42,250 [INFO] [SCAN] 블랙리스트 4개 제외: ['IP/USDT:USDT', 'NES/USDT:USDT', 'WLD/USDT:USDT', 'XAG/USDT:USDT', 'XAU/USDT:USDT', 'XAUT/USDT:USDT']
2026-07-31 17:37:42,251 [INFO] [SCAN] 스캔 시작: 30개 페어 (캐시 36개 보유)
2026-07-31 17:37:55,667 [INFO] [SCAN] 완료: 30개 종목 · 신호 0개 · API 호출 30회 · 캐시 히트 0회
2026-07-31 17:38:01,834 [INFO] [상태] 잔고:$9.57 | 포지션:1개 | 스캔:2057회 | 스캐너:ON
2026-07-31 17:38:11,062 [INFO] [SCAN] 블랙리스트 4개 제외: ['IP/USDT:USDT', 'NES/USDT:USDT', 'WLD/USDT:USDT', 'XAG/USDT:USDT', 'XAU/USDT:USDT', 'XAUT/USDT:USDT']
2026-07-31 17:38:11,062 [INFO] [SCAN] 스캔 시작: 30개 페어 (캐시 36개 보유)
2026-07-31 17:38:24,319 [INFO] [SCAN] 완료: 30개 종목 · 신호 0개 · API 호출 30회 · 캐시 히트 0회
2026-07-31 17:38:40,710 [INFO] [SCAN] 블랙리스트 4개 제외: ['IP/USDT:USDT', 'NES/USDT:USDT', 'WLD/USDT:USDT', 'XAG/USDT:USDT', 'XAU/USDT:USDT', 'XAUT/USDT:USDT']
2026-07-31 17:38:40,710 [INFO] [SCAN] 스캔 시작: 30개 페어 (캐시 36개 보유)
2026-07-31 17:38:54,086 [INFO] [SCAN] 완료: 30개 종목 · 신호 0개 · API 호출 30회 · 캐시 히트 0회
2026-07-31 17:39:02,292 [INFO] [상태] 잔고:$9.57 | 포지션:1개 | 스캔:2059회 | 스캐너:ON
2026-07-31 17:39:09,481 [INFO] [SCAN] 블랙리스트 4개 제외: ['IP/USDT:USDT', 'NES/USDT:USDT', 'WLD/USDT:USDT', 'XAG/USDT:USDT', 'XAU/USDT:USDT', 'XAUT/USDT:USDT']
2026-07-31 17:39:09,481 [INFO] [SCAN] 스캔 시작: 30개 페어 (캐시 36개 보유)
2026-07-31 17:39:22,923 [INFO] [SCAN] 완료: 30개 종목 · 신호 0개 · API 호출 30회 · 캐시 히트 0회
2026-07-31 17:39:38,188 [INFO] [SCAN] 블랙리스트 4개 제외: ['IP/USDT:USDT', 'NES/USDT:USDT', 'WLD/USDT:USDT', 'XAG/USDT:USDT', 'XAU/USDT:USDT', 'XAUT/USDT:USDT']
2026-07-31 17:39:38,188 [INFO] [SCAN] 스캔 시작: 30개 페어 (캐시 36개 보유)
2026-07-31 17:39:51,589 [INFO] [SCAN] 완료: 30개 종목 · 신호 0개 · API 호출 30회 · 캐시 히트 0회
2026-07-31 17:40:02,818 [INFO] [상태] 잔고:$9.57 | 포지션:1개 | 스캔:2061회 | 스캐너:ON
2026-07-31 17:40:07,960 [INFO] [SCAN] 블랙리스트 4개 제외: ['IP/USDT:USDT', 'NES/USDT:USDT', 'WLD/USDT:USDT', 'XAG/USDT:USDT', 'XAU/USDT:USDT', 'XAUT/USDT:USDT']
2026-07-31 17:40:07,961 [INFO] [SCAN] 스캔 시작: 30개 페어 (캐시 36개 보유)
2026-07-31 17:40:21,328 [INFO] [SCAN] 완료: 30개 종목 · 신호 0개 · API 호출 30회 · 캐시 히트 0회
2026-07-31 17:40:36,647 [INFO] [SCAN] 블랙리스트 4개 제외: ['IP/USDT:USDT', 'NES/USDT:USDT', 'WLD/USDT:USDT', 'XAG/USDT:USDT', 'XAU/USDT:USDT', 'XAUT/USDT:USDT']
2026-07-31 17:40:36,647 [INFO] [SCAN] 스캔 시작: 30개 페어 (캐시 36개 보유)
2026-07-31 17:40:50,276 [INFO] [SCAN] 완료: 30개 종목 · 신호 0개 · API 호출 30회 · 캐시 히트 0회
2026-07-31 17:41:03,310 [INFO] [상태] 잔고:$9.57 | 포지션:1개 | 스캔:2063회 | 스캐너:ON
2026-07-31 17:41:05,661 [INFO] [SCAN] 블랙리스트 4개 제외: ['IP/USDT:USDT', 'NES/USDT:USDT', 'WLD/USDT:USDT', 'XAG/USDT:USDT', 'XAU/USDT:USDT', 'XAUT/USDT:USDT']
2026-07-31 17:41:05,662 [INFO] [SCAN] 스캔 시작: 30개 페어 (캐시 36개 보유)
2026-07-31 17:41:19,333 [INFO] [SCAN] 완료: 30개 종목 · 신호 0개 · API 호출 30회 · 캐시 히트 0회
2026-07-31 17:41:35,695 [INFO] [SCAN] 블랙리스트 4개 제외: ['IP/USDT:USDT', 'NES/USDT:USDT', 'WLD/USDT:USDT', 'XAG/USDT:USDT', 'XAU/USDT:USDT', 'XAUT/USDT:USDT']
2026-07-31 17:41:35,695 [INFO] [SCAN] 스캔 시작: 30개 페어 (캐시 36개 보유)
2026-07-31 17:41:49,538 [INFO] [SCAN] 완료: 30개 종목 · 신호 0개 · API 호출 30회 · 캐시 히트 0회
2026-07-31 17:42:03,773 [INFO] [상태] 잔고:$9.57 | 포지션:1개 | 스캔:2065회 | 스캐너:ON
2026-07-31 17:42:04,922 [INFO] [SCAN] 블랙리스트 4개 제외: ['IP/USDT:USDT', 'NES/USDT:USDT', 'WLD/USDT:USDT', 'XAG/USDT:USDT', 'XAU/USDT:USDT', 'XAUT/USDT:USDT']
2026-07-31 17:42:04,923 [INFO] [SCAN] 스캔 시작: 30개 페어 (캐시 36개 보유)
2026-07-31 17:42:18,733 [INFO] [SCAN] 완료: 30개 종목 · 신호 0개 · API 호출 30회 · 캐시 히트 0회
2026-07-31 17:42:34,019 [INFO] [SCAN] 블랙리스트 4개 제외: ['IP/USDT:USDT', 'NES/USDT:USDT', 'WLD/USDT:USDT', 'XAG/USDT:USDT', 'XAU/USDT:USDT', 'XAUT/USDT:USDT']
2026-07-31 17:42:34,020 [INFO] [SCAN] 스캔 시작: 30개 페어 (캐시 36개 보유)
2026-07-31 17:42:47,858 [INFO] [SCAN] 완료: 30개 종목 · 신호 0개 · API 호출 30회 · 캐시 히트 0회
2026-07-31 17:43:04,327 [INFO] [SCAN] 블랙리스트 4개 제외: ['IP/USDT:USDT', 'NES/USDT:USDT', 'WLD/USDT:USDT', 'XAG/USDT:USDT', 'XAU/USDT:USDT', 'XAUT/USDT:USDT']
2026-07-31 17:43:04,328 [INFO] [SCAN] 스캔 시작: 30개 페어 (캐시 36개 보유)
2026-07-31 17:43:04,397 [INFO] [상태] 잔고:$9.57 | 포지션:1개 | 스캔:2067회 | 스캐너:ON
2026-07-31 17:43:17,839 [INFO] [SCAN] 완료: 30개 종목 · 신호 0개 · API 호출 30회 · 캐시 히트 0회
2026-07-31 17:43:33,117 [INFO] [SCAN] 블랙리스트 4개 제외: ['IP/USDT:USDT', 'NES/USDT:USDT', 'WLD/USDT:USDT', 'XAG/USDT:USDT', 'XAU/USDT:USDT', 'XAUT/USDT:USDT']
2026-07-31 17:43:33,117 [INFO] [SCAN] 스캔 시작: 30개 페어 (캐시 36개 보유)
2026-07-31 17:43:46,550 [INFO] [SCAN] 완료: 30개 종목 · 신호 0개 · API 호출 30회 · 캐시 히트 0회
2026-07-31 17:44:01,812 [INFO] [SCAN] 블랙리스트 4개 제외: ['IP/USDT:USDT', 'NES/USDT:USDT', 'WLD/USDT:USDT', 'XAG/USDT:USDT', 'XAU/USDT:USDT', 'XAUT/USDT:USDT']
2026-07-31 17:44:01,813 [INFO] [SCAN] 스캔 시작: 30개 페어 (캐시 36개 보유)
2026-07-31 17:44:04,920 [INFO] [상태] 잔고:$9.56 | 포지션:1개 | 스캔:2069회 | 스캐너:ON
2026-07-31 17:44:15,701 [INFO] [SCAN] 완료: 30개 종목 · 신호 0개 · API 호출 30회 · 캐시 히트 0회
2026-07-31 17:44:32,014 [INFO] [SCAN] 블랙리스트 4개 제외: ['IP/USDT:USDT', 'NES/USDT:USDT', 'WLD/USDT:USDT', 'XAG/USDT:USDT', 'XAU/USDT:USDT', 'XAUT/USDT:USDT']
2026-07-31 17:44:32,016 [INFO] [SCAN] 스캔 시작: 30개 페어 (캐시 36개 보유)
2026-07-31 17:44:45,868 [INFO] [SCAN] 완료: 30개 종목 · 신호 0개 · API 호출 30회 · 캐시 히트 0회
2026-07-31 17:45:01,158 [INFO] [SCAN] 블랙리스트 4개 제외: ['IP/USDT:USDT', 'NES/USDT:USDT', 'WLD/USDT:USDT', 'XAG/USDT:USDT', 'XAU/USDT:USDT', 'XAUT/USDT:USDT']
2026-07-31 17:45:01,158 [INFO] [SCAN] 스캔 시작: 30개 페어 (캐시 36개 보유)
2026-07-31 17:45:05,475 [INFO] [상태] 잔고:$9.57 | 포지션:1개 | 스캔:2071회 | 스캐너:ON
2026-07-31 17:45:15,262 [INFO] [SCAN] 완료: 30개 종목 · 신호 0개 · API 호출 30회 · 캐시 히트 0회
2026-07-31 17:45:30,563 [INFO] [SCAN] 블랙리스트 4개 제외: ['IP/USDT:USDT', 'NES/USDT:USDT', 'WLD/USDT:USDT', 'XAG/USDT:USDT', 'XAU/USDT:USDT', 'XAUT/USDT:USDT']
2026-07-31 17:45:30,563 [INFO] [SCAN] 스캔 시작: 30개 페어 (캐시 36개 보유)
2026-07-31 17:45:43,846 [INFO] [SCAN] 완료: 30개 종목 · 신호 0개 · API 호출 30회 · 캐시 히트 0회
2026-07-31 17:46:00,159 [INFO] [SCAN] 블랙리스트 4개 제외: ['IP/USDT:USDT', 'NES/USDT:USDT', 'WLD/USDT:USDT', 'XAG/USDT:USDT', 'XAU/USDT:USDT', 'XAUT/USDT:USDT']
2026-07-31 17:46:00,159 [INFO] [SCAN] 스캔 시작: 30개 페어 (캐시 36개 보유)
2026-07-31 17:46:06,060 [INFO] [상태] 잔고:$9.57 | 포지션:1개 | 스캔:2073회 | 스캐너:ON
2026-07-31 17:46:14,205 [INFO] [SCAN] 완료: 30개 종목 · 신호 0개 · API 호출 30회 · 캐시 히트 0회
2026-07-31 17:46:29,501 [INFO] [SCAN] 블랙리스트 4개 제외: ['IP/USDT:USDT', 'NES/USDT:USDT', 'WLD/USDT:USDT', 'XAG/USDT:USDT', 'XAU/USDT:USDT', 'XAUT/USDT:USDT']
2026-07-31 17:46:29,501 [INFO] [SCAN] 스캔 시작: 30개 페어 (캐시 36개 보유)
2026-07-31 17:46:42,901 [INFO] [SCAN] 완료: 30개 종목 · 신호 0개 · API 호출 30회 · 캐시 히트 0회
2026-07-31 17:46:58,193 [INFO] [SCAN] 블랙리스트 4개 제외: ['IP/USDT:USDT', 'NES/USDT:USDT', 'WLD/USDT:USDT', 'XAG/USDT:USDT', 'XAU/USDT:USDT', 'XAUT/USDT:USDT']
2026-07-31 17:46:58,193 [INFO] [SCAN] 스캔 시작: 30개 페어 (캐시 36개 보유)
2026-07-31 17:47:06,631 [INFO] [상태] 잔고:$9.57 | 포지션:1개 | 스캔:2075회 | 스캐너:ON
2026-07-31 17:47:11,916 [INFO] [SCAN] 완료: 30개 종목 · 신호 0개 · API 호출 30회 · 캐시 히트 0회
2026-07-31 17:47:28,204 [INFO] [SCAN] 블랙리스트 4개 제외: ['IP/USDT:USDT', 'NES/USDT:USDT', 'WLD/USDT:USDT', 'XAG/USDT:USDT', 'XAU/USDT:USDT', 'XAUT/USDT:USDT']
2026-07-31 17:47:28,204 [INFO] [SCAN] 스캔 시작: 30개 페어 (캐시 36개 보유)
2026-07-31 17:47:41,621 [INFO] [SCAN] 완료: 30개 종목 · 신호 0개 · API 호출 30회 · 캐시 히트 0회
2026-07-31 17:47:56,920 [INFO] [SCAN] 블랙리스트 4개 제외: ['IP/USDT:USDT', 'NES/USDT:USDT', 'WLD/USDT:USDT', 'XAG/USDT:USDT', 'XAU/USDT:USDT', 'XAUT/USDT:USDT']
2026-07-31 17:47:56,920 [INFO] [SCAN] 스캔 시작: 30개 페어 (캐시 36개 보유)
2026-07-31 17:48:07,155 [INFO] [상태] 잔고:$9.57 | 포지션:1개 | 스캔:2077회 | 스캐너:ON
2026-07-31 17:48:10,729 [INFO] [SCAN] 완료: 30개 종목 · 신호 0개 · API 호출 30회 · 캐시 히트 0회
2026-07-31 17:48:26,035 [INFO] [SCAN] 블랙리스트 4개 제외: ['IP/USDT:USDT', 'NES/USDT:USDT', 'WLD/USDT:USDT', 'XAG/USDT:USDT', 'XAU/USDT:USDT', 'XAUT/USDT:USDT']
2026-07-31 17:48:26,035 [INFO] [SCAN] 스캔 시작: 30개 페어 (캐시 36개 보유)
2026-07-31 17:48:39,444 [INFO] [SCAN] 완료: 30개 종목 · 신호 0개 · API 호출 30회 · 캐시 히트 0회
2026-07-31 17:48:55,699 [INFO] [SCAN] 블랙리스트 4개 제외: ['IP/USDT:USDT', 'NES/USDT:USDT', 'WLD/USDT:USDT', 'XAG/USDT:USDT', 'XAU/USDT:USDT', 'XAUT/USDT:USDT']
2026-07-31 17:48:55,699 [INFO] [SCAN] 스캔 시작: 30개 페어 (캐시 36개 보유)
2026-07-31 17:49:07,665 [INFO] [상태] 잔고:$9.58 | 포지션:1개 | 스캔:2079회 | 스캐너:ON
2026-07-31 17:49:09,340 [INFO] [SCAN] 완료: 30개 종목 · 신호 0개 · API 호출 30회 · 캐시 히트 0회
2026-07-31 17:49:24,658 [INFO] [SCAN] 블랙리스트 4개 제외: ['IP/USDT:USDT', 'NES/USDT:USDT', 'WLD/USDT:USDT', 'XAG/USDT:USDT', 'XAU/USDT:USDT', 'XAUT/USDT:USDT']
2026-07-31 17:49:24,661 [INFO] [SCAN] 스캔 시작: 30개 페어 (캐시 36개 보유)
2026-07-31 17:49:38,388 [INFO] [SCAN] 완료: 30개 종목 · 신호 0개 · API 호출 30회 · 캐시 히트 0회
2026-07-31 17:49:53,664 [INFO] [SCAN] 블랙리스트 4개 제외: ['IP/USDT:USDT', 'NES/USDT:USDT', 'WLD/USDT:USDT', 'XAG/USDT:USDT', 'XAU/USDT:USDT', 'XAUT/USDT:USDT']
2026-07-31 17:49:53,664 [INFO] [SCAN] 스캔 시작: 30개 페어 (캐시 36개 보유)
2026-07-31 17:50:07,545 [INFO] [SCAN] 완료: 30개 종목 · 신호 0개 · API 호출 30회 · 캐시 히트 0회
2026-07-31 17:50:08,432 [INFO] [상태] 잔고:$9.58 | 포지션:1개 | 스캔:2082회 | 스캐너:ON
2026-07-31 17:50:24,138 [INFO] [SCAN] 블랙리스트 4개 제외: ['IP/USDT:USDT', 'NES/USDT:USDT', 'WLD/USDT:USDT', 'XAG/USDT:USDT', 'XAU/USDT:USDT', 'XAUT/USDT:USDT']
2026-07-31 17:50:24,138 [INFO] [SCAN] 스캔 시작: 30개 페어 (캐시 36개 보유)
2026-07-31 17:50:37,611 [INFO] [SCAN] 완료: 30개 종목 · 신호 0개 · API 호출 30회 · 캐시 히트 0회
2026-07-31 17:50:52,893 [INFO] [SCAN] 블랙리스트 4개 제외: ['IP/USDT:USDT', 'NES/USDT:USDT', 'WLD/USDT:USDT', 'XAG/USDT:USDT', 'XAU/USDT:USDT', 'XAUT/USDT:USDT']
2026-07-31 17:50:52,893 [INFO] [SCAN] 스캔 시작: 30개 페어 (캐시 36개 보유)
2026-07-31 17:51:06,250 [INFO] [SCAN] 완료: 30개 종목 · 신호 0개 · API 호출 30회 · 캐시 히트 0회
2026-07-31 17:51:08,894 [INFO] [상태] 잔고:$9.58 | 포지션:1개 | 스캔:2084회 | 스캐너:ON
2026-07-31 17:51:21,639 [INFO] [SCAN] 블랙리스트 4개 제외: ['IP/USDT:USDT', 'NES/USDT:USDT', 'WLD/USDT:USDT', 'XAG/USDT:USDT', 'XAU/USDT:USDT', 'XAUT/USDT:USDT']
2026-07-31 17:51:21,640 [INFO] [SCAN] 스캔 시작: 30개 페어 (캐시 36개 보유)
2026-07-31 17:51:35,070 [INFO] [SCAN] 완료: 30개 종목 · 신호 0개 · API 호출 30회 · 캐시 히트 0회
2026-07-31 17:51:51,381 [INFO] [SCAN] 블랙리스트 4개 제외: ['IP/USDT:USDT', 'NES/USDT:USDT', 'WLD/USDT:USDT', 'XAG/USDT:USDT', 'XAU/USDT:USDT', 'XAUT/USDT:USDT']
2026-07-31 17:51:51,381 [INFO] [SCAN] 스캔 시작: 30개 페어 (캐시 36개 보유)
2026-07-31 17:52:04,824 [INFO] [SCAN] 완료: 30개 종목 · 신호 0개 · API 호출 30회 · 캐시 히트 0회
2026-07-31 17:52:09,361 [INFO] [상태] 잔고:$9.58 | 포지션:1개 | 스캔:2086회 | 스캐너:ON
2026-07-31 17:52:20,381 [INFO] [SCAN] 블랙리스트 4개 제외: ['IP/USDT:USDT', 'NES/USDT:USDT', 'WLD/USDT:USDT', 'XAG/USDT:USDT', 'XAU/USDT:USDT', 'XAUT/USDT:USDT']
2026-07-31 17:52:20,382 [INFO] [SCAN] 스캔 시작: 30개 페어 (캐시 36개 보유)
2026-07-31 17:52:33,727 [INFO] [SCAN] 완료: 30개 종목 · 신호 0개 · API 호출 30회 · 캐시 히트 0회
2026-07-31 17:52:49,030 [INFO] [SCAN] 블랙리스트 4개 제외: ['IP/USDT:USDT', 'NES/USDT:USDT', 'WLD/USDT:USDT', 'XAG/USDT:USDT', 'XAU/USDT:USDT', 'XAUT/USDT:USDT']
2026-07-31 17:52:49,030 [INFO] [SCAN] 스캔 시작: 30개 페어 (캐시 36개 보유)
2026-07-31 17:53:02,354 [INFO] [SCAN] 완료: 30개 종목 · 신호 0개 · API 호출 30회 · 캐시 히트 0회
2026-07-31 17:53:09,874 [INFO] [상태] 잔고:$9.58 | 포지션:1개 | 스캔:2088회 | 스캐너:ON
2026-07-31 17:53:18,691 [INFO] [SCAN] 블랙리스트 4개 제외: ['IP/USDT:USDT', 'NES/USDT:USDT', 'WLD/USDT:USDT', 'XAG/USDT:USDT', 'XAU/USDT:USDT', 'XAUT/USDT:USDT']
2026-07-31 17:53:18,692 [INFO] [SCAN] 스캔 시작: 30개 페어 (캐시 36개 보유)
2026-07-31 17:53:32,115 [INFO] [SCAN] 완료: 30개 종목 · 신호 0개 · API 호출 30회 · 캐시 히트 0회
2026-07-31 17:53:47,381 [INFO] [SCAN] 블랙리스트 4개 제외: ['IP/USDT:USDT', 'NES/USDT:USDT', 'WLD/USDT:USDT', 'XAG/USDT:USDT', 'XAU/USDT:USDT', 'XAUT/USDT:USDT']
2026-07-31 17:53:47,382 [INFO] [SCAN] 스캔 시작: 30개 페어 (캐시 36개 보유)
2026-07-31 17:54:00,752 [INFO] [SCAN] 완료: 30개 종목 · 신호 0개 · API 호출 30회 · 캐시 히트 0회
2026-07-31 17:54:10,324 [INFO] [상태] 잔고:$9.58 | 포지션:1개 | 스캔:2090회 | 스캐너:ON
2026-07-31 17:54:16,141 [INFO] [SCAN] 블랙리스트 4개 제외: ['IP/USDT:USDT', 'NES/USDT:USDT', 'WLD/USDT:USDT', 'XAG/USDT:USDT', 'XAU/USDT:USDT', 'XAUT/USDT:USDT']
2026-07-31 17:54:16,142 [INFO] [SCAN] 스캔 시작: 30개 페어 (캐시 36개 보유)
2026-07-31 17:54:29,572 [INFO] [SCAN] 완료: 30개 종목 · 신호 0개 · API 호출 30회 · 캐시 히트 0회
2026-07-31 17:54:45,853 [INFO] [SCAN] 블랙리스트 4개 제외: ['IP/USDT:USDT', 'NES/USDT:USDT', 'WLD/USDT:USDT', 'XAG/USDT:USDT', 'XAU/USDT:USDT', 'XAUT/USDT:USDT']
2026-07-31 17:54:45,854 [INFO] [SCAN] 스캔 시작: 30개 페어 (캐시 36개 보유)
2026-07-31 17:54:59,160 [INFO] [SCAN] 완료: 30개 종목 · 신호 0개 · API 호출 30회 · 캐시 히트 0회
2026-07-31 17:55:10,790 [INFO] [상태] 잔고:$9.58 | 포지션:1개 | 스캔:2092회 | 스캐너:ON
2026-07-31 17:55:14,583 [INFO] [SCAN] 블랙리스트 4개 제외: ['IP/USDT:USDT', 'NES/USDT:USDT', 'WLD/USDT:USDT', 'XAG/USDT:USDT', 'XAU/USDT:USDT', 'XAUT/USDT:USDT']
2026-07-31 17:55:14,583 [INFO] [SCAN] 스캔 시작: 30개 페어 (캐시 36개 보유)
2026-07-31 17:55:27,889 [INFO] [SCAN] 완료: 30개 종목 · 신호 0개 · API 호출 30회 · 캐시 히트 0회
2026-07-31 17:55:43,184 [INFO] [SCAN] 블랙리스트 4개 제외: ['IP/USDT:USDT', 'NES/USDT:USDT', 'WLD/USDT:USDT', 'XAG/USDT:USDT', 'XAU/USDT:USDT', 'XAUT/USDT:USDT']
2026-07-31 17:55:43,184 [INFO] [SCAN] 스캔 시작: 30개 페어 (캐시 36개 보유)
2026-07-31 17:55:56,520 [INFO] [SCAN] 완료: 30개 종목 · 신호 0개 · API 호출 30회 · 캐시 히트 0회
2026-07-31 17:56:11,312 [INFO] [상태] 잔고:$9.58 | 포지션:1개 | 스캔:2094회 | 스캐너:ON
2026-07-31 17:56:12,959 [INFO] [SCAN] 블랙리스트 4개 제외: ['IP/USDT:USDT', 'NES/USDT:USDT', 'WLD/USDT:USDT', 'XAG/USDT:USDT', 'XAU/USDT:USDT', 'XAUT/USDT:USDT']
2026-07-31 17:56:12,959 [INFO] [SCAN] 스캔 시작: 30개 페어 (캐시 36개 보유)
2026-07-31 17:56:26,223 [INFO] [SCAN] 완료: 30개 종목 · 신호 0개 · API 호출 30회 · 캐시 히트 0회
2026-07-31 17:56:41,532 [INFO] [SCAN] 블랙리스트 4개 제외: ['IP/USDT:USDT', 'NES/USDT:USDT', 'WLD/USDT:USDT', 'XAG/USDT:USDT', 'XAU/USDT:USDT', 'XAUT/USDT:USDT']
2026-07-31 17:56:41,532 [INFO] [SCAN] 스캔 시작: 30개 페어 (캐시 36개 보유)
2026-07-31 17:56:55,287 [INFO] [SCAN] 완료: 30개 종목 · 신호 0개 · API 호출 30회 · 캐시 히트 0회
2026-07-31 17:57:10,572 [INFO] [SCAN] 블랙리스트 4개 제외: ['IP/USDT:USDT', 'NES/USDT:USDT', 'WLD/USDT:USDT', 'XAG/USDT:USDT', 'XAU/USDT:USDT', 'XAUT/USDT:USDT']
2026-07-31 17:57:10,572 [INFO] [SCAN] 스캔 시작: 30개 페어 (캐시 36개 보유)
2026-07-31 17:57:11,780 [INFO] [상태] 잔고:$9.58 | 포지션:1개 | 스캔:2096회 | 스캐너:ON
2026-07-31 17:57:24,336 [INFO] [SCAN] 완료: 30개 종목 · 신호 0개 · API 호출 30회 · 캐시 히트 0회
2026-07-31 17:57:40,633 [INFO] [SCAN] 블랙리스트 4개 제외: ['IP/USDT:USDT', 'NES/USDT:USDT', 'WLD/USDT:USDT', 'XAG/USDT:USDT', 'XAU/USDT:USDT', 'XAUT/USDT:USDT']
2026-07-31 17:57:40,633 [INFO] [SCAN] 스캔 시작: 30개 페어 (캐시 36개 보유)
2026-07-31 17:57:53,915 [INFO] [SCAN] 완료: 30개 종목 · 신호 0개 · API 호출 30회 · 캐시 히트 0회
2026-07-31 17:58:09,225 [INFO] [SCAN] 블랙리스트 4개 제외: ['IP/USDT:USDT', 'NES/USDT:USDT', 'WLD/USDT:USDT', 'XAG/USDT:USDT', 'XAU/USDT:USDT', 'XAUT/USDT:USDT']
2026-07-31 17:58:09,225 [INFO] [SCAN] 스캔 시작: 30개 페어 (캐시 36개 보유)
2026-07-31 17:58:12,272 [INFO] [상태] 잔고:$9.59 | 포지션:1개 | 스캔:2098회 | 스캐너:ON
2026-07-31 17:58:23,205 [INFO] [SCAN] 완료: 30개 종목 · 신호 0개 · API 호출 30회 · 캐시 히트 0회
2026-07-31 17:58:38,511 [INFO] [SCAN] 블랙리스트 4개 제외: ['IP/USDT:USDT', 'NES/USDT:USDT', 'WLD/USDT:USDT', 'XAG/USDT:USDT', 'XAU/USDT:USDT', 'XAUT/USDT:USDT']
2026-07-31 17:58:38,512 [INFO] [SCAN] 스캔 시작: 30개 페어 (캐시 36개 보유)
2026-07-31 17:58:51,779 [INFO] [SCAN] 완료: 30개 종목 · 신호 0개 · API 호출 30회 · 캐시 히트 0회
2026-07-31 17:59:08,080 [INFO] [SCAN] 블랙리스트 4개 제외: ['IP/USDT:USDT', 'NES/USDT:USDT', 'WLD/USDT:USDT', 'XAG/USDT:USDT', 'XAU/USDT:USDT', 'XAUT/USDT:USDT']
2026-07-31 17:59:08,080 [INFO] [SCAN] 스캔 시작: 30개 페어 (캐시 36개 보유)
2026-07-31 17:59:12,721 [INFO] [상태] 잔고:$9.58 | 포지션:1개 | 스캔:2100회 | 스캐너:ON
2026-07-31 17:59:21,636 [INFO] [SCAN] 완료: 30개 종목 · 신호 0개 · API 호출 30회 · 캐시 히트 0회
2026-07-31 17:59:36,916 [INFO] [SCAN] 블랙리스트 4개 제외: ['IP/USDT:USDT', 'NES/USDT:USDT', 'WLD/USDT:USDT', 'XAG/USDT:USDT', 'XAU/USDT:USDT', 'XAUT/USDT:USDT']
2026-07-31 17:59:36,917 [INFO] [SCAN] 스캔 시작: 30개 페어 (캐시 36개 보유)
2026-07-31 17:59:50,255 [INFO] [SCAN] 완료: 30개 종목 · 신호 0개 · API 호출 30회 · 캐시 히트 0회
2026-07-31 18:00:05,559 [INFO] [SCAN] 블랙리스트 4개 제외: ['IP/USDT:USDT', 'NES/USDT:USDT', 'WLD/USDT:USDT', 'XAG/USDT:USDT', 'XAU/USDT:USDT', 'XAUT/USDT:USDT']
2026-07-31 18:00:05,559 [INFO] [SCAN] 스캔 시작: 30개 페어 (캐시 36개 보유)
2026-07-31 18:00:13,197 [INFO] [상태] 잔고:$9.58 | 포지션:1개 | 스캔:2102회 | 스캐너:ON
2026-07-31 18:00:19,042 [INFO] [SCAN] 완료: 30개 종목 · 신호 0개 · API 호출 30회 · 캐시 히트 0회
2026-07-31 18:00:35,369 [INFO] [SCAN] 블랙리스트 4개 제외: ['IP/USDT:USDT', 'NES/USDT:USDT', 'WLD/USDT:USDT', 'XAG/USDT:USDT', 'XAU/USDT:USDT', 'XAUT/USDT:USDT']
2026-07-31 18:00:35,369 [INFO] [SCAN] 스캔 시작: 30개 페어 (캐시 36개 보유)
2026-07-31 18:00:48,713 [INFO] [SCAN] 완료: 30개 종목 · 신호 0개 · API 호출 30회 · 캐시 히트 0회
2026-07-31 18:01:03,987 [INFO] [SCAN] 블랙리스트 4개 제외: ['IP/USDT:USDT', 'NES/USDT:USDT', 'WLD/USDT:USDT', 'XAG/USDT:USDT', 'XAU/USDT:USDT', 'XAUT/USDT:USDT']
2026-07-31 18:01:03,987 [INFO] [SCAN] 스캔 시작: 30개 페어 (캐시 36개 보유)
2026-07-31 18:01:13,719 [INFO] [상태] 잔고:$9.58 | 포지션:1개 | 스캔:2104회 | 스캐너:ON
2026-07-31 18:01:17,626 [INFO] [SCAN] 완료: 30개 종목 · 신호 0개 · API 호출 30회 · 캐시 히트 0회
2026-07-31 18:01:32,934 [INFO] [SCAN] 블랙리스트 4개 제외: ['IP/USDT:USDT', 'NES/USDT:USDT', 'WLD/USDT:USDT', 'XAG/USDT:USDT', 'XAU/USDT:USDT', 'XAUT/USDT:USDT']
2026-07-31 18:01:32,934 [INFO] [SCAN] 스캔 시작: 30개 페어 (캐시 36개 보유)
2026-07-31 18:01:46,285 [INFO] [SCAN] 완료: 30개 종목 · 신호 0개 · API 호출 30회 · 캐시 히트 0회
2026-07-31 18:02:02,569 [INFO] [SCAN] 블랙리스트 4개 제외: ['IP/USDT:USDT', 'NES/USDT:USDT', 'WLD/USDT:USDT', 'XAG/USDT:USDT', 'XAU/USDT:USDT', 'XAUT/USDT:USDT']
2026-07-31 18:02:02,569 [INFO] [SCAN] 스캔 시작: 30개 페어 (캐시 36개 보유)
2026-07-31 18:02:14,256 [INFO] [상태] 잔고:$9.58 | 포지션:1개 | 스캔:2106회 | 스캐너:ON
2026-07-31 18:02:16,117 [INFO] [SCAN] 완료: 30개 종목 · 신호 0개 · API 호출 30회 · 캐시 히트 0회
2026-07-31 18:02:31,375 [INFO] [SCAN] 블랙리스트 4개 제외: ['IP/USDT:USDT', 'NES/USDT:USDT', 'WLD/USDT:USDT', 'XAG/USDT:USDT', 'XAU/USDT:USDT', 'XAUT/USDT:USDT']
2026-07-31 18:02:31,375 [INFO] [SCAN] 스캔 시작: 30개 페어 (캐시 36개 보유)
2026-07-31 18:02:44,704 [INFO] [SCAN] 완료: 30개 종목 · 신호 0개 · API 호출 30회 · 캐시 히트 0회
2026-07-31 18:02:59,982 [INFO] [SCAN] 블랙리스트 4개 제외: ['IP/USDT:USDT', 'NES/USDT:USDT', 'WLD/USDT:USDT', 'XAG/USDT:USDT', 'XAU/USDT:USDT', 'XAUT/USDT:USDT']
2026-07-31 18:02:59,983 [INFO] [SCAN] 스캔 시작: 30개 페어 (캐시 36개 보유)
2026-07-31 18:03:13,376 [INFO] [SCAN] 완료: 30개 종목 · 신호 0개 · API 호출 30회 · 캐시 히트 0회
2026-07-31 18:03:14,761 [INFO] [상태] 잔고:$9.58 | 포지션:1개 | 스캔:2109회 | 스캐너:ON
2026-07-31 18:03:29,714 [INFO] [SCAN] 블랙리스트 4개 제외: ['IP/USDT:USDT', 'NES/USDT:USDT', 'WLD/USDT:USDT', 'XAG/USDT:USDT', 'XAU/USDT:USDT', 'XAUT/USDT:USDT']
2026-07-31 18:03:29,714 [INFO] [SCAN] 스캔 시작: 30개 페어 (캐시 36개 보유)
2026-07-31 18:03:42,983 [INFO] [SCAN] 완료: 30개 종목 · 신호 0개 · API 호출 30회 · 캐시 히트 0회
2026-07-31 18:03:58,262 [INFO] [SCAN] 블랙리스트 4개 제외: ['IP/USDT:USDT', 'NES/USDT:USDT', 'WLD/USDT:USDT', 'XAG/USDT:USDT', 'XAU/USDT:USDT', 'XAUT/USDT:USDT']
2026-07-31 18:03:58,262 [INFO] [SCAN] 스캔 시작: 30개 페어 (캐시 36개 보유)
2026-07-31 18:04:11,439 [INFO] [SCAN] 완료: 30개 종목 · 신호 0개 · API 호출 30회 · 캐시 히트 0회
2026-07-31 18:04:15,235 [INFO] [상태] 잔고:$9.59 | 포지션:1개 | 스캔:2111회 | 스캐너:ON
2026-07-31 18:04:26,828 [INFO] [SCAN] 블랙리스트 4개 제외: ['IP/USDT:USDT', 'NES/USDT:USDT', 'WLD/USDT:USDT', 'XAG/USDT:USDT', 'XAU/USDT:USDT', 'XAUT/USDT:USDT']
2026-07-31 18:04:26,830 [INFO] [SCAN] 스캔 시작: 30개 페어 (캐시 36개 보유)
2026-07-31 18:04:39,985 [INFO] [SCAN] 완료: 30개 종목 · 신호 0개 · API 호출 30회 · 캐시 히트 0회
2026-07-31 18:04:56,266 [INFO] [SCAN] 블랙리스트 4개 제외: ['IP/USDT:USDT', 'NES/USDT:USDT', 'WLD/USDT:USDT', 'XAG/USDT:USDT', 'XAU/USDT:USDT', 'XAUT/USDT:USDT']
2026-07-31 18:04:56,268 [INFO] [SCAN] 스캔 시작: 30개 페어 (캐시 36개 보유)
2026-07-31 18:05:09,465 [INFO] [SCAN] 완료: 30개 종목 · 신호 0개 · API 호출 30회 · 캐시 히트 0회
2026-07-31 18:05:15,718 [INFO] [상태] 잔고:$9.59 | 포지션:1개 | 스캔:2113회 | 스캐너:ON
2026-07-31 18:05:24,902 [INFO] [SCAN] 블랙리스트 4개 제외: ['IP/USDT:USDT', 'NES/USDT:USDT', 'WLD/USDT:USDT', 'XAG/USDT:USDT', 'XAU/USDT:USDT', 'XAUT/USDT:USDT']
2026-07-31 18:05:24,902 [INFO] [SCAN] 스캔 시작: 30개 페어 (캐시 36개 보유)
2026-07-31 18:05:38,162 [INFO] [SCAN] 완료: 30개 종목 · 신호 0개 · API 호출 30회 · 캐시 히트 0회
2026-07-31 18:05:53,427 [INFO] [SCAN] 블랙리스트 4개 제외: ['IP/USDT:USDT', 'NES/USDT:USDT', 'WLD/USDT:USDT', 'XAG/USDT:USDT', 'XAU/USDT:USDT', 'XAUT/USDT:USDT']
2026-07-31 18:05:53,427 [INFO] [SCAN] 스캔 시작: 30개 페어 (캐시 36개 보유)
2026-07-31 18:06:06,626 [INFO] [SCAN] 완료: 30개 종목 · 신호 0개 · API 호출 30회 · 캐시 히트 0회
2026-07-31 18:06:16,235 [INFO] [상태] 잔고:$9.58 | 포지션:1개 | 스캔:2115회 | 스캐너:ON
2026-07-31 18:06:22,979 [INFO] [SCAN] 블랙리스트 4개 제외: ['IP/USDT:USDT', 'NES/USDT:USDT', 'WLD/USDT:USDT', 'XAG/USDT:USDT', 'XAU/USDT:USDT', 'XAUT/USDT:USDT']
2026-07-31 18:06:22,979 [INFO] [SCAN] 스캔 시작: 30개 페어 (캐시 36개 보유)
2026-07-31 18:06:36,124 [INFO] [SCAN] 완료: 30개 종목 · 신호 0개 · API 호출 30회 · 캐시 히트 0회
2026-07-31 18:06:51,402 [INFO] [SCAN] 블랙리스트 4개 제외: ['IP/USDT:USDT', 'NES/USDT:USDT', 'WLD/USDT:USDT', 'XAG/USDT:USDT', 'XAU/USDT:USDT', 'XAUT/USDT:USDT']
2026-07-31 18:06:51,403 [INFO] [SCAN] 스캔 시작: 30개 페어 (캐시 36개 보유)
2026-07-31 18:07:04,655 [INFO] [SCAN] 완료: 30개 종목 · 신호 0개 · API 호출 30회 · 캐시 히트 0회
2026-07-31 18:07:16,679 [INFO] [상태] 잔고:$9.58 | 포지션:1개 | 스캔:2117회 | 스캐너:ON
2026-07-31 18:07:20,048 [INFO] [SCAN] 블랙리스트 4개 제외: ['IP/USDT:USDT', 'NES/USDT:USDT', 'WLD/USDT:USDT', 'XAG/USDT:USDT', 'XAU/USDT:USDT', 'XAUT/USDT:USDT']
2026-07-31 18:07:20,048 [INFO] [SCAN] 스캔 시작: 30개 페어 (캐시 36개 보유)
2026-07-31 18:07:33,404 [INFO] [SCAN] 완료: 30개 종목 · 신호 0개 · API 호출 30회 · 캐시 히트 0회
2026-07-31 18:07:49,794 [INFO] [SCAN] 블랙리스트 4개 제외: ['IP/USDT:USDT', 'NES/USDT:USDT', 'WLD/USDT:USDT', 'XAG/USDT:USDT', 'XAU/USDT:USDT', 'XAUT/USDT:USDT']
2026-07-31 18:07:49,798 [INFO] [SCAN] 스캔 시작: 30개 페어 (캐시 36개 보유)
2026-07-31 18:08:03,151 [INFO] [SCAN] 완료: 30개 종목 · 신호 0개 · API 호출 30회 · 캐시 히트 0회
2026-07-31 18:08:17,122 [INFO] [상태] 잔고:$9.58 | 포지션:1개 | 스캔:2119회 | 스캐너:ON
2026-07-31 18:08:18,527 [INFO] [SCAN] 블랙리스트 4개 제외: ['IP/USDT:USDT', 'NES/USDT:USDT', 'WLD/USDT:USDT', 'XAG/USDT:USDT', 'XAU/USDT:USDT', 'XAUT/USDT:USDT']
2026-07-31 18:08:18,527 [INFO] [SCAN] 스캔 시작: 30개 페어 (캐시 36개 보유)
2026-07-31 18:08:31,800 [INFO] [SCAN] 완료: 30개 종목 · 신호 0개 · API 호출 30회 · 캐시 히트 0회
2026-07-31 18:08:47,090 [INFO] [SCAN] 블랙리스트 4개 제외: ['IP/USDT:USDT', 'NES/USDT:USDT', 'WLD/USDT:USDT', 'XAG/USDT:USDT', 'XAU/USDT:USDT', 'XAUT/USDT:USDT']
2026-07-31 18:08:47,091 [INFO] [SCAN] 스캔 시작: 30개 페어 (캐시 36개 보유)
2026-07-31 18:09:00,492 [INFO] [SCAN] 완료: 30개 종목 · 신호 0개 · API 호출 30회 · 캐시 히트 0회
2026-07-31 18:09:16,796 [INFO] [SCAN] 블랙리스트 4개 제외: ['IP/USDT:USDT', 'NES/USDT:USDT', 'WLD/USDT:USDT', 'XAG/USDT:USDT', 'XAU/USDT:USDT', 'XAUT/USDT:USDT']
2026-07-31 18:09:16,796 [INFO] [SCAN] 스캔 시작: 30개 페어 (캐시 36개 보유)
2026-07-31 18:09:17,569 [INFO] [상태] 잔고:$9.58 | 포지션:1개 | 스캔:2121회 | 스캐너:ON
2026-07-31 18:10:53,391 [WARNING] [API NetworkError] fetch_positions 네트워크 오류 감지. 1/3. 1.0초 대기... 오류: okx GET https://www.okx.com/api/v5/account/positions
2026-07-31 18:10:54,571 [WARNING] [API NetworkError] fetch_positions 네트워크 오류 감지. 2/3. 1.5초 대기... 오류: okx GET https://www.okx.com/api/v5/account/positions
2026-07-31 18:10:56,311 [WARNING] [API NetworkError] fetch_positions 네트워크 오류 감지. 3/3. 2.25초 대기... 오류: okx GET https://www.okx.com/api/v5/account/positions
2026-07-31 18:10:56,312 [WARNING] [SESSION RESET] 연속 네트워크 오류 3회 — aiohttp 세션 재생성
2026-07-31 18:10:56,313 [WARNING] [API Error] fetch_ohlcv 예상치 못한 예외 (attempt 1/3): 'NoneType' object has no attribute 'getaddrinfo'
2026-07-31 18:10:57,553 [WARNING] [API NetworkError] fetch_ohlcv 네트워크 오류 감지. 2/3. 1.5초 대기... 오류: okx GET https://www.okx.com/api/v5/market/candles?instId=CFX-USDT-SWAP&bar=15m&limit=3
2026-07-31 18:10:58,884 [ERROR] 포지션 조회 실패: okx GET https://www.okx.com/api/v5/account/positions
2026-07-31 18:10:58,884 [WARNING] [모니터링] 오류: okx GET https://www.okx.com/api/v5/account/positions
2026-07-31 18:10:59,406 [WARNING] [API NetworkError] fetch_ohlcv 네트워크 오류 감지. 3/3. 2.25초 대기... 오류: okx GET https://www.okx.com/api/v5/market/candles?instId=CFX-USDT-SWAP&bar=15m&limit=3
2026-07-31 18:11:01,719 [ERROR] OHLCV 조회 실패 (CFX/USDT:USDT): okx GET https://www.okx.com/api/v5/market/candles?instId=CFX-USDT-SWAP&bar=15m&limit=3
2026-07-31 18:11:01,719 [WARNING] [CACHE] CFX/USDT:USDT 증분 조회 빈 응답 → 기존 캐시 유지
2026-07-31 18:11:02,096 [WARNING] [API NetworkError] fetch_ohlcv 네트워크 오류 감지. 1/3. 1.0초 대기... 오류: okx GET https://www.okx.com/api/v5/market/candles?instId=ZAMA-USDT-SWAP&bar=15m&limit=3
2026-07-31 18:11:02,096 [WARNING] [SESSION RESET] 연속 네트워크 오류 3회 — aiohttp 세션 재생성
2026-07-31 18:11:41,138 [WARNING] [API NetworkError] fetch_ohlcv 네트워크 오류 감지. 2/3. 1.5초 대기... 오류: okx GET https://www.okx.com/api/v5/market/candles?instId=ZAMA-USDT-SWAP&bar=15m&limit=3
2026-07-31 18:11:42,699 [WARNING] [API NetworkError] fetch_ohlcv 네트워크 오류 감지. 3/3. 2.25초 대기... 오류: okx GET https://www.okx.com/api/v5/market/candles?instId=ZAMA-USDT-SWAP&bar=15m&limit=3
2026-07-31 18:11:45,028 [ERROR] OHLCV 조회 실패 (ZAMA/USDT:USDT): okx GET https://www.okx.com/api/v5/market/candles?instId=ZAMA-USDT-SWAP&bar=15m&limit=3
2026-07-31 18:11:45,029 [WARNING] [CACHE] ZAMA/USDT:USDT 증분 조회 빈 응답 → 기존 캐시 유지
2026-07-31 18:11:45,537 [WARNING] [API NetworkError] fetch_ohlcv 네트워크 오류 감지. 1/3. 1.0초 대기... 오류: okx GET https://www.okx.com/api/v5/market/candles?instId=PI-USDT-SWAP&bar=15m&limit=3
2026-07-31 18:11:45,538 [WARNING] [SESSION RESET] 연속 네트워크 오류 3회 — aiohttp 세션 재생성
2026-07-31 18:11:46,851 [WARNING] [API NetworkError] fetch_ohlcv 네트워크 오류 감지. 2/3. 1.5초 대기... 오류: okx GET https://www.okx.com/api/v5/market/candles?instId=PI-USDT-SWAP&bar=15m&limit=3
2026-07-31 18:12:04,224 [WARNING] [API NetworkError] fetch_ohlcv 네트워크 오류 감지. 3/3. 2.25초 대기... 오류: okx GET https://www.okx.com/api/v5/market/candles?instId=PI-USDT-SWAP&bar=15m&limit=3
2026-07-31 18:12:06,537 [ERROR] OHLCV 조회 실패 (PI/USDT:USDT): okx GET https://www.okx.com/api/v5/market/candles?instId=PI-USDT-SWAP&bar=15m&limit=3
2026-07-31 18:12:06,538 [WARNING] [CACHE] PI/USDT:USDT 증분 조회 빈 응답 → 기존 캐시 유지
2026-07-31 18:12:06,913 [WARNING] [API NetworkError] fetch_ohlcv 네트워크 오류 감지. 1/3. 1.0초 대기... 오류: okx GET https://www.okx.com/api/v5/market/candles?instId=AAVE-USDT-SWAP&bar=15m&limit=3
2026-07-31 18:12:06,913 [WARNING] [SESSION RESET] 연속 네트워크 오류 3회 — aiohttp 세션 재생성
2026-07-31 18:12:07,389 [WARNING] [API NetworkError] fetch_positions 네트워크 오류 감지. 1/3. 1.0초 대기... 오류: okx GET https://www.okx.com/api/v5/account/positions
2026-07-31 18:12:10,730 [WARNING] [API NetworkError] fetch_ohlcv 네트워크 오류 감지. 2/3. 1.5초 대기... 오류: okx GET https://www.okx.com/api/v5/market/candles?instId=AAVE-USDT-SWAP&bar=15m&limit=3
2026-07-31 18:12:10,790 [WARNING] [API NetworkError] fetch_positions 네트워크 오류 감지. 2/3. 1.5초 대기... 오류: okx GET https://www.okx.com/api/v5/account/positions
2026-07-31 18:12:10,808 [WARNING] [SESSION RESET] 연속 네트워크 오류 3회 — aiohttp 세션 재생성
2026-07-31 18:12:12,475 [WARNING] [API NetworkError] fetch_ohlcv 네트워크 오류 감지. 3/3. 2.25초 대기... 오류: okx GET https://www.okx.com/api/v5/market/candles?instId=AAVE-USDT-SWAP&bar=15m&limit=3
2026-07-31 18:12:12,676 [WARNING] [API NetworkError] fetch_positions 네트워크 오류 감지. 3/3. 2.25초 대기... 오류: okx GET https://www.okx.com/api/v5/account/positions
2026-07-31 18:12:22,360 [ERROR] OHLCV 조회 실패 (AAVE/USDT:USDT): okx GET https://www.okx.com/api/v5/market/candles?instId=AAVE-USDT-SWAP&bar=15m&limit=3
2026-07-31 18:12:22,360 [WARNING] [CACHE] AAVE/USDT:USDT 증분 조회 빈 응답 → 기존 캐시 유지
2026-07-31 18:12:22,411 [ERROR] 포지션 조회 실패: okx GET https://www.okx.com/api/v5/account/positions
2026-07-31 18:12:22,411 [WARNING] [모니터링] 오류: okx GET https://www.okx.com/api/v5/account/positions
2026-07-31 18:12:22,412 [WARNING] [복구] 스캐너 정체 감지 (scan_count=2121 185초 정지) → 강제 재시작
2026-07-31 18:12:22,412 [INFO] [SCAN] 완료: 30개 종목 · 신호 0개 · API 호출 30회 · 캐시 히트 0회
2026-07-31 18:12:22,640 [WARNING] [API NetworkError] fetch_positions 네트워크 오류 감지. 1/3. 1.0초 대기... 오류: okx GET https://www.okx.com/api/v5/account/positions
2026-07-31 18:12:22,640 [WARNING] [SESSION RESET] 연속 네트워크 오류 3회 — aiohttp 세션 재생성
2026-07-31 18:12:24,122 [WARNING] [API NetworkError] fetch_positions 네트워크 오류 감지. 2/3. 1.5초 대기... 오류: okx GET https://www.okx.com/api/v5/account/positions
2026-07-31 18:12:25,850 [WARNING] [API NetworkError] fetch_positions 네트워크 오류 감지. 3/3. 2.25초 대기... 오류: okx GET https://www.okx.com/api/v5/account/positions
2026-07-31 18:14:06,769 [ERROR] 포지션 조회 실패: okx GET https://www.okx.com/api/v5/account/positions
2026-07-31 18:14:06,769 [ERROR] [PROTECT GUARD] 포지션 조회 실패: okx GET https://www.okx.com/api/v5/account/positions
2026-07-31 18:14:06,776 [INFO] [SCANNER] 스캔 엔진 중지
2026-07-31 18:14:06,783 [INFO] [SCANNER] 스캔 엔진 시작 (Async)
2026-07-31 18:14:06,784 [INFO] [SCANNER] 웹소켓 비활성(REST 전용) — 안정성 우선
2026-07-31 18:14:06,923 [WARNING] [API NetworkError] fetch_tickers 네트워크 오류 감지. 1/3. 1.0초 대기... 오류: okx GET https://www.okx.com/api/v5/market/tickers?instType=SPOT
2026-07-31 18:14:06,924 [WARNING] [SESSION RESET] 연속 네트워크 오류 3회 — aiohttp 세션 재생성
2026-07-31 18:14:08,319 [WARNING] [API NetworkError] fetch_tickers 네트워크 오류 감지. 2/3. 1.5초 대기... 오류: okx GET https://www.okx.com/api/v5/market/tickers?instType=SPOT
2026-07-31 18:14:09,932 [WARNING] [API NetworkError] fetch_tickers 네트워크 오류 감지. 3/3. 2.25초 대기... 오류: okx GET https://www.okx.com/api/v5/market/tickers?instType=SPOT
2026-07-31 18:14:12,525 [INFO] [상태] 잔고:$9.58 | 포지션:1개 | 스캔:2122회 | 스캐너:ON
2026-07-31 18:14:12,781 [INFO] [SCAN] 블랙리스트 4개 제외: ['IP/USDT:USDT', 'NES/USDT:USDT', 'WLD/USDT:USDT', 'XAG/USDT:USDT', 'XAU/USDT:USDT', 'XAUT/USDT:USDT']
2026-07-31 18:14:12,781 [INFO] [SCAN] 스캔 시작: 30개 페어 (캐시 36개 보유)
2026-07-31 18:14:26,432 [INFO] [SCAN] 완료: 30개 종목 · 신호 0개 · API 호출 30회 · 캐시 히트 0회
2026-07-31 18:14:42,759 [INFO] [SCAN] 블랙리스트 4개 제외: ['IP/USDT:USDT', 'NES/USDT:USDT', 'WLD/USDT:USDT', 'XAG/USDT:USDT', 'XAU/USDT:USDT', 'XAUT/USDT:USDT']
2026-07-31 18:14:42,759 [INFO] [SCAN] 스캔 시작: 30개 페어 (캐시 36개 보유)
2026-07-31 18:14:55,787 [INFO] [SCAN] 완료: 30개 종목 · 신호 0개 · API 호출 30회 · 캐시 히트 0회
2026-07-31 18:15:11,066 [INFO] [SCAN] 블랙리스트 4개 제외: ['IP/USDT:USDT', 'NES/USDT:USDT', 'WLD/USDT:USDT', 'XAG/USDT:USDT', 'XAU/USDT:USDT', 'XAUT/USDT:USDT']
2026-07-31 18:15:11,067 [INFO] [SCAN] 스캔 시작: 30개 페어 (캐시 36개 보유)
2026-07-31 18:15:13,084 [INFO] [상태] 잔고:$9.58 | 포지션:1개 | 스캔:2124회 | 스캐너:ON
2026-07-31 18:15:24,819 [INFO] [SCAN] 완료: 30개 종목 · 신호 0개 · API 호출 30회 · 캐시 히트 0회
2026-07-31 18:15:40,096 [INFO] [SCAN] 블랙리스트 4개 제외: ['IP/USDT:USDT', 'NES/USDT:USDT', 'WLD/USDT:USDT', 'XAG/USDT:USDT', 'XAU/USDT:USDT', 'XAUT/USDT:USDT']
2026-07-31 18:15:40,096 [INFO] [SCAN] 스캔 시작: 30개 페어 (캐시 36개 보유)
2026-07-31 18:15:53,193 [INFO] [SCAN] 완료: 30개 종목 · 신호 0개 · API 호출 30회 · 캐시 히트 0회
2026-07-31 18:16:09,567 [INFO] [SCAN] 블랙리스트 4개 제외: ['IP/USDT:USDT', 'NES/USDT:USDT', 'WLD/USDT:USDT', 'XAG/USDT:USDT', 'XAU/USDT:USDT', 'XAUT/USDT:USDT']
2026-07-31 18:16:09,567 [INFO] [SCAN] 스캔 시작: 30개 페어 (캐시 36개 보유)
2026-07-31 18:16:13,545 [INFO] [상태] 잔고:$9.58 | 포지션:1개 | 스캔:2126회 | 스캐너:ON
2026-07-31 18:16:23,069 [INFO] [SCAN] 완료: 30개 종목 · 신호 0개 · API 호출 30회 · 캐시 히트 0회
2026-07-31 18:16:38,343 [INFO] [SCAN] 블랙리스트 4개 제외: ['IP/USDT:USDT', 'NES/USDT:USDT', 'WLD/USDT:USDT', 'XAG/USDT:USDT', 'XAU/USDT:USDT', 'XAUT/USDT:USDT']
2026-07-31 18:16:38,343 [INFO] [SCAN] 스캔 시작: 30개 페어 (캐시 36개 보유)
2026-07-31 18:16:51,392 [INFO] [SCAN] 완료: 30개 종목 · 신호 0개 · API 호출 30회 · 캐시 히트 0회
2026-07-31 18:17:06,674 [INFO] [SCAN] 블랙리스트 4개 제외: ['IP/USDT:USDT', 'NES/USDT:USDT', 'WLD/USDT:USDT', 'XAG/USDT:USDT', 'XAU/USDT:USDT', 'XAUT/USDT:USDT']
2026-07-31 18:17:06,675 [INFO] [SCAN] 스캔 시작: 30개 페어 (캐시 36개 보유)
2026-07-31 18:17:14,207 [INFO] [상태] 잔고:$9.58 | 포지션:1개 | 스캔:2128회 | 스캐너:ON
2026-07-31 18:17:20,227 [INFO] [SCAN] 완료: 30개 종목 · 신호 0개 · API 호출 30회 · 캐시 히트 0회
2026-07-31 18:17:36,516 [INFO] [SCAN] 블랙리스트 4개 제외: ['IP/USDT:USDT', 'NES/USDT:USDT', 'WLD/USDT:USDT', 'XAG/USDT:USDT', 'XAU/USDT:USDT', 'XAUT/USDT:USDT']
2026-07-31 18:17:36,517 [INFO] [SCAN] 스캔 시작: 30개 페어 (캐시 36개 보유)
2026-07-31 18:17:49,587 [INFO] [SCAN] 완료: 30개 종목 · 신호 0개 · API 호출 30회 · 캐시 히트 0회
2026-07-31 18:18:04,843 [INFO] [SCAN] 블랙리스트 4개 제외: ['IP/USDT:USDT', 'NES/USDT:USDT', 'WLD/USDT:USDT', 'XAG/USDT:USDT', 'XAU/USDT:USDT', 'XAUT/USDT:USDT']
2026-07-31 18:18:04,843 [INFO] [SCAN] 스캔 시작: 30개 페어 (캐시 36개 보유)
2026-07-31 18:18:14,634 [INFO] [상태] 잔고:$9.58 | 포지션:1개 | 스캔:2130회 | 스캐너:ON
2026-07-31 18:18:18,166 [INFO] [SCAN] 완료: 30개 종목 · 신호 0개 · API 호출 30회 · 캐시 히트 0회
2026-07-31 18:18:33,412 [INFO] [SCAN] 블랙리스트 4개 제외: ['IP/USDT:USDT', 'NES/USDT:USDT', 'WLD/USDT:USDT', 'XAG/USDT:USDT', 'XAU/USDT:USDT', 'XAUT/USDT:USDT']
2026-07-31 18:18:33,412 [INFO] [SCAN] 스캔 시작: 30개 페어 (캐시 36개 보유)
2026-07-31 18:18:46,430 [INFO] [SCAN] 완료: 30개 종목 · 신호 0개 · API 호출 30회 · 캐시 히트 0회
2026-07-31 18:19:02,631 [INFO] [SCAN] 블랙리스트 4개 제외: ['IP/USDT:USDT', 'NES/USDT:USDT', 'WLD/USDT:USDT', 'XAG/USDT:USDT', 'XAU/USDT:USDT', 'XAUT/USDT:USDT']
2026-07-31 18:19:02,631 [INFO] [SCAN] 스캔 시작: 30개 페어 (캐시 36개 보유)
2026-07-31 18:19:15,207 [INFO] [상태] 잔고:$9.58 | 포지션:1개 | 스캔:2132회 | 스캐너:ON
2026-07-31 18:19:15,911 [INFO] [SCAN] 완료: 30개 종목 · 신호 0개 · API 호출 30회 · 캐시 히트 0회
2026-07-31 18:19:31,202 [INFO] [SCAN] 블랙리스트 4개 제외: ['IP/USDT:USDT', 'NES/USDT:USDT', 'WLD/USDT:USDT', 'XAG/USDT:USDT', 'XAU/USDT:USDT', 'XAUT/USDT:USDT']
2026-07-31 18:19:31,202 [INFO] [SCAN] 스캔 시작: 30개 페어 (캐시 36개 보유)
2026-07-31 18:19:44,585 [INFO] [SCAN] 완료: 30개 종목 · 신호 0개 · API 호출 30회 · 캐시 히트 0회
2026-07-31 18:19:59,807 [INFO] [SCAN] 블랙리스트 4개 제외: ['IP/USDT:USDT', 'NES/USDT:USDT', 'WLD/USDT:USDT', 'XAG/USDT:USDT', 'XAU/USDT:USDT', 'XAUT/USDT:USDT']
2026-07-31 18:19:59,807 [INFO] [SCAN] 스캔 시작: 30개 페어 (캐시 36개 보유)
2026-07-31 18:20:13,026 [INFO] [SCAN] 완료: 30개 종목 · 신호 0개 · API 호출 30회 · 캐시 히트 0회
2026-07-31 18:20:15,710 [INFO] [상태] 잔고:$9.57 | 포지션:1개 | 스캔:2135회 | 스캐너:ON
2026-07-31 18:20:29,473 [INFO] [SCAN] 블랙리스트 4개 제외: ['IP/USDT:USDT', 'NES/USDT:USDT', 'WLD/USDT:USDT', 'XAG/USDT:USDT', 'XAU/USDT:USDT', 'XAUT/USDT:USDT']
2026-07-31 18:20:29,473 [INFO] [SCAN] 스캔 시작: 30개 페어 (캐시 36개 보유)
2026-07-31 18:20:42,623 [INFO] [SCAN] 완료: 30개 종목 · 신호 0개 · API 호출 30회 · 캐시 히트 0회
2026-07-31 18:20:57,885 [INFO] [SCAN] 블랙리스트 4개 제외: ['IP/USDT:USDT', 'NES/USDT:USDT', 'WLD/USDT:USDT', 'XAG/USDT:USDT', 'XAU/USDT:USDT', 'XAUT/USDT:USDT']
2026-07-31 18:20:57,885 [INFO] [SCAN] 스캔 시작: 30개 페어 (캐시 36개 보유)
2026-07-31 18:21:10,923 [INFO] [SCAN] 완료: 30개 종목 · 신호 0개 · API 호출 30회 · 캐시 히트 0회
2026-07-31 18:21:16,157 [INFO] [상태] 잔고:$9.57 | 포지션:1개 | 스캔:2137회 | 스캐너:ON
2026-07-31 18:21:26,307 [INFO] [SCAN] 블랙리스트 4개 제외: ['IP/USDT:USDT', 'NES/USDT:USDT', 'WLD/USDT:USDT', 'XAG/USDT:USDT', 'XAU/USDT:USDT', 'XAUT/USDT:USDT']
2026-07-31 18:21:26,307 [INFO] [SCAN] 스캔 시작: 30개 페어 (캐시 36개 보유)
2026-07-31 18:21:39,413 [INFO] [SCAN] 완료: 30개 종목 · 신호 0개 · API 호출 30회 · 캐시 히트 0회
2026-07-31 18:21:55,635 [INFO] [SCAN] 블랙리스트 4개 제외: ['IP/USDT:USDT', 'NES/USDT:USDT', 'WLD/USDT:USDT', 'XAG/USDT:USDT', 'XAU/USDT:USDT', 'XAUT/USDT:USDT']
2026-07-31 18:21:55,635 [INFO] [SCAN] 스캔 시작: 30개 페어 (캐시 36개 보유)
2026-07-31 18:22:08,748 [INFO] [SCAN] 완료: 30개 종목 · 신호 0개 · API 호출 30회 · 캐시 히트 0회
2026-07-31 18:22:16,595 [INFO] [상태] 잔고:$9.57 | 포지션:1개 | 스캔:2139회 | 스캐너:ON
2026-07-31 18:22:24,173 [INFO] [SCAN] 블랙리스트 4개 제외: ['IP/USDT:USDT', 'NES/USDT:USDT', 'WLD/USDT:USDT', 'XAG/USDT:USDT', 'XAU/USDT:USDT', 'XAUT/USDT:USDT']
2026-07-31 18:22:24,173 [INFO] [SCAN] 스캔 시작: 30개 페어 (캐시 36개 보유)
2026-07-31 18:22:37,412 [INFO] [SCAN] 완료: 30개 종목 · 신호 0개 · API 호출 30회 · 캐시 히트 0회
2026-07-31 18:22:52,666 [INFO] [SCAN] 블랙리스트 4개 제외: ['IP/USDT:USDT', 'NES/USDT:USDT', 'WLD/USDT:USDT', 'XAG/USDT:USDT', 'XAU/USDT:USDT', 'XAUT/USDT:USDT']
2026-07-31 18:22:52,666 [INFO] [SCAN] 스캔 시작: 30개 페어 (캐시 36개 보유)
2026-07-31 18:23:05,835 [INFO] [SCAN] 완료: 30개 종목 · 신호 0개 · API 호출 30회 · 캐시 히트 0회
2026-07-31 18:23:17,105 [INFO] [상태] 잔고:$9.56 | 포지션:1개 | 스캔:2141회 | 스캐너:ON
2026-07-31 18:23:22,183 [INFO] [SCAN] 블랙리스트 4개 제외: ['IP/USDT:USDT', 'NES/USDT:USDT', 'WLD/USDT:USDT', 'XAG/USDT:USDT', 'XAU/USDT:USDT', 'XAUT/USDT:USDT']
2026-07-31 18:23:22,183 [INFO] [SCAN] 스캔 시작: 30개 페어 (캐시 36개 보유)
2026-07-31 18:23:35,586 [INFO] [SCAN] 완료: 30개 종목 · 신호 0개 · API 호출 30회 · 캐시 히트 0회
2026-07-31 18:23:50,856 [INFO] [SCAN] 블랙리스트 4개 제외: ['IP/USDT:USDT', 'NES/USDT:USDT', 'WLD/USDT:USDT', 'XAG/USDT:USDT', 'XAU/USDT:USDT', 'XAUT/USDT:USDT']
2026-07-31 18:23:50,856 [INFO] [SCAN] 스캔 시작: 30개 페어 (캐시 36개 보유)
2026-07-31 18:24:03,987 [INFO] [SCAN] 완료: 30개 종목 · 신호 0개 · API 호출 30회 · 캐시 히트 0회
2026-07-31 18:24:17,545 [INFO] [상태] 잔고:$9.56 | 포지션:1개 | 스캔:2143회 | 스캐너:ON
2026-07-31 18:24:19,353 [INFO] [SCAN] 블랙리스트 4개 제외: ['IP/USDT:USDT', 'NES/USDT:USDT', 'WLD/USDT:USDT', 'XAG/USDT:USDT', 'XAU/USDT:USDT', 'XAUT/USDT:USDT']
2026-07-31 18:24:19,353 [INFO] [SCAN] 스캔 시작: 30개 페어 (캐시 36개 보유)
2026-07-31 18:24:32,421 [INFO] [SCAN] 완료: 30개 종목 · 신호 0개 · API 호출 30회 · 캐시 히트 0회
2026-07-31 18:24:48,683 [INFO] [SCAN] 블랙리스트 4개 제외: ['IP/USDT:USDT', 'NES/USDT:USDT', 'WLD/USDT:USDT', 'XAG/USDT:USDT', 'XAU/USDT:USDT', 'XAUT/USDT:USDT']
2026-07-31 18:24:48,683 [INFO] [SCAN] 스캔 시작: 30개 페어 (캐시 36개 보유)
2026-07-31 18:25:01,813 [INFO] [SCAN] 완료: 30개 종목 · 신호 0개 · API 호출 30회 · 캐시 히트 0회
2026-07-31 18:25:17,101 [INFO] [SCAN] 블랙리스트 4개 제외: ['IP/USDT:USDT', 'NES/USDT:USDT', 'WLD/USDT:USDT', 'XAG/USDT:USDT', 'XAU/USDT:USDT', 'XAUT/USDT:USDT']
2026-07-31 18:25:17,101 [INFO] [SCAN] 스캔 시작: 30개 페어 (캐시 36개 보유)
2026-07-31 18:25:18,132 [INFO] [상태] 잔고:$9.56 | 포지션:1개 | 스캔:2145회 | 스캐너:ON
2026-07-31 18:25:30,538 [INFO] [SCAN] 완료: 30개 종목 · 신호 0개 · API 호출 30회 · 캐시 히트 0회
2026-07-31 18:25:45,790 [INFO] [SCAN] 블랙리스트 4개 제외: ['IP/USDT:USDT', 'NES/USDT:USDT', 'WLD/USDT:USDT', 'XAG/USDT:USDT', 'XAU/USDT:USDT', 'XAUT/USDT:USDT']
2026-07-31 18:25:45,790 [INFO] [SCAN] 스캔 시작: 30개 페어 (캐시 36개 보유)
2026-07-31 18:25:58,898 [INFO] [SCAN] 완료: 30개 종목 · 신호 0개 · API 호출 30회 · 캐시 히트 0회
2026-07-31 18:26:15,118 [INFO] [SCAN] 블랙리스트 4개 제외: ['IP/USDT:USDT', 'NES/USDT:USDT', 'WLD/USDT:USDT', 'XAG/USDT:USDT', 'XAU/USDT:USDT', 'XAUT/USDT:USDT']
2026-07-31 18:26:15,118 [INFO] [SCAN] 스캔 시작: 30개 페어 (캐시 36개 보유)
2026-07-31 18:26:18,614 [INFO] [상태] 잔고:$9.57 | 포지션:1개 | 스캔:2147회 | 스캐너:ON
2026-07-31 18:26:28,742 [INFO] [SCAN] 완료: 30개 종목 · 신호 0개 · API 호출 30회 · 캐시 히트 0회
2026-07-31 18:26:43,999 [INFO] [SCAN] 블랙리스트 4개 제외: ['IP/USDT:USDT', 'NES/USDT:USDT', 'WLD/USDT:USDT', 'XAG/USDT:USDT', 'XAU/USDT:USDT', 'XAUT/USDT:USDT']
2026-07-31 18:26:43,999 [INFO] [SCAN] 스캔 시작: 30개 페어 (캐시 36개 보유)
2026-07-31 18:26:57,569 [INFO] [SCAN] 완료: 30개 종목 · 신호 0개 · API 호출 30회 · 캐시 히트 0회
2026-07-31 18:27:12,871 [INFO] [SCAN] 블랙리스트 4개 제외: ['IP/USDT:USDT', 'NES/USDT:USDT', 'WLD/USDT:USDT', 'XAG/USDT:USDT', 'XAU/USDT:USDT', 'XAUT/USDT:USDT']
2026-07-31 18:27:12,871 [INFO] [SCAN] 스캔 시작: 30개 페어 (캐시 36개 보유)
2026-07-31 18:27:19,059 [INFO] [상태] 잔고:$9.57 | 포지션:1개 | 스캔:2149회 | 스캐너:ON
2026-07-31 18:27:26,376 [INFO] [SCAN] 완료: 30개 종목 · 신호 0개 · API 호출 30회 · 캐시 히트 0회
2026-07-31 18:27:42,645 [INFO] [SCAN] 블랙리스트 4개 제외: ['IP/USDT:USDT', 'NES/USDT:USDT', 'WLD/USDT:USDT', 'XAG/USDT:USDT', 'XAU/USDT:USDT', 'XAUT/USDT:USDT']
2026-07-31 18:27:42,645 [INFO] [SCAN] 스캔 시작: 30개 페어 (캐시 36개 보유)
2026-07-31 18:27:55,767 [INFO] [SCAN] 완료: 30개 종목 · 신호 0개 · API 호출 30회 · 캐시 히트 0회
2026-07-31 18:28:11,022 [INFO] [SCAN] 블랙리스트 4개 제외: ['IP/USDT:USDT', 'NES/USDT:USDT', 'WLD/USDT:USDT', 'XAG/USDT:USDT', 'XAU/USDT:USDT', 'XAUT/USDT:USDT']
2026-07-31 18:28:11,022 [INFO] [SCAN] 스캔 시작: 30개 페어 (캐시 36개 보유)
2026-07-31 18:28:19,508 [INFO] [상태] 잔고:$9.57 | 포지션:1개 | 스캔:2151회 | 스캐너:ON
2026-07-31 18:28:24,400 [INFO] [SCAN] 완료: 30개 종목 · 신호 0개 · API 호출 30회 · 캐시 히트 0회
2026-07-31 18:28:39,671 [INFO] [SCAN] 블랙리스트 4개 제외: ['IP/USDT:USDT', 'NES/USDT:USDT', 'WLD/USDT:USDT', 'XAG/USDT:USDT', 'XAU/USDT:USDT', 'XAUT/USDT:USDT']
2026-07-31 18:28:39,671 [INFO] [SCAN] 스캔 시작: 30개 페어 (캐시 36개 보유)
2026-07-31 18:28:52,935 [INFO] [SCAN] 완료: 30개 종목 · 신호 0개 · API 호출 30회 · 캐시 히트 0회
2026-07-31 18:29:09,228 [INFO] [SCAN] 블랙리스트 4개 제외: ['IP/USDT:USDT', 'NES/USDT:USDT', 'WLD/USDT:USDT', 'XAG/USDT:USDT', 'XAU/USDT:USDT', 'XAUT/USDT:USDT']
2026-07-31 18:29:09,228 [INFO] [SCAN] 스캔 시작: 30개 페어 (캐시 36개 보유)
2026-07-31 18:29:20,039 [INFO] [상태] 잔고:$9.57 | 포지션:1개 | 스캔:2153회 | 스캐너:ON
2026-07-31 18:29:23,012 [INFO] [SCAN] 완료: 30개 종목 · 신호 0개 · API 호출 30회 · 캐시 히트 0회
2026-07-31 18:29:38,397 [INFO] [SCAN] 블랙리스트 4개 제외: ['IP/USDT:USDT', 'NES/USDT:USDT', 'WLD/USDT:USDT', 'XAG/USDT:USDT', 'XAU/USDT:USDT', 'XAUT/USDT:USDT']
2026-07-31 18:29:38,397 [INFO] [SCAN] 스캔 시작: 30개 페어 (캐시 36개 보유)
2026-07-31 18:29:51,544 [INFO] [SCAN] 완료: 30개 종목 · 신호 0개 · API 호출 30회 · 캐시 히트 0회
2026-07-31 18:30:06,795 [INFO] [SCAN] 블랙리스트 4개 제외: ['IP/USDT:USDT', 'NES/USDT:USDT', 'WLD/USDT:USDT', 'XAG/USDT:USDT', 'XAU/USDT:USDT', 'XAUT/USDT:USDT']
2026-07-31 18:30:06,795 [INFO] [SCAN] 스캔 시작: 30개 페어 (캐시 36개 보유)
2026-07-31 18:30:20,086 [INFO] [SCAN] 완료: 30개 종목 · 신호 0개 · API 호출 30회 · 캐시 히트 0회
2026-07-31 18:30:20,758 [INFO] [상태] 잔고:$9.56 | 포지션:1개 | 스캔:2156회 | 스캐너:ON
2026-07-31 18:30:36,620 [INFO] [SCAN] 블랙리스트 4개 제외: ['IP/USDT:USDT', 'NES/USDT:USDT', 'WLD/USDT:USDT', 'XAG/USDT:USDT', 'XAU/USDT:USDT', 'XAUT/USDT:USDT']
2026-07-31 18:30:36,620 [INFO] [SCAN] 스캔 시작: 30개 페어 (캐시 36개 보유)
2026-07-31 18:30:50,152 [INFO] [SCAN] 완료: 30개 종목 · 신호 0개 · API 호출 30회 · 캐시 히트 0회
2026-07-31 18:31:05,397 [INFO] [SCAN] 블랙리스트 4개 제외: ['IP/USDT:USDT', 'NES/USDT:USDT', 'WLD/USDT:USDT', 'XAG/USDT:USDT', 'XAU/USDT:USDT', 'XAUT/USDT:USDT']
2026-07-31 18:31:05,397 [INFO] [SCAN] 스캔 시작: 30개 페어 (캐시 36개 보유)
2026-07-31 18:31:18,720 [INFO] [SCAN] 완료: 30개 종목 · 신호 0개 · API 호출 30회 · 캐시 히트 0회
2026-07-31 18:31:21,223 [INFO] [상태] 잔고:$9.56 | 포지션:1개 | 스캔:2158회 | 스캐너:ON
2026-07-31 18:31:34,174 [INFO] [SCAN] 블랙리스트 4개 제외: ['IP/USDT:USDT', 'NES/USDT:USDT', 'WLD/USDT:USDT', 'XAG/USDT:USDT', 'XAU/USDT:USDT', 'XAUT/USDT:USDT']
2026-07-31 18:31:34,174 [INFO] [SCAN] 스캔 시작: 30개 페어 (캐시 36개 보유)
2026-07-31 18:31:47,621 [INFO] [SCAN] 완료: 30개 종목 · 신호 0개 · API 호출 30회 · 캐시 히트 0회
2026-07-31 18:32:04,045 [INFO] [SCAN] 블랙리스트 4개 제외: ['IP/USDT:USDT', 'NES/USDT:USDT', 'WLD/USDT:USDT', 'XAG/USDT:USDT', 'XAU/USDT:USDT', 'XAUT/USDT:USDT']
2026-07-31 18:32:04,045 [INFO] [SCAN] 스캔 시작: 30개 페어 (캐시 36개 보유)
2026-07-31 18:32:17,407 [INFO] [SCAN] 완료: 30개 종목 · 신호 0개 · API 호출 30회 · 캐시 히트 0회
2026-07-31 18:32:21,669 [INFO] [상태] 잔고:$9.56 | 포지션:1개 | 스캔:2160회 | 스캐너:ON
2026-07-31 18:32:32,789 [INFO] [SCAN] 블랙리스트 4개 제외: ['IP/USDT:USDT', 'NES/USDT:USDT', 'WLD/USDT:USDT', 'XAG/USDT:USDT', 'XAU/USDT:USDT', 'XAUT/USDT:USDT']
2026-07-31 18:32:32,789 [INFO] [SCAN] 스캔 시작: 30개 페어 (캐시 36개 보유)
2026-07-31 18:32:45,988 [INFO] [SCAN] 완료: 30개 종목 · 신호 0개 · API 호출 30회 · 캐시 히트 0회
2026-07-31 18:33:01,256 [INFO] [SCAN] 블랙리스트 4개 제외: ['IP/USDT:USDT', 'NES/USDT:USDT', 'WLD/USDT:USDT', 'XAG/USDT:USDT', 'XAU/USDT:USDT', 'XAUT/USDT:USDT']
2026-07-31 18:33:01,256 [INFO] [SCAN] 스캔 시작: 30개 페어 (캐시 36개 보유)
2026-07-31 18:33:14,388 [INFO] [SCAN] 완료: 30개 종목 · 신호 0개 · API 호출 30회 · 캐시 히트 0회
2026-07-31 18:33:22,186 [INFO] [상태] 잔고:$9.55 | 포지션:1개 | 스캔:2162회 | 스캐너:ON
2026-07-31 18:33:30,691 [INFO] [SCAN] 블랙리스트 4개 제외: ['IP/USDT:USDT', 'NES/USDT:USDT', 'WLD/USDT:USDT', 'XAG/USDT:USDT', 'XAU/USDT:USDT', 'XAUT/USDT:USDT']
2026-07-31 18:33:30,691 [INFO] [SCAN] 스캔 시작: 30개 페어 (캐시 36개 보유)
2026-07-31 18:33:43,851 [INFO] [SCAN] 완료: 30개 종목 · 신호 0개 · API 호출 30회 · 캐시 히트 0회
2026-07-31 18:33:59,111 [INFO] [SCAN] 블랙리스트 4개 제외: ['IP/USDT:USDT', 'NES/USDT:USDT', 'WLD/USDT:USDT', 'XAG/USDT:USDT', 'XAU/USDT:USDT', 'XAUT/USDT:USDT']
2026-07-31 18:33:59,111 [INFO] [SCAN] 스캔 시작: 30개 페어 (캐시 36개 보유)
2026-07-31 18:34:12,396 [INFO] [SCAN] 완료: 30개 종목 · 신호 0개 · API 호출 30회 · 캐시 히트 0회
2026-07-31 18:34:22,732 [INFO] [상태] 잔고:$9.56 | 포지션:1개 | 스캔:2164회 | 스캐너:ON
2026-07-31 18:34:27,777 [INFO] [SCAN] 블랙리스트 4개 제외: ['IP/USDT:USDT', 'NES/USDT:USDT', 'WLD/USDT:USDT', 'XAG/USDT:USDT', 'XAU/USDT:USDT', 'XAUT/USDT:USDT']
2026-07-31 18:34:27,777 [INFO] [SCAN] 스캔 시작: 30개 페어 (캐시 36개 보유)
2026-07-31 18:34:41,133 [INFO] [SCAN] 완료: 30개 종목 · 신호 0개 · API 호출 30회 · 캐시 히트 0회
2026-07-31 18:34:57,468 [INFO] [SCAN] 블랙리스트 4개 제외: ['IP/USDT:USDT', 'NES/USDT:USDT', 'WLD/USDT:USDT', 'XAG/USDT:USDT', 'XAU/USDT:USDT', 'XAUT/USDT:USDT']
2026-07-31 18:34:57,468 [INFO] [SCAN] 스캔 시작: 30개 페어 (캐시 36개 보유)
2026-07-31 18:35:11,097 [INFO] [SCAN] 완료: 30개 종목 · 신호 0개 · API 호출 30회 · 캐시 히트 0회
2026-07-31 18:35:23,252 [INFO] [상태] 잔고:$9.57 | 포지션:1개 | 스캔:2166회 | 스캐너:ON
2026-07-31 18:35:26,503 [INFO] [SCAN] 블랙리스트 4개 제외: ['IP/USDT:USDT', 'NES/USDT:USDT', 'WLD/USDT:USDT', 'XAG/USDT:USDT', 'XAU/USDT:USDT', 'XAUT/USDT:USDT']
2026-07-31 18:35:26,503 [INFO] [SCAN] 스캔 시작: 30개 페어 (캐시 36개 보유)
2026-07-31 18:35:40,169 [INFO] [SCAN] 완료: 30개 종목 · 신호 0개 · API 호출 30회 · 캐시 히트 0회
2026-07-31 18:35:55,387 [INFO] [SCAN] 블랙리스트 4개 제외: ['IP/USDT:USDT', 'NES/USDT:USDT', 'WLD/USDT:USDT', 'XAG/USDT:USDT', 'XAU/USDT:USDT', 'XAUT/USDT:USDT']
2026-07-31 18:35:55,388 [INFO] [SCAN] 스캔 시작: 30개 페어 (캐시 36개 보유)
2026-07-31 18:36:08,493 [INFO] [SCAN] 완료: 30개 종목 · 신호 0개 · API 호출 30회 · 캐시 히트 0회
2026-07-31 18:36:23,752 [INFO] [상태] 잔고:$9.57 | 포지션:1개 | 스캔:2168회 | 스캐너:ON
2026-07-31 18:36:24,789 [INFO] [SCAN] 블랙리스트 4개 제외: ['IP/USDT:USDT', 'NES/USDT:USDT', 'WLD/USDT:USDT', 'XAG/USDT:USDT', 'XAU/USDT:USDT', 'XAUT/USDT:USDT']
2026-07-31 18:36:24,789 [INFO] [SCAN] 스캔 시작: 30개 페어 (캐시 36개 보유)
2026-07-31 18:36:38,027 [INFO] [SCAN] 완료: 30개 종목 · 신호 0개 · API 호출 30회 · 캐시 히트 0회
2026-07-31 18:36:53,285 [INFO] [SCAN] 블랙리스트 4개 제외: ['IP/USDT:USDT', 'NES/USDT:USDT', 'WLD/USDT:USDT', 'XAG/USDT:USDT', 'XAU/USDT:USDT', 'XAUT/USDT:USDT']
2026-07-31 18:36:53,286 [INFO] [SCAN] 스캔 시작: 30개 페어 (캐시 36개 보유)
2026-07-31 18:37:06,454 [INFO] [SCAN] 완료: 30개 종목 · 신호 0개 · API 호출 30회 · 캐시 히트 0회
2026-07-31 18:37:21,723 [INFO] [SCAN] 블랙리스트 4개 제외: ['IP/USDT:USDT', 'NES/USDT:USDT', 'WLD/USDT:USDT', 'XAG/USDT:USDT', 'XAU/USDT:USDT', 'XAUT/USDT:USDT']
2026-07-31 18:37:21,723 [INFO] [SCAN] 스캔 시작: 30개 페어 (캐시 36개 보유)
2026-07-31 18:37:24,319 [INFO] [상태] 잔고:$9.57 | 포지션:1개 | 스캔:2170회 | 스캐너:ON
2026-07-31 18:37:35,145 [INFO] [SCAN] 완료: 30개 종목 · 신호 0개 · API 호출 30회 · 캐시 히트 0회
2026-07-31 18:37:51,400 [INFO] [SCAN] 블랙리스트 4개 제외: ['IP/USDT:USDT', 'NES/USDT:USDT', 'WLD/USDT:USDT', 'XAG/USDT:USDT', 'XAU/USDT:USDT', 'XAUT/USDT:USDT']
2026-07-31 18:37:51,400 [INFO] [SCAN] 스캔 시작: 30개 페어 (캐시 36개 보유)
2026-07-31 18:38:04,611 [INFO] [SCAN] 완료: 30개 종목 · 신호 0개 · API 호출 30회 · 캐시 히트 0회
2026-07-31 18:38:19,827 [INFO] [SCAN] 블랙리스트 4개 제외: ['IP/USDT:USDT', 'NES/USDT:USDT', 'WLD/USDT:USDT', 'XAG/USDT:USDT', 'XAU/USDT:USDT', 'XAUT/USDT:USDT']
2026-07-31 18:38:19,827 [INFO] [SCAN] 스캔 시작: 30개 페어 (캐시 36개 보유)
2026-07-31 18:38:24,753 [INFO] [상태] 잔고:$9.57 | 포지션:1개 | 스캔:2172회 | 스캐너:ON
2026-07-31 18:38:33,077 [INFO] [SCAN] 완료: 30개 종목 · 신호 0개 · API 호출 30회 · 캐시 히트 0회
2026-07-31 18:38:48,312 [INFO] [SCAN] 블랙리스트 4개 제외: ['IP/USDT:USDT', 'NES/USDT:USDT', 'WLD/USDT:USDT', 'XAG/USDT:USDT', 'XAU/USDT:USDT', 'XAUT/USDT:USDT']
2026-07-31 18:38:48,313 [INFO] [SCAN] 스캔 시작: 30개 페어 (캐시 36개 보유)
2026-07-31 18:39:01,611 [INFO] [SCAN] 완료: 30개 종목 · 신호 0개 · API 호출 30회 · 캐시 히트 0회
2026-07-31 18:39:17,832 [INFO] [SCAN] 블랙리스트 4개 제외: ['IP/USDT:USDT', 'NES/USDT:USDT', 'WLD/USDT:USDT', 'XAG/USDT:USDT', 'XAU/USDT:USDT', 'XAUT/USDT:USDT']
2026-07-31 18:39:17,834 [INFO] [SCAN] 스캔 시작: 30개 페어 (캐시 36개 보유)
2026-07-31 18:39:25,187 [INFO] [상태] 잔고:$9.57 | 포지션:1개 | 스캔:2174회 | 스캐너:ON
2026-07-31 18:39:31,657 [INFO] [SCAN] 완료: 30개 종목 · 신호 0개 · API 호출 30회 · 캐시 히트 0회
2026-07-31 18:39:46,901 [INFO] [SCAN] 블랙리스트 4개 제외: ['IP/USDT:USDT', 'NES/USDT:USDT', 'WLD/USDT:USDT', 'XAG/USDT:USDT', 'XAU/USDT:USDT', 'XAUT/USDT:USDT']
2026-07-31 18:39:46,901 [INFO] [SCAN] 스캔 시작: 30개 페어 (캐시 36개 보유)
2026-07-31 18:39:59,910 [INFO] [SCAN] 완료: 30개 종목 · 신호 0개 · API 호출 30회 · 캐시 히트 0회
2026-07-31 18:40:15,160 [INFO] [SCAN] 블랙리스트 4개 제외: ['IP/USDT:USDT', 'NES/USDT:USDT', 'WLD/USDT:USDT', 'XAG/USDT:USDT', 'XAU/USDT:USDT', 'XAUT/USDT:USDT']
2026-07-31 18:40:15,161 [INFO] [SCAN] 스캔 시작: 30개 페어 (캐시 36개 보유)
2026-07-31 18:40:25,615 [INFO] [상태] 잔고:$9.57 | 포지션:1개 | 스캔:2176회 | 스캐너:ON
2026-07-31 18:40:28,333 [INFO] [SCAN] 완료: 30개 종목 · 신호 0개 · API 호출 30회 · 캐시 히트 0회
2026-07-31 18:40:44,518 [INFO] [SCAN] 블랙리스트 4개 제외: ['IP/USDT:USDT', 'NES/USDT:USDT', 'WLD/USDT:USDT', 'XAG/USDT:USDT', 'XAU/USDT:USDT', 'XAUT/USDT:USDT']
2026-07-31 18:40:44,518 [INFO] [SCAN] 스캔 시작: 30개 페어 (캐시 36개 보유)
2026-07-31 18:40:57,620 [INFO] [SCAN] 완료: 30개 종목 · 신호 0개 · API 호출 30회 · 캐시 히트 0회
2026-07-31 18:41:12,872 [INFO] [SCAN] 블랙리스트 4개 제외: ['IP/USDT:USDT', 'NES/USDT:USDT', 'WLD/USDT:USDT', 'XAG/USDT:USDT', 'XAU/USDT:USDT', 'XAUT/USDT:USDT']
2026-07-31 18:41:12,872 [INFO] [SCAN] 스캔 시작: 30개 페어 (캐시 36개 보유)
2026-07-31 18:41:25,973 [INFO] [SCAN] 완료: 30개 종목 · 신호 0개 · API 호출 30회 · 캐시 히트 0회
2026-07-31 18:41:26,069 [INFO] [상태] 잔고:$9.56 | 포지션:1개 | 스캔:2179회 | 스캐너:ON
2026-07-31 18:41:41,386 [INFO] [SCAN] 블랙리스트 4개 제외: ['IP/USDT:USDT', 'NES/USDT:USDT', 'WLD/USDT:USDT', 'XAG/USDT:USDT', 'XAU/USDT:USDT', 'XAUT/USDT:USDT']
2026-07-31 18:41:41,386 [INFO] [SCAN] 스캔 시작: 30개 페어 (캐시 36개 보유)
2026-07-31 18:41:54,653 [INFO] [SCAN] 완료: 30개 종목 · 신호 0개 · API 호출 30회 · 캐시 히트 0회
2026-07-31 18:42:10,850 [INFO] [SCAN] 블랙리스트 4개 제외: ['IP/USDT:USDT', 'NES/USDT:USDT', 'WLD/USDT:USDT', 'XAG/USDT:USDT', 'XAU/USDT:USDT', 'XAUT/USDT:USDT']
2026-07-31 18:42:10,851 [INFO] [SCAN] 스캔 시작: 30개 페어 (캐시 36개 보유)
2026-07-31 18:42:23,960 [INFO] [SCAN] 완료: 30개 종목 · 신호 0개 · API 호출 30회 · 캐시 히트 0회
2026-07-31 18:42:26,528 [INFO] [상태] 잔고:$9.56 | 포지션:1개 | 스캔:2181회 | 스캐너:ON
2026-07-31 18:42:39,349 [INFO] [SCAN] 블랙리스트 4개 제외: ['IP/USDT:USDT', 'NES/USDT:USDT', 'WLD/USDT:USDT', 'XAG/USDT:USDT', 'XAU/USDT:USDT', 'XAUT/USDT:USDT']
2026-07-31 18:42:39,349 [INFO] [SCAN] 스캔 시작: 30개 페어 (캐시 36개 보유)
2026-07-31 18:42:52,324 [INFO] [SCAN] 완료: 30개 종목 · 신호 0개 · API 호출 30회 · 캐시 히트 0회
2026-07-31 18:43:07,568 [INFO] [SCAN] 블랙리스트 4개 제외: ['IP/USDT:USDT', 'NES/USDT:USDT', 'WLD/USDT:USDT', 'XAG/USDT:USDT', 'XAU/USDT:USDT', 'XAUT/USDT:USDT']
2026-07-31 18:43:07,568 [INFO] [SCAN] 스캔 시작: 30개 페어 (캐시 36개 보유)
2026-07-31 18:43:20,586 [INFO] [SCAN] 완료: 30개 종목 · 신호 0개 · API 호출 30회 · 캐시 히트 0회
2026-07-31 18:43:27,013 [INFO] [상태] 잔고:$9.56 | 포지션:1개 | 스캔:2183회 | 스캐너:ON
2026-07-31 18:43:36,870 [INFO] [SCAN] 블랙리스트 4개 제외: ['IP/USDT:USDT', 'NES/USDT:USDT', 'WLD/USDT:USDT', 'XAG/USDT:USDT', 'XAU/USDT:USDT', 'XAUT/USDT:USDT']
2026-07-31 18:43:36,871 [INFO] [SCAN] 스캔 시작: 30개 페어 (캐시 36개 보유)
2026-07-31 18:43:49,908 [INFO] [SCAN] 완료: 30개 종목 · 신호 0개 · API 호출 30회 · 캐시 히트 0회
2026-07-31 18:44:05,173 [INFO] [SCAN] 블랙리스트 4개 제외: ['IP/USDT:USDT', 'NES/USDT:USDT', 'WLD/USDT:USDT', 'XAG/USDT:USDT', 'XAU/USDT:USDT', 'XAUT/USDT:USDT']
2026-07-31 18:44:05,174 [INFO] [SCAN] 스캔 시작: 30개 페어 (캐시 36개 보유)
2026-07-31 18:44:18,236 [INFO] [SCAN] 완료: 30개 종목 · 신호 0개 · API 호출 30회 · 캐시 히트 0회
2026-07-31 18:44:27,445 [INFO] [상태] 잔고:$9.56 | 포지션:1개 | 스캔:2185회 | 스캐너:ON
2026-07-31 18:44:33,617 [INFO] [SCAN] 블랙리스트 4개 제외: ['IP/USDT:USDT', 'NES/USDT:USDT', 'WLD/USDT:USDT', 'XAG/USDT:USDT', 'XAU/USDT:USDT', 'XAUT/USDT:USDT']
2026-07-31 18:44:33,617 [INFO] [SCAN] 스캔 시작: 30개 페어 (캐시 36개 보유)
2026-07-31 18:44:46,678 [INFO] [SCAN] 완료: 30개 종목 · 신호 0개 · API 호출 30회 · 캐시 히트 0회
2026-07-31 18:45:02,872 [INFO] [SCAN] 블랙리스트 4개 제외: ['IP/USDT:USDT', 'NES/USDT:USDT', 'WLD/USDT:USDT', 'XAG/USDT:USDT', 'XAU/USDT:USDT', 'XAUT/USDT:USDT']
2026-07-31 18:45:02,872 [INFO] [SCAN] 스캔 시작: 30개 페어 (캐시 36개 보유)
2026-07-31 18:45:16,314 [INFO] [SCAN] 완료: 30개 종목 · 신호 0개 · API 호출 30회 · 캐시 히트 0회
2026-07-31 18:45:27,920 [INFO] [상태] 잔고:$9.56 | 포지션:1개 | 스캔:2187회 | 스캐너:ON
2026-07-31 18:45:31,700 [INFO] [SCAN] 블랙리스트 4개 제외: ['IP/USDT:USDT', 'NES/USDT:USDT', 'WLD/USDT:USDT', 'XAG/USDT:USDT', 'XAU/USDT:USDT', 'XAUT/USDT:USDT']
2026-07-31 18:45:31,700 [INFO] [SCAN] 스캔 시작: 30개 페어 (캐시 36개 보유)
2026-07-31 18:45:45,072 [INFO] [SCAN] 완료: 30개 종목 · 신호 0개 · API 호출 30회 · 캐시 히트 0회
2026-07-31 18:46:00,322 [INFO] [SCAN] 블랙리스트 4개 제외: ['IP/USDT:USDT', 'NES/USDT:USDT', 'WLD/USDT:USDT', 'XAG/USDT:USDT', 'XAU/USDT:USDT', 'XAUT/USDT:USDT']
2026-07-31 18:46:00,322 [INFO] [SCAN] 스캔 시작: 30개 페어 (캐시 36개 보유)
2026-07-31 18:46:13,922 [INFO] [SCAN] 완료: 30개 종목 · 신호 0개 · API 호출 30회 · 캐시 히트 0회
2026-07-31 18:46:28,414 [INFO] [상태] 잔고:$9.55 | 포지션:1개 | 스캔:2189회 | 스캐너:ON
2026-07-31 18:46:30,275 [INFO] [SCAN] 블랙리스트 4개 제외: ['IP/USDT:USDT', 'NES/USDT:USDT', 'WLD/USDT:USDT', 'XAG/USDT:USDT', 'XAU/USDT:USDT', 'XAUT/USDT:USDT']
2026-07-31 18:46:30,275 [INFO] [SCAN] 스캔 시작: 30개 페어 (캐시 36개 보유)
2026-07-31 18:46:43,682 [INFO] [SCAN] 완료: 30개 종목 · 신호 0개 · API 호출 30회 · 캐시 히트 0회
2026-07-31 18:46:58,930 [INFO] [SCAN] 블랙리스트 4개 제외: ['IP/USDT:USDT', 'NES/USDT:USDT', 'WLD/USDT:USDT', 'XAG/USDT:USDT', 'XAU/USDT:USDT', 'XAUT/USDT:USDT']
2026-07-31 18:46:58,931 [INFO] [SCAN] 스캔 시작: 30개 페어 (캐시 36개 보유)
2026-07-31 18:47:12,026 [INFO] [SCAN] 완료: 30개 종목 · 신호 0개 · API 호출 30회 · 캐시 히트 0회
2026-07-31 18:47:27,282 [INFO] [SCAN] 블랙리스트 4개 제외: ['IP/USDT:USDT', 'NES/USDT:USDT', 'WLD/USDT:USDT', 'XAG/USDT:USDT', 'XAU/USDT:USDT', 'XAUT/USDT:USDT']
2026-07-31 18:47:27,282 [INFO] [SCAN] 스캔 시작: 30개 페어 (캐시 36개 보유)
2026-07-31 18:47:28,859 [INFO] [상태] 잔고:$9.55 | 포지션:1개 | 스캔:2191회 | 스캐너:ON
2026-07-31 18:47:40,652 [INFO] [SCAN] 완료: 30개 종목 · 신호 0개 · API 호출 30회 · 캐시 히트 0회
2026-07-31 18:47:56,898 [INFO] [SCAN] 블랙리스트 4개 제외: ['IP/USDT:USDT', 'NES/USDT:USDT', 'WLD/USDT:USDT', 'XAG/USDT:USDT', 'XAU/USDT:USDT', 'XAUT/USDT:USDT']
2026-07-31 18:47:56,898 [INFO] [SCAN] 스캔 시작: 30개 페어 (캐시 36개 보유)
2026-07-31 18:48:10,200 [INFO] [SCAN] 완료: 30개 종목 · 신호 0개 · API 호출 30회 · 캐시 히트 0회
2026-07-31 18:48:25,463 [INFO] [SCAN] 블랙리스트 4개 제외: ['IP/USDT:USDT', 'NES/USDT:USDT', 'WLD/USDT:USDT', 'XAG/USDT:USDT', 'XAU/USDT:USDT', 'XAUT/USDT:USDT']
2026-07-31 18:48:25,464 [INFO] [SCAN] 스캔 시작: 30개 페어 (캐시 36개 보유)
2026-07-31 18:48:29,337 [INFO] [상태] 잔고:$9.56 | 포지션:1개 | 스캔:2193회 | 스캐너:ON
2026-07-31 18:48:38,814 [INFO] [SCAN] 완료: 30개 종목 · 신호 0개 · API 호출 30회 · 캐시 히트 0회
2026-07-31 18:48:54,074 [INFO] [SCAN] 블랙리스트 4개 제외: ['IP/USDT:USDT', 'NES/USDT:USDT', 'WLD/USDT:USDT', 'XAG/USDT:USDT', 'XAU/USDT:USDT', 'XAUT/USDT:USDT']
2026-07-31 18:48:54,074 [INFO] [SCAN] 스캔 시작: 30개 페어 (캐시 36개 보유)
2026-07-31 18:49:07,464 [INFO] [SCAN] 완료: 30개 종목 · 신호 0개 · API 호출 30회 · 캐시 히트 0회
2026-07-31 18:49:23,740 [INFO] [SCAN] 블랙리스트 4개 제외: ['IP/USDT:USDT', 'NES/USDT:USDT', 'WLD/USDT:USDT', 'XAG/USDT:USDT', 'XAU/USDT:USDT', 'XAUT/USDT:USDT']
2026-07-31 18:49:23,740 [INFO] [SCAN] 스캔 시작: 30개 페어 (캐시 36개 보유)
2026-07-31 18:49:29,779 [INFO] [상태] 잔고:$9.56 | 포지션:1개 | 스캔:2195회 | 스캐너:ON
2026-07-31 18:49:37,319 [INFO] [SCAN] 완료: 30개 종목 · 신호 0개 · API 호출 30회 · 캐시 히트 0회
2026-07-31 18:49:52,547 [INFO] [SCAN] 블랙리스트 4개 제외: ['IP/USDT:USDT', 'NES/USDT:USDT', 'WLD/USDT:USDT', 'XAG/USDT:USDT', 'XAU/USDT:USDT', 'XAUT/USDT:USDT']
2026-07-31 18:49:52,549 [INFO] [SCAN] 스캔 시작: 30개 페어 (캐시 36개 보유)
2026-07-31 18:50:05,698 [INFO] [SCAN] 완료: 30개 종목 · 신호 0개 · API 호출 30회 · 캐시 히트 0회
2026-07-31 18:50:20,942 [INFO] [SCAN] 블랙리스트 4개 제외: ['IP/USDT:USDT', 'NES/USDT:USDT', 'WLD/USDT:USDT', 'XAG/USDT:USDT', 'XAU/USDT:USDT', 'XAUT/USDT:USDT']
2026-07-31 18:50:20,942 [INFO] [SCAN] 스캔 시작: 30개 페어 (캐시 36개 보유)
2026-07-31 18:50:30,226 [INFO] [상태] 잔고:$9.56 | 포지션:1개 | 스캔:2197회 | 스캐너:ON
2026-07-31 18:50:34,311 [INFO] [SCAN] 완료: 30개 종목 · 신호 0개 · API 호출 30회 · 캐시 히트 0회
2026-07-31 18:50:50,557 [INFO] [SCAN] 블랙리스트 4개 제외: ['IP/USDT:USDT', 'NES/USDT:USDT', 'WLD/USDT:USDT', 'XAG/USDT:USDT', 'XAU/USDT:USDT', 'XAUT/USDT:USDT']
2026-07-31 18:50:50,557 [INFO] [SCAN] 스캔 시작: 30개 페어 (캐시 36개 보유)
2026-07-31 18:51:03,686 [INFO] [SCAN] 완료: 30개 종목 · 신호 0개 · API 호출 30회 · 캐시 히트 0회
2026-07-31 18:51:18,933 [INFO] [SCAN] 블랙리스트 4개 제외: ['IP/USDT:USDT', 'NES/USDT:USDT', 'WLD/USDT:USDT', 'XAG/USDT:USDT', 'XAU/USDT:USDT', 'XAUT/USDT:USDT']
2026-07-31 18:51:18,933 [INFO] [SCAN] 스캔 시작: 30개 페어 (캐시 36개 보유)
2026-07-31 18:51:30,715 [INFO] [상태] 잔고:$9.56 | 포지션:1개 | 스캔:2199회 | 스캐너:ON
2026-07-31 18:51:32,640 [INFO] [SCAN] 완료: 30개 종목 · 신호 0개 · API 호출 30회 · 캐시 히트 0회
2026-07-31 18:51:47,894 [INFO] [SCAN] 블랙리스트 4개 제외: ['IP/USDT:USDT', 'NES/USDT:USDT', 'WLD/USDT:USDT', 'XAG/USDT:USDT', 'XAU/USDT:USDT', 'XAUT/USDT:USDT']
2026-07-31 18:51:47,894 [INFO] [SCAN] 스캔 시작: 30개 페어 (캐시 36개 보유)
2026-07-31 18:52:01,158 [INFO] [SCAN] 완료: 30개 종목 · 신호 0개 · API 호출 30회 · 캐시 히트 0회
2026-07-31 18:52:17,393 [INFO] [SCAN] 블랙리스트 4개 제외: ['IP/USDT:USDT', 'NES/USDT:USDT', 'WLD/USDT:USDT', 'XAG/USDT:USDT', 'XAU/USDT:USDT', 'XAUT/USDT:USDT']
2026-07-31 18:52:17,394 [INFO] [SCAN] 스캔 시작: 30개 페어 (캐시 36개 보유)
2026-07-31 18:52:30,510 [INFO] [SCAN] 완료: 30개 종목 · 신호 0개 · API 호출 30회 · 캐시 히트 0회
2026-07-31 18:52:31,150 [INFO] [상태] 잔고:$9.56 | 포지션:1개 | 스캔:2202회 | 스캐너:ON
2026-07-31 18:52:45,904 [INFO] [SCAN] 블랙리스트 4개 제외: ['IP/USDT:USDT', 'NES/USDT:USDT', 'WLD/USDT:USDT', 'XAG/USDT:USDT', 'XAU/USDT:USDT', 'XAUT/USDT:USDT']
2026-07-31 18:52:45,905 [INFO] [SCAN] 스캔 시작: 30개 페어 (캐시 36개 보유)
2026-07-31 18:52:59,140 [INFO] [SCAN] 완료: 30개 종목 · 신호 0개 · API 호출 30회 · 캐시 히트 0회
2026-07-31 18:53:14,440 [INFO] [SCAN] 블랙리스트 4개 제외: ['IP/USDT:USDT', 'NES/USDT:USDT', 'WLD/USDT:USDT', 'XAG/USDT:USDT', 'XAU/USDT:USDT', 'XAUT/USDT:USDT']
2026-07-31 18:53:14,441 [INFO] [SCAN] 스캔 시작: 30개 페어 (캐시 36개 보유)
2026-07-31 18:53:27,747 [INFO] [SCAN] 완료: 30개 종목 · 신호 0개 · API 호출 30회 · 캐시 히트 0회
2026-07-31 18:53:31,638 [INFO] [상태] 잔고:$9.56 | 포지션:1개 | 스캔:2204회 | 스캐너:ON
2026-07-31 18:53:44,089 [INFO] [SCAN] 블랙리스트 4개 제외: ['IP/USDT:USDT', 'NES/USDT:USDT', 'WLD/USDT:USDT', 'XAG/USDT:USDT', 'XAU/USDT:USDT', 'XAUT/USDT:USDT']
2026-07-31 18:53:44,089 [INFO] [SCAN] 스캔 시작: 30개 페어 (캐시 36개 보유)
2026-07-31 18:53:57,668 [INFO] [SCAN] 완료: 30개 종목 · 신호 0개 · API 호출 30회 · 캐시 히트 0회
2026-07-31 18:54:12,910 [INFO] [SCAN] 블랙리스트 4개 제외: ['IP/USDT:USDT', 'NES/USDT:USDT', 'WLD/USDT:USDT', 'XAG/USDT:USDT', 'XAU/USDT:USDT', 'XAUT/USDT:USDT']
2026-07-31 18:54:12,912 [INFO] [SCAN] 스캔 시작: 30개 페어 (캐시 36개 보유)
2026-07-31 18:54:26,288 [INFO] [SCAN] 완료: 30개 종목 · 신호 0개 · API 호출 30회 · 캐시 히트 0회
2026-07-31 18:54:32,162 [INFO] [상태] 잔고:$9.57 | 포지션:1개 | 스캔:2206회 | 스캐너:ON
2026-07-31 18:54:41,693 [INFO] [SCAN] 블랙리스트 4개 제외: ['IP/USDT:USDT', 'NES/USDT:USDT', 'WLD/USDT:USDT', 'XAG/USDT:USDT', 'XAU/USDT:USDT', 'XAUT/USDT:USDT']
2026-07-31 18:54:41,693 [INFO] [SCAN] 스캔 시작: 30개 페어 (캐시 36개 보유)
2026-07-31 18:54:54,925 [INFO] [SCAN] 완료: 30개 종목 · 신호 0개 · API 호출 30회 · 캐시 히트 0회
2026-07-31 18:55:11,372 [INFO] [SCAN] 블랙리스트 4개 제외: ['IP/USDT:USDT', 'NES/USDT:USDT', 'WLD/USDT:USDT', 'XAG/USDT:USDT', 'XAU/USDT:USDT', 'XAUT/USDT:USDT']
2026-07-31 18:55:11,372 [INFO] [SCAN] 스캔 시작: 30개 페어 (캐시 36개 보유)
2026-07-31 18:55:24,937 [INFO] [SCAN] 완료: 30개 종목 · 신호 0개 · API 호출 30회 · 캐시 히트 0회
2026-07-31 18:55:32,757 [INFO] [상태] 잔고:$9.57 | 포지션:1개 | 스캔:2208회 | 스캐너:ON
2026-07-31 18:55:40,364 [INFO] [SCAN] 블랙리스트 4개 제외: ['IP/USDT:USDT', 'NES/USDT:USDT', 'WLD/USDT:USDT', 'XAG/USDT:USDT', 'XAU/USDT:USDT', 'XAUT/USDT:USDT']
2026-07-31 18:55:40,365 [INFO] [SCAN] 스캔 시작: 30개 페어 (캐시 36개 보유)
2026-07-31 18:55:53,798 [INFO] [SCAN] 완료: 30개 종목 · 신호 0개 · API 호출 30회 · 캐시 히트 0회
2026-07-31 18:56:09,027 [INFO] [SCAN] 블랙리스트 4개 제외: ['IP/USDT:USDT', 'NES/USDT:USDT', 'WLD/USDT:USDT', 'XAG/USDT:USDT', 'XAU/USDT:USDT', 'XAUT/USDT:USDT']
2026-07-31 18:56:09,027 [INFO] [SCAN] 스캔 시작: 30개 페어 (캐시 36개 보유)
2026-07-31 18:56:22,231 [INFO] [SCAN] 완료: 30개 종목 · 신호 0개 · API 호출 30회 · 캐시 히트 0회
2026-07-31 18:56:33,281 [INFO] [상태] 잔고:$9.56 | 포지션:1개 | 스캔:2210회 | 스캐너:ON
2026-07-31 18:56:38,545 [INFO] [SCAN] 블랙리스트 4개 제외: ['IP/USDT:USDT', 'NES/USDT:USDT', 'WLD/USDT:USDT', 'XAG/USDT:USDT', 'XAU/USDT:USDT', 'XAUT/USDT:USDT']
2026-07-31 18:56:38,545 [INFO] [SCAN] 스캔 시작: 30개 페어 (캐시 36개 보유)
2026-07-31 18:56:51,567 [INFO] [SCAN] 완료: 30개 종목 · 신호 0개 · API 호출 30회 · 캐시 히트 0회
2026-07-31 18:57:06,822 [INFO] [SCAN] 블랙리스트 4개 제외: ['IP/USDT:USDT', 'NES/USDT:USDT', 'WLD/USDT:USDT', 'XAG/USDT:USDT', 'XAU/USDT:USDT', 'XAUT/USDT:USDT']
2026-07-31 18:57:06,823 [INFO] [SCAN] 스캔 시작: 30개 페어 (캐시 36개 보유)
2026-07-31 18:57:19,895 [INFO] [SCAN] 완료: 30개 종목 · 신호 0개 · API 호출 30회 · 캐시 히트 0회
2026-07-31 18:57:33,750 [INFO] [상태] 잔고:$9.55 | 포지션:1개 | 스캔:2212회 | 스캐너:ON
2026-07-31 18:57:35,283 [INFO] [SCAN] 블랙리스트 4개 제외: ['IP/USDT:USDT', 'NES/USDT:USDT', 'WLD/USDT:USDT', 'XAG/USDT:USDT', 'XAU/USDT:USDT', 'XAUT/USDT:USDT']
2026-07-31 18:57:35,283 [INFO] [SCAN] 스캔 시작: 30개 페어 (캐시 36개 보유)
2026-07-31 18:57:48,349 [INFO] [SCAN] 완료: 30개 종목 · 신호 0개 · API 호출 30회 · 캐시 히트 0회
2026-07-31 18:58:04,904 [INFO] [SCAN] 블랙리스트 4개 제외: ['IP/USDT:USDT', 'NES/USDT:USDT', 'WLD/USDT:USDT', 'XAG/USDT:USDT', 'XAU/USDT:USDT', 'XAUT/USDT:USDT']
2026-07-31 18:58:04,904 [INFO] [SCAN] 스캔 시작: 30개 페어 (캐시 36개 보유)
2026-07-31 18:58:18,283 [INFO] [SCAN] 완료: 30개 종목 · 신호 0개 · API 호출 30회 · 캐시 히트 0회
2026-07-31 18:58:33,563 [INFO] [SCAN] 블랙리스트 4개 제외: ['IP/USDT:USDT', 'NES/USDT:USDT', 'WLD/USDT:USDT', 'XAG/USDT:USDT', 'XAU/USDT:USDT', 'XAUT/USDT:USDT']
2026-07-31 18:58:33,563 [INFO] [SCAN] 스캔 시작: 30개 페어 (캐시 36개 보유)
2026-07-31 18:58:34,193 [INFO] [상태] 잔고:$9.55 | 포지션:1개 | 스캔:2214회 | 스캐너:ON
2026-07-31 18:58:46,936 [INFO] [SCAN] 완료: 30개 종목 · 신호 0개 · API 호출 30회 · 캐시 히트 0회
2026-07-31 18:59:02,193 [INFO] [SCAN] 블랙리스트 4개 제외: ['IP/USDT:USDT', 'NES/USDT:USDT', 'WLD/USDT:USDT', 'XAG/USDT:USDT', 'XAU/USDT:USDT', 'XAUT/USDT:USDT']
2026-07-31 18:59:02,193 [INFO] [SCAN] 스캔 시작: 30개 페어 (캐시 36개 보유)
2026-07-31 18:59:15,377 [INFO] [SCAN] 완료: 30개 종목 · 신호 0개 · API 호출 30회 · 캐시 히트 0회
2026-07-31 18:59:31,630 [INFO] [SCAN] 블랙리스트 4개 제외: ['IP/USDT:USDT', 'NES/USDT:USDT', 'WLD/USDT:USDT', 'XAG/USDT:USDT', 'XAU/USDT:USDT', 'XAUT/USDT:USDT']
2026-07-31 18:59:31,630 [INFO] [SCAN] 스캔 시작: 30개 페어 (캐시 36개 보유)
2026-07-31 18:59:34,740 [INFO] [상태] 잔고:$9.55 | 포지션:1개 | 스캔:2216회 | 스캐너:ON
2026-07-31 18:59:45,124 [INFO] [SCAN] 완료: 30개 종목 · 신호 0개 · API 호출 30회 · 캐시 히트 0회
2026-07-31 19:00:00,395 [INFO] [SCAN] 블랙리스트 4개 제외: ['IP/USDT:USDT', 'NES/USDT:USDT', 'WLD/USDT:USDT', 'XAG/USDT:USDT', 'XAU/USDT:USDT', 'XAUT/USDT:USDT']
2026-07-31 19:00:00,396 [INFO] [SCAN] 스캔 시작: 30개 페어 (캐시 36개 보유)
2026-07-31 19:00:13,627 [INFO] [SCAN] 완료: 30개 종목 · 신호 0개 · API 호출 30회 · 캐시 히트 0회
2026-07-31 19:00:28,889 [INFO] [SCAN] 블랙리스트 4개 제외: ['IP/USDT:USDT', 'NES/USDT:USDT', 'WLD/USDT:USDT', 'XAG/USDT:USDT', 'XAU/USDT:USDT', 'XAUT/USDT:USDT']
2026-07-31 19:00:28,889 [INFO] [SCAN] 스캔 시작: 30개 페어 (캐시 36개 보유)
2026-07-31 19:00:35,297 [INFO] [상태] 잔고:$9.56 | 포지션:1개 | 스캔:2218회 | 스캐너:ON
2026-07-31 19:00:42,374 [INFO] [SCAN] 완료: 30개 종목 · 신호 0개 · API 호출 30회 · 캐시 히트 0회
2026-07-31 19:00:58,611 [INFO] [SCAN] 블랙리스트 4개 제외: ['IP/USDT:USDT', 'NES/USDT:USDT', 'WLD/USDT:USDT', 'XAG/USDT:USDT', 'XAU/USDT:USDT', 'XAUT/USDT:USDT']
2026-07-31 19:00:58,611 [INFO] [SCAN] 스캔 시작: 30개 페어 (캐시 36개 보유)
2026-07-31 19:01:11,790 [INFO] [SCAN] 완료: 30개 종목 · 신호 0개 · API 호출 30회 · 캐시 히트 0회
2026-07-31 19:01:27,026 [INFO] [SCAN] 블랙리스트 4개 제외: ['IP/USDT:USDT', 'NES/USDT:USDT', 'WLD/USDT:USDT', 'XAG/USDT:USDT', 'XAU/USDT:USDT', 'XAUT/USDT:USDT']
2026-07-31 19:01:27,027 [INFO] [SCAN] 스캔 시작: 30개 페어 (캐시 36개 보유)
2026-07-31 19:01:35,773 [INFO] [상태] 잔고:$9.55 | 포지션:1개 | 스캔:2220회 | 스캐너:ON
2026-07-31 19:01:40,515 [INFO] [SCAN] 완료: 30개 종목 · 신호 0개 · API 호출 30회 · 캐시 히트 0회
2026-07-31 19:01:55,780 [INFO] [SCAN] 블랙리스트 4개 제외: ['IP/USDT:USDT', 'NES/USDT:USDT', 'WLD/USDT:USDT', 'XAG/USDT:USDT', 'XAU/USDT:USDT', 'XAUT/USDT:USDT']
2026-07-31 19:01:55,780 [INFO] [SCAN] 스캔 시작: 30개 페어 (캐시 36개 보유)
2026-07-31 19:02:09,296 [INFO] [SCAN] 완료: 30개 종목 · 신호 0개 · API 호출 30회 · 캐시 히트 0회
2026-07-31 19:02:25,514 [INFO] [SCAN] 블랙리스트 4개 제외: ['IP/USDT:USDT', 'NES/USDT:USDT', 'WLD/USDT:USDT', 'XAG/USDT:USDT', 'XAU/USDT:USDT', 'XAUT/USDT:USDT']
2026-07-31 19:02:25,514 [INFO] [SCAN] 스캔 시작: 30개 페어 (캐시 36개 보유)
2026-07-31 19:02:36,209 [INFO] [상태] 잔고:$9.55 | 포지션:1개 | 스캔:2222회 | 스캐너:ON
2026-07-31 19:02:38,912 [INFO] [SCAN] 완료: 30개 종목 · 신호 0개 · API 호출 30회 · 캐시 히트 0회
2026-07-31 19:02:54,152 [INFO] [SCAN] 블랙리스트 4개 제외: ['IP/USDT:USDT', 'NES/USDT:USDT', 'WLD/USDT:USDT', 'XAG/USDT:USDT', 'XAU/USDT:USDT', 'XAUT/USDT:USDT']
2026-07-31 19:02:54,152 [INFO] [SCAN] 스캔 시작: 30개 페어 (캐시 36개 보유)
2026-07-31 19:03:07,301 [INFO] [SCAN] 완료: 30개 종목 · 신호 0개 · API 호출 30회 · 캐시 히트 0회
2026-07-31 19:03:22,543 [INFO] [SCAN] 블랙리스트 4개 제외: ['IP/USDT:USDT', 'NES/USDT:USDT', 'WLD/USDT:USDT', 'XAG/USDT:USDT', 'XAU/USDT:USDT', 'XAUT/USDT:USDT']
2026-07-31 19:03:22,544 [INFO] [SCAN] 스캔 시작: 30개 페어 (캐시 36개 보유)
2026-07-31 19:03:35,796 [INFO] [SCAN] 완료: 30개 종목 · 신호 0개 · API 호출 30회 · 캐시 히트 0회
2026-07-31 19:03:36,811 [INFO] [상태] 잔고:$9.55 | 포지션:1개 | 스캔:2225회 | 스캐너:ON
2026-07-31 19:03:52,589 [INFO] [SCAN] 블랙리스트 4개 제외: ['IP/USDT:USDT', 'NES/USDT:USDT', 'WLD/USDT:USDT', 'XAG/USDT:USDT', 'XAU/USDT:USDT', 'XAUT/USDT:USDT']
2026-07-31 19:03:52,589 [INFO] [SCAN] 스캔 시작: 30개 페어 (캐시 36개 보유)
2026-07-31 19:04:05,672 [INFO] [SCAN] 완료: 30개 종목 · 신호 0개 · API 호출 30회 · 캐시 히트 0회
2026-07-31 19:04:20,940 [INFO] [SCAN] 블랙리스트 4개 제외: ['IP/USDT:USDT', 'NES/USDT:USDT', 'WLD/USDT:USDT', 'XAG/USDT:USDT', 'XAU/USDT:USDT', 'XAUT/USDT:USDT']
2026-07-31 19:04:20,941 [INFO] [SCAN] 스캔 시작: 30개 페어 (캐시 36개 보유)
2026-07-31 19:04:34,181 [INFO] [SCAN] 완료: 30개 종목 · 신호 0개 · API 호출 30회 · 캐시 히트 0회
2026-07-31 19:04:37,257 [INFO] [상태] 잔고:$9.55 | 포지션:1개 | 스캔:2227회 | 스캐너:ON
2026-07-31 19:04:49,551 [INFO] [SCAN] 블랙리스트 4개 제외: ['IP/USDT:USDT', 'NES/USDT:USDT', 'WLD/USDT:USDT', 'XAG/USDT:USDT', 'XAU/USDT:USDT', 'XAUT/USDT:USDT']
2026-07-31 19:04:49,551 [INFO] [SCAN] 스캔 시작: 30개 페어 (캐시 36개 보유)
2026-07-31 19:05:02,783 [INFO] [SCAN] 완료: 30개 종목 · 신호 0개 · API 호출 30회 · 캐시 히트 0회
2026-07-31 19:05:19,009 [INFO] [SCAN] 블랙리스트 4개 제외: ['IP/USDT:USDT', 'NES/USDT:USDT', 'WLD/USDT:USDT', 'XAG/USDT:USDT', 'XAU/USDT:USDT', 'XAUT/USDT:USDT']
2026-07-31 19:05:19,009 [INFO] [SCAN] 스캔 시작: 30개 페어 (캐시 36개 보유)
2026-07-31 19:05:32,103 [INFO] [SCAN] 완료: 30개 종목 · 신호 0개 · API 호출 30회 · 캐시 히트 0회
2026-07-31 19:05:37,691 [INFO] [상태] 잔고:$9.55 | 포지션:1개 | 스캔:2229회 | 스캐너:ON
2026-07-31 19:05:47,506 [INFO] [SCAN] 블랙리스트 4개 제외: ['IP/USDT:USDT', 'NES/USDT:USDT', 'WLD/USDT:USDT', 'XAG/USDT:USDT', 'XAU/USDT:USDT', 'XAUT/USDT:USDT']
2026-07-31 19:05:47,507 [INFO] [SCAN] 스캔 시작: 30개 페어 (캐시 36개 보유)
2026-07-31 19:06:00,686 [INFO] [SCAN] 완료: 30개 종목 · 신호 0개 · API 호출 30회 · 캐시 히트 0회
2026-07-31 19:06:15,937 [INFO] [SCAN] 블랙리스트 4개 제외: ['IP/USDT:USDT', 'NES/USDT:USDT', 'WLD/USDT:USDT', 'XAG/USDT:USDT', 'XAU/USDT:USDT', 'XAUT/USDT:USDT']
2026-07-31 19:06:15,937 [INFO] [SCAN] 스캔 시작: 30개 페어 (캐시 36개 보유)
2026-07-31 19:06:29,047 [INFO] [SCAN] 완료: 30개 종목 · 신호 0개 · API 호출 30회 · 캐시 히트 0회
2026-07-31 19:06:38,184 [INFO] [상태] 잔고:$9.55 | 포지션:1개 | 스캔:2231회 | 스캐너:ON
2026-07-31 19:06:45,362 [INFO] [SCAN] 블랙리스트 4개 제외: ['IP/USDT:USDT', 'NES/USDT:USDT', 'WLD/USDT:USDT', 'XAG/USDT:USDT', 'XAU/USDT:USDT', 'XAUT/USDT:USDT']
2026-07-31 19:06:45,363 [INFO] [SCAN] 스캔 시작: 30개 페어 (캐시 36개 보유)
2026-07-31 19:06:58,481 [INFO] [SCAN] 완료: 30개 종목 · 신호 0개 · API 호출 30회 · 캐시 히트 0회
2026-07-31 19:07:13,723 [INFO] [SCAN] 블랙리스트 4개 제외: ['IP/USDT:USDT', 'NES/USDT:USDT', 'WLD/USDT:USDT', 'XAG/USDT:USDT', 'XAU/USDT:USDT', 'XAUT/USDT:USDT']
2026-07-31 19:07:13,724 [INFO] [SCAN] 스캔 시작: 30개 페어 (캐시 36개 보유)
2026-07-31 19:07:26,857 [INFO] [SCAN] 완료: 30개 종목 · 신호 0개 · API 호출 30회 · 캐시 히트 0회
2026-07-31 19:07:38,630 [INFO] [상태] 잔고:$9.55 | 포지션:1개 | 스캔:2233회 | 스캐너:ON
2026-07-31 19:07:42,236 [INFO] [SCAN] 블랙리스트 4개 제외: ['IP/USDT:USDT', 'NES/USDT:USDT', 'WLD/USDT:USDT', 'XAG/USDT:USDT', 'XAU/USDT:USDT', 'XAUT/USDT:USDT']
2026-07-31 19:07:42,237 [INFO] [SCAN] 스캔 시작: 30개 페어 (캐시 36개 보유)
2026-07-31 19:07:55,419 [INFO] [SCAN] 완료: 30개 종목 · 신호 0개 · API 호출 30회 · 캐시 히트 0회
2026-07-31 19:08:11,639 [INFO] [SCAN] 블랙리스트 4개 제외: ['IP/USDT:USDT', 'NES/USDT:USDT', 'WLD/USDT:USDT', 'XAG/USDT:USDT', 'XAU/USDT:USDT', 'XAUT/USDT:USDT']
2026-07-31 19:08:11,639 [INFO] [SCAN] 스캔 시작: 30개 페어 (캐시 36개 보유)
2026-07-31 19:08:25,144 [INFO] [SCAN] 완료: 30개 종목 · 신호 0개 · API 호출 30회 · 캐시 히트 0회
2026-07-31 19:08:39,231 [INFO] [상태] 잔고:$9.56 | 포지션:1개 | 스캔:2235회 | 스캐너:ON
2026-07-31 19:08:40,525 [INFO] [SCAN] 블랙리스트 4개 제외: ['IP/USDT:USDT', 'NES/USDT:USDT', 'WLD/USDT:USDT', 'XAG/USDT:USDT', 'XAU/USDT:USDT', 'XAUT/USDT:USDT']
2026-07-31 19:08:40,526 [INFO] [SCAN] 스캔 시작: 30개 페어 (캐시 36개 보유)
2026-07-31 19:08:54,028 [INFO] [SCAN] 완료: 30개 종목 · 신호 0개 · API 호출 30회 · 캐시 히트 0회
2026-07-31 19:09:09,250 [INFO] [SCAN] 블랙리스트 4개 제외: ['IP/USDT:USDT', 'NES/USDT:USDT', 'WLD/USDT:USDT', 'XAG/USDT:USDT', 'XAU/USDT:USDT', 'XAUT/USDT:USDT']
2026-07-31 19:09:09,251 [INFO] [SCAN] 스캔 시작: 30개 페어 (캐시 36개 보유)
2026-07-31 19:09:22,822 [INFO] [SCAN] 완료: 30개 종목 · 신호 0개 · API 호출 30회 · 캐시 히트 0회
2026-07-31 19:09:39,099 [INFO] [SCAN] 블랙리스트 4개 제외: ['IP/USDT:USDT', 'NES/USDT:USDT', 'WLD/USDT:USDT', 'XAG/USDT:USDT', 'XAU/USDT:USDT', 'XAUT/USDT:USDT']
2026-07-31 19:09:39,099 [INFO] [SCAN] 스캔 시작: 30개 페어 (캐시 36개 보유)
2026-07-31 19:09:39,676 [INFO] [상태] 잔고:$9.56 | 포지션:1개 | 스캔:2237회 | 스캐너:ON
2026-07-31 19:09:52,693 [INFO] [SCAN] 완료: 30개 종목 · 신호 0개 · API 호출 30회 · 캐시 히트 0회
2026-07-31 19:10:07,986 [INFO] [SCAN] 블랙리스트 4개 제외: ['IP/USDT:USDT', 'NES/USDT:USDT', 'WLD/USDT:USDT', 'XAG/USDT:USDT', 'XAU/USDT:USDT', 'XAUT/USDT:USDT']
2026-07-31 19:10:07,988 [INFO] [SCAN] 스캔 시작: 30개 페어 (캐시 36개 보유)
2026-07-31 19:10:21,301 [INFO] [SCAN] 완료: 30개 종목 · 신호 0개 · API 호출 30회 · 캐시 히트 0회
2026-07-31 19:10:36,532 [INFO] [SCAN] 블랙리스트 4개 제외: ['IP/USDT:USDT', 'NES/USDT:USDT', 'WLD/USDT:USDT', 'XAG/USDT:USDT', 'XAU/USDT:USDT', 'XAUT/USDT:USDT']
2026-07-31 19:10:36,532 [INFO] [SCAN] 스캔 시작: 30개 페어 (캐시 36개 보유)
2026-07-31 19:10:40,110 [INFO] [상태] 잔고:$9.56 | 포지션:1개 | 스캔:2239회 | 스캐너:ON
2026-07-31 19:10:49,761 [INFO] [SCAN] 완료: 30개 종목 · 신호 0개 · API 호출 30회 · 캐시 히트 0회
2026-07-31 19:11:05,964 [INFO] [SCAN] 블랙리스트 4개 제외: ['IP/USDT:USDT', 'NES/USDT:USDT', 'WLD/USDT:USDT', 'XAG/USDT:USDT', 'XAU/USDT:USDT', 'XAUT/USDT:USDT']
2026-07-31 19:11:05,965 [INFO] [SCAN] 스캔 시작: 30개 페어 (캐시 36개 보유)
2026-07-31 19:11:19,062 [INFO] [SCAN] 완료: 30개 종목 · 신호 0개 · API 호출 30회 · 캐시 히트 0회
2026-07-31 19:11:34,314 [INFO] [SCAN] 블랙리스트 4개 제외: ['IP/USDT:USDT', 'NES/USDT:USDT', 'WLD/USDT:USDT', 'XAG/USDT:USDT', 'XAU/USDT:USDT', 'XAUT/USDT:USDT']
2026-07-31 19:11:34,314 [INFO] [SCAN] 스캔 시작: 30개 페어 (캐시 36개 보유)
2026-07-31 19:11:40,584 [INFO] [상태] 잔고:$9.56 | 포지션:1개 | 스캔:2241회 | 스캐너:ON
2026-07-31 19:11:47,942 [INFO] [SCAN] 완료: 30개 종목 · 신호 0개 · API 호출 30회 · 캐시 히트 0회
2026-07-31 19:12:03,223 [INFO] [SCAN] 블랙리스트 4개 제외: ['IP/USDT:USDT', 'NES/USDT:USDT', 'WLD/USDT:USDT', 'XAG/USDT:USDT', 'XAU/USDT:USDT', 'XAUT/USDT:USDT']
2026-07-31 19:12:03,224 [INFO] [SCAN] 스캔 시작: 30개 페어 (캐시 36개 보유)
2026-07-31 19:12:16,334 [INFO] [SCAN] 완료: 30개 종목 · 신호 0개 · API 호출 30회 · 캐시 히트 0회
2026-07-31 19:12:32,580 [INFO] [SCAN] 블랙리스트 4개 제외: ['IP/USDT:USDT', 'NES/USDT:USDT', 'WLD/USDT:USDT', 'XAG/USDT:USDT', 'XAU/USDT:USDT', 'XAUT/USDT:USDT']
2026-07-31 19:12:32,580 [INFO] [SCAN] 스캔 시작: 30개 페어 (캐시 36개 보유)
2026-07-31 19:12:41,027 [INFO] [상태] 잔고:$9.56 | 포지션:1개 | 스캔:2243회 | 스캐너:ON
2026-07-31 19:12:45,881 [INFO] [SCAN] 완료: 30개 종목 · 신호 0개 · API 호출 30회 · 캐시 히트 0회
2026-07-31 19:13:01,132 [INFO] [SCAN] 블랙리스트 4개 제외: ['IP/USDT:USDT', 'NES/USDT:USDT', 'WLD/USDT:USDT', 'XAG/USDT:USDT', 'XAU/USDT:USDT', 'XAUT/USDT:USDT']
2026-07-31 19:13:01,132 [INFO] [SCAN] 스캔 시작: 30개 페어 (캐시 36개 보유)
2026-07-31 19:13:14,289 [INFO] [SCAN] 완료: 30개 종목 · 신호 0개 · API 호출 30회 · 캐시 히트 0회
2026-07-31 19:13:29,546 [INFO] [SCAN] 블랙리스트 4개 제외: ['IP/USDT:USDT', 'NES/USDT:USDT', 'WLD/USDT:USDT', 'XAG/USDT:USDT', 'XAU/USDT:USDT', 'XAUT/USDT:USDT']
2026-07-31 19:13:29,546 [INFO] [SCAN] 스캔 시작: 30개 페어 (캐시 36개 보유)
2026-07-31 19:13:41,468 [INFO] [상태] 잔고:$9.56 | 포지션:1개 | 스캔:2245회 | 스캐너:ON
2026-07-31 19:13:42,864 [INFO] [SCAN] 완료: 30개 종목 · 신호 0개 · API 호출 30회 · 캐시 히트 0회
2026-07-31 19:13:59,337 [INFO] [SCAN] 블랙리스트 4개 제외: ['IP/USDT:USDT', 'NES/USDT:USDT', 'WLD/USDT:USDT', 'XAG/USDT:USDT', 'XAU/USDT:USDT', 'XAUT/USDT:USDT']
2026-07-31 19:13:59,337 [INFO] [SCAN] 스캔 시작: 30개 페어 (캐시 36개 보유)
2026-07-31 19:14:12,529 [INFO] [SCAN] 완료: 30개 종목 · 신호 0개 · API 호출 30회 · 캐시 히트 0회
2026-07-31 19:14:27,874 [INFO] [SCAN] 블랙리스트 4개 제외: ['IP/USDT:USDT', 'NES/USDT:USDT', 'WLD/USDT:USDT', 'XAG/USDT:USDT', 'XAU/USDT:USDT', 'XAUT/USDT:USDT']
2026-07-31 19:14:27,875 [INFO] [SCAN] 스캔 시작: 30개 페어 (캐시 36개 보유)
2026-07-31 19:14:41,058 [INFO] [SCAN] 완료: 30개 종목 · 신호 0개 · API 호출 30회 · 캐시 히트 0회
2026-07-31 19:14:41,897 [INFO] [상태] 잔고:$9.57 | 포지션:1개 | 스캔:2248회 | 스캐너:ON
2026-07-31 19:14:56,444 [INFO] [SCAN] 블랙리스트 4개 제외: ['IP/USDT:USDT', 'NES/USDT:USDT', 'WLD/USDT:USDT', 'XAG/USDT:USDT', 'XAU/USDT:USDT', 'XAUT/USDT:USDT']
2026-07-31 19:14:56,444 [INFO] [SCAN] 스캔 시작: 30개 페어 (캐시 36개 보유)
2026-07-31 19:15:09,564 [INFO] [SCAN] 완료: 30개 종목 · 신호 0개 · API 호출 30회 · 캐시 히트 0회
2026-07-31 19:15:25,908 [INFO] [SCAN] 블랙리스트 4개 제외: ['IP/USDT:USDT', 'NES/USDT:USDT', 'WLD/USDT:USDT', 'XAG/USDT:USDT', 'XAU/USDT:USDT', 'XAUT/USDT:USDT']
2026-07-31 19:15:25,908 [INFO] [SCAN] 스캔 시작: 30개 페어 (캐시 36개 보유)
2026-07-31 19:15:39,131 [INFO] [SCAN] 완료: 30개 종목 · 신호 0개 · API 호출 30회 · 캐시 히트 0회
2026-07-31 19:15:42,346 [INFO] [상태] 잔고:$9.57 | 포지션:1개 | 스캔:2250회 | 스캐너:ON
2026-07-31 19:15:54,536 [INFO] [SCAN] 블랙리스트 4개 제외: ['IP/USDT:USDT', 'NES/USDT:USDT', 'WLD/USDT:USDT', 'XAG/USDT:USDT', 'XAU/USDT:USDT', 'XAUT/USDT:USDT']
2026-07-31 19:15:54,537 [INFO] [SCAN] 스캔 시작: 30개 페어 (캐시 36개 보유)
2026-07-31 19:16:07,703 [INFO] [SCAN] 완료: 30개 종목 · 신호 0개 · API 호출 30회 · 캐시 히트 0회
2026-07-31 19:16:23,021 [INFO] [SCAN] 블랙리스트 4개 제외: ['IP/USDT:USDT', 'NES/USDT:USDT', 'WLD/USDT:USDT', 'XAG/USDT:USDT', 'XAU/USDT:USDT', 'XAUT/USDT:USDT']
2026-07-31 19:16:23,021 [INFO] [SCAN] 스캔 시작: 30개 페어 (캐시 36개 보유)
2026-07-31 19:16:36,274 [INFO] [SCAN] 완료: 30개 종목 · 신호 0개 · API 호출 30회 · 캐시 히트 0회
2026-07-31 19:16:42,879 [INFO] [상태] 잔고:$9.56 | 포지션:1개 | 스캔:2252회 | 스캐너:ON
2026-07-31 19:16:52,665 [INFO] [SCAN] 블랙리스트 4개 제외: ['IP/USDT:USDT', 'NES/USDT:USDT', 'WLD/USDT:USDT', 'XAG/USDT:USDT', 'XAU/USDT:USDT', 'XAUT/USDT:USDT']
2026-07-31 19:16:52,665 [INFO] [SCAN] 스캔 시작: 30개 페어 (캐시 36개 보유)
2026-07-31 19:17:06,048 [INFO] [SCAN] 완료: 30개 종목 · 신호 0개 · API 호출 30회 · 캐시 히트 0회
2026-07-31 19:17:21,343 [INFO] [SCAN] 블랙리스트 4개 제외: ['IP/USDT:USDT', 'NES/USDT:USDT', 'WLD/USDT:USDT', 'XAG/USDT:USDT', 'XAU/USDT:USDT', 'XAUT/USDT:USDT']
2026-07-31 19:17:21,344 [INFO] [SCAN] 스캔 시작: 30개 페어 (캐시 36개 보유)
2026-07-31 19:17:34,505 [INFO] [SCAN] 완료: 30개 종목 · 신호 0개 · API 호출 30회 · 캐시 히트 0회
2026-07-31 19:17:43,309 [INFO] [상태] 잔고:$9.56 | 포지션:1개 | 스캔:2254회 | 스캐너:ON
2026-07-31 19:17:49,891 [INFO] [SCAN] 블랙리스트 4개 제외: ['IP/USDT:USDT', 'NES/USDT:USDT', 'WLD/USDT:USDT', 'XAG/USDT:USDT', 'XAU/USDT:USDT', 'XAUT/USDT:USDT']
2026-07-31 19:17:49,891 [INFO] [SCAN] 스캔 시작: 30개 페어 (캐시 36개 보유)
2026-07-31 19:18:03,069 [INFO] [SCAN] 완료: 30개 종목 · 신호 0개 · API 호출 30회 · 캐시 히트 0회
2026-07-31 19:18:19,437 [INFO] [SCAN] 블랙리스트 4개 제외: ['IP/USDT:USDT', 'NES/USDT:USDT', 'WLD/USDT:USDT', 'XAG/USDT:USDT', 'XAU/USDT:USDT', 'XAUT/USDT:USDT']
2026-07-31 19:18:19,438 [INFO] [SCAN] 스캔 시작: 30개 페어 (캐시 36개 보유)
2026-07-31 19:18:32,954 [INFO] [SCAN] 완료: 30개 종목 · 신호 0개 · API 호출 30회 · 캐시 히트 0회
2026-07-31 19:18:43,794 [INFO] [상태] 잔고:$9.56 | 포지션:1개 | 스캔:2256회 | 스캐너:ON
2026-07-31 19:18:48,334 [INFO] [SCAN] 블랙리스트 4개 제외: ['IP/USDT:USDT', 'NES/USDT:USDT', 'WLD/USDT:USDT', 'XAG/USDT:USDT', 'XAU/USDT:USDT', 'XAUT/USDT:USDT']
2026-07-31 19:18:48,334 [INFO] [SCAN] 스캔 시작: 30개 페어 (캐시 36개 보유)
2026-07-31 19:19:01,765 [INFO] [SCAN] 완료: 30개 종목 · 신호 0개 · API 호출 30회 · 캐시 히트 0회
2026-07-31 19:19:17,041 [INFO] [SCAN] 블랙리스트 4개 제외: ['IP/USDT:USDT', 'NES/USDT:USDT', 'WLD/USDT:USDT', 'XAG/USDT:USDT', 'XAU/USDT:USDT', 'XAUT/USDT:USDT']
2026-07-31 19:19:17,042 [INFO] [SCAN] 스캔 시작: 30개 페어 (캐시 36개 보유)
2026-07-31 19:19:30,513 [INFO] [SCAN] 완료: 30개 종목 · 신호 0개 · API 호출 30회 · 캐시 히트 0회
2026-07-31 19:19:44,288 [INFO] [상태] 잔고:$9.54 | 포지션:1개 | 스캔:2258회 | 스캐너:ON
2026-07-31 19:19:46,971 [INFO] [SCAN] 블랙리스트 4개 제외: ['IP/USDT:USDT', 'NES/USDT:USDT', 'WLD/USDT:USDT', 'XAG/USDT:USDT', 'XAU/USDT:USDT', 'XAUT/USDT:USDT']
2026-07-31 19:19:46,971 [INFO] [SCAN] 스캔 시작: 30개 페어 (캐시 36개 보유)
2026-07-31 19:20:00,185 [INFO] [SCAN] 완료: 30개 종목 · 신호 0개 · API 호출 30회 · 캐시 히트 0회
2026-07-31 19:20:15,440 [INFO] [SCAN] 블랙리스트 4개 제외: ['IP/USDT:USDT', 'NES/USDT:USDT', 'WLD/USDT:USDT', 'XAG/USDT:USDT', 'XAU/USDT:USDT', 'XAUT/USDT:USDT']
2026-07-31 19:20:15,440 [INFO] [SCAN] 스캔 시작: 30개 페어 (캐시 36개 보유)
2026-07-31 19:20:28,829 [INFO] [SCAN] 완료: 30개 종목 · 신호 0개 · API 호출 30회 · 캐시 히트 0회
2026-07-31 19:20:44,087 [INFO] [SCAN] 블랙리스트 4개 제외: ['IP/USDT:USDT', 'NES/USDT:USDT', 'WLD/USDT:USDT', 'XAG/USDT:USDT', 'XAU/USDT:USDT', 'XAUT/USDT:USDT']
2026-07-31 19:20:44,087 [INFO] [SCAN] 스캔 시작: 30개 페어 (캐시 36개 보유)
2026-07-31 19:20:44,727 [INFO] [상태] 잔고:$9.55 | 포지션:1개 | 스캔:2260회 | 스캐너:ON
2026-07-31 19:20:57,848 [INFO] [SCAN] 완료: 30개 종목 · 신호 0개 · API 호출 30회 · 캐시 히트 0회
2026-07-31 19:21:14,125 [INFO] [SCAN] 블랙리스트 4개 제외: ['IP/USDT:USDT', 'NES/USDT:USDT', 'WLD/USDT:USDT', 'XAG/USDT:USDT', 'XAU/USDT:USDT', 'XAUT/USDT:USDT']
2026-07-31 19:21:14,125 [INFO] [SCAN] 스캔 시작: 30개 페어 (캐시 36개 보유)
2026-07-31 19:21:27,205 [INFO] [SCAN] 완료: 30개 종목 · 신호 0개 · API 호출 30회 · 캐시 히트 0회
2026-07-31 19:21:42,462 [INFO] [SCAN] 블랙리스트 4개 제외: ['IP/USDT:USDT', 'NES/USDT:USDT', 'WLD/USDT:USDT', 'XAG/USDT:USDT', 'XAU/USDT:USDT', 'XAUT/USDT:USDT']
2026-07-31 19:21:42,462 [INFO] [SCAN] 스캔 시작: 30개 페어 (캐시 36개 보유)
2026-07-31 19:21:45,191 [INFO] [상태] 잔고:$9.55 | 포지션:1개 | 스캔:2262회 | 스캐너:ON
2026-07-31 19:21:55,666 [INFO] [SCAN] 완료: 30개 종목 · 신호 0개 · API 호출 30회 · 캐시 히트 0회
2026-07-31 19:22:10,976 [INFO] [SCAN] 블랙리스트 4개 제외: ['IP/USDT:USDT', 'NES/USDT:USDT', 'WLD/USDT:USDT', 'XAG/USDT:USDT', 'XAU/USDT:USDT', 'XAUT/USDT:USDT']
2026-07-31 19:22:10,976 [INFO] [SCAN] 스캔 시작: 30개 페어 (캐시 36개 보유)
2026-07-31 19:22:24,043 [INFO] [SCAN] 완료: 30개 종목 · 신호 0개 · API 호출 30회 · 캐시 히트 0회
2026-07-31 19:22:40,273 [INFO] [SCAN] 블랙리스트 4개 제외: ['IP/USDT:USDT', 'NES/USDT:USDT', 'WLD/USDT:USDT', 'XAG/USDT:USDT', 'XAU/USDT:USDT', 'XAUT/USDT:USDT']
2026-07-31 19:22:40,274 [INFO] [SCAN] 스캔 시작: 30개 페어 (캐시 36개 보유)
2026-07-31 19:22:45,698 [INFO] [상태] 잔고:$9.55 | 포지션:1개 | 스캔:2264회 | 스캐너:ON
2026-07-31 19:22:53,943 [INFO] [SCAN] 완료: 30개 종목 · 신호 0개 · API 호출 30회 · 캐시 히트 0회
2026-07-31 19:23:09,202 [INFO] [SCAN] 블랙리스트 4개 제외: ['IP/USDT:USDT', 'NES/USDT:USDT', 'WLD/USDT:USDT', 'XAG/USDT:USDT', 'XAU/USDT:USDT', 'XAUT/USDT:USDT']
2026-07-31 19:23:09,202 [INFO] [SCAN] 스캔 시작: 30개 페어 (캐시 36개 보유)
2026-07-31 19:23:22,332 [INFO] [SCAN] 완료: 30개 종목 · 신호 0개 · API 호출 30회 · 캐시 히트 0회
2026-07-31 19:23:37,580 [INFO] [SCAN] 블랙리스트 4개 제외: ['IP/USDT:USDT', 'NES/USDT:USDT', 'WLD/USDT:USDT', 'XAG/USDT:USDT', 'XAU/USDT:USDT', 'XAUT/USDT:USDT']
2026-07-31 19:23:37,581 [INFO] [SCAN] 스캔 시작: 30개 페어 (캐시 36개 보유)
2026-07-31 19:23:46,154 [INFO] [상태] 잔고:$9.56 | 포지션:1개 | 스캔:2266회 | 스캐너:ON
2026-07-31 19:23:51,108 [INFO] [SCAN] 완료: 30개 종목 · 신호 0개 · API 호출 30회 · 캐시 히트 0회
2026-07-31 19:24:07,388 [INFO] [SCAN] 블랙리스트 4개 제외: ['IP/USDT:USDT', 'NES/USDT:USDT', 'WLD/USDT:USDT', 'XAG/USDT:USDT', 'XAU/USDT:USDT', 'XAUT/USDT:USDT']
2026-07-31 19:24:07,388 [INFO] [SCAN] 스캔 시작: 30개 페어 (캐시 36개 보유)
2026-07-31 19:24:20,572 [INFO] [SCAN] 완료: 30개 종목 · 신호 0개 · API 호출 30회 · 캐시 히트 0회
2026-07-31 19:24:35,838 [INFO] [SCAN] 블랙리스트 4개 제외: ['IP/USDT:USDT', 'NES/USDT:USDT', 'WLD/USDT:USDT', 'XAG/USDT:USDT', 'XAU/USDT:USDT', 'XAUT/USDT:USDT']
2026-07-31 19:24:35,839 [INFO] [SCAN] 스캔 시작: 30개 페어 (캐시 36개 보유)
2026-07-31 19:24:46,687 [INFO] [상태] 잔고:$9.56 | 포지션:1개 | 스캔:2268회 | 스캐너:ON
2026-07-31 19:24:49,412 [INFO] [SCAN] 완료: 30개 종목 · 신호 0개 · API 호출 30회 · 캐시 히트 0회
2026-07-31 19:25:04,662 [INFO] [SCAN] 블랙리스트 4개 제외: ['IP/USDT:USDT', 'NES/USDT:USDT', 'WLD/USDT:USDT', 'XAG/USDT:USDT', 'XAU/USDT:USDT', 'XAUT/USDT:USDT']
2026-07-31 19:25:04,663 [INFO] [SCAN] 스캔 시작: 30개 페어 (캐시 36개 보유)
2026-07-31 19:25:17,781 [INFO] [SCAN] 완료: 30개 종목 · 신호 0개 · API 호출 30회 · 캐시 히트 0회
2026-07-31 19:25:34,008 [INFO] [SCAN] 블랙리스트 4개 제외: ['IP/USDT:USDT', 'NES/USDT:USDT', 'WLD/USDT:USDT', 'XAG/USDT:USDT', 'XAU/USDT:USDT', 'XAUT/USDT:USDT']
2026-07-31 19:25:34,008 [INFO] [SCAN] 스캔 시작: 30개 페어 (캐시 36개 보유)
2026-07-31 19:25:47,162 [INFO] [상태] 잔고:$9.55 | 포지션:1개 | 스캔:2270회 | 스캐너:ON
2026-07-31 19:25:47,383 [INFO] [SCAN] 완료: 30개 종목 · 신호 0개 · API 호출 30회 · 캐시 히트 0회
2026-07-31 19:26:02,830 [INFO] [SCAN] 블랙리스트 4개 제외: ['IP/USDT:USDT', 'NES/USDT:USDT', 'WLD/USDT:USDT', 'XAG/USDT:USDT', 'XAU/USDT:USDT', 'XAUT/USDT:USDT']
2026-07-31 19:26:02,831 [INFO] [SCAN] 스캔 시작: 30개 페어 (캐시 36개 보유)
2026-07-31 19:26:15,864 [INFO] [SCAN] 완료: 30개 종목 · 신호 0개 · API 호출 30회 · 캐시 히트 0회
2026-07-31 19:26:31,118 [INFO] [SCAN] 블랙리스트 4개 제외: ['IP/USDT:USDT', 'NES/USDT:USDT', 'WLD/USDT:USDT', 'XAG/USDT:USDT', 'XAU/USDT:USDT', 'XAUT/USDT:USDT']
2026-07-31 19:26:31,118 [INFO] [SCAN] 스캔 시작: 30개 페어 (캐시 36개 보유)
2026-07-31 19:26:44,201 [INFO] [SCAN] 완료: 30개 종목 · 신호 0개 · API 호출 30회 · 캐시 히트 0회
2026-07-31 19:26:47,653 [INFO] [상태] 잔고:$9.56 | 포지션:1개 | 스캔:2273회 | 스캐너:ON
2026-07-31 19:27:00,510 [INFO] [SCAN] 블랙리스트 4개 제외: ['IP/USDT:USDT', 'NES/USDT:USDT', 'WLD/USDT:USDT', 'XAG/USDT:USDT', 'XAU/USDT:USDT', 'XAUT/USDT:USDT']
2026-07-31 19:27:00,511 [INFO] [SCAN] 스캔 시작: 30개 페어 (캐시 36개 보유)
2026-07-31 19:27:13,601 [INFO] [SCAN] 완료: 30개 종목 · 신호 0개 · API 호출 30회 · 캐시 히트 0회
2026-07-31 19:27:28,855 [INFO] [SCAN] 블랙리스트 4개 제외: ['IP/USDT:USDT', 'NES/USDT:USDT', 'WLD/USDT:USDT', 'XAG/USDT:USDT', 'XAU/USDT:USDT', 'XAUT/USDT:USDT']
2026-07-31 19:27:28,856 [INFO] [SCAN] 스캔 시작: 30개 페어 (캐시 36개 보유)
2026-07-31 19:27:42,278 [INFO] [SCAN] 완료: 30개 종목 · 신호 0개 · API 호출 30회 · 캐시 히트 0회
2026-07-31 19:27:48,130 [INFO] [상태] 잔고:$9.56 | 포지션:1개 | 스캔:2275회 | 스캐너:ON
2026-07-31 19:27:57,674 [INFO] [SCAN] 블랙리스트 4개 제외: ['IP/USDT:USDT', 'NES/USDT:USDT', 'WLD/USDT:USDT', 'XAG/USDT:USDT', 'XAU/USDT:USDT', 'XAUT/USDT:USDT']
2026-07-31 19:27:57,674 [INFO] [SCAN] 스캔 시작: 30개 페어 (캐시 36개 보유)
2026-07-31 19:28:11,034 [INFO] [SCAN] 완료: 30개 종목 · 신호 0개 · API 호출 30회 · 캐시 히트 0회
2026-07-31 19:28:27,365 [INFO] [SCAN] 블랙리스트 4개 제외: ['IP/USDT:USDT', 'NES/USDT:USDT', 'WLD/USDT:USDT', 'XAG/USDT:USDT', 'XAU/USDT:USDT', 'XAUT/USDT:USDT']
2026-07-31 19:28:27,365 [INFO] [SCAN] 스캔 시작: 30개 페어 (캐시 36개 보유)
2026-07-31 19:28:40,927 [INFO] [SCAN] 완료: 30개 종목 · 신호 0개 · API 호출 30회 · 캐시 히트 0회
2026-07-31 19:28:48,568 [INFO] [상태] 잔고:$9.56 | 포지션:1개 | 스캔:2277회 | 스캐너:ON
2026-07-31 19:28:56,326 [INFO] [SCAN] 블랙리스트 4개 제외: ['IP/USDT:USDT', 'NES/USDT:USDT', 'WLD/USDT:USDT', 'XAG/USDT:USDT', 'XAU/USDT:USDT', 'XAUT/USDT:USDT']
2026-07-31 19:28:56,328 [INFO] [SCAN] 스캔 시작: 30개 페어 (캐시 36개 보유)
2026-07-31 19:29:09,665 [INFO] [SCAN] 완료: 30개 종목 · 신호 0개 · API 호출 30회 · 캐시 히트 0회
2026-07-31 19:29:24,908 [INFO] [SCAN] 블랙리스트 4개 제외: ['IP/USDT:USDT', 'NES/USDT:USDT', 'WLD/USDT:USDT', 'XAG/USDT:USDT', 'XAU/USDT:USDT', 'XAUT/USDT:USDT']
2026-07-31 19:29:24,909 [INFO] [SCAN] 스캔 시작: 30개 페어 (캐시 36개 보유)
2026-07-31 19:29:38,011 [INFO] [SCAN] 완료: 30개 종목 · 신호 0개 · API 호출 30회 · 캐시 히트 0회
2026-07-31 19:29:49,069 [INFO] [상태] 잔고:$9.56 | 포지션:1개 | 스캔:2279회 | 스캐너:ON
2026-07-31 19:29:54,368 [INFO] [SCAN] 블랙리스트 4개 제외: ['IP/USDT:USDT', 'NES/USDT:USDT', 'WLD/USDT:USDT', 'XAG/USDT:USDT', 'XAU/USDT:USDT', 'XAUT/USDT:USDT']
2026-07-31 19:29:54,368 [INFO] [SCAN] 스캔 시작: 30개 페어 (캐시 36개 보유)
2026-07-31 19:30:07,473 [INFO] [SCAN] 완료: 30개 종목 · 신호 0개 · API 호출 30회 · 캐시 히트 0회
2026-07-31 19:30:22,864 [INFO] [SCAN] 블랙리스트 4개 제외: ['IP/USDT:USDT', 'NES/USDT:USDT', 'WLD/USDT:USDT', 'XAG/USDT:USDT', 'XAU/USDT:USDT', 'XAUT/USDT:USDT']
2026-07-31 19:30:22,864 [INFO] [SCAN] 스캔 시작: 30개 페어 (캐시 36개 보유)
2026-07-31 19:30:36,033 [INFO] [SCAN] 완료: 30개 종목 · 신호 0개 · API 호출 30회 · 캐시 히트 0회
2026-07-31 19:30:49,506 [INFO] [상태] 잔고:$9.56 | 포지션:1개 | 스캔:2281회 | 스캐너:ON
2026-07-31 19:30:51,431 [INFO] [SCAN] 블랙리스트 4개 제외: ['IP/USDT:USDT', 'NES/USDT:USDT', 'WLD/USDT:USDT', 'XAG/USDT:USDT', 'XAU/USDT:USDT', 'XAUT/USDT:USDT']
2026-07-31 19:30:51,432 [INFO] [SCAN] 스캔 시작: 30개 페어 (캐시 36개 보유)
2026-07-31 19:31:04,689 [INFO] [SCAN] 완료: 30개 종목 · 신호 0개 · API 호출 30회 · 캐시 히트 0회
2026-07-31 19:31:20,913 [INFO] [SCAN] 블랙리스트 4개 제외: ['IP/USDT:USDT', 'NES/USDT:USDT', 'WLD/USDT:USDT', 'XAG/USDT:USDT', 'XAU/USDT:USDT', 'XAUT/USDT:USDT']
2026-07-31 19:31:20,913 [INFO] [SCAN] 스캔 시작: 30개 페어 (캐시 36개 보유)
2026-07-31 19:31:33,617 [INFO] [SCAN] 완료: 29개 종목 · 신호 0개 · API 호출 29회 · 캐시 히트 0회
2026-07-31 19:31:48,863 [INFO] [SCAN] 블랙리스트 4개 제외: ['IP/USDT:USDT', 'NES/USDT:USDT', 'WLD/USDT:USDT', 'XAG/USDT:USDT', 'XAU/USDT:USDT', 'XAUT/USDT:USDT']
2026-07-31 19:31:48,864 [INFO] [SCAN] 스캔 시작: 30개 페어 (캐시 36개 보유)
2026-07-31 19:31:49,994 [INFO] [상태] 잔고:$9.57 | 포지션:1개 | 스캔:2283회 | 스캐너:ON
2026-07-31 19:32:02,127 [INFO] [SCAN] 완료: 29개 종목 · 신호 0개 · API 호출 29회 · 캐시 히트 0회
2026-07-31 19:32:17,370 [INFO] [SCAN] 블랙리스트 4개 제외: ['IP/USDT:USDT', 'NES/USDT:USDT', 'WLD/USDT:USDT', 'XAG/USDT:USDT', 'XAU/USDT:USDT', 'XAUT/USDT:USDT']
2026-07-31 19:32:17,370 [INFO] [SCAN] 스캔 시작: 30개 페어 (캐시 36개 보유)
2026-07-31 19:32:30,078 [INFO] [SCAN] 완료: 29개 종목 · 신호 0개 · API 호출 29회 · 캐시 히트 0회
2026-07-31 19:32:46,319 [INFO] [SCAN] 블랙리스트 4개 제외: ['IP/USDT:USDT', 'NES/USDT:USDT', 'WLD/USDT:USDT', 'XAG/USDT:USDT', 'XAU/USDT:USDT', 'XAUT/USDT:USDT']
2026-07-31 19:32:46,319 [INFO] [SCAN] 스캔 시작: 30개 페어 (캐시 36개 보유)
2026-07-31 19:32:50,437 [INFO] [상태] 잔고:$9.57 | 포지션:1개 | 스캔:2285회 | 스캐너:ON
2026-07-31 19:32:59,185 [INFO] [SCAN] 완료: 29개 종목 · 신호 0개 · API 호출 29회 · 캐시 히트 0회
2026-07-31 19:33:14,449 [INFO] [SCAN] 블랙리스트 4개 제외: ['IP/USDT:USDT', 'NES/USDT:USDT', 'WLD/USDT:USDT', 'XAG/USDT:USDT', 'XAU/USDT:USDT', 'XAUT/USDT:USDT']
2026-07-31 19:33:14,449 [INFO] [SCAN] 스캔 시작: 30개 페어 (캐시 36개 보유)
2026-07-31 19:33:27,692 [INFO] [SCAN] 완료: 30개 종목 · 신호 0개 · API 호출 30회 · 캐시 히트 0회
2026-07-31 19:33:42,927 [INFO] [SCAN] 블랙리스트 4개 제외: ['IP/USDT:USDT', 'NES/USDT:USDT', 'WLD/USDT:USDT', 'XAG/USDT:USDT', 'XAU/USDT:USDT', 'XAUT/USDT:USDT']
2026-07-31 19:33:42,927 [INFO] [SCAN] 스캔 시작: 30개 페어 (캐시 36개 보유)
2026-07-31 19:33:50,975 [INFO] [상태] 잔고:$9.57 | 포지션:1개 | 스캔:2287회 | 스캐너:ON
2026-07-31 19:33:55,752 [INFO] [SCAN] 완료: 29개 종목 · 신호 0개 · API 호출 29회 · 캐시 히트 0회
2026-07-31 19:34:11,990 [INFO] [SCAN] 블랙리스트 4개 제외: ['IP/USDT:USDT', 'NES/USDT:USDT', 'WLD/USDT:USDT', 'XAG/USDT:USDT', 'XAU/USDT:USDT', 'XAUT/USDT:USDT']
2026-07-31 19:34:11,990 [INFO] [SCAN] 스캔 시작: 30개 페어 (캐시 36개 보유)
2026-07-31 19:34:25,272 [INFO] [SCAN] 완료: 30개 종목 · 신호 0개 · API 호출 30회 · 캐시 히트 0회
2026-07-31 19:34:40,508 [INFO] [SCAN] 블랙리스트 4개 제외: ['IP/USDT:USDT', 'NES/USDT:USDT', 'WLD/USDT:USDT', 'XAG/USDT:USDT', 'XAU/USDT:USDT', 'XAUT/USDT:USDT']
2026-07-31 19:34:40,508 [INFO] [SCAN] 스캔 시작: 30개 페어 (캐시 36개 보유)
2026-07-31 19:34:51,468 [INFO] [상태] 잔고:$9.57 | 포지션:1개 | 스캔:2289회 | 스캐너:ON
2026-07-31 19:34:54,232 [INFO] [SCAN] 완료: 30개 종목 · 신호 0개 · API 호출 30회 · 캐시 히트 0회
2026-07-31 19:35:09,492 [INFO] [SCAN] 블랙리스트 4개 제외: ['IP/USDT:USDT', 'NES/USDT:USDT', 'WLD/USDT:USDT', 'XAG/USDT:USDT', 'XAU/USDT:USDT', 'XAUT/USDT:USDT']
2026-07-31 19:35:09,494 [INFO] [SCAN] 스캔 시작: 30개 페어 (캐시 36개 보유)
2026-07-31 19:35:23,039 [INFO] [SCAN] 완료: 30개 종목 · 신호 0개 · API 호출 30회 · 캐시 히트 0회
2026-07-31 19:35:39,335 [INFO] [SCAN] 블랙리스트 4개 제외: ['IP/USDT:USDT', 'NES/USDT:USDT', 'WLD/USDT:USDT', 'XAG/USDT:USDT', 'XAU/USDT:USDT', 'XAUT/USDT:USDT']
2026-07-31 19:35:39,335 [INFO] [SCAN] 스캔 시작: 30개 페어 (캐시 36개 보유)
2026-07-31 19:35:51,955 [INFO] [상태] 잔고:$9.57 | 포지션:1개 | 스캔:2291회 | 스캐너:ON
2026-07-31 19:35:52,766 [INFO] [SCAN] 완료: 30개 종목 · 신호 0개 · API 호출 30회 · 캐시 히트 0회
2026-07-31 19:36:08,000 [INFO] [SCAN] 블랙리스트 4개 제외: ['IP/USDT:USDT', 'NES/USDT:USDT', 'WLD/USDT:USDT', 'XAG/USDT:USDT', 'XAU/USDT:USDT', 'XAUT/USDT:USDT']
2026-07-31 19:36:08,000 [INFO] [SCAN] 스캔 시작: 30개 페어 (캐시 36개 보유)
2026-07-31 19:36:21,050 [INFO] [SCAN] 완료: 30개 종목 · 신호 0개 · API 호출 30회 · 캐시 히트 0회
2026-07-31 19:36:36,312 [INFO] [SCAN] 블랙리스트 4개 제외: ['IP/USDT:USDT', 'NES/USDT:USDT', 'WLD/USDT:USDT', 'XAG/USDT:USDT', 'XAU/USDT:USDT', 'XAUT/USDT:USDT']
2026-07-31 19:36:36,312 [INFO] [SCAN] 스캔 시작: 30개 페어 (캐시 36개 보유)
2026-07-31 19:36:49,422 [INFO] [SCAN] 완료: 30개 종목 · 신호 0개 · API 호출 30회 · 캐시 히트 0회
2026-07-31 19:36:52,450 [INFO] [상태] 잔고:$9.57 | 포지션:1개 | 스캔:2294회 | 스캐너:ON
2026-07-31 19:37:05,847 [INFO] [SCAN] 블랙리스트 4개 제외: ['IP/USDT:USDT', 'NES/USDT:USDT', 'WLD/USDT:USDT', 'XAG/USDT:USDT', 'XAU/USDT:USDT', 'XAUT/USDT:USDT']
2026-07-31 19:37:05,847 [INFO] [SCAN] 스캔 시작: 30개 페어 (캐시 36개 보유)
2026-07-31 19:37:18,897 [INFO] [SCAN] 완료: 30개 종목 · 신호 0개 · API 호출 30회 · 캐시 히트 0회
2026-07-31 19:37:34,150 [INFO] [SCAN] 블랙리스트 4개 제외: ['IP/USDT:USDT', 'NES/USDT:USDT', 'WLD/USDT:USDT', 'XAG/USDT:USDT', 'XAU/USDT:USDT', 'XAUT/USDT:USDT']
2026-07-31 19:37:34,150 [INFO] [SCAN] 스캔 시작: 30개 페어 (캐시 36개 보유)
2026-07-31 19:37:47,471 [INFO] [SCAN] 완료: 30개 종목 · 신호 0개 · API 호출 30회 · 캐시 히트 0회
2026-07-31 19:37:52,894 [INFO] [상태] 잔고:$9.57 | 포지션:1개 | 스캔:2296회 | 스캐너:ON
2026-07-31 19:38:02,850 [INFO] [SCAN] 블랙리스트 4개 제외: ['IP/USDT:USDT', 'NES/USDT:USDT', 'WLD/USDT:USDT', 'XAG/USDT:USDT', 'XAU/USDT:USDT', 'XAUT/USDT:USDT']
2026-07-31 19:38:02,850 [INFO] [SCAN] 스캔 시작: 30개 페어 (캐시 36개 보유)
2026-07-31 19:38:16,076 [INFO] [SCAN] 완료: 30개 종목 · 신호 0개 · API 호출 30회 · 캐시 히트 0회
2026-07-31 19:38:32,322 [INFO] [SCAN] 블랙리스트 4개 제외: ['IP/USDT:USDT', 'NES/USDT:USDT', 'WLD/USDT:USDT', 'XAG/USDT:USDT', 'XAU/USDT:USDT', 'XAUT/USDT:USDT']
2026-07-31 19:38:32,323 [INFO] [SCAN] 스캔 시작: 30개 페어 (캐시 36개 보유)
2026-07-31 19:38:45,431 [INFO] [SCAN] 완료: 30개 종목 · 신호 0개 · API 호출 30회 · 캐시 히트 0회
2026-07-31 19:38:53,327 [INFO] [상태] 잔고:$9.57 | 포지션:1개 | 스캔:2298회 | 스캐너:ON
2026-07-31 19:39:00,821 [INFO] [SCAN] 블랙리스트 4개 제외: ['IP/USDT:USDT', 'NES/USDT:USDT', 'WLD/USDT:USDT', 'XAG/USDT:USDT', 'XAU/USDT:USDT', 'XAUT/USDT:USDT']
2026-07-31 19:39:00,821 [INFO] [SCAN] 스캔 시작: 30개 페어 (캐시 36개 보유)
2026-07-31 19:39:13,965 [INFO] [SCAN] 완료: 30개 종목 · 신호 0개 · API 호출 30회 · 캐시 히트 0회
2026-07-31 19:39:29,223 [INFO] [SCAN] 블랙리스트 4개 제외: ['IP/USDT:USDT', 'NES/USDT:USDT', 'WLD/USDT:USDT', 'XAG/USDT:USDT', 'XAU/USDT:USDT', 'XAUT/USDT:USDT']
2026-07-31 19:39:29,224 [INFO] [SCAN] 스캔 시작: 30개 페어 (캐시 36개 보유)
2026-07-31 19:39:42,470 [INFO] [SCAN] 완료: 30개 종목 · 신호 0개 · API 호출 30회 · 캐시 히트 0회
2026-07-31 19:39:53,869 [INFO] [상태] 잔고:$9.57 | 포지션:1개 | 스캔:2300회 | 스캐너:ON
2026-07-31 19:39:58,773 [INFO] [SCAN] 블랙리스트 4개 제외: ['IP/USDT:USDT', 'NES/USDT:USDT', 'WLD/USDT:USDT', 'XAG/USDT:USDT', 'XAU/USDT:USDT', 'XAUT/USDT:USDT']
2026-07-31 19:39:58,773 [INFO] [SCAN] 스캔 시작: 30개 페어 (캐시 36개 보유)
2026-07-31 19:40:12,073 [INFO] [SCAN] 완료: 30개 종목 · 신호 0개 · API 호출 30회 · 캐시 히트 0회
2026-07-31 19:40:27,356 [INFO] [SCAN] 블랙리스트 4개 제외: ['IP/USDT:USDT', 'NES/USDT:USDT', 'WLD/USDT:USDT', 'XAG/USDT:USDT', 'XAU/USDT:USDT', 'XAUT/USDT:USDT']
2026-07-31 19:40:27,358 [INFO] [SCAN] 스캔 시작: 30개 페어 (캐시 36개 보유)
2026-07-31 19:40:40,364 [INFO] [SCAN] 완료: 30개 종목 · 신호 0개 · API 호출 30회 · 캐시 히트 0회
2026-07-31 19:40:54,299 [INFO] [상태] 잔고:$9.57 | 포지션:1개 | 스캔:2302회 | 스캐너:ON
2026-07-31 19:40:55,754 [INFO] [SCAN] 블랙리스트 4개 제외: ['IP/USDT:USDT', 'NES/USDT:USDT', 'WLD/USDT:USDT', 'XAG/USDT:USDT', 'XAU/USDT:USDT', 'XAUT/USDT:USDT']
2026-07-31 19:40:55,754 [INFO] [SCAN] 스캔 시작: 30개 페어 (캐시 36개 보유)
2026-07-31 19:41:08,873 [INFO] [SCAN] 완료: 30개 종목 · 신호 0개 · API 호출 30회 · 캐시 히트 0회
2026-07-31 19:41:25,143 [INFO] [SCAN] 블랙리스트 4개 제외: ['IP/USDT:USDT', 'NES/USDT:USDT', 'WLD/USDT:USDT', 'XAG/USDT:USDT', 'XAU/USDT:USDT', 'XAUT/USDT:USDT']
2026-07-31 19:41:25,143 [INFO] [SCAN] 스캔 시작: 30개 페어 (캐시 36개 보유)
2026-07-31 19:41:38,483 [INFO] [SCAN] 완료: 30개 종목 · 신호 0개 · API 호출 30회 · 캐시 히트 0회
2026-07-31 19:41:53,751 [INFO] [SCAN] 블랙리스트 4개 제외: ['IP/USDT:USDT', 'NES/USDT:USDT', 'WLD/USDT:USDT', 'XAG/USDT:USDT', 'XAU/USDT:USDT', 'XAUT/USDT:USDT']
2026-07-31 19:41:53,752 [INFO] [SCAN] 스캔 시작: 30개 페어 (캐시 36개 보유)
2026-07-31 19:41:54,737 [INFO] [상태] 잔고:$9.57 | 포지션:1개 | 스캔:2304회 | 스캐너:ON
2026-07-31 19:42:07,023 [INFO] [SCAN] 완료: 30개 종목 · 신호 0개 · API 호출 30회 · 캐시 히트 0회
2026-07-31 19:42:22,276 [INFO] [SCAN] 블랙리스트 4개 제외: ['IP/USDT:USDT', 'NES/USDT:USDT', 'WLD/USDT:USDT', 'XAG/USDT:USDT', 'XAU/USDT:USDT', 'XAUT/USDT:USDT']
2026-07-31 19:42:22,276 [INFO] [SCAN] 스캔 시작: 30개 페어 (캐시 36개 보유)
2026-07-31 19:42:35,461 [INFO] [SCAN] 완료: 30개 종목 · 신호 0개 · API 호출 30회 · 캐시 히트 0회
2026-07-31 19:42:51,717 [INFO] [SCAN] 블랙리스트 4개 제외: ['IP/USDT:USDT', 'NES/USDT:USDT', 'WLD/USDT:USDT', 'XAG/USDT:USDT', 'XAU/USDT:USDT', 'XAUT/USDT:USDT']
2026-07-31 19:42:51,717 [INFO] [SCAN] 스캔 시작: 30개 페어 (캐시 36개 보유)
2026-07-31 19:42:55,303 [INFO] [상태] 잔고:$9.58 | 포지션:1개 | 스캔:2306회 | 스캐너:ON
2026-07-31 19:43:05,017 [INFO] [SCAN] 완료: 30개 종목 · 신호 0개 · API 호출 30회 · 캐시 히트 0회
2026-07-31 19:43:20,261 [INFO] [SCAN] 블랙리스트 4개 제외: ['IP/USDT:USDT', 'NES/USDT:USDT', 'WLD/USDT:USDT', 'XAG/USDT:USDT', 'XAU/USDT:USDT', 'XAUT/USDT:USDT']
2026-07-31 19:43:20,262 [INFO] [SCAN] 스캔 시작: 30개 페어 (캐시 36개 보유)
2026-07-31 19:43:33,240 [INFO] [SCAN] 완료: 30개 종목 · 신호 0개 · API 호출 30회 · 캐시 히트 0회
2026-07-31 19:43:48,480 [INFO] [SCAN] 블랙리스트 4개 제외: ['IP/USDT:USDT', 'NES/USDT:USDT', 'WLD/USDT:USDT', 'XAG/USDT:USDT', 'XAU/USDT:USDT', 'XAUT/USDT:USDT']
2026-07-31 19:43:48,481 [INFO] [SCAN] 스캔 시작: 30개 페어 (캐시 36개 보유)
2026-07-31 19:43:55,751 [INFO] [상태] 잔고:$9.58 | 포지션:1개 | 스캔:2308회 | 스캐너:ON
2026-07-31 19:44:02,046 [INFO] [SCAN] 완료: 30개 종목 · 신호 0개 · API 호출 30회 · 캐시 히트 0회
2026-07-31 19:44:18,273 [INFO] [SCAN] 블랙리스트 4개 제외: ['IP/USDT:USDT', 'NES/USDT:USDT', 'WLD/USDT:USDT', 'XAG/USDT:USDT', 'XAU/USDT:USDT', 'XAUT/USDT:USDT']
2026-07-31 19:44:18,275 [INFO] [SCAN] 스캔 시작: 30개 페어 (캐시 36개 보유)
2026-07-31 19:44:31,453 [INFO] [SCAN] 완료: 30개 종목 · 신호 0개 · API 호출 30회 · 캐시 히트 0회
2026-07-31 19:44:46,694 [INFO] [SCAN] 블랙리스트 4개 제외: ['IP/USDT:USDT', 'NES/USDT:USDT', 'WLD/USDT:USDT', 'XAG/USDT:USDT', 'XAU/USDT:USDT', 'XAUT/USDT:USDT']
2026-07-31 19:44:46,696 [INFO] [SCAN] 스캔 시작: 30개 페어 (캐시 36개 보유)
2026-07-31 19:44:56,239 [INFO] [상태] 잔고:$9.58 | 포지션:1개 | 스캔:2310회 | 스캐너:ON
2026-07-31 19:45:00,163 [INFO] [SCAN] 완료: 30개 종목 · 신호 0개 · API 호출 30회 · 캐시 히트 0회
2026-07-31 19:45:15,432 [INFO] [SCAN] 블랙리스트 4개 제외: ['IP/USDT:USDT', 'NES/USDT:USDT', 'WLD/USDT:USDT', 'XAG/USDT:USDT', 'XAU/USDT:USDT', 'XAUT/USDT:USDT']
2026-07-31 19:45:15,433 [INFO] [SCAN] 스캔 시작: 30개 페어 (캐시 36개 보유)
2026-07-31 19:45:28,605 [INFO] [SCAN] 완료: 30개 종목 · 신호 0개 · API 호출 30회 · 캐시 히트 0회
2026-07-31 19:45:44,869 [INFO] [SCAN] 블랙리스트 4개 제외: ['IP/USDT:USDT', 'NES/USDT:USDT', 'WLD/USDT:USDT', 'XAG/USDT:USDT', 'XAU/USDT:USDT', 'XAUT/USDT:USDT']
2026-07-31 19:45:44,870 [INFO] [SCAN] 스캔 시작: 30개 페어 (캐시 36개 보유)
2026-07-31 19:45:56,733 [INFO] [상태] 잔고:$9.58 | 포지션:1개 | 스캔:2312회 | 스캐너:ON
2026-07-31 19:45:58,417 [INFO] [SCAN] 완료: 30개 종목 · 신호 0개 · API 호출 30회 · 캐시 히트 0회
2026-07-31 19:46:13,673 [INFO] [SCAN] 블랙리스트 4개 제외: ['IP/USDT:USDT', 'NES/USDT:USDT', 'WLD/USDT:USDT', 'XAG/USDT:USDT', 'XAU/USDT:USDT', 'XAUT/USDT:USDT']
2026-07-31 19:46:13,673 [INFO] [SCAN] 스캔 시작: 30개 페어 (캐시 36개 보유)
2026-07-31 19:46:26,980 [INFO] [SCAN] 완료: 30개 종목 · 신호 0개 · API 호출 30회 · 캐시 히트 0회
2026-07-31 19:46:42,236 [INFO] [SCAN] 블랙리스트 4개 제외: ['IP/USDT:USDT', 'NES/USDT:USDT', 'WLD/USDT:USDT', 'XAG/USDT:USDT', 'XAU/USDT:USDT', 'XAUT/USDT:USDT']
2026-07-31 19:46:42,236 [INFO] [SCAN] 스캔 시작: 30개 페어 (캐시 36개 보유)
2026-07-31 19:46:55,391 [INFO] [SCAN] 완료: 30개 종목 · 신호 0개 · API 호출 30회 · 캐시 히트 0회
2026-07-31 19:46:57,231 [INFO] [상태] 잔고:$9.57 | 포지션:1개 | 스캔:2315회 | 스캐너:ON
2026-07-31 19:47:11,694 [INFO] [SCAN] 블랙리스트 4개 제외: ['IP/USDT:USDT', 'NES/USDT:USDT', 'WLD/USDT:USDT', 'XAG/USDT:USDT', 'XAU/USDT:USDT', 'XAUT/USDT:USDT']
2026-07-31 19:47:11,694 [INFO] [SCAN] 스캔 시작: 30개 페어 (캐시 36개 보유)
2026-07-31 19:47:24,690 [INFO] [SCAN] 완료: 30개 종목 · 신호 0개 · API 호출 30회 · 캐시 히트 0회
2026-07-31 19:47:39,943 [INFO] [SCAN] 블랙리스트 4개 제외: ['IP/USDT:USDT', 'NES/USDT:USDT', 'WLD/USDT:USDT', 'XAG/USDT:USDT', 'XAU/USDT:USDT', 'XAUT/USDT:USDT']
2026-07-31 19:47:39,943 [INFO] [SCAN] 스캔 시작: 30개 페어 (캐시 36개 보유)
2026-07-31 19:47:53,214 [INFO] [SCAN] 완료: 30개 종목 · 신호 0개 · API 호출 30회 · 캐시 히트 0회
2026-07-31 19:47:57,665 [INFO] [상태] 잔고:$9.57 | 포지션:1개 | 스캔:2317회 | 스캐너:ON
2026-07-31 19:48:08,601 [INFO] [SCAN] 블랙리스트 4개 제외: ['IP/USDT:USDT', 'NES/USDT:USDT', 'WLD/USDT:USDT', 'XAG/USDT:USDT', 'XAU/USDT:USDT', 'XAUT/USDT:USDT']
2026-07-31 19:48:08,602 [INFO] [SCAN] 스캔 시작: 30개 페어 (캐시 36개 보유)
2026-07-31 19:48:21,707 [INFO] [SCAN] 완료: 30개 종목 · 신호 0개 · API 호출 30회 · 캐시 히트 0회
2026-07-31 19:48:37,921 [INFO] [SCAN] 블랙리스트 4개 제외: ['IP/USDT:USDT', 'NES/USDT:USDT', 'WLD/USDT:USDT', 'XAG/USDT:USDT', 'XAU/USDT:USDT', 'XAUT/USDT:USDT']
2026-07-31 19:48:37,921 [INFO] [SCAN] 스캔 시작: 30개 페어 (캐시 36개 보유)
2026-07-31 19:48:51,019 [INFO] [SCAN] 완료: 30개 종목 · 신호 0개 · API 호출 30회 · 캐시 히트 0회
2026-07-31 19:48:58,242 [INFO] [상태] 잔고:$9.56 | 포지션:1개 | 스캔:2319회 | 스캐너:ON
2026-07-31 19:49:04,674 [INFO] 🛑 봇 종료
2026-07-31 19:49:04,707 [WARNING] okx requires to release all resources with an explicit call to the .close() coroutine. If you are using the exchange instance with async coroutines, add `await exchange.close()` to your code into a place when you're done with the exchange and don't need the exchange instance anymore (at the end of your async coroutine).
2026-07-31 19:49:04,707 [ERROR] Unclosed connector
connections: ['deque([(<aiohttp.client_proto.ResponseHandler object at 0x113c80d00>, 67897.034617375)])']
connector: <aiohttp.connector.TCPConnector object at 0x114032700>
2026-07-31 19:49:04,707 [ERROR] Fatal error on SSL transport
protocol: <asyncio.sslproto.SSLProtocol object at 0x1136beeb0>
transport: <_SelectorSocketTransport closing fd=15>
Traceback (most recent call last):
  File "/Library/Developer/CommandLineTools/Library/Frameworks/Python3.framework/Versions/3.9/lib/python3.9/asyncio/selector_events.py", line 918, in write
    n = self._sock.send(data)
OSError: [Errno 9] Bad file descriptor

During handling of the above exception, another exception occurred:

Traceback (most recent call last):
  File "/Library/Developer/CommandLineTools/Library/Frameworks/Python3.framework/Versions/3.9/lib/python3.9/asyncio/sslproto.py", line 684, in _process_write_backlog
    self._transport.write(chunk)
  File "/Library/Developer/CommandLineTools/Library/Frameworks/Python3.framework/Versions/3.9/lib/python3.9/asyncio/selector_events.py", line 924, in write
    self._fatal_error(exc, 'Fatal write error on socket transport')
  File "/Library/Developer/CommandLineTools/Library/Frameworks/Python3.framework/Versions/3.9/lib/python3.9/asyncio/selector_events.py", line 719, in _fatal_error
    self._force_close(exc)
  File "/Library/Developer/CommandLineTools/Library/Frameworks/Python3.framework/Versions/3.9/lib/python3.9/asyncio/selector_events.py", line 731, in _force_close
    self._loop.call_soon(self._call_connection_lost, exc)
  File "/Library/Developer/CommandLineTools/Library/Frameworks/Python3.framework/Versions/3.9/lib/python3.9/asyncio/base_events.py", line 746, in call_soon
    self._check_closed()
  File "/Library/Developer/CommandLineTools/Library/Frameworks/Python3.framework/Versions/3.9/lib/python3.9/asyncio/base_events.py", line 510, in _check_closed
    raise RuntimeError('Event loop is closed')
RuntimeError: Event loop is closed

===== [2026-08-02 21:22:01] watchdog 실행: 8402_bot =====
/Users/l/project/8402/venv/lib/python3.9/site-packages/urllib3/__init__.py:35: NotOpenSSLWarning: urllib3 v2 only supports OpenSSL 1.1.1+, currently the 'ssl' module is compiled with 'LibreSSL 2.8.3'. See: https://github.com/urllib3/urllib3/issues/3020
  warnings.warn(
2026-08-02 21:22:02,739 [INFO] [CONFIG] JSON 설정 로드: /Users/l/project/8402/config.json
2026-08-02 21:22:02,743 [INFO] =======================================================
2026-08-02 21:22:02,743 [INFO]   8406_okx 매매 엔진 시작 (목표: 일 1% 수익)
2026-08-02 21:22:02,743 [INFO]   전략: 박스권 & 프랙탈  |  TF: 15m
2026-08-02 21:22:02,743 [INFO]   레버리지: 6x  |  증거금: $2.0
2026-08-02 21:22:02,743 [INFO]   SL: 1.0%  TP: 1.8%
2026-08-02 21:22:02,743 [INFO]   스캔 TOP-N: 30  |  자동매매: True
2026-08-02 21:22:02,743 [INFO] =======================================================
2026-08-02 21:22:02,744 [INFO]   ▶ 실행 코드 버전(git): 84058b1  PID: 64627  시작: 2026-08-02 21:22:02
2026-08-02 21:22:02,744 [INFO] ▶ OKX API 연결 중...
2026-08-02 21:22:03,568 [INFO] 마켓 로드 완료: 436개 종목
2026-08-02 21:22:03,568 [INFO] ✅ OKX API 연결 성공
2026-08-02 21:22:03,738 [INFO] 💰 잔고: 총 $8.17  |  가용 $3.42 USDT
2026-08-02 21:22:03,738 [INFO] [PERSIST] 활성 포지션 상태 복구 완료 (0건)
2026-08-02 21:22:03,738 [INFO] [PERSIST] DOGE/USDT:USDT 종목별 쿨다운 복구 완료 (만료: 2026-08-02 21:32:23.122881)
2026-08-02 21:22:03,738 [INFO] [PERSIST] SOL/USDT:USDT 종목별 쿨다운 복구 완료 (만료: 2026-08-03 05:19:54.901778)
2026-08-02 21:22:03,743 [INFO] [TRADER] 자동매매 활성화 (Async)
2026-08-02 21:22:03,743 [INFO] [SCANNER] 스캔 엔진 시작 (Async)
2026-08-02 21:22:03,743 [INFO] [SCANNER] 웹소켓 비활성(REST 전용) — 안정성 우선
2026-08-02 21:22:03,743 [INFO] 🤖 자동매매 + 스캐너 가동 완료 — 상시 운영 시작
2026-08-02 21:22:03,743 [INFO] [DISCORD FILTER] '자동매매 엔진 가동 완료' 알림 금지 처리됨
2026-08-02 21:22:04,132 [INFO] [SCAN] 블랙리스트 4개 제외: ['IP/USDT:USDT', 'NES/USDT:USDT', 'WLD/USDT:USDT', 'XAG/USDT:USDT', 'XAU/USDT:USDT', 'XAUT/USDT:USDT']
2026-08-02 21:22:04,132 [INFO] [SCAN] 스캔 시작: 30개 페어 (캐시 0개 보유)
2026-08-02 21:22:04,307 [INFO] [CACHE] BTC/USDT:USDT 초기 로드 300봉
2026-08-02 21:22:04,937 [INFO] [CACHE] ETH/USDT:USDT 초기 로드 300봉
2026-08-02 21:22:05,568 [INFO] [CACHE] GRVT/USDT:USDT 초기 로드 278봉
2026-08-02 21:22:06,196 [INFO] [CACHE] SOL/USDT:USDT 초기 로드 300봉
2026-08-02 21:22:06,203 [INFO] [SIG] SOL/USDT:USDT LONG 신호 포착 (강도 100%)
2026-08-02 21:22:06,203 [INFO] [SIGNAL] SOL/USDT:USDT LONG 신호 수신 (strength=100)
2026-08-02 21:22:06,204 [INFO] [🐸 청개구리 역매매] 신호 방향 반전: LONG ➡️ SHORT
2026-08-02 21:22:06,204 [WARNING] [RISK BLOCK] SOL/USDT:USDT — SOL/USDT:USDT 종목별 쿨다운/격리 진행 중 (남은 시간: 28668.7초)
2026-08-02 21:22:06,825 [INFO] [CACHE] DOGE/USDT:USDT 초기 로드 300봉
2026-08-02 21:22:07,457 [INFO] [CACHE] AEON/USDT:USDT 초기 로드 300봉
2026-08-02 21:22:08,085 [INFO] [CACHE] XRP/USDT:USDT 초기 로드 300봉
2026-08-02 21:22:08,721 [INFO] [CACHE] ADA/USDT:USDT 초기 로드 300봉
2026-08-02 21:22:08,808 [WARNING] [진입유실 방지 자동보정] SHORT HYPE/USDT:USDT exit=2026-06-30 21:26:12 미매칭수량=1.00000000 orderID=3701724002671108096 tradeID=None
2026-08-02 21:22:08,808 [WARNING] [진입유실 방지 자동보정] LONG HYPE/USDT:USDT exit=2026-07-15 11:53:06 미매칭수량=2.00000000 orderID=3744056742971940864 tradeID=None
2026-08-02 21:22:08,808 [WARNING] [진입유실 방지 자동보정] LONG HYPE/USDT:USDT exit=2026-07-15 12:04:14 미매칭수량=3.00000000 orderID=3744079165284917248 tradeID=None
2026-08-02 21:22:08,809 [WARNING] [진입유실 방지 자동보정] LONG HYPE/USDT:USDT exit=2026-07-18 21:47:26 미매칭수량=5.00000000 orderID=3753950623897198592 tradeID=None
2026-08-02 21:22:08,809 [WARNING] [진입유실 방지 자동보정] SHORT HYPE/USDT:USDT exit=2026-07-30 03:53:09 미매칭수량=2.00000000 orderID=3786577041541799936 tradeID=None
2026-08-02 21:22:08,809 [WARNING] [진입유실 방지 자동보정] LONG HYPE/USDT:USDT exit=2026-07-31 02:01:55 미매칭수량=2.00000000 orderID=3789252196483178496 tradeID=None
2026-08-02 21:22:08,809 [WARNING] [진입유실 방지 자동보정] SHORT HYPE/USDT:USDT exit=2026-08-02 10:04:19 미매칭수량=3.00000000 orderID=3796021584934707200 tradeID=None
2026-08-02 21:22:08,809 [WARNING] [진입유실 방지 자동보정] SHORT KAITO/USDT:USDT exit=2026-07-17 07:08:33 미매칭수량=31.00000000 orderID=3749282075346182144 tradeID=None
2026-08-02 21:22:08,809 [WARNING] [진입유실 방지 자동보정] SHORT BNB/USDT:USDT exit=2026-07-18 21:43:33 미매칭수량=5.00000000 orderID=3753942814237368320 tradeID=None
2026-08-02 21:22:08,809 [WARNING] [진입유실 방지 자동보정] SHORT BNB/USDT:USDT exit=2026-07-18 21:47:21 미매칭수량=5.00000000 orderID=3753950456829681664 tradeID=None
2026-08-02 21:22:08,809 [WARNING] [진입유실 방지 자동보정] SHORT BNB/USDT:USDT exit=2026-07-19 04:18:33 미매칭수량=5.00000000 orderID=3754738052228947968 tradeID=None
2026-08-02 21:22:08,809 [WARNING] [진입유실 방지 자동보정] LONG BNB/USDT:USDT exit=2026-07-19 21:12:59 미매칭수량=5.00000000 orderID=3756780357832122368 tradeID=None
2026-08-02 21:22:08,809 [WARNING] [진입유실 방지 자동보정] LONG ORDI/USDT:USDT exit=2026-07-20 09:10:38 미매칭수량=44.00000000 orderID=3758225167147311104 tradeID=None
2026-08-02 21:22:08,809 [WARNING] [진입유실 방지 자동보정] LONG ORDI/USDT:USDT exit=2026-07-20 09:10:46 미매칭수량=22.00000000 orderID=3758225466956161024 tradeID=None
2026-08-02 21:22:08,809 [WARNING] [진입유실 방지 자동보정] LONG ORDI/USDT:USDT exit=2026-07-20 09:40:03 미매칭수량=22.00000000 orderID=3758284409879371776 tradeID=None
2026-08-02 21:22:08,809 [WARNING] [진입유실 방지 자동보정] SHORT ORDI/USDT:USDT exit=2026-07-27 18:00:26 미매칭수량=26.00000000 orderID=3779585546305642496 tradeID=None
2026-08-02 21:22:08,809 [WARNING] [진입유실 방지 자동보정] SHORT ORDI/USDT:USDT exit=2026-07-27 22:48:32 미매칭수량=26.00000000 orderID=3780165541977628672 tradeID=None
2026-08-02 21:22:08,809 [WARNING] [진입유실 방지 자동보정] LONG DOGE/USDT:USDT exit=2026-07-24 04:49:00 미매칭수량=0.45000000 orderID=3769294842044063744 tradeID=None
2026-08-02 21:22:08,809 [WARNING] [진입유실 방지 자동보정] SHORT DOGE/USDT:USDT exit=2026-07-24 21:46:27 미매칭수량=0.42000000 orderID=3771343268109852672 tradeID=None
2026-08-02 21:22:08,809 [WARNING] [진입유실 방지 자동보정] SHORT DOGE/USDT:USDT exit=2026-07-28 04:10:37 미매칭수량=0.29000000 orderID=3780813979496980480 tradeID=None
2026-08-02 21:22:08,809 [WARNING] [진입유실 방지 자동보정] LONG DOGE/USDT:USDT exit=2026-07-29 00:25:06 미매칭수량=0.14000000 orderID=3783259068710232064 tradeID=None
2026-08-02 21:22:08,809 [WARNING] [진입유실 방지 자동보정] LONG DOGE/USDT:USDT exit=2026-07-29 02:32:46 미매칭수량=0.14000000 orderID=3783516090894622720 tradeID=None
2026-08-02 21:22:08,809 [WARNING] [진입유실 방지 자동보정] LONG DOGE/USDT:USDT exit=2026-08-01 11:09:44 미매칭수량=0.25000000 orderID=3793254199496515584 tradeID=None
2026-08-02 21:22:08,809 [WARNING] [진입유실 방지 자동보정] LONG DOGE/USDT:USDT exit=2026-08-01 11:17:03 미매칭수량=0.25000000 orderID=3793268919356071936 tradeID=None
2026-08-02 21:22:08,809 [WARNING] [진입유실 방지 자동보정] LONG DOGE/USDT:USDT exit=2026-08-01 23:30:31 미매칭수량=0.25000000 orderID=3794745576256413696 tradeID=None
2026-08-02 21:22:08,809 [WARNING] [진입유실 방지 자동보정] SHORT DOGE/USDT:USDT exit=2026-08-02 02:50:55 미매칭수량=0.25000000 orderID=3795149056255172608 tradeID=None
2026-08-02 21:22:08,810 [WARNING] [진입유실 방지 자동보정] LONG PUMP/USDT:USDT exit=2026-07-24 11:56:38 미매칭수량=16.00000000 orderID=3770155784143347712 tradeID=None
2026-08-02 21:22:08,810 [WARNING] [진입유실 방지 자동보정] LONG PUMP/USDT:USDT exit=2026-07-27 22:17:06 미매칭수량=9.00000000 orderID=3780102285632184320 tradeID=None
2026-08-02 21:22:08,810 [WARNING] [진입유실 방지 자동보정] LONG PUMP/USDT:USDT exit=2026-07-27 22:39:22 미매칭수량=9.00000000 orderID=3780147102978383872 tradeID=None
2026-08-02 21:22:08,810 [WARNING] [진입유실 방지 자동보정] LONG PUMP/USDT:USDT exit=2026-08-02 01:02:05 미매칭수량=8.00000000 orderID=3794929953162633216 tradeID=None
2026-08-02 21:22:08,810 [WARNING] [진입유실 방지 자동보정] LONG PUMP/USDT:USDT exit=2026-08-02 01:17:08 미매칭수량=8.00000000 orderID=3794960225971183616 tradeID=None
2026-08-02 21:22:08,810 [WARNING] [진입유실 방지 자동보정] LONG PUMP/USDT:USDT exit=2026-08-02 02:50:55 미매칭수량=8.00000000 orderID=3795149063100276736 tradeID=None
2026-08-02 21:22:08,810 [WARNING] [진입유실 방지 자동보정] LONG PUMP/USDT:USDT exit=2026-08-02 02:58:05 미매칭수량=8.00000000 orderID=3795163464326946816 tradeID=None
2026-08-02 21:22:08,810 [WARNING] [진입유실 방지 자동보정] LONG PUMP/USDT:USDT exit=2026-08-02 03:01:19 미매칭수량=8.00000000 orderID=3795170003850862592 tradeID=None
2026-08-02 21:22:08,810 [WARNING] [진입유실 방지 자동보정] SHORT AAVE/USDT:USDT exit=2026-07-29 19:51:23 미매칭수량=1.30000000 orderID=3785607095856898048 tradeID=None
2026-08-02 21:22:08,810 [WARNING] [진입유실 방지 자동보정] SHORT AAVE/USDT:USDT exit=2026-07-30 04:51:27 미매칭수량=1.20000000 orderID=3786694404677279744 tradeID=None
2026-08-02 21:22:08,810 [WARNING] [진입유실 방지 자동보정] SHORT AAVE/USDT:USDT exit=2026-08-02 00:29:46 미매칭수량=1.90000000 orderID=3794864877797875712 tradeID=None
2026-08-02 21:22:08,810 [WARNING] [진입유실 방지 자동보정] SHORT AAVE/USDT:USDT exit=2026-08-02 10:10:49 미매칭수량=1.70000000 orderID=3796034702335254528 tradeID=None
2026-08-02 21:22:08,810 [WARNING] [진입유실 방지 자동보정] SHORT OKB/USDT:USDT exit=2026-07-30 08:53:13 미매칭수량=15.00000000 orderID=3787181136006848512 tradeID=None
2026-08-02 21:22:08,810 [WARNING] [진입유실 방지 자동보정] SHORT OKB/USDT:USDT exit=2026-07-30 09:19:19 미매칭수량=15.00000000 orderID=3787233685032378368 tradeID=None
2026-08-02 21:22:08,810 [WARNING] [진입유실 방지 자동보정] LONG OKB/USDT:USDT exit=2026-07-31 23:53:46 미매칭수량=15.00000000 orderID=3791893310117748736 tradeID=None
2026-08-02 21:22:08,810 [WARNING] [진입유실 방지 자동보정] LONG OKB/USDT:USDT exit=2026-08-02 03:20:57 미매칭수량=20.00000000 orderID=3795209502081392640 tradeID=None
2026-08-02 21:22:08,810 [WARNING] [진입유실 방지 자동보정] SHORT PI/USDT:USDT exit=2026-07-31 06:44:25 미매칭수량=156.00000000 orderID=3789820936086069248 tradeID=None
2026-08-02 21:22:08,810 [WARNING] [진입유실 방지 자동보정] SHORT PI/USDT:USDT exit=2026-08-02 05:54:47 미매칭수량=64.00000000 orderID=3795519222373654528 tradeID=None
2026-08-02 21:22:08,810 [WARNING] [진입유실 방지 자동보정] SHORT PI/USDT:USDT exit=2026-08-02 06:01:21 미매칭수량=65.00000000 orderID=3795532457416040448 tradeID=None
2026-08-02 21:22:08,810 [WARNING] [진입유실 방지 자동보정] SHORT TRX/USDT:USDT exit=2026-08-02 07:45:17 미매칭수량=0.02000000 orderID=3795741702585556992 tradeID=None
2026-08-02 21:22:08,810 [WARNING] [진입유실 방지 자동보정] SHORT TRX/USDT:USDT exit=2026-08-02 07:45:51 미매칭수량=0.02000000 orderID=3795742831188877312 tradeID=None
2026-08-02 21:22:08,810 [WARNING] [진입유실 방지 자동보정] SHORT TRX/USDT:USDT exit=2026-08-02 07:46:33 미매칭수량=0.02000000 orderID=3795744238965071872 tradeID=None
2026-08-02 21:22:08,810 [WARNING] [진입유실 방지 자동보정] LONG TRX/USDT:USDT exit=2026-08-02 07:57:24 미매칭수량=0.02000000 orderID=3795766084141817856 tradeID=None
2026-08-02 21:22:08,810 [WARNING] [진입유실 방지 자동보정] SHORT TRX/USDT:USDT exit=2026-08-02 07:57:36 미매칭수량=0.02000000 orderID=3795766489848455168 tradeID=None
2026-08-02 21:22:08,810 [WARNING] [진입유실 방지 자동보정] LONG TRX/USDT:USDT exit=2026-08-02 08:08:01 미매칭수량=0.04000000 orderID=3795787448886206464 tradeID=None
2026-08-02 21:22:08,810 [WARNING] [진입유실 방지 자동보정] LONG TRX/USDT:USDT exit=2026-08-02 08:08:21 미매칭수량=0.04000000 orderID=3795788133161738240 tradeID=None
2026-08-02 21:22:08,810 [WARNING] [진입유실 방지 자동보정] LONG TRX/USDT:USDT exit=2026-08-02 09:02:45 미매칭수량=0.04000000 orderID=3795897653754044416 tradeID=None
2026-08-02 21:22:08,810 [WARNING] [진입유실 방지 자동보정] SHORT TRX/USDT:USDT exit=2026-08-02 09:02:53 미매칭수량=0.04000000 orderID=3795897917693206528 tradeID=None
2026-08-02 21:22:08,811 [WARNING] [진입유실 방지 자동보정] SHORT LTC/USDT:USDT exit=2026-08-02 07:47:54 미매칭수량=0.30000000 orderID=3795746956337192960 tradeID=None
2026-08-02 21:22:08,811 [WARNING] [진입유실 방지 자동보정] LONG LTC/USDT:USDT exit=2026-08-02 08:00:05 미매칭수량=0.30000000 orderID=3795771497209896960 tradeID=None
2026-08-02 21:22:08,811 [WARNING] [진입유실 방지 자동보정] LONG LTC/USDT:USDT exit=2026-08-02 08:05:44 미매칭수량=0.30000000 orderID=3795782852365230080 tradeID=None
2026-08-02 21:22:08,811 [WARNING] [진입유실 방지 자동보정] LONG LTC/USDT:USDT exit=2026-08-02 08:06:00 미매칭수량=0.30000000 orderID=3795783410543206400 tradeID=None
2026-08-02 21:22:08,811 [WARNING] [진입유실 방지 자동보정] SHORT LTC/USDT:USDT exit=2026-08-02 08:06:40 미매칭수량=0.30000000 orderID=3795784723293249536 tradeID=None
2026-08-02 21:22:08,811 [WARNING] [진입유실 방지 자동보정] SHORT LTC/USDT:USDT exit=2026-08-02 08:16:53 미매칭수량=0.30000000 orderID=3795805318600957952 tradeID=None
2026-08-02 21:22:08,811 [WARNING] [진입유실 방지 자동보정] LONG LTC/USDT:USDT exit=2026-08-02 08:27:04 미매칭수량=0.30000000 orderID=3795825821164216320 tradeID=None
2026-08-02 21:22:08,811 [WARNING] [진입유실 방지 자동보정] LONG LTC/USDT:USDT exit=2026-08-02 10:40:42 미매칭수량=0.10000000 orderID=3796094839125155840 tradeID=None
2026-08-02 21:22:08,811 [WARNING] [진입유실 방지 자동보정] LONG LTC/USDT:USDT exit=2026-08-02 11:18:24 미매칭수량=0.10000000 orderID=3796170746598760448 tradeID=None
2026-08-02 21:22:08,811 [WARNING] [진입유실 방지 자동보정] LONG SOL/USDT:USDT exit=2026-08-02 09:24:20 미매칭수량=0.22000000 orderID=3795941106844147712 tradeID=None
2026-08-02 21:22:08,811 [WARNING] [진입유실 방지 자동보정] LONG SOL/USDT:USDT exit=2026-08-02 09:26:25 미매칭수량=0.22000000 orderID=3795945306617520128 tradeID=None
2026-08-02 21:22:08,811 [WARNING] [진입유실 방지 자동보정] LONG SOL/USDT:USDT exit=2026-08-02 11:07:12 미매칭수량=0.06000000 orderID=3796148184967782400 tradeID=None
2026-08-02 21:22:08,811 [WARNING] [진입유실 방지 자동보정] LONG SOL/USDT:USDT exit=2026-08-02 11:07:18 미매칭수량=0.03000000 orderID=3796148408138309632 tradeID=None
2026-08-02 21:22:08,811 [WARNING] [진입유실 방지 자동보정] LONG SOL/USDT:USDT exit=2026-08-02 11:07:19 미매칭수량=0.01000000 orderID=3796148444309987328 tradeID=None
2026-08-02 21:22:08,811 [WARNING] [진입유실 방지 자동보정] LONG SOL/USDT:USDT exit=2026-08-02 11:18:24 미매칭수량=0.02000000 orderID=3796170752202350592 tradeID=None
2026-08-02 21:22:09,247 [INFO] [상태] 잔고:$8.17 | 포지션:2개 | 스캔:0회 | 스캐너:ON
2026-08-02 21:22:09,514 [INFO] [CACHE] HYPE/USDT:USDT 초기 로드 300봉
2026-08-02 21:22:10,142 [INFO] [CACHE] TRX/USDT:USDT 초기 로드 300봉
2026-08-02 21:22:10,810 [INFO] [CACHE] PEPE/USDT:USDT 초기 로드 300봉
2026-08-02 21:22:11,443 [INFO] [CACHE] AVAX/USDT:USDT 초기 로드 300봉
2026-08-02 21:22:12,068 [INFO] [CACHE] UNI/USDT:USDT 초기 로드 300봉
2026-08-02 21:22:12,695 [INFO] [CACHE] KAITO/USDT:USDT 초기 로드 300봉
2026-08-02 21:22:13,321 [INFO] [CACHE] PUMP/USDT:USDT 초기 로드 300봉
2026-08-02 21:22:13,947 [INFO] [CACHE] BNB/USDT:USDT 초기 로드 300봉
2026-08-02 21:22:14,582 [INFO] [CACHE] ZEC/USDT:USDT 초기 로드 300봉
2026-08-02 21:22:15,222 [INFO] [CACHE] SUI/USDT:USDT 초기 로드 300봉
2026-08-02 21:22:15,229 [INFO] [SIG] SUI/USDT:USDT LONG 신호 포착 (강도 100%)
2026-08-02 21:22:15,229 [INFO] [SIGNAL] SUI/USDT:USDT LONG 신호 수신 (strength=100)
2026-08-02 21:22:15,229 [INFO] [🐸 청개구리 역매매] 신호 방향 반전: LONG ➡️ SHORT
2026-08-02 21:22:15,865 [INFO] [RISK OK] SUI/USDT:USDT 리스크 체크 통과
2026-08-02 21:22:16,251 [INFO] [ENTRY BLOCK] SUI/USDT:USDT — 이미 포지션 보유 또는 진입 주문 전송 중
2026-08-02 21:22:17,072 [INFO] [CACHE] ONDO/USDT:USDT 초기 로드 300봉
2026-08-02 21:22:17,697 [INFO] [CACHE] SHIB/USDT:USDT 초기 로드 300봉
2026-08-02 21:22:18,364 [INFO] [CACHE] NEAR/USDT:USDT 초기 로드 300봉
2026-08-02 21:22:19,026 [INFO] [CACHE] OKB/USDT:USDT 초기 로드 300봉
2026-08-02 21:22:19,649 [INFO] [CACHE] ORDI/USDT:USDT 초기 로드 300봉
2026-08-02 21:22:20,279 [INFO] [CACHE] ENA/USDT:USDT 초기 로드 300봉
2026-08-02 21:22:20,911 [INFO] [CACHE] SATS/USDT:USDT 초기 로드 300봉
2026-08-02 21:22:21,543 [INFO] [CACHE] LTC/USDT:USDT 초기 로드 300봉
2026-08-02 21:22:22,179 [INFO] [CACHE] LINK/USDT:USDT 초기 로드 300봉
2026-08-02 21:22:22,187 [INFO] [SIG] LINK/USDT:USDT LONG 신호 포착 (강도 100%)
2026-08-02 21:22:22,188 [INFO] [SIGNAL] LINK/USDT:USDT LONG 신호 수신 (strength=100)
2026-08-02 21:22:22,188 [INFO] [🐸 청개구리 역매매] 신호 방향 반전: LONG ➡️ SHORT
2026-08-02 21:22:22,731 [INFO] [RISK OK] LINK/USDT:USDT 리스크 체크 통과
2026-08-02 21:22:23,025 [INFO] [ENTRY BLOCK] LINK/USDT:USDT — 이미 포지션 보유 또는 진입 주문 전송 중
2026-08-02 21:22:23,812 [INFO] [CACHE] PI/USDT:USDT 초기 로드 300봉
2026-08-02 21:22:24,445 [INFO] [CACHE] AAVE/USDT:USDT 초기 로드 300봉
2026-08-02 21:22:25,073 [INFO] [CACHE] OFC/USDT:USDT 초기 로드 300봉
2026-08-02 21:22:25,581 [INFO] [SCAN] 완료: 30개 종목 · 신호 3개 · API 호출 30회 · 캐시 히트 0회
2026-08-02 21:22:25,696 [WARNING] [RECONCILIATION] LINK/USDT:USDT 거래소 포지션 로컬 상태 원천 복원(State Reconciliation) 수행
2026-08-02 21:22:25,697 [WARNING] [RECONCILIATION] SUI/USDT:USDT 거래소 포지션 로컬 상태 원천 복원(State Reconciliation) 수행
2026-08-02 21:22:25,697 [INFO] [PERSIST] 활성 포지션 상태 저장 완료
2026-08-02 21:22:39,323 [WARNING] [진입유실 방지 자동보정] SHORT HYPE/USDT:USDT exit=2026-06-30 21:26:12 미매칭수량=1.00000000 orderID=3701724002671108096 tradeID=None
2026-08-02 21:22:39,323 [WARNING] [진입유실 방지 자동보정] LONG HYPE/USDT:USDT exit=2026-07-15 11:53:06 미매칭수량=2.00000000 orderID=3744056742971940864 tradeID=None
2026-08-02 21:22:39,323 [WARNING] [진입유실 방지 자동보정] LONG HYPE/USDT:USDT exit=2026-07-15 12:04:14 미매칭수량=3.00000000 orderID=3744079165284917248 tradeID=None
2026-08-02 21:22:39,323 [WARNING] [진입유실 방지 자동보정] LONG HYPE/USDT:USDT exit=2026-07-18 21:47:26 미매칭수량=5.00000000 orderID=3753950623897198592 tradeID=None
2026-08-02 21:22:39,323 [WARNING] [진입유실 방지 자동보정] SHORT HYPE/USDT:USDT exit=2026-07-30 03:53:09 미매칭수량=2.00000000 orderID=3786577041541799936 tradeID=None
2026-08-02 21:22:39,323 [WARNING] [진입유실 방지 자동보정] LONG HYPE/USDT:USDT exit=2026-07-31 02:01:55 미매칭수량=2.00000000 orderID=3789252196483178496 tradeID=None
2026-08-02 21:22:39,324 [WARNING] [진입유실 방지 자동보정] SHORT HYPE/USDT:USDT exit=2026-08-02 10:04:19 미매칭수량=3.00000000 orderID=3796021584934707200 tradeID=None
2026-08-02 21:22:39,324 [WARNING] [진입유실 방지 자동보정] SHORT KAITO/USDT:USDT exit=2026-07-17 07:08:33 미매칭수량=31.00000000 orderID=3749282075346182144 tradeID=None
2026-08-02 21:22:39,324 [WARNING] [진입유실 방지 자동보정] SHORT BNB/USDT:USDT exit=2026-07-18 21:43:33 미매칭수량=5.00000000 orderID=3753942814237368320 tradeID=None
2026-08-02 21:22:39,324 [WARNING] [진입유실 방지 자동보정] SHORT BNB/USDT:USDT exit=2026-07-18 21:47:21 미매칭수량=5.00000000 orderID=3753950456829681664 tradeID=None
2026-08-02 21:22:39,324 [WARNING] [진입유실 방지 자동보정] SHORT BNB/USDT:USDT exit=2026-07-19 04:18:33 미매칭수량=5.00000000 orderID=3754738052228947968 tradeID=None
2026-08-02 21:22:39,324 [WARNING] [진입유실 방지 자동보정] LONG BNB/USDT:USDT exit=2026-07-19 21:12:59 미매칭수량=5.00000000 orderID=3756780357832122368 tradeID=None
2026-08-02 21:22:39,324 [WARNING] [진입유실 방지 자동보정] LONG ORDI/USDT:USDT exit=2026-07-20 09:10:38 미매칭수량=44.00000000 orderID=3758225167147311104 tradeID=None
2026-08-02 21:22:39,324 [WARNING] [진입유실 방지 자동보정] LONG ORDI/USDT:USDT exit=2026-07-20 09:10:46 미매칭수량=22.00000000 orderID=3758225466956161024 tradeID=None
2026-08-02 21:22:39,324 [WARNING] [진입유실 방지 자동보정] LONG ORDI/USDT:USDT exit=2026-07-20 09:40:03 미매칭수량=22.00000000 orderID=3758284409879371776 tradeID=None
2026-08-02 21:22:39,324 [WARNING] [진입유실 방지 자동보정] SHORT ORDI/USDT:USDT exit=2026-07-27 18:00:26 미매칭수량=26.00000000 orderID=3779585546305642496 tradeID=None
2026-08-02 21:22:39,324 [WARNING] [진입유실 방지 자동보정] SHORT ORDI/USDT:USDT exit=2026-07-27 22:48:32 미매칭수량=26.00000000 orderID=3780165541977628672 tradeID=None
2026-08-02 21:22:39,324 [WARNING] [진입유실 방지 자동보정] LONG DOGE/USDT:USDT exit=2026-07-24 04:49:00 미매칭수량=0.45000000 orderID=3769294842044063744 tradeID=None
2026-08-02 21:22:39,324 [WARNING] [진입유실 방지 자동보정] SHORT DOGE/USDT:USDT exit=2026-07-24 21:46:27 미매칭수량=0.42000000 orderID=3771343268109852672 tradeID=None
2026-08-02 21:22:39,324 [WARNING] [진입유실 방지 자동보정] SHORT DOGE/USDT:USDT exit=2026-07-28 04:10:37 미매칭수량=0.29000000 orderID=3780813979496980480 tradeID=None
2026-08-02 21:22:39,324 [WARNING] [진입유실 방지 자동보정] LONG DOGE/USDT:USDT exit=2026-07-29 00:25:06 미매칭수량=0.14000000 orderID=3783259068710232064 tradeID=None
2026-08-02 21:22:39,324 [WARNING] [진입유실 방지 자동보정] LONG DOGE/USDT:USDT exit=2026-07-29 02:32:46 미매칭수량=0.14000000 orderID=3783516090894622720 tradeID=None
2026-08-02 21:22:39,324 [WARNING] [진입유실 방지 자동보정] LONG DOGE/USDT:USDT exit=2026-08-01 11:09:44 미매칭수량=0.25000000 orderID=3793254199496515584 tradeID=None
2026-08-02 21:22:39,324 [WARNING] [진입유실 방지 자동보정] LONG DOGE/USDT:USDT exit=2026-08-01 11:17:03 미매칭수량=0.25000000 orderID=3793268919356071936 tradeID=None
2026-08-02 21:22:39,324 [WARNING] [진입유실 방지 자동보정] LONG DOGE/USDT:USDT exit=2026-08-01 23:30:31 미매칭수량=0.25000000 orderID=3794745576256413696 tradeID=None
2026-08-02 21:22:39,324 [WARNING] [진입유실 방지 자동보정] SHORT DOGE/USDT:USDT exit=2026-08-02 02:50:55 미매칭수량=0.25000000 orderID=3795149056255172608 tradeID=None
2026-08-02 21:22:39,324 [WARNING] [진입유실 방지 자동보정] LONG PUMP/USDT:USDT exit=2026-07-24 11:56:38 미매칭수량=16.00000000 orderID=3770155784143347712 tradeID=None
2026-08-02 21:22:39,324 [WARNING] [진입유실 방지 자동보정] LONG PUMP/USDT:USDT exit=2026-07-27 22:17:06 미매칭수량=9.00000000 orderID=3780102285632184320 tradeID=None
2026-08-02 21:22:39,324 [WARNING] [진입유실 방지 자동보정] LONG PUMP/USDT:USDT exit=2026-07-27 22:39:22 미매칭수량=9.00000000 orderID=3780147102978383872 tradeID=None
2026-08-02 21:22:39,324 [WARNING] [진입유실 방지 자동보정] LONG PUMP/USDT:USDT exit=2026-08-02 01:02:05 미매칭수량=8.00000000 orderID=3794929953162633216 tradeID=None
2026-08-02 21:22:39,324 [WARNING] [진입유실 방지 자동보정] LONG PUMP/USDT:USDT exit=2026-08-02 01:17:08 미매칭수량=8.00000000 orderID=3794960225971183616 tradeID=None
2026-08-02 21:22:39,324 [WARNING] [진입유실 방지 자동보정] LONG PUMP/USDT:USDT exit=2026-08-02 02:50:55 미매칭수량=8.00000000 orderID=3795149063100276736 tradeID=None
2026-08-02 21:22:39,324 [WARNING] [진입유실 방지 자동보정] LONG PUMP/USDT:USDT exit=2026-08-02 02:58:05 미매칭수량=8.00000000 orderID=3795163464326946816 tradeID=None
2026-08-02 21:22:39,324 [WARNING] [진입유실 방지 자동보정] LONG PUMP/USDT:USDT exit=2026-08-02 03:01:19 미매칭수량=8.00000000 orderID=3795170003850862592 tradeID=None
2026-08-02 21:22:39,324 [WARNING] [진입유실 방지 자동보정] SHORT AAVE/USDT:USDT exit=2026-07-29 19:51:23 미매칭수량=1.30000000 orderID=3785607095856898048 tradeID=None
2026-08-02 21:22:39,325 [WARNING] [진입유실 방지 자동보정] SHORT AAVE/USDT:USDT exit=2026-07-30 04:51:27 미매칭수량=1.20000000 orderID=3786694404677279744 tradeID=None
2026-08-02 21:22:39,325 [WARNING] [진입유실 방지 자동보정] SHORT AAVE/USDT:USDT exit=2026-08-02 00:29:46 미매칭수량=1.90000000 orderID=3794864877797875712 tradeID=None
2026-08-02 21:22:39,325 [WARNING] [진입유실 방지 자동보정] SHORT AAVE/USDT:USDT exit=2026-08-02 10:10:49 미매칭수량=1.70000000 orderID=3796034702335254528 tradeID=None
2026-08-02 21:22:39,325 [WARNING] [진입유실 방지 자동보정] SHORT OKB/USDT:USDT exit=2026-07-30 08:53:13 미매칭수량=15.00000000 orderID=3787181136006848512 tradeID=None
2026-08-02 21:22:39,325 [WARNING] [진입유실 방지 자동보정] SHORT OKB/USDT:USDT exit=2026-07-30 09:19:19 미매칭수량=15.00000000 orderID=3787233685032378368 tradeID=None
2026-08-02 21:22:39,325 [WARNING] [진입유실 방지 자동보정] LONG OKB/USDT:USDT exit=2026-07-31 23:53:46 미매칭수량=15.00000000 orderID=3791893310117748736 tradeID=None
2026-08-02 21:22:39,325 [WARNING] [진입유실 방지 자동보정] LONG OKB/USDT:USDT exit=2026-08-02 03:20:57 미매칭수량=20.00000000 orderID=3795209502081392640 tradeID=None
2026-08-02 21:22:39,325 [WARNING] [진입유실 방지 자동보정] SHORT PI/USDT:USDT exit=2026-07-31 06:44:25 미매칭수량=156.00000000 orderID=3789820936086069248 tradeID=None
2026-08-02 21:22:39,325 [WARNING] [진입유실 방지 자동보정] SHORT PI/USDT:USDT exit=2026-08-02 05:54:47 미매칭수량=64.00000000 orderID=3795519222373654528 tradeID=None
2026-08-02 21:22:39,325 [WARNING] [진입유실 방지 자동보정] SHORT PI/USDT:USDT exit=2026-08-02 06:01:21 미매칭수량=65.00000000 orderID=3795532457416040448 tradeID=None
2026-08-02 21:22:39,325 [WARNING] [진입유실 방지 자동보정] SHORT TRX/USDT:USDT exit=2026-08-02 07:45:17 미매칭수량=0.02000000 orderID=3795741702585556992 tradeID=None
2026-08-02 21:22:39,325 [WARNING] [진입유실 방지 자동보정] SHORT TRX/USDT:USDT exit=2026-08-02 07:45:51 미매칭수량=0.02000000 orderID=3795742831188877312 tradeID=None
2026-08-02 21:22:39,325 [WARNING] [진입유실 방지 자동보정] SHORT TRX/USDT:USDT exit=2026-08-02 07:46:33 미매칭수량=0.02000000 orderID=3795744238965071872 tradeID=None
2026-08-02 21:22:39,325 [WARNING] [진입유실 방지 자동보정] LONG TRX/USDT:USDT exit=2026-08-02 07:57:24 미매칭수량=0.02000000 orderID=3795766084141817856 tradeID=None
2026-08-02 21:22:39,325 [WARNING] [진입유실 방지 자동보정] SHORT TRX/USDT:USDT exit=2026-08-02 07:57:36 미매칭수량=0.02000000 orderID=3795766489848455168 tradeID=None
2026-08-02 21:22:39,325 [WARNING] [진입유실 방지 자동보정] LONG TRX/USDT:USDT exit=2026-08-02 08:08:01 미매칭수량=0.04000000 orderID=3795787448886206464 tradeID=None
2026-08-02 21:22:39,325 [WARNING] [진입유실 방지 자동보정] LONG TRX/USDT:USDT exit=2026-08-02 08:08:21 미매칭수량=0.04000000 orderID=3795788133161738240 tradeID=None
2026-08-02 21:22:39,325 [WARNING] [진입유실 방지 자동보정] LONG TRX/USDT:USDT exit=2026-08-02 09:02:45 미매칭수량=0.04000000 orderID=3795897653754044416 tradeID=None
2026-08-02 21:22:39,325 [WARNING] [진입유실 방지 자동보정] SHORT TRX/USDT:USDT exit=2026-08-02 09:02:53 미매칭수량=0.04000000 orderID=3795897917693206528 tradeID=None
2026-08-02 21:22:39,325 [WARNING] [진입유실 방지 자동보정] SHORT LTC/USDT:USDT exit=2026-08-02 07:47:54 미매칭수량=0.30000000 orderID=3795746956337192960 tradeID=None
2026-08-02 21:22:39,325 [WARNING] [진입유실 방지 자동보정] LONG LTC/USDT:USDT exit=2026-08-02 08:00:05 미매칭수량=0.30000000 orderID=3795771497209896960 tradeID=None
2026-08-02 21:22:39,325 [WARNING] [진입유실 방지 자동보정] LONG LTC/USDT:USDT exit=2026-08-02 08:05:44 미매칭수량=0.30000000 orderID=3795782852365230080 tradeID=None
2026-08-02 21:22:39,325 [WARNING] [진입유실 방지 자동보정] LONG LTC/USDT:USDT exit=2026-08-02 08:06:00 미매칭수량=0.30000000 orderID=3795783410543206400 tradeID=None
2026-08-02 21:22:39,325 [WARNING] [진입유실 방지 자동보정] SHORT LTC/USDT:USDT exit=2026-08-02 08:06:40 미매칭수량=0.30000000 orderID=3795784723293249536 tradeID=None
2026-08-02 21:22:39,325 [WARNING] [진입유실 방지 자동보정] SHORT LTC/USDT:USDT exit=2026-08-02 08:16:53 미매칭수량=0.30000000 orderID=3795805318600957952 tradeID=None
2026-08-02 21:22:39,325 [WARNING] [진입유실 방지 자동보정] LONG LTC/USDT:USDT exit=2026-08-02 08:27:04 미매칭수량=0.30000000 orderID=3795825821164216320 tradeID=None
2026-08-02 21:22:39,325 [WARNING] [진입유실 방지 자동보정] LONG LTC/USDT:USDT exit=2026-08-02 10:40:42 미매칭수량=0.10000000 orderID=3796094839125155840 tradeID=None
2026-08-02 21:22:39,325 [WARNING] [진입유실 방지 자동보정] LONG LTC/USDT:USDT exit=2026-08-02 11:18:24 미매칭수량=0.10000000 orderID=3796170746598760448 tradeID=None
2026-08-02 21:22:39,325 [WARNING] [진입유실 방지 자동보정] LONG SOL/USDT:USDT exit=2026-08-02 09:24:20 미매칭수량=0.22000000 orderID=3795941106844147712 tradeID=None
2026-08-02 21:22:39,326 [WARNING] [진입유실 방지 자동보정] LONG SOL/USDT:USDT exit=2026-08-02 09:26:25 미매칭수량=0.22000000 orderID=3795945306617520128 tradeID=None
2026-08-02 21:22:39,326 [WARNING] [진입유실 방지 자동보정] LONG SOL/USDT:USDT exit=2026-08-02 11:07:12 미매칭수량=0.06000000 orderID=3796148184967782400 tradeID=None
2026-08-02 21:22:39,326 [WARNING] [진입유실 방지 자동보정] LONG SOL/USDT:USDT exit=2026-08-02 11:07:18 미매칭수량=0.03000000 orderID=3796148408138309632 tradeID=None
2026-08-02 21:22:39,326 [WARNING] [진입유실 방지 자동보정] LONG SOL/USDT:USDT exit=2026-08-02 11:07:19 미매칭수량=0.01000000 orderID=3796148444309987328 tradeID=None
2026-08-02 21:22:39,326 [WARNING] [진입유실 방지 자동보정] LONG SOL/USDT:USDT exit=2026-08-02 11:18:24 미매칭수량=0.02000000 orderID=3796170752202350592 tradeID=None
2026-08-02 21:22:42,617 [INFO] [SCAN] 블랙리스트 4개 제외: ['IP/USDT:USDT', 'NES/USDT:USDT', 'WLD/USDT:USDT', 'XAG/USDT:USDT', 'XAU/USDT:USDT', 'XAUT/USDT:USDT']
2026-08-02 21:22:42,618 [INFO] [SCAN] 스캔 시작: 30개 페어 (캐시 30개 보유)
2026-08-02 21:22:44,124 [INFO] [SIG] SOL/USDT:USDT LONG 신호 포착 (강도 100%)
2026-08-02 21:22:44,125 [INFO] [SIGNAL] SOL/USDT:USDT LONG 신호 수신 (strength=100)
2026-08-02 21:22:44,125 [INFO] [🐸 청개구리 역매매] 신호 방향 반전: LONG ➡️ SHORT
2026-08-02 21:22:44,125 [WARNING] [RISK BLOCK] SOL/USDT:USDT — SOL/USDT:USDT 종목별 쿨다운/격리 진행 중 (남은 시간: 28630.8초)
2026-08-02 21:22:50,255 [INFO] [SIG] SUI/USDT:USDT LONG 신호 포착 (강도 100%)
2026-08-02 21:22:50,255 [INFO] [SIGNAL] SUI/USDT:USDT LONG 신호 수신 (strength=100)
2026-08-02 21:22:50,255 [INFO] [🐸 청개구리 역매매] 신호 방향 반전: LONG ➡️ SHORT
2026-08-02 21:22:50,750 [INFO] [RISK OK] SUI/USDT:USDT 리스크 체크 통과
2026-08-02 21:22:51,033 [INFO] [ENTRY BLOCK] SUI/USDT:USDT — 이미 포지션 보유 또는 진입 주문 전송 중
2026-08-02 21:22:54,766 [INFO] [SIG] LINK/USDT:USDT LONG 신호 포착 (강도 100%)
2026-08-02 21:22:54,766 [INFO] [SIGNAL] LINK/USDT:USDT LONG 신호 수신 (strength=100)
2026-08-02 21:22:54,766 [INFO] [🐸 청개구리 역매매] 신호 방향 반전: LONG ➡️ SHORT
2026-08-02 21:22:55,303 [INFO] [RISK OK] LINK/USDT:USDT 리스크 체크 통과
2026-08-02 21:22:55,583 [INFO] [ENTRY BLOCK] LINK/USDT:USDT — 이미 포지션 보유 또는 진입 주문 전송 중
2026-08-02 21:22:57,855 [INFO] [SCAN] 완료: 30개 종목 · 신호 3개 · API 호출 30회 · 캐시 히트 0회
2026-08-02 21:23:09,398 [WARNING] [진입유실 방지 자동보정] SHORT HYPE/USDT:USDT exit=2026-06-30 21:26:12 미매칭수량=1.00000000 orderID=3701724002671108096 tradeID=None
2026-08-02 21:23:09,398 [WARNING] [진입유실 방지 자동보정] LONG HYPE/USDT:USDT exit=2026-07-15 11:53:06 미매칭수량=2.00000000 orderID=3744056742971940864 tradeID=None
2026-08-02 21:23:09,398 [WARNING] [진입유실 방지 자동보정] LONG HYPE/USDT:USDT exit=2026-07-15 12:04:14 미매칭수량=3.00000000 orderID=3744079165284917248 tradeID=None
2026-08-02 21:23:09,398 [WARNING] [진입유실 방지 자동보정] LONG HYPE/USDT:USDT exit=2026-07-18 21:47:26 미매칭수량=5.00000000 orderID=3753950623897198592 tradeID=None
2026-08-02 21:23:09,398 [WARNING] [진입유실 방지 자동보정] SHORT HYPE/USDT:USDT exit=2026-07-30 03:53:09 미매칭수량=2.00000000 orderID=3786577041541799936 tradeID=None
2026-08-02 21:23:09,398 [WARNING] [진입유실 방지 자동보정] LONG HYPE/USDT:USDT exit=2026-07-31 02:01:55 미매칭수량=2.00000000 orderID=3789252196483178496 tradeID=None
2026-08-02 21:23:09,398 [WARNING] [진입유실 방지 자동보정] SHORT HYPE/USDT:USDT exit=2026-08-02 10:04:19 미매칭수량=3.00000000 orderID=3796021584934707200 tradeID=None
2026-08-02 21:23:09,398 [WARNING] [진입유실 방지 자동보정] SHORT KAITO/USDT:USDT exit=2026-07-17 07:08:33 미매칭수량=31.00000000 orderID=3749282075346182144 tradeID=None
2026-08-02 21:23:09,398 [WARNING] [진입유실 방지 자동보정] SHORT BNB/USDT:USDT exit=2026-07-18 21:43:33 미매칭수량=5.00000000 orderID=3753942814237368320 tradeID=None
2026-08-02 21:23:09,398 [WARNING] [진입유실 방지 자동보정] SHORT BNB/USDT:USDT exit=2026-07-18 21:47:21 미매칭수량=5.00000000 orderID=3753950456829681664 tradeID=None
2026-08-02 21:23:09,398 [WARNING] [진입유실 방지 자동보정] SHORT BNB/USDT:USDT exit=2026-07-19 04:18:33 미매칭수량=5.00000000 orderID=3754738052228947968 tradeID=None
2026-08-02 21:23:09,399 [WARNING] [진입유실 방지 자동보정] LONG BNB/USDT:USDT exit=2026-07-19 21:12:59 미매칭수량=5.00000000 orderID=3756780357832122368 tradeID=None
2026-08-02 21:23:09,399 [WARNING] [진입유실 방지 자동보정] LONG ORDI/USDT:USDT exit=2026-07-20 09:10:38 미매칭수량=44.00000000 orderID=3758225167147311104 tradeID=None
2026-08-02 21:23:09,399 [WARNING] [진입유실 방지 자동보정] LONG ORDI/USDT:USDT exit=2026-07-20 09:10:46 미매칭수량=22.00000000 orderID=3758225466956161024 tradeID=None
2026-08-02 21:23:09,399 [WARNING] [진입유실 방지 자동보정] LONG ORDI/USDT:USDT exit=2026-07-20 09:40:03 미매칭수량=22.00000000 orderID=3758284409879371776 tradeID=None
2026-08-02 21:23:09,399 [WARNING] [진입유실 방지 자동보정] SHORT ORDI/USDT:USDT exit=2026-07-27 18:00:26 미매칭수량=26.00000000 orderID=3779585546305642496 tradeID=None
2026-08-02 21:23:09,399 [WARNING] [진입유실 방지 자동보정] SHORT ORDI/USDT:USDT exit=2026-07-27 22:48:32 미매칭수량=26.00000000 orderID=3780165541977628672 tradeID=None
2026-08-02 21:23:09,399 [WARNING] [진입유실 방지 자동보정] LONG DOGE/USDT:USDT exit=2026-07-24 04:49:00 미매칭수량=0.45000000 orderID=3769294842044063744 tradeID=None
2026-08-02 21:23:09,399 [WARNING] [진입유실 방지 자동보정] SHORT DOGE/USDT:USDT exit=2026-07-24 21:46:27 미매칭수량=0.42000000 orderID=3771343268109852672 tradeID=None
2026-08-02 21:23:09,399 [WARNING] [진입유실 방지 자동보정] SHORT DOGE/USDT:USDT exit=2026-07-28 04:10:37 미매칭수량=0.29000000 orderID=3780813979496980480 tradeID=None
2026-08-02 21:23:09,399 [WARNING] [진입유실 방지 자동보정] LONG DOGE/USDT:USDT exit=2026-07-29 00:25:06 미매칭수량=0.14000000 orderID=3783259068710232064 tradeID=None
2026-08-02 21:23:09,399 [WARNING] [진입유실 방지 자동보정] LONG DOGE/USDT:USDT exit=2026-07-29 02:32:46 미매칭수량=0.14000000 orderID=3783516090894622720 tradeID=None
2026-08-02 21:23:09,399 [WARNING] [진입유실 방지 자동보정] LONG DOGE/USDT:USDT exit=2026-08-01 11:09:44 미매칭수량=0.25000000 orderID=3793254199496515584 tradeID=None
2026-08-02 21:23:09,399 [WARNING] [진입유실 방지 자동보정] LONG DOGE/USDT:USDT exit=2026-08-01 11:17:03 미매칭수량=0.25000000 orderID=3793268919356071936 tradeID=None
2026-08-02 21:23:09,399 [WARNING] [진입유실 방지 자동보정] LONG DOGE/USDT:USDT exit=2026-08-01 23:30:31 미매칭수량=0.25000000 orderID=3794745576256413696 tradeID=None
2026-08-02 21:23:09,399 [WARNING] [진입유실 방지 자동보정] SHORT DOGE/USDT:USDT exit=2026-08-02 02:50:55 미매칭수량=0.25000000 orderID=3795149056255172608 tradeID=None
2026-08-02 21:23:09,399 [WARNING] [진입유실 방지 자동보정] LONG PUMP/USDT:USDT exit=2026-07-24 11:56:38 미매칭수량=16.00000000 orderID=3770155784143347712 tradeID=None
2026-08-02 21:23:09,399 [WARNING] [진입유실 방지 자동보정] LONG PUMP/USDT:USDT exit=2026-07-27 22:17:06 미매칭수량=9.00000000 orderID=3780102285632184320 tradeID=None
2026-08-02 21:23:09,399 [WARNING] [진입유실 방지 자동보정] LONG PUMP/USDT:USDT exit=2026-07-27 22:39:22 미매칭수량=9.00000000 orderID=3780147102978383872 tradeID=None
2026-08-02 21:23:09,399 [WARNING] [진입유실 방지 자동보정] LONG PUMP/USDT:USDT exit=2026-08-02 01:02:05 미매칭수량=8.00000000 orderID=3794929953162633216 tradeID=None
2026-08-02 21:23:09,399 [WARNING] [진입유실 방지 자동보정] LONG PUMP/USDT:USDT exit=2026-08-02 01:17:08 미매칭수량=8.00000000 orderID=3794960225971183616 tradeID=None
2026-08-02 21:23:09,399 [WARNING] [진입유실 방지 자동보정] LONG PUMP/USDT:USDT exit=2026-08-02 02:50:55 미매칭수량=8.00000000 orderID=3795149063100276736 tradeID=None
2026-08-02 21:23:09,399 [WARNING] [진입유실 방지 자동보정] LONG PUMP/USDT:USDT exit=2026-08-02 02:58:05 미매칭수량=8.00000000 orderID=3795163464326946816 tradeID=None
2026-08-02 21:23:09,399 [WARNING] [진입유실 방지 자동보정] LONG PUMP/USDT:USDT exit=2026-08-02 03:01:19 미매칭수량=8.00000000 orderID=3795170003850862592 tradeID=None
2026-08-02 21:23:09,399 [WARNING] [진입유실 방지 자동보정] SHORT AAVE/USDT:USDT exit=2026-07-29 19:51:23 미매칭수량=1.30000000 orderID=3785607095856898048 tradeID=None
2026-08-02 21:23:09,399 [WARNING] [진입유실 방지 자동보정] SHORT AAVE/USDT:USDT exit=2026-07-30 04:51:27 미매칭수량=1.20000000 orderID=3786694404677279744 tradeID=None
2026-08-02 21:23:09,399 [WARNING] [진입유실 방지 자동보정] SHORT AAVE/USDT:USDT exit=2026-08-02 00:29:46 미매칭수량=1.90000000 orderID=3794864877797875712 tradeID=None
2026-08-02 21:23:09,399 [WARNING] [진입유실 방지 자동보정] SHORT AAVE/USDT:USDT exit=2026-08-02 10:10:49 미매칭수량=1.70000000 orderID=3796034702335254528 tradeID=None
2026-08-02 21:23:09,399 [WARNING] [진입유실 방지 자동보정] SHORT OKB/USDT:USDT exit=2026-07-30 08:53:13 미매칭수량=15.00000000 orderID=3787181136006848512 tradeID=None
2026-08-02 21:23:09,399 [WARNING] [진입유실 방지 자동보정] SHORT OKB/USDT:USDT exit=2026-07-30 09:19:19 미매칭수량=15.00000000 orderID=3787233685032378368 tradeID=None
2026-08-02 21:23:09,400 [WARNING] [진입유실 방지 자동보정] LONG OKB/USDT:USDT exit=2026-07-31 23:53:46 미매칭수량=15.00000000 orderID=3791893310117748736 tradeID=None
2026-08-02 21:23:09,400 [WARNING] [진입유실 방지 자동보정] LONG OKB/USDT:USDT exit=2026-08-02 03:20:57 미매칭수량=20.00000000 orderID=3795209502081392640 tradeID=None
2026-08-02 21:23:09,400 [WARNING] [진입유실 방지 자동보정] SHORT PI/USDT:USDT exit=2026-07-31 06:44:25 미매칭수량=156.00000000 orderID=3789820936086069248 tradeID=None
2026-08-02 21:23:09,400 [WARNING] [진입유실 방지 자동보정] SHORT PI/USDT:USDT exit=2026-08-02 05:54:47 미매칭수량=64.00000000 orderID=3795519222373654528 tradeID=None
2026-08-02 21:23:09,400 [WARNING] [진입유실 방지 자동보정] SHORT PI/USDT:USDT exit=2026-08-02 06:01:21 미매칭수량=65.00000000 orderID=3795532457416040448 tradeID=None
2026-08-02 21:23:09,400 [WARNING] [진입유실 방지 자동보정] SHORT TRX/USDT:USDT exit=2026-08-02 07:45:17 미매칭수량=0.02000000 orderID=3795741702585556992 tradeID=None
2026-08-02 21:23:09,400 [WARNING] [진입유실 방지 자동보정] SHORT TRX/USDT:USDT exit=2026-08-02 07:45:51 미매칭수량=0.02000000 orderID=3795742831188877312 tradeID=None
2026-08-02 21:23:09,400 [WARNING] [진입유실 방지 자동보정] SHORT TRX/USDT:USDT exit=2026-08-02 07:46:33 미매칭수량=0.02000000 orderID=3795744238965071872 tradeID=None
2026-08-02 21:23:09,400 [WARNING] [진입유실 방지 자동보정] LONG TRX/USDT:USDT exit=2026-08-02 07:57:24 미매칭수량=0.02000000 orderID=3795766084141817856 tradeID=None
2026-08-02 21:23:09,400 [WARNING] [진입유실 방지 자동보정] SHORT TRX/USDT:USDT exit=2026-08-02 07:57:36 미매칭수량=0.02000000 orderID=3795766489848455168 tradeID=None
2026-08-02 21:23:09,400 [WARNING] [진입유실 방지 자동보정] LONG TRX/USDT:USDT exit=2026-08-02 08:08:01 미매칭수량=0.04000000 orderID=3795787448886206464 tradeID=None
2026-08-02 21:23:09,400 [WARNING] [진입유실 방지 자동보정] LONG TRX/USDT:USDT exit=2026-08-02 08:08:21 미매칭수량=0.04000000 orderID=3795788133161738240 tradeID=None
2026-08-02 21:23:09,400 [WARNING] [진입유실 방지 자동보정] LONG TRX/USDT:USDT exit=2026-08-02 09:02:45 미매칭수량=0.04000000 orderID=3795897653754044416 tradeID=None
2026-08-02 21:23:09,400 [WARNING] [진입유실 방지 자동보정] SHORT TRX/USDT:USDT exit=2026-08-02 09:02:53 미매칭수량=0.04000000 orderID=3795897917693206528 tradeID=None
2026-08-02 21:23:09,400 [WARNING] [진입유실 방지 자동보정] SHORT LTC/USDT:USDT exit=2026-08-02 07:47:54 미매칭수량=0.30000000 orderID=3795746956337192960 tradeID=None
2026-08-02 21:23:09,400 [WARNING] [진입유실 방지 자동보정] LONG LTC/USDT:USDT exit=2026-08-02 08:00:05 미매칭수량=0.30000000 orderID=3795771497209896960 tradeID=None
2026-08-02 21:23:09,400 [WARNING] [진입유실 방지 자동보정] LONG LTC/USDT:USDT exit=2026-08-02 08:05:44 미매칭수량=0.30000000 orderID=3795782852365230080 tradeID=None
2026-08-02 21:23:09,400 [WARNING] [진입유실 방지 자동보정] LONG LTC/USDT:USDT exit=2026-08-02 08:06:00 미매칭수량=0.30000000 orderID=3795783410543206400 tradeID=None
2026-08-02 21:23:09,400 [WARNING] [진입유실 방지 자동보정] SHORT LTC/USDT:USDT exit=2026-08-02 08:06:40 미매칭수량=0.30000000 orderID=3795784723293249536 tradeID=None
2026-08-02 21:23:09,400 [WARNING] [진입유실 방지 자동보정] SHORT LTC/USDT:USDT exit=2026-08-02 08:16:53 미매칭수량=0.30000000 orderID=3795805318600957952 tradeID=None
2026-08-02 21:23:09,400 [WARNING] [진입유실 방지 자동보정] LONG LTC/USDT:USDT exit=2026-08-02 08:27:04 미매칭수량=0.30000000 orderID=3795825821164216320 tradeID=None
2026-08-02 21:23:09,400 [WARNING] [진입유실 방지 자동보정] LONG LTC/USDT:USDT exit=2026-08-02 10:40:42 미매칭수량=0.10000000 orderID=3796094839125155840 tradeID=None
2026-08-02 21:23:09,400 [WARNING] [진입유실 방지 자동보정] LONG LTC/USDT:USDT exit=2026-08-02 11:18:24 미매칭수량=0.10000000 orderID=3796170746598760448 tradeID=None
2026-08-02 21:23:09,400 [WARNING] [진입유실 방지 자동보정] LONG SOL/USDT:USDT exit=2026-08-02 09:24:20 미매칭수량=0.22000000 orderID=3795941106844147712 tradeID=None
2026-08-02 21:23:09,400 [WARNING] [진입유실 방지 자동보정] LONG SOL/USDT:USDT exit=2026-08-02 09:26:25 미매칭수량=0.22000000 orderID=3795945306617520128 tradeID=None
2026-08-02 21:23:09,400 [WARNING] [진입유실 방지 자동보정] LONG SOL/USDT:USDT exit=2026-08-02 11:07:12 미매칭수량=0.06000000 orderID=3796148184967782400 tradeID=None
2026-08-02 21:23:09,400 [WARNING] [진입유실 방지 자동보정] LONG SOL/USDT:USDT exit=2026-08-02 11:07:18 미매칭수량=0.03000000 orderID=3796148408138309632 tradeID=None
2026-08-02 21:23:09,400 [WARNING] [진입유실 방지 자동보정] LONG SOL/USDT:USDT exit=2026-08-02 11:07:19 미매칭수량=0.01000000 orderID=3796148444309987328 tradeID=None
2026-08-02 21:23:09,400 [WARNING] [진입유실 방지 자동보정] LONG SOL/USDT:USDT exit=2026-08-02 11:18:24 미매칭수량=0.02000000 orderID=3796170752202350592 tradeID=None
2026-08-02 21:23:09,893 [INFO] [상태] 잔고:$8.15 | 포지션:2개 | 스캔:2회 | 스캐너:ON
2026-08-02 21:23:13,267 [INFO] [SCAN] 블랙리스트 4개 제외: ['IP/USDT:USDT', 'NES/USDT:USDT', 'WLD/USDT:USDT', 'XAG/USDT:USDT', 'XAU/USDT:USDT', 'XAUT/USDT:USDT']
2026-08-02 21:23:13,267 [INFO] [SCAN] 스캔 시작: 30개 페어 (캐시 30개 보유)
2026-08-02 21:23:14,740 [INFO] [SIG] SOL/USDT:USDT LONG 신호 포착 (강도 100%)
2026-08-02 21:23:14,740 [INFO] [SIGNAL] SOL/USDT:USDT LONG 신호 수신 (strength=100)
2026-08-02 21:23:14,740 [INFO] [🐸 청개구리 역매매] 신호 방향 반전: LONG ➡️ SHORT
2026-08-02 21:23:14,740 [WARNING] [RISK BLOCK] SOL/USDT:USDT — SOL/USDT:USDT 종목별 쿨다운/격리 진행 중 (남은 시간: 28600.2초)
2026-08-02 21:23:20,323 [WARNING] [API RateLimit] fetch_ohlcv API 제한 감지. 1/3. 1.0초 대기... 오류: okx {"msg":"Too Many Requests","code":"50011"}
2026-08-02 21:23:21,868 [INFO] [SIG] SUI/USDT:USDT LONG 신호 포착 (강도 100%)
2026-08-02 21:23:21,868 [INFO] [SIGNAL] SUI/USDT:USDT LONG 신호 수신 (strength=100)
2026-08-02 21:23:21,868 [INFO] [🐸 청개구리 역매매] 신호 방향 반전: LONG ➡️ SHORT
2026-08-02 21:23:22,307 [INFO] [RISK OK] SUI/USDT:USDT 리스크 체크 통과
2026-08-02 21:23:22,588 [INFO] [ENTRY BLOCK] SUI/USDT:USDT — 이미 포지션 보유 또는 진입 주문 전송 중
2026-08-02 21:23:26,260 [INFO] [SIG] LINK/USDT:USDT LONG 신호 포착 (강도 100%)
2026-08-02 21:23:26,260 [INFO] [SIGNAL] LINK/USDT:USDT LONG 신호 수신 (strength=100)
2026-08-02 21:23:26,260 [INFO] [🐸 청개구리 역매매] 신호 방향 반전: LONG ➡️ SHORT
2026-08-02 21:23:26,802 [INFO] [RISK OK] LINK/USDT:USDT 리스크 체크 통과
2026-08-02 21:23:27,183 [INFO] [ENTRY BLOCK] LINK/USDT:USDT — 이미 포지션 보유 또는 진입 주문 전송 중
2026-08-02 21:23:29,429 [INFO] [SCAN] 완료: 30개 종목 · 신호 3개 · API 호출 30회 · 캐시 히트 0회
2026-08-02 21:23:39,983 [WARNING] [진입유실 방지 자동보정] SHORT HYPE/USDT:USDT exit=2026-06-30 21:26:12 미매칭수량=1.00000000 orderID=3701724002671108096 tradeID=None
2026-08-02 21:23:39,983 [WARNING] [진입유실 방지 자동보정] LONG HYPE/USDT:USDT exit=2026-07-15 11:53:06 미매칭수량=2.00000000 orderID=3744056742971940864 tradeID=None
2026-08-02 21:23:39,983 [WARNING] [진입유실 방지 자동보정] LONG HYPE/USDT:USDT exit=2026-07-15 12:04:14 미매칭수량=3.00000000 orderID=3744079165284917248 tradeID=None
2026-08-02 21:23:39,983 [WARNING] [진입유실 방지 자동보정] LONG HYPE/USDT:USDT exit=2026-07-18 21:47:26 미매칭수량=5.00000000 orderID=3753950623897198592 tradeID=None
2026-08-02 21:23:39,983 [WARNING] [진입유실 방지 자동보정] SHORT HYPE/USDT:USDT exit=2026-07-30 03:53:09 미매칭수량=2.00000000 orderID=3786577041541799936 tradeID=None
2026-08-02 21:23:39,983 [WARNING] [진입유실 방지 자동보정] LONG HYPE/USDT:USDT exit=2026-07-31 02:01:55 미매칭수량=2.00000000 orderID=3789252196483178496 tradeID=None
2026-08-02 21:23:39,983 [WARNING] [진입유실 방지 자동보정] SHORT HYPE/USDT:USDT exit=2026-08-02 10:04:19 미매칭수량=3.00000000 orderID=3796021584934707200 tradeID=None
2026-08-02 21:23:39,983 [WARNING] [진입유실 방지 자동보정] SHORT KAITO/USDT:USDT exit=2026-07-17 07:08:33 미매칭수량=31.00000000 orderID=3749282075346182144 tradeID=None
2026-08-02 21:23:39,983 [WARNING] [진입유실 방지 자동보정] SHORT BNB/USDT:USDT exit=2026-07-18 21:43:33 미매칭수량=5.00000000 orderID=3753942814237368320 tradeID=None
2026-08-02 21:23:39,983 [WARNING] [진입유실 방지 자동보정] SHORT BNB/USDT:USDT exit=2026-07-18 21:47:21 미매칭수량=5.00000000 orderID=3753950456829681664 tradeID=None
2026-08-02 21:23:39,984 [WARNING] [진입유실 방지 자동보정] SHORT BNB/USDT:USDT exit=2026-07-19 04:18:33 미매칭수량=5.00000000 orderID=3754738052228947968 tradeID=None
2026-08-02 21:23:39,984 [WARNING] [진입유실 방지 자동보정] LONG BNB/USDT:USDT exit=2026-07-19 21:12:59 미매칭수량=5.00000000 orderID=3756780357832122368 tradeID=None
2026-08-02 21:23:39,984 [WARNING] [진입유실 방지 자동보정] LONG ORDI/USDT:USDT exit=2026-07-20 09:10:38 미매칭수량=44.00000000 orderID=3758225167147311104 tradeID=None
2026-08-02 21:23:39,984 [WARNING] [진입유실 방지 자동보정] LONG ORDI/USDT:USDT exit=2026-07-20 09:10:46 미매칭수량=22.00000000 orderID=3758225466956161024 tradeID=None
2026-08-02 21:23:39,984 [WARNING] [진입유실 방지 자동보정] LONG ORDI/USDT:USDT exit=2026-07-20 09:40:03 미매칭수량=22.00000000 orderID=3758284409879371776 tradeID=None
2026-08-02 21:23:39,984 [WARNING] [진입유실 방지 자동보정] SHORT ORDI/USDT:USDT exit=2026-07-27 18:00:26 미매칭수량=26.00000000 orderID=3779585546305642496 tradeID=None
2026-08-02 21:23:39,984 [WARNING] [진입유실 방지 자동보정] SHORT ORDI/USDT:USDT exit=2026-07-27 22:48:32 미매칭수량=26.00000000 orderID=3780165541977628672 tradeID=None
2026-08-02 21:23:39,984 [WARNING] [진입유실 방지 자동보정] LONG DOGE/USDT:USDT exit=2026-07-24 04:49:00 미매칭수량=0.45000000 orderID=3769294842044063744 tradeID=None
2026-08-02 21:23:39,984 [WARNING] [진입유실 방지 자동보정] SHORT DOGE/USDT:USDT exit=2026-07-24 21:46:27 미매칭수량=0.42000000 orderID=3771343268109852672 tradeID=None
2026-08-02 21:23:39,984 [WARNING] [진입유실 방지 자동보정] SHORT DOGE/USDT:USDT exit=2026-07-28 04:10:37 미매칭수량=0.29000000 orderID=3780813979496980480 tradeID=None
2026-08-02 21:23:39,984 [WARNING] [진입유실 방지 자동보정] LONG DOGE/USDT:USDT exit=2026-07-29 00:25:06 미매칭수량=0.14000000 orderID=3783259068710232064 tradeID=None
2026-08-02 21:23:39,984 [WARNING] [진입유실 방지 자동보정] LONG DOGE/USDT:USDT exit=2026-07-29 02:32:46 미매칭수량=0.14000000 orderID=3783516090894622720 tradeID=None
2026-08-02 21:23:39,984 [WARNING] [진입유실 방지 자동보정] LONG DOGE/USDT:USDT exit=2026-08-01 11:09:44 미매칭수량=0.25000000 orderID=3793254199496515584 tradeID=None
2026-08-02 21:23:39,984 [WARNING] [진입유실 방지 자동보정] LONG DOGE/USDT:USDT exit=2026-08-01 11:17:03 미매칭수량=0.25000000 orderID=3793268919356071936 tradeID=None
2026-08-02 21:23:39,984 [WARNING] [진입유실 방지 자동보정] LONG DOGE/USDT:USDT exit=2026-08-01 23:30:31 미매칭수량=0.25000000 orderID=3794745576256413696 tradeID=None
2026-08-02 21:23:39,984 [WARNING] [진입유실 방지 자동보정] SHORT DOGE/USDT:USDT exit=2026-08-02 02:50:55 미매칭수량=0.25000000 orderID=3795149056255172608 tradeID=None
2026-08-02 21:23:39,984 [WARNING] [진입유실 방지 자동보정] LONG PUMP/USDT:USDT exit=2026-07-24 11:56:38 미매칭수량=16.00000000 orderID=3770155784143347712 tradeID=None
2026-08-02 21:23:39,984 [WARNING] [진입유실 방지 자동보정] LONG PUMP/USDT:USDT exit=2026-07-27 22:17:06 미매칭수량=9.00000000 orderID=3780102285632184320 tradeID=None
2026-08-02 21:23:39,984 [WARNING] [진입유실 방지 자동보정] LONG PUMP/USDT:USDT exit=2026-07-27 22:39:22 미매칭수량=9.00000000 orderID=3780147102978383872 tradeID=None
2026-08-02 21:23:39,984 [WARNING] [진입유실 방지 자동보정] LONG PUMP/USDT:USDT exit=2026-08-02 01:02:05 미매칭수량=8.00000000 orderID=3794929953162633216 tradeID=None
2026-08-02 21:23:39,984 [WARNING] [진입유실 방지 자동보정] LONG PUMP/USDT:USDT exit=2026-08-02 01:17:08 미매칭수량=8.00000000 orderID=3794960225971183616 tradeID=None
2026-08-02 21:23:39,984 [WARNING] [진입유실 방지 자동보정] LONG PUMP/USDT:USDT exit=2026-08-02 02:50:55 미매칭수량=8.00000000 orderID=3795149063100276736 tradeID=None
2026-08-02 21:23:39,984 [WARNING] [진입유실 방지 자동보정] LONG PUMP/USDT:USDT exit=2026-08-02 02:58:05 미매칭수량=8.00000000 orderID=3795163464326946816 tradeID=None
2026-08-02 21:23:39,985 [WARNING] [진입유실 방지 자동보정] LONG PUMP/USDT:USDT exit=2026-08-02 03:01:19 미매칭수량=8.00000000 orderID=3795170003850862592 tradeID=None
2026-08-02 21:23:39,985 [WARNING] [진입유실 방지 자동보정] SHORT AAVE/USDT:USDT exit=2026-07-29 19:51:23 미매칭수량=1.30000000 orderID=3785607095856898048 tradeID=None
2026-08-02 21:23:39,985 [WARNING] [진입유실 방지 자동보정] SHORT AAVE/USDT:USDT exit=2026-07-30 04:51:27 미매칭수량=1.20000000 orderID=3786694404677279744 tradeID=None
2026-08-02 21:23:39,985 [WARNING] [진입유실 방지 자동보정] SHORT AAVE/USDT:USDT exit=2026-08-02 00:29:46 미매칭수량=1.90000000 orderID=3794864877797875712 tradeID=None
2026-08-02 21:23:39,985 [WARNING] [진입유실 방지 자동보정] SHORT AAVE/USDT:USDT exit=2026-08-02 10:10:49 미매칭수량=1.70000000 orderID=3796034702335254528 tradeID=None
2026-08-02 21:23:39,985 [WARNING] [진입유실 방지 자동보정] SHORT OKB/USDT:USDT exit=2026-07-30 08:53:13 미매칭수량=15.00000000 orderID=3787181136006848512 tradeID=None
2026-08-02 21:23:39,985 [WARNING] [진입유실 방지 자동보정] SHORT OKB/USDT:USDT exit=2026-07-30 09:19:19 미매칭수량=15.00000000 orderID=3787233685032378368 tradeID=None
2026-08-02 21:23:39,985 [WARNING] [진입유실 방지 자동보정] LONG OKB/USDT:USDT exit=2026-07-31 23:53:46 미매칭수량=15.00000000 orderID=3791893310117748736 tradeID=None
2026-08-02 21:23:39,985 [WARNING] [진입유실 방지 자동보정] LONG OKB/USDT:USDT exit=2026-08-02 03:20:57 미매칭수량=20.00000000 orderID=3795209502081392640 tradeID=None
2026-08-02 21:23:39,985 [WARNING] [진입유실 방지 자동보정] SHORT PI/USDT:USDT exit=2026-07-31 06:44:25 미매칭수량=156.00000000 orderID=3789820936086069248 tradeID=None
2026-08-02 21:23:39,985 [WARNING] [진입유실 방지 자동보정] SHORT PI/USDT:USDT exit=2026-08-02 05:54:47 미매칭수량=64.00000000 orderID=3795519222373654528 tradeID=None
2026-08-02 21:23:39,985 [WARNING] [진입유실 방지 자동보정] SHORT PI/USDT:USDT exit=2026-08-02 06:01:21 미매칭수량=65.00000000 orderID=3795532457416040448 tradeID=None
2026-08-02 21:23:39,985 [WARNING] [진입유실 방지 자동보정] SHORT TRX/USDT:USDT exit=2026-08-02 07:45:17 미매칭수량=0.02000000 orderID=3795741702585556992 tradeID=None
2026-08-02 21:23:39,985 [WARNING] [진입유실 방지 자동보정] SHORT TRX/USDT:USDT exit=2026-08-02 07:45:51 미매칭수량=0.02000000 orderID=3795742831188877312 tradeID=None
2026-08-02 21:23:39,985 [WARNING] [진입유실 방지 자동보정] SHORT TRX/USDT:USDT exit=2026-08-02 07:46:33 미매칭수량=0.02000000 orderID=3795744238965071872 tradeID=None
2026-08-02 21:23:39,985 [WARNING] [진입유실 방지 자동보정] LONG TRX/USDT:USDT exit=2026-08-02 07:57:24 미매칭수량=0.02000000 orderID=3795766084141817856 tradeID=None
2026-08-02 21:23:39,985 [WARNING] [진입유실 방지 자동보정] SHORT TRX/USDT:USDT exit=2026-08-02 07:57:36 미매칭수량=0.02000000 orderID=3795766489848455168 tradeID=None
2026-08-02 21:23:39,985 [WARNING] [진입유실 방지 자동보정] LONG TRX/USDT:USDT exit=2026-08-02 08:08:01 미매칭수량=0.04000000 orderID=3795787448886206464 tradeID=None
2026-08-02 21:23:39,985 [WARNING] [진입유실 방지 자동보정] LONG TRX/USDT:USDT exit=2026-08-02 08:08:21 미매칭수량=0.04000000 orderID=3795788133161738240 tradeID=None
2026-08-02 21:23:39,985 [WARNING] [진입유실 방지 자동보정] LONG TRX/USDT:USDT exit=2026-08-02 09:02:45 미매칭수량=0.04000000 orderID=3795897653754044416 tradeID=None
2026-08-02 21:23:39,985 [WARNING] [진입유실 방지 자동보정] SHORT TRX/USDT:USDT exit=2026-08-02 09:02:53 미매칭수량=0.04000000 orderID=3795897917693206528 tradeID=None
2026-08-02 21:23:39,985 [WARNING] [진입유실 방지 자동보정] SHORT LTC/USDT:USDT exit=2026-08-02 07:47:54 미매칭수량=0.30000000 orderID=3795746956337192960 tradeID=None
2026-08-02 21:23:39,985 [WARNING] [진입유실 방지 자동보정] LONG LTC/USDT:USDT exit=2026-08-02 08:00:05 미매칭수량=0.30000000 orderID=3795771497209896960 tradeID=None
2026-08-02 21:23:39,985 [WARNING] [진입유실 방지 자동보정] LONG LTC/USDT:USDT exit=2026-08-02 08:05:44 미매칭수량=0.30000000 orderID=3795782852365230080 tradeID=None
2026-08-02 21:23:39,985 [WARNING] [진입유실 방지 자동보정] LONG LTC/USDT:USDT exit=2026-08-02 08:06:00 미매칭수량=0.30000000 orderID=3795783410543206400 tradeID=None
2026-08-02 21:23:39,985 [WARNING] [진입유실 방지 자동보정] SHORT LTC/USDT:USDT exit=2026-08-02 08:06:40 미매칭수량=0.30000000 orderID=3795784723293249536 tradeID=None
2026-08-02 21:23:39,985 [WARNING] [진입유실 방지 자동보정] SHORT LTC/USDT:USDT exit=2026-08-02 08:16:53 미매칭수량=0.30000000 orderID=3795805318600957952 tradeID=None
2026-08-02 21:23:39,986 [WARNING] [진입유실 방지 자동보정] LONG LTC/USDT:USDT exit=2026-08-02 08:27:04 미매칭수량=0.30000000 orderID=3795825821164216320 tradeID=None
2026-08-02 21:23:39,986 [WARNING] [진입유실 방지 자동보정] LONG LTC/USDT:USDT exit=2026-08-02 10:40:42 미매칭수량=0.10000000 orderID=3796094839125155840 tradeID=None
2026-08-02 21:23:39,986 [WARNING] [진입유실 방지 자동보정] LONG LTC/USDT:USDT exit=2026-08-02 11:18:24 미매칭수량=0.10000000 orderID=3796170746598760448 tradeID=None
2026-08-02 21:23:39,986 [WARNING] [진입유실 방지 자동보정] LONG SOL/USDT:USDT exit=2026-08-02 09:24:20 미매칭수량=0.22000000 orderID=3795941106844147712 tradeID=None
2026-08-02 21:23:39,986 [WARNING] [진입유실 방지 자동보정] LONG SOL/USDT:USDT exit=2026-08-02 09:26:25 미매칭수량=0.22000000 orderID=3795945306617520128 tradeID=None
2026-08-02 21:23:39,986 [WARNING] [진입유실 방지 자동보정] LONG SOL/USDT:USDT exit=2026-08-02 11:07:12 미매칭수량=0.06000000 orderID=3796148184967782400 tradeID=None
2026-08-02 21:23:39,986 [WARNING] [진입유실 방지 자동보정] LONG SOL/USDT:USDT exit=2026-08-02 11:07:18 미매칭수량=0.03000000 orderID=3796148408138309632 tradeID=None
2026-08-02 21:23:39,986 [WARNING] [진입유실 방지 자동보정] LONG SOL/USDT:USDT exit=2026-08-02 11:07:19 미매칭수량=0.01000000 orderID=3796148444309987328 tradeID=None
2026-08-02 21:23:39,986 [WARNING] [진입유실 방지 자동보정] LONG SOL/USDT:USDT exit=2026-08-02 11:18:24 미매칭수량=0.02000000 orderID=3796170752202350592 tradeID=None
2026-08-02 21:23:46,831 [INFO] [SCAN] 블랙리스트 4개 제외: ['IP/USDT:USDT', 'NES/USDT:USDT', 'WLD/USDT:USDT', 'XAG/USDT:USDT', 'XAU/USDT:USDT', 'XAUT/USDT:USDT']
2026-08-02 21:23:46,831 [INFO] [SCAN] 스캔 시작: 30개 페어 (캐시 30개 보유)
2026-08-02 21:23:48,399 [INFO] [SIG] SOL/USDT:USDT LONG 신호 포착 (강도 100%)
2026-08-02 21:23:48,399 [INFO] [SIGNAL] SOL/USDT:USDT LONG 신호 수신 (strength=100)
2026-08-02 21:23:48,399 [INFO] [🐸 청개구리 역매매] 신호 방향 반전: LONG ➡️ SHORT
2026-08-02 21:23:48,399 [WARNING] [RISK BLOCK] SOL/USDT:USDT — SOL/USDT:USDT 종목별 쿨다운/격리 진행 중 (남은 시간: 28566.5초)
2026-08-02 21:23:54,467 [INFO] [SIG] SUI/USDT:USDT LONG 신호 포착 (강도 100%)
2026-08-02 21:23:54,468 [INFO] [SIGNAL] SUI/USDT:USDT LONG 신호 수신 (strength=100)
2026-08-02 21:23:54,468 [INFO] [🐸 청개구리 역매매] 신호 방향 반전: LONG ➡️ SHORT
2026-08-02 21:23:54,978 [INFO] [RISK OK] SUI/USDT:USDT 리스크 체크 통과
2026-08-02 21:23:55,361 [INFO] [ENTRY BLOCK] SUI/USDT:USDT — 이미 포지션 보유 또는 진입 주문 전송 중
2026-08-02 21:23:59,070 [INFO] [SIG] LINK/USDT:USDT LONG 신호 포착 (강도 100%)
2026-08-02 21:23:59,071 [INFO] [SIGNAL] LINK/USDT:USDT LONG 신호 수신 (strength=100)
2026-08-02 21:23:59,071 [INFO] [🐸 청개구리 역매매] 신호 방향 반전: LONG ➡️ SHORT
2026-08-02 21:23:59,604 [INFO] [RISK OK] LINK/USDT:USDT 리스크 체크 통과
2026-08-02 21:23:59,991 [INFO] [ENTRY BLOCK] LINK/USDT:USDT — 이미 포지션 보유 또는 진입 주문 전송 중
2026-08-02 21:24:02,192 [INFO] [SCAN] 완료: 30개 종목 · 신호 3개 · API 호출 30회 · 캐시 히트 0회
2026-08-02 21:24:10,052 [WARNING] [진입유실 방지 자동보정] SHORT HYPE/USDT:USDT exit=2026-06-30 21:26:12 미매칭수량=1.00000000 orderID=3701724002671108096 tradeID=None
2026-08-02 21:24:10,052 [WARNING] [진입유실 방지 자동보정] LONG HYPE/USDT:USDT exit=2026-07-15 11:53:06 미매칭수량=2.00000000 orderID=3744056742971940864 tradeID=None
2026-08-02 21:24:10,052 [WARNING] [진입유실 방지 자동보정] LONG HYPE/USDT:USDT exit=2026-07-15 12:04:14 미매칭수량=3.00000000 orderID=3744079165284917248 tradeID=None
2026-08-02 21:24:10,052 [WARNING] [진입유실 방지 자동보정] LONG HYPE/USDT:USDT exit=2026-07-18 21:47:26 미매칭수량=5.00000000 orderID=3753950623897198592 tradeID=None
2026-08-02 21:24:10,052 [WARNING] [진입유실 방지 자동보정] SHORT HYPE/USDT:USDT exit=2026-07-30 03:53:09 미매칭수량=2.00000000 orderID=3786577041541799936 tradeID=None
2026-08-02 21:24:10,053 [WARNING] [진입유실 방지 자동보정] LONG HYPE/USDT:USDT exit=2026-07-31 02:01:55 미매칭수량=2.00000000 orderID=3789252196483178496 tradeID=None
2026-08-02 21:24:10,053 [WARNING] [진입유실 방지 자동보정] SHORT HYPE/USDT:USDT exit=2026-08-02 10:04:19 미매칭수량=3.00000000 orderID=3796021584934707200 tradeID=None
2026-08-02 21:24:10,053 [WARNING] [진입유실 방지 자동보정] SHORT KAITO/USDT:USDT exit=2026-07-17 07:08:33 미매칭수량=31.00000000 orderID=3749282075346182144 tradeID=None
2026-08-02 21:24:10,053 [WARNING] [진입유실 방지 자동보정] SHORT BNB/USDT:USDT exit=2026-07-18 21:43:33 미매칭수량=5.00000000 orderID=3753942814237368320 tradeID=None
2026-08-02 21:24:10,053 [WARNING] [진입유실 방지 자동보정] SHORT BNB/USDT:USDT exit=2026-07-18 21:47:21 미매칭수량=5.00000000 orderID=3753950456829681664 tradeID=None
2026-08-02 21:24:10,053 [WARNING] [진입유실 방지 자동보정] SHORT BNB/USDT:USDT exit=2026-07-19 04:18:33 미매칭수량=5.00000000 orderID=3754738052228947968 tradeID=None
2026-08-02 21:24:10,053 [WARNING] [진입유실 방지 자동보정] LONG BNB/USDT:USDT exit=2026-07-19 21:12:59 미매칭수량=5.00000000 orderID=3756780357832122368 tradeID=None
2026-08-02 21:24:10,053 [WARNING] [진입유실 방지 자동보정] LONG ORDI/USDT:USDT exit=2026-07-20 09:10:38 미매칭수량=44.00000000 orderID=3758225167147311104 tradeID=None
2026-08-02 21:24:10,053 [WARNING] [진입유실 방지 자동보정] LONG ORDI/USDT:USDT exit=2026-07-20 09:10:46 미매칭수량=22.00000000 orderID=3758225466956161024 tradeID=None
2026-08-02 21:24:10,053 [WARNING] [진입유실 방지 자동보정] LONG ORDI/USDT:USDT exit=2026-07-20 09:40:03 미매칭수량=22.00000000 orderID=3758284409879371776 tradeID=None
2026-08-02 21:24:10,053 [WARNING] [진입유실 방지 자동보정] SHORT ORDI/USDT:USDT exit=2026-07-27 18:00:26 미매칭수량=26.00000000 orderID=3779585546305642496 tradeID=None
2026-08-02 21:24:10,053 [WARNING] [진입유실 방지 자동보정] SHORT ORDI/USDT:USDT exit=2026-07-27 22:48:32 미매칭수량=26.00000000 orderID=3780165541977628672 tradeID=None
2026-08-02 21:24:10,053 [WARNING] [진입유실 방지 자동보정] LONG DOGE/USDT:USDT exit=2026-07-24 04:49:00 미매칭수량=0.45000000 orderID=3769294842044063744 tradeID=None
2026-08-02 21:24:10,053 [WARNING] [진입유실 방지 자동보정] SHORT DOGE/USDT:USDT exit=2026-07-24 21:46:27 미매칭수량=0.42000000 orderID=3771343268109852672 tradeID=None
2026-08-02 21:24:10,053 [WARNING] [진입유실 방지 자동보정] SHORT DOGE/USDT:USDT exit=2026-07-28 04:10:37 미매칭수량=0.29000000 orderID=3780813979496980480 tradeID=None
2026-08-02 21:24:10,053 [WARNING] [진입유실 방지 자동보정] LONG DOGE/USDT:USDT exit=2026-07-29 00:25:06 미매칭수량=0.14000000 orderID=3783259068710232064 tradeID=None
2026-08-02 21:24:10,053 [WARNING] [진입유실 방지 자동보정] LONG DOGE/USDT:USDT exit=2026-07-29 02:32:46 미매칭수량=0.14000000 orderID=3783516090894622720 tradeID=None
2026-08-02 21:24:10,053 [WARNING] [진입유실 방지 자동보정] LONG DOGE/USDT:USDT exit=2026-08-01 11:09:44 미매칭수량=0.25000000 orderID=3793254199496515584 tradeID=None
2026-08-02 21:24:10,053 [WARNING] [진입유실 방지 자동보정] LONG DOGE/USDT:USDT exit=2026-08-01 11:17:03 미매칭수량=0.25000000 orderID=3793268919356071936 tradeID=None
2026-08-02 21:24:10,053 [WARNING] [진입유실 방지 자동보정] LONG DOGE/USDT:USDT exit=2026-08-01 23:30:31 미매칭수량=0.25000000 orderID=3794745576256413696 tradeID=None
2026-08-02 21:24:10,053 [WARNING] [진입유실 방지 자동보정] SHORT DOGE/USDT:USDT exit=2026-08-02 02:50:55 미매칭수량=0.25000000 orderID=3795149056255172608 tradeID=None
2026-08-02 21:24:10,053 [WARNING] [진입유실 방지 자동보정] LONG PUMP/USDT:USDT exit=2026-07-24 11:56:38 미매칭수량=16.00000000 orderID=3770155784143347712 tradeID=None
2026-08-02 21:24:10,053 [WARNING] [진입유실 방지 자동보정] LONG PUMP/USDT:USDT exit=2026-07-27 22:17:06 미매칭수량=9.00000000 orderID=3780102285632184320 tradeID=None
2026-08-02 21:24:10,053 [WARNING] [진입유실 방지 자동보정] LONG PUMP/USDT:USDT exit=2026-07-27 22:39:22 미매칭수량=9.00000000 orderID=3780147102978383872 tradeID=None
2026-08-02 21:24:10,053 [WARNING] [진입유실 방지 자동보정] LONG PUMP/USDT:USDT exit=2026-08-02 01:02:05 미매칭수량=8.00000000 orderID=3794929953162633216 tradeID=None
2026-08-02 21:24:10,053 [WARNING] [진입유실 방지 자동보정] LONG PUMP/USDT:USDT exit=2026-08-02 01:17:08 미매칭수량=8.00000000 orderID=3794960225971183616 tradeID=None
2026-08-02 21:24:10,053 [WARNING] [진입유실 방지 자동보정] LONG PUMP/USDT:USDT exit=2026-08-02 02:50:55 미매칭수량=8.00000000 orderID=3795149063100276736 tradeID=None
2026-08-02 21:24:10,053 [WARNING] [진입유실 방지 자동보정] LONG PUMP/USDT:USDT exit=2026-08-02 02:58:05 미매칭수량=8.00000000 orderID=3795163464326946816 tradeID=None
2026-08-02 21:24:10,053 [WARNING] [진입유실 방지 자동보정] LONG PUMP/USDT:USDT exit=2026-08-02 03:01:19 미매칭수량=8.00000000 orderID=3795170003850862592 tradeID=None
2026-08-02 21:24:10,054 [WARNING] [진입유실 방지 자동보정] SHORT AAVE/USDT:USDT exit=2026-07-29 19:51:23 미매칭수량=1.30000000 orderID=3785607095856898048 tradeID=None
2026-08-02 21:24:10,054 [WARNING] [진입유실 방지 자동보정] SHORT AAVE/USDT:USDT exit=2026-07-30 04:51:27 미매칭수량=1.20000000 orderID=3786694404677279744 tradeID=None
2026-08-02 21:24:10,054 [WARNING] [진입유실 방지 자동보정] SHORT AAVE/USDT:USDT exit=2026-08-02 00:29:46 미매칭수량=1.90000000 orderID=3794864877797875712 tradeID=None
2026-08-02 21:24:10,054 [WARNING] [진입유실 방지 자동보정] SHORT AAVE/USDT:USDT exit=2026-08-02 10:10:49 미매칭수량=1.70000000 orderID=3796034702335254528 tradeID=None
2026-08-02 21:24:10,054 [WARNING] [진입유실 방지 자동보정] SHORT OKB/USDT:USDT exit=2026-07-30 08:53:13 미매칭수량=15.00000000 orderID=3787181136006848512 tradeID=None
2026-08-02 21:24:10,054 [WARNING] [진입유실 방지 자동보정] SHORT OKB/USDT:USDT exit=2026-07-30 09:19:19 미매칭수량=15.00000000 orderID=3787233685032378368 tradeID=None
2026-08-02 21:24:10,054 [WARNING] [진입유실 방지 자동보정] LONG OKB/USDT:USDT exit=2026-07-31 23:53:46 미매칭수량=15.00000000 orderID=3791893310117748736 tradeID=None
2026-08-02 21:24:10,054 [WARNING] [진입유실 방지 자동보정] LONG OKB/USDT:USDT exit=2026-08-02 03:20:57 미매칭수량=20.00000000 orderID=3795209502081392640 tradeID=None
2026-08-02 21:24:10,054 [WARNING] [진입유실 방지 자동보정] SHORT PI/USDT:USDT exit=2026-07-31 06:44:25 미매칭수량=156.00000000 orderID=3789820936086069248 tradeID=None
2026-08-02 21:24:10,054 [WARNING] [진입유실 방지 자동보정] SHORT PI/USDT:USDT exit=2026-08-02 05:54:47 미매칭수량=64.00000000 orderID=3795519222373654528 tradeID=None
2026-08-02 21:24:10,054 [WARNING] [진입유실 방지 자동보정] SHORT PI/USDT:USDT exit=2026-08-02 06:01:21 미매칭수량=65.00000000 orderID=3795532457416040448 tradeID=None
2026-08-02 21:24:10,054 [WARNING] [진입유실 방지 자동보정] SHORT TRX/USDT:USDT exit=2026-08-02 07:45:17 미매칭수량=0.02000000 orderID=3795741702585556992 tradeID=None
2026-08-02 21:24:10,054 [WARNING] [진입유실 방지 자동보정] SHORT TRX/USDT:USDT exit=2026-08-02 07:45:51 미매칭수량=0.02000000 orderID=3795742831188877312 tradeID=None
2026-08-02 21:24:10,054 [WARNING] [진입유실 방지 자동보정] SHORT TRX/USDT:USDT exit=2026-08-02 07:46:33 미매칭수량=0.02000000 orderID=3795744238965071872 tradeID=None
2026-08-02 21:24:10,054 [WARNING] [진입유실 방지 자동보정] LONG TRX/USDT:USDT exit=2026-08-02 07:57:24 미매칭수량=0.02000000 orderID=3795766084141817856 tradeID=None
2026-08-02 21:24:10,054 [WARNING] [진입유실 방지 자동보정] SHORT TRX/USDT:USDT exit=2026-08-02 07:57:36 미매칭수량=0.02000000 orderID=3795766489848455168 tradeID=None
2026-08-02 21:24:10,054 [WARNING] [진입유실 방지 자동보정] LONG TRX/USDT:USDT exit=2026-08-02 08:08:01 미매칭수량=0.04000000 orderID=3795787448886206464 tradeID=None
2026-08-02 21:24:10,054 [WARNING] [진입유실 방지 자동보정] LONG TRX/USDT:USDT exit=2026-08-02 08:08:21 미매칭수량=0.04000000 orderID=3795788133161738240 tradeID=None
2026-08-02 21:24:10,054 [WARNING] [진입유실 방지 자동보정] LONG TRX/USDT:USDT exit=2026-08-02 09:02:45 미매칭수량=0.04000000 orderID=3795897653754044416 tradeID=None
2026-08-02 21:24:10,054 [WARNING] [진입유실 방지 자동보정] SHORT TRX/USDT:USDT exit=2026-08-02 09:02:53 미매칭수량=0.04000000 orderID=3795897917693206528 tradeID=None
2026-08-02 21:24:10,054 [WARNING] [진입유실 방지 자동보정] SHORT LTC/USDT:USDT exit=2026-08-02 07:47:54 미매칭수량=0.30000000 orderID=3795746956337192960 tradeID=None
2026-08-02 21:24:10,054 [WARNING] [진입유실 방지 자동보정] LONG LTC/USDT:USDT exit=2026-08-02 08:00:05 미매칭수량=0.30000000 orderID=3795771497209896960 tradeID=None
2026-08-02 21:24:10,054 [WARNING] [진입유실 방지 자동보정] LONG LTC/USDT:USDT exit=2026-08-02 08:05:44 미매칭수량=0.30000000 orderID=3795782852365230080 tradeID=None
2026-08-02 21:24:10,054 [WARNING] [진입유실 방지 자동보정] LONG LTC/USDT:USDT exit=2026-08-02 08:06:00 미매칭수량=0.30000000 orderID=3795783410543206400 tradeID=None
2026-08-02 21:24:10,054 [WARNING] [진입유실 방지 자동보정] SHORT LTC/USDT:USDT exit=2026-08-02 08:06:40 미매칭수량=0.30000000 orderID=3795784723293249536 tradeID=None
2026-08-02 21:24:10,054 [WARNING] [진입유실 방지 자동보정] SHORT LTC/USDT:USDT exit=2026-08-02 08:16:53 미매칭수량=0.30000000 orderID=3795805318600957952 tradeID=None
2026-08-02 21:24:10,054 [WARNING] [진입유실 방지 자동보정] LONG LTC/USDT:USDT exit=2026-08-02 08:27:04 미매칭수량=0.30000000 orderID=3795825821164216320 tradeID=None
2026-08-02 21:24:10,054 [WARNING] [진입유실 방지 자동보정] LONG LTC/USDT:USDT exit=2026-08-02 10:40:42 미매칭수량=0.10000000 orderID=3796094839125155840 tradeID=None
2026-08-02 21:24:10,054 [WARNING] [진입유실 방지 자동보정] LONG LTC/USDT:USDT exit=2026-08-02 11:18:24 미매칭수량=0.10000000 orderID=3796170746598760448 tradeID=None
2026-08-02 21:24:10,054 [WARNING] [진입유실 방지 자동보정] LONG SOL/USDT:USDT exit=2026-08-02 09:24:20 미매칭수량=0.22000000 orderID=3795941106844147712 tradeID=None
2026-08-02 21:24:10,055 [WARNING] [진입유실 방지 자동보정] LONG SOL/USDT:USDT exit=2026-08-02 09:26:25 미매칭수량=0.22000000 orderID=3795945306617520128 tradeID=None
2026-08-02 21:24:10,055 [WARNING] [진입유실 방지 자동보정] LONG SOL/USDT:USDT exit=2026-08-02 11:07:12 미매칭수량=0.06000000 orderID=3796148184967782400 tradeID=None
2026-08-02 21:24:10,055 [WARNING] [진입유실 방지 자동보정] LONG SOL/USDT:USDT exit=2026-08-02 11:07:18 미매칭수량=0.03000000 orderID=3796148408138309632 tradeID=None
2026-08-02 21:24:10,055 [WARNING] [진입유실 방지 자동보정] LONG SOL/USDT:USDT exit=2026-08-02 11:07:19 미매칭수량=0.01000000 orderID=3796148444309987328 tradeID=None
2026-08-02 21:24:10,055 [WARNING] [진입유실 방지 자동보정] LONG SOL/USDT:USDT exit=2026-08-02 11:18:24 미매칭수량=0.02000000 orderID=3796170752202350592 tradeID=None
2026-08-02 21:24:10,595 [INFO] [상태] 잔고:$8.16 | 포지션:2개 | 스캔:4회 | 스캐너:ON
2026-08-02 21:24:17,567 [INFO] [SCAN] 블랙리스트 4개 제외: ['IP/USDT:USDT', 'NES/USDT:USDT', 'WLD/USDT:USDT', 'XAG/USDT:USDT', 'XAU/USDT:USDT', 'XAUT/USDT:USDT']
2026-08-02 21:24:17,568 [INFO] [SCAN] 스캔 시작: 30개 페어 (캐시 30개 보유)
2026-08-02 21:24:19,082 [WARNING] [API RateLimit] fetch_ohlcv API 제한 감지. 1/3. 1.0초 대기... 오류: okx {"msg":"Too Many Requests","code":"50011"}
2026-08-02 21:24:20,252 [INFO] [SIG] SOL/USDT:USDT LONG 신호 포착 (강도 100%)
2026-08-02 21:24:20,253 [INFO] [SIGNAL] SOL/USDT:USDT LONG 신호 수신 (strength=100)
2026-08-02 21:24:20,253 [INFO] [🐸 청개구리 역매매] 신호 방향 반전: LONG ➡️ SHORT
2026-08-02 21:24:20,253 [WARNING] [RISK BLOCK] SOL/USDT:USDT — SOL/USDT:USDT 종목별 쿨다운/격리 진행 중 (남은 시간: 28534.6초)
2026-08-02 21:24:26,275 [INFO] [SIG] SUI/USDT:USDT LONG 신호 포착 (강도 100%)
2026-08-02 21:24:26,276 [INFO] [SIGNAL] SUI/USDT:USDT LONG 신호 수신 (strength=100)
2026-08-02 21:24:26,276 [INFO] [🐸 청개구리 역매매] 신호 방향 반전: LONG ➡️ SHORT
2026-08-02 21:24:26,881 [INFO] [RISK OK] SUI/USDT:USDT 리스크 체크 통과
2026-08-02 21:24:27,207 [INFO] [ENTRY BLOCK] SUI/USDT:USDT — 이미 포지션 보유 또는 진입 주문 전송 중
2026-08-02 21:24:30,948 [INFO] [SIG] LINK/USDT:USDT LONG 신호 포착 (강도 100%)
2026-08-02 21:24:30,948 [INFO] [SIGNAL] LINK/USDT:USDT LONG 신호 수신 (strength=100)
2026-08-02 21:24:30,948 [INFO] [🐸 청개구리 역매매] 신호 방향 반전: LONG ➡️ SHORT
2026-08-02 21:24:31,548 [INFO] [RISK OK] LINK/USDT:USDT 리스크 체크 통과
2026-08-02 21:24:31,876 [INFO] [ENTRY BLOCK] LINK/USDT:USDT — 이미 포지션 보유 또는 진입 주문 전송 중
2026-08-02 21:24:34,053 [INFO] [SCAN] 완료: 30개 종목 · 신호 3개 · API 호출 30회 · 캐시 히트 0회
2026-08-02 21:24:40,682 [WARNING] [진입유실 방지 자동보정] SHORT HYPE/USDT:USDT exit=2026-06-30 21:26:12 미매칭수량=1.00000000 orderID=3701724002671108096 tradeID=None
2026-08-02 21:24:40,682 [WARNING] [진입유실 방지 자동보정] LONG HYPE/USDT:USDT exit=2026-07-15 11:53:06 미매칭수량=2.00000000 orderID=3744056742971940864 tradeID=None
2026-08-02 21:24:40,682 [WARNING] [진입유실 방지 자동보정] LONG HYPE/USDT:USDT exit=2026-07-15 12:04:14 미매칭수량=3.00000000 orderID=3744079165284917248 tradeID=None
2026-08-02 21:24:40,682 [WARNING] [진입유실 방지 자동보정] LONG HYPE/USDT:USDT exit=2026-07-18 21:47:26 미매칭수량=5.00000000 orderID=3753950623897198592 tradeID=None
2026-08-02 21:24:40,682 [WARNING] [진입유실 방지 자동보정] SHORT HYPE/USDT:USDT exit=2026-07-30 03:53:09 미매칭수량=2.00000000 orderID=3786577041541799936 tradeID=None
2026-08-02 21:24:40,682 [WARNING] [진입유실 방지 자동보정] LONG HYPE/USDT:USDT exit=2026-07-31 02:01:55 미매칭수량=2.00000000 orderID=3789252196483178496 tradeID=None
2026-08-02 21:24:40,682 [WARNING] [진입유실 방지 자동보정] SHORT HYPE/USDT:USDT exit=2026-08-02 10:04:19 미매칭수량=3.00000000 orderID=3796021584934707200 tradeID=None
2026-08-02 21:24:40,682 [WARNING] [진입유실 방지 자동보정] SHORT KAITO/USDT:USDT exit=2026-07-17 07:08:33 미매칭수량=31.00000000 orderID=3749282075346182144 tradeID=None
2026-08-02 21:24:40,682 [WARNING] [진입유실 방지 자동보정] SHORT BNB/USDT:USDT exit=2026-07-18 21:43:33 미매칭수량=5.00000000 orderID=3753942814237368320 tradeID=None
2026-08-02 21:24:40,682 [WARNING] [진입유실 방지 자동보정] SHORT BNB/USDT:USDT exit=2026-07-18 21:47:21 미매칭수량=5.00000000 orderID=3753950456829681664 tradeID=None
2026-08-02 21:24:40,682 [WARNING] [진입유실 방지 자동보정] SHORT BNB/USDT:USDT exit=2026-07-19 04:18:33 미매칭수량=5.00000000 orderID=3754738052228947968 tradeID=None
2026-08-02 21:24:40,682 [WARNING] [진입유실 방지 자동보정] LONG BNB/USDT:USDT exit=2026-07-19 21:12:59 미매칭수량=5.00000000 orderID=3756780357832122368 tradeID=None
2026-08-02 21:24:40,682 [WARNING] [진입유실 방지 자동보정] LONG ORDI/USDT:USDT exit=2026-07-20 09:10:38 미매칭수량=44.00000000 orderID=3758225167147311104 tradeID=None
2026-08-02 21:24:40,683 [WARNING] [진입유실 방지 자동보정] LONG ORDI/USDT:USDT exit=2026-07-20 09:10:46 미매칭수량=22.00000000 orderID=3758225466956161024 tradeID=None
2026-08-02 21:24:40,683 [WARNING] [진입유실 방지 자동보정] LONG ORDI/USDT:USDT exit=2026-07-20 09:40:03 미매칭수량=22.00000000 orderID=3758284409879371776 tradeID=None
2026-08-02 21:24:40,683 [WARNING] [진입유실 방지 자동보정] SHORT ORDI/USDT:USDT exit=2026-07-27 18:00:26 미매칭수량=26.00000000 orderID=3779585546305642496 tradeID=None
2026-08-02 21:24:40,683 [WARNING] [진입유실 방지 자동보정] SHORT ORDI/USDT:USDT exit=2026-07-27 22:48:32 미매칭수량=26.00000000 orderID=3780165541977628672 tradeID=None
2026-08-02 21:24:40,683 [WARNING] [진입유실 방지 자동보정] LONG DOGE/USDT:USDT exit=2026-07-24 04:49:00 미매칭수량=0.45000000 orderID=3769294842044063744 tradeID=None
2026-08-02 21:24:40,683 [WARNING] [진입유실 방지 자동보정] SHORT DOGE/USDT:USDT exit=2026-07-24 21:46:27 미매칭수량=0.42000000 orderID=3771343268109852672 tradeID=None
2026-08-02 21:24:40,683 [WARNING] [진입유실 방지 자동보정] SHORT DOGE/USDT:USDT exit=2026-07-28 04:10:37 미매칭수량=0.29000000 orderID=3780813979496980480 tradeID=None
2026-08-02 21:24:40,683 [WARNING] [진입유실 방지 자동보정] LONG DOGE/USDT:USDT exit=2026-07-29 00:25:06 미매칭수량=0.14000000 orderID=3783259068710232064 tradeID=None
2026-08-02 21:24:40,683 [WARNING] [진입유실 방지 자동보정] LONG DOGE/USDT:USDT exit=2026-07-29 02:32:46 미매칭수량=0.14000000 orderID=3783516090894622720 tradeID=None
2026-08-02 21:24:40,683 [WARNING] [진입유실 방지 자동보정] LONG DOGE/USDT:USDT exit=2026-08-01 11:09:44 미매칭수량=0.25000000 orderID=3793254199496515584 tradeID=None
2026-08-02 21:24:40,683 [WARNING] [진입유실 방지 자동보정] LONG DOGE/USDT:USDT exit=2026-08-01 11:17:03 미매칭수량=0.25000000 orderID=3793268919356071936 tradeID=None
2026-08-02 21:24:40,683 [WARNING] [진입유실 방지 자동보정] LONG DOGE/USDT:USDT exit=2026-08-01 23:30:31 미매칭수량=0.25000000 orderID=3794745576256413696 tradeID=None
2026-08-02 21:24:40,683 [WARNING] [진입유실 방지 자동보정] SHORT DOGE/USDT:USDT exit=2026-08-02 02:50:55 미매칭수량=0.25000000 orderID=3795149056255172608 tradeID=None
2026-08-02 21:24:40,683 [WARNING] [진입유실 방지 자동보정] LONG PUMP/USDT:USDT exit=2026-07-24 11:56:38 미매칭수량=16.00000000 orderID=3770155784143347712 tradeID=None
2026-08-02 21:24:40,683 [WARNING] [진입유실 방지 자동보정] LONG PUMP/USDT:USDT exit=2026-07-27 22:17:06 미매칭수량=9.00000000 orderID=3780102285632184320 tradeID=None
2026-08-02 21:24:40,683 [WARNING] [진입유실 방지 자동보정] LONG PUMP/USDT:USDT exit=2026-07-27 22:39:22 미매칭수량=9.00000000 orderID=3780147102978383872 tradeID=None
2026-08-02 21:24:40,683 [WARNING] [진입유실 방지 자동보정] LONG PUMP/USDT:USDT exit=2026-08-02 01:02:05 미매칭수량=8.00000000 orderID=3794929953162633216 tradeID=None
2026-08-02 21:24:40,683 [WARNING] [진입유실 방지 자동보정] LONG PUMP/USDT:USDT exit=2026-08-02 01:17:08 미매칭수량=8.00000000 orderID=3794960225971183616 tradeID=None
2026-08-02 21:24:40,683 [WARNING] [진입유실 방지 자동보정] LONG PUMP/USDT:USDT exit=2026-08-02 02:50:55 미매칭수량=8.00000000 orderID=3795149063100276736 tradeID=None
2026-08-02 21:24:40,683 [WARNING] [진입유실 방지 자동보정] LONG PUMP/USDT:USDT exit=2026-08-02 02:58:05 미매칭수량=8.00000000 orderID=3795163464326946816 tradeID=None
2026-08-02 21:24:40,683 [WARNING] [진입유실 방지 자동보정] LONG PUMP/USDT:USDT exit=2026-08-02 03:01:19 미매칭수량=8.00000000 orderID=3795170003850862592 tradeID=None
2026-08-02 21:24:40,683 [WARNING] [진입유실 방지 자동보정] SHORT AAVE/USDT:USDT exit=2026-07-29 19:51:23 미매칭수량=1.30000000 orderID=3785607095856898048 tradeID=None
2026-08-02 21:24:40,683 [WARNING] [진입유실 방지 자동보정] SHORT AAVE/USDT:USDT exit=2026-07-30 04:51:27 미매칭수량=1.20000000 orderID=3786694404677279744 tradeID=None
2026-08-02 21:24:40,683 [WARNING] [진입유실 방지 자동보정] SHORT AAVE/USDT:USDT exit=2026-08-02 00:29:46 미매칭수량=1.90000000 orderID=3794864877797875712 tradeID=None
2026-08-02 21:24:40,683 [WARNING] [진입유실 방지 자동보정] SHORT AAVE/USDT:USDT exit=2026-08-02 10:10:49 미매칭수량=1.70000000 orderID=3796034702335254528 tradeID=None
2026-08-02 21:24:40,683 [WARNING] [진입유실 방지 자동보정] SHORT OKB/USDT:USDT exit=2026-07-30 08:53:13 미매칭수량=15.00000000 orderID=3787181136006848512 tradeID=None
2026-08-02 21:24:40,683 [WARNING] [진입유실 방지 자동보정] SHORT OKB/USDT:USDT exit=2026-07-30 09:19:19 미매칭수량=15.00000000 orderID=3787233685032378368 tradeID=None
2026-08-02 21:24:40,683 [WARNING] [진입유실 방지 자동보정] LONG OKB/USDT:USDT exit=2026-07-31 23:53:46 미매칭수량=15.00000000 orderID=3791893310117748736 tradeID=None
2026-08-02 21:24:40,683 [WARNING] [진입유실 방지 자동보정] LONG OKB/USDT:USDT exit=2026-08-02 03:20:57 미매칭수량=20.00000000 orderID=3795209502081392640 tradeID=None
2026-08-02 21:24:40,684 [WARNING] [진입유실 방지 자동보정] SHORT PI/USDT:USDT exit=2026-07-31 06:44:25 미매칭수량=156.00000000 orderID=3789820936086069248 tradeID=None
2026-08-02 21:24:40,684 [WARNING] [진입유실 방지 자동보정] SHORT PI/USDT:USDT exit=2026-08-02 05:54:47 미매칭수량=64.00000000 orderID=3795519222373654528 tradeID=None
2026-08-02 21:24:40,684 [WARNING] [진입유실 방지 자동보정] SHORT PI/USDT:USDT exit=2026-08-02 06:01:21 미매칭수량=65.00000000 orderID=3795532457416040448 tradeID=None
2026-08-02 21:24:40,684 [WARNING] [진입유실 방지 자동보정] SHORT TRX/USDT:USDT exit=2026-08-02 07:45:17 미매칭수량=0.02000000 orderID=3795741702585556992 tradeID=None
2026-08-02 21:24:40,684 [WARNING] [진입유실 방지 자동보정] SHORT TRX/USDT:USDT exit=2026-08-02 07:45:51 미매칭수량=0.02000000 orderID=3795742831188877312 tradeID=None
2026-08-02 21:24:40,684 [WARNING] [진입유실 방지 자동보정] SHORT TRX/USDT:USDT exit=2026-08-02 07:46:33 미매칭수량=0.02000000 orderID=3795744238965071872 tradeID=None
2026-08-02 21:24:40,684 [WARNING] [진입유실 방지 자동보정] LONG TRX/USDT:USDT exit=2026-08-02 07:57:24 미매칭수량=0.02000000 orderID=3795766084141817856 tradeID=None
2026-08-02 21:24:40,684 [WARNING] [진입유실 방지 자동보정] SHORT TRX/USDT:USDT exit=2026-08-02 07:57:36 미매칭수량=0.02000000 orderID=3795766489848455168 tradeID=None
2026-08-02 21:24:40,684 [WARNING] [진입유실 방지 자동보정] LONG TRX/USDT:USDT exit=2026-08-02 08:08:01 미매칭수량=0.04000000 orderID=3795787448886206464 tradeID=None
2026-08-02 21:24:40,684 [WARNING] [진입유실 방지 자동보정] LONG TRX/USDT:USDT exit=2026-08-02 08:08:21 미매칭수량=0.04000000 orderID=3795788133161738240 tradeID=None
2026-08-02 21:24:40,684 [WARNING] [진입유실 방지 자동보정] LONG TRX/USDT:USDT exit=2026-08-02 09:02:45 미매칭수량=0.04000000 orderID=3795897653754044416 tradeID=None
2026-08-02 21:24:40,684 [WARNING] [진입유실 방지 자동보정] SHORT TRX/USDT:USDT exit=2026-08-02 09:02:53 미매칭수량=0.04000000 orderID=3795897917693206528 tradeID=None
2026-08-02 21:24:40,684 [WARNING] [진입유실 방지 자동보정] SHORT LTC/USDT:USDT exit=2026-08-02 07:47:54 미매칭수량=0.30000000 orderID=3795746956337192960 tradeID=None
2026-08-02 21:24:40,684 [WARNING] [진입유실 방지 자동보정] LONG LTC/USDT:USDT exit=2026-08-02 08:00:05 미매칭수량=0.30000000 orderID=3795771497209896960 tradeID=None
2026-08-02 21:24:40,684 [WARNING] [진입유실 방지 자동보정] LONG LTC/USDT:USDT exit=2026-08-02 08:05:44 미매칭수량=0.30000000 orderID=3795782852365230080 tradeID=None
2026-08-02 21:24:40,684 [WARNING] [진입유실 방지 자동보정] LONG LTC/USDT:USDT exit=2026-08-02 08:06:00 미매칭수량=0.30000000 orderID=3795783410543206400 tradeID=None
2026-08-02 21:24:40,684 [WARNING] [진입유실 방지 자동보정] SHORT LTC/USDT:USDT exit=2026-08-02 08:06:40 미매칭수량=0.30000000 orderID=3795784723293249536 tradeID=None
2026-08-02 21:24:40,684 [WARNING] [진입유실 방지 자동보정] SHORT LTC/USDT:USDT exit=2026-08-02 08:16:53 미매칭수량=0.30000000 orderID=3795805318600957952 tradeID=None
2026-08-02 21:24:40,684 [WARNING] [진입유실 방지 자동보정] LONG LTC/USDT:USDT exit=2026-08-02 08:27:04 미매칭수량=0.30000000 orderID=3795825821164216320 tradeID=None
2026-08-02 21:24:40,684 [WARNING] [진입유실 방지 자동보정] LONG LTC/USDT:USDT exit=2026-08-02 10:40:42 미매칭수량=0.10000000 orderID=3796094839125155840 tradeID=None
2026-08-02 21:24:40,685 [WARNING] [진입유실 방지 자동보정] LONG LTC/USDT:USDT exit=2026-08-02 11:18:24 미매칭수량=0.10000000 orderID=3796170746598760448 tradeID=None
2026-08-02 21:24:40,685 [WARNING] [진입유실 방지 자동보정] LONG SOL/USDT:USDT exit=2026-08-02 09:24:20 미매칭수량=0.22000000 orderID=3795941106844147712 tradeID=None
2026-08-02 21:24:40,685 [WARNING] [진입유실 방지 자동보정] LONG SOL/USDT:USDT exit=2026-08-02 09:26:25 미매칭수량=0.22000000 orderID=3795945306617520128 tradeID=None
2026-08-02 21:24:40,685 [WARNING] [진입유실 방지 자동보정] LONG SOL/USDT:USDT exit=2026-08-02 11:07:12 미매칭수량=0.06000000 orderID=3796148184967782400 tradeID=None
2026-08-02 21:24:40,685 [WARNING] [진입유실 방지 자동보정] LONG SOL/USDT:USDT exit=2026-08-02 11:07:18 미매칭수량=0.03000000 orderID=3796148408138309632 tradeID=None
2026-08-02 21:24:40,685 [WARNING] [진입유실 방지 자동보정] LONG SOL/USDT:USDT exit=2026-08-02 11:07:19 미매칭수량=0.01000000 orderID=3796148444309987328 tradeID=None
2026-08-02 21:24:40,685 [WARNING] [진입유실 방지 자동보정] LONG SOL/USDT:USDT exit=2026-08-02 11:18:24 미매칭수량=0.02000000 orderID=3796170752202350592 tradeID=None
2026-08-02 21:24:51,141 [INFO] [SCAN] 블랙리스트 4개 제외: ['IP/USDT:USDT', 'NES/USDT:USDT', 'WLD/USDT:USDT', 'XAG/USDT:USDT', 'XAU/USDT:USDT', 'XAUT/USDT:USDT']
2026-08-02 21:24:51,142 [INFO] [SCAN] 스캔 시작: 30개 페어 (캐시 30개 보유)
2026-08-02 21:24:52,582 [INFO] [SIG] SOL/USDT:USDT LONG 신호 포착 (강도 100%)
2026-08-02 21:24:52,583 [INFO] [SIGNAL] SOL/USDT:USDT LONG 신호 수신 (strength=100)
2026-08-02 21:24:52,583 [INFO] [🐸 청개구리 역매매] 신호 방향 반전: LONG ➡️ SHORT
2026-08-02 21:24:52,583 [WARNING] [RISK BLOCK] SOL/USDT:USDT — SOL/USDT:USDT 종목별 쿨다운/격리 진행 중 (남은 시간: 28502.3초)
2026-08-02 21:24:58,543 [INFO] [SIG] SUI/USDT:USDT LONG 신호 포착 (강도 100%)
2026-08-02 21:24:58,543 [INFO] [SIGNAL] SUI/USDT:USDT LONG 신호 수신 (strength=100)
2026-08-02 21:24:58,543 [INFO] [🐸 청개구리 역매매] 신호 방향 반전: LONG ➡️ SHORT
2026-08-02 21:24:58,942 [INFO] [RISK OK] SUI/USDT:USDT 리스크 체크 통과
2026-08-02 21:24:59,221 [INFO] [ENTRY BLOCK] SUI/USDT:USDT — 이미 포지션 보유 또는 진입 주문 전송 중

===== [2026-08-02 23:01:13] watchdog 실행: 8402_bot =====
/Users/l/project/8402/venv/lib/python3.9/site-packages/urllib3/__init__.py:35: NotOpenSSLWarning: urllib3 v2 only supports OpenSSL 1.1.1+, currently the 'ssl' module is compiled with 'LibreSSL 2.8.3'. See: https://github.com/urllib3/urllib3/issues/3020
  warnings.warn(
2026-08-02 23:01:14,575 [INFO] [CONFIG] JSON 설정 로드: /Users/l/project/8402/config.json
2026-08-02 23:01:14,579 [INFO] =======================================================
2026-08-02 23:01:14,579 [INFO]   8406_okx 매매 엔진 시작 (목표: 일 1% 수익)
2026-08-02 23:01:14,579 [INFO]   전략: 박스권 & 프랙탈  |  TF: 15m
2026-08-02 23:01:14,579 [INFO]   레버리지: 6x  |  증거금: $2.0
2026-08-02 23:01:14,579 [INFO]   SL: 1.0%  TP: 1.8%
2026-08-02 23:01:14,579 [INFO]   스캔 TOP-N: 30  |  자동매매: True
2026-08-02 23:01:14,579 [INFO] =======================================================
2026-08-02 23:01:14,580 [INFO]   ▶ 실행 코드 버전(git): 42df6a5  PID: 4131  시작: 2026-08-02 23:01:14
2026-08-02 23:01:14,580 [INFO] ▶ OKX API 연결 중...
2026-08-02 23:01:15,366 [INFO] 마켓 로드 완료: 436개 종목
2026-08-02 23:01:15,366 [INFO] ✅ OKX API 연결 성공
2026-08-02 23:01:15,638 [INFO] 💰 잔고: 총 $10.00  |  가용 $10.00 USDT
2026-08-02 23:01:15,638 [INFO] [PERSIST] 활성 포지션 상태 복구 완료 (0건)
2026-08-02 23:01:15,642 [INFO] [TRADER] 자동매매 활성화 (Async)
2026-08-02 23:01:15,642 [INFO] [SCANNER] 스캔 엔진 시작 (Async)
2026-08-02 23:01:15,642 [INFO] [SCANNER] 웹소켓 비활성(REST 전용) — 안정성 우선
2026-08-02 23:01:15,642 [INFO] 🤖 자동매매 + 스캐너 가동 완료 — 상시 운영 시작
2026-08-02 23:01:15,642 [INFO] [DISCORD FILTER] '자동매매 엔진 가동 완료' 알림 금지 처리됨
2026-08-02 23:01:16,005 [INFO] [SCAN] 블랙리스트 4개 제외: ['IP/USDT:USDT', 'NES/USDT:USDT', 'WLD/USDT:USDT', 'XAG/USDT:USDT', 'XAU/USDT:USDT', 'XAUT/USDT:USDT']
2026-08-02 23:01:16,006 [INFO] [SCAN] 스캔 시작: 30개 페어 (캐시 0개 보유)
2026-08-02 23:01:16,183 [INFO] [CACHE] BTC/USDT:USDT 초기 로드 300봉
2026-08-02 23:01:16,852 [INFO] [CACHE] ETH/USDT:USDT 초기 로드 300봉
2026-08-02 23:01:17,480 [INFO] [CACHE] GRVT/USDT:USDT 초기 로드 285봉
2026-08-02 23:01:18,116 [INFO] [CACHE] SOL/USDT:USDT 초기 로드 300봉
2026-08-02 23:01:18,739 [INFO] [CACHE] DOGE/USDT:USDT 초기 로드 300봉
2026-08-02 23:01:19,368 [INFO] [CACHE] XRP/USDT:USDT 초기 로드 300봉
2026-08-02 23:01:20,002 [INFO] [CACHE] AEON/USDT:USDT 초기 로드 300봉
2026-08-02 23:01:20,629 [INFO] [CACHE] ADA/USDT:USDT 초기 로드 300봉
2026-08-02 23:01:21,144 [INFO] [상태] 잔고:$10.00 | 포지션:0개 | 스캔:0회 | 스캐너:ON
2026-08-02 23:01:21,421 [INFO] [CACHE] HYPE/USDT:USDT 초기 로드 300봉
2026-08-02 23:01:22,083 [INFO] [CACHE] PEPE/USDT:USDT 초기 로드 300봉
2026-08-02 23:01:22,711 [INFO] [CACHE] TRX/USDT:USDT 초기 로드 300봉
2026-08-02 23:01:23,338 [INFO] [CACHE] AVAX/USDT:USDT 초기 로드 300봉
2026-08-02 23:01:24,006 [INFO] [CACHE] KAITO/USDT:USDT 초기 로드 300봉
2026-08-02 23:01:24,639 [INFO] [CACHE] UNI/USDT:USDT 초기 로드 300봉
2026-08-02 23:01:25,278 [INFO] [CACHE] PUMP/USDT:USDT 초기 로드 300봉
2026-08-02 23:01:25,908 [INFO] [CACHE] ZEC/USDT:USDT 초기 로드 300봉
2026-08-02 23:01:26,539 [INFO] [CACHE] SUI/USDT:USDT 초기 로드 300봉
2026-08-02 23:01:27,164 [INFO] [CACHE] BNB/USDT:USDT 초기 로드 300봉
2026-08-02 23:01:27,800 [INFO] [CACHE] ONDO/USDT:USDT 초기 로드 300봉
2026-08-02 23:01:28,433 [INFO] [CACHE] OKB/USDT:USDT 초기 로드 300봉
2026-08-02 23:01:29,065 [INFO] [CACHE] NEAR/USDT:USDT 초기 로드 300봉
2026-08-02 23:01:29,690 [INFO] [CACHE] SHIB/USDT:USDT 초기 로드 300봉
2026-08-02 23:01:30,321 [INFO] [CACHE] ORDI/USDT:USDT 초기 로드 300봉
2026-08-02 23:01:30,951 [INFO] [CACHE] ENA/USDT:USDT 초기 로드 300봉
2026-08-02 23:01:31,574 [INFO] [CACHE] LINK/USDT:USDT 초기 로드 300봉
2026-08-02 23:01:32,200 [INFO] [CACHE] LTC/USDT:USDT 초기 로드 300봉
2026-08-02 23:01:32,823 [INFO] [CACHE] AAVE/USDT:USDT 초기 로드 300봉
2026-08-02 23:01:33,504 [INFO] [CACHE] SATS/USDT:USDT 초기 로드 300봉
2026-08-02 23:01:34,130 [INFO] [CACHE] OFC/USDT:USDT 초기 로드 300봉
2026-08-02 23:01:34,772 [INFO] [CACHE] PI/USDT:USDT 초기 로드 300봉
2026-08-02 23:01:35,280 [INFO] [SCAN] 완료: 30개 종목 · 신호 0개 · API 호출 30회 · 캐시 히트 0회
2026-08-02 23:01:50,853 [INFO] [SCAN] 블랙리스트 4개 제외: ['IP/USDT:USDT', 'NES/USDT:USDT', 'WLD/USDT:USDT', 'XAG/USDT:USDT', 'XAU/USDT:USDT', 'XAUT/USDT:USDT']
2026-08-02 23:01:50,854 [INFO] [SCAN] 스캔 시작: 30개 페어 (캐시 30개 보유)
2026-08-02 23:02:03,897 [INFO] [SCAN] 완료: 30개 종목 · 신호 0개 · API 호출 30회 · 캐시 히트 0회
2026-08-02 23:02:19,145 [INFO] [SCAN] 블랙리스트 4개 제외: ['IP/USDT:USDT', 'NES/USDT:USDT', 'WLD/USDT:USDT', 'XAG/USDT:USDT', 'XAU/USDT:USDT', 'XAUT/USDT:USDT']
2026-08-02 23:02:19,146 [INFO] [SCAN] 스캔 시작: 30개 페어 (캐시 30개 보유)
2026-08-02 23:02:21,569 [INFO] [상태] 잔고:$10.00 | 포지션:0개 | 스캔:2회 | 스캐너:ON
2026-08-02 23:02:32,300 [INFO] [SCAN] 완료: 30개 종목 · 신호 0개 · API 호출 30회 · 캐시 히트 0회
2026-08-02 23:02:47,534 [INFO] [SCAN] 블랙리스트 4개 제외: ['IP/USDT:USDT', 'NES/USDT:USDT', 'WLD/USDT:USDT', 'XAG/USDT:USDT', 'XAU/USDT:USDT', 'XAUT/USDT:USDT']
2026-08-02 23:02:47,535 [INFO] [SCAN] 스캔 시작: 30개 페어 (캐시 30개 보유)
2026-08-02 23:03:00,370 [INFO] [SCAN] 완료: 30개 종목 · 신호 0개 · API 호출 30회 · 캐시 히트 0회
2026-08-02 23:03:16,031 [INFO] [SCAN] 블랙리스트 4개 제외: ['IP/USDT:USDT', 'NES/USDT:USDT', 'WLD/USDT:USDT', 'XAG/USDT:USDT', 'XAU/USDT:USDT', 'XAUT/USDT:USDT']
2026-08-02 23:03:16,033 [INFO] [SCAN] 스캔 시작: 30개 페어 (캐시 30개 보유)
2026-08-02 23:03:22,172 [INFO] [상태] 잔고:$10.00 | 포지션:0개 | 스캔:4회 | 스캐너:ON
2026-08-02 23:03:29,082 [INFO] [SCAN] 완료: 30개 종목 · 신호 0개 · API 호출 30회 · 캐시 히트 0회
2026-08-02 23:03:44,335 [INFO] [SCAN] 블랙리스트 4개 제외: ['IP/USDT:USDT', 'NES/USDT:USDT', 'WLD/USDT:USDT', 'XAG/USDT:USDT', 'XAU/USDT:USDT', 'XAUT/USDT:USDT']
2026-08-02 23:03:44,336 [INFO] [SCAN] 스캔 시작: 30개 페어 (캐시 30개 보유)
2026-08-02 23:03:57,253 [INFO] [SCAN] 완료: 30개 종목 · 신호 0개 · API 호출 30회 · 캐시 히트 0회
2026-08-02 23:04:12,514 [INFO] [SCAN] 블랙리스트 4개 제외: ['IP/USDT:USDT', 'NES/USDT:USDT', 'WLD/USDT:USDT', 'XAG/USDT:USDT', 'XAU/USDT:USDT', 'XAUT/USDT:USDT']
2026-08-02 23:04:12,514 [INFO] [SCAN] 스캔 시작: 30개 페어 (캐시 30개 보유)
2026-08-02 23:04:22,705 [INFO] [상태] 잔고:$10.00 | 포지션:0개 | 스캔:6회 | 스캐너:ON
2026-08-02 23:04:25,750 [INFO] [SCAN] 완료: 30개 종목 · 신호 0개 · API 호출 30회 · 캐시 히트 0회
2026-08-02 23:04:41,267 [INFO] [SCAN] 블랙리스트 4개 제외: ['IP/USDT:USDT', 'NES/USDT:USDT', 'WLD/USDT:USDT', 'XAG/USDT:USDT', 'XAU/USDT:USDT', 'XAUT/USDT:USDT']
2026-08-02 23:04:41,268 [INFO] [SCAN] 스캔 시작: 30개 페어 (캐시 30개 보유)
2026-08-02 23:04:54,158 [INFO] [SCAN] 완료: 30개 종목 · 신호 0개 · API 호출 30회 · 캐시 히트 0회

===== [2026-08-02 23:06:29] watchdog 실행: 8402_bot =====
/Users/l/project/8402/venv/lib/python3.9/site-packages/urllib3/__init__.py:35: NotOpenSSLWarning: urllib3 v2 only supports OpenSSL 1.1.1+, currently the 'ssl' module is compiled with 'LibreSSL 2.8.3'. See: https://github.com/urllib3/urllib3/issues/3020
  warnings.warn(
2026-08-02 23:06:31,305 [INFO] [CONFIG] JSON 설정 로드: /Users/l/project/8402/config.json
2026-08-02 23:06:31,310 [INFO] =======================================================
2026-08-02 23:06:31,310 [INFO]   8406_okx 매매 엔진 시작 (목표: 일 1% 수익)
2026-08-02 23:06:31,310 [INFO]   전략: 박스권 & 프랙탈  |  TF: 15m
2026-08-02 23:06:31,310 [INFO]   레버리지: 6x  |  증거금: $2.0
2026-08-02 23:06:31,310 [INFO]   SL: 1.0%  TP: 1.8%
2026-08-02 23:06:31,310 [INFO]   스캔 TOP-N: 30  |  자동매매: True
2026-08-02 23:06:31,310 [INFO] =======================================================
2026-08-02 23:06:31,311 [INFO]   ▶ 실행 코드 버전(git): 42df6a5  PID: 6226  시작: 2026-08-02 23:06:31
2026-08-02 23:06:31,311 [INFO] ▶ OKX API 연결 중...
2026-08-02 23:06:32,083 [INFO] 마켓 로드 완료: 436개 종목
2026-08-02 23:06:32,083 [INFO] ✅ OKX API 연결 성공
2026-08-02 23:06:32,356 [INFO] 💰 잔고: 총 $10.00  |  가용 $10.00 USDT
2026-08-02 23:06:32,356 [INFO] [PERSIST] 활성 포지션 상태 복구 완료 (0건)
2026-08-02 23:06:32,361 [INFO] [TRADER] 자동매매 활성화 (Async)
2026-08-02 23:06:32,361 [INFO] [SCANNER] 스캔 엔진 시작 (Async)
2026-08-02 23:06:32,361 [INFO] [SCANNER] 웹소켓 비활성(REST 전용) — 안정성 우선
2026-08-02 23:06:32,361 [INFO] 🤖 자동매매 + 스캐너 가동 완료 — 상시 운영 시작
2026-08-02 23:06:32,362 [INFO] [DISCORD FILTER] '자동매매 엔진 가동 완료' 알림 금지 처리됨
2026-08-02 23:06:32,720 [INFO] [SCAN] 블랙리스트 4개 제외: ['IP/USDT:USDT', 'NES/USDT:USDT', 'WLD/USDT:USDT', 'XAG/USDT:USDT', 'XAU/USDT:USDT', 'XAUT/USDT:USDT']
2026-08-02 23:06:32,720 [INFO] [SCAN] 스캔 시작: 30개 페어 (캐시 0개 보유)
2026-08-02 23:06:32,896 [INFO] [CACHE] BTC/USDT:USDT 초기 로드 300봉
2026-08-02 23:06:33,527 [INFO] [CACHE] ETH/USDT:USDT 초기 로드 300봉
2026-08-02 23:06:34,158 [INFO] [CACHE] GRVT/USDT:USDT 초기 로드 285봉
2026-08-02 23:06:34,785 [INFO] [CACHE] SOL/USDT:USDT 초기 로드 300봉
2026-08-02 23:06:35,417 [INFO] [CACHE] DOGE/USDT:USDT 초기 로드 300봉
2026-08-02 23:06:36,044 [INFO] [CACHE] XRP/USDT:USDT 초기 로드 300봉
2026-08-02 23:06:36,670 [INFO] [CACHE] AEON/USDT:USDT 초기 로드 300봉
2026-08-02 23:06:37,299 [INFO] [CACHE] ADA/USDT:USDT 초기 로드 300봉
2026-08-02 23:06:37,759 [INFO] [상태] 잔고:$10.00 | 포지션:0개 | 스캔:0회 | 스캐너:ON
2026-08-02 23:06:38,092 [INFO] [CACHE] HYPE/USDT:USDT 초기 로드 300봉
2026-08-02 23:06:38,724 [INFO] [CACHE] PEPE/USDT:USDT 초기 로드 300봉
2026-08-02 23:06:39,355 [INFO] [CACHE] TRX/USDT:USDT 초기 로드 300봉
2026-08-02 23:06:39,995 [INFO] [CACHE] AVAX/USDT:USDT 초기 로드 300봉
2026-08-02 23:06:40,621 [INFO] [CACHE] KAITO/USDT:USDT 초기 로드 300봉
2026-08-02 23:06:41,257 [INFO] [CACHE] UNI/USDT:USDT 초기 로드 300봉
2026-08-02 23:06:41,889 [INFO] [CACHE] PUMP/USDT:USDT 초기 로드 300봉
2026-08-02 23:06:42,514 [INFO] [CACHE] ZEC/USDT:USDT 초기 로드 300봉
2026-08-02 23:06:43,148 [INFO] [CACHE] SUI/USDT:USDT 초기 로드 300봉
2026-08-02 23:06:43,823 [INFO] [CACHE] BNB/USDT:USDT 초기 로드 300봉
2026-08-02 23:06:44,452 [INFO] [CACHE] ONDO/USDT:USDT 초기 로드 300봉
2026-08-02 23:06:45,088 [INFO] [CACHE] OKB/USDT:USDT 초기 로드 300봉
2026-08-02 23:06:45,716 [INFO] [CACHE] NEAR/USDT:USDT 초기 로드 300봉
2026-08-02 23:06:46,344 [INFO] [CACHE] SHIB/USDT:USDT 초기 로드 300봉
2026-08-02 23:06:46,973 [INFO] [CACHE] ORDI/USDT:USDT 초기 로드 300봉
2026-08-02 23:06:47,600 [INFO] [CACHE] ENA/USDT:USDT 초기 로드 300봉
2026-08-02 23:06:48,229 [INFO] [CACHE] LINK/USDT:USDT 초기 로드 300봉
2026-08-02 23:06:48,868 [INFO] [CACHE] LTC/USDT:USDT 초기 로드 300봉
2026-08-02 23:06:49,503 [INFO] [CACHE] AAVE/USDT:USDT 초기 로드 300봉
2026-08-02 23:06:50,174 [INFO] [CACHE] SATS/USDT:USDT 초기 로드 300봉
2026-08-02 23:06:50,801 [INFO] [CACHE] OFC/USDT:USDT 초기 로드 300봉
2026-08-02 23:06:51,431 [INFO] [CACHE] PI/USDT:USDT 초기 로드 300봉
2026-08-02 23:06:51,940 [INFO] [SCAN] 완료: 30개 종목 · 신호 0개 · API 호출 30회 · 캐시 히트 0회
2026-08-02 23:07:07,459 [INFO] [SCAN] 블랙리스트 4개 제외: ['IP/USDT:USDT', 'NES/USDT:USDT', 'WLD/USDT:USDT', 'XAG/USDT:USDT', 'XAU/USDT:USDT', 'XAUT/USDT:USDT']
2026-08-02 23:07:07,461 [INFO] [SCAN] 스캔 시작: 30개 페어 (캐시 30개 보유)
2026-08-02 23:07:20,416 [INFO] [SCAN] 완료: 30개 종목 · 신호 0개 · API 호출 30회 · 캐시 히트 0회
2026-08-02 23:07:35,656 [INFO] [SCAN] 블랙리스트 4개 제외: ['IP/USDT:USDT', 'NES/USDT:USDT', 'WLD/USDT:USDT', 'XAG/USDT:USDT', 'XAU/USDT:USDT', 'XAUT/USDT:USDT']
2026-08-02 23:07:35,657 [INFO] [SCAN] 스캔 시작: 30개 페어 (캐시 30개 보유)
2026-08-02 23:07:38,206 [INFO] [상태] 잔고:$10.00 | 포지션:0개 | 스캔:2회 | 스캐너:ON
2026-08-02 23:07:48,886 [INFO] [SCAN] 완료: 30개 종목 · 신호 0개 · API 호출 30회 · 캐시 히트 0회
2026-08-02 23:08:04,135 [INFO] [SCAN] 블랙리스트 4개 제외: ['IP/USDT:USDT', 'NES/USDT:USDT', 'WLD/USDT:USDT', 'XAG/USDT:USDT', 'XAU/USDT:USDT', 'XAUT/USDT:USDT']
2026-08-02 23:08:04,135 [INFO] [SCAN] 스캔 시작: 30개 페어 (캐시 30개 보유)
2026-08-02 23:08:17,233 [INFO] [SCAN] 완료: 30개 종목 · 신호 0개 · API 호출 30회 · 캐시 히트 0회
2026-08-02 23:08:32,851 [INFO] [SCAN] 블랙리스트 4개 제외: ['IP/USDT:USDT', 'NES/USDT:USDT', 'WLD/USDT:USDT', 'XAG/USDT:USDT', 'XAU/USDT:USDT', 'XAUT/USDT:USDT']
2026-08-02 23:08:32,851 [INFO] [SCAN] 스캔 시작: 30개 페어 (캐시 30개 보유)
2026-08-02 23:08:38,742 [INFO] [상태] 잔고:$10.00 | 포지션:0개 | 스캔:4회 | 스캐너:ON
2026-08-02 23:08:46,239 [INFO] [SCAN] 완료: 30개 종목 · 신호 0개 · API 호출 30회 · 캐시 히트 0회
2026-08-02 23:09:01,482 [INFO] [SCAN] 블랙리스트 4개 제외: ['IP/USDT:USDT', 'NES/USDT:USDT', 'WLD/USDT:USDT', 'XAG/USDT:USDT', 'XAU/USDT:USDT', 'XAUT/USDT:USDT']
2026-08-02 23:09:01,483 [INFO] [SCAN] 스캔 시작: 30개 페어 (캐시 30개 보유)
2026-08-02 23:09:14,310 [INFO] [SCAN] 완료: 30개 종목 · 신호 0개 · API 호출 30회 · 캐시 히트 0회
2026-08-02 23:09:29,596 [INFO] [SCAN] 블랙리스트 4개 제외: ['IP/USDT:USDT', 'NES/USDT:USDT', 'WLD/USDT:USDT', 'XAG/USDT:USDT', 'XAU/USDT:USDT', 'XAUT/USDT:USDT']
2026-08-02 23:09:29,596 [INFO] [SCAN] 스캔 시작: 30개 페어 (캐시 30개 보유)
2026-08-02 23:09:39,461 [INFO] [상태] 잔고:$10.00 | 포지션:0개 | 스캔:6회 | 스캐너:ON
2026-08-02 23:09:43,217 [INFO] [SCAN] 완료: 30개 종목 · 신호 0개 · API 호출 30회 · 캐시 히트 0회
2026-08-02 23:09:58,859 [INFO] [SCAN] 블랙리스트 4개 제외: ['IP/USDT:USDT', 'NES/USDT:USDT', 'WLD/USDT:USDT', 'XAG/USDT:USDT', 'XAU/USDT:USDT', 'XAUT/USDT:USDT']
2026-08-02 23:09:58,859 [INFO] [SCAN] 스캔 시작: 30개 페어 (캐시 30개 보유)
