
===== [2026-07-30 23:03:45] watchdog 실행: 8407_bot =====
/Users/l/project/8407/venv/lib/python3.9/site-packages/urllib3/__init__.py:35: NotOpenSSLWarning: urllib3 v2 only supports OpenSSL 1.1.1+, currently the 'ssl' module is compiled with 'LibreSSL 2.8.3'. See: https://github.com/urllib3/urllib3/issues/3020
  warnings.warn(
2026-07-30 23:03:46,602 [INFO] [CONFIG] JSON 설정 로드: /Users/l/project/8407/config.json
2026-07-30 23:03:46,606 [INFO] =======================================================
2026-07-30 23:03:46,606 [INFO]   8406_okx 매매 엔진 시작 (목표: 일 1% 수익)
2026-07-30 23:03:46,606 [INFO]   전략: VWAP 트렌드 추종  |  TF: 5m
2026-07-30 23:03:46,606 [INFO]   레버리지: 11x  |  증거금: $2.0
2026-07-30 23:03:46,606 [INFO]   SL: 2.0%  TP: 5.0%
2026-07-30 23:03:46,606 [INFO]   스캔 TOP-N: 10  |  자동매매: True
2026-07-30 23:03:46,606 [INFO] =======================================================
2026-07-30 23:03:46,607 [INFO]   ▶ 실행 코드 버전(git): d0aff6c  PID: 46892  시작: 2026-07-30 23:03:46
2026-07-30 23:03:46,607 [INFO] ▶ OKX API 연결 중...
2026-07-30 23:03:47,702 [INFO] ✅ OKX API 연결 성공
2026-07-30 23:03:47,796 [INFO] 💰 잔고: 총 $10.32  |  가용 $1.26 USDT
2026-07-30 23:03:47,797 [INFO] [PERSIST] 활성 포지션 상태 복구 완료 (2건)
2026-07-30 23:03:47,803 [INFO] [PERSIST] 엔진 상태(트레일링 픽, 이전 포지션 심볼, recently_entered) 복구 완료
2026-07-30 23:03:48,543 [INFO] 로컬 CSV에 1개의 새로운 거래 내역을 추가 동기화했습니다.
2026-07-30 23:03:48,543 [INFO] [RECONCILER] 당일 청산 PnL 복구 시작...
2026-07-30 23:03:48,546 [INFO] [RECONCILER] 당일 청산 PnL 복구 완료: 0.0000 USDT
2026-07-30 23:03:48,546 [INFO] [RECONCILE] 시작 시 미기록 청산 백필 완료
2026-07-30 23:03:48,546 [INFO] [TRADER] 자동매매 활성화 (Async)
2026-07-30 23:03:48,546 [INFO] [SCANNER] 스캔 엔진 시작 (Async)
2026-07-30 23:03:48,546 [INFO] [SCANNER] 웹소켓 비활성(REST 전용) — 안정성 우선
2026-07-30 23:03:48,546 [INFO] 🤖 자동매매 + 스캐너 가동 완료 — 상시 운영 시작
2026-07-30 23:03:48,546 [INFO] [DISCORD FILTER] '자동매매 엔진 가동 완료' 알림 금지 처리됨
2026-07-30 23:03:48,890 [INFO] [SCAN] 화이트리스트 한정: ['BTC/USDT:USDT', 'ETH/USDT:USDT', 'SOL/USDT:USDT', 'XRP/USDT:USDT', 'DOGE/USDT:USDT', 'ADA/USDT:USDT', 'AVAX/USDT:USDT', 'LINK/USDT:USDT', 'SUI/USDT:USDT', 'NEAR/USDT:USDT', 'BCH/USDT:USDT', 'LTC/USDT:USDT', 'APT/USDT:USDT', 'OP/USDT:USDT', 'ARB/USDT:USDT', 'WIF/USDT:USDT', 'FTM/USDT:USDT', 'DOT/USDT:USDT', 'UNI/USDT:USDT', 'RENDER/USDT:USDT', 'PEPE/USDT:USDT', 'SHIB/USDT:USDT', 'ETC/USDT:USDT', 'ATOM/USDT:USDT', 'TIA/USDT:USDT', 'FIL/USDT:USDT', 'AAVE/USDT:USDT', 'INJ/USDT:USDT', 'FET/USDT:USDT', 'JUP/USDT:USDT'] → 28개 스캔
2026-07-30 23:03:48,890 [INFO] [SCAN] 스캔 시작: 28개 페어 (캐시 0개 보유)
2026-07-30 23:03:50,946 [INFO] [CACHE] AAVE/USDT:USDT 초기 로드 300봉
2026-07-30 23:03:51,606 [INFO] [CACHE] ADA/USDT:USDT 초기 로드 300봉
2026-07-30 23:03:52,270 [INFO] [CACHE] APT/USDT:USDT 초기 로드 300봉
2026-07-30 23:03:52,933 [INFO] [CACHE] ARB/USDT:USDT 초기 로드 300봉
2026-07-30 23:03:53,605 [INFO] [CACHE] ATOM/USDT:USDT 초기 로드 300봉
2026-07-30 23:03:54,181 [INFO] [상태] 잔고:$10.33 | 포지션:2개 | 스캔:0회 | 스캐너:ON
2026-07-30 23:03:54,235 [INFO] [CACHE] AVAX/USDT:USDT 초기 로드 300봉
2026-07-30 23:03:54,890 [INFO] [CACHE] BCH/USDT:USDT 초기 로드 300봉
2026-07-30 23:03:55,546 [INFO] [CACHE] BTC/USDT:USDT 초기 로드 300봉
2026-07-30 23:03:56,206 [INFO] [CACHE] DOGE/USDT:USDT 초기 로드 300봉
2026-07-30 23:03:56,860 [INFO] [CACHE] DOT/USDT:USDT 초기 로드 300봉
2026-07-30 23:03:57,531 [INFO] [CACHE] ETC/USDT:USDT 초기 로드 300봉
2026-07-30 23:03:58,192 [INFO] [CACHE] ETH/USDT:USDT 초기 로드 300봉
2026-07-30 23:03:58,850 [INFO] [CACHE] FET/USDT:USDT 초기 로드 300봉
2026-07-30 23:03:59,503 [INFO] [CACHE] FIL/USDT:USDT 초기 로드 300봉
2026-07-30 23:04:00,171 [INFO] [CACHE] INJ/USDT:USDT 초기 로드 300봉
2026-07-30 23:04:00,822 [INFO] [CACHE] JUP/USDT:USDT 초기 로드 300봉
2026-07-30 23:04:01,479 [INFO] [CACHE] LINK/USDT:USDT 초기 로드 300봉
2026-07-30 23:04:02,140 [INFO] [CACHE] LTC/USDT:USDT 초기 로드 300봉
2026-07-30 23:04:02,793 [INFO] [CACHE] NEAR/USDT:USDT 초기 로드 300봉
2026-07-30 23:04:03,448 [INFO] [CACHE] OP/USDT:USDT 초기 로드 300봉
2026-07-30 23:04:04,110 [INFO] [CACHE] RENDER/USDT:USDT 초기 로드 300봉
2026-07-30 23:04:04,766 [INFO] [CACHE] SOL/USDT:USDT 초기 로드 300봉
2026-07-30 23:04:05,433 [INFO] [CACHE] SUI/USDT:USDT 초기 로드 300봉
2026-07-30 23:04:06,090 [INFO] [CACHE] TIA/USDT:USDT 초기 로드 300봉
2026-07-30 23:04:06,742 [INFO] [CACHE] UNI/USDT:USDT 초기 로드 300봉
2026-07-30 23:04:07,396 [INFO] [CACHE] WIF/USDT:USDT 초기 로드 300봉
2026-07-30 23:04:08,054 [INFO] [CACHE] XRP/USDT:USDT 초기 로드 300봉
2026-07-30 23:04:08,560 [INFO] [SCAN] 완료: 27개 종목 · 신호 0개 · API 호출 27회 · 캐시 히트 0회
2026-07-30 23:04:08,810 [WARNING] [PROTECT GUARD] TIA/USDT:USDT SHORT 보호주문 없음(무방비) → TP/SL 재무장 시도
2026-07-30 23:04:11,720 [ERROR] [PROTECT REARM] TIA/USDT:USDT short TP/SL 보호주문 재설정 실패: binance {"code":-4130,"msg":"An open stop or take profit order with GTE and closePosition in the direction is existing."}
2026-07-30 23:04:11,720 [ERROR] [PROTECT GUARD] TIA/USDT:USDT SHORT 보호주문 재무장 실패 — 수동 확인 필요
2026-07-30 23:04:11,814 [WARNING] [PROTECT GUARD] RENDER/USDT:USDT LONG 보호주문 없음(무방비) → TP/SL 재무장 시도
2026-07-30 23:04:14,726 [ERROR] [PROTECT REARM] RENDER/USDT:USDT long TP/SL 보호주문 재설정 실패: binance {"code":-4130,"msg":"An open stop or take profit order with GTE and closePosition in the direction is existing."}
2026-07-30 23:04:14,726 [ERROR] [PROTECT GUARD] RENDER/USDT:USDT LONG 보호주문 재무장 실패 — 수동 확인 필요
2026-07-30 23:04:29,934 [INFO] [SCAN] 화이트리스트 한정: ['BTC/USDT:USDT', 'ETH/USDT:USDT', 'SOL/USDT:USDT', 'XRP/USDT:USDT', 'DOGE/USDT:USDT', 'ADA/USDT:USDT', 'AVAX/USDT:USDT', 'LINK/USDT:USDT', 'SUI/USDT:USDT', 'NEAR/USDT:USDT', 'BCH/USDT:USDT', 'LTC/USDT:USDT', 'APT/USDT:USDT', 'OP/USDT:USDT', 'ARB/USDT:USDT', 'WIF/USDT:USDT', 'FTM/USDT:USDT', 'DOT/USDT:USDT', 'UNI/USDT:USDT', 'RENDER/USDT:USDT', 'PEPE/USDT:USDT', 'SHIB/USDT:USDT', 'ETC/USDT:USDT', 'ATOM/USDT:USDT', 'TIA/USDT:USDT', 'FIL/USDT:USDT', 'AAVE/USDT:USDT', 'INJ/USDT:USDT', 'FET/USDT:USDT', 'JUP/USDT:USDT'] → 28개 스캔
2026-07-30 23:04:29,934 [INFO] [SCAN] 스캔 시작: 28개 페어 (캐시 27개 보유)
2026-07-30 23:04:42,859 [INFO] [SCAN] 완료: 27개 종목 · 신호 0개 · API 호출 27회 · 캐시 히트 0회
2026-07-30 23:04:54,803 [INFO] [상태] 잔고:$10.35 | 포지션:2개 | 스캔:2회 | 스캐너:ON
2026-07-30 23:04:58,005 [INFO] [SCAN] 화이트리스트 한정: ['BTC/USDT:USDT', 'ETH/USDT:USDT', 'SOL/USDT:USDT', 'XRP/USDT:USDT', 'DOGE/USDT:USDT', 'ADA/USDT:USDT', 'AVAX/USDT:USDT', 'LINK/USDT:USDT', 'SUI/USDT:USDT', 'NEAR/USDT:USDT', 'BCH/USDT:USDT', 'LTC/USDT:USDT', 'APT/USDT:USDT', 'OP/USDT:USDT', 'ARB/USDT:USDT', 'WIF/USDT:USDT', 'FTM/USDT:USDT', 'DOT/USDT:USDT', 'UNI/USDT:USDT', 'RENDER/USDT:USDT', 'PEPE/USDT:USDT', 'SHIB/USDT:USDT', 'ETC/USDT:USDT', 'ATOM/USDT:USDT', 'TIA/USDT:USDT', 'FIL/USDT:USDT', 'AAVE/USDT:USDT', 'INJ/USDT:USDT', 'FET/USDT:USDT', 'JUP/USDT:USDT'] → 28개 스캔
2026-07-30 23:04:58,005 [INFO] [SCAN] 스캔 시작: 28개 페어 (캐시 27개 보유)
2026-07-30 23:05:13,421 [INFO] [SCAN] 완료: 27개 종목 · 신호 0개 · API 호출 27회 · 캐시 히트 0회
2026-07-30 23:05:13,619 [WARNING] [PROTECT GUARD] TIA/USDT:USDT SHORT 보호주문 없음(무방비) → TP/SL 재무장 시도
2026-07-30 23:05:16,524 [ERROR] [PROTECT REARM] TIA/USDT:USDT short TP/SL 보호주문 재설정 실패: binance {"code":-4130,"msg":"An open stop or take profit order with GTE and closePosition in the direction is existing."}
2026-07-30 23:05:16,524 [ERROR] [PROTECT GUARD] TIA/USDT:USDT SHORT 보호주문 재무장 실패 — 수동 확인 필요
2026-07-30 23:05:16,618 [WARNING] [PROTECT GUARD] RENDER/USDT:USDT LONG 보호주문 없음(무방비) → TP/SL 재무장 시도
2026-07-30 23:05:19,527 [ERROR] [PROTECT REARM] RENDER/USDT:USDT long TP/SL 보호주문 재설정 실패: binance {"code":-4130,"msg":"An open stop or take profit order with GTE and closePosition in the direction is existing."}
2026-07-30 23:05:19,527 [ERROR] [PROTECT GUARD] RENDER/USDT:USDT LONG 보호주문 재무장 실패 — 수동 확인 필요
2026-07-30 23:05:34,718 [INFO] [SCAN] 화이트리스트 한정: ['BTC/USDT:USDT', 'ETH/USDT:USDT', 'SOL/USDT:USDT', 'XRP/USDT:USDT', 'DOGE/USDT:USDT', 'ADA/USDT:USDT', 'AVAX/USDT:USDT', 'LINK/USDT:USDT', 'SUI/USDT:USDT', 'NEAR/USDT:USDT', 'BCH/USDT:USDT', 'LTC/USDT:USDT', 'APT/USDT:USDT', 'OP/USDT:USDT', 'ARB/USDT:USDT', 'WIF/USDT:USDT', 'FTM/USDT:USDT', 'DOT/USDT:USDT', 'UNI/USDT:USDT', 'RENDER/USDT:USDT', 'PEPE/USDT:USDT', 'SHIB/USDT:USDT', 'ETC/USDT:USDT', 'ATOM/USDT:USDT', 'TIA/USDT:USDT', 'FIL/USDT:USDT', 'AAVE/USDT:USDT', 'INJ/USDT:USDT', 'FET/USDT:USDT', 'JUP/USDT:USDT'] → 28개 스캔
2026-07-30 23:05:34,719 [INFO] [SCAN] 스캔 시작: 28개 페어 (캐시 27개 보유)
2026-07-30 23:05:47,701 [INFO] [SCAN] 완료: 27개 종목 · 신호 0개 · API 호출 27회 · 캐시 히트 0회
2026-07-30 23:05:55,334 [INFO] [상태] 잔고:$10.34 | 포지션:2개 | 스캔:4회 | 스캐너:ON
2026-07-30 23:06:02,833 [INFO] [SCAN] 화이트리스트 한정: ['BTC/USDT:USDT', 'ETH/USDT:USDT', 'SOL/USDT:USDT', 'XRP/USDT:USDT', 'DOGE/USDT:USDT', 'ADA/USDT:USDT', 'AVAX/USDT:USDT', 'LINK/USDT:USDT', 'SUI/USDT:USDT', 'NEAR/USDT:USDT', 'BCH/USDT:USDT', 'LTC/USDT:USDT', 'APT/USDT:USDT', 'OP/USDT:USDT', 'ARB/USDT:USDT', 'WIF/USDT:USDT', 'FTM/USDT:USDT', 'DOT/USDT:USDT', 'UNI/USDT:USDT', 'RENDER/USDT:USDT', 'PEPE/USDT:USDT', 'SHIB/USDT:USDT', 'ETC/USDT:USDT', 'ATOM/USDT:USDT', 'TIA/USDT:USDT', 'FIL/USDT:USDT', 'AAVE/USDT:USDT', 'INJ/USDT:USDT', 'FET/USDT:USDT', 'JUP/USDT:USDT'] → 28개 스캔
2026-07-30 23:06:02,834 [INFO] [SCAN] 스캔 시작: 28개 페어 (캐시 27개 보유)
2026-07-30 23:06:15,723 [INFO] [SCAN] 완료: 27개 종목 · 신호 0개 · API 호출 27회 · 캐시 히트 0회
2026-07-30 23:06:15,925 [WARNING] [PROTECT GUARD] TIA/USDT:USDT SHORT 보호주문 없음(무방비) → TP/SL 재무장 시도
2026-07-30 23:06:18,852 [ERROR] [PROTECT REARM] TIA/USDT:USDT short TP/SL 보호주문 재설정 실패: binance {"code":-4130,"msg":"An open stop or take profit order with GTE and closePosition in the direction is existing."}
2026-07-30 23:06:18,852 [ERROR] [PROTECT GUARD] TIA/USDT:USDT SHORT 보호주문 재무장 실패 — 수동 확인 필요
2026-07-30 23:06:18,947 [WARNING] [PROTECT GUARD] RENDER/USDT:USDT LONG 보호주문 없음(무방비) → TP/SL 재무장 시도
2026-07-30 23:06:21,852 [ERROR] [PROTECT REARM] RENDER/USDT:USDT long TP/SL 보호주문 재설정 실패: binance {"code":-4130,"msg":"An open stop or take profit order with GTE and closePosition in the direction is existing."}
2026-07-30 23:06:21,853 [ERROR] [PROTECT GUARD] RENDER/USDT:USDT LONG 보호주문 재무장 실패 — 수동 확인 필요
2026-07-30 23:06:37,037 [INFO] [SCAN] 화이트리스트 한정: ['BTC/USDT:USDT', 'ETH/USDT:USDT', 'SOL/USDT:USDT', 'XRP/USDT:USDT', 'DOGE/USDT:USDT', 'ADA/USDT:USDT', 'AVAX/USDT:USDT', 'LINK/USDT:USDT', 'SUI/USDT:USDT', 'NEAR/USDT:USDT', 'BCH/USDT:USDT', 'LTC/USDT:USDT', 'APT/USDT:USDT', 'OP/USDT:USDT', 'ARB/USDT:USDT', 'WIF/USDT:USDT', 'FTM/USDT:USDT', 'DOT/USDT:USDT', 'UNI/USDT:USDT', 'RENDER/USDT:USDT', 'PEPE/USDT:USDT', 'SHIB/USDT:USDT', 'ETC/USDT:USDT', 'ATOM/USDT:USDT', 'TIA/USDT:USDT', 'FIL/USDT:USDT', 'AAVE/USDT:USDT', 'INJ/USDT:USDT', 'FET/USDT:USDT', 'JUP/USDT:USDT'] → 28개 스캔
2026-07-30 23:06:37,037 [INFO] [SCAN] 스캔 시작: 28개 페어 (캐시 27개 보유)
2026-07-30 23:06:50,046 [INFO] [SCAN] 완료: 27개 종목 · 신호 0개 · API 호출 27회 · 캐시 히트 0회
2026-07-30 23:06:55,886 [INFO] [상태] 잔고:$10.33 | 포지션:2개 | 스캔:6회 | 스캐너:ON
2026-07-30 23:07:05,326 [INFO] [SCAN] 화이트리스트 한정: ['BTC/USDT:USDT', 'ETH/USDT:USDT', 'SOL/USDT:USDT', 'XRP/USDT:USDT', 'DOGE/USDT:USDT', 'ADA/USDT:USDT', 'AVAX/USDT:USDT', 'LINK/USDT:USDT', 'SUI/USDT:USDT', 'NEAR/USDT:USDT', 'BCH/USDT:USDT', 'LTC/USDT:USDT', 'APT/USDT:USDT', 'OP/USDT:USDT', 'ARB/USDT:USDT', 'WIF/USDT:USDT', 'FTM/USDT:USDT', 'DOT/USDT:USDT', 'UNI/USDT:USDT', 'RENDER/USDT:USDT', 'PEPE/USDT:USDT', 'SHIB/USDT:USDT', 'ETC/USDT:USDT', 'ATOM/USDT:USDT', 'TIA/USDT:USDT', 'FIL/USDT:USDT', 'AAVE/USDT:USDT', 'INJ/USDT:USDT', 'FET/USDT:USDT', 'JUP/USDT:USDT'] → 28개 스캔
2026-07-30 23:07:05,326 [INFO] [SCAN] 스캔 시작: 28개 페어 (캐시 27개 보유)
2026-07-30 23:07:18,224 [INFO] [SCAN] 완료: 27개 종목 · 신호 0개 · API 호출 27회 · 캐시 히트 0회
2026-07-30 23:07:18,424 [WARNING] [PROTECT GUARD] TIA/USDT:USDT SHORT 보호주문 없음(무방비) → TP/SL 재무장 시도
2026-07-30 23:07:21,344 [ERROR] [PROTECT REARM] TIA/USDT:USDT short TP/SL 보호주문 재설정 실패: binance {"code":-4130,"msg":"An open stop or take profit order with GTE and closePosition in the direction is existing."}
2026-07-30 23:07:21,344 [ERROR] [PROTECT GUARD] TIA/USDT:USDT SHORT 보호주문 재무장 실패 — 수동 확인 필요
2026-07-30 23:07:21,439 [WARNING] [PROTECT GUARD] RENDER/USDT:USDT LONG 보호주문 없음(무방비) → TP/SL 재무장 시도
2026-07-30 23:07:24,342 [ERROR] [PROTECT REARM] RENDER/USDT:USDT long TP/SL 보호주문 재설정 실패: binance {"code":-4130,"msg":"An open stop or take profit order with GTE and closePosition in the direction is existing."}
2026-07-30 23:07:24,342 [ERROR] [PROTECT GUARD] RENDER/USDT:USDT LONG 보호주문 재무장 실패 — 수동 확인 필요
2026-07-30 23:07:39,561 [INFO] [SCAN] 화이트리스트 한정: ['BTC/USDT:USDT', 'ETH/USDT:USDT', 'SOL/USDT:USDT', 'XRP/USDT:USDT', 'DOGE/USDT:USDT', 'ADA/USDT:USDT', 'AVAX/USDT:USDT', 'LINK/USDT:USDT', 'SUI/USDT:USDT', 'NEAR/USDT:USDT', 'BCH/USDT:USDT', 'LTC/USDT:USDT', 'APT/USDT:USDT', 'OP/USDT:USDT', 'ARB/USDT:USDT', 'WIF/USDT:USDT', 'FTM/USDT:USDT', 'DOT/USDT:USDT', 'UNI/USDT:USDT', 'RENDER/USDT:USDT', 'PEPE/USDT:USDT', 'SHIB/USDT:USDT', 'ETC/USDT:USDT', 'ATOM/USDT:USDT', 'TIA/USDT:USDT', 'FIL/USDT:USDT', 'AAVE/USDT:USDT', 'INJ/USDT:USDT', 'FET/USDT:USDT', 'JUP/USDT:USDT'] → 28개 스캔
2026-07-30 23:07:39,561 [INFO] [SCAN] 스캔 시작: 28개 페어 (캐시 27개 보유)
2026-07-30 23:07:52,589 [INFO] [SCAN] 완료: 27개 종목 · 신호 0개 · API 호출 27회 · 캐시 히트 0회
2026-07-30 23:07:56,461 [INFO] [상태] 잔고:$10.31 | 포지션:2개 | 스캔:8회 | 스캐너:ON
2026-07-30 23:08:07,777 [INFO] [SCAN] 화이트리스트 한정: ['BTC/USDT:USDT', 'ETH/USDT:USDT', 'SOL/USDT:USDT', 'XRP/USDT:USDT', 'DOGE/USDT:USDT', 'ADA/USDT:USDT', 'AVAX/USDT:USDT', 'LINK/USDT:USDT', 'SUI/USDT:USDT', 'NEAR/USDT:USDT', 'BCH/USDT:USDT', 'LTC/USDT:USDT', 'APT/USDT:USDT', 'OP/USDT:USDT', 'ARB/USDT:USDT', 'WIF/USDT:USDT', 'FTM/USDT:USDT', 'DOT/USDT:USDT', 'UNI/USDT:USDT', 'RENDER/USDT:USDT', 'PEPE/USDT:USDT', 'SHIB/USDT:USDT', 'ETC/USDT:USDT', 'ATOM/USDT:USDT', 'TIA/USDT:USDT', 'FIL/USDT:USDT', 'AAVE/USDT:USDT', 'INJ/USDT:USDT', 'FET/USDT:USDT', 'JUP/USDT:USDT'] → 28개 스캔
2026-07-30 23:08:07,777 [INFO] [SCAN] 스캔 시작: 28개 페어 (캐시 27개 보유)
2026-07-30 23:08:20,799 [INFO] [SCAN] 완료: 27개 종목 · 신호 0개 · API 호출 27회 · 캐시 히트 0회
2026-07-30 23:08:20,989 [WARNING] [PROTECT GUARD] TIA/USDT:USDT SHORT 보호주문 없음(무방비) → TP/SL 재무장 시도
2026-07-30 23:08:23,900 [ERROR] [PROTECT REARM] TIA/USDT:USDT short TP/SL 보호주문 재설정 실패: binance {"code":-4130,"msg":"An open stop or take profit order with GTE and closePosition in the direction is existing."}
2026-07-30 23:08:23,900 [ERROR] [PROTECT GUARD] TIA/USDT:USDT SHORT 보호주문 재무장 실패 — 수동 확인 필요
2026-07-30 23:08:23,993 [WARNING] [PROTECT GUARD] RENDER/USDT:USDT LONG 보호주문 없음(무방비) → TP/SL 재무장 시도
2026-07-30 23:08:26,913 [ERROR] [PROTECT REARM] RENDER/USDT:USDT long TP/SL 보호주문 재설정 실패: binance {"code":-4130,"msg":"An open stop or take profit order with GTE and closePosition in the direction is existing."}
2026-07-30 23:08:26,914 [ERROR] [PROTECT GUARD] RENDER/USDT:USDT LONG 보호주문 재무장 실패 — 수동 확인 필요
2026-07-30 23:08:42,106 [INFO] [SCAN] 화이트리스트 한정: ['BTC/USDT:USDT', 'ETH/USDT:USDT', 'SOL/USDT:USDT', 'XRP/USDT:USDT', 'DOGE/USDT:USDT', 'ADA/USDT:USDT', 'AVAX/USDT:USDT', 'LINK/USDT:USDT', 'SUI/USDT:USDT', 'NEAR/USDT:USDT', 'BCH/USDT:USDT', 'LTC/USDT:USDT', 'APT/USDT:USDT', 'OP/USDT:USDT', 'ARB/USDT:USDT', 'WIF/USDT:USDT', 'FTM/USDT:USDT', 'DOT/USDT:USDT', 'UNI/USDT:USDT', 'RENDER/USDT:USDT', 'PEPE/USDT:USDT', 'SHIB/USDT:USDT', 'ETC/USDT:USDT', 'ATOM/USDT:USDT', 'TIA/USDT:USDT', 'FIL/USDT:USDT', 'AAVE/USDT:USDT', 'INJ/USDT:USDT', 'FET/USDT:USDT', 'JUP/USDT:USDT'] → 28개 스캔
2026-07-30 23:08:42,106 [INFO] [SCAN] 스캔 시작: 28개 페어 (캐시 27개 보유)
2026-07-30 23:08:55,074 [INFO] [SCAN] 완료: 27개 종목 · 신호 0개 · API 호출 27회 · 캐시 히트 0회
2026-07-30 23:08:57,002 [INFO] [상태] 잔고:$10.31 | 포지션:2개 | 스캔:10회 | 스캐너:ON
2026-07-30 23:09:10,219 [INFO] [SCAN] 화이트리스트 한정: ['BTC/USDT:USDT', 'ETH/USDT:USDT', 'SOL/USDT:USDT', 'XRP/USDT:USDT', 'DOGE/USDT:USDT', 'ADA/USDT:USDT', 'AVAX/USDT:USDT', 'LINK/USDT:USDT', 'SUI/USDT:USDT', 'NEAR/USDT:USDT', 'BCH/USDT:USDT', 'LTC/USDT:USDT', 'APT/USDT:USDT', 'OP/USDT:USDT', 'ARB/USDT:USDT', 'WIF/USDT:USDT', 'FTM/USDT:USDT', 'DOT/USDT:USDT', 'UNI/USDT:USDT', 'RENDER/USDT:USDT', 'PEPE/USDT:USDT', 'SHIB/USDT:USDT', 'ETC/USDT:USDT', 'ATOM/USDT:USDT', 'TIA/USDT:USDT', 'FIL/USDT:USDT', 'AAVE/USDT:USDT', 'INJ/USDT:USDT', 'FET/USDT:USDT', 'JUP/USDT:USDT'] → 28개 스캔
2026-07-30 23:09:10,219 [INFO] [SCAN] 스캔 시작: 28개 페어 (캐시 27개 보유)
2026-07-30 23:09:23,273 [INFO] [SCAN] 완료: 27개 종목 · 신호 0개 · API 호출 27회 · 캐시 히트 0회
2026-07-30 23:09:23,471 [WARNING] [PROTECT GUARD] TIA/USDT:USDT SHORT 보호주문 없음(무방비) → TP/SL 재무장 시도
2026-07-30 23:09:26,389 [ERROR] [PROTECT REARM] TIA/USDT:USDT short TP/SL 보호주문 재설정 실패: binance {"code":-4130,"msg":"An open stop or take profit order with GTE and closePosition in the direction is existing."}
2026-07-30 23:09:26,389 [ERROR] [PROTECT GUARD] TIA/USDT:USDT SHORT 보호주문 재무장 실패 — 수동 확인 필요
2026-07-30 23:09:26,482 [WARNING] [PROTECT GUARD] RENDER/USDT:USDT LONG 보호주문 없음(무방비) → TP/SL 재무장 시도
2026-07-30 23:09:29,396 [ERROR] [PROTECT REARM] RENDER/USDT:USDT long TP/SL 보호주문 재설정 실패: binance {"code":-4130,"msg":"An open stop or take profit order with GTE and closePosition in the direction is existing."}
2026-07-30 23:09:29,397 [ERROR] [PROTECT GUARD] RENDER/USDT:USDT LONG 보호주문 재무장 실패 — 수동 확인 필요
2026-07-30 23:09:44,594 [INFO] [SCAN] 화이트리스트 한정: ['BTC/USDT:USDT', 'ETH/USDT:USDT', 'SOL/USDT:USDT', 'XRP/USDT:USDT', 'DOGE/USDT:USDT', 'ADA/USDT:USDT', 'AVAX/USDT:USDT', 'LINK/USDT:USDT', 'SUI/USDT:USDT', 'NEAR/USDT:USDT', 'BCH/USDT:USDT', 'LTC/USDT:USDT', 'APT/USDT:USDT', 'OP/USDT:USDT', 'ARB/USDT:USDT', 'WIF/USDT:USDT', 'FTM/USDT:USDT', 'DOT/USDT:USDT', 'UNI/USDT:USDT', 'RENDER/USDT:USDT', 'PEPE/USDT:USDT', 'SHIB/USDT:USDT', 'ETC/USDT:USDT', 'ATOM/USDT:USDT', 'TIA/USDT:USDT', 'FIL/USDT:USDT', 'AAVE/USDT:USDT', 'INJ/USDT:USDT', 'FET/USDT:USDT', 'JUP/USDT:USDT'] → 28개 스캔
2026-07-30 23:09:44,594 [INFO] [SCAN] 스캔 시작: 28개 페어 (캐시 27개 보유)
2026-07-30 23:09:57,559 [INFO] [상태] 잔고:$10.33 | 포지션:2개 | 스캔:11회 | 스캐너:ON
2026-07-30 23:09:57,725 [INFO] [SCAN] 완료: 27개 종목 · 신호 0개 · API 호출 27회 · 캐시 히트 0회
2026-07-30 23:10:12,916 [INFO] [SCAN] 화이트리스트 한정: ['BTC/USDT:USDT', 'ETH/USDT:USDT', 'SOL/USDT:USDT', 'XRP/USDT:USDT', 'DOGE/USDT:USDT', 'ADA/USDT:USDT', 'AVAX/USDT:USDT', 'LINK/USDT:USDT', 'SUI/USDT:USDT', 'NEAR/USDT:USDT', 'BCH/USDT:USDT', 'LTC/USDT:USDT', 'APT/USDT:USDT', 'OP/USDT:USDT', 'ARB/USDT:USDT', 'WIF/USDT:USDT', 'FTM/USDT:USDT', 'DOT/USDT:USDT', 'UNI/USDT:USDT', 'RENDER/USDT:USDT', 'PEPE/USDT:USDT', 'SHIB/USDT:USDT', 'ETC/USDT:USDT', 'ATOM/USDT:USDT', 'TIA/USDT:USDT', 'FIL/USDT:USDT', 'AAVE/USDT:USDT', 'INJ/USDT:USDT', 'FET/USDT:USDT', 'JUP/USDT:USDT'] → 28개 스캔
2026-07-30 23:10:12,916 [INFO] [SCAN] 스캔 시작: 28개 페어 (캐시 27개 보유)
2026-07-30 23:10:25,878 [INFO] [SCAN] 완료: 27개 종목 · 신호 0개 · API 호출 27회 · 캐시 히트 0회
2026-07-30 23:10:26,074 [WARNING] [PROTECT GUARD] TIA/USDT:USDT SHORT 보호주문 없음(무방비) → TP/SL 재무장 시도
2026-07-30 23:10:28,995 [ERROR] [PROTECT REARM] TIA/USDT:USDT short TP/SL 보호주문 재설정 실패: binance {"code":-4130,"msg":"An open stop or take profit order with GTE and closePosition in the direction is existing."}
2026-07-30 23:10:28,996 [ERROR] [PROTECT GUARD] TIA/USDT:USDT SHORT 보호주문 재무장 실패 — 수동 확인 필요
2026-07-30 23:10:29,099 [WARNING] [PROTECT GUARD] RENDER/USDT:USDT LONG 보호주문 없음(무방비) → TP/SL 재무장 시도
2026-07-30 23:10:32,027 [ERROR] [PROTECT REARM] RENDER/USDT:USDT long TP/SL 보호주문 재설정 실패: binance {"code":-4130,"msg":"An open stop or take profit order with GTE and closePosition in the direction is existing."}
2026-07-30 23:10:32,028 [ERROR] [PROTECT GUARD] RENDER/USDT:USDT LONG 보호주문 재무장 실패 — 수동 확인 필요
2026-07-30 23:10:47,226 [INFO] [SCAN] 화이트리스트 한정: ['BTC/USDT:USDT', 'ETH/USDT:USDT', 'SOL/USDT:USDT', 'XRP/USDT:USDT', 'DOGE/USDT:USDT', 'ADA/USDT:USDT', 'AVAX/USDT:USDT', 'LINK/USDT:USDT', 'SUI/USDT:USDT', 'NEAR/USDT:USDT', 'BCH/USDT:USDT', 'LTC/USDT:USDT', 'APT/USDT:USDT', 'OP/USDT:USDT', 'ARB/USDT:USDT', 'WIF/USDT:USDT', 'FTM/USDT:USDT', 'DOT/USDT:USDT', 'UNI/USDT:USDT', 'RENDER/USDT:USDT', 'PEPE/USDT:USDT', 'SHIB/USDT:USDT', 'ETC/USDT:USDT', 'ATOM/USDT:USDT', 'TIA/USDT:USDT', 'FIL/USDT:USDT', 'AAVE/USDT:USDT', 'INJ/USDT:USDT', 'FET/USDT:USDT', 'JUP/USDT:USDT'] → 28개 스캔
2026-07-30 23:10:47,226 [INFO] [SCAN] 스캔 시작: 28개 페어 (캐시 27개 보유)
2026-07-30 23:10:58,131 [INFO] [상태] 잔고:$10.32 | 포지션:2개 | 스캔:13회 | 스캐너:ON
2026-07-30 23:11:00,217 [INFO] [SCAN] 완료: 27개 종목 · 신호 0개 · API 호출 27회 · 캐시 히트 0회
2026-07-30 23:11:15,432 [INFO] [SCAN] 화이트리스트 한정: ['BTC/USDT:USDT', 'ETH/USDT:USDT', 'SOL/USDT:USDT', 'XRP/USDT:USDT', 'DOGE/USDT:USDT', 'ADA/USDT:USDT', 'AVAX/USDT:USDT', 'LINK/USDT:USDT', 'SUI/USDT:USDT', 'NEAR/USDT:USDT', 'BCH/USDT:USDT', 'LTC/USDT:USDT', 'APT/USDT:USDT', 'OP/USDT:USDT', 'ARB/USDT:USDT', 'WIF/USDT:USDT', 'FTM/USDT:USDT', 'DOT/USDT:USDT', 'UNI/USDT:USDT', 'RENDER/USDT:USDT', 'PEPE/USDT:USDT', 'SHIB/USDT:USDT', 'ETC/USDT:USDT', 'ATOM/USDT:USDT', 'TIA/USDT:USDT', 'FIL/USDT:USDT', 'AAVE/USDT:USDT', 'INJ/USDT:USDT', 'FET/USDT:USDT', 'JUP/USDT:USDT'] → 28개 스캔
2026-07-30 23:11:15,432 [INFO] [SCAN] 스캔 시작: 28개 페어 (캐시 27개 보유)
2026-07-30 23:11:28,398 [INFO] [SCAN] 완료: 27개 종목 · 신호 0개 · API 호출 27회 · 캐시 히트 0회
2026-07-30 23:11:28,595 [WARNING] [PROTECT GUARD] TIA/USDT:USDT SHORT 보호주문 없음(무방비) → TP/SL 재무장 시도
2026-07-30 23:11:31,511 [ERROR] [PROTECT REARM] TIA/USDT:USDT short TP/SL 보호주문 재설정 실패: binance {"code":-4130,"msg":"An open stop or take profit order with GTE and closePosition in the direction is existing."}
2026-07-30 23:11:31,512 [ERROR] [PROTECT GUARD] TIA/USDT:USDT SHORT 보호주문 재무장 실패 — 수동 확인 필요
2026-07-30 23:11:31,607 [WARNING] [PROTECT GUARD] RENDER/USDT:USDT LONG 보호주문 없음(무방비) → TP/SL 재무장 시도
2026-07-30 23:11:34,519 [ERROR] [PROTECT REARM] RENDER/USDT:USDT long TP/SL 보호주문 재설정 실패: binance {"code":-4130,"msg":"An open stop or take profit order with GTE and closePosition in the direction is existing."}
2026-07-30 23:11:34,519 [ERROR] [PROTECT GUARD] RENDER/USDT:USDT LONG 보호주문 재무장 실패 — 수동 확인 필요
2026-07-30 23:11:49,714 [INFO] [SCAN] 화이트리스트 한정: ['BTC/USDT:USDT', 'ETH/USDT:USDT', 'SOL/USDT:USDT', 'XRP/USDT:USDT', 'DOGE/USDT:USDT', 'ADA/USDT:USDT', 'AVAX/USDT:USDT', 'LINK/USDT:USDT', 'SUI/USDT:USDT', 'NEAR/USDT:USDT', 'BCH/USDT:USDT', 'LTC/USDT:USDT', 'APT/USDT:USDT', 'OP/USDT:USDT', 'ARB/USDT:USDT', 'WIF/USDT:USDT', 'FTM/USDT:USDT', 'DOT/USDT:USDT', 'UNI/USDT:USDT', 'RENDER/USDT:USDT', 'PEPE/USDT:USDT', 'SHIB/USDT:USDT', 'ETC/USDT:USDT', 'ATOM/USDT:USDT', 'TIA/USDT:USDT', 'FIL/USDT:USDT', 'AAVE/USDT:USDT', 'INJ/USDT:USDT', 'FET/USDT:USDT', 'JUP/USDT:USDT'] → 28개 스캔
2026-07-30 23:11:49,714 [INFO] [SCAN] 스캔 시작: 28개 페어 (캐시 27개 보유)
2026-07-30 23:11:58,704 [INFO] [상태] 잔고:$10.33 | 포지션:2개 | 스캔:15회 | 스캐너:ON
2026-07-30 23:12:02,807 [INFO] [SCAN] 완료: 27개 종목 · 신호 0개 · API 호출 27회 · 캐시 히트 0회
2026-07-30 23:12:18,040 [INFO] [SCAN] 화이트리스트 한정: ['BTC/USDT:USDT', 'ETH/USDT:USDT', 'SOL/USDT:USDT', 'XRP/USDT:USDT', 'DOGE/USDT:USDT', 'ADA/USDT:USDT', 'AVAX/USDT:USDT', 'LINK/USDT:USDT', 'SUI/USDT:USDT', 'NEAR/USDT:USDT', 'BCH/USDT:USDT', 'LTC/USDT:USDT', 'APT/USDT:USDT', 'OP/USDT:USDT', 'ARB/USDT:USDT', 'WIF/USDT:USDT', 'FTM/USDT:USDT', 'DOT/USDT:USDT', 'UNI/USDT:USDT', 'RENDER/USDT:USDT', 'PEPE/USDT:USDT', 'SHIB/USDT:USDT', 'ETC/USDT:USDT', 'ATOM/USDT:USDT', 'TIA/USDT:USDT', 'FIL/USDT:USDT', 'AAVE/USDT:USDT', 'INJ/USDT:USDT', 'FET/USDT:USDT', 'JUP/USDT:USDT'] → 28개 스캔
2026-07-30 23:12:18,040 [INFO] [SCAN] 스캔 시작: 28개 페어 (캐시 27개 보유)
2026-07-30 23:12:31,082 [INFO] [SCAN] 완료: 27개 종목 · 신호 0개 · API 호출 27회 · 캐시 히트 0회
2026-07-30 23:12:31,284 [WARNING] [PROTECT GUARD] TIA/USDT:USDT SHORT 보호주문 없음(무방비) → TP/SL 재무장 시도
2026-07-30 23:12:34,210 [ERROR] [PROTECT REARM] TIA/USDT:USDT short TP/SL 보호주문 재설정 실패: binance {"code":-4130,"msg":"An open stop or take profit order with GTE and closePosition in the direction is existing."}
2026-07-30 23:12:34,211 [ERROR] [PROTECT GUARD] TIA/USDT:USDT SHORT 보호주문 재무장 실패 — 수동 확인 필요
2026-07-30 23:12:34,372 [WARNING] [PROTECT GUARD] RENDER/USDT:USDT LONG 보호주문 없음(무방비) → TP/SL 재무장 시도
2026-07-30 23:12:37,280 [ERROR] [PROTECT REARM] RENDER/USDT:USDT long TP/SL 보호주문 재설정 실패: binance {"code":-4130,"msg":"An open stop or take profit order with GTE and closePosition in the direction is existing."}
2026-07-30 23:12:37,281 [ERROR] [PROTECT GUARD] RENDER/USDT:USDT LONG 보호주문 재무장 실패 — 수동 확인 필요
2026-07-30 23:12:52,448 [INFO] [SCAN] 화이트리스트 한정: ['BTC/USDT:USDT', 'ETH/USDT:USDT', 'SOL/USDT:USDT', 'XRP/USDT:USDT', 'DOGE/USDT:USDT', 'ADA/USDT:USDT', 'AVAX/USDT:USDT', 'LINK/USDT:USDT', 'SUI/USDT:USDT', 'NEAR/USDT:USDT', 'BCH/USDT:USDT', 'LTC/USDT:USDT', 'APT/USDT:USDT', 'OP/USDT:USDT', 'ARB/USDT:USDT', 'WIF/USDT:USDT', 'FTM/USDT:USDT', 'DOT/USDT:USDT', 'UNI/USDT:USDT', 'RENDER/USDT:USDT', 'PEPE/USDT:USDT', 'SHIB/USDT:USDT', 'ETC/USDT:USDT', 'ATOM/USDT:USDT', 'TIA/USDT:USDT', 'FIL/USDT:USDT', 'AAVE/USDT:USDT', 'INJ/USDT:USDT', 'FET/USDT:USDT', 'JUP/USDT:USDT'] → 28개 스캔
2026-07-30 23:12:52,448 [INFO] [SCAN] 스캔 시작: 28개 페어 (캐시 27개 보유)
2026-07-30 23:12:59,282 [INFO] [상태] 잔고:$10.34 | 포지션:2개 | 스캔:17회 | 스캐너:ON
2026-07-30 23:13:05,511 [INFO] [SCAN] 완료: 27개 종목 · 신호 0개 · API 호출 27회 · 캐시 히트 0회
2026-07-30 23:13:20,712 [INFO] [SCAN] 화이트리스트 한정: ['BTC/USDT:USDT', 'ETH/USDT:USDT', 'SOL/USDT:USDT', 'XRP/USDT:USDT', 'DOGE/USDT:USDT', 'ADA/USDT:USDT', 'AVAX/USDT:USDT', 'LINK/USDT:USDT', 'SUI/USDT:USDT', 'NEAR/USDT:USDT', 'BCH/USDT:USDT', 'LTC/USDT:USDT', 'APT/USDT:USDT', 'OP/USDT:USDT', 'ARB/USDT:USDT', 'WIF/USDT:USDT', 'FTM/USDT:USDT', 'DOT/USDT:USDT', 'UNI/USDT:USDT', 'RENDER/USDT:USDT', 'PEPE/USDT:USDT', 'SHIB/USDT:USDT', 'ETC/USDT:USDT', 'ATOM/USDT:USDT', 'TIA/USDT:USDT', 'FIL/USDT:USDT', 'AAVE/USDT:USDT', 'INJ/USDT:USDT', 'FET/USDT:USDT', 'JUP/USDT:USDT'] → 28개 스캔
2026-07-30 23:13:20,712 [INFO] [SCAN] 스캔 시작: 28개 페어 (캐시 27개 보유)
2026-07-30 23:13:33,830 [INFO] [SCAN] 완료: 27개 종목 · 신호 0개 · API 호출 27회 · 캐시 히트 0회
2026-07-30 23:13:34,023 [WARNING] [PROTECT GUARD] TIA/USDT:USDT SHORT 보호주문 없음(무방비) → TP/SL 재무장 시도
2026-07-30 23:13:36,938 [ERROR] [PROTECT REARM] TIA/USDT:USDT short TP/SL 보호주문 재설정 실패: binance {"code":-4130,"msg":"An open stop or take profit order with GTE and closePosition in the direction is existing."}
2026-07-30 23:13:36,938 [ERROR] [PROTECT GUARD] TIA/USDT:USDT SHORT 보호주문 재무장 실패 — 수동 확인 필요
2026-07-30 23:13:37,030 [WARNING] [PROTECT GUARD] RENDER/USDT:USDT LONG 보호주문 없음(무방비) → TP/SL 재무장 시도
2026-07-30 23:13:39,949 [ERROR] [PROTECT REARM] RENDER/USDT:USDT long TP/SL 보호주문 재설정 실패: binance {"code":-4130,"msg":"An open stop or take profit order with GTE and closePosition in the direction is existing."}
2026-07-30 23:13:39,950 [ERROR] [PROTECT GUARD] RENDER/USDT:USDT LONG 보호주문 재무장 실패 — 수동 확인 필요
2026-07-30 23:13:55,194 [INFO] [SCAN] 화이트리스트 한정: ['BTC/USDT:USDT', 'ETH/USDT:USDT', 'SOL/USDT:USDT', 'XRP/USDT:USDT', 'DOGE/USDT:USDT', 'ADA/USDT:USDT', 'AVAX/USDT:USDT', 'LINK/USDT:USDT', 'SUI/USDT:USDT', 'NEAR/USDT:USDT', 'BCH/USDT:USDT', 'LTC/USDT:USDT', 'APT/USDT:USDT', 'OP/USDT:USDT', 'ARB/USDT:USDT', 'WIF/USDT:USDT', 'FTM/USDT:USDT', 'DOT/USDT:USDT', 'UNI/USDT:USDT', 'RENDER/USDT:USDT', 'PEPE/USDT:USDT', 'SHIB/USDT:USDT', 'ETC/USDT:USDT', 'ATOM/USDT:USDT', 'TIA/USDT:USDT', 'FIL/USDT:USDT', 'AAVE/USDT:USDT', 'INJ/USDT:USDT', 'FET/USDT:USDT', 'JUP/USDT:USDT'] → 28개 스캔
2026-07-30 23:13:55,194 [INFO] [SCAN] 스캔 시작: 28개 페어 (캐시 27개 보유)
2026-07-30 23:13:59,823 [INFO] [상태] 잔고:$10.32 | 포지션:2개 | 스캔:19회 | 스캐너:ON
2026-07-30 23:14:08,139 [INFO] [SCAN] 완료: 27개 종목 · 신호 0개 · API 호출 27회 · 캐시 히트 0회
2026-07-30 23:14:23,316 [INFO] [SCAN] 화이트리스트 한정: ['BTC/USDT:USDT', 'ETH/USDT:USDT', 'SOL/USDT:USDT', 'XRP/USDT:USDT', 'DOGE/USDT:USDT', 'ADA/USDT:USDT', 'AVAX/USDT:USDT', 'LINK/USDT:USDT', 'SUI/USDT:USDT', 'NEAR/USDT:USDT', 'BCH/USDT:USDT', 'LTC/USDT:USDT', 'APT/USDT:USDT', 'OP/USDT:USDT', 'ARB/USDT:USDT', 'WIF/USDT:USDT', 'FTM/USDT:USDT', 'DOT/USDT:USDT', 'UNI/USDT:USDT', 'RENDER/USDT:USDT', 'PEPE/USDT:USDT', 'SHIB/USDT:USDT', 'ETC/USDT:USDT', 'ATOM/USDT:USDT', 'TIA/USDT:USDT', 'FIL/USDT:USDT', 'AAVE/USDT:USDT', 'INJ/USDT:USDT', 'FET/USDT:USDT', 'JUP/USDT:USDT'] → 28개 스캔
2026-07-30 23:14:23,317 [INFO] [SCAN] 스캔 시작: 28개 페어 (캐시 27개 보유)
2026-07-30 23:14:36,330 [INFO] [SCAN] 완료: 27개 종목 · 신호 0개 · API 호출 27회 · 캐시 히트 0회
2026-07-30 23:14:36,522 [WARNING] [PROTECT GUARD] TIA/USDT:USDT SHORT 보호주문 없음(무방비) → TP/SL 재무장 시도
2026-07-30 23:14:39,429 [ERROR] [PROTECT REARM] TIA/USDT:USDT short TP/SL 보호주문 재설정 실패: binance {"code":-4130,"msg":"An open stop or take profit order with GTE and closePosition in the direction is existing."}
2026-07-30 23:14:39,429 [ERROR] [PROTECT GUARD] TIA/USDT:USDT SHORT 보호주문 재무장 실패 — 수동 확인 필요
2026-07-30 23:14:39,522 [WARNING] [PROTECT GUARD] RENDER/USDT:USDT LONG 보호주문 없음(무방비) → TP/SL 재무장 시도
2026-07-30 23:14:42,436 [ERROR] [PROTECT REARM] RENDER/USDT:USDT long TP/SL 보호주문 재설정 실패: binance {"code":-4130,"msg":"An open stop or take profit order with GTE and closePosition in the direction is existing."}
2026-07-30 23:14:42,436 [ERROR] [PROTECT GUARD] RENDER/USDT:USDT LONG 보호주문 재무장 실패 — 수동 확인 필요
2026-07-30 23:14:57,611 [INFO] [SCAN] 화이트리스트 한정: ['BTC/USDT:USDT', 'ETH/USDT:USDT', 'SOL/USDT:USDT', 'XRP/USDT:USDT', 'DOGE/USDT:USDT', 'ADA/USDT:USDT', 'AVAX/USDT:USDT', 'LINK/USDT:USDT', 'SUI/USDT:USDT', 'NEAR/USDT:USDT', 'BCH/USDT:USDT', 'LTC/USDT:USDT', 'APT/USDT:USDT', 'OP/USDT:USDT', 'ARB/USDT:USDT', 'WIF/USDT:USDT', 'FTM/USDT:USDT', 'DOT/USDT:USDT', 'UNI/USDT:USDT', 'RENDER/USDT:USDT', 'PEPE/USDT:USDT', 'SHIB/USDT:USDT', 'ETC/USDT:USDT', 'ATOM/USDT:USDT', 'TIA/USDT:USDT', 'FIL/USDT:USDT', 'AAVE/USDT:USDT', 'INJ/USDT:USDT', 'FET/USDT:USDT', 'JUP/USDT:USDT'] → 28개 스캔
2026-07-30 23:14:57,611 [INFO] [SCAN] 스캔 시작: 28개 페어 (캐시 27개 보유)
2026-07-30 23:15:00,397 [INFO] [상태] 잔고:$10.32 | 포지션:2개 | 스캔:21회 | 스캐너:ON
2026-07-30 23:15:10,627 [INFO] [SCAN] 완료: 27개 종목 · 신호 0개 · API 호출 27회 · 캐시 히트 0회
2026-07-30 23:15:25,838 [INFO] [SCAN] 화이트리스트 한정: ['BTC/USDT:USDT', 'ETH/USDT:USDT', 'SOL/USDT:USDT', 'XRP/USDT:USDT', 'DOGE/USDT:USDT', 'ADA/USDT:USDT', 'AVAX/USDT:USDT', 'LINK/USDT:USDT', 'SUI/USDT:USDT', 'NEAR/USDT:USDT', 'BCH/USDT:USDT', 'LTC/USDT:USDT', 'APT/USDT:USDT', 'OP/USDT:USDT', 'ARB/USDT:USDT', 'WIF/USDT:USDT', 'FTM/USDT:USDT', 'DOT/USDT:USDT', 'UNI/USDT:USDT', 'RENDER/USDT:USDT', 'PEPE/USDT:USDT', 'SHIB/USDT:USDT', 'ETC/USDT:USDT', 'ATOM/USDT:USDT', 'TIA/USDT:USDT', 'FIL/USDT:USDT', 'AAVE/USDT:USDT', 'INJ/USDT:USDT', 'FET/USDT:USDT', 'JUP/USDT:USDT'] → 28개 스캔
2026-07-30 23:15:25,839 [INFO] [SCAN] 스캔 시작: 28개 페어 (캐시 27개 보유)
2026-07-30 23:15:38,878 [INFO] [SCAN] 완료: 27개 종목 · 신호 0개 · API 호출 27회 · 캐시 히트 0회
2026-07-30 23:15:39,068 [WARNING] [PROTECT GUARD] TIA/USDT:USDT SHORT 보호주문 없음(무방비) → TP/SL 재무장 시도
2026-07-30 23:15:41,977 [ERROR] [PROTECT REARM] TIA/USDT:USDT short TP/SL 보호주문 재설정 실패: binance {"code":-4130,"msg":"An open stop or take profit order with GTE and closePosition in the direction is existing."}
2026-07-30 23:15:41,977 [ERROR] [PROTECT GUARD] TIA/USDT:USDT SHORT 보호주문 재무장 실패 — 수동 확인 필요
2026-07-30 23:15:42,073 [WARNING] [PROTECT GUARD] RENDER/USDT:USDT LONG 보호주문 없음(무방비) → TP/SL 재무장 시도
2026-07-30 23:15:44,977 [ERROR] [PROTECT REARM] RENDER/USDT:USDT long TP/SL 보호주문 재설정 실패: binance {"code":-4130,"msg":"An open stop or take profit order with GTE and closePosition in the direction is existing."}
2026-07-30 23:15:44,977 [ERROR] [PROTECT GUARD] RENDER/USDT:USDT LONG 보호주문 재무장 실패 — 수동 확인 필요
2026-07-30 23:16:00,163 [INFO] [SCAN] 화이트리스트 한정: ['BTC/USDT:USDT', 'ETH/USDT:USDT', 'SOL/USDT:USDT', 'XRP/USDT:USDT', 'DOGE/USDT:USDT', 'ADA/USDT:USDT', 'AVAX/USDT:USDT', 'LINK/USDT:USDT', 'SUI/USDT:USDT', 'NEAR/USDT:USDT', 'BCH/USDT:USDT', 'LTC/USDT:USDT', 'APT/USDT:USDT', 'OP/USDT:USDT', 'ARB/USDT:USDT', 'WIF/USDT:USDT', 'FTM/USDT:USDT', 'DOT/USDT:USDT', 'UNI/USDT:USDT', 'RENDER/USDT:USDT', 'PEPE/USDT:USDT', 'SHIB/USDT:USDT', 'ETC/USDT:USDT', 'ATOM/USDT:USDT', 'TIA/USDT:USDT', 'FIL/USDT:USDT', 'AAVE/USDT:USDT', 'INJ/USDT:USDT', 'FET/USDT:USDT', 'JUP/USDT:USDT'] → 28개 스캔
2026-07-30 23:16:00,163 [INFO] [SCAN] 스캔 시작: 28개 페어 (캐시 27개 보유)
2026-07-30 23:16:02,669 [INFO] [상태] 잔고:$10.32 | 포지션:2개 | 스캔:23회 | 스캐너:ON
2026-07-30 23:16:13,101 [INFO] [SCAN] 완료: 27개 종목 · 신호 0개 · API 호출 27회 · 캐시 히트 0회
2026-07-30 23:16:28,283 [INFO] [SCAN] 화이트리스트 한정: ['BTC/USDT:USDT', 'ETH/USDT:USDT', 'SOL/USDT:USDT', 'XRP/USDT:USDT', 'DOGE/USDT:USDT', 'ADA/USDT:USDT', 'AVAX/USDT:USDT', 'LINK/USDT:USDT', 'SUI/USDT:USDT', 'NEAR/USDT:USDT', 'BCH/USDT:USDT', 'LTC/USDT:USDT', 'APT/USDT:USDT', 'OP/USDT:USDT', 'ARB/USDT:USDT', 'WIF/USDT:USDT', 'FTM/USDT:USDT', 'DOT/USDT:USDT', 'UNI/USDT:USDT', 'RENDER/USDT:USDT', 'PEPE/USDT:USDT', 'SHIB/USDT:USDT', 'ETC/USDT:USDT', 'ATOM/USDT:USDT', 'TIA/USDT:USDT', 'FIL/USDT:USDT', 'AAVE/USDT:USDT', 'INJ/USDT:USDT', 'FET/USDT:USDT', 'JUP/USDT:USDT'] → 28개 스캔
2026-07-30 23:16:28,283 [INFO] [SCAN] 스캔 시작: 28개 페어 (캐시 27개 보유)
2026-07-30 23:16:41,263 [INFO] [SCAN] 완료: 27개 종목 · 신호 0개 · API 호출 27회 · 캐시 히트 0회
2026-07-30 23:16:41,456 [WARNING] [PROTECT GUARD] TIA/USDT:USDT SHORT 보호주문 없음(무방비) → TP/SL 재무장 시도
2026-07-30 23:16:44,372 [ERROR] [PROTECT REARM] TIA/USDT:USDT short TP/SL 보호주문 재설정 실패: binance {"code":-4130,"msg":"An open stop or take profit order with GTE and closePosition in the direction is existing."}
2026-07-30 23:16:44,372 [ERROR] [PROTECT GUARD] TIA/USDT:USDT SHORT 보호주문 재무장 실패 — 수동 확인 필요
2026-07-30 23:16:44,468 [WARNING] [PROTECT GUARD] RENDER/USDT:USDT LONG 보호주문 없음(무방비) → TP/SL 재무장 시도
2026-07-30 23:16:47,381 [ERROR] [PROTECT REARM] RENDER/USDT:USDT long TP/SL 보호주문 재설정 실패: binance {"code":-4130,"msg":"An open stop or take profit order with GTE and closePosition in the direction is existing."}
2026-07-30 23:16:47,381 [ERROR] [PROTECT GUARD] RENDER/USDT:USDT LONG 보호주문 재무장 실패 — 수동 확인 필요
2026-07-30 23:17:02,546 [INFO] [SCAN] 화이트리스트 한정: ['BTC/USDT:USDT', 'ETH/USDT:USDT', 'SOL/USDT:USDT', 'XRP/USDT:USDT', 'DOGE/USDT:USDT', 'ADA/USDT:USDT', 'AVAX/USDT:USDT', 'LINK/USDT:USDT', 'SUI/USDT:USDT', 'NEAR/USDT:USDT', 'BCH/USDT:USDT', 'LTC/USDT:USDT', 'APT/USDT:USDT', 'OP/USDT:USDT', 'ARB/USDT:USDT', 'WIF/USDT:USDT', 'FTM/USDT:USDT', 'DOT/USDT:USDT', 'UNI/USDT:USDT', 'RENDER/USDT:USDT', 'PEPE/USDT:USDT', 'SHIB/USDT:USDT', 'ETC/USDT:USDT', 'ATOM/USDT:USDT', 'TIA/USDT:USDT', 'FIL/USDT:USDT', 'AAVE/USDT:USDT', 'INJ/USDT:USDT', 'FET/USDT:USDT', 'JUP/USDT:USDT'] → 28개 스캔
2026-07-30 23:17:02,546 [INFO] [SCAN] 스캔 시작: 28개 페어 (캐시 27개 보유)
2026-07-30 23:17:05,140 [INFO] [상태] 잔고:$10.34 | 포지션:2개 | 스캔:25회 | 스캐너:ON
2026-07-30 23:17:15,416 [INFO] [SCAN] 완료: 27개 종목 · 신호 0개 · API 호출 27회 · 캐시 히트 0회
2026-07-30 23:17:30,620 [INFO] [SCAN] 화이트리스트 한정: ['BTC/USDT:USDT', 'ETH/USDT:USDT', 'SOL/USDT:USDT', 'XRP/USDT:USDT', 'DOGE/USDT:USDT', 'ADA/USDT:USDT', 'AVAX/USDT:USDT', 'LINK/USDT:USDT', 'SUI/USDT:USDT', 'NEAR/USDT:USDT', 'BCH/USDT:USDT', 'LTC/USDT:USDT', 'APT/USDT:USDT', 'OP/USDT:USDT', 'ARB/USDT:USDT', 'WIF/USDT:USDT', 'FTM/USDT:USDT', 'DOT/USDT:USDT', 'UNI/USDT:USDT', 'RENDER/USDT:USDT', 'PEPE/USDT:USDT', 'SHIB/USDT:USDT', 'ETC/USDT:USDT', 'ATOM/USDT:USDT', 'TIA/USDT:USDT', 'FIL/USDT:USDT', 'AAVE/USDT:USDT', 'INJ/USDT:USDT', 'FET/USDT:USDT', 'JUP/USDT:USDT'] → 28개 스캔
2026-07-30 23:17:30,620 [INFO] [SCAN] 스캔 시작: 28개 페어 (캐시 27개 보유)
2026-07-30 23:17:43,511 [INFO] [SCAN] 완료: 27개 종목 · 신호 0개 · API 호출 27회 · 캐시 히트 0회
2026-07-30 23:17:43,700 [WARNING] [PROTECT GUARD] TIA/USDT:USDT SHORT 보호주문 없음(무방비) → TP/SL 재무장 시도
2026-07-30 23:17:46,615 [ERROR] [PROTECT REARM] TIA/USDT:USDT short TP/SL 보호주문 재설정 실패: binance {"code":-4130,"msg":"An open stop or take profit order with GTE and closePosition in the direction is existing."}
2026-07-30 23:17:46,615 [ERROR] [PROTECT GUARD] TIA/USDT:USDT SHORT 보호주문 재무장 실패 — 수동 확인 필요
2026-07-30 23:17:46,711 [WARNING] [PROTECT GUARD] RENDER/USDT:USDT LONG 보호주문 없음(무방비) → TP/SL 재무장 시도
2026-07-30 23:17:49,623 [ERROR] [PROTECT REARM] RENDER/USDT:USDT long TP/SL 보호주문 재설정 실패: binance {"code":-4130,"msg":"An open stop or take profit order with GTE and closePosition in the direction is existing."}
2026-07-30 23:17:49,623 [ERROR] [PROTECT GUARD] RENDER/USDT:USDT LONG 보호주문 재무장 실패 — 수동 확인 필요
2026-07-30 23:18:04,807 [INFO] [SCAN] 화이트리스트 한정: ['BTC/USDT:USDT', 'ETH/USDT:USDT', 'SOL/USDT:USDT', 'XRP/USDT:USDT', 'DOGE/USDT:USDT', 'ADA/USDT:USDT', 'AVAX/USDT:USDT', 'LINK/USDT:USDT', 'SUI/USDT:USDT', 'NEAR/USDT:USDT', 'BCH/USDT:USDT', 'LTC/USDT:USDT', 'APT/USDT:USDT', 'OP/USDT:USDT', 'ARB/USDT:USDT', 'WIF/USDT:USDT', 'FTM/USDT:USDT', 'DOT/USDT:USDT', 'UNI/USDT:USDT', 'RENDER/USDT:USDT', 'PEPE/USDT:USDT', 'SHIB/USDT:USDT', 'ETC/USDT:USDT', 'ATOM/USDT:USDT', 'TIA/USDT:USDT', 'FIL/USDT:USDT', 'AAVE/USDT:USDT', 'INJ/USDT:USDT', 'FET/USDT:USDT', 'JUP/USDT:USDT'] → 28개 스캔
2026-07-30 23:18:04,808 [INFO] [SCAN] 스캔 시작: 28개 페어 (캐시 27개 보유)
2026-07-30 23:18:07,326 [INFO] [상태] 잔고:$10.34 | 포지션:2개 | 스캔:27회 | 스캐너:ON
2026-07-30 23:18:17,778 [INFO] [SCAN] 완료: 27개 종목 · 신호 0개 · API 호출 27회 · 캐시 히트 0회
2026-07-30 23:18:32,955 [INFO] [SCAN] 화이트리스트 한정: ['BTC/USDT:USDT', 'ETH/USDT:USDT', 'SOL/USDT:USDT', 'XRP/USDT:USDT', 'DOGE/USDT:USDT', 'ADA/USDT:USDT', 'AVAX/USDT:USDT', 'LINK/USDT:USDT', 'SUI/USDT:USDT', 'NEAR/USDT:USDT', 'BCH/USDT:USDT', 'LTC/USDT:USDT', 'APT/USDT:USDT', 'OP/USDT:USDT', 'ARB/USDT:USDT', 'WIF/USDT:USDT', 'FTM/USDT:USDT', 'DOT/USDT:USDT', 'UNI/USDT:USDT', 'RENDER/USDT:USDT', 'PEPE/USDT:USDT', 'SHIB/USDT:USDT', 'ETC/USDT:USDT', 'ATOM/USDT:USDT', 'TIA/USDT:USDT', 'FIL/USDT:USDT', 'AAVE/USDT:USDT', 'INJ/USDT:USDT', 'FET/USDT:USDT', 'JUP/USDT:USDT'] → 28개 스캔
2026-07-30 23:18:32,955 [INFO] [SCAN] 스캔 시작: 28개 페어 (캐시 27개 보유)
2026-07-30 23:18:45,841 [INFO] [SCAN] 완료: 27개 종목 · 신호 0개 · API 호출 27회 · 캐시 히트 0회
2026-07-30 23:18:46,031 [WARNING] [PROTECT GUARD] TIA/USDT:USDT SHORT 보호주문 없음(무방비) → TP/SL 재무장 시도
2026-07-30 23:18:48,941 [ERROR] [PROTECT REARM] TIA/USDT:USDT short TP/SL 보호주문 재설정 실패: binance {"code":-4130,"msg":"An open stop or take profit order with GTE and closePosition in the direction is existing."}
2026-07-30 23:18:48,941 [ERROR] [PROTECT GUARD] TIA/USDT:USDT SHORT 보호주문 재무장 실패 — 수동 확인 필요
2026-07-30 23:18:49,036 [WARNING] [PROTECT GUARD] RENDER/USDT:USDT LONG 보호주문 없음(무방비) → TP/SL 재무장 시도
2026-07-30 23:18:51,937 [ERROR] [PROTECT REARM] RENDER/USDT:USDT long TP/SL 보호주문 재설정 실패: binance {"code":-4130,"msg":"An open stop or take profit order with GTE and closePosition in the direction is existing."}
2026-07-30 23:18:51,937 [ERROR] [PROTECT GUARD] RENDER/USDT:USDT LONG 보호주문 재무장 실패 — 수동 확인 필요
2026-07-30 23:19:07,125 [INFO] [SCAN] 화이트리스트 한정: ['BTC/USDT:USDT', 'ETH/USDT:USDT', 'SOL/USDT:USDT', 'XRP/USDT:USDT', 'DOGE/USDT:USDT', 'ADA/USDT:USDT', 'AVAX/USDT:USDT', 'LINK/USDT:USDT', 'SUI/USDT:USDT', 'NEAR/USDT:USDT', 'BCH/USDT:USDT', 'LTC/USDT:USDT', 'APT/USDT:USDT', 'OP/USDT:USDT', 'ARB/USDT:USDT', 'WIF/USDT:USDT', 'FTM/USDT:USDT', 'DOT/USDT:USDT', 'UNI/USDT:USDT', 'RENDER/USDT:USDT', 'PEPE/USDT:USDT', 'SHIB/USDT:USDT', 'ETC/USDT:USDT', 'ATOM/USDT:USDT', 'TIA/USDT:USDT', 'FIL/USDT:USDT', 'AAVE/USDT:USDT', 'INJ/USDT:USDT', 'FET/USDT:USDT', 'JUP/USDT:USDT'] → 28개 스캔
2026-07-30 23:19:07,126 [INFO] [SCAN] 스캔 시작: 28개 페어 (캐시 27개 보유)
2026-07-30 23:19:09,686 [INFO] [상태] 잔고:$10.32 | 포지션:2개 | 스캔:29회 | 스캐너:ON
2026-07-30 23:19:20,002 [INFO] [SCAN] 완료: 27개 종목 · 신호 0개 · API 호출 27회 · 캐시 히트 0회
2026-07-30 23:19:35,176 [INFO] [SCAN] 화이트리스트 한정: ['BTC/USDT:USDT', 'ETH/USDT:USDT', 'SOL/USDT:USDT', 'XRP/USDT:USDT', 'DOGE/USDT:USDT', 'ADA/USDT:USDT', 'AVAX/USDT:USDT', 'LINK/USDT:USDT', 'SUI/USDT:USDT', 'NEAR/USDT:USDT', 'BCH/USDT:USDT', 'LTC/USDT:USDT', 'APT/USDT:USDT', 'OP/USDT:USDT', 'ARB/USDT:USDT', 'WIF/USDT:USDT', 'FTM/USDT:USDT', 'DOT/USDT:USDT', 'UNI/USDT:USDT', 'RENDER/USDT:USDT', 'PEPE/USDT:USDT', 'SHIB/USDT:USDT', 'ETC/USDT:USDT', 'ATOM/USDT:USDT', 'TIA/USDT:USDT', 'FIL/USDT:USDT', 'AAVE/USDT:USDT', 'INJ/USDT:USDT', 'FET/USDT:USDT', 'JUP/USDT:USDT'] → 28개 스캔
2026-07-30 23:19:35,177 [INFO] [SCAN] 스캔 시작: 28개 페어 (캐시 27개 보유)
2026-07-30 23:19:48,014 [INFO] [SCAN] 완료: 27개 종목 · 신호 0개 · API 호출 27회 · 캐시 히트 0회
2026-07-30 23:19:48,204 [WARNING] [PROTECT GUARD] TIA/USDT:USDT SHORT 보호주문 없음(무방비) → TP/SL 재무장 시도
2026-07-30 23:19:51,123 [ERROR] [PROTECT REARM] TIA/USDT:USDT short TP/SL 보호주문 재설정 실패: binance {"code":-4130,"msg":"An open stop or take profit order with GTE and closePosition in the direction is existing."}
2026-07-30 23:19:51,124 [ERROR] [PROTECT GUARD] TIA/USDT:USDT SHORT 보호주문 재무장 실패 — 수동 확인 필요
2026-07-30 23:19:51,222 [WARNING] [PROTECT GUARD] RENDER/USDT:USDT LONG 보호주문 없음(무방비) → TP/SL 재무장 시도
2026-07-30 23:19:54,195 [ERROR] [PROTECT REARM] RENDER/USDT:USDT long TP/SL 보호주문 재설정 실패: binance {"code":-4130,"msg":"An open stop or take profit order with GTE and closePosition in the direction is existing."}
2026-07-30 23:19:54,196 [ERROR] [PROTECT GUARD] RENDER/USDT:USDT LONG 보호주문 재무장 실패 — 수동 확인 필요
2026-07-30 23:20:09,388 [INFO] [SCAN] 화이트리스트 한정: ['BTC/USDT:USDT', 'ETH/USDT:USDT', 'SOL/USDT:USDT', 'XRP/USDT:USDT', 'DOGE/USDT:USDT', 'ADA/USDT:USDT', 'AVAX/USDT:USDT', 'LINK/USDT:USDT', 'SUI/USDT:USDT', 'NEAR/USDT:USDT', 'BCH/USDT:USDT', 'LTC/USDT:USDT', 'APT/USDT:USDT', 'OP/USDT:USDT', 'ARB/USDT:USDT', 'WIF/USDT:USDT', 'FTM/USDT:USDT', 'DOT/USDT:USDT', 'UNI/USDT:USDT', 'RENDER/USDT:USDT', 'PEPE/USDT:USDT', 'SHIB/USDT:USDT', 'ETC/USDT:USDT', 'ATOM/USDT:USDT', 'TIA/USDT:USDT', 'FIL/USDT:USDT', 'AAVE/USDT:USDT', 'INJ/USDT:USDT', 'FET/USDT:USDT', 'JUP/USDT:USDT'] → 28개 스캔
2026-07-30 23:20:09,388 [INFO] [SCAN] 스캔 시작: 28개 페어 (캐시 27개 보유)
2026-07-30 23:20:11,882 [INFO] [상태] 잔고:$10.32 | 포지션:2개 | 스캔:31회 | 스캐너:ON
2026-07-30 23:20:22,202 [INFO] [SCAN] 완료: 27개 종목 · 신호 0개 · API 호출 27회 · 캐시 히트 0회
2026-07-30 23:20:37,401 [INFO] [SCAN] 화이트리스트 한정: ['BTC/USDT:USDT', 'ETH/USDT:USDT', 'SOL/USDT:USDT', 'XRP/USDT:USDT', 'DOGE/USDT:USDT', 'ADA/USDT:USDT', 'AVAX/USDT:USDT', 'LINK/USDT:USDT', 'SUI/USDT:USDT', 'NEAR/USDT:USDT', 'BCH/USDT:USDT', 'LTC/USDT:USDT', 'APT/USDT:USDT', 'OP/USDT:USDT', 'ARB/USDT:USDT', 'WIF/USDT:USDT', 'FTM/USDT:USDT', 'DOT/USDT:USDT', 'UNI/USDT:USDT', 'RENDER/USDT:USDT', 'PEPE/USDT:USDT', 'SHIB/USDT:USDT', 'ETC/USDT:USDT', 'ATOM/USDT:USDT', 'TIA/USDT:USDT', 'FIL/USDT:USDT', 'AAVE/USDT:USDT', 'INJ/USDT:USDT', 'FET/USDT:USDT', 'JUP/USDT:USDT'] → 28개 스캔
2026-07-30 23:20:37,401 [INFO] [SCAN] 스캔 시작: 28개 페어 (캐시 27개 보유)
2026-07-30 23:20:50,296 [INFO] [SCAN] 완료: 27개 종목 · 신호 0개 · API 호출 27회 · 캐시 히트 0회
2026-07-30 23:20:50,490 [WARNING] [PROTECT GUARD] TIA/USDT:USDT SHORT 보호주문 없음(무방비) → TP/SL 재무장 시도
2026-07-30 23:20:53,399 [ERROR] [PROTECT REARM] TIA/USDT:USDT short TP/SL 보호주문 재설정 실패: binance {"code":-4130,"msg":"An open stop or take profit order with GTE and closePosition in the direction is existing."}
2026-07-30 23:20:53,400 [ERROR] [PROTECT GUARD] TIA/USDT:USDT SHORT 보호주문 재무장 실패 — 수동 확인 필요
2026-07-30 23:20:53,498 [WARNING] [PROTECT GUARD] RENDER/USDT:USDT LONG 보호주문 없음(무방비) → TP/SL 재무장 시도
2026-07-30 23:20:56,416 [ERROR] [PROTECT REARM] RENDER/USDT:USDT long TP/SL 보호주문 재설정 실패: binance {"code":-4130,"msg":"An open stop or take profit order with GTE and closePosition in the direction is existing."}
2026-07-30 23:20:56,416 [ERROR] [PROTECT GUARD] RENDER/USDT:USDT LONG 보호주문 재무장 실패 — 수동 확인 필요
2026-07-30 23:21:11,636 [INFO] [SCAN] 화이트리스트 한정: ['BTC/USDT:USDT', 'ETH/USDT:USDT', 'SOL/USDT:USDT', 'XRP/USDT:USDT', 'DOGE/USDT:USDT', 'ADA/USDT:USDT', 'AVAX/USDT:USDT', 'LINK/USDT:USDT', 'SUI/USDT:USDT', 'NEAR/USDT:USDT', 'BCH/USDT:USDT', 'LTC/USDT:USDT', 'APT/USDT:USDT', 'OP/USDT:USDT', 'ARB/USDT:USDT', 'WIF/USDT:USDT', 'FTM/USDT:USDT', 'DOT/USDT:USDT', 'UNI/USDT:USDT', 'RENDER/USDT:USDT', 'PEPE/USDT:USDT', 'SHIB/USDT:USDT', 'ETC/USDT:USDT', 'ATOM/USDT:USDT', 'TIA/USDT:USDT', 'FIL/USDT:USDT', 'AAVE/USDT:USDT', 'INJ/USDT:USDT', 'FET/USDT:USDT', 'JUP/USDT:USDT'] → 28개 스캔
2026-07-30 23:21:11,636 [INFO] [SCAN] 스캔 시작: 28개 페어 (캐시 27개 보유)
2026-07-30 23:21:14,147 [INFO] [상태] 잔고:$10.35 | 포지션:2개 | 스캔:33회 | 스캐너:ON
2026-07-30 23:21:24,456 [INFO] [SCAN] 완료: 27개 종목 · 신호 0개 · API 호출 27회 · 캐시 히트 0회
2026-07-30 23:21:39,652 [INFO] [SCAN] 화이트리스트 한정: ['BTC/USDT:USDT', 'ETH/USDT:USDT', 'SOL/USDT:USDT', 'XRP/USDT:USDT', 'DOGE/USDT:USDT', 'ADA/USDT:USDT', 'AVAX/USDT:USDT', 'LINK/USDT:USDT', 'SUI/USDT:USDT', 'NEAR/USDT:USDT', 'BCH/USDT:USDT', 'LTC/USDT:USDT', 'APT/USDT:USDT', 'OP/USDT:USDT', 'ARB/USDT:USDT', 'WIF/USDT:USDT', 'FTM/USDT:USDT', 'DOT/USDT:USDT', 'UNI/USDT:USDT', 'RENDER/USDT:USDT', 'PEPE/USDT:USDT', 'SHIB/USDT:USDT', 'ETC/USDT:USDT', 'ATOM/USDT:USDT', 'TIA/USDT:USDT', 'FIL/USDT:USDT', 'AAVE/USDT:USDT', 'INJ/USDT:USDT', 'FET/USDT:USDT', 'JUP/USDT:USDT'] → 28개 스캔
2026-07-30 23:21:39,652 [INFO] [SCAN] 스캔 시작: 28개 페어 (캐시 27개 보유)
2026-07-30 23:21:52,645 [INFO] [SCAN] 완료: 27개 종목 · 신호 0개 · API 호출 27회 · 캐시 히트 0회
2026-07-30 23:21:52,832 [WARNING] [PROTECT GUARD] TIA/USDT:USDT SHORT 보호주문 없음(무방비) → TP/SL 재무장 시도
2026-07-30 23:21:55,754 [ERROR] [PROTECT REARM] TIA/USDT:USDT short TP/SL 보호주문 재설정 실패: binance {"code":-4130,"msg":"An open stop or take profit order with GTE and closePosition in the direction is existing."}
2026-07-30 23:21:55,754 [ERROR] [PROTECT GUARD] TIA/USDT:USDT SHORT 보호주문 재무장 실패 — 수동 확인 필요
2026-07-30 23:21:55,854 [WARNING] [PROTECT GUARD] RENDER/USDT:USDT LONG 보호주문 없음(무방비) → TP/SL 재무장 시도
2026-07-30 23:21:58,766 [ERROR] [PROTECT REARM] RENDER/USDT:USDT long TP/SL 보호주문 재설정 실패: binance {"code":-4130,"msg":"An open stop or take profit order with GTE and closePosition in the direction is existing."}
2026-07-30 23:21:58,766 [ERROR] [PROTECT GUARD] RENDER/USDT:USDT LONG 보호주문 재무장 실패 — 수동 확인 필요
2026-07-30 23:22:13,984 [INFO] [SCAN] 화이트리스트 한정: ['BTC/USDT:USDT', 'ETH/USDT:USDT', 'SOL/USDT:USDT', 'XRP/USDT:USDT', 'DOGE/USDT:USDT', 'ADA/USDT:USDT', 'AVAX/USDT:USDT', 'LINK/USDT:USDT', 'SUI/USDT:USDT', 'NEAR/USDT:USDT', 'BCH/USDT:USDT', 'LTC/USDT:USDT', 'APT/USDT:USDT', 'OP/USDT:USDT', 'ARB/USDT:USDT', 'WIF/USDT:USDT', 'FTM/USDT:USDT', 'DOT/USDT:USDT', 'UNI/USDT:USDT', 'RENDER/USDT:USDT', 'PEPE/USDT:USDT', 'SHIB/USDT:USDT', 'ETC/USDT:USDT', 'ATOM/USDT:USDT', 'TIA/USDT:USDT', 'FIL/USDT:USDT', 'AAVE/USDT:USDT', 'INJ/USDT:USDT', 'FET/USDT:USDT', 'JUP/USDT:USDT'] → 28개 스캔
2026-07-30 23:22:13,984 [INFO] [SCAN] 스캔 시작: 28개 페어 (캐시 27개 보유)
2026-07-30 23:22:16,501 [INFO] [상태] 잔고:$10.33 | 포지션:2개 | 스캔:35회 | 스캐너:ON
2026-07-30 23:22:26,886 [INFO] [SCAN] 완료: 27개 종목 · 신호 0개 · API 호출 27회 · 캐시 히트 0회
2026-07-30 23:22:42,091 [INFO] [SCAN] 화이트리스트 한정: ['BTC/USDT:USDT', 'ETH/USDT:USDT', 'SOL/USDT:USDT', 'XRP/USDT:USDT', 'DOGE/USDT:USDT', 'ADA/USDT:USDT', 'AVAX/USDT:USDT', 'LINK/USDT:USDT', 'SUI/USDT:USDT', 'NEAR/USDT:USDT', 'BCH/USDT:USDT', 'LTC/USDT:USDT', 'APT/USDT:USDT', 'OP/USDT:USDT', 'ARB/USDT:USDT', 'WIF/USDT:USDT', 'FTM/USDT:USDT', 'DOT/USDT:USDT', 'UNI/USDT:USDT', 'RENDER/USDT:USDT', 'PEPE/USDT:USDT', 'SHIB/USDT:USDT', 'ETC/USDT:USDT', 'ATOM/USDT:USDT', 'TIA/USDT:USDT', 'FIL/USDT:USDT', 'AAVE/USDT:USDT', 'INJ/USDT:USDT', 'FET/USDT:USDT', 'JUP/USDT:USDT'] → 28개 스캔
2026-07-30 23:22:42,092 [INFO] [SCAN] 스캔 시작: 28개 페어 (캐시 27개 보유)
2026-07-30 23:22:55,005 [INFO] [SCAN] 완료: 27개 종목 · 신호 0개 · API 호출 27회 · 캐시 히트 0회
2026-07-30 23:22:55,195 [WARNING] [PROTECT GUARD] TIA/USDT:USDT SHORT 보호주문 없음(무방비) → TP/SL 재무장 시도
2026-07-30 23:22:58,108 [ERROR] [PROTECT REARM] TIA/USDT:USDT short TP/SL 보호주문 재설정 실패: binance {"code":-4130,"msg":"An open stop or take profit order with GTE and closePosition in the direction is existing."}
2026-07-30 23:22:58,109 [ERROR] [PROTECT GUARD] TIA/USDT:USDT SHORT 보호주문 재무장 실패 — 수동 확인 필요
2026-07-30 23:22:58,203 [WARNING] [PROTECT GUARD] RENDER/USDT:USDT LONG 보호주문 없음(무방비) → TP/SL 재무장 시도
2026-07-30 23:23:01,119 [ERROR] [PROTECT REARM] RENDER/USDT:USDT long TP/SL 보호주문 재설정 실패: binance {"code":-4130,"msg":"An open stop or take profit order with GTE and closePosition in the direction is existing."}
2026-07-30 23:23:01,119 [ERROR] [PROTECT GUARD] RENDER/USDT:USDT LONG 보호주문 재무장 실패 — 수동 확인 필요
2026-07-30 23:23:16,307 [INFO] [SCAN] 화이트리스트 한정: ['BTC/USDT:USDT', 'ETH/USDT:USDT', 'SOL/USDT:USDT', 'XRP/USDT:USDT', 'DOGE/USDT:USDT', 'ADA/USDT:USDT', 'AVAX/USDT:USDT', 'LINK/USDT:USDT', 'SUI/USDT:USDT', 'NEAR/USDT:USDT', 'BCH/USDT:USDT', 'LTC/USDT:USDT', 'APT/USDT:USDT', 'OP/USDT:USDT', 'ARB/USDT:USDT', 'WIF/USDT:USDT', 'FTM/USDT:USDT', 'DOT/USDT:USDT', 'UNI/USDT:USDT', 'RENDER/USDT:USDT', 'PEPE/USDT:USDT', 'SHIB/USDT:USDT', 'ETC/USDT:USDT', 'ATOM/USDT:USDT', 'TIA/USDT:USDT', 'FIL/USDT:USDT', 'AAVE/USDT:USDT', 'INJ/USDT:USDT', 'FET/USDT:USDT', 'JUP/USDT:USDT'] → 28개 스캔
2026-07-30 23:23:16,308 [INFO] [SCAN] 스캔 시작: 28개 페어 (캐시 27개 보유)
2026-07-30 23:23:18,811 [INFO] [상태] 잔고:$10.31 | 포지션:2개 | 스캔:37회 | 스캐너:ON
2026-07-30 23:23:29,182 [INFO] [SCAN] 완료: 27개 종목 · 신호 0개 · API 호출 27회 · 캐시 히트 0회
2026-07-30 23:23:44,370 [INFO] [SCAN] 화이트리스트 한정: ['BTC/USDT:USDT', 'ETH/USDT:USDT', 'SOL/USDT:USDT', 'XRP/USDT:USDT', 'DOGE/USDT:USDT', 'ADA/USDT:USDT', 'AVAX/USDT:USDT', 'LINK/USDT:USDT', 'SUI/USDT:USDT', 'NEAR/USDT:USDT', 'BCH/USDT:USDT', 'LTC/USDT:USDT', 'APT/USDT:USDT', 'OP/USDT:USDT', 'ARB/USDT:USDT', 'WIF/USDT:USDT', 'FTM/USDT:USDT', 'DOT/USDT:USDT', 'UNI/USDT:USDT', 'RENDER/USDT:USDT', 'PEPE/USDT:USDT', 'SHIB/USDT:USDT', 'ETC/USDT:USDT', 'ATOM/USDT:USDT', 'TIA/USDT:USDT', 'FIL/USDT:USDT', 'AAVE/USDT:USDT', 'INJ/USDT:USDT', 'FET/USDT:USDT', 'JUP/USDT:USDT'] → 28개 스캔
2026-07-30 23:23:44,371 [INFO] [SCAN] 스캔 시작: 28개 페어 (캐시 27개 보유)
2026-07-30 23:23:57,305 [INFO] [SCAN] 완료: 27개 종목 · 신호 0개 · API 호출 27회 · 캐시 히트 0회
2026-07-30 23:23:57,495 [WARNING] [PROTECT GUARD] TIA/USDT:USDT SHORT 보호주문 없음(무방비) → TP/SL 재무장 시도
2026-07-30 23:24:00,416 [ERROR] [PROTECT REARM] TIA/USDT:USDT short TP/SL 보호주문 재설정 실패: binance {"code":-4130,"msg":"An open stop or take profit order with GTE and closePosition in the direction is existing."}
2026-07-30 23:24:00,416 [ERROR] [PROTECT GUARD] TIA/USDT:USDT SHORT 보호주문 재무장 실패 — 수동 확인 필요
2026-07-30 23:24:00,510 [WARNING] [PROTECT GUARD] RENDER/USDT:USDT LONG 보호주문 없음(무방비) → TP/SL 재무장 시도
2026-07-30 23:24:03,429 [ERROR] [PROTECT REARM] RENDER/USDT:USDT long TP/SL 보호주문 재설정 실패: binance {"code":-4130,"msg":"An open stop or take profit order with GTE and closePosition in the direction is existing."}
2026-07-30 23:24:03,430 [ERROR] [PROTECT GUARD] RENDER/USDT:USDT LONG 보호주문 재무장 실패 — 수동 확인 필요
2026-07-30 23:24:18,628 [INFO] [SCAN] 화이트리스트 한정: ['BTC/USDT:USDT', 'ETH/USDT:USDT', 'SOL/USDT:USDT', 'XRP/USDT:USDT', 'DOGE/USDT:USDT', 'ADA/USDT:USDT', 'AVAX/USDT:USDT', 'LINK/USDT:USDT', 'SUI/USDT:USDT', 'NEAR/USDT:USDT', 'BCH/USDT:USDT', 'LTC/USDT:USDT', 'APT/USDT:USDT', 'OP/USDT:USDT', 'ARB/USDT:USDT', 'WIF/USDT:USDT', 'FTM/USDT:USDT', 'DOT/USDT:USDT', 'UNI/USDT:USDT', 'RENDER/USDT:USDT', 'PEPE/USDT:USDT', 'SHIB/USDT:USDT', 'ETC/USDT:USDT', 'ATOM/USDT:USDT', 'TIA/USDT:USDT', 'FIL/USDT:USDT', 'AAVE/USDT:USDT', 'INJ/USDT:USDT', 'FET/USDT:USDT', 'JUP/USDT:USDT'] → 28개 스캔
2026-07-30 23:24:18,628 [INFO] [SCAN] 스캔 시작: 28개 페어 (캐시 27개 보유)
2026-07-30 23:24:21,146 [INFO] [상태] 잔고:$10.31 | 포지션:2개 | 스캔:39회 | 스캐너:ON
2026-07-30 23:24:31,491 [INFO] [SCAN] 완료: 27개 종목 · 신호 0개 · API 호출 27회 · 캐시 히트 0회
2026-07-30 23:24:46,695 [INFO] [SCAN] 화이트리스트 한정: ['BTC/USDT:USDT', 'ETH/USDT:USDT', 'SOL/USDT:USDT', 'XRP/USDT:USDT', 'DOGE/USDT:USDT', 'ADA/USDT:USDT', 'AVAX/USDT:USDT', 'LINK/USDT:USDT', 'SUI/USDT:USDT', 'NEAR/USDT:USDT', 'BCH/USDT:USDT', 'LTC/USDT:USDT', 'APT/USDT:USDT', 'OP/USDT:USDT', 'ARB/USDT:USDT', 'WIF/USDT:USDT', 'FTM/USDT:USDT', 'DOT/USDT:USDT', 'UNI/USDT:USDT', 'RENDER/USDT:USDT', 'PEPE/USDT:USDT', 'SHIB/USDT:USDT', 'ETC/USDT:USDT', 'ATOM/USDT:USDT', 'TIA/USDT:USDT', 'FIL/USDT:USDT', 'AAVE/USDT:USDT', 'INJ/USDT:USDT', 'FET/USDT:USDT', 'JUP/USDT:USDT'] → 28개 스캔
2026-07-30 23:24:46,695 [INFO] [SCAN] 스캔 시작: 28개 페어 (캐시 27개 보유)
2026-07-30 23:24:59,606 [INFO] [SCAN] 완료: 27개 종목 · 신호 0개 · API 호출 27회 · 캐시 히트 0회
2026-07-30 23:24:59,803 [WARNING] [PROTECT GUARD] TIA/USDT:USDT SHORT 보호주문 없음(무방비) → TP/SL 재무장 시도
2026-07-30 23:25:02,780 [ERROR] [PROTECT REARM] TIA/USDT:USDT short TP/SL 보호주문 재설정 실패: binance {"code":-4130,"msg":"An open stop or take profit order with GTE and closePosition in the direction is existing."}
2026-07-30 23:25:02,781 [ERROR] [PROTECT GUARD] TIA/USDT:USDT SHORT 보호주문 재무장 실패 — 수동 확인 필요
2026-07-30 23:25:02,941 [WARNING] [PROTECT GUARD] RENDER/USDT:USDT LONG 보호주문 없음(무방비) → TP/SL 재무장 시도
2026-07-30 23:25:05,846 [ERROR] [PROTECT REARM] RENDER/USDT:USDT long TP/SL 보호주문 재설정 실패: binance {"code":-4130,"msg":"An open stop or take profit order with GTE and closePosition in the direction is existing."}
2026-07-30 23:25:05,847 [ERROR] [PROTECT GUARD] RENDER/USDT:USDT LONG 보호주문 재무장 실패 — 수동 확인 필요
2026-07-30 23:25:21,047 [INFO] [SCAN] 화이트리스트 한정: ['BTC/USDT:USDT', 'ETH/USDT:USDT', 'SOL/USDT:USDT', 'XRP/USDT:USDT', 'DOGE/USDT:USDT', 'ADA/USDT:USDT', 'AVAX/USDT:USDT', 'LINK/USDT:USDT', 'SUI/USDT:USDT', 'NEAR/USDT:USDT', 'BCH/USDT:USDT', 'LTC/USDT:USDT', 'APT/USDT:USDT', 'OP/USDT:USDT', 'ARB/USDT:USDT', 'WIF/USDT:USDT', 'FTM/USDT:USDT', 'DOT/USDT:USDT', 'UNI/USDT:USDT', 'RENDER/USDT:USDT', 'PEPE/USDT:USDT', 'SHIB/USDT:USDT', 'ETC/USDT:USDT', 'ATOM/USDT:USDT', 'TIA/USDT:USDT', 'FIL/USDT:USDT', 'AAVE/USDT:USDT', 'INJ/USDT:USDT', 'FET/USDT:USDT', 'JUP/USDT:USDT'] → 28개 스캔
2026-07-30 23:25:21,048 [INFO] [SCAN] 스캔 시작: 28개 페어 (캐시 27개 보유)
2026-07-30 23:25:23,646 [INFO] [상태] 잔고:$10.32 | 포지션:2개 | 스캔:41회 | 스캐너:ON
2026-07-30 23:25:33,971 [INFO] [SCAN] 완료: 27개 종목 · 신호 0개 · API 호출 27회 · 캐시 히트 0회
2026-07-30 23:25:49,166 [INFO] [SCAN] 화이트리스트 한정: ['BTC/USDT:USDT', 'ETH/USDT:USDT', 'SOL/USDT:USDT', 'XRP/USDT:USDT', 'DOGE/USDT:USDT', 'ADA/USDT:USDT', 'AVAX/USDT:USDT', 'LINK/USDT:USDT', 'SUI/USDT:USDT', 'NEAR/USDT:USDT', 'BCH/USDT:USDT', 'LTC/USDT:USDT', 'APT/USDT:USDT', 'OP/USDT:USDT', 'ARB/USDT:USDT', 'WIF/USDT:USDT', 'FTM/USDT:USDT', 'DOT/USDT:USDT', 'UNI/USDT:USDT', 'RENDER/USDT:USDT', 'PEPE/USDT:USDT', 'SHIB/USDT:USDT', 'ETC/USDT:USDT', 'ATOM/USDT:USDT', 'TIA/USDT:USDT', 'FIL/USDT:USDT', 'AAVE/USDT:USDT', 'INJ/USDT:USDT', 'FET/USDT:USDT', 'JUP/USDT:USDT'] → 28개 스캔
2026-07-30 23:25:49,167 [INFO] [SCAN] 스캔 시작: 28개 페어 (캐시 27개 보유)
2026-07-30 23:26:02,086 [INFO] [SCAN] 완료: 27개 종목 · 신호 0개 · API 호출 27회 · 캐시 히트 0회
2026-07-30 23:26:02,277 [WARNING] [PROTECT GUARD] TIA/USDT:USDT SHORT 보호주문 없음(무방비) → TP/SL 재무장 시도
2026-07-30 23:26:05,185 [ERROR] [PROTECT REARM] TIA/USDT:USDT short TP/SL 보호주문 재설정 실패: binance {"code":-4130,"msg":"An open stop or take profit order with GTE and closePosition in the direction is existing."}
2026-07-30 23:26:05,186 [ERROR] [PROTECT GUARD] TIA/USDT:USDT SHORT 보호주문 재무장 실패 — 수동 확인 필요
2026-07-30 23:26:05,284 [WARNING] [PROTECT GUARD] RENDER/USDT:USDT LONG 보호주문 없음(무방비) → TP/SL 재무장 시도
2026-07-30 23:26:08,201 [ERROR] [PROTECT REARM] RENDER/USDT:USDT long TP/SL 보호주문 재설정 실패: binance {"code":-4130,"msg":"An open stop or take profit order with GTE and closePosition in the direction is existing."}
2026-07-30 23:26:08,201 [ERROR] [PROTECT GUARD] RENDER/USDT:USDT LONG 보호주문 재무장 실패 — 수동 확인 필요
2026-07-30 23:26:23,415 [INFO] [SCAN] 화이트리스트 한정: ['BTC/USDT:USDT', 'ETH/USDT:USDT', 'SOL/USDT:USDT', 'XRP/USDT:USDT', 'DOGE/USDT:USDT', 'ADA/USDT:USDT', 'AVAX/USDT:USDT', 'LINK/USDT:USDT', 'SUI/USDT:USDT', 'NEAR/USDT:USDT', 'BCH/USDT:USDT', 'LTC/USDT:USDT', 'APT/USDT:USDT', 'OP/USDT:USDT', 'ARB/USDT:USDT', 'WIF/USDT:USDT', 'FTM/USDT:USDT', 'DOT/USDT:USDT', 'UNI/USDT:USDT', 'RENDER/USDT:USDT', 'PEPE/USDT:USDT', 'SHIB/USDT:USDT', 'ETC/USDT:USDT', 'ATOM/USDT:USDT', 'TIA/USDT:USDT', 'FIL/USDT:USDT', 'AAVE/USDT:USDT', 'INJ/USDT:USDT', 'FET/USDT:USDT', 'JUP/USDT:USDT'] → 28개 스캔
2026-07-30 23:26:23,415 [INFO] [SCAN] 스캔 시작: 28개 페어 (캐시 27개 보유)
2026-07-30 23:26:25,977 [INFO] [상태] 잔고:$10.30 | 포지션:2개 | 스캔:43회 | 스캐너:ON
2026-07-30 23:26:36,738 [INFO] [SCAN] 완료: 27개 종목 · 신호 0개 · API 호출 27회 · 캐시 히트 0회
2026-07-30 23:26:51,924 [INFO] [SCAN] 화이트리스트 한정: ['BTC/USDT:USDT', 'ETH/USDT:USDT', 'SOL/USDT:USDT', 'XRP/USDT:USDT', 'DOGE/USDT:USDT', 'ADA/USDT:USDT', 'AVAX/USDT:USDT', 'LINK/USDT:USDT', 'SUI/USDT:USDT', 'NEAR/USDT:USDT', 'BCH/USDT:USDT', 'LTC/USDT:USDT', 'APT/USDT:USDT', 'OP/USDT:USDT', 'ARB/USDT:USDT', 'WIF/USDT:USDT', 'FTM/USDT:USDT', 'DOT/USDT:USDT', 'UNI/USDT:USDT', 'RENDER/USDT:USDT', 'PEPE/USDT:USDT', 'SHIB/USDT:USDT', 'ETC/USDT:USDT', 'ATOM/USDT:USDT', 'TIA/USDT:USDT', 'FIL/USDT:USDT', 'AAVE/USDT:USDT', 'INJ/USDT:USDT', 'FET/USDT:USDT', 'JUP/USDT:USDT'] → 28개 스캔
2026-07-30 23:26:51,924 [INFO] [SCAN] 스캔 시작: 28개 페어 (캐시 27개 보유)
2026-07-30 23:27:04,844 [INFO] [SCAN] 완료: 27개 종목 · 신호 0개 · API 호출 27회 · 캐시 히트 0회
2026-07-30 23:27:05,029 [WARNING] [PROTECT GUARD] TIA/USDT:USDT SHORT 보호주문 없음(무방비) → TP/SL 재무장 시도
2026-07-30 23:27:07,936 [ERROR] [PROTECT REARM] TIA/USDT:USDT short TP/SL 보호주문 재설정 실패: binance {"code":-4130,"msg":"An open stop or take profit order with GTE and closePosition in the direction is existing."}
2026-07-30 23:27:07,936 [ERROR] [PROTECT GUARD] TIA/USDT:USDT SHORT 보호주문 재무장 실패 — 수동 확인 필요
2026-07-30 23:27:08,031 [WARNING] [PROTECT GUARD] RENDER/USDT:USDT LONG 보호주문 없음(무방비) → TP/SL 재무장 시도
2026-07-30 23:27:10,941 [ERROR] [PROTECT REARM] RENDER/USDT:USDT long TP/SL 보호주문 재설정 실패: binance {"code":-4130,"msg":"An open stop or take profit order with GTE and closePosition in the direction is existing."}
2026-07-30 23:27:10,942 [ERROR] [PROTECT GUARD] RENDER/USDT:USDT LONG 보호주문 재무장 실패 — 수동 확인 필요
2026-07-30 23:27:26,152 [INFO] [SCAN] 화이트리스트 한정: ['BTC/USDT:USDT', 'ETH/USDT:USDT', 'SOL/USDT:USDT', 'XRP/USDT:USDT', 'DOGE/USDT:USDT', 'ADA/USDT:USDT', 'AVAX/USDT:USDT', 'LINK/USDT:USDT', 'SUI/USDT:USDT', 'NEAR/USDT:USDT', 'BCH/USDT:USDT', 'LTC/USDT:USDT', 'APT/USDT:USDT', 'OP/USDT:USDT', 'ARB/USDT:USDT', 'WIF/USDT:USDT', 'FTM/USDT:USDT', 'DOT/USDT:USDT', 'UNI/USDT:USDT', 'RENDER/USDT:USDT', 'PEPE/USDT:USDT', 'SHIB/USDT:USDT', 'ETC/USDT:USDT', 'ATOM/USDT:USDT', 'TIA/USDT:USDT', 'FIL/USDT:USDT', 'AAVE/USDT:USDT', 'INJ/USDT:USDT', 'FET/USDT:USDT', 'JUP/USDT:USDT'] → 28개 스캔
2026-07-30 23:27:26,152 [INFO] [SCAN] 스캔 시작: 28개 페어 (캐시 27개 보유)
2026-07-30 23:27:28,607 [INFO] [상태] 잔고:$10.30 | 포지션:2개 | 스캔:45회 | 스캐너:ON
2026-07-30 23:27:39,055 [INFO] [SCAN] 완료: 27개 종목 · 신호 0개 · API 호출 27회 · 캐시 히트 0회
2026-07-30 23:27:54,299 [INFO] [SCAN] 화이트리스트 한정: ['BTC/USDT:USDT', 'ETH/USDT:USDT', 'SOL/USDT:USDT', 'XRP/USDT:USDT', 'DOGE/USDT:USDT', 'ADA/USDT:USDT', 'AVAX/USDT:USDT', 'LINK/USDT:USDT', 'SUI/USDT:USDT', 'NEAR/USDT:USDT', 'BCH/USDT:USDT', 'LTC/USDT:USDT', 'APT/USDT:USDT', 'OP/USDT:USDT', 'ARB/USDT:USDT', 'WIF/USDT:USDT', 'FTM/USDT:USDT', 'DOT/USDT:USDT', 'UNI/USDT:USDT', 'RENDER/USDT:USDT', 'PEPE/USDT:USDT', 'SHIB/USDT:USDT', 'ETC/USDT:USDT', 'ATOM/USDT:USDT', 'TIA/USDT:USDT', 'FIL/USDT:USDT', 'AAVE/USDT:USDT', 'INJ/USDT:USDT', 'FET/USDT:USDT', 'JUP/USDT:USDT'] → 28개 스캔
2026-07-30 23:27:54,299 [INFO] [SCAN] 스캔 시작: 28개 페어 (캐시 27개 보유)
2026-07-30 23:28:07,209 [INFO] [SCAN] 완료: 27개 종목 · 신호 0개 · API 호출 27회 · 캐시 히트 0회
2026-07-30 23:28:07,397 [WARNING] [PROTECT GUARD] TIA/USDT:USDT SHORT 보호주문 없음(무방비) → TP/SL 재무장 시도
2026-07-30 23:28:10,304 [ERROR] [PROTECT REARM] TIA/USDT:USDT short TP/SL 보호주문 재설정 실패: binance {"code":-4130,"msg":"An open stop or take profit order with GTE and closePosition in the direction is existing."}
2026-07-30 23:28:10,305 [ERROR] [PROTECT GUARD] TIA/USDT:USDT SHORT 보호주문 재무장 실패 — 수동 확인 필요
2026-07-30 23:28:10,399 [WARNING] [PROTECT GUARD] RENDER/USDT:USDT LONG 보호주문 없음(무방비) → TP/SL 재무장 시도
2026-07-30 23:28:13,328 [ERROR] [PROTECT REARM] RENDER/USDT:USDT long TP/SL 보호주문 재설정 실패: binance {"code":-4130,"msg":"An open stop or take profit order with GTE and closePosition in the direction is existing."}
2026-07-30 23:28:13,329 [ERROR] [PROTECT GUARD] RENDER/USDT:USDT LONG 보호주문 재무장 실패 — 수동 확인 필요
2026-07-30 23:28:28,507 [INFO] [SCAN] 화이트리스트 한정: ['BTC/USDT:USDT', 'ETH/USDT:USDT', 'SOL/USDT:USDT', 'XRP/USDT:USDT', 'DOGE/USDT:USDT', 'ADA/USDT:USDT', 'AVAX/USDT:USDT', 'LINK/USDT:USDT', 'SUI/USDT:USDT', 'NEAR/USDT:USDT', 'BCH/USDT:USDT', 'LTC/USDT:USDT', 'APT/USDT:USDT', 'OP/USDT:USDT', 'ARB/USDT:USDT', 'WIF/USDT:USDT', 'FTM/USDT:USDT', 'DOT/USDT:USDT', 'UNI/USDT:USDT', 'RENDER/USDT:USDT', 'PEPE/USDT:USDT', 'SHIB/USDT:USDT', 'ETC/USDT:USDT', 'ATOM/USDT:USDT', 'TIA/USDT:USDT', 'FIL/USDT:USDT', 'AAVE/USDT:USDT', 'INJ/USDT:USDT', 'FET/USDT:USDT', 'JUP/USDT:USDT'] → 28개 스캔
2026-07-30 23:28:28,507 [INFO] [SCAN] 스캔 시작: 28개 페어 (캐시 27개 보유)
2026-07-30 23:28:31,097 [INFO] [상태] 잔고:$10.33 | 포지션:2개 | 스캔:47회 | 스캐너:ON
2026-07-30 23:28:41,409 [INFO] [SCAN] 완료: 27개 종목 · 신호 0개 · API 호출 27회 · 캐시 히트 0회
2026-07-30 23:28:56,593 [INFO] [SCAN] 화이트리스트 한정: ['BTC/USDT:USDT', 'ETH/USDT:USDT', 'SOL/USDT:USDT', 'XRP/USDT:USDT', 'DOGE/USDT:USDT', 'ADA/USDT:USDT', 'AVAX/USDT:USDT', 'LINK/USDT:USDT', 'SUI/USDT:USDT', 'NEAR/USDT:USDT', 'BCH/USDT:USDT', 'LTC/USDT:USDT', 'APT/USDT:USDT', 'OP/USDT:USDT', 'ARB/USDT:USDT', 'WIF/USDT:USDT', 'FTM/USDT:USDT', 'DOT/USDT:USDT', 'UNI/USDT:USDT', 'RENDER/USDT:USDT', 'PEPE/USDT:USDT', 'SHIB/USDT:USDT', 'ETC/USDT:USDT', 'ATOM/USDT:USDT', 'TIA/USDT:USDT', 'FIL/USDT:USDT', 'AAVE/USDT:USDT', 'INJ/USDT:USDT', 'FET/USDT:USDT', 'JUP/USDT:USDT'] → 28개 스캔
2026-07-30 23:28:56,593 [INFO] [SCAN] 스캔 시작: 28개 페어 (캐시 27개 보유)
2026-07-30 23:29:09,499 [INFO] [SCAN] 완료: 27개 종목 · 신호 0개 · API 호출 27회 · 캐시 히트 0회
2026-07-30 23:29:09,689 [WARNING] [PROTECT GUARD] TIA/USDT:USDT SHORT 보호주문 없음(무방비) → TP/SL 재무장 시도
2026-07-30 23:29:12,595 [ERROR] [PROTECT REARM] TIA/USDT:USDT short TP/SL 보호주문 재설정 실패: binance {"code":-4130,"msg":"An open stop or take profit order with GTE and closePosition in the direction is existing."}
2026-07-30 23:29:12,595 [ERROR] [PROTECT GUARD] TIA/USDT:USDT SHORT 보호주문 재무장 실패 — 수동 확인 필요
2026-07-30 23:29:12,688 [WARNING] [PROTECT GUARD] RENDER/USDT:USDT LONG 보호주문 없음(무방비) → TP/SL 재무장 시도
2026-07-30 23:29:15,598 [ERROR] [PROTECT REARM] RENDER/USDT:USDT long TP/SL 보호주문 재설정 실패: binance {"code":-4130,"msg":"An open stop or take profit order with GTE and closePosition in the direction is existing."}
2026-07-30 23:29:15,599 [ERROR] [PROTECT GUARD] RENDER/USDT:USDT LONG 보호주문 재무장 실패 — 수동 확인 필요
2026-07-30 23:29:30,769 [INFO] [SCAN] 화이트리스트 한정: ['BTC/USDT:USDT', 'ETH/USDT:USDT', 'SOL/USDT:USDT', 'XRP/USDT:USDT', 'DOGE/USDT:USDT', 'ADA/USDT:USDT', 'AVAX/USDT:USDT', 'LINK/USDT:USDT', 'SUI/USDT:USDT', 'NEAR/USDT:USDT', 'BCH/USDT:USDT', 'LTC/USDT:USDT', 'APT/USDT:USDT', 'OP/USDT:USDT', 'ARB/USDT:USDT', 'WIF/USDT:USDT', 'FTM/USDT:USDT', 'DOT/USDT:USDT', 'UNI/USDT:USDT', 'RENDER/USDT:USDT', 'PEPE/USDT:USDT', 'SHIB/USDT:USDT', 'ETC/USDT:USDT', 'ATOM/USDT:USDT', 'TIA/USDT:USDT', 'FIL/USDT:USDT', 'AAVE/USDT:USDT', 'INJ/USDT:USDT', 'FET/USDT:USDT', 'JUP/USDT:USDT'] → 28개 스캔
2026-07-30 23:29:30,769 [INFO] [SCAN] 스캔 시작: 28개 페어 (캐시 27개 보유)
2026-07-30 23:29:33,293 [INFO] [상태] 잔고:$10.29 | 포지션:2개 | 스캔:49회 | 스캐너:ON
2026-07-30 23:29:43,657 [INFO] [SCAN] 완료: 27개 종목 · 신호 0개 · API 호출 27회 · 캐시 히트 0회
2026-07-30 23:29:58,848 [INFO] [SCAN] 화이트리스트 한정: ['BTC/USDT:USDT', 'ETH/USDT:USDT', 'SOL/USDT:USDT', 'XRP/USDT:USDT', 'DOGE/USDT:USDT', 'ADA/USDT:USDT', 'AVAX/USDT:USDT', 'LINK/USDT:USDT', 'SUI/USDT:USDT', 'NEAR/USDT:USDT', 'BCH/USDT:USDT', 'LTC/USDT:USDT', 'APT/USDT:USDT', 'OP/USDT:USDT', 'ARB/USDT:USDT', 'WIF/USDT:USDT', 'FTM/USDT:USDT', 'DOT/USDT:USDT', 'UNI/USDT:USDT', 'RENDER/USDT:USDT', 'PEPE/USDT:USDT', 'SHIB/USDT:USDT', 'ETC/USDT:USDT', 'ATOM/USDT:USDT', 'TIA/USDT:USDT', 'FIL/USDT:USDT', 'AAVE/USDT:USDT', 'INJ/USDT:USDT', 'FET/USDT:USDT', 'JUP/USDT:USDT'] → 28개 스캔
2026-07-30 23:29:58,848 [INFO] [SCAN] 스캔 시작: 28개 페어 (캐시 27개 보유)
2026-07-30 23:30:12,052 [INFO] [SCAN] 완료: 27개 종목 · 신호 0개 · API 호출 27회 · 캐시 히트 0회
2026-07-30 23:30:12,247 [WARNING] [PROTECT GUARD] TIA/USDT:USDT SHORT 보호주문 없음(무방비) → TP/SL 재무장 시도
2026-07-30 23:30:15,157 [ERROR] [PROTECT REARM] TIA/USDT:USDT short TP/SL 보호주문 재설정 실패: binance {"code":-4130,"msg":"An open stop or take profit order with GTE and closePosition in the direction is existing."}
2026-07-30 23:30:15,157 [ERROR] [PROTECT GUARD] TIA/USDT:USDT SHORT 보호주문 재무장 실패 — 수동 확인 필요
2026-07-30 23:30:15,252 [WARNING] [PROTECT GUARD] RENDER/USDT:USDT LONG 보호주문 없음(무방비) → TP/SL 재무장 시도
2026-07-30 23:30:18,156 [ERROR] [PROTECT REARM] RENDER/USDT:USDT long TP/SL 보호주문 재설정 실패: binance {"code":-4130,"msg":"An open stop or take profit order with GTE and closePosition in the direction is existing."}
2026-07-30 23:30:18,156 [ERROR] [PROTECT GUARD] RENDER/USDT:USDT LONG 보호주문 재무장 실패 — 수동 확인 필요
2026-07-30 23:30:33,353 [INFO] [SCAN] 화이트리스트 한정: ['BTC/USDT:USDT', 'ETH/USDT:USDT', 'SOL/USDT:USDT', 'XRP/USDT:USDT', 'DOGE/USDT:USDT', 'ADA/USDT:USDT', 'AVAX/USDT:USDT', 'LINK/USDT:USDT', 'SUI/USDT:USDT', 'NEAR/USDT:USDT', 'BCH/USDT:USDT', 'LTC/USDT:USDT', 'APT/USDT:USDT', 'OP/USDT:USDT', 'ARB/USDT:USDT', 'WIF/USDT:USDT', 'FTM/USDT:USDT', 'DOT/USDT:USDT', 'UNI/USDT:USDT', 'RENDER/USDT:USDT', 'PEPE/USDT:USDT', 'SHIB/USDT:USDT', 'ETC/USDT:USDT', 'ATOM/USDT:USDT', 'TIA/USDT:USDT', 'FIL/USDT:USDT', 'AAVE/USDT:USDT', 'INJ/USDT:USDT', 'FET/USDT:USDT', 'JUP/USDT:USDT'] → 28개 스캔
2026-07-30 23:30:33,354 [INFO] [SCAN] 스캔 시작: 28개 페어 (캐시 27개 보유)
2026-07-30 23:30:35,859 [INFO] [상태] 잔고:$10.29 | 포지션:2개 | 스캔:51회 | 스캐너:ON
2026-07-30 23:30:37,440 [INFO] [SIG] AVAX/USDT:USDT LONG 신호 포착 (강도 90%)
2026-07-30 23:30:37,441 [INFO] [SIGNAL] AVAX/USDT:USDT LONG 신호 수신 (strength=90)
2026-07-30 23:30:37,536 [WARNING] [RISK BLOCK] AVAX/USDT:USDT — 가용 증거금 부족: 1.26 < 2.00 (복리 계산 기준)
2026-07-30 23:30:46,356 [INFO] [SCAN] 완료: 27개 종목 · 신호 1개 · API 호출 27회 · 캐시 히트 0회
2026-07-30 23:31:01,547 [INFO] [SCAN] 화이트리스트 한정: ['BTC/USDT:USDT', 'ETH/USDT:USDT', 'SOL/USDT:USDT', 'XRP/USDT:USDT', 'DOGE/USDT:USDT', 'ADA/USDT:USDT', 'AVAX/USDT:USDT', 'LINK/USDT:USDT', 'SUI/USDT:USDT', 'NEAR/USDT:USDT', 'BCH/USDT:USDT', 'LTC/USDT:USDT', 'APT/USDT:USDT', 'OP/USDT:USDT', 'ARB/USDT:USDT', 'WIF/USDT:USDT', 'FTM/USDT:USDT', 'DOT/USDT:USDT', 'UNI/USDT:USDT', 'RENDER/USDT:USDT', 'PEPE/USDT:USDT', 'SHIB/USDT:USDT', 'ETC/USDT:USDT', 'ATOM/USDT:USDT', 'TIA/USDT:USDT', 'FIL/USDT:USDT', 'AAVE/USDT:USDT', 'INJ/USDT:USDT', 'FET/USDT:USDT', 'JUP/USDT:USDT'] → 28개 스캔
2026-07-30 23:31:01,547 [INFO] [SCAN] 스캔 시작: 28개 페어 (캐시 27개 보유)
2026-07-30 23:31:05,622 [INFO] [SIG] AVAX/USDT:USDT LONG 신호 포착 (강도 90%)
2026-07-30 23:31:05,622 [INFO] [SIGNAL] AVAX/USDT:USDT LONG 신호 수신 (strength=90)
2026-07-30 23:31:05,715 [WARNING] [RISK BLOCK] AVAX/USDT:USDT — 가용 증거금 부족: 1.26 < 2.00 (복리 계산 기준)
2026-07-30 23:31:14,533 [INFO] [SCAN] 완료: 27개 종목 · 신호 1개 · API 호출 27회 · 캐시 히트 0회
2026-07-30 23:31:14,725 [WARNING] [PROTECT GUARD] TIA/USDT:USDT SHORT 보호주문 없음(무방비) → TP/SL 재무장 시도
2026-07-30 23:31:17,629 [ERROR] [PROTECT REARM] TIA/USDT:USDT short TP/SL 보호주문 재설정 실패: binance {"code":-4130,"msg":"An open stop or take profit order with GTE and closePosition in the direction is existing."}
2026-07-30 23:31:17,629 [ERROR] [PROTECT GUARD] TIA/USDT:USDT SHORT 보호주문 재무장 실패 — 수동 확인 필요
2026-07-30 23:31:17,725 [WARNING] [PROTECT GUARD] RENDER/USDT:USDT LONG 보호주문 없음(무방비) → TP/SL 재무장 시도
2026-07-30 23:31:20,643 [ERROR] [PROTECT REARM] RENDER/USDT:USDT long TP/SL 보호주문 재설정 실패: binance {"code":-4130,"msg":"An open stop or take profit order with GTE and closePosition in the direction is existing."}
2026-07-30 23:31:20,644 [ERROR] [PROTECT GUARD] RENDER/USDT:USDT LONG 보호주문 재무장 실패 — 수동 확인 필요
2026-07-30 23:31:35,813 [INFO] [SCAN] 화이트리스트 한정: ['BTC/USDT:USDT', 'ETH/USDT:USDT', 'SOL/USDT:USDT', 'XRP/USDT:USDT', 'DOGE/USDT:USDT', 'ADA/USDT:USDT', 'AVAX/USDT:USDT', 'LINK/USDT:USDT', 'SUI/USDT:USDT', 'NEAR/USDT:USDT', 'BCH/USDT:USDT', 'LTC/USDT:USDT', 'APT/USDT:USDT', 'OP/USDT:USDT', 'ARB/USDT:USDT', 'WIF/USDT:USDT', 'FTM/USDT:USDT', 'DOT/USDT:USDT', 'UNI/USDT:USDT', 'RENDER/USDT:USDT', 'PEPE/USDT:USDT', 'SHIB/USDT:USDT', 'ETC/USDT:USDT', 'ATOM/USDT:USDT', 'TIA/USDT:USDT', 'FIL/USDT:USDT', 'AAVE/USDT:USDT', 'INJ/USDT:USDT', 'FET/USDT:USDT', 'JUP/USDT:USDT'] → 28개 스캔
2026-07-30 23:31:35,813 [INFO] [SCAN] 스캔 시작: 28개 페어 (캐시 27개 보유)
2026-07-30 23:31:38,312 [INFO] [상태] 잔고:$10.28 | 포지션:2개 | 스캔:53회 | 스캐너:ON
2026-07-30 23:31:39,893 [INFO] [SIG] AVAX/USDT:USDT LONG 신호 포착 (강도 90%)
2026-07-30 23:31:39,893 [INFO] [SIGNAL] AVAX/USDT:USDT LONG 신호 수신 (strength=90)
2026-07-30 23:31:39,988 [WARNING] [RISK BLOCK] AVAX/USDT:USDT — 가용 증거금 부족: 1.26 < 2.00 (복리 계산 기준)
2026-07-30 23:31:48,825 [INFO] [SCAN] 완료: 27개 종목 · 신호 1개 · API 호출 27회 · 캐시 히트 0회
2026-07-30 23:32:04,029 [INFO] [SCAN] 화이트리스트 한정: ['BTC/USDT:USDT', 'ETH/USDT:USDT', 'SOL/USDT:USDT', 'XRP/USDT:USDT', 'DOGE/USDT:USDT', 'ADA/USDT:USDT', 'AVAX/USDT:USDT', 'LINK/USDT:USDT', 'SUI/USDT:USDT', 'NEAR/USDT:USDT', 'BCH/USDT:USDT', 'LTC/USDT:USDT', 'APT/USDT:USDT', 'OP/USDT:USDT', 'ARB/USDT:USDT', 'WIF/USDT:USDT', 'FTM/USDT:USDT', 'DOT/USDT:USDT', 'UNI/USDT:USDT', 'RENDER/USDT:USDT', 'PEPE/USDT:USDT', 'SHIB/USDT:USDT', 'ETC/USDT:USDT', 'ATOM/USDT:USDT', 'TIA/USDT:USDT', 'FIL/USDT:USDT', 'AAVE/USDT:USDT', 'INJ/USDT:USDT', 'FET/USDT:USDT', 'JUP/USDT:USDT'] → 28개 스캔
2026-07-30 23:32:04,029 [INFO] [SCAN] 스캔 시작: 28개 페어 (캐시 27개 보유)
2026-07-30 23:32:08,107 [INFO] [SIG] AVAX/USDT:USDT LONG 신호 포착 (강도 90%)
2026-07-30 23:32:08,107 [INFO] [SIGNAL] AVAX/USDT:USDT LONG 신호 수신 (strength=90)
2026-07-30 23:32:08,207 [WARNING] [RISK BLOCK] AVAX/USDT:USDT — 가용 증거금 부족: 1.26 < 2.00 (복리 계산 기준)
2026-07-30 23:32:17,043 [INFO] [SCAN] 완료: 27개 종목 · 신호 1개 · API 호출 27회 · 캐시 히트 0회
2026-07-30 23:32:17,231 [WARNING] [PROTECT GUARD] TIA/USDT:USDT SHORT 보호주문 없음(무방비) → TP/SL 재무장 시도
2026-07-30 23:32:20,150 [ERROR] [PROTECT REARM] TIA/USDT:USDT short TP/SL 보호주문 재설정 실패: binance {"code":-4130,"msg":"An open stop or take profit order with GTE and closePosition in the direction is existing."}
2026-07-30 23:32:20,150 [ERROR] [PROTECT GUARD] TIA/USDT:USDT SHORT 보호주문 재무장 실패 — 수동 확인 필요
2026-07-30 23:32:20,243 [WARNING] [PROTECT GUARD] RENDER/USDT:USDT LONG 보호주문 없음(무방비) → TP/SL 재무장 시도
2026-07-30 23:32:23,148 [ERROR] [PROTECT REARM] RENDER/USDT:USDT long TP/SL 보호주문 재설정 실패: binance {"code":-4130,"msg":"An open stop or take profit order with GTE and closePosition in the direction is existing."}
2026-07-30 23:32:23,148 [ERROR] [PROTECT GUARD] RENDER/USDT:USDT LONG 보호주문 재무장 실패 — 수동 확인 필요
2026-07-30 23:32:38,340 [INFO] [SCAN] 화이트리스트 한정: ['BTC/USDT:USDT', 'ETH/USDT:USDT', 'SOL/USDT:USDT', 'XRP/USDT:USDT', 'DOGE/USDT:USDT', 'ADA/USDT:USDT', 'AVAX/USDT:USDT', 'LINK/USDT:USDT', 'SUI/USDT:USDT', 'NEAR/USDT:USDT', 'BCH/USDT:USDT', 'LTC/USDT:USDT', 'APT/USDT:USDT', 'OP/USDT:USDT', 'ARB/USDT:USDT', 'WIF/USDT:USDT', 'FTM/USDT:USDT', 'DOT/USDT:USDT', 'UNI/USDT:USDT', 'RENDER/USDT:USDT', 'PEPE/USDT:USDT', 'SHIB/USDT:USDT', 'ETC/USDT:USDT', 'ATOM/USDT:USDT', 'TIA/USDT:USDT', 'FIL/USDT:USDT', 'AAVE/USDT:USDT', 'INJ/USDT:USDT', 'FET/USDT:USDT', 'JUP/USDT:USDT'] → 28개 스캔
2026-07-30 23:32:38,340 [INFO] [SCAN] 스캔 시작: 28개 페어 (캐시 27개 보유)
2026-07-30 23:32:40,775 [INFO] [SHADOW MODE] RENDER/USDT:USDT Step 1 - ATR Callback: 0.63% vs Fixed: 1.00%
2026-07-30 23:32:40,775 [WARNING] 🔄 [DYNAMIC EXIT] RENDER/USDT:USDT 약세 감지(계단 상승)! (Step 0 -> 1) 사유: ADX하락(23.4), 거래량급감. 콜백: 1.0%
2026-07-30 23:32:40,783 [INFO] [PERSIST] 활성 포지션 상태 저장 완료
2026-07-30 23:32:40,784 [INFO] [PERSIST] 엔진 상태(트레일링 픽, 이전 포지션 심볼, recently_entered) 저장 완료
2026-07-30 23:32:40,954 [INFO] [상태] 잔고:$10.26 | 포지션:2개 | 스캔:55회 | 스캐너:ON
2026-07-30 23:32:42,451 [INFO] [SIG] AVAX/USDT:USDT LONG 신호 포착 (강도 90%)
2026-07-30 23:32:42,452 [INFO] [SIGNAL] AVAX/USDT:USDT LONG 신호 수신 (strength=90)
2026-07-30 23:32:42,545 [WARNING] [RISK BLOCK] AVAX/USDT:USDT — 가용 증거금 부족: 1.26 < 2.00 (복리 계산 기준)
2026-07-30 23:32:51,315 [INFO] [SCAN] 완료: 27개 종목 · 신호 1개 · API 호출 27회 · 캐시 히트 0회
2026-07-30 23:33:06,642 [INFO] [SCAN] 화이트리스트 한정: ['BTC/USDT:USDT', 'ETH/USDT:USDT', 'SOL/USDT:USDT', 'XRP/USDT:USDT', 'DOGE/USDT:USDT', 'ADA/USDT:USDT', 'AVAX/USDT:USDT', 'LINK/USDT:USDT', 'SUI/USDT:USDT', 'NEAR/USDT:USDT', 'BCH/USDT:USDT', 'LTC/USDT:USDT', 'APT/USDT:USDT', 'OP/USDT:USDT', 'ARB/USDT:USDT', 'WIF/USDT:USDT', 'FTM/USDT:USDT', 'DOT/USDT:USDT', 'UNI/USDT:USDT', 'RENDER/USDT:USDT', 'PEPE/USDT:USDT', 'SHIB/USDT:USDT', 'ETC/USDT:USDT', 'ATOM/USDT:USDT', 'TIA/USDT:USDT', 'FIL/USDT:USDT', 'AAVE/USDT:USDT', 'INJ/USDT:USDT', 'FET/USDT:USDT', 'JUP/USDT:USDT'] → 28개 스캔
2026-07-30 23:33:06,642 [INFO] [SCAN] 스캔 시작: 28개 페어 (캐시 27개 보유)
2026-07-30 23:33:10,731 [INFO] [SIG] AVAX/USDT:USDT LONG 신호 포착 (강도 90%)
2026-07-30 23:33:10,732 [INFO] [SIGNAL] AVAX/USDT:USDT LONG 신호 수신 (strength=90)
2026-07-30 23:33:10,828 [WARNING] [RISK BLOCK] AVAX/USDT:USDT — 가용 증거금 부족: 1.26 < 2.00 (복리 계산 기준)
2026-07-30 23:33:19,646 [INFO] [SCAN] 완료: 27개 종목 · 신호 1개 · API 호출 27회 · 캐시 히트 0회
2026-07-30 23:33:19,840 [WARNING] [PROTECT GUARD] TIA/USDT:USDT SHORT 보호주문 없음(무방비) → TP/SL 재무장 시도
2026-07-30 23:33:22,748 [ERROR] [PROTECT REARM] TIA/USDT:USDT short TP/SL 보호주문 재설정 실패: binance {"code":-4130,"msg":"An open stop or take profit order with GTE and closePosition in the direction is existing."}
2026-07-30 23:33:22,751 [ERROR] [PROTECT GUARD] TIA/USDT:USDT SHORT 보호주문 재무장 실패 — 수동 확인 필요
2026-07-30 23:33:22,845 [WARNING] [PROTECT GUARD] RENDER/USDT:USDT LONG 보호주문 없음(무방비) → TP/SL 재무장 시도
2026-07-30 23:33:25,749 [ERROR] [PROTECT REARM] RENDER/USDT:USDT long TP/SL 보호주문 재설정 실패: binance {"code":-4130,"msg":"An open stop or take profit order with GTE and closePosition in the direction is existing."}
2026-07-30 23:33:25,749 [ERROR] [PROTECT GUARD] RENDER/USDT:USDT LONG 보호주문 재무장 실패 — 수동 확인 필요
2026-07-30 23:33:40,972 [INFO] [SCAN] 화이트리스트 한정: ['BTC/USDT:USDT', 'ETH/USDT:USDT', 'SOL/USDT:USDT', 'XRP/USDT:USDT', 'DOGE/USDT:USDT', 'ADA/USDT:USDT', 'AVAX/USDT:USDT', 'LINK/USDT:USDT', 'SUI/USDT:USDT', 'NEAR/USDT:USDT', 'BCH/USDT:USDT', 'LTC/USDT:USDT', 'APT/USDT:USDT', 'OP/USDT:USDT', 'ARB/USDT:USDT', 'WIF/USDT:USDT', 'FTM/USDT:USDT', 'DOT/USDT:USDT', 'UNI/USDT:USDT', 'RENDER/USDT:USDT', 'PEPE/USDT:USDT', 'SHIB/USDT:USDT', 'ETC/USDT:USDT', 'ATOM/USDT:USDT', 'TIA/USDT:USDT', 'FIL/USDT:USDT', 'AAVE/USDT:USDT', 'INJ/USDT:USDT', 'FET/USDT:USDT', 'JUP/USDT:USDT'] → 28개 스캔
2026-07-30 23:33:40,973 [INFO] [SCAN] 스캔 시작: 28개 페어 (캐시 27개 보유)
2026-07-30 23:33:43,369 [INFO] [SHADOW MODE] RENDER/USDT:USDT Step 2 - ATR Callback: 0.42% vs Fixed: 0.70%
2026-07-30 23:33:43,369 [WARNING] 🔄 [DYNAMIC EXIT] RENDER/USDT:USDT 약세 감지(계단 상승)! (Step 1 -> 2) 사유: ADX하락(23.4), 거래량급감. 콜백: 0.7%
2026-07-30 23:33:43,375 [INFO] [PERSIST] 활성 포지션 상태 저장 완료
2026-07-30 23:33:43,376 [INFO] [PERSIST] 엔진 상태(트레일링 픽, 이전 포지션 심볼, recently_entered) 저장 완료
2026-07-30 23:33:43,570 [INFO] [상태] 잔고:$10.23 | 포지션:2개 | 스캔:57회 | 스캐너:ON
2026-07-30 23:33:45,054 [INFO] [SIG] AVAX/USDT:USDT LONG 신호 포착 (강도 90%)
2026-07-30 23:33:45,054 [INFO] [SIGNAL] AVAX/USDT:USDT LONG 신호 수신 (strength=90)
2026-07-30 23:33:45,152 [WARNING] [RISK BLOCK] AVAX/USDT:USDT — 가용 증거금 부족: 1.26 < 2.00 (복리 계산 기준)
2026-07-30 23:33:53,969 [INFO] [SCAN] 완료: 27개 종목 · 신호 1개 · API 호출 27회 · 캐시 히트 0회
2026-07-30 23:34:09,167 [INFO] [SCAN] 화이트리스트 한정: ['BTC/USDT:USDT', 'ETH/USDT:USDT', 'SOL/USDT:USDT', 'XRP/USDT:USDT', 'DOGE/USDT:USDT', 'ADA/USDT:USDT', 'AVAX/USDT:USDT', 'LINK/USDT:USDT', 'SUI/USDT:USDT', 'NEAR/USDT:USDT', 'BCH/USDT:USDT', 'LTC/USDT:USDT', 'APT/USDT:USDT', 'OP/USDT:USDT', 'ARB/USDT:USDT', 'WIF/USDT:USDT', 'FTM/USDT:USDT', 'DOT/USDT:USDT', 'UNI/USDT:USDT', 'RENDER/USDT:USDT', 'PEPE/USDT:USDT', 'SHIB/USDT:USDT', 'ETC/USDT:USDT', 'ATOM/USDT:USDT', 'TIA/USDT:USDT', 'FIL/USDT:USDT', 'AAVE/USDT:USDT', 'INJ/USDT:USDT', 'FET/USDT:USDT', 'JUP/USDT:USDT'] → 28개 스캔
2026-07-30 23:34:09,167 [INFO] [SCAN] 스캔 시작: 28개 페어 (캐시 27개 보유)
2026-07-30 23:34:13,332 [INFO] [SIG] AVAX/USDT:USDT LONG 신호 포착 (강도 90%)
2026-07-30 23:34:13,332 [INFO] [SIGNAL] AVAX/USDT:USDT LONG 신호 수신 (strength=90)
2026-07-30 23:34:13,427 [WARNING] [RISK BLOCK] AVAX/USDT:USDT — 가용 증거금 부족: 1.26 < 2.00 (복리 계산 기준)
2026-07-30 23:34:22,317 [INFO] [SCAN] 완료: 27개 종목 · 신호 1개 · API 호출 27회 · 캐시 히트 0회
2026-07-30 23:34:22,510 [WARNING] [PROTECT GUARD] TIA/USDT:USDT SHORT 보호주문 없음(무방비) → TP/SL 재무장 시도
2026-07-30 23:34:25,408 [ERROR] [PROTECT REARM] TIA/USDT:USDT short TP/SL 보호주문 재설정 실패: binance {"code":-4130,"msg":"An open stop or take profit order with GTE and closePosition in the direction is existing."}
2026-07-30 23:34:25,408 [ERROR] [PROTECT GUARD] TIA/USDT:USDT SHORT 보호주문 재무장 실패 — 수동 확인 필요
2026-07-30 23:34:25,505 [WARNING] [PROTECT GUARD] RENDER/USDT:USDT LONG 보호주문 없음(무방비) → TP/SL 재무장 시도
2026-07-30 23:34:28,470 [ERROR] [PROTECT REARM] RENDER/USDT:USDT long TP/SL 보호주문 재설정 실패: binance {"code":-4130,"msg":"An open stop or take profit order with GTE and closePosition in the direction is existing."}
2026-07-30 23:34:28,471 [ERROR] [PROTECT GUARD] RENDER/USDT:USDT LONG 보호주문 재무장 실패 — 수동 확인 필요
2026-07-30 23:34:43,669 [INFO] [SCAN] 화이트리스트 한정: ['BTC/USDT:USDT', 'ETH/USDT:USDT', 'SOL/USDT:USDT', 'XRP/USDT:USDT', 'DOGE/USDT:USDT', 'ADA/USDT:USDT', 'AVAX/USDT:USDT', 'LINK/USDT:USDT', 'SUI/USDT:USDT', 'NEAR/USDT:USDT', 'BCH/USDT:USDT', 'LTC/USDT:USDT', 'APT/USDT:USDT', 'OP/USDT:USDT', 'ARB/USDT:USDT', 'WIF/USDT:USDT', 'FTM/USDT:USDT', 'DOT/USDT:USDT', 'UNI/USDT:USDT', 'RENDER/USDT:USDT', 'PEPE/USDT:USDT', 'SHIB/USDT:USDT', 'ETC/USDT:USDT', 'ATOM/USDT:USDT', 'TIA/USDT:USDT', 'FIL/USDT:USDT', 'AAVE/USDT:USDT', 'INJ/USDT:USDT', 'FET/USDT:USDT', 'JUP/USDT:USDT'] → 28개 스캔
2026-07-30 23:34:43,669 [INFO] [SCAN] 스캔 시작: 28개 페어 (캐시 27개 보유)
2026-07-30 23:34:46,067 [INFO] [상태] 잔고:$10.21 | 포지션:2개 | 스캔:59회 | 스캐너:ON
2026-07-30 23:34:47,747 [INFO] [SIG] AVAX/USDT:USDT LONG 신호 포착 (강도 90%)
2026-07-30 23:34:47,747 [INFO] [SIGNAL] AVAX/USDT:USDT LONG 신호 수신 (strength=90)
2026-07-30 23:34:47,842 [WARNING] [RISK BLOCK] AVAX/USDT:USDT — 가용 증거금 부족: 1.26 < 2.00 (복리 계산 기준)
2026-07-30 23:34:56,603 [INFO] [SCAN] 완료: 27개 종목 · 신호 1개 · API 호출 27회 · 캐시 히트 0회
2026-07-30 23:35:11,769 [INFO] [SCAN] 화이트리스트 한정: ['BTC/USDT:USDT', 'ETH/USDT:USDT', 'SOL/USDT:USDT', 'XRP/USDT:USDT', 'DOGE/USDT:USDT', 'ADA/USDT:USDT', 'AVAX/USDT:USDT', 'LINK/USDT:USDT', 'SUI/USDT:USDT', 'NEAR/USDT:USDT', 'BCH/USDT:USDT', 'LTC/USDT:USDT', 'APT/USDT:USDT', 'OP/USDT:USDT', 'ARB/USDT:USDT', 'WIF/USDT:USDT', 'FTM/USDT:USDT', 'DOT/USDT:USDT', 'UNI/USDT:USDT', 'RENDER/USDT:USDT', 'PEPE/USDT:USDT', 'SHIB/USDT:USDT', 'ETC/USDT:USDT', 'ATOM/USDT:USDT', 'TIA/USDT:USDT', 'FIL/USDT:USDT', 'AAVE/USDT:USDT', 'INJ/USDT:USDT', 'FET/USDT:USDT', 'JUP/USDT:USDT'] → 28개 스캔
2026-07-30 23:35:11,769 [INFO] [SCAN] 스캔 시작: 28개 페어 (캐시 27개 보유)
2026-07-30 23:35:24,650 [INFO] [SCAN] 완료: 27개 종목 · 신호 0개 · API 호출 27회 · 캐시 히트 0회
2026-07-30 23:35:24,747 [INFO] [PERSIST] RENDER/USDT:USDT 포지션이 거래소에 존재하지 않음 (오프라인 청산 감지) → 상태 삭제
2026-07-30 23:35:24,749 [INFO] [PERSIST] 활성 포지션 상태 저장 완료
2026-07-30 23:35:24,847 [WARNING] [PROTECT GUARD] TIA/USDT:USDT SHORT 보호주문 없음(무방비) → TP/SL 재무장 시도
2026-07-30 23:35:27,763 [ERROR] [PROTECT REARM] TIA/USDT:USDT short TP/SL 보호주문 재설정 실패: binance {"code":-4130,"msg":"An open stop or take profit order with GTE and closePosition in the direction is existing."}
2026-07-30 23:35:27,763 [ERROR] [PROTECT GUARD] TIA/USDT:USDT SHORT 보호주문 재무장 실패 — 수동 확인 필요
2026-07-30 23:35:42,937 [INFO] [SCAN] 화이트리스트 한정: ['BTC/USDT:USDT', 'ETH/USDT:USDT', 'SOL/USDT:USDT', 'XRP/USDT:USDT', 'DOGE/USDT:USDT', 'ADA/USDT:USDT', 'AVAX/USDT:USDT', 'LINK/USDT:USDT', 'SUI/USDT:USDT', 'NEAR/USDT:USDT', 'BCH/USDT:USDT', 'LTC/USDT:USDT', 'APT/USDT:USDT', 'OP/USDT:USDT', 'ARB/USDT:USDT', 'WIF/USDT:USDT', 'FTM/USDT:USDT', 'DOT/USDT:USDT', 'UNI/USDT:USDT', 'RENDER/USDT:USDT', 'PEPE/USDT:USDT', 'SHIB/USDT:USDT', 'ETC/USDT:USDT', 'ATOM/USDT:USDT', 'TIA/USDT:USDT', 'FIL/USDT:USDT', 'AAVE/USDT:USDT', 'INJ/USDT:USDT', 'FET/USDT:USDT', 'JUP/USDT:USDT'] → 28개 스캔
2026-07-30 23:35:42,937 [INFO] [SCAN] 스캔 시작: 28개 페어 (캐시 27개 보유)
2026-07-30 23:35:46,136 [WARNING] [진입유실 방지 자동보정] SHORT RENDER/USDT:USDT exit=2026-07-26 02:38:46 미매칭수량=5.10000000 orderID=3998405391 tradeID=None
2026-07-30 23:35:46,341 [INFO] [ALGO CLOSE] RENDER/USDT:USDT 외부 청산 감지 → 잔여 알고 주문 취소 시도
2026-07-30 23:35:46,439 [INFO] [PERSIST] 활성 포지션 상태 저장 완료
2026-07-30 23:35:48,054 [INFO] [PERSIST] 엔진 상태(트레일링 픽, 이전 포지션 심볼, recently_entered) 저장 완료
2026-07-30 23:35:48,545 [INFO] [상태] 잔고:$10.21 | 포지션:1개 | 스캔:61회 | 스캐너:ON
2026-07-30 23:35:56,087 [INFO] [SCAN] 완료: 27개 종목 · 신호 0개 · API 호출 27회 · 캐시 히트 0회
2026-07-30 23:36:11,284 [INFO] [SCAN] 화이트리스트 한정: ['BTC/USDT:USDT', 'ETH/USDT:USDT', 'SOL/USDT:USDT', 'XRP/USDT:USDT', 'DOGE/USDT:USDT', 'ADA/USDT:USDT', 'AVAX/USDT:USDT', 'LINK/USDT:USDT', 'SUI/USDT:USDT', 'NEAR/USDT:USDT', 'BCH/USDT:USDT', 'LTC/USDT:USDT', 'APT/USDT:USDT', 'OP/USDT:USDT', 'ARB/USDT:USDT', 'WIF/USDT:USDT', 'FTM/USDT:USDT', 'DOT/USDT:USDT', 'UNI/USDT:USDT', 'RENDER/USDT:USDT', 'PEPE/USDT:USDT', 'SHIB/USDT:USDT', 'ETC/USDT:USDT', 'ATOM/USDT:USDT', 'TIA/USDT:USDT', 'FIL/USDT:USDT', 'AAVE/USDT:USDT', 'INJ/USDT:USDT', 'FET/USDT:USDT', 'JUP/USDT:USDT'] → 28개 스캔
2026-07-30 23:36:11,284 [INFO] [SCAN] 스캔 시작: 28개 페어 (캐시 27개 보유)
2026-07-30 23:36:18,605 [WARNING] [진입유실 방지 자동보정] SHORT RENDER/USDT:USDT exit=2026-07-26 02:38:46 미매칭수량=5.10000000 orderID=3998405391 tradeID=None
2026-07-30 23:36:24,199 [INFO] [SCAN] 완료: 27개 종목 · 신호 0개 · API 호출 27회 · 캐시 히트 0회
2026-07-30 23:36:39,401 [INFO] [SCAN] 화이트리스트 한정: ['BTC/USDT:USDT', 'ETH/USDT:USDT', 'SOL/USDT:USDT', 'XRP/USDT:USDT', 'DOGE/USDT:USDT', 'ADA/USDT:USDT', 'AVAX/USDT:USDT', 'LINK/USDT:USDT', 'SUI/USDT:USDT', 'NEAR/USDT:USDT', 'BCH/USDT:USDT', 'LTC/USDT:USDT', 'APT/USDT:USDT', 'OP/USDT:USDT', 'ARB/USDT:USDT', 'WIF/USDT:USDT', 'FTM/USDT:USDT', 'DOT/USDT:USDT', 'UNI/USDT:USDT', 'RENDER/USDT:USDT', 'PEPE/USDT:USDT', 'SHIB/USDT:USDT', 'ETC/USDT:USDT', 'ATOM/USDT:USDT', 'TIA/USDT:USDT', 'FIL/USDT:USDT', 'AAVE/USDT:USDT', 'INJ/USDT:USDT', 'FET/USDT:USDT', 'JUP/USDT:USDT'] → 28개 스캔
2026-07-30 23:36:39,401 [INFO] [SCAN] 스캔 시작: 28개 페어 (캐시 27개 보유)
2026-07-30 23:36:48,639 [WARNING] [진입유실 방지 자동보정] SHORT RENDER/USDT:USDT exit=2026-07-26 02:38:46 미매칭수량=5.10000000 orderID=3998405391 tradeID=None
2026-07-30 23:36:49,129 [INFO] [상태] 잔고:$10.20 | 포지션:1개 | 스캔:63회 | 스캐너:ON
2026-07-30 23:36:52,337 [INFO] [SCAN] 완료: 27개 종목 · 신호 0개 · API 호출 27회 · 캐시 히트 0회
2026-07-30 23:36:52,562 [WARNING] [PROTECT GUARD] TIA/USDT:USDT SHORT 보호주문 없음(무방비) → TP/SL 재무장 시도
2026-07-30 23:36:55,472 [ERROR] [PROTECT REARM] TIA/USDT:USDT short TP/SL 보호주문 재설정 실패: binance {"code":-4130,"msg":"An open stop or take profit order with GTE and closePosition in the direction is existing."}
2026-07-30 23:36:55,472 [ERROR] [PROTECT GUARD] TIA/USDT:USDT SHORT 보호주문 재무장 실패 — 수동 확인 필요
2026-07-30 23:37:10,670 [INFO] [SCAN] 화이트리스트 한정: ['BTC/USDT:USDT', 'ETH/USDT:USDT', 'SOL/USDT:USDT', 'XRP/USDT:USDT', 'DOGE/USDT:USDT', 'ADA/USDT:USDT', 'AVAX/USDT:USDT', 'LINK/USDT:USDT', 'SUI/USDT:USDT', 'NEAR/USDT:USDT', 'BCH/USDT:USDT', 'LTC/USDT:USDT', 'APT/USDT:USDT', 'OP/USDT:USDT', 'ARB/USDT:USDT', 'WIF/USDT:USDT', 'FTM/USDT:USDT', 'DOT/USDT:USDT', 'UNI/USDT:USDT', 'RENDER/USDT:USDT', 'PEPE/USDT:USDT', 'SHIB/USDT:USDT', 'ETC/USDT:USDT', 'ATOM/USDT:USDT', 'TIA/USDT:USDT', 'FIL/USDT:USDT', 'AAVE/USDT:USDT', 'INJ/USDT:USDT', 'FET/USDT:USDT', 'JUP/USDT:USDT'] → 28개 스캔
2026-07-30 23:37:10,670 [INFO] [SCAN] 스캔 시작: 28개 페어 (캐시 27개 보유)
2026-07-30 23:37:19,162 [WARNING] [진입유실 방지 자동보정] SHORT RENDER/USDT:USDT exit=2026-07-26 02:38:46 미매칭수량=5.10000000 orderID=3998405391 tradeID=None
2026-07-30 23:37:23,554 [INFO] [SCAN] 완료: 27개 종목 · 신호 0개 · API 호출 27회 · 캐시 히트 0회
2026-07-30 23:37:38,757 [INFO] [SCAN] 화이트리스트 한정: ['BTC/USDT:USDT', 'ETH/USDT:USDT', 'SOL/USDT:USDT', 'XRP/USDT:USDT', 'DOGE/USDT:USDT', 'ADA/USDT:USDT', 'AVAX/USDT:USDT', 'LINK/USDT:USDT', 'SUI/USDT:USDT', 'NEAR/USDT:USDT', 'BCH/USDT:USDT', 'LTC/USDT:USDT', 'APT/USDT:USDT', 'OP/USDT:USDT', 'ARB/USDT:USDT', 'WIF/USDT:USDT', 'FTM/USDT:USDT', 'DOT/USDT:USDT', 'UNI/USDT:USDT', 'RENDER/USDT:USDT', 'PEPE/USDT:USDT', 'SHIB/USDT:USDT', 'ETC/USDT:USDT', 'ATOM/USDT:USDT', 'TIA/USDT:USDT', 'FIL/USDT:USDT', 'AAVE/USDT:USDT', 'INJ/USDT:USDT', 'FET/USDT:USDT', 'JUP/USDT:USDT'] → 28개 스캔
2026-07-30 23:37:38,757 [INFO] [SCAN] 스캔 시작: 28개 페어 (캐시 27개 보유)
2026-07-30 23:37:49,188 [WARNING] [진입유실 방지 자동보정] SHORT RENDER/USDT:USDT exit=2026-07-26 02:38:46 미매칭수량=5.10000000 orderID=3998405391 tradeID=None
2026-07-30 23:37:49,673 [INFO] [상태] 잔고:$10.20 | 포지션:1개 | 스캔:65회 | 스캐너:ON
2026-07-30 23:37:51,667 [INFO] [SCAN] 완료: 27개 종목 · 신호 0개 · API 호출 27회 · 캐시 히트 0회
2026-07-30 23:38:06,850 [INFO] [SCAN] 화이트리스트 한정: ['BTC/USDT:USDT', 'ETH/USDT:USDT', 'SOL/USDT:USDT', 'XRP/USDT:USDT', 'DOGE/USDT:USDT', 'ADA/USDT:USDT', 'AVAX/USDT:USDT', 'LINK/USDT:USDT', 'SUI/USDT:USDT', 'NEAR/USDT:USDT', 'BCH/USDT:USDT', 'LTC/USDT:USDT', 'APT/USDT:USDT', 'OP/USDT:USDT', 'ARB/USDT:USDT', 'WIF/USDT:USDT', 'FTM/USDT:USDT', 'DOT/USDT:USDT', 'UNI/USDT:USDT', 'RENDER/USDT:USDT', 'PEPE/USDT:USDT', 'SHIB/USDT:USDT', 'ETC/USDT:USDT', 'ATOM/USDT:USDT', 'TIA/USDT:USDT', 'FIL/USDT:USDT', 'AAVE/USDT:USDT', 'INJ/USDT:USDT', 'FET/USDT:USDT', 'JUP/USDT:USDT'] → 28개 스캔
2026-07-30 23:38:06,850 [INFO] [SCAN] 스캔 시작: 28개 페어 (캐시 27개 보유)
2026-07-30 23:38:19,695 [WARNING] [진입유실 방지 자동보정] SHORT RENDER/USDT:USDT exit=2026-07-26 02:38:46 미매칭수량=5.10000000 orderID=3998405391 tradeID=None
2026-07-30 23:38:19,787 [INFO] [SCAN] 완료: 27개 종목 · 신호 0개 · API 호출 27회 · 캐시 히트 0회
2026-07-30 23:38:19,977 [WARNING] [PROTECT GUARD] TIA/USDT:USDT SHORT 보호주문 없음(무방비) → TP/SL 재무장 시도
2026-07-30 23:38:22,887 [ERROR] [PROTECT REARM] TIA/USDT:USDT short TP/SL 보호주문 재설정 실패: binance {"code":-4130,"msg":"An open stop or take profit order with GTE and closePosition in the direction is existing."}
2026-07-30 23:38:22,888 [ERROR] [PROTECT GUARD] TIA/USDT:USDT SHORT 보호주문 재무장 실패 — 수동 확인 필요
2026-07-30 23:38:38,071 [INFO] [SCAN] 화이트리스트 한정: ['BTC/USDT:USDT', 'ETH/USDT:USDT', 'SOL/USDT:USDT', 'XRP/USDT:USDT', 'DOGE/USDT:USDT', 'ADA/USDT:USDT', 'AVAX/USDT:USDT', 'LINK/USDT:USDT', 'SUI/USDT:USDT', 'NEAR/USDT:USDT', 'BCH/USDT:USDT', 'LTC/USDT:USDT', 'APT/USDT:USDT', 'OP/USDT:USDT', 'ARB/USDT:USDT', 'WIF/USDT:USDT', 'FTM/USDT:USDT', 'DOT/USDT:USDT', 'UNI/USDT:USDT', 'RENDER/USDT:USDT', 'PEPE/USDT:USDT', 'SHIB/USDT:USDT', 'ETC/USDT:USDT', 'ATOM/USDT:USDT', 'TIA/USDT:USDT', 'FIL/USDT:USDT', 'AAVE/USDT:USDT', 'INJ/USDT:USDT', 'FET/USDT:USDT', 'JUP/USDT:USDT'] → 28개 스캔
2026-07-30 23:38:38,072 [INFO] [SCAN] 스캔 시작: 28개 페어 (캐시 27개 보유)
2026-07-30 23:38:49,717 [WARNING] [진입유실 방지 자동보정] SHORT RENDER/USDT:USDT exit=2026-07-26 02:38:46 미매칭수량=5.10000000 orderID=3998405391 tradeID=None
2026-07-30 23:38:50,206 [INFO] [상태] 잔고:$10.22 | 포지션:1개 | 스캔:67회 | 스캐너:ON
2026-07-30 23:38:50,978 [INFO] [SCAN] 완료: 27개 종목 · 신호 0개 · API 호출 27회 · 캐시 히트 0회
2026-07-30 23:39:06,181 [INFO] [SCAN] 화이트리스트 한정: ['BTC/USDT:USDT', 'ETH/USDT:USDT', 'SOL/USDT:USDT', 'XRP/USDT:USDT', 'DOGE/USDT:USDT', 'ADA/USDT:USDT', 'AVAX/USDT:USDT', 'LINK/USDT:USDT', 'SUI/USDT:USDT', 'NEAR/USDT:USDT', 'BCH/USDT:USDT', 'LTC/USDT:USDT', 'APT/USDT:USDT', 'OP/USDT:USDT', 'ARB/USDT:USDT', 'WIF/USDT:USDT', 'FTM/USDT:USDT', 'DOT/USDT:USDT', 'UNI/USDT:USDT', 'RENDER/USDT:USDT', 'PEPE/USDT:USDT', 'SHIB/USDT:USDT', 'ETC/USDT:USDT', 'ATOM/USDT:USDT', 'TIA/USDT:USDT', 'FIL/USDT:USDT', 'AAVE/USDT:USDT', 'INJ/USDT:USDT', 'FET/USDT:USDT', 'JUP/USDT:USDT'] → 28개 스캔
2026-07-30 23:39:06,181 [INFO] [SCAN] 스캔 시작: 28개 페어 (캐시 27개 보유)
2026-07-30 23:39:19,074 [INFO] [SCAN] 완료: 27개 종목 · 신호 0개 · API 호출 27회 · 캐시 히트 0회
2026-07-30 23:39:20,234 [WARNING] [진입유실 방지 자동보정] SHORT RENDER/USDT:USDT exit=2026-07-26 02:38:46 미매칭수량=5.10000000 orderID=3998405391 tradeID=None
2026-07-30 23:39:34,270 [INFO] [SCAN] 화이트리스트 한정: ['BTC/USDT:USDT', 'ETH/USDT:USDT', 'SOL/USDT:USDT', 'XRP/USDT:USDT', 'DOGE/USDT:USDT', 'ADA/USDT:USDT', 'AVAX/USDT:USDT', 'LINK/USDT:USDT', 'SUI/USDT:USDT', 'NEAR/USDT:USDT', 'BCH/USDT:USDT', 'LTC/USDT:USDT', 'APT/USDT:USDT', 'OP/USDT:USDT', 'ARB/USDT:USDT', 'WIF/USDT:USDT', 'FTM/USDT:USDT', 'DOT/USDT:USDT', 'UNI/USDT:USDT', 'RENDER/USDT:USDT', 'PEPE/USDT:USDT', 'SHIB/USDT:USDT', 'ETC/USDT:USDT', 'ATOM/USDT:USDT', 'TIA/USDT:USDT', 'FIL/USDT:USDT', 'AAVE/USDT:USDT', 'INJ/USDT:USDT', 'FET/USDT:USDT', 'JUP/USDT:USDT'] → 28개 스캔
2026-07-30 23:39:34,270 [INFO] [SCAN] 스캔 시작: 28개 페어 (캐시 27개 보유)
2026-07-30 23:39:47,164 [INFO] [SCAN] 완료: 27개 종목 · 신호 0개 · API 호출 27회 · 캐시 히트 0회
2026-07-30 23:39:47,353 [WARNING] [PROTECT GUARD] TIA/USDT:USDT SHORT 보호주문 없음(무방비) → TP/SL 재무장 시도
2026-07-30 23:39:50,261 [WARNING] [진입유실 방지 자동보정] SHORT RENDER/USDT:USDT exit=2026-07-26 02:38:46 미매칭수량=5.10000000 orderID=3998405391 tradeID=None
2026-07-30 23:39:50,266 [ERROR] [PROTECT REARM] TIA/USDT:USDT short TP/SL 보호주문 재설정 실패: binance {"code":-4130,"msg":"An open stop or take profit order with GTE and closePosition in the direction is existing."}
2026-07-30 23:39:50,266 [ERROR] [PROTECT GUARD] TIA/USDT:USDT SHORT 보호주문 재무장 실패 — 수동 확인 필요
2026-07-30 23:39:50,750 [INFO] [상태] 잔고:$10.21 | 포지션:1개 | 스캔:70회 | 스캐너:ON
2026-07-30 23:40:05,406 [INFO] [SCAN] 화이트리스트 한정: ['BTC/USDT:USDT', 'ETH/USDT:USDT', 'SOL/USDT:USDT', 'XRP/USDT:USDT', 'DOGE/USDT:USDT', 'ADA/USDT:USDT', 'AVAX/USDT:USDT', 'LINK/USDT:USDT', 'SUI/USDT:USDT', 'NEAR/USDT:USDT', 'BCH/USDT:USDT', 'LTC/USDT:USDT', 'APT/USDT:USDT', 'OP/USDT:USDT', 'ARB/USDT:USDT', 'WIF/USDT:USDT', 'FTM/USDT:USDT', 'DOT/USDT:USDT', 'UNI/USDT:USDT', 'RENDER/USDT:USDT', 'PEPE/USDT:USDT', 'SHIB/USDT:USDT', 'ETC/USDT:USDT', 'ATOM/USDT:USDT', 'TIA/USDT:USDT', 'FIL/USDT:USDT', 'AAVE/USDT:USDT', 'INJ/USDT:USDT', 'FET/USDT:USDT', 'JUP/USDT:USDT'] → 28개 스캔
2026-07-30 23:40:05,406 [INFO] [SCAN] 스캔 시작: 28개 페어 (캐시 27개 보유)
2026-07-30 23:40:18,273 [INFO] [SCAN] 완료: 27개 종목 · 신호 0개 · API 호출 27회 · 캐시 히트 0회
2026-07-30 23:40:20,784 [WARNING] [진입유실 방지 자동보정] SHORT RENDER/USDT:USDT exit=2026-07-26 02:38:46 미매칭수량=5.10000000 orderID=3998405391 tradeID=None
2026-07-30 23:40:33,462 [INFO] [SCAN] 화이트리스트 한정: ['BTC/USDT:USDT', 'ETH/USDT:USDT', 'SOL/USDT:USDT', 'XRP/USDT:USDT', 'DOGE/USDT:USDT', 'ADA/USDT:USDT', 'AVAX/USDT:USDT', 'LINK/USDT:USDT', 'SUI/USDT:USDT', 'NEAR/USDT:USDT', 'BCH/USDT:USDT', 'LTC/USDT:USDT', 'APT/USDT:USDT', 'OP/USDT:USDT', 'ARB/USDT:USDT', 'WIF/USDT:USDT', 'FTM/USDT:USDT', 'DOT/USDT:USDT', 'UNI/USDT:USDT', 'RENDER/USDT:USDT', 'PEPE/USDT:USDT', 'SHIB/USDT:USDT', 'ETC/USDT:USDT', 'ATOM/USDT:USDT', 'TIA/USDT:USDT', 'FIL/USDT:USDT', 'AAVE/USDT:USDT', 'INJ/USDT:USDT', 'FET/USDT:USDT', 'JUP/USDT:USDT'] → 28개 스캔
2026-07-30 23:40:33,462 [INFO] [SCAN] 스캔 시작: 28개 페어 (캐시 27개 보유)
2026-07-30 23:40:46,330 [INFO] [SCAN] 완료: 27개 종목 · 신호 0개 · API 호출 27회 · 캐시 히트 0회
2026-07-30 23:40:50,819 [WARNING] [진입유실 방지 자동보정] SHORT RENDER/USDT:USDT exit=2026-07-26 02:38:46 미매칭수량=5.10000000 orderID=3998405391 tradeID=None
2026-07-30 23:40:51,306 [INFO] [상태] 잔고:$10.19 | 포지션:1개 | 스캔:72회 | 스캐너:ON
2026-07-30 23:41:01,487 [INFO] [SCAN] 화이트리스트 한정: ['BTC/USDT:USDT', 'ETH/USDT:USDT', 'SOL/USDT:USDT', 'XRP/USDT:USDT', 'DOGE/USDT:USDT', 'ADA/USDT:USDT', 'AVAX/USDT:USDT', 'LINK/USDT:USDT', 'SUI/USDT:USDT', 'NEAR/USDT:USDT', 'BCH/USDT:USDT', 'LTC/USDT:USDT', 'APT/USDT:USDT', 'OP/USDT:USDT', 'ARB/USDT:USDT', 'WIF/USDT:USDT', 'FTM/USDT:USDT', 'DOT/USDT:USDT', 'UNI/USDT:USDT', 'RENDER/USDT:USDT', 'PEPE/USDT:USDT', 'SHIB/USDT:USDT', 'ETC/USDT:USDT', 'ATOM/USDT:USDT', 'TIA/USDT:USDT', 'FIL/USDT:USDT', 'AAVE/USDT:USDT', 'INJ/USDT:USDT', 'FET/USDT:USDT', 'JUP/USDT:USDT'] → 28개 스캔
2026-07-30 23:41:01,487 [INFO] [SCAN] 스캔 시작: 28개 페어 (캐시 27개 보유)
2026-07-30 23:41:14,257 [INFO] [SCAN] 완료: 27개 종목 · 신호 0개 · API 호출 27회 · 캐시 히트 0회
2026-07-30 23:41:14,441 [WARNING] [PROTECT GUARD] TIA/USDT:USDT SHORT 보호주문 없음(무방비) → TP/SL 재무장 시도
2026-07-30 23:41:17,348 [ERROR] [PROTECT REARM] TIA/USDT:USDT short TP/SL 보호주문 재설정 실패: binance {"code":-4130,"msg":"An open stop or take profit order with GTE and closePosition in the direction is existing."}
2026-07-30 23:41:17,349 [ERROR] [PROTECT GUARD] TIA/USDT:USDT SHORT 보호주문 재무장 실패 — 수동 확인 필요
2026-07-30 23:41:21,328 [WARNING] [진입유실 방지 자동보정] SHORT RENDER/USDT:USDT exit=2026-07-26 02:38:46 미매칭수량=5.10000000 orderID=3998405391 tradeID=None
2026-07-30 23:41:32,523 [INFO] [SCAN] 화이트리스트 한정: ['BTC/USDT:USDT', 'ETH/USDT:USDT', 'SOL/USDT:USDT', 'XRP/USDT:USDT', 'DOGE/USDT:USDT', 'ADA/USDT:USDT', 'AVAX/USDT:USDT', 'LINK/USDT:USDT', 'SUI/USDT:USDT', 'NEAR/USDT:USDT', 'BCH/USDT:USDT', 'LTC/USDT:USDT', 'APT/USDT:USDT', 'OP/USDT:USDT', 'ARB/USDT:USDT', 'WIF/USDT:USDT', 'FTM/USDT:USDT', 'DOT/USDT:USDT', 'UNI/USDT:USDT', 'RENDER/USDT:USDT', 'PEPE/USDT:USDT', 'SHIB/USDT:USDT', 'ETC/USDT:USDT', 'ATOM/USDT:USDT', 'TIA/USDT:USDT', 'FIL/USDT:USDT', 'AAVE/USDT:USDT', 'INJ/USDT:USDT', 'FET/USDT:USDT', 'JUP/USDT:USDT'] → 28개 스캔
2026-07-30 23:41:32,524 [INFO] [SCAN] 스캔 시작: 28개 페어 (캐시 27개 보유)
2026-07-30 23:41:45,307 [INFO] [SCAN] 완료: 27개 종목 · 신호 0개 · API 호출 27회 · 캐시 히트 0회
2026-07-30 23:41:51,346 [WARNING] [진입유실 방지 자동보정] SHORT RENDER/USDT:USDT exit=2026-07-26 02:38:46 미매칭수량=5.10000000 orderID=3998405391 tradeID=None
2026-07-30 23:41:51,818 [INFO] [상태] 잔고:$10.20 | 포지션:1개 | 스캔:74회 | 스캐너:ON
2026-07-30 23:42:00,442 [INFO] [SCAN] 화이트리스트 한정: ['BTC/USDT:USDT', 'ETH/USDT:USDT', 'SOL/USDT:USDT', 'XRP/USDT:USDT', 'DOGE/USDT:USDT', 'ADA/USDT:USDT', 'AVAX/USDT:USDT', 'LINK/USDT:USDT', 'SUI/USDT:USDT', 'NEAR/USDT:USDT', 'BCH/USDT:USDT', 'LTC/USDT:USDT', 'APT/USDT:USDT', 'OP/USDT:USDT', 'ARB/USDT:USDT', 'WIF/USDT:USDT', 'FTM/USDT:USDT', 'DOT/USDT:USDT', 'UNI/USDT:USDT', 'RENDER/USDT:USDT', 'PEPE/USDT:USDT', 'SHIB/USDT:USDT', 'ETC/USDT:USDT', 'ATOM/USDT:USDT', 'TIA/USDT:USDT', 'FIL/USDT:USDT', 'AAVE/USDT:USDT', 'INJ/USDT:USDT', 'FET/USDT:USDT', 'JUP/USDT:USDT'] → 28개 스캔
2026-07-30 23:42:00,443 [INFO] [SCAN] 스캔 시작: 28개 페어 (캐시 27개 보유)
2026-07-30 23:42:13,277 [INFO] [SCAN] 완료: 27개 종목 · 신호 0개 · API 호출 27회 · 캐시 히트 0회
2026-07-30 23:42:21,837 [WARNING] [진입유실 방지 자동보정] SHORT RENDER/USDT:USDT exit=2026-07-26 02:38:46 미매칭수량=5.10000000 orderID=3998405391 tradeID=None
2026-07-30 23:42:28,446 [INFO] [SCAN] 화이트리스트 한정: ['BTC/USDT:USDT', 'ETH/USDT:USDT', 'SOL/USDT:USDT', 'XRP/USDT:USDT', 'DOGE/USDT:USDT', 'ADA/USDT:USDT', 'AVAX/USDT:USDT', 'LINK/USDT:USDT', 'SUI/USDT:USDT', 'NEAR/USDT:USDT', 'BCH/USDT:USDT', 'LTC/USDT:USDT', 'APT/USDT:USDT', 'OP/USDT:USDT', 'ARB/USDT:USDT', 'WIF/USDT:USDT', 'FTM/USDT:USDT', 'DOT/USDT:USDT', 'UNI/USDT:USDT', 'RENDER/USDT:USDT', 'PEPE/USDT:USDT', 'SHIB/USDT:USDT', 'ETC/USDT:USDT', 'ATOM/USDT:USDT', 'TIA/USDT:USDT', 'FIL/USDT:USDT', 'AAVE/USDT:USDT', 'INJ/USDT:USDT', 'FET/USDT:USDT', 'JUP/USDT:USDT'] → 28개 스캔
2026-07-30 23:42:28,446 [INFO] [SCAN] 스캔 시작: 28개 페어 (캐시 27개 보유)
2026-07-30 23:42:41,277 [INFO] [SCAN] 완료: 27개 종목 · 신호 0개 · API 호출 27회 · 캐시 히트 0회
2026-07-30 23:42:41,465 [WARNING] [PROTECT GUARD] TIA/USDT:USDT SHORT 보호주문 없음(무방비) → TP/SL 재무장 시도
2026-07-30 23:42:44,378 [ERROR] [PROTECT REARM] TIA/USDT:USDT short TP/SL 보호주문 재설정 실패: binance {"code":-4130,"msg":"An open stop or take profit order with GTE and closePosition in the direction is existing."}
2026-07-30 23:42:44,379 [ERROR] [PROTECT GUARD] TIA/USDT:USDT SHORT 보호주문 재무장 실패 — 수동 확인 필요
2026-07-30 23:42:51,862 [WARNING] [진입유실 방지 자동보정] SHORT RENDER/USDT:USDT exit=2026-07-26 02:38:46 미매칭수량=5.10000000 orderID=3998405391 tradeID=None
2026-07-30 23:42:52,343 [INFO] [상태] 잔고:$10.20 | 포지션:1개 | 스캔:76회 | 스캐너:ON
2026-07-30 23:42:59,518 [INFO] [SCAN] 화이트리스트 한정: ['BTC/USDT:USDT', 'ETH/USDT:USDT', 'SOL/USDT:USDT', 'XRP/USDT:USDT', 'DOGE/USDT:USDT', 'ADA/USDT:USDT', 'AVAX/USDT:USDT', 'LINK/USDT:USDT', 'SUI/USDT:USDT', 'NEAR/USDT:USDT', 'BCH/USDT:USDT', 'LTC/USDT:USDT', 'APT/USDT:USDT', 'OP/USDT:USDT', 'ARB/USDT:USDT', 'WIF/USDT:USDT', 'FTM/USDT:USDT', 'DOT/USDT:USDT', 'UNI/USDT:USDT', 'RENDER/USDT:USDT', 'PEPE/USDT:USDT', 'SHIB/USDT:USDT', 'ETC/USDT:USDT', 'ATOM/USDT:USDT', 'TIA/USDT:USDT', 'FIL/USDT:USDT', 'AAVE/USDT:USDT', 'INJ/USDT:USDT', 'FET/USDT:USDT', 'JUP/USDT:USDT'] → 28개 스캔
2026-07-30 23:42:59,518 [INFO] [SCAN] 스캔 시작: 28개 페어 (캐시 27개 보유)
2026-07-30 23:43:12,434 [INFO] [SCAN] 완료: 27개 종목 · 신호 0개 · API 호출 27회 · 캐시 히트 0회
2026-07-30 23:43:22,369 [WARNING] [진입유실 방지 자동보정] SHORT RENDER/USDT:USDT exit=2026-07-26 02:38:46 미매칭수량=5.10000000 orderID=3998405391 tradeID=None
2026-07-30 23:43:27,604 [INFO] [SCAN] 화이트리스트 한정: ['BTC/USDT:USDT', 'ETH/USDT:USDT', 'SOL/USDT:USDT', 'XRP/USDT:USDT', 'DOGE/USDT:USDT', 'ADA/USDT:USDT', 'AVAX/USDT:USDT', 'LINK/USDT:USDT', 'SUI/USDT:USDT', 'NEAR/USDT:USDT', 'BCH/USDT:USDT', 'LTC/USDT:USDT', 'APT/USDT:USDT', 'OP/USDT:USDT', 'ARB/USDT:USDT', 'WIF/USDT:USDT', 'FTM/USDT:USDT', 'DOT/USDT:USDT', 'UNI/USDT:USDT', 'RENDER/USDT:USDT', 'PEPE/USDT:USDT', 'SHIB/USDT:USDT', 'ETC/USDT:USDT', 'ATOM/USDT:USDT', 'TIA/USDT:USDT', 'FIL/USDT:USDT', 'AAVE/USDT:USDT', 'INJ/USDT:USDT', 'FET/USDT:USDT', 'JUP/USDT:USDT'] → 28개 스캔
2026-07-30 23:43:27,604 [INFO] [SCAN] 스캔 시작: 28개 페어 (캐시 27개 보유)
2026-07-30 23:43:40,453 [INFO] [SCAN] 완료: 27개 종목 · 신호 0개 · API 호출 27회 · 캐시 히트 0회
2026-07-30 23:43:52,390 [WARNING] [진입유실 방지 자동보정] SHORT RENDER/USDT:USDT exit=2026-07-26 02:38:46 미매칭수량=5.10000000 orderID=3998405391 tradeID=None
2026-07-30 23:43:52,869 [INFO] [상태] 잔고:$10.20 | 포지션:1개 | 스캔:78회 | 스캐너:ON
2026-07-30 23:43:55,584 [INFO] [SCAN] 화이트리스트 한정: ['BTC/USDT:USDT', 'ETH/USDT:USDT', 'SOL/USDT:USDT', 'XRP/USDT:USDT', 'DOGE/USDT:USDT', 'ADA/USDT:USDT', 'AVAX/USDT:USDT', 'LINK/USDT:USDT', 'SUI/USDT:USDT', 'NEAR/USDT:USDT', 'BCH/USDT:USDT', 'LTC/USDT:USDT', 'APT/USDT:USDT', 'OP/USDT:USDT', 'ARB/USDT:USDT', 'WIF/USDT:USDT', 'FTM/USDT:USDT', 'DOT/USDT:USDT', 'UNI/USDT:USDT', 'RENDER/USDT:USDT', 'PEPE/USDT:USDT', 'SHIB/USDT:USDT', 'ETC/USDT:USDT', 'ATOM/USDT:USDT', 'TIA/USDT:USDT', 'FIL/USDT:USDT', 'AAVE/USDT:USDT', 'INJ/USDT:USDT', 'FET/USDT:USDT', 'JUP/USDT:USDT'] → 28개 스캔
2026-07-30 23:43:55,584 [INFO] [SCAN] 스캔 시작: 28개 페어 (캐시 27개 보유)
2026-07-30 23:44:08,363 [INFO] [SCAN] 완료: 27개 종목 · 신호 0개 · API 호출 27회 · 캐시 히트 0회
2026-07-30 23:44:08,553 [WARNING] [PROTECT GUARD] TIA/USDT:USDT SHORT 보호주문 없음(무방비) → TP/SL 재무장 시도
2026-07-30 23:44:11,460 [ERROR] [PROTECT REARM] TIA/USDT:USDT short TP/SL 보호주문 재설정 실패: binance {"code":-4130,"msg":"An open stop or take profit order with GTE and closePosition in the direction is existing."}
2026-07-30 23:44:11,460 [ERROR] [PROTECT GUARD] TIA/USDT:USDT SHORT 보호주문 재무장 실패 — 수동 확인 필요
2026-07-30 23:44:22,894 [WARNING] [진입유실 방지 자동보정] SHORT RENDER/USDT:USDT exit=2026-07-26 02:38:46 미매칭수량=5.10000000 orderID=3998405391 tradeID=None
2026-07-30 23:44:26,676 [INFO] [SCAN] 화이트리스트 한정: ['BTC/USDT:USDT', 'ETH/USDT:USDT', 'SOL/USDT:USDT', 'XRP/USDT:USDT', 'DOGE/USDT:USDT', 'ADA/USDT:USDT', 'AVAX/USDT:USDT', 'LINK/USDT:USDT', 'SUI/USDT:USDT', 'NEAR/USDT:USDT', 'BCH/USDT:USDT', 'LTC/USDT:USDT', 'APT/USDT:USDT', 'OP/USDT:USDT', 'ARB/USDT:USDT', 'WIF/USDT:USDT', 'FTM/USDT:USDT', 'DOT/USDT:USDT', 'UNI/USDT:USDT', 'RENDER/USDT:USDT', 'PEPE/USDT:USDT', 'SHIB/USDT:USDT', 'ETC/USDT:USDT', 'ATOM/USDT:USDT', 'TIA/USDT:USDT', 'FIL/USDT:USDT', 'AAVE/USDT:USDT', 'INJ/USDT:USDT', 'FET/USDT:USDT', 'JUP/USDT:USDT'] → 28개 스캔
2026-07-30 23:44:26,676 [INFO] [SCAN] 스캔 시작: 28개 페어 (캐시 27개 보유)
2026-07-30 23:44:39,564 [INFO] [SCAN] 완료: 27개 종목 · 신호 0개 · API 호출 27회 · 캐시 히트 0회
2026-07-30 23:44:52,922 [WARNING] [진입유실 방지 자동보정] SHORT RENDER/USDT:USDT exit=2026-07-26 02:38:46 미매칭수량=5.10000000 orderID=3998405391 tradeID=None
2026-07-30 23:44:53,407 [INFO] [상태] 잔고:$10.20 | 포지션:1개 | 스캔:80회 | 스캐너:ON
2026-07-30 23:44:54,709 [INFO] [SCAN] 화이트리스트 한정: ['BTC/USDT:USDT', 'ETH/USDT:USDT', 'SOL/USDT:USDT', 'XRP/USDT:USDT', 'DOGE/USDT:USDT', 'ADA/USDT:USDT', 'AVAX/USDT:USDT', 'LINK/USDT:USDT', 'SUI/USDT:USDT', 'NEAR/USDT:USDT', 'BCH/USDT:USDT', 'LTC/USDT:USDT', 'APT/USDT:USDT', 'OP/USDT:USDT', 'ARB/USDT:USDT', 'WIF/USDT:USDT', 'FTM/USDT:USDT', 'DOT/USDT:USDT', 'UNI/USDT:USDT', 'RENDER/USDT:USDT', 'PEPE/USDT:USDT', 'SHIB/USDT:USDT', 'ETC/USDT:USDT', 'ATOM/USDT:USDT', 'TIA/USDT:USDT', 'FIL/USDT:USDT', 'AAVE/USDT:USDT', 'INJ/USDT:USDT', 'FET/USDT:USDT', 'JUP/USDT:USDT'] → 28개 스캔
2026-07-30 23:44:54,709 [INFO] [SCAN] 스캔 시작: 28개 페어 (캐시 27개 보유)
2026-07-30 23:45:07,643 [INFO] [SCAN] 완료: 27개 종목 · 신호 0개 · API 호출 27회 · 캐시 히트 0회
2026-07-30 23:45:22,849 [INFO] [SCAN] 화이트리스트 한정: ['BTC/USDT:USDT', 'ETH/USDT:USDT', 'SOL/USDT:USDT', 'XRP/USDT:USDT', 'DOGE/USDT:USDT', 'ADA/USDT:USDT', 'AVAX/USDT:USDT', 'LINK/USDT:USDT', 'SUI/USDT:USDT', 'NEAR/USDT:USDT', 'BCH/USDT:USDT', 'LTC/USDT:USDT', 'APT/USDT:USDT', 'OP/USDT:USDT', 'ARB/USDT:USDT', 'WIF/USDT:USDT', 'FTM/USDT:USDT', 'DOT/USDT:USDT', 'UNI/USDT:USDT', 'RENDER/USDT:USDT', 'PEPE/USDT:USDT', 'SHIB/USDT:USDT', 'ETC/USDT:USDT', 'ATOM/USDT:USDT', 'TIA/USDT:USDT', 'FIL/USDT:USDT', 'AAVE/USDT:USDT', 'INJ/USDT:USDT', 'FET/USDT:USDT', 'JUP/USDT:USDT'] → 28개 스캔
2026-07-30 23:45:22,849 [INFO] [SCAN] 스캔 시작: 28개 페어 (캐시 27개 보유)
2026-07-30 23:45:23,428 [WARNING] [진입유실 방지 자동보정] SHORT RENDER/USDT:USDT exit=2026-07-26 02:38:46 미매칭수량=5.10000000 orderID=3998405391 tradeID=None
2026-07-30 23:45:28,940 [INFO] [SIG] ETC/USDT:USDT LONG 신호 포착 (강도 90%)
2026-07-30 23:45:28,940 [INFO] [SIGNAL] ETC/USDT:USDT LONG 신호 수신 (strength=90)
2026-07-30 23:45:29,037 [INFO] [RISK OK] ETC/USDT:USDT 리스크 체크 통과
2026-07-30 23:45:29,130 [INFO] [SYNC] TIA/USDT:USDT 포지션 거래소 반영 확인 → recently_entered 락 해제
2026-07-30 23:45:29,132 [INFO] [PERSIST] 엔진 상태(트레일링 픽, 이전 포지션 심볼, recently_entered) 저장 완료
2026-07-30 23:45:29,132 [INFO] [ENTRY OK] ETC/USDT:USDT 포지션 체크 통과 (현재 1/3)
2026-07-30 23:45:29,132 [INFO] [MARGIN] 고정 모드: $2.00
2026-07-30 23:45:29,132 [INFO] [MARGIN DECISION] symbol=ETC/USDT:USDT source=fixed margin=2.00 auto_compound=False compound_pct=33.00 fixed_margin=2.00
2026-07-30 23:45:29,132 [INFO] [VWAP_Trend SL/TP] ETC/USDT:USDT 시그널 내장 가격 기반: SL=6.6950(1.500%) TP=7.0009(3.000%)
2026-07-30 23:45:29,132 [INFO] [ASYM TP] ETC/USDT:USDT Short 익절폭 축소: 3.000% -> 1.980% (x0.66)
2026-07-30 23:45:29,132 [INFO] [FINAL ENTRY] ETC/USDT:USDT SELL 주문 실행 예정: margin=$2.00 SL=1.50% TP=1.98%
2026-07-30 23:45:29,132 [INFO] [ORDER PLACE] ETC/USDT:USDT place_order 호출 중...
2026-07-30 23:45:33,571 [INFO] [ORDER RESULT] ETC/USDT:USDT 주문 결과: {'order_id': '29718363015', 'symbol': 'ETC/USDT:USDT', 'side': 'SHORT', 'entry_price': 6.795, 'amount': 3.23, 'sl_price': '6.897', 'tp_price': '6.66', 'usdt_margin': 2.0}
2026-07-30 23:45:33,571 [INFO] [ATR TRAIL] ETC/USDT:USDT ATR기반 저장: atr_pct=0.20% → activation=1.00% callback=0.80%
2026-07-30 23:45:33,572 [INFO] [PERSIST] 활성 포지션 상태 저장 완료
2026-07-30 23:45:33,572 [INFO] [PERSIST] 엔진 상태(트레일링 픽, 이전 포지션 심볼, recently_entered) 저장 완료
2026-07-30 23:45:33,573 [INFO] [ORDER] ETC/USDT:USDT LONG 실행 완료
2026-07-30 23:45:40,309 [INFO] [SCAN] 완료: 27개 종목 · 신호 1개 · API 호출 27회 · 캐시 히트 0회
2026-07-30 23:45:40,509 [WARNING] [PROTECT GUARD] ETC/USDT:USDT SHORT 보호주문 없음(무방비) → TP/SL 재무장 시도
2026-07-30 23:45:43,412 [ERROR] [PROTECT REARM] ETC/USDT:USDT short TP/SL 보호주문 재설정 실패: binance {"code":-4130,"msg":"An open stop or take profit order with GTE and closePosition in the direction is existing."}
2026-07-30 23:45:43,412 [ERROR] [PROTECT GUARD] ETC/USDT:USDT SHORT 보호주문 재무장 실패 — 수동 확인 필요
2026-07-30 23:45:43,506 [WARNING] [PROTECT GUARD] TIA/USDT:USDT SHORT 보호주문 없음(무방비) → TP/SL 재무장 시도
2026-07-30 23:45:46,412 [ERROR] [PROTECT REARM] TIA/USDT:USDT short TP/SL 보호주문 재설정 실패: binance {"code":-4130,"msg":"An open stop or take profit order with GTE and closePosition in the direction is existing."}
2026-07-30 23:45:46,412 [ERROR] [PROTECT GUARD] TIA/USDT:USDT SHORT 보호주문 재무장 실패 — 수동 확인 필요
2026-07-30 23:45:53,461 [WARNING] [진입유실 방지 자동보정] SHORT RENDER/USDT:USDT exit=2026-07-26 02:38:46 미매칭수량=5.10000000 orderID=3998405391 tradeID=None
2026-07-30 23:45:53,653 [INFO] [PERSIST] 엔진 상태(트레일링 픽, 이전 포지션 심볼, recently_entered) 저장 완료
2026-07-30 23:45:53,937 [INFO] [상태] 잔고:$10.17 | 포지션:2개 | 스캔:82회 | 스캐너:ON
2026-07-30 23:46:01,560 [INFO] [SCAN] 화이트리스트 한정: ['BTC/USDT:USDT', 'ETH/USDT:USDT', 'SOL/USDT:USDT', 'XRP/USDT:USDT', 'DOGE/USDT:USDT', 'ADA/USDT:USDT', 'AVAX/USDT:USDT', 'LINK/USDT:USDT', 'SUI/USDT:USDT', 'NEAR/USDT:USDT', 'BCH/USDT:USDT', 'LTC/USDT:USDT', 'APT/USDT:USDT', 'OP/USDT:USDT', 'ARB/USDT:USDT', 'WIF/USDT:USDT', 'FTM/USDT:USDT', 'DOT/USDT:USDT', 'UNI/USDT:USDT', 'RENDER/USDT:USDT', 'PEPE/USDT:USDT', 'SHIB/USDT:USDT', 'ETC/USDT:USDT', 'ATOM/USDT:USDT', 'TIA/USDT:USDT', 'FIL/USDT:USDT', 'AAVE/USDT:USDT', 'INJ/USDT:USDT', 'FET/USDT:USDT', 'JUP/USDT:USDT'] → 28개 스캔
2026-07-30 23:46:01,561 [INFO] [SCAN] 스캔 시작: 28개 페어 (캐시 27개 보유)
2026-07-30 23:46:07,664 [INFO] [SIG] ETC/USDT:USDT LONG 신호 포착 (강도 90%)
2026-07-30 23:46:07,664 [INFO] [SIGNAL] ETC/USDT:USDT LONG 신호 수신 (strength=90)
2026-07-30 23:46:07,759 [WARNING] [RISK BLOCK] ETC/USDT:USDT — 가용 증거금 부족: 1.58 < 2.00 (복리 계산 기준)
2026-07-30 23:46:14,545 [INFO] [SCAN] 완료: 27개 종목 · 신호 1개 · API 호출 27회 · 캐시 히트 0회
2026-07-30 23:46:23,966 [WARNING] [진입유실 방지 자동보정] SHORT RENDER/USDT:USDT exit=2026-07-26 02:38:46 미매칭수량=5.10000000 orderID=3998405391 tradeID=None
2026-07-30 23:46:29,742 [INFO] [SCAN] 화이트리스트 한정: ['BTC/USDT:USDT', 'ETH/USDT:USDT', 'SOL/USDT:USDT', 'XRP/USDT:USDT', 'DOGE/USDT:USDT', 'ADA/USDT:USDT', 'AVAX/USDT:USDT', 'LINK/USDT:USDT', 'SUI/USDT:USDT', 'NEAR/USDT:USDT', 'BCH/USDT:USDT', 'LTC/USDT:USDT', 'APT/USDT:USDT', 'OP/USDT:USDT', 'ARB/USDT:USDT', 'WIF/USDT:USDT', 'FTM/USDT:USDT', 'DOT/USDT:USDT', 'UNI/USDT:USDT', 'RENDER/USDT:USDT', 'PEPE/USDT:USDT', 'SHIB/USDT:USDT', 'ETC/USDT:USDT', 'ATOM/USDT:USDT', 'TIA/USDT:USDT', 'FIL/USDT:USDT', 'AAVE/USDT:USDT', 'INJ/USDT:USDT', 'FET/USDT:USDT', 'JUP/USDT:USDT'] → 28개 스캔
2026-07-30 23:46:29,742 [INFO] [SCAN] 스캔 시작: 28개 페어 (캐시 27개 보유)
2026-07-30 23:46:35,837 [INFO] [SIG] ETC/USDT:USDT LONG 신호 포착 (강도 90%)
2026-07-30 23:46:35,837 [INFO] [SIGNAL] ETC/USDT:USDT LONG 신호 수신 (strength=90)
2026-07-30 23:46:35,936 [WARNING] [RISK BLOCK] ETC/USDT:USDT — 가용 증거금 부족: 1.58 < 2.00 (복리 계산 기준)
2026-07-30 23:46:42,929 [INFO] [SCAN] 완료: 27개 종목 · 신호 1개 · API 호출 27회 · 캐시 히트 0회
2026-07-30 23:46:43,120 [WARNING] [PROTECT GUARD] ETC/USDT:USDT SHORT 보호주문 없음(무방비) → TP/SL 재무장 시도
2026-07-30 23:46:46,032 [ERROR] [PROTECT REARM] ETC/USDT:USDT short TP/SL 보호주문 재설정 실패: binance {"code":-4130,"msg":"An open stop or take profit order with GTE and closePosition in the direction is existing."}
2026-07-30 23:46:46,032 [ERROR] [PROTECT GUARD] ETC/USDT:USDT SHORT 보호주문 재무장 실패 — 수동 확인 필요
2026-07-30 23:46:46,125 [WARNING] [PROTECT GUARD] TIA/USDT:USDT SHORT 보호주문 없음(무방비) → TP/SL 재무장 시도
2026-07-30 23:46:49,032 [ERROR] [PROTECT REARM] TIA/USDT:USDT short TP/SL 보호주문 재설정 실패: binance {"code":-4130,"msg":"An open stop or take profit order with GTE and closePosition in the direction is existing."}
2026-07-30 23:46:49,032 [ERROR] [PROTECT GUARD] TIA/USDT:USDT SHORT 보호주문 재무장 실패 — 수동 확인 필요
2026-07-30 23:46:53,999 [WARNING] [진입유실 방지 자동보정] SHORT RENDER/USDT:USDT exit=2026-07-26 02:38:46 미매칭수량=5.10000000 orderID=3998405391 tradeID=None
2026-07-30 23:46:54,478 [INFO] [상태] 잔고:$10.20 | 포지션:2개 | 스캔:84회 | 스캐너:ON
2026-07-30 23:47:04,178 [INFO] [SCAN] 화이트리스트 한정: ['BTC/USDT:USDT', 'ETH/USDT:USDT', 'SOL/USDT:USDT', 'XRP/USDT:USDT', 'DOGE/USDT:USDT', 'ADA/USDT:USDT', 'AVAX/USDT:USDT', 'LINK/USDT:USDT', 'SUI/USDT:USDT', 'NEAR/USDT:USDT', 'BCH/USDT:USDT', 'LTC/USDT:USDT', 'APT/USDT:USDT', 'OP/USDT:USDT', 'ARB/USDT:USDT', 'WIF/USDT:USDT', 'FTM/USDT:USDT', 'DOT/USDT:USDT', 'UNI/USDT:USDT', 'RENDER/USDT:USDT', 'PEPE/USDT:USDT', 'SHIB/USDT:USDT', 'ETC/USDT:USDT', 'ATOM/USDT:USDT', 'TIA/USDT:USDT', 'FIL/USDT:USDT', 'AAVE/USDT:USDT', 'INJ/USDT:USDT', 'FET/USDT:USDT', 'JUP/USDT:USDT'] → 28개 스캔
2026-07-30 23:47:04,178 [INFO] [SCAN] 스캔 시작: 28개 페어 (캐시 27개 보유)
2026-07-30 23:47:10,246 [INFO] [SIG] ETC/USDT:USDT LONG 신호 포착 (강도 90%)
2026-07-30 23:47:10,246 [INFO] [SIGNAL] ETC/USDT:USDT LONG 신호 수신 (strength=90)
2026-07-30 23:47:10,340 [WARNING] [RISK BLOCK] ETC/USDT:USDT — 가용 증거금 부족: 1.58 < 2.00 (복리 계산 기준)
2026-07-30 23:47:17,141 [INFO] [SCAN] 완료: 27개 종목 · 신호 1개 · API 호출 27회 · 캐시 히트 0회
2026-07-30 23:47:24,512 [WARNING] [진입유실 방지 자동보정] SHORT RENDER/USDT:USDT exit=2026-07-26 02:38:46 미매칭수량=5.10000000 orderID=3998405391 tradeID=None
2026-07-30 23:47:32,321 [INFO] [SCAN] 화이트리스트 한정: ['BTC/USDT:USDT', 'ETH/USDT:USDT', 'SOL/USDT:USDT', 'XRP/USDT:USDT', 'DOGE/USDT:USDT', 'ADA/USDT:USDT', 'AVAX/USDT:USDT', 'LINK/USDT:USDT', 'SUI/USDT:USDT', 'NEAR/USDT:USDT', 'BCH/USDT:USDT', 'LTC/USDT:USDT', 'APT/USDT:USDT', 'OP/USDT:USDT', 'ARB/USDT:USDT', 'WIF/USDT:USDT', 'FTM/USDT:USDT', 'DOT/USDT:USDT', 'UNI/USDT:USDT', 'RENDER/USDT:USDT', 'PEPE/USDT:USDT', 'SHIB/USDT:USDT', 'ETC/USDT:USDT', 'ATOM/USDT:USDT', 'TIA/USDT:USDT', 'FIL/USDT:USDT', 'AAVE/USDT:USDT', 'INJ/USDT:USDT', 'FET/USDT:USDT', 'JUP/USDT:USDT'] → 28개 스캔
2026-07-30 23:47:32,321 [INFO] [SCAN] 스캔 시작: 28개 페어 (캐시 27개 보유)
2026-07-30 23:47:38,374 [INFO] [SIG] ETC/USDT:USDT LONG 신호 포착 (강도 90%)
2026-07-30 23:47:38,374 [INFO] [SIGNAL] ETC/USDT:USDT LONG 신호 수신 (strength=90)
2026-07-30 23:47:38,471 [WARNING] [RISK BLOCK] ETC/USDT:USDT — 가용 증거금 부족: 1.58 < 2.00 (복리 계산 기준)
2026-07-30 23:47:45,211 [INFO] [SCAN] 완료: 27개 종목 · 신호 1개 · API 호출 27회 · 캐시 히트 0회
2026-07-30 23:47:45,401 [WARNING] [PROTECT GUARD] ETC/USDT:USDT SHORT 보호주문 없음(무방비) → TP/SL 재무장 시도
2026-07-30 23:47:48,305 [ERROR] [PROTECT REARM] ETC/USDT:USDT short TP/SL 보호주문 재설정 실패: binance {"code":-4130,"msg":"An open stop or take profit order with GTE and closePosition in the direction is existing."}
2026-07-30 23:47:48,305 [ERROR] [PROTECT GUARD] ETC/USDT:USDT SHORT 보호주문 재무장 실패 — 수동 확인 필요
2026-07-30 23:47:48,401 [WARNING] [PROTECT GUARD] TIA/USDT:USDT SHORT 보호주문 없음(무방비) → TP/SL 재무장 시도
2026-07-30 23:47:51,303 [ERROR] [PROTECT REARM] TIA/USDT:USDT short TP/SL 보호주문 재설정 실패: binance {"code":-4130,"msg":"An open stop or take profit order with GTE and closePosition in the direction is existing."}
2026-07-30 23:47:51,304 [ERROR] [PROTECT GUARD] TIA/USDT:USDT SHORT 보호주문 재무장 실패 — 수동 확인 필요
2026-07-30 23:47:54,545 [WARNING] [진입유실 방지 자동보정] SHORT RENDER/USDT:USDT exit=2026-07-26 02:38:46 미매칭수량=5.10000000 orderID=3998405391 tradeID=None
2026-07-30 23:47:55,028 [INFO] [상태] 잔고:$10.19 | 포지션:2개 | 스캔:86회 | 스캐너:ON
2026-07-30 23:48:06,573 [INFO] [SCAN] 화이트리스트 한정: ['BTC/USDT:USDT', 'ETH/USDT:USDT', 'SOL/USDT:USDT', 'XRP/USDT:USDT', 'DOGE/USDT:USDT', 'ADA/USDT:USDT', 'AVAX/USDT:USDT', 'LINK/USDT:USDT', 'SUI/USDT:USDT', 'NEAR/USDT:USDT', 'BCH/USDT:USDT', 'LTC/USDT:USDT', 'APT/USDT:USDT', 'OP/USDT:USDT', 'ARB/USDT:USDT', 'WIF/USDT:USDT', 'FTM/USDT:USDT', 'DOT/USDT:USDT', 'UNI/USDT:USDT', 'RENDER/USDT:USDT', 'PEPE/USDT:USDT', 'SHIB/USDT:USDT', 'ETC/USDT:USDT', 'ATOM/USDT:USDT', 'TIA/USDT:USDT', 'FIL/USDT:USDT', 'AAVE/USDT:USDT', 'INJ/USDT:USDT', 'FET/USDT:USDT', 'JUP/USDT:USDT'] → 28개 스캔
2026-07-30 23:48:06,573 [INFO] [SCAN] 스캔 시작: 28개 페어 (캐시 27개 보유)
2026-07-30 23:48:12,654 [INFO] [SIG] ETC/USDT:USDT LONG 신호 포착 (강도 90%)
2026-07-30 23:48:12,654 [INFO] [SIGNAL] ETC/USDT:USDT LONG 신호 수신 (strength=90)
2026-07-30 23:48:12,751 [WARNING] [RISK BLOCK] ETC/USDT:USDT — 가용 증거금 부족: 1.58 < 2.00 (복리 계산 기준)
2026-07-30 23:48:19,496 [INFO] [SCAN] 완료: 27개 종목 · 신호 1개 · API 호출 27회 · 캐시 히트 0회
2026-07-30 23:48:25,060 [WARNING] [진입유실 방지 자동보정] SHORT RENDER/USDT:USDT exit=2026-07-26 02:38:46 미매칭수량=5.10000000 orderID=3998405391 tradeID=None
2026-07-30 23:48:34,664 [INFO] [SCAN] 화이트리스트 한정: ['BTC/USDT:USDT', 'ETH/USDT:USDT', 'SOL/USDT:USDT', 'XRP/USDT:USDT', 'DOGE/USDT:USDT', 'ADA/USDT:USDT', 'AVAX/USDT:USDT', 'LINK/USDT:USDT', 'SUI/USDT:USDT', 'NEAR/USDT:USDT', 'BCH/USDT:USDT', 'LTC/USDT:USDT', 'APT/USDT:USDT', 'OP/USDT:USDT', 'ARB/USDT:USDT', 'WIF/USDT:USDT', 'FTM/USDT:USDT', 'DOT/USDT:USDT', 'UNI/USDT:USDT', 'RENDER/USDT:USDT', 'PEPE/USDT:USDT', 'SHIB/USDT:USDT', 'ETC/USDT:USDT', 'ATOM/USDT:USDT', 'TIA/USDT:USDT', 'FIL/USDT:USDT', 'AAVE/USDT:USDT', 'INJ/USDT:USDT', 'FET/USDT:USDT', 'JUP/USDT:USDT'] → 28개 스캔
2026-07-30 23:48:34,664 [INFO] [SCAN] 스캔 시작: 28개 페어 (캐시 27개 보유)
2026-07-30 23:48:40,720 [INFO] [SIG] ETC/USDT:USDT LONG 신호 포착 (강도 90%)
2026-07-30 23:48:40,720 [INFO] [SIGNAL] ETC/USDT:USDT LONG 신호 수신 (strength=90)
2026-07-30 23:48:40,817 [WARNING] [RISK BLOCK] ETC/USDT:USDT — 가용 증거금 부족: 1.58 < 2.00 (복리 계산 기준)
2026-07-30 23:48:47,587 [INFO] [SCAN] 완료: 27개 종목 · 신호 1개 · API 호출 27회 · 캐시 히트 0회
2026-07-30 23:48:47,776 [WARNING] [PROTECT GUARD] ETC/USDT:USDT SHORT 보호주문 없음(무방비) → TP/SL 재무장 시도
2026-07-30 23:48:50,678 [ERROR] [PROTECT REARM] ETC/USDT:USDT short TP/SL 보호주문 재설정 실패: binance {"code":-4130,"msg":"An open stop or take profit order with GTE and closePosition in the direction is existing."}
2026-07-30 23:48:50,678 [ERROR] [PROTECT GUARD] ETC/USDT:USDT SHORT 보호주문 재무장 실패 — 수동 확인 필요
2026-07-30 23:48:50,774 [WARNING] [PROTECT GUARD] TIA/USDT:USDT SHORT 보호주문 없음(무방비) → TP/SL 재무장 시도
2026-07-30 23:48:53,687 [ERROR] [PROTECT REARM] TIA/USDT:USDT short TP/SL 보호주문 재설정 실패: binance {"code":-4130,"msg":"An open stop or take profit order with GTE and closePosition in the direction is existing."}
2026-07-30 23:48:53,688 [ERROR] [PROTECT GUARD] TIA/USDT:USDT SHORT 보호주문 재무장 실패 — 수동 확인 필요
2026-07-30 23:48:55,085 [WARNING] [진입유실 방지 자동보정] SHORT RENDER/USDT:USDT exit=2026-07-26 02:38:46 미매칭수량=5.10000000 orderID=3998405391 tradeID=None
2026-07-30 23:48:55,630 [INFO] [상태] 잔고:$10.21 | 포지션:2개 | 스캔:88회 | 스캐너:ON
2026-07-30 23:49:08,822 [INFO] [SCAN] 화이트리스트 한정: ['BTC/USDT:USDT', 'ETH/USDT:USDT', 'SOL/USDT:USDT', 'XRP/USDT:USDT', 'DOGE/USDT:USDT', 'ADA/USDT:USDT', 'AVAX/USDT:USDT', 'LINK/USDT:USDT', 'SUI/USDT:USDT', 'NEAR/USDT:USDT', 'BCH/USDT:USDT', 'LTC/USDT:USDT', 'APT/USDT:USDT', 'OP/USDT:USDT', 'ARB/USDT:USDT', 'WIF/USDT:USDT', 'FTM/USDT:USDT', 'DOT/USDT:USDT', 'UNI/USDT:USDT', 'RENDER/USDT:USDT', 'PEPE/USDT:USDT', 'SHIB/USDT:USDT', 'ETC/USDT:USDT', 'ATOM/USDT:USDT', 'TIA/USDT:USDT', 'FIL/USDT:USDT', 'AAVE/USDT:USDT', 'INJ/USDT:USDT', 'FET/USDT:USDT', 'JUP/USDT:USDT'] → 28개 스캔
2026-07-30 23:49:08,822 [INFO] [SCAN] 스캔 시작: 28개 페어 (캐시 27개 보유)
2026-07-30 23:49:14,894 [INFO] [SIG] ETC/USDT:USDT LONG 신호 포착 (강도 90%)
2026-07-30 23:49:14,894 [INFO] [SIGNAL] ETC/USDT:USDT LONG 신호 수신 (strength=90)
2026-07-30 23:49:14,997 [WARNING] [RISK BLOCK] ETC/USDT:USDT — 가용 증거금 부족: 1.58 < 2.00 (복리 계산 기준)
2026-07-30 23:49:21,765 [INFO] [SCAN] 완료: 27개 종목 · 신호 1개 · API 호출 27회 · 캐시 히트 0회
2026-07-30 23:49:25,668 [WARNING] [진입유실 방지 자동보정] SHORT RENDER/USDT:USDT exit=2026-07-26 02:38:46 미매칭수량=5.10000000 orderID=3998405391 tradeID=None
2026-07-30 23:49:36,977 [INFO] [SCAN] 화이트리스트 한정: ['BTC/USDT:USDT', 'ETH/USDT:USDT', 'SOL/USDT:USDT', 'XRP/USDT:USDT', 'DOGE/USDT:USDT', 'ADA/USDT:USDT', 'AVAX/USDT:USDT', 'LINK/USDT:USDT', 'SUI/USDT:USDT', 'NEAR/USDT:USDT', 'BCH/USDT:USDT', 'LTC/USDT:USDT', 'APT/USDT:USDT', 'OP/USDT:USDT', 'ARB/USDT:USDT', 'WIF/USDT:USDT', 'FTM/USDT:USDT', 'DOT/USDT:USDT', 'UNI/USDT:USDT', 'RENDER/USDT:USDT', 'PEPE/USDT:USDT', 'SHIB/USDT:USDT', 'ETC/USDT:USDT', 'ATOM/USDT:USDT', 'TIA/USDT:USDT', 'FIL/USDT:USDT', 'AAVE/USDT:USDT', 'INJ/USDT:USDT', 'FET/USDT:USDT', 'JUP/USDT:USDT'] → 28개 스캔
2026-07-30 23:49:36,977 [INFO] [SCAN] 스캔 시작: 28개 페어 (캐시 27개 보유)
2026-07-30 23:49:43,060 [INFO] [SIG] ETC/USDT:USDT LONG 신호 포착 (강도 90%)
2026-07-30 23:49:43,060 [INFO] [SIGNAL] ETC/USDT:USDT LONG 신호 수신 (strength=90)
2026-07-30 23:49:43,154 [WARNING] [RISK BLOCK] ETC/USDT:USDT — 가용 증거금 부족: 1.58 < 2.00 (복리 계산 기준)
2026-07-30 23:49:49,919 [INFO] [SCAN] 완료: 27개 종목 · 신호 1개 · API 호출 27회 · 캐시 히트 0회
2026-07-30 23:49:50,122 [WARNING] [PROTECT GUARD] ETC/USDT:USDT SHORT 보호주문 없음(무방비) → TP/SL 재무장 시도
2026-07-30 23:49:53,044 [ERROR] [PROTECT REARM] ETC/USDT:USDT short TP/SL 보호주문 재설정 실패: binance {"code":-4130,"msg":"An open stop or take profit order with GTE and closePosition in the direction is existing."}
2026-07-30 23:49:53,045 [ERROR] [PROTECT GUARD] ETC/USDT:USDT SHORT 보호주문 재무장 실패 — 수동 확인 필요
2026-07-30 23:49:53,142 [WARNING] [PROTECT GUARD] TIA/USDT:USDT SHORT 보호주문 없음(무방비) → TP/SL 재무장 시도
2026-07-30 23:49:55,708 [WARNING] [진입유실 방지 자동보정] SHORT RENDER/USDT:USDT exit=2026-07-26 02:38:46 미매칭수량=5.10000000 orderID=3998405391 tradeID=None
2026-07-30 23:49:56,056 [ERROR] [PROTECT REARM] TIA/USDT:USDT short TP/SL 보호주문 재설정 실패: binance {"code":-4130,"msg":"An open stop or take profit order with GTE and closePosition in the direction is existing."}
2026-07-30 23:49:56,056 [ERROR] [PROTECT GUARD] TIA/USDT:USDT SHORT 보호주문 재무장 실패 — 수동 확인 필요
2026-07-30 23:49:56,228 [INFO] [상태] 잔고:$10.17 | 포지션:2개 | 스캔:90회 | 스캐너:ON
2026-07-30 23:50:11,212 [INFO] [SCAN] 화이트리스트 한정: ['BTC/USDT:USDT', 'ETH/USDT:USDT', 'SOL/USDT:USDT', 'XRP/USDT:USDT', 'DOGE/USDT:USDT', 'ADA/USDT:USDT', 'AVAX/USDT:USDT', 'LINK/USDT:USDT', 'SUI/USDT:USDT', 'NEAR/USDT:USDT', 'BCH/USDT:USDT', 'LTC/USDT:USDT', 'APT/USDT:USDT', 'OP/USDT:USDT', 'ARB/USDT:USDT', 'WIF/USDT:USDT', 'FTM/USDT:USDT', 'DOT/USDT:USDT', 'UNI/USDT:USDT', 'RENDER/USDT:USDT', 'PEPE/USDT:USDT', 'SHIB/USDT:USDT', 'ETC/USDT:USDT', 'ATOM/USDT:USDT', 'TIA/USDT:USDT', 'FIL/USDT:USDT', 'AAVE/USDT:USDT', 'INJ/USDT:USDT', 'FET/USDT:USDT', 'JUP/USDT:USDT'] → 28개 스캔
2026-07-30 23:50:11,213 [INFO] [SCAN] 스캔 시작: 28개 페어 (캐시 27개 보유)
2026-07-30 23:50:24,089 [INFO] [SCAN] 완료: 27개 종목 · 신호 0개 · API 호출 27회 · 캐시 히트 0회
2026-07-30 23:50:26,258 [WARNING] [진입유실 방지 자동보정] SHORT RENDER/USDT:USDT exit=2026-07-26 02:38:46 미매칭수량=5.10000000 orderID=3998405391 tradeID=None
2026-07-30 23:50:39,279 [INFO] [SCAN] 화이트리스트 한정: ['BTC/USDT:USDT', 'ETH/USDT:USDT', 'SOL/USDT:USDT', 'XRP/USDT:USDT', 'DOGE/USDT:USDT', 'ADA/USDT:USDT', 'AVAX/USDT:USDT', 'LINK/USDT:USDT', 'SUI/USDT:USDT', 'NEAR/USDT:USDT', 'BCH/USDT:USDT', 'LTC/USDT:USDT', 'APT/USDT:USDT', 'OP/USDT:USDT', 'ARB/USDT:USDT', 'WIF/USDT:USDT', 'FTM/USDT:USDT', 'DOT/USDT:USDT', 'UNI/USDT:USDT', 'RENDER/USDT:USDT', 'PEPE/USDT:USDT', 'SHIB/USDT:USDT', 'ETC/USDT:USDT', 'ATOM/USDT:USDT', 'TIA/USDT:USDT', 'FIL/USDT:USDT', 'AAVE/USDT:USDT', 'INJ/USDT:USDT', 'FET/USDT:USDT', 'JUP/USDT:USDT'] → 28개 스캔
2026-07-30 23:50:39,279 [INFO] [SCAN] 스캔 시작: 28개 페어 (캐시 27개 보유)
2026-07-30 23:50:52,248 [INFO] [SCAN] 완료: 27개 종목 · 신호 0개 · API 호출 27회 · 캐시 히트 0회
2026-07-30 23:50:52,433 [WARNING] [PROTECT GUARD] ETC/USDT:USDT SHORT 보호주문 없음(무방비) → TP/SL 재무장 시도
2026-07-30 23:50:55,348 [ERROR] [PROTECT REARM] ETC/USDT:USDT short TP/SL 보호주문 재설정 실패: binance {"code":-4130,"msg":"An open stop or take profit order with GTE and closePosition in the direction is existing."}
2026-07-30 23:50:55,349 [ERROR] [PROTECT GUARD] ETC/USDT:USDT SHORT 보호주문 재무장 실패 — 수동 확인 필요
2026-07-30 23:50:55,444 [WARNING] [PROTECT GUARD] TIA/USDT:USDT SHORT 보호주문 없음(무방비) → TP/SL 재무장 시도
2026-07-30 23:50:56,283 [WARNING] [진입유실 방지 자동보정] SHORT RENDER/USDT:USDT exit=2026-07-26 02:38:46 미매칭수량=5.10000000 orderID=3998405391 tradeID=None
2026-07-30 23:50:56,831 [INFO] [상태] 잔고:$10.17 | 포지션:2개 | 스캔:92회 | 스캐너:ON
2026-07-30 23:50:58,370 [ERROR] [PROTECT REARM] TIA/USDT:USDT short TP/SL 보호주문 재설정 실패: binance {"code":-4130,"msg":"An open stop or take profit order with GTE and closePosition in the direction is existing."}
2026-07-30 23:50:58,370 [ERROR] [PROTECT GUARD] TIA/USDT:USDT SHORT 보호주문 재무장 실패 — 수동 확인 필요
2026-07-30 23:51:13,551 [INFO] [SCAN] 화이트리스트 한정: ['BTC/USDT:USDT', 'ETH/USDT:USDT', 'SOL/USDT:USDT', 'XRP/USDT:USDT', 'DOGE/USDT:USDT', 'ADA/USDT:USDT', 'AVAX/USDT:USDT', 'LINK/USDT:USDT', 'SUI/USDT:USDT', 'NEAR/USDT:USDT', 'BCH/USDT:USDT', 'LTC/USDT:USDT', 'APT/USDT:USDT', 'OP/USDT:USDT', 'ARB/USDT:USDT', 'WIF/USDT:USDT', 'FTM/USDT:USDT', 'DOT/USDT:USDT', 'UNI/USDT:USDT', 'RENDER/USDT:USDT', 'PEPE/USDT:USDT', 'SHIB/USDT:USDT', 'ETC/USDT:USDT', 'ATOM/USDT:USDT', 'TIA/USDT:USDT', 'FIL/USDT:USDT', 'AAVE/USDT:USDT', 'INJ/USDT:USDT', 'FET/USDT:USDT', 'JUP/USDT:USDT'] → 28개 스캔
2026-07-30 23:51:13,551 [INFO] [SCAN] 스캔 시작: 28개 페어 (캐시 27개 보유)
2026-07-30 23:51:26,356 [INFO] [SCAN] 완료: 27개 종목 · 신호 0개 · API 호출 27회 · 캐시 히트 0회
2026-07-30 23:51:26,857 [WARNING] [진입유실 방지 자동보정] SHORT RENDER/USDT:USDT exit=2026-07-26 02:38:46 미매칭수량=5.10000000 orderID=3998405391 tradeID=None
2026-07-30 23:51:41,548 [INFO] [SCAN] 화이트리스트 한정: ['BTC/USDT:USDT', 'ETH/USDT:USDT', 'SOL/USDT:USDT', 'XRP/USDT:USDT', 'DOGE/USDT:USDT', 'ADA/USDT:USDT', 'AVAX/USDT:USDT', 'LINK/USDT:USDT', 'SUI/USDT:USDT', 'NEAR/USDT:USDT', 'BCH/USDT:USDT', 'LTC/USDT:USDT', 'APT/USDT:USDT', 'OP/USDT:USDT', 'ARB/USDT:USDT', 'WIF/USDT:USDT', 'FTM/USDT:USDT', 'DOT/USDT:USDT', 'UNI/USDT:USDT', 'RENDER/USDT:USDT', 'PEPE/USDT:USDT', 'SHIB/USDT:USDT', 'ETC/USDT:USDT', 'ATOM/USDT:USDT', 'TIA/USDT:USDT', 'FIL/USDT:USDT', 'AAVE/USDT:USDT', 'INJ/USDT:USDT', 'FET/USDT:USDT', 'JUP/USDT:USDT'] → 28개 스캔
2026-07-30 23:51:41,548 [INFO] [SCAN] 스캔 시작: 28개 페어 (캐시 27개 보유)
2026-07-30 23:51:54,545 [INFO] [SCAN] 완료: 27개 종목 · 신호 0개 · API 호출 27회 · 캐시 히트 0회
2026-07-30 23:51:54,734 [WARNING] [PROTECT GUARD] ETC/USDT:USDT SHORT 보호주문 없음(무방비) → TP/SL 재무장 시도
2026-07-30 23:51:56,945 [WARNING] [진입유실 방지 자동보정] SHORT RENDER/USDT:USDT exit=2026-07-26 02:38:46 미매칭수량=5.10000000 orderID=3998405391 tradeID=None
2026-07-30 23:51:57,412 [INFO] [상태] 잔고:$10.18 | 포지션:2개 | 스캔:94회 | 스캐너:ON
2026-07-30 23:51:57,640 [ERROR] [PROTECT REARM] ETC/USDT:USDT short TP/SL 보호주문 재설정 실패: binance {"code":-4130,"msg":"An open stop or take profit order with GTE and closePosition in the direction is existing."}
2026-07-30 23:51:57,640 [ERROR] [PROTECT GUARD] ETC/USDT:USDT SHORT 보호주문 재무장 실패 — 수동 확인 필요
2026-07-30 23:51:57,732 [WARNING] [PROTECT GUARD] TIA/USDT:USDT SHORT 보호주문 없음(무방비) → TP/SL 재무장 시도
2026-07-30 23:52:00,637 [ERROR] [PROTECT REARM] TIA/USDT:USDT short TP/SL 보호주문 재설정 실패: binance {"code":-4130,"msg":"An open stop or take profit order with GTE and closePosition in the direction is existing."}
2026-07-30 23:52:00,637 [ERROR] [PROTECT GUARD] TIA/USDT:USDT SHORT 보호주문 재무장 실패 — 수동 확인 필요
2026-07-30 23:52:15,807 [INFO] [SCAN] 화이트리스트 한정: ['BTC/USDT:USDT', 'ETH/USDT:USDT', 'SOL/USDT:USDT', 'XRP/USDT:USDT', 'DOGE/USDT:USDT', 'ADA/USDT:USDT', 'AVAX/USDT:USDT', 'LINK/USDT:USDT', 'SUI/USDT:USDT', 'NEAR/USDT:USDT', 'BCH/USDT:USDT', 'LTC/USDT:USDT', 'APT/USDT:USDT', 'OP/USDT:USDT', 'ARB/USDT:USDT', 'WIF/USDT:USDT', 'FTM/USDT:USDT', 'DOT/USDT:USDT', 'UNI/USDT:USDT', 'RENDER/USDT:USDT', 'PEPE/USDT:USDT', 'SHIB/USDT:USDT', 'ETC/USDT:USDT', 'ATOM/USDT:USDT', 'TIA/USDT:USDT', 'FIL/USDT:USDT', 'AAVE/USDT:USDT', 'INJ/USDT:USDT', 'FET/USDT:USDT', 'JUP/USDT:USDT'] → 28개 스캔
2026-07-30 23:52:15,807 [INFO] [SCAN] 스캔 시작: 28개 페어 (캐시 27개 보유)
2026-07-30 23:52:27,441 [WARNING] [진입유실 방지 자동보정] SHORT RENDER/USDT:USDT exit=2026-07-26 02:38:46 미매칭수량=5.10000000 orderID=3998405391 tradeID=None
2026-07-30 23:52:28,675 [INFO] [SCAN] 완료: 27개 종목 · 신호 0개 · API 호출 27회 · 캐시 히트 0회
2026-07-30 23:52:43,842 [INFO] [SCAN] 화이트리스트 한정: ['BTC/USDT:USDT', 'ETH/USDT:USDT', 'SOL/USDT:USDT', 'XRP/USDT:USDT', 'DOGE/USDT:USDT', 'ADA/USDT:USDT', 'AVAX/USDT:USDT', 'LINK/USDT:USDT', 'SUI/USDT:USDT', 'NEAR/USDT:USDT', 'BCH/USDT:USDT', 'LTC/USDT:USDT', 'APT/USDT:USDT', 'OP/USDT:USDT', 'ARB/USDT:USDT', 'WIF/USDT:USDT', 'FTM/USDT:USDT', 'DOT/USDT:USDT', 'UNI/USDT:USDT', 'RENDER/USDT:USDT', 'PEPE/USDT:USDT', 'SHIB/USDT:USDT', 'ETC/USDT:USDT', 'ATOM/USDT:USDT', 'TIA/USDT:USDT', 'FIL/USDT:USDT', 'AAVE/USDT:USDT', 'INJ/USDT:USDT', 'FET/USDT:USDT', 'JUP/USDT:USDT'] → 28개 스캔
2026-07-30 23:52:43,842 [INFO] [SCAN] 스캔 시작: 28개 페어 (캐시 27개 보유)
2026-07-30 23:52:56,791 [INFO] [SCAN] 완료: 27개 종목 · 신호 0개 · API 호출 27회 · 캐시 히트 0회
2026-07-30 23:52:56,976 [WARNING] [PROTECT GUARD] ETC/USDT:USDT SHORT 보호주문 없음(무방비) → TP/SL 재무장 시도
2026-07-30 23:52:57,461 [WARNING] [진입유실 방지 자동보정] SHORT RENDER/USDT:USDT exit=2026-07-26 02:38:46 미매칭수량=5.10000000 orderID=3998405391 tradeID=None
2026-07-30 23:52:57,996 [INFO] [상태] 잔고:$10.16 | 포지션:2개 | 스캔:96회 | 스캐너:ON
2026-07-30 23:52:59,877 [ERROR] [PROTECT REARM] ETC/USDT:USDT short TP/SL 보호주문 재설정 실패: binance {"code":-4130,"msg":"An open stop or take profit order with GTE and closePosition in the direction is existing."}
2026-07-30 23:52:59,878 [ERROR] [PROTECT GUARD] ETC/USDT:USDT SHORT 보호주문 재무장 실패 — 수동 확인 필요
2026-07-30 23:52:59,973 [WARNING] [PROTECT GUARD] TIA/USDT:USDT SHORT 보호주문 없음(무방비) → TP/SL 재무장 시도
2026-07-30 23:53:02,875 [ERROR] [PROTECT REARM] TIA/USDT:USDT short TP/SL 보호주문 재설정 실패: binance {"code":-4130,"msg":"An open stop or take profit order with GTE and closePosition in the direction is existing."}
2026-07-30 23:53:02,875 [ERROR] [PROTECT GUARD] TIA/USDT:USDT SHORT 보호주문 재무장 실패 — 수동 확인 필요
2026-07-30 23:53:18,059 [INFO] [SCAN] 화이트리스트 한정: ['BTC/USDT:USDT', 'ETH/USDT:USDT', 'SOL/USDT:USDT', 'XRP/USDT:USDT', 'DOGE/USDT:USDT', 'ADA/USDT:USDT', 'AVAX/USDT:USDT', 'LINK/USDT:USDT', 'SUI/USDT:USDT', 'NEAR/USDT:USDT', 'BCH/USDT:USDT', 'LTC/USDT:USDT', 'APT/USDT:USDT', 'OP/USDT:USDT', 'ARB/USDT:USDT', 'WIF/USDT:USDT', 'FTM/USDT:USDT', 'DOT/USDT:USDT', 'UNI/USDT:USDT', 'RENDER/USDT:USDT', 'PEPE/USDT:USDT', 'SHIB/USDT:USDT', 'ETC/USDT:USDT', 'ATOM/USDT:USDT', 'TIA/USDT:USDT', 'FIL/USDT:USDT', 'AAVE/USDT:USDT', 'INJ/USDT:USDT', 'FET/USDT:USDT', 'JUP/USDT:USDT'] → 28개 스캔
2026-07-30 23:53:18,059 [INFO] [SCAN] 스캔 시작: 28개 페어 (캐시 27개 보유)
2026-07-30 23:53:28,038 [WARNING] [진입유실 방지 자동보정] SHORT RENDER/USDT:USDT exit=2026-07-26 02:38:46 미매칭수량=5.10000000 orderID=3998405391 tradeID=None
2026-07-30 23:53:30,857 [INFO] [SCAN] 완료: 27개 종목 · 신호 0개 · API 호출 27회 · 캐시 히트 0회
2026-07-30 23:53:46,027 [INFO] [SCAN] 화이트리스트 한정: ['BTC/USDT:USDT', 'ETH/USDT:USDT', 'SOL/USDT:USDT', 'XRP/USDT:USDT', 'DOGE/USDT:USDT', 'ADA/USDT:USDT', 'AVAX/USDT:USDT', 'LINK/USDT:USDT', 'SUI/USDT:USDT', 'NEAR/USDT:USDT', 'BCH/USDT:USDT', 'LTC/USDT:USDT', 'APT/USDT:USDT', 'OP/USDT:USDT', 'ARB/USDT:USDT', 'WIF/USDT:USDT', 'FTM/USDT:USDT', 'DOT/USDT:USDT', 'UNI/USDT:USDT', 'RENDER/USDT:USDT', 'PEPE/USDT:USDT', 'SHIB/USDT:USDT', 'ETC/USDT:USDT', 'ATOM/USDT:USDT', 'TIA/USDT:USDT', 'FIL/USDT:USDT', 'AAVE/USDT:USDT', 'INJ/USDT:USDT', 'FET/USDT:USDT', 'JUP/USDT:USDT'] → 28개 스캔
2026-07-30 23:53:46,027 [INFO] [SCAN] 스캔 시작: 28개 페어 (캐시 27개 보유)
2026-07-30 23:53:58,079 [WARNING] [진입유실 방지 자동보정] SHORT RENDER/USDT:USDT exit=2026-07-26 02:38:46 미매칭수량=5.10000000 orderID=3998405391 tradeID=None
2026-07-30 23:53:58,578 [INFO] [상태] 잔고:$10.17 | 포지션:2개 | 스캔:97회 | 스캐너:ON
2026-07-30 23:53:58,832 [INFO] [SCAN] 완료: 27개 종목 · 신호 0개 · API 호출 27회 · 캐시 히트 0회
2026-07-30 23:53:59,020 [WARNING] [PROTECT GUARD] ETC/USDT:USDT SHORT 보호주문 없음(무방비) → TP/SL 재무장 시도
2026-07-30 23:54:01,926 [ERROR] [PROTECT REARM] ETC/USDT:USDT short TP/SL 보호주문 재설정 실패: binance {"code":-4130,"msg":"An open stop or take profit order with GTE and closePosition in the direction is existing."}
2026-07-30 23:54:01,926 [ERROR] [PROTECT GUARD] ETC/USDT:USDT SHORT 보호주문 재무장 실패 — 수동 확인 필요
2026-07-30 23:54:02,020 [WARNING] [PROTECT GUARD] TIA/USDT:USDT SHORT 보호주문 없음(무방비) → TP/SL 재무장 시도
2026-07-30 23:54:04,925 [ERROR] [PROTECT REARM] TIA/USDT:USDT short TP/SL 보호주문 재설정 실패: binance {"code":-4130,"msg":"An open stop or take profit order with GTE and closePosition in the direction is existing."}
2026-07-30 23:54:04,926 [ERROR] [PROTECT GUARD] TIA/USDT:USDT SHORT 보호주문 재무장 실패 — 수동 확인 필요
2026-07-30 23:54:20,097 [INFO] [SCAN] 화이트리스트 한정: ['BTC/USDT:USDT', 'ETH/USDT:USDT', 'SOL/USDT:USDT', 'XRP/USDT:USDT', 'DOGE/USDT:USDT', 'ADA/USDT:USDT', 'AVAX/USDT:USDT', 'LINK/USDT:USDT', 'SUI/USDT:USDT', 'NEAR/USDT:USDT', 'BCH/USDT:USDT', 'LTC/USDT:USDT', 'APT/USDT:USDT', 'OP/USDT:USDT', 'ARB/USDT:USDT', 'WIF/USDT:USDT', 'FTM/USDT:USDT', 'DOT/USDT:USDT', 'UNI/USDT:USDT', 'RENDER/USDT:USDT', 'PEPE/USDT:USDT', 'SHIB/USDT:USDT', 'ETC/USDT:USDT', 'ATOM/USDT:USDT', 'TIA/USDT:USDT', 'FIL/USDT:USDT', 'AAVE/USDT:USDT', 'INJ/USDT:USDT', 'FET/USDT:USDT', 'JUP/USDT:USDT'] → 28개 스캔
2026-07-30 23:54:20,097 [INFO] [SCAN] 스캔 시작: 28개 페어 (캐시 27개 보유)
2026-07-30 23:54:28,607 [WARNING] [진입유실 방지 자동보정] SHORT RENDER/USDT:USDT exit=2026-07-26 02:38:46 미매칭수량=5.10000000 orderID=3998405391 tradeID=None
2026-07-30 23:54:32,883 [INFO] [SCAN] 완료: 27개 종목 · 신호 0개 · API 호출 27회 · 캐시 히트 0회
2026-07-30 23:54:48,058 [INFO] [SCAN] 화이트리스트 한정: ['BTC/USDT:USDT', 'ETH/USDT:USDT', 'SOL/USDT:USDT', 'XRP/USDT:USDT', 'DOGE/USDT:USDT', 'ADA/USDT:USDT', 'AVAX/USDT:USDT', 'LINK/USDT:USDT', 'SUI/USDT:USDT', 'NEAR/USDT:USDT', 'BCH/USDT:USDT', 'LTC/USDT:USDT', 'APT/USDT:USDT', 'OP/USDT:USDT', 'ARB/USDT:USDT', 'WIF/USDT:USDT', 'FTM/USDT:USDT', 'DOT/USDT:USDT', 'UNI/USDT:USDT', 'RENDER/USDT:USDT', 'PEPE/USDT:USDT', 'SHIB/USDT:USDT', 'ETC/USDT:USDT', 'ATOM/USDT:USDT', 'TIA/USDT:USDT', 'FIL/USDT:USDT', 'AAVE/USDT:USDT', 'INJ/USDT:USDT', 'FET/USDT:USDT', 'JUP/USDT:USDT'] → 28개 스캔
2026-07-30 23:54:48,058 [INFO] [SCAN] 스캔 시작: 28개 페어 (캐시 27개 보유)
2026-07-30 23:54:58,631 [WARNING] [진입유실 방지 자동보정] SHORT RENDER/USDT:USDT exit=2026-07-26 02:38:46 미매칭수량=5.10000000 orderID=3998405391 tradeID=None
2026-07-30 23:54:59,130 [INFO] [상태] 잔고:$10.20 | 포지션:2개 | 스캔:99회 | 스캐너:ON
2026-07-30 23:55:00,968 [INFO] [SCAN] 완료: 27개 종목 · 신호 0개 · API 호출 27회 · 캐시 히트 0회
2026-07-30 23:55:01,159 [WARNING] [PROTECT GUARD] ETC/USDT:USDT SHORT 보호주문 없음(무방비) → TP/SL 재무장 시도
2026-07-30 23:55:04,147 [ERROR] [PROTECT REARM] ETC/USDT:USDT short TP/SL 보호주문 재설정 실패: binance {"code":-4130,"msg":"An open stop or take profit order with GTE and closePosition in the direction is existing."}
2026-07-30 23:55:04,148 [ERROR] [PROTECT GUARD] ETC/USDT:USDT SHORT 보호주문 재무장 실패 — 수동 확인 필요
2026-07-30 23:55:04,239 [WARNING] [PROTECT GUARD] TIA/USDT:USDT SHORT 보호주문 없음(무방비) → TP/SL 재무장 시도
2026-07-30 23:55:07,145 [ERROR] [PROTECT REARM] TIA/USDT:USDT short TP/SL 보호주문 재설정 실패: binance {"code":-4130,"msg":"An open stop or take profit order with GTE and closePosition in the direction is existing."}
2026-07-30 23:55:07,145 [ERROR] [PROTECT GUARD] TIA/USDT:USDT SHORT 보호주문 재무장 실패 — 수동 확인 필요
2026-07-30 23:55:22,317 [INFO] [SCAN] 화이트리스트 한정: ['BTC/USDT:USDT', 'ETH/USDT:USDT', 'SOL/USDT:USDT', 'XRP/USDT:USDT', 'DOGE/USDT:USDT', 'ADA/USDT:USDT', 'AVAX/USDT:USDT', 'LINK/USDT:USDT', 'SUI/USDT:USDT', 'NEAR/USDT:USDT', 'BCH/USDT:USDT', 'LTC/USDT:USDT', 'APT/USDT:USDT', 'OP/USDT:USDT', 'ARB/USDT:USDT', 'WIF/USDT:USDT', 'FTM/USDT:USDT', 'DOT/USDT:USDT', 'UNI/USDT:USDT', 'RENDER/USDT:USDT', 'PEPE/USDT:USDT', 'SHIB/USDT:USDT', 'ETC/USDT:USDT', 'ATOM/USDT:USDT', 'TIA/USDT:USDT', 'FIL/USDT:USDT', 'AAVE/USDT:USDT', 'INJ/USDT:USDT', 'FET/USDT:USDT', 'JUP/USDT:USDT'] → 28개 스캔
2026-07-30 23:55:22,317 [INFO] [SCAN] 스캔 시작: 28개 페어 (캐시 27개 보유)
2026-07-30 23:55:29,152 [WARNING] [진입유실 방지 자동보정] SHORT RENDER/USDT:USDT exit=2026-07-26 02:38:46 미매칭수량=5.10000000 orderID=3998405391 tradeID=None
2026-07-30 23:55:35,162 [INFO] [SCAN] 완료: 27개 종목 · 신호 0개 · API 호출 27회 · 캐시 히트 0회
2026-07-30 23:55:50,336 [INFO] [SCAN] 화이트리스트 한정: ['BTC/USDT:USDT', 'ETH/USDT:USDT', 'SOL/USDT:USDT', 'XRP/USDT:USDT', 'DOGE/USDT:USDT', 'ADA/USDT:USDT', 'AVAX/USDT:USDT', 'LINK/USDT:USDT', 'SUI/USDT:USDT', 'NEAR/USDT:USDT', 'BCH/USDT:USDT', 'LTC/USDT:USDT', 'APT/USDT:USDT', 'OP/USDT:USDT', 'ARB/USDT:USDT', 'WIF/USDT:USDT', 'FTM/USDT:USDT', 'DOT/USDT:USDT', 'UNI/USDT:USDT', 'RENDER/USDT:USDT', 'PEPE/USDT:USDT', 'SHIB/USDT:USDT', 'ETC/USDT:USDT', 'ATOM/USDT:USDT', 'TIA/USDT:USDT', 'FIL/USDT:USDT', 'AAVE/USDT:USDT', 'INJ/USDT:USDT', 'FET/USDT:USDT', 'JUP/USDT:USDT'] → 28개 스캔
2026-07-30 23:55:50,336 [INFO] [SCAN] 스캔 시작: 28개 페어 (캐시 27개 보유)
2026-07-30 23:55:59,188 [WARNING] [진입유실 방지 자동보정] SHORT RENDER/USDT:USDT exit=2026-07-26 02:38:46 미매칭수량=5.10000000 orderID=3998405391 tradeID=None
2026-07-30 23:55:59,664 [INFO] [상태] 잔고:$10.25 | 포지션:2개 | 스캔:101회 | 스캐너:ON
2026-07-30 23:56:03,304 [INFO] [SCAN] 완료: 27개 종목 · 신호 0개 · API 호출 27회 · 캐시 히트 0회
2026-07-30 23:56:03,501 [WARNING] [PROTECT GUARD] ETC/USDT:USDT SHORT 보호주문 없음(무방비) → TP/SL 재무장 시도
2026-07-30 23:56:06,431 [ERROR] [PROTECT REARM] ETC/USDT:USDT short TP/SL 보호주문 재설정 실패: binance {"code":-4130,"msg":"An open stop or take profit order with GTE and closePosition in the direction is existing."}
2026-07-30 23:56:06,432 [ERROR] [PROTECT GUARD] ETC/USDT:USDT SHORT 보호주문 재무장 실패 — 수동 확인 필요
2026-07-30 23:56:06,528 [WARNING] [PROTECT GUARD] TIA/USDT:USDT SHORT 보호주문 없음(무방비) → TP/SL 재무장 시도
2026-07-30 23:56:09,440 [ERROR] [PROTECT REARM] TIA/USDT:USDT short TP/SL 보호주문 재설정 실패: binance {"code":-4130,"msg":"An open stop or take profit order with GTE and closePosition in the direction is existing."}
2026-07-30 23:56:09,440 [ERROR] [PROTECT GUARD] TIA/USDT:USDT SHORT 보호주문 재무장 실패 — 수동 확인 필요
2026-07-30 23:56:24,605 [INFO] [SCAN] 화이트리스트 한정: ['BTC/USDT:USDT', 'ETH/USDT:USDT', 'SOL/USDT:USDT', 'XRP/USDT:USDT', 'DOGE/USDT:USDT', 'ADA/USDT:USDT', 'AVAX/USDT:USDT', 'LINK/USDT:USDT', 'SUI/USDT:USDT', 'NEAR/USDT:USDT', 'BCH/USDT:USDT', 'LTC/USDT:USDT', 'APT/USDT:USDT', 'OP/USDT:USDT', 'ARB/USDT:USDT', 'WIF/USDT:USDT', 'FTM/USDT:USDT', 'DOT/USDT:USDT', 'UNI/USDT:USDT', 'RENDER/USDT:USDT', 'PEPE/USDT:USDT', 'SHIB/USDT:USDT', 'ETC/USDT:USDT', 'ATOM/USDT:USDT', 'TIA/USDT:USDT', 'FIL/USDT:USDT', 'AAVE/USDT:USDT', 'INJ/USDT:USDT', 'FET/USDT:USDT', 'JUP/USDT:USDT'] → 28개 스캔
2026-07-30 23:56:24,605 [INFO] [SCAN] 스캔 시작: 28개 페어 (캐시 27개 보유)
2026-07-30 23:56:29,688 [WARNING] [진입유실 방지 자동보정] SHORT RENDER/USDT:USDT exit=2026-07-26 02:38:46 미매칭수량=5.10000000 orderID=3998405391 tradeID=None
2026-07-30 23:56:37,458 [INFO] [SCAN] 완료: 27개 종목 · 신호 0개 · API 호출 27회 · 캐시 히트 0회
2026-07-30 23:56:52,641 [INFO] [SCAN] 화이트리스트 한정: ['BTC/USDT:USDT', 'ETH/USDT:USDT', 'SOL/USDT:USDT', 'XRP/USDT:USDT', 'DOGE/USDT:USDT', 'ADA/USDT:USDT', 'AVAX/USDT:USDT', 'LINK/USDT:USDT', 'SUI/USDT:USDT', 'NEAR/USDT:USDT', 'BCH/USDT:USDT', 'LTC/USDT:USDT', 'APT/USDT:USDT', 'OP/USDT:USDT', 'ARB/USDT:USDT', 'WIF/USDT:USDT', 'FTM/USDT:USDT', 'DOT/USDT:USDT', 'UNI/USDT:USDT', 'RENDER/USDT:USDT', 'PEPE/USDT:USDT', 'SHIB/USDT:USDT', 'ETC/USDT:USDT', 'ATOM/USDT:USDT', 'TIA/USDT:USDT', 'FIL/USDT:USDT', 'AAVE/USDT:USDT', 'INJ/USDT:USDT', 'FET/USDT:USDT', 'JUP/USDT:USDT'] → 28개 스캔
2026-07-30 23:56:52,641 [INFO] [SCAN] 스캔 시작: 28개 페어 (캐시 27개 보유)
2026-07-30 23:56:59,710 [WARNING] [진입유실 방지 자동보정] SHORT RENDER/USDT:USDT exit=2026-07-26 02:38:46 미매칭수량=5.10000000 orderID=3998405391 tradeID=None
2026-07-30 23:57:00,188 [INFO] [상태] 잔고:$10.27 | 포지션:2개 | 스캔:103회 | 스캐너:ON
2026-07-30 23:57:05,529 [INFO] [SCAN] 완료: 27개 종목 · 신호 0개 · API 호출 27회 · 캐시 히트 0회
2026-07-30 23:57:05,714 [WARNING] [PROTECT GUARD] ETC/USDT:USDT SHORT 보호주문 없음(무방비) → TP/SL 재무장 시도
2026-07-30 23:57:08,616 [ERROR] [PROTECT REARM] ETC/USDT:USDT short TP/SL 보호주문 재설정 실패: binance {"code":-4130,"msg":"An open stop or take profit order with GTE and closePosition in the direction is existing."}
2026-07-30 23:57:08,616 [ERROR] [PROTECT GUARD] ETC/USDT:USDT SHORT 보호주문 재무장 실패 — 수동 확인 필요
2026-07-30 23:57:08,710 [WARNING] [PROTECT GUARD] TIA/USDT:USDT SHORT 보호주문 없음(무방비) → TP/SL 재무장 시도
2026-07-30 23:57:11,372 [INFO] 🛑 봇 종료

===== [2026-07-31 00:00:20] watchdog 실행: 8407_bot =====
2026-07-31 00:00:20,559 [ERROR] ❌ [LOCK] 다른 트레이더 프로세스(PID 56298)가 가동 중 — 중복 방지 위해 종료

===== [2026-07-31 00:05:36] watchdog 실행: 8407_bot =====
2026-07-31 00:05:36,788 [ERROR] ❌ [LOCK] 다른 트레이더 프로세스(PID 56298)가 가동 중 — 중복 방지 위해 종료

===== [2026-07-31 00:10:53] watchdog 실행: 8407_bot =====
2026-07-31 00:10:53,070 [ERROR] ❌ [LOCK] 다른 트레이더 프로세스(PID 56298)가 가동 중 — 중복 방지 위해 종료

===== [2026-07-31 00:16:09] watchdog 실행: 8407_bot =====
2026-07-31 00:16:09,363 [ERROR] ❌ [LOCK] 다른 트레이더 프로세스(PID 56298)가 가동 중 — 중복 방지 위해 종료

===== [2026-07-31 00:21:25] watchdog 실행: 8407_bot =====
2026-07-31 00:21:25,702 [ERROR] ❌ [LOCK] 다른 트레이더 프로세스(PID 56298)가 가동 중 — 중복 방지 위해 종료

===== [2026-07-31 00:26:41] watchdog 실행: 8407_bot =====
2026-07-31 00:26:42,046 [ERROR] ❌ [LOCK] 다른 트레이더 프로세스(PID 56298)가 가동 중 — 중복 방지 위해 종료

===== [2026-07-31 00:31:58] watchdog 실행: 8407_bot =====
2026-07-31 00:31:58,305 [ERROR] ❌ [LOCK] 다른 트레이더 프로세스(PID 56298)가 가동 중 — 중복 방지 위해 종료

===== [2026-07-31 00:37:14] watchdog 실행: 8407_bot =====
2026-07-31 00:37:14,630 [ERROR] ❌ [LOCK] 다른 트레이더 프로세스(PID 56298)가 가동 중 — 중복 방지 위해 종료

===== [2026-07-31 00:42:35] watchdog 실행: 8407_bot =====
2026-07-31 00:42:35,521 [ERROR] ❌ [LOCK] 다른 트레이더 프로세스(PID 56298)가 가동 중 — 중복 방지 위해 종료

===== [2026-07-31 00:47:54] watchdog 실행: 8407_bot =====
2026-07-31 00:47:54,840 [ERROR] ❌ [LOCK] 다른 트레이더 프로세스(PID 56298)가 가동 중 — 중복 방지 위해 종료

===== [2026-07-31 00:53:11] watchdog 실행: 8407_bot =====
2026-07-31 00:53:11,155 [ERROR] ❌ [LOCK] 다른 트레이더 프로세스(PID 56298)가 가동 중 — 중복 방지 위해 종료

===== [2026-07-31 00:58:27] watchdog 실행: 8407_bot =====
2026-07-31 00:58:27,462 [ERROR] ❌ [LOCK] 다른 트레이더 프로세스(PID 56298)가 가동 중 — 중복 방지 위해 종료

===== [2026-07-31 01:03:43] watchdog 실행: 8407_bot =====
2026-07-31 01:03:43,770 [ERROR] ❌ [LOCK] 다른 트레이더 프로세스(PID 56298)가 가동 중 — 중복 방지 위해 종료

===== [2026-07-31 01:09:00] watchdog 실행: 8407_bot =====
2026-07-31 01:09:00,086 [ERROR] ❌ [LOCK] 다른 트레이더 프로세스(PID 56298)가 가동 중 — 중복 방지 위해 종료

===== [2026-07-31 01:14:16] watchdog 실행: 8407_bot =====
2026-07-31 01:14:16,386 [ERROR] ❌ [LOCK] 다른 트레이더 프로세스(PID 56298)가 가동 중 — 중복 방지 위해 종료

===== [2026-07-31 01:19:32] watchdog 실행: 8407_bot =====
2026-07-31 01:19:32,740 [ERROR] ❌ [LOCK] 다른 트레이더 프로세스(PID 56298)가 가동 중 — 중복 방지 위해 종료

===== [2026-07-31 01:24:49] watchdog 실행: 8407_bot =====
2026-07-31 01:24:49,121 [ERROR] ❌ [LOCK] 다른 트레이더 프로세스(PID 56298)가 가동 중 — 중복 방지 위해 종료

===== [2026-07-31 01:30:05] watchdog 실행: 8407_bot =====
2026-07-31 01:30:05,516 [ERROR] ❌ [LOCK] 다른 트레이더 프로세스(PID 56298)가 가동 중 — 중복 방지 위해 종료

===== [2026-07-31 01:35:21] watchdog 실행: 8407_bot =====
2026-07-31 01:35:21,905 [ERROR] ❌ [LOCK] 다른 트레이더 프로세스(PID 56298)가 가동 중 — 중복 방지 위해 종료

===== [2026-07-31 01:40:38] watchdog 실행: 8407_bot =====
2026-07-31 01:40:38,257 [ERROR] ❌ [LOCK] 다른 트레이더 프로세스(PID 56298)가 가동 중 — 중복 방지 위해 종료

===== [2026-07-31 01:45:54] watchdog 실행: 8407_bot =====
2026-07-31 01:45:54,632 [ERROR] ❌ [LOCK] 다른 트레이더 프로세스(PID 56298)가 가동 중 — 중복 방지 위해 종료

===== [2026-07-31 01:51:10] watchdog 실행: 8407_bot =====
2026-07-31 01:51:11,061 [ERROR] ❌ [LOCK] 다른 트레이더 프로세스(PID 56298)가 가동 중 — 중복 방지 위해 종료

===== [2026-07-31 01:56:27] watchdog 실행: 8407_bot =====
2026-07-31 01:56:27,449 [ERROR] ❌ [LOCK] 다른 트레이더 프로세스(PID 56298)가 가동 중 — 중복 방지 위해 종료

===== [2026-07-31 02:01:43] watchdog 실행: 8407_bot =====
2026-07-31 02:01:43,798 [ERROR] ❌ [LOCK] 다른 트레이더 프로세스(PID 56298)가 가동 중 — 중복 방지 위해 종료

===== [2026-07-31 02:07:00] watchdog 실행: 8407_bot =====
2026-07-31 02:07:00,147 [ERROR] ❌ [LOCK] 다른 트레이더 프로세스(PID 56298)가 가동 중 — 중복 방지 위해 종료

===== [2026-07-31 02:12:16] watchdog 실행: 8407_bot =====
2026-07-31 02:12:16,446 [ERROR] ❌ [LOCK] 다른 트레이더 프로세스(PID 56298)가 가동 중 — 중복 방지 위해 종료

===== [2026-07-31 02:17:32] watchdog 실행: 8407_bot =====
2026-07-31 02:17:32,725 [ERROR] ❌ [LOCK] 다른 트레이더 프로세스(PID 56298)가 가동 중 — 중복 방지 위해 종료

===== [2026-07-31 02:22:48] watchdog 실행: 8407_bot =====
2026-07-31 02:22:49,002 [ERROR] ❌ [LOCK] 다른 트레이더 프로세스(PID 56298)가 가동 중 — 중복 방지 위해 종료

===== [2026-07-31 02:28:05] watchdog 실행: 8407_bot =====
2026-07-31 02:28:05,274 [ERROR] ❌ [LOCK] 다른 트레이더 프로세스(PID 56298)가 가동 중 — 중복 방지 위해 종료

===== [2026-07-31 02:33:21] watchdog 실행: 8407_bot =====
2026-07-31 02:33:21,590 [ERROR] ❌ [LOCK] 다른 트레이더 프로세스(PID 56298)가 가동 중 — 중복 방지 위해 종료

===== [2026-07-31 02:38:37] watchdog 실행: 8407_bot =====
2026-07-31 02:38:37,866 [ERROR] ❌ [LOCK] 다른 트레이더 프로세스(PID 56298)가 가동 중 — 중복 방지 위해 종료

===== [2026-07-31 02:43:54] watchdog 실행: 8407_bot =====
2026-07-31 02:43:54,135 [ERROR] ❌ [LOCK] 다른 트레이더 프로세스(PID 56298)가 가동 중 — 중복 방지 위해 종료

===== [2026-07-31 02:49:10] watchdog 실행: 8407_bot =====
2026-07-31 02:49:10,334 [ERROR] ❌ [LOCK] 다른 트레이더 프로세스(PID 56298)가 가동 중 — 중복 방지 위해 종료

===== [2026-07-31 02:54:26] watchdog 실행: 8407_bot =====
2026-07-31 02:54:26,633 [ERROR] ❌ [LOCK] 다른 트레이더 프로세스(PID 56298)가 가동 중 — 중복 방지 위해 종료

===== [2026-07-31 02:59:42] watchdog 실행: 8407_bot =====
2026-07-31 02:59:42,908 [ERROR] ❌ [LOCK] 다른 트레이더 프로세스(PID 56298)가 가동 중 — 중복 방지 위해 종료

===== [2026-07-31 03:04:59] watchdog 실행: 8407_bot =====
2026-07-31 03:04:59,186 [ERROR] ❌ [LOCK] 다른 트레이더 프로세스(PID 56298)가 가동 중 — 중복 방지 위해 종료

===== [2026-07-31 03:10:15] watchdog 실행: 8407_bot =====
2026-07-31 03:10:15,440 [ERROR] ❌ [LOCK] 다른 트레이더 프로세스(PID 56298)가 가동 중 — 중복 방지 위해 종료

===== [2026-07-31 03:15:31] watchdog 실행: 8407_bot =====
2026-07-31 03:15:31,759 [ERROR] ❌ [LOCK] 다른 트레이더 프로세스(PID 56298)가 가동 중 — 중복 방지 위해 종료

===== [2026-07-31 03:20:47] watchdog 실행: 8407_bot =====
2026-07-31 03:20:48,022 [ERROR] ❌ [LOCK] 다른 트레이더 프로세스(PID 56298)가 가동 중 — 중복 방지 위해 종료

===== [2026-07-31 03:26:04] watchdog 실행: 8407_bot =====
2026-07-31 03:26:04,253 [ERROR] ❌ [LOCK] 다른 트레이더 프로세스(PID 56298)가 가동 중 — 중복 방지 위해 종료

===== [2026-07-31 03:31:20] watchdog 실행: 8407_bot =====
2026-07-31 03:31:20,540 [ERROR] ❌ [LOCK] 다른 트레이더 프로세스(PID 56298)가 가동 중 — 중복 방지 위해 종료

===== [2026-07-31 03:36:36] watchdog 실행: 8407_bot =====
2026-07-31 03:36:36,795 [ERROR] ❌ [LOCK] 다른 트레이더 프로세스(PID 56298)가 가동 중 — 중복 방지 위해 종료

===== [2026-07-31 03:41:53] watchdog 실행: 8407_bot =====
2026-07-31 03:41:53,244 [ERROR] ❌ [LOCK] 다른 트레이더 프로세스(PID 56298)가 가동 중 — 중복 방지 위해 종료

===== [2026-07-31 03:47:09] watchdog 실행: 8407_bot =====
2026-07-31 03:47:09,504 [ERROR] ❌ [LOCK] 다른 트레이더 프로세스(PID 56298)가 가동 중 — 중복 방지 위해 종료

===== [2026-07-31 03:52:25] watchdog 실행: 8407_bot =====
2026-07-31 03:52:25,797 [ERROR] ❌ [LOCK] 다른 트레이더 프로세스(PID 56298)가 가동 중 — 중복 방지 위해 종료

===== [2026-07-31 03:57:42] watchdog 실행: 8407_bot =====
2026-07-31 03:57:42,104 [ERROR] ❌ [LOCK] 다른 트레이더 프로세스(PID 56298)가 가동 중 — 중복 방지 위해 종료

===== [2026-07-31 04:02:58] watchdog 실행: 8407_bot =====
2026-07-31 04:02:58,394 [ERROR] ❌ [LOCK] 다른 트레이더 프로세스(PID 56298)가 가동 중 — 중복 방지 위해 종료

===== [2026-07-31 04:08:14] watchdog 실행: 8407_bot =====
2026-07-31 04:08:14,655 [ERROR] ❌ [LOCK] 다른 트레이더 프로세스(PID 56298)가 가동 중 — 중복 방지 위해 종료

===== [2026-07-31 04:13:30] watchdog 실행: 8407_bot =====
2026-07-31 04:13:30,953 [ERROR] ❌ [LOCK] 다른 트레이더 프로세스(PID 56298)가 가동 중 — 중복 방지 위해 종료

===== [2026-07-31 04:18:47] watchdog 실행: 8407_bot =====
2026-07-31 04:18:47,240 [ERROR] ❌ [LOCK] 다른 트레이더 프로세스(PID 56298)가 가동 중 — 중복 방지 위해 종료

===== [2026-07-31 04:24:03] watchdog 실행: 8407_bot =====
2026-07-31 04:24:03,523 [ERROR] ❌ [LOCK] 다른 트레이더 프로세스(PID 56298)가 가동 중 — 중복 방지 위해 종료

===== [2026-07-31 04:29:19] watchdog 실행: 8407_bot =====
2026-07-31 04:29:19,816 [ERROR] ❌ [LOCK] 다른 트레이더 프로세스(PID 56298)가 가동 중 — 중복 방지 위해 종료

===== [2026-07-31 04:34:36] watchdog 실행: 8407_bot =====
2026-07-31 04:34:36,119 [ERROR] ❌ [LOCK] 다른 트레이더 프로세스(PID 56298)가 가동 중 — 중복 방지 위해 종료

===== [2026-07-31 04:39:52] watchdog 실행: 8407_bot =====
2026-07-31 04:39:52,420 [ERROR] ❌ [LOCK] 다른 트레이더 프로세스(PID 56298)가 가동 중 — 중복 방지 위해 종료

===== [2026-07-31 04:45:08] watchdog 실행: 8407_bot =====
2026-07-31 04:45:08,728 [ERROR] ❌ [LOCK] 다른 트레이더 프로세스(PID 56298)가 가동 중 — 중복 방지 위해 종료

===== [2026-07-31 04:50:24] watchdog 실행: 8407_bot =====
2026-07-31 04:50:25,001 [ERROR] ❌ [LOCK] 다른 트레이더 프로세스(PID 56298)가 가동 중 — 중복 방지 위해 종료

===== [2026-07-31 04:55:41] watchdog 실행: 8407_bot =====
2026-07-31 04:55:41,304 [ERROR] ❌ [LOCK] 다른 트레이더 프로세스(PID 56298)가 가동 중 — 중복 방지 위해 종료

===== [2026-07-31 05:00:57] watchdog 실행: 8407_bot =====
2026-07-31 05:00:57,610 [ERROR] ❌ [LOCK] 다른 트레이더 프로세스(PID 56298)가 가동 중 — 중복 방지 위해 종료

===== [2026-07-31 05:06:13] watchdog 실행: 8407_bot =====
2026-07-31 05:06:13,860 [ERROR] ❌ [LOCK] 다른 트레이더 프로세스(PID 56298)가 가동 중 — 중복 방지 위해 종료

===== [2026-07-31 05:11:30] watchdog 실행: 8407_bot =====
2026-07-31 05:11:30,168 [ERROR] ❌ [LOCK] 다른 트레이더 프로세스(PID 56298)가 가동 중 — 중복 방지 위해 종료

===== [2026-07-31 05:16:46] watchdog 실행: 8407_bot =====
2026-07-31 05:16:46,469 [ERROR] ❌ [LOCK] 다른 트레이더 프로세스(PID 56298)가 가동 중 — 중복 방지 위해 종료

===== [2026-07-31 05:22:02] watchdog 실행: 8407_bot =====
2026-07-31 05:22:02,686 [ERROR] ❌ [LOCK] 다른 트레이더 프로세스(PID 56298)가 가동 중 — 중복 방지 위해 종료

===== [2026-07-31 05:27:18] watchdog 실행: 8407_bot =====
2026-07-31 05:27:18,972 [ERROR] ❌ [LOCK] 다른 트레이더 프로세스(PID 56298)가 가동 중 — 중복 방지 위해 종료

===== [2026-07-31 05:32:35] watchdog 실행: 8407_bot =====
2026-07-31 05:32:35,255 [ERROR] ❌ [LOCK] 다른 트레이더 프로세스(PID 56298)가 가동 중 — 중복 방지 위해 종료

===== [2026-07-31 05:37:51] watchdog 실행: 8407_bot =====
2026-07-31 05:37:51,501 [ERROR] ❌ [LOCK] 다른 트레이더 프로세스(PID 56298)가 가동 중 — 중복 방지 위해 종료

===== [2026-07-31 05:43:07] watchdog 실행: 8407_bot =====
2026-07-31 05:43:07,759 [ERROR] ❌ [LOCK] 다른 트레이더 프로세스(PID 56298)가 가동 중 — 중복 방지 위해 종료

===== [2026-07-31 05:48:23] watchdog 실행: 8407_bot =====
2026-07-31 05:48:24,022 [ERROR] ❌ [LOCK] 다른 트레이더 프로세스(PID 56298)가 가동 중 — 중복 방지 위해 종료

===== [2026-07-31 05:53:40] watchdog 실행: 8407_bot =====
2026-07-31 05:53:40,336 [ERROR] ❌ [LOCK] 다른 트레이더 프로세스(PID 56298)가 가동 중 — 중복 방지 위해 종료

===== [2026-07-31 05:58:56] watchdog 실행: 8407_bot =====
2026-07-31 05:58:56,662 [ERROR] ❌ [LOCK] 다른 트레이더 프로세스(PID 56298)가 가동 중 — 중복 방지 위해 종료

===== [2026-07-31 06:04:12] watchdog 실행: 8407_bot =====
2026-07-31 06:04:12,966 [ERROR] ❌ [LOCK] 다른 트레이더 프로세스(PID 56298)가 가동 중 — 중복 방지 위해 종료

===== [2026-07-31 06:09:29] watchdog 실행: 8407_bot =====
2026-07-31 06:09:29,296 [ERROR] ❌ [LOCK] 다른 트레이더 프로세스(PID 56298)가 가동 중 — 중복 방지 위해 종료

===== [2026-07-31 06:14:45] watchdog 실행: 8407_bot =====
2026-07-31 06:14:45,568 [ERROR] ❌ [LOCK] 다른 트레이더 프로세스(PID 56298)가 가동 중 — 중복 방지 위해 종료

===== [2026-07-31 06:20:01] watchdog 실행: 8407_bot =====
2026-07-31 06:20:01,990 [ERROR] ❌ [LOCK] 다른 트레이더 프로세스(PID 56298)가 가동 중 — 중복 방지 위해 종료

===== [2026-07-31 06:25:18] watchdog 실행: 8407_bot =====
2026-07-31 06:25:18,308 [ERROR] ❌ [LOCK] 다른 트레이더 프로세스(PID 56298)가 가동 중 — 중복 방지 위해 종료

===== [2026-07-31 06:30:34] watchdog 실행: 8407_bot =====
2026-07-31 06:30:34,625 [ERROR] ❌ [LOCK] 다른 트레이더 프로세스(PID 56298)가 가동 중 — 중복 방지 위해 종료

===== [2026-07-31 06:35:50] watchdog 실행: 8407_bot =====
2026-07-31 06:35:50,907 [ERROR] ❌ [LOCK] 다른 트레이더 프로세스(PID 56298)가 가동 중 — 중복 방지 위해 종료

===== [2026-07-31 06:41:07] watchdog 실행: 8407_bot =====
2026-07-31 06:41:07,314 [ERROR] ❌ [LOCK] 다른 트레이더 프로세스(PID 56298)가 가동 중 — 중복 방지 위해 종료

===== [2026-07-31 06:46:23] watchdog 실행: 8407_bot =====
2026-07-31 06:46:23,589 [ERROR] ❌ [LOCK] 다른 트레이더 프로세스(PID 56298)가 가동 중 — 중복 방지 위해 종료

===== [2026-07-31 06:51:39] watchdog 실행: 8407_bot =====
2026-07-31 06:51:39,880 [ERROR] ❌ [LOCK] 다른 트레이더 프로세스(PID 56298)가 가동 중 — 중복 방지 위해 종료

===== [2026-07-31 06:56:56] watchdog 실행: 8407_bot =====
2026-07-31 06:56:56,167 [ERROR] ❌ [LOCK] 다른 트레이더 프로세스(PID 56298)가 가동 중 — 중복 방지 위해 종료

===== [2026-07-31 07:02:12] watchdog 실행: 8407_bot =====
2026-07-31 07:02:12,449 [ERROR] ❌ [LOCK] 다른 트레이더 프로세스(PID 56298)가 가동 중 — 중복 방지 위해 종료

===== [2026-07-31 07:07:28] watchdog 실행: 8407_bot =====
2026-07-31 07:07:28,805 [ERROR] ❌ [LOCK] 다른 트레이더 프로세스(PID 56298)가 가동 중 — 중복 방지 위해 종료

===== [2026-07-31 07:12:45] watchdog 실행: 8407_bot =====
2026-07-31 07:12:45,113 [ERROR] ❌ [LOCK] 다른 트레이더 프로세스(PID 56298)가 가동 중 — 중복 방지 위해 종료

===== [2026-07-31 07:18:01] watchdog 실행: 8407_bot =====
2026-07-31 07:18:01,397 [ERROR] ❌ [LOCK] 다른 트레이더 프로세스(PID 56298)가 가동 중 — 중복 방지 위해 종료

===== [2026-07-31 07:23:17] watchdog 실행: 8407_bot =====
2026-07-31 07:23:17,711 [ERROR] ❌ [LOCK] 다른 트레이더 프로세스(PID 56298)가 가동 중 — 중복 방지 위해 종료

===== [2026-07-31 07:28:34] watchdog 실행: 8407_bot =====
2026-07-31 07:28:34,070 [ERROR] ❌ [LOCK] 다른 트레이더 프로세스(PID 56298)가 가동 중 — 중복 방지 위해 종료

===== [2026-07-31 07:33:50] watchdog 실행: 8407_bot =====
2026-07-31 07:33:50,281 [ERROR] ❌ [LOCK] 다른 트레이더 프로세스(PID 56298)가 가동 중 — 중복 방지 위해 종료

===== [2026-07-31 07:39:06] watchdog 실행: 8407_bot =====
2026-07-31 07:39:06,573 [ERROR] ❌ [LOCK] 다른 트레이더 프로세스(PID 56298)가 가동 중 — 중복 방지 위해 종료

===== [2026-07-31 07:44:22] watchdog 실행: 8407_bot =====
2026-07-31 07:44:22,885 [ERROR] ❌ [LOCK] 다른 트레이더 프로세스(PID 56298)가 가동 중 — 중복 방지 위해 종료

===== [2026-07-31 07:49:39] watchdog 실행: 8407_bot =====
2026-07-31 07:49:39,199 [ERROR] ❌ [LOCK] 다른 트레이더 프로세스(PID 56298)가 가동 중 — 중복 방지 위해 종료

===== [2026-07-31 07:54:55] watchdog 실행: 8407_bot =====
2026-07-31 07:54:55,519 [ERROR] ❌ [LOCK] 다른 트레이더 프로세스(PID 56298)가 가동 중 — 중복 방지 위해 종료

===== [2026-07-31 08:00:11] watchdog 실행: 8407_bot =====
2026-07-31 08:00:11,824 [ERROR] ❌ [LOCK] 다른 트레이더 프로세스(PID 56298)가 가동 중 — 중복 방지 위해 종료

===== [2026-07-31 08:05:28] watchdog 실행: 8407_bot =====
2026-07-31 08:05:28,142 [ERROR] ❌ [LOCK] 다른 트레이더 프로세스(PID 56298)가 가동 중 — 중복 방지 위해 종료

===== [2026-07-31 08:10:44] watchdog 실행: 8407_bot =====
2026-07-31 08:10:44,432 [ERROR] ❌ [LOCK] 다른 트레이더 프로세스(PID 56298)가 가동 중 — 중복 방지 위해 종료

===== [2026-07-31 08:16:00] watchdog 실행: 8407_bot =====
2026-07-31 08:16:00,812 [ERROR] ❌ [LOCK] 다른 트레이더 프로세스(PID 56298)가 가동 중 — 중복 방지 위해 종료

===== [2026-07-31 08:21:17] watchdog 실행: 8407_bot =====
2026-07-31 08:21:17,207 [ERROR] ❌ [LOCK] 다른 트레이더 프로세스(PID 56298)가 가동 중 — 중복 방지 위해 종료

===== [2026-07-31 08:26:33] watchdog 실행: 8407_bot =====
2026-07-31 08:26:33,605 [ERROR] ❌ [LOCK] 다른 트레이더 프로세스(PID 56298)가 가동 중 — 중복 방지 위해 종료

===== [2026-07-31 08:31:49] watchdog 실행: 8407_bot =====
2026-07-31 08:31:50,026 [ERROR] ❌ [LOCK] 다른 트레이더 프로세스(PID 56298)가 가동 중 — 중복 방지 위해 종료

===== [2026-07-31 08:37:06] watchdog 실행: 8407_bot =====
2026-07-31 08:37:06,420 [ERROR] ❌ [LOCK] 다른 트레이더 프로세스(PID 56298)가 가동 중 — 중복 방지 위해 종료

===== [2026-07-31 08:42:22] watchdog 실행: 8407_bot =====
2026-07-31 08:42:22,847 [ERROR] ❌ [LOCK] 다른 트레이더 프로세스(PID 56298)가 가동 중 — 중복 방지 위해 종료

===== [2026-07-31 08:47:39] watchdog 실행: 8407_bot =====
2026-07-31 08:47:39,279 [ERROR] ❌ [LOCK] 다른 트레이더 프로세스(PID 56298)가 가동 중 — 중복 방지 위해 종료

===== [2026-07-31 08:52:55] watchdog 실행: 8407_bot =====
2026-07-31 08:52:55,675 [ERROR] ❌ [LOCK] 다른 트레이더 프로세스(PID 56298)가 가동 중 — 중복 방지 위해 종료

===== [2026-07-31 08:58:12] watchdog 실행: 8407_bot =====
2026-07-31 08:58:12,085 [ERROR] ❌ [LOCK] 다른 트레이더 프로세스(PID 56298)가 가동 중 — 중복 방지 위해 종료

===== [2026-07-31 09:03:28] watchdog 실행: 8407_bot =====
2026-07-31 09:03:28,508 [ERROR] ❌ [LOCK] 다른 트레이더 프로세스(PID 56298)가 가동 중 — 중복 방지 위해 종료

===== [2026-07-31 09:08:44] watchdog 실행: 8407_bot =====
2026-07-31 09:08:44,951 [ERROR] ❌ [LOCK] 다른 트레이더 프로세스(PID 56298)가 가동 중 — 중복 방지 위해 종료

===== [2026-07-31 09:14:01] watchdog 실행: 8407_bot =====
2026-07-31 09:14:01,383 [ERROR] ❌ [LOCK] 다른 트레이더 프로세스(PID 56298)가 가동 중 — 중복 방지 위해 종료

===== [2026-07-31 09:19:17] watchdog 실행: 8407_bot =====
2026-07-31 09:19:17,777 [ERROR] ❌ [LOCK] 다른 트레이더 프로세스(PID 56298)가 가동 중 — 중복 방지 위해 종료

===== [2026-07-31 09:24:34] watchdog 실행: 8407_bot =====
2026-07-31 09:24:34,215 [ERROR] ❌ [LOCK] 다른 트레이더 프로세스(PID 56298)가 가동 중 — 중복 방지 위해 종료

===== [2026-07-31 09:29:50] watchdog 실행: 8407_bot =====
2026-07-31 09:29:50,640 [ERROR] ❌ [LOCK] 다른 트레이더 프로세스(PID 56298)가 가동 중 — 중복 방지 위해 종료

===== [2026-07-31 09:35:07] watchdog 실행: 8407_bot =====
2026-07-31 09:35:07,075 [ERROR] ❌ [LOCK] 다른 트레이더 프로세스(PID 56298)가 가동 중 — 중복 방지 위해 종료

===== [2026-07-31 09:40:23] watchdog 실행: 8407_bot =====
2026-07-31 09:40:23,556 [ERROR] ❌ [LOCK] 다른 트레이더 프로세스(PID 56298)가 가동 중 — 중복 방지 위해 종료

===== [2026-07-31 09:45:39] watchdog 실행: 8407_bot =====
2026-07-31 09:45:40,005 [ERROR] ❌ [LOCK] 다른 트레이더 프로세스(PID 56298)가 가동 중 — 중복 방지 위해 종료

===== [2026-07-31 10:01:46] watchdog 실행: 8407_bot =====
2026-07-31 10:01:46,587 [ERROR] ❌ [LOCK] 다른 트레이더 프로세스(PID 56298)가 가동 중 — 중복 방지 위해 종료

===== [2026-07-31 10:07:02] watchdog 실행: 8407_bot =====
2026-07-31 10:07:03,064 [ERROR] ❌ [LOCK] 다른 트레이더 프로세스(PID 56298)가 가동 중 — 중복 방지 위해 종료
