
===== [2026-07-30 23:03:45] watchdog 실행: 8408_bot =====
/Users/l/project/8408/venv/lib/python3.9/site-packages/urllib3/__init__.py:35: NotOpenSSLWarning: urllib3 v2 only supports OpenSSL 1.1.1+, currently the 'ssl' module is compiled with 'LibreSSL 2.8.3'. See: https://github.com/urllib3/urllib3/issues/3020
  warnings.warn(
2026-07-30 23:03:46,643 [INFO] [CONFIG] JSON 설정 로드: /Users/l/project/8408/config.json
2026-07-30 23:03:46,646 [INFO] =======================================================
2026-07-30 23:03:46,646 [INFO]   8408_binance 매매 엔진 시작 (목표: 일 1% 수익)
2026-07-30 23:03:46,646 [INFO]   전략: 박스권 & 프랙탈  |  TF: 5m
2026-07-30 23:03:46,646 [INFO]   레버리지: 11x  |  증거금: $2.0
2026-07-30 23:03:46,646 [INFO]   SL: 1.0%  TP: 1.8%
2026-07-30 23:03:46,646 [INFO]   스캔 TOP-N: 30  |  자동매매: True
2026-07-30 23:03:46,646 [INFO] =======================================================
2026-07-30 23:03:46,647 [INFO]   ▶ 실행 코드 버전(git): 579e5c0  PID: 46899  시작: 2026-07-30 23:03:46
2026-07-30 23:03:46,647 [INFO] ▶ Binance API 연결 중...
2026-07-30 23:03:47,782 [INFO] ✅ Binance API 연결 성공
2026-07-30 23:03:47,878 [INFO] 💰 잔고: 총 $9.43  |  가용 $9.43 USDT
2026-07-30 23:03:47,879 [INFO] [PERSIST] 활성 포지션 상태 복구 완료 (0건)
2026-07-30 23:03:47,879 [INFO] [PERSIST] SOL/USDT:USDT 종목별 쿨다운 복구 완료 (만료: 2026-07-31 04:38:01.597640)
2026-07-30 23:03:47,879 [INFO] [TRADER] 자동매매 활성화 (Async)
2026-07-30 23:03:47,879 [INFO] [SCANNER] 스캔 엔진 시작 (Async)
2026-07-30 23:03:47,879 [INFO] [SCANNER] 웹소켓 비활성(REST 전용) — 안정성 우선
2026-07-30 23:03:47,879 [INFO] 🤖 자동매매 + 스캐너 가동 완료 — 상시 운영 시작
2026-07-30 23:03:47,879 [INFO] [DISCORD FILTER] '자동매매 엔진 가동 완료' 알림 금지 처리됨
2026-07-30 23:03:48,008 [INFO] [SCAN] 블랙리스트 5개 제외: ['IP/USDT:USDT', 'NES/USDT:USDT', 'WLD/USDT:USDT', 'XAG/USDT:USDT', 'XAU/USDT:USDT', 'XAUT/USDT:USDT']
2026-07-30 23:03:48,009 [INFO] [SCAN] 스캔 시작: 30개 페어 (캐시 0개 보유)
2026-07-30 23:03:50,066 [INFO] [CACHE] BTC/USDT:USDT 초기 로드 300봉
2026-07-30 23:03:50,735 [INFO] [CACHE] ETH/USDT:USDT 초기 로드 300봉
2026-07-30 23:03:50,747 [INFO] [SIG] ETH/USDT:USDT SHORT 신호 포착 (강도 100%)
2026-07-30 23:03:50,747 [INFO] [SIGNAL] ETH/USDT:USDT SHORT 신호 수신 (strength=100)
2026-07-30 23:03:50,747 [INFO] [🐸 청개구리 역매매] 신호 방향 반전: SHORT ➡️ LONG
2026-07-30 23:03:51,135 [INFO] [RISK OK] ETH/USDT:USDT 리스크 체크 통과
2026-07-30 23:03:51,234 [INFO] [ENTRY OK] ETH/USDT:USDT 포지션 체크 통과 (현재 0/3)
2026-07-30 23:03:51,234 [INFO] [MARGIN] AUTO_COMPOUND 활성화 감지
2026-07-30 23:03:51,234 [INFO] [COMPOUND OK] 자동 복리 마진: 총 잔고 $9.43, 비율 33.00% → 1회 진입 증거금 $3.11
2026-07-30 23:03:51,234 [INFO] [MARGIN DECISION] symbol=ETH/USDT:USDT source=compound_cached margin=3.11 auto_compound=True compound_pct=33.00 fixed_margin=2.00
2026-07-30 23:03:51,343 [INFO] [M4 SIZING] ETH/USDT:USDT 잔고=$9.43, 리스크=1.00%, SL거리=0.50% → 증거금=$1.71 (Notional: $18.81)
2026-07-30 23:03:51,343 [INFO] [DualBB SL/TP] ETH/USDT:USDT 시그널 내장 가격 기반: SL=1936.5200(0.404%) TP=1913.1500(0.808%)
2026-07-30 23:03:51,343 [INFO] [FINAL ENTRY] ETH/USDT:USDT BUY 주문 실행 예정: margin=$1.71 SL=0.40% TP=0.81%
2026-07-30 23:03:51,343 [INFO] [ORDER PLACE] ETH/USDT:USDT place_order 호출 중...
2026-07-30 23:03:53,062 [INFO] [상태] 잔고:$9.43 | 포지션:0개 | 스캔:0회 | 스캐너:ON
2026-07-30 23:03:57,392 [ERROR] 주문 실패: binance {"code":-4164,"msg":"Order's notional must be no smaller than 20 (unless you choose reduce only)."}
2026-07-30 23:03:57,392 [INFO] [ORDER RESULT] ETH/USDT:USDT 주문 결과: None
2026-07-30 23:03:58,167 [INFO] [CACHE] SNDK/USDT:USDT 초기 로드 300봉
2026-07-30 23:03:58,834 [INFO] [CACHE] SKHYNIX/USDT:USDT 초기 로드 300봉
2026-07-30 23:03:59,493 [INFO] [CACHE] SOXL/USDT:USDT 초기 로드 300봉
2026-07-30 23:04:00,150 [INFO] [CACHE] MU/USDT:USDT 초기 로드 300봉
2026-07-30 23:04:00,804 [INFO] [CACHE] KORU/USDT:USDT 초기 로드 300봉
2026-07-30 23:04:01,462 [INFO] [CACHE] SKHY/USDT:USDT 초기 로드 300봉
2026-07-30 23:04:02,121 [INFO] [CACHE] SOL/USDT:USDT 초기 로드 300봉
2026-07-30 23:04:02,783 [INFO] [CACHE] CL/USDT:USDT 초기 로드 300봉
2026-07-30 23:04:03,477 [INFO] [CACHE] SPCX/USDT:USDT 초기 로드 300봉
2026-07-30 23:04:04,141 [INFO] [CACHE] COTI/USDT:USDT 초기 로드 300봉
2026-07-30 23:04:04,837 [INFO] [CACHE] BANK/USDT:USDT 초기 로드 300봉
2026-07-30 23:04:05,496 [INFO] [CACHE] EWY/USDT:USDT 초기 로드 300봉
2026-07-30 23:04:06,155 [INFO] [CACHE] SOXS/USDT:USDT 초기 로드 300봉
2026-07-30 23:04:06,815 [INFO] [CACHE] SNXX/USDT:USDT 초기 로드 300봉
2026-07-30 23:04:07,554 [INFO] [CACHE] DRAM/USDT:USDT 초기 로드 300봉
2026-07-30 23:04:08,251 [INFO] [CACHE] XRP/USDT:USDT 초기 로드 300봉
2026-07-30 23:04:08,918 [INFO] [CACHE] SAMSUNG/USDT:USDT 초기 로드 300봉
2026-07-30 23:04:09,586 [INFO] [CACHE] BZ/USDT:USDT 초기 로드 300봉
2026-07-30 23:04:10,285 [INFO] [CACHE] HYPE/USDT:USDT 초기 로드 300봉
2026-07-30 23:04:10,945 [INFO] [CACHE] QQQ/USDT:USDT 초기 로드 300봉
2026-07-30 23:04:11,605 [INFO] [CACHE] ZEC/USDT:USDT 초기 로드 300봉
2026-07-30 23:04:12,257 [INFO] [CACHE] BNB/USDT:USDT 초기 로드 300봉
2026-07-30 23:04:12,919 [INFO] [CACHE] MUU/USDT:USDT 초기 로드 300봉
2026-07-30 23:04:13,593 [INFO] [CACHE] DOGE/USDT:USDT 초기 로드 300봉
2026-07-30 23:04:14,267 [INFO] [CACHE] INTC/USDT:USDT 초기 로드 300봉
2026-07-30 23:04:14,933 [INFO] [CACHE] UAI/USDT:USDT 초기 로드 300봉
2026-07-30 23:04:15,612 [INFO] [CACHE] ON/USDT:USDT 초기 로드 300봉
2026-07-30 23:04:16,282 [INFO] [CACHE] AKE/USDT:USDT 초기 로드 300봉
2026-07-30 23:04:16,797 [INFO] [SCAN] 완료: 30개 종목 · 신호 1개 · API 호출 30회 · 캐시 히트 0회
2026-07-30 23:04:32,108 [INFO] [SCAN] 블랙리스트 5개 제외: ['IP/USDT:USDT', 'NES/USDT:USDT', 'WLD/USDT:USDT', 'XAG/USDT:USDT', 'XAU/USDT:USDT', 'XAUT/USDT:USDT']
2026-07-30 23:04:32,108 [INFO] [SCAN] 스캔 시작: 30개 페어 (캐시 30개 보유)
2026-07-30 23:04:34,584 [INFO] [SIG] ETH/USDT:USDT SHORT 신호 포착 (강도 100%)
2026-07-30 23:04:34,584 [INFO] [SIGNAL] ETH/USDT:USDT SHORT 신호 수신 (strength=100)
2026-07-30 23:04:34,584 [INFO] [🐸 청개구리 역매매] 신호 방향 반전: SHORT ➡️ LONG
2026-07-30 23:04:34,781 [INFO] [RISK OK] ETH/USDT:USDT 리스크 체크 통과
2026-07-30 23:04:34,876 [INFO] [ENTRY OK] ETH/USDT:USDT 포지션 체크 통과 (현재 0/3)
2026-07-30 23:04:34,877 [INFO] [MARGIN] AUTO_COMPOUND 활성화 감지
2026-07-30 23:04:34,877 [INFO] [COMPOUND OK] 자동 복리 마진: 총 잔고 $9.43, 비율 33.00% → 1회 진입 증거금 $3.11
2026-07-30 23:04:34,877 [INFO] [MARGIN DECISION] symbol=ETH/USDT:USDT source=compound_cached margin=3.11 auto_compound=True compound_pct=33.00 fixed_margin=2.00
2026-07-30 23:04:34,974 [INFO] [M4 SIZING] ETH/USDT:USDT 잔고=$9.43, 리스크=1.00%, SL거리=0.50% → 증거금=$1.71 (Notional: $18.81)
2026-07-30 23:04:34,975 [INFO] [DualBB SL/TP] ETH/USDT:USDT 시그널 내장 가격 기반: SL=1936.5200(0.404%) TP=1913.1500(0.808%)
2026-07-30 23:04:34,975 [INFO] [FINAL ENTRY] ETH/USDT:USDT BUY 주문 실행 예정: margin=$1.71 SL=0.40% TP=0.81%
2026-07-30 23:04:34,975 [INFO] [ORDER PLACE] ETH/USDT:USDT place_order 호출 중...
2026-07-30 23:04:41,034 [ERROR] 주문 실패: binance {"code":-4164,"msg":"Order's notional must be no smaller than 20 (unless you choose reduce only)."}
2026-07-30 23:04:41,034 [INFO] [ORDER RESULT] ETH/USDT:USDT 주문 결과: None
2026-07-30 23:04:52,976 [INFO] [SCAN] 완료: 30개 종목 · 신호 1개 · API 호출 30회 · 캐시 히트 0회
2026-07-30 23:04:53,239 [INFO] [상태] 잔고:$9.43 | 포지션:0개 | 스캔:2회 | 스캐너:ON
2026-07-30 23:05:08,116 [INFO] [SCAN] 블랙리스트 5개 제외: ['IP/USDT:USDT', 'NES/USDT:USDT', 'WLD/USDT:USDT', 'XAG/USDT:USDT', 'XAU/USDT:USDT', 'XAUT/USDT:USDT']
2026-07-30 23:05:08,117 [INFO] [SCAN] 스캔 시작: 30개 페어 (캐시 30개 보유)
2026-07-30 23:05:13,480 [INFO] [SIG] SOL/USDT:USDT SHORT 신호 포착 (강도 100%)
2026-07-30 23:05:13,481 [INFO] [SIGNAL] SOL/USDT:USDT SHORT 신호 수신 (strength=100)
2026-07-30 23:05:13,481 [INFO] [🐸 청개구리 역매매] 신호 방향 반전: SHORT ➡️ LONG
2026-07-30 23:05:13,481 [WARNING] [RISK BLOCK] SOL/USDT:USDT — SOL/USDT:USDT 종목별 쿨다운 진행 중 (남은 시간: 19968.1초)
2026-07-30 23:05:22,368 [INFO] [SCAN] 완료: 30개 종목 · 신호 1개 · API 호출 30회 · 캐시 히트 0회
2026-07-30 23:05:37,655 [INFO] [SCAN] 블랙리스트 5개 제외: ['IP/USDT:USDT', 'NES/USDT:USDT', 'WLD/USDT:USDT', 'XAG/USDT:USDT', 'XAU/USDT:USDT', 'XAUT/USDT:USDT']
2026-07-30 23:05:37,655 [INFO] [SCAN] 스캔 시작: 30개 페어 (캐시 30개 보유)
2026-07-30 23:05:42,950 [INFO] [SIG] SOL/USDT:USDT SHORT 신호 포착 (강도 100%)
2026-07-30 23:05:42,951 [INFO] [SIGNAL] SOL/USDT:USDT SHORT 신호 수신 (strength=100)
2026-07-30 23:05:42,951 [INFO] [🐸 청개구리 역매매] 신호 방향 반전: SHORT ➡️ LONG
2026-07-30 23:05:42,951 [WARNING] [RISK BLOCK] SOL/USDT:USDT — SOL/USDT:USDT 종목별 쿨다운 진행 중 (남은 시간: 19938.6초)
2026-07-30 23:05:51,882 [INFO] [SCAN] 완료: 30개 종목 · 신호 1개 · API 호출 30회 · 캐시 히트 0회
2026-07-30 23:05:53,458 [INFO] [상태] 잔고:$9.43 | 포지션:0개 | 스캔:4회 | 스캐너:ON
2026-07-30 23:06:07,027 [INFO] [SCAN] 블랙리스트 5개 제외: ['IP/USDT:USDT', 'NES/USDT:USDT', 'WLD/USDT:USDT', 'XAG/USDT:USDT', 'XAU/USDT:USDT', 'XAUT/USDT:USDT']
2026-07-30 23:06:07,028 [INFO] [SCAN] 스캔 시작: 30개 페어 (캐시 30개 보유)
2026-07-30 23:06:12,328 [INFO] [SIG] SOL/USDT:USDT SHORT 신호 포착 (강도 100%)
2026-07-30 23:06:12,328 [INFO] [SIGNAL] SOL/USDT:USDT SHORT 신호 수신 (strength=100)
2026-07-30 23:06:12,328 [INFO] [🐸 청개구리 역매매] 신호 방향 반전: SHORT ➡️ LONG
2026-07-30 23:06:12,328 [WARNING] [RISK BLOCK] SOL/USDT:USDT — SOL/USDT:USDT 종목별 쿨다운 진행 중 (남은 시간: 19909.3초)
2026-07-30 23:06:21,162 [INFO] [SCAN] 완료: 30개 종목 · 신호 1개 · API 호출 30회 · 캐시 히트 0회
2026-07-30 23:06:36,356 [INFO] [SCAN] 블랙리스트 5개 제외: ['IP/USDT:USDT', 'NES/USDT:USDT', 'WLD/USDT:USDT', 'XAG/USDT:USDT', 'XAU/USDT:USDT', 'XAUT/USDT:USDT']
2026-07-30 23:06:36,357 [INFO] [SCAN] 스캔 시작: 30개 페어 (캐시 30개 보유)
2026-07-30 23:06:41,771 [INFO] [SIG] SOL/USDT:USDT SHORT 신호 포착 (강도 100%)
2026-07-30 23:06:41,771 [INFO] [SIGNAL] SOL/USDT:USDT SHORT 신호 수신 (strength=100)
2026-07-30 23:06:41,771 [INFO] [🐸 청개구리 역매매] 신호 방향 반전: SHORT ➡️ LONG
2026-07-30 23:06:41,772 [WARNING] [RISK BLOCK] SOL/USDT:USDT — SOL/USDT:USDT 종목별 쿨다운 진행 중 (남은 시간: 19879.8초)
2026-07-30 23:06:50,757 [INFO] [SCAN] 완료: 30개 종목 · 신호 1개 · API 호출 30회 · 캐시 히트 0회
2026-07-30 23:06:53,737 [INFO] [상태] 잔고:$9.43 | 포지션:0개 | 스캔:6회 | 스캐너:ON
2026-07-30 23:07:05,990 [INFO] [SCAN] 블랙리스트 5개 제외: ['IP/USDT:USDT', 'NES/USDT:USDT', 'WLD/USDT:USDT', 'XAG/USDT:USDT', 'XAU/USDT:USDT', 'XAUT/USDT:USDT']
2026-07-30 23:07:05,990 [INFO] [SCAN] 스캔 시작: 30개 페어 (캐시 30개 보유)
2026-07-30 23:07:11,358 [INFO] [SIG] SOL/USDT:USDT SHORT 신호 포착 (강도 100%)
2026-07-30 23:07:11,358 [INFO] [SIGNAL] SOL/USDT:USDT SHORT 신호 수신 (strength=100)
2026-07-30 23:07:11,358 [INFO] [🐸 청개구리 역매매] 신호 방향 반전: SHORT ➡️ LONG
2026-07-30 23:07:11,359 [WARNING] [RISK BLOCK] SOL/USDT:USDT — SOL/USDT:USDT 종목별 쿨다운 진행 중 (남은 시간: 19850.2초)
2026-07-30 23:07:20,300 [INFO] [SCAN] 완료: 30개 종목 · 신호 1개 · API 호출 30회 · 캐시 히트 0회
2026-07-30 23:07:35,475 [INFO] [SCAN] 블랙리스트 5개 제외: ['IP/USDT:USDT', 'NES/USDT:USDT', 'WLD/USDT:USDT', 'XAG/USDT:USDT', 'XAU/USDT:USDT', 'XAUT/USDT:USDT']
2026-07-30 23:07:35,476 [INFO] [SCAN] 스캔 시작: 30개 페어 (캐시 30개 보유)
2026-07-30 23:07:40,838 [INFO] [SIG] SOL/USDT:USDT SHORT 신호 포착 (강도 100%)
2026-07-30 23:07:40,838 [INFO] [SIGNAL] SOL/USDT:USDT SHORT 신호 수신 (strength=100)
2026-07-30 23:07:40,838 [INFO] [🐸 청개구리 역매매] 신호 방향 반전: SHORT ➡️ LONG
2026-07-30 23:07:40,839 [WARNING] [RISK BLOCK] SOL/USDT:USDT — SOL/USDT:USDT 종목별 쿨다운 진행 중 (남은 시간: 19820.8초)
2026-07-30 23:07:49,769 [INFO] [SCAN] 완료: 30개 종목 · 신호 1개 · API 호출 30회 · 캐시 히트 0회
2026-07-30 23:07:53,980 [INFO] [상태] 잔고:$9.43 | 포지션:0개 | 스캔:8회 | 스캐너:ON
2026-07-30 23:08:04,961 [INFO] [SCAN] 블랙리스트 5개 제외: ['IP/USDT:USDT', 'NES/USDT:USDT', 'WLD/USDT:USDT', 'XAG/USDT:USDT', 'XAU/USDT:USDT', 'XAUT/USDT:USDT']
2026-07-30 23:08:04,962 [INFO] [SCAN] 스캔 시작: 30개 페어 (캐시 30개 보유)
2026-07-30 23:08:10,349 [INFO] [SIG] SOL/USDT:USDT SHORT 신호 포착 (강도 100%)
2026-07-30 23:08:10,350 [INFO] [SIGNAL] SOL/USDT:USDT SHORT 신호 수신 (strength=100)
2026-07-30 23:08:10,350 [INFO] [🐸 청개구리 역매매] 신호 방향 반전: SHORT ➡️ LONG
2026-07-30 23:08:10,350 [WARNING] [RISK BLOCK] SOL/USDT:USDT — SOL/USDT:USDT 종목별 쿨다운 진행 중 (남은 시간: 19791.2초)
2026-07-30 23:08:19,379 [INFO] [SCAN] 완료: 30개 종목 · 신호 1개 · API 호출 30회 · 캐시 히트 0회
2026-07-30 23:08:34,671 [INFO] [SCAN] 블랙리스트 5개 제외: ['IP/USDT:USDT', 'NES/USDT:USDT', 'WLD/USDT:USDT', 'XAG/USDT:USDT', 'XAU/USDT:USDT', 'XAUT/USDT:USDT']
2026-07-30 23:08:34,672 [INFO] [SCAN] 스캔 시작: 30개 페어 (캐시 30개 보유)
2026-07-30 23:08:40,017 [INFO] [SIG] SOL/USDT:USDT SHORT 신호 포착 (강도 100%)
2026-07-30 23:08:40,017 [INFO] [SIGNAL] SOL/USDT:USDT SHORT 신호 수신 (strength=100)
2026-07-30 23:08:40,017 [INFO] [🐸 청개구리 역매매] 신호 방향 반전: SHORT ➡️ LONG
2026-07-30 23:08:40,017 [WARNING] [RISK BLOCK] SOL/USDT:USDT — SOL/USDT:USDT 종목별 쿨다운 진행 중 (남은 시간: 19761.6초)
2026-07-30 23:08:48,981 [INFO] [SCAN] 완료: 30개 종목 · 신호 1개 · API 호출 30회 · 캐시 히트 0회
2026-07-30 23:08:54,206 [INFO] [상태] 잔고:$9.43 | 포지션:0개 | 스캔:10회 | 스캐너:ON
2026-07-30 23:09:04,144 [INFO] [SCAN] 블랙리스트 5개 제외: ['IP/USDT:USDT', 'NES/USDT:USDT', 'WLD/USDT:USDT', 'XAG/USDT:USDT', 'XAU/USDT:USDT', 'XAUT/USDT:USDT']
2026-07-30 23:09:04,145 [INFO] [SCAN] 스캔 시작: 30개 페어 (캐시 30개 보유)
2026-07-30 23:09:09,546 [INFO] [SIG] SOL/USDT:USDT SHORT 신호 포착 (강도 100%)
2026-07-30 23:09:09,546 [INFO] [SIGNAL] SOL/USDT:USDT SHORT 신호 수신 (strength=100)
2026-07-30 23:09:09,546 [INFO] [🐸 청개구리 역매매] 신호 방향 반전: SHORT ➡️ LONG
2026-07-30 23:09:09,546 [WARNING] [RISK BLOCK] SOL/USDT:USDT — SOL/USDT:USDT 종목별 쿨다운 진행 중 (남은 시간: 19732.1초)
2026-07-30 23:09:18,453 [INFO] [SCAN] 완료: 30개 종목 · 신호 1개 · API 호출 30회 · 캐시 히트 0회
2026-07-30 23:09:33,645 [INFO] [SCAN] 블랙리스트 5개 제외: ['IP/USDT:USDT', 'NES/USDT:USDT', 'WLD/USDT:USDT', 'XAG/USDT:USDT', 'XAU/USDT:USDT', 'XAUT/USDT:USDT']
2026-07-30 23:09:33,645 [INFO] [SCAN] 스캔 시작: 30개 페어 (캐시 30개 보유)
2026-07-30 23:09:38,999 [INFO] [SIG] SOL/USDT:USDT SHORT 신호 포착 (강도 100%)
2026-07-30 23:09:38,999 [INFO] [SIGNAL] SOL/USDT:USDT SHORT 신호 수신 (strength=100)
2026-07-30 23:09:38,999 [INFO] [🐸 청개구리 역매매] 신호 방향 반전: SHORT ➡️ LONG
2026-07-30 23:09:38,999 [WARNING] [RISK BLOCK] SOL/USDT:USDT — SOL/USDT:USDT 종목별 쿨다운 진행 중 (남은 시간: 19702.6초)
2026-07-30 23:09:47,980 [INFO] [SCAN] 완료: 30개 종목 · 신호 1개 · API 호출 30회 · 캐시 히트 0회
2026-07-30 23:09:54,450 [INFO] [상태] 잔고:$9.43 | 포지션:0개 | 스캔:12회 | 스캐너:ON
2026-07-30 23:10:13,222 [INFO] [SCAN] 블랙리스트 5개 제외: ['IP/USDT:USDT', 'NES/USDT:USDT', 'WLD/USDT:USDT', 'XAG/USDT:USDT', 'XAU/USDT:USDT', 'XAUT/USDT:USDT']
2026-07-30 23:10:13,222 [INFO] [SCAN] 스캔 시작: 30개 페어 (캐시 30개 보유)
2026-07-30 23:10:27,530 [INFO] [SCAN] 완료: 30개 종목 · 신호 0개 · API 호출 30회 · 캐시 히트 0회
2026-07-30 23:10:42,735 [INFO] [SCAN] 블랙리스트 5개 제외: ['IP/USDT:USDT', 'NES/USDT:USDT', 'WLD/USDT:USDT', 'XAG/USDT:USDT', 'XAU/USDT:USDT', 'XAUT/USDT:USDT']
2026-07-30 23:10:42,736 [INFO] [SCAN] 스캔 시작: 30개 페어 (캐시 30개 보유)
2026-07-30 23:10:54,680 [INFO] [상태] 잔고:$9.43 | 포지션:0개 | 스캔:13회 | 스캐너:ON
2026-07-30 23:10:57,187 [INFO] [SCAN] 완료: 30개 종목 · 신호 0개 · API 호출 30회 · 캐시 히트 0회
2026-07-30 23:11:12,479 [INFO] [SCAN] 블랙리스트 5개 제외: ['IP/USDT:USDT', 'NES/USDT:USDT', 'WLD/USDT:USDT', 'XAG/USDT:USDT', 'XAU/USDT:USDT', 'XAUT/USDT:USDT']
2026-07-30 23:11:12,480 [INFO] [SCAN] 스캔 시작: 30개 페어 (캐시 30개 보유)
2026-07-30 23:11:26,809 [INFO] [SCAN] 완료: 30개 종목 · 신호 0개 · API 호출 30회 · 캐시 히트 0회
2026-07-30 23:11:42,012 [INFO] [SCAN] 블랙리스트 5개 제외: ['IP/USDT:USDT', 'NES/USDT:USDT', 'WLD/USDT:USDT', 'XAG/USDT:USDT', 'XAU/USDT:USDT', 'XAUT/USDT:USDT']
2026-07-30 23:11:42,013 [INFO] [SCAN] 스캔 시작: 30개 페어 (캐시 30개 보유)
2026-07-30 23:11:54,902 [INFO] [상태] 잔고:$9.43 | 포지션:0개 | 스캔:15회 | 스캐너:ON
2026-07-30 23:11:56,301 [INFO] [SCAN] 완료: 30개 종목 · 신호 0개 · API 호출 30회 · 캐시 히트 0회
2026-07-30 23:12:11,479 [INFO] [SCAN] 블랙리스트 5개 제외: ['IP/USDT:USDT', 'NES/USDT:USDT', 'WLD/USDT:USDT', 'XAG/USDT:USDT', 'XAU/USDT:USDT', 'XAUT/USDT:USDT']
2026-07-30 23:12:11,479 [INFO] [SCAN] 스캔 시작: 30개 페어 (캐시 30개 보유)
2026-07-30 23:12:25,759 [INFO] [SCAN] 완료: 30개 종목 · 신호 0개 · API 호출 30회 · 캐시 히트 0회
2026-07-30 23:12:41,057 [INFO] [SCAN] 블랙리스트 5개 제외: ['IP/USDT:USDT', 'NES/USDT:USDT', 'WLD/USDT:USDT', 'XAG/USDT:USDT', 'XAU/USDT:USDT', 'XAUT/USDT:USDT']
2026-07-30 23:12:41,058 [INFO] [SCAN] 스캔 시작: 30개 페어 (캐시 30개 보유)
2026-07-30 23:12:55,162 [INFO] [상태] 잔고:$9.43 | 포지션:0개 | 스캔:17회 | 스캐너:ON
2026-07-30 23:12:55,419 [INFO] [SCAN] 완료: 30개 종목 · 신호 0개 · API 호출 30회 · 캐시 히트 0회
2026-07-30 23:13:10,617 [INFO] [SCAN] 블랙리스트 5개 제외: ['IP/USDT:USDT', 'NES/USDT:USDT', 'WLD/USDT:USDT', 'XAG/USDT:USDT', 'XAU/USDT:USDT', 'XAUT/USDT:USDT']
2026-07-30 23:13:10,617 [INFO] [SCAN] 스캔 시작: 30개 페어 (캐시 30개 보유)
2026-07-30 23:13:24,989 [INFO] [SCAN] 완료: 30개 종목 · 신호 0개 · API 호출 30회 · 캐시 히트 0회
2026-07-30 23:13:40,181 [INFO] [SCAN] 블랙리스트 5개 제외: ['IP/USDT:USDT', 'NES/USDT:USDT', 'WLD/USDT:USDT', 'XAG/USDT:USDT', 'XAU/USDT:USDT', 'XAUT/USDT:USDT']
2026-07-30 23:13:40,181 [INFO] [SCAN] 스캔 시작: 30개 페어 (캐시 30개 보유)
2026-07-30 23:13:54,420 [INFO] [SCAN] 완료: 30개 종목 · 신호 0개 · API 호출 30회 · 캐시 히트 0회
2026-07-30 23:13:55,398 [INFO] [상태] 잔고:$9.43 | 포지션:0개 | 스캔:20회 | 스캐너:ON
2026-07-30 23:14:09,653 [INFO] [SCAN] 블랙리스트 5개 제외: ['IP/USDT:USDT', 'NES/USDT:USDT', 'WLD/USDT:USDT', 'XAG/USDT:USDT', 'XAU/USDT:USDT', 'XAUT/USDT:USDT']
2026-07-30 23:14:09,653 [INFO] [SCAN] 스캔 시작: 30개 페어 (캐시 30개 보유)
2026-07-30 23:14:23,903 [INFO] [SCAN] 완료: 30개 종목 · 신호 0개 · API 호출 30회 · 캐시 히트 0회
2026-07-30 23:14:39,107 [INFO] [SCAN] 블랙리스트 5개 제외: ['IP/USDT:USDT', 'NES/USDT:USDT', 'WLD/USDT:USDT', 'XAG/USDT:USDT', 'XAU/USDT:USDT', 'XAUT/USDT:USDT']
2026-07-30 23:14:39,108 [INFO] [SCAN] 스캔 시작: 30개 페어 (캐시 30개 보유)
2026-07-30 23:14:53,314 [INFO] [SCAN] 완료: 30개 종목 · 신호 0개 · API 호출 30회 · 캐시 히트 0회
2026-07-30 23:14:55,606 [INFO] [상태] 잔고:$9.43 | 포지션:0개 | 스캔:22회 | 스캐너:ON
2026-07-30 23:15:08,500 [INFO] [SCAN] 블랙리스트 5개 제외: ['IP/USDT:USDT', 'NES/USDT:USDT', 'WLD/USDT:USDT', 'XAG/USDT:USDT', 'XAU/USDT:USDT', 'XAUT/USDT:USDT']
2026-07-30 23:15:08,500 [INFO] [SCAN] 스캔 시작: 30개 페어 (캐시 30개 보유)
2026-07-30 23:15:19,081 [INFO] [SIG] QQQ/USDT:USDT SHORT 신호 포착 (강도 100%)
2026-07-30 23:15:19,081 [INFO] [SIGNAL] QQQ/USDT:USDT SHORT 신호 수신 (strength=100)
2026-07-30 23:15:19,081 [INFO] [🐸 청개구리 역매매] 신호 방향 반전: SHORT ➡️ LONG
2026-07-30 23:15:19,276 [INFO] [RISK OK] QQQ/USDT:USDT 리스크 체크 통과
2026-07-30 23:15:19,371 [INFO] [ENTRY OK] QQQ/USDT:USDT 포지션 체크 통과 (현재 0/3)
2026-07-30 23:15:19,371 [INFO] [MARGIN] AUTO_COMPOUND 활성화 감지
2026-07-30 23:15:19,371 [INFO] [COMPOUND OK] 자동 복리 마진: 총 잔고 $9.43, 비율 33.00% → 1회 진입 증거금 $3.11
2026-07-30 23:15:19,371 [INFO] [MARGIN DECISION] symbol=QQQ/USDT:USDT source=compound_cached margin=3.11 auto_compound=True compound_pct=33.00 fixed_margin=2.00
2026-07-30 23:15:19,464 [INFO] [M4 SIZING] QQQ/USDT:USDT 잔고=$9.43, 리스크=1.00%, SL거리=0.50% → 증거금=$1.71 (Notional: $18.81)
2026-07-30 23:15:19,465 [INFO] [DualBB SL/TP] QQQ/USDT:USDT 시그널 내장 가격 기반: SL=683.1100(0.261%) TP=677.7700(0.523%)
2026-07-30 23:15:19,465 [INFO] [FINAL ENTRY] QQQ/USDT:USDT BUY 주문 실행 예정: margin=$1.71 SL=0.26% TP=0.52%
2026-07-30 23:15:19,465 [INFO] [ORDER PLACE] QQQ/USDT:USDT place_order 호출 중...
2026-07-30 23:15:25,604 [ERROR] 주문 실패: binance {"code":-4411,"msg":"Please sign TradFi-Perps agreement contract fapi."}
2026-07-30 23:15:25,605 [INFO] [ORDER RESULT] QQQ/USDT:USDT 주문 결과: None
2026-07-30 23:15:29,346 [INFO] [SCAN] 완료: 30개 종목 · 신호 1개 · API 호출 30회 · 캐시 히트 0회
2026-07-30 23:15:44,632 [INFO] [SCAN] 블랙리스트 5개 제외: ['IP/USDT:USDT', 'NES/USDT:USDT', 'WLD/USDT:USDT', 'XAG/USDT:USDT', 'XAU/USDT:USDT', 'XAUT/USDT:USDT']
2026-07-30 23:15:44,633 [INFO] [SCAN] 스캔 시작: 30개 페어 (캐시 30개 보유)
2026-07-30 23:15:55,312 [INFO] [SIG] QQQ/USDT:USDT SHORT 신호 포착 (강도 100%)
2026-07-30 23:15:55,312 [INFO] [SIGNAL] QQQ/USDT:USDT SHORT 신호 수신 (strength=100)
2026-07-30 23:15:55,312 [INFO] [🐸 청개구리 역매매] 신호 방향 반전: SHORT ➡️ LONG
2026-07-30 23:15:55,500 [INFO] [RISK OK] QQQ/USDT:USDT 리스크 체크 통과
2026-07-30 23:15:55,597 [INFO] [ENTRY OK] QQQ/USDT:USDT 포지션 체크 통과 (현재 0/3)
2026-07-30 23:15:55,597 [INFO] [MARGIN] AUTO_COMPOUND 활성화 감지
2026-07-30 23:15:55,598 [INFO] [COMPOUND OK] 자동 복리 마진: 총 잔고 $9.43, 비율 33.00% → 1회 진입 증거금 $3.11
2026-07-30 23:15:55,598 [INFO] [MARGIN DECISION] symbol=QQQ/USDT:USDT source=compound_cached margin=3.11 auto_compound=True compound_pct=33.00 fixed_margin=2.00
2026-07-30 23:15:55,695 [INFO] [M4 SIZING] QQQ/USDT:USDT 잔고=$9.43, 리스크=1.00%, SL거리=0.50% → 증거금=$1.71 (Notional: $18.81)
2026-07-30 23:15:55,695 [INFO] [DualBB SL/TP] QQQ/USDT:USDT 시그널 내장 가격 기반: SL=683.1100(0.261%) TP=677.7700(0.523%)
2026-07-30 23:15:55,695 [INFO] [FINAL ENTRY] QQQ/USDT:USDT BUY 주문 실행 예정: margin=$1.71 SL=0.26% TP=0.52%
2026-07-30 23:15:55,695 [INFO] [ORDER PLACE] QQQ/USDT:USDT place_order 호출 중...
2026-07-30 23:15:55,847 [INFO] [상태] 잔고:$9.43 | 포지션:0개 | 스캔:23회 | 스캐너:ON
2026-07-30 23:16:01,769 [ERROR] 주문 실패: binance {"code":-4411,"msg":"Please sign TradFi-Perps agreement contract fapi."}
2026-07-30 23:16:01,770 [INFO] [ORDER RESULT] QQQ/USDT:USDT 주문 결과: None
2026-07-30 23:16:05,530 [INFO] [SCAN] 완료: 30개 종목 · 신호 1개 · API 호출 30회 · 캐시 히트 0회
2026-07-30 23:16:20,700 [INFO] [SCAN] 블랙리스트 5개 제외: ['IP/USDT:USDT', 'NES/USDT:USDT', 'WLD/USDT:USDT', 'XAG/USDT:USDT', 'XAU/USDT:USDT', 'XAUT/USDT:USDT']
2026-07-30 23:16:20,700 [INFO] [SCAN] 스캔 시작: 30개 페어 (캐시 30개 보유)
2026-07-30 23:16:31,247 [INFO] [SIG] QQQ/USDT:USDT SHORT 신호 포착 (강도 100%)
2026-07-30 23:16:31,248 [INFO] [SIGNAL] QQQ/USDT:USDT SHORT 신호 수신 (strength=100)
2026-07-30 23:16:31,248 [INFO] [🐸 청개구리 역매매] 신호 방향 반전: SHORT ➡️ LONG
2026-07-30 23:16:31,440 [INFO] [RISK OK] QQQ/USDT:USDT 리스크 체크 통과
2026-07-30 23:16:31,536 [INFO] [ENTRY OK] QQQ/USDT:USDT 포지션 체크 통과 (현재 0/3)
2026-07-30 23:16:31,536 [INFO] [MARGIN] AUTO_COMPOUND 활성화 감지
2026-07-30 23:16:31,537 [INFO] [COMPOUND OK] 자동 복리 마진: 총 잔고 $9.43, 비율 33.00% → 1회 진입 증거금 $3.11
2026-07-30 23:16:31,537 [INFO] [MARGIN DECISION] symbol=QQQ/USDT:USDT source=compound_cached margin=3.11 auto_compound=True compound_pct=33.00 fixed_margin=2.00
2026-07-30 23:16:31,631 [INFO] [M4 SIZING] QQQ/USDT:USDT 잔고=$9.43, 리스크=1.00%, SL거리=0.50% → 증거금=$1.71 (Notional: $18.81)
2026-07-30 23:16:31,631 [INFO] [DualBB SL/TP] QQQ/USDT:USDT 시그널 내장 가격 기반: SL=683.1100(0.261%) TP=677.7700(0.523%)
2026-07-30 23:16:31,631 [INFO] [FINAL ENTRY] QQQ/USDT:USDT BUY 주문 실행 예정: margin=$1.71 SL=0.26% TP=0.52%
2026-07-30 23:16:31,631 [INFO] [ORDER PLACE] QQQ/USDT:USDT place_order 호출 중...
2026-07-30 23:16:37,729 [ERROR] 주문 실패: binance {"code":-4411,"msg":"Please sign TradFi-Perps agreement contract fapi."}
2026-07-30 23:16:37,729 [INFO] [ORDER RESULT] QQQ/USDT:USDT 주문 결과: None
2026-07-30 23:16:41,497 [INFO] [SCAN] 완료: 30개 종목 · 신호 1개 · API 호출 30회 · 캐시 히트 0회
2026-07-30 23:16:56,065 [INFO] [상태] 잔고:$9.43 | 포지션:0개 | 스캔:25회 | 스캐너:ON
2026-07-30 23:16:56,762 [INFO] [SCAN] 블랙리스트 5개 제외: ['IP/USDT:USDT', 'NES/USDT:USDT', 'WLD/USDT:USDT', 'XAG/USDT:USDT', 'XAU/USDT:USDT', 'XAUT/USDT:USDT']
2026-07-30 23:16:56,762 [INFO] [SCAN] 스캔 시작: 30개 페어 (캐시 30개 보유)
2026-07-30 23:17:07,461 [INFO] [SIG] QQQ/USDT:USDT SHORT 신호 포착 (강도 100%)
2026-07-30 23:17:07,461 [INFO] [SIGNAL] QQQ/USDT:USDT SHORT 신호 수신 (strength=100)
2026-07-30 23:17:07,461 [INFO] [🐸 청개구리 역매매] 신호 방향 반전: SHORT ➡️ LONG
2026-07-30 23:17:07,672 [INFO] [RISK OK] QQQ/USDT:USDT 리스크 체크 통과
2026-07-30 23:17:07,769 [INFO] [ENTRY OK] QQQ/USDT:USDT 포지션 체크 통과 (현재 0/3)
2026-07-30 23:17:07,769 [INFO] [MARGIN] AUTO_COMPOUND 활성화 감지
2026-07-30 23:17:07,769 [INFO] [COMPOUND OK] 자동 복리 마진: 총 잔고 $9.43, 비율 33.00% → 1회 진입 증거금 $3.11
2026-07-30 23:17:07,769 [INFO] [MARGIN DECISION] symbol=QQQ/USDT:USDT source=compound_cached margin=3.11 auto_compound=True compound_pct=33.00 fixed_margin=2.00
2026-07-30 23:17:07,859 [INFO] [M4 SIZING] QQQ/USDT:USDT 잔고=$9.43, 리스크=1.00%, SL거리=0.50% → 증거금=$1.71 (Notional: $18.81)
2026-07-30 23:17:07,859 [INFO] [DualBB SL/TP] QQQ/USDT:USDT 시그널 내장 가격 기반: SL=683.1100(0.261%) TP=677.7700(0.523%)
2026-07-30 23:17:07,859 [INFO] [FINAL ENTRY] QQQ/USDT:USDT BUY 주문 실행 예정: margin=$1.71 SL=0.26% TP=0.52%
2026-07-30 23:17:07,859 [INFO] [ORDER PLACE] QQQ/USDT:USDT place_order 호출 중...
2026-07-30 23:17:13,926 [ERROR] 주문 실패: binance {"code":-4411,"msg":"Please sign TradFi-Perps agreement contract fapi."}
2026-07-30 23:17:13,926 [INFO] [ORDER RESULT] QQQ/USDT:USDT 주문 결과: None
2026-07-30 23:17:17,630 [INFO] [SCAN] 완료: 30개 종목 · 신호 1개 · API 호출 30회 · 캐시 히트 0회
2026-07-30 23:17:32,821 [INFO] [SCAN] 블랙리스트 5개 제외: ['IP/USDT:USDT', 'NES/USDT:USDT', 'WLD/USDT:USDT', 'XAG/USDT:USDT', 'XAU/USDT:USDT', 'XAUT/USDT:USDT']
2026-07-30 23:17:32,821 [INFO] [SCAN] 스캔 시작: 30개 페어 (캐시 30개 보유)
2026-07-30 23:17:43,500 [INFO] [SIG] QQQ/USDT:USDT SHORT 신호 포착 (강도 100%)
2026-07-30 23:17:43,501 [INFO] [SIGNAL] QQQ/USDT:USDT SHORT 신호 수신 (strength=100)
2026-07-30 23:17:43,501 [INFO] [🐸 청개구리 역매매] 신호 방향 반전: SHORT ➡️ LONG
2026-07-30 23:17:43,702 [INFO] [RISK OK] QQQ/USDT:USDT 리스크 체크 통과
2026-07-30 23:17:43,793 [INFO] [ENTRY OK] QQQ/USDT:USDT 포지션 체크 통과 (현재 0/3)
2026-07-30 23:17:43,793 [INFO] [MARGIN] AUTO_COMPOUND 활성화 감지
2026-07-30 23:17:43,793 [INFO] [COMPOUND OK] 자동 복리 마진: 총 잔고 $9.43, 비율 33.00% → 1회 진입 증거금 $3.11
2026-07-30 23:17:43,793 [INFO] [MARGIN DECISION] symbol=QQQ/USDT:USDT source=compound_cached margin=3.11 auto_compound=True compound_pct=33.00 fixed_margin=2.00
2026-07-30 23:17:43,891 [INFO] [M4 SIZING] QQQ/USDT:USDT 잔고=$9.43, 리스크=1.00%, SL거리=0.50% → 증거금=$1.71 (Notional: $18.81)
2026-07-30 23:17:43,891 [INFO] [DualBB SL/TP] QQQ/USDT:USDT 시그널 내장 가격 기반: SL=683.1100(0.261%) TP=677.7700(0.523%)
2026-07-30 23:17:43,891 [INFO] [FINAL ENTRY] QQQ/USDT:USDT BUY 주문 실행 예정: margin=$1.71 SL=0.26% TP=0.52%
2026-07-30 23:17:43,891 [INFO] [ORDER PLACE] QQQ/USDT:USDT place_order 호출 중...
2026-07-30 23:17:49,996 [ERROR] 주문 실패: binance {"code":-4411,"msg":"Please sign TradFi-Perps agreement contract fapi."}
2026-07-30 23:17:49,997 [INFO] [ORDER RESULT] QQQ/USDT:USDT 주문 결과: None
2026-07-30 23:17:53,782 [INFO] [SCAN] 완료: 30개 종목 · 신호 1개 · API 호출 30회 · 캐시 히트 0회
2026-07-30 23:17:56,299 [INFO] [상태] 잔고:$9.43 | 포지션:0개 | 스캔:27회 | 스캐너:ON
2026-07-30 23:18:09,044 [INFO] [SCAN] 블랙리스트 5개 제외: ['IP/USDT:USDT', 'NES/USDT:USDT', 'WLD/USDT:USDT', 'XAG/USDT:USDT', 'XAU/USDT:USDT', 'XAUT/USDT:USDT']
2026-07-30 23:18:09,044 [INFO] [SCAN] 스캔 시작: 30개 페어 (캐시 30개 보유)
2026-07-30 23:18:19,770 [INFO] [SIG] QQQ/USDT:USDT SHORT 신호 포착 (강도 100%)
2026-07-30 23:18:19,771 [INFO] [SIGNAL] QQQ/USDT:USDT SHORT 신호 수신 (strength=100)
2026-07-30 23:18:19,771 [INFO] [🐸 청개구리 역매매] 신호 방향 반전: SHORT ➡️ LONG
2026-07-30 23:18:19,961 [INFO] [RISK OK] QQQ/USDT:USDT 리스크 체크 통과
2026-07-30 23:18:20,057 [INFO] [ENTRY OK] QQQ/USDT:USDT 포지션 체크 통과 (현재 0/3)
2026-07-30 23:18:20,058 [INFO] [MARGIN] AUTO_COMPOUND 활성화 감지
2026-07-30 23:18:20,058 [INFO] [COMPOUND OK] 자동 복리 마진: 총 잔고 $9.43, 비율 33.00% → 1회 진입 증거금 $3.11
2026-07-30 23:18:20,058 [INFO] [MARGIN DECISION] symbol=QQQ/USDT:USDT source=compound_cached margin=3.11 auto_compound=True compound_pct=33.00 fixed_margin=2.00
2026-07-30 23:18:20,155 [INFO] [M4 SIZING] QQQ/USDT:USDT 잔고=$9.43, 리스크=1.00%, SL거리=0.50% → 증거금=$1.71 (Notional: $18.81)
2026-07-30 23:18:20,156 [INFO] [DualBB SL/TP] QQQ/USDT:USDT 시그널 내장 가격 기반: SL=683.1100(0.261%) TP=677.7700(0.523%)
2026-07-30 23:18:20,156 [INFO] [FINAL ENTRY] QQQ/USDT:USDT BUY 주문 실행 예정: margin=$1.71 SL=0.26% TP=0.52%
2026-07-30 23:18:20,156 [INFO] [ORDER PLACE] QQQ/USDT:USDT place_order 호출 중...
2026-07-30 23:18:26,222 [ERROR] 주문 실패: binance {"code":-4411,"msg":"Please sign TradFi-Perps agreement contract fapi."}
2026-07-30 23:18:26,222 [INFO] [ORDER RESULT] QQQ/USDT:USDT 주문 결과: None
2026-07-30 23:18:29,900 [INFO] [SCAN] 완료: 30개 종목 · 신호 1개 · API 호출 30회 · 캐시 히트 0회
2026-07-30 23:18:45,091 [INFO] [SCAN] 블랙리스트 5개 제외: ['IP/USDT:USDT', 'NES/USDT:USDT', 'WLD/USDT:USDT', 'XAG/USDT:USDT', 'XAU/USDT:USDT', 'XAUT/USDT:USDT']
2026-07-30 23:18:45,093 [INFO] [SCAN] 스캔 시작: 30개 페어 (캐시 30개 보유)
2026-07-30 23:18:55,693 [INFO] [SIG] QQQ/USDT:USDT SHORT 신호 포착 (강도 100%)
2026-07-30 23:18:55,694 [INFO] [SIGNAL] QQQ/USDT:USDT SHORT 신호 수신 (strength=100)
2026-07-30 23:18:55,694 [INFO] [🐸 청개구리 역매매] 신호 방향 반전: SHORT ➡️ LONG
2026-07-30 23:18:55,882 [INFO] [RISK OK] QQQ/USDT:USDT 리스크 체크 통과
2026-07-30 23:18:55,985 [INFO] [ENTRY OK] QQQ/USDT:USDT 포지션 체크 통과 (현재 0/3)
2026-07-30 23:18:55,985 [INFO] [MARGIN] AUTO_COMPOUND 활성화 감지
2026-07-30 23:18:55,985 [INFO] [COMPOUND OK] 자동 복리 마진: 총 잔고 $9.43, 비율 33.00% → 1회 진입 증거금 $3.11
2026-07-30 23:18:55,986 [INFO] [MARGIN DECISION] symbol=QQQ/USDT:USDT source=compound_cached margin=3.11 auto_compound=True compound_pct=33.00 fixed_margin=2.00
2026-07-30 23:18:56,081 [INFO] [M4 SIZING] QQQ/USDT:USDT 잔고=$9.43, 리스크=1.00%, SL거리=0.50% → 증거금=$1.71 (Notional: $18.81)
2026-07-30 23:18:56,082 [INFO] [DualBB SL/TP] QQQ/USDT:USDT 시그널 내장 가격 기반: SL=683.1100(0.261%) TP=677.7700(0.523%)
2026-07-30 23:18:56,082 [INFO] [FINAL ENTRY] QQQ/USDT:USDT BUY 주문 실행 예정: margin=$1.71 SL=0.26% TP=0.52%
2026-07-30 23:18:56,082 [INFO] [ORDER PLACE] QQQ/USDT:USDT place_order 호출 중...
2026-07-30 23:18:56,519 [INFO] [상태] 잔고:$9.43 | 포지션:0개 | 스캔:28회 | 스캐너:ON
2026-07-30 23:19:02,140 [ERROR] 주문 실패: binance {"code":-4411,"msg":"Please sign TradFi-Perps agreement contract fapi."}
2026-07-30 23:19:02,141 [INFO] [ORDER RESULT] QQQ/USDT:USDT 주문 결과: None
2026-07-30 23:19:05,867 [INFO] [SCAN] 완료: 30개 종목 · 신호 1개 · API 호출 30회 · 캐시 히트 0회
2026-07-30 23:19:21,148 [INFO] [SCAN] 블랙리스트 5개 제외: ['IP/USDT:USDT', 'NES/USDT:USDT', 'WLD/USDT:USDT', 'XAG/USDT:USDT', 'XAU/USDT:USDT', 'XAUT/USDT:USDT']
2026-07-30 23:19:21,149 [INFO] [SCAN] 스캔 시작: 30개 페어 (캐시 30개 보유)
2026-07-30 23:19:31,717 [INFO] [SIG] QQQ/USDT:USDT SHORT 신호 포착 (강도 100%)
2026-07-30 23:19:31,717 [INFO] [SIGNAL] QQQ/USDT:USDT SHORT 신호 수신 (strength=100)
2026-07-30 23:19:31,717 [INFO] [🐸 청개구리 역매매] 신호 방향 반전: SHORT ➡️ LONG
2026-07-30 23:19:31,908 [INFO] [RISK OK] QQQ/USDT:USDT 리스크 체크 통과
2026-07-30 23:19:32,002 [INFO] [ENTRY OK] QQQ/USDT:USDT 포지션 체크 통과 (현재 0/3)
2026-07-30 23:19:32,002 [INFO] [MARGIN] AUTO_COMPOUND 활성화 감지
2026-07-30 23:19:32,002 [INFO] [COMPOUND OK] 자동 복리 마진: 총 잔고 $9.43, 비율 33.00% → 1회 진입 증거금 $3.11
2026-07-30 23:19:32,002 [INFO] [MARGIN DECISION] symbol=QQQ/USDT:USDT source=compound_cached margin=3.11 auto_compound=True compound_pct=33.00 fixed_margin=2.00
2026-07-30 23:19:32,097 [INFO] [M4 SIZING] QQQ/USDT:USDT 잔고=$9.43, 리스크=1.00%, SL거리=0.50% → 증거금=$1.71 (Notional: $18.81)
2026-07-30 23:19:32,097 [INFO] [DualBB SL/TP] QQQ/USDT:USDT 시그널 내장 가격 기반: SL=683.1100(0.261%) TP=677.7700(0.523%)
2026-07-30 23:19:32,098 [INFO] [FINAL ENTRY] QQQ/USDT:USDT BUY 주문 실행 예정: margin=$1.71 SL=0.26% TP=0.52%
2026-07-30 23:19:32,098 [INFO] [ORDER PLACE] QQQ/USDT:USDT place_order 호출 중...
2026-07-30 23:19:38,148 [ERROR] 주문 실패: binance {"code":-4411,"msg":"Please sign TradFi-Perps agreement contract fapi."}
2026-07-30 23:19:38,148 [INFO] [ORDER RESULT] QQQ/USDT:USDT 주문 결과: None
2026-07-30 23:19:41,876 [INFO] [SCAN] 완료: 30개 종목 · 신호 1개 · API 호출 30회 · 캐시 히트 0회
2026-07-30 23:19:56,784 [INFO] [상태] 잔고:$9.43 | 포지션:0개 | 스캔:30회 | 스캐너:ON
2026-07-30 23:19:57,109 [INFO] [SCAN] 블랙리스트 5개 제외: ['IP/USDT:USDT', 'NES/USDT:USDT', 'WLD/USDT:USDT', 'XAG/USDT:USDT', 'XAU/USDT:USDT', 'XAUT/USDT:USDT']
2026-07-30 23:19:57,110 [INFO] [SCAN] 스캔 시작: 30개 페어 (캐시 30개 보유)
2026-07-30 23:20:11,371 [INFO] [SCAN] 완료: 30개 종목 · 신호 0개 · API 호출 30회 · 캐시 히트 0회
2026-07-30 23:20:26,656 [INFO] [SCAN] 블랙리스트 5개 제외: ['IP/USDT:USDT', 'NES/USDT:USDT', 'WLD/USDT:USDT', 'XAG/USDT:USDT', 'XAU/USDT:USDT', 'XAUT/USDT:USDT']
2026-07-30 23:20:26,659 [INFO] [SCAN] 스캔 시작: 30개 페어 (캐시 30개 보유)
2026-07-30 23:20:40,909 [INFO] [SCAN] 완료: 30개 종목 · 신호 0개 · API 호출 30회 · 캐시 히트 0회
2026-07-30 23:20:56,105 [INFO] [SCAN] 블랙리스트 5개 제외: ['IP/USDT:USDT', 'NES/USDT:USDT', 'WLD/USDT:USDT', 'XAG/USDT:USDT', 'XAU/USDT:USDT', 'XAUT/USDT:USDT']
2026-07-30 23:20:56,105 [INFO] [SCAN] 스캔 시작: 30개 페어 (캐시 30개 보유)
2026-07-30 23:20:58,297 [INFO] [상태] 잔고:$9.43 | 포지션:0개 | 스캔:32회 | 스캐너:ON
2026-07-30 23:21:10,438 [INFO] [SCAN] 완료: 30개 종목 · 신호 0개 · API 호출 30회 · 캐시 히트 0회
2026-07-30 23:21:25,621 [INFO] [SCAN] 블랙리스트 5개 제외: ['IP/USDT:USDT', 'NES/USDT:USDT', 'WLD/USDT:USDT', 'XAG/USDT:USDT', 'XAU/USDT:USDT', 'XAUT/USDT:USDT']
2026-07-30 23:21:25,621 [INFO] [SCAN] 스캔 시작: 30개 페어 (캐시 30개 보유)
2026-07-30 23:21:39,936 [INFO] [SCAN] 완료: 30개 종목 · 신호 0개 · API 호출 30회 · 캐시 히트 0회
2026-07-30 23:21:55,281 [INFO] [SCAN] 블랙리스트 5개 제외: ['IP/USDT:USDT', 'NES/USDT:USDT', 'WLD/USDT:USDT', 'XAG/USDT:USDT', 'XAU/USDT:USDT', 'XAUT/USDT:USDT']
2026-07-30 23:21:55,282 [INFO] [SCAN] 스캔 시작: 30개 페어 (캐시 30개 보유)
2026-07-30 23:21:58,517 [INFO] [상태] 잔고:$9.43 | 포지션:0개 | 스캔:34회 | 스캐너:ON
2026-07-30 23:22:09,590 [INFO] [SCAN] 완료: 30개 종목 · 신호 0개 · API 호출 30회 · 캐시 히트 0회
2026-07-30 23:22:24,802 [INFO] [SCAN] 블랙리스트 5개 제외: ['IP/USDT:USDT', 'NES/USDT:USDT', 'WLD/USDT:USDT', 'XAG/USDT:USDT', 'XAU/USDT:USDT', 'XAUT/USDT:USDT']
2026-07-30 23:22:24,802 [INFO] [SCAN] 스캔 시작: 30개 페어 (캐시 30개 보유)
2026-07-30 23:22:39,040 [INFO] [SCAN] 완료: 30개 종목 · 신호 0개 · API 호출 30회 · 캐시 히트 0회
2026-07-30 23:22:54,245 [INFO] [SCAN] 블랙리스트 5개 제외: ['IP/USDT:USDT', 'NES/USDT:USDT', 'WLD/USDT:USDT', 'XAG/USDT:USDT', 'XAU/USDT:USDT', 'XAUT/USDT:USDT']
2026-07-30 23:22:54,245 [INFO] [SCAN] 스캔 시작: 30개 페어 (캐시 30개 보유)
2026-07-30 23:22:58,796 [INFO] [상태] 잔고:$9.43 | 포지션:0개 | 스캔:36회 | 스캐너:ON
2026-07-30 23:23:08,500 [INFO] [SCAN] 완료: 30개 종목 · 신호 0개 · API 호출 30회 · 캐시 히트 0회
2026-07-30 23:23:23,762 [INFO] [SCAN] 블랙리스트 5개 제외: ['IP/USDT:USDT', 'NES/USDT:USDT', 'WLD/USDT:USDT', 'XAG/USDT:USDT', 'XAU/USDT:USDT', 'XAUT/USDT:USDT']
2026-07-30 23:23:23,763 [INFO] [SCAN] 스캔 시작: 30개 페어 (캐시 30개 보유)
2026-07-30 23:23:37,997 [INFO] [SCAN] 완료: 30개 종목 · 신호 0개 · API 호출 30회 · 캐시 히트 0회
2026-07-30 23:23:53,188 [INFO] [SCAN] 블랙리스트 5개 제외: ['IP/USDT:USDT', 'NES/USDT:USDT', 'WLD/USDT:USDT', 'XAG/USDT:USDT', 'XAU/USDT:USDT', 'XAUT/USDT:USDT']
2026-07-30 23:23:53,188 [INFO] [SCAN] 스캔 시작: 30개 페어 (캐시 30개 보유)
2026-07-30 23:23:59,039 [INFO] [상태] 잔고:$9.43 | 포지션:0개 | 스캔:38회 | 스캐너:ON
2026-07-30 23:24:07,433 [INFO] [SCAN] 완료: 30개 종목 · 신호 0개 · API 호출 30회 · 캐시 히트 0회
2026-07-30 23:24:22,695 [INFO] [SCAN] 블랙리스트 5개 제외: ['IP/USDT:USDT', 'NES/USDT:USDT', 'WLD/USDT:USDT', 'XAG/USDT:USDT', 'XAU/USDT:USDT', 'XAUT/USDT:USDT']
2026-07-30 23:24:22,696 [INFO] [SCAN] 스캔 시작: 30개 페어 (캐시 30개 보유)
2026-07-30 23:24:36,906 [INFO] [SCAN] 완료: 30개 종목 · 신호 0개 · API 호출 30회 · 캐시 히트 0회
2026-07-30 23:24:52,196 [INFO] [SCAN] 블랙리스트 5개 제외: ['IP/USDT:USDT', 'NES/USDT:USDT', 'WLD/USDT:USDT', 'XAG/USDT:USDT', 'XAU/USDT:USDT', 'XAUT/USDT:USDT']
2026-07-30 23:24:52,197 [INFO] [SCAN] 스캔 시작: 30개 페어 (캐시 30개 보유)
2026-07-30 23:24:59,294 [INFO] [상태] 잔고:$9.43 | 포지션:0개 | 스캔:40회 | 스캐너:ON
2026-07-30 23:25:06,594 [INFO] [SCAN] 완료: 30개 종목 · 신호 0개 · API 호출 30회 · 캐시 히트 0회
2026-07-30 23:25:21,796 [INFO] [SCAN] 블랙리스트 5개 제외: ['IP/USDT:USDT', 'NES/USDT:USDT', 'WLD/USDT:USDT', 'XAG/USDT:USDT', 'XAU/USDT:USDT', 'XAUT/USDT:USDT']
2026-07-30 23:25:21,797 [INFO] [SCAN] 스캔 시작: 30개 페어 (캐시 30개 보유)
2026-07-30 23:25:36,034 [INFO] [SCAN] 완료: 30개 종목 · 신호 0개 · API 호출 30회 · 캐시 히트 0회
2026-07-30 23:25:51,216 [INFO] [SCAN] 블랙리스트 5개 제외: ['IP/USDT:USDT', 'NES/USDT:USDT', 'WLD/USDT:USDT', 'XAG/USDT:USDT', 'XAU/USDT:USDT', 'XAUT/USDT:USDT']
2026-07-30 23:25:51,217 [INFO] [SCAN] 스캔 시작: 30개 페어 (캐시 30개 보유)
2026-07-30 23:25:59,522 [INFO] [상태] 잔고:$9.43 | 포지션:0개 | 스캔:42회 | 스캐너:ON
2026-07-30 23:26:05,347 [INFO] [SCAN] 완료: 30개 종목 · 신호 0개 · API 호출 30회 · 캐시 히트 0회
2026-07-30 23:26:20,647 [INFO] [SCAN] 블랙리스트 5개 제외: ['IP/USDT:USDT', 'NES/USDT:USDT', 'WLD/USDT:USDT', 'XAG/USDT:USDT', 'XAU/USDT:USDT', 'XAUT/USDT:USDT']
2026-07-30 23:26:20,648 [INFO] [SCAN] 스캔 시작: 30개 페어 (캐시 30개 보유)
2026-07-30 23:26:34,878 [INFO] [SCAN] 완료: 30개 종목 · 신호 0개 · API 호출 30회 · 캐시 히트 0회
2026-07-30 23:26:50,067 [INFO] [SCAN] 블랙리스트 5개 제외: ['IP/USDT:USDT', 'NES/USDT:USDT', 'WLD/USDT:USDT', 'XAG/USDT:USDT', 'XAU/USDT:USDT', 'XAUT/USDT:USDT']
2026-07-30 23:26:50,067 [INFO] [SCAN] 스캔 시작: 30개 페어 (캐시 30개 보유)
2026-07-30 23:26:59,750 [INFO] [상태] 잔고:$9.43 | 포지션:0개 | 스캔:44회 | 스캐너:ON
2026-07-30 23:27:04,328 [INFO] [SCAN] 완료: 30개 종목 · 신호 0개 · API 호출 30회 · 캐시 히트 0회
2026-07-30 23:27:19,521 [INFO] [SCAN] 블랙리스트 5개 제외: ['IP/USDT:USDT', 'NES/USDT:USDT', 'WLD/USDT:USDT', 'XAG/USDT:USDT', 'XAU/USDT:USDT', 'XAUT/USDT:USDT']
2026-07-30 23:27:19,521 [INFO] [SCAN] 스캔 시작: 30개 페어 (캐시 30개 보유)
2026-07-30 23:27:33,733 [INFO] [SCAN] 완료: 30개 종목 · 신호 0개 · API 호출 30회 · 캐시 히트 0회
2026-07-30 23:27:49,004 [INFO] [SCAN] 블랙리스트 5개 제외: ['IP/USDT:USDT', 'NES/USDT:USDT', 'WLD/USDT:USDT', 'XAG/USDT:USDT', 'XAU/USDT:USDT', 'XAUT/USDT:USDT']
2026-07-30 23:27:49,005 [INFO] [SCAN] 스캔 시작: 30개 페어 (캐시 30개 보유)
2026-07-30 23:27:59,967 [INFO] [상태] 잔고:$9.43 | 포지션:0개 | 스캔:46회 | 스캐너:ON
2026-07-30 23:28:03,166 [INFO] [SCAN] 완료: 30개 종목 · 신호 0개 · API 호출 30회 · 캐시 히트 0회
2026-07-30 23:28:18,363 [INFO] [SCAN] 블랙리스트 5개 제외: ['IP/USDT:USDT', 'NES/USDT:USDT', 'WLD/USDT:USDT', 'XAG/USDT:USDT', 'XAU/USDT:USDT', 'XAUT/USDT:USDT']
2026-07-30 23:28:18,364 [INFO] [SCAN] 스캔 시작: 30개 페어 (캐시 30개 보유)
2026-07-30 23:28:32,534 [INFO] [SCAN] 완료: 30개 종목 · 신호 0개 · API 호출 30회 · 캐시 히트 0회
2026-07-30 23:28:47,700 [INFO] [SCAN] 블랙리스트 5개 제외: ['IP/USDT:USDT', 'NES/USDT:USDT', 'WLD/USDT:USDT', 'XAG/USDT:USDT', 'XAU/USDT:USDT', 'XAUT/USDT:USDT']
2026-07-30 23:28:47,701 [INFO] [SCAN] 스캔 시작: 30개 페어 (캐시 30개 보유)
2026-07-30 23:29:00,187 [INFO] [상태] 잔고:$9.43 | 포지션:0개 | 스캔:48회 | 스캐너:ON
2026-07-30 23:29:01,933 [INFO] [SCAN] 완료: 30개 종목 · 신호 0개 · API 호출 30회 · 캐시 히트 0회
2026-07-30 23:29:17,211 [INFO] [SCAN] 블랙리스트 5개 제외: ['IP/USDT:USDT', 'NES/USDT:USDT', 'WLD/USDT:USDT', 'XAG/USDT:USDT', 'XAU/USDT:USDT', 'XAUT/USDT:USDT']
2026-07-30 23:29:17,212 [INFO] [SCAN] 스캔 시작: 30개 페어 (캐시 30개 보유)
2026-07-30 23:29:31,408 [INFO] [SCAN] 완료: 30개 종목 · 신호 0개 · API 호출 30회 · 캐시 히트 0회
2026-07-30 23:29:46,597 [INFO] [SCAN] 블랙리스트 5개 제외: ['IP/USDT:USDT', 'NES/USDT:USDT', 'WLD/USDT:USDT', 'XAG/USDT:USDT', 'XAU/USDT:USDT', 'XAUT/USDT:USDT']
2026-07-30 23:29:46,597 [INFO] [SCAN] 스캔 시작: 30개 페어 (캐시 30개 보유)
2026-07-30 23:30:00,406 [INFO] [상태] 잔고:$9.43 | 포지션:0개 | 스캔:50회 | 스캐너:ON
2026-07-30 23:30:00,841 [INFO] [SCAN] 완료: 30개 종목 · 신호 0개 · API 호출 30회 · 캐시 히트 0회
2026-07-30 23:30:16,029 [INFO] [SCAN] 블랙리스트 5개 제외: ['IP/USDT:USDT', 'NES/USDT:USDT', 'WLD/USDT:USDT', 'XAG/USDT:USDT', 'XAU/USDT:USDT', 'XAUT/USDT:USDT']
2026-07-30 23:30:16,029 [INFO] [SCAN] 스캔 시작: 30개 페어 (캐시 30개 보유)
2026-07-30 23:30:30,233 [INFO] [SCAN] 완료: 30개 종목 · 신호 0개 · API 호출 30회 · 캐시 히트 0회
2026-07-30 23:30:45,500 [INFO] [SCAN] 블랙리스트 5개 제외: ['IP/USDT:USDT', 'NES/USDT:USDT', 'WLD/USDT:USDT', 'XAG/USDT:USDT', 'XAU/USDT:USDT', 'XAUT/USDT:USDT']
2026-07-30 23:30:45,500 [INFO] [SCAN] 스캔 시작: 30개 페어 (캐시 30개 보유)
2026-07-30 23:30:59,731 [INFO] [SCAN] 완료: 30개 종목 · 신호 0개 · API 호출 30회 · 캐시 히트 0회
2026-07-30 23:31:00,619 [INFO] [상태] 잔고:$9.43 | 포지션:0개 | 스캔:53회 | 스캐너:ON
2026-07-30 23:31:14,884 [INFO] [SCAN] 블랙리스트 5개 제외: ['IP/USDT:USDT', 'NES/USDT:USDT', 'WLD/USDT:USDT', 'XAG/USDT:USDT', 'XAU/USDT:USDT', 'XAUT/USDT:USDT']
2026-07-30 23:31:14,885 [INFO] [SCAN] 스캔 시작: 30개 페어 (캐시 30개 보유)
2026-07-30 23:31:29,100 [INFO] [SCAN] 완료: 30개 종목 · 신호 0개 · API 호출 30회 · 캐시 히트 0회
2026-07-30 23:31:44,305 [INFO] [SCAN] 블랙리스트 5개 제외: ['IP/USDT:USDT', 'NES/USDT:USDT', 'WLD/USDT:USDT', 'XAG/USDT:USDT', 'XAU/USDT:USDT', 'XAUT/USDT:USDT']
2026-07-30 23:31:44,305 [INFO] [SCAN] 스캔 시작: 30개 페어 (캐시 30개 보유)
2026-07-30 23:31:58,535 [INFO] [SCAN] 완료: 30개 종목 · 신호 0개 · API 호출 30회 · 캐시 히트 0회
2026-07-30 23:32:00,913 [INFO] [상태] 잔고:$9.43 | 포지션:0개 | 스캔:55회 | 스캐너:ON
2026-07-30 23:32:13,763 [INFO] [SCAN] 블랙리스트 5개 제외: ['IP/USDT:USDT', 'NES/USDT:USDT', 'WLD/USDT:USDT', 'XAG/USDT:USDT', 'XAU/USDT:USDT', 'XAUT/USDT:USDT']
2026-07-30 23:32:13,764 [INFO] [SCAN] 스캔 시작: 30개 페어 (캐시 30개 보유)
2026-07-30 23:32:27,999 [INFO] [SCAN] 완료: 30개 종목 · 신호 0개 · API 호출 30회 · 캐시 히트 0회
2026-07-30 23:32:43,180 [INFO] [SCAN] 블랙리스트 5개 제외: ['IP/USDT:USDT', 'NES/USDT:USDT', 'WLD/USDT:USDT', 'XAG/USDT:USDT', 'XAU/USDT:USDT', 'XAUT/USDT:USDT']
2026-07-30 23:32:43,181 [INFO] [SCAN] 스캔 시작: 30개 페어 (캐시 30개 보유)
2026-07-30 23:32:57,383 [INFO] [SCAN] 완료: 30개 종목 · 신호 0개 · API 호출 30회 · 캐시 히트 0회
2026-07-30 23:33:01,148 [INFO] [상태] 잔고:$9.43 | 포지션:0개 | 스캔:57회 | 스캐너:ON
2026-07-30 23:33:12,518 [INFO] [SCAN] 블랙리스트 5개 제외: ['IP/USDT:USDT', 'NES/USDT:USDT', 'WLD/USDT:USDT', 'XAG/USDT:USDT', 'XAU/USDT:USDT', 'XAUT/USDT:USDT']
2026-07-30 23:33:12,518 [INFO] [SCAN] 스캔 시작: 30개 페어 (캐시 30개 보유)
2026-07-30 23:33:26,787 [INFO] [SCAN] 완료: 30개 종목 · 신호 0개 · API 호출 30회 · 캐시 히트 0회
2026-07-30 23:33:42,075 [INFO] [SCAN] 블랙리스트 5개 제외: ['IP/USDT:USDT', 'NES/USDT:USDT', 'WLD/USDT:USDT', 'XAG/USDT:USDT', 'XAU/USDT:USDT', 'XAUT/USDT:USDT']
2026-07-30 23:33:42,075 [INFO] [SCAN] 스캔 시작: 30개 페어 (캐시 30개 보유)
2026-07-30 23:33:56,256 [INFO] [SCAN] 완료: 30개 종목 · 신호 0개 · API 호출 30회 · 캐시 히트 0회
2026-07-30 23:34:01,383 [INFO] [상태] 잔고:$9.43 | 포지션:0개 | 스캔:59회 | 스캐너:ON
2026-07-30 23:34:11,415 [INFO] [SCAN] 블랙리스트 5개 제외: ['IP/USDT:USDT', 'NES/USDT:USDT', 'WLD/USDT:USDT', 'XAG/USDT:USDT', 'XAU/USDT:USDT', 'XAUT/USDT:USDT']
2026-07-30 23:34:11,416 [INFO] [SCAN] 스캔 시작: 30개 페어 (캐시 30개 보유)
2026-07-30 23:34:25,610 [INFO] [SCAN] 완료: 30개 종목 · 신호 0개 · API 호출 30회 · 캐시 히트 0회
2026-07-30 23:34:40,804 [INFO] [SCAN] 블랙리스트 5개 제외: ['IP/USDT:USDT', 'NES/USDT:USDT', 'WLD/USDT:USDT', 'XAG/USDT:USDT', 'XAU/USDT:USDT', 'XAUT/USDT:USDT']
2026-07-30 23:34:40,805 [INFO] [SCAN] 스캔 시작: 30개 페어 (캐시 30개 보유)
2026-07-30 23:34:54,985 [INFO] [SCAN] 완료: 30개 종목 · 신호 0개 · API 호출 30회 · 캐시 히트 0회
2026-07-30 23:35:01,639 [INFO] [상태] 잔고:$9.43 | 포지션:0개 | 스캔:61회 | 스캐너:ON
2026-07-30 23:35:10,236 [INFO] [SCAN] 블랙리스트 5개 제외: ['IP/USDT:USDT', 'NES/USDT:USDT', 'WLD/USDT:USDT', 'XAG/USDT:USDT', 'XAU/USDT:USDT', 'XAUT/USDT:USDT']
2026-07-30 23:35:10,237 [INFO] [SCAN] 스캔 시작: 30개 페어 (캐시 30개 보유)
2026-07-30 23:35:24,416 [INFO] [SCAN] 완료: 30개 종목 · 신호 0개 · API 호출 30회 · 캐시 히트 0회
2026-07-30 23:35:39,640 [INFO] [SCAN] 블랙리스트 5개 제외: ['IP/USDT:USDT', 'NES/USDT:USDT', 'WLD/USDT:USDT', 'XAG/USDT:USDT', 'XAU/USDT:USDT', 'XAUT/USDT:USDT']
2026-07-30 23:35:39,640 [INFO] [SCAN] 스캔 시작: 30개 페어 (캐시 30개 보유)
2026-07-30 23:35:53,878 [INFO] [SCAN] 완료: 30개 종목 · 신호 0개 · API 호출 30회 · 캐시 히트 0회
2026-07-30 23:36:01,880 [INFO] [상태] 잔고:$9.43 | 포지션:0개 | 스캔:63회 | 스캐너:ON
2026-07-30 23:36:09,040 [INFO] [SCAN] 블랙리스트 5개 제외: ['IP/USDT:USDT', 'NES/USDT:USDT', 'WLD/USDT:USDT', 'XAG/USDT:USDT', 'XAU/USDT:USDT', 'XAUT/USDT:USDT']
2026-07-30 23:36:09,040 [INFO] [SCAN] 스캔 시작: 30개 페어 (캐시 30개 보유)
2026-07-30 23:36:23,272 [INFO] [SCAN] 완료: 30개 종목 · 신호 0개 · API 호출 30회 · 캐시 히트 0회
2026-07-30 23:36:38,572 [INFO] [SCAN] 블랙리스트 5개 제외: ['IP/USDT:USDT', 'NES/USDT:USDT', 'WLD/USDT:USDT', 'XAG/USDT:USDT', 'XAU/USDT:USDT', 'XAUT/USDT:USDT']
2026-07-30 23:36:38,572 [INFO] [SCAN] 스캔 시작: 30개 페어 (캐시 30개 보유)
2026-07-30 23:36:52,751 [INFO] [SCAN] 완료: 30개 종목 · 신호 0개 · API 호출 30회 · 캐시 히트 0회
2026-07-30 23:37:02,118 [INFO] [상태] 잔고:$9.43 | 포지션:0개 | 스캔:65회 | 스캐너:ON
2026-07-30 23:37:07,896 [INFO] [SCAN] 블랙리스트 5개 제외: ['IP/USDT:USDT', 'NES/USDT:USDT', 'WLD/USDT:USDT', 'XAG/USDT:USDT', 'XAU/USDT:USDT', 'XAUT/USDT:USDT']
2026-07-30 23:37:07,896 [INFO] [SCAN] 스캔 시작: 30개 페어 (캐시 30개 보유)
2026-07-30 23:37:21,972 [INFO] [SCAN] 완료: 30개 종목 · 신호 0개 · API 호출 30회 · 캐시 히트 0회
2026-07-30 23:37:37,170 [INFO] [SCAN] 블랙리스트 5개 제외: ['IP/USDT:USDT', 'NES/USDT:USDT', 'WLD/USDT:USDT', 'XAG/USDT:USDT', 'XAU/USDT:USDT', 'XAUT/USDT:USDT']
2026-07-30 23:37:37,170 [INFO] [SCAN] 스캔 시작: 30개 페어 (캐시 30개 보유)
2026-07-30 23:37:51,310 [INFO] [SCAN] 완료: 30개 종목 · 신호 0개 · API 호출 30회 · 캐시 히트 0회
2026-07-30 23:38:02,381 [INFO] [상태] 잔고:$9.43 | 포지션:0개 | 스캔:67회 | 스캐너:ON
2026-07-30 23:38:06,587 [INFO] [SCAN] 블랙리스트 5개 제외: ['IP/USDT:USDT', 'NES/USDT:USDT', 'WLD/USDT:USDT', 'XAG/USDT:USDT', 'XAU/USDT:USDT', 'XAUT/USDT:USDT']
2026-07-30 23:38:06,588 [INFO] [SCAN] 스캔 시작: 30개 페어 (캐시 30개 보유)
2026-07-30 23:38:20,814 [INFO] [SCAN] 완료: 30개 종목 · 신호 0개 · API 호출 30회 · 캐시 히트 0회
2026-07-30 23:38:35,985 [INFO] [SCAN] 블랙리스트 5개 제외: ['IP/USDT:USDT', 'NES/USDT:USDT', 'WLD/USDT:USDT', 'XAG/USDT:USDT', 'XAU/USDT:USDT', 'XAUT/USDT:USDT']
2026-07-30 23:38:35,985 [INFO] [SCAN] 스캔 시작: 30개 페어 (캐시 30개 보유)
2026-07-30 23:38:50,184 [INFO] [SCAN] 완료: 30개 종목 · 신호 0개 · API 호출 30회 · 캐시 히트 0회
2026-07-30 23:39:02,603 [INFO] [상태] 잔고:$9.43 | 포지션:0개 | 스캔:69회 | 스캐너:ON
2026-07-30 23:39:05,324 [INFO] [SCAN] 블랙리스트 5개 제외: ['IP/USDT:USDT', 'NES/USDT:USDT', 'WLD/USDT:USDT', 'XAG/USDT:USDT', 'XAU/USDT:USDT', 'XAUT/USDT:USDT']
2026-07-30 23:39:05,324 [INFO] [SCAN] 스캔 시작: 30개 페어 (캐시 30개 보유)
2026-07-30 23:39:19,493 [INFO] [SCAN] 완료: 30개 종목 · 신호 0개 · API 호출 30회 · 캐시 히트 0회
2026-07-30 23:39:34,773 [INFO] [SCAN] 블랙리스트 5개 제외: ['IP/USDT:USDT', 'NES/USDT:USDT', 'WLD/USDT:USDT', 'XAG/USDT:USDT', 'XAU/USDT:USDT', 'XAUT/USDT:USDT']
2026-07-30 23:39:34,774 [INFO] [SCAN] 스캔 시작: 30개 페어 (캐시 30개 보유)
2026-07-30 23:39:48,949 [INFO] [SCAN] 완료: 30개 종목 · 신호 0개 · API 호출 30회 · 캐시 히트 0회
2026-07-30 23:40:02,810 [INFO] [상태] 잔고:$9.43 | 포지션:0개 | 스캔:71회 | 스캐너:ON
2026-07-30 23:40:04,104 [INFO] [SCAN] 블랙리스트 5개 제외: ['IP/USDT:USDT', 'NES/USDT:USDT', 'WLD/USDT:USDT', 'XAG/USDT:USDT', 'XAU/USDT:USDT', 'XAUT/USDT:USDT']
2026-07-30 23:40:04,105 [INFO] [SCAN] 스캔 시작: 30개 페어 (캐시 30개 보유)
2026-07-30 23:40:18,291 [INFO] [SCAN] 완료: 30개 종목 · 신호 0개 · API 호출 30회 · 캐시 히트 0회
2026-07-30 23:40:33,479 [INFO] [SCAN] 블랙리스트 5개 제외: ['IP/USDT:USDT', 'NES/USDT:USDT', 'WLD/USDT:USDT', 'XAG/USDT:USDT', 'XAU/USDT:USDT', 'XAUT/USDT:USDT']
2026-07-30 23:40:33,479 [INFO] [SCAN] 스캔 시작: 30개 페어 (캐시 30개 보유)
2026-07-30 23:40:47,679 [INFO] [SCAN] 완료: 30개 종목 · 신호 0개 · API 호출 30회 · 캐시 히트 0회
2026-07-30 23:41:02,961 [INFO] [SCAN] 블랙리스트 5개 제외: ['IP/USDT:USDT', 'NES/USDT:USDT', 'WLD/USDT:USDT', 'XAG/USDT:USDT', 'XAU/USDT:USDT', 'XAUT/USDT:USDT']
2026-07-30 23:41:02,961 [INFO] [SCAN] 스캔 시작: 30개 페어 (캐시 30개 보유)
2026-07-30 23:41:04,995 [INFO] [상태] 잔고:$9.43 | 포지션:0개 | 스캔:73회 | 스캐너:ON
2026-07-30 23:41:17,028 [INFO] [SCAN] 완료: 30개 종목 · 신호 0개 · API 호출 30회 · 캐시 히트 0회
2026-07-30 23:41:32,208 [INFO] [SCAN] 블랙리스트 5개 제외: ['IP/USDT:USDT', 'NES/USDT:USDT', 'WLD/USDT:USDT', 'XAG/USDT:USDT', 'XAU/USDT:USDT', 'XAUT/USDT:USDT']
2026-07-30 23:41:32,210 [INFO] [SCAN] 스캔 시작: 30개 페어 (캐시 30개 보유)
2026-07-30 23:41:46,276 [INFO] [SCAN] 완료: 30개 종목 · 신호 0개 · API 호출 30회 · 캐시 히트 0회
2026-07-30 23:42:01,461 [INFO] [SCAN] 블랙리스트 5개 제외: ['IP/USDT:USDT', 'NES/USDT:USDT', 'WLD/USDT:USDT', 'XAG/USDT:USDT', 'XAU/USDT:USDT', 'XAUT/USDT:USDT']
2026-07-30 23:42:01,462 [INFO] [SCAN] 스캔 시작: 30개 페어 (캐시 30개 보유)
2026-07-30 23:42:05,218 [INFO] [상태] 잔고:$9.43 | 포지션:0개 | 스캔:75회 | 스캐너:ON
2026-07-30 23:42:15,668 [INFO] [SCAN] 완료: 30개 종목 · 신호 0개 · API 호출 30회 · 캐시 히트 0회
2026-07-30 23:42:30,956 [INFO] [SCAN] 블랙리스트 5개 제외: ['IP/USDT:USDT', 'NES/USDT:USDT', 'WLD/USDT:USDT', 'XAG/USDT:USDT', 'XAU/USDT:USDT', 'XAUT/USDT:USDT']
2026-07-30 23:42:30,956 [INFO] [SCAN] 스캔 시작: 30개 페어 (캐시 30개 보유)
2026-07-30 23:42:45,008 [INFO] [SCAN] 완료: 30개 종목 · 신호 0개 · API 호출 30회 · 캐시 히트 0회
2026-07-30 23:43:00,175 [INFO] [SCAN] 블랙리스트 5개 제외: ['IP/USDT:USDT', 'NES/USDT:USDT', 'WLD/USDT:USDT', 'XAG/USDT:USDT', 'XAU/USDT:USDT', 'XAUT/USDT:USDT']
2026-07-30 23:43:00,176 [INFO] [SCAN] 스캔 시작: 30개 페어 (캐시 30개 보유)
2026-07-30 23:43:05,430 [INFO] [상태] 잔고:$9.43 | 포지션:0개 | 스캔:77회 | 스캐너:ON
2026-07-30 23:43:14,289 [INFO] [SCAN] 완료: 30개 종목 · 신호 0개 · API 호출 30회 · 캐시 히트 0회
2026-07-30 23:43:29,462 [INFO] [SCAN] 블랙리스트 5개 제외: ['IP/USDT:USDT', 'NES/USDT:USDT', 'WLD/USDT:USDT', 'XAG/USDT:USDT', 'XAU/USDT:USDT', 'XAUT/USDT:USDT']
2026-07-30 23:43:29,462 [INFO] [SCAN] 스캔 시작: 30개 페어 (캐시 30개 보유)
2026-07-30 23:43:43,628 [INFO] [SCAN] 완료: 30개 종목 · 신호 0개 · API 호출 30회 · 캐시 히트 0회
2026-07-30 23:43:58,880 [INFO] [SCAN] 블랙리스트 5개 제외: ['IP/USDT:USDT', 'NES/USDT:USDT', 'WLD/USDT:USDT', 'XAG/USDT:USDT', 'XAU/USDT:USDT', 'XAUT/USDT:USDT']
2026-07-30 23:43:58,881 [INFO] [SCAN] 스캔 시작: 30개 페어 (캐시 30개 보유)
2026-07-30 23:44:05,644 [INFO] [상태] 잔고:$9.43 | 포지션:0개 | 스캔:79회 | 스캐너:ON
2026-07-30 23:44:13,025 [INFO] [SCAN] 완료: 30개 종목 · 신호 0개 · API 호출 30회 · 캐시 히트 0회
2026-07-30 23:44:28,208 [INFO] [SCAN] 블랙리스트 5개 제외: ['IP/USDT:USDT', 'NES/USDT:USDT', 'WLD/USDT:USDT', 'XAG/USDT:USDT', 'XAU/USDT:USDT', 'XAUT/USDT:USDT']
2026-07-30 23:44:28,210 [INFO] [SCAN] 스캔 시작: 30개 페어 (캐시 30개 보유)
2026-07-30 23:44:42,452 [INFO] [SCAN] 완료: 30개 종목 · 신호 0개 · API 호출 30회 · 캐시 히트 0회
2026-07-30 23:44:57,617 [INFO] [SCAN] 블랙리스트 5개 제외: ['IP/USDT:USDT', 'NES/USDT:USDT', 'WLD/USDT:USDT', 'XAG/USDT:USDT', 'XAU/USDT:USDT', 'XAUT/USDT:USDT']
2026-07-30 23:44:57,617 [INFO] [SCAN] 스캔 시작: 30개 페어 (캐시 30개 보유)
2026-07-30 23:45:05,866 [INFO] [상태] 잔고:$9.43 | 포지션:0개 | 스캔:81회 | 스캐너:ON
2026-07-30 23:45:12,023 [INFO] [SCAN] 완료: 30개 종목 · 신호 0개 · API 호출 30회 · 캐시 히트 0회
2026-07-30 23:45:27,305 [INFO] [SCAN] 블랙리스트 5개 제외: ['IP/USDT:USDT', 'NES/USDT:USDT', 'WLD/USDT:USDT', 'XAG/USDT:USDT', 'XAU/USDT:USDT', 'XAUT/USDT:USDT']
2026-07-30 23:45:27,307 [INFO] [SCAN] 스캔 시작: 30개 페어 (캐시 30개 보유)
2026-07-30 23:45:41,558 [INFO] [SCAN] 완료: 30개 종목 · 신호 0개 · API 호출 30회 · 캐시 히트 0회
2026-07-30 23:45:56,741 [INFO] [SCAN] 블랙리스트 5개 제외: ['IP/USDT:USDT', 'NES/USDT:USDT', 'WLD/USDT:USDT', 'XAG/USDT:USDT', 'XAU/USDT:USDT', 'XAUT/USDT:USDT']
2026-07-30 23:45:56,741 [INFO] [SCAN] 스캔 시작: 30개 페어 (캐시 30개 보유)
2026-07-30 23:46:06,084 [INFO] [상태] 잔고:$9.43 | 포지션:0개 | 스캔:83회 | 스캐너:ON
2026-07-30 23:46:10,926 [INFO] [SCAN] 완료: 30개 종목 · 신호 0개 · API 호출 30회 · 캐시 히트 0회
2026-07-30 23:46:26,101 [INFO] [SCAN] 블랙리스트 5개 제외: ['IP/USDT:USDT', 'NES/USDT:USDT', 'WLD/USDT:USDT', 'XAG/USDT:USDT', 'XAU/USDT:USDT', 'XAUT/USDT:USDT']
2026-07-30 23:46:26,102 [INFO] [SCAN] 스캔 시작: 30개 페어 (캐시 30개 보유)
2026-07-30 23:46:40,308 [INFO] [SCAN] 완료: 30개 종목 · 신호 0개 · API 호출 30회 · 캐시 히트 0회
2026-07-30 23:46:55,583 [INFO] [SCAN] 블랙리스트 5개 제외: ['IP/USDT:USDT', 'NES/USDT:USDT', 'WLD/USDT:USDT', 'XAG/USDT:USDT', 'XAU/USDT:USDT', 'XAUT/USDT:USDT']
2026-07-30 23:46:55,583 [INFO] [SCAN] 스캔 시작: 30개 페어 (캐시 30개 보유)
2026-07-30 23:47:06,309 [INFO] [상태] 잔고:$9.43 | 포지션:0개 | 스캔:85회 | 스캐너:ON
2026-07-30 23:47:09,731 [INFO] [SCAN] 완료: 30개 종목 · 신호 0개 · API 호출 30회 · 캐시 히트 0회
2026-07-30 23:47:24,921 [INFO] [SCAN] 블랙리스트 5개 제외: ['IP/USDT:USDT', 'NES/USDT:USDT', 'WLD/USDT:USDT', 'XAG/USDT:USDT', 'XAU/USDT:USDT', 'XAUT/USDT:USDT']
2026-07-30 23:47:24,922 [INFO] [SCAN] 스캔 시작: 30개 페어 (캐시 30개 보유)
2026-07-30 23:47:39,103 [INFO] [SCAN] 완료: 30개 종목 · 신호 0개 · API 호출 30회 · 캐시 히트 0회
2026-07-30 23:47:54,294 [INFO] [SCAN] 블랙리스트 5개 제외: ['IP/USDT:USDT', 'NES/USDT:USDT', 'WLD/USDT:USDT', 'XAG/USDT:USDT', 'XAU/USDT:USDT', 'XAUT/USDT:USDT']
2026-07-30 23:47:54,295 [INFO] [SCAN] 스캔 시작: 30개 페어 (캐시 30개 보유)
2026-07-30 23:48:06,569 [INFO] [상태] 잔고:$9.43 | 포지션:0개 | 스캔:87회 | 스캐너:ON
2026-07-30 23:48:08,437 [INFO] [SCAN] 완료: 30개 종목 · 신호 0개 · API 호출 30회 · 캐시 히트 0회
2026-07-30 23:48:23,728 [INFO] [SCAN] 블랙리스트 5개 제외: ['IP/USDT:USDT', 'NES/USDT:USDT', 'WLD/USDT:USDT', 'XAG/USDT:USDT', 'XAU/USDT:USDT', 'XAUT/USDT:USDT']
2026-07-30 23:48:23,729 [INFO] [SCAN] 스캔 시작: 30개 페어 (캐시 30개 보유)
2026-07-30 23:48:37,832 [INFO] [SCAN] 완료: 30개 종목 · 신호 0개 · API 호출 30회 · 캐시 히트 0회
2026-07-30 23:48:53,014 [INFO] [SCAN] 블랙리스트 5개 제외: ['IP/USDT:USDT', 'NES/USDT:USDT', 'WLD/USDT:USDT', 'XAG/USDT:USDT', 'XAU/USDT:USDT', 'XAUT/USDT:USDT']
2026-07-30 23:48:53,015 [INFO] [SCAN] 스캔 시작: 30개 페어 (캐시 30개 보유)
2026-07-30 23:49:06,794 [INFO] [상태] 잔고:$9.43 | 포지션:0개 | 스캔:89회 | 스캐너:ON
2026-07-30 23:49:07,280 [INFO] [SCAN] 완료: 30개 종목 · 신호 0개 · API 호출 30회 · 캐시 히트 0회
2026-07-30 23:49:22,495 [INFO] [SCAN] 블랙리스트 5개 제외: ['IP/USDT:USDT', 'NES/USDT:USDT', 'WLD/USDT:USDT', 'XAG/USDT:USDT', 'XAU/USDT:USDT', 'XAUT/USDT:USDT']
2026-07-30 23:49:22,496 [INFO] [SCAN] 스캔 시작: 30개 페어 (캐시 30개 보유)
2026-07-30 23:49:36,741 [INFO] [SCAN] 완료: 30개 종목 · 신호 0개 · API 호출 30회 · 캐시 히트 0회
2026-07-30 23:49:52,030 [INFO] [SCAN] 블랙리스트 5개 제외: ['IP/USDT:USDT', 'NES/USDT:USDT', 'WLD/USDT:USDT', 'XAG/USDT:USDT', 'XAU/USDT:USDT', 'XAUT/USDT:USDT']
2026-07-30 23:49:52,031 [INFO] [SCAN] 스캔 시작: 30개 페어 (캐시 30개 보유)
2026-07-30 23:50:06,513 [INFO] [SCAN] 완료: 30개 종목 · 신호 0개 · API 호출 30회 · 캐시 히트 0회
2026-07-30 23:50:07,026 [INFO] [상태] 잔고:$9.43 | 포지션:0개 | 스캔:92회 | 스캐너:ON
2026-07-30 23:50:21,654 [INFO] [SCAN] 블랙리스트 5개 제외: ['IP/USDT:USDT', 'NES/USDT:USDT', 'WLD/USDT:USDT', 'XAG/USDT:USDT', 'XAU/USDT:USDT', 'XAUT/USDT:USDT']
2026-07-30 23:50:21,655 [INFO] [SCAN] 스캔 시작: 30개 페어 (캐시 30개 보유)
2026-07-30 23:50:35,887 [INFO] [SCAN] 완료: 30개 종목 · 신호 0개 · API 호출 30회 · 캐시 히트 0회
2026-07-30 23:50:51,064 [INFO] [SCAN] 블랙리스트 5개 제외: ['IP/USDT:USDT', 'NES/USDT:USDT', 'WLD/USDT:USDT', 'XAG/USDT:USDT', 'XAU/USDT:USDT', 'XAUT/USDT:USDT']
2026-07-30 23:50:51,065 [INFO] [SCAN] 스캔 시작: 30개 페어 (캐시 30개 보유)
2026-07-30 23:51:05,387 [INFO] [SCAN] 완료: 30개 종목 · 신호 0개 · API 호출 30회 · 캐시 히트 0회
2026-07-30 23:51:07,272 [INFO] [상태] 잔고:$9.43 | 포지션:0개 | 스캔:94회 | 스캐너:ON
2026-07-30 23:51:20,683 [INFO] [SCAN] 블랙리스트 5개 제외: ['IP/USDT:USDT', 'NES/USDT:USDT', 'WLD/USDT:USDT', 'XAG/USDT:USDT', 'XAU/USDT:USDT', 'XAUT/USDT:USDT']
2026-07-30 23:51:20,683 [INFO] [SCAN] 스캔 시작: 30개 페어 (캐시 30개 보유)
2026-07-30 23:51:34,993 [INFO] [SCAN] 완료: 30개 종목 · 신호 0개 · API 호출 30회 · 캐시 히트 0회
2026-07-30 23:51:50,227 [INFO] [SCAN] 블랙리스트 5개 제외: ['IP/USDT:USDT', 'NES/USDT:USDT', 'WLD/USDT:USDT', 'XAG/USDT:USDT', 'XAU/USDT:USDT', 'XAUT/USDT:USDT']
2026-07-30 23:51:50,227 [INFO] [SCAN] 스캔 시작: 30개 페어 (캐시 30개 보유)
2026-07-30 23:52:04,497 [INFO] [SCAN] 완료: 30개 종목 · 신호 0개 · API 호출 30회 · 캐시 히트 0회
2026-07-30 23:52:07,545 [INFO] [상태] 잔고:$9.43 | 포지션:0개 | 스캔:96회 | 스캐너:ON
2026-07-30 23:52:19,654 [INFO] [SCAN] 블랙리스트 5개 제외: ['IP/USDT:USDT', 'NES/USDT:USDT', 'WLD/USDT:USDT', 'XAG/USDT:USDT', 'XAU/USDT:USDT', 'XAUT/USDT:USDT']
2026-07-30 23:52:19,654 [INFO] [SCAN] 스캔 시작: 30개 페어 (캐시 30개 보유)
2026-07-30 23:52:33,770 [INFO] [SCAN] 완료: 30개 종목 · 신호 0개 · API 호출 30회 · 캐시 히트 0회
2026-07-30 23:52:49,051 [INFO] [SCAN] 블랙리스트 5개 제외: ['IP/USDT:USDT', 'NES/USDT:USDT', 'WLD/USDT:USDT', 'XAG/USDT:USDT', 'XAU/USDT:USDT', 'XAUT/USDT:USDT']
2026-07-30 23:52:49,052 [INFO] [SCAN] 스캔 시작: 30개 페어 (캐시 30개 보유)
2026-07-30 23:53:03,137 [INFO] [SCAN] 완료: 30개 종목 · 신호 0개 · API 호출 30회 · 캐시 히트 0회
2026-07-30 23:53:07,769 [INFO] [상태] 잔고:$9.43 | 포지션:0개 | 스캔:98회 | 스캐너:ON
2026-07-30 23:53:18,301 [INFO] [SCAN] 블랙리스트 5개 제외: ['IP/USDT:USDT', 'NES/USDT:USDT', 'WLD/USDT:USDT', 'XAG/USDT:USDT', 'XAU/USDT:USDT', 'XAUT/USDT:USDT']
2026-07-30 23:53:18,301 [INFO] [SCAN] 스캔 시작: 30개 페어 (캐시 30개 보유)
2026-07-30 23:53:32,379 [INFO] [SCAN] 완료: 30개 종목 · 신호 0개 · API 호출 30회 · 캐시 히트 0회
2026-07-30 23:53:47,581 [INFO] [SCAN] 블랙리스트 5개 제외: ['IP/USDT:USDT', 'NES/USDT:USDT', 'WLD/USDT:USDT', 'XAG/USDT:USDT', 'XAU/USDT:USDT', 'XAUT/USDT:USDT']
2026-07-30 23:53:47,582 [INFO] [SCAN] 스캔 시작: 30개 페어 (캐시 30개 보유)
2026-07-30 23:54:01,645 [INFO] [SCAN] 완료: 30개 종목 · 신호 0개 · API 호출 30회 · 캐시 히트 0회
2026-07-30 23:54:07,985 [INFO] [상태] 잔고:$9.43 | 포지션:0개 | 스캔:100회 | 스캐너:ON
2026-07-30 23:54:16,880 [INFO] [SCAN] 블랙리스트 5개 제외: ['IP/USDT:USDT', 'NES/USDT:USDT', 'WLD/USDT:USDT', 'XAG/USDT:USDT', 'XAU/USDT:USDT', 'XAUT/USDT:USDT']
2026-07-30 23:54:16,881 [INFO] [SCAN] 스캔 시작: 30개 페어 (캐시 30개 보유)
2026-07-30 23:54:30,969 [INFO] [SCAN] 완료: 30개 종목 · 신호 0개 · API 호출 30회 · 캐시 히트 0회
2026-07-30 23:54:46,180 [INFO] [SCAN] 블랙리스트 5개 제외: ['IP/USDT:USDT', 'NES/USDT:USDT', 'WLD/USDT:USDT', 'XAG/USDT:USDT', 'XAU/USDT:USDT', 'XAUT/USDT:USDT']
2026-07-30 23:54:46,180 [INFO] [SCAN] 스캔 시작: 30개 페어 (캐시 30개 보유)
2026-07-30 23:55:00,291 [INFO] [SCAN] 완료: 30개 종목 · 신호 0개 · API 호출 30회 · 캐시 히트 0회
2026-07-30 23:55:08,197 [INFO] [상태] 잔고:$9.43 | 포지션:0개 | 스캔:102회 | 스캐너:ON
2026-07-30 23:55:15,484 [INFO] [SCAN] 블랙리스트 5개 제외: ['IP/USDT:USDT', 'NES/USDT:USDT', 'WLD/USDT:USDT', 'XAG/USDT:USDT', 'XAU/USDT:USDT', 'XAUT/USDT:USDT']
2026-07-30 23:55:15,484 [INFO] [SCAN] 스캔 시작: 30개 페어 (캐시 30개 보유)
2026-07-30 23:55:29,537 [INFO] [SCAN] 완료: 30개 종목 · 신호 0개 · API 호출 30회 · 캐시 히트 0회
2026-07-30 23:55:44,831 [INFO] [SCAN] 블랙리스트 5개 제외: ['IP/USDT:USDT', 'NES/USDT:USDT', 'WLD/USDT:USDT', 'XAG/USDT:USDT', 'XAU/USDT:USDT', 'XAUT/USDT:USDT']
2026-07-30 23:55:44,832 [INFO] [SCAN] 스캔 시작: 30개 페어 (캐시 30개 보유)
2026-07-30 23:55:58,969 [INFO] [SCAN] 완료: 30개 종목 · 신호 0개 · API 호출 30회 · 캐시 히트 0회
2026-07-30 23:56:08,416 [INFO] [상태] 잔고:$9.43 | 포지션:0개 | 스캔:104회 | 스캐너:ON
2026-07-30 23:56:14,104 [INFO] [SCAN] 블랙리스트 5개 제외: ['IP/USDT:USDT', 'NES/USDT:USDT', 'WLD/USDT:USDT', 'XAG/USDT:USDT', 'XAU/USDT:USDT', 'XAUT/USDT:USDT']
2026-07-30 23:56:14,104 [INFO] [SCAN] 스캔 시작: 30개 페어 (캐시 30개 보유)
2026-07-30 23:56:24,330 [INFO] 🛑 봇 종료
2026-07-30 23:56:24,331 [INFO] [SCAN] 완료: 21개 종목 · 신호 0개 · API 호출 21회 · 캐시 히트 0회
2026-07-30 23:56:24,390 [WARNING] binance requires to release all resources with an explicit call to the .close() coroutine. If you are using the exchange instance with async coroutines, add `await exchange.close()` to your code into a place when you're done with the exchange and don't need the exchange instance anymore (at the end of your async coroutine).
2026-07-30 23:56:24,390 [ERROR] Unclosed connector
connections: ['deque([(<aiohttp.client_proto.ResponseHandler object at 0x11d2a67c0>, 3158.721110458)])']
connector: <aiohttp.connector.TCPConnector object at 0x10f654250>
2026-07-30 23:56:24,393 [ERROR] Fatal error on SSL transport
protocol: <asyncio.sslproto.SSLProtocol object at 0x11d701130>
transport: <_SelectorSocketTransport closing fd=14>
Traceback (most recent call last):
  File "/Library/Developer/CommandLineTools/Library/Frameworks/Python3.framework/Versions/3.9/lib/python3.9/asyncio/selector_events.py", line 918, in write
    n = self._sock.send(data)
OSError: [Errno 9] Bad file descriptor

During handling of the above exception, another exception occurred:

Traceback (most recent call last):
  File "/Library/Developer/CommandLineTools/Library/Frameworks/Python3.framework/Versions/3.9/lib/python3.9/asyncio/sslproto.py", line 684, in _process_write_backlog
    self._transport.write(chunk)
  File "/Library/Developer/CommandLineTools/Library/Frameworks/Python3.framework/Versions/3.9/lib/python3.9/asyncio/selector_events.py", line 924, in write
    self._fatal_error(exc, 'Fatal write error on socket transport')
  File "/Library/Developer/CommandLineTools/Library/Frameworks/Python3.framework/Versions/3.9/lib/python3.9/asyncio/selector_events.py", line 719, in _fatal_error
    self._force_close(exc)
  File "/Library/Developer/CommandLineTools/Library/Frameworks/Python3.framework/Versions/3.9/lib/python3.9/asyncio/selector_events.py", line 731, in _force_close
    self._loop.call_soon(self._call_connection_lost, exc)
  File "/Library/Developer/CommandLineTools/Library/Frameworks/Python3.framework/Versions/3.9/lib/python3.9/asyncio/base_events.py", line 746, in call_soon
    self._check_closed()
  File "/Library/Developer/CommandLineTools/Library/Frameworks/Python3.framework/Versions/3.9/lib/python3.9/asyncio/base_events.py", line 510, in _check_closed
    raise RuntimeError('Event loop is closed')
RuntimeError: Event loop is closed

===== [2026-07-31 00:00:20] watchdog 실행: 8408_bot =====
/Users/l/project/8408/venv/lib/python3.9/site-packages/urllib3/__init__.py:35: NotOpenSSLWarning: urllib3 v2 only supports OpenSSL 1.1.1+, currently the 'ssl' module is compiled with 'LibreSSL 2.8.3'. See: https://github.com/urllib3/urllib3/issues/3020
  warnings.warn(
2026-07-31 00:00:21,135 [INFO] 🛑 봇 종료

===== [2026-07-31 00:42:37] watchdog 실행: 8408_bot =====
/Users/l/project/8408/venv/lib/python3.9/site-packages/urllib3/__init__.py:35: NotOpenSSLWarning: urllib3 v2 only supports OpenSSL 1.1.1+, currently the 'ssl' module is compiled with 'LibreSSL 2.8.3'. See: https://github.com/urllib3/urllib3/issues/3020
  warnings.warn(
2026-07-31 00:42:38,180 [INFO] [CONFIG] JSON 설정 로드: /Users/l/project/8408/config.json
2026-07-31 00:42:38,192 [INFO] =======================================================
2026-07-31 00:42:38,192 [INFO]   8408_binance 매매 엔진 시작 (목표: 일 1% 수익)
2026-07-31 00:42:38,192 [INFO]   전략: 박스권 & 프랙탈  |  TF: 5m
2026-07-31 00:42:38,192 [INFO]   레버리지: 11x  |  증거금: $2.0
2026-07-31 00:42:38,192 [INFO]   SL: 1.0%  TP: 1.8%
2026-07-31 00:42:38,192 [INFO]   스캔 TOP-N: 30  |  자동매매: True
2026-07-31 00:42:38,192 [INFO] =======================================================
2026-07-31 00:42:38,193 [INFO]   ▶ 실행 코드 버전(git): b822c8f  PID: 71321  시작: 2026-07-31 00:42:38
2026-07-31 00:42:38,193 [INFO] ▶ Binance API 연결 중...
2026-07-31 00:42:39,317 [INFO] ✅ Binance API 연결 성공
2026-07-31 00:42:39,409 [INFO] 💰 잔고: 총 $9.43  |  가용 $9.43 USDT
2026-07-31 00:42:39,409 [INFO] [PERSIST] 활성 포지션 상태 복구 완료 (0건)
2026-07-31 00:42:39,409 [INFO] [PERSIST] SOL/USDT:USDT 종목별 쿨다운 복구 완료 (만료: 2026-07-31 04:38:01.597640)
2026-07-31 00:42:39,409 [INFO] [TRADER] 자동매매 활성화 (Async)
2026-07-31 00:42:39,409 [INFO] [SCANNER] 스캔 엔진 시작 (Async)
2026-07-31 00:42:39,409 [INFO] [SCANNER] 웹소켓 비활성(REST 전용) — 안정성 우선
2026-07-31 00:42:39,409 [INFO] 🤖 자동매매 + 스캐너 가동 완료 — 상시 운영 시작
2026-07-31 00:42:39,409 [INFO] [DISCORD FILTER] '자동매매 엔진 가동 완료' 알림 금지 처리됨
2026-07-31 00:42:39,537 [INFO] [SCAN] 블랙리스트 5개 제외: ['IP/USDT:USDT', 'NES/USDT:USDT', 'WLD/USDT:USDT', 'XAG/USDT:USDT', 'XAU/USDT:USDT', 'XAUT/USDT:USDT']
2026-07-31 00:42:39,538 [INFO] [SCAN] 스캔 시작: 30개 페어 (캐시 0개 보유)
2026-07-31 00:42:41,590 [INFO] [CACHE] BTC/USDT:USDT 초기 로드 300봉
2026-07-31 00:42:42,257 [INFO] [CACHE] ETH/USDT:USDT 초기 로드 300봉
2026-07-31 00:42:42,932 [INFO] [CACHE] SNDK/USDT:USDT 초기 로드 300봉
2026-07-31 00:42:43,598 [INFO] [CACHE] SKHYNIX/USDT:USDT 초기 로드 300봉
2026-07-31 00:42:44,261 [INFO] [CACHE] SOXL/USDT:USDT 초기 로드 300봉
2026-07-31 00:42:44,793 [INFO] [상태] 잔고:$9.43 | 포지션:0개 | 스캔:0회 | 스캐너:ON
2026-07-31 00:42:44,878 [INFO] [CACHE] MU/USDT:USDT 초기 로드 300봉
2026-07-31 00:42:45,548 [INFO] [CACHE] KORU/USDT:USDT 초기 로드 300봉
2026-07-31 00:42:46,222 [INFO] [CACHE] SKHY/USDT:USDT 초기 로드 300봉
2026-07-31 00:42:46,888 [INFO] [CACHE] SOL/USDT:USDT 초기 로드 300봉
2026-07-31 00:42:47,554 [INFO] [CACHE] CL/USDT:USDT 초기 로드 300봉
2026-07-31 00:42:48,212 [INFO] [CACHE] SPCX/USDT:USDT 초기 로드 300봉
2026-07-31 00:42:48,880 [INFO] [CACHE] BANK/USDT:USDT 초기 로드 300봉
2026-07-31 00:42:49,542 [INFO] [CACHE] COTI/USDT:USDT 초기 로드 300봉
2026-07-31 00:42:50,210 [INFO] [CACHE] SOXS/USDT:USDT 초기 로드 300봉
2026-07-31 00:42:50,876 [INFO] [CACHE] SNXX/USDT:USDT 초기 로드 300봉
2026-07-31 00:42:51,545 [INFO] [CACHE] EWY/USDT:USDT 초기 로드 300봉
2026-07-31 00:42:52,219 [INFO] [CACHE] DRAM/USDT:USDT 초기 로드 300봉
2026-07-31 00:42:52,888 [INFO] [CACHE] XRP/USDT:USDT 초기 로드 300봉
2026-07-31 00:42:53,552 [INFO] [CACHE] BZ/USDT:USDT 초기 로드 300봉
2026-07-31 00:42:54,210 [INFO] [CACHE] SAMSUNG/USDT:USDT 초기 로드 300봉
2026-07-31 00:42:54,865 [INFO] [CACHE] HYPE/USDT:USDT 초기 로드 300봉
2026-07-31 00:42:55,521 [INFO] [CACHE] QQQ/USDT:USDT 초기 로드 300봉
2026-07-31 00:42:56,182 [INFO] [CACHE] ZEC/USDT:USDT 초기 로드 300봉
2026-07-31 00:42:56,851 [INFO] [CACHE] BNB/USDT:USDT 초기 로드 300봉
2026-07-31 00:42:57,523 [INFO] [CACHE] MUU/USDT:USDT 초기 로드 300봉
2026-07-31 00:42:58,191 [INFO] [CACHE] INTC/USDT:USDT 초기 로드 300봉
2026-07-31 00:42:58,855 [INFO] [CACHE] DOGE/USDT:USDT 초기 로드 300봉
2026-07-31 00:42:59,522 [INFO] [CACHE] UAI/USDT:USDT 초기 로드 300봉
2026-07-31 00:43:00,194 [INFO] [CACHE] AKE/USDT:USDT 초기 로드 300봉
2026-07-31 00:43:00,856 [INFO] [CACHE] ON/USDT:USDT 초기 로드 300봉
2026-07-31 00:43:01,369 [INFO] [SCAN] 완료: 30개 종목 · 신호 0개 · API 호출 30회 · 캐시 히트 0회
2026-07-31 00:43:16,706 [INFO] [SCAN] 블랙리스트 5개 제외: ['IP/USDT:USDT', 'NES/USDT:USDT', 'WLD/USDT:USDT', 'XAG/USDT:USDT', 'XAU/USDT:USDT', 'XAUT/USDT:USDT']
2026-07-31 00:43:16,707 [INFO] [SCAN] 스캔 시작: 30개 페어 (캐시 30개 보유)
2026-07-31 00:43:30,971 [INFO] [SCAN] 완료: 30개 종목 · 신호 0개 · API 호출 30회 · 캐시 히트 0회
2026-07-31 00:43:45,012 [INFO] [상태] 잔고:$9.43 | 포지션:0개 | 스캔:2회 | 스캐너:ON
2026-07-31 00:43:46,108 [INFO] [SCAN] 블랙리스트 5개 제외: ['IP/USDT:USDT', 'NES/USDT:USDT', 'WLD/USDT:USDT', 'XAG/USDT:USDT', 'XAU/USDT:USDT', 'XAUT/USDT:USDT']
2026-07-31 00:43:46,108 [INFO] [SCAN] 스캔 시작: 30개 페어 (캐시 30개 보유)
2026-07-31 00:44:00,392 [INFO] [SCAN] 완료: 30개 종목 · 신호 0개 · API 호출 30회 · 캐시 히트 0회
2026-07-31 00:44:15,609 [INFO] [SCAN] 블랙리스트 5개 제외: ['IP/USDT:USDT', 'NES/USDT:USDT', 'WLD/USDT:USDT', 'XAG/USDT:USDT', 'XAU/USDT:USDT', 'XAUT/USDT:USDT']
2026-07-31 00:44:15,610 [INFO] [SCAN] 스캔 시작: 30개 페어 (캐시 30개 보유)
2026-07-31 00:44:29,885 [INFO] [SCAN] 완료: 30개 종목 · 신호 0개 · API 호출 30회 · 캐시 히트 0회
2026-07-31 00:44:45,166 [INFO] [SCAN] 블랙리스트 5개 제외: ['IP/USDT:USDT', 'NES/USDT:USDT', 'WLD/USDT:USDT', 'XAG/USDT:USDT', 'XAU/USDT:USDT', 'XAUT/USDT:USDT']
2026-07-31 00:44:45,167 [INFO] [SCAN] 스캔 시작: 30개 페어 (캐시 30개 보유)
2026-07-31 00:44:47,191 [INFO] [상태] 잔고:$9.43 | 포지션:0개 | 스캔:4회 | 스캐너:ON
2026-07-31 00:44:59,381 [INFO] [SCAN] 완료: 30개 종목 · 신호 0개 · API 호출 30회 · 캐시 히트 0회
2026-07-31 00:45:14,578 [INFO] [SCAN] 블랙리스트 5개 제외: ['IP/USDT:USDT', 'NES/USDT:USDT', 'WLD/USDT:USDT', 'XAG/USDT:USDT', 'XAU/USDT:USDT', 'XAUT/USDT:USDT']
2026-07-31 00:45:14,579 [INFO] [SCAN] 스캔 시작: 30개 페어 (캐시 30개 보유)
2026-07-31 00:45:28,818 [INFO] [SCAN] 완료: 30개 종목 · 신호 0개 · API 호출 30회 · 캐시 히트 0회
2026-07-31 00:45:43,994 [INFO] [SCAN] 블랙리스트 5개 제외: ['IP/USDT:USDT', 'NES/USDT:USDT', 'WLD/USDT:USDT', 'XAG/USDT:USDT', 'XAU/USDT:USDT', 'XAUT/USDT:USDT']
2026-07-31 00:45:43,994 [INFO] [SCAN] 스캔 시작: 30개 페어 (캐시 30개 보유)
2026-07-31 00:45:47,416 [INFO] [상태] 잔고:$9.43 | 포지션:0개 | 스캔:6회 | 스캐너:ON
2026-07-31 00:45:58,307 [INFO] [SCAN] 완료: 30개 종목 · 신호 0개 · API 호출 30회 · 캐시 히트 0회
2026-07-31 00:46:13,585 [INFO] [SCAN] 블랙리스트 5개 제외: ['IP/USDT:USDT', 'NES/USDT:USDT', 'WLD/USDT:USDT', 'XAG/USDT:USDT', 'XAU/USDT:USDT', 'XAUT/USDT:USDT']
2026-07-31 00:46:13,586 [INFO] [SCAN] 스캔 시작: 30개 페어 (캐시 30개 보유)
2026-07-31 00:46:27,867 [INFO] [SCAN] 완료: 30개 종목 · 신호 0개 · API 호출 30회 · 캐시 히트 0회
2026-07-31 00:46:43,062 [INFO] [SCAN] 블랙리스트 5개 제외: ['IP/USDT:USDT', 'NES/USDT:USDT', 'WLD/USDT:USDT', 'XAG/USDT:USDT', 'XAU/USDT:USDT', 'XAUT/USDT:USDT']
2026-07-31 00:46:43,063 [INFO] [SCAN] 스캔 시작: 30개 페어 (캐시 30개 보유)
2026-07-31 00:46:47,655 [INFO] [상태] 잔고:$9.43 | 포지션:0개 | 스캔:8회 | 스캐너:ON
2026-07-31 00:46:57,345 [INFO] [SCAN] 완료: 30개 종목 · 신호 0개 · API 호출 30회 · 캐시 히트 0회
2026-07-31 00:47:12,532 [INFO] [SCAN] 블랙리스트 5개 제외: ['IP/USDT:USDT', 'NES/USDT:USDT', 'WLD/USDT:USDT', 'XAG/USDT:USDT', 'XAU/USDT:USDT', 'XAUT/USDT:USDT']
2026-07-31 00:47:12,533 [INFO] [SCAN] 스캔 시작: 30개 페어 (캐시 30개 보유)
2026-07-31 00:47:26,936 [INFO] [SCAN] 완료: 30개 종목 · 신호 0개 · API 호출 30회 · 캐시 히트 0회
2026-07-31 00:47:42,211 [INFO] [SCAN] 블랙리스트 5개 제외: ['IP/USDT:USDT', 'NES/USDT:USDT', 'WLD/USDT:USDT', 'XAG/USDT:USDT', 'XAU/USDT:USDT', 'XAUT/USDT:USDT']
2026-07-31 00:47:42,212 [INFO] [SCAN] 스캔 시작: 30개 페어 (캐시 30개 보유)
2026-07-31 00:47:47,881 [INFO] [상태] 잔고:$9.43 | 포지션:0개 | 스캔:10회 | 스캐너:ON
2026-07-31 00:47:56,508 [INFO] [SCAN] 완료: 30개 종목 · 신호 0개 · API 호출 30회 · 캐시 히트 0회
2026-07-31 00:48:11,700 [INFO] [SCAN] 블랙리스트 5개 제외: ['IP/USDT:USDT', 'NES/USDT:USDT', 'WLD/USDT:USDT', 'XAG/USDT:USDT', 'XAU/USDT:USDT', 'XAUT/USDT:USDT']
2026-07-31 00:48:11,701 [INFO] [SCAN] 스캔 시작: 30개 페어 (캐시 30개 보유)
2026-07-31 00:48:26,087 [INFO] [SCAN] 완료: 30개 종목 · 신호 0개 · API 호출 30회 · 캐시 히트 0회
2026-07-31 00:48:41,277 [INFO] [SCAN] 블랙리스트 5개 제외: ['IP/USDT:USDT', 'NES/USDT:USDT', 'WLD/USDT:USDT', 'XAG/USDT:USDT', 'XAU/USDT:USDT', 'XAUT/USDT:USDT']
2026-07-31 00:48:41,277 [INFO] [SCAN] 스캔 시작: 30개 페어 (캐시 30개 보유)
2026-07-31 00:48:48,110 [INFO] [상태] 잔고:$9.43 | 포지션:0개 | 스캔:12회 | 스캐너:ON
2026-07-31 00:48:55,595 [INFO] [SCAN] 완료: 30개 종목 · 신호 0개 · API 호출 30회 · 캐시 히트 0회
2026-07-31 00:49:10,911 [INFO] [SCAN] 블랙리스트 5개 제외: ['IP/USDT:USDT', 'NES/USDT:USDT', 'WLD/USDT:USDT', 'XAG/USDT:USDT', 'XAU/USDT:USDT', 'XAUT/USDT:USDT']
2026-07-31 00:49:10,911 [INFO] [SCAN] 스캔 시작: 30개 페어 (캐시 30개 보유)
2026-07-31 00:49:25,339 [INFO] [SCAN] 완료: 30개 종목 · 신호 0개 · API 호출 30회 · 캐시 히트 0회
2026-07-31 00:49:40,521 [INFO] [SCAN] 블랙리스트 5개 제외: ['IP/USDT:USDT', 'NES/USDT:USDT', 'WLD/USDT:USDT', 'XAG/USDT:USDT', 'XAU/USDT:USDT', 'XAUT/USDT:USDT']
2026-07-31 00:49:40,521 [INFO] [SCAN] 스캔 시작: 30개 페어 (캐시 30개 보유)
2026-07-31 00:49:48,334 [INFO] [상태] 잔고:$9.43 | 포지션:0개 | 스캔:14회 | 스캐너:ON
2026-07-31 00:49:54,924 [INFO] [SCAN] 완료: 30개 종목 · 신호 0개 · API 호출 30회 · 캐시 히트 0회
2026-07-31 00:50:10,095 [INFO] [SCAN] 블랙리스트 5개 제외: ['IP/USDT:USDT', 'NES/USDT:USDT', 'WLD/USDT:USDT', 'XAG/USDT:USDT', 'XAU/USDT:USDT', 'XAUT/USDT:USDT']
2026-07-31 00:50:10,096 [INFO] [SCAN] 스캔 시작: 30개 페어 (캐시 30개 보유)
2026-07-31 00:50:24,559 [INFO] [SCAN] 완료: 30개 종목 · 신호 0개 · API 호출 30회 · 캐시 히트 0회
2026-07-31 00:50:39,835 [INFO] [SCAN] 블랙리스트 5개 제외: ['IP/USDT:USDT', 'NES/USDT:USDT', 'WLD/USDT:USDT', 'XAG/USDT:USDT', 'XAU/USDT:USDT', 'XAUT/USDT:USDT']
2026-07-31 00:50:39,836 [INFO] [SCAN] 스캔 시작: 30개 페어 (캐시 30개 보유)
2026-07-31 00:50:48,625 [INFO] [상태] 잔고:$9.43 | 포지션:0개 | 스캔:16회 | 스캐너:ON
2026-07-31 00:50:54,216 [INFO] [SCAN] 완료: 30개 종목 · 신호 0개 · API 호출 30회 · 캐시 히트 0회
2026-07-31 00:51:09,456 [INFO] [SCAN] 블랙리스트 5개 제외: ['IP/USDT:USDT', 'NES/USDT:USDT', 'WLD/USDT:USDT', 'XAG/USDT:USDT', 'XAU/USDT:USDT', 'XAUT/USDT:USDT']
2026-07-31 00:51:09,456 [INFO] [SCAN] 스캔 시작: 30개 페어 (캐시 30개 보유)
2026-07-31 00:51:23,810 [INFO] [SCAN] 완료: 30개 종목 · 신호 0개 · API 호출 30회 · 캐시 히트 0회
2026-07-31 00:51:38,991 [INFO] [SCAN] 블랙리스트 5개 제외: ['IP/USDT:USDT', 'NES/USDT:USDT', 'WLD/USDT:USDT', 'XAG/USDT:USDT', 'XAU/USDT:USDT', 'XAUT/USDT:USDT']
2026-07-31 00:51:38,991 [INFO] [SCAN] 스캔 시작: 30개 페어 (캐시 30개 보유)
2026-07-31 00:51:48,855 [INFO] [상태] 잔고:$9.43 | 포지션:0개 | 스캔:18회 | 스캐너:ON
2026-07-31 00:51:53,375 [INFO] [SCAN] 완료: 30개 종목 · 신호 0개 · API 호출 30회 · 캐시 히트 0회
2026-07-31 00:52:08,674 [INFO] [SCAN] 블랙리스트 5개 제외: ['IP/USDT:USDT', 'NES/USDT:USDT', 'WLD/USDT:USDT', 'XAG/USDT:USDT', 'XAU/USDT:USDT', 'XAUT/USDT:USDT']
2026-07-31 00:52:08,674 [INFO] [SCAN] 스캔 시작: 30개 페어 (캐시 30개 보유)
2026-07-31 00:52:23,083 [INFO] [SCAN] 완료: 30개 종목 · 신호 0개 · API 호출 30회 · 캐시 히트 0회
2026-07-31 00:52:38,275 [INFO] [SCAN] 블랙리스트 5개 제외: ['IP/USDT:USDT', 'NES/USDT:USDT', 'WLD/USDT:USDT', 'XAG/USDT:USDT', 'XAU/USDT:USDT', 'XAUT/USDT:USDT']
2026-07-31 00:52:38,275 [INFO] [SCAN] 스캔 시작: 30개 페어 (캐시 30개 보유)
2026-07-31 00:52:49,109 [INFO] [상태] 잔고:$9.43 | 포지션:0개 | 스캔:20회 | 스캐너:ON
2026-07-31 00:52:52,668 [INFO] [SCAN] 완료: 30개 종목 · 신호 0개 · API 호출 30회 · 캐시 히트 0회
2026-07-31 00:53:07,891 [INFO] [SCAN] 블랙리스트 5개 제외: ['IP/USDT:USDT', 'NES/USDT:USDT', 'WLD/USDT:USDT', 'XAG/USDT:USDT', 'XAU/USDT:USDT', 'XAUT/USDT:USDT']
2026-07-31 00:53:07,891 [INFO] [SCAN] 스캔 시작: 30개 페어 (캐시 30개 보유)
2026-07-31 00:53:22,233 [INFO] [SCAN] 완료: 30개 종목 · 신호 0개 · API 호출 30회 · 캐시 히트 0회
2026-07-31 00:53:37,534 [INFO] [SCAN] 블랙리스트 5개 제외: ['IP/USDT:USDT', 'NES/USDT:USDT', 'WLD/USDT:USDT', 'XAG/USDT:USDT', 'XAU/USDT:USDT', 'XAUT/USDT:USDT']
2026-07-31 00:53:37,535 [INFO] [SCAN] 스캔 시작: 30개 페어 (캐시 30개 보유)
2026-07-31 00:53:49,338 [INFO] [상태] 잔고:$9.43 | 포지션:0개 | 스캔:22회 | 스캐너:ON
2026-07-31 00:53:51,912 [INFO] [SCAN] 완료: 30개 종목 · 신호 0개 · API 호출 30회 · 캐시 히트 0회
2026-07-31 00:54:07,090 [INFO] [SCAN] 블랙리스트 5개 제외: ['IP/USDT:USDT', 'NES/USDT:USDT', 'WLD/USDT:USDT', 'XAG/USDT:USDT', 'XAU/USDT:USDT', 'XAUT/USDT:USDT']
2026-07-31 00:54:07,090 [INFO] [SCAN] 스캔 시작: 30개 페어 (캐시 30개 보유)
2026-07-31 00:54:21,235 [INFO] [SCAN] 완료: 30개 종목 · 신호 0개 · API 호출 30회 · 캐시 히트 0회
2026-07-31 00:54:36,438 [INFO] [SCAN] 블랙리스트 5개 제외: ['IP/USDT:USDT', 'NES/USDT:USDT', 'WLD/USDT:USDT', 'XAG/USDT:USDT', 'XAU/USDT:USDT', 'XAUT/USDT:USDT']
2026-07-31 00:54:36,439 [INFO] [SCAN] 스캔 시작: 30개 페어 (캐시 30개 보유)
2026-07-31 00:54:49,624 [INFO] [상태] 잔고:$9.43 | 포지션:0개 | 스캔:24회 | 스캐너:ON
2026-07-31 00:54:50,694 [INFO] [SCAN] 완료: 30개 종목 · 신호 0개 · API 호출 30회 · 캐시 히트 0회
2026-07-31 00:55:05,983 [INFO] [SCAN] 블랙리스트 5개 제외: ['IP/USDT:USDT', 'NES/USDT:USDT', 'WLD/USDT:USDT', 'XAG/USDT:USDT', 'XAU/USDT:USDT', 'XAUT/USDT:USDT']
2026-07-31 00:55:05,983 [INFO] [SCAN] 스캔 시작: 30개 페어 (캐시 30개 보유)
2026-07-31 00:55:20,292 [INFO] [SCAN] 완료: 30개 종목 · 신호 0개 · API 호출 30회 · 캐시 히트 0회
2026-07-31 00:55:35,491 [INFO] [SCAN] 블랙리스트 5개 제외: ['IP/USDT:USDT', 'NES/USDT:USDT', 'WLD/USDT:USDT', 'XAG/USDT:USDT', 'XAU/USDT:USDT', 'XAUT/USDT:USDT']
2026-07-31 00:55:35,492 [INFO] [SCAN] 스캔 시작: 30개 페어 (캐시 30개 보유)
2026-07-31 00:55:49,862 [INFO] [SCAN] 완료: 30개 종목 · 신호 0개 · API 호출 30회 · 캐시 히트 0회
2026-07-31 00:55:49,877 [INFO] [상태] 잔고:$9.43 | 포지션:0개 | 스캔:27회 | 스캐너:ON
2026-07-31 00:56:05,058 [INFO] [SCAN] 블랙리스트 5개 제외: ['IP/USDT:USDT', 'NES/USDT:USDT', 'WLD/USDT:USDT', 'XAG/USDT:USDT', 'XAU/USDT:USDT', 'XAUT/USDT:USDT']
2026-07-31 00:56:05,059 [INFO] [SCAN] 스캔 시작: 30개 페어 (캐시 30개 보유)
2026-07-31 00:56:19,345 [INFO] [SCAN] 완료: 30개 종목 · 신호 0개 · API 호출 30회 · 캐시 히트 0회
2026-07-31 00:56:34,633 [INFO] [SCAN] 블랙리스트 5개 제외: ['IP/USDT:USDT', 'NES/USDT:USDT', 'WLD/USDT:USDT', 'XAG/USDT:USDT', 'XAU/USDT:USDT', 'XAUT/USDT:USDT']
2026-07-31 00:56:34,633 [INFO] [SCAN] 스캔 시작: 30개 페어 (캐시 30개 보유)
2026-07-31 00:56:48,901 [INFO] [SCAN] 완료: 30개 종목 · 신호 0개 · API 호출 30회 · 캐시 히트 0회
2026-07-31 00:56:50,091 [INFO] [상태] 잔고:$9.43 | 포지션:0개 | 스캔:29회 | 스캐너:ON
2026-07-31 00:57:04,051 [INFO] [SCAN] 블랙리스트 5개 제외: ['IP/USDT:USDT', 'NES/USDT:USDT', 'WLD/USDT:USDT', 'XAG/USDT:USDT', 'XAU/USDT:USDT', 'XAUT/USDT:USDT']
2026-07-31 00:57:04,051 [INFO] [SCAN] 스캔 시작: 30개 페어 (캐시 30개 보유)
2026-07-31 00:57:18,452 [INFO] [SCAN] 완료: 30개 종목 · 신호 0개 · API 호출 30회 · 캐시 히트 0회
2026-07-31 00:57:33,646 [INFO] [SCAN] 블랙리스트 5개 제외: ['IP/USDT:USDT', 'NES/USDT:USDT', 'WLD/USDT:USDT', 'XAG/USDT:USDT', 'XAU/USDT:USDT', 'XAUT/USDT:USDT']
2026-07-31 00:57:33,646 [INFO] [SCAN] 스캔 시작: 30개 페어 (캐시 30개 보유)
2026-07-31 00:57:47,841 [INFO] [SCAN] 완료: 30개 종목 · 신호 0개 · API 호출 30회 · 캐시 히트 0회
2026-07-31 00:57:50,309 [INFO] [상태] 잔고:$9.43 | 포지션:0개 | 스캔:31회 | 스캐너:ON
2026-07-31 00:58:03,102 [INFO] [SCAN] 블랙리스트 5개 제외: ['IP/USDT:USDT', 'NES/USDT:USDT', 'WLD/USDT:USDT', 'XAG/USDT:USDT', 'XAU/USDT:USDT', 'XAUT/USDT:USDT']
2026-07-31 00:58:03,102 [INFO] [SCAN] 스캔 시작: 30개 페어 (캐시 30개 보유)
2026-07-31 00:58:17,488 [INFO] [SCAN] 완료: 30개 종목 · 신호 0개 · API 호출 30회 · 캐시 히트 0회
2026-07-31 00:58:32,680 [INFO] [SCAN] 블랙리스트 5개 제외: ['IP/USDT:USDT', 'NES/USDT:USDT', 'WLD/USDT:USDT', 'XAG/USDT:USDT', 'XAU/USDT:USDT', 'XAUT/USDT:USDT']
2026-07-31 00:58:32,680 [INFO] [SCAN] 스캔 시작: 30개 페어 (캐시 30개 보유)
2026-07-31 00:58:46,924 [INFO] [SCAN] 완료: 30개 종목 · 신호 0개 · API 호출 30회 · 캐시 히트 0회
2026-07-31 00:58:50,544 [INFO] [상태] 잔고:$9.43 | 포지션:0개 | 스캔:33회 | 스캐너:ON
2026-07-31 00:59:02,085 [INFO] [SCAN] 블랙리스트 5개 제외: ['IP/USDT:USDT', 'NES/USDT:USDT', 'WLD/USDT:USDT', 'XAG/USDT:USDT', 'XAU/USDT:USDT', 'XAUT/USDT:USDT']
2026-07-31 00:59:02,085 [INFO] [SCAN] 스캔 시작: 30개 페어 (캐시 30개 보유)
2026-07-31 00:59:16,375 [INFO] [SCAN] 완료: 30개 종목 · 신호 0개 · API 호출 30회 · 캐시 히트 0회
2026-07-31 00:59:31,664 [INFO] [SCAN] 블랙리스트 5개 제외: ['IP/USDT:USDT', 'NES/USDT:USDT', 'WLD/USDT:USDT', 'XAG/USDT:USDT', 'XAU/USDT:USDT', 'XAUT/USDT:USDT']
2026-07-31 00:59:31,665 [INFO] [SCAN] 스캔 시작: 30개 페어 (캐시 30개 보유)
2026-07-31 00:59:46,013 [INFO] [SCAN] 완료: 30개 종목 · 신호 0개 · API 호출 30회 · 캐시 히트 0회
2026-07-31 00:59:50,759 [INFO] [상태] 잔고:$9.43 | 포지션:0개 | 스캔:35회 | 스캐너:ON
2026-07-31 01:00:01,200 [INFO] [SCAN] 블랙리스트 5개 제외: ['IP/USDT:USDT', 'NES/USDT:USDT', 'WLD/USDT:USDT', 'XAG/USDT:USDT', 'XAU/USDT:USDT', 'XAUT/USDT:USDT']
2026-07-31 01:00:01,201 [INFO] [SCAN] 스캔 시작: 30개 페어 (캐시 30개 보유)
2026-07-31 01:00:15,648 [INFO] [SCAN] 완료: 30개 종목 · 신호 0개 · API 호출 30회 · 캐시 히트 0회
2026-07-31 01:00:30,854 [INFO] [SCAN] 블랙리스트 5개 제외: ['IP/USDT:USDT', 'NES/USDT:USDT', 'WLD/USDT:USDT', 'XAG/USDT:USDT', 'XAU/USDT:USDT', 'XAUT/USDT:USDT']
2026-07-31 01:00:30,854 [INFO] [SCAN] 스캔 시작: 30개 페어 (캐시 30개 보유)
2026-07-31 01:00:45,169 [INFO] [SCAN] 완료: 30개 종목 · 신호 0개 · API 호출 30회 · 캐시 히트 0회
2026-07-31 01:00:50,988 [INFO] [상태] 잔고:$9.43 | 포지션:0개 | 스캔:37회 | 스캐너:ON
2026-07-31 01:01:00,421 [INFO] [SCAN] 블랙리스트 5개 제외: ['IP/USDT:USDT', 'NES/USDT:USDT', 'WLD/USDT:USDT', 'XAG/USDT:USDT', 'XAU/USDT:USDT', 'XAUT/USDT:USDT']
2026-07-31 01:01:00,421 [INFO] [SCAN] 스캔 시작: 30개 페어 (캐시 30개 보유)
2026-07-31 01:01:14,661 [INFO] [SCAN] 완료: 30개 종목 · 신호 0개 · API 호출 30회 · 캐시 히트 0회
2026-07-31 01:01:29,837 [INFO] [SCAN] 블랙리스트 5개 제외: ['IP/USDT:USDT', 'NES/USDT:USDT', 'WLD/USDT:USDT', 'XAG/USDT:USDT', 'XAU/USDT:USDT', 'XAUT/USDT:USDT']
2026-07-31 01:01:29,837 [INFO] [SCAN] 스캔 시작: 30개 페어 (캐시 30개 보유)
2026-07-31 01:01:44,038 [INFO] [SCAN] 완료: 30개 종목 · 신호 0개 · API 호출 30회 · 캐시 히트 0회
2026-07-31 01:01:51,225 [INFO] [상태] 잔고:$9.43 | 포지션:0개 | 스캔:39회 | 스캐너:ON
2026-07-31 01:01:59,180 [INFO] [SCAN] 블랙리스트 5개 제외: ['IP/USDT:USDT', 'NES/USDT:USDT', 'WLD/USDT:USDT', 'XAG/USDT:USDT', 'XAU/USDT:USDT', 'XAUT/USDT:USDT']
2026-07-31 01:01:59,180 [INFO] [SCAN] 스캔 시작: 30개 페어 (캐시 30개 보유)
2026-07-31 01:02:13,354 [INFO] [SCAN] 완료: 30개 종목 · 신호 0개 · API 호출 30회 · 캐시 히트 0회
2026-07-31 01:02:28,652 [INFO] [SCAN] 블랙리스트 5개 제외: ['IP/USDT:USDT', 'NES/USDT:USDT', 'WLD/USDT:USDT', 'XAG/USDT:USDT', 'XAU/USDT:USDT', 'XAUT/USDT:USDT']
2026-07-31 01:02:28,653 [INFO] [SCAN] 스캔 시작: 30개 페어 (캐시 30개 보유)
2026-07-31 01:02:42,896 [INFO] [SCAN] 완료: 30개 종목 · 신호 0개 · API 호출 30회 · 캐시 히트 0회
2026-07-31 01:02:51,443 [INFO] [상태] 잔고:$9.43 | 포지션:0개 | 스캔:41회 | 스캐너:ON
2026-07-31 01:02:58,040 [INFO] [SCAN] 블랙리스트 5개 제외: ['IP/USDT:USDT', 'NES/USDT:USDT', 'WLD/USDT:USDT', 'XAG/USDT:USDT', 'XAU/USDT:USDT', 'XAUT/USDT:USDT']
2026-07-31 01:02:58,040 [INFO] [SCAN] 스캔 시작: 30개 페어 (캐시 30개 보유)
2026-07-31 01:03:12,361 [INFO] [SCAN] 완료: 30개 종목 · 신호 0개 · API 호출 30회 · 캐시 히트 0회
2026-07-31 01:03:27,551 [INFO] [SCAN] 블랙리스트 5개 제외: ['IP/USDT:USDT', 'NES/USDT:USDT', 'WLD/USDT:USDT', 'XAG/USDT:USDT', 'XAU/USDT:USDT', 'XAUT/USDT:USDT']
2026-07-31 01:03:27,551 [INFO] [SCAN] 스캔 시작: 30개 페어 (캐시 30개 보유)
2026-07-31 01:03:41,805 [INFO] [SCAN] 완료: 30개 종목 · 신호 0개 · API 호출 30회 · 캐시 히트 0회
2026-07-31 01:03:51,667 [INFO] [상태] 잔고:$9.43 | 포지션:0개 | 스캔:43회 | 스캐너:ON
2026-07-31 01:03:57,046 [INFO] [SCAN] 블랙리스트 5개 제외: ['IP/USDT:USDT', 'NES/USDT:USDT', 'WLD/USDT:USDT', 'XAG/USDT:USDT', 'XAU/USDT:USDT', 'XAUT/USDT:USDT']
2026-07-31 01:03:57,047 [INFO] [SCAN] 스캔 시작: 30개 페어 (캐시 30개 보유)
2026-07-31 01:04:11,320 [INFO] [SCAN] 완료: 30개 종목 · 신호 0개 · API 호출 30회 · 캐시 히트 0회
2026-07-31 01:04:26,519 [INFO] [SCAN] 블랙리스트 5개 제외: ['IP/USDT:USDT', 'NES/USDT:USDT', 'WLD/USDT:USDT', 'XAG/USDT:USDT', 'XAU/USDT:USDT', 'XAUT/USDT:USDT']
2026-07-31 01:04:26,519 [INFO] [SCAN] 스캔 시작: 30개 페어 (캐시 30개 보유)
2026-07-31 01:04:40,832 [INFO] [SCAN] 완료: 30개 종목 · 신호 0개 · API 호출 30회 · 캐시 히트 0회
2026-07-31 01:04:51,891 [INFO] [상태] 잔고:$9.43 | 포지션:0개 | 스캔:45회 | 스캐너:ON
2026-07-31 01:04:55,999 [INFO] [SCAN] 블랙리스트 5개 제외: ['IP/USDT:USDT', 'NES/USDT:USDT', 'WLD/USDT:USDT', 'XAG/USDT:USDT', 'XAU/USDT:USDT', 'XAUT/USDT:USDT']
2026-07-31 01:04:55,999 [INFO] [SCAN] 스캔 시작: 30개 페어 (캐시 30개 보유)
2026-07-31 01:05:11,252 [INFO] [SCAN] 완료: 30개 종목 · 신호 0개 · API 호출 30회 · 캐시 히트 0회
2026-07-31 01:05:26,564 [INFO] [SCAN] 블랙리스트 5개 제외: ['IP/USDT:USDT', 'NES/USDT:USDT', 'WLD/USDT:USDT', 'XAG/USDT:USDT', 'XAU/USDT:USDT', 'XAUT/USDT:USDT']
2026-07-31 01:05:26,565 [INFO] [SCAN] 스캔 시작: 30개 페어 (캐시 30개 보유)
2026-07-31 01:05:40,861 [INFO] [SCAN] 완료: 30개 종목 · 신호 0개 · API 호출 30회 · 캐시 히트 0회
2026-07-31 01:05:52,125 [INFO] [상태] 잔고:$9.43 | 포지션:0개 | 스캔:47회 | 스캐너:ON
2026-07-31 01:05:56,011 [INFO] [SCAN] 블랙리스트 5개 제외: ['IP/USDT:USDT', 'NES/USDT:USDT', 'WLD/USDT:USDT', 'XAG/USDT:USDT', 'XAU/USDT:USDT', 'XAUT/USDT:USDT']
2026-07-31 01:05:56,012 [INFO] [SCAN] 스캔 시작: 30개 페어 (캐시 30개 보유)
2026-07-31 01:06:10,233 [INFO] [SCAN] 완료: 30개 종목 · 신호 0개 · API 호출 30회 · 캐시 히트 0회
2026-07-31 01:06:25,419 [INFO] [SCAN] 블랙리스트 5개 제외: ['IP/USDT:USDT', 'NES/USDT:USDT', 'WLD/USDT:USDT', 'XAG/USDT:USDT', 'XAU/USDT:USDT', 'XAUT/USDT:USDT']
2026-07-31 01:06:25,420 [INFO] [SCAN] 스캔 시작: 30개 페어 (캐시 30개 보유)
2026-07-31 01:06:39,736 [INFO] [SCAN] 완료: 30개 종목 · 신호 0개 · API 호출 30회 · 캐시 히트 0회
2026-07-31 01:06:52,362 [INFO] [상태] 잔고:$9.43 | 포지션:0개 | 스캔:49회 | 스캐너:ON
2026-07-31 01:06:54,982 [INFO] [SCAN] 블랙리스트 5개 제외: ['IP/USDT:USDT', 'NES/USDT:USDT', 'WLD/USDT:USDT', 'XAG/USDT:USDT', 'XAU/USDT:USDT', 'XAUT/USDT:USDT']
2026-07-31 01:06:54,983 [INFO] [SCAN] 스캔 시작: 30개 페어 (캐시 30개 보유)
2026-07-31 01:07:09,390 [INFO] [SCAN] 완료: 30개 종목 · 신호 0개 · API 호출 30회 · 캐시 히트 0회
2026-07-31 01:07:24,587 [INFO] [SCAN] 블랙리스트 5개 제외: ['IP/USDT:USDT', 'NES/USDT:USDT', 'WLD/USDT:USDT', 'XAG/USDT:USDT', 'XAU/USDT:USDT', 'XAUT/USDT:USDT']
2026-07-31 01:07:24,588 [INFO] [SCAN] 스캔 시작: 30개 페어 (캐시 30개 보유)
2026-07-31 01:07:38,900 [INFO] [SCAN] 완료: 30개 종목 · 신호 0개 · API 호출 30회 · 캐시 히트 0회
2026-07-31 01:07:52,583 [INFO] [상태] 잔고:$9.43 | 포지션:0개 | 스캔:51회 | 스캐너:ON
2026-07-31 01:07:54,121 [INFO] [SCAN] 블랙리스트 5개 제외: ['IP/USDT:USDT', 'NES/USDT:USDT', 'WLD/USDT:USDT', 'XAG/USDT:USDT', 'XAU/USDT:USDT', 'XAUT/USDT:USDT']
2026-07-31 01:07:54,122 [INFO] [SCAN] 스캔 시작: 30개 페어 (캐시 30개 보유)
2026-07-31 01:08:08,462 [INFO] [SCAN] 완료: 30개 종목 · 신호 0개 · API 호출 30회 · 캐시 히트 0회
2026-07-31 01:08:23,788 [INFO] [SCAN] 블랙리스트 5개 제외: ['IP/USDT:USDT', 'NES/USDT:USDT', 'WLD/USDT:USDT', 'XAG/USDT:USDT', 'XAU/USDT:USDT', 'XAUT/USDT:USDT']
2026-07-31 01:08:23,789 [INFO] [SCAN] 스캔 시작: 30개 페어 (캐시 30개 보유)
2026-07-31 01:08:38,083 [INFO] [SCAN] 완료: 30개 종목 · 신호 0개 · API 호출 30회 · 캐시 히트 0회
2026-07-31 01:08:52,805 [INFO] [상태] 잔고:$9.43 | 포지션:0개 | 스캔:53회 | 스캐너:ON
2026-07-31 01:08:53,220 [INFO] [SCAN] 블랙리스트 5개 제외: ['IP/USDT:USDT', 'NES/USDT:USDT', 'WLD/USDT:USDT', 'XAG/USDT:USDT', 'XAU/USDT:USDT', 'XAUT/USDT:USDT']
2026-07-31 01:08:53,221 [INFO] [SCAN] 스캔 시작: 30개 페어 (캐시 30개 보유)
2026-07-31 01:09:07,588 [INFO] [SCAN] 완료: 30개 종목 · 신호 0개 · API 호출 30회 · 캐시 히트 0회
2026-07-31 01:09:22,779 [INFO] [SCAN] 블랙리스트 5개 제외: ['IP/USDT:USDT', 'NES/USDT:USDT', 'WLD/USDT:USDT', 'XAG/USDT:USDT', 'XAU/USDT:USDT', 'XAUT/USDT:USDT']
2026-07-31 01:09:22,779 [INFO] [SCAN] 스캔 시작: 30개 페어 (캐시 30개 보유)
2026-07-31 01:09:37,045 [INFO] [SCAN] 완료: 30개 종목 · 신호 0개 · API 호출 30회 · 캐시 히트 0회
2026-07-31 01:09:52,345 [INFO] [SCAN] 블랙리스트 5개 제외: ['IP/USDT:USDT', 'NES/USDT:USDT', 'WLD/USDT:USDT', 'XAG/USDT:USDT', 'XAU/USDT:USDT', 'XAUT/USDT:USDT']
2026-07-31 01:09:52,346 [INFO] [SCAN] 스캔 시작: 30개 페어 (캐시 30개 보유)
2026-07-31 01:09:54,534 [INFO] [상태] 잔고:$9.43 | 포지션:0개 | 스캔:55회 | 스캐너:ON
2026-07-31 01:10:06,840 [INFO] [SCAN] 완료: 30개 종목 · 신호 0개 · API 호출 30회 · 캐시 히트 0회
2026-07-31 01:10:22,040 [INFO] [SCAN] 블랙리스트 5개 제외: ['IP/USDT:USDT', 'NES/USDT:USDT', 'WLD/USDT:USDT', 'XAG/USDT:USDT', 'XAU/USDT:USDT', 'XAUT/USDT:USDT']
2026-07-31 01:10:22,040 [INFO] [SCAN] 스캔 시작: 30개 페어 (캐시 30개 보유)
2026-07-31 01:10:36,365 [INFO] [SCAN] 완료: 30개 종목 · 신호 0개 · API 호출 30회 · 캐시 히트 0회
2026-07-31 01:10:51,546 [INFO] [SCAN] 블랙리스트 5개 제외: ['IP/USDT:USDT', 'NES/USDT:USDT', 'WLD/USDT:USDT', 'XAG/USDT:USDT', 'XAU/USDT:USDT', 'XAUT/USDT:USDT']
2026-07-31 01:10:51,547 [INFO] [SCAN] 스캔 시작: 30개 페어 (캐시 30개 보유)
2026-07-31 01:10:54,754 [INFO] [상태] 잔고:$9.43 | 포지션:0개 | 스캔:57회 | 스캐너:ON
2026-07-31 01:11:05,845 [INFO] [SCAN] 완료: 30개 종목 · 신호 0개 · API 호출 30회 · 캐시 히트 0회
2026-07-31 01:11:21,144 [INFO] [SCAN] 블랙리스트 5개 제외: ['IP/USDT:USDT', 'NES/USDT:USDT', 'WLD/USDT:USDT', 'XAG/USDT:USDT', 'XAU/USDT:USDT', 'XAUT/USDT:USDT']
2026-07-31 01:11:21,144 [INFO] [SCAN] 스캔 시작: 30개 페어 (캐시 30개 보유)
2026-07-31 01:11:35,433 [INFO] [SCAN] 완료: 30개 종목 · 신호 0개 · API 호출 30회 · 캐시 히트 0회
2026-07-31 01:11:50,614 [INFO] [SCAN] 블랙리스트 5개 제외: ['IP/USDT:USDT', 'NES/USDT:USDT', 'WLD/USDT:USDT', 'XAG/USDT:USDT', 'XAU/USDT:USDT', 'XAUT/USDT:USDT']
2026-07-31 01:11:50,615 [INFO] [SCAN] 스캔 시작: 30개 페어 (캐시 30개 보유)
2026-07-31 01:11:54,985 [INFO] [상태] 잔고:$9.43 | 포지션:0개 | 스캔:59회 | 스캐너:ON
2026-07-31 01:12:04,943 [INFO] [SCAN] 완료: 30개 종목 · 신호 0개 · API 호출 30회 · 캐시 히트 0회
2026-07-31 01:12:20,115 [INFO] [SCAN] 블랙리스트 5개 제외: ['IP/USDT:USDT', 'NES/USDT:USDT', 'WLD/USDT:USDT', 'XAG/USDT:USDT', 'XAU/USDT:USDT', 'XAUT/USDT:USDT']
2026-07-31 01:12:20,115 [INFO] [SCAN] 스캔 시작: 30개 페어 (캐시 30개 보유)
2026-07-31 01:12:34,344 [INFO] [SCAN] 완료: 30개 종목 · 신호 0개 · API 호출 30회 · 캐시 히트 0회
2026-07-31 01:12:49,655 [INFO] [SCAN] 블랙리스트 5개 제외: ['IP/USDT:USDT', 'NES/USDT:USDT', 'WLD/USDT:USDT', 'XAG/USDT:USDT', 'XAU/USDT:USDT', 'XAUT/USDT:USDT']
2026-07-31 01:12:49,655 [INFO] [SCAN] 스캔 시작: 30개 페어 (캐시 30개 보유)
2026-07-31 01:12:55,205 [INFO] [상태] 잔고:$9.43 | 포지션:0개 | 스캔:61회 | 스캐너:ON
2026-07-31 01:13:03,898 [INFO] [SCAN] 완료: 30개 종목 · 신호 0개 · API 호출 30회 · 캐시 히트 0회
2026-07-31 01:13:19,098 [INFO] [SCAN] 블랙리스트 5개 제외: ['IP/USDT:USDT', 'NES/USDT:USDT', 'WLD/USDT:USDT', 'XAG/USDT:USDT', 'XAU/USDT:USDT', 'XAUT/USDT:USDT']
2026-07-31 01:13:19,098 [INFO] [SCAN] 스캔 시작: 30개 페어 (캐시 30개 보유)
2026-07-31 01:13:33,380 [INFO] [SCAN] 완료: 30개 종목 · 신호 0개 · API 호출 30회 · 캐시 히트 0회
2026-07-31 01:13:48,551 [INFO] [SCAN] 블랙리스트 5개 제외: ['IP/USDT:USDT', 'NES/USDT:USDT', 'WLD/USDT:USDT', 'XAG/USDT:USDT', 'XAU/USDT:USDT', 'XAUT/USDT:USDT']
2026-07-31 01:13:48,552 [INFO] [SCAN] 스캔 시작: 30개 페어 (캐시 30개 보유)
2026-07-31 01:13:55,440 [INFO] [상태] 잔고:$9.43 | 포지션:0개 | 스캔:63회 | 스캐너:ON
2026-07-31 01:14:02,807 [INFO] [SCAN] 완료: 30개 종목 · 신호 0개 · API 호출 30회 · 캐시 히트 0회
2026-07-31 01:14:18,084 [INFO] [SCAN] 블랙리스트 5개 제외: ['IP/USDT:USDT', 'NES/USDT:USDT', 'WLD/USDT:USDT', 'XAG/USDT:USDT', 'XAU/USDT:USDT', 'XAUT/USDT:USDT']
2026-07-31 01:14:18,084 [INFO] [SCAN] 스캔 시작: 30개 페어 (캐시 30개 보유)
2026-07-31 01:14:32,423 [INFO] [SCAN] 완료: 30개 종목 · 신호 0개 · API 호출 30회 · 캐시 히트 0회
2026-07-31 01:14:47,613 [INFO] [SCAN] 블랙리스트 5개 제외: ['IP/USDT:USDT', 'NES/USDT:USDT', 'WLD/USDT:USDT', 'XAG/USDT:USDT', 'XAU/USDT:USDT', 'XAUT/USDT:USDT']
2026-07-31 01:14:47,614 [INFO] [SCAN] 스캔 시작: 30개 페어 (캐시 30개 보유)
2026-07-31 01:14:55,673 [INFO] [상태] 잔고:$9.43 | 포지션:0개 | 스캔:65회 | 스캐너:ON
2026-07-31 01:15:02,036 [INFO] [SCAN] 완료: 30개 종목 · 신호 0개 · API 호출 30회 · 캐시 히트 0회
2026-07-31 01:15:17,207 [INFO] [SCAN] 블랙리스트 5개 제외: ['IP/USDT:USDT', 'NES/USDT:USDT', 'WLD/USDT:USDT', 'XAG/USDT:USDT', 'XAU/USDT:USDT', 'XAUT/USDT:USDT']
2026-07-31 01:15:17,208 [INFO] [SCAN] 스캔 시작: 30개 페어 (캐시 30개 보유)
2026-07-31 01:15:31,286 [INFO] [SCAN] 완료: 30개 종목 · 신호 0개 · API 호출 30회 · 캐시 히트 0회
2026-07-31 01:15:46,549 [INFO] [SCAN] 블랙리스트 5개 제외: ['IP/USDT:USDT', 'NES/USDT:USDT', 'WLD/USDT:USDT', 'XAG/USDT:USDT', 'XAU/USDT:USDT', 'XAUT/USDT:USDT']
2026-07-31 01:15:46,549 [INFO] [SCAN] 스캔 시작: 30개 페어 (캐시 30개 보유)
2026-07-31 01:15:55,893 [INFO] [상태] 잔고:$9.43 | 포지션:0개 | 스캔:67회 | 스캐너:ON
2026-07-31 01:16:00,787 [INFO] [SCAN] 완료: 30개 종목 · 신호 0개 · API 호출 30회 · 캐시 히트 0회
2026-07-31 01:16:15,985 [INFO] [SCAN] 블랙리스트 5개 제외: ['IP/USDT:USDT', 'NES/USDT:USDT', 'WLD/USDT:USDT', 'XAG/USDT:USDT', 'XAU/USDT:USDT', 'XAUT/USDT:USDT']
2026-07-31 01:16:15,986 [INFO] [SCAN] 스캔 시작: 30개 페어 (캐시 30개 보유)
2026-07-31 01:16:30,236 [INFO] [SCAN] 완료: 30개 종목 · 신호 0개 · API 호출 30회 · 캐시 히트 0회
2026-07-31 01:16:45,408 [INFO] [SCAN] 블랙리스트 5개 제외: ['IP/USDT:USDT', 'NES/USDT:USDT', 'WLD/USDT:USDT', 'XAG/USDT:USDT', 'XAU/USDT:USDT', 'XAUT/USDT:USDT']
2026-07-31 01:16:45,409 [INFO] [SCAN] 스캔 시작: 30개 페어 (캐시 30개 보유)
2026-07-31 01:16:56,121 [INFO] [상태] 잔고:$9.43 | 포지션:0개 | 스캔:69회 | 스캐너:ON
2026-07-31 01:16:59,651 [INFO] [SCAN] 완료: 30개 종목 · 신호 0개 · API 호출 30회 · 캐시 히트 0회
2026-07-31 01:17:14,924 [INFO] [SCAN] 블랙리스트 5개 제외: ['IP/USDT:USDT', 'NES/USDT:USDT', 'WLD/USDT:USDT', 'XAG/USDT:USDT', 'XAU/USDT:USDT', 'XAUT/USDT:USDT']
2026-07-31 01:17:14,925 [INFO] [SCAN] 스캔 시작: 30개 페어 (캐시 30개 보유)
2026-07-31 01:17:20,278 [INFO] 🛑 봇 종료
2026-07-31 01:17:20,278 [INFO] [SCAN] 완료: 8개 종목 · 신호 0개 · API 호출 8회 · 캐시 히트 0회
2026-07-31 01:17:20,351 [WARNING] binance requires to release all resources with an explicit call to the .close() coroutine. If you are using the exchange instance with async coroutines, add `await exchange.close()` to your code into a place when you're done with the exchange and don't need the exchange instance anymore (at the end of your async coroutine).
2026-07-31 01:17:20,352 [ERROR] Unclosed client session
client_session: <aiohttp.client.ClientSession object at 0x110c24b20>

===== [2026-08-02 21:47:21] watchdog 실행: 8408_bot =====
/Users/l/project/8408/venv/lib/python3.9/site-packages/urllib3/__init__.py:35: NotOpenSSLWarning: urllib3 v2 only supports OpenSSL 1.1.1+, currently the 'ssl' module is compiled with 'LibreSSL 2.8.3'. See: https://github.com/urllib3/urllib3/issues/3020
  warnings.warn(
2026-08-02 21:47:22,784 [INFO] [CONFIG] JSON 설정 로드: /Users/l/project/8408/config.json
2026-08-02 21:47:22,790 [INFO] =======================================================
2026-08-02 21:47:22,790 [INFO]   8408_binance 매매 엔진 시작 (목표: 일 1% 수익)
2026-08-02 21:47:22,791 [INFO]   전략: 이중BB(2SD·3SD)+RSI 역추세 되돌림  |  TF: 5m
2026-08-02 21:47:22,791 [INFO]   레버리지: 11x  |  증거금: $2.0
2026-08-02 21:47:22,791 [INFO]   SL: 1.0%  TP: 1.8%
2026-08-02 21:47:22,791 [INFO]   스캔 TOP-N: 30  |  자동매매: True
2026-08-02 21:47:22,791 [INFO] =======================================================
2026-08-02 21:47:22,791 [INFO]   ▶ 실행 코드 버전(git): ff539ab  PID: 74427  시작: 2026-08-02 21:47:22
2026-08-02 21:47:22,791 [INFO] ▶ Binance API 연결 중...
2026-08-02 21:47:23,967 [INFO] ✅ Binance API 연결 성공
2026-08-02 21:47:24,064 [INFO] 💰 잔고: 총 $9.58  |  가용 $1.48 USDT
2026-08-02 21:47:24,064 [INFO] [PERSIST] 활성 포지션 상태 복구 완료 (3건)
2026-08-02 21:47:24,064 [INFO] [PERSIST] IDOL/USDT:USDT 종목별 쿨다운 복구 완료 (만료: 2026-08-02 23:05:47.187266)
2026-08-02 21:47:24,067 [INFO] [TRADER] 자동매매 활성화 (Async)
2026-08-02 21:47:24,067 [INFO] [SCANNER] 스캔 엔진 시작 (Async)
2026-08-02 21:47:24,067 [INFO] [SCANNER] 웹소켓 비활성(REST 전용) — 안정성 우선
2026-08-02 21:47:24,067 [INFO] 🤖 자동매매 + 스캐너 가동 완료 — 상시 운영 시작
2026-08-02 21:47:24,067 [INFO] [DISCORD FILTER] '자동매매 엔진 가동 완료' 알림 금지 처리됨
2026-08-02 21:47:24,202 [INFO] [SCAN] 블랙리스트 5개 제외: ['IP/USDT:USDT', 'NES/USDT:USDT', 'WLD/USDT:USDT', 'XAG/USDT:USDT', 'XAU/USDT:USDT', 'XAUT/USDT:USDT']
2026-08-02 21:47:24,202 [INFO] [SCAN] 스캔 시작: 30개 페어 (캐시 0개 보유)
2026-08-02 21:47:26,258 [INFO] [CACHE] BTC/USDT:USDT 초기 로드 300봉
2026-08-02 21:47:26,917 [INFO] [CACHE] ETH/USDT:USDT 초기 로드 300봉
2026-08-02 21:47:27,575 [INFO] [CACHE] SOL/USDT:USDT 초기 로드 300봉
2026-08-02 21:47:28,236 [INFO] [CACHE] CL/USDT:USDT 초기 로드 300봉
2026-08-02 21:47:28,897 [INFO] [CACHE] AKE/USDT:USDT 초기 로드 300봉
2026-08-02 21:47:29,093 [WARNING] [진입유실 방지 자동보정] LONG DOGE/USDT:USDT exit=2026-07-28 09:50:41 미매칭수량=163.00000000 orderID=100915175009 tradeID=None
2026-08-02 21:47:29,093 [WARNING] [진입유실 방지 자동보정] SHORT DOGE/USDT:USDT exit=2026-07-28 20:36:48 미매칭수량=357.00000000 orderID=100925180835 tradeID=None
2026-08-02 21:47:29,093 [WARNING] [진입유실 방지 자동보정] SHORT DOGE/USDT:USDT exit=2026-07-28 23:00:41 미매칭수량=286.00000000 orderID=100927596061 tradeID=None
2026-08-02 21:47:29,093 [WARNING] [진입유실 방지 자동보정] SHORT DOGE/USDT:USDT exit=2026-07-30 20:51:14 미매칭수량=345.00000000 orderID=100976583122 tradeID=None
2026-08-02 21:47:29,093 [WARNING] [진입유실 방지 자동보정] SHORT DOGE/USDT:USDT exit=2026-07-31 10:01:31 미매칭수량=334.00000000 orderID=100988356319 tradeID=None
2026-08-02 21:47:29,093 [WARNING] [진입유실 방지 자동보정] SHORT DOGE/USDT:USDT exit=2026-08-01 18:02:18 미매칭수량=306.00000000 orderID=101015266902 tradeID=None
2026-08-02 21:47:29,093 [WARNING] [진입유실 방지 자동보정] LONG DOGE/USDT:USDT exit=2026-08-02 11:07:47 미매칭수량=259.00000000 orderID=101028099752 tradeID=None
2026-08-02 21:47:29,093 [WARNING] [진입유실 방지 자동보정] LONG XRP/USDT:USDT exit=2026-07-30 03:32:09 미매칭수량=14.70000000 orderID=154591436270 tradeID=None
2026-08-02 21:47:29,094 [WARNING] [진입유실 방지 자동보정] LONG XRP/USDT:USDT exit=2026-07-30 08:06:13 미매칭수량=18.50000000 orderID=154605732461 tradeID=None
2026-08-02 21:47:29,094 [WARNING] [진입유실 방지 자동보정] LONG XRP/USDT:USDT exit=2026-07-30 22:11:04 미매칭수량=17.50000000 orderID=154637963852 tradeID=None
2026-08-02 21:47:29,094 [WARNING] [진입유실 방지 자동보정] SHORT XRP/USDT:USDT exit=2026-07-31 15:18:55 미매칭수량=28.50000000 orderID=154681353788 tradeID=None
2026-08-02 21:47:29,094 [WARNING] [진입유실 방지 자동보정] LONG XRP/USDT:USDT exit=2026-08-02 07:48:27 미매칭수량=6.70000000 orderID=154765042288 tradeID=None
2026-08-02 21:47:29,094 [WARNING] [진입유실 방지 자동보정] LONG XRP/USDT:USDT exit=2026-08-02 08:25:19 미매칭수량=6.70000000 orderID=154766072211 tradeID=None
2026-08-02 21:47:29,094 [WARNING] [진입유실 방지 자동보정] LONG XRP/USDT:USDT exit=2026-08-02 11:07:15 미매칭수량=16.80000000 orderID=154770811661 tradeID=None
2026-08-02 21:47:29,094 [WARNING] [진입유실 방지 자동보정] SHORT IDOL/USDT:USDT exit=2026-08-02 10:17:17 미매칭수량=445.00000000 orderID=523897304 tradeID=None
2026-08-02 21:47:29,506 [INFO] [CACHE] SNDK/USDT:USDT 초기 로드 300봉
2026-08-02 21:47:29,602 [INFO] [상태] 잔고:$9.59 | 포지션:3개 | 스캔:0회 | 스캐너:ON
2026-08-02 21:47:30,118 [INFO] [CACHE] 1000RATS/USDT:USDT 초기 로드 300봉
2026-08-02 21:47:30,782 [INFO] [CACHE] GIGGLE/USDT:USDT 초기 로드 300봉
2026-08-02 21:47:31,441 [INFO] [CACHE] XRP/USDT:USDT 초기 로드 300봉
2026-08-02 21:47:32,103 [INFO] [CACHE] BZ/USDT:USDT 초기 로드 300봉
2026-08-02 21:47:32,766 [INFO] [CACHE] SKHYNIX/USDT:USDT 초기 로드 300봉
2026-08-02 21:47:33,439 [INFO] [CACHE] ZEC/USDT:USDT 초기 로드 300봉
2026-08-02 21:47:34,104 [INFO] [CACHE] HYPE/USDT:USDT 초기 로드 300봉
2026-08-02 21:47:34,774 [INFO] [CACHE] BLESS/USDT:USDT 초기 로드 300봉
2026-08-02 21:47:35,440 [INFO] [CACHE] DOGE/USDT:USDT 초기 로드 300봉
2026-08-02 21:47:36,105 [INFO] [CACHE] SOXL/USDT:USDT 초기 로드 300봉
2026-08-02 21:47:36,768 [INFO] [CACHE] KOMA/USDT:USDT 초기 로드 300봉
2026-08-02 21:47:37,427 [INFO] [CACHE] BNB/USDT:USDT 초기 로드 300봉
2026-08-02 21:47:38,088 [INFO] [CACHE] MU/USDT:USDT 초기 로드 300봉
2026-08-02 21:47:38,750 [INFO] [CACHE] ADA/USDT:USDT 초기 로드 300봉
2026-08-02 21:47:39,416 [INFO] [CACHE] UAI/USDT:USDT 초기 로드 300봉
2026-08-02 21:47:40,082 [INFO] [CACHE] BEAT/USDT:USDT 초기 로드 300봉
2026-08-02 21:47:40,742 [INFO] [CACHE] BANK/USDT:USDT 초기 로드 300봉
2026-08-02 21:47:41,412 [INFO] [CACHE] HOME/USDT:USDT 초기 로드 300봉
2026-08-02 21:47:42,079 [INFO] [CACHE] 1000PEPE/USDT:USDT 초기 로드 300봉
2026-08-02 21:47:42,749 [INFO] [CACHE] KORU/USDT:USDT 초기 로드 300봉
2026-08-02 21:47:43,418 [INFO] [CACHE] IDOL/USDT:USDT 초기 로드 300봉
2026-08-02 21:47:44,086 [INFO] [CACHE] SKHY/USDT:USDT 초기 로드 300봉
2026-08-02 21:47:44,750 [INFO] [CACHE] EUL/USDT:USDT 초기 로드 300봉
2026-08-02 21:47:45,415 [INFO] [CACHE] ENA/USDT:USDT 초기 로드 300봉
2026-08-02 21:47:45,930 [INFO] [SCAN] 완료: 30개 종목 · 신호 0개 · API 호출 30회 · 캐시 히트 0회
2026-08-02 21:47:46,167 [WARNING] [PROTECT GUARD] SOL/USDT:USDT SHORT 보호주문 없음(무방비) → TP/SL 재무장 시도
2026-08-02 21:47:49,069 [ERROR] [PROTECT REARM] SOL/USDT:USDT short TP/SL 보호주문 재설정 실패: binance {"code":-4130,"msg":"An open stop or take profit order with GTE and closePosition in the direction is existing."}
2026-08-02 21:47:49,069 [ERROR] [PROTECT GUARD] SOL/USDT:USDT SHORT 보호주문 재무장 실패 — 수동 확인 필요
2026-08-02 21:47:49,162 [WARNING] [PROTECT GUARD] 1000PEPE/USDT:USDT LONG 보호주문 없음(무방비) → TP/SL 재무장 시도
2026-08-02 21:47:52,069 [ERROR] [PROTECT REARM] 1000PEPE/USDT:USDT long TP/SL 보호주문 재설정 실패: binance {"code":-4130,"msg":"An open stop or take profit order with GTE and closePosition in the direction is existing."}
2026-08-02 21:47:52,069 [ERROR] [PROTECT GUARD] 1000PEPE/USDT:USDT LONG 보호주문 재무장 실패 — 수동 확인 필요
2026-08-02 21:47:52,162 [WARNING] [PROTECT GUARD] 1000SHIB/USDT:USDT LONG 보호주문 없음(무방비) → TP/SL 재무장 시도
2026-08-02 21:47:55,065 [ERROR] [PROTECT REARM] 1000SHIB/USDT:USDT long TP/SL 보호주문 재설정 실패: binance {"code":-4130,"msg":"An open stop or take profit order with GTE and closePosition in the direction is existing."}
2026-08-02 21:47:55,065 [ERROR] [PROTECT GUARD] 1000SHIB/USDT:USDT LONG 보호주문 재무장 실패 — 수동 확인 필요
2026-08-02 21:47:59,640 [WARNING] [진입유실 방지 자동보정] LONG DOGE/USDT:USDT exit=2026-07-28 09:50:41 미매칭수량=163.00000000 orderID=100915175009 tradeID=None
2026-08-02 21:47:59,640 [WARNING] [진입유실 방지 자동보정] SHORT DOGE/USDT:USDT exit=2026-07-28 20:36:48 미매칭수량=357.00000000 orderID=100925180835 tradeID=None
2026-08-02 21:47:59,641 [WARNING] [진입유실 방지 자동보정] SHORT DOGE/USDT:USDT exit=2026-07-28 23:00:41 미매칭수량=286.00000000 orderID=100927596061 tradeID=None
2026-08-02 21:47:59,641 [WARNING] [진입유실 방지 자동보정] SHORT DOGE/USDT:USDT exit=2026-07-30 20:51:14 미매칭수량=345.00000000 orderID=100976583122 tradeID=None
2026-08-02 21:47:59,641 [WARNING] [진입유실 방지 자동보정] SHORT DOGE/USDT:USDT exit=2026-07-31 10:01:31 미매칭수량=334.00000000 orderID=100988356319 tradeID=None
2026-08-02 21:47:59,641 [WARNING] [진입유실 방지 자동보정] SHORT DOGE/USDT:USDT exit=2026-08-01 18:02:18 미매칭수량=306.00000000 orderID=101015266902 tradeID=None
2026-08-02 21:47:59,641 [WARNING] [진입유실 방지 자동보정] LONG DOGE/USDT:USDT exit=2026-08-02 11:07:47 미매칭수량=259.00000000 orderID=101028099752 tradeID=None
2026-08-02 21:47:59,641 [WARNING] [진입유실 방지 자동보정] LONG XRP/USDT:USDT exit=2026-07-30 03:32:09 미매칭수량=14.70000000 orderID=154591436270 tradeID=None
2026-08-02 21:47:59,641 [WARNING] [진입유실 방지 자동보정] LONG XRP/USDT:USDT exit=2026-07-30 08:06:13 미매칭수량=18.50000000 orderID=154605732461 tradeID=None
2026-08-02 21:47:59,641 [WARNING] [진입유실 방지 자동보정] LONG XRP/USDT:USDT exit=2026-07-30 22:11:04 미매칭수량=17.50000000 orderID=154637963852 tradeID=None
2026-08-02 21:47:59,641 [WARNING] [진입유실 방지 자동보정] SHORT XRP/USDT:USDT exit=2026-07-31 15:18:55 미매칭수량=28.50000000 orderID=154681353788 tradeID=None
2026-08-02 21:47:59,641 [WARNING] [진입유실 방지 자동보정] LONG XRP/USDT:USDT exit=2026-08-02 07:48:27 미매칭수량=6.70000000 orderID=154765042288 tradeID=None
2026-08-02 21:47:59,641 [WARNING] [진입유실 방지 자동보정] LONG XRP/USDT:USDT exit=2026-08-02 08:25:19 미매칭수량=6.70000000 orderID=154766072211 tradeID=None
2026-08-02 21:47:59,641 [WARNING] [진입유실 방지 자동보정] LONG XRP/USDT:USDT exit=2026-08-02 11:07:15 미매칭수량=16.80000000 orderID=154770811661 tradeID=None
2026-08-02 21:47:59,641 [WARNING] [진입유실 방지 자동보정] SHORT IDOL/USDT:USDT exit=2026-08-02 10:17:17 미매칭수량=445.00000000 orderID=523897304 tradeID=None
2026-08-02 21:48:10,247 [INFO] [SCAN] 블랙리스트 5개 제외: ['IP/USDT:USDT', 'NES/USDT:USDT', 'WLD/USDT:USDT', 'XAG/USDT:USDT', 'XAU/USDT:USDT', 'XAUT/USDT:USDT']
2026-08-02 21:48:10,247 [INFO] [SCAN] 스캔 시작: 30개 페어 (캐시 30개 보유)
2026-08-02 21:48:24,564 [INFO] [SCAN] 완료: 30개 종목 · 신호 0개 · API 호출 30회 · 캐시 히트 0회
2026-08-02 21:48:29,681 [WARNING] [진입유실 방지 자동보정] LONG DOGE/USDT:USDT exit=2026-07-28 09:50:41 미매칭수량=163.00000000 orderID=100915175009 tradeID=None
2026-08-02 21:48:29,682 [WARNING] [진입유실 방지 자동보정] SHORT DOGE/USDT:USDT exit=2026-07-28 20:36:48 미매칭수량=357.00000000 orderID=100925180835 tradeID=None
2026-08-02 21:48:29,682 [WARNING] [진입유실 방지 자동보정] SHORT DOGE/USDT:USDT exit=2026-07-28 23:00:41 미매칭수량=286.00000000 orderID=100927596061 tradeID=None
2026-08-02 21:48:29,682 [WARNING] [진입유실 방지 자동보정] SHORT DOGE/USDT:USDT exit=2026-07-30 20:51:14 미매칭수량=345.00000000 orderID=100976583122 tradeID=None
2026-08-02 21:48:29,682 [WARNING] [진입유실 방지 자동보정] SHORT DOGE/USDT:USDT exit=2026-07-31 10:01:31 미매칭수량=334.00000000 orderID=100988356319 tradeID=None
2026-08-02 21:48:29,682 [WARNING] [진입유실 방지 자동보정] SHORT DOGE/USDT:USDT exit=2026-08-01 18:02:18 미매칭수량=306.00000000 orderID=101015266902 tradeID=None
2026-08-02 21:48:29,682 [WARNING] [진입유실 방지 자동보정] LONG DOGE/USDT:USDT exit=2026-08-02 11:07:47 미매칭수량=259.00000000 orderID=101028099752 tradeID=None
2026-08-02 21:48:29,682 [WARNING] [진입유실 방지 자동보정] LONG XRP/USDT:USDT exit=2026-07-30 03:32:09 미매칭수량=14.70000000 orderID=154591436270 tradeID=None
2026-08-02 21:48:29,682 [WARNING] [진입유실 방지 자동보정] LONG XRP/USDT:USDT exit=2026-07-30 08:06:13 미매칭수량=18.50000000 orderID=154605732461 tradeID=None
2026-08-02 21:48:29,682 [WARNING] [진입유실 방지 자동보정] LONG XRP/USDT:USDT exit=2026-07-30 22:11:04 미매칭수량=17.50000000 orderID=154637963852 tradeID=None
2026-08-02 21:48:29,682 [WARNING] [진입유실 방지 자동보정] SHORT XRP/USDT:USDT exit=2026-07-31 15:18:55 미매칭수량=28.50000000 orderID=154681353788 tradeID=None
2026-08-02 21:48:29,683 [WARNING] [진입유실 방지 자동보정] LONG XRP/USDT:USDT exit=2026-08-02 07:48:27 미매칭수량=6.70000000 orderID=154765042288 tradeID=None
2026-08-02 21:48:29,683 [WARNING] [진입유실 방지 자동보정] LONG XRP/USDT:USDT exit=2026-08-02 08:25:19 미매칭수량=6.70000000 orderID=154766072211 tradeID=None
2026-08-02 21:48:29,683 [WARNING] [진입유실 방지 자동보정] LONG XRP/USDT:USDT exit=2026-08-02 11:07:15 미매칭수량=16.80000000 orderID=154770811661 tradeID=None
2026-08-02 21:48:29,683 [WARNING] [진입유실 방지 자동보정] SHORT IDOL/USDT:USDT exit=2026-08-02 10:17:17 미매칭수량=445.00000000 orderID=523897304 tradeID=None
2026-08-02 21:48:29,872 [INFO] [상태] 잔고:$9.60 | 포지션:3개 | 스캔:2회 | 스캐너:ON
2026-08-02 21:48:39,748 [INFO] [SCAN] 블랙리스트 5개 제외: ['IP/USDT:USDT', 'NES/USDT:USDT', 'WLD/USDT:USDT', 'XAG/USDT:USDT', 'XAU/USDT:USDT', 'XAUT/USDT:USDT']
2026-08-02 21:48:39,748 [INFO] [SCAN] 스캔 시작: 30개 페어 (캐시 30개 보유)
2026-08-02 21:48:53,918 [INFO] [SCAN] 완료: 30개 종목 · 신호 0개 · API 호출 30회 · 캐시 히트 0회
2026-08-02 21:48:54,109 [WARNING] [PROTECT GUARD] SOL/USDT:USDT SHORT 보호주문 없음(무방비) → TP/SL 재무장 시도
2026-08-02 21:48:57,021 [ERROR] [PROTECT REARM] SOL/USDT:USDT short TP/SL 보호주문 재설정 실패: binance {"code":-4130,"msg":"An open stop or take profit order with GTE and closePosition in the direction is existing."}
2026-08-02 21:48:57,022 [ERROR] [PROTECT GUARD] SOL/USDT:USDT SHORT 보호주문 재무장 실패 — 수동 확인 필요
2026-08-02 21:48:57,116 [WARNING] [PROTECT GUARD] 1000PEPE/USDT:USDT LONG 보호주문 없음(무방비) → TP/SL 재무장 시도
2026-08-02 21:48:59,918 [WARNING] [진입유실 방지 자동보정] LONG DOGE/USDT:USDT exit=2026-07-28 09:50:41 미매칭수량=163.00000000 orderID=100915175009 tradeID=None
2026-08-02 21:48:59,918 [WARNING] [진입유실 방지 자동보정] SHORT DOGE/USDT:USDT exit=2026-07-28 20:36:48 미매칭수량=357.00000000 orderID=100925180835 tradeID=None
2026-08-02 21:48:59,918 [WARNING] [진입유실 방지 자동보정] SHORT DOGE/USDT:USDT exit=2026-07-28 23:00:41 미매칭수량=286.00000000 orderID=100927596061 tradeID=None
2026-08-02 21:48:59,918 [WARNING] [진입유실 방지 자동보정] SHORT DOGE/USDT:USDT exit=2026-07-30 20:51:14 미매칭수량=345.00000000 orderID=100976583122 tradeID=None
2026-08-02 21:48:59,918 [WARNING] [진입유실 방지 자동보정] SHORT DOGE/USDT:USDT exit=2026-07-31 10:01:31 미매칭수량=334.00000000 orderID=100988356319 tradeID=None
2026-08-02 21:48:59,918 [WARNING] [진입유실 방지 자동보정] SHORT DOGE/USDT:USDT exit=2026-08-01 18:02:18 미매칭수량=306.00000000 orderID=101015266902 tradeID=None
2026-08-02 21:48:59,918 [WARNING] [진입유실 방지 자동보정] LONG DOGE/USDT:USDT exit=2026-08-02 11:07:47 미매칭수량=259.00000000 orderID=101028099752 tradeID=None
2026-08-02 21:48:59,918 [WARNING] [진입유실 방지 자동보정] LONG XRP/USDT:USDT exit=2026-07-30 03:32:09 미매칭수량=14.70000000 orderID=154591436270 tradeID=None
2026-08-02 21:48:59,919 [WARNING] [진입유실 방지 자동보정] LONG XRP/USDT:USDT exit=2026-07-30 08:06:13 미매칭수량=18.50000000 orderID=154605732461 tradeID=None
2026-08-02 21:48:59,919 [WARNING] [진입유실 방지 자동보정] LONG XRP/USDT:USDT exit=2026-07-30 22:11:04 미매칭수량=17.50000000 orderID=154637963852 tradeID=None
2026-08-02 21:48:59,919 [WARNING] [진입유실 방지 자동보정] SHORT XRP/USDT:USDT exit=2026-07-31 15:18:55 미매칭수량=28.50000000 orderID=154681353788 tradeID=None
2026-08-02 21:48:59,919 [WARNING] [진입유실 방지 자동보정] LONG XRP/USDT:USDT exit=2026-08-02 07:48:27 미매칭수량=6.70000000 orderID=154765042288 tradeID=None
2026-08-02 21:48:59,919 [WARNING] [진입유실 방지 자동보정] LONG XRP/USDT:USDT exit=2026-08-02 08:25:19 미매칭수량=6.70000000 orderID=154766072211 tradeID=None
2026-08-02 21:48:59,919 [WARNING] [진입유실 방지 자동보정] LONG XRP/USDT:USDT exit=2026-08-02 11:07:15 미매칭수량=16.80000000 orderID=154770811661 tradeID=None
2026-08-02 21:48:59,919 [WARNING] [진입유실 방지 자동보정] SHORT IDOL/USDT:USDT exit=2026-08-02 10:17:17 미매칭수량=445.00000000 orderID=523897304 tradeID=None
2026-08-02 21:49:00,086 [ERROR] [PROTECT REARM] 1000PEPE/USDT:USDT long TP/SL 보호주문 재설정 실패: binance {"code":-4130,"msg":"An open stop or take profit order with GTE and closePosition in the direction is existing."}
2026-08-02 21:49:00,086 [ERROR] [PROTECT GUARD] 1000PEPE/USDT:USDT LONG 보호주문 재무장 실패 — 수동 확인 필요
2026-08-02 21:49:00,178 [WARNING] [PROTECT GUARD] 1000SHIB/USDT:USDT LONG 보호주문 없음(무방비) → TP/SL 재무장 시도
2026-08-02 21:49:03,092 [ERROR] [PROTECT REARM] 1000SHIB/USDT:USDT long TP/SL 보호주문 재설정 실패: binance {"code":-4130,"msg":"An open stop or take profit order with GTE and closePosition in the direction is existing."}
2026-08-02 21:49:03,092 [ERROR] [PROTECT GUARD] 1000SHIB/USDT:USDT LONG 보호주문 재무장 실패 — 수동 확인 필요
2026-08-02 21:49:18,311 [INFO] [SCAN] 블랙리스트 5개 제외: ['IP/USDT:USDT', 'NES/USDT:USDT', 'WLD/USDT:USDT', 'XAG/USDT:USDT', 'XAU/USDT:USDT', 'XAUT/USDT:USDT']
2026-08-02 21:49:18,313 [INFO] [SCAN] 스캔 시작: 30개 페어 (캐시 30개 보유)
2026-08-02 21:49:29,953 [WARNING] [진입유실 방지 자동보정] LONG DOGE/USDT:USDT exit=2026-07-28 09:50:41 미매칭수량=163.00000000 orderID=100915175009 tradeID=None
2026-08-02 21:49:29,953 [WARNING] [진입유실 방지 자동보정] SHORT DOGE/USDT:USDT exit=2026-07-28 20:36:48 미매칭수량=357.00000000 orderID=100925180835 tradeID=None
2026-08-02 21:49:29,953 [WARNING] [진입유실 방지 자동보정] SHORT DOGE/USDT:USDT exit=2026-07-28 23:00:41 미매칭수량=286.00000000 orderID=100927596061 tradeID=None
2026-08-02 21:49:29,953 [WARNING] [진입유실 방지 자동보정] SHORT DOGE/USDT:USDT exit=2026-07-30 20:51:14 미매칭수량=345.00000000 orderID=100976583122 tradeID=None
2026-08-02 21:49:29,953 [WARNING] [진입유실 방지 자동보정] SHORT DOGE/USDT:USDT exit=2026-07-31 10:01:31 미매칭수량=334.00000000 orderID=100988356319 tradeID=None
2026-08-02 21:49:29,953 [WARNING] [진입유실 방지 자동보정] SHORT DOGE/USDT:USDT exit=2026-08-01 18:02:18 미매칭수량=306.00000000 orderID=101015266902 tradeID=None
2026-08-02 21:49:29,953 [WARNING] [진입유실 방지 자동보정] LONG DOGE/USDT:USDT exit=2026-08-02 11:07:47 미매칭수량=259.00000000 orderID=101028099752 tradeID=None
2026-08-02 21:49:29,953 [WARNING] [진입유실 방지 자동보정] LONG XRP/USDT:USDT exit=2026-07-30 03:32:09 미매칭수량=14.70000000 orderID=154591436270 tradeID=None
2026-08-02 21:49:29,953 [WARNING] [진입유실 방지 자동보정] LONG XRP/USDT:USDT exit=2026-07-30 08:06:13 미매칭수량=18.50000000 orderID=154605732461 tradeID=None
2026-08-02 21:49:29,953 [WARNING] [진입유실 방지 자동보정] LONG XRP/USDT:USDT exit=2026-07-30 22:11:04 미매칭수량=17.50000000 orderID=154637963852 tradeID=None
2026-08-02 21:49:29,953 [WARNING] [진입유실 방지 자동보정] SHORT XRP/USDT:USDT exit=2026-07-31 15:18:55 미매칭수량=28.50000000 orderID=154681353788 tradeID=None
2026-08-02 21:49:29,953 [WARNING] [진입유실 방지 자동보정] LONG XRP/USDT:USDT exit=2026-08-02 07:48:27 미매칭수량=6.70000000 orderID=154765042288 tradeID=None
2026-08-02 21:49:29,953 [WARNING] [진입유실 방지 자동보정] LONG XRP/USDT:USDT exit=2026-08-02 08:25:19 미매칭수량=6.70000000 orderID=154766072211 tradeID=None
2026-08-02 21:49:29,953 [WARNING] [진입유실 방지 자동보정] LONG XRP/USDT:USDT exit=2026-08-02 11:07:15 미매칭수량=16.80000000 orderID=154770811661 tradeID=None
2026-08-02 21:49:29,954 [WARNING] [진입유실 방지 자동보정] SHORT IDOL/USDT:USDT exit=2026-08-02 10:17:17 미매칭수량=445.00000000 orderID=523897304 tradeID=None
2026-08-02 21:49:30,143 [INFO] [상태] 잔고:$9.56 | 포지션:3개 | 스캔:3회 | 스캐너:ON
2026-08-02 21:49:32,551 [INFO] [SCAN] 완료: 30개 종목 · 신호 0개 · API 호출 30회 · 캐시 히트 0회
2026-08-02 21:49:47,776 [INFO] [SCAN] 블랙리스트 5개 제외: ['IP/USDT:USDT', 'NES/USDT:USDT', 'WLD/USDT:USDT', 'XAG/USDT:USDT', 'XAU/USDT:USDT', 'XAUT/USDT:USDT']
2026-08-02 21:49:47,777 [INFO] [SCAN] 스캔 시작: 30개 페어 (캐시 30개 보유)
2026-08-02 21:50:00,169 [WARNING] [진입유실 방지 자동보정] LONG DOGE/USDT:USDT exit=2026-07-28 09:50:41 미매칭수량=163.00000000 orderID=100915175009 tradeID=None
2026-08-02 21:50:00,170 [WARNING] [진입유실 방지 자동보정] SHORT DOGE/USDT:USDT exit=2026-07-28 20:36:48 미매칭수량=357.00000000 orderID=100925180835 tradeID=None
2026-08-02 21:50:00,170 [WARNING] [진입유실 방지 자동보정] SHORT DOGE/USDT:USDT exit=2026-07-28 23:00:41 미매칭수량=286.00000000 orderID=100927596061 tradeID=None
2026-08-02 21:50:00,170 [WARNING] [진입유실 방지 자동보정] SHORT DOGE/USDT:USDT exit=2026-07-30 20:51:14 미매칭수량=345.00000000 orderID=100976583122 tradeID=None
2026-08-02 21:50:00,170 [WARNING] [진입유실 방지 자동보정] SHORT DOGE/USDT:USDT exit=2026-07-31 10:01:31 미매칭수량=334.00000000 orderID=100988356319 tradeID=None
2026-08-02 21:50:00,170 [WARNING] [진입유실 방지 자동보정] SHORT DOGE/USDT:USDT exit=2026-08-01 18:02:18 미매칭수량=306.00000000 orderID=101015266902 tradeID=None
2026-08-02 21:50:00,170 [WARNING] [진입유실 방지 자동보정] LONG DOGE/USDT:USDT exit=2026-08-02 11:07:47 미매칭수량=259.00000000 orderID=101028099752 tradeID=None
2026-08-02 21:50:00,170 [WARNING] [진입유실 방지 자동보정] LONG XRP/USDT:USDT exit=2026-07-30 03:32:09 미매칭수량=14.70000000 orderID=154591436270 tradeID=None
2026-08-02 21:50:00,170 [WARNING] [진입유실 방지 자동보정] LONG XRP/USDT:USDT exit=2026-07-30 08:06:13 미매칭수량=18.50000000 orderID=154605732461 tradeID=None
2026-08-02 21:50:00,170 [WARNING] [진입유실 방지 자동보정] LONG XRP/USDT:USDT exit=2026-07-30 22:11:04 미매칭수량=17.50000000 orderID=154637963852 tradeID=None
2026-08-02 21:50:00,170 [WARNING] [진입유실 방지 자동보정] SHORT XRP/USDT:USDT exit=2026-07-31 15:18:55 미매칭수량=28.50000000 orderID=154681353788 tradeID=None
2026-08-02 21:50:00,170 [WARNING] [진입유실 방지 자동보정] LONG XRP/USDT:USDT exit=2026-08-02 07:48:27 미매칭수량=6.70000000 orderID=154765042288 tradeID=None
2026-08-02 21:50:00,170 [WARNING] [진입유실 방지 자동보정] LONG XRP/USDT:USDT exit=2026-08-02 08:25:19 미매칭수량=6.70000000 orderID=154766072211 tradeID=None
2026-08-02 21:50:00,170 [WARNING] [진입유실 방지 자동보정] LONG XRP/USDT:USDT exit=2026-08-02 11:07:15 미매칭수량=16.80000000 orderID=154770811661 tradeID=None
2026-08-02 21:50:00,170 [WARNING] [진입유실 방지 자동보정] SHORT IDOL/USDT:USDT exit=2026-08-02 10:17:17 미매칭수량=445.00000000 orderID=523897304 tradeID=None
2026-08-02 21:50:02,141 [INFO] [SCAN] 완료: 30개 종목 · 신호 0개 · API 호출 30회 · 캐시 히트 0회
2026-08-02 21:50:02,346 [WARNING] [PROTECT GUARD] SOL/USDT:USDT SHORT 보호주문 없음(무방비) → TP/SL 재무장 시도
2026-08-02 21:50:05,253 [ERROR] [PROTECT REARM] SOL/USDT:USDT short TP/SL 보호주문 재설정 실패: binance {"code":-4130,"msg":"An open stop or take profit order with GTE and closePosition in the direction is existing."}
2026-08-02 21:50:05,253 [ERROR] [PROTECT GUARD] SOL/USDT:USDT SHORT 보호주문 재무장 실패 — 수동 확인 필요
2026-08-02 21:50:05,348 [WARNING] [PROTECT GUARD] 1000PEPE/USDT:USDT LONG 보호주문 없음(무방비) → TP/SL 재무장 시도
2026-08-02 21:50:08,269 [ERROR] [PROTECT REARM] 1000PEPE/USDT:USDT long TP/SL 보호주문 재설정 실패: binance {"code":-4130,"msg":"An open stop or take profit order with GTE and closePosition in the direction is existing."}
2026-08-02 21:50:08,270 [ERROR] [PROTECT GUARD] 1000PEPE/USDT:USDT LONG 보호주문 재무장 실패 — 수동 확인 필요
2026-08-02 21:50:08,368 [WARNING] [PROTECT GUARD] 1000SHIB/USDT:USDT LONG 보호주문 없음(무방비) → TP/SL 재무장 시도
2026-08-02 21:50:11,287 [ERROR] [PROTECT REARM] 1000SHIB/USDT:USDT long TP/SL 보호주문 재설정 실패: binance {"code":-4130,"msg":"An open stop or take profit order with GTE and closePosition in the direction is existing."}
2026-08-02 21:50:11,287 [ERROR] [PROTECT GUARD] 1000SHIB/USDT:USDT LONG 보호주문 재무장 실패 — 수동 확인 필요
2026-08-02 21:50:26,458 [INFO] [SCAN] 블랙리스트 5개 제외: ['IP/USDT:USDT', 'NES/USDT:USDT', 'WLD/USDT:USDT', 'XAG/USDT:USDT', 'XAU/USDT:USDT', 'XAUT/USDT:USDT']
2026-08-02 21:50:26,458 [INFO] [SCAN] 스캔 시작: 30개 페어 (캐시 30개 보유)
2026-08-02 21:50:30,212 [WARNING] [진입유실 방지 자동보정] LONG DOGE/USDT:USDT exit=2026-07-28 09:50:41 미매칭수량=163.00000000 orderID=100915175009 tradeID=None
2026-08-02 21:50:30,212 [WARNING] [진입유실 방지 자동보정] SHORT DOGE/USDT:USDT exit=2026-07-28 20:36:48 미매칭수량=357.00000000 orderID=100925180835 tradeID=None
2026-08-02 21:50:30,212 [WARNING] [진입유실 방지 자동보정] SHORT DOGE/USDT:USDT exit=2026-07-28 23:00:41 미매칭수량=286.00000000 orderID=100927596061 tradeID=None
2026-08-02 21:50:30,212 [WARNING] [진입유실 방지 자동보정] SHORT DOGE/USDT:USDT exit=2026-07-30 20:51:14 미매칭수량=345.00000000 orderID=100976583122 tradeID=None
2026-08-02 21:50:30,212 [WARNING] [진입유실 방지 자동보정] SHORT DOGE/USDT:USDT exit=2026-07-31 10:01:31 미매칭수량=334.00000000 orderID=100988356319 tradeID=None
2026-08-02 21:50:30,212 [WARNING] [진입유실 방지 자동보정] SHORT DOGE/USDT:USDT exit=2026-08-01 18:02:18 미매칭수량=306.00000000 orderID=101015266902 tradeID=None
2026-08-02 21:50:30,212 [WARNING] [진입유실 방지 자동보정] LONG DOGE/USDT:USDT exit=2026-08-02 11:07:47 미매칭수량=259.00000000 orderID=101028099752 tradeID=None
2026-08-02 21:50:30,212 [WARNING] [진입유실 방지 자동보정] LONG XRP/USDT:USDT exit=2026-07-30 03:32:09 미매칭수량=14.70000000 orderID=154591436270 tradeID=None
2026-08-02 21:50:30,212 [WARNING] [진입유실 방지 자동보정] LONG XRP/USDT:USDT exit=2026-07-30 08:06:13 미매칭수량=18.50000000 orderID=154605732461 tradeID=None
2026-08-02 21:50:30,212 [WARNING] [진입유실 방지 자동보정] LONG XRP/USDT:USDT exit=2026-07-30 22:11:04 미매칭수량=17.50000000 orderID=154637963852 tradeID=None
2026-08-02 21:50:30,213 [WARNING] [진입유실 방지 자동보정] SHORT XRP/USDT:USDT exit=2026-07-31 15:18:55 미매칭수량=28.50000000 orderID=154681353788 tradeID=None
2026-08-02 21:50:30,213 [WARNING] [진입유실 방지 자동보정] LONG XRP/USDT:USDT exit=2026-08-02 07:48:27 미매칭수량=6.70000000 orderID=154765042288 tradeID=None
2026-08-02 21:50:30,213 [WARNING] [진입유실 방지 자동보정] LONG XRP/USDT:USDT exit=2026-08-02 08:25:19 미매칭수량=6.70000000 orderID=154766072211 tradeID=None
2026-08-02 21:50:30,213 [WARNING] [진입유실 방지 자동보정] LONG XRP/USDT:USDT exit=2026-08-02 11:07:15 미매칭수량=16.80000000 orderID=154770811661 tradeID=None
2026-08-02 21:50:30,213 [WARNING] [진입유실 방지 자동보정] SHORT IDOL/USDT:USDT exit=2026-08-02 10:17:17 미매칭수량=445.00000000 orderID=523897304 tradeID=None
2026-08-02 21:50:30,404 [INFO] [상태] 잔고:$9.57 | 포지션:3개 | 스캔:5회 | 스캐너:ON
2026-08-02 21:50:40,699 [INFO] [SCAN] 완료: 30개 종목 · 신호 0개 · API 호출 30회 · 캐시 히트 0회

===== [2026-08-02 23:01:13] watchdog 실행: 8408_bot =====
/Users/l/project/8408/venv/lib/python3.9/site-packages/urllib3/__init__.py:35: NotOpenSSLWarning: urllib3 v2 only supports OpenSSL 1.1.1+, currently the 'ssl' module is compiled with 'LibreSSL 2.8.3'. See: https://github.com/urllib3/urllib3/issues/3020
  warnings.warn(
2026-08-02 23:01:14,985 [INFO] [CONFIG] JSON 설정 로드: /Users/l/project/8408/config.json
2026-08-02 23:01:14,989 [INFO] =======================================================
2026-08-02 23:01:14,989 [INFO]   8408_binance 매매 엔진 시작 (목표: 일 1% 수익)
2026-08-02 23:01:14,989 [INFO]   전략: 이중BB(2SD·3SD)+RSI 역추세 되돌림  |  TF: 5m
2026-08-02 23:01:14,989 [INFO]   레버리지: 11x  |  증거금: $2.0
2026-08-02 23:01:14,989 [INFO]   SL: 1.0%  TP: 1.8%
2026-08-02 23:01:14,989 [INFO]   스캔 TOP-N: 30  |  자동매매: True
2026-08-02 23:01:14,989 [INFO] =======================================================
2026-08-02 23:01:14,991 [INFO]   ▶ 실행 코드 버전(git): 5c62ec1  PID: 4162  시작: 2026-08-02 23:01:14
2026-08-02 23:01:14,991 [INFO] ▶ Binance API 연결 중...
2026-08-02 23:01:16,125 [INFO] ✅ Binance API 연결 성공
2026-08-02 23:01:16,221 [INFO] 💰 잔고: 총 $9.57  |  가용 $5.83 USDT
2026-08-02 23:01:16,221 [INFO] [PERSIST] 활성 포지션 상태 복구 완료 (1건)
2026-08-02 23:01:16,221 [INFO] [PERSIST] IDOL/USDT:USDT 종목별 쿨다운 복구 완료 (만료: 2026-08-02 23:05:47.187266)
2026-08-02 23:01:16,221 [INFO] [PERSIST] 1000SHIB/USDT:USDT 종목별 쿨다운 복구 완료 (만료: 2026-08-02 23:13:08.408447)
2026-08-02 23:01:16,225 [INFO] [TRADER] 자동매매 활성화 (Async)
2026-08-02 23:01:16,225 [INFO] [SCANNER] 스캔 엔진 시작 (Async)
2026-08-02 23:01:16,225 [INFO] [SCANNER] 웹소켓 비활성(REST 전용) — 안정성 우선
2026-08-02 23:01:16,225 [INFO] 🤖 자동매매 + 스캐너 가동 완료 — 상시 운영 시작
2026-08-02 23:01:16,225 [INFO] [DISCORD FILTER] '자동매매 엔진 가동 완료' 알림 금지 처리됨
2026-08-02 23:01:16,356 [INFO] [SCAN] 블랙리스트 5개 제외: ['IP/USDT:USDT', 'NES/USDT:USDT', 'WLD/USDT:USDT', 'XAG/USDT:USDT', 'XAU/USDT:USDT', 'XAUT/USDT:USDT']
2026-08-02 23:01:16,356 [INFO] [SCAN] 스캔 시작: 30개 페어 (캐시 0개 보유)
2026-08-02 23:01:18,406 [INFO] [CACHE] BTC/USDT:USDT 초기 로드 300봉
2026-08-02 23:01:19,070 [INFO] [CACHE] ETH/USDT:USDT 초기 로드 300봉
2026-08-02 23:01:19,730 [INFO] [CACHE] SOL/USDT:USDT 초기 로드 300봉
2026-08-02 23:01:20,398 [INFO] [CACHE] AKE/USDT:USDT 초기 로드 300봉
2026-08-02 23:01:21,055 [INFO] [CACHE] CL/USDT:USDT 초기 로드 300봉
2026-08-02 23:01:21,257 [WARNING] [진입유실 방지 자동보정] LONG 1000SHIB/USDT:USDT exit=2026-07-27 04:30:21 미매칭수량=2189.00000000 orderID=31388901395 tradeID=None
2026-08-02 23:01:21,257 [WARNING] [진입유실 방지 자동보정] SHORT 1000SHIB/USDT:USDT exit=2026-07-27 07:36:19 미매칭수량=1348.00000000 orderID=31393184616 tradeID=None
2026-08-02 23:01:21,257 [WARNING] [진입유실 방지 자동보정] SHORT 1000SHIB/USDT:USDT exit=2026-07-27 11:51:02 미매칭수량=1844.00000000 orderID=31400541745 tradeID=None
2026-08-02 23:01:21,257 [WARNING] [진입유실 방지 자동보정] SHORT 1000SHIB/USDT:USDT exit=2026-07-28 06:12:27 미매칭수량=2192.00000000 orderID=31421063023 tradeID=None
2026-08-02 23:01:21,257 [WARNING] [진입유실 방지 자동보정] SHORT 1000SHIB/USDT:USDT exit=2026-08-02 01:13:53 미매칭수량=1073.00000000 orderID=31502817166 tradeID=None
2026-08-02 23:01:21,257 [WARNING] [진입유실 방지 자동보정] SHORT 1000SHIB/USDT:USDT exit=2026-08-02 02:01:20 미매칭수량=1074.00000000 orderID=31504220662 tradeID=None
2026-08-02 23:01:21,257 [WARNING] [진입유실 방지 자동보정] SHORT 1000SHIB/USDT:USDT exit=2026-08-02 09:45:32 미매칭수량=2285.00000000 orderID=31510623049 tradeID=None
2026-08-02 23:01:21,257 [WARNING] [진입유실 방지 자동보정] SHORT 1000SHIB/USDT:USDT exit=2026-08-02 10:35:19 미매칭수량=2280.00000000 orderID=31511192196 tradeID=None
2026-08-02 23:01:21,257 [WARNING] [진입유실 방지 자동보정] LONG DOGE/USDT:USDT exit=2026-07-28 09:50:41 미매칭수량=163.00000000 orderID=100915175009 tradeID=None
2026-08-02 23:01:21,257 [WARNING] [진입유실 방지 자동보정] SHORT DOGE/USDT:USDT exit=2026-07-28 20:36:48 미매칭수량=357.00000000 orderID=100925180835 tradeID=None
2026-08-02 23:01:21,257 [WARNING] [진입유실 방지 자동보정] SHORT DOGE/USDT:USDT exit=2026-07-28 23:00:41 미매칭수량=286.00000000 orderID=100927596061 tradeID=None
2026-08-02 23:01:21,257 [WARNING] [진입유실 방지 자동보정] SHORT DOGE/USDT:USDT exit=2026-07-30 20:51:14 미매칭수량=345.00000000 orderID=100976583122 tradeID=None
2026-08-02 23:01:21,258 [WARNING] [진입유실 방지 자동보정] SHORT DOGE/USDT:USDT exit=2026-07-31 10:01:31 미매칭수량=334.00000000 orderID=100988356319 tradeID=None
2026-08-02 23:01:21,258 [WARNING] [진입유실 방지 자동보정] SHORT DOGE/USDT:USDT exit=2026-08-01 18:02:18 미매칭수량=306.00000000 orderID=101015266902 tradeID=None
2026-08-02 23:01:21,258 [WARNING] [진입유실 방지 자동보정] LONG DOGE/USDT:USDT exit=2026-08-02 11:07:47 미매칭수량=259.00000000 orderID=101028099752 tradeID=None
2026-08-02 23:01:21,258 [WARNING] [진입유실 방지 자동보정] LONG XRP/USDT:USDT exit=2026-07-30 03:32:09 미매칭수량=14.70000000 orderID=154591436270 tradeID=None
2026-08-02 23:01:21,258 [WARNING] [진입유실 방지 자동보정] LONG XRP/USDT:USDT exit=2026-07-30 08:06:13 미매칭수량=18.50000000 orderID=154605732461 tradeID=None
2026-08-02 23:01:21,258 [WARNING] [진입유실 방지 자동보정] LONG XRP/USDT:USDT exit=2026-07-30 22:11:04 미매칭수량=17.50000000 orderID=154637963852 tradeID=None
2026-08-02 23:01:21,258 [WARNING] [진입유실 방지 자동보정] SHORT XRP/USDT:USDT exit=2026-07-31 15:18:55 미매칭수량=28.50000000 orderID=154681353788 tradeID=None
2026-08-02 23:01:21,258 [WARNING] [진입유실 방지 자동보정] LONG XRP/USDT:USDT exit=2026-08-02 07:48:27 미매칭수량=6.70000000 orderID=154765042288 tradeID=None
2026-08-02 23:01:21,258 [WARNING] [진입유실 방지 자동보정] LONG XRP/USDT:USDT exit=2026-08-02 08:25:19 미매칭수량=6.70000000 orderID=154766072211 tradeID=None
2026-08-02 23:01:21,258 [WARNING] [진입유실 방지 자동보정] LONG XRP/USDT:USDT exit=2026-08-02 11:07:15 미매칭수량=16.80000000 orderID=154770811661 tradeID=None
2026-08-02 23:01:21,258 [WARNING] [진입유실 방지 자동보정] SHORT 1000PEPE/USDT:USDT exit=2026-08-02 02:31:36 미매칭수량=1968.00000000 orderID=61389681657 tradeID=None
2026-08-02 23:01:21,258 [WARNING] [진입유실 방지 자동보정] SHORT 1000PEPE/USDT:USDT exit=2026-08-02 02:52:29 미매칭수량=1969.00000000 orderID=61390079427 tradeID=None
2026-08-02 23:01:21,258 [WARNING] [진입유실 방지 자동보정] SHORT 1000PEPE/USDT:USDT exit=2026-08-02 09:25:39 미매칭수량=7585.00000000 orderID=61394822102 tradeID=None
2026-08-02 23:01:21,258 [WARNING] [진입유실 방지 자동보정] SHORT IDOL/USDT:USDT exit=2026-08-02 10:17:17 미매칭수량=445.00000000 orderID=523897304 tradeID=None
2026-08-02 23:01:21,637 [INFO] [상태] 잔고:$9.58 | 포지션:1개 | 스캔:0회 | 스캐너:ON
2026-08-02 23:01:21,691 [INFO] [CACHE] SNDK/USDT:USDT 초기 로드 300봉
2026-08-02 23:01:22,350 [INFO] [CACHE] 1000RATS/USDT:USDT 초기 로드 300봉
2026-08-02 23:01:23,007 [INFO] [CACHE] XRP/USDT:USDT 초기 로드 300봉
2026-08-02 23:01:23,671 [INFO] [CACHE] BZ/USDT:USDT 초기 로드 300봉
2026-08-02 23:01:24,334 [INFO] [CACHE] GIGGLE/USDT:USDT 초기 로드 300봉
2026-08-02 23:01:25,002 [INFO] [CACHE] BLESS/USDT:USDT 초기 로드 300봉
2026-08-02 23:01:25,662 [INFO] [CACHE] SKHYNIX/USDT:USDT 초기 로드 300봉
2026-08-02 23:01:26,336 [INFO] [CACHE] ZEC/USDT:USDT 초기 로드 300봉
2026-08-02 23:01:27,002 [INFO] [CACHE] HYPE/USDT:USDT 초기 로드 300봉
2026-08-02 23:01:27,672 [INFO] [CACHE] DOGE/USDT:USDT 초기 로드 300봉
2026-08-02 23:01:28,338 [INFO] [CACHE] SOXL/USDT:USDT 초기 로드 300봉
2026-08-02 23:01:28,998 [INFO] [CACHE] ADA/USDT:USDT 초기 로드 300봉
2026-08-02 23:01:29,654 [INFO] [CACHE] KOMA/USDT:USDT 초기 로드 300봉
2026-08-02 23:01:30,320 [INFO] [CACHE] MU/USDT:USDT 초기 로드 300봉
2026-08-02 23:01:30,986 [INFO] [CACHE] BNB/USDT:USDT 초기 로드 300봉
2026-08-02 23:01:31,648 [INFO] [CACHE] UAI/USDT:USDT 초기 로드 300봉
2026-08-02 23:01:32,311 [INFO] [CACHE] BEAT/USDT:USDT 초기 로드 300봉
2026-08-02 23:01:32,318 [INFO] [SIG] BEAT/USDT:USDT LONG 신호 포착 (강도 100%)
2026-08-02 23:01:32,318 [INFO] [SIGNAL] BEAT/USDT:USDT LONG 신호 수신 (strength=100)
2026-08-02 23:01:32,318 [INFO] [🐸 청개구리 역매매] 신호 방향 반전: LONG ➡️ SHORT
2026-08-02 23:01:32,557 [INFO] [RISK OK] BEAT/USDT:USDT 리스크 체크 통과
2026-08-02 23:01:32,654 [INFO] [ENTRY OK] BEAT/USDT:USDT 포지션 체크 통과 (현재 1/3)
2026-08-02 23:01:32,655 [INFO] [MARGIN] AUTO_COMPOUND 활성화 감지
2026-08-02 23:01:32,655 [INFO] [COMPOUND OK] 자동 복리 마진: 총 잔고 $9.57, 비율 33.00% → 1회 진입 증거금 $3.16
2026-08-02 23:01:32,655 [INFO] [MARGIN DECISION] symbol=BEAT/USDT:USDT source=compound_cached margin=3.16 auto_compound=True compound_pct=33.00 fixed_margin=2.00
2026-08-02 23:01:32,751 [INFO] [M4 SIZING] BEAT/USDT:USDT 잔고=$9.57, 리스크=1.00%, SL거리=3.76% → 증거금=$1.00 (Notional: $11.00)
2026-08-02 23:01:32,751 [INFO] [DualBB SL/TP] BEAT/USDT:USDT 시그널 내장 가격 기반: SL=3.8641(3.758%) TP=4.3167(7.515%)
2026-08-02 23:01:32,751 [INFO] [FINAL ENTRY] BEAT/USDT:USDT SELL 주문 실행 예정: margin=$1.00 SL=3.76% TP=7.52%
2026-08-02 23:01:32,751 [INFO] [ORDER PLACE] BEAT/USDT:USDT place_order 호출 중...
2026-08-02 23:01:37,180 [INFO] [ORDER RESULT] BEAT/USDT:USDT 주문 결과: {'order_id': '4810290531', 'symbol': 'BEAT/USDT:USDT', 'side': 'SHORT', 'entry_price': 4.019, 'amount': 2.0, 'sl_price': '4.17', 'tp_price': '3.717', 'usdt_margin': 1.0}
2026-08-02 23:01:37,181 [INFO] [ATR TRAIL] BEAT/USDT:USDT ATR기반 저장: atr_pct=1.50% → activation=2.25% callback=2.25%
2026-08-02 23:01:37,182 [INFO] [PERSIST] 활성 포지션 상태 저장 완료
2026-08-02 23:01:37,182 [INFO] [PERSIST] 엔진 상태(트레일링 픽, 이전 포지션 심볼, recently_entered) 저장 완료
2026-08-02 23:01:37,183 [INFO] [ORDER] BEAT/USDT:USDT SHORT 실행 완료
2026-08-02 23:01:37,793 [INFO] [CACHE] HOME/USDT:USDT 초기 로드 300봉
2026-08-02 23:01:38,458 [INFO] [CACHE] BANK/USDT:USDT 초기 로드 300봉
2026-08-02 23:01:39,117 [INFO] [CACHE] 1000PEPE/USDT:USDT 초기 로드 300봉
2026-08-02 23:01:39,776 [INFO] [CACHE] KORU/USDT:USDT 초기 로드 300봉
2026-08-02 23:01:40,438 [INFO] [CACHE] IDOL/USDT:USDT 초기 로드 300봉
2026-08-02 23:01:41,099 [INFO] [CACHE] SKHY/USDT:USDT 초기 로드 300봉
2026-08-02 23:01:41,763 [INFO] [CACHE] ENA/USDT:USDT 초기 로드 300봉
2026-08-02 23:01:42,423 [INFO] [CACHE] EUL/USDT:USDT 초기 로드 300봉
2026-08-02 23:01:42,933 [INFO] [SCAN] 완료: 30개 종목 · 신호 1개 · API 호출 30회 · 캐시 히트 0회
2026-08-02 23:01:43,248 [WARNING] [PROTECT GUARD] BEAT/USDT:USDT SHORT 보호주문 없음(무방비) → TP/SL 재무장 시도
2026-08-02 23:01:46,160 [ERROR] [PROTECT REARM] BEAT/USDT:USDT short TP/SL 보호주문 재설정 실패: binance {"code":-4130,"msg":"An open stop or take profit order with GTE and closePosition in the direction is existing."}
2026-08-02 23:01:46,161 [ERROR] [PROTECT GUARD] BEAT/USDT:USDT SHORT 보호주문 재무장 실패 — 수동 확인 필요
2026-08-02 23:01:46,256 [WARNING] [PROTECT GUARD] SOL/USDT:USDT SHORT 보호주문 없음(무방비) → TP/SL 재무장 시도
2026-08-02 23:01:49,169 [ERROR] [PROTECT REARM] SOL/USDT:USDT short TP/SL 보호주문 재설정 실패: binance {"code":-4130,"msg":"An open stop or take profit order with GTE and closePosition in the direction is existing."}
2026-08-02 23:01:49,172 [ERROR] [PROTECT GUARD] SOL/USDT:USDT SHORT 보호주문 재무장 실패 — 수동 확인 필요
2026-08-02 23:01:51,671 [WARNING] [진입유실 방지 자동보정] LONG 1000SHIB/USDT:USDT exit=2026-07-27 04:30:21 미매칭수량=2189.00000000 orderID=31388901395 tradeID=None
2026-08-02 23:01:51,671 [WARNING] [진입유실 방지 자동보정] SHORT 1000SHIB/USDT:USDT exit=2026-07-27 07:36:19 미매칭수량=1348.00000000 orderID=31393184616 tradeID=None
2026-08-02 23:01:51,671 [WARNING] [진입유실 방지 자동보정] SHORT 1000SHIB/USDT:USDT exit=2026-07-27 11:51:02 미매칭수량=1844.00000000 orderID=31400541745 tradeID=None
2026-08-02 23:01:51,671 [WARNING] [진입유실 방지 자동보정] SHORT 1000SHIB/USDT:USDT exit=2026-07-28 06:12:27 미매칭수량=2192.00000000 orderID=31421063023 tradeID=None
2026-08-02 23:01:51,671 [WARNING] [진입유실 방지 자동보정] SHORT 1000SHIB/USDT:USDT exit=2026-08-02 01:13:53 미매칭수량=1073.00000000 orderID=31502817166 tradeID=None
2026-08-02 23:01:51,671 [WARNING] [진입유실 방지 자동보정] SHORT 1000SHIB/USDT:USDT exit=2026-08-02 02:01:20 미매칭수량=1074.00000000 orderID=31504220662 tradeID=None
2026-08-02 23:01:51,672 [WARNING] [진입유실 방지 자동보정] SHORT 1000SHIB/USDT:USDT exit=2026-08-02 09:45:32 미매칭수량=2285.00000000 orderID=31510623049 tradeID=None
2026-08-02 23:01:51,672 [WARNING] [진입유실 방지 자동보정] SHORT 1000SHIB/USDT:USDT exit=2026-08-02 10:35:19 미매칭수량=2280.00000000 orderID=31511192196 tradeID=None
2026-08-02 23:01:51,672 [WARNING] [진입유실 방지 자동보정] LONG DOGE/USDT:USDT exit=2026-07-28 09:50:41 미매칭수량=163.00000000 orderID=100915175009 tradeID=None
2026-08-02 23:01:51,672 [WARNING] [진입유실 방지 자동보정] SHORT DOGE/USDT:USDT exit=2026-07-28 20:36:48 미매칭수량=357.00000000 orderID=100925180835 tradeID=None
2026-08-02 23:01:51,672 [WARNING] [진입유실 방지 자동보정] SHORT DOGE/USDT:USDT exit=2026-07-28 23:00:41 미매칭수량=286.00000000 orderID=100927596061 tradeID=None
2026-08-02 23:01:51,672 [WARNING] [진입유실 방지 자동보정] SHORT DOGE/USDT:USDT exit=2026-07-30 20:51:14 미매칭수량=345.00000000 orderID=100976583122 tradeID=None
2026-08-02 23:01:51,672 [WARNING] [진입유실 방지 자동보정] SHORT DOGE/USDT:USDT exit=2026-07-31 10:01:31 미매칭수량=334.00000000 orderID=100988356319 tradeID=None
2026-08-02 23:01:51,672 [WARNING] [진입유실 방지 자동보정] SHORT DOGE/USDT:USDT exit=2026-08-01 18:02:18 미매칭수량=306.00000000 orderID=101015266902 tradeID=None
2026-08-02 23:01:51,672 [WARNING] [진입유실 방지 자동보정] LONG DOGE/USDT:USDT exit=2026-08-02 11:07:47 미매칭수량=259.00000000 orderID=101028099752 tradeID=None
2026-08-02 23:01:51,672 [WARNING] [진입유실 방지 자동보정] LONG XRP/USDT:USDT exit=2026-07-30 03:32:09 미매칭수량=14.70000000 orderID=154591436270 tradeID=None
2026-08-02 23:01:51,672 [WARNING] [진입유실 방지 자동보정] LONG XRP/USDT:USDT exit=2026-07-30 08:06:13 미매칭수량=18.50000000 orderID=154605732461 tradeID=None
2026-08-02 23:01:51,672 [WARNING] [진입유실 방지 자동보정] LONG XRP/USDT:USDT exit=2026-07-30 22:11:04 미매칭수량=17.50000000 orderID=154637963852 tradeID=None
2026-08-02 23:01:51,672 [WARNING] [진입유실 방지 자동보정] SHORT XRP/USDT:USDT exit=2026-07-31 15:18:55 미매칭수량=28.50000000 orderID=154681353788 tradeID=None
2026-08-02 23:01:51,672 [WARNING] [진입유실 방지 자동보정] LONG XRP/USDT:USDT exit=2026-08-02 07:48:27 미매칭수량=6.70000000 orderID=154765042288 tradeID=None
2026-08-02 23:01:51,672 [WARNING] [진입유실 방지 자동보정] LONG XRP/USDT:USDT exit=2026-08-02 08:25:19 미매칭수량=6.70000000 orderID=154766072211 tradeID=None
2026-08-02 23:01:51,672 [WARNING] [진입유실 방지 자동보정] LONG XRP/USDT:USDT exit=2026-08-02 11:07:15 미매칭수량=16.80000000 orderID=154770811661 tradeID=None
2026-08-02 23:01:51,672 [WARNING] [진입유실 방지 자동보정] SHORT 1000PEPE/USDT:USDT exit=2026-08-02 02:31:36 미매칭수량=1968.00000000 orderID=61389681657 tradeID=None
2026-08-02 23:01:51,672 [WARNING] [진입유실 방지 자동보정] SHORT 1000PEPE/USDT:USDT exit=2026-08-02 02:52:29 미매칭수량=1969.00000000 orderID=61390079427 tradeID=None
2026-08-02 23:01:51,672 [WARNING] [진입유실 방지 자동보정] SHORT 1000PEPE/USDT:USDT exit=2026-08-02 09:25:39 미매칭수량=7585.00000000 orderID=61394822102 tradeID=None
2026-08-02 23:01:51,672 [WARNING] [진입유실 방지 자동보정] SHORT IDOL/USDT:USDT exit=2026-08-02 10:17:17 미매칭수량=445.00000000 orderID=523897304 tradeID=None
2026-08-02 23:02:04,345 [INFO] [SCAN] 블랙리스트 5개 제외: ['IP/USDT:USDT', 'NES/USDT:USDT', 'WLD/USDT:USDT', 'XAG/USDT:USDT', 'XAU/USDT:USDT', 'XAUT/USDT:USDT']
2026-08-02 23:02:04,346 [INFO] [SCAN] 스캔 시작: 30개 페어 (캐시 30개 보유)
2026-08-02 23:02:15,037 [INFO] [SIG] BEAT/USDT:USDT LONG 신호 포착 (강도 100%)
2026-08-02 23:02:15,039 [INFO] [SIGNAL] BEAT/USDT:USDT LONG 신호 수신 (strength=100)
2026-08-02 23:02:15,039 [INFO] [🐸 청개구리 역매매] 신호 방향 반전: LONG ➡️ SHORT
2026-08-02 23:02:15,234 [INFO] [RISK OK] BEAT/USDT:USDT 리스크 체크 통과
2026-08-02 23:02:15,334 [INFO] [SYNC] BEAT/USDT:USDT 포지션 거래소 반영 확인 → recently_entered 락 해제
2026-08-02 23:02:15,335 [INFO] [PERSIST] 엔진 상태(트레일링 픽, 이전 포지션 심볼, recently_entered) 저장 완료
2026-08-02 23:02:15,336 [INFO] [ENTRY BLOCK] BEAT/USDT:USDT — 이미 포지션 보유 또는 진입 주문 전송 중
2026-08-02 23:02:18,944 [INFO] [SCAN] 완료: 30개 종목 · 신호 1개 · API 호출 30회 · 캐시 히트 0회
2026-08-02 23:02:21,712 [WARNING] [진입유실 방지 자동보정] LONG 1000SHIB/USDT:USDT exit=2026-07-27 04:30:21 미매칭수량=2189.00000000 orderID=31388901395 tradeID=None
2026-08-02 23:02:21,712 [WARNING] [진입유실 방지 자동보정] SHORT 1000SHIB/USDT:USDT exit=2026-07-27 07:36:19 미매칭수량=1348.00000000 orderID=31393184616 tradeID=None
2026-08-02 23:02:21,713 [WARNING] [진입유실 방지 자동보정] SHORT 1000SHIB/USDT:USDT exit=2026-07-27 11:51:02 미매칭수량=1844.00000000 orderID=31400541745 tradeID=None
2026-08-02 23:02:21,713 [WARNING] [진입유실 방지 자동보정] SHORT 1000SHIB/USDT:USDT exit=2026-07-28 06:12:27 미매칭수량=2192.00000000 orderID=31421063023 tradeID=None
2026-08-02 23:02:21,713 [WARNING] [진입유실 방지 자동보정] SHORT 1000SHIB/USDT:USDT exit=2026-08-02 01:13:53 미매칭수량=1073.00000000 orderID=31502817166 tradeID=None
2026-08-02 23:02:21,713 [WARNING] [진입유실 방지 자동보정] SHORT 1000SHIB/USDT:USDT exit=2026-08-02 02:01:20 미매칭수량=1074.00000000 orderID=31504220662 tradeID=None
2026-08-02 23:02:21,713 [WARNING] [진입유실 방지 자동보정] SHORT 1000SHIB/USDT:USDT exit=2026-08-02 09:45:32 미매칭수량=2285.00000000 orderID=31510623049 tradeID=None
2026-08-02 23:02:21,713 [WARNING] [진입유실 방지 자동보정] SHORT 1000SHIB/USDT:USDT exit=2026-08-02 10:35:19 미매칭수량=2280.00000000 orderID=31511192196 tradeID=None
2026-08-02 23:02:21,713 [WARNING] [진입유실 방지 자동보정] LONG DOGE/USDT:USDT exit=2026-07-28 09:50:41 미매칭수량=163.00000000 orderID=100915175009 tradeID=None
2026-08-02 23:02:21,713 [WARNING] [진입유실 방지 자동보정] SHORT DOGE/USDT:USDT exit=2026-07-28 20:36:48 미매칭수량=357.00000000 orderID=100925180835 tradeID=None
2026-08-02 23:02:21,713 [WARNING] [진입유실 방지 자동보정] SHORT DOGE/USDT:USDT exit=2026-07-28 23:00:41 미매칭수량=286.00000000 orderID=100927596061 tradeID=None
2026-08-02 23:02:21,713 [WARNING] [진입유실 방지 자동보정] SHORT DOGE/USDT:USDT exit=2026-07-30 20:51:14 미매칭수량=345.00000000 orderID=100976583122 tradeID=None
2026-08-02 23:02:21,713 [WARNING] [진입유실 방지 자동보정] SHORT DOGE/USDT:USDT exit=2026-07-31 10:01:31 미매칭수량=334.00000000 orderID=100988356319 tradeID=None
2026-08-02 23:02:21,713 [WARNING] [진입유실 방지 자동보정] SHORT DOGE/USDT:USDT exit=2026-08-01 18:02:18 미매칭수량=306.00000000 orderID=101015266902 tradeID=None
2026-08-02 23:02:21,713 [WARNING] [진입유실 방지 자동보정] LONG DOGE/USDT:USDT exit=2026-08-02 11:07:47 미매칭수량=259.00000000 orderID=101028099752 tradeID=None
2026-08-02 23:02:21,713 [WARNING] [진입유실 방지 자동보정] LONG XRP/USDT:USDT exit=2026-07-30 03:32:09 미매칭수량=14.70000000 orderID=154591436270 tradeID=None
2026-08-02 23:02:21,713 [WARNING] [진입유실 방지 자동보정] LONG XRP/USDT:USDT exit=2026-07-30 08:06:13 미매칭수량=18.50000000 orderID=154605732461 tradeID=None
2026-08-02 23:02:21,713 [WARNING] [진입유실 방지 자동보정] LONG XRP/USDT:USDT exit=2026-07-30 22:11:04 미매칭수량=17.50000000 orderID=154637963852 tradeID=None
2026-08-02 23:02:21,713 [WARNING] [진입유실 방지 자동보정] SHORT XRP/USDT:USDT exit=2026-07-31 15:18:55 미매칭수량=28.50000000 orderID=154681353788 tradeID=None
2026-08-02 23:02:21,713 [WARNING] [진입유실 방지 자동보정] LONG XRP/USDT:USDT exit=2026-08-02 07:48:27 미매칭수량=6.70000000 orderID=154765042288 tradeID=None
2026-08-02 23:02:21,713 [WARNING] [진입유실 방지 자동보정] LONG XRP/USDT:USDT exit=2026-08-02 08:25:19 미매칭수량=6.70000000 orderID=154766072211 tradeID=None
2026-08-02 23:02:21,713 [WARNING] [진입유실 방지 자동보정] LONG XRP/USDT:USDT exit=2026-08-02 11:07:15 미매칭수량=16.80000000 orderID=154770811661 tradeID=None
2026-08-02 23:02:21,713 [WARNING] [진입유실 방지 자동보정] SHORT 1000PEPE/USDT:USDT exit=2026-08-02 02:31:36 미매칭수량=1968.00000000 orderID=61389681657 tradeID=None
2026-08-02 23:02:21,713 [WARNING] [진입유실 방지 자동보정] SHORT 1000PEPE/USDT:USDT exit=2026-08-02 02:52:29 미매칭수량=1969.00000000 orderID=61390079427 tradeID=None
2026-08-02 23:02:21,713 [WARNING] [진입유실 방지 자동보정] SHORT 1000PEPE/USDT:USDT exit=2026-08-02 09:25:39 미매칭수량=7585.00000000 orderID=61394822102 tradeID=None
2026-08-02 23:02:21,713 [WARNING] [진입유실 방지 자동보정] SHORT IDOL/USDT:USDT exit=2026-08-02 10:17:17 미매칭수량=445.00000000 orderID=523897304 tradeID=None
2026-08-02 23:02:21,908 [INFO] [상태] 잔고:$9.60 | 포지션:2개 | 스캔:2회 | 스캐너:ON
2026-08-02 23:02:34,091 [INFO] [SCAN] 블랙리스트 5개 제외: ['IP/USDT:USDT', 'NES/USDT:USDT', 'WLD/USDT:USDT', 'XAG/USDT:USDT', 'XAU/USDT:USDT', 'XAUT/USDT:USDT']
2026-08-02 23:02:34,093 [INFO] [SCAN] 스캔 시작: 30개 페어 (캐시 30개 보유)
2026-08-02 23:02:44,774 [INFO] [SIG] BEAT/USDT:USDT LONG 신호 포착 (강도 100%)
2026-08-02 23:02:44,776 [INFO] [SIGNAL] BEAT/USDT:USDT LONG 신호 수신 (strength=100)
2026-08-02 23:02:44,776 [INFO] [🐸 청개구리 역매매] 신호 방향 반전: LONG ➡️ SHORT
2026-08-02 23:02:44,971 [INFO] [RISK OK] BEAT/USDT:USDT 리스크 체크 통과
2026-08-02 23:02:45,066 [INFO] [ENTRY BLOCK] BEAT/USDT:USDT — 이미 포지션 보유 또는 진입 주문 전송 중
2026-08-02 23:02:48,635 [INFO] [SCAN] 완료: 30개 종목 · 신호 1개 · API 호출 30회 · 캐시 히트 0회
2026-08-02 23:02:48,822 [WARNING] [PROTECT GUARD] BEAT/USDT:USDT SHORT 보호주문 없음(무방비) → TP/SL 재무장 시도
2026-08-02 23:02:51,727 [ERROR] [PROTECT REARM] BEAT/USDT:USDT short TP/SL 보호주문 재설정 실패: binance {"code":-4130,"msg":"An open stop or take profit order with GTE and closePosition in the direction is existing."}
2026-08-02 23:02:51,727 [ERROR] [PROTECT GUARD] BEAT/USDT:USDT SHORT 보호주문 재무장 실패 — 수동 확인 필요
2026-08-02 23:02:51,823 [WARNING] [PROTECT GUARD] SOL/USDT:USDT SHORT 보호주문 없음(무방비) → TP/SL 재무장 시도
2026-08-02 23:02:51,949 [WARNING] [진입유실 방지 자동보정] LONG 1000SHIB/USDT:USDT exit=2026-07-27 04:30:21 미매칭수량=2189.00000000 orderID=31388901395 tradeID=None
2026-08-02 23:02:51,949 [WARNING] [진입유실 방지 자동보정] SHORT 1000SHIB/USDT:USDT exit=2026-07-27 07:36:19 미매칭수량=1348.00000000 orderID=31393184616 tradeID=None
2026-08-02 23:02:51,949 [WARNING] [진입유실 방지 자동보정] SHORT 1000SHIB/USDT:USDT exit=2026-07-27 11:51:02 미매칭수량=1844.00000000 orderID=31400541745 tradeID=None
2026-08-02 23:02:51,949 [WARNING] [진입유실 방지 자동보정] SHORT 1000SHIB/USDT:USDT exit=2026-07-28 06:12:27 미매칭수량=2192.00000000 orderID=31421063023 tradeID=None
2026-08-02 23:02:51,949 [WARNING] [진입유실 방지 자동보정] SHORT 1000SHIB/USDT:USDT exit=2026-08-02 01:13:53 미매칭수량=1073.00000000 orderID=31502817166 tradeID=None
2026-08-02 23:02:51,949 [WARNING] [진입유실 방지 자동보정] SHORT 1000SHIB/USDT:USDT exit=2026-08-02 02:01:20 미매칭수량=1074.00000000 orderID=31504220662 tradeID=None
2026-08-02 23:02:51,949 [WARNING] [진입유실 방지 자동보정] SHORT 1000SHIB/USDT:USDT exit=2026-08-02 09:45:32 미매칭수량=2285.00000000 orderID=31510623049 tradeID=None
2026-08-02 23:02:51,949 [WARNING] [진입유실 방지 자동보정] SHORT 1000SHIB/USDT:USDT exit=2026-08-02 10:35:19 미매칭수량=2280.00000000 orderID=31511192196 tradeID=None
2026-08-02 23:02:51,949 [WARNING] [진입유실 방지 자동보정] LONG DOGE/USDT:USDT exit=2026-07-28 09:50:41 미매칭수량=163.00000000 orderID=100915175009 tradeID=None
2026-08-02 23:02:51,949 [WARNING] [진입유실 방지 자동보정] SHORT DOGE/USDT:USDT exit=2026-07-28 20:36:48 미매칭수량=357.00000000 orderID=100925180835 tradeID=None
2026-08-02 23:02:51,949 [WARNING] [진입유실 방지 자동보정] SHORT DOGE/USDT:USDT exit=2026-07-28 23:00:41 미매칭수량=286.00000000 orderID=100927596061 tradeID=None
2026-08-02 23:02:51,949 [WARNING] [진입유실 방지 자동보정] SHORT DOGE/USDT:USDT exit=2026-07-30 20:51:14 미매칭수량=345.00000000 orderID=100976583122 tradeID=None
2026-08-02 23:02:51,949 [WARNING] [진입유실 방지 자동보정] SHORT DOGE/USDT:USDT exit=2026-07-31 10:01:31 미매칭수량=334.00000000 orderID=100988356319 tradeID=None
2026-08-02 23:02:51,949 [WARNING] [진입유실 방지 자동보정] SHORT DOGE/USDT:USDT exit=2026-08-01 18:02:18 미매칭수량=306.00000000 orderID=101015266902 tradeID=None
2026-08-02 23:02:51,950 [WARNING] [진입유실 방지 자동보정] LONG DOGE/USDT:USDT exit=2026-08-02 11:07:47 미매칭수량=259.00000000 orderID=101028099752 tradeID=None
2026-08-02 23:02:51,950 [WARNING] [진입유실 방지 자동보정] LONG XRP/USDT:USDT exit=2026-07-30 03:32:09 미매칭수량=14.70000000 orderID=154591436270 tradeID=None
2026-08-02 23:02:51,950 [WARNING] [진입유실 방지 자동보정] LONG XRP/USDT:USDT exit=2026-07-30 08:06:13 미매칭수량=18.50000000 orderID=154605732461 tradeID=None
2026-08-02 23:02:51,950 [WARNING] [진입유실 방지 자동보정] LONG XRP/USDT:USDT exit=2026-07-30 22:11:04 미매칭수량=17.50000000 orderID=154637963852 tradeID=None
2026-08-02 23:02:51,950 [WARNING] [진입유실 방지 자동보정] SHORT XRP/USDT:USDT exit=2026-07-31 15:18:55 미매칭수량=28.50000000 orderID=154681353788 tradeID=None
2026-08-02 23:02:51,950 [WARNING] [진입유실 방지 자동보정] LONG XRP/USDT:USDT exit=2026-08-02 07:48:27 미매칭수량=6.70000000 orderID=154765042288 tradeID=None
2026-08-02 23:02:51,950 [WARNING] [진입유실 방지 자동보정] LONG XRP/USDT:USDT exit=2026-08-02 08:25:19 미매칭수량=6.70000000 orderID=154766072211 tradeID=None
2026-08-02 23:02:51,950 [WARNING] [진입유실 방지 자동보정] LONG XRP/USDT:USDT exit=2026-08-02 11:07:15 미매칭수량=16.80000000 orderID=154770811661 tradeID=None
2026-08-02 23:02:51,950 [WARNING] [진입유실 방지 자동보정] SHORT 1000PEPE/USDT:USDT exit=2026-08-02 02:31:36 미매칭수량=1968.00000000 orderID=61389681657 tradeID=None
2026-08-02 23:02:51,950 [WARNING] [진입유실 방지 자동보정] SHORT 1000PEPE/USDT:USDT exit=2026-08-02 02:52:29 미매칭수량=1969.00000000 orderID=61390079427 tradeID=None
2026-08-02 23:02:51,950 [WARNING] [진입유실 방지 자동보정] SHORT 1000PEPE/USDT:USDT exit=2026-08-02 09:25:39 미매칭수량=7585.00000000 orderID=61394822102 tradeID=None
2026-08-02 23:02:51,950 [WARNING] [진입유실 방지 자동보정] SHORT IDOL/USDT:USDT exit=2026-08-02 10:17:17 미매칭수량=445.00000000 orderID=523897304 tradeID=None
2026-08-02 23:02:54,722 [ERROR] [PROTECT REARM] SOL/USDT:USDT short TP/SL 보호주문 재설정 실패: binance {"code":-4130,"msg":"An open stop or take profit order with GTE and closePosition in the direction is existing."}
2026-08-02 23:02:54,723 [ERROR] [PROTECT GUARD] SOL/USDT:USDT SHORT 보호주문 재무장 실패 — 수동 확인 필요
2026-08-02 23:03:09,897 [INFO] [SCAN] 블랙리스트 5개 제외: ['IP/USDT:USDT', 'NES/USDT:USDT', 'WLD/USDT:USDT', 'XAG/USDT:USDT', 'XAU/USDT:USDT', 'XAUT/USDT:USDT']
2026-08-02 23:03:09,898 [INFO] [SCAN] 스캔 시작: 30개 페어 (캐시 30개 보유)
2026-08-02 23:03:20,586 [INFO] [SIG] BEAT/USDT:USDT LONG 신호 포착 (강도 100%)
2026-08-02 23:03:20,587 [INFO] [SIGNAL] BEAT/USDT:USDT LONG 신호 수신 (strength=100)
2026-08-02 23:03:20,587 [INFO] [🐸 청개구리 역매매] 신호 방향 반전: LONG ➡️ SHORT
2026-08-02 23:03:20,777 [INFO] [RISK OK] BEAT/USDT:USDT 리스크 체크 통과
2026-08-02 23:03:20,876 [INFO] [ENTRY BLOCK] BEAT/USDT:USDT — 이미 포지션 보유 또는 진입 주문 전송 중
2026-08-02 23:03:21,991 [WARNING] [진입유실 방지 자동보정] LONG 1000SHIB/USDT:USDT exit=2026-07-27 04:30:21 미매칭수량=2189.00000000 orderID=31388901395 tradeID=None
2026-08-02 23:03:21,991 [WARNING] [진입유실 방지 자동보정] SHORT 1000SHIB/USDT:USDT exit=2026-07-27 07:36:19 미매칭수량=1348.00000000 orderID=31393184616 tradeID=None
2026-08-02 23:03:21,991 [WARNING] [진입유실 방지 자동보정] SHORT 1000SHIB/USDT:USDT exit=2026-07-27 11:51:02 미매칭수량=1844.00000000 orderID=31400541745 tradeID=None
2026-08-02 23:03:21,991 [WARNING] [진입유실 방지 자동보정] SHORT 1000SHIB/USDT:USDT exit=2026-07-28 06:12:27 미매칭수량=2192.00000000 orderID=31421063023 tradeID=None
2026-08-02 23:03:21,991 [WARNING] [진입유실 방지 자동보정] SHORT 1000SHIB/USDT:USDT exit=2026-08-02 01:13:53 미매칭수량=1073.00000000 orderID=31502817166 tradeID=None
2026-08-02 23:03:21,991 [WARNING] [진입유실 방지 자동보정] SHORT 1000SHIB/USDT:USDT exit=2026-08-02 02:01:20 미매칭수량=1074.00000000 orderID=31504220662 tradeID=None
2026-08-02 23:03:21,991 [WARNING] [진입유실 방지 자동보정] SHORT 1000SHIB/USDT:USDT exit=2026-08-02 09:45:32 미매칭수량=2285.00000000 orderID=31510623049 tradeID=None
2026-08-02 23:03:21,991 [WARNING] [진입유실 방지 자동보정] SHORT 1000SHIB/USDT:USDT exit=2026-08-02 10:35:19 미매칭수량=2280.00000000 orderID=31511192196 tradeID=None
2026-08-02 23:03:21,991 [WARNING] [진입유실 방지 자동보정] LONG DOGE/USDT:USDT exit=2026-07-28 09:50:41 미매칭수량=163.00000000 orderID=100915175009 tradeID=None
2026-08-02 23:03:21,991 [WARNING] [진입유실 방지 자동보정] SHORT DOGE/USDT:USDT exit=2026-07-28 20:36:48 미매칭수량=357.00000000 orderID=100925180835 tradeID=None
2026-08-02 23:03:21,991 [WARNING] [진입유실 방지 자동보정] SHORT DOGE/USDT:USDT exit=2026-07-28 23:00:41 미매칭수량=286.00000000 orderID=100927596061 tradeID=None
2026-08-02 23:03:21,991 [WARNING] [진입유실 방지 자동보정] SHORT DOGE/USDT:USDT exit=2026-07-30 20:51:14 미매칭수량=345.00000000 orderID=100976583122 tradeID=None
2026-08-02 23:03:21,991 [WARNING] [진입유실 방지 자동보정] SHORT DOGE/USDT:USDT exit=2026-07-31 10:01:31 미매칭수량=334.00000000 orderID=100988356319 tradeID=None
2026-08-02 23:03:21,991 [WARNING] [진입유실 방지 자동보정] SHORT DOGE/USDT:USDT exit=2026-08-01 18:02:18 미매칭수량=306.00000000 orderID=101015266902 tradeID=None
2026-08-02 23:03:21,992 [WARNING] [진입유실 방지 자동보정] LONG DOGE/USDT:USDT exit=2026-08-02 11:07:47 미매칭수량=259.00000000 orderID=101028099752 tradeID=None
2026-08-02 23:03:21,992 [WARNING] [진입유실 방지 자동보정] LONG XRP/USDT:USDT exit=2026-07-30 03:32:09 미매칭수량=14.70000000 orderID=154591436270 tradeID=None
2026-08-02 23:03:21,992 [WARNING] [진입유실 방지 자동보정] LONG XRP/USDT:USDT exit=2026-07-30 08:06:13 미매칭수량=18.50000000 orderID=154605732461 tradeID=None
2026-08-02 23:03:21,992 [WARNING] [진입유실 방지 자동보정] LONG XRP/USDT:USDT exit=2026-07-30 22:11:04 미매칭수량=17.50000000 orderID=154637963852 tradeID=None
2026-08-02 23:03:21,992 [WARNING] [진입유실 방지 자동보정] SHORT XRP/USDT:USDT exit=2026-07-31 15:18:55 미매칭수량=28.50000000 orderID=154681353788 tradeID=None
2026-08-02 23:03:21,992 [WARNING] [진입유실 방지 자동보정] LONG XRP/USDT:USDT exit=2026-08-02 07:48:27 미매칭수량=6.70000000 orderID=154765042288 tradeID=None
2026-08-02 23:03:21,992 [WARNING] [진입유실 방지 자동보정] LONG XRP/USDT:USDT exit=2026-08-02 08:25:19 미매칭수량=6.70000000 orderID=154766072211 tradeID=None
2026-08-02 23:03:21,992 [WARNING] [진입유실 방지 자동보정] LONG XRP/USDT:USDT exit=2026-08-02 11:07:15 미매칭수량=16.80000000 orderID=154770811661 tradeID=None
2026-08-02 23:03:21,992 [WARNING] [진입유실 방지 자동보정] SHORT 1000PEPE/USDT:USDT exit=2026-08-02 02:31:36 미매칭수량=1968.00000000 orderID=61389681657 tradeID=None
2026-08-02 23:03:21,992 [WARNING] [진입유실 방지 자동보정] SHORT 1000PEPE/USDT:USDT exit=2026-08-02 02:52:29 미매칭수량=1969.00000000 orderID=61390079427 tradeID=None
2026-08-02 23:03:21,992 [WARNING] [진입유실 방지 자동보정] SHORT 1000PEPE/USDT:USDT exit=2026-08-02 09:25:39 미매칭수량=7585.00000000 orderID=61394822102 tradeID=None
2026-08-02 23:03:21,992 [WARNING] [진입유실 방지 자동보정] SHORT IDOL/USDT:USDT exit=2026-08-02 10:17:17 미매칭수량=445.00000000 orderID=523897304 tradeID=None
2026-08-02 23:03:22,194 [INFO] [상태] 잔고:$9.64 | 포지션:2개 | 스캔:3회 | 스캐너:ON
2026-08-02 23:03:24,480 [INFO] [SCAN] 완료: 30개 종목 · 신호 1개 · API 호출 30회 · 캐시 히트 0회
2026-08-02 23:03:39,662 [INFO] [SCAN] 블랙리스트 5개 제외: ['IP/USDT:USDT', 'NES/USDT:USDT', 'WLD/USDT:USDT', 'XAG/USDT:USDT', 'XAU/USDT:USDT', 'XAUT/USDT:USDT']
2026-08-02 23:03:39,663 [INFO] [SCAN] 스캔 시작: 30개 페어 (캐시 30개 보유)
2026-08-02 23:03:50,329 [INFO] [SIG] BEAT/USDT:USDT LONG 신호 포착 (강도 100%)
2026-08-02 23:03:50,330 [INFO] [SIGNAL] BEAT/USDT:USDT LONG 신호 수신 (strength=100)
2026-08-02 23:03:50,330 [INFO] [🐸 청개구리 역매매] 신호 방향 반전: LONG ➡️ SHORT
2026-08-02 23:03:50,521 [INFO] [RISK OK] BEAT/USDT:USDT 리스크 체크 통과
2026-08-02 23:03:50,616 [INFO] [ENTRY BLOCK] BEAT/USDT:USDT — 이미 포지션 보유 또는 진입 주문 전송 중
2026-08-02 23:03:52,235 [WARNING] [진입유실 방지 자동보정] LONG 1000SHIB/USDT:USDT exit=2026-07-27 04:30:21 미매칭수량=2189.00000000 orderID=31388901395 tradeID=None
2026-08-02 23:03:52,235 [WARNING] [진입유실 방지 자동보정] SHORT 1000SHIB/USDT:USDT exit=2026-07-27 07:36:19 미매칭수량=1348.00000000 orderID=31393184616 tradeID=None
2026-08-02 23:03:52,235 [WARNING] [진입유실 방지 자동보정] SHORT 1000SHIB/USDT:USDT exit=2026-07-27 11:51:02 미매칭수량=1844.00000000 orderID=31400541745 tradeID=None
2026-08-02 23:03:52,235 [WARNING] [진입유실 방지 자동보정] SHORT 1000SHIB/USDT:USDT exit=2026-07-28 06:12:27 미매칭수량=2192.00000000 orderID=31421063023 tradeID=None
2026-08-02 23:03:52,235 [WARNING] [진입유실 방지 자동보정] SHORT 1000SHIB/USDT:USDT exit=2026-08-02 01:13:53 미매칭수량=1073.00000000 orderID=31502817166 tradeID=None
2026-08-02 23:03:52,235 [WARNING] [진입유실 방지 자동보정] SHORT 1000SHIB/USDT:USDT exit=2026-08-02 02:01:20 미매칭수량=1074.00000000 orderID=31504220662 tradeID=None
2026-08-02 23:03:52,235 [WARNING] [진입유실 방지 자동보정] SHORT 1000SHIB/USDT:USDT exit=2026-08-02 09:45:32 미매칭수량=2285.00000000 orderID=31510623049 tradeID=None
2026-08-02 23:03:52,235 [WARNING] [진입유실 방지 자동보정] SHORT 1000SHIB/USDT:USDT exit=2026-08-02 10:35:19 미매칭수량=2280.00000000 orderID=31511192196 tradeID=None
2026-08-02 23:03:52,235 [WARNING] [진입유실 방지 자동보정] LONG DOGE/USDT:USDT exit=2026-07-28 09:50:41 미매칭수량=163.00000000 orderID=100915175009 tradeID=None
2026-08-02 23:03:52,235 [WARNING] [진입유실 방지 자동보정] SHORT DOGE/USDT:USDT exit=2026-07-28 20:36:48 미매칭수량=357.00000000 orderID=100925180835 tradeID=None
2026-08-02 23:03:52,236 [WARNING] [진입유실 방지 자동보정] SHORT DOGE/USDT:USDT exit=2026-07-28 23:00:41 미매칭수량=286.00000000 orderID=100927596061 tradeID=None
2026-08-02 23:03:52,236 [WARNING] [진입유실 방지 자동보정] SHORT DOGE/USDT:USDT exit=2026-07-30 20:51:14 미매칭수량=345.00000000 orderID=100976583122 tradeID=None
2026-08-02 23:03:52,236 [WARNING] [진입유실 방지 자동보정] SHORT DOGE/USDT:USDT exit=2026-07-31 10:01:31 미매칭수량=334.00000000 orderID=100988356319 tradeID=None
2026-08-02 23:03:52,236 [WARNING] [진입유실 방지 자동보정] SHORT DOGE/USDT:USDT exit=2026-08-01 18:02:18 미매칭수량=306.00000000 orderID=101015266902 tradeID=None
2026-08-02 23:03:52,236 [WARNING] [진입유실 방지 자동보정] LONG DOGE/USDT:USDT exit=2026-08-02 11:07:47 미매칭수량=259.00000000 orderID=101028099752 tradeID=None
2026-08-02 23:03:52,236 [WARNING] [진입유실 방지 자동보정] LONG XRP/USDT:USDT exit=2026-07-30 03:32:09 미매칭수량=14.70000000 orderID=154591436270 tradeID=None
2026-08-02 23:03:52,236 [WARNING] [진입유실 방지 자동보정] LONG XRP/USDT:USDT exit=2026-07-30 08:06:13 미매칭수량=18.50000000 orderID=154605732461 tradeID=None
2026-08-02 23:03:52,236 [WARNING] [진입유실 방지 자동보정] LONG XRP/USDT:USDT exit=2026-07-30 22:11:04 미매칭수량=17.50000000 orderID=154637963852 tradeID=None
2026-08-02 23:03:52,236 [WARNING] [진입유실 방지 자동보정] SHORT XRP/USDT:USDT exit=2026-07-31 15:18:55 미매칭수량=28.50000000 orderID=154681353788 tradeID=None
2026-08-02 23:03:52,236 [WARNING] [진입유실 방지 자동보정] LONG XRP/USDT:USDT exit=2026-08-02 07:48:27 미매칭수량=6.70000000 orderID=154765042288 tradeID=None
2026-08-02 23:03:52,236 [WARNING] [진입유실 방지 자동보정] LONG XRP/USDT:USDT exit=2026-08-02 08:25:19 미매칭수량=6.70000000 orderID=154766072211 tradeID=None
2026-08-02 23:03:52,236 [WARNING] [진입유실 방지 자동보정] LONG XRP/USDT:USDT exit=2026-08-02 11:07:15 미매칭수량=16.80000000 orderID=154770811661 tradeID=None
2026-08-02 23:03:52,236 [WARNING] [진입유실 방지 자동보정] SHORT 1000PEPE/USDT:USDT exit=2026-08-02 02:31:36 미매칭수량=1968.00000000 orderID=61389681657 tradeID=None
2026-08-02 23:03:52,236 [WARNING] [진입유실 방지 자동보정] SHORT 1000PEPE/USDT:USDT exit=2026-08-02 02:52:29 미매칭수량=1969.00000000 orderID=61390079427 tradeID=None
2026-08-02 23:03:52,236 [WARNING] [진입유실 방지 자동보정] SHORT 1000PEPE/USDT:USDT exit=2026-08-02 09:25:39 미매칭수량=7585.00000000 orderID=61394822102 tradeID=None
2026-08-02 23:03:52,236 [WARNING] [진입유실 방지 자동보정] SHORT IDOL/USDT:USDT exit=2026-08-02 10:17:17 미매칭수량=445.00000000 orderID=523897304 tradeID=None
2026-08-02 23:03:54,174 [INFO] [SCAN] 완료: 30개 종목 · 신호 1개 · API 호출 30회 · 캐시 히트 0회
2026-08-02 23:03:54,362 [WARNING] [PROTECT GUARD] BEAT/USDT:USDT SHORT 보호주문 없음(무방비) → TP/SL 재무장 시도
2026-08-02 23:03:57,267 [ERROR] [PROTECT REARM] BEAT/USDT:USDT short TP/SL 보호주문 재설정 실패: binance {"code":-4130,"msg":"An open stop or take profit order with GTE and closePosition in the direction is existing."}
2026-08-02 23:03:57,267 [ERROR] [PROTECT GUARD] BEAT/USDT:USDT SHORT 보호주문 재무장 실패 — 수동 확인 필요
2026-08-02 23:03:57,367 [WARNING] [PROTECT GUARD] SOL/USDT:USDT SHORT 보호주문 없음(무방비) → TP/SL 재무장 시도
2026-08-02 23:04:00,273 [ERROR] [PROTECT REARM] SOL/USDT:USDT short TP/SL 보호주문 재설정 실패: binance {"code":-4130,"msg":"An open stop or take profit order with GTE and closePosition in the direction is existing."}
2026-08-02 23:04:00,273 [ERROR] [PROTECT GUARD] SOL/USDT:USDT SHORT 보호주문 재무장 실패 — 수동 확인 필요
2026-08-02 23:04:15,465 [INFO] [SCAN] 블랙리스트 5개 제외: ['IP/USDT:USDT', 'NES/USDT:USDT', 'WLD/USDT:USDT', 'XAG/USDT:USDT', 'XAU/USDT:USDT', 'XAUT/USDT:USDT']
2026-08-02 23:04:15,465 [INFO] [SCAN] 스캔 시작: 30개 페어 (캐시 30개 보유)
2026-08-02 23:04:22,279 [WARNING] [진입유실 방지 자동보정] LONG 1000SHIB/USDT:USDT exit=2026-07-27 04:30:21 미매칭수량=2189.00000000 orderID=31388901395 tradeID=None
2026-08-02 23:04:22,280 [WARNING] [진입유실 방지 자동보정] SHORT 1000SHIB/USDT:USDT exit=2026-07-27 07:36:19 미매칭수량=1348.00000000 orderID=31393184616 tradeID=None
2026-08-02 23:04:22,280 [WARNING] [진입유실 방지 자동보정] SHORT 1000SHIB/USDT:USDT exit=2026-07-27 11:51:02 미매칭수량=1844.00000000 orderID=31400541745 tradeID=None
2026-08-02 23:04:22,280 [WARNING] [진입유실 방지 자동보정] SHORT 1000SHIB/USDT:USDT exit=2026-07-28 06:12:27 미매칭수량=2192.00000000 orderID=31421063023 tradeID=None
2026-08-02 23:04:22,280 [WARNING] [진입유실 방지 자동보정] SHORT 1000SHIB/USDT:USDT exit=2026-08-02 01:13:53 미매칭수량=1073.00000000 orderID=31502817166 tradeID=None
2026-08-02 23:04:22,280 [WARNING] [진입유실 방지 자동보정] SHORT 1000SHIB/USDT:USDT exit=2026-08-02 02:01:20 미매칭수량=1074.00000000 orderID=31504220662 tradeID=None
2026-08-02 23:04:22,280 [WARNING] [진입유실 방지 자동보정] SHORT 1000SHIB/USDT:USDT exit=2026-08-02 09:45:32 미매칭수량=2285.00000000 orderID=31510623049 tradeID=None
2026-08-02 23:04:22,280 [WARNING] [진입유실 방지 자동보정] SHORT 1000SHIB/USDT:USDT exit=2026-08-02 10:35:19 미매칭수량=2280.00000000 orderID=31511192196 tradeID=None
2026-08-02 23:04:22,280 [WARNING] [진입유실 방지 자동보정] LONG DOGE/USDT:USDT exit=2026-07-28 09:50:41 미매칭수량=163.00000000 orderID=100915175009 tradeID=None
2026-08-02 23:04:22,280 [WARNING] [진입유실 방지 자동보정] SHORT DOGE/USDT:USDT exit=2026-07-28 20:36:48 미매칭수량=357.00000000 orderID=100925180835 tradeID=None
2026-08-02 23:04:22,280 [WARNING] [진입유실 방지 자동보정] SHORT DOGE/USDT:USDT exit=2026-07-28 23:00:41 미매칭수량=286.00000000 orderID=100927596061 tradeID=None
2026-08-02 23:04:22,280 [WARNING] [진입유실 방지 자동보정] SHORT DOGE/USDT:USDT exit=2026-07-30 20:51:14 미매칭수량=345.00000000 orderID=100976583122 tradeID=None
2026-08-02 23:04:22,280 [WARNING] [진입유실 방지 자동보정] SHORT DOGE/USDT:USDT exit=2026-07-31 10:01:31 미매칭수량=334.00000000 orderID=100988356319 tradeID=None
2026-08-02 23:04:22,280 [WARNING] [진입유실 방지 자동보정] SHORT DOGE/USDT:USDT exit=2026-08-01 18:02:18 미매칭수량=306.00000000 orderID=101015266902 tradeID=None
2026-08-02 23:04:22,280 [WARNING] [진입유실 방지 자동보정] LONG DOGE/USDT:USDT exit=2026-08-02 11:07:47 미매칭수량=259.00000000 orderID=101028099752 tradeID=None
2026-08-02 23:04:22,280 [WARNING] [진입유실 방지 자동보정] LONG XRP/USDT:USDT exit=2026-07-30 03:32:09 미매칭수량=14.70000000 orderID=154591436270 tradeID=None
2026-08-02 23:04:22,280 [WARNING] [진입유실 방지 자동보정] LONG XRP/USDT:USDT exit=2026-07-30 08:06:13 미매칭수량=18.50000000 orderID=154605732461 tradeID=None
2026-08-02 23:04:22,280 [WARNING] [진입유실 방지 자동보정] LONG XRP/USDT:USDT exit=2026-07-30 22:11:04 미매칭수량=17.50000000 orderID=154637963852 tradeID=None
2026-08-02 23:04:22,280 [WARNING] [진입유실 방지 자동보정] SHORT XRP/USDT:USDT exit=2026-07-31 15:18:55 미매칭수량=28.50000000 orderID=154681353788 tradeID=None
2026-08-02 23:04:22,281 [WARNING] [진입유실 방지 자동보정] LONG XRP/USDT:USDT exit=2026-08-02 07:48:27 미매칭수량=6.70000000 orderID=154765042288 tradeID=None
2026-08-02 23:04:22,281 [WARNING] [진입유실 방지 자동보정] LONG XRP/USDT:USDT exit=2026-08-02 08:25:19 미매칭수량=6.70000000 orderID=154766072211 tradeID=None
2026-08-02 23:04:22,281 [WARNING] [진입유실 방지 자동보정] LONG XRP/USDT:USDT exit=2026-08-02 11:07:15 미매칭수량=16.80000000 orderID=154770811661 tradeID=None
2026-08-02 23:04:22,281 [WARNING] [진입유실 방지 자동보정] SHORT 1000PEPE/USDT:USDT exit=2026-08-02 02:31:36 미매칭수량=1968.00000000 orderID=61389681657 tradeID=None
2026-08-02 23:04:22,281 [WARNING] [진입유실 방지 자동보정] SHORT 1000PEPE/USDT:USDT exit=2026-08-02 02:52:29 미매칭수량=1969.00000000 orderID=61390079427 tradeID=None
2026-08-02 23:04:22,281 [WARNING] [진입유실 방지 자동보정] SHORT 1000PEPE/USDT:USDT exit=2026-08-02 09:25:39 미매칭수량=7585.00000000 orderID=61394822102 tradeID=None
2026-08-02 23:04:22,281 [WARNING] [진입유실 방지 자동보정] SHORT IDOL/USDT:USDT exit=2026-08-02 10:17:17 미매칭수량=445.00000000 orderID=523897304 tradeID=None
2026-08-02 23:04:22,473 [INFO] [상태] 잔고:$9.66 | 포지션:2개 | 스캔:5회 | 스캐너:ON
2026-08-02 23:04:26,223 [INFO] [SIG] BEAT/USDT:USDT LONG 신호 포착 (강도 100%)
2026-08-02 23:04:26,223 [INFO] [SIGNAL] BEAT/USDT:USDT LONG 신호 수신 (strength=100)
2026-08-02 23:04:26,223 [INFO] [🐸 청개구리 역매매] 신호 방향 반전: LONG ➡️ SHORT
2026-08-02 23:04:26,410 [INFO] [RISK OK] BEAT/USDT:USDT 리스크 체크 통과
2026-08-02 23:04:26,504 [INFO] [ENTRY BLOCK] BEAT/USDT:USDT — 이미 포지션 보유 또는 진입 주문 전송 중
2026-08-02 23:04:30,093 [INFO] [SCAN] 완료: 30개 종목 · 신호 1개 · API 호출 30회 · 캐시 히트 0회
2026-08-02 23:04:45,299 [INFO] [SCAN] 블랙리스트 5개 제외: ['IP/USDT:USDT', 'NES/USDT:USDT', 'WLD/USDT:USDT', 'XAG/USDT:USDT', 'XAU/USDT:USDT', 'XAUT/USDT:USDT']
2026-08-02 23:04:45,301 [INFO] [SCAN] 스캔 시작: 30개 페어 (캐시 30개 보유)
2026-08-02 23:04:52,508 [WARNING] [진입유실 방지 자동보정] LONG 1000SHIB/USDT:USDT exit=2026-07-27 04:30:21 미매칭수량=2189.00000000 orderID=31388901395 tradeID=None
2026-08-02 23:04:52,508 [WARNING] [진입유실 방지 자동보정] SHORT 1000SHIB/USDT:USDT exit=2026-07-27 07:36:19 미매칭수량=1348.00000000 orderID=31393184616 tradeID=None
2026-08-02 23:04:52,508 [WARNING] [진입유실 방지 자동보정] SHORT 1000SHIB/USDT:USDT exit=2026-07-27 11:51:02 미매칭수량=1844.00000000 orderID=31400541745 tradeID=None
2026-08-02 23:04:52,508 [WARNING] [진입유실 방지 자동보정] SHORT 1000SHIB/USDT:USDT exit=2026-07-28 06:12:27 미매칭수량=2192.00000000 orderID=31421063023 tradeID=None
2026-08-02 23:04:52,508 [WARNING] [진입유실 방지 자동보정] SHORT 1000SHIB/USDT:USDT exit=2026-08-02 01:13:53 미매칭수량=1073.00000000 orderID=31502817166 tradeID=None
2026-08-02 23:04:52,508 [WARNING] [진입유실 방지 자동보정] SHORT 1000SHIB/USDT:USDT exit=2026-08-02 02:01:20 미매칭수량=1074.00000000 orderID=31504220662 tradeID=None
2026-08-02 23:04:52,508 [WARNING] [진입유실 방지 자동보정] SHORT 1000SHIB/USDT:USDT exit=2026-08-02 09:45:32 미매칭수량=2285.00000000 orderID=31510623049 tradeID=None
2026-08-02 23:04:52,508 [WARNING] [진입유실 방지 자동보정] SHORT 1000SHIB/USDT:USDT exit=2026-08-02 10:35:19 미매칭수량=2280.00000000 orderID=31511192196 tradeID=None
2026-08-02 23:04:52,508 [WARNING] [진입유실 방지 자동보정] LONG DOGE/USDT:USDT exit=2026-07-28 09:50:41 미매칭수량=163.00000000 orderID=100915175009 tradeID=None
2026-08-02 23:04:52,508 [WARNING] [진입유실 방지 자동보정] SHORT DOGE/USDT:USDT exit=2026-07-28 20:36:48 미매칭수량=357.00000000 orderID=100925180835 tradeID=None
2026-08-02 23:04:52,508 [WARNING] [진입유실 방지 자동보정] SHORT DOGE/USDT:USDT exit=2026-07-28 23:00:41 미매칭수량=286.00000000 orderID=100927596061 tradeID=None
2026-08-02 23:04:52,508 [WARNING] [진입유실 방지 자동보정] SHORT DOGE/USDT:USDT exit=2026-07-30 20:51:14 미매칭수량=345.00000000 orderID=100976583122 tradeID=None
2026-08-02 23:04:52,509 [WARNING] [진입유실 방지 자동보정] SHORT DOGE/USDT:USDT exit=2026-07-31 10:01:31 미매칭수량=334.00000000 orderID=100988356319 tradeID=None
2026-08-02 23:04:52,509 [WARNING] [진입유실 방지 자동보정] SHORT DOGE/USDT:USDT exit=2026-08-01 18:02:18 미매칭수량=306.00000000 orderID=101015266902 tradeID=None
2026-08-02 23:04:52,509 [WARNING] [진입유실 방지 자동보정] LONG DOGE/USDT:USDT exit=2026-08-02 11:07:47 미매칭수량=259.00000000 orderID=101028099752 tradeID=None
2026-08-02 23:04:52,509 [WARNING] [진입유실 방지 자동보정] LONG XRP/USDT:USDT exit=2026-07-30 03:32:09 미매칭수량=14.70000000 orderID=154591436270 tradeID=None
2026-08-02 23:04:52,509 [WARNING] [진입유실 방지 자동보정] LONG XRP/USDT:USDT exit=2026-07-30 08:06:13 미매칭수량=18.50000000 orderID=154605732461 tradeID=None
2026-08-02 23:04:52,509 [WARNING] [진입유실 방지 자동보정] LONG XRP/USDT:USDT exit=2026-07-30 22:11:04 미매칭수량=17.50000000 orderID=154637963852 tradeID=None
2026-08-02 23:04:52,509 [WARNING] [진입유실 방지 자동보정] SHORT XRP/USDT:USDT exit=2026-07-31 15:18:55 미매칭수량=28.50000000 orderID=154681353788 tradeID=None
2026-08-02 23:04:52,509 [WARNING] [진입유실 방지 자동보정] LONG XRP/USDT:USDT exit=2026-08-02 07:48:27 미매칭수량=6.70000000 orderID=154765042288 tradeID=None
2026-08-02 23:04:52,509 [WARNING] [진입유실 방지 자동보정] LONG XRP/USDT:USDT exit=2026-08-02 08:25:19 미매칭수량=6.70000000 orderID=154766072211 tradeID=None
2026-08-02 23:04:52,509 [WARNING] [진입유실 방지 자동보정] LONG XRP/USDT:USDT exit=2026-08-02 11:07:15 미매칭수량=16.80000000 orderID=154770811661 tradeID=None
2026-08-02 23:04:52,509 [WARNING] [진입유실 방지 자동보정] SHORT 1000PEPE/USDT:USDT exit=2026-08-02 02:31:36 미매칭수량=1968.00000000 orderID=61389681657 tradeID=None
2026-08-02 23:04:52,509 [WARNING] [진입유실 방지 자동보정] SHORT 1000PEPE/USDT:USDT exit=2026-08-02 02:52:29 미매칭수량=1969.00000000 orderID=61390079427 tradeID=None
2026-08-02 23:04:52,509 [WARNING] [진입유실 방지 자동보정] SHORT 1000PEPE/USDT:USDT exit=2026-08-02 09:25:39 미매칭수량=7585.00000000 orderID=61394822102 tradeID=None
2026-08-02 23:04:52,509 [WARNING] [진입유실 방지 자동보정] SHORT IDOL/USDT:USDT exit=2026-08-02 10:17:17 미매칭수량=445.00000000 orderID=523897304 tradeID=None
2026-08-02 23:04:55,883 [INFO] [SIG] BEAT/USDT:USDT LONG 신호 포착 (강도 100%)
2026-08-02 23:04:55,883 [INFO] [SIGNAL] BEAT/USDT:USDT LONG 신호 수신 (strength=100)
2026-08-02 23:04:55,883 [INFO] [🐸 청개구리 역매매] 신호 방향 반전: LONG ➡️ SHORT
2026-08-02 23:04:56,079 [INFO] [RISK OK] BEAT/USDT:USDT 리스크 체크 통과
2026-08-02 23:04:56,178 [INFO] [ENTRY BLOCK] BEAT/USDT:USDT — 이미 포지션 보유 또는 진입 주문 전송 중
2026-08-02 23:04:59,762 [INFO] [SCAN] 완료: 30개 종목 · 신호 1개 · API 호출 30회 · 캐시 히트 0회
2026-08-02 23:04:59,961 [WARNING] [PROTECT GUARD] BEAT/USDT:USDT SHORT 보호주문 없음(무방비) → TP/SL 재무장 시도
2026-08-02 23:05:02,922 [ERROR] [PROTECT REARM] BEAT/USDT:USDT short TP/SL 보호주문 재설정 실패: binance {"code":-4130,"msg":"An open stop or take profit order with GTE and closePosition in the direction is existing."}
2026-08-02 23:05:02,925 [ERROR] [PROTECT GUARD] BEAT/USDT:USDT SHORT 보호주문 재무장 실패 — 수동 확인 필요
2026-08-02 23:05:03,020 [WARNING] [PROTECT GUARD] SOL/USDT:USDT SHORT 보호주문 없음(무방비) → TP/SL 재무장 시도
2026-08-02 23:05:05,944 [ERROR] [PROTECT REARM] SOL/USDT:USDT short TP/SL 보호주문 재설정 실패: binance {"code":-4130,"msg":"An open stop or take profit order with GTE and closePosition in the direction is existing."}
2026-08-02 23:05:05,944 [ERROR] [PROTECT GUARD] SOL/USDT:USDT SHORT 보호주문 재무장 실패 — 수동 확인 필요
2026-08-02 23:05:21,163 [INFO] [SCAN] 블랙리스트 5개 제외: ['IP/USDT:USDT', 'NES/USDT:USDT', 'WLD/USDT:USDT', 'XAG/USDT:USDT', 'XAU/USDT:USDT', 'XAUT/USDT:USDT']
2026-08-02 23:05:21,164 [INFO] [SCAN] 스캔 시작: 30개 페어 (캐시 30개 보유)
2026-08-02 23:05:22,545 [WARNING] [진입유실 방지 자동보정] LONG 1000SHIB/USDT:USDT exit=2026-07-27 04:30:21 미매칭수량=2189.00000000 orderID=31388901395 tradeID=None
2026-08-02 23:05:22,545 [WARNING] [진입유실 방지 자동보정] SHORT 1000SHIB/USDT:USDT exit=2026-07-27 07:36:19 미매칭수량=1348.00000000 orderID=31393184616 tradeID=None
2026-08-02 23:05:22,545 [WARNING] [진입유실 방지 자동보정] SHORT 1000SHIB/USDT:USDT exit=2026-07-27 11:51:02 미매칭수량=1844.00000000 orderID=31400541745 tradeID=None
2026-08-02 23:05:22,545 [WARNING] [진입유실 방지 자동보정] SHORT 1000SHIB/USDT:USDT exit=2026-07-28 06:12:27 미매칭수량=2192.00000000 orderID=31421063023 tradeID=None
2026-08-02 23:05:22,545 [WARNING] [진입유실 방지 자동보정] SHORT 1000SHIB/USDT:USDT exit=2026-08-02 01:13:53 미매칭수량=1073.00000000 orderID=31502817166 tradeID=None
2026-08-02 23:05:22,545 [WARNING] [진입유실 방지 자동보정] SHORT 1000SHIB/USDT:USDT exit=2026-08-02 02:01:20 미매칭수량=1074.00000000 orderID=31504220662 tradeID=None
2026-08-02 23:05:22,545 [WARNING] [진입유실 방지 자동보정] SHORT 1000SHIB/USDT:USDT exit=2026-08-02 09:45:32 미매칭수량=2285.00000000 orderID=31510623049 tradeID=None
2026-08-02 23:05:22,545 [WARNING] [진입유실 방지 자동보정] SHORT 1000SHIB/USDT:USDT exit=2026-08-02 10:35:19 미매칭수량=2280.00000000 orderID=31511192196 tradeID=None
2026-08-02 23:05:22,545 [WARNING] [진입유실 방지 자동보정] LONG DOGE/USDT:USDT exit=2026-07-28 09:50:41 미매칭수량=163.00000000 orderID=100915175009 tradeID=None
2026-08-02 23:05:22,545 [WARNING] [진입유실 방지 자동보정] SHORT DOGE/USDT:USDT exit=2026-07-28 20:36:48 미매칭수량=357.00000000 orderID=100925180835 tradeID=None
2026-08-02 23:05:22,545 [WARNING] [진입유실 방지 자동보정] SHORT DOGE/USDT:USDT exit=2026-07-28 23:00:41 미매칭수량=286.00000000 orderID=100927596061 tradeID=None
2026-08-02 23:05:22,546 [WARNING] [진입유실 방지 자동보정] SHORT DOGE/USDT:USDT exit=2026-07-30 20:51:14 미매칭수량=345.00000000 orderID=100976583122 tradeID=None
2026-08-02 23:05:22,546 [WARNING] [진입유실 방지 자동보정] SHORT DOGE/USDT:USDT exit=2026-07-31 10:01:31 미매칭수량=334.00000000 orderID=100988356319 tradeID=None
2026-08-02 23:05:22,546 [WARNING] [진입유실 방지 자동보정] SHORT DOGE/USDT:USDT exit=2026-08-01 18:02:18 미매칭수량=306.00000000 orderID=101015266902 tradeID=None
2026-08-02 23:05:22,546 [WARNING] [진입유실 방지 자동보정] LONG DOGE/USDT:USDT exit=2026-08-02 11:07:47 미매칭수량=259.00000000 orderID=101028099752 tradeID=None
2026-08-02 23:05:22,546 [WARNING] [진입유실 방지 자동보정] LONG XRP/USDT:USDT exit=2026-07-30 03:32:09 미매칭수량=14.70000000 orderID=154591436270 tradeID=None
2026-08-02 23:05:22,546 [WARNING] [진입유실 방지 자동보정] LONG XRP/USDT:USDT exit=2026-07-30 08:06:13 미매칭수량=18.50000000 orderID=154605732461 tradeID=None
2026-08-02 23:05:22,546 [WARNING] [진입유실 방지 자동보정] LONG XRP/USDT:USDT exit=2026-07-30 22:11:04 미매칭수량=17.50000000 orderID=154637963852 tradeID=None
2026-08-02 23:05:22,546 [WARNING] [진입유실 방지 자동보정] SHORT XRP/USDT:USDT exit=2026-07-31 15:18:55 미매칭수량=28.50000000 orderID=154681353788 tradeID=None
2026-08-02 23:05:22,546 [WARNING] [진입유실 방지 자동보정] LONG XRP/USDT:USDT exit=2026-08-02 07:48:27 미매칭수량=6.70000000 orderID=154765042288 tradeID=None
2026-08-02 23:05:22,546 [WARNING] [진입유실 방지 자동보정] LONG XRP/USDT:USDT exit=2026-08-02 08:25:19 미매칭수량=6.70000000 orderID=154766072211 tradeID=None
2026-08-02 23:05:22,546 [WARNING] [진입유실 방지 자동보정] LONG XRP/USDT:USDT exit=2026-08-02 11:07:15 미매칭수량=16.80000000 orderID=154770811661 tradeID=None
2026-08-02 23:05:22,546 [WARNING] [진입유실 방지 자동보정] SHORT 1000PEPE/USDT:USDT exit=2026-08-02 02:31:36 미매칭수량=1968.00000000 orderID=61389681657 tradeID=None
2026-08-02 23:05:22,546 [WARNING] [진입유실 방지 자동보정] SHORT 1000PEPE/USDT:USDT exit=2026-08-02 02:52:29 미매칭수량=1969.00000000 orderID=61390079427 tradeID=None
2026-08-02 23:05:22,546 [WARNING] [진입유실 방지 자동보정] SHORT 1000PEPE/USDT:USDT exit=2026-08-02 09:25:39 미매칭수량=7585.00000000 orderID=61394822102 tradeID=None
2026-08-02 23:05:22,546 [WARNING] [진입유실 방지 자동보정] SHORT IDOL/USDT:USDT exit=2026-08-02 10:17:17 미매칭수량=445.00000000 orderID=523897304 tradeID=None
2026-08-02 23:05:23,356 [INFO] [상태] 잔고:$9.65 | 포지션:2개 | 스캔:7회 | 스캐너:ON
2026-08-02 23:05:31,019 [INFO] [SIG] BNB/USDT:USDT SHORT 신호 포착 (강도 100%)
2026-08-02 23:05:31,020 [INFO] [SIGNAL] BNB/USDT:USDT SHORT 신호 수신 (strength=100)
2026-08-02 23:05:31,020 [INFO] [🐸 청개구리 역매매] 신호 방향 반전: SHORT ➡️ LONG
2026-08-02 23:05:31,216 [INFO] [RISK OK] BNB/USDT:USDT 리스크 체크 통과
2026-08-02 23:05:31,317 [INFO] [ENTRY OK] BNB/USDT:USDT 포지션 체크 통과 (현재 2/3)
2026-08-02 23:05:31,317 [INFO] [MARGIN] AUTO_COMPOUND 활성화 감지
2026-08-02 23:05:31,318 [INFO] [COMPOUND OK] 자동 복리 마진: 총 잔고 $9.64, 비율 33.00% → 1회 진입 증거금 $3.18
2026-08-02 23:05:31,318 [INFO] [MARGIN DECISION] symbol=BNB/USDT:USDT source=compound_cached margin=3.18 auto_compound=True compound_pct=33.00 fixed_margin=2.00
2026-08-02 23:05:31,420 [INFO] [M4 SIZING] BNB/USDT:USDT 잔고=$9.64, 리스크=1.00%, SL거리=0.50% → 증거금=$1.75 (Notional: $19.25)
2026-08-02 23:05:31,420 [INFO] [SL FLOOR] BNB/USDT:USDT SL 0.236% → 0.50% / TP 0.473% → 1.000% (RR 1:2.00 유지)
2026-08-02 23:05:31,420 [INFO] [DualBB SL/TP] BNB/USDT:USDT 시그널 내장 가격 기반: SL=584.4584(0.500%) TP=580.3233(1.000%)
2026-08-02 23:05:31,420 [INFO] [FINAL ENTRY] BNB/USDT:USDT BUY 주문 실행 예정: margin=$1.75 SL=0.50% TP=1.00%
2026-08-02 23:05:31,421 [INFO] [ORDER PLACE] BNB/USDT:USDT place_order 호출 중...
2026-08-02 23:05:35,896 [INFO] [ORDER RESULT] BNB/USDT:USDT 주문 결과: {'order_id': '93638621180', 'symbol': 'BNB/USDT:USDT', 'side': 'LONG', 'entry_price': 583.0, 'amount': 0.03, 'sl_price': '580.09', 'tp_price': '588.83', 'usdt_margin': 1.75}
2026-08-02 23:05:35,896 [INFO] [ATR TRAIL] BNB/USDT:USDT ATR기반 저장: atr_pct=0.09% → activation=1.00% callback=0.80%
2026-08-02 23:05:35,897 [INFO] [PERSIST] 활성 포지션 상태 저장 완료
2026-08-02 23:05:35,899 [INFO] [PERSIST] 엔진 상태(트레일링 픽, 이전 포지션 심볼, recently_entered) 저장 완료
2026-08-02 23:05:35,900 [INFO] [ORDER] BNB/USDT:USDT LONG 실행 완료
2026-08-02 23:05:40,320 [INFO] [SCAN] 완료: 30개 종목 · 신호 1개 · API 호출 30회 · 캐시 히트 0회
2026-08-02 23:05:53,395 [WARNING] [진입유실 방지 자동보정] LONG 1000SHIB/USDT:USDT exit=2026-07-27 04:30:21 미매칭수량=2189.00000000 orderID=31388901395 tradeID=None
2026-08-02 23:05:53,395 [WARNING] [진입유실 방지 자동보정] SHORT 1000SHIB/USDT:USDT exit=2026-07-27 07:36:19 미매칭수량=1348.00000000 orderID=31393184616 tradeID=None
2026-08-02 23:05:53,395 [WARNING] [진입유실 방지 자동보정] SHORT 1000SHIB/USDT:USDT exit=2026-07-27 11:51:02 미매칭수량=1844.00000000 orderID=31400541745 tradeID=None
2026-08-02 23:05:53,395 [WARNING] [진입유실 방지 자동보정] SHORT 1000SHIB/USDT:USDT exit=2026-07-28 06:12:27 미매칭수량=2192.00000000 orderID=31421063023 tradeID=None
2026-08-02 23:05:53,396 [WARNING] [진입유실 방지 자동보정] SHORT 1000SHIB/USDT:USDT exit=2026-08-02 01:13:53 미매칭수량=1073.00000000 orderID=31502817166 tradeID=None
2026-08-02 23:05:53,396 [WARNING] [진입유실 방지 자동보정] SHORT 1000SHIB/USDT:USDT exit=2026-08-02 02:01:20 미매칭수량=1074.00000000 orderID=31504220662 tradeID=None
2026-08-02 23:05:53,396 [WARNING] [진입유실 방지 자동보정] SHORT 1000SHIB/USDT:USDT exit=2026-08-02 09:45:32 미매칭수량=2285.00000000 orderID=31510623049 tradeID=None
2026-08-02 23:05:53,396 [WARNING] [진입유실 방지 자동보정] SHORT 1000SHIB/USDT:USDT exit=2026-08-02 10:35:19 미매칭수량=2280.00000000 orderID=31511192196 tradeID=None
2026-08-02 23:05:53,396 [WARNING] [진입유실 방지 자동보정] LONG DOGE/USDT:USDT exit=2026-07-28 09:50:41 미매칭수량=163.00000000 orderID=100915175009 tradeID=None
2026-08-02 23:05:53,396 [WARNING] [진입유실 방지 자동보정] SHORT DOGE/USDT:USDT exit=2026-07-28 20:36:48 미매칭수량=357.00000000 orderID=100925180835 tradeID=None
2026-08-02 23:05:53,396 [WARNING] [진입유실 방지 자동보정] SHORT DOGE/USDT:USDT exit=2026-07-28 23:00:41 미매칭수량=286.00000000 orderID=100927596061 tradeID=None
2026-08-02 23:05:53,396 [WARNING] [진입유실 방지 자동보정] SHORT DOGE/USDT:USDT exit=2026-07-30 20:51:14 미매칭수량=345.00000000 orderID=100976583122 tradeID=None
2026-08-02 23:05:53,396 [WARNING] [진입유실 방지 자동보정] SHORT DOGE/USDT:USDT exit=2026-07-31 10:01:31 미매칭수량=334.00000000 orderID=100988356319 tradeID=None
2026-08-02 23:05:53,396 [WARNING] [진입유실 방지 자동보정] SHORT DOGE/USDT:USDT exit=2026-08-01 18:02:18 미매칭수량=306.00000000 orderID=101015266902 tradeID=None
2026-08-02 23:05:53,396 [WARNING] [진입유실 방지 자동보정] LONG DOGE/USDT:USDT exit=2026-08-02 11:07:47 미매칭수량=259.00000000 orderID=101028099752 tradeID=None
2026-08-02 23:05:53,396 [WARNING] [진입유실 방지 자동보정] LONG XRP/USDT:USDT exit=2026-07-30 03:32:09 미매칭수량=14.70000000 orderID=154591436270 tradeID=None
2026-08-02 23:05:53,396 [WARNING] [진입유실 방지 자동보정] LONG XRP/USDT:USDT exit=2026-07-30 08:06:13 미매칭수량=18.50000000 orderID=154605732461 tradeID=None
2026-08-02 23:05:53,396 [WARNING] [진입유실 방지 자동보정] LONG XRP/USDT:USDT exit=2026-07-30 22:11:04 미매칭수량=17.50000000 orderID=154637963852 tradeID=None
2026-08-02 23:05:53,396 [WARNING] [진입유실 방지 자동보정] SHORT XRP/USDT:USDT exit=2026-07-31 15:18:55 미매칭수량=28.50000000 orderID=154681353788 tradeID=None
2026-08-02 23:05:53,396 [WARNING] [진입유실 방지 자동보정] LONG XRP/USDT:USDT exit=2026-08-02 07:48:27 미매칭수량=6.70000000 orderID=154765042288 tradeID=None
2026-08-02 23:05:53,396 [WARNING] [진입유실 방지 자동보정] LONG XRP/USDT:USDT exit=2026-08-02 08:25:19 미매칭수량=6.70000000 orderID=154766072211 tradeID=None
2026-08-02 23:05:53,396 [WARNING] [진입유실 방지 자동보정] LONG XRP/USDT:USDT exit=2026-08-02 11:07:15 미매칭수량=16.80000000 orderID=154770811661 tradeID=None
2026-08-02 23:05:53,396 [WARNING] [진입유실 방지 자동보정] SHORT 1000PEPE/USDT:USDT exit=2026-08-02 02:31:36 미매칭수량=1968.00000000 orderID=61389681657 tradeID=None
2026-08-02 23:05:53,396 [WARNING] [진입유실 방지 자동보정] SHORT 1000PEPE/USDT:USDT exit=2026-08-02 02:52:29 미매칭수량=1969.00000000 orderID=61390079427 tradeID=None
2026-08-02 23:05:53,396 [WARNING] [진입유실 방지 자동보정] SHORT 1000PEPE/USDT:USDT exit=2026-08-02 09:25:39 미매칭수량=7585.00000000 orderID=61394822102 tradeID=None
2026-08-02 23:05:53,396 [WARNING] [진입유실 방지 자동보정] SHORT IDOL/USDT:USDT exit=2026-08-02 10:17:17 미매칭수량=445.00000000 orderID=523897304 tradeID=None
2026-08-02 23:05:55,521 [INFO] [SCAN] 블랙리스트 5개 제외: ['IP/USDT:USDT', 'NES/USDT:USDT', 'WLD/USDT:USDT', 'XAG/USDT:USDT', 'XAU/USDT:USDT', 'XAUT/USDT:USDT']
2026-08-02 23:05:55,521 [INFO] [SCAN] 스캔 시작: 30개 페어 (캐시 30개 보유)
2026-08-02 23:06:05,295 [INFO] [SIG] BNB/USDT:USDT SHORT 신호 포착 (강도 100%)
2026-08-02 23:06:05,296 [INFO] [SIGNAL] BNB/USDT:USDT SHORT 신호 수신 (strength=100)
2026-08-02 23:06:05,297 [INFO] [🐸 청개구리 역매매] 신호 방향 반전: SHORT ➡️ LONG
2026-08-02 23:06:05,492 [WARNING] [RISK BLOCK] BNB/USDT:USDT — 가용 증거금 부족: 1.56 < 3.18 (복리 계산 기준)
2026-08-02 23:06:09,914 [INFO] [SCAN] 완료: 30개 종목 · 신호 1개 · API 호출 30회 · 캐시 히트 0회
2026-08-02 23:06:10,118 [WARNING] [PROTECT GUARD] BNB/USDT:USDT LONG 보호주문 없음(무방비) → TP/SL 재무장 시도
2026-08-02 23:06:13,042 [ERROR] [PROTECT REARM] BNB/USDT:USDT long TP/SL 보호주문 재설정 실패: binance {"code":-4130,"msg":"An open stop or take profit order with GTE and closePosition in the direction is existing."}
2026-08-02 23:06:13,044 [ERROR] [PROTECT GUARD] BNB/USDT:USDT LONG 보호주문 재무장 실패 — 수동 확인 필요
2026-08-02 23:06:13,201 [WARNING] [PROTECT GUARD] BEAT/USDT:USDT SHORT 보호주문 없음(무방비) → TP/SL 재무장 시도
2026-08-02 23:06:16,132 [ERROR] [PROTECT REARM] BEAT/USDT:USDT short TP/SL 보호주문 재설정 실패: binance {"code":-4130,"msg":"An open stop or take profit order with GTE and closePosition in the direction is existing."}
2026-08-02 23:06:16,132 [ERROR] [PROTECT GUARD] BEAT/USDT:USDT SHORT 보호주문 재무장 실패 — 수동 확인 필요
2026-08-02 23:06:16,224 [WARNING] [PROTECT GUARD] SOL/USDT:USDT SHORT 보호주문 없음(무방비) → TP/SL 재무장 시도
2026-08-02 23:06:19,138 [ERROR] [PROTECT REARM] SOL/USDT:USDT short TP/SL 보호주문 재설정 실패: binance {"code":-4130,"msg":"An open stop or take profit order with GTE and closePosition in the direction is existing."}
2026-08-02 23:06:19,138 [ERROR] [PROTECT GUARD] SOL/USDT:USDT SHORT 보호주문 재무장 실패 — 수동 확인 필요
2026-08-02 23:06:23,460 [WARNING] [진입유실 방지 자동보정] LONG 1000SHIB/USDT:USDT exit=2026-07-27 04:30:21 미매칭수량=2189.00000000 orderID=31388901395 tradeID=None
2026-08-02 23:06:23,461 [WARNING] [진입유실 방지 자동보정] SHORT 1000SHIB/USDT:USDT exit=2026-07-27 07:36:19 미매칭수량=1348.00000000 orderID=31393184616 tradeID=None
2026-08-02 23:06:23,461 [WARNING] [진입유실 방지 자동보정] SHORT 1000SHIB/USDT:USDT exit=2026-07-27 11:51:02 미매칭수량=1844.00000000 orderID=31400541745 tradeID=None
2026-08-02 23:06:23,461 [WARNING] [진입유실 방지 자동보정] SHORT 1000SHIB/USDT:USDT exit=2026-07-28 06:12:27 미매칭수량=2192.00000000 orderID=31421063023 tradeID=None
2026-08-02 23:06:23,461 [WARNING] [진입유실 방지 자동보정] SHORT 1000SHIB/USDT:USDT exit=2026-08-02 01:13:53 미매칭수량=1073.00000000 orderID=31502817166 tradeID=None
2026-08-02 23:06:23,461 [WARNING] [진입유실 방지 자동보정] SHORT 1000SHIB/USDT:USDT exit=2026-08-02 02:01:20 미매칭수량=1074.00000000 orderID=31504220662 tradeID=None
2026-08-02 23:06:23,461 [WARNING] [진입유실 방지 자동보정] SHORT 1000SHIB/USDT:USDT exit=2026-08-02 09:45:32 미매칭수량=2285.00000000 orderID=31510623049 tradeID=None
2026-08-02 23:06:23,461 [WARNING] [진입유실 방지 자동보정] SHORT 1000SHIB/USDT:USDT exit=2026-08-02 10:35:19 미매칭수량=2280.00000000 orderID=31511192196 tradeID=None
2026-08-02 23:06:23,461 [WARNING] [진입유실 방지 자동보정] LONG DOGE/USDT:USDT exit=2026-07-28 09:50:41 미매칭수량=163.00000000 orderID=100915175009 tradeID=None
2026-08-02 23:06:23,461 [WARNING] [진입유실 방지 자동보정] SHORT DOGE/USDT:USDT exit=2026-07-28 20:36:48 미매칭수량=357.00000000 orderID=100925180835 tradeID=None
2026-08-02 23:06:23,461 [WARNING] [진입유실 방지 자동보정] SHORT DOGE/USDT:USDT exit=2026-07-28 23:00:41 미매칭수량=286.00000000 orderID=100927596061 tradeID=None
2026-08-02 23:06:23,461 [WARNING] [진입유실 방지 자동보정] SHORT DOGE/USDT:USDT exit=2026-07-30 20:51:14 미매칭수량=345.00000000 orderID=100976583122 tradeID=None
2026-08-02 23:06:23,461 [WARNING] [진입유실 방지 자동보정] SHORT DOGE/USDT:USDT exit=2026-07-31 10:01:31 미매칭수량=334.00000000 orderID=100988356319 tradeID=None
2026-08-02 23:06:23,461 [WARNING] [진입유실 방지 자동보정] SHORT DOGE/USDT:USDT exit=2026-08-01 18:02:18 미매칭수량=306.00000000 orderID=101015266902 tradeID=None
2026-08-02 23:06:23,461 [WARNING] [진입유실 방지 자동보정] LONG DOGE/USDT:USDT exit=2026-08-02 11:07:47 미매칭수량=259.00000000 orderID=101028099752 tradeID=None
2026-08-02 23:06:23,461 [WARNING] [진입유실 방지 자동보정] LONG XRP/USDT:USDT exit=2026-07-30 03:32:09 미매칭수량=14.70000000 orderID=154591436270 tradeID=None
2026-08-02 23:06:23,462 [WARNING] [진입유실 방지 자동보정] LONG XRP/USDT:USDT exit=2026-07-30 08:06:13 미매칭수량=18.50000000 orderID=154605732461 tradeID=None
2026-08-02 23:06:23,462 [WARNING] [진입유실 방지 자동보정] LONG XRP/USDT:USDT exit=2026-07-30 22:11:04 미매칭수량=17.50000000 orderID=154637963852 tradeID=None
2026-08-02 23:06:23,462 [WARNING] [진입유실 방지 자동보정] SHORT XRP/USDT:USDT exit=2026-07-31 15:18:55 미매칭수량=28.50000000 orderID=154681353788 tradeID=None
2026-08-02 23:06:23,462 [WARNING] [진입유실 방지 자동보정] LONG XRP/USDT:USDT exit=2026-08-02 07:48:27 미매칭수량=6.70000000 orderID=154765042288 tradeID=None
2026-08-02 23:06:23,462 [WARNING] [진입유실 방지 자동보정] LONG XRP/USDT:USDT exit=2026-08-02 08:25:19 미매칭수량=6.70000000 orderID=154766072211 tradeID=None
2026-08-02 23:06:23,462 [WARNING] [진입유실 방지 자동보정] LONG XRP/USDT:USDT exit=2026-08-02 11:07:15 미매칭수량=16.80000000 orderID=154770811661 tradeID=None
2026-08-02 23:06:23,462 [WARNING] [진입유실 방지 자동보정] SHORT 1000PEPE/USDT:USDT exit=2026-08-02 02:31:36 미매칭수량=1968.00000000 orderID=61389681657 tradeID=None
2026-08-02 23:06:23,462 [WARNING] [진입유실 방지 자동보정] SHORT 1000PEPE/USDT:USDT exit=2026-08-02 02:52:29 미매칭수량=1969.00000000 orderID=61390079427 tradeID=None
2026-08-02 23:06:23,462 [WARNING] [진입유실 방지 자동보정] SHORT 1000PEPE/USDT:USDT exit=2026-08-02 09:25:39 미매칭수량=7585.00000000 orderID=61394822102 tradeID=None
2026-08-02 23:06:23,462 [WARNING] [진입유실 방지 자동보정] SHORT IDOL/USDT:USDT exit=2026-08-02 10:17:17 미매칭수량=445.00000000 orderID=523897304 tradeID=None
2026-08-02 23:06:23,658 [INFO] [상태] 잔고:$9.64 | 포지션:3개 | 스캔:9회 | 스캐너:ON
2026-08-02 23:06:34,285 [INFO] [SCAN] 블랙리스트 5개 제외: ['IP/USDT:USDT', 'NES/USDT:USDT', 'WLD/USDT:USDT', 'XAG/USDT:USDT', 'XAU/USDT:USDT', 'XAUT/USDT:USDT']
2026-08-02 23:06:34,286 [INFO] [SCAN] 스캔 시작: 30개 페어 (캐시 30개 보유)
2026-08-02 23:06:44,165 [INFO] [SIG] BNB/USDT:USDT SHORT 신호 포착 (강도 100%)
2026-08-02 23:06:44,165 [INFO] [SIGNAL] BNB/USDT:USDT SHORT 신호 수신 (strength=100)
2026-08-02 23:06:44,165 [INFO] [🐸 청개구리 역매매] 신호 방향 반전: SHORT ➡️ LONG
2026-08-02 23:06:44,361 [WARNING] [RISK BLOCK] BNB/USDT:USDT — 가용 증거금 부족: 1.56 < 3.19 (복리 계산 기준)
2026-08-02 23:06:48,782 [INFO] [SCAN] 완료: 30개 종목 · 신호 1개 · API 호출 30회 · 캐시 히트 0회
2026-08-02 23:06:53,698 [WARNING] [진입유실 방지 자동보정] LONG 1000SHIB/USDT:USDT exit=2026-07-27 04:30:21 미매칭수량=2189.00000000 orderID=31388901395 tradeID=None
2026-08-02 23:06:53,698 [WARNING] [진입유실 방지 자동보정] SHORT 1000SHIB/USDT:USDT exit=2026-07-27 07:36:19 미매칭수량=1348.00000000 orderID=31393184616 tradeID=None
2026-08-02 23:06:53,698 [WARNING] [진입유실 방지 자동보정] SHORT 1000SHIB/USDT:USDT exit=2026-07-27 11:51:02 미매칭수량=1844.00000000 orderID=31400541745 tradeID=None
2026-08-02 23:06:53,698 [WARNING] [진입유실 방지 자동보정] SHORT 1000SHIB/USDT:USDT exit=2026-07-28 06:12:27 미매칭수량=2192.00000000 orderID=31421063023 tradeID=None
2026-08-02 23:06:53,698 [WARNING] [진입유실 방지 자동보정] SHORT 1000SHIB/USDT:USDT exit=2026-08-02 01:13:53 미매칭수량=1073.00000000 orderID=31502817166 tradeID=None
2026-08-02 23:06:53,698 [WARNING] [진입유실 방지 자동보정] SHORT 1000SHIB/USDT:USDT exit=2026-08-02 02:01:20 미매칭수량=1074.00000000 orderID=31504220662 tradeID=None
2026-08-02 23:06:53,698 [WARNING] [진입유실 방지 자동보정] SHORT 1000SHIB/USDT:USDT exit=2026-08-02 09:45:32 미매칭수량=2285.00000000 orderID=31510623049 tradeID=None
2026-08-02 23:06:53,698 [WARNING] [진입유실 방지 자동보정] SHORT 1000SHIB/USDT:USDT exit=2026-08-02 10:35:19 미매칭수량=2280.00000000 orderID=31511192196 tradeID=None
2026-08-02 23:06:53,698 [WARNING] [진입유실 방지 자동보정] LONG DOGE/USDT:USDT exit=2026-07-28 09:50:41 미매칭수량=163.00000000 orderID=100915175009 tradeID=None
2026-08-02 23:06:53,698 [WARNING] [진입유실 방지 자동보정] SHORT DOGE/USDT:USDT exit=2026-07-28 20:36:48 미매칭수량=357.00000000 orderID=100925180835 tradeID=None
2026-08-02 23:06:53,698 [WARNING] [진입유실 방지 자동보정] SHORT DOGE/USDT:USDT exit=2026-07-28 23:00:41 미매칭수량=286.00000000 orderID=100927596061 tradeID=None
2026-08-02 23:06:53,698 [WARNING] [진입유실 방지 자동보정] SHORT DOGE/USDT:USDT exit=2026-07-30 20:51:14 미매칭수량=345.00000000 orderID=100976583122 tradeID=None
2026-08-02 23:06:53,698 [WARNING] [진입유실 방지 자동보정] SHORT DOGE/USDT:USDT exit=2026-07-31 10:01:31 미매칭수량=334.00000000 orderID=100988356319 tradeID=None
2026-08-02 23:06:53,698 [WARNING] [진입유실 방지 자동보정] SHORT DOGE/USDT:USDT exit=2026-08-01 18:02:18 미매칭수량=306.00000000 orderID=101015266902 tradeID=None
2026-08-02 23:06:53,698 [WARNING] [진입유실 방지 자동보정] LONG DOGE/USDT:USDT exit=2026-08-02 11:07:47 미매칭수량=259.00000000 orderID=101028099752 tradeID=None
2026-08-02 23:06:53,698 [WARNING] [진입유실 방지 자동보정] LONG XRP/USDT:USDT exit=2026-07-30 03:32:09 미매칭수량=14.70000000 orderID=154591436270 tradeID=None
2026-08-02 23:06:53,698 [WARNING] [진입유실 방지 자동보정] LONG XRP/USDT:USDT exit=2026-07-30 08:06:13 미매칭수량=18.50000000 orderID=154605732461 tradeID=None
2026-08-02 23:06:53,698 [WARNING] [진입유실 방지 자동보정] LONG XRP/USDT:USDT exit=2026-07-30 22:11:04 미매칭수량=17.50000000 orderID=154637963852 tradeID=None
2026-08-02 23:06:53,698 [WARNING] [진입유실 방지 자동보정] SHORT XRP/USDT:USDT exit=2026-07-31 15:18:55 미매칭수량=28.50000000 orderID=154681353788 tradeID=None
2026-08-02 23:06:53,698 [WARNING] [진입유실 방지 자동보정] LONG XRP/USDT:USDT exit=2026-08-02 07:48:27 미매칭수량=6.70000000 orderID=154765042288 tradeID=None
2026-08-02 23:06:53,698 [WARNING] [진입유실 방지 자동보정] LONG XRP/USDT:USDT exit=2026-08-02 08:25:19 미매칭수량=6.70000000 orderID=154766072211 tradeID=None
2026-08-02 23:06:53,698 [WARNING] [진입유실 방지 자동보정] LONG XRP/USDT:USDT exit=2026-08-02 11:07:15 미매칭수량=16.80000000 orderID=154770811661 tradeID=None
2026-08-02 23:06:53,698 [WARNING] [진입유실 방지 자동보정] SHORT 1000PEPE/USDT:USDT exit=2026-08-02 02:31:36 미매칭수량=1968.00000000 orderID=61389681657 tradeID=None
2026-08-02 23:06:53,698 [WARNING] [진입유실 방지 자동보정] SHORT 1000PEPE/USDT:USDT exit=2026-08-02 02:52:29 미매칭수량=1969.00000000 orderID=61390079427 tradeID=None
2026-08-02 23:06:53,699 [WARNING] [진입유실 방지 자동보정] SHORT 1000PEPE/USDT:USDT exit=2026-08-02 09:25:39 미매칭수량=7585.00000000 orderID=61394822102 tradeID=None
2026-08-02 23:06:53,699 [WARNING] [진입유실 방지 자동보정] SHORT IDOL/USDT:USDT exit=2026-08-02 10:17:17 미매칭수량=445.00000000 orderID=523897304 tradeID=None
2026-08-02 23:07:04,110 [INFO] [SCAN] 블랙리스트 5개 제외: ['IP/USDT:USDT', 'NES/USDT:USDT', 'WLD/USDT:USDT', 'XAG/USDT:USDT', 'XAU/USDT:USDT', 'XAUT/USDT:USDT']
2026-08-02 23:07:04,111 [INFO] [SCAN] 스캔 시작: 30개 페어 (캐시 30개 보유)
2026-08-02 23:07:14,006 [INFO] [SIG] BNB/USDT:USDT SHORT 신호 포착 (강도 100%)
2026-08-02 23:07:14,009 [INFO] [SIGNAL] BNB/USDT:USDT SHORT 신호 수신 (strength=100)
2026-08-02 23:07:14,009 [INFO] [🐸 청개구리 역매매] 신호 방향 반전: SHORT ➡️ LONG
2026-08-02 23:07:14,200 [WARNING] [RISK BLOCK] BNB/USDT:USDT — 가용 증거금 부족: 1.56 < 3.19 (복리 계산 기준)
2026-08-02 23:07:18,572 [INFO] [SCAN] 완료: 30개 종목 · 신호 1개 · API 호출 30회 · 캐시 히트 0회
2026-08-02 23:07:18,765 [WARNING] [PROTECT GUARD] BNB/USDT:USDT LONG 보호주문 없음(무방비) → TP/SL 재무장 시도
2026-08-02 23:07:21,677 [ERROR] [PROTECT REARM] BNB/USDT:USDT long TP/SL 보호주문 재설정 실패: binance {"code":-4130,"msg":"An open stop or take profit order with GTE and closePosition in the direction is existing."}
2026-08-02 23:07:21,677 [ERROR] [PROTECT GUARD] BNB/USDT:USDT LONG 보호주문 재무장 실패 — 수동 확인 필요
2026-08-02 23:07:21,774 [WARNING] [PROTECT GUARD] BEAT/USDT:USDT SHORT 보호주문 없음(무방비) → TP/SL 재무장 시도
2026-08-02 23:07:23,764 [WARNING] [진입유실 방지 자동보정] LONG 1000SHIB/USDT:USDT exit=2026-07-27 04:30:21 미매칭수량=2189.00000000 orderID=31388901395 tradeID=None
2026-08-02 23:07:23,764 [WARNING] [진입유실 방지 자동보정] SHORT 1000SHIB/USDT:USDT exit=2026-07-27 07:36:19 미매칭수량=1348.00000000 orderID=31393184616 tradeID=None
2026-08-02 23:07:23,764 [WARNING] [진입유실 방지 자동보정] SHORT 1000SHIB/USDT:USDT exit=2026-07-27 11:51:02 미매칭수량=1844.00000000 orderID=31400541745 tradeID=None
2026-08-02 23:07:23,764 [WARNING] [진입유실 방지 자동보정] SHORT 1000SHIB/USDT:USDT exit=2026-07-28 06:12:27 미매칭수량=2192.00000000 orderID=31421063023 tradeID=None
2026-08-02 23:07:23,764 [WARNING] [진입유실 방지 자동보정] SHORT 1000SHIB/USDT:USDT exit=2026-08-02 01:13:53 미매칭수량=1073.00000000 orderID=31502817166 tradeID=None
2026-08-02 23:07:23,764 [WARNING] [진입유실 방지 자동보정] SHORT 1000SHIB/USDT:USDT exit=2026-08-02 02:01:20 미매칭수량=1074.00000000 orderID=31504220662 tradeID=None
2026-08-02 23:07:23,765 [WARNING] [진입유실 방지 자동보정] SHORT 1000SHIB/USDT:USDT exit=2026-08-02 09:45:32 미매칭수량=2285.00000000 orderID=31510623049 tradeID=None
2026-08-02 23:07:23,765 [WARNING] [진입유실 방지 자동보정] SHORT 1000SHIB/USDT:USDT exit=2026-08-02 10:35:19 미매칭수량=2280.00000000 orderID=31511192196 tradeID=None
2026-08-02 23:07:23,765 [WARNING] [진입유실 방지 자동보정] LONG DOGE/USDT:USDT exit=2026-07-28 09:50:41 미매칭수량=163.00000000 orderID=100915175009 tradeID=None
2026-08-02 23:07:23,765 [WARNING] [진입유실 방지 자동보정] SHORT DOGE/USDT:USDT exit=2026-07-28 20:36:48 미매칭수량=357.00000000 orderID=100925180835 tradeID=None
2026-08-02 23:07:23,765 [WARNING] [진입유실 방지 자동보정] SHORT DOGE/USDT:USDT exit=2026-07-28 23:00:41 미매칭수량=286.00000000 orderID=100927596061 tradeID=None
2026-08-02 23:07:23,765 [WARNING] [진입유실 방지 자동보정] SHORT DOGE/USDT:USDT exit=2026-07-30 20:51:14 미매칭수량=345.00000000 orderID=100976583122 tradeID=None
2026-08-02 23:07:23,765 [WARNING] [진입유실 방지 자동보정] SHORT DOGE/USDT:USDT exit=2026-07-31 10:01:31 미매칭수량=334.00000000 orderID=100988356319 tradeID=None
2026-08-02 23:07:23,765 [WARNING] [진입유실 방지 자동보정] SHORT DOGE/USDT:USDT exit=2026-08-01 18:02:18 미매칭수량=306.00000000 orderID=101015266902 tradeID=None
2026-08-02 23:07:23,765 [WARNING] [진입유실 방지 자동보정] LONG DOGE/USDT:USDT exit=2026-08-02 11:07:47 미매칭수량=259.00000000 orderID=101028099752 tradeID=None
2026-08-02 23:07:23,765 [WARNING] [진입유실 방지 자동보정] LONG XRP/USDT:USDT exit=2026-07-30 03:32:09 미매칭수량=14.70000000 orderID=154591436270 tradeID=None
2026-08-02 23:07:23,765 [WARNING] [진입유실 방지 자동보정] LONG XRP/USDT:USDT exit=2026-07-30 08:06:13 미매칭수량=18.50000000 orderID=154605732461 tradeID=None
2026-08-02 23:07:23,765 [WARNING] [진입유실 방지 자동보정] LONG XRP/USDT:USDT exit=2026-07-30 22:11:04 미매칭수량=17.50000000 orderID=154637963852 tradeID=None
2026-08-02 23:07:23,765 [WARNING] [진입유실 방지 자동보정] SHORT XRP/USDT:USDT exit=2026-07-31 15:18:55 미매칭수량=28.50000000 orderID=154681353788 tradeID=None
2026-08-02 23:07:23,765 [WARNING] [진입유실 방지 자동보정] LONG XRP/USDT:USDT exit=2026-08-02 07:48:27 미매칭수량=6.70000000 orderID=154765042288 tradeID=None
2026-08-02 23:07:23,765 [WARNING] [진입유실 방지 자동보정] LONG XRP/USDT:USDT exit=2026-08-02 08:25:19 미매칭수량=6.70000000 orderID=154766072211 tradeID=None
2026-08-02 23:07:23,765 [WARNING] [진입유실 방지 자동보정] LONG XRP/USDT:USDT exit=2026-08-02 11:07:15 미매칭수량=16.80000000 orderID=154770811661 tradeID=None
2026-08-02 23:07:23,766 [WARNING] [진입유실 방지 자동보정] SHORT 1000PEPE/USDT:USDT exit=2026-08-02 02:31:36 미매칭수량=1968.00000000 orderID=61389681657 tradeID=None
2026-08-02 23:07:23,766 [WARNING] [진입유실 방지 자동보정] SHORT 1000PEPE/USDT:USDT exit=2026-08-02 02:52:29 미매칭수량=1969.00000000 orderID=61390079427 tradeID=None
2026-08-02 23:07:23,766 [WARNING] [진입유실 방지 자동보정] SHORT 1000PEPE/USDT:USDT exit=2026-08-02 09:25:39 미매칭수량=7585.00000000 orderID=61394822102 tradeID=None
2026-08-02 23:07:23,766 [WARNING] [진입유실 방지 자동보정] SHORT IDOL/USDT:USDT exit=2026-08-02 10:17:17 미매칭수량=445.00000000 orderID=523897304 tradeID=None
2026-08-02 23:07:23,958 [INFO] [상태] 잔고:$9.66 | 포지션:3개 | 스캔:11회 | 스캐너:ON
2026-08-02 23:07:24,684 [ERROR] [PROTECT REARM] BEAT/USDT:USDT short TP/SL 보호주문 재설정 실패: binance {"code":-4130,"msg":"An open stop or take profit order with GTE and closePosition in the direction is existing."}
2026-08-02 23:07:24,685 [ERROR] [PROTECT GUARD] BEAT/USDT:USDT SHORT 보호주문 재무장 실패 — 수동 확인 필요
2026-08-02 23:07:24,779 [WARNING] [PROTECT GUARD] SOL/USDT:USDT SHORT 보호주문 없음(무방비) → TP/SL 재무장 시도
2026-08-02 23:07:27,687 [ERROR] [PROTECT REARM] SOL/USDT:USDT short TP/SL 보호주문 재설정 실패: binance {"code":-4130,"msg":"An open stop or take profit order with GTE and closePosition in the direction is existing."}
2026-08-02 23:07:27,688 [ERROR] [PROTECT GUARD] SOL/USDT:USDT SHORT 보호주문 재무장 실패 — 수동 확인 필요
2026-08-02 23:07:42,882 [INFO] [SCAN] 블랙리스트 5개 제외: ['IP/USDT:USDT', 'NES/USDT:USDT', 'WLD/USDT:USDT', 'XAG/USDT:USDT', 'XAU/USDT:USDT', 'XAUT/USDT:USDT']
2026-08-02 23:07:42,883 [INFO] [SCAN] 스캔 시작: 30개 페어 (캐시 30개 보유)
2026-08-02 23:07:52,779 [INFO] [SIG] BNB/USDT:USDT SHORT 신호 포착 (강도 100%)
2026-08-02 23:07:52,779 [INFO] [SIGNAL] BNB/USDT:USDT SHORT 신호 수신 (strength=100)
2026-08-02 23:07:52,779 [INFO] [🐸 청개구리 역매매] 신호 방향 반전: SHORT ➡️ LONG
2026-08-02 23:07:52,971 [INFO] [RISK OK] BNB/USDT:USDT 리스크 체크 통과
2026-08-02 23:07:53,064 [INFO] [SYNC] BNB/USDT:USDT 포지션 거래소 반영 확인 → recently_entered 락 해제
2026-08-02 23:07:53,066 [INFO] [PERSIST] 엔진 상태(트레일링 픽, 이전 포지션 심볼, recently_entered) 저장 완료
2026-08-02 23:07:53,068 [INFO] [ENTRY BLOCK] BNB/USDT:USDT — 이미 포지션 보유 또는 진입 주문 전송 중
2026-08-02 23:07:53,990 [WARNING] [진입유실 방지 자동보정] LONG 1000SHIB/USDT:USDT exit=2026-07-27 04:30:21 미매칭수량=2189.00000000 orderID=31388901395 tradeID=None
2026-08-02 23:07:53,990 [WARNING] [진입유실 방지 자동보정] SHORT 1000SHIB/USDT:USDT exit=2026-07-27 07:36:19 미매칭수량=1348.00000000 orderID=31393184616 tradeID=None
2026-08-02 23:07:53,990 [WARNING] [진입유실 방지 자동보정] SHORT 1000SHIB/USDT:USDT exit=2026-07-27 11:51:02 미매칭수량=1844.00000000 orderID=31400541745 tradeID=None
2026-08-02 23:07:53,990 [WARNING] [진입유실 방지 자동보정] SHORT 1000SHIB/USDT:USDT exit=2026-07-28 06:12:27 미매칭수량=2192.00000000 orderID=31421063023 tradeID=None
2026-08-02 23:07:53,990 [WARNING] [진입유실 방지 자동보정] SHORT 1000SHIB/USDT:USDT exit=2026-08-02 01:13:53 미매칭수량=1073.00000000 orderID=31502817166 tradeID=None
2026-08-02 23:07:53,990 [WARNING] [진입유실 방지 자동보정] SHORT 1000SHIB/USDT:USDT exit=2026-08-02 02:01:20 미매칭수량=1074.00000000 orderID=31504220662 tradeID=None
2026-08-02 23:07:53,990 [WARNING] [진입유실 방지 자동보정] SHORT 1000SHIB/USDT:USDT exit=2026-08-02 09:45:32 미매칭수량=2285.00000000 orderID=31510623049 tradeID=None
2026-08-02 23:07:53,991 [WARNING] [진입유실 방지 자동보정] SHORT 1000SHIB/USDT:USDT exit=2026-08-02 10:35:19 미매칭수량=2280.00000000 orderID=31511192196 tradeID=None
2026-08-02 23:07:53,991 [WARNING] [진입유실 방지 자동보정] LONG DOGE/USDT:USDT exit=2026-07-28 09:50:41 미매칭수량=163.00000000 orderID=100915175009 tradeID=None
2026-08-02 23:07:53,991 [WARNING] [진입유실 방지 자동보정] SHORT DOGE/USDT:USDT exit=2026-07-28 20:36:48 미매칭수량=357.00000000 orderID=100925180835 tradeID=None
2026-08-02 23:07:53,991 [WARNING] [진입유실 방지 자동보정] SHORT DOGE/USDT:USDT exit=2026-07-28 23:00:41 미매칭수량=286.00000000 orderID=100927596061 tradeID=None
2026-08-02 23:07:53,991 [WARNING] [진입유실 방지 자동보정] SHORT DOGE/USDT:USDT exit=2026-07-30 20:51:14 미매칭수량=345.00000000 orderID=100976583122 tradeID=None
2026-08-02 23:07:53,991 [WARNING] [진입유실 방지 자동보정] SHORT DOGE/USDT:USDT exit=2026-07-31 10:01:31 미매칭수량=334.00000000 orderID=100988356319 tradeID=None
2026-08-02 23:07:53,991 [WARNING] [진입유실 방지 자동보정] SHORT DOGE/USDT:USDT exit=2026-08-01 18:02:18 미매칭수량=306.00000000 orderID=101015266902 tradeID=None
2026-08-02 23:07:53,991 [WARNING] [진입유실 방지 자동보정] LONG DOGE/USDT:USDT exit=2026-08-02 11:07:47 미매칭수량=259.00000000 orderID=101028099752 tradeID=None
2026-08-02 23:07:53,991 [WARNING] [진입유실 방지 자동보정] LONG XRP/USDT:USDT exit=2026-07-30 03:32:09 미매칭수량=14.70000000 orderID=154591436270 tradeID=None
2026-08-02 23:07:53,991 [WARNING] [진입유실 방지 자동보정] LONG XRP/USDT:USDT exit=2026-07-30 08:06:13 미매칭수량=18.50000000 orderID=154605732461 tradeID=None
2026-08-02 23:07:53,991 [WARNING] [진입유실 방지 자동보정] LONG XRP/USDT:USDT exit=2026-07-30 22:11:04 미매칭수량=17.50000000 orderID=154637963852 tradeID=None
2026-08-02 23:07:53,991 [WARNING] [진입유실 방지 자동보정] SHORT XRP/USDT:USDT exit=2026-07-31 15:18:55 미매칭수량=28.50000000 orderID=154681353788 tradeID=None
2026-08-02 23:07:53,991 [WARNING] [진입유실 방지 자동보정] LONG XRP/USDT:USDT exit=2026-08-02 07:48:27 미매칭수량=6.70000000 orderID=154765042288 tradeID=None
2026-08-02 23:07:53,991 [WARNING] [진입유실 방지 자동보정] LONG XRP/USDT:USDT exit=2026-08-02 08:25:19 미매칭수량=6.70000000 orderID=154766072211 tradeID=None
2026-08-02 23:07:53,991 [WARNING] [진입유실 방지 자동보정] LONG XRP/USDT:USDT exit=2026-08-02 11:07:15 미매칭수량=16.80000000 orderID=154770811661 tradeID=None
2026-08-02 23:07:53,991 [WARNING] [진입유실 방지 자동보정] SHORT 1000PEPE/USDT:USDT exit=2026-08-02 02:31:36 미매칭수량=1968.00000000 orderID=61389681657 tradeID=None
2026-08-02 23:07:53,991 [WARNING] [진입유실 방지 자동보정] SHORT 1000PEPE/USDT:USDT exit=2026-08-02 02:52:29 미매칭수량=1969.00000000 orderID=61390079427 tradeID=None
2026-08-02 23:07:53,991 [WARNING] [진입유실 방지 자동보정] SHORT 1000PEPE/USDT:USDT exit=2026-08-02 09:25:39 미매칭수량=7585.00000000 orderID=61394822102 tradeID=None
2026-08-02 23:07:53,991 [WARNING] [진입유실 방지 자동보정] SHORT IDOL/USDT:USDT exit=2026-08-02 10:17:17 미매칭수량=445.00000000 orderID=523897304 tradeID=None
2026-08-02 23:07:57,463 [INFO] [SCAN] 완료: 30개 종목 · 신호 1개 · API 호출 30회 · 캐시 히트 0회
2026-08-02 23:08:12,645 [INFO] [SCAN] 블랙리스트 5개 제외: ['IP/USDT:USDT', 'NES/USDT:USDT', 'WLD/USDT:USDT', 'XAG/USDT:USDT', 'XAU/USDT:USDT', 'XAUT/USDT:USDT']
2026-08-02 23:08:12,645 [INFO] [SCAN] 스캔 시작: 30개 페어 (캐시 30개 보유)
2026-08-02 23:08:22,511 [INFO] [SIG] BNB/USDT:USDT SHORT 신호 포착 (강도 100%)
2026-08-02 23:08:22,511 [INFO] [SIGNAL] BNB/USDT:USDT SHORT 신호 수신 (strength=100)
2026-08-02 23:08:22,511 [INFO] [🐸 청개구리 역매매] 신호 방향 반전: SHORT ➡️ LONG
2026-08-02 23:08:22,719 [INFO] [RISK OK] BNB/USDT:USDT 리스크 체크 통과
2026-08-02 23:08:22,819 [INFO] [ENTRY BLOCK] BNB/USDT:USDT — 이미 포지션 보유 또는 진입 주문 전송 중
2026-08-02 23:08:24,048 [WARNING] [진입유실 방지 자동보정] LONG 1000SHIB/USDT:USDT exit=2026-07-27 04:30:21 미매칭수량=2189.00000000 orderID=31388901395 tradeID=None
2026-08-02 23:08:24,048 [WARNING] [진입유실 방지 자동보정] SHORT 1000SHIB/USDT:USDT exit=2026-07-27 07:36:19 미매칭수량=1348.00000000 orderID=31393184616 tradeID=None
2026-08-02 23:08:24,048 [WARNING] [진입유실 방지 자동보정] SHORT 1000SHIB/USDT:USDT exit=2026-07-27 11:51:02 미매칭수량=1844.00000000 orderID=31400541745 tradeID=None
2026-08-02 23:08:24,048 [WARNING] [진입유실 방지 자동보정] SHORT 1000SHIB/USDT:USDT exit=2026-07-28 06:12:27 미매칭수량=2192.00000000 orderID=31421063023 tradeID=None
2026-08-02 23:08:24,048 [WARNING] [진입유실 방지 자동보정] SHORT 1000SHIB/USDT:USDT exit=2026-08-02 01:13:53 미매칭수량=1073.00000000 orderID=31502817166 tradeID=None
2026-08-02 23:08:24,048 [WARNING] [진입유실 방지 자동보정] SHORT 1000SHIB/USDT:USDT exit=2026-08-02 02:01:20 미매칭수량=1074.00000000 orderID=31504220662 tradeID=None
2026-08-02 23:08:24,048 [WARNING] [진입유실 방지 자동보정] SHORT 1000SHIB/USDT:USDT exit=2026-08-02 09:45:32 미매칭수량=2285.00000000 orderID=31510623049 tradeID=None
2026-08-02 23:08:24,048 [WARNING] [진입유실 방지 자동보정] SHORT 1000SHIB/USDT:USDT exit=2026-08-02 10:35:19 미매칭수량=2280.00000000 orderID=31511192196 tradeID=None
2026-08-02 23:08:24,048 [WARNING] [진입유실 방지 자동보정] LONG DOGE/USDT:USDT exit=2026-07-28 09:50:41 미매칭수량=163.00000000 orderID=100915175009 tradeID=None
2026-08-02 23:08:24,048 [WARNING] [진입유실 방지 자동보정] SHORT DOGE/USDT:USDT exit=2026-07-28 20:36:48 미매칭수량=357.00000000 orderID=100925180835 tradeID=None
2026-08-02 23:08:24,049 [WARNING] [진입유실 방지 자동보정] SHORT DOGE/USDT:USDT exit=2026-07-28 23:00:41 미매칭수량=286.00000000 orderID=100927596061 tradeID=None
2026-08-02 23:08:24,049 [WARNING] [진입유실 방지 자동보정] SHORT DOGE/USDT:USDT exit=2026-07-30 20:51:14 미매칭수량=345.00000000 orderID=100976583122 tradeID=None
2026-08-02 23:08:24,049 [WARNING] [진입유실 방지 자동보정] SHORT DOGE/USDT:USDT exit=2026-07-31 10:01:31 미매칭수량=334.00000000 orderID=100988356319 tradeID=None
2026-08-02 23:08:24,049 [WARNING] [진입유실 방지 자동보정] SHORT DOGE/USDT:USDT exit=2026-08-01 18:02:18 미매칭수량=306.00000000 orderID=101015266902 tradeID=None
2026-08-02 23:08:24,049 [WARNING] [진입유실 방지 자동보정] LONG DOGE/USDT:USDT exit=2026-08-02 11:07:47 미매칭수량=259.00000000 orderID=101028099752 tradeID=None
2026-08-02 23:08:24,049 [WARNING] [진입유실 방지 자동보정] SHORT SOL/USDT:USDT exit=2026-07-29 22:32:08 미매칭수량=0.26000000 orderID=229957663104 tradeID=None
2026-08-02 23:08:24,049 [WARNING] [진입유실 방지 자동보정] LONG SOL/USDT:USDT exit=2026-07-30 02:59:19 미매칭수량=0.33000000 orderID=229996023316 tradeID=None
2026-08-02 23:08:24,049 [WARNING] [진입유실 방지 자동보정] LONG SOL/USDT:USDT exit=2026-07-30 03:32:08 미매칭수량=0.27000000 orderID=230002018782 tradeID=None
2026-08-02 23:08:24,049 [WARNING] [진입유실 방지 자동보정] SHORT SOL/USDT:USDT exit=2026-07-30 20:09:26 미매칭수량=0.32000000 orderID=230154249399 tradeID=None
2026-08-02 23:08:24,049 [WARNING] [진입유실 방지 자동보정] SHORT SOL/USDT:USDT exit=2026-07-30 20:37:48 미매칭수량=0.32000000 orderID=230157644550 tradeID=None
2026-08-02 23:08:24,049 [WARNING] [진입유실 방지 자동보정] SHORT SOL/USDT:USDT exit=2026-08-01 10:32:26 미매칭수량=0.29000000 orderID=230440972735 tradeID=None
2026-08-02 23:08:24,049 [WARNING] [진입유실 방지 자동보정] LONG SOL/USDT:USDT exit=2026-08-02 01:55:54 미매칭수량=0.25000000 orderID=230506472518 tradeID=None
2026-08-02 23:08:24,049 [WARNING] [진입유실 방지 자동보정] LONG SOL/USDT:USDT exit=2026-08-02 03:24:55 미매칭수량=0.20000000 orderID=230517041657 tradeID=None
2026-08-02 23:08:24,049 [WARNING] [진입유실 방지 자동보정] LONG XRP/USDT:USDT exit=2026-07-30 03:32:09 미매칭수량=14.70000000 orderID=154591436270 tradeID=None
2026-08-02 23:08:24,049 [WARNING] [진입유실 방지 자동보정] LONG XRP/USDT:USDT exit=2026-07-30 08:06:13 미매칭수량=18.50000000 orderID=154605732461 tradeID=None
2026-08-02 23:08:24,049 [WARNING] [진입유실 방지 자동보정] LONG XRP/USDT:USDT exit=2026-07-30 22:11:04 미매칭수량=17.50000000 orderID=154637963852 tradeID=None
2026-08-02 23:08:24,049 [WARNING] [진입유실 방지 자동보정] SHORT XRP/USDT:USDT exit=2026-07-31 15:18:55 미매칭수량=28.50000000 orderID=154681353788 tradeID=None
2026-08-02 23:08:24,049 [WARNING] [진입유실 방지 자동보정] LONG XRP/USDT:USDT exit=2026-08-02 07:48:27 미매칭수량=6.70000000 orderID=154765042288 tradeID=None
2026-08-02 23:08:24,049 [WARNING] [진입유실 방지 자동보정] LONG XRP/USDT:USDT exit=2026-08-02 08:25:19 미매칭수량=6.70000000 orderID=154766072211 tradeID=None
2026-08-02 23:08:24,049 [WARNING] [진입유실 방지 자동보정] LONG XRP/USDT:USDT exit=2026-08-02 11:07:15 미매칭수량=16.80000000 orderID=154770811661 tradeID=None
2026-08-02 23:08:24,049 [WARNING] [진입유실 방지 자동보정] SHORT 1000PEPE/USDT:USDT exit=2026-08-02 02:31:36 미매칭수량=1968.00000000 orderID=61389681657 tradeID=None
2026-08-02 23:08:24,050 [WARNING] [진입유실 방지 자동보정] SHORT 1000PEPE/USDT:USDT exit=2026-08-02 02:52:29 미매칭수량=1969.00000000 orderID=61390079427 tradeID=None
2026-08-02 23:08:24,050 [WARNING] [진입유실 방지 자동보정] SHORT 1000PEPE/USDT:USDT exit=2026-08-02 09:25:39 미매칭수량=7585.00000000 orderID=61394822102 tradeID=None
2026-08-02 23:08:24,050 [WARNING] [진입유실 방지 자동보정] SHORT IDOL/USDT:USDT exit=2026-08-02 10:17:17 미매칭수량=445.00000000 orderID=523897304 tradeID=None
2026-08-02 23:08:24,241 [INFO] [상태] 잔고:$9.66 | 포지션:2개 | 스캔:12회 | 스캐너:ON
2026-08-02 23:08:27,226 [INFO] [SCAN] 완료: 30개 종목 · 신호 1개 · API 호출 30회 · 캐시 히트 0회
2026-08-02 23:08:27,323 [INFO] [PERSIST] SOL/USDT:USDT 포지션이 거래소에 존재하지 않음 (오프라인 청산 감지) → 상태 삭제
2026-08-02 23:08:27,324 [INFO] [PERSIST] 활성 포지션 상태 저장 완료
2026-08-02 23:08:27,417 [WARNING] [PROTECT GUARD] BNB/USDT:USDT LONG 보호주문 없음(무방비) → TP/SL 재무장 시도
2026-08-02 23:08:30,324 [ERROR] [PROTECT REARM] BNB/USDT:USDT long TP/SL 보호주문 재설정 실패: binance {"code":-4130,"msg":"An open stop or take profit order with GTE and closePosition in the direction is existing."}
2026-08-02 23:08:30,324 [ERROR] [PROTECT GUARD] BNB/USDT:USDT LONG 보호주문 재무장 실패 — 수동 확인 필요
2026-08-02 23:08:30,418 [WARNING] [PROTECT GUARD] BEAT/USDT:USDT SHORT 보호주문 없음(무방비) → TP/SL 재무장 시도
2026-08-02 23:08:33,330 [ERROR] [PROTECT REARM] BEAT/USDT:USDT short TP/SL 보호주문 재설정 실패: binance {"code":-4130,"msg":"An open stop or take profit order with GTE and closePosition in the direction is existing."}
2026-08-02 23:08:33,331 [ERROR] [PROTECT GUARD] BEAT/USDT:USDT SHORT 보호주문 재무장 실패 — 수동 확인 필요
2026-08-02 23:08:48,509 [INFO] [SCAN] 블랙리스트 5개 제외: ['IP/USDT:USDT', 'NES/USDT:USDT', 'WLD/USDT:USDT', 'XAG/USDT:USDT', 'XAU/USDT:USDT', 'XAUT/USDT:USDT']
2026-08-02 23:08:48,510 [INFO] [SCAN] 스캔 시작: 30개 페어 (캐시 30개 보유)
2026-08-02 23:08:54,279 [WARNING] [진입유실 방지 자동보정] LONG 1000SHIB/USDT:USDT exit=2026-07-27 04:30:21 미매칭수량=2189.00000000 orderID=31388901395 tradeID=None
2026-08-02 23:08:54,279 [WARNING] [진입유실 방지 자동보정] SHORT 1000SHIB/USDT:USDT exit=2026-07-27 07:36:19 미매칭수량=1348.00000000 orderID=31393184616 tradeID=None
2026-08-02 23:08:54,279 [WARNING] [진입유실 방지 자동보정] SHORT 1000SHIB/USDT:USDT exit=2026-07-27 11:51:02 미매칭수량=1844.00000000 orderID=31400541745 tradeID=None
2026-08-02 23:08:54,279 [WARNING] [진입유실 방지 자동보정] SHORT 1000SHIB/USDT:USDT exit=2026-07-28 06:12:27 미매칭수량=2192.00000000 orderID=31421063023 tradeID=None
2026-08-02 23:08:54,279 [WARNING] [진입유실 방지 자동보정] SHORT 1000SHIB/USDT:USDT exit=2026-08-02 01:13:53 미매칭수량=1073.00000000 orderID=31502817166 tradeID=None
2026-08-02 23:08:54,279 [WARNING] [진입유실 방지 자동보정] SHORT 1000SHIB/USDT:USDT exit=2026-08-02 02:01:20 미매칭수량=1074.00000000 orderID=31504220662 tradeID=None
2026-08-02 23:08:54,279 [WARNING] [진입유실 방지 자동보정] SHORT 1000SHIB/USDT:USDT exit=2026-08-02 09:45:32 미매칭수량=2285.00000000 orderID=31510623049 tradeID=None
2026-08-02 23:08:54,279 [WARNING] [진입유실 방지 자동보정] SHORT 1000SHIB/USDT:USDT exit=2026-08-02 10:35:19 미매칭수량=2280.00000000 orderID=31511192196 tradeID=None
2026-08-02 23:08:54,280 [WARNING] [진입유실 방지 자동보정] LONG DOGE/USDT:USDT exit=2026-07-28 09:50:41 미매칭수량=163.00000000 orderID=100915175009 tradeID=None
2026-08-02 23:08:54,280 [WARNING] [진입유실 방지 자동보정] SHORT DOGE/USDT:USDT exit=2026-07-28 20:36:48 미매칭수량=357.00000000 orderID=100925180835 tradeID=None
2026-08-02 23:08:54,280 [WARNING] [진입유실 방지 자동보정] SHORT DOGE/USDT:USDT exit=2026-07-28 23:00:41 미매칭수량=286.00000000 orderID=100927596061 tradeID=None
2026-08-02 23:08:54,280 [WARNING] [진입유실 방지 자동보정] SHORT DOGE/USDT:USDT exit=2026-07-30 20:51:14 미매칭수량=345.00000000 orderID=100976583122 tradeID=None
2026-08-02 23:08:54,280 [WARNING] [진입유실 방지 자동보정] SHORT DOGE/USDT:USDT exit=2026-07-31 10:01:31 미매칭수량=334.00000000 orderID=100988356319 tradeID=None
2026-08-02 23:08:54,280 [WARNING] [진입유실 방지 자동보정] SHORT DOGE/USDT:USDT exit=2026-08-01 18:02:18 미매칭수량=306.00000000 orderID=101015266902 tradeID=None
2026-08-02 23:08:54,280 [WARNING] [진입유실 방지 자동보정] LONG DOGE/USDT:USDT exit=2026-08-02 11:07:47 미매칭수량=259.00000000 orderID=101028099752 tradeID=None
2026-08-02 23:08:54,280 [WARNING] [진입유실 방지 자동보정] SHORT SOL/USDT:USDT exit=2026-07-29 22:32:08 미매칭수량=0.26000000 orderID=229957663104 tradeID=None
2026-08-02 23:08:54,280 [WARNING] [진입유실 방지 자동보정] LONG SOL/USDT:USDT exit=2026-07-30 02:59:19 미매칭수량=0.33000000 orderID=229996023316 tradeID=None
2026-08-02 23:08:54,280 [WARNING] [진입유실 방지 자동보정] LONG SOL/USDT:USDT exit=2026-07-30 03:32:08 미매칭수량=0.27000000 orderID=230002018782 tradeID=None
2026-08-02 23:08:54,280 [WARNING] [진입유실 방지 자동보정] SHORT SOL/USDT:USDT exit=2026-07-30 20:09:26 미매칭수량=0.32000000 orderID=230154249399 tradeID=None
2026-08-02 23:08:54,280 [WARNING] [진입유실 방지 자동보정] SHORT SOL/USDT:USDT exit=2026-07-30 20:37:48 미매칭수량=0.32000000 orderID=230157644550 tradeID=None
2026-08-02 23:08:54,280 [WARNING] [진입유실 방지 자동보정] SHORT SOL/USDT:USDT exit=2026-08-01 10:32:26 미매칭수량=0.29000000 orderID=230440972735 tradeID=None
2026-08-02 23:08:54,280 [WARNING] [진입유실 방지 자동보정] LONG SOL/USDT:USDT exit=2026-08-02 01:55:54 미매칭수량=0.25000000 orderID=230506472518 tradeID=None
2026-08-02 23:08:54,280 [WARNING] [진입유실 방지 자동보정] LONG SOL/USDT:USDT exit=2026-08-02 03:24:55 미매칭수량=0.20000000 orderID=230517041657 tradeID=None
2026-08-02 23:08:54,280 [WARNING] [진입유실 방지 자동보정] LONG XRP/USDT:USDT exit=2026-07-30 03:32:09 미매칭수량=14.70000000 orderID=154591436270 tradeID=None
2026-08-02 23:08:54,280 [WARNING] [진입유실 방지 자동보정] LONG XRP/USDT:USDT exit=2026-07-30 08:06:13 미매칭수량=18.50000000 orderID=154605732461 tradeID=None
2026-08-02 23:08:54,280 [WARNING] [진입유실 방지 자동보정] LONG XRP/USDT:USDT exit=2026-07-30 22:11:04 미매칭수량=17.50000000 orderID=154637963852 tradeID=None
2026-08-02 23:08:54,280 [WARNING] [진입유실 방지 자동보정] SHORT XRP/USDT:USDT exit=2026-07-31 15:18:55 미매칭수량=28.50000000 orderID=154681353788 tradeID=None
2026-08-02 23:08:54,280 [WARNING] [진입유실 방지 자동보정] LONG XRP/USDT:USDT exit=2026-08-02 07:48:27 미매칭수량=6.70000000 orderID=154765042288 tradeID=None
2026-08-02 23:08:54,280 [WARNING] [진입유실 방지 자동보정] LONG XRP/USDT:USDT exit=2026-08-02 08:25:19 미매칭수량=6.70000000 orderID=154766072211 tradeID=None
2026-08-02 23:08:54,280 [WARNING] [진입유실 방지 자동보정] LONG XRP/USDT:USDT exit=2026-08-02 11:07:15 미매칭수량=16.80000000 orderID=154770811661 tradeID=None
2026-08-02 23:08:54,280 [WARNING] [진입유실 방지 자동보정] SHORT 1000PEPE/USDT:USDT exit=2026-08-02 02:31:36 미매칭수량=1968.00000000 orderID=61389681657 tradeID=None
2026-08-02 23:08:54,280 [WARNING] [진입유실 방지 자동보정] SHORT 1000PEPE/USDT:USDT exit=2026-08-02 02:52:29 미매칭수량=1969.00000000 orderID=61390079427 tradeID=None
2026-08-02 23:08:54,280 [WARNING] [진입유실 방지 자동보정] SHORT 1000PEPE/USDT:USDT exit=2026-08-02 09:25:39 미매칭수량=7585.00000000 orderID=61394822102 tradeID=None
2026-08-02 23:08:54,280 [WARNING] [진입유실 방지 자동보정] SHORT IDOL/USDT:USDT exit=2026-08-02 10:17:17 미매칭수량=445.00000000 orderID=523897304 tradeID=None
2026-08-02 23:08:58,384 [INFO] [SIG] BNB/USDT:USDT SHORT 신호 포착 (강도 100%)
2026-08-02 23:08:58,385 [INFO] [SIGNAL] BNB/USDT:USDT SHORT 신호 수신 (strength=100)
2026-08-02 23:08:58,385 [INFO] [🐸 청개구리 역매매] 신호 방향 반전: SHORT ➡️ LONG
2026-08-02 23:08:58,575 [INFO] [RISK OK] BNB/USDT:USDT 리스크 체크 통과
2026-08-02 23:08:58,670 [INFO] [ENTRY BLOCK] BNB/USDT:USDT — 이미 포지션 보유 또는 진입 주문 전송 중
2026-08-02 23:09:03,042 [INFO] [SCAN] 완료: 30개 종목 · 신호 1개 · API 호출 30회 · 캐시 히트 0회
2026-08-02 23:09:18,223 [INFO] [SCAN] 블랙리스트 5개 제외: ['IP/USDT:USDT', 'NES/USDT:USDT', 'WLD/USDT:USDT', 'XAG/USDT:USDT', 'XAU/USDT:USDT', 'XAUT/USDT:USDT']
2026-08-02 23:09:18,224 [INFO] [SCAN] 스캔 시작: 30개 페어 (캐시 30개 보유)
2026-08-02 23:09:24,335 [WARNING] [진입유실 방지 자동보정] LONG 1000SHIB/USDT:USDT exit=2026-07-27 04:30:21 미매칭수량=2189.00000000 orderID=31388901395 tradeID=None
2026-08-02 23:09:24,335 [WARNING] [진입유실 방지 자동보정] SHORT 1000SHIB/USDT:USDT exit=2026-07-27 07:36:19 미매칭수량=1348.00000000 orderID=31393184616 tradeID=None
2026-08-02 23:09:24,335 [WARNING] [진입유실 방지 자동보정] SHORT 1000SHIB/USDT:USDT exit=2026-07-27 11:51:02 미매칭수량=1844.00000000 orderID=31400541745 tradeID=None
2026-08-02 23:09:24,335 [WARNING] [진입유실 방지 자동보정] SHORT 1000SHIB/USDT:USDT exit=2026-07-28 06:12:27 미매칭수량=2192.00000000 orderID=31421063023 tradeID=None
2026-08-02 23:09:24,335 [WARNING] [진입유실 방지 자동보정] SHORT 1000SHIB/USDT:USDT exit=2026-08-02 01:13:53 미매칭수량=1073.00000000 orderID=31502817166 tradeID=None
2026-08-02 23:09:24,335 [WARNING] [진입유실 방지 자동보정] SHORT 1000SHIB/USDT:USDT exit=2026-08-02 02:01:20 미매칭수량=1074.00000000 orderID=31504220662 tradeID=None
2026-08-02 23:09:24,335 [WARNING] [진입유실 방지 자동보정] SHORT 1000SHIB/USDT:USDT exit=2026-08-02 09:45:32 미매칭수량=2285.00000000 orderID=31510623049 tradeID=None
2026-08-02 23:09:24,335 [WARNING] [진입유실 방지 자동보정] SHORT 1000SHIB/USDT:USDT exit=2026-08-02 10:35:19 미매칭수량=2280.00000000 orderID=31511192196 tradeID=None
2026-08-02 23:09:24,335 [WARNING] [진입유실 방지 자동보정] LONG DOGE/USDT:USDT exit=2026-07-28 09:50:41 미매칭수량=163.00000000 orderID=100915175009 tradeID=None
2026-08-02 23:09:24,335 [WARNING] [진입유실 방지 자동보정] SHORT DOGE/USDT:USDT exit=2026-07-28 20:36:48 미매칭수량=357.00000000 orderID=100925180835 tradeID=None
2026-08-02 23:09:24,335 [WARNING] [진입유실 방지 자동보정] SHORT DOGE/USDT:USDT exit=2026-07-28 23:00:41 미매칭수량=286.00000000 orderID=100927596061 tradeID=None
2026-08-02 23:09:24,335 [WARNING] [진입유실 방지 자동보정] SHORT DOGE/USDT:USDT exit=2026-07-30 20:51:14 미매칭수량=345.00000000 orderID=100976583122 tradeID=None
2026-08-02 23:09:24,335 [WARNING] [진입유실 방지 자동보정] SHORT DOGE/USDT:USDT exit=2026-07-31 10:01:31 미매칭수량=334.00000000 orderID=100988356319 tradeID=None
2026-08-02 23:09:24,336 [WARNING] [진입유실 방지 자동보정] SHORT DOGE/USDT:USDT exit=2026-08-01 18:02:18 미매칭수량=306.00000000 orderID=101015266902 tradeID=None
2026-08-02 23:09:24,336 [WARNING] [진입유실 방지 자동보정] LONG DOGE/USDT:USDT exit=2026-08-02 11:07:47 미매칭수량=259.00000000 orderID=101028099752 tradeID=None
2026-08-02 23:09:24,336 [WARNING] [진입유실 방지 자동보정] SHORT SOL/USDT:USDT exit=2026-07-29 22:32:08 미매칭수량=0.26000000 orderID=229957663104 tradeID=None
2026-08-02 23:09:24,336 [WARNING] [진입유실 방지 자동보정] LONG SOL/USDT:USDT exit=2026-07-30 02:59:19 미매칭수량=0.33000000 orderID=229996023316 tradeID=None
2026-08-02 23:09:24,336 [WARNING] [진입유실 방지 자동보정] LONG SOL/USDT:USDT exit=2026-07-30 03:32:08 미매칭수량=0.27000000 orderID=230002018782 tradeID=None
2026-08-02 23:09:24,336 [WARNING] [진입유실 방지 자동보정] SHORT SOL/USDT:USDT exit=2026-07-30 20:09:26 미매칭수량=0.32000000 orderID=230154249399 tradeID=None
2026-08-02 23:09:24,336 [WARNING] [진입유실 방지 자동보정] SHORT SOL/USDT:USDT exit=2026-07-30 20:37:48 미매칭수량=0.32000000 orderID=230157644550 tradeID=None
2026-08-02 23:09:24,336 [WARNING] [진입유실 방지 자동보정] SHORT SOL/USDT:USDT exit=2026-08-01 10:32:26 미매칭수량=0.29000000 orderID=230440972735 tradeID=None
2026-08-02 23:09:24,336 [WARNING] [진입유실 방지 자동보정] LONG SOL/USDT:USDT exit=2026-08-02 01:55:54 미매칭수량=0.25000000 orderID=230506472518 tradeID=None
2026-08-02 23:09:24,336 [WARNING] [진입유실 방지 자동보정] LONG SOL/USDT:USDT exit=2026-08-02 03:24:55 미매칭수량=0.20000000 orderID=230517041657 tradeID=None
2026-08-02 23:09:24,336 [WARNING] [진입유실 방지 자동보정] LONG XRP/USDT:USDT exit=2026-07-30 03:32:09 미매칭수량=14.70000000 orderID=154591436270 tradeID=None
2026-08-02 23:09:24,336 [WARNING] [진입유실 방지 자동보정] LONG XRP/USDT:USDT exit=2026-07-30 08:06:13 미매칭수량=18.50000000 orderID=154605732461 tradeID=None
2026-08-02 23:09:24,336 [WARNING] [진입유실 방지 자동보정] LONG XRP/USDT:USDT exit=2026-07-30 22:11:04 미매칭수량=17.50000000 orderID=154637963852 tradeID=None
2026-08-02 23:09:24,336 [WARNING] [진입유실 방지 자동보정] SHORT XRP/USDT:USDT exit=2026-07-31 15:18:55 미매칭수량=28.50000000 orderID=154681353788 tradeID=None
2026-08-02 23:09:24,336 [WARNING] [진입유실 방지 자동보정] LONG XRP/USDT:USDT exit=2026-08-02 07:48:27 미매칭수량=6.70000000 orderID=154765042288 tradeID=None
2026-08-02 23:09:24,336 [WARNING] [진입유실 방지 자동보정] LONG XRP/USDT:USDT exit=2026-08-02 08:25:19 미매칭수량=6.70000000 orderID=154766072211 tradeID=None
2026-08-02 23:09:24,336 [WARNING] [진입유실 방지 자동보정] LONG XRP/USDT:USDT exit=2026-08-02 11:07:15 미매칭수량=16.80000000 orderID=154770811661 tradeID=None
2026-08-02 23:09:24,336 [WARNING] [진입유실 방지 자동보정] SHORT 1000PEPE/USDT:USDT exit=2026-08-02 02:31:36 미매칭수량=1968.00000000 orderID=61389681657 tradeID=None
2026-08-02 23:09:24,336 [WARNING] [진입유실 방지 자동보정] SHORT 1000PEPE/USDT:USDT exit=2026-08-02 02:52:29 미매칭수량=1969.00000000 orderID=61390079427 tradeID=None
2026-08-02 23:09:24,336 [WARNING] [진입유실 방지 자동보정] SHORT 1000PEPE/USDT:USDT exit=2026-08-02 09:25:39 미매칭수량=7585.00000000 orderID=61394822102 tradeID=None
2026-08-02 23:09:24,336 [WARNING] [진입유실 방지 자동보정] SHORT IDOL/USDT:USDT exit=2026-08-02 10:17:17 미매칭수량=445.00000000 orderID=523897304 tradeID=None
2026-08-02 23:09:24,547 [INFO] [상태] 잔고:$9.67 | 포지션:2개 | 스캔:14회 | 스캐너:ON
2026-08-02 23:09:28,238 [INFO] [SIG] BNB/USDT:USDT SHORT 신호 포착 (강도 100%)
2026-08-02 23:09:28,238 [INFO] [SIGNAL] BNB/USDT:USDT SHORT 신호 수신 (strength=100)
2026-08-02 23:09:28,238 [INFO] [🐸 청개구리 역매매] 신호 방향 반전: SHORT ➡️ LONG
2026-08-02 23:09:28,434 [INFO] [RISK OK] BNB/USDT:USDT 리스크 체크 통과
2026-08-02 23:09:28,532 [INFO] [ENTRY BLOCK] BNB/USDT:USDT — 이미 포지션 보유 또는 진입 주문 전송 중
2026-08-02 23:09:32,927 [INFO] [SCAN] 완료: 30개 종목 · 신호 1개 · API 호출 30회 · 캐시 히트 0회
2026-08-02 23:09:33,125 [WARNING] [PROTECT GUARD] BNB/USDT:USDT LONG 보호주문 없음(무방비) → TP/SL 재무장 시도
2026-08-02 23:09:36,039 [ERROR] [PROTECT REARM] BNB/USDT:USDT long TP/SL 보호주문 재설정 실패: binance {"code":-4130,"msg":"An open stop or take profit order with GTE and closePosition in the direction is existing."}
2026-08-02 23:09:36,039 [ERROR] [PROTECT GUARD] BNB/USDT:USDT LONG 보호주문 재무장 실패 — 수동 확인 필요
2026-08-02 23:09:36,133 [WARNING] [PROTECT GUARD] BEAT/USDT:USDT SHORT 보호주문 없음(무방비) → TP/SL 재무장 시도
2026-08-02 23:09:39,043 [ERROR] [PROTECT REARM] BEAT/USDT:USDT short TP/SL 보호주문 재설정 실패: binance {"code":-4130,"msg":"An open stop or take profit order with GTE and closePosition in the direction is existing."}
2026-08-02 23:09:39,044 [ERROR] [PROTECT GUARD] BEAT/USDT:USDT SHORT 보호주문 재무장 실패 — 수동 확인 필요
2026-08-02 23:09:54,216 [INFO] [SCAN] 블랙리스트 5개 제외: ['IP/USDT:USDT', 'NES/USDT:USDT', 'WLD/USDT:USDT', 'XAG/USDT:USDT', 'XAU/USDT:USDT', 'XAUT/USDT:USDT']
2026-08-02 23:09:54,216 [INFO] [SCAN] 스캔 시작: 30개 페어 (캐시 30개 보유)
2026-08-02 23:09:54,597 [WARNING] [진입유실 방지 자동보정] LONG 1000SHIB/USDT:USDT exit=2026-07-27 04:30:21 미매칭수량=2189.00000000 orderID=31388901395 tradeID=None
2026-08-02 23:09:54,597 [WARNING] [진입유실 방지 자동보정] SHORT 1000SHIB/USDT:USDT exit=2026-07-27 07:36:19 미매칭수량=1348.00000000 orderID=31393184616 tradeID=None
2026-08-02 23:09:54,597 [WARNING] [진입유실 방지 자동보정] SHORT 1000SHIB/USDT:USDT exit=2026-07-27 11:51:02 미매칭수량=1844.00000000 orderID=31400541745 tradeID=None
2026-08-02 23:09:54,597 [WARNING] [진입유실 방지 자동보정] SHORT 1000SHIB/USDT:USDT exit=2026-07-28 06:12:27 미매칭수량=2192.00000000 orderID=31421063023 tradeID=None
2026-08-02 23:09:54,598 [WARNING] [진입유실 방지 자동보정] SHORT 1000SHIB/USDT:USDT exit=2026-08-02 01:13:53 미매칭수량=1073.00000000 orderID=31502817166 tradeID=None
2026-08-02 23:09:54,598 [WARNING] [진입유실 방지 자동보정] SHORT 1000SHIB/USDT:USDT exit=2026-08-02 02:01:20 미매칭수량=1074.00000000 orderID=31504220662 tradeID=None
2026-08-02 23:09:54,598 [WARNING] [진입유실 방지 자동보정] SHORT 1000SHIB/USDT:USDT exit=2026-08-02 09:45:32 미매칭수량=2285.00000000 orderID=31510623049 tradeID=None
2026-08-02 23:09:54,598 [WARNING] [진입유실 방지 자동보정] SHORT 1000SHIB/USDT:USDT exit=2026-08-02 10:35:19 미매칭수량=2280.00000000 orderID=31511192196 tradeID=None
2026-08-02 23:09:54,598 [WARNING] [진입유실 방지 자동보정] LONG DOGE/USDT:USDT exit=2026-07-28 09:50:41 미매칭수량=163.00000000 orderID=100915175009 tradeID=None
2026-08-02 23:09:54,598 [WARNING] [진입유실 방지 자동보정] SHORT DOGE/USDT:USDT exit=2026-07-28 20:36:48 미매칭수량=357.00000000 orderID=100925180835 tradeID=None
2026-08-02 23:09:54,598 [WARNING] [진입유실 방지 자동보정] SHORT DOGE/USDT:USDT exit=2026-07-28 23:00:41 미매칭수량=286.00000000 orderID=100927596061 tradeID=None
2026-08-02 23:09:54,598 [WARNING] [진입유실 방지 자동보정] SHORT DOGE/USDT:USDT exit=2026-07-30 20:51:14 미매칭수량=345.00000000 orderID=100976583122 tradeID=None
2026-08-02 23:09:54,598 [WARNING] [진입유실 방지 자동보정] SHORT DOGE/USDT:USDT exit=2026-07-31 10:01:31 미매칭수량=334.00000000 orderID=100988356319 tradeID=None
2026-08-02 23:09:54,598 [WARNING] [진입유실 방지 자동보정] SHORT DOGE/USDT:USDT exit=2026-08-01 18:02:18 미매칭수량=306.00000000 orderID=101015266902 tradeID=None
2026-08-02 23:09:54,598 [WARNING] [진입유실 방지 자동보정] LONG DOGE/USDT:USDT exit=2026-08-02 11:07:47 미매칭수량=259.00000000 orderID=101028099752 tradeID=None
2026-08-02 23:09:54,598 [WARNING] [진입유실 방지 자동보정] SHORT SOL/USDT:USDT exit=2026-07-29 22:32:08 미매칭수량=0.26000000 orderID=229957663104 tradeID=None
2026-08-02 23:09:54,598 [WARNING] [진입유실 방지 자동보정] LONG SOL/USDT:USDT exit=2026-07-30 02:59:19 미매칭수량=0.33000000 orderID=229996023316 tradeID=None
2026-08-02 23:09:54,598 [WARNING] [진입유실 방지 자동보정] LONG SOL/USDT:USDT exit=2026-07-30 03:32:08 미매칭수량=0.27000000 orderID=230002018782 tradeID=None
2026-08-02 23:09:54,598 [WARNING] [진입유실 방지 자동보정] SHORT SOL/USDT:USDT exit=2026-07-30 20:09:26 미매칭수량=0.32000000 orderID=230154249399 tradeID=None
2026-08-02 23:09:54,598 [WARNING] [진입유실 방지 자동보정] SHORT SOL/USDT:USDT exit=2026-07-30 20:37:48 미매칭수량=0.32000000 orderID=230157644550 tradeID=None
2026-08-02 23:09:54,598 [WARNING] [진입유실 방지 자동보정] SHORT SOL/USDT:USDT exit=2026-08-01 10:32:26 미매칭수량=0.29000000 orderID=230440972735 tradeID=None
2026-08-02 23:09:54,598 [WARNING] [진입유실 방지 자동보정] LONG SOL/USDT:USDT exit=2026-08-02 01:55:54 미매칭수량=0.25000000 orderID=230506472518 tradeID=None
2026-08-02 23:09:54,598 [WARNING] [진입유실 방지 자동보정] LONG SOL/USDT:USDT exit=2026-08-02 03:24:55 미매칭수량=0.20000000 orderID=230517041657 tradeID=None
2026-08-02 23:09:54,598 [WARNING] [진입유실 방지 자동보정] LONG XRP/USDT:USDT exit=2026-07-30 03:32:09 미매칭수량=14.70000000 orderID=154591436270 tradeID=None
2026-08-02 23:09:54,599 [WARNING] [진입유실 방지 자동보정] LONG XRP/USDT:USDT exit=2026-07-30 08:06:13 미매칭수량=18.50000000 orderID=154605732461 tradeID=None
2026-08-02 23:09:54,599 [WARNING] [진입유실 방지 자동보정] LONG XRP/USDT:USDT exit=2026-07-30 22:11:04 미매칭수량=17.50000000 orderID=154637963852 tradeID=None
2026-08-02 23:09:54,599 [WARNING] [진입유실 방지 자동보정] SHORT XRP/USDT:USDT exit=2026-07-31 15:18:55 미매칭수량=28.50000000 orderID=154681353788 tradeID=None
2026-08-02 23:09:54,599 [WARNING] [진입유실 방지 자동보정] LONG XRP/USDT:USDT exit=2026-08-02 07:48:27 미매칭수량=6.70000000 orderID=154765042288 tradeID=None
2026-08-02 23:09:54,599 [WARNING] [진입유실 방지 자동보정] LONG XRP/USDT:USDT exit=2026-08-02 08:25:19 미매칭수량=6.70000000 orderID=154766072211 tradeID=None
2026-08-02 23:09:54,599 [WARNING] [진입유실 방지 자동보정] LONG XRP/USDT:USDT exit=2026-08-02 11:07:15 미매칭수량=16.80000000 orderID=154770811661 tradeID=None
2026-08-02 23:09:54,599 [WARNING] [진입유실 방지 자동보정] SHORT 1000PEPE/USDT:USDT exit=2026-08-02 02:31:36 미매칭수량=1968.00000000 orderID=61389681657 tradeID=None
2026-08-02 23:09:54,599 [WARNING] [진입유실 방지 자동보정] SHORT 1000PEPE/USDT:USDT exit=2026-08-02 02:52:29 미매칭수량=1969.00000000 orderID=61390079427 tradeID=None
2026-08-02 23:09:54,599 [WARNING] [진입유실 방지 자동보정] SHORT 1000PEPE/USDT:USDT exit=2026-08-02 09:25:39 미매칭수량=7585.00000000 orderID=61394822102 tradeID=None
2026-08-02 23:09:54,599 [WARNING] [진입유실 방지 자동보정] SHORT IDOL/USDT:USDT exit=2026-08-02 10:17:17 미매칭수량=445.00000000 orderID=523897304 tradeID=None
2026-08-02 23:10:08,554 [INFO] [SCAN] 완료: 30개 종목 · 신호 0개 · API 호출 30회 · 캐시 히트 0회
2026-08-02 23:10:23,750 [INFO] [SCAN] 블랙리스트 5개 제외: ['IP/USDT:USDT', 'NES/USDT:USDT', 'WLD/USDT:USDT', 'XAG/USDT:USDT', 'XAU/USDT:USDT', 'XAUT/USDT:USDT']
2026-08-02 23:10:23,751 [INFO] [SCAN] 스캔 시작: 30개 페어 (캐시 30개 보유)
2026-08-02 23:10:24,651 [WARNING] [진입유실 방지 자동보정] LONG 1000SHIB/USDT:USDT exit=2026-07-27 04:30:21 미매칭수량=2189.00000000 orderID=31388901395 tradeID=None
2026-08-02 23:10:24,651 [WARNING] [진입유실 방지 자동보정] SHORT 1000SHIB/USDT:USDT exit=2026-07-27 07:36:19 미매칭수량=1348.00000000 orderID=31393184616 tradeID=None
2026-08-02 23:10:24,651 [WARNING] [진입유실 방지 자동보정] SHORT 1000SHIB/USDT:USDT exit=2026-07-27 11:51:02 미매칭수량=1844.00000000 orderID=31400541745 tradeID=None
2026-08-02 23:10:24,651 [WARNING] [진입유실 방지 자동보정] SHORT 1000SHIB/USDT:USDT exit=2026-07-28 06:12:27 미매칭수량=2192.00000000 orderID=31421063023 tradeID=None
2026-08-02 23:10:24,651 [WARNING] [진입유실 방지 자동보정] SHORT 1000SHIB/USDT:USDT exit=2026-08-02 01:13:53 미매칭수량=1073.00000000 orderID=31502817166 tradeID=None
2026-08-02 23:10:24,651 [WARNING] [진입유실 방지 자동보정] SHORT 1000SHIB/USDT:USDT exit=2026-08-02 02:01:20 미매칭수량=1074.00000000 orderID=31504220662 tradeID=None
2026-08-02 23:10:24,651 [WARNING] [진입유실 방지 자동보정] SHORT 1000SHIB/USDT:USDT exit=2026-08-02 09:45:32 미매칭수량=2285.00000000 orderID=31510623049 tradeID=None
2026-08-02 23:10:24,651 [WARNING] [진입유실 방지 자동보정] SHORT 1000SHIB/USDT:USDT exit=2026-08-02 10:35:19 미매칭수량=2280.00000000 orderID=31511192196 tradeID=None
2026-08-02 23:10:24,651 [WARNING] [진입유실 방지 자동보정] LONG DOGE/USDT:USDT exit=2026-07-28 09:50:41 미매칭수량=163.00000000 orderID=100915175009 tradeID=None
2026-08-02 23:10:24,651 [WARNING] [진입유실 방지 자동보정] SHORT DOGE/USDT:USDT exit=2026-07-28 20:36:48 미매칭수량=357.00000000 orderID=100925180835 tradeID=None
2026-08-02 23:10:24,652 [WARNING] [진입유실 방지 자동보정] SHORT DOGE/USDT:USDT exit=2026-07-28 23:00:41 미매칭수량=286.00000000 orderID=100927596061 tradeID=None
2026-08-02 23:10:24,652 [WARNING] [진입유실 방지 자동보정] SHORT DOGE/USDT:USDT exit=2026-07-30 20:51:14 미매칭수량=345.00000000 orderID=100976583122 tradeID=None
2026-08-02 23:10:24,652 [WARNING] [진입유실 방지 자동보정] SHORT DOGE/USDT:USDT exit=2026-07-31 10:01:31 미매칭수량=334.00000000 orderID=100988356319 tradeID=None
2026-08-02 23:10:24,652 [WARNING] [진입유실 방지 자동보정] SHORT DOGE/USDT:USDT exit=2026-08-01 18:02:18 미매칭수량=306.00000000 orderID=101015266902 tradeID=None
2026-08-02 23:10:24,652 [WARNING] [진입유실 방지 자동보정] LONG DOGE/USDT:USDT exit=2026-08-02 11:07:47 미매칭수량=259.00000000 orderID=101028099752 tradeID=None
2026-08-02 23:10:24,652 [WARNING] [진입유실 방지 자동보정] SHORT SOL/USDT:USDT exit=2026-07-29 22:32:08 미매칭수량=0.26000000 orderID=229957663104 tradeID=None
2026-08-02 23:10:24,652 [WARNING] [진입유실 방지 자동보정] LONG SOL/USDT:USDT exit=2026-07-30 02:59:19 미매칭수량=0.33000000 orderID=229996023316 tradeID=None
2026-08-02 23:10:24,652 [WARNING] [진입유실 방지 자동보정] LONG SOL/USDT:USDT exit=2026-07-30 03:32:08 미매칭수량=0.27000000 orderID=230002018782 tradeID=None
2026-08-02 23:10:24,652 [WARNING] [진입유실 방지 자동보정] SHORT SOL/USDT:USDT exit=2026-07-30 20:09:26 미매칭수량=0.32000000 orderID=230154249399 tradeID=None
2026-08-02 23:10:24,652 [WARNING] [진입유실 방지 자동보정] SHORT SOL/USDT:USDT exit=2026-07-30 20:37:48 미매칭수량=0.32000000 orderID=230157644550 tradeID=None
2026-08-02 23:10:24,652 [WARNING] [진입유실 방지 자동보정] SHORT SOL/USDT:USDT exit=2026-08-01 10:32:26 미매칭수량=0.29000000 orderID=230440972735 tradeID=None
2026-08-02 23:10:24,652 [WARNING] [진입유실 방지 자동보정] LONG SOL/USDT:USDT exit=2026-08-02 01:55:54 미매칭수량=0.25000000 orderID=230506472518 tradeID=None
2026-08-02 23:10:24,652 [WARNING] [진입유실 방지 자동보정] LONG SOL/USDT:USDT exit=2026-08-02 03:24:55 미매칭수량=0.20000000 orderID=230517041657 tradeID=None
2026-08-02 23:10:24,652 [WARNING] [진입유실 방지 자동보정] LONG XRP/USDT:USDT exit=2026-07-30 03:32:09 미매칭수량=14.70000000 orderID=154591436270 tradeID=None
2026-08-02 23:10:24,652 [WARNING] [진입유실 방지 자동보정] LONG XRP/USDT:USDT exit=2026-07-30 08:06:13 미매칭수량=18.50000000 orderID=154605732461 tradeID=None
2026-08-02 23:10:24,652 [WARNING] [진입유실 방지 자동보정] LONG XRP/USDT:USDT exit=2026-07-30 22:11:04 미매칭수량=17.50000000 orderID=154637963852 tradeID=None
2026-08-02 23:10:24,652 [WARNING] [진입유실 방지 자동보정] SHORT XRP/USDT:USDT exit=2026-07-31 15:18:55 미매칭수량=28.50000000 orderID=154681353788 tradeID=None
2026-08-02 23:10:24,652 [WARNING] [진입유실 방지 자동보정] LONG XRP/USDT:USDT exit=2026-08-02 07:48:27 미매칭수량=6.70000000 orderID=154765042288 tradeID=None
2026-08-02 23:10:24,653 [WARNING] [진입유실 방지 자동보정] LONG XRP/USDT:USDT exit=2026-08-02 08:25:19 미매칭수량=6.70000000 orderID=154766072211 tradeID=None
2026-08-02 23:10:24,653 [WARNING] [진입유실 방지 자동보정] LONG XRP/USDT:USDT exit=2026-08-02 11:07:15 미매칭수량=16.80000000 orderID=154770811661 tradeID=None
2026-08-02 23:10:24,653 [WARNING] [진입유실 방지 자동보정] SHORT 1000PEPE/USDT:USDT exit=2026-08-02 02:31:36 미매칭수량=1968.00000000 orderID=61389681657 tradeID=None
2026-08-02 23:10:24,653 [WARNING] [진입유실 방지 자동보정] SHORT 1000PEPE/USDT:USDT exit=2026-08-02 02:52:29 미매칭수량=1969.00000000 orderID=61390079427 tradeID=None
2026-08-02 23:10:24,653 [WARNING] [진입유실 방지 자동보정] SHORT 1000PEPE/USDT:USDT exit=2026-08-02 09:25:39 미매칭수량=7585.00000000 orderID=61394822102 tradeID=None
2026-08-02 23:10:24,653 [WARNING] [진입유실 방지 자동보정] SHORT IDOL/USDT:USDT exit=2026-08-02 10:17:17 미매칭수량=445.00000000 orderID=523897304 tradeID=None
2026-08-02 23:10:25,947 [INFO] [상태] 잔고:$9.69 | 포지션:2개 | 스캔:16회 | 스캐너:ON
2026-08-02 23:10:38,120 [INFO] [SCAN] 완료: 30개 종목 · 신호 0개 · API 호출 30회 · 캐시 히트 0회
2026-08-02 23:10:38,325 [WARNING] [PROTECT GUARD] BNB/USDT:USDT LONG 보호주문 없음(무방비) → TP/SL 재무장 시도
2026-08-02 23:10:41,244 [ERROR] [PROTECT REARM] BNB/USDT:USDT long TP/SL 보호주문 재설정 실패: binance {"code":-4130,"msg":"An open stop or take profit order with GTE and closePosition in the direction is existing."}
2026-08-02 23:10:41,245 [ERROR] [PROTECT GUARD] BNB/USDT:USDT LONG 보호주문 재무장 실패 — 수동 확인 필요
2026-08-02 23:10:41,342 [WARNING] [PROTECT GUARD] BEAT/USDT:USDT SHORT 보호주문 없음(무방비) → TP/SL 재무장 시도
2026-08-02 23:10:44,277 [ERROR] [PROTECT REARM] BEAT/USDT:USDT short TP/SL 보호주문 재설정 실패: binance {"code":-4509,"msg":"Time in Force (TIF) GTE can only be used with open positions. Please ensure that positions are available."}
2026-08-02 23:10:44,278 [ERROR] [PROTECT GUARD] BEAT/USDT:USDT SHORT 보호주문 재무장 실패 — 수동 확인 필요
2026-08-02 23:10:56,000 [WARNING] [진입유실 방지 자동보정] LONG 1000SHIB/USDT:USDT exit=2026-07-27 04:30:21 미매칭수량=2189.00000000 orderID=31388901395 tradeID=None
2026-08-02 23:10:56,000 [WARNING] [진입유실 방지 자동보정] SHORT 1000SHIB/USDT:USDT exit=2026-07-27 07:36:19 미매칭수량=1348.00000000 orderID=31393184616 tradeID=None
2026-08-02 23:10:56,000 [WARNING] [진입유실 방지 자동보정] SHORT 1000SHIB/USDT:USDT exit=2026-07-27 11:51:02 미매칭수량=1844.00000000 orderID=31400541745 tradeID=None
2026-08-02 23:10:56,000 [WARNING] [진입유실 방지 자동보정] SHORT 1000SHIB/USDT:USDT exit=2026-07-28 06:12:27 미매칭수량=2192.00000000 orderID=31421063023 tradeID=None
2026-08-02 23:10:56,000 [WARNING] [진입유실 방지 자동보정] SHORT 1000SHIB/USDT:USDT exit=2026-08-02 01:13:53 미매칭수량=1073.00000000 orderID=31502817166 tradeID=None
2026-08-02 23:10:56,001 [WARNING] [진입유실 방지 자동보정] SHORT 1000SHIB/USDT:USDT exit=2026-08-02 02:01:20 미매칭수량=1074.00000000 orderID=31504220662 tradeID=None
2026-08-02 23:10:56,001 [WARNING] [진입유실 방지 자동보정] SHORT 1000SHIB/USDT:USDT exit=2026-08-02 09:45:32 미매칭수량=2285.00000000 orderID=31510623049 tradeID=None
2026-08-02 23:10:56,001 [WARNING] [진입유실 방지 자동보정] SHORT 1000SHIB/USDT:USDT exit=2026-08-02 10:35:19 미매칭수량=2280.00000000 orderID=31511192196 tradeID=None
2026-08-02 23:10:56,001 [WARNING] [진입유실 방지 자동보정] LONG DOGE/USDT:USDT exit=2026-07-28 09:50:41 미매칭수량=163.00000000 orderID=100915175009 tradeID=None
2026-08-02 23:10:56,001 [WARNING] [진입유실 방지 자동보정] SHORT DOGE/USDT:USDT exit=2026-07-28 20:36:48 미매칭수량=357.00000000 orderID=100925180835 tradeID=None
2026-08-02 23:10:56,001 [WARNING] [진입유실 방지 자동보정] SHORT DOGE/USDT:USDT exit=2026-07-28 23:00:41 미매칭수량=286.00000000 orderID=100927596061 tradeID=None
2026-08-02 23:10:56,001 [WARNING] [진입유실 방지 자동보정] SHORT DOGE/USDT:USDT exit=2026-07-30 20:51:14 미매칭수량=345.00000000 orderID=100976583122 tradeID=None
2026-08-02 23:10:56,001 [WARNING] [진입유실 방지 자동보정] SHORT DOGE/USDT:USDT exit=2026-07-31 10:01:31 미매칭수량=334.00000000 orderID=100988356319 tradeID=None
2026-08-02 23:10:56,001 [WARNING] [진입유실 방지 자동보정] SHORT DOGE/USDT:USDT exit=2026-08-01 18:02:18 미매칭수량=306.00000000 orderID=101015266902 tradeID=None
2026-08-02 23:10:56,001 [WARNING] [진입유실 방지 자동보정] LONG DOGE/USDT:USDT exit=2026-08-02 11:07:47 미매칭수량=259.00000000 orderID=101028099752 tradeID=None
2026-08-02 23:10:56,001 [WARNING] [진입유실 방지 자동보정] SHORT SOL/USDT:USDT exit=2026-07-29 22:32:08 미매칭수량=0.26000000 orderID=229957663104 tradeID=None
2026-08-02 23:10:56,001 [WARNING] [진입유실 방지 자동보정] LONG SOL/USDT:USDT exit=2026-07-30 02:59:19 미매칭수량=0.33000000 orderID=229996023316 tradeID=None
2026-08-02 23:10:56,001 [WARNING] [진입유실 방지 자동보정] LONG SOL/USDT:USDT exit=2026-07-30 03:32:08 미매칭수량=0.27000000 orderID=230002018782 tradeID=None
2026-08-02 23:10:56,001 [WARNING] [진입유실 방지 자동보정] SHORT SOL/USDT:USDT exit=2026-07-30 20:09:26 미매칭수량=0.32000000 orderID=230154249399 tradeID=None
2026-08-02 23:10:56,001 [WARNING] [진입유실 방지 자동보정] SHORT SOL/USDT:USDT exit=2026-07-30 20:37:48 미매칭수량=0.32000000 orderID=230157644550 tradeID=None
2026-08-02 23:10:56,001 [WARNING] [진입유실 방지 자동보정] SHORT SOL/USDT:USDT exit=2026-08-01 10:32:26 미매칭수량=0.29000000 orderID=230440972735 tradeID=None
2026-08-02 23:10:56,001 [WARNING] [진입유실 방지 자동보정] LONG SOL/USDT:USDT exit=2026-08-02 01:55:54 미매칭수량=0.25000000 orderID=230506472518 tradeID=None
2026-08-02 23:10:56,001 [WARNING] [진입유실 방지 자동보정] LONG SOL/USDT:USDT exit=2026-08-02 03:24:55 미매칭수량=0.20000000 orderID=230517041657 tradeID=None
2026-08-02 23:10:56,002 [WARNING] [진입유실 방지 자동보정] LONG XRP/USDT:USDT exit=2026-07-30 03:32:09 미매칭수량=14.70000000 orderID=154591436270 tradeID=None
2026-08-02 23:10:56,002 [WARNING] [진입유실 방지 자동보정] LONG XRP/USDT:USDT exit=2026-07-30 08:06:13 미매칭수량=18.50000000 orderID=154605732461 tradeID=None
2026-08-02 23:10:56,002 [WARNING] [진입유실 방지 자동보정] LONG XRP/USDT:USDT exit=2026-07-30 22:11:04 미매칭수량=17.50000000 orderID=154637963852 tradeID=None
2026-08-02 23:10:56,002 [WARNING] [진입유실 방지 자동보정] SHORT XRP/USDT:USDT exit=2026-07-31 15:18:55 미매칭수량=28.50000000 orderID=154681353788 tradeID=None
2026-08-02 23:10:56,002 [WARNING] [진입유실 방지 자동보정] LONG XRP/USDT:USDT exit=2026-08-02 07:48:27 미매칭수량=6.70000000 orderID=154765042288 tradeID=None
2026-08-02 23:10:56,002 [WARNING] [진입유실 방지 자동보정] LONG XRP/USDT:USDT exit=2026-08-02 08:25:19 미매칭수량=6.70000000 orderID=154766072211 tradeID=None
2026-08-02 23:10:56,002 [WARNING] [진입유실 방지 자동보정] LONG XRP/USDT:USDT exit=2026-08-02 11:07:15 미매칭수량=16.80000000 orderID=154770811661 tradeID=None
2026-08-02 23:10:56,002 [WARNING] [진입유실 방지 자동보정] SHORT 1000PEPE/USDT:USDT exit=2026-08-02 02:31:36 미매칭수량=1968.00000000 orderID=61389681657 tradeID=None
2026-08-02 23:10:56,002 [WARNING] [진입유실 방지 자동보정] SHORT 1000PEPE/USDT:USDT exit=2026-08-02 02:52:29 미매칭수량=1969.00000000 orderID=61390079427 tradeID=None
2026-08-02 23:10:56,002 [WARNING] [진입유실 방지 자동보정] SHORT 1000PEPE/USDT:USDT exit=2026-08-02 09:25:39 미매칭수량=7585.00000000 orderID=61394822102 tradeID=None
2026-08-02 23:10:56,002 [WARNING] [진입유실 방지 자동보정] SHORT IDOL/USDT:USDT exit=2026-08-02 10:17:17 미매칭수량=445.00000000 orderID=523897304 tradeID=None
2026-08-02 23:10:59,464 [INFO] [SCAN] 블랙리스트 5개 제외: ['IP/USDT:USDT', 'NES/USDT:USDT', 'WLD/USDT:USDT', 'XAG/USDT:USDT', 'XAU/USDT:USDT', 'XAUT/USDT:USDT']
2026-08-02 23:10:59,464 [INFO] [SCAN] 스캔 시작: 30개 페어 (캐시 30개 보유)
2026-08-02 23:11:13,728 [INFO] [SCAN] 완료: 30개 종목 · 신호 0개 · API 호출 30회 · 캐시 히트 0회
2026-08-02 23:11:26,059 [WARNING] [진입유실 방지 자동보정] LONG 1000SHIB/USDT:USDT exit=2026-07-27 04:30:21 미매칭수량=2189.00000000 orderID=31388901395 tradeID=None
2026-08-02 23:11:26,059 [WARNING] [진입유실 방지 자동보정] SHORT 1000SHIB/USDT:USDT exit=2026-07-27 07:36:19 미매칭수량=1348.00000000 orderID=31393184616 tradeID=None
2026-08-02 23:11:26,059 [WARNING] [진입유실 방지 자동보정] SHORT 1000SHIB/USDT:USDT exit=2026-07-27 11:51:02 미매칭수량=1844.00000000 orderID=31400541745 tradeID=None
2026-08-02 23:11:26,059 [WARNING] [진입유실 방지 자동보정] SHORT 1000SHIB/USDT:USDT exit=2026-07-28 06:12:27 미매칭수량=2192.00000000 orderID=31421063023 tradeID=None
2026-08-02 23:11:26,059 [WARNING] [진입유실 방지 자동보정] SHORT 1000SHIB/USDT:USDT exit=2026-08-02 01:13:53 미매칭수량=1073.00000000 orderID=31502817166 tradeID=None
2026-08-02 23:11:26,059 [WARNING] [진입유실 방지 자동보정] SHORT 1000SHIB/USDT:USDT exit=2026-08-02 02:01:20 미매칭수량=1074.00000000 orderID=31504220662 tradeID=None
2026-08-02 23:11:26,059 [WARNING] [진입유실 방지 자동보정] SHORT 1000SHIB/USDT:USDT exit=2026-08-02 09:45:32 미매칭수량=2285.00000000 orderID=31510623049 tradeID=None
2026-08-02 23:11:26,059 [WARNING] [진입유실 방지 자동보정] SHORT 1000SHIB/USDT:USDT exit=2026-08-02 10:35:19 미매칭수량=2280.00000000 orderID=31511192196 tradeID=None
2026-08-02 23:11:26,060 [WARNING] [진입유실 방지 자동보정] LONG DOGE/USDT:USDT exit=2026-07-28 09:50:41 미매칭수량=163.00000000 orderID=100915175009 tradeID=None
2026-08-02 23:11:26,060 [WARNING] [진입유실 방지 자동보정] SHORT DOGE/USDT:USDT exit=2026-07-28 20:36:48 미매칭수량=357.00000000 orderID=100925180835 tradeID=None
2026-08-02 23:11:26,060 [WARNING] [진입유실 방지 자동보정] SHORT DOGE/USDT:USDT exit=2026-07-28 23:00:41 미매칭수량=286.00000000 orderID=100927596061 tradeID=None
2026-08-02 23:11:26,060 [WARNING] [진입유실 방지 자동보정] SHORT DOGE/USDT:USDT exit=2026-07-30 20:51:14 미매칭수량=345.00000000 orderID=100976583122 tradeID=None
2026-08-02 23:11:26,060 [WARNING] [진입유실 방지 자동보정] SHORT DOGE/USDT:USDT exit=2026-07-31 10:01:31 미매칭수량=334.00000000 orderID=100988356319 tradeID=None
2026-08-02 23:11:26,060 [WARNING] [진입유실 방지 자동보정] SHORT DOGE/USDT:USDT exit=2026-08-01 18:02:18 미매칭수량=306.00000000 orderID=101015266902 tradeID=None
2026-08-02 23:11:26,060 [WARNING] [진입유실 방지 자동보정] LONG DOGE/USDT:USDT exit=2026-08-02 11:07:47 미매칭수량=259.00000000 orderID=101028099752 tradeID=None
2026-08-02 23:11:26,060 [WARNING] [진입유실 방지 자동보정] SHORT SOL/USDT:USDT exit=2026-07-29 22:32:08 미매칭수량=0.26000000 orderID=229957663104 tradeID=None
2026-08-02 23:11:26,060 [WARNING] [진입유실 방지 자동보정] LONG SOL/USDT:USDT exit=2026-07-30 02:59:19 미매칭수량=0.33000000 orderID=229996023316 tradeID=None
2026-08-02 23:11:26,060 [WARNING] [진입유실 방지 자동보정] LONG SOL/USDT:USDT exit=2026-07-30 03:32:08 미매칭수량=0.27000000 orderID=230002018782 tradeID=None
2026-08-02 23:11:26,060 [WARNING] [진입유실 방지 자동보정] SHORT SOL/USDT:USDT exit=2026-07-30 20:09:26 미매칭수량=0.32000000 orderID=230154249399 tradeID=None
2026-08-02 23:11:26,060 [WARNING] [진입유실 방지 자동보정] SHORT SOL/USDT:USDT exit=2026-07-30 20:37:48 미매칭수량=0.32000000 orderID=230157644550 tradeID=None
2026-08-02 23:11:26,060 [WARNING] [진입유실 방지 자동보정] SHORT SOL/USDT:USDT exit=2026-08-01 10:32:26 미매칭수량=0.29000000 orderID=230440972735 tradeID=None
2026-08-02 23:11:26,060 [WARNING] [진입유실 방지 자동보정] LONG SOL/USDT:USDT exit=2026-08-02 01:55:54 미매칭수량=0.25000000 orderID=230506472518 tradeID=None
2026-08-02 23:11:26,060 [WARNING] [진입유실 방지 자동보정] LONG SOL/USDT:USDT exit=2026-08-02 03:24:55 미매칭수량=0.20000000 orderID=230517041657 tradeID=None
2026-08-02 23:11:26,060 [WARNING] [진입유실 방지 자동보정] LONG XRP/USDT:USDT exit=2026-07-30 03:32:09 미매칭수량=14.70000000 orderID=154591436270 tradeID=None
2026-08-02 23:11:26,060 [WARNING] [진입유실 방지 자동보정] LONG XRP/USDT:USDT exit=2026-07-30 08:06:13 미매칭수량=18.50000000 orderID=154605732461 tradeID=None
2026-08-02 23:11:26,060 [WARNING] [진입유실 방지 자동보정] LONG XRP/USDT:USDT exit=2026-07-30 22:11:04 미매칭수량=17.50000000 orderID=154637963852 tradeID=None
2026-08-02 23:11:26,060 [WARNING] [진입유실 방지 자동보정] SHORT XRP/USDT:USDT exit=2026-07-31 15:18:55 미매칭수량=28.50000000 orderID=154681353788 tradeID=None
2026-08-02 23:11:26,060 [WARNING] [진입유실 방지 자동보정] LONG XRP/USDT:USDT exit=2026-08-02 07:48:27 미매칭수량=6.70000000 orderID=154765042288 tradeID=None
2026-08-02 23:11:26,060 [WARNING] [진입유실 방지 자동보정] LONG XRP/USDT:USDT exit=2026-08-02 08:25:19 미매칭수량=6.70000000 orderID=154766072211 tradeID=None
2026-08-02 23:11:26,060 [WARNING] [진입유실 방지 자동보정] LONG XRP/USDT:USDT exit=2026-08-02 11:07:15 미매칭수량=16.80000000 orderID=154770811661 tradeID=None
2026-08-02 23:11:26,060 [WARNING] [진입유실 방지 자동보정] SHORT 1000PEPE/USDT:USDT exit=2026-08-02 02:31:36 미매칭수량=1968.00000000 orderID=61389681657 tradeID=None
2026-08-02 23:11:26,060 [WARNING] [진입유실 방지 자동보정] SHORT 1000PEPE/USDT:USDT exit=2026-08-02 02:52:29 미매칭수량=1969.00000000 orderID=61390079427 tradeID=None
2026-08-02 23:11:26,061 [WARNING] [진입유실 방지 자동보정] SHORT 1000PEPE/USDT:USDT exit=2026-08-02 09:25:39 미매칭수량=7585.00000000 orderID=61394822102 tradeID=None
2026-08-02 23:11:26,061 [WARNING] [진입유실 방지 자동보정] SHORT IDOL/USDT:USDT exit=2026-08-02 10:17:17 미매칭수량=445.00000000 orderID=523897304 tradeID=None
2026-08-02 23:11:26,252 [INFO] [상태] 잔고:$9.70 | 포지션:1개 | 스캔:18회 | 스캐너:ON
2026-08-02 23:11:28,870 [INFO] [SCAN] 블랙리스트 5개 제외: ['IP/USDT:USDT', 'NES/USDT:USDT', 'WLD/USDT:USDT', 'XAG/USDT:USDT', 'XAU/USDT:USDT', 'XAUT/USDT:USDT']
2026-08-02 23:11:28,871 [INFO] [SCAN] 스캔 시작: 30개 페어 (캐시 30개 보유)
2026-08-02 23:11:42,831 [INFO] [CACHE] AVAX/USDT:USDT 초기 로드 300봉
2026-08-02 23:11:43,340 [INFO] [SCAN] 완료: 30개 종목 · 신호 0개 · API 호출 30회 · 캐시 히트 0회
2026-08-02 23:11:43,486 [INFO] [PERSIST] BEAT/USDT:USDT 포지션이 거래소에 존재하지 않음 (오프라인 청산 감지) → 상태 삭제
2026-08-02 23:11:43,487 [INFO] [PERSIST] 활성 포지션 상태 저장 완료
2026-08-02 23:11:43,583 [WARNING] [PROTECT GUARD] BNB/USDT:USDT LONG 보호주문 없음(무방비) → TP/SL 재무장 시도
2026-08-02 23:11:46,503 [ERROR] [PROTECT REARM] BNB/USDT:USDT long TP/SL 보호주문 재설정 실패: binance {"code":-4130,"msg":"An open stop or take profit order with GTE and closePosition in the direction is existing."}
2026-08-02 23:11:46,503 [ERROR] [PROTECT GUARD] BNB/USDT:USDT LONG 보호주문 재무장 실패 — 수동 확인 필요
2026-08-02 23:11:56,301 [WARNING] [진입유실 방지 자동보정] LONG 1000SHIB/USDT:USDT exit=2026-07-27 04:30:21 미매칭수량=2189.00000000 orderID=31388901395 tradeID=None
2026-08-02 23:11:56,301 [WARNING] [진입유실 방지 자동보정] SHORT 1000SHIB/USDT:USDT exit=2026-07-27 07:36:19 미매칭수량=1348.00000000 orderID=31393184616 tradeID=None
2026-08-02 23:11:56,301 [WARNING] [진입유실 방지 자동보정] SHORT 1000SHIB/USDT:USDT exit=2026-07-27 11:51:02 미매칭수량=1844.00000000 orderID=31400541745 tradeID=None
2026-08-02 23:11:56,301 [WARNING] [진입유실 방지 자동보정] SHORT 1000SHIB/USDT:USDT exit=2026-07-28 06:12:27 미매칭수량=2192.00000000 orderID=31421063023 tradeID=None
2026-08-02 23:11:56,301 [WARNING] [진입유실 방지 자동보정] SHORT 1000SHIB/USDT:USDT exit=2026-08-02 01:13:53 미매칭수량=1073.00000000 orderID=31502817166 tradeID=None
2026-08-02 23:11:56,301 [WARNING] [진입유실 방지 자동보정] SHORT 1000SHIB/USDT:USDT exit=2026-08-02 02:01:20 미매칭수량=1074.00000000 orderID=31504220662 tradeID=None
2026-08-02 23:11:56,301 [WARNING] [진입유실 방지 자동보정] SHORT 1000SHIB/USDT:USDT exit=2026-08-02 09:45:32 미매칭수량=2285.00000000 orderID=31510623049 tradeID=None
2026-08-02 23:11:56,301 [WARNING] [진입유실 방지 자동보정] SHORT 1000SHIB/USDT:USDT exit=2026-08-02 10:35:19 미매칭수량=2280.00000000 orderID=31511192196 tradeID=None
2026-08-02 23:11:56,301 [WARNING] [진입유실 방지 자동보정] LONG DOGE/USDT:USDT exit=2026-07-28 09:50:41 미매칭수량=163.00000000 orderID=100915175009 tradeID=None
2026-08-02 23:11:56,301 [WARNING] [진입유실 방지 자동보정] SHORT DOGE/USDT:USDT exit=2026-07-28 20:36:48 미매칭수량=357.00000000 orderID=100925180835 tradeID=None
2026-08-02 23:11:56,301 [WARNING] [진입유실 방지 자동보정] SHORT DOGE/USDT:USDT exit=2026-07-28 23:00:41 미매칭수량=286.00000000 orderID=100927596061 tradeID=None
2026-08-02 23:11:56,301 [WARNING] [진입유실 방지 자동보정] SHORT DOGE/USDT:USDT exit=2026-07-30 20:51:14 미매칭수량=345.00000000 orderID=100976583122 tradeID=None
2026-08-02 23:11:56,301 [WARNING] [진입유실 방지 자동보정] SHORT DOGE/USDT:USDT exit=2026-07-31 10:01:31 미매칭수량=334.00000000 orderID=100988356319 tradeID=None
2026-08-02 23:11:56,302 [WARNING] [진입유실 방지 자동보정] SHORT DOGE/USDT:USDT exit=2026-08-01 18:02:18 미매칭수량=306.00000000 orderID=101015266902 tradeID=None
2026-08-02 23:11:56,302 [WARNING] [진입유실 방지 자동보정] LONG DOGE/USDT:USDT exit=2026-08-02 11:07:47 미매칭수량=259.00000000 orderID=101028099752 tradeID=None
2026-08-02 23:11:56,302 [WARNING] [진입유실 방지 자동보정] SHORT SOL/USDT:USDT exit=2026-07-29 22:32:08 미매칭수량=0.26000000 orderID=229957663104 tradeID=None
2026-08-02 23:11:56,302 [WARNING] [진입유실 방지 자동보정] LONG SOL/USDT:USDT exit=2026-07-30 02:59:19 미매칭수량=0.33000000 orderID=229996023316 tradeID=None
2026-08-02 23:11:56,302 [WARNING] [진입유실 방지 자동보정] LONG SOL/USDT:USDT exit=2026-07-30 03:32:08 미매칭수량=0.27000000 orderID=230002018782 tradeID=None
2026-08-02 23:11:56,302 [WARNING] [진입유실 방지 자동보정] SHORT SOL/USDT:USDT exit=2026-07-30 20:09:26 미매칭수량=0.32000000 orderID=230154249399 tradeID=None
2026-08-02 23:11:56,302 [WARNING] [진입유실 방지 자동보정] SHORT SOL/USDT:USDT exit=2026-07-30 20:37:48 미매칭수량=0.32000000 orderID=230157644550 tradeID=None
2026-08-02 23:11:56,302 [WARNING] [진입유실 방지 자동보정] SHORT SOL/USDT:USDT exit=2026-08-01 10:32:26 미매칭수량=0.29000000 orderID=230440972735 tradeID=None
2026-08-02 23:11:56,302 [WARNING] [진입유실 방지 자동보정] LONG SOL/USDT:USDT exit=2026-08-02 01:55:54 미매칭수량=0.25000000 orderID=230506472518 tradeID=None
2026-08-02 23:11:56,302 [WARNING] [진입유실 방지 자동보정] LONG SOL/USDT:USDT exit=2026-08-02 03:24:55 미매칭수량=0.20000000 orderID=230517041657 tradeID=None
2026-08-02 23:11:56,302 [WARNING] [진입유실 방지 자동보정] LONG XRP/USDT:USDT exit=2026-07-30 03:32:09 미매칭수량=14.70000000 orderID=154591436270 tradeID=None
2026-08-02 23:11:56,302 [WARNING] [진입유실 방지 자동보정] LONG XRP/USDT:USDT exit=2026-07-30 08:06:13 미매칭수량=18.50000000 orderID=154605732461 tradeID=None
2026-08-02 23:11:56,302 [WARNING] [진입유실 방지 자동보정] LONG XRP/USDT:USDT exit=2026-07-30 22:11:04 미매칭수량=17.50000000 orderID=154637963852 tradeID=None
2026-08-02 23:11:56,302 [WARNING] [진입유실 방지 자동보정] SHORT XRP/USDT:USDT exit=2026-07-31 15:18:55 미매칭수량=28.50000000 orderID=154681353788 tradeID=None
2026-08-02 23:11:56,302 [WARNING] [진입유실 방지 자동보정] LONG XRP/USDT:USDT exit=2026-08-02 07:48:27 미매칭수량=6.70000000 orderID=154765042288 tradeID=None
2026-08-02 23:11:56,302 [WARNING] [진입유실 방지 자동보정] LONG XRP/USDT:USDT exit=2026-08-02 08:25:19 미매칭수량=6.70000000 orderID=154766072211 tradeID=None
2026-08-02 23:11:56,302 [WARNING] [진입유실 방지 자동보정] LONG XRP/USDT:USDT exit=2026-08-02 11:07:15 미매칭수량=16.80000000 orderID=154770811661 tradeID=None
2026-08-02 23:11:56,302 [WARNING] [진입유실 방지 자동보정] SHORT 1000PEPE/USDT:USDT exit=2026-08-02 02:31:36 미매칭수량=1968.00000000 orderID=61389681657 tradeID=None
2026-08-02 23:11:56,302 [WARNING] [진입유실 방지 자동보정] SHORT 1000PEPE/USDT:USDT exit=2026-08-02 02:52:29 미매칭수량=1969.00000000 orderID=61390079427 tradeID=None
2026-08-02 23:11:56,302 [WARNING] [진입유실 방지 자동보정] SHORT 1000PEPE/USDT:USDT exit=2026-08-02 09:25:39 미매칭수량=7585.00000000 orderID=61394822102 tradeID=None
2026-08-02 23:11:56,302 [WARNING] [진입유실 방지 자동보정] SHORT IDOL/USDT:USDT exit=2026-08-02 10:17:17 미매칭수량=445.00000000 orderID=523897304 tradeID=None
2026-08-02 23:12:01,681 [INFO] [SCAN] 블랙리스트 5개 제외: ['IP/USDT:USDT', 'NES/USDT:USDT', 'WLD/USDT:USDT', 'XAG/USDT:USDT', 'XAU/USDT:USDT', 'XAUT/USDT:USDT']
2026-08-02 23:12:01,684 [INFO] [SCAN] 스캔 시작: 30개 페어 (캐시 31개 보유)
2026-08-02 23:12:15,875 [INFO] [SCAN] 완료: 30개 종목 · 신호 0개 · API 호출 30회 · 캐시 히트 0회
2026-08-02 23:12:26,360 [WARNING] [진입유실 방지 자동보정] LONG 1000SHIB/USDT:USDT exit=2026-07-27 04:30:21 미매칭수량=2189.00000000 orderID=31388901395 tradeID=None
2026-08-02 23:12:26,360 [WARNING] [진입유실 방지 자동보정] SHORT 1000SHIB/USDT:USDT exit=2026-07-27 07:36:19 미매칭수량=1348.00000000 orderID=31393184616 tradeID=None
2026-08-02 23:12:26,360 [WARNING] [진입유실 방지 자동보정] SHORT 1000SHIB/USDT:USDT exit=2026-07-27 11:51:02 미매칭수량=1844.00000000 orderID=31400541745 tradeID=None
2026-08-02 23:12:26,360 [WARNING] [진입유실 방지 자동보정] SHORT 1000SHIB/USDT:USDT exit=2026-07-28 06:12:27 미매칭수량=2192.00000000 orderID=31421063023 tradeID=None
2026-08-02 23:12:26,360 [WARNING] [진입유실 방지 자동보정] SHORT 1000SHIB/USDT:USDT exit=2026-08-02 01:13:53 미매칭수량=1073.00000000 orderID=31502817166 tradeID=None
2026-08-02 23:12:26,360 [WARNING] [진입유실 방지 자동보정] SHORT 1000SHIB/USDT:USDT exit=2026-08-02 02:01:20 미매칭수량=1074.00000000 orderID=31504220662 tradeID=None
2026-08-02 23:12:26,360 [WARNING] [진입유실 방지 자동보정] SHORT 1000SHIB/USDT:USDT exit=2026-08-02 09:45:32 미매칭수량=2285.00000000 orderID=31510623049 tradeID=None
2026-08-02 23:12:26,360 [WARNING] [진입유실 방지 자동보정] SHORT 1000SHIB/USDT:USDT exit=2026-08-02 10:35:19 미매칭수량=2280.00000000 orderID=31511192196 tradeID=None
2026-08-02 23:12:26,360 [WARNING] [진입유실 방지 자동보정] LONG DOGE/USDT:USDT exit=2026-07-28 09:50:41 미매칭수량=163.00000000 orderID=100915175009 tradeID=None
2026-08-02 23:12:26,360 [WARNING] [진입유실 방지 자동보정] SHORT DOGE/USDT:USDT exit=2026-07-28 20:36:48 미매칭수량=357.00000000 orderID=100925180835 tradeID=None
2026-08-02 23:12:26,361 [WARNING] [진입유실 방지 자동보정] SHORT DOGE/USDT:USDT exit=2026-07-28 23:00:41 미매칭수량=286.00000000 orderID=100927596061 tradeID=None
2026-08-02 23:12:26,361 [WARNING] [진입유실 방지 자동보정] SHORT DOGE/USDT:USDT exit=2026-07-30 20:51:14 미매칭수량=345.00000000 orderID=100976583122 tradeID=None
2026-08-02 23:12:26,361 [WARNING] [진입유실 방지 자동보정] SHORT DOGE/USDT:USDT exit=2026-07-31 10:01:31 미매칭수량=334.00000000 orderID=100988356319 tradeID=None
2026-08-02 23:12:26,361 [WARNING] [진입유실 방지 자동보정] SHORT DOGE/USDT:USDT exit=2026-08-01 18:02:18 미매칭수량=306.00000000 orderID=101015266902 tradeID=None
2026-08-02 23:12:26,361 [WARNING] [진입유실 방지 자동보정] LONG DOGE/USDT:USDT exit=2026-08-02 11:07:47 미매칭수량=259.00000000 orderID=101028099752 tradeID=None
2026-08-02 23:12:26,361 [WARNING] [진입유실 방지 자동보정] SHORT SOL/USDT:USDT exit=2026-07-29 22:32:08 미매칭수량=0.26000000 orderID=229957663104 tradeID=None
2026-08-02 23:12:26,361 [WARNING] [진입유실 방지 자동보정] LONG SOL/USDT:USDT exit=2026-07-30 02:59:19 미매칭수량=0.33000000 orderID=229996023316 tradeID=None
2026-08-02 23:12:26,361 [WARNING] [진입유실 방지 자동보정] LONG SOL/USDT:USDT exit=2026-07-30 03:32:08 미매칭수량=0.27000000 orderID=230002018782 tradeID=None
2026-08-02 23:12:26,361 [WARNING] [진입유실 방지 자동보정] SHORT SOL/USDT:USDT exit=2026-07-30 20:09:26 미매칭수량=0.32000000 orderID=230154249399 tradeID=None
2026-08-02 23:12:26,361 [WARNING] [진입유실 방지 자동보정] SHORT SOL/USDT:USDT exit=2026-07-30 20:37:48 미매칭수량=0.32000000 orderID=230157644550 tradeID=None
2026-08-02 23:12:26,361 [WARNING] [진입유실 방지 자동보정] SHORT SOL/USDT:USDT exit=2026-08-01 10:32:26 미매칭수량=0.29000000 orderID=230440972735 tradeID=None
2026-08-02 23:12:26,361 [WARNING] [진입유실 방지 자동보정] LONG SOL/USDT:USDT exit=2026-08-02 01:55:54 미매칭수량=0.25000000 orderID=230506472518 tradeID=None
2026-08-02 23:12:26,361 [WARNING] [진입유실 방지 자동보정] LONG SOL/USDT:USDT exit=2026-08-02 03:24:55 미매칭수량=0.20000000 orderID=230517041657 tradeID=None
2026-08-02 23:12:26,361 [WARNING] [진입유실 방지 자동보정] LONG XRP/USDT:USDT exit=2026-07-30 03:32:09 미매칭수량=14.70000000 orderID=154591436270 tradeID=None
2026-08-02 23:12:26,361 [WARNING] [진입유실 방지 자동보정] LONG XRP/USDT:USDT exit=2026-07-30 08:06:13 미매칭수량=18.50000000 orderID=154605732461 tradeID=None
2026-08-02 23:12:26,361 [WARNING] [진입유실 방지 자동보정] LONG XRP/USDT:USDT exit=2026-07-30 22:11:04 미매칭수량=17.50000000 orderID=154637963852 tradeID=None
2026-08-02 23:12:26,361 [WARNING] [진입유실 방지 자동보정] SHORT XRP/USDT:USDT exit=2026-07-31 15:18:55 미매칭수량=28.50000000 orderID=154681353788 tradeID=None
2026-08-02 23:12:26,361 [WARNING] [진입유실 방지 자동보정] LONG XRP/USDT:USDT exit=2026-08-02 07:48:27 미매칭수량=6.70000000 orderID=154765042288 tradeID=None
2026-08-02 23:12:26,362 [WARNING] [진입유실 방지 자동보정] LONG XRP/USDT:USDT exit=2026-08-02 08:25:19 미매칭수량=6.70000000 orderID=154766072211 tradeID=None
2026-08-02 23:12:26,362 [WARNING] [진입유실 방지 자동보정] LONG XRP/USDT:USDT exit=2026-08-02 11:07:15 미매칭수량=16.80000000 orderID=154770811661 tradeID=None
2026-08-02 23:12:26,362 [WARNING] [진입유실 방지 자동보정] SHORT 1000PEPE/USDT:USDT exit=2026-08-02 02:31:36 미매칭수량=1968.00000000 orderID=61389681657 tradeID=None
2026-08-02 23:12:26,362 [WARNING] [진입유실 방지 자동보정] SHORT 1000PEPE/USDT:USDT exit=2026-08-02 02:52:29 미매칭수량=1969.00000000 orderID=61390079427 tradeID=None
2026-08-02 23:12:26,362 [WARNING] [진입유실 방지 자동보정] SHORT 1000PEPE/USDT:USDT exit=2026-08-02 09:25:39 미매칭수량=7585.00000000 orderID=61394822102 tradeID=None
2026-08-02 23:12:26,362 [WARNING] [진입유실 방지 자동보정] SHORT IDOL/USDT:USDT exit=2026-08-02 10:17:17 미매칭수량=445.00000000 orderID=523897304 tradeID=None
2026-08-02 23:12:26,554 [INFO] [상태] 잔고:$9.70 | 포지션:1개 | 스캔:20회 | 스캐너:ON
2026-08-02 23:12:31,035 [INFO] [SCAN] 블랙리스트 5개 제외: ['IP/USDT:USDT', 'NES/USDT:USDT', 'WLD/USDT:USDT', 'XAG/USDT:USDT', 'XAU/USDT:USDT', 'XAUT/USDT:USDT']
2026-08-02 23:12:31,035 [INFO] [SCAN] 스캔 시작: 30개 페어 (캐시 31개 보유)
2026-08-02 23:12:45,306 [INFO] [SCAN] 완료: 30개 종목 · 신호 0개 · API 호출 30회 · 캐시 히트 0회
2026-08-02 23:12:45,495 [WARNING] [PROTECT GUARD] BNB/USDT:USDT LONG 보호주문 없음(무방비) → TP/SL 재무장 시도
2026-08-02 23:12:48,402 [ERROR] [PROTECT REARM] BNB/USDT:USDT long TP/SL 보호주문 재설정 실패: binance {"code":-4130,"msg":"An open stop or take profit order with GTE and closePosition in the direction is existing."}
2026-08-02 23:12:48,402 [ERROR] [PROTECT GUARD] BNB/USDT:USDT LONG 보호주문 재무장 실패 — 수동 확인 필요
2026-08-02 23:12:56,612 [WARNING] [진입유실 방지 자동보정] LONG 1000SHIB/USDT:USDT exit=2026-07-27 04:30:21 미매칭수량=2189.00000000 orderID=31388901395 tradeID=None
2026-08-02 23:12:56,613 [WARNING] [진입유실 방지 자동보정] SHORT 1000SHIB/USDT:USDT exit=2026-07-27 07:36:19 미매칭수량=1348.00000000 orderID=31393184616 tradeID=None
2026-08-02 23:12:56,613 [WARNING] [진입유실 방지 자동보정] SHORT 1000SHIB/USDT:USDT exit=2026-07-27 11:51:02 미매칭수량=1844.00000000 orderID=31400541745 tradeID=None
2026-08-02 23:12:56,613 [WARNING] [진입유실 방지 자동보정] SHORT 1000SHIB/USDT:USDT exit=2026-07-28 06:12:27 미매칭수량=2192.00000000 orderID=31421063023 tradeID=None
2026-08-02 23:12:56,613 [WARNING] [진입유실 방지 자동보정] SHORT 1000SHIB/USDT:USDT exit=2026-08-02 01:13:53 미매칭수량=1073.00000000 orderID=31502817166 tradeID=None
2026-08-02 23:12:56,613 [WARNING] [진입유실 방지 자동보정] SHORT 1000SHIB/USDT:USDT exit=2026-08-02 02:01:20 미매칭수량=1074.00000000 orderID=31504220662 tradeID=None
2026-08-02 23:12:56,613 [WARNING] [진입유실 방지 자동보정] SHORT 1000SHIB/USDT:USDT exit=2026-08-02 09:45:32 미매칭수량=2285.00000000 orderID=31510623049 tradeID=None
2026-08-02 23:12:56,613 [WARNING] [진입유실 방지 자동보정] SHORT 1000SHIB/USDT:USDT exit=2026-08-02 10:35:19 미매칭수량=2280.00000000 orderID=31511192196 tradeID=None
2026-08-02 23:12:56,613 [WARNING] [진입유실 방지 자동보정] LONG DOGE/USDT:USDT exit=2026-07-28 09:50:41 미매칭수량=163.00000000 orderID=100915175009 tradeID=None
2026-08-02 23:12:56,613 [WARNING] [진입유실 방지 자동보정] SHORT DOGE/USDT:USDT exit=2026-07-28 20:36:48 미매칭수량=357.00000000 orderID=100925180835 tradeID=None
2026-08-02 23:12:56,613 [WARNING] [진입유실 방지 자동보정] SHORT DOGE/USDT:USDT exit=2026-07-28 23:00:41 미매칭수량=286.00000000 orderID=100927596061 tradeID=None
2026-08-02 23:12:56,613 [WARNING] [진입유실 방지 자동보정] SHORT DOGE/USDT:USDT exit=2026-07-30 20:51:14 미매칭수량=345.00000000 orderID=100976583122 tradeID=None
2026-08-02 23:12:56,614 [WARNING] [진입유실 방지 자동보정] SHORT DOGE/USDT:USDT exit=2026-07-31 10:01:31 미매칭수량=334.00000000 orderID=100988356319 tradeID=None
2026-08-02 23:12:56,614 [WARNING] [진입유실 방지 자동보정] SHORT DOGE/USDT:USDT exit=2026-08-01 18:02:18 미매칭수량=306.00000000 orderID=101015266902 tradeID=None
2026-08-02 23:12:56,614 [WARNING] [진입유실 방지 자동보정] LONG DOGE/USDT:USDT exit=2026-08-02 11:07:47 미매칭수량=259.00000000 orderID=101028099752 tradeID=None
2026-08-02 23:12:56,614 [WARNING] [진입유실 방지 자동보정] SHORT SOL/USDT:USDT exit=2026-07-29 22:32:08 미매칭수량=0.26000000 orderID=229957663104 tradeID=None
2026-08-02 23:12:56,614 [WARNING] [진입유실 방지 자동보정] LONG SOL/USDT:USDT exit=2026-07-30 02:59:19 미매칭수량=0.33000000 orderID=229996023316 tradeID=None
2026-08-02 23:12:56,614 [WARNING] [진입유실 방지 자동보정] LONG SOL/USDT:USDT exit=2026-07-30 03:32:08 미매칭수량=0.27000000 orderID=230002018782 tradeID=None
2026-08-02 23:12:56,614 [WARNING] [진입유실 방지 자동보정] SHORT SOL/USDT:USDT exit=2026-07-30 20:09:26 미매칭수량=0.32000000 orderID=230154249399 tradeID=None
2026-08-02 23:12:56,614 [WARNING] [진입유실 방지 자동보정] SHORT SOL/USDT:USDT exit=2026-07-30 20:37:48 미매칭수량=0.32000000 orderID=230157644550 tradeID=None
2026-08-02 23:12:56,614 [WARNING] [진입유실 방지 자동보정] SHORT SOL/USDT:USDT exit=2026-08-01 10:32:26 미매칭수량=0.29000000 orderID=230440972735 tradeID=None
2026-08-02 23:12:56,614 [WARNING] [진입유실 방지 자동보정] LONG SOL/USDT:USDT exit=2026-08-02 01:55:54 미매칭수량=0.25000000 orderID=230506472518 tradeID=None
2026-08-02 23:12:56,614 [WARNING] [진입유실 방지 자동보정] LONG SOL/USDT:USDT exit=2026-08-02 03:24:55 미매칭수량=0.20000000 orderID=230517041657 tradeID=None
2026-08-02 23:12:56,614 [WARNING] [진입유실 방지 자동보정] LONG XRP/USDT:USDT exit=2026-07-30 03:32:09 미매칭수량=14.70000000 orderID=154591436270 tradeID=None
2026-08-02 23:12:56,614 [WARNING] [진입유실 방지 자동보정] LONG XRP/USDT:USDT exit=2026-07-30 08:06:13 미매칭수량=18.50000000 orderID=154605732461 tradeID=None
2026-08-02 23:12:56,614 [WARNING] [진입유실 방지 자동보정] LONG XRP/USDT:USDT exit=2026-07-30 22:11:04 미매칭수량=17.50000000 orderID=154637963852 tradeID=None
2026-08-02 23:12:56,614 [WARNING] [진입유실 방지 자동보정] SHORT XRP/USDT:USDT exit=2026-07-31 15:18:55 미매칭수량=28.50000000 orderID=154681353788 tradeID=None
2026-08-02 23:12:56,614 [WARNING] [진입유실 방지 자동보정] LONG XRP/USDT:USDT exit=2026-08-02 07:48:27 미매칭수량=6.70000000 orderID=154765042288 tradeID=None
2026-08-02 23:12:56,614 [WARNING] [진입유실 방지 자동보정] LONG XRP/USDT:USDT exit=2026-08-02 08:25:19 미매칭수량=6.70000000 orderID=154766072211 tradeID=None
2026-08-02 23:12:56,614 [WARNING] [진입유실 방지 자동보정] LONG XRP/USDT:USDT exit=2026-08-02 11:07:15 미매칭수량=16.80000000 orderID=154770811661 tradeID=None
2026-08-02 23:12:56,614 [WARNING] [진입유실 방지 자동보정] SHORT 1000PEPE/USDT:USDT exit=2026-08-02 02:31:36 미매칭수량=1968.00000000 orderID=61389681657 tradeID=None
2026-08-02 23:12:56,614 [WARNING] [진입유실 방지 자동보정] SHORT 1000PEPE/USDT:USDT exit=2026-08-02 02:52:29 미매칭수량=1969.00000000 orderID=61390079427 tradeID=None
2026-08-02 23:12:56,614 [WARNING] [진입유실 방지 자동보정] SHORT 1000PEPE/USDT:USDT exit=2026-08-02 09:25:39 미매칭수량=7585.00000000 orderID=61394822102 tradeID=None
2026-08-02 23:12:56,614 [WARNING] [진입유실 방지 자동보정] SHORT IDOL/USDT:USDT exit=2026-08-02 10:17:17 미매칭수량=445.00000000 orderID=523897304 tradeID=None
2026-08-02 23:13:03,575 [INFO] [SCAN] 블랙리스트 5개 제외: ['IP/USDT:USDT', 'NES/USDT:USDT', 'WLD/USDT:USDT', 'XAG/USDT:USDT', 'XAU/USDT:USDT', 'XAUT/USDT:USDT']
2026-08-02 23:13:03,575 [INFO] [SCAN] 스캔 시작: 30개 페어 (캐시 31개 보유)
2026-08-02 23:13:17,755 [INFO] [SCAN] 완료: 30개 종목 · 신호 0개 · API 호출 30회 · 캐시 히트 0회
2026-08-02 23:13:26,679 [WARNING] [진입유실 방지 자동보정] LONG 1000SHIB/USDT:USDT exit=2026-07-27 04:30:21 미매칭수량=2189.00000000 orderID=31388901395 tradeID=None
2026-08-02 23:13:26,679 [WARNING] [진입유실 방지 자동보정] SHORT 1000SHIB/USDT:USDT exit=2026-07-27 07:36:19 미매칭수량=1348.00000000 orderID=31393184616 tradeID=None
2026-08-02 23:13:26,680 [WARNING] [진입유실 방지 자동보정] SHORT 1000SHIB/USDT:USDT exit=2026-07-27 11:51:02 미매칭수량=1844.00000000 orderID=31400541745 tradeID=None
2026-08-02 23:13:26,680 [WARNING] [진입유실 방지 자동보정] SHORT 1000SHIB/USDT:USDT exit=2026-07-28 06:12:27 미매칭수량=2192.00000000 orderID=31421063023 tradeID=None
2026-08-02 23:13:26,680 [WARNING] [진입유실 방지 자동보정] SHORT 1000SHIB/USDT:USDT exit=2026-08-02 01:13:53 미매칭수량=1073.00000000 orderID=31502817166 tradeID=None
2026-08-02 23:13:26,680 [WARNING] [진입유실 방지 자동보정] SHORT 1000SHIB/USDT:USDT exit=2026-08-02 02:01:20 미매칭수량=1074.00000000 orderID=31504220662 tradeID=None
2026-08-02 23:13:26,680 [WARNING] [진입유실 방지 자동보정] SHORT 1000SHIB/USDT:USDT exit=2026-08-02 09:45:32 미매칭수량=2285.00000000 orderID=31510623049 tradeID=None
2026-08-02 23:13:26,680 [WARNING] [진입유실 방지 자동보정] SHORT 1000SHIB/USDT:USDT exit=2026-08-02 10:35:19 미매칭수량=2280.00000000 orderID=31511192196 tradeID=None
2026-08-02 23:13:26,680 [WARNING] [진입유실 방지 자동보정] LONG DOGE/USDT:USDT exit=2026-07-28 09:50:41 미매칭수량=163.00000000 orderID=100915175009 tradeID=None
2026-08-02 23:13:26,680 [WARNING] [진입유실 방지 자동보정] SHORT DOGE/USDT:USDT exit=2026-07-28 20:36:48 미매칭수량=357.00000000 orderID=100925180835 tradeID=None
2026-08-02 23:13:26,680 [WARNING] [진입유실 방지 자동보정] SHORT DOGE/USDT:USDT exit=2026-07-28 23:00:41 미매칭수량=286.00000000 orderID=100927596061 tradeID=None
2026-08-02 23:13:26,680 [WARNING] [진입유실 방지 자동보정] SHORT DOGE/USDT:USDT exit=2026-07-30 20:51:14 미매칭수량=345.00000000 orderID=100976583122 tradeID=None
2026-08-02 23:13:26,680 [WARNING] [진입유실 방지 자동보정] SHORT DOGE/USDT:USDT exit=2026-07-31 10:01:31 미매칭수량=334.00000000 orderID=100988356319 tradeID=None
2026-08-02 23:13:26,680 [WARNING] [진입유실 방지 자동보정] SHORT DOGE/USDT:USDT exit=2026-08-01 18:02:18 미매칭수량=306.00000000 orderID=101015266902 tradeID=None
2026-08-02 23:13:26,680 [WARNING] [진입유실 방지 자동보정] LONG DOGE/USDT:USDT exit=2026-08-02 11:07:47 미매칭수량=259.00000000 orderID=101028099752 tradeID=None
2026-08-02 23:13:26,680 [WARNING] [진입유실 방지 자동보정] SHORT SOL/USDT:USDT exit=2026-07-29 22:32:08 미매칭수량=0.26000000 orderID=229957663104 tradeID=None
2026-08-02 23:13:26,680 [WARNING] [진입유실 방지 자동보정] LONG SOL/USDT:USDT exit=2026-07-30 02:59:19 미매칭수량=0.33000000 orderID=229996023316 tradeID=None
2026-08-02 23:13:26,680 [WARNING] [진입유실 방지 자동보정] LONG SOL/USDT:USDT exit=2026-07-30 03:32:08 미매칭수량=0.27000000 orderID=230002018782 tradeID=None
2026-08-02 23:13:26,680 [WARNING] [진입유실 방지 자동보정] SHORT SOL/USDT:USDT exit=2026-07-30 20:09:26 미매칭수량=0.32000000 orderID=230154249399 tradeID=None
2026-08-02 23:13:26,680 [WARNING] [진입유실 방지 자동보정] SHORT SOL/USDT:USDT exit=2026-07-30 20:37:48 미매칭수량=0.32000000 orderID=230157644550 tradeID=None
2026-08-02 23:13:26,680 [WARNING] [진입유실 방지 자동보정] SHORT SOL/USDT:USDT exit=2026-08-01 10:32:26 미매칭수량=0.29000000 orderID=230440972735 tradeID=None
2026-08-02 23:13:26,680 [WARNING] [진입유실 방지 자동보정] LONG SOL/USDT:USDT exit=2026-08-02 01:55:54 미매칭수량=0.25000000 orderID=230506472518 tradeID=None
2026-08-02 23:13:26,680 [WARNING] [진입유실 방지 자동보정] LONG SOL/USDT:USDT exit=2026-08-02 03:24:55 미매칭수량=0.20000000 orderID=230517041657 tradeID=None
2026-08-02 23:13:26,681 [WARNING] [진입유실 방지 자동보정] LONG XRP/USDT:USDT exit=2026-07-30 03:32:09 미매칭수량=14.70000000 orderID=154591436270 tradeID=None
2026-08-02 23:13:26,681 [WARNING] [진입유실 방지 자동보정] LONG XRP/USDT:USDT exit=2026-07-30 08:06:13 미매칭수량=18.50000000 orderID=154605732461 tradeID=None
2026-08-02 23:13:26,681 [WARNING] [진입유실 방지 자동보정] LONG XRP/USDT:USDT exit=2026-07-30 22:11:04 미매칭수량=17.50000000 orderID=154637963852 tradeID=None
2026-08-02 23:13:26,681 [WARNING] [진입유실 방지 자동보정] SHORT XRP/USDT:USDT exit=2026-07-31 15:18:55 미매칭수량=28.50000000 orderID=154681353788 tradeID=None
2026-08-02 23:13:26,681 [WARNING] [진입유실 방지 자동보정] LONG XRP/USDT:USDT exit=2026-08-02 07:48:27 미매칭수량=6.70000000 orderID=154765042288 tradeID=None
2026-08-02 23:13:26,681 [WARNING] [진입유실 방지 자동보정] LONG XRP/USDT:USDT exit=2026-08-02 08:25:19 미매칭수량=6.70000000 orderID=154766072211 tradeID=None
2026-08-02 23:13:26,681 [WARNING] [진입유실 방지 자동보정] LONG XRP/USDT:USDT exit=2026-08-02 11:07:15 미매칭수량=16.80000000 orderID=154770811661 tradeID=None
2026-08-02 23:13:26,681 [WARNING] [진입유실 방지 자동보정] SHORT 1000PEPE/USDT:USDT exit=2026-08-02 02:31:36 미매칭수량=1968.00000000 orderID=61389681657 tradeID=None
2026-08-02 23:13:26,681 [WARNING] [진입유실 방지 자동보정] SHORT 1000PEPE/USDT:USDT exit=2026-08-02 02:52:29 미매칭수량=1969.00000000 orderID=61390079427 tradeID=None
2026-08-02 23:13:26,681 [WARNING] [진입유실 방지 자동보정] SHORT 1000PEPE/USDT:USDT exit=2026-08-02 09:25:39 미매칭수량=7585.00000000 orderID=61394822102 tradeID=None
2026-08-02 23:13:26,681 [WARNING] [진입유실 방지 자동보정] SHORT IDOL/USDT:USDT exit=2026-08-02 10:17:17 미매칭수량=445.00000000 orderID=523897304 tradeID=None
2026-08-02 23:13:26,874 [INFO] [상태] 잔고:$9.70 | 포지션:1개 | 스캔:22회 | 스캐너:ON
2026-08-02 23:13:32,897 [INFO] [SCAN] 블랙리스트 5개 제외: ['IP/USDT:USDT', 'NES/USDT:USDT', 'WLD/USDT:USDT', 'XAG/USDT:USDT', 'XAU/USDT:USDT', 'XAUT/USDT:USDT']
2026-08-02 23:13:32,898 [INFO] [SCAN] 스캔 시작: 30개 페어 (캐시 31개 보유)
2026-08-02 23:13:47,209 [INFO] [SCAN] 완료: 30개 종목 · 신호 0개 · API 호출 30회 · 캐시 히트 0회
2026-08-02 23:13:47,397 [WARNING] [PROTECT GUARD] BNB/USDT:USDT LONG 보호주문 없음(무방비) → TP/SL 재무장 시도
2026-08-02 23:13:50,313 [ERROR] [PROTECT REARM] BNB/USDT:USDT long TP/SL 보호주문 재설정 실패: binance {"code":-4130,"msg":"An open stop or take profit order with GTE and closePosition in the direction is existing."}
2026-08-02 23:13:50,314 [ERROR] [PROTECT GUARD] BNB/USDT:USDT LONG 보호주문 재무장 실패 — 수동 확인 필요
2026-08-02 23:13:56,919 [WARNING] [진입유실 방지 자동보정] LONG 1000SHIB/USDT:USDT exit=2026-07-27 04:30:21 미매칭수량=2189.00000000 orderID=31388901395 tradeID=None
2026-08-02 23:13:56,919 [WARNING] [진입유실 방지 자동보정] SHORT 1000SHIB/USDT:USDT exit=2026-07-27 07:36:19 미매칭수량=1348.00000000 orderID=31393184616 tradeID=None
2026-08-02 23:13:56,919 [WARNING] [진입유실 방지 자동보정] SHORT 1000SHIB/USDT:USDT exit=2026-07-27 11:51:02 미매칭수량=1844.00000000 orderID=31400541745 tradeID=None
2026-08-02 23:13:56,919 [WARNING] [진입유실 방지 자동보정] SHORT 1000SHIB/USDT:USDT exit=2026-07-28 06:12:27 미매칭수량=2192.00000000 orderID=31421063023 tradeID=None
2026-08-02 23:13:56,919 [WARNING] [진입유실 방지 자동보정] SHORT 1000SHIB/USDT:USDT exit=2026-08-02 01:13:53 미매칭수량=1073.00000000 orderID=31502817166 tradeID=None
2026-08-02 23:13:56,919 [WARNING] [진입유실 방지 자동보정] SHORT 1000SHIB/USDT:USDT exit=2026-08-02 02:01:20 미매칭수량=1074.00000000 orderID=31504220662 tradeID=None
2026-08-02 23:13:56,919 [WARNING] [진입유실 방지 자동보정] SHORT 1000SHIB/USDT:USDT exit=2026-08-02 09:45:32 미매칭수량=2285.00000000 orderID=31510623049 tradeID=None
2026-08-02 23:13:56,919 [WARNING] [진입유실 방지 자동보정] SHORT 1000SHIB/USDT:USDT exit=2026-08-02 10:35:19 미매칭수량=2280.00000000 orderID=31511192196 tradeID=None
2026-08-02 23:13:56,919 [WARNING] [진입유실 방지 자동보정] LONG DOGE/USDT:USDT exit=2026-07-28 09:50:41 미매칭수량=163.00000000 orderID=100915175009 tradeID=None
2026-08-02 23:13:56,919 [WARNING] [진입유실 방지 자동보정] SHORT DOGE/USDT:USDT exit=2026-07-28 20:36:48 미매칭수량=357.00000000 orderID=100925180835 tradeID=None
2026-08-02 23:13:56,919 [WARNING] [진입유실 방지 자동보정] SHORT DOGE/USDT:USDT exit=2026-07-28 23:00:41 미매칭수량=286.00000000 orderID=100927596061 tradeID=None
2026-08-02 23:13:56,920 [WARNING] [진입유실 방지 자동보정] SHORT DOGE/USDT:USDT exit=2026-07-30 20:51:14 미매칭수량=345.00000000 orderID=100976583122 tradeID=None
2026-08-02 23:13:56,920 [WARNING] [진입유실 방지 자동보정] SHORT DOGE/USDT:USDT exit=2026-07-31 10:01:31 미매칭수량=334.00000000 orderID=100988356319 tradeID=None
2026-08-02 23:13:56,920 [WARNING] [진입유실 방지 자동보정] SHORT DOGE/USDT:USDT exit=2026-08-01 18:02:18 미매칭수량=306.00000000 orderID=101015266902 tradeID=None
2026-08-02 23:13:56,920 [WARNING] [진입유실 방지 자동보정] LONG DOGE/USDT:USDT exit=2026-08-02 11:07:47 미매칭수량=259.00000000 orderID=101028099752 tradeID=None
2026-08-02 23:13:56,920 [WARNING] [진입유실 방지 자동보정] SHORT SOL/USDT:USDT exit=2026-07-29 22:32:08 미매칭수량=0.26000000 orderID=229957663104 tradeID=None
2026-08-02 23:13:56,920 [WARNING] [진입유실 방지 자동보정] LONG SOL/USDT:USDT exit=2026-07-30 02:59:19 미매칭수량=0.33000000 orderID=229996023316 tradeID=None
2026-08-02 23:13:56,920 [WARNING] [진입유실 방지 자동보정] LONG SOL/USDT:USDT exit=2026-07-30 03:32:08 미매칭수량=0.27000000 orderID=230002018782 tradeID=None
2026-08-02 23:13:56,920 [WARNING] [진입유실 방지 자동보정] SHORT SOL/USDT:USDT exit=2026-07-30 20:09:26 미매칭수량=0.32000000 orderID=230154249399 tradeID=None
2026-08-02 23:13:56,920 [WARNING] [진입유실 방지 자동보정] SHORT SOL/USDT:USDT exit=2026-07-30 20:37:48 미매칭수량=0.32000000 orderID=230157644550 tradeID=None
2026-08-02 23:13:56,920 [WARNING] [진입유실 방지 자동보정] SHORT SOL/USDT:USDT exit=2026-08-01 10:32:26 미매칭수량=0.29000000 orderID=230440972735 tradeID=None
2026-08-02 23:13:56,920 [WARNING] [진입유실 방지 자동보정] LONG SOL/USDT:USDT exit=2026-08-02 01:55:54 미매칭수량=0.25000000 orderID=230506472518 tradeID=None
2026-08-02 23:13:56,920 [WARNING] [진입유실 방지 자동보정] LONG SOL/USDT:USDT exit=2026-08-02 03:24:55 미매칭수량=0.20000000 orderID=230517041657 tradeID=None
2026-08-02 23:13:56,920 [WARNING] [진입유실 방지 자동보정] LONG XRP/USDT:USDT exit=2026-07-30 03:32:09 미매칭수량=14.70000000 orderID=154591436270 tradeID=None
2026-08-02 23:13:56,920 [WARNING] [진입유실 방지 자동보정] LONG XRP/USDT:USDT exit=2026-07-30 08:06:13 미매칭수량=18.50000000 orderID=154605732461 tradeID=None
2026-08-02 23:13:56,920 [WARNING] [진입유실 방지 자동보정] LONG XRP/USDT:USDT exit=2026-07-30 22:11:04 미매칭수량=17.50000000 orderID=154637963852 tradeID=None
2026-08-02 23:13:56,920 [WARNING] [진입유실 방지 자동보정] SHORT XRP/USDT:USDT exit=2026-07-31 15:18:55 미매칭수량=28.50000000 orderID=154681353788 tradeID=None
2026-08-02 23:13:56,920 [WARNING] [진입유실 방지 자동보정] LONG XRP/USDT:USDT exit=2026-08-02 07:48:27 미매칭수량=6.70000000 orderID=154765042288 tradeID=None
2026-08-02 23:13:56,920 [WARNING] [진입유실 방지 자동보정] LONG XRP/USDT:USDT exit=2026-08-02 08:25:19 미매칭수량=6.70000000 orderID=154766072211 tradeID=None
2026-08-02 23:13:56,920 [WARNING] [진입유실 방지 자동보정] LONG XRP/USDT:USDT exit=2026-08-02 11:07:15 미매칭수량=16.80000000 orderID=154770811661 tradeID=None
2026-08-02 23:13:56,920 [WARNING] [진입유실 방지 자동보정] SHORT 1000PEPE/USDT:USDT exit=2026-08-02 02:31:36 미매칭수량=1968.00000000 orderID=61389681657 tradeID=None
2026-08-02 23:13:56,920 [WARNING] [진입유실 방지 자동보정] SHORT 1000PEPE/USDT:USDT exit=2026-08-02 02:52:29 미매칭수량=1969.00000000 orderID=61390079427 tradeID=None
2026-08-02 23:13:56,921 [WARNING] [진입유실 방지 자동보정] SHORT 1000PEPE/USDT:USDT exit=2026-08-02 09:25:39 미매칭수량=7585.00000000 orderID=61394822102 tradeID=None
2026-08-02 23:13:56,921 [WARNING] [진입유실 방지 자동보정] SHORT IDOL/USDT:USDT exit=2026-08-02 10:17:17 미매칭수량=445.00000000 orderID=523897304 tradeID=None
2026-08-02 23:14:05,490 [INFO] [SCAN] 블랙리스트 5개 제외: ['IP/USDT:USDT', 'NES/USDT:USDT', 'WLD/USDT:USDT', 'XAG/USDT:USDT', 'XAU/USDT:USDT', 'XAUT/USDT:USDT']
2026-08-02 23:14:05,491 [INFO] [SCAN] 스캔 시작: 30개 페어 (캐시 31개 보유)
2026-08-02 23:14:19,770 [INFO] [SCAN] 완료: 30개 종목 · 신호 0개 · API 호출 30회 · 캐시 히트 0회
2026-08-02 23:14:26,960 [WARNING] [진입유실 방지 자동보정] LONG 1000SHIB/USDT:USDT exit=2026-07-27 04:30:21 미매칭수량=2189.00000000 orderID=31388901395 tradeID=None
2026-08-02 23:14:26,960 [WARNING] [진입유실 방지 자동보정] SHORT 1000SHIB/USDT:USDT exit=2026-07-27 07:36:19 미매칭수량=1348.00000000 orderID=31393184616 tradeID=None
2026-08-02 23:14:26,960 [WARNING] [진입유실 방지 자동보정] SHORT 1000SHIB/USDT:USDT exit=2026-07-27 11:51:02 미매칭수량=1844.00000000 orderID=31400541745 tradeID=None
2026-08-02 23:14:26,960 [WARNING] [진입유실 방지 자동보정] SHORT 1000SHIB/USDT:USDT exit=2026-07-28 06:12:27 미매칭수량=2192.00000000 orderID=31421063023 tradeID=None
2026-08-02 23:14:26,960 [WARNING] [진입유실 방지 자동보정] SHORT 1000SHIB/USDT:USDT exit=2026-08-02 01:13:53 미매칭수량=1073.00000000 orderID=31502817166 tradeID=None
2026-08-02 23:14:26,960 [WARNING] [진입유실 방지 자동보정] SHORT 1000SHIB/USDT:USDT exit=2026-08-02 02:01:20 미매칭수량=1074.00000000 orderID=31504220662 tradeID=None
2026-08-02 23:14:26,961 [WARNING] [진입유실 방지 자동보정] SHORT 1000SHIB/USDT:USDT exit=2026-08-02 09:45:32 미매칭수량=2285.00000000 orderID=31510623049 tradeID=None
2026-08-02 23:14:26,961 [WARNING] [진입유실 방지 자동보정] SHORT 1000SHIB/USDT:USDT exit=2026-08-02 10:35:19 미매칭수량=2280.00000000 orderID=31511192196 tradeID=None
2026-08-02 23:14:26,961 [WARNING] [진입유실 방지 자동보정] LONG DOGE/USDT:USDT exit=2026-07-28 09:50:41 미매칭수량=163.00000000 orderID=100915175009 tradeID=None
2026-08-02 23:14:26,961 [WARNING] [진입유실 방지 자동보정] SHORT DOGE/USDT:USDT exit=2026-07-28 20:36:48 미매칭수량=357.00000000 orderID=100925180835 tradeID=None
2026-08-02 23:14:26,961 [WARNING] [진입유실 방지 자동보정] SHORT DOGE/USDT:USDT exit=2026-07-28 23:00:41 미매칭수량=286.00000000 orderID=100927596061 tradeID=None
2026-08-02 23:14:26,961 [WARNING] [진입유실 방지 자동보정] SHORT DOGE/USDT:USDT exit=2026-07-30 20:51:14 미매칭수량=345.00000000 orderID=100976583122 tradeID=None
2026-08-02 23:14:26,961 [WARNING] [진입유실 방지 자동보정] SHORT DOGE/USDT:USDT exit=2026-07-31 10:01:31 미매칭수량=334.00000000 orderID=100988356319 tradeID=None
2026-08-02 23:14:26,961 [WARNING] [진입유실 방지 자동보정] SHORT DOGE/USDT:USDT exit=2026-08-01 18:02:18 미매칭수량=306.00000000 orderID=101015266902 tradeID=None
2026-08-02 23:14:26,961 [WARNING] [진입유실 방지 자동보정] LONG DOGE/USDT:USDT exit=2026-08-02 11:07:47 미매칭수량=259.00000000 orderID=101028099752 tradeID=None
2026-08-02 23:14:26,961 [WARNING] [진입유실 방지 자동보정] SHORT SOL/USDT:USDT exit=2026-07-29 22:32:08 미매칭수량=0.26000000 orderID=229957663104 tradeID=None
2026-08-02 23:14:26,961 [WARNING] [진입유실 방지 자동보정] LONG SOL/USDT:USDT exit=2026-07-30 02:59:19 미매칭수량=0.33000000 orderID=229996023316 tradeID=None
2026-08-02 23:14:26,961 [WARNING] [진입유실 방지 자동보정] LONG SOL/USDT:USDT exit=2026-07-30 03:32:08 미매칭수량=0.27000000 orderID=230002018782 tradeID=None
2026-08-02 23:14:26,961 [WARNING] [진입유실 방지 자동보정] SHORT SOL/USDT:USDT exit=2026-07-30 20:09:26 미매칭수량=0.32000000 orderID=230154249399 tradeID=None
2026-08-02 23:14:26,961 [WARNING] [진입유실 방지 자동보정] SHORT SOL/USDT:USDT exit=2026-07-30 20:37:48 미매칭수량=0.32000000 orderID=230157644550 tradeID=None
2026-08-02 23:14:26,961 [WARNING] [진입유실 방지 자동보정] SHORT SOL/USDT:USDT exit=2026-08-01 10:32:26 미매칭수량=0.29000000 orderID=230440972735 tradeID=None
2026-08-02 23:14:26,961 [WARNING] [진입유실 방지 자동보정] LONG SOL/USDT:USDT exit=2026-08-02 01:55:54 미매칭수량=0.25000000 orderID=230506472518 tradeID=None
2026-08-02 23:14:26,961 [WARNING] [진입유실 방지 자동보정] LONG SOL/USDT:USDT exit=2026-08-02 03:24:55 미매칭수량=0.20000000 orderID=230517041657 tradeID=None
2026-08-02 23:14:26,961 [WARNING] [진입유실 방지 자동보정] LONG XRP/USDT:USDT exit=2026-07-30 03:32:09 미매칭수량=14.70000000 orderID=154591436270 tradeID=None
2026-08-02 23:14:26,961 [WARNING] [진입유실 방지 자동보정] LONG XRP/USDT:USDT exit=2026-07-30 08:06:13 미매칭수량=18.50000000 orderID=154605732461 tradeID=None
2026-08-02 23:14:26,961 [WARNING] [진입유실 방지 자동보정] LONG XRP/USDT:USDT exit=2026-07-30 22:11:04 미매칭수량=17.50000000 orderID=154637963852 tradeID=None
2026-08-02 23:14:26,961 [WARNING] [진입유실 방지 자동보정] SHORT XRP/USDT:USDT exit=2026-07-31 15:18:55 미매칭수량=28.50000000 orderID=154681353788 tradeID=None
2026-08-02 23:14:26,961 [WARNING] [진입유실 방지 자동보정] LONG XRP/USDT:USDT exit=2026-08-02 07:48:27 미매칭수량=6.70000000 orderID=154765042288 tradeID=None
2026-08-02 23:14:26,961 [WARNING] [진입유실 방지 자동보정] LONG XRP/USDT:USDT exit=2026-08-02 08:25:19 미매칭수량=6.70000000 orderID=154766072211 tradeID=None
2026-08-02 23:14:26,961 [WARNING] [진입유실 방지 자동보정] LONG XRP/USDT:USDT exit=2026-08-02 11:07:15 미매칭수량=16.80000000 orderID=154770811661 tradeID=None
2026-08-02 23:14:26,962 [WARNING] [진입유실 방지 자동보정] SHORT 1000PEPE/USDT:USDT exit=2026-08-02 02:31:36 미매칭수량=1968.00000000 orderID=61389681657 tradeID=None
2026-08-02 23:14:26,962 [WARNING] [진입유실 방지 자동보정] SHORT 1000PEPE/USDT:USDT exit=2026-08-02 02:52:29 미매칭수량=1969.00000000 orderID=61390079427 tradeID=None
2026-08-02 23:14:26,962 [WARNING] [진입유실 방지 자동보정] SHORT 1000PEPE/USDT:USDT exit=2026-08-02 09:25:39 미매칭수량=7585.00000000 orderID=61394822102 tradeID=None
2026-08-02 23:14:26,962 [WARNING] [진입유실 방지 자동보정] SHORT IDOL/USDT:USDT exit=2026-08-02 10:17:17 미매칭수량=445.00000000 orderID=523897304 tradeID=None
2026-08-02 23:14:27,155 [INFO] [상태] 잔고:$9.70 | 포지션:1개 | 스캔:24회 | 스캐너:ON
2026-08-02 23:14:34,913 [INFO] [SCAN] 블랙리스트 5개 제외: ['IP/USDT:USDT', 'NES/USDT:USDT', 'WLD/USDT:USDT', 'XAG/USDT:USDT', 'XAU/USDT:USDT', 'XAUT/USDT:USDT']
2026-08-02 23:14:34,915 [INFO] [SCAN] 스캔 시작: 30개 페어 (캐시 31개 보유)
2026-08-02 23:14:49,243 [INFO] [SCAN] 완료: 30개 종목 · 신호 0개 · API 호출 30회 · 캐시 히트 0회
2026-08-02 23:14:49,437 [WARNING] [PROTECT GUARD] BNB/USDT:USDT LONG 보호주문 없음(무방비) → TP/SL 재무장 시도
2026-08-02 23:14:52,347 [ERROR] [PROTECT REARM] BNB/USDT:USDT long TP/SL 보호주문 재설정 실패: binance {"code":-4130,"msg":"An open stop or take profit order with GTE and closePosition in the direction is existing."}
2026-08-02 23:14:52,347 [ERROR] [PROTECT GUARD] BNB/USDT:USDT LONG 보호주문 재무장 실패 — 수동 확인 필요
2026-08-02 23:14:57,209 [WARNING] [진입유실 방지 자동보정] LONG 1000SHIB/USDT:USDT exit=2026-07-27 04:30:21 미매칭수량=2189.00000000 orderID=31388901395 tradeID=None
2026-08-02 23:14:57,209 [WARNING] [진입유실 방지 자동보정] SHORT 1000SHIB/USDT:USDT exit=2026-07-27 07:36:19 미매칭수량=1348.00000000 orderID=31393184616 tradeID=None
2026-08-02 23:14:57,209 [WARNING] [진입유실 방지 자동보정] SHORT 1000SHIB/USDT:USDT exit=2026-07-27 11:51:02 미매칭수량=1844.00000000 orderID=31400541745 tradeID=None
2026-08-02 23:14:57,209 [WARNING] [진입유실 방지 자동보정] SHORT 1000SHIB/USDT:USDT exit=2026-07-28 06:12:27 미매칭수량=2192.00000000 orderID=31421063023 tradeID=None
2026-08-02 23:14:57,209 [WARNING] [진입유실 방지 자동보정] SHORT 1000SHIB/USDT:USDT exit=2026-08-02 01:13:53 미매칭수량=1073.00000000 orderID=31502817166 tradeID=None
2026-08-02 23:14:57,209 [WARNING] [진입유실 방지 자동보정] SHORT 1000SHIB/USDT:USDT exit=2026-08-02 02:01:20 미매칭수량=1074.00000000 orderID=31504220662 tradeID=None
2026-08-02 23:14:57,209 [WARNING] [진입유실 방지 자동보정] SHORT 1000SHIB/USDT:USDT exit=2026-08-02 09:45:32 미매칭수량=2285.00000000 orderID=31510623049 tradeID=None
2026-08-02 23:14:57,209 [WARNING] [진입유실 방지 자동보정] SHORT 1000SHIB/USDT:USDT exit=2026-08-02 10:35:19 미매칭수량=2280.00000000 orderID=31511192196 tradeID=None
2026-08-02 23:14:57,209 [WARNING] [진입유실 방지 자동보정] LONG DOGE/USDT:USDT exit=2026-07-28 09:50:41 미매칭수량=163.00000000 orderID=100915175009 tradeID=None
2026-08-02 23:14:57,209 [WARNING] [진입유실 방지 자동보정] SHORT DOGE/USDT:USDT exit=2026-07-28 20:36:48 미매칭수량=357.00000000 orderID=100925180835 tradeID=None
2026-08-02 23:14:57,209 [WARNING] [진입유실 방지 자동보정] SHORT DOGE/USDT:USDT exit=2026-07-28 23:00:41 미매칭수량=286.00000000 orderID=100927596061 tradeID=None
2026-08-02 23:14:57,209 [WARNING] [진입유실 방지 자동보정] SHORT DOGE/USDT:USDT exit=2026-07-30 20:51:14 미매칭수량=345.00000000 orderID=100976583122 tradeID=None
2026-08-02 23:14:57,209 [WARNING] [진입유실 방지 자동보정] SHORT DOGE/USDT:USDT exit=2026-07-31 10:01:31 미매칭수량=334.00000000 orderID=100988356319 tradeID=None
2026-08-02 23:14:57,209 [WARNING] [진입유실 방지 자동보정] SHORT DOGE/USDT:USDT exit=2026-08-01 18:02:18 미매칭수량=306.00000000 orderID=101015266902 tradeID=None
2026-08-02 23:14:57,210 [WARNING] [진입유실 방지 자동보정] LONG DOGE/USDT:USDT exit=2026-08-02 11:07:47 미매칭수량=259.00000000 orderID=101028099752 tradeID=None
2026-08-02 23:14:57,210 [WARNING] [진입유실 방지 자동보정] SHORT SOL/USDT:USDT exit=2026-07-29 22:32:08 미매칭수량=0.26000000 orderID=229957663104 tradeID=None
2026-08-02 23:14:57,210 [WARNING] [진입유실 방지 자동보정] LONG SOL/USDT:USDT exit=2026-07-30 02:59:19 미매칭수량=0.33000000 orderID=229996023316 tradeID=None
2026-08-02 23:14:57,210 [WARNING] [진입유실 방지 자동보정] LONG SOL/USDT:USDT exit=2026-07-30 03:32:08 미매칭수량=0.27000000 orderID=230002018782 tradeID=None
2026-08-02 23:14:57,210 [WARNING] [진입유실 방지 자동보정] SHORT SOL/USDT:USDT exit=2026-07-30 20:09:26 미매칭수량=0.32000000 orderID=230154249399 tradeID=None
2026-08-02 23:14:57,210 [WARNING] [진입유실 방지 자동보정] SHORT SOL/USDT:USDT exit=2026-07-30 20:37:48 미매칭수량=0.32000000 orderID=230157644550 tradeID=None
2026-08-02 23:14:57,210 [WARNING] [진입유실 방지 자동보정] SHORT SOL/USDT:USDT exit=2026-08-01 10:32:26 미매칭수량=0.29000000 orderID=230440972735 tradeID=None
2026-08-02 23:14:57,210 [WARNING] [진입유실 방지 자동보정] LONG SOL/USDT:USDT exit=2026-08-02 01:55:54 미매칭수량=0.25000000 orderID=230506472518 tradeID=None
2026-08-02 23:14:57,210 [WARNING] [진입유실 방지 자동보정] LONG SOL/USDT:USDT exit=2026-08-02 03:24:55 미매칭수량=0.20000000 orderID=230517041657 tradeID=None
2026-08-02 23:14:57,210 [WARNING] [진입유실 방지 자동보정] LONG XRP/USDT:USDT exit=2026-07-30 03:32:09 미매칭수량=14.70000000 orderID=154591436270 tradeID=None
2026-08-02 23:14:57,210 [WARNING] [진입유실 방지 자동보정] LONG XRP/USDT:USDT exit=2026-07-30 08:06:13 미매칭수량=18.50000000 orderID=154605732461 tradeID=None
2026-08-02 23:14:57,210 [WARNING] [진입유실 방지 자동보정] LONG XRP/USDT:USDT exit=2026-07-30 22:11:04 미매칭수량=17.50000000 orderID=154637963852 tradeID=None
2026-08-02 23:14:57,210 [WARNING] [진입유실 방지 자동보정] SHORT XRP/USDT:USDT exit=2026-07-31 15:18:55 미매칭수량=28.50000000 orderID=154681353788 tradeID=None
2026-08-02 23:14:57,210 [WARNING] [진입유실 방지 자동보정] LONG XRP/USDT:USDT exit=2026-08-02 07:48:27 미매칭수량=6.70000000 orderID=154765042288 tradeID=None
2026-08-02 23:14:57,210 [WARNING] [진입유실 방지 자동보정] LONG XRP/USDT:USDT exit=2026-08-02 08:25:19 미매칭수량=6.70000000 orderID=154766072211 tradeID=None
2026-08-02 23:14:57,210 [WARNING] [진입유실 방지 자동보정] LONG XRP/USDT:USDT exit=2026-08-02 11:07:15 미매칭수량=16.80000000 orderID=154770811661 tradeID=None
2026-08-02 23:14:57,210 [WARNING] [진입유실 방지 자동보정] SHORT 1000PEPE/USDT:USDT exit=2026-08-02 02:31:36 미매칭수량=1968.00000000 orderID=61389681657 tradeID=None
2026-08-02 23:14:57,210 [WARNING] [진입유실 방지 자동보정] SHORT 1000PEPE/USDT:USDT exit=2026-08-02 02:52:29 미매칭수량=1969.00000000 orderID=61390079427 tradeID=None
2026-08-02 23:14:57,210 [WARNING] [진입유실 방지 자동보정] SHORT 1000PEPE/USDT:USDT exit=2026-08-02 09:25:39 미매칭수량=7585.00000000 orderID=61394822102 tradeID=None
2026-08-02 23:14:57,210 [WARNING] [진입유실 방지 자동보정] SHORT IDOL/USDT:USDT exit=2026-08-02 10:17:17 미매칭수량=445.00000000 orderID=523897304 tradeID=None
2026-08-02 23:15:07,530 [INFO] [SCAN] 블랙리스트 5개 제외: ['IP/USDT:USDT', 'NES/USDT:USDT', 'WLD/USDT:USDT', 'XAG/USDT:USDT', 'XAU/USDT:USDT', 'XAUT/USDT:USDT']
2026-08-02 23:15:07,532 [INFO] [SCAN] 스캔 시작: 30개 페어 (캐시 31개 보유)
2026-08-02 23:15:11,239 [INFO] [SIG] CL/USDT:USDT LONG 신호 포착 (강도 100%)
2026-08-02 23:15:11,239 [INFO] [SIGNAL] CL/USDT:USDT LONG 신호 수신 (strength=100)
2026-08-02 23:15:11,239 [INFO] [🐸 청개구리 역매매] 신호 방향 반전: LONG ➡️ SHORT
2026-08-02 23:15:11,435 [INFO] [RISK OK] CL/USDT:USDT 리스크 체크 통과
2026-08-02 23:15:11,529 [INFO] [ENTRY OK] CL/USDT:USDT 포지션 체크 통과 (현재 1/3)
2026-08-02 23:15:11,529 [INFO] [MARGIN] AUTO_COMPOUND 활성화 감지
2026-08-02 23:15:11,529 [INFO] [COMPOUND OK] 자동 복리 마진: 총 잔고 $9.70, 비율 33.00% → 1회 진입 증거금 $3.20
2026-08-02 23:15:11,529 [INFO] [MARGIN DECISION] symbol=CL/USDT:USDT source=compound_cached margin=3.20 auto_compound=True compound_pct=33.00 fixed_margin=2.00
2026-08-02 23:15:11,625 [INFO] [M4 SIZING] CL/USDT:USDT 잔고=$9.70, 리스크=1.00%, SL거리=0.57% → 증거금=$1.54 (Notional: $16.94)
2026-08-02 23:15:11,626 [INFO] [DualBB SL/TP] CL/USDT:USDT 시그널 내장 가격 기반: SL=80.8055(0.572%) TP=82.1990(1.143%)
2026-08-02 23:15:11,626 [INFO] [FINAL ENTRY] CL/USDT:USDT SELL 주문 실행 예정: margin=$1.54 SL=0.57% TP=1.14%
2026-08-02 23:15:11,626 [INFO] [ORDER PLACE] CL/USDT:USDT place_order 호출 중...
2026-08-02 23:15:17,693 [ERROR] 주문 실패: binance {"code":-4411,"msg":"Please sign TradFi-Perps agreement contract fapi."}
2026-08-02 23:15:17,693 [INFO] [ORDER RESULT] CL/USDT:USDT 주문 결과: None
2026-08-02 23:15:25,204 [INFO] [SIG] HOME/USDT:USDT SHORT 신호 포착 (강도 100%)
2026-08-02 23:15:25,204 [INFO] [SIGNAL] HOME/USDT:USDT SHORT 신호 수신 (strength=100)
2026-08-02 23:15:25,204 [INFO] [🐸 청개구리 역매매] 신호 방향 반전: SHORT ➡️ LONG
2026-08-02 23:15:25,404 [INFO] [RISK OK] HOME/USDT:USDT 리스크 체크 통과
2026-08-02 23:15:25,500 [INFO] [ENTRY OK] HOME/USDT:USDT 포지션 체크 통과 (현재 1/3)
2026-08-02 23:15:25,500 [INFO] [MARGIN] AUTO_COMPOUND 활성화 감지
2026-08-02 23:15:25,500 [INFO] [COMPOUND OK] 자동 복리 마진: 총 잔고 $9.70, 비율 33.00% → 1회 진입 증거금 $3.20
2026-08-02 23:15:25,500 [INFO] [MARGIN DECISION] symbol=HOME/USDT:USDT source=compound_cached margin=3.20 auto_compound=True compound_pct=33.00 fixed_margin=2.00
2026-08-02 23:15:25,594 [INFO] [M4 SIZING] HOME/USDT:USDT 잔고=$9.70, 리스크=1.00%, SL거리=5.00% → 증거금=$1.00 (Notional: $11.00)
2026-08-02 23:15:25,595 [INFO] [DualBB SL/TP] HOME/USDT:USDT 시그널 내장 가격 기반: SL=0.0086(5.000%) TP=0.0074(10.000%)
2026-08-02 23:15:25,595 [INFO] [FINAL ENTRY] HOME/USDT:USDT BUY 주문 실행 예정: margin=$1.00 SL=5.00% TP=10.00%
2026-08-02 23:15:25,595 [INFO] [ORDER PLACE] HOME/USDT:USDT place_order 호출 중...
2026-08-02 23:15:27,263 [WARNING] [진입유실 방지 자동보정] LONG 1000SHIB/USDT:USDT exit=2026-07-27 04:30:21 미매칭수량=2189.00000000 orderID=31388901395 tradeID=None
2026-08-02 23:15:27,263 [WARNING] [진입유실 방지 자동보정] SHORT 1000SHIB/USDT:USDT exit=2026-07-27 07:36:19 미매칭수량=1348.00000000 orderID=31393184616 tradeID=None
2026-08-02 23:15:27,263 [WARNING] [진입유실 방지 자동보정] SHORT 1000SHIB/USDT:USDT exit=2026-07-27 11:51:02 미매칭수량=1844.00000000 orderID=31400541745 tradeID=None
2026-08-02 23:15:27,264 [WARNING] [진입유실 방지 자동보정] SHORT 1000SHIB/USDT:USDT exit=2026-07-28 06:12:27 미매칭수량=2192.00000000 orderID=31421063023 tradeID=None
2026-08-02 23:15:27,264 [WARNING] [진입유실 방지 자동보정] SHORT 1000SHIB/USDT:USDT exit=2026-08-02 01:13:53 미매칭수량=1073.00000000 orderID=31502817166 tradeID=None
2026-08-02 23:15:27,264 [WARNING] [진입유실 방지 자동보정] SHORT 1000SHIB/USDT:USDT exit=2026-08-02 02:01:20 미매칭수량=1074.00000000 orderID=31504220662 tradeID=None
2026-08-02 23:15:27,264 [WARNING] [진입유실 방지 자동보정] SHORT 1000SHIB/USDT:USDT exit=2026-08-02 09:45:32 미매칭수량=2285.00000000 orderID=31510623049 tradeID=None
2026-08-02 23:15:27,264 [WARNING] [진입유실 방지 자동보정] SHORT 1000SHIB/USDT:USDT exit=2026-08-02 10:35:19 미매칭수량=2280.00000000 orderID=31511192196 tradeID=None
2026-08-02 23:15:27,264 [WARNING] [진입유실 방지 자동보정] LONG DOGE/USDT:USDT exit=2026-07-28 09:50:41 미매칭수량=163.00000000 orderID=100915175009 tradeID=None
2026-08-02 23:15:27,264 [WARNING] [진입유실 방지 자동보정] SHORT DOGE/USDT:USDT exit=2026-07-28 20:36:48 미매칭수량=357.00000000 orderID=100925180835 tradeID=None
2026-08-02 23:15:27,264 [WARNING] [진입유실 방지 자동보정] SHORT DOGE/USDT:USDT exit=2026-07-28 23:00:41 미매칭수량=286.00000000 orderID=100927596061 tradeID=None
2026-08-02 23:15:27,264 [WARNING] [진입유실 방지 자동보정] SHORT DOGE/USDT:USDT exit=2026-07-30 20:51:14 미매칭수량=345.00000000 orderID=100976583122 tradeID=None
2026-08-02 23:15:27,264 [WARNING] [진입유실 방지 자동보정] SHORT DOGE/USDT:USDT exit=2026-07-31 10:01:31 미매칭수량=334.00000000 orderID=100988356319 tradeID=None
2026-08-02 23:15:27,264 [WARNING] [진입유실 방지 자동보정] SHORT DOGE/USDT:USDT exit=2026-08-01 18:02:18 미매칭수량=306.00000000 orderID=101015266902 tradeID=None
2026-08-02 23:15:27,264 [WARNING] [진입유실 방지 자동보정] LONG DOGE/USDT:USDT exit=2026-08-02 11:07:47 미매칭수량=259.00000000 orderID=101028099752 tradeID=None
2026-08-02 23:15:27,264 [WARNING] [진입유실 방지 자동보정] SHORT SOL/USDT:USDT exit=2026-07-29 22:32:08 미매칭수량=0.26000000 orderID=229957663104 tradeID=None
2026-08-02 23:15:27,264 [WARNING] [진입유실 방지 자동보정] LONG SOL/USDT:USDT exit=2026-07-30 02:59:19 미매칭수량=0.33000000 orderID=229996023316 tradeID=None
2026-08-02 23:15:27,264 [WARNING] [진입유실 방지 자동보정] LONG SOL/USDT:USDT exit=2026-07-30 03:32:08 미매칭수량=0.27000000 orderID=230002018782 tradeID=None
2026-08-02 23:15:27,264 [WARNING] [진입유실 방지 자동보정] SHORT SOL/USDT:USDT exit=2026-07-30 20:09:26 미매칭수량=0.32000000 orderID=230154249399 tradeID=None
2026-08-02 23:15:27,264 [WARNING] [진입유실 방지 자동보정] SHORT SOL/USDT:USDT exit=2026-07-30 20:37:48 미매칭수량=0.32000000 orderID=230157644550 tradeID=None
2026-08-02 23:15:27,264 [WARNING] [진입유실 방지 자동보정] SHORT SOL/USDT:USDT exit=2026-08-01 10:32:26 미매칭수량=0.29000000 orderID=230440972735 tradeID=None
2026-08-02 23:15:27,264 [WARNING] [진입유실 방지 자동보정] LONG SOL/USDT:USDT exit=2026-08-02 01:55:54 미매칭수량=0.25000000 orderID=230506472518 tradeID=None
2026-08-02 23:15:27,264 [WARNING] [진입유실 방지 자동보정] LONG SOL/USDT:USDT exit=2026-08-02 03:24:55 미매칭수량=0.20000000 orderID=230517041657 tradeID=None
2026-08-02 23:15:27,264 [WARNING] [진입유실 방지 자동보정] LONG XRP/USDT:USDT exit=2026-07-30 03:32:09 미매칭수량=14.70000000 orderID=154591436270 tradeID=None
2026-08-02 23:15:27,264 [WARNING] [진입유실 방지 자동보정] LONG XRP/USDT:USDT exit=2026-07-30 08:06:13 미매칭수량=18.50000000 orderID=154605732461 tradeID=None
2026-08-02 23:15:27,264 [WARNING] [진입유실 방지 자동보정] LONG XRP/USDT:USDT exit=2026-07-30 22:11:04 미매칭수량=17.50000000 orderID=154637963852 tradeID=None
2026-08-02 23:15:27,264 [WARNING] [진입유실 방지 자동보정] SHORT XRP/USDT:USDT exit=2026-07-31 15:18:55 미매칭수량=28.50000000 orderID=154681353788 tradeID=None
2026-08-02 23:15:27,265 [WARNING] [진입유실 방지 자동보정] LONG XRP/USDT:USDT exit=2026-08-02 07:48:27 미매칭수량=6.70000000 orderID=154765042288 tradeID=None
2026-08-02 23:15:27,265 [WARNING] [진입유실 방지 자동보정] LONG XRP/USDT:USDT exit=2026-08-02 08:25:19 미매칭수량=6.70000000 orderID=154766072211 tradeID=None
2026-08-02 23:15:27,265 [WARNING] [진입유실 방지 자동보정] LONG XRP/USDT:USDT exit=2026-08-02 11:07:15 미매칭수량=16.80000000 orderID=154770811661 tradeID=None
2026-08-02 23:15:27,265 [WARNING] [진입유실 방지 자동보정] SHORT 1000PEPE/USDT:USDT exit=2026-08-02 02:31:36 미매칭수량=1968.00000000 orderID=61389681657 tradeID=None
2026-08-02 23:15:27,265 [WARNING] [진입유실 방지 자동보정] SHORT 1000PEPE/USDT:USDT exit=2026-08-02 02:52:29 미매칭수량=1969.00000000 orderID=61390079427 tradeID=None
2026-08-02 23:15:27,265 [WARNING] [진입유실 방지 자동보정] SHORT 1000PEPE/USDT:USDT exit=2026-08-02 09:25:39 미매칭수량=7585.00000000 orderID=61394822102 tradeID=None
2026-08-02 23:15:27,265 [WARNING] [진입유실 방지 자동보정] SHORT IDOL/USDT:USDT exit=2026-08-02 10:17:17 미매칭수량=445.00000000 orderID=523897304 tradeID=None
2026-08-02 23:15:27,459 [INFO] [상태] 잔고:$9.70 | 포지션:1개 | 스캔:25회 | 스캐너:ON
2026-08-02 23:15:30,022 [INFO] [ORDER RESULT] HOME/USDT:USDT 주문 결과: {'order_id': '1762043145', 'symbol': 'HOME/USDT:USDT', 'side': 'LONG', 'entry_price': 0.008234, 'amount': 1335.0, 'sl_price': '0.007822', 'tp_price': '0.009057', 'usdt_margin': 1.0}
2026-08-02 23:15:30,022 [INFO] [ATR TRAIL] HOME/USDT:USDT ATR기반 저장: atr_pct=2.17% → activation=3.25% callback=3.00%
2026-08-02 23:15:30,024 [INFO] [PERSIST] 활성 포지션 상태 저장 완료
2026-08-02 23:15:30,025 [INFO] [PERSIST] 엔진 상태(트레일링 픽, 이전 포지션 심볼, recently_entered) 저장 완료
2026-08-02 23:15:30,026 [INFO] [ORDER] HOME/USDT:USDT LONG 실행 완료
2026-08-02 23:15:33,185 [INFO] [SCAN] 완료: 30개 종목 · 신호 2개 · API 호출 30회 · 캐시 히트 0회
2026-08-02 23:15:48,385 [INFO] [SCAN] 블랙리스트 5개 제외: ['IP/USDT:USDT', 'NES/USDT:USDT', 'WLD/USDT:USDT', 'XAG/USDT:USDT', 'XAU/USDT:USDT', 'XAUT/USDT:USDT']
2026-08-02 23:15:48,385 [INFO] [SCAN] 스캔 시작: 30개 페어 (캐시 31개 보유)
2026-08-02 23:15:52,097 [INFO] [SIG] CL/USDT:USDT LONG 신호 포착 (강도 100%)
2026-08-02 23:15:52,097 [INFO] [SIGNAL] CL/USDT:USDT LONG 신호 수신 (strength=100)
2026-08-02 23:15:52,097 [INFO] [🐸 청개구리 역매매] 신호 방향 반전: LONG ➡️ SHORT
2026-08-02 23:15:52,291 [INFO] [RISK OK] CL/USDT:USDT 리스크 체크 통과
2026-08-02 23:15:52,387 [INFO] [SYNC] HOME/USDT:USDT 포지션 거래소 반영 확인 → recently_entered 락 해제
2026-08-02 23:15:52,388 [INFO] [PERSIST] 엔진 상태(트레일링 픽, 이전 포지션 심볼, recently_entered) 저장 완료
2026-08-02 23:15:52,388 [INFO] [ENTRY OK] CL/USDT:USDT 포지션 체크 통과 (현재 2/3)
2026-08-02 23:15:52,388 [INFO] [MARGIN] AUTO_COMPOUND 활성화 감지
2026-08-02 23:15:52,388 [INFO] [COMPOUND OK] 자동 복리 마진: 총 잔고 $9.68, 비율 33.00% → 1회 진입 증거금 $3.20
2026-08-02 23:15:52,388 [INFO] [MARGIN DECISION] symbol=CL/USDT:USDT source=compound_cached margin=3.20 auto_compound=True compound_pct=33.00 fixed_margin=2.00
2026-08-02 23:15:52,483 [INFO] [M4 SIZING] CL/USDT:USDT 잔고=$9.68, 리스크=1.00%, SL거리=0.57% → 증거금=$1.54 (Notional: $16.94)
2026-08-02 23:15:52,483 [INFO] [DualBB SL/TP] CL/USDT:USDT 시그널 내장 가격 기반: SL=80.8055(0.572%) TP=82.1990(1.143%)
2026-08-02 23:15:52,483 [INFO] [FINAL ENTRY] CL/USDT:USDT SELL 주문 실행 예정: margin=$1.54 SL=0.57% TP=1.14%
2026-08-02 23:15:52,483 [INFO] [ORDER PLACE] CL/USDT:USDT place_order 호출 중...
2026-08-02 23:15:57,491 [WARNING] [진입유실 방지 자동보정] LONG 1000SHIB/USDT:USDT exit=2026-07-27 04:30:21 미매칭수량=2189.00000000 orderID=31388901395 tradeID=None
2026-08-02 23:15:57,491 [WARNING] [진입유실 방지 자동보정] SHORT 1000SHIB/USDT:USDT exit=2026-07-27 07:36:19 미매칭수량=1348.00000000 orderID=31393184616 tradeID=None
2026-08-02 23:15:57,491 [WARNING] [진입유실 방지 자동보정] SHORT 1000SHIB/USDT:USDT exit=2026-07-27 11:51:02 미매칭수량=1844.00000000 orderID=31400541745 tradeID=None
2026-08-02 23:15:57,491 [WARNING] [진입유실 방지 자동보정] SHORT 1000SHIB/USDT:USDT exit=2026-07-28 06:12:27 미매칭수량=2192.00000000 orderID=31421063023 tradeID=None
2026-08-02 23:15:57,491 [WARNING] [진입유실 방지 자동보정] SHORT 1000SHIB/USDT:USDT exit=2026-08-02 01:13:53 미매칭수량=1073.00000000 orderID=31502817166 tradeID=None
2026-08-02 23:15:57,491 [WARNING] [진입유실 방지 자동보정] SHORT 1000SHIB/USDT:USDT exit=2026-08-02 02:01:20 미매칭수량=1074.00000000 orderID=31504220662 tradeID=None
2026-08-02 23:15:57,491 [WARNING] [진입유실 방지 자동보정] SHORT 1000SHIB/USDT:USDT exit=2026-08-02 09:45:32 미매칭수량=2285.00000000 orderID=31510623049 tradeID=None
2026-08-02 23:15:57,491 [WARNING] [진입유실 방지 자동보정] SHORT 1000SHIB/USDT:USDT exit=2026-08-02 10:35:19 미매칭수량=2280.00000000 orderID=31511192196 tradeID=None
2026-08-02 23:15:57,492 [WARNING] [진입유실 방지 자동보정] LONG DOGE/USDT:USDT exit=2026-07-28 09:50:41 미매칭수량=163.00000000 orderID=100915175009 tradeID=None
2026-08-02 23:15:57,492 [WARNING] [진입유실 방지 자동보정] SHORT DOGE/USDT:USDT exit=2026-07-28 20:36:48 미매칭수량=357.00000000 orderID=100925180835 tradeID=None
2026-08-02 23:15:57,492 [WARNING] [진입유실 방지 자동보정] SHORT DOGE/USDT:USDT exit=2026-07-28 23:00:41 미매칭수량=286.00000000 orderID=100927596061 tradeID=None
2026-08-02 23:15:57,492 [WARNING] [진입유실 방지 자동보정] SHORT DOGE/USDT:USDT exit=2026-07-30 20:51:14 미매칭수량=345.00000000 orderID=100976583122 tradeID=None
2026-08-02 23:15:57,492 [WARNING] [진입유실 방지 자동보정] SHORT DOGE/USDT:USDT exit=2026-07-31 10:01:31 미매칭수량=334.00000000 orderID=100988356319 tradeID=None
2026-08-02 23:15:57,492 [WARNING] [진입유실 방지 자동보정] SHORT DOGE/USDT:USDT exit=2026-08-01 18:02:18 미매칭수량=306.00000000 orderID=101015266902 tradeID=None
2026-08-02 23:15:57,492 [WARNING] [진입유실 방지 자동보정] LONG DOGE/USDT:USDT exit=2026-08-02 11:07:47 미매칭수량=259.00000000 orderID=101028099752 tradeID=None
2026-08-02 23:15:57,492 [WARNING] [진입유실 방지 자동보정] SHORT SOL/USDT:USDT exit=2026-07-29 22:32:08 미매칭수량=0.26000000 orderID=229957663104 tradeID=None
2026-08-02 23:15:57,492 [WARNING] [진입유실 방지 자동보정] LONG SOL/USDT:USDT exit=2026-07-30 02:59:19 미매칭수량=0.33000000 orderID=229996023316 tradeID=None
2026-08-02 23:15:57,492 [WARNING] [진입유실 방지 자동보정] LONG SOL/USDT:USDT exit=2026-07-30 03:32:08 미매칭수량=0.27000000 orderID=230002018782 tradeID=None
2026-08-02 23:15:57,492 [WARNING] [진입유실 방지 자동보정] SHORT SOL/USDT:USDT exit=2026-07-30 20:09:26 미매칭수량=0.32000000 orderID=230154249399 tradeID=None
2026-08-02 23:15:57,492 [WARNING] [진입유실 방지 자동보정] SHORT SOL/USDT:USDT exit=2026-07-30 20:37:48 미매칭수량=0.32000000 orderID=230157644550 tradeID=None
2026-08-02 23:15:57,492 [WARNING] [진입유실 방지 자동보정] SHORT SOL/USDT:USDT exit=2026-08-01 10:32:26 미매칭수량=0.29000000 orderID=230440972735 tradeID=None
2026-08-02 23:15:57,492 [WARNING] [진입유실 방지 자동보정] LONG SOL/USDT:USDT exit=2026-08-02 01:55:54 미매칭수량=0.25000000 orderID=230506472518 tradeID=None
2026-08-02 23:15:57,492 [WARNING] [진입유실 방지 자동보정] LONG SOL/USDT:USDT exit=2026-08-02 03:24:55 미매칭수량=0.20000000 orderID=230517041657 tradeID=None
2026-08-02 23:15:57,492 [WARNING] [진입유실 방지 자동보정] LONG XRP/USDT:USDT exit=2026-07-30 03:32:09 미매칭수량=14.70000000 orderID=154591436270 tradeID=None
2026-08-02 23:15:57,492 [WARNING] [진입유실 방지 자동보정] LONG XRP/USDT:USDT exit=2026-07-30 08:06:13 미매칭수량=18.50000000 orderID=154605732461 tradeID=None
2026-08-02 23:15:57,492 [WARNING] [진입유실 방지 자동보정] LONG XRP/USDT:USDT exit=2026-07-30 22:11:04 미매칭수량=17.50000000 orderID=154637963852 tradeID=None
2026-08-02 23:15:57,492 [WARNING] [진입유실 방지 자동보정] SHORT XRP/USDT:USDT exit=2026-07-31 15:18:55 미매칭수량=28.50000000 orderID=154681353788 tradeID=None
2026-08-02 23:15:57,492 [WARNING] [진입유실 방지 자동보정] LONG XRP/USDT:USDT exit=2026-08-02 07:48:27 미매칭수량=6.70000000 orderID=154765042288 tradeID=None
2026-08-02 23:15:57,492 [WARNING] [진입유실 방지 자동보정] LONG XRP/USDT:USDT exit=2026-08-02 08:25:19 미매칭수량=6.70000000 orderID=154766072211 tradeID=None
2026-08-02 23:15:57,492 [WARNING] [진입유실 방지 자동보정] LONG XRP/USDT:USDT exit=2026-08-02 11:07:15 미매칭수량=16.80000000 orderID=154770811661 tradeID=None
2026-08-02 23:15:57,492 [WARNING] [진입유실 방지 자동보정] SHORT 1000PEPE/USDT:USDT exit=2026-08-02 02:31:36 미매칭수량=1968.00000000 orderID=61389681657 tradeID=None
2026-08-02 23:15:57,492 [WARNING] [진입유실 방지 자동보정] SHORT 1000PEPE/USDT:USDT exit=2026-08-02 02:52:29 미매칭수량=1969.00000000 orderID=61390079427 tradeID=None
2026-08-02 23:15:57,492 [WARNING] [진입유실 방지 자동보정] SHORT 1000PEPE/USDT:USDT exit=2026-08-02 09:25:39 미매칭수량=7585.00000000 orderID=61394822102 tradeID=None
2026-08-02 23:15:57,492 [WARNING] [진입유실 방지 자동보정] SHORT IDOL/USDT:USDT exit=2026-08-02 10:17:17 미매칭수량=445.00000000 orderID=523897304 tradeID=None
2026-08-02 23:15:58,552 [ERROR] 주문 실패: binance {"code":-4411,"msg":"Please sign TradFi-Perps agreement contract fapi."}
2026-08-02 23:15:58,552 [INFO] [ORDER RESULT] CL/USDT:USDT 주문 결과: None
2026-08-02 23:16:06,043 [INFO] [SIG] HOME/USDT:USDT SHORT 신호 포착 (강도 100%)
2026-08-02 23:16:06,043 [INFO] [SIGNAL] HOME/USDT:USDT SHORT 신호 수신 (strength=100)
2026-08-02 23:16:06,043 [INFO] [🐸 청개구리 역매매] 신호 방향 반전: SHORT ➡️ LONG
2026-08-02 23:16:06,237 [INFO] [RISK OK] HOME/USDT:USDT 리스크 체크 통과
2026-08-02 23:16:06,332 [INFO] [ENTRY BLOCK] HOME/USDT:USDT — 이미 포지션 보유 또는 진입 주문 전송 중
2026-08-02 23:16:09,468 [INFO] [SCAN] 완료: 30개 종목 · 신호 2개 · API 호출 30회 · 캐시 히트 0회
2026-08-02 23:16:09,661 [WARNING] [PROTECT GUARD] BNB/USDT:USDT LONG 보호주문 없음(무방비) → TP/SL 재무장 시도
2026-08-02 23:16:12,573 [ERROR] [PROTECT REARM] BNB/USDT:USDT long TP/SL 보호주문 재설정 실패: binance {"code":-4130,"msg":"An open stop or take profit order with GTE and closePosition in the direction is existing."}
2026-08-02 23:16:12,573 [ERROR] [PROTECT GUARD] BNB/USDT:USDT LONG 보호주문 재무장 실패 — 수동 확인 필요
2026-08-02 23:16:12,663 [WARNING] [PROTECT GUARD] HOME/USDT:USDT LONG 보호주문 없음(무방비) → TP/SL 재무장 시도
2026-08-02 23:16:15,637 [ERROR] [PROTECT REARM] HOME/USDT:USDT long TP/SL 보호주문 재설정 실패: binance {"code":-4130,"msg":"An open stop or take profit order with GTE and closePosition in the direction is existing."}
2026-08-02 23:16:15,637 [ERROR] [PROTECT GUARD] HOME/USDT:USDT LONG 보호주문 재무장 실패 — 수동 확인 필요
2026-08-02 23:16:27,532 [WARNING] [진입유실 방지 자동보정] LONG 1000SHIB/USDT:USDT exit=2026-07-27 04:30:21 미매칭수량=2189.00000000 orderID=31388901395 tradeID=None
2026-08-02 23:16:27,532 [WARNING] [진입유실 방지 자동보정] SHORT 1000SHIB/USDT:USDT exit=2026-07-27 07:36:19 미매칭수량=1348.00000000 orderID=31393184616 tradeID=None
2026-08-02 23:16:27,532 [WARNING] [진입유실 방지 자동보정] SHORT 1000SHIB/USDT:USDT exit=2026-07-27 11:51:02 미매칭수량=1844.00000000 orderID=31400541745 tradeID=None
2026-08-02 23:16:27,532 [WARNING] [진입유실 방지 자동보정] SHORT 1000SHIB/USDT:USDT exit=2026-07-28 06:12:27 미매칭수량=2192.00000000 orderID=31421063023 tradeID=None
2026-08-02 23:16:27,532 [WARNING] [진입유실 방지 자동보정] SHORT 1000SHIB/USDT:USDT exit=2026-08-02 01:13:53 미매칭수량=1073.00000000 orderID=31502817166 tradeID=None
2026-08-02 23:16:27,532 [WARNING] [진입유실 방지 자동보정] SHORT 1000SHIB/USDT:USDT exit=2026-08-02 02:01:20 미매칭수량=1074.00000000 orderID=31504220662 tradeID=None
2026-08-02 23:16:27,532 [WARNING] [진입유실 방지 자동보정] SHORT 1000SHIB/USDT:USDT exit=2026-08-02 09:45:32 미매칭수량=2285.00000000 orderID=31510623049 tradeID=None
2026-08-02 23:16:27,532 [WARNING] [진입유실 방지 자동보정] SHORT 1000SHIB/USDT:USDT exit=2026-08-02 10:35:19 미매칭수량=2280.00000000 orderID=31511192196 tradeID=None
2026-08-02 23:16:27,532 [WARNING] [진입유실 방지 자동보정] LONG DOGE/USDT:USDT exit=2026-07-28 09:50:41 미매칭수량=163.00000000 orderID=100915175009 tradeID=None
2026-08-02 23:16:27,532 [WARNING] [진입유실 방지 자동보정] SHORT DOGE/USDT:USDT exit=2026-07-28 20:36:48 미매칭수량=357.00000000 orderID=100925180835 tradeID=None
2026-08-02 23:16:27,532 [WARNING] [진입유실 방지 자동보정] SHORT DOGE/USDT:USDT exit=2026-07-28 23:00:41 미매칭수량=286.00000000 orderID=100927596061 tradeID=None
2026-08-02 23:16:27,532 [WARNING] [진입유실 방지 자동보정] SHORT DOGE/USDT:USDT exit=2026-07-30 20:51:14 미매칭수량=345.00000000 orderID=100976583122 tradeID=None
2026-08-02 23:16:27,532 [WARNING] [진입유실 방지 자동보정] SHORT DOGE/USDT:USDT exit=2026-07-31 10:01:31 미매칭수량=334.00000000 orderID=100988356319 tradeID=None
2026-08-02 23:16:27,532 [WARNING] [진입유실 방지 자동보정] SHORT DOGE/USDT:USDT exit=2026-08-01 18:02:18 미매칭수량=306.00000000 orderID=101015266902 tradeID=None
2026-08-02 23:16:27,532 [WARNING] [진입유실 방지 자동보정] LONG DOGE/USDT:USDT exit=2026-08-02 11:07:47 미매칭수량=259.00000000 orderID=101028099752 tradeID=None
2026-08-02 23:16:27,532 [WARNING] [진입유실 방지 자동보정] SHORT SOL/USDT:USDT exit=2026-07-29 22:32:08 미매칭수량=0.26000000 orderID=229957663104 tradeID=None
2026-08-02 23:16:27,532 [WARNING] [진입유실 방지 자동보정] LONG SOL/USDT:USDT exit=2026-07-30 02:59:19 미매칭수량=0.33000000 orderID=229996023316 tradeID=None
2026-08-02 23:16:27,532 [WARNING] [진입유실 방지 자동보정] LONG SOL/USDT:USDT exit=2026-07-30 03:32:08 미매칭수량=0.27000000 orderID=230002018782 tradeID=None
2026-08-02 23:16:27,532 [WARNING] [진입유실 방지 자동보정] SHORT SOL/USDT:USDT exit=2026-07-30 20:09:26 미매칭수량=0.32000000 orderID=230154249399 tradeID=None
2026-08-02 23:16:27,532 [WARNING] [진입유실 방지 자동보정] SHORT SOL/USDT:USDT exit=2026-07-30 20:37:48 미매칭수량=0.32000000 orderID=230157644550 tradeID=None
2026-08-02 23:16:27,532 [WARNING] [진입유실 방지 자동보정] SHORT SOL/USDT:USDT exit=2026-08-01 10:32:26 미매칭수량=0.29000000 orderID=230440972735 tradeID=None
2026-08-02 23:16:27,533 [WARNING] [진입유실 방지 자동보정] LONG SOL/USDT:USDT exit=2026-08-02 01:55:54 미매칭수량=0.25000000 orderID=230506472518 tradeID=None
2026-08-02 23:16:27,533 [WARNING] [진입유실 방지 자동보정] LONG SOL/USDT:USDT exit=2026-08-02 03:24:55 미매칭수량=0.20000000 orderID=230517041657 tradeID=None
2026-08-02 23:16:27,533 [WARNING] [진입유실 방지 자동보정] LONG XRP/USDT:USDT exit=2026-07-30 03:32:09 미매칭수량=14.70000000 orderID=154591436270 tradeID=None
2026-08-02 23:16:27,533 [WARNING] [진입유실 방지 자동보정] LONG XRP/USDT:USDT exit=2026-07-30 08:06:13 미매칭수량=18.50000000 orderID=154605732461 tradeID=None
2026-08-02 23:16:27,533 [WARNING] [진입유실 방지 자동보정] LONG XRP/USDT:USDT exit=2026-07-30 22:11:04 미매칭수량=17.50000000 orderID=154637963852 tradeID=None
2026-08-02 23:16:27,533 [WARNING] [진입유실 방지 자동보정] SHORT XRP/USDT:USDT exit=2026-07-31 15:18:55 미매칭수량=28.50000000 orderID=154681353788 tradeID=None
2026-08-02 23:16:27,533 [WARNING] [진입유실 방지 자동보정] LONG XRP/USDT:USDT exit=2026-08-02 07:48:27 미매칭수량=6.70000000 orderID=154765042288 tradeID=None
2026-08-02 23:16:27,533 [WARNING] [진입유실 방지 자동보정] LONG XRP/USDT:USDT exit=2026-08-02 08:25:19 미매칭수량=6.70000000 orderID=154766072211 tradeID=None
2026-08-02 23:16:27,533 [WARNING] [진입유실 방지 자동보정] LONG XRP/USDT:USDT exit=2026-08-02 11:07:15 미매칭수량=16.80000000 orderID=154770811661 tradeID=None
2026-08-02 23:16:27,533 [WARNING] [진입유실 방지 자동보정] SHORT 1000PEPE/USDT:USDT exit=2026-08-02 02:31:36 미매칭수량=1968.00000000 orderID=61389681657 tradeID=None
2026-08-02 23:16:27,533 [WARNING] [진입유실 방지 자동보정] SHORT 1000PEPE/USDT:USDT exit=2026-08-02 02:52:29 미매칭수량=1969.00000000 orderID=61390079427 tradeID=None
2026-08-02 23:16:27,533 [WARNING] [진입유실 방지 자동보정] SHORT 1000PEPE/USDT:USDT exit=2026-08-02 09:25:39 미매칭수량=7585.00000000 orderID=61394822102 tradeID=None
2026-08-02 23:16:27,533 [WARNING] [진입유실 방지 자동보정] SHORT IDOL/USDT:USDT exit=2026-08-02 10:17:17 미매칭수량=445.00000000 orderID=523897304 tradeID=None
2026-08-02 23:16:27,725 [INFO] [상태] 잔고:$9.68 | 포지션:2개 | 스캔:27회 | 스캐너:ON
2026-08-02 23:16:30,781 [INFO] [SCAN] 블랙리스트 5개 제외: ['IP/USDT:USDT', 'NES/USDT:USDT', 'WLD/USDT:USDT', 'XAG/USDT:USDT', 'XAU/USDT:USDT', 'XAUT/USDT:USDT']
2026-08-02 23:16:30,782 [INFO] [SCAN] 스캔 시작: 30개 페어 (캐시 31개 보유)
2026-08-02 23:16:34,518 [INFO] [SIG] CL/USDT:USDT LONG 신호 포착 (강도 100%)
2026-08-02 23:16:34,519 [INFO] [SIGNAL] CL/USDT:USDT LONG 신호 수신 (strength=100)
2026-08-02 23:16:34,519 [INFO] [🐸 청개구리 역매매] 신호 방향 반전: LONG ➡️ SHORT
2026-08-02 23:16:34,712 [INFO] [RISK OK] CL/USDT:USDT 리스크 체크 통과
2026-08-02 23:16:34,806 [INFO] [ENTRY OK] CL/USDT:USDT 포지션 체크 통과 (현재 2/3)
2026-08-02 23:16:34,806 [INFO] [MARGIN] AUTO_COMPOUND 활성화 감지
2026-08-02 23:16:34,806 [INFO] [COMPOUND OK] 자동 복리 마진: 총 잔고 $9.66, 비율 33.00% → 1회 진입 증거금 $3.19
2026-08-02 23:16:34,806 [INFO] [MARGIN DECISION] symbol=CL/USDT:USDT source=compound_cached margin=3.19 auto_compound=True compound_pct=33.00 fixed_margin=2.00
2026-08-02 23:16:34,904 [INFO] [M4 SIZING] CL/USDT:USDT 잔고=$9.66, 리스크=1.00%, SL거리=0.57% → 증거금=$1.54 (Notional: $16.94)
2026-08-02 23:16:34,904 [INFO] [DualBB SL/TP] CL/USDT:USDT 시그널 내장 가격 기반: SL=80.8055(0.572%) TP=82.1990(1.143%)
2026-08-02 23:16:34,904 [INFO] [FINAL ENTRY] CL/USDT:USDT SELL 주문 실행 예정: margin=$1.54 SL=0.57% TP=1.14%
2026-08-02 23:16:34,904 [INFO] [ORDER PLACE] CL/USDT:USDT place_order 호출 중...
2026-08-02 23:16:40,957 [ERROR] 주문 실패: binance {"code":-4411,"msg":"Please sign TradFi-Perps agreement contract fapi."}
2026-08-02 23:16:40,957 [INFO] [ORDER RESULT] CL/USDT:USDT 주문 결과: None
2026-08-02 23:16:48,469 [INFO] [SIG] HOME/USDT:USDT SHORT 신호 포착 (강도 100%)
2026-08-02 23:16:48,469 [INFO] [SIGNAL] HOME/USDT:USDT SHORT 신호 수신 (strength=100)
2026-08-02 23:16:48,469 [INFO] [🐸 청개구리 역매매] 신호 방향 반전: SHORT ➡️ LONG
2026-08-02 23:16:48,664 [INFO] [RISK OK] HOME/USDT:USDT 리스크 체크 통과
2026-08-02 23:16:48,760 [INFO] [ENTRY BLOCK] HOME/USDT:USDT — 이미 포지션 보유 또는 진입 주문 전송 중
2026-08-02 23:16:51,935 [INFO] [SCAN] 완료: 30개 종목 · 신호 2개 · API 호출 30회 · 캐시 히트 0회
2026-08-02 23:16:57,780 [WARNING] [진입유실 방지 자동보정] LONG 1000SHIB/USDT:USDT exit=2026-07-27 04:30:21 미매칭수량=2189.00000000 orderID=31388901395 tradeID=None
2026-08-02 23:16:57,780 [WARNING] [진입유실 방지 자동보정] SHORT 1000SHIB/USDT:USDT exit=2026-07-27 07:36:19 미매칭수량=1348.00000000 orderID=31393184616 tradeID=None
2026-08-02 23:16:57,780 [WARNING] [진입유실 방지 자동보정] SHORT 1000SHIB/USDT:USDT exit=2026-07-27 11:51:02 미매칭수량=1844.00000000 orderID=31400541745 tradeID=None
2026-08-02 23:16:57,781 [WARNING] [진입유실 방지 자동보정] SHORT 1000SHIB/USDT:USDT exit=2026-07-28 06:12:27 미매칭수량=2192.00000000 orderID=31421063023 tradeID=None
2026-08-02 23:16:57,781 [WARNING] [진입유실 방지 자동보정] SHORT 1000SHIB/USDT:USDT exit=2026-08-02 01:13:53 미매칭수량=1073.00000000 orderID=31502817166 tradeID=None
2026-08-02 23:16:57,781 [WARNING] [진입유실 방지 자동보정] SHORT 1000SHIB/USDT:USDT exit=2026-08-02 02:01:20 미매칭수량=1074.00000000 orderID=31504220662 tradeID=None
2026-08-02 23:16:57,781 [WARNING] [진입유실 방지 자동보정] SHORT 1000SHIB/USDT:USDT exit=2026-08-02 09:45:32 미매칭수량=2285.00000000 orderID=31510623049 tradeID=None
2026-08-02 23:16:57,781 [WARNING] [진입유실 방지 자동보정] SHORT 1000SHIB/USDT:USDT exit=2026-08-02 10:35:19 미매칭수량=2280.00000000 orderID=31511192196 tradeID=None
2026-08-02 23:16:57,781 [WARNING] [진입유실 방지 자동보정] LONG DOGE/USDT:USDT exit=2026-07-28 09:50:41 미매칭수량=163.00000000 orderID=100915175009 tradeID=None
2026-08-02 23:16:57,781 [WARNING] [진입유실 방지 자동보정] SHORT DOGE/USDT:USDT exit=2026-07-28 20:36:48 미매칭수량=357.00000000 orderID=100925180835 tradeID=None
2026-08-02 23:16:57,781 [WARNING] [진입유실 방지 자동보정] SHORT DOGE/USDT:USDT exit=2026-07-28 23:00:41 미매칭수량=286.00000000 orderID=100927596061 tradeID=None
2026-08-02 23:16:57,781 [WARNING] [진입유실 방지 자동보정] SHORT DOGE/USDT:USDT exit=2026-07-30 20:51:14 미매칭수량=345.00000000 orderID=100976583122 tradeID=None
2026-08-02 23:16:57,781 [WARNING] [진입유실 방지 자동보정] SHORT DOGE/USDT:USDT exit=2026-07-31 10:01:31 미매칭수량=334.00000000 orderID=100988356319 tradeID=None
2026-08-02 23:16:57,781 [WARNING] [진입유실 방지 자동보정] SHORT DOGE/USDT:USDT exit=2026-08-01 18:02:18 미매칭수량=306.00000000 orderID=101015266902 tradeID=None
2026-08-02 23:16:57,781 [WARNING] [진입유실 방지 자동보정] LONG DOGE/USDT:USDT exit=2026-08-02 11:07:47 미매칭수량=259.00000000 orderID=101028099752 tradeID=None
2026-08-02 23:16:57,781 [WARNING] [진입유실 방지 자동보정] SHORT SOL/USDT:USDT exit=2026-07-29 22:32:08 미매칭수량=0.26000000 orderID=229957663104 tradeID=None
2026-08-02 23:16:57,781 [WARNING] [진입유실 방지 자동보정] LONG SOL/USDT:USDT exit=2026-07-30 02:59:19 미매칭수량=0.33000000 orderID=229996023316 tradeID=None
2026-08-02 23:16:57,781 [WARNING] [진입유실 방지 자동보정] LONG SOL/USDT:USDT exit=2026-07-30 03:32:08 미매칭수량=0.27000000 orderID=230002018782 tradeID=None
2026-08-02 23:16:57,781 [WARNING] [진입유실 방지 자동보정] SHORT SOL/USDT:USDT exit=2026-07-30 20:09:26 미매칭수량=0.32000000 orderID=230154249399 tradeID=None
2026-08-02 23:16:57,781 [WARNING] [진입유실 방지 자동보정] SHORT SOL/USDT:USDT exit=2026-07-30 20:37:48 미매칭수량=0.32000000 orderID=230157644550 tradeID=None
2026-08-02 23:16:57,781 [WARNING] [진입유실 방지 자동보정] SHORT SOL/USDT:USDT exit=2026-08-01 10:32:26 미매칭수량=0.29000000 orderID=230440972735 tradeID=None
2026-08-02 23:16:57,781 [WARNING] [진입유실 방지 자동보정] LONG SOL/USDT:USDT exit=2026-08-02 01:55:54 미매칭수량=0.25000000 orderID=230506472518 tradeID=None
2026-08-02 23:16:57,781 [WARNING] [진입유실 방지 자동보정] LONG SOL/USDT:USDT exit=2026-08-02 03:24:55 미매칭수량=0.20000000 orderID=230517041657 tradeID=None
2026-08-02 23:16:57,782 [WARNING] [진입유실 방지 자동보정] LONG XRP/USDT:USDT exit=2026-07-30 03:32:09 미매칭수량=14.70000000 orderID=154591436270 tradeID=None
2026-08-02 23:16:57,782 [WARNING] [진입유실 방지 자동보정] LONG XRP/USDT:USDT exit=2026-07-30 08:06:13 미매칭수량=18.50000000 orderID=154605732461 tradeID=None
2026-08-02 23:16:57,782 [WARNING] [진입유실 방지 자동보정] LONG XRP/USDT:USDT exit=2026-07-30 22:11:04 미매칭수량=17.50000000 orderID=154637963852 tradeID=None
2026-08-02 23:16:57,782 [WARNING] [진입유실 방지 자동보정] SHORT XRP/USDT:USDT exit=2026-07-31 15:18:55 미매칭수량=28.50000000 orderID=154681353788 tradeID=None
2026-08-02 23:16:57,782 [WARNING] [진입유실 방지 자동보정] LONG XRP/USDT:USDT exit=2026-08-02 07:48:27 미매칭수량=6.70000000 orderID=154765042288 tradeID=None
2026-08-02 23:16:57,782 [WARNING] [진입유실 방지 자동보정] LONG XRP/USDT:USDT exit=2026-08-02 08:25:19 미매칭수량=6.70000000 orderID=154766072211 tradeID=None
2026-08-02 23:16:57,782 [WARNING] [진입유실 방지 자동보정] LONG XRP/USDT:USDT exit=2026-08-02 11:07:15 미매칭수량=16.80000000 orderID=154770811661 tradeID=None
2026-08-02 23:16:57,782 [WARNING] [진입유실 방지 자동보정] SHORT 1000PEPE/USDT:USDT exit=2026-08-02 02:31:36 미매칭수량=1968.00000000 orderID=61389681657 tradeID=None
2026-08-02 23:16:57,782 [WARNING] [진입유실 방지 자동보정] SHORT 1000PEPE/USDT:USDT exit=2026-08-02 02:52:29 미매칭수량=1969.00000000 orderID=61390079427 tradeID=None
2026-08-02 23:16:57,782 [WARNING] [진입유실 방지 자동보정] SHORT 1000PEPE/USDT:USDT exit=2026-08-02 09:25:39 미매칭수량=7585.00000000 orderID=61394822102 tradeID=None
2026-08-02 23:16:57,782 [WARNING] [진입유실 방지 자동보정] SHORT IDOL/USDT:USDT exit=2026-08-02 10:17:17 미매칭수량=445.00000000 orderID=523897304 tradeID=None
2026-08-02 23:17:07,111 [INFO] [SCAN] 블랙리스트 5개 제외: ['IP/USDT:USDT', 'NES/USDT:USDT', 'WLD/USDT:USDT', 'XAG/USDT:USDT', 'XAU/USDT:USDT', 'XAUT/USDT:USDT']
2026-08-02 23:17:07,113 [INFO] [SCAN] 스캔 시작: 30개 페어 (캐시 31개 보유)
2026-08-02 23:17:10,811 [INFO] [SIG] CL/USDT:USDT LONG 신호 포착 (강도 100%)
2026-08-02 23:17:10,811 [INFO] [SIGNAL] CL/USDT:USDT LONG 신호 수신 (strength=100)
2026-08-02 23:17:10,812 [INFO] [🐸 청개구리 역매매] 신호 방향 반전: LONG ➡️ SHORT
2026-08-02 23:17:11,003 [INFO] [RISK OK] CL/USDT:USDT 리스크 체크 통과
2026-08-02 23:17:11,103 [INFO] [ENTRY OK] CL/USDT:USDT 포지션 체크 통과 (현재 2/3)
2026-08-02 23:17:11,103 [INFO] [MARGIN] AUTO_COMPOUND 활성화 감지
2026-08-02 23:17:11,103 [INFO] [COMPOUND OK] 자동 복리 마진: 총 잔고 $9.72, 비율 33.00% → 1회 진입 증거금 $3.21
2026-08-02 23:17:11,103 [INFO] [MARGIN DECISION] symbol=CL/USDT:USDT source=compound_cached margin=3.21 auto_compound=True compound_pct=33.00 fixed_margin=2.00
2026-08-02 23:17:11,207 [INFO] [M4 SIZING] CL/USDT:USDT 잔고=$9.73, 리스크=1.00%, SL거리=0.57% → 증거금=$1.55 (Notional: $17.05)
2026-08-02 23:17:11,207 [INFO] [DualBB SL/TP] CL/USDT:USDT 시그널 내장 가격 기반: SL=80.8055(0.572%) TP=82.1990(1.143%)
2026-08-02 23:17:11,207 [INFO] [FINAL ENTRY] CL/USDT:USDT SELL 주문 실행 예정: margin=$1.55 SL=0.57% TP=1.14%
2026-08-02 23:17:11,207 [INFO] [ORDER PLACE] CL/USDT:USDT place_order 호출 중...
2026-08-02 23:17:17,277 [ERROR] 주문 실패: binance {"code":-4411,"msg":"Please sign TradFi-Perps agreement contract fapi."}
2026-08-02 23:17:17,277 [INFO] [ORDER RESULT] CL/USDT:USDT 주문 결과: None
2026-08-02 23:17:24,735 [INFO] [SIG] HOME/USDT:USDT SHORT 신호 포착 (강도 100%)
2026-08-02 23:17:24,736 [INFO] [SIGNAL] HOME/USDT:USDT SHORT 신호 수신 (strength=100)
2026-08-02 23:17:24,736 [INFO] [🐸 청개구리 역매매] 신호 방향 반전: SHORT ➡️ LONG
2026-08-02 23:17:24,928 [INFO] [RISK OK] HOME/USDT:USDT 리스크 체크 통과
2026-08-02 23:17:25,027 [INFO] [ENTRY BLOCK] HOME/USDT:USDT — 이미 포지션 보유 또는 진입 주문 전송 중
2026-08-02 23:17:27,822 [WARNING] [진입유실 방지 자동보정] LONG 1000SHIB/USDT:USDT exit=2026-07-27 04:30:21 미매칭수량=2189.00000000 orderID=31388901395 tradeID=None
2026-08-02 23:17:27,822 [WARNING] [진입유실 방지 자동보정] SHORT 1000SHIB/USDT:USDT exit=2026-07-27 07:36:19 미매칭수량=1348.00000000 orderID=31393184616 tradeID=None
2026-08-02 23:17:27,822 [WARNING] [진입유실 방지 자동보정] SHORT 1000SHIB/USDT:USDT exit=2026-07-27 11:51:02 미매칭수량=1844.00000000 orderID=31400541745 tradeID=None
2026-08-02 23:17:27,822 [WARNING] [진입유실 방지 자동보정] SHORT 1000SHIB/USDT:USDT exit=2026-07-28 06:12:27 미매칭수량=2192.00000000 orderID=31421063023 tradeID=None
2026-08-02 23:17:27,822 [WARNING] [진입유실 방지 자동보정] SHORT 1000SHIB/USDT:USDT exit=2026-08-02 01:13:53 미매칭수량=1073.00000000 orderID=31502817166 tradeID=None
2026-08-02 23:17:27,822 [WARNING] [진입유실 방지 자동보정] SHORT 1000SHIB/USDT:USDT exit=2026-08-02 02:01:20 미매칭수량=1074.00000000 orderID=31504220662 tradeID=None
2026-08-02 23:17:27,822 [WARNING] [진입유실 방지 자동보정] SHORT 1000SHIB/USDT:USDT exit=2026-08-02 09:45:32 미매칭수량=2285.00000000 orderID=31510623049 tradeID=None
2026-08-02 23:17:27,822 [WARNING] [진입유실 방지 자동보정] SHORT 1000SHIB/USDT:USDT exit=2026-08-02 10:35:19 미매칭수량=2280.00000000 orderID=31511192196 tradeID=None
2026-08-02 23:17:27,822 [WARNING] [진입유실 방지 자동보정] LONG DOGE/USDT:USDT exit=2026-07-28 09:50:41 미매칭수량=163.00000000 orderID=100915175009 tradeID=None
2026-08-02 23:17:27,822 [WARNING] [진입유실 방지 자동보정] SHORT DOGE/USDT:USDT exit=2026-07-28 20:36:48 미매칭수량=357.00000000 orderID=100925180835 tradeID=None
2026-08-02 23:17:27,823 [WARNING] [진입유실 방지 자동보정] SHORT DOGE/USDT:USDT exit=2026-07-28 23:00:41 미매칭수량=286.00000000 orderID=100927596061 tradeID=None
2026-08-02 23:17:27,823 [WARNING] [진입유실 방지 자동보정] SHORT DOGE/USDT:USDT exit=2026-07-30 20:51:14 미매칭수량=345.00000000 orderID=100976583122 tradeID=None
2026-08-02 23:17:27,823 [WARNING] [진입유실 방지 자동보정] SHORT DOGE/USDT:USDT exit=2026-07-31 10:01:31 미매칭수량=334.00000000 orderID=100988356319 tradeID=None
2026-08-02 23:17:27,823 [WARNING] [진입유실 방지 자동보정] SHORT DOGE/USDT:USDT exit=2026-08-01 18:02:18 미매칭수량=306.00000000 orderID=101015266902 tradeID=None
2026-08-02 23:17:27,823 [WARNING] [진입유실 방지 자동보정] LONG DOGE/USDT:USDT exit=2026-08-02 11:07:47 미매칭수량=259.00000000 orderID=101028099752 tradeID=None
2026-08-02 23:17:27,823 [WARNING] [진입유실 방지 자동보정] SHORT SOL/USDT:USDT exit=2026-07-29 22:32:08 미매칭수량=0.26000000 orderID=229957663104 tradeID=None
2026-08-02 23:17:27,823 [WARNING] [진입유실 방지 자동보정] LONG SOL/USDT:USDT exit=2026-07-30 02:59:19 미매칭수량=0.33000000 orderID=229996023316 tradeID=None
2026-08-02 23:17:27,823 [WARNING] [진입유실 방지 자동보정] LONG SOL/USDT:USDT exit=2026-07-30 03:32:08 미매칭수량=0.27000000 orderID=230002018782 tradeID=None
2026-08-02 23:17:27,823 [WARNING] [진입유실 방지 자동보정] SHORT SOL/USDT:USDT exit=2026-07-30 20:09:26 미매칭수량=0.32000000 orderID=230154249399 tradeID=None
2026-08-02 23:17:27,823 [WARNING] [진입유실 방지 자동보정] SHORT SOL/USDT:USDT exit=2026-07-30 20:37:48 미매칭수량=0.32000000 orderID=230157644550 tradeID=None
2026-08-02 23:17:27,823 [WARNING] [진입유실 방지 자동보정] SHORT SOL/USDT:USDT exit=2026-08-01 10:32:26 미매칭수량=0.29000000 orderID=230440972735 tradeID=None
2026-08-02 23:17:27,823 [WARNING] [진입유실 방지 자동보정] LONG SOL/USDT:USDT exit=2026-08-02 01:55:54 미매칭수량=0.25000000 orderID=230506472518 tradeID=None
2026-08-02 23:17:27,823 [WARNING] [진입유실 방지 자동보정] LONG SOL/USDT:USDT exit=2026-08-02 03:24:55 미매칭수량=0.20000000 orderID=230517041657 tradeID=None
2026-08-02 23:17:27,823 [WARNING] [진입유실 방지 자동보정] LONG XRP/USDT:USDT exit=2026-07-30 03:32:09 미매칭수량=14.70000000 orderID=154591436270 tradeID=None
2026-08-02 23:17:27,823 [WARNING] [진입유실 방지 자동보정] LONG XRP/USDT:USDT exit=2026-07-30 08:06:13 미매칭수량=18.50000000 orderID=154605732461 tradeID=None
2026-08-02 23:17:27,823 [WARNING] [진입유실 방지 자동보정] LONG XRP/USDT:USDT exit=2026-07-30 22:11:04 미매칭수량=17.50000000 orderID=154637963852 tradeID=None
2026-08-02 23:17:27,823 [WARNING] [진입유실 방지 자동보정] SHORT XRP/USDT:USDT exit=2026-07-31 15:18:55 미매칭수량=28.50000000 orderID=154681353788 tradeID=None
2026-08-02 23:17:27,823 [WARNING] [진입유실 방지 자동보정] LONG XRP/USDT:USDT exit=2026-08-02 07:48:27 미매칭수량=6.70000000 orderID=154765042288 tradeID=None
2026-08-02 23:17:27,823 [WARNING] [진입유실 방지 자동보정] LONG XRP/USDT:USDT exit=2026-08-02 08:25:19 미매칭수량=6.70000000 orderID=154766072211 tradeID=None
2026-08-02 23:17:27,823 [WARNING] [진입유실 방지 자동보정] LONG XRP/USDT:USDT exit=2026-08-02 11:07:15 미매칭수량=16.80000000 orderID=154770811661 tradeID=None
2026-08-02 23:17:27,823 [WARNING] [진입유실 방지 자동보정] SHORT 1000PEPE/USDT:USDT exit=2026-08-02 02:31:36 미매칭수량=1968.00000000 orderID=61389681657 tradeID=None
2026-08-02 23:17:27,823 [WARNING] [진입유실 방지 자동보정] SHORT 1000PEPE/USDT:USDT exit=2026-08-02 02:52:29 미매칭수량=1969.00000000 orderID=61390079427 tradeID=None
2026-08-02 23:17:27,823 [WARNING] [진입유실 방지 자동보정] SHORT 1000PEPE/USDT:USDT exit=2026-08-02 09:25:39 미매칭수량=7585.00000000 orderID=61394822102 tradeID=None
2026-08-02 23:17:27,823 [WARNING] [진입유실 방지 자동보정] SHORT IDOL/USDT:USDT exit=2026-08-02 10:17:17 미매칭수량=445.00000000 orderID=523897304 tradeID=None
2026-08-02 23:17:28,014 [INFO] [상태] 잔고:$9.70 | 포지션:2개 | 스캔:28회 | 스캐너:ON
2026-08-02 23:17:28,179 [INFO] [SCAN] 완료: 30개 종목 · 신호 2개 · API 호출 30회 · 캐시 히트 0회
2026-08-02 23:17:28,366 [WARNING] [PROTECT GUARD] BNB/USDT:USDT LONG 보호주문 없음(무방비) → TP/SL 재무장 시도
2026-08-02 23:17:31,270 [ERROR] [PROTECT REARM] BNB/USDT:USDT long TP/SL 보호주문 재설정 실패: binance {"code":-4130,"msg":"An open stop or take profit order with GTE and closePosition in the direction is existing."}
2026-08-02 23:17:31,270 [ERROR] [PROTECT GUARD] BNB/USDT:USDT LONG 보호주문 재무장 실패 — 수동 확인 필요
2026-08-02 23:17:31,365 [WARNING] [PROTECT GUARD] HOME/USDT:USDT LONG 보호주문 없음(무방비) → TP/SL 재무장 시도
2026-08-02 23:17:34,278 [ERROR] [PROTECT REARM] HOME/USDT:USDT long TP/SL 보호주문 재설정 실패: binance {"code":-4130,"msg":"An open stop or take profit order with GTE and closePosition in the direction is existing."}
2026-08-02 23:17:34,279 [ERROR] [PROTECT GUARD] HOME/USDT:USDT LONG 보호주문 재무장 실패 — 수동 확인 필요
2026-08-02 23:17:49,478 [INFO] [SCAN] 블랙리스트 5개 제외: ['IP/USDT:USDT', 'NES/USDT:USDT', 'WLD/USDT:USDT', 'XAG/USDT:USDT', 'XAU/USDT:USDT', 'XAUT/USDT:USDT']
2026-08-02 23:17:49,479 [INFO] [SCAN] 스캔 시작: 30개 페어 (캐시 31개 보유)
2026-08-02 23:17:53,173 [INFO] [SIG] CL/USDT:USDT LONG 신호 포착 (강도 100%)
2026-08-02 23:17:53,173 [INFO] [SIGNAL] CL/USDT:USDT LONG 신호 수신 (strength=100)
2026-08-02 23:17:53,174 [INFO] [🐸 청개구리 역매매] 신호 방향 반전: LONG ➡️ SHORT
2026-08-02 23:17:53,363 [INFO] [RISK OK] CL/USDT:USDT 리스크 체크 통과
2026-08-02 23:17:53,459 [INFO] [ENTRY OK] CL/USDT:USDT 포지션 체크 통과 (현재 2/3)
2026-08-02 23:17:53,460 [INFO] [MARGIN] AUTO_COMPOUND 활성화 감지
2026-08-02 23:17:53,460 [INFO] [COMPOUND OK] 자동 복리 마진: 총 잔고 $9.62, 비율 33.00% → 1회 진입 증거금 $3.17
2026-08-02 23:17:53,460 [INFO] [MARGIN DECISION] symbol=CL/USDT:USDT source=compound_cached margin=3.17 auto_compound=True compound_pct=33.00 fixed_margin=2.00
2026-08-02 23:17:53,560 [INFO] [M4 SIZING] CL/USDT:USDT 잔고=$9.62, 리스크=1.00%, SL거리=0.57% → 증거금=$1.53 (Notional: $16.83)
2026-08-02 23:17:53,560 [INFO] [DualBB SL/TP] CL/USDT:USDT 시그널 내장 가격 기반: SL=80.8055(0.572%) TP=82.1990(1.143%)
2026-08-02 23:17:53,560 [INFO] [FINAL ENTRY] CL/USDT:USDT SELL 주문 실행 예정: margin=$1.53 SL=0.57% TP=1.14%
2026-08-02 23:17:53,560 [INFO] [ORDER PLACE] CL/USDT:USDT place_order 호출 중...
2026-08-02 23:17:58,048 [WARNING] [진입유실 방지 자동보정] LONG 1000SHIB/USDT:USDT exit=2026-07-27 04:30:21 미매칭수량=2189.00000000 orderID=31388901395 tradeID=None
2026-08-02 23:17:58,049 [WARNING] [진입유실 방지 자동보정] SHORT 1000SHIB/USDT:USDT exit=2026-07-27 07:36:19 미매칭수량=1348.00000000 orderID=31393184616 tradeID=None
2026-08-02 23:17:58,049 [WARNING] [진입유실 방지 자동보정] SHORT 1000SHIB/USDT:USDT exit=2026-07-27 11:51:02 미매칭수량=1844.00000000 orderID=31400541745 tradeID=None
2026-08-02 23:17:58,049 [WARNING] [진입유실 방지 자동보정] SHORT 1000SHIB/USDT:USDT exit=2026-07-28 06:12:27 미매칭수량=2192.00000000 orderID=31421063023 tradeID=None
2026-08-02 23:17:58,049 [WARNING] [진입유실 방지 자동보정] SHORT 1000SHIB/USDT:USDT exit=2026-08-02 01:13:53 미매칭수량=1073.00000000 orderID=31502817166 tradeID=None
2026-08-02 23:17:58,049 [WARNING] [진입유실 방지 자동보정] SHORT 1000SHIB/USDT:USDT exit=2026-08-02 02:01:20 미매칭수량=1074.00000000 orderID=31504220662 tradeID=None
2026-08-02 23:17:58,049 [WARNING] [진입유실 방지 자동보정] SHORT 1000SHIB/USDT:USDT exit=2026-08-02 09:45:32 미매칭수량=2285.00000000 orderID=31510623049 tradeID=None
2026-08-02 23:17:58,049 [WARNING] [진입유실 방지 자동보정] SHORT 1000SHIB/USDT:USDT exit=2026-08-02 10:35:19 미매칭수량=2280.00000000 orderID=31511192196 tradeID=None
2026-08-02 23:17:58,049 [WARNING] [진입유실 방지 자동보정] LONG DOGE/USDT:USDT exit=2026-07-28 09:50:41 미매칭수량=163.00000000 orderID=100915175009 tradeID=None
2026-08-02 23:17:58,049 [WARNING] [진입유실 방지 자동보정] SHORT DOGE/USDT:USDT exit=2026-07-28 20:36:48 미매칭수량=357.00000000 orderID=100925180835 tradeID=None
2026-08-02 23:17:58,049 [WARNING] [진입유실 방지 자동보정] SHORT DOGE/USDT:USDT exit=2026-07-28 23:00:41 미매칭수량=286.00000000 orderID=100927596061 tradeID=None
2026-08-02 23:17:58,049 [WARNING] [진입유실 방지 자동보정] SHORT DOGE/USDT:USDT exit=2026-07-30 20:51:14 미매칭수량=345.00000000 orderID=100976583122 tradeID=None
2026-08-02 23:17:58,049 [WARNING] [진입유실 방지 자동보정] SHORT DOGE/USDT:USDT exit=2026-07-31 10:01:31 미매칭수량=334.00000000 orderID=100988356319 tradeID=None
2026-08-02 23:17:58,049 [WARNING] [진입유실 방지 자동보정] SHORT DOGE/USDT:USDT exit=2026-08-01 18:02:18 미매칭수량=306.00000000 orderID=101015266902 tradeID=None
2026-08-02 23:17:58,049 [WARNING] [진입유실 방지 자동보정] LONG DOGE/USDT:USDT exit=2026-08-02 11:07:47 미매칭수량=259.00000000 orderID=101028099752 tradeID=None
2026-08-02 23:17:58,049 [WARNING] [진입유실 방지 자동보정] SHORT SOL/USDT:USDT exit=2026-07-29 22:32:08 미매칭수량=0.26000000 orderID=229957663104 tradeID=None
2026-08-02 23:17:58,050 [WARNING] [진입유실 방지 자동보정] LONG SOL/USDT:USDT exit=2026-07-30 02:59:19 미매칭수량=0.33000000 orderID=229996023316 tradeID=None
2026-08-02 23:17:58,050 [WARNING] [진입유실 방지 자동보정] LONG SOL/USDT:USDT exit=2026-07-30 03:32:08 미매칭수량=0.27000000 orderID=230002018782 tradeID=None
2026-08-02 23:17:58,050 [WARNING] [진입유실 방지 자동보정] SHORT SOL/USDT:USDT exit=2026-07-30 20:09:26 미매칭수량=0.32000000 orderID=230154249399 tradeID=None
2026-08-02 23:17:58,050 [WARNING] [진입유실 방지 자동보정] SHORT SOL/USDT:USDT exit=2026-07-30 20:37:48 미매칭수량=0.32000000 orderID=230157644550 tradeID=None
2026-08-02 23:17:58,050 [WARNING] [진입유실 방지 자동보정] SHORT SOL/USDT:USDT exit=2026-08-01 10:32:26 미매칭수량=0.29000000 orderID=230440972735 tradeID=None
2026-08-02 23:17:58,050 [WARNING] [진입유실 방지 자동보정] LONG SOL/USDT:USDT exit=2026-08-02 01:55:54 미매칭수량=0.25000000 orderID=230506472518 tradeID=None
2026-08-02 23:17:58,050 [WARNING] [진입유실 방지 자동보정] LONG SOL/USDT:USDT exit=2026-08-02 03:24:55 미매칭수량=0.20000000 orderID=230517041657 tradeID=None
2026-08-02 23:17:58,050 [WARNING] [진입유실 방지 자동보정] LONG XRP/USDT:USDT exit=2026-07-30 03:32:09 미매칭수량=14.70000000 orderID=154591436270 tradeID=None
2026-08-02 23:17:58,050 [WARNING] [진입유실 방지 자동보정] LONG XRP/USDT:USDT exit=2026-07-30 08:06:13 미매칭수량=18.50000000 orderID=154605732461 tradeID=None
2026-08-02 23:17:58,050 [WARNING] [진입유실 방지 자동보정] LONG XRP/USDT:USDT exit=2026-07-30 22:11:04 미매칭수량=17.50000000 orderID=154637963852 tradeID=None
2026-08-02 23:17:58,050 [WARNING] [진입유실 방지 자동보정] SHORT XRP/USDT:USDT exit=2026-07-31 15:18:55 미매칭수량=28.50000000 orderID=154681353788 tradeID=None
2026-08-02 23:17:58,050 [WARNING] [진입유실 방지 자동보정] LONG XRP/USDT:USDT exit=2026-08-02 07:48:27 미매칭수량=6.70000000 orderID=154765042288 tradeID=None
2026-08-02 23:17:58,050 [WARNING] [진입유실 방지 자동보정] LONG XRP/USDT:USDT exit=2026-08-02 08:25:19 미매칭수량=6.70000000 orderID=154766072211 tradeID=None
2026-08-02 23:17:58,050 [WARNING] [진입유실 방지 자동보정] LONG XRP/USDT:USDT exit=2026-08-02 11:07:15 미매칭수량=16.80000000 orderID=154770811661 tradeID=None
2026-08-02 23:17:58,050 [WARNING] [진입유실 방지 자동보정] SHORT 1000PEPE/USDT:USDT exit=2026-08-02 02:31:36 미매칭수량=1968.00000000 orderID=61389681657 tradeID=None
2026-08-02 23:17:58,050 [WARNING] [진입유실 방지 자동보정] SHORT 1000PEPE/USDT:USDT exit=2026-08-02 02:52:29 미매칭수량=1969.00000000 orderID=61390079427 tradeID=None
2026-08-02 23:17:58,050 [WARNING] [진입유실 방지 자동보정] SHORT 1000PEPE/USDT:USDT exit=2026-08-02 09:25:39 미매칭수량=7585.00000000 orderID=61394822102 tradeID=None
2026-08-02 23:17:58,050 [WARNING] [진입유실 방지 자동보정] SHORT IDOL/USDT:USDT exit=2026-08-02 10:17:17 미매칭수량=445.00000000 orderID=523897304 tradeID=None
2026-08-02 23:17:59,634 [ERROR] 주문 실패: binance {"code":-4411,"msg":"Please sign TradFi-Perps agreement contract fapi."}
2026-08-02 23:17:59,635 [INFO] [ORDER RESULT] CL/USDT:USDT 주문 결과: None
2026-08-02 23:18:07,153 [INFO] [SIG] HOME/USDT:USDT SHORT 신호 포착 (강도 100%)
2026-08-02 23:18:07,153 [INFO] [SIGNAL] HOME/USDT:USDT SHORT 신호 수신 (strength=100)
2026-08-02 23:18:07,153 [INFO] [🐸 청개구리 역매매] 신호 방향 반전: SHORT ➡️ LONG
2026-08-02 23:18:07,340 [INFO] [RISK OK] HOME/USDT:USDT 리스크 체크 통과
2026-08-02 23:18:07,433 [INFO] [ENTRY BLOCK] HOME/USDT:USDT — 이미 포지션 보유 또는 진입 주문 전송 중
2026-08-02 23:18:10,628 [INFO] [SCAN] 완료: 30개 종목 · 신호 2개 · API 호출 30회 · 캐시 히트 0회
2026-08-02 23:18:25,819 [INFO] [SCAN] 블랙리스트 5개 제외: ['IP/USDT:USDT', 'NES/USDT:USDT', 'WLD/USDT:USDT', 'XAG/USDT:USDT', 'XAU/USDT:USDT', 'XAUT/USDT:USDT']
2026-08-02 23:18:25,821 [INFO] [SCAN] 스캔 시작: 30개 페어 (캐시 31개 보유)
2026-08-02 23:18:28,096 [WARNING] [진입유실 방지 자동보정] LONG 1000SHIB/USDT:USDT exit=2026-07-27 04:30:21 미매칭수량=2189.00000000 orderID=31388901395 tradeID=None
2026-08-02 23:18:28,096 [WARNING] [진입유실 방지 자동보정] SHORT 1000SHIB/USDT:USDT exit=2026-07-27 07:36:19 미매칭수량=1348.00000000 orderID=31393184616 tradeID=None
2026-08-02 23:18:28,097 [WARNING] [진입유실 방지 자동보정] SHORT 1000SHIB/USDT:USDT exit=2026-07-27 11:51:02 미매칭수량=1844.00000000 orderID=31400541745 tradeID=None
2026-08-02 23:18:28,097 [WARNING] [진입유실 방지 자동보정] SHORT 1000SHIB/USDT:USDT exit=2026-07-28 06:12:27 미매칭수량=2192.00000000 orderID=31421063023 tradeID=None
2026-08-02 23:18:28,097 [WARNING] [진입유실 방지 자동보정] SHORT 1000SHIB/USDT:USDT exit=2026-08-02 01:13:53 미매칭수량=1073.00000000 orderID=31502817166 tradeID=None
2026-08-02 23:18:28,097 [WARNING] [진입유실 방지 자동보정] SHORT 1000SHIB/USDT:USDT exit=2026-08-02 02:01:20 미매칭수량=1074.00000000 orderID=31504220662 tradeID=None
2026-08-02 23:18:28,097 [WARNING] [진입유실 방지 자동보정] SHORT 1000SHIB/USDT:USDT exit=2026-08-02 09:45:32 미매칭수량=2285.00000000 orderID=31510623049 tradeID=None
2026-08-02 23:18:28,097 [WARNING] [진입유실 방지 자동보정] SHORT 1000SHIB/USDT:USDT exit=2026-08-02 10:35:19 미매칭수량=2280.00000000 orderID=31511192196 tradeID=None
2026-08-02 23:18:28,097 [WARNING] [진입유실 방지 자동보정] LONG DOGE/USDT:USDT exit=2026-07-28 09:50:41 미매칭수량=163.00000000 orderID=100915175009 tradeID=None
2026-08-02 23:18:28,097 [WARNING] [진입유실 방지 자동보정] SHORT DOGE/USDT:USDT exit=2026-07-28 20:36:48 미매칭수량=357.00000000 orderID=100925180835 tradeID=None
2026-08-02 23:18:28,097 [WARNING] [진입유실 방지 자동보정] SHORT DOGE/USDT:USDT exit=2026-07-28 23:00:41 미매칭수량=286.00000000 orderID=100927596061 tradeID=None
2026-08-02 23:18:28,097 [WARNING] [진입유실 방지 자동보정] SHORT DOGE/USDT:USDT exit=2026-07-30 20:51:14 미매칭수량=345.00000000 orderID=100976583122 tradeID=None
2026-08-02 23:18:28,097 [WARNING] [진입유실 방지 자동보정] SHORT DOGE/USDT:USDT exit=2026-07-31 10:01:31 미매칭수량=334.00000000 orderID=100988356319 tradeID=None
2026-08-02 23:18:28,097 [WARNING] [진입유실 방지 자동보정] SHORT DOGE/USDT:USDT exit=2026-08-01 18:02:18 미매칭수량=306.00000000 orderID=101015266902 tradeID=None
2026-08-02 23:18:28,097 [WARNING] [진입유실 방지 자동보정] LONG DOGE/USDT:USDT exit=2026-08-02 11:07:47 미매칭수량=259.00000000 orderID=101028099752 tradeID=None
2026-08-02 23:18:28,097 [WARNING] [진입유실 방지 자동보정] SHORT SOL/USDT:USDT exit=2026-07-29 22:32:08 미매칭수량=0.26000000 orderID=229957663104 tradeID=None
2026-08-02 23:18:28,097 [WARNING] [진입유실 방지 자동보정] LONG SOL/USDT:USDT exit=2026-07-30 02:59:19 미매칭수량=0.33000000 orderID=229996023316 tradeID=None
2026-08-02 23:18:28,097 [WARNING] [진입유실 방지 자동보정] LONG SOL/USDT:USDT exit=2026-07-30 03:32:08 미매칭수량=0.27000000 orderID=230002018782 tradeID=None
2026-08-02 23:18:28,097 [WARNING] [진입유실 방지 자동보정] SHORT SOL/USDT:USDT exit=2026-07-30 20:09:26 미매칭수량=0.32000000 orderID=230154249399 tradeID=None
2026-08-02 23:18:28,097 [WARNING] [진입유실 방지 자동보정] SHORT SOL/USDT:USDT exit=2026-07-30 20:37:48 미매칭수량=0.32000000 orderID=230157644550 tradeID=None
2026-08-02 23:18:28,097 [WARNING] [진입유실 방지 자동보정] SHORT SOL/USDT:USDT exit=2026-08-01 10:32:26 미매칭수량=0.29000000 orderID=230440972735 tradeID=None
2026-08-02 23:18:28,098 [WARNING] [진입유실 방지 자동보정] LONG SOL/USDT:USDT exit=2026-08-02 01:55:54 미매칭수량=0.25000000 orderID=230506472518 tradeID=None
2026-08-02 23:18:28,098 [WARNING] [진입유실 방지 자동보정] LONG SOL/USDT:USDT exit=2026-08-02 03:24:55 미매칭수량=0.20000000 orderID=230517041657 tradeID=None
2026-08-02 23:18:28,098 [WARNING] [진입유실 방지 자동보정] LONG XRP/USDT:USDT exit=2026-07-30 03:32:09 미매칭수량=14.70000000 orderID=154591436270 tradeID=None
2026-08-02 23:18:28,098 [WARNING] [진입유실 방지 자동보정] LONG XRP/USDT:USDT exit=2026-07-30 08:06:13 미매칭수량=18.50000000 orderID=154605732461 tradeID=None
2026-08-02 23:18:28,098 [WARNING] [진입유실 방지 자동보정] LONG XRP/USDT:USDT exit=2026-07-30 22:11:04 미매칭수량=17.50000000 orderID=154637963852 tradeID=None
2026-08-02 23:18:28,098 [WARNING] [진입유실 방지 자동보정] SHORT XRP/USDT:USDT exit=2026-07-31 15:18:55 미매칭수량=28.50000000 orderID=154681353788 tradeID=None
2026-08-02 23:18:28,098 [WARNING] [진입유실 방지 자동보정] LONG XRP/USDT:USDT exit=2026-08-02 07:48:27 미매칭수량=6.70000000 orderID=154765042288 tradeID=None
2026-08-02 23:18:28,098 [WARNING] [진입유실 방지 자동보정] LONG XRP/USDT:USDT exit=2026-08-02 08:25:19 미매칭수량=6.70000000 orderID=154766072211 tradeID=None
2026-08-02 23:18:28,098 [WARNING] [진입유실 방지 자동보정] LONG XRP/USDT:USDT exit=2026-08-02 11:07:15 미매칭수량=16.80000000 orderID=154770811661 tradeID=None
2026-08-02 23:18:28,098 [WARNING] [진입유실 방지 자동보정] SHORT 1000PEPE/USDT:USDT exit=2026-08-02 02:31:36 미매칭수량=1968.00000000 orderID=61389681657 tradeID=None
2026-08-02 23:18:28,098 [WARNING] [진입유실 방지 자동보정] SHORT 1000PEPE/USDT:USDT exit=2026-08-02 02:52:29 미매칭수량=1969.00000000 orderID=61390079427 tradeID=None
2026-08-02 23:18:28,098 [WARNING] [진입유실 방지 자동보정] SHORT 1000PEPE/USDT:USDT exit=2026-08-02 09:25:39 미매칭수량=7585.00000000 orderID=61394822102 tradeID=None
2026-08-02 23:18:28,098 [WARNING] [진입유실 방지 자동보정] SHORT IDOL/USDT:USDT exit=2026-08-02 10:17:17 미매칭수량=445.00000000 orderID=523897304 tradeID=None
2026-08-02 23:18:28,288 [INFO] [상태] 잔고:$9.64 | 포지션:2개 | 스캔:30회 | 스캐너:ON
2026-08-02 23:18:29,561 [INFO] [SIG] CL/USDT:USDT LONG 신호 포착 (강도 100%)
2026-08-02 23:18:29,561 [INFO] [SIGNAL] CL/USDT:USDT LONG 신호 수신 (strength=100)
2026-08-02 23:18:29,561 [INFO] [🐸 청개구리 역매매] 신호 방향 반전: LONG ➡️ SHORT
2026-08-02 23:18:29,768 [INFO] [RISK OK] CL/USDT:USDT 리스크 체크 통과
2026-08-02 23:18:29,864 [INFO] [ENTRY OK] CL/USDT:USDT 포지션 체크 통과 (현재 2/3)
2026-08-02 23:18:29,864 [INFO] [MARGIN] AUTO_COMPOUND 활성화 감지
2026-08-02 23:18:29,864 [INFO] [COMPOUND OK] 자동 복리 마진: 총 잔고 $9.64, 비율 33.00% → 1회 진입 증거금 $3.18
2026-08-02 23:18:29,864 [INFO] [MARGIN DECISION] symbol=CL/USDT:USDT source=compound_cached margin=3.18 auto_compound=True compound_pct=33.00 fixed_margin=2.00
2026-08-02 23:18:29,961 [INFO] [M4 SIZING] CL/USDT:USDT 잔고=$9.64, 리스크=1.00%, SL거리=0.57% → 증거금=$1.53 (Notional: $16.83)
2026-08-02 23:18:29,961 [INFO] [DualBB SL/TP] CL/USDT:USDT 시그널 내장 가격 기반: SL=80.8055(0.572%) TP=82.1990(1.143%)
2026-08-02 23:18:29,961 [INFO] [FINAL ENTRY] CL/USDT:USDT SELL 주문 실행 예정: margin=$1.53 SL=0.57% TP=1.14%
2026-08-02 23:18:29,961 [INFO] [ORDER PLACE] CL/USDT:USDT place_order 호출 중...
2026-08-02 23:18:36,046 [ERROR] 주문 실패: binance {"code":-4411,"msg":"Please sign TradFi-Perps agreement contract fapi."}
2026-08-02 23:18:36,046 [INFO] [ORDER RESULT] CL/USDT:USDT 주문 결과: None
2026-08-02 23:18:43,547 [INFO] [SIG] HOME/USDT:USDT SHORT 신호 포착 (강도 100%)
2026-08-02 23:18:43,547 [INFO] [SIGNAL] HOME/USDT:USDT SHORT 신호 수신 (strength=100)
2026-08-02 23:18:43,547 [INFO] [🐸 청개구리 역매매] 신호 방향 반전: SHORT ➡️ LONG
2026-08-02 23:18:43,742 [INFO] [RISK OK] HOME/USDT:USDT 리스크 체크 통과
2026-08-02 23:18:43,835 [INFO] [ENTRY BLOCK] HOME/USDT:USDT — 이미 포지션 보유 또는 진입 주문 전송 중
2026-08-02 23:18:47,005 [INFO] [SCAN] 완료: 30개 종목 · 신호 2개 · API 호출 30회 · 캐시 히트 0회
2026-08-02 23:18:47,195 [WARNING] [PROTECT GUARD] BNB/USDT:USDT LONG 보호주문 없음(무방비) → TP/SL 재무장 시도
2026-08-02 23:18:50,111 [ERROR] [PROTECT REARM] BNB/USDT:USDT long TP/SL 보호주문 재설정 실패: binance {"code":-4130,"msg":"An open stop or take profit order with GTE and closePosition in the direction is existing."}
2026-08-02 23:18:50,112 [ERROR] [PROTECT GUARD] BNB/USDT:USDT LONG 보호주문 재무장 실패 — 수동 확인 필요
2026-08-02 23:18:50,203 [WARNING] [PROTECT GUARD] HOME/USDT:USDT LONG 보호주문 없음(무방비) → TP/SL 재무장 시도
2026-08-02 23:18:53,141 [ERROR] [PROTECT REARM] HOME/USDT:USDT long TP/SL 보호주문 재설정 실패: binance {"code":-4130,"msg":"An open stop or take profit order with GTE and closePosition in the direction is existing."}
2026-08-02 23:18:53,143 [ERROR] [PROTECT GUARD] HOME/USDT:USDT LONG 보호주문 재무장 실패 — 수동 확인 필요
2026-08-02 23:18:58,329 [WARNING] [진입유실 방지 자동보정] LONG 1000SHIB/USDT:USDT exit=2026-07-27 04:30:21 미매칭수량=2189.00000000 orderID=31388901395 tradeID=None
2026-08-02 23:18:58,329 [WARNING] [진입유실 방지 자동보정] SHORT 1000SHIB/USDT:USDT exit=2026-07-27 07:36:19 미매칭수량=1348.00000000 orderID=31393184616 tradeID=None
2026-08-02 23:18:58,329 [WARNING] [진입유실 방지 자동보정] SHORT 1000SHIB/USDT:USDT exit=2026-07-27 11:51:02 미매칭수량=1844.00000000 orderID=31400541745 tradeID=None
2026-08-02 23:18:58,329 [WARNING] [진입유실 방지 자동보정] SHORT 1000SHIB/USDT:USDT exit=2026-07-28 06:12:27 미매칭수량=2192.00000000 orderID=31421063023 tradeID=None
2026-08-02 23:18:58,329 [WARNING] [진입유실 방지 자동보정] SHORT 1000SHIB/USDT:USDT exit=2026-08-02 01:13:53 미매칭수량=1073.00000000 orderID=31502817166 tradeID=None
2026-08-02 23:18:58,329 [WARNING] [진입유실 방지 자동보정] SHORT 1000SHIB/USDT:USDT exit=2026-08-02 02:01:20 미매칭수량=1074.00000000 orderID=31504220662 tradeID=None
2026-08-02 23:18:58,329 [WARNING] [진입유실 방지 자동보정] SHORT 1000SHIB/USDT:USDT exit=2026-08-02 09:45:32 미매칭수량=2285.00000000 orderID=31510623049 tradeID=None
2026-08-02 23:18:58,330 [WARNING] [진입유실 방지 자동보정] SHORT 1000SHIB/USDT:USDT exit=2026-08-02 10:35:19 미매칭수량=2280.00000000 orderID=31511192196 tradeID=None
2026-08-02 23:18:58,330 [WARNING] [진입유실 방지 자동보정] LONG DOGE/USDT:USDT exit=2026-07-28 09:50:41 미매칭수량=163.00000000 orderID=100915175009 tradeID=None
2026-08-02 23:18:58,330 [WARNING] [진입유실 방지 자동보정] SHORT DOGE/USDT:USDT exit=2026-07-28 20:36:48 미매칭수량=357.00000000 orderID=100925180835 tradeID=None
2026-08-02 23:18:58,330 [WARNING] [진입유실 방지 자동보정] SHORT DOGE/USDT:USDT exit=2026-07-28 23:00:41 미매칭수량=286.00000000 orderID=100927596061 tradeID=None
2026-08-02 23:18:58,330 [WARNING] [진입유실 방지 자동보정] SHORT DOGE/USDT:USDT exit=2026-07-30 20:51:14 미매칭수량=345.00000000 orderID=100976583122 tradeID=None
2026-08-02 23:18:58,330 [WARNING] [진입유실 방지 자동보정] SHORT DOGE/USDT:USDT exit=2026-07-31 10:01:31 미매칭수량=334.00000000 orderID=100988356319 tradeID=None
2026-08-02 23:18:58,330 [WARNING] [진입유실 방지 자동보정] SHORT DOGE/USDT:USDT exit=2026-08-01 18:02:18 미매칭수량=306.00000000 orderID=101015266902 tradeID=None
2026-08-02 23:18:58,330 [WARNING] [진입유실 방지 자동보정] LONG DOGE/USDT:USDT exit=2026-08-02 11:07:47 미매칭수량=259.00000000 orderID=101028099752 tradeID=None
2026-08-02 23:18:58,330 [WARNING] [진입유실 방지 자동보정] SHORT SOL/USDT:USDT exit=2026-07-29 22:32:08 미매칭수량=0.26000000 orderID=229957663104 tradeID=None
2026-08-02 23:18:58,330 [WARNING] [진입유실 방지 자동보정] LONG SOL/USDT:USDT exit=2026-07-30 02:59:19 미매칭수량=0.33000000 orderID=229996023316 tradeID=None
2026-08-02 23:18:58,330 [WARNING] [진입유실 방지 자동보정] LONG SOL/USDT:USDT exit=2026-07-30 03:32:08 미매칭수량=0.27000000 orderID=230002018782 tradeID=None
2026-08-02 23:18:58,330 [WARNING] [진입유실 방지 자동보정] SHORT SOL/USDT:USDT exit=2026-07-30 20:09:26 미매칭수량=0.32000000 orderID=230154249399 tradeID=None
2026-08-02 23:18:58,330 [WARNING] [진입유실 방지 자동보정] SHORT SOL/USDT:USDT exit=2026-07-30 20:37:48 미매칭수량=0.32000000 orderID=230157644550 tradeID=None
2026-08-02 23:18:58,330 [WARNING] [진입유실 방지 자동보정] SHORT SOL/USDT:USDT exit=2026-08-01 10:32:26 미매칭수량=0.29000000 orderID=230440972735 tradeID=None
2026-08-02 23:18:58,330 [WARNING] [진입유실 방지 자동보정] LONG SOL/USDT:USDT exit=2026-08-02 01:55:54 미매칭수량=0.25000000 orderID=230506472518 tradeID=None
2026-08-02 23:18:58,330 [WARNING] [진입유실 방지 자동보정] LONG SOL/USDT:USDT exit=2026-08-02 03:24:55 미매칭수량=0.20000000 orderID=230517041657 tradeID=None
2026-08-02 23:18:58,330 [WARNING] [진입유실 방지 자동보정] LONG XRP/USDT:USDT exit=2026-07-30 03:32:09 미매칭수량=14.70000000 orderID=154591436270 tradeID=None
2026-08-02 23:18:58,330 [WARNING] [진입유실 방지 자동보정] LONG XRP/USDT:USDT exit=2026-07-30 08:06:13 미매칭수량=18.50000000 orderID=154605732461 tradeID=None
2026-08-02 23:18:58,330 [WARNING] [진입유실 방지 자동보정] LONG XRP/USDT:USDT exit=2026-07-30 22:11:04 미매칭수량=17.50000000 orderID=154637963852 tradeID=None
2026-08-02 23:18:58,330 [WARNING] [진입유실 방지 자동보정] SHORT XRP/USDT:USDT exit=2026-07-31 15:18:55 미매칭수량=28.50000000 orderID=154681353788 tradeID=None
2026-08-02 23:18:58,330 [WARNING] [진입유실 방지 자동보정] LONG XRP/USDT:USDT exit=2026-08-02 07:48:27 미매칭수량=6.70000000 orderID=154765042288 tradeID=None
2026-08-02 23:18:58,330 [WARNING] [진입유실 방지 자동보정] LONG XRP/USDT:USDT exit=2026-08-02 08:25:19 미매칭수량=6.70000000 orderID=154766072211 tradeID=None
2026-08-02 23:18:58,330 [WARNING] [진입유실 방지 자동보정] LONG XRP/USDT:USDT exit=2026-08-02 11:07:15 미매칭수량=16.80000000 orderID=154770811661 tradeID=None
2026-08-02 23:18:58,330 [WARNING] [진입유실 방지 자동보정] SHORT 1000PEPE/USDT:USDT exit=2026-08-02 02:31:36 미매칭수량=1968.00000000 orderID=61389681657 tradeID=None
2026-08-02 23:18:58,330 [WARNING] [진입유실 방지 자동보정] SHORT 1000PEPE/USDT:USDT exit=2026-08-02 02:52:29 미매칭수량=1969.00000000 orderID=61390079427 tradeID=None
2026-08-02 23:18:58,330 [WARNING] [진입유실 방지 자동보정] SHORT 1000PEPE/USDT:USDT exit=2026-08-02 09:25:39 미매칭수량=7585.00000000 orderID=61394822102 tradeID=None
2026-08-02 23:18:58,331 [WARNING] [진입유실 방지 자동보정] SHORT IDOL/USDT:USDT exit=2026-08-02 10:17:17 미매칭수량=445.00000000 orderID=523897304 tradeID=None
2026-08-02 23:19:08,320 [INFO] [SCAN] 블랙리스트 5개 제외: ['IP/USDT:USDT', 'NES/USDT:USDT', 'WLD/USDT:USDT', 'XAG/USDT:USDT', 'XAU/USDT:USDT', 'XAUT/USDT:USDT']
2026-08-02 23:19:08,321 [INFO] [SCAN] 스캔 시작: 30개 페어 (캐시 31개 보유)
2026-08-02 23:19:12,035 [INFO] [SIG] CL/USDT:USDT LONG 신호 포착 (강도 100%)
2026-08-02 23:19:12,035 [INFO] [SIGNAL] CL/USDT:USDT LONG 신호 수신 (strength=100)
2026-08-02 23:19:12,035 [INFO] [🐸 청개구리 역매매] 신호 방향 반전: LONG ➡️ SHORT
2026-08-02 23:19:12,228 [INFO] [RISK OK] CL/USDT:USDT 리스크 체크 통과
2026-08-02 23:19:12,328 [INFO] [ENTRY OK] CL/USDT:USDT 포지션 체크 통과 (현재 2/3)
2026-08-02 23:19:12,328 [INFO] [MARGIN] AUTO_COMPOUND 활성화 감지
2026-08-02 23:19:12,328 [INFO] [COMPOUND OK] 자동 복리 마진: 총 잔고 $9.62, 비율 33.00% → 1회 진입 증거금 $3.18
2026-08-02 23:19:12,328 [INFO] [MARGIN DECISION] symbol=CL/USDT:USDT source=compound_cached margin=3.18 auto_compound=True compound_pct=33.00 fixed_margin=2.00
2026-08-02 23:19:12,441 [INFO] [M4 SIZING] CL/USDT:USDT 잔고=$9.62, 리스크=1.00%, SL거리=0.57% → 증거금=$1.53 (Notional: $16.83)
2026-08-02 23:19:12,441 [INFO] [DualBB SL/TP] CL/USDT:USDT 시그널 내장 가격 기반: SL=80.8055(0.572%) TP=82.1990(1.143%)
2026-08-02 23:19:12,441 [INFO] [FINAL ENTRY] CL/USDT:USDT SELL 주문 실행 예정: margin=$1.53 SL=0.57% TP=1.14%
2026-08-02 23:19:12,441 [INFO] [ORDER PLACE] CL/USDT:USDT place_order 호출 중...
2026-08-02 23:19:18,534 [ERROR] 주문 실패: binance {"code":-4411,"msg":"Please sign TradFi-Perps agreement contract fapi."}
2026-08-02 23:19:18,536 [INFO] [ORDER RESULT] CL/USDT:USDT 주문 결과: None
2026-08-02 23:19:26,156 [INFO] [SIG] HOME/USDT:USDT SHORT 신호 포착 (강도 100%)
2026-08-02 23:19:26,156 [INFO] [SIGNAL] HOME/USDT:USDT SHORT 신호 수신 (strength=100)
2026-08-02 23:19:26,156 [INFO] [🐸 청개구리 역매매] 신호 방향 반전: SHORT ➡️ LONG
2026-08-02 23:19:26,357 [INFO] [RISK OK] HOME/USDT:USDT 리스크 체크 통과
2026-08-02 23:19:26,456 [INFO] [ENTRY BLOCK] HOME/USDT:USDT — 이미 포지션 보유 또는 진입 주문 전송 중
2026-08-02 23:19:28,368 [WARNING] [진입유실 방지 자동보정] LONG 1000SHIB/USDT:USDT exit=2026-07-27 04:30:21 미매칭수량=2189.00000000 orderID=31388901395 tradeID=None
2026-08-02 23:19:28,369 [WARNING] [진입유실 방지 자동보정] SHORT 1000SHIB/USDT:USDT exit=2026-07-27 07:36:19 미매칭수량=1348.00000000 orderID=31393184616 tradeID=None
2026-08-02 23:19:28,369 [WARNING] [진입유실 방지 자동보정] SHORT 1000SHIB/USDT:USDT exit=2026-07-27 11:51:02 미매칭수량=1844.00000000 orderID=31400541745 tradeID=None
2026-08-02 23:19:28,369 [WARNING] [진입유실 방지 자동보정] SHORT 1000SHIB/USDT:USDT exit=2026-07-28 06:12:27 미매칭수량=2192.00000000 orderID=31421063023 tradeID=None
2026-08-02 23:19:28,369 [WARNING] [진입유실 방지 자동보정] SHORT 1000SHIB/USDT:USDT exit=2026-08-02 01:13:53 미매칭수량=1073.00000000 orderID=31502817166 tradeID=None
2026-08-02 23:19:28,369 [WARNING] [진입유실 방지 자동보정] SHORT 1000SHIB/USDT:USDT exit=2026-08-02 02:01:20 미매칭수량=1074.00000000 orderID=31504220662 tradeID=None
2026-08-02 23:19:28,369 [WARNING] [진입유실 방지 자동보정] SHORT 1000SHIB/USDT:USDT exit=2026-08-02 09:45:32 미매칭수량=2285.00000000 orderID=31510623049 tradeID=None
2026-08-02 23:19:28,369 [WARNING] [진입유실 방지 자동보정] SHORT 1000SHIB/USDT:USDT exit=2026-08-02 10:35:19 미매칭수량=2280.00000000 orderID=31511192196 tradeID=None
2026-08-02 23:19:28,369 [WARNING] [진입유실 방지 자동보정] LONG DOGE/USDT:USDT exit=2026-07-28 09:50:41 미매칭수량=163.00000000 orderID=100915175009 tradeID=None
2026-08-02 23:19:28,369 [WARNING] [진입유실 방지 자동보정] SHORT DOGE/USDT:USDT exit=2026-07-28 20:36:48 미매칭수량=357.00000000 orderID=100925180835 tradeID=None
2026-08-02 23:19:28,369 [WARNING] [진입유실 방지 자동보정] SHORT DOGE/USDT:USDT exit=2026-07-28 23:00:41 미매칭수량=286.00000000 orderID=100927596061 tradeID=None
2026-08-02 23:19:28,369 [WARNING] [진입유실 방지 자동보정] SHORT DOGE/USDT:USDT exit=2026-07-30 20:51:14 미매칭수량=345.00000000 orderID=100976583122 tradeID=None
2026-08-02 23:19:28,369 [WARNING] [진입유실 방지 자동보정] SHORT DOGE/USDT:USDT exit=2026-07-31 10:01:31 미매칭수량=334.00000000 orderID=100988356319 tradeID=None
2026-08-02 23:19:28,369 [WARNING] [진입유실 방지 자동보정] SHORT DOGE/USDT:USDT exit=2026-08-01 18:02:18 미매칭수량=306.00000000 orderID=101015266902 tradeID=None
2026-08-02 23:19:28,369 [WARNING] [진입유실 방지 자동보정] LONG DOGE/USDT:USDT exit=2026-08-02 11:07:47 미매칭수량=259.00000000 orderID=101028099752 tradeID=None
2026-08-02 23:19:28,369 [WARNING] [진입유실 방지 자동보정] SHORT SOL/USDT:USDT exit=2026-07-29 22:32:08 미매칭수량=0.26000000 orderID=229957663104 tradeID=None
2026-08-02 23:19:28,369 [WARNING] [진입유실 방지 자동보정] LONG SOL/USDT:USDT exit=2026-07-30 02:59:19 미매칭수량=0.33000000 orderID=229996023316 tradeID=None
2026-08-02 23:19:28,369 [WARNING] [진입유실 방지 자동보정] LONG SOL/USDT:USDT exit=2026-07-30 03:32:08 미매칭수량=0.27000000 orderID=230002018782 tradeID=None
2026-08-02 23:19:28,369 [WARNING] [진입유실 방지 자동보정] SHORT SOL/USDT:USDT exit=2026-07-30 20:09:26 미매칭수량=0.32000000 orderID=230154249399 tradeID=None
2026-08-02 23:19:28,369 [WARNING] [진입유실 방지 자동보정] SHORT SOL/USDT:USDT exit=2026-07-30 20:37:48 미매칭수량=0.32000000 orderID=230157644550 tradeID=None
2026-08-02 23:19:28,369 [WARNING] [진입유실 방지 자동보정] SHORT SOL/USDT:USDT exit=2026-08-01 10:32:26 미매칭수량=0.29000000 orderID=230440972735 tradeID=None
2026-08-02 23:19:28,369 [WARNING] [진입유실 방지 자동보정] LONG SOL/USDT:USDT exit=2026-08-02 01:55:54 미매칭수량=0.25000000 orderID=230506472518 tradeID=None
2026-08-02 23:19:28,369 [WARNING] [진입유실 방지 자동보정] LONG SOL/USDT:USDT exit=2026-08-02 03:24:55 미매칭수량=0.20000000 orderID=230517041657 tradeID=None
2026-08-02 23:19:28,369 [WARNING] [진입유실 방지 자동보정] LONG XRP/USDT:USDT exit=2026-07-30 03:32:09 미매칭수량=14.70000000 orderID=154591436270 tradeID=None
2026-08-02 23:19:28,369 [WARNING] [진입유실 방지 자동보정] LONG XRP/USDT:USDT exit=2026-07-30 08:06:13 미매칭수량=18.50000000 orderID=154605732461 tradeID=None
2026-08-02 23:19:28,369 [WARNING] [진입유실 방지 자동보정] LONG XRP/USDT:USDT exit=2026-07-30 22:11:04 미매칭수량=17.50000000 orderID=154637963852 tradeID=None
2026-08-02 23:19:28,369 [WARNING] [진입유실 방지 자동보정] SHORT XRP/USDT:USDT exit=2026-07-31 15:18:55 미매칭수량=28.50000000 orderID=154681353788 tradeID=None
2026-08-02 23:19:28,369 [WARNING] [진입유실 방지 자동보정] LONG XRP/USDT:USDT exit=2026-08-02 07:48:27 미매칭수량=6.70000000 orderID=154765042288 tradeID=None
2026-08-02 23:19:28,370 [WARNING] [진입유실 방지 자동보정] LONG XRP/USDT:USDT exit=2026-08-02 08:25:19 미매칭수량=6.70000000 orderID=154766072211 tradeID=None
2026-08-02 23:19:28,370 [WARNING] [진입유실 방지 자동보정] LONG XRP/USDT:USDT exit=2026-08-02 11:07:15 미매칭수량=16.80000000 orderID=154770811661 tradeID=None
2026-08-02 23:19:28,370 [WARNING] [진입유실 방지 자동보정] SHORT 1000PEPE/USDT:USDT exit=2026-08-02 02:31:36 미매칭수량=1968.00000000 orderID=61389681657 tradeID=None
2026-08-02 23:19:28,370 [WARNING] [진입유실 방지 자동보정] SHORT 1000PEPE/USDT:USDT exit=2026-08-02 02:52:29 미매칭수량=1969.00000000 orderID=61390079427 tradeID=None
2026-08-02 23:19:28,370 [WARNING] [진입유실 방지 자동보정] SHORT 1000PEPE/USDT:USDT exit=2026-08-02 09:25:39 미매칭수량=7585.00000000 orderID=61394822102 tradeID=None
2026-08-02 23:19:28,370 [WARNING] [진입유실 방지 자동보정] SHORT IDOL/USDT:USDT exit=2026-08-02 10:17:17 미매칭수량=445.00000000 orderID=523897304 tradeID=None
2026-08-02 23:19:28,569 [INFO] [상태] 잔고:$9.63 | 포지션:2개 | 스캔:31회 | 스캐너:ON
2026-08-02 23:19:29,647 [INFO] [SCAN] 완료: 30개 종목 · 신호 2개 · API 호출 30회 · 캐시 히트 0회
2026-08-02 23:19:44,857 [INFO] [SCAN] 블랙리스트 5개 제외: ['IP/USDT:USDT', 'NES/USDT:USDT', 'WLD/USDT:USDT', 'XAG/USDT:USDT', 'XAU/USDT:USDT', 'XAUT/USDT:USDT']
2026-08-02 23:19:44,858 [INFO] [SCAN] 스캔 시작: 30개 페어 (캐시 31개 보유)
2026-08-02 23:19:48,565 [INFO] [SIG] CL/USDT:USDT LONG 신호 포착 (강도 100%)
2026-08-02 23:19:48,565 [INFO] [SIGNAL] CL/USDT:USDT LONG 신호 수신 (strength=100)
2026-08-02 23:19:48,565 [INFO] [🐸 청개구리 역매매] 신호 방향 반전: LONG ➡️ SHORT
2026-08-02 23:19:48,761 [INFO] [RISK OK] CL/USDT:USDT 리스크 체크 통과
2026-08-02 23:19:48,862 [INFO] [ENTRY OK] CL/USDT:USDT 포지션 체크 통과 (현재 2/3)
2026-08-02 23:19:48,863 [INFO] [MARGIN] AUTO_COMPOUND 활성화 감지
2026-08-02 23:19:48,863 [INFO] [COMPOUND OK] 자동 복리 마진: 총 잔고 $9.62, 비율 33.00% → 1회 진입 증거금 $3.17
2026-08-02 23:19:48,863 [INFO] [MARGIN DECISION] symbol=CL/USDT:USDT source=compound_cached margin=3.17 auto_compound=True compound_pct=33.00 fixed_margin=2.00
2026-08-02 23:19:48,967 [INFO] [M4 SIZING] CL/USDT:USDT 잔고=$9.62, 리스크=1.00%, SL거리=0.57% → 증거금=$1.53 (Notional: $16.83)
2026-08-02 23:19:48,967 [INFO] [DualBB SL/TP] CL/USDT:USDT 시그널 내장 가격 기반: SL=80.8055(0.572%) TP=82.1990(1.143%)
2026-08-02 23:19:48,967 [INFO] [FINAL ENTRY] CL/USDT:USDT SELL 주문 실행 예정: margin=$1.53 SL=0.57% TP=1.14%
2026-08-02 23:19:48,967 [INFO] [ORDER PLACE] CL/USDT:USDT place_order 호출 중...
2026-08-02 23:19:55,052 [ERROR] 주문 실패: binance {"code":-4411,"msg":"Please sign TradFi-Perps agreement contract fapi."}
2026-08-02 23:19:55,053 [INFO] [ORDER RESULT] CL/USDT:USDT 주문 결과: None
2026-08-02 23:19:58,605 [WARNING] [진입유실 방지 자동보정] LONG 1000SHIB/USDT:USDT exit=2026-07-27 04:30:21 미매칭수량=2189.00000000 orderID=31388901395 tradeID=None
2026-08-02 23:19:58,605 [WARNING] [진입유실 방지 자동보정] SHORT 1000SHIB/USDT:USDT exit=2026-07-27 07:36:19 미매칭수량=1348.00000000 orderID=31393184616 tradeID=None
2026-08-02 23:19:58,605 [WARNING] [진입유실 방지 자동보정] SHORT 1000SHIB/USDT:USDT exit=2026-07-27 11:51:02 미매칭수량=1844.00000000 orderID=31400541745 tradeID=None
2026-08-02 23:19:58,605 [WARNING] [진입유실 방지 자동보정] SHORT 1000SHIB/USDT:USDT exit=2026-07-28 06:12:27 미매칭수량=2192.00000000 orderID=31421063023 tradeID=None
2026-08-02 23:19:58,605 [WARNING] [진입유실 방지 자동보정] SHORT 1000SHIB/USDT:USDT exit=2026-08-02 01:13:53 미매칭수량=1073.00000000 orderID=31502817166 tradeID=None
2026-08-02 23:19:58,605 [WARNING] [진입유실 방지 자동보정] SHORT 1000SHIB/USDT:USDT exit=2026-08-02 02:01:20 미매칭수량=1074.00000000 orderID=31504220662 tradeID=None
2026-08-02 23:19:58,605 [WARNING] [진입유실 방지 자동보정] SHORT 1000SHIB/USDT:USDT exit=2026-08-02 09:45:32 미매칭수량=2285.00000000 orderID=31510623049 tradeID=None
2026-08-02 23:19:58,605 [WARNING] [진입유실 방지 자동보정] SHORT 1000SHIB/USDT:USDT exit=2026-08-02 10:35:19 미매칭수량=2280.00000000 orderID=31511192196 tradeID=None
2026-08-02 23:19:58,605 [WARNING] [진입유실 방지 자동보정] LONG DOGE/USDT:USDT exit=2026-07-28 09:50:41 미매칭수량=163.00000000 orderID=100915175009 tradeID=None
2026-08-02 23:19:58,605 [WARNING] [진입유실 방지 자동보정] SHORT DOGE/USDT:USDT exit=2026-07-28 20:36:48 미매칭수량=357.00000000 orderID=100925180835 tradeID=None
2026-08-02 23:19:58,605 [WARNING] [진입유실 방지 자동보정] SHORT DOGE/USDT:USDT exit=2026-07-28 23:00:41 미매칭수량=286.00000000 orderID=100927596061 tradeID=None
2026-08-02 23:19:58,605 [WARNING] [진입유실 방지 자동보정] SHORT DOGE/USDT:USDT exit=2026-07-30 20:51:14 미매칭수량=345.00000000 orderID=100976583122 tradeID=None
2026-08-02 23:19:58,605 [WARNING] [진입유실 방지 자동보정] SHORT DOGE/USDT:USDT exit=2026-07-31 10:01:31 미매칭수량=334.00000000 orderID=100988356319 tradeID=None
2026-08-02 23:19:58,605 [WARNING] [진입유실 방지 자동보정] SHORT DOGE/USDT:USDT exit=2026-08-01 18:02:18 미매칭수량=306.00000000 orderID=101015266902 tradeID=None
2026-08-02 23:19:58,605 [WARNING] [진입유실 방지 자동보정] LONG DOGE/USDT:USDT exit=2026-08-02 11:07:47 미매칭수량=259.00000000 orderID=101028099752 tradeID=None
2026-08-02 23:19:58,606 [WARNING] [진입유실 방지 자동보정] SHORT SOL/USDT:USDT exit=2026-07-29 22:32:08 미매칭수량=0.26000000 orderID=229957663104 tradeID=None
2026-08-02 23:19:58,606 [WARNING] [진입유실 방지 자동보정] LONG SOL/USDT:USDT exit=2026-07-30 02:59:19 미매칭수량=0.33000000 orderID=229996023316 tradeID=None
2026-08-02 23:19:58,606 [WARNING] [진입유실 방지 자동보정] LONG SOL/USDT:USDT exit=2026-07-30 03:32:08 미매칭수량=0.27000000 orderID=230002018782 tradeID=None
2026-08-02 23:19:58,606 [WARNING] [진입유실 방지 자동보정] SHORT SOL/USDT:USDT exit=2026-07-30 20:09:26 미매칭수량=0.32000000 orderID=230154249399 tradeID=None
2026-08-02 23:19:58,606 [WARNING] [진입유실 방지 자동보정] SHORT SOL/USDT:USDT exit=2026-07-30 20:37:48 미매칭수량=0.32000000 orderID=230157644550 tradeID=None
2026-08-02 23:19:58,606 [WARNING] [진입유실 방지 자동보정] SHORT SOL/USDT:USDT exit=2026-08-01 10:32:26 미매칭수량=0.29000000 orderID=230440972735 tradeID=None
2026-08-02 23:19:58,606 [WARNING] [진입유실 방지 자동보정] LONG SOL/USDT:USDT exit=2026-08-02 01:55:54 미매칭수량=0.25000000 orderID=230506472518 tradeID=None
2026-08-02 23:19:58,606 [WARNING] [진입유실 방지 자동보정] LONG SOL/USDT:USDT exit=2026-08-02 03:24:55 미매칭수량=0.20000000 orderID=230517041657 tradeID=None
2026-08-02 23:19:58,606 [WARNING] [진입유실 방지 자동보정] LONG XRP/USDT:USDT exit=2026-07-30 03:32:09 미매칭수량=14.70000000 orderID=154591436270 tradeID=None
2026-08-02 23:19:58,606 [WARNING] [진입유실 방지 자동보정] LONG XRP/USDT:USDT exit=2026-07-30 08:06:13 미매칭수량=18.50000000 orderID=154605732461 tradeID=None
2026-08-02 23:19:58,606 [WARNING] [진입유실 방지 자동보정] LONG XRP/USDT:USDT exit=2026-07-30 22:11:04 미매칭수량=17.50000000 orderID=154637963852 tradeID=None
2026-08-02 23:19:58,606 [WARNING] [진입유실 방지 자동보정] SHORT XRP/USDT:USDT exit=2026-07-31 15:18:55 미매칭수량=28.50000000 orderID=154681353788 tradeID=None
2026-08-02 23:19:58,606 [WARNING] [진입유실 방지 자동보정] LONG XRP/USDT:USDT exit=2026-08-02 07:48:27 미매칭수량=6.70000000 orderID=154765042288 tradeID=None
2026-08-02 23:19:58,606 [WARNING] [진입유실 방지 자동보정] LONG XRP/USDT:USDT exit=2026-08-02 08:25:19 미매칭수량=6.70000000 orderID=154766072211 tradeID=None
2026-08-02 23:19:58,606 [WARNING] [진입유실 방지 자동보정] LONG XRP/USDT:USDT exit=2026-08-02 11:07:15 미매칭수량=16.80000000 orderID=154770811661 tradeID=None
2026-08-02 23:19:58,606 [WARNING] [진입유실 방지 자동보정] SHORT 1000PEPE/USDT:USDT exit=2026-08-02 02:31:36 미매칭수량=1968.00000000 orderID=61389681657 tradeID=None
2026-08-02 23:19:58,606 [WARNING] [진입유실 방지 자동보정] SHORT 1000PEPE/USDT:USDT exit=2026-08-02 02:52:29 미매칭수량=1969.00000000 orderID=61390079427 tradeID=None
2026-08-02 23:19:58,606 [WARNING] [진입유실 방지 자동보정] SHORT 1000PEPE/USDT:USDT exit=2026-08-02 09:25:39 미매칭수량=7585.00000000 orderID=61394822102 tradeID=None
2026-08-02 23:19:58,606 [WARNING] [진입유실 방지 자동보정] SHORT IDOL/USDT:USDT exit=2026-08-02 10:17:17 미매칭수량=445.00000000 orderID=523897304 tradeID=None
2026-08-02 23:20:02,725 [INFO] [SIG] HOME/USDT:USDT SHORT 신호 포착 (강도 100%)
2026-08-02 23:20:02,725 [INFO] [SIGNAL] HOME/USDT:USDT SHORT 신호 수신 (strength=100)
2026-08-02 23:20:02,725 [INFO] [🐸 청개구리 역매매] 신호 방향 반전: SHORT ➡️ LONG
2026-08-02 23:20:02,923 [INFO] [RISK OK] HOME/USDT:USDT 리스크 체크 통과
2026-08-02 23:20:03,021 [INFO] [ENTRY BLOCK] HOME/USDT:USDT — 이미 포지션 보유 또는 진입 주문 전송 중
2026-08-02 23:20:06,208 [INFO] [SCAN] 완료: 30개 종목 · 신호 2개 · API 호출 30회 · 캐시 히트 0회
2026-08-02 23:20:06,397 [WARNING] [PROTECT GUARD] BNB/USDT:USDT LONG 보호주문 없음(무방비) → TP/SL 재무장 시도
2026-08-02 23:20:09,315 [ERROR] [PROTECT REARM] BNB/USDT:USDT long TP/SL 보호주문 재설정 실패: binance {"code":-4130,"msg":"An open stop or take profit order with GTE and closePosition in the direction is existing."}
2026-08-02 23:20:09,315 [ERROR] [PROTECT GUARD] BNB/USDT:USDT LONG 보호주문 재무장 실패 — 수동 확인 필요
2026-08-02 23:20:09,410 [WARNING] [PROTECT GUARD] HOME/USDT:USDT LONG 보호주문 없음(무방비) → TP/SL 재무장 시도
2026-08-02 23:20:12,330 [ERROR] [PROTECT REARM] HOME/USDT:USDT long TP/SL 보호주문 재설정 실패: binance {"code":-4130,"msg":"An open stop or take profit order with GTE and closePosition in the direction is existing."}
2026-08-02 23:20:12,330 [ERROR] [PROTECT GUARD] HOME/USDT:USDT LONG 보호주문 재무장 실패 — 수동 확인 필요
2026-08-02 23:20:27,513 [INFO] [SCAN] 블랙리스트 5개 제외: ['IP/USDT:USDT', 'NES/USDT:USDT', 'WLD/USDT:USDT', 'XAG/USDT:USDT', 'XAU/USDT:USDT', 'XAUT/USDT:USDT']
2026-08-02 23:20:27,514 [INFO] [SCAN] 스캔 시작: 30개 페어 (캐시 31개 보유)
2026-08-02 23:20:28,646 [WARNING] [진입유실 방지 자동보정] LONG 1000SHIB/USDT:USDT exit=2026-07-27 04:30:21 미매칭수량=2189.00000000 orderID=31388901395 tradeID=None
2026-08-02 23:20:28,646 [WARNING] [진입유실 방지 자동보정] SHORT 1000SHIB/USDT:USDT exit=2026-07-27 07:36:19 미매칭수량=1348.00000000 orderID=31393184616 tradeID=None
2026-08-02 23:20:28,646 [WARNING] [진입유실 방지 자동보정] SHORT 1000SHIB/USDT:USDT exit=2026-07-27 11:51:02 미매칭수량=1844.00000000 orderID=31400541745 tradeID=None
2026-08-02 23:20:28,646 [WARNING] [진입유실 방지 자동보정] SHORT 1000SHIB/USDT:USDT exit=2026-07-28 06:12:27 미매칭수량=2192.00000000 orderID=31421063023 tradeID=None
2026-08-02 23:20:28,646 [WARNING] [진입유실 방지 자동보정] SHORT 1000SHIB/USDT:USDT exit=2026-08-02 01:13:53 미매칭수량=1073.00000000 orderID=31502817166 tradeID=None
2026-08-02 23:20:28,646 [WARNING] [진입유실 방지 자동보정] SHORT 1000SHIB/USDT:USDT exit=2026-08-02 02:01:20 미매칭수량=1074.00000000 orderID=31504220662 tradeID=None
2026-08-02 23:20:28,646 [WARNING] [진입유실 방지 자동보정] SHORT 1000SHIB/USDT:USDT exit=2026-08-02 09:45:32 미매칭수량=2285.00000000 orderID=31510623049 tradeID=None
2026-08-02 23:20:28,646 [WARNING] [진입유실 방지 자동보정] SHORT 1000SHIB/USDT:USDT exit=2026-08-02 10:35:19 미매칭수량=2280.00000000 orderID=31511192196 tradeID=None
2026-08-02 23:20:28,647 [WARNING] [진입유실 방지 자동보정] LONG DOGE/USDT:USDT exit=2026-07-28 09:50:41 미매칭수량=163.00000000 orderID=100915175009 tradeID=None
2026-08-02 23:20:28,647 [WARNING] [진입유실 방지 자동보정] SHORT DOGE/USDT:USDT exit=2026-07-28 20:36:48 미매칭수량=357.00000000 orderID=100925180835 tradeID=None
2026-08-02 23:20:28,647 [WARNING] [진입유실 방지 자동보정] SHORT DOGE/USDT:USDT exit=2026-07-28 23:00:41 미매칭수량=286.00000000 orderID=100927596061 tradeID=None
2026-08-02 23:20:28,647 [WARNING] [진입유실 방지 자동보정] SHORT DOGE/USDT:USDT exit=2026-07-30 20:51:14 미매칭수량=345.00000000 orderID=100976583122 tradeID=None
2026-08-02 23:20:28,647 [WARNING] [진입유실 방지 자동보정] SHORT DOGE/USDT:USDT exit=2026-07-31 10:01:31 미매칭수량=334.00000000 orderID=100988356319 tradeID=None
2026-08-02 23:20:28,647 [WARNING] [진입유실 방지 자동보정] SHORT DOGE/USDT:USDT exit=2026-08-01 18:02:18 미매칭수량=306.00000000 orderID=101015266902 tradeID=None
2026-08-02 23:20:28,647 [WARNING] [진입유실 방지 자동보정] LONG DOGE/USDT:USDT exit=2026-08-02 11:07:47 미매칭수량=259.00000000 orderID=101028099752 tradeID=None
2026-08-02 23:20:28,647 [WARNING] [진입유실 방지 자동보정] SHORT SOL/USDT:USDT exit=2026-07-29 22:32:08 미매칭수량=0.26000000 orderID=229957663104 tradeID=None
2026-08-02 23:20:28,647 [WARNING] [진입유실 방지 자동보정] LONG SOL/USDT:USDT exit=2026-07-30 02:59:19 미매칭수량=0.33000000 orderID=229996023316 tradeID=None
2026-08-02 23:20:28,647 [WARNING] [진입유실 방지 자동보정] LONG SOL/USDT:USDT exit=2026-07-30 03:32:08 미매칭수량=0.27000000 orderID=230002018782 tradeID=None
2026-08-02 23:20:28,647 [WARNING] [진입유실 방지 자동보정] SHORT SOL/USDT:USDT exit=2026-07-30 20:09:26 미매칭수량=0.32000000 orderID=230154249399 tradeID=None
2026-08-02 23:20:28,647 [WARNING] [진입유실 방지 자동보정] SHORT SOL/USDT:USDT exit=2026-07-30 20:37:48 미매칭수량=0.32000000 orderID=230157644550 tradeID=None
2026-08-02 23:20:28,647 [WARNING] [진입유실 방지 자동보정] SHORT SOL/USDT:USDT exit=2026-08-01 10:32:26 미매칭수량=0.29000000 orderID=230440972735 tradeID=None
2026-08-02 23:20:28,647 [WARNING] [진입유실 방지 자동보정] LONG SOL/USDT:USDT exit=2026-08-02 01:55:54 미매칭수량=0.25000000 orderID=230506472518 tradeID=None
2026-08-02 23:20:28,647 [WARNING] [진입유실 방지 자동보정] LONG SOL/USDT:USDT exit=2026-08-02 03:24:55 미매칭수량=0.20000000 orderID=230517041657 tradeID=None
2026-08-02 23:20:28,647 [WARNING] [진입유실 방지 자동보정] LONG XRP/USDT:USDT exit=2026-07-30 03:32:09 미매칭수량=14.70000000 orderID=154591436270 tradeID=None
2026-08-02 23:20:28,647 [WARNING] [진입유실 방지 자동보정] LONG XRP/USDT:USDT exit=2026-07-30 08:06:13 미매칭수량=18.50000000 orderID=154605732461 tradeID=None
2026-08-02 23:20:28,647 [WARNING] [진입유실 방지 자동보정] LONG XRP/USDT:USDT exit=2026-07-30 22:11:04 미매칭수량=17.50000000 orderID=154637963852 tradeID=None
2026-08-02 23:20:28,647 [WARNING] [진입유실 방지 자동보정] SHORT XRP/USDT:USDT exit=2026-07-31 15:18:55 미매칭수량=28.50000000 orderID=154681353788 tradeID=None
2026-08-02 23:20:28,647 [WARNING] [진입유실 방지 자동보정] LONG XRP/USDT:USDT exit=2026-08-02 07:48:27 미매칭수량=6.70000000 orderID=154765042288 tradeID=None
2026-08-02 23:20:28,647 [WARNING] [진입유실 방지 자동보정] LONG XRP/USDT:USDT exit=2026-08-02 08:25:19 미매칭수량=6.70000000 orderID=154766072211 tradeID=None
2026-08-02 23:20:28,647 [WARNING] [진입유실 방지 자동보정] LONG XRP/USDT:USDT exit=2026-08-02 11:07:15 미매칭수량=16.80000000 orderID=154770811661 tradeID=None
2026-08-02 23:20:28,647 [WARNING] [진입유실 방지 자동보정] SHORT 1000PEPE/USDT:USDT exit=2026-08-02 02:31:36 미매칭수량=1968.00000000 orderID=61389681657 tradeID=None
2026-08-02 23:20:28,647 [WARNING] [진입유실 방지 자동보정] SHORT 1000PEPE/USDT:USDT exit=2026-08-02 02:52:29 미매칭수량=1969.00000000 orderID=61390079427 tradeID=None
2026-08-02 23:20:28,647 [WARNING] [진입유실 방지 자동보정] SHORT 1000PEPE/USDT:USDT exit=2026-08-02 09:25:39 미매칭수량=7585.00000000 orderID=61394822102 tradeID=None
2026-08-02 23:20:28,647 [WARNING] [진입유실 방지 자동보정] SHORT IDOL/USDT:USDT exit=2026-08-02 10:17:17 미매칭수량=445.00000000 orderID=523897304 tradeID=None
2026-08-02 23:20:29,708 [INFO] [상태] 잔고:$9.61 | 포지션:2개 | 스캔:33회 | 스캐너:ON
2026-08-02 23:20:41,737 [INFO] [SCAN] 완료: 30개 종목 · 신호 0개 · API 호출 30회 · 캐시 히트 0회
2026-08-02 23:20:56,918 [INFO] [SCAN] 블랙리스트 5개 제외: ['IP/USDT:USDT', 'NES/USDT:USDT', 'WLD/USDT:USDT', 'XAG/USDT:USDT', 'XAU/USDT:USDT', 'XAUT/USDT:USDT']
2026-08-02 23:20:56,918 [INFO] [SCAN] 스캔 시작: 30개 페어 (캐시 31개 보유)
2026-08-02 23:20:59,749 [WARNING] [진입유실 방지 자동보정] LONG 1000SHIB/USDT:USDT exit=2026-07-27 04:30:21 미매칭수량=2189.00000000 orderID=31388901395 tradeID=None
2026-08-02 23:20:59,749 [WARNING] [진입유실 방지 자동보정] SHORT 1000SHIB/USDT:USDT exit=2026-07-27 07:36:19 미매칭수량=1348.00000000 orderID=31393184616 tradeID=None
2026-08-02 23:20:59,749 [WARNING] [진입유실 방지 자동보정] SHORT 1000SHIB/USDT:USDT exit=2026-07-27 11:51:02 미매칭수량=1844.00000000 orderID=31400541745 tradeID=None
2026-08-02 23:20:59,749 [WARNING] [진입유실 방지 자동보정] SHORT 1000SHIB/USDT:USDT exit=2026-07-28 06:12:27 미매칭수량=2192.00000000 orderID=31421063023 tradeID=None
2026-08-02 23:20:59,749 [WARNING] [진입유실 방지 자동보정] SHORT 1000SHIB/USDT:USDT exit=2026-08-02 01:13:53 미매칭수량=1073.00000000 orderID=31502817166 tradeID=None
2026-08-02 23:20:59,749 [WARNING] [진입유실 방지 자동보정] SHORT 1000SHIB/USDT:USDT exit=2026-08-02 02:01:20 미매칭수량=1074.00000000 orderID=31504220662 tradeID=None
2026-08-02 23:20:59,749 [WARNING] [진입유실 방지 자동보정] SHORT 1000SHIB/USDT:USDT exit=2026-08-02 09:45:32 미매칭수량=2285.00000000 orderID=31510623049 tradeID=None
2026-08-02 23:20:59,749 [WARNING] [진입유실 방지 자동보정] SHORT 1000SHIB/USDT:USDT exit=2026-08-02 10:35:19 미매칭수량=2280.00000000 orderID=31511192196 tradeID=None
2026-08-02 23:20:59,749 [WARNING] [진입유실 방지 자동보정] LONG DOGE/USDT:USDT exit=2026-07-28 09:50:41 미매칭수량=163.00000000 orderID=100915175009 tradeID=None
2026-08-02 23:20:59,750 [WARNING] [진입유실 방지 자동보정] SHORT DOGE/USDT:USDT exit=2026-07-28 20:36:48 미매칭수량=357.00000000 orderID=100925180835 tradeID=None
2026-08-02 23:20:59,750 [WARNING] [진입유실 방지 자동보정] SHORT DOGE/USDT:USDT exit=2026-07-28 23:00:41 미매칭수량=286.00000000 orderID=100927596061 tradeID=None
2026-08-02 23:20:59,750 [WARNING] [진입유실 방지 자동보정] SHORT DOGE/USDT:USDT exit=2026-07-30 20:51:14 미매칭수량=345.00000000 orderID=100976583122 tradeID=None
2026-08-02 23:20:59,750 [WARNING] [진입유실 방지 자동보정] SHORT DOGE/USDT:USDT exit=2026-07-31 10:01:31 미매칭수량=334.00000000 orderID=100988356319 tradeID=None
2026-08-02 23:20:59,750 [WARNING] [진입유실 방지 자동보정] SHORT DOGE/USDT:USDT exit=2026-08-01 18:02:18 미매칭수량=306.00000000 orderID=101015266902 tradeID=None
2026-08-02 23:20:59,750 [WARNING] [진입유실 방지 자동보정] LONG DOGE/USDT:USDT exit=2026-08-02 11:07:47 미매칭수량=259.00000000 orderID=101028099752 tradeID=None
2026-08-02 23:20:59,750 [WARNING] [진입유실 방지 자동보정] SHORT SOL/USDT:USDT exit=2026-07-29 22:32:08 미매칭수량=0.26000000 orderID=229957663104 tradeID=None
2026-08-02 23:20:59,750 [WARNING] [진입유실 방지 자동보정] LONG SOL/USDT:USDT exit=2026-07-30 02:59:19 미매칭수량=0.33000000 orderID=229996023316 tradeID=None
2026-08-02 23:20:59,750 [WARNING] [진입유실 방지 자동보정] LONG SOL/USDT:USDT exit=2026-07-30 03:32:08 미매칭수량=0.27000000 orderID=230002018782 tradeID=None
2026-08-02 23:20:59,750 [WARNING] [진입유실 방지 자동보정] SHORT SOL/USDT:USDT exit=2026-07-30 20:09:26 미매칭수량=0.32000000 orderID=230154249399 tradeID=None
2026-08-02 23:20:59,750 [WARNING] [진입유실 방지 자동보정] SHORT SOL/USDT:USDT exit=2026-07-30 20:37:48 미매칭수량=0.32000000 orderID=230157644550 tradeID=None
2026-08-02 23:20:59,750 [WARNING] [진입유실 방지 자동보정] SHORT SOL/USDT:USDT exit=2026-08-01 10:32:26 미매칭수량=0.29000000 orderID=230440972735 tradeID=None
2026-08-02 23:20:59,750 [WARNING] [진입유실 방지 자동보정] LONG SOL/USDT:USDT exit=2026-08-02 01:55:54 미매칭수량=0.25000000 orderID=230506472518 tradeID=None
2026-08-02 23:20:59,750 [WARNING] [진입유실 방지 자동보정] LONG SOL/USDT:USDT exit=2026-08-02 03:24:55 미매칭수량=0.20000000 orderID=230517041657 tradeID=None
2026-08-02 23:20:59,750 [WARNING] [진입유실 방지 자동보정] LONG XRP/USDT:USDT exit=2026-07-30 03:32:09 미매칭수량=14.70000000 orderID=154591436270 tradeID=None
2026-08-02 23:20:59,750 [WARNING] [진입유실 방지 자동보정] LONG XRP/USDT:USDT exit=2026-07-30 08:06:13 미매칭수량=18.50000000 orderID=154605732461 tradeID=None
2026-08-02 23:20:59,750 [WARNING] [진입유실 방지 자동보정] LONG XRP/USDT:USDT exit=2026-07-30 22:11:04 미매칭수량=17.50000000 orderID=154637963852 tradeID=None
2026-08-02 23:20:59,750 [WARNING] [진입유실 방지 자동보정] SHORT XRP/USDT:USDT exit=2026-07-31 15:18:55 미매칭수량=28.50000000 orderID=154681353788 tradeID=None
2026-08-02 23:20:59,750 [WARNING] [진입유실 방지 자동보정] LONG XRP/USDT:USDT exit=2026-08-02 07:48:27 미매칭수량=6.70000000 orderID=154765042288 tradeID=None
2026-08-02 23:20:59,750 [WARNING] [진입유실 방지 자동보정] LONG XRP/USDT:USDT exit=2026-08-02 08:25:19 미매칭수량=6.70000000 orderID=154766072211 tradeID=None
2026-08-02 23:20:59,750 [WARNING] [진입유실 방지 자동보정] LONG XRP/USDT:USDT exit=2026-08-02 11:07:15 미매칭수량=16.80000000 orderID=154770811661 tradeID=None
2026-08-02 23:20:59,750 [WARNING] [진입유실 방지 자동보정] SHORT 1000PEPE/USDT:USDT exit=2026-08-02 02:31:36 미매칭수량=1968.00000000 orderID=61389681657 tradeID=None
2026-08-02 23:20:59,750 [WARNING] [진입유실 방지 자동보정] SHORT 1000PEPE/USDT:USDT exit=2026-08-02 02:52:29 미매칭수량=1969.00000000 orderID=61390079427 tradeID=None
2026-08-02 23:20:59,750 [WARNING] [진입유실 방지 자동보정] SHORT 1000PEPE/USDT:USDT exit=2026-08-02 09:25:39 미매칭수량=7585.00000000 orderID=61394822102 tradeID=None
2026-08-02 23:20:59,750 [WARNING] [진입유실 방지 자동보정] SHORT IDOL/USDT:USDT exit=2026-08-02 10:17:17 미매칭수량=445.00000000 orderID=523897304 tradeID=None
2026-08-02 23:21:11,046 [INFO] [SCAN] 완료: 30개 종목 · 신호 0개 · API 호출 30회 · 캐시 히트 0회
2026-08-02 23:21:11,258 [WARNING] [PROTECT GUARD] BNB/USDT:USDT LONG 보호주문 없음(무방비) → TP/SL 재무장 시도
2026-08-02 23:21:14,179 [ERROR] [PROTECT REARM] BNB/USDT:USDT long TP/SL 보호주문 재설정 실패: binance {"code":-4130,"msg":"An open stop or take profit order with GTE and closePosition in the direction is existing."}
2026-08-02 23:21:14,181 [ERROR] [PROTECT GUARD] BNB/USDT:USDT LONG 보호주문 재무장 실패 — 수동 확인 필요
2026-08-02 23:21:14,277 [WARNING] [PROTECT GUARD] HOME/USDT:USDT LONG 보호주문 없음(무방비) → TP/SL 재무장 시도
2026-08-02 23:21:17,367 [ERROR] [PROTECT REARM] HOME/USDT:USDT long TP/SL 보호주문 재설정 실패: binance {"code":-4130,"msg":"An open stop or take profit order with GTE and closePosition in the direction is existing."}
2026-08-02 23:21:17,368 [ERROR] [PROTECT GUARD] HOME/USDT:USDT LONG 보호주문 재무장 실패 — 수동 확인 필요
2026-08-02 23:21:29,801 [WARNING] [진입유실 방지 자동보정] LONG 1000SHIB/USDT:USDT exit=2026-07-27 04:30:21 미매칭수량=2189.00000000 orderID=31388901395 tradeID=None
2026-08-02 23:21:29,801 [WARNING] [진입유실 방지 자동보정] SHORT 1000SHIB/USDT:USDT exit=2026-07-27 07:36:19 미매칭수량=1348.00000000 orderID=31393184616 tradeID=None
2026-08-02 23:21:29,801 [WARNING] [진입유실 방지 자동보정] SHORT 1000SHIB/USDT:USDT exit=2026-07-27 11:51:02 미매칭수량=1844.00000000 orderID=31400541745 tradeID=None
2026-08-02 23:21:29,801 [WARNING] [진입유실 방지 자동보정] SHORT 1000SHIB/USDT:USDT exit=2026-07-28 06:12:27 미매칭수량=2192.00000000 orderID=31421063023 tradeID=None
2026-08-02 23:21:29,802 [WARNING] [진입유실 방지 자동보정] SHORT 1000SHIB/USDT:USDT exit=2026-08-02 01:13:53 미매칭수량=1073.00000000 orderID=31502817166 tradeID=None
2026-08-02 23:21:29,802 [WARNING] [진입유실 방지 자동보정] SHORT 1000SHIB/USDT:USDT exit=2026-08-02 02:01:20 미매칭수량=1074.00000000 orderID=31504220662 tradeID=None
2026-08-02 23:21:29,802 [WARNING] [진입유실 방지 자동보정] SHORT 1000SHIB/USDT:USDT exit=2026-08-02 09:45:32 미매칭수량=2285.00000000 orderID=31510623049 tradeID=None
2026-08-02 23:21:29,802 [WARNING] [진입유실 방지 자동보정] SHORT 1000SHIB/USDT:USDT exit=2026-08-02 10:35:19 미매칭수량=2280.00000000 orderID=31511192196 tradeID=None
2026-08-02 23:21:29,802 [WARNING] [진입유실 방지 자동보정] LONG DOGE/USDT:USDT exit=2026-07-28 09:50:41 미매칭수량=163.00000000 orderID=100915175009 tradeID=None
2026-08-02 23:21:29,802 [WARNING] [진입유실 방지 자동보정] SHORT DOGE/USDT:USDT exit=2026-07-28 20:36:48 미매칭수량=357.00000000 orderID=100925180835 tradeID=None
2026-08-02 23:21:29,802 [WARNING] [진입유실 방지 자동보정] SHORT DOGE/USDT:USDT exit=2026-07-28 23:00:41 미매칭수량=286.00000000 orderID=100927596061 tradeID=None
2026-08-02 23:21:29,802 [WARNING] [진입유실 방지 자동보정] SHORT DOGE/USDT:USDT exit=2026-07-30 20:51:14 미매칭수량=345.00000000 orderID=100976583122 tradeID=None
2026-08-02 23:21:29,802 [WARNING] [진입유실 방지 자동보정] SHORT DOGE/USDT:USDT exit=2026-07-31 10:01:31 미매칭수량=334.00000000 orderID=100988356319 tradeID=None
2026-08-02 23:21:29,802 [WARNING] [진입유실 방지 자동보정] SHORT DOGE/USDT:USDT exit=2026-08-01 18:02:18 미매칭수량=306.00000000 orderID=101015266902 tradeID=None
2026-08-02 23:21:29,802 [WARNING] [진입유실 방지 자동보정] LONG DOGE/USDT:USDT exit=2026-08-02 11:07:47 미매칭수량=259.00000000 orderID=101028099752 tradeID=None
2026-08-02 23:21:29,802 [WARNING] [진입유실 방지 자동보정] SHORT SOL/USDT:USDT exit=2026-07-29 22:32:08 미매칭수량=0.26000000 orderID=229957663104 tradeID=None
2026-08-02 23:21:29,802 [WARNING] [진입유실 방지 자동보정] LONG SOL/USDT:USDT exit=2026-07-30 02:59:19 미매칭수량=0.33000000 orderID=229996023316 tradeID=None
2026-08-02 23:21:29,802 [WARNING] [진입유실 방지 자동보정] LONG SOL/USDT:USDT exit=2026-07-30 03:32:08 미매칭수량=0.27000000 orderID=230002018782 tradeID=None
2026-08-02 23:21:29,802 [WARNING] [진입유실 방지 자동보정] SHORT SOL/USDT:USDT exit=2026-07-30 20:09:26 미매칭수량=0.32000000 orderID=230154249399 tradeID=None
2026-08-02 23:21:29,802 [WARNING] [진입유실 방지 자동보정] SHORT SOL/USDT:USDT exit=2026-07-30 20:37:48 미매칭수량=0.32000000 orderID=230157644550 tradeID=None
2026-08-02 23:21:29,802 [WARNING] [진입유실 방지 자동보정] SHORT SOL/USDT:USDT exit=2026-08-01 10:32:26 미매칭수량=0.29000000 orderID=230440972735 tradeID=None
2026-08-02 23:21:29,802 [WARNING] [진입유실 방지 자동보정] LONG SOL/USDT:USDT exit=2026-08-02 01:55:54 미매칭수량=0.25000000 orderID=230506472518 tradeID=None
2026-08-02 23:21:29,802 [WARNING] [진입유실 방지 자동보정] LONG SOL/USDT:USDT exit=2026-08-02 03:24:55 미매칭수량=0.20000000 orderID=230517041657 tradeID=None
2026-08-02 23:21:29,802 [WARNING] [진입유실 방지 자동보정] LONG XRP/USDT:USDT exit=2026-07-30 03:32:09 미매칭수량=14.70000000 orderID=154591436270 tradeID=None
2026-08-02 23:21:29,802 [WARNING] [진입유실 방지 자동보정] LONG XRP/USDT:USDT exit=2026-07-30 08:06:13 미매칭수량=18.50000000 orderID=154605732461 tradeID=None
2026-08-02 23:21:29,802 [WARNING] [진입유실 방지 자동보정] LONG XRP/USDT:USDT exit=2026-07-30 22:11:04 미매칭수량=17.50000000 orderID=154637963852 tradeID=None
2026-08-02 23:21:29,803 [WARNING] [진입유실 방지 자동보정] SHORT XRP/USDT:USDT exit=2026-07-31 15:18:55 미매칭수량=28.50000000 orderID=154681353788 tradeID=None
2026-08-02 23:21:29,803 [WARNING] [진입유실 방지 자동보정] LONG XRP/USDT:USDT exit=2026-08-02 07:48:27 미매칭수량=6.70000000 orderID=154765042288 tradeID=None
2026-08-02 23:21:29,803 [WARNING] [진입유실 방지 자동보정] LONG XRP/USDT:USDT exit=2026-08-02 08:25:19 미매칭수량=6.70000000 orderID=154766072211 tradeID=None
2026-08-02 23:21:29,803 [WARNING] [진입유실 방지 자동보정] LONG XRP/USDT:USDT exit=2026-08-02 11:07:15 미매칭수량=16.80000000 orderID=154770811661 tradeID=None
2026-08-02 23:21:29,803 [WARNING] [진입유실 방지 자동보정] SHORT 1000PEPE/USDT:USDT exit=2026-08-02 02:31:36 미매칭수량=1968.00000000 orderID=61389681657 tradeID=None
2026-08-02 23:21:29,803 [WARNING] [진입유실 방지 자동보정] SHORT 1000PEPE/USDT:USDT exit=2026-08-02 02:52:29 미매칭수량=1969.00000000 orderID=61390079427 tradeID=None
2026-08-02 23:21:29,803 [WARNING] [진입유실 방지 자동보정] SHORT 1000PEPE/USDT:USDT exit=2026-08-02 09:25:39 미매칭수량=7585.00000000 orderID=61394822102 tradeID=None
2026-08-02 23:21:29,803 [WARNING] [진입유실 방지 자동보정] SHORT IDOL/USDT:USDT exit=2026-08-02 10:17:17 미매칭수량=445.00000000 orderID=523897304 tradeID=None
2026-08-02 23:21:29,999 [INFO] [상태] 잔고:$9.62 | 포지션:2개 | 스캔:35회 | 스캐너:ON
2026-08-02 23:21:32,515 [INFO] [SCAN] 블랙리스트 5개 제외: ['IP/USDT:USDT', 'NES/USDT:USDT', 'WLD/USDT:USDT', 'XAG/USDT:USDT', 'XAU/USDT:USDT', 'XAUT/USDT:USDT']
2026-08-02 23:21:32,516 [INFO] [SCAN] 스캔 시작: 30개 페어 (캐시 31개 보유)
2026-08-02 23:21:46,864 [INFO] [SCAN] 완료: 30개 종목 · 신호 0개 · API 호출 30회 · 캐시 히트 0회
2026-08-02 23:22:00,043 [WARNING] [진입유실 방지 자동보정] LONG 1000SHIB/USDT:USDT exit=2026-07-27 04:30:21 미매칭수량=2189.00000000 orderID=31388901395 tradeID=None
2026-08-02 23:22:00,043 [WARNING] [진입유실 방지 자동보정] SHORT 1000SHIB/USDT:USDT exit=2026-07-27 07:36:19 미매칭수량=1348.00000000 orderID=31393184616 tradeID=None
2026-08-02 23:22:00,043 [WARNING] [진입유실 방지 자동보정] SHORT 1000SHIB/USDT:USDT exit=2026-07-27 11:51:02 미매칭수량=1844.00000000 orderID=31400541745 tradeID=None
2026-08-02 23:22:00,043 [WARNING] [진입유실 방지 자동보정] SHORT 1000SHIB/USDT:USDT exit=2026-07-28 06:12:27 미매칭수량=2192.00000000 orderID=31421063023 tradeID=None
2026-08-02 23:22:00,043 [WARNING] [진입유실 방지 자동보정] SHORT 1000SHIB/USDT:USDT exit=2026-08-02 01:13:53 미매칭수량=1073.00000000 orderID=31502817166 tradeID=None
2026-08-02 23:22:00,043 [WARNING] [진입유실 방지 자동보정] SHORT 1000SHIB/USDT:USDT exit=2026-08-02 02:01:20 미매칭수량=1074.00000000 orderID=31504220662 tradeID=None
2026-08-02 23:22:00,043 [WARNING] [진입유실 방지 자동보정] SHORT 1000SHIB/USDT:USDT exit=2026-08-02 09:45:32 미매칭수량=2285.00000000 orderID=31510623049 tradeID=None
2026-08-02 23:22:00,043 [WARNING] [진입유실 방지 자동보정] SHORT 1000SHIB/USDT:USDT exit=2026-08-02 10:35:19 미매칭수량=2280.00000000 orderID=31511192196 tradeID=None
2026-08-02 23:22:00,043 [WARNING] [진입유실 방지 자동보정] LONG DOGE/USDT:USDT exit=2026-07-28 09:50:41 미매칭수량=163.00000000 orderID=100915175009 tradeID=None
2026-08-02 23:22:00,044 [WARNING] [진입유실 방지 자동보정] SHORT DOGE/USDT:USDT exit=2026-07-28 20:36:48 미매칭수량=357.00000000 orderID=100925180835 tradeID=None
2026-08-02 23:22:00,044 [WARNING] [진입유실 방지 자동보정] SHORT DOGE/USDT:USDT exit=2026-07-28 23:00:41 미매칭수량=286.00000000 orderID=100927596061 tradeID=None
2026-08-02 23:22:00,044 [WARNING] [진입유실 방지 자동보정] SHORT DOGE/USDT:USDT exit=2026-07-30 20:51:14 미매칭수량=345.00000000 orderID=100976583122 tradeID=None
2026-08-02 23:22:00,044 [WARNING] [진입유실 방지 자동보정] SHORT DOGE/USDT:USDT exit=2026-07-31 10:01:31 미매칭수량=334.00000000 orderID=100988356319 tradeID=None
2026-08-02 23:22:00,044 [WARNING] [진입유실 방지 자동보정] SHORT DOGE/USDT:USDT exit=2026-08-01 18:02:18 미매칭수량=306.00000000 orderID=101015266902 tradeID=None
2026-08-02 23:22:00,044 [WARNING] [진입유실 방지 자동보정] LONG DOGE/USDT:USDT exit=2026-08-02 11:07:47 미매칭수량=259.00000000 orderID=101028099752 tradeID=None
2026-08-02 23:22:00,044 [WARNING] [진입유실 방지 자동보정] SHORT SOL/USDT:USDT exit=2026-07-29 22:32:08 미매칭수량=0.26000000 orderID=229957663104 tradeID=None
2026-08-02 23:22:00,044 [WARNING] [진입유실 방지 자동보정] LONG SOL/USDT:USDT exit=2026-07-30 02:59:19 미매칭수량=0.33000000 orderID=229996023316 tradeID=None
2026-08-02 23:22:00,044 [WARNING] [진입유실 방지 자동보정] LONG SOL/USDT:USDT exit=2026-07-30 03:32:08 미매칭수량=0.27000000 orderID=230002018782 tradeID=None
2026-08-02 23:22:00,044 [WARNING] [진입유실 방지 자동보정] SHORT SOL/USDT:USDT exit=2026-07-30 20:09:26 미매칭수량=0.32000000 orderID=230154249399 tradeID=None
2026-08-02 23:22:00,044 [WARNING] [진입유실 방지 자동보정] SHORT SOL/USDT:USDT exit=2026-07-30 20:37:48 미매칭수량=0.32000000 orderID=230157644550 tradeID=None
2026-08-02 23:22:00,044 [WARNING] [진입유실 방지 자동보정] SHORT SOL/USDT:USDT exit=2026-08-01 10:32:26 미매칭수량=0.29000000 orderID=230440972735 tradeID=None
2026-08-02 23:22:00,044 [WARNING] [진입유실 방지 자동보정] LONG SOL/USDT:USDT exit=2026-08-02 01:55:54 미매칭수량=0.25000000 orderID=230506472518 tradeID=None
2026-08-02 23:22:00,044 [WARNING] [진입유실 방지 자동보정] LONG SOL/USDT:USDT exit=2026-08-02 03:24:55 미매칭수량=0.20000000 orderID=230517041657 tradeID=None
2026-08-02 23:22:00,044 [WARNING] [진입유실 방지 자동보정] LONG XRP/USDT:USDT exit=2026-07-30 03:32:09 미매칭수량=14.70000000 orderID=154591436270 tradeID=None
2026-08-02 23:22:00,044 [WARNING] [진입유실 방지 자동보정] LONG XRP/USDT:USDT exit=2026-07-30 08:06:13 미매칭수량=18.50000000 orderID=154605732461 tradeID=None
2026-08-02 23:22:00,044 [WARNING] [진입유실 방지 자동보정] LONG XRP/USDT:USDT exit=2026-07-30 22:11:04 미매칭수량=17.50000000 orderID=154637963852 tradeID=None
2026-08-02 23:22:00,044 [WARNING] [진입유실 방지 자동보정] SHORT XRP/USDT:USDT exit=2026-07-31 15:18:55 미매칭수량=28.50000000 orderID=154681353788 tradeID=None
2026-08-02 23:22:00,044 [WARNING] [진입유실 방지 자동보정] LONG XRP/USDT:USDT exit=2026-08-02 07:48:27 미매칭수량=6.70000000 orderID=154765042288 tradeID=None
2026-08-02 23:22:00,044 [WARNING] [진입유실 방지 자동보정] LONG XRP/USDT:USDT exit=2026-08-02 08:25:19 미매칭수량=6.70000000 orderID=154766072211 tradeID=None
2026-08-02 23:22:00,044 [WARNING] [진입유실 방지 자동보정] LONG XRP/USDT:USDT exit=2026-08-02 11:07:15 미매칭수량=16.80000000 orderID=154770811661 tradeID=None
2026-08-02 23:22:00,044 [WARNING] [진입유실 방지 자동보정] SHORT 1000PEPE/USDT:USDT exit=2026-08-02 02:31:36 미매칭수량=1968.00000000 orderID=61389681657 tradeID=None
2026-08-02 23:22:00,044 [WARNING] [진입유실 방지 자동보정] SHORT 1000PEPE/USDT:USDT exit=2026-08-02 02:52:29 미매칭수량=1969.00000000 orderID=61390079427 tradeID=None
2026-08-02 23:22:00,045 [WARNING] [진입유실 방지 자동보정] SHORT 1000PEPE/USDT:USDT exit=2026-08-02 09:25:39 미매칭수량=7585.00000000 orderID=61394822102 tradeID=None
2026-08-02 23:22:00,045 [WARNING] [진입유실 방지 자동보정] SHORT IDOL/USDT:USDT exit=2026-08-02 10:17:17 미매칭수량=445.00000000 orderID=523897304 tradeID=None
2026-08-02 23:22:02,053 [INFO] [SCAN] 블랙리스트 5개 제외: ['IP/USDT:USDT', 'NES/USDT:USDT', 'WLD/USDT:USDT', 'XAG/USDT:USDT', 'XAU/USDT:USDT', 'XAUT/USDT:USDT']
2026-08-02 23:22:02,054 [INFO] [SCAN] 스캔 시작: 30개 페어 (캐시 31개 보유)
2026-08-02 23:22:16,261 [INFO] [SCAN] 완료: 30개 종목 · 신호 0개 · API 호출 30회 · 캐시 히트 0회
2026-08-02 23:22:16,453 [WARNING] [PROTECT GUARD] BNB/USDT:USDT LONG 보호주문 없음(무방비) → TP/SL 재무장 시도
2026-08-02 23:22:19,374 [ERROR] [PROTECT REARM] BNB/USDT:USDT long TP/SL 보호주문 재설정 실패: binance {"code":-4130,"msg":"An open stop or take profit order with GTE and closePosition in the direction is existing."}
2026-08-02 23:22:19,375 [ERROR] [PROTECT GUARD] BNB/USDT:USDT LONG 보호주문 재무장 실패 — 수동 확인 필요
2026-08-02 23:22:19,473 [WARNING] [PROTECT GUARD] HOME/USDT:USDT LONG 보호주문 없음(무방비) → TP/SL 재무장 시도
2026-08-02 23:22:22,388 [ERROR] [PROTECT REARM] HOME/USDT:USDT long TP/SL 보호주문 재설정 실패: binance {"code":-4130,"msg":"An open stop or take profit order with GTE and closePosition in the direction is existing."}
2026-08-02 23:22:22,389 [ERROR] [PROTECT GUARD] HOME/USDT:USDT LONG 보호주문 재무장 실패 — 수동 확인 필요
2026-08-02 23:22:30,090 [WARNING] [진입유실 방지 자동보정] LONG 1000SHIB/USDT:USDT exit=2026-07-27 04:30:21 미매칭수량=2189.00000000 orderID=31388901395 tradeID=None
2026-08-02 23:22:30,090 [WARNING] [진입유실 방지 자동보정] SHORT 1000SHIB/USDT:USDT exit=2026-07-27 07:36:19 미매칭수량=1348.00000000 orderID=31393184616 tradeID=None
2026-08-02 23:22:30,090 [WARNING] [진입유실 방지 자동보정] SHORT 1000SHIB/USDT:USDT exit=2026-07-27 11:51:02 미매칭수량=1844.00000000 orderID=31400541745 tradeID=None
2026-08-02 23:22:30,090 [WARNING] [진입유실 방지 자동보정] SHORT 1000SHIB/USDT:USDT exit=2026-07-28 06:12:27 미매칭수량=2192.00000000 orderID=31421063023 tradeID=None
2026-08-02 23:22:30,090 [WARNING] [진입유실 방지 자동보정] SHORT 1000SHIB/USDT:USDT exit=2026-08-02 01:13:53 미매칭수량=1073.00000000 orderID=31502817166 tradeID=None
2026-08-02 23:22:30,090 [WARNING] [진입유실 방지 자동보정] SHORT 1000SHIB/USDT:USDT exit=2026-08-02 02:01:20 미매칭수량=1074.00000000 orderID=31504220662 tradeID=None
2026-08-02 23:22:30,091 [WARNING] [진입유실 방지 자동보정] SHORT 1000SHIB/USDT:USDT exit=2026-08-02 09:45:32 미매칭수량=2285.00000000 orderID=31510623049 tradeID=None
2026-08-02 23:22:30,091 [WARNING] [진입유실 방지 자동보정] SHORT 1000SHIB/USDT:USDT exit=2026-08-02 10:35:19 미매칭수량=2280.00000000 orderID=31511192196 tradeID=None
2026-08-02 23:22:30,091 [WARNING] [진입유실 방지 자동보정] LONG DOGE/USDT:USDT exit=2026-07-28 09:50:41 미매칭수량=163.00000000 orderID=100915175009 tradeID=None
2026-08-02 23:22:30,091 [WARNING] [진입유실 방지 자동보정] SHORT DOGE/USDT:USDT exit=2026-07-28 20:36:48 미매칭수량=357.00000000 orderID=100925180835 tradeID=None
2026-08-02 23:22:30,091 [WARNING] [진입유실 방지 자동보정] SHORT DOGE/USDT:USDT exit=2026-07-28 23:00:41 미매칭수량=286.00000000 orderID=100927596061 tradeID=None
2026-08-02 23:22:30,091 [WARNING] [진입유실 방지 자동보정] SHORT DOGE/USDT:USDT exit=2026-07-30 20:51:14 미매칭수량=345.00000000 orderID=100976583122 tradeID=None
2026-08-02 23:22:30,091 [WARNING] [진입유실 방지 자동보정] SHORT DOGE/USDT:USDT exit=2026-07-31 10:01:31 미매칭수량=334.00000000 orderID=100988356319 tradeID=None
2026-08-02 23:22:30,091 [WARNING] [진입유실 방지 자동보정] SHORT DOGE/USDT:USDT exit=2026-08-01 18:02:18 미매칭수량=306.00000000 orderID=101015266902 tradeID=None
2026-08-02 23:22:30,091 [WARNING] [진입유실 방지 자동보정] LONG DOGE/USDT:USDT exit=2026-08-02 11:07:47 미매칭수량=259.00000000 orderID=101028099752 tradeID=None
2026-08-02 23:22:30,091 [WARNING] [진입유실 방지 자동보정] SHORT SOL/USDT:USDT exit=2026-07-29 22:32:08 미매칭수량=0.26000000 orderID=229957663104 tradeID=None
2026-08-02 23:22:30,091 [WARNING] [진입유실 방지 자동보정] LONG SOL/USDT:USDT exit=2026-07-30 02:59:19 미매칭수량=0.33000000 orderID=229996023316 tradeID=None
2026-08-02 23:22:30,091 [WARNING] [진입유실 방지 자동보정] LONG SOL/USDT:USDT exit=2026-07-30 03:32:08 미매칭수량=0.27000000 orderID=230002018782 tradeID=None
2026-08-02 23:22:30,091 [WARNING] [진입유실 방지 자동보정] SHORT SOL/USDT:USDT exit=2026-07-30 20:09:26 미매칭수량=0.32000000 orderID=230154249399 tradeID=None
2026-08-02 23:22:30,091 [WARNING] [진입유실 방지 자동보정] SHORT SOL/USDT:USDT exit=2026-07-30 20:37:48 미매칭수량=0.32000000 orderID=230157644550 tradeID=None
2026-08-02 23:22:30,091 [WARNING] [진입유실 방지 자동보정] SHORT SOL/USDT:USDT exit=2026-08-01 10:32:26 미매칭수량=0.29000000 orderID=230440972735 tradeID=None
2026-08-02 23:22:30,091 [WARNING] [진입유실 방지 자동보정] LONG SOL/USDT:USDT exit=2026-08-02 01:55:54 미매칭수량=0.25000000 orderID=230506472518 tradeID=None
2026-08-02 23:22:30,091 [WARNING] [진입유실 방지 자동보정] LONG SOL/USDT:USDT exit=2026-08-02 03:24:55 미매칭수량=0.20000000 orderID=230517041657 tradeID=None
2026-08-02 23:22:30,091 [WARNING] [진입유실 방지 자동보정] LONG XRP/USDT:USDT exit=2026-07-30 03:32:09 미매칭수량=14.70000000 orderID=154591436270 tradeID=None
2026-08-02 23:22:30,091 [WARNING] [진입유실 방지 자동보정] LONG XRP/USDT:USDT exit=2026-07-30 08:06:13 미매칭수량=18.50000000 orderID=154605732461 tradeID=None
2026-08-02 23:22:30,091 [WARNING] [진입유실 방지 자동보정] LONG XRP/USDT:USDT exit=2026-07-30 22:11:04 미매칭수량=17.50000000 orderID=154637963852 tradeID=None
2026-08-02 23:22:30,091 [WARNING] [진입유실 방지 자동보정] SHORT XRP/USDT:USDT exit=2026-07-31 15:18:55 미매칭수량=28.50000000 orderID=154681353788 tradeID=None
2026-08-02 23:22:30,091 [WARNING] [진입유실 방지 자동보정] LONG XRP/USDT:USDT exit=2026-08-02 07:48:27 미매칭수량=6.70000000 orderID=154765042288 tradeID=None
2026-08-02 23:22:30,091 [WARNING] [진입유실 방지 자동보정] LONG XRP/USDT:USDT exit=2026-08-02 08:25:19 미매칭수량=6.70000000 orderID=154766072211 tradeID=None
2026-08-02 23:22:30,092 [WARNING] [진입유실 방지 자동보정] LONG XRP/USDT:USDT exit=2026-08-02 11:07:15 미매칭수량=16.80000000 orderID=154770811661 tradeID=None
2026-08-02 23:22:30,092 [WARNING] [진입유실 방지 자동보정] SHORT 1000PEPE/USDT:USDT exit=2026-08-02 02:31:36 미매칭수량=1968.00000000 orderID=61389681657 tradeID=None
2026-08-02 23:22:30,092 [WARNING] [진입유실 방지 자동보정] SHORT 1000PEPE/USDT:USDT exit=2026-08-02 02:52:29 미매칭수량=1969.00000000 orderID=61390079427 tradeID=None
2026-08-02 23:22:30,092 [WARNING] [진입유실 방지 자동보정] SHORT 1000PEPE/USDT:USDT exit=2026-08-02 09:25:39 미매칭수량=7585.00000000 orderID=61394822102 tradeID=None
2026-08-02 23:22:30,092 [WARNING] [진입유실 방지 자동보정] SHORT IDOL/USDT:USDT exit=2026-08-02 10:17:17 미매칭수량=445.00000000 orderID=523897304 tradeID=None
2026-08-02 23:22:30,287 [INFO] [상태] 잔고:$9.62 | 포지션:2개 | 스캔:37회 | 스캐너:ON
2026-08-02 23:22:37,526 [INFO] [SCAN] 블랙리스트 5개 제외: ['IP/USDT:USDT', 'NES/USDT:USDT', 'WLD/USDT:USDT', 'XAG/USDT:USDT', 'XAU/USDT:USDT', 'XAUT/USDT:USDT']
2026-08-02 23:22:37,526 [INFO] [SCAN] 스캔 시작: 30개 페어 (캐시 31개 보유)
2026-08-02 23:22:51,825 [INFO] [SCAN] 완료: 30개 종목 · 신호 0개 · API 호출 30회 · 캐시 히트 0회
2026-08-02 23:23:00,333 [WARNING] [진입유실 방지 자동보정] LONG 1000SHIB/USDT:USDT exit=2026-07-27 04:30:21 미매칭수량=2189.00000000 orderID=31388901395 tradeID=None
2026-08-02 23:23:00,334 [WARNING] [진입유실 방지 자동보정] SHORT 1000SHIB/USDT:USDT exit=2026-07-27 07:36:19 미매칭수량=1348.00000000 orderID=31393184616 tradeID=None
2026-08-02 23:23:00,334 [WARNING] [진입유실 방지 자동보정] SHORT 1000SHIB/USDT:USDT exit=2026-07-27 11:51:02 미매칭수량=1844.00000000 orderID=31400541745 tradeID=None
2026-08-02 23:23:00,334 [WARNING] [진입유실 방지 자동보정] SHORT 1000SHIB/USDT:USDT exit=2026-07-28 06:12:27 미매칭수량=2192.00000000 orderID=31421063023 tradeID=None
2026-08-02 23:23:00,334 [WARNING] [진입유실 방지 자동보정] SHORT 1000SHIB/USDT:USDT exit=2026-08-02 01:13:53 미매칭수량=1073.00000000 orderID=31502817166 tradeID=None
2026-08-02 23:23:00,334 [WARNING] [진입유실 방지 자동보정] SHORT 1000SHIB/USDT:USDT exit=2026-08-02 02:01:20 미매칭수량=1074.00000000 orderID=31504220662 tradeID=None
2026-08-02 23:23:00,334 [WARNING] [진입유실 방지 자동보정] SHORT 1000SHIB/USDT:USDT exit=2026-08-02 09:45:32 미매칭수량=2285.00000000 orderID=31510623049 tradeID=None
2026-08-02 23:23:00,334 [WARNING] [진입유실 방지 자동보정] SHORT 1000SHIB/USDT:USDT exit=2026-08-02 10:35:19 미매칭수량=2280.00000000 orderID=31511192196 tradeID=None
2026-08-02 23:23:00,334 [WARNING] [진입유실 방지 자동보정] LONG DOGE/USDT:USDT exit=2026-07-28 09:50:41 미매칭수량=163.00000000 orderID=100915175009 tradeID=None
2026-08-02 23:23:00,334 [WARNING] [진입유실 방지 자동보정] SHORT DOGE/USDT:USDT exit=2026-07-28 20:36:48 미매칭수량=357.00000000 orderID=100925180835 tradeID=None
2026-08-02 23:23:00,334 [WARNING] [진입유실 방지 자동보정] SHORT DOGE/USDT:USDT exit=2026-07-28 23:00:41 미매칭수량=286.00000000 orderID=100927596061 tradeID=None
2026-08-02 23:23:00,334 [WARNING] [진입유실 방지 자동보정] SHORT DOGE/USDT:USDT exit=2026-07-30 20:51:14 미매칭수량=345.00000000 orderID=100976583122 tradeID=None
2026-08-02 23:23:00,335 [WARNING] [진입유실 방지 자동보정] SHORT DOGE/USDT:USDT exit=2026-07-31 10:01:31 미매칭수량=334.00000000 orderID=100988356319 tradeID=None
2026-08-02 23:23:00,335 [WARNING] [진입유실 방지 자동보정] SHORT DOGE/USDT:USDT exit=2026-08-01 18:02:18 미매칭수량=306.00000000 orderID=101015266902 tradeID=None
2026-08-02 23:23:00,335 [WARNING] [진입유실 방지 자동보정] LONG DOGE/USDT:USDT exit=2026-08-02 11:07:47 미매칭수량=259.00000000 orderID=101028099752 tradeID=None
2026-08-02 23:23:00,335 [WARNING] [진입유실 방지 자동보정] SHORT SOL/USDT:USDT exit=2026-07-29 22:32:08 미매칭수량=0.26000000 orderID=229957663104 tradeID=None
2026-08-02 23:23:00,335 [WARNING] [진입유실 방지 자동보정] LONG SOL/USDT:USDT exit=2026-07-30 02:59:19 미매칭수량=0.33000000 orderID=229996023316 tradeID=None
2026-08-02 23:23:00,335 [WARNING] [진입유실 방지 자동보정] LONG SOL/USDT:USDT exit=2026-07-30 03:32:08 미매칭수량=0.27000000 orderID=230002018782 tradeID=None
2026-08-02 23:23:00,335 [WARNING] [진입유실 방지 자동보정] SHORT SOL/USDT:USDT exit=2026-07-30 20:09:26 미매칭수량=0.32000000 orderID=230154249399 tradeID=None
2026-08-02 23:23:00,335 [WARNING] [진입유실 방지 자동보정] SHORT SOL/USDT:USDT exit=2026-07-30 20:37:48 미매칭수량=0.32000000 orderID=230157644550 tradeID=None
2026-08-02 23:23:00,335 [WARNING] [진입유실 방지 자동보정] SHORT SOL/USDT:USDT exit=2026-08-01 10:32:26 미매칭수량=0.29000000 orderID=230440972735 tradeID=None
2026-08-02 23:23:00,335 [WARNING] [진입유실 방지 자동보정] LONG SOL/USDT:USDT exit=2026-08-02 01:55:54 미매칭수량=0.25000000 orderID=230506472518 tradeID=None
2026-08-02 23:23:00,335 [WARNING] [진입유실 방지 자동보정] LONG SOL/USDT:USDT exit=2026-08-02 03:24:55 미매칭수량=0.20000000 orderID=230517041657 tradeID=None
2026-08-02 23:23:00,335 [WARNING] [진입유실 방지 자동보정] LONG XRP/USDT:USDT exit=2026-07-30 03:32:09 미매칭수량=14.70000000 orderID=154591436270 tradeID=None
2026-08-02 23:23:00,335 [WARNING] [진입유실 방지 자동보정] LONG XRP/USDT:USDT exit=2026-07-30 08:06:13 미매칭수량=18.50000000 orderID=154605732461 tradeID=None
2026-08-02 23:23:00,335 [WARNING] [진입유실 방지 자동보정] LONG XRP/USDT:USDT exit=2026-07-30 22:11:04 미매칭수량=17.50000000 orderID=154637963852 tradeID=None
2026-08-02 23:23:00,335 [WARNING] [진입유실 방지 자동보정] SHORT XRP/USDT:USDT exit=2026-07-31 15:18:55 미매칭수량=28.50000000 orderID=154681353788 tradeID=None
2026-08-02 23:23:00,335 [WARNING] [진입유실 방지 자동보정] LONG XRP/USDT:USDT exit=2026-08-02 07:48:27 미매칭수량=6.70000000 orderID=154765042288 tradeID=None
2026-08-02 23:23:00,335 [WARNING] [진입유실 방지 자동보정] LONG XRP/USDT:USDT exit=2026-08-02 08:25:19 미매칭수량=6.70000000 orderID=154766072211 tradeID=None
2026-08-02 23:23:00,335 [WARNING] [진입유실 방지 자동보정] LONG XRP/USDT:USDT exit=2026-08-02 11:07:15 미매칭수량=16.80000000 orderID=154770811661 tradeID=None
2026-08-02 23:23:00,335 [WARNING] [진입유실 방지 자동보정] SHORT 1000PEPE/USDT:USDT exit=2026-08-02 02:31:36 미매칭수량=1968.00000000 orderID=61389681657 tradeID=None
2026-08-02 23:23:00,335 [WARNING] [진입유실 방지 자동보정] SHORT 1000PEPE/USDT:USDT exit=2026-08-02 02:52:29 미매칭수량=1969.00000000 orderID=61390079427 tradeID=None
2026-08-02 23:23:00,335 [WARNING] [진입유실 방지 자동보정] SHORT 1000PEPE/USDT:USDT exit=2026-08-02 09:25:39 미매칭수량=7585.00000000 orderID=61394822102 tradeID=None
2026-08-02 23:23:00,335 [WARNING] [진입유실 방지 자동보정] SHORT IDOL/USDT:USDT exit=2026-08-02 10:17:17 미매칭수량=445.00000000 orderID=523897304 tradeID=None
2026-08-02 23:23:06,999 [INFO] [SCAN] 블랙리스트 5개 제외: ['IP/USDT:USDT', 'NES/USDT:USDT', 'WLD/USDT:USDT', 'XAG/USDT:USDT', 'XAU/USDT:USDT', 'XAUT/USDT:USDT']
2026-08-02 23:23:07,000 [INFO] [SCAN] 스캔 시작: 30개 페어 (캐시 31개 보유)
2026-08-02 23:23:21,243 [INFO] [SCAN] 완료: 30개 종목 · 신호 0개 · API 호출 30회 · 캐시 히트 0회
2026-08-02 23:23:21,434 [WARNING] [PROTECT GUARD] BNB/USDT:USDT LONG 보호주문 없음(무방비) → TP/SL 재무장 시도
2026-08-02 23:23:24,347 [ERROR] [PROTECT REARM] BNB/USDT:USDT long TP/SL 보호주문 재설정 실패: binance {"code":-4130,"msg":"An open stop or take profit order with GTE and closePosition in the direction is existing."}
2026-08-02 23:23:24,348 [ERROR] [PROTECT GUARD] BNB/USDT:USDT LONG 보호주문 재무장 실패 — 수동 확인 필요
2026-08-02 23:23:24,446 [WARNING] [PROTECT GUARD] HOME/USDT:USDT LONG 보호주문 없음(무방비) → TP/SL 재무장 시도
2026-08-02 23:23:27,360 [ERROR] [PROTECT REARM] HOME/USDT:USDT long TP/SL 보호주문 재설정 실패: binance {"code":-4130,"msg":"An open stop or take profit order with GTE and closePosition in the direction is existing."}
2026-08-02 23:23:27,361 [ERROR] [PROTECT GUARD] HOME/USDT:USDT LONG 보호주문 재무장 실패 — 수동 확인 필요
2026-08-02 23:23:30,384 [WARNING] [진입유실 방지 자동보정] LONG 1000SHIB/USDT:USDT exit=2026-07-27 04:30:21 미매칭수량=2189.00000000 orderID=31388901395 tradeID=None
2026-08-02 23:23:30,384 [WARNING] [진입유실 방지 자동보정] SHORT 1000SHIB/USDT:USDT exit=2026-07-27 07:36:19 미매칭수량=1348.00000000 orderID=31393184616 tradeID=None
2026-08-02 23:23:30,384 [WARNING] [진입유실 방지 자동보정] SHORT 1000SHIB/USDT:USDT exit=2026-07-27 11:51:02 미매칭수량=1844.00000000 orderID=31400541745 tradeID=None
2026-08-02 23:23:30,384 [WARNING] [진입유실 방지 자동보정] SHORT 1000SHIB/USDT:USDT exit=2026-07-28 06:12:27 미매칭수량=2192.00000000 orderID=31421063023 tradeID=None
2026-08-02 23:23:30,384 [WARNING] [진입유실 방지 자동보정] SHORT 1000SHIB/USDT:USDT exit=2026-08-02 01:13:53 미매칭수량=1073.00000000 orderID=31502817166 tradeID=None
2026-08-02 23:23:30,385 [WARNING] [진입유실 방지 자동보정] SHORT 1000SHIB/USDT:USDT exit=2026-08-02 02:01:20 미매칭수량=1074.00000000 orderID=31504220662 tradeID=None
2026-08-02 23:23:30,385 [WARNING] [진입유실 방지 자동보정] SHORT 1000SHIB/USDT:USDT exit=2026-08-02 09:45:32 미매칭수량=2285.00000000 orderID=31510623049 tradeID=None
2026-08-02 23:23:30,385 [WARNING] [진입유실 방지 자동보정] SHORT 1000SHIB/USDT:USDT exit=2026-08-02 10:35:19 미매칭수량=2280.00000000 orderID=31511192196 tradeID=None
2026-08-02 23:23:30,385 [WARNING] [진입유실 방지 자동보정] LONG DOGE/USDT:USDT exit=2026-07-28 09:50:41 미매칭수량=163.00000000 orderID=100915175009 tradeID=None
2026-08-02 23:23:30,385 [WARNING] [진입유실 방지 자동보정] SHORT DOGE/USDT:USDT exit=2026-07-28 20:36:48 미매칭수량=357.00000000 orderID=100925180835 tradeID=None
2026-08-02 23:23:30,385 [WARNING] [진입유실 방지 자동보정] SHORT DOGE/USDT:USDT exit=2026-07-28 23:00:41 미매칭수량=286.00000000 orderID=100927596061 tradeID=None
2026-08-02 23:23:30,385 [WARNING] [진입유실 방지 자동보정] SHORT DOGE/USDT:USDT exit=2026-07-30 20:51:14 미매칭수량=345.00000000 orderID=100976583122 tradeID=None
2026-08-02 23:23:30,385 [WARNING] [진입유실 방지 자동보정] SHORT DOGE/USDT:USDT exit=2026-07-31 10:01:31 미매칭수량=334.00000000 orderID=100988356319 tradeID=None
2026-08-02 23:23:30,385 [WARNING] [진입유실 방지 자동보정] SHORT DOGE/USDT:USDT exit=2026-08-01 18:02:18 미매칭수량=306.00000000 orderID=101015266902 tradeID=None
2026-08-02 23:23:30,385 [WARNING] [진입유실 방지 자동보정] LONG DOGE/USDT:USDT exit=2026-08-02 11:07:47 미매칭수량=259.00000000 orderID=101028099752 tradeID=None
2026-08-02 23:23:30,385 [WARNING] [진입유실 방지 자동보정] SHORT SOL/USDT:USDT exit=2026-07-29 22:32:08 미매칭수량=0.26000000 orderID=229957663104 tradeID=None
2026-08-02 23:23:30,385 [WARNING] [진입유실 방지 자동보정] LONG SOL/USDT:USDT exit=2026-07-30 02:59:19 미매칭수량=0.33000000 orderID=229996023316 tradeID=None
2026-08-02 23:23:30,385 [WARNING] [진입유실 방지 자동보정] LONG SOL/USDT:USDT exit=2026-07-30 03:32:08 미매칭수량=0.27000000 orderID=230002018782 tradeID=None
2026-08-02 23:23:30,385 [WARNING] [진입유실 방지 자동보정] SHORT SOL/USDT:USDT exit=2026-07-30 20:09:26 미매칭수량=0.32000000 orderID=230154249399 tradeID=None
2026-08-02 23:23:30,385 [WARNING] [진입유실 방지 자동보정] SHORT SOL/USDT:USDT exit=2026-07-30 20:37:48 미매칭수량=0.32000000 orderID=230157644550 tradeID=None
2026-08-02 23:23:30,385 [WARNING] [진입유실 방지 자동보정] SHORT SOL/USDT:USDT exit=2026-08-01 10:32:26 미매칭수량=0.29000000 orderID=230440972735 tradeID=None
2026-08-02 23:23:30,385 [WARNING] [진입유실 방지 자동보정] LONG SOL/USDT:USDT exit=2026-08-02 01:55:54 미매칭수량=0.25000000 orderID=230506472518 tradeID=None
2026-08-02 23:23:30,385 [WARNING] [진입유실 방지 자동보정] LONG SOL/USDT:USDT exit=2026-08-02 03:24:55 미매칭수량=0.20000000 orderID=230517041657 tradeID=None
2026-08-02 23:23:30,385 [WARNING] [진입유실 방지 자동보정] LONG XRP/USDT:USDT exit=2026-07-30 03:32:09 미매칭수량=14.70000000 orderID=154591436270 tradeID=None
2026-08-02 23:23:30,385 [WARNING] [진입유실 방지 자동보정] LONG XRP/USDT:USDT exit=2026-07-30 08:06:13 미매칭수량=18.50000000 orderID=154605732461 tradeID=None
2026-08-02 23:23:30,385 [WARNING] [진입유실 방지 자동보정] LONG XRP/USDT:USDT exit=2026-07-30 22:11:04 미매칭수량=17.50000000 orderID=154637963852 tradeID=None
2026-08-02 23:23:30,385 [WARNING] [진입유실 방지 자동보정] SHORT XRP/USDT:USDT exit=2026-07-31 15:18:55 미매칭수량=28.50000000 orderID=154681353788 tradeID=None
2026-08-02 23:23:30,385 [WARNING] [진입유실 방지 자동보정] LONG XRP/USDT:USDT exit=2026-08-02 07:48:27 미매칭수량=6.70000000 orderID=154765042288 tradeID=None
2026-08-02 23:23:30,385 [WARNING] [진입유실 방지 자동보정] LONG XRP/USDT:USDT exit=2026-08-02 08:25:19 미매칭수량=6.70000000 orderID=154766072211 tradeID=None
2026-08-02 23:23:30,386 [WARNING] [진입유실 방지 자동보정] LONG XRP/USDT:USDT exit=2026-08-02 11:07:15 미매칭수량=16.80000000 orderID=154770811661 tradeID=None
2026-08-02 23:23:30,386 [WARNING] [진입유실 방지 자동보정] SHORT 1000PEPE/USDT:USDT exit=2026-08-02 02:31:36 미매칭수량=1968.00000000 orderID=61389681657 tradeID=None
2026-08-02 23:23:30,386 [WARNING] [진입유실 방지 자동보정] SHORT 1000PEPE/USDT:USDT exit=2026-08-02 02:52:29 미매칭수량=1969.00000000 orderID=61390079427 tradeID=None
2026-08-02 23:23:30,386 [WARNING] [진입유실 방지 자동보정] SHORT 1000PEPE/USDT:USDT exit=2026-08-02 09:25:39 미매칭수량=7585.00000000 orderID=61394822102 tradeID=None
2026-08-02 23:23:30,386 [WARNING] [진입유실 방지 자동보정] SHORT IDOL/USDT:USDT exit=2026-08-02 10:17:17 미매칭수량=445.00000000 orderID=523897304 tradeID=None
2026-08-02 23:23:30,576 [INFO] [상태] 잔고:$9.58 | 포지션:2개 | 스캔:39회 | 스캐너:ON
2026-08-02 23:23:42,515 [INFO] [SCAN] 블랙리스트 5개 제외: ['IP/USDT:USDT', 'NES/USDT:USDT', 'WLD/USDT:USDT', 'XAG/USDT:USDT', 'XAU/USDT:USDT', 'XAUT/USDT:USDT']
2026-08-02 23:23:42,515 [INFO] [SCAN] 스캔 시작: 30개 페어 (캐시 31개 보유)
2026-08-02 23:23:56,822 [INFO] [SCAN] 완료: 30개 종목 · 신호 0개 · API 호출 30회 · 캐시 히트 0회
2026-08-02 23:24:00,637 [WARNING] [진입유실 방지 자동보정] LONG 1000SHIB/USDT:USDT exit=2026-07-27 04:30:21 미매칭수량=2189.00000000 orderID=31388901395 tradeID=None
2026-08-02 23:24:00,637 [WARNING] [진입유실 방지 자동보정] SHORT 1000SHIB/USDT:USDT exit=2026-07-27 07:36:19 미매칭수량=1348.00000000 orderID=31393184616 tradeID=None
2026-08-02 23:24:00,637 [WARNING] [진입유실 방지 자동보정] SHORT 1000SHIB/USDT:USDT exit=2026-07-27 11:51:02 미매칭수량=1844.00000000 orderID=31400541745 tradeID=None
2026-08-02 23:24:00,637 [WARNING] [진입유실 방지 자동보정] SHORT 1000SHIB/USDT:USDT exit=2026-07-28 06:12:27 미매칭수량=2192.00000000 orderID=31421063023 tradeID=None
2026-08-02 23:24:00,637 [WARNING] [진입유실 방지 자동보정] SHORT 1000SHIB/USDT:USDT exit=2026-08-02 01:13:53 미매칭수량=1073.00000000 orderID=31502817166 tradeID=None
2026-08-02 23:24:00,638 [WARNING] [진입유실 방지 자동보정] SHORT 1000SHIB/USDT:USDT exit=2026-08-02 02:01:20 미매칭수량=1074.00000000 orderID=31504220662 tradeID=None
2026-08-02 23:24:00,638 [WARNING] [진입유실 방지 자동보정] SHORT 1000SHIB/USDT:USDT exit=2026-08-02 09:45:32 미매칭수량=2285.00000000 orderID=31510623049 tradeID=None
2026-08-02 23:24:00,638 [WARNING] [진입유실 방지 자동보정] SHORT 1000SHIB/USDT:USDT exit=2026-08-02 10:35:19 미매칭수량=2280.00000000 orderID=31511192196 tradeID=None
2026-08-02 23:24:00,638 [WARNING] [진입유실 방지 자동보정] LONG DOGE/USDT:USDT exit=2026-07-28 09:50:41 미매칭수량=163.00000000 orderID=100915175009 tradeID=None
2026-08-02 23:24:00,638 [WARNING] [진입유실 방지 자동보정] SHORT DOGE/USDT:USDT exit=2026-07-28 20:36:48 미매칭수량=357.00000000 orderID=100925180835 tradeID=None
2026-08-02 23:24:00,638 [WARNING] [진입유실 방지 자동보정] SHORT DOGE/USDT:USDT exit=2026-07-28 23:00:41 미매칭수량=286.00000000 orderID=100927596061 tradeID=None
2026-08-02 23:24:00,638 [WARNING] [진입유실 방지 자동보정] SHORT DOGE/USDT:USDT exit=2026-07-30 20:51:14 미매칭수량=345.00000000 orderID=100976583122 tradeID=None
2026-08-02 23:24:00,638 [WARNING] [진입유실 방지 자동보정] SHORT DOGE/USDT:USDT exit=2026-07-31 10:01:31 미매칭수량=334.00000000 orderID=100988356319 tradeID=None
2026-08-02 23:24:00,638 [WARNING] [진입유실 방지 자동보정] SHORT DOGE/USDT:USDT exit=2026-08-01 18:02:18 미매칭수량=306.00000000 orderID=101015266902 tradeID=None
2026-08-02 23:24:00,638 [WARNING] [진입유실 방지 자동보정] LONG DOGE/USDT:USDT exit=2026-08-02 11:07:47 미매칭수량=259.00000000 orderID=101028099752 tradeID=None
2026-08-02 23:24:00,638 [WARNING] [진입유실 방지 자동보정] SHORT SOL/USDT:USDT exit=2026-07-29 22:32:08 미매칭수량=0.26000000 orderID=229957663104 tradeID=None
2026-08-02 23:24:00,638 [WARNING] [진입유실 방지 자동보정] LONG SOL/USDT:USDT exit=2026-07-30 02:59:19 미매칭수량=0.33000000 orderID=229996023316 tradeID=None
2026-08-02 23:24:00,638 [WARNING] [진입유실 방지 자동보정] LONG SOL/USDT:USDT exit=2026-07-30 03:32:08 미매칭수량=0.27000000 orderID=230002018782 tradeID=None
2026-08-02 23:24:00,638 [WARNING] [진입유실 방지 자동보정] SHORT SOL/USDT:USDT exit=2026-07-30 20:09:26 미매칭수량=0.32000000 orderID=230154249399 tradeID=None
2026-08-02 23:24:00,638 [WARNING] [진입유실 방지 자동보정] SHORT SOL/USDT:USDT exit=2026-07-30 20:37:48 미매칭수량=0.32000000 orderID=230157644550 tradeID=None
2026-08-02 23:24:00,638 [WARNING] [진입유실 방지 자동보정] SHORT SOL/USDT:USDT exit=2026-08-01 10:32:26 미매칭수량=0.29000000 orderID=230440972735 tradeID=None
2026-08-02 23:24:00,638 [WARNING] [진입유실 방지 자동보정] LONG SOL/USDT:USDT exit=2026-08-02 01:55:54 미매칭수량=0.25000000 orderID=230506472518 tradeID=None
2026-08-02 23:24:00,638 [WARNING] [진입유실 방지 자동보정] LONG SOL/USDT:USDT exit=2026-08-02 03:24:55 미매칭수량=0.20000000 orderID=230517041657 tradeID=None
2026-08-02 23:24:00,638 [WARNING] [진입유실 방지 자동보정] LONG XRP/USDT:USDT exit=2026-07-30 03:32:09 미매칭수량=14.70000000 orderID=154591436270 tradeID=None
2026-08-02 23:24:00,638 [WARNING] [진입유실 방지 자동보정] LONG XRP/USDT:USDT exit=2026-07-30 08:06:13 미매칭수량=18.50000000 orderID=154605732461 tradeID=None
2026-08-02 23:24:00,638 [WARNING] [진입유실 방지 자동보정] LONG XRP/USDT:USDT exit=2026-07-30 22:11:04 미매칭수량=17.50000000 orderID=154637963852 tradeID=None
2026-08-02 23:24:00,638 [WARNING] [진입유실 방지 자동보정] SHORT XRP/USDT:USDT exit=2026-07-31 15:18:55 미매칭수량=28.50000000 orderID=154681353788 tradeID=None
2026-08-02 23:24:00,639 [WARNING] [진입유실 방지 자동보정] LONG XRP/USDT:USDT exit=2026-08-02 07:48:27 미매칭수량=6.70000000 orderID=154765042288 tradeID=None
2026-08-02 23:24:00,639 [WARNING] [진입유실 방지 자동보정] LONG XRP/USDT:USDT exit=2026-08-02 08:25:19 미매칭수량=6.70000000 orderID=154766072211 tradeID=None
2026-08-02 23:24:00,639 [WARNING] [진입유실 방지 자동보정] LONG XRP/USDT:USDT exit=2026-08-02 11:07:15 미매칭수량=16.80000000 orderID=154770811661 tradeID=None
2026-08-02 23:24:00,639 [WARNING] [진입유실 방지 자동보정] SHORT 1000PEPE/USDT:USDT exit=2026-08-02 02:31:36 미매칭수량=1968.00000000 orderID=61389681657 tradeID=None
2026-08-02 23:24:00,639 [WARNING] [진입유실 방지 자동보정] SHORT 1000PEPE/USDT:USDT exit=2026-08-02 02:52:29 미매칭수량=1969.00000000 orderID=61390079427 tradeID=None
2026-08-02 23:24:00,639 [WARNING] [진입유실 방지 자동보정] SHORT 1000PEPE/USDT:USDT exit=2026-08-02 09:25:39 미매칭수량=7585.00000000 orderID=61394822102 tradeID=None
2026-08-02 23:24:00,639 [WARNING] [진입유실 방지 자동보정] SHORT IDOL/USDT:USDT exit=2026-08-02 10:17:17 미매칭수량=445.00000000 orderID=523897304 tradeID=None
2026-08-02 23:24:12,025 [INFO] [SCAN] 블랙리스트 5개 제외: ['IP/USDT:USDT', 'NES/USDT:USDT', 'WLD/USDT:USDT', 'XAG/USDT:USDT', 'XAU/USDT:USDT', 'XAUT/USDT:USDT']
2026-08-02 23:24:12,026 [INFO] [SCAN] 스캔 시작: 30개 페어 (캐시 31개 보유)
2026-08-02 23:24:26,339 [INFO] [SCAN] 완료: 30개 종목 · 신호 0개 · API 호출 30회 · 캐시 히트 0회
2026-08-02 23:24:26,527 [WARNING] [PROTECT GUARD] BNB/USDT:USDT LONG 보호주문 없음(무방비) → TP/SL 재무장 시도
2026-08-02 23:24:29,435 [ERROR] [PROTECT REARM] BNB/USDT:USDT long TP/SL 보호주문 재설정 실패: binance {"code":-4130,"msg":"An open stop or take profit order with GTE and closePosition in the direction is existing."}
2026-08-02 23:24:29,435 [ERROR] [PROTECT GUARD] BNB/USDT:USDT LONG 보호주문 재무장 실패 — 수동 확인 필요
2026-08-02 23:24:29,529 [WARNING] [PROTECT GUARD] HOME/USDT:USDT LONG 보호주문 없음(무방비) → TP/SL 재무장 시도
2026-08-02 23:24:30,678 [WARNING] [진입유실 방지 자동보정] LONG 1000SHIB/USDT:USDT exit=2026-07-27 04:30:21 미매칭수량=2189.00000000 orderID=31388901395 tradeID=None
2026-08-02 23:24:30,678 [WARNING] [진입유실 방지 자동보정] SHORT 1000SHIB/USDT:USDT exit=2026-07-27 07:36:19 미매칭수량=1348.00000000 orderID=31393184616 tradeID=None
2026-08-02 23:24:30,678 [WARNING] [진입유실 방지 자동보정] SHORT 1000SHIB/USDT:USDT exit=2026-07-27 11:51:02 미매칭수량=1844.00000000 orderID=31400541745 tradeID=None
2026-08-02 23:24:30,679 [WARNING] [진입유실 방지 자동보정] SHORT 1000SHIB/USDT:USDT exit=2026-07-28 06:12:27 미매칭수량=2192.00000000 orderID=31421063023 tradeID=None
2026-08-02 23:24:30,679 [WARNING] [진입유실 방지 자동보정] SHORT 1000SHIB/USDT:USDT exit=2026-08-02 01:13:53 미매칭수량=1073.00000000 orderID=31502817166 tradeID=None
2026-08-02 23:24:30,679 [WARNING] [진입유실 방지 자동보정] SHORT 1000SHIB/USDT:USDT exit=2026-08-02 02:01:20 미매칭수량=1074.00000000 orderID=31504220662 tradeID=None
2026-08-02 23:24:30,679 [WARNING] [진입유실 방지 자동보정] SHORT 1000SHIB/USDT:USDT exit=2026-08-02 09:45:32 미매칭수량=2285.00000000 orderID=31510623049 tradeID=None
2026-08-02 23:24:30,679 [WARNING] [진입유실 방지 자동보정] SHORT 1000SHIB/USDT:USDT exit=2026-08-02 10:35:19 미매칭수량=2280.00000000 orderID=31511192196 tradeID=None
2026-08-02 23:24:30,679 [WARNING] [진입유실 방지 자동보정] LONG DOGE/USDT:USDT exit=2026-07-28 09:50:41 미매칭수량=163.00000000 orderID=100915175009 tradeID=None
2026-08-02 23:24:30,679 [WARNING] [진입유실 방지 자동보정] SHORT DOGE/USDT:USDT exit=2026-07-28 20:36:48 미매칭수량=357.00000000 orderID=100925180835 tradeID=None
2026-08-02 23:24:30,679 [WARNING] [진입유실 방지 자동보정] SHORT DOGE/USDT:USDT exit=2026-07-28 23:00:41 미매칭수량=286.00000000 orderID=100927596061 tradeID=None
2026-08-02 23:24:30,679 [WARNING] [진입유실 방지 자동보정] SHORT DOGE/USDT:USDT exit=2026-07-30 20:51:14 미매칭수량=345.00000000 orderID=100976583122 tradeID=None
2026-08-02 23:24:30,679 [WARNING] [진입유실 방지 자동보정] SHORT DOGE/USDT:USDT exit=2026-07-31 10:01:31 미매칭수량=334.00000000 orderID=100988356319 tradeID=None
2026-08-02 23:24:30,679 [WARNING] [진입유실 방지 자동보정] SHORT DOGE/USDT:USDT exit=2026-08-01 18:02:18 미매칭수량=306.00000000 orderID=101015266902 tradeID=None
2026-08-02 23:24:30,679 [WARNING] [진입유실 방지 자동보정] LONG DOGE/USDT:USDT exit=2026-08-02 11:07:47 미매칭수량=259.00000000 orderID=101028099752 tradeID=None
2026-08-02 23:24:30,679 [WARNING] [진입유실 방지 자동보정] SHORT SOL/USDT:USDT exit=2026-07-29 22:32:08 미매칭수량=0.26000000 orderID=229957663104 tradeID=None
2026-08-02 23:24:30,679 [WARNING] [진입유실 방지 자동보정] LONG SOL/USDT:USDT exit=2026-07-30 02:59:19 미매칭수량=0.33000000 orderID=229996023316 tradeID=None
2026-08-02 23:24:30,680 [WARNING] [진입유실 방지 자동보정] LONG SOL/USDT:USDT exit=2026-07-30 03:32:08 미매칭수량=0.27000000 orderID=230002018782 tradeID=None
2026-08-02 23:24:30,680 [WARNING] [진입유실 방지 자동보정] SHORT SOL/USDT:USDT exit=2026-07-30 20:09:26 미매칭수량=0.32000000 orderID=230154249399 tradeID=None
2026-08-02 23:24:30,680 [WARNING] [진입유실 방지 자동보정] SHORT SOL/USDT:USDT exit=2026-07-30 20:37:48 미매칭수량=0.32000000 orderID=230157644550 tradeID=None
2026-08-02 23:24:30,680 [WARNING] [진입유실 방지 자동보정] SHORT SOL/USDT:USDT exit=2026-08-01 10:32:26 미매칭수량=0.29000000 orderID=230440972735 tradeID=None
2026-08-02 23:24:30,680 [WARNING] [진입유실 방지 자동보정] LONG SOL/USDT:USDT exit=2026-08-02 01:55:54 미매칭수량=0.25000000 orderID=230506472518 tradeID=None
2026-08-02 23:24:30,680 [WARNING] [진입유실 방지 자동보정] LONG SOL/USDT:USDT exit=2026-08-02 03:24:55 미매칭수량=0.20000000 orderID=230517041657 tradeID=None
2026-08-02 23:24:30,680 [WARNING] [진입유실 방지 자동보정] LONG XRP/USDT:USDT exit=2026-07-30 03:32:09 미매칭수량=14.70000000 orderID=154591436270 tradeID=None
2026-08-02 23:24:30,680 [WARNING] [진입유실 방지 자동보정] LONG XRP/USDT:USDT exit=2026-07-30 08:06:13 미매칭수량=18.50000000 orderID=154605732461 tradeID=None
2026-08-02 23:24:30,680 [WARNING] [진입유실 방지 자동보정] LONG XRP/USDT:USDT exit=2026-07-30 22:11:04 미매칭수량=17.50000000 orderID=154637963852 tradeID=None
2026-08-02 23:24:30,680 [WARNING] [진입유실 방지 자동보정] SHORT XRP/USDT:USDT exit=2026-07-31 15:18:55 미매칭수량=28.50000000 orderID=154681353788 tradeID=None
2026-08-02 23:24:30,680 [WARNING] [진입유실 방지 자동보정] LONG XRP/USDT:USDT exit=2026-08-02 07:48:27 미매칭수량=6.70000000 orderID=154765042288 tradeID=None
2026-08-02 23:24:30,680 [WARNING] [진입유실 방지 자동보정] LONG XRP/USDT:USDT exit=2026-08-02 08:25:19 미매칭수량=6.70000000 orderID=154766072211 tradeID=None
2026-08-02 23:24:30,680 [WARNING] [진입유실 방지 자동보정] LONG XRP/USDT:USDT exit=2026-08-02 11:07:15 미매칭수량=16.80000000 orderID=154770811661 tradeID=None
2026-08-02 23:24:30,680 [WARNING] [진입유실 방지 자동보정] SHORT 1000PEPE/USDT:USDT exit=2026-08-02 02:31:36 미매칭수량=1968.00000000 orderID=61389681657 tradeID=None
2026-08-02 23:24:30,680 [WARNING] [진입유실 방지 자동보정] SHORT 1000PEPE/USDT:USDT exit=2026-08-02 02:52:29 미매칭수량=1969.00000000 orderID=61390079427 tradeID=None
2026-08-02 23:24:30,680 [WARNING] [진입유실 방지 자동보정] SHORT 1000PEPE/USDT:USDT exit=2026-08-02 09:25:39 미매칭수량=7585.00000000 orderID=61394822102 tradeID=None
2026-08-02 23:24:30,680 [WARNING] [진입유실 방지 자동보정] SHORT IDOL/USDT:USDT exit=2026-08-02 10:17:17 미매칭수량=445.00000000 orderID=523897304 tradeID=None
2026-08-02 23:24:30,876 [INFO] [상태] 잔고:$9.61 | 포지션:2개 | 스캔:41회 | 스캐너:ON
2026-08-02 23:24:32,435 [ERROR] [PROTECT REARM] HOME/USDT:USDT long TP/SL 보호주문 재설정 실패: binance {"code":-4130,"msg":"An open stop or take profit order with GTE and closePosition in the direction is existing."}
2026-08-02 23:24:32,435 [ERROR] [PROTECT GUARD] HOME/USDT:USDT LONG 보호주문 재무장 실패 — 수동 확인 필요
2026-08-02 23:24:47,602 [INFO] [SCAN] 블랙리스트 5개 제외: ['IP/USDT:USDT', 'NES/USDT:USDT', 'WLD/USDT:USDT', 'XAG/USDT:USDT', 'XAU/USDT:USDT', 'XAUT/USDT:USDT']
2026-08-02 23:24:47,602 [INFO] [SCAN] 스캔 시작: 30개 페어 (캐시 31개 보유)
2026-08-02 23:25:00,938 [WARNING] [진입유실 방지 자동보정] LONG 1000SHIB/USDT:USDT exit=2026-07-27 04:30:21 미매칭수량=2189.00000000 orderID=31388901395 tradeID=None
2026-08-02 23:25:00,939 [WARNING] [진입유실 방지 자동보정] SHORT 1000SHIB/USDT:USDT exit=2026-07-27 07:36:19 미매칭수량=1348.00000000 orderID=31393184616 tradeID=None
2026-08-02 23:25:00,939 [WARNING] [진입유실 방지 자동보정] SHORT 1000SHIB/USDT:USDT exit=2026-07-27 11:51:02 미매칭수량=1844.00000000 orderID=31400541745 tradeID=None
2026-08-02 23:25:00,939 [WARNING] [진입유실 방지 자동보정] SHORT 1000SHIB/USDT:USDT exit=2026-07-28 06:12:27 미매칭수량=2192.00000000 orderID=31421063023 tradeID=None
2026-08-02 23:25:00,939 [WARNING] [진입유실 방지 자동보정] SHORT 1000SHIB/USDT:USDT exit=2026-08-02 01:13:53 미매칭수량=1073.00000000 orderID=31502817166 tradeID=None
2026-08-02 23:25:00,939 [WARNING] [진입유실 방지 자동보정] SHORT 1000SHIB/USDT:USDT exit=2026-08-02 02:01:20 미매칭수량=1074.00000000 orderID=31504220662 tradeID=None
2026-08-02 23:25:00,939 [WARNING] [진입유실 방지 자동보정] SHORT 1000SHIB/USDT:USDT exit=2026-08-02 09:45:32 미매칭수량=2285.00000000 orderID=31510623049 tradeID=None
2026-08-02 23:25:00,939 [WARNING] [진입유실 방지 자동보정] SHORT 1000SHIB/USDT:USDT exit=2026-08-02 10:35:19 미매칭수량=2280.00000000 orderID=31511192196 tradeID=None
2026-08-02 23:25:00,939 [WARNING] [진입유실 방지 자동보정] LONG DOGE/USDT:USDT exit=2026-07-28 09:50:41 미매칭수량=163.00000000 orderID=100915175009 tradeID=None
2026-08-02 23:25:00,939 [WARNING] [진입유실 방지 자동보정] SHORT DOGE/USDT:USDT exit=2026-07-28 20:36:48 미매칭수량=357.00000000 orderID=100925180835 tradeID=None
2026-08-02 23:25:00,939 [WARNING] [진입유실 방지 자동보정] SHORT DOGE/USDT:USDT exit=2026-07-28 23:00:41 미매칭수량=286.00000000 orderID=100927596061 tradeID=None
2026-08-02 23:25:00,939 [WARNING] [진입유실 방지 자동보정] SHORT DOGE/USDT:USDT exit=2026-07-30 20:51:14 미매칭수량=345.00000000 orderID=100976583122 tradeID=None
2026-08-02 23:25:00,939 [WARNING] [진입유실 방지 자동보정] SHORT DOGE/USDT:USDT exit=2026-07-31 10:01:31 미매칭수량=334.00000000 orderID=100988356319 tradeID=None
2026-08-02 23:25:00,939 [WARNING] [진입유실 방지 자동보정] SHORT DOGE/USDT:USDT exit=2026-08-01 18:02:18 미매칭수량=306.00000000 orderID=101015266902 tradeID=None
2026-08-02 23:25:00,939 [WARNING] [진입유실 방지 자동보정] LONG DOGE/USDT:USDT exit=2026-08-02 11:07:47 미매칭수량=259.00000000 orderID=101028099752 tradeID=None
2026-08-02 23:25:00,939 [WARNING] [진입유실 방지 자동보정] SHORT SOL/USDT:USDT exit=2026-07-29 22:32:08 미매칭수량=0.26000000 orderID=229957663104 tradeID=None
2026-08-02 23:25:00,939 [WARNING] [진입유실 방지 자동보정] LONG SOL/USDT:USDT exit=2026-07-30 02:59:19 미매칭수량=0.33000000 orderID=229996023316 tradeID=None
2026-08-02 23:25:00,939 [WARNING] [진입유실 방지 자동보정] LONG SOL/USDT:USDT exit=2026-07-30 03:32:08 미매칭수량=0.27000000 orderID=230002018782 tradeID=None
2026-08-02 23:25:00,939 [WARNING] [진입유실 방지 자동보정] SHORT SOL/USDT:USDT exit=2026-07-30 20:09:26 미매칭수량=0.32000000 orderID=230154249399 tradeID=None
2026-08-02 23:25:00,939 [WARNING] [진입유실 방지 자동보정] SHORT SOL/USDT:USDT exit=2026-07-30 20:37:48 미매칭수량=0.32000000 orderID=230157644550 tradeID=None
2026-08-02 23:25:00,940 [WARNING] [진입유실 방지 자동보정] SHORT SOL/USDT:USDT exit=2026-08-01 10:32:26 미매칭수량=0.29000000 orderID=230440972735 tradeID=None
2026-08-02 23:25:00,940 [WARNING] [진입유실 방지 자동보정] LONG SOL/USDT:USDT exit=2026-08-02 01:55:54 미매칭수량=0.25000000 orderID=230506472518 tradeID=None
2026-08-02 23:25:00,940 [WARNING] [진입유실 방지 자동보정] LONG SOL/USDT:USDT exit=2026-08-02 03:24:55 미매칭수량=0.20000000 orderID=230517041657 tradeID=None
2026-08-02 23:25:00,940 [WARNING] [진입유실 방지 자동보정] LONG XRP/USDT:USDT exit=2026-07-30 03:32:09 미매칭수량=14.70000000 orderID=154591436270 tradeID=None
2026-08-02 23:25:00,940 [WARNING] [진입유실 방지 자동보정] LONG XRP/USDT:USDT exit=2026-07-30 08:06:13 미매칭수량=18.50000000 orderID=154605732461 tradeID=None
2026-08-02 23:25:00,940 [WARNING] [진입유실 방지 자동보정] LONG XRP/USDT:USDT exit=2026-07-30 22:11:04 미매칭수량=17.50000000 orderID=154637963852 tradeID=None
2026-08-02 23:25:00,940 [WARNING] [진입유실 방지 자동보정] SHORT XRP/USDT:USDT exit=2026-07-31 15:18:55 미매칭수량=28.50000000 orderID=154681353788 tradeID=None
2026-08-02 23:25:00,940 [WARNING] [진입유실 방지 자동보정] LONG XRP/USDT:USDT exit=2026-08-02 07:48:27 미매칭수량=6.70000000 orderID=154765042288 tradeID=None
2026-08-02 23:25:00,940 [WARNING] [진입유실 방지 자동보정] LONG XRP/USDT:USDT exit=2026-08-02 08:25:19 미매칭수량=6.70000000 orderID=154766072211 tradeID=None
2026-08-02 23:25:00,940 [WARNING] [진입유실 방지 자동보정] LONG XRP/USDT:USDT exit=2026-08-02 11:07:15 미매칭수량=16.80000000 orderID=154770811661 tradeID=None
2026-08-02 23:25:00,940 [WARNING] [진입유실 방지 자동보정] SHORT 1000PEPE/USDT:USDT exit=2026-08-02 02:31:36 미매칭수량=1968.00000000 orderID=61389681657 tradeID=None
2026-08-02 23:25:00,940 [WARNING] [진입유실 방지 자동보정] SHORT 1000PEPE/USDT:USDT exit=2026-08-02 02:52:29 미매칭수량=1969.00000000 orderID=61390079427 tradeID=None
2026-08-02 23:25:00,940 [WARNING] [진입유실 방지 자동보정] SHORT 1000PEPE/USDT:USDT exit=2026-08-02 09:25:39 미매칭수량=7585.00000000 orderID=61394822102 tradeID=None
2026-08-02 23:25:00,940 [WARNING] [진입유실 방지 자동보정] SHORT IDOL/USDT:USDT exit=2026-08-02 10:17:17 미매칭수량=445.00000000 orderID=523897304 tradeID=None
2026-08-02 23:25:01,972 [INFO] [SCAN] 완료: 30개 종목 · 신호 0개 · API 호출 30회 · 캐시 히트 0회
2026-08-02 23:25:17,190 [INFO] [SCAN] 블랙리스트 5개 제외: ['IP/USDT:USDT', 'NES/USDT:USDT', 'WLD/USDT:USDT', 'XAG/USDT:USDT', 'XAU/USDT:USDT', 'XAUT/USDT:USDT']
2026-08-02 23:25:17,191 [INFO] [SCAN] 스캔 시작: 30개 페어 (캐시 31개 보유)
2026-08-02 23:25:30,986 [WARNING] [진입유실 방지 자동보정] LONG 1000SHIB/USDT:USDT exit=2026-07-27 04:30:21 미매칭수량=2189.00000000 orderID=31388901395 tradeID=None
2026-08-02 23:25:30,987 [WARNING] [진입유실 방지 자동보정] SHORT 1000SHIB/USDT:USDT exit=2026-07-27 07:36:19 미매칭수량=1348.00000000 orderID=31393184616 tradeID=None
2026-08-02 23:25:30,987 [WARNING] [진입유실 방지 자동보정] SHORT 1000SHIB/USDT:USDT exit=2026-07-27 11:51:02 미매칭수량=1844.00000000 orderID=31400541745 tradeID=None
2026-08-02 23:25:30,987 [WARNING] [진입유실 방지 자동보정] SHORT 1000SHIB/USDT:USDT exit=2026-07-28 06:12:27 미매칭수량=2192.00000000 orderID=31421063023 tradeID=None
2026-08-02 23:25:30,987 [WARNING] [진입유실 방지 자동보정] SHORT 1000SHIB/USDT:USDT exit=2026-08-02 01:13:53 미매칭수량=1073.00000000 orderID=31502817166 tradeID=None
2026-08-02 23:25:30,987 [WARNING] [진입유실 방지 자동보정] SHORT 1000SHIB/USDT:USDT exit=2026-08-02 02:01:20 미매칭수량=1074.00000000 orderID=31504220662 tradeID=None
2026-08-02 23:25:30,987 [WARNING] [진입유실 방지 자동보정] SHORT 1000SHIB/USDT:USDT exit=2026-08-02 09:45:32 미매칭수량=2285.00000000 orderID=31510623049 tradeID=None
2026-08-02 23:25:30,987 [WARNING] [진입유실 방지 자동보정] SHORT 1000SHIB/USDT:USDT exit=2026-08-02 10:35:19 미매칭수량=2280.00000000 orderID=31511192196 tradeID=None
2026-08-02 23:25:30,987 [WARNING] [진입유실 방지 자동보정] LONG DOGE/USDT:USDT exit=2026-07-28 09:50:41 미매칭수량=163.00000000 orderID=100915175009 tradeID=None
2026-08-02 23:25:30,987 [WARNING] [진입유실 방지 자동보정] SHORT DOGE/USDT:USDT exit=2026-07-28 20:36:48 미매칭수량=357.00000000 orderID=100925180835 tradeID=None
2026-08-02 23:25:30,987 [WARNING] [진입유실 방지 자동보정] SHORT DOGE/USDT:USDT exit=2026-07-28 23:00:41 미매칭수량=286.00000000 orderID=100927596061 tradeID=None
2026-08-02 23:25:30,987 [WARNING] [진입유실 방지 자동보정] SHORT DOGE/USDT:USDT exit=2026-07-30 20:51:14 미매칭수량=345.00000000 orderID=100976583122 tradeID=None
2026-08-02 23:25:30,987 [WARNING] [진입유실 방지 자동보정] SHORT DOGE/USDT:USDT exit=2026-07-31 10:01:31 미매칭수량=334.00000000 orderID=100988356319 tradeID=None
2026-08-02 23:25:30,987 [WARNING] [진입유실 방지 자동보정] SHORT DOGE/USDT:USDT exit=2026-08-01 18:02:18 미매칭수량=306.00000000 orderID=101015266902 tradeID=None
2026-08-02 23:25:30,987 [WARNING] [진입유실 방지 자동보정] LONG DOGE/USDT:USDT exit=2026-08-02 11:07:47 미매칭수량=259.00000000 orderID=101028099752 tradeID=None
2026-08-02 23:25:30,987 [WARNING] [진입유실 방지 자동보정] SHORT SOL/USDT:USDT exit=2026-07-29 22:32:08 미매칭수량=0.26000000 orderID=229957663104 tradeID=None
2026-08-02 23:25:30,987 [WARNING] [진입유실 방지 자동보정] LONG SOL/USDT:USDT exit=2026-07-30 02:59:19 미매칭수량=0.33000000 orderID=229996023316 tradeID=None
2026-08-02 23:25:30,987 [WARNING] [진입유실 방지 자동보정] LONG SOL/USDT:USDT exit=2026-07-30 03:32:08 미매칭수량=0.27000000 orderID=230002018782 tradeID=None
2026-08-02 23:25:30,987 [WARNING] [진입유실 방지 자동보정] SHORT SOL/USDT:USDT exit=2026-07-30 20:09:26 미매칭수량=0.32000000 orderID=230154249399 tradeID=None
2026-08-02 23:25:30,987 [WARNING] [진입유실 방지 자동보정] SHORT SOL/USDT:USDT exit=2026-07-30 20:37:48 미매칭수량=0.32000000 orderID=230157644550 tradeID=None
2026-08-02 23:25:30,987 [WARNING] [진입유실 방지 자동보정] SHORT SOL/USDT:USDT exit=2026-08-01 10:32:26 미매칭수량=0.29000000 orderID=230440972735 tradeID=None
2026-08-02 23:25:30,987 [WARNING] [진입유실 방지 자동보정] LONG SOL/USDT:USDT exit=2026-08-02 01:55:54 미매칭수량=0.25000000 orderID=230506472518 tradeID=None
2026-08-02 23:25:30,987 [WARNING] [진입유실 방지 자동보정] LONG SOL/USDT:USDT exit=2026-08-02 03:24:55 미매칭수량=0.20000000 orderID=230517041657 tradeID=None
2026-08-02 23:25:30,987 [WARNING] [진입유실 방지 자동보정] LONG XRP/USDT:USDT exit=2026-07-30 03:32:09 미매칭수량=14.70000000 orderID=154591436270 tradeID=None
2026-08-02 23:25:30,987 [WARNING] [진입유실 방지 자동보정] LONG XRP/USDT:USDT exit=2026-07-30 08:06:13 미매칭수량=18.50000000 orderID=154605732461 tradeID=None
2026-08-02 23:25:30,987 [WARNING] [진입유실 방지 자동보정] LONG XRP/USDT:USDT exit=2026-07-30 22:11:04 미매칭수량=17.50000000 orderID=154637963852 tradeID=None
2026-08-02 23:25:30,987 [WARNING] [진입유실 방지 자동보정] SHORT XRP/USDT:USDT exit=2026-07-31 15:18:55 미매칭수량=28.50000000 orderID=154681353788 tradeID=None
2026-08-02 23:25:30,987 [WARNING] [진입유실 방지 자동보정] LONG XRP/USDT:USDT exit=2026-08-02 07:48:27 미매칭수량=6.70000000 orderID=154765042288 tradeID=None
2026-08-02 23:25:30,988 [WARNING] [진입유실 방지 자동보정] LONG XRP/USDT:USDT exit=2026-08-02 08:25:19 미매칭수량=6.70000000 orderID=154766072211 tradeID=None
2026-08-02 23:25:30,988 [WARNING] [진입유실 방지 자동보정] LONG XRP/USDT:USDT exit=2026-08-02 11:07:15 미매칭수량=16.80000000 orderID=154770811661 tradeID=None
2026-08-02 23:25:30,988 [WARNING] [진입유실 방지 자동보정] SHORT 1000PEPE/USDT:USDT exit=2026-08-02 02:31:36 미매칭수량=1968.00000000 orderID=61389681657 tradeID=None
2026-08-02 23:25:30,988 [WARNING] [진입유실 방지 자동보정] SHORT 1000PEPE/USDT:USDT exit=2026-08-02 02:52:29 미매칭수량=1969.00000000 orderID=61390079427 tradeID=None
2026-08-02 23:25:30,988 [WARNING] [진입유실 방지 자동보정] SHORT 1000PEPE/USDT:USDT exit=2026-08-02 09:25:39 미매칭수량=7585.00000000 orderID=61394822102 tradeID=None
2026-08-02 23:25:30,988 [WARNING] [진입유실 방지 자동보정] SHORT IDOL/USDT:USDT exit=2026-08-02 10:17:17 미매칭수량=445.00000000 orderID=523897304 tradeID=None
2026-08-02 23:25:31,177 [INFO] [상태] 잔고:$9.58 | 포지션:2개 | 스캔:42회 | 스캐너:ON
2026-08-02 23:25:31,550 [INFO] [SCAN] 완료: 30개 종목 · 신호 0개 · API 호출 30회 · 캐시 히트 0회
2026-08-02 23:25:31,744 [WARNING] [PROTECT GUARD] BNB/USDT:USDT LONG 보호주문 없음(무방비) → TP/SL 재무장 시도
2026-08-02 23:25:34,693 [ERROR] [PROTECT REARM] BNB/USDT:USDT long TP/SL 보호주문 재설정 실패: binance {"code":-4130,"msg":"An open stop or take profit order with GTE and closePosition in the direction is existing."}
2026-08-02 23:25:34,693 [ERROR] [PROTECT GUARD] BNB/USDT:USDT LONG 보호주문 재무장 실패 — 수동 확인 필요
2026-08-02 23:25:34,798 [WARNING] [PROTECT GUARD] HOME/USDT:USDT LONG 보호주문 없음(무방비) → TP/SL 재무장 시도
2026-08-02 23:25:37,777 [ERROR] [PROTECT REARM] HOME/USDT:USDT long TP/SL 보호주문 재설정 실패: binance {"code":-4130,"msg":"An open stop or take profit order with GTE and closePosition in the direction is existing."}
2026-08-02 23:25:37,779 [ERROR] [PROTECT GUARD] HOME/USDT:USDT LONG 보호주문 재무장 실패 — 수동 확인 필요
2026-08-02 23:25:52,980 [INFO] [SCAN] 블랙리스트 5개 제외: ['IP/USDT:USDT', 'NES/USDT:USDT', 'WLD/USDT:USDT', 'XAG/USDT:USDT', 'XAU/USDT:USDT', 'XAUT/USDT:USDT']
2026-08-02 23:25:52,982 [INFO] [SCAN] 스캔 시작: 30개 페어 (캐시 31개 보유)
2026-08-02 23:26:01,236 [WARNING] [진입유실 방지 자동보정] LONG 1000SHIB/USDT:USDT exit=2026-07-27 04:30:21 미매칭수량=2189.00000000 orderID=31388901395 tradeID=None
2026-08-02 23:26:01,237 [WARNING] [진입유실 방지 자동보정] SHORT 1000SHIB/USDT:USDT exit=2026-07-27 07:36:19 미매칭수량=1348.00000000 orderID=31393184616 tradeID=None
2026-08-02 23:26:01,237 [WARNING] [진입유실 방지 자동보정] SHORT 1000SHIB/USDT:USDT exit=2026-07-27 11:51:02 미매칭수량=1844.00000000 orderID=31400541745 tradeID=None
2026-08-02 23:26:01,237 [WARNING] [진입유실 방지 자동보정] SHORT 1000SHIB/USDT:USDT exit=2026-07-28 06:12:27 미매칭수량=2192.00000000 orderID=31421063023 tradeID=None
2026-08-02 23:26:01,237 [WARNING] [진입유실 방지 자동보정] SHORT 1000SHIB/USDT:USDT exit=2026-08-02 01:13:53 미매칭수량=1073.00000000 orderID=31502817166 tradeID=None
2026-08-02 23:26:01,237 [WARNING] [진입유실 방지 자동보정] SHORT 1000SHIB/USDT:USDT exit=2026-08-02 02:01:20 미매칭수량=1074.00000000 orderID=31504220662 tradeID=None
2026-08-02 23:26:01,237 [WARNING] [진입유실 방지 자동보정] SHORT 1000SHIB/USDT:USDT exit=2026-08-02 09:45:32 미매칭수량=2285.00000000 orderID=31510623049 tradeID=None
2026-08-02 23:26:01,237 [WARNING] [진입유실 방지 자동보정] SHORT 1000SHIB/USDT:USDT exit=2026-08-02 10:35:19 미매칭수량=2280.00000000 orderID=31511192196 tradeID=None
2026-08-02 23:26:01,237 [WARNING] [진입유실 방지 자동보정] LONG DOGE/USDT:USDT exit=2026-07-28 09:50:41 미매칭수량=163.00000000 orderID=100915175009 tradeID=None
2026-08-02 23:26:01,237 [WARNING] [진입유실 방지 자동보정] SHORT DOGE/USDT:USDT exit=2026-07-28 20:36:48 미매칭수량=357.00000000 orderID=100925180835 tradeID=None
2026-08-02 23:26:01,237 [WARNING] [진입유실 방지 자동보정] SHORT DOGE/USDT:USDT exit=2026-07-28 23:00:41 미매칭수량=286.00000000 orderID=100927596061 tradeID=None
2026-08-02 23:26:01,237 [WARNING] [진입유실 방지 자동보정] SHORT DOGE/USDT:USDT exit=2026-07-30 20:51:14 미매칭수량=345.00000000 orderID=100976583122 tradeID=None
2026-08-02 23:26:01,237 [WARNING] [진입유실 방지 자동보정] SHORT DOGE/USDT:USDT exit=2026-07-31 10:01:31 미매칭수량=334.00000000 orderID=100988356319 tradeID=None
2026-08-02 23:26:01,237 [WARNING] [진입유실 방지 자동보정] SHORT DOGE/USDT:USDT exit=2026-08-01 18:02:18 미매칭수량=306.00000000 orderID=101015266902 tradeID=None
2026-08-02 23:26:01,237 [WARNING] [진입유실 방지 자동보정] LONG DOGE/USDT:USDT exit=2026-08-02 11:07:47 미매칭수량=259.00000000 orderID=101028099752 tradeID=None
2026-08-02 23:26:01,237 [WARNING] [진입유실 방지 자동보정] SHORT SOL/USDT:USDT exit=2026-07-29 22:32:08 미매칭수량=0.26000000 orderID=229957663104 tradeID=None
2026-08-02 23:26:01,237 [WARNING] [진입유실 방지 자동보정] LONG SOL/USDT:USDT exit=2026-07-30 02:59:19 미매칭수량=0.33000000 orderID=229996023316 tradeID=None
2026-08-02 23:26:01,237 [WARNING] [진입유실 방지 자동보정] LONG SOL/USDT:USDT exit=2026-07-30 03:32:08 미매칭수량=0.27000000 orderID=230002018782 tradeID=None
2026-08-02 23:26:01,237 [WARNING] [진입유실 방지 자동보정] SHORT SOL/USDT:USDT exit=2026-07-30 20:09:26 미매칭수량=0.32000000 orderID=230154249399 tradeID=None
2026-08-02 23:26:01,237 [WARNING] [진입유실 방지 자동보정] SHORT SOL/USDT:USDT exit=2026-07-30 20:37:48 미매칭수량=0.32000000 orderID=230157644550 tradeID=None
2026-08-02 23:26:01,237 [WARNING] [진입유실 방지 자동보정] SHORT SOL/USDT:USDT exit=2026-08-01 10:32:26 미매칭수량=0.29000000 orderID=230440972735 tradeID=None
2026-08-02 23:26:01,237 [WARNING] [진입유실 방지 자동보정] LONG SOL/USDT:USDT exit=2026-08-02 01:55:54 미매칭수량=0.25000000 orderID=230506472518 tradeID=None
2026-08-02 23:26:01,237 [WARNING] [진입유실 방지 자동보정] LONG SOL/USDT:USDT exit=2026-08-02 03:24:55 미매칭수량=0.20000000 orderID=230517041657 tradeID=None
2026-08-02 23:26:01,237 [WARNING] [진입유실 방지 자동보정] LONG XRP/USDT:USDT exit=2026-07-30 03:32:09 미매칭수량=14.70000000 orderID=154591436270 tradeID=None
2026-08-02 23:26:01,237 [WARNING] [진입유실 방지 자동보정] LONG XRP/USDT:USDT exit=2026-07-30 08:06:13 미매칭수량=18.50000000 orderID=154605732461 tradeID=None
2026-08-02 23:26:01,238 [WARNING] [진입유실 방지 자동보정] LONG XRP/USDT:USDT exit=2026-07-30 22:11:04 미매칭수량=17.50000000 orderID=154637963852 tradeID=None
2026-08-02 23:26:01,238 [WARNING] [진입유실 방지 자동보정] SHORT XRP/USDT:USDT exit=2026-07-31 15:18:55 미매칭수량=28.50000000 orderID=154681353788 tradeID=None
2026-08-02 23:26:01,238 [WARNING] [진입유실 방지 자동보정] LONG XRP/USDT:USDT exit=2026-08-02 07:48:27 미매칭수량=6.70000000 orderID=154765042288 tradeID=None
2026-08-02 23:26:01,238 [WARNING] [진입유실 방지 자동보정] LONG XRP/USDT:USDT exit=2026-08-02 08:25:19 미매칭수량=6.70000000 orderID=154766072211 tradeID=None
2026-08-02 23:26:01,238 [WARNING] [진입유실 방지 자동보정] LONG XRP/USDT:USDT exit=2026-08-02 11:07:15 미매칭수량=16.80000000 orderID=154770811661 tradeID=None
2026-08-02 23:26:01,238 [WARNING] [진입유실 방지 자동보정] SHORT 1000PEPE/USDT:USDT exit=2026-08-02 02:31:36 미매칭수량=1968.00000000 orderID=61389681657 tradeID=None
2026-08-02 23:26:01,238 [WARNING] [진입유실 방지 자동보정] SHORT 1000PEPE/USDT:USDT exit=2026-08-02 02:52:29 미매칭수량=1969.00000000 orderID=61390079427 tradeID=None
2026-08-02 23:26:01,238 [WARNING] [진입유실 방지 자동보정] SHORT 1000PEPE/USDT:USDT exit=2026-08-02 09:25:39 미매칭수량=7585.00000000 orderID=61394822102 tradeID=None
2026-08-02 23:26:01,238 [WARNING] [진입유실 방지 자동보정] SHORT IDOL/USDT:USDT exit=2026-08-02 10:17:17 미매칭수량=445.00000000 orderID=523897304 tradeID=None
2026-08-02 23:26:07,213 [INFO] [SCAN] 완료: 30개 종목 · 신호 0개 · API 호출 30회 · 캐시 히트 0회
2026-08-02 23:26:22,429 [INFO] [SCAN] 블랙리스트 5개 제외: ['IP/USDT:USDT', 'NES/USDT:USDT', 'WLD/USDT:USDT', 'XAG/USDT:USDT', 'XAU/USDT:USDT', 'XAUT/USDT:USDT']
2026-08-02 23:26:22,429 [INFO] [SCAN] 스캔 시작: 30개 페어 (캐시 31개 보유)
2026-08-02 23:26:31,288 [WARNING] [진입유실 방지 자동보정] LONG 1000SHIB/USDT:USDT exit=2026-07-27 04:30:21 미매칭수량=2189.00000000 orderID=31388901395 tradeID=None
2026-08-02 23:26:31,289 [WARNING] [진입유실 방지 자동보정] SHORT 1000SHIB/USDT:USDT exit=2026-07-27 07:36:19 미매칭수량=1348.00000000 orderID=31393184616 tradeID=None
2026-08-02 23:26:31,289 [WARNING] [진입유실 방지 자동보정] SHORT 1000SHIB/USDT:USDT exit=2026-07-27 11:51:02 미매칭수량=1844.00000000 orderID=31400541745 tradeID=None
2026-08-02 23:26:31,289 [WARNING] [진입유실 방지 자동보정] SHORT 1000SHIB/USDT:USDT exit=2026-07-28 06:12:27 미매칭수량=2192.00000000 orderID=31421063023 tradeID=None
2026-08-02 23:26:31,289 [WARNING] [진입유실 방지 자동보정] SHORT 1000SHIB/USDT:USDT exit=2026-08-02 01:13:53 미매칭수량=1073.00000000 orderID=31502817166 tradeID=None
2026-08-02 23:26:31,289 [WARNING] [진입유실 방지 자동보정] SHORT 1000SHIB/USDT:USDT exit=2026-08-02 02:01:20 미매칭수량=1074.00000000 orderID=31504220662 tradeID=None
2026-08-02 23:26:31,289 [WARNING] [진입유실 방지 자동보정] SHORT 1000SHIB/USDT:USDT exit=2026-08-02 09:45:32 미매칭수량=2285.00000000 orderID=31510623049 tradeID=None
2026-08-02 23:26:31,289 [WARNING] [진입유실 방지 자동보정] SHORT 1000SHIB/USDT:USDT exit=2026-08-02 10:35:19 미매칭수량=2280.00000000 orderID=31511192196 tradeID=None
2026-08-02 23:26:31,289 [WARNING] [진입유실 방지 자동보정] LONG DOGE/USDT:USDT exit=2026-07-28 09:50:41 미매칭수량=163.00000000 orderID=100915175009 tradeID=None
2026-08-02 23:26:31,289 [WARNING] [진입유실 방지 자동보정] SHORT DOGE/USDT:USDT exit=2026-07-28 20:36:48 미매칭수량=357.00000000 orderID=100925180835 tradeID=None
2026-08-02 23:26:31,289 [WARNING] [진입유실 방지 자동보정] SHORT DOGE/USDT:USDT exit=2026-07-28 23:00:41 미매칭수량=286.00000000 orderID=100927596061 tradeID=None
2026-08-02 23:26:31,289 [WARNING] [진입유실 방지 자동보정] SHORT DOGE/USDT:USDT exit=2026-07-30 20:51:14 미매칭수량=345.00000000 orderID=100976583122 tradeID=None
2026-08-02 23:26:31,289 [WARNING] [진입유실 방지 자동보정] SHORT DOGE/USDT:USDT exit=2026-07-31 10:01:31 미매칭수량=334.00000000 orderID=100988356319 tradeID=None
2026-08-02 23:26:31,289 [WARNING] [진입유실 방지 자동보정] SHORT DOGE/USDT:USDT exit=2026-08-01 18:02:18 미매칭수량=306.00000000 orderID=101015266902 tradeID=None
2026-08-02 23:26:31,289 [WARNING] [진입유실 방지 자동보정] LONG DOGE/USDT:USDT exit=2026-08-02 11:07:47 미매칭수량=259.00000000 orderID=101028099752 tradeID=None
2026-08-02 23:26:31,289 [WARNING] [진입유실 방지 자동보정] SHORT SOL/USDT:USDT exit=2026-07-29 22:32:08 미매칭수량=0.26000000 orderID=229957663104 tradeID=None
2026-08-02 23:26:31,290 [WARNING] [진입유실 방지 자동보정] LONG SOL/USDT:USDT exit=2026-07-30 02:59:19 미매칭수량=0.33000000 orderID=229996023316 tradeID=None
2026-08-02 23:26:31,290 [WARNING] [진입유실 방지 자동보정] LONG SOL/USDT:USDT exit=2026-07-30 03:32:08 미매칭수량=0.27000000 orderID=230002018782 tradeID=None
2026-08-02 23:26:31,290 [WARNING] [진입유실 방지 자동보정] SHORT SOL/USDT:USDT exit=2026-07-30 20:09:26 미매칭수량=0.32000000 orderID=230154249399 tradeID=None
2026-08-02 23:26:31,290 [WARNING] [진입유실 방지 자동보정] SHORT SOL/USDT:USDT exit=2026-07-30 20:37:48 미매칭수량=0.32000000 orderID=230157644550 tradeID=None
2026-08-02 23:26:31,290 [WARNING] [진입유실 방지 자동보정] SHORT SOL/USDT:USDT exit=2026-08-01 10:32:26 미매칭수량=0.29000000 orderID=230440972735 tradeID=None
2026-08-02 23:26:31,290 [WARNING] [진입유실 방지 자동보정] LONG SOL/USDT:USDT exit=2026-08-02 01:55:54 미매칭수량=0.25000000 orderID=230506472518 tradeID=None
2026-08-02 23:26:31,290 [WARNING] [진입유실 방지 자동보정] LONG SOL/USDT:USDT exit=2026-08-02 03:24:55 미매칭수량=0.20000000 orderID=230517041657 tradeID=None
2026-08-02 23:26:31,290 [WARNING] [진입유실 방지 자동보정] LONG XRP/USDT:USDT exit=2026-07-30 03:32:09 미매칭수량=14.70000000 orderID=154591436270 tradeID=None
2026-08-02 23:26:31,290 [WARNING] [진입유실 방지 자동보정] LONG XRP/USDT:USDT exit=2026-07-30 08:06:13 미매칭수량=18.50000000 orderID=154605732461 tradeID=None
2026-08-02 23:26:31,290 [WARNING] [진입유실 방지 자동보정] LONG XRP/USDT:USDT exit=2026-07-30 22:11:04 미매칭수량=17.50000000 orderID=154637963852 tradeID=None
2026-08-02 23:26:31,290 [WARNING] [진입유실 방지 자동보정] SHORT XRP/USDT:USDT exit=2026-07-31 15:18:55 미매칭수량=28.50000000 orderID=154681353788 tradeID=None
2026-08-02 23:26:31,290 [WARNING] [진입유실 방지 자동보정] LONG XRP/USDT:USDT exit=2026-08-02 07:48:27 미매칭수량=6.70000000 orderID=154765042288 tradeID=None
2026-08-02 23:26:31,290 [WARNING] [진입유실 방지 자동보정] LONG XRP/USDT:USDT exit=2026-08-02 08:25:19 미매칭수량=6.70000000 orderID=154766072211 tradeID=None
2026-08-02 23:26:31,290 [WARNING] [진입유실 방지 자동보정] LONG XRP/USDT:USDT exit=2026-08-02 11:07:15 미매칭수량=16.80000000 orderID=154770811661 tradeID=None
2026-08-02 23:26:31,290 [WARNING] [진입유실 방지 자동보정] SHORT 1000PEPE/USDT:USDT exit=2026-08-02 02:31:36 미매칭수량=1968.00000000 orderID=61389681657 tradeID=None
2026-08-02 23:26:31,290 [WARNING] [진입유실 방지 자동보정] SHORT 1000PEPE/USDT:USDT exit=2026-08-02 02:52:29 미매칭수량=1969.00000000 orderID=61390079427 tradeID=None
2026-08-02 23:26:31,291 [WARNING] [진입유실 방지 자동보정] SHORT 1000PEPE/USDT:USDT exit=2026-08-02 09:25:39 미매칭수량=7585.00000000 orderID=61394822102 tradeID=None
2026-08-02 23:26:31,291 [WARNING] [진입유실 방지 자동보정] SHORT IDOL/USDT:USDT exit=2026-08-02 10:17:17 미매칭수량=445.00000000 orderID=523897304 tradeID=None
2026-08-02 23:26:31,493 [INFO] [상태] 잔고:$9.56 | 포지션:2개 | 스캔:44회 | 스캐너:ON
2026-08-02 23:26:36,667 [INFO] [SCAN] 완료: 30개 종목 · 신호 0개 · API 호출 30회 · 캐시 히트 0회
2026-08-02 23:26:36,856 [WARNING] [PROTECT GUARD] BNB/USDT:USDT LONG 보호주문 없음(무방비) → TP/SL 재무장 시도
2026-08-02 23:26:39,765 [ERROR] [PROTECT REARM] BNB/USDT:USDT long TP/SL 보호주문 재설정 실패: binance {"code":-4130,"msg":"An open stop or take profit order with GTE and closePosition in the direction is existing."}
2026-08-02 23:26:39,766 [ERROR] [PROTECT GUARD] BNB/USDT:USDT LONG 보호주문 재무장 실패 — 수동 확인 필요
2026-08-02 23:26:39,865 [WARNING] [PROTECT GUARD] HOME/USDT:USDT LONG 보호주문 없음(무방비) → TP/SL 재무장 시도
2026-08-02 23:26:42,785 [ERROR] [PROTECT REARM] HOME/USDT:USDT long TP/SL 보호주문 재설정 실패: binance {"code":-4130,"msg":"An open stop or take profit order with GTE and closePosition in the direction is existing."}
2026-08-02 23:26:42,787 [ERROR] [PROTECT GUARD] HOME/USDT:USDT LONG 보호주문 재무장 실패 — 수동 확인 필요
2026-08-02 23:26:57,994 [INFO] [SCAN] 블랙리스트 5개 제외: ['IP/USDT:USDT', 'NES/USDT:USDT', 'WLD/USDT:USDT', 'XAG/USDT:USDT', 'XAU/USDT:USDT', 'XAUT/USDT:USDT']
2026-08-02 23:26:57,995 [INFO] [SCAN] 스캔 시작: 30개 페어 (캐시 31개 보유)
2026-08-02 23:27:01,545 [WARNING] [진입유실 방지 자동보정] LONG 1000SHIB/USDT:USDT exit=2026-07-27 04:30:21 미매칭수량=2189.00000000 orderID=31388901395 tradeID=None
2026-08-02 23:27:01,545 [WARNING] [진입유실 방지 자동보정] SHORT 1000SHIB/USDT:USDT exit=2026-07-27 07:36:19 미매칭수량=1348.00000000 orderID=31393184616 tradeID=None
2026-08-02 23:27:01,545 [WARNING] [진입유실 방지 자동보정] SHORT 1000SHIB/USDT:USDT exit=2026-07-27 11:51:02 미매칭수량=1844.00000000 orderID=31400541745 tradeID=None
2026-08-02 23:27:01,545 [WARNING] [진입유실 방지 자동보정] SHORT 1000SHIB/USDT:USDT exit=2026-07-28 06:12:27 미매칭수량=2192.00000000 orderID=31421063023 tradeID=None
2026-08-02 23:27:01,546 [WARNING] [진입유실 방지 자동보정] SHORT 1000SHIB/USDT:USDT exit=2026-08-02 01:13:53 미매칭수량=1073.00000000 orderID=31502817166 tradeID=None
2026-08-02 23:27:01,546 [WARNING] [진입유실 방지 자동보정] SHORT 1000SHIB/USDT:USDT exit=2026-08-02 02:01:20 미매칭수량=1074.00000000 orderID=31504220662 tradeID=None
2026-08-02 23:27:01,546 [WARNING] [진입유실 방지 자동보정] SHORT 1000SHIB/USDT:USDT exit=2026-08-02 09:45:32 미매칭수량=2285.00000000 orderID=31510623049 tradeID=None
2026-08-02 23:27:01,546 [WARNING] [진입유실 방지 자동보정] SHORT 1000SHIB/USDT:USDT exit=2026-08-02 10:35:19 미매칭수량=2280.00000000 orderID=31511192196 tradeID=None
2026-08-02 23:27:01,546 [WARNING] [진입유실 방지 자동보정] LONG DOGE/USDT:USDT exit=2026-07-28 09:50:41 미매칭수량=163.00000000 orderID=100915175009 tradeID=None
2026-08-02 23:27:01,546 [WARNING] [진입유실 방지 자동보정] SHORT DOGE/USDT:USDT exit=2026-07-28 20:36:48 미매칭수량=357.00000000 orderID=100925180835 tradeID=None
2026-08-02 23:27:01,546 [WARNING] [진입유실 방지 자동보정] SHORT DOGE/USDT:USDT exit=2026-07-28 23:00:41 미매칭수량=286.00000000 orderID=100927596061 tradeID=None
2026-08-02 23:27:01,546 [WARNING] [진입유실 방지 자동보정] SHORT DOGE/USDT:USDT exit=2026-07-30 20:51:14 미매칭수량=345.00000000 orderID=100976583122 tradeID=None
2026-08-02 23:27:01,546 [WARNING] [진입유실 방지 자동보정] SHORT DOGE/USDT:USDT exit=2026-07-31 10:01:31 미매칭수량=334.00000000 orderID=100988356319 tradeID=None
2026-08-02 23:27:01,546 [WARNING] [진입유실 방지 자동보정] SHORT DOGE/USDT:USDT exit=2026-08-01 18:02:18 미매칭수량=306.00000000 orderID=101015266902 tradeID=None
2026-08-02 23:27:01,546 [WARNING] [진입유실 방지 자동보정] LONG DOGE/USDT:USDT exit=2026-08-02 11:07:47 미매칭수량=259.00000000 orderID=101028099752 tradeID=None
2026-08-02 23:27:01,546 [WARNING] [진입유실 방지 자동보정] SHORT SOL/USDT:USDT exit=2026-07-29 22:32:08 미매칭수량=0.26000000 orderID=229957663104 tradeID=None
2026-08-02 23:27:01,547 [WARNING] [진입유실 방지 자동보정] LONG SOL/USDT:USDT exit=2026-07-30 02:59:19 미매칭수량=0.33000000 orderID=229996023316 tradeID=None
2026-08-02 23:27:01,547 [WARNING] [진입유실 방지 자동보정] LONG SOL/USDT:USDT exit=2026-07-30 03:32:08 미매칭수량=0.27000000 orderID=230002018782 tradeID=None
2026-08-02 23:27:01,547 [WARNING] [진입유실 방지 자동보정] SHORT SOL/USDT:USDT exit=2026-07-30 20:09:26 미매칭수량=0.32000000 orderID=230154249399 tradeID=None
2026-08-02 23:27:01,547 [WARNING] [진입유실 방지 자동보정] SHORT SOL/USDT:USDT exit=2026-07-30 20:37:48 미매칭수량=0.32000000 orderID=230157644550 tradeID=None
2026-08-02 23:27:01,547 [WARNING] [진입유실 방지 자동보정] SHORT SOL/USDT:USDT exit=2026-08-01 10:32:26 미매칭수량=0.29000000 orderID=230440972735 tradeID=None
2026-08-02 23:27:01,547 [WARNING] [진입유실 방지 자동보정] LONG SOL/USDT:USDT exit=2026-08-02 01:55:54 미매칭수량=0.25000000 orderID=230506472518 tradeID=None
2026-08-02 23:27:01,547 [WARNING] [진입유실 방지 자동보정] LONG SOL/USDT:USDT exit=2026-08-02 03:24:55 미매칭수량=0.20000000 orderID=230517041657 tradeID=None
2026-08-02 23:27:01,547 [WARNING] [진입유실 방지 자동보정] LONG XRP/USDT:USDT exit=2026-07-30 03:32:09 미매칭수량=14.70000000 orderID=154591436270 tradeID=None
2026-08-02 23:27:01,547 [WARNING] [진입유실 방지 자동보정] LONG XRP/USDT:USDT exit=2026-07-30 08:06:13 미매칭수량=18.50000000 orderID=154605732461 tradeID=None
2026-08-02 23:27:01,547 [WARNING] [진입유실 방지 자동보정] LONG XRP/USDT:USDT exit=2026-07-30 22:11:04 미매칭수량=17.50000000 orderID=154637963852 tradeID=None
2026-08-02 23:27:01,547 [WARNING] [진입유실 방지 자동보정] SHORT XRP/USDT:USDT exit=2026-07-31 15:18:55 미매칭수량=28.50000000 orderID=154681353788 tradeID=None
2026-08-02 23:27:01,547 [WARNING] [진입유실 방지 자동보정] LONG XRP/USDT:USDT exit=2026-08-02 07:48:27 미매칭수량=6.70000000 orderID=154765042288 tradeID=None
2026-08-02 23:27:01,547 [WARNING] [진입유실 방지 자동보정] LONG XRP/USDT:USDT exit=2026-08-02 08:25:19 미매칭수량=6.70000000 orderID=154766072211 tradeID=None
2026-08-02 23:27:01,547 [WARNING] [진입유실 방지 자동보정] LONG XRP/USDT:USDT exit=2026-08-02 11:07:15 미매칭수량=16.80000000 orderID=154770811661 tradeID=None
2026-08-02 23:27:01,547 [WARNING] [진입유실 방지 자동보정] SHORT 1000PEPE/USDT:USDT exit=2026-08-02 02:31:36 미매칭수량=1968.00000000 orderID=61389681657 tradeID=None
2026-08-02 23:27:01,547 [WARNING] [진입유실 방지 자동보정] SHORT 1000PEPE/USDT:USDT exit=2026-08-02 02:52:29 미매칭수량=1969.00000000 orderID=61390079427 tradeID=None
2026-08-02 23:27:01,547 [WARNING] [진입유실 방지 자동보정] SHORT 1000PEPE/USDT:USDT exit=2026-08-02 09:25:39 미매칭수량=7585.00000000 orderID=61394822102 tradeID=None
2026-08-02 23:27:01,547 [WARNING] [진입유실 방지 자동보정] SHORT IDOL/USDT:USDT exit=2026-08-02 10:17:17 미매칭수량=445.00000000 orderID=523897304 tradeID=None
2026-08-02 23:27:12,223 [INFO] [SCAN] 완료: 30개 종목 · 신호 0개 · API 호출 30회 · 캐시 히트 0회
2026-08-02 23:27:27,404 [INFO] [SCAN] 블랙리스트 5개 제외: ['IP/USDT:USDT', 'NES/USDT:USDT', 'WLD/USDT:USDT', 'XAG/USDT:USDT', 'XAU/USDT:USDT', 'XAUT/USDT:USDT']
2026-08-02 23:27:27,405 [INFO] [SCAN] 스캔 시작: 30개 페어 (캐시 31개 보유)
2026-08-02 23:27:31,592 [WARNING] [진입유실 방지 자동보정] LONG 1000SHIB/USDT:USDT exit=2026-07-27 04:30:21 미매칭수량=2189.00000000 orderID=31388901395 tradeID=None
2026-08-02 23:27:31,592 [WARNING] [진입유실 방지 자동보정] SHORT 1000SHIB/USDT:USDT exit=2026-07-27 07:36:19 미매칭수량=1348.00000000 orderID=31393184616 tradeID=None
2026-08-02 23:27:31,592 [WARNING] [진입유실 방지 자동보정] SHORT 1000SHIB/USDT:USDT exit=2026-07-27 11:51:02 미매칭수량=1844.00000000 orderID=31400541745 tradeID=None
2026-08-02 23:27:31,592 [WARNING] [진입유실 방지 자동보정] SHORT 1000SHIB/USDT:USDT exit=2026-07-28 06:12:27 미매칭수량=2192.00000000 orderID=31421063023 tradeID=None
2026-08-02 23:27:31,592 [WARNING] [진입유실 방지 자동보정] SHORT 1000SHIB/USDT:USDT exit=2026-08-02 01:13:53 미매칭수량=1073.00000000 orderID=31502817166 tradeID=None
2026-08-02 23:27:31,592 [WARNING] [진입유실 방지 자동보정] SHORT 1000SHIB/USDT:USDT exit=2026-08-02 02:01:20 미매칭수량=1074.00000000 orderID=31504220662 tradeID=None
2026-08-02 23:27:31,592 [WARNING] [진입유실 방지 자동보정] SHORT 1000SHIB/USDT:USDT exit=2026-08-02 09:45:32 미매칭수량=2285.00000000 orderID=31510623049 tradeID=None
2026-08-02 23:27:31,592 [WARNING] [진입유실 방지 자동보정] SHORT 1000SHIB/USDT:USDT exit=2026-08-02 10:35:19 미매칭수량=2280.00000000 orderID=31511192196 tradeID=None
2026-08-02 23:27:31,592 [WARNING] [진입유실 방지 자동보정] LONG DOGE/USDT:USDT exit=2026-07-28 09:50:41 미매칭수량=163.00000000 orderID=100915175009 tradeID=None
2026-08-02 23:27:31,592 [WARNING] [진입유실 방지 자동보정] SHORT DOGE/USDT:USDT exit=2026-07-28 20:36:48 미매칭수량=357.00000000 orderID=100925180835 tradeID=None
2026-08-02 23:27:31,592 [WARNING] [진입유실 방지 자동보정] SHORT DOGE/USDT:USDT exit=2026-07-28 23:00:41 미매칭수량=286.00000000 orderID=100927596061 tradeID=None
2026-08-02 23:27:31,592 [WARNING] [진입유실 방지 자동보정] SHORT DOGE/USDT:USDT exit=2026-07-30 20:51:14 미매칭수량=345.00000000 orderID=100976583122 tradeID=None
2026-08-02 23:27:31,592 [WARNING] [진입유실 방지 자동보정] SHORT DOGE/USDT:USDT exit=2026-07-31 10:01:31 미매칭수량=334.00000000 orderID=100988356319 tradeID=None
2026-08-02 23:27:31,593 [WARNING] [진입유실 방지 자동보정] SHORT DOGE/USDT:USDT exit=2026-08-01 18:02:18 미매칭수량=306.00000000 orderID=101015266902 tradeID=None
2026-08-02 23:27:31,593 [WARNING] [진입유실 방지 자동보정] LONG DOGE/USDT:USDT exit=2026-08-02 11:07:47 미매칭수량=259.00000000 orderID=101028099752 tradeID=None
2026-08-02 23:27:31,593 [WARNING] [진입유실 방지 자동보정] SHORT SOL/USDT:USDT exit=2026-07-29 22:32:08 미매칭수량=0.26000000 orderID=229957663104 tradeID=None
2026-08-02 23:27:31,593 [WARNING] [진입유실 방지 자동보정] LONG SOL/USDT:USDT exit=2026-07-30 02:59:19 미매칭수량=0.33000000 orderID=229996023316 tradeID=None
2026-08-02 23:27:31,593 [WARNING] [진입유실 방지 자동보정] LONG SOL/USDT:USDT exit=2026-07-30 03:32:08 미매칭수량=0.27000000 orderID=230002018782 tradeID=None
2026-08-02 23:27:31,593 [WARNING] [진입유실 방지 자동보정] SHORT SOL/USDT:USDT exit=2026-07-30 20:09:26 미매칭수량=0.32000000 orderID=230154249399 tradeID=None
2026-08-02 23:27:31,593 [WARNING] [진입유실 방지 자동보정] SHORT SOL/USDT:USDT exit=2026-07-30 20:37:48 미매칭수량=0.32000000 orderID=230157644550 tradeID=None
2026-08-02 23:27:31,593 [WARNING] [진입유실 방지 자동보정] SHORT SOL/USDT:USDT exit=2026-08-01 10:32:26 미매칭수량=0.29000000 orderID=230440972735 tradeID=None
2026-08-02 23:27:31,593 [WARNING] [진입유실 방지 자동보정] LONG SOL/USDT:USDT exit=2026-08-02 01:55:54 미매칭수량=0.25000000 orderID=230506472518 tradeID=None
2026-08-02 23:27:31,593 [WARNING] [진입유실 방지 자동보정] LONG SOL/USDT:USDT exit=2026-08-02 03:24:55 미매칭수량=0.20000000 orderID=230517041657 tradeID=None
2026-08-02 23:27:31,593 [WARNING] [진입유실 방지 자동보정] LONG XRP/USDT:USDT exit=2026-07-30 03:32:09 미매칭수량=14.70000000 orderID=154591436270 tradeID=None
2026-08-02 23:27:31,593 [WARNING] [진입유실 방지 자동보정] LONG XRP/USDT:USDT exit=2026-07-30 08:06:13 미매칭수량=18.50000000 orderID=154605732461 tradeID=None
2026-08-02 23:27:31,593 [WARNING] [진입유실 방지 자동보정] LONG XRP/USDT:USDT exit=2026-07-30 22:11:04 미매칭수량=17.50000000 orderID=154637963852 tradeID=None
2026-08-02 23:27:31,593 [WARNING] [진입유실 방지 자동보정] SHORT XRP/USDT:USDT exit=2026-07-31 15:18:55 미매칭수량=28.50000000 orderID=154681353788 tradeID=None
2026-08-02 23:27:31,593 [WARNING] [진입유실 방지 자동보정] LONG XRP/USDT:USDT exit=2026-08-02 07:48:27 미매칭수량=6.70000000 orderID=154765042288 tradeID=None
2026-08-02 23:27:31,593 [WARNING] [진입유실 방지 자동보정] LONG XRP/USDT:USDT exit=2026-08-02 08:25:19 미매칭수량=6.70000000 orderID=154766072211 tradeID=None
2026-08-02 23:27:31,593 [WARNING] [진입유실 방지 자동보정] LONG XRP/USDT:USDT exit=2026-08-02 11:07:15 미매칭수량=16.80000000 orderID=154770811661 tradeID=None
2026-08-02 23:27:31,594 [WARNING] [진입유실 방지 자동보정] SHORT 1000PEPE/USDT:USDT exit=2026-08-02 02:31:36 미매칭수량=1968.00000000 orderID=61389681657 tradeID=None
2026-08-02 23:27:31,594 [WARNING] [진입유실 방지 자동보정] SHORT 1000PEPE/USDT:USDT exit=2026-08-02 02:52:29 미매칭수량=1969.00000000 orderID=61390079427 tradeID=None
2026-08-02 23:27:31,594 [WARNING] [진입유실 방지 자동보정] SHORT 1000PEPE/USDT:USDT exit=2026-08-02 09:25:39 미매칭수량=7585.00000000 orderID=61394822102 tradeID=None
2026-08-02 23:27:31,594 [WARNING] [진입유실 방지 자동보정] SHORT IDOL/USDT:USDT exit=2026-08-02 10:17:17 미매칭수량=445.00000000 orderID=523897304 tradeID=None
2026-08-02 23:27:31,787 [INFO] [상태] 잔고:$9.59 | 포지션:2개 | 스캔:46회 | 스캐너:ON
2026-08-02 23:27:41,608 [INFO] [SCAN] 완료: 30개 종목 · 신호 0개 · API 호출 30회 · 캐시 히트 0회
2026-08-02 23:27:41,798 [WARNING] [PROTECT GUARD] BNB/USDT:USDT LONG 보호주문 없음(무방비) → TP/SL 재무장 시도
2026-08-02 23:27:44,732 [ERROR] [PROTECT REARM] BNB/USDT:USDT long TP/SL 보호주문 재설정 실패: binance {"code":-4130,"msg":"An open stop or take profit order with GTE and closePosition in the direction is existing."}
2026-08-02 23:27:44,732 [ERROR] [PROTECT GUARD] BNB/USDT:USDT LONG 보호주문 재무장 실패 — 수동 확인 필요
2026-08-02 23:27:44,825 [WARNING] [PROTECT GUARD] HOME/USDT:USDT LONG 보호주문 없음(무방비) → TP/SL 재무장 시도
2026-08-02 23:27:47,730 [ERROR] [PROTECT REARM] HOME/USDT:USDT long TP/SL 보호주문 재설정 실패: binance {"code":-4130,"msg":"An open stop or take profit order with GTE and closePosition in the direction is existing."}
2026-08-02 23:27:47,730 [ERROR] [PROTECT GUARD] HOME/USDT:USDT LONG 보호주문 재무장 실패 — 수동 확인 필요
2026-08-02 23:28:01,842 [WARNING] [진입유실 방지 자동보정] LONG 1000SHIB/USDT:USDT exit=2026-07-27 04:30:21 미매칭수량=2189.00000000 orderID=31388901395 tradeID=None
2026-08-02 23:28:01,843 [WARNING] [진입유실 방지 자동보정] SHORT 1000SHIB/USDT:USDT exit=2026-07-27 07:36:19 미매칭수량=1348.00000000 orderID=31393184616 tradeID=None
2026-08-02 23:28:01,843 [WARNING] [진입유실 방지 자동보정] SHORT 1000SHIB/USDT:USDT exit=2026-07-27 11:51:02 미매칭수량=1844.00000000 orderID=31400541745 tradeID=None
2026-08-02 23:28:01,843 [WARNING] [진입유실 방지 자동보정] SHORT 1000SHIB/USDT:USDT exit=2026-07-28 06:12:27 미매칭수량=2192.00000000 orderID=31421063023 tradeID=None
2026-08-02 23:28:01,843 [WARNING] [진입유실 방지 자동보정] SHORT 1000SHIB/USDT:USDT exit=2026-08-02 01:13:53 미매칭수량=1073.00000000 orderID=31502817166 tradeID=None
2026-08-02 23:28:01,843 [WARNING] [진입유실 방지 자동보정] SHORT 1000SHIB/USDT:USDT exit=2026-08-02 02:01:20 미매칭수량=1074.00000000 orderID=31504220662 tradeID=None
2026-08-02 23:28:01,843 [WARNING] [진입유실 방지 자동보정] SHORT 1000SHIB/USDT:USDT exit=2026-08-02 09:45:32 미매칭수량=2285.00000000 orderID=31510623049 tradeID=None
2026-08-02 23:28:01,843 [WARNING] [진입유실 방지 자동보정] SHORT 1000SHIB/USDT:USDT exit=2026-08-02 10:35:19 미매칭수량=2280.00000000 orderID=31511192196 tradeID=None
2026-08-02 23:28:01,843 [WARNING] [진입유실 방지 자동보정] LONG DOGE/USDT:USDT exit=2026-07-28 09:50:41 미매칭수량=163.00000000 orderID=100915175009 tradeID=None
2026-08-02 23:28:01,843 [WARNING] [진입유실 방지 자동보정] SHORT DOGE/USDT:USDT exit=2026-07-28 20:36:48 미매칭수량=357.00000000 orderID=100925180835 tradeID=None
2026-08-02 23:28:01,843 [WARNING] [진입유실 방지 자동보정] SHORT DOGE/USDT:USDT exit=2026-07-28 23:00:41 미매칭수량=286.00000000 orderID=100927596061 tradeID=None
2026-08-02 23:28:01,843 [WARNING] [진입유실 방지 자동보정] SHORT DOGE/USDT:USDT exit=2026-07-30 20:51:14 미매칭수량=345.00000000 orderID=100976583122 tradeID=None
2026-08-02 23:28:01,843 [WARNING] [진입유실 방지 자동보정] SHORT DOGE/USDT:USDT exit=2026-07-31 10:01:31 미매칭수량=334.00000000 orderID=100988356319 tradeID=None
2026-08-02 23:28:01,843 [WARNING] [진입유실 방지 자동보정] SHORT DOGE/USDT:USDT exit=2026-08-01 18:02:18 미매칭수량=306.00000000 orderID=101015266902 tradeID=None
2026-08-02 23:28:01,843 [WARNING] [진입유실 방지 자동보정] LONG DOGE/USDT:USDT exit=2026-08-02 11:07:47 미매칭수량=259.00000000 orderID=101028099752 tradeID=None
2026-08-02 23:28:01,843 [WARNING] [진입유실 방지 자동보정] SHORT SOL/USDT:USDT exit=2026-07-29 22:32:08 미매칭수량=0.26000000 orderID=229957663104 tradeID=None
2026-08-02 23:28:01,843 [WARNING] [진입유실 방지 자동보정] LONG SOL/USDT:USDT exit=2026-07-30 02:59:19 미매칭수량=0.33000000 orderID=229996023316 tradeID=None
2026-08-02 23:28:01,843 [WARNING] [진입유실 방지 자동보정] LONG SOL/USDT:USDT exit=2026-07-30 03:32:08 미매칭수량=0.27000000 orderID=230002018782 tradeID=None
2026-08-02 23:28:01,843 [WARNING] [진입유실 방지 자동보정] SHORT SOL/USDT:USDT exit=2026-07-30 20:09:26 미매칭수량=0.32000000 orderID=230154249399 tradeID=None
2026-08-02 23:28:01,843 [WARNING] [진입유실 방지 자동보정] SHORT SOL/USDT:USDT exit=2026-07-30 20:37:48 미매칭수량=0.32000000 orderID=230157644550 tradeID=None
2026-08-02 23:28:01,843 [WARNING] [진입유실 방지 자동보정] SHORT SOL/USDT:USDT exit=2026-08-01 10:32:26 미매칭수량=0.29000000 orderID=230440972735 tradeID=None
2026-08-02 23:28:01,844 [WARNING] [진입유실 방지 자동보정] LONG SOL/USDT:USDT exit=2026-08-02 01:55:54 미매칭수량=0.25000000 orderID=230506472518 tradeID=None
2026-08-02 23:28:01,844 [WARNING] [진입유실 방지 자동보정] LONG SOL/USDT:USDT exit=2026-08-02 03:24:55 미매칭수량=0.20000000 orderID=230517041657 tradeID=None
2026-08-02 23:28:01,844 [WARNING] [진입유실 방지 자동보정] LONG XRP/USDT:USDT exit=2026-07-30 03:32:09 미매칭수량=14.70000000 orderID=154591436270 tradeID=None
2026-08-02 23:28:01,844 [WARNING] [진입유실 방지 자동보정] LONG XRP/USDT:USDT exit=2026-07-30 08:06:13 미매칭수량=18.50000000 orderID=154605732461 tradeID=None
2026-08-02 23:28:01,844 [WARNING] [진입유실 방지 자동보정] LONG XRP/USDT:USDT exit=2026-07-30 22:11:04 미매칭수량=17.50000000 orderID=154637963852 tradeID=None
2026-08-02 23:28:01,844 [WARNING] [진입유실 방지 자동보정] SHORT XRP/USDT:USDT exit=2026-07-31 15:18:55 미매칭수량=28.50000000 orderID=154681353788 tradeID=None
2026-08-02 23:28:01,844 [WARNING] [진입유실 방지 자동보정] LONG XRP/USDT:USDT exit=2026-08-02 07:48:27 미매칭수량=6.70000000 orderID=154765042288 tradeID=None
2026-08-02 23:28:01,844 [WARNING] [진입유실 방지 자동보정] LONG XRP/USDT:USDT exit=2026-08-02 08:25:19 미매칭수량=6.70000000 orderID=154766072211 tradeID=None
2026-08-02 23:28:01,844 [WARNING] [진입유실 방지 자동보정] LONG XRP/USDT:USDT exit=2026-08-02 11:07:15 미매칭수량=16.80000000 orderID=154770811661 tradeID=None
2026-08-02 23:28:01,844 [WARNING] [진입유실 방지 자동보정] SHORT 1000PEPE/USDT:USDT exit=2026-08-02 02:31:36 미매칭수량=1968.00000000 orderID=61389681657 tradeID=None
2026-08-02 23:28:01,844 [WARNING] [진입유실 방지 자동보정] SHORT 1000PEPE/USDT:USDT exit=2026-08-02 02:52:29 미매칭수량=1969.00000000 orderID=61390079427 tradeID=None
2026-08-02 23:28:01,844 [WARNING] [진입유실 방지 자동보정] SHORT 1000PEPE/USDT:USDT exit=2026-08-02 09:25:39 미매칭수량=7585.00000000 orderID=61394822102 tradeID=None
2026-08-02 23:28:01,844 [WARNING] [진입유실 방지 자동보정] SHORT IDOL/USDT:USDT exit=2026-08-02 10:17:17 미매칭수량=445.00000000 orderID=523897304 tradeID=None
2026-08-02 23:28:02,919 [INFO] [SCAN] 블랙리스트 5개 제외: ['IP/USDT:USDT', 'NES/USDT:USDT', 'WLD/USDT:USDT', 'XAG/USDT:USDT', 'XAU/USDT:USDT', 'XAUT/USDT:USDT']
2026-08-02 23:28:02,919 [INFO] [SCAN] 스캔 시작: 30개 페어 (캐시 31개 보유)
2026-08-02 23:28:17,256 [INFO] [SCAN] 완료: 30개 종목 · 신호 0개 · API 호출 30회 · 캐시 히트 0회
2026-08-02 23:28:31,902 [WARNING] [진입유실 방지 자동보정] LONG 1000SHIB/USDT:USDT exit=2026-07-27 04:30:21 미매칭수량=2189.00000000 orderID=31388901395 tradeID=None
2026-08-02 23:28:31,903 [WARNING] [진입유실 방지 자동보정] SHORT 1000SHIB/USDT:USDT exit=2026-07-27 07:36:19 미매칭수량=1348.00000000 orderID=31393184616 tradeID=None
2026-08-02 23:28:31,903 [WARNING] [진입유실 방지 자동보정] SHORT 1000SHIB/USDT:USDT exit=2026-07-27 11:51:02 미매칭수량=1844.00000000 orderID=31400541745 tradeID=None
2026-08-02 23:28:31,903 [WARNING] [진입유실 방지 자동보정] SHORT 1000SHIB/USDT:USDT exit=2026-07-28 06:12:27 미매칭수량=2192.00000000 orderID=31421063023 tradeID=None
2026-08-02 23:28:31,903 [WARNING] [진입유실 방지 자동보정] SHORT 1000SHIB/USDT:USDT exit=2026-08-02 01:13:53 미매칭수량=1073.00000000 orderID=31502817166 tradeID=None
2026-08-02 23:28:31,903 [WARNING] [진입유실 방지 자동보정] SHORT 1000SHIB/USDT:USDT exit=2026-08-02 02:01:20 미매칭수량=1074.00000000 orderID=31504220662 tradeID=None
2026-08-02 23:28:31,903 [WARNING] [진입유실 방지 자동보정] SHORT 1000SHIB/USDT:USDT exit=2026-08-02 09:45:32 미매칭수량=2285.00000000 orderID=31510623049 tradeID=None
2026-08-02 23:28:31,903 [WARNING] [진입유실 방지 자동보정] SHORT 1000SHIB/USDT:USDT exit=2026-08-02 10:35:19 미매칭수량=2280.00000000 orderID=31511192196 tradeID=None
2026-08-02 23:28:31,903 [WARNING] [진입유실 방지 자동보정] LONG DOGE/USDT:USDT exit=2026-07-28 09:50:41 미매칭수량=163.00000000 orderID=100915175009 tradeID=None
2026-08-02 23:28:31,903 [WARNING] [진입유실 방지 자동보정] SHORT DOGE/USDT:USDT exit=2026-07-28 20:36:48 미매칭수량=357.00000000 orderID=100925180835 tradeID=None
2026-08-02 23:28:31,903 [WARNING] [진입유실 방지 자동보정] SHORT DOGE/USDT:USDT exit=2026-07-28 23:00:41 미매칭수량=286.00000000 orderID=100927596061 tradeID=None
2026-08-02 23:28:31,903 [WARNING] [진입유실 방지 자동보정] SHORT DOGE/USDT:USDT exit=2026-07-30 20:51:14 미매칭수량=345.00000000 orderID=100976583122 tradeID=None
2026-08-02 23:28:31,903 [WARNING] [진입유실 방지 자동보정] SHORT DOGE/USDT:USDT exit=2026-07-31 10:01:31 미매칭수량=334.00000000 orderID=100988356319 tradeID=None
2026-08-02 23:28:31,903 [WARNING] [진입유실 방지 자동보정] SHORT DOGE/USDT:USDT exit=2026-08-01 18:02:18 미매칭수량=306.00000000 orderID=101015266902 tradeID=None
2026-08-02 23:28:31,903 [WARNING] [진입유실 방지 자동보정] LONG DOGE/USDT:USDT exit=2026-08-02 11:07:47 미매칭수량=259.00000000 orderID=101028099752 tradeID=None
2026-08-02 23:28:31,903 [WARNING] [진입유실 방지 자동보정] SHORT SOL/USDT:USDT exit=2026-07-29 22:32:08 미매칭수량=0.26000000 orderID=229957663104 tradeID=None
2026-08-02 23:28:31,903 [WARNING] [진입유실 방지 자동보정] LONG SOL/USDT:USDT exit=2026-07-30 02:59:19 미매칭수량=0.33000000 orderID=229996023316 tradeID=None
2026-08-02 23:28:31,903 [WARNING] [진입유실 방지 자동보정] LONG SOL/USDT:USDT exit=2026-07-30 03:32:08 미매칭수량=0.27000000 orderID=230002018782 tradeID=None
2026-08-02 23:28:31,903 [WARNING] [진입유실 방지 자동보정] SHORT SOL/USDT:USDT exit=2026-07-30 20:09:26 미매칭수량=0.32000000 orderID=230154249399 tradeID=None
2026-08-02 23:28:31,903 [WARNING] [진입유실 방지 자동보정] SHORT SOL/USDT:USDT exit=2026-07-30 20:37:48 미매칭수량=0.32000000 orderID=230157644550 tradeID=None
2026-08-02 23:28:31,904 [WARNING] [진입유실 방지 자동보정] SHORT SOL/USDT:USDT exit=2026-08-01 10:32:26 미매칭수량=0.29000000 orderID=230440972735 tradeID=None
2026-08-02 23:28:31,904 [WARNING] [진입유실 방지 자동보정] LONG SOL/USDT:USDT exit=2026-08-02 01:55:54 미매칭수량=0.25000000 orderID=230506472518 tradeID=None
2026-08-02 23:28:31,904 [WARNING] [진입유실 방지 자동보정] LONG SOL/USDT:USDT exit=2026-08-02 03:24:55 미매칭수량=0.20000000 orderID=230517041657 tradeID=None
2026-08-02 23:28:31,904 [WARNING] [진입유실 방지 자동보정] LONG XRP/USDT:USDT exit=2026-07-30 03:32:09 미매칭수량=14.70000000 orderID=154591436270 tradeID=None
2026-08-02 23:28:31,904 [WARNING] [진입유실 방지 자동보정] LONG XRP/USDT:USDT exit=2026-07-30 08:06:13 미매칭수량=18.50000000 orderID=154605732461 tradeID=None
2026-08-02 23:28:31,904 [WARNING] [진입유실 방지 자동보정] LONG XRP/USDT:USDT exit=2026-07-30 22:11:04 미매칭수량=17.50000000 orderID=154637963852 tradeID=None
2026-08-02 23:28:31,904 [WARNING] [진입유실 방지 자동보정] SHORT XRP/USDT:USDT exit=2026-07-31 15:18:55 미매칭수량=28.50000000 orderID=154681353788 tradeID=None
2026-08-02 23:28:31,904 [WARNING] [진입유실 방지 자동보정] LONG XRP/USDT:USDT exit=2026-08-02 07:48:27 미매칭수량=6.70000000 orderID=154765042288 tradeID=None
2026-08-02 23:28:31,904 [WARNING] [진입유실 방지 자동보정] LONG XRP/USDT:USDT exit=2026-08-02 08:25:19 미매칭수량=6.70000000 orderID=154766072211 tradeID=None
2026-08-02 23:28:31,904 [WARNING] [진입유실 방지 자동보정] LONG XRP/USDT:USDT exit=2026-08-02 11:07:15 미매칭수량=16.80000000 orderID=154770811661 tradeID=None
2026-08-02 23:28:31,904 [WARNING] [진입유실 방지 자동보정] SHORT 1000PEPE/USDT:USDT exit=2026-08-02 02:31:36 미매칭수량=1968.00000000 orderID=61389681657 tradeID=None
2026-08-02 23:28:31,904 [WARNING] [진입유실 방지 자동보정] SHORT 1000PEPE/USDT:USDT exit=2026-08-02 02:52:29 미매칭수량=1969.00000000 orderID=61390079427 tradeID=None
2026-08-02 23:28:31,904 [WARNING] [진입유실 방지 자동보정] SHORT 1000PEPE/USDT:USDT exit=2026-08-02 09:25:39 미매칭수량=7585.00000000 orderID=61394822102 tradeID=None
2026-08-02 23:28:31,904 [WARNING] [진입유실 방지 자동보정] SHORT IDOL/USDT:USDT exit=2026-08-02 10:17:17 미매칭수량=445.00000000 orderID=523897304 tradeID=None
2026-08-02 23:28:32,134 [INFO] [상태] 잔고:$9.76 | 포지션:2개 | 스캔:48회 | 스캐너:ON
2026-08-02 23:28:32,414 [INFO] [SCAN] 블랙리스트 5개 제외: ['IP/USDT:USDT', 'NES/USDT:USDT', 'WLD/USDT:USDT', 'XAG/USDT:USDT', 'XAU/USDT:USDT', 'XAUT/USDT:USDT']
2026-08-02 23:28:32,415 [INFO] [SCAN] 스캔 시작: 30개 페어 (캐시 31개 보유)
2026-08-02 23:28:46,692 [INFO] [SCAN] 완료: 30개 종목 · 신호 0개 · API 호출 30회 · 캐시 히트 0회
2026-08-02 23:28:46,886 [WARNING] [PROTECT GUARD] BNB/USDT:USDT LONG 보호주문 없음(무방비) → TP/SL 재무장 시도
2026-08-02 23:28:49,805 [ERROR] [PROTECT REARM] BNB/USDT:USDT long TP/SL 보호주문 재설정 실패: binance {"code":-4130,"msg":"An open stop or take profit order with GTE and closePosition in the direction is existing."}
2026-08-02 23:28:49,806 [ERROR] [PROTECT GUARD] BNB/USDT:USDT LONG 보호주문 재무장 실패 — 수동 확인 필요
2026-08-02 23:28:49,901 [WARNING] [PROTECT GUARD] HOME/USDT:USDT LONG 보호주문 없음(무방비) → TP/SL 재무장 시도
2026-08-02 23:28:52,818 [ERROR] [PROTECT REARM] HOME/USDT:USDT long TP/SL 보호주문 재설정 실패: binance {"code":-4130,"msg":"An open stop or take profit order with GTE and closePosition in the direction is existing."}
2026-08-02 23:28:52,818 [ERROR] [PROTECT GUARD] HOME/USDT:USDT LONG 보호주문 재무장 실패 — 수동 확인 필요
2026-08-02 23:29:02,173 [WARNING] [진입유실 방지 자동보정] LONG 1000SHIB/USDT:USDT exit=2026-07-27 04:30:21 미매칭수량=2189.00000000 orderID=31388901395 tradeID=None
2026-08-02 23:29:02,174 [WARNING] [진입유실 방지 자동보정] SHORT 1000SHIB/USDT:USDT exit=2026-07-27 07:36:19 미매칭수량=1348.00000000 orderID=31393184616 tradeID=None
2026-08-02 23:29:02,174 [WARNING] [진입유실 방지 자동보정] SHORT 1000SHIB/USDT:USDT exit=2026-07-27 11:51:02 미매칭수량=1844.00000000 orderID=31400541745 tradeID=None
2026-08-02 23:29:02,174 [WARNING] [진입유실 방지 자동보정] SHORT 1000SHIB/USDT:USDT exit=2026-07-28 06:12:27 미매칭수량=2192.00000000 orderID=31421063023 tradeID=None
2026-08-02 23:29:02,174 [WARNING] [진입유실 방지 자동보정] SHORT 1000SHIB/USDT:USDT exit=2026-08-02 01:13:53 미매칭수량=1073.00000000 orderID=31502817166 tradeID=None
2026-08-02 23:29:02,174 [WARNING] [진입유실 방지 자동보정] SHORT 1000SHIB/USDT:USDT exit=2026-08-02 02:01:20 미매칭수량=1074.00000000 orderID=31504220662 tradeID=None
2026-08-02 23:29:02,174 [WARNING] [진입유실 방지 자동보정] SHORT 1000SHIB/USDT:USDT exit=2026-08-02 09:45:32 미매칭수량=2285.00000000 orderID=31510623049 tradeID=None
2026-08-02 23:29:02,174 [WARNING] [진입유실 방지 자동보정] SHORT 1000SHIB/USDT:USDT exit=2026-08-02 10:35:19 미매칭수량=2280.00000000 orderID=31511192196 tradeID=None
2026-08-02 23:29:02,174 [WARNING] [진입유실 방지 자동보정] LONG DOGE/USDT:USDT exit=2026-07-28 09:50:41 미매칭수량=163.00000000 orderID=100915175009 tradeID=None
2026-08-02 23:29:02,174 [WARNING] [진입유실 방지 자동보정] SHORT DOGE/USDT:USDT exit=2026-07-28 20:36:48 미매칭수량=357.00000000 orderID=100925180835 tradeID=None
2026-08-02 23:29:02,174 [WARNING] [진입유실 방지 자동보정] SHORT DOGE/USDT:USDT exit=2026-07-28 23:00:41 미매칭수량=286.00000000 orderID=100927596061 tradeID=None
2026-08-02 23:29:02,174 [WARNING] [진입유실 방지 자동보정] SHORT DOGE/USDT:USDT exit=2026-07-30 20:51:14 미매칭수량=345.00000000 orderID=100976583122 tradeID=None
2026-08-02 23:29:02,174 [WARNING] [진입유실 방지 자동보정] SHORT DOGE/USDT:USDT exit=2026-07-31 10:01:31 미매칭수량=334.00000000 orderID=100988356319 tradeID=None
2026-08-02 23:29:02,174 [WARNING] [진입유실 방지 자동보정] SHORT DOGE/USDT:USDT exit=2026-08-01 18:02:18 미매칭수량=306.00000000 orderID=101015266902 tradeID=None
2026-08-02 23:29:02,174 [WARNING] [진입유실 방지 자동보정] LONG DOGE/USDT:USDT exit=2026-08-02 11:07:47 미매칭수량=259.00000000 orderID=101028099752 tradeID=None
2026-08-02 23:29:02,174 [WARNING] [진입유실 방지 자동보정] SHORT SOL/USDT:USDT exit=2026-07-29 22:32:08 미매칭수량=0.26000000 orderID=229957663104 tradeID=None
2026-08-02 23:29:02,174 [WARNING] [진입유실 방지 자동보정] LONG SOL/USDT:USDT exit=2026-07-30 02:59:19 미매칭수량=0.33000000 orderID=229996023316 tradeID=None
2026-08-02 23:29:02,174 [WARNING] [진입유실 방지 자동보정] LONG SOL/USDT:USDT exit=2026-07-30 03:32:08 미매칭수량=0.27000000 orderID=230002018782 tradeID=None
2026-08-02 23:29:02,174 [WARNING] [진입유실 방지 자동보정] SHORT SOL/USDT:USDT exit=2026-07-30 20:09:26 미매칭수량=0.32000000 orderID=230154249399 tradeID=None
2026-08-02 23:29:02,174 [WARNING] [진입유실 방지 자동보정] SHORT SOL/USDT:USDT exit=2026-07-30 20:37:48 미매칭수량=0.32000000 orderID=230157644550 tradeID=None
2026-08-02 23:29:02,174 [WARNING] [진입유실 방지 자동보정] SHORT SOL/USDT:USDT exit=2026-08-01 10:32:26 미매칭수량=0.29000000 orderID=230440972735 tradeID=None
2026-08-02 23:29:02,174 [WARNING] [진입유실 방지 자동보정] LONG SOL/USDT:USDT exit=2026-08-02 01:55:54 미매칭수량=0.25000000 orderID=230506472518 tradeID=None
2026-08-02 23:29:02,175 [WARNING] [진입유실 방지 자동보정] LONG SOL/USDT:USDT exit=2026-08-02 03:24:55 미매칭수량=0.20000000 orderID=230517041657 tradeID=None
2026-08-02 23:29:02,175 [WARNING] [진입유실 방지 자동보정] LONG XRP/USDT:USDT exit=2026-07-30 03:32:09 미매칭수량=14.70000000 orderID=154591436270 tradeID=None
2026-08-02 23:29:02,175 [WARNING] [진입유실 방지 자동보정] LONG XRP/USDT:USDT exit=2026-07-30 08:06:13 미매칭수량=18.50000000 orderID=154605732461 tradeID=None
2026-08-02 23:29:02,175 [WARNING] [진입유실 방지 자동보정] LONG XRP/USDT:USDT exit=2026-07-30 22:11:04 미매칭수량=17.50000000 orderID=154637963852 tradeID=None
2026-08-02 23:29:02,175 [WARNING] [진입유실 방지 자동보정] SHORT XRP/USDT:USDT exit=2026-07-31 15:18:55 미매칭수량=28.50000000 orderID=154681353788 tradeID=None
2026-08-02 23:29:02,175 [WARNING] [진입유실 방지 자동보정] LONG XRP/USDT:USDT exit=2026-08-02 07:48:27 미매칭수량=6.70000000 orderID=154765042288 tradeID=None
2026-08-02 23:29:02,175 [WARNING] [진입유실 방지 자동보정] LONG XRP/USDT:USDT exit=2026-08-02 08:25:19 미매칭수량=6.70000000 orderID=154766072211 tradeID=None
2026-08-02 23:29:02,175 [WARNING] [진입유실 방지 자동보정] LONG XRP/USDT:USDT exit=2026-08-02 11:07:15 미매칭수량=16.80000000 orderID=154770811661 tradeID=None
2026-08-02 23:29:02,175 [WARNING] [진입유실 방지 자동보정] SHORT 1000PEPE/USDT:USDT exit=2026-08-02 02:31:36 미매칭수량=1968.00000000 orderID=61389681657 tradeID=None
2026-08-02 23:29:02,175 [WARNING] [진입유실 방지 자동보정] SHORT 1000PEPE/USDT:USDT exit=2026-08-02 02:52:29 미매칭수량=1969.00000000 orderID=61390079427 tradeID=None
2026-08-02 23:29:02,175 [WARNING] [진입유실 방지 자동보정] SHORT 1000PEPE/USDT:USDT exit=2026-08-02 09:25:39 미매칭수량=7585.00000000 orderID=61394822102 tradeID=None
2026-08-02 23:29:02,175 [WARNING] [진입유실 방지 자동보정] SHORT IDOL/USDT:USDT exit=2026-08-02 10:17:17 미매칭수량=445.00000000 orderID=523897304 tradeID=None
2026-08-02 23:29:08,140 [INFO] [SCAN] 블랙리스트 5개 제외: ['IP/USDT:USDT', 'NES/USDT:USDT', 'WLD/USDT:USDT', 'XAG/USDT:USDT', 'XAU/USDT:USDT', 'XAUT/USDT:USDT']
2026-08-02 23:29:08,141 [INFO] [SCAN] 스캔 시작: 30개 페어 (캐시 31개 보유)
2026-08-02 23:29:22,385 [INFO] [SCAN] 완료: 30개 종목 · 신호 0개 · API 호출 30회 · 캐시 히트 0회
2026-08-02 23:29:32,224 [WARNING] [진입유실 방지 자동보정] LONG 1000SHIB/USDT:USDT exit=2026-07-27 04:30:21 미매칭수량=2189.00000000 orderID=31388901395 tradeID=None
2026-08-02 23:29:32,224 [WARNING] [진입유실 방지 자동보정] SHORT 1000SHIB/USDT:USDT exit=2026-07-27 07:36:19 미매칭수량=1348.00000000 orderID=31393184616 tradeID=None
2026-08-02 23:29:32,224 [WARNING] [진입유실 방지 자동보정] SHORT 1000SHIB/USDT:USDT exit=2026-07-27 11:51:02 미매칭수량=1844.00000000 orderID=31400541745 tradeID=None
2026-08-02 23:29:32,224 [WARNING] [진입유실 방지 자동보정] SHORT 1000SHIB/USDT:USDT exit=2026-07-28 06:12:27 미매칭수량=2192.00000000 orderID=31421063023 tradeID=None
2026-08-02 23:29:32,224 [WARNING] [진입유실 방지 자동보정] SHORT 1000SHIB/USDT:USDT exit=2026-08-02 01:13:53 미매칭수량=1073.00000000 orderID=31502817166 tradeID=None
2026-08-02 23:29:32,224 [WARNING] [진입유실 방지 자동보정] SHORT 1000SHIB/USDT:USDT exit=2026-08-02 02:01:20 미매칭수량=1074.00000000 orderID=31504220662 tradeID=None
2026-08-02 23:29:32,224 [WARNING] [진입유실 방지 자동보정] SHORT 1000SHIB/USDT:USDT exit=2026-08-02 09:45:32 미매칭수량=2285.00000000 orderID=31510623049 tradeID=None
2026-08-02 23:29:32,224 [WARNING] [진입유실 방지 자동보정] SHORT 1000SHIB/USDT:USDT exit=2026-08-02 10:35:19 미매칭수량=2280.00000000 orderID=31511192196 tradeID=None
2026-08-02 23:29:32,224 [WARNING] [진입유실 방지 자동보정] LONG DOGE/USDT:USDT exit=2026-07-28 09:50:41 미매칭수량=163.00000000 orderID=100915175009 tradeID=None
2026-08-02 23:29:32,224 [WARNING] [진입유실 방지 자동보정] SHORT DOGE/USDT:USDT exit=2026-07-28 20:36:48 미매칭수량=357.00000000 orderID=100925180835 tradeID=None
2026-08-02 23:29:32,224 [WARNING] [진입유실 방지 자동보정] SHORT DOGE/USDT:USDT exit=2026-07-28 23:00:41 미매칭수량=286.00000000 orderID=100927596061 tradeID=None
2026-08-02 23:29:32,224 [WARNING] [진입유실 방지 자동보정] SHORT DOGE/USDT:USDT exit=2026-07-30 20:51:14 미매칭수량=345.00000000 orderID=100976583122 tradeID=None
2026-08-02 23:29:32,225 [WARNING] [진입유실 방지 자동보정] SHORT DOGE/USDT:USDT exit=2026-07-31 10:01:31 미매칭수량=334.00000000 orderID=100988356319 tradeID=None
2026-08-02 23:29:32,225 [WARNING] [진입유실 방지 자동보정] SHORT DOGE/USDT:USDT exit=2026-08-01 18:02:18 미매칭수량=306.00000000 orderID=101015266902 tradeID=None
2026-08-02 23:29:32,225 [WARNING] [진입유실 방지 자동보정] LONG DOGE/USDT:USDT exit=2026-08-02 11:07:47 미매칭수량=259.00000000 orderID=101028099752 tradeID=None
2026-08-02 23:29:32,225 [WARNING] [진입유실 방지 자동보정] SHORT SOL/USDT:USDT exit=2026-07-29 22:32:08 미매칭수량=0.26000000 orderID=229957663104 tradeID=None
2026-08-02 23:29:32,225 [WARNING] [진입유실 방지 자동보정] LONG SOL/USDT:USDT exit=2026-07-30 02:59:19 미매칭수량=0.33000000 orderID=229996023316 tradeID=None
2026-08-02 23:29:32,225 [WARNING] [진입유실 방지 자동보정] LONG SOL/USDT:USDT exit=2026-07-30 03:32:08 미매칭수량=0.27000000 orderID=230002018782 tradeID=None
2026-08-02 23:29:32,225 [WARNING] [진입유실 방지 자동보정] SHORT SOL/USDT:USDT exit=2026-07-30 20:09:26 미매칭수량=0.32000000 orderID=230154249399 tradeID=None
2026-08-02 23:29:32,225 [WARNING] [진입유실 방지 자동보정] SHORT SOL/USDT:USDT exit=2026-07-30 20:37:48 미매칭수량=0.32000000 orderID=230157644550 tradeID=None
2026-08-02 23:29:32,225 [WARNING] [진입유실 방지 자동보정] SHORT SOL/USDT:USDT exit=2026-08-01 10:32:26 미매칭수량=0.29000000 orderID=230440972735 tradeID=None
2026-08-02 23:29:32,225 [WARNING] [진입유실 방지 자동보정] LONG SOL/USDT:USDT exit=2026-08-02 01:55:54 미매칭수량=0.25000000 orderID=230506472518 tradeID=None
2026-08-02 23:29:32,225 [WARNING] [진입유실 방지 자동보정] LONG SOL/USDT:USDT exit=2026-08-02 03:24:55 미매칭수량=0.20000000 orderID=230517041657 tradeID=None
2026-08-02 23:29:32,225 [WARNING] [진입유실 방지 자동보정] LONG XRP/USDT:USDT exit=2026-07-30 03:32:09 미매칭수량=14.70000000 orderID=154591436270 tradeID=None
2026-08-02 23:29:32,225 [WARNING] [진입유실 방지 자동보정] LONG XRP/USDT:USDT exit=2026-07-30 08:06:13 미매칭수량=18.50000000 orderID=154605732461 tradeID=None
2026-08-02 23:29:32,225 [WARNING] [진입유실 방지 자동보정] LONG XRP/USDT:USDT exit=2026-07-30 22:11:04 미매칭수량=17.50000000 orderID=154637963852 tradeID=None
2026-08-02 23:29:32,225 [WARNING] [진입유실 방지 자동보정] SHORT XRP/USDT:USDT exit=2026-07-31 15:18:55 미매칭수량=28.50000000 orderID=154681353788 tradeID=None
2026-08-02 23:29:32,225 [WARNING] [진입유실 방지 자동보정] LONG XRP/USDT:USDT exit=2026-08-02 07:48:27 미매칭수량=6.70000000 orderID=154765042288 tradeID=None
2026-08-02 23:29:32,225 [WARNING] [진입유실 방지 자동보정] LONG XRP/USDT:USDT exit=2026-08-02 08:25:19 미매칭수량=6.70000000 orderID=154766072211 tradeID=None
2026-08-02 23:29:32,225 [WARNING] [진입유실 방지 자동보정] LONG XRP/USDT:USDT exit=2026-08-02 11:07:15 미매칭수량=16.80000000 orderID=154770811661 tradeID=None
2026-08-02 23:29:32,225 [WARNING] [진입유실 방지 자동보정] SHORT 1000PEPE/USDT:USDT exit=2026-08-02 02:31:36 미매칭수량=1968.00000000 orderID=61389681657 tradeID=None
2026-08-02 23:29:32,225 [WARNING] [진입유실 방지 자동보정] SHORT 1000PEPE/USDT:USDT exit=2026-08-02 02:52:29 미매칭수량=1969.00000000 orderID=61390079427 tradeID=None
2026-08-02 23:29:32,225 [WARNING] [진입유실 방지 자동보정] SHORT 1000PEPE/USDT:USDT exit=2026-08-02 09:25:39 미매칭수량=7585.00000000 orderID=61394822102 tradeID=None
2026-08-02 23:29:32,225 [WARNING] [진입유실 방지 자동보정] SHORT IDOL/USDT:USDT exit=2026-08-02 10:17:17 미매칭수량=445.00000000 orderID=523897304 tradeID=None
2026-08-02 23:29:32,415 [INFO] [상태] 잔고:$9.72 | 포지션:2개 | 스캔:50회 | 스캐너:ON
2026-08-02 23:29:37,546 [INFO] [SCAN] 블랙리스트 5개 제외: ['IP/USDT:USDT', 'NES/USDT:USDT', 'WLD/USDT:USDT', 'XAG/USDT:USDT', 'XAU/USDT:USDT', 'XAUT/USDT:USDT']
2026-08-02 23:29:37,546 [INFO] [SCAN] 스캔 시작: 30개 페어 (캐시 31개 보유)
2026-08-02 23:29:51,961 [INFO] [SCAN] 완료: 30개 종목 · 신호 0개 · API 호출 30회 · 캐시 히트 0회
2026-08-02 23:29:52,148 [WARNING] [PROTECT GUARD] BNB/USDT:USDT LONG 보호주문 없음(무방비) → TP/SL 재무장 시도
2026-08-02 23:29:55,050 [ERROR] [PROTECT REARM] BNB/USDT:USDT long TP/SL 보호주문 재설정 실패: binance {"code":-4130,"msg":"An open stop or take profit order with GTE and closePosition in the direction is existing."}
2026-08-02 23:29:55,050 [ERROR] [PROTECT GUARD] BNB/USDT:USDT LONG 보호주문 재무장 실패 — 수동 확인 필요
2026-08-02 23:29:55,142 [WARNING] [PROTECT GUARD] HOME/USDT:USDT LONG 보호주문 없음(무방비) → TP/SL 재무장 시도
2026-08-02 23:29:58,052 [ERROR] [PROTECT REARM] HOME/USDT:USDT long TP/SL 보호주문 재설정 실패: binance {"code":-4130,"msg":"An open stop or take profit order with GTE and closePosition in the direction is existing."}
2026-08-02 23:29:58,053 [ERROR] [PROTECT GUARD] HOME/USDT:USDT LONG 보호주문 재무장 실패 — 수동 확인 필요
2026-08-02 23:30:02,472 [WARNING] [진입유실 방지 자동보정] LONG 1000SHIB/USDT:USDT exit=2026-07-27 04:30:21 미매칭수량=2189.00000000 orderID=31388901395 tradeID=None
2026-08-02 23:30:02,472 [WARNING] [진입유실 방지 자동보정] SHORT 1000SHIB/USDT:USDT exit=2026-07-27 07:36:19 미매칭수량=1348.00000000 orderID=31393184616 tradeID=None
2026-08-02 23:30:02,472 [WARNING] [진입유실 방지 자동보정] SHORT 1000SHIB/USDT:USDT exit=2026-07-27 11:51:02 미매칭수량=1844.00000000 orderID=31400541745 tradeID=None
2026-08-02 23:30:02,472 [WARNING] [진입유실 방지 자동보정] SHORT 1000SHIB/USDT:USDT exit=2026-07-28 06:12:27 미매칭수량=2192.00000000 orderID=31421063023 tradeID=None
2026-08-02 23:30:02,472 [WARNING] [진입유실 방지 자동보정] SHORT 1000SHIB/USDT:USDT exit=2026-08-02 01:13:53 미매칭수량=1073.00000000 orderID=31502817166 tradeID=None
2026-08-02 23:30:02,472 [WARNING] [진입유실 방지 자동보정] SHORT 1000SHIB/USDT:USDT exit=2026-08-02 02:01:20 미매칭수량=1074.00000000 orderID=31504220662 tradeID=None
2026-08-02 23:30:02,472 [WARNING] [진입유실 방지 자동보정] SHORT 1000SHIB/USDT:USDT exit=2026-08-02 09:45:32 미매칭수량=2285.00000000 orderID=31510623049 tradeID=None
2026-08-02 23:30:02,472 [WARNING] [진입유실 방지 자동보정] SHORT 1000SHIB/USDT:USDT exit=2026-08-02 10:35:19 미매칭수량=2280.00000000 orderID=31511192196 tradeID=None
2026-08-02 23:30:02,472 [WARNING] [진입유실 방지 자동보정] LONG DOGE/USDT:USDT exit=2026-07-28 09:50:41 미매칭수량=163.00000000 orderID=100915175009 tradeID=None
2026-08-02 23:30:02,472 [WARNING] [진입유실 방지 자동보정] SHORT DOGE/USDT:USDT exit=2026-07-28 20:36:48 미매칭수량=357.00000000 orderID=100925180835 tradeID=None
2026-08-02 23:30:02,472 [WARNING] [진입유실 방지 자동보정] SHORT DOGE/USDT:USDT exit=2026-07-28 23:00:41 미매칭수량=286.00000000 orderID=100927596061 tradeID=None
2026-08-02 23:30:02,472 [WARNING] [진입유실 방지 자동보정] SHORT DOGE/USDT:USDT exit=2026-07-30 20:51:14 미매칭수량=345.00000000 orderID=100976583122 tradeID=None
2026-08-02 23:30:02,472 [WARNING] [진입유실 방지 자동보정] SHORT DOGE/USDT:USDT exit=2026-07-31 10:01:31 미매칭수량=334.00000000 orderID=100988356319 tradeID=None
2026-08-02 23:30:02,473 [WARNING] [진입유실 방지 자동보정] SHORT DOGE/USDT:USDT exit=2026-08-01 18:02:18 미매칭수량=306.00000000 orderID=101015266902 tradeID=None
2026-08-02 23:30:02,473 [WARNING] [진입유실 방지 자동보정] LONG DOGE/USDT:USDT exit=2026-08-02 11:07:47 미매칭수량=259.00000000 orderID=101028099752 tradeID=None
2026-08-02 23:30:02,473 [WARNING] [진입유실 방지 자동보정] SHORT SOL/USDT:USDT exit=2026-07-29 22:32:08 미매칭수량=0.26000000 orderID=229957663104 tradeID=None
2026-08-02 23:30:02,473 [WARNING] [진입유실 방지 자동보정] LONG SOL/USDT:USDT exit=2026-07-30 02:59:19 미매칭수량=0.33000000 orderID=229996023316 tradeID=None
2026-08-02 23:30:02,473 [WARNING] [진입유실 방지 자동보정] LONG SOL/USDT:USDT exit=2026-07-30 03:32:08 미매칭수량=0.27000000 orderID=230002018782 tradeID=None
2026-08-02 23:30:02,473 [WARNING] [진입유실 방지 자동보정] SHORT SOL/USDT:USDT exit=2026-07-30 20:09:26 미매칭수량=0.32000000 orderID=230154249399 tradeID=None
2026-08-02 23:30:02,473 [WARNING] [진입유실 방지 자동보정] SHORT SOL/USDT:USDT exit=2026-07-30 20:37:48 미매칭수량=0.32000000 orderID=230157644550 tradeID=None
2026-08-02 23:30:02,473 [WARNING] [진입유실 방지 자동보정] SHORT SOL/USDT:USDT exit=2026-08-01 10:32:26 미매칭수량=0.29000000 orderID=230440972735 tradeID=None
2026-08-02 23:30:02,473 [WARNING] [진입유실 방지 자동보정] LONG SOL/USDT:USDT exit=2026-08-02 01:55:54 미매칭수량=0.25000000 orderID=230506472518 tradeID=None
2026-08-02 23:30:02,473 [WARNING] [진입유실 방지 자동보정] LONG SOL/USDT:USDT exit=2026-08-02 03:24:55 미매칭수량=0.20000000 orderID=230517041657 tradeID=None
2026-08-02 23:30:02,473 [WARNING] [진입유실 방지 자동보정] LONG XRP/USDT:USDT exit=2026-07-30 03:32:09 미매칭수량=14.70000000 orderID=154591436270 tradeID=None
2026-08-02 23:30:02,473 [WARNING] [진입유실 방지 자동보정] LONG XRP/USDT:USDT exit=2026-07-30 08:06:13 미매칭수량=18.50000000 orderID=154605732461 tradeID=None
2026-08-02 23:30:02,473 [WARNING] [진입유실 방지 자동보정] LONG XRP/USDT:USDT exit=2026-07-30 22:11:04 미매칭수량=17.50000000 orderID=154637963852 tradeID=None
2026-08-02 23:30:02,474 [WARNING] [진입유실 방지 자동보정] SHORT XRP/USDT:USDT exit=2026-07-31 15:18:55 미매칭수량=28.50000000 orderID=154681353788 tradeID=None
2026-08-02 23:30:02,474 [WARNING] [진입유실 방지 자동보정] LONG XRP/USDT:USDT exit=2026-08-02 07:48:27 미매칭수량=6.70000000 orderID=154765042288 tradeID=None
2026-08-02 23:30:02,474 [WARNING] [진입유실 방지 자동보정] LONG XRP/USDT:USDT exit=2026-08-02 08:25:19 미매칭수량=6.70000000 orderID=154766072211 tradeID=None
2026-08-02 23:30:02,474 [WARNING] [진입유실 방지 자동보정] LONG XRP/USDT:USDT exit=2026-08-02 11:07:15 미매칭수량=16.80000000 orderID=154770811661 tradeID=None
2026-08-02 23:30:02,474 [WARNING] [진입유실 방지 자동보정] SHORT 1000PEPE/USDT:USDT exit=2026-08-02 02:31:36 미매칭수량=1968.00000000 orderID=61389681657 tradeID=None
2026-08-02 23:30:02,474 [WARNING] [진입유실 방지 자동보정] SHORT 1000PEPE/USDT:USDT exit=2026-08-02 02:52:29 미매칭수량=1969.00000000 orderID=61390079427 tradeID=None
2026-08-02 23:30:02,474 [WARNING] [진입유실 방지 자동보정] SHORT 1000PEPE/USDT:USDT exit=2026-08-02 09:25:39 미매칭수량=7585.00000000 orderID=61394822102 tradeID=None
2026-08-02 23:30:02,475 [WARNING] [진입유실 방지 자동보정] SHORT IDOL/USDT:USDT exit=2026-08-02 10:17:17 미매칭수량=445.00000000 orderID=523897304 tradeID=None
2026-08-02 23:30:13,228 [INFO] [SCAN] 블랙리스트 5개 제외: ['IP/USDT:USDT', 'NES/USDT:USDT', 'WLD/USDT:USDT', 'XAG/USDT:USDT', 'XAU/USDT:USDT', 'XAUT/USDT:USDT']
2026-08-02 23:30:13,230 [INFO] [SCAN] 스캔 시작: 30개 페어 (캐시 31개 보유)
2026-08-02 23:30:27,531 [INFO] [SCAN] 완료: 30개 종목 · 신호 0개 · API 호출 30회 · 캐시 히트 0회
2026-08-02 23:30:32,628 [INFO] [상태] 잔고:$9.69 | 포지션:2개 | 스캔:52회 | 스캐너:ON
2026-08-02 23:30:37,658 [WARNING] [진입유실 방지 자동보정] LONG 1000SHIB/USDT:USDT exit=2026-07-27 04:30:21 미매칭수량=2189.00000000 orderID=31388901395 tradeID=None
2026-08-02 23:30:37,658 [WARNING] [진입유실 방지 자동보정] SHORT 1000SHIB/USDT:USDT exit=2026-07-27 07:36:19 미매칭수량=1348.00000000 orderID=31393184616 tradeID=None
2026-08-02 23:30:37,658 [WARNING] [진입유실 방지 자동보정] SHORT 1000SHIB/USDT:USDT exit=2026-07-27 11:51:02 미매칭수량=1844.00000000 orderID=31400541745 tradeID=None
2026-08-02 23:30:37,658 [WARNING] [진입유실 방지 자동보정] SHORT 1000SHIB/USDT:USDT exit=2026-07-28 06:12:27 미매칭수량=2192.00000000 orderID=31421063023 tradeID=None
2026-08-02 23:30:37,658 [WARNING] [진입유실 방지 자동보정] SHORT 1000SHIB/USDT:USDT exit=2026-08-02 01:13:53 미매칭수량=1073.00000000 orderID=31502817166 tradeID=None
2026-08-02 23:30:37,658 [WARNING] [진입유실 방지 자동보정] SHORT 1000SHIB/USDT:USDT exit=2026-08-02 02:01:20 미매칭수량=1074.00000000 orderID=31504220662 tradeID=None
2026-08-02 23:30:37,658 [WARNING] [진입유실 방지 자동보정] SHORT 1000SHIB/USDT:USDT exit=2026-08-02 09:45:32 미매칭수량=2285.00000000 orderID=31510623049 tradeID=None
2026-08-02 23:30:37,658 [WARNING] [진입유실 방지 자동보정] SHORT 1000SHIB/USDT:USDT exit=2026-08-02 10:35:19 미매칭수량=2280.00000000 orderID=31511192196 tradeID=None
2026-08-02 23:30:37,658 [WARNING] [진입유실 방지 자동보정] LONG DOGE/USDT:USDT exit=2026-07-28 09:50:41 미매칭수량=163.00000000 orderID=100915175009 tradeID=None
2026-08-02 23:30:37,658 [WARNING] [진입유실 방지 자동보정] SHORT DOGE/USDT:USDT exit=2026-07-28 20:36:48 미매칭수량=357.00000000 orderID=100925180835 tradeID=None
2026-08-02 23:30:37,658 [WARNING] [진입유실 방지 자동보정] SHORT DOGE/USDT:USDT exit=2026-07-28 23:00:41 미매칭수량=286.00000000 orderID=100927596061 tradeID=None
2026-08-02 23:30:37,658 [WARNING] [진입유실 방지 자동보정] SHORT DOGE/USDT:USDT exit=2026-07-30 20:51:14 미매칭수량=345.00000000 orderID=100976583122 tradeID=None
2026-08-02 23:30:37,658 [WARNING] [진입유실 방지 자동보정] SHORT DOGE/USDT:USDT exit=2026-07-31 10:01:31 미매칭수량=334.00000000 orderID=100988356319 tradeID=None
2026-08-02 23:30:37,659 [WARNING] [진입유실 방지 자동보정] SHORT DOGE/USDT:USDT exit=2026-08-01 18:02:18 미매칭수량=306.00000000 orderID=101015266902 tradeID=None
2026-08-02 23:30:37,659 [WARNING] [진입유실 방지 자동보정] LONG DOGE/USDT:USDT exit=2026-08-02 11:07:47 미매칭수량=259.00000000 orderID=101028099752 tradeID=None
2026-08-02 23:30:37,659 [WARNING] [진입유실 방지 자동보정] SHORT SOL/USDT:USDT exit=2026-07-29 22:32:08 미매칭수량=0.26000000 orderID=229957663104 tradeID=None
2026-08-02 23:30:37,659 [WARNING] [진입유실 방지 자동보정] LONG SOL/USDT:USDT exit=2026-07-30 02:59:19 미매칭수량=0.33000000 orderID=229996023316 tradeID=None
2026-08-02 23:30:37,659 [WARNING] [진입유실 방지 자동보정] LONG SOL/USDT:USDT exit=2026-07-30 03:32:08 미매칭수량=0.27000000 orderID=230002018782 tradeID=None
2026-08-02 23:30:37,659 [WARNING] [진입유실 방지 자동보정] SHORT SOL/USDT:USDT exit=2026-07-30 20:09:26 미매칭수량=0.32000000 orderID=230154249399 tradeID=None
2026-08-02 23:30:37,659 [WARNING] [진입유실 방지 자동보정] SHORT SOL/USDT:USDT exit=2026-07-30 20:37:48 미매칭수량=0.32000000 orderID=230157644550 tradeID=None
2026-08-02 23:30:37,659 [WARNING] [진입유실 방지 자동보정] SHORT SOL/USDT:USDT exit=2026-08-01 10:32:26 미매칭수량=0.29000000 orderID=230440972735 tradeID=None
2026-08-02 23:30:37,659 [WARNING] [진입유실 방지 자동보정] LONG SOL/USDT:USDT exit=2026-08-02 01:55:54 미매칭수량=0.25000000 orderID=230506472518 tradeID=None
2026-08-02 23:30:37,659 [WARNING] [진입유실 방지 자동보정] LONG SOL/USDT:USDT exit=2026-08-02 03:24:55 미매칭수량=0.20000000 orderID=230517041657 tradeID=None
2026-08-02 23:30:37,659 [WARNING] [진입유실 방지 자동보정] LONG XRP/USDT:USDT exit=2026-07-30 03:32:09 미매칭수량=14.70000000 orderID=154591436270 tradeID=None
2026-08-02 23:30:37,659 [WARNING] [진입유실 방지 자동보정] LONG XRP/USDT:USDT exit=2026-07-30 08:06:13 미매칭수량=18.50000000 orderID=154605732461 tradeID=None
2026-08-02 23:30:37,659 [WARNING] [진입유실 방지 자동보정] LONG XRP/USDT:USDT exit=2026-07-30 22:11:04 미매칭수량=17.50000000 orderID=154637963852 tradeID=None
2026-08-02 23:30:37,659 [WARNING] [진입유실 방지 자동보정] SHORT XRP/USDT:USDT exit=2026-07-31 15:18:55 미매칭수량=28.50000000 orderID=154681353788 tradeID=None
2026-08-02 23:30:37,659 [WARNING] [진입유실 방지 자동보정] LONG XRP/USDT:USDT exit=2026-08-02 07:48:27 미매칭수량=6.70000000 orderID=154765042288 tradeID=None
2026-08-02 23:30:37,659 [WARNING] [진입유실 방지 자동보정] LONG XRP/USDT:USDT exit=2026-08-02 08:25:19 미매칭수량=6.70000000 orderID=154766072211 tradeID=None
2026-08-02 23:30:37,659 [WARNING] [진입유실 방지 자동보정] LONG XRP/USDT:USDT exit=2026-08-02 11:07:15 미매칭수량=16.80000000 orderID=154770811661 tradeID=None
2026-08-02 23:30:37,659 [WARNING] [진입유실 방지 자동보정] SHORT 1000PEPE/USDT:USDT exit=2026-08-02 02:31:36 미매칭수량=1968.00000000 orderID=61389681657 tradeID=None
2026-08-02 23:30:37,659 [WARNING] [진입유실 방지 자동보정] SHORT 1000PEPE/USDT:USDT exit=2026-08-02 02:52:29 미매칭수량=1969.00000000 orderID=61390079427 tradeID=None
2026-08-02 23:30:37,659 [WARNING] [진입유실 방지 자동보정] SHORT 1000PEPE/USDT:USDT exit=2026-08-02 09:25:39 미매칭수량=7585.00000000 orderID=61394822102 tradeID=None
2026-08-02 23:30:37,659 [WARNING] [진입유실 방지 자동보정] SHORT IDOL/USDT:USDT exit=2026-08-02 10:17:17 미매칭수량=445.00000000 orderID=523897304 tradeID=None
2026-08-02 23:30:42,673 [INFO] [SCAN] 블랙리스트 5개 제외: ['IP/USDT:USDT', 'NES/USDT:USDT', 'WLD/USDT:USDT', 'XAG/USDT:USDT', 'XAU/USDT:USDT', 'XAUT/USDT:USDT']
2026-08-02 23:30:42,674 [INFO] [SCAN] 스캔 시작: 30개 페어 (캐시 31개 보유)
2026-08-02 23:30:57,045 [INFO] [SCAN] 완료: 30개 종목 · 신호 0개 · API 호출 30회 · 캐시 히트 0회
2026-08-02 23:30:57,243 [WARNING] [PROTECT GUARD] BNB/USDT:USDT LONG 보호주문 없음(무방비) → TP/SL 재무장 시도
2026-08-02 23:31:00,152 [ERROR] [PROTECT REARM] BNB/USDT:USDT long TP/SL 보호주문 재설정 실패: binance {"code":-4130,"msg":"An open stop or take profit order with GTE and closePosition in the direction is existing."}
2026-08-02 23:31:00,152 [ERROR] [PROTECT GUARD] BNB/USDT:USDT LONG 보호주문 재무장 실패 — 수동 확인 필요
2026-08-02 23:31:00,251 [WARNING] [PROTECT GUARD] HOME/USDT:USDT LONG 보호주문 없음(무방비) → TP/SL 재무장 시도
2026-08-02 23:31:03,160 [ERROR] [PROTECT REARM] HOME/USDT:USDT long TP/SL 보호주문 재설정 실패: binance {"code":-4130,"msg":"An open stop or take profit order with GTE and closePosition in the direction is existing."}
2026-08-02 23:31:03,161 [ERROR] [PROTECT GUARD] HOME/USDT:USDT LONG 보호주문 재무장 실패 — 수동 확인 필요
2026-08-02 23:31:07,716 [WARNING] [진입유실 방지 자동보정] LONG 1000SHIB/USDT:USDT exit=2026-07-27 04:30:21 미매칭수량=2189.00000000 orderID=31388901395 tradeID=None
2026-08-02 23:31:07,716 [WARNING] [진입유실 방지 자동보정] SHORT 1000SHIB/USDT:USDT exit=2026-07-27 07:36:19 미매칭수량=1348.00000000 orderID=31393184616 tradeID=None
2026-08-02 23:31:07,716 [WARNING] [진입유실 방지 자동보정] SHORT 1000SHIB/USDT:USDT exit=2026-07-27 11:51:02 미매칭수량=1844.00000000 orderID=31400541745 tradeID=None
2026-08-02 23:31:07,716 [WARNING] [진입유실 방지 자동보정] SHORT 1000SHIB/USDT:USDT exit=2026-07-28 06:12:27 미매칭수량=2192.00000000 orderID=31421063023 tradeID=None
2026-08-02 23:31:07,716 [WARNING] [진입유실 방지 자동보정] SHORT 1000SHIB/USDT:USDT exit=2026-08-02 01:13:53 미매칭수량=1073.00000000 orderID=31502817166 tradeID=None
2026-08-02 23:31:07,716 [WARNING] [진입유실 방지 자동보정] SHORT 1000SHIB/USDT:USDT exit=2026-08-02 02:01:20 미매칭수량=1074.00000000 orderID=31504220662 tradeID=None
2026-08-02 23:31:07,716 [WARNING] [진입유실 방지 자동보정] SHORT 1000SHIB/USDT:USDT exit=2026-08-02 09:45:32 미매칭수량=2285.00000000 orderID=31510623049 tradeID=None
2026-08-02 23:31:07,716 [WARNING] [진입유실 방지 자동보정] SHORT 1000SHIB/USDT:USDT exit=2026-08-02 10:35:19 미매칭수량=2280.00000000 orderID=31511192196 tradeID=None
2026-08-02 23:31:07,716 [WARNING] [진입유실 방지 자동보정] LONG DOGE/USDT:USDT exit=2026-07-28 09:50:41 미매칭수량=163.00000000 orderID=100915175009 tradeID=None
2026-08-02 23:31:07,716 [WARNING] [진입유실 방지 자동보정] SHORT DOGE/USDT:USDT exit=2026-07-28 20:36:48 미매칭수량=357.00000000 orderID=100925180835 tradeID=None
2026-08-02 23:31:07,716 [WARNING] [진입유실 방지 자동보정] SHORT DOGE/USDT:USDT exit=2026-07-28 23:00:41 미매칭수량=286.00000000 orderID=100927596061 tradeID=None
2026-08-02 23:31:07,716 [WARNING] [진입유실 방지 자동보정] SHORT DOGE/USDT:USDT exit=2026-07-30 20:51:14 미매칭수량=345.00000000 orderID=100976583122 tradeID=None
2026-08-02 23:31:07,716 [WARNING] [진입유실 방지 자동보정] SHORT DOGE/USDT:USDT exit=2026-07-31 10:01:31 미매칭수량=334.00000000 orderID=100988356319 tradeID=None
2026-08-02 23:31:07,716 [WARNING] [진입유실 방지 자동보정] SHORT DOGE/USDT:USDT exit=2026-08-01 18:02:18 미매칭수량=306.00000000 orderID=101015266902 tradeID=None
2026-08-02 23:31:07,716 [WARNING] [진입유실 방지 자동보정] LONG DOGE/USDT:USDT exit=2026-08-02 11:07:47 미매칭수량=259.00000000 orderID=101028099752 tradeID=None
2026-08-02 23:31:07,716 [WARNING] [진입유실 방지 자동보정] SHORT SOL/USDT:USDT exit=2026-07-29 22:32:08 미매칭수량=0.26000000 orderID=229957663104 tradeID=None
2026-08-02 23:31:07,716 [WARNING] [진입유실 방지 자동보정] LONG SOL/USDT:USDT exit=2026-07-30 02:59:19 미매칭수량=0.33000000 orderID=229996023316 tradeID=None
2026-08-02 23:31:07,717 [WARNING] [진입유실 방지 자동보정] LONG SOL/USDT:USDT exit=2026-07-30 03:32:08 미매칭수량=0.27000000 orderID=230002018782 tradeID=None
2026-08-02 23:31:07,717 [WARNING] [진입유실 방지 자동보정] SHORT SOL/USDT:USDT exit=2026-07-30 20:09:26 미매칭수량=0.32000000 orderID=230154249399 tradeID=None
2026-08-02 23:31:07,717 [WARNING] [진입유실 방지 자동보정] SHORT SOL/USDT:USDT exit=2026-07-30 20:37:48 미매칭수량=0.32000000 orderID=230157644550 tradeID=None
2026-08-02 23:31:07,717 [WARNING] [진입유실 방지 자동보정] SHORT SOL/USDT:USDT exit=2026-08-01 10:32:26 미매칭수량=0.29000000 orderID=230440972735 tradeID=None
2026-08-02 23:31:07,717 [WARNING] [진입유실 방지 자동보정] LONG SOL/USDT:USDT exit=2026-08-02 01:55:54 미매칭수량=0.25000000 orderID=230506472518 tradeID=None
2026-08-02 23:31:07,717 [WARNING] [진입유실 방지 자동보정] LONG SOL/USDT:USDT exit=2026-08-02 03:24:55 미매칭수량=0.20000000 orderID=230517041657 tradeID=None
2026-08-02 23:31:07,717 [WARNING] [진입유실 방지 자동보정] LONG XRP/USDT:USDT exit=2026-07-30 03:32:09 미매칭수량=14.70000000 orderID=154591436270 tradeID=None
2026-08-02 23:31:07,717 [WARNING] [진입유실 방지 자동보정] LONG XRP/USDT:USDT exit=2026-07-30 08:06:13 미매칭수량=18.50000000 orderID=154605732461 tradeID=None
2026-08-02 23:31:07,717 [WARNING] [진입유실 방지 자동보정] LONG XRP/USDT:USDT exit=2026-07-30 22:11:04 미매칭수량=17.50000000 orderID=154637963852 tradeID=None
2026-08-02 23:31:07,717 [WARNING] [진입유실 방지 자동보정] SHORT XRP/USDT:USDT exit=2026-07-31 15:18:55 미매칭수량=28.50000000 orderID=154681353788 tradeID=None
2026-08-02 23:31:07,717 [WARNING] [진입유실 방지 자동보정] LONG XRP/USDT:USDT exit=2026-08-02 07:48:27 미매칭수량=6.70000000 orderID=154765042288 tradeID=None
2026-08-02 23:31:07,717 [WARNING] [진입유실 방지 자동보정] LONG XRP/USDT:USDT exit=2026-08-02 08:25:19 미매칭수량=6.70000000 orderID=154766072211 tradeID=None
2026-08-02 23:31:07,717 [WARNING] [진입유실 방지 자동보정] LONG XRP/USDT:USDT exit=2026-08-02 11:07:15 미매칭수량=16.80000000 orderID=154770811661 tradeID=None
2026-08-02 23:31:07,717 [WARNING] [진입유실 방지 자동보정] SHORT 1000PEPE/USDT:USDT exit=2026-08-02 02:31:36 미매칭수량=1968.00000000 orderID=61389681657 tradeID=None
2026-08-02 23:31:07,717 [WARNING] [진입유실 방지 자동보정] SHORT 1000PEPE/USDT:USDT exit=2026-08-02 02:52:29 미매칭수량=1969.00000000 orderID=61390079427 tradeID=None
2026-08-02 23:31:07,717 [WARNING] [진입유실 방지 자동보정] SHORT 1000PEPE/USDT:USDT exit=2026-08-02 09:25:39 미매칭수량=7585.00000000 orderID=61394822102 tradeID=None
2026-08-02 23:31:07,717 [WARNING] [진입유실 방지 자동보정] SHORT IDOL/USDT:USDT exit=2026-08-02 10:17:17 미매칭수량=445.00000000 orderID=523897304 tradeID=None
2026-08-02 23:31:18,340 [INFO] [SCAN] 블랙리스트 5개 제외: ['IP/USDT:USDT', 'NES/USDT:USDT', 'WLD/USDT:USDT', 'XAG/USDT:USDT', 'XAU/USDT:USDT', 'XAUT/USDT:USDT']
2026-08-02 23:31:18,342 [INFO] [SCAN] 스캔 시작: 30개 페어 (캐시 31개 보유)
2026-08-02 23:31:32,518 [INFO] [SCAN] 완료: 30개 종목 · 신호 0개 · API 호출 30회 · 캐시 히트 0회
2026-08-02 23:31:32,931 [INFO] [상태] 잔고:$9.71 | 포지션:2개 | 스캔:54회 | 스캐너:ON
2026-08-02 23:31:37,972 [WARNING] [진입유실 방지 자동보정] LONG 1000SHIB/USDT:USDT exit=2026-07-27 04:30:21 미매칭수량=2189.00000000 orderID=31388901395 tradeID=None
2026-08-02 23:31:37,972 [WARNING] [진입유실 방지 자동보정] SHORT 1000SHIB/USDT:USDT exit=2026-07-27 07:36:19 미매칭수량=1348.00000000 orderID=31393184616 tradeID=None
2026-08-02 23:31:37,972 [WARNING] [진입유실 방지 자동보정] SHORT 1000SHIB/USDT:USDT exit=2026-07-27 11:51:02 미매칭수량=1844.00000000 orderID=31400541745 tradeID=None
2026-08-02 23:31:37,972 [WARNING] [진입유실 방지 자동보정] SHORT 1000SHIB/USDT:USDT exit=2026-07-28 06:12:27 미매칭수량=2192.00000000 orderID=31421063023 tradeID=None
2026-08-02 23:31:37,972 [WARNING] [진입유실 방지 자동보정] SHORT 1000SHIB/USDT:USDT exit=2026-08-02 01:13:53 미매칭수량=1073.00000000 orderID=31502817166 tradeID=None
2026-08-02 23:31:37,973 [WARNING] [진입유실 방지 자동보정] SHORT 1000SHIB/USDT:USDT exit=2026-08-02 02:01:20 미매칭수량=1074.00000000 orderID=31504220662 tradeID=None
2026-08-02 23:31:37,973 [WARNING] [진입유실 방지 자동보정] SHORT 1000SHIB/USDT:USDT exit=2026-08-02 09:45:32 미매칭수량=2285.00000000 orderID=31510623049 tradeID=None
2026-08-02 23:31:37,973 [WARNING] [진입유실 방지 자동보정] SHORT 1000SHIB/USDT:USDT exit=2026-08-02 10:35:19 미매칭수량=2280.00000000 orderID=31511192196 tradeID=None
2026-08-02 23:31:37,973 [WARNING] [진입유실 방지 자동보정] LONG DOGE/USDT:USDT exit=2026-07-28 09:50:41 미매칭수량=163.00000000 orderID=100915175009 tradeID=None
2026-08-02 23:31:37,973 [WARNING] [진입유실 방지 자동보정] SHORT DOGE/USDT:USDT exit=2026-07-28 20:36:48 미매칭수량=357.00000000 orderID=100925180835 tradeID=None
2026-08-02 23:31:37,973 [WARNING] [진입유실 방지 자동보정] SHORT DOGE/USDT:USDT exit=2026-07-28 23:00:41 미매칭수량=286.00000000 orderID=100927596061 tradeID=None
2026-08-02 23:31:37,973 [WARNING] [진입유실 방지 자동보정] SHORT DOGE/USDT:USDT exit=2026-07-30 20:51:14 미매칭수량=345.00000000 orderID=100976583122 tradeID=None
2026-08-02 23:31:37,973 [WARNING] [진입유실 방지 자동보정] SHORT DOGE/USDT:USDT exit=2026-07-31 10:01:31 미매칭수량=334.00000000 orderID=100988356319 tradeID=None
2026-08-02 23:31:37,973 [WARNING] [진입유실 방지 자동보정] SHORT DOGE/USDT:USDT exit=2026-08-01 18:02:18 미매칭수량=306.00000000 orderID=101015266902 tradeID=None
2026-08-02 23:31:37,973 [WARNING] [진입유실 방지 자동보정] LONG DOGE/USDT:USDT exit=2026-08-02 11:07:47 미매칭수량=259.00000000 orderID=101028099752 tradeID=None
2026-08-02 23:31:37,973 [WARNING] [진입유실 방지 자동보정] SHORT SOL/USDT:USDT exit=2026-07-29 22:32:08 미매칭수량=0.26000000 orderID=229957663104 tradeID=None
2026-08-02 23:31:37,973 [WARNING] [진입유실 방지 자동보정] LONG SOL/USDT:USDT exit=2026-07-30 02:59:19 미매칭수량=0.33000000 orderID=229996023316 tradeID=None
2026-08-02 23:31:37,973 [WARNING] [진입유실 방지 자동보정] LONG SOL/USDT:USDT exit=2026-07-30 03:32:08 미매칭수량=0.27000000 orderID=230002018782 tradeID=None
2026-08-02 23:31:37,973 [WARNING] [진입유실 방지 자동보정] SHORT SOL/USDT:USDT exit=2026-07-30 20:09:26 미매칭수량=0.32000000 orderID=230154249399 tradeID=None
2026-08-02 23:31:37,973 [WARNING] [진입유실 방지 자동보정] SHORT SOL/USDT:USDT exit=2026-07-30 20:37:48 미매칭수량=0.32000000 orderID=230157644550 tradeID=None
2026-08-02 23:31:37,973 [WARNING] [진입유실 방지 자동보정] SHORT SOL/USDT:USDT exit=2026-08-01 10:32:26 미매칭수량=0.29000000 orderID=230440972735 tradeID=None
2026-08-02 23:31:37,973 [WARNING] [진입유실 방지 자동보정] LONG SOL/USDT:USDT exit=2026-08-02 01:55:54 미매칭수량=0.25000000 orderID=230506472518 tradeID=None
2026-08-02 23:31:37,973 [WARNING] [진입유실 방지 자동보정] LONG SOL/USDT:USDT exit=2026-08-02 03:24:55 미매칭수량=0.20000000 orderID=230517041657 tradeID=None
2026-08-02 23:31:37,973 [WARNING] [진입유실 방지 자동보정] LONG XRP/USDT:USDT exit=2026-07-30 03:32:09 미매칭수량=14.70000000 orderID=154591436270 tradeID=None
2026-08-02 23:31:37,973 [WARNING] [진입유실 방지 자동보정] LONG XRP/USDT:USDT exit=2026-07-30 08:06:13 미매칭수량=18.50000000 orderID=154605732461 tradeID=None
2026-08-02 23:31:37,973 [WARNING] [진입유실 방지 자동보정] LONG XRP/USDT:USDT exit=2026-07-30 22:11:04 미매칭수량=17.50000000 orderID=154637963852 tradeID=None
2026-08-02 23:31:37,973 [WARNING] [진입유실 방지 자동보정] SHORT XRP/USDT:USDT exit=2026-07-31 15:18:55 미매칭수량=28.50000000 orderID=154681353788 tradeID=None
2026-08-02 23:31:37,973 [WARNING] [진입유실 방지 자동보정] LONG XRP/USDT:USDT exit=2026-08-02 07:48:27 미매칭수량=6.70000000 orderID=154765042288 tradeID=None
2026-08-02 23:31:37,974 [WARNING] [진입유실 방지 자동보정] LONG XRP/USDT:USDT exit=2026-08-02 08:25:19 미매칭수량=6.70000000 orderID=154766072211 tradeID=None
2026-08-02 23:31:37,974 [WARNING] [진입유실 방지 자동보정] LONG XRP/USDT:USDT exit=2026-08-02 11:07:15 미매칭수량=16.80000000 orderID=154770811661 tradeID=None
2026-08-02 23:31:37,974 [WARNING] [진입유실 방지 자동보정] SHORT 1000PEPE/USDT:USDT exit=2026-08-02 02:31:36 미매칭수량=1968.00000000 orderID=61389681657 tradeID=None
2026-08-02 23:31:37,974 [WARNING] [진입유실 방지 자동보정] SHORT 1000PEPE/USDT:USDT exit=2026-08-02 02:52:29 미매칭수량=1969.00000000 orderID=61390079427 tradeID=None
2026-08-02 23:31:37,974 [WARNING] [진입유실 방지 자동보정] SHORT 1000PEPE/USDT:USDT exit=2026-08-02 09:25:39 미매칭수량=7585.00000000 orderID=61394822102 tradeID=None
2026-08-02 23:31:37,974 [WARNING] [진입유실 방지 자동보정] SHORT IDOL/USDT:USDT exit=2026-08-02 10:17:17 미매칭수량=445.00000000 orderID=523897304 tradeID=None
2026-08-02 23:31:47,667 [INFO] [SCAN] 블랙리스트 5개 제외: ['IP/USDT:USDT', 'NES/USDT:USDT', 'WLD/USDT:USDT', 'XAG/USDT:USDT', 'XAU/USDT:USDT', 'XAUT/USDT:USDT']
2026-08-02 23:31:47,668 [INFO] [SCAN] 스캔 시작: 30개 페어 (캐시 31개 보유)
2026-08-02 23:32:01,819 [INFO] [SCAN] 완료: 30개 종목 · 신호 0개 · API 호출 30회 · 캐시 히트 0회
2026-08-02 23:32:02,010 [WARNING] [PROTECT GUARD] BNB/USDT:USDT LONG 보호주문 없음(무방비) → TP/SL 재무장 시도
2026-08-02 23:32:04,918 [ERROR] [PROTECT REARM] BNB/USDT:USDT long TP/SL 보호주문 재설정 실패: binance {"code":-4130,"msg":"An open stop or take profit order with GTE and closePosition in the direction is existing."}
2026-08-02 23:32:04,918 [ERROR] [PROTECT GUARD] BNB/USDT:USDT LONG 보호주문 재무장 실패 — 수동 확인 필요
2026-08-02 23:32:05,012 [WARNING] [PROTECT GUARD] HOME/USDT:USDT LONG 보호주문 없음(무방비) → TP/SL 재무장 시도
2026-08-02 23:32:07,914 [ERROR] [PROTECT REARM] HOME/USDT:USDT long TP/SL 보호주문 재설정 실패: binance {"code":-4130,"msg":"An open stop or take profit order with GTE and closePosition in the direction is existing."}
2026-08-02 23:32:07,915 [ERROR] [PROTECT GUARD] HOME/USDT:USDT LONG 보호주문 재무장 실패 — 수동 확인 필요
2026-08-02 23:32:08,027 [WARNING] [진입유실 방지 자동보정] LONG 1000SHIB/USDT:USDT exit=2026-07-27 04:30:21 미매칭수량=2189.00000000 orderID=31388901395 tradeID=None
2026-08-02 23:32:08,027 [WARNING] [진입유실 방지 자동보정] SHORT 1000SHIB/USDT:USDT exit=2026-07-27 07:36:19 미매칭수량=1348.00000000 orderID=31393184616 tradeID=None
2026-08-02 23:32:08,028 [WARNING] [진입유실 방지 자동보정] SHORT 1000SHIB/USDT:USDT exit=2026-07-27 11:51:02 미매칭수량=1844.00000000 orderID=31400541745 tradeID=None
2026-08-02 23:32:08,028 [WARNING] [진입유실 방지 자동보정] SHORT 1000SHIB/USDT:USDT exit=2026-07-28 06:12:27 미매칭수량=2192.00000000 orderID=31421063023 tradeID=None
2026-08-02 23:32:08,028 [WARNING] [진입유실 방지 자동보정] SHORT 1000SHIB/USDT:USDT exit=2026-08-02 01:13:53 미매칭수량=1073.00000000 orderID=31502817166 tradeID=None
2026-08-02 23:32:08,028 [WARNING] [진입유실 방지 자동보정] SHORT 1000SHIB/USDT:USDT exit=2026-08-02 02:01:20 미매칭수량=1074.00000000 orderID=31504220662 tradeID=None
2026-08-02 23:32:08,028 [WARNING] [진입유실 방지 자동보정] SHORT 1000SHIB/USDT:USDT exit=2026-08-02 09:45:32 미매칭수량=2285.00000000 orderID=31510623049 tradeID=None
2026-08-02 23:32:08,028 [WARNING] [진입유실 방지 자동보정] SHORT 1000SHIB/USDT:USDT exit=2026-08-02 10:35:19 미매칭수량=2280.00000000 orderID=31511192196 tradeID=None
2026-08-02 23:32:08,028 [WARNING] [진입유실 방지 자동보정] LONG DOGE/USDT:USDT exit=2026-07-28 09:50:41 미매칭수량=163.00000000 orderID=100915175009 tradeID=None
2026-08-02 23:32:08,028 [WARNING] [진입유실 방지 자동보정] SHORT DOGE/USDT:USDT exit=2026-07-28 20:36:48 미매칭수량=357.00000000 orderID=100925180835 tradeID=None
2026-08-02 23:32:08,028 [WARNING] [진입유실 방지 자동보정] SHORT DOGE/USDT:USDT exit=2026-07-28 23:00:41 미매칭수량=286.00000000 orderID=100927596061 tradeID=None
2026-08-02 23:32:08,028 [WARNING] [진입유실 방지 자동보정] SHORT DOGE/USDT:USDT exit=2026-07-30 20:51:14 미매칭수량=345.00000000 orderID=100976583122 tradeID=None
2026-08-02 23:32:08,028 [WARNING] [진입유실 방지 자동보정] SHORT DOGE/USDT:USDT exit=2026-07-31 10:01:31 미매칭수량=334.00000000 orderID=100988356319 tradeID=None
2026-08-02 23:32:08,028 [WARNING] [진입유실 방지 자동보정] SHORT DOGE/USDT:USDT exit=2026-08-01 18:02:18 미매칭수량=306.00000000 orderID=101015266902 tradeID=None
2026-08-02 23:32:08,028 [WARNING] [진입유실 방지 자동보정] LONG DOGE/USDT:USDT exit=2026-08-02 11:07:47 미매칭수량=259.00000000 orderID=101028099752 tradeID=None
2026-08-02 23:32:08,028 [WARNING] [진입유실 방지 자동보정] SHORT SOL/USDT:USDT exit=2026-07-29 22:32:08 미매칭수량=0.26000000 orderID=229957663104 tradeID=None
2026-08-02 23:32:08,028 [WARNING] [진입유실 방지 자동보정] LONG SOL/USDT:USDT exit=2026-07-30 02:59:19 미매칭수량=0.33000000 orderID=229996023316 tradeID=None
2026-08-02 23:32:08,028 [WARNING] [진입유실 방지 자동보정] LONG SOL/USDT:USDT exit=2026-07-30 03:32:08 미매칭수량=0.27000000 orderID=230002018782 tradeID=None
2026-08-02 23:32:08,028 [WARNING] [진입유실 방지 자동보정] SHORT SOL/USDT:USDT exit=2026-07-30 20:09:26 미매칭수량=0.32000000 orderID=230154249399 tradeID=None
2026-08-02 23:32:08,028 [WARNING] [진입유실 방지 자동보정] SHORT SOL/USDT:USDT exit=2026-07-30 20:37:48 미매칭수량=0.32000000 orderID=230157644550 tradeID=None
2026-08-02 23:32:08,028 [WARNING] [진입유실 방지 자동보정] SHORT SOL/USDT:USDT exit=2026-08-01 10:32:26 미매칭수량=0.29000000 orderID=230440972735 tradeID=None
2026-08-02 23:32:08,028 [WARNING] [진입유실 방지 자동보정] LONG SOL/USDT:USDT exit=2026-08-02 01:55:54 미매칭수량=0.25000000 orderID=230506472518 tradeID=None
2026-08-02 23:32:08,028 [WARNING] [진입유실 방지 자동보정] LONG SOL/USDT:USDT exit=2026-08-02 03:24:55 미매칭수량=0.20000000 orderID=230517041657 tradeID=None
2026-08-02 23:32:08,028 [WARNING] [진입유실 방지 자동보정] LONG XRP/USDT:USDT exit=2026-07-30 03:32:09 미매칭수량=14.70000000 orderID=154591436270 tradeID=None
2026-08-02 23:32:08,029 [WARNING] [진입유실 방지 자동보정] LONG XRP/USDT:USDT exit=2026-07-30 08:06:13 미매칭수량=18.50000000 orderID=154605732461 tradeID=None
2026-08-02 23:32:08,029 [WARNING] [진입유실 방지 자동보정] LONG XRP/USDT:USDT exit=2026-07-30 22:11:04 미매칭수량=17.50000000 orderID=154637963852 tradeID=None
2026-08-02 23:32:08,029 [WARNING] [진입유실 방지 자동보정] SHORT XRP/USDT:USDT exit=2026-07-31 15:18:55 미매칭수량=28.50000000 orderID=154681353788 tradeID=None
2026-08-02 23:32:08,029 [WARNING] [진입유실 방지 자동보정] LONG XRP/USDT:USDT exit=2026-08-02 07:48:27 미매칭수량=6.70000000 orderID=154765042288 tradeID=None
2026-08-02 23:32:08,029 [WARNING] [진입유실 방지 자동보정] LONG XRP/USDT:USDT exit=2026-08-02 08:25:19 미매칭수량=6.70000000 orderID=154766072211 tradeID=None
2026-08-02 23:32:08,029 [WARNING] [진입유실 방지 자동보정] LONG XRP/USDT:USDT exit=2026-08-02 11:07:15 미매칭수량=16.80000000 orderID=154770811661 tradeID=None
2026-08-02 23:32:08,029 [WARNING] [진입유실 방지 자동보정] SHORT 1000PEPE/USDT:USDT exit=2026-08-02 02:31:36 미매칭수량=1968.00000000 orderID=61389681657 tradeID=None
2026-08-02 23:32:08,029 [WARNING] [진입유실 방지 자동보정] SHORT 1000PEPE/USDT:USDT exit=2026-08-02 02:52:29 미매칭수량=1969.00000000 orderID=61390079427 tradeID=None
2026-08-02 23:32:08,029 [WARNING] [진입유실 방지 자동보정] SHORT 1000PEPE/USDT:USDT exit=2026-08-02 09:25:39 미매칭수량=7585.00000000 orderID=61394822102 tradeID=None
2026-08-02 23:32:08,029 [WARNING] [진입유실 방지 자동보정] SHORT IDOL/USDT:USDT exit=2026-08-02 10:17:17 미매칭수량=445.00000000 orderID=523897304 tradeID=None
2026-08-02 23:32:23,087 [INFO] [SCAN] 블랙리스트 5개 제외: ['IP/USDT:USDT', 'NES/USDT:USDT', 'WLD/USDT:USDT', 'XAG/USDT:USDT', 'XAU/USDT:USDT', 'XAUT/USDT:USDT']
2026-08-02 23:32:23,090 [INFO] [SCAN] 스캔 시작: 30개 페어 (캐시 31개 보유)
2026-08-02 23:32:33,308 [INFO] [상태] 잔고:$9.79 | 포지션:2개 | 스캔:55회 | 스캐너:ON
2026-08-02 23:32:37,399 [INFO] [SCAN] 완료: 30개 종목 · 신호 0개 · API 호출 30회 · 캐시 히트 0회
2026-08-02 23:32:38,336 [WARNING] [진입유실 방지 자동보정] LONG 1000SHIB/USDT:USDT exit=2026-07-27 04:30:21 미매칭수량=2189.00000000 orderID=31388901395 tradeID=None
2026-08-02 23:32:38,336 [WARNING] [진입유실 방지 자동보정] SHORT 1000SHIB/USDT:USDT exit=2026-07-27 07:36:19 미매칭수량=1348.00000000 orderID=31393184616 tradeID=None
2026-08-02 23:32:38,336 [WARNING] [진입유실 방지 자동보정] SHORT 1000SHIB/USDT:USDT exit=2026-07-27 11:51:02 미매칭수량=1844.00000000 orderID=31400541745 tradeID=None
2026-08-02 23:32:38,336 [WARNING] [진입유실 방지 자동보정] SHORT 1000SHIB/USDT:USDT exit=2026-07-28 06:12:27 미매칭수량=2192.00000000 orderID=31421063023 tradeID=None
2026-08-02 23:32:38,336 [WARNING] [진입유실 방지 자동보정] SHORT 1000SHIB/USDT:USDT exit=2026-08-02 01:13:53 미매칭수량=1073.00000000 orderID=31502817166 tradeID=None
2026-08-02 23:32:38,336 [WARNING] [진입유실 방지 자동보정] SHORT 1000SHIB/USDT:USDT exit=2026-08-02 02:01:20 미매칭수량=1074.00000000 orderID=31504220662 tradeID=None
2026-08-02 23:32:38,336 [WARNING] [진입유실 방지 자동보정] SHORT 1000SHIB/USDT:USDT exit=2026-08-02 09:45:32 미매칭수량=2285.00000000 orderID=31510623049 tradeID=None
2026-08-02 23:32:38,336 [WARNING] [진입유실 방지 자동보정] SHORT 1000SHIB/USDT:USDT exit=2026-08-02 10:35:19 미매칭수량=2280.00000000 orderID=31511192196 tradeID=None
2026-08-02 23:32:38,336 [WARNING] [진입유실 방지 자동보정] LONG DOGE/USDT:USDT exit=2026-07-28 09:50:41 미매칭수량=163.00000000 orderID=100915175009 tradeID=None
2026-08-02 23:32:38,336 [WARNING] [진입유실 방지 자동보정] SHORT DOGE/USDT:USDT exit=2026-07-28 20:36:48 미매칭수량=357.00000000 orderID=100925180835 tradeID=None
2026-08-02 23:32:38,336 [WARNING] [진입유실 방지 자동보정] SHORT DOGE/USDT:USDT exit=2026-07-28 23:00:41 미매칭수량=286.00000000 orderID=100927596061 tradeID=None
2026-08-02 23:32:38,336 [WARNING] [진입유실 방지 자동보정] SHORT DOGE/USDT:USDT exit=2026-07-30 20:51:14 미매칭수량=345.00000000 orderID=100976583122 tradeID=None
2026-08-02 23:32:38,336 [WARNING] [진입유실 방지 자동보정] SHORT DOGE/USDT:USDT exit=2026-07-31 10:01:31 미매칭수량=334.00000000 orderID=100988356319 tradeID=None
2026-08-02 23:32:38,336 [WARNING] [진입유실 방지 자동보정] SHORT DOGE/USDT:USDT exit=2026-08-01 18:02:18 미매칭수량=306.00000000 orderID=101015266902 tradeID=None
2026-08-02 23:32:38,336 [WARNING] [진입유실 방지 자동보정] LONG DOGE/USDT:USDT exit=2026-08-02 11:07:47 미매칭수량=259.00000000 orderID=101028099752 tradeID=None
2026-08-02 23:32:38,337 [WARNING] [진입유실 방지 자동보정] SHORT SOL/USDT:USDT exit=2026-07-29 22:32:08 미매칭수량=0.26000000 orderID=229957663104 tradeID=None
2026-08-02 23:32:38,337 [WARNING] [진입유실 방지 자동보정] LONG SOL/USDT:USDT exit=2026-07-30 02:59:19 미매칭수량=0.33000000 orderID=229996023316 tradeID=None
2026-08-02 23:32:38,337 [WARNING] [진입유실 방지 자동보정] LONG SOL/USDT:USDT exit=2026-07-30 03:32:08 미매칭수량=0.27000000 orderID=230002018782 tradeID=None
2026-08-02 23:32:38,337 [WARNING] [진입유실 방지 자동보정] SHORT SOL/USDT:USDT exit=2026-07-30 20:09:26 미매칭수량=0.32000000 orderID=230154249399 tradeID=None
2026-08-02 23:32:38,337 [WARNING] [진입유실 방지 자동보정] SHORT SOL/USDT:USDT exit=2026-07-30 20:37:48 미매칭수량=0.32000000 orderID=230157644550 tradeID=None
2026-08-02 23:32:38,337 [WARNING] [진입유실 방지 자동보정] SHORT SOL/USDT:USDT exit=2026-08-01 10:32:26 미매칭수량=0.29000000 orderID=230440972735 tradeID=None
2026-08-02 23:32:38,337 [WARNING] [진입유실 방지 자동보정] LONG SOL/USDT:USDT exit=2026-08-02 01:55:54 미매칭수량=0.25000000 orderID=230506472518 tradeID=None
2026-08-02 23:32:38,337 [WARNING] [진입유실 방지 자동보정] LONG SOL/USDT:USDT exit=2026-08-02 03:24:55 미매칭수량=0.20000000 orderID=230517041657 tradeID=None
2026-08-02 23:32:38,337 [WARNING] [진입유실 방지 자동보정] LONG XRP/USDT:USDT exit=2026-07-30 03:32:09 미매칭수량=14.70000000 orderID=154591436270 tradeID=None
2026-08-02 23:32:38,337 [WARNING] [진입유실 방지 자동보정] LONG XRP/USDT:USDT exit=2026-07-30 08:06:13 미매칭수량=18.50000000 orderID=154605732461 tradeID=None
2026-08-02 23:32:38,337 [WARNING] [진입유실 방지 자동보정] LONG XRP/USDT:USDT exit=2026-07-30 22:11:04 미매칭수량=17.50000000 orderID=154637963852 tradeID=None
2026-08-02 23:32:38,337 [WARNING] [진입유실 방지 자동보정] SHORT XRP/USDT:USDT exit=2026-07-31 15:18:55 미매칭수량=28.50000000 orderID=154681353788 tradeID=None
2026-08-02 23:32:38,337 [WARNING] [진입유실 방지 자동보정] LONG XRP/USDT:USDT exit=2026-08-02 07:48:27 미매칭수량=6.70000000 orderID=154765042288 tradeID=None
2026-08-02 23:32:38,337 [WARNING] [진입유실 방지 자동보정] LONG XRP/USDT:USDT exit=2026-08-02 08:25:19 미매칭수량=6.70000000 orderID=154766072211 tradeID=None
2026-08-02 23:32:38,337 [WARNING] [진입유실 방지 자동보정] LONG XRP/USDT:USDT exit=2026-08-02 11:07:15 미매칭수량=16.80000000 orderID=154770811661 tradeID=None
2026-08-02 23:32:38,337 [WARNING] [진입유실 방지 자동보정] SHORT 1000PEPE/USDT:USDT exit=2026-08-02 02:31:36 미매칭수량=1968.00000000 orderID=61389681657 tradeID=None
2026-08-02 23:32:38,337 [WARNING] [진입유실 방지 자동보정] SHORT 1000PEPE/USDT:USDT exit=2026-08-02 02:52:29 미매칭수량=1969.00000000 orderID=61390079427 tradeID=None
2026-08-02 23:32:38,337 [WARNING] [진입유실 방지 자동보정] SHORT 1000PEPE/USDT:USDT exit=2026-08-02 09:25:39 미매칭수량=7585.00000000 orderID=61394822102 tradeID=None
2026-08-02 23:32:38,337 [WARNING] [진입유실 방지 자동보정] SHORT IDOL/USDT:USDT exit=2026-08-02 10:17:17 미매칭수량=445.00000000 orderID=523897304 tradeID=None
2026-08-02 23:32:52,603 [INFO] [SCAN] 블랙리스트 5개 제외: ['IP/USDT:USDT', 'NES/USDT:USDT', 'WLD/USDT:USDT', 'XAG/USDT:USDT', 'XAU/USDT:USDT', 'XAUT/USDT:USDT']
2026-08-02 23:32:52,605 [INFO] [SCAN] 스캔 시작: 30개 페어 (캐시 31개 보유)
2026-08-02 23:33:06,796 [INFO] [SCAN] 완료: 30개 종목 · 신호 0개 · API 호출 30회 · 캐시 히트 0회
2026-08-02 23:33:06,990 [WARNING] [PROTECT GUARD] BNB/USDT:USDT LONG 보호주문 없음(무방비) → TP/SL 재무장 시도
2026-08-02 23:33:08,390 [WARNING] [진입유실 방지 자동보정] LONG 1000SHIB/USDT:USDT exit=2026-07-27 04:30:21 미매칭수량=2189.00000000 orderID=31388901395 tradeID=None
2026-08-02 23:33:08,390 [WARNING] [진입유실 방지 자동보정] SHORT 1000SHIB/USDT:USDT exit=2026-07-27 07:36:19 미매칭수량=1348.00000000 orderID=31393184616 tradeID=None
2026-08-02 23:33:08,390 [WARNING] [진입유실 방지 자동보정] SHORT 1000SHIB/USDT:USDT exit=2026-07-27 11:51:02 미매칭수량=1844.00000000 orderID=31400541745 tradeID=None
2026-08-02 23:33:08,390 [WARNING] [진입유실 방지 자동보정] SHORT 1000SHIB/USDT:USDT exit=2026-07-28 06:12:27 미매칭수량=2192.00000000 orderID=31421063023 tradeID=None
2026-08-02 23:33:08,390 [WARNING] [진입유실 방지 자동보정] SHORT 1000SHIB/USDT:USDT exit=2026-08-02 01:13:53 미매칭수량=1073.00000000 orderID=31502817166 tradeID=None
2026-08-02 23:33:08,390 [WARNING] [진입유실 방지 자동보정] SHORT 1000SHIB/USDT:USDT exit=2026-08-02 02:01:20 미매칭수량=1074.00000000 orderID=31504220662 tradeID=None
2026-08-02 23:33:08,390 [WARNING] [진입유실 방지 자동보정] SHORT 1000SHIB/USDT:USDT exit=2026-08-02 09:45:32 미매칭수량=2285.00000000 orderID=31510623049 tradeID=None
2026-08-02 23:33:08,390 [WARNING] [진입유실 방지 자동보정] SHORT 1000SHIB/USDT:USDT exit=2026-08-02 10:35:19 미매칭수량=2280.00000000 orderID=31511192196 tradeID=None
2026-08-02 23:33:08,390 [WARNING] [진입유실 방지 자동보정] LONG DOGE/USDT:USDT exit=2026-07-28 09:50:41 미매칭수량=163.00000000 orderID=100915175009 tradeID=None
2026-08-02 23:33:08,391 [WARNING] [진입유실 방지 자동보정] SHORT DOGE/USDT:USDT exit=2026-07-28 20:36:48 미매칭수량=357.00000000 orderID=100925180835 tradeID=None
2026-08-02 23:33:08,391 [WARNING] [진입유실 방지 자동보정] SHORT DOGE/USDT:USDT exit=2026-07-28 23:00:41 미매칭수량=286.00000000 orderID=100927596061 tradeID=None
2026-08-02 23:33:08,391 [WARNING] [진입유실 방지 자동보정] SHORT DOGE/USDT:USDT exit=2026-07-30 20:51:14 미매칭수량=345.00000000 orderID=100976583122 tradeID=None
2026-08-02 23:33:08,391 [WARNING] [진입유실 방지 자동보정] SHORT DOGE/USDT:USDT exit=2026-07-31 10:01:31 미매칭수량=334.00000000 orderID=100988356319 tradeID=None
2026-08-02 23:33:08,391 [WARNING] [진입유실 방지 자동보정] SHORT DOGE/USDT:USDT exit=2026-08-01 18:02:18 미매칭수량=306.00000000 orderID=101015266902 tradeID=None
2026-08-02 23:33:08,391 [WARNING] [진입유실 방지 자동보정] LONG DOGE/USDT:USDT exit=2026-08-02 11:07:47 미매칭수량=259.00000000 orderID=101028099752 tradeID=None
2026-08-02 23:33:08,391 [WARNING] [진입유실 방지 자동보정] SHORT SOL/USDT:USDT exit=2026-07-29 22:32:08 미매칭수량=0.26000000 orderID=229957663104 tradeID=None
2026-08-02 23:33:08,391 [WARNING] [진입유실 방지 자동보정] LONG SOL/USDT:USDT exit=2026-07-30 02:59:19 미매칭수량=0.33000000 orderID=229996023316 tradeID=None
2026-08-02 23:33:08,391 [WARNING] [진입유실 방지 자동보정] LONG SOL/USDT:USDT exit=2026-07-30 03:32:08 미매칭수량=0.27000000 orderID=230002018782 tradeID=None
2026-08-02 23:33:08,391 [WARNING] [진입유실 방지 자동보정] SHORT SOL/USDT:USDT exit=2026-07-30 20:09:26 미매칭수량=0.32000000 orderID=230154249399 tradeID=None
2026-08-02 23:33:08,391 [WARNING] [진입유실 방지 자동보정] SHORT SOL/USDT:USDT exit=2026-07-30 20:37:48 미매칭수량=0.32000000 orderID=230157644550 tradeID=None
2026-08-02 23:33:08,391 [WARNING] [진입유실 방지 자동보정] SHORT SOL/USDT:USDT exit=2026-08-01 10:32:26 미매칭수량=0.29000000 orderID=230440972735 tradeID=None
2026-08-02 23:33:08,391 [WARNING] [진입유실 방지 자동보정] LONG SOL/USDT:USDT exit=2026-08-02 01:55:54 미매칭수량=0.25000000 orderID=230506472518 tradeID=None
2026-08-02 23:33:08,391 [WARNING] [진입유실 방지 자동보정] LONG SOL/USDT:USDT exit=2026-08-02 03:24:55 미매칭수량=0.20000000 orderID=230517041657 tradeID=None
2026-08-02 23:33:08,391 [WARNING] [진입유실 방지 자동보정] LONG XRP/USDT:USDT exit=2026-07-30 03:32:09 미매칭수량=14.70000000 orderID=154591436270 tradeID=None
2026-08-02 23:33:08,391 [WARNING] [진입유실 방지 자동보정] LONG XRP/USDT:USDT exit=2026-07-30 08:06:13 미매칭수량=18.50000000 orderID=154605732461 tradeID=None
2026-08-02 23:33:08,391 [WARNING] [진입유실 방지 자동보정] LONG XRP/USDT:USDT exit=2026-07-30 22:11:04 미매칭수량=17.50000000 orderID=154637963852 tradeID=None
2026-08-02 23:33:08,391 [WARNING] [진입유실 방지 자동보정] SHORT XRP/USDT:USDT exit=2026-07-31 15:18:55 미매칭수량=28.50000000 orderID=154681353788 tradeID=None
2026-08-02 23:33:08,391 [WARNING] [진입유실 방지 자동보정] LONG XRP/USDT:USDT exit=2026-08-02 07:48:27 미매칭수량=6.70000000 orderID=154765042288 tradeID=None
2026-08-02 23:33:08,391 [WARNING] [진입유실 방지 자동보정] LONG XRP/USDT:USDT exit=2026-08-02 08:25:19 미매칭수량=6.70000000 orderID=154766072211 tradeID=None
2026-08-02 23:33:08,391 [WARNING] [진입유실 방지 자동보정] LONG XRP/USDT:USDT exit=2026-08-02 11:07:15 미매칭수량=16.80000000 orderID=154770811661 tradeID=None
2026-08-02 23:33:08,391 [WARNING] [진입유실 방지 자동보정] SHORT 1000PEPE/USDT:USDT exit=2026-08-02 02:31:36 미매칭수량=1968.00000000 orderID=61389681657 tradeID=None
2026-08-02 23:33:08,391 [WARNING] [진입유실 방지 자동보정] SHORT 1000PEPE/USDT:USDT exit=2026-08-02 02:52:29 미매칭수량=1969.00000000 orderID=61390079427 tradeID=None
2026-08-02 23:33:08,391 [WARNING] [진입유실 방지 자동보정] SHORT 1000PEPE/USDT:USDT exit=2026-08-02 09:25:39 미매칭수량=7585.00000000 orderID=61394822102 tradeID=None
2026-08-02 23:33:08,391 [WARNING] [진입유실 방지 자동보정] SHORT IDOL/USDT:USDT exit=2026-08-02 10:17:17 미매칭수량=445.00000000 orderID=523897304 tradeID=None
2026-08-02 23:33:09,893 [ERROR] [PROTECT REARM] BNB/USDT:USDT long TP/SL 보호주문 재설정 실패: binance {"code":-4130,"msg":"An open stop or take profit order with GTE and closePosition in the direction is existing."}
2026-08-02 23:33:09,893 [ERROR] [PROTECT GUARD] BNB/USDT:USDT LONG 보호주문 재무장 실패 — 수동 확인 필요
2026-08-02 23:33:09,988 [WARNING] [PROTECT GUARD] HOME/USDT:USDT LONG 보호주문 없음(무방비) → TP/SL 재무장 시도
2026-08-02 23:33:12,902 [ERROR] [PROTECT REARM] HOME/USDT:USDT long TP/SL 보호주문 재설정 실패: binance {"code":-4130,"msg":"An open stop or take profit order with GTE and closePosition in the direction is existing."}
2026-08-02 23:33:12,902 [ERROR] [PROTECT GUARD] HOME/USDT:USDT LONG 보호주문 재무장 실패 — 수동 확인 필요
2026-08-02 23:33:28,154 [INFO] [SCAN] 블랙리스트 5개 제외: ['IP/USDT:USDT', 'NES/USDT:USDT', 'WLD/USDT:USDT', 'XAG/USDT:USDT', 'XAU/USDT:USDT', 'XAUT/USDT:USDT']
2026-08-02 23:33:28,155 [INFO] [SCAN] 스캔 시작: 30개 페어 (캐시 31개 보유)
2026-08-02 23:33:33,609 [INFO] [상태] 잔고:$9.81 | 포지션:2개 | 스캔:57회 | 스캐너:ON
2026-08-02 23:33:38,641 [WARNING] [진입유실 방지 자동보정] LONG 1000SHIB/USDT:USDT exit=2026-07-27 04:30:21 미매칭수량=2189.00000000 orderID=31388901395 tradeID=None
2026-08-02 23:33:38,641 [WARNING] [진입유실 방지 자동보정] SHORT 1000SHIB/USDT:USDT exit=2026-07-27 07:36:19 미매칭수량=1348.00000000 orderID=31393184616 tradeID=None
2026-08-02 23:33:38,641 [WARNING] [진입유실 방지 자동보정] SHORT 1000SHIB/USDT:USDT exit=2026-07-27 11:51:02 미매칭수량=1844.00000000 orderID=31400541745 tradeID=None
2026-08-02 23:33:38,641 [WARNING] [진입유실 방지 자동보정] SHORT 1000SHIB/USDT:USDT exit=2026-07-28 06:12:27 미매칭수량=2192.00000000 orderID=31421063023 tradeID=None
2026-08-02 23:33:38,641 [WARNING] [진입유실 방지 자동보정] SHORT 1000SHIB/USDT:USDT exit=2026-08-02 01:13:53 미매칭수량=1073.00000000 orderID=31502817166 tradeID=None
2026-08-02 23:33:38,641 [WARNING] [진입유실 방지 자동보정] SHORT 1000SHIB/USDT:USDT exit=2026-08-02 02:01:20 미매칭수량=1074.00000000 orderID=31504220662 tradeID=None
2026-08-02 23:33:38,641 [WARNING] [진입유실 방지 자동보정] SHORT 1000SHIB/USDT:USDT exit=2026-08-02 09:45:32 미매칭수량=2285.00000000 orderID=31510623049 tradeID=None
2026-08-02 23:33:38,641 [WARNING] [진입유실 방지 자동보정] SHORT 1000SHIB/USDT:USDT exit=2026-08-02 10:35:19 미매칭수량=2280.00000000 orderID=31511192196 tradeID=None
2026-08-02 23:33:38,641 [WARNING] [진입유실 방지 자동보정] LONG DOGE/USDT:USDT exit=2026-07-28 09:50:41 미매칭수량=163.00000000 orderID=100915175009 tradeID=None
2026-08-02 23:33:38,641 [WARNING] [진입유실 방지 자동보정] SHORT DOGE/USDT:USDT exit=2026-07-28 20:36:48 미매칭수량=357.00000000 orderID=100925180835 tradeID=None
2026-08-02 23:33:38,641 [WARNING] [진입유실 방지 자동보정] SHORT DOGE/USDT:USDT exit=2026-07-28 23:00:41 미매칭수량=286.00000000 orderID=100927596061 tradeID=None
2026-08-02 23:33:38,641 [WARNING] [진입유실 방지 자동보정] SHORT DOGE/USDT:USDT exit=2026-07-30 20:51:14 미매칭수량=345.00000000 orderID=100976583122 tradeID=None
2026-08-02 23:33:38,641 [WARNING] [진입유실 방지 자동보정] SHORT DOGE/USDT:USDT exit=2026-07-31 10:01:31 미매칭수량=334.00000000 orderID=100988356319 tradeID=None
2026-08-02 23:33:38,641 [WARNING] [진입유실 방지 자동보정] SHORT DOGE/USDT:USDT exit=2026-08-01 18:02:18 미매칭수량=306.00000000 orderID=101015266902 tradeID=None
2026-08-02 23:33:38,641 [WARNING] [진입유실 방지 자동보정] LONG DOGE/USDT:USDT exit=2026-08-02 11:07:47 미매칭수량=259.00000000 orderID=101028099752 tradeID=None
2026-08-02 23:33:38,641 [WARNING] [진입유실 방지 자동보정] SHORT SOL/USDT:USDT exit=2026-07-29 22:32:08 미매칭수량=0.26000000 orderID=229957663104 tradeID=None
2026-08-02 23:33:38,641 [WARNING] [진입유실 방지 자동보정] LONG SOL/USDT:USDT exit=2026-07-30 02:59:19 미매칭수량=0.33000000 orderID=229996023316 tradeID=None
2026-08-02 23:33:38,641 [WARNING] [진입유실 방지 자동보정] LONG SOL/USDT:USDT exit=2026-07-30 03:32:08 미매칭수량=0.27000000 orderID=230002018782 tradeID=None
2026-08-02 23:33:38,641 [WARNING] [진입유실 방지 자동보정] SHORT SOL/USDT:USDT exit=2026-07-30 20:09:26 미매칭수량=0.32000000 orderID=230154249399 tradeID=None
2026-08-02 23:33:38,641 [WARNING] [진입유실 방지 자동보정] SHORT SOL/USDT:USDT exit=2026-07-30 20:37:48 미매칭수량=0.32000000 orderID=230157644550 tradeID=None
2026-08-02 23:33:38,642 [WARNING] [진입유실 방지 자동보정] SHORT SOL/USDT:USDT exit=2026-08-01 10:32:26 미매칭수량=0.29000000 orderID=230440972735 tradeID=None
2026-08-02 23:33:38,642 [WARNING] [진입유실 방지 자동보정] LONG SOL/USDT:USDT exit=2026-08-02 01:55:54 미매칭수량=0.25000000 orderID=230506472518 tradeID=None
2026-08-02 23:33:38,642 [WARNING] [진입유실 방지 자동보정] LONG SOL/USDT:USDT exit=2026-08-02 03:24:55 미매칭수량=0.20000000 orderID=230517041657 tradeID=None
2026-08-02 23:33:38,642 [WARNING] [진입유실 방지 자동보정] LONG XRP/USDT:USDT exit=2026-07-30 03:32:09 미매칭수량=14.70000000 orderID=154591436270 tradeID=None
2026-08-02 23:33:38,642 [WARNING] [진입유실 방지 자동보정] LONG XRP/USDT:USDT exit=2026-07-30 08:06:13 미매칭수량=18.50000000 orderID=154605732461 tradeID=None
2026-08-02 23:33:38,642 [WARNING] [진입유실 방지 자동보정] LONG XRP/USDT:USDT exit=2026-07-30 22:11:04 미매칭수량=17.50000000 orderID=154637963852 tradeID=None
2026-08-02 23:33:38,642 [WARNING] [진입유실 방지 자동보정] SHORT XRP/USDT:USDT exit=2026-07-31 15:18:55 미매칭수량=28.50000000 orderID=154681353788 tradeID=None
2026-08-02 23:33:38,642 [WARNING] [진입유실 방지 자동보정] LONG XRP/USDT:USDT exit=2026-08-02 07:48:27 미매칭수량=6.70000000 orderID=154765042288 tradeID=None
2026-08-02 23:33:38,642 [WARNING] [진입유실 방지 자동보정] LONG XRP/USDT:USDT exit=2026-08-02 08:25:19 미매칭수량=6.70000000 orderID=154766072211 tradeID=None
2026-08-02 23:33:38,642 [WARNING] [진입유실 방지 자동보정] LONG XRP/USDT:USDT exit=2026-08-02 11:07:15 미매칭수량=16.80000000 orderID=154770811661 tradeID=None
2026-08-02 23:33:38,642 [WARNING] [진입유실 방지 자동보정] SHORT 1000PEPE/USDT:USDT exit=2026-08-02 02:31:36 미매칭수량=1968.00000000 orderID=61389681657 tradeID=None
2026-08-02 23:33:38,642 [WARNING] [진입유실 방지 자동보정] SHORT 1000PEPE/USDT:USDT exit=2026-08-02 02:52:29 미매칭수량=1969.00000000 orderID=61390079427 tradeID=None
2026-08-02 23:33:38,642 [WARNING] [진입유실 방지 자동보정] SHORT 1000PEPE/USDT:USDT exit=2026-08-02 09:25:39 미매칭수량=7585.00000000 orderID=61394822102 tradeID=None
2026-08-02 23:33:38,642 [WARNING] [진입유실 방지 자동보정] SHORT IDOL/USDT:USDT exit=2026-08-02 10:17:17 미매칭수량=445.00000000 orderID=523897304 tradeID=None
2026-08-02 23:33:42,383 [INFO] [SCAN] 완료: 30개 종목 · 신호 0개 · API 호출 30회 · 캐시 히트 0회
2026-08-02 23:33:57,564 [INFO] [SCAN] 블랙리스트 5개 제외: ['IP/USDT:USDT', 'NES/USDT:USDT', 'WLD/USDT:USDT', 'XAG/USDT:USDT', 'XAU/USDT:USDT', 'XAUT/USDT:USDT']
2026-08-02 23:33:57,565 [INFO] [SCAN] 스캔 시작: 30개 페어 (캐시 31개 보유)
2026-08-02 23:34:08,680 [WARNING] [진입유실 방지 자동보정] LONG 1000SHIB/USDT:USDT exit=2026-07-27 04:30:21 미매칭수량=2189.00000000 orderID=31388901395 tradeID=None
2026-08-02 23:34:08,681 [WARNING] [진입유실 방지 자동보정] SHORT 1000SHIB/USDT:USDT exit=2026-07-27 07:36:19 미매칭수량=1348.00000000 orderID=31393184616 tradeID=None
2026-08-02 23:34:08,681 [WARNING] [진입유실 방지 자동보정] SHORT 1000SHIB/USDT:USDT exit=2026-07-27 11:51:02 미매칭수량=1844.00000000 orderID=31400541745 tradeID=None
2026-08-02 23:34:08,681 [WARNING] [진입유실 방지 자동보정] SHORT 1000SHIB/USDT:USDT exit=2026-07-28 06:12:27 미매칭수량=2192.00000000 orderID=31421063023 tradeID=None
2026-08-02 23:34:08,681 [WARNING] [진입유실 방지 자동보정] SHORT 1000SHIB/USDT:USDT exit=2026-08-02 01:13:53 미매칭수량=1073.00000000 orderID=31502817166 tradeID=None
2026-08-02 23:34:08,681 [WARNING] [진입유실 방지 자동보정] SHORT 1000SHIB/USDT:USDT exit=2026-08-02 02:01:20 미매칭수량=1074.00000000 orderID=31504220662 tradeID=None
2026-08-02 23:34:08,681 [WARNING] [진입유실 방지 자동보정] SHORT 1000SHIB/USDT:USDT exit=2026-08-02 09:45:32 미매칭수량=2285.00000000 orderID=31510623049 tradeID=None
2026-08-02 23:34:08,682 [WARNING] [진입유실 방지 자동보정] SHORT 1000SHIB/USDT:USDT exit=2026-08-02 10:35:19 미매칭수량=2280.00000000 orderID=31511192196 tradeID=None
2026-08-02 23:34:08,682 [WARNING] [진입유실 방지 자동보정] LONG DOGE/USDT:USDT exit=2026-07-28 09:50:41 미매칭수량=163.00000000 orderID=100915175009 tradeID=None
2026-08-02 23:34:08,682 [WARNING] [진입유실 방지 자동보정] SHORT DOGE/USDT:USDT exit=2026-07-28 20:36:48 미매칭수량=357.00000000 orderID=100925180835 tradeID=None
2026-08-02 23:34:08,682 [WARNING] [진입유실 방지 자동보정] SHORT DOGE/USDT:USDT exit=2026-07-28 23:00:41 미매칭수량=286.00000000 orderID=100927596061 tradeID=None
2026-08-02 23:34:08,682 [WARNING] [진입유실 방지 자동보정] SHORT DOGE/USDT:USDT exit=2026-07-30 20:51:14 미매칭수량=345.00000000 orderID=100976583122 tradeID=None
2026-08-02 23:34:08,682 [WARNING] [진입유실 방지 자동보정] SHORT DOGE/USDT:USDT exit=2026-07-31 10:01:31 미매칭수량=334.00000000 orderID=100988356319 tradeID=None
2026-08-02 23:34:08,682 [WARNING] [진입유실 방지 자동보정] SHORT DOGE/USDT:USDT exit=2026-08-01 18:02:18 미매칭수량=306.00000000 orderID=101015266902 tradeID=None
2026-08-02 23:34:08,682 [WARNING] [진입유실 방지 자동보정] LONG DOGE/USDT:USDT exit=2026-08-02 11:07:47 미매칭수량=259.00000000 orderID=101028099752 tradeID=None
2026-08-02 23:34:08,682 [WARNING] [진입유실 방지 자동보정] SHORT SOL/USDT:USDT exit=2026-07-29 22:32:08 미매칭수량=0.26000000 orderID=229957663104 tradeID=None
2026-08-02 23:34:08,682 [WARNING] [진입유실 방지 자동보정] LONG SOL/USDT:USDT exit=2026-07-30 02:59:19 미매칭수량=0.33000000 orderID=229996023316 tradeID=None
2026-08-02 23:34:08,682 [WARNING] [진입유실 방지 자동보정] LONG SOL/USDT:USDT exit=2026-07-30 03:32:08 미매칭수량=0.27000000 orderID=230002018782 tradeID=None
2026-08-02 23:34:08,682 [WARNING] [진입유실 방지 자동보정] SHORT SOL/USDT:USDT exit=2026-07-30 20:09:26 미매칭수량=0.32000000 orderID=230154249399 tradeID=None
2026-08-02 23:34:08,682 [WARNING] [진입유실 방지 자동보정] SHORT SOL/USDT:USDT exit=2026-07-30 20:37:48 미매칭수량=0.32000000 orderID=230157644550 tradeID=None
2026-08-02 23:34:08,682 [WARNING] [진입유실 방지 자동보정] SHORT SOL/USDT:USDT exit=2026-08-01 10:32:26 미매칭수량=0.29000000 orderID=230440972735 tradeID=None
2026-08-02 23:34:08,682 [WARNING] [진입유실 방지 자동보정] LONG SOL/USDT:USDT exit=2026-08-02 01:55:54 미매칭수량=0.25000000 orderID=230506472518 tradeID=None
2026-08-02 23:34:08,682 [WARNING] [진입유실 방지 자동보정] LONG SOL/USDT:USDT exit=2026-08-02 03:24:55 미매칭수량=0.20000000 orderID=230517041657 tradeID=None
2026-08-02 23:34:08,682 [WARNING] [진입유실 방지 자동보정] LONG XRP/USDT:USDT exit=2026-07-30 03:32:09 미매칭수량=14.70000000 orderID=154591436270 tradeID=None
2026-08-02 23:34:08,682 [WARNING] [진입유실 방지 자동보정] LONG XRP/USDT:USDT exit=2026-07-30 08:06:13 미매칭수량=18.50000000 orderID=154605732461 tradeID=None
2026-08-02 23:34:08,682 [WARNING] [진입유실 방지 자동보정] LONG XRP/USDT:USDT exit=2026-07-30 22:11:04 미매칭수량=17.50000000 orderID=154637963852 tradeID=None
2026-08-02 23:34:08,682 [WARNING] [진입유실 방지 자동보정] SHORT XRP/USDT:USDT exit=2026-07-31 15:18:55 미매칭수량=28.50000000 orderID=154681353788 tradeID=None
2026-08-02 23:34:08,683 [WARNING] [진입유실 방지 자동보정] LONG XRP/USDT:USDT exit=2026-08-02 07:48:27 미매칭수량=6.70000000 orderID=154765042288 tradeID=None
2026-08-02 23:34:08,683 [WARNING] [진입유실 방지 자동보정] LONG XRP/USDT:USDT exit=2026-08-02 08:25:19 미매칭수량=6.70000000 orderID=154766072211 tradeID=None
2026-08-02 23:34:08,683 [WARNING] [진입유실 방지 자동보정] LONG XRP/USDT:USDT exit=2026-08-02 11:07:15 미매칭수량=16.80000000 orderID=154770811661 tradeID=None
2026-08-02 23:34:08,683 [WARNING] [진입유실 방지 자동보정] SHORT 1000PEPE/USDT:USDT exit=2026-08-02 02:31:36 미매칭수량=1968.00000000 orderID=61389681657 tradeID=None
2026-08-02 23:34:08,683 [WARNING] [진입유실 방지 자동보정] SHORT 1000PEPE/USDT:USDT exit=2026-08-02 02:52:29 미매칭수량=1969.00000000 orderID=61390079427 tradeID=None
2026-08-02 23:34:08,683 [WARNING] [진입유실 방지 자동보정] SHORT 1000PEPE/USDT:USDT exit=2026-08-02 09:25:39 미매칭수량=7585.00000000 orderID=61394822102 tradeID=None
2026-08-02 23:34:08,683 [WARNING] [진입유실 방지 자동보정] SHORT IDOL/USDT:USDT exit=2026-08-02 10:17:17 미매칭수량=445.00000000 orderID=523897304 tradeID=None
2026-08-02 23:34:11,877 [INFO] [SCAN] 완료: 30개 종목 · 신호 0개 · API 호출 30회 · 캐시 히트 0회
2026-08-02 23:34:12,087 [WARNING] [PROTECT GUARD] BNB/USDT:USDT LONG 보호주문 없음(무방비) → TP/SL 재무장 시도
2026-08-02 23:34:15,004 [ERROR] [PROTECT REARM] BNB/USDT:USDT long TP/SL 보호주문 재설정 실패: binance {"code":-4130,"msg":"An open stop or take profit order with GTE and closePosition in the direction is existing."}
2026-08-02 23:34:15,004 [ERROR] [PROTECT GUARD] BNB/USDT:USDT LONG 보호주문 재무장 실패 — 수동 확인 필요
2026-08-02 23:34:15,097 [WARNING] [PROTECT GUARD] HOME/USDT:USDT LONG 보호주문 없음(무방비) → TP/SL 재무장 시도
2026-08-02 23:34:18,022 [ERROR] [PROTECT REARM] HOME/USDT:USDT long TP/SL 보호주문 재설정 실패: binance {"code":-4130,"msg":"An open stop or take profit order with GTE and closePosition in the direction is existing."}
2026-08-02 23:34:18,023 [ERROR] [PROTECT GUARD] HOME/USDT:USDT LONG 보호주문 재무장 실패 — 수동 확인 필요
2026-08-02 23:34:33,213 [INFO] [SCAN] 블랙리스트 5개 제외: ['IP/USDT:USDT', 'NES/USDT:USDT', 'WLD/USDT:USDT', 'XAG/USDT:USDT', 'XAU/USDT:USDT', 'XAUT/USDT:USDT']
2026-08-02 23:34:33,215 [INFO] [SCAN] 스캔 시작: 30개 페어 (캐시 31개 보유)
2026-08-02 23:34:35,405 [INFO] [상태] 잔고:$9.79 | 포지션:2개 | 스캔:59회 | 스캐너:ON
2026-08-02 23:34:40,443 [WARNING] [진입유실 방지 자동보정] LONG 1000SHIB/USDT:USDT exit=2026-07-27 04:30:21 미매칭수량=2189.00000000 orderID=31388901395 tradeID=None
2026-08-02 23:34:40,443 [WARNING] [진입유실 방지 자동보정] SHORT 1000SHIB/USDT:USDT exit=2026-07-27 07:36:19 미매칭수량=1348.00000000 orderID=31393184616 tradeID=None
2026-08-02 23:34:40,443 [WARNING] [진입유실 방지 자동보정] SHORT 1000SHIB/USDT:USDT exit=2026-07-27 11:51:02 미매칭수량=1844.00000000 orderID=31400541745 tradeID=None
2026-08-02 23:34:40,444 [WARNING] [진입유실 방지 자동보정] SHORT 1000SHIB/USDT:USDT exit=2026-07-28 06:12:27 미매칭수량=2192.00000000 orderID=31421063023 tradeID=None
2026-08-02 23:34:40,444 [WARNING] [진입유실 방지 자동보정] SHORT 1000SHIB/USDT:USDT exit=2026-08-02 01:13:53 미매칭수량=1073.00000000 orderID=31502817166 tradeID=None
2026-08-02 23:34:40,444 [WARNING] [진입유실 방지 자동보정] SHORT 1000SHIB/USDT:USDT exit=2026-08-02 02:01:20 미매칭수량=1074.00000000 orderID=31504220662 tradeID=None
2026-08-02 23:34:40,444 [WARNING] [진입유실 방지 자동보정] SHORT 1000SHIB/USDT:USDT exit=2026-08-02 09:45:32 미매칭수량=2285.00000000 orderID=31510623049 tradeID=None
2026-08-02 23:34:40,444 [WARNING] [진입유실 방지 자동보정] SHORT 1000SHIB/USDT:USDT exit=2026-08-02 10:35:19 미매칭수량=2280.00000000 orderID=31511192196 tradeID=None
2026-08-02 23:34:40,444 [WARNING] [진입유실 방지 자동보정] LONG DOGE/USDT:USDT exit=2026-07-28 09:50:41 미매칭수량=163.00000000 orderID=100915175009 tradeID=None
2026-08-02 23:34:40,444 [WARNING] [진입유실 방지 자동보정] SHORT DOGE/USDT:USDT exit=2026-07-28 20:36:48 미매칭수량=357.00000000 orderID=100925180835 tradeID=None
2026-08-02 23:34:40,444 [WARNING] [진입유실 방지 자동보정] SHORT DOGE/USDT:USDT exit=2026-07-28 23:00:41 미매칭수량=286.00000000 orderID=100927596061 tradeID=None
2026-08-02 23:34:40,444 [WARNING] [진입유실 방지 자동보정] SHORT DOGE/USDT:USDT exit=2026-07-30 20:51:14 미매칭수량=345.00000000 orderID=100976583122 tradeID=None
2026-08-02 23:34:40,444 [WARNING] [진입유실 방지 자동보정] SHORT DOGE/USDT:USDT exit=2026-07-31 10:01:31 미매칭수량=334.00000000 orderID=100988356319 tradeID=None
2026-08-02 23:34:40,444 [WARNING] [진입유실 방지 자동보정] SHORT DOGE/USDT:USDT exit=2026-08-01 18:02:18 미매칭수량=306.00000000 orderID=101015266902 tradeID=None
2026-08-02 23:34:40,444 [WARNING] [진입유실 방지 자동보정] LONG DOGE/USDT:USDT exit=2026-08-02 11:07:47 미매칭수량=259.00000000 orderID=101028099752 tradeID=None
2026-08-02 23:34:40,444 [WARNING] [진입유실 방지 자동보정] SHORT SOL/USDT:USDT exit=2026-07-29 22:32:08 미매칭수량=0.26000000 orderID=229957663104 tradeID=None
2026-08-02 23:34:40,444 [WARNING] [진입유실 방지 자동보정] LONG SOL/USDT:USDT exit=2026-07-30 02:59:19 미매칭수량=0.33000000 orderID=229996023316 tradeID=None
2026-08-02 23:34:40,444 [WARNING] [진입유실 방지 자동보정] LONG SOL/USDT:USDT exit=2026-07-30 03:32:08 미매칭수량=0.27000000 orderID=230002018782 tradeID=None
2026-08-02 23:34:40,444 [WARNING] [진입유실 방지 자동보정] SHORT SOL/USDT:USDT exit=2026-07-30 20:09:26 미매칭수량=0.32000000 orderID=230154249399 tradeID=None
2026-08-02 23:34:40,444 [WARNING] [진입유실 방지 자동보정] SHORT SOL/USDT:USDT exit=2026-07-30 20:37:48 미매칭수량=0.32000000 orderID=230157644550 tradeID=None
2026-08-02 23:34:40,444 [WARNING] [진입유실 방지 자동보정] SHORT SOL/USDT:USDT exit=2026-08-01 10:32:26 미매칭수량=0.29000000 orderID=230440972735 tradeID=None
2026-08-02 23:34:40,444 [WARNING] [진입유실 방지 자동보정] LONG SOL/USDT:USDT exit=2026-08-02 01:55:54 미매칭수량=0.25000000 orderID=230506472518 tradeID=None
2026-08-02 23:34:40,444 [WARNING] [진입유실 방지 자동보정] LONG SOL/USDT:USDT exit=2026-08-02 03:24:55 미매칭수량=0.20000000 orderID=230517041657 tradeID=None
2026-08-02 23:34:40,445 [WARNING] [진입유실 방지 자동보정] LONG XRP/USDT:USDT exit=2026-07-30 03:32:09 미매칭수량=14.70000000 orderID=154591436270 tradeID=None
2026-08-02 23:34:40,445 [WARNING] [진입유실 방지 자동보정] LONG XRP/USDT:USDT exit=2026-07-30 08:06:13 미매칭수량=18.50000000 orderID=154605732461 tradeID=None
2026-08-02 23:34:40,445 [WARNING] [진입유실 방지 자동보정] LONG XRP/USDT:USDT exit=2026-07-30 22:11:04 미매칭수량=17.50000000 orderID=154637963852 tradeID=None
2026-08-02 23:34:40,445 [WARNING] [진입유실 방지 자동보정] SHORT XRP/USDT:USDT exit=2026-07-31 15:18:55 미매칭수량=28.50000000 orderID=154681353788 tradeID=None
2026-08-02 23:34:40,445 [WARNING] [진입유실 방지 자동보정] LONG XRP/USDT:USDT exit=2026-08-02 07:48:27 미매칭수량=6.70000000 orderID=154765042288 tradeID=None
2026-08-02 23:34:40,445 [WARNING] [진입유실 방지 자동보정] LONG XRP/USDT:USDT exit=2026-08-02 08:25:19 미매칭수량=6.70000000 orderID=154766072211 tradeID=None
2026-08-02 23:34:40,445 [WARNING] [진입유실 방지 자동보정] LONG XRP/USDT:USDT exit=2026-08-02 11:07:15 미매칭수량=16.80000000 orderID=154770811661 tradeID=None
2026-08-02 23:34:40,445 [WARNING] [진입유실 방지 자동보정] SHORT 1000PEPE/USDT:USDT exit=2026-08-02 02:31:36 미매칭수량=1968.00000000 orderID=61389681657 tradeID=None
2026-08-02 23:34:40,445 [WARNING] [진입유실 방지 자동보정] SHORT 1000PEPE/USDT:USDT exit=2026-08-02 02:52:29 미매칭수량=1969.00000000 orderID=61390079427 tradeID=None
2026-08-02 23:34:40,445 [WARNING] [진입유실 방지 자동보정] SHORT 1000PEPE/USDT:USDT exit=2026-08-02 09:25:39 미매칭수량=7585.00000000 orderID=61394822102 tradeID=None
2026-08-02 23:34:40,445 [WARNING] [진입유실 방지 자동보정] SHORT IDOL/USDT:USDT exit=2026-08-02 10:17:17 미매칭수량=445.00000000 orderID=523897304 tradeID=None
2026-08-02 23:34:47,410 [INFO] [SCAN] 완료: 30개 종목 · 신호 0개 · API 호출 30회 · 캐시 히트 0회
2026-08-02 23:35:02,612 [INFO] [SCAN] 블랙리스트 5개 제외: ['IP/USDT:USDT', 'NES/USDT:USDT', 'WLD/USDT:USDT', 'XAG/USDT:USDT', 'XAU/USDT:USDT', 'XAUT/USDT:USDT']
2026-08-02 23:35:02,614 [INFO] [SCAN] 스캔 시작: 30개 페어 (캐시 31개 보유)
2026-08-02 23:35:10,514 [WARNING] [진입유실 방지 자동보정] LONG 1000SHIB/USDT:USDT exit=2026-07-27 04:30:21 미매칭수량=2189.00000000 orderID=31388901395 tradeID=None
2026-08-02 23:35:10,516 [WARNING] [진입유실 방지 자동보정] SHORT 1000SHIB/USDT:USDT exit=2026-07-27 07:36:19 미매칭수량=1348.00000000 orderID=31393184616 tradeID=None
2026-08-02 23:35:10,516 [WARNING] [진입유실 방지 자동보정] SHORT 1000SHIB/USDT:USDT exit=2026-07-27 11:51:02 미매칭수량=1844.00000000 orderID=31400541745 tradeID=None
2026-08-02 23:35:10,516 [WARNING] [진입유실 방지 자동보정] SHORT 1000SHIB/USDT:USDT exit=2026-07-28 06:12:27 미매칭수량=2192.00000000 orderID=31421063023 tradeID=None
2026-08-02 23:35:10,516 [WARNING] [진입유실 방지 자동보정] SHORT 1000SHIB/USDT:USDT exit=2026-08-02 01:13:53 미매칭수량=1073.00000000 orderID=31502817166 tradeID=None
2026-08-02 23:35:10,516 [WARNING] [진입유실 방지 자동보정] SHORT 1000SHIB/USDT:USDT exit=2026-08-02 02:01:20 미매칭수량=1074.00000000 orderID=31504220662 tradeID=None
2026-08-02 23:35:10,516 [WARNING] [진입유실 방지 자동보정] SHORT 1000SHIB/USDT:USDT exit=2026-08-02 09:45:32 미매칭수량=2285.00000000 orderID=31510623049 tradeID=None
2026-08-02 23:35:10,516 [WARNING] [진입유실 방지 자동보정] SHORT 1000SHIB/USDT:USDT exit=2026-08-02 10:35:19 미매칭수량=2280.00000000 orderID=31511192196 tradeID=None
2026-08-02 23:35:10,516 [WARNING] [진입유실 방지 자동보정] LONG DOGE/USDT:USDT exit=2026-07-28 09:50:41 미매칭수량=163.00000000 orderID=100915175009 tradeID=None
2026-08-02 23:35:10,516 [WARNING] [진입유실 방지 자동보정] SHORT DOGE/USDT:USDT exit=2026-07-28 20:36:48 미매칭수량=357.00000000 orderID=100925180835 tradeID=None
2026-08-02 23:35:10,516 [WARNING] [진입유실 방지 자동보정] SHORT DOGE/USDT:USDT exit=2026-07-28 23:00:41 미매칭수량=286.00000000 orderID=100927596061 tradeID=None
2026-08-02 23:35:10,516 [WARNING] [진입유실 방지 자동보정] SHORT DOGE/USDT:USDT exit=2026-07-30 20:51:14 미매칭수량=345.00000000 orderID=100976583122 tradeID=None
2026-08-02 23:35:10,516 [WARNING] [진입유실 방지 자동보정] SHORT DOGE/USDT:USDT exit=2026-07-31 10:01:31 미매칭수량=334.00000000 orderID=100988356319 tradeID=None
2026-08-02 23:35:10,516 [WARNING] [진입유실 방지 자동보정] SHORT DOGE/USDT:USDT exit=2026-08-01 18:02:18 미매칭수량=306.00000000 orderID=101015266902 tradeID=None
2026-08-02 23:35:10,516 [WARNING] [진입유실 방지 자동보정] LONG DOGE/USDT:USDT exit=2026-08-02 11:07:47 미매칭수량=259.00000000 orderID=101028099752 tradeID=None
2026-08-02 23:35:10,517 [WARNING] [진입유실 방지 자동보정] SHORT SOL/USDT:USDT exit=2026-07-29 22:32:08 미매칭수량=0.26000000 orderID=229957663104 tradeID=None
2026-08-02 23:35:10,517 [WARNING] [진입유실 방지 자동보정] LONG SOL/USDT:USDT exit=2026-07-30 02:59:19 미매칭수량=0.33000000 orderID=229996023316 tradeID=None
2026-08-02 23:35:10,517 [WARNING] [진입유실 방지 자동보정] LONG SOL/USDT:USDT exit=2026-07-30 03:32:08 미매칭수량=0.27000000 orderID=230002018782 tradeID=None
2026-08-02 23:35:10,517 [WARNING] [진입유실 방지 자동보정] SHORT SOL/USDT:USDT exit=2026-07-30 20:09:26 미매칭수량=0.32000000 orderID=230154249399 tradeID=None
2026-08-02 23:35:10,517 [WARNING] [진입유실 방지 자동보정] SHORT SOL/USDT:USDT exit=2026-07-30 20:37:48 미매칭수량=0.32000000 orderID=230157644550 tradeID=None
2026-08-02 23:35:10,517 [WARNING] [진입유실 방지 자동보정] SHORT SOL/USDT:USDT exit=2026-08-01 10:32:26 미매칭수량=0.29000000 orderID=230440972735 tradeID=None
2026-08-02 23:35:10,517 [WARNING] [진입유실 방지 자동보정] LONG SOL/USDT:USDT exit=2026-08-02 01:55:54 미매칭수량=0.25000000 orderID=230506472518 tradeID=None
2026-08-02 23:35:10,517 [WARNING] [진입유실 방지 자동보정] LONG SOL/USDT:USDT exit=2026-08-02 03:24:55 미매칭수량=0.20000000 orderID=230517041657 tradeID=None
2026-08-02 23:35:10,517 [WARNING] [진입유실 방지 자동보정] LONG XRP/USDT:USDT exit=2026-07-30 03:32:09 미매칭수량=14.70000000 orderID=154591436270 tradeID=None
2026-08-02 23:35:10,517 [WARNING] [진입유실 방지 자동보정] LONG XRP/USDT:USDT exit=2026-07-30 08:06:13 미매칭수량=18.50000000 orderID=154605732461 tradeID=None
2026-08-02 23:35:10,517 [WARNING] [진입유실 방지 자동보정] LONG XRP/USDT:USDT exit=2026-07-30 22:11:04 미매칭수량=17.50000000 orderID=154637963852 tradeID=None
2026-08-02 23:35:10,517 [WARNING] [진입유실 방지 자동보정] SHORT XRP/USDT:USDT exit=2026-07-31 15:18:55 미매칭수량=28.50000000 orderID=154681353788 tradeID=None
2026-08-02 23:35:10,517 [WARNING] [진입유실 방지 자동보정] LONG XRP/USDT:USDT exit=2026-08-02 07:48:27 미매칭수량=6.70000000 orderID=154765042288 tradeID=None
2026-08-02 23:35:10,517 [WARNING] [진입유실 방지 자동보정] LONG XRP/USDT:USDT exit=2026-08-02 08:25:19 미매칭수량=6.70000000 orderID=154766072211 tradeID=None
2026-08-02 23:35:10,517 [WARNING] [진입유실 방지 자동보정] LONG XRP/USDT:USDT exit=2026-08-02 11:07:15 미매칭수량=16.80000000 orderID=154770811661 tradeID=None
2026-08-02 23:35:10,517 [WARNING] [진입유실 방지 자동보정] SHORT 1000PEPE/USDT:USDT exit=2026-08-02 02:31:36 미매칭수량=1968.00000000 orderID=61389681657 tradeID=None
2026-08-02 23:35:10,517 [WARNING] [진입유실 방지 자동보정] SHORT 1000PEPE/USDT:USDT exit=2026-08-02 02:52:29 미매칭수량=1969.00000000 orderID=61390079427 tradeID=None
2026-08-02 23:35:10,517 [WARNING] [진입유실 방지 자동보정] SHORT 1000PEPE/USDT:USDT exit=2026-08-02 09:25:39 미매칭수량=7585.00000000 orderID=61394822102 tradeID=None
2026-08-02 23:35:10,518 [WARNING] [진입유실 방지 자동보정] SHORT IDOL/USDT:USDT exit=2026-08-02 10:17:17 미매칭수량=445.00000000 orderID=523897304 tradeID=None
2026-08-02 23:35:16,793 [INFO] [SCAN] 완료: 30개 종목 · 신호 0개 · API 호출 30회 · 캐시 히트 0회
2026-08-02 23:35:16,991 [WARNING] [PROTECT GUARD] BNB/USDT:USDT LONG 보호주문 없음(무방비) → TP/SL 재무장 시도
2026-08-02 23:35:19,896 [ERROR] [PROTECT REARM] BNB/USDT:USDT long TP/SL 보호주문 재설정 실패: binance {"code":-4130,"msg":"An open stop or take profit order with GTE and closePosition in the direction is existing."}
2026-08-02 23:35:19,896 [ERROR] [PROTECT GUARD] BNB/USDT:USDT LONG 보호주문 재무장 실패 — 수동 확인 필요
2026-08-02 23:35:19,994 [WARNING] [PROTECT GUARD] HOME/USDT:USDT LONG 보호주문 없음(무방비) → TP/SL 재무장 시도
2026-08-02 23:35:22,910 [ERROR] [PROTECT REARM] HOME/USDT:USDT long TP/SL 보호주문 재설정 실패: binance {"code":-4130,"msg":"An open stop or take profit order with GTE and closePosition in the direction is existing."}
2026-08-02 23:35:22,910 [ERROR] [PROTECT GUARD] HOME/USDT:USDT LONG 보호주문 재무장 실패 — 수동 확인 필요
2026-08-02 23:35:35,727 [INFO] [상태] 잔고:$9.81 | 포지션:2개 | 스캔:61회 | 스캐너:ON
2026-08-02 23:35:38,074 [INFO] [SCAN] 블랙리스트 5개 제외: ['IP/USDT:USDT', 'NES/USDT:USDT', 'WLD/USDT:USDT', 'XAG/USDT:USDT', 'XAU/USDT:USDT', 'XAUT/USDT:USDT']
2026-08-02 23:35:38,074 [INFO] [SCAN] 스캔 시작: 30개 페어 (캐시 31개 보유)
2026-08-02 23:35:40,775 [WARNING] [진입유실 방지 자동보정] LONG 1000SHIB/USDT:USDT exit=2026-07-27 04:30:21 미매칭수량=2189.00000000 orderID=31388901395 tradeID=None
2026-08-02 23:35:40,775 [WARNING] [진입유실 방지 자동보정] SHORT 1000SHIB/USDT:USDT exit=2026-07-27 07:36:19 미매칭수량=1348.00000000 orderID=31393184616 tradeID=None
2026-08-02 23:35:40,775 [WARNING] [진입유실 방지 자동보정] SHORT 1000SHIB/USDT:USDT exit=2026-07-27 11:51:02 미매칭수량=1844.00000000 orderID=31400541745 tradeID=None
2026-08-02 23:35:40,775 [WARNING] [진입유실 방지 자동보정] SHORT 1000SHIB/USDT:USDT exit=2026-07-28 06:12:27 미매칭수량=2192.00000000 orderID=31421063023 tradeID=None
2026-08-02 23:35:40,775 [WARNING] [진입유실 방지 자동보정] SHORT 1000SHIB/USDT:USDT exit=2026-08-02 01:13:53 미매칭수량=1073.00000000 orderID=31502817166 tradeID=None
2026-08-02 23:35:40,775 [WARNING] [진입유실 방지 자동보정] SHORT 1000SHIB/USDT:USDT exit=2026-08-02 02:01:20 미매칭수량=1074.00000000 orderID=31504220662 tradeID=None
2026-08-02 23:35:40,775 [WARNING] [진입유실 방지 자동보정] SHORT 1000SHIB/USDT:USDT exit=2026-08-02 09:45:32 미매칭수량=2285.00000000 orderID=31510623049 tradeID=None
2026-08-02 23:35:40,775 [WARNING] [진입유실 방지 자동보정] SHORT 1000SHIB/USDT:USDT exit=2026-08-02 10:35:19 미매칭수량=2280.00000000 orderID=31511192196 tradeID=None
2026-08-02 23:35:40,775 [WARNING] [진입유실 방지 자동보정] LONG DOGE/USDT:USDT exit=2026-07-28 09:50:41 미매칭수량=163.00000000 orderID=100915175009 tradeID=None
2026-08-02 23:35:40,775 [WARNING] [진입유실 방지 자동보정] SHORT DOGE/USDT:USDT exit=2026-07-28 20:36:48 미매칭수량=357.00000000 orderID=100925180835 tradeID=None
2026-08-02 23:35:40,775 [WARNING] [진입유실 방지 자동보정] SHORT DOGE/USDT:USDT exit=2026-07-28 23:00:41 미매칭수량=286.00000000 orderID=100927596061 tradeID=None
2026-08-02 23:35:40,775 [WARNING] [진입유실 방지 자동보정] SHORT DOGE/USDT:USDT exit=2026-07-30 20:51:14 미매칭수량=345.00000000 orderID=100976583122 tradeID=None
2026-08-02 23:35:40,775 [WARNING] [진입유실 방지 자동보정] SHORT DOGE/USDT:USDT exit=2026-07-31 10:01:31 미매칭수량=334.00000000 orderID=100988356319 tradeID=None
2026-08-02 23:35:40,775 [WARNING] [진입유실 방지 자동보정] SHORT DOGE/USDT:USDT exit=2026-08-01 18:02:18 미매칭수량=306.00000000 orderID=101015266902 tradeID=None
2026-08-02 23:35:40,775 [WARNING] [진입유실 방지 자동보정] LONG DOGE/USDT:USDT exit=2026-08-02 11:07:47 미매칭수량=259.00000000 orderID=101028099752 tradeID=None
2026-08-02 23:35:40,776 [WARNING] [진입유실 방지 자동보정] SHORT SOL/USDT:USDT exit=2026-07-29 22:32:08 미매칭수량=0.26000000 orderID=229957663104 tradeID=None
2026-08-02 23:35:40,776 [WARNING] [진입유실 방지 자동보정] LONG SOL/USDT:USDT exit=2026-07-30 02:59:19 미매칭수량=0.33000000 orderID=229996023316 tradeID=None
2026-08-02 23:35:40,776 [WARNING] [진입유실 방지 자동보정] LONG SOL/USDT:USDT exit=2026-07-30 03:32:08 미매칭수량=0.27000000 orderID=230002018782 tradeID=None
2026-08-02 23:35:40,776 [WARNING] [진입유실 방지 자동보정] SHORT SOL/USDT:USDT exit=2026-07-30 20:09:26 미매칭수량=0.32000000 orderID=230154249399 tradeID=None
2026-08-02 23:35:40,776 [WARNING] [진입유실 방지 자동보정] SHORT SOL/USDT:USDT exit=2026-07-30 20:37:48 미매칭수량=0.32000000 orderID=230157644550 tradeID=None
2026-08-02 23:35:40,776 [WARNING] [진입유실 방지 자동보정] SHORT SOL/USDT:USDT exit=2026-08-01 10:32:26 미매칭수량=0.29000000 orderID=230440972735 tradeID=None
2026-08-02 23:35:40,776 [WARNING] [진입유실 방지 자동보정] LONG SOL/USDT:USDT exit=2026-08-02 01:55:54 미매칭수량=0.25000000 orderID=230506472518 tradeID=None
2026-08-02 23:35:40,776 [WARNING] [진입유실 방지 자동보정] LONG SOL/USDT:USDT exit=2026-08-02 03:24:55 미매칭수량=0.20000000 orderID=230517041657 tradeID=None
2026-08-02 23:35:40,776 [WARNING] [진입유실 방지 자동보정] LONG XRP/USDT:USDT exit=2026-07-30 03:32:09 미매칭수량=14.70000000 orderID=154591436270 tradeID=None
2026-08-02 23:35:40,776 [WARNING] [진입유실 방지 자동보정] LONG XRP/USDT:USDT exit=2026-07-30 08:06:13 미매칭수량=18.50000000 orderID=154605732461 tradeID=None
2026-08-02 23:35:40,776 [WARNING] [진입유실 방지 자동보정] LONG XRP/USDT:USDT exit=2026-07-30 22:11:04 미매칭수량=17.50000000 orderID=154637963852 tradeID=None
2026-08-02 23:35:40,776 [WARNING] [진입유실 방지 자동보정] SHORT XRP/USDT:USDT exit=2026-07-31 15:18:55 미매칭수량=28.50000000 orderID=154681353788 tradeID=None
2026-08-02 23:35:40,776 [WARNING] [진입유실 방지 자동보정] LONG XRP/USDT:USDT exit=2026-08-02 07:48:27 미매칭수량=6.70000000 orderID=154765042288 tradeID=None
2026-08-02 23:35:40,776 [WARNING] [진입유실 방지 자동보정] LONG XRP/USDT:USDT exit=2026-08-02 08:25:19 미매칭수량=6.70000000 orderID=154766072211 tradeID=None
2026-08-02 23:35:40,776 [WARNING] [진입유실 방지 자동보정] LONG XRP/USDT:USDT exit=2026-08-02 11:07:15 미매칭수량=16.80000000 orderID=154770811661 tradeID=None
2026-08-02 23:35:40,776 [WARNING] [진입유실 방지 자동보정] SHORT 1000PEPE/USDT:USDT exit=2026-08-02 02:31:36 미매칭수량=1968.00000000 orderID=61389681657 tradeID=None
2026-08-02 23:35:40,776 [WARNING] [진입유실 방지 자동보정] SHORT 1000PEPE/USDT:USDT exit=2026-08-02 02:52:29 미매칭수량=1969.00000000 orderID=61390079427 tradeID=None
2026-08-02 23:35:40,776 [WARNING] [진입유실 방지 자동보정] SHORT 1000PEPE/USDT:USDT exit=2026-08-02 09:25:39 미매칭수량=7585.00000000 orderID=61394822102 tradeID=None
2026-08-02 23:35:40,776 [WARNING] [진입유실 방지 자동보정] SHORT IDOL/USDT:USDT exit=2026-08-02 10:17:17 미매칭수량=445.00000000 orderID=523897304 tradeID=None
2026-08-02 23:35:52,264 [INFO] [SCAN] 완료: 30개 종목 · 신호 0개 · API 호출 30회 · 캐시 히트 0회
2026-08-02 23:36:07,451 [INFO] [SCAN] 블랙리스트 5개 제외: ['IP/USDT:USDT', 'NES/USDT:USDT', 'WLD/USDT:USDT', 'XAG/USDT:USDT', 'XAU/USDT:USDT', 'XAUT/USDT:USDT']
2026-08-02 23:36:07,451 [INFO] [SCAN] 스캔 시작: 30개 페어 (캐시 31개 보유)
2026-08-02 23:36:10,828 [WARNING] [진입유실 방지 자동보정] LONG 1000SHIB/USDT:USDT exit=2026-07-27 04:30:21 미매칭수량=2189.00000000 orderID=31388901395 tradeID=None
2026-08-02 23:36:10,828 [WARNING] [진입유실 방지 자동보정] SHORT 1000SHIB/USDT:USDT exit=2026-07-27 07:36:19 미매칭수량=1348.00000000 orderID=31393184616 tradeID=None
2026-08-02 23:36:10,828 [WARNING] [진입유실 방지 자동보정] SHORT 1000SHIB/USDT:USDT exit=2026-07-27 11:51:02 미매칭수량=1844.00000000 orderID=31400541745 tradeID=None
2026-08-02 23:36:10,828 [WARNING] [진입유실 방지 자동보정] SHORT 1000SHIB/USDT:USDT exit=2026-07-28 06:12:27 미매칭수량=2192.00000000 orderID=31421063023 tradeID=None
2026-08-02 23:36:10,828 [WARNING] [진입유실 방지 자동보정] SHORT 1000SHIB/USDT:USDT exit=2026-08-02 01:13:53 미매칭수량=1073.00000000 orderID=31502817166 tradeID=None
2026-08-02 23:36:10,828 [WARNING] [진입유실 방지 자동보정] SHORT 1000SHIB/USDT:USDT exit=2026-08-02 02:01:20 미매칭수량=1074.00000000 orderID=31504220662 tradeID=None
2026-08-02 23:36:10,829 [WARNING] [진입유실 방지 자동보정] SHORT 1000SHIB/USDT:USDT exit=2026-08-02 09:45:32 미매칭수량=2285.00000000 orderID=31510623049 tradeID=None
2026-08-02 23:36:10,829 [WARNING] [진입유실 방지 자동보정] SHORT 1000SHIB/USDT:USDT exit=2026-08-02 10:35:19 미매칭수량=2280.00000000 orderID=31511192196 tradeID=None
2026-08-02 23:36:10,829 [WARNING] [진입유실 방지 자동보정] LONG DOGE/USDT:USDT exit=2026-07-28 09:50:41 미매칭수량=163.00000000 orderID=100915175009 tradeID=None
2026-08-02 23:36:10,829 [WARNING] [진입유실 방지 자동보정] SHORT DOGE/USDT:USDT exit=2026-07-28 20:36:48 미매칭수량=357.00000000 orderID=100925180835 tradeID=None
2026-08-02 23:36:10,829 [WARNING] [진입유실 방지 자동보정] SHORT DOGE/USDT:USDT exit=2026-07-28 23:00:41 미매칭수량=286.00000000 orderID=100927596061 tradeID=None
2026-08-02 23:36:10,829 [WARNING] [진입유실 방지 자동보정] SHORT DOGE/USDT:USDT exit=2026-07-30 20:51:14 미매칭수량=345.00000000 orderID=100976583122 tradeID=None
2026-08-02 23:36:10,829 [WARNING] [진입유실 방지 자동보정] SHORT DOGE/USDT:USDT exit=2026-07-31 10:01:31 미매칭수량=334.00000000 orderID=100988356319 tradeID=None
2026-08-02 23:36:10,829 [WARNING] [진입유실 방지 자동보정] SHORT DOGE/USDT:USDT exit=2026-08-01 18:02:18 미매칭수량=306.00000000 orderID=101015266902 tradeID=None
2026-08-02 23:36:10,829 [WARNING] [진입유실 방지 자동보정] LONG DOGE/USDT:USDT exit=2026-08-02 11:07:47 미매칭수량=259.00000000 orderID=101028099752 tradeID=None
2026-08-02 23:36:10,829 [WARNING] [진입유실 방지 자동보정] SHORT SOL/USDT:USDT exit=2026-07-29 22:32:08 미매칭수량=0.26000000 orderID=229957663104 tradeID=None
2026-08-02 23:36:10,829 [WARNING] [진입유실 방지 자동보정] LONG SOL/USDT:USDT exit=2026-07-30 02:59:19 미매칭수량=0.33000000 orderID=229996023316 tradeID=None
2026-08-02 23:36:10,829 [WARNING] [진입유실 방지 자동보정] LONG SOL/USDT:USDT exit=2026-07-30 03:32:08 미매칭수량=0.27000000 orderID=230002018782 tradeID=None
2026-08-02 23:36:10,829 [WARNING] [진입유실 방지 자동보정] SHORT SOL/USDT:USDT exit=2026-07-30 20:09:26 미매칭수량=0.32000000 orderID=230154249399 tradeID=None
2026-08-02 23:36:10,829 [WARNING] [진입유실 방지 자동보정] SHORT SOL/USDT:USDT exit=2026-07-30 20:37:48 미매칭수량=0.32000000 orderID=230157644550 tradeID=None
2026-08-02 23:36:10,829 [WARNING] [진입유실 방지 자동보정] SHORT SOL/USDT:USDT exit=2026-08-01 10:32:26 미매칭수량=0.29000000 orderID=230440972735 tradeID=None
2026-08-02 23:36:10,829 [WARNING] [진입유실 방지 자동보정] LONG SOL/USDT:USDT exit=2026-08-02 01:55:54 미매칭수량=0.25000000 orderID=230506472518 tradeID=None
2026-08-02 23:36:10,829 [WARNING] [진입유실 방지 자동보정] LONG SOL/USDT:USDT exit=2026-08-02 03:24:55 미매칭수량=0.20000000 orderID=230517041657 tradeID=None
2026-08-02 23:36:10,829 [WARNING] [진입유실 방지 자동보정] LONG XRP/USDT:USDT exit=2026-07-30 03:32:09 미매칭수량=14.70000000 orderID=154591436270 tradeID=None
2026-08-02 23:36:10,829 [WARNING] [진입유실 방지 자동보정] LONG XRP/USDT:USDT exit=2026-07-30 08:06:13 미매칭수량=18.50000000 orderID=154605732461 tradeID=None
2026-08-02 23:36:10,829 [WARNING] [진입유실 방지 자동보정] LONG XRP/USDT:USDT exit=2026-07-30 22:11:04 미매칭수량=17.50000000 orderID=154637963852 tradeID=None
2026-08-02 23:36:10,829 [WARNING] [진입유실 방지 자동보정] SHORT XRP/USDT:USDT exit=2026-07-31 15:18:55 미매칭수량=28.50000000 orderID=154681353788 tradeID=None
2026-08-02 23:36:10,829 [WARNING] [진입유실 방지 자동보정] LONG XRP/USDT:USDT exit=2026-08-02 07:48:27 미매칭수량=6.70000000 orderID=154765042288 tradeID=None
2026-08-02 23:36:10,829 [WARNING] [진입유실 방지 자동보정] LONG XRP/USDT:USDT exit=2026-08-02 08:25:19 미매칭수량=6.70000000 orderID=154766072211 tradeID=None
2026-08-02 23:36:10,830 [WARNING] [진입유실 방지 자동보정] LONG XRP/USDT:USDT exit=2026-08-02 11:07:15 미매칭수량=16.80000000 orderID=154770811661 tradeID=None
2026-08-02 23:36:10,830 [WARNING] [진입유실 방지 자동보정] SHORT 1000PEPE/USDT:USDT exit=2026-08-02 02:31:36 미매칭수량=1968.00000000 orderID=61389681657 tradeID=None
2026-08-02 23:36:10,830 [WARNING] [진입유실 방지 자동보정] SHORT 1000PEPE/USDT:USDT exit=2026-08-02 02:52:29 미매칭수량=1969.00000000 orderID=61390079427 tradeID=None
2026-08-02 23:36:10,830 [WARNING] [진입유실 방지 자동보정] SHORT 1000PEPE/USDT:USDT exit=2026-08-02 09:25:39 미매칭수량=7585.00000000 orderID=61394822102 tradeID=None
2026-08-02 23:36:10,830 [WARNING] [진입유실 방지 자동보정] SHORT IDOL/USDT:USDT exit=2026-08-02 10:17:17 미매칭수량=445.00000000 orderID=523897304 tradeID=None
2026-08-02 23:36:21,683 [INFO] [SCAN] 완료: 30개 종목 · 신호 0개 · API 호출 30회 · 캐시 히트 0회
2026-08-02 23:36:21,878 [WARNING] [PROTECT GUARD] BNB/USDT:USDT LONG 보호주문 없음(무방비) → TP/SL 재무장 시도
2026-08-02 23:36:24,788 [ERROR] [PROTECT REARM] BNB/USDT:USDT long TP/SL 보호주문 재설정 실패: binance {"code":-4130,"msg":"An open stop or take profit order with GTE and closePosition in the direction is existing."}
2026-08-02 23:36:24,788 [ERROR] [PROTECT GUARD] BNB/USDT:USDT LONG 보호주문 재무장 실패 — 수동 확인 필요
2026-08-02 23:36:24,879 [WARNING] [PROTECT GUARD] HOME/USDT:USDT LONG 보호주문 없음(무방비) → TP/SL 재무장 시도
2026-08-02 23:36:27,790 [ERROR] [PROTECT REARM] HOME/USDT:USDT long TP/SL 보호주문 재설정 실패: binance {"code":-4130,"msg":"An open stop or take profit order with GTE and closePosition in the direction is existing."}
2026-08-02 23:36:27,790 [ERROR] [PROTECT GUARD] HOME/USDT:USDT LONG 보호주문 재무장 실패 — 수동 확인 필요
2026-08-02 23:36:36,031 [INFO] [상태] 잔고:$9.87 | 포지션:2개 | 스캔:63회 | 스캐너:ON
2026-08-02 23:36:41,073 [WARNING] [진입유실 방지 자동보정] LONG 1000SHIB/USDT:USDT exit=2026-07-27 04:30:21 미매칭수량=2189.00000000 orderID=31388901395 tradeID=None
2026-08-02 23:36:41,074 [WARNING] [진입유실 방지 자동보정] SHORT 1000SHIB/USDT:USDT exit=2026-07-27 07:36:19 미매칭수량=1348.00000000 orderID=31393184616 tradeID=None
2026-08-02 23:36:41,074 [WARNING] [진입유실 방지 자동보정] SHORT 1000SHIB/USDT:USDT exit=2026-07-27 11:51:02 미매칭수량=1844.00000000 orderID=31400541745 tradeID=None
2026-08-02 23:36:41,074 [WARNING] [진입유실 방지 자동보정] SHORT 1000SHIB/USDT:USDT exit=2026-07-28 06:12:27 미매칭수량=2192.00000000 orderID=31421063023 tradeID=None
2026-08-02 23:36:41,074 [WARNING] [진입유실 방지 자동보정] SHORT 1000SHIB/USDT:USDT exit=2026-08-02 01:13:53 미매칭수량=1073.00000000 orderID=31502817166 tradeID=None
2026-08-02 23:36:41,074 [WARNING] [진입유실 방지 자동보정] SHORT 1000SHIB/USDT:USDT exit=2026-08-02 02:01:20 미매칭수량=1074.00000000 orderID=31504220662 tradeID=None
2026-08-02 23:36:41,074 [WARNING] [진입유실 방지 자동보정] SHORT 1000SHIB/USDT:USDT exit=2026-08-02 09:45:32 미매칭수량=2285.00000000 orderID=31510623049 tradeID=None
2026-08-02 23:36:41,074 [WARNING] [진입유실 방지 자동보정] SHORT 1000SHIB/USDT:USDT exit=2026-08-02 10:35:19 미매칭수량=2280.00000000 orderID=31511192196 tradeID=None
2026-08-02 23:36:41,074 [WARNING] [진입유실 방지 자동보정] LONG DOGE/USDT:USDT exit=2026-07-28 09:50:41 미매칭수량=163.00000000 orderID=100915175009 tradeID=None
2026-08-02 23:36:41,074 [WARNING] [진입유실 방지 자동보정] SHORT DOGE/USDT:USDT exit=2026-07-28 20:36:48 미매칭수량=357.00000000 orderID=100925180835 tradeID=None
2026-08-02 23:36:41,074 [WARNING] [진입유실 방지 자동보정] SHORT DOGE/USDT:USDT exit=2026-07-28 23:00:41 미매칭수량=286.00000000 orderID=100927596061 tradeID=None
2026-08-02 23:36:41,074 [WARNING] [진입유실 방지 자동보정] SHORT DOGE/USDT:USDT exit=2026-07-30 20:51:14 미매칭수량=345.00000000 orderID=100976583122 tradeID=None
2026-08-02 23:36:41,074 [WARNING] [진입유실 방지 자동보정] SHORT DOGE/USDT:USDT exit=2026-07-31 10:01:31 미매칭수량=334.00000000 orderID=100988356319 tradeID=None
2026-08-02 23:36:41,075 [WARNING] [진입유실 방지 자동보정] SHORT DOGE/USDT:USDT exit=2026-08-01 18:02:18 미매칭수량=306.00000000 orderID=101015266902 tradeID=None
2026-08-02 23:36:41,075 [WARNING] [진입유실 방지 자동보정] LONG DOGE/USDT:USDT exit=2026-08-02 11:07:47 미매칭수량=259.00000000 orderID=101028099752 tradeID=None
2026-08-02 23:36:41,075 [WARNING] [진입유실 방지 자동보정] SHORT SOL/USDT:USDT exit=2026-07-29 22:32:08 미매칭수량=0.26000000 orderID=229957663104 tradeID=None
2026-08-02 23:36:41,075 [WARNING] [진입유실 방지 자동보정] LONG SOL/USDT:USDT exit=2026-07-30 02:59:19 미매칭수량=0.33000000 orderID=229996023316 tradeID=None
2026-08-02 23:36:41,075 [WARNING] [진입유실 방지 자동보정] LONG SOL/USDT:USDT exit=2026-07-30 03:32:08 미매칭수량=0.27000000 orderID=230002018782 tradeID=None
2026-08-02 23:36:41,075 [WARNING] [진입유실 방지 자동보정] SHORT SOL/USDT:USDT exit=2026-07-30 20:09:26 미매칭수량=0.32000000 orderID=230154249399 tradeID=None
2026-08-02 23:36:41,075 [WARNING] [진입유실 방지 자동보정] SHORT SOL/USDT:USDT exit=2026-07-30 20:37:48 미매칭수량=0.32000000 orderID=230157644550 tradeID=None
2026-08-02 23:36:41,075 [WARNING] [진입유실 방지 자동보정] SHORT SOL/USDT:USDT exit=2026-08-01 10:32:26 미매칭수량=0.29000000 orderID=230440972735 tradeID=None
2026-08-02 23:36:41,075 [WARNING] [진입유실 방지 자동보정] LONG SOL/USDT:USDT exit=2026-08-02 01:55:54 미매칭수량=0.25000000 orderID=230506472518 tradeID=None
2026-08-02 23:36:41,075 [WARNING] [진입유실 방지 자동보정] LONG SOL/USDT:USDT exit=2026-08-02 03:24:55 미매칭수량=0.20000000 orderID=230517041657 tradeID=None
2026-08-02 23:36:41,075 [WARNING] [진입유실 방지 자동보정] LONG XRP/USDT:USDT exit=2026-07-30 03:32:09 미매칭수량=14.70000000 orderID=154591436270 tradeID=None
2026-08-02 23:36:41,075 [WARNING] [진입유실 방지 자동보정] LONG XRP/USDT:USDT exit=2026-07-30 08:06:13 미매칭수량=18.50000000 orderID=154605732461 tradeID=None
2026-08-02 23:36:41,075 [WARNING] [진입유실 방지 자동보정] LONG XRP/USDT:USDT exit=2026-07-30 22:11:04 미매칭수량=17.50000000 orderID=154637963852 tradeID=None
2026-08-02 23:36:41,075 [WARNING] [진입유실 방지 자동보정] SHORT XRP/USDT:USDT exit=2026-07-31 15:18:55 미매칭수량=28.50000000 orderID=154681353788 tradeID=None
2026-08-02 23:36:41,075 [WARNING] [진입유실 방지 자동보정] LONG XRP/USDT:USDT exit=2026-08-02 07:48:27 미매칭수량=6.70000000 orderID=154765042288 tradeID=None
2026-08-02 23:36:41,075 [WARNING] [진입유실 방지 자동보정] LONG XRP/USDT:USDT exit=2026-08-02 08:25:19 미매칭수량=6.70000000 orderID=154766072211 tradeID=None
2026-08-02 23:36:41,075 [WARNING] [진입유실 방지 자동보정] LONG XRP/USDT:USDT exit=2026-08-02 11:07:15 미매칭수량=16.80000000 orderID=154770811661 tradeID=None
2026-08-02 23:36:41,075 [WARNING] [진입유실 방지 자동보정] SHORT 1000PEPE/USDT:USDT exit=2026-08-02 02:31:36 미매칭수량=1968.00000000 orderID=61389681657 tradeID=None
2026-08-02 23:36:41,075 [WARNING] [진입유실 방지 자동보정] SHORT 1000PEPE/USDT:USDT exit=2026-08-02 02:52:29 미매칭수량=1969.00000000 orderID=61390079427 tradeID=None
2026-08-02 23:36:41,075 [WARNING] [진입유실 방지 자동보정] SHORT 1000PEPE/USDT:USDT exit=2026-08-02 09:25:39 미매칭수량=7585.00000000 orderID=61394822102 tradeID=None
2026-08-02 23:36:41,075 [WARNING] [진입유실 방지 자동보정] SHORT IDOL/USDT:USDT exit=2026-08-02 10:17:17 미매칭수량=445.00000000 orderID=523897304 tradeID=None
2026-08-02 23:36:42,935 [INFO] [SCAN] 블랙리스트 5개 제외: ['IP/USDT:USDT', 'NES/USDT:USDT', 'WLD/USDT:USDT', 'XAG/USDT:USDT', 'XAU/USDT:USDT', 'XAUT/USDT:USDT']
2026-08-02 23:36:42,936 [INFO] [SCAN] 스캔 시작: 30개 페어 (캐시 31개 보유)
2026-08-02 23:36:57,104 [INFO] [SCAN] 완료: 30개 종목 · 신호 0개 · API 호출 30회 · 캐시 히트 0회
2026-08-02 23:37:11,117 [WARNING] [진입유실 방지 자동보정] LONG 1000SHIB/USDT:USDT exit=2026-07-27 04:30:21 미매칭수량=2189.00000000 orderID=31388901395 tradeID=None
2026-08-02 23:37:11,117 [WARNING] [진입유실 방지 자동보정] SHORT 1000SHIB/USDT:USDT exit=2026-07-27 07:36:19 미매칭수량=1348.00000000 orderID=31393184616 tradeID=None
2026-08-02 23:37:11,117 [WARNING] [진입유실 방지 자동보정] SHORT 1000SHIB/USDT:USDT exit=2026-07-27 11:51:02 미매칭수량=1844.00000000 orderID=31400541745 tradeID=None
2026-08-02 23:37:11,117 [WARNING] [진입유실 방지 자동보정] SHORT 1000SHIB/USDT:USDT exit=2026-07-28 06:12:27 미매칭수량=2192.00000000 orderID=31421063023 tradeID=None
2026-08-02 23:37:11,117 [WARNING] [진입유실 방지 자동보정] SHORT 1000SHIB/USDT:USDT exit=2026-08-02 01:13:53 미매칭수량=1073.00000000 orderID=31502817166 tradeID=None
2026-08-02 23:37:11,117 [WARNING] [진입유실 방지 자동보정] SHORT 1000SHIB/USDT:USDT exit=2026-08-02 02:01:20 미매칭수량=1074.00000000 orderID=31504220662 tradeID=None
2026-08-02 23:37:11,117 [WARNING] [진입유실 방지 자동보정] SHORT 1000SHIB/USDT:USDT exit=2026-08-02 09:45:32 미매칭수량=2285.00000000 orderID=31510623049 tradeID=None
2026-08-02 23:37:11,117 [WARNING] [진입유실 방지 자동보정] SHORT 1000SHIB/USDT:USDT exit=2026-08-02 10:35:19 미매칭수량=2280.00000000 orderID=31511192196 tradeID=None
2026-08-02 23:37:11,117 [WARNING] [진입유실 방지 자동보정] LONG DOGE/USDT:USDT exit=2026-07-28 09:50:41 미매칭수량=163.00000000 orderID=100915175009 tradeID=None
2026-08-02 23:37:11,117 [WARNING] [진입유실 방지 자동보정] SHORT DOGE/USDT:USDT exit=2026-07-28 20:36:48 미매칭수량=357.00000000 orderID=100925180835 tradeID=None
2026-08-02 23:37:11,118 [WARNING] [진입유실 방지 자동보정] SHORT DOGE/USDT:USDT exit=2026-07-28 23:00:41 미매칭수량=286.00000000 orderID=100927596061 tradeID=None
2026-08-02 23:37:11,118 [WARNING] [진입유실 방지 자동보정] SHORT DOGE/USDT:USDT exit=2026-07-30 20:51:14 미매칭수량=345.00000000 orderID=100976583122 tradeID=None
2026-08-02 23:37:11,118 [WARNING] [진입유실 방지 자동보정] SHORT DOGE/USDT:USDT exit=2026-07-31 10:01:31 미매칭수량=334.00000000 orderID=100988356319 tradeID=None
2026-08-02 23:37:11,118 [WARNING] [진입유실 방지 자동보정] SHORT DOGE/USDT:USDT exit=2026-08-01 18:02:18 미매칭수량=306.00000000 orderID=101015266902 tradeID=None
2026-08-02 23:37:11,118 [WARNING] [진입유실 방지 자동보정] LONG DOGE/USDT:USDT exit=2026-08-02 11:07:47 미매칭수량=259.00000000 orderID=101028099752 tradeID=None
2026-08-02 23:37:11,118 [WARNING] [진입유실 방지 자동보정] SHORT SOL/USDT:USDT exit=2026-07-29 22:32:08 미매칭수량=0.26000000 orderID=229957663104 tradeID=None
2026-08-02 23:37:11,118 [WARNING] [진입유실 방지 자동보정] LONG SOL/USDT:USDT exit=2026-07-30 02:59:19 미매칭수량=0.33000000 orderID=229996023316 tradeID=None
2026-08-02 23:37:11,118 [WARNING] [진입유실 방지 자동보정] LONG SOL/USDT:USDT exit=2026-07-30 03:32:08 미매칭수량=0.27000000 orderID=230002018782 tradeID=None
2026-08-02 23:37:11,118 [WARNING] [진입유실 방지 자동보정] SHORT SOL/USDT:USDT exit=2026-07-30 20:09:26 미매칭수량=0.32000000 orderID=230154249399 tradeID=None
2026-08-02 23:37:11,118 [WARNING] [진입유실 방지 자동보정] SHORT SOL/USDT:USDT exit=2026-07-30 20:37:48 미매칭수량=0.32000000 orderID=230157644550 tradeID=None
2026-08-02 23:37:11,118 [WARNING] [진입유실 방지 자동보정] SHORT SOL/USDT:USDT exit=2026-08-01 10:32:26 미매칭수량=0.29000000 orderID=230440972735 tradeID=None
2026-08-02 23:37:11,118 [WARNING] [진입유실 방지 자동보정] LONG SOL/USDT:USDT exit=2026-08-02 01:55:54 미매칭수량=0.25000000 orderID=230506472518 tradeID=None
2026-08-02 23:37:11,118 [WARNING] [진입유실 방지 자동보정] LONG SOL/USDT:USDT exit=2026-08-02 03:24:55 미매칭수량=0.20000000 orderID=230517041657 tradeID=None
2026-08-02 23:37:11,118 [WARNING] [진입유실 방지 자동보정] LONG XRP/USDT:USDT exit=2026-07-30 03:32:09 미매칭수량=14.70000000 orderID=154591436270 tradeID=None
2026-08-02 23:37:11,118 [WARNING] [진입유실 방지 자동보정] LONG XRP/USDT:USDT exit=2026-07-30 08:06:13 미매칭수량=18.50000000 orderID=154605732461 tradeID=None
2026-08-02 23:37:11,118 [WARNING] [진입유실 방지 자동보정] LONG XRP/USDT:USDT exit=2026-07-30 22:11:04 미매칭수량=17.50000000 orderID=154637963852 tradeID=None
2026-08-02 23:37:11,118 [WARNING] [진입유실 방지 자동보정] SHORT XRP/USDT:USDT exit=2026-07-31 15:18:55 미매칭수량=28.50000000 orderID=154681353788 tradeID=None
2026-08-02 23:37:11,118 [WARNING] [진입유실 방지 자동보정] LONG XRP/USDT:USDT exit=2026-08-02 07:48:27 미매칭수량=6.70000000 orderID=154765042288 tradeID=None
2026-08-02 23:37:11,118 [WARNING] [진입유실 방지 자동보정] LONG XRP/USDT:USDT exit=2026-08-02 08:25:19 미매칭수량=6.70000000 orderID=154766072211 tradeID=None
2026-08-02 23:37:11,118 [WARNING] [진입유실 방지 자동보정] LONG XRP/USDT:USDT exit=2026-08-02 11:07:15 미매칭수량=16.80000000 orderID=154770811661 tradeID=None
2026-08-02 23:37:11,118 [WARNING] [진입유실 방지 자동보정] SHORT 1000PEPE/USDT:USDT exit=2026-08-02 02:31:36 미매칭수량=1968.00000000 orderID=61389681657 tradeID=None
2026-08-02 23:37:11,118 [WARNING] [진입유실 방지 자동보정] SHORT 1000PEPE/USDT:USDT exit=2026-08-02 02:52:29 미매칭수량=1969.00000000 orderID=61390079427 tradeID=None
2026-08-02 23:37:11,118 [WARNING] [진입유실 방지 자동보정] SHORT 1000PEPE/USDT:USDT exit=2026-08-02 09:25:39 미매칭수량=7585.00000000 orderID=61394822102 tradeID=None
2026-08-02 23:37:11,118 [WARNING] [진입유실 방지 자동보정] SHORT IDOL/USDT:USDT exit=2026-08-02 10:17:17 미매칭수량=445.00000000 orderID=523897304 tradeID=None
2026-08-02 23:37:12,306 [INFO] [SCAN] 블랙리스트 5개 제외: ['IP/USDT:USDT', 'NES/USDT:USDT', 'WLD/USDT:USDT', 'XAG/USDT:USDT', 'XAU/USDT:USDT', 'XAUT/USDT:USDT']
2026-08-02 23:37:12,306 [INFO] [SCAN] 스캔 시작: 30개 페어 (캐시 31개 보유)
2026-08-02 23:37:26,498 [INFO] [SCAN] 완료: 30개 종목 · 신호 0개 · API 호출 30회 · 캐시 히트 0회
2026-08-02 23:37:26,693 [WARNING] [PROTECT GUARD] BNB/USDT:USDT LONG 보호주문 없음(무방비) → TP/SL 재무장 시도
2026-08-02 23:37:29,596 [ERROR] [PROTECT REARM] BNB/USDT:USDT long TP/SL 보호주문 재설정 실패: binance {"code":-4130,"msg":"An open stop or take profit order with GTE and closePosition in the direction is existing."}
2026-08-02 23:37:29,596 [ERROR] [PROTECT GUARD] BNB/USDT:USDT LONG 보호주문 재무장 실패 — 수동 확인 필요
2026-08-02 23:37:29,689 [WARNING] [PROTECT GUARD] HOME/USDT:USDT LONG 보호주문 없음(무방비) → TP/SL 재무장 시도
2026-08-02 23:37:32,595 [ERROR] [PROTECT REARM] HOME/USDT:USDT long TP/SL 보호주문 재설정 실패: binance {"code":-4130,"msg":"An open stop or take profit order with GTE and closePosition in the direction is existing."}
2026-08-02 23:37:32,595 [ERROR] [PROTECT GUARD] HOME/USDT:USDT LONG 보호주문 재무장 실패 — 수동 확인 필요
2026-08-02 23:37:36,323 [INFO] [상태] 잔고:$9.89 | 포지션:2개 | 스캔:65회 | 스캐너:ON
2026-08-02 23:37:41,360 [WARNING] [진입유실 방지 자동보정] LONG 1000SHIB/USDT:USDT exit=2026-07-27 04:30:21 미매칭수량=2189.00000000 orderID=31388901395 tradeID=None
2026-08-02 23:37:41,361 [WARNING] [진입유실 방지 자동보정] SHORT 1000SHIB/USDT:USDT exit=2026-07-27 07:36:19 미매칭수량=1348.00000000 orderID=31393184616 tradeID=None
2026-08-02 23:37:41,361 [WARNING] [진입유실 방지 자동보정] SHORT 1000SHIB/USDT:USDT exit=2026-07-27 11:51:02 미매칭수량=1844.00000000 orderID=31400541745 tradeID=None
2026-08-02 23:37:41,361 [WARNING] [진입유실 방지 자동보정] SHORT 1000SHIB/USDT:USDT exit=2026-07-28 06:12:27 미매칭수량=2192.00000000 orderID=31421063023 tradeID=None
2026-08-02 23:37:41,361 [WARNING] [진입유실 방지 자동보정] SHORT 1000SHIB/USDT:USDT exit=2026-08-02 01:13:53 미매칭수량=1073.00000000 orderID=31502817166 tradeID=None
2026-08-02 23:37:41,361 [WARNING] [진입유실 방지 자동보정] SHORT 1000SHIB/USDT:USDT exit=2026-08-02 02:01:20 미매칭수량=1074.00000000 orderID=31504220662 tradeID=None
2026-08-02 23:37:41,361 [WARNING] [진입유실 방지 자동보정] SHORT 1000SHIB/USDT:USDT exit=2026-08-02 09:45:32 미매칭수량=2285.00000000 orderID=31510623049 tradeID=None
2026-08-02 23:37:41,361 [WARNING] [진입유실 방지 자동보정] SHORT 1000SHIB/USDT:USDT exit=2026-08-02 10:35:19 미매칭수량=2280.00000000 orderID=31511192196 tradeID=None
2026-08-02 23:37:41,361 [WARNING] [진입유실 방지 자동보정] LONG DOGE/USDT:USDT exit=2026-07-28 09:50:41 미매칭수량=163.00000000 orderID=100915175009 tradeID=None
2026-08-02 23:37:41,361 [WARNING] [진입유실 방지 자동보정] SHORT DOGE/USDT:USDT exit=2026-07-28 20:36:48 미매칭수량=357.00000000 orderID=100925180835 tradeID=None
2026-08-02 23:37:41,361 [WARNING] [진입유실 방지 자동보정] SHORT DOGE/USDT:USDT exit=2026-07-28 23:00:41 미매칭수량=286.00000000 orderID=100927596061 tradeID=None
2026-08-02 23:37:41,361 [WARNING] [진입유실 방지 자동보정] SHORT DOGE/USDT:USDT exit=2026-07-30 20:51:14 미매칭수량=345.00000000 orderID=100976583122 tradeID=None
2026-08-02 23:37:41,361 [WARNING] [진입유실 방지 자동보정] SHORT DOGE/USDT:USDT exit=2026-07-31 10:01:31 미매칭수량=334.00000000 orderID=100988356319 tradeID=None
2026-08-02 23:37:41,361 [WARNING] [진입유실 방지 자동보정] SHORT DOGE/USDT:USDT exit=2026-08-01 18:02:18 미매칭수량=306.00000000 orderID=101015266902 tradeID=None
2026-08-02 23:37:41,361 [WARNING] [진입유실 방지 자동보정] LONG DOGE/USDT:USDT exit=2026-08-02 11:07:47 미매칭수량=259.00000000 orderID=101028099752 tradeID=None
2026-08-02 23:37:41,361 [WARNING] [진입유실 방지 자동보정] SHORT SOL/USDT:USDT exit=2026-07-29 22:32:08 미매칭수량=0.26000000 orderID=229957663104 tradeID=None
2026-08-02 23:37:41,361 [WARNING] [진입유실 방지 자동보정] LONG SOL/USDT:USDT exit=2026-07-30 02:59:19 미매칭수량=0.33000000 orderID=229996023316 tradeID=None
2026-08-02 23:37:41,361 [WARNING] [진입유실 방지 자동보정] LONG SOL/USDT:USDT exit=2026-07-30 03:32:08 미매칭수량=0.27000000 orderID=230002018782 tradeID=None
2026-08-02 23:37:41,361 [WARNING] [진입유실 방지 자동보정] SHORT SOL/USDT:USDT exit=2026-07-30 20:09:26 미매칭수량=0.32000000 orderID=230154249399 tradeID=None
2026-08-02 23:37:41,361 [WARNING] [진입유실 방지 자동보정] SHORT SOL/USDT:USDT exit=2026-07-30 20:37:48 미매칭수량=0.32000000 orderID=230157644550 tradeID=None
2026-08-02 23:37:41,362 [WARNING] [진입유실 방지 자동보정] SHORT SOL/USDT:USDT exit=2026-08-01 10:32:26 미매칭수량=0.29000000 orderID=230440972735 tradeID=None
2026-08-02 23:37:41,362 [WARNING] [진입유실 방지 자동보정] LONG SOL/USDT:USDT exit=2026-08-02 01:55:54 미매칭수량=0.25000000 orderID=230506472518 tradeID=None
2026-08-02 23:37:41,362 [WARNING] [진입유실 방지 자동보정] LONG SOL/USDT:USDT exit=2026-08-02 03:24:55 미매칭수량=0.20000000 orderID=230517041657 tradeID=None
2026-08-02 23:37:41,362 [WARNING] [진입유실 방지 자동보정] LONG XRP/USDT:USDT exit=2026-07-30 03:32:09 미매칭수량=14.70000000 orderID=154591436270 tradeID=None
2026-08-02 23:37:41,362 [WARNING] [진입유실 방지 자동보정] LONG XRP/USDT:USDT exit=2026-07-30 08:06:13 미매칭수량=18.50000000 orderID=154605732461 tradeID=None
2026-08-02 23:37:41,362 [WARNING] [진입유실 방지 자동보정] LONG XRP/USDT:USDT exit=2026-07-30 22:11:04 미매칭수량=17.50000000 orderID=154637963852 tradeID=None
2026-08-02 23:37:41,362 [WARNING] [진입유실 방지 자동보정] SHORT XRP/USDT:USDT exit=2026-07-31 15:18:55 미매칭수량=28.50000000 orderID=154681353788 tradeID=None
2026-08-02 23:37:41,362 [WARNING] [진입유실 방지 자동보정] LONG XRP/USDT:USDT exit=2026-08-02 07:48:27 미매칭수량=6.70000000 orderID=154765042288 tradeID=None
2026-08-02 23:37:41,362 [WARNING] [진입유실 방지 자동보정] LONG XRP/USDT:USDT exit=2026-08-02 08:25:19 미매칭수량=6.70000000 orderID=154766072211 tradeID=None
2026-08-02 23:37:41,362 [WARNING] [진입유실 방지 자동보정] LONG XRP/USDT:USDT exit=2026-08-02 11:07:15 미매칭수량=16.80000000 orderID=154770811661 tradeID=None
2026-08-02 23:37:41,362 [WARNING] [진입유실 방지 자동보정] SHORT 1000PEPE/USDT:USDT exit=2026-08-02 02:31:36 미매칭수량=1968.00000000 orderID=61389681657 tradeID=None
2026-08-02 23:37:41,362 [WARNING] [진입유실 방지 자동보정] SHORT 1000PEPE/USDT:USDT exit=2026-08-02 02:52:29 미매칭수량=1969.00000000 orderID=61390079427 tradeID=None
2026-08-02 23:37:41,362 [WARNING] [진입유실 방지 자동보정] SHORT 1000PEPE/USDT:USDT exit=2026-08-02 09:25:39 미매칭수량=7585.00000000 orderID=61394822102 tradeID=None
2026-08-02 23:37:41,362 [WARNING] [진입유실 방지 자동보정] SHORT IDOL/USDT:USDT exit=2026-08-02 10:17:17 미매칭수량=445.00000000 orderID=523897304 tradeID=None
2026-08-02 23:37:47,737 [INFO] [SCAN] 블랙리스트 5개 제외: ['IP/USDT:USDT', 'NES/USDT:USDT', 'WLD/USDT:USDT', 'XAG/USDT:USDT', 'XAU/USDT:USDT', 'XAUT/USDT:USDT']
2026-08-02 23:37:47,738 [INFO] [SCAN] 스캔 시작: 30개 페어 (캐시 31개 보유)
2026-08-02 23:38:02,003 [INFO] [SCAN] 완료: 30개 종목 · 신호 0개 · API 호출 30회 · 캐시 히트 0회
2026-08-02 23:38:11,410 [WARNING] [진입유실 방지 자동보정] LONG 1000SHIB/USDT:USDT exit=2026-07-27 04:30:21 미매칭수량=2189.00000000 orderID=31388901395 tradeID=None
2026-08-02 23:38:11,410 [WARNING] [진입유실 방지 자동보정] SHORT 1000SHIB/USDT:USDT exit=2026-07-27 07:36:19 미매칭수량=1348.00000000 orderID=31393184616 tradeID=None
2026-08-02 23:38:11,410 [WARNING] [진입유실 방지 자동보정] SHORT 1000SHIB/USDT:USDT exit=2026-07-27 11:51:02 미매칭수량=1844.00000000 orderID=31400541745 tradeID=None
2026-08-02 23:38:11,410 [WARNING] [진입유실 방지 자동보정] SHORT 1000SHIB/USDT:USDT exit=2026-07-28 06:12:27 미매칭수량=2192.00000000 orderID=31421063023 tradeID=None
2026-08-02 23:38:11,410 [WARNING] [진입유실 방지 자동보정] SHORT 1000SHIB/USDT:USDT exit=2026-08-02 01:13:53 미매칭수량=1073.00000000 orderID=31502817166 tradeID=None
2026-08-02 23:38:11,410 [WARNING] [진입유실 방지 자동보정] SHORT 1000SHIB/USDT:USDT exit=2026-08-02 02:01:20 미매칭수량=1074.00000000 orderID=31504220662 tradeID=None
2026-08-02 23:38:11,410 [WARNING] [진입유실 방지 자동보정] SHORT 1000SHIB/USDT:USDT exit=2026-08-02 09:45:32 미매칭수량=2285.00000000 orderID=31510623049 tradeID=None
2026-08-02 23:38:11,410 [WARNING] [진입유실 방지 자동보정] SHORT 1000SHIB/USDT:USDT exit=2026-08-02 10:35:19 미매칭수량=2280.00000000 orderID=31511192196 tradeID=None
2026-08-02 23:38:11,410 [WARNING] [진입유실 방지 자동보정] LONG DOGE/USDT:USDT exit=2026-07-28 09:50:41 미매칭수량=163.00000000 orderID=100915175009 tradeID=None
2026-08-02 23:38:11,410 [WARNING] [진입유실 방지 자동보정] SHORT DOGE/USDT:USDT exit=2026-07-28 20:36:48 미매칭수량=357.00000000 orderID=100925180835 tradeID=None
2026-08-02 23:38:11,410 [WARNING] [진입유실 방지 자동보정] SHORT DOGE/USDT:USDT exit=2026-07-28 23:00:41 미매칭수량=286.00000000 orderID=100927596061 tradeID=None
2026-08-02 23:38:11,410 [WARNING] [진입유실 방지 자동보정] SHORT DOGE/USDT:USDT exit=2026-07-30 20:51:14 미매칭수량=345.00000000 orderID=100976583122 tradeID=None
2026-08-02 23:38:11,410 [WARNING] [진입유실 방지 자동보정] SHORT DOGE/USDT:USDT exit=2026-07-31 10:01:31 미매칭수량=334.00000000 orderID=100988356319 tradeID=None
2026-08-02 23:38:11,410 [WARNING] [진입유실 방지 자동보정] SHORT DOGE/USDT:USDT exit=2026-08-01 18:02:18 미매칭수량=306.00000000 orderID=101015266902 tradeID=None
2026-08-02 23:38:11,410 [WARNING] [진입유실 방지 자동보정] LONG DOGE/USDT:USDT exit=2026-08-02 11:07:47 미매칭수량=259.00000000 orderID=101028099752 tradeID=None
2026-08-02 23:38:11,410 [WARNING] [진입유실 방지 자동보정] SHORT SOL/USDT:USDT exit=2026-07-29 22:32:08 미매칭수량=0.26000000 orderID=229957663104 tradeID=None
2026-08-02 23:38:11,410 [WARNING] [진입유실 방지 자동보정] LONG SOL/USDT:USDT exit=2026-07-30 02:59:19 미매칭수량=0.33000000 orderID=229996023316 tradeID=None
2026-08-02 23:38:11,410 [WARNING] [진입유실 방지 자동보정] LONG SOL/USDT:USDT exit=2026-07-30 03:32:08 미매칭수량=0.27000000 orderID=230002018782 tradeID=None
2026-08-02 23:38:11,410 [WARNING] [진입유실 방지 자동보정] SHORT SOL/USDT:USDT exit=2026-07-30 20:09:26 미매칭수량=0.32000000 orderID=230154249399 tradeID=None
2026-08-02 23:38:11,411 [WARNING] [진입유실 방지 자동보정] SHORT SOL/USDT:USDT exit=2026-07-30 20:37:48 미매칭수량=0.32000000 orderID=230157644550 tradeID=None
2026-08-02 23:38:11,411 [WARNING] [진입유실 방지 자동보정] SHORT SOL/USDT:USDT exit=2026-08-01 10:32:26 미매칭수량=0.29000000 orderID=230440972735 tradeID=None
2026-08-02 23:38:11,411 [WARNING] [진입유실 방지 자동보정] LONG SOL/USDT:USDT exit=2026-08-02 01:55:54 미매칭수량=0.25000000 orderID=230506472518 tradeID=None
2026-08-02 23:38:11,411 [WARNING] [진입유실 방지 자동보정] LONG SOL/USDT:USDT exit=2026-08-02 03:24:55 미매칭수량=0.20000000 orderID=230517041657 tradeID=None
2026-08-02 23:38:11,411 [WARNING] [진입유실 방지 자동보정] LONG XRP/USDT:USDT exit=2026-07-30 03:32:09 미매칭수량=14.70000000 orderID=154591436270 tradeID=None
2026-08-02 23:38:11,411 [WARNING] [진입유실 방지 자동보정] LONG XRP/USDT:USDT exit=2026-07-30 08:06:13 미매칭수량=18.50000000 orderID=154605732461 tradeID=None
2026-08-02 23:38:11,411 [WARNING] [진입유실 방지 자동보정] LONG XRP/USDT:USDT exit=2026-07-30 22:11:04 미매칭수량=17.50000000 orderID=154637963852 tradeID=None
2026-08-02 23:38:11,411 [WARNING] [진입유실 방지 자동보정] SHORT XRP/USDT:USDT exit=2026-07-31 15:18:55 미매칭수량=28.50000000 orderID=154681353788 tradeID=None
2026-08-02 23:38:11,411 [WARNING] [진입유실 방지 자동보정] LONG XRP/USDT:USDT exit=2026-08-02 07:48:27 미매칭수량=6.70000000 orderID=154765042288 tradeID=None
2026-08-02 23:38:11,411 [WARNING] [진입유실 방지 자동보정] LONG XRP/USDT:USDT exit=2026-08-02 08:25:19 미매칭수량=6.70000000 orderID=154766072211 tradeID=None
2026-08-02 23:38:11,411 [WARNING] [진입유실 방지 자동보정] LONG XRP/USDT:USDT exit=2026-08-02 11:07:15 미매칭수량=16.80000000 orderID=154770811661 tradeID=None
2026-08-02 23:38:11,411 [WARNING] [진입유실 방지 자동보정] SHORT 1000PEPE/USDT:USDT exit=2026-08-02 02:31:36 미매칭수량=1968.00000000 orderID=61389681657 tradeID=None
2026-08-02 23:38:11,411 [WARNING] [진입유실 방지 자동보정] SHORT 1000PEPE/USDT:USDT exit=2026-08-02 02:52:29 미매칭수량=1969.00000000 orderID=61390079427 tradeID=None
2026-08-02 23:38:11,411 [WARNING] [진입유실 방지 자동보정] SHORT 1000PEPE/USDT:USDT exit=2026-08-02 09:25:39 미매칭수량=7585.00000000 orderID=61394822102 tradeID=None
2026-08-02 23:38:11,411 [WARNING] [진입유실 방지 자동보정] SHORT IDOL/USDT:USDT exit=2026-08-02 10:17:17 미매칭수량=445.00000000 orderID=523897304 tradeID=None
2026-08-02 23:38:17,188 [INFO] [SCAN] 블랙리스트 5개 제외: ['IP/USDT:USDT', 'NES/USDT:USDT', 'WLD/USDT:USDT', 'XAG/USDT:USDT', 'XAU/USDT:USDT', 'XAUT/USDT:USDT']
2026-08-02 23:38:17,189 [INFO] [SCAN] 스캔 시작: 30개 페어 (캐시 31개 보유)
2026-08-02 23:38:31,352 [INFO] [SCAN] 완료: 30개 종목 · 신호 0개 · API 호출 30회 · 캐시 히트 0회
2026-08-02 23:38:31,449 [INFO] [PERSIST] HOME/USDT:USDT 포지션이 거래소에 존재하지 않음 (오프라인 청산 감지) → 상태 삭제
2026-08-02 23:38:31,451 [INFO] [PERSIST] 활성 포지션 상태 저장 완료
2026-08-02 23:38:31,547 [WARNING] [PROTECT GUARD] BNB/USDT:USDT LONG 보호주문 없음(무방비) → TP/SL 재무장 시도
2026-08-02 23:38:34,457 [ERROR] [PROTECT REARM] BNB/USDT:USDT long TP/SL 보호주문 재설정 실패: binance {"code":-4130,"msg":"An open stop or take profit order with GTE and closePosition in the direction is existing."}
2026-08-02 23:38:34,457 [ERROR] [PROTECT GUARD] BNB/USDT:USDT LONG 보호주문 재무장 실패 — 수동 확인 필요
2026-08-02 23:38:36,615 [INFO] [상태] 잔고:$9.97 | 포지션:1개 | 스캔:67회 | 스캐너:ON
2026-08-02 23:38:41,649 [WARNING] [진입유실 방지 자동보정] LONG 1000SHIB/USDT:USDT exit=2026-07-27 04:30:21 미매칭수량=2189.00000000 orderID=31388901395 tradeID=None
2026-08-02 23:38:41,649 [WARNING] [진입유실 방지 자동보정] SHORT 1000SHIB/USDT:USDT exit=2026-07-27 07:36:19 미매칭수량=1348.00000000 orderID=31393184616 tradeID=None
2026-08-02 23:38:41,650 [WARNING] [진입유실 방지 자동보정] SHORT 1000SHIB/USDT:USDT exit=2026-07-27 11:51:02 미매칭수량=1844.00000000 orderID=31400541745 tradeID=None
2026-08-02 23:38:41,650 [WARNING] [진입유실 방지 자동보정] SHORT 1000SHIB/USDT:USDT exit=2026-07-28 06:12:27 미매칭수량=2192.00000000 orderID=31421063023 tradeID=None
2026-08-02 23:38:41,650 [WARNING] [진입유실 방지 자동보정] SHORT 1000SHIB/USDT:USDT exit=2026-08-02 01:13:53 미매칭수량=1073.00000000 orderID=31502817166 tradeID=None
2026-08-02 23:38:41,650 [WARNING] [진입유실 방지 자동보정] SHORT 1000SHIB/USDT:USDT exit=2026-08-02 02:01:20 미매칭수량=1074.00000000 orderID=31504220662 tradeID=None
2026-08-02 23:38:41,650 [WARNING] [진입유실 방지 자동보정] SHORT 1000SHIB/USDT:USDT exit=2026-08-02 09:45:32 미매칭수량=2285.00000000 orderID=31510623049 tradeID=None
2026-08-02 23:38:41,650 [WARNING] [진입유실 방지 자동보정] SHORT 1000SHIB/USDT:USDT exit=2026-08-02 10:35:19 미매칭수량=2280.00000000 orderID=31511192196 tradeID=None
2026-08-02 23:38:41,650 [WARNING] [진입유실 방지 자동보정] LONG DOGE/USDT:USDT exit=2026-07-28 09:50:41 미매칭수량=163.00000000 orderID=100915175009 tradeID=None
2026-08-02 23:38:41,650 [WARNING] [진입유실 방지 자동보정] SHORT DOGE/USDT:USDT exit=2026-07-28 20:36:48 미매칭수량=357.00000000 orderID=100925180835 tradeID=None
2026-08-02 23:38:41,650 [WARNING] [진입유실 방지 자동보정] SHORT DOGE/USDT:USDT exit=2026-07-28 23:00:41 미매칭수량=286.00000000 orderID=100927596061 tradeID=None
2026-08-02 23:38:41,650 [WARNING] [진입유실 방지 자동보정] SHORT DOGE/USDT:USDT exit=2026-07-30 20:51:14 미매칭수량=345.00000000 orderID=100976583122 tradeID=None
2026-08-02 23:38:41,650 [WARNING] [진입유실 방지 자동보정] SHORT DOGE/USDT:USDT exit=2026-07-31 10:01:31 미매칭수량=334.00000000 orderID=100988356319 tradeID=None
2026-08-02 23:38:41,650 [WARNING] [진입유실 방지 자동보정] SHORT DOGE/USDT:USDT exit=2026-08-01 18:02:18 미매칭수량=306.00000000 orderID=101015266902 tradeID=None
2026-08-02 23:38:41,650 [WARNING] [진입유실 방지 자동보정] LONG DOGE/USDT:USDT exit=2026-08-02 11:07:47 미매칭수량=259.00000000 orderID=101028099752 tradeID=None
2026-08-02 23:38:41,650 [WARNING] [진입유실 방지 자동보정] SHORT SOL/USDT:USDT exit=2026-07-29 22:32:08 미매칭수량=0.26000000 orderID=229957663104 tradeID=None
2026-08-02 23:38:41,650 [WARNING] [진입유실 방지 자동보정] LONG SOL/USDT:USDT exit=2026-07-30 02:59:19 미매칭수량=0.33000000 orderID=229996023316 tradeID=None
2026-08-02 23:38:41,651 [WARNING] [진입유실 방지 자동보정] LONG SOL/USDT:USDT exit=2026-07-30 03:32:08 미매칭수량=0.27000000 orderID=230002018782 tradeID=None
2026-08-02 23:38:41,651 [WARNING] [진입유실 방지 자동보정] SHORT SOL/USDT:USDT exit=2026-07-30 20:09:26 미매칭수량=0.32000000 orderID=230154249399 tradeID=None
2026-08-02 23:38:41,651 [WARNING] [진입유실 방지 자동보정] SHORT SOL/USDT:USDT exit=2026-07-30 20:37:48 미매칭수량=0.32000000 orderID=230157644550 tradeID=None
2026-08-02 23:38:41,651 [WARNING] [진입유실 방지 자동보정] SHORT SOL/USDT:USDT exit=2026-08-01 10:32:26 미매칭수량=0.29000000 orderID=230440972735 tradeID=None
2026-08-02 23:38:41,651 [WARNING] [진입유실 방지 자동보정] LONG SOL/USDT:USDT exit=2026-08-02 01:55:54 미매칭수량=0.25000000 orderID=230506472518 tradeID=None
2026-08-02 23:38:41,651 [WARNING] [진입유실 방지 자동보정] LONG SOL/USDT:USDT exit=2026-08-02 03:24:55 미매칭수량=0.20000000 orderID=230517041657 tradeID=None
2026-08-02 23:38:41,651 [WARNING] [진입유실 방지 자동보정] LONG XRP/USDT:USDT exit=2026-07-30 03:32:09 미매칭수량=14.70000000 orderID=154591436270 tradeID=None
2026-08-02 23:38:41,651 [WARNING] [진입유실 방지 자동보정] LONG XRP/USDT:USDT exit=2026-07-30 08:06:13 미매칭수량=18.50000000 orderID=154605732461 tradeID=None
2026-08-02 23:38:41,651 [WARNING] [진입유실 방지 자동보정] LONG XRP/USDT:USDT exit=2026-07-30 22:11:04 미매칭수량=17.50000000 orderID=154637963852 tradeID=None
2026-08-02 23:38:41,651 [WARNING] [진입유실 방지 자동보정] SHORT XRP/USDT:USDT exit=2026-07-31 15:18:55 미매칭수량=28.50000000 orderID=154681353788 tradeID=None
2026-08-02 23:38:41,651 [WARNING] [진입유실 방지 자동보정] LONG XRP/USDT:USDT exit=2026-08-02 07:48:27 미매칭수량=6.70000000 orderID=154765042288 tradeID=None
2026-08-02 23:38:41,651 [WARNING] [진입유실 방지 자동보정] LONG XRP/USDT:USDT exit=2026-08-02 08:25:19 미매칭수량=6.70000000 orderID=154766072211 tradeID=None
2026-08-02 23:38:41,651 [WARNING] [진입유실 방지 자동보정] LONG XRP/USDT:USDT exit=2026-08-02 11:07:15 미매칭수량=16.80000000 orderID=154770811661 tradeID=None
2026-08-02 23:38:41,651 [WARNING] [진입유실 방지 자동보정] SHORT 1000PEPE/USDT:USDT exit=2026-08-02 02:31:36 미매칭수량=1968.00000000 orderID=61389681657 tradeID=None
2026-08-02 23:38:41,651 [WARNING] [진입유실 방지 자동보정] SHORT 1000PEPE/USDT:USDT exit=2026-08-02 02:52:29 미매칭수량=1969.00000000 orderID=61390079427 tradeID=None
2026-08-02 23:38:41,651 [WARNING] [진입유실 방지 자동보정] SHORT 1000PEPE/USDT:USDT exit=2026-08-02 09:25:39 미매칭수량=7585.00000000 orderID=61394822102 tradeID=None
2026-08-02 23:38:41,652 [WARNING] [진입유실 방지 자동보정] SHORT IDOL/USDT:USDT exit=2026-08-02 10:17:17 미매칭수량=445.00000000 orderID=523897304 tradeID=None
2026-08-02 23:38:49,605 [INFO] [SCAN] 블랙리스트 5개 제외: ['IP/USDT:USDT', 'NES/USDT:USDT', 'WLD/USDT:USDT', 'XAG/USDT:USDT', 'XAU/USDT:USDT', 'XAUT/USDT:USDT']
2026-08-02 23:38:49,605 [INFO] [SCAN] 스캔 시작: 30개 페어 (캐시 31개 보유)
2026-08-02 23:39:03,932 [INFO] [SCAN] 완료: 30개 종목 · 신호 0개 · API 호출 30회 · 캐시 히트 0회
2026-08-02 23:39:11,717 [WARNING] [진입유실 방지 자동보정] LONG 1000SHIB/USDT:USDT exit=2026-07-27 04:30:21 미매칭수량=2189.00000000 orderID=31388901395 tradeID=None
2026-08-02 23:39:11,717 [WARNING] [진입유실 방지 자동보정] SHORT 1000SHIB/USDT:USDT exit=2026-07-27 07:36:19 미매칭수량=1348.00000000 orderID=31393184616 tradeID=None
2026-08-02 23:39:11,717 [WARNING] [진입유실 방지 자동보정] SHORT 1000SHIB/USDT:USDT exit=2026-07-27 11:51:02 미매칭수량=1844.00000000 orderID=31400541745 tradeID=None
2026-08-02 23:39:11,717 [WARNING] [진입유실 방지 자동보정] SHORT 1000SHIB/USDT:USDT exit=2026-07-28 06:12:27 미매칭수량=2192.00000000 orderID=31421063023 tradeID=None
2026-08-02 23:39:11,717 [WARNING] [진입유실 방지 자동보정] SHORT 1000SHIB/USDT:USDT exit=2026-08-02 01:13:53 미매칭수량=1073.00000000 orderID=31502817166 tradeID=None
2026-08-02 23:39:11,717 [WARNING] [진입유실 방지 자동보정] SHORT 1000SHIB/USDT:USDT exit=2026-08-02 02:01:20 미매칭수량=1074.00000000 orderID=31504220662 tradeID=None
2026-08-02 23:39:11,717 [WARNING] [진입유실 방지 자동보정] SHORT 1000SHIB/USDT:USDT exit=2026-08-02 09:45:32 미매칭수량=2285.00000000 orderID=31510623049 tradeID=None
2026-08-02 23:39:11,717 [WARNING] [진입유실 방지 자동보정] SHORT 1000SHIB/USDT:USDT exit=2026-08-02 10:35:19 미매칭수량=2280.00000000 orderID=31511192196 tradeID=None
2026-08-02 23:39:11,717 [WARNING] [진입유실 방지 자동보정] LONG DOGE/USDT:USDT exit=2026-07-28 09:50:41 미매칭수량=163.00000000 orderID=100915175009 tradeID=None
2026-08-02 23:39:11,717 [WARNING] [진입유실 방지 자동보정] SHORT DOGE/USDT:USDT exit=2026-07-28 20:36:48 미매칭수량=357.00000000 orderID=100925180835 tradeID=None
2026-08-02 23:39:11,717 [WARNING] [진입유실 방지 자동보정] SHORT DOGE/USDT:USDT exit=2026-07-28 23:00:41 미매칭수량=286.00000000 orderID=100927596061 tradeID=None
2026-08-02 23:39:11,718 [WARNING] [진입유실 방지 자동보정] SHORT DOGE/USDT:USDT exit=2026-07-30 20:51:14 미매칭수량=345.00000000 orderID=100976583122 tradeID=None
2026-08-02 23:39:11,718 [WARNING] [진입유실 방지 자동보정] SHORT DOGE/USDT:USDT exit=2026-07-31 10:01:31 미매칭수량=334.00000000 orderID=100988356319 tradeID=None
2026-08-02 23:39:11,718 [WARNING] [진입유실 방지 자동보정] SHORT DOGE/USDT:USDT exit=2026-08-01 18:02:18 미매칭수량=306.00000000 orderID=101015266902 tradeID=None
2026-08-02 23:39:11,718 [WARNING] [진입유실 방지 자동보정] LONG DOGE/USDT:USDT exit=2026-08-02 11:07:47 미매칭수량=259.00000000 orderID=101028099752 tradeID=None
2026-08-02 23:39:11,718 [WARNING] [진입유실 방지 자동보정] SHORT SOL/USDT:USDT exit=2026-07-29 22:32:08 미매칭수량=0.26000000 orderID=229957663104 tradeID=None
2026-08-02 23:39:11,718 [WARNING] [진입유실 방지 자동보정] LONG SOL/USDT:USDT exit=2026-07-30 02:59:19 미매칭수량=0.33000000 orderID=229996023316 tradeID=None
2026-08-02 23:39:11,718 [WARNING] [진입유실 방지 자동보정] LONG SOL/USDT:USDT exit=2026-07-30 03:32:08 미매칭수량=0.27000000 orderID=230002018782 tradeID=None
2026-08-02 23:39:11,718 [WARNING] [진입유실 방지 자동보정] SHORT SOL/USDT:USDT exit=2026-07-30 20:09:26 미매칭수량=0.32000000 orderID=230154249399 tradeID=None
2026-08-02 23:39:11,718 [WARNING] [진입유실 방지 자동보정] SHORT SOL/USDT:USDT exit=2026-07-30 20:37:48 미매칭수량=0.32000000 orderID=230157644550 tradeID=None
2026-08-02 23:39:11,718 [WARNING] [진입유실 방지 자동보정] SHORT SOL/USDT:USDT exit=2026-08-01 10:32:26 미매칭수량=0.29000000 orderID=230440972735 tradeID=None
2026-08-02 23:39:11,718 [WARNING] [진입유실 방지 자동보정] LONG SOL/USDT:USDT exit=2026-08-02 01:55:54 미매칭수량=0.25000000 orderID=230506472518 tradeID=None
2026-08-02 23:39:11,718 [WARNING] [진입유실 방지 자동보정] LONG SOL/USDT:USDT exit=2026-08-02 03:24:55 미매칭수량=0.20000000 orderID=230517041657 tradeID=None
2026-08-02 23:39:11,718 [WARNING] [진입유실 방지 자동보정] LONG XRP/USDT:USDT exit=2026-07-30 03:32:09 미매칭수량=14.70000000 orderID=154591436270 tradeID=None
2026-08-02 23:39:11,718 [WARNING] [진입유실 방지 자동보정] LONG XRP/USDT:USDT exit=2026-07-30 08:06:13 미매칭수량=18.50000000 orderID=154605732461 tradeID=None
2026-08-02 23:39:11,718 [WARNING] [진입유실 방지 자동보정] LONG XRP/USDT:USDT exit=2026-07-30 22:11:04 미매칭수량=17.50000000 orderID=154637963852 tradeID=None
2026-08-02 23:39:11,718 [WARNING] [진입유실 방지 자동보정] SHORT XRP/USDT:USDT exit=2026-07-31 15:18:55 미매칭수량=28.50000000 orderID=154681353788 tradeID=None
2026-08-02 23:39:11,718 [WARNING] [진입유실 방지 자동보정] LONG XRP/USDT:USDT exit=2026-08-02 07:48:27 미매칭수량=6.70000000 orderID=154765042288 tradeID=None
2026-08-02 23:39:11,718 [WARNING] [진입유실 방지 자동보정] LONG XRP/USDT:USDT exit=2026-08-02 08:25:19 미매칭수량=6.70000000 orderID=154766072211 tradeID=None
2026-08-02 23:39:11,718 [WARNING] [진입유실 방지 자동보정] LONG XRP/USDT:USDT exit=2026-08-02 11:07:15 미매칭수량=16.80000000 orderID=154770811661 tradeID=None
2026-08-02 23:39:11,718 [WARNING] [진입유실 방지 자동보정] SHORT 1000PEPE/USDT:USDT exit=2026-08-02 02:31:36 미매칭수량=1968.00000000 orderID=61389681657 tradeID=None
2026-08-02 23:39:11,718 [WARNING] [진입유실 방지 자동보정] SHORT 1000PEPE/USDT:USDT exit=2026-08-02 02:52:29 미매칭수량=1969.00000000 orderID=61390079427 tradeID=None
2026-08-02 23:39:11,718 [WARNING] [진입유실 방지 자동보정] SHORT 1000PEPE/USDT:USDT exit=2026-08-02 09:25:39 미매칭수량=7585.00000000 orderID=61394822102 tradeID=None
2026-08-02 23:39:11,718 [WARNING] [진입유실 방지 자동보정] SHORT IDOL/USDT:USDT exit=2026-08-02 10:17:17 미매칭수량=445.00000000 orderID=523897304 tradeID=None
2026-08-02 23:39:19,131 [INFO] [SCAN] 블랙리스트 5개 제외: ['IP/USDT:USDT', 'NES/USDT:USDT', 'WLD/USDT:USDT', 'XAG/USDT:USDT', 'XAU/USDT:USDT', 'XAUT/USDT:USDT']
2026-08-02 23:39:19,131 [INFO] [SCAN] 스캔 시작: 30개 페어 (캐시 31개 보유)
2026-08-02 23:39:33,441 [INFO] [SCAN] 완료: 30개 종목 · 신호 0개 · API 호출 30회 · 캐시 히트 0회
2026-08-02 23:39:33,633 [WARNING] [PROTECT GUARD] BNB/USDT:USDT LONG 보호주문 없음(무방비) → TP/SL 재무장 시도
2026-08-02 23:39:36,562 [ERROR] [PROTECT REARM] BNB/USDT:USDT long TP/SL 보호주문 재설정 실패: binance {"code":-4130,"msg":"An open stop or take profit order with GTE and closePosition in the direction is existing."}
2026-08-02 23:39:36,564 [ERROR] [PROTECT GUARD] BNB/USDT:USDT LONG 보호주문 재무장 실패 — 수동 확인 필요
2026-08-02 23:39:36,931 [INFO] [상태] 잔고:$9.96 | 포지션:1개 | 스캔:69회 | 스캐너:ON
2026-08-02 23:39:41,998 [WARNING] [진입유실 방지 자동보정] LONG 1000SHIB/USDT:USDT exit=2026-07-27 04:30:21 미매칭수량=2189.00000000 orderID=31388901395 tradeID=None
2026-08-02 23:39:41,999 [WARNING] [진입유실 방지 자동보정] SHORT 1000SHIB/USDT:USDT exit=2026-07-27 07:36:19 미매칭수량=1348.00000000 orderID=31393184616 tradeID=None
2026-08-02 23:39:41,999 [WARNING] [진입유실 방지 자동보정] SHORT 1000SHIB/USDT:USDT exit=2026-07-27 11:51:02 미매칭수량=1844.00000000 orderID=31400541745 tradeID=None
2026-08-02 23:39:41,999 [WARNING] [진입유실 방지 자동보정] SHORT 1000SHIB/USDT:USDT exit=2026-07-28 06:12:27 미매칭수량=2192.00000000 orderID=31421063023 tradeID=None
2026-08-02 23:39:41,999 [WARNING] [진입유실 방지 자동보정] SHORT 1000SHIB/USDT:USDT exit=2026-08-02 01:13:53 미매칭수량=1073.00000000 orderID=31502817166 tradeID=None
2026-08-02 23:39:41,999 [WARNING] [진입유실 방지 자동보정] SHORT 1000SHIB/USDT:USDT exit=2026-08-02 02:01:20 미매칭수량=1074.00000000 orderID=31504220662 tradeID=None
2026-08-02 23:39:41,999 [WARNING] [진입유실 방지 자동보정] SHORT 1000SHIB/USDT:USDT exit=2026-08-02 09:45:32 미매칭수량=2285.00000000 orderID=31510623049 tradeID=None
2026-08-02 23:39:41,999 [WARNING] [진입유실 방지 자동보정] SHORT 1000SHIB/USDT:USDT exit=2026-08-02 10:35:19 미매칭수량=2280.00000000 orderID=31511192196 tradeID=None
2026-08-02 23:39:41,999 [WARNING] [진입유실 방지 자동보정] LONG DOGE/USDT:USDT exit=2026-07-28 09:50:41 미매칭수량=163.00000000 orderID=100915175009 tradeID=None
2026-08-02 23:39:41,999 [WARNING] [진입유실 방지 자동보정] SHORT DOGE/USDT:USDT exit=2026-07-28 20:36:48 미매칭수량=357.00000000 orderID=100925180835 tradeID=None
2026-08-02 23:39:41,999 [WARNING] [진입유실 방지 자동보정] SHORT DOGE/USDT:USDT exit=2026-07-28 23:00:41 미매칭수량=286.00000000 orderID=100927596061 tradeID=None
2026-08-02 23:39:41,999 [WARNING] [진입유실 방지 자동보정] SHORT DOGE/USDT:USDT exit=2026-07-30 20:51:14 미매칭수량=345.00000000 orderID=100976583122 tradeID=None
2026-08-02 23:39:41,999 [WARNING] [진입유실 방지 자동보정] SHORT DOGE/USDT:USDT exit=2026-07-31 10:01:31 미매칭수량=334.00000000 orderID=100988356319 tradeID=None
2026-08-02 23:39:41,999 [WARNING] [진입유실 방지 자동보정] SHORT DOGE/USDT:USDT exit=2026-08-01 18:02:18 미매칭수량=306.00000000 orderID=101015266902 tradeID=None
2026-08-02 23:39:41,999 [WARNING] [진입유실 방지 자동보정] LONG DOGE/USDT:USDT exit=2026-08-02 11:07:47 미매칭수량=259.00000000 orderID=101028099752 tradeID=None
2026-08-02 23:39:41,999 [WARNING] [진입유실 방지 자동보정] SHORT SOL/USDT:USDT exit=2026-07-29 22:32:08 미매칭수량=0.26000000 orderID=229957663104 tradeID=None
2026-08-02 23:39:41,999 [WARNING] [진입유실 방지 자동보정] LONG SOL/USDT:USDT exit=2026-07-30 02:59:19 미매칭수량=0.33000000 orderID=229996023316 tradeID=None
2026-08-02 23:39:41,999 [WARNING] [진입유실 방지 자동보정] LONG SOL/USDT:USDT exit=2026-07-30 03:32:08 미매칭수량=0.27000000 orderID=230002018782 tradeID=None
2026-08-02 23:39:41,999 [WARNING] [진입유실 방지 자동보정] SHORT SOL/USDT:USDT exit=2026-07-30 20:09:26 미매칭수량=0.32000000 orderID=230154249399 tradeID=None
2026-08-02 23:39:42,000 [WARNING] [진입유실 방지 자동보정] SHORT SOL/USDT:USDT exit=2026-07-30 20:37:48 미매칭수량=0.32000000 orderID=230157644550 tradeID=None
2026-08-02 23:39:42,000 [WARNING] [진입유실 방지 자동보정] SHORT SOL/USDT:USDT exit=2026-08-01 10:32:26 미매칭수량=0.29000000 orderID=230440972735 tradeID=None
2026-08-02 23:39:42,000 [WARNING] [진입유실 방지 자동보정] LONG SOL/USDT:USDT exit=2026-08-02 01:55:54 미매칭수량=0.25000000 orderID=230506472518 tradeID=None
2026-08-02 23:39:42,000 [WARNING] [진입유실 방지 자동보정] LONG SOL/USDT:USDT exit=2026-08-02 03:24:55 미매칭수량=0.20000000 orderID=230517041657 tradeID=None
2026-08-02 23:39:42,000 [WARNING] [진입유실 방지 자동보정] LONG XRP/USDT:USDT exit=2026-07-30 03:32:09 미매칭수량=14.70000000 orderID=154591436270 tradeID=None
2026-08-02 23:39:42,000 [WARNING] [진입유실 방지 자동보정] LONG XRP/USDT:USDT exit=2026-07-30 08:06:13 미매칭수량=18.50000000 orderID=154605732461 tradeID=None
2026-08-02 23:39:42,000 [WARNING] [진입유실 방지 자동보정] LONG XRP/USDT:USDT exit=2026-07-30 22:11:04 미매칭수량=17.50000000 orderID=154637963852 tradeID=None
2026-08-02 23:39:42,000 [WARNING] [진입유실 방지 자동보정] SHORT XRP/USDT:USDT exit=2026-07-31 15:18:55 미매칭수량=28.50000000 orderID=154681353788 tradeID=None
2026-08-02 23:39:42,000 [WARNING] [진입유실 방지 자동보정] LONG XRP/USDT:USDT exit=2026-08-02 07:48:27 미매칭수량=6.70000000 orderID=154765042288 tradeID=None
2026-08-02 23:39:42,000 [WARNING] [진입유실 방지 자동보정] LONG XRP/USDT:USDT exit=2026-08-02 08:25:19 미매칭수량=6.70000000 orderID=154766072211 tradeID=None
2026-08-02 23:39:42,000 [WARNING] [진입유실 방지 자동보정] LONG XRP/USDT:USDT exit=2026-08-02 11:07:15 미매칭수량=16.80000000 orderID=154770811661 tradeID=None
2026-08-02 23:39:42,000 [WARNING] [진입유실 방지 자동보정] SHORT 1000PEPE/USDT:USDT exit=2026-08-02 02:31:36 미매칭수량=1968.00000000 orderID=61389681657 tradeID=None
2026-08-02 23:39:42,000 [WARNING] [진입유실 방지 자동보정] SHORT 1000PEPE/USDT:USDT exit=2026-08-02 02:52:29 미매칭수량=1969.00000000 orderID=61390079427 tradeID=None
2026-08-02 23:39:42,000 [WARNING] [진입유실 방지 자동보정] SHORT 1000PEPE/USDT:USDT exit=2026-08-02 09:25:39 미매칭수량=7585.00000000 orderID=61394822102 tradeID=None
2026-08-02 23:39:42,001 [WARNING] [진입유실 방지 자동보정] SHORT IDOL/USDT:USDT exit=2026-08-02 10:17:17 미매칭수량=445.00000000 orderID=523897304 tradeID=None
2026-08-02 23:39:51,707 [INFO] [SCAN] 블랙리스트 5개 제외: ['IP/USDT:USDT', 'NES/USDT:USDT', 'WLD/USDT:USDT', 'XAG/USDT:USDT', 'XAU/USDT:USDT', 'XAUT/USDT:USDT']
2026-08-02 23:39:51,707 [INFO] [SCAN] 스캔 시작: 30개 페어 (캐시 31개 보유)
2026-08-02 23:40:06,200 [INFO] [SCAN] 완료: 30개 종목 · 신호 0개 · API 호출 30회 · 캐시 히트 0회
2026-08-02 23:40:12,061 [WARNING] [진입유실 방지 자동보정] LONG 1000SHIB/USDT:USDT exit=2026-07-27 04:30:21 미매칭수량=2189.00000000 orderID=31388901395 tradeID=None
2026-08-02 23:40:12,061 [WARNING] [진입유실 방지 자동보정] SHORT 1000SHIB/USDT:USDT exit=2026-07-27 07:36:19 미매칭수량=1348.00000000 orderID=31393184616 tradeID=None
2026-08-02 23:40:12,061 [WARNING] [진입유실 방지 자동보정] SHORT 1000SHIB/USDT:USDT exit=2026-07-27 11:51:02 미매칭수량=1844.00000000 orderID=31400541745 tradeID=None
2026-08-02 23:40:12,061 [WARNING] [진입유실 방지 자동보정] SHORT 1000SHIB/USDT:USDT exit=2026-07-28 06:12:27 미매칭수량=2192.00000000 orderID=31421063023 tradeID=None
2026-08-02 23:40:12,061 [WARNING] [진입유실 방지 자동보정] SHORT 1000SHIB/USDT:USDT exit=2026-08-02 01:13:53 미매칭수량=1073.00000000 orderID=31502817166 tradeID=None
2026-08-02 23:40:12,061 [WARNING] [진입유실 방지 자동보정] SHORT 1000SHIB/USDT:USDT exit=2026-08-02 02:01:20 미매칭수량=1074.00000000 orderID=31504220662 tradeID=None
2026-08-02 23:40:12,061 [WARNING] [진입유실 방지 자동보정] SHORT 1000SHIB/USDT:USDT exit=2026-08-02 09:45:32 미매칭수량=2285.00000000 orderID=31510623049 tradeID=None
2026-08-02 23:40:12,061 [WARNING] [진입유실 방지 자동보정] SHORT 1000SHIB/USDT:USDT exit=2026-08-02 10:35:19 미매칭수량=2280.00000000 orderID=31511192196 tradeID=None
2026-08-02 23:40:12,061 [WARNING] [진입유실 방지 자동보정] LONG DOGE/USDT:USDT exit=2026-07-28 09:50:41 미매칭수량=163.00000000 orderID=100915175009 tradeID=None
2026-08-02 23:40:12,061 [WARNING] [진입유실 방지 자동보정] SHORT DOGE/USDT:USDT exit=2026-07-28 20:36:48 미매칭수량=357.00000000 orderID=100925180835 tradeID=None
2026-08-02 23:40:12,061 [WARNING] [진입유실 방지 자동보정] SHORT DOGE/USDT:USDT exit=2026-07-28 23:00:41 미매칭수량=286.00000000 orderID=100927596061 tradeID=None
2026-08-02 23:40:12,061 [WARNING] [진입유실 방지 자동보정] SHORT DOGE/USDT:USDT exit=2026-07-30 20:51:14 미매칭수량=345.00000000 orderID=100976583122 tradeID=None
2026-08-02 23:40:12,061 [WARNING] [진입유실 방지 자동보정] SHORT DOGE/USDT:USDT exit=2026-07-31 10:01:31 미매칭수량=334.00000000 orderID=100988356319 tradeID=None
2026-08-02 23:40:12,061 [WARNING] [진입유실 방지 자동보정] SHORT DOGE/USDT:USDT exit=2026-08-01 18:02:18 미매칭수량=306.00000000 orderID=101015266902 tradeID=None
2026-08-02 23:40:12,062 [WARNING] [진입유실 방지 자동보정] LONG DOGE/USDT:USDT exit=2026-08-02 11:07:47 미매칭수량=259.00000000 orderID=101028099752 tradeID=None
2026-08-02 23:40:12,062 [WARNING] [진입유실 방지 자동보정] SHORT SOL/USDT:USDT exit=2026-07-29 22:32:08 미매칭수량=0.26000000 orderID=229957663104 tradeID=None
2026-08-02 23:40:12,062 [WARNING] [진입유실 방지 자동보정] LONG SOL/USDT:USDT exit=2026-07-30 02:59:19 미매칭수량=0.33000000 orderID=229996023316 tradeID=None
2026-08-02 23:40:12,062 [WARNING] [진입유실 방지 자동보정] LONG SOL/USDT:USDT exit=2026-07-30 03:32:08 미매칭수량=0.27000000 orderID=230002018782 tradeID=None
2026-08-02 23:40:12,062 [WARNING] [진입유실 방지 자동보정] SHORT SOL/USDT:USDT exit=2026-07-30 20:09:26 미매칭수량=0.32000000 orderID=230154249399 tradeID=None
2026-08-02 23:40:12,062 [WARNING] [진입유실 방지 자동보정] SHORT SOL/USDT:USDT exit=2026-07-30 20:37:48 미매칭수량=0.32000000 orderID=230157644550 tradeID=None
2026-08-02 23:40:12,062 [WARNING] [진입유실 방지 자동보정] SHORT SOL/USDT:USDT exit=2026-08-01 10:32:26 미매칭수량=0.29000000 orderID=230440972735 tradeID=None
2026-08-02 23:40:12,062 [WARNING] [진입유실 방지 자동보정] LONG SOL/USDT:USDT exit=2026-08-02 01:55:54 미매칭수량=0.25000000 orderID=230506472518 tradeID=None
2026-08-02 23:40:12,062 [WARNING] [진입유실 방지 자동보정] LONG SOL/USDT:USDT exit=2026-08-02 03:24:55 미매칭수량=0.20000000 orderID=230517041657 tradeID=None
2026-08-02 23:40:12,062 [WARNING] [진입유실 방지 자동보정] LONG XRP/USDT:USDT exit=2026-07-30 03:32:09 미매칭수량=14.70000000 orderID=154591436270 tradeID=None
2026-08-02 23:40:12,062 [WARNING] [진입유실 방지 자동보정] LONG XRP/USDT:USDT exit=2026-07-30 08:06:13 미매칭수량=18.50000000 orderID=154605732461 tradeID=None
2026-08-02 23:40:12,062 [WARNING] [진입유실 방지 자동보정] LONG XRP/USDT:USDT exit=2026-07-30 22:11:04 미매칭수량=17.50000000 orderID=154637963852 tradeID=None
2026-08-02 23:40:12,062 [WARNING] [진입유실 방지 자동보정] SHORT XRP/USDT:USDT exit=2026-07-31 15:18:55 미매칭수량=28.50000000 orderID=154681353788 tradeID=None
2026-08-02 23:40:12,062 [WARNING] [진입유실 방지 자동보정] LONG XRP/USDT:USDT exit=2026-08-02 07:48:27 미매칭수량=6.70000000 orderID=154765042288 tradeID=None
2026-08-02 23:40:12,062 [WARNING] [진입유실 방지 자동보정] LONG XRP/USDT:USDT exit=2026-08-02 08:25:19 미매칭수량=6.70000000 orderID=154766072211 tradeID=None
2026-08-02 23:40:12,062 [WARNING] [진입유실 방지 자동보정] LONG XRP/USDT:USDT exit=2026-08-02 11:07:15 미매칭수량=16.80000000 orderID=154770811661 tradeID=None
2026-08-02 23:40:12,062 [WARNING] [진입유실 방지 자동보정] SHORT 1000PEPE/USDT:USDT exit=2026-08-02 02:31:36 미매칭수량=1968.00000000 orderID=61389681657 tradeID=None
2026-08-02 23:40:12,062 [WARNING] [진입유실 방지 자동보정] SHORT 1000PEPE/USDT:USDT exit=2026-08-02 02:52:29 미매칭수량=1969.00000000 orderID=61390079427 tradeID=None
2026-08-02 23:40:12,062 [WARNING] [진입유실 방지 자동보정] SHORT 1000PEPE/USDT:USDT exit=2026-08-02 09:25:39 미매칭수량=7585.00000000 orderID=61394822102 tradeID=None
2026-08-02 23:40:12,062 [WARNING] [진입유실 방지 자동보정] SHORT IDOL/USDT:USDT exit=2026-08-02 10:17:17 미매칭수량=445.00000000 orderID=523897304 tradeID=None
2026-08-02 23:40:21,469 [INFO] [SCAN] 블랙리스트 5개 제외: ['IP/USDT:USDT', 'NES/USDT:USDT', 'WLD/USDT:USDT', 'XAG/USDT:USDT', 'XAU/USDT:USDT', 'XAUT/USDT:USDT']
2026-08-02 23:40:21,469 [INFO] [SCAN] 스캔 시작: 30개 페어 (캐시 31개 보유)
2026-08-02 23:40:36,031 [INFO] [SCAN] 완료: 30개 종목 · 신호 0개 · API 호출 30회 · 캐시 히트 0회
2026-08-02 23:40:36,223 [WARNING] [PROTECT GUARD] BNB/USDT:USDT LONG 보호주문 없음(무방비) → TP/SL 재무장 시도
2026-08-02 23:40:37,276 [INFO] [상태] 잔고:$9.97 | 포지션:1개 | 스캔:71회 | 스캐너:ON
2026-08-02 23:40:39,148 [ERROR] [PROTECT REARM] BNB/USDT:USDT long TP/SL 보호주문 재설정 실패: binance {"code":-4130,"msg":"An open stop or take profit order with GTE and closePosition in the direction is existing."}
2026-08-02 23:40:39,148 [ERROR] [PROTECT GUARD] BNB/USDT:USDT LONG 보호주문 재무장 실패 — 수동 확인 필요
2026-08-02 23:40:42,326 [WARNING] [진입유실 방지 자동보정] LONG 1000SHIB/USDT:USDT exit=2026-07-27 04:30:21 미매칭수량=2189.00000000 orderID=31388901395 tradeID=None
2026-08-02 23:40:42,326 [WARNING] [진입유실 방지 자동보정] SHORT 1000SHIB/USDT:USDT exit=2026-07-27 07:36:19 미매칭수량=1348.00000000 orderID=31393184616 tradeID=None
2026-08-02 23:40:42,326 [WARNING] [진입유실 방지 자동보정] SHORT 1000SHIB/USDT:USDT exit=2026-07-27 11:51:02 미매칭수량=1844.00000000 orderID=31400541745 tradeID=None
2026-08-02 23:40:42,326 [WARNING] [진입유실 방지 자동보정] SHORT 1000SHIB/USDT:USDT exit=2026-07-28 06:12:27 미매칭수량=2192.00000000 orderID=31421063023 tradeID=None
2026-08-02 23:40:42,326 [WARNING] [진입유실 방지 자동보정] SHORT 1000SHIB/USDT:USDT exit=2026-08-02 01:13:53 미매칭수량=1073.00000000 orderID=31502817166 tradeID=None
2026-08-02 23:40:42,326 [WARNING] [진입유실 방지 자동보정] SHORT 1000SHIB/USDT:USDT exit=2026-08-02 02:01:20 미매칭수량=1074.00000000 orderID=31504220662 tradeID=None
2026-08-02 23:40:42,326 [WARNING] [진입유실 방지 자동보정] SHORT 1000SHIB/USDT:USDT exit=2026-08-02 09:45:32 미매칭수량=2285.00000000 orderID=31510623049 tradeID=None
2026-08-02 23:40:42,326 [WARNING] [진입유실 방지 자동보정] SHORT 1000SHIB/USDT:USDT exit=2026-08-02 10:35:19 미매칭수량=2280.00000000 orderID=31511192196 tradeID=None
2026-08-02 23:40:42,327 [WARNING] [진입유실 방지 자동보정] LONG DOGE/USDT:USDT exit=2026-07-28 09:50:41 미매칭수량=163.00000000 orderID=100915175009 tradeID=None
2026-08-02 23:40:42,327 [WARNING] [진입유실 방지 자동보정] SHORT DOGE/USDT:USDT exit=2026-07-28 20:36:48 미매칭수량=357.00000000 orderID=100925180835 tradeID=None
2026-08-02 23:40:42,327 [WARNING] [진입유실 방지 자동보정] SHORT DOGE/USDT:USDT exit=2026-07-28 23:00:41 미매칭수량=286.00000000 orderID=100927596061 tradeID=None
2026-08-02 23:40:42,327 [WARNING] [진입유실 방지 자동보정] SHORT DOGE/USDT:USDT exit=2026-07-30 20:51:14 미매칭수량=345.00000000 orderID=100976583122 tradeID=None
2026-08-02 23:40:42,327 [WARNING] [진입유실 방지 자동보정] SHORT DOGE/USDT:USDT exit=2026-07-31 10:01:31 미매칭수량=334.00000000 orderID=100988356319 tradeID=None
2026-08-02 23:40:42,327 [WARNING] [진입유실 방지 자동보정] SHORT DOGE/USDT:USDT exit=2026-08-01 18:02:18 미매칭수량=306.00000000 orderID=101015266902 tradeID=None
2026-08-02 23:40:42,327 [WARNING] [진입유실 방지 자동보정] LONG DOGE/USDT:USDT exit=2026-08-02 11:07:47 미매칭수량=259.00000000 orderID=101028099752 tradeID=None
2026-08-02 23:40:42,327 [WARNING] [진입유실 방지 자동보정] SHORT SOL/USDT:USDT exit=2026-07-29 22:32:08 미매칭수량=0.26000000 orderID=229957663104 tradeID=None
2026-08-02 23:40:42,327 [WARNING] [진입유실 방지 자동보정] LONG SOL/USDT:USDT exit=2026-07-30 02:59:19 미매칭수량=0.33000000 orderID=229996023316 tradeID=None
2026-08-02 23:40:42,327 [WARNING] [진입유실 방지 자동보정] LONG SOL/USDT:USDT exit=2026-07-30 03:32:08 미매칭수량=0.27000000 orderID=230002018782 tradeID=None
2026-08-02 23:40:42,327 [WARNING] [진입유실 방지 자동보정] SHORT SOL/USDT:USDT exit=2026-07-30 20:09:26 미매칭수량=0.32000000 orderID=230154249399 tradeID=None
2026-08-02 23:40:42,327 [WARNING] [진입유실 방지 자동보정] SHORT SOL/USDT:USDT exit=2026-07-30 20:37:48 미매칭수량=0.32000000 orderID=230157644550 tradeID=None
2026-08-02 23:40:42,327 [WARNING] [진입유실 방지 자동보정] SHORT SOL/USDT:USDT exit=2026-08-01 10:32:26 미매칭수량=0.29000000 orderID=230440972735 tradeID=None
2026-08-02 23:40:42,327 [WARNING] [진입유실 방지 자동보정] LONG SOL/USDT:USDT exit=2026-08-02 01:55:54 미매칭수량=0.25000000 orderID=230506472518 tradeID=None
2026-08-02 23:40:42,327 [WARNING] [진입유실 방지 자동보정] LONG SOL/USDT:USDT exit=2026-08-02 03:24:55 미매칭수량=0.20000000 orderID=230517041657 tradeID=None
2026-08-02 23:40:42,327 [WARNING] [진입유실 방지 자동보정] LONG XRP/USDT:USDT exit=2026-07-30 03:32:09 미매칭수량=14.70000000 orderID=154591436270 tradeID=None
2026-08-02 23:40:42,327 [WARNING] [진입유실 방지 자동보정] LONG XRP/USDT:USDT exit=2026-07-30 08:06:13 미매칭수량=18.50000000 orderID=154605732461 tradeID=None
2026-08-02 23:40:42,327 [WARNING] [진입유실 방지 자동보정] LONG XRP/USDT:USDT exit=2026-07-30 22:11:04 미매칭수량=17.50000000 orderID=154637963852 tradeID=None
2026-08-02 23:40:42,327 [WARNING] [진입유실 방지 자동보정] SHORT XRP/USDT:USDT exit=2026-07-31 15:18:55 미매칭수량=28.50000000 orderID=154681353788 tradeID=None
2026-08-02 23:40:42,327 [WARNING] [진입유실 방지 자동보정] LONG XRP/USDT:USDT exit=2026-08-02 07:48:27 미매칭수량=6.70000000 orderID=154765042288 tradeID=None
2026-08-02 23:40:42,327 [WARNING] [진입유실 방지 자동보정] LONG XRP/USDT:USDT exit=2026-08-02 08:25:19 미매칭수량=6.70000000 orderID=154766072211 tradeID=None
2026-08-02 23:40:42,327 [WARNING] [진입유실 방지 자동보정] LONG XRP/USDT:USDT exit=2026-08-02 11:07:15 미매칭수량=16.80000000 orderID=154770811661 tradeID=None
2026-08-02 23:40:42,328 [WARNING] [진입유실 방지 자동보정] SHORT 1000PEPE/USDT:USDT exit=2026-08-02 02:31:36 미매칭수량=1968.00000000 orderID=61389681657 tradeID=None
2026-08-02 23:40:42,328 [WARNING] [진입유실 방지 자동보정] SHORT 1000PEPE/USDT:USDT exit=2026-08-02 02:52:29 미매칭수량=1969.00000000 orderID=61390079427 tradeID=None
2026-08-02 23:40:42,328 [WARNING] [진입유실 방지 자동보정] SHORT 1000PEPE/USDT:USDT exit=2026-08-02 09:25:39 미매칭수량=7585.00000000 orderID=61394822102 tradeID=None
2026-08-02 23:40:42,328 [WARNING] [진입유실 방지 자동보정] SHORT IDOL/USDT:USDT exit=2026-08-02 10:17:17 미매칭수량=445.00000000 orderID=523897304 tradeID=None
2026-08-02 23:40:54,403 [INFO] [SCAN] 블랙리스트 5개 제외: ['IP/USDT:USDT', 'NES/USDT:USDT', 'WLD/USDT:USDT', 'XAG/USDT:USDT', 'XAU/USDT:USDT', 'XAUT/USDT:USDT']
2026-08-02 23:40:54,404 [INFO] [SCAN] 스캔 시작: 30개 페어 (캐시 31개 보유)
2026-08-02 23:41:08,815 [INFO] [SCAN] 완료: 30개 종목 · 신호 0개 · API 호출 30회 · 캐시 히트 0회
2026-08-02 23:41:12,403 [WARNING] [진입유실 방지 자동보정] LONG 1000SHIB/USDT:USDT exit=2026-07-27 04:30:21 미매칭수량=2189.00000000 orderID=31388901395 tradeID=None
2026-08-02 23:41:12,403 [WARNING] [진입유실 방지 자동보정] SHORT 1000SHIB/USDT:USDT exit=2026-07-27 07:36:19 미매칭수량=1348.00000000 orderID=31393184616 tradeID=None
2026-08-02 23:41:12,404 [WARNING] [진입유실 방지 자동보정] SHORT 1000SHIB/USDT:USDT exit=2026-07-27 11:51:02 미매칭수량=1844.00000000 orderID=31400541745 tradeID=None
2026-08-02 23:41:12,404 [WARNING] [진입유실 방지 자동보정] SHORT 1000SHIB/USDT:USDT exit=2026-07-28 06:12:27 미매칭수량=2192.00000000 orderID=31421063023 tradeID=None
2026-08-02 23:41:12,404 [WARNING] [진입유실 방지 자동보정] SHORT 1000SHIB/USDT:USDT exit=2026-08-02 01:13:53 미매칭수량=1073.00000000 orderID=31502817166 tradeID=None
2026-08-02 23:41:12,404 [WARNING] [진입유실 방지 자동보정] SHORT 1000SHIB/USDT:USDT exit=2026-08-02 02:01:20 미매칭수량=1074.00000000 orderID=31504220662 tradeID=None
2026-08-02 23:41:12,404 [WARNING] [진입유실 방지 자동보정] SHORT 1000SHIB/USDT:USDT exit=2026-08-02 09:45:32 미매칭수량=2285.00000000 orderID=31510623049 tradeID=None
2026-08-02 23:41:12,404 [WARNING] [진입유실 방지 자동보정] SHORT 1000SHIB/USDT:USDT exit=2026-08-02 10:35:19 미매칭수량=2280.00000000 orderID=31511192196 tradeID=None
2026-08-02 23:41:12,404 [WARNING] [진입유실 방지 자동보정] LONG DOGE/USDT:USDT exit=2026-07-28 09:50:41 미매칭수량=163.00000000 orderID=100915175009 tradeID=None
2026-08-02 23:41:12,404 [WARNING] [진입유실 방지 자동보정] SHORT DOGE/USDT:USDT exit=2026-07-28 20:36:48 미매칭수량=357.00000000 orderID=100925180835 tradeID=None
2026-08-02 23:41:12,404 [WARNING] [진입유실 방지 자동보정] SHORT DOGE/USDT:USDT exit=2026-07-28 23:00:41 미매칭수량=286.00000000 orderID=100927596061 tradeID=None
2026-08-02 23:41:12,404 [WARNING] [진입유실 방지 자동보정] SHORT DOGE/USDT:USDT exit=2026-07-30 20:51:14 미매칭수량=345.00000000 orderID=100976583122 tradeID=None
2026-08-02 23:41:12,404 [WARNING] [진입유실 방지 자동보정] SHORT DOGE/USDT:USDT exit=2026-07-31 10:01:31 미매칭수량=334.00000000 orderID=100988356319 tradeID=None
2026-08-02 23:41:12,404 [WARNING] [진입유실 방지 자동보정] SHORT DOGE/USDT:USDT exit=2026-08-01 18:02:18 미매칭수량=306.00000000 orderID=101015266902 tradeID=None
2026-08-02 23:41:12,404 [WARNING] [진입유실 방지 자동보정] LONG DOGE/USDT:USDT exit=2026-08-02 11:07:47 미매칭수량=259.00000000 orderID=101028099752 tradeID=None
2026-08-02 23:41:12,404 [WARNING] [진입유실 방지 자동보정] SHORT SOL/USDT:USDT exit=2026-07-29 22:32:08 미매칭수량=0.26000000 orderID=229957663104 tradeID=None
2026-08-02 23:41:12,404 [WARNING] [진입유실 방지 자동보정] LONG SOL/USDT:USDT exit=2026-07-30 02:59:19 미매칭수량=0.33000000 orderID=229996023316 tradeID=None
2026-08-02 23:41:12,404 [WARNING] [진입유실 방지 자동보정] LONG SOL/USDT:USDT exit=2026-07-30 03:32:08 미매칭수량=0.27000000 orderID=230002018782 tradeID=None
2026-08-02 23:41:12,404 [WARNING] [진입유실 방지 자동보정] SHORT SOL/USDT:USDT exit=2026-07-30 20:09:26 미매칭수량=0.32000000 orderID=230154249399 tradeID=None
2026-08-02 23:41:12,404 [WARNING] [진입유실 방지 자동보정] SHORT SOL/USDT:USDT exit=2026-07-30 20:37:48 미매칭수량=0.32000000 orderID=230157644550 tradeID=None
2026-08-02 23:41:12,404 [WARNING] [진입유실 방지 자동보정] SHORT SOL/USDT:USDT exit=2026-08-01 10:32:26 미매칭수량=0.29000000 orderID=230440972735 tradeID=None
2026-08-02 23:41:12,404 [WARNING] [진입유실 방지 자동보정] LONG SOL/USDT:USDT exit=2026-08-02 01:55:54 미매칭수량=0.25000000 orderID=230506472518 tradeID=None
2026-08-02 23:41:12,404 [WARNING] [진입유실 방지 자동보정] LONG SOL/USDT:USDT exit=2026-08-02 03:24:55 미매칭수량=0.20000000 orderID=230517041657 tradeID=None
2026-08-02 23:41:12,404 [WARNING] [진입유실 방지 자동보정] LONG XRP/USDT:USDT exit=2026-07-30 03:32:09 미매칭수량=14.70000000 orderID=154591436270 tradeID=None
2026-08-02 23:41:12,405 [WARNING] [진입유실 방지 자동보정] LONG XRP/USDT:USDT exit=2026-07-30 08:06:13 미매칭수량=18.50000000 orderID=154605732461 tradeID=None
2026-08-02 23:41:12,405 [WARNING] [진입유실 방지 자동보정] LONG XRP/USDT:USDT exit=2026-07-30 22:11:04 미매칭수량=17.50000000 orderID=154637963852 tradeID=None
2026-08-02 23:41:12,405 [WARNING] [진입유실 방지 자동보정] SHORT XRP/USDT:USDT exit=2026-07-31 15:18:55 미매칭수량=28.50000000 orderID=154681353788 tradeID=None
2026-08-02 23:41:12,405 [WARNING] [진입유실 방지 자동보정] LONG XRP/USDT:USDT exit=2026-08-02 07:48:27 미매칭수량=6.70000000 orderID=154765042288 tradeID=None
2026-08-02 23:41:12,405 [WARNING] [진입유실 방지 자동보정] LONG XRP/USDT:USDT exit=2026-08-02 08:25:19 미매칭수량=6.70000000 orderID=154766072211 tradeID=None
2026-08-02 23:41:12,405 [WARNING] [진입유실 방지 자동보정] LONG XRP/USDT:USDT exit=2026-08-02 11:07:15 미매칭수량=16.80000000 orderID=154770811661 tradeID=None
2026-08-02 23:41:12,405 [WARNING] [진입유실 방지 자동보정] SHORT 1000PEPE/USDT:USDT exit=2026-08-02 02:31:36 미매칭수량=1968.00000000 orderID=61389681657 tradeID=None
2026-08-02 23:41:12,405 [WARNING] [진입유실 방지 자동보정] SHORT 1000PEPE/USDT:USDT exit=2026-08-02 02:52:29 미매칭수량=1969.00000000 orderID=61390079427 tradeID=None
2026-08-02 23:41:12,405 [WARNING] [진입유실 방지 자동보정] SHORT 1000PEPE/USDT:USDT exit=2026-08-02 09:25:39 미매칭수량=7585.00000000 orderID=61394822102 tradeID=None
2026-08-02 23:41:12,405 [WARNING] [진입유실 방지 자동보정] SHORT IDOL/USDT:USDT exit=2026-08-02 10:17:17 미매칭수량=445.00000000 orderID=523897304 tradeID=None
2026-08-02 23:41:16,766 [INFO] 🛑 봇 종료
2026-08-02 23:41:16,871 [WARNING] binance requires to release all resources with an explicit call to the .close() coroutine. If you are using the exchange instance with async coroutines, add `await exchange.close()` to your code into a place when you're done with the exchange and don't need the exchange instance anymore (at the end of your async coroutine).
2026-08-02 23:41:16,872 [ERROR] Unclosed connector
connections: ['deque([(<aiohttp.client_proto.ResponseHandler object at 0x11f01aa60>, 2394.843492625)])']
connector: <aiohttp.connector.TCPConnector object at 0x107eb7040>
2026-08-02 23:41:16,876 [ERROR] Fatal error on SSL transport
protocol: <asyncio.sslproto.SSLProtocol object at 0x11f211d60>
transport: <_SelectorSocketTransport closing fd=16>
Traceback (most recent call last):
  File "/Library/Developer/CommandLineTools/Library/Frameworks/Python3.framework/Versions/3.9/lib/python3.9/asyncio/selector_events.py", line 918, in write
    n = self._sock.send(data)
OSError: [Errno 9] Bad file descriptor

During handling of the above exception, another exception occurred:

Traceback (most recent call last):
  File "/Library/Developer/CommandLineTools/Library/Frameworks/Python3.framework/Versions/3.9/lib/python3.9/asyncio/sslproto.py", line 684, in _process_write_backlog
    self._transport.write(chunk)
  File "/Library/Developer/CommandLineTools/Library/Frameworks/Python3.framework/Versions/3.9/lib/python3.9/asyncio/selector_events.py", line 924, in write
    self._fatal_error(exc, 'Fatal write error on socket transport')
  File "/Library/Developer/CommandLineTools/Library/Frameworks/Python3.framework/Versions/3.9/lib/python3.9/asyncio/selector_events.py", line 719, in _fatal_error
    self._force_close(exc)
  File "/Library/Developer/CommandLineTools/Library/Frameworks/Python3.framework/Versions/3.9/lib/python3.9/asyncio/selector_events.py", line 731, in _force_close
    self._loop.call_soon(self._call_connection_lost, exc)
  File "/Library/Developer/CommandLineTools/Library/Frameworks/Python3.framework/Versions/3.9/lib/python3.9/asyncio/base_events.py", line 746, in call_soon
    self._check_closed()
  File "/Library/Developer/CommandLineTools/Library/Frameworks/Python3.framework/Versions/3.9/lib/python3.9/asyncio/base_events.py", line 510, in _check_closed
    raise RuntimeError('Event loop is closed')
RuntimeError: Event loop is closed

===== [2026-08-18 18:08:42] watchdog 실행: 8408_bot =====
2026-08-18 18:08:42,176 [ERROR] ❌ [LOCK] 다른 트레이더 프로세스(PID 24129)가 가동 중 — 중복 방지 위해 종료
