
===== [2026-08-02 22:40:07] watchdog 실행: 8408_ui =====

  You can now view your Streamlit app in your browser.

  URL: http://localhost:8408

  For better performance, install the Watchdog module:

  $ xcode-select --install
  $ pip install watchdog
            
/Users/l/project/8408/venv/lib/python3.9/site-packages/urllib3/__init__.py:35: NotOpenSSLWarning: urllib3 v2 only supports OpenSSL 1.1.1+, currently the 'ssl' module is compiled with 'LibreSSL 2.8.3'. See: https://github.com/urllib3/urllib3/issues/3020
  warnings.warn(
[FSM] 유효하지 않은 전이: CONNECTING → CONNECTING
binance requires to release all resources with an explicit call to the .close() coroutine. If you are using the exchange instance with async coroutines, add `await exchange.close()` to your code into a place when you're done with the exchange and don't need the exchange instance anymore (at the end of your async coroutine).
Unclosed client session
client_session: <aiohttp.client.ClientSession object at 0x11c339280>
Unclosed connector
connections: ['deque([(<aiohttp.client_proto.ResponseHandler object at 0x11c812f40>, 5.218886791), (<aiohttp.client_proto.ResponseHandler object at 0x11c812ca0>, 5.284187666)])', 'deque([(<aiohttp.client_proto.ResponseHandler object at 0x11c84d040>, 5.395267)])', 'deque([(<aiohttp.client_proto.ResponseHandler object at 0x11c7c5760>, 6.292181125)])']
connector: <aiohttp.connector.TCPConnector object at 0x11c34ed00>
[FSM] 유효하지 않은 전이: CONNECTED → CONNECTED
[진입유실 방지 자동보정] LONG DOGE/USDT:USDT exit=2026-07-28 09:50:41 미매칭수량=163.00000000 orderID=100915175009 tradeID=None
[진입유실 방지 자동보정] SHORT DOGE/USDT:USDT exit=2026-07-28 20:36:48 미매칭수량=357.00000000 orderID=100925180835 tradeID=None
[진입유실 방지 자동보정] SHORT DOGE/USDT:USDT exit=2026-07-28 23:00:41 미매칭수량=286.00000000 orderID=100927596061 tradeID=None
[진입유실 방지 자동보정] SHORT DOGE/USDT:USDT exit=2026-07-30 20:51:14 미매칭수량=345.00000000 orderID=100976583122 tradeID=None
[진입유실 방지 자동보정] SHORT DOGE/USDT:USDT exit=2026-07-31 10:01:31 미매칭수량=334.00000000 orderID=100988356319 tradeID=None
[진입유실 방지 자동보정] SHORT DOGE/USDT:USDT exit=2026-08-01 18:02:18 미매칭수량=306.00000000 orderID=101015266902 tradeID=None
[진입유실 방지 자동보정] LONG DOGE/USDT:USDT exit=2026-08-02 11:07:47 미매칭수량=259.00000000 orderID=101028099752 tradeID=None
[진입유실 방지 자동보정] LONG XRP/USDT:USDT exit=2026-07-30 03:32:09 미매칭수량=14.70000000 orderID=154591436270 tradeID=None
[진입유실 방지 자동보정] LONG XRP/USDT:USDT exit=2026-07-30 08:06:13 미매칭수량=18.50000000 orderID=154605732461 tradeID=None
[진입유실 방지 자동보정] LONG XRP/USDT:USDT exit=2026-07-30 22:11:04 미매칭수량=17.50000000 orderID=154637963852 tradeID=None
[진입유실 방지 자동보정] SHORT XRP/USDT:USDT exit=2026-07-31 15:18:55 미매칭수량=28.50000000 orderID=154681353788 tradeID=None
[진입유실 방지 자동보정] LONG XRP/USDT:USDT exit=2026-08-02 07:48:27 미매칭수량=6.70000000 orderID=154765042288 tradeID=None
[진입유실 방지 자동보정] LONG XRP/USDT:USDT exit=2026-08-02 08:25:19 미매칭수량=6.70000000 orderID=154766072211 tradeID=None
[진입유실 방지 자동보정] LONG XRP/USDT:USDT exit=2026-08-02 11:07:15 미매칭수량=16.80000000 orderID=154770811661 tradeID=None
[진입유실 방지 자동보정] SHORT 1000PEPE/USDT:USDT exit=2026-08-02 02:31:36 미매칭수량=1968.00000000 orderID=61389681657 tradeID=None
[진입유실 방지 자동보정] SHORT 1000PEPE/USDT:USDT exit=2026-08-02 02:52:29 미매칭수량=1969.00000000 orderID=61390079427 tradeID=None
[진입유실 방지 자동보정] SHORT 1000PEPE/USDT:USDT exit=2026-08-02 09:25:39 미매칭수량=7585.00000000 orderID=61394822102 tradeID=None
[진입유실 방지 자동보정] SHORT IDOL/USDT:USDT exit=2026-08-02 10:17:17 미매칭수량=445.00000000 orderID=523897304 tradeID=None
[진입유실 방지 자동보정] LONG DOGE/USDT:USDT exit=2026-07-28 09:50:41 미매칭수량=163.00000000 orderID=100915175009 tradeID=None
[진입유실 방지 자동보정] SHORT DOGE/USDT:USDT exit=2026-07-28 20:36:48 미매칭수량=357.00000000 orderID=100925180835 tradeID=None
[진입유실 방지 자동보정] SHORT DOGE/USDT:USDT exit=2026-07-28 23:00:41 미매칭수량=286.00000000 orderID=100927596061 tradeID=None
[진입유실 방지 자동보정] SHORT DOGE/USDT:USDT exit=2026-07-30 20:51:14 미매칭수량=345.00000000 orderID=100976583122 tradeID=None
[진입유실 방지 자동보정] SHORT DOGE/USDT:USDT exit=2026-07-31 10:01:31 미매칭수량=334.00000000 orderID=100988356319 tradeID=None
[진입유실 방지 자동보정] SHORT DOGE/USDT:USDT exit=2026-08-01 18:02:18 미매칭수량=306.00000000 orderID=101015266902 tradeID=None
[진입유실 방지 자동보정] LONG DOGE/USDT:USDT exit=2026-08-02 11:07:47 미매칭수량=259.00000000 orderID=101028099752 tradeID=None
[진입유실 방지 자동보정] LONG XRP/USDT:USDT exit=2026-07-30 03:32:09 미매칭수량=14.70000000 orderID=154591436270 tradeID=None
[진입유실 방지 자동보정] LONG XRP/USDT:USDT exit=2026-07-30 08:06:13 미매칭수량=18.50000000 orderID=154605732461 tradeID=None
[진입유실 방지 자동보정] LONG XRP/USDT:USDT exit=2026-07-30 22:11:04 미매칭수량=17.50000000 orderID=154637963852 tradeID=None
[진입유실 방지 자동보정] SHORT XRP/USDT:USDT exit=2026-07-31 15:18:55 미매칭수량=28.50000000 orderID=154681353788 tradeID=None
[진입유실 방지 자동보정] LONG XRP/USDT:USDT exit=2026-08-02 07:48:27 미매칭수량=6.70000000 orderID=154765042288 tradeID=None
[진입유실 방지 자동보정] LONG XRP/USDT:USDT exit=2026-08-02 08:25:19 미매칭수량=6.70000000 orderID=154766072211 tradeID=None
[진입유실 방지 자동보정] LONG XRP/USDT:USDT exit=2026-08-02 11:07:15 미매칭수량=16.80000000 orderID=154770811661 tradeID=None
[진입유실 방지 자동보정] SHORT 1000PEPE/USDT:USDT exit=2026-08-02 02:31:36 미매칭수량=1968.00000000 orderID=61389681657 tradeID=None
[진입유실 방지 자동보정] SHORT 1000PEPE/USDT:USDT exit=2026-08-02 02:52:29 미매칭수량=1969.00000000 orderID=61390079427 tradeID=None
[진입유실 방지 자동보정] SHORT 1000PEPE/USDT:USDT exit=2026-08-02 09:25:39 미매칭수량=7585.00000000 orderID=61394822102 tradeID=None
[진입유실 방지 자동보정] SHORT IDOL/USDT:USDT exit=2026-08-02 10:17:17 미매칭수량=445.00000000 orderID=523897304 tradeID=None
[진입유실 방지 자동보정] LONG DOGE/USDT:USDT exit=2026-07-28 09:50:41 미매칭수량=163.00000000 orderID=100915175009 tradeID=None
[진입유실 방지 자동보정] SHORT DOGE/USDT:USDT exit=2026-07-28 20:36:48 미매칭수량=357.00000000 orderID=100925180835 tradeID=None
[진입유실 방지 자동보정] SHORT DOGE/USDT:USDT exit=2026-07-28 23:00:41 미매칭수량=286.00000000 orderID=100927596061 tradeID=None
[진입유실 방지 자동보정] SHORT DOGE/USDT:USDT exit=2026-07-30 20:51:14 미매칭수량=345.00000000 orderID=100976583122 tradeID=None
[진입유실 방지 자동보정] SHORT DOGE/USDT:USDT exit=2026-07-31 10:01:31 미매칭수량=334.00000000 orderID=100988356319 tradeID=None
[진입유실 방지 자동보정] SHORT DOGE/USDT:USDT exit=2026-08-01 18:02:18 미매칭수량=306.00000000 orderID=101015266902 tradeID=None
[진입유실 방지 자동보정] LONG DOGE/USDT:USDT exit=2026-08-02 11:07:47 미매칭수량=259.00000000 orderID=101028099752 tradeID=None
[진입유실 방지 자동보정] LONG XRP/USDT:USDT exit=2026-07-30 03:32:09 미매칭수량=14.70000000 orderID=154591436270 tradeID=None
[진입유실 방지 자동보정] LONG XRP/USDT:USDT exit=2026-07-30 08:06:13 미매칭수량=18.50000000 orderID=154605732461 tradeID=None
[진입유실 방지 자동보정] LONG XRP/USDT:USDT exit=2026-07-30 22:11:04 미매칭수량=17.50000000 orderID=154637963852 tradeID=None
[진입유실 방지 자동보정] SHORT XRP/USDT:USDT exit=2026-07-31 15:18:55 미매칭수량=28.50000000 orderID=154681353788 tradeID=None
[진입유실 방지 자동보정] LONG XRP/USDT:USDT exit=2026-08-02 07:48:27 미매칭수량=6.70000000 orderID=154765042288 tradeID=None
[진입유실 방지 자동보정] LONG XRP/USDT:USDT exit=2026-08-02 08:25:19 미매칭수량=6.70000000 orderID=154766072211 tradeID=None
[진입유실 방지 자동보정] LONG XRP/USDT:USDT exit=2026-08-02 11:07:15 미매칭수량=16.80000000 orderID=154770811661 tradeID=None
[진입유실 방지 자동보정] SHORT 1000PEPE/USDT:USDT exit=2026-08-02 02:31:36 미매칭수량=1968.00000000 orderID=61389681657 tradeID=None
[진입유실 방지 자동보정] SHORT 1000PEPE/USDT:USDT exit=2026-08-02 02:52:29 미매칭수량=1969.00000000 orderID=61390079427 tradeID=None
[진입유실 방지 자동보정] SHORT 1000PEPE/USDT:USDT exit=2026-08-02 09:25:39 미매칭수량=7585.00000000 orderID=61394822102 tradeID=None
[진입유실 방지 자동보정] SHORT IDOL/USDT:USDT exit=2026-08-02 10:17:17 미매칭수량=445.00000000 orderID=523897304 tradeID=None
[진입유실 방지 자동보정] LONG DOGE/USDT:USDT exit=2026-07-28 09:50:41 미매칭수량=163.00000000 orderID=100915175009 tradeID=None
[진입유실 방지 자동보정] SHORT DOGE/USDT:USDT exit=2026-07-28 20:36:48 미매칭수량=357.00000000 orderID=100925180835 tradeID=None
[진입유실 방지 자동보정] SHORT DOGE/USDT:USDT exit=2026-07-28 23:00:41 미매칭수량=286.00000000 orderID=100927596061 tradeID=None
[진입유실 방지 자동보정] SHORT DOGE/USDT:USDT exit=2026-07-30 20:51:14 미매칭수량=345.00000000 orderID=100976583122 tradeID=None
[진입유실 방지 자동보정] SHORT DOGE/USDT:USDT exit=2026-07-31 10:01:31 미매칭수량=334.00000000 orderID=100988356319 tradeID=None
[진입유실 방지 자동보정] SHORT DOGE/USDT:USDT exit=2026-08-01 18:02:18 미매칭수량=306.00000000 orderID=101015266902 tradeID=None
[진입유실 방지 자동보정] LONG DOGE/USDT:USDT exit=2026-08-02 11:07:47 미매칭수량=259.00000000 orderID=101028099752 tradeID=None
[진입유실 방지 자동보정] LONG XRP/USDT:USDT exit=2026-07-30 03:32:09 미매칭수량=14.70000000 orderID=154591436270 tradeID=None
[진입유실 방지 자동보정] LONG XRP/USDT:USDT exit=2026-07-30 08:06:13 미매칭수량=18.50000000 orderID=154605732461 tradeID=None
[진입유실 방지 자동보정] LONG XRP/USDT:USDT exit=2026-07-30 22:11:04 미매칭수량=17.50000000 orderID=154637963852 tradeID=None
[진입유실 방지 자동보정] SHORT XRP/USDT:USDT exit=2026-07-31 15:18:55 미매칭수량=28.50000000 orderID=154681353788 tradeID=None
[진입유실 방지 자동보정] LONG XRP/USDT:USDT exit=2026-08-02 07:48:27 미매칭수량=6.70000000 orderID=154765042288 tradeID=None
[진입유실 방지 자동보정] LONG XRP/USDT:USDT exit=2026-08-02 08:25:19 미매칭수량=6.70000000 orderID=154766072211 tradeID=None
[진입유실 방지 자동보정] LONG XRP/USDT:USDT exit=2026-08-02 11:07:15 미매칭수량=16.80000000 orderID=154770811661 tradeID=None
[진입유실 방지 자동보정] SHORT 1000PEPE/USDT:USDT exit=2026-08-02 02:31:36 미매칭수량=1968.00000000 orderID=61389681657 tradeID=None
[진입유실 방지 자동보정] SHORT 1000PEPE/USDT:USDT exit=2026-08-02 02:52:29 미매칭수량=1969.00000000 orderID=61390079427 tradeID=None
[진입유실 방지 자동보정] SHORT 1000PEPE/USDT:USDT exit=2026-08-02 09:25:39 미매칭수량=7585.00000000 orderID=61394822102 tradeID=None
[진입유실 방지 자동보정] SHORT IDOL/USDT:USDT exit=2026-08-02 10:17:17 미매칭수량=445.00000000 orderID=523897304 tradeID=None
[진입유실 방지 자동보정] LONG DOGE/USDT:USDT exit=2026-07-28 09:50:41 미매칭수량=163.00000000 orderID=100915175009 tradeID=None
[진입유실 방지 자동보정] SHORT DOGE/USDT:USDT exit=2026-07-28 20:36:48 미매칭수량=357.00000000 orderID=100925180835 tradeID=None
[진입유실 방지 자동보정] SHORT DOGE/USDT:USDT exit=2026-07-28 23:00:41 미매칭수량=286.00000000 orderID=100927596061 tradeID=None
[진입유실 방지 자동보정] SHORT DOGE/USDT:USDT exit=2026-07-30 20:51:14 미매칭수량=345.00000000 orderID=100976583122 tradeID=None
[진입유실 방지 자동보정] SHORT DOGE/USDT:USDT exit=2026-07-31 10:01:31 미매칭수량=334.00000000 orderID=100988356319 tradeID=None
[진입유실 방지 자동보정] SHORT DOGE/USDT:USDT exit=2026-08-01 18:02:18 미매칭수량=306.00000000 orderID=101015266902 tradeID=None
[진입유실 방지 자동보정] LONG DOGE/USDT:USDT exit=2026-08-02 11:07:47 미매칭수량=259.00000000 orderID=101028099752 tradeID=None
[진입유실 방지 자동보정] LONG XRP/USDT:USDT exit=2026-07-30 03:32:09 미매칭수량=14.70000000 orderID=154591436270 tradeID=None
[진입유실 방지 자동보정] LONG XRP/USDT:USDT exit=2026-07-30 08:06:13 미매칭수량=18.50000000 orderID=154605732461 tradeID=None
[진입유실 방지 자동보정] LONG XRP/USDT:USDT exit=2026-07-30 22:11:04 미매칭수량=17.50000000 orderID=154637963852 tradeID=None
[진입유실 방지 자동보정] SHORT XRP/USDT:USDT exit=2026-07-31 15:18:55 미매칭수량=28.50000000 orderID=154681353788 tradeID=None
[진입유실 방지 자동보정] LONG XRP/USDT:USDT exit=2026-08-02 07:48:27 미매칭수량=6.70000000 orderID=154765042288 tradeID=None
[진입유실 방지 자동보정] LONG XRP/USDT:USDT exit=2026-08-02 08:25:19 미매칭수량=6.70000000 orderID=154766072211 tradeID=None
[진입유실 방지 자동보정] LONG XRP/USDT:USDT exit=2026-08-02 11:07:15 미매칭수량=16.80000000 orderID=154770811661 tradeID=None
[진입유실 방지 자동보정] SHORT 1000PEPE/USDT:USDT exit=2026-08-02 02:31:36 미매칭수량=1968.00000000 orderID=61389681657 tradeID=None
[진입유실 방지 자동보정] SHORT 1000PEPE/USDT:USDT exit=2026-08-02 02:52:29 미매칭수량=1969.00000000 orderID=61390079427 tradeID=None
[진입유실 방지 자동보정] SHORT 1000PEPE/USDT:USDT exit=2026-08-02 09:25:39 미매칭수량=7585.00000000 orderID=61394822102 tradeID=None
[진입유실 방지 자동보정] SHORT IDOL/USDT:USDT exit=2026-08-02 10:17:17 미매칭수량=445.00000000 orderID=523897304 tradeID=None
[진입유실 방지 자동보정] LONG DOGE/USDT:USDT exit=2026-07-28 09:50:41 미매칭수량=163.00000000 orderID=100915175009 tradeID=None
[진입유실 방지 자동보정] SHORT DOGE/USDT:USDT exit=2026-07-28 20:36:48 미매칭수량=357.00000000 orderID=100925180835 tradeID=None
[진입유실 방지 자동보정] SHORT DOGE/USDT:USDT exit=2026-07-28 23:00:41 미매칭수량=286.00000000 orderID=100927596061 tradeID=None
[진입유실 방지 자동보정] SHORT DOGE/USDT:USDT exit=2026-07-30 20:51:14 미매칭수량=345.00000000 orderID=100976583122 tradeID=None
[진입유실 방지 자동보정] SHORT DOGE/USDT:USDT exit=2026-07-31 10:01:31 미매칭수량=334.00000000 orderID=100988356319 tradeID=None
[진입유실 방지 자동보정] SHORT DOGE/USDT:USDT exit=2026-08-01 18:02:18 미매칭수량=306.00000000 orderID=101015266902 tradeID=None
[진입유실 방지 자동보정] LONG DOGE/USDT:USDT exit=2026-08-02 11:07:47 미매칭수량=259.00000000 orderID=101028099752 tradeID=None
[진입유실 방지 자동보정] LONG XRP/USDT:USDT exit=2026-07-30 03:32:09 미매칭수량=14.70000000 orderID=154591436270 tradeID=None
[진입유실 방지 자동보정] LONG XRP/USDT:USDT exit=2026-07-30 08:06:13 미매칭수량=18.50000000 orderID=154605732461 tradeID=None
[진입유실 방지 자동보정] LONG XRP/USDT:USDT exit=2026-07-30 22:11:04 미매칭수량=17.50000000 orderID=154637963852 tradeID=None
[진입유실 방지 자동보정] SHORT XRP/USDT:USDT exit=2026-07-31 15:18:55 미매칭수량=28.50000000 orderID=154681353788 tradeID=None
[진입유실 방지 자동보정] LONG XRP/USDT:USDT exit=2026-08-02 07:48:27 미매칭수량=6.70000000 orderID=154765042288 tradeID=None
[진입유실 방지 자동보정] LONG XRP/USDT:USDT exit=2026-08-02 08:25:19 미매칭수량=6.70000000 orderID=154766072211 tradeID=None
[진입유실 방지 자동보정] LONG XRP/USDT:USDT exit=2026-08-02 11:07:15 미매칭수량=16.80000000 orderID=154770811661 tradeID=None
[진입유실 방지 자동보정] SHORT 1000PEPE/USDT:USDT exit=2026-08-02 02:31:36 미매칭수량=1968.00000000 orderID=61389681657 tradeID=None
[진입유실 방지 자동보정] SHORT 1000PEPE/USDT:USDT exit=2026-08-02 02:52:29 미매칭수량=1969.00000000 orderID=61390079427 tradeID=None
[진입유실 방지 자동보정] SHORT 1000PEPE/USDT:USDT exit=2026-08-02 09:25:39 미매칭수량=7585.00000000 orderID=61394822102 tradeID=None
[진입유실 방지 자동보정] SHORT IDOL/USDT:USDT exit=2026-08-02 10:17:17 미매칭수량=445.00000000 orderID=523897304 tradeID=None
[SOL/USDT:USDT] 래칫 위반 시도 차단 (Short): old=73.0130509802252 -> new=73.0450509802252
[1000SHIB/USDT:USDT] 래칫 위반 시도 차단 (Long): old=0.004943217036073137 -> new=0.004941617036073137
[진입유실 방지 자동보정] LONG DOGE/USDT:USDT exit=2026-07-28 09:50:41 미매칭수량=163.00000000 orderID=100915175009 tradeID=None
[진입유실 방지 자동보정] SHORT DOGE/USDT:USDT exit=2026-07-28 20:36:48 미매칭수량=357.00000000 orderID=100925180835 tradeID=None
[진입유실 방지 자동보정] SHORT DOGE/USDT:USDT exit=2026-07-28 23:00:41 미매칭수량=286.00000000 orderID=100927596061 tradeID=None
[진입유실 방지 자동보정] SHORT DOGE/USDT:USDT exit=2026-07-30 20:51:14 미매칭수량=345.00000000 orderID=100976583122 tradeID=None
[진입유실 방지 자동보정] SHORT DOGE/USDT:USDT exit=2026-07-31 10:01:31 미매칭수량=334.00000000 orderID=100988356319 tradeID=None
[진입유실 방지 자동보정] SHORT DOGE/USDT:USDT exit=2026-08-01 18:02:18 미매칭수량=306.00000000 orderID=101015266902 tradeID=None
[진입유실 방지 자동보정] LONG DOGE/USDT:USDT exit=2026-08-02 11:07:47 미매칭수량=259.00000000 orderID=101028099752 tradeID=None
[진입유실 방지 자동보정] LONG XRP/USDT:USDT exit=2026-07-30 03:32:09 미매칭수량=14.70000000 orderID=154591436270 tradeID=None
[진입유실 방지 자동보정] LONG XRP/USDT:USDT exit=2026-07-30 08:06:13 미매칭수량=18.50000000 orderID=154605732461 tradeID=None
[진입유실 방지 자동보정] LONG XRP/USDT:USDT exit=2026-07-30 22:11:04 미매칭수량=17.50000000 orderID=154637963852 tradeID=None
[진입유실 방지 자동보정] SHORT XRP/USDT:USDT exit=2026-07-31 15:18:55 미매칭수량=28.50000000 orderID=154681353788 tradeID=None
[진입유실 방지 자동보정] LONG XRP/USDT:USDT exit=2026-08-02 07:48:27 미매칭수량=6.70000000 orderID=154765042288 tradeID=None
[진입유실 방지 자동보정] LONG XRP/USDT:USDT exit=2026-08-02 08:25:19 미매칭수량=6.70000000 orderID=154766072211 tradeID=None
[진입유실 방지 자동보정] LONG XRP/USDT:USDT exit=2026-08-02 11:07:15 미매칭수량=16.80000000 orderID=154770811661 tradeID=None
[진입유실 방지 자동보정] SHORT 1000PEPE/USDT:USDT exit=2026-08-02 02:31:36 미매칭수량=1968.00000000 orderID=61389681657 tradeID=None
[진입유실 방지 자동보정] SHORT 1000PEPE/USDT:USDT exit=2026-08-02 02:52:29 미매칭수량=1969.00000000 orderID=61390079427 tradeID=None
[진입유실 방지 자동보정] SHORT 1000PEPE/USDT:USDT exit=2026-08-02 09:25:39 미매칭수량=7585.00000000 orderID=61394822102 tradeID=None
[진입유실 방지 자동보정] SHORT IDOL/USDT:USDT exit=2026-08-02 10:17:17 미매칭수량=445.00000000 orderID=523897304 tradeID=None
[SOL/USDT:USDT] 래칫 위반 시도 차단 (Short): old=73.0130509802252 -> new=73.0450509802252
[1000SHIB/USDT:USDT] 래칫 위반 시도 차단 (Long): old=0.004943217036073137 -> new=0.004941617036073137
[SOL/USDT:USDT] 래칫 위반 시도 차단 (Short): old=73.0130509802252 -> new=73.0490509802252
[1000SHIB/USDT:USDT] 래칫 위반 시도 차단 (Long): old=0.004943217036073137 -> new=0.004941617036073137
[진입유실 방지 자동보정] LONG DOGE/USDT:USDT exit=2026-07-28 09:50:41 미매칭수량=163.00000000 orderID=100915175009 tradeID=None
[진입유실 방지 자동보정] SHORT DOGE/USDT:USDT exit=2026-07-28 20:36:48 미매칭수량=357.00000000 orderID=100925180835 tradeID=None
[진입유실 방지 자동보정] SHORT DOGE/USDT:USDT exit=2026-07-28 23:00:41 미매칭수량=286.00000000 orderID=100927596061 tradeID=None
[진입유실 방지 자동보정] SHORT DOGE/USDT:USDT exit=2026-07-30 20:51:14 미매칭수량=345.00000000 orderID=100976583122 tradeID=None
[진입유실 방지 자동보정] SHORT DOGE/USDT:USDT exit=2026-07-31 10:01:31 미매칭수량=334.00000000 orderID=100988356319 tradeID=None
[진입유실 방지 자동보정] SHORT DOGE/USDT:USDT exit=2026-08-01 18:02:18 미매칭수량=306.00000000 orderID=101015266902 tradeID=None
[진입유실 방지 자동보정] LONG DOGE/USDT:USDT exit=2026-08-02 11:07:47 미매칭수량=259.00000000 orderID=101028099752 tradeID=None
[진입유실 방지 자동보정] LONG XRP/USDT:USDT exit=2026-07-30 03:32:09 미매칭수량=14.70000000 orderID=154591436270 tradeID=None
[진입유실 방지 자동보정] LONG XRP/USDT:USDT exit=2026-07-30 08:06:13 미매칭수량=18.50000000 orderID=154605732461 tradeID=None
[진입유실 방지 자동보정] LONG XRP/USDT:USDT exit=2026-07-30 22:11:04 미매칭수량=17.50000000 orderID=154637963852 tradeID=None
[진입유실 방지 자동보정] SHORT XRP/USDT:USDT exit=2026-07-31 15:18:55 미매칭수량=28.50000000 orderID=154681353788 tradeID=None
[진입유실 방지 자동보정] LONG XRP/USDT:USDT exit=2026-08-02 07:48:27 미매칭수량=6.70000000 orderID=154765042288 tradeID=None
[진입유실 방지 자동보정] LONG XRP/USDT:USDT exit=2026-08-02 08:25:19 미매칭수량=6.70000000 orderID=154766072211 tradeID=None
[진입유실 방지 자동보정] LONG XRP/USDT:USDT exit=2026-08-02 11:07:15 미매칭수량=16.80000000 orderID=154770811661 tradeID=None
[진입유실 방지 자동보정] SHORT 1000PEPE/USDT:USDT exit=2026-08-02 02:31:36 미매칭수량=1968.00000000 orderID=61389681657 tradeID=None
[진입유실 방지 자동보정] SHORT 1000PEPE/USDT:USDT exit=2026-08-02 02:52:29 미매칭수량=1969.00000000 orderID=61390079427 tradeID=None
[진입유실 방지 자동보정] SHORT 1000PEPE/USDT:USDT exit=2026-08-02 09:25:39 미매칭수량=7585.00000000 orderID=61394822102 tradeID=None
[진입유실 방지 자동보정] SHORT IDOL/USDT:USDT exit=2026-08-02 10:17:17 미매칭수량=445.00000000 orderID=523897304 tradeID=None
[SOL/USDT:USDT] 래칫 위반 시도 차단 (Short): old=73.0130509802252 -> new=73.0490509802252
[1000SHIB/USDT:USDT] 래칫 위반 시도 차단 (Long): old=0.004943217036073137 -> new=0.004941617036073137
[SOL/USDT:USDT] 래칫 위반 시도 차단 (Short): old=73.0130509802252 -> new=73.0490509802252
[1000SHIB/USDT:USDT] 래칫 위반 시도 차단 (Long): old=0.004943217036073137 -> new=0.004941617036073137
[진입유실 방지 자동보정] LONG DOGE/USDT:USDT exit=2026-07-28 09:50:41 미매칭수량=163.00000000 orderID=100915175009 tradeID=None
[진입유실 방지 자동보정] SHORT DOGE/USDT:USDT exit=2026-07-28 20:36:48 미매칭수량=357.00000000 orderID=100925180835 tradeID=None
[진입유실 방지 자동보정] SHORT DOGE/USDT:USDT exit=2026-07-28 23:00:41 미매칭수량=286.00000000 orderID=100927596061 tradeID=None
[진입유실 방지 자동보정] SHORT DOGE/USDT:USDT exit=2026-07-30 20:51:14 미매칭수량=345.00000000 orderID=100976583122 tradeID=None
[진입유실 방지 자동보정] SHORT DOGE/USDT:USDT exit=2026-07-31 10:01:31 미매칭수량=334.00000000 orderID=100988356319 tradeID=None
[진입유실 방지 자동보정] SHORT DOGE/USDT:USDT exit=2026-08-01 18:02:18 미매칭수량=306.00000000 orderID=101015266902 tradeID=None
[진입유실 방지 자동보정] LONG DOGE/USDT:USDT exit=2026-08-02 11:07:47 미매칭수량=259.00000000 orderID=101028099752 tradeID=None
[진입유실 방지 자동보정] LONG XRP/USDT:USDT exit=2026-07-30 03:32:09 미매칭수량=14.70000000 orderID=154591436270 tradeID=None
[진입유실 방지 자동보정] LONG XRP/USDT:USDT exit=2026-07-30 08:06:13 미매칭수량=18.50000000 orderID=154605732461 tradeID=None
[진입유실 방지 자동보정] LONG XRP/USDT:USDT exit=2026-07-30 22:11:04 미매칭수량=17.50000000 orderID=154637963852 tradeID=None
[진입유실 방지 자동보정] SHORT XRP/USDT:USDT exit=2026-07-31 15:18:55 미매칭수량=28.50000000 orderID=154681353788 tradeID=None
[진입유실 방지 자동보정] LONG XRP/USDT:USDT exit=2026-08-02 07:48:27 미매칭수량=6.70000000 orderID=154765042288 tradeID=None
[진입유실 방지 자동보정] LONG XRP/USDT:USDT exit=2026-08-02 08:25:19 미매칭수량=6.70000000 orderID=154766072211 tradeID=None
[진입유실 방지 자동보정] LONG XRP/USDT:USDT exit=2026-08-02 11:07:15 미매칭수량=16.80000000 orderID=154770811661 tradeID=None
[진입유실 방지 자동보정] SHORT 1000PEPE/USDT:USDT exit=2026-08-02 02:31:36 미매칭수량=1968.00000000 orderID=61389681657 tradeID=None
[진입유실 방지 자동보정] SHORT 1000PEPE/USDT:USDT exit=2026-08-02 02:52:29 미매칭수량=1969.00000000 orderID=61390079427 tradeID=None
[진입유실 방지 자동보정] SHORT 1000PEPE/USDT:USDT exit=2026-08-02 09:25:39 미매칭수량=7585.00000000 orderID=61394822102 tradeID=None
[진입유실 방지 자동보정] SHORT IDOL/USDT:USDT exit=2026-08-02 10:17:17 미매칭수량=445.00000000 orderID=523897304 tradeID=None
[SOL/USDT:USDT] 래칫 위반 시도 차단 (Short): old=73.0130509802252 -> new=73.0490509802252
[1000SHIB/USDT:USDT] 래칫 위반 시도 차단 (Long): old=0.004943217036073137 -> new=0.004941617036073137
[SOL/USDT:USDT] 래칫 위반 시도 차단 (Short): old=73.0130509802252 -> new=73.0490509802252
[1000SHIB/USDT:USDT] 래칫 위반 시도 차단 (Long): old=0.004943217036073137 -> new=0.004941617036073137
[진입유실 방지 자동보정] LONG DOGE/USDT:USDT exit=2026-07-28 09:50:41 미매칭수량=163.00000000 orderID=100915175009 tradeID=None
[진입유실 방지 자동보정] SHORT DOGE/USDT:USDT exit=2026-07-28 20:36:48 미매칭수량=357.00000000 orderID=100925180835 tradeID=None
[진입유실 방지 자동보정] SHORT DOGE/USDT:USDT exit=2026-07-28 23:00:41 미매칭수량=286.00000000 orderID=100927596061 tradeID=None
[진입유실 방지 자동보정] SHORT DOGE/USDT:USDT exit=2026-07-30 20:51:14 미매칭수량=345.00000000 orderID=100976583122 tradeID=None
[진입유실 방지 자동보정] SHORT DOGE/USDT:USDT exit=2026-07-31 10:01:31 미매칭수량=334.00000000 orderID=100988356319 tradeID=None
[진입유실 방지 자동보정] SHORT DOGE/USDT:USDT exit=2026-08-01 18:02:18 미매칭수량=306.00000000 orderID=101015266902 tradeID=None
[진입유실 방지 자동보정] LONG DOGE/USDT:USDT exit=2026-08-02 11:07:47 미매칭수량=259.00000000 orderID=101028099752 tradeID=None
[진입유실 방지 자동보정] LONG XRP/USDT:USDT exit=2026-07-30 03:32:09 미매칭수량=14.70000000 orderID=154591436270 tradeID=None
[진입유실 방지 자동보정] LONG XRP/USDT:USDT exit=2026-07-30 08:06:13 미매칭수량=18.50000000 orderID=154605732461 tradeID=None
[진입유실 방지 자동보정] LONG XRP/USDT:USDT exit=2026-07-30 22:11:04 미매칭수량=17.50000000 orderID=154637963852 tradeID=None
[진입유실 방지 자동보정] SHORT XRP/USDT:USDT exit=2026-07-31 15:18:55 미매칭수량=28.50000000 orderID=154681353788 tradeID=None
[진입유실 방지 자동보정] LONG XRP/USDT:USDT exit=2026-08-02 07:48:27 미매칭수량=6.70000000 orderID=154765042288 tradeID=None
[진입유실 방지 자동보정] LONG XRP/USDT:USDT exit=2026-08-02 08:25:19 미매칭수량=6.70000000 orderID=154766072211 tradeID=None
[진입유실 방지 자동보정] LONG XRP/USDT:USDT exit=2026-08-02 11:07:15 미매칭수량=16.80000000 orderID=154770811661 tradeID=None
[진입유실 방지 자동보정] SHORT 1000PEPE/USDT:USDT exit=2026-08-02 02:31:36 미매칭수량=1968.00000000 orderID=61389681657 tradeID=None
[진입유실 방지 자동보정] SHORT 1000PEPE/USDT:USDT exit=2026-08-02 02:52:29 미매칭수량=1969.00000000 orderID=61390079427 tradeID=None
[진입유실 방지 자동보정] SHORT 1000PEPE/USDT:USDT exit=2026-08-02 09:25:39 미매칭수량=7585.00000000 orderID=61394822102 tradeID=None
[진입유실 방지 자동보정] SHORT IDOL/USDT:USDT exit=2026-08-02 10:17:17 미매칭수량=445.00000000 orderID=523897304 tradeID=None
[SOL/USDT:USDT] 래칫 위반 시도 차단 (Short): old=73.0130509802252 -> new=73.02144418286184
[SOL/USDT:USDT] 래칫 위반 시도 차단 (Short): old=73.0130509802252 -> new=73.02144418286184
[진입유실 방지 자동보정] LONG DOGE/USDT:USDT exit=2026-07-28 09:50:41 미매칭수량=163.00000000 orderID=100915175009 tradeID=None
[진입유실 방지 자동보정] SHORT DOGE/USDT:USDT exit=2026-07-28 20:36:48 미매칭수량=357.00000000 orderID=100925180835 tradeID=None
[진입유실 방지 자동보정] SHORT DOGE/USDT:USDT exit=2026-07-28 23:00:41 미매칭수량=286.00000000 orderID=100927596061 tradeID=None
[진입유실 방지 자동보정] SHORT DOGE/USDT:USDT exit=2026-07-30 20:51:14 미매칭수량=345.00000000 orderID=100976583122 tradeID=None
[진입유실 방지 자동보정] SHORT DOGE/USDT:USDT exit=2026-07-31 10:01:31 미매칭수량=334.00000000 orderID=100988356319 tradeID=None
[진입유실 방지 자동보정] SHORT DOGE/USDT:USDT exit=2026-08-01 18:02:18 미매칭수량=306.00000000 orderID=101015266902 tradeID=None
[진입유실 방지 자동보정] LONG DOGE/USDT:USDT exit=2026-08-02 11:07:47 미매칭수량=259.00000000 orderID=101028099752 tradeID=None
[진입유실 방지 자동보정] LONG XRP/USDT:USDT exit=2026-07-30 03:32:09 미매칭수량=14.70000000 orderID=154591436270 tradeID=None
[진입유실 방지 자동보정] LONG XRP/USDT:USDT exit=2026-07-30 08:06:13 미매칭수량=18.50000000 orderID=154605732461 tradeID=None
[진입유실 방지 자동보정] LONG XRP/USDT:USDT exit=2026-07-30 22:11:04 미매칭수량=17.50000000 orderID=154637963852 tradeID=None
[진입유실 방지 자동보정] SHORT XRP/USDT:USDT exit=2026-07-31 15:18:55 미매칭수량=28.50000000 orderID=154681353788 tradeID=None
[진입유실 방지 자동보정] LONG XRP/USDT:USDT exit=2026-08-02 07:48:27 미매칭수량=6.70000000 orderID=154765042288 tradeID=None
[진입유실 방지 자동보정] LONG XRP/USDT:USDT exit=2026-08-02 08:25:19 미매칭수량=6.70000000 orderID=154766072211 tradeID=None
[진입유실 방지 자동보정] LONG XRP/USDT:USDT exit=2026-08-02 11:07:15 미매칭수량=16.80000000 orderID=154770811661 tradeID=None
[진입유실 방지 자동보정] SHORT 1000PEPE/USDT:USDT exit=2026-08-02 02:31:36 미매칭수량=1968.00000000 orderID=61389681657 tradeID=None
[진입유실 방지 자동보정] SHORT 1000PEPE/USDT:USDT exit=2026-08-02 02:52:29 미매칭수량=1969.00000000 orderID=61390079427 tradeID=None
[진입유실 방지 자동보정] SHORT 1000PEPE/USDT:USDT exit=2026-08-02 09:25:39 미매칭수량=7585.00000000 orderID=61394822102 tradeID=None
[진입유실 방지 자동보정] SHORT IDOL/USDT:USDT exit=2026-08-02 10:17:17 미매칭수량=445.00000000 orderID=523897304 tradeID=None
[SOL/USDT:USDT] 래칫 위반 시도 차단 (Short): old=73.0130509802252 -> new=73.02144418286184
[SOL/USDT:USDT] 래칫 위반 시도 차단 (Short): old=73.0130509802252 -> new=73.02944418286185
[1000SHIB/USDT:USDT] 래칫 위반 시도 차단 (Long): old=0.004947522779232658 -> new=0.0049455227792326575
[진입유실 방지 자동보정] LONG DOGE/USDT:USDT exit=2026-07-28 09:50:41 미매칭수량=163.00000000 orderID=100915175009 tradeID=None
[진입유실 방지 자동보정] SHORT DOGE/USDT:USDT exit=2026-07-28 20:36:48 미매칭수량=357.00000000 orderID=100925180835 tradeID=None
[진입유실 방지 자동보정] SHORT DOGE/USDT:USDT exit=2026-07-28 23:00:41 미매칭수량=286.00000000 orderID=100927596061 tradeID=None
[진입유실 방지 자동보정] SHORT DOGE/USDT:USDT exit=2026-07-30 20:51:14 미매칭수량=345.00000000 orderID=100976583122 tradeID=None
[진입유실 방지 자동보정] SHORT DOGE/USDT:USDT exit=2026-07-31 10:01:31 미매칭수량=334.00000000 orderID=100988356319 tradeID=None
[진입유실 방지 자동보정] SHORT DOGE/USDT:USDT exit=2026-08-01 18:02:18 미매칭수량=306.00000000 orderID=101015266902 tradeID=None
[진입유실 방지 자동보정] LONG DOGE/USDT:USDT exit=2026-08-02 11:07:47 미매칭수량=259.00000000 orderID=101028099752 tradeID=None
[진입유실 방지 자동보정] LONG XRP/USDT:USDT exit=2026-07-30 03:32:09 미매칭수량=14.70000000 orderID=154591436270 tradeID=None
[진입유실 방지 자동보정] LONG XRP/USDT:USDT exit=2026-07-30 08:06:13 미매칭수량=18.50000000 orderID=154605732461 tradeID=None
[진입유실 방지 자동보정] LONG XRP/USDT:USDT exit=2026-07-30 22:11:04 미매칭수량=17.50000000 orderID=154637963852 tradeID=None
[진입유실 방지 자동보정] SHORT XRP/USDT:USDT exit=2026-07-31 15:18:55 미매칭수량=28.50000000 orderID=154681353788 tradeID=None
[진입유실 방지 자동보정] LONG XRP/USDT:USDT exit=2026-08-02 07:48:27 미매칭수량=6.70000000 orderID=154765042288 tradeID=None
[진입유실 방지 자동보정] LONG XRP/USDT:USDT exit=2026-08-02 08:25:19 미매칭수량=6.70000000 orderID=154766072211 tradeID=None
[진입유실 방지 자동보정] LONG XRP/USDT:USDT exit=2026-08-02 11:07:15 미매칭수량=16.80000000 orderID=154770811661 tradeID=None
[진입유실 방지 자동보정] SHORT 1000PEPE/USDT:USDT exit=2026-08-02 02:31:36 미매칭수량=1968.00000000 orderID=61389681657 tradeID=None
[진입유실 방지 자동보정] SHORT 1000PEPE/USDT:USDT exit=2026-08-02 02:52:29 미매칭수량=1969.00000000 orderID=61390079427 tradeID=None
[진입유실 방지 자동보정] SHORT 1000PEPE/USDT:USDT exit=2026-08-02 09:25:39 미매칭수량=7585.00000000 orderID=61394822102 tradeID=None
[진입유실 방지 자동보정] SHORT IDOL/USDT:USDT exit=2026-08-02 10:17:17 미매칭수량=445.00000000 orderID=523897304 tradeID=None
[SOL/USDT:USDT] 래칫 위반 시도 차단 (Short): old=73.0130509802252 -> new=73.02944418286185
[1000SHIB/USDT:USDT] 래칫 위반 시도 차단 (Long): old=0.004947522779232658 -> new=0.0049455227792326575
[SOL/USDT:USDT] 래칫 위반 시도 차단 (Short): old=73.0130509802252 -> new=73.05344418286185
[1000SHIB/USDT:USDT] 래칫 위반 시도 차단 (Long): old=0.004947522779232658 -> new=0.004945122779232657
[진입유실 방지 자동보정] LONG DOGE/USDT:USDT exit=2026-07-28 09:50:41 미매칭수량=163.00000000 orderID=100915175009 tradeID=None
[진입유실 방지 자동보정] SHORT DOGE/USDT:USDT exit=2026-07-28 20:36:48 미매칭수량=357.00000000 orderID=100925180835 tradeID=None
[진입유실 방지 자동보정] SHORT DOGE/USDT:USDT exit=2026-07-28 23:00:41 미매칭수량=286.00000000 orderID=100927596061 tradeID=None
[진입유실 방지 자동보정] SHORT DOGE/USDT:USDT exit=2026-07-30 20:51:14 미매칭수량=345.00000000 orderID=100976583122 tradeID=None
[진입유실 방지 자동보정] SHORT DOGE/USDT:USDT exit=2026-07-31 10:01:31 미매칭수량=334.00000000 orderID=100988356319 tradeID=None
[진입유실 방지 자동보정] SHORT DOGE/USDT:USDT exit=2026-08-01 18:02:18 미매칭수량=306.00000000 orderID=101015266902 tradeID=None
[진입유실 방지 자동보정] LONG DOGE/USDT:USDT exit=2026-08-02 11:07:47 미매칭수량=259.00000000 orderID=101028099752 tradeID=None
[진입유실 방지 자동보정] LONG XRP/USDT:USDT exit=2026-07-30 03:32:09 미매칭수량=14.70000000 orderID=154591436270 tradeID=None
[진입유실 방지 자동보정] LONG XRP/USDT:USDT exit=2026-07-30 08:06:13 미매칭수량=18.50000000 orderID=154605732461 tradeID=None
[진입유실 방지 자동보정] LONG XRP/USDT:USDT exit=2026-07-30 22:11:04 미매칭수량=17.50000000 orderID=154637963852 tradeID=None
[진입유실 방지 자동보정] SHORT XRP/USDT:USDT exit=2026-07-31 15:18:55 미매칭수량=28.50000000 orderID=154681353788 tradeID=None
[진입유실 방지 자동보정] LONG XRP/USDT:USDT exit=2026-08-02 07:48:27 미매칭수량=6.70000000 orderID=154765042288 tradeID=None
[진입유실 방지 자동보정] LONG XRP/USDT:USDT exit=2026-08-02 08:25:19 미매칭수량=6.70000000 orderID=154766072211 tradeID=None
[진입유실 방지 자동보정] LONG XRP/USDT:USDT exit=2026-08-02 11:07:15 미매칭수량=16.80000000 orderID=154770811661 tradeID=None
[진입유실 방지 자동보정] SHORT 1000PEPE/USDT:USDT exit=2026-08-02 02:31:36 미매칭수량=1968.00000000 orderID=61389681657 tradeID=None
[진입유실 방지 자동보정] SHORT 1000PEPE/USDT:USDT exit=2026-08-02 02:52:29 미매칭수량=1969.00000000 orderID=61390079427 tradeID=None
[진입유실 방지 자동보정] SHORT 1000PEPE/USDT:USDT exit=2026-08-02 09:25:39 미매칭수량=7585.00000000 orderID=61394822102 tradeID=None
[진입유실 방지 자동보정] SHORT IDOL/USDT:USDT exit=2026-08-02 10:17:17 미매칭수량=445.00000000 orderID=523897304 tradeID=None
[SOL/USDT:USDT] 래칫 위반 시도 차단 (Short): old=73.0130509802252 -> new=73.05344418286185
[1000SHIB/USDT:USDT] 래칫 위반 시도 차단 (Long): old=0.004947522779232658 -> new=0.004945122779232657
[SOL/USDT:USDT] 래칫 위반 시도 차단 (Short): old=73.0130509802252 -> new=73.05744418286184
[1000SHIB/USDT:USDT] 래칫 위반 시도 차단 (Long): old=0.004947522779232658 -> new=0.004945032779232657
[진입유실 방지 자동보정] LONG DOGE/USDT:USDT exit=2026-07-28 09:50:41 미매칭수량=163.00000000 orderID=100915175009 tradeID=None
[진입유실 방지 자동보정] SHORT DOGE/USDT:USDT exit=2026-07-28 20:36:48 미매칭수량=357.00000000 orderID=100925180835 tradeID=None
[진입유실 방지 자동보정] SHORT DOGE/USDT:USDT exit=2026-07-28 23:00:41 미매칭수량=286.00000000 orderID=100927596061 tradeID=None
[진입유실 방지 자동보정] SHORT DOGE/USDT:USDT exit=2026-07-30 20:51:14 미매칭수량=345.00000000 orderID=100976583122 tradeID=None
[진입유실 방지 자동보정] SHORT DOGE/USDT:USDT exit=2026-07-31 10:01:31 미매칭수량=334.00000000 orderID=100988356319 tradeID=None
[진입유실 방지 자동보정] SHORT DOGE/USDT:USDT exit=2026-08-01 18:02:18 미매칭수량=306.00000000 orderID=101015266902 tradeID=None
[진입유실 방지 자동보정] LONG DOGE/USDT:USDT exit=2026-08-02 11:07:47 미매칭수량=259.00000000 orderID=101028099752 tradeID=None
[진입유실 방지 자동보정] LONG XRP/USDT:USDT exit=2026-07-30 03:32:09 미매칭수량=14.70000000 orderID=154591436270 tradeID=None
[진입유실 방지 자동보정] LONG XRP/USDT:USDT exit=2026-07-30 08:06:13 미매칭수량=18.50000000 orderID=154605732461 tradeID=None
[진입유실 방지 자동보정] LONG XRP/USDT:USDT exit=2026-07-30 22:11:04 미매칭수량=17.50000000 orderID=154637963852 tradeID=None
[진입유실 방지 자동보정] SHORT XRP/USDT:USDT exit=2026-07-31 15:18:55 미매칭수량=28.50000000 orderID=154681353788 tradeID=None
[진입유실 방지 자동보정] LONG XRP/USDT:USDT exit=2026-08-02 07:48:27 미매칭수량=6.70000000 orderID=154765042288 tradeID=None
[진입유실 방지 자동보정] LONG XRP/USDT:USDT exit=2026-08-02 08:25:19 미매칭수량=6.70000000 orderID=154766072211 tradeID=None
[진입유실 방지 자동보정] LONG XRP/USDT:USDT exit=2026-08-02 11:07:15 미매칭수량=16.80000000 orderID=154770811661 tradeID=None
[진입유실 방지 자동보정] SHORT 1000PEPE/USDT:USDT exit=2026-08-02 02:31:36 미매칭수량=1968.00000000 orderID=61389681657 tradeID=None
[진입유실 방지 자동보정] SHORT 1000PEPE/USDT:USDT exit=2026-08-02 02:52:29 미매칭수량=1969.00000000 orderID=61390079427 tradeID=None
[진입유실 방지 자동보정] SHORT 1000PEPE/USDT:USDT exit=2026-08-02 09:25:39 미매칭수량=7585.00000000 orderID=61394822102 tradeID=None
[진입유실 방지 자동보정] SHORT IDOL/USDT:USDT exit=2026-08-02 10:17:17 미매칭수량=445.00000000 orderID=523897304 tradeID=None
[SOL/USDT:USDT] 래칫 위반 시도 차단 (Short): old=73.0130509802252 -> new=73.05744418286184
[1000SHIB/USDT:USDT] 래칫 위반 시도 차단 (Long): old=0.004947522779232658 -> new=0.004945032779232657
[SOL/USDT:USDT] 래칫 위반 시도 차단 (Short): old=73.0130509802252 -> new=73.07344418286185
[1000SHIB/USDT:USDT] 래칫 위반 시도 차단 (Long): old=0.004947522779232658 -> new=0.004945032779232657
[진입유실 방지 자동보정] LONG DOGE/USDT:USDT exit=2026-07-28 09:50:41 미매칭수량=163.00000000 orderID=100915175009 tradeID=None
[진입유실 방지 자동보정] SHORT DOGE/USDT:USDT exit=2026-07-28 20:36:48 미매칭수량=357.00000000 orderID=100925180835 tradeID=None
[진입유실 방지 자동보정] SHORT DOGE/USDT:USDT exit=2026-07-28 23:00:41 미매칭수량=286.00000000 orderID=100927596061 tradeID=None
[진입유실 방지 자동보정] SHORT DOGE/USDT:USDT exit=2026-07-30 20:51:14 미매칭수량=345.00000000 orderID=100976583122 tradeID=None
[진입유실 방지 자동보정] SHORT DOGE/USDT:USDT exit=2026-07-31 10:01:31 미매칭수량=334.00000000 orderID=100988356319 tradeID=None
[진입유실 방지 자동보정] SHORT DOGE/USDT:USDT exit=2026-08-01 18:02:18 미매칭수량=306.00000000 orderID=101015266902 tradeID=None
[진입유실 방지 자동보정] LONG DOGE/USDT:USDT exit=2026-08-02 11:07:47 미매칭수량=259.00000000 orderID=101028099752 tradeID=None
[진입유실 방지 자동보정] LONG XRP/USDT:USDT exit=2026-07-30 03:32:09 미매칭수량=14.70000000 orderID=154591436270 tradeID=None
[진입유실 방지 자동보정] LONG XRP/USDT:USDT exit=2026-07-30 08:06:13 미매칭수량=18.50000000 orderID=154605732461 tradeID=None
[진입유실 방지 자동보정] LONG XRP/USDT:USDT exit=2026-07-30 22:11:04 미매칭수량=17.50000000 orderID=154637963852 tradeID=None
[진입유실 방지 자동보정] SHORT XRP/USDT:USDT exit=2026-07-31 15:18:55 미매칭수량=28.50000000 orderID=154681353788 tradeID=None
[진입유실 방지 자동보정] LONG XRP/USDT:USDT exit=2026-08-02 07:48:27 미매칭수량=6.70000000 orderID=154765042288 tradeID=None
[진입유실 방지 자동보정] LONG XRP/USDT:USDT exit=2026-08-02 08:25:19 미매칭수량=6.70000000 orderID=154766072211 tradeID=None
[진입유실 방지 자동보정] LONG XRP/USDT:USDT exit=2026-08-02 11:07:15 미매칭수량=16.80000000 orderID=154770811661 tradeID=None
[진입유실 방지 자동보정] SHORT 1000PEPE/USDT:USDT exit=2026-08-02 02:31:36 미매칭수량=1968.00000000 orderID=61389681657 tradeID=None
[진입유실 방지 자동보정] SHORT 1000PEPE/USDT:USDT exit=2026-08-02 02:52:29 미매칭수량=1969.00000000 orderID=61390079427 tradeID=None
[진입유실 방지 자동보정] SHORT 1000PEPE/USDT:USDT exit=2026-08-02 09:25:39 미매칭수량=7585.00000000 orderID=61394822102 tradeID=None
[진입유실 방지 자동보정] SHORT IDOL/USDT:USDT exit=2026-08-02 10:17:17 미매칭수량=445.00000000 orderID=523897304 tradeID=None
[SOL/USDT:USDT] 래칫 위반 시도 차단 (Short): old=73.0130509802252 -> new=73.07344418286185
[1000SHIB/USDT:USDT] 래칫 위반 시도 차단 (Long): old=0.004947522779232658 -> new=0.004945032779232657
[SOL/USDT:USDT] 래칫 위반 시도 차단 (Short): old=73.0130509802252 -> new=73.03165164344185
[진입유실 방지 자동보정] LONG DOGE/USDT:USDT exit=2026-07-28 09:50:41 미매칭수량=163.00000000 orderID=100915175009 tradeID=None
[진입유실 방지 자동보정] SHORT DOGE/USDT:USDT exit=2026-07-28 20:36:48 미매칭수량=357.00000000 orderID=100925180835 tradeID=None
[진입유실 방지 자동보정] SHORT DOGE/USDT:USDT exit=2026-07-28 23:00:41 미매칭수량=286.00000000 orderID=100927596061 tradeID=None
[진입유실 방지 자동보정] SHORT DOGE/USDT:USDT exit=2026-07-30 20:51:14 미매칭수량=345.00000000 orderID=100976583122 tradeID=None
[진입유실 방지 자동보정] SHORT DOGE/USDT:USDT exit=2026-07-31 10:01:31 미매칭수량=334.00000000 orderID=100988356319 tradeID=None
[진입유실 방지 자동보정] SHORT DOGE/USDT:USDT exit=2026-08-01 18:02:18 미매칭수량=306.00000000 orderID=101015266902 tradeID=None
[진입유실 방지 자동보정] LONG DOGE/USDT:USDT exit=2026-08-02 11:07:47 미매칭수량=259.00000000 orderID=101028099752 tradeID=None
[진입유실 방지 자동보정] LONG XRP/USDT:USDT exit=2026-07-30 03:32:09 미매칭수량=14.70000000 orderID=154591436270 tradeID=None
[진입유실 방지 자동보정] LONG XRP/USDT:USDT exit=2026-07-30 08:06:13 미매칭수량=18.50000000 orderID=154605732461 tradeID=None
[진입유실 방지 자동보정] LONG XRP/USDT:USDT exit=2026-07-30 22:11:04 미매칭수량=17.50000000 orderID=154637963852 tradeID=None
[진입유실 방지 자동보정] SHORT XRP/USDT:USDT exit=2026-07-31 15:18:55 미매칭수량=28.50000000 orderID=154681353788 tradeID=None
[진입유실 방지 자동보정] LONG XRP/USDT:USDT exit=2026-08-02 07:48:27 미매칭수량=6.70000000 orderID=154765042288 tradeID=None
[진입유실 방지 자동보정] LONG XRP/USDT:USDT exit=2026-08-02 08:25:19 미매칭수량=6.70000000 orderID=154766072211 tradeID=None
[진입유실 방지 자동보정] LONG XRP/USDT:USDT exit=2026-08-02 11:07:15 미매칭수량=16.80000000 orderID=154770811661 tradeID=None
[진입유실 방지 자동보정] SHORT 1000PEPE/USDT:USDT exit=2026-08-02 02:31:36 미매칭수량=1968.00000000 orderID=61389681657 tradeID=None
[진입유실 방지 자동보정] SHORT 1000PEPE/USDT:USDT exit=2026-08-02 02:52:29 미매칭수량=1969.00000000 orderID=61390079427 tradeID=None
[진입유실 방지 자동보정] SHORT 1000PEPE/USDT:USDT exit=2026-08-02 09:25:39 미매칭수량=7585.00000000 orderID=61394822102 tradeID=None
[진입유실 방지 자동보정] SHORT IDOL/USDT:USDT exit=2026-08-02 10:17:17 미매칭수량=445.00000000 orderID=523897304 tradeID=None
[SOL/USDT:USDT] 래칫 위반 시도 차단 (Short): old=73.0130509802252 -> new=73.03165164344185
[SOL/USDT:USDT] 래칫 위반 시도 차단 (Short): old=73.0130509802252 -> new=73.03165164344185
[진입유실 방지 자동보정] LONG DOGE/USDT:USDT exit=2026-07-28 09:50:41 미매칭수량=163.00000000 orderID=100915175009 tradeID=None
[진입유실 방지 자동보정] SHORT DOGE/USDT:USDT exit=2026-07-28 20:36:48 미매칭수량=357.00000000 orderID=100925180835 tradeID=None
[진입유실 방지 자동보정] SHORT DOGE/USDT:USDT exit=2026-07-28 23:00:41 미매칭수량=286.00000000 orderID=100927596061 tradeID=None
[진입유실 방지 자동보정] SHORT DOGE/USDT:USDT exit=2026-07-30 20:51:14 미매칭수량=345.00000000 orderID=100976583122 tradeID=None
[진입유실 방지 자동보정] SHORT DOGE/USDT:USDT exit=2026-07-31 10:01:31 미매칭수량=334.00000000 orderID=100988356319 tradeID=None
[진입유실 방지 자동보정] SHORT DOGE/USDT:USDT exit=2026-08-01 18:02:18 미매칭수량=306.00000000 orderID=101015266902 tradeID=None
[진입유실 방지 자동보정] LONG DOGE/USDT:USDT exit=2026-08-02 11:07:47 미매칭수량=259.00000000 orderID=101028099752 tradeID=None
[진입유실 방지 자동보정] LONG XRP/USDT:USDT exit=2026-07-30 03:32:09 미매칭수량=14.70000000 orderID=154591436270 tradeID=None
[진입유실 방지 자동보정] LONG XRP/USDT:USDT exit=2026-07-30 08:06:13 미매칭수량=18.50000000 orderID=154605732461 tradeID=None
[진입유실 방지 자동보정] LONG XRP/USDT:USDT exit=2026-07-30 22:11:04 미매칭수량=17.50000000 orderID=154637963852 tradeID=None
[진입유실 방지 자동보정] SHORT XRP/USDT:USDT exit=2026-07-31 15:18:55 미매칭수량=28.50000000 orderID=154681353788 tradeID=None
[진입유실 방지 자동보정] LONG XRP/USDT:USDT exit=2026-08-02 07:48:27 미매칭수량=6.70000000 orderID=154765042288 tradeID=None
[진입유실 방지 자동보정] LONG XRP/USDT:USDT exit=2026-08-02 08:25:19 미매칭수량=6.70000000 orderID=154766072211 tradeID=None
[진입유실 방지 자동보정] LONG XRP/USDT:USDT exit=2026-08-02 11:07:15 미매칭수량=16.80000000 orderID=154770811661 tradeID=None
[진입유실 방지 자동보정] SHORT 1000PEPE/USDT:USDT exit=2026-08-02 02:31:36 미매칭수량=1968.00000000 orderID=61389681657 tradeID=None
[진입유실 방지 자동보정] SHORT 1000PEPE/USDT:USDT exit=2026-08-02 02:52:29 미매칭수량=1969.00000000 orderID=61390079427 tradeID=None
[진입유실 방지 자동보정] SHORT 1000PEPE/USDT:USDT exit=2026-08-02 09:25:39 미매칭수량=7585.00000000 orderID=61394822102 tradeID=None
[진입유실 방지 자동보정] SHORT IDOL/USDT:USDT exit=2026-08-02 10:17:17 미매칭수량=445.00000000 orderID=523897304 tradeID=None
[SOL/USDT:USDT] 래칫 위반 시도 차단 (Short): old=73.0130509802252 -> new=73.03965164344186
[SOL/USDT:USDT] 래칫 위반 시도 차단 (Short): old=73.0130509802252 -> new=73.03965164344186
[진입유실 방지 자동보정] LONG DOGE/USDT:USDT exit=2026-07-28 09:50:41 미매칭수량=163.00000000 orderID=100915175009 tradeID=None
[진입유실 방지 자동보정] SHORT DOGE/USDT:USDT exit=2026-07-28 20:36:48 미매칭수량=357.00000000 orderID=100925180835 tradeID=None
[진입유실 방지 자동보정] SHORT DOGE/USDT:USDT exit=2026-07-28 23:00:41 미매칭수량=286.00000000 orderID=100927596061 tradeID=None
[진입유실 방지 자동보정] SHORT DOGE/USDT:USDT exit=2026-07-30 20:51:14 미매칭수량=345.00000000 orderID=100976583122 tradeID=None
[진입유실 방지 자동보정] SHORT DOGE/USDT:USDT exit=2026-07-31 10:01:31 미매칭수량=334.00000000 orderID=100988356319 tradeID=None
[진입유실 방지 자동보정] SHORT DOGE/USDT:USDT exit=2026-08-01 18:02:18 미매칭수량=306.00000000 orderID=101015266902 tradeID=None
[진입유실 방지 자동보정] LONG DOGE/USDT:USDT exit=2026-08-02 11:07:47 미매칭수량=259.00000000 orderID=101028099752 tradeID=None
[진입유실 방지 자동보정] LONG XRP/USDT:USDT exit=2026-07-30 03:32:09 미매칭수량=14.70000000 orderID=154591436270 tradeID=None
[진입유실 방지 자동보정] LONG XRP/USDT:USDT exit=2026-07-30 08:06:13 미매칭수량=18.50000000 orderID=154605732461 tradeID=None
[진입유실 방지 자동보정] LONG XRP/USDT:USDT exit=2026-07-30 22:11:04 미매칭수량=17.50000000 orderID=154637963852 tradeID=None
[진입유실 방지 자동보정] SHORT XRP/USDT:USDT exit=2026-07-31 15:18:55 미매칭수량=28.50000000 orderID=154681353788 tradeID=None
[진입유실 방지 자동보정] LONG XRP/USDT:USDT exit=2026-08-02 07:48:27 미매칭수량=6.70000000 orderID=154765042288 tradeID=None
[진입유실 방지 자동보정] LONG XRP/USDT:USDT exit=2026-08-02 08:25:19 미매칭수량=6.70000000 orderID=154766072211 tradeID=None
[진입유실 방지 자동보정] LONG XRP/USDT:USDT exit=2026-08-02 11:07:15 미매칭수량=16.80000000 orderID=154770811661 tradeID=None
[진입유실 방지 자동보정] SHORT 1000PEPE/USDT:USDT exit=2026-08-02 02:31:36 미매칭수량=1968.00000000 orderID=61389681657 tradeID=None
[진입유실 방지 자동보정] SHORT 1000PEPE/USDT:USDT exit=2026-08-02 02:52:29 미매칭수량=1969.00000000 orderID=61390079427 tradeID=None
[진입유실 방지 자동보정] SHORT 1000PEPE/USDT:USDT exit=2026-08-02 09:25:39 미매칭수량=7585.00000000 orderID=61394822102 tradeID=None
[진입유실 방지 자동보정] SHORT IDOL/USDT:USDT exit=2026-08-02 10:17:17 미매칭수량=445.00000000 orderID=523897304 tradeID=None
[SOL/USDT:USDT] 래칫 위반 시도 차단 (Short): old=73.0130509802252 -> new=73.03965164344186
[SOL/USDT:USDT] 래칫 위반 시도 차단 (Short): old=73.0130509802252 -> new=73.05165164344186
[1000SHIB/USDT:USDT] 래칫 위반 시도 차단 (Long): old=0.004948524403179826 -> new=0.0049453244031798255
[진입유실 방지 자동보정] LONG DOGE/USDT:USDT exit=2026-07-28 09:50:41 미매칭수량=163.00000000 orderID=100915175009 tradeID=None
[진입유실 방지 자동보정] SHORT DOGE/USDT:USDT exit=2026-07-28 20:36:48 미매칭수량=357.00000000 orderID=100925180835 tradeID=None
[진입유실 방지 자동보정] SHORT DOGE/USDT:USDT exit=2026-07-28 23:00:41 미매칭수량=286.00000000 orderID=100927596061 tradeID=None
[진입유실 방지 자동보정] SHORT DOGE/USDT:USDT exit=2026-07-30 20:51:14 미매칭수량=345.00000000 orderID=100976583122 tradeID=None
[진입유실 방지 자동보정] SHORT DOGE/USDT:USDT exit=2026-07-31 10:01:31 미매칭수량=334.00000000 orderID=100988356319 tradeID=None
[진입유실 방지 자동보정] SHORT DOGE/USDT:USDT exit=2026-08-01 18:02:18 미매칭수량=306.00000000 orderID=101015266902 tradeID=None
[진입유실 방지 자동보정] LONG DOGE/USDT:USDT exit=2026-08-02 11:07:47 미매칭수량=259.00000000 orderID=101028099752 tradeID=None
[진입유실 방지 자동보정] LONG XRP/USDT:USDT exit=2026-07-30 03:32:09 미매칭수량=14.70000000 orderID=154591436270 tradeID=None
[진입유실 방지 자동보정] LONG XRP/USDT:USDT exit=2026-07-30 08:06:13 미매칭수량=18.50000000 orderID=154605732461 tradeID=None
[진입유실 방지 자동보정] LONG XRP/USDT:USDT exit=2026-07-30 22:11:04 미매칭수량=17.50000000 orderID=154637963852 tradeID=None
[진입유실 방지 자동보정] SHORT XRP/USDT:USDT exit=2026-07-31 15:18:55 미매칭수량=28.50000000 orderID=154681353788 tradeID=None
[진입유실 방지 자동보정] LONG XRP/USDT:USDT exit=2026-08-02 07:48:27 미매칭수량=6.70000000 orderID=154765042288 tradeID=None
[진입유실 방지 자동보정] LONG XRP/USDT:USDT exit=2026-08-02 08:25:19 미매칭수량=6.70000000 orderID=154766072211 tradeID=None
[진입유실 방지 자동보정] LONG XRP/USDT:USDT exit=2026-08-02 11:07:15 미매칭수량=16.80000000 orderID=154770811661 tradeID=None
[진입유실 방지 자동보정] SHORT 1000PEPE/USDT:USDT exit=2026-08-02 02:31:36 미매칭수량=1968.00000000 orderID=61389681657 tradeID=None
[진입유실 방지 자동보정] SHORT 1000PEPE/USDT:USDT exit=2026-08-02 02:52:29 미매칭수량=1969.00000000 orderID=61390079427 tradeID=None
[진입유실 방지 자동보정] SHORT 1000PEPE/USDT:USDT exit=2026-08-02 09:25:39 미매칭수량=7585.00000000 orderID=61394822102 tradeID=None
[진입유실 방지 자동보정] SHORT IDOL/USDT:USDT exit=2026-08-02 10:17:17 미매칭수량=445.00000000 orderID=523897304 tradeID=None
[SOL/USDT:USDT] 래칫 위반 시도 차단 (Short): old=73.0130509802252 -> new=73.05165164344186
[1000SHIB/USDT:USDT] 래칫 위반 시도 차단 (Long): old=0.004948524403179826 -> new=0.0049453244031798255
[SOL/USDT:USDT] 래칫 위반 시도 차단 (Short): old=73.0130509802252 -> new=73.05165164344186
[1000SHIB/USDT:USDT] 래칫 위반 시도 차단 (Long): old=0.004948524403179826 -> new=0.0049453244031798255
[진입유실 방지 자동보정] LONG DOGE/USDT:USDT exit=2026-07-28 09:50:41 미매칭수량=163.00000000 orderID=100915175009 tradeID=None
[진입유실 방지 자동보정] SHORT DOGE/USDT:USDT exit=2026-07-28 20:36:48 미매칭수량=357.00000000 orderID=100925180835 tradeID=None
[진입유실 방지 자동보정] SHORT DOGE/USDT:USDT exit=2026-07-28 23:00:41 미매칭수량=286.00000000 orderID=100927596061 tradeID=None
[진입유실 방지 자동보정] SHORT DOGE/USDT:USDT exit=2026-07-30 20:51:14 미매칭수량=345.00000000 orderID=100976583122 tradeID=None
[진입유실 방지 자동보정] SHORT DOGE/USDT:USDT exit=2026-07-31 10:01:31 미매칭수량=334.00000000 orderID=100988356319 tradeID=None
[진입유실 방지 자동보정] SHORT DOGE/USDT:USDT exit=2026-08-01 18:02:18 미매칭수량=306.00000000 orderID=101015266902 tradeID=None
[진입유실 방지 자동보정] LONG DOGE/USDT:USDT exit=2026-08-02 11:07:47 미매칭수량=259.00000000 orderID=101028099752 tradeID=None
[진입유실 방지 자동보정] LONG XRP/USDT:USDT exit=2026-07-30 03:32:09 미매칭수량=14.70000000 orderID=154591436270 tradeID=None
[진입유실 방지 자동보정] LONG XRP/USDT:USDT exit=2026-07-30 08:06:13 미매칭수량=18.50000000 orderID=154605732461 tradeID=None
[진입유실 방지 자동보정] LONG XRP/USDT:USDT exit=2026-07-30 22:11:04 미매칭수량=17.50000000 orderID=154637963852 tradeID=None
[진입유실 방지 자동보정] SHORT XRP/USDT:USDT exit=2026-07-31 15:18:55 미매칭수량=28.50000000 orderID=154681353788 tradeID=None
[진입유실 방지 자동보정] LONG XRP/USDT:USDT exit=2026-08-02 07:48:27 미매칭수량=6.70000000 orderID=154765042288 tradeID=None
[진입유실 방지 자동보정] LONG XRP/USDT:USDT exit=2026-08-02 08:25:19 미매칭수량=6.70000000 orderID=154766072211 tradeID=None
[진입유실 방지 자동보정] LONG XRP/USDT:USDT exit=2026-08-02 11:07:15 미매칭수량=16.80000000 orderID=154770811661 tradeID=None
[진입유실 방지 자동보정] SHORT 1000PEPE/USDT:USDT exit=2026-08-02 02:31:36 미매칭수량=1968.00000000 orderID=61389681657 tradeID=None
[진입유실 방지 자동보정] SHORT 1000PEPE/USDT:USDT exit=2026-08-02 02:52:29 미매칭수량=1969.00000000 orderID=61390079427 tradeID=None
[진입유실 방지 자동보정] SHORT 1000PEPE/USDT:USDT exit=2026-08-02 09:25:39 미매칭수량=7585.00000000 orderID=61394822102 tradeID=None
[진입유실 방지 자동보정] SHORT IDOL/USDT:USDT exit=2026-08-02 10:17:17 미매칭수량=445.00000000 orderID=523897304 tradeID=None
[SOL/USDT:USDT] 래칫 위반 시도 차단 (Short): old=73.0130509802252 -> new=73.01676479423945
[SOL/USDT:USDT] 래칫 위반 시도 차단 (Short): old=73.0130509802252 -> new=73.01676479423945
[진입유실 방지 자동보정] LONG DOGE/USDT:USDT exit=2026-07-28 09:50:41 미매칭수량=163.00000000 orderID=100915175009 tradeID=None
[진입유실 방지 자동보정] SHORT DOGE/USDT:USDT exit=2026-07-28 20:36:48 미매칭수량=357.00000000 orderID=100925180835 tradeID=None
[진입유실 방지 자동보정] SHORT DOGE/USDT:USDT exit=2026-07-28 23:00:41 미매칭수량=286.00000000 orderID=100927596061 tradeID=None
[진입유실 방지 자동보정] SHORT DOGE/USDT:USDT exit=2026-07-30 20:51:14 미매칭수량=345.00000000 orderID=100976583122 tradeID=None
[진입유실 방지 자동보정] SHORT DOGE/USDT:USDT exit=2026-07-31 10:01:31 미매칭수량=334.00000000 orderID=100988356319 tradeID=None
[진입유실 방지 자동보정] SHORT DOGE/USDT:USDT exit=2026-08-01 18:02:18 미매칭수량=306.00000000 orderID=101015266902 tradeID=None
[진입유실 방지 자동보정] LONG DOGE/USDT:USDT exit=2026-08-02 11:07:47 미매칭수량=259.00000000 orderID=101028099752 tradeID=None
[진입유실 방지 자동보정] LONG XRP/USDT:USDT exit=2026-07-30 03:32:09 미매칭수량=14.70000000 orderID=154591436270 tradeID=None
[진입유실 방지 자동보정] LONG XRP/USDT:USDT exit=2026-07-30 08:06:13 미매칭수량=18.50000000 orderID=154605732461 tradeID=None
[진입유실 방지 자동보정] LONG XRP/USDT:USDT exit=2026-07-30 22:11:04 미매칭수량=17.50000000 orderID=154637963852 tradeID=None
[진입유실 방지 자동보정] SHORT XRP/USDT:USDT exit=2026-07-31 15:18:55 미매칭수량=28.50000000 orderID=154681353788 tradeID=None
[진입유실 방지 자동보정] LONG XRP/USDT:USDT exit=2026-08-02 07:48:27 미매칭수량=6.70000000 orderID=154765042288 tradeID=None
[진입유실 방지 자동보정] LONG XRP/USDT:USDT exit=2026-08-02 08:25:19 미매칭수량=6.70000000 orderID=154766072211 tradeID=None
[진입유실 방지 자동보정] LONG XRP/USDT:USDT exit=2026-08-02 11:07:15 미매칭수량=16.80000000 orderID=154770811661 tradeID=None
[진입유실 방지 자동보정] SHORT 1000PEPE/USDT:USDT exit=2026-08-02 02:31:36 미매칭수량=1968.00000000 orderID=61389681657 tradeID=None
[진입유실 방지 자동보정] SHORT 1000PEPE/USDT:USDT exit=2026-08-02 02:52:29 미매칭수량=1969.00000000 orderID=61390079427 tradeID=None
[진입유실 방지 자동보정] SHORT 1000PEPE/USDT:USDT exit=2026-08-02 09:25:39 미매칭수량=7585.00000000 orderID=61394822102 tradeID=None
[진입유실 방지 자동보정] SHORT IDOL/USDT:USDT exit=2026-08-02 10:17:17 미매칭수량=445.00000000 orderID=523897304 tradeID=None
[SOL/USDT:USDT] 래칫 위반 시도 차단 (Short): old=73.0130509802252 -> new=73.02076479423945
[SOL/USDT:USDT] 래칫 위반 시도 차단 (Short): old=73.0130509802252 -> new=73.02076479423945
[진입유실 방지 자동보정] LONG DOGE/USDT:USDT exit=2026-07-28 09:50:41 미매칭수량=163.00000000 orderID=100915175009 tradeID=None
[진입유실 방지 자동보정] SHORT DOGE/USDT:USDT exit=2026-07-28 20:36:48 미매칭수량=357.00000000 orderID=100925180835 tradeID=None
[진입유실 방지 자동보정] SHORT DOGE/USDT:USDT exit=2026-07-28 23:00:41 미매칭수량=286.00000000 orderID=100927596061 tradeID=None
[진입유실 방지 자동보정] SHORT DOGE/USDT:USDT exit=2026-07-30 20:51:14 미매칭수량=345.00000000 orderID=100976583122 tradeID=None
[진입유실 방지 자동보정] SHORT DOGE/USDT:USDT exit=2026-07-31 10:01:31 미매칭수량=334.00000000 orderID=100988356319 tradeID=None
[진입유실 방지 자동보정] SHORT DOGE/USDT:USDT exit=2026-08-01 18:02:18 미매칭수량=306.00000000 orderID=101015266902 tradeID=None
[진입유실 방지 자동보정] LONG DOGE/USDT:USDT exit=2026-08-02 11:07:47 미매칭수량=259.00000000 orderID=101028099752 tradeID=None
[진입유실 방지 자동보정] LONG XRP/USDT:USDT exit=2026-07-30 03:32:09 미매칭수량=14.70000000 orderID=154591436270 tradeID=None
[진입유실 방지 자동보정] LONG XRP/USDT:USDT exit=2026-07-30 08:06:13 미매칭수량=18.50000000 orderID=154605732461 tradeID=None
[진입유실 방지 자동보정] LONG XRP/USDT:USDT exit=2026-07-30 22:11:04 미매칭수량=17.50000000 orderID=154637963852 tradeID=None
[진입유실 방지 자동보정] SHORT XRP/USDT:USDT exit=2026-07-31 15:18:55 미매칭수량=28.50000000 orderID=154681353788 tradeID=None
[진입유실 방지 자동보정] LONG XRP/USDT:USDT exit=2026-08-02 07:48:27 미매칭수량=6.70000000 orderID=154765042288 tradeID=None
[진입유실 방지 자동보정] LONG XRP/USDT:USDT exit=2026-08-02 08:25:19 미매칭수량=6.70000000 orderID=154766072211 tradeID=None
[진입유실 방지 자동보정] LONG XRP/USDT:USDT exit=2026-08-02 11:07:15 미매칭수량=16.80000000 orderID=154770811661 tradeID=None
[진입유실 방지 자동보정] SHORT 1000PEPE/USDT:USDT exit=2026-08-02 02:31:36 미매칭수량=1968.00000000 orderID=61389681657 tradeID=None
[진입유실 방지 자동보정] SHORT 1000PEPE/USDT:USDT exit=2026-08-02 02:52:29 미매칭수량=1969.00000000 orderID=61390079427 tradeID=None
[진입유실 방지 자동보정] SHORT 1000PEPE/USDT:USDT exit=2026-08-02 09:25:39 미매칭수량=7585.00000000 orderID=61394822102 tradeID=None
[진입유실 방지 자동보정] SHORT IDOL/USDT:USDT exit=2026-08-02 10:17:17 미매칭수량=445.00000000 orderID=523897304 tradeID=None
[진입유실 방지 자동보정] LONG DOGE/USDT:USDT exit=2026-07-28 09:50:41 미매칭수량=163.00000000 orderID=100915175009 tradeID=None
[진입유실 방지 자동보정] SHORT DOGE/USDT:USDT exit=2026-07-28 20:36:48 미매칭수량=357.00000000 orderID=100925180835 tradeID=None
[진입유실 방지 자동보정] SHORT DOGE/USDT:USDT exit=2026-07-28 23:00:41 미매칭수량=286.00000000 orderID=100927596061 tradeID=None
[진입유실 방지 자동보정] SHORT DOGE/USDT:USDT exit=2026-07-30 20:51:14 미매칭수량=345.00000000 orderID=100976583122 tradeID=None
[진입유실 방지 자동보정] SHORT DOGE/USDT:USDT exit=2026-07-31 10:01:31 미매칭수량=334.00000000 orderID=100988356319 tradeID=None
[진입유실 방지 자동보정] SHORT DOGE/USDT:USDT exit=2026-08-01 18:02:18 미매칭수량=306.00000000 orderID=101015266902 tradeID=None
[진입유실 방지 자동보정] LONG DOGE/USDT:USDT exit=2026-08-02 11:07:47 미매칭수량=259.00000000 orderID=101028099752 tradeID=None
[진입유실 방지 자동보정] LONG XRP/USDT:USDT exit=2026-07-30 03:32:09 미매칭수량=14.70000000 orderID=154591436270 tradeID=None
[진입유실 방지 자동보정] LONG XRP/USDT:USDT exit=2026-07-30 08:06:13 미매칭수량=18.50000000 orderID=154605732461 tradeID=None
[진입유실 방지 자동보정] LONG XRP/USDT:USDT exit=2026-07-30 22:11:04 미매칭수량=17.50000000 orderID=154637963852 tradeID=None
[진입유실 방지 자동보정] SHORT XRP/USDT:USDT exit=2026-07-31 15:18:55 미매칭수량=28.50000000 orderID=154681353788 tradeID=None
[진입유실 방지 자동보정] LONG XRP/USDT:USDT exit=2026-08-02 07:48:27 미매칭수량=6.70000000 orderID=154765042288 tradeID=None
[진입유실 방지 자동보정] LONG XRP/USDT:USDT exit=2026-08-02 08:25:19 미매칭수량=6.70000000 orderID=154766072211 tradeID=None
[진입유실 방지 자동보정] LONG XRP/USDT:USDT exit=2026-08-02 11:07:15 미매칭수량=16.80000000 orderID=154770811661 tradeID=None
[진입유실 방지 자동보정] SHORT 1000PEPE/USDT:USDT exit=2026-08-02 02:31:36 미매칭수량=1968.00000000 orderID=61389681657 tradeID=None
[진입유실 방지 자동보정] SHORT 1000PEPE/USDT:USDT exit=2026-08-02 02:52:29 미매칭수량=1969.00000000 orderID=61390079427 tradeID=None
[진입유실 방지 자동보정] SHORT 1000PEPE/USDT:USDT exit=2026-08-02 09:25:39 미매칭수량=7585.00000000 orderID=61394822102 tradeID=None
[진입유실 방지 자동보정] SHORT IDOL/USDT:USDT exit=2026-08-02 10:17:17 미매칭수량=445.00000000 orderID=523897304 tradeID=None
[SOL/USDT:USDT] 래칫 위반 시도 차단 (Short): old=73.0130509802252 -> new=73.02076479423945
[1000SHIB/USDT:USDT] 래칫 위반 시도 차단 (Long): old=0.004950377158569977 -> new=0.004949177158569977
[SOL/USDT:USDT] 래칫 위반 시도 차단 (Short): old=73.0130509802252 -> new=73.02076479423945
[1000SHIB/USDT:USDT] 래칫 위반 시도 차단 (Long): old=0.004950377158569977 -> new=0.004949177158569977
[진입유실 방지 자동보정] LONG DOGE/USDT:USDT exit=2026-07-28 09:50:41 미매칭수량=163.00000000 orderID=100915175009 tradeID=None
[진입유실 방지 자동보정] SHORT DOGE/USDT:USDT exit=2026-07-28 20:36:48 미매칭수량=357.00000000 orderID=100925180835 tradeID=None
[진입유실 방지 자동보정] SHORT DOGE/USDT:USDT exit=2026-07-28 23:00:41 미매칭수량=286.00000000 orderID=100927596061 tradeID=None
[진입유실 방지 자동보정] SHORT DOGE/USDT:USDT exit=2026-07-30 20:51:14 미매칭수량=345.00000000 orderID=100976583122 tradeID=None
[진입유실 방지 자동보정] SHORT DOGE/USDT:USDT exit=2026-07-31 10:01:31 미매칭수량=334.00000000 orderID=100988356319 tradeID=None
[진입유실 방지 자동보정] SHORT DOGE/USDT:USDT exit=2026-08-01 18:02:18 미매칭수량=306.00000000 orderID=101015266902 tradeID=None
[진입유실 방지 자동보정] LONG DOGE/USDT:USDT exit=2026-08-02 11:07:47 미매칭수량=259.00000000 orderID=101028099752 tradeID=None
[진입유실 방지 자동보정] LONG XRP/USDT:USDT exit=2026-07-30 03:32:09 미매칭수량=14.70000000 orderID=154591436270 tradeID=None
[진입유실 방지 자동보정] LONG XRP/USDT:USDT exit=2026-07-30 08:06:13 미매칭수량=18.50000000 orderID=154605732461 tradeID=None
[진입유실 방지 자동보정] LONG XRP/USDT:USDT exit=2026-07-30 22:11:04 미매칭수량=17.50000000 orderID=154637963852 tradeID=None
[진입유실 방지 자동보정] SHORT XRP/USDT:USDT exit=2026-07-31 15:18:55 미매칭수량=28.50000000 orderID=154681353788 tradeID=None
[진입유실 방지 자동보정] LONG XRP/USDT:USDT exit=2026-08-02 07:48:27 미매칭수량=6.70000000 orderID=154765042288 tradeID=None
[진입유실 방지 자동보정] LONG XRP/USDT:USDT exit=2026-08-02 08:25:19 미매칭수량=6.70000000 orderID=154766072211 tradeID=None
[진입유실 방지 자동보정] LONG XRP/USDT:USDT exit=2026-08-02 11:07:15 미매칭수량=16.80000000 orderID=154770811661 tradeID=None
[진입유실 방지 자동보정] SHORT 1000PEPE/USDT:USDT exit=2026-08-02 02:31:36 미매칭수량=1968.00000000 orderID=61389681657 tradeID=None
[진입유실 방지 자동보정] SHORT 1000PEPE/USDT:USDT exit=2026-08-02 02:52:29 미매칭수량=1969.00000000 orderID=61390079427 tradeID=None
[진입유실 방지 자동보정] SHORT 1000PEPE/USDT:USDT exit=2026-08-02 09:25:39 미매칭수량=7585.00000000 orderID=61394822102 tradeID=None
[진입유실 방지 자동보정] SHORT IDOL/USDT:USDT exit=2026-08-02 10:17:17 미매칭수량=445.00000000 orderID=523897304 tradeID=None
2026-08-02 22:57:11.052 Please replace `use_container_width` with `width`.

`use_container_width` will be removed after 2025-12-31.

For `use_container_width=True`, use `width='stretch'`. For `use_container_width=False`, use `width='content'`.
[진입유실 방지 자동보정] LONG DOGE/USDT:USDT exit=2026-07-28 09:50:41 미매칭수량=163.00000000 orderID=100915175009 tradeID=None
[진입유실 방지 자동보정] SHORT DOGE/USDT:USDT exit=2026-07-28 20:36:48 미매칭수량=357.00000000 orderID=100925180835 tradeID=None
[진입유실 방지 자동보정] SHORT DOGE/USDT:USDT exit=2026-07-28 23:00:41 미매칭수량=286.00000000 orderID=100927596061 tradeID=None
[진입유실 방지 자동보정] SHORT DOGE/USDT:USDT exit=2026-07-30 20:51:14 미매칭수량=345.00000000 orderID=100976583122 tradeID=None
[진입유실 방지 자동보정] SHORT DOGE/USDT:USDT exit=2026-07-31 10:01:31 미매칭수량=334.00000000 orderID=100988356319 tradeID=None
[진입유실 방지 자동보정] SHORT DOGE/USDT:USDT exit=2026-08-01 18:02:18 미매칭수량=306.00000000 orderID=101015266902 tradeID=None
[진입유실 방지 자동보정] LONG DOGE/USDT:USDT exit=2026-08-02 11:07:47 미매칭수량=259.00000000 orderID=101028099752 tradeID=None
[진입유실 방지 자동보정] LONG XRP/USDT:USDT exit=2026-07-30 03:32:09 미매칭수량=14.70000000 orderID=154591436270 tradeID=None
[진입유실 방지 자동보정] LONG XRP/USDT:USDT exit=2026-07-30 08:06:13 미매칭수량=18.50000000 orderID=154605732461 tradeID=None
[진입유실 방지 자동보정] LONG XRP/USDT:USDT exit=2026-07-30 22:11:04 미매칭수량=17.50000000 orderID=154637963852 tradeID=None
[진입유실 방지 자동보정] SHORT XRP/USDT:USDT exit=2026-07-31 15:18:55 미매칭수량=28.50000000 orderID=154681353788 tradeID=None
[진입유실 방지 자동보정] LONG XRP/USDT:USDT exit=2026-08-02 07:48:27 미매칭수량=6.70000000 orderID=154765042288 tradeID=None
[진입유실 방지 자동보정] LONG XRP/USDT:USDT exit=2026-08-02 08:25:19 미매칭수량=6.70000000 orderID=154766072211 tradeID=None
[진입유실 방지 자동보정] LONG XRP/USDT:USDT exit=2026-08-02 11:07:15 미매칭수량=16.80000000 orderID=154770811661 tradeID=None
[진입유실 방지 자동보정] SHORT 1000PEPE/USDT:USDT exit=2026-08-02 02:31:36 미매칭수량=1968.00000000 orderID=61389681657 tradeID=None
[진입유실 방지 자동보정] SHORT 1000PEPE/USDT:USDT exit=2026-08-02 02:52:29 미매칭수량=1969.00000000 orderID=61390079427 tradeID=None
[진입유실 방지 자동보정] SHORT 1000PEPE/USDT:USDT exit=2026-08-02 09:25:39 미매칭수량=7585.00000000 orderID=61394822102 tradeID=None
[진입유실 방지 자동보정] SHORT IDOL/USDT:USDT exit=2026-08-02 10:17:17 미매칭수량=445.00000000 orderID=523897304 tradeID=None
[진입유실 방지 자동보정] LONG DOGE/USDT:USDT exit=2026-07-28 09:50:41 미매칭수량=163.00000000 orderID=100915175009 tradeID=None
[진입유실 방지 자동보정] SHORT DOGE/USDT:USDT exit=2026-07-28 20:36:48 미매칭수량=357.00000000 orderID=100925180835 tradeID=None
[진입유실 방지 자동보정] SHORT DOGE/USDT:USDT exit=2026-07-28 23:00:41 미매칭수량=286.00000000 orderID=100927596061 tradeID=None
[진입유실 방지 자동보정] SHORT DOGE/USDT:USDT exit=2026-07-30 20:51:14 미매칭수량=345.00000000 orderID=100976583122 tradeID=None
[진입유실 방지 자동보정] SHORT DOGE/USDT:USDT exit=2026-07-31 10:01:31 미매칭수량=334.00000000 orderID=100988356319 tradeID=None
[진입유실 방지 자동보정] SHORT DOGE/USDT:USDT exit=2026-08-01 18:02:18 미매칭수량=306.00000000 orderID=101015266902 tradeID=None
[진입유실 방지 자동보정] LONG DOGE/USDT:USDT exit=2026-08-02 11:07:47 미매칭수량=259.00000000 orderID=101028099752 tradeID=None
[진입유실 방지 자동보정] LONG XRP/USDT:USDT exit=2026-07-30 03:32:09 미매칭수량=14.70000000 orderID=154591436270 tradeID=None
[진입유실 방지 자동보정] LONG XRP/USDT:USDT exit=2026-07-30 08:06:13 미매칭수량=18.50000000 orderID=154605732461 tradeID=None
[진입유실 방지 자동보정] LONG XRP/USDT:USDT exit=2026-07-30 22:11:04 미매칭수량=17.50000000 orderID=154637963852 tradeID=None
[진입유실 방지 자동보정] SHORT XRP/USDT:USDT exit=2026-07-31 15:18:55 미매칭수량=28.50000000 orderID=154681353788 tradeID=None
[진입유실 방지 자동보정] LONG XRP/USDT:USDT exit=2026-08-02 07:48:27 미매칭수량=6.70000000 orderID=154765042288 tradeID=None
[진입유실 방지 자동보정] LONG XRP/USDT:USDT exit=2026-08-02 08:25:19 미매칭수량=6.70000000 orderID=154766072211 tradeID=None
[진입유실 방지 자동보정] LONG XRP/USDT:USDT exit=2026-08-02 11:07:15 미매칭수량=16.80000000 orderID=154770811661 tradeID=None
[진입유실 방지 자동보정] SHORT 1000PEPE/USDT:USDT exit=2026-08-02 02:31:36 미매칭수량=1968.00000000 orderID=61389681657 tradeID=None
[진입유실 방지 자동보정] SHORT 1000PEPE/USDT:USDT exit=2026-08-02 02:52:29 미매칭수량=1969.00000000 orderID=61390079427 tradeID=None
[진입유실 방지 자동보정] SHORT 1000PEPE/USDT:USDT exit=2026-08-02 09:25:39 미매칭수량=7585.00000000 orderID=61394822102 tradeID=None
[진입유실 방지 자동보정] SHORT IDOL/USDT:USDT exit=2026-08-02 10:17:17 미매칭수량=445.00000000 orderID=523897304 tradeID=None
[진입유실 방지 자동보정] LONG DOGE/USDT:USDT exit=2026-07-28 09:50:41 미매칭수량=163.00000000 orderID=100915175009 tradeID=None
[진입유실 방지 자동보정] SHORT DOGE/USDT:USDT exit=2026-07-28 20:36:48 미매칭수량=357.00000000 orderID=100925180835 tradeID=None
[진입유실 방지 자동보정] SHORT DOGE/USDT:USDT exit=2026-07-28 23:00:41 미매칭수량=286.00000000 orderID=100927596061 tradeID=None
[진입유실 방지 자동보정] SHORT DOGE/USDT:USDT exit=2026-07-30 20:51:14 미매칭수량=345.00000000 orderID=100976583122 tradeID=None
[진입유실 방지 자동보정] SHORT DOGE/USDT:USDT exit=2026-07-31 10:01:31 미매칭수량=334.00000000 orderID=100988356319 tradeID=None
[진입유실 방지 자동보정] SHORT DOGE/USDT:USDT exit=2026-08-01 18:02:18 미매칭수량=306.00000000 orderID=101015266902 tradeID=None
[진입유실 방지 자동보정] LONG DOGE/USDT:USDT exit=2026-08-02 11:07:47 미매칭수량=259.00000000 orderID=101028099752 tradeID=None
[진입유실 방지 자동보정] LONG XRP/USDT:USDT exit=2026-07-30 03:32:09 미매칭수량=14.70000000 orderID=154591436270 tradeID=None
[진입유실 방지 자동보정] LONG XRP/USDT:USDT exit=2026-07-30 08:06:13 미매칭수량=18.50000000 orderID=154605732461 tradeID=None
[진입유실 방지 자동보정] LONG XRP/USDT:USDT exit=2026-07-30 22:11:04 미매칭수량=17.50000000 orderID=154637963852 tradeID=None
[진입유실 방지 자동보정] SHORT XRP/USDT:USDT exit=2026-07-31 15:18:55 미매칭수량=28.50000000 orderID=154681353788 tradeID=None
[진입유실 방지 자동보정] LONG XRP/USDT:USDT exit=2026-08-02 07:48:27 미매칭수량=6.70000000 orderID=154765042288 tradeID=None
[진입유실 방지 자동보정] LONG XRP/USDT:USDT exit=2026-08-02 08:25:19 미매칭수량=6.70000000 orderID=154766072211 tradeID=None
[진입유실 방지 자동보정] LONG XRP/USDT:USDT exit=2026-08-02 11:07:15 미매칭수량=16.80000000 orderID=154770811661 tradeID=None
[진입유실 방지 자동보정] SHORT 1000PEPE/USDT:USDT exit=2026-08-02 02:31:36 미매칭수량=1968.00000000 orderID=61389681657 tradeID=None
[진입유실 방지 자동보정] SHORT 1000PEPE/USDT:USDT exit=2026-08-02 02:52:29 미매칭수량=1969.00000000 orderID=61390079427 tradeID=None
[진입유실 방지 자동보정] SHORT 1000PEPE/USDT:USDT exit=2026-08-02 09:25:39 미매칭수량=7585.00000000 orderID=61394822102 tradeID=None
[진입유실 방지 자동보정] SHORT IDOL/USDT:USDT exit=2026-08-02 10:17:17 미매칭수량=445.00000000 orderID=523897304 tradeID=None
[SOL/USDT:USDT] 래칫 위반 시도 차단 (Short): old=73.0130509802252 -> new=73.02076479423945
[1000SHIB/USDT:USDT] 래칫 위반 시도 차단 (Long): old=0.004950377158569977 -> new=0.004949177158569977
[TIMEOUT EXIT] 1000SHIB/USDT:USDT long 진입 후 557.4분 경과 (>= 45.0분), 주가변동 0.29% 횡보 중 → 추세반전 실패 조기 시장가 탈출.
[SOL/USDT:USDT] 래칫 위반 시도 차단 (Short): old=73.0130509802252 -> new=73.02076479423945
[진입유실 방지 자동보정] LONG DOGE/USDT:USDT exit=2026-07-28 09:50:41 미매칭수량=163.00000000 orderID=100915175009 tradeID=None
[진입유실 방지 자동보정] SHORT DOGE/USDT:USDT exit=2026-07-28 20:36:48 미매칭수량=357.00000000 orderID=100925180835 tradeID=None
[진입유실 방지 자동보정] SHORT DOGE/USDT:USDT exit=2026-07-28 23:00:41 미매칭수량=286.00000000 orderID=100927596061 tradeID=None
[진입유실 방지 자동보정] SHORT DOGE/USDT:USDT exit=2026-07-30 20:51:14 미매칭수량=345.00000000 orderID=100976583122 tradeID=None
[진입유실 방지 자동보정] SHORT DOGE/USDT:USDT exit=2026-07-31 10:01:31 미매칭수량=334.00000000 orderID=100988356319 tradeID=None
[진입유실 방지 자동보정] SHORT DOGE/USDT:USDT exit=2026-08-01 18:02:18 미매칭수량=306.00000000 orderID=101015266902 tradeID=None
[진입유실 방지 자동보정] LONG DOGE/USDT:USDT exit=2026-08-02 11:07:47 미매칭수량=259.00000000 orderID=101028099752 tradeID=None
[진입유실 방지 자동보정] LONG XRP/USDT:USDT exit=2026-07-30 03:32:09 미매칭수량=14.70000000 orderID=154591436270 tradeID=None
[진입유실 방지 자동보정] LONG XRP/USDT:USDT exit=2026-07-30 08:06:13 미매칭수량=18.50000000 orderID=154605732461 tradeID=None
[진입유실 방지 자동보정] LONG XRP/USDT:USDT exit=2026-07-30 22:11:04 미매칭수량=17.50000000 orderID=154637963852 tradeID=None
[진입유실 방지 자동보정] SHORT XRP/USDT:USDT exit=2026-07-31 15:18:55 미매칭수량=28.50000000 orderID=154681353788 tradeID=None
[진입유실 방지 자동보정] LONG XRP/USDT:USDT exit=2026-08-02 07:48:27 미매칭수량=6.70000000 orderID=154765042288 tradeID=None
[진입유실 방지 자동보정] LONG XRP/USDT:USDT exit=2026-08-02 08:25:19 미매칭수량=6.70000000 orderID=154766072211 tradeID=None
[진입유실 방지 자동보정] LONG XRP/USDT:USDT exit=2026-08-02 11:07:15 미매칭수량=16.80000000 orderID=154770811661 tradeID=None
[진입유실 방지 자동보정] SHORT 1000PEPE/USDT:USDT exit=2026-08-02 02:31:36 미매칭수량=1968.00000000 orderID=61389681657 tradeID=None
[진입유실 방지 자동보정] SHORT 1000PEPE/USDT:USDT exit=2026-08-02 02:52:29 미매칭수량=1969.00000000 orderID=61390079427 tradeID=None
[진입유실 방지 자동보정] SHORT 1000PEPE/USDT:USDT exit=2026-08-02 09:25:39 미매칭수량=7585.00000000 orderID=61394822102 tradeID=None
[진입유실 방지 자동보정] SHORT IDOL/USDT:USDT exit=2026-08-02 10:17:17 미매칭수량=445.00000000 orderID=523897304 tradeID=None
2026-08-02 22:57:49.288 Please replace `use_container_width` with `width`.

`use_container_width` will be removed after 2025-12-31.

For `use_container_width=True`, use `width='stretch'`. For `use_container_width=False`, use `width='content'`.
[진입유실 방지 자동보정] LONG DOGE/USDT:USDT exit=2026-07-28 09:50:41 미매칭수량=163.00000000 orderID=100915175009 tradeID=None
[진입유실 방지 자동보정] SHORT DOGE/USDT:USDT exit=2026-07-28 20:36:48 미매칭수량=357.00000000 orderID=100925180835 tradeID=None
[진입유실 방지 자동보정] SHORT DOGE/USDT:USDT exit=2026-07-28 23:00:41 미매칭수량=286.00000000 orderID=100927596061 tradeID=None
[진입유실 방지 자동보정] SHORT DOGE/USDT:USDT exit=2026-07-30 20:51:14 미매칭수량=345.00000000 orderID=100976583122 tradeID=None
[진입유실 방지 자동보정] SHORT DOGE/USDT:USDT exit=2026-07-31 10:01:31 미매칭수량=334.00000000 orderID=100988356319 tradeID=None
[진입유실 방지 자동보정] SHORT DOGE/USDT:USDT exit=2026-08-01 18:02:18 미매칭수량=306.00000000 orderID=101015266902 tradeID=None
[진입유실 방지 자동보정] LONG DOGE/USDT:USDT exit=2026-08-02 11:07:47 미매칭수량=259.00000000 orderID=101028099752 tradeID=None
[진입유실 방지 자동보정] LONG XRP/USDT:USDT exit=2026-07-30 03:32:09 미매칭수량=14.70000000 orderID=154591436270 tradeID=None
[진입유실 방지 자동보정] LONG XRP/USDT:USDT exit=2026-07-30 08:06:13 미매칭수량=18.50000000 orderID=154605732461 tradeID=None
[진입유실 방지 자동보정] LONG XRP/USDT:USDT exit=2026-07-30 22:11:04 미매칭수량=17.50000000 orderID=154637963852 tradeID=None
[진입유실 방지 자동보정] SHORT XRP/USDT:USDT exit=2026-07-31 15:18:55 미매칭수량=28.50000000 orderID=154681353788 tradeID=None
[진입유실 방지 자동보정] LONG XRP/USDT:USDT exit=2026-08-02 07:48:27 미매칭수량=6.70000000 orderID=154765042288 tradeID=None
[진입유실 방지 자동보정] LONG XRP/USDT:USDT exit=2026-08-02 08:25:19 미매칭수량=6.70000000 orderID=154766072211 tradeID=None
[진입유실 방지 자동보정] LONG XRP/USDT:USDT exit=2026-08-02 11:07:15 미매칭수량=16.80000000 orderID=154770811661 tradeID=None
[진입유실 방지 자동보정] SHORT 1000PEPE/USDT:USDT exit=2026-08-02 02:31:36 미매칭수량=1968.00000000 orderID=61389681657 tradeID=None
[진입유실 방지 자동보정] SHORT 1000PEPE/USDT:USDT exit=2026-08-02 02:52:29 미매칭수량=1969.00000000 orderID=61390079427 tradeID=None
[진입유실 방지 자동보정] SHORT 1000PEPE/USDT:USDT exit=2026-08-02 09:25:39 미매칭수량=7585.00000000 orderID=61394822102 tradeID=None
[진입유실 방지 자동보정] SHORT IDOL/USDT:USDT exit=2026-08-02 10:17:17 미매칭수량=445.00000000 orderID=523897304 tradeID=None
2026-08-02 22:57:50.880 Please replace `use_container_width` with `width`.

`use_container_width` will be removed after 2025-12-31.

For `use_container_width=True`, use `width='stretch'`. For `use_container_width=False`, use `width='content'`.
[진입유실 방지 자동보정] LONG DOGE/USDT:USDT exit=2026-07-28 09:50:41 미매칭수량=163.00000000 orderID=100915175009 tradeID=None
[진입유실 방지 자동보정] SHORT DOGE/USDT:USDT exit=2026-07-28 20:36:48 미매칭수량=357.00000000 orderID=100925180835 tradeID=None
[진입유실 방지 자동보정] SHORT DOGE/USDT:USDT exit=2026-07-28 23:00:41 미매칭수량=286.00000000 orderID=100927596061 tradeID=None
[진입유실 방지 자동보정] SHORT DOGE/USDT:USDT exit=2026-07-30 20:51:14 미매칭수량=345.00000000 orderID=100976583122 tradeID=None
[진입유실 방지 자동보정] SHORT DOGE/USDT:USDT exit=2026-07-31 10:01:31 미매칭수량=334.00000000 orderID=100988356319 tradeID=None
[진입유실 방지 자동보정] SHORT DOGE/USDT:USDT exit=2026-08-01 18:02:18 미매칭수량=306.00000000 orderID=101015266902 tradeID=None
[진입유실 방지 자동보정] LONG DOGE/USDT:USDT exit=2026-08-02 11:07:47 미매칭수량=259.00000000 orderID=101028099752 tradeID=None
[진입유실 방지 자동보정] LONG XRP/USDT:USDT exit=2026-07-30 03:32:09 미매칭수량=14.70000000 orderID=154591436270 tradeID=None
[진입유실 방지 자동보정] LONG XRP/USDT:USDT exit=2026-07-30 08:06:13 미매칭수량=18.50000000 orderID=154605732461 tradeID=None
[진입유실 방지 자동보정] LONG XRP/USDT:USDT exit=2026-07-30 22:11:04 미매칭수량=17.50000000 orderID=154637963852 tradeID=None
[진입유실 방지 자동보정] SHORT XRP/USDT:USDT exit=2026-07-31 15:18:55 미매칭수량=28.50000000 orderID=154681353788 tradeID=None
[진입유실 방지 자동보정] LONG XRP/USDT:USDT exit=2026-08-02 07:48:27 미매칭수량=6.70000000 orderID=154765042288 tradeID=None
[진입유실 방지 자동보정] LONG XRP/USDT:USDT exit=2026-08-02 08:25:19 미매칭수량=6.70000000 orderID=154766072211 tradeID=None
[진입유실 방지 자동보정] LONG XRP/USDT:USDT exit=2026-08-02 11:07:15 미매칭수량=16.80000000 orderID=154770811661 tradeID=None
[진입유실 방지 자동보정] SHORT 1000PEPE/USDT:USDT exit=2026-08-02 02:31:36 미매칭수량=1968.00000000 orderID=61389681657 tradeID=None
[진입유실 방지 자동보정] SHORT 1000PEPE/USDT:USDT exit=2026-08-02 02:52:29 미매칭수량=1969.00000000 orderID=61390079427 tradeID=None
[진입유실 방지 자동보정] SHORT 1000PEPE/USDT:USDT exit=2026-08-02 09:25:39 미매칭수량=7585.00000000 orderID=61394822102 tradeID=None
[진입유실 방지 자동보정] SHORT IDOL/USDT:USDT exit=2026-08-02 10:17:17 미매칭수량=445.00000000 orderID=523897304 tradeID=None
[DASH] get_dashboard_data 지연/실패() — 직전 캐시/빈값 반환
[진입유실 방지 자동보정] LONG DOGE/USDT:USDT exit=2026-07-28 09:50:41 미매칭수량=163.00000000 orderID=100915175009 tradeID=None
[진입유실 방지 자동보정] SHORT DOGE/USDT:USDT exit=2026-07-28 20:36:48 미매칭수량=357.00000000 orderID=100925180835 tradeID=None
[진입유실 방지 자동보정] SHORT DOGE/USDT:USDT exit=2026-07-28 23:00:41 미매칭수량=286.00000000 orderID=100927596061 tradeID=None
[진입유실 방지 자동보정] SHORT DOGE/USDT:USDT exit=2026-07-30 20:51:14 미매칭수량=345.00000000 orderID=100976583122 tradeID=None
[진입유실 방지 자동보정] SHORT DOGE/USDT:USDT exit=2026-07-31 10:01:31 미매칭수량=334.00000000 orderID=100988356319 tradeID=None
[진입유실 방지 자동보정] SHORT DOGE/USDT:USDT exit=2026-08-01 18:02:18 미매칭수량=306.00000000 orderID=101015266902 tradeID=None
[진입유실 방지 자동보정] LONG DOGE/USDT:USDT exit=2026-08-02 11:07:47 미매칭수량=259.00000000 orderID=101028099752 tradeID=None
[진입유실 방지 자동보정] LONG XRP/USDT:USDT exit=2026-07-30 03:32:09 미매칭수량=14.70000000 orderID=154591436270 tradeID=None
[진입유실 방지 자동보정] LONG XRP/USDT:USDT exit=2026-07-30 08:06:13 미매칭수량=18.50000000 orderID=154605732461 tradeID=None
[진입유실 방지 자동보정] LONG XRP/USDT:USDT exit=2026-07-30 22:11:04 미매칭수량=17.50000000 orderID=154637963852 tradeID=None
[진입유실 방지 자동보정] SHORT XRP/USDT:USDT exit=2026-07-31 15:18:55 미매칭수량=28.50000000 orderID=154681353788 tradeID=None
[진입유실 방지 자동보정] LONG XRP/USDT:USDT exit=2026-08-02 07:48:27 미매칭수량=6.70000000 orderID=154765042288 tradeID=None
[진입유실 방지 자동보정] LONG XRP/USDT:USDT exit=2026-08-02 08:25:19 미매칭수량=6.70000000 orderID=154766072211 tradeID=None
[진입유실 방지 자동보정] LONG XRP/USDT:USDT exit=2026-08-02 11:07:15 미매칭수량=16.80000000 orderID=154770811661 tradeID=None
[진입유실 방지 자동보정] SHORT 1000PEPE/USDT:USDT exit=2026-08-02 02:31:36 미매칭수량=1968.00000000 orderID=61389681657 tradeID=None
[진입유실 방지 자동보정] SHORT 1000PEPE/USDT:USDT exit=2026-08-02 02:52:29 미매칭수량=1969.00000000 orderID=61390079427 tradeID=None
[진입유실 방지 자동보정] SHORT 1000PEPE/USDT:USDT exit=2026-08-02 09:25:39 미매칭수량=7585.00000000 orderID=61394822102 tradeID=None
[진입유실 방지 자동보정] SHORT IDOL/USDT:USDT exit=2026-08-02 10:17:17 미매칭수량=445.00000000 orderID=523897304 tradeID=None
[PNL SYNC] 1000SHIB/USDT:USDT PnL 부호 엇갈림 방지: 거래소 PnL=+0.0472 -> 로컬 계산 PnL=-0.1180
[PNL SYNC] 1000SHIB/USDT:USDT PnL 부호 엇갈림 방지: 거래소 PnL=+0.1611 -> 로컬 계산 PnL=-0.0043
[PNL SYNC] 1000SHIB/USDT:USDT PnL 부호 엇갈림 방지: 거래소 PnL=-0.0023 -> 로컬 계산 PnL=+0.3359
[PNL SYNC] 1000SHIB/USDT:USDT PnL 부호 엇갈림 방지: 거래소 PnL=-0.1117 -> 로컬 계산 PnL=+0.2052
[진입유실 방지 자동보정] LONG 1000SHIB/USDT:USDT exit=2026-07-27 04:30:21 미매칭수량=2189.00000000 orderID=31388901395 tradeID=None
[진입유실 방지 자동보정] SHORT 1000SHIB/USDT:USDT exit=2026-07-27 07:36:19 미매칭수량=1348.00000000 orderID=31393184616 tradeID=None
[진입유실 방지 자동보정] SHORT 1000SHIB/USDT:USDT exit=2026-07-27 11:51:02 미매칭수량=1844.00000000 orderID=31400541745 tradeID=None
[진입유실 방지 자동보정] SHORT 1000SHIB/USDT:USDT exit=2026-07-28 06:12:27 미매칭수량=2192.00000000 orderID=31421063023 tradeID=None
[진입유실 방지 자동보정] SHORT 1000SHIB/USDT:USDT exit=2026-08-02 01:13:53 미매칭수량=1073.00000000 orderID=31502817166 tradeID=None
[진입유실 방지 자동보정] SHORT 1000SHIB/USDT:USDT exit=2026-08-02 02:01:20 미매칭수량=1074.00000000 orderID=31504220662 tradeID=None
[진입유실 방지 자동보정] SHORT 1000SHIB/USDT:USDT exit=2026-08-02 09:45:32 미매칭수량=2285.00000000 orderID=31510623049 tradeID=None
[진입유실 방지 자동보정] SHORT 1000SHIB/USDT:USDT exit=2026-08-02 10:35:19 미매칭수량=2280.00000000 orderID=31511192196 tradeID=None
[진입유실 방지 자동보정] LONG DOGE/USDT:USDT exit=2026-07-28 09:50:41 미매칭수량=163.00000000 orderID=100915175009 tradeID=None
[진입유실 방지 자동보정] SHORT DOGE/USDT:USDT exit=2026-07-28 20:36:48 미매칭수량=357.00000000 orderID=100925180835 tradeID=None
[진입유실 방지 자동보정] SHORT DOGE/USDT:USDT exit=2026-07-28 23:00:41 미매칭수량=286.00000000 orderID=100927596061 tradeID=None
[진입유실 방지 자동보정] SHORT DOGE/USDT:USDT exit=2026-07-30 20:51:14 미매칭수량=345.00000000 orderID=100976583122 tradeID=None
[진입유실 방지 자동보정] SHORT DOGE/USDT:USDT exit=2026-07-31 10:01:31 미매칭수량=334.00000000 orderID=100988356319 tradeID=None
[진입유실 방지 자동보정] SHORT DOGE/USDT:USDT exit=2026-08-01 18:02:18 미매칭수량=306.00000000 orderID=101015266902 tradeID=None
[진입유실 방지 자동보정] LONG DOGE/USDT:USDT exit=2026-08-02 11:07:47 미매칭수량=259.00000000 orderID=101028099752 tradeID=None
[진입유실 방지 자동보정] LONG XRP/USDT:USDT exit=2026-07-30 03:32:09 미매칭수량=14.70000000 orderID=154591436270 tradeID=None
[진입유실 방지 자동보정] LONG XRP/USDT:USDT exit=2026-07-30 08:06:13 미매칭수량=18.50000000 orderID=154605732461 tradeID=None
[진입유실 방지 자동보정] LONG XRP/USDT:USDT exit=2026-07-30 22:11:04 미매칭수량=17.50000000 orderID=154637963852 tradeID=None
[진입유실 방지 자동보정] SHORT XRP/USDT:USDT exit=2026-07-31 15:18:55 미매칭수량=28.50000000 orderID=154681353788 tradeID=None
[진입유실 방지 자동보정] LONG XRP/USDT:USDT exit=2026-08-02 07:48:27 미매칭수량=6.70000000 orderID=154765042288 tradeID=None
[진입유실 방지 자동보정] LONG XRP/USDT:USDT exit=2026-08-02 08:25:19 미매칭수량=6.70000000 orderID=154766072211 tradeID=None
[진입유실 방지 자동보정] LONG XRP/USDT:USDT exit=2026-08-02 11:07:15 미매칭수량=16.80000000 orderID=154770811661 tradeID=None
[진입유실 방지 자동보정] SHORT 1000PEPE/USDT:USDT exit=2026-08-02 02:31:36 미매칭수량=1968.00000000 orderID=61389681657 tradeID=None
[진입유실 방지 자동보정] SHORT 1000PEPE/USDT:USDT exit=2026-08-02 02:52:29 미매칭수량=1969.00000000 orderID=61390079427 tradeID=None
[진입유실 방지 자동보정] SHORT 1000PEPE/USDT:USDT exit=2026-08-02 09:25:39 미매칭수량=7585.00000000 orderID=61394822102 tradeID=None
[진입유실 방지 자동보정] SHORT IDOL/USDT:USDT exit=2026-08-02 10:17:17 미매칭수량=445.00000000 orderID=523897304 tradeID=None
[SOL/USDT:USDT] 래칫 위반 시도 차단 (Short): old=73.0130509802252 -> new=73.02076479423945
[SOL/USDT:USDT] 래칫 위반 시도 차단 (Short): old=73.0130509802252 -> new=73.02476479423945
[진입유실 방지 자동보정] LONG 1000SHIB/USDT:USDT exit=2026-07-27 04:30:21 미매칭수량=2189.00000000 orderID=31388901395 tradeID=None
[진입유실 방지 자동보정] SHORT 1000SHIB/USDT:USDT exit=2026-07-27 07:36:19 미매칭수량=1348.00000000 orderID=31393184616 tradeID=None
[진입유실 방지 자동보정] SHORT 1000SHIB/USDT:USDT exit=2026-07-27 11:51:02 미매칭수량=1844.00000000 orderID=31400541745 tradeID=None
[진입유실 방지 자동보정] SHORT 1000SHIB/USDT:USDT exit=2026-07-28 06:12:27 미매칭수량=2192.00000000 orderID=31421063023 tradeID=None
[진입유실 방지 자동보정] SHORT 1000SHIB/USDT:USDT exit=2026-08-02 01:13:53 미매칭수량=1073.00000000 orderID=31502817166 tradeID=None
[진입유실 방지 자동보정] SHORT 1000SHIB/USDT:USDT exit=2026-08-02 02:01:20 미매칭수량=1074.00000000 orderID=31504220662 tradeID=None
[진입유실 방지 자동보정] SHORT 1000SHIB/USDT:USDT exit=2026-08-02 09:45:32 미매칭수량=2285.00000000 orderID=31510623049 tradeID=None
[진입유실 방지 자동보정] SHORT 1000SHIB/USDT:USDT exit=2026-08-02 10:35:19 미매칭수량=2280.00000000 orderID=31511192196 tradeID=None
[진입유실 방지 자동보정] LONG DOGE/USDT:USDT exit=2026-07-28 09:50:41 미매칭수량=163.00000000 orderID=100915175009 tradeID=None
[진입유실 방지 자동보정] SHORT DOGE/USDT:USDT exit=2026-07-28 20:36:48 미매칭수량=357.00000000 orderID=100925180835 tradeID=None
[진입유실 방지 자동보정] SHORT DOGE/USDT:USDT exit=2026-07-28 23:00:41 미매칭수량=286.00000000 orderID=100927596061 tradeID=None
[진입유실 방지 자동보정] SHORT DOGE/USDT:USDT exit=2026-07-30 20:51:14 미매칭수량=345.00000000 orderID=100976583122 tradeID=None
[진입유실 방지 자동보정] SHORT DOGE/USDT:USDT exit=2026-07-31 10:01:31 미매칭수량=334.00000000 orderID=100988356319 tradeID=None
[진입유실 방지 자동보정] SHORT DOGE/USDT:USDT exit=2026-08-01 18:02:18 미매칭수량=306.00000000 orderID=101015266902 tradeID=None
[진입유실 방지 자동보정] LONG DOGE/USDT:USDT exit=2026-08-02 11:07:47 미매칭수량=259.00000000 orderID=101028099752 tradeID=None
[진입유실 방지 자동보정] LONG XRP/USDT:USDT exit=2026-07-30 03:32:09 미매칭수량=14.70000000 orderID=154591436270 tradeID=None
[진입유실 방지 자동보정] LONG XRP/USDT:USDT exit=2026-07-30 08:06:13 미매칭수량=18.50000000 orderID=154605732461 tradeID=None
[진입유실 방지 자동보정] LONG XRP/USDT:USDT exit=2026-07-30 22:11:04 미매칭수량=17.50000000 orderID=154637963852 tradeID=None
[진입유실 방지 자동보정] SHORT XRP/USDT:USDT exit=2026-07-31 15:18:55 미매칭수량=28.50000000 orderID=154681353788 tradeID=None
[진입유실 방지 자동보정] LONG XRP/USDT:USDT exit=2026-08-02 07:48:27 미매칭수량=6.70000000 orderID=154765042288 tradeID=None
[진입유실 방지 자동보정] LONG XRP/USDT:USDT exit=2026-08-02 08:25:19 미매칭수량=6.70000000 orderID=154766072211 tradeID=None
[진입유실 방지 자동보정] LONG XRP/USDT:USDT exit=2026-08-02 11:07:15 미매칭수량=16.80000000 orderID=154770811661 tradeID=None
[진입유실 방지 자동보정] SHORT 1000PEPE/USDT:USDT exit=2026-08-02 02:31:36 미매칭수량=1968.00000000 orderID=61389681657 tradeID=None
[진입유실 방지 자동보정] SHORT 1000PEPE/USDT:USDT exit=2026-08-02 02:52:29 미매칭수량=1969.00000000 orderID=61390079427 tradeID=None
[진입유실 방지 자동보정] SHORT 1000PEPE/USDT:USDT exit=2026-08-02 09:25:39 미매칭수량=7585.00000000 orderID=61394822102 tradeID=None
[진입유실 방지 자동보정] SHORT IDOL/USDT:USDT exit=2026-08-02 10:17:17 미매칭수량=445.00000000 orderID=523897304 tradeID=None
[진입유실 방지 자동보정] LONG 1000SHIB/USDT:USDT exit=2026-07-27 04:30:21 미매칭수량=2189.00000000 orderID=31388901395 tradeID=None
[진입유실 방지 자동보정] SHORT 1000SHIB/USDT:USDT exit=2026-07-27 07:36:19 미매칭수량=1348.00000000 orderID=31393184616 tradeID=None
[진입유실 방지 자동보정] SHORT 1000SHIB/USDT:USDT exit=2026-07-27 11:51:02 미매칭수량=1844.00000000 orderID=31400541745 tradeID=None
[진입유실 방지 자동보정] SHORT 1000SHIB/USDT:USDT exit=2026-07-28 06:12:27 미매칭수량=2192.00000000 orderID=31421063023 tradeID=None
[진입유실 방지 자동보정] SHORT 1000SHIB/USDT:USDT exit=2026-08-02 01:13:53 미매칭수량=1073.00000000 orderID=31502817166 tradeID=None
[진입유실 방지 자동보정] SHORT 1000SHIB/USDT:USDT exit=2026-08-02 02:01:20 미매칭수량=1074.00000000 orderID=31504220662 tradeID=None
[진입유실 방지 자동보정] SHORT 1000SHIB/USDT:USDT exit=2026-08-02 09:45:32 미매칭수량=2285.00000000 orderID=31510623049 tradeID=None
[진입유실 방지 자동보정] SHORT 1000SHIB/USDT:USDT exit=2026-08-02 10:35:19 미매칭수량=2280.00000000 orderID=31511192196 tradeID=None
[진입유실 방지 자동보정] LONG DOGE/USDT:USDT exit=2026-07-28 09:50:41 미매칭수량=163.00000000 orderID=100915175009 tradeID=None
[진입유실 방지 자동보정] SHORT DOGE/USDT:USDT exit=2026-07-28 20:36:48 미매칭수량=357.00000000 orderID=100925180835 tradeID=None
[진입유실 방지 자동보정] SHORT DOGE/USDT:USDT exit=2026-07-28 23:00:41 미매칭수량=286.00000000 orderID=100927596061 tradeID=None
[진입유실 방지 자동보정] SHORT DOGE/USDT:USDT exit=2026-07-30 20:51:14 미매칭수량=345.00000000 orderID=100976583122 tradeID=None
[진입유실 방지 자동보정] SHORT DOGE/USDT:USDT exit=2026-07-31 10:01:31 미매칭수량=334.00000000 orderID=100988356319 tradeID=None
[진입유실 방지 자동보정] SHORT DOGE/USDT:USDT exit=2026-08-01 18:02:18 미매칭수량=306.00000000 orderID=101015266902 tradeID=None
[진입유실 방지 자동보정] LONG DOGE/USDT:USDT exit=2026-08-02 11:07:47 미매칭수량=259.00000000 orderID=101028099752 tradeID=None
[진입유실 방지 자동보정] LONG XRP/USDT:USDT exit=2026-07-30 03:32:09 미매칭수량=14.70000000 orderID=154591436270 tradeID=None
[진입유실 방지 자동보정] LONG XRP/USDT:USDT exit=2026-07-30 08:06:13 미매칭수량=18.50000000 orderID=154605732461 tradeID=None
[진입유실 방지 자동보정] LONG XRP/USDT:USDT exit=2026-07-30 22:11:04 미매칭수량=17.50000000 orderID=154637963852 tradeID=None
[진입유실 방지 자동보정] SHORT XRP/USDT:USDT exit=2026-07-31 15:18:55 미매칭수량=28.50000000 orderID=154681353788 tradeID=None
[진입유실 방지 자동보정] LONG XRP/USDT:USDT exit=2026-08-02 07:48:27 미매칭수량=6.70000000 orderID=154765042288 tradeID=None
[진입유실 방지 자동보정] LONG XRP/USDT:USDT exit=2026-08-02 08:25:19 미매칭수량=6.70000000 orderID=154766072211 tradeID=None
[진입유실 방지 자동보정] LONG XRP/USDT:USDT exit=2026-08-02 11:07:15 미매칭수량=16.80000000 orderID=154770811661 tradeID=None
[진입유실 방지 자동보정] SHORT 1000PEPE/USDT:USDT exit=2026-08-02 02:31:36 미매칭수량=1968.00000000 orderID=61389681657 tradeID=None
[진입유실 방지 자동보정] SHORT 1000PEPE/USDT:USDT exit=2026-08-02 02:52:29 미매칭수량=1969.00000000 orderID=61390079427 tradeID=None
[진입유실 방지 자동보정] SHORT 1000PEPE/USDT:USDT exit=2026-08-02 09:25:39 미매칭수량=7585.00000000 orderID=61394822102 tradeID=None
[진입유실 방지 자동보정] SHORT IDOL/USDT:USDT exit=2026-08-02 10:17:17 미매칭수량=445.00000000 orderID=523897304 tradeID=None
[SOL/USDT:USDT] 래칫 위반 시도 차단 (Short): old=73.0130509802252 -> new=73.02476479423945
[진입유실 방지 자동보정] LONG 1000SHIB/USDT:USDT exit=2026-07-27 04:30:21 미매칭수량=2189.00000000 orderID=31388901395 tradeID=None
[진입유실 방지 자동보정] SHORT 1000SHIB/USDT:USDT exit=2026-07-27 07:36:19 미매칭수량=1348.00000000 orderID=31393184616 tradeID=None
[진입유실 방지 자동보정] SHORT 1000SHIB/USDT:USDT exit=2026-07-27 11:51:02 미매칭수량=1844.00000000 orderID=31400541745 tradeID=None
[진입유실 방지 자동보정] SHORT 1000SHIB/USDT:USDT exit=2026-07-28 06:12:27 미매칭수량=2192.00000000 orderID=31421063023 tradeID=None
[진입유실 방지 자동보정] SHORT 1000SHIB/USDT:USDT exit=2026-08-02 01:13:53 미매칭수량=1073.00000000 orderID=31502817166 tradeID=None
[진입유실 방지 자동보정] SHORT 1000SHIB/USDT:USDT exit=2026-08-02 02:01:20 미매칭수량=1074.00000000 orderID=31504220662 tradeID=None
[진입유실 방지 자동보정] SHORT 1000SHIB/USDT:USDT exit=2026-08-02 09:45:32 미매칭수량=2285.00000000 orderID=31510623049 tradeID=None
[진입유실 방지 자동보정] SHORT 1000SHIB/USDT:USDT exit=2026-08-02 10:35:19 미매칭수량=2280.00000000 orderID=31511192196 tradeID=None
[진입유실 방지 자동보정] LONG DOGE/USDT:USDT exit=2026-07-28 09:50:41 미매칭수량=163.00000000 orderID=100915175009 tradeID=None
[진입유실 방지 자동보정] SHORT DOGE/USDT:USDT exit=2026-07-28 20:36:48 미매칭수량=357.00000000 orderID=100925180835 tradeID=None
[진입유실 방지 자동보정] SHORT DOGE/USDT:USDT exit=2026-07-28 23:00:41 미매칭수량=286.00000000 orderID=100927596061 tradeID=None
[진입유실 방지 자동보정] SHORT DOGE/USDT:USDT exit=2026-07-30 20:51:14 미매칭수량=345.00000000 orderID=100976583122 tradeID=None
[진입유실 방지 자동보정] SHORT DOGE/USDT:USDT exit=2026-07-31 10:01:31 미매칭수량=334.00000000 orderID=100988356319 tradeID=None
[진입유실 방지 자동보정] SHORT DOGE/USDT:USDT exit=2026-08-01 18:02:18 미매칭수량=306.00000000 orderID=101015266902 tradeID=None
[진입유실 방지 자동보정] LONG DOGE/USDT:USDT exit=2026-08-02 11:07:47 미매칭수량=259.00000000 orderID=101028099752 tradeID=None
[진입유실 방지 자동보정] LONG XRP/USDT:USDT exit=2026-07-30 03:32:09 미매칭수량=14.70000000 orderID=154591436270 tradeID=None
[진입유실 방지 자동보정] LONG XRP/USDT:USDT exit=2026-07-30 08:06:13 미매칭수량=18.50000000 orderID=154605732461 tradeID=None
[진입유실 방지 자동보정] LONG XRP/USDT:USDT exit=2026-07-30 22:11:04 미매칭수량=17.50000000 orderID=154637963852 tradeID=None
[진입유실 방지 자동보정] SHORT XRP/USDT:USDT exit=2026-07-31 15:18:55 미매칭수량=28.50000000 orderID=154681353788 tradeID=None
[진입유실 방지 자동보정] LONG XRP/USDT:USDT exit=2026-08-02 07:48:27 미매칭수량=6.70000000 orderID=154765042288 tradeID=None
[진입유실 방지 자동보정] LONG XRP/USDT:USDT exit=2026-08-02 08:25:19 미매칭수량=6.70000000 orderID=154766072211 tradeID=None
[진입유실 방지 자동보정] LONG XRP/USDT:USDT exit=2026-08-02 11:07:15 미매칭수량=16.80000000 orderID=154770811661 tradeID=None
[진입유실 방지 자동보정] SHORT 1000PEPE/USDT:USDT exit=2026-08-02 02:31:36 미매칭수량=1968.00000000 orderID=61389681657 tradeID=None
[진입유실 방지 자동보정] SHORT 1000PEPE/USDT:USDT exit=2026-08-02 02:52:29 미매칭수량=1969.00000000 orderID=61390079427 tradeID=None
[진입유실 방지 자동보정] SHORT 1000PEPE/USDT:USDT exit=2026-08-02 09:25:39 미매칭수량=7585.00000000 orderID=61394822102 tradeID=None
[진입유실 방지 자동보정] SHORT IDOL/USDT:USDT exit=2026-08-02 10:17:17 미매칭수량=445.00000000 orderID=523897304 tradeID=None
[SOL/USDT:USDT] 래칫 위반 시도 차단 (Short): old=73.0130509802252 -> new=73.02476479423945
[SOL/USDT:USDT] 래칫 위반 시도 차단 (Short): old=73.0130509802252 -> new=73.02876479423945
[진입유실 방지 자동보정] LONG 1000SHIB/USDT:USDT exit=2026-07-27 04:30:21 미매칭수량=2189.00000000 orderID=31388901395 tradeID=None
[진입유실 방지 자동보정] SHORT 1000SHIB/USDT:USDT exit=2026-07-27 07:36:19 미매칭수량=1348.00000000 orderID=31393184616 tradeID=None
[진입유실 방지 자동보정] SHORT 1000SHIB/USDT:USDT exit=2026-07-27 11:51:02 미매칭수량=1844.00000000 orderID=31400541745 tradeID=None
[진입유실 방지 자동보정] SHORT 1000SHIB/USDT:USDT exit=2026-07-28 06:12:27 미매칭수량=2192.00000000 orderID=31421063023 tradeID=None
[진입유실 방지 자동보정] SHORT 1000SHIB/USDT:USDT exit=2026-08-02 01:13:53 미매칭수량=1073.00000000 orderID=31502817166 tradeID=None
[진입유실 방지 자동보정] SHORT 1000SHIB/USDT:USDT exit=2026-08-02 02:01:20 미매칭수량=1074.00000000 orderID=31504220662 tradeID=None
[진입유실 방지 자동보정] SHORT 1000SHIB/USDT:USDT exit=2026-08-02 09:45:32 미매칭수량=2285.00000000 orderID=31510623049 tradeID=None
[진입유실 방지 자동보정] SHORT 1000SHIB/USDT:USDT exit=2026-08-02 10:35:19 미매칭수량=2280.00000000 orderID=31511192196 tradeID=None
[진입유실 방지 자동보정] LONG DOGE/USDT:USDT exit=2026-07-28 09:50:41 미매칭수량=163.00000000 orderID=100915175009 tradeID=None
[진입유실 방지 자동보정] SHORT DOGE/USDT:USDT exit=2026-07-28 20:36:48 미매칭수량=357.00000000 orderID=100925180835 tradeID=None
[진입유실 방지 자동보정] SHORT DOGE/USDT:USDT exit=2026-07-28 23:00:41 미매칭수량=286.00000000 orderID=100927596061 tradeID=None
[진입유실 방지 자동보정] SHORT DOGE/USDT:USDT exit=2026-07-30 20:51:14 미매칭수량=345.00000000 orderID=100976583122 tradeID=None
[진입유실 방지 자동보정] SHORT DOGE/USDT:USDT exit=2026-07-31 10:01:31 미매칭수량=334.00000000 orderID=100988356319 tradeID=None
[진입유실 방지 자동보정] SHORT DOGE/USDT:USDT exit=2026-08-01 18:02:18 미매칭수량=306.00000000 orderID=101015266902 tradeID=None
[진입유실 방지 자동보정] LONG DOGE/USDT:USDT exit=2026-08-02 11:07:47 미매칭수량=259.00000000 orderID=101028099752 tradeID=None
[진입유실 방지 자동보정] LONG XRP/USDT:USDT exit=2026-07-30 03:32:09 미매칭수량=14.70000000 orderID=154591436270 tradeID=None
[진입유실 방지 자동보정] LONG XRP/USDT:USDT exit=2026-07-30 08:06:13 미매칭수량=18.50000000 orderID=154605732461 tradeID=None
[진입유실 방지 자동보정] LONG XRP/USDT:USDT exit=2026-07-30 22:11:04 미매칭수량=17.50000000 orderID=154637963852 tradeID=None
[진입유실 방지 자동보정] SHORT XRP/USDT:USDT exit=2026-07-31 15:18:55 미매칭수량=28.50000000 orderID=154681353788 tradeID=None
[진입유실 방지 자동보정] LONG XRP/USDT:USDT exit=2026-08-02 07:48:27 미매칭수량=6.70000000 orderID=154765042288 tradeID=None
[진입유실 방지 자동보정] LONG XRP/USDT:USDT exit=2026-08-02 08:25:19 미매칭수량=6.70000000 orderID=154766072211 tradeID=None
[진입유실 방지 자동보정] LONG XRP/USDT:USDT exit=2026-08-02 11:07:15 미매칭수량=16.80000000 orderID=154770811661 tradeID=None
[진입유실 방지 자동보정] SHORT 1000PEPE/USDT:USDT exit=2026-08-02 02:31:36 미매칭수량=1968.00000000 orderID=61389681657 tradeID=None
[진입유실 방지 자동보정] SHORT 1000PEPE/USDT:USDT exit=2026-08-02 02:52:29 미매칭수량=1969.00000000 orderID=61390079427 tradeID=None
[진입유실 방지 자동보정] SHORT 1000PEPE/USDT:USDT exit=2026-08-02 09:25:39 미매칭수량=7585.00000000 orderID=61394822102 tradeID=None
[진입유실 방지 자동보정] SHORT IDOL/USDT:USDT exit=2026-08-02 10:17:17 미매칭수량=445.00000000 orderID=523897304 tradeID=None
[ENTRY BLOCK] BEAT/USDT:USDT — trader disabled
[SOL/USDT:USDT] 래칫 위반 시도 차단 (Short): old=73.0130509802252 -> new=73.02876479423945
[ENTRY BLOCK] BEAT/USDT:USDT — trader disabled
[진입유실 방지 자동보정] LONG 1000SHIB/USDT:USDT exit=2026-07-27 04:30:21 미매칭수량=2189.00000000 orderID=31388901395 tradeID=None
[진입유실 방지 자동보정] SHORT 1000SHIB/USDT:USDT exit=2026-07-27 07:36:19 미매칭수량=1348.00000000 orderID=31393184616 tradeID=None
[진입유실 방지 자동보정] SHORT 1000SHIB/USDT:USDT exit=2026-07-27 11:51:02 미매칭수량=1844.00000000 orderID=31400541745 tradeID=None
[진입유실 방지 자동보정] SHORT 1000SHIB/USDT:USDT exit=2026-07-28 06:12:27 미매칭수량=2192.00000000 orderID=31421063023 tradeID=None
[진입유실 방지 자동보정] SHORT 1000SHIB/USDT:USDT exit=2026-08-02 01:13:53 미매칭수량=1073.00000000 orderID=31502817166 tradeID=None
[진입유실 방지 자동보정] SHORT 1000SHIB/USDT:USDT exit=2026-08-02 02:01:20 미매칭수량=1074.00000000 orderID=31504220662 tradeID=None
[진입유실 방지 자동보정] SHORT 1000SHIB/USDT:USDT exit=2026-08-02 09:45:32 미매칭수량=2285.00000000 orderID=31510623049 tradeID=None
[진입유실 방지 자동보정] SHORT 1000SHIB/USDT:USDT exit=2026-08-02 10:35:19 미매칭수량=2280.00000000 orderID=31511192196 tradeID=None
[진입유실 방지 자동보정] LONG DOGE/USDT:USDT exit=2026-07-28 09:50:41 미매칭수량=163.00000000 orderID=100915175009 tradeID=None
[진입유실 방지 자동보정] SHORT DOGE/USDT:USDT exit=2026-07-28 20:36:48 미매칭수량=357.00000000 orderID=100925180835 tradeID=None
[진입유실 방지 자동보정] SHORT DOGE/USDT:USDT exit=2026-07-28 23:00:41 미매칭수량=286.00000000 orderID=100927596061 tradeID=None
[진입유실 방지 자동보정] SHORT DOGE/USDT:USDT exit=2026-07-30 20:51:14 미매칭수량=345.00000000 orderID=100976583122 tradeID=None
[진입유실 방지 자동보정] SHORT DOGE/USDT:USDT exit=2026-07-31 10:01:31 미매칭수량=334.00000000 orderID=100988356319 tradeID=None
[진입유실 방지 자동보정] SHORT DOGE/USDT:USDT exit=2026-08-01 18:02:18 미매칭수량=306.00000000 orderID=101015266902 tradeID=None
[진입유실 방지 자동보정] LONG DOGE/USDT:USDT exit=2026-08-02 11:07:47 미매칭수량=259.00000000 orderID=101028099752 tradeID=None
[진입유실 방지 자동보정] LONG XRP/USDT:USDT exit=2026-07-30 03:32:09 미매칭수량=14.70000000 orderID=154591436270 tradeID=None
[진입유실 방지 자동보정] LONG XRP/USDT:USDT exit=2026-07-30 08:06:13 미매칭수량=18.50000000 orderID=154605732461 tradeID=None
[진입유실 방지 자동보정] LONG XRP/USDT:USDT exit=2026-07-30 22:11:04 미매칭수량=17.50000000 orderID=154637963852 tradeID=None
[진입유실 방지 자동보정] SHORT XRP/USDT:USDT exit=2026-07-31 15:18:55 미매칭수량=28.50000000 orderID=154681353788 tradeID=None
[진입유실 방지 자동보정] LONG XRP/USDT:USDT exit=2026-08-02 07:48:27 미매칭수량=6.70000000 orderID=154765042288 tradeID=None
[진입유실 방지 자동보정] LONG XRP/USDT:USDT exit=2026-08-02 08:25:19 미매칭수량=6.70000000 orderID=154766072211 tradeID=None
[진입유실 방지 자동보정] LONG XRP/USDT:USDT exit=2026-08-02 11:07:15 미매칭수량=16.80000000 orderID=154770811661 tradeID=None
[진입유실 방지 자동보정] SHORT 1000PEPE/USDT:USDT exit=2026-08-02 02:31:36 미매칭수량=1968.00000000 orderID=61389681657 tradeID=None
[진입유실 방지 자동보정] SHORT 1000PEPE/USDT:USDT exit=2026-08-02 02:52:29 미매칭수량=1969.00000000 orderID=61390079427 tradeID=None
[진입유실 방지 자동보정] SHORT 1000PEPE/USDT:USDT exit=2026-08-02 09:25:39 미매칭수량=7585.00000000 orderID=61394822102 tradeID=None
[진입유실 방지 자동보정] SHORT IDOL/USDT:USDT exit=2026-08-02 10:17:17 미매칭수량=445.00000000 orderID=523897304 tradeID=None
[ENTRY BLOCK] BEAT/USDT:USDT — trader disabled
[ENTRY BLOCK] BEAT/USDT:USDT — trader disabled
[진입유실 방지 자동보정] LONG 1000SHIB/USDT:USDT exit=2026-07-27 04:30:21 미매칭수량=2189.00000000 orderID=31388901395 tradeID=None
[진입유실 방지 자동보정] SHORT 1000SHIB/USDT:USDT exit=2026-07-27 07:36:19 미매칭수량=1348.00000000 orderID=31393184616 tradeID=None
[진입유실 방지 자동보정] SHORT 1000SHIB/USDT:USDT exit=2026-07-27 11:51:02 미매칭수량=1844.00000000 orderID=31400541745 tradeID=None
[진입유실 방지 자동보정] SHORT 1000SHIB/USDT:USDT exit=2026-07-28 06:12:27 미매칭수량=2192.00000000 orderID=31421063023 tradeID=None
[진입유실 방지 자동보정] SHORT 1000SHIB/USDT:USDT exit=2026-08-02 01:13:53 미매칭수량=1073.00000000 orderID=31502817166 tradeID=None
[진입유실 방지 자동보정] SHORT 1000SHIB/USDT:USDT exit=2026-08-02 02:01:20 미매칭수량=1074.00000000 orderID=31504220662 tradeID=None
[진입유실 방지 자동보정] SHORT 1000SHIB/USDT:USDT exit=2026-08-02 09:45:32 미매칭수량=2285.00000000 orderID=31510623049 tradeID=None
[진입유실 방지 자동보정] SHORT 1000SHIB/USDT:USDT exit=2026-08-02 10:35:19 미매칭수량=2280.00000000 orderID=31511192196 tradeID=None
[진입유실 방지 자동보정] LONG DOGE/USDT:USDT exit=2026-07-28 09:50:41 미매칭수량=163.00000000 orderID=100915175009 tradeID=None
[진입유실 방지 자동보정] SHORT DOGE/USDT:USDT exit=2026-07-28 20:36:48 미매칭수량=357.00000000 orderID=100925180835 tradeID=None
[진입유실 방지 자동보정] SHORT DOGE/USDT:USDT exit=2026-07-28 23:00:41 미매칭수량=286.00000000 orderID=100927596061 tradeID=None
[진입유실 방지 자동보정] SHORT DOGE/USDT:USDT exit=2026-07-30 20:51:14 미매칭수량=345.00000000 orderID=100976583122 tradeID=None
[진입유실 방지 자동보정] SHORT DOGE/USDT:USDT exit=2026-07-31 10:01:31 미매칭수량=334.00000000 orderID=100988356319 tradeID=None
[진입유실 방지 자동보정] SHORT DOGE/USDT:USDT exit=2026-08-01 18:02:18 미매칭수량=306.00000000 orderID=101015266902 tradeID=None
[진입유실 방지 자동보정] LONG DOGE/USDT:USDT exit=2026-08-02 11:07:47 미매칭수량=259.00000000 orderID=101028099752 tradeID=None
[진입유실 방지 자동보정] LONG XRP/USDT:USDT exit=2026-07-30 03:32:09 미매칭수량=14.70000000 orderID=154591436270 tradeID=None
[진입유실 방지 자동보정] LONG XRP/USDT:USDT exit=2026-07-30 08:06:13 미매칭수량=18.50000000 orderID=154605732461 tradeID=None
[진입유실 방지 자동보정] LONG XRP/USDT:USDT exit=2026-07-30 22:11:04 미매칭수량=17.50000000 orderID=154637963852 tradeID=None
[진입유실 방지 자동보정] SHORT XRP/USDT:USDT exit=2026-07-31 15:18:55 미매칭수량=28.50000000 orderID=154681353788 tradeID=None
[진입유실 방지 자동보정] LONG XRP/USDT:USDT exit=2026-08-02 07:48:27 미매칭수량=6.70000000 orderID=154765042288 tradeID=None
[진입유실 방지 자동보정] LONG XRP/USDT:USDT exit=2026-08-02 08:25:19 미매칭수량=6.70000000 orderID=154766072211 tradeID=None
[진입유실 방지 자동보정] LONG XRP/USDT:USDT exit=2026-08-02 11:07:15 미매칭수량=16.80000000 orderID=154770811661 tradeID=None
[진입유실 방지 자동보정] SHORT 1000PEPE/USDT:USDT exit=2026-08-02 02:31:36 미매칭수량=1968.00000000 orderID=61389681657 tradeID=None
[진입유실 방지 자동보정] SHORT 1000PEPE/USDT:USDT exit=2026-08-02 02:52:29 미매칭수량=1969.00000000 orderID=61390079427 tradeID=None
[진입유실 방지 자동보정] SHORT 1000PEPE/USDT:USDT exit=2026-08-02 09:25:39 미매칭수량=7585.00000000 orderID=61394822102 tradeID=None
[진입유실 방지 자동보정] SHORT IDOL/USDT:USDT exit=2026-08-02 10:17:17 미매칭수량=445.00000000 orderID=523897304 tradeID=None
[ENTRY BLOCK] BEAT/USDT:USDT — trader disabled
[SOL/USDT:USDT] 래칫 위반 시도 차단 (Short): old=73.0009294334561 -> new=73.00492943345608
[ENTRY BLOCK] BEAT/USDT:USDT — trader disabled
[SOL/USDT:USDT] 래칫 위반 시도 차단 (Short): old=73.0009294334561 -> new=73.00492943345608
[진입유실 방지 자동보정] LONG 1000SHIB/USDT:USDT exit=2026-07-27 04:30:21 미매칭수량=2189.00000000 orderID=31388901395 tradeID=None
[진입유실 방지 자동보정] SHORT 1000SHIB/USDT:USDT exit=2026-07-27 07:36:19 미매칭수량=1348.00000000 orderID=31393184616 tradeID=None
[진입유실 방지 자동보정] SHORT 1000SHIB/USDT:USDT exit=2026-07-27 11:51:02 미매칭수량=1844.00000000 orderID=31400541745 tradeID=None
[진입유실 방지 자동보정] SHORT 1000SHIB/USDT:USDT exit=2026-07-28 06:12:27 미매칭수량=2192.00000000 orderID=31421063023 tradeID=None
[진입유실 방지 자동보정] SHORT 1000SHIB/USDT:USDT exit=2026-08-02 01:13:53 미매칭수량=1073.00000000 orderID=31502817166 tradeID=None
[진입유실 방지 자동보정] SHORT 1000SHIB/USDT:USDT exit=2026-08-02 02:01:20 미매칭수량=1074.00000000 orderID=31504220662 tradeID=None
[진입유실 방지 자동보정] SHORT 1000SHIB/USDT:USDT exit=2026-08-02 09:45:32 미매칭수량=2285.00000000 orderID=31510623049 tradeID=None
[진입유실 방지 자동보정] SHORT 1000SHIB/USDT:USDT exit=2026-08-02 10:35:19 미매칭수량=2280.00000000 orderID=31511192196 tradeID=None
[진입유실 방지 자동보정] LONG DOGE/USDT:USDT exit=2026-07-28 09:50:41 미매칭수량=163.00000000 orderID=100915175009 tradeID=None
[진입유실 방지 자동보정] SHORT DOGE/USDT:USDT exit=2026-07-28 20:36:48 미매칭수량=357.00000000 orderID=100925180835 tradeID=None
[진입유실 방지 자동보정] SHORT DOGE/USDT:USDT exit=2026-07-28 23:00:41 미매칭수량=286.00000000 orderID=100927596061 tradeID=None
[진입유실 방지 자동보정] SHORT DOGE/USDT:USDT exit=2026-07-30 20:51:14 미매칭수량=345.00000000 orderID=100976583122 tradeID=None
[진입유실 방지 자동보정] SHORT DOGE/USDT:USDT exit=2026-07-31 10:01:31 미매칭수량=334.00000000 orderID=100988356319 tradeID=None
[진입유실 방지 자동보정] SHORT DOGE/USDT:USDT exit=2026-08-01 18:02:18 미매칭수량=306.00000000 orderID=101015266902 tradeID=None
[진입유실 방지 자동보정] LONG DOGE/USDT:USDT exit=2026-08-02 11:07:47 미매칭수량=259.00000000 orderID=101028099752 tradeID=None
[진입유실 방지 자동보정] LONG XRP/USDT:USDT exit=2026-07-30 03:32:09 미매칭수량=14.70000000 orderID=154591436270 tradeID=None
[진입유실 방지 자동보정] LONG XRP/USDT:USDT exit=2026-07-30 08:06:13 미매칭수량=18.50000000 orderID=154605732461 tradeID=None
[진입유실 방지 자동보정] LONG XRP/USDT:USDT exit=2026-07-30 22:11:04 미매칭수량=17.50000000 orderID=154637963852 tradeID=None
[진입유실 방지 자동보정] SHORT XRP/USDT:USDT exit=2026-07-31 15:18:55 미매칭수량=28.50000000 orderID=154681353788 tradeID=None
[진입유실 방지 자동보정] LONG XRP/USDT:USDT exit=2026-08-02 07:48:27 미매칭수량=6.70000000 orderID=154765042288 tradeID=None
[진입유실 방지 자동보정] LONG XRP/USDT:USDT exit=2026-08-02 08:25:19 미매칭수량=6.70000000 orderID=154766072211 tradeID=None
[진입유실 방지 자동보정] LONG XRP/USDT:USDT exit=2026-08-02 11:07:15 미매칭수량=16.80000000 orderID=154770811661 tradeID=None
[진입유실 방지 자동보정] SHORT 1000PEPE/USDT:USDT exit=2026-08-02 02:31:36 미매칭수량=1968.00000000 orderID=61389681657 tradeID=None
[진입유실 방지 자동보정] SHORT 1000PEPE/USDT:USDT exit=2026-08-02 02:52:29 미매칭수량=1969.00000000 orderID=61390079427 tradeID=None
[진입유실 방지 자동보정] SHORT 1000PEPE/USDT:USDT exit=2026-08-02 09:25:39 미매칭수량=7585.00000000 orderID=61394822102 tradeID=None
[진입유실 방지 자동보정] SHORT IDOL/USDT:USDT exit=2026-08-02 10:17:17 미매칭수량=445.00000000 orderID=523897304 tradeID=None
[ENTRY BLOCK] BEAT/USDT:USDT — trader disabled
[BREAKEVEN] BEAT/USDT:USDT short 본전 손절 설정 실패: binance {"code":-4130,"msg":"An open stop or take profit order with GTE and closePosition in the direction is existing."}
[PARTIAL+BE] BEAT/USDT:USDT short +0.81% 도달 → 50% 익절 + 잔량 본전스톱 (Step 0 초기화)
[SOL/USDT:USDT] 래칫 위반 시도 차단 (Short): old=73.0009294334561 -> new=73.02092943345609
[ENTRY BLOCK] BEAT/USDT:USDT — trader disabled
[SOL/USDT:USDT] 래칫 위반 시도 차단 (Short): old=73.0009294334561 -> new=73.02092943345609
[진입유실 방지 자동보정] LONG 1000SHIB/USDT:USDT exit=2026-07-27 04:30:21 미매칭수량=2189.00000000 orderID=31388901395 tradeID=None
[진입유실 방지 자동보정] SHORT 1000SHIB/USDT:USDT exit=2026-07-27 07:36:19 미매칭수량=1348.00000000 orderID=31393184616 tradeID=None
[진입유실 방지 자동보정] SHORT 1000SHIB/USDT:USDT exit=2026-07-27 11:51:02 미매칭수량=1844.00000000 orderID=31400541745 tradeID=None
[진입유실 방지 자동보정] SHORT 1000SHIB/USDT:USDT exit=2026-07-28 06:12:27 미매칭수량=2192.00000000 orderID=31421063023 tradeID=None
[진입유실 방지 자동보정] SHORT 1000SHIB/USDT:USDT exit=2026-08-02 01:13:53 미매칭수량=1073.00000000 orderID=31502817166 tradeID=None
[진입유실 방지 자동보정] SHORT 1000SHIB/USDT:USDT exit=2026-08-02 02:01:20 미매칭수량=1074.00000000 orderID=31504220662 tradeID=None
[진입유실 방지 자동보정] SHORT 1000SHIB/USDT:USDT exit=2026-08-02 09:45:32 미매칭수량=2285.00000000 orderID=31510623049 tradeID=None
[진입유실 방지 자동보정] SHORT 1000SHIB/USDT:USDT exit=2026-08-02 10:35:19 미매칭수량=2280.00000000 orderID=31511192196 tradeID=None
[진입유실 방지 자동보정] LONG DOGE/USDT:USDT exit=2026-07-28 09:50:41 미매칭수량=163.00000000 orderID=100915175009 tradeID=None
[진입유실 방지 자동보정] SHORT DOGE/USDT:USDT exit=2026-07-28 20:36:48 미매칭수량=357.00000000 orderID=100925180835 tradeID=None
[진입유실 방지 자동보정] SHORT DOGE/USDT:USDT exit=2026-07-28 23:00:41 미매칭수량=286.00000000 orderID=100927596061 tradeID=None
[진입유실 방지 자동보정] SHORT DOGE/USDT:USDT exit=2026-07-30 20:51:14 미매칭수량=345.00000000 orderID=100976583122 tradeID=None
[진입유실 방지 자동보정] SHORT DOGE/USDT:USDT exit=2026-07-31 10:01:31 미매칭수량=334.00000000 orderID=100988356319 tradeID=None
[진입유실 방지 자동보정] SHORT DOGE/USDT:USDT exit=2026-08-01 18:02:18 미매칭수량=306.00000000 orderID=101015266902 tradeID=None
[진입유실 방지 자동보정] LONG DOGE/USDT:USDT exit=2026-08-02 11:07:47 미매칭수량=259.00000000 orderID=101028099752 tradeID=None
[진입유실 방지 자동보정] LONG XRP/USDT:USDT exit=2026-07-30 03:32:09 미매칭수량=14.70000000 orderID=154591436270 tradeID=None
[진입유실 방지 자동보정] LONG XRP/USDT:USDT exit=2026-07-30 08:06:13 미매칭수량=18.50000000 orderID=154605732461 tradeID=None
[진입유실 방지 자동보정] LONG XRP/USDT:USDT exit=2026-07-30 22:11:04 미매칭수량=17.50000000 orderID=154637963852 tradeID=None
[진입유실 방지 자동보정] SHORT XRP/USDT:USDT exit=2026-07-31 15:18:55 미매칭수량=28.50000000 orderID=154681353788 tradeID=None
[진입유실 방지 자동보정] LONG XRP/USDT:USDT exit=2026-08-02 07:48:27 미매칭수량=6.70000000 orderID=154765042288 tradeID=None
[진입유실 방지 자동보정] LONG XRP/USDT:USDT exit=2026-08-02 08:25:19 미매칭수량=6.70000000 orderID=154766072211 tradeID=None
[진입유실 방지 자동보정] LONG XRP/USDT:USDT exit=2026-08-02 11:07:15 미매칭수량=16.80000000 orderID=154770811661 tradeID=None
[진입유실 방지 자동보정] SHORT 1000PEPE/USDT:USDT exit=2026-08-02 02:31:36 미매칭수량=1968.00000000 orderID=61389681657 tradeID=None
[진입유실 방지 자동보정] SHORT 1000PEPE/USDT:USDT exit=2026-08-02 02:52:29 미매칭수량=1969.00000000 orderID=61390079427 tradeID=None
[진입유실 방지 자동보정] SHORT 1000PEPE/USDT:USDT exit=2026-08-02 09:25:39 미매칭수량=7585.00000000 orderID=61394822102 tradeID=None
[진입유실 방지 자동보정] SHORT IDOL/USDT:USDT exit=2026-08-02 10:17:17 미매칭수량=445.00000000 orderID=523897304 tradeID=None
[ENTRY BLOCK] BEAT/USDT:USDT — trader disabled
[SOL/USDT:USDT] 래칫 위반 시도 차단 (Short): old=73.0009294334561 -> new=73.02092943345609
[ENTRY BLOCK] BEAT/USDT:USDT — trader disabled
[BEAT/USDT:USDT] 래칫 위반 시도 차단 (Short): old=4.145902025709012 -> new=4.154302025709012
[SOL/USDT:USDT] 래칫 위반 시도 차단 (Short): old=73.0009294334561 -> new=73.02092943345609
[진입유실 방지 자동보정] LONG 1000SHIB/USDT:USDT exit=2026-07-27 04:30:21 미매칭수량=2189.00000000 orderID=31388901395 tradeID=None
[진입유실 방지 자동보정] SHORT 1000SHIB/USDT:USDT exit=2026-07-27 07:36:19 미매칭수량=1348.00000000 orderID=31393184616 tradeID=None
[진입유실 방지 자동보정] SHORT 1000SHIB/USDT:USDT exit=2026-07-27 11:51:02 미매칭수량=1844.00000000 orderID=31400541745 tradeID=None
[진입유실 방지 자동보정] SHORT 1000SHIB/USDT:USDT exit=2026-07-28 06:12:27 미매칭수량=2192.00000000 orderID=31421063023 tradeID=None
[진입유실 방지 자동보정] SHORT 1000SHIB/USDT:USDT exit=2026-08-02 01:13:53 미매칭수량=1073.00000000 orderID=31502817166 tradeID=None
[진입유실 방지 자동보정] SHORT 1000SHIB/USDT:USDT exit=2026-08-02 02:01:20 미매칭수량=1074.00000000 orderID=31504220662 tradeID=None
[진입유실 방지 자동보정] SHORT 1000SHIB/USDT:USDT exit=2026-08-02 09:45:32 미매칭수량=2285.00000000 orderID=31510623049 tradeID=None
[진입유실 방지 자동보정] SHORT 1000SHIB/USDT:USDT exit=2026-08-02 10:35:19 미매칭수량=2280.00000000 orderID=31511192196 tradeID=None
[진입유실 방지 자동보정] LONG DOGE/USDT:USDT exit=2026-07-28 09:50:41 미매칭수량=163.00000000 orderID=100915175009 tradeID=None
[진입유실 방지 자동보정] SHORT DOGE/USDT:USDT exit=2026-07-28 20:36:48 미매칭수량=357.00000000 orderID=100925180835 tradeID=None
[진입유실 방지 자동보정] SHORT DOGE/USDT:USDT exit=2026-07-28 23:00:41 미매칭수량=286.00000000 orderID=100927596061 tradeID=None
[진입유실 방지 자동보정] SHORT DOGE/USDT:USDT exit=2026-07-30 20:51:14 미매칭수량=345.00000000 orderID=100976583122 tradeID=None
[진입유실 방지 자동보정] SHORT DOGE/USDT:USDT exit=2026-07-31 10:01:31 미매칭수량=334.00000000 orderID=100988356319 tradeID=None
[진입유실 방지 자동보정] SHORT DOGE/USDT:USDT exit=2026-08-01 18:02:18 미매칭수량=306.00000000 orderID=101015266902 tradeID=None
[진입유실 방지 자동보정] LONG DOGE/USDT:USDT exit=2026-08-02 11:07:47 미매칭수량=259.00000000 orderID=101028099752 tradeID=None
[진입유실 방지 자동보정] LONG XRP/USDT:USDT exit=2026-07-30 03:32:09 미매칭수량=14.70000000 orderID=154591436270 tradeID=None
[진입유실 방지 자동보정] LONG XRP/USDT:USDT exit=2026-07-30 08:06:13 미매칭수량=18.50000000 orderID=154605732461 tradeID=None
[진입유실 방지 자동보정] LONG XRP/USDT:USDT exit=2026-07-30 22:11:04 미매칭수량=17.50000000 orderID=154637963852 tradeID=None
[진입유실 방지 자동보정] SHORT XRP/USDT:USDT exit=2026-07-31 15:18:55 미매칭수량=28.50000000 orderID=154681353788 tradeID=None
[진입유실 방지 자동보정] LONG XRP/USDT:USDT exit=2026-08-02 07:48:27 미매칭수량=6.70000000 orderID=154765042288 tradeID=None
[진입유실 방지 자동보정] LONG XRP/USDT:USDT exit=2026-08-02 08:25:19 미매칭수량=6.70000000 orderID=154766072211 tradeID=None
[진입유실 방지 자동보정] LONG XRP/USDT:USDT exit=2026-08-02 11:07:15 미매칭수량=16.80000000 orderID=154770811661 tradeID=None
[진입유실 방지 자동보정] SHORT 1000PEPE/USDT:USDT exit=2026-08-02 02:31:36 미매칭수량=1968.00000000 orderID=61389681657 tradeID=None
[진입유실 방지 자동보정] SHORT 1000PEPE/USDT:USDT exit=2026-08-02 02:52:29 미매칭수량=1969.00000000 orderID=61390079427 tradeID=None
[진입유실 방지 자동보정] SHORT 1000PEPE/USDT:USDT exit=2026-08-02 09:25:39 미매칭수량=7585.00000000 orderID=61394822102 tradeID=None
[진입유실 방지 자동보정] SHORT IDOL/USDT:USDT exit=2026-08-02 10:17:17 미매칭수량=445.00000000 orderID=523897304 tradeID=None
[ENTRY BLOCK] BNB/USDT:USDT — trader disabled
[BEAT/USDT:USDT] 래칫 위반 시도 차단 (Short): old=4.145902025709012 -> new=4.154302025709012
[SOL/USDT:USDT] 래칫 위반 시도 차단 (Short): old=73.0009294334561 -> new=73.02092943345609
[ENTRY BLOCK] BNB/USDT:USDT — trader disabled
[BEAT/USDT:USDT] 래칫 위반 시도 차단 (Short): old=4.145902025709012 -> new=4.154302025709012
[SOL/USDT:USDT] 래칫 위반 시도 차단 (Short): old=73.0009294334561 -> new=73.02092943345609
[진입유실 방지 자동보정] LONG 1000SHIB/USDT:USDT exit=2026-07-27 04:30:21 미매칭수량=2189.00000000 orderID=31388901395 tradeID=None
[진입유실 방지 자동보정] SHORT 1000SHIB/USDT:USDT exit=2026-07-27 07:36:19 미매칭수량=1348.00000000 orderID=31393184616 tradeID=None
[진입유실 방지 자동보정] SHORT 1000SHIB/USDT:USDT exit=2026-07-27 11:51:02 미매칭수량=1844.00000000 orderID=31400541745 tradeID=None
[진입유실 방지 자동보정] SHORT 1000SHIB/USDT:USDT exit=2026-07-28 06:12:27 미매칭수량=2192.00000000 orderID=31421063023 tradeID=None
[진입유실 방지 자동보정] SHORT 1000SHIB/USDT:USDT exit=2026-08-02 01:13:53 미매칭수량=1073.00000000 orderID=31502817166 tradeID=None
[진입유실 방지 자동보정] SHORT 1000SHIB/USDT:USDT exit=2026-08-02 02:01:20 미매칭수량=1074.00000000 orderID=31504220662 tradeID=None
[진입유실 방지 자동보정] SHORT 1000SHIB/USDT:USDT exit=2026-08-02 09:45:32 미매칭수량=2285.00000000 orderID=31510623049 tradeID=None
[진입유실 방지 자동보정] SHORT 1000SHIB/USDT:USDT exit=2026-08-02 10:35:19 미매칭수량=2280.00000000 orderID=31511192196 tradeID=None
[진입유실 방지 자동보정] LONG DOGE/USDT:USDT exit=2026-07-28 09:50:41 미매칭수량=163.00000000 orderID=100915175009 tradeID=None
[진입유실 방지 자동보정] SHORT DOGE/USDT:USDT exit=2026-07-28 20:36:48 미매칭수량=357.00000000 orderID=100925180835 tradeID=None
[진입유실 방지 자동보정] SHORT DOGE/USDT:USDT exit=2026-07-28 23:00:41 미매칭수량=286.00000000 orderID=100927596061 tradeID=None
[진입유실 방지 자동보정] SHORT DOGE/USDT:USDT exit=2026-07-30 20:51:14 미매칭수량=345.00000000 orderID=100976583122 tradeID=None
[진입유실 방지 자동보정] SHORT DOGE/USDT:USDT exit=2026-07-31 10:01:31 미매칭수량=334.00000000 orderID=100988356319 tradeID=None
[진입유실 방지 자동보정] SHORT DOGE/USDT:USDT exit=2026-08-01 18:02:18 미매칭수량=306.00000000 orderID=101015266902 tradeID=None
[진입유실 방지 자동보정] LONG DOGE/USDT:USDT exit=2026-08-02 11:07:47 미매칭수량=259.00000000 orderID=101028099752 tradeID=None
[진입유실 방지 자동보정] LONG XRP/USDT:USDT exit=2026-07-30 03:32:09 미매칭수량=14.70000000 orderID=154591436270 tradeID=None
[진입유실 방지 자동보정] LONG XRP/USDT:USDT exit=2026-07-30 08:06:13 미매칭수량=18.50000000 orderID=154605732461 tradeID=None
[진입유실 방지 자동보정] LONG XRP/USDT:USDT exit=2026-07-30 22:11:04 미매칭수량=17.50000000 orderID=154637963852 tradeID=None
[진입유실 방지 자동보정] SHORT XRP/USDT:USDT exit=2026-07-31 15:18:55 미매칭수량=28.50000000 orderID=154681353788 tradeID=None
[진입유실 방지 자동보정] LONG XRP/USDT:USDT exit=2026-08-02 07:48:27 미매칭수량=6.70000000 orderID=154765042288 tradeID=None
[진입유실 방지 자동보정] LONG XRP/USDT:USDT exit=2026-08-02 08:25:19 미매칭수량=6.70000000 orderID=154766072211 tradeID=None
[진입유실 방지 자동보정] LONG XRP/USDT:USDT exit=2026-08-02 11:07:15 미매칭수량=16.80000000 orderID=154770811661 tradeID=None
[진입유실 방지 자동보정] SHORT 1000PEPE/USDT:USDT exit=2026-08-02 02:31:36 미매칭수량=1968.00000000 orderID=61389681657 tradeID=None
[진입유실 방지 자동보정] SHORT 1000PEPE/USDT:USDT exit=2026-08-02 02:52:29 미매칭수량=1969.00000000 orderID=61390079427 tradeID=None
[진입유실 방지 자동보정] SHORT 1000PEPE/USDT:USDT exit=2026-08-02 09:25:39 미매칭수량=7585.00000000 orderID=61394822102 tradeID=None
[진입유실 방지 자동보정] SHORT IDOL/USDT:USDT exit=2026-08-02 10:17:17 미매칭수량=445.00000000 orderID=523897304 tradeID=None
[ENTRY BLOCK] BNB/USDT:USDT — trader disabled
[BEAT/USDT:USDT] 래칫 위반 시도 차단 (Short): old=4.145902025709012 -> new=4.147861680605294
[SOL/USDT:USDT] 래칫 위반 시도 차단 (Short): old=73.0009294334561 -> new=73.00560550899527
[ENTRY BLOCK] BNB/USDT:USDT — trader disabled
🚨 [EMERGENCY TS ACTIVATE] BEAT/USDT:USDT 수익률 1.56% 도달 (목표 1.80%의 85% 수준) → 긴급 트레일링 스탑 전환!
[SOL/USDT:USDT] 래칫 위반 시도 차단 (Short): old=73.0009294334561 -> new=73.00560550899527
[PROTECT REARM] BEAT/USDT:USDT short TP/SL 보호주문 재설정 실패: binance {"code":-4130,"msg":"An open stop or take profit order with GTE and closePosition in the direction is existing."}
[진입유실 방지 자동보정] LONG 1000SHIB/USDT:USDT exit=2026-07-27 04:30:21 미매칭수량=2189.00000000 orderID=31388901395 tradeID=None
[진입유실 방지 자동보정] SHORT 1000SHIB/USDT:USDT exit=2026-07-27 07:36:19 미매칭수량=1348.00000000 orderID=31393184616 tradeID=None
[진입유실 방지 자동보정] SHORT 1000SHIB/USDT:USDT exit=2026-07-27 11:51:02 미매칭수량=1844.00000000 orderID=31400541745 tradeID=None
[진입유실 방지 자동보정] SHORT 1000SHIB/USDT:USDT exit=2026-07-28 06:12:27 미매칭수량=2192.00000000 orderID=31421063023 tradeID=None
[진입유실 방지 자동보정] SHORT 1000SHIB/USDT:USDT exit=2026-08-02 01:13:53 미매칭수량=1073.00000000 orderID=31502817166 tradeID=None
[진입유실 방지 자동보정] SHORT 1000SHIB/USDT:USDT exit=2026-08-02 02:01:20 미매칭수량=1074.00000000 orderID=31504220662 tradeID=None
[진입유실 방지 자동보정] SHORT 1000SHIB/USDT:USDT exit=2026-08-02 09:45:32 미매칭수량=2285.00000000 orderID=31510623049 tradeID=None
[진입유실 방지 자동보정] SHORT 1000SHIB/USDT:USDT exit=2026-08-02 10:35:19 미매칭수량=2280.00000000 orderID=31511192196 tradeID=None
[진입유실 방지 자동보정] LONG DOGE/USDT:USDT exit=2026-07-28 09:50:41 미매칭수량=163.00000000 orderID=100915175009 tradeID=None
[진입유실 방지 자동보정] SHORT DOGE/USDT:USDT exit=2026-07-28 20:36:48 미매칭수량=357.00000000 orderID=100925180835 tradeID=None
[진입유실 방지 자동보정] SHORT DOGE/USDT:USDT exit=2026-07-28 23:00:41 미매칭수량=286.00000000 orderID=100927596061 tradeID=None
[진입유실 방지 자동보정] SHORT DOGE/USDT:USDT exit=2026-07-30 20:51:14 미매칭수량=345.00000000 orderID=100976583122 tradeID=None
[진입유실 방지 자동보정] SHORT DOGE/USDT:USDT exit=2026-07-31 10:01:31 미매칭수량=334.00000000 orderID=100988356319 tradeID=None
[진입유실 방지 자동보정] SHORT DOGE/USDT:USDT exit=2026-08-01 18:02:18 미매칭수량=306.00000000 orderID=101015266902 tradeID=None
[진입유실 방지 자동보정] LONG DOGE/USDT:USDT exit=2026-08-02 11:07:47 미매칭수량=259.00000000 orderID=101028099752 tradeID=None
[진입유실 방지 자동보정] LONG XRP/USDT:USDT exit=2026-07-30 03:32:09 미매칭수량=14.70000000 orderID=154591436270 tradeID=None
[진입유실 방지 자동보정] LONG XRP/USDT:USDT exit=2026-07-30 08:06:13 미매칭수량=18.50000000 orderID=154605732461 tradeID=None
[진입유실 방지 자동보정] LONG XRP/USDT:USDT exit=2026-07-30 22:11:04 미매칭수량=17.50000000 orderID=154637963852 tradeID=None
[진입유실 방지 자동보정] SHORT XRP/USDT:USDT exit=2026-07-31 15:18:55 미매칭수량=28.50000000 orderID=154681353788 tradeID=None
[진입유실 방지 자동보정] LONG XRP/USDT:USDT exit=2026-08-02 07:48:27 미매칭수량=6.70000000 orderID=154765042288 tradeID=None
[진입유실 방지 자동보정] LONG XRP/USDT:USDT exit=2026-08-02 08:25:19 미매칭수량=6.70000000 orderID=154766072211 tradeID=None
[진입유실 방지 자동보정] LONG XRP/USDT:USDT exit=2026-08-02 11:07:15 미매칭수량=16.80000000 orderID=154770811661 tradeID=None
[진입유실 방지 자동보정] SHORT 1000PEPE/USDT:USDT exit=2026-08-02 02:31:36 미매칭수량=1968.00000000 orderID=61389681657 tradeID=None
[진입유실 방지 자동보정] SHORT 1000PEPE/USDT:USDT exit=2026-08-02 02:52:29 미매칭수량=1969.00000000 orderID=61390079427 tradeID=None
[진입유실 방지 자동보정] SHORT 1000PEPE/USDT:USDT exit=2026-08-02 09:25:39 미매칭수량=7585.00000000 orderID=61394822102 tradeID=None
[진입유실 방지 자동보정] SHORT IDOL/USDT:USDT exit=2026-08-02 10:17:17 미매칭수량=445.00000000 orderID=523897304 tradeID=None
[ENTRY BLOCK] BNB/USDT:USDT — trader disabled
[PROTECT REARM] BEAT/USDT:USDT short TP/SL 보호주문 재설정 실패: binance {"code":-4130,"msg":"An open stop or take profit order with GTE and closePosition in the direction is existing."}
🚀 [TP BREAKOUT] BEAT/USDT:USDT short TP(1.80%) 돌파! → 락인 해제(Step 0) & 손절가 상향(3.948622)
🔄 [DYNAMIC EXIT] BEAT/USDT:USDT BTC 하락장 연동 방어(강제 Step 2)! (Step 0 -> 2) 사유: ADX하락(21.6), 변동성축소. 콜백: 0.7%
[SOL/USDT:USDT] 래칫 위반 시도 차단 (Short): old=73.0009294334561 -> new=73.00560550899527
[ENTRY BLOCK] BNB/USDT:USDT — trader disabled
[SOL/USDT:USDT] 래칫 위반 시도 차단 (Short): old=73.0009294334561 -> new=73.00560550899527
[TRAILING STOP] SOL/USDT:USDT short 청산 발동! (고/저점 72.73, 현재 73.00929104, 스탑 73.0009294334561)
[DASH] get_dashboard_data 지연/실패() — 직전 캐시/빈값 반환
[진입유실 방지 자동보정] LONG 1000SHIB/USDT:USDT exit=2026-07-27 04:30:21 미매칭수량=2189.00000000 orderID=31388901395 tradeID=None
[진입유실 방지 자동보정] SHORT 1000SHIB/USDT:USDT exit=2026-07-27 07:36:19 미매칭수량=1348.00000000 orderID=31393184616 tradeID=None
[진입유실 방지 자동보정] SHORT 1000SHIB/USDT:USDT exit=2026-07-27 11:51:02 미매칭수량=1844.00000000 orderID=31400541745 tradeID=None
[진입유실 방지 자동보정] SHORT 1000SHIB/USDT:USDT exit=2026-07-28 06:12:27 미매칭수량=2192.00000000 orderID=31421063023 tradeID=None
[진입유실 방지 자동보정] SHORT 1000SHIB/USDT:USDT exit=2026-08-02 01:13:53 미매칭수량=1073.00000000 orderID=31502817166 tradeID=None
[진입유실 방지 자동보정] SHORT 1000SHIB/USDT:USDT exit=2026-08-02 02:01:20 미매칭수량=1074.00000000 orderID=31504220662 tradeID=None
[진입유실 방지 자동보정] SHORT 1000SHIB/USDT:USDT exit=2026-08-02 09:45:32 미매칭수량=2285.00000000 orderID=31510623049 tradeID=None
[진입유실 방지 자동보정] SHORT 1000SHIB/USDT:USDT exit=2026-08-02 10:35:19 미매칭수량=2280.00000000 orderID=31511192196 tradeID=None
[진입유실 방지 자동보정] LONG DOGE/USDT:USDT exit=2026-07-28 09:50:41 미매칭수량=163.00000000 orderID=100915175009 tradeID=None
[진입유실 방지 자동보정] SHORT DOGE/USDT:USDT exit=2026-07-28 20:36:48 미매칭수량=357.00000000 orderID=100925180835 tradeID=None
[진입유실 방지 자동보정] SHORT DOGE/USDT:USDT exit=2026-07-28 23:00:41 미매칭수량=286.00000000 orderID=100927596061 tradeID=None
[진입유실 방지 자동보정] SHORT DOGE/USDT:USDT exit=2026-07-30 20:51:14 미매칭수량=345.00000000 orderID=100976583122 tradeID=None
[진입유실 방지 자동보정] SHORT DOGE/USDT:USDT exit=2026-07-31 10:01:31 미매칭수량=334.00000000 orderID=100988356319 tradeID=None
[진입유실 방지 자동보정] SHORT DOGE/USDT:USDT exit=2026-08-01 18:02:18 미매칭수량=306.00000000 orderID=101015266902 tradeID=None
[진입유실 방지 자동보정] LONG DOGE/USDT:USDT exit=2026-08-02 11:07:47 미매칭수량=259.00000000 orderID=101028099752 tradeID=None
[진입유실 방지 자동보정] LONG XRP/USDT:USDT exit=2026-07-30 03:32:09 미매칭수량=14.70000000 orderID=154591436270 tradeID=None
[진입유실 방지 자동보정] LONG XRP/USDT:USDT exit=2026-07-30 08:06:13 미매칭수량=18.50000000 orderID=154605732461 tradeID=None
[진입유실 방지 자동보정] LONG XRP/USDT:USDT exit=2026-07-30 22:11:04 미매칭수량=17.50000000 orderID=154637963852 tradeID=None
[진입유실 방지 자동보정] SHORT XRP/USDT:USDT exit=2026-07-31 15:18:55 미매칭수량=28.50000000 orderID=154681353788 tradeID=None
[진입유실 방지 자동보정] LONG XRP/USDT:USDT exit=2026-08-02 07:48:27 미매칭수량=6.70000000 orderID=154765042288 tradeID=None
[진입유실 방지 자동보정] LONG XRP/USDT:USDT exit=2026-08-02 08:25:19 미매칭수량=6.70000000 orderID=154766072211 tradeID=None
[진입유실 방지 자동보정] LONG XRP/USDT:USDT exit=2026-08-02 11:07:15 미매칭수량=16.80000000 orderID=154770811661 tradeID=None
[진입유실 방지 자동보정] SHORT 1000PEPE/USDT:USDT exit=2026-08-02 02:31:36 미매칭수량=1968.00000000 orderID=61389681657 tradeID=None
[진입유실 방지 자동보정] SHORT 1000PEPE/USDT:USDT exit=2026-08-02 02:52:29 미매칭수량=1969.00000000 orderID=61390079427 tradeID=None
[진입유실 방지 자동보정] SHORT 1000PEPE/USDT:USDT exit=2026-08-02 09:25:39 미매칭수량=7585.00000000 orderID=61394822102 tradeID=None
[진입유실 방지 자동보정] SHORT IDOL/USDT:USDT exit=2026-08-02 10:17:17 미매칭수량=445.00000000 orderID=523897304 tradeID=None
[PNL SYNC] SOL/USDT:USDT PnL 부호 엇갈림 방지: 거래소 PnL=-0.0999 -> 로컬 계산 PnL=+0.0837
[진입유실 방지 자동보정] LONG 1000SHIB/USDT:USDT exit=2026-07-27 04:30:21 미매칭수량=2189.00000000 orderID=31388901395 tradeID=None
[진입유실 방지 자동보정] SHORT 1000SHIB/USDT:USDT exit=2026-07-27 07:36:19 미매칭수량=1348.00000000 orderID=31393184616 tradeID=None
[진입유실 방지 자동보정] SHORT 1000SHIB/USDT:USDT exit=2026-07-27 11:51:02 미매칭수량=1844.00000000 orderID=31400541745 tradeID=None
[진입유실 방지 자동보정] SHORT 1000SHIB/USDT:USDT exit=2026-07-28 06:12:27 미매칭수량=2192.00000000 orderID=31421063023 tradeID=None
[진입유실 방지 자동보정] SHORT 1000SHIB/USDT:USDT exit=2026-08-02 01:13:53 미매칭수량=1073.00000000 orderID=31502817166 tradeID=None
[진입유실 방지 자동보정] SHORT 1000SHIB/USDT:USDT exit=2026-08-02 02:01:20 미매칭수량=1074.00000000 orderID=31504220662 tradeID=None
[진입유실 방지 자동보정] SHORT 1000SHIB/USDT:USDT exit=2026-08-02 09:45:32 미매칭수량=2285.00000000 orderID=31510623049 tradeID=None
[진입유실 방지 자동보정] SHORT 1000SHIB/USDT:USDT exit=2026-08-02 10:35:19 미매칭수량=2280.00000000 orderID=31511192196 tradeID=None
[진입유실 방지 자동보정] LONG DOGE/USDT:USDT exit=2026-07-28 09:50:41 미매칭수량=163.00000000 orderID=100915175009 tradeID=None
[진입유실 방지 자동보정] SHORT DOGE/USDT:USDT exit=2026-07-28 20:36:48 미매칭수량=357.00000000 orderID=100925180835 tradeID=None
[진입유실 방지 자동보정] SHORT DOGE/USDT:USDT exit=2026-07-28 23:00:41 미매칭수량=286.00000000 orderID=100927596061 tradeID=None
[진입유실 방지 자동보정] SHORT DOGE/USDT:USDT exit=2026-07-30 20:51:14 미매칭수량=345.00000000 orderID=100976583122 tradeID=None
[진입유실 방지 자동보정] SHORT DOGE/USDT:USDT exit=2026-07-31 10:01:31 미매칭수량=334.00000000 orderID=100988356319 tradeID=None
[진입유실 방지 자동보정] SHORT DOGE/USDT:USDT exit=2026-08-01 18:02:18 미매칭수량=306.00000000 orderID=101015266902 tradeID=None
[진입유실 방지 자동보정] LONG DOGE/USDT:USDT exit=2026-08-02 11:07:47 미매칭수량=259.00000000 orderID=101028099752 tradeID=None
[진입유실 방지 자동보정] SHORT SOL/USDT:USDT exit=2026-07-29 22:32:08 미매칭수량=0.26000000 orderID=229957663104 tradeID=None
[진입유실 방지 자동보정] LONG SOL/USDT:USDT exit=2026-07-30 02:59:19 미매칭수량=0.33000000 orderID=229996023316 tradeID=None
[진입유실 방지 자동보정] LONG SOL/USDT:USDT exit=2026-07-30 03:32:08 미매칭수량=0.27000000 orderID=230002018782 tradeID=None
[진입유실 방지 자동보정] SHORT SOL/USDT:USDT exit=2026-07-30 20:09:26 미매칭수량=0.32000000 orderID=230154249399 tradeID=None
[진입유실 방지 자동보정] SHORT SOL/USDT:USDT exit=2026-07-30 20:37:48 미매칭수량=0.32000000 orderID=230157644550 tradeID=None
[진입유실 방지 자동보정] SHORT SOL/USDT:USDT exit=2026-08-01 10:32:26 미매칭수량=0.29000000 orderID=230440972735 tradeID=None
[진입유실 방지 자동보정] LONG SOL/USDT:USDT exit=2026-08-02 01:55:54 미매칭수량=0.25000000 orderID=230506472518 tradeID=None
[진입유실 방지 자동보정] LONG SOL/USDT:USDT exit=2026-08-02 03:24:55 미매칭수량=0.20000000 orderID=230517041657 tradeID=None
[진입유실 방지 자동보정] LONG XRP/USDT:USDT exit=2026-07-30 03:32:09 미매칭수량=14.70000000 orderID=154591436270 tradeID=None
[진입유실 방지 자동보정] LONG XRP/USDT:USDT exit=2026-07-30 08:06:13 미매칭수량=18.50000000 orderID=154605732461 tradeID=None
[진입유실 방지 자동보정] LONG XRP/USDT:USDT exit=2026-07-30 22:11:04 미매칭수량=17.50000000 orderID=154637963852 tradeID=None
[진입유실 방지 자동보정] SHORT XRP/USDT:USDT exit=2026-07-31 15:18:55 미매칭수량=28.50000000 orderID=154681353788 tradeID=None
[진입유실 방지 자동보정] LONG XRP/USDT:USDT exit=2026-08-02 07:48:27 미매칭수량=6.70000000 orderID=154765042288 tradeID=None
[진입유실 방지 자동보정] LONG XRP/USDT:USDT exit=2026-08-02 08:25:19 미매칭수량=6.70000000 orderID=154766072211 tradeID=None
[진입유실 방지 자동보정] LONG XRP/USDT:USDT exit=2026-08-02 11:07:15 미매칭수량=16.80000000 orderID=154770811661 tradeID=None
[진입유실 방지 자동보정] SHORT 1000PEPE/USDT:USDT exit=2026-08-02 02:31:36 미매칭수량=1968.00000000 orderID=61389681657 tradeID=None
[진입유실 방지 자동보정] SHORT 1000PEPE/USDT:USDT exit=2026-08-02 02:52:29 미매칭수량=1969.00000000 orderID=61390079427 tradeID=None
[진입유실 방지 자동보정] SHORT 1000PEPE/USDT:USDT exit=2026-08-02 09:25:39 미매칭수량=7585.00000000 orderID=61394822102 tradeID=None
[진입유실 방지 자동보정] SHORT IDOL/USDT:USDT exit=2026-08-02 10:17:17 미매칭수량=445.00000000 orderID=523897304 tradeID=None
[ENTRY BLOCK] BNB/USDT:USDT — trader disabled
[ENTRY BLOCK] BNB/USDT:USDT — trader disabled
🔄 [DYNAMIC EXIT] BEAT/USDT:USDT 약세 감지(계단 상승)! (Step 2 -> 3) 사유: ADX하락(21.6), 변동성축소. 콜백: 0.4%
[진입유실 방지 자동보정] LONG 1000SHIB/USDT:USDT exit=2026-07-27 04:30:21 미매칭수량=2189.00000000 orderID=31388901395 tradeID=None
[진입유실 방지 자동보정] SHORT 1000SHIB/USDT:USDT exit=2026-07-27 07:36:19 미매칭수량=1348.00000000 orderID=31393184616 tradeID=None
[진입유실 방지 자동보정] SHORT 1000SHIB/USDT:USDT exit=2026-07-27 11:51:02 미매칭수량=1844.00000000 orderID=31400541745 tradeID=None
[진입유실 방지 자동보정] SHORT 1000SHIB/USDT:USDT exit=2026-07-28 06:12:27 미매칭수량=2192.00000000 orderID=31421063023 tradeID=None
[진입유실 방지 자동보정] SHORT 1000SHIB/USDT:USDT exit=2026-08-02 01:13:53 미매칭수량=1073.00000000 orderID=31502817166 tradeID=None
[진입유실 방지 자동보정] SHORT 1000SHIB/USDT:USDT exit=2026-08-02 02:01:20 미매칭수량=1074.00000000 orderID=31504220662 tradeID=None
[진입유실 방지 자동보정] SHORT 1000SHIB/USDT:USDT exit=2026-08-02 09:45:32 미매칭수량=2285.00000000 orderID=31510623049 tradeID=None
[진입유실 방지 자동보정] SHORT 1000SHIB/USDT:USDT exit=2026-08-02 10:35:19 미매칭수량=2280.00000000 orderID=31511192196 tradeID=None
[진입유실 방지 자동보정] LONG DOGE/USDT:USDT exit=2026-07-28 09:50:41 미매칭수량=163.00000000 orderID=100915175009 tradeID=None
[진입유실 방지 자동보정] SHORT DOGE/USDT:USDT exit=2026-07-28 20:36:48 미매칭수량=357.00000000 orderID=100925180835 tradeID=None
[진입유실 방지 자동보정] SHORT DOGE/USDT:USDT exit=2026-07-28 23:00:41 미매칭수량=286.00000000 orderID=100927596061 tradeID=None
[진입유실 방지 자동보정] SHORT DOGE/USDT:USDT exit=2026-07-30 20:51:14 미매칭수량=345.00000000 orderID=100976583122 tradeID=None
[진입유실 방지 자동보정] SHORT DOGE/USDT:USDT exit=2026-07-31 10:01:31 미매칭수량=334.00000000 orderID=100988356319 tradeID=None
[진입유실 방지 자동보정] SHORT DOGE/USDT:USDT exit=2026-08-01 18:02:18 미매칭수량=306.00000000 orderID=101015266902 tradeID=None
[진입유실 방지 자동보정] LONG DOGE/USDT:USDT exit=2026-08-02 11:07:47 미매칭수량=259.00000000 orderID=101028099752 tradeID=None
[진입유실 방지 자동보정] SHORT SOL/USDT:USDT exit=2026-07-29 22:32:08 미매칭수량=0.26000000 orderID=229957663104 tradeID=None
[진입유실 방지 자동보정] LONG SOL/USDT:USDT exit=2026-07-30 02:59:19 미매칭수량=0.33000000 orderID=229996023316 tradeID=None
[진입유실 방지 자동보정] LONG SOL/USDT:USDT exit=2026-07-30 03:32:08 미매칭수량=0.27000000 orderID=230002018782 tradeID=None
[진입유실 방지 자동보정] SHORT SOL/USDT:USDT exit=2026-07-30 20:09:26 미매칭수량=0.32000000 orderID=230154249399 tradeID=None
[진입유실 방지 자동보정] SHORT SOL/USDT:USDT exit=2026-07-30 20:37:48 미매칭수량=0.32000000 orderID=230157644550 tradeID=None
[진입유실 방지 자동보정] SHORT SOL/USDT:USDT exit=2026-08-01 10:32:26 미매칭수량=0.29000000 orderID=230440972735 tradeID=None
[진입유실 방지 자동보정] LONG SOL/USDT:USDT exit=2026-08-02 01:55:54 미매칭수량=0.25000000 orderID=230506472518 tradeID=None
[진입유실 방지 자동보정] LONG SOL/USDT:USDT exit=2026-08-02 03:24:55 미매칭수량=0.20000000 orderID=230517041657 tradeID=None
[진입유실 방지 자동보정] LONG XRP/USDT:USDT exit=2026-07-30 03:32:09 미매칭수량=14.70000000 orderID=154591436270 tradeID=None
[진입유실 방지 자동보정] LONG XRP/USDT:USDT exit=2026-07-30 08:06:13 미매칭수량=18.50000000 orderID=154605732461 tradeID=None
[진입유실 방지 자동보정] LONG XRP/USDT:USDT exit=2026-07-30 22:11:04 미매칭수량=17.50000000 orderID=154637963852 tradeID=None
[진입유실 방지 자동보정] SHORT XRP/USDT:USDT exit=2026-07-31 15:18:55 미매칭수량=28.50000000 orderID=154681353788 tradeID=None
[진입유실 방지 자동보정] LONG XRP/USDT:USDT exit=2026-08-02 07:48:27 미매칭수량=6.70000000 orderID=154765042288 tradeID=None
[진입유실 방지 자동보정] LONG XRP/USDT:USDT exit=2026-08-02 08:25:19 미매칭수량=6.70000000 orderID=154766072211 tradeID=None
[진입유실 방지 자동보정] LONG XRP/USDT:USDT exit=2026-08-02 11:07:15 미매칭수량=16.80000000 orderID=154770811661 tradeID=None
[진입유실 방지 자동보정] SHORT 1000PEPE/USDT:USDT exit=2026-08-02 02:31:36 미매칭수량=1968.00000000 orderID=61389681657 tradeID=None
[진입유실 방지 자동보정] SHORT 1000PEPE/USDT:USDT exit=2026-08-02 02:52:29 미매칭수량=1969.00000000 orderID=61390079427 tradeID=None
[진입유실 방지 자동보정] SHORT 1000PEPE/USDT:USDT exit=2026-08-02 09:25:39 미매칭수량=7585.00000000 orderID=61394822102 tradeID=None
[진입유실 방지 자동보정] SHORT IDOL/USDT:USDT exit=2026-08-02 10:17:17 미매칭수량=445.00000000 orderID=523897304 tradeID=None
[ENTRY BLOCK] BNB/USDT:USDT — trader disabled
[ENTRY BLOCK] BNB/USDT:USDT — trader disabled
[진입유실 방지 자동보정] LONG 1000SHIB/USDT:USDT exit=2026-07-27 04:30:21 미매칭수량=2189.00000000 orderID=31388901395 tradeID=None
[진입유실 방지 자동보정] SHORT 1000SHIB/USDT:USDT exit=2026-07-27 07:36:19 미매칭수량=1348.00000000 orderID=31393184616 tradeID=None
[진입유실 방지 자동보정] SHORT 1000SHIB/USDT:USDT exit=2026-07-27 11:51:02 미매칭수량=1844.00000000 orderID=31400541745 tradeID=None
[진입유실 방지 자동보정] SHORT 1000SHIB/USDT:USDT exit=2026-07-28 06:12:27 미매칭수량=2192.00000000 orderID=31421063023 tradeID=None
[진입유실 방지 자동보정] SHORT 1000SHIB/USDT:USDT exit=2026-08-02 01:13:53 미매칭수량=1073.00000000 orderID=31502817166 tradeID=None
[진입유실 방지 자동보정] SHORT 1000SHIB/USDT:USDT exit=2026-08-02 02:01:20 미매칭수량=1074.00000000 orderID=31504220662 tradeID=None
[진입유실 방지 자동보정] SHORT 1000SHIB/USDT:USDT exit=2026-08-02 09:45:32 미매칭수량=2285.00000000 orderID=31510623049 tradeID=None
[진입유실 방지 자동보정] SHORT 1000SHIB/USDT:USDT exit=2026-08-02 10:35:19 미매칭수량=2280.00000000 orderID=31511192196 tradeID=None
[진입유실 방지 자동보정] LONG DOGE/USDT:USDT exit=2026-07-28 09:50:41 미매칭수량=163.00000000 orderID=100915175009 tradeID=None
[진입유실 방지 자동보정] SHORT DOGE/USDT:USDT exit=2026-07-28 20:36:48 미매칭수량=357.00000000 orderID=100925180835 tradeID=None
[진입유실 방지 자동보정] SHORT DOGE/USDT:USDT exit=2026-07-28 23:00:41 미매칭수량=286.00000000 orderID=100927596061 tradeID=None
[진입유실 방지 자동보정] SHORT DOGE/USDT:USDT exit=2026-07-30 20:51:14 미매칭수량=345.00000000 orderID=100976583122 tradeID=None
[진입유실 방지 자동보정] SHORT DOGE/USDT:USDT exit=2026-07-31 10:01:31 미매칭수량=334.00000000 orderID=100988356319 tradeID=None
[진입유실 방지 자동보정] SHORT DOGE/USDT:USDT exit=2026-08-01 18:02:18 미매칭수량=306.00000000 orderID=101015266902 tradeID=None
[진입유실 방지 자동보정] LONG DOGE/USDT:USDT exit=2026-08-02 11:07:47 미매칭수량=259.00000000 orderID=101028099752 tradeID=None
[진입유실 방지 자동보정] SHORT SOL/USDT:USDT exit=2026-07-29 22:32:08 미매칭수량=0.26000000 orderID=229957663104 tradeID=None
[진입유실 방지 자동보정] LONG SOL/USDT:USDT exit=2026-07-30 02:59:19 미매칭수량=0.33000000 orderID=229996023316 tradeID=None
[진입유실 방지 자동보정] LONG SOL/USDT:USDT exit=2026-07-30 03:32:08 미매칭수량=0.27000000 orderID=230002018782 tradeID=None
[진입유실 방지 자동보정] SHORT SOL/USDT:USDT exit=2026-07-30 20:09:26 미매칭수량=0.32000000 orderID=230154249399 tradeID=None
[진입유실 방지 자동보정] SHORT SOL/USDT:USDT exit=2026-07-30 20:37:48 미매칭수량=0.32000000 orderID=230157644550 tradeID=None
[진입유실 방지 자동보정] SHORT SOL/USDT:USDT exit=2026-08-01 10:32:26 미매칭수량=0.29000000 orderID=230440972735 tradeID=None
[진입유실 방지 자동보정] LONG SOL/USDT:USDT exit=2026-08-02 01:55:54 미매칭수량=0.25000000 orderID=230506472518 tradeID=None
[진입유실 방지 자동보정] LONG SOL/USDT:USDT exit=2026-08-02 03:24:55 미매칭수량=0.20000000 orderID=230517041657 tradeID=None
[진입유실 방지 자동보정] LONG XRP/USDT:USDT exit=2026-07-30 03:32:09 미매칭수량=14.70000000 orderID=154591436270 tradeID=None
[진입유실 방지 자동보정] LONG XRP/USDT:USDT exit=2026-07-30 08:06:13 미매칭수량=18.50000000 orderID=154605732461 tradeID=None
[진입유실 방지 자동보정] LONG XRP/USDT:USDT exit=2026-07-30 22:11:04 미매칭수량=17.50000000 orderID=154637963852 tradeID=None
[진입유실 방지 자동보정] SHORT XRP/USDT:USDT exit=2026-07-31 15:18:55 미매칭수량=28.50000000 orderID=154681353788 tradeID=None
[진입유실 방지 자동보정] LONG XRP/USDT:USDT exit=2026-08-02 07:48:27 미매칭수량=6.70000000 orderID=154765042288 tradeID=None
[진입유실 방지 자동보정] LONG XRP/USDT:USDT exit=2026-08-02 08:25:19 미매칭수량=6.70000000 orderID=154766072211 tradeID=None
[진입유실 방지 자동보정] LONG XRP/USDT:USDT exit=2026-08-02 11:07:15 미매칭수량=16.80000000 orderID=154770811661 tradeID=None
[진입유실 방지 자동보정] SHORT 1000PEPE/USDT:USDT exit=2026-08-02 02:31:36 미매칭수량=1968.00000000 orderID=61389681657 tradeID=None
[진입유실 방지 자동보정] SHORT 1000PEPE/USDT:USDT exit=2026-08-02 02:52:29 미매칭수량=1969.00000000 orderID=61390079427 tradeID=None
[진입유실 방지 자동보정] SHORT 1000PEPE/USDT:USDT exit=2026-08-02 09:25:39 미매칭수량=7585.00000000 orderID=61394822102 tradeID=None
[진입유실 방지 자동보정] SHORT IDOL/USDT:USDT exit=2026-08-02 10:17:17 미매칭수량=445.00000000 orderID=523897304 tradeID=None
[HIGH ROI GUARD] BEAT/USDT:USDT short ROI +33.37% (>= 30.00%) 도달! 고수익 익절 가드 즉시 시장가 청산 발동.
[DASH] get_dashboard_data 지연/실패() — 직전 캐시/빈값 반환
[진입유실 방지 자동보정] LONG 1000SHIB/USDT:USDT exit=2026-07-27 04:30:21 미매칭수량=2189.00000000 orderID=31388901395 tradeID=None
[진입유실 방지 자동보정] SHORT 1000SHIB/USDT:USDT exit=2026-07-27 07:36:19 미매칭수량=1348.00000000 orderID=31393184616 tradeID=None
[진입유실 방지 자동보정] SHORT 1000SHIB/USDT:USDT exit=2026-07-27 11:51:02 미매칭수량=1844.00000000 orderID=31400541745 tradeID=None
[진입유실 방지 자동보정] SHORT 1000SHIB/USDT:USDT exit=2026-07-28 06:12:27 미매칭수량=2192.00000000 orderID=31421063023 tradeID=None
[진입유실 방지 자동보정] SHORT 1000SHIB/USDT:USDT exit=2026-08-02 01:13:53 미매칭수량=1073.00000000 orderID=31502817166 tradeID=None
[진입유실 방지 자동보정] SHORT 1000SHIB/USDT:USDT exit=2026-08-02 02:01:20 미매칭수량=1074.00000000 orderID=31504220662 tradeID=None
[진입유실 방지 자동보정] SHORT 1000SHIB/USDT:USDT exit=2026-08-02 09:45:32 미매칭수량=2285.00000000 orderID=31510623049 tradeID=None
[진입유실 방지 자동보정] SHORT 1000SHIB/USDT:USDT exit=2026-08-02 10:35:19 미매칭수량=2280.00000000 orderID=31511192196 tradeID=None
[진입유실 방지 자동보정] LONG DOGE/USDT:USDT exit=2026-07-28 09:50:41 미매칭수량=163.00000000 orderID=100915175009 tradeID=None
[진입유실 방지 자동보정] SHORT DOGE/USDT:USDT exit=2026-07-28 20:36:48 미매칭수량=357.00000000 orderID=100925180835 tradeID=None
[진입유실 방지 자동보정] SHORT DOGE/USDT:USDT exit=2026-07-28 23:00:41 미매칭수량=286.00000000 orderID=100927596061 tradeID=None
[진입유실 방지 자동보정] SHORT DOGE/USDT:USDT exit=2026-07-30 20:51:14 미매칭수량=345.00000000 orderID=100976583122 tradeID=None
[진입유실 방지 자동보정] SHORT DOGE/USDT:USDT exit=2026-07-31 10:01:31 미매칭수량=334.00000000 orderID=100988356319 tradeID=None
[진입유실 방지 자동보정] SHORT DOGE/USDT:USDT exit=2026-08-01 18:02:18 미매칭수량=306.00000000 orderID=101015266902 tradeID=None
[진입유실 방지 자동보정] LONG DOGE/USDT:USDT exit=2026-08-02 11:07:47 미매칭수량=259.00000000 orderID=101028099752 tradeID=None
[진입유실 방지 자동보정] SHORT SOL/USDT:USDT exit=2026-07-29 22:32:08 미매칭수량=0.26000000 orderID=229957663104 tradeID=None
[진입유실 방지 자동보정] LONG SOL/USDT:USDT exit=2026-07-30 02:59:19 미매칭수량=0.33000000 orderID=229996023316 tradeID=None
[진입유실 방지 자동보정] LONG SOL/USDT:USDT exit=2026-07-30 03:32:08 미매칭수량=0.27000000 orderID=230002018782 tradeID=None
[진입유실 방지 자동보정] SHORT SOL/USDT:USDT exit=2026-07-30 20:09:26 미매칭수량=0.32000000 orderID=230154249399 tradeID=None
[진입유실 방지 자동보정] SHORT SOL/USDT:USDT exit=2026-07-30 20:37:48 미매칭수량=0.32000000 orderID=230157644550 tradeID=None
[진입유실 방지 자동보정] SHORT SOL/USDT:USDT exit=2026-08-01 10:32:26 미매칭수량=0.29000000 orderID=230440972735 tradeID=None
[진입유실 방지 자동보정] LONG SOL/USDT:USDT exit=2026-08-02 01:55:54 미매칭수량=0.25000000 orderID=230506472518 tradeID=None
[진입유실 방지 자동보정] LONG SOL/USDT:USDT exit=2026-08-02 03:24:55 미매칭수량=0.20000000 orderID=230517041657 tradeID=None
[진입유실 방지 자동보정] LONG XRP/USDT:USDT exit=2026-07-30 03:32:09 미매칭수량=14.70000000 orderID=154591436270 tradeID=None
[진입유실 방지 자동보정] LONG XRP/USDT:USDT exit=2026-07-30 08:06:13 미매칭수량=18.50000000 orderID=154605732461 tradeID=None
[진입유실 방지 자동보정] LONG XRP/USDT:USDT exit=2026-07-30 22:11:04 미매칭수량=17.50000000 orderID=154637963852 tradeID=None
[진입유실 방지 자동보정] SHORT XRP/USDT:USDT exit=2026-07-31 15:18:55 미매칭수량=28.50000000 orderID=154681353788 tradeID=None
[진입유실 방지 자동보정] LONG XRP/USDT:USDT exit=2026-08-02 07:48:27 미매칭수량=6.70000000 orderID=154765042288 tradeID=None
[진입유실 방지 자동보정] LONG XRP/USDT:USDT exit=2026-08-02 08:25:19 미매칭수량=6.70000000 orderID=154766072211 tradeID=None
[진입유실 방지 자동보정] LONG XRP/USDT:USDT exit=2026-08-02 11:07:15 미매칭수량=16.80000000 orderID=154770811661 tradeID=None
[진입유실 방지 자동보정] SHORT 1000PEPE/USDT:USDT exit=2026-08-02 02:31:36 미매칭수량=1968.00000000 orderID=61389681657 tradeID=None
[진입유실 방지 자동보정] SHORT 1000PEPE/USDT:USDT exit=2026-08-02 02:52:29 미매칭수량=1969.00000000 orderID=61390079427 tradeID=None
[진입유실 방지 자동보정] SHORT 1000PEPE/USDT:USDT exit=2026-08-02 09:25:39 미매칭수량=7585.00000000 orderID=61394822102 tradeID=None
[진입유실 방지 자동보정] SHORT IDOL/USDT:USDT exit=2026-08-02 10:17:17 미매칭수량=445.00000000 orderID=523897304 tradeID=None
[진입유실 방지 자동보정] LONG 1000SHIB/USDT:USDT exit=2026-07-27 04:30:21 미매칭수량=2189.00000000 orderID=31388901395 tradeID=None
[진입유실 방지 자동보정] SHORT 1000SHIB/USDT:USDT exit=2026-07-27 07:36:19 미매칭수량=1348.00000000 orderID=31393184616 tradeID=None
[진입유실 방지 자동보정] SHORT 1000SHIB/USDT:USDT exit=2026-07-27 11:51:02 미매칭수량=1844.00000000 orderID=31400541745 tradeID=None
[진입유실 방지 자동보정] SHORT 1000SHIB/USDT:USDT exit=2026-07-28 06:12:27 미매칭수량=2192.00000000 orderID=31421063023 tradeID=None
[진입유실 방지 자동보정] SHORT 1000SHIB/USDT:USDT exit=2026-08-02 01:13:53 미매칭수량=1073.00000000 orderID=31502817166 tradeID=None
[진입유실 방지 자동보정] SHORT 1000SHIB/USDT:USDT exit=2026-08-02 02:01:20 미매칭수량=1074.00000000 orderID=31504220662 tradeID=None
[진입유실 방지 자동보정] SHORT 1000SHIB/USDT:USDT exit=2026-08-02 09:45:32 미매칭수량=2285.00000000 orderID=31510623049 tradeID=None
[진입유실 방지 자동보정] SHORT 1000SHIB/USDT:USDT exit=2026-08-02 10:35:19 미매칭수량=2280.00000000 orderID=31511192196 tradeID=None
[진입유실 방지 자동보정] LONG DOGE/USDT:USDT exit=2026-07-28 09:50:41 미매칭수량=163.00000000 orderID=100915175009 tradeID=None
[진입유실 방지 자동보정] SHORT DOGE/USDT:USDT exit=2026-07-28 20:36:48 미매칭수량=357.00000000 orderID=100925180835 tradeID=None
[진입유실 방지 자동보정] SHORT DOGE/USDT:USDT exit=2026-07-28 23:00:41 미매칭수량=286.00000000 orderID=100927596061 tradeID=None
[진입유실 방지 자동보정] SHORT DOGE/USDT:USDT exit=2026-07-30 20:51:14 미매칭수량=345.00000000 orderID=100976583122 tradeID=None
[진입유실 방지 자동보정] SHORT DOGE/USDT:USDT exit=2026-07-31 10:01:31 미매칭수량=334.00000000 orderID=100988356319 tradeID=None
[진입유실 방지 자동보정] SHORT DOGE/USDT:USDT exit=2026-08-01 18:02:18 미매칭수량=306.00000000 orderID=101015266902 tradeID=None
[진입유실 방지 자동보정] LONG DOGE/USDT:USDT exit=2026-08-02 11:07:47 미매칭수량=259.00000000 orderID=101028099752 tradeID=None
[진입유실 방지 자동보정] SHORT SOL/USDT:USDT exit=2026-07-29 22:32:08 미매칭수량=0.26000000 orderID=229957663104 tradeID=None
[진입유실 방지 자동보정] LONG SOL/USDT:USDT exit=2026-07-30 02:59:19 미매칭수량=0.33000000 orderID=229996023316 tradeID=None
[진입유실 방지 자동보정] LONG SOL/USDT:USDT exit=2026-07-30 03:32:08 미매칭수량=0.27000000 orderID=230002018782 tradeID=None
[진입유실 방지 자동보정] SHORT SOL/USDT:USDT exit=2026-07-30 20:09:26 미매칭수량=0.32000000 orderID=230154249399 tradeID=None
[진입유실 방지 자동보정] SHORT SOL/USDT:USDT exit=2026-07-30 20:37:48 미매칭수량=0.32000000 orderID=230157644550 tradeID=None
[진입유실 방지 자동보정] SHORT SOL/USDT:USDT exit=2026-08-01 10:32:26 미매칭수량=0.29000000 orderID=230440972735 tradeID=None
[진입유실 방지 자동보정] LONG SOL/USDT:USDT exit=2026-08-02 01:55:54 미매칭수량=0.25000000 orderID=230506472518 tradeID=None
[진입유실 방지 자동보정] LONG SOL/USDT:USDT exit=2026-08-02 03:24:55 미매칭수량=0.20000000 orderID=230517041657 tradeID=None
[진입유실 방지 자동보정] LONG XRP/USDT:USDT exit=2026-07-30 03:32:09 미매칭수량=14.70000000 orderID=154591436270 tradeID=None
[진입유실 방지 자동보정] LONG XRP/USDT:USDT exit=2026-07-30 08:06:13 미매칭수량=18.50000000 orderID=154605732461 tradeID=None
[진입유실 방지 자동보정] LONG XRP/USDT:USDT exit=2026-07-30 22:11:04 미매칭수량=17.50000000 orderID=154637963852 tradeID=None
[진입유실 방지 자동보정] SHORT XRP/USDT:USDT exit=2026-07-31 15:18:55 미매칭수량=28.50000000 orderID=154681353788 tradeID=None
[진입유실 방지 자동보정] LONG XRP/USDT:USDT exit=2026-08-02 07:48:27 미매칭수량=6.70000000 orderID=154765042288 tradeID=None
[진입유실 방지 자동보정] LONG XRP/USDT:USDT exit=2026-08-02 08:25:19 미매칭수량=6.70000000 orderID=154766072211 tradeID=None
[진입유실 방지 자동보정] LONG XRP/USDT:USDT exit=2026-08-02 11:07:15 미매칭수량=16.80000000 orderID=154770811661 tradeID=None
[진입유실 방지 자동보정] SHORT 1000PEPE/USDT:USDT exit=2026-08-02 02:31:36 미매칭수량=1968.00000000 orderID=61389681657 tradeID=None
[진입유실 방지 자동보정] SHORT 1000PEPE/USDT:USDT exit=2026-08-02 02:52:29 미매칭수량=1969.00000000 orderID=61390079427 tradeID=None
[진입유실 방지 자동보정] SHORT 1000PEPE/USDT:USDT exit=2026-08-02 09:25:39 미매칭수량=7585.00000000 orderID=61394822102 tradeID=None
[진입유실 방지 자동보정] SHORT IDOL/USDT:USDT exit=2026-08-02 10:17:17 미매칭수량=445.00000000 orderID=523897304 tradeID=None
[BNB/USDT:USDT] 래칫 위반 시도 차단 (Long): old=581.6057621174352 -> new=581.5857621174353
[진입유실 방지 자동보정] LONG 1000SHIB/USDT:USDT exit=2026-07-27 04:30:21 미매칭수량=2189.00000000 orderID=31388901395 tradeID=None
[진입유실 방지 자동보정] SHORT 1000SHIB/USDT:USDT exit=2026-07-27 07:36:19 미매칭수량=1348.00000000 orderID=31393184616 tradeID=None
[진입유실 방지 자동보정] SHORT 1000SHIB/USDT:USDT exit=2026-07-27 11:51:02 미매칭수량=1844.00000000 orderID=31400541745 tradeID=None
[진입유실 방지 자동보정] SHORT 1000SHIB/USDT:USDT exit=2026-07-28 06:12:27 미매칭수량=2192.00000000 orderID=31421063023 tradeID=None
[진입유실 방지 자동보정] SHORT 1000SHIB/USDT:USDT exit=2026-08-02 01:13:53 미매칭수량=1073.00000000 orderID=31502817166 tradeID=None
[진입유실 방지 자동보정] SHORT 1000SHIB/USDT:USDT exit=2026-08-02 02:01:20 미매칭수량=1074.00000000 orderID=31504220662 tradeID=None
[진입유실 방지 자동보정] SHORT 1000SHIB/USDT:USDT exit=2026-08-02 09:45:32 미매칭수량=2285.00000000 orderID=31510623049 tradeID=None
[진입유실 방지 자동보정] SHORT 1000SHIB/USDT:USDT exit=2026-08-02 10:35:19 미매칭수량=2280.00000000 orderID=31511192196 tradeID=None
[진입유실 방지 자동보정] LONG DOGE/USDT:USDT exit=2026-07-28 09:50:41 미매칭수량=163.00000000 orderID=100915175009 tradeID=None
[진입유실 방지 자동보정] SHORT DOGE/USDT:USDT exit=2026-07-28 20:36:48 미매칭수량=357.00000000 orderID=100925180835 tradeID=None
[진입유실 방지 자동보정] SHORT DOGE/USDT:USDT exit=2026-07-28 23:00:41 미매칭수량=286.00000000 orderID=100927596061 tradeID=None
[진입유실 방지 자동보정] SHORT DOGE/USDT:USDT exit=2026-07-30 20:51:14 미매칭수량=345.00000000 orderID=100976583122 tradeID=None
[진입유실 방지 자동보정] SHORT DOGE/USDT:USDT exit=2026-07-31 10:01:31 미매칭수량=334.00000000 orderID=100988356319 tradeID=None
[진입유실 방지 자동보정] SHORT DOGE/USDT:USDT exit=2026-08-01 18:02:18 미매칭수량=306.00000000 orderID=101015266902 tradeID=None
[진입유실 방지 자동보정] LONG DOGE/USDT:USDT exit=2026-08-02 11:07:47 미매칭수량=259.00000000 orderID=101028099752 tradeID=None
[진입유실 방지 자동보정] SHORT SOL/USDT:USDT exit=2026-07-29 22:32:08 미매칭수량=0.26000000 orderID=229957663104 tradeID=None
[진입유실 방지 자동보정] LONG SOL/USDT:USDT exit=2026-07-30 02:59:19 미매칭수량=0.33000000 orderID=229996023316 tradeID=None
[진입유실 방지 자동보정] LONG SOL/USDT:USDT exit=2026-07-30 03:32:08 미매칭수량=0.27000000 orderID=230002018782 tradeID=None
[진입유실 방지 자동보정] SHORT SOL/USDT:USDT exit=2026-07-30 20:09:26 미매칭수량=0.32000000 orderID=230154249399 tradeID=None
[진입유실 방지 자동보정] SHORT SOL/USDT:USDT exit=2026-07-30 20:37:48 미매칭수량=0.32000000 orderID=230157644550 tradeID=None
[진입유실 방지 자동보정] SHORT SOL/USDT:USDT exit=2026-08-01 10:32:26 미매칭수량=0.29000000 orderID=230440972735 tradeID=None
[진입유실 방지 자동보정] LONG SOL/USDT:USDT exit=2026-08-02 01:55:54 미매칭수량=0.25000000 orderID=230506472518 tradeID=None
[진입유실 방지 자동보정] LONG SOL/USDT:USDT exit=2026-08-02 03:24:55 미매칭수량=0.20000000 orderID=230517041657 tradeID=None
[진입유실 방지 자동보정] LONG XRP/USDT:USDT exit=2026-07-30 03:32:09 미매칭수량=14.70000000 orderID=154591436270 tradeID=None
[진입유실 방지 자동보정] LONG XRP/USDT:USDT exit=2026-07-30 08:06:13 미매칭수량=18.50000000 orderID=154605732461 tradeID=None
[진입유실 방지 자동보정] LONG XRP/USDT:USDT exit=2026-07-30 22:11:04 미매칭수량=17.50000000 orderID=154637963852 tradeID=None
[진입유실 방지 자동보정] SHORT XRP/USDT:USDT exit=2026-07-31 15:18:55 미매칭수량=28.50000000 orderID=154681353788 tradeID=None
[진입유실 방지 자동보정] LONG XRP/USDT:USDT exit=2026-08-02 07:48:27 미매칭수량=6.70000000 orderID=154765042288 tradeID=None
[진입유실 방지 자동보정] LONG XRP/USDT:USDT exit=2026-08-02 08:25:19 미매칭수량=6.70000000 orderID=154766072211 tradeID=None
[진입유실 방지 자동보정] LONG XRP/USDT:USDT exit=2026-08-02 11:07:15 미매칭수량=16.80000000 orderID=154770811661 tradeID=None
[진입유실 방지 자동보정] SHORT 1000PEPE/USDT:USDT exit=2026-08-02 02:31:36 미매칭수량=1968.00000000 orderID=61389681657 tradeID=None
[진입유실 방지 자동보정] SHORT 1000PEPE/USDT:USDT exit=2026-08-02 02:52:29 미매칭수량=1969.00000000 orderID=61390079427 tradeID=None
[진입유실 방지 자동보정] SHORT 1000PEPE/USDT:USDT exit=2026-08-02 09:25:39 미매칭수량=7585.00000000 orderID=61394822102 tradeID=None
[진입유실 방지 자동보정] SHORT IDOL/USDT:USDT exit=2026-08-02 10:17:17 미매칭수량=445.00000000 orderID=523897304 tradeID=None
[BNB/USDT:USDT] 래칫 위반 시도 차단 (Long): old=581.6057621174352 -> new=581.5940973574352
[BNB/USDT:USDT] 래칫 위반 시도 차단 (Long): old=581.6057621174352 -> new=581.5940973574352
[진입유실 방지 자동보정] LONG 1000SHIB/USDT:USDT exit=2026-07-27 04:30:21 미매칭수량=2189.00000000 orderID=31388901395 tradeID=None
[진입유실 방지 자동보정] SHORT 1000SHIB/USDT:USDT exit=2026-07-27 07:36:19 미매칭수량=1348.00000000 orderID=31393184616 tradeID=None
[진입유실 방지 자동보정] SHORT 1000SHIB/USDT:USDT exit=2026-07-27 11:51:02 미매칭수량=1844.00000000 orderID=31400541745 tradeID=None
[진입유실 방지 자동보정] SHORT 1000SHIB/USDT:USDT exit=2026-07-28 06:12:27 미매칭수량=2192.00000000 orderID=31421063023 tradeID=None
[진입유실 방지 자동보정] SHORT 1000SHIB/USDT:USDT exit=2026-08-02 01:13:53 미매칭수량=1073.00000000 orderID=31502817166 tradeID=None
[진입유실 방지 자동보정] SHORT 1000SHIB/USDT:USDT exit=2026-08-02 02:01:20 미매칭수량=1074.00000000 orderID=31504220662 tradeID=None
[진입유실 방지 자동보정] SHORT 1000SHIB/USDT:USDT exit=2026-08-02 09:45:32 미매칭수량=2285.00000000 orderID=31510623049 tradeID=None
[진입유실 방지 자동보정] SHORT 1000SHIB/USDT:USDT exit=2026-08-02 10:35:19 미매칭수량=2280.00000000 orderID=31511192196 tradeID=None
[진입유실 방지 자동보정] LONG DOGE/USDT:USDT exit=2026-07-28 09:50:41 미매칭수량=163.00000000 orderID=100915175009 tradeID=None
[진입유실 방지 자동보정] SHORT DOGE/USDT:USDT exit=2026-07-28 20:36:48 미매칭수량=357.00000000 orderID=100925180835 tradeID=None
[진입유실 방지 자동보정] SHORT DOGE/USDT:USDT exit=2026-07-28 23:00:41 미매칭수량=286.00000000 orderID=100927596061 tradeID=None
[진입유실 방지 자동보정] SHORT DOGE/USDT:USDT exit=2026-07-30 20:51:14 미매칭수량=345.00000000 orderID=100976583122 tradeID=None
[진입유실 방지 자동보정] SHORT DOGE/USDT:USDT exit=2026-07-31 10:01:31 미매칭수량=334.00000000 orderID=100988356319 tradeID=None
[진입유실 방지 자동보정] SHORT DOGE/USDT:USDT exit=2026-08-01 18:02:18 미매칭수량=306.00000000 orderID=101015266902 tradeID=None
[진입유실 방지 자동보정] LONG DOGE/USDT:USDT exit=2026-08-02 11:07:47 미매칭수량=259.00000000 orderID=101028099752 tradeID=None
[진입유실 방지 자동보정] SHORT SOL/USDT:USDT exit=2026-07-29 22:32:08 미매칭수량=0.26000000 orderID=229957663104 tradeID=None
[진입유실 방지 자동보정] LONG SOL/USDT:USDT exit=2026-07-30 02:59:19 미매칭수량=0.33000000 orderID=229996023316 tradeID=None
[진입유실 방지 자동보정] LONG SOL/USDT:USDT exit=2026-07-30 03:32:08 미매칭수량=0.27000000 orderID=230002018782 tradeID=None
[진입유실 방지 자동보정] SHORT SOL/USDT:USDT exit=2026-07-30 20:09:26 미매칭수량=0.32000000 orderID=230154249399 tradeID=None
[진입유실 방지 자동보정] SHORT SOL/USDT:USDT exit=2026-07-30 20:37:48 미매칭수량=0.32000000 orderID=230157644550 tradeID=None
[진입유실 방지 자동보정] SHORT SOL/USDT:USDT exit=2026-08-01 10:32:26 미매칭수량=0.29000000 orderID=230440972735 tradeID=None
[진입유실 방지 자동보정] LONG SOL/USDT:USDT exit=2026-08-02 01:55:54 미매칭수량=0.25000000 orderID=230506472518 tradeID=None
[진입유실 방지 자동보정] LONG SOL/USDT:USDT exit=2026-08-02 03:24:55 미매칭수량=0.20000000 orderID=230517041657 tradeID=None
[진입유실 방지 자동보정] LONG XRP/USDT:USDT exit=2026-07-30 03:32:09 미매칭수량=14.70000000 orderID=154591436270 tradeID=None
[진입유실 방지 자동보정] LONG XRP/USDT:USDT exit=2026-07-30 08:06:13 미매칭수량=18.50000000 orderID=154605732461 tradeID=None
[진입유실 방지 자동보정] LONG XRP/USDT:USDT exit=2026-07-30 22:11:04 미매칭수량=17.50000000 orderID=154637963852 tradeID=None
[진입유실 방지 자동보정] SHORT XRP/USDT:USDT exit=2026-07-31 15:18:55 미매칭수량=28.50000000 orderID=154681353788 tradeID=None
[진입유실 방지 자동보정] LONG XRP/USDT:USDT exit=2026-08-02 07:48:27 미매칭수량=6.70000000 orderID=154765042288 tradeID=None
[진입유실 방지 자동보정] LONG XRP/USDT:USDT exit=2026-08-02 08:25:19 미매칭수량=6.70000000 orderID=154766072211 tradeID=None
[진입유실 방지 자동보정] LONG XRP/USDT:USDT exit=2026-08-02 11:07:15 미매칭수량=16.80000000 orderID=154770811661 tradeID=None
[진입유실 방지 자동보정] SHORT 1000PEPE/USDT:USDT exit=2026-08-02 02:31:36 미매칭수량=1968.00000000 orderID=61389681657 tradeID=None
[진입유실 방지 자동보정] SHORT 1000PEPE/USDT:USDT exit=2026-08-02 02:52:29 미매칭수량=1969.00000000 orderID=61390079427 tradeID=None
[진입유실 방지 자동보정] SHORT 1000PEPE/USDT:USDT exit=2026-08-02 09:25:39 미매칭수량=7585.00000000 orderID=61394822102 tradeID=None
[진입유실 방지 자동보정] SHORT IDOL/USDT:USDT exit=2026-08-02 10:17:17 미매칭수량=445.00000000 orderID=523897304 tradeID=None
[BNB/USDT:USDT] 래칫 위반 시도 차단 (Long): old=581.6057621174352 -> new=581.5820973574351
[BNB/USDT:USDT] 래칫 위반 시도 차단 (Long): old=581.6057621174352 -> new=581.5820973574351
[진입유실 방지 자동보정] LONG 1000SHIB/USDT:USDT exit=2026-07-27 04:30:21 미매칭수량=2189.00000000 orderID=31388901395 tradeID=None
[진입유실 방지 자동보정] SHORT 1000SHIB/USDT:USDT exit=2026-07-27 07:36:19 미매칭수량=1348.00000000 orderID=31393184616 tradeID=None
[진입유실 방지 자동보정] SHORT 1000SHIB/USDT:USDT exit=2026-07-27 11:51:02 미매칭수량=1844.00000000 orderID=31400541745 tradeID=None
[진입유실 방지 자동보정] SHORT 1000SHIB/USDT:USDT exit=2026-07-28 06:12:27 미매칭수량=2192.00000000 orderID=31421063023 tradeID=None
[진입유실 방지 자동보정] SHORT 1000SHIB/USDT:USDT exit=2026-08-02 01:13:53 미매칭수량=1073.00000000 orderID=31502817166 tradeID=None
[진입유실 방지 자동보정] SHORT 1000SHIB/USDT:USDT exit=2026-08-02 02:01:20 미매칭수량=1074.00000000 orderID=31504220662 tradeID=None
[진입유실 방지 자동보정] SHORT 1000SHIB/USDT:USDT exit=2026-08-02 09:45:32 미매칭수량=2285.00000000 orderID=31510623049 tradeID=None
[진입유실 방지 자동보정] SHORT 1000SHIB/USDT:USDT exit=2026-08-02 10:35:19 미매칭수량=2280.00000000 orderID=31511192196 tradeID=None
[진입유실 방지 자동보정] LONG DOGE/USDT:USDT exit=2026-07-28 09:50:41 미매칭수량=163.00000000 orderID=100915175009 tradeID=None
[진입유실 방지 자동보정] SHORT DOGE/USDT:USDT exit=2026-07-28 20:36:48 미매칭수량=357.00000000 orderID=100925180835 tradeID=None
[진입유실 방지 자동보정] SHORT DOGE/USDT:USDT exit=2026-07-28 23:00:41 미매칭수량=286.00000000 orderID=100927596061 tradeID=None
[진입유실 방지 자동보정] SHORT DOGE/USDT:USDT exit=2026-07-30 20:51:14 미매칭수량=345.00000000 orderID=100976583122 tradeID=None
[진입유실 방지 자동보정] SHORT DOGE/USDT:USDT exit=2026-07-31 10:01:31 미매칭수량=334.00000000 orderID=100988356319 tradeID=None
[진입유실 방지 자동보정] SHORT DOGE/USDT:USDT exit=2026-08-01 18:02:18 미매칭수량=306.00000000 orderID=101015266902 tradeID=None
[진입유실 방지 자동보정] LONG DOGE/USDT:USDT exit=2026-08-02 11:07:47 미매칭수량=259.00000000 orderID=101028099752 tradeID=None
[진입유실 방지 자동보정] SHORT SOL/USDT:USDT exit=2026-07-29 22:32:08 미매칭수량=0.26000000 orderID=229957663104 tradeID=None
[진입유실 방지 자동보정] LONG SOL/USDT:USDT exit=2026-07-30 02:59:19 미매칭수량=0.33000000 orderID=229996023316 tradeID=None
[진입유실 방지 자동보정] LONG SOL/USDT:USDT exit=2026-07-30 03:32:08 미매칭수량=0.27000000 orderID=230002018782 tradeID=None
[진입유실 방지 자동보정] SHORT SOL/USDT:USDT exit=2026-07-30 20:09:26 미매칭수량=0.32000000 orderID=230154249399 tradeID=None
[진입유실 방지 자동보정] SHORT SOL/USDT:USDT exit=2026-07-30 20:37:48 미매칭수량=0.32000000 orderID=230157644550 tradeID=None
[진입유실 방지 자동보정] SHORT SOL/USDT:USDT exit=2026-08-01 10:32:26 미매칭수량=0.29000000 orderID=230440972735 tradeID=None
[진입유실 방지 자동보정] LONG SOL/USDT:USDT exit=2026-08-02 01:55:54 미매칭수량=0.25000000 orderID=230506472518 tradeID=None
[진입유실 방지 자동보정] LONG SOL/USDT:USDT exit=2026-08-02 03:24:55 미매칭수량=0.20000000 orderID=230517041657 tradeID=None
[진입유실 방지 자동보정] LONG XRP/USDT:USDT exit=2026-07-30 03:32:09 미매칭수량=14.70000000 orderID=154591436270 tradeID=None
[진입유실 방지 자동보정] LONG XRP/USDT:USDT exit=2026-07-30 08:06:13 미매칭수량=18.50000000 orderID=154605732461 tradeID=None
[진입유실 방지 자동보정] LONG XRP/USDT:USDT exit=2026-07-30 22:11:04 미매칭수량=17.50000000 orderID=154637963852 tradeID=None
[진입유실 방지 자동보정] SHORT XRP/USDT:USDT exit=2026-07-31 15:18:55 미매칭수량=28.50000000 orderID=154681353788 tradeID=None
[진입유실 방지 자동보정] LONG XRP/USDT:USDT exit=2026-08-02 07:48:27 미매칭수량=6.70000000 orderID=154765042288 tradeID=None
[진입유실 방지 자동보정] LONG XRP/USDT:USDT exit=2026-08-02 08:25:19 미매칭수량=6.70000000 orderID=154766072211 tradeID=None
[진입유실 방지 자동보정] LONG XRP/USDT:USDT exit=2026-08-02 11:07:15 미매칭수량=16.80000000 orderID=154770811661 tradeID=None
[진입유실 방지 자동보정] SHORT 1000PEPE/USDT:USDT exit=2026-08-02 02:31:36 미매칭수량=1968.00000000 orderID=61389681657 tradeID=None
[진입유실 방지 자동보정] SHORT 1000PEPE/USDT:USDT exit=2026-08-02 02:52:29 미매칭수량=1969.00000000 orderID=61390079427 tradeID=None
[진입유실 방지 자동보정] SHORT 1000PEPE/USDT:USDT exit=2026-08-02 09:25:39 미매칭수량=7585.00000000 orderID=61394822102 tradeID=None
[진입유실 방지 자동보정] SHORT IDOL/USDT:USDT exit=2026-08-02 10:17:17 미매칭수량=445.00000000 orderID=523897304 tradeID=None
[BNB/USDT:USDT] 래칫 위반 시도 차단 (Long): old=581.6057621174352 -> new=581.5820973574351
[BNB/USDT:USDT] 래칫 위반 시도 차단 (Long): old=581.6057621174352 -> new=581.5820973574351
[진입유실 방지 자동보정] LONG 1000SHIB/USDT:USDT exit=2026-07-27 04:30:21 미매칭수량=2189.00000000 orderID=31388901395 tradeID=None
[진입유실 방지 자동보정] SHORT 1000SHIB/USDT:USDT exit=2026-07-27 07:36:19 미매칭수량=1348.00000000 orderID=31393184616 tradeID=None
[진입유실 방지 자동보정] SHORT 1000SHIB/USDT:USDT exit=2026-07-27 11:51:02 미매칭수량=1844.00000000 orderID=31400541745 tradeID=None
[진입유실 방지 자동보정] SHORT 1000SHIB/USDT:USDT exit=2026-07-28 06:12:27 미매칭수량=2192.00000000 orderID=31421063023 tradeID=None
[진입유실 방지 자동보정] SHORT 1000SHIB/USDT:USDT exit=2026-08-02 01:13:53 미매칭수량=1073.00000000 orderID=31502817166 tradeID=None
[진입유실 방지 자동보정] SHORT 1000SHIB/USDT:USDT exit=2026-08-02 02:01:20 미매칭수량=1074.00000000 orderID=31504220662 tradeID=None
[진입유실 방지 자동보정] SHORT 1000SHIB/USDT:USDT exit=2026-08-02 09:45:32 미매칭수량=2285.00000000 orderID=31510623049 tradeID=None
[진입유실 방지 자동보정] SHORT 1000SHIB/USDT:USDT exit=2026-08-02 10:35:19 미매칭수량=2280.00000000 orderID=31511192196 tradeID=None
[진입유실 방지 자동보정] LONG DOGE/USDT:USDT exit=2026-07-28 09:50:41 미매칭수량=163.00000000 orderID=100915175009 tradeID=None
[진입유실 방지 자동보정] SHORT DOGE/USDT:USDT exit=2026-07-28 20:36:48 미매칭수량=357.00000000 orderID=100925180835 tradeID=None
[진입유실 방지 자동보정] SHORT DOGE/USDT:USDT exit=2026-07-28 23:00:41 미매칭수량=286.00000000 orderID=100927596061 tradeID=None
[진입유실 방지 자동보정] SHORT DOGE/USDT:USDT exit=2026-07-30 20:51:14 미매칭수량=345.00000000 orderID=100976583122 tradeID=None
[진입유실 방지 자동보정] SHORT DOGE/USDT:USDT exit=2026-07-31 10:01:31 미매칭수량=334.00000000 orderID=100988356319 tradeID=None
[진입유실 방지 자동보정] SHORT DOGE/USDT:USDT exit=2026-08-01 18:02:18 미매칭수량=306.00000000 orderID=101015266902 tradeID=None
[진입유실 방지 자동보정] LONG DOGE/USDT:USDT exit=2026-08-02 11:07:47 미매칭수량=259.00000000 orderID=101028099752 tradeID=None
[진입유실 방지 자동보정] SHORT SOL/USDT:USDT exit=2026-07-29 22:32:08 미매칭수량=0.26000000 orderID=229957663104 tradeID=None
[진입유실 방지 자동보정] LONG SOL/USDT:USDT exit=2026-07-30 02:59:19 미매칭수량=0.33000000 orderID=229996023316 tradeID=None
[진입유실 방지 자동보정] LONG SOL/USDT:USDT exit=2026-07-30 03:32:08 미매칭수량=0.27000000 orderID=230002018782 tradeID=None
[진입유실 방지 자동보정] SHORT SOL/USDT:USDT exit=2026-07-30 20:09:26 미매칭수량=0.32000000 orderID=230154249399 tradeID=None
[진입유실 방지 자동보정] SHORT SOL/USDT:USDT exit=2026-07-30 20:37:48 미매칭수량=0.32000000 orderID=230157644550 tradeID=None
[진입유실 방지 자동보정] SHORT SOL/USDT:USDT exit=2026-08-01 10:32:26 미매칭수량=0.29000000 orderID=230440972735 tradeID=None
[진입유실 방지 자동보정] LONG SOL/USDT:USDT exit=2026-08-02 01:55:54 미매칭수량=0.25000000 orderID=230506472518 tradeID=None
[진입유실 방지 자동보정] LONG SOL/USDT:USDT exit=2026-08-02 03:24:55 미매칭수량=0.20000000 orderID=230517041657 tradeID=None
[진입유실 방지 자동보정] LONG XRP/USDT:USDT exit=2026-07-30 03:32:09 미매칭수량=14.70000000 orderID=154591436270 tradeID=None
[진입유실 방지 자동보정] LONG XRP/USDT:USDT exit=2026-07-30 08:06:13 미매칭수량=18.50000000 orderID=154605732461 tradeID=None
[진입유실 방지 자동보정] LONG XRP/USDT:USDT exit=2026-07-30 22:11:04 미매칭수량=17.50000000 orderID=154637963852 tradeID=None
[진입유실 방지 자동보정] SHORT XRP/USDT:USDT exit=2026-07-31 15:18:55 미매칭수량=28.50000000 orderID=154681353788 tradeID=None
[진입유실 방지 자동보정] LONG XRP/USDT:USDT exit=2026-08-02 07:48:27 미매칭수량=6.70000000 orderID=154765042288 tradeID=None
[진입유실 방지 자동보정] LONG XRP/USDT:USDT exit=2026-08-02 08:25:19 미매칭수량=6.70000000 orderID=154766072211 tradeID=None
[진입유실 방지 자동보정] LONG XRP/USDT:USDT exit=2026-08-02 11:07:15 미매칭수량=16.80000000 orderID=154770811661 tradeID=None
[진입유실 방지 자동보정] SHORT 1000PEPE/USDT:USDT exit=2026-08-02 02:31:36 미매칭수량=1968.00000000 orderID=61389681657 tradeID=None
[진입유실 방지 자동보정] SHORT 1000PEPE/USDT:USDT exit=2026-08-02 02:52:29 미매칭수량=1969.00000000 orderID=61390079427 tradeID=None
[진입유실 방지 자동보정] SHORT 1000PEPE/USDT:USDT exit=2026-08-02 09:25:39 미매칭수량=7585.00000000 orderID=61394822102 tradeID=None
[진입유실 방지 자동보정] SHORT IDOL/USDT:USDT exit=2026-08-02 10:17:17 미매칭수량=445.00000000 orderID=523897304 tradeID=None
[ENTRY BLOCK] HOME/USDT:USDT — trader disabled
[BNB/USDT:USDT] 래칫 위반 시도 차단 (Long): old=581.6057621174352 -> new=581.5820973574351
[ENTRY BLOCK] CL/USDT:USDT — trader disabled
[ENTRY BLOCK] HOME/USDT:USDT — trader disabled
[진입유실 방지 자동보정] LONG 1000SHIB/USDT:USDT exit=2026-07-27 04:30:21 미매칭수량=2189.00000000 orderID=31388901395 tradeID=None
[진입유실 방지 자동보정] SHORT 1000SHIB/USDT:USDT exit=2026-07-27 07:36:19 미매칭수량=1348.00000000 orderID=31393184616 tradeID=None
[진입유실 방지 자동보정] SHORT 1000SHIB/USDT:USDT exit=2026-07-27 11:51:02 미매칭수량=1844.00000000 orderID=31400541745 tradeID=None
[진입유실 방지 자동보정] SHORT 1000SHIB/USDT:USDT exit=2026-07-28 06:12:27 미매칭수량=2192.00000000 orderID=31421063023 tradeID=None
[진입유실 방지 자동보정] SHORT 1000SHIB/USDT:USDT exit=2026-08-02 01:13:53 미매칭수량=1073.00000000 orderID=31502817166 tradeID=None
[진입유실 방지 자동보정] SHORT 1000SHIB/USDT:USDT exit=2026-08-02 02:01:20 미매칭수량=1074.00000000 orderID=31504220662 tradeID=None
[진입유실 방지 자동보정] SHORT 1000SHIB/USDT:USDT exit=2026-08-02 09:45:32 미매칭수량=2285.00000000 orderID=31510623049 tradeID=None
[진입유실 방지 자동보정] SHORT 1000SHIB/USDT:USDT exit=2026-08-02 10:35:19 미매칭수량=2280.00000000 orderID=31511192196 tradeID=None
[진입유실 방지 자동보정] LONG DOGE/USDT:USDT exit=2026-07-28 09:50:41 미매칭수량=163.00000000 orderID=100915175009 tradeID=None
[진입유실 방지 자동보정] SHORT DOGE/USDT:USDT exit=2026-07-28 20:36:48 미매칭수량=357.00000000 orderID=100925180835 tradeID=None
[진입유실 방지 자동보정] SHORT DOGE/USDT:USDT exit=2026-07-28 23:00:41 미매칭수량=286.00000000 orderID=100927596061 tradeID=None
[진입유실 방지 자동보정] SHORT DOGE/USDT:USDT exit=2026-07-30 20:51:14 미매칭수량=345.00000000 orderID=100976583122 tradeID=None
[진입유실 방지 자동보정] SHORT DOGE/USDT:USDT exit=2026-07-31 10:01:31 미매칭수량=334.00000000 orderID=100988356319 tradeID=None
[진입유실 방지 자동보정] SHORT DOGE/USDT:USDT exit=2026-08-01 18:02:18 미매칭수량=306.00000000 orderID=101015266902 tradeID=None
[진입유실 방지 자동보정] LONG DOGE/USDT:USDT exit=2026-08-02 11:07:47 미매칭수량=259.00000000 orderID=101028099752 tradeID=None
[진입유실 방지 자동보정] SHORT SOL/USDT:USDT exit=2026-07-29 22:32:08 미매칭수량=0.26000000 orderID=229957663104 tradeID=None
[진입유실 방지 자동보정] LONG SOL/USDT:USDT exit=2026-07-30 02:59:19 미매칭수량=0.33000000 orderID=229996023316 tradeID=None
[진입유실 방지 자동보정] LONG SOL/USDT:USDT exit=2026-07-30 03:32:08 미매칭수량=0.27000000 orderID=230002018782 tradeID=None
[진입유실 방지 자동보정] SHORT SOL/USDT:USDT exit=2026-07-30 20:09:26 미매칭수량=0.32000000 orderID=230154249399 tradeID=None
[진입유실 방지 자동보정] SHORT SOL/USDT:USDT exit=2026-07-30 20:37:48 미매칭수량=0.32000000 orderID=230157644550 tradeID=None
[진입유실 방지 자동보정] SHORT SOL/USDT:USDT exit=2026-08-01 10:32:26 미매칭수량=0.29000000 orderID=230440972735 tradeID=None
[진입유실 방지 자동보정] LONG SOL/USDT:USDT exit=2026-08-02 01:55:54 미매칭수량=0.25000000 orderID=230506472518 tradeID=None
[진입유실 방지 자동보정] LONG SOL/USDT:USDT exit=2026-08-02 03:24:55 미매칭수량=0.20000000 orderID=230517041657 tradeID=None
[진입유실 방지 자동보정] LONG XRP/USDT:USDT exit=2026-07-30 03:32:09 미매칭수량=14.70000000 orderID=154591436270 tradeID=None
[진입유실 방지 자동보정] LONG XRP/USDT:USDT exit=2026-07-30 08:06:13 미매칭수량=18.50000000 orderID=154605732461 tradeID=None
[진입유실 방지 자동보정] LONG XRP/USDT:USDT exit=2026-07-30 22:11:04 미매칭수량=17.50000000 orderID=154637963852 tradeID=None
[진입유실 방지 자동보정] SHORT XRP/USDT:USDT exit=2026-07-31 15:18:55 미매칭수량=28.50000000 orderID=154681353788 tradeID=None
[진입유실 방지 자동보정] LONG XRP/USDT:USDT exit=2026-08-02 07:48:27 미매칭수량=6.70000000 orderID=154765042288 tradeID=None
[진입유실 방지 자동보정] LONG XRP/USDT:USDT exit=2026-08-02 08:25:19 미매칭수량=6.70000000 orderID=154766072211 tradeID=None
[진입유실 방지 자동보정] LONG XRP/USDT:USDT exit=2026-08-02 11:07:15 미매칭수량=16.80000000 orderID=154770811661 tradeID=None
[진입유실 방지 자동보정] SHORT 1000PEPE/USDT:USDT exit=2026-08-02 02:31:36 미매칭수량=1968.00000000 orderID=61389681657 tradeID=None
[진입유실 방지 자동보정] SHORT 1000PEPE/USDT:USDT exit=2026-08-02 02:52:29 미매칭수량=1969.00000000 orderID=61390079427 tradeID=None
[진입유실 방지 자동보정] SHORT 1000PEPE/USDT:USDT exit=2026-08-02 09:25:39 미매칭수량=7585.00000000 orderID=61394822102 tradeID=None
[진입유실 방지 자동보정] SHORT IDOL/USDT:USDT exit=2026-08-02 10:17:17 미매칭수량=445.00000000 orderID=523897304 tradeID=None
[ENTRY BLOCK] CL/USDT:USDT — trader disabled
[ENTRY BLOCK] HOME/USDT:USDT — trader disabled
[ENTRY BLOCK] CL/USDT:USDT — trader disabled
[ENTRY BLOCK] HOME/USDT:USDT — trader disabled
[진입유실 방지 자동보정] LONG 1000SHIB/USDT:USDT exit=2026-07-27 04:30:21 미매칭수량=2189.00000000 orderID=31388901395 tradeID=None
[진입유실 방지 자동보정] SHORT 1000SHIB/USDT:USDT exit=2026-07-27 07:36:19 미매칭수량=1348.00000000 orderID=31393184616 tradeID=None
[진입유실 방지 자동보정] SHORT 1000SHIB/USDT:USDT exit=2026-07-27 11:51:02 미매칭수량=1844.00000000 orderID=31400541745 tradeID=None
[진입유실 방지 자동보정] SHORT 1000SHIB/USDT:USDT exit=2026-07-28 06:12:27 미매칭수량=2192.00000000 orderID=31421063023 tradeID=None
[진입유실 방지 자동보정] SHORT 1000SHIB/USDT:USDT exit=2026-08-02 01:13:53 미매칭수량=1073.00000000 orderID=31502817166 tradeID=None
[진입유실 방지 자동보정] SHORT 1000SHIB/USDT:USDT exit=2026-08-02 02:01:20 미매칭수량=1074.00000000 orderID=31504220662 tradeID=None
[진입유실 방지 자동보정] SHORT 1000SHIB/USDT:USDT exit=2026-08-02 09:45:32 미매칭수량=2285.00000000 orderID=31510623049 tradeID=None
[진입유실 방지 자동보정] SHORT 1000SHIB/USDT:USDT exit=2026-08-02 10:35:19 미매칭수량=2280.00000000 orderID=31511192196 tradeID=None
[진입유실 방지 자동보정] LONG DOGE/USDT:USDT exit=2026-07-28 09:50:41 미매칭수량=163.00000000 orderID=100915175009 tradeID=None
[진입유실 방지 자동보정] SHORT DOGE/USDT:USDT exit=2026-07-28 20:36:48 미매칭수량=357.00000000 orderID=100925180835 tradeID=None
[진입유실 방지 자동보정] SHORT DOGE/USDT:USDT exit=2026-07-28 23:00:41 미매칭수량=286.00000000 orderID=100927596061 tradeID=None
[진입유실 방지 자동보정] SHORT DOGE/USDT:USDT exit=2026-07-30 20:51:14 미매칭수량=345.00000000 orderID=100976583122 tradeID=None
[진입유실 방지 자동보정] SHORT DOGE/USDT:USDT exit=2026-07-31 10:01:31 미매칭수량=334.00000000 orderID=100988356319 tradeID=None
[진입유실 방지 자동보정] SHORT DOGE/USDT:USDT exit=2026-08-01 18:02:18 미매칭수량=306.00000000 orderID=101015266902 tradeID=None
[진입유실 방지 자동보정] LONG DOGE/USDT:USDT exit=2026-08-02 11:07:47 미매칭수량=259.00000000 orderID=101028099752 tradeID=None
[진입유실 방지 자동보정] SHORT SOL/USDT:USDT exit=2026-07-29 22:32:08 미매칭수량=0.26000000 orderID=229957663104 tradeID=None
[진입유실 방지 자동보정] LONG SOL/USDT:USDT exit=2026-07-30 02:59:19 미매칭수량=0.33000000 orderID=229996023316 tradeID=None
[진입유실 방지 자동보정] LONG SOL/USDT:USDT exit=2026-07-30 03:32:08 미매칭수량=0.27000000 orderID=230002018782 tradeID=None
[진입유실 방지 자동보정] SHORT SOL/USDT:USDT exit=2026-07-30 20:09:26 미매칭수량=0.32000000 orderID=230154249399 tradeID=None
[진입유실 방지 자동보정] SHORT SOL/USDT:USDT exit=2026-07-30 20:37:48 미매칭수량=0.32000000 orderID=230157644550 tradeID=None
[진입유실 방지 자동보정] SHORT SOL/USDT:USDT exit=2026-08-01 10:32:26 미매칭수량=0.29000000 orderID=230440972735 tradeID=None
[진입유실 방지 자동보정] LONG SOL/USDT:USDT exit=2026-08-02 01:55:54 미매칭수량=0.25000000 orderID=230506472518 tradeID=None
[진입유실 방지 자동보정] LONG SOL/USDT:USDT exit=2026-08-02 03:24:55 미매칭수량=0.20000000 orderID=230517041657 tradeID=None
[진입유실 방지 자동보정] LONG XRP/USDT:USDT exit=2026-07-30 03:32:09 미매칭수량=14.70000000 orderID=154591436270 tradeID=None
[진입유실 방지 자동보정] LONG XRP/USDT:USDT exit=2026-07-30 08:06:13 미매칭수량=18.50000000 orderID=154605732461 tradeID=None
[진입유실 방지 자동보정] LONG XRP/USDT:USDT exit=2026-07-30 22:11:04 미매칭수량=17.50000000 orderID=154637963852 tradeID=None
[진입유실 방지 자동보정] SHORT XRP/USDT:USDT exit=2026-07-31 15:18:55 미매칭수량=28.50000000 orderID=154681353788 tradeID=None
[진입유실 방지 자동보정] LONG XRP/USDT:USDT exit=2026-08-02 07:48:27 미매칭수량=6.70000000 orderID=154765042288 tradeID=None
[진입유실 방지 자동보정] LONG XRP/USDT:USDT exit=2026-08-02 08:25:19 미매칭수량=6.70000000 orderID=154766072211 tradeID=None
[진입유실 방지 자동보정] LONG XRP/USDT:USDT exit=2026-08-02 11:07:15 미매칭수량=16.80000000 orderID=154770811661 tradeID=None
[진입유실 방지 자동보정] SHORT 1000PEPE/USDT:USDT exit=2026-08-02 02:31:36 미매칭수량=1968.00000000 orderID=61389681657 tradeID=None
[진입유실 방지 자동보정] SHORT 1000PEPE/USDT:USDT exit=2026-08-02 02:52:29 미매칭수량=1969.00000000 orderID=61390079427 tradeID=None
[진입유실 방지 자동보정] SHORT 1000PEPE/USDT:USDT exit=2026-08-02 09:25:39 미매칭수량=7585.00000000 orderID=61394822102 tradeID=None
[진입유실 방지 자동보정] SHORT IDOL/USDT:USDT exit=2026-08-02 10:17:17 미매칭수량=445.00000000 orderID=523897304 tradeID=None
[ENTRY BLOCK] CL/USDT:USDT — trader disabled
[ENTRY BLOCK] HOME/USDT:USDT — trader disabled
[HOME/USDT:USDT] 래칫 위반 시도 차단 (Long): old=0.0077348145655576446 -> new=0.007718444565557645
[ENTRY BLOCK] CL/USDT:USDT — trader disabled
[ENTRY BLOCK] HOME/USDT:USDT — trader disabled
[HOME/USDT:USDT] 래칫 위반 시도 차단 (Long): old=0.0077348145655576446 -> new=0.007718444565557645
[진입유실 방지 자동보정] LONG 1000SHIB/USDT:USDT exit=2026-07-27 04:30:21 미매칭수량=2189.00000000 orderID=31388901395 tradeID=None
[진입유실 방지 자동보정] SHORT 1000SHIB/USDT:USDT exit=2026-07-27 07:36:19 미매칭수량=1348.00000000 orderID=31393184616 tradeID=None
[진입유실 방지 자동보정] SHORT 1000SHIB/USDT:USDT exit=2026-07-27 11:51:02 미매칭수량=1844.00000000 orderID=31400541745 tradeID=None
[진입유실 방지 자동보정] SHORT 1000SHIB/USDT:USDT exit=2026-07-28 06:12:27 미매칭수량=2192.00000000 orderID=31421063023 tradeID=None
[진입유실 방지 자동보정] SHORT 1000SHIB/USDT:USDT exit=2026-08-02 01:13:53 미매칭수량=1073.00000000 orderID=31502817166 tradeID=None
[진입유실 방지 자동보정] SHORT 1000SHIB/USDT:USDT exit=2026-08-02 02:01:20 미매칭수량=1074.00000000 orderID=31504220662 tradeID=None
[진입유실 방지 자동보정] SHORT 1000SHIB/USDT:USDT exit=2026-08-02 09:45:32 미매칭수량=2285.00000000 orderID=31510623049 tradeID=None
[진입유실 방지 자동보정] SHORT 1000SHIB/USDT:USDT exit=2026-08-02 10:35:19 미매칭수량=2280.00000000 orderID=31511192196 tradeID=None
[진입유실 방지 자동보정] LONG DOGE/USDT:USDT exit=2026-07-28 09:50:41 미매칭수량=163.00000000 orderID=100915175009 tradeID=None
[진입유실 방지 자동보정] SHORT DOGE/USDT:USDT exit=2026-07-28 20:36:48 미매칭수량=357.00000000 orderID=100925180835 tradeID=None
[진입유실 방지 자동보정] SHORT DOGE/USDT:USDT exit=2026-07-28 23:00:41 미매칭수량=286.00000000 orderID=100927596061 tradeID=None
[진입유실 방지 자동보정] SHORT DOGE/USDT:USDT exit=2026-07-30 20:51:14 미매칭수량=345.00000000 orderID=100976583122 tradeID=None
[진입유실 방지 자동보정] SHORT DOGE/USDT:USDT exit=2026-07-31 10:01:31 미매칭수량=334.00000000 orderID=100988356319 tradeID=None
[진입유실 방지 자동보정] SHORT DOGE/USDT:USDT exit=2026-08-01 18:02:18 미매칭수량=306.00000000 orderID=101015266902 tradeID=None
[진입유실 방지 자동보정] LONG DOGE/USDT:USDT exit=2026-08-02 11:07:47 미매칭수량=259.00000000 orderID=101028099752 tradeID=None
[진입유실 방지 자동보정] SHORT SOL/USDT:USDT exit=2026-07-29 22:32:08 미매칭수량=0.26000000 orderID=229957663104 tradeID=None
[진입유실 방지 자동보정] LONG SOL/USDT:USDT exit=2026-07-30 02:59:19 미매칭수량=0.33000000 orderID=229996023316 tradeID=None
[진입유실 방지 자동보정] LONG SOL/USDT:USDT exit=2026-07-30 03:32:08 미매칭수량=0.27000000 orderID=230002018782 tradeID=None
[진입유실 방지 자동보정] SHORT SOL/USDT:USDT exit=2026-07-30 20:09:26 미매칭수량=0.32000000 orderID=230154249399 tradeID=None
[진입유실 방지 자동보정] SHORT SOL/USDT:USDT exit=2026-07-30 20:37:48 미매칭수량=0.32000000 orderID=230157644550 tradeID=None
[진입유실 방지 자동보정] SHORT SOL/USDT:USDT exit=2026-08-01 10:32:26 미매칭수량=0.29000000 orderID=230440972735 tradeID=None
[진입유실 방지 자동보정] LONG SOL/USDT:USDT exit=2026-08-02 01:55:54 미매칭수량=0.25000000 orderID=230506472518 tradeID=None
[진입유실 방지 자동보정] LONG SOL/USDT:USDT exit=2026-08-02 03:24:55 미매칭수량=0.20000000 orderID=230517041657 tradeID=None
[진입유실 방지 자동보정] LONG XRP/USDT:USDT exit=2026-07-30 03:32:09 미매칭수량=14.70000000 orderID=154591436270 tradeID=None
[진입유실 방지 자동보정] LONG XRP/USDT:USDT exit=2026-07-30 08:06:13 미매칭수량=18.50000000 orderID=154605732461 tradeID=None
[진입유실 방지 자동보정] LONG XRP/USDT:USDT exit=2026-07-30 22:11:04 미매칭수량=17.50000000 orderID=154637963852 tradeID=None
[진입유실 방지 자동보정] SHORT XRP/USDT:USDT exit=2026-07-31 15:18:55 미매칭수량=28.50000000 orderID=154681353788 tradeID=None
[진입유실 방지 자동보정] LONG XRP/USDT:USDT exit=2026-08-02 07:48:27 미매칭수량=6.70000000 orderID=154765042288 tradeID=None
[진입유실 방지 자동보정] LONG XRP/USDT:USDT exit=2026-08-02 08:25:19 미매칭수량=6.70000000 orderID=154766072211 tradeID=None
[진입유실 방지 자동보정] LONG XRP/USDT:USDT exit=2026-08-02 11:07:15 미매칭수량=16.80000000 orderID=154770811661 tradeID=None
[진입유실 방지 자동보정] SHORT 1000PEPE/USDT:USDT exit=2026-08-02 02:31:36 미매칭수량=1968.00000000 orderID=61389681657 tradeID=None
[진입유실 방지 자동보정] SHORT 1000PEPE/USDT:USDT exit=2026-08-02 02:52:29 미매칭수량=1969.00000000 orderID=61390079427 tradeID=None
[진입유실 방지 자동보정] SHORT 1000PEPE/USDT:USDT exit=2026-08-02 09:25:39 미매칭수량=7585.00000000 orderID=61394822102 tradeID=None
[진입유실 방지 자동보정] SHORT IDOL/USDT:USDT exit=2026-08-02 10:17:17 미매칭수량=445.00000000 orderID=523897304 tradeID=None
[진입유실 방지 자동보정] LONG 1000SHIB/USDT:USDT exit=2026-07-27 04:30:21 미매칭수량=2189.00000000 orderID=31388901395 tradeID=None
[진입유실 방지 자동보정] SHORT 1000SHIB/USDT:USDT exit=2026-07-27 07:36:19 미매칭수량=1348.00000000 orderID=31393184616 tradeID=None
[진입유실 방지 자동보정] SHORT 1000SHIB/USDT:USDT exit=2026-07-27 11:51:02 미매칭수량=1844.00000000 orderID=31400541745 tradeID=None
[진입유실 방지 자동보정] SHORT 1000SHIB/USDT:USDT exit=2026-07-28 06:12:27 미매칭수량=2192.00000000 orderID=31421063023 tradeID=None
[진입유실 방지 자동보정] SHORT 1000SHIB/USDT:USDT exit=2026-08-02 01:13:53 미매칭수량=1073.00000000 orderID=31502817166 tradeID=None
[진입유실 방지 자동보정] SHORT 1000SHIB/USDT:USDT exit=2026-08-02 02:01:20 미매칭수량=1074.00000000 orderID=31504220662 tradeID=None
[진입유실 방지 자동보정] SHORT 1000SHIB/USDT:USDT exit=2026-08-02 09:45:32 미매칭수량=2285.00000000 orderID=31510623049 tradeID=None
[진입유실 방지 자동보정] SHORT 1000SHIB/USDT:USDT exit=2026-08-02 10:35:19 미매칭수량=2280.00000000 orderID=31511192196 tradeID=None
[진입유실 방지 자동보정] LONG DOGE/USDT:USDT exit=2026-07-28 09:50:41 미매칭수량=163.00000000 orderID=100915175009 tradeID=None
[진입유실 방지 자동보정] SHORT DOGE/USDT:USDT exit=2026-07-28 20:36:48 미매칭수량=357.00000000 orderID=100925180835 tradeID=None
[진입유실 방지 자동보정] SHORT DOGE/USDT:USDT exit=2026-07-28 23:00:41 미매칭수량=286.00000000 orderID=100927596061 tradeID=None
[진입유실 방지 자동보정] SHORT DOGE/USDT:USDT exit=2026-07-30 20:51:14 미매칭수량=345.00000000 orderID=100976583122 tradeID=None
[진입유실 방지 자동보정] SHORT DOGE/USDT:USDT exit=2026-07-31 10:01:31 미매칭수량=334.00000000 orderID=100988356319 tradeID=None
[진입유실 방지 자동보정] SHORT DOGE/USDT:USDT exit=2026-08-01 18:02:18 미매칭수량=306.00000000 orderID=101015266902 tradeID=None
[진입유실 방지 자동보정] LONG DOGE/USDT:USDT exit=2026-08-02 11:07:47 미매칭수량=259.00000000 orderID=101028099752 tradeID=None
[진입유실 방지 자동보정] SHORT SOL/USDT:USDT exit=2026-07-29 22:32:08 미매칭수량=0.26000000 orderID=229957663104 tradeID=None
[진입유실 방지 자동보정] LONG SOL/USDT:USDT exit=2026-07-30 02:59:19 미매칭수량=0.33000000 orderID=229996023316 tradeID=None
[진입유실 방지 자동보정] LONG SOL/USDT:USDT exit=2026-07-30 03:32:08 미매칭수량=0.27000000 orderID=230002018782 tradeID=None
[진입유실 방지 자동보정] SHORT SOL/USDT:USDT exit=2026-07-30 20:09:26 미매칭수량=0.32000000 orderID=230154249399 tradeID=None
[진입유실 방지 자동보정] SHORT SOL/USDT:USDT exit=2026-07-30 20:37:48 미매칭수량=0.32000000 orderID=230157644550 tradeID=None
[진입유실 방지 자동보정] SHORT SOL/USDT:USDT exit=2026-08-01 10:32:26 미매칭수량=0.29000000 orderID=230440972735 tradeID=None
[진입유실 방지 자동보정] LONG SOL/USDT:USDT exit=2026-08-02 01:55:54 미매칭수량=0.25000000 orderID=230506472518 tradeID=None
[진입유실 방지 자동보정] LONG SOL/USDT:USDT exit=2026-08-02 03:24:55 미매칭수량=0.20000000 orderID=230517041657 tradeID=None
[진입유실 방지 자동보정] LONG XRP/USDT:USDT exit=2026-07-30 03:32:09 미매칭수량=14.70000000 orderID=154591436270 tradeID=None
[진입유실 방지 자동보정] LONG XRP/USDT:USDT exit=2026-07-30 08:06:13 미매칭수량=18.50000000 orderID=154605732461 tradeID=None
[진입유실 방지 자동보정] LONG XRP/USDT:USDT exit=2026-07-30 22:11:04 미매칭수량=17.50000000 orderID=154637963852 tradeID=None
[진입유실 방지 자동보정] SHORT XRP/USDT:USDT exit=2026-07-31 15:18:55 미매칭수량=28.50000000 orderID=154681353788 tradeID=None
[진입유실 방지 자동보정] LONG XRP/USDT:USDT exit=2026-08-02 07:48:27 미매칭수량=6.70000000 orderID=154765042288 tradeID=None
[진입유실 방지 자동보정] LONG XRP/USDT:USDT exit=2026-08-02 08:25:19 미매칭수량=6.70000000 orderID=154766072211 tradeID=None
[진입유실 방지 자동보정] LONG XRP/USDT:USDT exit=2026-08-02 11:07:15 미매칭수량=16.80000000 orderID=154770811661 tradeID=None
[진입유실 방지 자동보정] SHORT 1000PEPE/USDT:USDT exit=2026-08-02 02:31:36 미매칭수량=1968.00000000 orderID=61389681657 tradeID=None
[진입유실 방지 자동보정] SHORT 1000PEPE/USDT:USDT exit=2026-08-02 02:52:29 미매칭수량=1969.00000000 orderID=61390079427 tradeID=None
[진입유실 방지 자동보정] SHORT 1000PEPE/USDT:USDT exit=2026-08-02 09:25:39 미매칭수량=7585.00000000 orderID=61394822102 tradeID=None
[진입유실 방지 자동보정] SHORT IDOL/USDT:USDT exit=2026-08-02 10:17:17 미매칭수량=445.00000000 orderID=523897304 tradeID=None
[ENTRY BLOCK] CL/USDT:USDT — trader disabled
[진입유실 방지 자동보정] LONG 1000SHIB/USDT:USDT exit=2026-07-27 04:30:21 미매칭수량=2189.00000000 orderID=31388901395 tradeID=None
[진입유실 방지 자동보정] SHORT 1000SHIB/USDT:USDT exit=2026-07-27 07:36:19 미매칭수량=1348.00000000 orderID=31393184616 tradeID=None
[진입유실 방지 자동보정] SHORT 1000SHIB/USDT:USDT exit=2026-07-27 11:51:02 미매칭수량=1844.00000000 orderID=31400541745 tradeID=None
[진입유실 방지 자동보정] SHORT 1000SHIB/USDT:USDT exit=2026-07-28 06:12:27 미매칭수량=2192.00000000 orderID=31421063023 tradeID=None
[진입유실 방지 자동보정] SHORT 1000SHIB/USDT:USDT exit=2026-08-02 01:13:53 미매칭수량=1073.00000000 orderID=31502817166 tradeID=None
[진입유실 방지 자동보정] SHORT 1000SHIB/USDT:USDT exit=2026-08-02 02:01:20 미매칭수량=1074.00000000 orderID=31504220662 tradeID=None
[진입유실 방지 자동보정] SHORT 1000SHIB/USDT:USDT exit=2026-08-02 09:45:32 미매칭수량=2285.00000000 orderID=31510623049 tradeID=None
[진입유실 방지 자동보정] SHORT 1000SHIB/USDT:USDT exit=2026-08-02 10:35:19 미매칭수량=2280.00000000 orderID=31511192196 tradeID=None
[진입유실 방지 자동보정] LONG DOGE/USDT:USDT exit=2026-07-28 09:50:41 미매칭수량=163.00000000 orderID=100915175009 tradeID=None
[진입유실 방지 자동보정] SHORT DOGE/USDT:USDT exit=2026-07-28 20:36:48 미매칭수량=357.00000000 orderID=100925180835 tradeID=None
[진입유실 방지 자동보정] SHORT DOGE/USDT:USDT exit=2026-07-28 23:00:41 미매칭수량=286.00000000 orderID=100927596061 tradeID=None
[진입유실 방지 자동보정] SHORT DOGE/USDT:USDT exit=2026-07-30 20:51:14 미매칭수량=345.00000000 orderID=100976583122 tradeID=None
[진입유실 방지 자동보정] SHORT DOGE/USDT:USDT exit=2026-07-31 10:01:31 미매칭수량=334.00000000 orderID=100988356319 tradeID=None
[진입유실 방지 자동보정] SHORT DOGE/USDT:USDT exit=2026-08-01 18:02:18 미매칭수량=306.00000000 orderID=101015266902 tradeID=None
[진입유실 방지 자동보정] LONG DOGE/USDT:USDT exit=2026-08-02 11:07:47 미매칭수량=259.00000000 orderID=101028099752 tradeID=None
[진입유실 방지 자동보정] SHORT SOL/USDT:USDT exit=2026-07-29 22:32:08 미매칭수량=0.26000000 orderID=229957663104 tradeID=None
[진입유실 방지 자동보정] LONG SOL/USDT:USDT exit=2026-07-30 02:59:19 미매칭수량=0.33000000 orderID=229996023316 tradeID=None
[진입유실 방지 자동보정] LONG SOL/USDT:USDT exit=2026-07-30 03:32:08 미매칭수량=0.27000000 orderID=230002018782 tradeID=None
[진입유실 방지 자동보정] SHORT SOL/USDT:USDT exit=2026-07-30 20:09:26 미매칭수량=0.32000000 orderID=230154249399 tradeID=None
[진입유실 방지 자동보정] SHORT SOL/USDT:USDT exit=2026-07-30 20:37:48 미매칭수량=0.32000000 orderID=230157644550 tradeID=None
[진입유실 방지 자동보정] SHORT SOL/USDT:USDT exit=2026-08-01 10:32:26 미매칭수량=0.29000000 orderID=230440972735 tradeID=None
[진입유실 방지 자동보정] LONG SOL/USDT:USDT exit=2026-08-02 01:55:54 미매칭수량=0.25000000 orderID=230506472518 tradeID=None
[진입유실 방지 자동보정] LONG SOL/USDT:USDT exit=2026-08-02 03:24:55 미매칭수량=0.20000000 orderID=230517041657 tradeID=None
[진입유실 방지 자동보정] LONG XRP/USDT:USDT exit=2026-07-30 03:32:09 미매칭수량=14.70000000 orderID=154591436270 tradeID=None
[진입유실 방지 자동보정] LONG XRP/USDT:USDT exit=2026-07-30 08:06:13 미매칭수량=18.50000000 orderID=154605732461 tradeID=None
[진입유실 방지 자동보정] LONG XRP/USDT:USDT exit=2026-07-30 22:11:04 미매칭수량=17.50000000 orderID=154637963852 tradeID=None
[진입유실 방지 자동보정] SHORT XRP/USDT:USDT exit=2026-07-31 15:18:55 미매칭수량=28.50000000 orderID=154681353788 tradeID=None
[진입유실 방지 자동보정] LONG XRP/USDT:USDT exit=2026-08-02 07:48:27 미매칭수량=6.70000000 orderID=154765042288 tradeID=None
[진입유실 방지 자동보정] LONG XRP/USDT:USDT exit=2026-08-02 08:25:19 미매칭수량=6.70000000 orderID=154766072211 tradeID=None
[진입유실 방지 자동보정] LONG XRP/USDT:USDT exit=2026-08-02 11:07:15 미매칭수량=16.80000000 orderID=154770811661 tradeID=None
[진입유실 방지 자동보정] SHORT 1000PEPE/USDT:USDT exit=2026-08-02 02:31:36 미매칭수량=1968.00000000 orderID=61389681657 tradeID=None
[진입유실 방지 자동보정] SHORT 1000PEPE/USDT:USDT exit=2026-08-02 02:52:29 미매칭수량=1969.00000000 orderID=61390079427 tradeID=None
[진입유실 방지 자동보정] SHORT 1000PEPE/USDT:USDT exit=2026-08-02 09:25:39 미매칭수량=7585.00000000 orderID=61394822102 tradeID=None
[진입유실 방지 자동보정] SHORT IDOL/USDT:USDT exit=2026-08-02 10:17:17 미매칭수량=445.00000000 orderID=523897304 tradeID=None
[ENTRY BLOCK] HOME/USDT:USDT — trader disabled
[HOME/USDT:USDT] 래칫 위반 시도 차단 (Long): old=0.0077348145655576446 -> new=0.007718444565557645
[진입유실 방지 자동보정] LONG 1000SHIB/USDT:USDT exit=2026-07-27 04:30:21 미매칭수량=2189.00000000 orderID=31388901395 tradeID=None
[진입유실 방지 자동보정] SHORT 1000SHIB/USDT:USDT exit=2026-07-27 07:36:19 미매칭수량=1348.00000000 orderID=31393184616 tradeID=None
[진입유실 방지 자동보정] SHORT 1000SHIB/USDT:USDT exit=2026-07-27 11:51:02 미매칭수량=1844.00000000 orderID=31400541745 tradeID=None
[진입유실 방지 자동보정] SHORT 1000SHIB/USDT:USDT exit=2026-07-28 06:12:27 미매칭수량=2192.00000000 orderID=31421063023 tradeID=None
[진입유실 방지 자동보정] SHORT 1000SHIB/USDT:USDT exit=2026-08-02 01:13:53 미매칭수량=1073.00000000 orderID=31502817166 tradeID=None
[진입유실 방지 자동보정] SHORT 1000SHIB/USDT:USDT exit=2026-08-02 02:01:20 미매칭수량=1074.00000000 orderID=31504220662 tradeID=None
[진입유실 방지 자동보정] SHORT 1000SHIB/USDT:USDT exit=2026-08-02 09:45:32 미매칭수량=2285.00000000 orderID=31510623049 tradeID=None
[진입유실 방지 자동보정] SHORT 1000SHIB/USDT:USDT exit=2026-08-02 10:35:19 미매칭수량=2280.00000000 orderID=31511192196 tradeID=None
[진입유실 방지 자동보정] LONG DOGE/USDT:USDT exit=2026-07-28 09:50:41 미매칭수량=163.00000000 orderID=100915175009 tradeID=None
[진입유실 방지 자동보정] SHORT DOGE/USDT:USDT exit=2026-07-28 20:36:48 미매칭수량=357.00000000 orderID=100925180835 tradeID=None
[진입유실 방지 자동보정] SHORT DOGE/USDT:USDT exit=2026-07-28 23:00:41 미매칭수량=286.00000000 orderID=100927596061 tradeID=None
[진입유실 방지 자동보정] SHORT DOGE/USDT:USDT exit=2026-07-30 20:51:14 미매칭수량=345.00000000 orderID=100976583122 tradeID=None
[진입유실 방지 자동보정] SHORT DOGE/USDT:USDT exit=2026-07-31 10:01:31 미매칭수량=334.00000000 orderID=100988356319 tradeID=None
[진입유실 방지 자동보정] SHORT DOGE/USDT:USDT exit=2026-08-01 18:02:18 미매칭수량=306.00000000 orderID=101015266902 tradeID=None
[진입유실 방지 자동보정] LONG DOGE/USDT:USDT exit=2026-08-02 11:07:47 미매칭수량=259.00000000 orderID=101028099752 tradeID=None
[진입유실 방지 자동보정] SHORT SOL/USDT:USDT exit=2026-07-29 22:32:08 미매칭수량=0.26000000 orderID=229957663104 tradeID=None
[진입유실 방지 자동보정] LONG SOL/USDT:USDT exit=2026-07-30 02:59:19 미매칭수량=0.33000000 orderID=229996023316 tradeID=None
[진입유실 방지 자동보정] LONG SOL/USDT:USDT exit=2026-07-30 03:32:08 미매칭수량=0.27000000 orderID=230002018782 tradeID=None
[진입유실 방지 자동보정] SHORT SOL/USDT:USDT exit=2026-07-30 20:09:26 미매칭수량=0.32000000 orderID=230154249399 tradeID=None
[진입유실 방지 자동보정] SHORT SOL/USDT:USDT exit=2026-07-30 20:37:48 미매칭수량=0.32000000 orderID=230157644550 tradeID=None
[진입유실 방지 자동보정] SHORT SOL/USDT:USDT exit=2026-08-01 10:32:26 미매칭수량=0.29000000 orderID=230440972735 tradeID=None
[진입유실 방지 자동보정] LONG SOL/USDT:USDT exit=2026-08-02 01:55:54 미매칭수량=0.25000000 orderID=230506472518 tradeID=None
[진입유실 방지 자동보정] LONG SOL/USDT:USDT exit=2026-08-02 03:24:55 미매칭수량=0.20000000 orderID=230517041657 tradeID=None
[진입유실 방지 자동보정] LONG XRP/USDT:USDT exit=2026-07-30 03:32:09 미매칭수량=14.70000000 orderID=154591436270 tradeID=None
[진입유실 방지 자동보정] LONG XRP/USDT:USDT exit=2026-07-30 08:06:13 미매칭수량=18.50000000 orderID=154605732461 tradeID=None
[진입유실 방지 자동보정] LONG XRP/USDT:USDT exit=2026-07-30 22:11:04 미매칭수량=17.50000000 orderID=154637963852 tradeID=None
[진입유실 방지 자동보정] SHORT XRP/USDT:USDT exit=2026-07-31 15:18:55 미매칭수량=28.50000000 orderID=154681353788 tradeID=None
[진입유실 방지 자동보정] LONG XRP/USDT:USDT exit=2026-08-02 07:48:27 미매칭수량=6.70000000 orderID=154765042288 tradeID=None
[진입유실 방지 자동보정] LONG XRP/USDT:USDT exit=2026-08-02 08:25:19 미매칭수량=6.70000000 orderID=154766072211 tradeID=None
[진입유실 방지 자동보정] LONG XRP/USDT:USDT exit=2026-08-02 11:07:15 미매칭수량=16.80000000 orderID=154770811661 tradeID=None
[진입유실 방지 자동보정] SHORT 1000PEPE/USDT:USDT exit=2026-08-02 02:31:36 미매칭수량=1968.00000000 orderID=61389681657 tradeID=None
[진입유실 방지 자동보정] SHORT 1000PEPE/USDT:USDT exit=2026-08-02 02:52:29 미매칭수량=1969.00000000 orderID=61390079427 tradeID=None
[진입유실 방지 자동보정] SHORT 1000PEPE/USDT:USDT exit=2026-08-02 09:25:39 미매칭수량=7585.00000000 orderID=61394822102 tradeID=None
[진입유실 방지 자동보정] SHORT IDOL/USDT:USDT exit=2026-08-02 10:17:17 미매칭수량=445.00000000 orderID=523897304 tradeID=None
[ENTRY BLOCK] CL/USDT:USDT — trader disabled
[진입유실 방지 자동보정] LONG 1000SHIB/USDT:USDT exit=2026-07-27 04:30:21 미매칭수량=2189.00000000 orderID=31388901395 tradeID=None
[진입유실 방지 자동보정] SHORT 1000SHIB/USDT:USDT exit=2026-07-27 07:36:19 미매칭수량=1348.00000000 orderID=31393184616 tradeID=None
[진입유실 방지 자동보정] SHORT 1000SHIB/USDT:USDT exit=2026-07-27 11:51:02 미매칭수량=1844.00000000 orderID=31400541745 tradeID=None
[진입유실 방지 자동보정] SHORT 1000SHIB/USDT:USDT exit=2026-07-28 06:12:27 미매칭수량=2192.00000000 orderID=31421063023 tradeID=None
[진입유실 방지 자동보정] SHORT 1000SHIB/USDT:USDT exit=2026-08-02 01:13:53 미매칭수량=1073.00000000 orderID=31502817166 tradeID=None
[진입유실 방지 자동보정] SHORT 1000SHIB/USDT:USDT exit=2026-08-02 02:01:20 미매칭수량=1074.00000000 orderID=31504220662 tradeID=None
[진입유실 방지 자동보정] SHORT 1000SHIB/USDT:USDT exit=2026-08-02 09:45:32 미매칭수량=2285.00000000 orderID=31510623049 tradeID=None
[진입유실 방지 자동보정] SHORT 1000SHIB/USDT:USDT exit=2026-08-02 10:35:19 미매칭수량=2280.00000000 orderID=31511192196 tradeID=None
[진입유실 방지 자동보정] LONG DOGE/USDT:USDT exit=2026-07-28 09:50:41 미매칭수량=163.00000000 orderID=100915175009 tradeID=None
[진입유실 방지 자동보정] SHORT DOGE/USDT:USDT exit=2026-07-28 20:36:48 미매칭수량=357.00000000 orderID=100925180835 tradeID=None
[진입유실 방지 자동보정] SHORT DOGE/USDT:USDT exit=2026-07-28 23:00:41 미매칭수량=286.00000000 orderID=100927596061 tradeID=None
[진입유실 방지 자동보정] SHORT DOGE/USDT:USDT exit=2026-07-30 20:51:14 미매칭수량=345.00000000 orderID=100976583122 tradeID=None
[진입유실 방지 자동보정] SHORT DOGE/USDT:USDT exit=2026-07-31 10:01:31 미매칭수량=334.00000000 orderID=100988356319 tradeID=None
[진입유실 방지 자동보정] SHORT DOGE/USDT:USDT exit=2026-08-01 18:02:18 미매칭수량=306.00000000 orderID=101015266902 tradeID=None
[진입유실 방지 자동보정] LONG DOGE/USDT:USDT exit=2026-08-02 11:07:47 미매칭수량=259.00000000 orderID=101028099752 tradeID=None
[진입유실 방지 자동보정] SHORT SOL/USDT:USDT exit=2026-07-29 22:32:08 미매칭수량=0.26000000 orderID=229957663104 tradeID=None
[진입유실 방지 자동보정] LONG SOL/USDT:USDT exit=2026-07-30 02:59:19 미매칭수량=0.33000000 orderID=229996023316 tradeID=None
[진입유실 방지 자동보정] LONG SOL/USDT:USDT exit=2026-07-30 03:32:08 미매칭수량=0.27000000 orderID=230002018782 tradeID=None
[진입유실 방지 자동보정] SHORT SOL/USDT:USDT exit=2026-07-30 20:09:26 미매칭수량=0.32000000 orderID=230154249399 tradeID=None
[진입유실 방지 자동보정] SHORT SOL/USDT:USDT exit=2026-07-30 20:37:48 미매칭수량=0.32000000 orderID=230157644550 tradeID=None
[진입유실 방지 자동보정] SHORT SOL/USDT:USDT exit=2026-08-01 10:32:26 미매칭수량=0.29000000 orderID=230440972735 tradeID=None
[진입유실 방지 자동보정] LONG SOL/USDT:USDT exit=2026-08-02 01:55:54 미매칭수량=0.25000000 orderID=230506472518 tradeID=None
[진입유실 방지 자동보정] LONG SOL/USDT:USDT exit=2026-08-02 03:24:55 미매칭수량=0.20000000 orderID=230517041657 tradeID=None
[진입유실 방지 자동보정] LONG XRP/USDT:USDT exit=2026-07-30 03:32:09 미매칭수량=14.70000000 orderID=154591436270 tradeID=None
[진입유실 방지 자동보정] LONG XRP/USDT:USDT exit=2026-07-30 08:06:13 미매칭수량=18.50000000 orderID=154605732461 tradeID=None
[진입유실 방지 자동보정] LONG XRP/USDT:USDT exit=2026-07-30 22:11:04 미매칭수량=17.50000000 orderID=154637963852 tradeID=None
[진입유실 방지 자동보정] SHORT XRP/USDT:USDT exit=2026-07-31 15:18:55 미매칭수량=28.50000000 orderID=154681353788 tradeID=None
[진입유실 방지 자동보정] LONG XRP/USDT:USDT exit=2026-08-02 07:48:27 미매칭수량=6.70000000 orderID=154765042288 tradeID=None
[진입유실 방지 자동보정] LONG XRP/USDT:USDT exit=2026-08-02 08:25:19 미매칭수량=6.70000000 orderID=154766072211 tradeID=None
[진입유실 방지 자동보정] LONG XRP/USDT:USDT exit=2026-08-02 11:07:15 미매칭수량=16.80000000 orderID=154770811661 tradeID=None
[진입유실 방지 자동보정] SHORT 1000PEPE/USDT:USDT exit=2026-08-02 02:31:36 미매칭수량=1968.00000000 orderID=61389681657 tradeID=None
[진입유실 방지 자동보정] SHORT 1000PEPE/USDT:USDT exit=2026-08-02 02:52:29 미매칭수량=1969.00000000 orderID=61390079427 tradeID=None
[진입유실 방지 자동보정] SHORT 1000PEPE/USDT:USDT exit=2026-08-02 09:25:39 미매칭수량=7585.00000000 orderID=61394822102 tradeID=None
[진입유실 방지 자동보정] SHORT IDOL/USDT:USDT exit=2026-08-02 10:17:17 미매칭수량=445.00000000 orderID=523897304 tradeID=None
[ENTRY BLOCK] HOME/USDT:USDT — trader disabled
[BNB/USDT:USDT] 래칫 위반 시도 차단 (Long): old=582.0752608676756 -> new=581.9772608676756
[HOME/USDT:USDT] 래칫 위반 시도 차단 (Long): old=0.0077348145655576446 -> new=0.007698444565557645
[진입유실 방지 자동보정] LONG 1000SHIB/USDT:USDT exit=2026-07-27 04:30:21 미매칭수량=2189.00000000 orderID=31388901395 tradeID=None
[진입유실 방지 자동보정] SHORT 1000SHIB/USDT:USDT exit=2026-07-27 07:36:19 미매칭수량=1348.00000000 orderID=31393184616 tradeID=None
[진입유실 방지 자동보정] SHORT 1000SHIB/USDT:USDT exit=2026-07-27 11:51:02 미매칭수량=1844.00000000 orderID=31400541745 tradeID=None
[진입유실 방지 자동보정] SHORT 1000SHIB/USDT:USDT exit=2026-07-28 06:12:27 미매칭수량=2192.00000000 orderID=31421063023 tradeID=None
[진입유실 방지 자동보정] SHORT 1000SHIB/USDT:USDT exit=2026-08-02 01:13:53 미매칭수량=1073.00000000 orderID=31502817166 tradeID=None
[진입유실 방지 자동보정] SHORT 1000SHIB/USDT:USDT exit=2026-08-02 02:01:20 미매칭수량=1074.00000000 orderID=31504220662 tradeID=None
[진입유실 방지 자동보정] SHORT 1000SHIB/USDT:USDT exit=2026-08-02 09:45:32 미매칭수량=2285.00000000 orderID=31510623049 tradeID=None
[진입유실 방지 자동보정] SHORT 1000SHIB/USDT:USDT exit=2026-08-02 10:35:19 미매칭수량=2280.00000000 orderID=31511192196 tradeID=None
[진입유실 방지 자동보정] LONG DOGE/USDT:USDT exit=2026-07-28 09:50:41 미매칭수량=163.00000000 orderID=100915175009 tradeID=None
[진입유실 방지 자동보정] SHORT DOGE/USDT:USDT exit=2026-07-28 20:36:48 미매칭수량=357.00000000 orderID=100925180835 tradeID=None
[진입유실 방지 자동보정] SHORT DOGE/USDT:USDT exit=2026-07-28 23:00:41 미매칭수량=286.00000000 orderID=100927596061 tradeID=None
[진입유실 방지 자동보정] SHORT DOGE/USDT:USDT exit=2026-07-30 20:51:14 미매칭수량=345.00000000 orderID=100976583122 tradeID=None
[진입유실 방지 자동보정] SHORT DOGE/USDT:USDT exit=2026-07-31 10:01:31 미매칭수량=334.00000000 orderID=100988356319 tradeID=None
[진입유실 방지 자동보정] SHORT DOGE/USDT:USDT exit=2026-08-01 18:02:18 미매칭수량=306.00000000 orderID=101015266902 tradeID=None
[진입유실 방지 자동보정] LONG DOGE/USDT:USDT exit=2026-08-02 11:07:47 미매칭수량=259.00000000 orderID=101028099752 tradeID=None
[진입유실 방지 자동보정] SHORT SOL/USDT:USDT exit=2026-07-29 22:32:08 미매칭수량=0.26000000 orderID=229957663104 tradeID=None
[진입유실 방지 자동보정] LONG SOL/USDT:USDT exit=2026-07-30 02:59:19 미매칭수량=0.33000000 orderID=229996023316 tradeID=None
[진입유실 방지 자동보정] LONG SOL/USDT:USDT exit=2026-07-30 03:32:08 미매칭수량=0.27000000 orderID=230002018782 tradeID=None
[진입유실 방지 자동보정] SHORT SOL/USDT:USDT exit=2026-07-30 20:09:26 미매칭수량=0.32000000 orderID=230154249399 tradeID=None
[진입유실 방지 자동보정] SHORT SOL/USDT:USDT exit=2026-07-30 20:37:48 미매칭수량=0.32000000 orderID=230157644550 tradeID=None
[진입유실 방지 자동보정] SHORT SOL/USDT:USDT exit=2026-08-01 10:32:26 미매칭수량=0.29000000 orderID=230440972735 tradeID=None
[진입유실 방지 자동보정] LONG SOL/USDT:USDT exit=2026-08-02 01:55:54 미매칭수량=0.25000000 orderID=230506472518 tradeID=None
[진입유실 방지 자동보정] LONG SOL/USDT:USDT exit=2026-08-02 03:24:55 미매칭수량=0.20000000 orderID=230517041657 tradeID=None
[진입유실 방지 자동보정] LONG XRP/USDT:USDT exit=2026-07-30 03:32:09 미매칭수량=14.70000000 orderID=154591436270 tradeID=None
[진입유실 방지 자동보정] LONG XRP/USDT:USDT exit=2026-07-30 08:06:13 미매칭수량=18.50000000 orderID=154605732461 tradeID=None
[진입유실 방지 자동보정] LONG XRP/USDT:USDT exit=2026-07-30 22:11:04 미매칭수량=17.50000000 orderID=154637963852 tradeID=None
[진입유실 방지 자동보정] SHORT XRP/USDT:USDT exit=2026-07-31 15:18:55 미매칭수량=28.50000000 orderID=154681353788 tradeID=None
[진입유실 방지 자동보정] LONG XRP/USDT:USDT exit=2026-08-02 07:48:27 미매칭수량=6.70000000 orderID=154765042288 tradeID=None
[진입유실 방지 자동보정] LONG XRP/USDT:USDT exit=2026-08-02 08:25:19 미매칭수량=6.70000000 orderID=154766072211 tradeID=None
[진입유실 방지 자동보정] LONG XRP/USDT:USDT exit=2026-08-02 11:07:15 미매칭수량=16.80000000 orderID=154770811661 tradeID=None
[진입유실 방지 자동보정] SHORT 1000PEPE/USDT:USDT exit=2026-08-02 02:31:36 미매칭수량=1968.00000000 orderID=61389681657 tradeID=None
[진입유실 방지 자동보정] SHORT 1000PEPE/USDT:USDT exit=2026-08-02 02:52:29 미매칭수량=1969.00000000 orderID=61390079427 tradeID=None
[진입유실 방지 자동보정] SHORT 1000PEPE/USDT:USDT exit=2026-08-02 09:25:39 미매칭수량=7585.00000000 orderID=61394822102 tradeID=None
[진입유실 방지 자동보정] SHORT IDOL/USDT:USDT exit=2026-08-02 10:17:17 미매칭수량=445.00000000 orderID=523897304 tradeID=None
[ENTRY BLOCK] CL/USDT:USDT — trader disabled
[ENTRY BLOCK] HOME/USDT:USDT — trader disabled
[HOME/USDT:USDT] 래칫 위반 시도 차단 (Long): old=0.0077348145655576446 -> new=0.007698444565557645
[ENTRY BLOCK] CL/USDT:USDT — trader disabled
[ENTRY BLOCK] HOME/USDT:USDT — trader disabled
[HOME/USDT:USDT] 래칫 위반 시도 차단 (Long): old=0.0077348145655576446 -> new=0.007698444565557645
[진입유실 방지 자동보정] LONG 1000SHIB/USDT:USDT exit=2026-07-27 04:30:21 미매칭수량=2189.00000000 orderID=31388901395 tradeID=None
[진입유실 방지 자동보정] SHORT 1000SHIB/USDT:USDT exit=2026-07-27 07:36:19 미매칭수량=1348.00000000 orderID=31393184616 tradeID=None
[진입유실 방지 자동보정] SHORT 1000SHIB/USDT:USDT exit=2026-07-27 11:51:02 미매칭수량=1844.00000000 orderID=31400541745 tradeID=None
[진입유실 방지 자동보정] SHORT 1000SHIB/USDT:USDT exit=2026-07-28 06:12:27 미매칭수량=2192.00000000 orderID=31421063023 tradeID=None
[진입유실 방지 자동보정] SHORT 1000SHIB/USDT:USDT exit=2026-08-02 01:13:53 미매칭수량=1073.00000000 orderID=31502817166 tradeID=None
[진입유실 방지 자동보정] SHORT 1000SHIB/USDT:USDT exit=2026-08-02 02:01:20 미매칭수량=1074.00000000 orderID=31504220662 tradeID=None
[진입유실 방지 자동보정] SHORT 1000SHIB/USDT:USDT exit=2026-08-02 09:45:32 미매칭수량=2285.00000000 orderID=31510623049 tradeID=None
[진입유실 방지 자동보정] SHORT 1000SHIB/USDT:USDT exit=2026-08-02 10:35:19 미매칭수량=2280.00000000 orderID=31511192196 tradeID=None
[진입유실 방지 자동보정] LONG DOGE/USDT:USDT exit=2026-07-28 09:50:41 미매칭수량=163.00000000 orderID=100915175009 tradeID=None
[진입유실 방지 자동보정] SHORT DOGE/USDT:USDT exit=2026-07-28 20:36:48 미매칭수량=357.00000000 orderID=100925180835 tradeID=None
[진입유실 방지 자동보정] SHORT DOGE/USDT:USDT exit=2026-07-28 23:00:41 미매칭수량=286.00000000 orderID=100927596061 tradeID=None
[진입유실 방지 자동보정] SHORT DOGE/USDT:USDT exit=2026-07-30 20:51:14 미매칭수량=345.00000000 orderID=100976583122 tradeID=None
[진입유실 방지 자동보정] SHORT DOGE/USDT:USDT exit=2026-07-31 10:01:31 미매칭수량=334.00000000 orderID=100988356319 tradeID=None
[진입유실 방지 자동보정] SHORT DOGE/USDT:USDT exit=2026-08-01 18:02:18 미매칭수량=306.00000000 orderID=101015266902 tradeID=None
[진입유실 방지 자동보정] LONG DOGE/USDT:USDT exit=2026-08-02 11:07:47 미매칭수량=259.00000000 orderID=101028099752 tradeID=None
[진입유실 방지 자동보정] SHORT SOL/USDT:USDT exit=2026-07-29 22:32:08 미매칭수량=0.26000000 orderID=229957663104 tradeID=None
[진입유실 방지 자동보정] LONG SOL/USDT:USDT exit=2026-07-30 02:59:19 미매칭수량=0.33000000 orderID=229996023316 tradeID=None
[진입유실 방지 자동보정] LONG SOL/USDT:USDT exit=2026-07-30 03:32:08 미매칭수량=0.27000000 orderID=230002018782 tradeID=None
[진입유실 방지 자동보정] SHORT SOL/USDT:USDT exit=2026-07-30 20:09:26 미매칭수량=0.32000000 orderID=230154249399 tradeID=None
[진입유실 방지 자동보정] SHORT SOL/USDT:USDT exit=2026-07-30 20:37:48 미매칭수량=0.32000000 orderID=230157644550 tradeID=None
[진입유실 방지 자동보정] SHORT SOL/USDT:USDT exit=2026-08-01 10:32:26 미매칭수량=0.29000000 orderID=230440972735 tradeID=None
[진입유실 방지 자동보정] LONG SOL/USDT:USDT exit=2026-08-02 01:55:54 미매칭수량=0.25000000 orderID=230506472518 tradeID=None
[진입유실 방지 자동보정] LONG SOL/USDT:USDT exit=2026-08-02 03:24:55 미매칭수량=0.20000000 orderID=230517041657 tradeID=None
[진입유실 방지 자동보정] LONG XRP/USDT:USDT exit=2026-07-30 03:32:09 미매칭수량=14.70000000 orderID=154591436270 tradeID=None
[진입유실 방지 자동보정] LONG XRP/USDT:USDT exit=2026-07-30 08:06:13 미매칭수량=18.50000000 orderID=154605732461 tradeID=None
[진입유실 방지 자동보정] LONG XRP/USDT:USDT exit=2026-07-30 22:11:04 미매칭수량=17.50000000 orderID=154637963852 tradeID=None
[진입유실 방지 자동보정] SHORT XRP/USDT:USDT exit=2026-07-31 15:18:55 미매칭수량=28.50000000 orderID=154681353788 tradeID=None
[진입유실 방지 자동보정] LONG XRP/USDT:USDT exit=2026-08-02 07:48:27 미매칭수량=6.70000000 orderID=154765042288 tradeID=None
[진입유실 방지 자동보정] LONG XRP/USDT:USDT exit=2026-08-02 08:25:19 미매칭수량=6.70000000 orderID=154766072211 tradeID=None
[진입유실 방지 자동보정] LONG XRP/USDT:USDT exit=2026-08-02 11:07:15 미매칭수량=16.80000000 orderID=154770811661 tradeID=None
[진입유실 방지 자동보정] SHORT 1000PEPE/USDT:USDT exit=2026-08-02 02:31:36 미매칭수량=1968.00000000 orderID=61389681657 tradeID=None
[진입유실 방지 자동보정] SHORT 1000PEPE/USDT:USDT exit=2026-08-02 02:52:29 미매칭수량=1969.00000000 orderID=61390079427 tradeID=None
[진입유실 방지 자동보정] SHORT 1000PEPE/USDT:USDT exit=2026-08-02 09:25:39 미매칭수량=7585.00000000 orderID=61394822102 tradeID=None
[진입유실 방지 자동보정] SHORT IDOL/USDT:USDT exit=2026-08-02 10:17:17 미매칭수량=445.00000000 orderID=523897304 tradeID=None
[ENTRY BLOCK] CL/USDT:USDT — trader disabled
[진입유실 방지 자동보정] LONG 1000SHIB/USDT:USDT exit=2026-07-27 04:30:21 미매칭수량=2189.00000000 orderID=31388901395 tradeID=None
[진입유실 방지 자동보정] SHORT 1000SHIB/USDT:USDT exit=2026-07-27 07:36:19 미매칭수량=1348.00000000 orderID=31393184616 tradeID=None
[진입유실 방지 자동보정] SHORT 1000SHIB/USDT:USDT exit=2026-07-27 11:51:02 미매칭수량=1844.00000000 orderID=31400541745 tradeID=None
[진입유실 방지 자동보정] SHORT 1000SHIB/USDT:USDT exit=2026-07-28 06:12:27 미매칭수량=2192.00000000 orderID=31421063023 tradeID=None
[진입유실 방지 자동보정] SHORT 1000SHIB/USDT:USDT exit=2026-08-02 01:13:53 미매칭수량=1073.00000000 orderID=31502817166 tradeID=None
[진입유실 방지 자동보정] SHORT 1000SHIB/USDT:USDT exit=2026-08-02 02:01:20 미매칭수량=1074.00000000 orderID=31504220662 tradeID=None
[진입유실 방지 자동보정] SHORT 1000SHIB/USDT:USDT exit=2026-08-02 09:45:32 미매칭수량=2285.00000000 orderID=31510623049 tradeID=None
[진입유실 방지 자동보정] SHORT 1000SHIB/USDT:USDT exit=2026-08-02 10:35:19 미매칭수량=2280.00000000 orderID=31511192196 tradeID=None
[진입유실 방지 자동보정] LONG DOGE/USDT:USDT exit=2026-07-28 09:50:41 미매칭수량=163.00000000 orderID=100915175009 tradeID=None
[진입유실 방지 자동보정] SHORT DOGE/USDT:USDT exit=2026-07-28 20:36:48 미매칭수량=357.00000000 orderID=100925180835 tradeID=None
[진입유실 방지 자동보정] SHORT DOGE/USDT:USDT exit=2026-07-28 23:00:41 미매칭수량=286.00000000 orderID=100927596061 tradeID=None
[진입유실 방지 자동보정] SHORT DOGE/USDT:USDT exit=2026-07-30 20:51:14 미매칭수량=345.00000000 orderID=100976583122 tradeID=None
[진입유실 방지 자동보정] SHORT DOGE/USDT:USDT exit=2026-07-31 10:01:31 미매칭수량=334.00000000 orderID=100988356319 tradeID=None
[진입유실 방지 자동보정] SHORT DOGE/USDT:USDT exit=2026-08-01 18:02:18 미매칭수량=306.00000000 orderID=101015266902 tradeID=None
[진입유실 방지 자동보정] LONG DOGE/USDT:USDT exit=2026-08-02 11:07:47 미매칭수량=259.00000000 orderID=101028099752 tradeID=None
[진입유실 방지 자동보정] SHORT SOL/USDT:USDT exit=2026-07-29 22:32:08 미매칭수량=0.26000000 orderID=229957663104 tradeID=None
[진입유실 방지 자동보정] LONG SOL/USDT:USDT exit=2026-07-30 02:59:19 미매칭수량=0.33000000 orderID=229996023316 tradeID=None
[진입유실 방지 자동보정] LONG SOL/USDT:USDT exit=2026-07-30 03:32:08 미매칭수량=0.27000000 orderID=230002018782 tradeID=None
[진입유실 방지 자동보정] SHORT SOL/USDT:USDT exit=2026-07-30 20:09:26 미매칭수량=0.32000000 orderID=230154249399 tradeID=None
[진입유실 방지 자동보정] SHORT SOL/USDT:USDT exit=2026-07-30 20:37:48 미매칭수량=0.32000000 orderID=230157644550 tradeID=None
[진입유실 방지 자동보정] SHORT SOL/USDT:USDT exit=2026-08-01 10:32:26 미매칭수량=0.29000000 orderID=230440972735 tradeID=None
[진입유실 방지 자동보정] LONG SOL/USDT:USDT exit=2026-08-02 01:55:54 미매칭수량=0.25000000 orderID=230506472518 tradeID=None
[진입유실 방지 자동보정] LONG SOL/USDT:USDT exit=2026-08-02 03:24:55 미매칭수량=0.20000000 orderID=230517041657 tradeID=None
[진입유실 방지 자동보정] LONG XRP/USDT:USDT exit=2026-07-30 03:32:09 미매칭수량=14.70000000 orderID=154591436270 tradeID=None
[진입유실 방지 자동보정] LONG XRP/USDT:USDT exit=2026-07-30 08:06:13 미매칭수량=18.50000000 orderID=154605732461 tradeID=None
[진입유실 방지 자동보정] LONG XRP/USDT:USDT exit=2026-07-30 22:11:04 미매칭수량=17.50000000 orderID=154637963852 tradeID=None
[진입유실 방지 자동보정] SHORT XRP/USDT:USDT exit=2026-07-31 15:18:55 미매칭수량=28.50000000 orderID=154681353788 tradeID=None
[진입유실 방지 자동보정] LONG XRP/USDT:USDT exit=2026-08-02 07:48:27 미매칭수량=6.70000000 orderID=154765042288 tradeID=None
[진입유실 방지 자동보정] LONG XRP/USDT:USDT exit=2026-08-02 08:25:19 미매칭수량=6.70000000 orderID=154766072211 tradeID=None
[진입유실 방지 자동보정] LONG XRP/USDT:USDT exit=2026-08-02 11:07:15 미매칭수량=16.80000000 orderID=154770811661 tradeID=None
[진입유실 방지 자동보정] SHORT 1000PEPE/USDT:USDT exit=2026-08-02 02:31:36 미매칭수량=1968.00000000 orderID=61389681657 tradeID=None
[진입유실 방지 자동보정] SHORT 1000PEPE/USDT:USDT exit=2026-08-02 02:52:29 미매칭수량=1969.00000000 orderID=61390079427 tradeID=None
[진입유실 방지 자동보정] SHORT 1000PEPE/USDT:USDT exit=2026-08-02 09:25:39 미매칭수량=7585.00000000 orderID=61394822102 tradeID=None
[진입유실 방지 자동보정] SHORT IDOL/USDT:USDT exit=2026-08-02 10:17:17 미매칭수량=445.00000000 orderID=523897304 tradeID=None
[BNB/USDT:USDT] 래칫 위반 시도 차단 (Long): old=582.4670916177002 -> new=582.4630916177003
[HOME/USDT:USDT] 래칫 위반 시도 차단 (Long): old=0.00775473590376135 -> new=0.00774713590376135
[진입유실 방지 자동보정] LONG 1000SHIB/USDT:USDT exit=2026-07-27 04:30:21 미매칭수량=2189.00000000 orderID=31388901395 tradeID=None
[진입유실 방지 자동보정] SHORT 1000SHIB/USDT:USDT exit=2026-07-27 07:36:19 미매칭수량=1348.00000000 orderID=31393184616 tradeID=None
[진입유실 방지 자동보정] SHORT 1000SHIB/USDT:USDT exit=2026-07-27 11:51:02 미매칭수량=1844.00000000 orderID=31400541745 tradeID=None
[진입유실 방지 자동보정] SHORT 1000SHIB/USDT:USDT exit=2026-07-28 06:12:27 미매칭수량=2192.00000000 orderID=31421063023 tradeID=None
[진입유실 방지 자동보정] SHORT 1000SHIB/USDT:USDT exit=2026-08-02 01:13:53 미매칭수량=1073.00000000 orderID=31502817166 tradeID=None
[진입유실 방지 자동보정] SHORT 1000SHIB/USDT:USDT exit=2026-08-02 02:01:20 미매칭수량=1074.00000000 orderID=31504220662 tradeID=None
[진입유실 방지 자동보정] SHORT 1000SHIB/USDT:USDT exit=2026-08-02 09:45:32 미매칭수량=2285.00000000 orderID=31510623049 tradeID=None
[진입유실 방지 자동보정] SHORT 1000SHIB/USDT:USDT exit=2026-08-02 10:35:19 미매칭수량=2280.00000000 orderID=31511192196 tradeID=None
[진입유실 방지 자동보정] LONG DOGE/USDT:USDT exit=2026-07-28 09:50:41 미매칭수량=163.00000000 orderID=100915175009 tradeID=None
[진입유실 방지 자동보정] SHORT DOGE/USDT:USDT exit=2026-07-28 20:36:48 미매칭수량=357.00000000 orderID=100925180835 tradeID=None
[진입유실 방지 자동보정] SHORT DOGE/USDT:USDT exit=2026-07-28 23:00:41 미매칭수량=286.00000000 orderID=100927596061 tradeID=None
[진입유실 방지 자동보정] SHORT DOGE/USDT:USDT exit=2026-07-30 20:51:14 미매칭수량=345.00000000 orderID=100976583122 tradeID=None
[진입유실 방지 자동보정] SHORT DOGE/USDT:USDT exit=2026-07-31 10:01:31 미매칭수량=334.00000000 orderID=100988356319 tradeID=None
[진입유실 방지 자동보정] SHORT DOGE/USDT:USDT exit=2026-08-01 18:02:18 미매칭수량=306.00000000 orderID=101015266902 tradeID=None
[진입유실 방지 자동보정] LONG DOGE/USDT:USDT exit=2026-08-02 11:07:47 미매칭수량=259.00000000 orderID=101028099752 tradeID=None
[진입유실 방지 자동보정] SHORT SOL/USDT:USDT exit=2026-07-29 22:32:08 미매칭수량=0.26000000 orderID=229957663104 tradeID=None
[진입유실 방지 자동보정] LONG SOL/USDT:USDT exit=2026-07-30 02:59:19 미매칭수량=0.33000000 orderID=229996023316 tradeID=None
[진입유실 방지 자동보정] LONG SOL/USDT:USDT exit=2026-07-30 03:32:08 미매칭수량=0.27000000 orderID=230002018782 tradeID=None
[진입유실 방지 자동보정] SHORT SOL/USDT:USDT exit=2026-07-30 20:09:26 미매칭수량=0.32000000 orderID=230154249399 tradeID=None
[진입유실 방지 자동보정] SHORT SOL/USDT:USDT exit=2026-07-30 20:37:48 미매칭수량=0.32000000 orderID=230157644550 tradeID=None
[진입유실 방지 자동보정] SHORT SOL/USDT:USDT exit=2026-08-01 10:32:26 미매칭수량=0.29000000 orderID=230440972735 tradeID=None
[진입유실 방지 자동보정] LONG SOL/USDT:USDT exit=2026-08-02 01:55:54 미매칭수량=0.25000000 orderID=230506472518 tradeID=None
[진입유실 방지 자동보정] LONG SOL/USDT:USDT exit=2026-08-02 03:24:55 미매칭수량=0.20000000 orderID=230517041657 tradeID=None
[진입유실 방지 자동보정] LONG XRP/USDT:USDT exit=2026-07-30 03:32:09 미매칭수량=14.70000000 orderID=154591436270 tradeID=None
[진입유실 방지 자동보정] LONG XRP/USDT:USDT exit=2026-07-30 08:06:13 미매칭수량=18.50000000 orderID=154605732461 tradeID=None
[진입유실 방지 자동보정] LONG XRP/USDT:USDT exit=2026-07-30 22:11:04 미매칭수량=17.50000000 orderID=154637963852 tradeID=None
[진입유실 방지 자동보정] SHORT XRP/USDT:USDT exit=2026-07-31 15:18:55 미매칭수량=28.50000000 orderID=154681353788 tradeID=None
[진입유실 방지 자동보정] LONG XRP/USDT:USDT exit=2026-08-02 07:48:27 미매칭수량=6.70000000 orderID=154765042288 tradeID=None
[진입유실 방지 자동보정] LONG XRP/USDT:USDT exit=2026-08-02 08:25:19 미매칭수량=6.70000000 orderID=154766072211 tradeID=None
[진입유실 방지 자동보정] LONG XRP/USDT:USDT exit=2026-08-02 11:07:15 미매칭수량=16.80000000 orderID=154770811661 tradeID=None
[진입유실 방지 자동보정] SHORT 1000PEPE/USDT:USDT exit=2026-08-02 02:31:36 미매칭수량=1968.00000000 orderID=61389681657 tradeID=None
[진입유실 방지 자동보정] SHORT 1000PEPE/USDT:USDT exit=2026-08-02 02:52:29 미매칭수량=1969.00000000 orderID=61390079427 tradeID=None
[진입유실 방지 자동보정] SHORT 1000PEPE/USDT:USDT exit=2026-08-02 09:25:39 미매칭수량=7585.00000000 orderID=61394822102 tradeID=None
[진입유실 방지 자동보정] SHORT IDOL/USDT:USDT exit=2026-08-02 10:17:17 미매칭수량=445.00000000 orderID=523897304 tradeID=None
[BNB/USDT:USDT] 래칫 위반 시도 차단 (Long): old=582.4670916177002 -> new=582.4630916177003
[HOME/USDT:USDT] 래칫 위반 시도 차단 (Long): old=0.00775473590376135 -> new=0.00774713590376135
[BNB/USDT:USDT] 래칫 위반 시도 차단 (Long): old=582.4670916177002 -> new=582.4630916177003
[HOME/USDT:USDT] 래칫 위반 시도 차단 (Long): old=0.00775473590376135 -> new=0.00774713590376135
[진입유실 방지 자동보정] LONG 1000SHIB/USDT:USDT exit=2026-07-27 04:30:21 미매칭수량=2189.00000000 orderID=31388901395 tradeID=None
[진입유실 방지 자동보정] SHORT 1000SHIB/USDT:USDT exit=2026-07-27 07:36:19 미매칭수량=1348.00000000 orderID=31393184616 tradeID=None
[진입유실 방지 자동보정] SHORT 1000SHIB/USDT:USDT exit=2026-07-27 11:51:02 미매칭수량=1844.00000000 orderID=31400541745 tradeID=None
[진입유실 방지 자동보정] SHORT 1000SHIB/USDT:USDT exit=2026-07-28 06:12:27 미매칭수량=2192.00000000 orderID=31421063023 tradeID=None
[진입유실 방지 자동보정] SHORT 1000SHIB/USDT:USDT exit=2026-08-02 01:13:53 미매칭수량=1073.00000000 orderID=31502817166 tradeID=None
[진입유실 방지 자동보정] SHORT 1000SHIB/USDT:USDT exit=2026-08-02 02:01:20 미매칭수량=1074.00000000 orderID=31504220662 tradeID=None
[진입유실 방지 자동보정] SHORT 1000SHIB/USDT:USDT exit=2026-08-02 09:45:32 미매칭수량=2285.00000000 orderID=31510623049 tradeID=None
[진입유실 방지 자동보정] SHORT 1000SHIB/USDT:USDT exit=2026-08-02 10:35:19 미매칭수량=2280.00000000 orderID=31511192196 tradeID=None
[진입유실 방지 자동보정] LONG DOGE/USDT:USDT exit=2026-07-28 09:50:41 미매칭수량=163.00000000 orderID=100915175009 tradeID=None
[진입유실 방지 자동보정] SHORT DOGE/USDT:USDT exit=2026-07-28 20:36:48 미매칭수량=357.00000000 orderID=100925180835 tradeID=None
[진입유실 방지 자동보정] SHORT DOGE/USDT:USDT exit=2026-07-28 23:00:41 미매칭수량=286.00000000 orderID=100927596061 tradeID=None
[진입유실 방지 자동보정] SHORT DOGE/USDT:USDT exit=2026-07-30 20:51:14 미매칭수량=345.00000000 orderID=100976583122 tradeID=None
[진입유실 방지 자동보정] SHORT DOGE/USDT:USDT exit=2026-07-31 10:01:31 미매칭수량=334.00000000 orderID=100988356319 tradeID=None
[진입유실 방지 자동보정] SHORT DOGE/USDT:USDT exit=2026-08-01 18:02:18 미매칭수량=306.00000000 orderID=101015266902 tradeID=None
[진입유실 방지 자동보정] LONG DOGE/USDT:USDT exit=2026-08-02 11:07:47 미매칭수량=259.00000000 orderID=101028099752 tradeID=None
[진입유실 방지 자동보정] SHORT SOL/USDT:USDT exit=2026-07-29 22:32:08 미매칭수량=0.26000000 orderID=229957663104 tradeID=None
[진입유실 방지 자동보정] LONG SOL/USDT:USDT exit=2026-07-30 02:59:19 미매칭수량=0.33000000 orderID=229996023316 tradeID=None
[진입유실 방지 자동보정] LONG SOL/USDT:USDT exit=2026-07-30 03:32:08 미매칭수량=0.27000000 orderID=230002018782 tradeID=None
[진입유실 방지 자동보정] SHORT SOL/USDT:USDT exit=2026-07-30 20:09:26 미매칭수량=0.32000000 orderID=230154249399 tradeID=None
[진입유실 방지 자동보정] SHORT SOL/USDT:USDT exit=2026-07-30 20:37:48 미매칭수량=0.32000000 orderID=230157644550 tradeID=None
[진입유실 방지 자동보정] SHORT SOL/USDT:USDT exit=2026-08-01 10:32:26 미매칭수량=0.29000000 orderID=230440972735 tradeID=None
[진입유실 방지 자동보정] LONG SOL/USDT:USDT exit=2026-08-02 01:55:54 미매칭수량=0.25000000 orderID=230506472518 tradeID=None
[진입유실 방지 자동보정] LONG SOL/USDT:USDT exit=2026-08-02 03:24:55 미매칭수량=0.20000000 orderID=230517041657 tradeID=None
[진입유실 방지 자동보정] LONG XRP/USDT:USDT exit=2026-07-30 03:32:09 미매칭수량=14.70000000 orderID=154591436270 tradeID=None
[진입유실 방지 자동보정] LONG XRP/USDT:USDT exit=2026-07-30 08:06:13 미매칭수량=18.50000000 orderID=154605732461 tradeID=None
[진입유실 방지 자동보정] LONG XRP/USDT:USDT exit=2026-07-30 22:11:04 미매칭수량=17.50000000 orderID=154637963852 tradeID=None
[진입유실 방지 자동보정] SHORT XRP/USDT:USDT exit=2026-07-31 15:18:55 미매칭수량=28.50000000 orderID=154681353788 tradeID=None
[진입유실 방지 자동보정] LONG XRP/USDT:USDT exit=2026-08-02 07:48:27 미매칭수량=6.70000000 orderID=154765042288 tradeID=None
[진입유실 방지 자동보정] LONG XRP/USDT:USDT exit=2026-08-02 08:25:19 미매칭수량=6.70000000 orderID=154766072211 tradeID=None
[진입유실 방지 자동보정] LONG XRP/USDT:USDT exit=2026-08-02 11:07:15 미매칭수량=16.80000000 orderID=154770811661 tradeID=None
[진입유실 방지 자동보정] SHORT 1000PEPE/USDT:USDT exit=2026-08-02 02:31:36 미매칭수량=1968.00000000 orderID=61389681657 tradeID=None
[진입유실 방지 자동보정] SHORT 1000PEPE/USDT:USDT exit=2026-08-02 02:52:29 미매칭수량=1969.00000000 orderID=61390079427 tradeID=None
[진입유실 방지 자동보정] SHORT 1000PEPE/USDT:USDT exit=2026-08-02 09:25:39 미매칭수량=7585.00000000 orderID=61394822102 tradeID=None
[진입유실 방지 자동보정] SHORT IDOL/USDT:USDT exit=2026-08-02 10:17:17 미매칭수량=445.00000000 orderID=523897304 tradeID=None
[BNB/USDT:USDT] 래칫 위반 시도 차단 (Long): old=582.4670916177002 -> new=582.3230916177002
[HOME/USDT:USDT] 래칫 위반 시도 차단 (Long): old=0.00775473590376135 -> new=0.0077447359037613505
[BNB/USDT:USDT] 래칫 위반 시도 차단 (Long): old=582.4670916177002 -> new=582.3230916177002
[HOME/USDT:USDT] 래칫 위반 시도 차단 (Long): old=0.00775473590376135 -> new=0.0077447359037613505
[진입유실 방지 자동보정] LONG 1000SHIB/USDT:USDT exit=2026-07-27 04:30:21 미매칭수량=2189.00000000 orderID=31388901395 tradeID=None
[진입유실 방지 자동보정] SHORT 1000SHIB/USDT:USDT exit=2026-07-27 07:36:19 미매칭수량=1348.00000000 orderID=31393184616 tradeID=None
[진입유실 방지 자동보정] SHORT 1000SHIB/USDT:USDT exit=2026-07-27 11:51:02 미매칭수량=1844.00000000 orderID=31400541745 tradeID=None
[진입유실 방지 자동보정] SHORT 1000SHIB/USDT:USDT exit=2026-07-28 06:12:27 미매칭수량=2192.00000000 orderID=31421063023 tradeID=None
[진입유실 방지 자동보정] SHORT 1000SHIB/USDT:USDT exit=2026-08-02 01:13:53 미매칭수량=1073.00000000 orderID=31502817166 tradeID=None
[진입유실 방지 자동보정] SHORT 1000SHIB/USDT:USDT exit=2026-08-02 02:01:20 미매칭수량=1074.00000000 orderID=31504220662 tradeID=None
[진입유실 방지 자동보정] SHORT 1000SHIB/USDT:USDT exit=2026-08-02 09:45:32 미매칭수량=2285.00000000 orderID=31510623049 tradeID=None
[진입유실 방지 자동보정] SHORT 1000SHIB/USDT:USDT exit=2026-08-02 10:35:19 미매칭수량=2280.00000000 orderID=31511192196 tradeID=None
[진입유실 방지 자동보정] LONG DOGE/USDT:USDT exit=2026-07-28 09:50:41 미매칭수량=163.00000000 orderID=100915175009 tradeID=None
[진입유실 방지 자동보정] SHORT DOGE/USDT:USDT exit=2026-07-28 20:36:48 미매칭수량=357.00000000 orderID=100925180835 tradeID=None
[진입유실 방지 자동보정] SHORT DOGE/USDT:USDT exit=2026-07-28 23:00:41 미매칭수량=286.00000000 orderID=100927596061 tradeID=None
[진입유실 방지 자동보정] SHORT DOGE/USDT:USDT exit=2026-07-30 20:51:14 미매칭수량=345.00000000 orderID=100976583122 tradeID=None
[진입유실 방지 자동보정] SHORT DOGE/USDT:USDT exit=2026-07-31 10:01:31 미매칭수량=334.00000000 orderID=100988356319 tradeID=None
[진입유실 방지 자동보정] SHORT DOGE/USDT:USDT exit=2026-08-01 18:02:18 미매칭수량=306.00000000 orderID=101015266902 tradeID=None
[진입유실 방지 자동보정] LONG DOGE/USDT:USDT exit=2026-08-02 11:07:47 미매칭수량=259.00000000 orderID=101028099752 tradeID=None
[진입유실 방지 자동보정] SHORT SOL/USDT:USDT exit=2026-07-29 22:32:08 미매칭수량=0.26000000 orderID=229957663104 tradeID=None
[진입유실 방지 자동보정] LONG SOL/USDT:USDT exit=2026-07-30 02:59:19 미매칭수량=0.33000000 orderID=229996023316 tradeID=None
[진입유실 방지 자동보정] LONG SOL/USDT:USDT exit=2026-07-30 03:32:08 미매칭수량=0.27000000 orderID=230002018782 tradeID=None
[진입유실 방지 자동보정] SHORT SOL/USDT:USDT exit=2026-07-30 20:09:26 미매칭수량=0.32000000 orderID=230154249399 tradeID=None
[진입유실 방지 자동보정] SHORT SOL/USDT:USDT exit=2026-07-30 20:37:48 미매칭수량=0.32000000 orderID=230157644550 tradeID=None
[진입유실 방지 자동보정] SHORT SOL/USDT:USDT exit=2026-08-01 10:32:26 미매칭수량=0.29000000 orderID=230440972735 tradeID=None
[진입유실 방지 자동보정] LONG SOL/USDT:USDT exit=2026-08-02 01:55:54 미매칭수량=0.25000000 orderID=230506472518 tradeID=None
[진입유실 방지 자동보정] LONG SOL/USDT:USDT exit=2026-08-02 03:24:55 미매칭수량=0.20000000 orderID=230517041657 tradeID=None
[진입유실 방지 자동보정] LONG XRP/USDT:USDT exit=2026-07-30 03:32:09 미매칭수량=14.70000000 orderID=154591436270 tradeID=None
[진입유실 방지 자동보정] LONG XRP/USDT:USDT exit=2026-07-30 08:06:13 미매칭수량=18.50000000 orderID=154605732461 tradeID=None
[진입유실 방지 자동보정] LONG XRP/USDT:USDT exit=2026-07-30 22:11:04 미매칭수량=17.50000000 orderID=154637963852 tradeID=None
[진입유실 방지 자동보정] SHORT XRP/USDT:USDT exit=2026-07-31 15:18:55 미매칭수량=28.50000000 orderID=154681353788 tradeID=None
[진입유실 방지 자동보정] LONG XRP/USDT:USDT exit=2026-08-02 07:48:27 미매칭수량=6.70000000 orderID=154765042288 tradeID=None
[진입유실 방지 자동보정] LONG XRP/USDT:USDT exit=2026-08-02 08:25:19 미매칭수량=6.70000000 orderID=154766072211 tradeID=None
[진입유실 방지 자동보정] LONG XRP/USDT:USDT exit=2026-08-02 11:07:15 미매칭수량=16.80000000 orderID=154770811661 tradeID=None
[진입유실 방지 자동보정] SHORT 1000PEPE/USDT:USDT exit=2026-08-02 02:31:36 미매칭수량=1968.00000000 orderID=61389681657 tradeID=None
[진입유실 방지 자동보정] SHORT 1000PEPE/USDT:USDT exit=2026-08-02 02:52:29 미매칭수량=1969.00000000 orderID=61390079427 tradeID=None
[진입유실 방지 자동보정] SHORT 1000PEPE/USDT:USDT exit=2026-08-02 09:25:39 미매칭수량=7585.00000000 orderID=61394822102 tradeID=None
[진입유실 방지 자동보정] SHORT IDOL/USDT:USDT exit=2026-08-02 10:17:17 미매칭수량=445.00000000 orderID=523897304 tradeID=None
[BNB/USDT:USDT] 래칫 위반 시도 차단 (Long): old=582.4670916177002 -> new=582.3230916177002
[HOME/USDT:USDT] 래칫 위반 시도 차단 (Long): old=0.00775473590376135 -> new=0.0077447359037613505
[BNB/USDT:USDT] 래칫 위반 시도 차단 (Long): old=582.4670916177002 -> new=582.3030916177003
[HOME/USDT:USDT] 래칫 위반 시도 차단 (Long): old=0.00775473590376135 -> new=0.00773073590376135
[진입유실 방지 자동보정] LONG 1000SHIB/USDT:USDT exit=2026-07-27 04:30:21 미매칭수량=2189.00000000 orderID=31388901395 tradeID=None
[진입유실 방지 자동보정] SHORT 1000SHIB/USDT:USDT exit=2026-07-27 07:36:19 미매칭수량=1348.00000000 orderID=31393184616 tradeID=None
[진입유실 방지 자동보정] SHORT 1000SHIB/USDT:USDT exit=2026-07-27 11:51:02 미매칭수량=1844.00000000 orderID=31400541745 tradeID=None
[진입유실 방지 자동보정] SHORT 1000SHIB/USDT:USDT exit=2026-07-28 06:12:27 미매칭수량=2192.00000000 orderID=31421063023 tradeID=None
[진입유실 방지 자동보정] SHORT 1000SHIB/USDT:USDT exit=2026-08-02 01:13:53 미매칭수량=1073.00000000 orderID=31502817166 tradeID=None
[진입유실 방지 자동보정] SHORT 1000SHIB/USDT:USDT exit=2026-08-02 02:01:20 미매칭수량=1074.00000000 orderID=31504220662 tradeID=None
[진입유실 방지 자동보정] SHORT 1000SHIB/USDT:USDT exit=2026-08-02 09:45:32 미매칭수량=2285.00000000 orderID=31510623049 tradeID=None
[진입유실 방지 자동보정] SHORT 1000SHIB/USDT:USDT exit=2026-08-02 10:35:19 미매칭수량=2280.00000000 orderID=31511192196 tradeID=None
[진입유실 방지 자동보정] LONG DOGE/USDT:USDT exit=2026-07-28 09:50:41 미매칭수량=163.00000000 orderID=100915175009 tradeID=None
[진입유실 방지 자동보정] SHORT DOGE/USDT:USDT exit=2026-07-28 20:36:48 미매칭수량=357.00000000 orderID=100925180835 tradeID=None
[진입유실 방지 자동보정] SHORT DOGE/USDT:USDT exit=2026-07-28 23:00:41 미매칭수량=286.00000000 orderID=100927596061 tradeID=None
[진입유실 방지 자동보정] SHORT DOGE/USDT:USDT exit=2026-07-30 20:51:14 미매칭수량=345.00000000 orderID=100976583122 tradeID=None
[진입유실 방지 자동보정] SHORT DOGE/USDT:USDT exit=2026-07-31 10:01:31 미매칭수량=334.00000000 orderID=100988356319 tradeID=None
[진입유실 방지 자동보정] SHORT DOGE/USDT:USDT exit=2026-08-01 18:02:18 미매칭수량=306.00000000 orderID=101015266902 tradeID=None
[진입유실 방지 자동보정] LONG DOGE/USDT:USDT exit=2026-08-02 11:07:47 미매칭수량=259.00000000 orderID=101028099752 tradeID=None
[진입유실 방지 자동보정] SHORT SOL/USDT:USDT exit=2026-07-29 22:32:08 미매칭수량=0.26000000 orderID=229957663104 tradeID=None
[진입유실 방지 자동보정] LONG SOL/USDT:USDT exit=2026-07-30 02:59:19 미매칭수량=0.33000000 orderID=229996023316 tradeID=None
[진입유실 방지 자동보정] LONG SOL/USDT:USDT exit=2026-07-30 03:32:08 미매칭수량=0.27000000 orderID=230002018782 tradeID=None
[진입유실 방지 자동보정] SHORT SOL/USDT:USDT exit=2026-07-30 20:09:26 미매칭수량=0.32000000 orderID=230154249399 tradeID=None
[진입유실 방지 자동보정] SHORT SOL/USDT:USDT exit=2026-07-30 20:37:48 미매칭수량=0.32000000 orderID=230157644550 tradeID=None
[진입유실 방지 자동보정] SHORT SOL/USDT:USDT exit=2026-08-01 10:32:26 미매칭수량=0.29000000 orderID=230440972735 tradeID=None
[진입유실 방지 자동보정] LONG SOL/USDT:USDT exit=2026-08-02 01:55:54 미매칭수량=0.25000000 orderID=230506472518 tradeID=None
[진입유실 방지 자동보정] LONG SOL/USDT:USDT exit=2026-08-02 03:24:55 미매칭수량=0.20000000 orderID=230517041657 tradeID=None
[진입유실 방지 자동보정] LONG XRP/USDT:USDT exit=2026-07-30 03:32:09 미매칭수량=14.70000000 orderID=154591436270 tradeID=None
[진입유실 방지 자동보정] LONG XRP/USDT:USDT exit=2026-07-30 08:06:13 미매칭수량=18.50000000 orderID=154605732461 tradeID=None
[진입유실 방지 자동보정] LONG XRP/USDT:USDT exit=2026-07-30 22:11:04 미매칭수량=17.50000000 orderID=154637963852 tradeID=None
[진입유실 방지 자동보정] SHORT XRP/USDT:USDT exit=2026-07-31 15:18:55 미매칭수량=28.50000000 orderID=154681353788 tradeID=None
[진입유실 방지 자동보정] LONG XRP/USDT:USDT exit=2026-08-02 07:48:27 미매칭수량=6.70000000 orderID=154765042288 tradeID=None
[진입유실 방지 자동보정] LONG XRP/USDT:USDT exit=2026-08-02 08:25:19 미매칭수량=6.70000000 orderID=154766072211 tradeID=None
[진입유실 방지 자동보정] LONG XRP/USDT:USDT exit=2026-08-02 11:07:15 미매칭수량=16.80000000 orderID=154770811661 tradeID=None
[진입유실 방지 자동보정] SHORT 1000PEPE/USDT:USDT exit=2026-08-02 02:31:36 미매칭수량=1968.00000000 orderID=61389681657 tradeID=None
[진입유실 방지 자동보정] SHORT 1000PEPE/USDT:USDT exit=2026-08-02 02:52:29 미매칭수량=1969.00000000 orderID=61390079427 tradeID=None
[진입유실 방지 자동보정] SHORT 1000PEPE/USDT:USDT exit=2026-08-02 09:25:39 미매칭수량=7585.00000000 orderID=61394822102 tradeID=None
[진입유실 방지 자동보정] SHORT IDOL/USDT:USDT exit=2026-08-02 10:17:17 미매칭수량=445.00000000 orderID=523897304 tradeID=None
[BNB/USDT:USDT] 래칫 위반 시도 차단 (Long): old=582.4670916177002 -> new=582.3030916177003
[HOME/USDT:USDT] 래칫 위반 시도 차단 (Long): old=0.00775473590376135 -> new=0.00773073590376135
[BNB/USDT:USDT] 래칫 위반 시도 차단 (Long): old=582.4670916177002 -> new=582.3030916177003
[HOME/USDT:USDT] 래칫 위반 시도 차단 (Long): old=0.00775473590376135 -> new=0.00773073590376135
[DASH] get_dashboard_data 지연/실패() — 직전 캐시/빈값 반환
[진입유실 방지 자동보정] LONG 1000SHIB/USDT:USDT exit=2026-07-27 04:30:21 미매칭수량=2189.00000000 orderID=31388901395 tradeID=None
[진입유실 방지 자동보정] SHORT 1000SHIB/USDT:USDT exit=2026-07-27 07:36:19 미매칭수량=1348.00000000 orderID=31393184616 tradeID=None
[진입유실 방지 자동보정] SHORT 1000SHIB/USDT:USDT exit=2026-07-27 11:51:02 미매칭수량=1844.00000000 orderID=31400541745 tradeID=None
[진입유실 방지 자동보정] SHORT 1000SHIB/USDT:USDT exit=2026-07-28 06:12:27 미매칭수량=2192.00000000 orderID=31421063023 tradeID=None
[진입유실 방지 자동보정] SHORT 1000SHIB/USDT:USDT exit=2026-08-02 01:13:53 미매칭수량=1073.00000000 orderID=31502817166 tradeID=None
[진입유실 방지 자동보정] SHORT 1000SHIB/USDT:USDT exit=2026-08-02 02:01:20 미매칭수량=1074.00000000 orderID=31504220662 tradeID=None
[진입유실 방지 자동보정] SHORT 1000SHIB/USDT:USDT exit=2026-08-02 09:45:32 미매칭수량=2285.00000000 orderID=31510623049 tradeID=None
[진입유실 방지 자동보정] SHORT 1000SHIB/USDT:USDT exit=2026-08-02 10:35:19 미매칭수량=2280.00000000 orderID=31511192196 tradeID=None
[진입유실 방지 자동보정] LONG DOGE/USDT:USDT exit=2026-07-28 09:50:41 미매칭수량=163.00000000 orderID=100915175009 tradeID=None
[진입유실 방지 자동보정] SHORT DOGE/USDT:USDT exit=2026-07-28 20:36:48 미매칭수량=357.00000000 orderID=100925180835 tradeID=None
[진입유실 방지 자동보정] SHORT DOGE/USDT:USDT exit=2026-07-28 23:00:41 미매칭수량=286.00000000 orderID=100927596061 tradeID=None
[진입유실 방지 자동보정] SHORT DOGE/USDT:USDT exit=2026-07-30 20:51:14 미매칭수량=345.00000000 orderID=100976583122 tradeID=None
[진입유실 방지 자동보정] SHORT DOGE/USDT:USDT exit=2026-07-31 10:01:31 미매칭수량=334.00000000 orderID=100988356319 tradeID=None
[진입유실 방지 자동보정] SHORT DOGE/USDT:USDT exit=2026-08-01 18:02:18 미매칭수량=306.00000000 orderID=101015266902 tradeID=None
[진입유실 방지 자동보정] LONG DOGE/USDT:USDT exit=2026-08-02 11:07:47 미매칭수량=259.00000000 orderID=101028099752 tradeID=None
[진입유실 방지 자동보정] SHORT SOL/USDT:USDT exit=2026-07-29 22:32:08 미매칭수량=0.26000000 orderID=229957663104 tradeID=None
[진입유실 방지 자동보정] LONG SOL/USDT:USDT exit=2026-07-30 02:59:19 미매칭수량=0.33000000 orderID=229996023316 tradeID=None
[진입유실 방지 자동보정] LONG SOL/USDT:USDT exit=2026-07-30 03:32:08 미매칭수량=0.27000000 orderID=230002018782 tradeID=None
[진입유실 방지 자동보정] SHORT SOL/USDT:USDT exit=2026-07-30 20:09:26 미매칭수량=0.32000000 orderID=230154249399 tradeID=None
[진입유실 방지 자동보정] SHORT SOL/USDT:USDT exit=2026-07-30 20:37:48 미매칭수량=0.32000000 orderID=230157644550 tradeID=None
[진입유실 방지 자동보정] SHORT SOL/USDT:USDT exit=2026-08-01 10:32:26 미매칭수량=0.29000000 orderID=230440972735 tradeID=None
[진입유실 방지 자동보정] LONG SOL/USDT:USDT exit=2026-08-02 01:55:54 미매칭수량=0.25000000 orderID=230506472518 tradeID=None
[진입유실 방지 자동보정] LONG SOL/USDT:USDT exit=2026-08-02 03:24:55 미매칭수량=0.20000000 orderID=230517041657 tradeID=None
[진입유실 방지 자동보정] LONG XRP/USDT:USDT exit=2026-07-30 03:32:09 미매칭수량=14.70000000 orderID=154591436270 tradeID=None
[진입유실 방지 자동보정] LONG XRP/USDT:USDT exit=2026-07-30 08:06:13 미매칭수량=18.50000000 orderID=154605732461 tradeID=None
[진입유실 방지 자동보정] LONG XRP/USDT:USDT exit=2026-07-30 22:11:04 미매칭수량=17.50000000 orderID=154637963852 tradeID=None
[진입유실 방지 자동보정] SHORT XRP/USDT:USDT exit=2026-07-31 15:18:55 미매칭수량=28.50000000 orderID=154681353788 tradeID=None
[진입유실 방지 자동보정] LONG XRP/USDT:USDT exit=2026-08-02 07:48:27 미매칭수량=6.70000000 orderID=154765042288 tradeID=None
[진입유실 방지 자동보정] LONG XRP/USDT:USDT exit=2026-08-02 08:25:19 미매칭수량=6.70000000 orderID=154766072211 tradeID=None
[진입유실 방지 자동보정] LONG XRP/USDT:USDT exit=2026-08-02 11:07:15 미매칭수량=16.80000000 orderID=154770811661 tradeID=None
[진입유실 방지 자동보정] SHORT 1000PEPE/USDT:USDT exit=2026-08-02 02:31:36 미매칭수량=1968.00000000 orderID=61389681657 tradeID=None
[진입유실 방지 자동보정] SHORT 1000PEPE/USDT:USDT exit=2026-08-02 02:52:29 미매칭수량=1969.00000000 orderID=61390079427 tradeID=None
[진입유실 방지 자동보정] SHORT 1000PEPE/USDT:USDT exit=2026-08-02 09:25:39 미매칭수량=7585.00000000 orderID=61394822102 tradeID=None
[진입유실 방지 자동보정] SHORT IDOL/USDT:USDT exit=2026-08-02 10:17:17 미매칭수량=445.00000000 orderID=523897304 tradeID=None
[BNB/USDT:USDT] 래칫 위반 시도 차단 (Long): old=582.4670916177002 -> new=582.4320135952016
[BNB/USDT:USDT] 래칫 위반 시도 차단 (Long): old=582.4670916177002 -> new=582.4320135952016
[DASH] get_dashboard_data 지연/실패() — 직전 캐시/빈값 반환
[진입유실 방지 자동보정] LONG 1000SHIB/USDT:USDT exit=2026-07-27 04:30:21 미매칭수량=2189.00000000 orderID=31388901395 tradeID=None
[진입유실 방지 자동보정] SHORT 1000SHIB/USDT:USDT exit=2026-07-27 07:36:19 미매칭수량=1348.00000000 orderID=31393184616 tradeID=None
[진입유실 방지 자동보정] SHORT 1000SHIB/USDT:USDT exit=2026-07-27 11:51:02 미매칭수량=1844.00000000 orderID=31400541745 tradeID=None
[진입유실 방지 자동보정] SHORT 1000SHIB/USDT:USDT exit=2026-07-28 06:12:27 미매칭수량=2192.00000000 orderID=31421063023 tradeID=None
[진입유실 방지 자동보정] SHORT 1000SHIB/USDT:USDT exit=2026-08-02 01:13:53 미매칭수량=1073.00000000 orderID=31502817166 tradeID=None
[진입유실 방지 자동보정] SHORT 1000SHIB/USDT:USDT exit=2026-08-02 02:01:20 미매칭수량=1074.00000000 orderID=31504220662 tradeID=None
[진입유실 방지 자동보정] SHORT 1000SHIB/USDT:USDT exit=2026-08-02 09:45:32 미매칭수량=2285.00000000 orderID=31510623049 tradeID=None
[진입유실 방지 자동보정] SHORT 1000SHIB/USDT:USDT exit=2026-08-02 10:35:19 미매칭수량=2280.00000000 orderID=31511192196 tradeID=None
[진입유실 방지 자동보정] LONG DOGE/USDT:USDT exit=2026-07-28 09:50:41 미매칭수량=163.00000000 orderID=100915175009 tradeID=None
[진입유실 방지 자동보정] SHORT DOGE/USDT:USDT exit=2026-07-28 20:36:48 미매칭수량=357.00000000 orderID=100925180835 tradeID=None
[진입유실 방지 자동보정] SHORT DOGE/USDT:USDT exit=2026-07-28 23:00:41 미매칭수량=286.00000000 orderID=100927596061 tradeID=None
[진입유실 방지 자동보정] SHORT DOGE/USDT:USDT exit=2026-07-30 20:51:14 미매칭수량=345.00000000 orderID=100976583122 tradeID=None
[진입유실 방지 자동보정] SHORT DOGE/USDT:USDT exit=2026-07-31 10:01:31 미매칭수량=334.00000000 orderID=100988356319 tradeID=None
[진입유실 방지 자동보정] SHORT DOGE/USDT:USDT exit=2026-08-01 18:02:18 미매칭수량=306.00000000 orderID=101015266902 tradeID=None
[진입유실 방지 자동보정] LONG DOGE/USDT:USDT exit=2026-08-02 11:07:47 미매칭수량=259.00000000 orderID=101028099752 tradeID=None
[진입유실 방지 자동보정] SHORT SOL/USDT:USDT exit=2026-07-29 22:32:08 미매칭수량=0.26000000 orderID=229957663104 tradeID=None
[진입유실 방지 자동보정] LONG SOL/USDT:USDT exit=2026-07-30 02:59:19 미매칭수량=0.33000000 orderID=229996023316 tradeID=None
[진입유실 방지 자동보정] LONG SOL/USDT:USDT exit=2026-07-30 03:32:08 미매칭수량=0.27000000 orderID=230002018782 tradeID=None
[진입유실 방지 자동보정] SHORT SOL/USDT:USDT exit=2026-07-30 20:09:26 미매칭수량=0.32000000 orderID=230154249399 tradeID=None
[진입유실 방지 자동보정] SHORT SOL/USDT:USDT exit=2026-07-30 20:37:48 미매칭수량=0.32000000 orderID=230157644550 tradeID=None
[진입유실 방지 자동보정] SHORT SOL/USDT:USDT exit=2026-08-01 10:32:26 미매칭수량=0.29000000 orderID=230440972735 tradeID=None
[진입유실 방지 자동보정] LONG SOL/USDT:USDT exit=2026-08-02 01:55:54 미매칭수량=0.25000000 orderID=230506472518 tradeID=None
[진입유실 방지 자동보정] LONG SOL/USDT:USDT exit=2026-08-02 03:24:55 미매칭수량=0.20000000 orderID=230517041657 tradeID=None
[진입유실 방지 자동보정] LONG XRP/USDT:USDT exit=2026-07-30 03:32:09 미매칭수량=14.70000000 orderID=154591436270 tradeID=None
[진입유실 방지 자동보정] LONG XRP/USDT:USDT exit=2026-07-30 08:06:13 미매칭수량=18.50000000 orderID=154605732461 tradeID=None
[진입유실 방지 자동보정] LONG XRP/USDT:USDT exit=2026-07-30 22:11:04 미매칭수량=17.50000000 orderID=154637963852 tradeID=None
[진입유실 방지 자동보정] SHORT XRP/USDT:USDT exit=2026-07-31 15:18:55 미매칭수량=28.50000000 orderID=154681353788 tradeID=None
[진입유실 방지 자동보정] LONG XRP/USDT:USDT exit=2026-08-02 07:48:27 미매칭수량=6.70000000 orderID=154765042288 tradeID=None
[진입유실 방지 자동보정] LONG XRP/USDT:USDT exit=2026-08-02 08:25:19 미매칭수량=6.70000000 orderID=154766072211 tradeID=None
[진입유실 방지 자동보정] LONG XRP/USDT:USDT exit=2026-08-02 11:07:15 미매칭수량=16.80000000 orderID=154770811661 tradeID=None
[진입유실 방지 자동보정] SHORT 1000PEPE/USDT:USDT exit=2026-08-02 02:31:36 미매칭수량=1968.00000000 orderID=61389681657 tradeID=None
[진입유실 방지 자동보정] SHORT 1000PEPE/USDT:USDT exit=2026-08-02 02:52:29 미매칭수량=1969.00000000 orderID=61390079427 tradeID=None
[진입유실 방지 자동보정] SHORT 1000PEPE/USDT:USDT exit=2026-08-02 09:25:39 미매칭수량=7585.00000000 orderID=61394822102 tradeID=None
[진입유실 방지 자동보정] SHORT IDOL/USDT:USDT exit=2026-08-02 10:17:17 미매칭수량=445.00000000 orderID=523897304 tradeID=None
[BNB/USDT:USDT] 래칫 위반 시도 차단 (Long): old=582.4670916177002 -> new=582.4320135952016
  Stopping...

===== [2026-08-02 23:27:36] watchdog 실행: 8408_ui =====

  You can now view your Streamlit app in your browser.

  URL: http://localhost:8408

  For better performance, install the Watchdog module:

  $ xcode-select --install
  $ pip install watchdog
            
/Users/l/project/8408/venv/lib/python3.9/site-packages/urllib3/__init__.py:35: NotOpenSSLWarning: urllib3 v2 only supports OpenSSL 1.1.1+, currently the 'ssl' module is compiled with 'LibreSSL 2.8.3'. See: https://github.com/urllib3/urllib3/issues/3020
  warnings.warn(
[FSM] 유효하지 않은 전이: CONNECTING → CONNECTING
binance requires to release all resources with an explicit call to the .close() coroutine. If you are using the exchange instance with async coroutines, add `await exchange.close()` to your code into a place when you're done with the exchange and don't need the exchange instance anymore (at the end of your async coroutine).
Unclosed client session
client_session: <aiohttp.client.ClientSession object at 0x118839430>
Unclosed connector
connections: ['deque([(<aiohttp.client_proto.ResponseHandler object at 0x1188236a0>, 2.663444208), (<aiohttp.client_proto.ResponseHandler object at 0x118ad6c40>, 2.673653875)])', 'deque([(<aiohttp.client_proto.ResponseHandler object at 0x118aa5520>, 2.811831833)])', 'deque([(<aiohttp.client_proto.ResponseHandler object at 0x118aa5700>, 3.696997333)])']
connector: <aiohttp.connector.TCPConnector object at 0x118654fa0>
[FSM] 유효하지 않은 전이: CONNECTED → CONNECTED
[진입유실 방지 자동보정] LONG 1000SHIB/USDT:USDT exit=2026-07-27 04:30:21 미매칭수량=2189.00000000 orderID=31388901395 tradeID=None
[진입유실 방지 자동보정] SHORT 1000SHIB/USDT:USDT exit=2026-07-27 07:36:19 미매칭수량=1348.00000000 orderID=31393184616 tradeID=None
[진입유실 방지 자동보정] SHORT 1000SHIB/USDT:USDT exit=2026-07-27 11:51:02 미매칭수량=1844.00000000 orderID=31400541745 tradeID=None
[진입유실 방지 자동보정] SHORT 1000SHIB/USDT:USDT exit=2026-07-28 06:12:27 미매칭수량=2192.00000000 orderID=31421063023 tradeID=None
[진입유실 방지 자동보정] SHORT 1000SHIB/USDT:USDT exit=2026-08-02 01:13:53 미매칭수량=1073.00000000 orderID=31502817166 tradeID=None
[진입유실 방지 자동보정] SHORT 1000SHIB/USDT:USDT exit=2026-08-02 02:01:20 미매칭수량=1074.00000000 orderID=31504220662 tradeID=None
[진입유실 방지 자동보정] SHORT 1000SHIB/USDT:USDT exit=2026-08-02 09:45:32 미매칭수량=2285.00000000 orderID=31510623049 tradeID=None
[진입유실 방지 자동보정] SHORT 1000SHIB/USDT:USDT exit=2026-08-02 10:35:19 미매칭수량=2280.00000000 orderID=31511192196 tradeID=None
[진입유실 방지 자동보정] LONG DOGE/USDT:USDT exit=2026-07-28 09:50:41 미매칭수량=163.00000000 orderID=100915175009 tradeID=None
[진입유실 방지 자동보정] SHORT DOGE/USDT:USDT exit=2026-07-28 20:36:48 미매칭수량=357.00000000 orderID=100925180835 tradeID=None
[진입유실 방지 자동보정] SHORT DOGE/USDT:USDT exit=2026-07-28 23:00:41 미매칭수량=286.00000000 orderID=100927596061 tradeID=None
[진입유실 방지 자동보정] SHORT DOGE/USDT:USDT exit=2026-07-30 20:51:14 미매칭수량=345.00000000 orderID=100976583122 tradeID=None
[진입유실 방지 자동보정] SHORT DOGE/USDT:USDT exit=2026-07-31 10:01:31 미매칭수량=334.00000000 orderID=100988356319 tradeID=None
[진입유실 방지 자동보정] SHORT DOGE/USDT:USDT exit=2026-08-01 18:02:18 미매칭수량=306.00000000 orderID=101015266902 tradeID=None
[진입유실 방지 자동보정] LONG DOGE/USDT:USDT exit=2026-08-02 11:07:47 미매칭수량=259.00000000 orderID=101028099752 tradeID=None
[진입유실 방지 자동보정] SHORT SOL/USDT:USDT exit=2026-07-29 22:32:08 미매칭수량=0.26000000 orderID=229957663104 tradeID=None
[진입유실 방지 자동보정] LONG SOL/USDT:USDT exit=2026-07-30 02:59:19 미매칭수량=0.33000000 orderID=229996023316 tradeID=None
[진입유실 방지 자동보정] LONG SOL/USDT:USDT exit=2026-07-30 03:32:08 미매칭수량=0.27000000 orderID=230002018782 tradeID=None
[진입유실 방지 자동보정] SHORT SOL/USDT:USDT exit=2026-07-30 20:09:26 미매칭수량=0.32000000 orderID=230154249399 tradeID=None
[진입유실 방지 자동보정] SHORT SOL/USDT:USDT exit=2026-07-30 20:37:48 미매칭수량=0.32000000 orderID=230157644550 tradeID=None
[진입유실 방지 자동보정] SHORT SOL/USDT:USDT exit=2026-08-01 10:32:26 미매칭수량=0.29000000 orderID=230440972735 tradeID=None
[진입유실 방지 자동보정] LONG SOL/USDT:USDT exit=2026-08-02 01:55:54 미매칭수량=0.25000000 orderID=230506472518 tradeID=None
[진입유실 방지 자동보정] LONG SOL/USDT:USDT exit=2026-08-02 03:24:55 미매칭수량=0.20000000 orderID=230517041657 tradeID=None
[진입유실 방지 자동보정] LONG XRP/USDT:USDT exit=2026-07-30 03:32:09 미매칭수량=14.70000000 orderID=154591436270 tradeID=None
[진입유실 방지 자동보정] LONG XRP/USDT:USDT exit=2026-07-30 08:06:13 미매칭수량=18.50000000 orderID=154605732461 tradeID=None
[진입유실 방지 자동보정] LONG XRP/USDT:USDT exit=2026-07-30 22:11:04 미매칭수량=17.50000000 orderID=154637963852 tradeID=None
[진입유실 방지 자동보정] SHORT XRP/USDT:USDT exit=2026-07-31 15:18:55 미매칭수량=28.50000000 orderID=154681353788 tradeID=None
[진입유실 방지 자동보정] LONG XRP/USDT:USDT exit=2026-08-02 07:48:27 미매칭수량=6.70000000 orderID=154765042288 tradeID=None
[진입유실 방지 자동보정] LONG XRP/USDT:USDT exit=2026-08-02 08:25:19 미매칭수량=6.70000000 orderID=154766072211 tradeID=None
[진입유실 방지 자동보정] LONG XRP/USDT:USDT exit=2026-08-02 11:07:15 미매칭수량=16.80000000 orderID=154770811661 tradeID=None
[진입유실 방지 자동보정] SHORT 1000PEPE/USDT:USDT exit=2026-08-02 02:31:36 미매칭수량=1968.00000000 orderID=61389681657 tradeID=None
[진입유실 방지 자동보정] SHORT 1000PEPE/USDT:USDT exit=2026-08-02 02:52:29 미매칭수량=1969.00000000 orderID=61390079427 tradeID=None
[진입유실 방지 자동보정] SHORT 1000PEPE/USDT:USDT exit=2026-08-02 09:25:39 미매칭수량=7585.00000000 orderID=61394822102 tradeID=None
[진입유실 방지 자동보정] SHORT IDOL/USDT:USDT exit=2026-08-02 10:17:17 미매칭수량=445.00000000 orderID=523897304 tradeID=None
[진입유실 방지 자동보정] LONG 1000SHIB/USDT:USDT exit=2026-07-27 04:30:21 미매칭수량=2189.00000000 orderID=31388901395 tradeID=None
[진입유실 방지 자동보정] SHORT 1000SHIB/USDT:USDT exit=2026-07-27 07:36:19 미매칭수량=1348.00000000 orderID=31393184616 tradeID=None
[진입유실 방지 자동보정] SHORT 1000SHIB/USDT:USDT exit=2026-07-27 11:51:02 미매칭수량=1844.00000000 orderID=31400541745 tradeID=None
[진입유실 방지 자동보정] SHORT 1000SHIB/USDT:USDT exit=2026-07-28 06:12:27 미매칭수량=2192.00000000 orderID=31421063023 tradeID=None
[진입유실 방지 자동보정] SHORT 1000SHIB/USDT:USDT exit=2026-08-02 01:13:53 미매칭수량=1073.00000000 orderID=31502817166 tradeID=None
[진입유실 방지 자동보정] SHORT 1000SHIB/USDT:USDT exit=2026-08-02 02:01:20 미매칭수량=1074.00000000 orderID=31504220662 tradeID=None
[진입유실 방지 자동보정] SHORT 1000SHIB/USDT:USDT exit=2026-08-02 09:45:32 미매칭수량=2285.00000000 orderID=31510623049 tradeID=None
[진입유실 방지 자동보정] SHORT 1000SHIB/USDT:USDT exit=2026-08-02 10:35:19 미매칭수량=2280.00000000 orderID=31511192196 tradeID=None
[진입유실 방지 자동보정] LONG DOGE/USDT:USDT exit=2026-07-28 09:50:41 미매칭수량=163.00000000 orderID=100915175009 tradeID=None
[진입유실 방지 자동보정] SHORT DOGE/USDT:USDT exit=2026-07-28 20:36:48 미매칭수량=357.00000000 orderID=100925180835 tradeID=None
[진입유실 방지 자동보정] SHORT DOGE/USDT:USDT exit=2026-07-28 23:00:41 미매칭수량=286.00000000 orderID=100927596061 tradeID=None
[진입유실 방지 자동보정] SHORT DOGE/USDT:USDT exit=2026-07-30 20:51:14 미매칭수량=345.00000000 orderID=100976583122 tradeID=None
[진입유실 방지 자동보정] SHORT DOGE/USDT:USDT exit=2026-07-31 10:01:31 미매칭수량=334.00000000 orderID=100988356319 tradeID=None
[진입유실 방지 자동보정] SHORT DOGE/USDT:USDT exit=2026-08-01 18:02:18 미매칭수량=306.00000000 orderID=101015266902 tradeID=None
[진입유실 방지 자동보정] LONG DOGE/USDT:USDT exit=2026-08-02 11:07:47 미매칭수량=259.00000000 orderID=101028099752 tradeID=None
[진입유실 방지 자동보정] SHORT SOL/USDT:USDT exit=2026-07-29 22:32:08 미매칭수량=0.26000000 orderID=229957663104 tradeID=None
[진입유실 방지 자동보정] LONG SOL/USDT:USDT exit=2026-07-30 02:59:19 미매칭수량=0.33000000 orderID=229996023316 tradeID=None
[진입유실 방지 자동보정] LONG SOL/USDT:USDT exit=2026-07-30 03:32:08 미매칭수량=0.27000000 orderID=230002018782 tradeID=None
[진입유실 방지 자동보정] SHORT SOL/USDT:USDT exit=2026-07-30 20:09:26 미매칭수량=0.32000000 orderID=230154249399 tradeID=None
[진입유실 방지 자동보정] SHORT SOL/USDT:USDT exit=2026-07-30 20:37:48 미매칭수량=0.32000000 orderID=230157644550 tradeID=None
[진입유실 방지 자동보정] SHORT SOL/USDT:USDT exit=2026-08-01 10:32:26 미매칭수량=0.29000000 orderID=230440972735 tradeID=None
[진입유실 방지 자동보정] LONG SOL/USDT:USDT exit=2026-08-02 01:55:54 미매칭수량=0.25000000 orderID=230506472518 tradeID=None
[진입유실 방지 자동보정] LONG SOL/USDT:USDT exit=2026-08-02 03:24:55 미매칭수량=0.20000000 orderID=230517041657 tradeID=None
[진입유실 방지 자동보정] LONG XRP/USDT:USDT exit=2026-07-30 03:32:09 미매칭수량=14.70000000 orderID=154591436270 tradeID=None
[진입유실 방지 자동보정] LONG XRP/USDT:USDT exit=2026-07-30 08:06:13 미매칭수량=18.50000000 orderID=154605732461 tradeID=None
[진입유실 방지 자동보정] LONG XRP/USDT:USDT exit=2026-07-30 22:11:04 미매칭수량=17.50000000 orderID=154637963852 tradeID=None
[진입유실 방지 자동보정] SHORT XRP/USDT:USDT exit=2026-07-31 15:18:55 미매칭수량=28.50000000 orderID=154681353788 tradeID=None
[진입유실 방지 자동보정] LONG XRP/USDT:USDT exit=2026-08-02 07:48:27 미매칭수량=6.70000000 orderID=154765042288 tradeID=None
[진입유실 방지 자동보정] LONG XRP/USDT:USDT exit=2026-08-02 08:25:19 미매칭수량=6.70000000 orderID=154766072211 tradeID=None
[진입유실 방지 자동보정] LONG XRP/USDT:USDT exit=2026-08-02 11:07:15 미매칭수량=16.80000000 orderID=154770811661 tradeID=None
[진입유실 방지 자동보정] SHORT 1000PEPE/USDT:USDT exit=2026-08-02 02:31:36 미매칭수량=1968.00000000 orderID=61389681657 tradeID=None
[진입유실 방지 자동보정] SHORT 1000PEPE/USDT:USDT exit=2026-08-02 02:52:29 미매칭수량=1969.00000000 orderID=61390079427 tradeID=None
[진입유실 방지 자동보정] SHORT 1000PEPE/USDT:USDT exit=2026-08-02 09:25:39 미매칭수량=7585.00000000 orderID=61394822102 tradeID=None
[진입유실 방지 자동보정] SHORT IDOL/USDT:USDT exit=2026-08-02 10:17:17 미매칭수량=445.00000000 orderID=523897304 tradeID=None
[진입유실 방지 자동보정] LONG 1000SHIB/USDT:USDT exit=2026-07-27 04:30:21 미매칭수량=2189.00000000 orderID=31388901395 tradeID=None
[진입유실 방지 자동보정] SHORT 1000SHIB/USDT:USDT exit=2026-07-27 07:36:19 미매칭수량=1348.00000000 orderID=31393184616 tradeID=None
[진입유실 방지 자동보정] SHORT 1000SHIB/USDT:USDT exit=2026-07-27 11:51:02 미매칭수량=1844.00000000 orderID=31400541745 tradeID=None
[진입유실 방지 자동보정] SHORT 1000SHIB/USDT:USDT exit=2026-07-28 06:12:27 미매칭수량=2192.00000000 orderID=31421063023 tradeID=None
[진입유실 방지 자동보정] SHORT 1000SHIB/USDT:USDT exit=2026-08-02 01:13:53 미매칭수량=1073.00000000 orderID=31502817166 tradeID=None
[진입유실 방지 자동보정] SHORT 1000SHIB/USDT:USDT exit=2026-08-02 02:01:20 미매칭수량=1074.00000000 orderID=31504220662 tradeID=None
[진입유실 방지 자동보정] SHORT 1000SHIB/USDT:USDT exit=2026-08-02 09:45:32 미매칭수량=2285.00000000 orderID=31510623049 tradeID=None
[진입유실 방지 자동보정] SHORT 1000SHIB/USDT:USDT exit=2026-08-02 10:35:19 미매칭수량=2280.00000000 orderID=31511192196 tradeID=None
[진입유실 방지 자동보정] LONG DOGE/USDT:USDT exit=2026-07-28 09:50:41 미매칭수량=163.00000000 orderID=100915175009 tradeID=None
[진입유실 방지 자동보정] SHORT DOGE/USDT:USDT exit=2026-07-28 20:36:48 미매칭수량=357.00000000 orderID=100925180835 tradeID=None
[진입유실 방지 자동보정] SHORT DOGE/USDT:USDT exit=2026-07-28 23:00:41 미매칭수량=286.00000000 orderID=100927596061 tradeID=None
[진입유실 방지 자동보정] SHORT DOGE/USDT:USDT exit=2026-07-30 20:51:14 미매칭수량=345.00000000 orderID=100976583122 tradeID=None
[진입유실 방지 자동보정] SHORT DOGE/USDT:USDT exit=2026-07-31 10:01:31 미매칭수량=334.00000000 orderID=100988356319 tradeID=None
[진입유실 방지 자동보정] SHORT DOGE/USDT:USDT exit=2026-08-01 18:02:18 미매칭수량=306.00000000 orderID=101015266902 tradeID=None
[진입유실 방지 자동보정] LONG DOGE/USDT:USDT exit=2026-08-02 11:07:47 미매칭수량=259.00000000 orderID=101028099752 tradeID=None
[진입유실 방지 자동보정] SHORT SOL/USDT:USDT exit=2026-07-29 22:32:08 미매칭수량=0.26000000 orderID=229957663104 tradeID=None
[진입유실 방지 자동보정] LONG SOL/USDT:USDT exit=2026-07-30 02:59:19 미매칭수량=0.33000000 orderID=229996023316 tradeID=None
[진입유실 방지 자동보정] LONG SOL/USDT:USDT exit=2026-07-30 03:32:08 미매칭수량=0.27000000 orderID=230002018782 tradeID=None
[진입유실 방지 자동보정] SHORT SOL/USDT:USDT exit=2026-07-30 20:09:26 미매칭수량=0.32000000 orderID=230154249399 tradeID=None
[진입유실 방지 자동보정] SHORT SOL/USDT:USDT exit=2026-07-30 20:37:48 미매칭수량=0.32000000 orderID=230157644550 tradeID=None
[진입유실 방지 자동보정] SHORT SOL/USDT:USDT exit=2026-08-01 10:32:26 미매칭수량=0.29000000 orderID=230440972735 tradeID=None
[진입유실 방지 자동보정] LONG SOL/USDT:USDT exit=2026-08-02 01:55:54 미매칭수량=0.25000000 orderID=230506472518 tradeID=None
[진입유실 방지 자동보정] LONG SOL/USDT:USDT exit=2026-08-02 03:24:55 미매칭수량=0.20000000 orderID=230517041657 tradeID=None
[진입유실 방지 자동보정] LONG XRP/USDT:USDT exit=2026-07-30 03:32:09 미매칭수량=14.70000000 orderID=154591436270 tradeID=None
[진입유실 방지 자동보정] LONG XRP/USDT:USDT exit=2026-07-30 08:06:13 미매칭수량=18.50000000 orderID=154605732461 tradeID=None
[진입유실 방지 자동보정] LONG XRP/USDT:USDT exit=2026-07-30 22:11:04 미매칭수량=17.50000000 orderID=154637963852 tradeID=None
[진입유실 방지 자동보정] SHORT XRP/USDT:USDT exit=2026-07-31 15:18:55 미매칭수량=28.50000000 orderID=154681353788 tradeID=None
[진입유실 방지 자동보정] LONG XRP/USDT:USDT exit=2026-08-02 07:48:27 미매칭수량=6.70000000 orderID=154765042288 tradeID=None
[진입유실 방지 자동보정] LONG XRP/USDT:USDT exit=2026-08-02 08:25:19 미매칭수량=6.70000000 orderID=154766072211 tradeID=None
[진입유실 방지 자동보정] LONG XRP/USDT:USDT exit=2026-08-02 11:07:15 미매칭수량=16.80000000 orderID=154770811661 tradeID=None
[진입유실 방지 자동보정] SHORT 1000PEPE/USDT:USDT exit=2026-08-02 02:31:36 미매칭수량=1968.00000000 orderID=61389681657 tradeID=None
[진입유실 방지 자동보정] SHORT 1000PEPE/USDT:USDT exit=2026-08-02 02:52:29 미매칭수량=1969.00000000 orderID=61390079427 tradeID=None
[진입유실 방지 자동보정] SHORT 1000PEPE/USDT:USDT exit=2026-08-02 09:25:39 미매칭수량=7585.00000000 orderID=61394822102 tradeID=None
[진입유실 방지 자동보정] SHORT IDOL/USDT:USDT exit=2026-08-02 10:17:17 미매칭수량=445.00000000 orderID=523897304 tradeID=None
[진입유실 방지 자동보정] LONG 1000SHIB/USDT:USDT exit=2026-07-27 04:30:21 미매칭수량=2189.00000000 orderID=31388901395 tradeID=None
[진입유실 방지 자동보정] SHORT 1000SHIB/USDT:USDT exit=2026-07-27 07:36:19 미매칭수량=1348.00000000 orderID=31393184616 tradeID=None
[진입유실 방지 자동보정] SHORT 1000SHIB/USDT:USDT exit=2026-07-27 11:51:02 미매칭수량=1844.00000000 orderID=31400541745 tradeID=None
[진입유실 방지 자동보정] SHORT 1000SHIB/USDT:USDT exit=2026-07-28 06:12:27 미매칭수량=2192.00000000 orderID=31421063023 tradeID=None
[진입유실 방지 자동보정] SHORT 1000SHIB/USDT:USDT exit=2026-08-02 01:13:53 미매칭수량=1073.00000000 orderID=31502817166 tradeID=None
[진입유실 방지 자동보정] SHORT 1000SHIB/USDT:USDT exit=2026-08-02 02:01:20 미매칭수량=1074.00000000 orderID=31504220662 tradeID=None
[진입유실 방지 자동보정] SHORT 1000SHIB/USDT:USDT exit=2026-08-02 09:45:32 미매칭수량=2285.00000000 orderID=31510623049 tradeID=None
[진입유실 방지 자동보정] SHORT 1000SHIB/USDT:USDT exit=2026-08-02 10:35:19 미매칭수량=2280.00000000 orderID=31511192196 tradeID=None
[진입유실 방지 자동보정] LONG DOGE/USDT:USDT exit=2026-07-28 09:50:41 미매칭수량=163.00000000 orderID=100915175009 tradeID=None
[진입유실 방지 자동보정] SHORT DOGE/USDT:USDT exit=2026-07-28 20:36:48 미매칭수량=357.00000000 orderID=100925180835 tradeID=None
[진입유실 방지 자동보정] SHORT DOGE/USDT:USDT exit=2026-07-28 23:00:41 미매칭수량=286.00000000 orderID=100927596061 tradeID=None
[진입유실 방지 자동보정] SHORT DOGE/USDT:USDT exit=2026-07-30 20:51:14 미매칭수량=345.00000000 orderID=100976583122 tradeID=None
[진입유실 방지 자동보정] SHORT DOGE/USDT:USDT exit=2026-07-31 10:01:31 미매칭수량=334.00000000 orderID=100988356319 tradeID=None
[진입유실 방지 자동보정] SHORT DOGE/USDT:USDT exit=2026-08-01 18:02:18 미매칭수량=306.00000000 orderID=101015266902 tradeID=None
[진입유실 방지 자동보정] LONG DOGE/USDT:USDT exit=2026-08-02 11:07:47 미매칭수량=259.00000000 orderID=101028099752 tradeID=None
[진입유실 방지 자동보정] SHORT SOL/USDT:USDT exit=2026-07-29 22:32:08 미매칭수량=0.26000000 orderID=229957663104 tradeID=None
[진입유실 방지 자동보정] LONG SOL/USDT:USDT exit=2026-07-30 02:59:19 미매칭수량=0.33000000 orderID=229996023316 tradeID=None
[진입유실 방지 자동보정] LONG SOL/USDT:USDT exit=2026-07-30 03:32:08 미매칭수량=0.27000000 orderID=230002018782 tradeID=None
[진입유실 방지 자동보정] SHORT SOL/USDT:USDT exit=2026-07-30 20:09:26 미매칭수량=0.32000000 orderID=230154249399 tradeID=None
[진입유실 방지 자동보정] SHORT SOL/USDT:USDT exit=2026-07-30 20:37:48 미매칭수량=0.32000000 orderID=230157644550 tradeID=None
[진입유실 방지 자동보정] SHORT SOL/USDT:USDT exit=2026-08-01 10:32:26 미매칭수량=0.29000000 orderID=230440972735 tradeID=None
[진입유실 방지 자동보정] LONG SOL/USDT:USDT exit=2026-08-02 01:55:54 미매칭수량=0.25000000 orderID=230506472518 tradeID=None
[진입유실 방지 자동보정] LONG SOL/USDT:USDT exit=2026-08-02 03:24:55 미매칭수량=0.20000000 orderID=230517041657 tradeID=None
[진입유실 방지 자동보정] LONG XRP/USDT:USDT exit=2026-07-30 03:32:09 미매칭수량=14.70000000 orderID=154591436270 tradeID=None
[진입유실 방지 자동보정] LONG XRP/USDT:USDT exit=2026-07-30 08:06:13 미매칭수량=18.50000000 orderID=154605732461 tradeID=None
[진입유실 방지 자동보정] LONG XRP/USDT:USDT exit=2026-07-30 22:11:04 미매칭수량=17.50000000 orderID=154637963852 tradeID=None
[진입유실 방지 자동보정] SHORT XRP/USDT:USDT exit=2026-07-31 15:18:55 미매칭수량=28.50000000 orderID=154681353788 tradeID=None
[진입유실 방지 자동보정] LONG XRP/USDT:USDT exit=2026-08-02 07:48:27 미매칭수량=6.70000000 orderID=154765042288 tradeID=None
[진입유실 방지 자동보정] LONG XRP/USDT:USDT exit=2026-08-02 08:25:19 미매칭수량=6.70000000 orderID=154766072211 tradeID=None
[진입유실 방지 자동보정] LONG XRP/USDT:USDT exit=2026-08-02 11:07:15 미매칭수량=16.80000000 orderID=154770811661 tradeID=None
[진입유실 방지 자동보정] SHORT 1000PEPE/USDT:USDT exit=2026-08-02 02:31:36 미매칭수량=1968.00000000 orderID=61389681657 tradeID=None
[진입유실 방지 자동보정] SHORT 1000PEPE/USDT:USDT exit=2026-08-02 02:52:29 미매칭수량=1969.00000000 orderID=61390079427 tradeID=None
[진입유실 방지 자동보정] SHORT 1000PEPE/USDT:USDT exit=2026-08-02 09:25:39 미매칭수량=7585.00000000 orderID=61394822102 tradeID=None
[진입유실 방지 자동보정] SHORT IDOL/USDT:USDT exit=2026-08-02 10:17:17 미매칭수량=445.00000000 orderID=523897304 tradeID=None
[진입유실 방지 자동보정] LONG 1000SHIB/USDT:USDT exit=2026-07-27 04:30:21 미매칭수량=2189.00000000 orderID=31388901395 tradeID=None
[진입유실 방지 자동보정] SHORT 1000SHIB/USDT:USDT exit=2026-07-27 07:36:19 미매칭수량=1348.00000000 orderID=31393184616 tradeID=None
[진입유실 방지 자동보정] SHORT 1000SHIB/USDT:USDT exit=2026-07-27 11:51:02 미매칭수량=1844.00000000 orderID=31400541745 tradeID=None
[진입유실 방지 자동보정] SHORT 1000SHIB/USDT:USDT exit=2026-07-28 06:12:27 미매칭수량=2192.00000000 orderID=31421063023 tradeID=None
[진입유실 방지 자동보정] SHORT 1000SHIB/USDT:USDT exit=2026-08-02 01:13:53 미매칭수량=1073.00000000 orderID=31502817166 tradeID=None
[진입유실 방지 자동보정] SHORT 1000SHIB/USDT:USDT exit=2026-08-02 02:01:20 미매칭수량=1074.00000000 orderID=31504220662 tradeID=None
[진입유실 방지 자동보정] SHORT 1000SHIB/USDT:USDT exit=2026-08-02 09:45:32 미매칭수량=2285.00000000 orderID=31510623049 tradeID=None
[진입유실 방지 자동보정] SHORT 1000SHIB/USDT:USDT exit=2026-08-02 10:35:19 미매칭수량=2280.00000000 orderID=31511192196 tradeID=None
[진입유실 방지 자동보정] LONG DOGE/USDT:USDT exit=2026-07-28 09:50:41 미매칭수량=163.00000000 orderID=100915175009 tradeID=None
[진입유실 방지 자동보정] SHORT DOGE/USDT:USDT exit=2026-07-28 20:36:48 미매칭수량=357.00000000 orderID=100925180835 tradeID=None
[진입유실 방지 자동보정] SHORT DOGE/USDT:USDT exit=2026-07-28 23:00:41 미매칭수량=286.00000000 orderID=100927596061 tradeID=None
[진입유실 방지 자동보정] SHORT DOGE/USDT:USDT exit=2026-07-30 20:51:14 미매칭수량=345.00000000 orderID=100976583122 tradeID=None
[진입유실 방지 자동보정] SHORT DOGE/USDT:USDT exit=2026-07-31 10:01:31 미매칭수량=334.00000000 orderID=100988356319 tradeID=None
[진입유실 방지 자동보정] SHORT DOGE/USDT:USDT exit=2026-08-01 18:02:18 미매칭수량=306.00000000 orderID=101015266902 tradeID=None
[진입유실 방지 자동보정] LONG DOGE/USDT:USDT exit=2026-08-02 11:07:47 미매칭수량=259.00000000 orderID=101028099752 tradeID=None
[진입유실 방지 자동보정] SHORT SOL/USDT:USDT exit=2026-07-29 22:32:08 미매칭수량=0.26000000 orderID=229957663104 tradeID=None
[진입유실 방지 자동보정] LONG SOL/USDT:USDT exit=2026-07-30 02:59:19 미매칭수량=0.33000000 orderID=229996023316 tradeID=None
[진입유실 방지 자동보정] LONG SOL/USDT:USDT exit=2026-07-30 03:32:08 미매칭수량=0.27000000 orderID=230002018782 tradeID=None
[진입유실 방지 자동보정] SHORT SOL/USDT:USDT exit=2026-07-30 20:09:26 미매칭수량=0.32000000 orderID=230154249399 tradeID=None
[진입유실 방지 자동보정] SHORT SOL/USDT:USDT exit=2026-07-30 20:37:48 미매칭수량=0.32000000 orderID=230157644550 tradeID=None
[진입유실 방지 자동보정] SHORT SOL/USDT:USDT exit=2026-08-01 10:32:26 미매칭수량=0.29000000 orderID=230440972735 tradeID=None
[진입유실 방지 자동보정] LONG SOL/USDT:USDT exit=2026-08-02 01:55:54 미매칭수량=0.25000000 orderID=230506472518 tradeID=None
[진입유실 방지 자동보정] LONG SOL/USDT:USDT exit=2026-08-02 03:24:55 미매칭수량=0.20000000 orderID=230517041657 tradeID=None
[진입유실 방지 자동보정] LONG XRP/USDT:USDT exit=2026-07-30 03:32:09 미매칭수량=14.70000000 orderID=154591436270 tradeID=None
[진입유실 방지 자동보정] LONG XRP/USDT:USDT exit=2026-07-30 08:06:13 미매칭수량=18.50000000 orderID=154605732461 tradeID=None
[진입유실 방지 자동보정] LONG XRP/USDT:USDT exit=2026-07-30 22:11:04 미매칭수량=17.50000000 orderID=154637963852 tradeID=None
[진입유실 방지 자동보정] SHORT XRP/USDT:USDT exit=2026-07-31 15:18:55 미매칭수량=28.50000000 orderID=154681353788 tradeID=None
[진입유실 방지 자동보정] LONG XRP/USDT:USDT exit=2026-08-02 07:48:27 미매칭수량=6.70000000 orderID=154765042288 tradeID=None
[진입유실 방지 자동보정] LONG XRP/USDT:USDT exit=2026-08-02 08:25:19 미매칭수량=6.70000000 orderID=154766072211 tradeID=None
[진입유실 방지 자동보정] LONG XRP/USDT:USDT exit=2026-08-02 11:07:15 미매칭수량=16.80000000 orderID=154770811661 tradeID=None
[진입유실 방지 자동보정] SHORT 1000PEPE/USDT:USDT exit=2026-08-02 02:31:36 미매칭수량=1968.00000000 orderID=61389681657 tradeID=None
[진입유실 방지 자동보정] SHORT 1000PEPE/USDT:USDT exit=2026-08-02 02:52:29 미매칭수량=1969.00000000 orderID=61390079427 tradeID=None
[진입유실 방지 자동보정] SHORT 1000PEPE/USDT:USDT exit=2026-08-02 09:25:39 미매칭수량=7585.00000000 orderID=61394822102 tradeID=None
[진입유실 방지 자동보정] SHORT IDOL/USDT:USDT exit=2026-08-02 10:17:17 미매칭수량=445.00000000 orderID=523897304 tradeID=None
[진입유실 방지 자동보정] LONG 1000SHIB/USDT:USDT exit=2026-07-27 04:30:21 미매칭수량=2189.00000000 orderID=31388901395 tradeID=None
[진입유실 방지 자동보정] SHORT 1000SHIB/USDT:USDT exit=2026-07-27 07:36:19 미매칭수량=1348.00000000 orderID=31393184616 tradeID=None
[진입유실 방지 자동보정] SHORT 1000SHIB/USDT:USDT exit=2026-07-27 11:51:02 미매칭수량=1844.00000000 orderID=31400541745 tradeID=None
[진입유실 방지 자동보정] SHORT 1000SHIB/USDT:USDT exit=2026-07-28 06:12:27 미매칭수량=2192.00000000 orderID=31421063023 tradeID=None
[진입유실 방지 자동보정] SHORT 1000SHIB/USDT:USDT exit=2026-08-02 01:13:53 미매칭수량=1073.00000000 orderID=31502817166 tradeID=None
[진입유실 방지 자동보정] SHORT 1000SHIB/USDT:USDT exit=2026-08-02 02:01:20 미매칭수량=1074.00000000 orderID=31504220662 tradeID=None
[진입유실 방지 자동보정] SHORT 1000SHIB/USDT:USDT exit=2026-08-02 09:45:32 미매칭수량=2285.00000000 orderID=31510623049 tradeID=None
[진입유실 방지 자동보정] SHORT 1000SHIB/USDT:USDT exit=2026-08-02 10:35:19 미매칭수량=2280.00000000 orderID=31511192196 tradeID=None
[진입유실 방지 자동보정] LONG DOGE/USDT:USDT exit=2026-07-28 09:50:41 미매칭수량=163.00000000 orderID=100915175009 tradeID=None
[진입유실 방지 자동보정] SHORT DOGE/USDT:USDT exit=2026-07-28 20:36:48 미매칭수량=357.00000000 orderID=100925180835 tradeID=None
[진입유실 방지 자동보정] SHORT DOGE/USDT:USDT exit=2026-07-28 23:00:41 미매칭수량=286.00000000 orderID=100927596061 tradeID=None
[진입유실 방지 자동보정] SHORT DOGE/USDT:USDT exit=2026-07-30 20:51:14 미매칭수량=345.00000000 orderID=100976583122 tradeID=None
[진입유실 방지 자동보정] SHORT DOGE/USDT:USDT exit=2026-07-31 10:01:31 미매칭수량=334.00000000 orderID=100988356319 tradeID=None
[진입유실 방지 자동보정] SHORT DOGE/USDT:USDT exit=2026-08-01 18:02:18 미매칭수량=306.00000000 orderID=101015266902 tradeID=None
[진입유실 방지 자동보정] LONG DOGE/USDT:USDT exit=2026-08-02 11:07:47 미매칭수량=259.00000000 orderID=101028099752 tradeID=None
[진입유실 방지 자동보정] SHORT SOL/USDT:USDT exit=2026-07-29 22:32:08 미매칭수량=0.26000000 orderID=229957663104 tradeID=None
[진입유실 방지 자동보정] LONG SOL/USDT:USDT exit=2026-07-30 02:59:19 미매칭수량=0.33000000 orderID=229996023316 tradeID=None
[진입유실 방지 자동보정] LONG SOL/USDT:USDT exit=2026-07-30 03:32:08 미매칭수량=0.27000000 orderID=230002018782 tradeID=None
[진입유실 방지 자동보정] SHORT SOL/USDT:USDT exit=2026-07-30 20:09:26 미매칭수량=0.32000000 orderID=230154249399 tradeID=None
[진입유실 방지 자동보정] SHORT SOL/USDT:USDT exit=2026-07-30 20:37:48 미매칭수량=0.32000000 orderID=230157644550 tradeID=None
[진입유실 방지 자동보정] SHORT SOL/USDT:USDT exit=2026-08-01 10:32:26 미매칭수량=0.29000000 orderID=230440972735 tradeID=None
[진입유실 방지 자동보정] LONG SOL/USDT:USDT exit=2026-08-02 01:55:54 미매칭수량=0.25000000 orderID=230506472518 tradeID=None
[진입유실 방지 자동보정] LONG SOL/USDT:USDT exit=2026-08-02 03:24:55 미매칭수량=0.20000000 orderID=230517041657 tradeID=None
[진입유실 방지 자동보정] LONG XRP/USDT:USDT exit=2026-07-30 03:32:09 미매칭수량=14.70000000 orderID=154591436270 tradeID=None
[진입유실 방지 자동보정] LONG XRP/USDT:USDT exit=2026-07-30 08:06:13 미매칭수량=18.50000000 orderID=154605732461 tradeID=None
[진입유실 방지 자동보정] LONG XRP/USDT:USDT exit=2026-07-30 22:11:04 미매칭수량=17.50000000 orderID=154637963852 tradeID=None
[진입유실 방지 자동보정] SHORT XRP/USDT:USDT exit=2026-07-31 15:18:55 미매칭수량=28.50000000 orderID=154681353788 tradeID=None
[진입유실 방지 자동보정] LONG XRP/USDT:USDT exit=2026-08-02 07:48:27 미매칭수량=6.70000000 orderID=154765042288 tradeID=None
[진입유실 방지 자동보정] LONG XRP/USDT:USDT exit=2026-08-02 08:25:19 미매칭수량=6.70000000 orderID=154766072211 tradeID=None
[진입유실 방지 자동보정] LONG XRP/USDT:USDT exit=2026-08-02 11:07:15 미매칭수량=16.80000000 orderID=154770811661 tradeID=None
[진입유실 방지 자동보정] SHORT 1000PEPE/USDT:USDT exit=2026-08-02 02:31:36 미매칭수량=1968.00000000 orderID=61389681657 tradeID=None
[진입유실 방지 자동보정] SHORT 1000PEPE/USDT:USDT exit=2026-08-02 02:52:29 미매칭수량=1969.00000000 orderID=61390079427 tradeID=None
[진입유실 방지 자동보정] SHORT 1000PEPE/USDT:USDT exit=2026-08-02 09:25:39 미매칭수량=7585.00000000 orderID=61394822102 tradeID=None
[진입유실 방지 자동보정] SHORT IDOL/USDT:USDT exit=2026-08-02 10:17:17 미매칭수량=445.00000000 orderID=523897304 tradeID=None
[진입유실 방지 자동보정] LONG 1000SHIB/USDT:USDT exit=2026-07-27 04:30:21 미매칭수량=2189.00000000 orderID=31388901395 tradeID=None
[진입유실 방지 자동보정] SHORT 1000SHIB/USDT:USDT exit=2026-07-27 07:36:19 미매칭수량=1348.00000000 orderID=31393184616 tradeID=None
[진입유실 방지 자동보정] SHORT 1000SHIB/USDT:USDT exit=2026-07-27 11:51:02 미매칭수량=1844.00000000 orderID=31400541745 tradeID=None
[진입유실 방지 자동보정] SHORT 1000SHIB/USDT:USDT exit=2026-07-28 06:12:27 미매칭수량=2192.00000000 orderID=31421063023 tradeID=None
[진입유실 방지 자동보정] SHORT 1000SHIB/USDT:USDT exit=2026-08-02 01:13:53 미매칭수량=1073.00000000 orderID=31502817166 tradeID=None
[진입유실 방지 자동보정] SHORT 1000SHIB/USDT:USDT exit=2026-08-02 02:01:20 미매칭수량=1074.00000000 orderID=31504220662 tradeID=None
[진입유실 방지 자동보정] SHORT 1000SHIB/USDT:USDT exit=2026-08-02 09:45:32 미매칭수량=2285.00000000 orderID=31510623049 tradeID=None
[진입유실 방지 자동보정] SHORT 1000SHIB/USDT:USDT exit=2026-08-02 10:35:19 미매칭수량=2280.00000000 orderID=31511192196 tradeID=None
[진입유실 방지 자동보정] LONG DOGE/USDT:USDT exit=2026-07-28 09:50:41 미매칭수량=163.00000000 orderID=100915175009 tradeID=None
[진입유실 방지 자동보정] SHORT DOGE/USDT:USDT exit=2026-07-28 20:36:48 미매칭수량=357.00000000 orderID=100925180835 tradeID=None
[진입유실 방지 자동보정] SHORT DOGE/USDT:USDT exit=2026-07-28 23:00:41 미매칭수량=286.00000000 orderID=100927596061 tradeID=None
[진입유실 방지 자동보정] SHORT DOGE/USDT:USDT exit=2026-07-30 20:51:14 미매칭수량=345.00000000 orderID=100976583122 tradeID=None
[진입유실 방지 자동보정] SHORT DOGE/USDT:USDT exit=2026-07-31 10:01:31 미매칭수량=334.00000000 orderID=100988356319 tradeID=None
[진입유실 방지 자동보정] SHORT DOGE/USDT:USDT exit=2026-08-01 18:02:18 미매칭수량=306.00000000 orderID=101015266902 tradeID=None
[진입유실 방지 자동보정] LONG DOGE/USDT:USDT exit=2026-08-02 11:07:47 미매칭수량=259.00000000 orderID=101028099752 tradeID=None
[진입유실 방지 자동보정] SHORT SOL/USDT:USDT exit=2026-07-29 22:32:08 미매칭수량=0.26000000 orderID=229957663104 tradeID=None
[진입유실 방지 자동보정] LONG SOL/USDT:USDT exit=2026-07-30 02:59:19 미매칭수량=0.33000000 orderID=229996023316 tradeID=None
[진입유실 방지 자동보정] LONG SOL/USDT:USDT exit=2026-07-30 03:32:08 미매칭수량=0.27000000 orderID=230002018782 tradeID=None
[진입유실 방지 자동보정] SHORT SOL/USDT:USDT exit=2026-07-30 20:09:26 미매칭수량=0.32000000 orderID=230154249399 tradeID=None
[진입유실 방지 자동보정] SHORT SOL/USDT:USDT exit=2026-07-30 20:37:48 미매칭수량=0.32000000 orderID=230157644550 tradeID=None
[진입유실 방지 자동보정] SHORT SOL/USDT:USDT exit=2026-08-01 10:32:26 미매칭수량=0.29000000 orderID=230440972735 tradeID=None
[진입유실 방지 자동보정] LONG SOL/USDT:USDT exit=2026-08-02 01:55:54 미매칭수량=0.25000000 orderID=230506472518 tradeID=None
[진입유실 방지 자동보정] LONG SOL/USDT:USDT exit=2026-08-02 03:24:55 미매칭수량=0.20000000 orderID=230517041657 tradeID=None
[진입유실 방지 자동보정] LONG XRP/USDT:USDT exit=2026-07-30 03:32:09 미매칭수량=14.70000000 orderID=154591436270 tradeID=None
[진입유실 방지 자동보정] LONG XRP/USDT:USDT exit=2026-07-30 08:06:13 미매칭수량=18.50000000 orderID=154605732461 tradeID=None
[진입유실 방지 자동보정] LONG XRP/USDT:USDT exit=2026-07-30 22:11:04 미매칭수량=17.50000000 orderID=154637963852 tradeID=None
[진입유실 방지 자동보정] SHORT XRP/USDT:USDT exit=2026-07-31 15:18:55 미매칭수량=28.50000000 orderID=154681353788 tradeID=None
[진입유실 방지 자동보정] LONG XRP/USDT:USDT exit=2026-08-02 07:48:27 미매칭수량=6.70000000 orderID=154765042288 tradeID=None
[진입유실 방지 자동보정] LONG XRP/USDT:USDT exit=2026-08-02 08:25:19 미매칭수량=6.70000000 orderID=154766072211 tradeID=None
[진입유실 방지 자동보정] LONG XRP/USDT:USDT exit=2026-08-02 11:07:15 미매칭수량=16.80000000 orderID=154770811661 tradeID=None
[진입유실 방지 자동보정] SHORT 1000PEPE/USDT:USDT exit=2026-08-02 02:31:36 미매칭수량=1968.00000000 orderID=61389681657 tradeID=None
[진입유실 방지 자동보정] SHORT 1000PEPE/USDT:USDT exit=2026-08-02 02:52:29 미매칭수량=1969.00000000 orderID=61390079427 tradeID=None
[진입유실 방지 자동보정] SHORT 1000PEPE/USDT:USDT exit=2026-08-02 09:25:39 미매칭수량=7585.00000000 orderID=61394822102 tradeID=None
[진입유실 방지 자동보정] SHORT IDOL/USDT:USDT exit=2026-08-02 10:17:17 미매칭수량=445.00000000 orderID=523897304 tradeID=None
[진입유실 방지 자동보정] LONG 1000SHIB/USDT:USDT exit=2026-07-27 04:30:21 미매칭수량=2189.00000000 orderID=31388901395 tradeID=None
[진입유실 방지 자동보정] SHORT 1000SHIB/USDT:USDT exit=2026-07-27 07:36:19 미매칭수량=1348.00000000 orderID=31393184616 tradeID=None
[진입유실 방지 자동보정] SHORT 1000SHIB/USDT:USDT exit=2026-07-27 11:51:02 미매칭수량=1844.00000000 orderID=31400541745 tradeID=None
[진입유실 방지 자동보정] SHORT 1000SHIB/USDT:USDT exit=2026-07-28 06:12:27 미매칭수량=2192.00000000 orderID=31421063023 tradeID=None
[진입유실 방지 자동보정] SHORT 1000SHIB/USDT:USDT exit=2026-08-02 01:13:53 미매칭수량=1073.00000000 orderID=31502817166 tradeID=None
[진입유실 방지 자동보정] SHORT 1000SHIB/USDT:USDT exit=2026-08-02 02:01:20 미매칭수량=1074.00000000 orderID=31504220662 tradeID=None
[진입유실 방지 자동보정] SHORT 1000SHIB/USDT:USDT exit=2026-08-02 09:45:32 미매칭수량=2285.00000000 orderID=31510623049 tradeID=None
[진입유실 방지 자동보정] SHORT 1000SHIB/USDT:USDT exit=2026-08-02 10:35:19 미매칭수량=2280.00000000 orderID=31511192196 tradeID=None
[진입유실 방지 자동보정] LONG DOGE/USDT:USDT exit=2026-07-28 09:50:41 미매칭수량=163.00000000 orderID=100915175009 tradeID=None
[진입유실 방지 자동보정] SHORT DOGE/USDT:USDT exit=2026-07-28 20:36:48 미매칭수량=357.00000000 orderID=100925180835 tradeID=None
[진입유실 방지 자동보정] SHORT DOGE/USDT:USDT exit=2026-07-28 23:00:41 미매칭수량=286.00000000 orderID=100927596061 tradeID=None
[진입유실 방지 자동보정] SHORT DOGE/USDT:USDT exit=2026-07-30 20:51:14 미매칭수량=345.00000000 orderID=100976583122 tradeID=None
[진입유실 방지 자동보정] SHORT DOGE/USDT:USDT exit=2026-07-31 10:01:31 미매칭수량=334.00000000 orderID=100988356319 tradeID=None
[진입유실 방지 자동보정] SHORT DOGE/USDT:USDT exit=2026-08-01 18:02:18 미매칭수량=306.00000000 orderID=101015266902 tradeID=None
[진입유실 방지 자동보정] LONG DOGE/USDT:USDT exit=2026-08-02 11:07:47 미매칭수량=259.00000000 orderID=101028099752 tradeID=None
[진입유실 방지 자동보정] SHORT SOL/USDT:USDT exit=2026-07-29 22:32:08 미매칭수량=0.26000000 orderID=229957663104 tradeID=None
[진입유실 방지 자동보정] LONG SOL/USDT:USDT exit=2026-07-30 02:59:19 미매칭수량=0.33000000 orderID=229996023316 tradeID=None
[진입유실 방지 자동보정] LONG SOL/USDT:USDT exit=2026-07-30 03:32:08 미매칭수량=0.27000000 orderID=230002018782 tradeID=None
[진입유실 방지 자동보정] SHORT SOL/USDT:USDT exit=2026-07-30 20:09:26 미매칭수량=0.32000000 orderID=230154249399 tradeID=None
[진입유실 방지 자동보정] SHORT SOL/USDT:USDT exit=2026-07-30 20:37:48 미매칭수량=0.32000000 orderID=230157644550 tradeID=None
[진입유실 방지 자동보정] SHORT SOL/USDT:USDT exit=2026-08-01 10:32:26 미매칭수량=0.29000000 orderID=230440972735 tradeID=None
[진입유실 방지 자동보정] LONG SOL/USDT:USDT exit=2026-08-02 01:55:54 미매칭수량=0.25000000 orderID=230506472518 tradeID=None
[진입유실 방지 자동보정] LONG SOL/USDT:USDT exit=2026-08-02 03:24:55 미매칭수량=0.20000000 orderID=230517041657 tradeID=None
[진입유실 방지 자동보정] LONG XRP/USDT:USDT exit=2026-07-30 03:32:09 미매칭수량=14.70000000 orderID=154591436270 tradeID=None
[진입유실 방지 자동보정] LONG XRP/USDT:USDT exit=2026-07-30 08:06:13 미매칭수량=18.50000000 orderID=154605732461 tradeID=None
[진입유실 방지 자동보정] LONG XRP/USDT:USDT exit=2026-07-30 22:11:04 미매칭수량=17.50000000 orderID=154637963852 tradeID=None
[진입유실 방지 자동보정] SHORT XRP/USDT:USDT exit=2026-07-31 15:18:55 미매칭수량=28.50000000 orderID=154681353788 tradeID=None
[진입유실 방지 자동보정] LONG XRP/USDT:USDT exit=2026-08-02 07:48:27 미매칭수량=6.70000000 orderID=154765042288 tradeID=None
[진입유실 방지 자동보정] LONG XRP/USDT:USDT exit=2026-08-02 08:25:19 미매칭수량=6.70000000 orderID=154766072211 tradeID=None
[진입유실 방지 자동보정] LONG XRP/USDT:USDT exit=2026-08-02 11:07:15 미매칭수량=16.80000000 orderID=154770811661 tradeID=None
[진입유실 방지 자동보정] SHORT 1000PEPE/USDT:USDT exit=2026-08-02 02:31:36 미매칭수량=1968.00000000 orderID=61389681657 tradeID=None
[진입유실 방지 자동보정] SHORT 1000PEPE/USDT:USDT exit=2026-08-02 02:52:29 미매칭수량=1969.00000000 orderID=61390079427 tradeID=None
[진입유실 방지 자동보정] SHORT 1000PEPE/USDT:USDT exit=2026-08-02 09:25:39 미매칭수량=7585.00000000 orderID=61394822102 tradeID=None
[진입유실 방지 자동보정] SHORT IDOL/USDT:USDT exit=2026-08-02 10:17:17 미매칭수량=445.00000000 orderID=523897304 tradeID=None
[진입유실 방지 자동보정] LONG 1000SHIB/USDT:USDT exit=2026-07-27 04:30:21 미매칭수량=2189.00000000 orderID=31388901395 tradeID=None
[진입유실 방지 자동보정] SHORT 1000SHIB/USDT:USDT exit=2026-07-27 07:36:19 미매칭수량=1348.00000000 orderID=31393184616 tradeID=None
[진입유실 방지 자동보정] SHORT 1000SHIB/USDT:USDT exit=2026-07-27 11:51:02 미매칭수량=1844.00000000 orderID=31400541745 tradeID=None
[진입유실 방지 자동보정] SHORT 1000SHIB/USDT:USDT exit=2026-07-28 06:12:27 미매칭수량=2192.00000000 orderID=31421063023 tradeID=None
[진입유실 방지 자동보정] SHORT 1000SHIB/USDT:USDT exit=2026-08-02 01:13:53 미매칭수량=1073.00000000 orderID=31502817166 tradeID=None
[진입유실 방지 자동보정] SHORT 1000SHIB/USDT:USDT exit=2026-08-02 02:01:20 미매칭수량=1074.00000000 orderID=31504220662 tradeID=None
[진입유실 방지 자동보정] SHORT 1000SHIB/USDT:USDT exit=2026-08-02 09:45:32 미매칭수량=2285.00000000 orderID=31510623049 tradeID=None
[진입유실 방지 자동보정] SHORT 1000SHIB/USDT:USDT exit=2026-08-02 10:35:19 미매칭수량=2280.00000000 orderID=31511192196 tradeID=None
[진입유실 방지 자동보정] LONG DOGE/USDT:USDT exit=2026-07-28 09:50:41 미매칭수량=163.00000000 orderID=100915175009 tradeID=None
[진입유실 방지 자동보정] SHORT DOGE/USDT:USDT exit=2026-07-28 20:36:48 미매칭수량=357.00000000 orderID=100925180835 tradeID=None
[진입유실 방지 자동보정] SHORT DOGE/USDT:USDT exit=2026-07-28 23:00:41 미매칭수량=286.00000000 orderID=100927596061 tradeID=None
[진입유실 방지 자동보정] SHORT DOGE/USDT:USDT exit=2026-07-30 20:51:14 미매칭수량=345.00000000 orderID=100976583122 tradeID=None
[진입유실 방지 자동보정] SHORT DOGE/USDT:USDT exit=2026-07-31 10:01:31 미매칭수량=334.00000000 orderID=100988356319 tradeID=None
[진입유실 방지 자동보정] SHORT DOGE/USDT:USDT exit=2026-08-01 18:02:18 미매칭수량=306.00000000 orderID=101015266902 tradeID=None
[진입유실 방지 자동보정] LONG DOGE/USDT:USDT exit=2026-08-02 11:07:47 미매칭수량=259.00000000 orderID=101028099752 tradeID=None
[진입유실 방지 자동보정] SHORT SOL/USDT:USDT exit=2026-07-29 22:32:08 미매칭수량=0.26000000 orderID=229957663104 tradeID=None
[진입유실 방지 자동보정] LONG SOL/USDT:USDT exit=2026-07-30 02:59:19 미매칭수량=0.33000000 orderID=229996023316 tradeID=None
[진입유실 방지 자동보정] LONG SOL/USDT:USDT exit=2026-07-30 03:32:08 미매칭수량=0.27000000 orderID=230002018782 tradeID=None
[진입유실 방지 자동보정] SHORT SOL/USDT:USDT exit=2026-07-30 20:09:26 미매칭수량=0.32000000 orderID=230154249399 tradeID=None
[진입유실 방지 자동보정] SHORT SOL/USDT:USDT exit=2026-07-30 20:37:48 미매칭수량=0.32000000 orderID=230157644550 tradeID=None
[진입유실 방지 자동보정] SHORT SOL/USDT:USDT exit=2026-08-01 10:32:26 미매칭수량=0.29000000 orderID=230440972735 tradeID=None
[진입유실 방지 자동보정] LONG SOL/USDT:USDT exit=2026-08-02 01:55:54 미매칭수량=0.25000000 orderID=230506472518 tradeID=None
[진입유실 방지 자동보정] LONG SOL/USDT:USDT exit=2026-08-02 03:24:55 미매칭수량=0.20000000 orderID=230517041657 tradeID=None
[진입유실 방지 자동보정] LONG XRP/USDT:USDT exit=2026-07-30 03:32:09 미매칭수량=14.70000000 orderID=154591436270 tradeID=None
[진입유실 방지 자동보정] LONG XRP/USDT:USDT exit=2026-07-30 08:06:13 미매칭수량=18.50000000 orderID=154605732461 tradeID=None
[진입유실 방지 자동보정] LONG XRP/USDT:USDT exit=2026-07-30 22:11:04 미매칭수량=17.50000000 orderID=154637963852 tradeID=None
[진입유실 방지 자동보정] SHORT XRP/USDT:USDT exit=2026-07-31 15:18:55 미매칭수량=28.50000000 orderID=154681353788 tradeID=None
[진입유실 방지 자동보정] LONG XRP/USDT:USDT exit=2026-08-02 07:48:27 미매칭수량=6.70000000 orderID=154765042288 tradeID=None
[진입유실 방지 자동보정] LONG XRP/USDT:USDT exit=2026-08-02 08:25:19 미매칭수량=6.70000000 orderID=154766072211 tradeID=None
[진입유실 방지 자동보정] LONG XRP/USDT:USDT exit=2026-08-02 11:07:15 미매칭수량=16.80000000 orderID=154770811661 tradeID=None
[진입유실 방지 자동보정] SHORT 1000PEPE/USDT:USDT exit=2026-08-02 02:31:36 미매칭수량=1968.00000000 orderID=61389681657 tradeID=None
[진입유실 방지 자동보정] SHORT 1000PEPE/USDT:USDT exit=2026-08-02 02:52:29 미매칭수량=1969.00000000 orderID=61390079427 tradeID=None
[진입유실 방지 자동보정] SHORT 1000PEPE/USDT:USDT exit=2026-08-02 09:25:39 미매칭수량=7585.00000000 orderID=61394822102 tradeID=None
[진입유실 방지 자동보정] SHORT IDOL/USDT:USDT exit=2026-08-02 10:17:17 미매칭수량=445.00000000 orderID=523897304 tradeID=None
[진입유실 방지 자동보정] LONG 1000SHIB/USDT:USDT exit=2026-07-27 04:30:21 미매칭수량=2189.00000000 orderID=31388901395 tradeID=None
[진입유실 방지 자동보정] SHORT 1000SHIB/USDT:USDT exit=2026-07-27 07:36:19 미매칭수량=1348.00000000 orderID=31393184616 tradeID=None
[진입유실 방지 자동보정] SHORT 1000SHIB/USDT:USDT exit=2026-07-27 11:51:02 미매칭수량=1844.00000000 orderID=31400541745 tradeID=None
[진입유실 방지 자동보정] SHORT 1000SHIB/USDT:USDT exit=2026-07-28 06:12:27 미매칭수량=2192.00000000 orderID=31421063023 tradeID=None
[진입유실 방지 자동보정] SHORT 1000SHIB/USDT:USDT exit=2026-08-02 01:13:53 미매칭수량=1073.00000000 orderID=31502817166 tradeID=None
[진입유실 방지 자동보정] SHORT 1000SHIB/USDT:USDT exit=2026-08-02 02:01:20 미매칭수량=1074.00000000 orderID=31504220662 tradeID=None
[진입유실 방지 자동보정] SHORT 1000SHIB/USDT:USDT exit=2026-08-02 09:45:32 미매칭수량=2285.00000000 orderID=31510623049 tradeID=None
[진입유실 방지 자동보정] SHORT 1000SHIB/USDT:USDT exit=2026-08-02 10:35:19 미매칭수량=2280.00000000 orderID=31511192196 tradeID=None
[진입유실 방지 자동보정] LONG DOGE/USDT:USDT exit=2026-07-28 09:50:41 미매칭수량=163.00000000 orderID=100915175009 tradeID=None
[진입유실 방지 자동보정] SHORT DOGE/USDT:USDT exit=2026-07-28 20:36:48 미매칭수량=357.00000000 orderID=100925180835 tradeID=None
[진입유실 방지 자동보정] SHORT DOGE/USDT:USDT exit=2026-07-28 23:00:41 미매칭수량=286.00000000 orderID=100927596061 tradeID=None
[진입유실 방지 자동보정] SHORT DOGE/USDT:USDT exit=2026-07-30 20:51:14 미매칭수량=345.00000000 orderID=100976583122 tradeID=None
[진입유실 방지 자동보정] SHORT DOGE/USDT:USDT exit=2026-07-31 10:01:31 미매칭수량=334.00000000 orderID=100988356319 tradeID=None
[진입유실 방지 자동보정] SHORT DOGE/USDT:USDT exit=2026-08-01 18:02:18 미매칭수량=306.00000000 orderID=101015266902 tradeID=None
[진입유실 방지 자동보정] LONG DOGE/USDT:USDT exit=2026-08-02 11:07:47 미매칭수량=259.00000000 orderID=101028099752 tradeID=None
[진입유실 방지 자동보정] SHORT SOL/USDT:USDT exit=2026-07-29 22:32:08 미매칭수량=0.26000000 orderID=229957663104 tradeID=None
[진입유실 방지 자동보정] LONG SOL/USDT:USDT exit=2026-07-30 02:59:19 미매칭수량=0.33000000 orderID=229996023316 tradeID=None
[진입유실 방지 자동보정] LONG SOL/USDT:USDT exit=2026-07-30 03:32:08 미매칭수량=0.27000000 orderID=230002018782 tradeID=None
[진입유실 방지 자동보정] SHORT SOL/USDT:USDT exit=2026-07-30 20:09:26 미매칭수량=0.32000000 orderID=230154249399 tradeID=None
[진입유실 방지 자동보정] SHORT SOL/USDT:USDT exit=2026-07-30 20:37:48 미매칭수량=0.32000000 orderID=230157644550 tradeID=None
[진입유실 방지 자동보정] SHORT SOL/USDT:USDT exit=2026-08-01 10:32:26 미매칭수량=0.29000000 orderID=230440972735 tradeID=None
[진입유실 방지 자동보정] LONG SOL/USDT:USDT exit=2026-08-02 01:55:54 미매칭수량=0.25000000 orderID=230506472518 tradeID=None
[진입유실 방지 자동보정] LONG SOL/USDT:USDT exit=2026-08-02 03:24:55 미매칭수량=0.20000000 orderID=230517041657 tradeID=None
[진입유실 방지 자동보정] LONG XRP/USDT:USDT exit=2026-07-30 03:32:09 미매칭수량=14.70000000 orderID=154591436270 tradeID=None
[진입유실 방지 자동보정] LONG XRP/USDT:USDT exit=2026-07-30 08:06:13 미매칭수량=18.50000000 orderID=154605732461 tradeID=None
[진입유실 방지 자동보정] LONG XRP/USDT:USDT exit=2026-07-30 22:11:04 미매칭수량=17.50000000 orderID=154637963852 tradeID=None
[진입유실 방지 자동보정] SHORT XRP/USDT:USDT exit=2026-07-31 15:18:55 미매칭수량=28.50000000 orderID=154681353788 tradeID=None
[진입유실 방지 자동보정] LONG XRP/USDT:USDT exit=2026-08-02 07:48:27 미매칭수량=6.70000000 orderID=154765042288 tradeID=None
[진입유실 방지 자동보정] LONG XRP/USDT:USDT exit=2026-08-02 08:25:19 미매칭수량=6.70000000 orderID=154766072211 tradeID=None
[진입유실 방지 자동보정] LONG XRP/USDT:USDT exit=2026-08-02 11:07:15 미매칭수량=16.80000000 orderID=154770811661 tradeID=None
[진입유실 방지 자동보정] SHORT 1000PEPE/USDT:USDT exit=2026-08-02 02:31:36 미매칭수량=1968.00000000 orderID=61389681657 tradeID=None
[진입유실 방지 자동보정] SHORT 1000PEPE/USDT:USDT exit=2026-08-02 02:52:29 미매칭수량=1969.00000000 orderID=61390079427 tradeID=None
[진입유실 방지 자동보정] SHORT 1000PEPE/USDT:USDT exit=2026-08-02 09:25:39 미매칭수량=7585.00000000 orderID=61394822102 tradeID=None
[진입유실 방지 자동보정] SHORT IDOL/USDT:USDT exit=2026-08-02 10:17:17 미매칭수량=445.00000000 orderID=523897304 tradeID=None
[진입유실 방지 자동보정] LONG 1000SHIB/USDT:USDT exit=2026-07-27 04:30:21 미매칭수량=2189.00000000 orderID=31388901395 tradeID=None
[진입유실 방지 자동보정] SHORT 1000SHIB/USDT:USDT exit=2026-07-27 07:36:19 미매칭수량=1348.00000000 orderID=31393184616 tradeID=None
[진입유실 방지 자동보정] SHORT 1000SHIB/USDT:USDT exit=2026-07-27 11:51:02 미매칭수량=1844.00000000 orderID=31400541745 tradeID=None
[진입유실 방지 자동보정] SHORT 1000SHIB/USDT:USDT exit=2026-07-28 06:12:27 미매칭수량=2192.00000000 orderID=31421063023 tradeID=None
[진입유실 방지 자동보정] SHORT 1000SHIB/USDT:USDT exit=2026-08-02 01:13:53 미매칭수량=1073.00000000 orderID=31502817166 tradeID=None
[진입유실 방지 자동보정] SHORT 1000SHIB/USDT:USDT exit=2026-08-02 02:01:20 미매칭수량=1074.00000000 orderID=31504220662 tradeID=None
[진입유실 방지 자동보정] SHORT 1000SHIB/USDT:USDT exit=2026-08-02 09:45:32 미매칭수량=2285.00000000 orderID=31510623049 tradeID=None
[진입유실 방지 자동보정] SHORT 1000SHIB/USDT:USDT exit=2026-08-02 10:35:19 미매칭수량=2280.00000000 orderID=31511192196 tradeID=None
[진입유실 방지 자동보정] LONG DOGE/USDT:USDT exit=2026-07-28 09:50:41 미매칭수량=163.00000000 orderID=100915175009 tradeID=None
[진입유실 방지 자동보정] SHORT DOGE/USDT:USDT exit=2026-07-28 20:36:48 미매칭수량=357.00000000 orderID=100925180835 tradeID=None
[진입유실 방지 자동보정] SHORT DOGE/USDT:USDT exit=2026-07-28 23:00:41 미매칭수량=286.00000000 orderID=100927596061 tradeID=None
[진입유실 방지 자동보정] SHORT DOGE/USDT:USDT exit=2026-07-30 20:51:14 미매칭수량=345.00000000 orderID=100976583122 tradeID=None
[진입유실 방지 자동보정] SHORT DOGE/USDT:USDT exit=2026-07-31 10:01:31 미매칭수량=334.00000000 orderID=100988356319 tradeID=None
[진입유실 방지 자동보정] SHORT DOGE/USDT:USDT exit=2026-08-01 18:02:18 미매칭수량=306.00000000 orderID=101015266902 tradeID=None
[진입유실 방지 자동보정] LONG DOGE/USDT:USDT exit=2026-08-02 11:07:47 미매칭수량=259.00000000 orderID=101028099752 tradeID=None
[진입유실 방지 자동보정] SHORT SOL/USDT:USDT exit=2026-07-29 22:32:08 미매칭수량=0.26000000 orderID=229957663104 tradeID=None
[진입유실 방지 자동보정] LONG SOL/USDT:USDT exit=2026-07-30 02:59:19 미매칭수량=0.33000000 orderID=229996023316 tradeID=None
[진입유실 방지 자동보정] LONG SOL/USDT:USDT exit=2026-07-30 03:32:08 미매칭수량=0.27000000 orderID=230002018782 tradeID=None
[진입유실 방지 자동보정] SHORT SOL/USDT:USDT exit=2026-07-30 20:09:26 미매칭수량=0.32000000 orderID=230154249399 tradeID=None
[진입유실 방지 자동보정] SHORT SOL/USDT:USDT exit=2026-07-30 20:37:48 미매칭수량=0.32000000 orderID=230157644550 tradeID=None
[진입유실 방지 자동보정] SHORT SOL/USDT:USDT exit=2026-08-01 10:32:26 미매칭수량=0.29000000 orderID=230440972735 tradeID=None
[진입유실 방지 자동보정] LONG SOL/USDT:USDT exit=2026-08-02 01:55:54 미매칭수량=0.25000000 orderID=230506472518 tradeID=None
[진입유실 방지 자동보정] LONG SOL/USDT:USDT exit=2026-08-02 03:24:55 미매칭수량=0.20000000 orderID=230517041657 tradeID=None
[진입유실 방지 자동보정] LONG XRP/USDT:USDT exit=2026-07-30 03:32:09 미매칭수량=14.70000000 orderID=154591436270 tradeID=None
[진입유실 방지 자동보정] LONG XRP/USDT:USDT exit=2026-07-30 08:06:13 미매칭수량=18.50000000 orderID=154605732461 tradeID=None
[진입유실 방지 자동보정] LONG XRP/USDT:USDT exit=2026-07-30 22:11:04 미매칭수량=17.50000000 orderID=154637963852 tradeID=None
[진입유실 방지 자동보정] SHORT XRP/USDT:USDT exit=2026-07-31 15:18:55 미매칭수량=28.50000000 orderID=154681353788 tradeID=None
[진입유실 방지 자동보정] LONG XRP/USDT:USDT exit=2026-08-02 07:48:27 미매칭수량=6.70000000 orderID=154765042288 tradeID=None
[진입유실 방지 자동보정] LONG XRP/USDT:USDT exit=2026-08-02 08:25:19 미매칭수량=6.70000000 orderID=154766072211 tradeID=None
[진입유실 방지 자동보정] LONG XRP/USDT:USDT exit=2026-08-02 11:07:15 미매칭수량=16.80000000 orderID=154770811661 tradeID=None
[진입유실 방지 자동보정] SHORT 1000PEPE/USDT:USDT exit=2026-08-02 02:31:36 미매칭수량=1968.00000000 orderID=61389681657 tradeID=None
[진입유실 방지 자동보정] SHORT 1000PEPE/USDT:USDT exit=2026-08-02 02:52:29 미매칭수량=1969.00000000 orderID=61390079427 tradeID=None
[진입유실 방지 자동보정] SHORT 1000PEPE/USDT:USDT exit=2026-08-02 09:25:39 미매칭수량=7585.00000000 orderID=61394822102 tradeID=None
[진입유실 방지 자동보정] SHORT IDOL/USDT:USDT exit=2026-08-02 10:17:17 미매칭수량=445.00000000 orderID=523897304 tradeID=None
[진입유실 방지 자동보정] LONG 1000SHIB/USDT:USDT exit=2026-07-27 04:30:21 미매칭수량=2189.00000000 orderID=31388901395 tradeID=None
[진입유실 방지 자동보정] SHORT 1000SHIB/USDT:USDT exit=2026-07-27 07:36:19 미매칭수량=1348.00000000 orderID=31393184616 tradeID=None
[진입유실 방지 자동보정] SHORT 1000SHIB/USDT:USDT exit=2026-07-27 11:51:02 미매칭수량=1844.00000000 orderID=31400541745 tradeID=None
[진입유실 방지 자동보정] SHORT 1000SHIB/USDT:USDT exit=2026-07-28 06:12:27 미매칭수량=2192.00000000 orderID=31421063023 tradeID=None
[진입유실 방지 자동보정] SHORT 1000SHIB/USDT:USDT exit=2026-08-02 01:13:53 미매칭수량=1073.00000000 orderID=31502817166 tradeID=None
[진입유실 방지 자동보정] SHORT 1000SHIB/USDT:USDT exit=2026-08-02 02:01:20 미매칭수량=1074.00000000 orderID=31504220662 tradeID=None
[진입유실 방지 자동보정] SHORT 1000SHIB/USDT:USDT exit=2026-08-02 09:45:32 미매칭수량=2285.00000000 orderID=31510623049 tradeID=None
[진입유실 방지 자동보정] SHORT 1000SHIB/USDT:USDT exit=2026-08-02 10:35:19 미매칭수량=2280.00000000 orderID=31511192196 tradeID=None
[진입유실 방지 자동보정] LONG DOGE/USDT:USDT exit=2026-07-28 09:50:41 미매칭수량=163.00000000 orderID=100915175009 tradeID=None
[진입유실 방지 자동보정] SHORT DOGE/USDT:USDT exit=2026-07-28 20:36:48 미매칭수량=357.00000000 orderID=100925180835 tradeID=None
[진입유실 방지 자동보정] SHORT DOGE/USDT:USDT exit=2026-07-28 23:00:41 미매칭수량=286.00000000 orderID=100927596061 tradeID=None
[진입유실 방지 자동보정] SHORT DOGE/USDT:USDT exit=2026-07-30 20:51:14 미매칭수량=345.00000000 orderID=100976583122 tradeID=None
[진입유실 방지 자동보정] SHORT DOGE/USDT:USDT exit=2026-07-31 10:01:31 미매칭수량=334.00000000 orderID=100988356319 tradeID=None
[진입유실 방지 자동보정] SHORT DOGE/USDT:USDT exit=2026-08-01 18:02:18 미매칭수량=306.00000000 orderID=101015266902 tradeID=None
[진입유실 방지 자동보정] LONG DOGE/USDT:USDT exit=2026-08-02 11:07:47 미매칭수량=259.00000000 orderID=101028099752 tradeID=None
[진입유실 방지 자동보정] SHORT SOL/USDT:USDT exit=2026-07-29 22:32:08 미매칭수량=0.26000000 orderID=229957663104 tradeID=None
[진입유실 방지 자동보정] LONG SOL/USDT:USDT exit=2026-07-30 02:59:19 미매칭수량=0.33000000 orderID=229996023316 tradeID=None
[진입유실 방지 자동보정] LONG SOL/USDT:USDT exit=2026-07-30 03:32:08 미매칭수량=0.27000000 orderID=230002018782 tradeID=None
[진입유실 방지 자동보정] SHORT SOL/USDT:USDT exit=2026-07-30 20:09:26 미매칭수량=0.32000000 orderID=230154249399 tradeID=None
[진입유실 방지 자동보정] SHORT SOL/USDT:USDT exit=2026-07-30 20:37:48 미매칭수량=0.32000000 orderID=230157644550 tradeID=None
[진입유실 방지 자동보정] SHORT SOL/USDT:USDT exit=2026-08-01 10:32:26 미매칭수량=0.29000000 orderID=230440972735 tradeID=None
[진입유실 방지 자동보정] LONG SOL/USDT:USDT exit=2026-08-02 01:55:54 미매칭수량=0.25000000 orderID=230506472518 tradeID=None
[진입유실 방지 자동보정] LONG SOL/USDT:USDT exit=2026-08-02 03:24:55 미매칭수량=0.20000000 orderID=230517041657 tradeID=None
[진입유실 방지 자동보정] LONG XRP/USDT:USDT exit=2026-07-30 03:32:09 미매칭수량=14.70000000 orderID=154591436270 tradeID=None
[진입유실 방지 자동보정] LONG XRP/USDT:USDT exit=2026-07-30 08:06:13 미매칭수량=18.50000000 orderID=154605732461 tradeID=None
[진입유실 방지 자동보정] LONG XRP/USDT:USDT exit=2026-07-30 22:11:04 미매칭수량=17.50000000 orderID=154637963852 tradeID=None
[진입유실 방지 자동보정] SHORT XRP/USDT:USDT exit=2026-07-31 15:18:55 미매칭수량=28.50000000 orderID=154681353788 tradeID=None
[진입유실 방지 자동보정] LONG XRP/USDT:USDT exit=2026-08-02 07:48:27 미매칭수량=6.70000000 orderID=154765042288 tradeID=None
[진입유실 방지 자동보정] LONG XRP/USDT:USDT exit=2026-08-02 08:25:19 미매칭수량=6.70000000 orderID=154766072211 tradeID=None
[진입유실 방지 자동보정] LONG XRP/USDT:USDT exit=2026-08-02 11:07:15 미매칭수량=16.80000000 orderID=154770811661 tradeID=None
[진입유실 방지 자동보정] SHORT 1000PEPE/USDT:USDT exit=2026-08-02 02:31:36 미매칭수량=1968.00000000 orderID=61389681657 tradeID=None
[진입유실 방지 자동보정] SHORT 1000PEPE/USDT:USDT exit=2026-08-02 02:52:29 미매칭수량=1969.00000000 orderID=61390079427 tradeID=None
[진입유실 방지 자동보정] SHORT 1000PEPE/USDT:USDT exit=2026-08-02 09:25:39 미매칭수량=7585.00000000 orderID=61394822102 tradeID=None
[진입유실 방지 자동보정] SHORT IDOL/USDT:USDT exit=2026-08-02 10:17:17 미매칭수량=445.00000000 orderID=523897304 tradeID=None
[진입유실 방지 자동보정] LONG 1000SHIB/USDT:USDT exit=2026-07-27 04:30:21 미매칭수량=2189.00000000 orderID=31388901395 tradeID=None
[진입유실 방지 자동보정] SHORT 1000SHIB/USDT:USDT exit=2026-07-27 07:36:19 미매칭수량=1348.00000000 orderID=31393184616 tradeID=None
[진입유실 방지 자동보정] SHORT 1000SHIB/USDT:USDT exit=2026-07-27 11:51:02 미매칭수량=1844.00000000 orderID=31400541745 tradeID=None
[진입유실 방지 자동보정] SHORT 1000SHIB/USDT:USDT exit=2026-07-28 06:12:27 미매칭수량=2192.00000000 orderID=31421063023 tradeID=None
[진입유실 방지 자동보정] SHORT 1000SHIB/USDT:USDT exit=2026-08-02 01:13:53 미매칭수량=1073.00000000 orderID=31502817166 tradeID=None
[진입유실 방지 자동보정] SHORT 1000SHIB/USDT:USDT exit=2026-08-02 02:01:20 미매칭수량=1074.00000000 orderID=31504220662 tradeID=None
[진입유실 방지 자동보정] SHORT 1000SHIB/USDT:USDT exit=2026-08-02 09:45:32 미매칭수량=2285.00000000 orderID=31510623049 tradeID=None
[진입유실 방지 자동보정] SHORT 1000SHIB/USDT:USDT exit=2026-08-02 10:35:19 미매칭수량=2280.00000000 orderID=31511192196 tradeID=None
[진입유실 방지 자동보정] LONG DOGE/USDT:USDT exit=2026-07-28 09:50:41 미매칭수량=163.00000000 orderID=100915175009 tradeID=None
[진입유실 방지 자동보정] SHORT DOGE/USDT:USDT exit=2026-07-28 20:36:48 미매칭수량=357.00000000 orderID=100925180835 tradeID=None
[진입유실 방지 자동보정] SHORT DOGE/USDT:USDT exit=2026-07-28 23:00:41 미매칭수량=286.00000000 orderID=100927596061 tradeID=None
[진입유실 방지 자동보정] SHORT DOGE/USDT:USDT exit=2026-07-30 20:51:14 미매칭수량=345.00000000 orderID=100976583122 tradeID=None
[진입유실 방지 자동보정] SHORT DOGE/USDT:USDT exit=2026-07-31 10:01:31 미매칭수량=334.00000000 orderID=100988356319 tradeID=None
[진입유실 방지 자동보정] SHORT DOGE/USDT:USDT exit=2026-08-01 18:02:18 미매칭수량=306.00000000 orderID=101015266902 tradeID=None
[진입유실 방지 자동보정] LONG DOGE/USDT:USDT exit=2026-08-02 11:07:47 미매칭수량=259.00000000 orderID=101028099752 tradeID=None
[진입유실 방지 자동보정] SHORT SOL/USDT:USDT exit=2026-07-29 22:32:08 미매칭수량=0.26000000 orderID=229957663104 tradeID=None
[진입유실 방지 자동보정] LONG SOL/USDT:USDT exit=2026-07-30 02:59:19 미매칭수량=0.33000000 orderID=229996023316 tradeID=None
[진입유실 방지 자동보정] LONG SOL/USDT:USDT exit=2026-07-30 03:32:08 미매칭수량=0.27000000 orderID=230002018782 tradeID=None
[진입유실 방지 자동보정] SHORT SOL/USDT:USDT exit=2026-07-30 20:09:26 미매칭수량=0.32000000 orderID=230154249399 tradeID=None
[진입유실 방지 자동보정] SHORT SOL/USDT:USDT exit=2026-07-30 20:37:48 미매칭수량=0.32000000 orderID=230157644550 tradeID=None
[진입유실 방지 자동보정] SHORT SOL/USDT:USDT exit=2026-08-01 10:32:26 미매칭수량=0.29000000 orderID=230440972735 tradeID=None
[진입유실 방지 자동보정] LONG SOL/USDT:USDT exit=2026-08-02 01:55:54 미매칭수량=0.25000000 orderID=230506472518 tradeID=None
[진입유실 방지 자동보정] LONG SOL/USDT:USDT exit=2026-08-02 03:24:55 미매칭수량=0.20000000 orderID=230517041657 tradeID=None
[진입유실 방지 자동보정] LONG XRP/USDT:USDT exit=2026-07-30 03:32:09 미매칭수량=14.70000000 orderID=154591436270 tradeID=None
[진입유실 방지 자동보정] LONG XRP/USDT:USDT exit=2026-07-30 08:06:13 미매칭수량=18.50000000 orderID=154605732461 tradeID=None
[진입유실 방지 자동보정] LONG XRP/USDT:USDT exit=2026-07-30 22:11:04 미매칭수량=17.50000000 orderID=154637963852 tradeID=None
[진입유실 방지 자동보정] SHORT XRP/USDT:USDT exit=2026-07-31 15:18:55 미매칭수량=28.50000000 orderID=154681353788 tradeID=None
[진입유실 방지 자동보정] LONG XRP/USDT:USDT exit=2026-08-02 07:48:27 미매칭수량=6.70000000 orderID=154765042288 tradeID=None
[진입유실 방지 자동보정] LONG XRP/USDT:USDT exit=2026-08-02 08:25:19 미매칭수량=6.70000000 orderID=154766072211 tradeID=None
[진입유실 방지 자동보정] LONG XRP/USDT:USDT exit=2026-08-02 11:07:15 미매칭수량=16.80000000 orderID=154770811661 tradeID=None
[진입유실 방지 자동보정] SHORT 1000PEPE/USDT:USDT exit=2026-08-02 02:31:36 미매칭수량=1968.00000000 orderID=61389681657 tradeID=None
[진입유실 방지 자동보정] SHORT 1000PEPE/USDT:USDT exit=2026-08-02 02:52:29 미매칭수량=1969.00000000 orderID=61390079427 tradeID=None
[진입유실 방지 자동보정] SHORT 1000PEPE/USDT:USDT exit=2026-08-02 09:25:39 미매칭수량=7585.00000000 orderID=61394822102 tradeID=None
[진입유실 방지 자동보정] SHORT IDOL/USDT:USDT exit=2026-08-02 10:17:17 미매칭수량=445.00000000 orderID=523897304 tradeID=None
[진입유실 방지 자동보정] LONG 1000SHIB/USDT:USDT exit=2026-07-27 04:30:21 미매칭수량=2189.00000000 orderID=31388901395 tradeID=None
[진입유실 방지 자동보정] SHORT 1000SHIB/USDT:USDT exit=2026-07-27 07:36:19 미매칭수량=1348.00000000 orderID=31393184616 tradeID=None
[진입유실 방지 자동보정] SHORT 1000SHIB/USDT:USDT exit=2026-07-27 11:51:02 미매칭수량=1844.00000000 orderID=31400541745 tradeID=None
[진입유실 방지 자동보정] SHORT 1000SHIB/USDT:USDT exit=2026-07-28 06:12:27 미매칭수량=2192.00000000 orderID=31421063023 tradeID=None
[진입유실 방지 자동보정] SHORT 1000SHIB/USDT:USDT exit=2026-08-02 01:13:53 미매칭수량=1073.00000000 orderID=31502817166 tradeID=None
[진입유실 방지 자동보정] SHORT 1000SHIB/USDT:USDT exit=2026-08-02 02:01:20 미매칭수량=1074.00000000 orderID=31504220662 tradeID=None
[진입유실 방지 자동보정] SHORT 1000SHIB/USDT:USDT exit=2026-08-02 09:45:32 미매칭수량=2285.00000000 orderID=31510623049 tradeID=None
[진입유실 방지 자동보정] SHORT 1000SHIB/USDT:USDT exit=2026-08-02 10:35:19 미매칭수량=2280.00000000 orderID=31511192196 tradeID=None
[진입유실 방지 자동보정] LONG DOGE/USDT:USDT exit=2026-07-28 09:50:41 미매칭수량=163.00000000 orderID=100915175009 tradeID=None
[진입유실 방지 자동보정] SHORT DOGE/USDT:USDT exit=2026-07-28 20:36:48 미매칭수량=357.00000000 orderID=100925180835 tradeID=None
[진입유실 방지 자동보정] SHORT DOGE/USDT:USDT exit=2026-07-28 23:00:41 미매칭수량=286.00000000 orderID=100927596061 tradeID=None
[진입유실 방지 자동보정] SHORT DOGE/USDT:USDT exit=2026-07-30 20:51:14 미매칭수량=345.00000000 orderID=100976583122 tradeID=None
[진입유실 방지 자동보정] SHORT DOGE/USDT:USDT exit=2026-07-31 10:01:31 미매칭수량=334.00000000 orderID=100988356319 tradeID=None
[진입유실 방지 자동보정] SHORT DOGE/USDT:USDT exit=2026-08-01 18:02:18 미매칭수량=306.00000000 orderID=101015266902 tradeID=None
[진입유실 방지 자동보정] LONG DOGE/USDT:USDT exit=2026-08-02 11:07:47 미매칭수량=259.00000000 orderID=101028099752 tradeID=None
[진입유실 방지 자동보정] SHORT SOL/USDT:USDT exit=2026-07-29 22:32:08 미매칭수량=0.26000000 orderID=229957663104 tradeID=None
[진입유실 방지 자동보정] LONG SOL/USDT:USDT exit=2026-07-30 02:59:19 미매칭수량=0.33000000 orderID=229996023316 tradeID=None
[진입유실 방지 자동보정] LONG SOL/USDT:USDT exit=2026-07-30 03:32:08 미매칭수량=0.27000000 orderID=230002018782 tradeID=None
[진입유실 방지 자동보정] SHORT SOL/USDT:USDT exit=2026-07-30 20:09:26 미매칭수량=0.32000000 orderID=230154249399 tradeID=None
[진입유실 방지 자동보정] SHORT SOL/USDT:USDT exit=2026-07-30 20:37:48 미매칭수량=0.32000000 orderID=230157644550 tradeID=None
[진입유실 방지 자동보정] SHORT SOL/USDT:USDT exit=2026-08-01 10:32:26 미매칭수량=0.29000000 orderID=230440972735 tradeID=None
[진입유실 방지 자동보정] LONG SOL/USDT:USDT exit=2026-08-02 01:55:54 미매칭수량=0.25000000 orderID=230506472518 tradeID=None
[진입유실 방지 자동보정] LONG SOL/USDT:USDT exit=2026-08-02 03:24:55 미매칭수량=0.20000000 orderID=230517041657 tradeID=None
[진입유실 방지 자동보정] LONG XRP/USDT:USDT exit=2026-07-30 03:32:09 미매칭수량=14.70000000 orderID=154591436270 tradeID=None
[진입유실 방지 자동보정] LONG XRP/USDT:USDT exit=2026-07-30 08:06:13 미매칭수량=18.50000000 orderID=154605732461 tradeID=None
[진입유실 방지 자동보정] LONG XRP/USDT:USDT exit=2026-07-30 22:11:04 미매칭수량=17.50000000 orderID=154637963852 tradeID=None
[진입유실 방지 자동보정] SHORT XRP/USDT:USDT exit=2026-07-31 15:18:55 미매칭수량=28.50000000 orderID=154681353788 tradeID=None
[진입유실 방지 자동보정] LONG XRP/USDT:USDT exit=2026-08-02 07:48:27 미매칭수량=6.70000000 orderID=154765042288 tradeID=None
[진입유실 방지 자동보정] LONG XRP/USDT:USDT exit=2026-08-02 08:25:19 미매칭수량=6.70000000 orderID=154766072211 tradeID=None
[진입유실 방지 자동보정] LONG XRP/USDT:USDT exit=2026-08-02 11:07:15 미매칭수량=16.80000000 orderID=154770811661 tradeID=None
[진입유실 방지 자동보정] SHORT 1000PEPE/USDT:USDT exit=2026-08-02 02:31:36 미매칭수량=1968.00000000 orderID=61389681657 tradeID=None
[진입유실 방지 자동보정] SHORT 1000PEPE/USDT:USDT exit=2026-08-02 02:52:29 미매칭수량=1969.00000000 orderID=61390079427 tradeID=None
[진입유실 방지 자동보정] SHORT 1000PEPE/USDT:USDT exit=2026-08-02 09:25:39 미매칭수량=7585.00000000 orderID=61394822102 tradeID=None
[진입유실 방지 자동보정] SHORT IDOL/USDT:USDT exit=2026-08-02 10:17:17 미매칭수량=445.00000000 orderID=523897304 tradeID=None
[HOME/USDT:USDT] 래칫 위반 시도 차단 (Long): old=0.007775665041583988 -> new=0.007756865041583988
[진입유실 방지 자동보정] LONG 1000SHIB/USDT:USDT exit=2026-07-27 04:30:21 미매칭수량=2189.00000000 orderID=31388901395 tradeID=None
[진입유실 방지 자동보정] SHORT 1000SHIB/USDT:USDT exit=2026-07-27 07:36:19 미매칭수량=1348.00000000 orderID=31393184616 tradeID=None
[진입유실 방지 자동보정] SHORT 1000SHIB/USDT:USDT exit=2026-07-27 11:51:02 미매칭수량=1844.00000000 orderID=31400541745 tradeID=None
[진입유실 방지 자동보정] SHORT 1000SHIB/USDT:USDT exit=2026-07-28 06:12:27 미매칭수량=2192.00000000 orderID=31421063023 tradeID=None
[진입유실 방지 자동보정] SHORT 1000SHIB/USDT:USDT exit=2026-08-02 01:13:53 미매칭수량=1073.00000000 orderID=31502817166 tradeID=None
[진입유실 방지 자동보정] SHORT 1000SHIB/USDT:USDT exit=2026-08-02 02:01:20 미매칭수량=1074.00000000 orderID=31504220662 tradeID=None
[진입유실 방지 자동보정] SHORT 1000SHIB/USDT:USDT exit=2026-08-02 09:45:32 미매칭수량=2285.00000000 orderID=31510623049 tradeID=None
[진입유실 방지 자동보정] SHORT 1000SHIB/USDT:USDT exit=2026-08-02 10:35:19 미매칭수량=2280.00000000 orderID=31511192196 tradeID=None
[진입유실 방지 자동보정] LONG DOGE/USDT:USDT exit=2026-07-28 09:50:41 미매칭수량=163.00000000 orderID=100915175009 tradeID=None
[진입유실 방지 자동보정] SHORT DOGE/USDT:USDT exit=2026-07-28 20:36:48 미매칭수량=357.00000000 orderID=100925180835 tradeID=None
[진입유실 방지 자동보정] SHORT DOGE/USDT:USDT exit=2026-07-28 23:00:41 미매칭수량=286.00000000 orderID=100927596061 tradeID=None
[진입유실 방지 자동보정] SHORT DOGE/USDT:USDT exit=2026-07-30 20:51:14 미매칭수량=345.00000000 orderID=100976583122 tradeID=None
[진입유실 방지 자동보정] SHORT DOGE/USDT:USDT exit=2026-07-31 10:01:31 미매칭수량=334.00000000 orderID=100988356319 tradeID=None
[진입유실 방지 자동보정] SHORT DOGE/USDT:USDT exit=2026-08-01 18:02:18 미매칭수량=306.00000000 orderID=101015266902 tradeID=None
[진입유실 방지 자동보정] LONG DOGE/USDT:USDT exit=2026-08-02 11:07:47 미매칭수량=259.00000000 orderID=101028099752 tradeID=None
[진입유실 방지 자동보정] SHORT SOL/USDT:USDT exit=2026-07-29 22:32:08 미매칭수량=0.26000000 orderID=229957663104 tradeID=None
[진입유실 방지 자동보정] LONG SOL/USDT:USDT exit=2026-07-30 02:59:19 미매칭수량=0.33000000 orderID=229996023316 tradeID=None
[진입유실 방지 자동보정] LONG SOL/USDT:USDT exit=2026-07-30 03:32:08 미매칭수량=0.27000000 orderID=230002018782 tradeID=None
[진입유실 방지 자동보정] SHORT SOL/USDT:USDT exit=2026-07-30 20:09:26 미매칭수량=0.32000000 orderID=230154249399 tradeID=None
[진입유실 방지 자동보정] SHORT SOL/USDT:USDT exit=2026-07-30 20:37:48 미매칭수량=0.32000000 orderID=230157644550 tradeID=None
[진입유실 방지 자동보정] SHORT SOL/USDT:USDT exit=2026-08-01 10:32:26 미매칭수량=0.29000000 orderID=230440972735 tradeID=None
[진입유실 방지 자동보정] LONG SOL/USDT:USDT exit=2026-08-02 01:55:54 미매칭수량=0.25000000 orderID=230506472518 tradeID=None
[진입유실 방지 자동보정] LONG SOL/USDT:USDT exit=2026-08-02 03:24:55 미매칭수량=0.20000000 orderID=230517041657 tradeID=None
[진입유실 방지 자동보정] LONG XRP/USDT:USDT exit=2026-07-30 03:32:09 미매칭수량=14.70000000 orderID=154591436270 tradeID=None
[진입유실 방지 자동보정] LONG XRP/USDT:USDT exit=2026-07-30 08:06:13 미매칭수량=18.50000000 orderID=154605732461 tradeID=None
[진입유실 방지 자동보정] LONG XRP/USDT:USDT exit=2026-07-30 22:11:04 미매칭수량=17.50000000 orderID=154637963852 tradeID=None
[진입유실 방지 자동보정] SHORT XRP/USDT:USDT exit=2026-07-31 15:18:55 미매칭수량=28.50000000 orderID=154681353788 tradeID=None
[진입유실 방지 자동보정] LONG XRP/USDT:USDT exit=2026-08-02 07:48:27 미매칭수량=6.70000000 orderID=154765042288 tradeID=None
[진입유실 방지 자동보정] LONG XRP/USDT:USDT exit=2026-08-02 08:25:19 미매칭수량=6.70000000 orderID=154766072211 tradeID=None
[진입유실 방지 자동보정] LONG XRP/USDT:USDT exit=2026-08-02 11:07:15 미매칭수량=16.80000000 orderID=154770811661 tradeID=None
[진입유실 방지 자동보정] SHORT 1000PEPE/USDT:USDT exit=2026-08-02 02:31:36 미매칭수량=1968.00000000 orderID=61389681657 tradeID=None
[진입유실 방지 자동보정] SHORT 1000PEPE/USDT:USDT exit=2026-08-02 02:52:29 미매칭수량=1969.00000000 orderID=61390079427 tradeID=None
[진입유실 방지 자동보정] SHORT 1000PEPE/USDT:USDT exit=2026-08-02 09:25:39 미매칭수량=7585.00000000 orderID=61394822102 tradeID=None
[진입유실 방지 자동보정] SHORT IDOL/USDT:USDT exit=2026-08-02 10:17:17 미매칭수량=445.00000000 orderID=523897304 tradeID=None
[진입유실 방지 자동보정] LONG 1000SHIB/USDT:USDT exit=2026-07-27 04:30:21 미매칭수량=2189.00000000 orderID=31388901395 tradeID=None
[진입유실 방지 자동보정] SHORT 1000SHIB/USDT:USDT exit=2026-07-27 07:36:19 미매칭수량=1348.00000000 orderID=31393184616 tradeID=None
[진입유실 방지 자동보정] SHORT 1000SHIB/USDT:USDT exit=2026-07-27 11:51:02 미매칭수량=1844.00000000 orderID=31400541745 tradeID=None
[진입유실 방지 자동보정] SHORT 1000SHIB/USDT:USDT exit=2026-07-28 06:12:27 미매칭수량=2192.00000000 orderID=31421063023 tradeID=None
[진입유실 방지 자동보정] SHORT 1000SHIB/USDT:USDT exit=2026-08-02 01:13:53 미매칭수량=1073.00000000 orderID=31502817166 tradeID=None
[진입유실 방지 자동보정] SHORT 1000SHIB/USDT:USDT exit=2026-08-02 02:01:20 미매칭수량=1074.00000000 orderID=31504220662 tradeID=None
[진입유실 방지 자동보정] SHORT 1000SHIB/USDT:USDT exit=2026-08-02 09:45:32 미매칭수량=2285.00000000 orderID=31510623049 tradeID=None
[진입유실 방지 자동보정] SHORT 1000SHIB/USDT:USDT exit=2026-08-02 10:35:19 미매칭수량=2280.00000000 orderID=31511192196 tradeID=None
[진입유실 방지 자동보정] LONG DOGE/USDT:USDT exit=2026-07-28 09:50:41 미매칭수량=163.00000000 orderID=100915175009 tradeID=None
[진입유실 방지 자동보정] SHORT DOGE/USDT:USDT exit=2026-07-28 20:36:48 미매칭수량=357.00000000 orderID=100925180835 tradeID=None
[진입유실 방지 자동보정] SHORT DOGE/USDT:USDT exit=2026-07-28 23:00:41 미매칭수량=286.00000000 orderID=100927596061 tradeID=None
[진입유실 방지 자동보정] SHORT DOGE/USDT:USDT exit=2026-07-30 20:51:14 미매칭수량=345.00000000 orderID=100976583122 tradeID=None
[진입유실 방지 자동보정] SHORT DOGE/USDT:USDT exit=2026-07-31 10:01:31 미매칭수량=334.00000000 orderID=100988356319 tradeID=None
[진입유실 방지 자동보정] SHORT DOGE/USDT:USDT exit=2026-08-01 18:02:18 미매칭수량=306.00000000 orderID=101015266902 tradeID=None
[진입유실 방지 자동보정] LONG DOGE/USDT:USDT exit=2026-08-02 11:07:47 미매칭수량=259.00000000 orderID=101028099752 tradeID=None
[진입유실 방지 자동보정] SHORT SOL/USDT:USDT exit=2026-07-29 22:32:08 미매칭수량=0.26000000 orderID=229957663104 tradeID=None
[진입유실 방지 자동보정] LONG SOL/USDT:USDT exit=2026-07-30 02:59:19 미매칭수량=0.33000000 orderID=229996023316 tradeID=None
[진입유실 방지 자동보정] LONG SOL/USDT:USDT exit=2026-07-30 03:32:08 미매칭수량=0.27000000 orderID=230002018782 tradeID=None
[진입유실 방지 자동보정] SHORT SOL/USDT:USDT exit=2026-07-30 20:09:26 미매칭수량=0.32000000 orderID=230154249399 tradeID=None
[진입유실 방지 자동보정] SHORT SOL/USDT:USDT exit=2026-07-30 20:37:48 미매칭수량=0.32000000 orderID=230157644550 tradeID=None
[진입유실 방지 자동보정] SHORT SOL/USDT:USDT exit=2026-08-01 10:32:26 미매칭수량=0.29000000 orderID=230440972735 tradeID=None
[진입유실 방지 자동보정] LONG SOL/USDT:USDT exit=2026-08-02 01:55:54 미매칭수량=0.25000000 orderID=230506472518 tradeID=None
[진입유실 방지 자동보정] LONG SOL/USDT:USDT exit=2026-08-02 03:24:55 미매칭수량=0.20000000 orderID=230517041657 tradeID=None
[진입유실 방지 자동보정] LONG XRP/USDT:USDT exit=2026-07-30 03:32:09 미매칭수량=14.70000000 orderID=154591436270 tradeID=None
[진입유실 방지 자동보정] LONG XRP/USDT:USDT exit=2026-07-30 08:06:13 미매칭수량=18.50000000 orderID=154605732461 tradeID=None
[진입유실 방지 자동보정] LONG XRP/USDT:USDT exit=2026-07-30 22:11:04 미매칭수량=17.50000000 orderID=154637963852 tradeID=None
[진입유실 방지 자동보정] SHORT XRP/USDT:USDT exit=2026-07-31 15:18:55 미매칭수량=28.50000000 orderID=154681353788 tradeID=None
[진입유실 방지 자동보정] LONG XRP/USDT:USDT exit=2026-08-02 07:48:27 미매칭수량=6.70000000 orderID=154765042288 tradeID=None
[진입유실 방지 자동보정] LONG XRP/USDT:USDT exit=2026-08-02 08:25:19 미매칭수량=6.70000000 orderID=154766072211 tradeID=None
[진입유실 방지 자동보정] LONG XRP/USDT:USDT exit=2026-08-02 11:07:15 미매칭수량=16.80000000 orderID=154770811661 tradeID=None
[진입유실 방지 자동보정] SHORT 1000PEPE/USDT:USDT exit=2026-08-02 02:31:36 미매칭수량=1968.00000000 orderID=61389681657 tradeID=None
[진입유실 방지 자동보정] SHORT 1000PEPE/USDT:USDT exit=2026-08-02 02:52:29 미매칭수량=1969.00000000 orderID=61390079427 tradeID=None
[진입유실 방지 자동보정] SHORT 1000PEPE/USDT:USDT exit=2026-08-02 09:25:39 미매칭수량=7585.00000000 orderID=61394822102 tradeID=None
[진입유실 방지 자동보정] SHORT IDOL/USDT:USDT exit=2026-08-02 10:17:17 미매칭수량=445.00000000 orderID=523897304 tradeID=None
[HOME/USDT:USDT] 래칫 위반 시도 차단 (Long): old=0.007775665041583988 -> new=0.007756865041583988
[HOME/USDT:USDT] 래칫 위반 시도 차단 (Long): old=0.007775665041583988 -> new=0.007756865041583988
[DASH] get_dashboard_data 지연/실패() — 직전 캐시/빈값 반환
[진입유실 방지 자동보정] LONG 1000SHIB/USDT:USDT exit=2026-07-27 04:30:21 미매칭수량=2189.00000000 orderID=31388901395 tradeID=None
[진입유실 방지 자동보정] SHORT 1000SHIB/USDT:USDT exit=2026-07-27 07:36:19 미매칭수량=1348.00000000 orderID=31393184616 tradeID=None
[진입유실 방지 자동보정] SHORT 1000SHIB/USDT:USDT exit=2026-07-27 11:51:02 미매칭수량=1844.00000000 orderID=31400541745 tradeID=None
[진입유실 방지 자동보정] SHORT 1000SHIB/USDT:USDT exit=2026-07-28 06:12:27 미매칭수량=2192.00000000 orderID=31421063023 tradeID=None
[진입유실 방지 자동보정] SHORT 1000SHIB/USDT:USDT exit=2026-08-02 01:13:53 미매칭수량=1073.00000000 orderID=31502817166 tradeID=None
[진입유실 방지 자동보정] SHORT 1000SHIB/USDT:USDT exit=2026-08-02 02:01:20 미매칭수량=1074.00000000 orderID=31504220662 tradeID=None
[진입유실 방지 자동보정] SHORT 1000SHIB/USDT:USDT exit=2026-08-02 09:45:32 미매칭수량=2285.00000000 orderID=31510623049 tradeID=None
[진입유실 방지 자동보정] SHORT 1000SHIB/USDT:USDT exit=2026-08-02 10:35:19 미매칭수량=2280.00000000 orderID=31511192196 tradeID=None
[진입유실 방지 자동보정] LONG DOGE/USDT:USDT exit=2026-07-28 09:50:41 미매칭수량=163.00000000 orderID=100915175009 tradeID=None
[진입유실 방지 자동보정] SHORT DOGE/USDT:USDT exit=2026-07-28 20:36:48 미매칭수량=357.00000000 orderID=100925180835 tradeID=None
[진입유실 방지 자동보정] SHORT DOGE/USDT:USDT exit=2026-07-28 23:00:41 미매칭수량=286.00000000 orderID=100927596061 tradeID=None
[진입유실 방지 자동보정] SHORT DOGE/USDT:USDT exit=2026-07-30 20:51:14 미매칭수량=345.00000000 orderID=100976583122 tradeID=None
[진입유실 방지 자동보정] SHORT DOGE/USDT:USDT exit=2026-07-31 10:01:31 미매칭수량=334.00000000 orderID=100988356319 tradeID=None
[진입유실 방지 자동보정] SHORT DOGE/USDT:USDT exit=2026-08-01 18:02:18 미매칭수량=306.00000000 orderID=101015266902 tradeID=None
[진입유실 방지 자동보정] LONG DOGE/USDT:USDT exit=2026-08-02 11:07:47 미매칭수량=259.00000000 orderID=101028099752 tradeID=None
[진입유실 방지 자동보정] SHORT SOL/USDT:USDT exit=2026-07-29 22:32:08 미매칭수량=0.26000000 orderID=229957663104 tradeID=None
[진입유실 방지 자동보정] LONG SOL/USDT:USDT exit=2026-07-30 02:59:19 미매칭수량=0.33000000 orderID=229996023316 tradeID=None
[진입유실 방지 자동보정] LONG SOL/USDT:USDT exit=2026-07-30 03:32:08 미매칭수량=0.27000000 orderID=230002018782 tradeID=None
[진입유실 방지 자동보정] SHORT SOL/USDT:USDT exit=2026-07-30 20:09:26 미매칭수량=0.32000000 orderID=230154249399 tradeID=None
[진입유실 방지 자동보정] SHORT SOL/USDT:USDT exit=2026-07-30 20:37:48 미매칭수량=0.32000000 orderID=230157644550 tradeID=None
[진입유실 방지 자동보정] SHORT SOL/USDT:USDT exit=2026-08-01 10:32:26 미매칭수량=0.29000000 orderID=230440972735 tradeID=None
[진입유실 방지 자동보정] LONG SOL/USDT:USDT exit=2026-08-02 01:55:54 미매칭수량=0.25000000 orderID=230506472518 tradeID=None
[진입유실 방지 자동보정] LONG SOL/USDT:USDT exit=2026-08-02 03:24:55 미매칭수량=0.20000000 orderID=230517041657 tradeID=None
[진입유실 방지 자동보정] LONG XRP/USDT:USDT exit=2026-07-30 03:32:09 미매칭수량=14.70000000 orderID=154591436270 tradeID=None
[진입유실 방지 자동보정] LONG XRP/USDT:USDT exit=2026-07-30 08:06:13 미매칭수량=18.50000000 orderID=154605732461 tradeID=None
[진입유실 방지 자동보정] LONG XRP/USDT:USDT exit=2026-07-30 22:11:04 미매칭수량=17.50000000 orderID=154637963852 tradeID=None
[진입유실 방지 자동보정] SHORT XRP/USDT:USDT exit=2026-07-31 15:18:55 미매칭수량=28.50000000 orderID=154681353788 tradeID=None
[진입유실 방지 자동보정] LONG XRP/USDT:USDT exit=2026-08-02 07:48:27 미매칭수량=6.70000000 orderID=154765042288 tradeID=None
[진입유실 방지 자동보정] LONG XRP/USDT:USDT exit=2026-08-02 08:25:19 미매칭수량=6.70000000 orderID=154766072211 tradeID=None
[진입유실 방지 자동보정] LONG XRP/USDT:USDT exit=2026-08-02 11:07:15 미매칭수량=16.80000000 orderID=154770811661 tradeID=None
[진입유실 방지 자동보정] SHORT 1000PEPE/USDT:USDT exit=2026-08-02 02:31:36 미매칭수량=1968.00000000 orderID=61389681657 tradeID=None
[진입유실 방지 자동보정] SHORT 1000PEPE/USDT:USDT exit=2026-08-02 02:52:29 미매칭수량=1969.00000000 orderID=61390079427 tradeID=None
[진입유실 방지 자동보정] SHORT 1000PEPE/USDT:USDT exit=2026-08-02 09:25:39 미매칭수량=7585.00000000 orderID=61394822102 tradeID=None
[진입유실 방지 자동보정] SHORT IDOL/USDT:USDT exit=2026-08-02 10:17:17 미매칭수량=445.00000000 orderID=523897304 tradeID=None
[진입유실 방지 자동보정] LONG 1000SHIB/USDT:USDT exit=2026-07-27 04:30:21 미매칭수량=2189.00000000 orderID=31388901395 tradeID=None
[진입유실 방지 자동보정] SHORT 1000SHIB/USDT:USDT exit=2026-07-27 07:36:19 미매칭수량=1348.00000000 orderID=31393184616 tradeID=None
[진입유실 방지 자동보정] SHORT 1000SHIB/USDT:USDT exit=2026-07-27 11:51:02 미매칭수량=1844.00000000 orderID=31400541745 tradeID=None
[진입유실 방지 자동보정] SHORT 1000SHIB/USDT:USDT exit=2026-07-28 06:12:27 미매칭수량=2192.00000000 orderID=31421063023 tradeID=None
[진입유실 방지 자동보정] SHORT 1000SHIB/USDT:USDT exit=2026-08-02 01:13:53 미매칭수량=1073.00000000 orderID=31502817166 tradeID=None
[진입유실 방지 자동보정] SHORT 1000SHIB/USDT:USDT exit=2026-08-02 02:01:20 미매칭수량=1074.00000000 orderID=31504220662 tradeID=None
[진입유실 방지 자동보정] SHORT 1000SHIB/USDT:USDT exit=2026-08-02 09:45:32 미매칭수량=2285.00000000 orderID=31510623049 tradeID=None
[진입유실 방지 자동보정] SHORT 1000SHIB/USDT:USDT exit=2026-08-02 10:35:19 미매칭수량=2280.00000000 orderID=31511192196 tradeID=None
[진입유실 방지 자동보정] LONG DOGE/USDT:USDT exit=2026-07-28 09:50:41 미매칭수량=163.00000000 orderID=100915175009 tradeID=None
[진입유실 방지 자동보정] SHORT DOGE/USDT:USDT exit=2026-07-28 20:36:48 미매칭수량=357.00000000 orderID=100925180835 tradeID=None
[진입유실 방지 자동보정] SHORT DOGE/USDT:USDT exit=2026-07-28 23:00:41 미매칭수량=286.00000000 orderID=100927596061 tradeID=None
[진입유실 방지 자동보정] SHORT DOGE/USDT:USDT exit=2026-07-30 20:51:14 미매칭수량=345.00000000 orderID=100976583122 tradeID=None
[진입유실 방지 자동보정] SHORT DOGE/USDT:USDT exit=2026-07-31 10:01:31 미매칭수량=334.00000000 orderID=100988356319 tradeID=None
[진입유실 방지 자동보정] SHORT DOGE/USDT:USDT exit=2026-08-01 18:02:18 미매칭수량=306.00000000 orderID=101015266902 tradeID=None
[진입유실 방지 자동보정] LONG DOGE/USDT:USDT exit=2026-08-02 11:07:47 미매칭수량=259.00000000 orderID=101028099752 tradeID=None
[진입유실 방지 자동보정] SHORT SOL/USDT:USDT exit=2026-07-29 22:32:08 미매칭수량=0.26000000 orderID=229957663104 tradeID=None
[진입유실 방지 자동보정] LONG SOL/USDT:USDT exit=2026-07-30 02:59:19 미매칭수량=0.33000000 orderID=229996023316 tradeID=None
[진입유실 방지 자동보정] LONG SOL/USDT:USDT exit=2026-07-30 03:32:08 미매칭수량=0.27000000 orderID=230002018782 tradeID=None
[진입유실 방지 자동보정] SHORT SOL/USDT:USDT exit=2026-07-30 20:09:26 미매칭수량=0.32000000 orderID=230154249399 tradeID=None
[진입유실 방지 자동보정] SHORT SOL/USDT:USDT exit=2026-07-30 20:37:48 미매칭수량=0.32000000 orderID=230157644550 tradeID=None
[진입유실 방지 자동보정] SHORT SOL/USDT:USDT exit=2026-08-01 10:32:26 미매칭수량=0.29000000 orderID=230440972735 tradeID=None
[진입유실 방지 자동보정] LONG SOL/USDT:USDT exit=2026-08-02 01:55:54 미매칭수량=0.25000000 orderID=230506472518 tradeID=None
[진입유실 방지 자동보정] LONG SOL/USDT:USDT exit=2026-08-02 03:24:55 미매칭수량=0.20000000 orderID=230517041657 tradeID=None
[진입유실 방지 자동보정] LONG XRP/USDT:USDT exit=2026-07-30 03:32:09 미매칭수량=14.70000000 orderID=154591436270 tradeID=None
[진입유실 방지 자동보정] LONG XRP/USDT:USDT exit=2026-07-30 08:06:13 미매칭수량=18.50000000 orderID=154605732461 tradeID=None
[진입유실 방지 자동보정] LONG XRP/USDT:USDT exit=2026-07-30 22:11:04 미매칭수량=17.50000000 orderID=154637963852 tradeID=None
[진입유실 방지 자동보정] SHORT XRP/USDT:USDT exit=2026-07-31 15:18:55 미매칭수량=28.50000000 orderID=154681353788 tradeID=None
[진입유실 방지 자동보정] LONG XRP/USDT:USDT exit=2026-08-02 07:48:27 미매칭수량=6.70000000 orderID=154765042288 tradeID=None
[진입유실 방지 자동보정] LONG XRP/USDT:USDT exit=2026-08-02 08:25:19 미매칭수량=6.70000000 orderID=154766072211 tradeID=None
[진입유실 방지 자동보정] LONG XRP/USDT:USDT exit=2026-08-02 11:07:15 미매칭수량=16.80000000 orderID=154770811661 tradeID=None
[진입유실 방지 자동보정] SHORT 1000PEPE/USDT:USDT exit=2026-08-02 02:31:36 미매칭수량=1968.00000000 orderID=61389681657 tradeID=None
[진입유실 방지 자동보정] SHORT 1000PEPE/USDT:USDT exit=2026-08-02 02:52:29 미매칭수량=1969.00000000 orderID=61390079427 tradeID=None
[진입유실 방지 자동보정] SHORT 1000PEPE/USDT:USDT exit=2026-08-02 09:25:39 미매칭수량=7585.00000000 orderID=61394822102 tradeID=None
[진입유실 방지 자동보정] SHORT IDOL/USDT:USDT exit=2026-08-02 10:17:17 미매칭수량=445.00000000 orderID=523897304 tradeID=None
[진입유실 방지 자동보정] LONG 1000SHIB/USDT:USDT exit=2026-07-27 04:30:21 미매칭수량=2189.00000000 orderID=31388901395 tradeID=None
[진입유실 방지 자동보정] SHORT 1000SHIB/USDT:USDT exit=2026-07-27 07:36:19 미매칭수량=1348.00000000 orderID=31393184616 tradeID=None
[진입유실 방지 자동보정] SHORT 1000SHIB/USDT:USDT exit=2026-07-27 11:51:02 미매칭수량=1844.00000000 orderID=31400541745 tradeID=None
[진입유실 방지 자동보정] SHORT 1000SHIB/USDT:USDT exit=2026-07-28 06:12:27 미매칭수량=2192.00000000 orderID=31421063023 tradeID=None
[진입유실 방지 자동보정] SHORT 1000SHIB/USDT:USDT exit=2026-08-02 01:13:53 미매칭수량=1073.00000000 orderID=31502817166 tradeID=None
[진입유실 방지 자동보정] SHORT 1000SHIB/USDT:USDT exit=2026-08-02 02:01:20 미매칭수량=1074.00000000 orderID=31504220662 tradeID=None
[진입유실 방지 자동보정] SHORT 1000SHIB/USDT:USDT exit=2026-08-02 09:45:32 미매칭수량=2285.00000000 orderID=31510623049 tradeID=None
[진입유실 방지 자동보정] SHORT 1000SHIB/USDT:USDT exit=2026-08-02 10:35:19 미매칭수량=2280.00000000 orderID=31511192196 tradeID=None
[진입유실 방지 자동보정] LONG DOGE/USDT:USDT exit=2026-07-28 09:50:41 미매칭수량=163.00000000 orderID=100915175009 tradeID=None
[진입유실 방지 자동보정] SHORT DOGE/USDT:USDT exit=2026-07-28 20:36:48 미매칭수량=357.00000000 orderID=100925180835 tradeID=None
[진입유실 방지 자동보정] SHORT DOGE/USDT:USDT exit=2026-07-28 23:00:41 미매칭수량=286.00000000 orderID=100927596061 tradeID=None
[진입유실 방지 자동보정] SHORT DOGE/USDT:USDT exit=2026-07-30 20:51:14 미매칭수량=345.00000000 orderID=100976583122 tradeID=None
[진입유실 방지 자동보정] SHORT DOGE/USDT:USDT exit=2026-07-31 10:01:31 미매칭수량=334.00000000 orderID=100988356319 tradeID=None
[진입유실 방지 자동보정] SHORT DOGE/USDT:USDT exit=2026-08-01 18:02:18 미매칭수량=306.00000000 orderID=101015266902 tradeID=None
[진입유실 방지 자동보정] LONG DOGE/USDT:USDT exit=2026-08-02 11:07:47 미매칭수량=259.00000000 orderID=101028099752 tradeID=None
[진입유실 방지 자동보정] SHORT SOL/USDT:USDT exit=2026-07-29 22:32:08 미매칭수량=0.26000000 orderID=229957663104 tradeID=None
[진입유실 방지 자동보정] LONG SOL/USDT:USDT exit=2026-07-30 02:59:19 미매칭수량=0.33000000 orderID=229996023316 tradeID=None
[진입유실 방지 자동보정] LONG SOL/USDT:USDT exit=2026-07-30 03:32:08 미매칭수량=0.27000000 orderID=230002018782 tradeID=None
[진입유실 방지 자동보정] SHORT SOL/USDT:USDT exit=2026-07-30 20:09:26 미매칭수량=0.32000000 orderID=230154249399 tradeID=None
[진입유실 방지 자동보정] SHORT SOL/USDT:USDT exit=2026-07-30 20:37:48 미매칭수량=0.32000000 orderID=230157644550 tradeID=None
[진입유실 방지 자동보정] SHORT SOL/USDT:USDT exit=2026-08-01 10:32:26 미매칭수량=0.29000000 orderID=230440972735 tradeID=None
[진입유실 방지 자동보정] LONG SOL/USDT:USDT exit=2026-08-02 01:55:54 미매칭수량=0.25000000 orderID=230506472518 tradeID=None
[진입유실 방지 자동보정] LONG SOL/USDT:USDT exit=2026-08-02 03:24:55 미매칭수량=0.20000000 orderID=230517041657 tradeID=None
[진입유실 방지 자동보정] LONG XRP/USDT:USDT exit=2026-07-30 03:32:09 미매칭수량=14.70000000 orderID=154591436270 tradeID=None
[진입유실 방지 자동보정] LONG XRP/USDT:USDT exit=2026-07-30 08:06:13 미매칭수량=18.50000000 orderID=154605732461 tradeID=None
[진입유실 방지 자동보정] LONG XRP/USDT:USDT exit=2026-07-30 22:11:04 미매칭수량=17.50000000 orderID=154637963852 tradeID=None
[진입유실 방지 자동보정] SHORT XRP/USDT:USDT exit=2026-07-31 15:18:55 미매칭수량=28.50000000 orderID=154681353788 tradeID=None
[진입유실 방지 자동보정] LONG XRP/USDT:USDT exit=2026-08-02 07:48:27 미매칭수량=6.70000000 orderID=154765042288 tradeID=None
[진입유실 방지 자동보정] LONG XRP/USDT:USDT exit=2026-08-02 08:25:19 미매칭수량=6.70000000 orderID=154766072211 tradeID=None
[진입유실 방지 자동보정] LONG XRP/USDT:USDT exit=2026-08-02 11:07:15 미매칭수량=16.80000000 orderID=154770811661 tradeID=None
[진입유실 방지 자동보정] SHORT 1000PEPE/USDT:USDT exit=2026-08-02 02:31:36 미매칭수량=1968.00000000 orderID=61389681657 tradeID=None
[진입유실 방지 자동보정] SHORT 1000PEPE/USDT:USDT exit=2026-08-02 02:52:29 미매칭수량=1969.00000000 orderID=61390079427 tradeID=None
[진입유실 방지 자동보정] SHORT 1000PEPE/USDT:USDT exit=2026-08-02 09:25:39 미매칭수량=7585.00000000 orderID=61394822102 tradeID=None
[진입유실 방지 자동보정] SHORT IDOL/USDT:USDT exit=2026-08-02 10:17:17 미매칭수량=445.00000000 orderID=523897304 tradeID=None
[진입유실 방지 자동보정] LONG 1000SHIB/USDT:USDT exit=2026-07-27 04:30:21 미매칭수량=2189.00000000 orderID=31388901395 tradeID=None
[진입유실 방지 자동보정] SHORT 1000SHIB/USDT:USDT exit=2026-07-27 07:36:19 미매칭수량=1348.00000000 orderID=31393184616 tradeID=None
[진입유실 방지 자동보정] SHORT 1000SHIB/USDT:USDT exit=2026-07-27 11:51:02 미매칭수량=1844.00000000 orderID=31400541745 tradeID=None
[진입유실 방지 자동보정] SHORT 1000SHIB/USDT:USDT exit=2026-07-28 06:12:27 미매칭수량=2192.00000000 orderID=31421063023 tradeID=None
[진입유실 방지 자동보정] SHORT 1000SHIB/USDT:USDT exit=2026-08-02 01:13:53 미매칭수량=1073.00000000 orderID=31502817166 tradeID=None
[진입유실 방지 자동보정] SHORT 1000SHIB/USDT:USDT exit=2026-08-02 02:01:20 미매칭수량=1074.00000000 orderID=31504220662 tradeID=None
[진입유실 방지 자동보정] SHORT 1000SHIB/USDT:USDT exit=2026-08-02 09:45:32 미매칭수량=2285.00000000 orderID=31510623049 tradeID=None
[진입유실 방지 자동보정] SHORT 1000SHIB/USDT:USDT exit=2026-08-02 10:35:19 미매칭수량=2280.00000000 orderID=31511192196 tradeID=None
[진입유실 방지 자동보정] LONG DOGE/USDT:USDT exit=2026-07-28 09:50:41 미매칭수량=163.00000000 orderID=100915175009 tradeID=None
[진입유실 방지 자동보정] SHORT DOGE/USDT:USDT exit=2026-07-28 20:36:48 미매칭수량=357.00000000 orderID=100925180835 tradeID=None
[진입유실 방지 자동보정] SHORT DOGE/USDT:USDT exit=2026-07-28 23:00:41 미매칭수량=286.00000000 orderID=100927596061 tradeID=None
[진입유실 방지 자동보정] SHORT DOGE/USDT:USDT exit=2026-07-30 20:51:14 미매칭수량=345.00000000 orderID=100976583122 tradeID=None
[진입유실 방지 자동보정] SHORT DOGE/USDT:USDT exit=2026-07-31 10:01:31 미매칭수량=334.00000000 orderID=100988356319 tradeID=None
[진입유실 방지 자동보정] SHORT DOGE/USDT:USDT exit=2026-08-01 18:02:18 미매칭수량=306.00000000 orderID=101015266902 tradeID=None
[진입유실 방지 자동보정] LONG DOGE/USDT:USDT exit=2026-08-02 11:07:47 미매칭수량=259.00000000 orderID=101028099752 tradeID=None
[진입유실 방지 자동보정] SHORT SOL/USDT:USDT exit=2026-07-29 22:32:08 미매칭수량=0.26000000 orderID=229957663104 tradeID=None
[진입유실 방지 자동보정] LONG SOL/USDT:USDT exit=2026-07-30 02:59:19 미매칭수량=0.33000000 orderID=229996023316 tradeID=None
[진입유실 방지 자동보정] LONG SOL/USDT:USDT exit=2026-07-30 03:32:08 미매칭수량=0.27000000 orderID=230002018782 tradeID=None
[진입유실 방지 자동보정] SHORT SOL/USDT:USDT exit=2026-07-30 20:09:26 미매칭수량=0.32000000 orderID=230154249399 tradeID=None
[진입유실 방지 자동보정] SHORT SOL/USDT:USDT exit=2026-07-30 20:37:48 미매칭수량=0.32000000 orderID=230157644550 tradeID=None
[진입유실 방지 자동보정] SHORT SOL/USDT:USDT exit=2026-08-01 10:32:26 미매칭수량=0.29000000 orderID=230440972735 tradeID=None
[진입유실 방지 자동보정] LONG SOL/USDT:USDT exit=2026-08-02 01:55:54 미매칭수량=0.25000000 orderID=230506472518 tradeID=None
[진입유실 방지 자동보정] LONG SOL/USDT:USDT exit=2026-08-02 03:24:55 미매칭수량=0.20000000 orderID=230517041657 tradeID=None
[진입유실 방지 자동보정] LONG XRP/USDT:USDT exit=2026-07-30 03:32:09 미매칭수량=14.70000000 orderID=154591436270 tradeID=None
[진입유실 방지 자동보정] LONG XRP/USDT:USDT exit=2026-07-30 08:06:13 미매칭수량=18.50000000 orderID=154605732461 tradeID=None
[진입유실 방지 자동보정] LONG XRP/USDT:USDT exit=2026-07-30 22:11:04 미매칭수량=17.50000000 orderID=154637963852 tradeID=None
[진입유실 방지 자동보정] SHORT XRP/USDT:USDT exit=2026-07-31 15:18:55 미매칭수량=28.50000000 orderID=154681353788 tradeID=None
[진입유실 방지 자동보정] LONG XRP/USDT:USDT exit=2026-08-02 07:48:27 미매칭수량=6.70000000 orderID=154765042288 tradeID=None
[진입유실 방지 자동보정] LONG XRP/USDT:USDT exit=2026-08-02 08:25:19 미매칭수량=6.70000000 orderID=154766072211 tradeID=None
[진입유실 방지 자동보정] LONG XRP/USDT:USDT exit=2026-08-02 11:07:15 미매칭수량=16.80000000 orderID=154770811661 tradeID=None
[진입유실 방지 자동보정] SHORT 1000PEPE/USDT:USDT exit=2026-08-02 02:31:36 미매칭수량=1968.00000000 orderID=61389681657 tradeID=None
[진입유실 방지 자동보정] SHORT 1000PEPE/USDT:USDT exit=2026-08-02 02:52:29 미매칭수량=1969.00000000 orderID=61390079427 tradeID=None
[진입유실 방지 자동보정] SHORT 1000PEPE/USDT:USDT exit=2026-08-02 09:25:39 미매칭수량=7585.00000000 orderID=61394822102 tradeID=None
[진입유실 방지 자동보정] SHORT IDOL/USDT:USDT exit=2026-08-02 10:17:17 미매칭수량=445.00000000 orderID=523897304 tradeID=None
[진입유실 방지 자동보정] LONG 1000SHIB/USDT:USDT exit=2026-07-27 04:30:21 미매칭수량=2189.00000000 orderID=31388901395 tradeID=None
[진입유실 방지 자동보정] SHORT 1000SHIB/USDT:USDT exit=2026-07-27 07:36:19 미매칭수량=1348.00000000 orderID=31393184616 tradeID=None
[진입유실 방지 자동보정] SHORT 1000SHIB/USDT:USDT exit=2026-07-27 11:51:02 미매칭수량=1844.00000000 orderID=31400541745 tradeID=None
[진입유실 방지 자동보정] SHORT 1000SHIB/USDT:USDT exit=2026-07-28 06:12:27 미매칭수량=2192.00000000 orderID=31421063023 tradeID=None
[진입유실 방지 자동보정] SHORT 1000SHIB/USDT:USDT exit=2026-08-02 01:13:53 미매칭수량=1073.00000000 orderID=31502817166 tradeID=None
[진입유실 방지 자동보정] SHORT 1000SHIB/USDT:USDT exit=2026-08-02 02:01:20 미매칭수량=1074.00000000 orderID=31504220662 tradeID=None
[진입유실 방지 자동보정] SHORT 1000SHIB/USDT:USDT exit=2026-08-02 09:45:32 미매칭수량=2285.00000000 orderID=31510623049 tradeID=None
[진입유실 방지 자동보정] SHORT 1000SHIB/USDT:USDT exit=2026-08-02 10:35:19 미매칭수량=2280.00000000 orderID=31511192196 tradeID=None
[진입유실 방지 자동보정] LONG DOGE/USDT:USDT exit=2026-07-28 09:50:41 미매칭수량=163.00000000 orderID=100915175009 tradeID=None
[진입유실 방지 자동보정] SHORT DOGE/USDT:USDT exit=2026-07-28 20:36:48 미매칭수량=357.00000000 orderID=100925180835 tradeID=None
[진입유실 방지 자동보정] SHORT DOGE/USDT:USDT exit=2026-07-28 23:00:41 미매칭수량=286.00000000 orderID=100927596061 tradeID=None
[진입유실 방지 자동보정] SHORT DOGE/USDT:USDT exit=2026-07-30 20:51:14 미매칭수량=345.00000000 orderID=100976583122 tradeID=None
[진입유실 방지 자동보정] SHORT DOGE/USDT:USDT exit=2026-07-31 10:01:31 미매칭수량=334.00000000 orderID=100988356319 tradeID=None
[진입유실 방지 자동보정] SHORT DOGE/USDT:USDT exit=2026-08-01 18:02:18 미매칭수량=306.00000000 orderID=101015266902 tradeID=None
[진입유실 방지 자동보정] LONG DOGE/USDT:USDT exit=2026-08-02 11:07:47 미매칭수량=259.00000000 orderID=101028099752 tradeID=None
[진입유실 방지 자동보정] SHORT SOL/USDT:USDT exit=2026-07-29 22:32:08 미매칭수량=0.26000000 orderID=229957663104 tradeID=None
[진입유실 방지 자동보정] LONG SOL/USDT:USDT exit=2026-07-30 02:59:19 미매칭수량=0.33000000 orderID=229996023316 tradeID=None
[진입유실 방지 자동보정] LONG SOL/USDT:USDT exit=2026-07-30 03:32:08 미매칭수량=0.27000000 orderID=230002018782 tradeID=None
[진입유실 방지 자동보정] SHORT SOL/USDT:USDT exit=2026-07-30 20:09:26 미매칭수량=0.32000000 orderID=230154249399 tradeID=None
[진입유실 방지 자동보정] SHORT SOL/USDT:USDT exit=2026-07-30 20:37:48 미매칭수량=0.32000000 orderID=230157644550 tradeID=None
[진입유실 방지 자동보정] SHORT SOL/USDT:USDT exit=2026-08-01 10:32:26 미매칭수량=0.29000000 orderID=230440972735 tradeID=None
[진입유실 방지 자동보정] LONG SOL/USDT:USDT exit=2026-08-02 01:55:54 미매칭수량=0.25000000 orderID=230506472518 tradeID=None
[진입유실 방지 자동보정] LONG SOL/USDT:USDT exit=2026-08-02 03:24:55 미매칭수량=0.20000000 orderID=230517041657 tradeID=None
[진입유실 방지 자동보정] LONG XRP/USDT:USDT exit=2026-07-30 03:32:09 미매칭수량=14.70000000 orderID=154591436270 tradeID=None
[진입유실 방지 자동보정] LONG XRP/USDT:USDT exit=2026-07-30 08:06:13 미매칭수량=18.50000000 orderID=154605732461 tradeID=None
[진입유실 방지 자동보정] LONG XRP/USDT:USDT exit=2026-07-30 22:11:04 미매칭수량=17.50000000 orderID=154637963852 tradeID=None
[진입유실 방지 자동보정] SHORT XRP/USDT:USDT exit=2026-07-31 15:18:55 미매칭수량=28.50000000 orderID=154681353788 tradeID=None
[진입유실 방지 자동보정] LONG XRP/USDT:USDT exit=2026-08-02 07:48:27 미매칭수량=6.70000000 orderID=154765042288 tradeID=None
[진입유실 방지 자동보정] LONG XRP/USDT:USDT exit=2026-08-02 08:25:19 미매칭수량=6.70000000 orderID=154766072211 tradeID=None
[진입유실 방지 자동보정] LONG XRP/USDT:USDT exit=2026-08-02 11:07:15 미매칭수량=16.80000000 orderID=154770811661 tradeID=None
[진입유실 방지 자동보정] SHORT 1000PEPE/USDT:USDT exit=2026-08-02 02:31:36 미매칭수량=1968.00000000 orderID=61389681657 tradeID=None
[진입유실 방지 자동보정] SHORT 1000PEPE/USDT:USDT exit=2026-08-02 02:52:29 미매칭수량=1969.00000000 orderID=61390079427 tradeID=None
[진입유실 방지 자동보정] SHORT 1000PEPE/USDT:USDT exit=2026-08-02 09:25:39 미매칭수량=7585.00000000 orderID=61394822102 tradeID=None
[진입유실 방지 자동보정] SHORT IDOL/USDT:USDT exit=2026-08-02 10:17:17 미매칭수량=445.00000000 orderID=523897304 tradeID=None
[진입유실 방지 자동보정] LONG 1000SHIB/USDT:USDT exit=2026-07-27 04:30:21 미매칭수량=2189.00000000 orderID=31388901395 tradeID=None
[진입유실 방지 자동보정] SHORT 1000SHIB/USDT:USDT exit=2026-07-27 07:36:19 미매칭수량=1348.00000000 orderID=31393184616 tradeID=None
[진입유실 방지 자동보정] SHORT 1000SHIB/USDT:USDT exit=2026-07-27 11:51:02 미매칭수량=1844.00000000 orderID=31400541745 tradeID=None
[진입유실 방지 자동보정] SHORT 1000SHIB/USDT:USDT exit=2026-07-28 06:12:27 미매칭수량=2192.00000000 orderID=31421063023 tradeID=None
[진입유실 방지 자동보정] SHORT 1000SHIB/USDT:USDT exit=2026-08-02 01:13:53 미매칭수량=1073.00000000 orderID=31502817166 tradeID=None
[진입유실 방지 자동보정] SHORT 1000SHIB/USDT:USDT exit=2026-08-02 02:01:20 미매칭수량=1074.00000000 orderID=31504220662 tradeID=None
[진입유실 방지 자동보정] SHORT 1000SHIB/USDT:USDT exit=2026-08-02 09:45:32 미매칭수량=2285.00000000 orderID=31510623049 tradeID=None
[진입유실 방지 자동보정] SHORT 1000SHIB/USDT:USDT exit=2026-08-02 10:35:19 미매칭수량=2280.00000000 orderID=31511192196 tradeID=None
[진입유실 방지 자동보정] LONG DOGE/USDT:USDT exit=2026-07-28 09:50:41 미매칭수량=163.00000000 orderID=100915175009 tradeID=None
[진입유실 방지 자동보정] SHORT DOGE/USDT:USDT exit=2026-07-28 20:36:48 미매칭수량=357.00000000 orderID=100925180835 tradeID=None
[진입유실 방지 자동보정] SHORT DOGE/USDT:USDT exit=2026-07-28 23:00:41 미매칭수량=286.00000000 orderID=100927596061 tradeID=None
[진입유실 방지 자동보정] SHORT DOGE/USDT:USDT exit=2026-07-30 20:51:14 미매칭수량=345.00000000 orderID=100976583122 tradeID=None
[진입유실 방지 자동보정] SHORT DOGE/USDT:USDT exit=2026-07-31 10:01:31 미매칭수량=334.00000000 orderID=100988356319 tradeID=None
[진입유실 방지 자동보정] SHORT DOGE/USDT:USDT exit=2026-08-01 18:02:18 미매칭수량=306.00000000 orderID=101015266902 tradeID=None
[진입유실 방지 자동보정] LONG DOGE/USDT:USDT exit=2026-08-02 11:07:47 미매칭수량=259.00000000 orderID=101028099752 tradeID=None
[진입유실 방지 자동보정] SHORT SOL/USDT:USDT exit=2026-07-29 22:32:08 미매칭수량=0.26000000 orderID=229957663104 tradeID=None
[진입유실 방지 자동보정] LONG SOL/USDT:USDT exit=2026-07-30 02:59:19 미매칭수량=0.33000000 orderID=229996023316 tradeID=None
[진입유실 방지 자동보정] LONG SOL/USDT:USDT exit=2026-07-30 03:32:08 미매칭수량=0.27000000 orderID=230002018782 tradeID=None
[진입유실 방지 자동보정] SHORT SOL/USDT:USDT exit=2026-07-30 20:09:26 미매칭수량=0.32000000 orderID=230154249399 tradeID=None
[진입유실 방지 자동보정] SHORT SOL/USDT:USDT exit=2026-07-30 20:37:48 미매칭수량=0.32000000 orderID=230157644550 tradeID=None
[진입유실 방지 자동보정] SHORT SOL/USDT:USDT exit=2026-08-01 10:32:26 미매칭수량=0.29000000 orderID=230440972735 tradeID=None
[진입유실 방지 자동보정] LONG SOL/USDT:USDT exit=2026-08-02 01:55:54 미매칭수량=0.25000000 orderID=230506472518 tradeID=None
[진입유실 방지 자동보정] LONG SOL/USDT:USDT exit=2026-08-02 03:24:55 미매칭수량=0.20000000 orderID=230517041657 tradeID=None
[진입유실 방지 자동보정] LONG XRP/USDT:USDT exit=2026-07-30 03:32:09 미매칭수량=14.70000000 orderID=154591436270 tradeID=None
[진입유실 방지 자동보정] LONG XRP/USDT:USDT exit=2026-07-30 08:06:13 미매칭수량=18.50000000 orderID=154605732461 tradeID=None
[진입유실 방지 자동보정] LONG XRP/USDT:USDT exit=2026-07-30 22:11:04 미매칭수량=17.50000000 orderID=154637963852 tradeID=None
[진입유실 방지 자동보정] SHORT XRP/USDT:USDT exit=2026-07-31 15:18:55 미매칭수량=28.50000000 orderID=154681353788 tradeID=None
[진입유실 방지 자동보정] LONG XRP/USDT:USDT exit=2026-08-02 07:48:27 미매칭수량=6.70000000 orderID=154765042288 tradeID=None
[진입유실 방지 자동보정] LONG XRP/USDT:USDT exit=2026-08-02 08:25:19 미매칭수량=6.70000000 orderID=154766072211 tradeID=None
[진입유실 방지 자동보정] LONG XRP/USDT:USDT exit=2026-08-02 11:07:15 미매칭수량=16.80000000 orderID=154770811661 tradeID=None
[진입유실 방지 자동보정] SHORT 1000PEPE/USDT:USDT exit=2026-08-02 02:31:36 미매칭수량=1968.00000000 orderID=61389681657 tradeID=None
[진입유실 방지 자동보정] SHORT 1000PEPE/USDT:USDT exit=2026-08-02 02:52:29 미매칭수량=1969.00000000 orderID=61390079427 tradeID=None
[진입유실 방지 자동보정] SHORT 1000PEPE/USDT:USDT exit=2026-08-02 09:25:39 미매칭수량=7585.00000000 orderID=61394822102 tradeID=None
[진입유실 방지 자동보정] SHORT IDOL/USDT:USDT exit=2026-08-02 10:17:17 미매칭수량=445.00000000 orderID=523897304 tradeID=None
[진입유실 방지 자동보정] LONG 1000SHIB/USDT:USDT exit=2026-07-27 04:30:21 미매칭수량=2189.00000000 orderID=31388901395 tradeID=None
[진입유실 방지 자동보정] SHORT 1000SHIB/USDT:USDT exit=2026-07-27 07:36:19 미매칭수량=1348.00000000 orderID=31393184616 tradeID=None
[진입유실 방지 자동보정] SHORT 1000SHIB/USDT:USDT exit=2026-07-27 11:51:02 미매칭수량=1844.00000000 orderID=31400541745 tradeID=None
[진입유실 방지 자동보정] SHORT 1000SHIB/USDT:USDT exit=2026-07-28 06:12:27 미매칭수량=2192.00000000 orderID=31421063023 tradeID=None
[진입유실 방지 자동보정] SHORT 1000SHIB/USDT:USDT exit=2026-08-02 01:13:53 미매칭수량=1073.00000000 orderID=31502817166 tradeID=None
[진입유실 방지 자동보정] SHORT 1000SHIB/USDT:USDT exit=2026-08-02 02:01:20 미매칭수량=1074.00000000 orderID=31504220662 tradeID=None
[진입유실 방지 자동보정] SHORT 1000SHIB/USDT:USDT exit=2026-08-02 09:45:32 미매칭수량=2285.00000000 orderID=31510623049 tradeID=None
[진입유실 방지 자동보정] SHORT 1000SHIB/USDT:USDT exit=2026-08-02 10:35:19 미매칭수량=2280.00000000 orderID=31511192196 tradeID=None
[진입유실 방지 자동보정] LONG DOGE/USDT:USDT exit=2026-07-28 09:50:41 미매칭수량=163.00000000 orderID=100915175009 tradeID=None
[진입유실 방지 자동보정] SHORT DOGE/USDT:USDT exit=2026-07-28 20:36:48 미매칭수량=357.00000000 orderID=100925180835 tradeID=None
[진입유실 방지 자동보정] SHORT DOGE/USDT:USDT exit=2026-07-28 23:00:41 미매칭수량=286.00000000 orderID=100927596061 tradeID=None
[진입유실 방지 자동보정] SHORT DOGE/USDT:USDT exit=2026-07-30 20:51:14 미매칭수량=345.00000000 orderID=100976583122 tradeID=None
[진입유실 방지 자동보정] SHORT DOGE/USDT:USDT exit=2026-07-31 10:01:31 미매칭수량=334.00000000 orderID=100988356319 tradeID=None
[진입유실 방지 자동보정] SHORT DOGE/USDT:USDT exit=2026-08-01 18:02:18 미매칭수량=306.00000000 orderID=101015266902 tradeID=None
[진입유실 방지 자동보정] LONG DOGE/USDT:USDT exit=2026-08-02 11:07:47 미매칭수량=259.00000000 orderID=101028099752 tradeID=None
[진입유실 방지 자동보정] SHORT SOL/USDT:USDT exit=2026-07-29 22:32:08 미매칭수량=0.26000000 orderID=229957663104 tradeID=None
[진입유실 방지 자동보정] LONG SOL/USDT:USDT exit=2026-07-30 02:59:19 미매칭수량=0.33000000 orderID=229996023316 tradeID=None
[진입유실 방지 자동보정] LONG SOL/USDT:USDT exit=2026-07-30 03:32:08 미매칭수량=0.27000000 orderID=230002018782 tradeID=None
[진입유실 방지 자동보정] SHORT SOL/USDT:USDT exit=2026-07-30 20:09:26 미매칭수량=0.32000000 orderID=230154249399 tradeID=None
[진입유실 방지 자동보정] SHORT SOL/USDT:USDT exit=2026-07-30 20:37:48 미매칭수량=0.32000000 orderID=230157644550 tradeID=None
[진입유실 방지 자동보정] SHORT SOL/USDT:USDT exit=2026-08-01 10:32:26 미매칭수량=0.29000000 orderID=230440972735 tradeID=None
[진입유실 방지 자동보정] LONG SOL/USDT:USDT exit=2026-08-02 01:55:54 미매칭수량=0.25000000 orderID=230506472518 tradeID=None
[진입유실 방지 자동보정] LONG SOL/USDT:USDT exit=2026-08-02 03:24:55 미매칭수량=0.20000000 orderID=230517041657 tradeID=None
[진입유실 방지 자동보정] LONG XRP/USDT:USDT exit=2026-07-30 03:32:09 미매칭수량=14.70000000 orderID=154591436270 tradeID=None
[진입유실 방지 자동보정] LONG XRP/USDT:USDT exit=2026-07-30 08:06:13 미매칭수량=18.50000000 orderID=154605732461 tradeID=None
[진입유실 방지 자동보정] LONG XRP/USDT:USDT exit=2026-07-30 22:11:04 미매칭수량=17.50000000 orderID=154637963852 tradeID=None
[진입유실 방지 자동보정] SHORT XRP/USDT:USDT exit=2026-07-31 15:18:55 미매칭수량=28.50000000 orderID=154681353788 tradeID=None
[진입유실 방지 자동보정] LONG XRP/USDT:USDT exit=2026-08-02 07:48:27 미매칭수량=6.70000000 orderID=154765042288 tradeID=None
[진입유실 방지 자동보정] LONG XRP/USDT:USDT exit=2026-08-02 08:25:19 미매칭수량=6.70000000 orderID=154766072211 tradeID=None
[진입유실 방지 자동보정] LONG XRP/USDT:USDT exit=2026-08-02 11:07:15 미매칭수량=16.80000000 orderID=154770811661 tradeID=None
[진입유실 방지 자동보정] SHORT 1000PEPE/USDT:USDT exit=2026-08-02 02:31:36 미매칭수량=1968.00000000 orderID=61389681657 tradeID=None
[진입유실 방지 자동보정] SHORT 1000PEPE/USDT:USDT exit=2026-08-02 02:52:29 미매칭수량=1969.00000000 orderID=61390079427 tradeID=None
[진입유실 방지 자동보정] SHORT 1000PEPE/USDT:USDT exit=2026-08-02 09:25:39 미매칭수량=7585.00000000 orderID=61394822102 tradeID=None
[진입유실 방지 자동보정] SHORT IDOL/USDT:USDT exit=2026-08-02 10:17:17 미매칭수량=445.00000000 orderID=523897304 tradeID=None
2026-08-02 23:31:29.702 Please replace `use_container_width` with `width`.

`use_container_width` will be removed after 2025-12-31.

For `use_container_width=True`, use `width='stretch'`. For `use_container_width=False`, use `width='content'`.
[진입유실 방지 자동보정] LONG 1000SHIB/USDT:USDT exit=2026-07-27 04:30:21 미매칭수량=2189.00000000 orderID=31388901395 tradeID=None
[진입유실 방지 자동보정] SHORT 1000SHIB/USDT:USDT exit=2026-07-27 07:36:19 미매칭수량=1348.00000000 orderID=31393184616 tradeID=None
[진입유실 방지 자동보정] SHORT 1000SHIB/USDT:USDT exit=2026-07-27 11:51:02 미매칭수량=1844.00000000 orderID=31400541745 tradeID=None
[진입유실 방지 자동보정] SHORT 1000SHIB/USDT:USDT exit=2026-07-28 06:12:27 미매칭수량=2192.00000000 orderID=31421063023 tradeID=None
[진입유실 방지 자동보정] SHORT 1000SHIB/USDT:USDT exit=2026-08-02 01:13:53 미매칭수량=1073.00000000 orderID=31502817166 tradeID=None
[진입유실 방지 자동보정] SHORT 1000SHIB/USDT:USDT exit=2026-08-02 02:01:20 미매칭수량=1074.00000000 orderID=31504220662 tradeID=None
[진입유실 방지 자동보정] SHORT 1000SHIB/USDT:USDT exit=2026-08-02 09:45:32 미매칭수량=2285.00000000 orderID=31510623049 tradeID=None
[진입유실 방지 자동보정] SHORT 1000SHIB/USDT:USDT exit=2026-08-02 10:35:19 미매칭수량=2280.00000000 orderID=31511192196 tradeID=None
[진입유실 방지 자동보정] LONG DOGE/USDT:USDT exit=2026-07-28 09:50:41 미매칭수량=163.00000000 orderID=100915175009 tradeID=None
[진입유실 방지 자동보정] SHORT DOGE/USDT:USDT exit=2026-07-28 20:36:48 미매칭수량=357.00000000 orderID=100925180835 tradeID=None
[진입유실 방지 자동보정] SHORT DOGE/USDT:USDT exit=2026-07-28 23:00:41 미매칭수량=286.00000000 orderID=100927596061 tradeID=None
[진입유실 방지 자동보정] SHORT DOGE/USDT:USDT exit=2026-07-30 20:51:14 미매칭수량=345.00000000 orderID=100976583122 tradeID=None
[진입유실 방지 자동보정] SHORT DOGE/USDT:USDT exit=2026-07-31 10:01:31 미매칭수량=334.00000000 orderID=100988356319 tradeID=None
[진입유실 방지 자동보정] SHORT DOGE/USDT:USDT exit=2026-08-01 18:02:18 미매칭수량=306.00000000 orderID=101015266902 tradeID=None
[진입유실 방지 자동보정] LONG DOGE/USDT:USDT exit=2026-08-02 11:07:47 미매칭수량=259.00000000 orderID=101028099752 tradeID=None
[진입유실 방지 자동보정] SHORT SOL/USDT:USDT exit=2026-07-29 22:32:08 미매칭수량=0.26000000 orderID=229957663104 tradeID=None
[진입유실 방지 자동보정] LONG SOL/USDT:USDT exit=2026-07-30 02:59:19 미매칭수량=0.33000000 orderID=229996023316 tradeID=None
[진입유실 방지 자동보정] LONG SOL/USDT:USDT exit=2026-07-30 03:32:08 미매칭수량=0.27000000 orderID=230002018782 tradeID=None
[진입유실 방지 자동보정] SHORT SOL/USDT:USDT exit=2026-07-30 20:09:26 미매칭수량=0.32000000 orderID=230154249399 tradeID=None
[진입유실 방지 자동보정] SHORT SOL/USDT:USDT exit=2026-07-30 20:37:48 미매칭수량=0.32000000 orderID=230157644550 tradeID=None
[진입유실 방지 자동보정] SHORT SOL/USDT:USDT exit=2026-08-01 10:32:26 미매칭수량=0.29000000 orderID=230440972735 tradeID=None
[진입유실 방지 자동보정] LONG SOL/USDT:USDT exit=2026-08-02 01:55:54 미매칭수량=0.25000000 orderID=230506472518 tradeID=None
[진입유실 방지 자동보정] LONG SOL/USDT:USDT exit=2026-08-02 03:24:55 미매칭수량=0.20000000 orderID=230517041657 tradeID=None
[진입유실 방지 자동보정] LONG XRP/USDT:USDT exit=2026-07-30 03:32:09 미매칭수량=14.70000000 orderID=154591436270 tradeID=None
[진입유실 방지 자동보정] LONG XRP/USDT:USDT exit=2026-07-30 08:06:13 미매칭수량=18.50000000 orderID=154605732461 tradeID=None
[진입유실 방지 자동보정] LONG XRP/USDT:USDT exit=2026-07-30 22:11:04 미매칭수량=17.50000000 orderID=154637963852 tradeID=None
[진입유실 방지 자동보정] SHORT XRP/USDT:USDT exit=2026-07-31 15:18:55 미매칭수량=28.50000000 orderID=154681353788 tradeID=None
[진입유실 방지 자동보정] LONG XRP/USDT:USDT exit=2026-08-02 07:48:27 미매칭수량=6.70000000 orderID=154765042288 tradeID=None
[진입유실 방지 자동보정] LONG XRP/USDT:USDT exit=2026-08-02 08:25:19 미매칭수량=6.70000000 orderID=154766072211 tradeID=None
[진입유실 방지 자동보정] LONG XRP/USDT:USDT exit=2026-08-02 11:07:15 미매칭수량=16.80000000 orderID=154770811661 tradeID=None
[진입유실 방지 자동보정] SHORT 1000PEPE/USDT:USDT exit=2026-08-02 02:31:36 미매칭수량=1968.00000000 orderID=61389681657 tradeID=None
[진입유실 방지 자동보정] SHORT 1000PEPE/USDT:USDT exit=2026-08-02 02:52:29 미매칭수량=1969.00000000 orderID=61390079427 tradeID=None
[진입유실 방지 자동보정] SHORT 1000PEPE/USDT:USDT exit=2026-08-02 09:25:39 미매칭수량=7585.00000000 orderID=61394822102 tradeID=None
[진입유실 방지 자동보정] SHORT IDOL/USDT:USDT exit=2026-08-02 10:17:17 미매칭수량=445.00000000 orderID=523897304 tradeID=None
[진입유실 방지 자동보정] LONG 1000SHIB/USDT:USDT exit=2026-07-27 04:30:21 미매칭수량=2189.00000000 orderID=31388901395 tradeID=None
[진입유실 방지 자동보정] SHORT 1000SHIB/USDT:USDT exit=2026-07-27 07:36:19 미매칭수량=1348.00000000 orderID=31393184616 tradeID=None
[진입유실 방지 자동보정] SHORT 1000SHIB/USDT:USDT exit=2026-07-27 11:51:02 미매칭수량=1844.00000000 orderID=31400541745 tradeID=None
[진입유실 방지 자동보정] SHORT 1000SHIB/USDT:USDT exit=2026-07-28 06:12:27 미매칭수량=2192.00000000 orderID=31421063023 tradeID=None
[진입유실 방지 자동보정] SHORT 1000SHIB/USDT:USDT exit=2026-08-02 01:13:53 미매칭수량=1073.00000000 orderID=31502817166 tradeID=None
[진입유실 방지 자동보정] SHORT 1000SHIB/USDT:USDT exit=2026-08-02 02:01:20 미매칭수량=1074.00000000 orderID=31504220662 tradeID=None
[진입유실 방지 자동보정] SHORT 1000SHIB/USDT:USDT exit=2026-08-02 09:45:32 미매칭수량=2285.00000000 orderID=31510623049 tradeID=None
[진입유실 방지 자동보정] SHORT 1000SHIB/USDT:USDT exit=2026-08-02 10:35:19 미매칭수량=2280.00000000 orderID=31511192196 tradeID=None
[진입유실 방지 자동보정] LONG DOGE/USDT:USDT exit=2026-07-28 09:50:41 미매칭수량=163.00000000 orderID=100915175009 tradeID=None
[진입유실 방지 자동보정] SHORT DOGE/USDT:USDT exit=2026-07-28 20:36:48 미매칭수량=357.00000000 orderID=100925180835 tradeID=None
[진입유실 방지 자동보정] SHORT DOGE/USDT:USDT exit=2026-07-28 23:00:41 미매칭수량=286.00000000 orderID=100927596061 tradeID=None
[진입유실 방지 자동보정] SHORT DOGE/USDT:USDT exit=2026-07-30 20:51:14 미매칭수량=345.00000000 orderID=100976583122 tradeID=None
[진입유실 방지 자동보정] SHORT DOGE/USDT:USDT exit=2026-07-31 10:01:31 미매칭수량=334.00000000 orderID=100988356319 tradeID=None
[진입유실 방지 자동보정] SHORT DOGE/USDT:USDT exit=2026-08-01 18:02:18 미매칭수량=306.00000000 orderID=101015266902 tradeID=None
[진입유실 방지 자동보정] LONG DOGE/USDT:USDT exit=2026-08-02 11:07:47 미매칭수량=259.00000000 orderID=101028099752 tradeID=None
[진입유실 방지 자동보정] SHORT SOL/USDT:USDT exit=2026-07-29 22:32:08 미매칭수량=0.26000000 orderID=229957663104 tradeID=None
[진입유실 방지 자동보정] LONG SOL/USDT:USDT exit=2026-07-30 02:59:19 미매칭수량=0.33000000 orderID=229996023316 tradeID=None
[진입유실 방지 자동보정] LONG SOL/USDT:USDT exit=2026-07-30 03:32:08 미매칭수량=0.27000000 orderID=230002018782 tradeID=None
[진입유실 방지 자동보정] SHORT SOL/USDT:USDT exit=2026-07-30 20:09:26 미매칭수량=0.32000000 orderID=230154249399 tradeID=None
[진입유실 방지 자동보정] SHORT SOL/USDT:USDT exit=2026-07-30 20:37:48 미매칭수량=0.32000000 orderID=230157644550 tradeID=None
[진입유실 방지 자동보정] SHORT SOL/USDT:USDT exit=2026-08-01 10:32:26 미매칭수량=0.29000000 orderID=230440972735 tradeID=None
[진입유실 방지 자동보정] LONG SOL/USDT:USDT exit=2026-08-02 01:55:54 미매칭수량=0.25000000 orderID=230506472518 tradeID=None
[진입유실 방지 자동보정] LONG SOL/USDT:USDT exit=2026-08-02 03:24:55 미매칭수량=0.20000000 orderID=230517041657 tradeID=None
[진입유실 방지 자동보정] LONG XRP/USDT:USDT exit=2026-07-30 03:32:09 미매칭수량=14.70000000 orderID=154591436270 tradeID=None
[진입유실 방지 자동보정] LONG XRP/USDT:USDT exit=2026-07-30 08:06:13 미매칭수량=18.50000000 orderID=154605732461 tradeID=None
[진입유실 방지 자동보정] LONG XRP/USDT:USDT exit=2026-07-30 22:11:04 미매칭수량=17.50000000 orderID=154637963852 tradeID=None
[진입유실 방지 자동보정] SHORT XRP/USDT:USDT exit=2026-07-31 15:18:55 미매칭수량=28.50000000 orderID=154681353788 tradeID=None
[진입유실 방지 자동보정] LONG XRP/USDT:USDT exit=2026-08-02 07:48:27 미매칭수량=6.70000000 orderID=154765042288 tradeID=None
[진입유실 방지 자동보정] LONG XRP/USDT:USDT exit=2026-08-02 08:25:19 미매칭수량=6.70000000 orderID=154766072211 tradeID=None
[진입유실 방지 자동보정] LONG XRP/USDT:USDT exit=2026-08-02 11:07:15 미매칭수량=16.80000000 orderID=154770811661 tradeID=None
[진입유실 방지 자동보정] SHORT 1000PEPE/USDT:USDT exit=2026-08-02 02:31:36 미매칭수량=1968.00000000 orderID=61389681657 tradeID=None
[진입유실 방지 자동보정] SHORT 1000PEPE/USDT:USDT exit=2026-08-02 02:52:29 미매칭수량=1969.00000000 orderID=61390079427 tradeID=None
[진입유실 방지 자동보정] SHORT 1000PEPE/USDT:USDT exit=2026-08-02 09:25:39 미매칭수량=7585.00000000 orderID=61394822102 tradeID=None
[진입유실 방지 자동보정] SHORT IDOL/USDT:USDT exit=2026-08-02 10:17:17 미매칭수량=445.00000000 orderID=523897304 tradeID=None
[진입유실 방지 자동보정] LONG 1000SHIB/USDT:USDT exit=2026-07-27 04:30:21 미매칭수량=2189.00000000 orderID=31388901395 tradeID=None
[진입유실 방지 자동보정] SHORT 1000SHIB/USDT:USDT exit=2026-07-27 07:36:19 미매칭수량=1348.00000000 orderID=31393184616 tradeID=None
[진입유실 방지 자동보정] SHORT 1000SHIB/USDT:USDT exit=2026-07-27 11:51:02 미매칭수량=1844.00000000 orderID=31400541745 tradeID=None
[진입유실 방지 자동보정] SHORT 1000SHIB/USDT:USDT exit=2026-07-28 06:12:27 미매칭수량=2192.00000000 orderID=31421063023 tradeID=None
[진입유실 방지 자동보정] SHORT 1000SHIB/USDT:USDT exit=2026-08-02 01:13:53 미매칭수량=1073.00000000 orderID=31502817166 tradeID=None
[진입유실 방지 자동보정] SHORT 1000SHIB/USDT:USDT exit=2026-08-02 02:01:20 미매칭수량=1074.00000000 orderID=31504220662 tradeID=None
[진입유실 방지 자동보정] SHORT 1000SHIB/USDT:USDT exit=2026-08-02 09:45:32 미매칭수량=2285.00000000 orderID=31510623049 tradeID=None
[진입유실 방지 자동보정] SHORT 1000SHIB/USDT:USDT exit=2026-08-02 10:35:19 미매칭수량=2280.00000000 orderID=31511192196 tradeID=None
[진입유실 방지 자동보정] LONG DOGE/USDT:USDT exit=2026-07-28 09:50:41 미매칭수량=163.00000000 orderID=100915175009 tradeID=None
[진입유실 방지 자동보정] SHORT DOGE/USDT:USDT exit=2026-07-28 20:36:48 미매칭수량=357.00000000 orderID=100925180835 tradeID=None
[진입유실 방지 자동보정] SHORT DOGE/USDT:USDT exit=2026-07-28 23:00:41 미매칭수량=286.00000000 orderID=100927596061 tradeID=None
[진입유실 방지 자동보정] SHORT DOGE/USDT:USDT exit=2026-07-30 20:51:14 미매칭수량=345.00000000 orderID=100976583122 tradeID=None
[진입유실 방지 자동보정] SHORT DOGE/USDT:USDT exit=2026-07-31 10:01:31 미매칭수량=334.00000000 orderID=100988356319 tradeID=None
[진입유실 방지 자동보정] SHORT DOGE/USDT:USDT exit=2026-08-01 18:02:18 미매칭수량=306.00000000 orderID=101015266902 tradeID=None
[진입유실 방지 자동보정] LONG DOGE/USDT:USDT exit=2026-08-02 11:07:47 미매칭수량=259.00000000 orderID=101028099752 tradeID=None
[진입유실 방지 자동보정] SHORT SOL/USDT:USDT exit=2026-07-29 22:32:08 미매칭수량=0.26000000 orderID=229957663104 tradeID=None
[진입유실 방지 자동보정] LONG SOL/USDT:USDT exit=2026-07-30 02:59:19 미매칭수량=0.33000000 orderID=229996023316 tradeID=None
[진입유실 방지 자동보정] LONG SOL/USDT:USDT exit=2026-07-30 03:32:08 미매칭수량=0.27000000 orderID=230002018782 tradeID=None
[진입유실 방지 자동보정] SHORT SOL/USDT:USDT exit=2026-07-30 20:09:26 미매칭수량=0.32000000 orderID=230154249399 tradeID=None
[진입유실 방지 자동보정] SHORT SOL/USDT:USDT exit=2026-07-30 20:37:48 미매칭수량=0.32000000 orderID=230157644550 tradeID=None
[진입유실 방지 자동보정] SHORT SOL/USDT:USDT exit=2026-08-01 10:32:26 미매칭수량=0.29000000 orderID=230440972735 tradeID=None
[진입유실 방지 자동보정] LONG SOL/USDT:USDT exit=2026-08-02 01:55:54 미매칭수량=0.25000000 orderID=230506472518 tradeID=None
[진입유실 방지 자동보정] LONG SOL/USDT:USDT exit=2026-08-02 03:24:55 미매칭수량=0.20000000 orderID=230517041657 tradeID=None
[진입유실 방지 자동보정] LONG XRP/USDT:USDT exit=2026-07-30 03:32:09 미매칭수량=14.70000000 orderID=154591436270 tradeID=None
[진입유실 방지 자동보정] LONG XRP/USDT:USDT exit=2026-07-30 08:06:13 미매칭수량=18.50000000 orderID=154605732461 tradeID=None
[진입유실 방지 자동보정] LONG XRP/USDT:USDT exit=2026-07-30 22:11:04 미매칭수량=17.50000000 orderID=154637963852 tradeID=None
[진입유실 방지 자동보정] SHORT XRP/USDT:USDT exit=2026-07-31 15:18:55 미매칭수량=28.50000000 orderID=154681353788 tradeID=None
[진입유실 방지 자동보정] LONG XRP/USDT:USDT exit=2026-08-02 07:48:27 미매칭수량=6.70000000 orderID=154765042288 tradeID=None
[진입유실 방지 자동보정] LONG XRP/USDT:USDT exit=2026-08-02 08:25:19 미매칭수량=6.70000000 orderID=154766072211 tradeID=None
[진입유실 방지 자동보정] LONG XRP/USDT:USDT exit=2026-08-02 11:07:15 미매칭수량=16.80000000 orderID=154770811661 tradeID=None
[진입유실 방지 자동보정] SHORT 1000PEPE/USDT:USDT exit=2026-08-02 02:31:36 미매칭수량=1968.00000000 orderID=61389681657 tradeID=None
[진입유실 방지 자동보정] SHORT 1000PEPE/USDT:USDT exit=2026-08-02 02:52:29 미매칭수량=1969.00000000 orderID=61390079427 tradeID=None
[진입유실 방지 자동보정] SHORT 1000PEPE/USDT:USDT exit=2026-08-02 09:25:39 미매칭수량=7585.00000000 orderID=61394822102 tradeID=None
[진입유실 방지 자동보정] SHORT IDOL/USDT:USDT exit=2026-08-02 10:17:17 미매칭수량=445.00000000 orderID=523897304 tradeID=None
[진입유실 방지 자동보정] LONG 1000SHIB/USDT:USDT exit=2026-07-27 04:30:21 미매칭수량=2189.00000000 orderID=31388901395 tradeID=None
[진입유실 방지 자동보정] SHORT 1000SHIB/USDT:USDT exit=2026-07-27 07:36:19 미매칭수량=1348.00000000 orderID=31393184616 tradeID=None
[진입유실 방지 자동보정] SHORT 1000SHIB/USDT:USDT exit=2026-07-27 11:51:02 미매칭수량=1844.00000000 orderID=31400541745 tradeID=None
[진입유실 방지 자동보정] SHORT 1000SHIB/USDT:USDT exit=2026-07-28 06:12:27 미매칭수량=2192.00000000 orderID=31421063023 tradeID=None
[진입유실 방지 자동보정] SHORT 1000SHIB/USDT:USDT exit=2026-08-02 01:13:53 미매칭수량=1073.00000000 orderID=31502817166 tradeID=None
[진입유실 방지 자동보정] SHORT 1000SHIB/USDT:USDT exit=2026-08-02 02:01:20 미매칭수량=1074.00000000 orderID=31504220662 tradeID=None
[진입유실 방지 자동보정] SHORT 1000SHIB/USDT:USDT exit=2026-08-02 09:45:32 미매칭수량=2285.00000000 orderID=31510623049 tradeID=None
[진입유실 방지 자동보정] SHORT 1000SHIB/USDT:USDT exit=2026-08-02 10:35:19 미매칭수량=2280.00000000 orderID=31511192196 tradeID=None
[진입유실 방지 자동보정] LONG DOGE/USDT:USDT exit=2026-07-28 09:50:41 미매칭수량=163.00000000 orderID=100915175009 tradeID=None
[진입유실 방지 자동보정] SHORT DOGE/USDT:USDT exit=2026-07-28 20:36:48 미매칭수량=357.00000000 orderID=100925180835 tradeID=None
[진입유실 방지 자동보정] SHORT DOGE/USDT:USDT exit=2026-07-28 23:00:41 미매칭수량=286.00000000 orderID=100927596061 tradeID=None
[진입유실 방지 자동보정] SHORT DOGE/USDT:USDT exit=2026-07-30 20:51:14 미매칭수량=345.00000000 orderID=100976583122 tradeID=None
[진입유실 방지 자동보정] SHORT DOGE/USDT:USDT exit=2026-07-31 10:01:31 미매칭수량=334.00000000 orderID=100988356319 tradeID=None
[진입유실 방지 자동보정] SHORT DOGE/USDT:USDT exit=2026-08-01 18:02:18 미매칭수량=306.00000000 orderID=101015266902 tradeID=None
[진입유실 방지 자동보정] LONG DOGE/USDT:USDT exit=2026-08-02 11:07:47 미매칭수량=259.00000000 orderID=101028099752 tradeID=None
[진입유실 방지 자동보정] SHORT SOL/USDT:USDT exit=2026-07-29 22:32:08 미매칭수량=0.26000000 orderID=229957663104 tradeID=None
[진입유실 방지 자동보정] LONG SOL/USDT:USDT exit=2026-07-30 02:59:19 미매칭수량=0.33000000 orderID=229996023316 tradeID=None
[진입유실 방지 자동보정] LONG SOL/USDT:USDT exit=2026-07-30 03:32:08 미매칭수량=0.27000000 orderID=230002018782 tradeID=None
[진입유실 방지 자동보정] SHORT SOL/USDT:USDT exit=2026-07-30 20:09:26 미매칭수량=0.32000000 orderID=230154249399 tradeID=None
[진입유실 방지 자동보정] SHORT SOL/USDT:USDT exit=2026-07-30 20:37:48 미매칭수량=0.32000000 orderID=230157644550 tradeID=None
[진입유실 방지 자동보정] SHORT SOL/USDT:USDT exit=2026-08-01 10:32:26 미매칭수량=0.29000000 orderID=230440972735 tradeID=None
[진입유실 방지 자동보정] LONG SOL/USDT:USDT exit=2026-08-02 01:55:54 미매칭수량=0.25000000 orderID=230506472518 tradeID=None
[진입유실 방지 자동보정] LONG SOL/USDT:USDT exit=2026-08-02 03:24:55 미매칭수량=0.20000000 orderID=230517041657 tradeID=None
[진입유실 방지 자동보정] LONG XRP/USDT:USDT exit=2026-07-30 03:32:09 미매칭수량=14.70000000 orderID=154591436270 tradeID=None
[진입유실 방지 자동보정] LONG XRP/USDT:USDT exit=2026-07-30 08:06:13 미매칭수량=18.50000000 orderID=154605732461 tradeID=None
[진입유실 방지 자동보정] LONG XRP/USDT:USDT exit=2026-07-30 22:11:04 미매칭수량=17.50000000 orderID=154637963852 tradeID=None
[진입유실 방지 자동보정] SHORT XRP/USDT:USDT exit=2026-07-31 15:18:55 미매칭수량=28.50000000 orderID=154681353788 tradeID=None
[진입유실 방지 자동보정] LONG XRP/USDT:USDT exit=2026-08-02 07:48:27 미매칭수량=6.70000000 orderID=154765042288 tradeID=None
[진입유실 방지 자동보정] LONG XRP/USDT:USDT exit=2026-08-02 08:25:19 미매칭수량=6.70000000 orderID=154766072211 tradeID=None
[진입유실 방지 자동보정] LONG XRP/USDT:USDT exit=2026-08-02 11:07:15 미매칭수량=16.80000000 orderID=154770811661 tradeID=None
[진입유실 방지 자동보정] SHORT 1000PEPE/USDT:USDT exit=2026-08-02 02:31:36 미매칭수량=1968.00000000 orderID=61389681657 tradeID=None
[진입유실 방지 자동보정] SHORT 1000PEPE/USDT:USDT exit=2026-08-02 02:52:29 미매칭수량=1969.00000000 orderID=61390079427 tradeID=None
[진입유실 방지 자동보정] SHORT 1000PEPE/USDT:USDT exit=2026-08-02 09:25:39 미매칭수량=7585.00000000 orderID=61394822102 tradeID=None
[진입유실 방지 자동보정] SHORT IDOL/USDT:USDT exit=2026-08-02 10:17:17 미매칭수량=445.00000000 orderID=523897304 tradeID=None
[진입유실 방지 자동보정] LONG 1000SHIB/USDT:USDT exit=2026-07-27 04:30:21 미매칭수량=2189.00000000 orderID=31388901395 tradeID=None
[진입유실 방지 자동보정] SHORT 1000SHIB/USDT:USDT exit=2026-07-27 07:36:19 미매칭수량=1348.00000000 orderID=31393184616 tradeID=None
[진입유실 방지 자동보정] SHORT 1000SHIB/USDT:USDT exit=2026-07-27 11:51:02 미매칭수량=1844.00000000 orderID=31400541745 tradeID=None
[진입유실 방지 자동보정] SHORT 1000SHIB/USDT:USDT exit=2026-07-28 06:12:27 미매칭수량=2192.00000000 orderID=31421063023 tradeID=None
[진입유실 방지 자동보정] SHORT 1000SHIB/USDT:USDT exit=2026-08-02 01:13:53 미매칭수량=1073.00000000 orderID=31502817166 tradeID=None
[진입유실 방지 자동보정] SHORT 1000SHIB/USDT:USDT exit=2026-08-02 02:01:20 미매칭수량=1074.00000000 orderID=31504220662 tradeID=None
[진입유실 방지 자동보정] SHORT 1000SHIB/USDT:USDT exit=2026-08-02 09:45:32 미매칭수량=2285.00000000 orderID=31510623049 tradeID=None
[진입유실 방지 자동보정] SHORT 1000SHIB/USDT:USDT exit=2026-08-02 10:35:19 미매칭수량=2280.00000000 orderID=31511192196 tradeID=None
[진입유실 방지 자동보정] LONG DOGE/USDT:USDT exit=2026-07-28 09:50:41 미매칭수량=163.00000000 orderID=100915175009 tradeID=None
[진입유실 방지 자동보정] SHORT DOGE/USDT:USDT exit=2026-07-28 20:36:48 미매칭수량=357.00000000 orderID=100925180835 tradeID=None
[진입유실 방지 자동보정] SHORT DOGE/USDT:USDT exit=2026-07-28 23:00:41 미매칭수량=286.00000000 orderID=100927596061 tradeID=None
[진입유실 방지 자동보정] SHORT DOGE/USDT:USDT exit=2026-07-30 20:51:14 미매칭수량=345.00000000 orderID=100976583122 tradeID=None
[진입유실 방지 자동보정] SHORT DOGE/USDT:USDT exit=2026-07-31 10:01:31 미매칭수량=334.00000000 orderID=100988356319 tradeID=None
[진입유실 방지 자동보정] SHORT DOGE/USDT:USDT exit=2026-08-01 18:02:18 미매칭수량=306.00000000 orderID=101015266902 tradeID=None
[진입유실 방지 자동보정] LONG DOGE/USDT:USDT exit=2026-08-02 11:07:47 미매칭수량=259.00000000 orderID=101028099752 tradeID=None
[진입유실 방지 자동보정] SHORT SOL/USDT:USDT exit=2026-07-29 22:32:08 미매칭수량=0.26000000 orderID=229957663104 tradeID=None
[진입유실 방지 자동보정] LONG SOL/USDT:USDT exit=2026-07-30 02:59:19 미매칭수량=0.33000000 orderID=229996023316 tradeID=None
[진입유실 방지 자동보정] LONG SOL/USDT:USDT exit=2026-07-30 03:32:08 미매칭수량=0.27000000 orderID=230002018782 tradeID=None
[진입유실 방지 자동보정] SHORT SOL/USDT:USDT exit=2026-07-30 20:09:26 미매칭수량=0.32000000 orderID=230154249399 tradeID=None
[진입유실 방지 자동보정] SHORT SOL/USDT:USDT exit=2026-07-30 20:37:48 미매칭수량=0.32000000 orderID=230157644550 tradeID=None
[진입유실 방지 자동보정] SHORT SOL/USDT:USDT exit=2026-08-01 10:32:26 미매칭수량=0.29000000 orderID=230440972735 tradeID=None
[진입유실 방지 자동보정] LONG SOL/USDT:USDT exit=2026-08-02 01:55:54 미매칭수량=0.25000000 orderID=230506472518 tradeID=None
[진입유실 방지 자동보정] LONG SOL/USDT:USDT exit=2026-08-02 03:24:55 미매칭수량=0.20000000 orderID=230517041657 tradeID=None
[진입유실 방지 자동보정] LONG XRP/USDT:USDT exit=2026-07-30 03:32:09 미매칭수량=14.70000000 orderID=154591436270 tradeID=None
[진입유실 방지 자동보정] LONG XRP/USDT:USDT exit=2026-07-30 08:06:13 미매칭수량=18.50000000 orderID=154605732461 tradeID=None
[진입유실 방지 자동보정] LONG XRP/USDT:USDT exit=2026-07-30 22:11:04 미매칭수량=17.50000000 orderID=154637963852 tradeID=None
[진입유실 방지 자동보정] SHORT XRP/USDT:USDT exit=2026-07-31 15:18:55 미매칭수량=28.50000000 orderID=154681353788 tradeID=None
[진입유실 방지 자동보정] LONG XRP/USDT:USDT exit=2026-08-02 07:48:27 미매칭수량=6.70000000 orderID=154765042288 tradeID=None
[진입유실 방지 자동보정] LONG XRP/USDT:USDT exit=2026-08-02 08:25:19 미매칭수량=6.70000000 orderID=154766072211 tradeID=None
[진입유실 방지 자동보정] LONG XRP/USDT:USDT exit=2026-08-02 11:07:15 미매칭수량=16.80000000 orderID=154770811661 tradeID=None
[진입유실 방지 자동보정] SHORT 1000PEPE/USDT:USDT exit=2026-08-02 02:31:36 미매칭수량=1968.00000000 orderID=61389681657 tradeID=None
[진입유실 방지 자동보정] SHORT 1000PEPE/USDT:USDT exit=2026-08-02 02:52:29 미매칭수량=1969.00000000 orderID=61390079427 tradeID=None
[진입유실 방지 자동보정] SHORT 1000PEPE/USDT:USDT exit=2026-08-02 09:25:39 미매칭수량=7585.00000000 orderID=61394822102 tradeID=None
[진입유실 방지 자동보정] SHORT IDOL/USDT:USDT exit=2026-08-02 10:17:17 미매칭수량=445.00000000 orderID=523897304 tradeID=None
[진입유실 방지 자동보정] LONG 1000SHIB/USDT:USDT exit=2026-07-27 04:30:21 미매칭수량=2189.00000000 orderID=31388901395 tradeID=None
[진입유실 방지 자동보정] SHORT 1000SHIB/USDT:USDT exit=2026-07-27 07:36:19 미매칭수량=1348.00000000 orderID=31393184616 tradeID=None
[진입유실 방지 자동보정] SHORT 1000SHIB/USDT:USDT exit=2026-07-27 11:51:02 미매칭수량=1844.00000000 orderID=31400541745 tradeID=None
[진입유실 방지 자동보정] SHORT 1000SHIB/USDT:USDT exit=2026-07-28 06:12:27 미매칭수량=2192.00000000 orderID=31421063023 tradeID=None
[진입유실 방지 자동보정] SHORT 1000SHIB/USDT:USDT exit=2026-08-02 01:13:53 미매칭수량=1073.00000000 orderID=31502817166 tradeID=None
[진입유실 방지 자동보정] SHORT 1000SHIB/USDT:USDT exit=2026-08-02 02:01:20 미매칭수량=1074.00000000 orderID=31504220662 tradeID=None
[진입유실 방지 자동보정] SHORT 1000SHIB/USDT:USDT exit=2026-08-02 09:45:32 미매칭수량=2285.00000000 orderID=31510623049 tradeID=None
[진입유실 방지 자동보정] SHORT 1000SHIB/USDT:USDT exit=2026-08-02 10:35:19 미매칭수량=2280.00000000 orderID=31511192196 tradeID=None
[진입유실 방지 자동보정] LONG DOGE/USDT:USDT exit=2026-07-28 09:50:41 미매칭수량=163.00000000 orderID=100915175009 tradeID=None
[진입유실 방지 자동보정] SHORT DOGE/USDT:USDT exit=2026-07-28 20:36:48 미매칭수량=357.00000000 orderID=100925180835 tradeID=None
[진입유실 방지 자동보정] SHORT DOGE/USDT:USDT exit=2026-07-28 23:00:41 미매칭수량=286.00000000 orderID=100927596061 tradeID=None
[진입유실 방지 자동보정] SHORT DOGE/USDT:USDT exit=2026-07-30 20:51:14 미매칭수량=345.00000000 orderID=100976583122 tradeID=None
[진입유실 방지 자동보정] SHORT DOGE/USDT:USDT exit=2026-07-31 10:01:31 미매칭수량=334.00000000 orderID=100988356319 tradeID=None
[진입유실 방지 자동보정] SHORT DOGE/USDT:USDT exit=2026-08-01 18:02:18 미매칭수량=306.00000000 orderID=101015266902 tradeID=None
[진입유실 방지 자동보정] LONG DOGE/USDT:USDT exit=2026-08-02 11:07:47 미매칭수량=259.00000000 orderID=101028099752 tradeID=None
[진입유실 방지 자동보정] SHORT SOL/USDT:USDT exit=2026-07-29 22:32:08 미매칭수량=0.26000000 orderID=229957663104 tradeID=None
[진입유실 방지 자동보정] LONG SOL/USDT:USDT exit=2026-07-30 02:59:19 미매칭수량=0.33000000 orderID=229996023316 tradeID=None
[진입유실 방지 자동보정] LONG SOL/USDT:USDT exit=2026-07-30 03:32:08 미매칭수량=0.27000000 orderID=230002018782 tradeID=None
[진입유실 방지 자동보정] SHORT SOL/USDT:USDT exit=2026-07-30 20:09:26 미매칭수량=0.32000000 orderID=230154249399 tradeID=None
[진입유실 방지 자동보정] SHORT SOL/USDT:USDT exit=2026-07-30 20:37:48 미매칭수량=0.32000000 orderID=230157644550 tradeID=None
[진입유실 방지 자동보정] SHORT SOL/USDT:USDT exit=2026-08-01 10:32:26 미매칭수량=0.29000000 orderID=230440972735 tradeID=None
[진입유실 방지 자동보정] LONG SOL/USDT:USDT exit=2026-08-02 01:55:54 미매칭수량=0.25000000 orderID=230506472518 tradeID=None
[진입유실 방지 자동보정] LONG SOL/USDT:USDT exit=2026-08-02 03:24:55 미매칭수량=0.20000000 orderID=230517041657 tradeID=None
[진입유실 방지 자동보정] LONG XRP/USDT:USDT exit=2026-07-30 03:32:09 미매칭수량=14.70000000 orderID=154591436270 tradeID=None
[진입유실 방지 자동보정] LONG XRP/USDT:USDT exit=2026-07-30 08:06:13 미매칭수량=18.50000000 orderID=154605732461 tradeID=None
[진입유실 방지 자동보정] LONG XRP/USDT:USDT exit=2026-07-30 22:11:04 미매칭수량=17.50000000 orderID=154637963852 tradeID=None
[진입유실 방지 자동보정] SHORT XRP/USDT:USDT exit=2026-07-31 15:18:55 미매칭수량=28.50000000 orderID=154681353788 tradeID=None
[진입유실 방지 자동보정] LONG XRP/USDT:USDT exit=2026-08-02 07:48:27 미매칭수량=6.70000000 orderID=154765042288 tradeID=None
[진입유실 방지 자동보정] LONG XRP/USDT:USDT exit=2026-08-02 08:25:19 미매칭수량=6.70000000 orderID=154766072211 tradeID=None
[진입유실 방지 자동보정] LONG XRP/USDT:USDT exit=2026-08-02 11:07:15 미매칭수량=16.80000000 orderID=154770811661 tradeID=None
[진입유실 방지 자동보정] SHORT 1000PEPE/USDT:USDT exit=2026-08-02 02:31:36 미매칭수량=1968.00000000 orderID=61389681657 tradeID=None
[진입유실 방지 자동보정] SHORT 1000PEPE/USDT:USDT exit=2026-08-02 02:52:29 미매칭수량=1969.00000000 orderID=61390079427 tradeID=None
[진입유실 방지 자동보정] SHORT 1000PEPE/USDT:USDT exit=2026-08-02 09:25:39 미매칭수량=7585.00000000 orderID=61394822102 tradeID=None
[진입유실 방지 자동보정] SHORT IDOL/USDT:USDT exit=2026-08-02 10:17:17 미매칭수량=445.00000000 orderID=523897304 tradeID=None
[진입유실 방지 자동보정] LONG 1000SHIB/USDT:USDT exit=2026-07-27 04:30:21 미매칭수량=2189.00000000 orderID=31388901395 tradeID=None
[진입유실 방지 자동보정] SHORT 1000SHIB/USDT:USDT exit=2026-07-27 07:36:19 미매칭수량=1348.00000000 orderID=31393184616 tradeID=None
[진입유실 방지 자동보정] SHORT 1000SHIB/USDT:USDT exit=2026-07-27 11:51:02 미매칭수량=1844.00000000 orderID=31400541745 tradeID=None
[진입유실 방지 자동보정] SHORT 1000SHIB/USDT:USDT exit=2026-07-28 06:12:27 미매칭수량=2192.00000000 orderID=31421063023 tradeID=None
[진입유실 방지 자동보정] SHORT 1000SHIB/USDT:USDT exit=2026-08-02 01:13:53 미매칭수량=1073.00000000 orderID=31502817166 tradeID=None
[진입유실 방지 자동보정] SHORT 1000SHIB/USDT:USDT exit=2026-08-02 02:01:20 미매칭수량=1074.00000000 orderID=31504220662 tradeID=None
[진입유실 방지 자동보정] SHORT 1000SHIB/USDT:USDT exit=2026-08-02 09:45:32 미매칭수량=2285.00000000 orderID=31510623049 tradeID=None
[진입유실 방지 자동보정] SHORT 1000SHIB/USDT:USDT exit=2026-08-02 10:35:19 미매칭수량=2280.00000000 orderID=31511192196 tradeID=None
[진입유실 방지 자동보정] LONG DOGE/USDT:USDT exit=2026-07-28 09:50:41 미매칭수량=163.00000000 orderID=100915175009 tradeID=None
[진입유실 방지 자동보정] SHORT DOGE/USDT:USDT exit=2026-07-28 20:36:48 미매칭수량=357.00000000 orderID=100925180835 tradeID=None
[진입유실 방지 자동보정] SHORT DOGE/USDT:USDT exit=2026-07-28 23:00:41 미매칭수량=286.00000000 orderID=100927596061 tradeID=None
[진입유실 방지 자동보정] SHORT DOGE/USDT:USDT exit=2026-07-30 20:51:14 미매칭수량=345.00000000 orderID=100976583122 tradeID=None
[진입유실 방지 자동보정] SHORT DOGE/USDT:USDT exit=2026-07-31 10:01:31 미매칭수량=334.00000000 orderID=100988356319 tradeID=None
[진입유실 방지 자동보정] SHORT DOGE/USDT:USDT exit=2026-08-01 18:02:18 미매칭수량=306.00000000 orderID=101015266902 tradeID=None
[진입유실 방지 자동보정] LONG DOGE/USDT:USDT exit=2026-08-02 11:07:47 미매칭수량=259.00000000 orderID=101028099752 tradeID=None
[진입유실 방지 자동보정] SHORT SOL/USDT:USDT exit=2026-07-29 22:32:08 미매칭수량=0.26000000 orderID=229957663104 tradeID=None
[진입유실 방지 자동보정] LONG SOL/USDT:USDT exit=2026-07-30 02:59:19 미매칭수량=0.33000000 orderID=229996023316 tradeID=None
[진입유실 방지 자동보정] LONG SOL/USDT:USDT exit=2026-07-30 03:32:08 미매칭수량=0.27000000 orderID=230002018782 tradeID=None
[진입유실 방지 자동보정] SHORT SOL/USDT:USDT exit=2026-07-30 20:09:26 미매칭수량=0.32000000 orderID=230154249399 tradeID=None
[진입유실 방지 자동보정] SHORT SOL/USDT:USDT exit=2026-07-30 20:37:48 미매칭수량=0.32000000 orderID=230157644550 tradeID=None
[진입유실 방지 자동보정] SHORT SOL/USDT:USDT exit=2026-08-01 10:32:26 미매칭수량=0.29000000 orderID=230440972735 tradeID=None
[진입유실 방지 자동보정] LONG SOL/USDT:USDT exit=2026-08-02 01:55:54 미매칭수량=0.25000000 orderID=230506472518 tradeID=None
[진입유실 방지 자동보정] LONG SOL/USDT:USDT exit=2026-08-02 03:24:55 미매칭수량=0.20000000 orderID=230517041657 tradeID=None
[진입유실 방지 자동보정] LONG XRP/USDT:USDT exit=2026-07-30 03:32:09 미매칭수량=14.70000000 orderID=154591436270 tradeID=None
[진입유실 방지 자동보정] LONG XRP/USDT:USDT exit=2026-07-30 08:06:13 미매칭수량=18.50000000 orderID=154605732461 tradeID=None
[진입유실 방지 자동보정] LONG XRP/USDT:USDT exit=2026-07-30 22:11:04 미매칭수량=17.50000000 orderID=154637963852 tradeID=None
[진입유실 방지 자동보정] SHORT XRP/USDT:USDT exit=2026-07-31 15:18:55 미매칭수량=28.50000000 orderID=154681353788 tradeID=None
[진입유실 방지 자동보정] LONG XRP/USDT:USDT exit=2026-08-02 07:48:27 미매칭수량=6.70000000 orderID=154765042288 tradeID=None
[진입유실 방지 자동보정] LONG XRP/USDT:USDT exit=2026-08-02 08:25:19 미매칭수량=6.70000000 orderID=154766072211 tradeID=None
[진입유실 방지 자동보정] LONG XRP/USDT:USDT exit=2026-08-02 11:07:15 미매칭수량=16.80000000 orderID=154770811661 tradeID=None
[진입유실 방지 자동보정] SHORT 1000PEPE/USDT:USDT exit=2026-08-02 02:31:36 미매칭수량=1968.00000000 orderID=61389681657 tradeID=None
[진입유실 방지 자동보정] SHORT 1000PEPE/USDT:USDT exit=2026-08-02 02:52:29 미매칭수량=1969.00000000 orderID=61390079427 tradeID=None
[진입유실 방지 자동보정] SHORT 1000PEPE/USDT:USDT exit=2026-08-02 09:25:39 미매칭수량=7585.00000000 orderID=61394822102 tradeID=None
[진입유실 방지 자동보정] SHORT IDOL/USDT:USDT exit=2026-08-02 10:17:17 미매칭수량=445.00000000 orderID=523897304 tradeID=None
[진입유실 방지 자동보정] LONG 1000SHIB/USDT:USDT exit=2026-07-27 04:30:21 미매칭수량=2189.00000000 orderID=31388901395 tradeID=None
[진입유실 방지 자동보정] SHORT 1000SHIB/USDT:USDT exit=2026-07-27 07:36:19 미매칭수량=1348.00000000 orderID=31393184616 tradeID=None
[진입유실 방지 자동보정] SHORT 1000SHIB/USDT:USDT exit=2026-07-27 11:51:02 미매칭수량=1844.00000000 orderID=31400541745 tradeID=None
[진입유실 방지 자동보정] SHORT 1000SHIB/USDT:USDT exit=2026-07-28 06:12:27 미매칭수량=2192.00000000 orderID=31421063023 tradeID=None
[진입유실 방지 자동보정] SHORT 1000SHIB/USDT:USDT exit=2026-08-02 01:13:53 미매칭수량=1073.00000000 orderID=31502817166 tradeID=None
[진입유실 방지 자동보정] SHORT 1000SHIB/USDT:USDT exit=2026-08-02 02:01:20 미매칭수량=1074.00000000 orderID=31504220662 tradeID=None
[진입유실 방지 자동보정] SHORT 1000SHIB/USDT:USDT exit=2026-08-02 09:45:32 미매칭수량=2285.00000000 orderID=31510623049 tradeID=None
[진입유실 방지 자동보정] SHORT 1000SHIB/USDT:USDT exit=2026-08-02 10:35:19 미매칭수량=2280.00000000 orderID=31511192196 tradeID=None
[진입유실 방지 자동보정] LONG DOGE/USDT:USDT exit=2026-07-28 09:50:41 미매칭수량=163.00000000 orderID=100915175009 tradeID=None
[진입유실 방지 자동보정] SHORT DOGE/USDT:USDT exit=2026-07-28 20:36:48 미매칭수량=357.00000000 orderID=100925180835 tradeID=None
[진입유실 방지 자동보정] SHORT DOGE/USDT:USDT exit=2026-07-28 23:00:41 미매칭수량=286.00000000 orderID=100927596061 tradeID=None
[진입유실 방지 자동보정] SHORT DOGE/USDT:USDT exit=2026-07-30 20:51:14 미매칭수량=345.00000000 orderID=100976583122 tradeID=None
[진입유실 방지 자동보정] SHORT DOGE/USDT:USDT exit=2026-07-31 10:01:31 미매칭수량=334.00000000 orderID=100988356319 tradeID=None
[진입유실 방지 자동보정] SHORT DOGE/USDT:USDT exit=2026-08-01 18:02:18 미매칭수량=306.00000000 orderID=101015266902 tradeID=None
[진입유실 방지 자동보정] LONG DOGE/USDT:USDT exit=2026-08-02 11:07:47 미매칭수량=259.00000000 orderID=101028099752 tradeID=None
[진입유실 방지 자동보정] SHORT SOL/USDT:USDT exit=2026-07-29 22:32:08 미매칭수량=0.26000000 orderID=229957663104 tradeID=None
[진입유실 방지 자동보정] LONG SOL/USDT:USDT exit=2026-07-30 02:59:19 미매칭수량=0.33000000 orderID=229996023316 tradeID=None
[진입유실 방지 자동보정] LONG SOL/USDT:USDT exit=2026-07-30 03:32:08 미매칭수량=0.27000000 orderID=230002018782 tradeID=None
[진입유실 방지 자동보정] SHORT SOL/USDT:USDT exit=2026-07-30 20:09:26 미매칭수량=0.32000000 orderID=230154249399 tradeID=None
[진입유실 방지 자동보정] SHORT SOL/USDT:USDT exit=2026-07-30 20:37:48 미매칭수량=0.32000000 orderID=230157644550 tradeID=None
[진입유실 방지 자동보정] SHORT SOL/USDT:USDT exit=2026-08-01 10:32:26 미매칭수량=0.29000000 orderID=230440972735 tradeID=None
[진입유실 방지 자동보정] LONG SOL/USDT:USDT exit=2026-08-02 01:55:54 미매칭수량=0.25000000 orderID=230506472518 tradeID=None
[진입유실 방지 자동보정] LONG SOL/USDT:USDT exit=2026-08-02 03:24:55 미매칭수량=0.20000000 orderID=230517041657 tradeID=None
[진입유실 방지 자동보정] LONG XRP/USDT:USDT exit=2026-07-30 03:32:09 미매칭수량=14.70000000 orderID=154591436270 tradeID=None
[진입유실 방지 자동보정] LONG XRP/USDT:USDT exit=2026-07-30 08:06:13 미매칭수량=18.50000000 orderID=154605732461 tradeID=None
[진입유실 방지 자동보정] LONG XRP/USDT:USDT exit=2026-07-30 22:11:04 미매칭수량=17.50000000 orderID=154637963852 tradeID=None
[진입유실 방지 자동보정] SHORT XRP/USDT:USDT exit=2026-07-31 15:18:55 미매칭수량=28.50000000 orderID=154681353788 tradeID=None
[진입유실 방지 자동보정] LONG XRP/USDT:USDT exit=2026-08-02 07:48:27 미매칭수량=6.70000000 orderID=154765042288 tradeID=None
[진입유실 방지 자동보정] LONG XRP/USDT:USDT exit=2026-08-02 08:25:19 미매칭수량=6.70000000 orderID=154766072211 tradeID=None
[진입유실 방지 자동보정] LONG XRP/USDT:USDT exit=2026-08-02 11:07:15 미매칭수량=16.80000000 orderID=154770811661 tradeID=None
[진입유실 방지 자동보정] SHORT 1000PEPE/USDT:USDT exit=2026-08-02 02:31:36 미매칭수량=1968.00000000 orderID=61389681657 tradeID=None
[진입유실 방지 자동보정] SHORT 1000PEPE/USDT:USDT exit=2026-08-02 02:52:29 미매칭수량=1969.00000000 orderID=61390079427 tradeID=None
[진입유실 방지 자동보정] SHORT 1000PEPE/USDT:USDT exit=2026-08-02 09:25:39 미매칭수량=7585.00000000 orderID=61394822102 tradeID=None
[진입유실 방지 자동보정] SHORT IDOL/USDT:USDT exit=2026-08-02 10:17:17 미매칭수량=445.00000000 orderID=523897304 tradeID=None
[BNB/USDT:USDT] 래칫 위반 시도 차단 (Long): old=582.3457451707262 -> new=582.2497451707262
[HOME/USDT:USDT] 래칫 위반 시도 차단 (Long): old=0.007793949830770583 -> new=0.007786349830770583
[진입유실 방지 자동보정] LONG 1000SHIB/USDT:USDT exit=2026-07-27 04:30:21 미매칭수량=2189.00000000 orderID=31388901395 tradeID=None
[진입유실 방지 자동보정] SHORT 1000SHIB/USDT:USDT exit=2026-07-27 07:36:19 미매칭수량=1348.00000000 orderID=31393184616 tradeID=None
[진입유실 방지 자동보정] SHORT 1000SHIB/USDT:USDT exit=2026-07-27 11:51:02 미매칭수량=1844.00000000 orderID=31400541745 tradeID=None
[진입유실 방지 자동보정] SHORT 1000SHIB/USDT:USDT exit=2026-07-28 06:12:27 미매칭수량=2192.00000000 orderID=31421063023 tradeID=None
[진입유실 방지 자동보정] SHORT 1000SHIB/USDT:USDT exit=2026-08-02 01:13:53 미매칭수량=1073.00000000 orderID=31502817166 tradeID=None
[진입유실 방지 자동보정] SHORT 1000SHIB/USDT:USDT exit=2026-08-02 02:01:20 미매칭수량=1074.00000000 orderID=31504220662 tradeID=None
[진입유실 방지 자동보정] SHORT 1000SHIB/USDT:USDT exit=2026-08-02 09:45:32 미매칭수량=2285.00000000 orderID=31510623049 tradeID=None
[진입유실 방지 자동보정] SHORT 1000SHIB/USDT:USDT exit=2026-08-02 10:35:19 미매칭수량=2280.00000000 orderID=31511192196 tradeID=None
[진입유실 방지 자동보정] LONG DOGE/USDT:USDT exit=2026-07-28 09:50:41 미매칭수량=163.00000000 orderID=100915175009 tradeID=None
[진입유실 방지 자동보정] SHORT DOGE/USDT:USDT exit=2026-07-28 20:36:48 미매칭수량=357.00000000 orderID=100925180835 tradeID=None
[진입유실 방지 자동보정] SHORT DOGE/USDT:USDT exit=2026-07-28 23:00:41 미매칭수량=286.00000000 orderID=100927596061 tradeID=None
[진입유실 방지 자동보정] SHORT DOGE/USDT:USDT exit=2026-07-30 20:51:14 미매칭수량=345.00000000 orderID=100976583122 tradeID=None
[진입유실 방지 자동보정] SHORT DOGE/USDT:USDT exit=2026-07-31 10:01:31 미매칭수량=334.00000000 orderID=100988356319 tradeID=None
[진입유실 방지 자동보정] SHORT DOGE/USDT:USDT exit=2026-08-01 18:02:18 미매칭수량=306.00000000 orderID=101015266902 tradeID=None
[진입유실 방지 자동보정] LONG DOGE/USDT:USDT exit=2026-08-02 11:07:47 미매칭수량=259.00000000 orderID=101028099752 tradeID=None
[진입유실 방지 자동보정] SHORT SOL/USDT:USDT exit=2026-07-29 22:32:08 미매칭수량=0.26000000 orderID=229957663104 tradeID=None
[진입유실 방지 자동보정] LONG SOL/USDT:USDT exit=2026-07-30 02:59:19 미매칭수량=0.33000000 orderID=229996023316 tradeID=None
[진입유실 방지 자동보정] LONG SOL/USDT:USDT exit=2026-07-30 03:32:08 미매칭수량=0.27000000 orderID=230002018782 tradeID=None
[진입유실 방지 자동보정] SHORT SOL/USDT:USDT exit=2026-07-30 20:09:26 미매칭수량=0.32000000 orderID=230154249399 tradeID=None
[진입유실 방지 자동보정] SHORT SOL/USDT:USDT exit=2026-07-30 20:37:48 미매칭수량=0.32000000 orderID=230157644550 tradeID=None
[진입유실 방지 자동보정] SHORT SOL/USDT:USDT exit=2026-08-01 10:32:26 미매칭수량=0.29000000 orderID=230440972735 tradeID=None
[진입유실 방지 자동보정] LONG SOL/USDT:USDT exit=2026-08-02 01:55:54 미매칭수량=0.25000000 orderID=230506472518 tradeID=None
[진입유실 방지 자동보정] LONG SOL/USDT:USDT exit=2026-08-02 03:24:55 미매칭수량=0.20000000 orderID=230517041657 tradeID=None
[진입유실 방지 자동보정] LONG XRP/USDT:USDT exit=2026-07-30 03:32:09 미매칭수량=14.70000000 orderID=154591436270 tradeID=None
[진입유실 방지 자동보정] LONG XRP/USDT:USDT exit=2026-07-30 08:06:13 미매칭수량=18.50000000 orderID=154605732461 tradeID=None
[진입유실 방지 자동보정] LONG XRP/USDT:USDT exit=2026-07-30 22:11:04 미매칭수량=17.50000000 orderID=154637963852 tradeID=None
[진입유실 방지 자동보정] SHORT XRP/USDT:USDT exit=2026-07-31 15:18:55 미매칭수량=28.50000000 orderID=154681353788 tradeID=None
[진입유실 방지 자동보정] LONG XRP/USDT:USDT exit=2026-08-02 07:48:27 미매칭수량=6.70000000 orderID=154765042288 tradeID=None
[진입유실 방지 자동보정] LONG XRP/USDT:USDT exit=2026-08-02 08:25:19 미매칭수량=6.70000000 orderID=154766072211 tradeID=None
[진입유실 방지 자동보정] LONG XRP/USDT:USDT exit=2026-08-02 11:07:15 미매칭수량=16.80000000 orderID=154770811661 tradeID=None
[진입유실 방지 자동보정] SHORT 1000PEPE/USDT:USDT exit=2026-08-02 02:31:36 미매칭수량=1968.00000000 orderID=61389681657 tradeID=None
[진입유실 방지 자동보정] SHORT 1000PEPE/USDT:USDT exit=2026-08-02 02:52:29 미매칭수량=1969.00000000 orderID=61390079427 tradeID=None
[진입유실 방지 자동보정] SHORT 1000PEPE/USDT:USDT exit=2026-08-02 09:25:39 미매칭수량=7585.00000000 orderID=61394822102 tradeID=None
[진입유실 방지 자동보정] SHORT IDOL/USDT:USDT exit=2026-08-02 10:17:17 미매칭수량=445.00000000 orderID=523897304 tradeID=None
2026-08-02 23:32:17.188 Please replace `use_container_width` with `width`.

`use_container_width` will be removed after 2025-12-31.

For `use_container_width=True`, use `width='stretch'`. For `use_container_width=False`, use `width='content'`.
[BNB/USDT:USDT] 래칫 위반 시도 차단 (Long): old=582.3457451707262 -> new=582.2497451707262
[HOME/USDT:USDT] 래칫 위반 시도 차단 (Long): old=0.007793949830770583 -> new=0.007786349830770583
[진입유실 방지 자동보정] LONG 1000SHIB/USDT:USDT exit=2026-07-27 04:30:21 미매칭수량=2189.00000000 orderID=31388901395 tradeID=None
[진입유실 방지 자동보정] SHORT 1000SHIB/USDT:USDT exit=2026-07-27 07:36:19 미매칭수량=1348.00000000 orderID=31393184616 tradeID=None
[진입유실 방지 자동보정] SHORT 1000SHIB/USDT:USDT exit=2026-07-27 11:51:02 미매칭수량=1844.00000000 orderID=31400541745 tradeID=None
[진입유실 방지 자동보정] SHORT 1000SHIB/USDT:USDT exit=2026-07-28 06:12:27 미매칭수량=2192.00000000 orderID=31421063023 tradeID=None
[진입유실 방지 자동보정] SHORT 1000SHIB/USDT:USDT exit=2026-08-02 01:13:53 미매칭수량=1073.00000000 orderID=31502817166 tradeID=None
[진입유실 방지 자동보정] SHORT 1000SHIB/USDT:USDT exit=2026-08-02 02:01:20 미매칭수량=1074.00000000 orderID=31504220662 tradeID=None
[진입유실 방지 자동보정] SHORT 1000SHIB/USDT:USDT exit=2026-08-02 09:45:32 미매칭수량=2285.00000000 orderID=31510623049 tradeID=None
[진입유실 방지 자동보정] SHORT 1000SHIB/USDT:USDT exit=2026-08-02 10:35:19 미매칭수량=2280.00000000 orderID=31511192196 tradeID=None
[진입유실 방지 자동보정] LONG DOGE/USDT:USDT exit=2026-07-28 09:50:41 미매칭수량=163.00000000 orderID=100915175009 tradeID=None
[진입유실 방지 자동보정] SHORT DOGE/USDT:USDT exit=2026-07-28 20:36:48 미매칭수량=357.00000000 orderID=100925180835 tradeID=None
[진입유실 방지 자동보정] SHORT DOGE/USDT:USDT exit=2026-07-28 23:00:41 미매칭수량=286.00000000 orderID=100927596061 tradeID=None
[진입유실 방지 자동보정] SHORT DOGE/USDT:USDT exit=2026-07-30 20:51:14 미매칭수량=345.00000000 orderID=100976583122 tradeID=None
[진입유실 방지 자동보정] SHORT DOGE/USDT:USDT exit=2026-07-31 10:01:31 미매칭수량=334.00000000 orderID=100988356319 tradeID=None
[진입유실 방지 자동보정] SHORT DOGE/USDT:USDT exit=2026-08-01 18:02:18 미매칭수량=306.00000000 orderID=101015266902 tradeID=None
[진입유실 방지 자동보정] LONG DOGE/USDT:USDT exit=2026-08-02 11:07:47 미매칭수량=259.00000000 orderID=101028099752 tradeID=None
[진입유실 방지 자동보정] SHORT SOL/USDT:USDT exit=2026-07-29 22:32:08 미매칭수량=0.26000000 orderID=229957663104 tradeID=None
[진입유실 방지 자동보정] LONG SOL/USDT:USDT exit=2026-07-30 02:59:19 미매칭수량=0.33000000 orderID=229996023316 tradeID=None
[진입유실 방지 자동보정] LONG SOL/USDT:USDT exit=2026-07-30 03:32:08 미매칭수량=0.27000000 orderID=230002018782 tradeID=None
[진입유실 방지 자동보정] SHORT SOL/USDT:USDT exit=2026-07-30 20:09:26 미매칭수량=0.32000000 orderID=230154249399 tradeID=None
[진입유실 방지 자동보정] SHORT SOL/USDT:USDT exit=2026-07-30 20:37:48 미매칭수량=0.32000000 orderID=230157644550 tradeID=None
[진입유실 방지 자동보정] SHORT SOL/USDT:USDT exit=2026-08-01 10:32:26 미매칭수량=0.29000000 orderID=230440972735 tradeID=None
[진입유실 방지 자동보정] LONG SOL/USDT:USDT exit=2026-08-02 01:55:54 미매칭수량=0.25000000 orderID=230506472518 tradeID=None
[진입유실 방지 자동보정] LONG SOL/USDT:USDT exit=2026-08-02 03:24:55 미매칭수량=0.20000000 orderID=230517041657 tradeID=None
[진입유실 방지 자동보정] LONG XRP/USDT:USDT exit=2026-07-30 03:32:09 미매칭수량=14.70000000 orderID=154591436270 tradeID=None
[진입유실 방지 자동보정] LONG XRP/USDT:USDT exit=2026-07-30 08:06:13 미매칭수량=18.50000000 orderID=154605732461 tradeID=None
[진입유실 방지 자동보정] LONG XRP/USDT:USDT exit=2026-07-30 22:11:04 미매칭수량=17.50000000 orderID=154637963852 tradeID=None
[진입유실 방지 자동보정] SHORT XRP/USDT:USDT exit=2026-07-31 15:18:55 미매칭수량=28.50000000 orderID=154681353788 tradeID=None
[진입유실 방지 자동보정] LONG XRP/USDT:USDT exit=2026-08-02 07:48:27 미매칭수량=6.70000000 orderID=154765042288 tradeID=None
[진입유실 방지 자동보정] LONG XRP/USDT:USDT exit=2026-08-02 08:25:19 미매칭수량=6.70000000 orderID=154766072211 tradeID=None
[진입유실 방지 자동보정] LONG XRP/USDT:USDT exit=2026-08-02 11:07:15 미매칭수량=16.80000000 orderID=154770811661 tradeID=None
[진입유실 방지 자동보정] SHORT 1000PEPE/USDT:USDT exit=2026-08-02 02:31:36 미매칭수량=1968.00000000 orderID=61389681657 tradeID=None
[진입유실 방지 자동보정] SHORT 1000PEPE/USDT:USDT exit=2026-08-02 02:52:29 미매칭수량=1969.00000000 orderID=61390079427 tradeID=None
[진입유실 방지 자동보정] SHORT 1000PEPE/USDT:USDT exit=2026-08-02 09:25:39 미매칭수량=7585.00000000 orderID=61394822102 tradeID=None
[진입유실 방지 자동보정] SHORT IDOL/USDT:USDT exit=2026-08-02 10:17:17 미매칭수량=445.00000000 orderID=523897304 tradeID=None
2026-08-02 23:32:27.363 Please replace `use_container_width` with `width`.

`use_container_width` will be removed after 2025-12-31.

For `use_container_width=True`, use `width='stretch'`. For `use_container_width=False`, use `width='content'`.
[진입유실 방지 자동보정] LONG 1000SHIB/USDT:USDT exit=2026-07-27 04:30:21 미매칭수량=2189.00000000 orderID=31388901395 tradeID=None
[진입유실 방지 자동보정] SHORT 1000SHIB/USDT:USDT exit=2026-07-27 07:36:19 미매칭수량=1348.00000000 orderID=31393184616 tradeID=None
[진입유실 방지 자동보정] SHORT 1000SHIB/USDT:USDT exit=2026-07-27 11:51:02 미매칭수량=1844.00000000 orderID=31400541745 tradeID=None
[진입유실 방지 자동보정] SHORT 1000SHIB/USDT:USDT exit=2026-07-28 06:12:27 미매칭수량=2192.00000000 orderID=31421063023 tradeID=None
[진입유실 방지 자동보정] SHORT 1000SHIB/USDT:USDT exit=2026-08-02 01:13:53 미매칭수량=1073.00000000 orderID=31502817166 tradeID=None
[진입유실 방지 자동보정] SHORT 1000SHIB/USDT:USDT exit=2026-08-02 02:01:20 미매칭수량=1074.00000000 orderID=31504220662 tradeID=None
[진입유실 방지 자동보정] SHORT 1000SHIB/USDT:USDT exit=2026-08-02 09:45:32 미매칭수량=2285.00000000 orderID=31510623049 tradeID=None
[진입유실 방지 자동보정] SHORT 1000SHIB/USDT:USDT exit=2026-08-02 10:35:19 미매칭수량=2280.00000000 orderID=31511192196 tradeID=None
[진입유실 방지 자동보정] LONG DOGE/USDT:USDT exit=2026-07-28 09:50:41 미매칭수량=163.00000000 orderID=100915175009 tradeID=None
[진입유실 방지 자동보정] SHORT DOGE/USDT:USDT exit=2026-07-28 20:36:48 미매칭수량=357.00000000 orderID=100925180835 tradeID=None
[진입유실 방지 자동보정] SHORT DOGE/USDT:USDT exit=2026-07-28 23:00:41 미매칭수량=286.00000000 orderID=100927596061 tradeID=None
[진입유실 방지 자동보정] SHORT DOGE/USDT:USDT exit=2026-07-30 20:51:14 미매칭수량=345.00000000 orderID=100976583122 tradeID=None
[진입유실 방지 자동보정] SHORT DOGE/USDT:USDT exit=2026-07-31 10:01:31 미매칭수량=334.00000000 orderID=100988356319 tradeID=None
[진입유실 방지 자동보정] SHORT DOGE/USDT:USDT exit=2026-08-01 18:02:18 미매칭수량=306.00000000 orderID=101015266902 tradeID=None
[진입유실 방지 자동보정] LONG DOGE/USDT:USDT exit=2026-08-02 11:07:47 미매칭수량=259.00000000 orderID=101028099752 tradeID=None
[진입유실 방지 자동보정] SHORT SOL/USDT:USDT exit=2026-07-29 22:32:08 미매칭수량=0.26000000 orderID=229957663104 tradeID=None
[진입유실 방지 자동보정] LONG SOL/USDT:USDT exit=2026-07-30 02:59:19 미매칭수량=0.33000000 orderID=229996023316 tradeID=None
[진입유실 방지 자동보정] LONG SOL/USDT:USDT exit=2026-07-30 03:32:08 미매칭수량=0.27000000 orderID=230002018782 tradeID=None
[진입유실 방지 자동보정] SHORT SOL/USDT:USDT exit=2026-07-30 20:09:26 미매칭수량=0.32000000 orderID=230154249399 tradeID=None
[진입유실 방지 자동보정] SHORT SOL/USDT:USDT exit=2026-07-30 20:37:48 미매칭수량=0.32000000 orderID=230157644550 tradeID=None
[진입유실 방지 자동보정] SHORT SOL/USDT:USDT exit=2026-08-01 10:32:26 미매칭수량=0.29000000 orderID=230440972735 tradeID=None
[진입유실 방지 자동보정] LONG SOL/USDT:USDT exit=2026-08-02 01:55:54 미매칭수량=0.25000000 orderID=230506472518 tradeID=None
[진입유실 방지 자동보정] LONG SOL/USDT:USDT exit=2026-08-02 03:24:55 미매칭수량=0.20000000 orderID=230517041657 tradeID=None
[진입유실 방지 자동보정] LONG XRP/USDT:USDT exit=2026-07-30 03:32:09 미매칭수량=14.70000000 orderID=154591436270 tradeID=None
[진입유실 방지 자동보정] LONG XRP/USDT:USDT exit=2026-07-30 08:06:13 미매칭수량=18.50000000 orderID=154605732461 tradeID=None
[진입유실 방지 자동보정] LONG XRP/USDT:USDT exit=2026-07-30 22:11:04 미매칭수량=17.50000000 orderID=154637963852 tradeID=None
[진입유실 방지 자동보정] SHORT XRP/USDT:USDT exit=2026-07-31 15:18:55 미매칭수량=28.50000000 orderID=154681353788 tradeID=None
[진입유실 방지 자동보정] LONG XRP/USDT:USDT exit=2026-08-02 07:48:27 미매칭수량=6.70000000 orderID=154765042288 tradeID=None
[진입유실 방지 자동보정] LONG XRP/USDT:USDT exit=2026-08-02 08:25:19 미매칭수량=6.70000000 orderID=154766072211 tradeID=None
[진입유실 방지 자동보정] LONG XRP/USDT:USDT exit=2026-08-02 11:07:15 미매칭수량=16.80000000 orderID=154770811661 tradeID=None
[진입유실 방지 자동보정] SHORT 1000PEPE/USDT:USDT exit=2026-08-02 02:31:36 미매칭수량=1968.00000000 orderID=61389681657 tradeID=None
[진입유실 방지 자동보정] SHORT 1000PEPE/USDT:USDT exit=2026-08-02 02:52:29 미매칭수량=1969.00000000 orderID=61390079427 tradeID=None
[진입유실 방지 자동보정] SHORT 1000PEPE/USDT:USDT exit=2026-08-02 09:25:39 미매칭수량=7585.00000000 orderID=61394822102 tradeID=None
[진입유실 방지 자동보정] SHORT IDOL/USDT:USDT exit=2026-08-02 10:17:17 미매칭수량=445.00000000 orderID=523897304 tradeID=None
[진입유실 방지 자동보정] LONG 1000SHIB/USDT:USDT exit=2026-07-27 04:30:21 미매칭수량=2189.00000000 orderID=31388901395 tradeID=None
[진입유실 방지 자동보정] SHORT 1000SHIB/USDT:USDT exit=2026-07-27 07:36:19 미매칭수량=1348.00000000 orderID=31393184616 tradeID=None
[진입유실 방지 자동보정] SHORT 1000SHIB/USDT:USDT exit=2026-07-27 11:51:02 미매칭수량=1844.00000000 orderID=31400541745 tradeID=None
[진입유실 방지 자동보정] SHORT 1000SHIB/USDT:USDT exit=2026-07-28 06:12:27 미매칭수량=2192.00000000 orderID=31421063023 tradeID=None
[진입유실 방지 자동보정] SHORT 1000SHIB/USDT:USDT exit=2026-08-02 01:13:53 미매칭수량=1073.00000000 orderID=31502817166 tradeID=None
[진입유실 방지 자동보정] SHORT 1000SHIB/USDT:USDT exit=2026-08-02 02:01:20 미매칭수량=1074.00000000 orderID=31504220662 tradeID=None
[진입유실 방지 자동보정] SHORT 1000SHIB/USDT:USDT exit=2026-08-02 09:45:32 미매칭수량=2285.00000000 orderID=31510623049 tradeID=None
[진입유실 방지 자동보정] SHORT 1000SHIB/USDT:USDT exit=2026-08-02 10:35:19 미매칭수량=2280.00000000 orderID=31511192196 tradeID=None
[진입유실 방지 자동보정] LONG DOGE/USDT:USDT exit=2026-07-28 09:50:41 미매칭수량=163.00000000 orderID=100915175009 tradeID=None
[진입유실 방지 자동보정] SHORT DOGE/USDT:USDT exit=2026-07-28 20:36:48 미매칭수량=357.00000000 orderID=100925180835 tradeID=None
[진입유실 방지 자동보정] SHORT DOGE/USDT:USDT exit=2026-07-28 23:00:41 미매칭수량=286.00000000 orderID=100927596061 tradeID=None
[진입유실 방지 자동보정] SHORT DOGE/USDT:USDT exit=2026-07-30 20:51:14 미매칭수량=345.00000000 orderID=100976583122 tradeID=None
[진입유실 방지 자동보정] SHORT DOGE/USDT:USDT exit=2026-07-31 10:01:31 미매칭수량=334.00000000 orderID=100988356319 tradeID=None
[진입유실 방지 자동보정] SHORT DOGE/USDT:USDT exit=2026-08-01 18:02:18 미매칭수량=306.00000000 orderID=101015266902 tradeID=None
[진입유실 방지 자동보정] LONG DOGE/USDT:USDT exit=2026-08-02 11:07:47 미매칭수량=259.00000000 orderID=101028099752 tradeID=None
[진입유실 방지 자동보정] SHORT SOL/USDT:USDT exit=2026-07-29 22:32:08 미매칭수량=0.26000000 orderID=229957663104 tradeID=None
[진입유실 방지 자동보정] LONG SOL/USDT:USDT exit=2026-07-30 02:59:19 미매칭수량=0.33000000 orderID=229996023316 tradeID=None
[진입유실 방지 자동보정] LONG SOL/USDT:USDT exit=2026-07-30 03:32:08 미매칭수량=0.27000000 orderID=230002018782 tradeID=None
[진입유실 방지 자동보정] SHORT SOL/USDT:USDT exit=2026-07-30 20:09:26 미매칭수량=0.32000000 orderID=230154249399 tradeID=None
[진입유실 방지 자동보정] SHORT SOL/USDT:USDT exit=2026-07-30 20:37:48 미매칭수량=0.32000000 orderID=230157644550 tradeID=None
[진입유실 방지 자동보정] SHORT SOL/USDT:USDT exit=2026-08-01 10:32:26 미매칭수량=0.29000000 orderID=230440972735 tradeID=None
[진입유실 방지 자동보정] LONG SOL/USDT:USDT exit=2026-08-02 01:55:54 미매칭수량=0.25000000 orderID=230506472518 tradeID=None
[진입유실 방지 자동보정] LONG SOL/USDT:USDT exit=2026-08-02 03:24:55 미매칭수량=0.20000000 orderID=230517041657 tradeID=None
[진입유실 방지 자동보정] LONG XRP/USDT:USDT exit=2026-07-30 03:32:09 미매칭수량=14.70000000 orderID=154591436270 tradeID=None
[진입유실 방지 자동보정] LONG XRP/USDT:USDT exit=2026-07-30 08:06:13 미매칭수량=18.50000000 orderID=154605732461 tradeID=None
[진입유실 방지 자동보정] LONG XRP/USDT:USDT exit=2026-07-30 22:11:04 미매칭수량=17.50000000 orderID=154637963852 tradeID=None
[진입유실 방지 자동보정] SHORT XRP/USDT:USDT exit=2026-07-31 15:18:55 미매칭수량=28.50000000 orderID=154681353788 tradeID=None
[진입유실 방지 자동보정] LONG XRP/USDT:USDT exit=2026-08-02 07:48:27 미매칭수량=6.70000000 orderID=154765042288 tradeID=None
[진입유실 방지 자동보정] LONG XRP/USDT:USDT exit=2026-08-02 08:25:19 미매칭수량=6.70000000 orderID=154766072211 tradeID=None
[진입유실 방지 자동보정] LONG XRP/USDT:USDT exit=2026-08-02 11:07:15 미매칭수량=16.80000000 orderID=154770811661 tradeID=None
[진입유실 방지 자동보정] SHORT 1000PEPE/USDT:USDT exit=2026-08-02 02:31:36 미매칭수량=1968.00000000 orderID=61389681657 tradeID=None
[진입유실 방지 자동보정] SHORT 1000PEPE/USDT:USDT exit=2026-08-02 02:52:29 미매칭수량=1969.00000000 orderID=61390079427 tradeID=None
[진입유실 방지 자동보정] SHORT 1000PEPE/USDT:USDT exit=2026-08-02 09:25:39 미매칭수량=7585.00000000 orderID=61394822102 tradeID=None
[진입유실 방지 자동보정] SHORT IDOL/USDT:USDT exit=2026-08-02 10:17:17 미매칭수량=445.00000000 orderID=523897304 tradeID=None
[BREAKEVEN] HOME/USDT:USDT long 본전 손절 설정 실패: binance {"code":-4130,"msg":"An open stop or take profit order with GTE and closePosition in the direction is existing."}
[PARTIAL+BE] HOME/USDT:USDT long +0.88% 도달 → 50% 익절 + 잔량 본전스톱 (Step 0 초기화)
[BNB/USDT:USDT] 래칫 위반 시도 차단 (Long): old=582.3457451707262 -> new=582.2497451707262
[진입유실 방지 자동보정] LONG 1000SHIB/USDT:USDT exit=2026-07-27 04:30:21 미매칭수량=2189.00000000 orderID=31388901395 tradeID=None
[진입유실 방지 자동보정] SHORT 1000SHIB/USDT:USDT exit=2026-07-27 07:36:19 미매칭수량=1348.00000000 orderID=31393184616 tradeID=None
[진입유실 방지 자동보정] SHORT 1000SHIB/USDT:USDT exit=2026-07-27 11:51:02 미매칭수량=1844.00000000 orderID=31400541745 tradeID=None
[진입유실 방지 자동보정] SHORT 1000SHIB/USDT:USDT exit=2026-07-28 06:12:27 미매칭수량=2192.00000000 orderID=31421063023 tradeID=None
[진입유실 방지 자동보정] SHORT 1000SHIB/USDT:USDT exit=2026-08-02 01:13:53 미매칭수량=1073.00000000 orderID=31502817166 tradeID=None
[진입유실 방지 자동보정] SHORT 1000SHIB/USDT:USDT exit=2026-08-02 02:01:20 미매칭수량=1074.00000000 orderID=31504220662 tradeID=None
[진입유실 방지 자동보정] SHORT 1000SHIB/USDT:USDT exit=2026-08-02 09:45:32 미매칭수량=2285.00000000 orderID=31510623049 tradeID=None
[진입유실 방지 자동보정] SHORT 1000SHIB/USDT:USDT exit=2026-08-02 10:35:19 미매칭수량=2280.00000000 orderID=31511192196 tradeID=None
[진입유실 방지 자동보정] LONG DOGE/USDT:USDT exit=2026-07-28 09:50:41 미매칭수량=163.00000000 orderID=100915175009 tradeID=None
[진입유실 방지 자동보정] SHORT DOGE/USDT:USDT exit=2026-07-28 20:36:48 미매칭수량=357.00000000 orderID=100925180835 tradeID=None
[진입유실 방지 자동보정] SHORT DOGE/USDT:USDT exit=2026-07-28 23:00:41 미매칭수량=286.00000000 orderID=100927596061 tradeID=None
[진입유실 방지 자동보정] SHORT DOGE/USDT:USDT exit=2026-07-30 20:51:14 미매칭수량=345.00000000 orderID=100976583122 tradeID=None
[진입유실 방지 자동보정] SHORT DOGE/USDT:USDT exit=2026-07-31 10:01:31 미매칭수량=334.00000000 orderID=100988356319 tradeID=None
[진입유실 방지 자동보정] SHORT DOGE/USDT:USDT exit=2026-08-01 18:02:18 미매칭수량=306.00000000 orderID=101015266902 tradeID=None
[진입유실 방지 자동보정] LONG DOGE/USDT:USDT exit=2026-08-02 11:07:47 미매칭수량=259.00000000 orderID=101028099752 tradeID=None
[진입유실 방지 자동보정] SHORT SOL/USDT:USDT exit=2026-07-29 22:32:08 미매칭수량=0.26000000 orderID=229957663104 tradeID=None
[진입유실 방지 자동보정] LONG SOL/USDT:USDT exit=2026-07-30 02:59:19 미매칭수량=0.33000000 orderID=229996023316 tradeID=None
[진입유실 방지 자동보정] LONG SOL/USDT:USDT exit=2026-07-30 03:32:08 미매칭수량=0.27000000 orderID=230002018782 tradeID=None
[진입유실 방지 자동보정] SHORT SOL/USDT:USDT exit=2026-07-30 20:09:26 미매칭수량=0.32000000 orderID=230154249399 tradeID=None
[진입유실 방지 자동보정] SHORT SOL/USDT:USDT exit=2026-07-30 20:37:48 미매칭수량=0.32000000 orderID=230157644550 tradeID=None
[진입유실 방지 자동보정] SHORT SOL/USDT:USDT exit=2026-08-01 10:32:26 미매칭수량=0.29000000 orderID=230440972735 tradeID=None
[진입유실 방지 자동보정] LONG SOL/USDT:USDT exit=2026-08-02 01:55:54 미매칭수량=0.25000000 orderID=230506472518 tradeID=None
[진입유실 방지 자동보정] LONG SOL/USDT:USDT exit=2026-08-02 03:24:55 미매칭수량=0.20000000 orderID=230517041657 tradeID=None
[진입유실 방지 자동보정] LONG XRP/USDT:USDT exit=2026-07-30 03:32:09 미매칭수량=14.70000000 orderID=154591436270 tradeID=None
[진입유실 방지 자동보정] LONG XRP/USDT:USDT exit=2026-07-30 08:06:13 미매칭수량=18.50000000 orderID=154605732461 tradeID=None
[진입유실 방지 자동보정] LONG XRP/USDT:USDT exit=2026-07-30 22:11:04 미매칭수량=17.50000000 orderID=154637963852 tradeID=None
[진입유실 방지 자동보정] SHORT XRP/USDT:USDT exit=2026-07-31 15:18:55 미매칭수량=28.50000000 orderID=154681353788 tradeID=None
[진입유실 방지 자동보정] LONG XRP/USDT:USDT exit=2026-08-02 07:48:27 미매칭수량=6.70000000 orderID=154765042288 tradeID=None
[진입유실 방지 자동보정] LONG XRP/USDT:USDT exit=2026-08-02 08:25:19 미매칭수량=6.70000000 orderID=154766072211 tradeID=None
[진입유실 방지 자동보정] LONG XRP/USDT:USDT exit=2026-08-02 11:07:15 미매칭수량=16.80000000 orderID=154770811661 tradeID=None
[진입유실 방지 자동보정] SHORT 1000PEPE/USDT:USDT exit=2026-08-02 02:31:36 미매칭수량=1968.00000000 orderID=61389681657 tradeID=None
[진입유실 방지 자동보정] SHORT 1000PEPE/USDT:USDT exit=2026-08-02 02:52:29 미매칭수량=1969.00000000 orderID=61390079427 tradeID=None
[진입유실 방지 자동보정] SHORT 1000PEPE/USDT:USDT exit=2026-08-02 09:25:39 미매칭수량=7585.00000000 orderID=61394822102 tradeID=None
[진입유실 방지 자동보정] SHORT IDOL/USDT:USDT exit=2026-08-02 10:17:17 미매칭수량=445.00000000 orderID=523897304 tradeID=None
[진입유실 방지 자동보정] LONG 1000SHIB/USDT:USDT exit=2026-07-27 04:30:21 미매칭수량=2189.00000000 orderID=31388901395 tradeID=None
[진입유실 방지 자동보정] SHORT 1000SHIB/USDT:USDT exit=2026-07-27 07:36:19 미매칭수량=1348.00000000 orderID=31393184616 tradeID=None
[진입유실 방지 자동보정] SHORT 1000SHIB/USDT:USDT exit=2026-07-27 11:51:02 미매칭수량=1844.00000000 orderID=31400541745 tradeID=None
[진입유실 방지 자동보정] SHORT 1000SHIB/USDT:USDT exit=2026-07-28 06:12:27 미매칭수량=2192.00000000 orderID=31421063023 tradeID=None
[진입유실 방지 자동보정] SHORT 1000SHIB/USDT:USDT exit=2026-08-02 01:13:53 미매칭수량=1073.00000000 orderID=31502817166 tradeID=None
[진입유실 방지 자동보정] SHORT 1000SHIB/USDT:USDT exit=2026-08-02 02:01:20 미매칭수량=1074.00000000 orderID=31504220662 tradeID=None
[진입유실 방지 자동보정] SHORT 1000SHIB/USDT:USDT exit=2026-08-02 09:45:32 미매칭수량=2285.00000000 orderID=31510623049 tradeID=None
[진입유실 방지 자동보정] SHORT 1000SHIB/USDT:USDT exit=2026-08-02 10:35:19 미매칭수량=2280.00000000 orderID=31511192196 tradeID=None
[진입유실 방지 자동보정] LONG DOGE/USDT:USDT exit=2026-07-28 09:50:41 미매칭수량=163.00000000 orderID=100915175009 tradeID=None
[진입유실 방지 자동보정] SHORT DOGE/USDT:USDT exit=2026-07-28 20:36:48 미매칭수량=357.00000000 orderID=100925180835 tradeID=None
[진입유실 방지 자동보정] SHORT DOGE/USDT:USDT exit=2026-07-28 23:00:41 미매칭수량=286.00000000 orderID=100927596061 tradeID=None
[진입유실 방지 자동보정] SHORT DOGE/USDT:USDT exit=2026-07-30 20:51:14 미매칭수량=345.00000000 orderID=100976583122 tradeID=None
[진입유실 방지 자동보정] SHORT DOGE/USDT:USDT exit=2026-07-31 10:01:31 미매칭수량=334.00000000 orderID=100988356319 tradeID=None
[진입유실 방지 자동보정] SHORT DOGE/USDT:USDT exit=2026-08-01 18:02:18 미매칭수량=306.00000000 orderID=101015266902 tradeID=None
[진입유실 방지 자동보정] LONG DOGE/USDT:USDT exit=2026-08-02 11:07:47 미매칭수량=259.00000000 orderID=101028099752 tradeID=None
[진입유실 방지 자동보정] SHORT SOL/USDT:USDT exit=2026-07-29 22:32:08 미매칭수량=0.26000000 orderID=229957663104 tradeID=None
[진입유실 방지 자동보정] LONG SOL/USDT:USDT exit=2026-07-30 02:59:19 미매칭수량=0.33000000 orderID=229996023316 tradeID=None
[진입유실 방지 자동보정] LONG SOL/USDT:USDT exit=2026-07-30 03:32:08 미매칭수량=0.27000000 orderID=230002018782 tradeID=None
[진입유실 방지 자동보정] SHORT SOL/USDT:USDT exit=2026-07-30 20:09:26 미매칭수량=0.32000000 orderID=230154249399 tradeID=None
[진입유실 방지 자동보정] SHORT SOL/USDT:USDT exit=2026-07-30 20:37:48 미매칭수량=0.32000000 orderID=230157644550 tradeID=None
[진입유실 방지 자동보정] SHORT SOL/USDT:USDT exit=2026-08-01 10:32:26 미매칭수량=0.29000000 orderID=230440972735 tradeID=None
[진입유실 방지 자동보정] LONG SOL/USDT:USDT exit=2026-08-02 01:55:54 미매칭수량=0.25000000 orderID=230506472518 tradeID=None
[진입유실 방지 자동보정] LONG SOL/USDT:USDT exit=2026-08-02 03:24:55 미매칭수량=0.20000000 orderID=230517041657 tradeID=None
[진입유실 방지 자동보정] LONG XRP/USDT:USDT exit=2026-07-30 03:32:09 미매칭수량=14.70000000 orderID=154591436270 tradeID=None
[진입유실 방지 자동보정] LONG XRP/USDT:USDT exit=2026-07-30 08:06:13 미매칭수량=18.50000000 orderID=154605732461 tradeID=None
[진입유실 방지 자동보정] LONG XRP/USDT:USDT exit=2026-07-30 22:11:04 미매칭수량=17.50000000 orderID=154637963852 tradeID=None
[진입유실 방지 자동보정] SHORT XRP/USDT:USDT exit=2026-07-31 15:18:55 미매칭수량=28.50000000 orderID=154681353788 tradeID=None
[진입유실 방지 자동보정] LONG XRP/USDT:USDT exit=2026-08-02 07:48:27 미매칭수량=6.70000000 orderID=154765042288 tradeID=None
[진입유실 방지 자동보정] LONG XRP/USDT:USDT exit=2026-08-02 08:25:19 미매칭수량=6.70000000 orderID=154766072211 tradeID=None
[진입유실 방지 자동보정] LONG XRP/USDT:USDT exit=2026-08-02 11:07:15 미매칭수량=16.80000000 orderID=154770811661 tradeID=None
[진입유실 방지 자동보정] SHORT 1000PEPE/USDT:USDT exit=2026-08-02 02:31:36 미매칭수량=1968.00000000 orderID=61389681657 tradeID=None
[진입유실 방지 자동보정] SHORT 1000PEPE/USDT:USDT exit=2026-08-02 02:52:29 미매칭수량=1969.00000000 orderID=61390079427 tradeID=None
[진입유실 방지 자동보정] SHORT 1000PEPE/USDT:USDT exit=2026-08-02 09:25:39 미매칭수량=7585.00000000 orderID=61394822102 tradeID=None
[진입유실 방지 자동보정] SHORT IDOL/USDT:USDT exit=2026-08-02 10:17:17 미매칭수량=445.00000000 orderID=523897304 tradeID=None
[진입유실 방지 자동보정] LONG 1000SHIB/USDT:USDT exit=2026-07-27 04:30:21 미매칭수량=2189.00000000 orderID=31388901395 tradeID=None
[진입유실 방지 자동보정] SHORT 1000SHIB/USDT:USDT exit=2026-07-27 07:36:19 미매칭수량=1348.00000000 orderID=31393184616 tradeID=None
[진입유실 방지 자동보정] SHORT 1000SHIB/USDT:USDT exit=2026-07-27 11:51:02 미매칭수량=1844.00000000 orderID=31400541745 tradeID=None
[진입유실 방지 자동보정] SHORT 1000SHIB/USDT:USDT exit=2026-07-28 06:12:27 미매칭수량=2192.00000000 orderID=31421063023 tradeID=None
[진입유실 방지 자동보정] SHORT 1000SHIB/USDT:USDT exit=2026-08-02 01:13:53 미매칭수량=1073.00000000 orderID=31502817166 tradeID=None
[진입유실 방지 자동보정] SHORT 1000SHIB/USDT:USDT exit=2026-08-02 02:01:20 미매칭수량=1074.00000000 orderID=31504220662 tradeID=None
[진입유실 방지 자동보정] SHORT 1000SHIB/USDT:USDT exit=2026-08-02 09:45:32 미매칭수량=2285.00000000 orderID=31510623049 tradeID=None
[진입유실 방지 자동보정] SHORT 1000SHIB/USDT:USDT exit=2026-08-02 10:35:19 미매칭수량=2280.00000000 orderID=31511192196 tradeID=None
[진입유실 방지 자동보정] LONG DOGE/USDT:USDT exit=2026-07-28 09:50:41 미매칭수량=163.00000000 orderID=100915175009 tradeID=None
[진입유실 방지 자동보정] SHORT DOGE/USDT:USDT exit=2026-07-28 20:36:48 미매칭수량=357.00000000 orderID=100925180835 tradeID=None
[진입유실 방지 자동보정] SHORT DOGE/USDT:USDT exit=2026-07-28 23:00:41 미매칭수량=286.00000000 orderID=100927596061 tradeID=None
[진입유실 방지 자동보정] SHORT DOGE/USDT:USDT exit=2026-07-30 20:51:14 미매칭수량=345.00000000 orderID=100976583122 tradeID=None
[진입유실 방지 자동보정] SHORT DOGE/USDT:USDT exit=2026-07-31 10:01:31 미매칭수량=334.00000000 orderID=100988356319 tradeID=None
[진입유실 방지 자동보정] SHORT DOGE/USDT:USDT exit=2026-08-01 18:02:18 미매칭수량=306.00000000 orderID=101015266902 tradeID=None
[진입유실 방지 자동보정] LONG DOGE/USDT:USDT exit=2026-08-02 11:07:47 미매칭수량=259.00000000 orderID=101028099752 tradeID=None
[진입유실 방지 자동보정] SHORT SOL/USDT:USDT exit=2026-07-29 22:32:08 미매칭수량=0.26000000 orderID=229957663104 tradeID=None
[진입유실 방지 자동보정] LONG SOL/USDT:USDT exit=2026-07-30 02:59:19 미매칭수량=0.33000000 orderID=229996023316 tradeID=None
[진입유실 방지 자동보정] LONG SOL/USDT:USDT exit=2026-07-30 03:32:08 미매칭수량=0.27000000 orderID=230002018782 tradeID=None
[진입유실 방지 자동보정] SHORT SOL/USDT:USDT exit=2026-07-30 20:09:26 미매칭수량=0.32000000 orderID=230154249399 tradeID=None
[진입유실 방지 자동보정] SHORT SOL/USDT:USDT exit=2026-07-30 20:37:48 미매칭수량=0.32000000 orderID=230157644550 tradeID=None
[진입유실 방지 자동보정] SHORT SOL/USDT:USDT exit=2026-08-01 10:32:26 미매칭수량=0.29000000 orderID=230440972735 tradeID=None
[진입유실 방지 자동보정] LONG SOL/USDT:USDT exit=2026-08-02 01:55:54 미매칭수량=0.25000000 orderID=230506472518 tradeID=None
[진입유실 방지 자동보정] LONG SOL/USDT:USDT exit=2026-08-02 03:24:55 미매칭수량=0.20000000 orderID=230517041657 tradeID=None
[진입유실 방지 자동보정] LONG XRP/USDT:USDT exit=2026-07-30 03:32:09 미매칭수량=14.70000000 orderID=154591436270 tradeID=None
[진입유실 방지 자동보정] LONG XRP/USDT:USDT exit=2026-07-30 08:06:13 미매칭수량=18.50000000 orderID=154605732461 tradeID=None
[진입유실 방지 자동보정] LONG XRP/USDT:USDT exit=2026-07-30 22:11:04 미매칭수량=17.50000000 orderID=154637963852 tradeID=None
[진입유실 방지 자동보정] SHORT XRP/USDT:USDT exit=2026-07-31 15:18:55 미매칭수량=28.50000000 orderID=154681353788 tradeID=None
[진입유실 방지 자동보정] LONG XRP/USDT:USDT exit=2026-08-02 07:48:27 미매칭수량=6.70000000 orderID=154765042288 tradeID=None
[진입유실 방지 자동보정] LONG XRP/USDT:USDT exit=2026-08-02 08:25:19 미매칭수량=6.70000000 orderID=154766072211 tradeID=None
[진입유실 방지 자동보정] LONG XRP/USDT:USDT exit=2026-08-02 11:07:15 미매칭수량=16.80000000 orderID=154770811661 tradeID=None
[진입유실 방지 자동보정] SHORT 1000PEPE/USDT:USDT exit=2026-08-02 02:31:36 미매칭수량=1968.00000000 orderID=61389681657 tradeID=None
[진입유실 방지 자동보정] SHORT 1000PEPE/USDT:USDT exit=2026-08-02 02:52:29 미매칭수량=1969.00000000 orderID=61390079427 tradeID=None
[진입유실 방지 자동보정] SHORT 1000PEPE/USDT:USDT exit=2026-08-02 09:25:39 미매칭수량=7585.00000000 orderID=61394822102 tradeID=None
[진입유실 방지 자동보정] SHORT IDOL/USDT:USDT exit=2026-08-02 10:17:17 미매칭수량=445.00000000 orderID=523897304 tradeID=None
[진입유실 방지 자동보정] LONG 1000SHIB/USDT:USDT exit=2026-07-27 04:30:21 미매칭수량=2189.00000000 orderID=31388901395 tradeID=None
[진입유실 방지 자동보정] SHORT 1000SHIB/USDT:USDT exit=2026-07-27 07:36:19 미매칭수량=1348.00000000 orderID=31393184616 tradeID=None
[진입유실 방지 자동보정] SHORT 1000SHIB/USDT:USDT exit=2026-07-27 11:51:02 미매칭수량=1844.00000000 orderID=31400541745 tradeID=None
[진입유실 방지 자동보정] SHORT 1000SHIB/USDT:USDT exit=2026-07-28 06:12:27 미매칭수량=2192.00000000 orderID=31421063023 tradeID=None
[진입유실 방지 자동보정] SHORT 1000SHIB/USDT:USDT exit=2026-08-02 01:13:53 미매칭수량=1073.00000000 orderID=31502817166 tradeID=None
[진입유실 방지 자동보정] SHORT 1000SHIB/USDT:USDT exit=2026-08-02 02:01:20 미매칭수량=1074.00000000 orderID=31504220662 tradeID=None
[진입유실 방지 자동보정] SHORT 1000SHIB/USDT:USDT exit=2026-08-02 09:45:32 미매칭수량=2285.00000000 orderID=31510623049 tradeID=None
[진입유실 방지 자동보정] SHORT 1000SHIB/USDT:USDT exit=2026-08-02 10:35:19 미매칭수량=2280.00000000 orderID=31511192196 tradeID=None
[진입유실 방지 자동보정] LONG DOGE/USDT:USDT exit=2026-07-28 09:50:41 미매칭수량=163.00000000 orderID=100915175009 tradeID=None
[진입유실 방지 자동보정] SHORT DOGE/USDT:USDT exit=2026-07-28 20:36:48 미매칭수량=357.00000000 orderID=100925180835 tradeID=None
[진입유실 방지 자동보정] SHORT DOGE/USDT:USDT exit=2026-07-28 23:00:41 미매칭수량=286.00000000 orderID=100927596061 tradeID=None
[진입유실 방지 자동보정] SHORT DOGE/USDT:USDT exit=2026-07-30 20:51:14 미매칭수량=345.00000000 orderID=100976583122 tradeID=None
[진입유실 방지 자동보정] SHORT DOGE/USDT:USDT exit=2026-07-31 10:01:31 미매칭수량=334.00000000 orderID=100988356319 tradeID=None
[진입유실 방지 자동보정] SHORT DOGE/USDT:USDT exit=2026-08-01 18:02:18 미매칭수량=306.00000000 orderID=101015266902 tradeID=None
[진입유실 방지 자동보정] LONG DOGE/USDT:USDT exit=2026-08-02 11:07:47 미매칭수량=259.00000000 orderID=101028099752 tradeID=None
[진입유실 방지 자동보정] SHORT SOL/USDT:USDT exit=2026-07-29 22:32:08 미매칭수량=0.26000000 orderID=229957663104 tradeID=None
[진입유실 방지 자동보정] LONG SOL/USDT:USDT exit=2026-07-30 02:59:19 미매칭수량=0.33000000 orderID=229996023316 tradeID=None
[진입유실 방지 자동보정] LONG SOL/USDT:USDT exit=2026-07-30 03:32:08 미매칭수량=0.27000000 orderID=230002018782 tradeID=None
[진입유실 방지 자동보정] SHORT SOL/USDT:USDT exit=2026-07-30 20:09:26 미매칭수량=0.32000000 orderID=230154249399 tradeID=None
[진입유실 방지 자동보정] SHORT SOL/USDT:USDT exit=2026-07-30 20:37:48 미매칭수량=0.32000000 orderID=230157644550 tradeID=None
[진입유실 방지 자동보정] SHORT SOL/USDT:USDT exit=2026-08-01 10:32:26 미매칭수량=0.29000000 orderID=230440972735 tradeID=None
[진입유실 방지 자동보정] LONG SOL/USDT:USDT exit=2026-08-02 01:55:54 미매칭수량=0.25000000 orderID=230506472518 tradeID=None
[진입유실 방지 자동보정] LONG SOL/USDT:USDT exit=2026-08-02 03:24:55 미매칭수량=0.20000000 orderID=230517041657 tradeID=None
[진입유실 방지 자동보정] LONG XRP/USDT:USDT exit=2026-07-30 03:32:09 미매칭수량=14.70000000 orderID=154591436270 tradeID=None
[진입유실 방지 자동보정] LONG XRP/USDT:USDT exit=2026-07-30 08:06:13 미매칭수량=18.50000000 orderID=154605732461 tradeID=None
[진입유실 방지 자동보정] LONG XRP/USDT:USDT exit=2026-07-30 22:11:04 미매칭수량=17.50000000 orderID=154637963852 tradeID=None
[진입유실 방지 자동보정] SHORT XRP/USDT:USDT exit=2026-07-31 15:18:55 미매칭수량=28.50000000 orderID=154681353788 tradeID=None
[진입유실 방지 자동보정] LONG XRP/USDT:USDT exit=2026-08-02 07:48:27 미매칭수량=6.70000000 orderID=154765042288 tradeID=None
[진입유실 방지 자동보정] LONG XRP/USDT:USDT exit=2026-08-02 08:25:19 미매칭수량=6.70000000 orderID=154766072211 tradeID=None
[진입유실 방지 자동보정] LONG XRP/USDT:USDT exit=2026-08-02 11:07:15 미매칭수량=16.80000000 orderID=154770811661 tradeID=None
[진입유실 방지 자동보정] SHORT 1000PEPE/USDT:USDT exit=2026-08-02 02:31:36 미매칭수량=1968.00000000 orderID=61389681657 tradeID=None
[진입유실 방지 자동보정] SHORT 1000PEPE/USDT:USDT exit=2026-08-02 02:52:29 미매칭수량=1969.00000000 orderID=61390079427 tradeID=None
[진입유실 방지 자동보정] SHORT 1000PEPE/USDT:USDT exit=2026-08-02 09:25:39 미매칭수량=7585.00000000 orderID=61394822102 tradeID=None
[진입유실 방지 자동보정] SHORT IDOL/USDT:USDT exit=2026-08-02 10:17:17 미매칭수량=445.00000000 orderID=523897304 tradeID=None
[BNB/USDT:USDT] 래칫 위반 시도 차단 (Long): old=582.3457451707262 -> new=582.2497451707262
[진입유실 방지 자동보정] LONG 1000SHIB/USDT:USDT exit=2026-07-27 04:30:21 미매칭수량=2189.00000000 orderID=31388901395 tradeID=None
[진입유실 방지 자동보정] SHORT 1000SHIB/USDT:USDT exit=2026-07-27 07:36:19 미매칭수량=1348.00000000 orderID=31393184616 tradeID=None
[진입유실 방지 자동보정] SHORT 1000SHIB/USDT:USDT exit=2026-07-27 11:51:02 미매칭수량=1844.00000000 orderID=31400541745 tradeID=None
[진입유실 방지 자동보정] SHORT 1000SHIB/USDT:USDT exit=2026-07-28 06:12:27 미매칭수량=2192.00000000 orderID=31421063023 tradeID=None
[진입유실 방지 자동보정] SHORT 1000SHIB/USDT:USDT exit=2026-08-02 01:13:53 미매칭수량=1073.00000000 orderID=31502817166 tradeID=None
[진입유실 방지 자동보정] SHORT 1000SHIB/USDT:USDT exit=2026-08-02 02:01:20 미매칭수량=1074.00000000 orderID=31504220662 tradeID=None
[진입유실 방지 자동보정] SHORT 1000SHIB/USDT:USDT exit=2026-08-02 09:45:32 미매칭수량=2285.00000000 orderID=31510623049 tradeID=None
[진입유실 방지 자동보정] SHORT 1000SHIB/USDT:USDT exit=2026-08-02 10:35:19 미매칭수량=2280.00000000 orderID=31511192196 tradeID=None
[진입유실 방지 자동보정] LONG DOGE/USDT:USDT exit=2026-07-28 09:50:41 미매칭수량=163.00000000 orderID=100915175009 tradeID=None
[진입유실 방지 자동보정] SHORT DOGE/USDT:USDT exit=2026-07-28 20:36:48 미매칭수량=357.00000000 orderID=100925180835 tradeID=None
[진입유실 방지 자동보정] SHORT DOGE/USDT:USDT exit=2026-07-28 23:00:41 미매칭수량=286.00000000 orderID=100927596061 tradeID=None
[진입유실 방지 자동보정] SHORT DOGE/USDT:USDT exit=2026-07-30 20:51:14 미매칭수량=345.00000000 orderID=100976583122 tradeID=None
[진입유실 방지 자동보정] SHORT DOGE/USDT:USDT exit=2026-07-31 10:01:31 미매칭수량=334.00000000 orderID=100988356319 tradeID=None
[진입유실 방지 자동보정] SHORT DOGE/USDT:USDT exit=2026-08-01 18:02:18 미매칭수량=306.00000000 orderID=101015266902 tradeID=None
[진입유실 방지 자동보정] LONG DOGE/USDT:USDT exit=2026-08-02 11:07:47 미매칭수량=259.00000000 orderID=101028099752 tradeID=None
[진입유실 방지 자동보정] SHORT SOL/USDT:USDT exit=2026-07-29 22:32:08 미매칭수량=0.26000000 orderID=229957663104 tradeID=None
[진입유실 방지 자동보정] LONG SOL/USDT:USDT exit=2026-07-30 02:59:19 미매칭수량=0.33000000 orderID=229996023316 tradeID=None
[진입유실 방지 자동보정] LONG SOL/USDT:USDT exit=2026-07-30 03:32:08 미매칭수량=0.27000000 orderID=230002018782 tradeID=None
[진입유실 방지 자동보정] SHORT SOL/USDT:USDT exit=2026-07-30 20:09:26 미매칭수량=0.32000000 orderID=230154249399 tradeID=None
[진입유실 방지 자동보정] SHORT SOL/USDT:USDT exit=2026-07-30 20:37:48 미매칭수량=0.32000000 orderID=230157644550 tradeID=None
[진입유실 방지 자동보정] SHORT SOL/USDT:USDT exit=2026-08-01 10:32:26 미매칭수량=0.29000000 orderID=230440972735 tradeID=None
[진입유실 방지 자동보정] LONG SOL/USDT:USDT exit=2026-08-02 01:55:54 미매칭수량=0.25000000 orderID=230506472518 tradeID=None
[진입유실 방지 자동보정] LONG SOL/USDT:USDT exit=2026-08-02 03:24:55 미매칭수량=0.20000000 orderID=230517041657 tradeID=None
[진입유실 방지 자동보정] LONG XRP/USDT:USDT exit=2026-07-30 03:32:09 미매칭수량=14.70000000 orderID=154591436270 tradeID=None
[진입유실 방지 자동보정] LONG XRP/USDT:USDT exit=2026-07-30 08:06:13 미매칭수량=18.50000000 orderID=154605732461 tradeID=None
[진입유실 방지 자동보정] LONG XRP/USDT:USDT exit=2026-07-30 22:11:04 미매칭수량=17.50000000 orderID=154637963852 tradeID=None
[진입유실 방지 자동보정] SHORT XRP/USDT:USDT exit=2026-07-31 15:18:55 미매칭수량=28.50000000 orderID=154681353788 tradeID=None
[진입유실 방지 자동보정] LONG XRP/USDT:USDT exit=2026-08-02 07:48:27 미매칭수량=6.70000000 orderID=154765042288 tradeID=None
[진입유실 방지 자동보정] LONG XRP/USDT:USDT exit=2026-08-02 08:25:19 미매칭수량=6.70000000 orderID=154766072211 tradeID=None
[진입유실 방지 자동보정] LONG XRP/USDT:USDT exit=2026-08-02 11:07:15 미매칭수량=16.80000000 orderID=154770811661 tradeID=None
[진입유실 방지 자동보정] SHORT 1000PEPE/USDT:USDT exit=2026-08-02 02:31:36 미매칭수량=1968.00000000 orderID=61389681657 tradeID=None
[진입유실 방지 자동보정] SHORT 1000PEPE/USDT:USDT exit=2026-08-02 02:52:29 미매칭수량=1969.00000000 orderID=61390079427 tradeID=None
[진입유실 방지 자동보정] SHORT 1000PEPE/USDT:USDT exit=2026-08-02 09:25:39 미매칭수량=7585.00000000 orderID=61394822102 tradeID=None
[진입유실 방지 자동보정] SHORT IDOL/USDT:USDT exit=2026-08-02 10:17:17 미매칭수량=445.00000000 orderID=523897304 tradeID=None
[진입유실 방지 자동보정] LONG 1000SHIB/USDT:USDT exit=2026-07-27 04:30:21 미매칭수량=2189.00000000 orderID=31388901395 tradeID=None
[진입유실 방지 자동보정] SHORT 1000SHIB/USDT:USDT exit=2026-07-27 07:36:19 미매칭수량=1348.00000000 orderID=31393184616 tradeID=None
[진입유실 방지 자동보정] SHORT 1000SHIB/USDT:USDT exit=2026-07-27 11:51:02 미매칭수량=1844.00000000 orderID=31400541745 tradeID=None
[진입유실 방지 자동보정] SHORT 1000SHIB/USDT:USDT exit=2026-07-28 06:12:27 미매칭수량=2192.00000000 orderID=31421063023 tradeID=None
[진입유실 방지 자동보정] SHORT 1000SHIB/USDT:USDT exit=2026-08-02 01:13:53 미매칭수량=1073.00000000 orderID=31502817166 tradeID=None
[진입유실 방지 자동보정] SHORT 1000SHIB/USDT:USDT exit=2026-08-02 02:01:20 미매칭수량=1074.00000000 orderID=31504220662 tradeID=None
[진입유실 방지 자동보정] SHORT 1000SHIB/USDT:USDT exit=2026-08-02 09:45:32 미매칭수량=2285.00000000 orderID=31510623049 tradeID=None
[진입유실 방지 자동보정] SHORT 1000SHIB/USDT:USDT exit=2026-08-02 10:35:19 미매칭수량=2280.00000000 orderID=31511192196 tradeID=None
[진입유실 방지 자동보정] LONG DOGE/USDT:USDT exit=2026-07-28 09:50:41 미매칭수량=163.00000000 orderID=100915175009 tradeID=None
[진입유실 방지 자동보정] SHORT DOGE/USDT:USDT exit=2026-07-28 20:36:48 미매칭수량=357.00000000 orderID=100925180835 tradeID=None
[진입유실 방지 자동보정] SHORT DOGE/USDT:USDT exit=2026-07-28 23:00:41 미매칭수량=286.00000000 orderID=100927596061 tradeID=None
[진입유실 방지 자동보정] SHORT DOGE/USDT:USDT exit=2026-07-30 20:51:14 미매칭수량=345.00000000 orderID=100976583122 tradeID=None
[진입유실 방지 자동보정] SHORT DOGE/USDT:USDT exit=2026-07-31 10:01:31 미매칭수량=334.00000000 orderID=100988356319 tradeID=None
[진입유실 방지 자동보정] SHORT DOGE/USDT:USDT exit=2026-08-01 18:02:18 미매칭수량=306.00000000 orderID=101015266902 tradeID=None
[진입유실 방지 자동보정] LONG DOGE/USDT:USDT exit=2026-08-02 11:07:47 미매칭수량=259.00000000 orderID=101028099752 tradeID=None
[진입유실 방지 자동보정] SHORT SOL/USDT:USDT exit=2026-07-29 22:32:08 미매칭수량=0.26000000 orderID=229957663104 tradeID=None
[진입유실 방지 자동보정] LONG SOL/USDT:USDT exit=2026-07-30 02:59:19 미매칭수량=0.33000000 orderID=229996023316 tradeID=None
[진입유실 방지 자동보정] LONG SOL/USDT:USDT exit=2026-07-30 03:32:08 미매칭수량=0.27000000 orderID=230002018782 tradeID=None
[진입유실 방지 자동보정] SHORT SOL/USDT:USDT exit=2026-07-30 20:09:26 미매칭수량=0.32000000 orderID=230154249399 tradeID=None
[진입유실 방지 자동보정] SHORT SOL/USDT:USDT exit=2026-07-30 20:37:48 미매칭수량=0.32000000 orderID=230157644550 tradeID=None
[진입유실 방지 자동보정] SHORT SOL/USDT:USDT exit=2026-08-01 10:32:26 미매칭수량=0.29000000 orderID=230440972735 tradeID=None
[진입유실 방지 자동보정] LONG SOL/USDT:USDT exit=2026-08-02 01:55:54 미매칭수량=0.25000000 orderID=230506472518 tradeID=None
[진입유실 방지 자동보정] LONG SOL/USDT:USDT exit=2026-08-02 03:24:55 미매칭수량=0.20000000 orderID=230517041657 tradeID=None
[진입유실 방지 자동보정] LONG XRP/USDT:USDT exit=2026-07-30 03:32:09 미매칭수량=14.70000000 orderID=154591436270 tradeID=None
[진입유실 방지 자동보정] LONG XRP/USDT:USDT exit=2026-07-30 08:06:13 미매칭수량=18.50000000 orderID=154605732461 tradeID=None
[진입유실 방지 자동보정] LONG XRP/USDT:USDT exit=2026-07-30 22:11:04 미매칭수량=17.50000000 orderID=154637963852 tradeID=None
[진입유실 방지 자동보정] SHORT XRP/USDT:USDT exit=2026-07-31 15:18:55 미매칭수량=28.50000000 orderID=154681353788 tradeID=None
[진입유실 방지 자동보정] LONG XRP/USDT:USDT exit=2026-08-02 07:48:27 미매칭수량=6.70000000 orderID=154765042288 tradeID=None
[진입유실 방지 자동보정] LONG XRP/USDT:USDT exit=2026-08-02 08:25:19 미매칭수량=6.70000000 orderID=154766072211 tradeID=None
[진입유실 방지 자동보정] LONG XRP/USDT:USDT exit=2026-08-02 11:07:15 미매칭수량=16.80000000 orderID=154770811661 tradeID=None
[진입유실 방지 자동보정] SHORT 1000PEPE/USDT:USDT exit=2026-08-02 02:31:36 미매칭수량=1968.00000000 orderID=61389681657 tradeID=None
[진입유실 방지 자동보정] SHORT 1000PEPE/USDT:USDT exit=2026-08-02 02:52:29 미매칭수량=1969.00000000 orderID=61390079427 tradeID=None
[진입유실 방지 자동보정] SHORT 1000PEPE/USDT:USDT exit=2026-08-02 09:25:39 미매칭수량=7585.00000000 orderID=61394822102 tradeID=None
[진입유실 방지 자동보정] SHORT IDOL/USDT:USDT exit=2026-08-02 10:17:17 미매칭수량=445.00000000 orderID=523897304 tradeID=None
[진입유실 방지 자동보정] LONG 1000SHIB/USDT:USDT exit=2026-07-27 04:30:21 미매칭수량=2189.00000000 orderID=31388901395 tradeID=None
[진입유실 방지 자동보정] SHORT 1000SHIB/USDT:USDT exit=2026-07-27 07:36:19 미매칭수량=1348.00000000 orderID=31393184616 tradeID=None
[진입유실 방지 자동보정] SHORT 1000SHIB/USDT:USDT exit=2026-07-27 11:51:02 미매칭수량=1844.00000000 orderID=31400541745 tradeID=None
[진입유실 방지 자동보정] SHORT 1000SHIB/USDT:USDT exit=2026-07-28 06:12:27 미매칭수량=2192.00000000 orderID=31421063023 tradeID=None
[진입유실 방지 자동보정] SHORT 1000SHIB/USDT:USDT exit=2026-08-02 01:13:53 미매칭수량=1073.00000000 orderID=31502817166 tradeID=None
[진입유실 방지 자동보정] SHORT 1000SHIB/USDT:USDT exit=2026-08-02 02:01:20 미매칭수량=1074.00000000 orderID=31504220662 tradeID=None
[진입유실 방지 자동보정] SHORT 1000SHIB/USDT:USDT exit=2026-08-02 09:45:32 미매칭수량=2285.00000000 orderID=31510623049 tradeID=None
[진입유실 방지 자동보정] SHORT 1000SHIB/USDT:USDT exit=2026-08-02 10:35:19 미매칭수량=2280.00000000 orderID=31511192196 tradeID=None
[진입유실 방지 자동보정] LONG DOGE/USDT:USDT exit=2026-07-28 09:50:41 미매칭수량=163.00000000 orderID=100915175009 tradeID=None
[진입유실 방지 자동보정] SHORT DOGE/USDT:USDT exit=2026-07-28 20:36:48 미매칭수량=357.00000000 orderID=100925180835 tradeID=None
[진입유실 방지 자동보정] SHORT DOGE/USDT:USDT exit=2026-07-28 23:00:41 미매칭수량=286.00000000 orderID=100927596061 tradeID=None
[진입유실 방지 자동보정] SHORT DOGE/USDT:USDT exit=2026-07-30 20:51:14 미매칭수량=345.00000000 orderID=100976583122 tradeID=None
[진입유실 방지 자동보정] SHORT DOGE/USDT:USDT exit=2026-07-31 10:01:31 미매칭수량=334.00000000 orderID=100988356319 tradeID=None
[진입유실 방지 자동보정] SHORT DOGE/USDT:USDT exit=2026-08-01 18:02:18 미매칭수량=306.00000000 orderID=101015266902 tradeID=None
[진입유실 방지 자동보정] LONG DOGE/USDT:USDT exit=2026-08-02 11:07:47 미매칭수량=259.00000000 orderID=101028099752 tradeID=None
[진입유실 방지 자동보정] SHORT SOL/USDT:USDT exit=2026-07-29 22:32:08 미매칭수량=0.26000000 orderID=229957663104 tradeID=None
[진입유실 방지 자동보정] LONG SOL/USDT:USDT exit=2026-07-30 02:59:19 미매칭수량=0.33000000 orderID=229996023316 tradeID=None
[진입유실 방지 자동보정] LONG SOL/USDT:USDT exit=2026-07-30 03:32:08 미매칭수량=0.27000000 orderID=230002018782 tradeID=None
[진입유실 방지 자동보정] SHORT SOL/USDT:USDT exit=2026-07-30 20:09:26 미매칭수량=0.32000000 orderID=230154249399 tradeID=None
[진입유실 방지 자동보정] SHORT SOL/USDT:USDT exit=2026-07-30 20:37:48 미매칭수량=0.32000000 orderID=230157644550 tradeID=None
[진입유실 방지 자동보정] SHORT SOL/USDT:USDT exit=2026-08-01 10:32:26 미매칭수량=0.29000000 orderID=230440972735 tradeID=None
[진입유실 방지 자동보정] LONG SOL/USDT:USDT exit=2026-08-02 01:55:54 미매칭수량=0.25000000 orderID=230506472518 tradeID=None
[진입유실 방지 자동보정] LONG SOL/USDT:USDT exit=2026-08-02 03:24:55 미매칭수량=0.20000000 orderID=230517041657 tradeID=None
[진입유실 방지 자동보정] LONG XRP/USDT:USDT exit=2026-07-30 03:32:09 미매칭수량=14.70000000 orderID=154591436270 tradeID=None
[진입유실 방지 자동보정] LONG XRP/USDT:USDT exit=2026-07-30 08:06:13 미매칭수량=18.50000000 orderID=154605732461 tradeID=None
[진입유실 방지 자동보정] LONG XRP/USDT:USDT exit=2026-07-30 22:11:04 미매칭수량=17.50000000 orderID=154637963852 tradeID=None
[진입유실 방지 자동보정] SHORT XRP/USDT:USDT exit=2026-07-31 15:18:55 미매칭수량=28.50000000 orderID=154681353788 tradeID=None
[진입유실 방지 자동보정] LONG XRP/USDT:USDT exit=2026-08-02 07:48:27 미매칭수량=6.70000000 orderID=154765042288 tradeID=None
[진입유실 방지 자동보정] LONG XRP/USDT:USDT exit=2026-08-02 08:25:19 미매칭수량=6.70000000 orderID=154766072211 tradeID=None
[진입유실 방지 자동보정] LONG XRP/USDT:USDT exit=2026-08-02 11:07:15 미매칭수량=16.80000000 orderID=154770811661 tradeID=None
[진입유실 방지 자동보정] SHORT 1000PEPE/USDT:USDT exit=2026-08-02 02:31:36 미매칭수량=1968.00000000 orderID=61389681657 tradeID=None
[진입유실 방지 자동보정] SHORT 1000PEPE/USDT:USDT exit=2026-08-02 02:52:29 미매칭수량=1969.00000000 orderID=61390079427 tradeID=None
[진입유실 방지 자동보정] SHORT 1000PEPE/USDT:USDT exit=2026-08-02 09:25:39 미매칭수량=7585.00000000 orderID=61394822102 tradeID=None
[진입유실 방지 자동보정] SHORT IDOL/USDT:USDT exit=2026-08-02 10:17:17 미매칭수량=445.00000000 orderID=523897304 tradeID=None
[진입유실 방지 자동보정] LONG 1000SHIB/USDT:USDT exit=2026-07-27 04:30:21 미매칭수량=2189.00000000 orderID=31388901395 tradeID=None
[진입유실 방지 자동보정] SHORT 1000SHIB/USDT:USDT exit=2026-07-27 07:36:19 미매칭수량=1348.00000000 orderID=31393184616 tradeID=None
[진입유실 방지 자동보정] SHORT 1000SHIB/USDT:USDT exit=2026-07-27 11:51:02 미매칭수량=1844.00000000 orderID=31400541745 tradeID=None
[진입유실 방지 자동보정] SHORT 1000SHIB/USDT:USDT exit=2026-07-28 06:12:27 미매칭수량=2192.00000000 orderID=31421063023 tradeID=None
[진입유실 방지 자동보정] SHORT 1000SHIB/USDT:USDT exit=2026-08-02 01:13:53 미매칭수량=1073.00000000 orderID=31502817166 tradeID=None
[진입유실 방지 자동보정] SHORT 1000SHIB/USDT:USDT exit=2026-08-02 02:01:20 미매칭수량=1074.00000000 orderID=31504220662 tradeID=None
[진입유실 방지 자동보정] SHORT 1000SHIB/USDT:USDT exit=2026-08-02 09:45:32 미매칭수량=2285.00000000 orderID=31510623049 tradeID=None
[진입유실 방지 자동보정] SHORT 1000SHIB/USDT:USDT exit=2026-08-02 10:35:19 미매칭수량=2280.00000000 orderID=31511192196 tradeID=None
[진입유실 방지 자동보정] LONG DOGE/USDT:USDT exit=2026-07-28 09:50:41 미매칭수량=163.00000000 orderID=100915175009 tradeID=None
[진입유실 방지 자동보정] SHORT DOGE/USDT:USDT exit=2026-07-28 20:36:48 미매칭수량=357.00000000 orderID=100925180835 tradeID=None
[진입유실 방지 자동보정] SHORT DOGE/USDT:USDT exit=2026-07-28 23:00:41 미매칭수량=286.00000000 orderID=100927596061 tradeID=None
[진입유실 방지 자동보정] SHORT DOGE/USDT:USDT exit=2026-07-30 20:51:14 미매칭수량=345.00000000 orderID=100976583122 tradeID=None
[진입유실 방지 자동보정] SHORT DOGE/USDT:USDT exit=2026-07-31 10:01:31 미매칭수량=334.00000000 orderID=100988356319 tradeID=None
[진입유실 방지 자동보정] SHORT DOGE/USDT:USDT exit=2026-08-01 18:02:18 미매칭수량=306.00000000 orderID=101015266902 tradeID=None
[진입유실 방지 자동보정] LONG DOGE/USDT:USDT exit=2026-08-02 11:07:47 미매칭수량=259.00000000 orderID=101028099752 tradeID=None
[진입유실 방지 자동보정] SHORT SOL/USDT:USDT exit=2026-07-29 22:32:08 미매칭수량=0.26000000 orderID=229957663104 tradeID=None
[진입유실 방지 자동보정] LONG SOL/USDT:USDT exit=2026-07-30 02:59:19 미매칭수량=0.33000000 orderID=229996023316 tradeID=None
[진입유실 방지 자동보정] LONG SOL/USDT:USDT exit=2026-07-30 03:32:08 미매칭수량=0.27000000 orderID=230002018782 tradeID=None
[진입유실 방지 자동보정] SHORT SOL/USDT:USDT exit=2026-07-30 20:09:26 미매칭수량=0.32000000 orderID=230154249399 tradeID=None
[진입유실 방지 자동보정] SHORT SOL/USDT:USDT exit=2026-07-30 20:37:48 미매칭수량=0.32000000 orderID=230157644550 tradeID=None
[진입유실 방지 자동보정] SHORT SOL/USDT:USDT exit=2026-08-01 10:32:26 미매칭수량=0.29000000 orderID=230440972735 tradeID=None
[진입유실 방지 자동보정] LONG SOL/USDT:USDT exit=2026-08-02 01:55:54 미매칭수량=0.25000000 orderID=230506472518 tradeID=None
[진입유실 방지 자동보정] LONG SOL/USDT:USDT exit=2026-08-02 03:24:55 미매칭수량=0.20000000 orderID=230517041657 tradeID=None
[진입유실 방지 자동보정] LONG XRP/USDT:USDT exit=2026-07-30 03:32:09 미매칭수량=14.70000000 orderID=154591436270 tradeID=None
[진입유실 방지 자동보정] LONG XRP/USDT:USDT exit=2026-07-30 08:06:13 미매칭수량=18.50000000 orderID=154605732461 tradeID=None
[진입유실 방지 자동보정] LONG XRP/USDT:USDT exit=2026-07-30 22:11:04 미매칭수량=17.50000000 orderID=154637963852 tradeID=None
[진입유실 방지 자동보정] SHORT XRP/USDT:USDT exit=2026-07-31 15:18:55 미매칭수량=28.50000000 orderID=154681353788 tradeID=None
[진입유실 방지 자동보정] LONG XRP/USDT:USDT exit=2026-08-02 07:48:27 미매칭수량=6.70000000 orderID=154765042288 tradeID=None
[진입유실 방지 자동보정] LONG XRP/USDT:USDT exit=2026-08-02 08:25:19 미매칭수량=6.70000000 orderID=154766072211 tradeID=None
[진입유실 방지 자동보정] LONG XRP/USDT:USDT exit=2026-08-02 11:07:15 미매칭수량=16.80000000 orderID=154770811661 tradeID=None
[진입유실 방지 자동보정] SHORT 1000PEPE/USDT:USDT exit=2026-08-02 02:31:36 미매칭수량=1968.00000000 orderID=61389681657 tradeID=None
[진입유실 방지 자동보정] SHORT 1000PEPE/USDT:USDT exit=2026-08-02 02:52:29 미매칭수량=1969.00000000 orderID=61390079427 tradeID=None
[진입유실 방지 자동보정] SHORT 1000PEPE/USDT:USDT exit=2026-08-02 09:25:39 미매칭수량=7585.00000000 orderID=61394822102 tradeID=None
[진입유실 방지 자동보정] SHORT IDOL/USDT:USDT exit=2026-08-02 10:17:17 미매칭수량=445.00000000 orderID=523897304 tradeID=None
[BNB/USDT:USDT] 래칫 위반 시도 차단 (Long): old=582.3457451707262 -> new=582.2497451707262
[HOME/USDT:USDT] 래칫 위반 시도 차단 (Long): old=0.007813809830770582 -> new=0.007753809830770583
[진입유실 방지 자동보정] LONG 1000SHIB/USDT:USDT exit=2026-07-27 04:30:21 미매칭수량=2189.00000000 orderID=31388901395 tradeID=None
[진입유실 방지 자동보정] SHORT 1000SHIB/USDT:USDT exit=2026-07-27 07:36:19 미매칭수량=1348.00000000 orderID=31393184616 tradeID=None
[진입유실 방지 자동보정] SHORT 1000SHIB/USDT:USDT exit=2026-07-27 11:51:02 미매칭수량=1844.00000000 orderID=31400541745 tradeID=None
[진입유실 방지 자동보정] SHORT 1000SHIB/USDT:USDT exit=2026-07-28 06:12:27 미매칭수량=2192.00000000 orderID=31421063023 tradeID=None
[진입유실 방지 자동보정] SHORT 1000SHIB/USDT:USDT exit=2026-08-02 01:13:53 미매칭수량=1073.00000000 orderID=31502817166 tradeID=None
[진입유실 방지 자동보정] SHORT 1000SHIB/USDT:USDT exit=2026-08-02 02:01:20 미매칭수량=1074.00000000 orderID=31504220662 tradeID=None
[진입유실 방지 자동보정] SHORT 1000SHIB/USDT:USDT exit=2026-08-02 09:45:32 미매칭수량=2285.00000000 orderID=31510623049 tradeID=None
[진입유실 방지 자동보정] SHORT 1000SHIB/USDT:USDT exit=2026-08-02 10:35:19 미매칭수량=2280.00000000 orderID=31511192196 tradeID=None
[진입유실 방지 자동보정] LONG DOGE/USDT:USDT exit=2026-07-28 09:50:41 미매칭수량=163.00000000 orderID=100915175009 tradeID=None
[진입유실 방지 자동보정] SHORT DOGE/USDT:USDT exit=2026-07-28 20:36:48 미매칭수량=357.00000000 orderID=100925180835 tradeID=None
[진입유실 방지 자동보정] SHORT DOGE/USDT:USDT exit=2026-07-28 23:00:41 미매칭수량=286.00000000 orderID=100927596061 tradeID=None
[진입유실 방지 자동보정] SHORT DOGE/USDT:USDT exit=2026-07-30 20:51:14 미매칭수량=345.00000000 orderID=100976583122 tradeID=None
[진입유실 방지 자동보정] SHORT DOGE/USDT:USDT exit=2026-07-31 10:01:31 미매칭수량=334.00000000 orderID=100988356319 tradeID=None
[진입유실 방지 자동보정] SHORT DOGE/USDT:USDT exit=2026-08-01 18:02:18 미매칭수량=306.00000000 orderID=101015266902 tradeID=None
[진입유실 방지 자동보정] LONG DOGE/USDT:USDT exit=2026-08-02 11:07:47 미매칭수량=259.00000000 orderID=101028099752 tradeID=None
[진입유실 방지 자동보정] SHORT SOL/USDT:USDT exit=2026-07-29 22:32:08 미매칭수량=0.26000000 orderID=229957663104 tradeID=None
[진입유실 방지 자동보정] LONG SOL/USDT:USDT exit=2026-07-30 02:59:19 미매칭수량=0.33000000 orderID=229996023316 tradeID=None
[진입유실 방지 자동보정] LONG SOL/USDT:USDT exit=2026-07-30 03:32:08 미매칭수량=0.27000000 orderID=230002018782 tradeID=None
[진입유실 방지 자동보정] SHORT SOL/USDT:USDT exit=2026-07-30 20:09:26 미매칭수량=0.32000000 orderID=230154249399 tradeID=None
[진입유실 방지 자동보정] SHORT SOL/USDT:USDT exit=2026-07-30 20:37:48 미매칭수량=0.32000000 orderID=230157644550 tradeID=None
[진입유실 방지 자동보정] SHORT SOL/USDT:USDT exit=2026-08-01 10:32:26 미매칭수량=0.29000000 orderID=230440972735 tradeID=None
[진입유실 방지 자동보정] LONG SOL/USDT:USDT exit=2026-08-02 01:55:54 미매칭수량=0.25000000 orderID=230506472518 tradeID=None
[진입유실 방지 자동보정] LONG SOL/USDT:USDT exit=2026-08-02 03:24:55 미매칭수량=0.20000000 orderID=230517041657 tradeID=None
[진입유실 방지 자동보정] LONG XRP/USDT:USDT exit=2026-07-30 03:32:09 미매칭수량=14.70000000 orderID=154591436270 tradeID=None
[진입유실 방지 자동보정] LONG XRP/USDT:USDT exit=2026-07-30 08:06:13 미매칭수량=18.50000000 orderID=154605732461 tradeID=None
[진입유실 방지 자동보정] LONG XRP/USDT:USDT exit=2026-07-30 22:11:04 미매칭수량=17.50000000 orderID=154637963852 tradeID=None
[진입유실 방지 자동보정] SHORT XRP/USDT:USDT exit=2026-07-31 15:18:55 미매칭수량=28.50000000 orderID=154681353788 tradeID=None
[진입유실 방지 자동보정] LONG XRP/USDT:USDT exit=2026-08-02 07:48:27 미매칭수량=6.70000000 orderID=154765042288 tradeID=None
[진입유실 방지 자동보정] LONG XRP/USDT:USDT exit=2026-08-02 08:25:19 미매칭수량=6.70000000 orderID=154766072211 tradeID=None
[진입유실 방지 자동보정] LONG XRP/USDT:USDT exit=2026-08-02 11:07:15 미매칭수량=16.80000000 orderID=154770811661 tradeID=None
[진입유실 방지 자동보정] SHORT 1000PEPE/USDT:USDT exit=2026-08-02 02:31:36 미매칭수량=1968.00000000 orderID=61389681657 tradeID=None
[진입유실 방지 자동보정] SHORT 1000PEPE/USDT:USDT exit=2026-08-02 02:52:29 미매칭수량=1969.00000000 orderID=61390079427 tradeID=None
[진입유실 방지 자동보정] SHORT 1000PEPE/USDT:USDT exit=2026-08-02 09:25:39 미매칭수량=7585.00000000 orderID=61394822102 tradeID=None
[진입유실 방지 자동보정] SHORT IDOL/USDT:USDT exit=2026-08-02 10:17:17 미매칭수량=445.00000000 orderID=523897304 tradeID=None
[진입유실 방지 자동보정] LONG 1000SHIB/USDT:USDT exit=2026-07-27 04:30:21 미매칭수량=2189.00000000 orderID=31388901395 tradeID=None
[진입유실 방지 자동보정] SHORT 1000SHIB/USDT:USDT exit=2026-07-27 07:36:19 미매칭수량=1348.00000000 orderID=31393184616 tradeID=None
[진입유실 방지 자동보정] SHORT 1000SHIB/USDT:USDT exit=2026-07-27 11:51:02 미매칭수량=1844.00000000 orderID=31400541745 tradeID=None
[진입유실 방지 자동보정] SHORT 1000SHIB/USDT:USDT exit=2026-07-28 06:12:27 미매칭수량=2192.00000000 orderID=31421063023 tradeID=None
[진입유실 방지 자동보정] SHORT 1000SHIB/USDT:USDT exit=2026-08-02 01:13:53 미매칭수량=1073.00000000 orderID=31502817166 tradeID=None
[진입유실 방지 자동보정] SHORT 1000SHIB/USDT:USDT exit=2026-08-02 02:01:20 미매칭수량=1074.00000000 orderID=31504220662 tradeID=None
[진입유실 방지 자동보정] SHORT 1000SHIB/USDT:USDT exit=2026-08-02 09:45:32 미매칭수량=2285.00000000 orderID=31510623049 tradeID=None
[진입유실 방지 자동보정] SHORT 1000SHIB/USDT:USDT exit=2026-08-02 10:35:19 미매칭수량=2280.00000000 orderID=31511192196 tradeID=None
[진입유실 방지 자동보정] LONG DOGE/USDT:USDT exit=2026-07-28 09:50:41 미매칭수량=163.00000000 orderID=100915175009 tradeID=None
[진입유실 방지 자동보정] SHORT DOGE/USDT:USDT exit=2026-07-28 20:36:48 미매칭수량=357.00000000 orderID=100925180835 tradeID=None
[진입유실 방지 자동보정] SHORT DOGE/USDT:USDT exit=2026-07-28 23:00:41 미매칭수량=286.00000000 orderID=100927596061 tradeID=None
[진입유실 방지 자동보정] SHORT DOGE/USDT:USDT exit=2026-07-30 20:51:14 미매칭수량=345.00000000 orderID=100976583122 tradeID=None
[진입유실 방지 자동보정] SHORT DOGE/USDT:USDT exit=2026-07-31 10:01:31 미매칭수량=334.00000000 orderID=100988356319 tradeID=None
[진입유실 방지 자동보정] SHORT DOGE/USDT:USDT exit=2026-08-01 18:02:18 미매칭수량=306.00000000 orderID=101015266902 tradeID=None
[진입유실 방지 자동보정] LONG DOGE/USDT:USDT exit=2026-08-02 11:07:47 미매칭수량=259.00000000 orderID=101028099752 tradeID=None
[진입유실 방지 자동보정] SHORT SOL/USDT:USDT exit=2026-07-29 22:32:08 미매칭수량=0.26000000 orderID=229957663104 tradeID=None
[진입유실 방지 자동보정] LONG SOL/USDT:USDT exit=2026-07-30 02:59:19 미매칭수량=0.33000000 orderID=229996023316 tradeID=None
[진입유실 방지 자동보정] LONG SOL/USDT:USDT exit=2026-07-30 03:32:08 미매칭수량=0.27000000 orderID=230002018782 tradeID=None
[진입유실 방지 자동보정] SHORT SOL/USDT:USDT exit=2026-07-30 20:09:26 미매칭수량=0.32000000 orderID=230154249399 tradeID=None
[진입유실 방지 자동보정] SHORT SOL/USDT:USDT exit=2026-07-30 20:37:48 미매칭수량=0.32000000 orderID=230157644550 tradeID=None
[진입유실 방지 자동보정] SHORT SOL/USDT:USDT exit=2026-08-01 10:32:26 미매칭수량=0.29000000 orderID=230440972735 tradeID=None
[진입유실 방지 자동보정] LONG SOL/USDT:USDT exit=2026-08-02 01:55:54 미매칭수량=0.25000000 orderID=230506472518 tradeID=None
[진입유실 방지 자동보정] LONG SOL/USDT:USDT exit=2026-08-02 03:24:55 미매칭수량=0.20000000 orderID=230517041657 tradeID=None
[진입유실 방지 자동보정] LONG XRP/USDT:USDT exit=2026-07-30 03:32:09 미매칭수량=14.70000000 orderID=154591436270 tradeID=None
[진입유실 방지 자동보정] LONG XRP/USDT:USDT exit=2026-07-30 08:06:13 미매칭수량=18.50000000 orderID=154605732461 tradeID=None
[진입유실 방지 자동보정] LONG XRP/USDT:USDT exit=2026-07-30 22:11:04 미매칭수량=17.50000000 orderID=154637963852 tradeID=None
[진입유실 방지 자동보정] SHORT XRP/USDT:USDT exit=2026-07-31 15:18:55 미매칭수량=28.50000000 orderID=154681353788 tradeID=None
[진입유실 방지 자동보정] LONG XRP/USDT:USDT exit=2026-08-02 07:48:27 미매칭수량=6.70000000 orderID=154765042288 tradeID=None
[진입유실 방지 자동보정] LONG XRP/USDT:USDT exit=2026-08-02 08:25:19 미매칭수량=6.70000000 orderID=154766072211 tradeID=None
[진입유실 방지 자동보정] LONG XRP/USDT:USDT exit=2026-08-02 11:07:15 미매칭수량=16.80000000 orderID=154770811661 tradeID=None
[진입유실 방지 자동보정] SHORT 1000PEPE/USDT:USDT exit=2026-08-02 02:31:36 미매칭수량=1968.00000000 orderID=61389681657 tradeID=None
[진입유실 방지 자동보정] SHORT 1000PEPE/USDT:USDT exit=2026-08-02 02:52:29 미매칭수량=1969.00000000 orderID=61390079427 tradeID=None
[진입유실 방지 자동보정] SHORT 1000PEPE/USDT:USDT exit=2026-08-02 09:25:39 미매칭수량=7585.00000000 orderID=61394822102 tradeID=None
[진입유실 방지 자동보정] SHORT IDOL/USDT:USDT exit=2026-08-02 10:17:17 미매칭수량=445.00000000 orderID=523897304 tradeID=None
[BNB/USDT:USDT] 래칫 위반 시도 차단 (Long): old=582.3457451707262 -> new=582.2497451707262
[HOME/USDT:USDT] 래칫 위반 시도 차단 (Long): old=0.007813809830770582 -> new=0.007755079830770582
[BNB/USDT:USDT] 래칫 위반 시도 차단 (Long): old=582.3457451707262 -> new=582.3068840507262
[HOME/USDT:USDT] 래칫 위반 시도 차단 (Long): old=0.007813809830770582 -> new=0.007755079830770582
[진입유실 방지 자동보정] LONG 1000SHIB/USDT:USDT exit=2026-07-27 04:30:21 미매칭수량=2189.00000000 orderID=31388901395 tradeID=None
[진입유실 방지 자동보정] SHORT 1000SHIB/USDT:USDT exit=2026-07-27 07:36:19 미매칭수량=1348.00000000 orderID=31393184616 tradeID=None
[진입유실 방지 자동보정] SHORT 1000SHIB/USDT:USDT exit=2026-07-27 11:51:02 미매칭수량=1844.00000000 orderID=31400541745 tradeID=None
[진입유실 방지 자동보정] SHORT 1000SHIB/USDT:USDT exit=2026-07-28 06:12:27 미매칭수량=2192.00000000 orderID=31421063023 tradeID=None
[진입유실 방지 자동보정] SHORT 1000SHIB/USDT:USDT exit=2026-08-02 01:13:53 미매칭수량=1073.00000000 orderID=31502817166 tradeID=None
[진입유실 방지 자동보정] SHORT 1000SHIB/USDT:USDT exit=2026-08-02 02:01:20 미매칭수량=1074.00000000 orderID=31504220662 tradeID=None
[진입유실 방지 자동보정] SHORT 1000SHIB/USDT:USDT exit=2026-08-02 09:45:32 미매칭수량=2285.00000000 orderID=31510623049 tradeID=None
[진입유실 방지 자동보정] SHORT 1000SHIB/USDT:USDT exit=2026-08-02 10:35:19 미매칭수량=2280.00000000 orderID=31511192196 tradeID=None
[진입유실 방지 자동보정] LONG DOGE/USDT:USDT exit=2026-07-28 09:50:41 미매칭수량=163.00000000 orderID=100915175009 tradeID=None
[진입유실 방지 자동보정] SHORT DOGE/USDT:USDT exit=2026-07-28 20:36:48 미매칭수량=357.00000000 orderID=100925180835 tradeID=None
[진입유실 방지 자동보정] SHORT DOGE/USDT:USDT exit=2026-07-28 23:00:41 미매칭수량=286.00000000 orderID=100927596061 tradeID=None
[진입유실 방지 자동보정] SHORT DOGE/USDT:USDT exit=2026-07-30 20:51:14 미매칭수량=345.00000000 orderID=100976583122 tradeID=None
[진입유실 방지 자동보정] SHORT DOGE/USDT:USDT exit=2026-07-31 10:01:31 미매칭수량=334.00000000 orderID=100988356319 tradeID=None
[진입유실 방지 자동보정] SHORT DOGE/USDT:USDT exit=2026-08-01 18:02:18 미매칭수량=306.00000000 orderID=101015266902 tradeID=None
[진입유실 방지 자동보정] LONG DOGE/USDT:USDT exit=2026-08-02 11:07:47 미매칭수량=259.00000000 orderID=101028099752 tradeID=None
[진입유실 방지 자동보정] SHORT SOL/USDT:USDT exit=2026-07-29 22:32:08 미매칭수량=0.26000000 orderID=229957663104 tradeID=None
[진입유실 방지 자동보정] LONG SOL/USDT:USDT exit=2026-07-30 02:59:19 미매칭수량=0.33000000 orderID=229996023316 tradeID=None
[진입유실 방지 자동보정] LONG SOL/USDT:USDT exit=2026-07-30 03:32:08 미매칭수량=0.27000000 orderID=230002018782 tradeID=None
[진입유실 방지 자동보정] SHORT SOL/USDT:USDT exit=2026-07-30 20:09:26 미매칭수량=0.32000000 orderID=230154249399 tradeID=None
[진입유실 방지 자동보정] SHORT SOL/USDT:USDT exit=2026-07-30 20:37:48 미매칭수량=0.32000000 orderID=230157644550 tradeID=None
[진입유실 방지 자동보정] SHORT SOL/USDT:USDT exit=2026-08-01 10:32:26 미매칭수량=0.29000000 orderID=230440972735 tradeID=None
[진입유실 방지 자동보정] LONG SOL/USDT:USDT exit=2026-08-02 01:55:54 미매칭수량=0.25000000 orderID=230506472518 tradeID=None
[진입유실 방지 자동보정] LONG SOL/USDT:USDT exit=2026-08-02 03:24:55 미매칭수량=0.20000000 orderID=230517041657 tradeID=None
[진입유실 방지 자동보정] LONG XRP/USDT:USDT exit=2026-07-30 03:32:09 미매칭수량=14.70000000 orderID=154591436270 tradeID=None
[진입유실 방지 자동보정] LONG XRP/USDT:USDT exit=2026-07-30 08:06:13 미매칭수량=18.50000000 orderID=154605732461 tradeID=None
[진입유실 방지 자동보정] LONG XRP/USDT:USDT exit=2026-07-30 22:11:04 미매칭수량=17.50000000 orderID=154637963852 tradeID=None
[진입유실 방지 자동보정] SHORT XRP/USDT:USDT exit=2026-07-31 15:18:55 미매칭수량=28.50000000 orderID=154681353788 tradeID=None
[진입유실 방지 자동보정] LONG XRP/USDT:USDT exit=2026-08-02 07:48:27 미매칭수량=6.70000000 orderID=154765042288 tradeID=None
[진입유실 방지 자동보정] LONG XRP/USDT:USDT exit=2026-08-02 08:25:19 미매칭수량=6.70000000 orderID=154766072211 tradeID=None
[진입유실 방지 자동보정] LONG XRP/USDT:USDT exit=2026-08-02 11:07:15 미매칭수량=16.80000000 orderID=154770811661 tradeID=None
[진입유실 방지 자동보정] SHORT 1000PEPE/USDT:USDT exit=2026-08-02 02:31:36 미매칭수량=1968.00000000 orderID=61389681657 tradeID=None
[진입유실 방지 자동보정] SHORT 1000PEPE/USDT:USDT exit=2026-08-02 02:52:29 미매칭수량=1969.00000000 orderID=61390079427 tradeID=None
[진입유실 방지 자동보정] SHORT 1000PEPE/USDT:USDT exit=2026-08-02 09:25:39 미매칭수량=7585.00000000 orderID=61394822102 tradeID=None
[진입유실 방지 자동보정] SHORT IDOL/USDT:USDT exit=2026-08-02 10:17:17 미매칭수량=445.00000000 orderID=523897304 tradeID=None
[진입유실 방지 자동보정] LONG 1000SHIB/USDT:USDT exit=2026-07-27 04:30:21 미매칭수량=2189.00000000 orderID=31388901395 tradeID=None
[진입유실 방지 자동보정] SHORT 1000SHIB/USDT:USDT exit=2026-07-27 07:36:19 미매칭수량=1348.00000000 orderID=31393184616 tradeID=None
[진입유실 방지 자동보정] SHORT 1000SHIB/USDT:USDT exit=2026-07-27 11:51:02 미매칭수량=1844.00000000 orderID=31400541745 tradeID=None
[진입유실 방지 자동보정] SHORT 1000SHIB/USDT:USDT exit=2026-07-28 06:12:27 미매칭수량=2192.00000000 orderID=31421063023 tradeID=None
[진입유실 방지 자동보정] SHORT 1000SHIB/USDT:USDT exit=2026-08-02 01:13:53 미매칭수량=1073.00000000 orderID=31502817166 tradeID=None
[진입유실 방지 자동보정] SHORT 1000SHIB/USDT:USDT exit=2026-08-02 02:01:20 미매칭수량=1074.00000000 orderID=31504220662 tradeID=None
[진입유실 방지 자동보정] SHORT 1000SHIB/USDT:USDT exit=2026-08-02 09:45:32 미매칭수량=2285.00000000 orderID=31510623049 tradeID=None
[진입유실 방지 자동보정] SHORT 1000SHIB/USDT:USDT exit=2026-08-02 10:35:19 미매칭수량=2280.00000000 orderID=31511192196 tradeID=None
[진입유실 방지 자동보정] LONG DOGE/USDT:USDT exit=2026-07-28 09:50:41 미매칭수량=163.00000000 orderID=100915175009 tradeID=None
[진입유실 방지 자동보정] SHORT DOGE/USDT:USDT exit=2026-07-28 20:36:48 미매칭수량=357.00000000 orderID=100925180835 tradeID=None
[진입유실 방지 자동보정] SHORT DOGE/USDT:USDT exit=2026-07-28 23:00:41 미매칭수량=286.00000000 orderID=100927596061 tradeID=None
[진입유실 방지 자동보정] SHORT DOGE/USDT:USDT exit=2026-07-30 20:51:14 미매칭수량=345.00000000 orderID=100976583122 tradeID=None
[진입유실 방지 자동보정] SHORT DOGE/USDT:USDT exit=2026-07-31 10:01:31 미매칭수량=334.00000000 orderID=100988356319 tradeID=None
[진입유실 방지 자동보정] SHORT DOGE/USDT:USDT exit=2026-08-01 18:02:18 미매칭수량=306.00000000 orderID=101015266902 tradeID=None
[진입유실 방지 자동보정] LONG DOGE/USDT:USDT exit=2026-08-02 11:07:47 미매칭수량=259.00000000 orderID=101028099752 tradeID=None
[진입유실 방지 자동보정] SHORT SOL/USDT:USDT exit=2026-07-29 22:32:08 미매칭수량=0.26000000 orderID=229957663104 tradeID=None
[진입유실 방지 자동보정] LONG SOL/USDT:USDT exit=2026-07-30 02:59:19 미매칭수량=0.33000000 orderID=229996023316 tradeID=None
[진입유실 방지 자동보정] LONG SOL/USDT:USDT exit=2026-07-30 03:32:08 미매칭수량=0.27000000 orderID=230002018782 tradeID=None
[진입유실 방지 자동보정] SHORT SOL/USDT:USDT exit=2026-07-30 20:09:26 미매칭수량=0.32000000 orderID=230154249399 tradeID=None
[진입유실 방지 자동보정] SHORT SOL/USDT:USDT exit=2026-07-30 20:37:48 미매칭수량=0.32000000 orderID=230157644550 tradeID=None
[진입유실 방지 자동보정] SHORT SOL/USDT:USDT exit=2026-08-01 10:32:26 미매칭수량=0.29000000 orderID=230440972735 tradeID=None
[진입유실 방지 자동보정] LONG SOL/USDT:USDT exit=2026-08-02 01:55:54 미매칭수량=0.25000000 orderID=230506472518 tradeID=None
[진입유실 방지 자동보정] LONG SOL/USDT:USDT exit=2026-08-02 03:24:55 미매칭수량=0.20000000 orderID=230517041657 tradeID=None
[진입유실 방지 자동보정] LONG XRP/USDT:USDT exit=2026-07-30 03:32:09 미매칭수량=14.70000000 orderID=154591436270 tradeID=None
[진입유실 방지 자동보정] LONG XRP/USDT:USDT exit=2026-07-30 08:06:13 미매칭수량=18.50000000 orderID=154605732461 tradeID=None
[진입유실 방지 자동보정] LONG XRP/USDT:USDT exit=2026-07-30 22:11:04 미매칭수량=17.50000000 orderID=154637963852 tradeID=None
[진입유실 방지 자동보정] SHORT XRP/USDT:USDT exit=2026-07-31 15:18:55 미매칭수량=28.50000000 orderID=154681353788 tradeID=None
[진입유실 방지 자동보정] LONG XRP/USDT:USDT exit=2026-08-02 07:48:27 미매칭수량=6.70000000 orderID=154765042288 tradeID=None
[진입유실 방지 자동보정] LONG XRP/USDT:USDT exit=2026-08-02 08:25:19 미매칭수량=6.70000000 orderID=154766072211 tradeID=None
[진입유실 방지 자동보정] LONG XRP/USDT:USDT exit=2026-08-02 11:07:15 미매칭수량=16.80000000 orderID=154770811661 tradeID=None
[진입유실 방지 자동보정] SHORT 1000PEPE/USDT:USDT exit=2026-08-02 02:31:36 미매칭수량=1968.00000000 orderID=61389681657 tradeID=None
[진입유실 방지 자동보정] SHORT 1000PEPE/USDT:USDT exit=2026-08-02 02:52:29 미매칭수량=1969.00000000 orderID=61390079427 tradeID=None
[진입유실 방지 자동보정] SHORT 1000PEPE/USDT:USDT exit=2026-08-02 09:25:39 미매칭수량=7585.00000000 orderID=61394822102 tradeID=None
[진입유실 방지 자동보정] SHORT IDOL/USDT:USDT exit=2026-08-02 10:17:17 미매칭수량=445.00000000 orderID=523897304 tradeID=None
[HOME/USDT:USDT] 래칫 위반 시도 차단 (Long): old=0.007813809830770582 -> new=0.007813033226916668
[HOME/USDT:USDT] 래칫 위반 시도 차단 (Long): old=0.007813809830770582 -> new=0.007813033226916668
[진입유실 방지 자동보정] LONG 1000SHIB/USDT:USDT exit=2026-07-27 04:30:21 미매칭수량=2189.00000000 orderID=31388901395 tradeID=None
[진입유실 방지 자동보정] SHORT 1000SHIB/USDT:USDT exit=2026-07-27 07:36:19 미매칭수량=1348.00000000 orderID=31393184616 tradeID=None
[진입유실 방지 자동보정] SHORT 1000SHIB/USDT:USDT exit=2026-07-27 11:51:02 미매칭수량=1844.00000000 orderID=31400541745 tradeID=None
[진입유실 방지 자동보정] SHORT 1000SHIB/USDT:USDT exit=2026-07-28 06:12:27 미매칭수량=2192.00000000 orderID=31421063023 tradeID=None
[진입유실 방지 자동보정] SHORT 1000SHIB/USDT:USDT exit=2026-08-02 01:13:53 미매칭수량=1073.00000000 orderID=31502817166 tradeID=None
[진입유실 방지 자동보정] SHORT 1000SHIB/USDT:USDT exit=2026-08-02 02:01:20 미매칭수량=1074.00000000 orderID=31504220662 tradeID=None
[진입유실 방지 자동보정] SHORT 1000SHIB/USDT:USDT exit=2026-08-02 09:45:32 미매칭수량=2285.00000000 orderID=31510623049 tradeID=None
[진입유실 방지 자동보정] SHORT 1000SHIB/USDT:USDT exit=2026-08-02 10:35:19 미매칭수량=2280.00000000 orderID=31511192196 tradeID=None
[진입유실 방지 자동보정] LONG DOGE/USDT:USDT exit=2026-07-28 09:50:41 미매칭수량=163.00000000 orderID=100915175009 tradeID=None
[진입유실 방지 자동보정] SHORT DOGE/USDT:USDT exit=2026-07-28 20:36:48 미매칭수량=357.00000000 orderID=100925180835 tradeID=None
[진입유실 방지 자동보정] SHORT DOGE/USDT:USDT exit=2026-07-28 23:00:41 미매칭수량=286.00000000 orderID=100927596061 tradeID=None
[진입유실 방지 자동보정] SHORT DOGE/USDT:USDT exit=2026-07-30 20:51:14 미매칭수량=345.00000000 orderID=100976583122 tradeID=None
[진입유실 방지 자동보정] SHORT DOGE/USDT:USDT exit=2026-07-31 10:01:31 미매칭수량=334.00000000 orderID=100988356319 tradeID=None
[진입유실 방지 자동보정] SHORT DOGE/USDT:USDT exit=2026-08-01 18:02:18 미매칭수량=306.00000000 orderID=101015266902 tradeID=None
[진입유실 방지 자동보정] LONG DOGE/USDT:USDT exit=2026-08-02 11:07:47 미매칭수량=259.00000000 orderID=101028099752 tradeID=None
[진입유실 방지 자동보정] SHORT SOL/USDT:USDT exit=2026-07-29 22:32:08 미매칭수량=0.26000000 orderID=229957663104 tradeID=None
[진입유실 방지 자동보정] LONG SOL/USDT:USDT exit=2026-07-30 02:59:19 미매칭수량=0.33000000 orderID=229996023316 tradeID=None
[진입유실 방지 자동보정] LONG SOL/USDT:USDT exit=2026-07-30 03:32:08 미매칭수량=0.27000000 orderID=230002018782 tradeID=None
[진입유실 방지 자동보정] SHORT SOL/USDT:USDT exit=2026-07-30 20:09:26 미매칭수량=0.32000000 orderID=230154249399 tradeID=None
[진입유실 방지 자동보정] SHORT SOL/USDT:USDT exit=2026-07-30 20:37:48 미매칭수량=0.32000000 orderID=230157644550 tradeID=None
[진입유실 방지 자동보정] SHORT SOL/USDT:USDT exit=2026-08-01 10:32:26 미매칭수량=0.29000000 orderID=230440972735 tradeID=None
[진입유실 방지 자동보정] LONG SOL/USDT:USDT exit=2026-08-02 01:55:54 미매칭수량=0.25000000 orderID=230506472518 tradeID=None
[진입유실 방지 자동보정] LONG SOL/USDT:USDT exit=2026-08-02 03:24:55 미매칭수량=0.20000000 orderID=230517041657 tradeID=None
[진입유실 방지 자동보정] LONG XRP/USDT:USDT exit=2026-07-30 03:32:09 미매칭수량=14.70000000 orderID=154591436270 tradeID=None
[진입유실 방지 자동보정] LONG XRP/USDT:USDT exit=2026-07-30 08:06:13 미매칭수량=18.50000000 orderID=154605732461 tradeID=None
[진입유실 방지 자동보정] LONG XRP/USDT:USDT exit=2026-07-30 22:11:04 미매칭수량=17.50000000 orderID=154637963852 tradeID=None
[진입유실 방지 자동보정] SHORT XRP/USDT:USDT exit=2026-07-31 15:18:55 미매칭수량=28.50000000 orderID=154681353788 tradeID=None
[진입유실 방지 자동보정] LONG XRP/USDT:USDT exit=2026-08-02 07:48:27 미매칭수량=6.70000000 orderID=154765042288 tradeID=None
[진입유실 방지 자동보정] LONG XRP/USDT:USDT exit=2026-08-02 08:25:19 미매칭수량=6.70000000 orderID=154766072211 tradeID=None
[진입유실 방지 자동보정] LONG XRP/USDT:USDT exit=2026-08-02 11:07:15 미매칭수량=16.80000000 orderID=154770811661 tradeID=None
[진입유실 방지 자동보정] SHORT 1000PEPE/USDT:USDT exit=2026-08-02 02:31:36 미매칭수량=1968.00000000 orderID=61389681657 tradeID=None
[진입유실 방지 자동보정] SHORT 1000PEPE/USDT:USDT exit=2026-08-02 02:52:29 미매칭수량=1969.00000000 orderID=61390079427 tradeID=None
[진입유실 방지 자동보정] SHORT 1000PEPE/USDT:USDT exit=2026-08-02 09:25:39 미매칭수량=7585.00000000 orderID=61394822102 tradeID=None
[진입유실 방지 자동보정] SHORT IDOL/USDT:USDT exit=2026-08-02 10:17:17 미매칭수량=445.00000000 orderID=523897304 tradeID=None
[진입유실 방지 자동보정] LONG 1000SHIB/USDT:USDT exit=2026-07-27 04:30:21 미매칭수량=2189.00000000 orderID=31388901395 tradeID=None
[진입유실 방지 자동보정] SHORT 1000SHIB/USDT:USDT exit=2026-07-27 07:36:19 미매칭수량=1348.00000000 orderID=31393184616 tradeID=None
[진입유실 방지 자동보정] SHORT 1000SHIB/USDT:USDT exit=2026-07-27 11:51:02 미매칭수량=1844.00000000 orderID=31400541745 tradeID=None
[진입유실 방지 자동보정] SHORT 1000SHIB/USDT:USDT exit=2026-07-28 06:12:27 미매칭수량=2192.00000000 orderID=31421063023 tradeID=None
[진입유실 방지 자동보정] SHORT 1000SHIB/USDT:USDT exit=2026-08-02 01:13:53 미매칭수량=1073.00000000 orderID=31502817166 tradeID=None
[진입유실 방지 자동보정] SHORT 1000SHIB/USDT:USDT exit=2026-08-02 02:01:20 미매칭수량=1074.00000000 orderID=31504220662 tradeID=None
[진입유실 방지 자동보정] SHORT 1000SHIB/USDT:USDT exit=2026-08-02 09:45:32 미매칭수량=2285.00000000 orderID=31510623049 tradeID=None
[진입유실 방지 자동보정] SHORT 1000SHIB/USDT:USDT exit=2026-08-02 10:35:19 미매칭수량=2280.00000000 orderID=31511192196 tradeID=None
[진입유실 방지 자동보정] LONG DOGE/USDT:USDT exit=2026-07-28 09:50:41 미매칭수량=163.00000000 orderID=100915175009 tradeID=None
[진입유실 방지 자동보정] SHORT DOGE/USDT:USDT exit=2026-07-28 20:36:48 미매칭수량=357.00000000 orderID=100925180835 tradeID=None
[진입유실 방지 자동보정] SHORT DOGE/USDT:USDT exit=2026-07-28 23:00:41 미매칭수량=286.00000000 orderID=100927596061 tradeID=None
[진입유실 방지 자동보정] SHORT DOGE/USDT:USDT exit=2026-07-30 20:51:14 미매칭수량=345.00000000 orderID=100976583122 tradeID=None
[진입유실 방지 자동보정] SHORT DOGE/USDT:USDT exit=2026-07-31 10:01:31 미매칭수량=334.00000000 orderID=100988356319 tradeID=None
[진입유실 방지 자동보정] SHORT DOGE/USDT:USDT exit=2026-08-01 18:02:18 미매칭수량=306.00000000 orderID=101015266902 tradeID=None
[진입유실 방지 자동보정] LONG DOGE/USDT:USDT exit=2026-08-02 11:07:47 미매칭수량=259.00000000 orderID=101028099752 tradeID=None
[진입유실 방지 자동보정] SHORT SOL/USDT:USDT exit=2026-07-29 22:32:08 미매칭수량=0.26000000 orderID=229957663104 tradeID=None
[진입유실 방지 자동보정] LONG SOL/USDT:USDT exit=2026-07-30 02:59:19 미매칭수량=0.33000000 orderID=229996023316 tradeID=None
[진입유실 방지 자동보정] LONG SOL/USDT:USDT exit=2026-07-30 03:32:08 미매칭수량=0.27000000 orderID=230002018782 tradeID=None
[진입유실 방지 자동보정] SHORT SOL/USDT:USDT exit=2026-07-30 20:09:26 미매칭수량=0.32000000 orderID=230154249399 tradeID=None
[진입유실 방지 자동보정] SHORT SOL/USDT:USDT exit=2026-07-30 20:37:48 미매칭수량=0.32000000 orderID=230157644550 tradeID=None
[진입유실 방지 자동보정] SHORT SOL/USDT:USDT exit=2026-08-01 10:32:26 미매칭수량=0.29000000 orderID=230440972735 tradeID=None
[진입유실 방지 자동보정] LONG SOL/USDT:USDT exit=2026-08-02 01:55:54 미매칭수량=0.25000000 orderID=230506472518 tradeID=None
[진입유실 방지 자동보정] LONG SOL/USDT:USDT exit=2026-08-02 03:24:55 미매칭수량=0.20000000 orderID=230517041657 tradeID=None
[진입유실 방지 자동보정] LONG XRP/USDT:USDT exit=2026-07-30 03:32:09 미매칭수량=14.70000000 orderID=154591436270 tradeID=None
[진입유실 방지 자동보정] LONG XRP/USDT:USDT exit=2026-07-30 08:06:13 미매칭수량=18.50000000 orderID=154605732461 tradeID=None
[진입유실 방지 자동보정] LONG XRP/USDT:USDT exit=2026-07-30 22:11:04 미매칭수량=17.50000000 orderID=154637963852 tradeID=None
[진입유실 방지 자동보정] SHORT XRP/USDT:USDT exit=2026-07-31 15:18:55 미매칭수량=28.50000000 orderID=154681353788 tradeID=None
[진입유실 방지 자동보정] LONG XRP/USDT:USDT exit=2026-08-02 07:48:27 미매칭수량=6.70000000 orderID=154765042288 tradeID=None
[진입유실 방지 자동보정] LONG XRP/USDT:USDT exit=2026-08-02 08:25:19 미매칭수량=6.70000000 orderID=154766072211 tradeID=None
[진입유실 방지 자동보정] LONG XRP/USDT:USDT exit=2026-08-02 11:07:15 미매칭수량=16.80000000 orderID=154770811661 tradeID=None
[진입유실 방지 자동보정] SHORT 1000PEPE/USDT:USDT exit=2026-08-02 02:31:36 미매칭수량=1968.00000000 orderID=61389681657 tradeID=None
[진입유실 방지 자동보정] SHORT 1000PEPE/USDT:USDT exit=2026-08-02 02:52:29 미매칭수량=1969.00000000 orderID=61390079427 tradeID=None
[진입유실 방지 자동보정] SHORT 1000PEPE/USDT:USDT exit=2026-08-02 09:25:39 미매칭수량=7585.00000000 orderID=61394822102 tradeID=None
[진입유실 방지 자동보정] SHORT IDOL/USDT:USDT exit=2026-08-02 10:17:17 미매칭수량=445.00000000 orderID=523897304 tradeID=None
[HOME/USDT:USDT] 래칫 위반 시도 차단 (Long): old=0.007813809830770582 -> new=0.007813033226916668
[PROTECT REARM] HOME/USDT:USDT long TP/SL 보호주문 재설정 실패: binance {"code":-4130,"msg":"An open stop or take profit order with GTE and closePosition in the direction is existing."}
🚀 [TP BREAKOUT] HOME/USDT:USDT long TP(1.80%) 돌파! → 락인 해제(Step 0) & 손절가 상향(0.008368978)
🔄 [DYNAMIC EXIT] HOME/USDT:USDT BTC 하락장 연동 방어(강제 Step 2)! (Step 0 -> 2) 사유: ADX하락(17.4), 거래량급감. 콜백: 0.7%
[BNB/USDT:USDT] 래칫 위반 시도 차단 (Long): old=582.7368701941685 -> new=582.6008701941686
[HOME/USDT:USDT] 래칫 위반 시도 차단 (Long): old=0.007813809830770582 -> new=0.007795213226916668
[진입유실 방지 자동보정] LONG 1000SHIB/USDT:USDT exit=2026-07-27 04:30:21 미매칭수량=2189.00000000 orderID=31388901395 tradeID=None
[진입유실 방지 자동보정] SHORT 1000SHIB/USDT:USDT exit=2026-07-27 07:36:19 미매칭수량=1348.00000000 orderID=31393184616 tradeID=None
[진입유실 방지 자동보정] SHORT 1000SHIB/USDT:USDT exit=2026-07-27 11:51:02 미매칭수량=1844.00000000 orderID=31400541745 tradeID=None
[진입유실 방지 자동보정] SHORT 1000SHIB/USDT:USDT exit=2026-07-28 06:12:27 미매칭수량=2192.00000000 orderID=31421063023 tradeID=None
[진입유실 방지 자동보정] SHORT 1000SHIB/USDT:USDT exit=2026-08-02 01:13:53 미매칭수량=1073.00000000 orderID=31502817166 tradeID=None
[진입유실 방지 자동보정] SHORT 1000SHIB/USDT:USDT exit=2026-08-02 02:01:20 미매칭수량=1074.00000000 orderID=31504220662 tradeID=None
[진입유실 방지 자동보정] SHORT 1000SHIB/USDT:USDT exit=2026-08-02 09:45:32 미매칭수량=2285.00000000 orderID=31510623049 tradeID=None
[진입유실 방지 자동보정] SHORT 1000SHIB/USDT:USDT exit=2026-08-02 10:35:19 미매칭수량=2280.00000000 orderID=31511192196 tradeID=None
[진입유실 방지 자동보정] LONG DOGE/USDT:USDT exit=2026-07-28 09:50:41 미매칭수량=163.00000000 orderID=100915175009 tradeID=None
[진입유실 방지 자동보정] SHORT DOGE/USDT:USDT exit=2026-07-28 20:36:48 미매칭수량=357.00000000 orderID=100925180835 tradeID=None
[진입유실 방지 자동보정] SHORT DOGE/USDT:USDT exit=2026-07-28 23:00:41 미매칭수량=286.00000000 orderID=100927596061 tradeID=None
[진입유실 방지 자동보정] SHORT DOGE/USDT:USDT exit=2026-07-30 20:51:14 미매칭수량=345.00000000 orderID=100976583122 tradeID=None
[진입유실 방지 자동보정] SHORT DOGE/USDT:USDT exit=2026-07-31 10:01:31 미매칭수량=334.00000000 orderID=100988356319 tradeID=None
[진입유실 방지 자동보정] SHORT DOGE/USDT:USDT exit=2026-08-01 18:02:18 미매칭수량=306.00000000 orderID=101015266902 tradeID=None
[진입유실 방지 자동보정] LONG DOGE/USDT:USDT exit=2026-08-02 11:07:47 미매칭수량=259.00000000 orderID=101028099752 tradeID=None
[진입유실 방지 자동보정] SHORT SOL/USDT:USDT exit=2026-07-29 22:32:08 미매칭수량=0.26000000 orderID=229957663104 tradeID=None
[진입유실 방지 자동보정] LONG SOL/USDT:USDT exit=2026-07-30 02:59:19 미매칭수량=0.33000000 orderID=229996023316 tradeID=None
[진입유실 방지 자동보정] LONG SOL/USDT:USDT exit=2026-07-30 03:32:08 미매칭수량=0.27000000 orderID=230002018782 tradeID=None
[진입유실 방지 자동보정] SHORT SOL/USDT:USDT exit=2026-07-30 20:09:26 미매칭수량=0.32000000 orderID=230154249399 tradeID=None
[진입유실 방지 자동보정] SHORT SOL/USDT:USDT exit=2026-07-30 20:37:48 미매칭수량=0.32000000 orderID=230157644550 tradeID=None
[진입유실 방지 자동보정] SHORT SOL/USDT:USDT exit=2026-08-01 10:32:26 미매칭수량=0.29000000 orderID=230440972735 tradeID=None
[진입유실 방지 자동보정] LONG SOL/USDT:USDT exit=2026-08-02 01:55:54 미매칭수량=0.25000000 orderID=230506472518 tradeID=None
[진입유실 방지 자동보정] LONG SOL/USDT:USDT exit=2026-08-02 03:24:55 미매칭수량=0.20000000 orderID=230517041657 tradeID=None
[진입유실 방지 자동보정] LONG XRP/USDT:USDT exit=2026-07-30 03:32:09 미매칭수량=14.70000000 orderID=154591436270 tradeID=None
[진입유실 방지 자동보정] LONG XRP/USDT:USDT exit=2026-07-30 08:06:13 미매칭수량=18.50000000 orderID=154605732461 tradeID=None
[진입유실 방지 자동보정] LONG XRP/USDT:USDT exit=2026-07-30 22:11:04 미매칭수량=17.50000000 orderID=154637963852 tradeID=None
[진입유실 방지 자동보정] SHORT XRP/USDT:USDT exit=2026-07-31 15:18:55 미매칭수량=28.50000000 orderID=154681353788 tradeID=None
[진입유실 방지 자동보정] LONG XRP/USDT:USDT exit=2026-08-02 07:48:27 미매칭수량=6.70000000 orderID=154765042288 tradeID=None
[진입유실 방지 자동보정] LONG XRP/USDT:USDT exit=2026-08-02 08:25:19 미매칭수량=6.70000000 orderID=154766072211 tradeID=None
[진입유실 방지 자동보정] LONG XRP/USDT:USDT exit=2026-08-02 11:07:15 미매칭수량=16.80000000 orderID=154770811661 tradeID=None
[진입유실 방지 자동보정] SHORT 1000PEPE/USDT:USDT exit=2026-08-02 02:31:36 미매칭수량=1968.00000000 orderID=61389681657 tradeID=None
[진입유실 방지 자동보정] SHORT 1000PEPE/USDT:USDT exit=2026-08-02 02:52:29 미매칭수량=1969.00000000 orderID=61390079427 tradeID=None
[진입유실 방지 자동보정] SHORT 1000PEPE/USDT:USDT exit=2026-08-02 09:25:39 미매칭수량=7585.00000000 orderID=61394822102 tradeID=None
[진입유실 방지 자동보정] SHORT IDOL/USDT:USDT exit=2026-08-02 10:17:17 미매칭수량=445.00000000 orderID=523897304 tradeID=None
[진입유실 방지 자동보정] LONG 1000SHIB/USDT:USDT exit=2026-07-27 04:30:21 미매칭수량=2189.00000000 orderID=31388901395 tradeID=None
[진입유실 방지 자동보정] SHORT 1000SHIB/USDT:USDT exit=2026-07-27 07:36:19 미매칭수량=1348.00000000 orderID=31393184616 tradeID=None
[진입유실 방지 자동보정] SHORT 1000SHIB/USDT:USDT exit=2026-07-27 11:51:02 미매칭수량=1844.00000000 orderID=31400541745 tradeID=None
[진입유실 방지 자동보정] SHORT 1000SHIB/USDT:USDT exit=2026-07-28 06:12:27 미매칭수량=2192.00000000 orderID=31421063023 tradeID=None
[진입유실 방지 자동보정] SHORT 1000SHIB/USDT:USDT exit=2026-08-02 01:13:53 미매칭수량=1073.00000000 orderID=31502817166 tradeID=None
[진입유실 방지 자동보정] SHORT 1000SHIB/USDT:USDT exit=2026-08-02 02:01:20 미매칭수량=1074.00000000 orderID=31504220662 tradeID=None
[진입유실 방지 자동보정] SHORT 1000SHIB/USDT:USDT exit=2026-08-02 09:45:32 미매칭수량=2285.00000000 orderID=31510623049 tradeID=None
[진입유실 방지 자동보정] SHORT 1000SHIB/USDT:USDT exit=2026-08-02 10:35:19 미매칭수량=2280.00000000 orderID=31511192196 tradeID=None
[진입유실 방지 자동보정] LONG DOGE/USDT:USDT exit=2026-07-28 09:50:41 미매칭수량=163.00000000 orderID=100915175009 tradeID=None
[진입유실 방지 자동보정] SHORT DOGE/USDT:USDT exit=2026-07-28 20:36:48 미매칭수량=357.00000000 orderID=100925180835 tradeID=None
[진입유실 방지 자동보정] SHORT DOGE/USDT:USDT exit=2026-07-28 23:00:41 미매칭수량=286.00000000 orderID=100927596061 tradeID=None
[진입유실 방지 자동보정] SHORT DOGE/USDT:USDT exit=2026-07-30 20:51:14 미매칭수량=345.00000000 orderID=100976583122 tradeID=None
[진입유실 방지 자동보정] SHORT DOGE/USDT:USDT exit=2026-07-31 10:01:31 미매칭수량=334.00000000 orderID=100988356319 tradeID=None
[진입유실 방지 자동보정] SHORT DOGE/USDT:USDT exit=2026-08-01 18:02:18 미매칭수량=306.00000000 orderID=101015266902 tradeID=None
[진입유실 방지 자동보정] LONG DOGE/USDT:USDT exit=2026-08-02 11:07:47 미매칭수량=259.00000000 orderID=101028099752 tradeID=None
[진입유실 방지 자동보정] SHORT SOL/USDT:USDT exit=2026-07-29 22:32:08 미매칭수량=0.26000000 orderID=229957663104 tradeID=None
[진입유실 방지 자동보정] LONG SOL/USDT:USDT exit=2026-07-30 02:59:19 미매칭수량=0.33000000 orderID=229996023316 tradeID=None
[진입유실 방지 자동보정] LONG SOL/USDT:USDT exit=2026-07-30 03:32:08 미매칭수량=0.27000000 orderID=230002018782 tradeID=None
[진입유실 방지 자동보정] SHORT SOL/USDT:USDT exit=2026-07-30 20:09:26 미매칭수량=0.32000000 orderID=230154249399 tradeID=None
[진입유실 방지 자동보정] SHORT SOL/USDT:USDT exit=2026-07-30 20:37:48 미매칭수량=0.32000000 orderID=230157644550 tradeID=None
[진입유실 방지 자동보정] SHORT SOL/USDT:USDT exit=2026-08-01 10:32:26 미매칭수량=0.29000000 orderID=230440972735 tradeID=None
[진입유실 방지 자동보정] LONG SOL/USDT:USDT exit=2026-08-02 01:55:54 미매칭수량=0.25000000 orderID=230506472518 tradeID=None
[진입유실 방지 자동보정] LONG SOL/USDT:USDT exit=2026-08-02 03:24:55 미매칭수량=0.20000000 orderID=230517041657 tradeID=None
[진입유실 방지 자동보정] LONG XRP/USDT:USDT exit=2026-07-30 03:32:09 미매칭수량=14.70000000 orderID=154591436270 tradeID=None
[진입유실 방지 자동보정] LONG XRP/USDT:USDT exit=2026-07-30 08:06:13 미매칭수량=18.50000000 orderID=154605732461 tradeID=None
[진입유실 방지 자동보정] LONG XRP/USDT:USDT exit=2026-07-30 22:11:04 미매칭수량=17.50000000 orderID=154637963852 tradeID=None
[진입유실 방지 자동보정] SHORT XRP/USDT:USDT exit=2026-07-31 15:18:55 미매칭수량=28.50000000 orderID=154681353788 tradeID=None
[진입유실 방지 자동보정] LONG XRP/USDT:USDT exit=2026-08-02 07:48:27 미매칭수량=6.70000000 orderID=154765042288 tradeID=None
[진입유실 방지 자동보정] LONG XRP/USDT:USDT exit=2026-08-02 08:25:19 미매칭수량=6.70000000 orderID=154766072211 tradeID=None
[진입유실 방지 자동보정] LONG XRP/USDT:USDT exit=2026-08-02 11:07:15 미매칭수량=16.80000000 orderID=154770811661 tradeID=None
[진입유실 방지 자동보정] SHORT 1000PEPE/USDT:USDT exit=2026-08-02 02:31:36 미매칭수량=1968.00000000 orderID=61389681657 tradeID=None
[진입유실 방지 자동보정] SHORT 1000PEPE/USDT:USDT exit=2026-08-02 02:52:29 미매칭수량=1969.00000000 orderID=61390079427 tradeID=None
[진입유실 방지 자동보정] SHORT 1000PEPE/USDT:USDT exit=2026-08-02 09:25:39 미매칭수량=7585.00000000 orderID=61394822102 tradeID=None
[진입유실 방지 자동보정] SHORT IDOL/USDT:USDT exit=2026-08-02 10:17:17 미매칭수량=445.00000000 orderID=523897304 tradeID=None
[BNB/USDT:USDT] 래칫 위반 시도 차단 (Long): old=582.7368701941685 -> new=582.6008701941686
[BNB/USDT:USDT] 래칫 위반 시도 차단 (Long): old=582.7368701941685 -> new=582.6008701941686
[진입유실 방지 자동보정] LONG 1000SHIB/USDT:USDT exit=2026-07-27 04:30:21 미매칭수량=2189.00000000 orderID=31388901395 tradeID=None
[진입유실 방지 자동보정] SHORT 1000SHIB/USDT:USDT exit=2026-07-27 07:36:19 미매칭수량=1348.00000000 orderID=31393184616 tradeID=None
[진입유실 방지 자동보정] SHORT 1000SHIB/USDT:USDT exit=2026-07-27 11:51:02 미매칭수량=1844.00000000 orderID=31400541745 tradeID=None
[진입유실 방지 자동보정] SHORT 1000SHIB/USDT:USDT exit=2026-07-28 06:12:27 미매칭수량=2192.00000000 orderID=31421063023 tradeID=None
[진입유실 방지 자동보정] SHORT 1000SHIB/USDT:USDT exit=2026-08-02 01:13:53 미매칭수량=1073.00000000 orderID=31502817166 tradeID=None
[진입유실 방지 자동보정] SHORT 1000SHIB/USDT:USDT exit=2026-08-02 02:01:20 미매칭수량=1074.00000000 orderID=31504220662 tradeID=None
[진입유실 방지 자동보정] SHORT 1000SHIB/USDT:USDT exit=2026-08-02 09:45:32 미매칭수량=2285.00000000 orderID=31510623049 tradeID=None
[진입유실 방지 자동보정] SHORT 1000SHIB/USDT:USDT exit=2026-08-02 10:35:19 미매칭수량=2280.00000000 orderID=31511192196 tradeID=None
[진입유실 방지 자동보정] LONG DOGE/USDT:USDT exit=2026-07-28 09:50:41 미매칭수량=163.00000000 orderID=100915175009 tradeID=None
[진입유실 방지 자동보정] SHORT DOGE/USDT:USDT exit=2026-07-28 20:36:48 미매칭수량=357.00000000 orderID=100925180835 tradeID=None
[진입유실 방지 자동보정] SHORT DOGE/USDT:USDT exit=2026-07-28 23:00:41 미매칭수량=286.00000000 orderID=100927596061 tradeID=None
[진입유실 방지 자동보정] SHORT DOGE/USDT:USDT exit=2026-07-30 20:51:14 미매칭수량=345.00000000 orderID=100976583122 tradeID=None
[진입유실 방지 자동보정] SHORT DOGE/USDT:USDT exit=2026-07-31 10:01:31 미매칭수량=334.00000000 orderID=100988356319 tradeID=None
[진입유실 방지 자동보정] SHORT DOGE/USDT:USDT exit=2026-08-01 18:02:18 미매칭수량=306.00000000 orderID=101015266902 tradeID=None
[진입유실 방지 자동보정] LONG DOGE/USDT:USDT exit=2026-08-02 11:07:47 미매칭수량=259.00000000 orderID=101028099752 tradeID=None
[진입유실 방지 자동보정] SHORT SOL/USDT:USDT exit=2026-07-29 22:32:08 미매칭수량=0.26000000 orderID=229957663104 tradeID=None
[진입유실 방지 자동보정] LONG SOL/USDT:USDT exit=2026-07-30 02:59:19 미매칭수량=0.33000000 orderID=229996023316 tradeID=None
[진입유실 방지 자동보정] LONG SOL/USDT:USDT exit=2026-07-30 03:32:08 미매칭수량=0.27000000 orderID=230002018782 tradeID=None
[진입유실 방지 자동보정] SHORT SOL/USDT:USDT exit=2026-07-30 20:09:26 미매칭수량=0.32000000 orderID=230154249399 tradeID=None
[진입유실 방지 자동보정] SHORT SOL/USDT:USDT exit=2026-07-30 20:37:48 미매칭수량=0.32000000 orderID=230157644550 tradeID=None
[진입유실 방지 자동보정] SHORT SOL/USDT:USDT exit=2026-08-01 10:32:26 미매칭수량=0.29000000 orderID=230440972735 tradeID=None
[진입유실 방지 자동보정] LONG SOL/USDT:USDT exit=2026-08-02 01:55:54 미매칭수량=0.25000000 orderID=230506472518 tradeID=None
[진입유실 방지 자동보정] LONG SOL/USDT:USDT exit=2026-08-02 03:24:55 미매칭수량=0.20000000 orderID=230517041657 tradeID=None
[진입유실 방지 자동보정] LONG XRP/USDT:USDT exit=2026-07-30 03:32:09 미매칭수량=14.70000000 orderID=154591436270 tradeID=None
[진입유실 방지 자동보정] LONG XRP/USDT:USDT exit=2026-07-30 08:06:13 미매칭수량=18.50000000 orderID=154605732461 tradeID=None
[진입유실 방지 자동보정] LONG XRP/USDT:USDT exit=2026-07-30 22:11:04 미매칭수량=17.50000000 orderID=154637963852 tradeID=None
[진입유실 방지 자동보정] SHORT XRP/USDT:USDT exit=2026-07-31 15:18:55 미매칭수량=28.50000000 orderID=154681353788 tradeID=None
[진입유실 방지 자동보정] LONG XRP/USDT:USDT exit=2026-08-02 07:48:27 미매칭수량=6.70000000 orderID=154765042288 tradeID=None
[진입유실 방지 자동보정] LONG XRP/USDT:USDT exit=2026-08-02 08:25:19 미매칭수량=6.70000000 orderID=154766072211 tradeID=None
[진입유실 방지 자동보정] LONG XRP/USDT:USDT exit=2026-08-02 11:07:15 미매칭수량=16.80000000 orderID=154770811661 tradeID=None
[진입유실 방지 자동보정] SHORT 1000PEPE/USDT:USDT exit=2026-08-02 02:31:36 미매칭수량=1968.00000000 orderID=61389681657 tradeID=None
[진입유실 방지 자동보정] SHORT 1000PEPE/USDT:USDT exit=2026-08-02 02:52:29 미매칭수량=1969.00000000 orderID=61390079427 tradeID=None
[진입유실 방지 자동보정] SHORT 1000PEPE/USDT:USDT exit=2026-08-02 09:25:39 미매칭수량=7585.00000000 orderID=61394822102 tradeID=None
[진입유실 방지 자동보정] SHORT IDOL/USDT:USDT exit=2026-08-02 10:17:17 미매칭수량=445.00000000 orderID=523897304 tradeID=None
[진입유실 방지 자동보정] LONG 1000SHIB/USDT:USDT exit=2026-07-27 04:30:21 미매칭수량=2189.00000000 orderID=31388901395 tradeID=None
[진입유실 방지 자동보정] SHORT 1000SHIB/USDT:USDT exit=2026-07-27 07:36:19 미매칭수량=1348.00000000 orderID=31393184616 tradeID=None
[진입유실 방지 자동보정] SHORT 1000SHIB/USDT:USDT exit=2026-07-27 11:51:02 미매칭수량=1844.00000000 orderID=31400541745 tradeID=None
[진입유실 방지 자동보정] SHORT 1000SHIB/USDT:USDT exit=2026-07-28 06:12:27 미매칭수량=2192.00000000 orderID=31421063023 tradeID=None
[진입유실 방지 자동보정] SHORT 1000SHIB/USDT:USDT exit=2026-08-02 01:13:53 미매칭수량=1073.00000000 orderID=31502817166 tradeID=None
[진입유실 방지 자동보정] SHORT 1000SHIB/USDT:USDT exit=2026-08-02 02:01:20 미매칭수량=1074.00000000 orderID=31504220662 tradeID=None
[진입유실 방지 자동보정] SHORT 1000SHIB/USDT:USDT exit=2026-08-02 09:45:32 미매칭수량=2285.00000000 orderID=31510623049 tradeID=None
[진입유실 방지 자동보정] SHORT 1000SHIB/USDT:USDT exit=2026-08-02 10:35:19 미매칭수량=2280.00000000 orderID=31511192196 tradeID=None
[진입유실 방지 자동보정] LONG DOGE/USDT:USDT exit=2026-07-28 09:50:41 미매칭수량=163.00000000 orderID=100915175009 tradeID=None
[진입유실 방지 자동보정] SHORT DOGE/USDT:USDT exit=2026-07-28 20:36:48 미매칭수량=357.00000000 orderID=100925180835 tradeID=None
[진입유실 방지 자동보정] SHORT DOGE/USDT:USDT exit=2026-07-28 23:00:41 미매칭수량=286.00000000 orderID=100927596061 tradeID=None
[진입유실 방지 자동보정] SHORT DOGE/USDT:USDT exit=2026-07-30 20:51:14 미매칭수량=345.00000000 orderID=100976583122 tradeID=None
[진입유실 방지 자동보정] SHORT DOGE/USDT:USDT exit=2026-07-31 10:01:31 미매칭수량=334.00000000 orderID=100988356319 tradeID=None
[진입유실 방지 자동보정] SHORT DOGE/USDT:USDT exit=2026-08-01 18:02:18 미매칭수량=306.00000000 orderID=101015266902 tradeID=None
[진입유실 방지 자동보정] LONG DOGE/USDT:USDT exit=2026-08-02 11:07:47 미매칭수량=259.00000000 orderID=101028099752 tradeID=None
[진입유실 방지 자동보정] SHORT SOL/USDT:USDT exit=2026-07-29 22:32:08 미매칭수량=0.26000000 orderID=229957663104 tradeID=None
[진입유실 방지 자동보정] LONG SOL/USDT:USDT exit=2026-07-30 02:59:19 미매칭수량=0.33000000 orderID=229996023316 tradeID=None
[진입유실 방지 자동보정] LONG SOL/USDT:USDT exit=2026-07-30 03:32:08 미매칭수량=0.27000000 orderID=230002018782 tradeID=None
[진입유실 방지 자동보정] SHORT SOL/USDT:USDT exit=2026-07-30 20:09:26 미매칭수량=0.32000000 orderID=230154249399 tradeID=None
[진입유실 방지 자동보정] SHORT SOL/USDT:USDT exit=2026-07-30 20:37:48 미매칭수량=0.32000000 orderID=230157644550 tradeID=None
[진입유실 방지 자동보정] SHORT SOL/USDT:USDT exit=2026-08-01 10:32:26 미매칭수량=0.29000000 orderID=230440972735 tradeID=None
[진입유실 방지 자동보정] LONG SOL/USDT:USDT exit=2026-08-02 01:55:54 미매칭수량=0.25000000 orderID=230506472518 tradeID=None
[진입유실 방지 자동보정] LONG SOL/USDT:USDT exit=2026-08-02 03:24:55 미매칭수량=0.20000000 orderID=230517041657 tradeID=None
[진입유실 방지 자동보정] LONG XRP/USDT:USDT exit=2026-07-30 03:32:09 미매칭수량=14.70000000 orderID=154591436270 tradeID=None
[진입유실 방지 자동보정] LONG XRP/USDT:USDT exit=2026-07-30 08:06:13 미매칭수량=18.50000000 orderID=154605732461 tradeID=None
[진입유실 방지 자동보정] LONG XRP/USDT:USDT exit=2026-07-30 22:11:04 미매칭수량=17.50000000 orderID=154637963852 tradeID=None
[진입유실 방지 자동보정] SHORT XRP/USDT:USDT exit=2026-07-31 15:18:55 미매칭수량=28.50000000 orderID=154681353788 tradeID=None
[진입유실 방지 자동보정] LONG XRP/USDT:USDT exit=2026-08-02 07:48:27 미매칭수량=6.70000000 orderID=154765042288 tradeID=None
[진입유실 방지 자동보정] LONG XRP/USDT:USDT exit=2026-08-02 08:25:19 미매칭수량=6.70000000 orderID=154766072211 tradeID=None
[진입유실 방지 자동보정] LONG XRP/USDT:USDT exit=2026-08-02 11:07:15 미매칭수량=16.80000000 orderID=154770811661 tradeID=None
[진입유실 방지 자동보정] SHORT 1000PEPE/USDT:USDT exit=2026-08-02 02:31:36 미매칭수량=1968.00000000 orderID=61389681657 tradeID=None
[진입유실 방지 자동보정] SHORT 1000PEPE/USDT:USDT exit=2026-08-02 02:52:29 미매칭수량=1969.00000000 orderID=61390079427 tradeID=None
[진입유실 방지 자동보정] SHORT 1000PEPE/USDT:USDT exit=2026-08-02 09:25:39 미매칭수량=7585.00000000 orderID=61394822102 tradeID=None
[진입유실 방지 자동보정] SHORT IDOL/USDT:USDT exit=2026-08-02 10:17:17 미매칭수량=445.00000000 orderID=523897304 tradeID=None
[HIGH ROI GUARD] HOME/USDT:USDT long ROI +30.33% (>= 30.00%) 도달! 고수익 익절 가드 즉시 시장가 청산 발동.
[BNB/USDT:USDT] 래칫 위반 시도 차단 (Long): old=582.7368701941685 -> new=582.5775265341684
  Stopping...
