2026-09-11 02:27:53  감사 스케줄러 시작 — 경량 300초 · 전체 3600초
2026-09-11 02:28:32  [전체] FAIL 1 · N/A 16 · PASS 135 · UNK 3 · WARN 10 (38초)  변화 발생
2026-09-11 02:28:32     ❌ 신규 결함  [8410] 21. 손익·수수료 정밀도 — CSV +1.0702 vs 원장 +1.4251 (차이 -0.3549)
2026-09-11 02:29:44  감사 스케줄러 시작 — 경량 300초 · 전체 3600초
2026-09-11 02:30:23  [전체] N/A 16 · PASS 139 · UNK 3 · WARN 7 (39초)  변화 발생
2026-09-11 02:30:23     ✅ 해소 확인  [8410] 21. 손익·수수료 정밀도 — CSV +1.0702 vs 원장 +1.4251 (차이 -0.3549)
2026-09-11 02:35:55  감사 스케줄러 시작 — 경량 300초 · 전체 3600초
2026-09-11 02:36:34  [전체] N/A 16 · PASS 139 · UNK 3 · WARN 7 (38초)  변화 없음
2026-09-11 02:39:46  감사 스케줄러 시작 — 경량 300초 · 전체 3600초
2026-09-11 02:40:25  [전체] N/A 16 · PASS 139 · UNK 3 · WARN 7 (39초)  변화 없음
2026-09-11 03:43:22  [전체] N/A 16 · PASS 137 · UNK 3 · WARN 9 (38초)  변화 없음
2026-09-11 04:46:21  [전체] N/A 16 · PASS 139 · UNK 2 · WARN 8 (39초)  변화 없음
2026-09-11 05:49:17  [전체] N/A 16 · PASS 137 · UNK 4 · WARN 8 (39초)  변화 없음
2026-09-11 06:52:15  [전체] N/A 16 · PASS 137 · UNK 4 · WARN 8 (39초)  변화 없음
2026-09-11 07:55:12  [전체] N/A 16 · PASS 137 · UNK 4 · WARN 8 (38초)  변화 없음
2026-09-11 08:58:09  [전체] N/A 16 · PASS 138 · UNK 4 · WARN 7 (38초)  변화 없음
2026-09-11 10:01:04  [전체] N/A 16 · PASS 138 · UNK 4 · WARN 7 (38초)  변화 없음
2026-09-11 10:21:55  [경량] FAIL 1 · N/A 26 · PASS 127 · UNK 4 · WARN 7 (12초)  변화 발생
2026-09-11 10:21:55     ❌ 신규 결함  [8402] 1. 신호↔주문 일치성 — 신호 3건 전량 차단 (차단 3 / 통과 0)
/Users/l/Library/Python/3.9/lib/python/site-packages/urllib3/__init__.py:35: NotOpenSSLWarning: urllib3 v2 only supports OpenSSL 1.1.1+, currently the 'ssl' module is compiled with 'LibreSSL 2.8.3'. See: https://github.com/urllib3/urllib3/issues/3020
  warnings.warn(
2026-09-11 10:27:08  [경량] N/A 26 · PASS 126 · UNK 5 · WARN 8 (13초)  변화 발생
2026-09-11 10:27:08     ✅ 해소 확인  [8402] 1. 신호↔주문 일치성 — 신호 3건 전량 차단 (차단 3 / 통과 0)
2026-09-11 11:04:03  [전체] FAIL 1 · N/A 16 · PASS 136 · UNK 5 · WARN 7 (39초)  변화 발생
2026-09-11 11:04:03     ❌ 신규 결함  [8409] 22. 청산 1:1 대사 — 원장 105건 중 CSV 누락 1건: ['NEAR']
2026-09-11 11:09:16  [경량] N/A 26 · PASS 127 · UNK 5 · WARN 7 (13초)  변화 발생
2026-09-11 11:09:16     ✅ 해소 확인  [8409] 22. 청산 1:1 대사 — 원장 105건 중 CSV 누락 1건: ['NEAR']
2026-09-11 11:30:15  [경량] FAIL 7 · N/A 35 · PASS 110 · UNK 5 · WARN 8 (19초)  변화 발생
2026-09-11 11:30:15     ❌ 신규 결함  [8402] 12. 장부↔거래소 포지션 일치 — 유령(로컬만) ['DOT/USDT:USDT'] · 고아(거래소만) []
2026-09-11 11:30:15     ❌ 신규 결함  [8402] 20. 청산 후 상태파일 삭제 — 청산 후 잔존: ['DOT/USDT:USDT']
2026-09-11 11:30:15     ❌ 신규 결함  [8407] 9. 스캐너 루프 정체 — 마지막 스캔 2분 전 (주기 30초) — 정체
2026-09-11 11:30:15     ❌ 신규 결함  [8409] 12. 장부↔거래소 포지션 일치 — 유령(로컬만) ['1000PEPE/USDT:USDT', 'ADA/USDT:USDT', 'ENA/USDT:USDT'] · 고아(거래소만) []
2026-09-11 11:30:15     ❌ 신규 결함  [8409] 20. 청산 후 상태파일 삭제 — 청산 후 잔존: ['1000PEPE/USDT:USDT', 'ADA/USDT:USDT', 'ENA/USDT:USDT']
2026-09-11 11:30:15     ❌ 신규 결함  [8410] 12. 장부↔거래소 포지션 일치 — 유령(로컬만) ['DOT/USDT:USDT'] · 고아(거래소만) []
2026-09-11 11:30:15     ❌ 신규 결함  [8410] 20. 청산 후 상태파일 삭제 — 청산 후 잔존: ['DOT/USDT:USDT']
2026-09-11 11:30:15  ⚠️  알림 전송 실패: <urlopen error [Errno 61] Connection refused>
2026-09-11 11:41:17  [경량] FAIL 8 · N/A 35 · PASS 108 · UNK 5 · WARN 9 (41초)  변화 발생
2026-09-11 11:41:17     ❌ 신규 결함  [8409] 9. 스캐너 루프 정체 — 마지막 스캔 595분 전 (주기 300초) — 정체
2026-09-11 11:41:17  ⚠️  알림 전송 실패: <urlopen error [Errno 61] Connection refused>
2026-09-11 11:46:30  [경량] FAIL 1 · N/A 26 · PASS 124 · UNK 5 · WARN 9 (13초)  변화 발생
2026-09-11 11:46:30     ✅ 해소 확인  [8402] 12. 장부↔거래소 포지션 일치 — 유령(로컬만) ['DOT/USDT:USDT'] · 고아(거래소만) []
2026-09-11 11:46:30     ✅ 해소 확인  [8402] 20. 청산 후 상태파일 삭제 — 청산 후 잔존: ['DOT/USDT:USDT']
2026-09-11 11:46:30     ✅ 해소 확인  [8407] 9. 스캐너 루프 정체 — 마지막 스캔 558분 전 (주기 30초) — 정체
2026-09-11 11:46:30     ✅ 해소 확인  [8409] 12. 장부↔거래소 포지션 일치 — 유령(로컬만) ['1000PEPE/USDT:USDT', 'ADA/USDT:USDT', 'ENA/USDT:USDT'] · 고아(거래소만) []
2026-09-11 11:46:30     ✅ 해소 확인  [8409] 20. 청산 후 상태파일 삭제 — 청산 후 잔존: ['1000PEPE/USDT:USDT', 'ADA/USDT:USDT', 'ENA/USDT:USDT']
2026-09-11 11:46:30     ✅ 해소 확인  [8410] 12. 장부↔거래소 포지션 일치 — 유령(로컬만) ['DOT/USDT:USDT'] · 고아(거래소만) []
2026-09-11 11:46:30     ✅ 해소 확인  [8410] 20. 청산 후 상태파일 삭제 — 청산 후 잔존: ['DOT/USDT:USDT']
2026-09-11 11:46:30  ⚠️  알림 전송 실패: <urlopen error [Errno 61] Connection refused>
2026-09-11 11:51:43  [경량] N/A 26 · PASS 126 · UNK 5 · WARN 8 (13초)  변화 발생
2026-09-11 11:51:43     ✅ 해소 확인  [8409] 9. 스캐너 루프 정체 — 마지막 스캔 600분 전 (주기 300초) — 정체
2026-09-11 11:51:43  ⚠️  알림 전송 실패: <urlopen error [Errno 61] Connection refused>
2026-09-11 12:07:48  [전체] N/A 16 · PASS 136 · UNK 5 · WARN 8 (39초)  변화 없음
2026-09-11 13:05:15  [경량] FAIL 1 · N/A 29 · PASS 120 · UNK 4 · WARN 11 (13초)  변화 발생
2026-09-11 13:05:15     ❌ 신규 결함  [8407] 1. 신호↔주문 일치성 — 신호 3건 전량 차단 (차단 3 / 통과 0)
2026-09-11 13:05:15  ⚠️  알림 전송 실패: <urlopen error [Errno 61] Connection refused>
2026-09-11 13:10:54  [전체] FAIL 3 · N/A 19 · PASS 127 · UNK 5 · WARN 11 (39초)  변화 발생
2026-09-11 13:10:54     ❌ 신규 결함  [8407] 9. 스캐너 루프 정체 — 마지막 스캔 7분 전 (주기 30초) — 정체
2026-09-11 13:10:54     ❌ 신규 결함  [8407] 22. 청산 1:1 대사 — 원장 143건 중 CSV 누락 143건: ['1000PEPE', 'ADA', 'ARB', 'ASTER', 'CRV', 'DOGE']
2026-09-11 13:10:54  ⚠️  알림 전송 실패: <urlopen error [Errno 61] Connection refused>
2026-09-11 13:16:07  [경량] FAIL 1 · N/A 29 · PASS 120 · UNK 4 · WARN 11 (13초)  변화 발생
2026-09-11 13:16:07     ✅ 해소 확인  [8407] 9. 스캐너 루프 정체 — 마지막 스캔 7분 전 (주기 30초) — 정체
2026-09-11 13:16:07     ✅ 해소 확인  [8407] 22. 청산 1:1 대사 — 원장 143건 중 CSV 누락 143건: ['1000PEPE', 'ADA', 'ARB', 'ASTER', 'CRV', 'DOGE']
2026-09-11 13:16:07  ⚠️  알림 전송 실패: <urlopen error [Errno 61] Connection refused>
2026-09-11 14:08:14  [경량] FAIL 3 · N/A 29 · PASS 117 · UNK 5 · WARN 11 (13초)  변화 발생
2026-09-11 14:08:14     ❌ 신규 결함  [8401] 9. 스캐너 루프 정체 — 마지막 스캔 163분 전 (주기 300초) — 정체
2026-09-11 14:08:14     ❌ 신규 결함  [8402] 9. 스캐너 루프 정체 — 마지막 스캔 80분 전 (주기 300초) — 정체
2026-09-11 14:08:14  ⚠️  알림 전송 실패: <urlopen error [Errno 61] Connection refused>
2026-09-11 14:13:52  [전체] FAIL 2 · N/A 19 · PASS 127 · UNK 6 · WARN 11 (38초)  변화 발생
2026-09-11 14:13:52     ❌ 신규 결함  [8407] 22. 청산 1:1 대사 — 원장 143건 중 CSV 누락 143건: ['1000PEPE', 'ADA', 'ARB', 'ASTER', 'CRV', 'DOGE']
2026-09-11 14:13:52     ✅ 해소 확인  [8401] 9. 스캐너 루프 정체 — 마지막 스캔 163분 전 (주기 300초) — 정체
2026-09-11 14:13:52     ✅ 해소 확인  [8402] 9. 스캐너 루프 정체 — 마지막 스캔 80분 전 (주기 300초) — 정체
2026-09-11 14:13:52  ⚠️  알림 전송 실패: <urlopen error [Errno 61] Connection refused>
2026-09-11 14:19:05  [경량] FAIL 1 · N/A 29 · PASS 119 · UNK 5 · WARN 11 (13초)  변화 발생
2026-09-11 14:19:05     ✅ 해소 확인  [8407] 22. 청산 1:1 대사 — 원장 143건 중 CSV 누락 143건: ['1000PEPE', 'ADA', 'ARB', 'ASTER', 'CRV', 'DOGE']
2026-09-11 14:19:05  ⚠️  알림 전송 실패: <urlopen error [Errno 61] Connection refused>
2026-09-11 14:29:38  [경량] FAIL 5 · N/A 35 · PASS 109 · UNK 5 · WARN 11 (19초)  변화 발생
2026-09-11 14:29:38     ❌ 신규 결함  [8409] 12. 장부↔거래소 포지션 일치 — 유령(로컬만) ['DOGE/USDT:USDT', 'FIL/USDT:USDT', 'PUMP/USDT:USDT'] · 고아(거래소만) []
2026-09-11 14:29:38     ❌ 신규 결함  [8409] 20. 청산 후 상태파일 삭제 — 청산 후 잔존: ['DOGE/USDT:USDT', 'FIL/USDT:USDT', 'PUMP/USDT:USDT']
2026-09-11 14:29:38     ❌ 신규 결함  [8410] 12. 장부↔거래소 포지션 일치 — 유령(로컬만) ['DOT/USDT:USDT'] · 고아(거래소만) []
2026-09-11 14:29:38     ❌ 신규 결함  [8410] 20. 청산 후 상태파일 삭제 — 청산 후 잔존: ['DOT/USDT:USDT']
2026-09-11 14:29:38  ⚠️  알림 전송 실패: <urlopen error [Errno 61] Connection refused>
2026-09-11 14:40:08  [경량] FAIL 2 · N/A 29 · PASS 118 · UNK 5 · WARN 11 (11초)  변화 발생
2026-09-11 14:40:08     ❌ 신규 결함  [8409] 9. 스캐너 루프 정체 — 마지막 스캔 55분 전 (주기 300초) — 정체
2026-09-11 14:40:08     ✅ 해소 확인  [8409] 12. 장부↔거래소 포지션 일치 — 유령(로컬만) ['DOGE/USDT:USDT', 'FIL/USDT:USDT', 'PUMP/USDT:USDT'] · 고아(거래소만) []
2026-09-11 14:40:08     ✅ 해소 확인  [8409] 20. 청산 후 상태파일 삭제 — 청산 후 잔존: ['DOGE/USDT:USDT', 'FIL/USDT:USDT', 'PUMP/USDT:USDT']
2026-09-11 14:40:08     ✅ 해소 확인  [8410] 12. 장부↔거래소 포지션 일치 — 유령(로컬만) ['DOT/USDT:USDT'] · 고아(거래소만) []
2026-09-11 14:40:08     ✅ 해소 확인  [8410] 20. 청산 후 상태파일 삭제 — 청산 후 잔존: ['DOT/USDT:USDT']
2026-09-11 14:40:08  ⚠️  알림 전송 실패: <urlopen error [Errno 61] Connection refused>
2026-09-11 14:45:22  [경량] FAIL 1 · N/A 29 · PASS 119 · UNK 5 · WARN 11 (13초)  변화 발생
2026-09-11 14:45:22     ✅ 해소 확인  [8409] 9. 스캐너 루프 정체 — 마지막 스캔 55분 전 (주기 300초) — 정체
2026-09-11 14:45:22  ⚠️  알림 전송 실패: <urlopen error [Errno 61] Connection refused>
2026-09-11 15:18:17  [전체] FAIL 3 · N/A 19 · PASS 124 · UNK 9 · WARN 10 (39초)  변화 발생
2026-09-11 15:18:17     ❌ 신규 결함  [8407] 22. 청산 1:1 대사 — 원장 143건 중 CSV 누락 143건: ['1000PEPE', 'ADA', 'ARB', 'ASTER', 'CRV', 'DOGE']
2026-09-11 15:18:17     ❌ 신규 결함  [8409] 21. 손익·수수료 정밀도 — 값 오염 의심 — CSV +1.1534(체결130건) vs 원장 -0.1371(포지션75건) 차이 +1.2906
2026-09-11 15:18:17  ⚠️  알림 전송 실패: <urlopen error [Errno 61] Connection refused>
2026-09-11 15:23:48  [경량] FAIL 1 · N/A 29 · PASS 119 · UNK 5 · WARN 11 (31초)  변화 발생
2026-09-11 15:23:48     ✅ 해소 확인  [8407] 22. 청산 1:1 대사 — 원장 143건 중 CSV 누락 143건: ['1000PEPE', 'ADA', 'ARB', 'ASTER', 'CRV', 'DOGE']
2026-09-11 15:23:48     ✅ 해소 확인  [8409] 21. 손익·수수료 정밀도 — 값 오염 의심 — CSV +1.1534(체결130건) vs 원장 -0.1371(포지션75건) 차이 +1.2906
2026-09-11 15:23:48  ⚠️  알림 전송 실패: <urlopen error [Errno 61] Connection refused>
2026-09-11 16:24:16  [전체] FAIL 3 · N/A 19 · PASS 123 · UNK 9 · WARN 11 (141초)  변화 발생
2026-09-11 16:24:16     ❌ 신규 결함  [8407] 22. 청산 1:1 대사 — 원장 143건 중 CSV 누락 143건: ['1000PEPE', 'ADA', 'ARB', 'ASTER', 'CRV', 'DOGE']
2026-09-11 16:24:16     ❌ 신규 결함  [8409] 21. 손익·수수료 정밀도 — 값 오염 의심 — CSV +1.1139(체결131건) vs 원장 -0.1767(포지션76건) 차이 +1.2906
2026-09-11 16:24:16  ⚠️  알림 전송 실패: <urlopen error [Errno 61] Connection refused>
2026-09-11 16:29:27  [경량] FAIL 1 · N/A 29 · PASS 119 · UNK 5 · WARN 11 (12초)  변화 발생
2026-09-11 16:29:27     ✅ 해소 확인  [8407] 22. 청산 1:1 대사 — 원장 143건 중 CSV 누락 143건: ['1000PEPE', 'ADA', 'ARB', 'ASTER', 'CRV', 'DOGE']
2026-09-11 16:29:27     ✅ 해소 확인  [8409] 21. 손익·수수료 정밀도 — 값 오염 의심 — CSV +1.1139(체결131건) vs 원장 -0.1767(포지션76건) 차이 +1.2906
2026-09-11 16:29:27  ⚠️  알림 전송 실패: <urlopen error [Errno 61] Connection refused>
2026-09-12 12:42:49  감사 스케줄러 시작 — 경량 300초 · 전체 3600초
2026-09-12 12:43:35  [전체] N/A 24 · PASS 121 · UNK 6 · WARN 14 (46초)  변화 발생
2026-09-12 12:43:35     ✅ 해소 확인  [8407] 1. 신호↔주문 일치성 — 신호 2건 전량 차단 (차단 2 / 통과 0)
/Users/l/Library/Python/3.9/lib/python/site-packages/urllib3/__init__.py:35: NotOpenSSLWarning: urllib3 v2 only supports OpenSSL 1.1.1+, currently the 'ssl' module is compiled with 'LibreSSL 2.8.3'. See: https://github.com/urllib3/urllib3/issues/3020
  warnings.warn(
2026-09-12 13:46:42  [전체] N/A 24 · PASS 118 · UNK 8 · WARN 15 (46초)  변화 없음
2026-09-12 14:49:52  [전체] N/A 24 · PASS 119 · UNK 8 · WARN 14 (45초)  변화 없음
2026-09-12 15:53:01  [전체] FAIL 1 · N/A 24 · PASS 116 · UNK 8 · WARN 16 (45초)  변화 발생
2026-09-12 15:53:01     ❌ 신규 결함  [8410] 21. 손익·수수료 정밀도 — 값 오염 의심 — CSV +0.1167(체결10건) vs 원장 +1.5559(포지션44건) 차이 -1.4392
2026-09-12 15:58:15  [경량] N/A 32 · PASS 109 · UNK 8 · WARN 16 (13초)  변화 발생
2026-09-12 15:58:15     ✅ 해소 확인  [8410] 21. 손익·수수료 정밀도 — 값 오염 의심 — CSV +0.1167(체결10건) vs 원장 +1.5559(포지션44건) 차이 -1.4392
2026-09-12 16:56:10  [전체] FAIL 1 · N/A 24 · PASS 118 · UNK 8 · WARN 14 (45초)  변화 발생
2026-09-12 16:56:10     ❌ 신규 결함  [8410] 21. 손익·수수료 정밀도 — 값 오염 의심 — CSV +0.1167(체결10건) vs 원장 +1.5559(포지션44건) 차이 -1.4392
2026-09-12 17:01:24  [경량] N/A 32 · PASS 111 · UNK 8 · WARN 14 (13초)  변화 발생
2026-09-12 17:01:24     ✅ 해소 확인  [8410] 21. 손익·수수료 정밀도 — 값 오염 의심 — CSV +0.1167(체결10건) vs 원장 +1.5559(포지션44건) 차이 -1.4392
2026-09-12 17:59:20  [전체] FAIL 1 · N/A 24 · PASS 118 · UNK 8 · WARN 14 (45초)  변화 발생
2026-09-12 17:59:20     ❌ 신규 결함  [8410] 21. 손익·수수료 정밀도 — 값 오염 의심 — CSV +0.1167(체결10건) vs 원장 +1.5559(포지션44건) 차이 -1.4392
2026-09-12 18:04:33  [경량] N/A 32 · PASS 112 · UNK 8 · WARN 13 (13초)  변화 발생
2026-09-12 18:04:33     ✅ 해소 확인  [8410] 21. 손익·수수료 정밀도 — 값 오염 의심 — CSV +0.1167(체결10건) vs 원장 +1.5559(포지션44건) 차이 -1.4392
2026-09-12 19:02:29  [전체] FAIL 1 · N/A 24 · PASS 117 · UNK 8 · WARN 15 (45초)  변화 발생
2026-09-12 19:02:29     ❌ 신규 결함  [8410] 21. 손익·수수료 정밀도 — 값 오염 의심 — CSV +0.1167(체결10건) vs 원장 +1.5559(포지션44건) 차이 -1.4392
2026-09-12 19:07:42  [경량] N/A 32 · PASS 112 · UNK 8 · WARN 13 (13초)  변화 발생
2026-09-12 19:07:42     ✅ 해소 확인  [8410] 21. 손익·수수료 정밀도 — 값 오염 의심 — CSV +0.1167(체결10건) vs 원장 +1.5559(포지션44건) 차이 -1.4392
2026-09-12 20:05:39  [전체] FAIL 1 · N/A 24 · PASS 118 · UNK 8 · WARN 14 (46초)  변화 발생
2026-09-12 20:05:39     ❌ 신규 결함  [8410] 21. 손익·수수료 정밀도 — 값 오염 의심 — CSV +0.1167(체결10건) vs 원장 +1.5559(포지션44건) 차이 -1.4392
2026-09-12 20:10:53  [경량] N/A 32 · PASS 112 · UNK 8 · WARN 13 (13초)  변화 발생
2026-09-12 20:10:53     ✅ 해소 확인  [8410] 21. 손익·수수료 정밀도 — 값 오염 의심 — CSV +0.1167(체결10건) vs 원장 +1.5559(포지션44건) 차이 -1.4392
2026-09-12 21:08:53  [전체] FAIL 1 · N/A 24 · PASS 117 · UNK 8 · WARN 15 (46초)  변화 발생
2026-09-12 21:08:53     ❌ 신규 결함  [8410] 21. 손익·수수료 정밀도 — 값 오염 의심 — CSV -0.0363(체결9건) vs 원장 +1.5559(포지션44건) 차이 -1.5922
2026-09-12 21:14:07  [경량] N/A 32 · PASS 112 · UNK 8 · WARN 13 (13초)  변화 발생
2026-09-12 21:14:07     ✅ 해소 확인  [8410] 21. 손익·수수료 정밀도 — 값 오염 의심 — CSV -0.0363(체결9건) vs 원장 +1.5559(포지션44건) 차이 -1.5922
2026-09-12 22:12:05  [전체] FAIL 1 · N/A 24 · PASS 119 · UNK 8 · WARN 13 (45초)  변화 발생
2026-09-12 22:12:05     ❌ 신규 결함  [8410] 21. 손익·수수료 정밀도 — 값 오염 의심 — CSV -0.0363(체결9건) vs 원장 +1.5559(포지션44건) 차이 -1.5922
2026-09-12 22:17:19  [경량] N/A 32 · PASS 112 · UNK 8 · WARN 13 (13초)  변화 발생
2026-09-12 22:17:19     ✅ 해소 확인  [8410] 21. 손익·수수료 정밀도 — 값 오염 의심 — CSV -0.0363(체결9건) vs 원장 +1.5559(포지션44건) 차이 -1.5922
2026-09-12 22:38:13  [경량] FAIL 1 · N/A 32 · PASS 112 · UNK 8 · WARN 12 (13초)  변화 발생
2026-09-12 22:38:13     ❌ 신규 결함  [8409] 16. 최대보유시간 청산 — 보유시간 초과 방치: ['PAXG(24h)'] (한도 24h)
2026-09-12 23:15:19  [전체] FAIL 2 · N/A 24 · PASS 118 · UNK 8 · WARN 13 (46초)  변화 발생
2026-09-12 23:15:19     ❌ 신규 결함  [8410] 21. 손익·수수료 정밀도 — 값 오염 의심 — CSV -0.0363(체결9건) vs 원장 +1.5559(포지션44건) 차이 -1.5922
2026-09-12 23:20:33  [경량] FAIL 1 · N/A 32 · PASS 112 · UNK 8 · WARN 12 (13초)  변화 발생
2026-09-12 23:20:33     ✅ 해소 확인  [8410] 21. 손익·수수료 정밀도 — 값 오염 의심 — CSV -0.0363(체결9건) vs 원장 +1.5559(포지션44건) 차이 -1.5922
2026-09-13 00:18:31  [전체] FAIL 2 · N/A 24 · PASS 118 · UNK 8 · WARN 13 (45초)  변화 발생
2026-09-13 00:18:31     ❌ 신규 결함  [8410] 21. 손익·수수료 정밀도 — 값 오염 의심 — CSV -0.0363(체결9건) vs 원장 +1.5559(포지션44건) 차이 -1.5922
2026-09-13 00:23:44  [경량] FAIL 1 · N/A 32 · PASS 111 · UNK 8 · WARN 13 (13초)  변화 발생
2026-09-13 00:23:44     ✅ 해소 확인  [8410] 21. 손익·수수료 정밀도 — 값 오염 의심 — CSV -0.0363(체결9건) vs 원장 +1.5559(포지션44건) 차이 -1.5922
2026-09-13 01:21:42  [전체] FAIL 2 · N/A 24 · PASS 117 · UNK 8 · WARN 14 (45초)  변화 발생
2026-09-13 01:21:42     ❌ 신규 결함  [8410] 21. 손익·수수료 정밀도 — 값 오염 의심 — CSV -0.0363(체결9건) vs 원장 +1.5559(포지션44건) 차이 -1.5922
2026-09-13 01:26:56  [경량] FAIL 1 · N/A 32 · PASS 110 · UNK 8 · WARN 14 (13초)  변화 발생
2026-09-13 01:26:56     ✅ 해소 확인  [8410] 21. 손익·수수료 정밀도 — 값 오염 의심 — CSV -0.0363(체결9건) vs 원장 +1.5559(포지션44건) 차이 -1.5922
2026-09-13 02:24:52  [전체] FAIL 2 · N/A 24 · PASS 116 · UNK 8 · WARN 15 (45초)  변화 발생
2026-09-13 02:24:52     ❌ 신규 결함  [8410] 21. 손익·수수료 정밀도 — 값 오염 의심 — CSV -0.0363(체결9건) vs 원장 +1.5559(포지션44건) 차이 -1.5922
2026-09-13 02:30:06  [경량] FAIL 1 · N/A 32 · PASS 110 · UNK 8 · WARN 14 (13초)  변화 발생
2026-09-13 02:30:06     ✅ 해소 확인  [8410] 21. 손익·수수료 정밀도 — 값 오염 의심 — CSV -0.0363(체결9건) vs 원장 +1.5559(포지션44건) 차이 -1.5922
2026-09-13 03:28:02  [전체] FAIL 2 · N/A 24 · PASS 117 · UNK 8 · WARN 14 (45초)  변화 발생
2026-09-13 03:28:02     ❌ 신규 결함  [8410] 21. 손익·수수료 정밀도 — 값 오염 의심 — CSV -0.0363(체결9건) vs 원장 +1.5559(포지션44건) 차이 -1.5922
2026-09-13 03:33:15  [경량] FAIL 1 · N/A 32 · PASS 110 · UNK 8 · WARN 14 (13초)  변화 발생
2026-09-13 03:33:15     ✅ 해소 확인  [8410] 21. 손익·수수료 정밀도 — 값 오염 의심 — CSV -0.0363(체결9건) vs 원장 +1.5559(포지션44건) 차이 -1.5922
2026-09-13 04:31:11  [전체] FAIL 2 · N/A 24 · PASS 117 · UNK 8 · WARN 14 (45초)  변화 발생
2026-09-13 04:31:11     ❌ 신규 결함  [8410] 21. 손익·수수료 정밀도 — 값 오염 의심 — CSV -0.0363(체결9건) vs 원장 +1.5559(포지션44건) 차이 -1.5922
2026-09-13 04:36:25  [경량] FAIL 1 · N/A 32 · PASS 110 · UNK 8 · WARN 14 (13초)  변화 발생
2026-09-13 04:36:25     ✅ 해소 확인  [8410] 21. 손익·수수료 정밀도 — 값 오염 의심 — CSV -0.0363(체결9건) vs 원장 +1.5559(포지션44건) 차이 -1.5922
2026-09-13 05:34:21  [전체] FAIL 3 · N/A 24 · PASS 117 · UNK 8 · WARN 13 (45초)  변화 발생
2026-09-13 05:34:21     ❌ 신규 결함  [8402] 21. 손익·수수료 정밀도 — 값 오염 의심 — CSV +0.7025(체결13건) vs 원장 +1.8048(포지션9건) 차이 -1.1023
2026-09-13 05:34:21     ❌ 신규 결함  [8410] 21. 손익·수수료 정밀도 — 값 오염 의심 — CSV -0.4834(체결8건) vs 원장 +1.5559(포지션44건) 차이 -2.0392
2026-09-13 05:39:34  [경량] FAIL 1 · N/A 32 · PASS 110 · UNK 8 · WARN 14 (13초)  변화 발생
2026-09-13 05:39:34     ✅ 해소 확인  [8402] 21. 손익·수수료 정밀도 — 값 오염 의심 — CSV +0.7025(체결13건) vs 원장 +1.8048(포지션9건) 차이 -1.1023
2026-09-13 05:39:34     ✅ 해소 확인  [8410] 21. 손익·수수료 정밀도 — 값 오염 의심 — CSV -0.4834(체결8건) vs 원장 +1.5559(포지션44건) 차이 -2.0392
2026-09-13 06:37:30  [전체] FAIL 3 · N/A 24 · PASS 117 · UNK 8 · WARN 13 (45초)  변화 발생
2026-09-13 06:37:30     ❌ 신규 결함  [8402] 21. 손익·수수료 정밀도 — 값 오염 의심 — CSV +0.7025(체결13건) vs 원장 +1.8048(포지션9건) 차이 -1.1023
2026-09-13 06:37:30     ❌ 신규 결함  [8410] 21. 손익·수수료 정밀도 — 값 오염 의심 — CSV -0.4834(체결8건) vs 원장 +1.5559(포지션44건) 차이 -2.0392
2026-09-13 06:42:44  [경량] FAIL 1 · N/A 32 · PASS 110 · UNK 8 · WARN 14 (13초)  변화 발생
2026-09-13 06:42:44     ✅ 해소 확인  [8402] 21. 손익·수수료 정밀도 — 값 오염 의심 — CSV +0.7025(체결13건) vs 원장 +1.8048(포지션9건) 차이 -1.1023
2026-09-13 06:42:44     ✅ 해소 확인  [8410] 21. 손익·수수료 정밀도 — 값 오염 의심 — CSV -0.4834(체결8건) vs 원장 +1.5559(포지션44건) 차이 -2.0392
2026-09-13 07:40:42  [전체] FAIL 3 · N/A 24 · PASS 117 · UNK 7 · WARN 14 (45초)  변화 발생
2026-09-13 07:40:42     ❌ 신규 결함  [8402] 21. 손익·수수료 정밀도 — 값 오염 의심 — CSV +0.7025(체결13건) vs 원장 +1.8048(포지션9건) 차이 -1.1023
2026-09-13 07:40:42     ❌ 신규 결함  [8410] 21. 손익·수수료 정밀도 — 값 오염 의심 — CSV -0.4834(체결8건) vs 원장 +1.5559(포지션44건) 차이 -2.0392
2026-09-13 07:45:55  [경량] FAIL 1 · N/A 32 · PASS 109 · UNK 8 · WARN 15 (13초)  변화 발생
2026-09-13 07:45:55     ✅ 해소 확인  [8402] 21. 손익·수수료 정밀도 — 값 오염 의심 — CSV +0.7025(체결13건) vs 원장 +1.8048(포지션9건) 차이 -1.1023
2026-09-13 07:45:55     ✅ 해소 확인  [8410] 21. 손익·수수료 정밀도 — 값 오염 의심 — CSV -0.4834(체결8건) vs 원장 +1.5559(포지션44건) 차이 -2.0392
2026-09-13 08:43:54  [전체] FAIL 3 · N/A 24 · PASS 117 · UNK 8 · WARN 13 (45초)  변화 발생
2026-09-13 08:43:54     ❌ 신규 결함  [8402] 21. 손익·수수료 정밀도 — 값 오염 의심 — CSV +0.7025(체결13건) vs 원장 +1.8048(포지션9건) 차이 -1.1023
2026-09-13 08:43:54     ❌ 신규 결함  [8410] 21. 손익·수수료 정밀도 — 값 오염 의심 — CSV -0.4834(체결8건) vs 원장 +1.5559(포지션44건) 차이 -2.0392
2026-09-13 08:49:08  [경량] FAIL 1 · N/A 32 · PASS 111 · UNK 8 · WARN 13 (13초)  변화 발생
2026-09-13 08:49:08     ✅ 해소 확인  [8402] 21. 손익·수수료 정밀도 — 값 오염 의심 — CSV +0.7025(체결13건) vs 원장 +1.8048(포지션9건) 차이 -1.1023
2026-09-13 08:49:08     ✅ 해소 확인  [8410] 21. 손익·수수료 정밀도 — 값 오염 의심 — CSV -0.4834(체결8건) vs 원장 +1.5559(포지션44건) 차이 -2.0392
2026-09-13 09:47:05  [전체] FAIL 3 · N/A 24 · PASS 116 · UNK 8 · WARN 14 (45초)  변화 발생
2026-09-13 09:47:05     ❌ 신규 결함  [8402] 21. 손익·수수료 정밀도 — 값 오염 의심 — CSV +0.7025(체결13건) vs 원장 +1.8048(포지션9건) 차이 -1.1023
2026-09-13 09:47:05     ❌ 신규 결함  [8410] 21. 손익·수수료 정밀도 — 값 오염 의심 — CSV -0.4834(체결8건) vs 원장 +1.5559(포지션44건) 차이 -2.0392
2026-09-13 09:52:18  [경량] FAIL 1 · N/A 32 · PASS 110 · UNK 8 · WARN 14 (13초)  변화 발생
2026-09-13 09:52:18     ✅ 해소 확인  [8402] 21. 손익·수수료 정밀도 — 값 오염 의심 — CSV +0.7025(체결13건) vs 원장 +1.8048(포지션9건) 차이 -1.1023
2026-09-13 09:52:18     ✅ 해소 확인  [8410] 21. 손익·수수료 정밀도 — 값 오염 의심 — CSV -0.4834(체결8건) vs 원장 +1.5559(포지션44건) 차이 -2.0392
2026-09-13 10:50:16  [전체] FAIL 3 · N/A 24 · PASS 116 · UNK 8 · WARN 14 (45초)  변화 발생
2026-09-13 10:50:16     ❌ 신규 결함  [8402] 21. 손익·수수료 정밀도 — 값 오염 의심 — CSV +0.7025(체결13건) vs 원장 +1.8048(포지션9건) 차이 -1.1023
2026-09-13 10:50:16     ❌ 신규 결함  [8410] 21. 손익·수수료 정밀도 — 값 오염 의심 — CSV -0.4834(체결8건) vs 원장 +1.5559(포지션44건) 차이 -2.0392
2026-09-13 10:55:30  [경량] FAIL 1 · N/A 32 · PASS 110 · UNK 8 · WARN 14 (13초)  변화 발생
2026-09-13 10:55:30     ✅ 해소 확인  [8402] 21. 손익·수수료 정밀도 — 값 오염 의심 — CSV +0.7025(체결13건) vs 원장 +1.8048(포지션9건) 차이 -1.1023
2026-09-13 10:55:30     ✅ 해소 확인  [8410] 21. 손익·수수료 정밀도 — 값 오염 의심 — CSV -0.4834(체결8건) vs 원장 +1.5559(포지션44건) 차이 -2.0392
2026-09-13 11:53:28  [전체] FAIL 3 · N/A 24 · PASS 117 · UNK 8 · WARN 13 (45초)  변화 발생
2026-09-13 11:53:28     ❌ 신규 결함  [8402] 21. 손익·수수료 정밀도 — 값 오염 의심 — CSV +0.7025(체결13건) vs 원장 +1.8048(포지션9건) 차이 -1.1023
2026-09-13 11:53:28     ❌ 신규 결함  [8410] 21. 손익·수수료 정밀도 — 값 오염 의심 — CSV -0.6796(체결7건) vs 원장 +1.5559(포지션44건) 차이 -2.2355
2026-09-13 11:58:41  [경량] FAIL 1 · N/A 32 · PASS 110 · UNK 8 · WARN 14 (13초)  변화 발생
2026-09-13 11:58:41     ✅ 해소 확인  [8402] 21. 손익·수수료 정밀도 — 값 오염 의심 — CSV +0.7025(체결13건) vs 원장 +1.8048(포지션9건) 차이 -1.1023
2026-09-13 11:58:41     ✅ 해소 확인  [8410] 21. 손익·수수료 정밀도 — 값 오염 의심 — CSV -0.6796(체결7건) vs 원장 +1.5559(포지션44건) 차이 -2.2355
2026-09-13 12:56:37  [전체] FAIL 3 · N/A 24 · PASS 118 · UNK 7 · WARN 13 (45초)  변화 발생
2026-09-13 12:56:37     ❌ 신규 결함  [8402] 21. 손익·수수료 정밀도 — 값 오염 의심 — CSV +0.7025(체결13건) vs 원장 +1.8048(포지션9건) 차이 -1.1023
2026-09-13 12:56:37     ❌ 신규 결함  [8410] 21. 손익·수수료 정밀도 — 값 오염 의심 — CSV -0.6796(체결7건) vs 원장 +1.5559(포지션44건) 차이 -2.2355
2026-09-13 13:01:51  [경량] FAIL 1 · N/A 32 · PASS 112 · UNK 7 · WARN 13 (13초)  변화 발생
2026-09-13 13:01:51     ✅ 해소 확인  [8402] 21. 손익·수수료 정밀도 — 값 오염 의심 — CSV +0.7025(체결13건) vs 원장 +1.8048(포지션9건) 차이 -1.1023
2026-09-13 13:01:51     ✅ 해소 확인  [8410] 21. 손익·수수료 정밀도 — 값 오염 의심 — CSV -0.6796(체결7건) vs 원장 +1.5559(포지션44건) 차이 -2.2355
2026-09-13 13:59:48  [전체] FAIL 3 · N/A 24 · PASS 116 · UNK 8 · WARN 14 (45초)  변화 발생
2026-09-13 13:59:48     ❌ 신규 결함  [8402] 21. 손익·수수료 정밀도 — 값 오염 의심 — CSV +0.2157(체결11건) vs 원장 +1.8048(포지션9건) 차이 -1.5891
2026-09-13 13:59:48     ❌ 신규 결함  [8410] 21. 손익·수수료 정밀도 — 값 오염 의심 — CSV -1.9866(체결6건) vs 원장 +1.5559(포지션44건) 차이 -3.5425
2026-09-13 14:05:02  [경량] FAIL 1 · N/A 32 · PASS 110 · UNK 8 · WARN 14 (14초)  변화 발생
2026-09-13 14:05:02     ✅ 해소 확인  [8402] 21. 손익·수수료 정밀도 — 값 오염 의심 — CSV +0.2157(체결11건) vs 원장 +1.8048(포지션9건) 차이 -1.5891
2026-09-13 14:05:02     ✅ 해소 확인  [8410] 21. 손익·수수료 정밀도 — 값 오염 의심 — CSV -1.9866(체결6건) vs 원장 +1.5559(포지션44건) 차이 -3.5425
2026-09-13 15:02:59  [전체] FAIL 3 · N/A 24 · PASS 117 · UNK 7 · WARN 14 (45초)  변화 발생
2026-09-13 15:02:59     ❌ 신규 결함  [8402] 21. 손익·수수료 정밀도 — 값 오염 의심 — CSV -0.1751(체결10건) vs 원장 +1.8048(포지션9건) 차이 -1.9799
2026-09-13 15:02:59     ❌ 신규 결함  [8410] 21. 손익·수수료 정밀도 — 값 오염 의심 — CSV -1.9866(체결6건) vs 원장 +1.5559(포지션44건) 차이 -3.5425
2026-09-13 15:08:12  [경량] FAIL 1 · N/A 32 · PASS 111 · UNK 8 · WARN 13 (13초)  변화 발생
2026-09-13 15:08:12     ✅ 해소 확인  [8402] 21. 손익·수수료 정밀도 — 값 오염 의심 — CSV -0.1751(체결10건) vs 원장 +1.8048(포지션9건) 차이 -1.9799
2026-09-13 15:08:12     ✅ 해소 확인  [8410] 21. 손익·수수료 정밀도 — 값 오염 의심 — CSV -1.9866(체결6건) vs 원장 +1.5559(포지션44건) 차이 -3.5425
2026-09-13 16:06:08  [전체] FAIL 3 · N/A 24 · PASS 117 · UNK 7 · WARN 14 (45초)  변화 발생
2026-09-13 16:06:08     ❌ 신규 결함  [8402] 21. 손익·수수료 정밀도 — 값 오염 의심 — CSV -0.1751(체결10건) vs 원장 +1.8048(포지션9건) 차이 -1.9799
2026-09-13 16:06:08     ❌ 신규 결함  [8410] 21. 손익·수수료 정밀도 — 값 오염 의심 — CSV -1.9866(체결6건) vs 원장 +1.5559(포지션44건) 차이 -3.5425
2026-09-13 16:11:22  [경량] FAIL 1 · N/A 32 · PASS 110 · UNK 7 · WARN 15 (13초)  변화 발생
2026-09-13 16:11:22     ✅ 해소 확인  [8402] 21. 손익·수수료 정밀도 — 값 오염 의심 — CSV -0.1751(체결10건) vs 원장 +1.8048(포지션9건) 차이 -1.9799
2026-09-13 16:11:22     ✅ 해소 확인  [8410] 21. 손익·수수료 정밀도 — 값 오염 의심 — CSV -1.9866(체결6건) vs 원장 +1.5559(포지션44건) 차이 -3.5425
2026-09-13 17:09:20  [전체] FAIL 3 · N/A 24 · PASS 116 · UNK 7 · WARN 15 (45초)  변화 발생
2026-09-13 17:09:20     ❌ 신규 결함  [8402] 21. 손익·수수료 정밀도 — 값 오염 의심 — CSV -0.1751(체결10건) vs 원장 +1.8048(포지션9건) 차이 -1.9799
2026-09-13 17:09:20     ❌ 신규 결함  [8410] 21. 손익·수수료 정밀도 — 값 오염 의심 — CSV -1.9866(체결6건) vs 원장 +1.5559(포지션44건) 차이 -3.5425
2026-09-13 17:14:34  [경량] FAIL 1 · N/A 32 · PASS 110 · UNK 7 · WARN 15 (13초)  변화 발생
2026-09-13 17:14:34     ✅ 해소 확인  [8402] 21. 손익·수수료 정밀도 — 값 오염 의심 — CSV -0.1751(체결10건) vs 원장 +1.8048(포지션9건) 차이 -1.9799
2026-09-13 17:14:34     ✅ 해소 확인  [8410] 21. 손익·수수료 정밀도 — 값 오염 의심 — CSV -1.9866(체결6건) vs 원장 +1.5559(포지션44건) 차이 -3.5425
2026-09-13 17:35:29  [경량] FAIL 3 · N/A 32 · PASS 107 · UNK 8 · WARN 15 (13초)  변화 발생
2026-09-13 17:35:29     ❌ 신규 결함  [8409] 12. 장부↔거래소 포지션 일치 — 유령(로컬만) ['HYPE/USDT:USDT'] · 고아(거래소만) []
2026-09-13 17:35:29     ❌ 신규 결함  [8409] 20. 청산 후 상태파일 삭제 — 청산 후 잔존: ['HYPE/USDT:USDT']
2026-09-13 17:40:43  [경량] FAIL 1 · N/A 32 · PASS 110 · UNK 7 · WARN 15 (13초)  변화 발생
2026-09-13 17:40:43     ✅ 해소 확인  [8409] 12. 장부↔거래소 포지션 일치 — 유령(로컬만) ['HYPE/USDT:USDT'] · 고아(거래소만) []
2026-09-13 17:40:43     ✅ 해소 확인  [8409] 20. 청산 후 상태파일 삭제 — 청산 후 잔존: ['HYPE/USDT:USDT']
2026-09-13 18:12:34  [전체] FAIL 3 · N/A 24 · PASS 116 · UNK 8 · WARN 14 (45초)  변화 발생
2026-09-13 18:12:34     ❌ 신규 결함  [8402] 21. 손익·수수료 정밀도 — 값 오염 의심 — CSV -0.1751(체결10건) vs 원장 +1.8048(포지션9건) 차이 -1.9799
2026-09-13 18:12:34     ❌ 신규 결함  [8410] 21. 손익·수수료 정밀도 — 값 오염 의심 — CSV -1.9866(체결6건) vs 원장 +1.5559(포지션44건) 차이 -3.5425
2026-09-13 18:17:47  [경량] FAIL 1 · N/A 32 · PASS 111 · UNK 8 · WARN 13 (13초)  변화 발생
2026-09-13 18:17:47     ✅ 해소 확인  [8402] 21. 손익·수수료 정밀도 — 값 오염 의심 — CSV -0.1751(체결10건) vs 원장 +1.8048(포지션9건) 차이 -1.9799
2026-09-13 18:17:47     ✅ 해소 확인  [8410] 21. 손익·수수료 정밀도 — 값 오염 의심 — CSV -1.9866(체결6건) vs 원장 +1.5559(포지션44건) 차이 -3.5425
2026-09-13 19:15:44  [전체] FAIL 3 · N/A 24 · PASS 115 · UNK 8 · WARN 15 (45초)  변화 발생
2026-09-13 19:15:44     ❌ 신규 결함  [8402] 21. 손익·수수료 정밀도 — 값 오염 의심 — CSV -0.1751(체결10건) vs 원장 +1.8048(포지션9건) 차이 -1.9799
2026-09-13 19:15:44     ❌ 신규 결함  [8410] 21. 손익·수수료 정밀도 — 값 오염 의심 — CSV -1.9866(체결6건) vs 원장 +1.5559(포지션44건) 차이 -3.5425
2026-09-13 19:20:57  [경량] FAIL 1 · N/A 32 · PASS 110 · UNK 8 · WARN 14 (13초)  변화 발생
2026-09-13 19:20:57     ✅ 해소 확인  [8402] 21. 손익·수수료 정밀도 — 값 오염 의심 — CSV -0.1751(체결10건) vs 원장 +1.8048(포지션9건) 차이 -1.9799
2026-09-13 19:20:57     ✅ 해소 확인  [8410] 21. 손익·수수료 정밀도 — 값 오염 의심 — CSV -1.9866(체결6건) vs 원장 +1.5559(포지션44건) 차이 -3.5425
2026-09-13 20:18:54  [전체] FAIL 3 · N/A 24 · PASS 115 · UNK 8 · WARN 15 (45초)  변화 발생
2026-09-13 20:18:54     ❌ 신규 결함  [8402] 21. 손익·수수료 정밀도 — 값 오염 의심 — CSV -0.1751(체결10건) vs 원장 +1.8048(포지션9건) 차이 -1.9799
2026-09-13 20:18:54     ❌ 신규 결함  [8410] 21. 손익·수수료 정밀도 — 값 오염 의심 — CSV -1.9866(체결6건) vs 원장 +1.5559(포지션44건) 차이 -3.5425
2026-09-13 20:24:08  [경량] FAIL 1 · N/A 32 · PASS 110 · UNK 8 · WARN 14 (13초)  변화 발생
2026-09-13 20:24:08     ✅ 해소 확인  [8402] 21. 손익·수수료 정밀도 — 값 오염 의심 — CSV -0.1751(체결10건) vs 원장 +1.8048(포지션9건) 차이 -1.9799
2026-09-13 20:24:08     ✅ 해소 확인  [8410] 21. 손익·수수료 정밀도 — 값 오염 의심 — CSV -1.9866(체결6건) vs 원장 +1.5559(포지션44건) 차이 -3.5425
2026-09-13 21:22:06  [전체] FAIL 3 · N/A 24 · PASS 115 · UNK 8 · WARN 15 (46초)  변화 발생
2026-09-13 21:22:06     ❌ 신규 결함  [8402] 21. 손익·수수료 정밀도 — 값 오염 의심 — CSV -0.1751(체결10건) vs 원장 +1.8048(포지션9건) 차이 -1.9799
2026-09-13 21:22:06     ❌ 신규 결함  [8410] 21. 손익·수수료 정밀도 — 값 오염 의심 — CSV -1.9866(체결6건) vs 원장 +1.5559(포지션44건) 차이 -3.5425
2026-09-13 21:27:20  [경량] FAIL 1 · N/A 32 · PASS 110 · UNK 8 · WARN 14 (13초)  변화 발생
2026-09-13 21:27:20     ✅ 해소 확인  [8402] 21. 손익·수수료 정밀도 — 값 오염 의심 — CSV -0.1751(체결10건) vs 원장 +1.8048(포지션9건) 차이 -1.9799
2026-09-13 21:27:20     ✅ 해소 확인  [8410] 21. 손익·수수료 정밀도 — 값 오염 의심 — CSV -1.9866(체결6건) vs 원장 +1.5559(포지션44건) 차이 -3.5425
2026-09-13 22:25:20  [전체] FAIL 3 · N/A 24 · PASS 117 · UNK 8 · WARN 13 (46초)  변화 발생
2026-09-13 22:25:20     ❌ 신규 결함  [8402] 21. 손익·수수료 정밀도 — 값 오염 의심 — CSV -0.1751(체결10건) vs 원장 +1.8048(포지션9건) 차이 -1.9799
2026-09-13 22:25:20     ❌ 신규 결함  [8410] 21. 손익·수수료 정밀도 — 값 오염 의심 — CSV -1.9866(체결6건) vs 원장 +1.5559(포지션44건) 차이 -3.5425
2026-09-13 22:30:33  [경량] FAIL 1 · N/A 32 · PASS 110 · UNK 8 · WARN 14 (13초)  변화 발생
2026-09-13 22:30:33     ✅ 해소 확인  [8402] 21. 손익·수수료 정밀도 — 값 오염 의심 — CSV -0.1751(체결10건) vs 원장 +1.8048(포지션9건) 차이 -1.9799
2026-09-13 22:30:33     ✅ 해소 확인  [8410] 21. 손익·수수료 정밀도 — 값 오염 의심 — CSV -1.9866(체결6건) vs 원장 +1.5559(포지션44건) 차이 -3.5425
2026-09-13 23:22:47  [경량] FAIL 2 · N/A 32 · PASS 109 · UNK 7 · WARN 15 (11초)  변화 발생
2026-09-13 23:22:47     ❌ 신규 결함  [8409] 5. 최소주문 단위 충족 — 최소주문 미달 거부 4건
2026-09-13 23:28:32  [전체] FAIL 4 · N/A 24 · PASS 115 · UNK 7 · WARN 15 (45초)  변화 발생
2026-09-13 23:28:32     ❌ 신규 결함  [8402] 21. 손익·수수료 정밀도 — 값 오염 의심 — CSV -0.1751(체결10건) vs 원장 +1.8048(포지션9건) 차이 -1.9799
2026-09-13 23:28:32     ❌ 신규 결함  [8410] 21. 손익·수수료 정밀도 — 값 오염 의심 — CSV -1.9866(체결6건) vs 원장 +1.5559(포지션44건) 차이 -3.5425
2026-09-13 23:33:46  [경량] FAIL 2 · N/A 32 · PASS 108 · UNK 8 · WARN 15 (13초)  변화 발생
2026-09-13 23:33:46     ✅ 해소 확인  [8402] 21. 손익·수수료 정밀도 — 값 오염 의심 — CSV -0.1751(체결10건) vs 원장 +1.8048(포지션9건) 차이 -1.9799
2026-09-13 23:33:46     ✅ 해소 확인  [8410] 21. 손익·수수료 정밀도 — 값 오염 의심 — CSV -1.9866(체결6건) vs 원장 +1.5559(포지션44건) 차이 -3.5425
2026-09-13 23:44:15  [경량] FAIL 1 · N/A 32 · PASS 109 · UNK 8 · WARN 15 (13초)  변화 발생
2026-09-13 23:44:15     ✅ 해소 확인  [8409] 5. 최소주문 단위 충족 — 최소주문 미달 거부 4건
2026-09-14 00:31:47  [전체] FAIL 3 · N/A 24 · PASS 116 · UNK 8 · WARN 14 (46초)  변화 발생
2026-09-14 00:31:47     ❌ 신규 결함  [8402] 21. 손익·수수료 정밀도 — 값 오염 의심 — CSV -0.1751(체결10건) vs 원장 +1.8048(포지션9건) 차이 -1.9799
2026-09-14 00:31:47     ❌ 신규 결함  [8410] 21. 손익·수수료 정밀도 — 값 오염 의심 — CSV -1.9866(체결6건) vs 원장 +1.5559(포지션44건) 차이 -3.5425
2026-09-14 00:37:00  [경량] FAIL 1 · N/A 32 · PASS 110 · UNK 8 · WARN 14 (13초)  변화 발생
2026-09-14 00:37:00     ✅ 해소 확인  [8402] 21. 손익·수수료 정밀도 — 값 오염 의심 — CSV -0.1751(체결10건) vs 원장 +1.8048(포지션9건) 차이 -1.9799
2026-09-14 00:37:00     ✅ 해소 확인  [8410] 21. 손익·수수료 정밀도 — 값 오염 의심 — CSV -1.9866(체결6건) vs 원장 +1.5559(포지션44건) 차이 -3.5425
2026-09-14 01:34:58  [전체] FAIL 3 · N/A 24 · PASS 116 · UNK 8 · WARN 14 (45초)  변화 발생
2026-09-14 01:34:58     ❌ 신규 결함  [8402] 21. 손익·수수료 정밀도 — 값 오염 의심 — CSV -0.1751(체결10건) vs 원장 +1.8048(포지션9건) 차이 -1.9799
2026-09-14 01:34:58     ❌ 신규 결함  [8410] 21. 손익·수수료 정밀도 — 값 오염 의심 — CSV -1.9866(체결6건) vs 원장 +1.5559(포지션44건) 차이 -3.5425
2026-09-14 01:40:11  [경량] FAIL 1 · N/A 32 · PASS 110 · UNK 8 · WARN 14 (13초)  변화 발생
2026-09-14 01:40:11     ✅ 해소 확인  [8402] 21. 손익·수수료 정밀도 — 값 오염 의심 — CSV -0.1751(체결10건) vs 원장 +1.8048(포지션9건) 차이 -1.9799
2026-09-14 01:40:11     ✅ 해소 확인  [8410] 21. 손익·수수료 정밀도 — 값 오염 의심 — CSV -1.9866(체결6건) vs 원장 +1.5559(포지션44건) 차이 -3.5425
2026-09-14 02:38:09  [전체] FAIL 3 · N/A 24 · PASS 116 · UNK 8 · WARN 14 (45초)  변화 발생
2026-09-14 02:38:09     ❌ 신규 결함  [8402] 21. 손익·수수료 정밀도 — 값 오염 의심 — CSV -0.1751(체결10건) vs 원장 +1.8048(포지션9건) 차이 -1.9799
2026-09-14 02:38:09     ❌ 신규 결함  [8410] 21. 손익·수수료 정밀도 — 값 오염 의심 — CSV -1.9866(체결6건) vs 원장 +1.5559(포지션44건) 차이 -3.5425
2026-09-14 02:43:23  [경량] FAIL 1 · N/A 32 · PASS 110 · UNK 8 · WARN 14 (13초)  변화 발생
2026-09-14 02:43:23     ✅ 해소 확인  [8402] 21. 손익·수수료 정밀도 — 값 오염 의심 — CSV -0.1751(체결10건) vs 원장 +1.8048(포지션9건) 차이 -1.9799
2026-09-14 02:43:23     ✅ 해소 확인  [8410] 21. 손익·수수료 정밀도 — 값 오염 의심 — CSV -1.9866(체결6건) vs 원장 +1.5559(포지션44건) 차이 -3.5425
2026-09-14 03:41:21  [전체] FAIL 3 · N/A 24 · PASS 116 · UNK 8 · WARN 14 (45초)  변화 발생
2026-09-14 03:41:21     ❌ 신규 결함  [8402] 21. 손익·수수료 정밀도 — 값 오염 의심 — CSV -0.1751(체결10건) vs 원장 +1.8048(포지션9건) 차이 -1.9799
2026-09-14 03:41:21     ❌ 신규 결함  [8410] 21. 손익·수수료 정밀도 — 값 오염 의심 — CSV -1.9866(체결6건) vs 원장 +1.5559(포지션44건) 차이 -3.5425
2026-09-14 03:46:34  [경량] FAIL 1 · N/A 32 · PASS 111 · UNK 8 · WARN 13 (13초)  변화 발생
2026-09-14 03:46:34     ✅ 해소 확인  [8402] 21. 손익·수수료 정밀도 — 값 오염 의심 — CSV -0.1751(체결10건) vs 원장 +1.8048(포지션9건) 차이 -1.9799
2026-09-14 03:46:34     ✅ 해소 확인  [8410] 21. 손익·수수료 정밀도 — 값 오염 의심 — CSV -1.9866(체결6건) vs 원장 +1.5559(포지션44건) 차이 -3.5425
2026-09-14 04:33:35  [경량] FAIL 2 · N/A 32 · PASS 112 · UNK 8 · WARN 11 (12초)  변화 발생
2026-09-14 04:33:35     ❌ 신규 결함  [8401] 9. 스캐너 루프 정체 — 마지막 스캔 2374분 전 (주기 300초) — 정체
2026-09-14 04:38:50  [경량] FAIL 1 · N/A 32 · PASS 112 · UNK 8 · WARN 12 (14초)  변화 발생
2026-09-14 04:38:50     ✅ 해소 확인  [8401] 9. 스캐너 루프 정체 — 마지막 스캔 2374분 전 (주기 300초) — 정체
2026-09-14 04:44:36  [전체] FAIL 3 · N/A 24 · PASS 118 · UNK 8 · WARN 12 (46초)  변화 발생
2026-09-14 04:44:36     ❌ 신규 결함  [8402] 21. 손익·수수료 정밀도 — 값 오염 의심 — CSV -0.1751(체결10건) vs 원장 +1.8048(포지션9건) 차이 -1.9799
2026-09-14 04:44:36     ❌ 신규 결함  [8410] 21. 손익·수수료 정밀도 — 값 오염 의심 — CSV -1.9866(체결6건) vs 원장 +1.5559(포지션44건) 차이 -3.5425
2026-09-14 04:49:50  [경량] FAIL 1 · N/A 32 · PASS 112 · UNK 8 · WARN 12 (13초)  변화 발생
2026-09-14 04:49:50     ✅ 해소 확인  [8402] 21. 손익·수수료 정밀도 — 값 오염 의심 — CSV -0.1751(체결10건) vs 원장 +1.8048(포지션9건) 차이 -1.9799
2026-09-14 04:49:50     ✅ 해소 확인  [8410] 21. 손익·수수료 정밀도 — 값 오염 의심 — CSV -1.9866(체결6건) vs 원장 +1.5559(포지션44건) 차이 -3.5425
2026-09-14 05:47:54  [전체] FAIL 3 · N/A 24 · PASS 119 · UNK 8 · WARN 11 (46초)  변화 발생
2026-09-14 05:47:54     ❌ 신규 결함  [8402] 21. 손익·수수료 정밀도 — 값 오염 의심 — CSV -0.1751(체결10건) vs 원장 +1.8048(포지션9건) 차이 -1.9799
2026-09-14 05:47:54     ❌ 신규 결함  [8410] 21. 손익·수수료 정밀도 — 값 오염 의심 — CSV -1.9866(체결6건) vs 원장 +1.5559(포지션44건) 차이 -3.5425
2026-09-14 05:53:06  [경량] FAIL 1 · N/A 32 · PASS 113 · UNK 8 · WARN 11 (13초)  변화 발생
2026-09-14 05:53:06     ✅ 해소 확인  [8402] 21. 손익·수수료 정밀도 — 값 오염 의심 — CSV -0.1751(체결10건) vs 원장 +1.8048(포지션9건) 차이 -1.9799
2026-09-14 05:53:06     ✅ 해소 확인  [8410] 21. 손익·수수료 정밀도 — 값 오염 의심 — CSV -1.9866(체결6건) vs 원장 +1.5559(포지션44건) 차이 -3.5425
2026-09-14 06:51:07  [전체] FAIL 4 · N/A 24 · PASS 120 · UNK 8 · WARN 9 (45초)  변화 발생
2026-09-14 06:51:07     ❌ 신규 결함  [8401] 21. 손익·수수료 정밀도 — 값 오염 의심 — CSV -0.7042(체결22건) vs 원장 +0.5125(포지션87건) 차이 -1.2166
2026-09-14 06:51:07     ❌ 신규 결함  [8402] 21. 손익·수수료 정밀도 — 값 오염 의심 — CSV -0.1751(체결10건) vs 원장 +1.8048(포지션9건) 차이 -1.9799
2026-09-14 06:51:07     ❌ 신규 결함  [8410] 21. 손익·수수료 정밀도 — 값 오염 의심 — CSV -1.9866(체결6건) vs 원장 +1.5559(포지션44건) 차이 -3.5425
2026-09-14 06:56:20  [경량] FAIL 1 · N/A 32 · PASS 114 · UNK 8 · WARN 10 (13초)  변화 발생
2026-09-14 06:56:20     ✅ 해소 확인  [8401] 21. 손익·수수료 정밀도 — 값 오염 의심 — CSV -0.7042(체결22건) vs 원장 +0.5125(포지션87건) 차이 -1.2166
2026-09-14 06:56:20     ✅ 해소 확인  [8402] 21. 손익·수수료 정밀도 — 값 오염 의심 — CSV -0.1751(체결10건) vs 원장 +1.8048(포지션9건) 차이 -1.9799
2026-09-14 06:56:20     ✅ 해소 확인  [8410] 21. 손익·수수료 정밀도 — 값 오염 의심 — CSV -1.9866(체결6건) vs 원장 +1.5559(포지션44건) 차이 -3.5425
2026-09-14 07:01:34  [경량] N/A 32 · PASS 114 · UNK 8 · WARN 11 (13초)  변화 발생
2026-09-14 07:01:34     ✅ 해소 확인  [8409] 16. 최대보유시간 청산 — 보유시간 초과 방치: ['PAXG(56h)'] (한도 24h)
2026-09-14 07:54:17  [전체] FAIL 3 · N/A 24 · PASS 120 · UNK 8 · WARN 10 (45초)  변화 발생
2026-09-14 07:54:17     ❌ 신규 결함  [8401] 21. 손익·수수료 정밀도 — 값 오염 의심 — CSV -0.7042(체결22건) vs 원장 +0.5125(포지션87건) 차이 -1.2166
2026-09-14 07:54:17     ❌ 신규 결함  [8402] 21. 손익·수수료 정밀도 — 값 오염 의심 — CSV -0.1751(체결10건) vs 원장 +1.8048(포지션9건) 차이 -1.9799
2026-09-14 07:54:17     ❌ 신규 결함  [8410] 21. 손익·수수료 정밀도 — 값 오염 의심 — CSV -1.9866(체결6건) vs 원장 +1.5559(포지션44건) 차이 -3.5425
2026-09-14 07:59:31  [경량] N/A 32 · PASS 114 · UNK 8 · WARN 11 (13초)  변화 발생
2026-09-14 07:59:31     ✅ 해소 확인  [8401] 21. 손익·수수료 정밀도 — 값 오염 의심 — CSV -0.7042(체결22건) vs 원장 +0.5125(포지션87건) 차이 -1.2166
2026-09-14 07:59:31     ✅ 해소 확인  [8402] 21. 손익·수수료 정밀도 — 값 오염 의심 — CSV -0.1751(체결10건) vs 원장 +1.8048(포지션9건) 차이 -1.9799
2026-09-14 07:59:31     ✅ 해소 확인  [8410] 21. 손익·수수료 정밀도 — 값 오염 의심 — CSV -1.9866(체결6건) vs 원장 +1.5559(포지션44건) 차이 -3.5425
2026-09-14 08:57:29  [전체] FAIL 3 · N/A 24 · PASS 120 · UNK 8 · WARN 10 (45초)  변화 발생
2026-09-14 08:57:29     ❌ 신규 결함  [8401] 21. 손익·수수료 정밀도 — 값 오염 의심 — CSV -0.7042(체결22건) vs 원장 +0.5125(포지션87건) 차이 -1.2166
2026-09-14 08:57:29     ❌ 신규 결함  [8402] 21. 손익·수수료 정밀도 — 값 오염 의심 — CSV -0.1751(체결10건) vs 원장 +1.8048(포지션9건) 차이 -1.9799
2026-09-14 08:57:29     ❌ 신규 결함  [8410] 21. 손익·수수료 정밀도 — 값 오염 의심 — CSV -1.9866(체결6건) vs 원장 +1.5559(포지션44건) 차이 -3.5425
2026-09-14 09:02:42  [경량] FAIL 1 · N/A 29 · PASS 121 · UNK 5 · WARN 9 (13초)  변화 발생
2026-09-14 09:02:42     ❌ 신규 결함  [8407] 5. 최소주문 단위 충족 — 최소주문 미달 거부 8건
2026-09-14 09:02:42     ✅ 해소 확인  [8401] 21. 손익·수수료 정밀도 — 값 오염 의심 — CSV -0.7042(체결22건) vs 원장 +0.5125(포지션87건) 차이 -1.2166
2026-09-14 09:02:42     ✅ 해소 확인  [8402] 21. 손익·수수료 정밀도 — 값 오염 의심 — CSV -0.1751(체결10건) vs 원장 +1.8048(포지션9건) 차이 -1.9799
2026-09-14 09:02:42     ✅ 해소 확인  [8410] 21. 손익·수수료 정밀도 — 값 오염 의심 — CSV -1.9866(체결6건) vs 원장 +1.5559(포지션44건) 차이 -3.5425
2026-09-14 09:07:56  [경량] FAIL 2 · N/A 26 · PASS 125 · UNK 4 · WARN 8 (13초)  변화 발생
2026-09-14 09:07:56     ❌ 신규 결함  [8410] 5. 최소주문 단위 충족 — 최소주문 미달 거부 4건
2026-09-14 10:00:41  [전체] FAIL 5 · N/A 18 · PASS 132 · UNK 4 · WARN 6 (46초)  변화 발생
2026-09-14 10:00:41     ❌ 신규 결함  [8401] 21. 손익·수수료 정밀도 — 값 오염 의심 — CSV -0.9256(체결21건) vs 원장 +0.5125(포지션87건) 차이 -1.4380
2026-09-14 10:00:41     ❌ 신규 결함  [8402] 21. 손익·수수료 정밀도 — 값 오염 의심 — CSV -0.1751(체결10건) vs 원장 +1.8048(포지션9건) 차이 -1.9799
2026-09-14 10:00:41     ❌ 신규 결함  [8410] 21. 손익·수수료 정밀도 — 값 오염 의심 — CSV -1.9866(체결6건) vs 원장 +1.5559(포지션44건) 차이 -3.5425
2026-09-14 10:05:55  [경량] FAIL 2 · N/A 26 · PASS 126 · UNK 4 · WARN 7 (13초)  변화 발생
2026-09-14 10:05:55     ✅ 해소 확인  [8401] 21. 손익·수수료 정밀도 — 값 오염 의심 — CSV -0.9256(체결21건) vs 원장 +0.5125(포지션87건) 차이 -1.4380
2026-09-14 10:05:55     ✅ 해소 확인  [8402] 21. 손익·수수료 정밀도 — 값 오염 의심 — CSV -0.1751(체결10건) vs 원장 +1.8048(포지션9건) 차이 -1.9799
2026-09-14 10:05:55     ✅ 해소 확인  [8410] 21. 손익·수수료 정밀도 — 값 오염 의심 — CSV -1.9866(체결6건) vs 원장 +1.5559(포지션44건) 차이 -3.5425
2026-09-14 10:26:54  [경량] FAIL 8 · N/A 35 · PASS 110 · UNK 4 · WARN 8 (19초)  변화 발생
2026-09-14 10:26:54     ❌ 신규 결함  [8401] 12. 장부↔거래소 포지션 일치 — 유령(로컬만) ['FIL/USDT:USDT'] · 고아(거래소만) []
2026-09-14 10:26:54     ❌ 신규 결함  [8401] 20. 청산 후 상태파일 삭제 — 청산 후 잔존: ['FIL/USDT:USDT']
2026-09-14 10:26:54     ❌ 신규 결함  [8402] 12. 장부↔거래소 포지션 일치 — 유령(로컬만) ['FIL/USDT:USDT'] · 고아(거래소만) []
2026-09-14 10:26:54     ❌ 신규 결함  [8402] 20. 청산 후 상태파일 삭제 — 청산 후 잔존: ['FIL/USDT:USDT']
2026-09-14 10:26:54     ❌ 신규 결함  [8409] 12. 장부↔거래소 포지션 일치 — 유령(로컬만) ['ADA/USDT:USDT', 'CRV/USDT:USDT', 'ENA/USDT:USDT'] · 고아(거래소만) []
2026-09-14 10:26:54     ❌ 신규 결함  [8409] 20. 청산 후 상태파일 삭제 — 청산 후 잔존: ['ADA/USDT:USDT', 'CRV/USDT:USDT', 'ENA/USDT:USDT']
2026-09-14 10:26:54  ⚠️  알림 전송 실패: <urlopen error [Errno 61] Connection refused>
2026-09-14 10:37:32  [경량] FAIL 9 · N/A 35 · PASS 109 · UNK 4 · WARN 8 (19초)  변화 발생
2026-09-14 10:37:32     ❌ 신규 결함  [8409] 9. 스캐너 루프 정체 — 마지막 스캔 4132분 전 (주기 300초) — 정체
2026-09-14 10:37:32  ⚠️  알림 전송 실패: <urlopen error [Errno 61] Connection refused>
2026-09-14 10:42:45  [경량] FAIL 2 · N/A 26 · PASS 124 · UNK 4 · WARN 9 (13초)  변화 발생
2026-09-14 10:42:45     ✅ 해소 확인  [8401] 12. 장부↔거래소 포지션 일치 — 유령(로컬만) ['FIL/USDT:USDT'] · 고아(거래소만) []
2026-09-14 10:42:45     ✅ 해소 확인  [8401] 20. 청산 후 상태파일 삭제 — 청산 후 잔존: ['FIL/USDT:USDT']
2026-09-14 10:42:45     ✅ 해소 확인  [8402] 12. 장부↔거래소 포지션 일치 — 유령(로컬만) ['FIL/USDT:USDT'] · 고아(거래소만) []
2026-09-14 10:42:45     ✅ 해소 확인  [8402] 20. 청산 후 상태파일 삭제 — 청산 후 잔존: ['FIL/USDT:USDT']
2026-09-14 10:42:45     ✅ 해소 확인  [8409] 9. 스캐너 루프 정체 — 마지막 스캔 4132분 전 (주기 300초) — 정체
2026-09-14 10:42:45     ✅ 해소 확인  [8409] 12. 장부↔거래소 포지션 일치 — 유령(로컬만) ['ADA/USDT:USDT', 'CRV/USDT:USDT', 'ENA/USDT:USDT'] · 고아(거래소만) []
2026-09-14 10:42:45     ✅ 해소 확인  [8409] 20. 청산 후 상태파일 삭제 — 청산 후 잔존: ['ADA/USDT:USDT', 'CRV/USDT:USDT', 'ENA/USDT:USDT']
2026-09-14 10:42:45  ⚠️  알림 전송 실패: <urlopen error [Errno 61] Connection refused>
2026-09-14 10:58:26  [경량] FAIL 4 · N/A 26 · PASS 124 · UNK 3 · WARN 8 (14초)  변화 발생
2026-09-14 10:58:26     ❌ 신규 결함  [8409] 12. 장부↔거래소 포지션 일치 — 유령(로컬만) ['ADA/USDT:USDT'] · 고아(거래소만) []
2026-09-14 10:58:26     ❌ 신규 결함  [8409] 20. 청산 후 상태파일 삭제 — 청산 후 잔존: ['ADA/USDT:USDT']
2026-09-14 10:58:26  ⚠️  알림 전송 실패: <urlopen error [Errno 61] Connection refused>
2026-09-14 11:04:11  [전체] FAIL 5 · N/A 18 · PASS 132 · UNK 3 · WARN 7 (45초)  변화 발생
2026-09-14 11:04:11     ❌ 신규 결함  [8401] 21. 손익·수수료 정밀도 — 값 오염 의심 — CSV -0.7216(체결19건) vs 원장 +0.5125(포지션87건) 차이 -1.2340
2026-09-14 11:04:11     ❌ 신규 결함  [8402] 21. 손익·수수료 정밀도 — 값 오염 의심 — CSV -0.1751(체결10건) vs 원장 +1.8048(포지션9건) 차이 -1.9799
2026-09-14 11:04:11     ❌ 신규 결함  [8410] 21. 손익·수수료 정밀도 — 값 오염 의심 — CSV -1.9866(체결6건) vs 원장 +1.5559(포지션44건) 차이 -3.5425
2026-09-14 11:04:11     ✅ 해소 확인  [8409] 12. 장부↔거래소 포지션 일치 — 유령(로컬만) ['ADA/USDT:USDT'] · 고아(거래소만) []
2026-09-14 11:04:11     ✅ 해소 확인  [8409] 20. 청산 후 상태파일 삭제 — 청산 후 잔존: ['ADA/USDT:USDT']
2026-09-14 11:04:11  ⚠️  알림 전송 실패: <urlopen error [Errno 61] Connection refused>
2026-09-14 11:09:25  [경량] FAIL 4 · N/A 29 · PASS 121 · UNK 3 · WARN 8 (14초)  변화 발생
2026-09-14 11:09:25     ❌ 신규 결함  [8409] 12. 장부↔거래소 포지션 일치 — 유령(로컬만) ['CRV/USDT:USDT'] · 고아(거래소만) []
2026-09-14 11:09:25     ❌ 신규 결함  [8409] 20. 청산 후 상태파일 삭제 — 청산 후 잔존: ['CRV/USDT:USDT']
2026-09-14 11:09:25     ✅ 해소 확인  [8401] 21. 손익·수수료 정밀도 — 값 오염 의심 — CSV -0.7216(체결19건) vs 원장 +0.5125(포지션87건) 차이 -1.2340
2026-09-14 11:09:25     ✅ 해소 확인  [8402] 21. 손익·수수료 정밀도 — 값 오염 의심 — CSV -0.1751(체결10건) vs 원장 +1.8048(포지션9건) 차이 -1.9799
2026-09-14 11:09:25     ✅ 해소 확인  [8410] 21. 손익·수수료 정밀도 — 값 오염 의심 — CSV -1.9866(체결6건) vs 원장 +1.5559(포지션44건) 차이 -3.5425
2026-09-14 11:09:25  ⚠️  알림 전송 실패: <urlopen error [Errno 61] Connection refused>
2026-09-14 11:14:39  [경량] FAIL 2 · N/A 26 · PASS 126 · UNK 3 · WARN 8 (14초)  변화 발생
2026-09-14 11:14:39     ✅ 해소 확인  [8409] 12. 장부↔거래소 포지션 일치 — 유령(로컬만) ['CRV/USDT:USDT'] · 고아(거래소만) []
2026-09-14 11:14:39     ✅ 해소 확인  [8409] 20. 청산 후 상태파일 삭제 — 청산 후 잔존: ['CRV/USDT:USDT']
2026-09-14 11:14:39  ⚠️  알림 전송 실패: <urlopen error [Errno 61] Connection refused>
2026-09-14 11:19:53  [경량] FAIL 3 · N/A 29 · PASS 122 · UNK 3 · WARN 8 (14초)  변화 발생
2026-09-14 11:19:53     ❌ 신규 결함  [8409] 5. 최소주문 단위 충족 — 최소주문 미달 거부 8건
2026-09-14 11:19:53  ⚠️  알림 전송 실패: <urlopen error [Errno 61] Connection refused>
2026-09-14 11:46:00  [경량] FAIL 2 · N/A 29 · PASS 122 · UNK 3 · WARN 9 (14초)  변화 발생
2026-09-14 11:46:00     ✅ 해소 확인  [8409] 5. 최소주문 단위 충족 — 최소주문 미달 거부 8건
2026-09-14 11:46:00  ⚠️  알림 전송 실패: <urlopen error [Errno 61] Connection refused>
2026-09-14 12:07:27  [전체] FAIL 5 · N/A 21 · PASS 129 · UNK 3 · WARN 7 (45초)  변화 발생
2026-09-14 12:07:27     ❌ 신규 결함  [8401] 21. 손익·수수료 정밀도 — 값 오염 의심 — CSV -0.8450(체결18건) vs 원장 +0.4217(포지션88건) 차이 -1.2667
2026-09-14 12:07:27     ❌ 신규 결함  [8402] 21. 손익·수수료 정밀도 — 값 오염 의심 — CSV -0.1287(체결11건) vs 원장 +1.8499(포지션10건) 차이 -1.9787
2026-09-14 12:07:27     ❌ 신규 결함  [8410] 21. 손익·수수료 정밀도 — 값 오염 의심 — CSV -1.9866(체결6건) vs 원장 +1.5559(포지션44건) 차이 -3.5425
2026-09-14 12:07:27  ⚠️  알림 전송 실패: <urlopen error [Errno 61] Connection refused>
2026-09-14 12:12:40  [경량] FAIL 4 · N/A 29 · PASS 121 · UNK 2 · WARN 9 (14초)  변화 발생
2026-09-14 12:12:40     ❌ 신규 결함  [8401] 1. 신호↔주문 일치성 — 신호 20건 전량 차단 (차단 20 / 통과 0)
2026-09-14 12:12:40     ❌ 신규 결함  [8409] 5. 최소주문 단위 충족 — 최소주문 미달 거부 8건
2026-09-14 12:12:40     ✅ 해소 확인  [8401] 21. 손익·수수료 정밀도 — 값 오염 의심 — CSV -0.8450(체결18건) vs 원장 +0.4217(포지션88건) 차이 -1.2667
2026-09-14 12:12:40     ✅ 해소 확인  [8402] 21. 손익·수수료 정밀도 — 값 오염 의심 — CSV -0.1287(체결11건) vs 원장 +1.8499(포지션10건) 차이 -1.9787
2026-09-14 12:12:40     ✅ 해소 확인  [8410] 21. 손익·수수료 정밀도 — 값 오염 의심 — CSV -1.9866(체결6건) vs 원장 +1.5559(포지션44건) 차이 -3.5425
2026-09-14 12:12:40  ⚠️  알림 전송 실패: <urlopen error [Errno 61] Connection refused>
2026-09-14 12:28:20  [경량] FAIL 3 · N/A 29 · PASS 120 · UNK 4 · WARN 9 (13초)  변화 발생
2026-09-14 12:28:20     ✅ 해소 확인  [8409] 5. 최소주문 단위 충족 — 최소주문 미달 거부 8건
2026-09-14 12:28:20  ⚠️  알림 전송 실패: <urlopen error [Errno 61] Connection refused>
2026-09-14 13:10:41  [전체] FAIL 6 · N/A 21 · PASS 126 · UNK 3 · WARN 9 (46초)  변화 발생
2026-09-14 13:10:41     ❌ 신규 결함  [8401] 21. 손익·수수료 정밀도 — 값 오염 의심 — CSV -0.7177(체결17건) vs 원장 +0.4217(포지션88건) 차이 -1.1393
2026-09-14 13:10:41     ❌ 신규 결함  [8402] 21. 손익·수수료 정밀도 — 값 오염 의심 — CSV -0.1276(체결12건) vs 원장 +1.8502(포지션10건) 차이 -1.9778
2026-09-14 13:10:41     ❌ 신규 결함  [8410] 21. 손익·수수료 정밀도 — 값 오염 의심 — CSV -1.9866(체결6건) vs 원장 +1.5559(포지션44건) 차이 -3.5425
2026-09-14 13:10:41  ⚠️  알림 전송 실패: <urlopen error [Errno 61] Connection refused>
2026-09-14 13:15:55  [경량] FAIL 3 · N/A 29 · PASS 121 · UNK 3 · WARN 9 (13초)  변화 발생
2026-09-14 13:15:55     ✅ 해소 확인  [8401] 21. 손익·수수료 정밀도 — 값 오염 의심 — CSV -0.7177(체결17건) vs 원장 +0.4217(포지션88건) 차이 -1.1393
2026-09-14 13:15:55     ✅ 해소 확인  [8402] 21. 손익·수수료 정밀도 — 값 오염 의심 — CSV -0.1276(체결12건) vs 원장 +1.8502(포지션10건) 차이 -1.9778
2026-09-14 13:15:55     ✅ 해소 확인  [8410] 21. 손익·수수료 정밀도 — 값 오염 의심 — CSV -1.9866(체결6건) vs 원장 +1.5559(포지션44건) 차이 -3.5425
2026-09-14 13:15:55  ⚠️  알림 전송 실패: <urlopen error [Errno 61] Connection refused>
2026-09-14 14:13:53  [전체] FAIL 6 · N/A 21 · PASS 126 · UNK 3 · WARN 9 (45초)  변화 발생
2026-09-14 14:13:53     ❌ 신규 결함  [8401] 21. 손익·수수료 정밀도 — 값 오염 의심 — CSV -0.7177(체결17건) vs 원장 +0.4217(포지션88건) 차이 -1.1393
2026-09-14 14:13:53     ❌ 신규 결함  [8402] 21. 손익·수수료 정밀도 — 값 오염 의심 — CSV -0.1276(체결12건) vs 원장 +1.8502(포지션10건) 차이 -1.9778
2026-09-14 14:13:53     ❌ 신규 결함  [8410] 21. 손익·수수료 정밀도 — 값 오염 의심 — CSV -1.9866(체결6건) vs 원장 +1.5559(포지션44건) 차이 -3.5425
2026-09-14 14:13:53  ⚠️  알림 전송 실패: <urlopen error [Errno 61] Connection refused>
2026-09-14 14:19:07  [경량] FAIL 3 · N/A 29 · PASS 121 · UNK 3 · WARN 9 (13초)  변화 발생
2026-09-14 14:19:07     ✅ 해소 확인  [8401] 21. 손익·수수료 정밀도 — 값 오염 의심 — CSV -0.7177(체결17건) vs 원장 +0.4217(포지션88건) 차이 -1.1393
2026-09-14 14:19:07     ✅ 해소 확인  [8402] 21. 손익·수수료 정밀도 — 값 오염 의심 — CSV -0.1276(체결12건) vs 원장 +1.8502(포지션10건) 차이 -1.9778
2026-09-14 14:19:07     ✅ 해소 확인  [8410] 21. 손익·수수료 정밀도 — 값 오염 의심 — CSV -1.9866(체결6건) vs 원장 +1.5559(포지션44건) 차이 -3.5425
2026-09-14 14:19:07  ⚠️  알림 전송 실패: <urlopen error [Errno 61] Connection refused>
2026-09-14 14:50:31  [경량] FAIL 7 · N/A 35 · PASS 110 · UNK 3 · WARN 10 (19초)  변화 발생
2026-09-14 14:50:31     ❌ 신규 결함  [8402] 12. 장부↔거래소 포지션 일치 — 유령(로컬만) ['FIL/USDT:USDT'] · 고아(거래소만) []
2026-09-14 14:50:31     ❌ 신규 결함  [8402] 20. 청산 후 상태파일 삭제 — 청산 후 잔존: ['FIL/USDT:USDT']
2026-09-14 14:50:31     ❌ 신규 결함  [8409] 12. 장부↔거래소 포지션 일치 — 유령(로컬만) ['1000PEPE/USDT:USDT', 'DOGE/USDT:USDT', 'T/USDT:USDT'] · 고아(거래소만) []
2026-09-14 14:50:31     ❌ 신규 결함  [8409] 20. 청산 후 상태파일 삭제 — 청산 후 잔존: ['1000PEPE/USDT:USDT', 'DOGE/USDT:USDT', 'T/USDT:USDT']
2026-09-14 14:50:31  ⚠️  알림 전송 실패: <urlopen error [Errno 61] Connection refused>
2026-09-14 14:55:42  [경량] FAIL 5 · N/A 32 · PASS 115 · UNK 3 · WARN 10 (11초)  변화 발생
2026-09-14 14:55:42     ✅ 해소 확인  [8409] 12. 장부↔거래소 포지션 일치 — 유령(로컬만) ['1000PEPE/USDT:USDT', 'DOGE/USDT:USDT', 'T/USDT:USDT'] · 고아(거래소만) []
2026-09-14 14:55:42     ✅ 해소 확인  [8409] 20. 청산 후 상태파일 삭제 — 청산 후 잔존: ['1000PEPE/USDT:USDT', 'DOGE/USDT:USDT', 'T/USDT:USDT']
2026-09-14 14:55:42  ⚠️  알림 전송 실패: <urlopen error [Errno 61] Connection refused>
2026-09-14 15:17:03  [전체] FAIL 7 · N/A 26 · PASS 118 · UNK 3 · WARN 11 (44초)  변화 발생
2026-09-14 15:17:03     ❌ 신규 결함  [8401] 21. 손익·수수료 정밀도 — 값 오염 의심 — CSV -0.7177(체결17건) vs 원장 +0.4217(포지션88건) 차이 -1.1393
2026-09-14 15:17:03     ❌ 신규 결함  [8410] 21. 손익·수수료 정밀도 — 값 오염 의심 — CSV -1.9866(체결6건) vs 원장 +1.5559(포지션44건) 차이 -3.5425
2026-09-14 15:17:03  ⚠️  알림 전송 실패: <urlopen error [Errno 61] Connection refused>
2026-09-14 15:22:15  [경량] FAIL 5 · N/A 32 · PASS 114 · UNK 3 · WARN 11 (11초)  변화 발생
2026-09-14 15:22:15     ✅ 해소 확인  [8401] 21. 손익·수수료 정밀도 — 값 오염 의심 — CSV -0.7177(체결17건) vs 원장 +0.4217(포지션88건) 차이 -1.1393
2026-09-14 15:22:15     ✅ 해소 확인  [8410] 21. 손익·수수료 정밀도 — 값 오염 의심 — CSV -1.9866(체결6건) vs 원장 +1.5559(포지션44건) 차이 -3.5425
2026-09-14 15:22:15  ⚠️  알림 전송 실패: <urlopen error [Errno 61] Connection refused>
2026-09-14 16:20:21  [전체] FAIL 7 · N/A 26 · PASS 119 · UNK 4 · WARN 9 (46초)  변화 발생
2026-09-14 16:20:21     ❌ 신규 결함  [8401] 21. 손익·수수료 정밀도 — 값 오염 의심 — CSV -0.7177(체결17건) vs 원장 +0.4217(포지션88건) 차이 -1.1393
2026-09-14 16:20:21     ❌ 신규 결함  [8410] 21. 손익·수수료 정밀도 — 값 오염 의심 — CSV -1.9866(체결6건) vs 원장 +1.5559(포지션44건) 차이 -3.5425
2026-09-14 16:20:21  ⚠️  알림 전송 실패: <urlopen error [Errno 61] Connection refused>
2026-09-14 16:25:33  [경량] FAIL 4 · N/A 32 · PASS 117 · UNK 3 · WARN 9 (12초)  변화 발생
2026-09-14 16:25:33     ✅ 해소 확인  [8401] 21. 손익·수수료 정밀도 — 값 오염 의심 — CSV -0.7177(체결17건) vs 원장 +0.4217(포지션88건) 차이 -1.1393
2026-09-14 16:25:33     ✅ 해소 확인  [8410] 5. 최소주문 단위 충족 — 최소주문 미달 거부 136건
2026-09-14 16:25:33     ✅ 해소 확인  [8410] 21. 손익·수수료 정밀도 — 값 오염 의심 — CSV -1.9866(체결6건) vs 원장 +1.5559(포지션44건) 차이 -3.5425
2026-09-14 16:25:33  ⚠️  알림 전송 실패: <urlopen error [Errno 61] Connection refused>
2026-09-14 16:46:23  [경량] FAIL 5 · N/A 29 · PASS 120 · UNK 2 · WARN 9 (12초)  변화 발생
2026-09-14 16:46:23     ❌ 신규 결함  [8409] 5. 최소주문 단위 충족 — 최소주문 미달 거부 4건
2026-09-14 16:46:23  ⚠️  알림 전송 실패: <urlopen error [Errno 61] Connection refused>
2026-09-14 17:02:00  [경량] FAIL 4 · N/A 29 · PASS 119 · UNK 4 · WARN 9 (12초)  변화 발생
2026-09-14 17:02:00     ✅ 해소 확인  [8409] 5. 최소주문 단위 충족 — 최소주문 미달 거부 4건
2026-09-14 17:02:00  ⚠️  알림 전송 실패: <urlopen error [Errno 61] Connection refused>
2026-09-14 17:23:24  [전체] FAIL 6 · N/A 23 · PASS 122 · UNK 5 · WARN 9 (44초)  변화 발생
2026-09-14 17:23:24     ❌ 신규 결함  [8401] 21. 손익·수수료 정밀도 — 값 오염 의심 — CSV -0.6277(체결16건) vs 원장 +0.4217(포지션88건) 차이 -1.0493
2026-09-14 17:23:24     ❌ 신규 결함  [8410] 21. 손익·수수료 정밀도 — 값 오염 의심 — CSV -1.9866(체결6건) vs 원장 +1.5559(포지션44건) 차이 -3.5425
2026-09-14 17:23:24  ⚠️  알림 전송 실패: <urlopen error [Errno 61] Connection refused>
2026-09-14 17:28:36  [경량] FAIL 5 · N/A 29 · PASS 118 · UNK 4 · WARN 9 (12초)  변화 발생
2026-09-14 17:28:36     ❌ 신규 결함  [8409] 5. 최소주문 단위 충족 — 최소주문 미달 거부 4건
2026-09-14 17:28:36     ✅ 해소 확인  [8401] 21. 손익·수수료 정밀도 — 값 오염 의심 — CSV -0.6277(체결16건) vs 원장 +0.4217(포지션88건) 차이 -1.0493
2026-09-14 17:28:36     ✅ 해소 확인  [8410] 21. 손익·수수료 정밀도 — 값 오염 의심 — CSV -1.9866(체결6건) vs 원장 +1.5559(포지션44건) 차이 -3.5425
2026-09-14 17:28:36  ⚠️  알림 전송 실패: <urlopen error [Errno 61] Connection refused>
2026-09-14 17:39:09  [경량] FAIL 10 · N/A 35 · PASS 107 · UNK 4 · WARN 9 (19초)  변화 발생
2026-09-14 17:39:09     ❌ 신규 결함  [8402] 9. 스캐너 루프 정체 — 마지막 스캔 21분 전 (주기 300초) — 정체
2026-09-14 17:39:09     ❌ 신규 결함  [8409] 12. 장부↔거래소 포지션 일치 — 유령(로컬만) ['1000PEPE/USDT:USDT', 'DOGE/USDT:USDT'] · 고아(거래소만) []
2026-09-14 17:39:09     ❌ 신규 결함  [8409] 20. 청산 후 상태파일 삭제 — 청산 후 잔존: ['1000PEPE/USDT:USDT', 'DOGE/USDT:USDT']
2026-09-14 17:39:09     ❌ 신규 결함  [8410] 12. 장부↔거래소 포지션 일치 — 유령(로컬만) ['FIL/USDT:USDT'] · 고아(거래소만) []
2026-09-14 17:39:09     ❌ 신규 결함  [8410] 20. 청산 후 상태파일 삭제 — 청산 후 잔존: ['FIL/USDT:USDT']
2026-09-14 17:39:09  ⚠️  알림 전송 실패: <urlopen error [Errno 61] Connection refused>
2026-09-14 17:44:28  [경량] FAIL 9 · N/A 35 · PASS 108 · UNK 4 · WARN 9 (19초)  변화 발생
2026-09-14 17:44:28     ✅ 해소 확인  [8409] 5. 최소주문 단위 충족 — 최소주문 미달 거부 4건
2026-09-14 17:44:28  ⚠️  알림 전송 실패: <urlopen error [Errno 61] Connection refused>
2026-09-14 17:49:41  [경량] FAIL 3 · N/A 26 · PASS 123 · UNK 4 · WARN 9 (14초)  변화 발생
2026-09-14 17:49:41     ❌ 신규 결함  [8409] 9. 스캐너 루프 정체 — 마지막 스캔 4564분 전 (주기 300초) — 정체
2026-09-14 17:49:41     ✅ 해소 확인  [8402] 9. 스캐너 루프 정체 — 마지막 스캔 26분 전 (주기 300초) — 정체
2026-09-14 17:49:41     ✅ 해소 확인  [8402] 12. 장부↔거래소 포지션 일치 — 유령(로컬만) ['FIL/USDT:USDT'] · 고아(거래소만) []
2026-09-14 17:49:41     ✅ 해소 확인  [8402] 20. 청산 후 상태파일 삭제 — 청산 후 잔존: ['FIL/USDT:USDT']
2026-09-14 17:49:41     ✅ 해소 확인  [8409] 12. 장부↔거래소 포지션 일치 — 유령(로컬만) ['1000PEPE/USDT:USDT', 'DOGE/USDT:USDT'] · 고아(거래소만) []
2026-09-14 17:49:41     ✅ 해소 확인  [8409] 20. 청산 후 상태파일 삭제 — 청산 후 잔존: ['1000PEPE/USDT:USDT', 'DOGE/USDT:USDT']
2026-09-14 17:49:41     ✅ 해소 확인  [8410] 12. 장부↔거래소 포지션 일치 — 유령(로컬만) ['FIL/USDT:USDT'] · 고아(거래소만) []
2026-09-14 17:49:41     ✅ 해소 확인  [8410] 20. 청산 후 상태파일 삭제 — 청산 후 잔존: ['FIL/USDT:USDT']
2026-09-14 17:49:41  ⚠️  알림 전송 실패: <urlopen error [Errno 61] Connection refused>
2026-09-14 17:54:54  [경량] FAIL 2 · N/A 26 · PASS 123 · UNK 4 · WARN 10 (13초)  변화 발생
2026-09-14 17:54:54     ✅ 해소 확인  [8409] 9. 스캐너 루프 정체 — 마지막 스캔 4564분 전 (주기 300초) — 정체
2026-09-14 17:54:54  ⚠️  알림 전송 실패: <urlopen error [Errno 61] Connection refused>
2026-09-14 18:26:46  [전체] FAIL 5 · N/A 18 · PASS 129 · UNK 4 · WARN 9 (45초)  변화 발생
2026-09-14 18:26:46     ❌ 신규 결함  [8401] 21. 손익·수수료 정밀도 — 값 오염 의심 — CSV -0.6277(체결16건) vs 원장 +0.4217(포지션88건) 차이 -1.0493
2026-09-14 18:26:46     ❌ 신규 결함  [8402] 21. 손익·수수료 정밀도 — 값 오염 의심 — CSV -0.0818(체결13건) vs 원장 +1.8945(포지션11건) 차이 -1.9763
2026-09-14 18:26:46     ❌ 신규 결함  [8410] 21. 손익·수수료 정밀도 — 값 오염 의심 — CSV -1.9866(체결6건) vs 원장 +1.5559(포지션44건) 차이 -3.5425
2026-09-14 18:26:46  ⚠️  알림 전송 실패: <urlopen error [Errno 61] Connection refused>
2026-09-14 18:32:00  [경량] FAIL 2 · N/A 26 · PASS 124 · UNK 4 · WARN 9 (14초)  변화 발생
2026-09-14 18:32:00     ✅ 해소 확인  [8401] 21. 손익·수수료 정밀도 — 값 오염 의심 — CSV -0.6277(체결16건) vs 원장 +0.4217(포지션88건) 차이 -1.0493
2026-09-14 18:32:00     ✅ 해소 확인  [8402] 21. 손익·수수료 정밀도 — 값 오염 의심 — CSV -0.0818(체결13건) vs 원장 +1.8945(포지션11건) 차이 -1.9763
2026-09-14 18:32:00     ✅ 해소 확인  [8410] 21. 손익·수수료 정밀도 — 값 오염 의심 — CSV -1.9866(체결6건) vs 원장 +1.5559(포지션44건) 차이 -3.5425
2026-09-14 18:32:00  ⚠️  알림 전송 실패: <urlopen error [Errno 61] Connection refused>
2026-09-14 19:13:46  [경량] FAIL 3 · N/A 26 · PASS 123 · UNK 3 · WARN 10 (13초)  변화 발생
2026-09-14 19:13:46     ❌ 신규 결함  [8409] 5. 최소주문 단위 충족 — 최소주문 미달 거부 4건
2026-09-14 19:13:46  ⚠️  알림 전송 실패: <urlopen error [Errno 61] Connection refused>
2026-09-14 19:30:00  [전체] FAIL 5 · N/A 18 · PASS 129 · UNK 4 · WARN 9 (47초)  변화 발생
2026-09-14 19:30:00     ❌ 신규 결함  [8401] 21. 손익·수수료 정밀도 — 값 오염 의심 — CSV -0.6277(체결16건) vs 원장 +0.4217(포지션88건) 차이 -1.0493
2026-09-14 19:30:00     ❌ 신규 결함  [8402] 21. 손익·수수료 정밀도 — 값 오염 의심 — CSV -0.0818(체결13건) vs 원장 +1.8945(포지션11건) 차이 -1.9763
2026-09-14 19:30:00     ❌ 신규 결함  [8410] 21. 손익·수수료 정밀도 — 값 오염 의심 — CSV -1.9866(체결6건) vs 원장 +1.5559(포지션44건) 차이 -3.5425
2026-09-14 19:30:00     ✅ 해소 확인  [8409] 5. 최소주문 단위 충족 — 최소주문 미달 거부 4건
2026-09-14 19:30:00  ⚠️  알림 전송 실패: <urlopen error [Errno 61] Connection refused>
2026-09-14 19:35:13  [경량] FAIL 2 · N/A 26 · PASS 124 · UNK 4 · WARN 9 (14초)  변화 발생
2026-09-14 19:35:13     ✅ 해소 확인  [8401] 21. 손익·수수료 정밀도 — 값 오염 의심 — CSV -0.6277(체결16건) vs 원장 +0.4217(포지션88건) 차이 -1.0493
2026-09-14 19:35:13     ✅ 해소 확인  [8402] 21. 손익·수수료 정밀도 — 값 오염 의심 — CSV -0.0818(체결13건) vs 원장 +1.8945(포지션11건) 차이 -1.9763
2026-09-14 19:35:13     ✅ 해소 확인  [8410] 21. 손익·수수료 정밀도 — 값 오염 의심 — CSV -1.9866(체결6건) vs 원장 +1.5559(포지션44건) 차이 -3.5425
2026-09-14 19:35:13  ⚠️  알림 전송 실패: <urlopen error [Errno 61] Connection refused>
2026-09-14 19:40:28  [경량] FAIL 3 · N/A 26 · PASS 123 · UNK 4 · WARN 9 (14초)  변화 발생
2026-09-14 19:40:28     ❌ 신규 결함  [8409] 5. 최소주문 단위 충족 — 최소주문 미달 거부 4건
2026-09-14 19:40:28  ⚠️  알림 전송 실패: <urlopen error [Errno 61] Connection refused>
2026-09-14 20:01:23  [경량] FAIL 2 · N/A 26 · PASS 124 · UNK 4 · WARN 9 (14초)  변화 발생
2026-09-14 20:01:23     ✅ 해소 확인  [8409] 5. 최소주문 단위 충족 — 최소주문 미달 거부 4건
2026-09-14 20:01:23  ⚠️  알림 전송 실패: <urlopen error [Errno 61] Connection refused>
2026-09-14 20:22:18  [경량] FAIL 3 · N/A 26 · PASS 121 · UNK 4 · WARN 11 (14초)  변화 발생
2026-09-14 20:22:18     ❌ 신규 결함  [8402] 1. 신호↔주문 일치성 — 신호 2건 전량 차단 (차단 2 / 통과 0)
2026-09-14 20:22:18  ⚠️  알림 전송 실패: <urlopen error [Errno 61] Connection refused>
2026-09-14 20:27:32  [경량] FAIL 2 · N/A 26 · PASS 123 · UNK 4 · WARN 10 (14초)  변화 발생
2026-09-14 20:27:32     ✅ 해소 확인  [8402] 1. 신호↔주문 일치성 — 신호 2건 전량 차단 (차단 2 / 통과 0)
2026-09-14 20:27:32  ⚠️  알림 전송 실패: <urlopen error [Errno 61] Connection refused>
2026-09-14 20:33:17  [전체] FAIL 5 · N/A 18 · PASS 128 · UNK 4 · WARN 10 (46초)  변화 발생
2026-09-14 20:33:17     ❌ 신규 결함  [8401] 21. 손익·수수료 정밀도 — 값 오염 의심 — CSV -0.6277(체결15건) vs 원장 +0.4217(포지션88건) 차이 -1.0493
2026-09-14 20:33:17     ❌ 신규 결함  [8402] 21. 손익·수수료 정밀도 — 값 오염 의심 — CSV -0.0818(체결13건) vs 원장 +1.8945(포지션11건) 차이 -1.9763
2026-09-14 20:33:17     ❌ 신규 결함  [8410] 21. 손익·수수료 정밀도 — 값 오염 의심 — CSV -1.9866(체결6건) vs 원장 +1.5559(포지션44건) 차이 -3.5425
2026-09-14 20:33:17  ⚠️  알림 전송 실패: <urlopen error [Errno 61] Connection refused>
2026-09-14 20:38:31  [경량] FAIL 2 · N/A 26 · PASS 123 · UNK 4 · WARN 10 (14초)  변화 발생
2026-09-14 20:38:31     ✅ 해소 확인  [8401] 21. 손익·수수료 정밀도 — 값 오염 의심 — CSV -0.6277(체결15건) vs 원장 +0.4217(포지션88건) 차이 -1.0493
2026-09-14 20:38:31     ✅ 해소 확인  [8402] 21. 손익·수수료 정밀도 — 값 오염 의심 — CSV -0.0818(체결13건) vs 원장 +1.8945(포지션11건) 차이 -1.9763
2026-09-14 20:38:31     ✅ 해소 확인  [8410] 21. 손익·수수료 정밀도 — 값 오염 의심 — CSV -1.9866(체결6건) vs 원장 +1.5559(포지션44건) 차이 -3.5425
2026-09-14 20:38:31  ⚠️  알림 전송 실패: <urlopen error [Errno 61] Connection refused>
2026-09-14 21:36:36  [전체] FAIL 5 · N/A 18 · PASS 128 · UNK 4 · WARN 10 (46초)  변화 발생
2026-09-14 21:36:36     ❌ 신규 결함  [8401] 21. 손익·수수료 정밀도 — 값 오염 의심 — CSV -0.6277(체결15건) vs 원장 +0.4217(포지션88건) 차이 -1.0493
2026-09-14 21:36:36     ❌ 신규 결함  [8402] 21. 손익·수수료 정밀도 — 값 오염 의심 — CSV -0.0818(체결13건) vs 원장 +1.8945(포지션11건) 차이 -1.9763
2026-09-14 21:36:36     ❌ 신규 결함  [8410] 21. 손익·수수료 정밀도 — 값 오염 의심 — CSV -1.9866(체결6건) vs 원장 +1.5559(포지션44건) 차이 -3.5425
2026-09-14 21:36:36  ⚠️  알림 전송 실패: <urlopen error [Errno 61] Connection refused>
2026-09-14 21:41:50  [경량] FAIL 2 · N/A 26 · PASS 123 · UNK 4 · WARN 10 (14초)  변화 발생
2026-09-14 21:41:50     ✅ 해소 확인  [8401] 21. 손익·수수료 정밀도 — 값 오염 의심 — CSV -0.6277(체결15건) vs 원장 +0.4217(포지션88건) 차이 -1.0493
2026-09-14 21:41:50     ✅ 해소 확인  [8402] 21. 손익·수수료 정밀도 — 값 오염 의심 — CSV -0.0818(체결13건) vs 원장 +1.8945(포지션11건) 차이 -1.9763
2026-09-14 21:41:50     ✅ 해소 확인  [8410] 21. 손익·수수료 정밀도 — 값 오염 의심 — CSV -1.9866(체결6건) vs 원장 +1.5559(포지션44건) 차이 -3.5425
2026-09-14 21:41:50  ⚠️  알림 전송 실패: <urlopen error [Errno 61] Connection refused>
2026-09-14 22:02:46  [경량] FAIL 3 · N/A 26 · PASS 121 · UNK 4 · WARN 11 (14초)  변화 발생
2026-09-14 22:02:46     ❌ 신규 결함  [8409] 5. 최소주문 단위 충족 — 최소주문 미달 거부 4건
2026-09-14 22:02:46  ⚠️  알림 전송 실패: <urlopen error [Errno 61] Connection refused>
2026-09-14 22:18:27  [경량] FAIL 2 · N/A 26 · PASS 124 · UNK 3 · WARN 10 (14초)  변화 발생
2026-09-14 22:18:27     ✅ 해소 확인  [8409] 5. 최소주문 단위 충족 — 최소주문 미달 거부 4건
2026-09-14 22:18:27  ⚠️  알림 전송 실패: <urlopen error [Errno 61] Connection refused>
2026-09-14 22:28:54  [경량] FAIL 3 · N/A 26 · PASS 123 · UNK 3 · WARN 10 (13초)  변화 발생
2026-09-14 22:28:54     ❌ 신규 결함  [8409] 5. 최소주문 단위 충족 — 최소주문 미달 거부 4건
2026-09-14 22:28:54  ⚠️  알림 전송 실패: <urlopen error [Errno 61] Connection refused>
2026-09-14 22:39:53  [전체] FAIL 6 · N/A 18 · PASS 128 · UNK 4 · WARN 9 (45초)  변화 발생
2026-09-14 22:39:53     ❌ 신규 결함  [8401] 21. 손익·수수료 정밀도 — 값 오염 의심 — CSV -0.6277(체결15건) vs 원장 +0.4217(포지션88건) 차이 -1.0493
2026-09-14 22:39:53     ❌ 신규 결함  [8402] 21. 손익·수수료 정밀도 — 값 오염 의심 — CSV -0.0818(체결13건) vs 원장 +1.8945(포지션11건) 차이 -1.9763
2026-09-14 22:39:53     ❌ 신규 결함  [8410] 21. 손익·수수료 정밀도 — 값 오염 의심 — CSV -1.9866(체결6건) vs 원장 +1.5559(포지션44건) 차이 -3.5425
2026-09-14 22:39:53  ⚠️  알림 전송 실패: <urlopen error [Errno 61] Connection refused>
2026-09-14 22:45:07  [경량] FAIL 2 · N/A 26 · PASS 124 · UNK 4 · WARN 9 (14초)  변화 발생
2026-09-14 22:45:07     ✅ 해소 확인  [8401] 21. 손익·수수료 정밀도 — 값 오염 의심 — CSV -0.6277(체결15건) vs 원장 +0.4217(포지션88건) 차이 -1.0493
2026-09-14 22:45:07     ✅ 해소 확인  [8402] 21. 손익·수수료 정밀도 — 값 오염 의심 — CSV -0.0818(체결13건) vs 원장 +1.8945(포지션11건) 차이 -1.9763
2026-09-14 22:45:07     ✅ 해소 확인  [8409] 5. 최소주문 단위 충족 — 최소주문 미달 거부 4건
2026-09-14 22:45:07     ✅ 해소 확인  [8410] 21. 손익·수수료 정밀도 — 값 오염 의심 — CSV -1.9866(체결6건) vs 원장 +1.5559(포지션44건) 차이 -3.5425
2026-09-14 22:45:07  ⚠️  알림 전송 실패: <urlopen error [Errno 61] Connection refused>
2026-09-14 23:27:00  [경량] FAIL 1 · N/A 26 · PASS 124 · UNK 3 · WARN 11 (14초)  변화 발생
2026-09-14 23:27:00     ✅ 해소 확인  [8401] 1. 신호↔주문 일치성 — 신호 20건 전량 차단 (차단 20 / 통과 0)
2026-09-14 23:27:00  ⚠️  알림 전송 실패: <urlopen error [Errno 61] Connection refused>
2026-09-14 23:43:13  [전체] FAIL 3 · N/A 18 · PASS 129 · UNK 4 · WARN 11 (46초)  변화 발생
2026-09-14 23:43:13     ❌ 신규 결함  [8402] 21. 손익·수수료 정밀도 — 값 오염 의심 — CSV -0.0818(체결13건) vs 원장 +1.8945(포지션11건) 차이 -1.9763
2026-09-14 23:43:13     ❌ 신규 결함  [8410] 21. 손익·수수료 정밀도 — 값 오염 의심 — CSV -1.9866(체결6건) vs 원장 +1.5559(포지션44건) 차이 -3.5425
2026-09-14 23:43:13  ⚠️  알림 전송 실패: <urlopen error [Errno 61] Connection refused>
2026-09-14 23:48:27  [경량] FAIL 1 · N/A 26 · PASS 124 · UNK 4 · WARN 10 (14초)  변화 발생
2026-09-14 23:48:27     ✅ 해소 확인  [8402] 21. 손익·수수료 정밀도 — 값 오염 의심 — CSV -0.0818(체결13건) vs 원장 +1.8945(포지션11건) 차이 -1.9763
2026-09-14 23:48:27     ✅ 해소 확인  [8410] 21. 손익·수수료 정밀도 — 값 오염 의심 — CSV -1.9866(체결6건) vs 원장 +1.5559(포지션44건) 차이 -3.5425
2026-09-14 23:48:27  ⚠️  알림 전송 실패: <urlopen error [Errno 61] Connection refused>
2026-09-15 00:46:33  [전체] FAIL 4 · N/A 18 · PASS 132 · UNK 1 · WARN 10 (46초)  변화 발생
2026-09-15 00:46:33     ❌ 신규 결함  [8401] 21. 손익·수수료 정밀도 — 값 오염 의심 — CSV -0.6976(체결14건) vs 원장 +0.3136(포지션90건) 차이 -1.0112
2026-09-15 00:46:33     ❌ 신규 결함  [8402] 21. 손익·수수료 정밀도 — 값 오염 의심 — CSV -0.0807(체결14건) vs 원장 +1.8947(포지션11건) 차이 -1.9754
2026-09-15 00:46:33     ❌ 신규 결함  [8410] 21. 손익·수수료 정밀도 — 값 오염 의심 — CSV -2.0267(체결6건) vs 원장 +1.5559(포지션44건) 차이 -3.5825
2026-09-15 00:46:33  ⚠️  알림 전송 실패: <urlopen error [Errno 61] Connection refused>
2026-09-15 00:51:47  [경량] FAIL 1 · N/A 29 · PASS 123 · UNK 2 · WARN 10 (14초)  변화 발생
2026-09-15 00:51:47     ✅ 해소 확인  [8401] 21. 손익·수수료 정밀도 — 값 오염 의심 — CSV -0.6976(체결14건) vs 원장 +0.3136(포지션90건) 차이 -1.0112
2026-09-15 00:51:47     ✅ 해소 확인  [8402] 21. 손익·수수료 정밀도 — 값 오염 의심 — CSV -0.0807(체결14건) vs 원장 +1.8947(포지션11건) 차이 -1.9754
2026-09-15 00:51:47     ✅ 해소 확인  [8410] 21. 손익·수수료 정밀도 — 값 오염 의심 — CSV -2.0267(체결6건) vs 원장 +1.5559(포지션44건) 차이 -3.5825
2026-09-15 00:51:47  ⚠️  알림 전송 실패: <urlopen error [Errno 61] Connection refused>
2026-09-15 00:57:01  [경량] FAIL 3 · N/A 29 · PASS 121 · UNK 2 · WARN 10 (14초)  변화 발생
2026-09-15 00:57:01     ❌ 신규 결함  [8401] 1. 신호↔주문 일치성 — 신호 20건 전량 차단 (차단 20 / 통과 0)
2026-09-15 00:57:01     ❌ 신규 결함  [8409] 5. 최소주문 단위 충족 — 최소주문 미달 거부 4건
2026-09-15 00:57:01  ⚠️  알림 전송 실패: <urlopen error [Errno 61] Connection refused>
2026-09-15 01:17:57  [경량] FAIL 4 · N/A 23 · PASS 128 · UNK 1 · WARN 9 (14초)  변화 발생
2026-09-15 01:17:57     ❌ 신규 결함  [8409] 12. 장부↔거래소 포지션 일치 — 유령(로컬만) ['T/USDT:USDT'] · 고아(거래소만) []
2026-09-15 01:17:57     ❌ 신규 결함  [8409] 20. 청산 후 상태파일 삭제 — 청산 후 잔존: ['T/USDT:USDT']
2026-09-15 01:17:57     ✅ 해소 확인  [8409] 5. 최소주문 단위 충족 — 최소주문 미달 거부 4건
2026-09-15 01:17:57  ⚠️  알림 전송 실패: <urlopen error [Errno 61] Connection refused>
2026-09-15 01:23:11  [경량] FAIL 6 · N/A 23 · PASS 126 · UNK 1 · WARN 9 (14초)  변화 발생
2026-09-15 01:23:11     ❌ 신규 결함  [8409] 5. 최소주문 단위 충족 — 최소주문 미달 거부 8건
2026-09-15 01:23:11     ❌ 신규 결함  [8409] 13. TP 등록·추적 — TP 미등록: ['PAXG']
2026-09-15 01:23:11     ❌ 신규 결함  [8409] 14. 하드 손절 등록 — SL 미등록(무손절): ['PAXG']
2026-09-15 01:23:11     ✅ 해소 확인  [8409] 20. 청산 후 상태파일 삭제 — 청산 후 잔존: ['T/USDT:USDT']
2026-09-15 01:23:11  ⚠️  알림 전송 실패: <urlopen error [Errno 61] Connection refused>
2026-09-15 01:28:25  [경량] FAIL 5 · N/A 23 · PASS 127 · WARN 10 (14초)  변화 발생
2026-09-15 01:28:25     ✅ 해소 확인  [8409] 12. 장부↔거래소 포지션 일치 — 유령(로컬만) [] · 고아(거래소만) ['PAXG/USDT:USDT']
2026-09-15 01:28:25  ⚠️  알림 전송 실패: <urlopen error [Errno 61] Connection refused>
2026-09-15 01:33:38  [경량] FAIL 3 · N/A 23 · PASS 129 · WARN 10 (13초)  변화 발생
2026-09-15 01:33:38     ✅ 해소 확인  [8409] 13. TP 등록·추적 — TP 미등록: ['XRP']
2026-09-15 01:33:38     ✅ 해소 확인  [8409] 14. 하드 손절 등록 — SL 미등록(무손절): ['XRP']
2026-09-15 01:33:38  ⚠️  알림 전송 실패: <urlopen error [Errno 61] Connection refused>
2026-09-15 01:44:05  [경량] FAIL 2 · N/A 23 · PASS 128 · UNK 1 · WARN 11 (13초)  변화 발생
2026-09-15 01:44:05     ✅ 해소 확인  [8409] 5. 최소주문 단위 충족 — 최소주문 미달 거부 4건
2026-09-15 01:44:05  ⚠️  알림 전송 실패: <urlopen error [Errno 61] Connection refused>
2026-09-15 01:49:50  [전체] FAIL 5 · N/A 13 · PASS 134 · UNK 2 · WARN 11 (45초)  변화 발생
2026-09-15 01:49:50     ❌ 신규 결함  [8401] 21. 손익·수수료 정밀도 — 값 오염 의심 — CSV -0.7747(체결15건) vs 원장 +0.2345(포지션91건) 차이 -1.0092
2026-09-15 01:49:50     ❌ 신규 결함  [8402] 21. 손익·수수료 정밀도 — 값 오염 의심 — CSV -0.0807(체결14건) vs 원장 +1.8947(포지션11건) 차이 -1.9754
2026-09-15 01:49:50     ❌ 신규 결함  [8410] 21. 손익·수수료 정밀도 — 값 오염 의심 — CSV -2.0267(체결6건) vs 원장 +1.5559(포지션44건) 차이 -3.5825
2026-09-15 01:49:50  ⚠️  알림 전송 실패: <urlopen error [Errno 61] Connection refused>
2026-09-15 01:55:04  [경량] FAIL 3 · N/A 23 · PASS 128 · UNK 2 · WARN 9 (13초)  변화 발생
2026-09-15 01:55:04     ❌ 신규 결함  [8409] 12. 장부↔거래소 포지션 일치 — 유령(로컬만) [] · 고아(거래소만) ['PAXG/USDT:USDT', 'SOL/USDT:USDT']
2026-09-15 01:55:04     ✅ 해소 확인  [8401] 21. 손익·수수료 정밀도 — 값 오염 의심 — CSV -0.7747(체결15건) vs 원장 +0.2345(포지션91건) 차이 -1.0092
2026-09-15 01:55:04     ✅ 해소 확인  [8402] 21. 손익·수수료 정밀도 — 값 오염 의심 — CSV -0.0807(체결14건) vs 원장 +1.8947(포지션11건) 차이 -1.9754
2026-09-15 01:55:04     ✅ 해소 확인  [8410] 21. 손익·수수료 정밀도 — 값 오염 의심 — CSV -2.0267(체결6건) vs 원장 +1.5559(포지션44건) 차이 -3.5825
2026-09-15 01:55:04  ⚠️  알림 전송 실패: <urlopen error [Errno 61] Connection refused>
2026-09-15 02:00:17  [경량] FAIL 3 · N/A 23 · PASS 127 · UNK 1 · WARN 11 (14초)  변화 발생
2026-09-15 02:00:17     ❌ 신규 결함  [8409] 5. 최소주문 단위 충족 — 최소주문 미달 거부 8건
2026-09-15 02:00:17     ✅ 해소 확인  [8409] 12. 장부↔거래소 포지션 일치 — 유령(로컬만) [] · 고아(거래소만) ['PAXG/USDT:USDT', 'SOL/USDT:USDT']
2026-09-15 02:00:17  ⚠️  알림 전송 실패: <urlopen error [Errno 61] Connection refused>
2026-09-15 02:21:10  [경량] FAIL 4 · N/A 23 · PASS 128 · UNK 2 · WARN 8 (13초)  변화 발생
2026-09-15 02:21:10     ❌ 신규 결함  [8409] 12. 장부↔거래소 포지션 일치 — 유령(로컬만) [] · 고아(거래소만) ['PAXG/USDT:USDT']
2026-09-15 02:21:10  ⚠️  알림 전송 실패: <urlopen error [Errno 61] Connection refused>
2026-09-15 02:26:24  [경량] FAIL 3 · N/A 23 · PASS 129 · UNK 1 · WARN 9 (13초)  변화 발생
2026-09-15 02:26:24     ✅ 해소 확인  [8409] 12. 장부↔거래소 포지션 일치 — 유령(로컬만) [] · 고아(거래소만) ['PAXG/USDT:USDT']
2026-09-15 02:26:24  ⚠️  알림 전송 실패: <urlopen error [Errno 61] Connection refused>
2026-09-15 02:47:17  [경량] FAIL 2 · N/A 23 · PASS 128 · UNK 2 · WARN 10 (13초)  변화 발생
2026-09-15 02:47:17     ✅ 해소 확인  [8409] 5. 최소주문 단위 충족 — 최소주문 미달 거부 4건
2026-09-15 02:47:17  ⚠️  알림 전송 실패: <urlopen error [Errno 61] Connection refused>
2026-09-15 02:53:02  [전체] FAIL 5 · N/A 13 · PASS 134 · UNK 2 · WARN 11 (45초)  변화 발생
2026-09-15 02:53:02     ❌ 신규 결함  [8401] 21. 손익·수수료 정밀도 — 값 오염 의심 — CSV -0.7747(체결15건) vs 원장 +0.2345(포지션91건) 차이 -1.0092
2026-09-15 02:53:02     ❌ 신규 결함  [8402] 21. 손익·수수료 정밀도 — 값 오염 의심 — CSV -0.0807(체결14건) vs 원장 +1.8947(포지션11건) 차이 -1.9754
2026-09-15 02:53:02     ❌ 신규 결함  [8410] 21. 손익·수수료 정밀도 — 값 오염 의심 — CSV -2.0267(체결6건) vs 원장 +1.5559(포지션44건) 차이 -3.5825
2026-09-15 02:53:03  ⚠️  알림 전송 실패: <urlopen error [Errno 61] Connection refused>
2026-09-15 02:58:16  [경량] FAIL 2 · N/A 23 · PASS 128 · UNK 2 · WARN 10 (14초)  변화 발생
2026-09-15 02:58:16     ✅ 해소 확인  [8401] 21. 손익·수수료 정밀도 — 값 오염 의심 — CSV -0.7747(체결15건) vs 원장 +0.2345(포지션91건) 차이 -1.0092
2026-09-15 02:58:16     ✅ 해소 확인  [8402] 21. 손익·수수료 정밀도 — 값 오염 의심 — CSV -0.0807(체결14건) vs 원장 +1.8947(포지션11건) 차이 -1.9754
2026-09-15 02:58:16     ✅ 해소 확인  [8410] 21. 손익·수수료 정밀도 — 값 오염 의심 — CSV -2.0267(체결6건) vs 원장 +1.5559(포지션44건) 차이 -3.5825
2026-09-15 02:58:16  ⚠️  알림 전송 실패: <urlopen error [Errno 61] Connection refused>
2026-09-15 03:34:50  [경량] FAIL 3 · N/A 23 · PASS 127 · UNK 1 · WARN 11 (13초)  변화 발생
2026-09-15 03:34:50     ❌ 신규 결함  [8409] 5. 최소주문 단위 충족 — 최소주문 미달 거부 4건
2026-09-15 03:34:50  ⚠️  알림 전송 실패: <urlopen error [Errno 61] Connection refused>
2026-09-15 03:50:30  [경량] FAIL 2 · N/A 23 · PASS 127 · UNK 2 · WARN 11 (13초)  변화 발생
2026-09-15 03:50:30     ✅ 해소 확인  [8409] 5. 최소주문 단위 충족 — 최소주문 미달 거부 4건
2026-09-15 03:50:30  ⚠️  알림 전송 실패: <urlopen error [Errno 61] Connection refused>
2026-09-15 03:56:16  [전체] FAIL 6 · N/A 13 · PASS 134 · UNK 2 · WARN 10 (46초)  변화 발생
2026-09-15 03:56:16     ❌ 신규 결함  [8401] 21. 손익·수수료 정밀도 — 값 오염 의심 — CSV -0.7747(체결15건) vs 원장 +0.2345(포지션91건) 차이 -1.0092
2026-09-15 03:56:16     ❌ 신규 결함  [8402] 21. 손익·수수료 정밀도 — 값 오염 의심 — CSV -0.0807(체결14건) vs 원장 +1.8947(포지션11건) 차이 -1.9754
2026-09-15 03:56:16     ❌ 신규 결함  [8409] 21. 손익·수수료 정밀도 — 값 오염 의심 — CSV +0.0424(체결130건) vs 원장 +1.0779(포지션82건) 차이 -1.0355
2026-09-15 03:56:16     ❌ 신규 결함  [8410] 21. 손익·수수료 정밀도 — 값 오염 의심 — CSV -2.0267(체결6건) vs 원장 +1.5559(포지션44건) 차이 -3.5825
2026-09-15 03:56:16  ⚠️  알림 전송 실패: <urlopen error [Errno 61] Connection refused>
2026-09-15 04:01:30  [경량] FAIL 2 · N/A 23 · PASS 128 · UNK 2 · WARN 10 (13초)  변화 발생
2026-09-15 04:01:30     ✅ 해소 확인  [8401] 21. 손익·수수료 정밀도 — 값 오염 의심 — CSV -0.7747(체결15건) vs 원장 +0.2345(포지션91건) 차이 -1.0092
2026-09-15 04:01:30     ✅ 해소 확인  [8402] 21. 손익·수수료 정밀도 — 값 오염 의심 — CSV -0.0807(체결14건) vs 원장 +1.8947(포지션11건) 차이 -1.9754
2026-09-15 04:01:30     ✅ 해소 확인  [8409] 21. 손익·수수료 정밀도 — 값 오염 의심 — CSV +0.0424(체결130건) vs 원장 +1.0779(포지션82건) 차이 -1.0355
2026-09-15 04:01:30     ✅ 해소 확인  [8410] 21. 손익·수수료 정밀도 — 값 오염 의심 — CSV -2.0267(체결6건) vs 원장 +1.5559(포지션44건) 차이 -3.5825
2026-09-15 04:01:30  ⚠️  알림 전송 실패: <urlopen error [Errno 61] Connection refused>
2026-09-15 04:59:29  [전체] FAIL 6 · N/A 13 · PASS 133 · UNK 3 · WARN 10 (45초)  변화 발생
2026-09-15 04:59:29     ❌ 신규 결함  [8401] 21. 손익·수수료 정밀도 — 값 오염 의심 — CSV -0.7747(체결15건) vs 원장 +0.2345(포지션91건) 차이 -1.0092
2026-09-15 04:59:29     ❌ 신규 결함  [8402] 21. 손익·수수료 정밀도 — 값 오염 의심 — CSV -0.0807(체결14건) vs 원장 +1.8947(포지션11건) 차이 -1.9754
2026-09-15 04:59:29     ❌ 신규 결함  [8409] 21. 손익·수수료 정밀도 — 값 오염 의심 — CSV +0.0424(체결130건) vs 원장 +1.0779(포지션82건) 차이 -1.0355
2026-09-15 04:59:29     ❌ 신규 결함  [8410] 21. 손익·수수료 정밀도 — 값 오염 의심 — CSV -2.0267(체결6건) vs 원장 +1.5559(포지션44건) 차이 -3.5825
2026-09-15 04:59:29  ⚠️  알림 전송 실패: <urlopen error [Errno 61] Connection refused>
2026-09-15 05:04:42  [경량] FAIL 2 · N/A 23 · PASS 126 · UNK 3 · WARN 11 (13초)  변화 발생
2026-09-15 05:04:42     ✅ 해소 확인  [8401] 21. 손익·수수료 정밀도 — 값 오염 의심 — CSV -0.7747(체결15건) vs 원장 +0.2345(포지션91건) 차이 -1.0092
2026-09-15 05:04:42     ✅ 해소 확인  [8402] 21. 손익·수수료 정밀도 — 값 오염 의심 — CSV -0.0807(체결14건) vs 원장 +1.8947(포지션11건) 차이 -1.9754
2026-09-15 05:04:42     ✅ 해소 확인  [8409] 21. 손익·수수료 정밀도 — 값 오염 의심 — CSV +0.0424(체결130건) vs 원장 +1.0779(포지션82건) 차이 -1.0355
2026-09-15 05:04:42     ✅ 해소 확인  [8410] 21. 손익·수수료 정밀도 — 값 오염 의심 — CSV -2.0267(체결6건) vs 원장 +1.5559(포지션44건) 차이 -3.5825
2026-09-15 05:04:42  ⚠️  알림 전송 실패: <urlopen error [Errno 61] Connection refused>
2026-09-15 05:25:36  [경량] FAIL 3 · N/A 23 · PASS 125 · UNK 3 · WARN 11 (13초)  변화 발생
2026-09-15 05:25:36     ❌ 신규 결함  [8409] 12. 장부↔거래소 포지션 일치 — 유령(로컬만) [] · 고아(거래소만) ['HYPE/USDT:USDT', 'PAXG/USDT:USDT']
2026-09-15 05:25:36  ⚠️  알림 전송 실패: <urlopen error [Errno 61] Connection refused>
2026-09-15 05:30:50  [경량] FAIL 2 · N/A 23 · PASS 126 · UNK 2 · WARN 12 (13초)  변화 발생
2026-09-15 05:30:50     ✅ 해소 확인  [8409] 12. 장부↔거래소 포지션 일치 — 유령(로컬만) [] · 고아(거래소만) ['HYPE/USDT:USDT', 'PAXG/USDT:USDT']
2026-09-15 05:30:50  ⚠️  알림 전송 실패: <urlopen error [Errno 61] Connection refused>
2026-09-15 06:02:42  [전체] FAIL 5 · N/A 13 · PASS 133 · UNK 3 · WARN 11 (45초)  변화 발생
2026-09-15 06:02:42     ❌ 신규 결함  [8401] 21. 손익·수수료 정밀도 — 값 오염 의심 — CSV -0.7747(체결15건) vs 원장 +0.2345(포지션91건) 차이 -1.0092
2026-09-15 06:02:42     ❌ 신규 결함  [8402] 21. 손익·수수료 정밀도 — 값 오염 의심 — CSV -0.0807(체결14건) vs 원장 +1.8947(포지션11건) 차이 -1.9754
2026-09-15 06:02:42     ❌ 신규 결함  [8410] 21. 손익·수수료 정밀도 — 값 오염 의심 — CSV -2.0267(체결6건) vs 원장 +1.5559(포지션44건) 차이 -3.5825
2026-09-15 06:02:42  ⚠️  알림 전송 실패: <urlopen error [Errno 61] Connection refused>
2026-09-15 06:07:55  [경량] FAIL 2 · N/A 23 · PASS 127 · UNK 3 · WARN 10 (14초)  변화 발생
2026-09-15 06:07:55     ✅ 해소 확인  [8401] 21. 손익·수수료 정밀도 — 값 오염 의심 — CSV -0.7747(체결15건) vs 원장 +0.2345(포지션91건) 차이 -1.0092
2026-09-15 06:07:55     ✅ 해소 확인  [8402] 21. 손익·수수료 정밀도 — 값 오염 의심 — CSV -0.0807(체결14건) vs 원장 +1.8947(포지션11건) 차이 -1.9754
2026-09-15 06:07:55     ✅ 해소 확인  [8410] 21. 손익·수수료 정밀도 — 값 오염 의심 — CSV -2.0267(체결6건) vs 원장 +1.5559(포지션44건) 차이 -3.5825
2026-09-15 06:07:55  ⚠️  알림 전송 실패: <urlopen error [Errno 61] Connection refused>
2026-09-15 07:05:55  [전체] FAIL 5 · N/A 13 · PASS 132 · UNK 3 · WARN 12 (45초)  변화 발생
2026-09-15 07:05:55     ❌ 신규 결함  [8401] 21. 손익·수수료 정밀도 — 값 오염 의심 — CSV -0.7747(체결15건) vs 원장 +0.2345(포지션91건) 차이 -1.0092
2026-09-15 07:05:55     ❌ 신규 결함  [8402] 21. 손익·수수료 정밀도 — 값 오염 의심 — CSV -0.0807(체결14건) vs 원장 +1.8947(포지션11건) 차이 -1.9754
2026-09-15 07:05:55     ❌ 신규 결함  [8410] 21. 손익·수수료 정밀도 — 값 오염 의심 — CSV -2.0267(체결6건) vs 원장 +1.5559(포지션44건) 차이 -3.5825
2026-09-15 07:05:55  ⚠️  알림 전송 실패: <urlopen error [Errno 61] Connection refused>
2026-09-15 07:11:08  [경량] FAIL 2 · N/A 23 · PASS 126 · UNK 3 · WARN 11 (13초)  변화 발생
2026-09-15 07:11:08     ✅ 해소 확인  [8401] 21. 손익·수수료 정밀도 — 값 오염 의심 — CSV -0.7747(체결15건) vs 원장 +0.2345(포지션91건) 차이 -1.0092
2026-09-15 07:11:08     ✅ 해소 확인  [8402] 21. 손익·수수료 정밀도 — 값 오염 의심 — CSV -0.0807(체결14건) vs 원장 +1.8947(포지션11건) 차이 -1.9754
2026-09-15 07:11:08     ✅ 해소 확인  [8410] 21. 손익·수수료 정밀도 — 값 오염 의심 — CSV -2.0267(체결6건) vs 원장 +1.5559(포지션44건) 차이 -3.5825
2026-09-15 07:11:08  ⚠️  알림 전송 실패: <urlopen error [Errno 61] Connection refused>
2026-09-15 08:09:08  [전체] FAIL 5 · N/A 13 · PASS 133 · UNK 3 · WARN 11 (46초)  변화 발생
2026-09-15 08:09:08     ❌ 신규 결함  [8401] 21. 손익·수수료 정밀도 — 값 오염 의심 — CSV -0.7747(체결15건) vs 원장 +0.2345(포지션91건) 차이 -1.0092
2026-09-15 08:09:08     ❌ 신규 결함  [8402] 21. 손익·수수료 정밀도 — 값 오염 의심 — CSV -0.0807(체결14건) vs 원장 +1.8947(포지션11건) 차이 -1.9754
2026-09-15 08:09:08     ❌ 신규 결함  [8410] 21. 손익·수수료 정밀도 — 값 오염 의심 — CSV -2.0267(체결6건) vs 원장 +1.5559(포지션44건) 차이 -3.5825
2026-09-15 08:09:08  ⚠️  알림 전송 실패: <urlopen error [Errno 61] Connection refused>
2026-09-15 08:14:21  [경량] FAIL 1 · N/A 23 · PASS 128 · UNK 3 · WARN 10 (13초)  변화 발생
2026-09-15 08:14:21     ✅ 해소 확인  [8401] 21. 손익·수수료 정밀도 — 값 오염 의심 — CSV -0.7747(체결15건) vs 원장 +0.2345(포지션91건) 차이 -1.0092
2026-09-15 08:14:21     ✅ 해소 확인  [8402] 21. 손익·수수료 정밀도 — 값 오염 의심 — CSV -0.0807(체결14건) vs 원장 +1.8947(포지션11건) 차이 -1.9754
2026-09-15 08:14:21     ✅ 해소 확인  [8407] 5. 최소주문 단위 충족 — 최소주문 미달 거부 4건
2026-09-15 08:14:21     ✅ 해소 확인  [8410] 21. 손익·수수료 정밀도 — 값 오염 의심 — CSV -2.0267(체결6건) vs 원장 +1.5559(포지션44건) 차이 -3.5825
2026-09-15 08:14:21  ⚠️  알림 전송 실패: <urlopen error [Errno 61] Connection refused>
2026-09-15 08:56:12  [경량] FAIL 2 · N/A 23 · PASS 128 · UNK 3 · WARN 9 (14초)  변화 발생
2026-09-15 08:56:12     ❌ 신규 결함  [8409] 12. 장부↔거래소 포지션 일치 — 유령(로컬만) [] · 고아(거래소만) ['ASTER/USDT:USDT', 'PAXG/USDT:USDT']
2026-09-15 08:56:12  ⚠️  알림 전송 실패: <urlopen error [Errno 61] Connection refused>
2026-09-15 09:01:26  [경량] FAIL 1 · N/A 23 · PASS 127 · UNK 3 · WARN 11 (14초)  변화 발생
2026-09-15 09:01:26     ✅ 해소 확인  [8409] 12. 장부↔거래소 포지션 일치 — 유령(로컬만) [] · 고아(거래소만) ['ASTER/USDT:USDT', 'PAXG/USDT:USDT']
2026-09-15 09:01:26  ⚠️  알림 전송 실패: <urlopen error [Errno 61] Connection refused>
2026-09-15 09:12:26  [전체] FAIL 4 · N/A 16 · PASS 131 · UNK 2 · WARN 12 (46초)  변화 발생
2026-09-15 09:12:26     ❌ 신규 결함  [8401] 21. 손익·수수료 정밀도 — 값 오염 의심 — CSV -0.7747(체결15건) vs 원장 +0.2345(포지션91건) 차이 -1.0092
2026-09-15 09:12:26     ❌ 신규 결함  [8402] 21. 손익·수수료 정밀도 — 값 오염 의심 — CSV -0.2496(체결15건) vs 원장 +1.7235(포지션12건) 차이 -1.9730
2026-09-15 09:12:26     ❌ 신규 결함  [8410] 21. 손익·수수료 정밀도 — 값 오염 의심 — CSV -2.0267(체결6건) vs 원장 +1.5559(포지션44건) 차이 -3.5825
2026-09-15 09:12:26  ⚠️  알림 전송 실패: <urlopen error [Errno 61] Connection refused>
2026-09-15 09:17:40  [경량] FAIL 1 · N/A 26 · PASS 125 · UNK 2 · WARN 11 (14초)  변화 발생
2026-09-15 09:17:40     ✅ 해소 확인  [8401] 21. 손익·수수료 정밀도 — 값 오염 의심 — CSV -0.7747(체결15건) vs 원장 +0.2345(포지션91건) 차이 -1.0092
2026-09-15 09:17:40     ✅ 해소 확인  [8402] 21. 손익·수수료 정밀도 — 값 오염 의심 — CSV -0.2496(체결15건) vs 원장 +1.7235(포지션12건) 차이 -1.9730
2026-09-15 09:17:40     ✅ 해소 확인  [8410] 21. 손익·수수료 정밀도 — 값 오염 의심 — CSV -2.0267(체결6건) vs 원장 +1.5559(포지션44건) 차이 -3.5825
2026-09-15 09:17:40  ⚠️  알림 전송 실패: <urlopen error [Errno 61] Connection refused>
2026-09-15 09:54:16  [경량] N/A 26 · PASS 124 · UNK 3 · WARN 12 (14초)  변화 발생
2026-09-15 09:54:16     ✅ 해소 확인  [8401] 1. 신호↔주문 일치성 — 신호 2건 전량 차단 (차단 2 / 통과 0)
2026-09-15 09:54:16  ⚠️  알림 전송 실패: <urlopen error [Errno 61] Connection refused>
2026-09-15 10:15:44  [전체] FAIL 2 · N/A 18 · PASS 127 · UNK 3 · WARN 15 (47초)  변화 발생
2026-09-15 10:15:44     ❌ 신규 결함  [8402] 21. 손익·수수료 정밀도 — 값 오염 의심 — CSV -0.2496(체결15건) vs 원장 +1.7235(포지션12건) 차이 -1.9730
2026-09-15 10:15:44     ❌ 신규 결함  [8410] 21. 손익·수수료 정밀도 — 값 오염 의심 — CSV -2.0267(체결6건) vs 원장 +1.5559(포지션44건) 차이 -3.5825
2026-09-15 10:15:44  ⚠️  알림 전송 실패: <urlopen error [Errno 61] Connection refused>
2026-09-15 10:20:58  [경량] N/A 26 · PASS 123 · UNK 3 · WARN 13 (14초)  변화 발생
2026-09-15 10:20:58     ✅ 해소 확인  [8402] 21. 손익·수수료 정밀도 — 값 오염 의심 — CSV -0.2496(체결15건) vs 원장 +1.7235(포지션12건) 차이 -1.9730
2026-09-15 10:20:58     ✅ 해소 확인  [8410] 21. 손익·수수료 정밀도 — 값 오염 의심 — CSV -2.0267(체결6건) vs 원장 +1.5559(포지션44건) 차이 -3.5825
2026-09-15 10:20:58  ⚠️  알림 전송 실패: <urlopen error [Errno 61] Connection refused>
2026-09-15 11:19:02  [전체] FAIL 2 · N/A 18 · PASS 127 · UNK 3 · WARN 15 (46초)  변화 발생
2026-09-15 11:19:02     ❌ 신규 결함  [8402] 21. 손익·수수료 정밀도 — 값 오염 의심 — CSV -0.2496(체결15건) vs 원장 +1.7235(포지션12건) 차이 -1.9730
2026-09-15 11:19:02     ❌ 신규 결함  [8410] 21. 손익·수수료 정밀도 — 값 오염 의심 — CSV -2.0267(체결6건) vs 원장 +1.5559(포지션44건) 차이 -3.5825
2026-09-15 11:19:02  ⚠️  알림 전송 실패: <urlopen error [Errno 61] Connection refused>
2026-09-15 11:24:15  [경량] N/A 26 · PASS 123 · UNK 3 · WARN 13 (14초)  변화 발생
2026-09-15 11:24:15     ✅ 해소 확인  [8402] 21. 손익·수수료 정밀도 — 값 오염 의심 — CSV -0.2496(체결15건) vs 원장 +1.7235(포지션12건) 차이 -1.9730
2026-09-15 11:24:15     ✅ 해소 확인  [8410] 21. 손익·수수료 정밀도 — 값 오염 의심 — CSV -2.0267(체결6건) vs 원장 +1.5559(포지션44건) 차이 -3.5825
2026-09-15 11:24:15  ⚠️  알림 전송 실패: <urlopen error [Errno 61] Connection refused>
2026-09-15 11:29:35  [경량] FAIL 6 · N/A 35 · PASS 109 · UNK 3 · WARN 12 (19초)  변화 발생
2026-09-15 11:29:35     ❌ 신규 결함  [8407] 12. 장부↔거래소 포지션 일치 — 유령(로컬만) ['APT/USDT:USDT'] · 고아(거래소만) []
2026-09-15 11:29:35     ❌ 신규 결함  [8407] 20. 청산 후 상태파일 삭제 — 청산 후 잔존: ['APT/USDT:USDT']
2026-09-15 11:29:35     ❌ 신규 결함  [8409] 12. 장부↔거래소 포지션 일치 — 유령(로컬만) ['CRV/USDT:USDT', 'PAXG/USDT:USDT', 'SOL/USDT:USDT'] · 고아(거래소만) []
2026-09-15 11:29:35     ❌ 신규 결함  [8409] 20. 청산 후 상태파일 삭제 — 청산 후 잔존: ['CRV/USDT:USDT', 'PAXG/USDT:USDT', 'SOL/USDT:USDT']
2026-09-15 11:29:35     ❌ 신규 결함  [8410] 12. 장부↔거래소 포지션 일치 — 유령(로컬만) ['FIL/USDT:USDT'] · 고아(거래소만) []
2026-09-15 11:29:35     ❌ 신규 결함  [8410] 20. 청산 후 상태파일 삭제 — 청산 후 잔존: ['FIL/USDT:USDT']
2026-09-15 11:29:35  ⚠️  알림 전송 실패: <urlopen error [Errno 61] Connection refused>
2026-09-15 11:45:28  [경량] FAIL 1 · N/A 26 · PASS 123 · UNK 3 · WARN 12 (14초)  변화 발생
2026-09-15 11:45:28     ❌ 신규 결함  [8409] 9. 스캐너 루프 정체 — 마지막 스캔 5640분 전 (주기 300초) — 정체
2026-09-15 11:45:28     ✅ 해소 확인  [8407] 12. 장부↔거래소 포지션 일치 — 유령(로컬만) ['APT/USDT:USDT'] · 고아(거래소만) []
2026-09-15 11:45:28     ✅ 해소 확인  [8407] 20. 청산 후 상태파일 삭제 — 청산 후 잔존: ['APT/USDT:USDT']
2026-09-15 11:45:28     ✅ 해소 확인  [8409] 12. 장부↔거래소 포지션 일치 — 유령(로컬만) ['CRV/USDT:USDT', 'PAXG/USDT:USDT', 'SOL/USDT:USDT'] · 고아(거래소만) []
2026-09-15 11:45:28     ✅ 해소 확인  [8409] 20. 청산 후 상태파일 삭제 — 청산 후 잔존: ['CRV/USDT:USDT', 'PAXG/USDT:USDT', 'SOL/USDT:USDT']
2026-09-15 11:45:28     ✅ 해소 확인  [8410] 12. 장부↔거래소 포지션 일치 — 유령(로컬만) ['FIL/USDT:USDT'] · 고아(거래소만) []
2026-09-15 11:45:28     ✅ 해소 확인  [8410] 20. 청산 후 상태파일 삭제 — 청산 후 잔존: ['FIL/USDT:USDT']
2026-09-15 11:45:28  ⚠️  알림 전송 실패: <urlopen error [Errno 61] Connection refused>
2026-09-15 11:50:42  [경량] N/A 26 · PASS 124 · UNK 3 · WARN 12 (14초)  변화 발생
2026-09-15 11:50:42     ✅ 해소 확인  [8409] 9. 스캐너 루프 정체 — 마지막 스캔 5640분 전 (주기 300초) — 정체
2026-09-15 11:50:42  ⚠️  알림 전송 실패: <urlopen error [Errno 61] Connection refused>
2026-09-15 12:22:37  [전체] FAIL 2 · N/A 18 · PASS 128 · UNK 2 · WARN 15 (46초)  변화 발생
2026-09-15 12:22:37     ❌ 신규 결함  [8402] 21. 손익·수수료 정밀도 — 값 오염 의심 — CSV -0.2496(체결15건) vs 원장 +1.7235(포지션12건) 차이 -1.9730
2026-09-15 12:22:37     ❌ 신규 결함  [8410] 21. 손익·수수료 정밀도 — 값 오염 의심 — CSV -2.0267(체결6건) vs 원장 +1.5559(포지션44건) 차이 -3.5825
2026-09-15 12:22:37  ⚠️  알림 전송 실패: <urlopen error [Errno 61] Connection refused>
2026-09-15 12:27:50  [경량] N/A 26 · PASS 124 · UNK 2 · WARN 13 (13초)  변화 발생
2026-09-15 12:27:50     ✅ 해소 확인  [8402] 21. 손익·수수료 정밀도 — 값 오염 의심 — CSV -0.2496(체결15건) vs 원장 +1.7235(포지션12건) 차이 -1.9730
2026-09-15 12:27:50     ✅ 해소 확인  [8410] 21. 손익·수수료 정밀도 — 값 오염 의심 — CSV -2.0267(체결6건) vs 원장 +1.5559(포지션44건) 차이 -3.5825
2026-09-15 12:27:50  ⚠️  알림 전송 실패: <urlopen error [Errno 61] Connection refused>
2026-09-15 12:43:31  [경량] FAIL 1 · N/A 26 · PASS 120 · UNK 3 · WARN 15 (14초)  변화 발생
2026-09-15 12:43:31     ❌ 신규 결함  [8409] 1. 신호↔주문 일치성 — 신호 14건 전량 차단 (차단 14 / 통과 0)
2026-09-15 12:43:31  ⚠️  알림 전송 실패: <urlopen error [Errno 61] Connection refused>
2026-09-15 13:25:49  [전체] FAIL 3 · N/A 18 · PASS 122 · UNK 5 · WARN 17 (46초)  변화 발생
2026-09-15 13:25:49     ❌ 신규 결함  [8402] 21. 손익·수수료 정밀도 — 값 오염 의심 — CSV -0.2496(체결15건) vs 원장 +1.7235(포지션12건) 차이 -1.9730
2026-09-15 13:25:49     ❌ 신규 결함  [8410] 21. 손익·수수료 정밀도 — 값 오염 의심 — CSV -2.0267(체결6건) vs 원장 +1.5559(포지션44건) 차이 -3.5825
2026-09-15 13:25:49  ⚠️  알림 전송 실패: <urlopen error [Errno 61] Connection refused>
2026-09-15 13:31:02  [경량] FAIL 1 · N/A 26 · PASS 118 · UNK 5 · WARN 15 (14초)  변화 발생
2026-09-15 13:31:02     ✅ 해소 확인  [8402] 21. 손익·수수료 정밀도 — 값 오염 의심 — CSV -0.2496(체결15건) vs 원장 +1.7235(포지션12건) 차이 -1.9730
2026-09-15 13:31:02     ✅ 해소 확인  [8410] 21. 손익·수수료 정밀도 — 값 오염 의심 — CSV -2.0267(체결6건) vs 원장 +1.5559(포지션44건) 차이 -3.5825
2026-09-15 13:31:02  ⚠️  알림 전송 실패: <urlopen error [Errno 61] Connection refused>
2026-09-15 14:29:04  [전체] FAIL 3 · N/A 18 · PASS 122 · UNK 4 · WARN 18 (46초)  변화 발생
2026-09-15 14:29:04     ❌ 신규 결함  [8402] 21. 손익·수수료 정밀도 — 값 오염 의심 — CSV -0.3886(체결14건) vs 원장 +1.7235(포지션12건) 차이 -2.1121
2026-09-15 14:29:04     ❌ 신규 결함  [8410] 21. 손익·수수료 정밀도 — 값 오염 의심 — CSV -2.0267(체결6건) vs 원장 +1.5559(포지션44건) 차이 -3.5825
2026-09-15 14:29:04  ⚠️  알림 전송 실패: <urlopen error [Errno 61] Connection refused>
2026-09-15 14:34:18  [경량] FAIL 1 · N/A 26 · PASS 116 · UNK 5 · WARN 17 (14초)  변화 발생
2026-09-15 14:34:18     ✅ 해소 확인  [8402] 21. 손익·수수료 정밀도 — 값 오염 의심 — CSV -0.3886(체결14건) vs 원장 +1.7235(포지션12건) 차이 -2.1121
2026-09-15 14:34:18     ✅ 해소 확인  [8410] 21. 손익·수수료 정밀도 — 값 오염 의심 — CSV -2.0267(체결6건) vs 원장 +1.5559(포지션44건) 차이 -3.5825
2026-09-15 14:34:18  ⚠️  알림 전송 실패: <urlopen error [Errno 61] Connection refused>
2026-09-15 14:39:32  [경량] N/A 26 · PASS 119 · UNK 4 · WARN 16 (14초)  변화 발생
2026-09-15 14:39:32     ✅ 해소 확인  [8409] 1. 신호↔주문 일치성 — 신호 5건 전량 차단 (차단 5 / 통과 0)
2026-09-15 14:39:32  ⚠️  알림 전송 실패: <urlopen error [Errno 61] Connection refused>
2026-09-15 15:21:26  [경량] FAIL 1 · N/A 26 · PASS 118 · UNK 6 · WARN 14 (14초)  변화 발생
2026-09-15 15:21:26     ❌ 신규 결함  [8409] 1. 신호↔주문 일치성 — 신호 5건 전량 차단 (차단 5 / 통과 0)
2026-09-15 15:21:26  ⚠️  알림 전송 실패: <urlopen error [Errno 61] Connection refused>
2026-09-15 15:26:40  [경량] N/A 26 · PASS 119 · UNK 6 · WARN 14 (14초)  변화 발생
2026-09-15 15:26:40     ✅ 해소 확인  [8409] 1. 신호↔주문 일치성 — 신호 5건 전량 차단 (차단 5 / 통과 0)
2026-09-15 15:26:40  ⚠️  알림 전송 실패: <urlopen error [Errno 61] Connection refused>
2026-09-15 15:32:26  [전체] FAIL 2 · N/A 18 · PASS 123 · UNK 6 · WARN 16 (46초)  변화 발생
2026-09-15 15:32:26     ❌ 신규 결함  [8402] 21. 손익·수수료 정밀도 — 값 오염 의심 — CSV +0.1156(체결12건) vs 원장 +1.7235(포지션12건) 차이 -1.6079
2026-09-15 15:32:26     ❌ 신규 결함  [8410] 21. 손익·수수료 정밀도 — 값 오염 의심 — CSV -2.0267(체결6건) vs 원장 +1.5559(포지션44건) 차이 -3.5825
2026-09-15 15:32:26  ⚠️  알림 전송 실패: <urlopen error [Errno 61] Connection refused>
2026-09-15 15:37:39  [경량] N/A 26 · PASS 119 · UNK 6 · WARN 14 (13초)  변화 발생
2026-09-15 15:37:39     ✅ 해소 확인  [8402] 21. 손익·수수료 정밀도 — 값 오염 의심 — CSV +0.1156(체결12건) vs 원장 +1.7235(포지션12건) 차이 -1.6079
2026-09-15 15:37:39     ✅ 해소 확인  [8410] 21. 손익·수수료 정밀도 — 값 오염 의심 — CSV -2.0267(체결6건) vs 원장 +1.5559(포지션44건) 차이 -3.5825
2026-09-15 15:37:39  ⚠️  알림 전송 실패: <urlopen error [Errno 61] Connection refused>
2026-09-15 16:29:57  [경량] FAIL 1 · N/A 26 · PASS 118 · UNK 6 · WARN 14 (14초)  변화 발생
2026-09-15 16:29:57     ❌ 신규 결함  [8409] 1. 신호↔주문 일치성 — 신호 5건 전량 차단 (차단 5 / 통과 0)
2026-09-15 16:29:57  ⚠️  알림 전송 실패: <urlopen error [Errno 61] Connection refused>
2026-09-15 16:35:43  [전체] FAIL 2 · N/A 18 · PASS 123 · UNK 6 · WARN 16 (46초)  변화 발생
2026-09-15 16:35:43     ❌ 신규 결함  [8402] 21. 손익·수수료 정밀도 — 값 오염 의심 — CSV +0.1156(체결12건) vs 원장 +1.7235(포지션12건) 차이 -1.6079
2026-09-15 16:35:43     ❌ 신규 결함  [8410] 21. 손익·수수료 정밀도 — 값 오염 의심 — CSV -2.0267(체결6건) vs 원장 +1.5559(포지션44건) 차이 -3.5825
2026-09-15 16:35:43     ✅ 해소 확인  [8409] 1. 신호↔주문 일치성 — 신호 5건 전량 차단 (차단 5 / 통과 0)
2026-09-15 16:35:43  ⚠️  알림 전송 실패: <urlopen error [Errno 61] Connection refused>
2026-09-15 16:40:56  [경량] N/A 26 · PASS 119 · UNK 6 · WARN 14 (14초)  변화 발생
2026-09-15 16:40:56     ✅ 해소 확인  [8402] 21. 손익·수수료 정밀도 — 값 오염 의심 — CSV +0.1156(체결12건) vs 원장 +1.7235(포지션12건) 차이 -1.6079
2026-09-15 16:40:56     ✅ 해소 확인  [8410] 21. 손익·수수료 정밀도 — 값 오염 의심 — CSV -2.0267(체결6건) vs 원장 +1.5559(포지션44건) 차이 -3.5825
2026-09-15 16:40:56  ⚠️  알림 전송 실패: <urlopen error [Errno 61] Connection refused>
2026-09-15 17:38:59  [전체] FAIL 2 · N/A 18 · PASS 123 · UNK 6 · WARN 16 (46초)  변화 발생
2026-09-15 17:38:59     ❌ 신규 결함  [8402] 21. 손익·수수료 정밀도 — 값 오염 의심 — CSV +0.1156(체결12건) vs 원장 +1.7235(포지션12건) 차이 -1.6079
2026-09-15 17:38:59     ❌ 신규 결함  [8410] 21. 손익·수수료 정밀도 — 값 오염 의심 — CSV -2.0267(체결6건) vs 원장 +1.5559(포지션44건) 차이 -3.5825
2026-09-15 17:38:59  ⚠️  알림 전송 실패: <urlopen error [Errno 61] Connection refused>
2026-09-15 17:44:13  [경량] N/A 26 · PASS 119 · UNK 6 · WARN 14 (14초)  변화 발생
2026-09-15 17:44:13     ✅ 해소 확인  [8402] 21. 손익·수수료 정밀도 — 값 오염 의심 — CSV +0.1156(체결12건) vs 원장 +1.7235(포지션12건) 차이 -1.6079
2026-09-15 17:44:13     ✅ 해소 확인  [8410] 21. 손익·수수료 정밀도 — 값 오염 의심 — CSV -2.0267(체결6건) vs 원장 +1.5559(포지션44건) 차이 -3.5825
2026-09-15 17:44:13  ⚠️  알림 전송 실패: <urlopen error [Errno 61] Connection refused>
2026-09-15 17:49:32  [경량] FAIL 6 · N/A 35 · PASS 104 · UNK 6 · WARN 14 (19초)  변화 발생
2026-09-15 17:49:32     ❌ 신규 결함  [8407] 12. 장부↔거래소 포지션 일치 — 유령(로컬만) ['APT/USDT:USDT'] · 고아(거래소만) []
2026-09-15 17:49:32     ❌ 신규 결함  [8407] 20. 청산 후 상태파일 삭제 — 청산 후 잔존: ['APT/USDT:USDT']
2026-09-15 17:49:32     ❌ 신규 결함  [8409] 12. 장부↔거래소 포지션 일치 — 유령(로컬만) ['PAXG/USDT:USDT'] · 고아(거래소만) []
2026-09-15 17:49:32     ❌ 신규 결함  [8409] 20. 청산 후 상태파일 삭제 — 청산 후 잔존: ['PAXG/USDT:USDT']
2026-09-15 17:49:32     ❌ 신규 결함  [8410] 12. 장부↔거래소 포지션 일치 — 유령(로컬만) ['FIL/USDT:USDT'] · 고아(거래소만) []
2026-09-15 17:49:32     ❌ 신규 결함  [8410] 20. 청산 후 상태파일 삭제 — 청산 후 잔존: ['FIL/USDT:USDT']
2026-09-15 17:49:32  ⚠️  알림 전송 실패: <urlopen error [Errno 61] Connection refused>
2026-09-15 18:00:10  [경량] FAIL 7 · N/A 35 · PASS 102 · UNK 6 · WARN 15 (19초)  변화 발생
2026-09-15 18:00:10     ❌ 신규 결함  [8409] 1. 신호↔주문 일치성 — 신호 5건 전량 차단 (차단 5 / 통과 0)
2026-09-15 18:00:10  ⚠️  알림 전송 실패: <urlopen error [Errno 61] Connection refused>
2026-09-15 18:05:25  [경량] FAIL 1 · N/A 26 · PASS 117 · UNK 6 · WARN 15 (14초)  변화 발생
2026-09-15 18:05:25     ❌ 신규 결함  [8409] 9. 스캐너 루프 정체 — 마지막 스캔 217분 전 (주기 300초) — 정체
2026-09-15 18:05:25     ✅ 해소 확인  [8407] 12. 장부↔거래소 포지션 일치 — 유령(로컬만) ['APT/USDT:USDT'] · 고아(거래소만) []
2026-09-15 18:05:25     ✅ 해소 확인  [8407] 20. 청산 후 상태파일 삭제 — 청산 후 잔존: ['APT/USDT:USDT']
2026-09-15 18:05:25     ✅ 해소 확인  [8409] 1. 신호↔주문 일치성 — 신호 5건 전량 차단 (차단 5 / 통과 0)
2026-09-15 18:05:25     ✅ 해소 확인  [8409] 12. 장부↔거래소 포지션 일치 — 유령(로컬만) ['PAXG/USDT:USDT'] · 고아(거래소만) []
2026-09-15 18:05:25     ✅ 해소 확인  [8409] 20. 청산 후 상태파일 삭제 — 청산 후 잔존: ['PAXG/USDT:USDT']
2026-09-15 18:05:25     ✅ 해소 확인  [8410] 12. 장부↔거래소 포지션 일치 — 유령(로컬만) ['FIL/USDT:USDT'] · 고아(거래소만) []
2026-09-15 18:05:25     ✅ 해소 확인  [8410] 20. 청산 후 상태파일 삭제 — 청산 후 잔존: ['FIL/USDT:USDT']
2026-09-15 18:05:25  ⚠️  알림 전송 실패: <urlopen error [Errno 61] Connection refused>
2026-09-15 18:10:38  [경량] N/A 26 · PASS 119 · UNK 6 · WARN 14 (14초)  변화 발생
2026-09-15 18:10:38     ✅ 해소 확인  [8409] 9. 스캐너 루프 정체 — 마지막 스캔 217분 전 (주기 300초) — 정체
2026-09-15 18:10:38  ⚠️  알림 전송 실패: <urlopen error [Errno 61] Connection refused>
2026-09-15 18:31:33  [경량] FAIL 1 · N/A 26 · PASS 118 · UNK 6 · WARN 14 (14초)  변화 발생
2026-09-15 18:31:33     ❌ 신규 결함  [8409] 1. 신호↔주문 일치성 — 신호 5건 전량 차단 (차단 5 / 통과 0)
2026-09-15 18:31:33  ⚠️  알림 전송 실패: <urlopen error [Errno 61] Connection refused>
2026-09-15 18:42:32  [전체] FAIL 2 · N/A 18 · PASS 123 · UNK 6 · WARN 16 (46초)  변화 발생
2026-09-15 18:42:32     ❌ 신규 결함  [8402] 21. 손익·수수료 정밀도 — 값 오염 의심 — CSV +0.1156(체결12건) vs 원장 +1.7235(포지션12건) 차이 -1.6079
2026-09-15 18:42:32     ❌ 신규 결함  [8410] 21. 손익·수수료 정밀도 — 값 오염 의심 — CSV -2.0267(체결6건) vs 원장 +1.5559(포지션44건) 차이 -3.5825
2026-09-15 18:42:32     ✅ 해소 확인  [8409] 1. 신호↔주문 일치성 — 신호 5건 전량 차단 (차단 5 / 통과 0)
2026-09-15 18:42:32  ⚠️  알림 전송 실패: <urlopen error [Errno 61] Connection refused>
2026-09-15 18:47:46  [경량] N/A 26 · PASS 119 · UNK 6 · WARN 14 (14초)  변화 발생
2026-09-15 18:47:46     ✅ 해소 확인  [8402] 21. 손익·수수료 정밀도 — 값 오염 의심 — CSV +0.1156(체결12건) vs 원장 +1.7235(포지션12건) 차이 -1.6079
2026-09-15 18:47:46     ✅ 해소 확인  [8410] 21. 손익·수수료 정밀도 — 값 오염 의심 — CSV -2.0267(체결6건) vs 원장 +1.5559(포지션44건) 차이 -3.5825
2026-09-15 18:47:46  ⚠️  알림 전송 실패: <urlopen error [Errno 61] Connection refused>
2026-09-15 19:19:07  [경량] FAIL 1 · N/A 26 · PASS 118 · UNK 6 · WARN 14 (13초)  변화 발생
2026-09-15 19:19:07     ❌ 신규 결함  [8409] 1. 신호↔주문 일치성 — 신호 5건 전량 차단 (차단 5 / 통과 0)
2026-09-15 19:19:07  ⚠️  알림 전송 실패: <urlopen error [Errno 61] Connection refused>
2026-09-15 19:24:20  [경량] N/A 26 · PASS 119 · UNK 6 · WARN 14 (13초)  변화 발생
2026-09-15 19:24:20     ✅ 해소 확인  [8409] 1. 신호↔주문 일치성 — 신호 5건 전량 차단 (차단 5 / 통과 0)
2026-09-15 19:24:20  ⚠️  알림 전송 실패: <urlopen error [Errno 61] Connection refused>
2026-09-15 19:45:46  [전체] FAIL 2 · N/A 18 · PASS 123 · UNK 6 · WARN 16 (46초)  변화 발생
2026-09-15 19:45:46     ❌ 신규 결함  [8402] 21. 손익·수수료 정밀도 — 값 오염 의심 — CSV -0.0152(체결11건) vs 원장 +1.7235(포지션12건) 차이 -1.7387
2026-09-15 19:45:46     ❌ 신규 결함  [8410] 21. 손익·수수료 정밀도 — 값 오염 의심 — CSV -2.0267(체결6건) vs 원장 +1.5559(포지션44건) 차이 -3.5825
2026-09-15 19:45:46  ⚠️  알림 전송 실패: <urlopen error [Errno 61] Connection refused>
2026-09-15 19:51:00  [경량] N/A 26 · PASS 119 · UNK 6 · WARN 14 (14초)  변화 발생
2026-09-15 19:51:00     ✅ 해소 확인  [8402] 21. 손익·수수료 정밀도 — 값 오염 의심 — CSV -0.0152(체결11건) vs 원장 +1.7235(포지션12건) 차이 -1.7387
2026-09-15 19:51:00     ✅ 해소 확인  [8410] 21. 손익·수수료 정밀도 — 값 오염 의심 — CSV -2.0267(체결6건) vs 원장 +1.5559(포지션44건) 차이 -3.5825
2026-09-15 19:51:00  ⚠️  알림 전송 실패: <urlopen error [Errno 61] Connection refused>
2026-09-15 20:32:50  [경량] FAIL 1 · N/A 26 · PASS 120 · UNK 5 · WARN 13 (13초)  변화 발생
2026-09-15 20:32:50     ❌ 신규 결함  [8409] 1. 신호↔주문 일치성 — 신호 5건 전량 차단 (차단 5 / 통과 0)
2026-09-15 20:32:50  ⚠️  알림 전송 실패: <urlopen error [Errno 61] Connection refused>
2026-09-15 20:38:04  [경량] N/A 26 · PASS 120 · UNK 5 · WARN 14 (14초)  변화 발생
2026-09-15 20:38:04     ✅ 해소 확인  [8409] 1. 신호↔주문 일치성 — 신호 5건 전량 차단 (차단 5 / 통과 0)
2026-09-15 20:38:04  ⚠️  알림 전송 실패: <urlopen error [Errno 61] Connection refused>
2026-09-15 20:49:04  [전체] FAIL 2 · N/A 16 · PASS 125 · UNK 5 · WARN 17 (46초)  변화 발생
2026-09-15 20:49:04     ❌ 신규 결함  [8402] 21. 손익·수수료 정밀도 — 값 오염 의심 — CSV -0.0152(체결11건) vs 원장 +1.7235(포지션12건) 차이 -1.7387
2026-09-15 20:49:04     ❌ 신규 결함  [8410] 21. 손익·수수료 정밀도 — 값 오염 의심 — CSV -2.0267(체결6건) vs 원장 +1.5559(포지션44건) 차이 -3.5825
2026-09-15 20:49:04  ⚠️  알림 전송 실패: <urlopen error [Errno 61] Connection refused>
2026-09-15 20:54:17  [경량] N/A 26 · PASS 119 · UNK 5 · WARN 15 (14초)  변화 발생
2026-09-15 20:54:17     ✅ 해소 확인  [8402] 21. 손익·수수료 정밀도 — 값 오염 의심 — CSV -0.0152(체결11건) vs 원장 +1.7235(포지션12건) 차이 -1.7387
2026-09-15 20:54:17     ✅ 해소 확인  [8410] 21. 손익·수수료 정밀도 — 값 오염 의심 — CSV -2.0267(체결6건) vs 원장 +1.5559(포지션44건) 차이 -3.5825
2026-09-15 20:54:17  ⚠️  알림 전송 실패: <urlopen error [Errno 61] Connection refused>
2026-09-15 21:52:22  [전체] FAIL 2 · N/A 19 · PASS 123 · UNK 5 · WARN 16 (47초)  변화 발생
2026-09-15 21:52:22     ❌ 신규 결함  [8402] 21. 손익·수수료 정밀도 — 값 오염 의심 — CSV -0.0152(체결11건) vs 원장 +1.7235(포지션12건) 차이 -1.7387
2026-09-15 21:52:22     ❌ 신규 결함  [8410] 21. 손익·수수료 정밀도 — 값 오염 의심 — CSV -2.0267(체결6건) vs 원장 +1.5559(포지션44건) 차이 -3.5825
2026-09-15 21:52:22  ⚠️  알림 전송 실패: <urlopen error [Errno 61] Connection refused>
2026-09-15 21:57:36  [경량] N/A 26 · PASS 120 · UNK 5 · WARN 14 (14초)  변화 발생
2026-09-15 21:57:36     ✅ 해소 확인  [8402] 21. 손익·수수료 정밀도 — 값 오염 의심 — CSV -0.0152(체결11건) vs 원장 +1.7235(포지션12건) 차이 -1.7387
2026-09-15 21:57:36     ✅ 해소 확인  [8410] 21. 손익·수수료 정밀도 — 값 오염 의심 — CSV -2.0267(체결6건) vs 원장 +1.5559(포지션44건) 차이 -3.5825
2026-09-15 21:57:36  ⚠️  알림 전송 실패: <urlopen error [Errno 61] Connection refused>
2026-09-15 22:55:50  [전체] FAIL 2 · N/A 16 · PASS 126 · UNK 5 · WARN 16 (52초)  변화 발생
2026-09-15 22:55:50     ❌ 신규 결함  [8402] 21. 손익·수수료 정밀도 — 값 오염 의심 — CSV -0.0188(체결10건) vs 원장 +1.7235(포지션12건) 차이 -1.7423
2026-09-15 22:55:50     ❌ 신규 결함  [8410] 21. 손익·수수료 정밀도 — 값 오염 의심 — CSV -2.0267(체결6건) vs 원장 +1.5559(포지션44건) 차이 -3.5825
2026-09-15 22:55:50  ⚠️  알림 전송 실패: <urlopen error [Errno 61] Connection refused>
2026-09-15 23:01:04  [경량] N/A 26 · PASS 120 · UNK 5 · WARN 14 (14초)  변화 발생
2026-09-15 23:01:04     ✅ 해소 확인  [8402] 21. 손익·수수료 정밀도 — 값 오염 의심 — CSV -0.0188(체결10건) vs 원장 +1.7235(포지션12건) 차이 -1.7423
2026-09-15 23:01:04     ✅ 해소 확인  [8410] 21. 손익·수수료 정밀도 — 값 오염 의심 — CSV -2.0267(체결6건) vs 원장 +1.5559(포지션44건) 차이 -3.5825
2026-09-15 23:01:04  ⚠️  알림 전송 실패: <urlopen error [Errno 61] Connection refused>
2026-09-15 23:59:15  [전체] FAIL 2 · N/A 16 · PASS 126 · UNK 5 · WARN 16 (47초)  변화 발생
2026-09-15 23:59:15     ❌ 신규 결함  [8402] 21. 손익·수수료 정밀도 — 값 오염 의심 — CSV -0.0188(체결10건) vs 원장 +1.7235(포지션12건) 차이 -1.7423
2026-09-15 23:59:15     ❌ 신규 결함  [8410] 21. 손익·수수료 정밀도 — 값 오염 의심 — CSV -2.0267(체결6건) vs 원장 +1.5559(포지션44건) 차이 -3.5825
2026-09-15 23:59:15  ⚠️  알림 전송 실패: <urlopen error [Errno 61] Connection refused>
2026-09-16 00:04:30  [경량] N/A 29 · PASS 118 · UNK 5 · WARN 13 (14초)  변화 발생
2026-09-16 00:04:30     ✅ 해소 확인  [8402] 21. 손익·수수료 정밀도 — 값 오염 의심 — CSV -0.0188(체결10건) vs 원장 +1.7235(포지션12건) 차이 -1.7423
2026-09-16 00:04:30     ✅ 해소 확인  [8410] 21. 손익·수수료 정밀도 — 값 오염 의심 — CSV -2.0267(체결6건) vs 원장 +1.5559(포지션44건) 차이 -3.5825
2026-09-16 00:04:30  ⚠️  알림 전송 실패: <urlopen error [Errno 61] Connection refused>
2026-09-16 00:14:57  [경량] FAIL 1 · N/A 29 · PASS 116 · UNK 5 · WARN 14 (14초)  변화 발생
2026-09-16 00:14:57     ❌ 신규 결함  [8409] 1. 신호↔주문 일치성 — 신호 5건 전량 차단 (차단 5 / 통과 0)
2026-09-16 00:14:57  ⚠️  알림 전송 실패: <urlopen error [Errno 61] Connection refused>
2026-09-16 00:30:40  [경량] N/A 26 · PASS 120 · UNK 5 · WARN 14 (14초)  변화 발생
2026-09-16 00:30:40     ✅ 해소 확인  [8409] 1. 신호↔주문 일치성 — 신호 5건 전량 차단 (차단 5 / 통과 0)
2026-09-16 00:30:40  ⚠️  알림 전송 실패: <urlopen error [Errno 61] Connection refused>
2026-09-16 01:02:37  [전체] FAIL 2 · N/A 19 · PASS 124 · UNK 5 · WARN 15 (47초)  변화 발생
2026-09-16 01:02:37     ❌ 신규 결함  [8402] 21. 손익·수수료 정밀도 — 값 오염 의심 — CSV -0.6062(체결8건) vs 원장 +1.7235(포지션12건) 차이 -2.3297
2026-09-16 01:02:37     ❌ 신규 결함  [8410] 21. 손익·수수료 정밀도 — 값 오염 의심 — CSV -0.8182(체결8건) vs 원장 +1.5559(포지션44건) 차이 -2.3741
2026-09-16 01:02:37  ⚠️  알림 전송 실패: <urlopen error [Errno 61] Connection refused>
2026-09-16 01:07:51  [경량] N/A 29 · PASS 118 · UNK 5 · WARN 13 (14초)  변화 발생
2026-09-16 01:07:51     ✅ 해소 확인  [8402] 21. 손익·수수료 정밀도 — 값 오염 의심 — CSV -0.6062(체결8건) vs 원장 +1.7235(포지션12건) 차이 -2.3297
2026-09-16 01:07:51     ✅ 해소 확인  [8410] 21. 손익·수수료 정밀도 — 값 오염 의심 — CSV -0.8182(체결8건) vs 원장 +1.5559(포지션44건) 차이 -2.3741
2026-09-16 01:07:51  ⚠️  알림 전송 실패: <urlopen error [Errno 61] Connection refused>
2026-09-16 01:13:05  [경량] FAIL 1 · N/A 29 · PASS 117 · UNK 5 · WARN 13 (14초)  변화 발생
2026-09-16 01:13:05     ❌ 신규 결함  [8409] 16. 최대보유시간 청산 — 보유시간 초과 방치: ['PAXG(24h)'] (한도 24h)
2026-09-16 01:13:05  ⚠️  알림 전송 실패: <urlopen error [Errno 61] Connection refused>
2026-09-16 01:39:14  [경량] FAIL 2 · N/A 29 · PASS 111 · UNK 7 · WARN 16 (15초)  변화 발생
2026-09-16 01:39:14     ❌ 신규 결함  [8409] 1. 신호↔주문 일치성 — 신호 5건 전량 차단 (차단 5 / 통과 0)
2026-09-16 01:39:14  ⚠️  알림 전송 실패: <urlopen error [Errno 61] Connection refused>
2026-09-16 01:54:55  [경량] FAIL 2 · N/A 29 · PASS 112 · UNK 7 · WARN 15 (14초)  변화 발생
2026-09-16 01:54:55     ❌ 신규 결함  [8409] 5. 최소주문 단위 충족 — 최소주문 미달 거부 8건
2026-09-16 01:54:55     ✅ 해소 확인  [8409] 1. 신호↔주문 일치성 — 신호 5건 전량 차단 (차단 5 / 통과 0)
2026-09-16 01:54:55  ⚠️  알림 전송 실패: <urlopen error [Errno 61] Connection refused>
2026-09-16 02:05:56  [전체] FAIL 4 · N/A 19 · PASS 118 · UNK 7 · WARN 17 (47초)  변화 발생
2026-09-16 02:05:56     ❌ 신규 결함  [8402] 21. 손익·수수료 정밀도 — 값 오염 의심 — CSV -0.6062(체결8건) vs 원장 +1.7235(포지션12건) 차이 -2.3297
2026-09-16 02:05:56     ❌ 신규 결함  [8410] 21. 손익·수수료 정밀도 — 값 오염 의심 — CSV -0.8182(체결8건) vs 원장 +1.5559(포지션44건) 차이 -2.3741
2026-09-16 02:05:56  ⚠️  알림 전송 실패: <urlopen error [Errno 61] Connection refused>
2026-09-16 02:11:09  [경량] FAIL 2 · N/A 29 · PASS 112 · UNK 7 · WARN 15 (14초)  변화 발생
2026-09-16 02:11:09     ✅ 해소 확인  [8402] 21. 손익·수수료 정밀도 — 값 오염 의심 — CSV -0.6062(체결8건) vs 원장 +1.7235(포지션12건) 차이 -2.3297
2026-09-16 02:11:09     ✅ 해소 확인  [8410] 21. 손익·수수료 정밀도 — 값 오염 의심 — CSV -0.8182(체결8건) vs 원장 +1.5559(포지션44건) 차이 -2.3741
2026-09-16 02:11:09  ⚠️  알림 전송 실패: <urlopen error [Errno 61] Connection refused>
2026-09-16 02:26:50  [경량] FAIL 1 · N/A 29 · PASS 112 · UNK 7 · WARN 16 (13초)  변화 발생
2026-09-16 02:26:50     ✅ 해소 확인  [8409] 5. 최소주문 단위 충족 — 최소주문 미달 거부 4건
2026-09-16 02:26:50  ⚠️  알림 전송 실패: <urlopen error [Errno 61] Connection refused>
2026-09-16 02:32:04  [경량] FAIL 2 · N/A 29 · PASS 112 · UNK 7 · WARN 15 (14초)  변화 발생
2026-09-16 02:32:04     ❌ 신규 결함  [8409] 1. 신호↔주문 일치성 — 신호 5건 전량 차단 (차단 5 / 통과 0)
2026-09-16 02:32:04  ⚠️  알림 전송 실패: <urlopen error [Errno 61] Connection refused>
2026-09-16 03:09:12  [전체] FAIL 4 · N/A 19 · PASS 118 · UNK 7 · WARN 17 (47초)  변화 발생
2026-09-16 03:09:12     ❌ 신규 결함  [8402] 21. 손익·수수료 정밀도 — 값 오염 의심 — CSV -0.6062(체결8건) vs 원장 +1.7235(포지션12건) 차이 -2.3297
2026-09-16 03:09:12     ❌ 신규 결함  [8410] 21. 손익·수수료 정밀도 — 값 오염 의심 — CSV -0.8182(체결8건) vs 원장 +1.5559(포지션44건) 차이 -2.3741
2026-09-16 03:09:12  ⚠️  알림 전송 실패: <urlopen error [Errno 61] Connection refused>
2026-09-16 03:14:26  [경량] FAIL 2 · N/A 29 · PASS 112 · UNK 7 · WARN 15 (14초)  변화 발생
2026-09-16 03:14:26     ✅ 해소 확인  [8402] 21. 손익·수수료 정밀도 — 값 오염 의심 — CSV -0.6062(체결8건) vs 원장 +1.7235(포지션12건) 차이 -2.3297
2026-09-16 03:14:26     ✅ 해소 확인  [8410] 21. 손익·수수료 정밀도 — 값 오염 의심 — CSV -0.8182(체결8건) vs 원장 +1.5559(포지션44건) 차이 -2.3741
2026-09-16 03:14:26  ⚠️  알림 전송 실패: <urlopen error [Errno 61] Connection refused>
2026-09-16 03:45:49  [경량] FAIL 4 · N/A 29 · PASS 110 · UNK 7 · WARN 15 (14초)  변화 발생
2026-09-16 03:45:49     ❌ 신규 결함  [8409] 12. 장부↔거래소 포지션 일치 — 유령(로컬만) ['FIL/USDT:USDT'] · 고아(거래소만) []
2026-09-16 03:45:49     ❌ 신규 결함  [8409] 20. 청산 후 상태파일 삭제 — 청산 후 잔존: ['FIL/USDT:USDT']
2026-09-16 03:45:49  ⚠️  알림 전송 실패: <urlopen error [Errno 61] Connection refused>
2026-09-16 03:51:03  [경량] FAIL 2 · N/A 29 · PASS 113 · UNK 6 · WARN 15 (14초)  변화 발생
2026-09-16 03:51:03     ❌ 신규 결함  [8409] 5. 최소주문 단위 충족 — 최소주문 미달 거부 8건
2026-09-16 03:51:03     ✅ 해소 확인  [8409] 1. 신호↔주문 일치성 — 신호 17건 전량 차단 (차단 17 / 통과 0)
2026-09-16 03:51:03     ✅ 해소 확인  [8409] 12. 장부↔거래소 포지션 일치 — 유령(로컬만) ['FIL/USDT:USDT'] · 고아(거래소만) []
2026-09-16 03:51:03     ✅ 해소 확인  [8409] 20. 청산 후 상태파일 삭제 — 청산 후 잔존: ['FIL/USDT:USDT']
2026-09-16 03:51:03  ⚠️  알림 전송 실패: <urlopen error [Errno 61] Connection refused>
2026-09-16 04:06:43  [경량] FAIL 2 · N/A 29 · PASS 112 · UNK 6 · WARN 16 (13초)  변화 발생
2026-09-16 04:06:43     ❌ 신규 결함  [8409] 1. 신호↔주문 일치성 — 신호 21건 전량 차단 (차단 21 / 통과 0)
2026-09-16 04:06:43     ✅ 해소 확인  [8409] 5. 최소주문 단위 충족 — 최소주문 미달 거부 8건
2026-09-16 04:06:43  ⚠️  알림 전송 실패: <urlopen error [Errno 61] Connection refused>
2026-09-16 04:12:31  [전체] FAIL 4 · N/A 19 · PASS 118 · UNK 6 · WARN 18 (47초)  변화 발생
2026-09-16 04:12:31     ❌ 신규 결함  [8402] 21. 손익·수수료 정밀도 — 값 오염 의심 — CSV -0.6062(체결8건) vs 원장 +1.7235(포지션12건) 차이 -2.3297
2026-09-16 04:12:31     ❌ 신규 결함  [8410] 21. 손익·수수료 정밀도 — 값 오염 의심 — CSV -0.8182(체결8건) vs 원장 +1.5559(포지션44건) 차이 -2.3741
2026-09-16 04:12:31  ⚠️  알림 전송 실패: <urlopen error [Errno 61] Connection refused>
2026-09-16 04:17:44  [경량] FAIL 2 · N/A 29 · PASS 112 · UNK 7 · WARN 15 (14초)  변화 발생
2026-09-16 04:17:44     ✅ 해소 확인  [8402] 21. 손익·수수료 정밀도 — 값 오염 의심 — CSV -0.6062(체결8건) vs 원장 +1.7235(포지션12건) 차이 -2.3297
2026-09-16 04:17:44     ✅ 해소 확인  [8410] 21. 손익·수수료 정밀도 — 값 오염 의심 — CSV -0.8182(체결8건) vs 원장 +1.5559(포지션44건) 차이 -2.3741
2026-09-16 04:17:44  ⚠️  알림 전송 실패: <urlopen error [Errno 61] Connection refused>
2026-09-16 04:22:58  [경량] FAIL 2 · N/A 29 · PASS 111 · UNK 7 · WARN 16 (14초)  변화 발생
2026-09-16 04:22:58     ❌ 신규 결함  [8409] 5. 최소주문 단위 충족 — 최소주문 미달 거부 4건
2026-09-16 04:22:58     ✅ 해소 확인  [8409] 1. 신호↔주문 일치성 — 신호 5건 전량 차단 (차단 5 / 통과 0)
2026-09-16 04:22:58  ⚠️  알림 전송 실패: <urlopen error [Errno 61] Connection refused>
2026-09-16 04:43:53  [경량] FAIL 2 · N/A 29 · PASS 112 · UNK 7 · WARN 15 (14초)  변화 발생
2026-09-16 04:43:53     ❌ 신규 결함  [8409] 1. 신호↔주문 일치성 — 신호 5건 전량 차단 (차단 5 / 통과 0)
2026-09-16 04:43:53     ✅ 해소 확인  [8409] 5. 최소주문 단위 충족 — 최소주문 미달 거부 4건
2026-09-16 04:43:53  ⚠️  알림 전송 실패: <urlopen error [Errno 61] Connection refused>
2026-09-16 05:15:51  [전체] FAIL 4 · N/A 19 · PASS 118 · UNK 7 · WARN 17 (47초)  변화 발생
2026-09-16 05:15:51     ❌ 신규 결함  [8402] 21. 손익·수수료 정밀도 — 값 오염 의심 — CSV -0.6062(체결8건) vs 원장 +1.7235(포지션12건) 차이 -2.3297
2026-09-16 05:15:51     ❌ 신규 결함  [8409] 5. 최소주문 단위 충족 — 최소주문 미달 거부 8건
2026-09-16 05:15:51     ❌ 신규 결함  [8410] 21. 손익·수수료 정밀도 — 값 오염 의심 — CSV -0.8182(체결8건) vs 원장 +1.5559(포지션44건) 차이 -2.3741
2026-09-16 05:15:51     ✅ 해소 확인  [8409] 1. 신호↔주문 일치성 — 신호 5건 전량 차단 (차단 5 / 통과 0)
2026-09-16 05:15:51  ⚠️  알림 전송 실패: <urlopen error [Errno 61] Connection refused>
2026-09-16 05:21:05  [경량] FAIL 4 · N/A 29 · PASS 110 · UNK 7 · WARN 15 (14초)  변화 발생
2026-09-16 05:21:05     ❌ 신규 결함  [8407] 12. 장부↔거래소 포지션 일치 — 유령(로컬만) ['XRP/USDT:USDT'] · 고아(거래소만) []
2026-09-16 05:21:05     ❌ 신규 결함  [8407] 20. 청산 후 상태파일 삭제 — 청산 후 잔존: ['XRP/USDT:USDT']
2026-09-16 05:21:05     ✅ 해소 확인  [8402] 21. 손익·수수료 정밀도 — 값 오염 의심 — CSV -0.6062(체결8건) vs 원장 +1.7235(포지션12건) 차이 -2.3297
2026-09-16 05:21:05     ✅ 해소 확인  [8410] 21. 손익·수수료 정밀도 — 값 오염 의심 — CSV -0.8182(체결8건) vs 원장 +1.5559(포지션44건) 차이 -2.3741
2026-09-16 05:21:05  ⚠️  알림 전송 실패: <urlopen error [Errno 61] Connection refused>
2026-09-16 05:26:19  [경량] FAIL 3 · N/A 29 · PASS 112 · UNK 7 · WARN 14 (14초)  변화 발생
2026-09-16 05:26:19     ✅ 해소 확인  [8407] 20. 청산 후 상태파일 삭제 — 청산 후 잔존: ['XRP/USDT:USDT']
2026-09-16 05:26:19  ⚠️  알림 전송 실패: <urlopen error [Errno 61] Connection refused>
2026-09-16 05:31:32  [경량] FAIL 2 · N/A 29 · PASS 113 · UNK 7 · WARN 14 (14초)  변화 발생
2026-09-16 05:31:32     ✅ 해소 확인  [8407] 12. 장부↔거래소 포지션 일치 — 유령(로컬만) [] · 고아(거래소만) ['TRX/USDT:USDT', 'XLM/USDT:USDT']
2026-09-16 05:31:32  ⚠️  알림 전송 실패: <urlopen error [Errno 61] Connection refused>
2026-09-16 05:57:41  [경량] FAIL 2 · N/A 29 · PASS 112 · UNK 7 · WARN 15 (14초)  변화 발생
2026-09-16 05:57:41     ❌ 신규 결함  [8409] 1. 신호↔주문 일치성 — 신호 5건 전량 차단 (차단 5 / 통과 0)
2026-09-16 05:57:41     ✅ 해소 확인  [8409] 5. 최소주문 단위 충족 — 최소주문 미달 거부 4건
2026-09-16 05:57:41  ⚠️  알림 전송 실패: <urlopen error [Errno 61] Connection refused>
2026-09-16 06:19:10  [전체] FAIL 4 · N/A 19 · PASS 118 · UNK 7 · WARN 17 (47초)  변화 발생
2026-09-16 06:19:10     ❌ 신규 결함  [8402] 21. 손익·수수료 정밀도 — 값 오염 의심 — CSV -0.6062(체결8건) vs 원장 +1.7235(포지션12건) 차이 -2.3297
2026-09-16 06:19:10     ❌ 신규 결함  [8410] 21. 손익·수수료 정밀도 — 값 오염 의심 — CSV -0.8182(체결8건) vs 원장 +1.5559(포지션44건) 차이 -2.3741
2026-09-16 06:19:10  ⚠️  알림 전송 실패: <urlopen error [Errno 61] Connection refused>
2026-09-16 06:24:24  [경량] FAIL 2 · N/A 29 · PASS 112 · UNK 7 · WARN 15 (14초)  변화 발생
2026-09-16 06:24:24     ✅ 해소 확인  [8402] 21. 손익·수수료 정밀도 — 값 오염 의심 — CSV -0.6062(체결8건) vs 원장 +1.7235(포지션12건) 차이 -2.3297
2026-09-16 06:24:24     ✅ 해소 확인  [8410] 21. 손익·수수료 정밀도 — 값 오염 의심 — CSV -0.8182(체결8건) vs 원장 +1.5559(포지션44건) 차이 -2.3741
2026-09-16 06:24:24  ⚠️  알림 전송 실패: <urlopen error [Errno 61] Connection refused>
2026-09-16 06:29:37  [경량] FAIL 2 · N/A 29 · PASS 112 · UNK 7 · WARN 15 (14초)  변화 발생
2026-09-16 06:29:37     ❌ 신규 결함  [8409] 5. 최소주문 단위 충족 — 최소주문 미달 거부 4건
2026-09-16 06:29:37     ✅ 해소 확인  [8409] 1. 신호↔주문 일치성 — 신호 5건 전량 차단 (차단 5 / 통과 0)
2026-09-16 06:29:37  ⚠️  알림 전송 실패: <urlopen error [Errno 61] Connection refused>
2026-09-16 07:16:40  [경량] FAIL 2 · N/A 29 · PASS 112 · UNK 7 · WARN 15 (13초)  변화 발생
2026-09-16 07:16:40     ❌ 신규 결함  [8409] 1. 신호↔주문 일치성 — 신호 5건 전량 차단 (차단 5 / 통과 0)
2026-09-16 07:16:40     ✅ 해소 확인  [8409] 5. 최소주문 단위 충족 — 최소주문 미달 거부 8건
2026-09-16 07:16:40  ⚠️  알림 전송 실패: <urlopen error [Errno 61] Connection refused>
2026-09-16 07:22:29  [전체] FAIL 4 · N/A 19 · PASS 118 · UNK 7 · WARN 17 (48초)  변화 발생
2026-09-16 07:22:29     ❌ 신규 결함  [8402] 21. 손익·수수료 정밀도 — 값 오염 의심 — CSV -0.6062(체결8건) vs 원장 +1.7235(포지션12건) 차이 -2.3297
2026-09-16 07:22:29     ❌ 신규 결함  [8409] 5. 최소주문 단위 충족 — 최소주문 미달 거부 4건
2026-09-16 07:22:29     ❌ 신규 결함  [8410] 21. 손익·수수료 정밀도 — 값 오염 의심 — CSV -0.8182(체결8건) vs 원장 +1.5559(포지션44건) 차이 -2.3741
2026-09-16 07:22:29     ✅ 해소 확인  [8409] 1. 신호↔주문 일치성 — 신호 5건 전량 차단 (차단 5 / 통과 0)
2026-09-16 07:22:29  ⚠️  알림 전송 실패: <urlopen error [Errno 61] Connection refused>
2026-09-16 07:27:42  [경량] FAIL 2 · N/A 29 · PASS 112 · UNK 7 · WARN 15 (14초)  변화 발생
2026-09-16 07:27:42     ✅ 해소 확인  [8402] 21. 손익·수수료 정밀도 — 값 오염 의심 — CSV -0.6062(체결8건) vs 원장 +1.7235(포지션12건) 차이 -2.3297
2026-09-16 07:27:42     ✅ 해소 확인  [8410] 21. 손익·수수료 정밀도 — 값 오염 의심 — CSV -0.8182(체결8건) vs 원장 +1.5559(포지션44건) 차이 -2.3741
2026-09-16 07:27:42  ⚠️  알림 전송 실패: <urlopen error [Errno 61] Connection refused>
2026-09-16 07:43:24  [경량] FAIL 2 · N/A 29 · PASS 112 · UNK 7 · WARN 15 (14초)  변화 발생
2026-09-16 07:43:24     ❌ 신규 결함  [8409] 1. 신호↔주문 일치성 — 신호 5건 전량 차단 (차단 5 / 통과 0)
2026-09-16 07:43:24     ✅ 해소 확인  [8409] 5. 최소주문 단위 충족 — 최소주문 미달 거부 4건
2026-09-16 07:43:24  ⚠️  알림 전송 실패: <urlopen error [Errno 61] Connection refused>
2026-09-16 08:04:19  [경량] FAIL 1 · N/A 29 · PASS 113 · UNK 7 · WARN 15 (14초)  변화 발생
2026-09-16 08:04:19     ✅ 해소 확인  [8409] 1. 신호↔주문 일치성 — 신호 5건 전량 차단 (차단 5 / 통과 0)
2026-09-16 08:04:19  ⚠️  알림 전송 실패: <urlopen error [Errno 61] Connection refused>
2026-09-16 08:25:47  [전체] FAIL 3 · N/A 19 · PASS 119 · UNK 7 · WARN 17 (48초)  변화 발생
2026-09-16 08:25:47     ❌ 신규 결함  [8402] 21. 손익·수수료 정밀도 — 값 오염 의심 — CSV -0.6062(체결8건) vs 원장 +1.7235(포지션12건) 차이 -2.3297
2026-09-16 08:25:47     ❌ 신규 결함  [8410] 21. 손익·수수료 정밀도 — 값 오염 의심 — CSV -0.7792(체결7건) vs 원장 +1.5559(포지션44건) 차이 -2.3351
2026-09-16 08:25:47  ⚠️  알림 전송 실패: <urlopen error [Errno 61] Connection refused>
2026-09-16 08:31:01  [경량] FAIL 2 · N/A 29 · PASS 112 · UNK 7 · WARN 15 (14초)  변화 발생
2026-09-16 08:31:01     ❌ 신규 결함  [8409] 5. 최소주문 단위 충족 — 최소주문 미달 거부 4건
2026-09-16 08:31:01     ✅ 해소 확인  [8402] 21. 손익·수수료 정밀도 — 값 오염 의심 — CSV -0.6062(체결8건) vs 원장 +1.7235(포지션12건) 차이 -2.3297
2026-09-16 08:31:01     ✅ 해소 확인  [8410] 21. 손익·수수료 정밀도 — 값 오염 의심 — CSV -0.7792(체결7건) vs 원장 +1.5559(포지션44건) 차이 -2.3351
2026-09-16 08:31:01  ⚠️  알림 전송 실패: <urlopen error [Errno 61] Connection refused>
2026-09-16 08:46:42  [경량] FAIL 2 · N/A 29 · PASS 112 · UNK 7 · WARN 15 (14초)  변화 발생
2026-09-16 08:46:42     ❌ 신규 결함  [8409] 1. 신호↔주문 일치성 — 신호 5건 전량 차단 (차단 5 / 통과 0)
2026-09-16 08:46:42     ✅ 해소 확인  [8409] 5. 최소주문 단위 충족 — 최소주문 미달 거부 4건
2026-09-16 08:46:42  ⚠️  알림 전송 실패: <urlopen error [Errno 61] Connection refused>
2026-09-16 09:02:24  [경량] FAIL 2 · N/A 29 · PASS 111 · UNK 7 · WARN 16 (14초)  변화 발생
2026-09-16 09:02:24     ❌ 신규 결함  [8409] 5. 최소주문 단위 충족 — 최소주문 미달 거부 4건
2026-09-16 09:02:24     ✅ 해소 확인  [8409] 1. 신호↔주문 일치성 — 신호 5건 전량 차단 (차단 5 / 통과 0)
2026-09-16 09:02:24  ⚠️  알림 전송 실패: <urlopen error [Errno 61] Connection refused>
2026-09-16 09:18:05  [경량] FAIL 2 · N/A 29 · PASS 112 · UNK 7 · WARN 15 (14초)  변화 발생
2026-09-16 09:18:05     ❌ 신규 결함  [8409] 1. 신호↔주문 일치성 — 신호 11건 전량 차단 (차단 11 / 통과 0)
2026-09-16 09:18:05     ✅ 해소 확인  [8409] 5. 최소주문 단위 충족 — 최소주문 미달 거부 4건
2026-09-16 09:18:05  ⚠️  알림 전송 실패: <urlopen error [Errno 61] Connection refused>
2026-09-16 09:29:07  [전체] FAIL 4 · N/A 19 · PASS 118 · UNK 7 · WARN 17 (48초)  변화 발생
2026-09-16 09:29:07     ❌ 신규 결함  [8402] 21. 손익·수수료 정밀도 — 값 오염 의심 — CSV -0.6062(체결8건) vs 원장 +1.7235(포지션12건) 차이 -2.3297
2026-09-16 09:29:07     ❌ 신규 결함  [8410] 21. 손익·수수료 정밀도 — 값 오염 의심 — CSV -0.7792(체결7건) vs 원장 +1.5559(포지션44건) 차이 -2.3351
2026-09-16 09:29:07  ⚠️  알림 전송 실패: <urlopen error [Errno 61] Connection refused>
2026-09-16 09:34:21  [경량] FAIL 2 · N/A 29 · PASS 112 · UNK 7 · WARN 15 (14초)  변화 발생
2026-09-16 09:34:21     ✅ 해소 확인  [8402] 21. 손익·수수료 정밀도 — 값 오염 의심 — CSV -0.6062(체결8건) vs 원장 +1.7235(포지션12건) 차이 -2.3297
2026-09-16 09:34:21     ✅ 해소 확인  [8410] 21. 손익·수수료 정밀도 — 값 오염 의심 — CSV -0.7792(체결7건) vs 원장 +1.5559(포지션44건) 차이 -2.3351
2026-09-16 09:34:21  ⚠️  알림 전송 실패: <urlopen error [Errno 61] Connection refused>
2026-09-16 10:16:14  [경량] FAIL 1 · N/A 29 · PASS 113 · UNK 6 · WARN 16 (14초)  변화 발생
2026-09-16 10:16:14     ✅ 해소 확인  [8409] 1. 신호↔주문 일치성 — 신호 11건 전량 차단 (차단 11 / 통과 0)
2026-09-16 10:16:14  ⚠️  알림 전송 실패: <urlopen error [Errno 61] Connection refused>
2026-09-16 10:32:30  [전체] FAIL 4 · N/A 19 · PASS 117 · UNK 7 · WARN 18 (47초)  변화 발생
2026-09-16 10:32:30     ❌ 신규 결함  [8402] 21. 손익·수수료 정밀도 — 값 오염 의심 — CSV -0.6062(체결8건) vs 원장 +1.7235(포지션12건) 차이 -2.3297
2026-09-16 10:32:30     ❌ 신규 결함  [8409] 1. 신호↔주문 일치성 — 신호 5건 전량 차단 (차단 5 / 통과 0)
2026-09-16 10:32:30     ❌ 신규 결함  [8410] 21. 손익·수수료 정밀도 — 값 오염 의심 — CSV -0.7792(체결7건) vs 원장 +1.5559(포지션44건) 차이 -2.3351
2026-09-16 10:32:30  ⚠️  알림 전송 실패: <urlopen error [Errno 61] Connection refused>
2026-09-16 10:37:43  [경량] FAIL 4 · N/A 29 · PASS 110 · UNK 7 · WARN 15 (14초)  변화 발생
2026-09-16 10:37:43     ❌ 신규 결함  [8407] 12. 장부↔거래소 포지션 일치 — 유령(로컬만) ['NEAR/USDT:USDT'] · 고아(거래소만) []
2026-09-16 10:37:43     ❌ 신규 결함  [8407] 20. 청산 후 상태파일 삭제 — 청산 후 잔존: ['NEAR/USDT:USDT']
2026-09-16 10:37:43     ✅ 해소 확인  [8402] 21. 손익·수수료 정밀도 — 값 오염 의심 — CSV -0.6062(체결8건) vs 원장 +1.7235(포지션12건) 차이 -2.3297
2026-09-16 10:37:43     ✅ 해소 확인  [8410] 21. 손익·수수료 정밀도 — 값 오염 의심 — CSV -0.7792(체결7건) vs 원장 +1.5559(포지션44건) 차이 -2.3351
2026-09-16 10:37:44  ⚠️  알림 전송 실패: <urlopen error [Errno 61] Connection refused>
2026-09-16 10:42:58  [경량] FAIL 2 · N/A 29 · PASS 113 · UNK 7 · WARN 14 (14초)  변화 발생
2026-09-16 10:42:58     ✅ 해소 확인  [8407] 12. 장부↔거래소 포지션 일치 — 유령(로컬만) ['NEAR/USDT:USDT'] · 고아(거래소만) []
2026-09-16 10:42:58     ✅ 해소 확인  [8407] 20. 청산 후 상태파일 삭제 — 청산 후 잔존: ['NEAR/USDT:USDT']
2026-09-16 10:42:58  ⚠️  알림 전송 실패: <urlopen error [Errno 61] Connection refused>
2026-09-16 10:58:46  [경량] FAIL 5 · N/A 35 · PASS 103 · UNK 7 · WARN 15 (20초)  변화 발생
2026-09-16 10:58:46     ❌ 신규 결함  [8407] 12. 장부↔거래소 포지션 일치 — 유령(로컬만) ['ADA/USDT:USDT', 'TRX/USDT:USDT'] · 고아(거래소만) []
2026-09-16 10:58:46     ❌ 신규 결함  [8407] 20. 청산 후 상태파일 삭제 — 청산 후 잔존: ['ADA/USDT:USDT', 'TRX/USDT:USDT']
2026-09-16 10:58:46     ❌ 신규 결함  [8409] 12. 장부↔거래소 포지션 일치 — 유령(로컬만) ['FIL/USDT:USDT', 'PAXG/USDT:USDT'] · 고아(거래소만) []
2026-09-16 10:58:46     ❌ 신규 결함  [8409] 20. 청산 후 상태파일 삭제 — 청산 후 잔존: ['FIL/USDT:USDT', 'PAXG/USDT:USDT']
2026-09-16 10:58:46     ✅ 해소 확인  [8409] 16. 최대보유시간 청산 — 보유시간 초과 방치: ['PAXG(34h)'] (한도 24h)
2026-09-16 10:58:46  ⚠️  알림 전송 실패: <urlopen error [Errno 61] Connection refused>
2026-09-16 11:09:53  [경량] FAIL 6 · N/A 32 · PASS 104 · UNK 7 · WARN 16 (48초)  변화 발생
2026-09-16 11:09:53     ❌ 신규 결함  [8407] 9. 스캐너 루프 정체 — 마지막 스캔 20분 전 (주기 300초) — 정체
2026-09-16 11:09:53     ❌ 신규 결함  [8409] 9. 스캐너 루프 정체 — 마지막 스캔 1242분 전 (주기 300초) — 정체
2026-09-16 11:09:53     ❌ 신규 결함  [8409] 16. 최대보유시간 청산 — 보유시간 초과 방치: ['PAXG(34h)'] (한도 24h)
2026-09-16 11:09:53     ✅ 해소 확인  [8409] 12. 장부↔거래소 포지션 일치 — 유령(로컬만) ['FIL/USDT:USDT', 'PAXG/USDT:USDT'] · 고아(거래소만) []
2026-09-16 11:09:53     ✅ 해소 확인  [8409] 20. 청산 후 상태파일 삭제 — 청산 후 잔존: ['FIL/USDT:USDT', 'PAXG/USDT:USDT']
2026-09-16 11:09:53  ⚠️  알림 전송 실패: <urlopen error [Errno 61] Connection refused>
2026-09-16 11:15:08  [경량] FAIL 2 · N/A 29 · PASS 111 · UNK 7 · WARN 16 (15초)  변화 발생
2026-09-16 11:15:08     ✅ 해소 확인  [8407] 9. 스캐너 루프 정체 — 마지막 스캔 20분 전 (주기 300초) — 정체
2026-09-16 11:15:08     ✅ 해소 확인  [8407] 12. 장부↔거래소 포지션 일치 — 유령(로컬만) ['ADA/USDT:USDT', 'TRX/USDT:USDT'] · 고아(거래소만) []
2026-09-16 11:15:08     ✅ 해소 확인  [8407] 20. 청산 후 상태파일 삭제 — 청산 후 잔존: ['ADA/USDT:USDT', 'TRX/USDT:USDT']
2026-09-16 11:15:08     ✅ 해소 확인  [8409] 9. 스캐너 루프 정체 — 마지막 스캔 1242분 전 (주기 300초) — 정체
2026-09-16 11:15:08  ⚠️  알림 전송 실패: <urlopen error [Errno 61] Connection refused>
2026-09-16 11:30:50  [경량] FAIL 2 · N/A 29 · PASS 112 · UNK 6 · WARN 16 (14초)  변화 발생
2026-09-16 11:30:50     ❌ 신규 결함  [8409] 5. 최소주문 단위 충족 — 최소주문 미달 거부 4건
2026-09-16 11:30:50     ✅ 해소 확인  [8409] 1. 신호↔주문 일치성 — 신호 7건 전량 차단 (차단 7 / 통과 0)
2026-09-16 11:30:50  ⚠️  알림 전송 실패: <urlopen error [Errno 61] Connection refused>
